# MagicaVoxel @ Ephtracy

# group
o 

# material
mtllib azHasarliEv.mtl
usemtl palette

# normals
vn -1 0 0
vn 1 0 0
vn 0 0 1
vn 0 0 -1
vn 0 -1 0
vn 0 1 0

# texcoords
vt 0.00585938 0.5
vt 0.0410156 0.5
vt 0.400391 0.5
vt 0.537109 0.5
vt 0.701172 0.5
vt 0.744141 0.5
vt 0.841797 0.5
vt 0.845703 0.5
vt 0.876953 0.5
vt 0.900391 0.5
vt 0.904297 0.5
vt 0.958984 0.5
vt 0.970703 0.5
vt 0.974609 0.5
vt 0.986328 0.5
vt 0.990234 0.5
vt 0.994141 0.5

# verts
v -5 0 5
v -5 0 -5
v -5 0.4 5
v -5 0.4 -5
v -4.5 0.4 -1.9
v -4.5 0.4 -2
v -4.5 0.5 -1.9
v -4.5 0.5 -2
v -4.4 0.4 -0.3
v -4.4 0.4 -0.4
v -4.4 0.4 -1.5
v -4.4 0.4 -1.6
v -4.4 0.4 -1.7
v -4.4 0.4 -1.8
v -4.4 0.5 -0.3
v -4.4 0.5 -0.4
v -4.4 0.5 -1.5
v -4.4 0.5 -1.6
v -4.4 0.5 -1.7
v -4.4 0.5 -1.8
v -4.3 0.4 -0.2
v -4.3 0.4 -0.3
v -4.3 0.4 -1.8
v -4.3 0.4 -1.9
v -4.3 0.5 -0.2
v -4.3 0.5 -0.3
v -4.3 0.5 -1.8
v -4.3 0.5 -1.9
v -4.2 0.4 -0.3
v -4.2 0.4 -0.4
v -4.2 0.4 -2.1
v -4.2 0.4 -2.2
v -4.2 0.5 -0.3
v -4.2 0.5 -2.1
v -4.2 0.5 -2.2
v -4.2 0.6 -0.3
v -4.2 0.6 -0.4
v -4 0.4 4.2
v -4 0.4 3.6
v -4 0.4 3
v -4 0.4 -4
v -4 0.7 4.2
v -4 0.7 3.6
v -4 1 3
v -4 1 -4
v -4 1.1 4.2
v -4 1.1 3.6
v -4 1.2 4.2
v -4 1.2 3.6
v -4 2.6 3
v -4 2.6 -4
v -4 2.8 3
v -4 2.8 -4
v -4 4.4 3
v -4 4.4 -4
v -4 4.6 3
v -4 4.6 -4
v -4 6.2 3
v -4 6.2 -4
v -4 6.4 3
v -4 6.4 -4
v -4 8 3
v -4 8 -4
v -4 8.2 3
v -4 8.2 -4
v -4 9.8 3
v -4 9.8 -4
v -4 10.2 3
v -4 10.2 -4
v -3.9 1 2.9
v -3.9 1 -3.9
v -3.9 1.2 4.1
v -3.9 1.2 3.7
v -3.9 1.5 4.1
v -3.9 1.5 3.7
v -3.9 2.6 2.9
v -3.9 2.6 -3.9
v -3.9 2.8 2.9
v -3.9 2.8 -3.9
v -3.9 4.4 2.9
v -3.9 4.4 -3.9
v -3.9 4.6 2.9
v -3.9 4.6 -3.9
v -3.9 4.9 -2.2
v -3.9 4.9 -2.9
v -3.9 5 -2.9
v -3.9 5 -3.1
v -3.9 5.4 -2.5
v -3.9 5.4 -2.7
v -3.9 5.5 -2.2
v -3.9 5.5 -2.3
v -3.9 5.5 -2.5
v -3.9 5.5 -2.7
v -3.9 5.7 -2.3
v -3.9 5.7 -3.1
v -3.9 6.2 2.9
v -3.9 6.2 -3.9
v -3.9 6.4 2.9
v -3.9 6.4 -3.9
v -3.9 8 2.9
v -3.9 8 -3.9
v -3.9 8.2 2.9
v -3.9 8.2 -3.9
v -3.9 8.6 0.0999999
v -3.9 8.6 -0.4
v -3.9 8.8 0.0999999
v -3.9 8.8 -0.1
v -3.9 8.9 -0.4
v -3.9 8.9 -0.7
v -3.9 9.1 0.0999999
v -3.9 9.1 -0.1
v -3.9 9.2 -0.2
v -3.9 9.2 -0.4
v -3.9 9.4 -0.2
v -3.9 9.4 -0.4
v -3.9 9.5 0.0999999
v -3.9 9.5 -0.7
v -3.9 9.8 2.9
v -3.9 9.8 -3.9
v -3.8 0.5 -2.3
v -3.8 0.5 -2.4
v -3.8 0.6 -2.3
v -3.8 0.6 -2.4
v -3.8 0.7 4
v -3.8 0.7 3.8
v -3.8 1.1 4
v -3.8 1.1 3.8
v -3.8 1.5 4
v -3.8 1.5 3.8
v -3.8 1.6 4
v -3.8 1.6 3.8
v -3.8 4.9 -2.2
v -3.8 4.9 -2.9
v -3.8 5 -2.9
v -3.8 5 -3.1
v -3.8 5.3 -2.8
v -3.8 5.3 -2.9
v -3.8 5.4 -2.5
v -3.8 5.4 -2.7
v -3.8 5.4 -2.8
v -3.8 5.4 -2.9
v -3.8 5.5 -2.2
v -3.8 5.5 -2.3
v -3.8 5.5 -2.5
v -3.8 5.5 -2.7
v -3.8 5.7 -2.3
v -3.8 5.7 -3.1
v -3.8 8.6 0.0999999
v -3.8 8.6 -0.4
v -3.8 8.8 0.0999999
v -3.8 8.8 -0.1
v -3.8 8.9 -0.4
v -3.8 8.9 -0.7
v -3.8 9.1 0.0999999
v -3.8 9.1 -0.1
v -3.8 9.2 -0.2
v -3.8 9.2 -0.4
v -3.8 9.4 -0.2
v -3.8 9.4 -0.4
v -3.8 9.5 0.0999999
v -3.8 9.5 -0.7
v -3.7 5.3 -2.8
v -3.7 5.3 -2.9
v -3.7 5.4 -2.8
v -3.7 5.4 -2.9
v -3.3 2.9 3
v -3.3 2.9 2.9
v -3.3 3 3
v -3.3 3 2.9
v -3.3 4.7 3
v -3.3 4.7 2.9
v -3.3 4.8 3
v -3.3 4.8 2.9
v -3.3 6.5 3
v -3.3 6.5 2.9
v -3.3 6.6 3
v -3.3 6.6 2.9
v -3.3 8.3 3
v -3.3 8.3 2.9
v -3.3 8.4 3
v -3.3 8.4 2.9
v -3.2 1.1 3
v -3.2 1.1 2.9
v -3.2 1.2 3
v -3.2 1.2 2.9
v -3.1 0.9 -3.8
v -3.1 0.9 -3.9
v -3.1 1 -3.8
v -3.1 1 -3.9
v -3 0.8 3.1
v -3 0.8 3
v -3 0.9 3.1
v -3 0.9 3
v -2.8 0.8 3.1
v -2.8 0.8 3
v -2.8 0.9 3.1
v -2.8 0.9 3
v -2.7 6.1 -3.7
v -2.7 6.1 -3.8
v -2.7 6.2 -3.7
v -2.7 6.2 -3.8
v -2.6 0.7 3.1
v -2.6 0.7 3
v -2.6 0.8 3.1
v -2.6 0.8 3
v -2.5 0.8 3.1
v -2.5 0.8 3
v -2.5 1 3.1
v -2.5 1 3
v -1.9 5 -3.7
v -1.9 5 -3.8
v -1.9 5.1 -3.7
v -1.9 5.1 -3.8
v -1.6 0.4 4.2
v -1.6 0.4 3.6
v -1.6 0.7 4.2
v -1.6 0.7 3.6
v -1.6 1.1 4.2
v -1.6 1.1 3.6
v -1.6 1.2 4.2
v -1.6 1.2 3.6
v -1.6 1.2 2.9
v -1.6 1.2 2.8
v -1.6 2.3 2.9
v -1.6 2.3 2.8
v -1.6 3 2.9
v -1.6 3 2.8
v -1.6 4.1 2.9
v -1.6 4.1 2.8
v -1.6 4.8 2.9
v -1.6 4.8 2.8
v -1.6 5.9 2.9
v -1.6 5.9 2.8
v -1.6 6.6 2.9
v -1.6 6.6 2.8
v -1.6 7.7 2.9
v -1.6 7.7 2.8
v -1.6 8.4 2.9
v -1.6 8.4 2.8
v -1.6 9.5 2.9
v -1.6 9.5 2.8
v -1.5 1.2 4.1
v -1.5 1.2 3.7
v -1.5 1.5 4.1
v -1.5 1.5 3.7
v -1.4 0.7 4
v -1.4 0.7 3.8
v -1.4 1.1 4
v -1.4 1.1 3.8
v -1.4 1.5 4
v -1.4 1.5 3.8
v -1.4 1.6 4
v -1.4 1.6 3.8
v -1.2 3.3 2.8
v -1.2 3.3 2.7
v -1.2 3.4 2.8
v -1.2 3.4 2.7
v -1 11.6 -0.9
v -1 11.6 -3.8
v -1 11.7 -0.9
v -1 11.7 -3.8
v -0.9 3.7 -3.7
v -0.9 3.7 -3.8
v -0.9 3.8 -3.7
v -0.9 3.8 -3.8
v -0.9 6.9 -3.7
v -0.9 6.9 -3.8
v -0.9 7 -3.7
v -0.9 7 -3.8
v -0.9 11.7 -1.9
v -0.9 11.7 -3.7
v -0.9 11.8 -1.9
v -0.9 11.8 -3.7
v -0.8 3 3.3
v -0.8 3 3.2
v -0.8 3.1 3.3
v -0.8 3.1 3.2
v -0.8 3.1 3
v -0.8 3.2 3.2
v -0.8 3.2 3
v -0.8 4.7 3.3
v -0.8 4.7 3.2
v -0.8 4.8 3.2
v -0.8 4.8 3.1
v -0.8 4.9 3.3
v -0.8 4.9 3.1
v -0.8 5 3.3
v -0.8 5 3.1
v -0.8 6.6 3.2
v -0.8 6.6 3
v -0.8 6.7 3.2
v -0.8 6.7 3
v -0.8 8.4 3.2
v -0.8 8.4 3.1
v -0.8 8.4 3
v -0.8 8.5 3.2
v -0.8 8.5 3.1
v -0.8 8.6 3.1
v -0.8 8.6 3
v -0.8 10 -2
v -0.8 10 -3.6
v -0.8 11.6 -2
v -0.8 11.6 -3.6
v -0.7 2.6 3.3
v -0.7 2.6 3
v -0.7 2.8 3.3
v -0.7 2.8 3.1
v -0.7 2.8 3
v -0.7 3 3.4
v -0.7 3 3.3
v -0.7 3 3.2
v -0.7 3 3.1
v -0.7 3 2.9
v -0.7 3.1 3.4
v -0.7 3.1 3.3
v -0.7 3.1 3.2
v -0.7 3.1 3
v -0.7 3.1 2.9
v -0.7 3.2 3.3
v -0.7 3.2 3.2
v -0.7 3.2 3.1
v -0.7 3.3 3.3
v -0.7 3.3 3.1
v -0.7 4.4 3.3
v -0.7 4.4 3
v -0.7 4.6 3.3
v -0.7 4.6 3.1
v -0.7 4.6 3
v -0.7 4.7 3.3
v -0.7 4.7 3.2
v -0.7 4.8 3.4
v -0.7 4.8 3.3
v -0.7 4.8 3.2
v -0.7 4.8 3.1
v -0.7 4.8 2.9
v -0.7 4.9 3.4
v -0.7 4.9 3.3
v -0.7 4.9 3.1
v -0.7 4.9 2.9
v -0.7 5 3.2
v -0.7 5 3.1
v -0.7 5.1 3.2
v -0.7 5.1 3.1
v -0.7 6.2 3.3
v -0.7 6.2 3
v -0.7 6.4 3.3
v -0.7 6.4 3.1
v -0.7 6.4 3
v -0.7 6.6 3.4
v -0.7 6.6 3.3
v -0.7 6.6 3.2
v -0.7 6.6 3.1
v -0.7 6.6 3
v -0.7 6.6 2.9
v -0.7 6.7 3.4
v -0.7 6.7 3.3
v -0.7 6.7 3.2
v -0.7 6.7 3
v -0.7 6.7 2.9
v -0.7 6.8 3.4
v -0.7 6.8 3.3
v -0.7 6.8 3.2
v -0.7 6.8 3
v -0.7 6.9 3.3
v -0.7 6.9 3.2
v -0.7 8 3.3
v -0.7 8 3
v -0.7 8.2 3.3
v -0.7 8.2 3.1
v -0.7 8.2 3
v -0.7 8.4 3.2
v -0.7 8.4 3.1
v -0.7 8.4 3
v -0.7 8.4 2.9
v -0.7 8.5 3.3
v -0.7 8.5 3.2
v -0.7 8.5 3.1
v -0.7 8.5 3
v -0.7 8.5 2.9
v -0.7 8.6 3.4
v -0.7 8.6 3.3
v -0.7 8.6 3.2
v -0.7 8.6 3.1
v -0.7 8.7 3.4
v -0.7 8.7 3.2
v -0.7 8.7 3.1
v -0.7 9.8 3.3
v -0.7 9.8 3
v -0.7 10 3.3
v -0.7 10 3
v -0.6 0.4 4.1
v -0.6 0.4 3
v -0.6 0.8 4.1
v -0.6 0.8 3.8
v -0.6 1 3.8
v -0.6 1 3.5
v -0.6 1 3
v -0.6 1 2.9
v -0.6 1.2 3.5
v -0.6 1.2 2.9
v -0.6 2.5 3.2
v -0.6 2.5 2.9
v -0.6 2.6 3.2
v -0.6 2.6 2.9
v -0.6 4.3 3.2
v -0.6 4.3 2.9
v -0.6 4.4 3.2
v -0.6 4.4 2.9
v -0.6 4.9 3.4
v -0.6 4.9 3.3
v -0.6 5 3.4
v -0.6 5 3.3
v -0.6 6.1 3.2
v -0.6 6.1 2.9
v -0.6 6.2 3.2
v -0.6 6.2 2.9
v -0.6 7.9 3.2
v -0.6 7.9 2.9
v -0.6 8 3.2
v -0.6 8 2.9
v -0.6 9.7 3.2
v -0.6 9.7 2.9
v -0.6 9.8 3.2
v -0.6 9.8 2.9
v -0.5 10 -1.9
v -0.5 10 -2
v -0.5 11.3 -1.9
v -0.5 11.3 -2
v -0.4 8.4 3.4
v -0.4 8.4 3.3
v -0.4 8.5 3.4
v -0.4 8.5 3.3
v -0.4 8.5 3.2
v -0.4 8.6 3.3
v -0.4 8.6 3.2
v -0.3 2.8 3.3
v -0.3 2.8 3.1
v -0.3 3 3.3
v -0.3 3 3.1
v -0.3 4.6 3.3
v -0.3 4.6 3.1
v -0.3 4.8 3.3
v -0.3 4.8 3.1
v -0.3 6.4 3.3
v -0.3 6.4 3.1
v -0.3 6.6 3.4
v -0.3 6.6 3.3
v -0.3 6.6 3.1
v -0.3 6.7 3.4
v -0.3 6.7 3.3
v -0.3 6.7 3.1
v -0.3 6.8 3.4
v -0.3 6.8 3.3
v -0.3 6.8 3.2
v -0.3 6.8 3.1
v -0.3 6.9 3.3
v -0.3 6.9 3.2
v -0.3 8.2 3.3
v -0.3 8.2 3.1
v -0.3 8.4 3.3
v -0.3 8.4 3.1
v -0.3 8.5 3.2
v -0.3 8.5 3.1
v -0.3 8.6 3.2
v -0.3 8.6 3.1
v -0.2 6.8 3.4
v -0.2 6.8 3.3
v -0.2 6.9 3.4
v -0.2 6.9 3.3
v -0.2 8.6 3.3
v -0.2 8.6 3.2
v -0.2 8.7 3.3
v -0.2 8.7 3.2
v -0.2 10.5 -1.9
v -0.2 10.5 -2
v -0.2 10.6 -1.9
v -0.2 10.6 -2
v -0.0999999 3.1 3.3
v -0.0999999 3.1 3.1
v -0.0999999 3.2 3.3
v -0.0999999 3.2 3.2
v -0.0999999 3.2 3.1
v -0.0999999 3.3 3.3
v -0.0999999 3.3 3.2
v -0.0999999 4.8 3.4
v -0.0999999 4.8 3.3
v -0.0999999 4.9 3.4
v -0.0999999 4.9 3.3
v -0.0999999 4.9 3.2
v -0.0999999 5 3.4
v -0.0999999 5 3.3
v -0.0999999 5 3.2
v -0.0999999 6.6 3.4
v -0.0999999 6.6 3.3
v -0.0999999 6.7 3.4
v -0.0999999 6.7 3.3
v -0.0999999 8.5 3.4
v -0.0999999 8.5 3.3
v -0.0999999 8.6 3.4
v -0.0999999 8.6 3.3
v 0 3 3.4
v 0 3 3.3
v 0 3.1 3.4
v 0 3.1 3.3
v 0 3.2 3.4
v 0 3.2 3.3
v 0 3.2 3.2
v 0 3.2 3.1
v 0 3.3 3.2
v 0 3.3 3.1
v 0 4.9 3.2
v 0 4.9 3.1
v 0 5 3.3
v 0 5 3.2
v 0 5 3.1
v 0 5.1 3.3
v 0 5.1 3.1
v 0 6.8 3.3
v 0 6.8 3.2
v 0 6.9 3.3
v 0 6.9 3.2
v 0 8.4 3.4
v 0 8.4 3.3
v 0 8.5 3.4
v 0 8.5 3.3
v 0.1 3.2 3.3
v 0.1 3.2 3.2
v 0.1 3.3 3.3
v 0.1 3.3 3.2
v 0.2 0.4 3
v 0.2 0.4 2.9
v 0.2 0.5 3
v 0.2 0.5 2.9
v 0.2 2.8 3.3
v 0.2 2.8 3.1
v 0.2 3 3.3
v 0.2 3 3.1
v 0.2 4.6 3.3
v 0.2 4.6 3.1
v 0.2 4.8 3.3
v 0.2 4.8 3.1
v 0.2 6.4 3.3
v 0.2 6.4 3.1
v 0.2 6.6 3.4
v 0.2 6.6 3.3
v 0.2 6.6 3.1
v 0.2 6.7 3.4
v 0.2 6.7 3.3
v 0.2 6.7 3.2
v 0.2 6.8 3.3
v 0.2 6.8 3.2
v 0.2 8.2 3.3
v 0.2 8.2 3.1
v 0.2 8.4 3.4
v 0.2 8.4 3.3
v 0.2 8.4 3.1
v 0.2 8.5 3.4
v 0.2 8.5 3.3
v 0.2 8.5 3.2
v 0.2 8.6 3.3
v 0.2 8.6 3.2
v 0.2 10.5 -1.9
v 0.2 10.5 -2
v 0.2 10.6 -1.9
v 0.2 10.6 -2
v 0.3 6.7 3.2
v 0.3 6.7 3.1
v 0.3 6.8 3.3
v 0.3 6.8 3.2
v 0.3 6.8 3.1
v 0.3 6.9 3.3
v 0.3 6.9 3.2
v 0.3 8.5 3.4
v 0.3 8.5 3.3
v 0.3 8.5 3.2
v 0.3 8.5 3.1
v 0.3 8.6 3.4
v 0.3 8.6 3.3
v 0.3 8.6 3.2
v 0.3 8.6 3.1
v 0.3 8.7 3.4
v 0.3 8.7 3.3
v 0.3 8.7 3.2
v 0.3 8.7 3.1
v 0.4 3.1 3.3
v 0.4 3.1 3.2
v 0.4 3.2 3.3
v 0.4 3.2 3.2
v 0.5 0.4 4.1
v 0.5 0.4 3.9
v 0.5 0.6 3.9
v 0.5 0.6 3.6
v 0.5 0.8 4.1
v 0.5 0.8 3.8
v 0.5 0.8 3.6
v 0.5 0.8 3.3
v 0.5 1 3.8
v 0.5 1 3.5
v 0.5 1 3.3
v 0.5 1 2.7
v 0.5 1.2 3.5
v 0.5 1.2 2.9
v 0.5 1.7 2.9
v 0.5 1.7 2.8
v 0.5 1.8 2.9
v 0.5 1.8 2.8
v 0.5 2 2.9
v 0.5 2 2.8
v 0.5 2.4 2.9
v 0.5 2.4 2.7
v 0.5 2.8 2.9
v 0.5 2.8 2.7
v 0.5 4.2 2.9
v 0.5 4.2 2.7
v 0.5 4.6 2.9
v 0.5 4.6 2.7
v 0.5 4.9 3.3
v 0.5 4.9 3.2
v 0.5 5 3.3
v 0.5 5 3.2
v 0.5 6 2.9
v 0.5 6 2.7
v 0.5 6.4 2.9
v 0.5 6.4 2.7
v 0.5 7.8 2.9
v 0.5 7.8 2.7
v 0.5 8.2 2.9
v 0.5 8.2 2.7
v 0.5 9.6 2.9
v 0.5 9.6 2.7
v 0.6 2.8 3.3
v 0.6 2.8 3.1
v 0.6 3 3.4
v 0.6 3 3.3
v 0.6 3 3.1
v 0.6 3 2.9
v 0.6 3.1 3.3
v 0.6 3.1 3.2
v 0.6 3.1 3.1
v 0.6 3.1 2.9
v 0.6 3.2 3.4
v 0.6 3.2 3.3
v 0.6 3.2 3.2
v 0.6 3.2 3.1
v 0.6 3.3 3.4
v 0.6 3.3 3.3
v 0.6 3.3 3.2
v 0.6 3.3 3.1
v 0.6 4.6 3.3
v 0.6 4.6 3.1
v 0.6 4.8 3.4
v 0.6 4.8 3.3
v 0.6 4.8 3.1
v 0.6 4.8 2.9
v 0.6 4.9 3.4
v 0.6 4.9 3.3
v 0.6 4.9 3.2
v 0.6 4.9 3.1
v 0.6 4.9 3
v 0.6 4.9 2.9
v 0.6 5 3.4
v 0.6 5 3.3
v 0.6 5 3.2
v 0.6 5 3.1
v 0.6 5 3
v 0.6 6.4 3.3
v 0.6 6.4 3.1
v 0.6 6.6 3.3
v 0.6 6.6 3.1
v 0.6 6.6 2.9
v 0.6 6.7 3.4
v 0.6 6.7 3.3
v 0.6 6.7 3.1
v 0.6 6.7 3
v 0.6 6.7 2.9
v 0.6 6.8 3.4
v 0.6 6.8 3.3
v 0.6 6.8 3
v 0.6 6.9 3.4
v 0.6 6.9 3.3
v 0.6 8.2 3.3
v 0.6 8.2 3.1
v 0.6 8.4 3.3
v 0.6 8.4 3.1
v 0.6 8.4 2.9
v 0.6 8.5 3.1
v 0.6 8.5 3
v 0.6 8.5 2.9
v 0.6 8.6 3.1
v 0.6 8.6 3
v 0.6 10 -1.9
v 0.6 10 -2
v 0.6 11.2 -1.9
v 0.6 11.2 -2
v 0.7 3.1 3.1
v 0.7 3.1 3
v 0.7 3.2 3.3
v 0.7 3.2 3.2
v 0.7 3.2 3.1
v 0.7 3.2 3
v 0.7 3.3 3.3
v 0.7 3.3 3.2
v 0.7 5 3.3
v 0.7 5 3.2
v 0.7 5 3.1
v 0.7 5.1 3.3
v 0.7 5.1 3.1
v 0.7 6.6 3.4
v 0.7 6.6 3.3
v 0.7 6.7 3.4
v 0.7 6.7 3.3
v 0.7 6.8 3.2
v 0.7 6.8 3.1
v 0.7 6.9 3.2
v 0.7 6.9 3.1
v 0.7 8.5 3.3
v 0.7 8.5 3.1
v 0.7 8.5 3
v 0.7 8.5 2.9
v 0.7 8.6 3.3
v 0.7 8.6 3.2
v 0.7 8.6 3.1
v 0.7 8.6 3
v 0.7 8.6 2.9
v 0.7 8.7 3.3
v 0.7 8.7 3.2
v 0.9 0.9 3
v 0.9 0.9 2.9
v 0.9 1 3
v 0.9 1 2.9
v 1.1 0.4 4.2
v 1.1 0.4 3.6
v 1.1 0.7 4.2
v 1.1 0.7 3.6
v 1.1 1.1 4.2
v 1.1 1.1 3.6
v 1.1 1.2 4.2
v 1.1 1.2 3.6
v 1.2 1.2 4.1
v 1.2 1.2 3.7
v 1.2 1.5 4.1
v 1.2 1.5 3.7
v 1.3 0.7 4
v 1.3 0.7 3.8
v 1.3 1.1 4
v 1.3 1.1 3.8
v 1.3 1.5 4
v 1.3 1.5 3.8
v 1.3 1.6 4
v 1.3 1.6 3.8
v 1.6 1.1 3
v 1.6 1.1 2.9
v 1.6 1.2 3
v 1.6 1.2 2.9
v 1.6 2.9 3
v 1.6 2.9 2.9
v 1.6 3 3
v 1.6 3 2.9
v 1.6 4.7 3
v 1.6 4.7 2.9
v 1.6 4.8 3
v 1.6 4.8 2.9
v 1.6 6.5 3
v 1.6 6.5 2.9
v 1.6 6.6 3
v 1.6 6.6 2.9
v 1.6 8.3 3
v 1.6 8.3 2.9
v 1.6 8.4 3
v 1.6 8.4 2.9
v 2.1 0.9 -3.9
v 2.1 0.9 -4
v 2.1 1 -3.9
v 2.1 1 -4
v 2.6 0.9 3.1
v 2.6 0.9 3
v 2.6 1 3.1
v 2.6 1 3
v 2.7 2.1 -3.7
v 2.7 2.1 -3.8
v 2.7 2.2 -3.7
v 2.7 2.2 -3.8
v 2.8 0.7 3.1
v 2.8 0.7 3
v 2.8 0.8 3.1
v 2.8 0.8 3
v 2.9 0.9 3.1
v 2.9 0.9 3
v 2.9 1 3.1
v 2.9 1 3
v 3 6.5 -3.7
v 3 6.5 -3.8
v 3 6.6 -3.7
v 3 6.6 -3.8
v 3.2 0.7 3.1
v 3.2 0.7 3
v 3.2 0.9 3.1
v 3.2 0.9 3
v 3.3 1.2 2.9
v 3.3 1.2 2.8
v 3.3 2.3 2.9
v 3.3 2.3 2.8
v 3.3 3 2.9
v 3.3 3 2.8
v 3.3 4.1 2.9
v 3.3 4.1 2.8
v 3.3 4.8 2.9
v 3.3 4.8 2.8
v 3.3 5.9 2.9
v 3.3 5.9 2.8
v 3.3 6.6 2.9
v 3.3 6.6 2.8
v 3.3 7.7 2.9
v 3.3 7.7 2.8
v 3.3 8.4 2.9
v 3.3 8.4 2.8
v 3.3 9.5 2.9
v 3.3 9.5 2.8
v 3.4 8.4 -3.7
v 3.4 8.4 -3.8
v 3.4 8.5 -3.7
v 3.4 8.5 -3.8
v 3.5 0.4 4.2
v 3.5 0.4 3.6
v 3.5 0.7 4.2
v 3.5 0.7 3.6
v 3.5 1.1 4.2
v 3.5 1.1 3.6
v 3.5 1.2 4.2
v 3.5 1.2 3.6
v 3.6 1.2 4.1
v 3.6 1.2 3.7
v 3.6 1.5 4.1
v 3.6 1.5 3.7
v 3.7 0.7 4
v 3.7 0.7 3.8
v 3.7 1.1 4
v 3.7 1.1 3.8
v 3.7 1.5 4
v 3.7 1.5 3.8
v 3.7 1.6 4
v 3.7 1.6 3.8
v 3.7 9.2 2.8
v 3.7 9.2 2.7
v 3.7 9.3 2.8
v 3.7 9.3 2.7
v 3.7 9.4 2.8
v 3.7 9.4 2.7
v 3.7 9.5 2.8
v 3.7 9.5 2.7
v 3.8 9.6 2
v 3.8 9.6 1.9
v 3.8 9.7 2
v 3.8 9.7 1.9
v 3.9 9.5 1.8
v 3.9 9.5 1.7
v 3.9 9.6 1.8
v 3.9 9.6 1.7
v 3.9 10 2.8
v 3.9 10 -3.8
v 3.9 10.2 2.8
v 3.9 10.2 -3.8
v 4.2 0.4 2.4
v 4.2 0.4 2.2
v 4.2 0.4 -2.7
v 4.2 0.4 -2.8
v 4.2 0.5 2.4
v 4.2 0.5 2.2
v 4.2 0.5 -2.7
v 4.2 0.5 -2.8
v 4.3 0.4 2.5
v 4.3 0.4 2.4
v 4.3 0.4 2.2
v 4.3 0.4 2
v 4.3 0.4 1.9
v 4.3 0.4 1.8
v 4.3 0.4 -2.8
v 4.3 0.4 -2.9
v 4.3 0.5 2.5
v 4.3 0.5 2.4
v 4.3 0.5 2.2
v 4.3 0.5 2
v 4.3 0.5 1.9
v 4.3 0.5 1.8
v 4.3 0.5 -2.8
v 4.3 0.5 -2.9
v 4.4 0.4 -3.1
v 4.4 0.4 -3.2
v 4.4 0.5 -3.1
v 4.4 0.5 -3.2
v 4.5 0.4 -2.9
v 4.5 0.4 -3
v 4.5 0.5 -2.9
v 4.5 0.5 -3
v 4.6 0.4 -2.7
v 4.6 0.4 -2.8
v 4.6 0.5 -2.7
v 4.6 0.5 -2.8
v -4.4 0.4 -1.9
v -4.4 0.4 -2
v -4.4 0.5 -1.9
v -4.4 0.5 -2
v -4.3 0.4 -0.3
v -4.3 0.4 -0.4
v -4.3 0.4 -1.5
v -4.3 0.4 -1.6
v -4.3 0.4 -1.7
v -4.3 0.4 -1.8
v -4.3 0.5 -0.3
v -4.3 0.5 -0.4
v -4.3 0.5 -1.5
v -4.3 0.5 -1.6
v -4.3 0.5 -1.7
v -4.3 0.5 -1.8
v -4.2 0.4 -0.2
v -4.2 0.4 -0.3
v -4.2 0.4 -1.8
v -4.2 0.4 -1.9
v -4.2 0.5 -0.2
v -4.2 0.5 -0.3
v -4.2 0.5 -1.8
v -4.2 0.5 -1.9
v -4.1 0.4 -0.3
v -4.1 0.4 -0.4
v -4.1 0.4 -2.1
v -4.1 0.4 -2.2
v -4.1 0.5 -2.1
v -4.1 0.5 -2.2
v -4.1 0.6 -0.3
v -4.1 0.6 -0.4
v -3.9 0.5 -2.3
v -3.9 0.5 -2.4
v -3.9 0.6 -2.3
v -3.9 0.6 -2.4
v -3.8 10 2.8
v -3.8 10 -3.8
v -3.8 10.2 2.8
v -3.8 10.2 -3.8
v -3.6 0.7 4
v -3.6 0.7 3.8
v -3.6 1.1 4
v -3.6 1.1 3.8
v -3.6 1.5 4
v -3.6 1.5 3.8
v -3.6 1.6 4
v -3.6 1.6 3.8
v -3.5 1.2 4.1
v -3.5 1.2 3.7
v -3.5 1.5 4.1
v -3.5 1.5 3.7
v -3.4 0.4 4.2
v -3.4 0.4 3.6
v -3.4 0.7 4.2
v -3.4 0.7 3.6
v -3.4 1.1 4.2
v -3.4 1.1 3.6
v -3.4 1.2 4.2
v -3.4 1.2 3.6
v -3.2 0.9 -3.8
v -3.2 0.9 -3.9
v -3.2 1 -3.8
v -3.2 1 -3.9
v -3.2 1.2 2.9
v -3.2 1.2 2.8
v -3.2 2.3 2.9
v -3.2 2.3 2.8
v -3.2 3 2.9
v -3.2 3 2.8
v -3.2 4.1 2.9
v -3.2 4.1 2.8
v -3.2 4.8 2.9
v -3.2 4.8 2.8
v -3.2 5.9 2.9
v -3.2 5.9 2.8
v -3.2 6.6 2.9
v -3.2 6.6 2.8
v -3.2 7.7 2.9
v -3.2 7.7 2.8
v -3.2 8.4 2.9
v -3.2 8.4 2.8
v -3.2 9.5 2.9
v -3.2 9.5 2.8
v -2.9 0.8 3.1
v -2.9 0.8 3
v -2.9 0.9 3.1
v -2.9 0.9 3
v -2.8 6.1 -3.7
v -2.8 6.1 -3.8
v -2.8 6.2 -3.7
v -2.8 6.2 -3.8
v -2.7 0.8 3.1
v -2.7 0.8 3
v -2.7 0.9 3.1
v -2.7 0.9 3
v -2.5 0.7 3.1
v -2.5 0.7 3
v -2.5 0.8 3.1
v -2.5 0.8 3
v -2.4 0.8 3.1
v -2.4 0.8 3
v -2.4 1 3.1
v -2.4 1 3
v -2 5 -3.7
v -2 5 -3.8
v -2 5.1 -3.7
v -2 5.1 -3.8
v -1.5 1.1 3
v -1.5 1.1 2.9
v -1.5 1.2 3
v -1.5 1.2 2.9
v -1.5 2.9 3
v -1.5 2.9 2.9
v -1.5 3 3
v -1.5 3 2.9
v -1.5 4.7 3
v -1.5 4.7 2.9
v -1.5 4.8 3
v -1.5 4.8 2.9
v -1.5 6.5 3
v -1.5 6.5 2.9
v -1.5 6.6 3
v -1.5 6.6 2.9
v -1.5 8.3 3
v -1.5 8.3 2.9
v -1.5 8.4 3
v -1.5 8.4 2.9
v -1.3 3.3 2.8
v -1.3 3.3 2.7
v -1.3 3.4 2.8
v -1.3 3.4 2.7
v -1.2 0.7 4
v -1.2 0.7 3.8
v -1.2 1.1 4
v -1.2 1.1 3.8
v -1.2 1.5 4
v -1.2 1.5 3.8
v -1.2 1.6 4
v -1.2 1.6 3.8
v -1.1 1.2 4.1
v -1.1 1.2 3.7
v -1.1 1.5 4.1
v -1.1 1.5 3.7
v -1 0.4 4.2
v -1 0.4 3.6
v -1 0.7 4.2
v -1 0.7 3.6
v -1 1.1 4.2
v -1 1.1 3.6
v -1 1.2 4.2
v -1 1.2 3.6
v -1 3.7 -3.7
v -1 3.7 -3.8
v -1 3.8 -3.7
v -1 3.8 -3.8
v -1 6.9 -3.7
v -1 6.9 -3.8
v -1 7 -3.7
v -1 7 -3.8
v -0.6 3 3.4
v -0.6 3 3.3
v -0.6 3.1 3.4
v -0.6 3.1 3.3
v -0.6 3.1 3.1
v -0.6 3.1 3
v -0.6 3.2 3.2
v -0.6 3.2 3.1
v -0.6 3.2 3
v -0.6 3.3 3.2
v -0.6 3.3 3.1
v -0.6 6.7 3.4
v -0.6 6.7 3.3
v -0.6 6.7 3.1
v -0.6 6.7 3
v -0.6 6.8 3.4
v -0.6 6.8 3.3
v -0.6 6.8 3.2
v -0.6 6.8 3.1
v -0.6 6.8 3
v -0.6 6.9 3.3
v -0.6 6.9 3.2
v -0.6 8.5 3.3
v -0.6 8.5 3.2
v -0.6 8.5 3.1
v -0.6 8.5 3
v -0.6 8.6 3.4
v -0.6 8.6 3.3
v -0.6 8.6 3.2
v -0.6 8.6 3.1
v -0.6 8.6 3
v -0.6 8.7 3.4
v -0.6 8.7 3.2
v -0.5 2.8 3.3
v -0.5 2.8 3.1
v -0.5 3 3.3
v -0.5 3 3.1
v -0.5 3 2.9
v -0.5 3.1 3.2
v -0.5 3.1 3.1
v -0.5 3.1 2.9
v -0.5 3.2 3.3
v -0.5 3.2 3.2
v -0.5 3.2 3.1
v -0.5 3.3 3.3
v -0.5 3.3 3.2
v -0.5 4.6 3.3
v -0.5 4.6 3.1
v -0.5 4.8 3.4
v -0.5 4.8 3.3
v -0.5 4.8 3.1
v -0.5 4.8 2.9
v -0.5 4.9 3.4
v -0.5 4.9 3.3
v -0.5 4.9 3.1
v -0.5 4.9 2.9
v -0.5 5 3.4
v -0.5 5 3.3
v -0.5 5 3.2
v -0.5 5.1 3.2
v -0.5 5.1 3.1
v -0.5 6.4 3.3
v -0.5 6.4 3.1
v -0.5 6.6 3.4
v -0.5 6.6 3.3
v -0.5 6.6 3.1
v -0.5 6.6 2.9
v -0.5 6.7 3.4
v -0.5 6.7 3.3
v -0.5 6.7 3.1
v -0.5 6.7 2.9
v -0.5 6.8 3.3
v -0.5 6.8 3.1
v -0.5 8.2 3.3
v -0.5 8.2 3.1
v -0.5 8.4 3.3
v -0.5 8.4 3.1
v -0.5 8.4 2.9
v -0.5 8.5 3.2
v -0.5 8.5 3.1
v -0.5 8.5 2.9
v -0.5 8.6 3.2
v -0.5 8.6 3.1
v -0.5 8.7 3.2
v -0.5 8.7 3.1
v -0.4 0.4 4.1
v -0.4 0.4 3.9
v -0.4 0.6 3.9
v -0.4 0.6 3.6
v -0.4 0.8 4.1
v -0.4 0.8 3.8
v -0.4 0.8 3.6
v -0.4 0.8 3.3
v -0.4 1 3.8
v -0.4 1 3.5
v -0.4 1 3.3
v -0.4 1 2.7
v -0.4 1.2 3.5
v -0.4 1.2 2.9
v -0.4 2.4 2.9
v -0.4 2.4 2.7
v -0.4 2.8 2.9
v -0.4 2.8 2.7
v -0.4 3.1 3.3
v -0.4 3.1 3.2
v -0.4 3.2 3.3
v -0.4 3.2 3.2
v -0.4 4.2 2.9
v -0.4 4.2 2.7
v -0.4 4.6 2.9
v -0.4 4.6 2.7
v -0.4 6 2.9
v -0.4 6 2.7
v -0.4 6.4 2.9
v -0.4 6.4 2.7
v -0.4 7.8 2.9
v -0.4 7.8 2.7
v -0.4 8.2 2.9
v -0.4 8.2 2.7
v -0.4 9.6 2.9
v -0.4 9.6 2.7
v -0.4 10 -1.9
v -0.4 10 -2
v -0.4 11.2 -1.9
v -0.4 11.2 -2
v -0.3 0.4 3
v -0.3 0.4 2.9
v -0.3 0.5 3
v -0.3 0.5 2.9
v -0.2 6.6 3.4
v -0.2 6.6 3.3
v -0.2 6.7 3.4
v -0.2 6.7 3.3
v -0.2 6.7 3.2
v -0.2 6.7 3.1
v -0.2 6.8 3.3
v -0.2 6.8 3.2
v -0.2 6.8 3.1
v -0.2 6.9 3.3
v -0.2 6.9 3.2
v -0.2 8.4 3.4
v -0.2 8.4 3.3
v -0.2 8.5 3.4
v -0.2 8.5 3.3
v -0.2 8.5 3.2
v -0.2 8.5 3.1
v -0.2 8.6 3.2
v -0.2 8.6 3.1
v -0.0999999 2.8 3.3
v -0.0999999 2.8 3.1
v -0.0999999 3 3.3
v -0.0999999 3 3.1
v -0.0999999 4.6 3.3
v -0.0999999 4.6 3.1
v -0.0999999 4.8 3.3
v -0.0999999 4.8 3.1
v -0.0999999 6.4 3.3
v -0.0999999 6.4 3.1
v -0.0999999 6.6 3.3
v -0.0999999 6.6 3.1
v -0.0999999 6.8 3.4
v -0.0999999 6.8 3.3
v -0.0999999 6.9 3.4
v -0.0999999 6.9 3.3
v -0.0999999 8.2 3.3
v -0.0999999 8.2 3.1
v -0.0999999 8.4 3.3
v -0.0999999 8.4 3.1
v 0 3.2 3.3
v 0 3.2 3.2
v 0 3.3 3.3
v 0 3.3 3.2
v 0 6.7 3.4
v 0 6.7 3.3
v 0 6.8 3.4
v 0 6.8 3.3
v 0 8.5 3.4
v 0 8.5 3.3
v 0 8.6 3.4
v 0 8.6 3.3
v 0 8.6 3.2
v 0 8.7 3.3
v 0 8.7 3.2
v 0 10.5 -1.9
v 0 10.5 -2
v 0 10.6 -1.9
v 0 10.6 -2
v 0.1 3.2 3.2
v 0.1 3.2 3.1
v 0.1 3.3 3.2
v 0.1 3.3 3.1
v 0.1 5 3.3
v 0.1 5 3.1
v 0.1 5.1 3.3
v 0.1 5.1 3.1
v 0.1 6.6 3.4
v 0.1 6.6 3.3
v 0.1 6.7 3.4
v 0.1 6.7 3.3
v 0.1 6.7 3.2
v 0.1 6.8 3.3
v 0.1 6.8 3.2
v 0.1 6.9 3.3
v 0.1 6.9 3.2
v 0.1 8.4 3.4
v 0.1 8.4 3.3
v 0.1 8.5 3.4
v 0.1 8.5 3.3
v 0.1 8.5 3.2
v 0.1 8.6 3.3
v 0.1 8.6 3.2
v 0.2 3 3.4
v 0.2 3 3.3
v 0.2 3.1 3.4
v 0.2 3.1 3.3
v 0.2 3.1 3.1
v 0.2 3.2 3.4
v 0.2 3.2 3.3
v 0.2 3.2 3.2
v 0.2 3.2 3.1
v 0.2 3.3 3.3
v 0.2 3.3 3.2
v 0.2 4.9 3.4
v 0.2 4.9 3.3
v 0.2 4.9 3.2
v 0.2 5 3.4
v 0.2 5 3.3
v 0.2 5 3.2
v 0.3 4.8 3.4
v 0.3 4.8 3.3
v 0.3 4.9 3.4
v 0.3 4.9 3.3
v 0.3 4.9 3.2
v 0.3 4.9 3.1
v 0.3 5 3.2
v 0.3 5 3.1
v 0.3 8.4 3.4
v 0.3 8.4 3.3
v 0.3 8.5 3.4
v 0.3 8.5 3.3
v 0.4 2.8 3.3
v 0.4 2.8 3.1
v 0.4 3 3.3
v 0.4 3 3.1
v 0.4 4.6 3.3
v 0.4 4.6 3.1
v 0.4 4.8 3.3
v 0.4 4.8 3.1
v 0.4 6.4 3.3
v 0.4 6.4 3.1
v 0.4 6.6 3.4
v 0.4 6.6 3.3
v 0.4 6.6 3.1
v 0.4 6.7 3.4
v 0.4 6.7 3.3
v 0.4 6.7 3.1
v 0.4 6.8 3.3
v 0.4 6.8 3.2
v 0.4 6.8 3.1
v 0.4 6.9 3.3
v 0.4 6.9 3.2
v 0.4 8.2 3.3
v 0.4 8.2 3.1
v 0.4 8.4 3.3
v 0.4 8.4 3.1
v 0.4 8.5 3.4
v 0.4 8.5 3.3
v 0.4 8.5 3.2
v 0.4 8.6 3.4
v 0.4 8.6 3.3
v 0.4 8.6 3.2
v 0.4 8.6 3.1
v 0.4 8.7 3.4
v 0.4 8.7 3.3
v 0.4 8.7 3.2
v 0.4 8.7 3.1
v 0.4 10.5 -1.9
v 0.4 10.5 -2
v 0.4 10.6 -1.9
v 0.4 10.6 -2
v 0.5 8.5 3.2
v 0.5 8.5 3.1
v 0.5 8.6 3.2
v 0.5 8.6 3.1
v 0.6 7.9 3.1
v 0.6 7.9 2.9
v 0.6 8 3.1
v 0.6 8 2.9
v 0.7 0.4 4.1
v 0.7 0.4 3
v 0.7 0.8 4.1
v 0.7 0.8 3.8
v 0.7 1 3.8
v 0.7 1 3.5
v 0.7 1 3
v 0.7 1 2.9
v 0.7 1.2 3.5
v 0.7 1.2 2.9
v 0.7 2.5 3.2
v 0.7 2.5 2.9
v 0.7 2.6 3.2
v 0.7 2.6 2.9
v 0.7 3.2 3.4
v 0.7 3.2 3.3
v 0.7 3.3 3.4
v 0.7 3.3 3.3
v 0.7 4.3 3.2
v 0.7 4.3 2.9
v 0.7 4.4 3.2
v 0.7 4.4 2.9
v 0.7 4.9 3.4
v 0.7 4.9 3.3
v 0.7 5 3.4
v 0.7 5 3.3
v 0.7 6.1 3.2
v 0.7 6.1 2.9
v 0.7 6.2 3.2
v 0.7 6.2 2.9
v 0.7 6.7 3.1
v 0.7 6.7 3
v 0.7 6.8 3.4
v 0.7 6.8 3.3
v 0.7 6.8 3.1
v 0.7 6.8 3
v 0.7 6.9 3.4
v 0.7 6.9 3.3
v 0.7 7.9 3.2
v 0.7 7.9 3.1
v 0.7 8 3.2
v 0.7 8 3.1
v 0.7 8 3
v 0.7 8.1 3.1
v 0.7 8.1 3
v 0.7 9.7 3.2
v 0.7 9.7 2.9
v 0.7 9.8 3.2
v 0.7 9.8 2.9
v 0.7 10 -1.9
v 0.7 10 -2
v 0.7 11.3 -1.9
v 0.7 11.3 -2
v 0.8 0.9 3
v 0.8 0.9 2.9
v 0.8 1 3
v 0.8 1 2.9
v 0.8 2.6 3.3
v 0.8 2.6 3
v 0.8 2.8 3.3
v 0.8 2.8 3.1
v 0.8 2.8 3
v 0.8 3 3.4
v 0.8 3 3.3
v 0.8 3 3.2
v 0.8 3 3.1
v 0.8 3 2.9
v 0.8 3.1 3.4
v 0.8 3.1 3.3
v 0.8 3.1 3.2
v 0.8 3.1 3.1
v 0.8 3.1 3
v 0.8 3.1 2.9
v 0.8 3.2 3.4
v 0.8 3.2 3.3
v 0.8 3.2 3.1
v 0.8 3.2 3
v 0.8 3.3 3.3
v 0.8 3.3 3.1
v 0.8 4.4 3.3
v 0.8 4.4 3
v 0.8 4.6 3.3
v 0.8 4.6 3.1
v 0.8 4.6 3
v 0.8 4.8 3.4
v 0.8 4.8 3.3
v 0.8 4.8 3.1
v 0.8 4.8 2.9
v 0.8 4.9 3.4
v 0.8 4.9 3.3
v 0.8 4.9 3.1
v 0.8 4.9 3
v 0.8 4.9 2.9
v 0.8 5 3.3
v 0.8 5 3.1
v 0.8 5 3
v 0.8 5.1 3.3
v 0.8 5.1 3.1
v 0.8 6.2 3.3
v 0.8 6.2 3
v 0.8 6.4 3.3
v 0.8 6.4 3.1
v 0.8 6.4 3
v 0.8 6.6 3.4
v 0.8 6.6 3.3
v 0.8 6.6 3.2
v 0.8 6.6 3.1
v 0.8 6.6 2.9
v 0.8 6.7 3.4
v 0.8 6.7 3.3
v 0.8 6.7 3.2
v 0.8 6.7 3.1
v 0.8 6.7 2.9
v 0.8 6.8 3.4
v 0.8 6.8 3.3
v 0.8 6.8 3.2
v 0.8 6.8 3.1
v 0.8 6.9 3.2
v 0.8 6.9 3.1
v 0.8 8 3.3
v 0.8 8 3.1
v 0.8 8.1 3.1
v 0.8 8.1 3
v 0.8 8.2 3.3
v 0.8 8.2 3.1
v 0.8 8.2 3
v 0.8 8.4 3.2
v 0.8 8.4 3.1
v 0.8 8.4 2.9
v 0.8 8.5 3.3
v 0.8 8.5 3.2
v 0.8 8.5 3.1
v 0.8 8.5 2.9
v 0.8 8.6 3.3
v 0.8 8.6 3.2
v 0.8 8.6 3.1
v 0.8 8.6 2.9
v 0.8 8.7 3.3
v 0.8 8.7 3.2
v 0.8 9.8 3.3
v 0.8 9.8 3
v 0.8 10 3.3
v 0.8 10 3
v 0.9 3 3.2
v 0.9 3 3.1
v 0.9 3.1 3.2
v 0.9 3.1 3.1
v 0.9 4.8 3.3
v 0.9 4.8 3.1
v 0.9 4.9 3.3
v 0.9 4.9 3.1
v 0.9 6.6 3.2
v 0.9 6.6 3.1
v 0.9 6.7 3.3
v 0.9 6.7 3.2
v 0.9 6.7 3.1
v 0.9 6.8 3.3
v 0.9 6.8 3.2
v 0.9 8.4 3.2
v 0.9 8.4 3.1
v 0.9 8.5 3.3
v 0.9 8.5 3.2
v 0.9 8.6 3.3
v 0.9 8.6 3.2
v 0.9 8.6 3.1
v 0.9 10 -2
v 0.9 10 -3.6
v 0.9 11.6 -2
v 0.9 11.6 -3.6
v 1 11.7 -1.9
v 1 11.7 -3.7
v 1 11.8 -1.9
v 1 11.8 -3.7
v 1.1 11.6 -0.9
v 1.1 11.6 -3.8
v 1.1 11.7 -0.9
v 1.1 11.7 -3.8
v 1.5 0.7 4
v 1.5 0.7 3.8
v 1.5 1.1 4
v 1.5 1.1 3.8
v 1.5 1.5 4
v 1.5 1.5 3.8
v 1.5 1.6 4
v 1.5 1.6 3.8
v 1.6 1.2 4.1
v 1.6 1.2 3.7
v 1.6 1.5 4.1
v 1.6 1.5 3.7
v 1.7 0.4 4.2
v 1.7 0.4 3.6
v 1.7 0.7 4.2
v 1.7 0.7 3.6
v 1.7 1.1 4.2
v 1.7 1.1 3.6
v 1.7 1.2 4.2
v 1.7 1.2 3.6
v 1.7 1.2 2.9
v 1.7 1.2 2.8
v 1.7 2.3 2.9
v 1.7 2.3 2.8
v 1.7 3 2.9
v 1.7 3 2.8
v 1.7 4.1 2.9
v 1.7 4.1 2.8
v 1.7 4.8 2.9
v 1.7 4.8 2.8
v 1.7 5.9 2.9
v 1.7 5.9 2.8
v 1.7 6.6 2.9
v 1.7 6.6 2.8
v 1.7 7.6 2.9
v 1.7 7.6 2.8
v 1.7 8.4 2.9
v 1.7 8.4 2.8
v 1.7 9.5 2.9
v 1.7 9.5 2.8
v 1.8 0.9 -3.9
v 1.8 0.9 -4
v 1.8 1 -3.9
v 1.8 1 -4
v 1.8 7.6 2.9
v 1.8 7.6 2.8
v 1.8 7.7 2.9
v 1.8 7.7 2.8
v 2.6 2.1 -3.7
v 2.6 2.1 -3.8
v 2.6 2.2 -3.7
v 2.6 2.2 -3.8
v 2.7 0.9 3.1
v 2.7 0.9 3
v 2.7 1 3.1
v 2.7 1 3
v 2.9 0.7 3.1
v 2.9 0.7 3
v 2.9 0.8 3.1
v 2.9 0.8 3
v 2.9 6.5 -3.7
v 2.9 6.5 -3.8
v 2.9 6.6 -3.7
v 2.9 6.6 -3.8
v 3 0.9 3.1
v 3 0.9 3
v 3 1 3.1
v 3 1 3
v 3.3 0.7 3.1
v 3.3 0.7 3
v 3.3 0.9 3.1
v 3.3 0.9 3
v 3.3 8.4 -3.7
v 3.3 8.4 -3.8
v 3.3 8.5 -3.7
v 3.3 8.5 -3.8
v 3.4 1.1 3
v 3.4 1.1 2.9
v 3.4 1.2 3
v 3.4 1.2 2.9
v 3.4 2.9 3
v 3.4 2.9 2.9
v 3.4 3 3
v 3.4 3 2.9
v 3.4 4.7 3
v 3.4 4.7 2.9
v 3.4 4.8 3
v 3.4 4.8 2.9
v 3.4 6.5 3
v 3.4 6.5 2.9
v 3.4 6.6 3
v 3.4 6.6 2.9
v 3.4 8.3 3
v 3.4 8.3 2.9
v 3.4 8.4 3
v 3.4 8.4 2.9
v 3.6 9.2 2.8
v 3.6 9.2 2.7
v 3.6 9.3 2.8
v 3.6 9.3 2.7
v 3.6 9.4 2.8
v 3.6 9.4 2.7
v 3.6 9.5 2.8
v 3.6 9.5 2.7
v 3.7 9.5 1.8
v 3.7 9.5 1.7
v 3.7 9.6 2
v 3.7 9.6 1.9
v 3.7 9.6 1.8
v 3.7 9.6 1.7
v 3.7 9.7 2
v 3.7 9.7 1.9
v 3.9 0.7 4
v 3.9 0.7 3.8
v 3.9 1.1 4
v 3.9 1.1 3.8
v 3.9 1.5 4
v 3.9 1.5 3.8
v 3.9 1.6 4
v 3.9 1.6 3.8
v 3.9 3.4 -3.1
v 3.9 3.4 -3.4
v 3.9 3.6 -3.2
v 3.9 3.6 -3.3
v 3.9 3.7 -3.2
v 3.9 3.7 -3.3
v 3.9 3.8 -3.1
v 3.9 3.8 -3.4
v 3.9 5.1 2.3
v 3.9 5.1 1.6
v 3.9 5.2 2.1
v 3.9 5.2 2
v 3.9 5.2 1.9
v 3.9 5.2 1.8
v 3.9 5.3 2.1
v 3.9 5.3 2
v 3.9 5.3 1.9
v 3.9 5.3 1.8
v 3.9 5.3 1.7
v 3.9 5.4 1.8
v 3.9 5.4 1.7
v 3.9 5.5 2.3
v 3.9 5.5 2
v 3.9 5.8 2
v 3.9 5.8 1.6
v 4 1 2.9
v 4 1 -3.9
v 4 1.2 4.1
v 4 1.2 3.7
v 4 1.5 4.1
v 4 1.5 3.7
v 4 2.6 2.9
v 4 2.6 -3.9
v 4 2.8 2.9
v 4 2.8 -3.9
v 4 3.4 -3.1
v 4 3.4 -3.4
v 4 3.6 -3.2
v 4 3.6 -3.3
v 4 3.7 -3.2
v 4 3.7 -3.3
v 4 3.8 -3.1
v 4 3.8 -3.4
v 4 4.4 2.9
v 4 4.4 -3.9
v 4 4.6 2.9
v 4 4.6 -3.9
v 4 5.1 2.3
v 4 5.1 1.6
v 4 5.2 2.1
v 4 5.2 2
v 4 5.2 1.9
v 4 5.2 1.8
v 4 5.3 2.1
v 4 5.3 2
v 4 5.3 1.9
v 4 5.3 1.8
v 4 5.3 1.7
v 4 5.4 1.8
v 4 5.4 1.7
v 4 5.5 2.3
v 4 5.5 2
v 4 5.8 2
v 4 5.8 1.6
v 4 6.2 2.9
v 4 6.2 -3.9
v 4 6.4 2.9
v 4 6.4 -3.9
v 4 8 2.9
v 4 8 -3.9
v 4 8.2 2.9
v 4 8.2 -3.9
v 4 9.8 2.9
v 4 9.8 -3.9
v 4.1 0.4 4.2
v 4.1 0.4 3.6
v 4.1 0.4 3
v 4.1 0.4 -4
v 4.1 0.7 4.2
v 4.1 0.7 3.6
v 4.1 1 3
v 4.1 1 -4
v 4.1 1.1 4.2
v 4.1 1.1 3.6
v 4.1 1.2 4.2
v 4.1 1.2 3.6
v 4.1 2.6 3
v 4.1 2.6 -4
v 4.1 2.8 3
v 4.1 2.8 -4
v 4.1 4.4 3
v 4.1 4.4 -4
v 4.1 4.6 3
v 4.1 4.6 -4
v 4.1 6.2 3
v 4.1 6.2 -4
v 4.1 6.4 3
v 4.1 6.4 -4
v 4.1 8 3
v 4.1 8 -4
v 4.1 8.2 3
v 4.1 8.2 -4
v 4.1 9.8 3
v 4.1 9.8 -4
v 4.1 10.2 3
v 4.1 10.2 -4
v 4.3 0.4 2.4
v 4.3 0.4 2.2
v 4.3 0.4 -2.7
v 4.3 0.4 -2.8
v 4.3 0.5 2.4
v 4.3 0.5 2.2
v 4.3 0.5 -2.7
v 4.3 0.5 -2.8
v 4.4 0.4 2.5
v 4.4 0.4 2.4
v 4.4 0.4 2.2
v 4.4 0.4 2
v 4.4 0.4 1.9
v 4.4 0.4 1.8
v 4.4 0.4 -2.8
v 4.4 0.4 -2.9
v 4.4 0.5 2.5
v 4.4 0.5 2.4
v 4.4 0.5 2.2
v 4.4 0.5 2
v 4.4 0.5 1.9
v 4.4 0.5 1.8
v 4.4 0.5 -2.8
v 4.4 0.5 -2.9
v 4.5 0.4 -3.1
v 4.5 0.4 -3.2
v 4.5 0.5 -3.1
v 4.5 0.5 -3.2
v 4.6 0.4 -2.9
v 4.6 0.4 -3
v 4.6 0.5 -2.9
v 4.6 0.5 -3
v 4.7 0.4 -2.7
v 4.7 0.4 -2.8
v 4.7 0.5 -2.7
v 4.7 0.5 -2.8
v 5.1 0 5
v 5.1 0 -5
v 5.1 0.4 5
v 5.1 0.4 -5
v -5 0 5
v -5 0.4 5
v 5.1 0 5
v 5.1 0.4 5
v -4 0.4 4.2
v -4 0.7 4.2
v -4 1.1 4.2
v -4 1.2 4.2
v -3.4 0.4 4.2
v -3.4 0.7 4.2
v -3.4 1.1 4.2
v -3.4 1.2 4.2
v -1.6 0.4 4.2
v -1.6 0.7 4.2
v -1.6 1.1 4.2
v -1.6 1.2 4.2
v -1 0.4 4.2
v -1 0.7 4.2
v -1 1.1 4.2
v -1 1.2 4.2
v 1.1 0.4 4.2
v 1.1 0.7 4.2
v 1.1 1.1 4.2
v 1.1 1.2 4.2
v 1.7 0.4 4.2
v 1.7 0.7 4.2
v 1.7 1.1 4.2
v 1.7 1.2 4.2
v 3.5 0.4 4.2
v 3.5 0.7 4.2
v 3.5 1.1 4.2
v 3.5 1.2 4.2
v 4.1 0.4 4.2
v 4.1 0.7 4.2
v 4.1 1.1 4.2
v 4.1 1.2 4.2
v -3.9 1.2 4.1
v -3.9 1.5 4.1
v -3.5 1.2 4.1
v -3.5 1.5 4.1
v -1.5 1.2 4.1
v -1.5 1.5 4.1
v -1.1 1.2 4.1
v -1.1 1.5 4.1
v -0.6 0.4 4.1
v -0.6 0.8 4.1
v -0.5 0.4 4.1
v -0.4 0.4 4.1
v -0.4 0.8 4.1
v 0.5 0.4 4.1
v 0.5 0.8 4.1
v 0.6 0.4 4.1
v 0.7 0.4 4.1
v 0.7 0.8 4.1
v 1.2 1.2 4.1
v 1.2 1.5 4.1
v 1.6 1.2 4.1
v 1.6 1.5 4.1
v 3.6 1.2 4.1
v 3.6 1.5 4.1
v 4 1.2 4.1
v 4 1.5 4.1
v -3.8 0.7 4
v -3.8 1.1 4
v -3.8 1.5 4
v -3.8 1.6 4
v -3.6 0.7 4
v -3.6 1.1 4
v -3.6 1.5 4
v -3.6 1.6 4
v -1.4 0.7 4
v -1.4 1.1 4
v -1.4 1.5 4
v -1.4 1.6 4
v -1.2 0.7 4
v -1.2 1.1 4
v -1.2 1.5 4
v -1.2 1.6 4
v 1.3 0.7 4
v 1.3 1.1 4
v 1.3 1.5 4
v 1.3 1.6 4
v 1.5 0.7 4
v 1.5 1.1 4
v 1.5 1.5 4
v 1.5 1.6 4
v 3.7 0.7 4
v 3.7 1.1 4
v 3.7 1.5 4
v 3.7 1.6 4
v 3.9 0.7 4
v 3.9 1.1 4
v 3.9 1.5 4
v 3.9 1.6 4
v -0.4 0.4 3.9
v -0.4 0.6 3.9
v 0.5 0.4 3.9
v 0.5 0.6 3.9
v -0.6 0.8 3.8
v -0.6 1 3.8
v -0.4 0.8 3.8
v -0.4 1 3.8
v 0.5 0.8 3.8
v 0.5 1 3.8
v 0.7 0.8 3.8
v 0.7 1 3.8
v -0.4 0.6 3.6
v -0.4 0.8 3.6
v 0.5 0.6 3.6
v 0.5 0.8 3.6
v -0.6 1 3.5
v -0.6 1.2 3.5
v -0.4 1 3.5
v -0.4 1.2 3.5
v 0.5 1 3.5
v 0.5 1.2 3.5
v 0.7 1 3.5
v 0.7 1.2 3.5
v -0.7 3 3.4
v -0.7 3.1 3.4
v -0.7 4.8 3.4
v -0.7 4.9 3.4
v -0.7 6.6 3.4
v -0.7 6.7 3.4
v -0.7 6.8 3.4
v -0.7 8.6 3.4
v -0.7 8.7 3.4
v -0.6 3 3.4
v -0.6 3.1 3.4
v -0.6 4.9 3.4
v -0.6 5 3.4
v -0.6 6.7 3.4
v -0.6 6.8 3.4
v -0.6 8.6 3.4
v -0.6 8.7 3.4
v -0.5 4.8 3.4
v -0.5 4.9 3.4
v -0.5 5 3.4
v -0.5 6.6 3.4
v -0.5 6.7 3.4
v -0.4 8.4 3.4
v -0.4 8.5 3.4
v -0.3 6.6 3.4
v -0.3 6.7 3.4
v -0.3 6.8 3.4
v -0.2 6.6 3.4
v -0.2 6.7 3.4
v -0.2 6.8 3.4
v -0.2 6.9 3.4
v -0.2 8.4 3.4
v -0.2 8.5 3.4
v -0.0999999 4.8 3.4
v -0.0999999 4.9 3.4
v -0.0999999 5 3.4
v -0.0999999 6.6 3.4
v -0.0999999 6.7 3.4
v -0.0999999 6.8 3.4
v -0.0999999 6.9 3.4
v -0.0999999 8.5 3.4
v -0.0999999 8.6 3.4
v 0 3 3.4
v 0 3.1 3.4
v 0 3.2 3.4
v 0 4.9 3.4
v 0 5 3.4
v 0 6.7 3.4
v 0 6.8 3.4
v 0 8.4 3.4
v 0 8.5 3.4
v 0 8.6 3.4
v 0.1 4.9 3.4
v 0.1 5 3.4
v 0.1 6.6 3.4
v 0.1 6.7 3.4
v 0.1 8.4 3.4
v 0.1 8.5 3.4
v 0.2 3 3.4
v 0.2 3.1 3.4
v 0.2 3.2 3.4
v 0.2 4.9 3.4
v 0.2 5 3.4
v 0.2 6.6 3.4
v 0.2 6.7 3.4
v 0.2 8.4 3.4
v 0.2 8.5 3.4
v 0.3 4.8 3.4
v 0.3 4.9 3.4
v 0.3 8.4 3.4
v 0.3 8.5 3.4
v 0.3 8.6 3.4
v 0.3 8.7 3.4
v 0.4 6.6 3.4
v 0.4 6.7 3.4
v 0.4 8.5 3.4
v 0.4 8.6 3.4
v 0.4 8.7 3.4
v 0.6 3 3.4
v 0.6 3.2 3.4
v 0.6 3.3 3.4
v 0.6 4.8 3.4
v 0.6 4.9 3.4
v 0.6 5 3.4
v 0.6 6.7 3.4
v 0.6 6.8 3.4
v 0.6 6.9 3.4
v 0.7 3.1 3.4
v 0.7 3.2 3.4
v 0.7 3.3 3.4
v 0.7 4.9 3.4
v 0.7 5 3.4
v 0.7 6.6 3.4
v 0.7 6.7 3.4
v 0.7 6.8 3.4
v 0.7 6.9 3.4
v 0.8 3 3.4
v 0.8 3.1 3.4
v 0.8 3.2 3.4
v 0.8 4.8 3.4
v 0.8 4.9 3.4
v 0.8 6.6 3.4
v 0.8 6.7 3.4
v 0.8 6.8 3.4
v -0.8 3 3.3
v -0.8 3.1 3.3
v -0.8 4.7 3.3
v -0.8 4.9 3.3
v -0.8 5 3.3
v -0.7 2.6 3.3
v -0.7 2.8 3.3
v -0.7 3 3.3
v -0.7 3.1 3.3
v -0.7 3.2 3.3
v -0.7 3.3 3.3
v -0.7 4.4 3.3
v -0.7 4.6 3.3
v -0.7 4.7 3.3
v -0.7 4.8 3.3
v -0.7 4.9 3.3
v -0.7 5 3.3
v -0.7 6.2 3.3
v -0.7 6.4 3.3
v -0.7 6.6 3.3
v -0.7 6.8 3.3
v -0.7 6.9 3.3
v -0.7 8 3.3
v -0.7 8.2 3.3
v -0.7 8.5 3.3
v -0.7 8.6 3.3
v -0.7 9.8 3.3
v -0.7 10 3.3
v -0.6 3 3.3
v -0.6 3.1 3.3
v -0.6 4.9 3.3
v -0.6 5 3.3
v -0.6 6.7 3.3
v -0.6 6.8 3.3
v -0.6 6.9 3.3
v -0.6 8.5 3.3
v -0.6 8.6 3.3
v -0.5 2.8 3.3
v -0.5 3 3.3
v -0.5 3.2 3.3
v -0.5 3.3 3.3
v -0.5 4.6 3.3
v -0.5 4.8 3.3
v -0.5 4.9 3.3
v -0.5 6.4 3.3
v -0.5 6.6 3.3
v -0.5 6.7 3.3
v -0.5 6.8 3.3
v -0.5 8.2 3.3
v -0.5 8.4 3.3
v -0.4 0.8 3.3
v -0.4 1 3.3
v -0.4 3.1 3.3
v -0.4 3.2 3.3
v -0.4 8.4 3.3
v -0.4 8.5 3.3
v -0.4 8.6 3.3
v -0.3 2.8 3.3
v -0.3 3 3.3
v -0.3 4.6 3.3
v -0.3 4.8 3.3
v -0.3 6.4 3.3
v -0.3 6.6 3.3
v -0.3 6.7 3.3
v -0.3 6.8 3.3
v -0.3 6.9 3.3
v -0.3 8.2 3.3
v -0.3 8.4 3.3
v -0.2 6.6 3.3
v -0.2 6.7 3.3
v -0.2 6.8 3.3
v -0.2 6.9 3.3
v -0.2 8.4 3.3
v -0.2 8.5 3.3
v -0.2 8.6 3.3
v -0.2 8.7 3.3
v -0.0999999 2.8 3.3
v -0.0999999 3 3.3
v -0.0999999 3.1 3.3
v -0.0999999 3.2 3.3
v -0.0999999 3.3 3.3
v -0.0999999 4.6 3.3
v -0.0999999 4.8 3.3
v -0.0999999 4.9 3.3
v -0.0999999 6.4 3.3
v -0.0999999 6.6 3.3
v -0.0999999 6.7 3.3
v -0.0999999 8.2 3.3
v -0.0999999 8.4 3.3
v -0.0999999 8.5 3.3
v -0.0999999 8.6 3.3
v 0 3 3.3
v 0 3.1 3.3
v 0 3.2 3.3
v 0 3.3 3.3
v 0 5 3.3
v 0 5.1 3.3
v 0 6.7 3.3
v 0 6.8 3.3
v 0 6.9 3.3
v 0 8.4 3.3
v 0 8.5 3.3
v 0 8.6 3.3
v 0 8.7 3.3
v 0.1 3.2 3.3
v 0.1 3.3 3.3
v 0.1 5 3.3
v 0.1 5.1 3.3
v 0.1 6.6 3.3
v 0.1 6.7 3.3
v 0.1 6.8 3.3
v 0.1 6.9 3.3
v 0.1 8.4 3.3
v 0.1 8.5 3.3
v 0.1 8.6 3.3
v 0.2 2.8 3.3
v 0.2 3 3.3
v 0.2 3.1 3.3
v 0.2 3.2 3.3
v 0.2 3.3 3.3
v 0.2 4.6 3.3
v 0.2 4.8 3.3
v 0.2 6.4 3.3
v 0.2 6.6 3.3
v 0.2 6.7 3.3
v 0.2 6.8 3.3
v 0.2 8.2 3.3
v 0.2 8.4 3.3
v 0.2 8.5 3.3
v 0.2 8.6 3.3
v 0.3 4.8 3.3
v 0.3 4.9 3.3
v 0.3 6.8 3.3
v 0.3 6.9 3.3
v 0.3 8.4 3.3
v 0.3 8.5 3.3
v 0.3 8.6 3.3
v 0.4 2.8 3.3
v 0.4 3 3.3
v 0.4 3.1 3.3
v 0.4 3.2 3.3
v 0.4 4.6 3.3
v 0.4 4.8 3.3
v 0.4 6.4 3.3
v 0.4 6.6 3.3
v 0.4 6.7 3.3
v 0.4 6.8 3.3
v 0.4 6.9 3.3
v 0.4 8.2 3.3
v 0.4 8.4 3.3
v 0.4 8.5 3.3
v 0.5 0.8 3.3
v 0.5 1 3.3
v 0.5 4.9 3.3
v 0.5 5 3.3
v 0.6 2.8 3.3
v 0.6 3 3.3
v 0.6 3.1 3.3
v 0.6 3.2 3.3
v 0.6 4.6 3.3
v 0.6 4.8 3.3
v 0.6 4.9 3.3
v 0.6 5 3.3
v 0.6 6.4 3.3
v 0.6 6.6 3.3
v 0.6 6.7 3.3
v 0.6 8.2 3.3
v 0.6 8.4 3.3
v 0.7 3.2 3.3
v 0.7 3.3 3.3
v 0.7 4.9 3.3
v 0.7 5 3.3
v 0.7 5.1 3.3
v 0.7 6.6 3.3
v 0.7 6.7 3.3
v 0.7 8.5 3.3
v 0.7 8.6 3.3
v 0.7 8.7 3.3
v 0.8 2.6 3.3
v 0.8 2.8 3.3
v 0.8 3 3.3
v 0.8 3.2 3.3
v 0.8 3.3 3.3
v 0.8 4.4 3.3
v 0.8 4.6 3.3
v 0.8 4.8 3.3
v 0.8 4.9 3.3
v 0.8 5 3.3
v 0.8 5.1 3.3
v 0.8 6.2 3.3
v 0.8 6.4 3.3
v 0.8 6.6 3.3
v 0.8 6.7 3.3
v 0.8 6.8 3.3
v 0.8 8 3.3
v 0.8 8.2 3.3
v 0.8 8.5 3.3
v 0.8 8.6 3.3
v 0.8 8.7 3.3
v 0.8 9.8 3.3
v 0.8 10 3.3
v 0.9 4.8 3.3
v 0.9 4.9 3.3
v 0.9 6.7 3.3
v 0.9 6.8 3.3
v 0.9 8.5 3.3
v 0.9 8.6 3.3
v -0.8 3.1 3.2
v -0.8 3.2 3.2
v -0.8 6.6 3.2
v -0.8 6.7 3.2
v -0.8 8.4 3.2
v -0.8 8.5 3.2
v -0.7 3.1 3.2
v -0.7 3.2 3.2
v -0.7 5 3.2
v -0.7 5.1 3.2
v -0.7 6.6 3.2
v -0.7 6.7 3.2
v -0.7 8.4 3.2
v -0.7 8.5 3.2
v -0.6 2.5 3.2
v -0.6 2.6 3.2
v -0.6 4.3 3.2
v -0.6 4.4 3.2
v -0.6 5 3.2
v -0.6 5.1 3.2
v -0.6 6.1 3.2
v -0.6 6.2 3.2
v -0.6 7.9 3.2
v -0.6 8 3.2
v -0.6 8.5 3.2
v -0.6 8.6 3.2
v -0.6 8.7 3.2
v -0.6 9.7 3.2
v -0.6 9.8 3.2
v -0.5 5 3.2
v -0.5 5.1 3.2
v -0.5 8.5 3.2
v -0.5 8.6 3.2
v -0.5 8.7 3.2
v 0 3.2 3.2
v 0 3.3 3.2
v 0.1 3.2 3.2
v 0.1 3.3 3.2
v 0.2 4.9 3.2
v 0.2 5 3.2
v 0.3 4.9 3.2
v 0.3 5 3.2
v 0.3 8.6 3.2
v 0.3 8.7 3.2
v 0.4 8.5 3.2
v 0.4 8.6 3.2
v 0.4 8.7 3.2
v 0.5 8.5 3.2
v 0.5 8.6 3.2
v 0.6 3.2 3.2
v 0.6 3.3 3.2
v 0.7 2.5 3.2
v 0.7 2.6 3.2
v 0.7 3.2 3.2
v 0.7 3.3 3.2
v 0.7 4.3 3.2
v 0.7 4.4 3.2
v 0.7 6.1 3.2
v 0.7 6.2 3.2
v 0.7 6.8 3.2
v 0.7 6.9 3.2
v 0.7 7.9 3.2
v 0.7 8 3.2
v 0.7 9.7 3.2
v 0.7 9.8 3.2
v 0.8 3 3.2
v 0.8 3.1 3.2
v 0.8 6.6 3.2
v 0.8 6.7 3.2
v 0.8 6.8 3.2
v 0.8 6.9 3.2
v 0.8 8.4 3.2
v 0.8 8.5 3.2
v 0.9 3 3.2
v 0.9 3.1 3.2
v 0.9 6.6 3.2
v 0.9 6.7 3.2
v 0.9 8.4 3.2
v 0.9 8.5 3.2
v -3 0.8 3.1
v -3 0.9 3.1
v -2.9 0.8 3.1
v -2.9 0.9 3.1
v -2.8 0.8 3.1
v -2.8 0.9 3.1
v -2.7 0.8 3.1
v -2.7 0.9 3.1
v -2.6 0.7 3.1
v -2.6 0.8 3.1
v -2.5 0.7 3.1
v -2.5 0.8 3.1
v -2.5 1 3.1
v -2.4 0.8 3.1
v -2.4 1 3.1
v -0.8 8.5 3.1
v -0.8 8.6 3.1
v -0.7 8.5 3.1
v -0.7 8.6 3.1
v 0.6 8.5 3.1
v 0.6 8.6 3.1
v 0.7 8.5 3.1
v 0.7 8.6 3.1
v 2.6 0.9 3.1
v 2.6 1 3.1
v 2.7 0.9 3.1
v 2.7 1 3.1
v 2.8 0.7 3.1
v 2.8 0.8 3.1
v 2.9 0.7 3.1
v 2.9 0.8 3.1
v 2.9 0.9 3.1
v 2.9 1 3.1
v 3 0.9 3.1
v 3 1 3.1
v 3.2 0.7 3.1
v 3.2 0.9 3.1
v 3.3 0.7 3.1
v 3.3 0.9 3.1
v -4 0.4 3
v -4 1 3
v -4 2.6 3
v -4 2.8 3
v -4 4.4 3
v -4 4.6 3
v -4 6.2 3
v -4 6.4 3
v -4 8 3
v -4 8.2 3
v -4 9.8 3
v -4 10.2 3
v -3.3 2.9 3
v -3.3 3 3
v -3.3 4.7 3
v -3.3 4.8 3
v -3.3 6.5 3
v -3.3 6.6 3
v -3.3 8.3 3
v -3.3 8.4 3
v -3.2 1.1 3
v -3.2 1.2 3
v -3 0.8 3
v -3 0.9 3
v -2.9 0.8 3
v -2.9 0.9 3
v -2.8 0.8 3
v -2.8 0.9 3
v -2.7 0.8 3
v -2.7 0.9 3
v -2.6 0.7 3
v -2.6 0.8 3
v -2.5 0.7 3
v -2.5 0.8 3
v -2.5 1 3
v -2.4 0.8 3
v -2.4 1 3
v -1.5 1.1 3
v -1.5 1.2 3
v -1.5 2.9 3
v -1.5 3 3
v -1.5 4.7 3
v -1.5 4.8 3
v -1.5 6.5 3
v -1.5 6.6 3
v -1.5 8.3 3
v -1.5 8.4 3
v -0.7 2.6 3
v -0.7 2.8 3
v -0.7 4.4 3
v -0.7 4.6 3
v -0.7 6.2 3
v -0.7 6.4 3
v -0.7 8 3
v -0.7 8.2 3
v -0.7 9.8 3
v -0.7 10 3
v -0.6 0.4 3
v -0.6 1 3
v 0.7 0.4 3
v 0.7 1 3
v 0.7 8 3
v 0.7 8.1 3
v 0.8 0.9 3
v 0.8 1 3
v 0.8 2.6 3
v 0.8 2.8 3
v 0.8 4.4 3
v 0.8 4.6 3
v 0.8 6.2 3
v 0.8 6.4 3
v 0.8 8.1 3
v 0.8 8.2 3
v 0.8 9.8 3
v 0.8 10 3
v 0.9 0.9 3
v 0.9 1 3
v 1.6 1.1 3
v 1.6 1.2 3
v 1.6 2.9 3
v 1.6 3 3
v 1.6 4.7 3
v 1.6 4.8 3
v 1.6 6.5 3
v 1.6 6.6 3
v 1.6 8.3 3
v 1.6 8.4 3
v 2.6 0.9 3
v 2.6 1 3
v 2.7 0.9 3
v 2.7 1 3
v 2.8 0.7 3
v 2.8 0.8 3
v 2.9 0.7 3
v 2.9 0.8 3
v 2.9 0.9 3
v 2.9 1 3
v 3 0.9 3
v 3 1 3
v 3.2 0.7 3
v 3.2 0.9 3
v 3.3 0.7 3
v 3.3 0.9 3
v 3.4 1.1 3
v 3.4 1.2 3
v 3.4 2.9 3
v 3.4 3 3
v 3.4 4.7 3
v 3.4 4.8 3
v 3.4 6.5 3
v 3.4 6.6 3
v 3.4 8.3 3
v 3.4 8.4 3
v 4.1 0.4 3
v 4.1 1 3
v 4.1 2.6 3
v 4.1 2.8 3
v 4.1 4.4 3
v 4.1 4.6 3
v 4.1 6.2 3
v 4.1 6.4 3
v 4.1 8 3
v 4.1 8.2 3
v 4.1 9.8 3
v 4.1 10.2 3
v -3.9 1 2.9
v -3.9 2.6 2.9
v -3.9 2.8 2.9
v -3.9 4.4 2.9
v -3.9 4.6 2.9
v -3.9 6.2 2.9
v -3.9 6.4 2.9
v -3.9 8 2.9
v -3.9 8.2 2.9
v -3.9 9.8 2.9
v -3.3 2.9 2.9
v -3.3 3 2.9
v -3.3 4.7 2.9
v -3.3 4.8 2.9
v -3.3 6.5 2.9
v -3.3 6.6 2.9
v -3.3 8.3 2.9
v -3.3 8.4 2.9
v -3.2 1.1 2.9
v -3.2 1.2 2.9
v -3.2 2.3 2.9
v -3.2 3 2.9
v -3.2 4.1 2.9
v -3.2 4.8 2.9
v -3.2 5.9 2.9
v -3.2 6.6 2.9
v -3.2 7.7 2.9
v -3.2 8.4 2.9
v -3.2 9.5 2.9
v -1.6 1.2 2.9
v -1.6 2.3 2.9
v -1.6 3 2.9
v -1.6 4.1 2.9
v -1.6 4.8 2.9
v -1.6 5.9 2.9
v -1.6 6.6 2.9
v -1.6 7.7 2.9
v -1.6 8.4 2.9
v -1.6 9.5 2.9
v -1.5 1.1 2.9
v -1.5 1.2 2.9
v -1.5 2.9 2.9
v -1.5 3 2.9
v -1.5 4.7 2.9
v -1.5 4.8 2.9
v -1.5 6.5 2.9
v -1.5 6.6 2.9
v -1.5 8.3 2.9
v -1.5 8.4 2.9
v -0.7 3 2.9
v -0.7 3.1 2.9
v -0.7 4.8 2.9
v -0.7 4.9 2.9
v -0.7 6.6 2.9
v -0.7 6.7 2.9
v -0.7 8.4 2.9
v -0.7 8.5 2.9
v -0.6 1 2.9
v -0.6 1.2 2.9
v -0.6 2.5 2.9
v -0.6 2.6 2.9
v -0.6 2.8 2.9
v -0.6 3 2.9
v -0.6 3.1 2.9
v -0.6 4.3 2.9
v -0.6 4.4 2.9
v -0.6 4.6 2.9
v -0.6 4.8 2.9
v -0.6 4.9 2.9
v -0.6 6.1 2.9
v -0.6 6.2 2.9
v -0.6 6.4 2.9
v -0.6 6.6 2.9
v -0.6 6.7 2.9
v -0.6 7.9 2.9
v -0.6 8 2.9
v -0.6 8.2 2.9
v -0.6 8.4 2.9
v -0.6 8.5 2.9
v -0.6 9.7 2.9
v -0.6 9.8 2.9
v -0.5 3 2.9
v -0.5 3.1 2.9
v -0.5 4.8 2.9
v -0.5 4.9 2.9
v -0.5 6.6 2.9
v -0.5 6.7 2.9
v -0.5 8.4 2.9
v -0.5 8.5 2.9
v -0.4 1.2 2.9
v -0.4 2.4 2.9
v -0.4 2.8 2.9
v -0.4 4.2 2.9
v -0.4 4.6 2.9
v -0.4 6 2.9
v -0.4 6.4 2.9
v -0.4 7.8 2.9
v -0.4 8.2 2.9
v -0.4 9.6 2.9
v -0.3 0.4 2.9
v -0.3 0.5 2.9
v 0.2 0.4 2.9
v 0.2 0.5 2.9
v 0.5 1.2 2.9
v 0.5 1.7 2.9
v 0.5 1.8 2.9
v 0.5 2 2.9
v 0.5 2.4 2.9
v 0.5 2.8 2.9
v 0.5 4.2 2.9
v 0.5 4.6 2.9
v 0.5 6 2.9
v 0.5 6.4 2.9
v 0.5 7.8 2.9
v 0.5 8.2 2.9
v 0.5 9.6 2.9
v 0.6 1.7 2.9
v 0.6 1.8 2.9
v 0.6 3 2.9
v 0.6 3.1 2.9
v 0.6 4.8 2.9
v 0.6 4.9 2.9
v 0.6 6.6 2.9
v 0.6 6.7 2.9
v 0.6 7.9 2.9
v 0.6 8 2.9
v 0.6 8.4 2.9
v 0.6 8.5 2.9
v 0.7 1 2.9
v 0.7 1.2 2.9
v 0.7 1.7 2.9
v 0.7 1.8 2.9
v 0.7 2 2.9
v 0.7 2.5 2.9
v 0.7 2.6 2.9
v 0.7 2.8 2.9
v 0.7 3 2.9
v 0.7 3.1 2.9
v 0.7 4.3 2.9
v 0.7 4.4 2.9
v 0.7 4.6 2.9
v 0.7 4.8 2.9
v 0.7 4.9 2.9
v 0.7 6.1 2.9
v 0.7 6.2 2.9
v 0.7 6.4 2.9
v 0.7 6.6 2.9
v 0.7 6.7 2.9
v 0.7 8 2.9
v 0.7 8.2 2.9
v 0.7 8.4 2.9
v 0.7 8.5 2.9
v 0.7 8.6 2.9
v 0.7 9.7 2.9
v 0.7 9.8 2.9
v 0.8 0.9 2.9
v 0.8 1 2.9
v 0.8 3 2.9
v 0.8 3.1 2.9
v 0.8 4.8 2.9
v 0.8 4.9 2.9
v 0.8 6.6 2.9
v 0.8 6.7 2.9
v 0.8 8.4 2.9
v 0.8 8.5 2.9
v 0.8 8.6 2.9
v 0.9 0.9 2.9
v 0.9 1 2.9
v 1.6 1.1 2.9
v 1.6 1.2 2.9
v 1.6 2.9 2.9
v 1.6 3 2.9
v 1.6 4.7 2.9
v 1.6 4.8 2.9
v 1.6 6.5 2.9
v 1.6 6.6 2.9
v 1.6 8.3 2.9
v 1.6 8.4 2.9
v 1.7 1.2 2.9
v 1.7 2.3 2.9
v 1.7 3 2.9
v 1.7 4.1 2.9
v 1.7 4.8 2.9
v 1.7 5.9 2.9
v 1.7 6.6 2.9
v 1.7 7.6 2.9
v 1.7 7.7 2.9
v 1.7 8.4 2.9
v 1.7 9.5 2.9
v 1.8 7.6 2.9
v 1.8 7.7 2.9
v 3.3 1.2 2.9
v 3.3 2.3 2.9
v 3.3 3 2.9
v 3.3 4.1 2.9
v 3.3 4.8 2.9
v 3.3 5.9 2.9
v 3.3 6.6 2.9
v 3.3 7.7 2.9
v 3.3 8.4 2.9
v 3.3 9.5 2.9
v 3.4 1.1 2.9
v 3.4 1.2 2.9
v 3.4 2.9 2.9
v 3.4 3 2.9
v 3.4 4.7 2.9
v 3.4 4.8 2.9
v 3.4 6.5 2.9
v 3.4 6.6 2.9
v 3.4 8.3 2.9
v 3.4 8.4 2.9
v 4 1 2.9
v 4 2.6 2.9
v 4 2.8 2.9
v 4 4.4 2.9
v 4 4.6 2.9
v 4 6.2 2.9
v 4 6.4 2.9
v 4 8 2.9
v 4 8.2 2.9
v 4 9.8 2.9
v -3.2 1.2 2.8
v -3.2 2.3 2.8
v -3.2 3 2.8
v -3.2 4.1 2.8
v -3.2 4.8 2.8
v -3.2 5.9 2.8
v -3.2 6.6 2.8
v -3.2 7.7 2.8
v -3.2 8.4 2.8
v -3.2 9.5 2.8
v -3.1 1.3 2.8
v -3.1 2.2 2.8
v -3.1 3.1 2.8
v -3.1 3.7 2.8
v -3.1 3.8 2.8
v -3.1 4 2.8
v -3.1 4.9 2.8
v -3.1 5.8 2.8
v -3.1 6.7 2.8
v -3.1 7.6 2.8
v -3.1 8.5 2.8
v -3.1 9.4 2.8
v -3 3.6 2.8
v -3 3.7 2.8
v -3 3.8 2.8
v -2.9 3.4 2.8
v -2.9 3.6 2.8
v -2.9 3.7 2.8
v -2.8 3.4 2.8
v -2.8 3.6 2.8
v -2.7 1.3 2.8
v -2.7 2.2 2.8
v -2.7 3.1 2.8
v -2.7 4 2.8
v -2.7 4.9 2.8
v -2.7 5.8 2.8
v -2.7 6.7 2.8
v -2.7 7.6 2.8
v -2.7 8.5 2.8
v -2.7 9.4 2.8
v -2.6 1.3 2.8
v -2.6 2.2 2.8
v -2.6 3.1 2.8
v -2.6 4 2.8
v -2.6 4.9 2.8
v -2.6 5.8 2.8
v -2.6 6.7 2.8
v -2.6 7.6 2.8
v -2.6 8.5 2.8
v -2.6 9.4 2.8
v -2.4 5.4 2.8
v -2.4 5.8 2.8
v -2.3 5.4 2.8
v -2.3 5.8 2.8
v -2.2 1.3 2.8
v -2.2 2.2 2.8
v -2.2 3.1 2.8
v -2.2 4 2.8
v -2.2 4.9 2.8
v -2.2 5.8 2.8
v -2.2 6.7 2.8
v -2.2 7.6 2.8
v -2.2 8.5 2.8
v -2.2 9.4 2.8
v -2.1 1.3 2.8
v -2.1 2.2 2.8
v -2.1 3.1 2.8
v -2.1 4 2.8
v -2.1 4.9 2.8
v -2.1 5.8 2.8
v -2.1 6.7 2.8
v -2.1 7.6 2.8
v -2.1 8.5 2.8
v -2.1 9.4 2.8
v -1.7 1.3 2.8
v -1.7 2.2 2.8
v -1.7 3.1 2.8
v -1.7 4 2.8
v -1.7 4.9 2.8
v -1.7 5.8 2.8
v -1.7 6.7 2.8
v -1.7 7.6 2.8
v -1.7 8.5 2.8
v -1.7 9.4 2.8
v -1.6 1.2 2.8
v -1.6 2.3 2.8
v -1.6 3 2.8
v -1.6 4.1 2.8
v -1.6 4.8 2.8
v -1.6 5.9 2.8
v -1.6 6.6 2.8
v -1.6 7.7 2.8
v -1.6 8.4 2.8
v -1.6 9.5 2.8
v 1.7 1.2 2.8
v 1.7 2.3 2.8
v 1.7 3 2.8
v 1.7 4.1 2.8
v 1.7 4.8 2.8
v 1.7 5.9 2.8
v 1.7 6.6 2.8
v 1.7 7.6 2.8
v 1.7 8.4 2.8
v 1.7 9.5 2.8
v 1.8 1.3 2.8
v 1.8 2.2 2.8
v 1.8 3.1 2.8
v 1.8 4 2.8
v 1.8 4.9 2.8
v 1.8 5.8 2.8
v 1.8 6.7 2.8
v 1.8 7.6 2.8
v 1.8 7.7 2.8
v 1.8 8.5 2.8
v 1.8 9.4 2.8
v 2.2 1.3 2.8
v 2.2 2.2 2.8
v 2.2 3.1 2.8
v 2.2 4 2.8
v 2.2 4.9 2.8
v 2.2 5.8 2.8
v 2.2 6.7 2.8
v 2.2 7.6 2.8
v 2.2 8.5 2.8
v 2.2 9.4 2.8
v 2.3 1.3 2.8
v 2.3 2.2 2.8
v 2.3 3.1 2.8
v 2.3 3.4 2.8
v 2.3 3.5 2.8
v 2.3 4 2.8
v 2.3 4.9 2.8
v 2.3 5.8 2.8
v 2.3 6.7 2.8
v 2.3 7.6 2.8
v 2.3 8.5 2.8
v 2.3 9.4 2.8
v 2.4 3.4 2.8
v 2.4 3.5 2.8
v 2.4 3.7 2.8
v 2.5 3.5 2.8
v 2.5 3.7 2.8
v 2.5 3.9 2.8
v 2.6 3.7 2.8
v 2.6 3.9 2.8
v 2.7 1.3 2.8
v 2.7 2.2 2.8
v 2.7 3.1 2.8
v 2.7 4 2.8
v 2.7 4.9 2.8
v 2.7 5.8 2.8
v 2.7 6.7 2.8
v 2.7 7.6 2.8
v 2.7 8.5 2.8
v 2.7 9.4 2.8
v 2.8 1.3 2.8
v 2.8 2.2 2.8
v 2.8 3.1 2.8
v 2.8 4 2.8
v 2.8 4.9 2.8
v 2.8 5.8 2.8
v 2.8 6.7 2.8
v 2.8 7.6 2.8
v 2.8 8.5 2.8
v 2.8 9.4 2.8
v 3.2 1.3 2.8
v 3.2 2.2 2.8
v 3.2 3.1 2.8
v 3.2 4 2.8
v 3.2 4.9 2.8
v 3.2 5.8 2.8
v 3.2 6.7 2.8
v 3.2 7.6 2.8
v 3.2 8.5 2.8
v 3.2 9.4 2.8
v 3.3 1.2 2.8
v 3.3 2.3 2.8
v 3.3 3 2.8
v 3.3 4.1 2.8
v 3.3 4.8 2.8
v 3.3 5.9 2.8
v 3.3 6.6 2.8
v 3.3 7.7 2.8
v 3.3 8.4 2.8
v 3.3 9.5 2.8
v -1.3 3.3 2.7
v -1.3 3.4 2.7
v -1.2 3.3 2.7
v -1.2 3.4 2.7
v -0.4 1 2.7
v -0.4 2.4 2.7
v -0.4 2.8 2.7
v -0.4 4.2 2.7
v -0.4 4.6 2.7
v -0.4 6 2.7
v -0.4 6.4 2.7
v -0.4 7.8 2.7
v -0.4 8.2 2.7
v -0.4 9.6 2.7
v -0.3 1.6 2.7
v -0.3 2.2 2.7
v -0.2 1.4 2.7
v -0.2 1.5 2.7
v -0.2 2.8 2.7
v -0.2 4 2.7
v -0.2 4.6 2.7
v -0.2 5.8 2.7
v -0.2 6.4 2.7
v -0.2 7.6 2.7
v -0.2 8.2 2.7
v -0.2 9.4 2.7
v -0.0999999 1.4 2.7
v -0.0999999 1.5 2.7
v -0.0999999 1.6 2.7
v -0.0999999 2.2 2.7
v -0.0999999 3.4 2.7
v -0.0999999 3.9 2.7
v -0.0999999 5.2 2.7
v -0.0999999 5.7 2.7
v -0.0999999 7 2.7
v -0.0999999 7.5 2.7
v -0.0999999 8.8 2.7
v -0.0999999 9.3 2.7
v 0.1 1.4 2.7
v 0.1 1.5 2.7
v 0.1 1.6 2.7
v 0.1 2.2 2.7
v 0.1 3.2 2.7
v 0.1 3.3 2.7
v 0.1 5 2.7
v 0.1 5.1 2.7
v 0.1 6.8 2.7
v 0.1 6.9 2.7
v 0.1 8.6 2.7
v 0.1 8.7 2.7
v 0.2 3.2 2.7
v 0.2 3.3 2.7
v 0.2 3.4 2.7
v 0.2 3.9 2.7
v 0.2 5 2.7
v 0.2 5.1 2.7
v 0.2 5.2 2.7
v 0.2 5.7 2.7
v 0.2 6.8 2.7
v 0.2 6.9 2.7
v 0.2 7 2.7
v 0.2 7.5 2.7
v 0.2 8.6 2.7
v 0.2 8.7 2.7
v 0.2 8.8 2.7
v 0.2 9.3 2.7
v 0.3 1.4 2.7
v 0.3 1.5 2.7
v 0.3 2.8 2.7
v 0.3 4 2.7
v 0.3 4.6 2.7
v 0.3 5.8 2.7
v 0.3 6.4 2.7
v 0.3 7.6 2.7
v 0.3 8.2 2.7
v 0.3 9.4 2.7
v 0.4 1.6 2.7
v 0.4 2.2 2.7
v 0.5 1 2.7
v 0.5 2.4 2.7
v 0.5 2.8 2.7
v 0.5 4.2 2.7
v 0.5 4.6 2.7
v 0.5 6 2.7
v 0.5 6.4 2.7
v 0.5 7.8 2.7
v 0.5 8.2 2.7
v 0.5 9.6 2.7
v 3.6 9.2 2.7
v 3.6 9.3 2.7
v 3.6 9.4 2.7
v 3.6 9.5 2.7
v 3.7 9.2 2.7
v 3.7 9.3 2.7
v 3.7 9.4 2.7
v 3.7 9.5 2.7
v 4.3 0.4 2.5
v 4.3 0.5 2.5
v 4.4 0.4 2.5
v 4.4 0.5 2.5
v 4.2 0.4 2.4
v 4.2 0.5 2.4
v 4.3 0.4 2.4
v 4.3 0.5 2.4
v 4.3 0.4 2.2
v 4.3 0.5 2.2
v 4.4 0.4 2.2
v 4.4 0.5 2.2
v 3.9 5.2 2.1
v 3.9 5.3 2.1
v 4 5.2 2.1
v 4 5.3 2.1
v 3.7 9.6 1.9
v 3.7 9.7 1.9
v 3.8 9.6 1.9
v 3.8 9.7 1.9
v 3.9 5.2 1.9
v 3.9 5.3 1.9
v 4 5.2 1.9
v 4 5.3 1.9
v 4.3 0.4 1.9
v 4.3 0.5 1.9
v 4.4 0.4 1.9
v 4.4 0.5 1.9
v 3.9 5.3 1.8
v 3.9 5.4 1.8
v 4 5.3 1.8
v 4 5.4 1.8
v 3.7 9.5 1.7
v 3.7 9.6 1.7
v 3.8 9.5 1.7
v 3.8 9.6 1.7
v 3.9 9.5 1.7
v 3.9 9.6 1.7
v 3.9 5.1 1.6
v 3.9 5.8 1.6
v 4 5.1 1.6
v 4 5.8 1.6
v -4.3 0.4 -0.2
v -4.3 0.5 -0.2
v -4.2 0.4 -0.2
v -4.2 0.5 -0.2
v -3.9 9.2 -0.2
v -3.9 9.4 -0.2
v -3.8 9.2 -0.2
v -3.8 9.4 -0.2
v -4.4 0.4 -0.3
v -4.4 0.5 -0.3
v -4.3 0.4 -0.3
v -4.3 0.5 -0.3
v -4.2 0.4 -0.3
v -4.2 0.5 -0.3
v -4.2 0.6 -0.3
v -4.1 0.4 -0.3
v -4.1 0.6 -0.3
v -3.9 8.6 -0.4
v -3.9 8.9 -0.4
v -3.8 8.6 -0.4
v -3.8 8.9 -0.4
v -3.9 8.9 -0.7
v -3.9 9.5 -0.7
v -3.8 8.9 -0.7
v -3.8 9.5 -0.7
v -1 11.6 -0.9
v -1 11.7 -0.9
v 1.1 11.6 -0.9
v 1.1 11.7 -0.9
v -4.4 0.4 -1.5
v -4.4 0.5 -1.5
v -4.3 0.4 -1.5
v -4.3 0.5 -1.5
v -4.4 0.4 -1.7
v -4.4 0.5 -1.7
v -4.3 0.4 -1.7
v -4.3 0.5 -1.7
v -4.3 0.4 -1.8
v -4.3 0.5 -1.8
v -4.2 0.4 -1.8
v -4.2 0.5 -1.8
v -4.5 0.4 -1.9
v -4.5 0.5 -1.9
v -4.4 0.4 -1.9
v -4.4 0.5 -1.9
v -0.9 11.7 -1.9
v -0.9 11.8 -1.9
v -0.5 10 -1.9
v -0.5 11.3 -1.9
v -0.4 10 -1.9
v -0.4 11.2 -1.9
v -0.2 10.5 -1.9
v -0.2 10.6 -1.9
v 0 10.5 -1.9
v 0 10.6 -1.9
v 0.2 10.5 -1.9
v 0.2 10.6 -1.9
v 0.4 10.5 -1.9
v 0.4 10.6 -1.9
v 0.6 10 -1.9
v 0.6 11.2 -1.9
v 0.7 10 -1.9
v 0.7 11.3 -1.9
v 1 11.7 -1.9
v 1 11.8 -1.9
v -0.8 10 -2
v -0.8 11.6 -2
v -0.5 10 -2
v -0.5 11.3 -2
v -0.4 10 -2
v -0.4 11.2 -2
v -0.3 10.7 -2
v -0.3 11.1 -2
v -0.2 10.5 -2
v -0.2 10.6 -2
v 0 10.5 -2
v 0 10.6 -2
v 0 10.7 -2
v 0 11.1 -2
v 0.2 10.5 -2
v 0.2 10.6 -2
v 0.2 10.7 -2
v 0.2 11.1 -2
v 0.4 10.5 -2
v 0.4 10.6 -2
v 0.5 10.7 -2
v 0.5 11.1 -2
v 0.6 10 -2
v 0.6 11.2 -2
v 0.7 10 -2
v 0.7 11.3 -2
v 0.9 10 -2
v 0.9 11.6 -2
v -4.2 0.4 -2.1
v -4.2 0.5 -2.1
v -4.1 0.4 -2.1
v -4.1 0.5 -2.1
v -3.9 0.5 -2.4
v -3.9 0.6 -2.4
v -3.8 0.5 -2.4
v -3.8 0.6 -2.4
v -3.9 5.4 -2.5
v -3.9 5.5 -2.5
v -3.8 5.4 -2.5
v -3.8 5.5 -2.5
v 4.2 0.4 -2.7
v 4.2 0.5 -2.7
v 4.3 0.4 -2.7
v 4.3 0.5 -2.7
v 4.6 0.4 -2.7
v 4.6 0.5 -2.7
v 4.7 0.4 -2.7
v 4.7 0.5 -2.7
v 4.3 0.4 -2.8
v 4.3 0.5 -2.8
v 4.4 0.4 -2.8
v 4.4 0.5 -2.8
v -3.9 4.9 -2.9
v -3.9 5 -2.9
v -3.8 4.9 -2.9
v -3.8 5 -2.9
v -3.8 5.3 -2.9
v -3.8 5.4 -2.9
v -3.7 5.3 -2.9
v -3.7 5.4 -2.9
v 4.5 0.4 -2.9
v 4.5 0.5 -2.9
v 4.6 0.4 -2.9
v 4.6 0.5 -2.9
v -3.9 5 -3.1
v -3.9 5.7 -3.1
v -3.8 5 -3.1
v -3.8 5.7 -3.1
v 4.4 0.4 -3.1
v 4.4 0.5 -3.1
v 4.5 0.4 -3.1
v 4.5 0.5 -3.1
v 3.9 3.6 -3.2
v 3.9 3.7 -3.2
v 4 3.6 -3.2
v 4 3.7 -3.2
v 3.9 3.4 -3.4
v 3.9 3.8 -3.4
v 4 3.4 -3.4
v 4 3.8 -3.4
v -3.8 10 -3.8
v -3.8 10.2 -3.8
v -2.8 6.1 -3.8
v -2.8 6.2 -3.8
v -2.7 6.1 -3.8
v -2.7 6.2 -3.8
v -2 5 -3.8
v -2 5.1 -3.8
v -1.9 5 -3.8
v -1.9 5.1 -3.8
v -1 3.7 -3.8
v -1 3.8 -3.8
v -1 6.9 -3.8
v -1 7 -3.8
v -0.9 3.7 -3.8
v -0.9 3.8 -3.8
v -0.9 6.9 -3.8
v -0.9 7 -3.8
v 2.6 2.1 -3.8
v 2.6 2.2 -3.8
v 2.7 2.1 -3.8
v 2.7 2.2 -3.8
v 2.9 6.5 -3.8
v 2.9 6.6 -3.8
v 3 6.5 -3.8
v 3 6.6 -3.8
v 3.3 8.4 -3.8
v 3.3 8.5 -3.8
v 3.4 8.4 -3.8
v 3.4 8.5 -3.8
v 3.9 10 -3.8
v 3.9 10.2 -3.8
v -3.2 0.9 -3.9
v -3.2 1 -3.9
v -3.1 0.9 -3.9
v -3.1 1 -3.9
v -3.8 0.7 3.8
v -3.8 1.1 3.8
v -3.8 1.5 3.8
v -3.8 1.6 3.8
v -3.6 0.7 3.8
v -3.6 1.1 3.8
v -3.6 1.5 3.8
v -3.6 1.6 3.8
v -1.4 0.7 3.8
v -1.4 1.1 3.8
v -1.4 1.5 3.8
v -1.4 1.6 3.8
v -1.2 0.7 3.8
v -1.2 1.1 3.8
v -1.2 1.5 3.8
v -1.2 1.6 3.8
v 1.3 0.7 3.8
v 1.3 1.1 3.8
v 1.3 1.5 3.8
v 1.3 1.6 3.8
v 1.5 0.7 3.8
v 1.5 1.1 3.8
v 1.5 1.5 3.8
v 1.5 1.6 3.8
v 3.7 0.7 3.8
v 3.7 1.1 3.8
v 3.7 1.5 3.8
v 3.7 1.6 3.8
v 3.9 0.7 3.8
v 3.9 1.1 3.8
v 3.9 1.5 3.8
v 3.9 1.6 3.8
v -3.9 1.2 3.7
v -3.9 1.5 3.7
v -3.5 1.2 3.7
v -3.5 1.5 3.7
v -1.5 1.2 3.7
v -1.5 1.5 3.7
v -1.1 1.2 3.7
v -1.1 1.5 3.7
v 1.2 1.2 3.7
v 1.2 1.5 3.7
v 1.6 1.2 3.7
v 1.6 1.5 3.7
v 3.6 1.2 3.7
v 3.6 1.5 3.7
v 4 1.2 3.7
v 4 1.5 3.7
v -4 0.4 3.6
v -4 0.7 3.6
v -4 1.1 3.6
v -4 1.2 3.6
v -3.4 0.4 3.6
v -3.4 0.7 3.6
v -3.4 1.1 3.6
v -3.4 1.2 3.6
v -1.6 0.4 3.6
v -1.6 0.7 3.6
v -1.6 1.1 3.6
v -1.6 1.2 3.6
v -1 0.4 3.6
v -1 0.7 3.6
v -1 1.1 3.6
v -1 1.2 3.6
v 1.1 0.4 3.6
v 1.1 0.7 3.6
v 1.1 1.1 3.6
v 1.1 1.2 3.6
v 1.7 0.4 3.6
v 1.7 0.7 3.6
v 1.7 1.1 3.6
v 1.7 1.2 3.6
v 3.5 0.4 3.6
v 3.5 0.7 3.6
v 3.5 1.1 3.6
v 3.5 1.2 3.6
v 4.1 0.4 3.6
v 4.1 0.7 3.6
v 4.1 1.1 3.6
v 4.1 1.2 3.6
v -0.2 6.8 3.3
v -0.2 6.9 3.3
v -0.0999999 6.8 3.3
v -0.0999999 6.9 3.3
v 0.3 8.6 3.3
v 0.3 8.7 3.3
v 0.4 8.6 3.3
v 0.4 8.7 3.3
v 0.6 3.2 3.3
v 0.6 3.3 3.3
v 0.6 6.8 3.3
v 0.6 6.9 3.3
v 0.7 3.2 3.3
v 0.7 3.3 3.3
v 0.7 6.8 3.3
v 0.7 6.9 3.3
v -0.8 3 3.2
v -0.8 3.1 3.2
v -0.8 4.7 3.2
v -0.8 4.8 3.2
v -0.7 3 3.2
v -0.7 3.1 3.2
v -0.7 4.7 3.2
v -0.7 4.8 3.2
v -0.7 6.8 3.2
v -0.7 6.9 3.2
v -0.6 3.2 3.2
v -0.6 3.3 3.2
v -0.6 6.8 3.2
v -0.6 6.9 3.2
v -0.5 3.1 3.2
v -0.5 3.2 3.2
v -0.5 3.3 3.2
v -0.4 3.1 3.2
v -0.4 3.2 3.2
v -0.4 8.5 3.2
v -0.4 8.6 3.2
v -0.3 6.8 3.2
v -0.3 6.9 3.2
v -0.3 8.5 3.2
v -0.3 8.6 3.2
v -0.2 6.7 3.2
v -0.2 6.8 3.2
v -0.2 6.9 3.2
v -0.2 8.5 3.2
v -0.2 8.6 3.2
v -0.2 8.7 3.2
v -0.0999999 3.2 3.2
v -0.0999999 3.3 3.2
v -0.0999999 4.9 3.2
v -0.0999999 5 3.2
v -0.0999999 8.5 3.2
v -0.0999999 8.6 3.2
v 0 3.2 3.2
v 0 3.3 3.2
v 0 4.9 3.2
v 0 5 3.2
v 0 6.8 3.2
v 0 6.9 3.2
v 0 8.5 3.2
v 0 8.6 3.2
v 0 8.7 3.2
v 0.1 3.2 3.2
v 0.1 3.3 3.2
v 0.1 6.7 3.2
v 0.1 6.8 3.2
v 0.1 6.9 3.2
v 0.1 8.5 3.2
v 0.1 8.6 3.2
v 0.2 3.2 3.2
v 0.2 3.3 3.2
v 0.2 6.7 3.2
v 0.2 6.8 3.2
v 0.2 8.5 3.2
v 0.2 8.6 3.2
v 0.3 6.7 3.2
v 0.3 6.8 3.2
v 0.3 6.9 3.2
v 0.3 8.5 3.2
v 0.3 8.6 3.2
v 0.4 3.1 3.2
v 0.4 3.2 3.2
v 0.4 6.8 3.2
v 0.4 6.9 3.2
v 0.5 4.9 3.2
v 0.5 5 3.2
v 0.6 3.1 3.2
v 0.6 3.2 3.2
v 0.6 4.9 3.2
v 0.6 5 3.2
v 0.7 8.6 3.2
v 0.7 8.7 3.2
v 0.8 6.7 3.2
v 0.8 6.8 3.2
v 0.8 8.6 3.2
v 0.8 8.7 3.2
v 0.9 6.7 3.2
v 0.9 6.8 3.2
v -0.8 4.8 3.1
v -0.8 4.9 3.1
v -0.8 5 3.1
v -0.7 2.8 3.1
v -0.7 3 3.1
v -0.7 3.2 3.1
v -0.7 3.3 3.1
v -0.7 4.6 3.1
v -0.7 4.8 3.1
v -0.7 4.9 3.1
v -0.7 5 3.1
v -0.7 5.1 3.1
v -0.7 6.4 3.1
v -0.7 6.6 3.1
v -0.7 8.2 3.1
v -0.7 8.4 3.1
v -0.7 8.6 3.1
v -0.7 8.7 3.1
v -0.6 3.1 3.1
v -0.6 3.2 3.1
v -0.6 3.3 3.1
v -0.6 5 3.1
v -0.6 5.1 3.1
v -0.6 6.7 3.1
v -0.6 6.8 3.1
v -0.6 8.5 3.1
v -0.6 8.6 3.1
v -0.6 8.7 3.1
v -0.5 2.8 3.1
v -0.5 3 3.1
v -0.5 3.1 3.1
v -0.5 3.2 3.1
v -0.5 4.6 3.1
v -0.5 4.8 3.1
v -0.5 4.9 3.1
v -0.5 5.1 3.1
v -0.5 6.4 3.1
v -0.5 6.6 3.1
v -0.5 6.7 3.1
v -0.5 6.8 3.1
v -0.5 8.2 3.1
v -0.5 8.4 3.1
v -0.5 8.5 3.1
v -0.5 8.6 3.1
v -0.5 8.7 3.1
v -0.3 2.8 3.1
v -0.3 3 3.1
v -0.3 4.6 3.1
v -0.3 4.8 3.1
v -0.3 6.4 3.1
v -0.3 6.6 3.1
v -0.3 6.7 3.1
v -0.3 6.8 3.1
v -0.3 8.2 3.1
v -0.3 8.4 3.1
v -0.3 8.5 3.1
v -0.3 8.6 3.1
v -0.2 6.7 3.1
v -0.2 6.8 3.1
v -0.2 8.5 3.1
v -0.2 8.6 3.1
v -0.0999999 2.8 3.1
v -0.0999999 3 3.1
v -0.0999999 3.1 3.1
v -0.0999999 3.2 3.1
v -0.0999999 4.6 3.1
v -0.0999999 4.8 3.1
v -0.0999999 6.4 3.1
v -0.0999999 6.6 3.1
v -0.0999999 8.2 3.1
v -0.0999999 8.4 3.1
v 0 3.2 3.1
v 0 3.3 3.1
v 0 4.9 3.1
v 0 5 3.1
v 0 5.1 3.1
v 0.1 3.2 3.1
v 0.1 3.3 3.1
v 0.1 5 3.1
v 0.1 5.1 3.1
v 0.2 2.8 3.1
v 0.2 3 3.1
v 0.2 3.1 3.1
v 0.2 3.2 3.1
v 0.2 4.6 3.1
v 0.2 4.8 3.1
v 0.2 6.4 3.1
v 0.2 6.6 3.1
v 0.2 8.2 3.1
v 0.2 8.4 3.1
v 0.3 4.9 3.1
v 0.3 5 3.1
v 0.3 6.7 3.1
v 0.3 6.8 3.1
v 0.3 8.5 3.1
v 0.3 8.6 3.1
v 0.3 8.7 3.1
v 0.4 2.8 3.1
v 0.4 3 3.1
v 0.4 4.6 3.1
v 0.4 4.8 3.1
v 0.4 6.4 3.1
v 0.4 6.6 3.1
v 0.4 6.7 3.1
v 0.4 6.8 3.1
v 0.4 8.2 3.1
v 0.4 8.4 3.1
v 0.4 8.6 3.1
v 0.4 8.7 3.1
v 0.5 8.5 3.1
v 0.5 8.6 3.1
v 0.6 2.8 3.1
v 0.6 3 3.1
v 0.6 3.1 3.1
v 0.6 3.2 3.1
v 0.6 3.3 3.1
v 0.6 4.6 3.1
v 0.6 4.8 3.1
v 0.6 4.9 3.1
v 0.6 6.4 3.1
v 0.6 6.6 3.1
v 0.6 6.7 3.1
v 0.6 7.9 3.1
v 0.6 8 3.1
v 0.6 8.2 3.1
v 0.6 8.4 3.1
v 0.6 8.5 3.1
v 0.7 3.1 3.1
v 0.7 3.2 3.1
v 0.7 5 3.1
v 0.7 5.1 3.1
v 0.7 6.7 3.1
v 0.7 6.8 3.1
v 0.7 6.9 3.1
v 0.7 7.9 3.1
v 0.7 8 3.1
v 0.7 8.1 3.1
v 0.8 2.8 3.1
v 0.8 3 3.1
v 0.8 3.1 3.1
v 0.8 3.2 3.1
v 0.8 3.3 3.1
v 0.8 4.6 3.1
v 0.8 4.8 3.1
v 0.8 4.9 3.1
v 0.8 5 3.1
v 0.8 5.1 3.1
v 0.8 6.4 3.1
v 0.8 6.6 3.1
v 0.8 6.7 3.1
v 0.8 6.8 3.1
v 0.8 6.9 3.1
v 0.8 8 3.1
v 0.8 8.1 3.1
v 0.8 8.2 3.1
v 0.8 8.4 3.1
v 0.8 8.5 3.1
v 0.8 8.6 3.1
v 0.9 3 3.1
v 0.9 3.1 3.1
v 0.9 4.8 3.1
v 0.9 4.9 3.1
v 0.9 6.6 3.1
v 0.9 6.7 3.1
v 0.9 8.4 3.1
v 0.9 8.6 3.1
v -0.8 3.1 3
v -0.8 3.2 3
v -0.8 6.6 3
v -0.8 6.7 3
v -0.8 8.4 3
v -0.8 8.6 3
v -0.7 3.1 3
v -0.7 6.6 3
v -0.7 6.7 3
v -0.7 6.8 3
v -0.7 8.4 3
v -0.7 8.5 3
v -0.6 3.1 3
v -0.6 3.2 3
v -0.6 6.7 3
v -0.6 6.8 3
v -0.6 8.5 3
v -0.6 8.6 3
v -0.3 0.4 3
v -0.3 0.5 3
v 0.2 0.4 3
v 0.2 0.5 3
v 0.6 4.9 3
v 0.6 5 3
v 0.6 6.7 3
v 0.6 6.8 3
v 0.6 8.5 3
v 0.6 8.6 3
v 0.7 3.1 3
v 0.7 3.2 3
v 0.7 6.7 3
v 0.7 6.8 3
v 0.7 8.5 3
v 0.7 8.6 3
v 0.8 3.1 3
v 0.8 3.2 3
v 0.8 4.9 3
v 0.8 5 3
v -3.8 10 2.8
v -3.8 10.2 2.8
v -1.3 3.3 2.8
v -1.3 3.4 2.8
v -1.2 3.3 2.8
v -1.2 3.4 2.8
v 3.6 9.2 2.8
v 3.6 9.3 2.8
v 3.6 9.4 2.8
v 3.6 9.5 2.8
v 3.7 9.2 2.8
v 3.7 9.3 2.8
v 3.7 9.4 2.8
v 3.7 9.5 2.8
v 3.9 10 2.8
v 3.9 10.2 2.8
v 4.3 0.4 2.4
v 4.3 0.5 2.4
v 4.4 0.4 2.4
v 4.4 0.5 2.4
v 3.9 5.1 2.3
v 3.9 5.5 2.3
v 4 5.1 2.3
v 4 5.5 2.3
v 4.2 0.4 2.2
v 4.2 0.5 2.2
v 4.3 0.4 2.2
v 4.3 0.5 2.2
v 3.7 9.6 2
v 3.7 9.7 2
v 3.8 9.6 2
v 3.8 9.7 2
v 3.9 5.2 2
v 3.9 5.3 2
v 3.9 5.5 2
v 3.9 5.8 2
v 4 5.2 2
v 4 5.3 2
v 4 5.5 2
v 4 5.8 2
v 4.3 0.4 2
v 4.3 0.5 2
v 4.4 0.4 2
v 4.4 0.5 2
v 3.7 9.5 1.8
v 3.7 9.6 1.8
v 3.8 9.5 1.8
v 3.8 9.6 1.8
v 3.9 5.2 1.8
v 3.9 5.3 1.8
v 3.9 9.5 1.8
v 3.9 9.6 1.8
v 4 5.2 1.8
v 4 5.3 1.8
v 4.3 0.4 1.8
v 4.3 0.5 1.8
v 4.4 0.4 1.8
v 4.4 0.5 1.8
v 3.9 5.3 1.7
v 3.9 5.4 1.7
v 4 5.3 1.7
v 4 5.4 1.7
v -3.9 8.6 0.0999999
v -3.9 8.8 0.0999999
v -3.9 9.1 0.0999999
v -3.9 9.5 0.0999999
v -3.8 8.6 0.0999999
v -3.8 8.8 0.0999999
v -3.8 9.1 0.0999999
v -3.8 9.5 0.0999999
v -3.9 8.8 -0.1
v -3.9 9.1 -0.1
v -3.8 8.8 -0.1
v -3.8 9.1 -0.1
v -4.3 0.4 -0.3
v -4.3 0.5 -0.3
v -4.2 0.4 -0.3
v -4.2 0.5 -0.3
v -4.4 0.4 -0.4
v -4.4 0.5 -0.4
v -4.3 0.4 -0.4
v -4.3 0.5 -0.4
v -4.2 0.4 -0.4
v -4.2 0.6 -0.4
v -4.1 0.4 -0.4
v -4.1 0.6 -0.4
v -3.9 9.2 -0.4
v -3.9 9.4 -0.4
v -3.8 9.2 -0.4
v -3.8 9.4 -0.4
v -4.4 0.4 -1.6
v -4.4 0.5 -1.6
v -4.3 0.4 -1.6
v -4.3 0.5 -1.6
v -4.4 0.4 -1.8
v -4.4 0.5 -1.8
v -4.3 0.4 -1.8
v -4.3 0.5 -1.8
v -4.3 0.4 -1.9
v -4.3 0.5 -1.9
v -4.2 0.4 -1.9
v -4.2 0.5 -1.9
v -4.5 0.4 -2
v -4.5 0.5 -2
v -4.4 0.4 -2
v -4.4 0.5 -2
v -4.2 0.4 -2.2
v -4.2 0.5 -2.2
v -4.1 0.4 -2.2
v -4.1 0.5 -2.2
v -3.9 4.9 -2.2
v -3.9 5.5 -2.2
v -3.8 4.9 -2.2
v -3.8 5.5 -2.2
v -3.9 0.5 -2.3
v -3.9 0.6 -2.3
v -3.9 5.5 -2.3
v -3.9 5.7 -2.3
v -3.8 0.5 -2.3
v -3.8 0.6 -2.3
v -3.8 5.5 -2.3
v -3.8 5.7 -2.3
v -3.9 5.4 -2.7
v -3.9 5.5 -2.7
v -3.8 5.4 -2.7
v -3.8 5.5 -2.7
v -3.8 5.3 -2.8
v -3.8 5.4 -2.8
v -3.7 5.3 -2.8
v -3.7 5.4 -2.8
v 4.2 0.4 -2.8
v 4.2 0.5 -2.8
v 4.3 0.4 -2.8
v 4.3 0.5 -2.8
v 4.6 0.4 -2.8
v 4.6 0.5 -2.8
v 4.7 0.4 -2.8
v 4.7 0.5 -2.8
v 4.3 0.4 -2.9
v 4.3 0.5 -2.9
v 4.4 0.4 -2.9
v 4.4 0.5 -2.9
v 4.5 0.4 -3
v 4.5 0.5 -3
v 4.6 0.4 -3
v 4.6 0.5 -3
v 3.9 3.4 -3.1
v 3.9 3.8 -3.1
v 4 3.4 -3.1
v 4 3.8 -3.1
v 4.4 0.4 -3.2
v 4.4 0.5 -3.2
v 4.5 0.4 -3.2
v 4.5 0.5 -3.2
v 3.9 3.6 -3.3
v 3.9 3.7 -3.3
v 4 3.6 -3.3
v 4 3.7 -3.3
v -0.8 10 -3.6
v -0.8 11.6 -3.6
v 0.9 10 -3.6
v 0.9 11.6 -3.6
v -2.8 6.1 -3.7
v -2.8 6.2 -3.7
v -2.7 6.1 -3.7
v -2.7 6.2 -3.7
v -2 5 -3.7
v -2 5.1 -3.7
v -1.9 5 -3.7
v -1.9 5.1 -3.7
v -1 3.7 -3.7
v -1 3.8 -3.7
v -1 6.9 -3.7
v -1 7 -3.7
v -0.9 3.7 -3.7
v -0.9 3.8 -3.7
v -0.9 6.9 -3.7
v -0.9 7 -3.7
v -0.9 11.7 -3.7
v -0.9 11.8 -3.7
v 1 11.7 -3.7
v 1 11.8 -3.7
v 2.6 2.1 -3.7
v 2.6 2.2 -3.7
v 2.7 2.1 -3.7
v 2.7 2.2 -3.7
v 2.9 6.5 -3.7
v 2.9 6.6 -3.7
v 3 6.5 -3.7
v 3 6.6 -3.7
v 3.3 8.4 -3.7
v 3.3 8.5 -3.7
v 3.4 8.4 -3.7
v 3.4 8.5 -3.7
v -3.2 0.9 -3.8
v -3.2 1 -3.8
v -3.1 0.9 -3.8
v -3.1 1 -3.8
v -1 11.6 -3.8
v -1 11.7 -3.8
v 1.1 11.6 -3.8
v 1.1 11.7 -3.8
v -3.9 1 -3.9
v -3.9 2.6 -3.9
v -3.9 2.8 -3.9
v -3.9 4.4 -3.9
v -3.9 4.6 -3.9
v -3.9 6.2 -3.9
v -3.9 6.4 -3.9
v -3.9 8 -3.9
v -3.9 8.2 -3.9
v -3.9 9.8 -3.9
v 1.8 0.9 -3.9
v 1.8 1 -3.9
v 2.1 0.9 -3.9
v 2.1 1 -3.9
v 4 1 -3.9
v 4 2.6 -3.9
v 4 2.8 -3.9
v 4 4.4 -3.9
v 4 4.6 -3.9
v 4 6.2 -3.9
v 4 6.4 -3.9
v 4 8 -3.9
v 4 8.2 -3.9
v 4 9.8 -3.9
v -4 0.4 -4
v -4 1 -4
v -4 2.6 -4
v -4 2.8 -4
v -4 4.4 -4
v -4 4.6 -4
v -4 6.2 -4
v -4 6.4 -4
v -4 8 -4
v -4 8.2 -4
v -4 9.8 -4
v -4 10.2 -4
v 1.8 0.9 -4
v 1.8 1 -4
v 2.1 0.9 -4
v 2.1 1 -4
v 4.1 0.4 -4
v 4.1 1 -4
v 4.1 2.6 -4
v 4.1 2.8 -4
v 4.1 4.4 -4
v 4.1 4.6 -4
v 4.1 6.2 -4
v 4.1 6.4 -4
v 4.1 8 -4
v 4.1 8.2 -4
v 4.1 9.8 -4
v 4.1 10.2 -4
v -5 0 -5
v -5 0.4 -5
v 5.1 0 -5
v 5.1 0.4 -5
v -5 0 5
v 5.1 0 5
v -4.9 0 4.9
v 4.9 0 4.9
v -4.9 0 -4.6
v 4.6 0 -4.6
v 4.6 0 -4.9
v 4.9 0 -4.9
v -5 0 -5
v 5.1 0 -5
v -0.3 0.5 3
v 0.2 0.5 3
v -0.3 0.5 2.9
v 0.2 0.5 2.9
v -3.9 0.6 -2.3
v -3.8 0.6 -2.3
v -3.9 0.6 -2.4
v -3.8 0.6 -2.4
v -2.6 0.7 3.1
v -2.5 0.7 3.1
v 2.8 0.7 3.1
v 2.9 0.7 3.1
v 3.2 0.7 3.1
v 3.3 0.7 3.1
v -2.6 0.7 3
v -2.5 0.7 3
v 2.8 0.7 3
v 2.9 0.7 3
v 3.2 0.7 3
v 3.3 0.7 3
v -3 0.8 3.1
v -2.9 0.8 3.1
v -2.8 0.8 3.1
v -2.7 0.8 3.1
v -2.5 0.8 3.1
v -2.4 0.8 3.1
v -3 0.8 3
v -2.9 0.8 3
v -2.8 0.8 3
v -2.7 0.8 3
v -2.5 0.8 3
v -2.4 0.8 3
v 2.6 0.9 3.1
v 2.7 0.9 3.1
v 2.9 0.9 3.1
v 3 0.9 3.1
v 2.6 0.9 3
v 2.7 0.9 3
v 2.9 0.9 3
v 3 0.9 3
v -3.2 1 -3.8
v -3.1 1 -3.8
v -3.2 1 -3.9
v -3.1 1 -3.9
v -4 1.1 4.2
v -3.4 1.1 4.2
v -1.6 1.1 4.2
v -1 1.1 4.2
v 1.1 1.1 4.2
v 1.7 1.1 4.2
v 3.5 1.1 4.2
v 4.1 1.1 4.2
v -3.8 1.1 4
v -3.6 1.1 4
v -1.4 1.1 4
v -1.2 1.1 4
v 1.3 1.1 4
v 1.5 1.1 4
v 3.7 1.1 4
v 3.9 1.1 4
v -3.8 1.1 3.8
v -3.6 1.1 3.8
v -1.4 1.1 3.8
v -1.2 1.1 3.8
v 1.3 1.1 3.8
v 1.5 1.1 3.8
v 3.7 1.1 3.8
v 3.9 1.1 3.8
v -4 1.1 3.6
v -3.4 1.1 3.6
v -1.6 1.1 3.6
v -1 1.1 3.6
v 1.1 1.1 3.6
v 1.7 1.1 3.6
v 3.5 1.1 3.6
v 4.1 1.1 3.6
v -3.2 1.1 3
v -1.5 1.1 3
v 1.6 1.1 3
v 3.4 1.1 3
v -3.2 1.1 2.9
v -1.5 1.1 2.9
v 1.6 1.1 2.9
v 3.4 1.1 2.9
v 2.6 2.2 -3.7
v 2.7 2.2 -3.7
v 2.6 2.2 -3.8
v 2.7 2.2 -3.8
v -3.2 2.3 2.9
v -1.6 2.3 2.9
v 1.7 2.3 2.9
v 3.3 2.3 2.9
v -3.2 2.3 2.8
v -1.6 2.3 2.8
v 1.7 2.3 2.8
v 3.3 2.3 2.8
v -0.4 2.4 2.9
v 0.5 2.4 2.9
v -0.4 2.4 2.7
v 0.5 2.4 2.7
v -0.6 2.5 3.2
v 0.7 2.5 3.2
v -0.6 2.5 2.9
v 0.7 2.5 2.9
v -0.7 2.6 3.3
v 0.8 2.6 3.3
v -0.6 2.6 3.2
v 0.7 2.6 3.2
v -4 2.6 3
v -0.7 2.6 3
v 0.8 2.6 3
v 4.1 2.6 3
v -3.9 2.6 2.9
v -0.6 2.6 2.9
v 0.7 2.6 2.9
v 4 2.6 2.9
v -3.9 2.6 -3.9
v 4 2.6 -3.9
v -4 2.6 -4
v 4.1 2.6 -4
v -3.3 2.9 3
v -1.5 2.9 3
v 1.6 2.9 3
v 3.4 2.9 3
v -3.3 2.9 2.9
v -1.5 2.9 2.9
v 1.6 2.9 2.9
v 3.4 2.9 2.9
v -0.7 3 3.4
v -0.6 3 3.4
v 0 3 3.4
v 0.2 3 3.4
v 0.6 3 3.4
v 0.8 3 3.4
v -0.8 3 3.3
v -0.7 3 3.3
v -0.6 3 3.3
v -0.5 3 3.3
v -0.3 3 3.3
v -0.0999999 3 3.3
v 0 3 3.3
v 0.2 3 3.3
v 0.4 3 3.3
v 0.6 3 3.3
v 0.8 3 3.3
v -0.8 3 3.2
v -0.7 3 3.2
v 0.8 3 3.2
v 0.9 3 3.2
v -0.7 3 3.1
v -0.5 3 3.1
v -0.3 3 3.1
v -0.0999999 3 3.1
v 0.2 3 3.1
v 0.4 3 3.1
v 0.6 3 3.1
v 0.8 3 3.1
v 0.9 3 3.1
v -0.7 3 2.9
v -0.6 3 2.9
v -0.5 3 2.9
v 0.6 3 2.9
v 0.7 3 2.9
v 0.8 3 2.9
v -0.8 3.1 3.2
v -0.7 3.1 3.2
v -0.8 3.1 3
v -0.7 3.1 3
v -1.3 3.4 2.8
v -1.2 3.4 2.8
v -1.3 3.4 2.7
v -1.2 3.4 2.7
v 3.9 3.6 -3.2
v 4 3.6 -3.2
v 3.9 3.6 -3.3
v 4 3.6 -3.3
v 3.9 3.8 -3.1
v 4 3.8 -3.1
v 3.9 3.8 -3.4
v 4 3.8 -3.4
v -1 3.8 -3.7
v -0.9 3.8 -3.7
v -1 3.8 -3.8
v -0.9 3.8 -3.8
v -3.2 4.1 2.9
v -1.6 4.1 2.9
v 1.7 4.1 2.9
v 3.3 4.1 2.9
v -3.2 4.1 2.8
v -1.6 4.1 2.8
v 1.7 4.1 2.8
v 3.3 4.1 2.8
v -0.4 4.2 2.9
v 0.5 4.2 2.9
v -0.4 4.2 2.7
v 0.5 4.2 2.7
v -0.6 4.3 3.2
v 0.7 4.3 3.2
v -0.6 4.3 2.9
v 0.7 4.3 2.9
v -0.7 4.4 3.3
v 0.8 4.4 3.3
v -0.6 4.4 3.2
v 0.7 4.4 3.2
v -4 4.4 3
v -0.7 4.4 3
v 0.8 4.4 3
v 4.1 4.4 3
v -3.9 4.4 2.9
v -0.6 4.4 2.9
v 0.7 4.4 2.9
v 4 4.4 2.9
v -3.9 4.4 -3.9
v 4 4.4 -3.9
v -4 4.4 -4
v 4.1 4.4 -4
v -0.8 4.7 3.3
v -0.7 4.7 3.3
v -0.8 4.7 3.2
v -0.7 4.7 3.2
v -3.3 4.7 3
v -1.5 4.7 3
v 1.6 4.7 3
v 3.4 4.7 3
v -3.3 4.7 2.9
v -1.5 4.7 2.9
v 1.6 4.7 2.9
v 3.4 4.7 2.9
v -0.7 4.8 3.4
v -0.5 4.8 3.4
v -0.0999999 4.8 3.4
v 0.3 4.8 3.4
v 0.6 4.8 3.4
v 0.8 4.8 3.4
v -0.7 4.8 3.3
v -0.5 4.8 3.3
v -0.3 4.8 3.3
v -0.0999999 4.8 3.3
v 0.2 4.8 3.3
v 0.3 4.8 3.3
v 0.4 4.8 3.3
v 0.6 4.8 3.3
v 0.8 4.8 3.3
v 0.9 4.8 3.3
v -0.8 4.8 3.2
v -0.7 4.8 3.2
v -0.8 4.8 3.1
v -0.7 4.8 3.1
v -0.5 4.8 3.1
v -0.3 4.8 3.1
v -0.0999999 4.8 3.1
v 0.2 4.8 3.1
v 0.4 4.8 3.1
v 0.6 4.8 3.1
v 0.8 4.8 3.1
v 0.9 4.8 3.1
v -0.7 4.8 2.9
v -0.6 4.8 2.9
v -0.5 4.8 2.9
v 0.6 4.8 2.9
v 0.7 4.8 2.9
v 0.8 4.8 2.9
v -2 5.1 -3.7
v -1.9 5.1 -3.7
v -2 5.1 -3.8
v -1.9 5.1 -3.8
v 3.9 5.2 2.1
v 4 5.2 2.1
v 3.9 5.2 2
v 4 5.2 2
v 3.9 5.2 1.9
v 4 5.2 1.9
v 3.9 5.2 1.8
v 4 5.2 1.8
v 3.9 5.3 1.8
v 4 5.3 1.8
v 3.9 5.3 1.7
v 4 5.3 1.7
v -3.9 5.4 -2.5
v -3.8 5.4 -2.5
v -3.9 5.4 -2.7
v -3.8 5.4 -2.7
v -3.8 5.4 -2.8
v -3.7 5.4 -2.8
v -3.8 5.4 -2.9
v -3.7 5.4 -2.9
v 3.9 5.5 2.3
v 4 5.5 2.3
v 3.9 5.5 2
v 4 5.5 2
v -3.9 5.5 -2.2
v -3.8 5.5 -2.2
v -3.9 5.5 -2.3
v -3.8 5.5 -2.3
v -3.9 5.7 -2.3
v -3.8 5.7 -2.3
v -3.9 5.7 -3.1
v -3.8 5.7 -3.1
v 3.9 5.8 2
v 4 5.8 2
v 3.9 5.8 1.6
v 4 5.8 1.6
v -3.2 5.9 2.9
v -1.6 5.9 2.9
v 1.7 5.9 2.9
v 3.3 5.9 2.9
v -3.2 5.9 2.8
v -1.6 5.9 2.8
v 1.7 5.9 2.8
v 3.3 5.9 2.8
v -0.4 6 2.9
v 0.5 6 2.9
v -0.4 6 2.7
v 0.5 6 2.7
v -0.6 6.1 3.2
v 0.7 6.1 3.2
v -0.6 6.1 2.9
v 0.7 6.1 2.9
v -0.7 6.2 3.3
v 0.8 6.2 3.3
v -0.6 6.2 3.2
v 0.7 6.2 3.2
v -4 6.2 3
v -0.7 6.2 3
v 0.8 6.2 3
v 4.1 6.2 3
v -3.9 6.2 2.9
v -0.6 6.2 2.9
v 0.7 6.2 2.9
v 4 6.2 2.9
v -2.8 6.2 -3.7
v -2.7 6.2 -3.7
v -2.8 6.2 -3.8
v -2.7 6.2 -3.8
v -3.9 6.2 -3.9
v 4 6.2 -3.9
v -4 6.2 -4
v 4.1 6.2 -4
v -3.3 6.5 3
v -1.5 6.5 3
v 1.6 6.5 3
v 3.4 6.5 3
v -3.3 6.5 2.9
v -1.5 6.5 2.9
v 1.6 6.5 2.9
v 3.4 6.5 2.9
v -0.7 6.6 3.4
v -0.5 6.6 3.4
v -0.3 6.6 3.4
v -0.2 6.6 3.4
v -0.0999999 6.6 3.4
v 0.1 6.6 3.4
v 0.2 6.6 3.4
v 0.4 6.6 3.4
v 0.7 6.6 3.4
v 0.8 6.6 3.4
v -0.7 6.6 3.3
v -0.5 6.6 3.3
v -0.3 6.6 3.3
v -0.2 6.6 3.3
v -0.0999999 6.6 3.3
v 0.1 6.6 3.3
v 0.2 6.6 3.3
v 0.4 6.6 3.3
v 0.6 6.6 3.3
v 0.7 6.6 3.3
v 0.8 6.6 3.3
v -0.8 6.6 3.2
v -0.7 6.6 3.2
v 0.8 6.6 3.2
v 0.9 6.6 3.2
v -0.7 6.6 3.1
v -0.5 6.6 3.1
v -0.3 6.6 3.1
v -0.0999999 6.6 3.1
v 0.2 6.6 3.1
v 0.4 6.6 3.1
v 0.6 6.6 3.1
v 0.8 6.6 3.1
v 0.9 6.6 3.1
v -0.8 6.6 3
v -0.7 6.6 3
v -0.7 6.6 2.9
v -0.6 6.6 2.9
v -0.5 6.6 2.9
v 0.6 6.6 2.9
v 0.7 6.6 2.9
v 0.8 6.6 2.9
v 2.9 6.6 -3.7
v 3 6.6 -3.7
v 2.9 6.6 -3.8
v 3 6.6 -3.8
v -0.2 6.7 3.4
v -0.0999999 6.7 3.4
v 0.6 6.7 3.4
v 0.7 6.7 3.4
v -0.2 6.7 3.3
v -0.0999999 6.7 3.3
v 0.6 6.7 3.3
v 0.7 6.7 3.3
v 0.8 6.7 3.3
v 0.9 6.7 3.3
v 0.8 6.7 3.2
v 0.9 6.7 3.2
v -1 7 -3.7
v -0.9 7 -3.7
v -1 7 -3.8
v -0.9 7 -3.8
v 1.7 7.6 2.9
v 1.8 7.6 2.9
v 1.7 7.6 2.8
v 1.8 7.6 2.8
v -3.2 7.7 2.9
v -1.6 7.7 2.9
v 1.8 7.7 2.9
v 3.3 7.7 2.9
v -3.2 7.7 2.8
v -1.6 7.7 2.8
v 1.8 7.7 2.8
v 3.3 7.7 2.8
v -0.4 7.8 2.9
v 0.5 7.8 2.9
v -0.4 7.8 2.7
v 0.5 7.8 2.7
v -0.6 7.9 3.2
v 0.7 7.9 3.2
v 0.6 7.9 3.1
v 0.7 7.9 3.1
v -0.6 7.9 2.9
v 0.6 7.9 2.9
v -0.7 8 3.3
v 0.8 8 3.3
v -0.6 8 3.2
v 0.7 8 3.2
v 0.6 8 3.1
v 0.7 8 3.1
v 0.8 8 3.1
v -4 8 3
v -0.7 8 3
v 0.7 8 3
v 4.1 8 3
v -3.9 8 2.9
v -0.6 8 2.9
v 0.6 8 2.9
v 0.7 8 2.9
v 4 8 2.9
v -3.9 8 -3.9
v 4 8 -3.9
v -4 8 -4
v 4.1 8 -4
v 0.7 8.1 3.1
v 0.8 8.1 3.1
v 0.7 8.1 3
v 0.8 8.1 3
v -3.3 8.3 3
v -1.5 8.3 3
v 1.6 8.3 3
v 3.4 8.3 3
v -3.3 8.3 2.9
v -1.5 8.3 2.9
v 1.6 8.3 2.9
v 3.4 8.3 2.9
v -0.4 8.4 3.4
v -0.2 8.4 3.4
v 0 8.4 3.4
v 0.1 8.4 3.4
v 0.2 8.4 3.4
v 0.3 8.4 3.4
v -0.5 8.4 3.3
v -0.4 8.4 3.3
v -0.3 8.4 3.3
v -0.2 8.4 3.3
v -0.0999999 8.4 3.3
v 0 8.4 3.3
v 0.1 8.4 3.3
v 0.2 8.4 3.3
v 0.3 8.4 3.3
v 0.4 8.4 3.3
v 0.6 8.4 3.3
v -0.8 8.4 3.2
v -0.7 8.4 3.2
v 0.8 8.4 3.2
v 0.9 8.4 3.2
v -0.8 8.4 3.1
v -0.7 8.4 3.1
v -0.5 8.4 3.1
v -0.3 8.4 3.1
v -0.0999999 8.4 3.1
v 0.2 8.4 3.1
v 0.4 8.4 3.1
v 0.6 8.4 3.1
v 0.8 8.4 3.1
v 0.9 8.4 3.1
v -0.8 8.4 3
v -0.7 8.4 3
v -0.7 8.4 2.9
v -0.6 8.4 2.9
v -0.5 8.4 2.9
v 0.6 8.4 2.9
v 0.7 8.4 2.9
v 0.8 8.4 2.9
v -0.0999999 8.5 3.4
v 0 8.5 3.4
v 0.3 8.5 3.4
v 0.4 8.5 3.4
v -0.0999999 8.5 3.3
v 0 8.5 3.3
v 0.3 8.5 3.3
v 0.4 8.5 3.3
v 0.8 8.5 3.3
v 0.9 8.5 3.3
v 0.8 8.5 3.2
v 0.9 8.5 3.2
v 3.3 8.5 -3.7
v 3.4 8.5 -3.7
v 3.3 8.5 -3.8
v 3.4 8.5 -3.8
v -0.7 8.6 3.4
v -0.6 8.6 3.4
v -0.7 8.6 3.3
v -0.6 8.6 3.3
v -3.9 8.8 0.0999999
v -3.8 8.8 0.0999999
v -3.9 8.8 -0.1
v -3.8 8.8 -0.1
v -3.9 9.2 -0.2
v -3.8 9.2 -0.2
v -3.9 9.2 -0.4
v -3.8 9.2 -0.4
v 3.6 9.3 2.8
v 3.7 9.3 2.8
v 3.6 9.3 2.7
v 3.7 9.3 2.7
v -3.2 9.5 2.9
v -1.6 9.5 2.9
v 1.7 9.5 2.9
v 3.3 9.5 2.9
v -3.2 9.5 2.8
v -1.6 9.5 2.8
v 1.7 9.5 2.8
v 3.3 9.5 2.8
v 3.6 9.5 2.8
v 3.7 9.5 2.8
v 3.6 9.5 2.7
v 3.7 9.5 2.7
v -3.9 9.5 0.0999999
v -3.8 9.5 0.0999999
v -3.9 9.5 -0.7
v -3.8 9.5 -0.7
v -0.4 9.6 2.9
v 0.5 9.6 2.9
v -0.4 9.6 2.7
v 0.5 9.6 2.7
v 3.7 9.6 1.8
v 3.8 9.6 1.8
v 3.9 9.6 1.8
v 3.7 9.6 1.7
v 3.8 9.6 1.7
v 3.9 9.6 1.7
v -0.6 9.7 3.2
v 0.7 9.7 3.2
v -0.6 9.7 2.9
v 0.7 9.7 2.9
v 3.7 9.7 2
v 3.8 9.7 2
v 3.7 9.7 1.9
v 3.8 9.7 1.9
v -0.7 9.8 3.3
v 0.8 9.8 3.3
v -0.6 9.8 3.2
v 0.7 9.8 3.2
v -4 9.8 3
v -0.7 9.8 3
v 0.8 9.8 3
v 4.1 9.8 3
v -3.9 9.8 2.9
v -0.6 9.8 2.9
v 0.7 9.8 2.9
v 4 9.8 2.9
v -3.9 9.8 -3.9
v 4 9.8 -3.9
v -4 9.8 -4
v 4.1 9.8 -4
v -0.2 10.5 -1.9
v 0 10.5 -1.9
v 0.2 10.5 -1.9
v 0.4 10.5 -1.9
v -0.2 10.5 -2
v 0 10.5 -2
v 0.2 10.5 -2
v 0.4 10.5 -2
v -0.4 11.2 -1.9
v 0.6 11.2 -1.9
v -0.4 11.2 -2
v 0.6 11.2 -2
v -1 11.6 -0.9
v 1.1 11.6 -0.9
v -0.8 11.6 -2
v 0.9 11.6 -2
v -0.8 11.6 -3.6
v 0.9 11.6 -3.6
v -1 11.6 -3.8
v 1.1 11.6 -3.8
v -5 0.4 5
v 5.1 0.4 5
v -4.6 0.4 4.6
v -0.5 0.4 4.6
v 0.6 0.4 4.6
v 4.7 0.4 4.6
v -4 0.4 4.2
v -3.4 0.4 4.2
v -1.6 0.4 4.2
v -1 0.4 4.2
v 1.1 0.4 4.2
v 1.7 0.4 4.2
v 3.5 0.4 4.2
v 4.1 0.4 4.2
v -0.6 0.4 4.1
v -0.5 0.4 4.1
v -0.4 0.4 4.1
v 0.5 0.4 4.1
v 0.6 0.4 4.1
v 0.7 0.4 4.1
v -0.4 0.4 3.9
v 0.5 0.4 3.9
v -4 0.4 3.6
v -3.4 0.4 3.6
v -1.6 0.4 3.6
v -1 0.4 3.6
v 1.1 0.4 3.6
v 1.7 0.4 3.6
v 3.5 0.4 3.6
v 4.1 0.4 3.6
v -4 0.4 3
v -0.6 0.4 3
v -0.3 0.4 3
v 0.2 0.4 3
v 0.7 0.4 3
v 4.1 0.4 3
v -0.3 0.4 2.9
v 0.2 0.4 2.9
v 4.3 0.4 2.5
v 4.4 0.4 2.5
v 4.2 0.4 2.4
v 4.3 0.4 2.4
v 4.4 0.4 2.4
v 4.2 0.4 2.2
v 4.3 0.4 2.2
v 4.4 0.4 2.2
v 4.3 0.4 2
v 4.4 0.4 2
v 4.3 0.4 1.9
v 4.4 0.4 1.9
v 4.3 0.4 1.8
v 4.4 0.4 1.8
v -4.3 0.4 -0.2
v -4.2 0.4 -0.2
v -4.4 0.4 -0.3
v -4.3 0.4 -0.3
v -4.2 0.4 -0.3
v -4.1 0.4 -0.3
v -4.4 0.4 -0.4
v -4.3 0.4 -0.4
v -4.2 0.4 -0.4
v -4.1 0.4 -0.4
v -4.4 0.4 -1.5
v -4.3 0.4 -1.5
v -4.4 0.4 -1.6
v -4.3 0.4 -1.6
v -4.4 0.4 -1.7
v -4.3 0.4 -1.7
v -4.4 0.4 -1.8
v -4.3 0.4 -1.8
v -4.2 0.4 -1.8
v -4.5 0.4 -1.9
v -4.4 0.4 -1.9
v -4.3 0.4 -1.9
v -4.2 0.4 -1.9
v -4.5 0.4 -2
v -4.4 0.4 -2
v -4.2 0.4 -2.1
v -4.1 0.4 -2.1
v -4.2 0.4 -2.2
v -4.1 0.4 -2.2
v 4.2 0.4 -2.7
v 4.3 0.4 -2.7
v 4.6 0.4 -2.7
v 4.7 0.4 -2.7
v 4.2 0.4 -2.8
v 4.3 0.4 -2.8
v 4.4 0.4 -2.8
v 4.6 0.4 -2.8
v 4.7 0.4 -2.8
v 4.3 0.4 -2.9
v 4.4 0.4 -2.9
v 4.5 0.4 -2.9
v 4.6 0.4 -2.9
v 4.5 0.4 -3
v 4.6 0.4 -3
v 4.4 0.4 -3.1
v 4.5 0.4 -3.1
v 4.4 0.4 -3.2
v 4.5 0.4 -3.2
v -4 0.4 -4
v 4.1 0.4 -4
v -4.6 0.4 -4.6
v 4.7 0.4 -4.6
v -5 0.4 -5
v 5.1 0.4 -5
v 4.3 0.5 2.5
v 4.4 0.5 2.5
v 4.2 0.5 2.4
v 4.3 0.5 2.4
v 4.4 0.5 2.4
v 4.2 0.5 2.2
v 4.3 0.5 2.2
v 4.4 0.5 2.2
v 4.3 0.5 2
v 4.4 0.5 2
v 4.3 0.5 1.9
v 4.4 0.5 1.9
v 4.3 0.5 1.8
v 4.4 0.5 1.8
v -4.3 0.5 -0.2
v -4.2 0.5 -0.2
v -4.4 0.5 -0.3
v -4.3 0.5 -0.3
v -4.2 0.5 -0.3
v -4.4 0.5 -0.4
v -4.3 0.5 -0.4
v -4.4 0.5 -1.5
v -4.3 0.5 -1.5
v -4.4 0.5 -1.6
v -4.3 0.5 -1.6
v -4.4 0.5 -1.7
v -4.3 0.5 -1.7
v -4.4 0.5 -1.8
v -4.3 0.5 -1.8
v -4.2 0.5 -1.8
v -4.5 0.5 -1.9
v -4.4 0.5 -1.9
v -4.3 0.5 -1.9
v -4.2 0.5 -1.9
v -4.5 0.5 -2
v -4.4 0.5 -2
v -4.2 0.5 -2.1
v -4.1 0.5 -2.1
v -4.2 0.5 -2.2
v -4.1 0.5 -2.2
v -3.9 0.5 -2.3
v -3.8 0.5 -2.3
v -3.9 0.5 -2.4
v -3.8 0.5 -2.4
v 4.2 0.5 -2.7
v 4.3 0.5 -2.7
v 4.6 0.5 -2.7
v 4.7 0.5 -2.7
v 4.2 0.5 -2.8
v 4.3 0.5 -2.8
v 4.4 0.5 -2.8
v 4.6 0.5 -2.8
v 4.7 0.5 -2.8
v 4.3 0.5 -2.9
v 4.4 0.5 -2.9
v 4.5 0.5 -2.9
v 4.6 0.5 -2.9
v 4.5 0.5 -3
v 4.6 0.5 -3
v 4.4 0.5 -3.1
v 4.5 0.5 -3.1
v 4.4 0.5 -3.2
v 4.5 0.5 -3.2
v -0.4 0.6 3.9
v 0.5 0.6 3.9
v -0.4 0.6 3.6
v 0.5 0.6 3.6
v -4.2 0.6 -0.3
v -4.1 0.6 -0.3
v -4.2 0.6 -0.4
v -4.1 0.6 -0.4
v -4 0.7 4.2
v -3.4 0.7 4.2
v -1.6 0.7 4.2
v -1 0.7 4.2
v 1.1 0.7 4.2
v 1.7 0.7 4.2
v 3.5 0.7 4.2
v 4.1 0.7 4.2
v -3.9 0.7 4.1
v -3.5 0.7 4.1
v -1.5 0.7 4.1
v -1.1 0.7 4.1
v 1.2 0.7 4.1
v 1.6 0.7 4.1
v 3.6 0.7 4.1
v 4 0.7 4.1
v -3.8 0.7 4
v -3.6 0.7 4
v -1.4 0.7 4
v -1.2 0.7 4
v 1.3 0.7 4
v 1.5 0.7 4
v 3.7 0.7 4
v 3.9 0.7 4
v -3.8 0.7 3.8
v -3.6 0.7 3.8
v -1.4 0.7 3.8
v -1.2 0.7 3.8
v 1.3 0.7 3.8
v 1.5 0.7 3.8
v 3.7 0.7 3.8
v 3.9 0.7 3.8
v -3.9 0.7 3.7
v -3.5 0.7 3.7
v -1.5 0.7 3.7
v -1.1 0.7 3.7
v 1.2 0.7 3.7
v 1.6 0.7 3.7
v 3.6 0.7 3.7
v 4 0.7 3.7
v -4 0.7 3.6
v -3.4 0.7 3.6
v -1.6 0.7 3.6
v -1 0.7 3.6
v 1.1 0.7 3.6
v 1.7 0.7 3.6
v 3.5 0.7 3.6
v 4.1 0.7 3.6
v -0.6 0.8 4.1
v -0.4 0.8 4.1
v 0.5 0.8 4.1
v 0.7 0.8 4.1
v -0.6 0.8 3.8
v -0.4 0.8 3.8
v 0.5 0.8 3.8
v 0.7 0.8 3.8
v -0.4 0.8 3.6
v 0.5 0.8 3.6
v -0.4 0.8 3.3
v 0.5 0.8 3.3
v -2.6 0.8 3.1
v -2.5 0.8 3.1
v 2.8 0.8 3.1
v 2.9 0.8 3.1
v -2.6 0.8 3
v -2.5 0.8 3
v 2.8 0.8 3
v 2.9 0.8 3
v -3 0.9 3.1
v -2.9 0.9 3.1
v -2.8 0.9 3.1
v -2.7 0.9 3.1
v 3.2 0.9 3.1
v 3.3 0.9 3.1
v -3 0.9 3
v -2.9 0.9 3
v -2.8 0.9 3
v -2.7 0.9 3
v 0.8 0.9 3
v 0.9 0.9 3
v 3.2 0.9 3
v 3.3 0.9 3
v 0.8 0.9 2.9
v 0.9 0.9 2.9
v -3.2 0.9 -3.8
v -3.1 0.9 -3.8
v -3.2 0.9 -3.9
v -3.1 0.9 -3.9
v 1.8 0.9 -3.9
v 2.1 0.9 -3.9
v 1.8 0.9 -4
v 2.1 0.9 -4
v -0.6 1 3.8
v -0.4 1 3.8
v 0.5 1 3.8
v 0.7 1 3.8
v -0.6 1 3.5
v -0.4 1 3.5
v 0.5 1 3.5
v 0.7 1 3.5
v -0.4 1 3.3
v 0.5 1 3.3
v -2.5 1 3.1
v -2.4 1 3.1
v 2.6 1 3.1
v 2.7 1 3.1
v 2.9 1 3.1
v 3 1 3.1
v -4 1 3
v -2.5 1 3
v -2.4 1 3
v -0.6 1 3
v 0.7 1 3
v 0.8 1 3
v 0.9 1 3
v 2.6 1 3
v 2.7 1 3
v 2.9 1 3
v 3 1 3
v 4.1 1 3
v -3.9 1 2.9
v -0.6 1 2.9
v 0.7 1 2.9
v 0.8 1 2.9
v 0.9 1 2.9
v 4 1 2.9
v -0.4 1 2.7
v 0.5 1 2.7
v -3.9 1 -3.9
v 1.8 1 -3.9
v 2.1 1 -3.9
v 4 1 -3.9
v -4 1 -4
v 1.8 1 -4
v 2.1 1 -4
v 4.1 1 -4
v -4 1.2 4.2
v -3.4 1.2 4.2
v -1.6 1.2 4.2
v -1 1.2 4.2
v 1.1 1.2 4.2
v 1.7 1.2 4.2
v 3.5 1.2 4.2
v 4.1 1.2 4.2
v -3.9 1.2 4.1
v -3.5 1.2 4.1
v -1.5 1.2 4.1
v -1.1 1.2 4.1
v 1.2 1.2 4.1
v 1.6 1.2 4.1
v 3.6 1.2 4.1
v 4 1.2 4.1
v -3.9 1.2 3.7
v -3.5 1.2 3.7
v -1.5 1.2 3.7
v -1.1 1.2 3.7
v 1.2 1.2 3.7
v 1.6 1.2 3.7
v 3.6 1.2 3.7
v 4 1.2 3.7
v -4 1.2 3.6
v -3.4 1.2 3.6
v -1.6 1.2 3.6
v -1 1.2 3.6
v 1.1 1.2 3.6
v 1.7 1.2 3.6
v 3.5 1.2 3.6
v 4.1 1.2 3.6
v -0.6 1.2 3.5
v -0.4 1.2 3.5
v 0.5 1.2 3.5
v 0.7 1.2 3.5
v -3.2 1.2 3
v -1.5 1.2 3
v 1.6 1.2 3
v 3.4 1.2 3
v -3.2 1.2 2.9
v -1.6 1.2 2.9
v -1.5 1.2 2.9
v -0.6 1.2 2.9
v -0.4 1.2 2.9
v 0.5 1.2 2.9
v 0.7 1.2 2.9
v 1.6 1.2 2.9
v 1.7 1.2 2.9
v 3.3 1.2 2.9
v 3.4 1.2 2.9
v -3.2 1.2 2.8
v -1.6 1.2 2.8
v 1.7 1.2 2.8
v 3.3 1.2 2.8
v -3.9 1.5 4.1
v -3.5 1.5 4.1
v -1.5 1.5 4.1
v -1.1 1.5 4.1
v 1.2 1.5 4.1
v 1.6 1.5 4.1
v 3.6 1.5 4.1
v 4 1.5 4.1
v -3.8 1.5 4
v -3.6 1.5 4
v -1.4 1.5 4
v -1.2 1.5 4
v 1.3 1.5 4
v 1.5 1.5 4
v 3.7 1.5 4
v 3.9 1.5 4
v -3.8 1.5 3.8
v -3.6 1.5 3.8
v -1.4 1.5 3.8
v -1.2 1.5 3.8
v 1.3 1.5 3.8
v 1.5 1.5 3.8
v 3.7 1.5 3.8
v 3.9 1.5 3.8
v -3.9 1.5 3.7
v -3.5 1.5 3.7
v -1.5 1.5 3.7
v -1.1 1.5 3.7
v 1.2 1.5 3.7
v 1.6 1.5 3.7
v 3.6 1.5 3.7
v 4 1.5 3.7
v -3.8 1.6 4
v -3.6 1.6 4
v -1.4 1.6 4
v -1.2 1.6 4
v 1.3 1.6 4
v 1.5 1.6 4
v 3.7 1.6 4
v 3.9 1.6 4
v -3.8 1.6 3.8
v -3.6 1.6 3.8
v -1.4 1.6 3.8
v -1.2 1.6 3.8
v 1.3 1.6 3.8
v 1.5 1.6 3.8
v 3.7 1.6 3.8
v 3.9 1.6 3.8
v 2.6 2.1 -3.7
v 2.7 2.1 -3.7
v 2.6 2.1 -3.8
v 2.7 2.1 -3.8
v -0.5 2.8 3.3
v -0.3 2.8 3.3
v -0.0999999 2.8 3.3
v 0.2 2.8 3.3
v 0.4 2.8 3.3
v 0.6 2.8 3.3
v -0.7 2.8 3.1
v -0.5 2.8 3.1
v -0.3 2.8 3.1
v -0.0999999 2.8 3.1
v 0.2 2.8 3.1
v 0.4 2.8 3.1
v 0.6 2.8 3.1
v 0.8 2.8 3.1
v -4 2.8 3
v -0.7 2.8 3
v 0.8 2.8 3
v 4.1 2.8 3
v -3.9 2.8 2.9
v -0.6 2.8 2.9
v -0.4 2.8 2.9
v 0.5 2.8 2.9
v 0.7 2.8 2.9
v 4 2.8 2.9
v -0.4 2.8 2.7
v -0.2 2.8 2.7
v 0.3 2.8 2.7
v 0.5 2.8 2.7
v -3.9 2.8 -3.9
v 4 2.8 -3.9
v -4 2.8 -4
v 4.1 2.8 -4
v -3.3 3 3
v -1.5 3 3
v 1.6 3 3
v 3.4 3 3
v -3.3 3 2.9
v -3.2 3 2.9
v -1.6 3 2.9
v -1.5 3 2.9
v 1.6 3 2.9
v 1.7 3 2.9
v 3.3 3 2.9
v 3.4 3 2.9
v -3.2 3 2.8
v -1.6 3 2.8
v 1.7 3 2.8
v 3.3 3 2.8
v -0.7 3.1 3.4
v -0.6 3.1 3.4
v -0.8 3.1 3.3
v -0.7 3.1 3.3
v -0.6 3.1 3.3
v -0.4 3.1 3.3
v -0.0999999 3.1 3.3
v 0.2 3.1 3.3
v 0.4 3.1 3.3
v -0.8 3.1 3.2
v -0.7 3.1 3.2
v -0.5 3.1 3.2
v -0.4 3.1 3.2
v 0.4 3.1 3.2
v 0.6 3.1 3.2
v 0.8 3.1 3.2
v 0.9 3.1 3.2
v -0.6 3.1 3.1
v -0.5 3.1 3.1
v -0.0999999 3.1 3.1
v 0.2 3.1 3.1
v 0.6 3.1 3.1
v 0.7 3.1 3.1
v 0.8 3.1 3.1
v 0.9 3.1 3.1
v -0.7 3.1 3
v -0.6 3.1 3
v 0.7 3.1 3
v 0.8 3.1 3
v -0.7 3.1 2.9
v -0.6 3.1 2.9
v -0.5 3.1 2.9
v 0.6 3.1 2.9
v 0.7 3.1 2.9
v 0.8 3.1 2.9
v 0 3.2 3.4
v 0.2 3.2 3.4
v 0.7 3.2 3.4
v 0.8 3.2 3.4
v -0.5 3.2 3.3
v -0.4 3.2 3.3
v 0 3.2 3.3
v 0.1 3.2 3.3
v 0.2 3.2 3.3
v 0.4 3.2 3.3
v 0.6 3.2 3.3
v 0.7 3.2 3.3
v 0.8 3.2 3.3
v -0.8 3.2 3.2
v -0.7 3.2 3.2
v -0.6 3.2 3.2
v -0.5 3.2 3.2
v -0.4 3.2 3.2
v -0.0999999 3.2 3.2
v 0 3.2 3.2
v 0.1 3.2 3.2
v 0.2 3.2 3.2
v 0.4 3.2 3.2
v 0.6 3.2 3.2
v 0.7 3.2 3.2
v -0.7 3.2 3.1
v -0.6 3.2 3.1
v -0.5 3.2 3.1
v -0.0999999 3.2 3.1
v 0 3.2 3.1
v 0.1 3.2 3.1
v 0.2 3.2 3.1
v 0.7 3.2 3.1
v 0.8 3.2 3.1
v -0.8 3.2 3
v -0.6 3.2 3
v 0.7 3.2 3
v 0.8 3.2 3
v 0.6 3.3 3.4
v 0.7 3.3 3.4
v -0.7 3.3 3.3
v -0.5 3.3 3.3
v -0.0999999 3.3 3.3
v 0 3.3 3.3
v 0.1 3.3 3.3
v 0.2 3.3 3.3
v 0.6 3.3 3.3
v 0.7 3.3 3.3
v 0.8 3.3 3.3
v -0.6 3.3 3.2
v -0.5 3.3 3.2
v -0.0999999 3.3 3.2
v 0 3.3 3.2
v 0.1 3.3 3.2
v 0.2 3.3 3.2
v 0.6 3.3 3.2
v 0.7 3.3 3.2
v -0.7 3.3 3.1
v -0.6 3.3 3.1
v 0 3.3 3.1
v 0.1 3.3 3.1
v 0.6 3.3 3.1
v 0.8 3.3 3.1
v -1.3 3.3 2.8
v -1.2 3.3 2.8
v -1.3 3.3 2.7
v -1.2 3.3 2.7
v 3.9 3.4 -3.1
v 4 3.4 -3.1
v 3.9 3.4 -3.4
v 4 3.4 -3.4
v 3.9 3.7 -3.2
v 4 3.7 -3.2
v 3.9 3.7 -3.3
v 4 3.7 -3.3
v -1 3.7 -3.7
v -0.9 3.7 -3.7
v -1 3.7 -3.8
v -0.9 3.7 -3.8
v -0.5 4.6 3.3
v -0.3 4.6 3.3
v -0.0999999 4.6 3.3
v 0.2 4.6 3.3
v 0.4 4.6 3.3
v 0.6 4.6 3.3
v -0.7 4.6 3.1
v -0.5 4.6 3.1
v -0.3 4.6 3.1
v -0.0999999 4.6 3.1
v 0.2 4.6 3.1
v 0.4 4.6 3.1
v 0.6 4.6 3.1
v 0.8 4.6 3.1
v -4 4.6 3
v -0.7 4.6 3
v 0.8 4.6 3
v 4.1 4.6 3
v -3.9 4.6 2.9
v -0.6 4.6 2.9
v -0.4 4.6 2.9
v 0.5 4.6 2.9
v 0.7 4.6 2.9
v 4 4.6 2.9
v -0.4 4.6 2.7
v -0.2 4.6 2.7
v 0.3 4.6 2.7
v 0.5 4.6 2.7
v -3.9 4.6 -3.9
v 4 4.6 -3.9
v -4 4.6 -4
v 4.1 4.6 -4
v -3.3 4.8 3
v -1.5 4.8 3
v 1.6 4.8 3
v 3.4 4.8 3
v -3.3 4.8 2.9
v -3.2 4.8 2.9
v -1.6 4.8 2.9
v -1.5 4.8 2.9
v 1.6 4.8 2.9
v 1.7 4.8 2.9
v 3.3 4.8 2.9
v 3.4 4.8 2.9
v -3.2 4.8 2.8
v -1.6 4.8 2.8
v 1.7 4.8 2.8
v 3.3 4.8 2.8
v -0.7 4.9 3.4
v -0.6 4.9 3.4
v 0.2 4.9 3.4
v 0.3 4.9 3.4
v 0.7 4.9 3.4
v 0.8 4.9 3.4
v -0.7 4.9 3.3
v -0.6 4.9 3.3
v -0.5 4.9 3.3
v -0.0999999 4.9 3.3
v 0.2 4.9 3.3
v 0.3 4.9 3.3
v 0.5 4.9 3.3
v 0.7 4.9 3.3
v 0.8 4.9 3.3
v 0.9 4.9 3.3
v -0.0999999 4.9 3.2
v 0 4.9 3.2
v 0.2 4.9 3.2
v 0.3 4.9 3.2
v 0.5 4.9 3.2
v 0.6 4.9 3.2
v -0.7 4.9 3.1
v -0.5 4.9 3.1
v 0 4.9 3.1
v 0.3 4.9 3.1
v 0.6 4.9 3.1
v 0.8 4.9 3.1
v 0.9 4.9 3.1
v 0.6 4.9 3
v 0.8 4.9 3
v -0.7 4.9 2.9
v -0.6 4.9 2.9
v -0.5 4.9 2.9
v 0.6 4.9 2.9
v 0.7 4.9 2.9
v 0.8 4.9 2.9
v -3.9 4.9 -2.2
v -3.8 4.9 -2.2
v -3.9 4.9 -2.9
v -3.8 4.9 -2.9
v -0.6 5 3.4
v -0.5 5 3.4
v -0.0999999 5 3.4
v 0 5 3.4
v 0.1 5 3.4
v 0.2 5 3.4
v 0.6 5 3.4
v 0.7 5 3.4
v -0.8 5 3.3
v -0.7 5 3.3
v -0.6 5 3.3
v -0.5 5 3.3
v -0.0999999 5 3.3
v 0 5 3.3
v 0.1 5 3.3
v 0.2 5 3.3
v 0.5 5 3.3
v 0.6 5 3.3
v 0.7 5 3.3
v -0.7 5 3.2
v -0.6 5 3.2
v -0.5 5 3.2
v -0.0999999 5 3.2
v 0 5 3.2
v 0.2 5 3.2
v 0.3 5 3.2
v 0.5 5 3.2
v 0.6 5 3.2
v 0.7 5 3.2
v -0.8 5 3.1
v -0.7 5 3.1
v 0.1 5 3.1
v 0.3 5 3.1
v 0.6 5 3.1
v 0.7 5 3.1
v 0.8 5 3.1
v 0.6 5 3
v 0.8 5 3
v -3.9 5 -2.9
v -3.8 5 -2.9
v -3.9 5 -3.1
v -3.8 5 -3.1
v -2 5 -3.7
v -1.9 5 -3.7
v -2 5 -3.8
v -1.9 5 -3.8
v 0 5.1 3.3
v 0.1 5.1 3.3
v 0.7 5.1 3.3
v 0.8 5.1 3.3
v -0.7 5.1 3.2
v -0.6 5.1 3.2
v -0.5 5.1 3.2
v -0.7 5.1 3.1
v -0.6 5.1 3.1
v -0.5 5.1 3.1
v 0 5.1 3.1
v 0.1 5.1 3.1
v 0.7 5.1 3.1
v 0.8 5.1 3.1
v 3.9 5.1 2.3
v 4 5.1 2.3
v 3.9 5.1 1.6
v 4 5.1 1.6
v 3.9 5.3 2.1
v 4 5.3 2.1
v 3.9 5.3 2
v 4 5.3 2
v 3.9 5.3 1.9
v 4 5.3 1.9
v 3.9 5.3 1.8
v 4 5.3 1.8
v -3.8 5.3 -2.8
v -3.7 5.3 -2.8
v -3.8 5.3 -2.9
v -3.7 5.3 -2.9
v 3.9 5.4 1.8
v 4 5.4 1.8
v 3.9 5.4 1.7
v 4 5.4 1.7
v -3.9 5.5 -2.5
v -3.8 5.5 -2.5
v -3.9 5.5 -2.7
v -3.8 5.5 -2.7
v -2.8 6.1 -3.7
v -2.7 6.1 -3.7
v -2.8 6.1 -3.8
v -2.7 6.1 -3.8
v -0.5 6.4 3.3
v -0.3 6.4 3.3
v -0.0999999 6.4 3.3
v 0.2 6.4 3.3
v 0.4 6.4 3.3
v 0.6 6.4 3.3
v -0.7 6.4 3.1
v -0.5 6.4 3.1
v -0.3 6.4 3.1
v -0.0999999 6.4 3.1
v 0.2 6.4 3.1
v 0.4 6.4 3.1
v 0.6 6.4 3.1
v 0.8 6.4 3.1
v -4 6.4 3
v -0.7 6.4 3
v 0.8 6.4 3
v 4.1 6.4 3
v -3.9 6.4 2.9
v -0.6 6.4 2.9
v -0.4 6.4 2.9
v 0.5 6.4 2.9
v 0.7 6.4 2.9
v 4 6.4 2.9
v -0.4 6.4 2.7
v -0.2 6.4 2.7
v 0.3 6.4 2.7
v 0.5 6.4 2.7
v -3.9 6.4 -3.9
v 4 6.4 -3.9
v -4 6.4 -4
v 4.1 6.4 -4
v 2.9 6.5 -3.7
v 3 6.5 -3.7
v 2.9 6.5 -3.8
v 3 6.5 -3.8
v -3.3 6.6 3
v -1.5 6.6 3
v 1.6 6.6 3
v 3.4 6.6 3
v -3.3 6.6 2.9
v -3.2 6.6 2.9
v -1.6 6.6 2.9
v -1.5 6.6 2.9
v 1.6 6.6 2.9
v 1.7 6.6 2.9
v 3.3 6.6 2.9
v 3.4 6.6 2.9
v -3.2 6.6 2.8
v -1.6 6.6 2.8
v 1.7 6.6 2.8
v 3.3 6.6 2.8
v -0.6 6.7 3.4
v -0.5 6.7 3.4
v 0 6.7 3.4
v 0.1 6.7 3.4
v 0.2 6.7 3.4
v 0.4 6.7 3.4
v -0.6 6.7 3.3
v -0.5 6.7 3.3
v -0.3 6.7 3.3
v 0 6.7 3.3
v 0.1 6.7 3.3
v 0.2 6.7 3.3
v 0.4 6.7 3.3
v 0.6 6.7 3.3
v -0.8 6.7 3.2
v -0.7 6.7 3.2
v -0.2 6.7 3.2
v 0.1 6.7 3.2
v 0.2 6.7 3.2
v 0.3 6.7 3.2
v 0.8 6.7 3.2
v 0.9 6.7 3.2
v -0.6 6.7 3.1
v -0.5 6.7 3.1
v -0.3 6.7 3.1
v -0.2 6.7 3.1
v 0.3 6.7 3.1
v 0.4 6.7 3.1
v 0.6 6.7 3.1
v 0.7 6.7 3.1
v 0.8 6.7 3.1
v 0.9 6.7 3.1
v -0.8 6.7 3
v -0.7 6.7 3
v -0.6 6.7 3
v 0.6 6.7 3
v 0.7 6.7 3
v -0.7 6.7 2.9
v -0.6 6.7 2.9
v -0.5 6.7 2.9
v 0.6 6.7 2.9
v 0.7 6.7 2.9
v 0.8 6.7 2.9
v -0.7 6.8 3.4
v -0.6 6.8 3.4
v -0.3 6.8 3.4
v -0.2 6.8 3.4
v -0.0999999 6.8 3.4
v 0 6.8 3.4
v 0.7 6.8 3.4
v 0.8 6.8 3.4
v -0.7 6.8 3.3
v -0.6 6.8 3.3
v -0.5 6.8 3.3
v -0.3 6.8 3.3
v -0.2 6.8 3.3
v -0.0999999 6.8 3.3
v 0 6.8 3.3
v 0.2 6.8 3.3
v 0.3 6.8 3.3
v 0.6 6.8 3.3
v 0.7 6.8 3.3
v 0.8 6.8 3.3
v 0.9 6.8 3.3
v -0.7 6.8 3.2
v -0.6 6.8 3.2
v -0.3 6.8 3.2
v -0.2 6.8 3.2
v 0 6.8 3.2
v 0.2 6.8 3.2
v 0.3 6.8 3.2
v 0.4 6.8 3.2
v 0.7 6.8 3.2
v 0.8 6.8 3.2
v 0.9 6.8 3.2
v -0.6 6.8 3.1
v -0.5 6.8 3.1
v -0.3 6.8 3.1
v -0.2 6.8 3.1
v 0.3 6.8 3.1
v 0.4 6.8 3.1
v 0.7 6.8 3.1
v -0.7 6.8 3
v -0.6 6.8 3
v 0.6 6.8 3
v 0.7 6.8 3
v -0.2 6.9 3.4
v -0.0999999 6.9 3.4
v 0.6 6.9 3.4
v 0.7 6.9 3.4
v -0.7 6.9 3.3
v -0.6 6.9 3.3
v -0.3 6.9 3.3
v -0.2 6.9 3.3
v -0.0999999 6.9 3.3
v 0 6.9 3.3
v 0.1 6.9 3.3
v 0.3 6.9 3.3
v 0.4 6.9 3.3
v 0.6 6.9 3.3
v 0.7 6.9 3.3
v -0.7 6.9 3.2
v -0.6 6.9 3.2
v -0.3 6.9 3.2
v -0.2 6.9 3.2
v 0 6.9 3.2
v 0.1 6.9 3.2
v 0.3 6.9 3.2
v 0.4 6.9 3.2
v 0.7 6.9 3.2
v 0.8 6.9 3.2
v 0.7 6.9 3.1
v 0.8 6.9 3.1
v -1 6.9 -3.7
v -0.9 6.9 -3.7
v -1 6.9 -3.8
v -0.9 6.9 -3.8
v -0.5 8.2 3.3
v -0.3 8.2 3.3
v -0.0999999 8.2 3.3
v 0.2 8.2 3.3
v 0.4 8.2 3.3
v 0.6 8.2 3.3
v -0.7 8.2 3.1
v -0.5 8.2 3.1
v -0.3 8.2 3.1
v -0.0999999 8.2 3.1
v 0.2 8.2 3.1
v 0.4 8.2 3.1
v 0.6 8.2 3.1
v 0.8 8.2 3.1
v -4 8.2 3
v -0.7 8.2 3
v 0.8 8.2 3
v 4.1 8.2 3
v -3.9 8.2 2.9
v -0.6 8.2 2.9
v -0.4 8.2 2.9
v 0.5 8.2 2.9
v 0.7 8.2 2.9
v 4 8.2 2.9
v -0.4 8.2 2.7
v -0.2 8.2 2.7
v 0.3 8.2 2.7
v 0.5 8.2 2.7
v -3.9 8.2 -3.9
v 4 8.2 -3.9
v -4 8.2 -4
v 4.1 8.2 -4
v -3.3 8.4 3
v -1.5 8.4 3
v 1.6 8.4 3
v 3.4 8.4 3
v -3.3 8.4 2.9
v -3.2 8.4 2.9
v -1.6 8.4 2.9
v -1.5 8.4 2.9
v 1.6 8.4 2.9
v 1.7 8.4 2.9
v 3.3 8.4 2.9
v 3.4 8.4 2.9
v -3.2 8.4 2.8
v -1.6 8.4 2.8
v 1.7 8.4 2.8
v 3.3 8.4 2.8
v 3.3 8.4 -3.7
v 3.4 8.4 -3.7
v 3.3 8.4 -3.8
v 3.4 8.4 -3.8
v -0.4 8.5 3.4
v -0.2 8.5 3.4
v 0 8.5 3.4
v 0.1 8.5 3.4
v 0.2 8.5 3.4
v 0.3 8.5 3.4
v -0.6 8.5 3.3
v -0.4 8.5 3.3
v -0.2 8.5 3.3
v 0 8.5 3.3
v 0.1 8.5 3.3
v 0.2 8.5 3.3
v 0.3 8.5 3.3
v 0.4 8.5 3.3
v 0.7 8.5 3.3
v -0.8 8.5 3.2
v -0.7 8.5 3.2
v -0.6 8.5 3.2
v -0.5 8.5 3.2
v -0.4 8.5 3.2
v -0.3 8.5 3.2
v -0.2 8.5 3.2
v -0.0999999 8.5 3.2
v 0 8.5 3.2
v 0.1 8.5 3.2
v 0.2 8.5 3.2
v 0.3 8.5 3.2
v 0.4 8.5 3.2
v 0.5 8.5 3.2
v -0.8 8.5 3.1
v -0.7 8.5 3.1
v -0.6 8.5 3.1
v -0.5 8.5 3.1
v -0.3 8.5 3.1
v -0.2 8.5 3.1
v 0.3 8.5 3.1
v 0.5 8.5 3.1
v 0.6 8.5 3.1
v 0.7 8.5 3.1
v -0.7 8.5 3
v -0.6 8.5 3
v 0.6 8.5 3
v 0.7 8.5 3
v -0.7 8.5 2.9
v -0.6 8.5 2.9
v -0.5 8.5 2.9
v 0.6 8.5 2.9
v 0.7 8.5 2.9
v -0.0999999 8.6 3.4
v 0 8.6 3.4
v -0.4 8.6 3.3
v -0.2 8.6 3.3
v -0.0999999 8.6 3.3
v 0 8.6 3.3
v 0.1 8.6 3.3
v 0.2 8.6 3.3
v 0.3 8.6 3.3
v 0.4 8.6 3.3
v 0.8 8.6 3.3
v 0.9 8.6 3.3
v -0.4 8.6 3.2
v -0.3 8.6 3.2
v -0.2 8.6 3.2
v 0 8.6 3.2
v 0.1 8.6 3.2
v 0.2 8.6 3.2
v 0.3 8.6 3.2
v 0.4 8.6 3.2
v 0.5 8.6 3.2
v 0.7 8.6 3.2
v 0.8 8.6 3.2
v 0.9 8.6 3.2
v -0.8 8.6 3.1
v -0.7 8.6 3.1
v -0.6 8.6 3.1
v -0.3 8.6 3.1
v -0.2 8.6 3.1
v 0.4 8.6 3.1
v 0.5 8.6 3.1
v 0.6 8.6 3.1
v 0.7 8.6 3.1
v 0.8 8.6 3.1
v 0.9 8.6 3.1
v -0.8 8.6 3
v -0.6 8.6 3
v 0.6 8.6 3
v 0.7 8.6 3
v 0.7 8.6 2.9
v 0.8 8.6 2.9
v -3.9 8.6 0.0999999
v -3.8 8.6 0.0999999
v -3.9 8.6 -0.4
v -3.8 8.6 -0.4
v -0.7 8.7 3.4
v -0.6 8.7 3.4
v 0.3 8.7 3.4
v 0.4 8.7 3.4
v -0.2 8.7 3.3
v 0 8.7 3.3
v 0.3 8.7 3.3
v 0.4 8.7 3.3
v 0.7 8.7 3.3
v 0.8 8.7 3.3
v -0.7 8.7 3.2
v -0.6 8.7 3.2
v -0.5 8.7 3.2
v -0.2 8.7 3.2
v 0 8.7 3.2
v 0.3 8.7 3.2
v 0.4 8.7 3.2
v 0.7 8.7 3.2
v 0.8 8.7 3.2
v -0.7 8.7 3.1
v -0.6 8.7 3.1
v -0.5 8.7 3.1
v 0.3 8.7 3.1
v 0.4 8.7 3.1
v -3.9 8.9 -0.4
v -3.8 8.9 -0.4
v -3.9 8.9 -0.7
v -3.8 8.9 -0.7
v -3.9 9.1 0.0999999
v -3.8 9.1 0.0999999
v -3.9 9.1 -0.1
v -3.8 9.1 -0.1
v 3.6 9.2 2.8
v 3.7 9.2 2.8
v 3.6 9.2 2.7
v 3.7 9.2 2.7
v 3.6 9.4 2.8
v 3.7 9.4 2.8
v 3.6 9.4 2.7
v 3.7 9.4 2.7
v -3.9 9.4 -0.2
v -3.8 9.4 -0.2
v -3.9 9.4 -0.4
v -3.8 9.4 -0.4
v 3.7 9.5 1.8
v 3.8 9.5 1.8
v 3.9 9.5 1.8
v 3.7 9.5 1.7
v 3.8 9.5 1.7
v 3.9 9.5 1.7
v 3.7 9.6 2
v 3.8 9.6 2
v 3.7 9.6 1.9
v 3.8 9.6 1.9
v -0.7 10 3.3
v 0.8 10 3.3
v -0.7 10 3
v 0.8 10 3
v -3.8 10 2.8
v 3.9 10 2.8
v -0.5 10 -1.9
v -0.4 10 -1.9
v 0.6 10 -1.9
v 0.7 10 -1.9
v -0.8 10 -2
v -0.5 10 -2
v -0.4 10 -2
v 0.6 10 -2
v 0.7 10 -2
v 0.9 10 -2
v -0.8 10 -3.6
v 0.9 10 -3.6
v -3.8 10 -3.8
v 3.9 10 -3.8
v -4 10.2 3
v 4.1 10.2 3
v -3.8 10.2 2.8
v 3.9 10.2 2.8
v -3.8 10.2 -3.8
v 3.9 10.2 -3.8
v -4 10.2 -4
v 4.1 10.2 -4
v -0.2 10.6 -1.9
v 0 10.6 -1.9
v 0.2 10.6 -1.9
v 0.4 10.6 -1.9
v -0.2 10.6 -2
v 0 10.6 -2
v 0.2 10.6 -2
v 0.4 10.6 -2
v -0.5 11.3 -1.9
v 0.7 11.3 -1.9
v -0.5 11.3 -2
v 0.7 11.3 -2
v -1 11.7 -0.9
v 1.1 11.7 -0.9
v -0.9 11.7 -1.9
v 1 11.7 -1.9
v -0.9 11.7 -3.7
v 1 11.7 -3.7
v -1 11.7 -3.8
v 1.1 11.7 -3.8
v -0.9 11.8 -1.9
v 1 11.8 -1.9
v -0.9 11.8 -3.7
v 1 11.8 -3.7

# faces
f 3/16/1 2/16/1 1/16/1
f 4/16/1 2/16/1 3/16/1
f 7/1/1 6/1/1 5/1/1
f 8/1/1 6/1/1 7/1/1
f 15/1/1 10/1/1 9/1/1
f 16/1/1 10/1/1 15/1/1
f 17/1/1 12/1/1 11/1/1
f 18/1/1 12/1/1 17/1/1
f 19/1/1 14/1/1 13/1/1
f 20/1/1 14/1/1 19/1/1
f 25/1/1 22/1/1 21/1/1
f 26/1/1 22/1/1 25/1/1
f 27/1/1 24/1/1 23/1/1
f 28/1/1 24/1/1 27/1/1
f 33/1/1 30/1/1 29/1/1
f 34/1/1 32/1/1 31/1/1
f 35/1/1 32/1/1 34/1/1
f 36/1/1 30/1/1 33/1/1
f 37/1/1 30/1/1 36/1/1
f 42/15/1 39/15/1 38/15/1
f 43/15/1 39/15/1 42/15/1
f 44/16/1 41/16/1 40/16/1
f 45/16/1 41/16/1 44/16/1
f 48/10/1 47/10/1 46/10/1
f 49/10/1 47/10/1 48/10/1
f 52/15/1 51/15/1 50/15/1
f 53/15/1 51/15/1 52/15/1
f 56/15/1 55/15/1 54/15/1
f 57/15/1 55/15/1 56/15/1
f 60/15/1 59/15/1 58/15/1
f 61/15/1 59/15/1 60/15/1
f 64/15/1 63/15/1 62/15/1
f 65/15/1 63/15/1 64/15/1
f 68/15/1 67/15/1 66/15/1
f 69/15/1 67/15/1 68/15/1
f 74/10/1 73/10/1 72/10/1
f 75/10/1 73/10/1 74/10/1
f 76/1/1 71/1/1 70/1/1
f 77/1/1 71/1/1 76/1/1
f 80/1/1 79/1/1 78/1/1
f 81/1/1 79/1/1 80/1/1
f 84/1/1 83/1/1 82/1/1
f 85/1/1 83/1/1 84/1/1
f 86/1/1 83/1/1 85/1/1
f 87/1/1 83/1/1 86/1/1
f 90/1/1 84/1/1 82/1/1
f 92/1/1 89/1/1 88/1/1
f 93/1/1 89/1/1 92/1/1
f 94/1/1 91/1/1 90/1/1
f 95/1/1 83/1/1 87/1/1
f 96/1/1 94/1/1 90/1/1
f 96/1/1 95/1/1 94/1/1
f 96/1/1 90/1/1 82/1/1
f 97/1/1 83/1/1 95/1/1
f 97/1/1 95/1/1 96/1/1
f 100/1/1 99/1/1 98/1/1
f 101/1/1 99/1/1 100/1/1
f 104/1/1 103/1/1 102/1/1
f 105/1/1 103/1/1 104/1/1
f 106/1/1 104/1/1 102/1/1
f 108/1/1 103/1/1 105/1/1
f 109/1/1 103/1/1 108/1/1
f 110/1/1 107/1/1 106/1/1
f 110/1/1 106/1/1 102/1/1
f 111/1/1 107/1/1 110/1/1
f 114/1/1 113/1/1 112/1/1
f 115/1/1 113/1/1 114/1/1
f 116/1/1 110/1/1 102/1/1
f 117/1/1 103/1/1 109/1/1
f 118/1/1 116/1/1 102/1/1
f 118/1/1 117/1/1 116/1/1
f 119/1/1 103/1/1 117/1/1
f 119/1/1 117/1/1 118/1/1
f 122/16/1 121/16/1 120/16/1
f 123/16/1 121/16/1 122/16/1
f 126/5/1 125/5/1 124/5/1
f 127/5/1 125/5/1 126/5/1
f 130/10/1 129/10/1 128/10/1
f 131/10/1 129/10/1 130/10/1
f 134/17/1 133/17/1 132/17/1
f 136/17/1 134/17/1 132/17/1
f 136/17/1 135/17/1 134/17/1
f 137/17/1 135/17/1 136/17/1
f 138/17/1 136/17/1 132/17/1
f 139/17/1 136/17/1 138/17/1
f 140/17/1 136/17/1 139/17/1
f 141/17/1 135/17/1 137/17/1
f 142/17/1 138/17/1 132/17/1
f 143/17/1 138/17/1 142/17/1
f 144/17/1 138/17/1 143/17/1
f 145/17/1 140/17/1 139/17/1
f 145/17/1 141/17/1 140/17/1
f 146/17/1 144/17/1 143/17/1
f 146/17/1 145/17/1 144/17/1
f 147/17/1 141/17/1 145/17/1
f 147/17/1 145/17/1 146/17/1
f 147/17/1 135/17/1 141/17/1
f 150/17/1 149/17/1 148/17/1
f 151/17/1 149/17/1 150/17/1
f 152/17/1 149/17/1 151/17/1
f 155/17/1 152/17/1 151/17/1
f 155/17/1 153/17/1 152/17/1
f 156/17/1 153/17/1 155/17/1
f 156/17/1 155/17/1 154/17/1
f 157/17/1 153/17/1 156/17/1
f 158/17/1 156/17/1 154/17/1
f 159/17/1 153/17/1 157/17/1
f 160/17/1 158/17/1 154/17/1
f 160/17/1 159/17/1 158/17/1
f 161/17/1 153/17/1 159/17/1
f 161/17/1 159/17/1 160/17/1
f 164/1/1 163/1/1 162/1/1
f 165/1/1 163/1/1 164/1/1
f 168/15/1 167/15/1 166/15/1
f 169/15/1 167/15/1 168/15/1
f 172/15/1 171/15/1 170/15/1
f 173/15/1 171/15/1 172/15/1
f 176/15/1 175/15/1 174/15/1
f 177/15/1 175/15/1 176/15/1
f 180/15/1 179/15/1 178/15/1
f 181/15/1 179/15/1 180/15/1
f 184/15/1 183/15/1 182/15/1
f 185/15/1 183/15/1 184/15/1
f 188/16/1 187/16/1 186/16/1
f 189/16/1 187/16/1 188/16/1
f 192/14/1 191/14/1 190/14/1
f 193/14/1 191/14/1 192/14/1
f 196/14/1 195/14/1 194/14/1
f 197/14/1 195/14/1 196/14/1
f 200/17/1 199/17/1 198/17/1
f 201/17/1 199/17/1 200/17/1
f 204/14/1 203/14/1 202/14/1
f 205/14/1 203/14/1 204/14/1
f 208/14/1 207/14/1 206/14/1
f 209/14/1 207/14/1 208/14/1
f 212/17/1 211/17/1 210/17/1
f 213/17/1 211/17/1 212/17/1
f 216/15/1 215/15/1 214/15/1
f 217/15/1 215/15/1 216/15/1
f 220/10/1 219/10/1 218/10/1
f 221/10/1 219/10/1 220/10/1
f 224/1/1 223/1/1 222/1/1
f 225/1/1 223/1/1 224/1/1
f 228/1/1 227/1/1 226/1/1
f 229/1/1 227/1/1 228/1/1
f 232/1/1 231/1/1 230/1/1
f 233/1/1 231/1/1 232/1/1
f 236/1/1 235/1/1 234/1/1
f 237/1/1 235/1/1 236/1/1
f 240/1/1 239/1/1 238/1/1
f 241/1/1 239/1/1 240/1/1
f 244/10/1 243/10/1 242/10/1
f 245/10/1 243/10/1 244/10/1
f 248/5/1 247/5/1 246/5/1
f 249/5/1 247/5/1 248/5/1
f 252/10/1 251/10/1 250/10/1
f 253/10/1 251/10/1 252/10/1
f 256/17/1 255/17/1 254/17/1
f 257/17/1 255/17/1 256/17/1
f 260/15/1 259/15/1 258/15/1
f 261/15/1 259/15/1 260/15/1
f 264/17/1 263/17/1 262/17/1
f 265/17/1 263/17/1 264/17/1
f 268/17/1 267/17/1 266/17/1
f 269/17/1 267/17/1 268/17/1
f 272/15/1 271/15/1 270/15/1
f 273/15/1 271/15/1 272/15/1
f 276/6/1 275/6/1 274/6/1
f 277/6/1 275/6/1 276/6/1
f 279/6/1 278/6/1 277/6/1
f 280/6/1 278/6/1 279/6/1
f 283/6/1 282/6/1 281/6/1
f 285/6/1 283/6/1 281/6/1
f 285/6/1 284/6/1 283/6/1
f 286/6/1 284/6/1 285/6/1
f 287/7/1 286/7/1 285/7/1
f 288/7/1 286/7/1 287/7/1
f 291/6/1 290/6/1 289/6/1
f 292/6/1 290/6/1 291/6/1
f 296/7/1 294/7/1 293/7/1
f 297/6/1 295/6/1 294/6/1
f 297/7/1 294/7/1 296/7/1
f 298/6/1 295/6/1 297/6/1
f 299/6/1 295/6/1 298/6/1
f 302/1/1 301/1/1 300/1/1
f 303/1/1 301/1/1 302/1/1
f 306/15/1 305/15/1 304/15/1
f 307/15/1 305/15/1 306/15/1
f 308/15/1 305/15/1 307/15/1
f 310/5/1 307/5/1 306/5/1
f 311/5/1 307/5/1 310/5/1
f 312/5/1 307/5/1 311/5/1
f 314/6/1 310/6/1 309/6/1
f 315/6/1 310/6/1 314/6/1
f 316/5/1 312/5/1 311/5/1
f 316/5/1 313/5/1 312/5/1
f 317/5/1 313/5/1 316/5/1
f 318/5/1 313/5/1 317/5/1
f 319/6/1 316/6/1 315/6/1
f 320/6/1 316/6/1 319/6/1
f 322/3/1 320/3/1 319/3/1
f 322/3/1 321/3/1 320/3/1
f 323/3/1 321/3/1 322/3/1
f 326/15/1 325/15/1 324/15/1
f 327/15/1 325/15/1 326/15/1
f 328/15/1 325/15/1 327/15/1
f 329/5/1 327/5/1 326/5/1
f 330/5/1 327/5/1 329/5/1
f 333/5/1 327/5/1 330/5/1
f 334/5/1 327/5/1 333/5/1
f 336/6/1 332/6/1 331/6/1
f 337/6/1 332/6/1 336/6/1
f 338/5/1 335/5/1 334/5/1
f 339/5/1 335/5/1 338/5/1
f 342/7/1 341/7/1 340/7/1
f 343/7/1 341/7/1 342/7/1
f 346/15/1 345/15/1 344/15/1
f 347/15/1 345/15/1 346/15/1
f 348/15/1 345/15/1 347/15/1
f 350/5/1 347/5/1 346/5/1
f 351/5/1 347/5/1 350/5/1
f 352/5/1 347/5/1 351/5/1
f 355/6/1 350/6/1 349/6/1
f 356/5/1 351/5/1 350/5/1
f 356/6/1 350/6/1 355/6/1
f 357/5/1 351/5/1 356/5/1
f 358/5/1 354/5/1 353/5/1
f 359/5/1 354/5/1 358/5/1
f 360/2/1 356/2/1 355/2/1
f 361/6/1 357/6/1 356/6/1
f 361/2/1 356/2/1 360/2/1
f 361/6/1 358/6/1 357/6/1
f 362/6/1 358/6/1 361/6/1
f 363/6/1 358/6/1 362/6/1
f 364/2/1 362/2/1 361/2/1
f 365/2/1 362/2/1 364/2/1
f 368/15/1 367/15/1 366/15/1
f 369/15/1 367/15/1 368/15/1
f 370/15/1 367/15/1 369/15/1
f 371/5/1 369/5/1 368/5/1
f 372/5/1 369/5/1 371/5/1
f 375/5/1 371/5/1 368/5/1
f 376/5/1 371/5/1 375/5/1
f 378/5/1 374/5/1 373/5/1
f 379/5/1 374/5/1 378/5/1
f 381/6/1 377/6/1 376/6/1
f 381/6/1 376/6/1 375/6/1
f 382/6/1 377/6/1 381/6/1
f 383/6/1 377/6/1 382/6/1
f 384/7/1 381/7/1 380/7/1
f 384/7/1 382/7/1 381/7/1
f 385/6/1 383/6/1 382/6/1
f 385/7/1 382/7/1 384/7/1
f 386/6/1 383/6/1 385/6/1
f 389/15/1 388/15/1 387/15/1
f 390/15/1 388/15/1 389/15/1
f 393/15/1 392/15/1 391/15/1
f 394/15/1 392/15/1 393/15/1
f 395/15/1 392/15/1 394/15/1
f 396/15/1 392/15/1 395/15/1
f 397/15/1 392/15/1 396/15/1
f 399/15/1 398/15/1 397/15/1
f 399/15/1 397/15/1 396/15/1
f 400/15/1 398/15/1 399/15/1
f 403/15/1 402/15/1 401/15/1
f 404/15/1 402/15/1 403/15/1
f 407/15/1 406/15/1 405/15/1
f 408/15/1 406/15/1 407/15/1
f 411/7/1 410/7/1 409/7/1
f 412/7/1 410/7/1 411/7/1
f 415/15/1 414/15/1 413/15/1
f 416/15/1 414/15/1 415/15/1
f 419/15/1 418/15/1 417/15/1
f 420/15/1 418/15/1 419/15/1
f 423/15/1 422/15/1 421/15/1
f 424/15/1 422/15/1 423/15/1
f 427/15/1 426/15/1 425/15/1
f 428/15/1 426/15/1 427/15/1
f 431/6/1 430/6/1 429/6/1
f 432/6/1 430/6/1 431/6/1
f 434/6/1 433/6/1 432/6/1
f 435/6/1 433/6/1 434/6/1
f 438/5/1 437/5/1 436/5/1
f 439/5/1 437/5/1 438/5/1
f 442/5/1 441/5/1 440/5/1
f 443/5/1 441/5/1 442/5/1
f 447/5/1 445/5/1 444/5/1
f 448/5/1 445/5/1 447/5/1
f 449/6/1 447/6/1 446/6/1
f 450/6/1 447/6/1 449/6/1
f 452/3/1 450/3/1 449/3/1
f 453/6/1 451/6/1 450/6/1
f 453/3/1 450/3/1 452/3/1
f 454/6/1 451/6/1 453/6/1
f 455/6/1 451/6/1 454/6/1
f 456/3/1 454/3/1 453/3/1
f 457/3/1 454/3/1 456/3/1
f 460/5/1 459/5/1 458/5/1
f 461/5/1 459/5/1 460/5/1
f 464/6/1 463/6/1 462/6/1
f 465/6/1 463/6/1 464/6/1
f 468/2/1 467/2/1 466/2/1
f 469/2/1 467/2/1 468/2/1
f 472/2/1 471/2/1 470/2/1
f 473/2/1 471/2/1 472/2/1
f 476/9/1 475/9/1 474/9/1
f 477/9/1 475/9/1 476/9/1
f 480/6/1 479/6/1 478/6/1
f 481/6/1 479/6/1 480/6/1
f 482/6/1 479/6/1 481/6/1
f 483/2/1 481/2/1 480/2/1
f 484/2/1 481/2/1 483/2/1
f 487/6/1 486/6/1 485/6/1
f 488/6/1 486/6/1 487/6/1
f 490/7/1 488/7/1 487/7/1
f 491/6/1 489/6/1 488/6/1
f 491/7/1 488/7/1 490/7/1
f 492/6/1 489/6/1 491/6/1
f 495/6/1 494/6/1 493/6/1
f 496/6/1 494/6/1 495/6/1
f 499/6/1 498/6/1 497/6/1
f 500/6/1 498/6/1 499/6/1
f 503/6/1 502/6/1 501/6/1
f 504/6/1 502/6/1 503/6/1
f 505/2/1 504/2/1 503/2/1
f 506/2/1 504/2/1 505/2/1
f 509/2/1 508/2/1 507/2/1
f 510/2/1 508/2/1 509/2/1
f 514/6/1 512/6/1 511/6/1
f 515/6/1 512/6/1 514/6/1
f 516/7/1 514/7/1 513/7/1
f 516/7/1 515/7/1 514/7/1
f 517/7/1 515/7/1 516/7/1
f 520/2/1 519/2/1 518/2/1
f 521/2/1 519/2/1 520/2/1
f 524/6/1 523/6/1 522/6/1
f 525/6/1 523/6/1 524/6/1
f 528/6/1 527/6/1 526/6/1
f 529/6/1 527/6/1 528/6/1
f 532/15/1 531/15/1 530/15/1
f 533/15/1 531/15/1 532/15/1
f 536/5/1 535/5/1 534/5/1
f 537/5/1 535/5/1 536/5/1
f 540/5/1 539/5/1 538/5/1
f 541/5/1 539/5/1 540/5/1
f 545/5/1 543/5/1 542/5/1
f 546/5/1 543/5/1 545/5/1
f 547/6/1 545/6/1 544/6/1
f 548/6/1 545/6/1 547/6/1
f 550/6/1 549/6/1 548/6/1
f 551/6/1 549/6/1 550/6/1
f 555/5/1 553/5/1 552/5/1
f 556/5/1 553/5/1 555/5/1
f 557/6/1 555/6/1 554/6/1
f 558/6/1 555/6/1 557/6/1
f 560/6/1 559/6/1 558/6/1
f 561/6/1 559/6/1 560/6/1
f 564/9/1 563/9/1 562/9/1
f 565/9/1 563/9/1 564/9/1
f 569/6/1 567/6/1 566/6/1
f 570/6/1 567/6/1 569/6/1
f 571/3/1 569/3/1 568/3/1
f 572/3/1 569/3/1 571/3/1
f 577/6/1 574/6/1 573/6/1
f 578/6/1 574/6/1 577/6/1
f 579/6/1 576/6/1 575/6/1
f 580/6/1 576/6/1 579/6/1
f 581/3/1 578/3/1 577/3/1
f 582/3/1 578/3/1 581/3/1
f 583/3/1 580/3/1 579/3/1
f 584/3/1 580/3/1 583/3/1
f 587/6/1 586/6/1 585/6/1
f 588/6/1 586/6/1 587/6/1
f 591/15/1 590/15/1 589/15/1
f 593/15/1 591/15/1 589/15/1
f 593/15/1 592/15/1 591/15/1
f 594/15/1 592/15/1 593/15/1
f 595/15/1 592/15/1 594/15/1
f 597/15/1 596/15/1 595/15/1
f 597/15/1 595/15/1 594/15/1
f 598/15/1 596/15/1 597/15/1
f 599/15/1 596/15/1 598/15/1
f 601/15/1 600/15/1 599/15/1
f 601/15/1 599/15/1 598/15/1
f 602/15/1 600/15/1 601/15/1
f 603/15/1 600/15/1 602/15/1
f 604/15/1 600/15/1 603/15/1
f 605/9/1 604/9/1 603/9/1
f 606/15/1 600/15/1 604/15/1
f 606/9/1 604/9/1 605/9/1
f 607/12/1 606/12/1 605/12/1
f 608/15/1 600/15/1 606/15/1
f 608/12/1 606/12/1 607/12/1
f 609/15/1 608/15/1 607/15/1
f 610/15/1 600/15/1 608/15/1
f 610/15/1 608/15/1 609/15/1
f 613/15/1 612/15/1 611/15/1
f 614/15/1 612/15/1 613/15/1
f 619/6/1 618/6/1 617/6/1
f 620/6/1 618/6/1 619/6/1
f 621/15/1 616/15/1 615/15/1
f 622/15/1 616/15/1 621/15/1
f 625/15/1 624/15/1 623/15/1
f 626/15/1 624/15/1 625/15/1
f 629/15/1 628/15/1 627/15/1
f 630/15/1 628/15/1 629/15/1
f 634/5/1 632/5/1 631/5/1
f 635/5/1 632/5/1 634/5/1
f 637/6/1 634/6/1 633/6/1
f 639/5/1 636/5/1 635/5/1
f 640/5/1 636/5/1 639/5/1
f 641/6/1 637/6/1 633/6/1
f 642/6/1 637/6/1 641/6/1
f 643/6/1 639/6/1 638/6/1
f 644/6/1 639/6/1 643/6/1
f 645/7/1 642/7/1 641/7/1
f 646/7/1 642/7/1 645/7/1
f 647/7/1 644/7/1 643/7/1
f 648/7/1 644/7/1 647/7/1
f 652/5/1 650/5/1 649/5/1
f 653/5/1 650/5/1 652/5/1
f 655/6/1 652/6/1 651/6/1
f 656/6/1 652/6/1 655/6/1
f 658/5/1 654/5/1 653/5/1
f 659/5/1 654/5/1 658/5/1
f 660/5/1 654/5/1 659/5/1
f 661/3/1 656/3/1 655/3/1
f 662/3/1 656/3/1 661/3/1
f 663/3/1 658/3/1 657/3/1
f 664/6/1 659/6/1 658/6/1
f 664/3/1 658/3/1 663/3/1
f 665/6/1 659/6/1 664/6/1
f 668/5/1 667/5/1 666/5/1
f 669/5/1 667/5/1 668/5/1
f 673/5/1 670/5/1 669/5/1
f 674/5/1 670/5/1 673/5/1
f 675/5/1 670/5/1 674/5/1
f 676/6/1 672/6/1 671/6/1
f 676/6/1 673/6/1 672/6/1
f 676/6/1 674/6/1 673/6/1
f 677/6/1 674/6/1 676/6/1
f 678/6/1 674/6/1 677/6/1
f 679/7/1 677/7/1 676/7/1
f 680/7/1 677/7/1 679/7/1
f 683/5/1 682/5/1 681/5/1
f 684/5/1 682/5/1 683/5/1
f 686/5/1 685/5/1 684/5/1
f 687/5/1 685/5/1 686/5/1
f 688/5/1 685/5/1 687/5/1
f 689/6/1 687/6/1 686/6/1
f 690/6/1 687/6/1 689/6/1
f 693/15/1 692/15/1 691/15/1
f 694/15/1 692/15/1 693/15/1
f 699/6/1 696/6/1 695/6/1
f 700/6/1 696/6/1 699/6/1
f 701/7/1 698/7/1 697/7/1
f 702/7/1 698/7/1 701/7/1
f 706/3/1 704/3/1 703/3/1
f 706/3/1 705/3/1 704/3/1
f 707/3/1 705/3/1 706/3/1
f 710/6/1 709/6/1 708/6/1
f 711/6/1 709/6/1 710/6/1
f 714/7/1 713/7/1 712/7/1
f 715/7/1 713/7/1 714/7/1
f 720/6/1 717/6/1 716/6/1
f 721/6/1 717/6/1 720/6/1
f 722/6/1 717/6/1 721/6/1
f 723/6/1 719/6/1 718/6/1
f 724/6/1 719/6/1 723/6/1
f 725/3/1 721/3/1 720/3/1
f 726/3/1 721/3/1 725/3/1
f 729/16/1 728/16/1 727/16/1
f 730/16/1 728/16/1 729/16/1
f 733/15/1 732/15/1 731/15/1
f 734/15/1 732/15/1 733/15/1
f 737/10/1 736/10/1 735/10/1
f 738/10/1 736/10/1 737/10/1
f 741/10/1 740/10/1 739/10/1
f 742/10/1 740/10/1 741/10/1
f 745/5/1 744/5/1 743/5/1
f 746/5/1 744/5/1 745/5/1
f 749/10/1 748/10/1 747/10/1
f 750/10/1 748/10/1 749/10/1
f 753/15/1 752/15/1 751/15/1
f 754/15/1 752/15/1 753/15/1
f 757/15/1 756/15/1 755/15/1
f 758/15/1 756/15/1 757/15/1
f 761/15/1 760/15/1 759/15/1
f 762/15/1 760/15/1 761/15/1
f 765/15/1 764/15/1 763/15/1
f 766/15/1 764/15/1 765/15/1
f 769/15/1 768/15/1 767/15/1
f 770/15/1 768/15/1 769/15/1
f 773/16/1 772/16/1 771/16/1
f 774/16/1 772/16/1 773/16/1
f 777/14/1 776/14/1 775/14/1
f 778/14/1 776/14/1 777/14/1
f 781/17/1 780/17/1 779/17/1
f 782/17/1 780/17/1 781/17/1
f 785/14/1 784/14/1 783/14/1
f 786/14/1 784/14/1 785/14/1
f 789/14/1 788/14/1 787/14/1
f 790/14/1 788/14/1 789/14/1
f 793/17/1 792/17/1 791/17/1
f 794/17/1 792/17/1 793/17/1
f 797/14/1 796/14/1 795/14/1
f 798/14/1 796/14/1 797/14/1
f 801/1/1 800/1/1 799/1/1
f 802/1/1 800/1/1 801/1/1
f 805/1/1 804/1/1 803/1/1
f 806/1/1 804/1/1 805/1/1
f 809/1/1 808/1/1 807/1/1
f 810/1/1 808/1/1 809/1/1
f 813/1/1 812/1/1 811/1/1
f 814/1/1 812/1/1 813/1/1
f 817/1/1 816/1/1 815/1/1
f 818/1/1 816/1/1 817/1/1
f 821/1/1 820/1/1 819/1/1
f 822/1/1 820/1/1 821/1/1
f 825/15/1 824/15/1 823/15/1
f 826/15/1 824/15/1 825/15/1
f 829/10/1 828/10/1 827/10/1
f 830/10/1 828/10/1 829/10/1
f 833/10/1 832/10/1 831/10/1
f 834/10/1 832/10/1 833/10/1
f 837/5/1 836/5/1 835/5/1
f 838/5/1 836/5/1 837/5/1
f 841/10/1 840/10/1 839/10/1
f 842/10/1 840/10/1 841/10/1
f 845/17/1 844/17/1 843/17/1
f 846/17/1 844/17/1 845/17/1
f 849/17/1 848/17/1 847/17/1
f 850/17/1 848/17/1 849/17/1
f 853/17/1 852/17/1 851/17/1
f 854/17/1 852/17/1 853/17/1
f 857/1/1 856/1/1 855/1/1
f 858/1/1 856/1/1 857/1/1
f 861/15/1 860/15/1 859/15/1
f 862/15/1 860/15/1 861/15/1
f 867/1/1 864/1/1 863/1/1
f 868/1/1 864/1/1 867/1/1
f 869/1/1 866/1/1 865/1/1
f 870/1/1 866/1/1 869/1/1
f 879/1/1 872/1/1 871/1/1
f 880/1/1 872/1/1 879/1/1
f 881/1/1 874/1/1 873/1/1
f 882/1/1 874/1/1 881/1/1
f 883/1/1 876/1/1 875/1/1
f 884/1/1 876/1/1 883/1/1
f 885/1/1 878/1/1 877/1/1
f 886/1/1 878/1/1 885/1/1
f 889/1/1 888/1/1 887/1/1
f 890/1/1 888/1/1 889/1/1
f 893/1/1 892/1/1 891/1/1
f 894/1/1 892/1/1 893/1/1
f 897/1/1 896/1/1 895/1/1
f 898/1/1 896/1/1 897/1/1
f 899/1/2 900/1/2 901/1/2
f 901/1/2 900/1/2 902/1/2
f 903/1/2 904/1/2 909/1/2
f 909/1/2 904/1/2 910/1/2
f 905/1/2 906/1/2 911/1/2
f 911/1/2 906/1/2 912/1/2
f 907/1/2 908/1/2 913/1/2
f 913/1/2 908/1/2 914/1/2
f 915/1/2 916/1/2 919/1/2
f 919/1/2 916/1/2 920/1/2
f 917/1/2 918/1/2 921/1/2
f 921/1/2 918/1/2 922/1/2
f 925/1/2 926/1/2 927/1/2
f 927/1/2 926/1/2 928/1/2
f 923/1/2 924/1/2 929/1/2
f 929/1/2 924/1/2 930/1/2
f 931/16/2 932/16/2 933/16/2
f 933/16/2 932/16/2 934/16/2
f 935/15/2 936/15/2 937/15/2
f 937/15/2 936/15/2 938/15/2
f 939/5/2 940/5/2 941/5/2
f 941/5/2 940/5/2 942/5/2
f 943/10/2 944/10/2 945/10/2
f 945/10/2 944/10/2 946/10/2
f 947/10/2 948/10/2 949/10/2
f 949/10/2 948/10/2 950/10/2
f 951/15/2 952/15/2 953/15/2
f 953/15/2 952/15/2 954/15/2
f 955/10/2 956/10/2 957/10/2
f 957/10/2 956/10/2 958/10/2
f 959/16/2 960/16/2 961/16/2
f 961/16/2 960/16/2 962/16/2
f 963/1/2 964/1/2 965/1/2
f 965/1/2 964/1/2 966/1/2
f 967/1/2 968/1/2 969/1/2
f 969/1/2 968/1/2 970/1/2
f 971/1/2 972/1/2 973/1/2
f 973/1/2 972/1/2 974/1/2
f 975/1/2 976/1/2 977/1/2
f 977/1/2 976/1/2 978/1/2
f 979/1/2 980/1/2 981/1/2
f 981/1/2 980/1/2 982/1/2
f 983/14/2 984/14/2 985/14/2
f 985/14/2 984/14/2 986/14/2
f 987/17/2 988/17/2 989/17/2
f 989/17/2 988/17/2 990/17/2
f 991/14/2 992/14/2 993/14/2
f 993/14/2 992/14/2 994/14/2
f 995/14/2 996/14/2 997/14/2
f 997/14/2 996/14/2 998/14/2
f 999/14/2 1000/14/2 1001/14/2
f 1001/14/2 1000/14/2 1002/14/2
f 1003/17/2 1004/17/2 1005/17/2
f 1005/17/2 1004/17/2 1006/17/2
f 1007/15/2 1008/15/2 1009/15/2
f 1009/15/2 1008/15/2 1010/15/2
f 1011/15/2 1012/15/2 1013/15/2
f 1013/15/2 1012/15/2 1014/15/2
f 1015/15/2 1016/15/2 1017/15/2
f 1017/15/2 1016/15/2 1018/15/2
f 1019/15/2 1020/15/2 1021/15/2
f 1021/15/2 1020/15/2 1022/15/2
f 1023/15/2 1024/15/2 1025/15/2
f 1025/15/2 1024/15/2 1026/15/2
f 1027/1/2 1028/1/2 1029/1/2
f 1029/1/2 1028/1/2 1030/1/2
f 1031/5/2 1032/5/2 1033/5/2
f 1033/5/2 1032/5/2 1034/5/2
f 1035/10/2 1036/10/2 1037/10/2
f 1037/10/2 1036/10/2 1038/10/2
f 1039/10/2 1040/10/2 1041/10/2
f 1041/10/2 1040/10/2 1042/10/2
f 1043/15/2 1044/15/2 1045/15/2
f 1045/15/2 1044/15/2 1046/15/2
f 1047/10/2 1048/10/2 1049/10/2
f 1049/10/2 1048/10/2 1050/10/2
f 1051/17/2 1052/17/2 1053/17/2
f 1053/17/2 1052/17/2 1054/17/2
f 1055/17/2 1056/17/2 1057/17/2
f 1057/17/2 1056/17/2 1058/17/2
f 1059/6/2 1060/6/2 1061/6/2
f 1061/6/2 1060/6/2 1062/6/2
f 1063/6/2 1064/6/2 1066/6/2
f 1066/6/2 1064/6/2 1067/6/2
f 1065/3/2 1066/3/2 1068/3/2
f 1068/3/2 1066/3/2 1069/3/2
f 1070/2/2 1071/2/2 1074/2/2
f 1074/2/2 1071/2/2 1075/2/2
f 1072/6/2 1073/6/2 1077/6/2
f 1077/6/2 1073/6/2 1078/6/2
f 1075/2/2 1076/2/2 1079/2/2
f 1079/2/2 1076/2/2 1080/2/2
f 1081/6/2 1082/6/2 1086/6/2
f 1086/6/2 1082/6/2 1087/6/2
f 1083/6/2 1084/6/2 1088/6/2
f 1088/6/2 1084/6/2 1089/6/2
f 1086/7/2 1087/7/2 1090/7/2
f 1085/7/2 1086/7/2 1090/7/2
f 1090/7/2 1087/7/2 1091/7/2
f 1092/5/2 1093/5/2 1094/5/2
f 1094/5/2 1093/5/2 1095/5/2
f 1095/5/2 1096/5/2 1098/5/2
f 1098/5/2 1096/5/2 1099/5/2
f 1097/6/2 1098/6/2 1101/6/2
f 1101/6/2 1098/6/2 1102/6/2
f 1100/3/2 1101/3/2 1103/3/2
f 1103/3/2 1101/3/2 1104/3/2
f 1105/5/2 1106/5/2 1108/5/2
f 1108/5/2 1106/5/2 1109/5/2
f 1107/6/2 1108/6/2 1111/6/2
f 1111/6/2 1108/6/2 1112/6/2
f 1109/5/2 1110/5/2 1113/5/2
f 1113/5/2 1110/5/2 1114/5/2
f 1111/7/2 1112/7/2 1115/7/2
f 1112/6/2 1113/6/2 1116/6/2
f 1115/7/2 1112/7/2 1116/7/2
f 1116/6/2 1113/6/2 1117/6/2
f 1117/6/2 1113/6/2 1118/6/2
f 1118/6/2 1113/6/2 1119/6/2
f 1120/5/2 1121/5/2 1123/5/2
f 1123/5/2 1121/5/2 1124/5/2
f 1122/6/2 1123/6/2 1126/6/2
f 1126/6/2 1123/6/2 1127/6/2
f 1124/5/2 1125/5/2 1128/5/2
f 1128/5/2 1125/5/2 1129/5/2
f 1127/6/2 1128/6/2 1130/6/2
f 1130/6/2 1128/6/2 1131/6/2
f 1132/5/2 1133/5/2 1134/5/2
f 1134/5/2 1133/5/2 1135/5/2
f 1135/5/2 1136/5/2 1138/5/2
f 1138/5/2 1136/5/2 1139/5/2
f 1137/6/2 1138/6/2 1140/6/2
f 1140/6/2 1138/6/2 1141/6/2
f 1140/7/2 1141/7/2 1142/7/2
f 1142/7/2 1141/7/2 1143/7/2
f 1144/15/2 1145/15/2 1146/15/2
f 1144/15/2 1146/15/2 1148/15/2
f 1146/15/2 1147/15/2 1148/15/2
f 1148/15/2 1147/15/2 1149/15/2
f 1149/15/2 1147/15/2 1150/15/2
f 1150/15/2 1151/15/2 1152/15/2
f 1149/15/2 1150/15/2 1152/15/2
f 1152/15/2 1151/15/2 1153/15/2
f 1153/15/2 1151/15/2 1154/15/2
f 1154/15/2 1155/15/2 1156/15/2
f 1153/15/2 1154/15/2 1156/15/2
f 1156/15/2 1155/15/2 1157/15/2
f 1157/15/2 1155/15/2 1158/15/2
f 1158/15/2 1155/15/2 1159/15/2
f 1162/6/2 1163/6/2 1164/6/2
f 1164/6/2 1163/6/2 1165/6/2
f 1160/15/2 1161/15/2 1166/15/2
f 1166/15/2 1161/15/2 1167/15/2
f 1168/15/2 1169/15/2 1170/15/2
f 1170/15/2 1169/15/2 1171/15/2
f 1172/15/2 1173/15/2 1174/15/2
f 1174/15/2 1173/15/2 1175/15/2
f 1176/15/2 1177/15/2 1178/15/2
f 1178/15/2 1177/15/2 1179/15/2
f 1180/15/2 1181/15/2 1182/15/2
f 1182/15/2 1181/15/2 1183/15/2
f 1184/15/2 1185/15/2 1186/15/2
f 1186/15/2 1185/15/2 1187/15/2
f 1188/6/2 1189/6/2 1190/6/2
f 1190/6/2 1189/6/2 1191/6/2
f 1192/6/2 1193/6/2 1195/6/2
f 1195/6/2 1193/6/2 1196/6/2
f 1194/3/2 1195/3/2 1197/3/2
f 1197/3/2 1195/3/2 1198/3/2
f 1199/6/2 1200/6/2 1201/6/2
f 1201/6/2 1200/6/2 1202/6/2
f 1203/6/2 1204/6/2 1205/6/2
f 1205/6/2 1204/6/2 1206/6/2
f 1207/5/2 1208/5/2 1209/5/2
f 1209/5/2 1208/5/2 1210/5/2
f 1211/5/2 1212/5/2 1213/5/2
f 1213/5/2 1212/5/2 1214/5/2
f 1215/5/2 1216/5/2 1217/5/2
f 1217/5/2 1216/5/2 1218/5/2
f 1219/2/2 1220/2/2 1221/2/2
f 1221/2/2 1220/2/2 1222/2/2
f 1223/5/2 1224/5/2 1225/5/2
f 1225/5/2 1224/5/2 1226/5/2
f 1227/2/2 1228/2/2 1229/2/2
f 1229/2/2 1228/2/2 1230/2/2
f 1231/3/2 1232/3/2 1233/3/2
f 1233/3/2 1232/3/2 1234/3/2
f 1235/6/2 1236/6/2 1237/6/2
f 1237/6/2 1236/6/2 1238/6/2
f 1238/2/2 1239/2/2 1240/2/2
f 1240/2/2 1239/2/2 1241/2/2
f 1242/9/2 1243/9/2 1244/9/2
f 1244/9/2 1243/9/2 1245/9/2
f 1246/2/2 1247/2/2 1248/2/2
f 1248/2/2 1247/2/2 1249/2/2
f 1250/7/2 1251/7/2 1252/7/2
f 1252/7/2 1251/7/2 1253/7/2
f 1254/6/2 1255/6/2 1256/6/2
f 1256/6/2 1255/6/2 1257/6/2
f 1257/6/2 1258/6/2 1259/6/2
f 1259/6/2 1258/6/2 1260/6/2
f 1259/2/2 1260/2/2 1261/2/2
f 1261/2/2 1260/2/2 1262/2/2
f 1263/6/2 1264/6/2 1265/6/2
f 1265/6/2 1264/6/2 1266/6/2
f 1266/6/2 1267/6/2 1268/6/2
f 1268/6/2 1267/6/2 1269/6/2
f 1270/6/2 1271/6/2 1272/6/2
f 1272/6/2 1271/6/2 1273/6/2
f 1272/2/2 1273/2/2 1275/2/2
f 1273/6/2 1274/6/2 1276/6/2
f 1275/2/2 1273/2/2 1276/2/2
f 1276/6/2 1274/6/2 1277/6/2
f 1277/6/2 1274/6/2 1278/6/2
f 1276/6/2 1277/6/2 1279/6/2
f 1279/6/2 1277/6/2 1280/6/2
f 1281/7/2 1282/7/2 1284/7/2
f 1282/6/2 1283/6/2 1285/6/2
f 1284/7/2 1282/7/2 1285/7/2
f 1285/6/2 1283/6/2 1286/6/2
f 1287/6/2 1288/6/2 1289/6/2
f 1289/6/2 1288/6/2 1290/6/2
f 1291/6/2 1292/6/2 1293/6/2
f 1293/6/2 1292/6/2 1294/6/2
f 1295/6/2 1296/6/2 1297/6/2
f 1297/6/2 1296/6/2 1298/6/2
f 1299/5/2 1300/5/2 1301/5/2
f 1301/5/2 1300/5/2 1302/5/2
f 1303/5/2 1304/5/2 1305/5/2
f 1305/5/2 1304/5/2 1306/5/2
f 1307/5/2 1308/5/2 1310/5/2
f 1310/5/2 1308/5/2 1311/5/2
f 1309/6/2 1310/6/2 1312/6/2
f 1312/6/2 1310/6/2 1313/6/2
f 1313/6/2 1314/6/2 1315/6/2
f 1315/6/2 1314/6/2 1316/6/2
f 1316/6/2 1314/6/2 1317/6/2
f 1315/3/2 1316/3/2 1318/3/2
f 1318/3/2 1316/3/2 1319/3/2
f 1320/5/2 1321/5/2 1322/5/2
f 1322/5/2 1321/5/2 1323/5/2
f 1324/6/2 1325/6/2 1327/6/2
f 1325/6/2 1326/6/2 1327/6/2
f 1327/6/2 1326/6/2 1328/6/2
f 1328/6/2 1326/6/2 1329/6/2
f 1327/3/2 1328/3/2 1331/3/2
f 1331/3/2 1328/3/2 1332/3/2
f 1329/3/2 1330/3/2 1333/3/2
f 1333/3/2 1330/3/2 1334/3/2
f 1335/9/2 1336/9/2 1337/9/2
f 1337/9/2 1336/9/2 1338/9/2
f 1339/6/2 1340/6/2 1341/6/2
f 1341/6/2 1340/6/2 1342/6/2
f 1343/15/2 1344/15/2 1345/15/2
f 1345/15/2 1344/15/2 1346/15/2
f 1347/15/2 1348/15/2 1349/15/2
f 1349/15/2 1348/15/2 1350/15/2
f 1350/15/2 1348/15/2 1351/15/2
f 1351/15/2 1348/15/2 1352/15/2
f 1352/15/2 1348/15/2 1353/15/2
f 1353/15/2 1354/15/2 1355/15/2
f 1352/15/2 1353/15/2 1355/15/2
f 1355/15/2 1354/15/2 1356/15/2
f 1357/15/2 1358/15/2 1359/15/2
f 1359/15/2 1358/15/2 1360/15/2
f 1361/7/2 1362/7/2 1363/7/2
f 1363/7/2 1362/7/2 1364/7/2
f 1365/15/2 1366/15/2 1367/15/2
f 1367/15/2 1366/15/2 1368/15/2
f 1369/3/2 1370/3/2 1371/3/2
f 1371/3/2 1370/3/2 1372/3/2
f 1373/15/2 1374/15/2 1375/15/2
f 1375/15/2 1374/15/2 1376/15/2
f 1377/6/2 1378/6/2 1381/6/2
f 1381/6/2 1378/6/2 1382/6/2
f 1379/7/2 1380/7/2 1383/7/2
f 1383/7/2 1380/7/2 1384/7/2
f 1385/15/2 1386/15/2 1387/15/2
f 1387/15/2 1386/15/2 1388/15/2
f 1388/15/2 1389/15/2 1390/15/2
f 1390/15/2 1389/15/2 1391/15/2
f 1392/15/2 1393/15/2 1394/15/2
f 1394/15/2 1393/15/2 1395/15/2
f 1396/15/2 1397/15/2 1398/15/2
f 1398/15/2 1397/15/2 1399/15/2
f 1400/16/2 1401/16/2 1402/16/2
f 1402/16/2 1401/16/2 1403/16/2
f 1404/15/2 1405/15/2 1406/15/2
f 1406/15/2 1405/15/2 1407/15/2
f 1407/15/2 1405/15/2 1408/15/2
f 1406/5/2 1407/5/2 1410/5/2
f 1410/5/2 1407/5/2 1411/5/2
f 1411/5/2 1407/5/2 1412/5/2
f 1409/6/2 1410/6/2 1414/6/2
f 1410/5/2 1411/5/2 1415/5/2
f 1414/6/2 1410/6/2 1415/6/2
f 1415/5/2 1411/5/2 1416/5/2
f 1412/5/2 1413/5/2 1417/5/2
f 1417/5/2 1413/5/2 1418/5/2
f 1418/5/2 1413/5/2 1419/5/2
f 1414/7/2 1415/7/2 1420/7/2
f 1415/6/2 1416/6/2 1421/6/2
f 1420/7/2 1415/7/2 1421/7/2
f 1416/6/2 1417/6/2 1421/6/2
f 1417/6/2 1418/6/2 1421/6/2
f 1421/6/2 1418/6/2 1422/6/2
f 1422/6/2 1418/6/2 1423/6/2
f 1421/7/2 1422/7/2 1424/7/2
f 1424/7/2 1422/7/2 1425/7/2
f 1426/15/2 1427/15/2 1428/15/2
f 1428/15/2 1427/15/2 1429/15/2
f 1429/15/2 1427/15/2 1430/15/2
f 1428/5/2 1429/5/2 1432/5/2
f 1432/5/2 1429/5/2 1433/5/2
f 1431/6/2 1432/6/2 1435/6/2
f 1435/6/2 1432/6/2 1436/6/2
f 1433/5/2 1434/5/2 1437/5/2
f 1437/5/2 1434/5/2 1438/5/2
f 1438/5/2 1434/5/2 1439/5/2
f 1436/6/2 1437/6/2 1440/6/2
f 1437/6/2 1438/6/2 1440/6/2
f 1440/6/2 1438/6/2 1441/6/2
f 1441/6/2 1438/6/2 1442/6/2
f 1440/3/2 1441/3/2 1443/3/2
f 1443/3/2 1441/3/2 1444/3/2
f 1445/15/2 1446/15/2 1447/15/2
f 1447/15/2 1446/15/2 1448/15/2
f 1448/15/2 1446/15/2 1449/15/2
f 1447/5/2 1448/5/2 1451/5/2
f 1451/5/2 1448/5/2 1452/5/2
f 1452/5/2 1448/5/2 1453/5/2
f 1450/6/2 1451/6/2 1455/6/2
f 1451/5/2 1452/5/2 1456/5/2
f 1455/6/2 1451/6/2 1456/6/2
f 1456/5/2 1452/5/2 1457/5/2
f 1453/5/2 1454/5/2 1458/5/2
f 1458/5/2 1454/5/2 1459/5/2
f 1455/7/2 1456/7/2 1460/7/2
f 1460/7/2 1456/7/2 1461/7/2
f 1457/6/2 1458/6/2 1462/6/2
f 1462/6/2 1458/6/2 1463/6/2
f 1462/7/2 1463/7/2 1464/7/2
f 1464/7/2 1463/7/2 1465/7/2
f 1466/15/2 1467/15/2 1468/15/2
f 1466/15/2 1468/15/2 1470/15/2
f 1468/15/2 1469/15/2 1470/15/2
f 1470/15/2 1469/15/2 1471/15/2
f 1471/15/2 1469/15/2 1472/15/2
f 1470/5/2 1471/5/2 1473/5/2
f 1473/5/2 1471/5/2 1474/5/2
f 1470/5/2 1473/5/2 1476/5/2
f 1476/5/2 1473/5/2 1477/5/2
f 1474/5/2 1475/5/2 1478/5/2
f 1478/5/2 1475/5/2 1479/5/2
f 1478/6/2 1479/6/2 1482/6/2
f 1482/6/2 1479/6/2 1483/6/2
f 1480/3/2 1481/3/2 1484/3/2
f 1484/3/2 1481/3/2 1485/3/2
f 1486/15/2 1487/15/2 1488/15/2
f 1488/15/2 1487/15/2 1489/15/2
f 1490/6/2 1491/6/2 1492/6/2
f 1492/6/2 1491/6/2 1493/6/2
f 1494/6/2 1495/6/2 1496/6/2
f 1496/6/2 1495/6/2 1497/6/2
f 1498/6/2 1499/6/2 1501/6/2
f 1501/6/2 1499/6/2 1502/6/2
f 1500/6/2 1501/6/2 1503/6/2
f 1503/6/2 1501/6/2 1504/6/2
f 1505/6/2 1506/6/2 1508/6/2
f 1507/3/2 1508/3/2 1509/3/2
f 1508/6/2 1506/6/2 1510/6/2
f 1509/3/2 1508/3/2 1510/3/2
f 1510/6/2 1506/6/2 1511/6/2
f 1512/1/2 1513/1/2 1514/1/2
f 1514/1/2 1513/1/2 1515/1/2
f 1516/15/2 1517/15/2 1518/15/2
f 1518/15/2 1517/15/2 1519/15/2
f 1520/15/2 1521/15/2 1522/15/2
f 1522/15/2 1521/15/2 1523/15/2
f 1524/5/2 1525/5/2 1526/5/2
f 1526/5/2 1525/5/2 1527/5/2
f 1528/10/2 1529/10/2 1530/10/2
f 1530/10/2 1529/10/2 1531/10/2
f 1532/10/2 1533/10/2 1534/10/2
f 1534/10/2 1533/10/2 1535/10/2
f 1536/15/2 1537/15/2 1538/15/2
f 1538/15/2 1537/15/2 1539/15/2
f 1540/10/2 1541/10/2 1542/10/2
f 1542/10/2 1541/10/2 1543/10/2
f 1544/1/2 1545/1/2 1546/1/2
f 1546/1/2 1545/1/2 1547/1/2
f 1548/1/2 1549/1/2 1550/1/2
f 1550/1/2 1549/1/2 1551/1/2
f 1552/1/2 1553/1/2 1554/1/2
f 1554/1/2 1553/1/2 1555/1/2
f 1556/1/2 1557/1/2 1558/1/2
f 1558/1/2 1557/1/2 1559/1/2
f 1560/1/2 1561/1/2 1562/1/2
f 1562/1/2 1561/1/2 1563/1/2
f 1564/16/2 1565/16/2 1566/16/2
f 1566/16/2 1565/16/2 1567/16/2
f 1568/15/2 1569/15/2 1570/15/2
f 1570/15/2 1569/15/2 1571/15/2
f 1572/17/2 1573/17/2 1574/17/2
f 1574/17/2 1573/17/2 1575/17/2
f 1576/14/2 1577/14/2 1578/14/2
f 1578/14/2 1577/14/2 1579/14/2
f 1580/14/2 1581/14/2 1582/14/2
f 1582/14/2 1581/14/2 1583/14/2
f 1584/1/2 1585/1/2 1586/1/2
f 1586/1/2 1585/1/2 1587/1/2
f 1588/14/2 1589/14/2 1590/14/2
f 1590/14/2 1589/14/2 1591/14/2
f 1592/14/2 1593/14/2 1594/14/2
f 1594/14/2 1593/14/2 1595/14/2
f 1596/17/2 1597/17/2 1598/17/2
f 1598/17/2 1597/17/2 1599/17/2
f 1600/15/2 1601/15/2 1602/15/2
f 1602/15/2 1601/15/2 1603/15/2
f 1604/15/2 1605/15/2 1606/15/2
f 1606/15/2 1605/15/2 1607/15/2
f 1608/15/2 1609/15/2 1610/15/2
f 1610/15/2 1609/15/2 1611/15/2
f 1612/15/2 1613/15/2 1614/15/2
f 1614/15/2 1613/15/2 1615/15/2
f 1616/15/2 1617/15/2 1618/15/2
f 1618/15/2 1617/15/2 1619/15/2
f 1620/17/2 1621/17/2 1622/17/2
f 1622/17/2 1621/17/2 1623/17/2
f 1624/17/2 1625/17/2 1626/17/2
f 1626/17/2 1625/17/2 1627/17/2
f 1628/1/2 1629/1/2 1632/1/2
f 1632/1/2 1629/1/2 1633/1/2
f 1630/1/2 1631/1/2 1634/1/2
f 1634/1/2 1631/1/2 1635/1/2
f 1636/5/2 1637/5/2 1638/5/2
f 1638/5/2 1637/5/2 1639/5/2
f 1640/10/2 1641/10/2 1642/10/2
f 1642/10/2 1641/10/2 1643/10/2
f 1644/17/2 1645/17/2 1646/17/2
f 1646/17/2 1645/17/2 1647/17/2
f 1644/17/2 1646/17/2 1648/17/2
f 1647/17/2 1645/17/2 1649/17/2
f 1644/17/2 1648/17/2 1650/17/2
f 1648/17/2 1649/17/2 1650/17/2
f 1649/17/2 1645/17/2 1651/17/2
f 1650/17/2 1649/17/2 1651/17/2
f 1652/17/2 1653/17/2 1654/17/2
f 1654/17/2 1653/17/2 1655/17/2
f 1655/17/2 1653/17/2 1656/17/2
f 1656/17/2 1653/17/2 1657/17/2
f 1652/17/2 1654/17/2 1658/17/2
f 1655/17/2 1656/17/2 1659/17/2
f 1659/17/2 1656/17/2 1660/17/2
f 1657/17/2 1653/17/2 1661/17/2
f 1661/17/2 1653/17/2 1662/17/2
f 1659/17/2 1660/17/2 1663/17/2
f 1658/17/2 1659/17/2 1663/17/2
f 1660/17/2 1661/17/2 1663/17/2
f 1662/17/2 1653/17/2 1664/17/2
f 1658/17/2 1663/17/2 1665/17/2
f 1663/17/2 1664/17/2 1665/17/2
f 1652/17/2 1658/17/2 1665/17/2
f 1665/17/2 1664/17/2 1666/17/2
f 1666/17/2 1664/17/2 1667/17/2
f 1664/17/2 1653/17/2 1668/17/2
f 1667/17/2 1664/17/2 1668/17/2
f 1671/10/2 1672/10/2 1673/10/2
f 1673/10/2 1672/10/2 1674/10/2
f 1669/1/2 1670/1/2 1675/1/2
f 1675/1/2 1670/1/2 1676/1/2
f 1677/1/2 1678/1/2 1679/1/2
f 1679/1/2 1678/1/2 1680/1/2
f 1681/1/2 1682/1/2 1683/1/2
f 1683/1/2 1682/1/2 1684/1/2
f 1677/1/2 1679/1/2 1685/1/2
f 1680/1/2 1678/1/2 1686/1/2
f 1677/1/2 1685/1/2 1687/1/2
f 1685/1/2 1686/1/2 1687/1/2
f 1686/1/2 1678/1/2 1688/1/2
f 1687/1/2 1686/1/2 1688/1/2
f 1689/1/2 1690/1/2 1691/1/2
f 1691/1/2 1690/1/2 1692/1/2
f 1693/1/2 1694/1/2 1697/1/2
f 1697/1/2 1694/1/2 1698/1/2
f 1695/1/2 1696/1/2 1699/1/2
f 1699/1/2 1696/1/2 1700/1/2
f 1700/1/2 1701/1/2 1702/1/2
f 1702/1/2 1701/1/2 1703/1/2
f 1689/1/2 1691/1/2 1704/1/2
f 1704/1/2 1705/1/2 1706/1/2
f 1692/1/2 1690/1/2 1707/1/2
f 1704/1/2 1706/1/2 1708/1/2
f 1706/1/2 1707/1/2 1708/1/2
f 1689/1/2 1704/1/2 1708/1/2
f 1707/1/2 1690/1/2 1709/1/2
f 1708/1/2 1707/1/2 1709/1/2
f 1710/1/2 1711/1/2 1712/1/2
f 1712/1/2 1711/1/2 1713/1/2
f 1714/1/2 1715/1/2 1716/1/2
f 1716/1/2 1715/1/2 1717/1/2
f 1718/15/2 1719/15/2 1722/15/2
f 1722/15/2 1719/15/2 1723/15/2
f 1720/16/2 1721/16/2 1724/16/2
f 1724/16/2 1721/16/2 1725/16/2
f 1726/10/2 1727/10/2 1728/10/2
f 1728/10/2 1727/10/2 1729/10/2
f 1730/15/2 1731/15/2 1732/15/2
f 1732/15/2 1731/15/2 1733/15/2
f 1734/15/2 1735/15/2 1736/15/2
f 1736/15/2 1735/15/2 1737/15/2
f 1738/15/2 1739/15/2 1740/15/2
f 1740/15/2 1739/15/2 1741/15/2
f 1742/15/2 1743/15/2 1744/15/2
f 1744/15/2 1743/15/2 1745/15/2
f 1746/15/2 1747/15/2 1748/15/2
f 1748/15/2 1747/15/2 1749/15/2
f 1750/1/2 1751/1/2 1754/1/2
f 1754/1/2 1751/1/2 1755/1/2
f 1752/1/2 1753/1/2 1756/1/2
f 1756/1/2 1753/1/2 1757/1/2
f 1758/1/2 1759/1/2 1766/1/2
f 1766/1/2 1759/1/2 1767/1/2
f 1760/1/2 1761/1/2 1768/1/2
f 1768/1/2 1761/1/2 1769/1/2
f 1762/1/2 1763/1/2 1770/1/2
f 1770/1/2 1763/1/2 1771/1/2
f 1764/1/2 1765/1/2 1772/1/2
f 1772/1/2 1765/1/2 1773/1/2
f 1774/1/2 1775/1/2 1776/1/2
f 1776/1/2 1775/1/2 1777/1/2
f 1778/1/2 1779/1/2 1780/1/2
f 1780/1/2 1779/1/2 1781/1/2
f 1782/1/2 1783/1/2 1784/1/2
f 1784/1/2 1783/1/2 1785/1/2
f 1786/16/2 1787/16/2 1788/16/2
f 1788/16/2 1787/16/2 1789/16/2
f 1792/16/3 1791/16/3 1790/16/3
f 1793/16/3 1791/16/3 1792/16/3
f 1798/15/3 1795/15/3 1794/15/3
f 1799/15/3 1795/15/3 1798/15/3
f 1800/10/3 1797/10/3 1796/10/3
f 1801/10/3 1797/10/3 1800/10/3
f 1806/15/3 1803/15/3 1802/15/3
f 1807/15/3 1803/15/3 1806/15/3
f 1808/10/3 1805/10/3 1804/10/3
f 1809/10/3 1805/10/3 1808/10/3
f 1814/15/3 1811/15/3 1810/15/3
f 1815/15/3 1811/15/3 1814/15/3
f 1816/10/3 1813/10/3 1812/10/3
f 1817/10/3 1813/10/3 1816/10/3
f 1822/15/3 1819/15/3 1818/15/3
f 1823/15/3 1819/15/3 1822/15/3
f 1824/10/3 1821/10/3 1820/10/3
f 1825/10/3 1821/10/3 1824/10/3
f 1828/10/3 1827/10/3 1826/10/3
f 1829/10/3 1827/10/3 1828/10/3
f 1832/10/3 1831/10/3 1830/10/3
f 1833/10/3 1831/10/3 1832/10/3
f 1836/15/3 1835/15/3 1834/15/3
f 1837/15/3 1835/15/3 1836/15/3
f 1838/15/3 1835/15/3 1837/15/3
f 1841/15/3 1840/15/3 1839/15/3
f 1842/15/3 1840/15/3 1841/15/3
f 1843/15/3 1840/15/3 1842/15/3
f 1846/10/3 1845/10/3 1844/10/3
f 1847/10/3 1845/10/3 1846/10/3
f 1850/10/3 1849/10/3 1848/10/3
f 1851/10/3 1849/10/3 1850/10/3
f 1856/5/3 1853/5/3 1852/5/3
f 1857/5/3 1853/5/3 1856/5/3
f 1858/10/3 1855/10/3 1854/10/3
f 1859/10/3 1855/10/3 1858/10/3
f 1864/5/3 1861/5/3 1860/5/3
f 1865/5/3 1861/5/3 1864/5/3
f 1866/10/3 1863/10/3 1862/10/3
f 1867/10/3 1863/10/3 1866/10/3
f 1872/5/3 1869/5/3 1868/5/3
f 1873/5/3 1869/5/3 1872/5/3
f 1874/10/3 1871/10/3 1870/10/3
f 1875/10/3 1871/10/3 1874/10/3
f 1880/5/3 1877/5/3 1876/5/3
f 1881/5/3 1877/5/3 1880/5/3
f 1882/10/3 1879/10/3 1878/10/3
f 1883/10/3 1879/10/3 1882/10/3
f 1886/15/3 1885/15/3 1884/15/3
f 1887/15/3 1885/15/3 1886/15/3
f 1890/15/3 1889/15/3 1888/15/3
f 1891/15/3 1889/15/3 1890/15/3
f 1894/15/3 1893/15/3 1892/15/3
f 1895/15/3 1893/15/3 1894/15/3
f 1898/15/3 1897/15/3 1896/15/3
f 1899/15/3 1897/15/3 1898/15/3
f 1902/15/3 1901/15/3 1900/15/3
f 1903/15/3 1901/15/3 1902/15/3
f 1906/15/3 1905/15/3 1904/15/3
f 1907/15/3 1905/15/3 1906/15/3
f 1917/6/3 1909/6/3 1908/6/3
f 1918/6/3 1909/6/3 1917/6/3
f 1919/6/3 1911/6/3 1910/6/3
f 1921/6/3 1913/6/3 1912/6/3
f 1921/2/3 1914/2/3 1913/2/3
f 1922/2/3 1914/2/3 1921/2/3
f 1923/7/3 1916/7/3 1915/7/3
f 1924/7/3 1916/7/3 1923/7/3
f 1925/6/3 1919/6/3 1910/6/3
f 1926/7/3 1920/7/3 1919/7/3
f 1926/6/3 1919/6/3 1925/6/3
f 1927/7/3 1920/7/3 1926/7/3
f 1928/6/3 1921/6/3 1912/6/3
f 1929/6/3 1921/6/3 1928/6/3
f 1935/6/3 1933/6/3 1932/6/3
f 1936/3/3 1934/3/3 1933/3/3
f 1936/6/3 1933/6/3 1935/6/3
f 1937/3/3 1934/3/3 1936/3/3
f 1939/6/3 1931/6/3 1930/6/3
f 1940/6/3 1931/6/3 1939/6/3
f 1945/6/3 1937/6/3 1936/6/3
f 1946/2/3 1938/2/3 1937/2/3
f 1946/6/3 1937/6/3 1945/6/3
f 1947/2/3 1938/2/3 1946/2/3
f 1953/7/3 1943/7/3 1942/7/3
f 1953/6/3 1942/6/3 1941/6/3
f 1954/7/3 1943/7/3 1953/7/3
f 1955/6/3 1945/6/3 1944/6/3
f 1955/3/3 1946/3/3 1945/3/3
f 1956/3/3 1946/3/3 1955/3/3
f 1958/6/3 1949/6/3 1948/6/3
f 1959/6/3 1949/6/3 1958/6/3
f 1960/6/3 1954/6/3 1953/6/3
f 1960/6/3 1953/6/3 1941/6/3
f 1961/6/3 1954/6/3 1960/6/3
f 1962/6/3 1955/6/3 1944/6/3
f 1963/6/3 1955/6/3 1962/6/3
f 1964/6/3 1958/6/3 1957/6/3
f 1965/6/3 1958/6/3 1964/6/3
f 1966/6/3 1951/6/3 1950/6/3
f 1967/2/3 1952/2/3 1951/2/3
f 1967/6/3 1951/6/3 1966/6/3
f 1968/2/3 1952/2/3 1967/2/3
f 1969/7/3 1961/7/3 1960/7/3
f 1969/6/3 1960/6/3 1941/6/3
f 1970/7/3 1961/7/3 1969/7/3
f 1975/6/3 1969/6/3 1941/6/3
f 1976/6/3 1969/6/3 1975/6/3
f 1977/6/3 1974/6/3 1973/6/3
f 1978/6/3 1974/6/3 1977/6/3
f 1981/6/3 1972/6/3 1971/6/3
f 1982/6/3 1972/6/3 1981/6/3
f 1983/6/3 1979/6/3 1978/6/3
f 1984/3/3 1980/3/3 1979/3/3
f 1984/6/3 1979/6/3 1983/6/3
f 1985/3/3 1980/3/3 1984/3/3
f 1995/6/3 1987/6/3 1986/6/3
f 1996/7/3 1988/7/3 1987/7/3
f 1996/6/3 1987/6/3 1995/6/3
f 1997/7/3 1988/7/3 1996/7/3
f 1998/6/3 1990/6/3 1989/6/3
f 1998/3/3 1991/3/3 1990/3/3
f 1999/3/3 1991/3/3 1998/3/3
f 2001/6/3 1993/6/3 1992/6/3
f 2002/7/3 1994/7/3 1993/7/3
f 2002/6/3 1993/6/3 2001/6/3
f 2003/7/3 1994/7/3 2002/7/3
f 2004/6/3 1995/6/3 1986/6/3
f 2005/7/3 1996/7/3 1995/7/3
f 2005/6/3 1995/6/3 2004/6/3
f 2006/7/3 1996/7/3 2005/7/3
f 2007/6/3 1998/6/3 1989/6/3
f 2008/6/3 1998/6/3 2007/6/3
f 2009/6/3 2001/6/3 2000/6/3
f 2010/7/3 2002/7/3 2001/7/3
f 2010/6/3 2001/6/3 2009/6/3
f 2011/7/3 2002/7/3 2010/7/3
f 2019/6/3 2013/6/3 2012/6/3
f 2020/6/3 2013/6/3 2019/6/3
f 2025/6/3 2015/6/3 2014/6/3
f 2026/6/3 2015/6/3 2025/6/3
f 2027/7/3 2016/7/3 2015/7/3
f 2027/6/3 2015/6/3 2026/6/3
f 2028/7/3 2016/7/3 2027/7/3
f 2040/5/3 2019/5/3 2018/5/3
f 2041/6/3 2021/6/3 2020/6/3
f 2042/6/3 2028/6/3 2027/6/3
f 2043/6/3 2028/6/3 2042/6/3
f 2045/2/3 2033/2/3 2032/2/3
f 2046/2/3 2033/2/3 2045/2/3
f 2047/6/3 2037/6/3 2036/6/3
f 2047/5/3 2036/5/3 2035/5/3
f 2048/6/3 2037/6/3 2047/6/3
f 2049/15/3 2018/15/3 2017/15/3
f 2049/5/3 2040/5/3 2018/5/3
f 2049/5/3 2041/5/3 2040/5/3
f 2050/5/3 2041/5/3 2049/5/3
f 2051/3/3 2022/3/3 2021/3/3
f 2051/6/3 2021/6/3 2041/6/3
f 2052/3/3 2022/3/3 2051/3/3
f 2053/15/3 2024/15/3 2023/15/3
f 2053/5/3 2026/5/3 2025/5/3
f 2053/5/3 2025/5/3 2024/5/3
f 2054/5/3 2026/5/3 2053/5/3
f 2056/15/3 2030/15/3 2029/15/3
f 2056/5/3 2031/5/3 2030/5/3
f 2057/5/3 2031/5/3 2056/5/3
f 2058/6/3 2045/6/3 2044/6/3
f 2059/6/3 2045/6/3 2058/6/3
f 2060/5/3 2047/5/3 2035/5/3
f 2060/15/3 2035/15/3 2034/15/3
f 2061/5/3 2047/5/3 2060/5/3
f 2064/6/3 2051/6/3 2041/6/3
f 2064/5/3 2041/5/3 2050/5/3
f 2065/6/3 2051/6/3 2064/6/3
f 2066/5/3 2047/5/3 2061/5/3
f 2067/5/3 2047/5/3 2066/5/3
f 2069/15/3 2049/15/3 2017/15/3
f 2070/5/3 2064/5/3 2050/5/3
f 2071/15/3 2053/15/3 2023/15/3
f 2072/5/3 2055/5/3 2054/5/3
f 2073/15/3 2056/15/3 2029/15/3
f 2074/5/3 2058/5/3 2057/5/3
f 2075/5/3 2058/5/3 2074/5/3
f 2078/15/3 2060/15/3 2034/15/3
f 2080/5/3 2074/5/3 2073/5/3
f 2082/3/3 2077/3/3 2076/3/3
f 2083/3/3 2077/3/3 2082/3/3
f 2084/5/3 2079/5/3 2078/5/3
f 2085/6/3 2068/6/3 2067/6/3
f 2086/6/3 2068/6/3 2085/6/3
f 2088/5/3 2070/5/3 2069/5/3
f 2088/15/3 2069/15/3 2017/15/3
f 2089/5/3 2064/5/3 2070/5/3
f 2089/5/3 2070/5/3 2088/5/3
f 2090/5/3 2064/5/3 2089/5/3
f 2093/15/3 2071/15/3 2023/15/3
f 2093/5/3 2072/5/3 2071/5/3
f 2094/5/3 2055/5/3 2072/5/3
f 2094/5/3 2072/5/3 2093/5/3
f 2095/5/3 2055/5/3 2094/5/3
f 2096/5/3 2081/5/3 2080/5/3
f 2096/15/3 2073/15/3 2029/15/3
f 2096/5/3 2080/5/3 2073/5/3
f 2097/5/3 2081/5/3 2096/5/3
f 2098/5/3 2081/5/3 2097/5/3
f 2099/5/3 2084/5/3 2078/5/3
f 2099/5/3 2085/5/3 2084/5/3
f 2099/15/3 2078/15/3 2034/15/3
f 2100/5/3 2085/5/3 2099/5/3
f 2101/6/3 2086/6/3 2085/6/3
f 2101/5/3 2085/5/3 2100/5/3
f 2102/2/3 2087/2/3 2086/2/3
f 2102/6/3 2086/6/3 2101/6/3
f 2103/5/3 2090/5/3 2089/5/3
f 2104/6/3 2091/6/3 2090/6/3
f 2104/5/3 2090/5/3 2103/5/3
f 2105/2/3 2092/2/3 2091/2/3
f 2105/6/3 2091/6/3 2104/6/3
f 2106/2/3 2092/2/3 2105/2/3
f 2112/5/3 2101/5/3 2100/5/3
f 2113/5/3 2101/5/3 2112/5/3
f 2114/2/3 2087/2/3 2102/2/3
f 2115/2/3 2087/2/3 2114/2/3
f 2118/7/3 2108/7/3 2107/7/3
f 2119/7/3 2108/7/3 2118/7/3
f 2121/6/3 2110/6/3 2109/6/3
f 2122/2/3 2111/2/3 2110/2/3
f 2122/6/3 2110/6/3 2121/6/3
f 2123/2/3 2111/2/3 2122/2/3
f 2125/6/3 2114/6/3 2113/6/3
f 2126/6/3 2114/6/3 2125/6/3
f 2127/15/3 2088/15/3 2017/15/3
f 2130/6/3 2117/6/3 2116/6/3
f 2131/6/3 2117/6/3 2130/6/3
f 2132/15/3 2093/15/3 2023/15/3
f 2134/15/3 2096/15/3 2029/15/3
f 2135/5/3 2121/5/3 2120/5/3
f 2136/5/3 2121/5/3 2135/5/3
f 2138/15/3 2099/15/3 2034/15/3
f 2139/5/3 2125/5/3 2124/5/3
f 2140/5/3 2125/5/3 2139/5/3
f 2142/5/3 2133/5/3 2132/5/3
f 2144/6/3 2137/6/3 2136/6/3
f 2146/5/3 2139/5/3 2138/5/3
f 2147/6/3 2141/6/3 2140/6/3
f 2148/6/3 2141/6/3 2147/6/3
f 2149/5/3 2129/5/3 2128/5/3
f 2149/15/3 2127/15/3 2017/15/3
f 2149/5/3 2128/5/3 2127/5/3
f 2150/5/3 2129/5/3 2149/5/3
f 2151/5/3 2129/5/3 2150/5/3
f 2153/5/3 2143/5/3 2142/5/3
f 2153/15/3 2132/15/3 2023/15/3
f 2153/5/3 2142/5/3 2132/5/3
f 2154/5/3 2143/5/3 2153/5/3
f 2155/15/3 2134/15/3 2029/15/3
f 2155/5/3 2135/5/3 2134/5/3
f 2156/5/3 2135/5/3 2155/5/3
f 2157/6/3 2144/6/3 2136/6/3
f 2158/3/3 2145/3/3 2144/3/3
f 2158/6/3 2144/6/3 2157/6/3
f 2159/3/3 2145/3/3 2158/3/3
f 2160/5/3 2146/5/3 2138/5/3
f 2160/15/3 2138/15/3 2034/15/3
f 2160/5/3 2147/5/3 2146/5/3
f 2161/5/3 2147/5/3 2160/5/3
f 2162/5/3 2147/5/3 2161/5/3
f 2163/15/3 2063/15/3 2062/15/3
f 2164/15/3 2063/15/3 2163/15/3
f 2165/5/3 2143/5/3 2154/5/3
f 2167/15/3 2149/15/3 2017/15/3
f 2168/5/3 2151/5/3 2150/5/3
f 2169/6/3 2152/6/3 2151/6/3
f 2169/5/3 2151/5/3 2168/5/3
f 2170/6/3 2152/6/3 2169/6/3
f 2171/15/3 2153/15/3 2023/15/3
f 2172/5/3 2165/5/3 2154/5/3
f 2173/6/3 2166/6/3 2165/6/3
f 2173/5/3 2165/5/3 2172/5/3
f 2174/6/3 2166/6/3 2173/6/3
f 2175/15/3 2155/15/3 2029/15/3
f 2176/5/3 2157/5/3 2156/5/3
f 2177/5/3 2157/5/3 2176/5/3
f 2178/15/3 2160/15/3 2034/15/3
f 2179/5/3 2162/5/3 2161/5/3
f 2185/5/3 2177/5/3 2176/5/3
f 2185/5/3 2176/5/3 2175/5/3
f 2186/5/3 2177/5/3 2185/5/3
f 2187/5/3 2179/5/3 2178/5/3
f 2187/5/3 2162/5/3 2179/5/3
f 2190/15/3 2167/15/3 2017/15/3
f 2191/5/3 2168/5/3 2167/5/3
f 2191/15/3 2167/15/3 2190/15/3
f 2192/5/3 2168/5/3 2191/5/3
f 2193/7/3 2181/7/3 2180/7/3
f 2194/7/3 2181/7/3 2193/7/3
f 2195/15/3 2171/15/3 2023/15/3
f 2196/5/3 2172/5/3 2171/5/3
f 2196/15/3 2171/15/3 2195/15/3
f 2197/5/3 2172/5/3 2196/5/3
f 2198/6/3 2183/6/3 2182/6/3
f 2199/3/3 2184/3/3 2183/3/3
f 2199/6/3 2183/6/3 2198/6/3
f 2200/3/3 2184/3/3 2199/3/3
f 2201/15/3 2175/15/3 2029/15/3
f 2202/5/3 2185/5/3 2175/5/3
f 2202/15/3 2175/15/3 2201/15/3
f 2203/5/3 2185/5/3 2202/5/3
f 2206/15/3 2178/15/3 2034/15/3
f 2207/5/3 2187/5/3 2178/5/3
f 2207/15/3 2178/15/3 2206/15/3
f 2208/6/3 2188/6/3 2187/6/3
f 2208/5/3 2187/5/3 2207/5/3
f 2209/3/3 2189/3/3 2188/3/3
f 2209/6/3 2188/6/3 2208/6/3
f 2210/3/3 2189/3/3 2209/3/3
f 2211/15/3 2039/15/3 2038/15/3
f 2212/15/3 2039/15/3 2211/15/3
f 2213/6/3 2198/6/3 2197/6/3
f 2214/6/3 2198/6/3 2213/6/3
f 2215/6/3 2205/6/3 2204/6/3
f 2216/6/3 2205/6/3 2215/6/3
f 2217/3/3 2209/3/3 2208/3/3
f 2218/3/3 2209/3/3 2217/3/3
f 2225/6/3 2220/6/3 2219/6/3
f 2226/6/3 2220/6/3 2225/6/3
f 2229/6/3 2222/6/3 2221/6/3
f 2230/6/3 2222/6/3 2229/6/3
f 2231/7/3 2224/7/3 2223/7/3
f 2232/7/3 2224/7/3 2231/7/3
f 2237/7/3 2228/7/3 2227/7/3
f 2238/7/3 2228/7/3 2237/7/3
f 2248/6/3 2238/6/3 2237/6/3
f 2249/6/3 2238/6/3 2248/6/3
f 2250/6/3 2244/6/3 2243/6/3
f 2251/7/3 2245/7/3 2244/7/3
f 2251/6/3 2244/6/3 2250/6/3
f 2252/7/3 2245/7/3 2251/7/3
f 2255/2/3 2254/2/3 2253/2/3
f 2256/2/3 2254/2/3 2255/2/3
f 2259/6/3 2258/6/3 2257/6/3
f 2260/6/3 2258/6/3 2259/6/3
f 2264/3/3 2262/3/3 2261/3/3
f 2265/3/3 2262/3/3 2264/3/3
f 2266/6/3 2264/6/3 2263/6/3
f 2267/6/3 2264/6/3 2266/6/3
f 2270/15/3 2234/15/3 2233/15/3
f 2271/15/3 2234/15/3 2270/15/3
f 2272/7/3 2269/7/3 2268/7/3
f 2273/7/3 2269/7/3 2272/7/3
f 2274/15/3 2236/15/3 2235/15/3
f 2275/15/3 2236/15/3 2274/15/3
f 2276/15/3 2240/15/3 2239/15/3
f 2277/15/3 2240/15/3 2276/15/3
f 2280/15/3 2242/15/3 2241/15/3
f 2281/15/3 2242/15/3 2280/15/3
f 2282/15/3 2247/15/3 2246/15/3
f 2283/15/3 2247/15/3 2282/15/3
f 2288/7/3 2279/7/3 2278/7/3
f 2289/7/3 2279/7/3 2288/7/3
f 2292/6/3 2285/6/3 2284/6/3
f 2293/6/3 2285/6/3 2292/6/3
f 2294/6/3 2287/6/3 2286/6/3
f 2295/6/3 2287/6/3 2294/6/3
f 2296/6/3 2291/6/3 2290/6/3
f 2297/6/3 2291/6/3 2296/6/3
f 2300/14/3 2299/14/3 2298/14/3
f 2301/14/3 2299/14/3 2300/14/3
f 2304/14/3 2303/14/3 2302/14/3
f 2305/14/3 2303/14/3 2304/14/3
f 2308/14/3 2307/14/3 2306/14/3
f 2309/14/3 2307/14/3 2308/14/3
f 2311/14/3 2310/14/3 2309/14/3
f 2312/14/3 2310/14/3 2311/14/3
f 2315/6/3 2314/6/3 2313/6/3
f 2316/6/3 2314/6/3 2315/6/3
f 2319/6/3 2318/6/3 2317/6/3
f 2320/6/3 2318/6/3 2319/6/3
f 2323/14/3 2322/14/3 2321/14/3
f 2324/14/3 2322/14/3 2323/14/3
f 2327/14/3 2326/14/3 2325/14/3
f 2328/14/3 2326/14/3 2327/14/3
f 2331/14/3 2330/14/3 2329/14/3
f 2332/14/3 2330/14/3 2331/14/3
f 2335/14/3 2334/14/3 2333/14/3
f 2336/14/3 2334/14/3 2335/14/3
f 2359/16/3 2338/16/3 2337/16/3
f 2360/16/3 2338/16/3 2359/16/3
f 2361/16/3 2359/16/3 2337/16/3
f 2362/16/3 2338/16/3 2360/16/3
f 2363/16/3 2361/16/3 2337/16/3
f 2363/16/3 2362/16/3 2361/16/3
f 2364/16/3 2338/16/3 2362/16/3
f 2364/16/3 2362/16/3 2363/16/3
f 2365/16/3 2363/16/3 2337/16/3
f 2366/16/3 2338/16/3 2364/16/3
f 2367/16/3 2365/16/3 2337/16/3
f 2367/16/3 2366/16/3 2365/16/3
f 2368/16/3 2366/16/3 2367/16/3
f 2369/16/3 2367/16/3 2337/16/3
f 2370/16/3 2366/16/3 2368/16/3
f 2371/16/3 2338/16/3 2366/16/3
f 2371/16/3 2366/16/3 2370/16/3
f 2372/16/3 2370/16/3 2369/16/3
f 2374/15/3 2358/15/3 2357/15/3
f 2375/15/3 2358/15/3 2374/15/3
f 2376/15/3 2350/15/3 2349/15/3
f 2377/15/3 2350/15/3 2376/15/3
f 2378/15/3 2352/15/3 2351/15/3
f 2379/15/3 2352/15/3 2378/15/3
f 2380/15/3 2354/15/3 2353/15/3
f 2381/15/3 2354/15/3 2380/15/3
f 2382/15/3 2356/15/3 2355/15/3
f 2383/15/3 2356/15/3 2382/15/3
f 2384/15/3 2340/15/3 2339/15/3
f 2385/15/3 2340/15/3 2384/15/3
f 2386/15/3 2342/15/3 2341/15/3
f 2387/15/3 2342/15/3 2386/15/3
f 2388/15/3 2344/15/3 2343/15/3
f 2389/15/3 2344/15/3 2388/15/3
f 2390/15/3 2346/15/3 2345/15/3
f 2391/15/3 2346/15/3 2390/15/3
f 2392/15/3 2348/15/3 2347/15/3
f 2393/15/3 2348/15/3 2392/15/3
f 2394/16/3 2373/16/3 2372/16/3
f 2394/16/3 2372/16/3 2369/16/3
f 2394/16/3 2369/16/3 2337/16/3
f 2395/16/3 2373/16/3 2394/16/3
f 2400/16/3 2397/16/3 2396/16/3
f 2401/16/3 2397/16/3 2400/16/3
f 2408/15/3 2399/15/3 2398/15/3
f 2411/15/3 2348/15/3 2393/15/3
f 2412/16/3 2400/16/3 2396/16/3
f 2424/16/3 2412/16/3 2396/16/3
f 2424/16/3 2413/16/3 2412/16/3
f 2425/16/3 2413/16/3 2424/16/3
f 2426/16/3 2424/16/3 2396/16/3
f 2428/16/3 2426/16/3 2396/16/3
f 2428/16/3 2427/16/3 2426/16/3
f 2429/16/3 2427/16/3 2428/16/3
f 2430/16/3 2428/16/3 2396/16/3
f 2431/16/3 2427/16/3 2429/16/3
f 2432/16/3 2427/16/3 2431/16/3
f 2433/16/3 2427/16/3 2432/16/3
f 2434/16/3 2431/16/3 2430/16/3
f 2434/16/3 2432/16/3 2431/16/3
f 2436/16/3 2430/16/3 2396/16/3
f 2436/16/3 2435/16/3 2434/16/3
f 2436/16/3 2434/16/3 2430/16/3
f 2437/16/3 2435/16/3 2436/16/3
f 2438/16/3 2436/16/3 2396/16/3
f 2439/16/3 2435/16/3 2437/16/3
f 2440/15/3 2415/15/3 2414/15/3
f 2441/15/3 2415/15/3 2440/15/3
f 2442/15/3 2417/15/3 2416/15/3
f 2443/15/3 2417/15/3 2442/15/3
f 2444/15/3 2419/15/3 2418/15/3
f 2445/15/3 2419/15/3 2444/15/3
f 2446/15/3 2421/15/3 2420/15/3
f 2447/15/3 2421/15/3 2446/15/3
f 2448/15/3 2423/15/3 2422/15/3
f 2449/15/3 2423/15/3 2448/15/3
f 2450/16/3 2439/16/3 2438/16/3
f 2450/16/3 2438/16/3 2396/16/3
f 2451/16/3 2435/16/3 2439/16/3
f 2451/16/3 2439/16/3 2450/16/3
f 2452/15/3 2403/15/3 2402/15/3
f 2453/15/3 2403/15/3 2452/15/3
f 2454/15/3 2405/15/3 2404/15/3
f 2455/15/3 2405/15/3 2454/15/3
f 2456/15/3 2407/15/3 2406/15/3
f 2457/15/3 2407/15/3 2456/15/3
f 2458/15/3 2409/15/3 2408/15/3
f 2458/15/3 2408/15/3 2398/15/3
f 2459/15/3 2409/15/3 2458/15/3
f 2460/15/3 2411/15/3 2410/15/3
f 2461/15/3 2348/15/3 2411/15/3
f 2461/15/3 2411/15/3 2460/15/3
f 2472/1/3 2465/1/3 2464/1/3
f 2473/1/3 2465/1/3 2472/1/3
f 2474/1/3 2467/1/3 2466/1/3
f 2475/1/3 2467/1/3 2474/1/3
f 2476/1/3 2469/1/3 2468/1/3
f 2477/1/3 2469/1/3 2476/1/3
f 2478/1/3 2471/1/3 2470/1/3
f 2479/1/3 2471/1/3 2478/1/3
f 2480/1/3 2463/1/3 2462/1/3
f 2481/1/3 2463/1/3 2480/1/3
f 2482/1/3 2463/1/3 2481/1/3
f 2483/1/3 2465/1/3 2473/1/3
f 2484/1/3 2465/1/3 2483/1/3
f 2485/1/3 2467/1/3 2475/1/3
f 2486/1/3 2467/1/3 2485/1/3
f 2487/1/3 2469/1/3 2477/1/3
f 2488/1/3 2469/1/3 2487/1/3
f 2489/1/3 2471/1/3 2479/1/3
f 2490/1/3 2471/1/3 2489/1/3
f 2492/1/3 2463/1/3 2482/1/3
f 2494/1/3 2465/1/3 2484/1/3
f 2496/1/3 2467/1/3 2486/1/3
f 2498/1/3 2469/1/3 2488/1/3
f 2500/1/3 2471/1/3 2490/1/3
f 2501/1/3 2480/1/3 2462/1/3
f 2502/1/3 2492/1/3 2491/1/3
f 2503/1/3 2472/1/3 2464/1/3
f 2504/1/3 2494/1/3 2493/1/3
f 2505/1/3 2474/1/3 2466/1/3
f 2506/1/3 2496/1/3 2495/1/3
f 2507/1/3 2476/1/3 2468/1/3
f 2508/1/3 2498/1/3 2497/1/3
f 2509/1/3 2478/1/3 2470/1/3
f 2510/1/3 2500/1/3 2499/1/3
f 2511/1/3 2504/1/3 2503/1/3
f 2511/1/3 2494/1/3 2504/1/3
f 2512/1/3 2494/1/3 2511/1/3
f 2513/1/3 2506/1/3 2505/1/3
f 2513/1/3 2496/1/3 2506/1/3
f 2514/1/3 2496/1/3 2513/1/3
f 2515/1/3 2508/1/3 2507/1/3
f 2515/1/3 2498/1/3 2508/1/3
f 2516/1/3 2498/1/3 2515/1/3
f 2517/1/3 2510/1/3 2509/1/3
f 2517/1/3 2500/1/3 2510/1/3
f 2518/1/3 2500/1/3 2517/1/3
f 2519/1/3 2501/1/3 2462/1/3
f 2519/1/3 2502/1/3 2501/1/3
f 2520/1/3 2492/1/3 2502/1/3
f 2520/1/3 2502/1/3 2519/1/3
f 2521/1/3 2463/1/3 2492/1/3
f 2521/1/3 2492/1/3 2520/1/3
f 2522/1/3 2463/1/3 2521/1/3
f 2523/1/3 2503/1/3 2464/1/3
f 2523/1/3 2511/1/3 2503/1/3
f 2524/1/3 2511/1/3 2523/1/3
f 2525/1/3 2494/1/3 2512/1/3
f 2526/1/3 2465/1/3 2494/1/3
f 2526/1/3 2494/1/3 2525/1/3
f 2527/1/3 2465/1/3 2526/1/3
f 2528/1/3 2505/1/3 2466/1/3
f 2528/1/3 2513/1/3 2505/1/3
f 2529/1/3 2513/1/3 2528/1/3
f 2530/1/3 2496/1/3 2514/1/3
f 2531/1/3 2467/1/3 2496/1/3
f 2531/1/3 2496/1/3 2530/1/3
f 2532/1/3 2467/1/3 2531/1/3
f 2533/1/3 2507/1/3 2468/1/3
f 2533/1/3 2515/1/3 2507/1/3
f 2534/1/3 2515/1/3 2533/1/3
f 2535/1/3 2498/1/3 2516/1/3
f 2536/1/3 2469/1/3 2498/1/3
f 2536/1/3 2498/1/3 2535/1/3
f 2537/1/3 2469/1/3 2536/1/3
f 2538/1/3 2517/1/3 2509/1/3
f 2538/1/3 2509/1/3 2470/1/3
f 2539/1/3 2517/1/3 2538/1/3
f 2540/1/3 2500/1/3 2518/1/3
f 2541/1/3 2471/1/3 2500/1/3
f 2541/1/3 2500/1/3 2540/1/3
f 2542/1/3 2471/1/3 2541/1/3
f 2543/15/3 2524/15/3 2523/15/3
f 2544/15/3 2526/15/3 2525/15/3
f 2545/15/3 2529/15/3 2528/15/3
f 2546/15/3 2531/15/3 2530/15/3
f 2547/15/3 2534/15/3 2533/15/3
f 2548/15/3 2536/15/3 2535/15/3
f 2549/15/3 2539/15/3 2538/15/3
f 2550/15/3 2541/15/3 2540/15/3
f 2551/15/3 2521/15/3 2520/15/3
f 2552/15/3 2521/15/3 2551/15/3
f 2553/15/3 2544/15/3 2543/15/3
f 2553/15/3 2543/15/3 2523/15/3
f 2554/15/3 2526/15/3 2544/15/3
f 2554/15/3 2544/15/3 2553/15/3
f 2555/15/3 2546/15/3 2545/15/3
f 2555/15/3 2545/15/3 2528/15/3
f 2556/15/3 2531/15/3 2546/15/3
f 2556/15/3 2546/15/3 2555/15/3
f 2557/15/3 2548/15/3 2547/15/3
f 2557/15/3 2547/15/3 2533/15/3
f 2558/15/3 2536/15/3 2548/15/3
f 2558/15/3 2548/15/3 2557/15/3
f 2559/15/3 2549/15/3 2538/15/3
f 2559/15/3 2550/15/3 2549/15/3
f 2560/15/3 2541/15/3 2550/15/3
f 2560/15/3 2550/15/3 2559/15/3
f 2563/16/3 2562/16/3 2561/16/3
f 2564/16/3 2562/16/3 2563/16/3
f 2569/15/3 2521/15/3 2552/15/3
f 2571/15/3 2526/15/3 2554/15/3
f 2573/15/3 2531/15/3 2556/15/3
f 2575/15/3 2536/15/3 2558/15/3
f 2577/15/3 2541/15/3 2560/15/3
f 2578/15/3 2566/15/3 2565/15/3
f 2578/9/3 2567/9/3 2566/9/3
f 2579/12/3 2568/12/3 2567/12/3
f 2579/9/3 2567/9/3 2578/9/3
f 2580/15/3 2571/15/3 2570/15/3
f 2581/15/3 2571/15/3 2580/15/3
f 2582/15/3 2573/15/3 2572/15/3
f 2583/15/3 2573/15/3 2582/15/3
f 2584/15/3 2575/15/3 2574/15/3
f 2585/15/3 2575/15/3 2584/15/3
f 2586/15/3 2536/15/3 2575/15/3
f 2586/15/3 2575/15/3 2585/15/3
f 2588/15/3 2577/15/3 2576/15/3
f 2589/15/3 2577/15/3 2588/15/3
f 2591/15/3 2578/15/3 2565/15/3
f 2592/8/3 2579/8/3 2578/8/3
f 2592/15/3 2578/15/3 2591/15/3
f 2593/12/3 2568/12/3 2579/12/3
f 2593/8/3 2579/8/3 2592/8/3
f 2594/15/3 2569/15/3 2568/15/3
f 2594/12/3 2568/12/3 2593/12/3
f 2595/15/3 2521/15/3 2569/15/3
f 2595/15/3 2569/15/3 2594/15/3
f 2597/15/3 2580/15/3 2570/15/3
f 2598/15/3 2580/15/3 2597/15/3
f 2599/15/3 2571/15/3 2581/15/3
f 2600/15/3 2526/15/3 2571/15/3
f 2600/15/3 2571/15/3 2599/15/3
f 2602/15/3 2582/15/3 2572/15/3
f 2603/15/3 2582/15/3 2602/15/3
f 2604/15/3 2573/15/3 2583/15/3
f 2605/15/3 2531/15/3 2573/15/3
f 2605/15/3 2573/15/3 2604/15/3
f 2607/15/3 2584/15/3 2574/15/3
f 2608/15/3 2584/15/3 2607/15/3
f 2609/15/3 2587/15/3 2586/15/3
f 2609/15/3 2586/15/3 2585/15/3
f 2610/15/3 2587/15/3 2609/15/3
f 2611/15/3 2588/15/3 2576/15/3
f 2612/15/3 2588/15/3 2611/15/3
f 2613/15/3 2577/15/3 2589/15/3
f 2614/15/3 2577/15/3 2613/15/3
f 2615/15/3 2541/15/3 2577/15/3
f 2615/15/3 2577/15/3 2614/15/3
f 2618/1/3 2592/1/3 2591/1/3
f 2618/1/3 2593/1/3 2592/1/3
f 2618/1/3 2594/1/3 2593/1/3
f 2618/1/3 2591/1/3 2590/1/3
f 2618/1/3 2596/1/3 2595/1/3
f 2618/1/3 2595/1/3 2594/1/3
f 2619/1/3 2598/1/3 2597/1/3
f 2620/1/3 2601/1/3 2600/1/3
f 2620/1/3 2600/1/3 2599/1/3
f 2621/1/3 2603/1/3 2602/1/3
f 2622/1/3 2606/1/3 2605/1/3
f 2622/1/3 2605/1/3 2604/1/3
f 2623/1/3 2608/1/3 2607/1/3
f 2624/1/3 2610/1/3 2609/1/3
f 2625/1/3 2612/1/3 2611/1/3
f 2627/1/3 2615/1/3 2614/1/3
f 2627/1/3 2616/1/3 2615/1/3
f 2628/16/3 2618/16/3 2617/16/3
f 2629/1/3 2596/1/3 2618/1/3
f 2629/16/3 2618/16/3 2628/16/3
f 2630/1/3 2596/1/3 2629/1/3
f 2631/1/3 2596/1/3 2630/1/3
f 2632/1/3 2620/1/3 2619/1/3
f 2632/1/3 2619/1/3 2597/1/3
f 2633/1/3 2620/1/3 2632/1/3
f 2634/1/3 2621/1/3 2602/1/3
f 2634/1/3 2622/1/3 2621/1/3
f 2635/1/3 2622/1/3 2634/1/3
f 2636/1/3 2624/1/3 2623/1/3
f 2636/1/3 2623/1/3 2607/1/3
f 2637/1/3 2624/1/3 2636/1/3
f 2638/1/3 2627/1/3 2626/1/3
f 2638/1/3 2626/1/3 2625/1/3
f 2638/1/3 2625/1/3 2611/1/3
f 2639/1/3 2627/1/3 2638/1/3
f 2640/1/3 2596/1/3 2631/1/3
f 2641/1/3 2596/1/3 2640/1/3
f 2642/1/3 2620/1/3 2633/1/3
f 2643/1/3 2601/1/3 2620/1/3
f 2643/1/3 2620/1/3 2642/1/3
f 2644/1/3 2622/1/3 2635/1/3
f 2645/1/3 2606/1/3 2622/1/3
f 2645/1/3 2622/1/3 2644/1/3
f 2646/1/3 2624/1/3 2637/1/3
f 2647/1/3 2610/1/3 2624/1/3
f 2647/1/3 2624/1/3 2646/1/3
f 2648/1/3 2610/1/3 2647/1/3
f 2649/1/3 2627/1/3 2639/1/3
f 2650/1/3 2616/1/3 2627/1/3
f 2650/1/3 2627/1/3 2649/1/3
f 2651/15/3 2648/15/3 2647/15/3
f 2652/1/3 2610/1/3 2648/1/3
f 2652/15/3 2648/15/3 2651/15/3
f 2654/1/3 2596/1/3 2641/1/3
f 2656/1/3 2601/1/3 2643/1/3
f 2658/1/3 2606/1/3 2645/1/3
f 2660/1/3 2610/1/3 2652/1/3
f 2662/1/3 2616/1/3 2650/1/3
f 2663/1/3 2630/1/3 2629/1/3
f 2664/1/3 2654/1/3 2653/1/3
f 2665/1/3 2632/1/3 2597/1/3
f 2666/1/3 2656/1/3 2655/1/3
f 2667/1/3 2634/1/3 2602/1/3
f 2668/1/3 2658/1/3 2657/1/3
f 2669/1/3 2636/1/3 2607/1/3
f 2670/1/3 2660/1/3 2659/1/3
f 2671/1/3 2638/1/3 2611/1/3
f 2672/1/3 2662/1/3 2661/1/3
f 2673/1/3 2663/1/3 2629/1/3
f 2673/1/3 2664/1/3 2663/1/3
f 2674/1/3 2596/1/3 2654/1/3
f 2674/1/3 2664/1/3 2673/1/3
f 2674/1/3 2654/1/3 2664/1/3
f 2675/1/3 2665/1/3 2597/1/3
f 2675/1/3 2666/1/3 2665/1/3
f 2676/1/3 2601/1/3 2656/1/3
f 2676/1/3 2666/1/3 2675/1/3
f 2676/1/3 2656/1/3 2666/1/3
f 2677/1/3 2667/1/3 2602/1/3
f 2677/1/3 2668/1/3 2667/1/3
f 2678/1/3 2658/1/3 2668/1/3
f 2678/1/3 2668/1/3 2677/1/3
f 2678/1/3 2606/1/3 2658/1/3
f 2679/1/3 2670/1/3 2669/1/3
f 2679/1/3 2669/1/3 2607/1/3
f 2680/1/3 2660/1/3 2670/1/3
f 2680/1/3 2670/1/3 2679/1/3
f 2680/1/3 2610/1/3 2660/1/3
f 2681/1/3 2672/1/3 2671/1/3
f 2681/1/3 2671/1/3 2611/1/3
f 2682/1/3 2662/1/3 2672/1/3
f 2682/1/3 2672/1/3 2681/1/3
f 2682/1/3 2616/1/3 2662/1/3
f 2693/15/3 2684/15/3 2683/15/3
f 2694/15/3 2684/15/3 2693/15/3
f 2695/15/3 2686/15/3 2685/15/3
f 2696/15/3 2686/15/3 2695/15/3
f 2697/15/3 2686/15/3 2696/15/3
f 2698/15/3 2686/15/3 2697/15/3
f 2699/15/3 2688/15/3 2687/15/3
f 2700/15/3 2688/15/3 2699/15/3
f 2701/15/3 2690/15/3 2689/15/3
f 2702/15/3 2690/15/3 2701/15/3
f 2703/15/3 2692/15/3 2691/15/3
f 2704/15/3 2692/15/3 2703/15/3
f 2705/13/3 2696/13/3 2695/13/3
f 2706/17/3 2697/17/3 2696/17/3
f 2706/13/3 2696/13/3 2705/13/3
f 2707/13/3 2698/13/3 2697/13/3
f 2707/17/3 2697/17/3 2706/17/3
f 2708/13/3 2705/13/3 2695/13/3
f 2709/17/3 2706/17/3 2705/17/3
f 2709/13/3 2705/13/3 2708/13/3
f 2710/13/3 2707/13/3 2706/13/3
f 2710/17/3 2706/17/3 2709/17/3
f 2711/13/3 2708/13/3 2695/13/3
f 2711/17/3 2709/17/3 2708/17/3
f 2712/13/3 2710/13/3 2709/13/3
f 2712/17/3 2709/17/3 2711/17/3
f 2713/15/3 2693/15/3 2683/15/3
f 2713/13/3 2694/13/3 2693/13/3
f 2714/15/3 2684/15/3 2694/15/3
f 2714/13/3 2694/13/3 2713/13/3
f 2715/13/3 2712/13/3 2711/13/3
f 2715/15/3 2695/15/3 2685/15/3
f 2715/13/3 2711/13/3 2695/13/3
f 2716/15/3 2686/15/3 2698/15/3
f 2716/13/3 2712/13/3 2715/13/3
f 2716/13/3 2710/13/3 2712/13/3
f 2716/13/3 2698/13/3 2707/13/3
f 2716/13/3 2707/13/3 2710/13/3
f 2717/15/3 2699/15/3 2687/15/3
f 2717/13/3 2700/13/3 2699/13/3
f 2718/15/3 2688/15/3 2700/15/3
f 2718/13/3 2700/13/3 2717/13/3
f 2719/13/3 2702/13/3 2701/13/3
f 2719/15/3 2701/15/3 2689/15/3
f 2720/15/3 2690/15/3 2702/15/3
f 2720/13/3 2702/13/3 2719/13/3
f 2721/13/3 2704/13/3 2703/13/3
f 2721/15/3 2703/15/3 2691/15/3
f 2722/15/3 2692/15/3 2704/15/3
f 2722/13/3 2704/13/3 2721/13/3
f 2723/15/3 2713/15/3 2683/15/3
f 2723/15/3 2714/15/3 2713/15/3
f 2724/15/3 2684/15/3 2714/15/3
f 2724/15/3 2714/15/3 2723/15/3
f 2725/15/3 2715/15/3 2685/15/3
f 2725/15/3 2716/15/3 2715/15/3
f 2726/15/3 2686/15/3 2716/15/3
f 2726/15/3 2716/15/3 2725/15/3
f 2727/15/3 2717/15/3 2687/15/3
f 2727/15/3 2718/15/3 2717/15/3
f 2728/15/3 2688/15/3 2718/15/3
f 2728/15/3 2718/15/3 2727/15/3
f 2729/15/3 2719/15/3 2689/15/3
f 2729/15/3 2720/15/3 2719/15/3
f 2730/15/3 2690/15/3 2720/15/3
f 2730/15/3 2720/15/3 2729/15/3
f 2731/15/3 2722/15/3 2721/15/3
f 2731/15/3 2721/15/3 2691/15/3
f 2732/15/3 2692/15/3 2722/15/3
f 2732/15/3 2722/15/3 2731/15/3
f 2733/13/3 2728/13/3 2727/13/3
f 2734/15/3 2688/15/3 2728/15/3
f 2734/13/3 2728/13/3 2733/13/3
f 2735/13/3 2733/13/3 2727/13/3
f 2735/17/3 2734/17/3 2733/17/3
f 2736/15/3 2688/15/3 2734/15/3
f 2736/17/3 2734/17/3 2735/17/3
f 2737/15/3 2723/15/3 2683/15/3
f 2737/13/3 2724/13/3 2723/13/3
f 2738/15/3 2684/15/3 2724/15/3
f 2738/13/3 2724/13/3 2737/13/3
f 2739/15/3 2725/15/3 2685/15/3
f 2739/13/3 2726/13/3 2725/13/3
f 2740/15/3 2686/15/3 2726/15/3
f 2740/13/3 2726/13/3 2739/13/3
f 2741/13/3 2735/13/3 2727/13/3
f 2741/15/3 2727/15/3 2687/15/3
f 2741/13/3 2736/13/3 2735/13/3
f 2742/15/3 2688/15/3 2736/15/3
f 2742/13/3 2736/13/3 2741/13/3
f 2743/15/3 2729/15/3 2689/15/3
f 2743/13/3 2730/13/3 2729/13/3
f 2744/15/3 2690/15/3 2730/15/3
f 2744/13/3 2730/13/3 2743/13/3
f 2745/15/3 2731/15/3 2691/15/3
f 2745/13/3 2732/13/3 2731/13/3
f 2746/15/3 2692/15/3 2732/15/3
f 2746/13/3 2732/13/3 2745/13/3
f 2747/15/3 2737/15/3 2683/15/3
f 2747/15/3 2738/15/3 2737/15/3
f 2748/15/3 2684/15/3 2738/15/3
f 2748/15/3 2738/15/3 2747/15/3
f 2749/15/3 2739/15/3 2685/15/3
f 2749/15/3 2740/15/3 2739/15/3
f 2750/15/3 2686/15/3 2740/15/3
f 2750/15/3 2740/15/3 2749/15/3
f 2751/15/3 2741/15/3 2687/15/3
f 2751/15/3 2742/15/3 2741/15/3
f 2752/15/3 2688/15/3 2742/15/3
f 2752/15/3 2742/15/3 2751/15/3
f 2753/15/3 2743/15/3 2689/15/3
f 2753/15/3 2744/15/3 2743/15/3
f 2754/15/3 2690/15/3 2744/15/3
f 2754/15/3 2744/15/3 2753/15/3
f 2755/15/3 2745/15/3 2691/15/3
f 2755/15/3 2746/15/3 2745/15/3
f 2756/15/3 2692/15/3 2746/15/3
f 2756/15/3 2746/15/3 2755/15/3
f 2757/13/3 2748/13/3 2747/13/3
f 2757/15/3 2747/15/3 2683/15/3
f 2758/15/3 2684/15/3 2748/15/3
f 2758/13/3 2748/13/3 2757/13/3
f 2759/15/3 2749/15/3 2685/15/3
f 2759/13/3 2750/13/3 2749/13/3
f 2760/15/3 2686/15/3 2750/15/3
f 2760/13/3 2750/13/3 2759/13/3
f 2761/15/3 2751/15/3 2687/15/3
f 2761/13/3 2752/13/3 2751/13/3
f 2762/15/3 2688/15/3 2752/15/3
f 2762/13/3 2752/13/3 2761/13/3
f 2763/15/3 2753/15/3 2689/15/3
f 2763/13/3 2754/13/3 2753/13/3
f 2764/15/3 2690/15/3 2754/15/3
f 2764/13/3 2754/13/3 2763/13/3
f 2765/15/3 2755/15/3 2691/15/3
f 2765/13/3 2756/13/3 2755/13/3
f 2766/15/3 2692/15/3 2756/15/3
f 2766/13/3 2756/13/3 2765/13/3
f 2767/15/3 2757/15/3 2683/15/3
f 2767/15/3 2758/15/3 2757/15/3
f 2768/15/3 2684/15/3 2758/15/3
f 2768/15/3 2758/15/3 2767/15/3
f 2769/15/3 2759/15/3 2685/15/3
f 2769/15/3 2760/15/3 2759/15/3
f 2770/15/3 2686/15/3 2760/15/3
f 2770/15/3 2760/15/3 2769/15/3
f 2771/15/3 2761/15/3 2687/15/3
f 2771/15/3 2762/15/3 2761/15/3
f 2772/15/3 2688/15/3 2762/15/3
f 2772/15/3 2762/15/3 2771/15/3
f 2773/15/3 2763/15/3 2689/15/3
f 2773/15/3 2764/15/3 2763/15/3
f 2774/15/3 2690/15/3 2764/15/3
f 2774/15/3 2764/15/3 2773/15/3
f 2775/15/3 2766/15/3 2765/15/3
f 2775/15/3 2765/15/3 2691/15/3
f 2776/15/3 2692/15/3 2766/15/3
f 2776/15/3 2766/15/3 2775/15/3
f 2787/15/3 2778/15/3 2777/15/3
f 2788/15/3 2778/15/3 2787/15/3
f 2789/15/3 2780/15/3 2779/15/3
f 2790/15/3 2780/15/3 2789/15/3
f 2791/15/3 2782/15/3 2781/15/3
f 2792/15/3 2782/15/3 2791/15/3
f 2793/15/3 2784/15/3 2783/15/3
f 2794/15/3 2784/15/3 2793/15/3
f 2796/15/3 2786/15/3 2785/15/3
f 2797/15/3 2786/15/3 2796/15/3
f 2798/15/3 2787/15/3 2777/15/3
f 2798/13/3 2788/13/3 2787/13/3
f 2799/15/3 2778/15/3 2788/15/3
f 2799/13/3 2788/13/3 2798/13/3
f 2800/15/3 2789/15/3 2779/15/3
f 2800/13/3 2790/13/3 2789/13/3
f 2801/15/3 2780/15/3 2790/15/3
f 2801/13/3 2790/13/3 2800/13/3
f 2802/15/3 2791/15/3 2781/15/3
f 2802/13/3 2792/13/3 2791/13/3
f 2803/15/3 2782/15/3 2792/15/3
f 2803/13/3 2792/13/3 2802/13/3
f 2804/15/3 2793/15/3 2783/15/3
f 2804/13/3 2794/13/3 2793/13/3
f 2805/15/3 2795/15/3 2794/15/3
f 2805/13/3 2794/13/3 2804/13/3
f 2806/13/3 2797/13/3 2796/13/3
f 2806/15/3 2796/15/3 2785/15/3
f 2807/15/3 2786/15/3 2797/15/3
f 2807/13/3 2797/13/3 2806/13/3
f 2808/15/3 2798/15/3 2777/15/3
f 2808/15/3 2799/15/3 2798/15/3
f 2809/15/3 2778/15/3 2799/15/3
f 2809/15/3 2799/15/3 2808/15/3
f 2810/15/3 2800/15/3 2779/15/3
f 2810/15/3 2801/15/3 2800/15/3
f 2811/15/3 2801/15/3 2810/15/3
f 2812/15/3 2801/15/3 2811/15/3
f 2813/15/3 2780/15/3 2801/15/3
f 2813/15/3 2801/15/3 2812/15/3
f 2814/15/3 2802/15/3 2781/15/3
f 2814/15/3 2803/15/3 2802/15/3
f 2815/15/3 2782/15/3 2803/15/3
f 2815/15/3 2803/15/3 2814/15/3
f 2816/15/3 2804/15/3 2783/15/3
f 2816/15/3 2805/15/3 2804/15/3
f 2817/15/3 2795/15/3 2805/15/3
f 2817/15/3 2805/15/3 2816/15/3
f 2818/15/3 2806/15/3 2785/15/3
f 2818/15/3 2807/15/3 2806/15/3
f 2819/15/3 2786/15/3 2807/15/3
f 2819/15/3 2807/15/3 2818/15/3
f 2820/17/3 2812/17/3 2811/17/3
f 2820/13/3 2811/13/3 2810/13/3
f 2821/13/3 2813/13/3 2812/13/3
f 2821/17/3 2812/17/3 2820/17/3
f 2822/13/3 2813/13/3 2821/13/3
f 2823/13/3 2821/13/3 2820/13/3
f 2823/17/3 2822/17/3 2821/17/3
f 2824/13/3 2813/13/3 2822/13/3
f 2824/17/3 2822/17/3 2823/17/3
f 2825/13/3 2813/13/3 2824/13/3
f 2826/13/3 2824/13/3 2823/13/3
f 2826/17/3 2825/17/3 2824/17/3
f 2827/13/3 2813/13/3 2825/13/3
f 2827/17/3 2825/17/3 2826/17/3
f 2828/15/3 2808/15/3 2777/15/3
f 2828/13/3 2809/13/3 2808/13/3
f 2829/15/3 2778/15/3 2809/15/3
f 2829/13/3 2809/13/3 2828/13/3
f 2830/13/3 2827/13/3 2826/13/3
f 2830/13/3 2820/13/3 2810/13/3
f 2830/15/3 2810/15/3 2779/15/3
f 2830/13/3 2826/13/3 2823/13/3
f 2830/13/3 2823/13/3 2820/13/3
f 2831/15/3 2780/15/3 2813/15/3
f 2831/13/3 2827/13/3 2830/13/3
f 2831/13/3 2813/13/3 2827/13/3
f 2832/15/3 2814/15/3 2781/15/3
f 2832/13/3 2815/13/3 2814/13/3
f 2833/15/3 2782/15/3 2815/15/3
f 2833/13/3 2815/13/3 2832/13/3
f 2834/15/3 2816/15/3 2783/15/3
f 2834/13/3 2817/13/3 2816/13/3
f 2835/15/3 2795/15/3 2817/15/3
f 2835/13/3 2817/13/3 2834/13/3
f 2836/15/3 2818/15/3 2785/15/3
f 2836/13/3 2819/13/3 2818/13/3
f 2837/15/3 2786/15/3 2819/15/3
f 2837/13/3 2819/13/3 2836/13/3
f 2838/15/3 2828/15/3 2777/15/3
f 2838/15/3 2829/15/3 2828/15/3
f 2839/15/3 2778/15/3 2829/15/3
f 2839/15/3 2829/15/3 2838/15/3
f 2840/15/3 2830/15/3 2779/15/3
f 2840/15/3 2831/15/3 2830/15/3
f 2841/15/3 2780/15/3 2831/15/3
f 2841/15/3 2831/15/3 2840/15/3
f 2842/15/3 2832/15/3 2781/15/3
f 2842/15/3 2833/15/3 2832/15/3
f 2843/15/3 2782/15/3 2833/15/3
f 2843/15/3 2833/15/3 2842/15/3
f 2844/15/3 2834/15/3 2783/15/3
f 2844/15/3 2835/15/3 2834/15/3
f 2845/15/3 2795/15/3 2835/15/3
f 2845/15/3 2835/15/3 2844/15/3
f 2846/15/3 2836/15/3 2785/15/3
f 2846/15/3 2837/15/3 2836/15/3
f 2847/15/3 2786/15/3 2837/15/3
f 2847/15/3 2837/15/3 2846/15/3
f 2848/15/3 2838/15/3 2777/15/3
f 2848/13/3 2839/13/3 2838/13/3
f 2849/15/3 2778/15/3 2839/15/3
f 2849/13/3 2839/13/3 2848/13/3
f 2850/13/3 2841/13/3 2840/13/3
f 2850/15/3 2840/15/3 2779/15/3
f 2851/15/3 2780/15/3 2841/15/3
f 2851/13/3 2841/13/3 2850/13/3
f 2852/15/3 2842/15/3 2781/15/3
f 2852/13/3 2843/13/3 2842/13/3
f 2853/15/3 2782/15/3 2843/15/3
f 2853/13/3 2843/13/3 2852/13/3
f 2854/15/3 2844/15/3 2783/15/3
f 2854/13/3 2845/13/3 2844/13/3
f 2855/15/3 2795/15/3 2845/15/3
f 2855/13/3 2845/13/3 2854/13/3
f 2856/15/3 2846/15/3 2785/15/3
f 2856/13/3 2847/13/3 2846/13/3
f 2857/15/3 2786/15/3 2847/15/3
f 2857/13/3 2847/13/3 2856/13/3
f 2858/15/3 2848/15/3 2777/15/3
f 2858/15/3 2849/15/3 2848/15/3
f 2859/15/3 2778/15/3 2849/15/3
f 2859/15/3 2849/15/3 2858/15/3
f 2860/15/3 2850/15/3 2779/15/3
f 2860/15/3 2851/15/3 2850/15/3
f 2861/15/3 2780/15/3 2851/15/3
f 2861/15/3 2851/15/3 2860/15/3
f 2862/15/3 2852/15/3 2781/15/3
f 2862/15/3 2853/15/3 2852/15/3
f 2863/15/3 2782/15/3 2853/15/3
f 2863/15/3 2853/15/3 2862/15/3
f 2864/15/3 2855/15/3 2854/15/3
f 2864/15/3 2854/15/3 2783/15/3
f 2865/15/3 2795/15/3 2855/15/3
f 2865/15/3 2855/15/3 2864/15/3
f 2866/15/3 2857/15/3 2856/15/3
f 2866/15/3 2856/15/3 2785/15/3
f 2867/15/3 2786/15/3 2857/15/3
f 2867/15/3 2857/15/3 2866/15/3
f 2870/17/3 2869/17/3 2868/17/3
f 2871/17/3 2869/17/3 2870/17/3
f 2882/5/3 2873/5/3 2872/5/3
f 2883/5/3 2873/5/3 2882/5/3
f 2884/5/3 2882/5/3 2872/5/3
f 2885/5/3 2882/5/3 2884/5/3
f 2886/1/3 2875/1/3 2874/1/3
f 2887/1/3 2875/1/3 2886/1/3
f 2888/1/3 2877/1/3 2876/1/3
f 2889/1/3 2877/1/3 2888/1/3
f 2890/1/3 2879/1/3 2878/1/3
f 2891/1/3 2879/1/3 2890/1/3
f 2892/1/3 2881/1/3 2880/1/3
f 2893/1/3 2881/1/3 2892/1/3
f 2894/5/3 2884/5/3 2872/5/3
f 2894/9/3 2885/9/3 2884/9/3
f 2895/5/3 2882/5/3 2885/5/3
f 2895/9/3 2885/9/3 2894/9/3
f 2896/13/3 2883/13/3 2882/13/3
f 2896/5/3 2882/5/3 2895/5/3
f 2897/5/3 2873/5/3 2883/5/3
f 2897/13/3 2883/13/3 2896/13/3
f 2898/5/3 2887/5/3 2886/5/3
f 2899/5/3 2887/5/3 2898/5/3
f 2900/5/3 2889/5/3 2888/5/3
f 2901/5/3 2889/5/3 2900/5/3
f 2902/5/3 2891/5/3 2890/5/3
f 2903/5/3 2891/5/3 2902/5/3
f 2904/5/3 2893/5/3 2892/5/3
f 2905/5/3 2893/5/3 2904/5/3
f 2906/5/3 2894/5/3 2872/5/3
f 2906/5/3 2896/5/3 2895/5/3
f 2906/5/3 2895/5/3 2894/5/3
f 2906/5/3 2897/5/3 2896/5/3
f 2907/5/3 2897/5/3 2906/5/3
f 2908/5/3 2897/5/3 2907/5/3
f 2909/5/3 2873/5/3 2897/5/3
f 2909/5/3 2897/5/3 2908/5/3
f 2910/5/3 2898/5/3 2886/5/3
f 2911/5/3 2898/5/3 2910/5/3
f 2912/5/3 2900/5/3 2888/5/3
f 2913/5/3 2900/5/3 2912/5/3
f 2914/5/3 2902/5/3 2890/5/3
f 2915/5/3 2902/5/3 2914/5/3
f 2916/5/3 2904/5/3 2892/5/3
f 2917/5/3 2904/5/3 2916/5/3
f 2918/5/3 2910/5/3 2886/5/3
f 2918/9/3 2911/9/3 2910/9/3
f 2919/5/3 2898/5/3 2911/5/3
f 2919/9/3 2911/9/3 2918/9/3
f 2920/13/3 2899/13/3 2898/13/3
f 2920/5/3 2898/5/3 2919/5/3
f 2921/5/3 2887/5/3 2899/5/3
f 2921/13/3 2899/13/3 2920/13/3
f 2922/5/3 2912/5/3 2888/5/3
f 2922/9/3 2913/9/3 2912/9/3
f 2923/5/3 2900/5/3 2913/5/3
f 2923/9/3 2913/9/3 2922/9/3
f 2924/13/3 2901/13/3 2900/13/3
f 2924/5/3 2900/5/3 2923/5/3
f 2925/5/3 2889/5/3 2901/5/3
f 2925/13/3 2901/13/3 2924/13/3
f 2926/5/3 2914/5/3 2890/5/3
f 2926/9/3 2915/9/3 2914/9/3
f 2927/5/3 2902/5/3 2915/5/3
f 2927/9/3 2915/9/3 2926/9/3
f 2928/13/3 2903/13/3 2902/13/3
f 2928/5/3 2902/5/3 2927/5/3
f 2929/5/3 2891/5/3 2903/5/3
f 2929/13/3 2903/13/3 2928/13/3
f 2930/9/3 2917/9/3 2916/9/3
f 2930/5/3 2916/5/3 2892/5/3
f 2931/5/3 2904/5/3 2917/5/3
f 2931/9/3 2917/9/3 2930/9/3
f 2932/13/3 2905/13/3 2904/13/3
f 2932/5/3 2904/5/3 2931/5/3
f 2933/5/3 2893/5/3 2905/5/3
f 2933/13/3 2905/13/3 2932/13/3
f 2934/5/3 2906/5/3 2872/5/3
f 2934/9/3 2907/9/3 2906/9/3
f 2935/5/3 2908/5/3 2907/5/3
f 2935/9/3 2907/9/3 2934/9/3
f 2936/5/3 2920/5/3 2919/5/3
f 2936/5/3 2919/5/3 2918/5/3
f 2936/5/3 2918/5/3 2886/5/3
f 2936/5/3 2921/5/3 2920/5/3
f 2937/1/3 2875/1/3 2887/1/3
f 2937/5/3 2921/5/3 2936/5/3
f 2937/5/3 2887/5/3 2921/5/3
f 2938/5/3 2924/5/3 2923/5/3
f 2938/5/3 2923/5/3 2922/5/3
f 2938/5/3 2922/5/3 2888/5/3
f 2938/5/3 2925/5/3 2924/5/3
f 2939/1/3 2877/1/3 2889/1/3
f 2939/5/3 2925/5/3 2938/5/3
f 2939/5/3 2889/5/3 2925/5/3
f 2940/5/3 2926/5/3 2890/5/3
f 2940/5/3 2928/5/3 2927/5/3
f 2940/5/3 2927/5/3 2926/5/3
f 2940/5/3 2929/5/3 2928/5/3
f 2941/1/3 2879/1/3 2891/1/3
f 2941/5/3 2929/5/3 2940/5/3
f 2941/5/3 2891/5/3 2929/5/3
f 2942/5/3 2932/5/3 2931/5/3
f 2942/5/3 2931/5/3 2930/5/3
f 2942/5/3 2930/5/3 2892/5/3
f 2942/5/3 2933/5/3 2932/5/3
f 2943/1/3 2881/1/3 2893/1/3
f 2943/5/3 2933/5/3 2942/5/3
f 2943/5/3 2893/5/3 2933/5/3
f 2944/5/3 2908/5/3 2935/5/3
f 2944/5/3 2935/5/3 2934/5/3
f 2944/13/3 2909/13/3 2908/13/3
f 2945/5/3 2873/5/3 2909/5/3
f 2945/13/3 2909/13/3 2944/13/3
f 2946/5/3 2934/5/3 2872/5/3
f 2946/5/3 2944/5/3 2934/5/3
f 2946/5/3 2945/5/3 2944/5/3
f 2947/5/3 2873/5/3 2945/5/3
f 2947/5/3 2945/5/3 2946/5/3
f 2948/1/3 2937/1/3 2936/1/3
f 2949/1/3 2875/1/3 2937/1/3
f 2949/1/3 2937/1/3 2948/1/3
f 2950/1/3 2939/1/3 2938/1/3
f 2951/1/3 2877/1/3 2939/1/3
f 2951/1/3 2939/1/3 2950/1/3
f 2952/1/3 2941/1/3 2940/1/3
f 2953/1/3 2879/1/3 2941/1/3
f 2953/1/3 2941/1/3 2952/1/3
f 2954/1/3 2943/1/3 2942/1/3
f 2955/1/3 2881/1/3 2943/1/3
f 2955/1/3 2943/1/3 2954/1/3
f 2960/17/3 2957/17/3 2956/17/3
f 2961/17/3 2957/17/3 2960/17/3
f 2962/17/3 2959/17/3 2958/17/3
f 2963/17/3 2959/17/3 2962/17/3
f 2966/1/3 2965/1/3 2964/1/3
f 2967/1/3 2965/1/3 2966/1/3
f 2970/1/3 2969/1/3 2968/1/3
f 2971/1/3 2969/1/3 2970/1/3
f 2974/1/3 2973/1/3 2972/1/3
f 2975/1/3 2973/1/3 2974/1/3
f 2978/1/3 2977/1/3 2976/1/3
f 2979/1/3 2977/1/3 2978/1/3
f 2982/1/3 2981/1/3 2980/1/3
f 2983/1/3 2981/1/3 2982/1/3
f 2986/1/3 2985/1/3 2984/1/3
f 2987/1/3 2985/1/3 2986/1/3
f 2990/1/3 2989/1/3 2988/1/3
f 2991/1/3 2989/1/3 2990/1/3
f 2994/1/3 2993/1/3 2992/1/3
f 2995/1/3 2993/1/3 2994/1/3
f 2998/1/3 2997/1/3 2996/1/3
f 2999/1/3 2997/1/3 2998/1/3
f 3000/17/3 2999/17/3 2998/17/3
f 3001/17/3 2999/17/3 3000/17/3
f 3004/1/3 3003/1/3 3002/1/3
f 3005/1/3 3003/1/3 3004/1/3
f 3008/1/3 3007/1/3 3006/1/3
f 3009/1/3 3007/1/3 3008/1/3
f 3012/1/3 3011/1/3 3010/1/3
f 3013/1/3 3011/1/3 3012/1/3
f 3016/1/3 3015/1/3 3014/1/3
f 3017/1/3 3015/1/3 3016/1/3
f 3021/1/3 3019/1/3 3018/1/3
f 3021/1/3 3020/1/3 3019/1/3
f 3022/1/3 3020/1/3 3021/1/3
f 3025/1/3 3024/1/3 3023/1/3
f 3026/1/3 3024/1/3 3025/1/3
f 3029/1/3 3028/1/3 3027/1/3
f 3030/1/3 3028/1/3 3029/1/3
f 3033/15/3 3032/15/3 3031/15/3
f 3034/15/3 3032/15/3 3033/15/3
f 3037/1/3 3036/1/3 3035/1/3
f 3038/1/3 3036/1/3 3037/1/3
f 3041/1/3 3040/1/3 3039/1/3
f 3042/1/3 3040/1/3 3041/1/3
f 3045/1/3 3044/1/3 3043/1/3
f 3046/1/3 3044/1/3 3045/1/3
f 3049/1/3 3048/1/3 3047/1/3
f 3050/1/3 3048/1/3 3049/1/3
f 3055/15/3 3054/15/3 3053/15/3
f 3056/15/3 3054/15/3 3055/15/3
f 3059/9/3 3058/9/3 3057/9/3
f 3060/9/3 3058/9/3 3059/9/3
f 3063/9/3 3062/9/3 3061/9/3
f 3064/9/3 3062/9/3 3063/9/3
f 3066/15/3 3054/15/3 3056/15/3
f 3067/15/3 3066/15/3 3065/15/3
f 3068/15/3 3054/15/3 3066/15/3
f 3068/15/3 3066/15/3 3067/15/3
f 3069/15/3 3052/15/3 3051/15/3
f 3070/15/3 3052/15/3 3069/15/3
f 3073/1/3 3072/1/3 3071/1/3
f 3074/1/3 3072/1/3 3073/1/3
f 3077/5/3 3076/5/3 3075/5/3
f 3078/5/3 3076/5/3 3077/5/3
f 3079/5/3 3077/5/3 3075/5/3
f 3080/5/3 3077/5/3 3079/5/3
f 3081/5/3 3079/5/3 3075/5/3
f 3082/5/3 3077/5/3 3080/5/3
f 3083/13/3 3078/13/3 3077/13/3
f 3083/5/3 3077/5/3 3082/5/3
f 3084/5/3 3076/5/3 3078/5/3
f 3084/13/3 3078/13/3 3083/13/3
f 3085/5/3 3083/5/3 3082/5/3
f 3085/5/3 3082/5/3 3081/5/3
f 3085/5/3 3084/5/3 3083/5/3
f 3085/5/3 3081/5/3 3075/5/3
f 3086/5/3 3084/5/3 3085/5/3
f 3087/5/3 3084/5/3 3086/5/3
f 3088/5/3 3076/5/3 3084/5/3
f 3088/5/3 3084/5/3 3087/5/3
f 3089/5/3 3085/5/3 3075/5/3
f 3090/5/3 3087/5/3 3086/5/3
f 3091/13/3 3088/13/3 3087/13/3
f 3091/5/3 3090/5/3 3089/5/3
f 3091/5/3 3087/5/3 3090/5/3
f 3092/5/3 3076/5/3 3088/5/3
f 3092/13/3 3088/13/3 3091/13/3
f 3093/5/3 3089/5/3 3075/5/3
f 3093/5/3 3091/5/3 3089/5/3
f 3093/5/3 3092/5/3 3091/5/3
f 3094/5/3 3076/5/3 3092/5/3
f 3094/5/3 3092/5/3 3093/5/3
f 3096/1/3 3072/1/3 3074/1/3
f 3097/1/3 3096/1/3 3095/1/3
f 3098/1/3 3072/1/3 3096/1/3
f 3098/1/3 3096/1/3 3097/1/3
f 3101/1/3 3100/1/3 3099/1/3
f 3102/1/3 3100/1/3 3101/1/3
f 3105/16/3 3104/16/3 3103/16/3
f 3106/16/3 3104/16/3 3105/16/3
f 3109/1/3 3108/1/3 3107/1/3
f 3110/1/3 3108/1/3 3109/1/3
f 3113/1/3 3112/1/3 3111/1/3
f 3114/1/3 3112/1/3 3113/1/3
f 3117/1/3 3116/1/3 3115/1/3
f 3118/1/3 3116/1/3 3117/1/3
f 3121/1/3 3120/1/3 3119/1/3
f 3122/1/3 3120/1/3 3121/1/3
f 3125/1/3 3124/1/3 3123/1/3
f 3126/1/3 3124/1/3 3125/1/3
f 3129/17/3 3128/17/3 3127/17/3
f 3130/17/3 3128/17/3 3129/17/3
f 3133/1/3 3132/1/3 3131/1/3
f 3134/1/3 3132/1/3 3133/1/3
f 3137/1/3 3136/1/3 3135/1/3
f 3138/1/3 3136/1/3 3137/1/3
f 3141/1/3 3140/1/3 3139/1/3
f 3142/1/3 3140/1/3 3141/1/3
f 3145/1/3 3144/1/3 3143/1/3
f 3146/1/3 3144/1/3 3145/1/3
f 3149/1/3 3148/1/3 3147/1/3
f 3150/1/3 3148/1/3 3149/1/3
f 3155/1/3 3154/1/3 3153/1/3
f 3156/1/3 3154/1/3 3155/1/3
f 3159/1/3 3158/1/3 3157/1/3
f 3160/1/3 3158/1/3 3159/1/3
f 3165/1/3 3162/1/3 3161/1/3
f 3166/1/3 3162/1/3 3165/1/3
f 3167/1/3 3164/1/3 3163/1/3
f 3168/1/3 3164/1/3 3167/1/3
f 3171/1/3 3170/1/3 3169/1/3
f 3172/1/3 3170/1/3 3171/1/3
f 3175/1/3 3174/1/3 3173/1/3
f 3176/1/3 3174/1/3 3175/1/3
f 3179/1/3 3178/1/3 3177/1/3
f 3180/1/3 3178/1/3 3179/1/3
f 3181/15/3 3152/15/3 3151/15/3
f 3182/15/3 3152/15/3 3181/15/3
f 3185/16/3 3184/16/3 3183/16/3
f 3186/16/3 3184/16/3 3185/16/3
f 3187/5/4 3188/5/4 3191/5/4
f 3191/5/4 3188/5/4 3192/5/4
f 3189/10/4 3190/10/4 3193/10/4
f 3193/10/4 3190/10/4 3194/10/4
f 3195/5/4 3196/5/4 3199/5/4
f 3199/5/4 3196/5/4 3200/5/4
f 3197/10/4 3198/10/4 3201/10/4
f 3201/10/4 3198/10/4 3202/10/4
f 3203/5/4 3204/5/4 3207/5/4
f 3207/5/4 3204/5/4 3208/5/4
f 3205/10/4 3206/10/4 3209/10/4
f 3209/10/4 3206/10/4 3210/10/4
f 3211/5/4 3212/5/4 3215/5/4
f 3215/5/4 3212/5/4 3216/5/4
f 3213/10/4 3214/10/4 3217/10/4
f 3217/10/4 3214/10/4 3218/10/4
f 3219/10/4 3220/10/4 3221/10/4
f 3221/10/4 3220/10/4 3222/10/4
f 3223/10/4 3224/10/4 3225/10/4
f 3225/10/4 3224/10/4 3226/10/4
f 3227/10/4 3228/10/4 3229/10/4
f 3229/10/4 3228/10/4 3230/10/4
f 3231/10/4 3232/10/4 3233/10/4
f 3233/10/4 3232/10/4 3234/10/4
f 3235/15/4 3236/15/4 3239/15/4
f 3239/15/4 3236/15/4 3240/15/4
f 3237/10/4 3238/10/4 3241/10/4
f 3241/10/4 3238/10/4 3242/10/4
f 3243/15/4 3244/15/4 3247/15/4
f 3247/15/4 3244/15/4 3248/15/4
f 3245/10/4 3246/10/4 3249/10/4
f 3249/10/4 3246/10/4 3250/10/4
f 3251/15/4 3252/15/4 3255/15/4
f 3255/15/4 3252/15/4 3256/15/4
f 3253/10/4 3254/10/4 3257/10/4
f 3257/10/4 3254/10/4 3258/10/4
f 3259/15/4 3260/15/4 3263/15/4
f 3263/15/4 3260/15/4 3264/15/4
f 3261/10/4 3262/10/4 3265/10/4
f 3265/10/4 3262/10/4 3266/10/4
f 3267/2/4 3268/2/4 3269/2/4
f 3269/2/4 3268/2/4 3270/2/4
f 3271/3/4 3272/3/4 3273/3/4
f 3273/3/4 3272/3/4 3274/3/4
f 3275/7/4 3276/7/4 3279/7/4
f 3279/7/4 3276/7/4 3280/7/4
f 3277/7/4 3278/7/4 3281/7/4
f 3281/7/4 3278/7/4 3282/7/4
f 3283/6/4 3284/6/4 3287/6/4
f 3287/6/4 3284/6/4 3288/6/4
f 3285/6/4 3286/6/4 3289/6/4
f 3289/6/4 3286/6/4 3290/6/4
f 3291/2/4 3292/2/4 3295/2/4
f 3295/2/4 3292/2/4 3296/2/4
f 3293/3/4 3294/3/4 3298/3/4
f 3298/3/4 3294/3/4 3299/3/4
f 3297/6/4 3298/6/4 3300/6/4
f 3300/6/4 3298/6/4 3301/6/4
f 3302/6/4 3303/6/4 3306/6/4
f 3306/6/4 3303/6/4 3307/6/4
f 3304/3/4 3305/3/4 3309/3/4
f 3309/3/4 3305/3/4 3310/3/4
f 3311/6/4 3312/6/4 3318/6/4
f 3312/2/4 3313/2/4 3319/2/4
f 3318/6/4 3312/6/4 3319/6/4
f 3314/2/4 3315/2/4 3320/2/4
f 3320/2/4 3315/2/4 3321/2/4
f 3316/6/4 3317/6/4 3322/6/4
f 3322/6/4 3317/6/4 3323/6/4
f 3308/6/4 3309/6/4 3324/6/4
f 3318/2/4 3319/2/4 3326/2/4
f 3319/2/4 3313/2/4 3327/2/4
f 3326/2/4 3319/2/4 3327/2/4
f 3327/2/4 3313/2/4 3328/2/4
f 3308/6/4 3324/6/4 3331/6/4
f 3324/2/4 3325/2/4 3332/2/4
f 3331/6/4 3324/6/4 3332/6/4
f 3332/2/4 3325/2/4 3333/2/4
f 3326/6/4 3327/6/4 3334/6/4
f 3334/6/4 3327/6/4 3335/6/4
f 3329/6/4 3330/6/4 3336/6/4
f 3336/6/4 3330/6/4 3337/6/4
f 3338/6/4 3339/6/4 3342/6/4
f 3342/6/4 3339/6/4 3343/6/4
f 3340/6/4 3341/6/4 3345/6/4
f 3345/6/4 3341/6/4 3346/6/4
f 3343/3/4 3344/3/4 3349/3/4
f 3349/3/4 3344/3/4 3350/3/4
f 3347/6/4 3348/6/4 3353/6/4
f 3353/6/4 3348/6/4 3354/6/4
f 3351/6/4 3352/6/4 3355/6/4
f 3355/6/4 3352/6/4 3356/6/4
f 3357/3/4 3358/3/4 3361/3/4
f 3361/3/4 3358/3/4 3362/3/4
f 3359/6/4 3360/6/4 3363/6/4
f 3363/6/4 3360/6/4 3364/6/4
f 3365/6/4 3366/6/4 3373/6/4
f 3366/7/4 3367/7/4 3374/7/4
f 3373/6/4 3366/6/4 3374/6/4
f 3374/7/4 3367/7/4 3375/7/4
f 3370/3/4 3371/3/4 3384/3/4
f 3384/3/4 3371/3/4 3385/3/4
f 3374/6/4 3375/6/4 3386/6/4
f 3375/7/4 3376/7/4 3386/7/4
f 3386/7/4 3376/7/4 3387/7/4
f 3381/6/4 3382/6/4 3391/6/4
f 3391/6/4 3382/6/4 3392/6/4
f 3368/5/4 3369/5/4 3393/5/4
f 3393/5/4 3369/5/4 3394/5/4
f 3383/6/4 3384/6/4 3395/6/4
f 3395/6/4 3384/6/4 3396/6/4
f 3372/5/4 3373/5/4 3397/5/4
f 3397/5/4 3373/5/4 3398/5/4
f 3374/6/4 3386/6/4 3399/6/4
f 3386/6/4 3387/6/4 3399/6/4
f 3399/6/4 3387/6/4 3400/6/4
f 3377/5/4 3378/5/4 3401/5/4
f 3401/5/4 3378/5/4 3402/5/4
f 3388/6/4 3389/6/4 3403/6/4
f 3403/6/4 3389/6/4 3404/6/4
f 3379/5/4 3380/5/4 3405/5/4
f 3405/5/4 3380/5/4 3406/5/4
f 3390/6/4 3391/6/4 3407/6/4
f 3391/7/4 3392/7/4 3408/7/4
f 3407/6/4 3391/6/4 3408/6/4
f 3408/7/4 3392/7/4 3409/7/4
f 3394/5/4 3395/5/4 3411/5/4
f 3398/5/4 3399/5/4 3413/5/4
f 3402/5/4 3403/5/4 3415/5/4
f 3415/5/4 3403/5/4 3416/5/4
f 3406/5/4 3407/5/4 3419/5/4
f 3419/5/4 3407/5/4 3420/5/4
f 3416/6/4 3417/6/4 3422/6/4
f 3414/5/4 3415/5/4 3422/5/4
f 3415/5/4 3416/5/4 3422/5/4
f 3422/6/4 3417/6/4 3423/6/4
f 3420/6/4 3421/6/4 3424/6/4
f 3419/5/4 3420/5/4 3424/5/4
f 3418/5/4 3419/5/4 3424/5/4
f 3424/6/4 3421/6/4 3425/6/4
f 3410/5/4 3411/5/4 3426/5/4
f 3411/5/4 3395/5/4 3427/5/4
f 3426/5/4 3411/5/4 3427/5/4
f 3427/5/4 3395/5/4 3428/5/4
f 3412/5/4 3413/5/4 3430/5/4
f 3413/5/4 3399/5/4 3431/5/4
f 3430/5/4 3413/5/4 3431/5/4
f 3414/5/4 3422/5/4 3432/5/4
f 3432/5/4 3422/5/4 3433/5/4
f 3418/5/4 3424/5/4 3434/5/4
f 3434/5/4 3424/5/4 3435/5/4
f 3428/6/4 3429/6/4 3436/6/4
f 3431/5/4 3399/5/4 3438/5/4
f 3436/2/4 3437/2/4 3441/2/4
f 3428/6/4 3436/6/4 3441/6/4
f 3441/2/4 3437/2/4 3442/2/4
f 3439/7/4 3440/7/4 3443/7/4
f 3438/6/4 3439/6/4 3443/6/4
f 3443/7/4 3440/7/4 3444/7/4
f 3427/5/4 3428/5/4 3446/5/4
f 3428/6/4 3441/6/4 3447/6/4
f 3446/5/4 3428/5/4 3447/5/4
f 3447/6/4 3441/6/4 3448/6/4
f 3431/5/4 3438/5/4 3450/5/4
f 3433/5/4 3422/5/4 3452/5/4
f 3435/5/4 3424/5/4 3454/5/4
f 3450/5/4 3438/5/4 3455/5/4
f 3449/5/4 3450/5/4 3455/5/4
f 3438/6/4 3443/6/4 3455/6/4
f 3455/6/4 3443/6/4 3456/6/4
f 3451/5/4 3452/5/4 3457/5/4
f 3452/5/4 3422/5/4 3457/5/4
f 3453/5/4 3454/5/4 3459/5/4
f 3454/5/4 3424/5/4 3459/5/4
f 3445/5/4 3446/5/4 3462/5/4
f 3446/5/4 3447/5/4 3462/5/4
f 3462/5/4 3447/5/4 3463/5/4
f 3449/5/4 3455/5/4 3464/5/4
f 3464/5/4 3455/5/4 3465/5/4
f 3451/5/4 3457/5/4 3466/5/4
f 3466/5/4 3457/5/4 3467/5/4
f 3457/6/4 3458/6/4 3468/6/4
f 3467/5/4 3457/5/4 3468/5/4
f 3468/6/4 3458/6/4 3469/6/4
f 3453/5/4 3459/5/4 3470/5/4
f 3470/5/4 3459/5/4 3471/5/4
f 3459/6/4 3460/6/4 3472/6/4
f 3460/3/4 3461/3/4 3472/3/4
f 3472/3/4 3461/3/4 3473/3/4
f 3471/5/4 3459/5/4 3474/5/4
f 3459/6/4 3472/6/4 3474/6/4
f 3474/6/4 3472/6/4 3475/6/4
f 3463/5/4 3447/5/4 3477/5/4
f 3477/5/4 3447/5/4 3478/5/4
f 3465/5/4 3455/5/4 3482/5/4
f 3482/5/4 3455/5/4 3483/5/4
f 3467/5/4 3468/5/4 3485/5/4
f 3485/5/4 3468/5/4 3486/5/4
f 3471/5/4 3474/5/4 3490/5/4
f 3490/5/4 3474/5/4 3491/5/4
f 3478/6/4 3479/6/4 3492/6/4
f 3479/7/4 3480/7/4 3493/7/4
f 3492/6/4 3479/6/4 3493/6/4
f 3487/15/4 3488/15/4 3499/15/4
f 3499/15/4 3488/15/4 3500/15/4
f 3476/5/4 3477/5/4 3502/5/4
f 3502/5/4 3477/5/4 3503/5/4
f 3493/7/4 3480/7/4 3505/7/4
f 3505/7/4 3480/7/4 3506/7/4
f 3481/5/4 3482/5/4 3507/5/4
f 3507/5/4 3482/5/4 3508/5/4
f 3494/3/4 3495/3/4 3510/3/4
f 3510/3/4 3495/3/4 3511/3/4
f 3484/5/4 3485/5/4 3512/5/4
f 3512/5/4 3485/5/4 3513/5/4
f 3496/6/4 3497/6/4 3514/6/4
f 3497/7/4 3498/7/4 3515/7/4
f 3514/6/4 3497/6/4 3515/6/4
f 3515/7/4 3498/7/4 3516/7/4
f 3500/15/4 3501/15/4 3517/15/4
f 3517/15/4 3501/15/4 3518/15/4
f 3489/5/4 3490/5/4 3519/5/4
f 3519/5/4 3490/5/4 3520/5/4
f 3503/6/4 3504/6/4 3523/6/4
f 3523/6/4 3504/6/4 3524/6/4
f 3508/6/4 3509/6/4 3525/6/4
f 3525/6/4 3509/6/4 3526/6/4
f 3513/6/4 3514/6/4 3527/6/4
f 3527/6/4 3514/6/4 3528/6/4
f 3520/6/4 3521/6/4 3529/6/4
f 3521/6/4 3522/6/4 3529/6/4
f 3529/6/4 3522/6/4 3530/6/4
f 3531/6/4 3532/6/4 3537/6/4
f 3533/6/4 3534/6/4 3538/6/4
f 3538/6/4 3534/6/4 3539/6/4
f 3535/6/4 3536/6/4 3541/6/4
f 3541/6/4 3536/6/4 3542/6/4
f 3537/6/4 3532/6/4 3543/6/4
f 3543/6/4 3532/6/4 3544/6/4
f 3539/6/4 3540/6/4 3545/6/4
f 3545/6/4 3540/6/4 3546/6/4
f 3542/6/4 3536/6/4 3547/6/4
f 3547/6/4 3536/6/4 3548/6/4
f 3549/15/4 3550/15/4 3551/15/4
f 3551/15/4 3550/15/4 3552/15/4
f 3555/6/4 3556/6/4 3561/6/4
f 3561/6/4 3556/6/4 3562/6/4
f 3557/6/4 3558/6/4 3563/6/4
f 3563/6/4 3558/6/4 3564/6/4
f 3559/6/4 3560/6/4 3565/6/4
f 3565/6/4 3560/6/4 3566/6/4
f 3553/6/4 3554/6/4 3567/6/4
f 3567/6/4 3554/6/4 3568/6/4
f 3571/1/4 3572/1/4 3573/1/4
f 3573/1/4 3572/1/4 3574/1/4
f 3575/1/4 3576/1/4 3579/1/4
f 3579/1/4 3576/1/4 3580/1/4
f 3577/1/4 3578/1/4 3581/1/4
f 3581/1/4 3578/1/4 3582/1/4
f 3569/15/4 3570/15/4 3583/15/4
f 3583/15/4 3570/15/4 3584/15/4
f 3585/1/4 3586/1/4 3587/1/4
f 3587/1/4 3586/1/4 3588/1/4
f 3589/1/4 3590/1/4 3591/1/4
f 3591/1/4 3590/1/4 3592/1/4
f 3593/1/4 3594/1/4 3595/1/4
f 3595/1/4 3594/1/4 3596/1/4
f 3597/1/4 3598/1/4 3599/1/4
f 3599/1/4 3598/1/4 3600/1/4
f 3601/1/4 3602/1/4 3605/1/4
f 3605/1/4 3602/1/4 3606/1/4
f 3603/1/4 3604/1/4 3607/1/4
f 3607/1/4 3604/1/4 3608/1/4
f 3609/1/4 3610/1/4 3611/1/4
f 3611/1/4 3610/1/4 3612/1/4
f 3613/1/4 3614/1/4 3615/1/4
f 3615/1/4 3614/1/4 3616/1/4
f 3615/17/4 3616/17/4 3619/17/4
f 3619/17/4 3616/17/4 3620/17/4
f 3617/1/4 3618/1/4 3621/1/4
f 3621/1/4 3618/1/4 3622/1/4
f 3623/1/4 3624/1/4 3625/1/4
f 3625/1/4 3624/1/4 3626/1/4
f 3627/1/4 3628/1/4 3629/1/4
f 3629/1/4 3628/1/4 3630/1/4
f 3631/1/4 3632/1/4 3635/1/4
f 3635/1/4 3632/1/4 3636/1/4
f 3633/1/4 3634/1/4 3637/1/4
f 3637/1/4 3634/1/4 3638/1/4
f 3639/1/4 3640/1/4 3641/1/4
f 3641/1/4 3640/1/4 3642/1/4
f 3643/1/4 3644/1/4 3645/1/4
f 3645/1/4 3644/1/4 3646/1/4
f 3647/1/4 3648/1/4 3649/1/4
f 3649/1/4 3648/1/4 3650/1/4
f 3651/1/4 3652/1/4 3653/1/4
f 3653/1/4 3652/1/4 3654/1/4
f 3655/1/4 3656/1/4 3657/1/4
f 3657/1/4 3656/1/4 3658/1/4
f 3659/1/4 3660/1/4 3661/1/4
f 3661/1/4 3660/1/4 3662/1/4
f 3663/1/4 3664/1/4 3665/1/4
f 3665/1/4 3664/1/4 3666/1/4
f 3667/1/4 3668/1/4 3669/1/4
f 3669/1/4 3668/1/4 3670/1/4
f 3671/1/4 3672/1/4 3673/1/4
f 3673/1/4 3672/1/4 3674/1/4
f 3675/1/4 3676/1/4 3677/1/4
f 3677/1/4 3676/1/4 3678/1/4
f 3679/1/4 3680/1/4 3681/1/4
f 3681/1/4 3680/1/4 3682/1/4
f 3683/16/4 3684/16/4 3687/16/4
f 3687/16/4 3684/16/4 3688/16/4
f 3685/1/4 3686/1/4 3689/1/4
f 3689/1/4 3686/1/4 3690/1/4
f 3691/1/4 3692/1/4 3693/1/4
f 3693/1/4 3692/1/4 3694/1/4
f 3695/17/4 3696/17/4 3697/17/4
f 3697/17/4 3696/17/4 3698/17/4
f 3699/1/4 3700/1/4 3701/1/4
f 3701/1/4 3700/1/4 3702/1/4
f 3703/1/4 3704/1/4 3705/1/4
f 3705/1/4 3704/1/4 3706/1/4
f 3707/1/4 3708/1/4 3709/1/4
f 3709/1/4 3708/1/4 3710/1/4
f 3711/1/4 3712/1/4 3713/1/4
f 3713/1/4 3712/1/4 3714/1/4
f 3715/1/4 3716/1/4 3717/1/4
f 3717/1/4 3716/1/4 3718/1/4
f 3719/1/4 3720/1/4 3721/1/4
f 3721/1/4 3720/1/4 3722/1/4
f 3723/1/4 3724/1/4 3725/1/4
f 3725/1/4 3724/1/4 3726/1/4
f 3727/1/4 3728/1/4 3729/1/4
f 3729/1/4 3728/1/4 3730/1/4
f 3731/17/4 3732/17/4 3733/17/4
f 3733/17/4 3732/17/4 3734/17/4
f 3735/17/4 3736/17/4 3737/17/4
f 3737/17/4 3736/17/4 3738/17/4
f 3739/1/4 3740/1/4 3743/1/4
f 3743/1/4 3740/1/4 3744/1/4
f 3741/1/4 3742/1/4 3745/1/4
f 3745/1/4 3742/1/4 3746/1/4
f 3747/15/4 3748/15/4 3749/15/4
f 3749/15/4 3748/15/4 3750/15/4
f 3751/1/4 3752/1/4 3753/1/4
f 3753/1/4 3752/1/4 3754/1/4
f 3755/17/4 3756/17/4 3757/17/4
f 3757/17/4 3756/17/4 3758/17/4
f 3759/17/4 3760/17/4 3761/17/4
f 3761/17/4 3760/17/4 3762/17/4
f 3763/16/4 3764/16/4 3765/16/4
f 3765/16/4 3764/16/4 3766/16/4
f 3767/15/4 3768/15/4 3769/15/4
f 3769/15/4 3768/15/4 3770/15/4
f 3771/1/4 3772/1/4 3782/1/4
f 3781/16/4 3782/16/4 3783/16/4
f 3782/1/4 3772/1/4 3784/1/4
f 3783/16/4 3782/16/4 3784/16/4
f 3784/1/4 3772/1/4 3785/1/4
f 3785/1/4 3772/1/4 3786/1/4
f 3773/1/4 3774/1/4 3787/1/4
f 3787/1/4 3774/1/4 3788/1/4
f 3775/1/4 3776/1/4 3789/1/4
f 3789/1/4 3776/1/4 3790/1/4
f 3777/1/4 3778/1/4 3791/1/4
f 3791/1/4 3778/1/4 3792/1/4
f 3779/1/4 3780/1/4 3793/1/4
f 3793/1/4 3780/1/4 3794/1/4
f 3795/16/4 3796/16/4 3807/16/4
f 3807/16/4 3796/16/4 3808/16/4
f 3795/16/4 3807/16/4 3809/16/4
f 3795/16/4 3809/16/4 3811/16/4
f 3809/16/4 3810/16/4 3811/16/4
f 3811/16/4 3810/16/4 3812/16/4
f 3797/15/4 3798/15/4 3813/15/4
f 3813/15/4 3798/15/4 3814/15/4
f 3799/15/4 3800/15/4 3815/15/4
f 3815/15/4 3800/15/4 3816/15/4
f 3801/15/4 3802/15/4 3817/15/4
f 3817/15/4 3802/15/4 3818/15/4
f 3803/15/4 3804/15/4 3819/15/4
f 3819/15/4 3804/15/4 3820/15/4
f 3805/15/4 3806/15/4 3821/15/4
f 3821/15/4 3806/15/4 3822/15/4
f 3823/16/4 3824/16/4 3825/16/4
f 3825/16/4 3824/16/4 3826/16/4
f 3829/16/5 3828/16/5 3827/16/5
f 3830/16/5 3828/16/5 3829/16/5
f 3831/16/5 3829/16/5 3827/16/5
f 3831/11/5 3830/11/5 3829/11/5
f 3832/11/5 3830/11/5 3831/11/5
f 3833/16/5 3832/16/5 3831/16/5
f 3833/11/5 3830/11/5 3832/11/5
f 3834/16/5 3828/16/5 3830/16/5
f 3834/11/5 3830/11/5 3833/11/5
f 3835/16/5 3833/16/5 3831/16/5
f 3835/16/5 3831/16/5 3827/16/5
f 3835/16/5 3834/16/5 3833/16/5
f 3836/16/5 3828/16/5 3834/16/5
f 3836/16/5 3834/16/5 3835/16/5
f 3839/15/5 3838/15/5 3837/15/5
f 3840/15/5 3838/15/5 3839/15/5
f 3843/16/5 3842/16/5 3841/16/5
f 3844/16/5 3842/16/5 3843/16/5
f 3851/14/5 3846/14/5 3845/14/5
f 3852/14/5 3846/14/5 3851/14/5
f 3853/14/5 3848/14/5 3847/14/5
f 3854/14/5 3848/14/5 3853/14/5
f 3855/14/5 3850/14/5 3849/14/5
f 3856/14/5 3850/14/5 3855/14/5
f 3863/14/5 3858/14/5 3857/14/5
f 3864/14/5 3858/14/5 3863/14/5
f 3865/14/5 3860/14/5 3859/14/5
f 3866/14/5 3860/14/5 3865/14/5
f 3867/14/5 3862/14/5 3861/14/5
f 3868/14/5 3862/14/5 3867/14/5
f 3873/14/5 3870/14/5 3869/14/5
f 3874/14/5 3870/14/5 3873/14/5
f 3875/14/5 3872/14/5 3871/14/5
f 3876/14/5 3872/14/5 3875/14/5
f 3879/1/5 3878/1/5 3877/1/5
f 3880/1/5 3878/1/5 3879/1/5
f 3889/10/5 3882/10/5 3881/10/5
f 3890/10/5 3882/10/5 3889/10/5
f 3891/10/5 3884/10/5 3883/10/5
f 3892/10/5 3884/10/5 3891/10/5
f 3893/10/5 3886/10/5 3885/10/5
f 3894/10/5 3886/10/5 3893/10/5
f 3895/10/5 3888/10/5 3887/10/5
f 3896/10/5 3888/10/5 3895/10/5
f 3897/10/5 3889/10/5 3881/10/5
f 3898/10/5 3882/10/5 3890/10/5
f 3899/10/5 3891/10/5 3883/10/5
f 3900/10/5 3884/10/5 3892/10/5
f 3901/10/5 3893/10/5 3885/10/5
f 3902/10/5 3886/10/5 3894/10/5
f 3903/10/5 3895/10/5 3887/10/5
f 3904/10/5 3888/10/5 3896/10/5
f 3905/10/5 3897/10/5 3881/10/5
f 3905/10/5 3898/10/5 3897/10/5
f 3906/10/5 3882/10/5 3898/10/5
f 3906/10/5 3898/10/5 3905/10/5
f 3907/10/5 3899/10/5 3883/10/5
f 3907/10/5 3900/10/5 3899/10/5
f 3908/10/5 3884/10/5 3900/10/5
f 3908/10/5 3900/10/5 3907/10/5
f 3909/10/5 3901/10/5 3885/10/5
f 3909/10/5 3902/10/5 3901/10/5
f 3910/10/5 3886/10/5 3902/10/5
f 3910/10/5 3902/10/5 3909/10/5
f 3911/10/5 3904/10/5 3903/10/5
f 3911/10/5 3903/10/5 3887/10/5
f 3912/10/5 3888/10/5 3904/10/5
f 3912/10/5 3904/10/5 3911/10/5
f 3917/15/5 3914/15/5 3913/15/5
f 3918/15/5 3914/15/5 3917/15/5
f 3919/15/5 3916/15/5 3915/15/5
f 3920/15/5 3916/15/5 3919/15/5
f 3923/17/5 3922/17/5 3921/17/5
f 3924/17/5 3922/17/5 3923/17/5
f 3929/1/5 3926/1/5 3925/1/5
f 3930/1/5 3926/1/5 3929/1/5
f 3931/1/5 3928/1/5 3927/1/5
f 3932/1/5 3928/1/5 3931/1/5
f 3935/15/5 3934/15/5 3933/15/5
f 3936/15/5 3934/15/5 3935/15/5
f 3939/15/5 3938/15/5 3937/15/5
f 3940/15/5 3938/15/5 3939/15/5
f 3943/15/5 3942/15/5 3941/15/5
f 3944/15/5 3942/15/5 3943/15/5
f 3946/15/5 3943/15/5 3941/15/5
f 3947/15/5 3942/15/5 3944/15/5
f 3949/15/5 3946/15/5 3945/15/5
f 3950/15/5 3943/15/5 3946/15/5
f 3950/15/5 3946/15/5 3949/15/5
f 3951/15/5 3948/15/5 3947/15/5
f 3951/15/5 3947/15/5 3944/15/5
f 3952/15/5 3948/15/5 3951/15/5
f 3953/15/5 3949/15/5 3945/15/5
f 3954/15/5 3948/15/5 3952/15/5
f 3955/15/5 3953/15/5 3945/15/5
f 3955/15/5 3954/15/5 3953/15/5
f 3956/15/5 3948/15/5 3954/15/5
f 3956/15/5 3954/15/5 3955/15/5
f 3961/15/5 3958/15/5 3957/15/5
f 3962/15/5 3958/15/5 3961/15/5
f 3963/15/5 3960/15/5 3959/15/5
f 3964/15/5 3960/15/5 3963/15/5
f 3972/6/5 3966/6/5 3965/6/5
f 3973/6/5 3966/6/5 3972/6/5
f 3977/6/5 3968/6/5 3967/6/5
f 3978/6/5 3968/6/5 3977/6/5
f 3980/6/5 3970/6/5 3969/6/5
f 3981/6/5 3970/6/5 3980/6/5
f 3982/6/5 3972/6/5 3971/6/5
f 3983/6/5 3972/6/5 3982/6/5
f 3987/5/5 3975/5/5 3974/5/5
f 3988/5/5 3975/5/5 3987/5/5
f 3989/5/5 3978/5/5 3977/5/5
f 3989/5/5 3977/5/5 3976/5/5
f 3990/5/5 3978/5/5 3989/5/5
f 3991/5/5 3980/5/5 3979/5/5
f 3992/5/5 3980/5/5 3991/5/5
f 3993/6/5 3985/6/5 3984/6/5
f 3994/6/5 3985/6/5 3993/6/5
f 3995/5/5 3987/5/5 3986/5/5
f 3996/5/5 3987/5/5 3995/5/5
f 3997/5/5 3987/5/5 3996/5/5
f 3998/5/5 3993/5/5 3992/5/5
f 3999/5/5 3993/5/5 3998/5/5
f 4000/5/5 3993/5/5 3999/5/5
f 4003/6/5 4002/6/5 4001/6/5
f 4004/6/5 4002/6/5 4003/6/5
f 4007/17/5 4006/17/5 4005/17/5
f 4008/17/5 4006/17/5 4007/17/5
f 4011/1/5 4010/1/5 4009/1/5
f 4012/1/5 4010/1/5 4011/1/5
f 4015/1/5 4014/1/5 4013/1/5
f 4016/1/5 4014/1/5 4015/1/5
f 4019/17/5 4018/17/5 4017/17/5
f 4020/17/5 4018/17/5 4019/17/5
f 4025/1/5 4022/1/5 4021/1/5
f 4026/1/5 4022/1/5 4025/1/5
f 4027/1/5 4024/1/5 4023/1/5
f 4028/1/5 4024/1/5 4027/1/5
f 4031/15/5 4030/15/5 4029/15/5
f 4032/15/5 4030/15/5 4031/15/5
f 4035/15/5 4034/15/5 4033/15/5
f 4036/15/5 4034/15/5 4035/15/5
f 4039/15/5 4038/15/5 4037/15/5
f 4040/15/5 4038/15/5 4039/15/5
f 4042/15/5 4039/15/5 4037/15/5
f 4043/15/5 4038/15/5 4040/15/5
f 4045/15/5 4042/15/5 4041/15/5
f 4046/15/5 4039/15/5 4042/15/5
f 4046/15/5 4042/15/5 4045/15/5
f 4047/15/5 4044/15/5 4043/15/5
f 4047/15/5 4043/15/5 4040/15/5
f 4048/15/5 4044/15/5 4047/15/5
f 4049/15/5 4045/15/5 4041/15/5
f 4050/15/5 4044/15/5 4048/15/5
f 4051/15/5 4049/15/5 4041/15/5
f 4051/15/5 4050/15/5 4049/15/5
f 4052/15/5 4044/15/5 4050/15/5
f 4052/15/5 4050/15/5 4051/15/5
f 4055/6/5 4054/6/5 4053/6/5
f 4056/6/5 4054/6/5 4055/6/5
f 4061/15/5 4058/15/5 4057/15/5
f 4062/15/5 4058/15/5 4061/15/5
f 4063/15/5 4060/15/5 4059/15/5
f 4064/15/5 4060/15/5 4063/15/5
f 4071/6/5 4066/6/5 4065/6/5
f 4072/6/5 4066/6/5 4071/6/5
f 4074/6/5 4068/6/5 4067/6/5
f 4075/6/5 4068/6/5 4074/6/5
f 4076/6/5 4068/6/5 4075/6/5
f 4078/6/5 4070/6/5 4069/6/5
f 4079/6/5 4070/6/5 4078/6/5
f 4083/6/5 4082/6/5 4081/6/5
f 4084/6/5 4082/6/5 4083/6/5
f 4085/5/5 4073/5/5 4072/5/5
f 4086/5/5 4073/5/5 4085/5/5
f 4087/5/5 4075/5/5 4074/5/5
f 4088/5/5 4075/5/5 4087/5/5
f 4089/5/5 4078/5/5 4077/5/5
f 4090/5/5 4078/5/5 4089/5/5
f 4091/6/5 4080/6/5 4079/6/5
f 4092/6/5 4080/6/5 4091/6/5
f 4093/5/5 4085/5/5 4084/5/5
f 4094/5/5 4085/5/5 4093/5/5
f 4095/5/5 4085/5/5 4094/5/5
f 4096/5/5 4091/5/5 4090/5/5
f 4097/5/5 4091/5/5 4096/5/5
f 4098/5/5 4091/5/5 4097/5/5
f 4101/17/5 4100/17/5 4099/17/5
f 4102/17/5 4100/17/5 4101/17/5
f 4105/1/5 4104/1/5 4103/1/5
f 4106/1/5 4104/1/5 4105/1/5
f 4109/1/5 4108/1/5 4107/1/5
f 4110/1/5 4108/1/5 4109/1/5
f 4113/1/5 4112/1/5 4111/1/5
f 4114/1/5 4112/1/5 4113/1/5
f 4117/1/5 4116/1/5 4115/1/5
f 4118/1/5 4116/1/5 4117/1/5
f 4121/17/5 4120/17/5 4119/17/5
f 4122/17/5 4120/17/5 4121/17/5
f 4125/1/5 4124/1/5 4123/1/5
f 4126/1/5 4124/1/5 4125/1/5
f 4129/1/5 4128/1/5 4127/1/5
f 4130/1/5 4128/1/5 4129/1/5
f 4133/1/5 4132/1/5 4131/1/5
f 4134/1/5 4132/1/5 4133/1/5
f 4137/1/5 4136/1/5 4135/1/5
f 4138/1/5 4136/1/5 4137/1/5
f 4143/1/5 4140/1/5 4139/1/5
f 4144/1/5 4140/1/5 4143/1/5
f 4145/1/5 4142/1/5 4141/1/5
f 4146/1/5 4142/1/5 4145/1/5
f 4149/15/5 4148/15/5 4147/15/5
f 4150/15/5 4148/15/5 4149/15/5
f 4153/15/5 4152/15/5 4151/15/5
f 4154/15/5 4152/15/5 4153/15/5
f 4157/15/5 4156/15/5 4155/15/5
f 4158/15/5 4156/15/5 4157/15/5
f 4160/15/5 4157/15/5 4155/15/5
f 4161/15/5 4156/15/5 4158/15/5
f 4163/15/5 4160/15/5 4159/15/5
f 4164/15/5 4157/15/5 4160/15/5
f 4164/15/5 4160/15/5 4163/15/5
f 4165/15/5 4162/15/5 4161/15/5
f 4165/15/5 4161/15/5 4158/15/5
f 4166/15/5 4162/15/5 4165/15/5
f 4169/1/5 4168/1/5 4167/1/5
f 4170/1/5 4168/1/5 4169/1/5
f 4171/15/5 4163/15/5 4159/15/5
f 4172/15/5 4162/15/5 4166/15/5
f 4173/15/5 4171/15/5 4159/15/5
f 4173/15/5 4172/15/5 4171/15/5
f 4174/15/5 4162/15/5 4172/15/5
f 4174/15/5 4172/15/5 4173/15/5
f 4179/15/5 4176/15/5 4175/15/5
f 4180/15/5 4176/15/5 4179/15/5
f 4181/15/5 4178/15/5 4177/15/5
f 4182/15/5 4178/15/5 4181/15/5
f 4193/6/5 4184/6/5 4183/6/5
f 4194/6/5 4184/6/5 4193/6/5
f 4195/6/5 4186/6/5 4185/6/5
f 4196/6/5 4186/6/5 4195/6/5
f 4197/6/5 4188/6/5 4187/6/5
f 4198/6/5 4188/6/5 4197/6/5
f 4199/6/5 4190/6/5 4189/6/5
f 4200/6/5 4190/6/5 4199/6/5
f 4202/6/5 4192/6/5 4191/6/5
f 4203/6/5 4192/6/5 4202/6/5
f 4208/6/5 4205/6/5 4204/6/5
f 4209/5/5 4195/5/5 4194/5/5
f 4210/5/5 4195/5/5 4209/5/5
f 4211/5/5 4198/5/5 4197/5/5
f 4211/5/5 4199/5/5 4198/5/5
f 4212/5/5 4199/5/5 4211/5/5
f 4213/5/5 4201/5/5 4200/5/5
f 4214/5/5 4201/5/5 4213/5/5
f 4215/6/5 4207/6/5 4206/6/5
f 4216/6/5 4207/6/5 4215/6/5
f 4217/6/5 4208/6/5 4204/6/5
f 4218/5/5 4209/5/5 4208/5/5
f 4218/6/5 4208/6/5 4217/6/5
f 4219/5/5 4209/5/5 4218/5/5
f 4220/5/5 4209/5/5 4219/5/5
f 4221/5/5 4209/5/5 4220/5/5
f 4222/5/5 4215/5/5 4214/5/5
f 4223/5/5 4215/5/5 4222/5/5
f 4224/5/5 4215/5/5 4223/5/5
f 4227/17/5 4226/17/5 4225/17/5
f 4228/17/5 4226/17/5 4227/17/5
f 4233/6/5 4230/6/5 4229/6/5
f 4234/6/5 4230/6/5 4233/6/5
f 4235/6/5 4232/6/5 4231/6/5
f 4236/6/5 4232/6/5 4235/6/5
f 4239/6/5 4238/6/5 4237/6/5
f 4240/6/5 4238/6/5 4239/6/5
f 4243/17/5 4242/17/5 4241/17/5
f 4244/17/5 4242/17/5 4243/17/5
f 4247/15/5 4246/15/5 4245/15/5
f 4248/15/5 4246/15/5 4247/15/5
f 4253/1/5 4250/1/5 4249/1/5
f 4254/1/5 4250/1/5 4253/1/5
f 4255/1/5 4252/1/5 4251/1/5
f 4256/1/5 4252/1/5 4255/1/5
f 4259/15/5 4258/15/5 4257/15/5
f 4260/15/5 4258/15/5 4259/15/5
f 4263/15/5 4262/15/5 4261/15/5
f 4264/15/5 4262/15/5 4263/15/5
f 4265/15/5 4263/15/5 4261/15/5
f 4266/15/5 4263/15/5 4265/15/5
f 4269/15/5 4268/15/5 4267/15/5
f 4270/15/5 4268/15/5 4269/15/5
f 4272/15/5 4268/15/5 4270/15/5
f 4273/15/5 4268/15/5 4272/15/5
f 4275/15/5 4269/15/5 4267/15/5
f 4276/15/5 4272/15/5 4271/15/5
f 4278/15/5 4275/15/5 4274/15/5
f 4279/15/5 4269/15/5 4275/15/5
f 4279/15/5 4275/15/5 4278/15/5
f 4280/15/5 4276/15/5 4271/15/5
f 4280/15/5 4277/15/5 4276/15/5
f 4281/15/5 4277/15/5 4280/15/5
f 4282/15/5 4277/15/5 4281/15/5
f 4283/15/5 4278/15/5 4274/15/5
f 4284/15/5 4277/15/5 4282/15/5
f 4285/15/5 4283/15/5 4274/15/5
f 4285/15/5 4284/15/5 4283/15/5
f 4286/15/5 4277/15/5 4284/15/5
f 4286/15/5 4284/15/5 4285/15/5
f 4289/15/5 4288/15/5 4287/15/5
f 4290/15/5 4288/15/5 4289/15/5
f 4295/15/5 4292/15/5 4291/15/5
f 4296/15/5 4292/15/5 4295/15/5
f 4297/15/5 4294/15/5 4293/15/5
f 4298/15/5 4294/15/5 4297/15/5
f 4306/6/5 4300/6/5 4299/6/5
f 4307/6/5 4300/6/5 4306/6/5
f 4308/6/5 4300/6/5 4307/6/5
f 4310/6/5 4302/6/5 4301/6/5
f 4311/6/5 4302/6/5 4310/6/5
f 4312/6/5 4304/6/5 4303/6/5
f 4313/6/5 4304/6/5 4312/6/5
f 4320/7/5 4317/7/5 4316/7/5
f 4321/7/5 4317/7/5 4320/7/5
f 4322/5/5 4306/5/5 4305/5/5
f 4322/5/5 4307/5/5 4306/5/5
f 4323/5/5 4307/5/5 4322/5/5
f 4324/5/5 4311/5/5 4310/5/5
f 4324/5/5 4310/5/5 4309/5/5
f 4324/5/5 4312/5/5 4311/5/5
f 4325/5/5 4312/5/5 4324/5/5
f 4326/5/5 4315/5/5 4314/5/5
f 4327/5/5 4315/5/5 4326/5/5
f 4328/6/5 4319/6/5 4318/6/5
f 4329/6/5 4319/6/5 4328/6/5
f 4330/6/5 4321/6/5 4320/6/5
f 4331/5/5 4322/5/5 4321/5/5
f 4331/6/5 4321/6/5 4330/6/5
f 4332/5/5 4322/5/5 4331/5/5
f 4333/5/5 4322/5/5 4332/5/5
f 4334/5/5 4322/5/5 4333/5/5
f 4335/5/5 4328/5/5 4327/5/5
f 4336/5/5 4328/5/5 4335/5/5
f 4337/5/5 4328/5/5 4336/5/5
f 4342/6/5 4339/6/5 4338/6/5
f 4343/6/5 4339/6/5 4342/6/5
f 4344/6/5 4341/6/5 4340/6/5
f 4345/6/5 4341/6/5 4344/6/5
f 4348/3/5 4347/3/5 4346/3/5
f 4349/3/5 4347/3/5 4348/3/5
f 4352/17/5 4351/17/5 4350/17/5
f 4353/17/5 4351/17/5 4352/17/5
f 4356/7/5 4355/7/5 4354/7/5
f 4357/7/5 4355/7/5 4356/7/5
f 4360/1/5 4359/1/5 4358/1/5
f 4361/1/5 4359/1/5 4360/1/5
f 4364/1/5 4363/1/5 4362/1/5
f 4365/1/5 4363/1/5 4364/1/5
f 4368/1/5 4367/1/5 4366/1/5
f 4369/1/5 4367/1/5 4368/1/5
f 4374/1/5 4371/1/5 4370/1/5
f 4375/1/5 4371/1/5 4374/1/5
f 4376/1/5 4373/1/5 4372/1/5
f 4377/1/5 4373/1/5 4376/1/5
f 4380/17/5 4379/17/5 4378/17/5
f 4381/17/5 4379/17/5 4380/17/5
f 4384/1/5 4383/1/5 4382/1/5
f 4385/1/5 4383/1/5 4384/1/5
f 4388/15/5 4387/15/5 4386/15/5
f 4389/15/5 4387/15/5 4388/15/5
f 4393/1/5 4391/1/5 4390/1/5
f 4393/1/5 4392/1/5 4391/1/5
f 4394/1/5 4392/1/5 4393/1/5
f 4395/1/5 4392/1/5 4394/1/5
f 4398/15/5 4397/15/5 4396/15/5
f 4399/15/5 4397/15/5 4398/15/5
f 4402/1/5 4401/1/5 4400/1/5
f 4403/1/5 4401/1/5 4402/1/5
f 4406/15/5 4405/15/5 4404/15/5
f 4407/15/5 4405/15/5 4406/15/5
f 4409/15/5 4406/15/5 4404/15/5
f 4410/15/5 4405/15/5 4407/15/5
f 4412/15/5 4409/15/5 4408/15/5
f 4413/15/5 4406/15/5 4409/15/5
f 4413/15/5 4409/15/5 4412/15/5
f 4414/15/5 4411/15/5 4410/15/5
f 4414/15/5 4410/15/5 4407/15/5
f 4415/15/5 4411/15/5 4414/15/5
f 4416/15/5 4412/15/5 4408/15/5
f 4417/15/5 4411/15/5 4415/15/5
f 4418/15/5 4416/15/5 4408/15/5
f 4418/15/5 4417/15/5 4416/15/5
f 4419/15/5 4411/15/5 4417/15/5
f 4419/15/5 4417/15/5 4418/15/5
f 4424/9/5 4421/9/5 4420/9/5
f 4425/9/5 4421/9/5 4424/9/5
f 4426/9/5 4423/9/5 4422/9/5
f 4427/9/5 4423/9/5 4426/9/5
f 4430/15/5 4429/15/5 4428/15/5
f 4431/15/5 4429/15/5 4430/15/5
f 4434/15/5 4433/15/5 4432/15/5
f 4435/15/5 4433/15/5 4434/15/5
f 4436/15/5 4434/15/5 4432/15/5
f 4437/15/5 4433/15/5 4435/15/5
f 4438/15/5 4436/15/5 4432/15/5
f 4438/15/5 4437/15/5 4436/15/5
f 4439/15/5 4433/15/5 4437/15/5
f 4439/15/5 4437/15/5 4438/15/5
f 4440/16/6 4441/16/6 4442/16/6
f 4442/16/6 4441/16/6 4443/16/6
f 4443/16/6 4441/16/6 4444/16/6
f 4444/16/6 4441/16/6 4445/16/6
f 4442/11/6 4443/11/6 4446/11/6
f 4446/11/6 4443/11/6 4447/11/6
f 4447/11/6 4443/11/6 4448/11/6
f 4448/11/6 4443/11/6 4449/11/6
f 4444/11/6 4445/11/6 4450/11/6
f 4450/11/6 4445/11/6 4451/11/6
f 4451/11/6 4445/11/6 4452/11/6
f 4452/11/6 4445/11/6 4453/11/6
f 4449/11/6 4443/11/6 4454/11/6
f 4443/15/6 4444/15/6 4455/15/6
f 4454/11/6 4443/11/6 4455/11/6
f 4455/15/6 4444/15/6 4456/15/6
f 4456/15/6 4444/15/6 4457/15/6
f 4444/11/6 4450/11/6 4458/11/6
f 4457/15/6 4444/15/6 4458/15/6
f 4458/11/6 4450/11/6 4459/11/6
f 4456/15/6 4457/15/6 4460/15/6
f 4460/15/6 4457/15/6 4461/15/6
f 4442/11/6 4446/11/6 4462/11/6
f 4447/11/6 4448/11/6 4463/11/6
f 4463/11/6 4448/11/6 4464/11/6
f 4449/11/6 4454/11/6 4465/11/6
f 4459/11/6 4450/11/6 4466/11/6
f 4451/11/6 4452/11/6 4467/11/6
f 4467/11/6 4452/11/6 4468/11/6
f 4453/11/6 4445/11/6 4469/11/6
f 4463/11/6 4464/11/6 4470/11/6
f 4464/11/6 4465/11/6 4470/11/6
f 4442/11/6 4462/11/6 4470/11/6
f 4462/11/6 4463/11/6 4470/11/6
f 4465/11/6 4454/11/6 4471/11/6
f 4470/11/6 4465/11/6 4471/11/6
f 4468/11/6 4469/11/6 4474/11/6
f 4467/11/6 4468/11/6 4474/11/6
f 4459/11/6 4466/11/6 4474/11/6
f 4466/11/6 4467/11/6 4474/11/6
f 4469/11/6 4445/11/6 4475/11/6
f 4474/11/6 4469/11/6 4475/11/6
f 4472/15/6 4473/15/6 4476/15/6
f 4476/15/6 4473/15/6 4477/15/6
f 4475/11/6 4445/11/6 4478/11/6
f 4478/11/6 4445/11/6 4479/11/6
f 4475/11/6 4478/11/6 4480/11/6
f 4480/11/6 4478/11/6 4481/11/6
f 4479/11/6 4445/11/6 4482/11/6
f 4475/11/6 4480/11/6 4483/11/6
f 4481/11/6 4482/11/6 4484/11/6
f 4482/11/6 4445/11/6 4485/11/6
f 4484/11/6 4482/11/6 4485/11/6
f 4483/11/6 4484/11/6 4486/11/6
f 4485/11/6 4445/11/6 4487/11/6
f 4483/11/6 4486/11/6 4488/11/6
f 4486/11/6 4487/11/6 4488/11/6
f 4487/11/6 4445/11/6 4489/11/6
f 4488/11/6 4487/11/6 4489/11/6
f 4483/11/6 4488/11/6 4490/11/6
f 4489/11/6 4445/11/6 4491/11/6
f 4442/11/6 4470/11/6 4492/11/6
f 4492/11/6 4470/11/6 4493/11/6
f 4442/11/6 4492/11/6 4494/11/6
f 4494/11/6 4492/11/6 4495/11/6
f 4493/11/6 4470/11/6 4496/11/6
f 4496/11/6 4470/11/6 4497/11/6
f 4442/11/6 4494/11/6 4498/11/6
f 4495/11/6 4496/11/6 4499/11/6
f 4499/11/6 4496/11/6 4500/11/6
f 4497/11/6 4470/11/6 4501/11/6
f 4499/11/6 4500/11/6 4502/11/6
f 4500/11/6 4501/11/6 4502/11/6
f 4442/11/6 4498/11/6 4502/11/6
f 4498/11/6 4499/11/6 4502/11/6
f 4502/11/6 4501/11/6 4503/11/6
f 4442/11/6 4502/11/6 4504/11/6
f 4503/11/6 4501/11/6 4505/11/6
f 4442/11/6 4504/11/6 4506/11/6
f 4504/11/6 4505/11/6 4506/11/6
f 4505/11/6 4501/11/6 4507/11/6
f 4506/11/6 4505/11/6 4507/11/6
f 4442/11/6 4506/11/6 4508/11/6
f 4507/11/6 4501/11/6 4509/11/6
f 4509/11/6 4501/11/6 4510/11/6
f 4442/11/6 4508/11/6 4511/11/6
f 4508/11/6 4509/11/6 4511/11/6
f 4511/11/6 4509/11/6 4512/11/6
f 4512/11/6 4509/11/6 4513/11/6
f 4510/11/6 4501/11/6 4514/11/6
f 4442/11/6 4511/11/6 4515/11/6
f 4512/11/6 4513/11/6 4516/11/6
f 4513/11/6 4514/11/6 4516/11/6
f 4514/11/6 4501/11/6 4517/11/6
f 4515/11/6 4516/11/6 4517/11/6
f 4516/11/6 4514/11/6 4517/11/6
f 4501/11/6 4470/11/6 4518/11/6
f 4517/11/6 4501/11/6 4518/11/6
f 4515/11/6 4517/11/6 4519/11/6
f 4518/11/6 4470/11/6 4520/11/6
f 4490/11/6 4491/11/6 4521/11/6
f 4475/11/6 4483/11/6 4521/11/6
f 4483/11/6 4490/11/6 4521/11/6
f 4521/11/6 4491/11/6 4522/11/6
f 4491/11/6 4445/11/6 4523/11/6
f 4522/11/6 4491/11/6 4523/11/6
f 4445/16/6 4441/16/6 4524/16/6
f 4523/11/6 4445/11/6 4524/11/6
f 4475/11/6 4521/11/6 4525/11/6
f 4522/11/6 4523/11/6 4526/11/6
f 4526/11/6 4523/11/6 4527/11/6
f 4527/11/6 4523/11/6 4528/11/6
f 4524/16/6 4441/16/6 4529/16/6
f 4525/11/6 4526/11/6 4530/11/6
f 4527/11/6 4528/11/6 4531/11/6
f 4528/11/6 4529/11/6 4531/11/6
f 4531/11/6 4529/11/6 4532/11/6
f 4532/11/6 4529/11/6 4533/11/6
f 4530/11/6 4531/11/6 4534/11/6
f 4531/11/6 4532/11/6 4534/11/6
f 4533/11/6 4529/11/6 4535/11/6
f 4530/11/6 4534/11/6 4536/11/6
f 4534/11/6 4535/11/6 4536/11/6
f 4536/11/6 4535/11/6 4537/11/6
f 4530/11/6 4536/11/6 4538/11/6
f 4537/11/6 4535/11/6 4539/11/6
f 4519/11/6 4520/11/6 4540/11/6
f 4520/11/6 4470/11/6 4540/11/6
f 4475/11/6 4525/11/6 4541/11/6
f 4538/11/6 4539/11/6 4541/11/6
f 4525/11/6 4530/11/6 4541/11/6
f 4530/11/6 4538/11/6 4541/11/6
f 4440/16/6 4442/16/6 4542/16/6
f 4540/11/6 4541/11/6 4542/11/6
f 4519/11/6 4540/11/6 4542/11/6
f 4515/11/6 4519/11/6 4542/11/6
f 4442/11/6 4515/11/6 4542/11/6
f 4541/11/6 4539/11/6 4543/11/6
f 4542/11/6 4541/11/6 4543/11/6
f 4539/11/6 4535/11/6 4543/11/6
f 4529/16/6 4441/16/6 4543/16/6
f 4535/11/6 4529/11/6 4543/11/6
f 4440/16/6 4542/16/6 4544/16/6
f 4542/16/6 4543/16/6 4544/16/6
f 4543/16/6 4441/16/6 4545/16/6
f 4544/16/6 4543/16/6 4545/16/6
f 4546/1/6 4547/1/6 4549/1/6
f 4549/1/6 4547/1/6 4550/1/6
f 4548/1/6 4549/1/6 4551/1/6
f 4551/1/6 4549/1/6 4552/1/6
f 4552/1/6 4553/1/6 4554/1/6
f 4554/1/6 4553/1/6 4555/1/6
f 4556/1/6 4557/1/6 4558/1/6
f 4558/1/6 4557/1/6 4559/1/6
f 4560/1/6 4561/1/6 4563/1/6
f 4563/1/6 4561/1/6 4564/1/6
f 4562/1/6 4563/1/6 4565/1/6
f 4565/1/6 4563/1/6 4566/1/6
f 4567/1/6 4568/1/6 4569/1/6
f 4569/1/6 4568/1/6 4570/1/6
f 4571/1/6 4572/1/6 4573/1/6
f 4573/1/6 4572/1/6 4574/1/6
f 4574/1/6 4575/1/6 4578/1/6
f 4578/1/6 4575/1/6 4579/1/6
f 4576/1/6 4577/1/6 4580/1/6
f 4580/1/6 4577/1/6 4581/1/6
f 4582/1/6 4583/1/6 4584/1/6
f 4584/1/6 4583/1/6 4585/1/6
f 4586/16/6 4587/16/6 4588/16/6
f 4588/16/6 4587/16/6 4589/16/6
f 4590/1/6 4591/1/6 4594/1/6
f 4594/1/6 4591/1/6 4595/1/6
f 4592/1/6 4593/1/6 4597/1/6
f 4597/1/6 4593/1/6 4598/1/6
f 4595/1/6 4596/1/6 4599/1/6
f 4599/1/6 4596/1/6 4600/1/6
f 4601/1/6 4602/1/6 4603/1/6
f 4603/1/6 4602/1/6 4604/1/6
f 4605/1/6 4606/1/6 4607/1/6
f 4607/1/6 4606/1/6 4608/1/6
f 4609/15/6 4610/15/6 4611/15/6
f 4611/15/6 4610/15/6 4612/15/6
f 4613/1/6 4614/1/6 4615/1/6
f 4615/1/6 4614/1/6 4616/1/6
f 4617/15/6 4618/15/6 4625/15/6
f 4625/15/6 4618/15/6 4626/15/6
f 4619/15/6 4620/15/6 4627/15/6
f 4627/15/6 4620/15/6 4628/15/6
f 4621/15/6 4622/15/6 4629/15/6
f 4629/15/6 4622/15/6 4630/15/6
f 4623/15/6 4624/15/6 4631/15/6
f 4631/15/6 4624/15/6 4632/15/6
f 4625/4/6 4626/4/6 4633/4/6
f 4633/4/6 4626/4/6 4634/4/6
f 4627/4/6 4628/4/6 4635/4/6
f 4635/4/6 4628/4/6 4636/4/6
f 4629/4/6 4630/4/6 4637/4/6
f 4637/4/6 4630/4/6 4638/4/6
f 4631/4/6 4632/4/6 4639/4/6
f 4639/4/6 4632/4/6 4640/4/6
f 4625/4/6 4633/4/6 4641/4/6
f 4634/4/6 4626/4/6 4642/4/6
f 4627/4/6 4635/4/6 4643/4/6
f 4636/4/6 4628/4/6 4644/4/6
f 4629/4/6 4637/4/6 4645/4/6
f 4638/4/6 4630/4/6 4646/4/6
f 4631/4/6 4639/4/6 4647/4/6
f 4640/4/6 4632/4/6 4648/4/6
f 4617/15/6 4625/15/6 4649/15/6
f 4625/4/6 4641/4/6 4649/4/6
f 4641/4/6 4642/4/6 4649/4/6
f 4626/15/6 4618/15/6 4650/15/6
f 4649/4/6 4642/4/6 4650/4/6
f 4642/4/6 4626/4/6 4650/4/6
f 4619/15/6 4627/15/6 4651/15/6
f 4627/4/6 4643/4/6 4651/4/6
f 4643/4/6 4644/4/6 4651/4/6
f 4628/15/6 4620/15/6 4652/15/6
f 4651/4/6 4644/4/6 4652/4/6
f 4644/4/6 4628/4/6 4652/4/6
f 4621/15/6 4629/15/6 4653/15/6
f 4629/4/6 4645/4/6 4653/4/6
f 4645/4/6 4646/4/6 4653/4/6
f 4630/15/6 4622/15/6 4654/15/6
f 4653/4/6 4646/4/6 4654/4/6
f 4646/4/6 4630/4/6 4654/4/6
f 4647/4/6 4648/4/6 4655/4/6
f 4623/15/6 4631/15/6 4655/15/6
f 4631/4/6 4647/4/6 4655/4/6
f 4632/15/6 4624/15/6 4656/15/6
f 4655/4/6 4648/4/6 4656/4/6
f 4648/4/6 4632/4/6 4656/4/6
f 4617/15/6 4649/15/6 4657/15/6
f 4649/15/6 4650/15/6 4657/15/6
f 4650/15/6 4618/15/6 4658/15/6
f 4657/15/6 4650/15/6 4658/15/6
f 4619/15/6 4651/15/6 4659/15/6
f 4651/15/6 4652/15/6 4659/15/6
f 4652/15/6 4620/15/6 4660/15/6
f 4659/15/6 4652/15/6 4660/15/6
f 4621/15/6 4653/15/6 4661/15/6
f 4653/15/6 4654/15/6 4661/15/6
f 4654/15/6 4622/15/6 4662/15/6
f 4661/15/6 4654/15/6 4662/15/6
f 4623/15/6 4655/15/6 4663/15/6
f 4655/15/6 4656/15/6 4663/15/6
f 4656/15/6 4624/15/6 4664/15/6
f 4663/15/6 4656/15/6 4664/15/6
f 4665/15/6 4666/15/6 4669/15/6
f 4669/15/6 4666/15/6 4670/15/6
f 4667/15/6 4668/15/6 4671/15/6
f 4671/15/6 4668/15/6 4672/15/6
f 4673/15/6 4674/15/6 4675/15/6
f 4675/15/6 4674/15/6 4676/15/6
f 4677/14/6 4678/14/6 4681/14/6
f 4681/14/6 4678/14/6 4682/14/6
f 4679/14/6 4680/14/6 4683/14/6
f 4683/14/6 4680/14/6 4684/14/6
f 4685/14/6 4686/14/6 4691/14/6
f 4691/14/6 4686/14/6 4692/14/6
f 4687/14/6 4688/14/6 4693/14/6
f 4693/14/6 4688/14/6 4694/14/6
f 4689/14/6 4690/14/6 4697/14/6
f 4697/14/6 4690/14/6 4698/14/6
f 4695/16/6 4696/16/6 4699/16/6
f 4699/16/6 4696/16/6 4700/16/6
f 4701/16/6 4702/16/6 4703/16/6
f 4703/16/6 4702/16/6 4704/16/6
f 4705/16/6 4706/16/6 4707/16/6
f 4707/16/6 4706/16/6 4708/16/6
f 4709/15/6 4710/15/6 4713/15/6
f 4713/15/6 4710/15/6 4714/15/6
f 4711/15/6 4712/15/6 4715/15/6
f 4715/15/6 4712/15/6 4716/15/6
f 4719/14/6 4720/14/6 4726/14/6
f 4726/14/6 4720/14/6 4727/14/6
f 4721/14/6 4722/14/6 4732/14/6
f 4732/14/6 4722/14/6 4733/14/6
f 4723/14/6 4724/14/6 4734/14/6
f 4734/14/6 4724/14/6 4735/14/6
f 4725/16/6 4726/16/6 4737/16/6
f 4726/16/6 4727/16/6 4737/16/6
f 4727/16/6 4728/16/6 4737/16/6
f 4737/16/6 4728/16/6 4738/16/6
f 4729/16/6 4730/16/6 4739/16/6
f 4739/16/6 4730/16/6 4740/16/6
f 4732/16/6 4733/16/6 4741/16/6
f 4735/16/6 4736/16/6 4741/16/6
f 4734/16/6 4735/16/6 4741/16/6
f 4733/16/6 4734/16/6 4741/16/6
f 4731/16/6 4732/16/6 4741/16/6
f 4741/16/6 4736/16/6 4742/16/6
f 4717/15/6 4718/15/6 4743/15/6
f 4743/15/6 4718/15/6 4744/15/6
f 4725/16/6 4737/16/6 4745/16/6
f 4742/16/6 4736/16/6 4748/16/6
f 4745/16/6 4746/16/6 4749/16/6
f 4725/16/6 4745/16/6 4749/16/6
f 4749/16/6 4746/16/6 4750/16/6
f 4747/16/6 4748/16/6 4751/16/6
f 4748/16/6 4736/16/6 4752/16/6
f 4751/16/6 4748/16/6 4752/16/6
f 4753/10/6 4754/10/6 4761/10/6
f 4761/10/6 4754/10/6 4762/10/6
f 4755/10/6 4756/10/6 4763/10/6
f 4763/10/6 4756/10/6 4764/10/6
f 4757/10/6 4758/10/6 4765/10/6
f 4765/10/6 4758/10/6 4766/10/6
f 4759/10/6 4760/10/6 4767/10/6
f 4767/10/6 4760/10/6 4768/10/6
f 4753/10/6 4761/10/6 4769/10/6
f 4762/10/6 4754/10/6 4770/10/6
f 4755/10/6 4763/10/6 4771/10/6
f 4764/10/6 4756/10/6 4772/10/6
f 4757/10/6 4765/10/6 4773/10/6
f 4766/10/6 4758/10/6 4774/10/6
f 4759/10/6 4767/10/6 4775/10/6
f 4768/10/6 4760/10/6 4776/10/6
f 4753/10/6 4769/10/6 4777/10/6
f 4769/10/6 4770/10/6 4777/10/6
f 4770/10/6 4754/10/6 4778/10/6
f 4777/10/6 4770/10/6 4778/10/6
f 4755/10/6 4771/10/6 4779/10/6
f 4771/10/6 4772/10/6 4779/10/6
f 4772/10/6 4756/10/6 4780/10/6
f 4779/10/6 4772/10/6 4780/10/6
f 4757/10/6 4773/10/6 4781/10/6
f 4773/10/6 4774/10/6 4781/10/6
f 4774/10/6 4758/10/6 4782/10/6
f 4781/10/6 4774/10/6 4782/10/6
f 4775/10/6 4776/10/6 4783/10/6
f 4759/10/6 4775/10/6 4783/10/6
f 4776/10/6 4760/10/6 4784/10/6
f 4783/10/6 4776/10/6 4784/10/6
f 4789/15/6 4790/15/6 4793/15/6
f 4793/15/6 4790/15/6 4794/15/6
f 4794/15/6 4790/15/6 4795/15/6
f 4785/15/6 4786/15/6 4796/15/6
f 4796/15/6 4786/15/6 4797/15/6
f 4787/15/6 4788/15/6 4798/15/6
f 4798/15/6 4788/15/6 4799/15/6
f 4791/15/6 4792/15/6 4800/15/6
f 4800/15/6 4792/15/6 4801/15/6
f 4801/15/6 4792/15/6 4802/15/6
f 4802/15/6 4792/15/6 4803/15/6
f 4793/1/6 4794/1/6 4804/1/6
f 4804/1/6 4794/1/6 4805/1/6
f 4801/1/6 4802/1/6 4806/1/6
f 4806/1/6 4802/1/6 4807/1/6
f 4808/10/6 4809/10/6 4816/10/6
f 4816/10/6 4809/10/6 4817/10/6
f 4810/10/6 4811/10/6 4818/10/6
f 4818/10/6 4811/10/6 4819/10/6
f 4812/10/6 4813/10/6 4820/10/6
f 4820/10/6 4813/10/6 4821/10/6
f 4814/10/6 4815/10/6 4822/10/6
f 4822/10/6 4815/10/6 4823/10/6
f 4808/10/6 4816/10/6 4824/10/6
f 4817/10/6 4809/10/6 4825/10/6
f 4810/10/6 4818/10/6 4826/10/6
f 4819/10/6 4811/10/6 4827/10/6
f 4812/10/6 4820/10/6 4828/10/6
f 4821/10/6 4813/10/6 4829/10/6
f 4814/10/6 4822/10/6 4830/10/6
f 4823/10/6 4815/10/6 4831/10/6
f 4808/10/6 4824/10/6 4832/10/6
f 4824/10/6 4825/10/6 4832/10/6
f 4825/10/6 4809/10/6 4833/10/6
f 4832/10/6 4825/10/6 4833/10/6
f 4810/10/6 4826/10/6 4834/10/6
f 4826/10/6 4827/10/6 4834/10/6
f 4827/10/6 4811/10/6 4835/10/6
f 4834/10/6 4827/10/6 4835/10/6
f 4812/10/6 4828/10/6 4836/10/6
f 4828/10/6 4829/10/6 4836/10/6
f 4829/10/6 4813/10/6 4837/10/6
f 4836/10/6 4829/10/6 4837/10/6
f 4830/10/6 4831/10/6 4838/10/6
f 4814/10/6 4830/10/6 4838/10/6
f 4831/10/6 4815/10/6 4839/10/6
f 4838/10/6 4831/10/6 4839/10/6
f 4840/10/6 4841/10/6 4848/10/6
f 4848/10/6 4841/10/6 4849/10/6
f 4842/10/6 4843/10/6 4850/10/6
f 4850/10/6 4843/10/6 4851/10/6
f 4844/10/6 4845/10/6 4852/10/6
f 4852/10/6 4845/10/6 4853/10/6
f 4846/10/6 4847/10/6 4854/10/6
f 4854/10/6 4847/10/6 4855/10/6
f 4856/17/6 4857/17/6 4858/17/6
f 4858/17/6 4857/17/6 4859/17/6
f 4860/15/6 4861/15/6 4867/15/6
f 4867/15/6 4861/15/6 4868/15/6
f 4862/15/6 4863/15/6 4869/15/6
f 4869/15/6 4863/15/6 4870/15/6
f 4864/15/6 4865/15/6 4871/15/6
f 4871/15/6 4865/15/6 4872/15/6
f 4869/15/6 4870/15/6 4875/15/6
f 4872/15/6 4873/15/6 4875/15/6
f 4871/15/6 4872/15/6 4875/15/6
f 4870/15/6 4871/15/6 4875/15/6
f 4867/15/6 4868/15/6 4875/15/6
f 4868/15/6 4869/15/6 4875/15/6
f 4866/15/6 4867/15/6 4875/15/6
f 4875/15/6 4873/15/6 4876/15/6
f 4874/15/6 4875/15/6 4878/15/6
f 4876/15/6 4877/15/6 4878/15/6
f 4875/15/6 4876/15/6 4878/15/6
f 4878/15/6 4877/15/6 4879/15/6
f 4879/15/6 4877/15/6 4880/15/6
f 4880/15/6 4877/15/6 4881/15/6
f 4881/15/6 4877/15/6 4882/15/6
f 4882/15/6 4877/15/6 4883/15/6
f 4880/15/6 4881/15/6 4884/15/6
f 4884/15/6 4881/15/6 4885/15/6
f 4885/15/6 4881/15/6 4886/15/6
f 4886/15/6 4881/15/6 4887/15/6
f 4874/15/6 4878/15/6 4888/15/6
f 4883/15/6 4877/15/6 4889/15/6
f 4874/15/6 4888/15/6 4890/15/6
f 4888/15/6 4889/15/6 4890/15/6
f 4889/15/6 4877/15/6 4891/15/6
f 4890/15/6 4889/15/6 4891/15/6
f 4892/15/6 4893/15/6 4896/15/6
f 4896/15/6 4893/15/6 4897/15/6
f 4897/15/6 4893/15/6 4898/15/6
f 4898/15/6 4893/15/6 4899/15/6
f 4894/15/6 4895/15/6 4900/15/6
f 4900/15/6 4895/15/6 4901/15/6
f 4901/15/6 4895/15/6 4902/15/6
f 4902/15/6 4895/15/6 4903/15/6
f 4897/1/6 4898/1/6 4904/1/6
f 4904/1/6 4898/1/6 4905/1/6
f 4901/1/6 4902/1/6 4906/1/6
f 4906/1/6 4902/1/6 4907/1/6
f 4908/6/6 4909/6/6 4911/6/6
f 4911/6/6 4909/6/6 4912/6/6
f 4910/6/6 4911/6/6 4917/6/6
f 4917/6/6 4911/6/6 4918/6/6
f 4913/5/6 4914/5/6 4920/5/6
f 4915/5/6 4916/5/6 4921/5/6
f 4919/5/6 4920/5/6 4926/5/6
f 4920/5/6 4914/5/6 4927/5/6
f 4926/5/6 4920/5/6 4927/5/6
f 4921/5/6 4922/5/6 4928/5/6
f 4915/5/6 4921/5/6 4928/5/6
f 4928/5/6 4922/5/6 4929/5/6
f 4923/6/6 4924/6/6 4931/6/6
f 4931/6/6 4924/6/6 4932/6/6
f 4925/5/6 4926/5/6 4934/5/6
f 4929/5/6 4930/5/6 4935/5/6
f 4933/5/6 4934/5/6 4937/5/6
f 4934/5/6 4926/5/6 4938/5/6
f 4937/5/6 4934/5/6 4938/5/6
f 4938/5/6 4926/5/6 4939/5/6
f 4935/5/6 4936/5/6 4940/5/6
f 4929/5/6 4935/5/6 4940/5/6
f 4940/5/6 4936/5/6 4941/5/6
f 4941/5/6 4936/5/6 4942/5/6
f 4943/2/6 4944/2/6 4949/2/6
f 4949/2/6 4944/2/6 4950/2/6
f 4950/2/6 4944/2/6 4951/2/6
f 4945/7/6 4946/7/6 4954/7/6
f 4954/7/6 4946/7/6 4955/7/6
f 4947/6/6 4948/6/6 4959/6/6
f 4959/6/6 4948/6/6 4960/6/6
f 4949/6/6 4950/6/6 4962/6/6
f 4962/6/6 4950/6/6 4963/6/6
f 4952/6/6 4953/6/6 4965/6/6
f 4953/6/6 4954/6/6 4965/6/6
f 4965/6/6 4954/6/6 4966/6/6
f 4966/6/6 4954/6/6 4967/6/6
f 4956/6/6 4957/6/6 4968/6/6
f 4958/6/6 4959/6/6 4969/6/6
f 4969/6/6 4959/6/6 4970/6/6
f 4961/6/6 4962/6/6 4971/6/6
f 4971/6/6 4962/6/6 4972/6/6
f 4963/6/6 4964/6/6 4973/6/6
f 4973/6/6 4964/6/6 4974/6/6
f 4956/6/6 4968/6/6 4977/6/6
f 4968/6/6 4969/6/6 4977/6/6
f 4977/6/6 4969/6/6 4978/6/6
f 4975/6/6 4976/6/6 4979/6/6
f 4979/6/6 4976/6/6 4980/6/6
f 4981/7/6 4982/7/6 4989/7/6
f 4989/7/6 4982/7/6 4990/7/6
f 4983/3/6 4984/3/6 4992/3/6
f 4992/3/6 4984/3/6 4993/3/6
f 4985/2/6 4986/2/6 4994/2/6
f 4994/2/6 4986/2/6 4995/2/6
f 4987/6/6 4988/6/6 4996/6/6
f 4996/6/6 4988/6/6 4997/6/6
f 4990/7/6 4991/7/6 4999/7/6
f 4983/3/6 4992/3/6 5000/3/6
f 5000/3/6 4992/3/6 5001/3/6
f 4995/2/6 4996/2/6 5002/2/6
f 5002/2/6 4996/2/6 5003/2/6
f 4998/7/6 4999/7/6 5004/7/6
f 4999/7/6 4991/7/6 5005/7/6
f 5004/7/6 4999/7/6 5005/7/6
f 5006/17/6 5007/17/6 5008/17/6
f 5008/17/6 5007/17/6 5009/17/6
f 5010/1/6 5011/1/6 5012/1/6
f 5012/1/6 5011/1/6 5013/1/6
f 5014/1/6 5015/1/6 5016/1/6
f 5016/1/6 5015/1/6 5017/1/6
f 5018/17/6 5019/17/6 5020/17/6
f 5020/17/6 5019/17/6 5021/17/6
f 5022/15/6 5023/15/6 5029/15/6
f 5029/15/6 5023/15/6 5030/15/6
f 5024/15/6 5025/15/6 5031/15/6
f 5031/15/6 5025/15/6 5032/15/6
f 5026/15/6 5027/15/6 5033/15/6
f 5033/15/6 5027/15/6 5034/15/6
f 5031/15/6 5032/15/6 5037/15/6
f 5034/15/6 5035/15/6 5037/15/6
f 5033/15/6 5034/15/6 5037/15/6
f 5032/15/6 5033/15/6 5037/15/6
f 5029/15/6 5030/15/6 5037/15/6
f 5030/15/6 5031/15/6 5037/15/6
f 5028/15/6 5029/15/6 5037/15/6
f 5037/15/6 5035/15/6 5038/15/6
f 5036/15/6 5037/15/6 5040/15/6
f 5038/15/6 5039/15/6 5040/15/6
f 5037/15/6 5038/15/6 5040/15/6
f 5040/15/6 5039/15/6 5041/15/6
f 5041/15/6 5039/15/6 5042/15/6
f 5042/15/6 5039/15/6 5043/15/6
f 5043/15/6 5039/15/6 5044/15/6
f 5044/15/6 5039/15/6 5045/15/6
f 5042/15/6 5043/15/6 5046/15/6
f 5046/15/6 5043/15/6 5047/15/6
f 5047/15/6 5043/15/6 5048/15/6
f 5048/15/6 5043/15/6 5049/15/6
f 5036/15/6 5040/15/6 5050/15/6
f 5045/15/6 5039/15/6 5051/15/6
f 5036/15/6 5050/15/6 5052/15/6
f 5050/15/6 5051/15/6 5052/15/6
f 5051/15/6 5039/15/6 5053/15/6
f 5052/15/6 5051/15/6 5053/15/6
f 5054/15/6 5055/15/6 5058/15/6
f 5058/15/6 5055/15/6 5059/15/6
f 5059/15/6 5055/15/6 5060/15/6
f 5060/15/6 5055/15/6 5061/15/6
f 5056/15/6 5057/15/6 5062/15/6
f 5062/15/6 5057/15/6 5063/15/6
f 5063/15/6 5057/15/6 5064/15/6
f 5064/15/6 5057/15/6 5065/15/6
f 5059/1/6 5060/1/6 5066/1/6
f 5066/1/6 5060/1/6 5067/1/6
f 5063/1/6 5064/1/6 5068/1/6
f 5068/1/6 5064/1/6 5069/1/6
f 5070/6/6 5071/6/6 5076/6/6
f 5076/6/6 5071/6/6 5077/6/6
f 5072/6/6 5073/6/6 5080/6/6
f 5080/6/6 5073/6/6 5081/6/6
f 5074/6/6 5075/6/6 5083/6/6
f 5083/6/6 5075/6/6 5084/6/6
f 5078/5/6 5079/5/6 5086/5/6
f 5081/5/6 5082/5/6 5088/5/6
f 5080/5/6 5081/5/6 5088/5/6
f 5088/5/6 5082/5/6 5089/5/6
f 5089/5/6 5082/5/6 5090/5/6
f 5086/5/6 5087/5/6 5093/5/6
f 5078/5/6 5086/5/6 5093/5/6
f 5093/5/6 5087/5/6 5094/5/6
f 5089/5/6 5090/5/6 5095/5/6
f 5090/5/6 5091/5/6 5095/5/6
f 5095/5/6 5091/5/6 5096/5/6
f 5084/6/6 5085/6/6 5097/6/6
f 5097/6/6 5085/6/6 5098/6/6
f 5092/5/6 5093/5/6 5101/5/6
f 5101/5/6 5093/5/6 5102/5/6
f 5102/5/6 5093/5/6 5103/5/6
f 5099/5/6 5100/5/6 5104/5/6
f 5104/5/6 5100/5/6 5105/5/6
f 5105/5/6 5100/5/6 5106/5/6
f 5107/1/6 5108/1/6 5109/1/6
f 5109/1/6 5108/1/6 5110/1/6
f 5111/7/6 5112/7/6 5121/7/6
f 5121/7/6 5112/7/6 5122/7/6
f 5113/7/6 5114/7/6 5123/7/6
f 5114/6/6 5115/6/6 5124/6/6
f 5123/7/6 5114/7/6 5124/7/6
f 5115/7/6 5116/7/6 5125/7/6
f 5124/6/6 5115/6/6 5125/6/6
f 5125/7/6 5116/7/6 5126/7/6
f 5117/3/6 5118/3/6 5128/3/6
f 5128/3/6 5118/3/6 5129/3/6
f 5119/7/6 5120/7/6 5130/7/6
f 5121/6/6 5122/6/6 5130/6/6
f 5120/6/6 5121/6/6 5130/6/6
f 5130/6/6 5122/6/6 5131/6/6
f 5131/6/6 5122/6/6 5132/6/6
f 5123/6/6 5124/6/6 5133/6/6
f 5133/6/6 5124/6/6 5134/6/6
f 5125/6/6 5126/6/6 5135/6/6
f 5128/6/6 5129/6/6 5137/6/6
f 5127/6/6 5128/6/6 5137/6/6
f 5137/6/6 5129/6/6 5138/6/6
f 5138/6/6 5129/6/6 5139/6/6
f 5119/7/6 5130/7/6 5140/7/6
f 5140/7/6 5130/7/6 5141/7/6
f 5135/6/6 5136/6/6 5142/6/6
f 5125/6/6 5135/6/6 5142/6/6
f 5142/6/6 5136/6/6 5143/6/6
f 5138/3/6 5139/3/6 5144/3/6
f 5144/3/6 5139/3/6 5145/3/6
f 5144/6/6 5145/6/6 5147/6/6
f 5145/6/6 5146/6/6 5147/6/6
f 5147/6/6 5146/6/6 5148/6/6
f 5149/1/6 5150/1/6 5151/1/6
f 5151/1/6 5150/1/6 5152/1/6
f 5153/17/6 5154/17/6 5155/17/6
f 5155/17/6 5154/17/6 5156/17/6
f 5161/7/6 5162/7/6 5164/7/6
f 5162/6/6 5163/6/6 5165/6/6
f 5164/7/6 5162/7/6 5165/7/6
f 5165/6/6 5163/6/6 5166/6/6
f 5157/7/6 5158/7/6 5167/7/6
f 5167/7/6 5158/7/6 5168/7/6
f 5159/3/6 5160/3/6 5169/3/6
f 5169/3/6 5160/3/6 5170/3/6
f 5171/1/6 5172/1/6 5173/1/6
f 5173/1/6 5172/1/6 5174/1/6
f 5175/1/6 5176/1/6 5177/1/6
f 5177/1/6 5176/1/6 5178/1/6
f 5179/1/6 5180/1/6 5181/1/6
f 5181/1/6 5180/1/6 5182/1/6
f 5183/17/6 5184/17/6 5185/17/6
f 5185/17/6 5184/17/6 5186/17/6
f 5187/1/6 5188/1/6 5189/1/6
f 5189/1/6 5188/1/6 5190/1/6
f 5191/1/6 5192/1/6 5193/1/6
f 5193/1/6 5192/1/6 5194/1/6
f 5195/17/6 5196/17/6 5197/17/6
f 5197/17/6 5196/17/6 5198/17/6
f 5199/15/6 5200/15/6 5206/15/6
f 5206/15/6 5200/15/6 5207/15/6
f 5201/15/6 5202/15/6 5208/15/6
f 5208/15/6 5202/15/6 5209/15/6
f 5203/15/6 5204/15/6 5210/15/6
f 5210/15/6 5204/15/6 5211/15/6
f 5208/15/6 5209/15/6 5214/15/6
f 5211/15/6 5212/15/6 5214/15/6
f 5210/15/6 5211/15/6 5214/15/6
f 5209/15/6 5210/15/6 5214/15/6
f 5206/15/6 5207/15/6 5214/15/6
f 5207/15/6 5208/15/6 5214/15/6
f 5205/15/6 5206/15/6 5214/15/6
f 5214/15/6 5212/15/6 5215/15/6
f 5213/15/6 5214/15/6 5217/15/6
f 5215/15/6 5216/15/6 5217/15/6
f 5214/15/6 5215/15/6 5217/15/6
f 5217/15/6 5216/15/6 5218/15/6
f 5218/15/6 5216/15/6 5219/15/6
f 5219/15/6 5216/15/6 5220/15/6
f 5220/15/6 5216/15/6 5221/15/6
f 5221/15/6 5216/15/6 5222/15/6
f 5219/15/6 5220/15/6 5223/15/6
f 5223/15/6 5220/15/6 5224/15/6
f 5224/15/6 5220/15/6 5225/15/6
f 5225/15/6 5220/15/6 5226/15/6
f 5213/15/6 5217/15/6 5227/15/6
f 5222/15/6 5216/15/6 5228/15/6
f 5213/15/6 5227/15/6 5229/15/6
f 5227/15/6 5228/15/6 5229/15/6
f 5228/15/6 5216/15/6 5230/15/6
f 5229/15/6 5228/15/6 5230/15/6
f 5231/17/6 5232/17/6 5233/17/6
f 5233/17/6 5232/17/6 5234/17/6
f 5235/15/6 5236/15/6 5239/15/6
f 5239/15/6 5236/15/6 5240/15/6
f 5240/15/6 5236/15/6 5241/15/6
f 5241/15/6 5236/15/6 5242/15/6
f 5237/15/6 5238/15/6 5243/15/6
f 5243/15/6 5238/15/6 5244/15/6
f 5244/15/6 5238/15/6 5245/15/6
f 5245/15/6 5238/15/6 5246/15/6
f 5240/1/6 5241/1/6 5247/1/6
f 5247/1/6 5241/1/6 5248/1/6
f 5244/1/6 5245/1/6 5249/1/6
f 5249/1/6 5245/1/6 5250/1/6
f 5251/6/6 5252/6/6 5257/6/6
f 5257/6/6 5252/6/6 5258/6/6
f 5253/6/6 5254/6/6 5260/6/6
f 5260/6/6 5254/6/6 5261/6/6
f 5255/6/6 5256/6/6 5262/6/6
f 5262/6/6 5256/6/6 5263/6/6
f 5261/5/6 5262/5/6 5268/5/6
f 5268/5/6 5262/5/6 5269/5/6
f 5258/5/6 5259/5/6 5274/5/6
f 5274/5/6 5259/5/6 5275/5/6
f 5267/5/6 5268/5/6 5276/5/6
f 5268/5/6 5269/5/6 5276/5/6
f 5269/5/6 5270/5/6 5276/5/6
f 5276/5/6 5270/5/6 5277/5/6
f 5263/5/6 5264/5/6 5278/5/6
f 5278/5/6 5264/5/6 5279/5/6
f 5271/6/6 5272/6/6 5281/6/6
f 5281/6/6 5272/6/6 5282/6/6
f 5265/6/6 5266/6/6 5283/6/6
f 5283/6/6 5266/6/6 5284/6/6
f 5273/5/6 5274/5/6 5285/5/6
f 5280/5/6 5281/5/6 5287/5/6
f 5284/5/6 5285/5/6 5288/5/6
f 5285/5/6 5274/5/6 5289/5/6
f 5288/5/6 5285/5/6 5289/5/6
f 5289/5/6 5274/5/6 5290/5/6
f 5286/5/6 5287/5/6 5291/5/6
f 5287/5/6 5281/5/6 5292/5/6
f 5291/5/6 5287/5/6 5292/5/6
f 5292/5/6 5281/5/6 5293/5/6
f 5294/2/6 5295/2/6 5302/2/6
f 5302/2/6 5295/2/6 5303/2/6
f 5296/3/6 5297/3/6 5305/3/6
f 5305/3/6 5297/3/6 5306/3/6
f 5298/3/6 5299/3/6 5307/3/6
f 5307/3/6 5299/3/6 5308/3/6
f 5300/7/6 5301/7/6 5312/7/6
f 5312/7/6 5301/7/6 5313/7/6
f 5303/6/6 5304/6/6 5316/6/6
f 5306/6/6 5307/6/6 5318/6/6
f 5307/6/6 5308/6/6 5318/6/6
f 5318/6/6 5308/6/6 5319/6/6
f 5309/6/6 5310/6/6 5320/6/6
f 5320/6/6 5310/6/6 5321/6/6
f 5311/6/6 5312/6/6 5323/6/6
f 5313/6/6 5314/6/6 5323/6/6
f 5312/6/6 5313/6/6 5323/6/6
f 5323/6/6 5314/6/6 5324/6/6
f 5324/6/6 5314/6/6 5325/6/6
f 5315/6/6 5316/6/6 5326/6/6
f 5316/6/6 5304/6/6 5326/6/6
f 5326/6/6 5304/6/6 5327/6/6
f 5317/6/6 5318/6/6 5328/6/6
f 5328/6/6 5318/6/6 5329/6/6
f 5321/6/6 5322/6/6 5330/6/6
f 5330/6/6 5322/6/6 5331/6/6
f 5311/6/6 5323/6/6 5332/6/6
f 5315/6/6 5326/6/6 5333/6/6
f 5333/6/6 5326/6/6 5334/6/6
f 5311/6/6 5332/6/6 5335/6/6
f 5335/6/6 5332/6/6 5336/6/6
f 5337/2/6 5338/2/6 5344/2/6
f 5344/2/6 5338/2/6 5345/2/6
f 5339/7/6 5340/7/6 5350/7/6
f 5350/7/6 5340/7/6 5351/7/6
f 5341/2/6 5342/2/6 5352/2/6
f 5352/2/6 5342/2/6 5353/2/6
f 5343/3/6 5344/3/6 5354/3/6
f 5354/3/6 5344/3/6 5355/3/6
f 5346/2/6 5347/2/6 5356/2/6
f 5356/2/6 5347/2/6 5357/2/6
f 5348/3/6 5349/3/6 5358/3/6
f 5358/3/6 5349/3/6 5359/3/6
f 5360/7/6 5361/7/6 5362/7/6
f 5362/7/6 5361/7/6 5363/7/6
f 5364/17/6 5365/17/6 5366/17/6
f 5366/17/6 5365/17/6 5367/17/6
f 5368/15/6 5369/15/6 5375/15/6
f 5375/15/6 5369/15/6 5376/15/6
f 5370/15/6 5371/15/6 5377/15/6
f 5377/15/6 5371/15/6 5378/15/6
f 5372/15/6 5373/15/6 5379/15/6
f 5379/15/6 5373/15/6 5380/15/6
f 5377/15/6 5378/15/6 5383/15/6
f 5380/15/6 5381/15/6 5383/15/6
f 5379/15/6 5380/15/6 5383/15/6
f 5378/15/6 5379/15/6 5383/15/6
f 5375/15/6 5376/15/6 5383/15/6
f 5376/15/6 5377/15/6 5383/15/6
f 5374/15/6 5375/15/6 5383/15/6
f 5383/15/6 5381/15/6 5384/15/6
f 5382/15/6 5383/15/6 5386/15/6
f 5384/15/6 5385/15/6 5386/15/6
f 5383/15/6 5384/15/6 5386/15/6
f 5386/15/6 5385/15/6 5387/15/6
f 5387/15/6 5385/15/6 5388/15/6
f 5388/15/6 5385/15/6 5389/15/6
f 5389/15/6 5385/15/6 5390/15/6
f 5390/15/6 5385/15/6 5391/15/6
f 5388/15/6 5389/15/6 5392/15/6
f 5392/15/6 5389/15/6 5393/15/6
f 5393/15/6 5389/15/6 5394/15/6
f 5394/15/6 5389/15/6 5395/15/6
f 5382/15/6 5386/15/6 5396/15/6
f 5391/15/6 5385/15/6 5397/15/6
f 5382/15/6 5396/15/6 5398/15/6
f 5396/15/6 5397/15/6 5398/15/6
f 5397/15/6 5385/15/6 5399/15/6
f 5398/15/6 5397/15/6 5399/15/6
f 5400/15/6 5401/15/6 5404/15/6
f 5404/15/6 5401/15/6 5405/15/6
f 5405/15/6 5401/15/6 5406/15/6
f 5406/15/6 5401/15/6 5407/15/6
f 5402/15/6 5403/15/6 5408/15/6
f 5408/15/6 5403/15/6 5409/15/6
f 5409/15/6 5403/15/6 5410/15/6
f 5410/15/6 5403/15/6 5411/15/6
f 5405/1/6 5406/1/6 5412/1/6
f 5412/1/6 5406/1/6 5413/1/6
f 5409/1/6 5410/1/6 5414/1/6
f 5414/1/6 5410/1/6 5415/1/6
f 5416/17/6 5417/17/6 5418/17/6
f 5418/17/6 5417/17/6 5419/17/6
f 5420/6/6 5421/6/6 5427/6/6
f 5427/6/6 5421/6/6 5428/6/6
f 5422/6/6 5423/6/6 5429/6/6
f 5429/6/6 5423/6/6 5430/6/6
f 5424/6/6 5425/6/6 5431/6/6
f 5431/6/6 5425/6/6 5432/6/6
f 5426/5/6 5427/5/6 5437/5/6
f 5437/5/6 5427/5/6 5438/5/6
f 5438/5/6 5427/5/6 5439/5/6
f 5430/5/6 5431/5/6 5444/5/6
f 5444/5/6 5431/5/6 5445/5/6
f 5433/5/6 5434/5/6 5447/5/6
f 5447/5/6 5434/5/6 5448/5/6
f 5435/7/6 5436/7/6 5449/7/6
f 5449/7/6 5436/7/6 5450/7/6
f 5438/5/6 5439/5/6 5452/5/6
f 5439/5/6 5440/5/6 5452/5/6
f 5452/5/6 5440/5/6 5453/5/6
f 5445/5/6 5446/5/6 5454/5/6
f 5442/5/6 5443/5/6 5454/5/6
f 5441/5/6 5442/5/6 5454/5/6
f 5443/5/6 5444/5/6 5454/5/6
f 5444/5/6 5445/5/6 5454/5/6
f 5454/5/6 5446/5/6 5455/5/6
f 5448/5/6 5434/5/6 5456/5/6
f 5456/5/6 5434/5/6 5457/5/6
f 5457/5/6 5434/5/6 5458/5/6
f 5451/5/6 5452/5/6 5460/5/6
f 5459/5/6 5460/5/6 5463/5/6
f 5460/5/6 5452/5/6 5464/5/6
f 5463/5/6 5460/5/6 5464/5/6
f 5464/5/6 5452/5/6 5465/5/6
f 5461/5/6 5462/5/6 5466/5/6
f 5466/5/6 5462/5/6 5467/5/6
f 5468/6/6 5469/6/6 5472/6/6
f 5472/6/6 5469/6/6 5473/6/6
f 5470/6/6 5471/6/6 5480/6/6
f 5480/6/6 5471/6/6 5481/6/6
f 5481/6/6 5471/6/6 5482/6/6
f 5473/6/6 5474/6/6 5483/6/6
f 5483/6/6 5474/6/6 5484/6/6
f 5476/6/6 5477/6/6 5485/6/6
f 5475/6/6 5476/6/6 5485/6/6
f 5485/6/6 5477/6/6 5486/6/6
f 5486/6/6 5477/6/6 5487/6/6
f 5478/3/6 5479/3/6 5490/3/6
f 5490/3/6 5479/3/6 5491/3/6
f 5481/6/6 5482/6/6 5495/6/6
f 5495/6/6 5482/6/6 5496/6/6
f 5487/6/6 5488/6/6 5497/6/6
f 5497/6/6 5488/6/6 5498/6/6
f 5490/6/6 5491/6/6 5500/6/6
f 5489/6/6 5490/6/6 5500/6/6
f 5500/6/6 5491/6/6 5501/6/6
f 5501/6/6 5491/6/6 5502/6/6
f 5493/6/6 5494/6/6 5503/6/6
f 5492/6/6 5493/6/6 5503/6/6
f 5503/6/6 5494/6/6 5504/6/6
f 5500/6/6 5501/6/6 5505/6/6
f 5499/6/6 5500/6/6 5505/6/6
f 5505/6/6 5501/6/6 5506/6/6
f 5506/6/6 5501/6/6 5507/6/6
f 5507/6/6 5501/6/6 5508/6/6
f 5509/1/6 5510/1/6 5511/1/6
f 5511/1/6 5510/1/6 5512/1/6
f 5515/3/6 5516/3/6 5519/3/6
f 5519/3/6 5516/3/6 5520/3/6
f 5513/7/6 5514/7/6 5523/7/6
f 5523/7/6 5514/7/6 5524/7/6
f 5517/2/6 5518/2/6 5526/2/6
f 5526/2/6 5518/2/6 5527/2/6
f 5521/3/6 5522/3/6 5530/3/6
f 5530/3/6 5522/3/6 5531/3/6
f 5523/6/6 5524/6/6 5532/6/6
f 5524/7/6 5525/7/6 5533/7/6
f 5532/6/6 5524/6/6 5533/6/6
f 5533/7/6 5525/7/6 5534/7/6
f 5528/3/6 5529/3/6 5535/3/6
f 5535/3/6 5529/3/6 5536/3/6
f 5537/1/6 5538/1/6 5539/1/6
f 5539/1/6 5538/1/6 5540/1/6
f 5541/1/6 5542/1/6 5543/1/6
f 5543/1/6 5542/1/6 5544/1/6
f 5545/17/6 5546/17/6 5547/17/6
f 5547/17/6 5546/17/6 5548/17/6
f 5549/1/6 5550/1/6 5551/1/6
f 5551/1/6 5550/1/6 5552/1/6
f 5553/1/6 5554/1/6 5555/1/6
f 5555/1/6 5554/1/6 5556/1/6
f 5557/1/6 5558/1/6 5560/1/6
f 5558/17/6 5559/17/6 5561/17/6
f 5560/1/6 5558/1/6 5561/1/6
f 5561/17/6 5559/17/6 5562/17/6
f 5563/1/6 5564/1/6 5565/1/6
f 5565/1/6 5564/1/6 5566/1/6
f 5567/15/6 5568/15/6 5569/15/6
f 5569/15/6 5568/15/6 5570/15/6
f 5571/14/6 5572/14/6 5573/14/6
f 5573/14/6 5572/14/6 5574/14/6
f 5574/14/6 5572/14/6 5575/14/6
f 5575/14/6 5572/14/6 5576/14/6
f 5571/14/6 5573/14/6 5577/14/6
f 5577/14/6 5573/14/6 5578/14/6
f 5574/14/6 5575/14/6 5579/14/6
f 5579/14/6 5575/14/6 5580/14/6
f 5576/14/6 5572/14/6 5581/14/6
f 5581/14/6 5572/14/6 5582/14/6
f 5571/14/6 5577/14/6 5583/14/6
f 5582/14/6 5572/14/6 5584/14/6
f 5571/14/6 5583/14/6 5585/14/6
f 5583/14/6 5584/14/6 5585/14/6
f 5584/14/6 5572/14/6 5586/14/6
f 5585/14/6 5584/14/6 5586/14/6
f 5587/15/6 5588/15/6 5589/15/6
f 5589/15/6 5588/15/6 5590/15/6
f 5587/15/6 5589/15/6 5591/15/6
f 5590/15/6 5588/15/6 5592/15/6
f 5587/15/6 5591/15/6 5593/15/6
f 5591/15/6 5592/15/6 5593/15/6
f 5592/15/6 5588/15/6 5594/15/6
f 5593/15/6 5592/15/6 5594/15/6
f 5595/9/6 5596/9/6 5599/9/6
f 5599/9/6 5596/9/6 5600/9/6
f 5597/9/6 5598/9/6 5601/9/6
f 5601/9/6 5598/9/6 5602/9/6
f 5603/15/6 5604/15/6 5605/15/6
f 5605/15/6 5604/15/6 5606/15/6
f 5607/15/6 5608/15/6 5609/15/6
f 5609/15/6 5608/15/6 5610/15/6
f 5607/15/6 5609/15/6 5611/15/6
f 5610/15/6 5608/15/6 5612/15/6
f 5607/15/6 5611/15/6 5613/15/6
f 5611/15/6 5612/15/6 5613/15/6
f 5612/15/6 5608/15/6 5614/15/6
f 5613/15/6 5612/15/6 5614/15/6
f 5615/15/6 5616/15/6 5617/15/6
f 5617/15/6 5616/15/6 5618/15/6
