# MagicaVoxel @ Ephtracy

# group
o 

# material
mtllib orijinalEv.mtl
usemtl palette

# normals
vn -1 0 0
vn 1 0 0
vn 0 0 1
vn 0 0 -1
vn 0 -1 0
vn 0 1 0

# texcoords
vt 0.00585938 0.5
vt 0.0410156 0.5
vt 0.400391 0.5
vt 0.537109 0.5
vt 0.701172 0.5
vt 0.744141 0.5
vt 0.841797 0.5
vt 0.845703 0.5
vt 0.876953 0.5
vt 0.900391 0.5
vt 0.904297 0.5
vt 0.958984 0.5
vt 0.970703 0.5
vt 0.974609 0.5
vt 0.986328 0.5
vt 0.990234 0.5
vt 0.994141 0.5

# verts
v -5 0 5
v -5 0 -5
v -5 0.4 5
v -5 0.4 -5
v -4 0.4 4.2
v -4 0.4 3.6
v -4 0.4 3
v -4 0.4 -4
v -4 0.7 4.2
v -4 0.7 3.6
v -4 1 3
v -4 1 -4
v -4 1.1 4.2
v -4 1.1 3.6
v -4 1.2 4.2
v -4 1.2 3.6
v -4 2.6 3
v -4 2.6 -4
v -4 2.8 3
v -4 2.8 -4
v -4 4.4 3
v -4 4.4 -4
v -4 4.6 3
v -4 4.6 -4
v -4 6.2 3
v -4 6.2 -4
v -4 6.4 3
v -4 6.4 -4
v -4 8 3
v -4 8 -4
v -4 8.2 3
v -4 8.2 -4
v -4 9.8 3
v -4 9.8 -4
v -4 10.2 3
v -4 10.2 -4
v -3.9 1 2.9
v -3.9 1 -3.9
v -3.9 1.2 4.1
v -3.9 1.2 3.7
v -3.9 1.5 4.1
v -3.9 1.5 3.7
v -3.9 2.6 2.9
v -3.9 2.6 -3.9
v -3.9 2.8 2.9
v -3.9 2.8 -3.9
v -3.9 4.4 2.9
v -3.9 4.4 -3.9
v -3.9 4.6 2.9
v -3.9 4.6 -3.9
v -3.9 6.2 2.9
v -3.9 6.2 -3.9
v -3.9 6.4 2.9
v -3.9 6.4 -3.9
v -3.9 8 2.9
v -3.9 8 -3.9
v -3.9 8.2 2.9
v -3.9 8.2 -3.9
v -3.9 9.8 2.9
v -3.9 9.8 -3.9
v -3.8 0.5 -2.3
v -3.8 0.5 -2.4
v -3.8 0.6 -2.3
v -3.8 0.6 -2.4
v -3.8 0.7 4
v -3.8 0.7 3.8
v -3.8 1.1 4
v -3.8 1.1 3.8
v -3.8 1.5 4
v -3.8 1.5 3.8
v -3.8 1.6 4
v -3.8 1.6 3.8
v -3.7 5.3 -2.8
v -3.7 5.3 -2.9
v -3.7 5.4 -2.8
v -3.7 5.4 -2.9
v -3.3 2.9 3
v -3.3 2.9 2.9
v -3.3 3 3
v -3.3 3 2.9
v -3.3 4.7 3
v -3.3 4.7 2.9
v -3.3 4.8 3
v -3.3 4.8 2.9
v -3.3 6.5 3
v -3.3 6.5 2.9
v -3.3 6.6 3
v -3.3 6.6 2.9
v -3.3 8.3 3
v -3.3 8.3 2.9
v -3.3 8.4 3
v -3.3 8.4 2.9
v -3.2 1.1 3
v -3.2 1.1 2.9
v -3.2 1.2 3
v -3.2 1.2 2.9
v -3.1 0.9 -3.8
v -3.1 0.9 -3.9
v -3.1 1 -3.8
v -3.1 1 -3.9
v -2.7 6.1 -3.7
v -2.7 6.1 -3.8
v -2.7 6.2 -3.7
v -2.7 6.2 -3.8
v -1.9 5 -3.7
v -1.9 5 -3.8
v -1.9 5.1 -3.7
v -1.9 5.1 -3.8
v -1.6 0.4 4.2
v -1.6 0.4 3.6
v -1.6 0.7 4.2
v -1.6 0.7 3.6
v -1.6 1.1 4.2
v -1.6 1.1 3.6
v -1.6 1.2 4.2
v -1.6 1.2 3.6
v -1.6 1.2 2.9
v -1.6 1.2 2.8
v -1.6 2.3 2.9
v -1.6 2.3 2.8
v -1.6 3 2.9
v -1.6 3 2.8
v -1.6 4.1 2.9
v -1.6 4.1 2.8
v -1.6 4.8 2.9
v -1.6 4.8 2.8
v -1.6 5.9 2.9
v -1.6 5.9 2.8
v -1.6 6.6 2.9
v -1.6 6.6 2.8
v -1.6 7.7 2.9
v -1.6 7.7 2.8
v -1.6 8.4 2.9
v -1.6 8.4 2.8
v -1.6 9.5 2.9
v -1.6 9.5 2.8
v -1.5 1.2 4.1
v -1.5 1.2 3.7
v -1.5 1.5 4.1
v -1.5 1.5 3.7
v -1.4 0.7 4
v -1.4 0.7 3.8
v -1.4 1.1 4
v -1.4 1.1 3.8
v -1.4 1.5 4
v -1.4 1.5 3.8
v -1.4 1.6 4
v -1.4 1.6 3.8
v -1.2 3.3 2.8
v -1.2 3.3 2.7
v -1.2 3.4 2.8
v -1.2 3.4 2.7
v -1 11.6 -0.9
v -1 11.6 -3.8
v -1 11.7 -0.9
v -1 11.7 -3.8
v -0.9 3.7 -3.7
v -0.9 3.7 -3.8
v -0.9 3.8 -3.7
v -0.9 3.8 -3.8
v -0.9 6.9 -3.7
v -0.9 6.9 -3.8
v -0.9 7 -3.7
v -0.9 7 -3.8
v -0.9 11.7 -1.9
v -0.9 11.7 -3.7
v -0.9 11.8 -1.9
v -0.9 11.8 -3.7
v -0.8 3 3.3
v -0.8 3 3.2
v -0.8 3.1 3.3
v -0.8 3.1 3.2
v -0.8 3.1 3
v -0.8 3.2 3.2
v -0.8 3.2 3
v -0.8 4.7 3.3
v -0.8 4.7 3.2
v -0.8 4.8 3.2
v -0.8 4.8 3.1
v -0.8 4.9 3.3
v -0.8 4.9 3.1
v -0.8 5 3.3
v -0.8 5 3.1
v -0.8 6.6 3.2
v -0.8 6.6 3
v -0.8 6.7 3.2
v -0.8 6.7 3
v -0.8 8.4 3.2
v -0.8 8.4 3.1
v -0.8 8.4 3
v -0.8 8.5 3.2
v -0.8 8.5 3.1
v -0.8 8.6 3.1
v -0.8 8.6 3
v -0.8 10 -2
v -0.8 10 -3.6
v -0.8 11.6 -2
v -0.8 11.6 -3.6
v -0.7 2.6 3.3
v -0.7 2.6 3
v -0.7 2.8 3.3
v -0.7 2.8 3.1
v -0.7 2.8 3
v -0.7 3 3.4
v -0.7 3 3.3
v -0.7 3 3.2
v -0.7 3 3.1
v -0.7 3 2.9
v -0.7 3.1 3.4
v -0.7 3.1 3.3
v -0.7 3.1 3.2
v -0.7 3.1 3
v -0.7 3.1 2.9
v -0.7 3.2 3.3
v -0.7 3.2 3.2
v -0.7 3.2 3.1
v -0.7 3.3 3.3
v -0.7 3.3 3.1
v -0.7 4.4 3.3
v -0.7 4.4 3
v -0.7 4.6 3.3
v -0.7 4.6 3.1
v -0.7 4.6 3
v -0.7 4.7 3.3
v -0.7 4.7 3.2
v -0.7 4.8 3.4
v -0.7 4.8 3.3
v -0.7 4.8 3.2
v -0.7 4.8 3.1
v -0.7 4.8 2.9
v -0.7 4.9 3.4
v -0.7 4.9 3.3
v -0.7 4.9 3.1
v -0.7 4.9 2.9
v -0.7 5 3.2
v -0.7 5 3.1
v -0.7 5.1 3.2
v -0.7 5.1 3.1
v -0.7 6.2 3.3
v -0.7 6.2 3
v -0.7 6.4 3.3
v -0.7 6.4 3.1
v -0.7 6.4 3
v -0.7 6.6 3.4
v -0.7 6.6 3.3
v -0.7 6.6 3.2
v -0.7 6.6 3.1
v -0.7 6.6 3
v -0.7 6.6 2.9
v -0.7 6.7 3.4
v -0.7 6.7 3.3
v -0.7 6.7 3.2
v -0.7 6.7 3
v -0.7 6.7 2.9
v -0.7 6.8 3.4
v -0.7 6.8 3.3
v -0.7 6.8 3.2
v -0.7 6.8 3
v -0.7 6.9 3.3
v -0.7 6.9 3.2
v -0.7 8 3.3
v -0.7 8 3
v -0.7 8.2 3.3
v -0.7 8.2 3.1
v -0.7 8.2 3
v -0.7 8.4 3.2
v -0.7 8.4 3.1
v -0.7 8.4 3
v -0.7 8.4 2.9
v -0.7 8.5 3.3
v -0.7 8.5 3.2
v -0.7 8.5 3.1
v -0.7 8.5 3
v -0.7 8.5 2.9
v -0.7 8.6 3.4
v -0.7 8.6 3.3
v -0.7 8.6 3.2
v -0.7 8.6 3.1
v -0.7 8.7 3.4
v -0.7 8.7 3.2
v -0.7 8.7 3.1
v -0.7 9.8 3.3
v -0.7 9.8 3
v -0.7 10 3.3
v -0.7 10 3
v -0.6 0.4 4.1
v -0.6 0.4 3
v -0.6 0.8 4.1
v -0.6 0.8 3.8
v -0.6 1 3.8
v -0.6 1 3.5
v -0.6 1 3
v -0.6 1 2.9
v -0.6 1.2 3.5
v -0.6 1.2 2.9
v -0.6 2.5 3.2
v -0.6 2.5 2.9
v -0.6 2.6 3.2
v -0.6 2.6 2.9
v -0.6 4.3 3.2
v -0.6 4.3 2.9
v -0.6 4.4 3.2
v -0.6 4.4 2.9
v -0.6 4.9 3.4
v -0.6 4.9 3.3
v -0.6 5 3.4
v -0.6 5 3.3
v -0.6 6.1 3.2
v -0.6 6.1 2.9
v -0.6 6.2 3.2
v -0.6 6.2 2.9
v -0.6 7.9 3.2
v -0.6 7.9 2.9
v -0.6 8 3.2
v -0.6 8 2.9
v -0.6 9.7 3.2
v -0.6 9.7 2.9
v -0.6 9.8 3.2
v -0.6 9.8 2.9
v -0.5 10 -1.9
v -0.5 10 -2
v -0.5 11.3 -1.9
v -0.5 11.3 -2
v -0.4 8.4 3.4
v -0.4 8.4 3.3
v -0.4 8.5 3.4
v -0.4 8.5 3.3
v -0.4 8.5 3.2
v -0.4 8.6 3.3
v -0.4 8.6 3.2
v -0.3 2.8 3.3
v -0.3 2.8 3.1
v -0.3 3 3.3
v -0.3 3 3.1
v -0.3 4.6 3.3
v -0.3 4.6 3.1
v -0.3 4.8 3.3
v -0.3 4.8 3.1
v -0.3 6.4 3.3
v -0.3 6.4 3.1
v -0.3 6.6 3.4
v -0.3 6.6 3.3
v -0.3 6.6 3.1
v -0.3 6.7 3.4
v -0.3 6.7 3.3
v -0.3 6.7 3.1
v -0.3 6.8 3.4
v -0.3 6.8 3.3
v -0.3 6.8 3.2
v -0.3 6.8 3.1
v -0.3 6.9 3.3
v -0.3 6.9 3.2
v -0.3 8.2 3.3
v -0.3 8.2 3.1
v -0.3 8.4 3.3
v -0.3 8.4 3.1
v -0.3 8.5 3.2
v -0.3 8.5 3.1
v -0.3 8.6 3.2
v -0.3 8.6 3.1
v -0.2 6.8 3.4
v -0.2 6.8 3.3
v -0.2 6.9 3.4
v -0.2 6.9 3.3
v -0.2 8.6 3.3
v -0.2 8.6 3.2
v -0.2 8.7 3.3
v -0.2 8.7 3.2
v -0.2 10.5 -1.9
v -0.2 10.5 -2
v -0.2 10.6 -1.9
v -0.2 10.6 -2
v -0.0999999 3.1 3.3
v -0.0999999 3.1 3.1
v -0.0999999 3.2 3.3
v -0.0999999 3.2 3.2
v -0.0999999 3.2 3.1
v -0.0999999 3.3 3.3
v -0.0999999 3.3 3.2
v -0.0999999 4.8 3.4
v -0.0999999 4.8 3.3
v -0.0999999 4.9 3.4
v -0.0999999 4.9 3.3
v -0.0999999 4.9 3.2
v -0.0999999 5 3.4
v -0.0999999 5 3.3
v -0.0999999 5 3.2
v -0.0999999 6.6 3.4
v -0.0999999 6.6 3.3
v -0.0999999 6.7 3.4
v -0.0999999 6.7 3.3
v -0.0999999 8.5 3.4
v -0.0999999 8.5 3.3
v -0.0999999 8.6 3.4
v -0.0999999 8.6 3.3
v 0 3 3.4
v 0 3 3.3
v 0 3.1 3.4
v 0 3.1 3.3
v 0 3.2 3.4
v 0 3.2 3.3
v 0 3.2 3.2
v 0 3.2 3.1
v 0 3.3 3.2
v 0 3.3 3.1
v 0 4.9 3.2
v 0 4.9 3.1
v 0 5 3.3
v 0 5 3.2
v 0 5 3.1
v 0 5.1 3.3
v 0 5.1 3.1
v 0 6.8 3.3
v 0 6.8 3.2
v 0 6.9 3.3
v 0 6.9 3.2
v 0 8.4 3.4
v 0 8.4 3.3
v 0 8.5 3.4
v 0 8.5 3.3
v 0.1 3.2 3.3
v 0.1 3.2 3.2
v 0.1 3.3 3.3
v 0.1 3.3 3.2
v 0.2 0.4 3
v 0.2 0.4 2.9
v 0.2 0.5 3
v 0.2 0.5 2.9
v 0.2 2.8 3.3
v 0.2 2.8 3.1
v 0.2 3 3.3
v 0.2 3 3.1
v 0.2 4.6 3.3
v 0.2 4.6 3.1
v 0.2 4.8 3.3
v 0.2 4.8 3.1
v 0.2 6.4 3.3
v 0.2 6.4 3.1
v 0.2 6.6 3.4
v 0.2 6.6 3.3
v 0.2 6.6 3.1
v 0.2 6.7 3.4
v 0.2 6.7 3.3
v 0.2 6.7 3.2
v 0.2 6.8 3.3
v 0.2 6.8 3.2
v 0.2 8.2 3.3
v 0.2 8.2 3.1
v 0.2 8.4 3.4
v 0.2 8.4 3.3
v 0.2 8.4 3.1
v 0.2 8.5 3.4
v 0.2 8.5 3.3
v 0.2 8.5 3.2
v 0.2 8.6 3.3
v 0.2 8.6 3.2
v 0.2 10.5 -1.9
v 0.2 10.5 -2
v 0.2 10.6 -1.9
v 0.2 10.6 -2
v 0.3 6.7 3.2
v 0.3 6.7 3.1
v 0.3 6.8 3.3
v 0.3 6.8 3.2
v 0.3 6.8 3.1
v 0.3 6.9 3.3
v 0.3 6.9 3.2
v 0.3 8.5 3.4
v 0.3 8.5 3.3
v 0.3 8.5 3.2
v 0.3 8.5 3.1
v 0.3 8.6 3.4
v 0.3 8.6 3.3
v 0.3 8.6 3.2
v 0.3 8.6 3.1
v 0.3 8.7 3.4
v 0.3 8.7 3.3
v 0.3 8.7 3.2
v 0.3 8.7 3.1
v 0.4 3.1 3.3
v 0.4 3.1 3.2
v 0.4 3.2 3.3
v 0.4 3.2 3.2
v 0.5 0.4 4.1
v 0.5 0.4 3.9
v 0.5 0.6 3.9
v 0.5 0.6 3.6
v 0.5 0.8 4.1
v 0.5 0.8 3.8
v 0.5 0.8 3.6
v 0.5 0.8 3.3
v 0.5 1 3.8
v 0.5 1 3.5
v 0.5 1 3.3
v 0.5 1 2.7
v 0.5 1.2 3.5
v 0.5 1.2 2.9
v 0.5 1.7 2.9
v 0.5 1.7 2.8
v 0.5 1.8 2.9
v 0.5 1.8 2.8
v 0.5 2 2.9
v 0.5 2 2.8
v 0.5 2.4 2.9
v 0.5 2.4 2.7
v 0.5 2.8 2.9
v 0.5 2.8 2.7
v 0.5 4.2 2.9
v 0.5 4.2 2.7
v 0.5 4.6 2.9
v 0.5 4.6 2.7
v 0.5 4.9 3.3
v 0.5 4.9 3.2
v 0.5 5 3.3
v 0.5 5 3.2
v 0.5 6 2.9
v 0.5 6 2.7
v 0.5 6.4 2.9
v 0.5 6.4 2.7
v 0.5 7.8 2.9
v 0.5 7.8 2.7
v 0.5 8.2 2.9
v 0.5 8.2 2.7
v 0.5 9.6 2.9
v 0.5 9.6 2.7
v 0.6 2.8 3.3
v 0.6 2.8 3.1
v 0.6 3 3.4
v 0.6 3 3.3
v 0.6 3 3.1
v 0.6 3 2.9
v 0.6 3.1 3.3
v 0.6 3.1 3.2
v 0.6 3.1 3.1
v 0.6 3.1 2.9
v 0.6 3.2 3.4
v 0.6 3.2 3.3
v 0.6 3.2 3.2
v 0.6 3.2 3.1
v 0.6 3.3 3.4
v 0.6 3.3 3.3
v 0.6 3.3 3.2
v 0.6 3.3 3.1
v 0.6 4.6 3.3
v 0.6 4.6 3.1
v 0.6 4.8 3.4
v 0.6 4.8 3.3
v 0.6 4.8 3.1
v 0.6 4.8 2.9
v 0.6 4.9 3.4
v 0.6 4.9 3.3
v 0.6 4.9 3.2
v 0.6 4.9 3.1
v 0.6 4.9 3
v 0.6 4.9 2.9
v 0.6 5 3.4
v 0.6 5 3.3
v 0.6 5 3.2
v 0.6 5 3.1
v 0.6 5 3
v 0.6 6.4 3.3
v 0.6 6.4 3.1
v 0.6 6.6 3.3
v 0.6 6.6 3.1
v 0.6 6.6 2.9
v 0.6 6.7 3.4
v 0.6 6.7 3.3
v 0.6 6.7 3.1
v 0.6 6.7 3
v 0.6 6.7 2.9
v 0.6 6.8 3.4
v 0.6 6.8 3.3
v 0.6 6.8 3
v 0.6 6.9 3.4
v 0.6 6.9 3.3
v 0.6 8.2 3.3
v 0.6 8.2 3.1
v 0.6 8.4 3.3
v 0.6 8.4 3.1
v 0.6 8.4 2.9
v 0.6 8.5 3.1
v 0.6 8.5 3
v 0.6 8.5 2.9
v 0.6 8.6 3.1
v 0.6 8.6 3
v 0.6 10 -1.9
v 0.6 10 -2
v 0.6 11.2 -1.9
v 0.6 11.2 -2
v 0.7 3.1 3.1
v 0.7 3.1 3
v 0.7 3.2 3.3
v 0.7 3.2 3.2
v 0.7 3.2 3.1
v 0.7 3.2 3
v 0.7 3.3 3.3
v 0.7 3.3 3.2
v 0.7 5 3.3
v 0.7 5 3.2
v 0.7 5 3.1
v 0.7 5.1 3.3
v 0.7 5.1 3.1
v 0.7 6.6 3.4
v 0.7 6.6 3.3
v 0.7 6.7 3.4
v 0.7 6.7 3.3
v 0.7 6.8 3.2
v 0.7 6.8 3.1
v 0.7 6.9 3.2
v 0.7 6.9 3.1
v 0.7 8.5 3.3
v 0.7 8.5 3.1
v 0.7 8.5 3
v 0.7 8.5 2.9
v 0.7 8.6 3.3
v 0.7 8.6 3.2
v 0.7 8.6 3.1
v 0.7 8.6 3
v 0.7 8.6 2.9
v 0.7 8.7 3.3
v 0.7 8.7 3.2
v 0.9 0.9 3
v 0.9 0.9 2.9
v 0.9 1 3
v 0.9 1 2.9
v 1.1 0.4 4.2
v 1.1 0.4 3.6
v 1.1 0.7 4.2
v 1.1 0.7 3.6
v 1.1 1.1 4.2
v 1.1 1.1 3.6
v 1.1 1.2 4.2
v 1.1 1.2 3.6
v 1.2 1.2 4.1
v 1.2 1.2 3.7
v 1.2 1.5 4.1
v 1.2 1.5 3.7
v 1.3 0.7 4
v 1.3 0.7 3.8
v 1.3 1.1 4
v 1.3 1.1 3.8
v 1.3 1.5 4
v 1.3 1.5 3.8
v 1.3 1.6 4
v 1.3 1.6 3.8
v 1.6 1.1 3
v 1.6 1.1 2.9
v 1.6 1.2 3
v 1.6 1.2 2.9
v 1.6 2.9 3
v 1.6 2.9 2.9
v 1.6 3 3
v 1.6 3 2.9
v 1.6 4.7 3
v 1.6 4.7 2.9
v 1.6 4.8 3
v 1.6 4.8 2.9
v 1.6 6.5 3
v 1.6 6.5 2.9
v 1.6 6.6 3
v 1.6 6.6 2.9
v 1.6 8.3 3
v 1.6 8.3 2.9
v 1.6 8.4 3
v 1.6 8.4 2.9
v 2.1 0.9 -3.9
v 2.1 0.9 -4
v 2.1 1 -3.9
v 2.1 1 -4
v 2.7 2.1 -3.7
v 2.7 2.1 -3.8
v 2.7 2.2 -3.7
v 2.7 2.2 -3.8
v 3 6.5 -3.7
v 3 6.5 -3.8
v 3 6.6 -3.7
v 3 6.6 -3.8
v 3.3 1.2 2.9
v 3.3 1.2 2.8
v 3.3 2.3 2.9
v 3.3 2.3 2.8
v 3.3 3 2.9
v 3.3 3 2.8
v 3.3 4.1 2.9
v 3.3 4.1 2.8
v 3.3 4.8 2.9
v 3.3 4.8 2.8
v 3.3 5.9 2.9
v 3.3 5.9 2.8
v 3.3 6.6 2.9
v 3.3 6.6 2.8
v 3.3 7.7 2.9
v 3.3 7.7 2.8
v 3.3 8.4 2.9
v 3.3 8.4 2.8
v 3.3 9.5 2.9
v 3.3 9.5 2.8
v 3.4 8.4 -3.7
v 3.4 8.4 -3.8
v 3.4 8.5 -3.7
v 3.4 8.5 -3.8
v 3.5 0.4 4.2
v 3.5 0.4 3.6
v 3.5 0.7 4.2
v 3.5 0.7 3.6
v 3.5 1.1 4.2
v 3.5 1.1 3.6
v 3.5 1.2 4.2
v 3.5 1.2 3.6
v 3.6 1.2 4.1
v 3.6 1.2 3.7
v 3.6 1.5 4.1
v 3.6 1.5 3.7
v 3.7 0.7 4
v 3.7 0.7 3.8
v 3.7 1.1 4
v 3.7 1.1 3.8
v 3.7 1.5 4
v 3.7 1.5 3.8
v 3.7 1.6 4
v 3.7 1.6 3.8
v 3.7 9.2 2.8
v 3.7 9.2 2.7
v 3.7 9.3 2.8
v 3.7 9.3 2.7
v 3.7 9.4 2.8
v 3.7 9.4 2.7
v 3.7 9.5 2.8
v 3.7 9.5 2.7
v 3.8 9.6 2
v 3.8 9.6 1.9
v 3.8 9.7 2
v 3.8 9.7 1.9
v 3.9 9.5 1.8
v 3.9 9.5 1.7
v 3.9 9.6 1.8
v 3.9 9.6 1.7
v 3.9 10 2.8
v 3.9 10 -3.8
v 3.9 10.2 2.8
v 3.9 10.2 -3.8
v -3.9 0.5 -2.3
v -3.9 0.5 -2.4
v -3.9 0.6 -2.3
v -3.9 0.6 -2.4
v -3.8 5.3 -2.8
v -3.8 5.3 -2.9
v -3.8 5.4 -2.8
v -3.8 5.4 -2.9
v -3.8 10 2.8
v -3.8 10 -3.8
v -3.8 10.2 2.8
v -3.8 10.2 -3.8
v -3.6 0.7 4
v -3.6 0.7 3.8
v -3.6 1.1 4
v -3.6 1.1 3.8
v -3.6 1.5 4
v -3.6 1.5 3.8
v -3.6 1.6 4
v -3.6 1.6 3.8
v -3.5 1.2 4.1
v -3.5 1.2 3.7
v -3.5 1.5 4.1
v -3.5 1.5 3.7
v -3.4 0.4 4.2
v -3.4 0.4 3.6
v -3.4 0.7 4.2
v -3.4 0.7 3.6
v -3.4 1.1 4.2
v -3.4 1.1 3.6
v -3.4 1.2 4.2
v -3.4 1.2 3.6
v -3.2 0.9 -3.8
v -3.2 0.9 -3.9
v -3.2 1 -3.8
v -3.2 1 -3.9
v -3.2 1.2 2.9
v -3.2 1.2 2.8
v -3.2 2.3 2.9
v -3.2 2.3 2.8
v -3.2 3 2.9
v -3.2 3 2.8
v -3.2 4.1 2.9
v -3.2 4.1 2.8
v -3.2 4.8 2.9
v -3.2 4.8 2.8
v -3.2 5.9 2.9
v -3.2 5.9 2.8
v -3.2 6.6 2.9
v -3.2 6.6 2.8
v -3.2 7.7 2.9
v -3.2 7.7 2.8
v -3.2 8.4 2.9
v -3.2 8.4 2.8
v -3.2 9.5 2.9
v -3.2 9.5 2.8
v -2.8 6.1 -3.7
v -2.8 6.1 -3.8
v -2.8 6.2 -3.7
v -2.8 6.2 -3.8
v -2 5 -3.7
v -2 5 -3.8
v -2 5.1 -3.7
v -2 5.1 -3.8
v -1.5 1.1 3
v -1.5 1.1 2.9
v -1.5 1.2 3
v -1.5 1.2 2.9
v -1.5 2.9 3
v -1.5 2.9 2.9
v -1.5 3 3
v -1.5 3 2.9
v -1.5 4.7 3
v -1.5 4.7 2.9
v -1.5 4.8 3
v -1.5 4.8 2.9
v -1.5 6.5 3
v -1.5 6.5 2.9
v -1.5 6.6 3
v -1.5 6.6 2.9
v -1.5 8.3 3
v -1.5 8.3 2.9
v -1.5 8.4 3
v -1.5 8.4 2.9
v -1.3 3.3 2.8
v -1.3 3.3 2.7
v -1.3 3.4 2.8
v -1.3 3.4 2.7
v -1.2 0.7 4
v -1.2 0.7 3.8
v -1.2 1.1 4
v -1.2 1.1 3.8
v -1.2 1.5 4
v -1.2 1.5 3.8
v -1.2 1.6 4
v -1.2 1.6 3.8
v -1.1 1.2 4.1
v -1.1 1.2 3.7
v -1.1 1.5 4.1
v -1.1 1.5 3.7
v -1 0.4 4.2
v -1 0.4 3.6
v -1 0.7 4.2
v -1 0.7 3.6
v -1 1.1 4.2
v -1 1.1 3.6
v -1 1.2 4.2
v -1 1.2 3.6
v -1 3.7 -3.7
v -1 3.7 -3.8
v -1 3.8 -3.7
v -1 3.8 -3.8
v -1 6.9 -3.7
v -1 6.9 -3.8
v -1 7 -3.7
v -1 7 -3.8
v -0.6 3 3.4
v -0.6 3 3.3
v -0.6 3.1 3.4
v -0.6 3.1 3.3
v -0.6 3.1 3.1
v -0.6 3.1 3
v -0.6 3.2 3.2
v -0.6 3.2 3.1
v -0.6 3.2 3
v -0.6 3.3 3.2
v -0.6 3.3 3.1
v -0.6 6.7 3.4
v -0.6 6.7 3.3
v -0.6 6.7 3.1
v -0.6 6.7 3
v -0.6 6.8 3.4
v -0.6 6.8 3.3
v -0.6 6.8 3.2
v -0.6 6.8 3.1
v -0.6 6.8 3
v -0.6 6.9 3.3
v -0.6 6.9 3.2
v -0.6 8.5 3.3
v -0.6 8.5 3.2
v -0.6 8.5 3.1
v -0.6 8.5 3
v -0.6 8.6 3.4
v -0.6 8.6 3.3
v -0.6 8.6 3.2
v -0.6 8.6 3.1
v -0.6 8.6 3
v -0.6 8.7 3.4
v -0.6 8.7 3.2
v -0.5 2.8 3.3
v -0.5 2.8 3.1
v -0.5 3 3.3
v -0.5 3 3.1
v -0.5 3 2.9
v -0.5 3.1 3.2
v -0.5 3.1 3.1
v -0.5 3.1 2.9
v -0.5 3.2 3.3
v -0.5 3.2 3.2
v -0.5 3.2 3.1
v -0.5 3.3 3.3
v -0.5 3.3 3.2
v -0.5 4.6 3.3
v -0.5 4.6 3.1
v -0.5 4.8 3.4
v -0.5 4.8 3.3
v -0.5 4.8 3.1
v -0.5 4.8 2.9
v -0.5 4.9 3.4
v -0.5 4.9 3.3
v -0.5 4.9 3.1
v -0.5 4.9 2.9
v -0.5 5 3.4
v -0.5 5 3.3
v -0.5 5 3.2
v -0.5 5.1 3.2
v -0.5 5.1 3.1
v -0.5 6.4 3.3
v -0.5 6.4 3.1
v -0.5 6.6 3.4
v -0.5 6.6 3.3
v -0.5 6.6 3.1
v -0.5 6.6 2.9
v -0.5 6.7 3.4
v -0.5 6.7 3.3
v -0.5 6.7 3.1
v -0.5 6.7 2.9
v -0.5 6.8 3.3
v -0.5 6.8 3.1
v -0.5 8.2 3.3
v -0.5 8.2 3.1
v -0.5 8.4 3.3
v -0.5 8.4 3.1
v -0.5 8.4 2.9
v -0.5 8.5 3.2
v -0.5 8.5 3.1
v -0.5 8.5 2.9
v -0.5 8.6 3.2
v -0.5 8.6 3.1
v -0.5 8.7 3.2
v -0.5 8.7 3.1
v -0.4 0.4 4.1
v -0.4 0.4 3.9
v -0.4 0.6 3.9
v -0.4 0.6 3.6
v -0.4 0.8 4.1
v -0.4 0.8 3.8
v -0.4 0.8 3.6
v -0.4 0.8 3.3
v -0.4 1 3.8
v -0.4 1 3.5
v -0.4 1 3.3
v -0.4 1 2.7
v -0.4 1.2 3.5
v -0.4 1.2 2.9
v -0.4 2.4 2.9
v -0.4 2.4 2.7
v -0.4 2.8 2.9
v -0.4 2.8 2.7
v -0.4 3.1 3.3
v -0.4 3.1 3.2
v -0.4 3.2 3.3
v -0.4 3.2 3.2
v -0.4 4.2 2.9
v -0.4 4.2 2.7
v -0.4 4.6 2.9
v -0.4 4.6 2.7
v -0.4 6 2.9
v -0.4 6 2.7
v -0.4 6.4 2.9
v -0.4 6.4 2.7
v -0.4 7.8 2.9
v -0.4 7.8 2.7
v -0.4 8.2 2.9
v -0.4 8.2 2.7
v -0.4 9.6 2.9
v -0.4 9.6 2.7
v -0.4 10 -1.9
v -0.4 10 -2
v -0.4 11.2 -1.9
v -0.4 11.2 -2
v -0.3 0.4 3
v -0.3 0.4 2.9
v -0.3 0.5 3
v -0.3 0.5 2.9
v -0.2 6.6 3.4
v -0.2 6.6 3.3
v -0.2 6.7 3.4
v -0.2 6.7 3.3
v -0.2 6.7 3.2
v -0.2 6.7 3.1
v -0.2 6.8 3.3
v -0.2 6.8 3.2
v -0.2 6.8 3.1
v -0.2 6.9 3.3
v -0.2 6.9 3.2
v -0.2 8.4 3.4
v -0.2 8.4 3.3
v -0.2 8.5 3.4
v -0.2 8.5 3.3
v -0.2 8.5 3.2
v -0.2 8.5 3.1
v -0.2 8.6 3.2
v -0.2 8.6 3.1
v -0.0999999 2.8 3.3
v -0.0999999 2.8 3.1
v -0.0999999 3 3.3
v -0.0999999 3 3.1
v -0.0999999 4.6 3.3
v -0.0999999 4.6 3.1
v -0.0999999 4.8 3.3
v -0.0999999 4.8 3.1
v -0.0999999 6.4 3.3
v -0.0999999 6.4 3.1
v -0.0999999 6.6 3.3
v -0.0999999 6.6 3.1
v -0.0999999 6.8 3.4
v -0.0999999 6.8 3.3
v -0.0999999 6.9 3.4
v -0.0999999 6.9 3.3
v -0.0999999 8.2 3.3
v -0.0999999 8.2 3.1
v -0.0999999 8.4 3.3
v -0.0999999 8.4 3.1
v 0 3.2 3.3
v 0 3.2 3.2
v 0 3.3 3.3
v 0 3.3 3.2
v 0 6.7 3.4
v 0 6.7 3.3
v 0 6.8 3.4
v 0 6.8 3.3
v 0 8.5 3.4
v 0 8.5 3.3
v 0 8.6 3.4
v 0 8.6 3.3
v 0 8.6 3.2
v 0 8.7 3.3
v 0 8.7 3.2
v 0 10.5 -1.9
v 0 10.5 -2
v 0 10.6 -1.9
v 0 10.6 -2
v 0.1 3.2 3.2
v 0.1 3.2 3.1
v 0.1 3.3 3.2
v 0.1 3.3 3.1
v 0.1 5 3.3
v 0.1 5 3.1
v 0.1 5.1 3.3
v 0.1 5.1 3.1
v 0.1 6.6 3.4
v 0.1 6.6 3.3
v 0.1 6.7 3.4
v 0.1 6.7 3.3
v 0.1 6.7 3.2
v 0.1 6.8 3.3
v 0.1 6.8 3.2
v 0.1 6.9 3.3
v 0.1 6.9 3.2
v 0.1 8.4 3.4
v 0.1 8.4 3.3
v 0.1 8.5 3.4
v 0.1 8.5 3.3
v 0.1 8.5 3.2
v 0.1 8.6 3.3
v 0.1 8.6 3.2
v 0.2 3 3.4
v 0.2 3 3.3
v 0.2 3.1 3.4
v 0.2 3.1 3.3
v 0.2 3.1 3.1
v 0.2 3.2 3.4
v 0.2 3.2 3.3
v 0.2 3.2 3.2
v 0.2 3.2 3.1
v 0.2 3.3 3.3
v 0.2 3.3 3.2
v 0.2 4.9 3.4
v 0.2 4.9 3.3
v 0.2 4.9 3.2
v 0.2 5 3.4
v 0.2 5 3.3
v 0.2 5 3.2
v 0.3 4.8 3.4
v 0.3 4.8 3.3
v 0.3 4.9 3.4
v 0.3 4.9 3.3
v 0.3 4.9 3.2
v 0.3 4.9 3.1
v 0.3 5 3.2
v 0.3 5 3.1
v 0.3 8.4 3.4
v 0.3 8.4 3.3
v 0.3 8.5 3.4
v 0.3 8.5 3.3
v 0.4 2.8 3.3
v 0.4 2.8 3.1
v 0.4 3 3.3
v 0.4 3 3.1
v 0.4 4.6 3.3
v 0.4 4.6 3.1
v 0.4 4.8 3.3
v 0.4 4.8 3.1
v 0.4 6.4 3.3
v 0.4 6.4 3.1
v 0.4 6.6 3.4
v 0.4 6.6 3.3
v 0.4 6.6 3.1
v 0.4 6.7 3.4
v 0.4 6.7 3.3
v 0.4 6.7 3.1
v 0.4 6.8 3.3
v 0.4 6.8 3.2
v 0.4 6.8 3.1
v 0.4 6.9 3.3
v 0.4 6.9 3.2
v 0.4 8.2 3.3
v 0.4 8.2 3.1
v 0.4 8.4 3.3
v 0.4 8.4 3.1
v 0.4 8.5 3.4
v 0.4 8.5 3.3
v 0.4 8.5 3.2
v 0.4 8.6 3.4
v 0.4 8.6 3.3
v 0.4 8.6 3.2
v 0.4 8.6 3.1
v 0.4 8.7 3.4
v 0.4 8.7 3.3
v 0.4 8.7 3.2
v 0.4 8.7 3.1
v 0.4 10.5 -1.9
v 0.4 10.5 -2
v 0.4 10.6 -1.9
v 0.4 10.6 -2
v 0.5 8.5 3.2
v 0.5 8.5 3.1
v 0.5 8.6 3.2
v 0.5 8.6 3.1
v 0.6 7.9 3.1
v 0.6 7.9 2.9
v 0.6 8 3.1
v 0.6 8 2.9
v 0.7 0.4 4.1
v 0.7 0.4 3
v 0.7 0.8 4.1
v 0.7 0.8 3.8
v 0.7 1 3.8
v 0.7 1 3.5
v 0.7 1 3
v 0.7 1 2.9
v 0.7 1.2 3.5
v 0.7 1.2 2.9
v 0.7 2.5 3.2
v 0.7 2.5 2.9
v 0.7 2.6 3.2
v 0.7 2.6 2.9
v 0.7 3.2 3.4
v 0.7 3.2 3.3
v 0.7 3.3 3.4
v 0.7 3.3 3.3
v 0.7 4.3 3.2
v 0.7 4.3 2.9
v 0.7 4.4 3.2
v 0.7 4.4 2.9
v 0.7 4.9 3.4
v 0.7 4.9 3.3
v 0.7 5 3.4
v 0.7 5 3.3
v 0.7 6.1 3.2
v 0.7 6.1 2.9
v 0.7 6.2 3.2
v 0.7 6.2 2.9
v 0.7 6.7 3.1
v 0.7 6.7 3
v 0.7 6.8 3.4
v 0.7 6.8 3.3
v 0.7 6.8 3.1
v 0.7 6.8 3
v 0.7 6.9 3.4
v 0.7 6.9 3.3
v 0.7 7.9 3.2
v 0.7 7.9 3.1
v 0.7 8 3.2
v 0.7 8 3.1
v 0.7 8 3
v 0.7 8.1 3.1
v 0.7 8.1 3
v 0.7 9.7 3.2
v 0.7 9.7 2.9
v 0.7 9.8 3.2
v 0.7 9.8 2.9
v 0.7 10 -1.9
v 0.7 10 -2
v 0.7 11.3 -1.9
v 0.7 11.3 -2
v 0.8 0.9 3
v 0.8 0.9 2.9
v 0.8 1 3
v 0.8 1 2.9
v 0.8 2.6 3.3
v 0.8 2.6 3
v 0.8 2.8 3.3
v 0.8 2.8 3.1
v 0.8 2.8 3
v 0.8 3 3.4
v 0.8 3 3.3
v 0.8 3 3.2
v 0.8 3 3.1
v 0.8 3 2.9
v 0.8 3.1 3.4
v 0.8 3.1 3.3
v 0.8 3.1 3.2
v 0.8 3.1 3.1
v 0.8 3.1 3
v 0.8 3.1 2.9
v 0.8 3.2 3.4
v 0.8 3.2 3.3
v 0.8 3.2 3.1
v 0.8 3.2 3
v 0.8 3.3 3.3
v 0.8 3.3 3.1
v 0.8 4.4 3.3
v 0.8 4.4 3
v 0.8 4.6 3.3
v 0.8 4.6 3.1
v 0.8 4.6 3
v 0.8 4.8 3.4
v 0.8 4.8 3.3
v 0.8 4.8 3.1
v 0.8 4.8 2.9
v 0.8 4.9 3.4
v 0.8 4.9 3.3
v 0.8 4.9 3.1
v 0.8 4.9 3
v 0.8 4.9 2.9
v 0.8 5 3.3
v 0.8 5 3.1
v 0.8 5 3
v 0.8 5.1 3.3
v 0.8 5.1 3.1
v 0.8 6.2 3.3
v 0.8 6.2 3
v 0.8 6.4 3.3
v 0.8 6.4 3.1
v 0.8 6.4 3
v 0.8 6.6 3.4
v 0.8 6.6 3.3
v 0.8 6.6 3.2
v 0.8 6.6 3.1
v 0.8 6.6 2.9
v 0.8 6.7 3.4
v 0.8 6.7 3.3
v 0.8 6.7 3.2
v 0.8 6.7 3.1
v 0.8 6.7 2.9
v 0.8 6.8 3.4
v 0.8 6.8 3.3
v 0.8 6.8 3.2
v 0.8 6.8 3.1
v 0.8 6.9 3.2
v 0.8 6.9 3.1
v 0.8 8 3.3
v 0.8 8 3.1
v 0.8 8.1 3.1
v 0.8 8.1 3
v 0.8 8.2 3.3
v 0.8 8.2 3.1
v 0.8 8.2 3
v 0.8 8.4 3.2
v 0.8 8.4 3.1
v 0.8 8.4 2.9
v 0.8 8.5 3.3
v 0.8 8.5 3.2
v 0.8 8.5 3.1
v 0.8 8.5 2.9
v 0.8 8.6 3.3
v 0.8 8.6 3.2
v 0.8 8.6 3.1
v 0.8 8.6 2.9
v 0.8 8.7 3.3
v 0.8 8.7 3.2
v 0.8 9.8 3.3
v 0.8 9.8 3
v 0.8 10 3.3
v 0.8 10 3
v 0.9 3 3.2
v 0.9 3 3.1
v 0.9 3.1 3.2
v 0.9 3.1 3.1
v 0.9 4.8 3.3
v 0.9 4.8 3.1
v 0.9 4.9 3.3
v 0.9 4.9 3.1
v 0.9 6.6 3.2
v 0.9 6.6 3.1
v 0.9 6.7 3.3
v 0.9 6.7 3.2
v 0.9 6.7 3.1
v 0.9 6.8 3.3
v 0.9 6.8 3.2
v 0.9 8.4 3.2
v 0.9 8.4 3.1
v 0.9 8.5 3.3
v 0.9 8.5 3.2
v 0.9 8.6 3.3
v 0.9 8.6 3.2
v 0.9 8.6 3.1
v 0.9 10 -2
v 0.9 10 -3.6
v 0.9 11.6 -2
v 0.9 11.6 -3.6
v 1 11.7 -1.9
v 1 11.7 -3.7
v 1 11.8 -1.9
v 1 11.8 -3.7
v 1.1 11.6 -0.9
v 1.1 11.6 -3.8
v 1.1 11.7 -0.9
v 1.1 11.7 -3.8
v 1.5 0.7 4
v 1.5 0.7 3.8
v 1.5 1.1 4
v 1.5 1.1 3.8
v 1.5 1.5 4
v 1.5 1.5 3.8
v 1.5 1.6 4
v 1.5 1.6 3.8
v 1.6 1.2 4.1
v 1.6 1.2 3.7
v 1.6 1.5 4.1
v 1.6 1.5 3.7
v 1.7 0.4 4.2
v 1.7 0.4 3.6
v 1.7 0.7 4.2
v 1.7 0.7 3.6
v 1.7 1.1 4.2
v 1.7 1.1 3.6
v 1.7 1.2 4.2
v 1.7 1.2 3.6
v 1.7 1.2 2.9
v 1.7 1.2 2.8
v 1.7 2.3 2.9
v 1.7 2.3 2.8
v 1.7 3 2.9
v 1.7 3 2.8
v 1.7 4.1 2.9
v 1.7 4.1 2.8
v 1.7 4.8 2.9
v 1.7 4.8 2.8
v 1.7 5.9 2.9
v 1.7 5.9 2.8
v 1.7 6.6 2.9
v 1.7 6.6 2.8
v 1.7 7.6 2.9
v 1.7 7.6 2.8
v 1.7 8.4 2.9
v 1.7 8.4 2.8
v 1.7 9.5 2.9
v 1.7 9.5 2.8
v 1.8 0.9 -3.9
v 1.8 0.9 -4
v 1.8 1 -3.9
v 1.8 1 -4
v 1.8 7.6 2.9
v 1.8 7.6 2.8
v 1.8 7.7 2.9
v 1.8 7.7 2.8
v 2.6 2.1 -3.7
v 2.6 2.1 -3.8
v 2.6 2.2 -3.7
v 2.6 2.2 -3.8
v 2.9 6.5 -3.7
v 2.9 6.5 -3.8
v 2.9 6.6 -3.7
v 2.9 6.6 -3.8
v 3.3 8.4 -3.7
v 3.3 8.4 -3.8
v 3.3 8.5 -3.7
v 3.3 8.5 -3.8
v 3.4 1.1 3
v 3.4 1.1 2.9
v 3.4 1.2 3
v 3.4 1.2 2.9
v 3.4 2.9 3
v 3.4 2.9 2.9
v 3.4 3 3
v 3.4 3 2.9
v 3.4 4.7 3
v 3.4 4.7 2.9
v 3.4 4.8 3
v 3.4 4.8 2.9
v 3.4 6.5 3
v 3.4 6.5 2.9
v 3.4 6.6 3
v 3.4 6.6 2.9
v 3.4 8.3 3
v 3.4 8.3 2.9
v 3.4 8.4 3
v 3.4 8.4 2.9
v 3.6 9.2 2.8
v 3.6 9.2 2.7
v 3.6 9.3 2.8
v 3.6 9.3 2.7
v 3.6 9.4 2.8
v 3.6 9.4 2.7
v 3.6 9.5 2.8
v 3.6 9.5 2.7
v 3.7 9.5 1.8
v 3.7 9.5 1.7
v 3.7 9.6 2
v 3.7 9.6 1.9
v 3.7 9.6 1.8
v 3.7 9.6 1.7
v 3.7 9.7 2
v 3.7 9.7 1.9
v 3.9 0.7 4
v 3.9 0.7 3.8
v 3.9 1.1 4
v 3.9 1.1 3.8
v 3.9 1.5 4
v 3.9 1.5 3.8
v 3.9 1.6 4
v 3.9 1.6 3.8
v 4 1 2.9
v 4 1 -3.9
v 4 1.2 4.1
v 4 1.2 3.7
v 4 1.5 4.1
v 4 1.5 3.7
v 4 2.6 2.9
v 4 2.6 -3.9
v 4 2.8 2.9
v 4 2.8 -3.9
v 4 4.4 2.9
v 4 4.4 -3.9
v 4 4.6 2.9
v 4 4.6 -3.9
v 4 6.2 2.9
v 4 6.2 -3.9
v 4 6.4 2.9
v 4 6.4 -3.9
v 4 8 2.9
v 4 8 -3.9
v 4 8.2 2.9
v 4 8.2 -3.9
v 4 9.8 2.9
v 4 9.8 -3.9
v 4.1 0.4 4.2
v 4.1 0.4 3.6
v 4.1 0.4 3
v 4.1 0.4 -4
v 4.1 0.7 4.2
v 4.1 0.7 3.6
v 4.1 1 3
v 4.1 1 -4
v 4.1 1.1 4.2
v 4.1 1.1 3.6
v 4.1 1.2 4.2
v 4.1 1.2 3.6
v 4.1 2.6 3
v 4.1 2.6 -4
v 4.1 2.8 3
v 4.1 2.8 -4
v 4.1 4.4 3
v 4.1 4.4 -4
v 4.1 4.6 3
v 4.1 4.6 -4
v 4.1 6.2 3
v 4.1 6.2 -4
v 4.1 6.4 3
v 4.1 6.4 -4
v 4.1 8 3
v 4.1 8 -4
v 4.1 8.2 3
v 4.1 8.2 -4
v 4.1 9.8 3
v 4.1 9.8 -4
v 4.1 10.2 3
v 4.1 10.2 -4
v 5.1 0 5
v 5.1 0 -5
v 5.1 0.4 5
v 5.1 0.4 -5
v -5 0 5
v -5 0.4 5
v 5.1 0 5
v 5.1 0.4 5
v -4 0.4 4.2
v -4 0.7 4.2
v -4 1.1 4.2
v -4 1.2 4.2
v -3.4 0.4 4.2
v -3.4 0.7 4.2
v -3.4 1.1 4.2
v -3.4 1.2 4.2
v -1.6 0.4 4.2
v -1.6 0.7 4.2
v -1.6 1.1 4.2
v -1.6 1.2 4.2
v -1 0.4 4.2
v -1 0.7 4.2
v -1 1.1 4.2
v -1 1.2 4.2
v 1.1 0.4 4.2
v 1.1 0.7 4.2
v 1.1 1.1 4.2
v 1.1 1.2 4.2
v 1.7 0.4 4.2
v 1.7 0.7 4.2
v 1.7 1.1 4.2
v 1.7 1.2 4.2
v 3.5 0.4 4.2
v 3.5 0.7 4.2
v 3.5 1.1 4.2
v 3.5 1.2 4.2
v 4.1 0.4 4.2
v 4.1 0.7 4.2
v 4.1 1.1 4.2
v 4.1 1.2 4.2
v -3.9 1.2 4.1
v -3.9 1.5 4.1
v -3.5 1.2 4.1
v -3.5 1.5 4.1
v -1.5 1.2 4.1
v -1.5 1.5 4.1
v -1.1 1.2 4.1
v -1.1 1.5 4.1
v -0.6 0.4 4.1
v -0.6 0.8 4.1
v -0.5 0.4 4.1
v -0.4 0.4 4.1
v -0.4 0.8 4.1
v 0.5 0.4 4.1
v 0.5 0.8 4.1
v 0.6 0.4 4.1
v 0.7 0.4 4.1
v 0.7 0.8 4.1
v 1.2 1.2 4.1
v 1.2 1.5 4.1
v 1.6 1.2 4.1
v 1.6 1.5 4.1
v 3.6 1.2 4.1
v 3.6 1.5 4.1
v 4 1.2 4.1
v 4 1.5 4.1
v -3.8 0.7 4
v -3.8 1.1 4
v -3.8 1.5 4
v -3.8 1.6 4
v -3.6 0.7 4
v -3.6 1.1 4
v -3.6 1.5 4
v -3.6 1.6 4
v -1.4 0.7 4
v -1.4 1.1 4
v -1.4 1.5 4
v -1.4 1.6 4
v -1.2 0.7 4
v -1.2 1.1 4
v -1.2 1.5 4
v -1.2 1.6 4
v 1.3 0.7 4
v 1.3 1.1 4
v 1.3 1.5 4
v 1.3 1.6 4
v 1.5 0.7 4
v 1.5 1.1 4
v 1.5 1.5 4
v 1.5 1.6 4
v 3.7 0.7 4
v 3.7 1.1 4
v 3.7 1.5 4
v 3.7 1.6 4
v 3.9 0.7 4
v 3.9 1.1 4
v 3.9 1.5 4
v 3.9 1.6 4
v -0.4 0.4 3.9
v -0.4 0.6 3.9
v 0.5 0.4 3.9
v 0.5 0.6 3.9
v -0.6 0.8 3.8
v -0.6 1 3.8
v -0.4 0.8 3.8
v -0.4 1 3.8
v 0.5 0.8 3.8
v 0.5 1 3.8
v 0.7 0.8 3.8
v 0.7 1 3.8
v -0.4 0.6 3.6
v -0.4 0.8 3.6
v 0.5 0.6 3.6
v 0.5 0.8 3.6
v -0.6 1 3.5
v -0.6 1.2 3.5
v -0.4 1 3.5
v -0.4 1.2 3.5
v 0.5 1 3.5
v 0.5 1.2 3.5
v 0.7 1 3.5
v 0.7 1.2 3.5
v -0.7 3 3.4
v -0.7 3.1 3.4
v -0.7 4.8 3.4
v -0.7 4.9 3.4
v -0.7 6.6 3.4
v -0.7 6.7 3.4
v -0.7 6.8 3.4
v -0.7 8.6 3.4
v -0.7 8.7 3.4
v -0.6 3 3.4
v -0.6 3.1 3.4
v -0.6 4.9 3.4
v -0.6 5 3.4
v -0.6 6.7 3.4
v -0.6 6.8 3.4
v -0.6 8.6 3.4
v -0.6 8.7 3.4
v -0.5 4.8 3.4
v -0.5 4.9 3.4
v -0.5 5 3.4
v -0.5 6.6 3.4
v -0.5 6.7 3.4
v -0.4 8.4 3.4
v -0.4 8.5 3.4
v -0.3 6.6 3.4
v -0.3 6.7 3.4
v -0.3 6.8 3.4
v -0.2 6.6 3.4
v -0.2 6.7 3.4
v -0.2 6.8 3.4
v -0.2 6.9 3.4
v -0.2 8.4 3.4
v -0.2 8.5 3.4
v -0.0999999 4.8 3.4
v -0.0999999 4.9 3.4
v -0.0999999 5 3.4
v -0.0999999 6.6 3.4
v -0.0999999 6.7 3.4
v -0.0999999 6.8 3.4
v -0.0999999 6.9 3.4
v -0.0999999 8.5 3.4
v -0.0999999 8.6 3.4
v 0 3 3.4
v 0 3.1 3.4
v 0 3.2 3.4
v 0 4.9 3.4
v 0 5 3.4
v 0 6.7 3.4
v 0 6.8 3.4
v 0 8.4 3.4
v 0 8.5 3.4
v 0 8.6 3.4
v 0.1 4.9 3.4
v 0.1 5 3.4
v 0.1 6.6 3.4
v 0.1 6.7 3.4
v 0.1 8.4 3.4
v 0.1 8.5 3.4
v 0.2 3 3.4
v 0.2 3.1 3.4
v 0.2 3.2 3.4
v 0.2 4.9 3.4
v 0.2 5 3.4
v 0.2 6.6 3.4
v 0.2 6.7 3.4
v 0.2 8.4 3.4
v 0.2 8.5 3.4
v 0.3 4.8 3.4
v 0.3 4.9 3.4
v 0.3 8.4 3.4
v 0.3 8.5 3.4
v 0.3 8.6 3.4
v 0.3 8.7 3.4
v 0.4 6.6 3.4
v 0.4 6.7 3.4
v 0.4 8.5 3.4
v 0.4 8.6 3.4
v 0.4 8.7 3.4
v 0.6 3 3.4
v 0.6 3.2 3.4
v 0.6 3.3 3.4
v 0.6 4.8 3.4
v 0.6 4.9 3.4
v 0.6 5 3.4
v 0.6 6.7 3.4
v 0.6 6.8 3.4
v 0.6 6.9 3.4
v 0.7 3.1 3.4
v 0.7 3.2 3.4
v 0.7 3.3 3.4
v 0.7 4.9 3.4
v 0.7 5 3.4
v 0.7 6.6 3.4
v 0.7 6.7 3.4
v 0.7 6.8 3.4
v 0.7 6.9 3.4
v 0.8 3 3.4
v 0.8 3.1 3.4
v 0.8 3.2 3.4
v 0.8 4.8 3.4
v 0.8 4.9 3.4
v 0.8 6.6 3.4
v 0.8 6.7 3.4
v 0.8 6.8 3.4
v -0.8 3 3.3
v -0.8 3.1 3.3
v -0.8 4.7 3.3
v -0.8 4.9 3.3
v -0.8 5 3.3
v -0.7 2.6 3.3
v -0.7 2.8 3.3
v -0.7 3 3.3
v -0.7 3.1 3.3
v -0.7 3.2 3.3
v -0.7 3.3 3.3
v -0.7 4.4 3.3
v -0.7 4.6 3.3
v -0.7 4.7 3.3
v -0.7 4.8 3.3
v -0.7 4.9 3.3
v -0.7 5 3.3
v -0.7 6.2 3.3
v -0.7 6.4 3.3
v -0.7 6.6 3.3
v -0.7 6.8 3.3
v -0.7 6.9 3.3
v -0.7 8 3.3
v -0.7 8.2 3.3
v -0.7 8.5 3.3
v -0.7 8.6 3.3
v -0.7 9.8 3.3
v -0.7 10 3.3
v -0.6 3 3.3
v -0.6 3.1 3.3
v -0.6 4.9 3.3
v -0.6 5 3.3
v -0.6 6.7 3.3
v -0.6 6.8 3.3
v -0.6 6.9 3.3
v -0.6 8.5 3.3
v -0.6 8.6 3.3
v -0.5 2.8 3.3
v -0.5 3 3.3
v -0.5 3.2 3.3
v -0.5 3.3 3.3
v -0.5 4.6 3.3
v -0.5 4.8 3.3
v -0.5 4.9 3.3
v -0.5 6.4 3.3
v -0.5 6.6 3.3
v -0.5 6.7 3.3
v -0.5 6.8 3.3
v -0.5 8.2 3.3
v -0.5 8.4 3.3
v -0.4 0.8 3.3
v -0.4 1 3.3
v -0.4 3.1 3.3
v -0.4 3.2 3.3
v -0.4 8.4 3.3
v -0.4 8.5 3.3
v -0.4 8.6 3.3
v -0.3 2.8 3.3
v -0.3 3 3.3
v -0.3 4.6 3.3
v -0.3 4.8 3.3
v -0.3 6.4 3.3
v -0.3 6.6 3.3
v -0.3 6.7 3.3
v -0.3 6.8 3.3
v -0.3 6.9 3.3
v -0.3 8.2 3.3
v -0.3 8.4 3.3
v -0.2 6.6 3.3
v -0.2 6.7 3.3
v -0.2 6.8 3.3
v -0.2 6.9 3.3
v -0.2 8.4 3.3
v -0.2 8.5 3.3
v -0.2 8.6 3.3
v -0.2 8.7 3.3
v -0.0999999 2.8 3.3
v -0.0999999 3 3.3
v -0.0999999 3.1 3.3
v -0.0999999 3.2 3.3
v -0.0999999 3.3 3.3
v -0.0999999 4.6 3.3
v -0.0999999 4.8 3.3
v -0.0999999 4.9 3.3
v -0.0999999 6.4 3.3
v -0.0999999 6.6 3.3
v -0.0999999 6.7 3.3
v -0.0999999 8.2 3.3
v -0.0999999 8.4 3.3
v -0.0999999 8.5 3.3
v -0.0999999 8.6 3.3
v 0 3 3.3
v 0 3.1 3.3
v 0 3.2 3.3
v 0 3.3 3.3
v 0 5 3.3
v 0 5.1 3.3
v 0 6.7 3.3
v 0 6.8 3.3
v 0 6.9 3.3
v 0 8.4 3.3
v 0 8.5 3.3
v 0 8.6 3.3
v 0 8.7 3.3
v 0.1 3.2 3.3
v 0.1 3.3 3.3
v 0.1 5 3.3
v 0.1 5.1 3.3
v 0.1 6.6 3.3
v 0.1 6.7 3.3
v 0.1 6.8 3.3
v 0.1 6.9 3.3
v 0.1 8.4 3.3
v 0.1 8.5 3.3
v 0.1 8.6 3.3
v 0.2 2.8 3.3
v 0.2 3 3.3
v 0.2 3.1 3.3
v 0.2 3.2 3.3
v 0.2 3.3 3.3
v 0.2 4.6 3.3
v 0.2 4.8 3.3
v 0.2 6.4 3.3
v 0.2 6.6 3.3
v 0.2 6.7 3.3
v 0.2 6.8 3.3
v 0.2 8.2 3.3
v 0.2 8.4 3.3
v 0.2 8.5 3.3
v 0.2 8.6 3.3
v 0.3 4.8 3.3
v 0.3 4.9 3.3
v 0.3 6.8 3.3
v 0.3 6.9 3.3
v 0.3 8.4 3.3
v 0.3 8.5 3.3
v 0.3 8.6 3.3
v 0.4 2.8 3.3
v 0.4 3 3.3
v 0.4 3.1 3.3
v 0.4 3.2 3.3
v 0.4 4.6 3.3
v 0.4 4.8 3.3
v 0.4 6.4 3.3
v 0.4 6.6 3.3
v 0.4 6.7 3.3
v 0.4 6.8 3.3
v 0.4 6.9 3.3
v 0.4 8.2 3.3
v 0.4 8.4 3.3
v 0.4 8.5 3.3
v 0.5 0.8 3.3
v 0.5 1 3.3
v 0.5 4.9 3.3
v 0.5 5 3.3
v 0.6 2.8 3.3
v 0.6 3 3.3
v 0.6 3.1 3.3
v 0.6 3.2 3.3
v 0.6 4.6 3.3
v 0.6 4.8 3.3
v 0.6 4.9 3.3
v 0.6 5 3.3
v 0.6 6.4 3.3
v 0.6 6.6 3.3
v 0.6 6.7 3.3
v 0.6 8.2 3.3
v 0.6 8.4 3.3
v 0.7 3.2 3.3
v 0.7 3.3 3.3
v 0.7 4.9 3.3
v 0.7 5 3.3
v 0.7 5.1 3.3
v 0.7 6.6 3.3
v 0.7 6.7 3.3
v 0.7 8.5 3.3
v 0.7 8.6 3.3
v 0.7 8.7 3.3
v 0.8 2.6 3.3
v 0.8 2.8 3.3
v 0.8 3 3.3
v 0.8 3.2 3.3
v 0.8 3.3 3.3
v 0.8 4.4 3.3
v 0.8 4.6 3.3
v 0.8 4.8 3.3
v 0.8 4.9 3.3
v 0.8 5 3.3
v 0.8 5.1 3.3
v 0.8 6.2 3.3
v 0.8 6.4 3.3
v 0.8 6.6 3.3
v 0.8 6.7 3.3
v 0.8 6.8 3.3
v 0.8 8 3.3
v 0.8 8.2 3.3
v 0.8 8.5 3.3
v 0.8 8.6 3.3
v 0.8 8.7 3.3
v 0.8 9.8 3.3
v 0.8 10 3.3
v 0.9 4.8 3.3
v 0.9 4.9 3.3
v 0.9 6.7 3.3
v 0.9 6.8 3.3
v 0.9 8.5 3.3
v 0.9 8.6 3.3
v -0.8 3.1 3.2
v -0.8 3.2 3.2
v -0.8 6.6 3.2
v -0.8 6.7 3.2
v -0.8 8.4 3.2
v -0.8 8.5 3.2
v -0.7 3.1 3.2
v -0.7 3.2 3.2
v -0.7 5 3.2
v -0.7 5.1 3.2
v -0.7 6.6 3.2
v -0.7 6.7 3.2
v -0.7 8.4 3.2
v -0.7 8.5 3.2
v -0.6 2.5 3.2
v -0.6 2.6 3.2
v -0.6 4.3 3.2
v -0.6 4.4 3.2
v -0.6 5 3.2
v -0.6 5.1 3.2
v -0.6 6.1 3.2
v -0.6 6.2 3.2
v -0.6 7.9 3.2
v -0.6 8 3.2
v -0.6 8.5 3.2
v -0.6 8.6 3.2
v -0.6 8.7 3.2
v -0.6 9.7 3.2
v -0.6 9.8 3.2
v -0.5 5 3.2
v -0.5 5.1 3.2
v -0.5 8.5 3.2
v -0.5 8.6 3.2
v -0.5 8.7 3.2
v 0 3.2 3.2
v 0 3.3 3.2
v 0.1 3.2 3.2
v 0.1 3.3 3.2
v 0.2 4.9 3.2
v 0.2 5 3.2
v 0.3 4.9 3.2
v 0.3 5 3.2
v 0.3 8.6 3.2
v 0.3 8.7 3.2
v 0.4 8.5 3.2
v 0.4 8.6 3.2
v 0.4 8.7 3.2
v 0.5 8.5 3.2
v 0.5 8.6 3.2
v 0.6 3.2 3.2
v 0.6 3.3 3.2
v 0.7 2.5 3.2
v 0.7 2.6 3.2
v 0.7 3.2 3.2
v 0.7 3.3 3.2
v 0.7 4.3 3.2
v 0.7 4.4 3.2
v 0.7 6.1 3.2
v 0.7 6.2 3.2
v 0.7 6.8 3.2
v 0.7 6.9 3.2
v 0.7 7.9 3.2
v 0.7 8 3.2
v 0.7 9.7 3.2
v 0.7 9.8 3.2
v 0.8 3 3.2
v 0.8 3.1 3.2
v 0.8 6.6 3.2
v 0.8 6.7 3.2
v 0.8 6.8 3.2
v 0.8 6.9 3.2
v 0.8 8.4 3.2
v 0.8 8.5 3.2
v 0.9 3 3.2
v 0.9 3.1 3.2
v 0.9 6.6 3.2
v 0.9 6.7 3.2
v 0.9 8.4 3.2
v 0.9 8.5 3.2
v -0.8 8.5 3.1
v -0.8 8.6 3.1
v -0.7 8.5 3.1
v -0.7 8.6 3.1
v 0.6 8.5 3.1
v 0.6 8.6 3.1
v 0.7 8.5 3.1
v 0.7 8.6 3.1
v -4 0.4 3
v -4 1 3
v -4 2.6 3
v -4 2.8 3
v -4 4.4 3
v -4 4.6 3
v -4 6.2 3
v -4 6.4 3
v -4 8 3
v -4 8.2 3
v -4 9.8 3
v -4 10.2 3
v -3.3 2.9 3
v -3.3 3 3
v -3.3 4.7 3
v -3.3 4.8 3
v -3.3 6.5 3
v -3.3 6.6 3
v -3.3 8.3 3
v -3.3 8.4 3
v -3.2 1.1 3
v -3.2 1.2 3
v -1.5 1.1 3
v -1.5 1.2 3
v -1.5 2.9 3
v -1.5 3 3
v -1.5 4.7 3
v -1.5 4.8 3
v -1.5 6.5 3
v -1.5 6.6 3
v -1.5 8.3 3
v -1.5 8.4 3
v -0.7 2.6 3
v -0.7 2.8 3
v -0.7 4.4 3
v -0.7 4.6 3
v -0.7 6.2 3
v -0.7 6.4 3
v -0.7 8 3
v -0.7 8.2 3
v -0.7 9.8 3
v -0.7 10 3
v -0.6 0.4 3
v -0.6 1 3
v 0.7 0.4 3
v 0.7 1 3
v 0.7 8 3
v 0.7 8.1 3
v 0.8 0.9 3
v 0.8 1 3
v 0.8 2.6 3
v 0.8 2.8 3
v 0.8 4.4 3
v 0.8 4.6 3
v 0.8 6.2 3
v 0.8 6.4 3
v 0.8 8.1 3
v 0.8 8.2 3
v 0.8 9.8 3
v 0.8 10 3
v 0.9 0.9 3
v 0.9 1 3
v 1.6 1.1 3
v 1.6 1.2 3
v 1.6 2.9 3
v 1.6 3 3
v 1.6 4.7 3
v 1.6 4.8 3
v 1.6 6.5 3
v 1.6 6.6 3
v 1.6 8.3 3
v 1.6 8.4 3
v 3.4 1.1 3
v 3.4 1.2 3
v 3.4 2.9 3
v 3.4 3 3
v 3.4 4.7 3
v 3.4 4.8 3
v 3.4 6.5 3
v 3.4 6.6 3
v 3.4 8.3 3
v 3.4 8.4 3
v 4.1 0.4 3
v 4.1 1 3
v 4.1 2.6 3
v 4.1 2.8 3
v 4.1 4.4 3
v 4.1 4.6 3
v 4.1 6.2 3
v 4.1 6.4 3
v 4.1 8 3
v 4.1 8.2 3
v 4.1 9.8 3
v 4.1 10.2 3
v -3.9 1 2.9
v -3.9 2.6 2.9
v -3.9 2.8 2.9
v -3.9 4.4 2.9
v -3.9 4.6 2.9
v -3.9 6.2 2.9
v -3.9 6.4 2.9
v -3.9 8 2.9
v -3.9 8.2 2.9
v -3.9 9.8 2.9
v -3.3 2.9 2.9
v -3.3 3 2.9
v -3.3 4.7 2.9
v -3.3 4.8 2.9
v -3.3 6.5 2.9
v -3.3 6.6 2.9
v -3.3 8.3 2.9
v -3.3 8.4 2.9
v -3.2 1.1 2.9
v -3.2 1.2 2.9
v -3.2 2.3 2.9
v -3.2 3 2.9
v -3.2 4.1 2.9
v -3.2 4.8 2.9
v -3.2 5.9 2.9
v -3.2 6.6 2.9
v -3.2 7.7 2.9
v -3.2 8.4 2.9
v -3.2 9.5 2.9
v -1.6 1.2 2.9
v -1.6 2.3 2.9
v -1.6 3 2.9
v -1.6 4.1 2.9
v -1.6 4.8 2.9
v -1.6 5.9 2.9
v -1.6 6.6 2.9
v -1.6 7.7 2.9
v -1.6 8.4 2.9
v -1.6 9.5 2.9
v -1.5 1.1 2.9
v -1.5 1.2 2.9
v -1.5 2.9 2.9
v -1.5 3 2.9
v -1.5 4.7 2.9
v -1.5 4.8 2.9
v -1.5 6.5 2.9
v -1.5 6.6 2.9
v -1.5 8.3 2.9
v -1.5 8.4 2.9
v -0.7 3 2.9
v -0.7 3.1 2.9
v -0.7 4.8 2.9
v -0.7 4.9 2.9
v -0.7 6.6 2.9
v -0.7 6.7 2.9
v -0.7 8.4 2.9
v -0.7 8.5 2.9
v -0.6 1 2.9
v -0.6 1.2 2.9
v -0.6 2.5 2.9
v -0.6 2.6 2.9
v -0.6 2.8 2.9
v -0.6 3 2.9
v -0.6 3.1 2.9
v -0.6 4.3 2.9
v -0.6 4.4 2.9
v -0.6 4.6 2.9
v -0.6 4.8 2.9
v -0.6 4.9 2.9
v -0.6 6.1 2.9
v -0.6 6.2 2.9
v -0.6 6.4 2.9
v -0.6 6.6 2.9
v -0.6 6.7 2.9
v -0.6 7.9 2.9
v -0.6 8 2.9
v -0.6 8.2 2.9
v -0.6 8.4 2.9
v -0.6 8.5 2.9
v -0.6 9.7 2.9
v -0.6 9.8 2.9
v -0.5 3 2.9
v -0.5 3.1 2.9
v -0.5 4.8 2.9
v -0.5 4.9 2.9
v -0.5 6.6 2.9
v -0.5 6.7 2.9
v -0.5 8.4 2.9
v -0.5 8.5 2.9
v -0.4 1.2 2.9
v -0.4 2.4 2.9
v -0.4 2.8 2.9
v -0.4 4.2 2.9
v -0.4 4.6 2.9
v -0.4 6 2.9
v -0.4 6.4 2.9
v -0.4 7.8 2.9
v -0.4 8.2 2.9
v -0.4 9.6 2.9
v -0.3 0.4 2.9
v -0.3 0.5 2.9
v 0.2 0.4 2.9
v 0.2 0.5 2.9
v 0.5 1.2 2.9
v 0.5 1.7 2.9
v 0.5 1.8 2.9
v 0.5 2 2.9
v 0.5 2.4 2.9
v 0.5 2.8 2.9
v 0.5 4.2 2.9
v 0.5 4.6 2.9
v 0.5 6 2.9
v 0.5 6.4 2.9
v 0.5 7.8 2.9
v 0.5 8.2 2.9
v 0.5 9.6 2.9
v 0.6 1.7 2.9
v 0.6 1.8 2.9
v 0.6 3 2.9
v 0.6 3.1 2.9
v 0.6 4.8 2.9
v 0.6 4.9 2.9
v 0.6 6.6 2.9
v 0.6 6.7 2.9
v 0.6 7.9 2.9
v 0.6 8 2.9
v 0.6 8.4 2.9
v 0.6 8.5 2.9
v 0.7 1 2.9
v 0.7 1.2 2.9
v 0.7 1.7 2.9
v 0.7 1.8 2.9
v 0.7 2 2.9
v 0.7 2.5 2.9
v 0.7 2.6 2.9
v 0.7 2.8 2.9
v 0.7 3 2.9
v 0.7 3.1 2.9
v 0.7 4.3 2.9
v 0.7 4.4 2.9
v 0.7 4.6 2.9
v 0.7 4.8 2.9
v 0.7 4.9 2.9
v 0.7 6.1 2.9
v 0.7 6.2 2.9
v 0.7 6.4 2.9
v 0.7 6.6 2.9
v 0.7 6.7 2.9
v 0.7 8 2.9
v 0.7 8.2 2.9
v 0.7 8.4 2.9
v 0.7 8.5 2.9
v 0.7 8.6 2.9
v 0.7 9.7 2.9
v 0.7 9.8 2.9
v 0.8 0.9 2.9
v 0.8 1 2.9
v 0.8 3 2.9
v 0.8 3.1 2.9
v 0.8 4.8 2.9
v 0.8 4.9 2.9
v 0.8 6.6 2.9
v 0.8 6.7 2.9
v 0.8 8.4 2.9
v 0.8 8.5 2.9
v 0.8 8.6 2.9
v 0.9 0.9 2.9
v 0.9 1 2.9
v 1.6 1.1 2.9
v 1.6 1.2 2.9
v 1.6 2.9 2.9
v 1.6 3 2.9
v 1.6 4.7 2.9
v 1.6 4.8 2.9
v 1.6 6.5 2.9
v 1.6 6.6 2.9
v 1.6 8.3 2.9
v 1.6 8.4 2.9
v 1.7 1.2 2.9
v 1.7 2.3 2.9
v 1.7 3 2.9
v 1.7 4.1 2.9
v 1.7 4.8 2.9
v 1.7 5.9 2.9
v 1.7 6.6 2.9
v 1.7 7.6 2.9
v 1.7 7.7 2.9
v 1.7 8.4 2.9
v 1.7 9.5 2.9
v 1.8 7.6 2.9
v 1.8 7.7 2.9
v 3.3 1.2 2.9
v 3.3 2.3 2.9
v 3.3 3 2.9
v 3.3 4.1 2.9
v 3.3 4.8 2.9
v 3.3 5.9 2.9
v 3.3 6.6 2.9
v 3.3 7.7 2.9
v 3.3 8.4 2.9
v 3.3 9.5 2.9
v 3.4 1.1 2.9
v 3.4 1.2 2.9
v 3.4 2.9 2.9
v 3.4 3 2.9
v 3.4 4.7 2.9
v 3.4 4.8 2.9
v 3.4 6.5 2.9
v 3.4 6.6 2.9
v 3.4 8.3 2.9
v 3.4 8.4 2.9
v 4 1 2.9
v 4 2.6 2.9
v 4 2.8 2.9
v 4 4.4 2.9
v 4 4.6 2.9
v 4 6.2 2.9
v 4 6.4 2.9
v 4 8 2.9
v 4 8.2 2.9
v 4 9.8 2.9
v -3.2 1.2 2.8
v -3.2 2.3 2.8
v -3.2 3 2.8
v -3.2 4.1 2.8
v -3.2 4.8 2.8
v -3.2 5.9 2.8
v -3.2 6.6 2.8
v -3.2 7.7 2.8
v -3.2 8.4 2.8
v -3.2 9.5 2.8
v -3.1 1.3 2.8
v -3.1 2.2 2.8
v -3.1 3.1 2.8
v -3.1 4 2.8
v -3.1 4.9 2.8
v -3.1 5.8 2.8
v -3.1 6.7 2.8
v -3.1 7.6 2.8
v -3.1 8.5 2.8
v -3.1 9.4 2.8
v -2.7 1.3 2.8
v -2.7 2.2 2.8
v -2.7 3.1 2.8
v -2.7 4 2.8
v -2.7 4.9 2.8
v -2.7 5.8 2.8
v -2.7 6.7 2.8
v -2.7 7.6 2.8
v -2.7 8.5 2.8
v -2.7 9.4 2.8
v -2.6 1.3 2.8
v -2.6 2.2 2.8
v -2.6 3.1 2.8
v -2.6 4 2.8
v -2.6 4.9 2.8
v -2.6 5.8 2.8
v -2.6 6.7 2.8
v -2.6 7.6 2.8
v -2.6 8.5 2.8
v -2.6 9.4 2.8
v -2.2 1.3 2.8
v -2.2 2.2 2.8
v -2.2 3.1 2.8
v -2.2 4 2.8
v -2.2 4.9 2.8
v -2.2 5.8 2.8
v -2.2 6.7 2.8
v -2.2 7.6 2.8
v -2.2 8.5 2.8
v -2.2 9.4 2.8
v -2.1 1.3 2.8
v -2.1 2.2 2.8
v -2.1 3.1 2.8
v -2.1 4 2.8
v -2.1 4.9 2.8
v -2.1 5.8 2.8
v -2.1 6.7 2.8
v -2.1 7.6 2.8
v -2.1 8.5 2.8
v -2.1 9.4 2.8
v -1.7 1.3 2.8
v -1.7 2.2 2.8
v -1.7 3.1 2.8
v -1.7 4 2.8
v -1.7 4.9 2.8
v -1.7 5.8 2.8
v -1.7 6.7 2.8
v -1.7 7.6 2.8
v -1.7 8.5 2.8
v -1.7 9.4 2.8
v -1.6 1.2 2.8
v -1.6 2.3 2.8
v -1.6 3 2.8
v -1.6 4.1 2.8
v -1.6 4.8 2.8
v -1.6 5.9 2.8
v -1.6 6.6 2.8
v -1.6 7.7 2.8
v -1.6 8.4 2.8
v -1.6 9.5 2.8
v 1.7 1.2 2.8
v 1.7 2.3 2.8
v 1.7 3 2.8
v 1.7 4.1 2.8
v 1.7 4.8 2.8
v 1.7 5.9 2.8
v 1.7 6.6 2.8
v 1.7 7.6 2.8
v 1.7 8.4 2.8
v 1.7 9.5 2.8
v 1.8 1.3 2.8
v 1.8 2.2 2.8
v 1.8 3.1 2.8
v 1.8 4 2.8
v 1.8 4.9 2.8
v 1.8 5.8 2.8
v 1.8 6.7 2.8
v 1.8 7.6 2.8
v 1.8 7.7 2.8
v 1.8 8.5 2.8
v 1.8 9.4 2.8
v 2.2 1.3 2.8
v 2.2 2.2 2.8
v 2.2 3.1 2.8
v 2.2 4 2.8
v 2.2 4.9 2.8
v 2.2 5.8 2.8
v 2.2 6.7 2.8
v 2.2 7.6 2.8
v 2.2 8.5 2.8
v 2.2 9.4 2.8
v 2.3 1.3 2.8
v 2.3 2.2 2.8
v 2.3 3.1 2.8
v 2.3 4 2.8
v 2.3 4.9 2.8
v 2.3 5.8 2.8
v 2.3 6.7 2.8
v 2.3 7.6 2.8
v 2.3 8.5 2.8
v 2.3 9.4 2.8
v 2.7 1.3 2.8
v 2.7 2.2 2.8
v 2.7 3.1 2.8
v 2.7 4 2.8
v 2.7 4.9 2.8
v 2.7 5.8 2.8
v 2.7 6.7 2.8
v 2.7 7.6 2.8
v 2.7 8.5 2.8
v 2.7 9.4 2.8
v 2.8 1.3 2.8
v 2.8 2.2 2.8
v 2.8 3.1 2.8
v 2.8 4 2.8
v 2.8 4.9 2.8
v 2.8 5.8 2.8
v 2.8 6.7 2.8
v 2.8 7.6 2.8
v 2.8 8.5 2.8
v 2.8 9.4 2.8
v 3.2 1.3 2.8
v 3.2 2.2 2.8
v 3.2 3.1 2.8
v 3.2 4 2.8
v 3.2 4.9 2.8
v 3.2 5.8 2.8
v 3.2 6.7 2.8
v 3.2 7.6 2.8
v 3.2 8.5 2.8
v 3.2 9.4 2.8
v 3.3 1.2 2.8
v 3.3 2.3 2.8
v 3.3 3 2.8
v 3.3 4.1 2.8
v 3.3 4.8 2.8
v 3.3 5.9 2.8
v 3.3 6.6 2.8
v 3.3 7.7 2.8
v 3.3 8.4 2.8
v 3.3 9.5 2.8
v -1.3 3.3 2.7
v -1.3 3.4 2.7
v -1.2 3.3 2.7
v -1.2 3.4 2.7
v -0.4 1 2.7
v -0.4 2.4 2.7
v -0.4 2.8 2.7
v -0.4 4.2 2.7
v -0.4 4.6 2.7
v -0.4 6 2.7
v -0.4 6.4 2.7
v -0.4 7.8 2.7
v -0.4 8.2 2.7
v -0.4 9.6 2.7
v -0.3 1.6 2.7
v -0.3 2.2 2.7
v -0.2 1.4 2.7
v -0.2 1.5 2.7
v -0.2 2.8 2.7
v -0.2 4 2.7
v -0.2 4.6 2.7
v -0.2 5.8 2.7
v -0.2 6.4 2.7
v -0.2 7.6 2.7
v -0.2 8.2 2.7
v -0.2 9.4 2.7
v -0.0999999 1.4 2.7
v -0.0999999 1.5 2.7
v -0.0999999 1.6 2.7
v -0.0999999 2.2 2.7
v -0.0999999 3.4 2.7
v -0.0999999 3.9 2.7
v -0.0999999 5.2 2.7
v -0.0999999 5.7 2.7
v -0.0999999 7 2.7
v -0.0999999 7.5 2.7
v -0.0999999 8.8 2.7
v -0.0999999 9.3 2.7
v 0.1 1.4 2.7
v 0.1 1.5 2.7
v 0.1 1.6 2.7
v 0.1 2.2 2.7
v 0.1 3.2 2.7
v 0.1 3.3 2.7
v 0.1 5 2.7
v 0.1 5.1 2.7
v 0.1 6.8 2.7
v 0.1 6.9 2.7
v 0.1 8.6 2.7
v 0.1 8.7 2.7
v 0.2 3.2 2.7
v 0.2 3.3 2.7
v 0.2 3.4 2.7
v 0.2 3.9 2.7
v 0.2 5 2.7
v 0.2 5.1 2.7
v 0.2 5.2 2.7
v 0.2 5.7 2.7
v 0.2 6.8 2.7
v 0.2 6.9 2.7
v 0.2 7 2.7
v 0.2 7.5 2.7
v 0.2 8.6 2.7
v 0.2 8.7 2.7
v 0.2 8.8 2.7
v 0.2 9.3 2.7
v 0.3 1.4 2.7
v 0.3 1.5 2.7
v 0.3 2.8 2.7
v 0.3 4 2.7
v 0.3 4.6 2.7
v 0.3 5.8 2.7
v 0.3 6.4 2.7
v 0.3 7.6 2.7
v 0.3 8.2 2.7
v 0.3 9.4 2.7
v 0.4 1.6 2.7
v 0.4 2.2 2.7
v 0.5 1 2.7
v 0.5 2.4 2.7
v 0.5 2.8 2.7
v 0.5 4.2 2.7
v 0.5 4.6 2.7
v 0.5 6 2.7
v 0.5 6.4 2.7
v 0.5 7.8 2.7
v 0.5 8.2 2.7
v 0.5 9.6 2.7
v 3.6 9.2 2.7
v 3.6 9.3 2.7
v 3.6 9.4 2.7
v 3.6 9.5 2.7
v 3.7 9.2 2.7
v 3.7 9.3 2.7
v 3.7 9.4 2.7
v 3.7 9.5 2.7
v 3.7 9.6 1.9
v 3.7 9.7 1.9
v 3.8 9.6 1.9
v 3.8 9.7 1.9
v 3.7 9.5 1.7
v 3.7 9.6 1.7
v 3.8 9.5 1.7
v 3.8 9.6 1.7
v 3.9 9.5 1.7
v 3.9 9.6 1.7
v -1 11.6 -0.9
v -1 11.7 -0.9
v 1.1 11.6 -0.9
v 1.1 11.7 -0.9
v -0.9 11.7 -1.9
v -0.9 11.8 -1.9
v -0.5 10 -1.9
v -0.5 11.3 -1.9
v -0.4 10 -1.9
v -0.4 11.2 -1.9
v -0.2 10.5 -1.9
v -0.2 10.6 -1.9
v 0 10.5 -1.9
v 0 10.6 -1.9
v 0.2 10.5 -1.9
v 0.2 10.6 -1.9
v 0.4 10.5 -1.9
v 0.4 10.6 -1.9
v 0.6 10 -1.9
v 0.6 11.2 -1.9
v 0.7 10 -1.9
v 0.7 11.3 -1.9
v 1 11.7 -1.9
v 1 11.8 -1.9
v -0.8 10 -2
v -0.8 11.6 -2
v -0.5 10 -2
v -0.5 11.3 -2
v -0.4 10 -2
v -0.4 11.2 -2
v -0.3 10.7 -2
v -0.3 11.1 -2
v -0.2 10.5 -2
v -0.2 10.6 -2
v 0 10.5 -2
v 0 10.6 -2
v 0 10.7 -2
v 0 11.1 -2
v 0.2 10.5 -2
v 0.2 10.6 -2
v 0.2 10.7 -2
v 0.2 11.1 -2
v 0.4 10.5 -2
v 0.4 10.6 -2
v 0.5 10.7 -2
v 0.5 11.1 -2
v 0.6 10 -2
v 0.6 11.2 -2
v 0.7 10 -2
v 0.7 11.3 -2
v 0.9 10 -2
v 0.9 11.6 -2
v -3.9 0.5 -2.4
v -3.9 0.6 -2.4
v -3.8 0.5 -2.4
v -3.8 0.6 -2.4
v -3.8 5.3 -2.9
v -3.8 5.4 -2.9
v -3.7 5.3 -2.9
v -3.7 5.4 -2.9
v -3.8 10 -3.8
v -3.8 10.2 -3.8
v -2.8 6.1 -3.8
v -2.8 6.2 -3.8
v -2.7 6.1 -3.8
v -2.7 6.2 -3.8
v -2 5 -3.8
v -2 5.1 -3.8
v -1.9 5 -3.8
v -1.9 5.1 -3.8
v -1 3.7 -3.8
v -1 3.8 -3.8
v -1 6.9 -3.8
v -1 7 -3.8
v -0.9 3.7 -3.8
v -0.9 3.8 -3.8
v -0.9 6.9 -3.8
v -0.9 7 -3.8
v 2.6 2.1 -3.8
v 2.6 2.2 -3.8
v 2.7 2.1 -3.8
v 2.7 2.2 -3.8
v 2.9 6.5 -3.8
v 2.9 6.6 -3.8
v 3 6.5 -3.8
v 3 6.6 -3.8
v 3.3 8.4 -3.8
v 3.3 8.5 -3.8
v 3.4 8.4 -3.8
v 3.4 8.5 -3.8
v 3.9 10 -3.8
v 3.9 10.2 -3.8
v -3.2 0.9 -3.9
v -3.2 1 -3.9
v -3.1 0.9 -3.9
v -3.1 1 -3.9
v -3.8 0.7 3.8
v -3.8 1.1 3.8
v -3.8 1.5 3.8
v -3.8 1.6 3.8
v -3.6 0.7 3.8
v -3.6 1.1 3.8
v -3.6 1.5 3.8
v -3.6 1.6 3.8
v -1.4 0.7 3.8
v -1.4 1.1 3.8
v -1.4 1.5 3.8
v -1.4 1.6 3.8
v -1.2 0.7 3.8
v -1.2 1.1 3.8
v -1.2 1.5 3.8
v -1.2 1.6 3.8
v 1.3 0.7 3.8
v 1.3 1.1 3.8
v 1.3 1.5 3.8
v 1.3 1.6 3.8
v 1.5 0.7 3.8
v 1.5 1.1 3.8
v 1.5 1.5 3.8
v 1.5 1.6 3.8
v 3.7 0.7 3.8
v 3.7 1.1 3.8
v 3.7 1.5 3.8
v 3.7 1.6 3.8
v 3.9 0.7 3.8
v 3.9 1.1 3.8
v 3.9 1.5 3.8
v 3.9 1.6 3.8
v -3.9 1.2 3.7
v -3.9 1.5 3.7
v -3.5 1.2 3.7
v -3.5 1.5 3.7
v -1.5 1.2 3.7
v -1.5 1.5 3.7
v -1.1 1.2 3.7
v -1.1 1.5 3.7
v 1.2 1.2 3.7
v 1.2 1.5 3.7
v 1.6 1.2 3.7
v 1.6 1.5 3.7
v 3.6 1.2 3.7
v 3.6 1.5 3.7
v 4 1.2 3.7
v 4 1.5 3.7
v -4 0.4 3.6
v -4 0.7 3.6
v -4 1.1 3.6
v -4 1.2 3.6
v -3.4 0.4 3.6
v -3.4 0.7 3.6
v -3.4 1.1 3.6
v -3.4 1.2 3.6
v -1.6 0.4 3.6
v -1.6 0.7 3.6
v -1.6 1.1 3.6
v -1.6 1.2 3.6
v -1 0.4 3.6
v -1 0.7 3.6
v -1 1.1 3.6
v -1 1.2 3.6
v 1.1 0.4 3.6
v 1.1 0.7 3.6
v 1.1 1.1 3.6
v 1.1 1.2 3.6
v 1.7 0.4 3.6
v 1.7 0.7 3.6
v 1.7 1.1 3.6
v 1.7 1.2 3.6
v 3.5 0.4 3.6
v 3.5 0.7 3.6
v 3.5 1.1 3.6
v 3.5 1.2 3.6
v 4.1 0.4 3.6
v 4.1 0.7 3.6
v 4.1 1.1 3.6
v 4.1 1.2 3.6
v -0.2 6.8 3.3
v -0.2 6.9 3.3
v -0.0999999 6.8 3.3
v -0.0999999 6.9 3.3
v 0.3 8.6 3.3
v 0.3 8.7 3.3
v 0.4 8.6 3.3
v 0.4 8.7 3.3
v 0.6 3.2 3.3
v 0.6 3.3 3.3
v 0.6 6.8 3.3
v 0.6 6.9 3.3
v 0.7 3.2 3.3
v 0.7 3.3 3.3
v 0.7 6.8 3.3
v 0.7 6.9 3.3
v -0.8 3 3.2
v -0.8 3.1 3.2
v -0.8 4.7 3.2
v -0.8 4.8 3.2
v -0.7 3 3.2
v -0.7 3.1 3.2
v -0.7 4.7 3.2
v -0.7 4.8 3.2
v -0.7 6.8 3.2
v -0.7 6.9 3.2
v -0.6 3.2 3.2
v -0.6 3.3 3.2
v -0.6 6.8 3.2
v -0.6 6.9 3.2
v -0.5 3.1 3.2
v -0.5 3.2 3.2
v -0.5 3.3 3.2
v -0.4 3.1 3.2
v -0.4 3.2 3.2
v -0.4 8.5 3.2
v -0.4 8.6 3.2
v -0.3 6.8 3.2
v -0.3 6.9 3.2
v -0.3 8.5 3.2
v -0.3 8.6 3.2
v -0.2 6.7 3.2
v -0.2 6.8 3.2
v -0.2 6.9 3.2
v -0.2 8.5 3.2
v -0.2 8.6 3.2
v -0.2 8.7 3.2
v -0.0999999 3.2 3.2
v -0.0999999 3.3 3.2
v -0.0999999 4.9 3.2
v -0.0999999 5 3.2
v -0.0999999 8.5 3.2
v -0.0999999 8.6 3.2
v 0 3.2 3.2
v 0 3.3 3.2
v 0 4.9 3.2
v 0 5 3.2
v 0 6.8 3.2
v 0 6.9 3.2
v 0 8.5 3.2
v 0 8.6 3.2
v 0 8.7 3.2
v 0.1 3.2 3.2
v 0.1 3.3 3.2
v 0.1 6.7 3.2
v 0.1 6.8 3.2
v 0.1 6.9 3.2
v 0.1 8.5 3.2
v 0.1 8.6 3.2
v 0.2 3.2 3.2
v 0.2 3.3 3.2
v 0.2 6.7 3.2
v 0.2 6.8 3.2
v 0.2 8.5 3.2
v 0.2 8.6 3.2
v 0.3 6.7 3.2
v 0.3 6.8 3.2
v 0.3 6.9 3.2
v 0.3 8.5 3.2
v 0.3 8.6 3.2
v 0.4 3.1 3.2
v 0.4 3.2 3.2
v 0.4 6.8 3.2
v 0.4 6.9 3.2
v 0.5 4.9 3.2
v 0.5 5 3.2
v 0.6 3.1 3.2
v 0.6 3.2 3.2
v 0.6 4.9 3.2
v 0.6 5 3.2
v 0.7 8.6 3.2
v 0.7 8.7 3.2
v 0.8 6.7 3.2
v 0.8 6.8 3.2
v 0.8 8.6 3.2
v 0.8 8.7 3.2
v 0.9 6.7 3.2
v 0.9 6.8 3.2
v -0.8 4.8 3.1
v -0.8 4.9 3.1
v -0.8 5 3.1
v -0.7 2.8 3.1
v -0.7 3 3.1
v -0.7 3.2 3.1
v -0.7 3.3 3.1
v -0.7 4.6 3.1
v -0.7 4.8 3.1
v -0.7 4.9 3.1
v -0.7 5 3.1
v -0.7 5.1 3.1
v -0.7 6.4 3.1
v -0.7 6.6 3.1
v -0.7 8.2 3.1
v -0.7 8.4 3.1
v -0.7 8.6 3.1
v -0.7 8.7 3.1
v -0.6 3.1 3.1
v -0.6 3.2 3.1
v -0.6 3.3 3.1
v -0.6 5 3.1
v -0.6 5.1 3.1
v -0.6 6.7 3.1
v -0.6 6.8 3.1
v -0.6 8.5 3.1
v -0.6 8.6 3.1
v -0.6 8.7 3.1
v -0.5 2.8 3.1
v -0.5 3 3.1
v -0.5 3.1 3.1
v -0.5 3.2 3.1
v -0.5 4.6 3.1
v -0.5 4.8 3.1
v -0.5 4.9 3.1
v -0.5 5.1 3.1
v -0.5 6.4 3.1
v -0.5 6.6 3.1
v -0.5 6.7 3.1
v -0.5 6.8 3.1
v -0.5 8.2 3.1
v -0.5 8.4 3.1
v -0.5 8.5 3.1
v -0.5 8.6 3.1
v -0.5 8.7 3.1
v -0.3 2.8 3.1
v -0.3 3 3.1
v -0.3 4.6 3.1
v -0.3 4.8 3.1
v -0.3 6.4 3.1
v -0.3 6.6 3.1
v -0.3 6.7 3.1
v -0.3 6.8 3.1
v -0.3 8.2 3.1
v -0.3 8.4 3.1
v -0.3 8.5 3.1
v -0.3 8.6 3.1
v -0.2 6.7 3.1
v -0.2 6.8 3.1
v -0.2 8.5 3.1
v -0.2 8.6 3.1
v -0.0999999 2.8 3.1
v -0.0999999 3 3.1
v -0.0999999 3.1 3.1
v -0.0999999 3.2 3.1
v -0.0999999 4.6 3.1
v -0.0999999 4.8 3.1
v -0.0999999 6.4 3.1
v -0.0999999 6.6 3.1
v -0.0999999 8.2 3.1
v -0.0999999 8.4 3.1
v 0 3.2 3.1
v 0 3.3 3.1
v 0 4.9 3.1
v 0 5 3.1
v 0 5.1 3.1
v 0.1 3.2 3.1
v 0.1 3.3 3.1
v 0.1 5 3.1
v 0.1 5.1 3.1
v 0.2 2.8 3.1
v 0.2 3 3.1
v 0.2 3.1 3.1
v 0.2 3.2 3.1
v 0.2 4.6 3.1
v 0.2 4.8 3.1
v 0.2 6.4 3.1
v 0.2 6.6 3.1
v 0.2 8.2 3.1
v 0.2 8.4 3.1
v 0.3 4.9 3.1
v 0.3 5 3.1
v 0.3 6.7 3.1
v 0.3 6.8 3.1
v 0.3 8.5 3.1
v 0.3 8.6 3.1
v 0.3 8.7 3.1
v 0.4 2.8 3.1
v 0.4 3 3.1
v 0.4 4.6 3.1
v 0.4 4.8 3.1
v 0.4 6.4 3.1
v 0.4 6.6 3.1
v 0.4 6.7 3.1
v 0.4 6.8 3.1
v 0.4 8.2 3.1
v 0.4 8.4 3.1
v 0.4 8.6 3.1
v 0.4 8.7 3.1
v 0.5 8.5 3.1
v 0.5 8.6 3.1
v 0.6 2.8 3.1
v 0.6 3 3.1
v 0.6 3.1 3.1
v 0.6 3.2 3.1
v 0.6 3.3 3.1
v 0.6 4.6 3.1
v 0.6 4.8 3.1
v 0.6 4.9 3.1
v 0.6 6.4 3.1
v 0.6 6.6 3.1
v 0.6 6.7 3.1
v 0.6 7.9 3.1
v 0.6 8 3.1
v 0.6 8.2 3.1
v 0.6 8.4 3.1
v 0.6 8.5 3.1
v 0.7 3.1 3.1
v 0.7 3.2 3.1
v 0.7 5 3.1
v 0.7 5.1 3.1
v 0.7 6.7 3.1
v 0.7 6.8 3.1
v 0.7 6.9 3.1
v 0.7 7.9 3.1
v 0.7 8 3.1
v 0.7 8.1 3.1
v 0.8 2.8 3.1
v 0.8 3 3.1
v 0.8 3.1 3.1
v 0.8 3.2 3.1
v 0.8 3.3 3.1
v 0.8 4.6 3.1
v 0.8 4.8 3.1
v 0.8 4.9 3.1
v 0.8 5 3.1
v 0.8 5.1 3.1
v 0.8 6.4 3.1
v 0.8 6.6 3.1
v 0.8 6.7 3.1
v 0.8 6.8 3.1
v 0.8 6.9 3.1
v 0.8 8 3.1
v 0.8 8.1 3.1
v 0.8 8.2 3.1
v 0.8 8.4 3.1
v 0.8 8.5 3.1
v 0.8 8.6 3.1
v 0.9 3 3.1
v 0.9 3.1 3.1
v 0.9 4.8 3.1
v 0.9 4.9 3.1
v 0.9 6.6 3.1
v 0.9 6.7 3.1
v 0.9 8.4 3.1
v 0.9 8.6 3.1
v -0.8 3.1 3
v -0.8 3.2 3
v -0.8 6.6 3
v -0.8 6.7 3
v -0.8 8.4 3
v -0.8 8.6 3
v -0.7 3.1 3
v -0.7 6.6 3
v -0.7 6.7 3
v -0.7 6.8 3
v -0.7 8.4 3
v -0.7 8.5 3
v -0.6 3.1 3
v -0.6 3.2 3
v -0.6 6.7 3
v -0.6 6.8 3
v -0.6 8.5 3
v -0.6 8.6 3
v -0.3 0.4 3
v -0.3 0.5 3
v 0.2 0.4 3
v 0.2 0.5 3
v 0.6 4.9 3
v 0.6 5 3
v 0.6 6.7 3
v 0.6 6.8 3
v 0.6 8.5 3
v 0.6 8.6 3
v 0.7 3.1 3
v 0.7 3.2 3
v 0.7 6.7 3
v 0.7 6.8 3
v 0.7 8.5 3
v 0.7 8.6 3
v 0.8 3.1 3
v 0.8 3.2 3
v 0.8 4.9 3
v 0.8 5 3
v -3.8 10 2.8
v -3.8 10.2 2.8
v -1.3 3.3 2.8
v -1.3 3.4 2.8
v -1.2 3.3 2.8
v -1.2 3.4 2.8
v 3.6 9.2 2.8
v 3.6 9.3 2.8
v 3.6 9.4 2.8
v 3.6 9.5 2.8
v 3.7 9.2 2.8
v 3.7 9.3 2.8
v 3.7 9.4 2.8
v 3.7 9.5 2.8
v 3.9 10 2.8
v 3.9 10.2 2.8
v 3.7 9.6 2
v 3.7 9.7 2
v 3.8 9.6 2
v 3.8 9.7 2
v 3.7 9.5 1.8
v 3.7 9.6 1.8
v 3.8 9.5 1.8
v 3.8 9.6 1.8
v 3.9 9.5 1.8
v 3.9 9.6 1.8
v -3.9 0.5 -2.3
v -3.9 0.6 -2.3
v -3.8 0.5 -2.3
v -3.8 0.6 -2.3
v -3.8 5.3 -2.8
v -3.8 5.4 -2.8
v -3.7 5.3 -2.8
v -3.7 5.4 -2.8
v -0.8 10 -3.6
v -0.8 11.6 -3.6
v 0.9 10 -3.6
v 0.9 11.6 -3.6
v -2.8 6.1 -3.7
v -2.8 6.2 -3.7
v -2.7 6.1 -3.7
v -2.7 6.2 -3.7
v -2 5 -3.7
v -2 5.1 -3.7
v -1.9 5 -3.7
v -1.9 5.1 -3.7
v -1 3.7 -3.7
v -1 3.8 -3.7
v -1 6.9 -3.7
v -1 7 -3.7
v -0.9 3.7 -3.7
v -0.9 3.8 -3.7
v -0.9 6.9 -3.7
v -0.9 7 -3.7
v -0.9 11.7 -3.7
v -0.9 11.8 -3.7
v 1 11.7 -3.7
v 1 11.8 -3.7
v 2.6 2.1 -3.7
v 2.6 2.2 -3.7
v 2.7 2.1 -3.7
v 2.7 2.2 -3.7
v 2.9 6.5 -3.7
v 2.9 6.6 -3.7
v 3 6.5 -3.7
v 3 6.6 -3.7
v 3.3 8.4 -3.7
v 3.3 8.5 -3.7
v 3.4 8.4 -3.7
v 3.4 8.5 -3.7
v -3.2 0.9 -3.8
v -3.2 1 -3.8
v -3.1 0.9 -3.8
v -3.1 1 -3.8
v -1 11.6 -3.8
v -1 11.7 -3.8
v 1.1 11.6 -3.8
v 1.1 11.7 -3.8
v -3.9 1 -3.9
v -3.9 2.6 -3.9
v -3.9 2.8 -3.9
v -3.9 4.4 -3.9
v -3.9 4.6 -3.9
v -3.9 6.2 -3.9
v -3.9 6.4 -3.9
v -3.9 8 -3.9
v -3.9 8.2 -3.9
v -3.9 9.8 -3.9
v 1.8 0.9 -3.9
v 1.8 1 -3.9
v 2.1 0.9 -3.9
v 2.1 1 -3.9
v 4 1 -3.9
v 4 2.6 -3.9
v 4 2.8 -3.9
v 4 4.4 -3.9
v 4 4.6 -3.9
v 4 6.2 -3.9
v 4 6.4 -3.9
v 4 8 -3.9
v 4 8.2 -3.9
v 4 9.8 -3.9
v -4 0.4 -4
v -4 1 -4
v -4 2.6 -4
v -4 2.8 -4
v -4 4.4 -4
v -4 4.6 -4
v -4 6.2 -4
v -4 6.4 -4
v -4 8 -4
v -4 8.2 -4
v -4 9.8 -4
v -4 10.2 -4
v 1.8 0.9 -4
v 1.8 1 -4
v 2.1 0.9 -4
v 2.1 1 -4
v 4.1 0.4 -4
v 4.1 1 -4
v 4.1 2.6 -4
v 4.1 2.8 -4
v 4.1 4.4 -4
v 4.1 4.6 -4
v 4.1 6.2 -4
v 4.1 6.4 -4
v 4.1 8 -4
v 4.1 8.2 -4
v 4.1 9.8 -4
v 4.1 10.2 -4
v -5 0 -5
v -5 0.4 -5
v 5.1 0 -5
v 5.1 0.4 -5
v -5 0 5
v 5.1 0 5
v -4.9 0 4.9
v 4.9 0 4.9
v -4.9 0 -4.6
v 4.6 0 -4.6
v 4.6 0 -4.9
v 4.9 0 -4.9
v -5 0 -5
v 5.1 0 -5
v -0.3 0.5 3
v 0.2 0.5 3
v -0.3 0.5 2.9
v 0.2 0.5 2.9
v -3.9 0.6 -2.3
v -3.8 0.6 -2.3
v -3.9 0.6 -2.4
v -3.8 0.6 -2.4
v -3.2 1 -3.8
v -3.1 1 -3.8
v -3.2 1 -3.9
v -3.1 1 -3.9
v -4 1.1 4.2
v -3.4 1.1 4.2
v -1.6 1.1 4.2
v -1 1.1 4.2
v 1.1 1.1 4.2
v 1.7 1.1 4.2
v 3.5 1.1 4.2
v 4.1 1.1 4.2
v -3.8 1.1 4
v -3.6 1.1 4
v -1.4 1.1 4
v -1.2 1.1 4
v 1.3 1.1 4
v 1.5 1.1 4
v 3.7 1.1 4
v 3.9 1.1 4
v -3.8 1.1 3.8
v -3.6 1.1 3.8
v -1.4 1.1 3.8
v -1.2 1.1 3.8
v 1.3 1.1 3.8
v 1.5 1.1 3.8
v 3.7 1.1 3.8
v 3.9 1.1 3.8
v -4 1.1 3.6
v -3.4 1.1 3.6
v -1.6 1.1 3.6
v -1 1.1 3.6
v 1.1 1.1 3.6
v 1.7 1.1 3.6
v 3.5 1.1 3.6
v 4.1 1.1 3.6
v -3.2 1.1 3
v -1.5 1.1 3
v 1.6 1.1 3
v 3.4 1.1 3
v -3.2 1.1 2.9
v -1.5 1.1 2.9
v 1.6 1.1 2.9
v 3.4 1.1 2.9
v 2.6 2.2 -3.7
v 2.7 2.2 -3.7
v 2.6 2.2 -3.8
v 2.7 2.2 -3.8
v -3.2 2.3 2.9
v -1.6 2.3 2.9
v 1.7 2.3 2.9
v 3.3 2.3 2.9
v -3.2 2.3 2.8
v -1.6 2.3 2.8
v 1.7 2.3 2.8
v 3.3 2.3 2.8
v -0.4 2.4 2.9
v 0.5 2.4 2.9
v -0.4 2.4 2.7
v 0.5 2.4 2.7
v -0.6 2.5 3.2
v 0.7 2.5 3.2
v -0.6 2.5 2.9
v 0.7 2.5 2.9
v -0.7 2.6 3.3
v 0.8 2.6 3.3
v -0.6 2.6 3.2
v 0.7 2.6 3.2
v -4 2.6 3
v -0.7 2.6 3
v 0.8 2.6 3
v 4.1 2.6 3
v -3.9 2.6 2.9
v -0.6 2.6 2.9
v 0.7 2.6 2.9
v 4 2.6 2.9
v -3.9 2.6 -3.9
v 4 2.6 -3.9
v -4 2.6 -4
v 4.1 2.6 -4
v -3.3 2.9 3
v -1.5 2.9 3
v 1.6 2.9 3
v 3.4 2.9 3
v -3.3 2.9 2.9
v -1.5 2.9 2.9
v 1.6 2.9 2.9
v 3.4 2.9 2.9
v -0.7 3 3.4
v -0.6 3 3.4
v 0 3 3.4
v 0.2 3 3.4
v 0.6 3 3.4
v 0.8 3 3.4
v -0.8 3 3.3
v -0.7 3 3.3
v -0.6 3 3.3
v -0.5 3 3.3
v -0.3 3 3.3
v -0.0999999 3 3.3
v 0 3 3.3
v 0.2 3 3.3
v 0.4 3 3.3
v 0.6 3 3.3
v 0.8 3 3.3
v -0.8 3 3.2
v -0.7 3 3.2
v 0.8 3 3.2
v 0.9 3 3.2
v -0.7 3 3.1
v -0.5 3 3.1
v -0.3 3 3.1
v -0.0999999 3 3.1
v 0.2 3 3.1
v 0.4 3 3.1
v 0.6 3 3.1
v 0.8 3 3.1
v 0.9 3 3.1
v -0.7 3 2.9
v -0.6 3 2.9
v -0.5 3 2.9
v 0.6 3 2.9
v 0.7 3 2.9
v 0.8 3 2.9
v -0.8 3.1 3.2
v -0.7 3.1 3.2
v -0.8 3.1 3
v -0.7 3.1 3
v -1.3 3.4 2.8
v -1.2 3.4 2.8
v -1.3 3.4 2.7
v -1.2 3.4 2.7
v -1 3.8 -3.7
v -0.9 3.8 -3.7
v -1 3.8 -3.8
v -0.9 3.8 -3.8
v -3.2 4.1 2.9
v -1.6 4.1 2.9
v 1.7 4.1 2.9
v 3.3 4.1 2.9
v -3.2 4.1 2.8
v -1.6 4.1 2.8
v 1.7 4.1 2.8
v 3.3 4.1 2.8
v -0.4 4.2 2.9
v 0.5 4.2 2.9
v -0.4 4.2 2.7
v 0.5 4.2 2.7
v -0.6 4.3 3.2
v 0.7 4.3 3.2
v -0.6 4.3 2.9
v 0.7 4.3 2.9
v -0.7 4.4 3.3
v 0.8 4.4 3.3
v -0.6 4.4 3.2
v 0.7 4.4 3.2
v -4 4.4 3
v -0.7 4.4 3
v 0.8 4.4 3
v 4.1 4.4 3
v -3.9 4.4 2.9
v -0.6 4.4 2.9
v 0.7 4.4 2.9
v 4 4.4 2.9
v -3.9 4.4 -3.9
v 4 4.4 -3.9
v -4 4.4 -4
v 4.1 4.4 -4
v -0.8 4.7 3.3
v -0.7 4.7 3.3
v -0.8 4.7 3.2
v -0.7 4.7 3.2
v -3.3 4.7 3
v -1.5 4.7 3
v 1.6 4.7 3
v 3.4 4.7 3
v -3.3 4.7 2.9
v -1.5 4.7 2.9
v 1.6 4.7 2.9
v 3.4 4.7 2.9
v -0.7 4.8 3.4
v -0.5 4.8 3.4
v -0.0999999 4.8 3.4
v 0.3 4.8 3.4
v 0.6 4.8 3.4
v 0.8 4.8 3.4
v -0.7 4.8 3.3
v -0.5 4.8 3.3
v -0.3 4.8 3.3
v -0.0999999 4.8 3.3
v 0.2 4.8 3.3
v 0.3 4.8 3.3
v 0.4 4.8 3.3
v 0.6 4.8 3.3
v 0.8 4.8 3.3
v 0.9 4.8 3.3
v -0.8 4.8 3.2
v -0.7 4.8 3.2
v -0.8 4.8 3.1
v -0.7 4.8 3.1
v -0.5 4.8 3.1
v -0.3 4.8 3.1
v -0.0999999 4.8 3.1
v 0.2 4.8 3.1
v 0.4 4.8 3.1
v 0.6 4.8 3.1
v 0.8 4.8 3.1
v 0.9 4.8 3.1
v -0.7 4.8 2.9
v -0.6 4.8 2.9
v -0.5 4.8 2.9
v 0.6 4.8 2.9
v 0.7 4.8 2.9
v 0.8 4.8 2.9
v -2 5.1 -3.7
v -1.9 5.1 -3.7
v -2 5.1 -3.8
v -1.9 5.1 -3.8
v -3.8 5.4 -2.8
v -3.7 5.4 -2.8
v -3.8 5.4 -2.9
v -3.7 5.4 -2.9
v -3.2 5.9 2.9
v -1.6 5.9 2.9
v 1.7 5.9 2.9
v 3.3 5.9 2.9
v -3.2 5.9 2.8
v -1.6 5.9 2.8
v 1.7 5.9 2.8
v 3.3 5.9 2.8
v -0.4 6 2.9
v 0.5 6 2.9
v -0.4 6 2.7
v 0.5 6 2.7
v -0.6 6.1 3.2
v 0.7 6.1 3.2
v -0.6 6.1 2.9
v 0.7 6.1 2.9
v -0.7 6.2 3.3
v 0.8 6.2 3.3
v -0.6 6.2 3.2
v 0.7 6.2 3.2
v -4 6.2 3
v -0.7 6.2 3
v 0.8 6.2 3
v 4.1 6.2 3
v -3.9 6.2 2.9
v -0.6 6.2 2.9
v 0.7 6.2 2.9
v 4 6.2 2.9
v -2.8 6.2 -3.7
v -2.7 6.2 -3.7
v -2.8 6.2 -3.8
v -2.7 6.2 -3.8
v -3.9 6.2 -3.9
v 4 6.2 -3.9
v -4 6.2 -4
v 4.1 6.2 -4
v -3.3 6.5 3
v -1.5 6.5 3
v 1.6 6.5 3
v 3.4 6.5 3
v -3.3 6.5 2.9
v -1.5 6.5 2.9
v 1.6 6.5 2.9
v 3.4 6.5 2.9
v -0.7 6.6 3.4
v -0.5 6.6 3.4
v -0.3 6.6 3.4
v -0.2 6.6 3.4
v -0.0999999 6.6 3.4
v 0.1 6.6 3.4
v 0.2 6.6 3.4
v 0.4 6.6 3.4
v 0.7 6.6 3.4
v 0.8 6.6 3.4
v -0.7 6.6 3.3
v -0.5 6.6 3.3
v -0.3 6.6 3.3
v -0.2 6.6 3.3
v -0.0999999 6.6 3.3
v 0.1 6.6 3.3
v 0.2 6.6 3.3
v 0.4 6.6 3.3
v 0.6 6.6 3.3
v 0.7 6.6 3.3
v 0.8 6.6 3.3
v -0.8 6.6 3.2
v -0.7 6.6 3.2
v 0.8 6.6 3.2
v 0.9 6.6 3.2
v -0.7 6.6 3.1
v -0.5 6.6 3.1
v -0.3 6.6 3.1
v -0.0999999 6.6 3.1
v 0.2 6.6 3.1
v 0.4 6.6 3.1
v 0.6 6.6 3.1
v 0.8 6.6 3.1
v 0.9 6.6 3.1
v -0.8 6.6 3
v -0.7 6.6 3
v -0.7 6.6 2.9
v -0.6 6.6 2.9
v -0.5 6.6 2.9
v 0.6 6.6 2.9
v 0.7 6.6 2.9
v 0.8 6.6 2.9
v 2.9 6.6 -3.7
v 3 6.6 -3.7
v 2.9 6.6 -3.8
v 3 6.6 -3.8
v -0.2 6.7 3.4
v -0.0999999 6.7 3.4
v 0.6 6.7 3.4
v 0.7 6.7 3.4
v -0.2 6.7 3.3
v -0.0999999 6.7 3.3
v 0.6 6.7 3.3
v 0.7 6.7 3.3
v 0.8 6.7 3.3
v 0.9 6.7 3.3
v 0.8 6.7 3.2
v 0.9 6.7 3.2
v -1 7 -3.7
v -0.9 7 -3.7
v -1 7 -3.8
v -0.9 7 -3.8
v 1.7 7.6 2.9
v 1.8 7.6 2.9
v 1.7 7.6 2.8
v 1.8 7.6 2.8
v -3.2 7.7 2.9
v -1.6 7.7 2.9
v 1.8 7.7 2.9
v 3.3 7.7 2.9
v -3.2 7.7 2.8
v -1.6 7.7 2.8
v 1.8 7.7 2.8
v 3.3 7.7 2.8
v -0.4 7.8 2.9
v 0.5 7.8 2.9
v -0.4 7.8 2.7
v 0.5 7.8 2.7
v -0.6 7.9 3.2
v 0.7 7.9 3.2
v 0.6 7.9 3.1
v 0.7 7.9 3.1
v -0.6 7.9 2.9
v 0.6 7.9 2.9
v -0.7 8 3.3
v 0.8 8 3.3
v -0.6 8 3.2
v 0.7 8 3.2
v 0.6 8 3.1
v 0.7 8 3.1
v 0.8 8 3.1
v -4 8 3
v -0.7 8 3
v 0.7 8 3
v 4.1 8 3
v -3.9 8 2.9
v -0.6 8 2.9
v 0.6 8 2.9
v 0.7 8 2.9
v 4 8 2.9
v -3.9 8 -3.9
v 4 8 -3.9
v -4 8 -4
v 4.1 8 -4
v 0.7 8.1 3.1
v 0.8 8.1 3.1
v 0.7 8.1 3
v 0.8 8.1 3
v -3.3 8.3 3
v -1.5 8.3 3
v 1.6 8.3 3
v 3.4 8.3 3
v -3.3 8.3 2.9
v -1.5 8.3 2.9
v 1.6 8.3 2.9
v 3.4 8.3 2.9
v -0.4 8.4 3.4
v -0.2 8.4 3.4
v 0 8.4 3.4
v 0.1 8.4 3.4
v 0.2 8.4 3.4
v 0.3 8.4 3.4
v -0.5 8.4 3.3
v -0.4 8.4 3.3
v -0.3 8.4 3.3
v -0.2 8.4 3.3
v -0.0999999 8.4 3.3
v 0 8.4 3.3
v 0.1 8.4 3.3
v 0.2 8.4 3.3
v 0.3 8.4 3.3
v 0.4 8.4 3.3
v 0.6 8.4 3.3
v -0.8 8.4 3.2
v -0.7 8.4 3.2
v 0.8 8.4 3.2
v 0.9 8.4 3.2
v -0.8 8.4 3.1
v -0.7 8.4 3.1
v -0.5 8.4 3.1
v -0.3 8.4 3.1
v -0.0999999 8.4 3.1
v 0.2 8.4 3.1
v 0.4 8.4 3.1
v 0.6 8.4 3.1
v 0.8 8.4 3.1
v 0.9 8.4 3.1
v -0.8 8.4 3
v -0.7 8.4 3
v -0.7 8.4 2.9
v -0.6 8.4 2.9
v -0.5 8.4 2.9
v 0.6 8.4 2.9
v 0.7 8.4 2.9
v 0.8 8.4 2.9
v -0.0999999 8.5 3.4
v 0 8.5 3.4
v 0.3 8.5 3.4
v 0.4 8.5 3.4
v -0.0999999 8.5 3.3
v 0 8.5 3.3
v 0.3 8.5 3.3
v 0.4 8.5 3.3
v 0.8 8.5 3.3
v 0.9 8.5 3.3
v 0.8 8.5 3.2
v 0.9 8.5 3.2
v 3.3 8.5 -3.7
v 3.4 8.5 -3.7
v 3.3 8.5 -3.8
v 3.4 8.5 -3.8
v -0.7 8.6 3.4
v -0.6 8.6 3.4
v -0.7 8.6 3.3
v -0.6 8.6 3.3
v 3.6 9.3 2.8
v 3.7 9.3 2.8
v 3.6 9.3 2.7
v 3.7 9.3 2.7
v -3.2 9.5 2.9
v -1.6 9.5 2.9
v 1.7 9.5 2.9
v 3.3 9.5 2.9
v -3.2 9.5 2.8
v -1.6 9.5 2.8
v 1.7 9.5 2.8
v 3.3 9.5 2.8
v 3.6 9.5 2.8
v 3.7 9.5 2.8
v 3.6 9.5 2.7
v 3.7 9.5 2.7
v -0.4 9.6 2.9
v 0.5 9.6 2.9
v -0.4 9.6 2.7
v 0.5 9.6 2.7
v 3.7 9.6 1.8
v 3.8 9.6 1.8
v 3.9 9.6 1.8
v 3.7 9.6 1.7
v 3.8 9.6 1.7
v 3.9 9.6 1.7
v -0.6 9.7 3.2
v 0.7 9.7 3.2
v -0.6 9.7 2.9
v 0.7 9.7 2.9
v 3.7 9.7 2
v 3.8 9.7 2
v 3.7 9.7 1.9
v 3.8 9.7 1.9
v -0.7 9.8 3.3
v 0.8 9.8 3.3
v -0.6 9.8 3.2
v 0.7 9.8 3.2
v -4 9.8 3
v -0.7 9.8 3
v 0.8 9.8 3
v 4.1 9.8 3
v -3.9 9.8 2.9
v -0.6 9.8 2.9
v 0.7 9.8 2.9
v 4 9.8 2.9
v -3.9 9.8 -3.9
v 4 9.8 -3.9
v -4 9.8 -4
v 4.1 9.8 -4
v -0.2 10.5 -1.9
v 0 10.5 -1.9
v 0.2 10.5 -1.9
v 0.4 10.5 -1.9
v -0.2 10.5 -2
v 0 10.5 -2
v 0.2 10.5 -2
v 0.4 10.5 -2
v -0.4 11.2 -1.9
v 0.6 11.2 -1.9
v -0.4 11.2 -2
v 0.6 11.2 -2
v -1 11.6 -0.9
v 1.1 11.6 -0.9
v -0.8 11.6 -2
v 0.9 11.6 -2
v -0.8 11.6 -3.6
v 0.9 11.6 -3.6
v -1 11.6 -3.8
v 1.1 11.6 -3.8
v -5 0.4 5
v 5.1 0.4 5
v -4.6 0.4 4.6
v -0.5 0.4 4.6
v 0.6 0.4 4.6
v 4.7 0.4 4.6
v -4 0.4 4.2
v -3.4 0.4 4.2
v -1.6 0.4 4.2
v -1 0.4 4.2
v 1.1 0.4 4.2
v 1.7 0.4 4.2
v 3.5 0.4 4.2
v 4.1 0.4 4.2
v -0.6 0.4 4.1
v -0.5 0.4 4.1
v -0.4 0.4 4.1
v 0.5 0.4 4.1
v 0.6 0.4 4.1
v 0.7 0.4 4.1
v -0.4 0.4 3.9
v 0.5 0.4 3.9
v -4 0.4 3.6
v -3.4 0.4 3.6
v -1.6 0.4 3.6
v -1 0.4 3.6
v 1.1 0.4 3.6
v 1.7 0.4 3.6
v 3.5 0.4 3.6
v 4.1 0.4 3.6
v -4 0.4 3
v -0.6 0.4 3
v -0.3 0.4 3
v 0.2 0.4 3
v 0.7 0.4 3
v 4.1 0.4 3
v -0.3 0.4 2.9
v 0.2 0.4 2.9
v -4 0.4 -4
v 4.1 0.4 -4
v -4.6 0.4 -4.6
v 4.7 0.4 -4.6
v -5 0.4 -5
v 5.1 0.4 -5
v -3.9 0.5 -2.3
v -3.8 0.5 -2.3
v -3.9 0.5 -2.4
v -3.8 0.5 -2.4
v -0.4 0.6 3.9
v 0.5 0.6 3.9
v -0.4 0.6 3.6
v 0.5 0.6 3.6
v -4 0.7 4.2
v -3.4 0.7 4.2
v -1.6 0.7 4.2
v -1 0.7 4.2
v 1.1 0.7 4.2
v 1.7 0.7 4.2
v 3.5 0.7 4.2
v 4.1 0.7 4.2
v -3.9 0.7 4.1
v -3.5 0.7 4.1
v -1.5 0.7 4.1
v -1.1 0.7 4.1
v 1.2 0.7 4.1
v 1.6 0.7 4.1
v 3.6 0.7 4.1
v 4 0.7 4.1
v -3.8 0.7 4
v -3.6 0.7 4
v -1.4 0.7 4
v -1.2 0.7 4
v 1.3 0.7 4
v 1.5 0.7 4
v 3.7 0.7 4
v 3.9 0.7 4
v -3.8 0.7 3.8
v -3.6 0.7 3.8
v -1.4 0.7 3.8
v -1.2 0.7 3.8
v 1.3 0.7 3.8
v 1.5 0.7 3.8
v 3.7 0.7 3.8
v 3.9 0.7 3.8
v -3.9 0.7 3.7
v -3.5 0.7 3.7
v -1.5 0.7 3.7
v -1.1 0.7 3.7
v 1.2 0.7 3.7
v 1.6 0.7 3.7
v 3.6 0.7 3.7
v 4 0.7 3.7
v -4 0.7 3.6
v -3.4 0.7 3.6
v -1.6 0.7 3.6
v -1 0.7 3.6
v 1.1 0.7 3.6
v 1.7 0.7 3.6
v 3.5 0.7 3.6
v 4.1 0.7 3.6
v -0.6 0.8 4.1
v -0.4 0.8 4.1
v 0.5 0.8 4.1
v 0.7 0.8 4.1
v -0.6 0.8 3.8
v -0.4 0.8 3.8
v 0.5 0.8 3.8
v 0.7 0.8 3.8
v -0.4 0.8 3.6
v 0.5 0.8 3.6
v -0.4 0.8 3.3
v 0.5 0.8 3.3
v 0.8 0.9 3
v 0.9 0.9 3
v 0.8 0.9 2.9
v 0.9 0.9 2.9
v -3.2 0.9 -3.8
v -3.1 0.9 -3.8
v -3.2 0.9 -3.9
v -3.1 0.9 -3.9
v 1.8 0.9 -3.9
v 2.1 0.9 -3.9
v 1.8 0.9 -4
v 2.1 0.9 -4
v -0.6 1 3.8
v -0.4 1 3.8
v 0.5 1 3.8
v 0.7 1 3.8
v -0.6 1 3.5
v -0.4 1 3.5
v 0.5 1 3.5
v 0.7 1 3.5
v -0.4 1 3.3
v 0.5 1 3.3
v -4 1 3
v -0.6 1 3
v 0.7 1 3
v 0.8 1 3
v 0.9 1 3
v 4.1 1 3
v -3.9 1 2.9
v -0.6 1 2.9
v 0.7 1 2.9
v 0.8 1 2.9
v 0.9 1 2.9
v 4 1 2.9
v -0.4 1 2.7
v 0.5 1 2.7
v -3.9 1 -3.9
v 1.8 1 -3.9
v 2.1 1 -3.9
v 4 1 -3.9
v -4 1 -4
v 1.8 1 -4
v 2.1 1 -4
v 4.1 1 -4
v -4 1.2 4.2
v -3.4 1.2 4.2
v -1.6 1.2 4.2
v -1 1.2 4.2
v 1.1 1.2 4.2
v 1.7 1.2 4.2
v 3.5 1.2 4.2
v 4.1 1.2 4.2
v -3.9 1.2 4.1
v -3.5 1.2 4.1
v -1.5 1.2 4.1
v -1.1 1.2 4.1
v 1.2 1.2 4.1
v 1.6 1.2 4.1
v 3.6 1.2 4.1
v 4 1.2 4.1
v -3.9 1.2 3.7
v -3.5 1.2 3.7
v -1.5 1.2 3.7
v -1.1 1.2 3.7
v 1.2 1.2 3.7
v 1.6 1.2 3.7
v 3.6 1.2 3.7
v 4 1.2 3.7
v -4 1.2 3.6
v -3.4 1.2 3.6
v -1.6 1.2 3.6
v -1 1.2 3.6
v 1.1 1.2 3.6
v 1.7 1.2 3.6
v 3.5 1.2 3.6
v 4.1 1.2 3.6
v -0.6 1.2 3.5
v -0.4 1.2 3.5
v 0.5 1.2 3.5
v 0.7 1.2 3.5
v -3.2 1.2 3
v -1.5 1.2 3
v 1.6 1.2 3
v 3.4 1.2 3
v -3.2 1.2 2.9
v -1.6 1.2 2.9
v -1.5 1.2 2.9
v -0.6 1.2 2.9
v -0.4 1.2 2.9
v 0.5 1.2 2.9
v 0.7 1.2 2.9
v 1.6 1.2 2.9
v 1.7 1.2 2.9
v 3.3 1.2 2.9
v 3.4 1.2 2.9
v -3.2 1.2 2.8
v -1.6 1.2 2.8
v 1.7 1.2 2.8
v 3.3 1.2 2.8
v -3.9 1.5 4.1
v -3.5 1.5 4.1
v -1.5 1.5 4.1
v -1.1 1.5 4.1
v 1.2 1.5 4.1
v 1.6 1.5 4.1
v 3.6 1.5 4.1
v 4 1.5 4.1
v -3.8 1.5 4
v -3.6 1.5 4
v -1.4 1.5 4
v -1.2 1.5 4
v 1.3 1.5 4
v 1.5 1.5 4
v 3.7 1.5 4
v 3.9 1.5 4
v -3.8 1.5 3.8
v -3.6 1.5 3.8
v -1.4 1.5 3.8
v -1.2 1.5 3.8
v 1.3 1.5 3.8
v 1.5 1.5 3.8
v 3.7 1.5 3.8
v 3.9 1.5 3.8
v -3.9 1.5 3.7
v -3.5 1.5 3.7
v -1.5 1.5 3.7
v -1.1 1.5 3.7
v 1.2 1.5 3.7
v 1.6 1.5 3.7
v 3.6 1.5 3.7
v 4 1.5 3.7
v -3.8 1.6 4
v -3.6 1.6 4
v -1.4 1.6 4
v -1.2 1.6 4
v 1.3 1.6 4
v 1.5 1.6 4
v 3.7 1.6 4
v 3.9 1.6 4
v -3.8 1.6 3.8
v -3.6 1.6 3.8
v -1.4 1.6 3.8
v -1.2 1.6 3.8
v 1.3 1.6 3.8
v 1.5 1.6 3.8
v 3.7 1.6 3.8
v 3.9 1.6 3.8
v 2.6 2.1 -3.7
v 2.7 2.1 -3.7
v 2.6 2.1 -3.8
v 2.7 2.1 -3.8
v -0.5 2.8 3.3
v -0.3 2.8 3.3
v -0.0999999 2.8 3.3
v 0.2 2.8 3.3
v 0.4 2.8 3.3
v 0.6 2.8 3.3
v -0.7 2.8 3.1
v -0.5 2.8 3.1
v -0.3 2.8 3.1
v -0.0999999 2.8 3.1
v 0.2 2.8 3.1
v 0.4 2.8 3.1
v 0.6 2.8 3.1
v 0.8 2.8 3.1
v -4 2.8 3
v -0.7 2.8 3
v 0.8 2.8 3
v 4.1 2.8 3
v -3.9 2.8 2.9
v -0.6 2.8 2.9
v -0.4 2.8 2.9
v 0.5 2.8 2.9
v 0.7 2.8 2.9
v 4 2.8 2.9
v -0.4 2.8 2.7
v -0.2 2.8 2.7
v 0.3 2.8 2.7
v 0.5 2.8 2.7
v -3.9 2.8 -3.9
v 4 2.8 -3.9
v -4 2.8 -4
v 4.1 2.8 -4
v -3.3 3 3
v -1.5 3 3
v 1.6 3 3
v 3.4 3 3
v -3.3 3 2.9
v -3.2 3 2.9
v -1.6 3 2.9
v -1.5 3 2.9
v 1.6 3 2.9
v 1.7 3 2.9
v 3.3 3 2.9
v 3.4 3 2.9
v -3.2 3 2.8
v -1.6 3 2.8
v 1.7 3 2.8
v 3.3 3 2.8
v -0.7 3.1 3.4
v -0.6 3.1 3.4
v -0.8 3.1 3.3
v -0.7 3.1 3.3
v -0.6 3.1 3.3
v -0.4 3.1 3.3
v -0.0999999 3.1 3.3
v 0.2 3.1 3.3
v 0.4 3.1 3.3
v -0.8 3.1 3.2
v -0.7 3.1 3.2
v -0.5 3.1 3.2
v -0.4 3.1 3.2
v 0.4 3.1 3.2
v 0.6 3.1 3.2
v 0.8 3.1 3.2
v 0.9 3.1 3.2
v -0.6 3.1 3.1
v -0.5 3.1 3.1
v -0.0999999 3.1 3.1
v 0.2 3.1 3.1
v 0.6 3.1 3.1
v 0.7 3.1 3.1
v 0.8 3.1 3.1
v 0.9 3.1 3.1
v -0.7 3.1 3
v -0.6 3.1 3
v 0.7 3.1 3
v 0.8 3.1 3
v -0.7 3.1 2.9
v -0.6 3.1 2.9
v -0.5 3.1 2.9
v 0.6 3.1 2.9
v 0.7 3.1 2.9
v 0.8 3.1 2.9
v 0 3.2 3.4
v 0.2 3.2 3.4
v 0.7 3.2 3.4
v 0.8 3.2 3.4
v -0.5 3.2 3.3
v -0.4 3.2 3.3
v 0 3.2 3.3
v 0.1 3.2 3.3
v 0.2 3.2 3.3
v 0.4 3.2 3.3
v 0.6 3.2 3.3
v 0.7 3.2 3.3
v 0.8 3.2 3.3
v -0.8 3.2 3.2
v -0.7 3.2 3.2
v -0.6 3.2 3.2
v -0.5 3.2 3.2
v -0.4 3.2 3.2
v -0.0999999 3.2 3.2
v 0 3.2 3.2
v 0.1 3.2 3.2
v 0.2 3.2 3.2
v 0.4 3.2 3.2
v 0.6 3.2 3.2
v 0.7 3.2 3.2
v -0.7 3.2 3.1
v -0.6 3.2 3.1
v -0.5 3.2 3.1
v -0.0999999 3.2 3.1
v 0 3.2 3.1
v 0.1 3.2 3.1
v 0.2 3.2 3.1
v 0.7 3.2 3.1
v 0.8 3.2 3.1
v -0.8 3.2 3
v -0.6 3.2 3
v 0.7 3.2 3
v 0.8 3.2 3
v 0.6 3.3 3.4
v 0.7 3.3 3.4
v -0.7 3.3 3.3
v -0.5 3.3 3.3
v -0.0999999 3.3 3.3
v 0 3.3 3.3
v 0.1 3.3 3.3
v 0.2 3.3 3.3
v 0.6 3.3 3.3
v 0.7 3.3 3.3
v 0.8 3.3 3.3
v -0.6 3.3 3.2
v -0.5 3.3 3.2
v -0.0999999 3.3 3.2
v 0 3.3 3.2
v 0.1 3.3 3.2
v 0.2 3.3 3.2
v 0.6 3.3 3.2
v 0.7 3.3 3.2
v -0.7 3.3 3.1
v -0.6 3.3 3.1
v 0 3.3 3.1
v 0.1 3.3 3.1
v 0.6 3.3 3.1
v 0.8 3.3 3.1
v -1.3 3.3 2.8
v -1.2 3.3 2.8
v -1.3 3.3 2.7
v -1.2 3.3 2.7
v -1 3.7 -3.7
v -0.9 3.7 -3.7
v -1 3.7 -3.8
v -0.9 3.7 -3.8
v -0.5 4.6 3.3
v -0.3 4.6 3.3
v -0.0999999 4.6 3.3
v 0.2 4.6 3.3
v 0.4 4.6 3.3
v 0.6 4.6 3.3
v -0.7 4.6 3.1
v -0.5 4.6 3.1
v -0.3 4.6 3.1
v -0.0999999 4.6 3.1
v 0.2 4.6 3.1
v 0.4 4.6 3.1
v 0.6 4.6 3.1
v 0.8 4.6 3.1
v -4 4.6 3
v -0.7 4.6 3
v 0.8 4.6 3
v 4.1 4.6 3
v -3.9 4.6 2.9
v -0.6 4.6 2.9
v -0.4 4.6 2.9
v 0.5 4.6 2.9
v 0.7 4.6 2.9
v 4 4.6 2.9
v -0.4 4.6 2.7
v -0.2 4.6 2.7
v 0.3 4.6 2.7
v 0.5 4.6 2.7
v -3.9 4.6 -3.9
v 4 4.6 -3.9
v -4 4.6 -4
v 4.1 4.6 -4
v -3.3 4.8 3
v -1.5 4.8 3
v 1.6 4.8 3
v 3.4 4.8 3
v -3.3 4.8 2.9
v -3.2 4.8 2.9
v -1.6 4.8 2.9
v -1.5 4.8 2.9
v 1.6 4.8 2.9
v 1.7 4.8 2.9
v 3.3 4.8 2.9
v 3.4 4.8 2.9
v -3.2 4.8 2.8
v -1.6 4.8 2.8
v 1.7 4.8 2.8
v 3.3 4.8 2.8
v -0.7 4.9 3.4
v -0.6 4.9 3.4
v 0.2 4.9 3.4
v 0.3 4.9 3.4
v 0.7 4.9 3.4
v 0.8 4.9 3.4
v -0.7 4.9 3.3
v -0.6 4.9 3.3
v -0.5 4.9 3.3
v -0.0999999 4.9 3.3
v 0.2 4.9 3.3
v 0.3 4.9 3.3
v 0.5 4.9 3.3
v 0.7 4.9 3.3
v 0.8 4.9 3.3
v 0.9 4.9 3.3
v -0.0999999 4.9 3.2
v 0 4.9 3.2
v 0.2 4.9 3.2
v 0.3 4.9 3.2
v 0.5 4.9 3.2
v 0.6 4.9 3.2
v -0.7 4.9 3.1
v -0.5 4.9 3.1
v 0 4.9 3.1
v 0.3 4.9 3.1
v 0.6 4.9 3.1
v 0.8 4.9 3.1
v 0.9 4.9 3.1
v 0.6 4.9 3
v 0.8 4.9 3
v -0.7 4.9 2.9
v -0.6 4.9 2.9
v -0.5 4.9 2.9
v 0.6 4.9 2.9
v 0.7 4.9 2.9
v 0.8 4.9 2.9
v -0.6 5 3.4
v -0.5 5 3.4
v -0.0999999 5 3.4
v 0 5 3.4
v 0.1 5 3.4
v 0.2 5 3.4
v 0.6 5 3.4
v 0.7 5 3.4
v -0.8 5 3.3
v -0.7 5 3.3
v -0.6 5 3.3
v -0.5 5 3.3
v -0.0999999 5 3.3
v 0 5 3.3
v 0.1 5 3.3
v 0.2 5 3.3
v 0.5 5 3.3
v 0.6 5 3.3
v 0.7 5 3.3
v -0.7 5 3.2
v -0.6 5 3.2
v -0.5 5 3.2
v -0.0999999 5 3.2
v 0 5 3.2
v 0.2 5 3.2
v 0.3 5 3.2
v 0.5 5 3.2
v 0.6 5 3.2
v 0.7 5 3.2
v -0.8 5 3.1
v -0.7 5 3.1
v 0.1 5 3.1
v 0.3 5 3.1
v 0.6 5 3.1
v 0.7 5 3.1
v 0.8 5 3.1
v 0.6 5 3
v 0.8 5 3
v -2 5 -3.7
v -1.9 5 -3.7
v -2 5 -3.8
v -1.9 5 -3.8
v 0 5.1 3.3
v 0.1 5.1 3.3
v 0.7 5.1 3.3
v 0.8 5.1 3.3
v -0.7 5.1 3.2
v -0.6 5.1 3.2
v -0.5 5.1 3.2
v -0.7 5.1 3.1
v -0.6 5.1 3.1
v -0.5 5.1 3.1
v 0 5.1 3.1
v 0.1 5.1 3.1
v 0.7 5.1 3.1
v 0.8 5.1 3.1
v -3.8 5.3 -2.8
v -3.7 5.3 -2.8
v -3.8 5.3 -2.9
v -3.7 5.3 -2.9
v -2.8 6.1 -3.7
v -2.7 6.1 -3.7
v -2.8 6.1 -3.8
v -2.7 6.1 -3.8
v -0.5 6.4 3.3
v -0.3 6.4 3.3
v -0.0999999 6.4 3.3
v 0.2 6.4 3.3
v 0.4 6.4 3.3
v 0.6 6.4 3.3
v -0.7 6.4 3.1
v -0.5 6.4 3.1
v -0.3 6.4 3.1
v -0.0999999 6.4 3.1
v 0.2 6.4 3.1
v 0.4 6.4 3.1
v 0.6 6.4 3.1
v 0.8 6.4 3.1
v -4 6.4 3
v -0.7 6.4 3
v 0.8 6.4 3
v 4.1 6.4 3
v -3.9 6.4 2.9
v -0.6 6.4 2.9
v -0.4 6.4 2.9
v 0.5 6.4 2.9
v 0.7 6.4 2.9
v 4 6.4 2.9
v -0.4 6.4 2.7
v -0.2 6.4 2.7
v 0.3 6.4 2.7
v 0.5 6.4 2.7
v -3.9 6.4 -3.9
v 4 6.4 -3.9
v -4 6.4 -4
v 4.1 6.4 -4
v 2.9 6.5 -3.7
v 3 6.5 -3.7
v 2.9 6.5 -3.8
v 3 6.5 -3.8
v -3.3 6.6 3
v -1.5 6.6 3
v 1.6 6.6 3
v 3.4 6.6 3
v -3.3 6.6 2.9
v -3.2 6.6 2.9
v -1.6 6.6 2.9
v -1.5 6.6 2.9
v 1.6 6.6 2.9
v 1.7 6.6 2.9
v 3.3 6.6 2.9
v 3.4 6.6 2.9
v -3.2 6.6 2.8
v -1.6 6.6 2.8
v 1.7 6.6 2.8
v 3.3 6.6 2.8
v -0.6 6.7 3.4
v -0.5 6.7 3.4
v 0 6.7 3.4
v 0.1 6.7 3.4
v 0.2 6.7 3.4
v 0.4 6.7 3.4
v -0.6 6.7 3.3
v -0.5 6.7 3.3
v -0.3 6.7 3.3
v 0 6.7 3.3
v 0.1 6.7 3.3
v 0.2 6.7 3.3
v 0.4 6.7 3.3
v 0.6 6.7 3.3
v -0.8 6.7 3.2
v -0.7 6.7 3.2
v -0.2 6.7 3.2
v 0.1 6.7 3.2
v 0.2 6.7 3.2
v 0.3 6.7 3.2
v 0.8 6.7 3.2
v 0.9 6.7 3.2
v -0.6 6.7 3.1
v -0.5 6.7 3.1
v -0.3 6.7 3.1
v -0.2 6.7 3.1
v 0.3 6.7 3.1
v 0.4 6.7 3.1
v 0.6 6.7 3.1
v 0.7 6.7 3.1
v 0.8 6.7 3.1
v 0.9 6.7 3.1
v -0.8 6.7 3
v -0.7 6.7 3
v -0.6 6.7 3
v 0.6 6.7 3
v 0.7 6.7 3
v -0.7 6.7 2.9
v -0.6 6.7 2.9
v -0.5 6.7 2.9
v 0.6 6.7 2.9
v 0.7 6.7 2.9
v 0.8 6.7 2.9
v -0.7 6.8 3.4
v -0.6 6.8 3.4
v -0.3 6.8 3.4
v -0.2 6.8 3.4
v -0.0999999 6.8 3.4
v 0 6.8 3.4
v 0.7 6.8 3.4
v 0.8 6.8 3.4
v -0.7 6.8 3.3
v -0.6 6.8 3.3
v -0.5 6.8 3.3
v -0.3 6.8 3.3
v -0.2 6.8 3.3
v -0.0999999 6.8 3.3
v 0 6.8 3.3
v 0.2 6.8 3.3
v 0.3 6.8 3.3
v 0.6 6.8 3.3
v 0.7 6.8 3.3
v 0.8 6.8 3.3
v 0.9 6.8 3.3
v -0.7 6.8 3.2
v -0.6 6.8 3.2
v -0.3 6.8 3.2
v -0.2 6.8 3.2
v 0 6.8 3.2
v 0.2 6.8 3.2
v 0.3 6.8 3.2
v 0.4 6.8 3.2
v 0.7 6.8 3.2
v 0.8 6.8 3.2
v 0.9 6.8 3.2
v -0.6 6.8 3.1
v -0.5 6.8 3.1
v -0.3 6.8 3.1
v -0.2 6.8 3.1
v 0.3 6.8 3.1
v 0.4 6.8 3.1
v 0.7 6.8 3.1
v -0.7 6.8 3
v -0.6 6.8 3
v 0.6 6.8 3
v 0.7 6.8 3
v -0.2 6.9 3.4
v -0.0999999 6.9 3.4
v 0.6 6.9 3.4
v 0.7 6.9 3.4
v -0.7 6.9 3.3
v -0.6 6.9 3.3
v -0.3 6.9 3.3
v -0.2 6.9 3.3
v -0.0999999 6.9 3.3
v 0 6.9 3.3
v 0.1 6.9 3.3
v 0.3 6.9 3.3
v 0.4 6.9 3.3
v 0.6 6.9 3.3
v 0.7 6.9 3.3
v -0.7 6.9 3.2
v -0.6 6.9 3.2
v -0.3 6.9 3.2
v -0.2 6.9 3.2
v 0 6.9 3.2
v 0.1 6.9 3.2
v 0.3 6.9 3.2
v 0.4 6.9 3.2
v 0.7 6.9 3.2
v 0.8 6.9 3.2
v 0.7 6.9 3.1
v 0.8 6.9 3.1
v -1 6.9 -3.7
v -0.9 6.9 -3.7
v -1 6.9 -3.8
v -0.9 6.9 -3.8
v -0.5 8.2 3.3
v -0.3 8.2 3.3
v -0.0999999 8.2 3.3
v 0.2 8.2 3.3
v 0.4 8.2 3.3
v 0.6 8.2 3.3
v -0.7 8.2 3.1
v -0.5 8.2 3.1
v -0.3 8.2 3.1
v -0.0999999 8.2 3.1
v 0.2 8.2 3.1
v 0.4 8.2 3.1
v 0.6 8.2 3.1
v 0.8 8.2 3.1
v -4 8.2 3
v -0.7 8.2 3
v 0.8 8.2 3
v 4.1 8.2 3
v -3.9 8.2 2.9
v -0.6 8.2 2.9
v -0.4 8.2 2.9
v 0.5 8.2 2.9
v 0.7 8.2 2.9
v 4 8.2 2.9
v -0.4 8.2 2.7
v -0.2 8.2 2.7
v 0.3 8.2 2.7
v 0.5 8.2 2.7
v -3.9 8.2 -3.9
v 4 8.2 -3.9
v -4 8.2 -4
v 4.1 8.2 -4
v -3.3 8.4 3
v -1.5 8.4 3
v 1.6 8.4 3
v 3.4 8.4 3
v -3.3 8.4 2.9
v -3.2 8.4 2.9
v -1.6 8.4 2.9
v -1.5 8.4 2.9
v 1.6 8.4 2.9
v 1.7 8.4 2.9
v 3.3 8.4 2.9
v 3.4 8.4 2.9
v -3.2 8.4 2.8
v -1.6 8.4 2.8
v 1.7 8.4 2.8
v 3.3 8.4 2.8
v 3.3 8.4 -3.7
v 3.4 8.4 -3.7
v 3.3 8.4 -3.8
v 3.4 8.4 -3.8
v -0.4 8.5 3.4
v -0.2 8.5 3.4
v 0 8.5 3.4
v 0.1 8.5 3.4
v 0.2 8.5 3.4
v 0.3 8.5 3.4
v -0.6 8.5 3.3
v -0.4 8.5 3.3
v -0.2 8.5 3.3
v 0 8.5 3.3
v 0.1 8.5 3.3
v 0.2 8.5 3.3
v 0.3 8.5 3.3
v 0.4 8.5 3.3
v 0.7 8.5 3.3
v -0.8 8.5 3.2
v -0.7 8.5 3.2
v -0.6 8.5 3.2
v -0.5 8.5 3.2
v -0.4 8.5 3.2
v -0.3 8.5 3.2
v -0.2 8.5 3.2
v -0.0999999 8.5 3.2
v 0 8.5 3.2
v 0.1 8.5 3.2
v 0.2 8.5 3.2
v 0.3 8.5 3.2
v 0.4 8.5 3.2
v 0.5 8.5 3.2
v -0.8 8.5 3.1
v -0.7 8.5 3.1
v -0.6 8.5 3.1
v -0.5 8.5 3.1
v -0.3 8.5 3.1
v -0.2 8.5 3.1
v 0.3 8.5 3.1
v 0.5 8.5 3.1
v 0.6 8.5 3.1
v 0.7 8.5 3.1
v -0.7 8.5 3
v -0.6 8.5 3
v 0.6 8.5 3
v 0.7 8.5 3
v -0.7 8.5 2.9
v -0.6 8.5 2.9
v -0.5 8.5 2.9
v 0.6 8.5 2.9
v 0.7 8.5 2.9
v -0.0999999 8.6 3.4
v 0 8.6 3.4
v -0.4 8.6 3.3
v -0.2 8.6 3.3
v -0.0999999 8.6 3.3
v 0 8.6 3.3
v 0.1 8.6 3.3
v 0.2 8.6 3.3
v 0.3 8.6 3.3
v 0.4 8.6 3.3
v 0.8 8.6 3.3
v 0.9 8.6 3.3
v -0.4 8.6 3.2
v -0.3 8.6 3.2
v -0.2 8.6 3.2
v 0 8.6 3.2
v 0.1 8.6 3.2
v 0.2 8.6 3.2
v 0.3 8.6 3.2
v 0.4 8.6 3.2
v 0.5 8.6 3.2
v 0.7 8.6 3.2
v 0.8 8.6 3.2
v 0.9 8.6 3.2
v -0.8 8.6 3.1
v -0.7 8.6 3.1
v -0.6 8.6 3.1
v -0.3 8.6 3.1
v -0.2 8.6 3.1
v 0.4 8.6 3.1
v 0.5 8.6 3.1
v 0.6 8.6 3.1
v 0.7 8.6 3.1
v 0.8 8.6 3.1
v 0.9 8.6 3.1
v -0.8 8.6 3
v -0.6 8.6 3
v 0.6 8.6 3
v 0.7 8.6 3
v 0.7 8.6 2.9
v 0.8 8.6 2.9
v -0.7 8.7 3.4
v -0.6 8.7 3.4
v 0.3 8.7 3.4
v 0.4 8.7 3.4
v -0.2 8.7 3.3
v 0 8.7 3.3
v 0.3 8.7 3.3
v 0.4 8.7 3.3
v 0.7 8.7 3.3
v 0.8 8.7 3.3
v -0.7 8.7 3.2
v -0.6 8.7 3.2
v -0.5 8.7 3.2
v -0.2 8.7 3.2
v 0 8.7 3.2
v 0.3 8.7 3.2
v 0.4 8.7 3.2
v 0.7 8.7 3.2
v 0.8 8.7 3.2
v -0.7 8.7 3.1
v -0.6 8.7 3.1
v -0.5 8.7 3.1
v 0.3 8.7 3.1
v 0.4 8.7 3.1
v 3.6 9.2 2.8
v 3.7 9.2 2.8
v 3.6 9.2 2.7
v 3.7 9.2 2.7
v 3.6 9.4 2.8
v 3.7 9.4 2.8
v 3.6 9.4 2.7
v 3.7 9.4 2.7
v 3.7 9.5 1.8
v 3.8 9.5 1.8
v 3.9 9.5 1.8
v 3.7 9.5 1.7
v 3.8 9.5 1.7
v 3.9 9.5 1.7
v 3.7 9.6 2
v 3.8 9.6 2
v 3.7 9.6 1.9
v 3.8 9.6 1.9
v -0.7 10 3.3
v 0.8 10 3.3
v -0.7 10 3
v 0.8 10 3
v -3.8 10 2.8
v 3.9 10 2.8
v -0.5 10 -1.9
v -0.4 10 -1.9
v 0.6 10 -1.9
v 0.7 10 -1.9
v -0.8 10 -2
v -0.5 10 -2
v -0.4 10 -2
v 0.6 10 -2
v 0.7 10 -2
v 0.9 10 -2
v -0.8 10 -3.6
v 0.9 10 -3.6
v -3.8 10 -3.8
v 3.9 10 -3.8
v -4 10.2 3
v 4.1 10.2 3
v -3.8 10.2 2.8
v 3.9 10.2 2.8
v -3.8 10.2 -3.8
v 3.9 10.2 -3.8
v -4 10.2 -4
v 4.1 10.2 -4
v -0.2 10.6 -1.9
v 0 10.6 -1.9
v 0.2 10.6 -1.9
v 0.4 10.6 -1.9
v -0.2 10.6 -2
v 0 10.6 -2
v 0.2 10.6 -2
v 0.4 10.6 -2
v -0.5 11.3 -1.9
v 0.7 11.3 -1.9
v -0.5 11.3 -2
v 0.7 11.3 -2
v -1 11.7 -0.9
v 1.1 11.7 -0.9
v -0.9 11.7 -1.9
v 1 11.7 -1.9
v -0.9 11.7 -3.7
v 1 11.7 -3.7
v -1 11.7 -3.8
v 1.1 11.7 -3.8
v -0.9 11.8 -1.9
v 1 11.8 -1.9
v -0.9 11.8 -3.7
v 1 11.8 -3.7

# faces
f 3/16/1 2/16/1 1/16/1
f 4/16/1 2/16/1 3/16/1
f 9/15/1 6/15/1 5/15/1
f 10/15/1 6/15/1 9/15/1
f 11/16/1 8/16/1 7/16/1
f 12/16/1 8/16/1 11/16/1
f 15/10/1 14/10/1 13/10/1
f 16/10/1 14/10/1 15/10/1
f 19/15/1 18/15/1 17/15/1
f 20/15/1 18/15/1 19/15/1
f 23/15/1 22/15/1 21/15/1
f 24/15/1 22/15/1 23/15/1
f 27/15/1 26/15/1 25/15/1
f 28/15/1 26/15/1 27/15/1
f 31/15/1 30/15/1 29/15/1
f 32/15/1 30/15/1 31/15/1
f 35/15/1 34/15/1 33/15/1
f 36/15/1 34/15/1 35/15/1
f 41/10/1 40/10/1 39/10/1
f 42/10/1 40/10/1 41/10/1
f 43/1/1 38/1/1 37/1/1
f 44/1/1 38/1/1 43/1/1
f 47/1/1 46/1/1 45/1/1
f 48/1/1 46/1/1 47/1/1
f 51/1/1 50/1/1 49/1/1
f 52/1/1 50/1/1 51/1/1
f 55/1/1 54/1/1 53/1/1
f 56/1/1 54/1/1 55/1/1
f 59/1/1 58/1/1 57/1/1
f 60/1/1 58/1/1 59/1/1
f 63/16/1 62/16/1 61/16/1
f 64/16/1 62/16/1 63/16/1
f 67/5/1 66/5/1 65/5/1
f 68/5/1 66/5/1 67/5/1
f 71/10/1 70/10/1 69/10/1
f 72/10/1 70/10/1 71/10/1
f 75/1/1 74/1/1 73/1/1
f 76/1/1 74/1/1 75/1/1
f 79/15/1 78/15/1 77/15/1
f 80/15/1 78/15/1 79/15/1
f 83/15/1 82/15/1 81/15/1
f 84/15/1 82/15/1 83/15/1
f 87/15/1 86/15/1 85/15/1
f 88/15/1 86/15/1 87/15/1
f 91/15/1 90/15/1 89/15/1
f 92/15/1 90/15/1 91/15/1
f 95/15/1 94/15/1 93/15/1
f 96/15/1 94/15/1 95/15/1
f 99/16/1 98/16/1 97/16/1
f 100/16/1 98/16/1 99/16/1
f 103/17/1 102/17/1 101/17/1
f 104/17/1 102/17/1 103/17/1
f 107/17/1 106/17/1 105/17/1
f 108/17/1 106/17/1 107/17/1
f 111/15/1 110/15/1 109/15/1
f 112/15/1 110/15/1 111/15/1
f 115/10/1 114/10/1 113/10/1
f 116/10/1 114/10/1 115/10/1
f 119/1/1 118/1/1 117/1/1
f 120/1/1 118/1/1 119/1/1
f 123/1/1 122/1/1 121/1/1
f 124/1/1 122/1/1 123/1/1
f 127/1/1 126/1/1 125/1/1
f 128/1/1 126/1/1 127/1/1
f 131/1/1 130/1/1 129/1/1
f 132/1/1 130/1/1 131/1/1
f 135/1/1 134/1/1 133/1/1
f 136/1/1 134/1/1 135/1/1
f 139/10/1 138/10/1 137/10/1
f 140/10/1 138/10/1 139/10/1
f 143/5/1 142/5/1 141/5/1
f 144/5/1 142/5/1 143/5/1
f 147/10/1 146/10/1 145/10/1
f 148/10/1 146/10/1 147/10/1
f 151/17/1 150/17/1 149/17/1
f 152/17/1 150/17/1 151/17/1
f 155/15/1 154/15/1 153/15/1
f 156/15/1 154/15/1 155/15/1
f 159/17/1 158/17/1 157/17/1
f 160/17/1 158/17/1 159/17/1
f 163/17/1 162/17/1 161/17/1
f 164/17/1 162/17/1 163/17/1
f 167/15/1 166/15/1 165/15/1
f 168/15/1 166/15/1 167/15/1
f 171/6/1 170/6/1 169/6/1
f 172/6/1 170/6/1 171/6/1
f 174/6/1 173/6/1 172/6/1
f 175/6/1 173/6/1 174/6/1
f 178/6/1 177/6/1 176/6/1
f 180/6/1 178/6/1 176/6/1
f 180/6/1 179/6/1 178/6/1
f 181/6/1 179/6/1 180/6/1
f 182/7/1 181/7/1 180/7/1
f 183/7/1 181/7/1 182/7/1
f 186/6/1 185/6/1 184/6/1
f 187/6/1 185/6/1 186/6/1
f 191/7/1 189/7/1 188/7/1
f 192/6/1 190/6/1 189/6/1
f 192/7/1 189/7/1 191/7/1
f 193/6/1 190/6/1 192/6/1
f 194/6/1 190/6/1 193/6/1
f 197/1/1 196/1/1 195/1/1
f 198/1/1 196/1/1 197/1/1
f 201/15/1 200/15/1 199/15/1
f 202/15/1 200/15/1 201/15/1
f 203/15/1 200/15/1 202/15/1
f 205/5/1 202/5/1 201/5/1
f 206/5/1 202/5/1 205/5/1
f 207/5/1 202/5/1 206/5/1
f 209/6/1 205/6/1 204/6/1
f 210/6/1 205/6/1 209/6/1
f 211/5/1 207/5/1 206/5/1
f 211/5/1 208/5/1 207/5/1
f 212/5/1 208/5/1 211/5/1
f 213/5/1 208/5/1 212/5/1
f 214/6/1 211/6/1 210/6/1
f 215/6/1 211/6/1 214/6/1
f 217/3/1 215/3/1 214/3/1
f 217/3/1 216/3/1 215/3/1
f 218/3/1 216/3/1 217/3/1
f 221/15/1 220/15/1 219/15/1
f 222/15/1 220/15/1 221/15/1
f 223/15/1 220/15/1 222/15/1
f 224/5/1 222/5/1 221/5/1
f 225/5/1 222/5/1 224/5/1
f 228/5/1 222/5/1 225/5/1
f 229/5/1 222/5/1 228/5/1
f 231/6/1 227/6/1 226/6/1
f 232/6/1 227/6/1 231/6/1
f 233/5/1 230/5/1 229/5/1
f 234/5/1 230/5/1 233/5/1
f 237/7/1 236/7/1 235/7/1
f 238/7/1 236/7/1 237/7/1
f 241/15/1 240/15/1 239/15/1
f 242/15/1 240/15/1 241/15/1
f 243/15/1 240/15/1 242/15/1
f 245/5/1 242/5/1 241/5/1
f 246/5/1 242/5/1 245/5/1
f 247/5/1 242/5/1 246/5/1
f 250/6/1 245/6/1 244/6/1
f 251/5/1 246/5/1 245/5/1
f 251/6/1 245/6/1 250/6/1
f 252/5/1 246/5/1 251/5/1
f 253/5/1 249/5/1 248/5/1
f 254/5/1 249/5/1 253/5/1
f 255/2/1 251/2/1 250/2/1
f 256/6/1 252/6/1 251/6/1
f 256/2/1 251/2/1 255/2/1
f 256/6/1 253/6/1 252/6/1
f 257/6/1 253/6/1 256/6/1
f 258/6/1 253/6/1 257/6/1
f 259/2/1 257/2/1 256/2/1
f 260/2/1 257/2/1 259/2/1
f 263/15/1 262/15/1 261/15/1
f 264/15/1 262/15/1 263/15/1
f 265/15/1 262/15/1 264/15/1
f 266/5/1 264/5/1 263/5/1
f 267/5/1 264/5/1 266/5/1
f 270/5/1 266/5/1 263/5/1
f 271/5/1 266/5/1 270/5/1
f 273/5/1 269/5/1 268/5/1
f 274/5/1 269/5/1 273/5/1
f 276/6/1 272/6/1 271/6/1
f 276/6/1 271/6/1 270/6/1
f 277/6/1 272/6/1 276/6/1
f 278/6/1 272/6/1 277/6/1
f 279/7/1 276/7/1 275/7/1
f 279/7/1 277/7/1 276/7/1
f 280/6/1 278/6/1 277/6/1
f 280/7/1 277/7/1 279/7/1
f 281/6/1 278/6/1 280/6/1
f 284/15/1 283/15/1 282/15/1
f 285/15/1 283/15/1 284/15/1
f 288/15/1 287/15/1 286/15/1
f 289/15/1 287/15/1 288/15/1
f 290/15/1 287/15/1 289/15/1
f 291/15/1 287/15/1 290/15/1
f 292/15/1 287/15/1 291/15/1
f 294/15/1 293/15/1 292/15/1
f 294/15/1 292/15/1 291/15/1
f 295/15/1 293/15/1 294/15/1
f 298/15/1 297/15/1 296/15/1
f 299/15/1 297/15/1 298/15/1
f 302/15/1 301/15/1 300/15/1
f 303/15/1 301/15/1 302/15/1
f 306/7/1 305/7/1 304/7/1
f 307/7/1 305/7/1 306/7/1
f 310/15/1 309/15/1 308/15/1
f 311/15/1 309/15/1 310/15/1
f 314/15/1 313/15/1 312/15/1
f 315/15/1 313/15/1 314/15/1
f 318/15/1 317/15/1 316/15/1
f 319/15/1 317/15/1 318/15/1
f 322/15/1 321/15/1 320/15/1
f 323/15/1 321/15/1 322/15/1
f 326/6/1 325/6/1 324/6/1
f 327/6/1 325/6/1 326/6/1
f 329/6/1 328/6/1 327/6/1
f 330/6/1 328/6/1 329/6/1
f 333/5/1 332/5/1 331/5/1
f 334/5/1 332/5/1 333/5/1
f 337/5/1 336/5/1 335/5/1
f 338/5/1 336/5/1 337/5/1
f 342/5/1 340/5/1 339/5/1
f 343/5/1 340/5/1 342/5/1
f 344/6/1 342/6/1 341/6/1
f 345/6/1 342/6/1 344/6/1
f 347/3/1 345/3/1 344/3/1
f 348/6/1 346/6/1 345/6/1
f 348/3/1 345/3/1 347/3/1
f 349/6/1 346/6/1 348/6/1
f 350/6/1 346/6/1 349/6/1
f 351/3/1 349/3/1 348/3/1
f 352/3/1 349/3/1 351/3/1
f 355/5/1 354/5/1 353/5/1
f 356/5/1 354/5/1 355/5/1
f 359/6/1 358/6/1 357/6/1
f 360/6/1 358/6/1 359/6/1
f 363/2/1 362/2/1 361/2/1
f 364/2/1 362/2/1 363/2/1
f 367/2/1 366/2/1 365/2/1
f 368/2/1 366/2/1 367/2/1
f 371/9/1 370/9/1 369/9/1
f 372/9/1 370/9/1 371/9/1
f 375/6/1 374/6/1 373/6/1
f 376/6/1 374/6/1 375/6/1
f 377/6/1 374/6/1 376/6/1
f 378/2/1 376/2/1 375/2/1
f 379/2/1 376/2/1 378/2/1
f 382/6/1 381/6/1 380/6/1
f 383/6/1 381/6/1 382/6/1
f 385/7/1 383/7/1 382/7/1
f 386/6/1 384/6/1 383/6/1
f 386/7/1 383/7/1 385/7/1
f 387/6/1 384/6/1 386/6/1
f 390/6/1 389/6/1 388/6/1
f 391/6/1 389/6/1 390/6/1
f 394/6/1 393/6/1 392/6/1
f 395/6/1 393/6/1 394/6/1
f 398/6/1 397/6/1 396/6/1
f 399/6/1 397/6/1 398/6/1
f 400/2/1 399/2/1 398/2/1
f 401/2/1 399/2/1 400/2/1
f 404/2/1 403/2/1 402/2/1
f 405/2/1 403/2/1 404/2/1
f 409/6/1 407/6/1 406/6/1
f 410/6/1 407/6/1 409/6/1
f 411/7/1 409/7/1 408/7/1
f 411/7/1 410/7/1 409/7/1
f 412/7/1 410/7/1 411/7/1
f 415/2/1 414/2/1 413/2/1
f 416/2/1 414/2/1 415/2/1
f 419/6/1 418/6/1 417/6/1
f 420/6/1 418/6/1 419/6/1
f 423/6/1 422/6/1 421/6/1
f 424/6/1 422/6/1 423/6/1
f 427/15/1 426/15/1 425/15/1
f 428/15/1 426/15/1 427/15/1
f 431/5/1 430/5/1 429/5/1
f 432/5/1 430/5/1 431/5/1
f 435/5/1 434/5/1 433/5/1
f 436/5/1 434/5/1 435/5/1
f 440/5/1 438/5/1 437/5/1
f 441/5/1 438/5/1 440/5/1
f 442/6/1 440/6/1 439/6/1
f 443/6/1 440/6/1 442/6/1
f 445/6/1 444/6/1 443/6/1
f 446/6/1 444/6/1 445/6/1
f 450/5/1 448/5/1 447/5/1
f 451/5/1 448/5/1 450/5/1
f 452/6/1 450/6/1 449/6/1
f 453/6/1 450/6/1 452/6/1
f 455/6/1 454/6/1 453/6/1
f 456/6/1 454/6/1 455/6/1
f 459/9/1 458/9/1 457/9/1
f 460/9/1 458/9/1 459/9/1
f 464/6/1 462/6/1 461/6/1
f 465/6/1 462/6/1 464/6/1
f 466/3/1 464/3/1 463/3/1
f 467/3/1 464/3/1 466/3/1
f 472/6/1 469/6/1 468/6/1
f 473/6/1 469/6/1 472/6/1
f 474/6/1 471/6/1 470/6/1
f 475/6/1 471/6/1 474/6/1
f 476/3/1 473/3/1 472/3/1
f 477/3/1 473/3/1 476/3/1
f 478/3/1 475/3/1 474/3/1
f 479/3/1 475/3/1 478/3/1
f 482/6/1 481/6/1 480/6/1
f 483/6/1 481/6/1 482/6/1
f 486/15/1 485/15/1 484/15/1
f 488/15/1 486/15/1 484/15/1
f 488/15/1 487/15/1 486/15/1
f 489/15/1 487/15/1 488/15/1
f 490/15/1 487/15/1 489/15/1
f 492/15/1 491/15/1 490/15/1
f 492/15/1 490/15/1 489/15/1
f 493/15/1 491/15/1 492/15/1
f 494/15/1 491/15/1 493/15/1
f 496/15/1 495/15/1 494/15/1
f 496/15/1 494/15/1 493/15/1
f 497/15/1 495/15/1 496/15/1
f 498/15/1 495/15/1 497/15/1
f 499/15/1 495/15/1 498/15/1
f 500/9/1 499/9/1 498/9/1
f 501/15/1 495/15/1 499/15/1
f 501/9/1 499/9/1 500/9/1
f 502/12/1 501/12/1 500/12/1
f 503/15/1 495/15/1 501/15/1
f 503/12/1 501/12/1 502/12/1
f 504/15/1 503/15/1 502/15/1
f 505/15/1 495/15/1 503/15/1
f 505/15/1 503/15/1 504/15/1
f 508/15/1 507/15/1 506/15/1
f 509/15/1 507/15/1 508/15/1
f 514/6/1 513/6/1 512/6/1
f 515/6/1 513/6/1 514/6/1
f 516/15/1 511/15/1 510/15/1
f 517/15/1 511/15/1 516/15/1
f 520/15/1 519/15/1 518/15/1
f 521/15/1 519/15/1 520/15/1
f 524/15/1 523/15/1 522/15/1
f 525/15/1 523/15/1 524/15/1
f 529/5/1 527/5/1 526/5/1
f 530/5/1 527/5/1 529/5/1
f 532/6/1 529/6/1 528/6/1
f 534/5/1 531/5/1 530/5/1
f 535/5/1 531/5/1 534/5/1
f 536/6/1 532/6/1 528/6/1
f 537/6/1 532/6/1 536/6/1
f 538/6/1 534/6/1 533/6/1
f 539/6/1 534/6/1 538/6/1
f 540/7/1 537/7/1 536/7/1
f 541/7/1 537/7/1 540/7/1
f 542/7/1 539/7/1 538/7/1
f 543/7/1 539/7/1 542/7/1
f 547/5/1 545/5/1 544/5/1
f 548/5/1 545/5/1 547/5/1
f 550/6/1 547/6/1 546/6/1
f 551/6/1 547/6/1 550/6/1
f 553/5/1 549/5/1 548/5/1
f 554/5/1 549/5/1 553/5/1
f 555/5/1 549/5/1 554/5/1
f 556/3/1 551/3/1 550/3/1
f 557/3/1 551/3/1 556/3/1
f 558/3/1 553/3/1 552/3/1
f 559/6/1 554/6/1 553/6/1
f 559/3/1 553/3/1 558/3/1
f 560/6/1 554/6/1 559/6/1
f 563/5/1 562/5/1 561/5/1
f 564/5/1 562/5/1 563/5/1
f 568/5/1 565/5/1 564/5/1
f 569/5/1 565/5/1 568/5/1
f 570/5/1 565/5/1 569/5/1
f 571/6/1 567/6/1 566/6/1
f 571/6/1 568/6/1 567/6/1
f 571/6/1 569/6/1 568/6/1
f 572/6/1 569/6/1 571/6/1
f 573/6/1 569/6/1 572/6/1
f 574/7/1 572/7/1 571/7/1
f 575/7/1 572/7/1 574/7/1
f 578/5/1 577/5/1 576/5/1
f 579/5/1 577/5/1 578/5/1
f 581/5/1 580/5/1 579/5/1
f 582/5/1 580/5/1 581/5/1
f 583/5/1 580/5/1 582/5/1
f 584/6/1 582/6/1 581/6/1
f 585/6/1 582/6/1 584/6/1
f 588/15/1 587/15/1 586/15/1
f 589/15/1 587/15/1 588/15/1
f 594/6/1 591/6/1 590/6/1
f 595/6/1 591/6/1 594/6/1
f 596/7/1 593/7/1 592/7/1
f 597/7/1 593/7/1 596/7/1
f 601/3/1 599/3/1 598/3/1
f 601/3/1 600/3/1 599/3/1
f 602/3/1 600/3/1 601/3/1
f 605/6/1 604/6/1 603/6/1
f 606/6/1 604/6/1 605/6/1
f 609/7/1 608/7/1 607/7/1
f 610/7/1 608/7/1 609/7/1
f 615/6/1 612/6/1 611/6/1
f 616/6/1 612/6/1 615/6/1
f 617/6/1 612/6/1 616/6/1
f 618/6/1 614/6/1 613/6/1
f 619/6/1 614/6/1 618/6/1
f 620/3/1 616/3/1 615/3/1
f 621/3/1 616/3/1 620/3/1
f 624/16/1 623/16/1 622/16/1
f 625/16/1 623/16/1 624/16/1
f 628/15/1 627/15/1 626/15/1
f 629/15/1 627/15/1 628/15/1
f 632/10/1 631/10/1 630/10/1
f 633/10/1 631/10/1 632/10/1
f 636/10/1 635/10/1 634/10/1
f 637/10/1 635/10/1 636/10/1
f 640/5/1 639/5/1 638/5/1
f 641/5/1 639/5/1 640/5/1
f 644/10/1 643/10/1 642/10/1
f 645/10/1 643/10/1 644/10/1
f 648/15/1 647/15/1 646/15/1
f 649/15/1 647/15/1 648/15/1
f 652/15/1 651/15/1 650/15/1
f 653/15/1 651/15/1 652/15/1
f 656/15/1 655/15/1 654/15/1
f 657/15/1 655/15/1 656/15/1
f 660/15/1 659/15/1 658/15/1
f 661/15/1 659/15/1 660/15/1
f 664/15/1 663/15/1 662/15/1
f 665/15/1 663/15/1 664/15/1
f 668/16/1 667/16/1 666/16/1
f 669/16/1 667/16/1 668/16/1
f 672/17/1 671/17/1 670/17/1
f 673/17/1 671/17/1 672/17/1
f 676/17/1 675/17/1 674/17/1
f 677/17/1 675/17/1 676/17/1
f 680/1/1 679/1/1 678/1/1
f 681/1/1 679/1/1 680/1/1
f 684/1/1 683/1/1 682/1/1
f 685/1/1 683/1/1 684/1/1
f 688/1/1 687/1/1 686/1/1
f 689/1/1 687/1/1 688/1/1
f 692/1/1 691/1/1 690/1/1
f 693/1/1 691/1/1 692/1/1
f 696/1/1 695/1/1 694/1/1
f 697/1/1 695/1/1 696/1/1
f 700/1/1 699/1/1 698/1/1
f 701/1/1 699/1/1 700/1/1
f 704/15/1 703/15/1 702/15/1
f 705/15/1 703/15/1 704/15/1
f 708/10/1 707/10/1 706/10/1
f 709/10/1 707/10/1 708/10/1
f 712/10/1 711/10/1 710/10/1
f 713/10/1 711/10/1 712/10/1
f 716/5/1 715/5/1 714/5/1
f 717/5/1 715/5/1 716/5/1
f 720/10/1 719/10/1 718/10/1
f 721/10/1 719/10/1 720/10/1
f 724/17/1 723/17/1 722/17/1
f 725/17/1 723/17/1 724/17/1
f 728/17/1 727/17/1 726/17/1
f 729/17/1 727/17/1 728/17/1
f 732/17/1 731/17/1 730/17/1
f 733/17/1 731/17/1 732/17/1
f 736/1/1 735/1/1 734/1/1
f 737/1/1 735/1/1 736/1/1
f 740/15/1 739/15/1 738/15/1
f 741/15/1 739/15/1 740/15/1
f 742/16/2 743/16/2 744/16/2
f 744/16/2 743/16/2 745/16/2
f 746/1/2 747/1/2 748/1/2
f 748/1/2 747/1/2 749/1/2
f 750/15/2 751/15/2 752/15/2
f 752/15/2 751/15/2 753/15/2
f 754/5/2 755/5/2 756/5/2
f 756/5/2 755/5/2 757/5/2
f 758/10/2 759/10/2 760/10/2
f 760/10/2 759/10/2 761/10/2
f 762/10/2 763/10/2 764/10/2
f 764/10/2 763/10/2 765/10/2
f 766/15/2 767/15/2 768/15/2
f 768/15/2 767/15/2 769/15/2
f 770/10/2 771/10/2 772/10/2
f 772/10/2 771/10/2 773/10/2
f 774/16/2 775/16/2 776/16/2
f 776/16/2 775/16/2 777/16/2
f 778/1/2 779/1/2 780/1/2
f 780/1/2 779/1/2 781/1/2
f 782/1/2 783/1/2 784/1/2
f 784/1/2 783/1/2 785/1/2
f 786/1/2 787/1/2 788/1/2
f 788/1/2 787/1/2 789/1/2
f 790/1/2 791/1/2 792/1/2
f 792/1/2 791/1/2 793/1/2
f 794/1/2 795/1/2 796/1/2
f 796/1/2 795/1/2 797/1/2
f 798/17/2 799/17/2 800/17/2
f 800/17/2 799/17/2 801/17/2
f 802/17/2 803/17/2 804/17/2
f 804/17/2 803/17/2 805/17/2
f 806/15/2 807/15/2 808/15/2
f 808/15/2 807/15/2 809/15/2
f 810/15/2 811/15/2 812/15/2
f 812/15/2 811/15/2 813/15/2
f 814/15/2 815/15/2 816/15/2
f 816/15/2 815/15/2 817/15/2
f 818/15/2 819/15/2 820/15/2
f 820/15/2 819/15/2 821/15/2
f 822/15/2 823/15/2 824/15/2
f 824/15/2 823/15/2 825/15/2
f 826/1/2 827/1/2 828/1/2
f 828/1/2 827/1/2 829/1/2
f 830/5/2 831/5/2 832/5/2
f 832/5/2 831/5/2 833/5/2
f 834/10/2 835/10/2 836/10/2
f 836/10/2 835/10/2 837/10/2
f 838/10/2 839/10/2 840/10/2
f 840/10/2 839/10/2 841/10/2
f 842/15/2 843/15/2 844/15/2
f 844/15/2 843/15/2 845/15/2
f 846/10/2 847/10/2 848/10/2
f 848/10/2 847/10/2 849/10/2
f 850/17/2 851/17/2 852/17/2
f 852/17/2 851/17/2 853/17/2
f 854/17/2 855/17/2 856/17/2
f 856/17/2 855/17/2 857/17/2
f 858/6/2 859/6/2 860/6/2
f 860/6/2 859/6/2 861/6/2
f 862/6/2 863/6/2 865/6/2
f 865/6/2 863/6/2 866/6/2
f 864/3/2 865/3/2 867/3/2
f 867/3/2 865/3/2 868/3/2
f 869/2/2 870/2/2 873/2/2
f 873/2/2 870/2/2 874/2/2
f 871/6/2 872/6/2 876/6/2
f 876/6/2 872/6/2 877/6/2
f 874/2/2 875/2/2 878/2/2
f 878/2/2 875/2/2 879/2/2
f 880/6/2 881/6/2 885/6/2
f 885/6/2 881/6/2 886/6/2
f 882/6/2 883/6/2 887/6/2
f 887/6/2 883/6/2 888/6/2
f 885/7/2 886/7/2 889/7/2
f 884/7/2 885/7/2 889/7/2
f 889/7/2 886/7/2 890/7/2
f 891/5/2 892/5/2 893/5/2
f 893/5/2 892/5/2 894/5/2
f 894/5/2 895/5/2 897/5/2
f 897/5/2 895/5/2 898/5/2
f 896/6/2 897/6/2 900/6/2
f 900/6/2 897/6/2 901/6/2
f 899/3/2 900/3/2 902/3/2
f 902/3/2 900/3/2 903/3/2
f 904/5/2 905/5/2 907/5/2
f 907/5/2 905/5/2 908/5/2
f 906/6/2 907/6/2 910/6/2
f 910/6/2 907/6/2 911/6/2
f 908/5/2 909/5/2 912/5/2
f 912/5/2 909/5/2 913/5/2
f 910/7/2 911/7/2 914/7/2
f 911/6/2 912/6/2 915/6/2
f 914/7/2 911/7/2 915/7/2
f 915/6/2 912/6/2 916/6/2
f 916/6/2 912/6/2 917/6/2
f 917/6/2 912/6/2 918/6/2
f 919/5/2 920/5/2 922/5/2
f 922/5/2 920/5/2 923/5/2
f 921/6/2 922/6/2 925/6/2
f 925/6/2 922/6/2 926/6/2
f 923/5/2 924/5/2 927/5/2
f 927/5/2 924/5/2 928/5/2
f 926/6/2 927/6/2 929/6/2
f 929/6/2 927/6/2 930/6/2
f 931/5/2 932/5/2 933/5/2
f 933/5/2 932/5/2 934/5/2
f 934/5/2 935/5/2 937/5/2
f 937/5/2 935/5/2 938/5/2
f 936/6/2 937/6/2 939/6/2
f 939/6/2 937/6/2 940/6/2
f 939/7/2 940/7/2 941/7/2
f 941/7/2 940/7/2 942/7/2
f 943/15/2 944/15/2 945/15/2
f 943/15/2 945/15/2 947/15/2
f 945/15/2 946/15/2 947/15/2
f 947/15/2 946/15/2 948/15/2
f 948/15/2 946/15/2 949/15/2
f 949/15/2 950/15/2 951/15/2
f 948/15/2 949/15/2 951/15/2
f 951/15/2 950/15/2 952/15/2
f 952/15/2 950/15/2 953/15/2
f 953/15/2 954/15/2 955/15/2
f 952/15/2 953/15/2 955/15/2
f 955/15/2 954/15/2 956/15/2
f 956/15/2 954/15/2 957/15/2
f 957/15/2 954/15/2 958/15/2
f 961/6/2 962/6/2 963/6/2
f 963/6/2 962/6/2 964/6/2
f 959/15/2 960/15/2 965/15/2
f 965/15/2 960/15/2 966/15/2
f 967/15/2 968/15/2 969/15/2
f 969/15/2 968/15/2 970/15/2
f 971/15/2 972/15/2 973/15/2
f 973/15/2 972/15/2 974/15/2
f 975/15/2 976/15/2 977/15/2
f 977/15/2 976/15/2 978/15/2
f 979/15/2 980/15/2 981/15/2
f 981/15/2 980/15/2 982/15/2
f 983/15/2 984/15/2 985/15/2
f 985/15/2 984/15/2 986/15/2
f 987/6/2 988/6/2 989/6/2
f 989/6/2 988/6/2 990/6/2
f 991/6/2 992/6/2 994/6/2
f 994/6/2 992/6/2 995/6/2
f 993/3/2 994/3/2 996/3/2
f 996/3/2 994/3/2 997/3/2
f 998/6/2 999/6/2 1000/6/2
f 1000/6/2 999/6/2 1001/6/2
f 1002/6/2 1003/6/2 1004/6/2
f 1004/6/2 1003/6/2 1005/6/2
f 1006/5/2 1007/5/2 1008/5/2
f 1008/5/2 1007/5/2 1009/5/2
f 1010/5/2 1011/5/2 1012/5/2
f 1012/5/2 1011/5/2 1013/5/2
f 1014/5/2 1015/5/2 1016/5/2
f 1016/5/2 1015/5/2 1017/5/2
f 1018/2/2 1019/2/2 1020/2/2
f 1020/2/2 1019/2/2 1021/2/2
f 1022/5/2 1023/5/2 1024/5/2
f 1024/5/2 1023/5/2 1025/5/2
f 1026/2/2 1027/2/2 1028/2/2
f 1028/2/2 1027/2/2 1029/2/2
f 1030/3/2 1031/3/2 1032/3/2
f 1032/3/2 1031/3/2 1033/3/2
f 1034/6/2 1035/6/2 1036/6/2
f 1036/6/2 1035/6/2 1037/6/2
f 1037/2/2 1038/2/2 1039/2/2
f 1039/2/2 1038/2/2 1040/2/2
f 1041/9/2 1042/9/2 1043/9/2
f 1043/9/2 1042/9/2 1044/9/2
f 1045/2/2 1046/2/2 1047/2/2
f 1047/2/2 1046/2/2 1048/2/2
f 1049/7/2 1050/7/2 1051/7/2
f 1051/7/2 1050/7/2 1052/7/2
f 1053/6/2 1054/6/2 1055/6/2
f 1055/6/2 1054/6/2 1056/6/2
f 1056/6/2 1057/6/2 1058/6/2
f 1058/6/2 1057/6/2 1059/6/2
f 1058/2/2 1059/2/2 1060/2/2
f 1060/2/2 1059/2/2 1061/2/2
f 1062/6/2 1063/6/2 1064/6/2
f 1064/6/2 1063/6/2 1065/6/2
f 1065/6/2 1066/6/2 1067/6/2
f 1067/6/2 1066/6/2 1068/6/2
f 1069/6/2 1070/6/2 1071/6/2
f 1071/6/2 1070/6/2 1072/6/2
f 1071/2/2 1072/2/2 1074/2/2
f 1072/6/2 1073/6/2 1075/6/2
f 1074/2/2 1072/2/2 1075/2/2
f 1075/6/2 1073/6/2 1076/6/2
f 1076/6/2 1073/6/2 1077/6/2
f 1075/6/2 1076/6/2 1078/6/2
f 1078/6/2 1076/6/2 1079/6/2
f 1080/7/2 1081/7/2 1083/7/2
f 1081/6/2 1082/6/2 1084/6/2
f 1083/7/2 1081/7/2 1084/7/2
f 1084/6/2 1082/6/2 1085/6/2
f 1086/6/2 1087/6/2 1088/6/2
f 1088/6/2 1087/6/2 1089/6/2
f 1090/6/2 1091/6/2 1092/6/2
f 1092/6/2 1091/6/2 1093/6/2
f 1094/6/2 1095/6/2 1096/6/2
f 1096/6/2 1095/6/2 1097/6/2
f 1098/5/2 1099/5/2 1100/5/2
f 1100/5/2 1099/5/2 1101/5/2
f 1102/5/2 1103/5/2 1104/5/2
f 1104/5/2 1103/5/2 1105/5/2
f 1106/5/2 1107/5/2 1109/5/2
f 1109/5/2 1107/5/2 1110/5/2
f 1108/6/2 1109/6/2 1111/6/2
f 1111/6/2 1109/6/2 1112/6/2
f 1112/6/2 1113/6/2 1114/6/2
f 1114/6/2 1113/6/2 1115/6/2
f 1115/6/2 1113/6/2 1116/6/2
f 1114/3/2 1115/3/2 1117/3/2
f 1117/3/2 1115/3/2 1118/3/2
f 1119/5/2 1120/5/2 1121/5/2
f 1121/5/2 1120/5/2 1122/5/2
f 1123/6/2 1124/6/2 1126/6/2
f 1124/6/2 1125/6/2 1126/6/2
f 1126/6/2 1125/6/2 1127/6/2
f 1127/6/2 1125/6/2 1128/6/2
f 1126/3/2 1127/3/2 1130/3/2
f 1130/3/2 1127/3/2 1131/3/2
f 1128/3/2 1129/3/2 1132/3/2
f 1132/3/2 1129/3/2 1133/3/2
f 1134/9/2 1135/9/2 1136/9/2
f 1136/9/2 1135/9/2 1137/9/2
f 1138/6/2 1139/6/2 1140/6/2
f 1140/6/2 1139/6/2 1141/6/2
f 1142/15/2 1143/15/2 1144/15/2
f 1144/15/2 1143/15/2 1145/15/2
f 1146/15/2 1147/15/2 1148/15/2
f 1148/15/2 1147/15/2 1149/15/2
f 1149/15/2 1147/15/2 1150/15/2
f 1150/15/2 1147/15/2 1151/15/2
f 1151/15/2 1147/15/2 1152/15/2
f 1152/15/2 1153/15/2 1154/15/2
f 1151/15/2 1152/15/2 1154/15/2
f 1154/15/2 1153/15/2 1155/15/2
f 1156/15/2 1157/15/2 1158/15/2
f 1158/15/2 1157/15/2 1159/15/2
f 1160/7/2 1161/7/2 1162/7/2
f 1162/7/2 1161/7/2 1163/7/2
f 1164/15/2 1165/15/2 1166/15/2
f 1166/15/2 1165/15/2 1167/15/2
f 1168/3/2 1169/3/2 1170/3/2
f 1170/3/2 1169/3/2 1171/3/2
f 1172/15/2 1173/15/2 1174/15/2
f 1174/15/2 1173/15/2 1175/15/2
f 1176/6/2 1177/6/2 1180/6/2
f 1180/6/2 1177/6/2 1181/6/2
f 1178/7/2 1179/7/2 1182/7/2
f 1182/7/2 1179/7/2 1183/7/2
f 1184/15/2 1185/15/2 1186/15/2
f 1186/15/2 1185/15/2 1187/15/2
f 1187/15/2 1188/15/2 1189/15/2
f 1189/15/2 1188/15/2 1190/15/2
f 1191/15/2 1192/15/2 1193/15/2
f 1193/15/2 1192/15/2 1194/15/2
f 1195/15/2 1196/15/2 1197/15/2
f 1197/15/2 1196/15/2 1198/15/2
f 1199/16/2 1200/16/2 1201/16/2
f 1201/16/2 1200/16/2 1202/16/2
f 1203/15/2 1204/15/2 1205/15/2
f 1205/15/2 1204/15/2 1206/15/2
f 1206/15/2 1204/15/2 1207/15/2
f 1205/5/2 1206/5/2 1209/5/2
f 1209/5/2 1206/5/2 1210/5/2
f 1210/5/2 1206/5/2 1211/5/2
f 1208/6/2 1209/6/2 1213/6/2
f 1209/5/2 1210/5/2 1214/5/2
f 1213/6/2 1209/6/2 1214/6/2
f 1214/5/2 1210/5/2 1215/5/2
f 1211/5/2 1212/5/2 1216/5/2
f 1216/5/2 1212/5/2 1217/5/2
f 1217/5/2 1212/5/2 1218/5/2
f 1213/7/2 1214/7/2 1219/7/2
f 1214/6/2 1215/6/2 1220/6/2
f 1219/7/2 1214/7/2 1220/7/2
f 1215/6/2 1216/6/2 1220/6/2
f 1216/6/2 1217/6/2 1220/6/2
f 1220/6/2 1217/6/2 1221/6/2
f 1221/6/2 1217/6/2 1222/6/2
f 1220/7/2 1221/7/2 1223/7/2
f 1223/7/2 1221/7/2 1224/7/2
f 1225/15/2 1226/15/2 1227/15/2
f 1227/15/2 1226/15/2 1228/15/2
f 1228/15/2 1226/15/2 1229/15/2
f 1227/5/2 1228/5/2 1231/5/2
f 1231/5/2 1228/5/2 1232/5/2
f 1230/6/2 1231/6/2 1234/6/2
f 1234/6/2 1231/6/2 1235/6/2
f 1232/5/2 1233/5/2 1236/5/2
f 1236/5/2 1233/5/2 1237/5/2
f 1237/5/2 1233/5/2 1238/5/2
f 1235/6/2 1236/6/2 1239/6/2
f 1236/6/2 1237/6/2 1239/6/2
f 1239/6/2 1237/6/2 1240/6/2
f 1240/6/2 1237/6/2 1241/6/2
f 1239/3/2 1240/3/2 1242/3/2
f 1242/3/2 1240/3/2 1243/3/2
f 1244/15/2 1245/15/2 1246/15/2
f 1246/15/2 1245/15/2 1247/15/2
f 1247/15/2 1245/15/2 1248/15/2
f 1246/5/2 1247/5/2 1250/5/2
f 1250/5/2 1247/5/2 1251/5/2
f 1251/5/2 1247/5/2 1252/5/2
f 1249/6/2 1250/6/2 1254/6/2
f 1250/5/2 1251/5/2 1255/5/2
f 1254/6/2 1250/6/2 1255/6/2
f 1255/5/2 1251/5/2 1256/5/2
f 1252/5/2 1253/5/2 1257/5/2
f 1257/5/2 1253/5/2 1258/5/2
f 1254/7/2 1255/7/2 1259/7/2
f 1259/7/2 1255/7/2 1260/7/2
f 1256/6/2 1257/6/2 1261/6/2
f 1261/6/2 1257/6/2 1262/6/2
f 1261/7/2 1262/7/2 1263/7/2
f 1263/7/2 1262/7/2 1264/7/2
f 1265/15/2 1266/15/2 1267/15/2
f 1265/15/2 1267/15/2 1269/15/2
f 1267/15/2 1268/15/2 1269/15/2
f 1269/15/2 1268/15/2 1270/15/2
f 1270/15/2 1268/15/2 1271/15/2
f 1269/5/2 1270/5/2 1272/5/2
f 1272/5/2 1270/5/2 1273/5/2
f 1269/5/2 1272/5/2 1275/5/2
f 1275/5/2 1272/5/2 1276/5/2
f 1273/5/2 1274/5/2 1277/5/2
f 1277/5/2 1274/5/2 1278/5/2
f 1277/6/2 1278/6/2 1281/6/2
f 1281/6/2 1278/6/2 1282/6/2
f 1279/3/2 1280/3/2 1283/3/2
f 1283/3/2 1280/3/2 1284/3/2
f 1285/15/2 1286/15/2 1287/15/2
f 1287/15/2 1286/15/2 1288/15/2
f 1289/6/2 1290/6/2 1291/6/2
f 1291/6/2 1290/6/2 1292/6/2
f 1293/6/2 1294/6/2 1295/6/2
f 1295/6/2 1294/6/2 1296/6/2
f 1297/6/2 1298/6/2 1300/6/2
f 1300/6/2 1298/6/2 1301/6/2
f 1299/6/2 1300/6/2 1302/6/2
f 1302/6/2 1300/6/2 1303/6/2
f 1304/6/2 1305/6/2 1307/6/2
f 1306/3/2 1307/3/2 1308/3/2
f 1307/6/2 1305/6/2 1309/6/2
f 1308/3/2 1307/3/2 1309/3/2
f 1309/6/2 1305/6/2 1310/6/2
f 1311/1/2 1312/1/2 1313/1/2
f 1313/1/2 1312/1/2 1314/1/2
f 1315/15/2 1316/15/2 1317/15/2
f 1317/15/2 1316/15/2 1318/15/2
f 1319/15/2 1320/15/2 1321/15/2
f 1321/15/2 1320/15/2 1322/15/2
f 1323/5/2 1324/5/2 1325/5/2
f 1325/5/2 1324/5/2 1326/5/2
f 1327/10/2 1328/10/2 1329/10/2
f 1329/10/2 1328/10/2 1330/10/2
f 1331/10/2 1332/10/2 1333/10/2
f 1333/10/2 1332/10/2 1334/10/2
f 1335/15/2 1336/15/2 1337/15/2
f 1337/15/2 1336/15/2 1338/15/2
f 1339/10/2 1340/10/2 1341/10/2
f 1341/10/2 1340/10/2 1342/10/2
f 1343/1/2 1344/1/2 1345/1/2
f 1345/1/2 1344/1/2 1346/1/2
f 1347/1/2 1348/1/2 1349/1/2
f 1349/1/2 1348/1/2 1350/1/2
f 1351/1/2 1352/1/2 1353/1/2
f 1353/1/2 1352/1/2 1354/1/2
f 1355/1/2 1356/1/2 1357/1/2
f 1357/1/2 1356/1/2 1358/1/2
f 1359/1/2 1360/1/2 1361/1/2
f 1361/1/2 1360/1/2 1362/1/2
f 1363/16/2 1364/16/2 1365/16/2
f 1365/16/2 1364/16/2 1366/16/2
f 1367/15/2 1368/15/2 1369/15/2
f 1369/15/2 1368/15/2 1370/15/2
f 1371/17/2 1372/17/2 1373/17/2
f 1373/17/2 1372/17/2 1374/17/2
f 1375/1/2 1376/1/2 1377/1/2
f 1377/1/2 1376/1/2 1378/1/2
f 1379/17/2 1380/17/2 1381/17/2
f 1381/17/2 1380/17/2 1382/17/2
f 1383/15/2 1384/15/2 1385/15/2
f 1385/15/2 1384/15/2 1386/15/2
f 1387/15/2 1388/15/2 1389/15/2
f 1389/15/2 1388/15/2 1390/15/2
f 1391/15/2 1392/15/2 1393/15/2
f 1393/15/2 1392/15/2 1394/15/2
f 1395/15/2 1396/15/2 1397/15/2
f 1397/15/2 1396/15/2 1398/15/2
f 1399/15/2 1400/15/2 1401/15/2
f 1401/15/2 1400/15/2 1402/15/2
f 1403/17/2 1404/17/2 1405/17/2
f 1405/17/2 1404/17/2 1406/17/2
f 1407/17/2 1408/17/2 1409/17/2
f 1409/17/2 1408/17/2 1410/17/2
f 1411/1/2 1412/1/2 1415/1/2
f 1415/1/2 1412/1/2 1416/1/2
f 1413/1/2 1414/1/2 1417/1/2
f 1417/1/2 1414/1/2 1418/1/2
f 1419/5/2 1420/5/2 1421/5/2
f 1421/5/2 1420/5/2 1422/5/2
f 1423/10/2 1424/10/2 1425/10/2
f 1425/10/2 1424/10/2 1426/10/2
f 1429/10/2 1430/10/2 1431/10/2
f 1431/10/2 1430/10/2 1432/10/2
f 1427/1/2 1428/1/2 1433/1/2
f 1433/1/2 1428/1/2 1434/1/2
f 1435/1/2 1436/1/2 1437/1/2
f 1437/1/2 1436/1/2 1438/1/2
f 1439/1/2 1440/1/2 1441/1/2
f 1441/1/2 1440/1/2 1442/1/2
f 1443/1/2 1444/1/2 1445/1/2
f 1445/1/2 1444/1/2 1446/1/2
f 1447/1/2 1448/1/2 1449/1/2
f 1449/1/2 1448/1/2 1450/1/2
f 1451/15/2 1452/15/2 1455/15/2
f 1455/15/2 1452/15/2 1456/15/2
f 1453/16/2 1454/16/2 1457/16/2
f 1457/16/2 1454/16/2 1458/16/2
f 1459/10/2 1460/10/2 1461/10/2
f 1461/10/2 1460/10/2 1462/10/2
f 1463/15/2 1464/15/2 1465/15/2
f 1465/15/2 1464/15/2 1466/15/2
f 1467/15/2 1468/15/2 1469/15/2
f 1469/15/2 1468/15/2 1470/15/2
f 1471/15/2 1472/15/2 1473/15/2
f 1473/15/2 1472/15/2 1474/15/2
f 1475/15/2 1476/15/2 1477/15/2
f 1477/15/2 1476/15/2 1478/15/2
f 1479/15/2 1480/15/2 1481/15/2
f 1481/15/2 1480/15/2 1482/15/2
f 1483/16/2 1484/16/2 1485/16/2
f 1485/16/2 1484/16/2 1486/16/2
f 1489/16/3 1488/16/3 1487/16/3
f 1490/16/3 1488/16/3 1489/16/3
f 1495/15/3 1492/15/3 1491/15/3
f 1496/15/3 1492/15/3 1495/15/3
f 1497/10/3 1494/10/3 1493/10/3
f 1498/10/3 1494/10/3 1497/10/3
f 1503/15/3 1500/15/3 1499/15/3
f 1504/15/3 1500/15/3 1503/15/3
f 1505/10/3 1502/10/3 1501/10/3
f 1506/10/3 1502/10/3 1505/10/3
f 1511/15/3 1508/15/3 1507/15/3
f 1512/15/3 1508/15/3 1511/15/3
f 1513/10/3 1510/10/3 1509/10/3
f 1514/10/3 1510/10/3 1513/10/3
f 1519/15/3 1516/15/3 1515/15/3
f 1520/15/3 1516/15/3 1519/15/3
f 1521/10/3 1518/10/3 1517/10/3
f 1522/10/3 1518/10/3 1521/10/3
f 1525/10/3 1524/10/3 1523/10/3
f 1526/10/3 1524/10/3 1525/10/3
f 1529/10/3 1528/10/3 1527/10/3
f 1530/10/3 1528/10/3 1529/10/3
f 1533/15/3 1532/15/3 1531/15/3
f 1534/15/3 1532/15/3 1533/15/3
f 1535/15/3 1532/15/3 1534/15/3
f 1538/15/3 1537/15/3 1536/15/3
f 1539/15/3 1537/15/3 1538/15/3
f 1540/15/3 1537/15/3 1539/15/3
f 1543/10/3 1542/10/3 1541/10/3
f 1544/10/3 1542/10/3 1543/10/3
f 1547/10/3 1546/10/3 1545/10/3
f 1548/10/3 1546/10/3 1547/10/3
f 1553/5/3 1550/5/3 1549/5/3
f 1554/5/3 1550/5/3 1553/5/3
f 1555/10/3 1552/10/3 1551/10/3
f 1556/10/3 1552/10/3 1555/10/3
f 1561/5/3 1558/5/3 1557/5/3
f 1562/5/3 1558/5/3 1561/5/3
f 1563/10/3 1560/10/3 1559/10/3
f 1564/10/3 1560/10/3 1563/10/3
f 1569/5/3 1566/5/3 1565/5/3
f 1570/5/3 1566/5/3 1569/5/3
f 1571/10/3 1568/10/3 1567/10/3
f 1572/10/3 1568/10/3 1571/10/3
f 1577/5/3 1574/5/3 1573/5/3
f 1578/5/3 1574/5/3 1577/5/3
f 1579/10/3 1576/10/3 1575/10/3
f 1580/10/3 1576/10/3 1579/10/3
f 1583/15/3 1582/15/3 1581/15/3
f 1584/15/3 1582/15/3 1583/15/3
f 1587/15/3 1586/15/3 1585/15/3
f 1588/15/3 1586/15/3 1587/15/3
f 1591/15/3 1590/15/3 1589/15/3
f 1592/15/3 1590/15/3 1591/15/3
f 1595/15/3 1594/15/3 1593/15/3
f 1596/15/3 1594/15/3 1595/15/3
f 1599/15/3 1598/15/3 1597/15/3
f 1600/15/3 1598/15/3 1599/15/3
f 1603/15/3 1602/15/3 1601/15/3
f 1604/15/3 1602/15/3 1603/15/3
f 1614/6/3 1606/6/3 1605/6/3
f 1615/6/3 1606/6/3 1614/6/3
f 1616/6/3 1608/6/3 1607/6/3
f 1618/6/3 1610/6/3 1609/6/3
f 1618/2/3 1611/2/3 1610/2/3
f 1619/2/3 1611/2/3 1618/2/3
f 1620/7/3 1613/7/3 1612/7/3
f 1621/7/3 1613/7/3 1620/7/3
f 1622/6/3 1616/6/3 1607/6/3
f 1623/7/3 1617/7/3 1616/7/3
f 1623/6/3 1616/6/3 1622/6/3
f 1624/7/3 1617/7/3 1623/7/3
f 1625/6/3 1618/6/3 1609/6/3
f 1626/6/3 1618/6/3 1625/6/3
f 1632/6/3 1630/6/3 1629/6/3
f 1633/3/3 1631/3/3 1630/3/3
f 1633/6/3 1630/6/3 1632/6/3
f 1634/3/3 1631/3/3 1633/3/3
f 1636/6/3 1628/6/3 1627/6/3
f 1637/6/3 1628/6/3 1636/6/3
f 1642/6/3 1634/6/3 1633/6/3
f 1643/2/3 1635/2/3 1634/2/3
f 1643/6/3 1634/6/3 1642/6/3
f 1644/2/3 1635/2/3 1643/2/3
f 1650/7/3 1640/7/3 1639/7/3
f 1650/6/3 1639/6/3 1638/6/3
f 1651/7/3 1640/7/3 1650/7/3
f 1652/6/3 1642/6/3 1641/6/3
f 1652/3/3 1643/3/3 1642/3/3
f 1653/3/3 1643/3/3 1652/3/3
f 1655/6/3 1646/6/3 1645/6/3
f 1656/6/3 1646/6/3 1655/6/3
f 1657/6/3 1651/6/3 1650/6/3
f 1657/6/3 1650/6/3 1638/6/3
f 1658/6/3 1651/6/3 1657/6/3
f 1659/6/3 1652/6/3 1641/6/3
f 1660/6/3 1652/6/3 1659/6/3
f 1661/6/3 1655/6/3 1654/6/3
f 1662/6/3 1655/6/3 1661/6/3
f 1663/6/3 1648/6/3 1647/6/3
f 1664/2/3 1649/2/3 1648/2/3
f 1664/6/3 1648/6/3 1663/6/3
f 1665/2/3 1649/2/3 1664/2/3
f 1666/7/3 1658/7/3 1657/7/3
f 1666/6/3 1657/6/3 1638/6/3
f 1667/7/3 1658/7/3 1666/7/3
f 1672/6/3 1666/6/3 1638/6/3
f 1673/6/3 1666/6/3 1672/6/3
f 1674/6/3 1671/6/3 1670/6/3
f 1675/6/3 1671/6/3 1674/6/3
f 1678/6/3 1669/6/3 1668/6/3
f 1679/6/3 1669/6/3 1678/6/3
f 1680/6/3 1676/6/3 1675/6/3
f 1681/3/3 1677/3/3 1676/3/3
f 1681/6/3 1676/6/3 1680/6/3
f 1682/3/3 1677/3/3 1681/3/3
f 1692/6/3 1684/6/3 1683/6/3
f 1693/7/3 1685/7/3 1684/7/3
f 1693/6/3 1684/6/3 1692/6/3
f 1694/7/3 1685/7/3 1693/7/3
f 1695/6/3 1687/6/3 1686/6/3
f 1695/3/3 1688/3/3 1687/3/3
f 1696/3/3 1688/3/3 1695/3/3
f 1698/6/3 1690/6/3 1689/6/3
f 1699/7/3 1691/7/3 1690/7/3
f 1699/6/3 1690/6/3 1698/6/3
f 1700/7/3 1691/7/3 1699/7/3
f 1701/6/3 1692/6/3 1683/6/3
f 1702/7/3 1693/7/3 1692/7/3
f 1702/6/3 1692/6/3 1701/6/3
f 1703/7/3 1693/7/3 1702/7/3
f 1704/6/3 1695/6/3 1686/6/3
f 1705/6/3 1695/6/3 1704/6/3
f 1706/6/3 1698/6/3 1697/6/3
f 1707/7/3 1699/7/3 1698/7/3
f 1707/6/3 1698/6/3 1706/6/3
f 1708/7/3 1699/7/3 1707/7/3
f 1716/6/3 1710/6/3 1709/6/3
f 1717/6/3 1710/6/3 1716/6/3
f 1722/6/3 1712/6/3 1711/6/3
f 1723/6/3 1712/6/3 1722/6/3
f 1724/7/3 1713/7/3 1712/7/3
f 1724/6/3 1712/6/3 1723/6/3
f 1725/7/3 1713/7/3 1724/7/3
f 1737/5/3 1716/5/3 1715/5/3
f 1738/6/3 1718/6/3 1717/6/3
f 1739/6/3 1725/6/3 1724/6/3
f 1740/6/3 1725/6/3 1739/6/3
f 1742/2/3 1730/2/3 1729/2/3
f 1743/2/3 1730/2/3 1742/2/3
f 1744/6/3 1734/6/3 1733/6/3
f 1744/5/3 1733/5/3 1732/5/3
f 1745/6/3 1734/6/3 1744/6/3
f 1746/15/3 1715/15/3 1714/15/3
f 1746/5/3 1737/5/3 1715/5/3
f 1746/5/3 1738/5/3 1737/5/3
f 1747/5/3 1738/5/3 1746/5/3
f 1748/3/3 1719/3/3 1718/3/3
f 1748/6/3 1718/6/3 1738/6/3
f 1749/3/3 1719/3/3 1748/3/3
f 1750/15/3 1721/15/3 1720/15/3
f 1750/5/3 1723/5/3 1722/5/3
f 1750/5/3 1722/5/3 1721/5/3
f 1751/5/3 1723/5/3 1750/5/3
f 1753/15/3 1727/15/3 1726/15/3
f 1753/5/3 1728/5/3 1727/5/3
f 1754/5/3 1728/5/3 1753/5/3
f 1755/6/3 1742/6/3 1741/6/3
f 1756/6/3 1742/6/3 1755/6/3
f 1757/5/3 1744/5/3 1732/5/3
f 1757/15/3 1732/15/3 1731/15/3
f 1758/5/3 1744/5/3 1757/5/3
f 1761/6/3 1748/6/3 1738/6/3
f 1761/5/3 1738/5/3 1747/5/3
f 1762/6/3 1748/6/3 1761/6/3
f 1763/5/3 1744/5/3 1758/5/3
f 1764/5/3 1744/5/3 1763/5/3
f 1766/15/3 1746/15/3 1714/15/3
f 1767/5/3 1761/5/3 1747/5/3
f 1768/15/3 1750/15/3 1720/15/3
f 1769/5/3 1752/5/3 1751/5/3
f 1770/15/3 1753/15/3 1726/15/3
f 1771/5/3 1755/5/3 1754/5/3
f 1772/5/3 1755/5/3 1771/5/3
f 1775/15/3 1757/15/3 1731/15/3
f 1777/5/3 1771/5/3 1770/5/3
f 1779/3/3 1774/3/3 1773/3/3
f 1780/3/3 1774/3/3 1779/3/3
f 1781/5/3 1776/5/3 1775/5/3
f 1782/6/3 1765/6/3 1764/6/3
f 1783/6/3 1765/6/3 1782/6/3
f 1785/5/3 1767/5/3 1766/5/3
f 1785/15/3 1766/15/3 1714/15/3
f 1786/5/3 1761/5/3 1767/5/3
f 1786/5/3 1767/5/3 1785/5/3
f 1787/5/3 1761/5/3 1786/5/3
f 1790/15/3 1768/15/3 1720/15/3
f 1790/5/3 1769/5/3 1768/5/3
f 1791/5/3 1752/5/3 1769/5/3
f 1791/5/3 1769/5/3 1790/5/3
f 1792/5/3 1752/5/3 1791/5/3
f 1793/5/3 1778/5/3 1777/5/3
f 1793/15/3 1770/15/3 1726/15/3
f 1793/5/3 1777/5/3 1770/5/3
f 1794/5/3 1778/5/3 1793/5/3
f 1795/5/3 1778/5/3 1794/5/3
f 1796/5/3 1781/5/3 1775/5/3
f 1796/5/3 1782/5/3 1781/5/3
f 1796/15/3 1775/15/3 1731/15/3
f 1797/5/3 1782/5/3 1796/5/3
f 1798/6/3 1783/6/3 1782/6/3
f 1798/5/3 1782/5/3 1797/5/3
f 1799/2/3 1784/2/3 1783/2/3
f 1799/6/3 1783/6/3 1798/6/3
f 1800/5/3 1787/5/3 1786/5/3
f 1801/6/3 1788/6/3 1787/6/3
f 1801/5/3 1787/5/3 1800/5/3
f 1802/2/3 1789/2/3 1788/2/3
f 1802/6/3 1788/6/3 1801/6/3
f 1803/2/3 1789/2/3 1802/2/3
f 1809/5/3 1798/5/3 1797/5/3
f 1810/5/3 1798/5/3 1809/5/3
f 1811/2/3 1784/2/3 1799/2/3
f 1812/2/3 1784/2/3 1811/2/3
f 1815/7/3 1805/7/3 1804/7/3
f 1816/7/3 1805/7/3 1815/7/3
f 1818/6/3 1807/6/3 1806/6/3
f 1819/2/3 1808/2/3 1807/2/3
f 1819/6/3 1807/6/3 1818/6/3
f 1820/2/3 1808/2/3 1819/2/3
f 1822/6/3 1811/6/3 1810/6/3
f 1823/6/3 1811/6/3 1822/6/3
f 1824/15/3 1785/15/3 1714/15/3
f 1827/6/3 1814/6/3 1813/6/3
f 1828/6/3 1814/6/3 1827/6/3
f 1829/15/3 1790/15/3 1720/15/3
f 1831/15/3 1793/15/3 1726/15/3
f 1832/5/3 1818/5/3 1817/5/3
f 1833/5/3 1818/5/3 1832/5/3
f 1835/15/3 1796/15/3 1731/15/3
f 1836/5/3 1822/5/3 1821/5/3
f 1837/5/3 1822/5/3 1836/5/3
f 1839/5/3 1830/5/3 1829/5/3
f 1841/6/3 1834/6/3 1833/6/3
f 1843/5/3 1836/5/3 1835/5/3
f 1844/6/3 1838/6/3 1837/6/3
f 1845/6/3 1838/6/3 1844/6/3
f 1846/5/3 1826/5/3 1825/5/3
f 1846/15/3 1824/15/3 1714/15/3
f 1846/5/3 1825/5/3 1824/5/3
f 1847/5/3 1826/5/3 1846/5/3
f 1848/5/3 1826/5/3 1847/5/3
f 1850/5/3 1840/5/3 1839/5/3
f 1850/15/3 1829/15/3 1720/15/3
f 1850/5/3 1839/5/3 1829/5/3
f 1851/5/3 1840/5/3 1850/5/3
f 1852/15/3 1831/15/3 1726/15/3
f 1852/5/3 1832/5/3 1831/5/3
f 1853/5/3 1832/5/3 1852/5/3
f 1854/6/3 1841/6/3 1833/6/3
f 1855/3/3 1842/3/3 1841/3/3
f 1855/6/3 1841/6/3 1854/6/3
f 1856/3/3 1842/3/3 1855/3/3
f 1857/5/3 1843/5/3 1835/5/3
f 1857/15/3 1835/15/3 1731/15/3
f 1857/5/3 1844/5/3 1843/5/3
f 1858/5/3 1844/5/3 1857/5/3
f 1859/5/3 1844/5/3 1858/5/3
f 1860/15/3 1760/15/3 1759/15/3
f 1861/15/3 1760/15/3 1860/15/3
f 1862/5/3 1840/5/3 1851/5/3
f 1864/15/3 1846/15/3 1714/15/3
f 1865/5/3 1848/5/3 1847/5/3
f 1866/6/3 1849/6/3 1848/6/3
f 1866/5/3 1848/5/3 1865/5/3
f 1867/6/3 1849/6/3 1866/6/3
f 1868/15/3 1850/15/3 1720/15/3
f 1869/5/3 1862/5/3 1851/5/3
f 1870/6/3 1863/6/3 1862/6/3
f 1870/5/3 1862/5/3 1869/5/3
f 1871/6/3 1863/6/3 1870/6/3
f 1872/15/3 1852/15/3 1726/15/3
f 1873/5/3 1854/5/3 1853/5/3
f 1874/5/3 1854/5/3 1873/5/3
f 1875/15/3 1857/15/3 1731/15/3
f 1876/5/3 1859/5/3 1858/5/3
f 1882/5/3 1874/5/3 1873/5/3
f 1882/5/3 1873/5/3 1872/5/3
f 1883/5/3 1874/5/3 1882/5/3
f 1884/5/3 1876/5/3 1875/5/3
f 1884/5/3 1859/5/3 1876/5/3
f 1887/15/3 1864/15/3 1714/15/3
f 1888/5/3 1865/5/3 1864/5/3
f 1888/15/3 1864/15/3 1887/15/3
f 1889/5/3 1865/5/3 1888/5/3
f 1890/7/3 1878/7/3 1877/7/3
f 1891/7/3 1878/7/3 1890/7/3
f 1892/15/3 1868/15/3 1720/15/3
f 1893/5/3 1869/5/3 1868/5/3
f 1893/15/3 1868/15/3 1892/15/3
f 1894/5/3 1869/5/3 1893/5/3
f 1895/6/3 1880/6/3 1879/6/3
f 1896/3/3 1881/3/3 1880/3/3
f 1896/6/3 1880/6/3 1895/6/3
f 1897/3/3 1881/3/3 1896/3/3
f 1898/15/3 1872/15/3 1726/15/3
f 1899/5/3 1882/5/3 1872/5/3
f 1899/15/3 1872/15/3 1898/15/3
f 1900/5/3 1882/5/3 1899/5/3
f 1903/15/3 1875/15/3 1731/15/3
f 1904/5/3 1884/5/3 1875/5/3
f 1904/15/3 1875/15/3 1903/15/3
f 1905/6/3 1885/6/3 1884/6/3
f 1905/5/3 1884/5/3 1904/5/3
f 1906/3/3 1886/3/3 1885/3/3
f 1906/6/3 1885/6/3 1905/6/3
f 1907/3/3 1886/3/3 1906/3/3
f 1908/15/3 1736/15/3 1735/15/3
f 1909/15/3 1736/15/3 1908/15/3
f 1910/6/3 1895/6/3 1894/6/3
f 1911/6/3 1895/6/3 1910/6/3
f 1912/6/3 1902/6/3 1901/6/3
f 1913/6/3 1902/6/3 1912/6/3
f 1914/3/3 1906/3/3 1905/3/3
f 1915/3/3 1906/3/3 1914/3/3
f 1922/6/3 1917/6/3 1916/6/3
f 1923/6/3 1917/6/3 1922/6/3
f 1926/6/3 1919/6/3 1918/6/3
f 1927/6/3 1919/6/3 1926/6/3
f 1928/7/3 1921/7/3 1920/7/3
f 1929/7/3 1921/7/3 1928/7/3
f 1934/7/3 1925/7/3 1924/7/3
f 1935/7/3 1925/7/3 1934/7/3
f 1945/6/3 1935/6/3 1934/6/3
f 1946/6/3 1935/6/3 1945/6/3
f 1947/6/3 1941/6/3 1940/6/3
f 1948/7/3 1942/7/3 1941/7/3
f 1948/6/3 1941/6/3 1947/6/3
f 1949/7/3 1942/7/3 1948/7/3
f 1952/2/3 1951/2/3 1950/2/3
f 1953/2/3 1951/2/3 1952/2/3
f 1956/6/3 1955/6/3 1954/6/3
f 1957/6/3 1955/6/3 1956/6/3
f 1961/3/3 1959/3/3 1958/3/3
f 1962/3/3 1959/3/3 1961/3/3
f 1963/6/3 1961/6/3 1960/6/3
f 1964/6/3 1961/6/3 1963/6/3
f 1967/15/3 1931/15/3 1930/15/3
f 1968/15/3 1931/15/3 1967/15/3
f 1969/7/3 1966/7/3 1965/7/3
f 1970/7/3 1966/7/3 1969/7/3
f 1971/15/3 1933/15/3 1932/15/3
f 1972/15/3 1933/15/3 1971/15/3
f 1973/15/3 1937/15/3 1936/15/3
f 1974/15/3 1937/15/3 1973/15/3
f 1977/15/3 1939/15/3 1938/15/3
f 1978/15/3 1939/15/3 1977/15/3
f 1979/15/3 1944/15/3 1943/15/3
f 1980/15/3 1944/15/3 1979/15/3
f 1985/7/3 1976/7/3 1975/7/3
f 1986/7/3 1976/7/3 1985/7/3
f 1989/6/3 1982/6/3 1981/6/3
f 1990/6/3 1982/6/3 1989/6/3
f 1991/6/3 1984/6/3 1983/6/3
f 1992/6/3 1984/6/3 1991/6/3
f 1993/6/3 1988/6/3 1987/6/3
f 1994/6/3 1988/6/3 1993/6/3
f 1997/6/3 1996/6/3 1995/6/3
f 1998/6/3 1996/6/3 1997/6/3
f 2001/6/3 2000/6/3 1999/6/3
f 2002/6/3 2000/6/3 2001/6/3
f 2025/15/3 2024/15/3 2023/15/3
f 2026/15/3 2024/15/3 2025/15/3
f 2027/15/3 2016/15/3 2015/15/3
f 2028/15/3 2016/15/3 2027/15/3
f 2029/15/3 2018/15/3 2017/15/3
f 2030/15/3 2018/15/3 2029/15/3
f 2031/15/3 2020/15/3 2019/15/3
f 2032/15/3 2020/15/3 2031/15/3
f 2033/15/3 2022/15/3 2021/15/3
f 2034/15/3 2022/15/3 2033/15/3
f 2035/15/3 2006/15/3 2005/15/3
f 2036/15/3 2006/15/3 2035/15/3
f 2037/15/3 2008/15/3 2007/15/3
f 2038/15/3 2008/15/3 2037/15/3
f 2039/15/3 2010/15/3 2009/15/3
f 2040/15/3 2010/15/3 2039/15/3
f 2041/15/3 2012/15/3 2011/15/3
f 2042/15/3 2012/15/3 2041/15/3
f 2043/15/3 2014/15/3 2013/15/3
f 2044/15/3 2014/15/3 2043/15/3
f 2045/16/3 2004/16/3 2003/16/3
f 2046/16/3 2004/16/3 2045/16/3
f 2051/16/3 2048/16/3 2047/16/3
f 2052/16/3 2048/16/3 2051/16/3
f 2059/15/3 2050/15/3 2049/15/3
f 2062/15/3 2014/15/3 2044/15/3
f 2063/16/3 2051/16/3 2047/16/3
f 2075/15/3 2066/15/3 2065/15/3
f 2076/15/3 2066/15/3 2075/15/3
f 2077/15/3 2068/15/3 2067/15/3
f 2078/15/3 2068/15/3 2077/15/3
f 2079/15/3 2070/15/3 2069/15/3
f 2080/15/3 2070/15/3 2079/15/3
f 2081/15/3 2072/15/3 2071/15/3
f 2082/15/3 2072/15/3 2081/15/3
f 2083/15/3 2074/15/3 2073/15/3
f 2084/15/3 2074/15/3 2083/15/3
f 2085/16/3 2063/16/3 2047/16/3
f 2085/16/3 2064/16/3 2063/16/3
f 2086/16/3 2064/16/3 2085/16/3
f 2087/15/3 2054/15/3 2053/15/3
f 2088/15/3 2054/15/3 2087/15/3
f 2089/15/3 2056/15/3 2055/15/3
f 2090/15/3 2056/15/3 2089/15/3
f 2091/15/3 2058/15/3 2057/15/3
f 2092/15/3 2058/15/3 2091/15/3
f 2093/15/3 2060/15/3 2059/15/3
f 2093/15/3 2059/15/3 2049/15/3
f 2094/15/3 2060/15/3 2093/15/3
f 2095/15/3 2062/15/3 2061/15/3
f 2096/15/3 2014/15/3 2062/15/3
f 2096/15/3 2062/15/3 2095/15/3
f 2107/1/3 2100/1/3 2099/1/3
f 2108/1/3 2100/1/3 2107/1/3
f 2109/1/3 2102/1/3 2101/1/3
f 2110/1/3 2102/1/3 2109/1/3
f 2111/1/3 2104/1/3 2103/1/3
f 2112/1/3 2104/1/3 2111/1/3
f 2113/1/3 2106/1/3 2105/1/3
f 2114/1/3 2106/1/3 2113/1/3
f 2115/1/3 2098/1/3 2097/1/3
f 2116/1/3 2098/1/3 2115/1/3
f 2117/1/3 2098/1/3 2116/1/3
f 2118/1/3 2100/1/3 2108/1/3
f 2119/1/3 2100/1/3 2118/1/3
f 2120/1/3 2102/1/3 2110/1/3
f 2121/1/3 2102/1/3 2120/1/3
f 2122/1/3 2104/1/3 2112/1/3
f 2123/1/3 2104/1/3 2122/1/3
f 2124/1/3 2106/1/3 2114/1/3
f 2125/1/3 2106/1/3 2124/1/3
f 2127/1/3 2098/1/3 2117/1/3
f 2129/1/3 2100/1/3 2119/1/3
f 2131/1/3 2102/1/3 2121/1/3
f 2133/1/3 2104/1/3 2123/1/3
f 2135/1/3 2106/1/3 2125/1/3
f 2136/1/3 2115/1/3 2097/1/3
f 2137/1/3 2127/1/3 2126/1/3
f 2138/1/3 2107/1/3 2099/1/3
f 2139/1/3 2129/1/3 2128/1/3
f 2140/1/3 2109/1/3 2101/1/3
f 2141/1/3 2131/1/3 2130/1/3
f 2142/1/3 2111/1/3 2103/1/3
f 2143/1/3 2133/1/3 2132/1/3
f 2144/1/3 2113/1/3 2105/1/3
f 2145/1/3 2135/1/3 2134/1/3
f 2146/1/3 2139/1/3 2138/1/3
f 2146/1/3 2129/1/3 2139/1/3
f 2147/1/3 2129/1/3 2146/1/3
f 2148/1/3 2141/1/3 2140/1/3
f 2148/1/3 2131/1/3 2141/1/3
f 2149/1/3 2131/1/3 2148/1/3
f 2150/1/3 2143/1/3 2142/1/3
f 2150/1/3 2133/1/3 2143/1/3
f 2151/1/3 2133/1/3 2150/1/3
f 2152/1/3 2145/1/3 2144/1/3
f 2152/1/3 2135/1/3 2145/1/3
f 2153/1/3 2135/1/3 2152/1/3
f 2154/1/3 2136/1/3 2097/1/3
f 2154/1/3 2137/1/3 2136/1/3
f 2155/1/3 2127/1/3 2137/1/3
f 2155/1/3 2137/1/3 2154/1/3
f 2156/1/3 2098/1/3 2127/1/3
f 2156/1/3 2127/1/3 2155/1/3
f 2157/1/3 2098/1/3 2156/1/3
f 2158/1/3 2138/1/3 2099/1/3
f 2158/1/3 2146/1/3 2138/1/3
f 2159/1/3 2146/1/3 2158/1/3
f 2160/1/3 2129/1/3 2147/1/3
f 2161/1/3 2100/1/3 2129/1/3
f 2161/1/3 2129/1/3 2160/1/3
f 2162/1/3 2100/1/3 2161/1/3
f 2163/1/3 2140/1/3 2101/1/3
f 2163/1/3 2148/1/3 2140/1/3
f 2164/1/3 2148/1/3 2163/1/3
f 2165/1/3 2131/1/3 2149/1/3
f 2166/1/3 2102/1/3 2131/1/3
f 2166/1/3 2131/1/3 2165/1/3
f 2167/1/3 2102/1/3 2166/1/3
f 2168/1/3 2142/1/3 2103/1/3
f 2168/1/3 2150/1/3 2142/1/3
f 2169/1/3 2150/1/3 2168/1/3
f 2170/1/3 2133/1/3 2151/1/3
f 2171/1/3 2104/1/3 2133/1/3
f 2171/1/3 2133/1/3 2170/1/3
f 2172/1/3 2104/1/3 2171/1/3
f 2173/1/3 2152/1/3 2144/1/3
f 2173/1/3 2144/1/3 2105/1/3
f 2174/1/3 2152/1/3 2173/1/3
f 2175/1/3 2135/1/3 2153/1/3
f 2176/1/3 2106/1/3 2135/1/3
f 2176/1/3 2135/1/3 2175/1/3
f 2177/1/3 2106/1/3 2176/1/3
f 2178/15/3 2159/15/3 2158/15/3
f 2179/15/3 2161/15/3 2160/15/3
f 2180/15/3 2164/15/3 2163/15/3
f 2181/15/3 2166/15/3 2165/15/3
f 2182/15/3 2169/15/3 2168/15/3
f 2183/15/3 2171/15/3 2170/15/3
f 2184/15/3 2174/15/3 2173/15/3
f 2185/15/3 2176/15/3 2175/15/3
f 2186/15/3 2156/15/3 2155/15/3
f 2187/15/3 2156/15/3 2186/15/3
f 2188/15/3 2179/15/3 2178/15/3
f 2188/15/3 2178/15/3 2158/15/3
f 2189/15/3 2161/15/3 2179/15/3
f 2189/15/3 2179/15/3 2188/15/3
f 2190/15/3 2181/15/3 2180/15/3
f 2190/15/3 2180/15/3 2163/15/3
f 2191/15/3 2166/15/3 2181/15/3
f 2191/15/3 2181/15/3 2190/15/3
f 2192/15/3 2183/15/3 2182/15/3
f 2192/15/3 2182/15/3 2168/15/3
f 2193/15/3 2171/15/3 2183/15/3
f 2193/15/3 2183/15/3 2192/15/3
f 2194/15/3 2184/15/3 2173/15/3
f 2194/15/3 2185/15/3 2184/15/3
f 2195/15/3 2176/15/3 2185/15/3
f 2195/15/3 2185/15/3 2194/15/3
f 2198/16/3 2197/16/3 2196/16/3
f 2199/16/3 2197/16/3 2198/16/3
f 2204/15/3 2156/15/3 2187/15/3
f 2206/15/3 2161/15/3 2189/15/3
f 2208/15/3 2166/15/3 2191/15/3
f 2210/15/3 2171/15/3 2193/15/3
f 2212/15/3 2176/15/3 2195/15/3
f 2213/15/3 2201/15/3 2200/15/3
f 2213/9/3 2202/9/3 2201/9/3
f 2214/12/3 2203/12/3 2202/12/3
f 2214/9/3 2202/9/3 2213/9/3
f 2215/15/3 2206/15/3 2205/15/3
f 2216/15/3 2206/15/3 2215/15/3
f 2217/15/3 2208/15/3 2207/15/3
f 2218/15/3 2208/15/3 2217/15/3
f 2219/15/3 2210/15/3 2209/15/3
f 2220/15/3 2210/15/3 2219/15/3
f 2221/15/3 2171/15/3 2210/15/3
f 2221/15/3 2210/15/3 2220/15/3
f 2223/15/3 2212/15/3 2211/15/3
f 2224/15/3 2212/15/3 2223/15/3
f 2226/15/3 2213/15/3 2200/15/3
f 2227/8/3 2214/8/3 2213/8/3
f 2227/15/3 2213/15/3 2226/15/3
f 2228/12/3 2203/12/3 2214/12/3
f 2228/8/3 2214/8/3 2227/8/3
f 2229/15/3 2204/15/3 2203/15/3
f 2229/12/3 2203/12/3 2228/12/3
f 2230/15/3 2156/15/3 2204/15/3
f 2230/15/3 2204/15/3 2229/15/3
f 2232/15/3 2215/15/3 2205/15/3
f 2233/15/3 2215/15/3 2232/15/3
f 2234/15/3 2206/15/3 2216/15/3
f 2235/15/3 2161/15/3 2206/15/3
f 2235/15/3 2206/15/3 2234/15/3
f 2237/15/3 2217/15/3 2207/15/3
f 2238/15/3 2217/15/3 2237/15/3
f 2239/15/3 2208/15/3 2218/15/3
f 2240/15/3 2166/15/3 2208/15/3
f 2240/15/3 2208/15/3 2239/15/3
f 2242/15/3 2219/15/3 2209/15/3
f 2243/15/3 2219/15/3 2242/15/3
f 2244/15/3 2222/15/3 2221/15/3
f 2244/15/3 2221/15/3 2220/15/3
f 2245/15/3 2222/15/3 2244/15/3
f 2246/15/3 2223/15/3 2211/15/3
f 2247/15/3 2223/15/3 2246/15/3
f 2248/15/3 2212/15/3 2224/15/3
f 2249/15/3 2212/15/3 2248/15/3
f 2250/15/3 2176/15/3 2212/15/3
f 2250/15/3 2212/15/3 2249/15/3
f 2253/1/3 2227/1/3 2226/1/3
f 2253/1/3 2228/1/3 2227/1/3
f 2253/1/3 2229/1/3 2228/1/3
f 2253/1/3 2226/1/3 2225/1/3
f 2253/1/3 2231/1/3 2230/1/3
f 2253/1/3 2230/1/3 2229/1/3
f 2254/1/3 2233/1/3 2232/1/3
f 2255/1/3 2236/1/3 2235/1/3
f 2255/1/3 2235/1/3 2234/1/3
f 2256/1/3 2238/1/3 2237/1/3
f 2257/1/3 2241/1/3 2240/1/3
f 2257/1/3 2240/1/3 2239/1/3
f 2258/1/3 2243/1/3 2242/1/3
f 2259/1/3 2245/1/3 2244/1/3
f 2260/1/3 2247/1/3 2246/1/3
f 2262/1/3 2250/1/3 2249/1/3
f 2262/1/3 2251/1/3 2250/1/3
f 2263/16/3 2253/16/3 2252/16/3
f 2264/1/3 2231/1/3 2253/1/3
f 2264/16/3 2253/16/3 2263/16/3
f 2265/1/3 2231/1/3 2264/1/3
f 2266/1/3 2231/1/3 2265/1/3
f 2267/1/3 2255/1/3 2254/1/3
f 2267/1/3 2254/1/3 2232/1/3
f 2268/1/3 2255/1/3 2267/1/3
f 2269/1/3 2256/1/3 2237/1/3
f 2269/1/3 2257/1/3 2256/1/3
f 2270/1/3 2257/1/3 2269/1/3
f 2271/1/3 2259/1/3 2258/1/3
f 2271/1/3 2258/1/3 2242/1/3
f 2272/1/3 2259/1/3 2271/1/3
f 2273/1/3 2262/1/3 2261/1/3
f 2273/1/3 2261/1/3 2260/1/3
f 2273/1/3 2260/1/3 2246/1/3
f 2274/1/3 2262/1/3 2273/1/3
f 2275/1/3 2231/1/3 2266/1/3
f 2276/1/3 2231/1/3 2275/1/3
f 2277/1/3 2255/1/3 2268/1/3
f 2278/1/3 2236/1/3 2255/1/3
f 2278/1/3 2255/1/3 2277/1/3
f 2279/1/3 2257/1/3 2270/1/3
f 2280/1/3 2241/1/3 2257/1/3
f 2280/1/3 2257/1/3 2279/1/3
f 2281/1/3 2259/1/3 2272/1/3
f 2282/1/3 2245/1/3 2259/1/3
f 2282/1/3 2259/1/3 2281/1/3
f 2283/1/3 2245/1/3 2282/1/3
f 2284/1/3 2262/1/3 2274/1/3
f 2285/1/3 2251/1/3 2262/1/3
f 2285/1/3 2262/1/3 2284/1/3
f 2286/15/3 2283/15/3 2282/15/3
f 2287/1/3 2245/1/3 2283/1/3
f 2287/15/3 2283/15/3 2286/15/3
f 2289/1/3 2231/1/3 2276/1/3
f 2291/1/3 2236/1/3 2278/1/3
f 2293/1/3 2241/1/3 2280/1/3
f 2295/1/3 2245/1/3 2287/1/3
f 2297/1/3 2251/1/3 2285/1/3
f 2298/1/3 2265/1/3 2264/1/3
f 2299/1/3 2289/1/3 2288/1/3
f 2300/1/3 2267/1/3 2232/1/3
f 2301/1/3 2291/1/3 2290/1/3
f 2302/1/3 2269/1/3 2237/1/3
f 2303/1/3 2293/1/3 2292/1/3
f 2304/1/3 2271/1/3 2242/1/3
f 2305/1/3 2295/1/3 2294/1/3
f 2306/1/3 2273/1/3 2246/1/3
f 2307/1/3 2297/1/3 2296/1/3
f 2308/1/3 2298/1/3 2264/1/3
f 2308/1/3 2299/1/3 2298/1/3
f 2309/1/3 2231/1/3 2289/1/3
f 2309/1/3 2299/1/3 2308/1/3
f 2309/1/3 2289/1/3 2299/1/3
f 2310/1/3 2300/1/3 2232/1/3
f 2310/1/3 2301/1/3 2300/1/3
f 2311/1/3 2236/1/3 2291/1/3
f 2311/1/3 2301/1/3 2310/1/3
f 2311/1/3 2291/1/3 2301/1/3
f 2312/1/3 2302/1/3 2237/1/3
f 2312/1/3 2303/1/3 2302/1/3
f 2313/1/3 2293/1/3 2303/1/3
f 2313/1/3 2303/1/3 2312/1/3
f 2313/1/3 2241/1/3 2293/1/3
f 2314/1/3 2305/1/3 2304/1/3
f 2314/1/3 2304/1/3 2242/1/3
f 2315/1/3 2295/1/3 2305/1/3
f 2315/1/3 2305/1/3 2314/1/3
f 2315/1/3 2245/1/3 2295/1/3
f 2316/1/3 2307/1/3 2306/1/3
f 2316/1/3 2306/1/3 2246/1/3
f 2317/1/3 2297/1/3 2307/1/3
f 2317/1/3 2307/1/3 2316/1/3
f 2317/1/3 2251/1/3 2297/1/3
f 2328/15/3 2319/15/3 2318/15/3
f 2329/15/3 2319/15/3 2328/15/3
f 2330/15/3 2321/15/3 2320/15/3
f 2331/15/3 2321/15/3 2330/15/3
f 2332/15/3 2323/15/3 2322/15/3
f 2333/15/3 2323/15/3 2332/15/3
f 2334/15/3 2325/15/3 2324/15/3
f 2335/15/3 2325/15/3 2334/15/3
f 2336/15/3 2327/15/3 2326/15/3
f 2337/15/3 2327/15/3 2336/15/3
f 2338/15/3 2328/15/3 2318/15/3
f 2338/13/3 2329/13/3 2328/13/3
f 2339/15/3 2319/15/3 2329/15/3
f 2339/13/3 2329/13/3 2338/13/3
f 2340/15/3 2330/15/3 2320/15/3
f 2340/13/3 2331/13/3 2330/13/3
f 2341/15/3 2321/15/3 2331/15/3
f 2341/13/3 2331/13/3 2340/13/3
f 2342/15/3 2332/15/3 2322/15/3
f 2342/13/3 2333/13/3 2332/13/3
f 2343/15/3 2323/15/3 2333/15/3
f 2343/13/3 2333/13/3 2342/13/3
f 2344/15/3 2334/15/3 2324/15/3
f 2344/13/3 2335/13/3 2334/13/3
f 2345/15/3 2325/15/3 2335/15/3
f 2345/13/3 2335/13/3 2344/13/3
f 2346/13/3 2337/13/3 2336/13/3
f 2346/15/3 2336/15/3 2326/15/3
f 2347/15/3 2327/15/3 2337/15/3
f 2347/13/3 2337/13/3 2346/13/3
f 2348/15/3 2338/15/3 2318/15/3
f 2348/15/3 2339/15/3 2338/15/3
f 2349/15/3 2319/15/3 2339/15/3
f 2349/15/3 2339/15/3 2348/15/3
f 2350/15/3 2340/15/3 2320/15/3
f 2350/15/3 2341/15/3 2340/15/3
f 2351/15/3 2321/15/3 2341/15/3
f 2351/15/3 2341/15/3 2350/15/3
f 2352/15/3 2342/15/3 2322/15/3
f 2352/15/3 2343/15/3 2342/15/3
f 2353/15/3 2323/15/3 2343/15/3
f 2353/15/3 2343/15/3 2352/15/3
f 2354/15/3 2344/15/3 2324/15/3
f 2354/15/3 2345/15/3 2344/15/3
f 2355/15/3 2325/15/3 2345/15/3
f 2355/15/3 2345/15/3 2354/15/3
f 2356/15/3 2346/15/3 2326/15/3
f 2356/15/3 2347/15/3 2346/15/3
f 2357/15/3 2327/15/3 2347/15/3
f 2357/15/3 2347/15/3 2356/15/3
f 2358/15/3 2348/15/3 2318/15/3
f 2358/13/3 2349/13/3 2348/13/3
f 2359/15/3 2319/15/3 2349/15/3
f 2359/13/3 2349/13/3 2358/13/3
f 2360/15/3 2350/15/3 2320/15/3
f 2360/13/3 2351/13/3 2350/13/3
f 2361/15/3 2321/15/3 2351/15/3
f 2361/13/3 2351/13/3 2360/13/3
f 2362/15/3 2352/15/3 2322/15/3
f 2362/13/3 2353/13/3 2352/13/3
f 2363/15/3 2323/15/3 2353/15/3
f 2363/13/3 2353/13/3 2362/13/3
f 2364/15/3 2354/15/3 2324/15/3
f 2364/13/3 2355/13/3 2354/13/3
f 2365/15/3 2325/15/3 2355/15/3
f 2365/13/3 2355/13/3 2364/13/3
f 2366/15/3 2356/15/3 2326/15/3
f 2366/13/3 2357/13/3 2356/13/3
f 2367/15/3 2327/15/3 2357/15/3
f 2367/13/3 2357/13/3 2366/13/3
f 2368/15/3 2358/15/3 2318/15/3
f 2368/15/3 2359/15/3 2358/15/3
f 2369/15/3 2319/15/3 2359/15/3
f 2369/15/3 2359/15/3 2368/15/3
f 2370/15/3 2360/15/3 2320/15/3
f 2370/15/3 2361/15/3 2360/15/3
f 2371/15/3 2321/15/3 2361/15/3
f 2371/15/3 2361/15/3 2370/15/3
f 2372/15/3 2362/15/3 2322/15/3
f 2372/15/3 2363/15/3 2362/15/3
f 2373/15/3 2323/15/3 2363/15/3
f 2373/15/3 2363/15/3 2372/15/3
f 2374/15/3 2364/15/3 2324/15/3
f 2374/15/3 2365/15/3 2364/15/3
f 2375/15/3 2325/15/3 2365/15/3
f 2375/15/3 2365/15/3 2374/15/3
f 2376/15/3 2366/15/3 2326/15/3
f 2376/15/3 2367/15/3 2366/15/3
f 2377/15/3 2327/15/3 2367/15/3
f 2377/15/3 2367/15/3 2376/15/3
f 2378/15/3 2368/15/3 2318/15/3
f 2378/13/3 2369/13/3 2368/13/3
f 2379/15/3 2319/15/3 2369/15/3
f 2379/13/3 2369/13/3 2378/13/3
f 2380/13/3 2371/13/3 2370/13/3
f 2380/15/3 2370/15/3 2320/15/3
f 2381/15/3 2321/15/3 2371/15/3
f 2381/13/3 2371/13/3 2380/13/3
f 2382/15/3 2372/15/3 2322/15/3
f 2382/13/3 2373/13/3 2372/13/3
f 2383/15/3 2323/15/3 2373/15/3
f 2383/13/3 2373/13/3 2382/13/3
f 2384/15/3 2374/15/3 2324/15/3
f 2384/13/3 2375/13/3 2374/13/3
f 2385/15/3 2325/15/3 2375/15/3
f 2385/13/3 2375/13/3 2384/13/3
f 2386/15/3 2376/15/3 2326/15/3
f 2386/13/3 2377/13/3 2376/13/3
f 2387/15/3 2327/15/3 2377/15/3
f 2387/13/3 2377/13/3 2386/13/3
f 2388/15/3 2378/15/3 2318/15/3
f 2388/15/3 2379/15/3 2378/15/3
f 2389/15/3 2319/15/3 2379/15/3
f 2389/15/3 2379/15/3 2388/15/3
f 2390/15/3 2380/15/3 2320/15/3
f 2390/15/3 2381/15/3 2380/15/3
f 2391/15/3 2321/15/3 2381/15/3
f 2391/15/3 2381/15/3 2390/15/3
f 2392/15/3 2382/15/3 2322/15/3
f 2392/15/3 2383/15/3 2382/15/3
f 2393/15/3 2323/15/3 2383/15/3
f 2393/15/3 2383/15/3 2392/15/3
f 2394/15/3 2384/15/3 2324/15/3
f 2394/15/3 2385/15/3 2384/15/3
f 2395/15/3 2325/15/3 2385/15/3
f 2395/15/3 2385/15/3 2394/15/3
f 2396/15/3 2386/15/3 2326/15/3
f 2396/15/3 2387/15/3 2386/15/3
f 2397/15/3 2327/15/3 2387/15/3
f 2397/15/3 2387/15/3 2396/15/3
f 2408/15/3 2399/15/3 2398/15/3
f 2409/15/3 2399/15/3 2408/15/3
f 2410/15/3 2401/15/3 2400/15/3
f 2411/15/3 2401/15/3 2410/15/3
f 2412/15/3 2403/15/3 2402/15/3
f 2413/15/3 2403/15/3 2412/15/3
f 2414/15/3 2405/15/3 2404/15/3
f 2415/15/3 2405/15/3 2414/15/3
f 2417/15/3 2407/15/3 2406/15/3
f 2418/15/3 2407/15/3 2417/15/3
f 2419/15/3 2408/15/3 2398/15/3
f 2419/13/3 2409/13/3 2408/13/3
f 2420/15/3 2399/15/3 2409/15/3
f 2420/13/3 2409/13/3 2419/13/3
f 2421/15/3 2410/15/3 2400/15/3
f 2421/13/3 2411/13/3 2410/13/3
f 2422/15/3 2401/15/3 2411/15/3
f 2422/13/3 2411/13/3 2421/13/3
f 2423/15/3 2412/15/3 2402/15/3
f 2423/13/3 2413/13/3 2412/13/3
f 2424/15/3 2403/15/3 2413/15/3
f 2424/13/3 2413/13/3 2423/13/3
f 2425/15/3 2414/15/3 2404/15/3
f 2425/13/3 2415/13/3 2414/13/3
f 2426/15/3 2416/15/3 2415/15/3
f 2426/13/3 2415/13/3 2425/13/3
f 2427/13/3 2418/13/3 2417/13/3
f 2427/15/3 2417/15/3 2406/15/3
f 2428/15/3 2407/15/3 2418/15/3
f 2428/13/3 2418/13/3 2427/13/3
f 2429/15/3 2419/15/3 2398/15/3
f 2429/15/3 2420/15/3 2419/15/3
f 2430/15/3 2399/15/3 2420/15/3
f 2430/15/3 2420/15/3 2429/15/3
f 2431/15/3 2421/15/3 2400/15/3
f 2431/15/3 2422/15/3 2421/15/3
f 2432/15/3 2401/15/3 2422/15/3
f 2432/15/3 2422/15/3 2431/15/3
f 2433/15/3 2423/15/3 2402/15/3
f 2433/15/3 2424/15/3 2423/15/3
f 2434/15/3 2403/15/3 2424/15/3
f 2434/15/3 2424/15/3 2433/15/3
f 2435/15/3 2425/15/3 2404/15/3
f 2435/15/3 2426/15/3 2425/15/3
f 2436/15/3 2416/15/3 2426/15/3
f 2436/15/3 2426/15/3 2435/15/3
f 2437/15/3 2427/15/3 2406/15/3
f 2437/15/3 2428/15/3 2427/15/3
f 2438/15/3 2407/15/3 2428/15/3
f 2438/15/3 2428/15/3 2437/15/3
f 2439/15/3 2429/15/3 2398/15/3
f 2439/13/3 2430/13/3 2429/13/3
f 2440/15/3 2399/15/3 2430/15/3
f 2440/13/3 2430/13/3 2439/13/3
f 2441/15/3 2431/15/3 2400/15/3
f 2441/13/3 2432/13/3 2431/13/3
f 2442/15/3 2401/15/3 2432/15/3
f 2442/13/3 2432/13/3 2441/13/3
f 2443/15/3 2433/15/3 2402/15/3
f 2443/13/3 2434/13/3 2433/13/3
f 2444/15/3 2403/15/3 2434/15/3
f 2444/13/3 2434/13/3 2443/13/3
f 2445/15/3 2435/15/3 2404/15/3
f 2445/13/3 2436/13/3 2435/13/3
f 2446/15/3 2416/15/3 2436/15/3
f 2446/13/3 2436/13/3 2445/13/3
f 2447/15/3 2437/15/3 2406/15/3
f 2447/13/3 2438/13/3 2437/13/3
f 2448/15/3 2407/15/3 2438/15/3
f 2448/13/3 2438/13/3 2447/13/3
f 2449/15/3 2439/15/3 2398/15/3
f 2449/15/3 2440/15/3 2439/15/3
f 2450/15/3 2399/15/3 2440/15/3
f 2450/15/3 2440/15/3 2449/15/3
f 2451/15/3 2441/15/3 2400/15/3
f 2451/15/3 2442/15/3 2441/15/3
f 2452/15/3 2401/15/3 2442/15/3
f 2452/15/3 2442/15/3 2451/15/3
f 2453/15/3 2443/15/3 2402/15/3
f 2453/15/3 2444/15/3 2443/15/3
f 2454/15/3 2403/15/3 2444/15/3
f 2454/15/3 2444/15/3 2453/15/3
f 2455/15/3 2445/15/3 2404/15/3
f 2455/15/3 2446/15/3 2445/15/3
f 2456/15/3 2416/15/3 2446/15/3
f 2456/15/3 2446/15/3 2455/15/3
f 2457/15/3 2447/15/3 2406/15/3
f 2457/15/3 2448/15/3 2447/15/3
f 2458/15/3 2407/15/3 2448/15/3
f 2458/15/3 2448/15/3 2457/15/3
f 2459/15/3 2449/15/3 2398/15/3
f 2459/13/3 2450/13/3 2449/13/3
f 2460/15/3 2399/15/3 2450/15/3
f 2460/13/3 2450/13/3 2459/13/3
f 2461/13/3 2452/13/3 2451/13/3
f 2461/15/3 2451/15/3 2400/15/3
f 2462/15/3 2401/15/3 2452/15/3
f 2462/13/3 2452/13/3 2461/13/3
f 2463/15/3 2453/15/3 2402/15/3
f 2463/13/3 2454/13/3 2453/13/3
f 2464/15/3 2403/15/3 2454/15/3
f 2464/13/3 2454/13/3 2463/13/3
f 2465/15/3 2455/15/3 2404/15/3
f 2465/13/3 2456/13/3 2455/13/3
f 2466/15/3 2416/15/3 2456/15/3
f 2466/13/3 2456/13/3 2465/13/3
f 2467/15/3 2457/15/3 2406/15/3
f 2467/13/3 2458/13/3 2457/13/3
f 2468/15/3 2407/15/3 2458/15/3
f 2468/13/3 2458/13/3 2467/13/3
f 2469/15/3 2459/15/3 2398/15/3
f 2469/15/3 2460/15/3 2459/15/3
f 2470/15/3 2399/15/3 2460/15/3
f 2470/15/3 2460/15/3 2469/15/3
f 2471/15/3 2461/15/3 2400/15/3
f 2471/15/3 2462/15/3 2461/15/3
f 2472/15/3 2401/15/3 2462/15/3
f 2472/15/3 2462/15/3 2471/15/3
f 2473/15/3 2463/15/3 2402/15/3
f 2473/15/3 2464/15/3 2463/15/3
f 2474/15/3 2403/15/3 2464/15/3
f 2474/15/3 2464/15/3 2473/15/3
f 2475/15/3 2465/15/3 2404/15/3
f 2475/15/3 2466/15/3 2465/15/3
f 2476/15/3 2416/15/3 2466/15/3
f 2476/15/3 2466/15/3 2475/15/3
f 2477/15/3 2467/15/3 2406/15/3
f 2477/15/3 2468/15/3 2467/15/3
f 2478/15/3 2407/15/3 2468/15/3
f 2478/15/3 2468/15/3 2477/15/3
f 2481/17/3 2480/17/3 2479/17/3
f 2482/17/3 2480/17/3 2481/17/3
f 2493/5/3 2484/5/3 2483/5/3
f 2494/5/3 2484/5/3 2493/5/3
f 2495/5/3 2493/5/3 2483/5/3
f 2496/5/3 2493/5/3 2495/5/3
f 2497/1/3 2486/1/3 2485/1/3
f 2498/1/3 2486/1/3 2497/1/3
f 2499/1/3 2488/1/3 2487/1/3
f 2500/1/3 2488/1/3 2499/1/3
f 2501/1/3 2490/1/3 2489/1/3
f 2502/1/3 2490/1/3 2501/1/3
f 2503/1/3 2492/1/3 2491/1/3
f 2504/1/3 2492/1/3 2503/1/3
f 2505/5/3 2495/5/3 2483/5/3
f 2505/9/3 2496/9/3 2495/9/3
f 2506/5/3 2493/5/3 2496/5/3
f 2506/9/3 2496/9/3 2505/9/3
f 2507/13/3 2494/13/3 2493/13/3
f 2507/5/3 2493/5/3 2506/5/3
f 2508/5/3 2484/5/3 2494/5/3
f 2508/13/3 2494/13/3 2507/13/3
f 2509/5/3 2498/5/3 2497/5/3
f 2510/5/3 2498/5/3 2509/5/3
f 2511/5/3 2500/5/3 2499/5/3
f 2512/5/3 2500/5/3 2511/5/3
f 2513/5/3 2502/5/3 2501/5/3
f 2514/5/3 2502/5/3 2513/5/3
f 2515/5/3 2504/5/3 2503/5/3
f 2516/5/3 2504/5/3 2515/5/3
f 2517/5/3 2505/5/3 2483/5/3
f 2517/5/3 2507/5/3 2506/5/3
f 2517/5/3 2506/5/3 2505/5/3
f 2517/5/3 2508/5/3 2507/5/3
f 2518/5/3 2508/5/3 2517/5/3
f 2519/5/3 2508/5/3 2518/5/3
f 2520/5/3 2484/5/3 2508/5/3
f 2520/5/3 2508/5/3 2519/5/3
f 2521/5/3 2509/5/3 2497/5/3
f 2522/5/3 2509/5/3 2521/5/3
f 2523/5/3 2511/5/3 2499/5/3
f 2524/5/3 2511/5/3 2523/5/3
f 2525/5/3 2513/5/3 2501/5/3
f 2526/5/3 2513/5/3 2525/5/3
f 2527/5/3 2515/5/3 2503/5/3
f 2528/5/3 2515/5/3 2527/5/3
f 2529/5/3 2521/5/3 2497/5/3
f 2529/9/3 2522/9/3 2521/9/3
f 2530/5/3 2509/5/3 2522/5/3
f 2530/9/3 2522/9/3 2529/9/3
f 2531/13/3 2510/13/3 2509/13/3
f 2531/5/3 2509/5/3 2530/5/3
f 2532/5/3 2498/5/3 2510/5/3
f 2532/13/3 2510/13/3 2531/13/3
f 2533/5/3 2523/5/3 2499/5/3
f 2533/9/3 2524/9/3 2523/9/3
f 2534/5/3 2511/5/3 2524/5/3
f 2534/9/3 2524/9/3 2533/9/3
f 2535/13/3 2512/13/3 2511/13/3
f 2535/5/3 2511/5/3 2534/5/3
f 2536/5/3 2500/5/3 2512/5/3
f 2536/13/3 2512/13/3 2535/13/3
f 2537/5/3 2525/5/3 2501/5/3
f 2537/9/3 2526/9/3 2525/9/3
f 2538/5/3 2513/5/3 2526/5/3
f 2538/9/3 2526/9/3 2537/9/3
f 2539/13/3 2514/13/3 2513/13/3
f 2539/5/3 2513/5/3 2538/5/3
f 2540/5/3 2502/5/3 2514/5/3
f 2540/13/3 2514/13/3 2539/13/3
f 2541/9/3 2528/9/3 2527/9/3
f 2541/5/3 2527/5/3 2503/5/3
f 2542/5/3 2515/5/3 2528/5/3
f 2542/9/3 2528/9/3 2541/9/3
f 2543/13/3 2516/13/3 2515/13/3
f 2543/5/3 2515/5/3 2542/5/3
f 2544/5/3 2504/5/3 2516/5/3
f 2544/13/3 2516/13/3 2543/13/3
f 2545/5/3 2517/5/3 2483/5/3
f 2545/9/3 2518/9/3 2517/9/3
f 2546/5/3 2519/5/3 2518/5/3
f 2546/9/3 2518/9/3 2545/9/3
f 2547/5/3 2531/5/3 2530/5/3
f 2547/5/3 2530/5/3 2529/5/3
f 2547/5/3 2529/5/3 2497/5/3
f 2547/5/3 2532/5/3 2531/5/3
f 2548/1/3 2486/1/3 2498/1/3
f 2548/5/3 2532/5/3 2547/5/3
f 2548/5/3 2498/5/3 2532/5/3
f 2549/5/3 2535/5/3 2534/5/3
f 2549/5/3 2534/5/3 2533/5/3
f 2549/5/3 2533/5/3 2499/5/3
f 2549/5/3 2536/5/3 2535/5/3
f 2550/1/3 2488/1/3 2500/1/3
f 2550/5/3 2536/5/3 2549/5/3
f 2550/5/3 2500/5/3 2536/5/3
f 2551/5/3 2537/5/3 2501/5/3
f 2551/5/3 2539/5/3 2538/5/3
f 2551/5/3 2538/5/3 2537/5/3
f 2551/5/3 2540/5/3 2539/5/3
f 2552/1/3 2490/1/3 2502/1/3
f 2552/5/3 2540/5/3 2551/5/3
f 2552/5/3 2502/5/3 2540/5/3
f 2553/5/3 2543/5/3 2542/5/3
f 2553/5/3 2542/5/3 2541/5/3
f 2553/5/3 2541/5/3 2503/5/3
f 2553/5/3 2544/5/3 2543/5/3
f 2554/1/3 2492/1/3 2504/1/3
f 2554/5/3 2544/5/3 2553/5/3
f 2554/5/3 2504/5/3 2544/5/3
f 2555/5/3 2519/5/3 2546/5/3
f 2555/5/3 2546/5/3 2545/5/3
f 2555/13/3 2520/13/3 2519/13/3
f 2556/5/3 2484/5/3 2520/5/3
f 2556/13/3 2520/13/3 2555/13/3
f 2557/5/3 2545/5/3 2483/5/3
f 2557/5/3 2555/5/3 2545/5/3
f 2557/5/3 2556/5/3 2555/5/3
f 2558/5/3 2484/5/3 2556/5/3
f 2558/5/3 2556/5/3 2557/5/3
f 2559/1/3 2548/1/3 2547/1/3
f 2560/1/3 2486/1/3 2548/1/3
f 2560/1/3 2548/1/3 2559/1/3
f 2561/1/3 2550/1/3 2549/1/3
f 2562/1/3 2488/1/3 2550/1/3
f 2562/1/3 2550/1/3 2561/1/3
f 2563/1/3 2552/1/3 2551/1/3
f 2564/1/3 2490/1/3 2552/1/3
f 2564/1/3 2552/1/3 2563/1/3
f 2565/1/3 2554/1/3 2553/1/3
f 2566/1/3 2492/1/3 2554/1/3
f 2566/1/3 2554/1/3 2565/1/3
f 2571/17/3 2568/17/3 2567/17/3
f 2572/17/3 2568/17/3 2571/17/3
f 2573/17/3 2570/17/3 2569/17/3
f 2574/17/3 2570/17/3 2573/17/3
f 2577/1/3 2576/1/3 2575/1/3
f 2578/1/3 2576/1/3 2577/1/3
f 2581/1/3 2580/1/3 2579/1/3
f 2582/1/3 2580/1/3 2581/1/3
f 2583/17/3 2582/17/3 2581/17/3
f 2584/17/3 2582/17/3 2583/17/3
f 2587/15/3 2586/15/3 2585/15/3
f 2588/15/3 2586/15/3 2587/15/3
f 2593/15/3 2592/15/3 2591/15/3
f 2594/15/3 2592/15/3 2593/15/3
f 2597/9/3 2596/9/3 2595/9/3
f 2598/9/3 2596/9/3 2597/9/3
f 2601/9/3 2600/9/3 2599/9/3
f 2602/9/3 2600/9/3 2601/9/3
f 2604/15/3 2592/15/3 2594/15/3
f 2605/15/3 2604/15/3 2603/15/3
f 2606/15/3 2592/15/3 2604/15/3
f 2606/15/3 2604/15/3 2605/15/3
f 2607/15/3 2590/15/3 2589/15/3
f 2608/15/3 2590/15/3 2607/15/3
f 2611/1/3 2610/1/3 2609/1/3
f 2612/1/3 2610/1/3 2611/1/3
f 2615/5/3 2614/5/3 2613/5/3
f 2616/5/3 2614/5/3 2615/5/3
f 2617/5/3 2615/5/3 2613/5/3
f 2618/5/3 2615/5/3 2617/5/3
f 2619/5/3 2617/5/3 2613/5/3
f 2620/5/3 2615/5/3 2618/5/3
f 2621/13/3 2616/13/3 2615/13/3
f 2621/5/3 2615/5/3 2620/5/3
f 2622/5/3 2614/5/3 2616/5/3
f 2622/13/3 2616/13/3 2621/13/3
f 2623/5/3 2621/5/3 2620/5/3
f 2623/5/3 2620/5/3 2619/5/3
f 2623/5/3 2622/5/3 2621/5/3
f 2623/5/3 2619/5/3 2613/5/3
f 2624/5/3 2622/5/3 2623/5/3
f 2625/5/3 2622/5/3 2624/5/3
f 2626/5/3 2614/5/3 2622/5/3
f 2626/5/3 2622/5/3 2625/5/3
f 2627/5/3 2623/5/3 2613/5/3
f 2628/5/3 2625/5/3 2624/5/3
f 2629/13/3 2626/13/3 2625/13/3
f 2629/5/3 2628/5/3 2627/5/3
f 2629/5/3 2625/5/3 2628/5/3
f 2630/5/3 2614/5/3 2626/5/3
f 2630/13/3 2626/13/3 2629/13/3
f 2631/5/3 2627/5/3 2613/5/3
f 2631/5/3 2629/5/3 2627/5/3
f 2631/5/3 2630/5/3 2629/5/3
f 2632/5/3 2614/5/3 2630/5/3
f 2632/5/3 2630/5/3 2631/5/3
f 2634/1/3 2610/1/3 2612/1/3
f 2635/1/3 2634/1/3 2633/1/3
f 2636/1/3 2610/1/3 2634/1/3
f 2636/1/3 2634/1/3 2635/1/3
f 2639/16/3 2638/16/3 2637/16/3
f 2640/16/3 2638/16/3 2639/16/3
f 2643/17/3 2642/17/3 2641/17/3
f 2644/17/3 2642/17/3 2643/17/3
f 2649/1/3 2648/1/3 2647/1/3
f 2650/1/3 2648/1/3 2649/1/3
f 2653/1/3 2652/1/3 2651/1/3
f 2654/1/3 2652/1/3 2653/1/3
f 2659/1/3 2656/1/3 2655/1/3
f 2660/1/3 2656/1/3 2659/1/3
f 2661/1/3 2658/1/3 2657/1/3
f 2662/1/3 2658/1/3 2661/1/3
f 2665/1/3 2664/1/3 2663/1/3
f 2666/1/3 2664/1/3 2665/1/3
f 2669/1/3 2668/1/3 2667/1/3
f 2670/1/3 2668/1/3 2669/1/3
f 2673/1/3 2672/1/3 2671/1/3
f 2674/1/3 2672/1/3 2673/1/3
f 2675/15/3 2646/15/3 2645/15/3
f 2676/15/3 2646/15/3 2675/15/3
f 2679/16/3 2678/16/3 2677/16/3
f 2680/16/3 2678/16/3 2679/16/3
f 2681/5/4 2682/5/4 2685/5/4
f 2685/5/4 2682/5/4 2686/5/4
f 2683/10/4 2684/10/4 2687/10/4
f 2687/10/4 2684/10/4 2688/10/4
f 2689/5/4 2690/5/4 2693/5/4
f 2693/5/4 2690/5/4 2694/5/4
f 2691/10/4 2692/10/4 2695/10/4
f 2695/10/4 2692/10/4 2696/10/4
f 2697/5/4 2698/5/4 2701/5/4
f 2701/5/4 2698/5/4 2702/5/4
f 2699/10/4 2700/10/4 2703/10/4
f 2703/10/4 2700/10/4 2704/10/4
f 2705/5/4 2706/5/4 2709/5/4
f 2709/5/4 2706/5/4 2710/5/4
f 2707/10/4 2708/10/4 2711/10/4
f 2711/10/4 2708/10/4 2712/10/4
f 2713/10/4 2714/10/4 2715/10/4
f 2715/10/4 2714/10/4 2716/10/4
f 2717/10/4 2718/10/4 2719/10/4
f 2719/10/4 2718/10/4 2720/10/4
f 2721/10/4 2722/10/4 2723/10/4
f 2723/10/4 2722/10/4 2724/10/4
f 2725/10/4 2726/10/4 2727/10/4
f 2727/10/4 2726/10/4 2728/10/4
f 2729/15/4 2730/15/4 2733/15/4
f 2733/15/4 2730/15/4 2734/15/4
f 2731/10/4 2732/10/4 2735/10/4
f 2735/10/4 2732/10/4 2736/10/4
f 2737/15/4 2738/15/4 2741/15/4
f 2741/15/4 2738/15/4 2742/15/4
f 2739/10/4 2740/10/4 2743/10/4
f 2743/10/4 2740/10/4 2744/10/4
f 2745/15/4 2746/15/4 2749/15/4
f 2749/15/4 2746/15/4 2750/15/4
f 2747/10/4 2748/10/4 2751/10/4
f 2751/10/4 2748/10/4 2752/10/4
f 2753/15/4 2754/15/4 2757/15/4
f 2757/15/4 2754/15/4 2758/15/4
f 2755/10/4 2756/10/4 2759/10/4
f 2759/10/4 2756/10/4 2760/10/4
f 2761/2/4 2762/2/4 2763/2/4
f 2763/2/4 2762/2/4 2764/2/4
f 2765/3/4 2766/3/4 2767/3/4
f 2767/3/4 2766/3/4 2768/3/4
f 2769/7/4 2770/7/4 2773/7/4
f 2773/7/4 2770/7/4 2774/7/4
f 2771/7/4 2772/7/4 2775/7/4
f 2775/7/4 2772/7/4 2776/7/4
f 2777/6/4 2778/6/4 2781/6/4
f 2781/6/4 2778/6/4 2782/6/4
f 2779/6/4 2780/6/4 2783/6/4
f 2783/6/4 2780/6/4 2784/6/4
f 2785/2/4 2786/2/4 2789/2/4
f 2789/2/4 2786/2/4 2790/2/4
f 2787/3/4 2788/3/4 2792/3/4
f 2792/3/4 2788/3/4 2793/3/4
f 2791/6/4 2792/6/4 2794/6/4
f 2794/6/4 2792/6/4 2795/6/4
f 2796/6/4 2797/6/4 2800/6/4
f 2800/6/4 2797/6/4 2801/6/4
f 2798/3/4 2799/3/4 2803/3/4
f 2803/3/4 2799/3/4 2804/3/4
f 2805/6/4 2806/6/4 2812/6/4
f 2806/2/4 2807/2/4 2813/2/4
f 2812/6/4 2806/6/4 2813/6/4
f 2808/2/4 2809/2/4 2814/2/4
f 2814/2/4 2809/2/4 2815/2/4
f 2810/6/4 2811/6/4 2816/6/4
f 2816/6/4 2811/6/4 2817/6/4
f 2802/6/4 2803/6/4 2818/6/4
f 2812/2/4 2813/2/4 2820/2/4
f 2813/2/4 2807/2/4 2821/2/4
f 2820/2/4 2813/2/4 2821/2/4
f 2821/2/4 2807/2/4 2822/2/4
f 2802/6/4 2818/6/4 2825/6/4
f 2818/2/4 2819/2/4 2826/2/4
f 2825/6/4 2818/6/4 2826/6/4
f 2826/2/4 2819/2/4 2827/2/4
f 2820/6/4 2821/6/4 2828/6/4
f 2828/6/4 2821/6/4 2829/6/4
f 2823/6/4 2824/6/4 2830/6/4
f 2830/6/4 2824/6/4 2831/6/4
f 2832/6/4 2833/6/4 2836/6/4
f 2836/6/4 2833/6/4 2837/6/4
f 2834/6/4 2835/6/4 2839/6/4
f 2839/6/4 2835/6/4 2840/6/4
f 2837/3/4 2838/3/4 2843/3/4
f 2843/3/4 2838/3/4 2844/3/4
f 2841/6/4 2842/6/4 2847/6/4
f 2847/6/4 2842/6/4 2848/6/4
f 2845/6/4 2846/6/4 2849/6/4
f 2849/6/4 2846/6/4 2850/6/4
f 2851/3/4 2852/3/4 2855/3/4
f 2855/3/4 2852/3/4 2856/3/4
f 2853/6/4 2854/6/4 2857/6/4
f 2857/6/4 2854/6/4 2858/6/4
f 2859/6/4 2860/6/4 2867/6/4
f 2860/7/4 2861/7/4 2868/7/4
f 2867/6/4 2860/6/4 2868/6/4
f 2868/7/4 2861/7/4 2869/7/4
f 2864/3/4 2865/3/4 2878/3/4
f 2878/3/4 2865/3/4 2879/3/4
f 2868/6/4 2869/6/4 2880/6/4
f 2869/7/4 2870/7/4 2880/7/4
f 2880/7/4 2870/7/4 2881/7/4
f 2875/6/4 2876/6/4 2885/6/4
f 2885/6/4 2876/6/4 2886/6/4
f 2862/5/4 2863/5/4 2887/5/4
f 2887/5/4 2863/5/4 2888/5/4
f 2877/6/4 2878/6/4 2889/6/4
f 2889/6/4 2878/6/4 2890/6/4
f 2866/5/4 2867/5/4 2891/5/4
f 2891/5/4 2867/5/4 2892/5/4
f 2868/6/4 2880/6/4 2893/6/4
f 2880/6/4 2881/6/4 2893/6/4
f 2893/6/4 2881/6/4 2894/6/4
f 2871/5/4 2872/5/4 2895/5/4
f 2895/5/4 2872/5/4 2896/5/4
f 2882/6/4 2883/6/4 2897/6/4
f 2897/6/4 2883/6/4 2898/6/4
f 2873/5/4 2874/5/4 2899/5/4
f 2899/5/4 2874/5/4 2900/5/4
f 2884/6/4 2885/6/4 2901/6/4
f 2885/7/4 2886/7/4 2902/7/4
f 2901/6/4 2885/6/4 2902/6/4
f 2902/7/4 2886/7/4 2903/7/4
f 2888/5/4 2889/5/4 2905/5/4
f 2892/5/4 2893/5/4 2907/5/4
f 2896/5/4 2897/5/4 2909/5/4
f 2909/5/4 2897/5/4 2910/5/4
f 2900/5/4 2901/5/4 2913/5/4
f 2913/5/4 2901/5/4 2914/5/4
f 2910/6/4 2911/6/4 2916/6/4
f 2908/5/4 2909/5/4 2916/5/4
f 2909/5/4 2910/5/4 2916/5/4
f 2916/6/4 2911/6/4 2917/6/4
f 2914/6/4 2915/6/4 2918/6/4
f 2913/5/4 2914/5/4 2918/5/4
f 2912/5/4 2913/5/4 2918/5/4
f 2918/6/4 2915/6/4 2919/6/4
f 2904/5/4 2905/5/4 2920/5/4
f 2905/5/4 2889/5/4 2921/5/4
f 2920/5/4 2905/5/4 2921/5/4
f 2921/5/4 2889/5/4 2922/5/4
f 2906/5/4 2907/5/4 2924/5/4
f 2907/5/4 2893/5/4 2925/5/4
f 2924/5/4 2907/5/4 2925/5/4
f 2908/5/4 2916/5/4 2926/5/4
f 2926/5/4 2916/5/4 2927/5/4
f 2912/5/4 2918/5/4 2928/5/4
f 2928/5/4 2918/5/4 2929/5/4
f 2922/6/4 2923/6/4 2930/6/4
f 2925/5/4 2893/5/4 2932/5/4
f 2930/2/4 2931/2/4 2935/2/4
f 2922/6/4 2930/6/4 2935/6/4
f 2935/2/4 2931/2/4 2936/2/4
f 2933/7/4 2934/7/4 2937/7/4
f 2932/6/4 2933/6/4 2937/6/4
f 2937/7/4 2934/7/4 2938/7/4
f 2921/5/4 2922/5/4 2940/5/4
f 2922/6/4 2935/6/4 2941/6/4
f 2940/5/4 2922/5/4 2941/5/4
f 2941/6/4 2935/6/4 2942/6/4
f 2925/5/4 2932/5/4 2944/5/4
f 2927/5/4 2916/5/4 2946/5/4
f 2929/5/4 2918/5/4 2948/5/4
f 2944/5/4 2932/5/4 2949/5/4
f 2943/5/4 2944/5/4 2949/5/4
f 2932/6/4 2937/6/4 2949/6/4
f 2949/6/4 2937/6/4 2950/6/4
f 2945/5/4 2946/5/4 2951/5/4
f 2946/5/4 2916/5/4 2951/5/4
f 2947/5/4 2948/5/4 2953/5/4
f 2948/5/4 2918/5/4 2953/5/4
f 2939/5/4 2940/5/4 2956/5/4
f 2940/5/4 2941/5/4 2956/5/4
f 2956/5/4 2941/5/4 2957/5/4
f 2943/5/4 2949/5/4 2958/5/4
f 2958/5/4 2949/5/4 2959/5/4
f 2945/5/4 2951/5/4 2960/5/4
f 2960/5/4 2951/5/4 2961/5/4
f 2951/6/4 2952/6/4 2962/6/4
f 2961/5/4 2951/5/4 2962/5/4
f 2962/6/4 2952/6/4 2963/6/4
f 2947/5/4 2953/5/4 2964/5/4
f 2964/5/4 2953/5/4 2965/5/4
f 2953/6/4 2954/6/4 2966/6/4
f 2954/3/4 2955/3/4 2966/3/4
f 2966/3/4 2955/3/4 2967/3/4
f 2965/5/4 2953/5/4 2968/5/4
f 2953/6/4 2966/6/4 2968/6/4
f 2968/6/4 2966/6/4 2969/6/4
f 2957/5/4 2941/5/4 2971/5/4
f 2971/5/4 2941/5/4 2972/5/4
f 2959/5/4 2949/5/4 2976/5/4
f 2976/5/4 2949/5/4 2977/5/4
f 2961/5/4 2962/5/4 2979/5/4
f 2979/5/4 2962/5/4 2980/5/4
f 2965/5/4 2968/5/4 2984/5/4
f 2984/5/4 2968/5/4 2985/5/4
f 2972/6/4 2973/6/4 2986/6/4
f 2973/7/4 2974/7/4 2987/7/4
f 2986/6/4 2973/6/4 2987/6/4
f 2981/15/4 2982/15/4 2993/15/4
f 2993/15/4 2982/15/4 2994/15/4
f 2970/5/4 2971/5/4 2996/5/4
f 2996/5/4 2971/5/4 2997/5/4
f 2987/7/4 2974/7/4 2999/7/4
f 2999/7/4 2974/7/4 3000/7/4
f 2975/5/4 2976/5/4 3001/5/4
f 3001/5/4 2976/5/4 3002/5/4
f 2988/3/4 2989/3/4 3004/3/4
f 3004/3/4 2989/3/4 3005/3/4
f 2978/5/4 2979/5/4 3006/5/4
f 3006/5/4 2979/5/4 3007/5/4
f 2990/6/4 2991/6/4 3008/6/4
f 2991/7/4 2992/7/4 3009/7/4
f 3008/6/4 2991/6/4 3009/6/4
f 3009/7/4 2992/7/4 3010/7/4
f 2994/15/4 2995/15/4 3011/15/4
f 3011/15/4 2995/15/4 3012/15/4
f 2983/5/4 2984/5/4 3013/5/4
f 3013/5/4 2984/5/4 3014/5/4
f 2997/6/4 2998/6/4 3017/6/4
f 3017/6/4 2998/6/4 3018/6/4
f 3002/6/4 3003/6/4 3019/6/4
f 3019/6/4 3003/6/4 3020/6/4
f 3007/6/4 3008/6/4 3021/6/4
f 3021/6/4 3008/6/4 3022/6/4
f 3014/6/4 3015/6/4 3023/6/4
f 3015/6/4 3016/6/4 3023/6/4
f 3023/6/4 3016/6/4 3024/6/4
f 3025/6/4 3026/6/4 3031/6/4
f 3027/6/4 3028/6/4 3032/6/4
f 3032/6/4 3028/6/4 3033/6/4
f 3029/6/4 3030/6/4 3035/6/4
f 3035/6/4 3030/6/4 3036/6/4
f 3031/6/4 3026/6/4 3037/6/4
f 3037/6/4 3026/6/4 3038/6/4
f 3033/6/4 3034/6/4 3039/6/4
f 3039/6/4 3034/6/4 3040/6/4
f 3036/6/4 3030/6/4 3041/6/4
f 3041/6/4 3030/6/4 3042/6/4
f 3043/15/4 3044/15/4 3045/15/4
f 3045/15/4 3044/15/4 3046/15/4
f 3049/6/4 3050/6/4 3055/6/4
f 3055/6/4 3050/6/4 3056/6/4
f 3051/6/4 3052/6/4 3057/6/4
f 3057/6/4 3052/6/4 3058/6/4
f 3053/6/4 3054/6/4 3059/6/4
f 3059/6/4 3054/6/4 3060/6/4
f 3047/6/4 3048/6/4 3061/6/4
f 3061/6/4 3048/6/4 3062/6/4
f 3065/1/4 3066/1/4 3067/1/4
f 3067/1/4 3066/1/4 3068/1/4
f 3069/1/4 3070/1/4 3073/1/4
f 3073/1/4 3070/1/4 3074/1/4
f 3071/1/4 3072/1/4 3075/1/4
f 3075/1/4 3072/1/4 3076/1/4
f 3063/15/4 3064/15/4 3077/15/4
f 3077/15/4 3064/15/4 3078/15/4
f 3079/1/4 3080/1/4 3081/1/4
f 3081/1/4 3080/1/4 3082/1/4
f 3083/1/4 3084/1/4 3085/1/4
f 3085/1/4 3084/1/4 3086/1/4
f 3085/17/4 3086/17/4 3087/17/4
f 3087/17/4 3086/17/4 3088/17/4
f 3089/16/4 3090/16/4 3091/16/4
f 3091/16/4 3090/16/4 3092/16/4
f 3093/17/4 3094/17/4 3095/17/4
f 3095/17/4 3094/17/4 3096/17/4
f 3097/1/4 3098/1/4 3099/1/4
f 3099/1/4 3098/1/4 3100/1/4
f 3101/17/4 3102/17/4 3103/17/4
f 3103/17/4 3102/17/4 3104/17/4
f 3105/17/4 3106/17/4 3107/17/4
f 3107/17/4 3106/17/4 3108/17/4
f 3109/1/4 3110/1/4 3113/1/4
f 3113/1/4 3110/1/4 3114/1/4
f 3111/1/4 3112/1/4 3115/1/4
f 3115/1/4 3112/1/4 3116/1/4
f 3117/15/4 3118/15/4 3119/15/4
f 3119/15/4 3118/15/4 3120/15/4
f 3121/1/4 3122/1/4 3123/1/4
f 3123/1/4 3122/1/4 3124/1/4
f 3125/17/4 3126/17/4 3127/17/4
f 3127/17/4 3126/17/4 3128/17/4
f 3129/17/4 3130/17/4 3131/17/4
f 3131/17/4 3130/17/4 3132/17/4
f 3133/16/4 3134/16/4 3135/16/4
f 3135/16/4 3134/16/4 3136/16/4
f 3137/15/4 3138/15/4 3139/15/4
f 3139/15/4 3138/15/4 3140/15/4
f 3141/1/4 3142/1/4 3152/1/4
f 3151/16/4 3152/16/4 3153/16/4
f 3152/1/4 3142/1/4 3154/1/4
f 3153/16/4 3152/16/4 3154/16/4
f 3154/1/4 3142/1/4 3155/1/4
f 3155/1/4 3142/1/4 3156/1/4
f 3143/1/4 3144/1/4 3157/1/4
f 3157/1/4 3144/1/4 3158/1/4
f 3145/1/4 3146/1/4 3159/1/4
f 3159/1/4 3146/1/4 3160/1/4
f 3147/1/4 3148/1/4 3161/1/4
f 3161/1/4 3148/1/4 3162/1/4
f 3149/1/4 3150/1/4 3163/1/4
f 3163/1/4 3150/1/4 3164/1/4
f 3165/16/4 3166/16/4 3177/16/4
f 3177/16/4 3166/16/4 3178/16/4
f 3165/16/4 3177/16/4 3179/16/4
f 3165/16/4 3179/16/4 3181/16/4
f 3179/16/4 3180/16/4 3181/16/4
f 3181/16/4 3180/16/4 3182/16/4
f 3167/15/4 3168/15/4 3183/15/4
f 3183/15/4 3168/15/4 3184/15/4
f 3169/15/4 3170/15/4 3185/15/4
f 3185/15/4 3170/15/4 3186/15/4
f 3171/15/4 3172/15/4 3187/15/4
f 3187/15/4 3172/15/4 3188/15/4
f 3173/15/4 3174/15/4 3189/15/4
f 3189/15/4 3174/15/4 3190/15/4
f 3175/15/4 3176/15/4 3191/15/4
f 3191/15/4 3176/15/4 3192/15/4
f 3193/16/4 3194/16/4 3195/16/4
f 3195/16/4 3194/16/4 3196/16/4
f 3199/16/5 3198/16/5 3197/16/5
f 3200/16/5 3198/16/5 3199/16/5
f 3201/16/5 3199/16/5 3197/16/5
f 3201/11/5 3200/11/5 3199/11/5
f 3202/11/5 3200/11/5 3201/11/5
f 3203/16/5 3202/16/5 3201/16/5
f 3203/11/5 3200/11/5 3202/11/5
f 3204/16/5 3198/16/5 3200/16/5
f 3204/11/5 3200/11/5 3203/11/5
f 3205/16/5 3203/16/5 3201/16/5
f 3205/16/5 3201/16/5 3197/16/5
f 3205/16/5 3204/16/5 3203/16/5
f 3206/16/5 3198/16/5 3204/16/5
f 3206/16/5 3204/16/5 3205/16/5
f 3209/15/5 3208/15/5 3207/15/5
f 3210/15/5 3208/15/5 3209/15/5
f 3213/16/5 3212/16/5 3211/16/5
f 3214/16/5 3212/16/5 3213/16/5
f 3217/1/5 3216/1/5 3215/1/5
f 3218/1/5 3216/1/5 3217/1/5
f 3227/10/5 3220/10/5 3219/10/5
f 3228/10/5 3220/10/5 3227/10/5
f 3229/10/5 3222/10/5 3221/10/5
f 3230/10/5 3222/10/5 3229/10/5
f 3231/10/5 3224/10/5 3223/10/5
f 3232/10/5 3224/10/5 3231/10/5
f 3233/10/5 3226/10/5 3225/10/5
f 3234/10/5 3226/10/5 3233/10/5
f 3235/10/5 3227/10/5 3219/10/5
f 3236/10/5 3220/10/5 3228/10/5
f 3237/10/5 3229/10/5 3221/10/5
f 3238/10/5 3222/10/5 3230/10/5
f 3239/10/5 3231/10/5 3223/10/5
f 3240/10/5 3224/10/5 3232/10/5
f 3241/10/5 3233/10/5 3225/10/5
f 3242/10/5 3226/10/5 3234/10/5
f 3243/10/5 3235/10/5 3219/10/5
f 3243/10/5 3236/10/5 3235/10/5
f 3244/10/5 3220/10/5 3236/10/5
f 3244/10/5 3236/10/5 3243/10/5
f 3245/10/5 3237/10/5 3221/10/5
f 3245/10/5 3238/10/5 3237/10/5
f 3246/10/5 3222/10/5 3238/10/5
f 3246/10/5 3238/10/5 3245/10/5
f 3247/10/5 3239/10/5 3223/10/5
f 3247/10/5 3240/10/5 3239/10/5
f 3248/10/5 3224/10/5 3240/10/5
f 3248/10/5 3240/10/5 3247/10/5
f 3249/10/5 3242/10/5 3241/10/5
f 3249/10/5 3241/10/5 3225/10/5
f 3250/10/5 3226/10/5 3242/10/5
f 3250/10/5 3242/10/5 3249/10/5
f 3255/15/5 3252/15/5 3251/15/5
f 3256/15/5 3252/15/5 3255/15/5
f 3257/15/5 3254/15/5 3253/15/5
f 3258/15/5 3254/15/5 3257/15/5
f 3261/17/5 3260/17/5 3259/17/5
f 3262/17/5 3260/17/5 3261/17/5
f 3267/1/5 3264/1/5 3263/1/5
f 3268/1/5 3264/1/5 3267/1/5
f 3269/1/5 3266/1/5 3265/1/5
f 3270/1/5 3266/1/5 3269/1/5
f 3273/15/5 3272/15/5 3271/15/5
f 3274/15/5 3272/15/5 3273/15/5
f 3277/15/5 3276/15/5 3275/15/5
f 3278/15/5 3276/15/5 3277/15/5
f 3281/15/5 3280/15/5 3279/15/5
f 3282/15/5 3280/15/5 3281/15/5
f 3284/15/5 3281/15/5 3279/15/5
f 3285/15/5 3280/15/5 3282/15/5
f 3287/15/5 3284/15/5 3283/15/5
f 3288/15/5 3281/15/5 3284/15/5
f 3288/15/5 3284/15/5 3287/15/5
f 3289/15/5 3286/15/5 3285/15/5
f 3289/15/5 3285/15/5 3282/15/5
f 3290/15/5 3286/15/5 3289/15/5
f 3291/15/5 3287/15/5 3283/15/5
f 3292/15/5 3286/15/5 3290/15/5
f 3293/15/5 3291/15/5 3283/15/5
f 3293/15/5 3292/15/5 3291/15/5
f 3294/15/5 3286/15/5 3292/15/5
f 3294/15/5 3292/15/5 3293/15/5
f 3299/15/5 3296/15/5 3295/15/5
f 3300/15/5 3296/15/5 3299/15/5
f 3301/15/5 3298/15/5 3297/15/5
f 3302/15/5 3298/15/5 3301/15/5
f 3310/6/5 3304/6/5 3303/6/5
f 3311/6/5 3304/6/5 3310/6/5
f 3315/6/5 3306/6/5 3305/6/5
f 3316/6/5 3306/6/5 3315/6/5
f 3318/6/5 3308/6/5 3307/6/5
f 3319/6/5 3308/6/5 3318/6/5
f 3320/6/5 3310/6/5 3309/6/5
f 3321/6/5 3310/6/5 3320/6/5
f 3325/5/5 3313/5/5 3312/5/5
f 3326/5/5 3313/5/5 3325/5/5
f 3327/5/5 3316/5/5 3315/5/5
f 3327/5/5 3315/5/5 3314/5/5
f 3328/5/5 3316/5/5 3327/5/5
f 3329/5/5 3318/5/5 3317/5/5
f 3330/5/5 3318/5/5 3329/5/5
f 3331/6/5 3323/6/5 3322/6/5
f 3332/6/5 3323/6/5 3331/6/5
f 3333/5/5 3325/5/5 3324/5/5
f 3334/5/5 3325/5/5 3333/5/5
f 3335/5/5 3325/5/5 3334/5/5
f 3336/5/5 3331/5/5 3330/5/5
f 3337/5/5 3331/5/5 3336/5/5
f 3338/5/5 3331/5/5 3337/5/5
f 3341/6/5 3340/6/5 3339/6/5
f 3342/6/5 3340/6/5 3341/6/5
f 3345/17/5 3344/17/5 3343/17/5
f 3346/17/5 3344/17/5 3345/17/5
f 3349/17/5 3348/17/5 3347/17/5
f 3350/17/5 3348/17/5 3349/17/5
f 3355/1/5 3352/1/5 3351/1/5
f 3356/1/5 3352/1/5 3355/1/5
f 3357/1/5 3354/1/5 3353/1/5
f 3358/1/5 3354/1/5 3357/1/5
f 3361/15/5 3360/15/5 3359/15/5
f 3362/15/5 3360/15/5 3361/15/5
f 3365/15/5 3364/15/5 3363/15/5
f 3366/15/5 3364/15/5 3365/15/5
f 3369/15/5 3368/15/5 3367/15/5
f 3370/15/5 3368/15/5 3369/15/5
f 3372/15/5 3369/15/5 3367/15/5
f 3373/15/5 3368/15/5 3370/15/5
f 3375/15/5 3372/15/5 3371/15/5
f 3376/15/5 3369/15/5 3372/15/5
f 3376/15/5 3372/15/5 3375/15/5
f 3377/15/5 3374/15/5 3373/15/5
f 3377/15/5 3373/15/5 3370/15/5
f 3378/15/5 3374/15/5 3377/15/5
f 3379/15/5 3375/15/5 3371/15/5
f 3380/15/5 3374/15/5 3378/15/5
f 3381/15/5 3379/15/5 3371/15/5
f 3381/15/5 3380/15/5 3379/15/5
f 3382/15/5 3374/15/5 3380/15/5
f 3382/15/5 3380/15/5 3381/15/5
f 3385/6/5 3384/6/5 3383/6/5
f 3386/6/5 3384/6/5 3385/6/5
f 3391/15/5 3388/15/5 3387/15/5
f 3392/15/5 3388/15/5 3391/15/5
f 3393/15/5 3390/15/5 3389/15/5
f 3394/15/5 3390/15/5 3393/15/5
f 3401/6/5 3396/6/5 3395/6/5
f 3402/6/5 3396/6/5 3401/6/5
f 3404/6/5 3398/6/5 3397/6/5
f 3405/6/5 3398/6/5 3404/6/5
f 3406/6/5 3398/6/5 3405/6/5
f 3408/6/5 3400/6/5 3399/6/5
f 3409/6/5 3400/6/5 3408/6/5
f 3413/6/5 3412/6/5 3411/6/5
f 3414/6/5 3412/6/5 3413/6/5
f 3415/5/5 3403/5/5 3402/5/5
f 3416/5/5 3403/5/5 3415/5/5
f 3417/5/5 3405/5/5 3404/5/5
f 3418/5/5 3405/5/5 3417/5/5
f 3419/5/5 3408/5/5 3407/5/5
f 3420/5/5 3408/5/5 3419/5/5
f 3421/6/5 3410/6/5 3409/6/5
f 3422/6/5 3410/6/5 3421/6/5
f 3423/5/5 3415/5/5 3414/5/5
f 3424/5/5 3415/5/5 3423/5/5
f 3425/5/5 3415/5/5 3424/5/5
f 3426/5/5 3421/5/5 3420/5/5
f 3427/5/5 3421/5/5 3426/5/5
f 3428/5/5 3421/5/5 3427/5/5
f 3431/17/5 3430/17/5 3429/17/5
f 3432/17/5 3430/17/5 3431/17/5
f 3435/17/5 3434/17/5 3433/17/5
f 3436/17/5 3434/17/5 3435/17/5
f 3441/1/5 3438/1/5 3437/1/5
f 3442/1/5 3438/1/5 3441/1/5
f 3443/1/5 3440/1/5 3439/1/5
f 3444/1/5 3440/1/5 3443/1/5
f 3447/15/5 3446/15/5 3445/15/5
f 3448/15/5 3446/15/5 3447/15/5
f 3451/15/5 3450/15/5 3449/15/5
f 3452/15/5 3450/15/5 3451/15/5
f 3455/15/5 3454/15/5 3453/15/5
f 3456/15/5 3454/15/5 3455/15/5
f 3458/15/5 3455/15/5 3453/15/5
f 3459/15/5 3454/15/5 3456/15/5
f 3461/15/5 3458/15/5 3457/15/5
f 3462/15/5 3455/15/5 3458/15/5
f 3462/15/5 3458/15/5 3461/15/5
f 3463/15/5 3460/15/5 3459/15/5
f 3463/15/5 3459/15/5 3456/15/5
f 3464/15/5 3460/15/5 3463/15/5
f 3467/1/5 3466/1/5 3465/1/5
f 3468/1/5 3466/1/5 3467/1/5
f 3469/15/5 3461/15/5 3457/15/5
f 3470/15/5 3460/15/5 3464/15/5
f 3471/15/5 3469/15/5 3457/15/5
f 3471/15/5 3470/15/5 3469/15/5
f 3472/15/5 3460/15/5 3470/15/5
f 3472/15/5 3470/15/5 3471/15/5
f 3477/15/5 3474/15/5 3473/15/5
f 3478/15/5 3474/15/5 3477/15/5
f 3479/15/5 3476/15/5 3475/15/5
f 3480/15/5 3476/15/5 3479/15/5
f 3491/6/5 3482/6/5 3481/6/5
f 3492/6/5 3482/6/5 3491/6/5
f 3493/6/5 3484/6/5 3483/6/5
f 3494/6/5 3484/6/5 3493/6/5
f 3495/6/5 3486/6/5 3485/6/5
f 3496/6/5 3486/6/5 3495/6/5
f 3497/6/5 3488/6/5 3487/6/5
f 3498/6/5 3488/6/5 3497/6/5
f 3500/6/5 3490/6/5 3489/6/5
f 3501/6/5 3490/6/5 3500/6/5
f 3506/6/5 3503/6/5 3502/6/5
f 3507/5/5 3493/5/5 3492/5/5
f 3508/5/5 3493/5/5 3507/5/5
f 3509/5/5 3496/5/5 3495/5/5
f 3509/5/5 3497/5/5 3496/5/5
f 3510/5/5 3497/5/5 3509/5/5
f 3511/5/5 3499/5/5 3498/5/5
f 3512/5/5 3499/5/5 3511/5/5
f 3513/6/5 3505/6/5 3504/6/5
f 3514/6/5 3505/6/5 3513/6/5
f 3515/6/5 3506/6/5 3502/6/5
f 3516/5/5 3507/5/5 3506/5/5
f 3516/6/5 3506/6/5 3515/6/5
f 3517/5/5 3507/5/5 3516/5/5
f 3518/5/5 3507/5/5 3517/5/5
f 3519/5/5 3507/5/5 3518/5/5
f 3520/5/5 3513/5/5 3512/5/5
f 3521/5/5 3513/5/5 3520/5/5
f 3522/5/5 3513/5/5 3521/5/5
f 3525/17/5 3524/17/5 3523/17/5
f 3526/17/5 3524/17/5 3525/17/5
f 3531/6/5 3528/6/5 3527/6/5
f 3532/6/5 3528/6/5 3531/6/5
f 3533/6/5 3530/6/5 3529/6/5
f 3534/6/5 3530/6/5 3533/6/5
f 3537/6/5 3536/6/5 3535/6/5
f 3538/6/5 3536/6/5 3537/6/5
f 3541/17/5 3540/17/5 3539/17/5
f 3542/17/5 3540/17/5 3541/17/5
f 3545/15/5 3544/15/5 3543/15/5
f 3546/15/5 3544/15/5 3545/15/5
f 3551/1/5 3548/1/5 3547/1/5
f 3552/1/5 3548/1/5 3551/1/5
f 3553/1/5 3550/1/5 3549/1/5
f 3554/1/5 3550/1/5 3553/1/5
f 3557/15/5 3556/15/5 3555/15/5
f 3558/15/5 3556/15/5 3557/15/5
f 3561/15/5 3560/15/5 3559/15/5
f 3562/15/5 3560/15/5 3561/15/5
f 3563/15/5 3561/15/5 3559/15/5
f 3564/15/5 3561/15/5 3563/15/5
f 3567/15/5 3566/15/5 3565/15/5
f 3568/15/5 3566/15/5 3567/15/5
f 3570/15/5 3566/15/5 3568/15/5
f 3571/15/5 3566/15/5 3570/15/5
f 3573/15/5 3567/15/5 3565/15/5
f 3574/15/5 3570/15/5 3569/15/5
f 3576/15/5 3573/15/5 3572/15/5
f 3577/15/5 3567/15/5 3573/15/5
f 3577/15/5 3573/15/5 3576/15/5
f 3578/15/5 3574/15/5 3569/15/5
f 3578/15/5 3575/15/5 3574/15/5
f 3579/15/5 3575/15/5 3578/15/5
f 3580/15/5 3575/15/5 3579/15/5
f 3581/15/5 3576/15/5 3572/15/5
f 3582/15/5 3575/15/5 3580/15/5
f 3583/15/5 3581/15/5 3572/15/5
f 3583/15/5 3582/15/5 3581/15/5
f 3584/15/5 3575/15/5 3582/15/5
f 3584/15/5 3582/15/5 3583/15/5
f 3587/15/5 3586/15/5 3585/15/5
f 3588/15/5 3586/15/5 3587/15/5
f 3593/15/5 3590/15/5 3589/15/5
f 3594/15/5 3590/15/5 3593/15/5
f 3595/15/5 3592/15/5 3591/15/5
f 3596/15/5 3592/15/5 3595/15/5
f 3604/6/5 3598/6/5 3597/6/5
f 3605/6/5 3598/6/5 3604/6/5
f 3606/6/5 3598/6/5 3605/6/5
f 3608/6/5 3600/6/5 3599/6/5
f 3609/6/5 3600/6/5 3608/6/5
f 3610/6/5 3602/6/5 3601/6/5
f 3611/6/5 3602/6/5 3610/6/5
f 3618/7/5 3615/7/5 3614/7/5
f 3619/7/5 3615/7/5 3618/7/5
f 3620/5/5 3604/5/5 3603/5/5
f 3620/5/5 3605/5/5 3604/5/5
f 3621/5/5 3605/5/5 3620/5/5
f 3622/5/5 3609/5/5 3608/5/5
f 3622/5/5 3608/5/5 3607/5/5
f 3622/5/5 3610/5/5 3609/5/5
f 3623/5/5 3610/5/5 3622/5/5
f 3624/5/5 3613/5/5 3612/5/5
f 3625/5/5 3613/5/5 3624/5/5
f 3626/6/5 3617/6/5 3616/6/5
f 3627/6/5 3617/6/5 3626/6/5
f 3628/6/5 3619/6/5 3618/6/5
f 3629/5/5 3620/5/5 3619/5/5
f 3629/6/5 3619/6/5 3628/6/5
f 3630/5/5 3620/5/5 3629/5/5
f 3631/5/5 3620/5/5 3630/5/5
f 3632/5/5 3620/5/5 3631/5/5
f 3633/5/5 3626/5/5 3625/5/5
f 3634/5/5 3626/5/5 3633/5/5
f 3635/5/5 3626/5/5 3634/5/5
f 3640/6/5 3637/6/5 3636/6/5
f 3641/6/5 3637/6/5 3640/6/5
f 3642/6/5 3639/6/5 3638/6/5
f 3643/6/5 3639/6/5 3642/6/5
f 3646/3/5 3645/3/5 3644/3/5
f 3647/3/5 3645/3/5 3646/3/5
f 3650/17/5 3649/17/5 3648/17/5
f 3651/17/5 3649/17/5 3650/17/5
f 3654/7/5 3653/7/5 3652/7/5
f 3655/7/5 3653/7/5 3654/7/5
f 3658/1/5 3657/1/5 3656/1/5
f 3659/1/5 3657/1/5 3658/1/5
f 3664/1/5 3661/1/5 3660/1/5
f 3665/1/5 3661/1/5 3664/1/5
f 3666/1/5 3663/1/5 3662/1/5
f 3667/1/5 3663/1/5 3666/1/5
f 3670/17/5 3669/17/5 3668/17/5
f 3671/17/5 3669/17/5 3670/17/5
f 3674/15/5 3673/15/5 3672/15/5
f 3675/15/5 3673/15/5 3674/15/5
f 3679/1/5 3677/1/5 3676/1/5
f 3679/1/5 3678/1/5 3677/1/5
f 3680/1/5 3678/1/5 3679/1/5
f 3681/1/5 3678/1/5 3680/1/5
f 3684/15/5 3683/15/5 3682/15/5
f 3685/15/5 3683/15/5 3684/15/5
f 3688/1/5 3687/1/5 3686/1/5
f 3689/1/5 3687/1/5 3688/1/5
f 3692/15/5 3691/15/5 3690/15/5
f 3693/15/5 3691/15/5 3692/15/5
f 3695/15/5 3692/15/5 3690/15/5
f 3696/15/5 3691/15/5 3693/15/5
f 3698/15/5 3695/15/5 3694/15/5
f 3699/15/5 3692/15/5 3695/15/5
f 3699/15/5 3695/15/5 3698/15/5
f 3700/15/5 3697/15/5 3696/15/5
f 3700/15/5 3696/15/5 3693/15/5
f 3701/15/5 3697/15/5 3700/15/5
f 3702/15/5 3698/15/5 3694/15/5
f 3703/15/5 3697/15/5 3701/15/5
f 3704/15/5 3702/15/5 3694/15/5
f 3704/15/5 3703/15/5 3702/15/5
f 3705/15/5 3697/15/5 3703/15/5
f 3705/15/5 3703/15/5 3704/15/5
f 3710/9/5 3707/9/5 3706/9/5
f 3711/9/5 3707/9/5 3710/9/5
f 3712/9/5 3709/9/5 3708/9/5
f 3713/9/5 3709/9/5 3712/9/5
f 3716/15/5 3715/15/5 3714/15/5
f 3717/15/5 3715/15/5 3716/15/5
f 3720/15/5 3719/15/5 3718/15/5
f 3721/15/5 3719/15/5 3720/15/5
f 3722/15/5 3720/15/5 3718/15/5
f 3723/15/5 3719/15/5 3721/15/5
f 3724/15/5 3722/15/5 3718/15/5
f 3724/15/5 3723/15/5 3722/15/5
f 3725/15/5 3719/15/5 3723/15/5
f 3725/15/5 3723/15/5 3724/15/5
f 3726/16/6 3727/16/6 3728/16/6
f 3728/16/6 3727/16/6 3729/16/6
f 3729/16/6 3727/16/6 3730/16/6
f 3730/16/6 3727/16/6 3731/16/6
f 3728/11/6 3729/11/6 3732/11/6
f 3732/11/6 3729/11/6 3733/11/6
f 3733/11/6 3729/11/6 3734/11/6
f 3734/11/6 3729/11/6 3735/11/6
f 3730/11/6 3731/11/6 3736/11/6
f 3736/11/6 3731/11/6 3737/11/6
f 3737/11/6 3731/11/6 3738/11/6
f 3738/11/6 3731/11/6 3739/11/6
f 3735/11/6 3729/11/6 3740/11/6
f 3729/15/6 3730/15/6 3741/15/6
f 3740/11/6 3729/11/6 3741/11/6
f 3741/15/6 3730/15/6 3742/15/6
f 3742/15/6 3730/15/6 3743/15/6
f 3730/11/6 3736/11/6 3744/11/6
f 3743/15/6 3730/15/6 3744/15/6
f 3744/11/6 3736/11/6 3745/11/6
f 3742/15/6 3743/15/6 3746/15/6
f 3746/15/6 3743/15/6 3747/15/6
f 3728/11/6 3732/11/6 3748/11/6
f 3733/11/6 3734/11/6 3749/11/6
f 3749/11/6 3734/11/6 3750/11/6
f 3735/11/6 3740/11/6 3751/11/6
f 3745/11/6 3736/11/6 3752/11/6
f 3737/11/6 3738/11/6 3753/11/6
f 3753/11/6 3738/11/6 3754/11/6
f 3739/11/6 3731/11/6 3755/11/6
f 3749/11/6 3750/11/6 3756/11/6
f 3750/11/6 3751/11/6 3756/11/6
f 3728/11/6 3748/11/6 3756/11/6
f 3748/11/6 3749/11/6 3756/11/6
f 3751/11/6 3740/11/6 3757/11/6
f 3756/11/6 3751/11/6 3757/11/6
f 3754/11/6 3755/11/6 3760/11/6
f 3753/11/6 3754/11/6 3760/11/6
f 3745/11/6 3752/11/6 3760/11/6
f 3752/11/6 3753/11/6 3760/11/6
f 3755/11/6 3731/11/6 3761/11/6
f 3760/11/6 3755/11/6 3761/11/6
f 3758/15/6 3759/15/6 3762/15/6
f 3762/15/6 3759/15/6 3763/15/6
f 3728/11/6 3756/11/6 3764/11/6
f 3761/11/6 3731/11/6 3765/11/6
f 3726/16/6 3728/16/6 3766/16/6
f 3764/11/6 3765/11/6 3766/11/6
f 3728/11/6 3764/11/6 3766/11/6
f 3765/11/6 3731/11/6 3767/11/6
f 3766/11/6 3765/11/6 3767/11/6
f 3731/16/6 3727/16/6 3767/16/6
f 3726/16/6 3766/16/6 3768/16/6
f 3766/16/6 3767/16/6 3768/16/6
f 3767/16/6 3727/16/6 3769/16/6
f 3768/16/6 3767/16/6 3769/16/6
f 3770/16/6 3771/16/6 3772/16/6
f 3772/16/6 3771/16/6 3773/16/6
f 3774/15/6 3775/15/6 3776/15/6
f 3776/15/6 3775/15/6 3777/15/6
f 3778/15/6 3779/15/6 3786/15/6
f 3786/15/6 3779/15/6 3787/15/6
f 3780/15/6 3781/15/6 3788/15/6
f 3788/15/6 3781/15/6 3789/15/6
f 3782/15/6 3783/15/6 3790/15/6
f 3790/15/6 3783/15/6 3791/15/6
f 3784/15/6 3785/15/6 3792/15/6
f 3792/15/6 3785/15/6 3793/15/6
f 3786/4/6 3787/4/6 3794/4/6
f 3794/4/6 3787/4/6 3795/4/6
f 3788/4/6 3789/4/6 3796/4/6
f 3796/4/6 3789/4/6 3797/4/6
f 3790/4/6 3791/4/6 3798/4/6
f 3798/4/6 3791/4/6 3799/4/6
f 3792/4/6 3793/4/6 3800/4/6
f 3800/4/6 3793/4/6 3801/4/6
f 3786/4/6 3794/4/6 3802/4/6
f 3795/4/6 3787/4/6 3803/4/6
f 3788/4/6 3796/4/6 3804/4/6
f 3797/4/6 3789/4/6 3805/4/6
f 3790/4/6 3798/4/6 3806/4/6
f 3799/4/6 3791/4/6 3807/4/6
f 3792/4/6 3800/4/6 3808/4/6
f 3801/4/6 3793/4/6 3809/4/6
f 3778/15/6 3786/15/6 3810/15/6
f 3786/4/6 3802/4/6 3810/4/6
f 3802/4/6 3803/4/6 3810/4/6
f 3787/15/6 3779/15/6 3811/15/6
f 3810/4/6 3803/4/6 3811/4/6
f 3803/4/6 3787/4/6 3811/4/6
f 3780/15/6 3788/15/6 3812/15/6
f 3788/4/6 3804/4/6 3812/4/6
f 3804/4/6 3805/4/6 3812/4/6
f 3789/15/6 3781/15/6 3813/15/6
f 3812/4/6 3805/4/6 3813/4/6
f 3805/4/6 3789/4/6 3813/4/6
f 3782/15/6 3790/15/6 3814/15/6
f 3790/4/6 3806/4/6 3814/4/6
f 3806/4/6 3807/4/6 3814/4/6
f 3791/15/6 3783/15/6 3815/15/6
f 3814/4/6 3807/4/6 3815/4/6
f 3807/4/6 3791/4/6 3815/4/6
f 3808/4/6 3809/4/6 3816/4/6
f 3784/15/6 3792/15/6 3816/15/6
f 3792/4/6 3808/4/6 3816/4/6
f 3793/15/6 3785/15/6 3817/15/6
f 3816/4/6 3809/4/6 3817/4/6
f 3809/4/6 3793/4/6 3817/4/6
f 3778/15/6 3810/15/6 3818/15/6
f 3810/15/6 3811/15/6 3818/15/6
f 3811/15/6 3779/15/6 3819/15/6
f 3818/15/6 3811/15/6 3819/15/6
f 3780/15/6 3812/15/6 3820/15/6
f 3812/15/6 3813/15/6 3820/15/6
f 3813/15/6 3781/15/6 3821/15/6
f 3820/15/6 3813/15/6 3821/15/6
f 3782/15/6 3814/15/6 3822/15/6
f 3814/15/6 3815/15/6 3822/15/6
f 3815/15/6 3783/15/6 3823/15/6
f 3822/15/6 3815/15/6 3823/15/6
f 3784/15/6 3816/15/6 3824/15/6
f 3816/15/6 3817/15/6 3824/15/6
f 3817/15/6 3785/15/6 3825/15/6
f 3824/15/6 3817/15/6 3825/15/6
f 3826/15/6 3827/15/6 3830/15/6
f 3830/15/6 3827/15/6 3831/15/6
f 3828/15/6 3829/15/6 3832/15/6
f 3832/15/6 3829/15/6 3833/15/6
f 3834/15/6 3835/15/6 3836/15/6
f 3836/15/6 3835/15/6 3837/15/6
f 3838/16/6 3839/16/6 3840/16/6
f 3840/16/6 3839/16/6 3841/16/6
f 3842/16/6 3843/16/6 3844/16/6
f 3844/16/6 3843/16/6 3845/16/6
f 3846/16/6 3847/16/6 3848/16/6
f 3848/16/6 3847/16/6 3849/16/6
f 3850/15/6 3851/15/6 3854/15/6
f 3854/15/6 3851/15/6 3855/15/6
f 3852/15/6 3853/15/6 3856/15/6
f 3856/15/6 3853/15/6 3857/15/6
f 3860/16/6 3861/16/6 3866/16/6
f 3866/16/6 3861/16/6 3867/16/6
f 3862/16/6 3863/16/6 3868/16/6
f 3868/16/6 3863/16/6 3869/16/6
f 3864/16/6 3865/16/6 3870/16/6
f 3870/16/6 3865/16/6 3871/16/6
f 3858/15/6 3859/15/6 3872/15/6
f 3872/15/6 3859/15/6 3873/15/6
f 3860/16/6 3866/16/6 3874/16/6
f 3871/16/6 3865/16/6 3877/16/6
f 3874/16/6 3875/16/6 3878/16/6
f 3860/16/6 3874/16/6 3878/16/6
f 3878/16/6 3875/16/6 3879/16/6
f 3876/16/6 3877/16/6 3880/16/6
f 3877/16/6 3865/16/6 3881/16/6
f 3880/16/6 3877/16/6 3881/16/6
f 3882/10/6 3883/10/6 3890/10/6
f 3890/10/6 3883/10/6 3891/10/6
f 3884/10/6 3885/10/6 3892/10/6
f 3892/10/6 3885/10/6 3893/10/6
f 3886/10/6 3887/10/6 3894/10/6
f 3894/10/6 3887/10/6 3895/10/6
f 3888/10/6 3889/10/6 3896/10/6
f 3896/10/6 3889/10/6 3897/10/6
f 3882/10/6 3890/10/6 3898/10/6
f 3891/10/6 3883/10/6 3899/10/6
f 3884/10/6 3892/10/6 3900/10/6
f 3893/10/6 3885/10/6 3901/10/6
f 3886/10/6 3894/10/6 3902/10/6
f 3895/10/6 3887/10/6 3903/10/6
f 3888/10/6 3896/10/6 3904/10/6
f 3897/10/6 3889/10/6 3905/10/6
f 3882/10/6 3898/10/6 3906/10/6
f 3898/10/6 3899/10/6 3906/10/6
f 3899/10/6 3883/10/6 3907/10/6
f 3906/10/6 3899/10/6 3907/10/6
f 3884/10/6 3900/10/6 3908/10/6
f 3900/10/6 3901/10/6 3908/10/6
f 3901/10/6 3885/10/6 3909/10/6
f 3908/10/6 3901/10/6 3909/10/6
f 3886/10/6 3902/10/6 3910/10/6
f 3902/10/6 3903/10/6 3910/10/6
f 3903/10/6 3887/10/6 3911/10/6
f 3910/10/6 3903/10/6 3911/10/6
f 3904/10/6 3905/10/6 3912/10/6
f 3888/10/6 3904/10/6 3912/10/6
f 3905/10/6 3889/10/6 3913/10/6
f 3912/10/6 3905/10/6 3913/10/6
f 3918/15/6 3919/15/6 3922/15/6
f 3922/15/6 3919/15/6 3923/15/6
f 3923/15/6 3919/15/6 3924/15/6
f 3914/15/6 3915/15/6 3925/15/6
f 3925/15/6 3915/15/6 3926/15/6
f 3916/15/6 3917/15/6 3927/15/6
f 3927/15/6 3917/15/6 3928/15/6
f 3920/15/6 3921/15/6 3929/15/6
f 3929/15/6 3921/15/6 3930/15/6
f 3930/15/6 3921/15/6 3931/15/6
f 3931/15/6 3921/15/6 3932/15/6
f 3922/1/6 3923/1/6 3933/1/6
f 3933/1/6 3923/1/6 3934/1/6
f 3930/1/6 3931/1/6 3935/1/6
f 3935/1/6 3931/1/6 3936/1/6
f 3937/10/6 3938/10/6 3945/10/6
f 3945/10/6 3938/10/6 3946/10/6
f 3939/10/6 3940/10/6 3947/10/6
f 3947/10/6 3940/10/6 3948/10/6
f 3941/10/6 3942/10/6 3949/10/6
f 3949/10/6 3942/10/6 3950/10/6
f 3943/10/6 3944/10/6 3951/10/6
f 3951/10/6 3944/10/6 3952/10/6
f 3937/10/6 3945/10/6 3953/10/6
f 3946/10/6 3938/10/6 3954/10/6
f 3939/10/6 3947/10/6 3955/10/6
f 3948/10/6 3940/10/6 3956/10/6
f 3941/10/6 3949/10/6 3957/10/6
f 3950/10/6 3942/10/6 3958/10/6
f 3943/10/6 3951/10/6 3959/10/6
f 3952/10/6 3944/10/6 3960/10/6
f 3937/10/6 3953/10/6 3961/10/6
f 3953/10/6 3954/10/6 3961/10/6
f 3954/10/6 3938/10/6 3962/10/6
f 3961/10/6 3954/10/6 3962/10/6
f 3939/10/6 3955/10/6 3963/10/6
f 3955/10/6 3956/10/6 3963/10/6
f 3956/10/6 3940/10/6 3964/10/6
f 3963/10/6 3956/10/6 3964/10/6
f 3941/10/6 3957/10/6 3965/10/6
f 3957/10/6 3958/10/6 3965/10/6
f 3958/10/6 3942/10/6 3966/10/6
f 3965/10/6 3958/10/6 3966/10/6
f 3959/10/6 3960/10/6 3967/10/6
f 3943/10/6 3959/10/6 3967/10/6
f 3960/10/6 3944/10/6 3968/10/6
f 3967/10/6 3960/10/6 3968/10/6
f 3969/10/6 3970/10/6 3977/10/6
f 3977/10/6 3970/10/6 3978/10/6
f 3971/10/6 3972/10/6 3979/10/6
f 3979/10/6 3972/10/6 3980/10/6
f 3973/10/6 3974/10/6 3981/10/6
f 3981/10/6 3974/10/6 3982/10/6
f 3975/10/6 3976/10/6 3983/10/6
f 3983/10/6 3976/10/6 3984/10/6
f 3985/17/6 3986/17/6 3987/17/6
f 3987/17/6 3986/17/6 3988/17/6
f 3989/15/6 3990/15/6 3996/15/6
f 3996/15/6 3990/15/6 3997/15/6
f 3991/15/6 3992/15/6 3998/15/6
f 3998/15/6 3992/15/6 3999/15/6
f 3993/15/6 3994/15/6 4000/15/6
f 4000/15/6 3994/15/6 4001/15/6
f 3998/15/6 3999/15/6 4004/15/6
f 4001/15/6 4002/15/6 4004/15/6
f 4000/15/6 4001/15/6 4004/15/6
f 3999/15/6 4000/15/6 4004/15/6
f 3996/15/6 3997/15/6 4004/15/6
f 3997/15/6 3998/15/6 4004/15/6
f 3995/15/6 3996/15/6 4004/15/6
f 4004/15/6 4002/15/6 4005/15/6
f 4003/15/6 4004/15/6 4007/15/6
f 4005/15/6 4006/15/6 4007/15/6
f 4004/15/6 4005/15/6 4007/15/6
f 4007/15/6 4006/15/6 4008/15/6
f 4008/15/6 4006/15/6 4009/15/6
f 4009/15/6 4006/15/6 4010/15/6
f 4010/15/6 4006/15/6 4011/15/6
f 4011/15/6 4006/15/6 4012/15/6
f 4009/15/6 4010/15/6 4013/15/6
f 4013/15/6 4010/15/6 4014/15/6
f 4014/15/6 4010/15/6 4015/15/6
f 4015/15/6 4010/15/6 4016/15/6
f 4003/15/6 4007/15/6 4017/15/6
f 4012/15/6 4006/15/6 4018/15/6
f 4003/15/6 4017/15/6 4019/15/6
f 4017/15/6 4018/15/6 4019/15/6
f 4018/15/6 4006/15/6 4020/15/6
f 4019/15/6 4018/15/6 4020/15/6
f 4021/15/6 4022/15/6 4025/15/6
f 4025/15/6 4022/15/6 4026/15/6
f 4026/15/6 4022/15/6 4027/15/6
f 4027/15/6 4022/15/6 4028/15/6
f 4023/15/6 4024/15/6 4029/15/6
f 4029/15/6 4024/15/6 4030/15/6
f 4030/15/6 4024/15/6 4031/15/6
f 4031/15/6 4024/15/6 4032/15/6
f 4026/1/6 4027/1/6 4033/1/6
f 4033/1/6 4027/1/6 4034/1/6
f 4030/1/6 4031/1/6 4035/1/6
f 4035/1/6 4031/1/6 4036/1/6
f 4037/6/6 4038/6/6 4040/6/6
f 4040/6/6 4038/6/6 4041/6/6
f 4039/6/6 4040/6/6 4046/6/6
f 4046/6/6 4040/6/6 4047/6/6
f 4042/5/6 4043/5/6 4049/5/6
f 4044/5/6 4045/5/6 4050/5/6
f 4048/5/6 4049/5/6 4055/5/6
f 4049/5/6 4043/5/6 4056/5/6
f 4055/5/6 4049/5/6 4056/5/6
f 4050/5/6 4051/5/6 4057/5/6
f 4044/5/6 4050/5/6 4057/5/6
f 4057/5/6 4051/5/6 4058/5/6
f 4052/6/6 4053/6/6 4060/6/6
f 4060/6/6 4053/6/6 4061/6/6
f 4054/5/6 4055/5/6 4063/5/6
f 4058/5/6 4059/5/6 4064/5/6
f 4062/5/6 4063/5/6 4066/5/6
f 4063/5/6 4055/5/6 4067/5/6
f 4066/5/6 4063/5/6 4067/5/6
f 4067/5/6 4055/5/6 4068/5/6
f 4064/5/6 4065/5/6 4069/5/6
f 4058/5/6 4064/5/6 4069/5/6
f 4069/5/6 4065/5/6 4070/5/6
f 4070/5/6 4065/5/6 4071/5/6
f 4072/2/6 4073/2/6 4078/2/6
f 4078/2/6 4073/2/6 4079/2/6
f 4079/2/6 4073/2/6 4080/2/6
f 4074/7/6 4075/7/6 4083/7/6
f 4083/7/6 4075/7/6 4084/7/6
f 4076/6/6 4077/6/6 4088/6/6
f 4088/6/6 4077/6/6 4089/6/6
f 4078/6/6 4079/6/6 4091/6/6
f 4091/6/6 4079/6/6 4092/6/6
f 4081/6/6 4082/6/6 4094/6/6
f 4082/6/6 4083/6/6 4094/6/6
f 4094/6/6 4083/6/6 4095/6/6
f 4095/6/6 4083/6/6 4096/6/6
f 4085/6/6 4086/6/6 4097/6/6
f 4087/6/6 4088/6/6 4098/6/6
f 4098/6/6 4088/6/6 4099/6/6
f 4090/6/6 4091/6/6 4100/6/6
f 4100/6/6 4091/6/6 4101/6/6
f 4092/6/6 4093/6/6 4102/6/6
f 4102/6/6 4093/6/6 4103/6/6
f 4085/6/6 4097/6/6 4106/6/6
f 4097/6/6 4098/6/6 4106/6/6
f 4106/6/6 4098/6/6 4107/6/6
f 4104/6/6 4105/6/6 4108/6/6
f 4108/6/6 4105/6/6 4109/6/6
f 4110/7/6 4111/7/6 4118/7/6
f 4118/7/6 4111/7/6 4119/7/6
f 4112/3/6 4113/3/6 4121/3/6
f 4121/3/6 4113/3/6 4122/3/6
f 4114/2/6 4115/2/6 4123/2/6
f 4123/2/6 4115/2/6 4124/2/6
f 4116/6/6 4117/6/6 4125/6/6
f 4125/6/6 4117/6/6 4126/6/6
f 4119/7/6 4120/7/6 4128/7/6
f 4112/3/6 4121/3/6 4129/3/6
f 4129/3/6 4121/3/6 4130/3/6
f 4124/2/6 4125/2/6 4131/2/6
f 4131/2/6 4125/2/6 4132/2/6
f 4127/7/6 4128/7/6 4133/7/6
f 4128/7/6 4120/7/6 4134/7/6
f 4133/7/6 4128/7/6 4134/7/6
f 4135/17/6 4136/17/6 4137/17/6
f 4137/17/6 4136/17/6 4138/17/6
f 4139/17/6 4140/17/6 4141/17/6
f 4141/17/6 4140/17/6 4142/17/6
f 4143/15/6 4144/15/6 4150/15/6
f 4150/15/6 4144/15/6 4151/15/6
f 4145/15/6 4146/15/6 4152/15/6
f 4152/15/6 4146/15/6 4153/15/6
f 4147/15/6 4148/15/6 4154/15/6
f 4154/15/6 4148/15/6 4155/15/6
f 4152/15/6 4153/15/6 4158/15/6
f 4155/15/6 4156/15/6 4158/15/6
f 4154/15/6 4155/15/6 4158/15/6
f 4153/15/6 4154/15/6 4158/15/6
f 4150/15/6 4151/15/6 4158/15/6
f 4151/15/6 4152/15/6 4158/15/6
f 4149/15/6 4150/15/6 4158/15/6
f 4158/15/6 4156/15/6 4159/15/6
f 4157/15/6 4158/15/6 4161/15/6
f 4159/15/6 4160/15/6 4161/15/6
f 4158/15/6 4159/15/6 4161/15/6
f 4161/15/6 4160/15/6 4162/15/6
f 4162/15/6 4160/15/6 4163/15/6
f 4163/15/6 4160/15/6 4164/15/6
f 4164/15/6 4160/15/6 4165/15/6
f 4165/15/6 4160/15/6 4166/15/6
f 4163/15/6 4164/15/6 4167/15/6
f 4167/15/6 4164/15/6 4168/15/6
f 4168/15/6 4164/15/6 4169/15/6
f 4169/15/6 4164/15/6 4170/15/6
f 4157/15/6 4161/15/6 4171/15/6
f 4166/15/6 4160/15/6 4172/15/6
f 4157/15/6 4171/15/6 4173/15/6
f 4171/15/6 4172/15/6 4173/15/6
f 4172/15/6 4160/15/6 4174/15/6
f 4173/15/6 4172/15/6 4174/15/6
f 4175/15/6 4176/15/6 4179/15/6
f 4179/15/6 4176/15/6 4180/15/6
f 4180/15/6 4176/15/6 4181/15/6
f 4181/15/6 4176/15/6 4182/15/6
f 4177/15/6 4178/15/6 4183/15/6
f 4183/15/6 4178/15/6 4184/15/6
f 4184/15/6 4178/15/6 4185/15/6
f 4185/15/6 4178/15/6 4186/15/6
f 4180/1/6 4181/1/6 4187/1/6
f 4187/1/6 4181/1/6 4188/1/6
f 4184/1/6 4185/1/6 4189/1/6
f 4189/1/6 4185/1/6 4190/1/6
f 4191/6/6 4192/6/6 4197/6/6
f 4197/6/6 4192/6/6 4198/6/6
f 4193/6/6 4194/6/6 4201/6/6
f 4201/6/6 4194/6/6 4202/6/6
f 4195/6/6 4196/6/6 4204/6/6
f 4204/6/6 4196/6/6 4205/6/6
f 4199/5/6 4200/5/6 4207/5/6
f 4202/5/6 4203/5/6 4209/5/6
f 4201/5/6 4202/5/6 4209/5/6
f 4209/5/6 4203/5/6 4210/5/6
f 4210/5/6 4203/5/6 4211/5/6
f 4207/5/6 4208/5/6 4214/5/6
f 4199/5/6 4207/5/6 4214/5/6
f 4214/5/6 4208/5/6 4215/5/6
f 4210/5/6 4211/5/6 4216/5/6
f 4211/5/6 4212/5/6 4216/5/6
f 4216/5/6 4212/5/6 4217/5/6
f 4205/6/6 4206/6/6 4218/6/6
f 4218/6/6 4206/6/6 4219/6/6
f 4213/5/6 4214/5/6 4222/5/6
f 4222/5/6 4214/5/6 4223/5/6
f 4223/5/6 4214/5/6 4224/5/6
f 4220/5/6 4221/5/6 4225/5/6
f 4225/5/6 4221/5/6 4226/5/6
f 4226/5/6 4221/5/6 4227/5/6
f 4228/7/6 4229/7/6 4238/7/6
f 4238/7/6 4229/7/6 4239/7/6
f 4230/7/6 4231/7/6 4240/7/6
f 4231/6/6 4232/6/6 4241/6/6
f 4240/7/6 4231/7/6 4241/7/6
f 4232/7/6 4233/7/6 4242/7/6
f 4241/6/6 4232/6/6 4242/6/6
f 4242/7/6 4233/7/6 4243/7/6
f 4234/3/6 4235/3/6 4245/3/6
f 4245/3/6 4235/3/6 4246/3/6
f 4236/7/6 4237/7/6 4247/7/6
f 4238/6/6 4239/6/6 4247/6/6
f 4237/6/6 4238/6/6 4247/6/6
f 4247/6/6 4239/6/6 4248/6/6
f 4248/6/6 4239/6/6 4249/6/6
f 4240/6/6 4241/6/6 4250/6/6
f 4250/6/6 4241/6/6 4251/6/6
f 4242/6/6 4243/6/6 4252/6/6
f 4245/6/6 4246/6/6 4254/6/6
f 4244/6/6 4245/6/6 4254/6/6
f 4254/6/6 4246/6/6 4255/6/6
f 4255/6/6 4246/6/6 4256/6/6
f 4236/7/6 4247/7/6 4257/7/6
f 4257/7/6 4247/7/6 4258/7/6
f 4252/6/6 4253/6/6 4259/6/6
f 4242/6/6 4252/6/6 4259/6/6
f 4259/6/6 4253/6/6 4260/6/6
f 4255/3/6 4256/3/6 4261/3/6
f 4261/3/6 4256/3/6 4262/3/6
f 4261/6/6 4262/6/6 4264/6/6
f 4262/6/6 4263/6/6 4264/6/6
f 4264/6/6 4263/6/6 4265/6/6
f 4266/17/6 4267/17/6 4268/17/6
f 4268/17/6 4267/17/6 4269/17/6
f 4274/7/6 4275/7/6 4277/7/6
f 4275/6/6 4276/6/6 4278/6/6
f 4277/7/6 4275/7/6 4278/7/6
f 4278/6/6 4276/6/6 4279/6/6
f 4270/7/6 4271/7/6 4280/7/6
f 4280/7/6 4271/7/6 4281/7/6
f 4272/3/6 4273/3/6 4282/3/6
f 4282/3/6 4273/3/6 4283/3/6
f 4284/17/6 4285/17/6 4286/17/6
f 4286/17/6 4285/17/6 4287/17/6
f 4288/17/6 4289/17/6 4290/17/6
f 4290/17/6 4289/17/6 4291/17/6
f 4292/15/6 4293/15/6 4299/15/6
f 4299/15/6 4293/15/6 4300/15/6
f 4294/15/6 4295/15/6 4301/15/6
f 4301/15/6 4295/15/6 4302/15/6
f 4296/15/6 4297/15/6 4303/15/6
f 4303/15/6 4297/15/6 4304/15/6
f 4301/15/6 4302/15/6 4307/15/6
f 4304/15/6 4305/15/6 4307/15/6
f 4303/15/6 4304/15/6 4307/15/6
f 4302/15/6 4303/15/6 4307/15/6
f 4299/15/6 4300/15/6 4307/15/6
f 4300/15/6 4301/15/6 4307/15/6
f 4298/15/6 4299/15/6 4307/15/6
f 4307/15/6 4305/15/6 4308/15/6
f 4306/15/6 4307/15/6 4310/15/6
f 4308/15/6 4309/15/6 4310/15/6
f 4307/15/6 4308/15/6 4310/15/6
f 4310/15/6 4309/15/6 4311/15/6
f 4311/15/6 4309/15/6 4312/15/6
f 4312/15/6 4309/15/6 4313/15/6
f 4313/15/6 4309/15/6 4314/15/6
f 4314/15/6 4309/15/6 4315/15/6
f 4312/15/6 4313/15/6 4316/15/6
f 4316/15/6 4313/15/6 4317/15/6
f 4317/15/6 4313/15/6 4318/15/6
f 4318/15/6 4313/15/6 4319/15/6
f 4306/15/6 4310/15/6 4320/15/6
f 4315/15/6 4309/15/6 4321/15/6
f 4306/15/6 4320/15/6 4322/15/6
f 4320/15/6 4321/15/6 4322/15/6
f 4321/15/6 4309/15/6 4323/15/6
f 4322/15/6 4321/15/6 4323/15/6
f 4324/17/6 4325/17/6 4326/17/6
f 4326/17/6 4325/17/6 4327/17/6
f 4328/15/6 4329/15/6 4332/15/6
f 4332/15/6 4329/15/6 4333/15/6
f 4333/15/6 4329/15/6 4334/15/6
f 4334/15/6 4329/15/6 4335/15/6
f 4330/15/6 4331/15/6 4336/15/6
f 4336/15/6 4331/15/6 4337/15/6
f 4337/15/6 4331/15/6 4338/15/6
f 4338/15/6 4331/15/6 4339/15/6
f 4333/1/6 4334/1/6 4340/1/6
f 4340/1/6 4334/1/6 4341/1/6
f 4337/1/6 4338/1/6 4342/1/6
f 4342/1/6 4338/1/6 4343/1/6
f 4344/6/6 4345/6/6 4350/6/6
f 4350/6/6 4345/6/6 4351/6/6
f 4346/6/6 4347/6/6 4353/6/6
f 4353/6/6 4347/6/6 4354/6/6
f 4348/6/6 4349/6/6 4355/6/6
f 4355/6/6 4349/6/6 4356/6/6
f 4354/5/6 4355/5/6 4361/5/6
f 4361/5/6 4355/5/6 4362/5/6
f 4351/5/6 4352/5/6 4367/5/6
f 4367/5/6 4352/5/6 4368/5/6
f 4360/5/6 4361/5/6 4369/5/6
f 4361/5/6 4362/5/6 4369/5/6
f 4362/5/6 4363/5/6 4369/5/6
f 4369/5/6 4363/5/6 4370/5/6
f 4356/5/6 4357/5/6 4371/5/6
f 4371/5/6 4357/5/6 4372/5/6
f 4364/6/6 4365/6/6 4374/6/6
f 4374/6/6 4365/6/6 4375/6/6
f 4358/6/6 4359/6/6 4376/6/6
f 4376/6/6 4359/6/6 4377/6/6
f 4366/5/6 4367/5/6 4378/5/6
f 4373/5/6 4374/5/6 4380/5/6
f 4377/5/6 4378/5/6 4381/5/6
f 4378/5/6 4367/5/6 4382/5/6
f 4381/5/6 4378/5/6 4382/5/6
f 4382/5/6 4367/5/6 4383/5/6
f 4379/5/6 4380/5/6 4384/5/6
f 4380/5/6 4374/5/6 4385/5/6
f 4384/5/6 4380/5/6 4385/5/6
f 4385/5/6 4374/5/6 4386/5/6
f 4387/2/6 4388/2/6 4395/2/6
f 4395/2/6 4388/2/6 4396/2/6
f 4389/3/6 4390/3/6 4398/3/6
f 4398/3/6 4390/3/6 4399/3/6
f 4391/3/6 4392/3/6 4400/3/6
f 4400/3/6 4392/3/6 4401/3/6
f 4393/7/6 4394/7/6 4405/7/6
f 4405/7/6 4394/7/6 4406/7/6
f 4396/6/6 4397/6/6 4409/6/6
f 4399/6/6 4400/6/6 4411/6/6
f 4400/6/6 4401/6/6 4411/6/6
f 4411/6/6 4401/6/6 4412/6/6
f 4402/6/6 4403/6/6 4413/6/6
f 4413/6/6 4403/6/6 4414/6/6
f 4404/6/6 4405/6/6 4416/6/6
f 4406/6/6 4407/6/6 4416/6/6
f 4405/6/6 4406/6/6 4416/6/6
f 4416/6/6 4407/6/6 4417/6/6
f 4417/6/6 4407/6/6 4418/6/6
f 4408/6/6 4409/6/6 4419/6/6
f 4409/6/6 4397/6/6 4419/6/6
f 4419/6/6 4397/6/6 4420/6/6
f 4410/6/6 4411/6/6 4421/6/6
f 4421/6/6 4411/6/6 4422/6/6
f 4414/6/6 4415/6/6 4423/6/6
f 4423/6/6 4415/6/6 4424/6/6
f 4404/6/6 4416/6/6 4425/6/6
f 4408/6/6 4419/6/6 4426/6/6
f 4426/6/6 4419/6/6 4427/6/6
f 4404/6/6 4425/6/6 4428/6/6
f 4428/6/6 4425/6/6 4429/6/6
f 4430/2/6 4431/2/6 4437/2/6
f 4437/2/6 4431/2/6 4438/2/6
f 4432/7/6 4433/7/6 4443/7/6
f 4443/7/6 4433/7/6 4444/7/6
f 4434/2/6 4435/2/6 4445/2/6
f 4445/2/6 4435/2/6 4446/2/6
f 4436/3/6 4437/3/6 4447/3/6
f 4447/3/6 4437/3/6 4448/3/6
f 4439/2/6 4440/2/6 4449/2/6
f 4449/2/6 4440/2/6 4450/2/6
f 4441/3/6 4442/3/6 4451/3/6
f 4451/3/6 4442/3/6 4452/3/6
f 4453/7/6 4454/7/6 4455/7/6
f 4455/7/6 4454/7/6 4456/7/6
f 4457/17/6 4458/17/6 4459/17/6
f 4459/17/6 4458/17/6 4460/17/6
f 4461/15/6 4462/15/6 4468/15/6
f 4468/15/6 4462/15/6 4469/15/6
f 4463/15/6 4464/15/6 4470/15/6
f 4470/15/6 4464/15/6 4471/15/6
f 4465/15/6 4466/15/6 4472/15/6
f 4472/15/6 4466/15/6 4473/15/6
f 4470/15/6 4471/15/6 4476/15/6
f 4473/15/6 4474/15/6 4476/15/6
f 4472/15/6 4473/15/6 4476/15/6
f 4471/15/6 4472/15/6 4476/15/6
f 4468/15/6 4469/15/6 4476/15/6
f 4469/15/6 4470/15/6 4476/15/6
f 4467/15/6 4468/15/6 4476/15/6
f 4476/15/6 4474/15/6 4477/15/6
f 4475/15/6 4476/15/6 4479/15/6
f 4477/15/6 4478/15/6 4479/15/6
f 4476/15/6 4477/15/6 4479/15/6
f 4479/15/6 4478/15/6 4480/15/6
f 4480/15/6 4478/15/6 4481/15/6
f 4481/15/6 4478/15/6 4482/15/6
f 4482/15/6 4478/15/6 4483/15/6
f 4483/15/6 4478/15/6 4484/15/6
f 4481/15/6 4482/15/6 4485/15/6
f 4485/15/6 4482/15/6 4486/15/6
f 4486/15/6 4482/15/6 4487/15/6
f 4487/15/6 4482/15/6 4488/15/6
f 4475/15/6 4479/15/6 4489/15/6
f 4484/15/6 4478/15/6 4490/15/6
f 4475/15/6 4489/15/6 4491/15/6
f 4489/15/6 4490/15/6 4491/15/6
f 4490/15/6 4478/15/6 4492/15/6
f 4491/15/6 4490/15/6 4492/15/6
f 4493/15/6 4494/15/6 4497/15/6
f 4497/15/6 4494/15/6 4498/15/6
f 4498/15/6 4494/15/6 4499/15/6
f 4499/15/6 4494/15/6 4500/15/6
f 4495/15/6 4496/15/6 4501/15/6
f 4501/15/6 4496/15/6 4502/15/6
f 4502/15/6 4496/15/6 4503/15/6
f 4503/15/6 4496/15/6 4504/15/6
f 4498/1/6 4499/1/6 4505/1/6
f 4505/1/6 4499/1/6 4506/1/6
f 4502/1/6 4503/1/6 4507/1/6
f 4507/1/6 4503/1/6 4508/1/6
f 4509/17/6 4510/17/6 4511/17/6
f 4511/17/6 4510/17/6 4512/17/6
f 4513/6/6 4514/6/6 4520/6/6
f 4520/6/6 4514/6/6 4521/6/6
f 4515/6/6 4516/6/6 4522/6/6
f 4522/6/6 4516/6/6 4523/6/6
f 4517/6/6 4518/6/6 4524/6/6
f 4524/6/6 4518/6/6 4525/6/6
f 4519/5/6 4520/5/6 4530/5/6
f 4530/5/6 4520/5/6 4531/5/6
f 4531/5/6 4520/5/6 4532/5/6
f 4523/5/6 4524/5/6 4537/5/6
f 4537/5/6 4524/5/6 4538/5/6
f 4526/5/6 4527/5/6 4540/5/6
f 4540/5/6 4527/5/6 4541/5/6
f 4528/7/6 4529/7/6 4542/7/6
f 4542/7/6 4529/7/6 4543/7/6
f 4531/5/6 4532/5/6 4545/5/6
f 4532/5/6 4533/5/6 4545/5/6
f 4545/5/6 4533/5/6 4546/5/6
f 4538/5/6 4539/5/6 4547/5/6
f 4535/5/6 4536/5/6 4547/5/6
f 4534/5/6 4535/5/6 4547/5/6
f 4536/5/6 4537/5/6 4547/5/6
f 4537/5/6 4538/5/6 4547/5/6
f 4547/5/6 4539/5/6 4548/5/6
f 4541/5/6 4527/5/6 4549/5/6
f 4549/5/6 4527/5/6 4550/5/6
f 4550/5/6 4527/5/6 4551/5/6
f 4544/5/6 4545/5/6 4553/5/6
f 4552/5/6 4553/5/6 4556/5/6
f 4553/5/6 4545/5/6 4557/5/6
f 4556/5/6 4553/5/6 4557/5/6
f 4557/5/6 4545/5/6 4558/5/6
f 4554/5/6 4555/5/6 4559/5/6
f 4559/5/6 4555/5/6 4560/5/6
f 4561/6/6 4562/6/6 4565/6/6
f 4565/6/6 4562/6/6 4566/6/6
f 4563/6/6 4564/6/6 4573/6/6
f 4573/6/6 4564/6/6 4574/6/6
f 4574/6/6 4564/6/6 4575/6/6
f 4566/6/6 4567/6/6 4576/6/6
f 4576/6/6 4567/6/6 4577/6/6
f 4569/6/6 4570/6/6 4578/6/6
f 4568/6/6 4569/6/6 4578/6/6
f 4578/6/6 4570/6/6 4579/6/6
f 4579/6/6 4570/6/6 4580/6/6
f 4571/3/6 4572/3/6 4583/3/6
f 4583/3/6 4572/3/6 4584/3/6
f 4574/6/6 4575/6/6 4588/6/6
f 4588/6/6 4575/6/6 4589/6/6
f 4580/6/6 4581/6/6 4590/6/6
f 4590/6/6 4581/6/6 4591/6/6
f 4583/6/6 4584/6/6 4593/6/6
f 4582/6/6 4583/6/6 4593/6/6
f 4593/6/6 4584/6/6 4594/6/6
f 4594/6/6 4584/6/6 4595/6/6
f 4586/6/6 4587/6/6 4596/6/6
f 4585/6/6 4586/6/6 4596/6/6
f 4596/6/6 4587/6/6 4597/6/6
f 4593/6/6 4594/6/6 4598/6/6
f 4592/6/6 4593/6/6 4598/6/6
f 4598/6/6 4594/6/6 4599/6/6
f 4599/6/6 4594/6/6 4600/6/6
f 4600/6/6 4594/6/6 4601/6/6
f 4604/3/6 4605/3/6 4608/3/6
f 4608/3/6 4605/3/6 4609/3/6
f 4602/7/6 4603/7/6 4612/7/6
f 4612/7/6 4603/7/6 4613/7/6
f 4606/2/6 4607/2/6 4615/2/6
f 4615/2/6 4607/2/6 4616/2/6
f 4610/3/6 4611/3/6 4619/3/6
f 4619/3/6 4611/3/6 4620/3/6
f 4612/6/6 4613/6/6 4621/6/6
f 4613/7/6 4614/7/6 4622/7/6
f 4621/6/6 4613/6/6 4622/6/6
f 4622/7/6 4614/7/6 4623/7/6
f 4617/3/6 4618/3/6 4624/3/6
f 4624/3/6 4618/3/6 4625/3/6
f 4626/17/6 4627/17/6 4628/17/6
f 4628/17/6 4627/17/6 4629/17/6
f 4630/1/6 4631/1/6 4632/1/6
f 4632/1/6 4631/1/6 4633/1/6
f 4634/1/6 4635/1/6 4637/1/6
f 4635/17/6 4636/17/6 4638/17/6
f 4637/1/6 4635/1/6 4638/1/6
f 4638/17/6 4636/17/6 4639/17/6
f 4640/1/6 4641/1/6 4642/1/6
f 4642/1/6 4641/1/6 4643/1/6
f 4644/15/6 4645/15/6 4646/15/6
f 4646/15/6 4645/15/6 4647/15/6
f 4648/14/6 4649/14/6 4650/14/6
f 4650/14/6 4649/14/6 4651/14/6
f 4651/14/6 4649/14/6 4652/14/6
f 4652/14/6 4649/14/6 4653/14/6
f 4648/14/6 4650/14/6 4654/14/6
f 4654/14/6 4650/14/6 4655/14/6
f 4651/14/6 4652/14/6 4656/14/6
f 4656/14/6 4652/14/6 4657/14/6
f 4653/14/6 4649/14/6 4658/14/6
f 4658/14/6 4649/14/6 4659/14/6
f 4648/14/6 4654/14/6 4660/14/6
f 4659/14/6 4649/14/6 4661/14/6
f 4648/14/6 4660/14/6 4662/14/6
f 4660/14/6 4661/14/6 4662/14/6
f 4661/14/6 4649/14/6 4663/14/6
f 4662/14/6 4661/14/6 4663/14/6
f 4664/15/6 4665/15/6 4666/15/6
f 4666/15/6 4665/15/6 4667/15/6
f 4664/15/6 4666/15/6 4668/15/6
f 4667/15/6 4665/15/6 4669/15/6
f 4664/15/6 4668/15/6 4670/15/6
f 4668/15/6 4669/15/6 4670/15/6
f 4669/15/6 4665/15/6 4671/15/6
f 4670/15/6 4669/15/6 4671/15/6
f 4672/9/6 4673/9/6 4676/9/6
f 4676/9/6 4673/9/6 4677/9/6
f 4674/9/6 4675/9/6 4678/9/6
f 4678/9/6 4675/9/6 4679/9/6
f 4680/15/6 4681/15/6 4682/15/6
f 4682/15/6 4681/15/6 4683/15/6
f 4684/15/6 4685/15/6 4686/15/6
f 4686/15/6 4685/15/6 4687/15/6
f 4684/15/6 4686/15/6 4688/15/6
f 4687/15/6 4685/15/6 4689/15/6
f 4684/15/6 4688/15/6 4690/15/6
f 4688/15/6 4689/15/6 4690/15/6
f 4689/15/6 4685/15/6 4691/15/6
f 4690/15/6 4689/15/6 4691/15/6
f 4692/15/6 4693/15/6 4694/15/6
f 4694/15/6 4693/15/6 4695/15/6
