# MagicaVoxel @ Ephtracy

# group
o 

# material
mtllib hasarliEv.mtl
usemtl palette

# normals
vn -1 0 0
vn 1 0 0
vn 0 0 1
vn 0 0 -1
vn 0 -1 0
vn 0 1 0

# texcoords
vt 0.00585938 0.5
vt 0.400391 0.5
vt 0.537109 0.5
vt 0.701172 0.5
vt 0.744141 0.5
vt 0.841797 0.5
vt 0.845703 0.5
vt 0.869141 0.5
vt 0.876953 0.5
vt 0.884766 0.5
vt 0.900391 0.5
vt 0.904297 0.5
vt 0.919922 0.5
vt 0.958984 0.5
vt 0.970703 0.5
vt 0.974609 0.5
vt 0.986328 0.5
vt 0.990234 0.5
vt 0.994141 0.5

# verts
v -5 0 5
v -5 0 -5
v -5 0.4 5
v -5 0.4 -5
v -4.7 0.4 -1.3
v -4.7 0.4 -1.6
v -4.7 0.5 -1.3
v -4.7 0.5 -1.6
v -4.5 0.4 0.8
v -4.5 0.4 0.4
v -4.5 0.4 -1
v -4.5 0.4 -1.1
v -4.5 0.4 -2.3
v -4.5 0.4 -2.5
v -4.5 0.5 0.7
v -4.5 0.5 0.4
v -4.5 0.5 -1
v -4.5 0.5 -1.1
v -4.5 0.5 -2.3
v -4.5 0.5 -2.5
v -4.5 0.6 0.8
v -4.5 0.6 0.7
v -4.4 0.4 -1.9
v -4.4 0.4 -2
v -4.4 0.5 0.6
v -4.4 0.5 0.5
v -4.4 0.6 0.6
v -4.4 0.6 0.5
v -4.4 0.6 -1.9
v -4.4 0.6 -2
v -4.2 0.4 -2.4
v -4.2 0.4 -2.6
v -4.2 0.5 -2.4
v -4.2 0.5 -2.5
v -4.2 0.6 -2.5
v -4.2 0.6 -2.6
v -4.1 0.4 -1.1
v -4.1 0.4 -1.3
v -4.1 0.4 -3.1
v -4.1 0.4 -3.4
v -4.1 0.5 -1.1
v -4.1 0.5 -1.2
v -4.1 0.5 -3.1
v -4.1 0.5 -3.4
v -4.1 0.6 -1.2
v -4.1 0.6 -1.3
v -4 0.4 4.2
v -4 0.4 3.6
v -4 0.4 3
v -4 0.4 -1.1
v -4 0.4 -1.3
v -4 0.4 -2.3
v -4 0.4 -2.4
v -4 0.4 -3.1
v -4 0.4 -3.4
v -4 0.4 -4
v -4 0.5 -1.1
v -4 0.5 -1.2
v -4 0.5 -3.1
v -4 0.5 -3.4
v -4 0.6 -1.2
v -4 0.6 -1.3
v -4 0.6 -2.4
v -4 0.6 -2.5
v -4 0.7 4.2
v -4 0.7 3.6
v -4 0.7 -2.4
v -4 0.7 -2.5
v -4 0.7 -2.6
v -4 0.8 -2.2
v -4 0.8 -2.3
v -4 0.8 -2.4
v -4 0.8 -2.5
v -4 0.8 -2.6
v -4 0.8 -2.7
v -4 0.9 -2.6
v -4 0.9 -2.7
v -4 0.9 -2.8
v -4 1 3
v -4 1 -2.2
v -4 1 -2.3
v -4 1 -2.7
v -4 1 -2.8
v -4 1 -4
v -4 1.1 4.2
v -4 1.1 3.6
v -4 1.2 4.2
v -4 1.2 3.6
v -4 2.6 3
v -4 2.6 2.3
v -4 2.6 2.2
v -4 2.6 -0.8
v -4 2.6 -0.9
v -4 2.6 -1.7
v -4 2.6 -1.8
v -4 2.6 -2.5
v -4 2.6 -2.6
v -4 2.6 -4
v -4 2.7 -0.9
v -4 2.7 -1
v -4 2.7 -1.8
v -4 2.7 -1.9
v -4 2.7 -2.5
v -4 2.7 -2.6
v -4 2.7 -2.9
v -4 2.8 3
v -4 2.8 2.3
v -4 2.8 2.2
v -4 2.8 -0.8
v -4 2.8 -1
v -4 2.8 -1.7
v -4 2.8 -1.9
v -4 2.8 -2.6
v -4 2.8 -2.9
v -4 2.8 -4
v -4 4.4 3
v -4 4.4 2.2
v -4 4.4 2.1
v -4 4.4 0.2
v -4 4.4 0.0999999
v -4 4.4 -1.6
v -4 4.4 -1.8
v -4 4.4 -3.2
v -4 4.4 -3.3
v -4 4.4 -4
v -4 4.5 2.4
v -4 4.5 2.2
v -4 4.5 2.1
v -4 4.5 0.2
v -4 4.5 0.0999999
v -4 4.5 0
v -4 4.5 -1.5
v -4 4.5 -1.6
v -4 4.5 -1.7
v -4 4.5 -1.8
v -4 4.5 -3.1
v -4 4.5 -3.2
v -4 4.5 -3.3
v -4 4.6 3
v -4 4.6 2.4
v -4 4.6 2.2
v -4 4.6 0.0999999
v -4 4.6 0
v -4 4.6 -1.5
v -4 4.6 -1.7
v -4 4.6 -3.1
v -4 4.6 -3.2
v -4 4.6 -4
v -4 6.2 3
v -4 6.2 -0.7
v -4 6.2 -0.8
v -4 6.2 -2.3
v -4 6.2 -2.4
v -4 6.2 -3.3
v -4 6.2 -3.4
v -4 6.2 -4
v -4 6.3 -2.2
v -4 6.3 -2.3
v -4 6.3 -2.4
v -4 6.3 -3.3
v -4 6.3 -3.4
v -4 6.4 3
v -4 6.4 -0.7
v -4 6.4 -0.8
v -4 6.4 -2.2
v -4 6.4 -2.3
v -4 6.4 -4
v -4 8 3
v -4 8 2.2
v -4 8 2.1
v -4 8 -2
v -4 8 -2.1
v -4 8 -4
v -4 8.1 2.1
v -4 8.1 2
v -4 8.1 -2
v -4 8.1 -2.1
v -4 8.1 -2.2
v -4 8.2 3
v -4 8.2 2.2
v -4 8.2 2
v -4 8.2 -2.1
v -4 8.2 -2.2
v -4 8.2 -4
v -4 9.8 3
v -4 9.8 -4
v -4 10 -3.3
v -4 10 -4
v -4 10.1 -2.6
v -4 10.1 -3.3
v -4 10.1 -4
v -4 10.2 3
v -4 10.2 -2.6
v -4 10.2 -3.3
v -4 10.2 -4
v -3.9 0.4 -2.3
v -3.9 0.4 -2.4
v -3.9 0.5 -2.3
v -3.9 0.5 -2.4
v -3.9 0.6 -2.3
v -3.9 0.6 -2.4
v -3.9 0.6 -2.5
v -3.9 0.7 -2.4
v -3.9 0.7 -2.5
v -3.9 0.7 -2.6
v -3.9 0.8 -2.2
v -3.9 0.8 -2.3
v -3.9 0.8 -2.4
v -3.9 0.8 -2.5
v -3.9 0.8 -2.6
v -3.9 0.8 -2.7
v -3.9 0.9 -2.6
v -3.9 0.9 -2.7
v -3.9 0.9 -2.8
v -3.9 1 2.9
v -3.9 1 -1.4
v -3.9 1 -1.5
v -3.9 1 -2.2
v -3.9 1 -2.3
v -3.9 1 -2.7
v -3.9 1 -2.8
v -3.9 1 -3.9
v -3.9 1.1 2.5
v -3.9 1.1 2.4
v -3.9 1.1 -0.7
v -3.9 1.1 -0.8
v -3.9 1.2 4.1
v -3.9 1.2 3.7
v -3.9 1.2 2.5
v -3.9 1.2 2.4
v -3.9 1.2 2.3
v -3.9 1.2 -0.6
v -3.9 1.2 -0.7
v -3.9 1.2 -0.8
v -3.9 1.3 2.4
v -3.9 1.3 2.3
v -3.9 1.3 2.1
v -3.9 1.3 -1.4
v -3.9 1.3 -1.5
v -3.9 1.3 -1.6
v -3.9 1.3 -2.6
v -3.9 1.3 -2.7
v -3.9 1.3 -2.8
v -3.9 1.4 2.3
v -3.9 1.4 2.1
v -3.9 1.4 2
v -3.9 1.4 -0.5
v -3.9 1.4 -0.6
v -3.9 1.4 -0.7
v -3.9 1.5 4.1
v -3.9 1.5 3.7
v -3.9 1.5 2.1
v -3.9 1.5 2
v -3.9 1.5 1.9
v -3.9 1.5 -0.4
v -3.9 1.5 -0.5
v -3.9 1.5 -0.6
v -3.9 1.6 2.8
v -3.9 1.6 2.7
v -3.9 1.6 -0.3
v -3.9 1.6 -0.4
v -3.9 1.6 -0.5
v -3.9 1.7 -2.5
v -3.9 1.7 -2.6
v -3.9 1.7 -2.7
v -3.9 1.8 -0.2
v -3.9 1.8 -0.3
v -3.9 1.8 -1.5
v -3.9 1.8 -1.6
v -3.9 1.8 -1.7
v -3.9 1.9 2.1
v -3.9 1.9 2
v -3.9 1.9 1.9
v -3.9 1.9 -0.1
v -3.9 1.9 -0.2
v -3.9 1.9 -0.4
v -3.9 1.9 -0.5
v -3.9 2.1 0
v -3.9 2.1 -0.1
v -3.9 2.1 -0.2
v -3.9 2.1 -0.4
v -3.9 2.1 -0.5
v -3.9 2.1 -0.6
v -3.9 2.1 -2.4
v -3.9 2.1 -2.5
v -3.9 2.1 -2.6
v -3.9 2.2 0.0999999
v -3.9 2.2 0
v -3.9 2.2 -0.1
v -3.9 2.2 -0.5
v -3.9 2.2 -0.6
v -3.9 2.2 -0.7
v -3.9 2.2 -2.3
v -3.9 2.2 -2.4
v -3.9 2.3 2.2
v -3.9 2.3 2.1
v -3.9 2.3 2
v -3.9 2.3 0.2
v -3.9 2.3 0.0999999
v -3.9 2.3 0
v -3.9 2.3 -1.6
v -3.9 2.3 -1.7
v -3.9 2.3 -1.8
v -3.9 2.3 -2.3
v -3.9 2.3 -2.4
v -3.9 2.4 2.9
v -3.9 2.4 2.8
v -3.9 2.4 -0.6
v -3.9 2.4 -0.7
v -3.9 2.4 -0.8
v -3.9 2.4 -2.4
v -3.9 2.4 -2.5
v -3.9 2.4 -2.6
v -3.9 2.5 0.3
v -3.9 2.5 0.2
v -3.9 2.5 0.0999999
v -3.9 2.5 -0.7
v -3.9 2.5 -0.8
v -3.9 2.5 -2.5
v -3.9 2.5 -2.6
v -3.9 2.5 -2.7
v -3.9 2.6 2.8
v -3.9 2.6 2.7
v -3.9 2.6 2.3
v -3.9 2.6 2.2
v -3.9 2.6 2.1
v -3.9 2.6 0.3
v -3.9 2.6 0.2
v -3.9 2.6 -0.8
v -3.9 2.6 -0.9
v -3.9 2.6 -1.7
v -3.9 2.6 -1.8
v -3.9 2.6 -2.5
v -3.9 2.6 -2.6
v -3.9 2.6 -2.7
v -3.9 2.6 -3.9
v -3.9 2.7 -0.9
v -3.9 2.7 -1
v -3.9 2.7 -1.8
v -3.9 2.7 -1.9
v -3.9 2.7 -2.5
v -3.9 2.7 -2.6
v -3.9 2.7 -2.9
v -3.9 2.8 2.9
v -3.9 2.8 2.3
v -3.9 2.8 2.2
v -3.9 2.8 0.7
v -3.9 2.8 0.6
v -3.9 2.8 -0.8
v -3.9 2.8 -0.9
v -3.9 2.8 -1
v -3.9 2.8 -1.7
v -3.9 2.8 -1.8
v -3.9 2.8 -1.9
v -3.9 2.8 -2.6
v -3.9 2.8 -2.8
v -3.9 2.8 -2.9
v -3.9 2.8 -3.9
v -3.9 2.9 -0.9
v -3.9 2.9 -1
v -3.9 2.9 -1.1
v -3.9 2.9 -2.8
v -3.9 2.9 -2.9
v -3.9 2.9 -3
v -3.9 3 2.9
v -3.9 3 2.8
v -3.9 3 2.7
v -3.9 3 0.6
v -3.9 3 0.5
v -3.9 3 -1
v -3.9 3 -1.1
v -3.9 3 -1.2
v -3.9 3 -2.9
v -3.9 3 -3
v -3.9 3 -3.1
v -3.9 3.1 2.3
v -3.9 3.1 2.2
v -3.9 3.1 2.1
v -3.9 3.1 0.6
v -3.9 3.1 0.5
v -3.9 3.1 0.4
v -3.9 3.1 -1.1
v -3.9 3.1 -1.2
v -3.9 3.1 -1.3
v -3.9 3.1 -3
v -3.9 3.1 -3.1
v -3.9 3.1 -3.2
v -3.9 3.2 2.9
v -3.9 3.2 2.8
v -3.9 3.2 0.7
v -3.9 3.2 0.6
v -3.9 3.2 0.5
v -3.9 3.2 -1.2
v -3.9 3.2 -1.3
v -3.9 3.2 -1.8
v -3.9 3.2 -1.9
v -3.9 3.2 -2
v -3.9 3.2 -3.1
v -3.9 3.2 -3.2
v -3.9 3.2 -3.4
v -3.9 3.3 0.5
v -3.9 3.3 0.4
v -3.9 3.3 0.3
v -3.9 3.3 -1.2
v -3.9 3.3 -1.3
v -3.9 3.3 -3.2
v -3.9 3.3 -3.4
v -3.9 3.3 -3.5
v -3.9 3.4 2.2
v -3.9 3.4 2.1
v -3.9 3.4 2
v -3.9 3.4 0.4
v -3.9 3.4 0.3
v -3.9 3.4 0.0999999
v -3.9 3.4 -1.2
v -3.9 3.4 -1.3
v -3.9 3.4 -1.4
v -3.9 3.4 -2
v -3.9 3.4 -2.1
v -3.9 3.4 -3.4
v -3.9 3.4 -3.5
v -3.9 3.4 -3.6
v -3.9 3.5 0.5
v -3.9 3.5 0.4
v -3.9 3.5 -2
v -3.9 3.5 -2.1
v -3.9 3.5 -3.5
v -3.9 3.5 -3.6
v -3.9 3.5 -3.7
v -3.9 3.6 2.1
v -3.9 3.6 2
v -3.9 3.6 1.9
v -3.9 3.6 1.3
v -3.9 3.6 0.8
v -3.9 3.6 0.6
v -3.9 3.6 0.5
v -3.9 3.6 0.4
v -3.9 3.6 0.2
v -3.9 3.6 0.0999999
v -3.9 3.6 -1.3
v -3.9 3.6 -1.4
v -3.9 3.6 -1.5
v -3.9 3.6 -3.6
v -3.9 3.6 -3.7
v -3.9 3.7 1.2
v -3.9 3.7 1
v -3.9 3.7 0.4
v -3.9 3.7 0.3
v -3.9 3.7 0.2
v -3.9 3.8 1.2
v -3.9 3.8 1
v -3.9 3.8 -1.8
v -3.9 3.8 -1.9
v -3.9 3.8 -2
v -3.9 3.9 2
v -3.9 3.9 1.9
v -3.9 3.9 1.8
v -3.9 3.9 1
v -3.9 3.9 0.8
v -3.9 3.9 0.5
v -3.9 3.9 0.4
v -3.9 4 1.3
v -3.9 4 1.2
v -3.9 4 0.3
v -3.9 4 0.2
v -3.9 4 -1.4
v -3.9 4 -1.5
v -3.9 4 -1.6
v -3.9 4.1 2
v -3.9 4.1 1.9
v -3.9 4.1 1.8
v -3.9 4.1 1.2
v -3.9 4.1 1
v -3.9 4.1 0.4
v -3.9 4.1 0.3
v -3.9 4.2 -1.5
v -3.9 4.2 -1.6
v -3.9 4.2 -1.8
v -3.9 4.2 -1.9
v -3.9 4.3 2.1
v -3.9 4.3 2
v -3.9 4.3 1.9
v -3.9 4.3 0.2
v -3.9 4.3 0.0999999
v -3.9 4.4 2.9
v -3.9 4.4 2.8
v -3.9 4.4 2.7
v -3.9 4.4 2.2
v -3.9 4.4 2.1
v -3.9 4.4 2
v -3.9 4.4 0.3
v -3.9 4.4 0.0999999
v -3.9 4.4 -1.6
v -3.9 4.4 -1.8
v -3.9 4.4 -3.2
v -3.9 4.4 -3.3
v -3.9 4.4 -3.9
v -3.9 4.5 2.4
v -3.9 4.5 2.2
v -3.9 4.5 2.1
v -3.9 4.5 0.0999999
v -3.9 4.5 0
v -3.9 4.5 -1.5
v -3.9 4.5 -1.6
v -3.9 4.5 -1.7
v -3.9 4.5 -1.8
v -3.9 4.5 -3.1
v -3.9 4.5 -3.2
v -3.9 4.5 -3.3
v -3.9 4.6 2.9
v -3.9 4.6 2.8
v -3.9 4.6 2.7
v -3.9 4.6 2.4
v -3.9 4.6 2.3
v -3.9 4.6 2.2
v -3.9 4.6 0.0999999
v -3.9 4.6 0
v -3.9 4.6 -1.5
v -3.9 4.6 -1.6
v -3.9 4.6 -1.7
v -3.9 4.6 -3.1
v -3.9 4.6 -3.2
v -3.9 4.6 -3.9
v -3.9 4.7 2.4
v -3.9 4.7 2.3
v -3.9 4.7 2.2
v -3.9 4.7 -1.4
v -3.9 4.7 -1.5
v -3.9 4.7 -1.6
v -3.9 4.8 -1.2
v -3.9 4.8 -1.4
v -3.9 4.8 -1.5
v -3.9 4.8 -3
v -3.9 4.8 -3.1
v -3.9 4.8 -3.2
v -3.9 4.9 2.5
v -3.9 4.9 2.4
v -3.9 4.9 2.3
v -3.9 4.9 -1.1
v -3.9 4.9 -1.2
v -3.9 4.9 -1.4
v -3.9 5 2.6
v -3.9 5 2.5
v -3.9 5 2.4
v -3.9 5 -1
v -3.9 5 -1.1
v -3.9 5 -1.2
v -3.9 5 -2.9
v -3.9 5 -3
v -3.9 5 -3.1
v -3.9 5.1 -0.8
v -3.9 5.1 -1
v -3.9 5.1 -1.1
v -3.9 5.2 2.7
v -3.9 5.2 2.6
v -3.9 5.2 2.5
v -3.9 5.2 -0.7
v -3.9 5.2 -0.8
v -3.9 5.2 -1
v -3.9 5.2 -2.8
v -3.9 5.2 -2.9
v -3.9 5.2 -3
v -3.9 5.3 2.8
v -3.9 5.3 2.7
v -3.9 5.3 2.6
v -3.9 5.3 -0.6
v -3.9 5.3 -0.7
v -3.9 5.3 -0.8
v -3.9 5.4 -0.5
v -3.9 5.4 -0.6
v -3.9 5.4 -0.7
v -3.9 5.4 -2.7
v -3.9 5.4 -2.8
v -3.9 5.5 2.9
v -3.9 5.5 2.8
v -3.9 5.5 2.7
v -3.9 5.5 -0.3
v -3.9 5.5 -0.5
v -3.9 5.5 -0.6
v -3.9 5.5 -2.8
v -3.9 5.5 -2.9
v -3.9 5.5 -3
v -3.9 5.6 2.9
v -3.9 5.6 2.8
v -3.9 5.6 2.7
v -3.9 5.6 -0.2
v -3.9 5.6 -0.3
v -3.9 5.6 -0.5
v -3.9 5.6 -2.6
v -3.9 5.6 -2.7
v -3.9 5.6 -2.8
v -3.9 5.7 -0.1
v -3.9 5.7 -0.2
v -3.9 5.7 -0.3
v -3.9 5.7 -2.9
v -3.9 5.7 -3
v -3.9 5.7 -3.1
v -3.9 5.8 0.0999999
v -3.9 5.8 -0.1
v -3.9 5.8 -0.2
v -3.9 5.8 -2.5
v -3.9 5.8 -2.6
v -3.9 5.8 -2.7
v -3.9 5.8 -3
v -3.9 5.8 -3.1
v -3.9 5.8 -3.2
v -3.9 5.9 0.2
v -3.9 5.9 0.0999999
v -3.9 5.9 -0.1
v -3.9 5.9 -3.1
v -3.9 5.9 -3.2
v -3.9 5.9 -3.3
v -3.9 6 0.3
v -3.9 6 0.2
v -3.9 6 0.0999999
v -3.9 6 -2.4
v -3.9 6 -2.5
v -3.9 6 -2.6
v -3.9 6.1 0.3
v -3.9 6.1 0.2
v -3.9 6.1 -3.2
v -3.9 6.1 -3.3
v -3.9 6.1 -3.4
v -3.9 6.2 2.9
v -3.9 6.2 -0.7
v -3.9 6.2 -0.8
v -3.9 6.2 -2.3
v -3.9 6.2 -2.4
v -3.9 6.2 -2.5
v -3.9 6.2 -3.3
v -3.9 6.2 -3.4
v -3.9 6.2 -3.9
v -3.9 6.3 -2.2
v -3.9 6.3 -2.3
v -3.9 6.3 -2.4
v -3.9 6.3 -3.3
v -3.9 6.3 -3.4
v -3.9 6.4 2.8
v -3.9 6.4 2.7
v -3.9 6.4 -0.7
v -3.9 6.4 -0.8
v -3.9 6.4 -2.2
v -3.9 6.4 -2.3
v -3.9 6.4 -2.4
v -3.9 6.4 -3
v -3.9 6.4 -3.1
v -3.9 6.4 -3.9
v -3.9 6.5 -0.8
v -3.9 6.5 -0.9
v -3.9 6.5 -3
v -3.9 6.5 -3.1
v -3.9 6.5 -3.2
v -3.9 6.6 2.9
v -3.9 6.6 2.8
v -3.9 6.6 1.4
v -3.9 6.6 1.2
v -3.9 6.6 -2.1
v -3.9 6.6 -2.2
v -3.9 6.6 -2.3
v -3.9 6.6 -2.4
v -3.9 6.6 -3.1
v -3.9 6.6 -3.2
v -3.9 6.6 -3.3
v -3.9 6.7 1.5
v -3.9 6.7 1.4
v -3.9 6.7 1.3
v -3.9 6.7 1.2
v -3.9 6.7 -0.7
v -3.9 6.7 -0.8
v -3.9 6.7 -0.9
v -3.9 6.7 -3.2
v -3.9 6.7 -3.3
v -3.9 6.7 -3.4
v -3.9 6.8 1.6
v -3.9 6.8 1.5
v -3.9 6.8 -2
v -3.9 6.8 -2.1
v -3.9 6.8 -2.2
v -3.9 6.8 -2.3
v -3.9 6.8 -3.3
v -3.9 6.8 -3.4
v -3.9 6.8 -3.5
v -3.9 6.9 1.8
v -3.9 6.9 1.6
v -3.9 6.9 1.5
v -3.9 6.9 1.4
v -3.9 6.9 1.3
v -3.9 6.9 -2.2
v -3.9 6.9 -2.3
v -3.9 7 1.9
v -3.9 7 1.8
v -3.9 7 1.6
v -3.9 7 1.5
v -3.9 7 1.4
v -3.9 7 -0.6
v -3.9 7 -0.7
v -3.9 7 -0.8
v -3.9 7 -1.9
v -3.9 7 -2
v -3.9 7 -2.1
v -3.9 7 -2.2
v -3.9 7 -3.4
v -3.9 7 -3.5
v -3.9 7 -3.6
v -3.9 7.1 2.4
v -3.9 7.1 2.3
v -3.9 7.1 2
v -3.9 7.1 1.9
v -3.9 7.1 1.8
v -3.9 7.1 1.7
v -3.9 7.1 1.6
v -3.9 7.1 -3.5
v -3.9 7.1 -3.6
v -3.9 7.1 -3.7
v -3.9 7.2 2.2
v -3.9 7.2 2
v -3.9 7.2 1.9
v -3.9 7.2 1.8
v -3.9 7.2 1.7
v -3.9 7.2 -0.5
v -3.9 7.2 -0.6
v -3.9 7.2 -0.7
v -3.9 7.2 -1.8
v -3.9 7.2 -1.9
v -3.9 7.2 -2
v -3.9 7.2 -2.1
v -3.9 7.2 -3.6
v -3.9 7.2 -3.7
v -3.9 7.2 -3.8
v -3.9 7.3 2.4
v -3.9 7.3 2.3
v -3.9 7.3 2.2
v -3.9 7.3 2.1
v -3.9 7.3 1.9
v -3.9 7.3 -0.4
v -3.9 7.3 -0.5
v -3.9 7.3 -3.7
v -3.9 7.3 -3.8
v -3.9 7.3 -3.9
v -3.9 7.4 2.2
v -3.9 7.4 2.1
v -3.9 7.4 -0.5
v -3.9 7.4 -0.6
v -3.9 7.4 -1.6
v -3.9 7.4 -1.8
v -3.9 7.4 -1.9
v -3.9 7.4 -2
v -3.9 7.4 -3.8
v -3.9 7.4 -3.9
v -3.9 7.5 -0.4
v -3.9 7.5 -0.5
v -3.9 7.5 -0.6
v -3.9 7.5 -1.6
v -3.9 7.5 -1.7
v -3.9 7.5 -1.8
v -3.9 7.5 -1.9
v -3.9 7.6 -1.7
v -3.9 7.6 -1.8
v -3.9 7.6 -1.9
v -3.9 7.7 2.3
v -3.9 7.7 2.2
v -3.9 7.7 2.1
v -3.9 7.8 2.8
v -3.9 7.8 2.7
v -3.9 7.8 -0.5
v -3.9 7.8 -0.6
v -3.9 7.8 -0.7
v -3.9 7.8 -1.8
v -3.9 7.8 -1.9
v -3.9 7.8 -2
v -3.9 7.9 -1.9
v -3.9 7.9 -2
v -3.9 7.9 -2.1
v -3.9 8 2.9
v -3.9 8 2.2
v -3.9 8 2.1
v -3.9 8 -0.6
v -3.9 8 -0.7
v -3.9 8 -2
v -3.9 8 -2.1
v -3.9 8 -3.9
v -3.9 8.1 2.1
v -3.9 8.1 2
v -3.9 8.1 -2
v -3.9 8.1 -2.1
v -3.9 8.1 -2.2
v -3.9 8.2 2.9
v -3.9 8.2 2.2
v -3.9 8.2 2.1
v -3.9 8.2 2
v -3.9 8.2 0.7
v -3.9 8.2 0.6
v -3.9 8.2 -2.1
v -3.9 8.2 -2.2
v -3.9 8.2 -2.3
v -3.9 8.2 -3.9
v -3.9 8.3 -2.1
v -3.9 8.3 -2.2
v -3.9 8.4 2.2
v -3.9 8.4 2.1
v -3.9 8.4 2
v -3.9 8.4 -2.1
v -3.9 8.4 -2.2
v -3.9 8.4 -2.3
v -3.9 8.4 -2.4
v -3.9 8.5 0.7
v -3.9 8.5 0.6
v -3.9 8.5 0.5
v -3.9 8.5 -2.3
v -3.9 8.5 -2.4
v -3.9 8.5 -2.5
v -3.9 8.6 -2
v -3.9 8.6 -2.1
v -3.9 8.6 -2.2
v -3.9 8.6 -2.4
v -3.9 8.6 -2.5
v -3.9 8.6 -2.6
v -3.9 8.7 -2.5
v -3.9 8.7 -2.6
v -3.9 8.7 -2.7
v -3.9 8.8 2.1
v -3.9 8.8 2
v -3.9 8.8 1.9
v -3.9 8.8 -1.9
v -3.9 8.8 -2
v -3.9 8.8 -2.1
v -3.9 8.9 0.6
v -3.9 8.9 0.5
v -3.9 8.9 0.4
v -3.9 9 -1.8
v -3.9 9 -1.9
v -3.9 9 -2
v -3.9 9.1 -2.6
v -3.9 9.1 -2.7
v -3.9 9.1 -2.8
v -3.9 9.2 2
v -3.9 9.2 1.9
v -3.9 9.2 1.8
v -3.9 9.2 -1.7
v -3.9 9.2 -1.8
v -3.9 9.2 -1.9
v -3.9 9.2 -2.7
v -3.9 9.2 -2.8
v -3.9 9.2 -2.9
v -3.9 9.3 -2.8
v -3.9 9.3 -2.9
v -3.9 9.3 -3
v -3.9 9.4 0.5
v -3.9 9.4 0.4
v -3.9 9.4 0.3
v -3.9 9.4 -1.6
v -3.9 9.4 -1.7
v -3.9 9.4 -1.8
v -3.9 9.4 -2.9
v -3.9 9.4 -3
v -3.9 9.4 -3.2
v -3.9 9.5 -3
v -3.9 9.5 -3.2
v -3.9 9.5 -3.3
v -3.9 9.5 -3.7
v -3.9 9.5 -3.8
v -3.9 9.5 -3.9
v -3.9 9.6 1.9
v -3.9 9.6 1.8
v -3.9 9.6 1.7
v -3.9 9.6 -1.6
v -3.9 9.6 -1.7
v -3.9 9.6 -3.2
v -3.9 9.6 -3.3
v -3.9 9.6 -3.4
v -3.9 9.6 -3.8
v -3.9 9.6 -3.9
v -3.9 9.7 0.4
v -3.9 9.7 0.3
v -3.9 9.7 -3.3
v -3.9 9.7 -3.4
v -3.9 9.7 -3.5
v -3.9 9.8 2.9
v -3.9 9.8 1.8
v -3.9 9.8 1.7
v -3.9 9.8 -3.4
v -3.9 9.8 -3.5
v -3.9 9.8 -3.7
v -3.9 9.8 -3.9
v -3.9 10 -3.3
v -3.9 10 -3.9
v -3.9 10.1 -2.6
v -3.9 10.1 -3.3
v -3.9 10.1 -3.9
v -3.9 10.2 -2.6
v -3.9 10.2 -3.3
v -3.8 0.5 -2.3
v -3.8 0.5 -2.4
v -3.8 0.6 -2.3
v -3.8 0.6 -2.4
v -3.8 0.7 4
v -3.8 0.7 3.8
v -3.8 1 -1.4
v -3.8 1 -1.5
v -3.8 1 -2.7
v -3.8 1 -2.8
v -3.8 1.1 4
v -3.8 1.1 3.8
v -3.8 1.1 2.5
v -3.8 1.1 2.4
v -3.8 1.1 -0.7
v -3.8 1.1 -0.8
v -3.8 1.2 2.5
v -3.8 1.2 2.4
v -3.8 1.2 2.3
v -3.8 1.2 -0.6
v -3.8 1.2 -0.7
v -3.8 1.2 -0.8
v -3.8 1.3 2.4
v -3.8 1.3 2.3
v -3.8 1.3 2.1
v -3.8 1.3 -1.4
v -3.8 1.3 -1.5
v -3.8 1.3 -1.6
v -3.8 1.3 -2.6
v -3.8 1.3 -2.7
v -3.8 1.3 -2.8
v -3.8 1.4 2.3
v -3.8 1.4 2.1
v -3.8 1.4 2
v -3.8 1.4 -0.5
v -3.8 1.4 -0.6
v -3.8 1.4 -0.7
v -3.8 1.5 4
v -3.8 1.5 3.8
v -3.8 1.5 2.1
v -3.8 1.5 2
v -3.8 1.5 1.9
v -3.8 1.5 -0.4
v -3.8 1.5 -0.5
v -3.8 1.5 -0.6
v -3.8 1.6 4
v -3.8 1.6 3.8
v -3.8 1.6 -0.3
v -3.8 1.6 -0.4
v -3.8 1.6 -0.5
v -3.8 1.7 -2.5
v -3.8 1.7 -2.6
v -3.8 1.7 -2.7
v -3.8 1.8 -0.2
v -3.8 1.8 -0.3
v -3.8 1.8 -1.5
v -3.8 1.8 -1.6
v -3.8 1.8 -1.7
v -3.8 1.9 2.1
v -3.8 1.9 2
v -3.8 1.9 1.9
v -3.8 1.9 -0.1
v -3.8 1.9 -0.2
v -3.8 1.9 -0.4
v -3.8 1.9 -0.5
v -3.8 2.1 0
v -3.8 2.1 -0.1
v -3.8 2.1 -0.2
v -3.8 2.1 -0.4
v -3.8 2.1 -0.5
v -3.8 2.1 -0.6
v -3.8 2.1 -2.4
v -3.8 2.1 -2.5
v -3.8 2.1 -2.6
v -3.8 2.2 0.0999999
v -3.8 2.2 0
v -3.8 2.2 -0.1
v -3.8 2.2 -0.5
v -3.8 2.2 -0.6
v -3.8 2.2 -0.7
v -3.8 2.2 -2.3
v -3.8 2.2 -2.4
v -3.8 2.3 2.2
v -3.8 2.3 2.1
v -3.8 2.3 2
v -3.8 2.3 0.2
v -3.8 2.3 0.0999999
v -3.8 2.3 0
v -3.8 2.3 -1.6
v -3.8 2.3 -1.7
v -3.8 2.3 -1.8
v -3.8 2.3 -2.3
v -3.8 2.3 -2.4
v -3.8 2.4 2.9
v -3.8 2.4 2.8
v -3.8 2.4 -0.6
v -3.8 2.4 -0.7
v -3.8 2.4 -0.8
v -3.8 2.4 -2.4
v -3.8 2.4 -2.5
v -3.8 2.4 -2.6
v -3.8 2.5 0.3
v -3.8 2.5 0.2
v -3.8 2.5 0.0999999
v -3.8 2.5 -0.7
v -3.8 2.5 -0.8
v -3.8 2.5 -2.5
v -3.8 2.5 -2.6
v -3.8 2.5 -2.7
v -3.8 2.6 3
v -3.8 2.6 2.9
v -3.8 2.6 2.8
v -3.8 2.6 2.2
v -3.8 2.6 2.1
v -3.8 2.6 0.3
v -3.8 2.6 0.2
v -3.8 2.6 -1.7
v -3.8 2.6 -1.8
v -3.8 2.6 -2.6
v -3.8 2.6 -2.7
v -3.8 2.7 3
v -3.8 2.7 2.9
v -3.8 2.8 2.3
v -3.8 2.8 2.2
v -3.8 2.8 0.7
v -3.8 2.8 0.6
v -3.8 2.8 -0.9
v -3.8 2.8 -1
v -3.8 2.8 -1.8
v -3.8 2.8 -1.9
v -3.8 2.8 -2.8
v -3.8 2.8 -2.9
v -3.8 2.9 0.7
v -3.8 2.9 0.6
v -3.8 2.9 -0.9
v -3.8 2.9 -1
v -3.8 2.9 -1.1
v -3.8 2.9 -2.8
v -3.8 2.9 -2.9
v -3.8 2.9 -3
v -3.8 3 2.9
v -3.8 3 2.8
v -3.8 3 0.7
v -3.8 3 0.6
v -3.8 3 0.5
v -3.8 3 -1
v -3.8 3 -1.1
v -3.8 3 -1.2
v -3.8 3 -2.9
v -3.8 3 -3
v -3.8 3 -3.1
v -3.8 3.1 2.3
v -3.8 3.1 2.2
v -3.8 3.1 2.1
v -3.8 3.1 0.6
v -3.8 3.1 0.5
v -3.8 3.1 0.4
v -3.8 3.1 -1.1
v -3.8 3.1 -1.2
v -3.8 3.1 -1.3
v -3.8 3.1 -3
v -3.8 3.1 -3.1
v -3.8 3.1 -3.2
v -3.8 3.2 2.9
v -3.8 3.2 2.8
v -3.8 3.2 0.7
v -3.8 3.2 0.6
v -3.8 3.2 0.5
v -3.8 3.2 -1.2
v -3.8 3.2 -1.3
v -3.8 3.2 -1.8
v -3.8 3.2 -1.9
v -3.8 3.2 -2
v -3.8 3.2 -3.1
v -3.8 3.2 -3.2
v -3.8 3.2 -3.4
v -3.8 3.3 0.5
v -3.8 3.3 0.4
v -3.8 3.3 0.3
v -3.8 3.3 -1.2
v -3.8 3.3 -1.3
v -3.8 3.3 -3.2
v -3.8 3.3 -3.4
v -3.8 3.3 -3.5
v -3.8 3.4 2.2
v -3.8 3.4 2.1
v -3.8 3.4 2
v -3.8 3.4 0.4
v -3.8 3.4 0.3
v -3.8 3.4 0.0999999
v -3.8 3.4 -1.2
v -3.8 3.4 -1.3
v -3.8 3.4 -1.4
v -3.8 3.4 -2
v -3.8 3.4 -2.1
v -3.8 3.4 -3.4
v -3.8 3.4 -3.5
v -3.8 3.4 -3.6
v -3.8 3.5 0.5
v -3.8 3.5 -2
v -3.8 3.5 -2.1
v -3.8 3.5 -3.5
v -3.8 3.5 -3.6
v -3.8 3.5 -3.7
v -3.8 3.6 2.1
v -3.8 3.6 2
v -3.8 3.6 1.9
v -3.8 3.6 1.3
v -3.8 3.6 0.8
v -3.8 3.6 0.6
v -3.8 3.6 0.5
v -3.8 3.6 0.4
v -3.8 3.6 0.2
v -3.8 3.6 0.0999999
v -3.8 3.6 -1.3
v -3.8 3.6 -1.4
v -3.8 3.6 -1.5
v -3.8 3.6 -3.6
v -3.8 3.6 -3.7
v -3.8 3.7 1.2
v -3.8 3.7 1
v -3.8 3.7 0.4
v -3.8 3.7 0.3
v -3.8 3.7 0.2
v -3.8 3.8 1.2
v -3.8 3.8 1
v -3.8 3.8 0.4
v -3.8 3.8 0.3
v -3.8 3.8 -1.8
v -3.8 3.8 -1.9
v -3.8 3.8 -2
v -3.8 3.9 2
v -3.8 3.9 1.9
v -3.8 3.9 1.8
v -3.8 3.9 1
v -3.8 3.9 0.8
v -3.8 3.9 0.5
v -3.8 3.9 0.4
v -3.8 3.9 0.3
v -3.8 4 1.3
v -3.8 4 1.2
v -3.8 4 0.3
v -3.8 4 0.2
v -3.8 4 -1.4
v -3.8 4 -1.5
v -3.8 4 -1.6
v -3.8 4.1 2
v -3.8 4.1 1.9
v -3.8 4.1 1.8
v -3.8 4.1 1.2
v -3.8 4.1 1
v -3.8 4.1 0.3
v -3.8 4.1 0.2
v -3.8 4.2 -1.5
v -3.8 4.2 -1.6
v -3.8 4.2 -1.8
v -3.8 4.2 -1.9
v -3.8 4.3 2.1
v -3.8 4.3 2
v -3.8 4.3 1.9
v -3.8 4.3 0.3
v -3.8 4.3 0.2
v -3.8 4.4 2.1
v -3.8 4.4 2
v -3.8 4.4 0.3
v -3.8 4.4 0.2
v -3.8 4.4 0.0999999
v -3.8 4.4 -1.6
v -3.8 4.4 -1.8
v -3.8 4.5 0.2
v -3.8 4.5 0.0999999
v -3.8 4.6 2.3
v -3.8 4.6 2.2
v -3.8 4.6 -1.5
v -3.8 4.6 -1.6
v -3.8 4.6 -3.1
v -3.8 4.6 -3.2
v -3.8 4.7 2.4
v -3.8 4.7 2.3
v -3.8 4.7 2.2
v -3.8 4.7 -1.4
v -3.8 4.7 -1.5
v -3.8 4.7 -1.6
v -3.8 4.8 -1.2
v -3.8 4.8 -1.4
v -3.8 4.8 -1.5
v -3.8 4.8 -3
v -3.8 4.8 -3.1
v -3.8 4.8 -3.2
v -3.8 4.9 2.5
v -3.8 4.9 2.4
v -3.8 4.9 2.3
v -3.8 4.9 -1.1
v -3.8 4.9 -1.2
v -3.8 4.9 -1.4
v -3.8 5 2.6
v -3.8 5 2.5
v -3.8 5 2.4
v -3.8 5 -1
v -3.8 5 -1.1
v -3.8 5 -1.2
v -3.8 5 -2.9
v -3.8 5 -3
v -3.8 5 -3.1
v -3.8 5.1 -0.8
v -3.8 5.1 -1
v -3.8 5.1 -1.1
v -3.8 5.2 2.7
v -3.8 5.2 2.6
v -3.8 5.2 2.5
v -3.8 5.2 -0.7
v -3.8 5.2 -0.8
v -3.8 5.2 -1
v -3.8 5.2 -2.8
v -3.8 5.2 -2.9
v -3.8 5.2 -3
v -3.8 5.3 2.8
v -3.8 5.3 2.7
v -3.8 5.3 2.6
v -3.8 5.3 -0.6
v -3.8 5.3 -0.7
v -3.8 5.3 -0.8
v -3.8 5.3 -2.8
v -3.8 5.3 -2.9
v -3.8 5.4 -0.5
v -3.8 5.4 -0.6
v -3.8 5.4 -0.7
v -3.8 5.4 -2.7
v -3.8 5.4 -2.8
v -3.8 5.4 -2.9
v -3.8 5.5 2.9
v -3.8 5.5 2.8
v -3.8 5.5 2.7
v -3.8 5.5 -0.3
v -3.8 5.5 -0.5
v -3.8 5.5 -0.6
v -3.8 5.5 -2.8
v -3.8 5.5 -2.9
v -3.8 5.5 -3
v -3.8 5.6 2.9
v -3.8 5.6 2.8
v -3.8 5.6 -0.2
v -3.8 5.6 -0.3
v -3.8 5.6 -0.5
v -3.8 5.6 -2.6
v -3.8 5.6 -2.7
v -3.8 5.6 -2.8
v -3.8 5.7 -0.1
v -3.8 5.7 -0.2
v -3.8 5.7 -0.3
v -3.8 5.7 -2.9
v -3.8 5.7 -3
v -3.8 5.7 -3.1
v -3.8 5.8 0.0999999
v -3.8 5.8 -0.1
v -3.8 5.8 -0.2
v -3.8 5.8 -2.5
v -3.8 5.8 -2.6
v -3.8 5.8 -2.7
v -3.8 5.8 -3
v -3.8 5.8 -3.1
v -3.8 5.8 -3.2
v -3.8 5.9 0.2
v -3.8 5.9 0.0999999
v -3.8 5.9 -0.1
v -3.8 5.9 -3.1
v -3.8 5.9 -3.2
v -3.8 5.9 -3.3
v -3.8 6 0.3
v -3.8 6 0.2
v -3.8 6 0.0999999
v -3.8 6 -2.4
v -3.8 6 -2.5
v -3.8 6 -2.6
v -3.8 6.1 0.3
v -3.8 6.1 0.2
v -3.8 6.1 -3.2
v -3.8 6.1 -3.3
v -3.8 6.1 -3.4
v -3.8 6.2 -2.4
v -3.8 6.2 -2.5
v -3.8 6.2 -3.3
v -3.8 6.2 -3.4
v -3.8 6.4 2.9
v -3.8 6.4 2.8
v -3.8 6.4 -2.3
v -3.8 6.4 -2.4
v -3.8 6.4 -3
v -3.8 6.4 -3.1
v -3.8 6.5 -0.8
v -3.8 6.5 -0.9
v -3.8 6.5 -2.3
v -3.8 6.5 -2.4
v -3.8 6.5 -3
v -3.8 6.5 -3.1
v -3.8 6.5 -3.2
v -3.8 6.6 2.9
v -3.8 6.6 2.8
v -3.8 6.6 1.4
v -3.8 6.6 1.3
v -3.8 6.6 -3.1
v -3.8 6.6 -3.2
v -3.8 6.6 -3.3
v -3.8 6.7 1.4
v -3.8 6.7 1.3
v -3.8 6.7 -0.7
v -3.8 6.7 -0.8
v -3.8 6.7 -0.9
v -3.8 6.7 -3.2
v -3.8 6.7 -3.3
v -3.8 6.7 -3.4
v -3.8 6.8 1.4
v -3.8 6.8 1.3
v -3.8 6.8 -3.3
v -3.8 6.8 -3.4
v -3.8 6.8 -3.5
v -3.8 6.9 1.8
v -3.8 6.9 1.7
v -3.8 6.9 1.4
v -3.8 6.9 1.3
v -3.8 6.9 -2.1
v -3.8 6.9 -2.2
v -3.8 7 1.8
v -3.8 7 1.7
v -3.8 7 -0.6
v -3.8 7 -0.7
v -3.8 7 -0.8
v -3.8 7 -2.1
v -3.8 7 -2.2
v -3.8 7 -3.4
v -3.8 7 -3.5
v -3.8 7 -3.6
v -3.8 7.1 2.4
v -3.8 7.1 2.3
v -3.8 7.1 -2
v -3.8 7.1 -2.1
v -3.8 7.1 -3.5
v -3.8 7.1 -3.6
v -3.8 7.1 -3.7
v -3.8 7.2 2.2
v -3.8 7.2 2.1
v -3.8 7.2 -0.5
v -3.8 7.2 -0.6
v -3.8 7.2 -0.7
v -3.8 7.2 -2
v -3.8 7.2 -2.1
v -3.8 7.2 -3.6
v -3.8 7.2 -3.7
v -3.8 7.2 -3.8
v -3.8 7.3 2.4
v -3.8 7.3 2.3
v -3.8 7.3 2.2
v -3.8 7.3 2.1
v -3.8 7.3 -0.4
v -3.8 7.3 -0.5
v -3.8 7.3 -1.9
v -3.8 7.3 -2
v -3.8 7.3 -3.7
v -3.8 7.3 -3.8
v -3.8 7.3 -3.9
v -3.8 7.4 2.2
v -3.8 7.4 -0.5
v -3.8 7.4 -0.6
v -3.8 7.4 -1.6
v -3.8 7.4 -1.7
v -3.8 7.4 -1.9
v -3.8 7.4 -2
v -3.8 7.4 -3.8
v -3.8 7.4 -3.9
v -3.8 7.5 -0.4
v -3.8 7.5 -0.5
v -3.8 7.5 -0.6
v -3.8 7.5 -1.6
v -3.8 7.5 -1.7
v -3.8 7.5 -1.8
v -3.8 7.6 -1.7
v -3.8 7.6 -1.8
v -3.8 7.6 -1.9
v -3.8 7.7 2.3
v -3.8 7.7 2.2
v -3.8 7.7 2.1
v -3.8 7.8 -0.5
v -3.8 7.8 -0.6
v -3.8 7.8 -0.7
v -3.8 7.8 -1.8
v -3.8 7.8 -1.9
v -3.8 7.8 -2
v -3.8 7.9 -1.9
v -3.8 7.9 -2
v -3.8 7.9 -2.1
v -3.8 8 2.2
v -3.8 8 2.1
v -3.8 8 -0.6
v -3.8 8 -0.7
v -3.8 8 -2
v -3.8 8 -2.1
v -3.8 8.2 2.2
v -3.8 8.2 2.1
v -3.8 8.2 0.7
v -3.8 8.2 0.6
v -3.8 8.2 -2.1
v -3.8 8.2 -2.2
v -3.8 8.3 -2.1
v -3.8 8.3 -2.2
v -3.8 8.3 -2.3
v -3.8 8.4 2.2
v -3.8 8.4 2.1
v -3.8 8.4 2
v -3.8 8.4 -2.1
v -3.8 8.4 -2.2
v -3.8 8.4 -2.3
v -3.8 8.4 -2.4
v -3.8 8.5 0.7
v -3.8 8.5 0.6
v -3.8 8.5 0.5
v -3.8 8.5 -2.3
v -3.8 8.5 -2.4
v -3.8 8.5 -2.5
v -3.8 8.6 -2
v -3.8 8.6 -2.1
v -3.8 8.6 -2.2
v -3.8 8.6 -2.4
v -3.8 8.6 -2.5
v -3.8 8.6 -2.6
v -3.8 8.7 -2.5
v -3.8 8.7 -2.6
v -3.8 8.7 -2.7
v -3.8 8.8 2.1
v -3.8 8.8 2
v -3.8 8.8 1.9
v -3.8 8.8 -1.9
v -3.8 8.8 -2
v -3.8 8.8 -2.1
v -3.8 8.9 0.6
v -3.8 8.9 0.5
v -3.8 8.9 0.4
v -3.8 9 -1.8
v -3.8 9 -1.9
v -3.8 9 -2
v -3.8 9 -2.6
v -3.8 9 -2.7
v -3.8 9.1 -2.7
v -3.8 9.1 -2.8
v -3.8 9.2 2
v -3.8 9.2 1.9
v -3.8 9.2 1.8
v -3.8 9.2 -1.7
v -3.8 9.2 -1.8
v -3.8 9.2 -1.9
v -3.8 9.2 -2.7
v -3.8 9.2 -2.8
v -3.8 9.2 -2.9
v -3.8 9.3 -2.8
v -3.8 9.3 -2.9
v -3.8 9.3 -3
v -3.8 9.4 0.5
v -3.8 9.4 0.4
v -3.8 9.4 0.3
v -3.8 9.4 -1.6
v -3.8 9.4 -1.7
v -3.8 9.4 -1.8
v -3.8 9.4 -2.9
v -3.8 9.4 -3
v -3.8 9.4 -3.2
v -3.8 9.5 -3
v -3.8 9.5 -3.2
v -3.8 9.5 -3.3
v -3.8 9.6 1.9
v -3.8 9.6 1.8
v -3.8 9.6 1.7
v -3.8 9.6 -1.6
v -3.8 9.6 -1.7
v -3.8 9.6 -3.2
v -3.8 9.6 -3.3
v -3.8 9.6 -3.4
v -3.8 9.7 0.4
v -3.8 9.7 0.3
v -3.8 9.7 -3.3
v -3.8 9.7 -3.4
v -3.8 9.7 -3.5
v -3.8 9.8 1.8
v -3.8 9.8 1.7
v -3.8 9.8 -3.4
v -3.8 9.8 -3.5
v -3.8 10 -3.9
v -3.8 10 -4
v -3.8 10.1 -3.9
v -3.8 10.1 -4
v -3.7 2.2 2.9
v -3.7 2.2 2.8
v -3.7 2.4 2.9
v -3.7 2.4 2.8
v -3.7 2.9 0.7
v -3.7 2.9 0.6
v -3.7 3 0.7
v -3.7 3 0.6
v -3.7 3.2 2.9
v -3.7 3.2 2.8
v -3.7 3.5 2.9
v -3.7 3.5 2.8
v -3.7 3.7 0.4
v -3.7 3.7 0.3
v -3.7 3.8 0.4
v -3.7 3.8 0.3
v -3.7 3.9 0.4
v -3.7 3.9 0.3
v -3.7 4.1 0.4
v -3.7 4.1 0.3
v -3.7 4.1 0.2
v -3.7 4.3 0.3
v -3.7 4.3 0.2
v -3.7 4.3 0.0999999
v -3.7 4.4 0.2
v -3.7 4.4 0.0999999
v -3.7 5.3 -2.8
v -3.7 5.3 -2.9
v -3.7 5.4 -2.8
v -3.7 5.4 -2.9
v -3.7 6.4 -2.2
v -3.7 6.4 -2.3
v -3.7 6.5 -2.2
v -3.7 6.5 -2.3
v -3.7 6.5 -2.4
v -3.7 6.6 2.9
v -3.7 6.6 2.8
v -3.7 6.6 1.3
v -3.7 6.6 1.2
v -3.7 6.6 -2.1
v -3.7 6.6 -2.2
v -3.7 6.6 -2.3
v -3.7 6.6 -2.4
v -3.7 6.7 1.5
v -3.7 6.7 1.4
v -3.7 6.7 1.3
v -3.7 6.7 1.2
v -3.7 6.7 -2.1
v -3.7 6.7 -2.2
v -3.7 6.8 1.5
v -3.7 6.8 1.4
v -3.7 6.8 -2.1
v -3.7 6.8 -2.2
v -3.7 6.8 -2.3
v -3.7 6.9 1.6
v -3.7 6.9 1.5
v -3.7 6.9 -2.1
v -3.7 6.9 -2.2
v -3.7 7 2.9
v -3.7 7 2.8
v -3.7 7 1.9
v -3.7 7 1.8
v -3.7 7 1.7
v -3.7 7 1.6
v -3.7 7 1.5
v -3.7 7 -1.9
v -3.7 7 -2
v -3.7 7 -2.1
v -3.7 7.1 1.9
v -3.7 7.1 1.8
v -3.7 7.1 1.7
v -3.7 7.1 1.6
v -3.7 7.1 -1.9
v -3.7 7.1 -2
v -3.7 7.1 -2.1
v -3.7 7.2 2
v -3.7 7.2 1.9
v -3.7 7.2 1.8
v -3.7 7.2 1.7
v -3.7 7.2 -1.8
v -3.7 7.2 -1.9
v -3.7 7.2 -2
v -3.7 7.3 2.2
v -3.7 7.3 2.1
v -3.7 7.3 2
v -3.7 7.3 1.9
v -3.7 7.3 -1.8
v -3.7 7.3 -1.9
v -3.7 7.3 -2
v -3.7 7.4 2.2
v -3.7 7.4 2.1
v -3.7 7.4 -1.8
v -3.7 7.4 -1.9
v -3.7 7.4 -3.8
v -3.7 7.4 -3.9
v -3.7 7.5 -1.8
v -3.7 7.5 -1.9
v -3.7 7.5 -3.8
v -3.7 7.5 -3.9
v -3.7 8.2 -2.2
v -3.7 8.2 -2.3
v -3.7 8.3 -2.2
v -3.7 8.3 -2.3
v -3.7 9 -2.6
v -3.7 9 -2.7
v -3.7 9.1 -2.6
v -3.7 9.1 -2.7
v -3.7 9.5 -3.8
v -3.7 9.5 -3.9
v -3.7 9.6 -3.8
v -3.7 9.6 -3.9
v -3.6 1.2 -3.8
v -3.6 1.2 -3.9
v -3.6 1.6 -3.8
v -3.6 1.6 -3.9
v -3.6 1.8 -3.8
v -3.6 1.8 -3.9
v -3.6 1.9 -3.8
v -3.6 1.9 -3.9
v -3.6 2 2.9
v -3.6 2 2.8
v -3.6 2.2 2.9
v -3.6 2.2 2.8
v -3.6 3.5 2.9
v -3.6 3.5 2.8
v -3.6 3.9 2.9
v -3.6 3.9 2.8
v -3.6 5.3 2.9
v -3.6 5.3 2.8
v -3.6 5.5 2.9
v -3.6 5.5 2.8
v -3.6 6.5 -2.2
v -3.6 6.5 -2.3
v -3.6 6.6 -2.2
v -3.6 6.6 -2.3
v -3.6 6.7 1.4
v -3.6 6.7 1.3
v -3.6 6.7 -2.1
v -3.6 6.7 -2.2
v -3.6 6.8 1.6
v -3.6 6.8 1.4
v -3.6 6.8 1.3
v -3.6 6.8 -2
v -3.6 6.8 -2.1
v -3.6 6.8 -2.2
v -3.6 6.9 1.7
v -3.6 6.9 1.6
v -3.6 6.9 1.5
v -3.6 6.9 1.4
v -3.6 7 2.9
v -3.6 7 2.8
v -3.6 7 1.8
v -3.6 7 1.7
v -3.6 7 1.6
v -3.6 7 -2
v -3.6 7 -2.1
v -3.6 7.1 2
v -3.6 7.1 1.8
v -3.6 7.1 1.7
v -3.6 7.1 -1.9
v -3.6 7.1 -2
v -3.6 7.2 2.1
v -3.6 7.2 2
v -3.6 7.2 1.9
v -3.6 7.2 1.8
v -3.6 7.2 -1.9
v -3.6 7.2 -2
v -3.6 7.3 2.1
v -3.6 7.3 2
v -3.6 7.3 -1.8
v -3.6 7.3 -1.9
v -3.6 7.4 2.9
v -3.6 7.4 2.8
v -3.6 7.4 -1.7
v -3.6 7.4 -1.8
v -3.6 7.4 -1.9
v -3.6 7.5 -1.7
v -3.6 7.5 -1.8
v -3.6 7.5 -3.8
v -3.6 7.5 -3.9
v -3.6 7.6 -3.8
v -3.6 7.6 -3.9
v -3.6 9.9 -3.9
v -3.6 9.9 -4
v -3.6 10 -3.9
v -3.6 10 -4
v -3.5 0.9 -3.9
v -3.5 0.9 -4
v -3.5 1 -3.9
v -3.5 1 -4
v -3.5 1.6 -3.8
v -3.5 1.6 -3.9
v -3.5 1.8 2.9
v -3.5 1.8 2.8
v -3.5 1.8 -3.8
v -3.5 1.8 -3.9
v -3.5 1.9 -3.8
v -3.5 1.9 -3.9
v -3.5 2 2.9
v -3.5 2 2.8
v -3.5 2.5 -3.8
v -3.5 2.5 -3.9
v -3.5 3.9 2.9
v -3.5 3.9 2.8
v -3.5 4.2 2.9
v -3.5 4.2 2.8
v -3.5 5.1 2.9
v -3.5 5.1 2.8
v -3.5 5.3 2.9
v -3.5 5.3 2.8
v -3.5 7.4 2.9
v -3.5 7.4 2.8
v -3.5 7.6 -3.8
v -3.5 7.6 -3.9
v -3.5 7.7 -3.8
v -3.5 7.7 -3.9
v -3.5 7.8 2.9
v -3.5 7.8 2.8
v -3.5 9.3 2.9
v -3.5 9.3 2.8
v -3.5 9.5 2.9
v -3.5 9.5 2.8
v -3.4 0.8 -3.9
v -3.4 0.8 -4
v -3.4 0.9 -3.9
v -3.4 0.9 -4
v -3.4 1.4 -3.8
v -3.4 1.4 -3.9
v -3.4 1.6 2.9
v -3.4 1.6 2.8
v -3.4 1.6 -3.8
v -3.4 1.6 -3.9
v -3.4 1.8 2.9
v -3.4 1.8 2.8
v -3.4 4.2 2.9
v -3.4 4.2 2.8
v -3.4 4.4 3
v -3.4 4.4 2.9
v -3.4 4.4 2.8
v -3.4 4.5 3
v -3.4 4.5 2.9
v -3.4 4.8 2.9
v -3.4 4.8 2.8
v -3.4 5.1 2.9
v -3.4 5.1 2.8
v -3.4 7.7 -3.8
v -3.4 7.7 -3.9
v -3.4 7.8 2.9
v -3.4 7.8 2.8
v -3.4 7.8 -3.8
v -3.4 7.8 -3.9
v -3.4 8 2.9
v -3.4 8 2.8
v -3.4 9 2.9
v -3.4 9 2.8
v -3.4 9.3 2.9
v -3.4 9.3 2.8
v -3.4 9.8 -3.9
v -3.4 9.8 -4
v -3.4 9.9 -3.9
v -3.4 9.9 -4
v -3.3 1.2 -3.8
v -3.3 1.2 -3.9
v -3.3 1.4 2.9
v -3.3 1.4 2.8
v -3.3 1.4 -3.8
v -3.3 1.4 -3.9
v -3.3 1.6 2.9
v -3.3 1.6 2.8
v -3.3 2.9 3
v -3.3 2.9 2.9
v -3.3 3 3
v -3.3 3 2.9
v -3.3 4.5 3
v -3.3 4.5 2.9
v -3.3 4.6 3
v -3.3 4.6 2.9
v -3.3 4.6 2.8
v -3.3 4.7 3
v -3.3 4.7 2.9
v -3.3 4.8 3
v -3.3 4.8 2.9
v -3.3 4.8 2.8
v -3.3 6.5 3
v -3.3 6.5 2.9
v -3.3 6.6 3
v -3.3 6.6 2.9
v -3.3 7.8 -3.8
v -3.3 7.8 -3.9
v -3.3 7.9 -3.8
v -3.3 7.9 -3.9
v -3.3 8 3
v -3.3 8 2.9
v -3.3 8 -3.9
v -3.3 8 -4
v -3.3 8.1 -3.9
v -3.3 8.1 -4
v -3.3 8.2 3
v -3.3 8.2 2.9
v -3.3 8.2 2.8
v -3.3 8.4 2.9
v -3.3 8.4 2.8
v -3.3 8.6 2.9
v -3.3 8.6 2.8
v -3.3 9 2.9
v -3.3 9 2.8
v -3.3 9.6 -3.8
v -3.3 9.6 -3.9
v -3.3 9.7 -3.8
v -3.3 9.7 -3.9
v -3.2 0.8 3.1
v -3.2 0.8 3
v -3.2 0.9 3.1
v -3.2 0.9 3
v -3.2 1 -3.8
v -3.2 1 -3.9
v -3.2 1.1 3
v -3.2 1.1 2.9
v -3.2 1.2 3
v -3.2 1.2 2.9
v -3.2 1.2 -3.8
v -3.2 1.2 -3.9
v -3.2 4.4 3
v -3.2 4.4 2.9
v -3.2 4.5 3
v -3.2 4.5 2.9
v -3.2 7.9 -3.8
v -3.2 7.9 -3.9
v -3.2 8 -3.8
v -3.2 8 -3.9
v -3.1 0.9 -3.9
v -3.1 0.9 -4
v -3.1 1 -3.9
v -3.1 1 -4
v -3.1 4.1 2.9
v -3.1 4.1 2.8
v -3.1 4.4 2.9
v -3.1 4.4 2.8
v -3.1 8.1 3
v -3.1 8.1 2.9
v -3.1 8.2 3
v -3.1 8.2 2.9
v -3.1 8.2 2.8
v -3.1 8.3 3
v -3.1 8.3 2.9
v -3.1 8.4 3
v -3.1 8.4 2.9
v -3.1 8.4 2.8
v -3.1 8.4 2.7
v -3.1 8.5 2.8
v -3.1 8.5 2.7
v -3 7.9 2.9
v -3 7.9 2.8
v -3 8 3
v -3 8 2.9
v -3 8 2.8
v -3 8.1 3
v -3 8.1 2.9
v -3 9.7 -3.8
v -3 9.7 -3.9
v -3 9.8 -3.8
v -3 9.8 -3.9
v -2.9 0.8 3.1
v -2.9 0.8 3
v -2.9 0.9 3.1
v -2.9 0.9 3
v -2.9 8.1 -3.9
v -2.9 8.1 -4
v -2.9 8.2 -3.8
v -2.9 8.2 -3.9
v -2.9 8.2 -4
v -2.9 8.3 -3.8
v -2.9 8.3 -3.9
v -2.8 0.9 3.1
v -2.8 0.9 3
v -2.8 1 3.1
v -2.8 1 3
v -2.8 8.3 -3.8
v -2.8 8.3 -3.9
v -2.8 8.4 -3.8
v -2.8 8.4 -3.9
v -2.7 0.4 3.9
v -2.7 0.4 3.8
v -2.7 0.5 3.9
v -2.7 0.5 3.8
v -2.7 0.8 3.1
v -2.7 0.8 3
v -2.7 0.9 3.1
v -2.7 0.9 3
v -2.7 6.1 -3.7
v -2.7 6.1 -3.8
v -2.7 6.2 -3.7
v -2.7 6.2 -3.8
v -2.7 8.4 -3.8
v -2.7 8.4 -3.9
v -2.7 8.5 -3.8
v -2.7 8.5 -3.9
v -2.6 0.7 3.1
v -2.6 0.7 3
v -2.6 0.8 3.1
v -2.6 0.8 3
v -2.6 0.9 3.1
v -2.6 0.9 3
v -2.6 1 3.1
v -2.6 1 3
v -2.6 1.6 -3.8
v -2.6 1.6 -3.9
v -2.6 1.7 -3.8
v -2.6 1.7 -3.9
v -2.6 6.1 -3.8
v -2.6 6.1 -3.9
v -2.6 6.2 -3.8
v -2.6 6.2 -3.9
v -2.6 8.5 -3.8
v -2.6 8.5 -3.9
v -2.6 8.6 -3.8
v -2.6 8.6 -3.9
v -2.5 1.4 -3.8
v -2.5 1.4 -3.9
v -2.5 1.6 -3.8
v -2.5 1.6 -3.9
v -2.5 1.7 -3.8
v -2.5 1.7 -3.9
v -2.5 1.8 -3.8
v -2.5 1.8 -3.9
v -2.5 5.9 -3.8
v -2.5 5.9 -3.9
v -2.5 6.1 -3.8
v -2.5 6.1 -3.9
v -2.5 6.2 -3.9
v -2.5 6.2 -4
v -2.5 6.3 -3.9
v -2.5 6.3 -4
v -2.5 8.6 -3.8
v -2.5 8.6 -3.9
v -2.5 8.7 -3.8
v -2.5 8.7 -3.9
v -2.4 0.4 4
v -2.4 0.4 3.9
v -2.4 0.5 4
v -2.4 0.5 3.9
v -2.4 1.2 -3.8
v -2.4 1.2 -3.9
v -2.4 1.4 -3.8
v -2.4 1.4 -3.9
v -2.4 5.8 -3.8
v -2.4 5.8 -3.9
v -2.4 5.9 -3.8
v -2.4 5.9 -3.9
v -2.4 8.7 -3.8
v -2.4 8.7 -3.9
v -2.4 8.8 -3.8
v -2.4 8.8 -3.9
v -2.3 1 -3.8
v -2.3 1 -3.9
v -2.3 1.2 -3.8
v -2.3 1.2 -3.9
v -2.3 2.3 -3.8
v -2.3 2.3 -3.9
v -2.3 2.5 -3.8
v -2.3 2.5 -3.9
v -2.3 5.6 -3.8
v -2.3 5.6 -3.9
v -2.3 5.8 -3.8
v -2.3 5.8 -3.9
v -2.3 8.8 -3.8
v -2.3 8.8 -3.9
v -2.3 8.9 -3.8
v -2.3 8.9 -3.9
v -2.2 0.9 -3.9
v -2.2 0.9 -4
v -2.2 1 -3.9
v -2.2 1 -4
v -2.2 2.1 -3.8
v -2.2 2.1 -3.9
v -2.2 2.3 -3.8
v -2.2 2.3 -3.9
v -2.2 2.8 -3.8
v -2.2 2.8 -3.9
v -2.2 3.1 -3.8
v -2.2 3.1 -3.9
v -2.2 5.4 -3.8
v -2.2 5.4 -3.9
v -2.2 5.6 -3.8
v -2.2 5.6 -3.9
v -2.2 6.3 -3.9
v -2.2 6.3 -4
v -2.2 6.4 -3.9
v -2.2 6.4 -4
v -2.2 8.9 -3.8
v -2.2 8.9 -3.9
v -2.2 9 -3.8
v -2.2 9 -3.9
v -2.1 1.8 -3.8
v -2.1 1.8 -3.9
v -2.1 2.1 -3.8
v -2.1 2.1 -3.9
v -2.1 3.1 -3.8
v -2.1 3.1 -3.9
v -2.1 3.6 -3.8
v -2.1 3.6 -3.9
v -2.1 5.3 -3.8
v -2.1 5.3 -3.9
v -2.1 5.4 -3.8
v -2.1 5.4 -3.9
v -2.1 8.6 -3.8
v -2.1 8.6 -3.9
v -2.1 8.7 -3.8
v -2.1 8.7 -3.9
v -2 3.6 -3.8
v -2 3.6 -3.9
v -2 3.9 -3.8
v -2 3.9 -3.9
v -2 5.1 -3.8
v -2 5.1 -3.9
v -2 5.3 -3.8
v -2 5.3 -3.9
v -2 6.4 -3.8
v -2 6.4 -3.9
v -2 6.5 -3.8
v -2 6.5 -3.9
v -2 8.4 -3.8
v -2 8.4 -3.9
v -2 8.6 -3.8
v -2 8.6 -3.9
v -2 8.7 -3.8
v -2 8.7 -3.9
v -2 9 -3.8
v -2 9 -3.9
v -1.9 3.9 -3.8
v -1.9 3.9 -3.9
v -1.9 4 -3.8
v -1.9 4 -3.9
v -1.9 4.9 -3.8
v -1.9 4.9 -3.9
v -1.9 5 -3.7
v -1.9 5 -3.8
v -1.9 5.1 -3.7
v -1.9 5.1 -3.8
v -1.9 5.1 -3.9
v -1.9 8.2 -3.8
v -1.9 8.2 -3.9
v -1.9 8.4 -3.8
v -1.9 8.4 -3.9
v -1.9 9 -3.8
v -1.9 9 -3.9
v -1.9 9.1 -3.8
v -1.9 9.1 -3.9
v -1.8 4 -3.8
v -1.8 4 -3.9
v -1.8 4.2 -3.8
v -1.8 4.2 -3.9
v -1.8 4.7 -3.8
v -1.8 4.7 -3.9
v -1.8 4.9 -3.8
v -1.8 4.9 -3.9
v -1.8 6.5 -3.8
v -1.8 6.5 -3.9
v -1.8 6.6 -3.8
v -1.8 6.6 -3.9
v -1.8 9.1 -3.8
v -1.8 9.1 -3.9
v -1.8 9.3 -3.8
v -1.8 9.3 -3.9
v -1.7 4.3 -3.8
v -1.7 4.3 -3.9
v -1.7 4.4 -3.8
v -1.7 4.4 -3.9
v -1.7 4.5 -3.9
v -1.7 4.5 -4
v -1.7 4.6 -3.8
v -1.7 4.6 -3.9
v -1.7 4.6 -4
v -1.7 4.7 -3.8
v -1.7 4.7 -3.9
v -1.7 9.3 -3.8
v -1.7 9.3 -3.9
v -1.7 9.4 -3.8
v -1.7 9.4 -3.9
v -1.6 0.4 4.2
v -1.6 0.4 3.6
v -1.6 0.7 4.2
v -1.6 0.7 3.6
v -1.6 1.1 4.2
v -1.6 1.1 3.6
v -1.6 1.2 4.2
v -1.6 1.2 3.6
v -1.6 1.2 2.9
v -1.6 1.2 2.8
v -1.6 2.3 2.9
v -1.6 2.3 2.8
v -1.6 3 2.9
v -1.6 3 2.8
v -1.6 4.1 2.9
v -1.6 4.1 2.8
v -1.6 4.2 -3.8
v -1.6 4.2 -3.9
v -1.6 4.3 -3.8
v -1.6 4.3 -3.9
v -1.6 4.4 -3.9
v -1.6 4.4 -4
v -1.6 4.5 -3.9
v -1.6 4.5 -4
v -1.6 4.8 2.9
v -1.6 4.8 2.8
v -1.6 5.9 2.9
v -1.6 5.9 2.8
v -1.6 6.6 2.9
v -1.6 6.6 2.8
v -1.6 6.6 -3.8
v -1.6 6.6 -3.9
v -1.6 6.7 -3.8
v -1.6 6.7 -3.9
v -1.6 7.7 2.9
v -1.6 7.7 2.8
v -1.6 8.4 2.9
v -1.6 8.4 2.8
v -1.6 9.4 -3.8
v -1.6 9.4 -3.9
v -1.6 9.5 2.9
v -1.6 9.5 2.8
v -1.6 9.5 -3.8
v -1.6 9.5 -3.9
v -1.5 1.2 4.1
v -1.5 1.2 3.7
v -1.5 1.5 4.1
v -1.5 1.5 3.7
v -1.5 4.3 -3.8
v -1.5 4.3 -3.9
v -1.5 4.4 -3.8
v -1.5 4.4 -3.9
v -1.5 9.5 -3.8
v -1.5 9.5 -3.9
v -1.5 9.6 -3.8
v -1.5 9.6 -3.9
v -1.4 0.7 4
v -1.4 0.7 3.8
v -1.4 1.1 4
v -1.4 1.1 3.8
v -1.4 1.5 4
v -1.4 1.5 3.8
v -1.4 1.6 4
v -1.4 1.6 3.8
v -1.4 4.2 -3.8
v -1.4 4.2 -3.9
v -1.4 4.3 -3.8
v -1.4 4.3 -3.9
v -1.4 5.8 2.9
v -1.4 5.8 2.8
v -1.4 5.9 2.9
v -1.4 5.9 2.8
v -1.4 6.7 -3.8
v -1.4 6.7 -3.9
v -1.4 6.8 -3.8
v -1.4 6.8 -3.9
v -1.4 7.2 2.9
v -1.4 7.2 2.8
v -1.4 7.6 2.9
v -1.4 7.6 2.8
v -1.4 9.6 -3.8
v -1.4 9.6 -3.9
v -1.4 9.7 -3.8
v -1.4 9.7 -3.9
v -1.4 9.8 -3.9
v -1.4 9.8 -4
v -1.4 9.9 -3.9
v -1.4 9.9 -4
v -1.3 5.6 2.9
v -1.3 5.6 2.8
v -1.3 5.8 2.9
v -1.3 5.8 2.8
v -1.3 7.6 2.9
v -1.3 7.6 2.8
v -1.3 8 3
v -1.3 8 2.9
v -1.3 8 2.8
v -1.3 8.1 3
v -1.3 8.1 2.9
v -1.3 9.7 -3.8
v -1.3 9.7 -3.9
v -1.3 9.8 -3.8
v -1.3 9.8 -3.9
v -1.2 0.4 3.2
v -1.2 0.4 3.1
v -1.2 0.5 3.2
v -1.2 0.5 3.1
v -1.2 3.2 2.9
v -1.2 3.2 2.8
v -1.2 3.3 2.9
v -1.2 3.3 2.8
v -1.2 3.3 2.7
v -1.2 3.4 2.9
v -1.2 3.4 2.8
v -1.2 3.4 2.7
v -1.2 3.5 2.9
v -1.2 3.5 2.8
v -1.2 3.6 -3.8
v -1.2 3.6 -3.9
v -1.2 3.7 -3.8
v -1.2 3.7 -3.9
v -1.2 4.1 -3.8
v -1.2 4.1 -3.9
v -1.2 4.2 -3.8
v -1.2 4.2 -3.9
v -1.2 5.4 2.9
v -1.2 5.4 2.8
v -1.2 5.6 2.9
v -1.2 5.6 2.8
v -1.2 6.8 -3.8
v -1.2 6.8 -3.9
v -1.2 6.9 -3.8
v -1.2 6.9 -3.9
v -1.2 8.1 3
v -1.2 8.1 2.9
v -1.2 8.2 3
v -1.2 8.2 2.9
v -1.2 8.2 2.8
v -1.2 8.5 2.9
v -1.2 8.5 2.8
v -1.2 9.9 -3.9
v -1.2 9.9 -4
v -1.2 10 -3.9
v -1.2 10 -4
v -1.1 3.3 2.9
v -1.1 3.3 2.8
v -1.1 3.4 2.9
v -1.1 3.4 2.8
v -1.1 3.5 2.9
v -1.1 3.5 2.8
v -1.1 3.7 2.9
v -1.1 3.7 2.8
v -1.1 4 -3.8
v -1.1 4 -3.9
v -1.1 4.1 -3.8
v -1.1 4.1 -3.9
v -1.1 5.2 2.9
v -1.1 5.2 2.8
v -1.1 5.4 2.9
v -1.1 5.4 2.8
v -1.1 8.5 2.9
v -1.1 8.5 2.8
v -1.1 9.1 2.9
v -1.1 9.1 2.8
v -1 3.1 2.9
v -1 3.1 2.8
v -1 3.3 2.9
v -1 3.3 2.8
v -1 3.7 2.9
v -1 3.7 2.8
v -1 3.9 -3.8
v -1 3.9 -3.9
v -1 4 2.9
v -1 4 2.8
v -1 4 -3.8
v -1 4 -3.9
v -1 5 2.9
v -1 5 2.8
v -1 5.2 2.9
v -1 5.2 2.8
v -1 9.1 2.9
v -1 9.1 2.8
v -1 9.5 2.9
v -1 9.5 2.8
v -1 11.6 -0.9
v -1 11.6 -3.8
v -1 11.7 -0.9
v -1 11.7 -3.8
v -0.9 1 2.9
v -0.9 1 2.8
v -0.9 1.2 2.9
v -0.9 1.2 2.8
v -0.9 1.8 -3.8
v -0.9 1.8 -3.9
v -0.9 1.9 -3.8
v -0.9 1.9 -3.9
v -0.9 2.9 2.9
v -0.9 2.9 2.8
v -0.9 3.1 2.9
v -0.9 3.1 2.8
v -0.9 3.7 -3.7
v -0.9 3.7 -3.8
v -0.9 3.8 -3.7
v -0.9 3.8 -3.8
v -0.9 3.8 -3.9
v -0.9 3.9 -3.8
v -0.9 3.9 -3.9
v -0.9 4 2.9
v -0.9 4 2.8
v -0.9 4.2 2.9
v -0.9 4.2 2.8
v -0.9 4.8 2.9
v -0.9 4.8 2.8
v -0.9 5 2.9
v -0.9 5 2.8
v -0.9 6.9 -3.7
v -0.9 6.9 -3.8
v -0.9 6.9 -3.9
v -0.9 7 -3.7
v -0.9 7 -3.8
v -0.9 7 -3.9
v -0.9 11.7 -1.9
v -0.9 11.7 -3.7
v -0.9 11.8 -1.9
v -0.9 11.8 -3.7
v -0.8 1.2 2.9
v -0.8 1.2 2.8
v -0.8 1.5 2.9
v -0.8 1.5 2.8
v -0.8 1.9 -3.8
v -0.8 1.9 -3.9
v -0.8 2 -3.8
v -0.8 2 -3.9
v -0.8 3 3.3
v -0.8 3 3.2
v -0.8 3.1 3.3
v -0.8 3.1 3.2
v -0.8 3.1 3
v -0.8 3.2 3.2
v -0.8 3.2 3
v -0.8 3.6 -3.8
v -0.8 3.6 -3.9
v -0.8 3.8 -3.8
v -0.8 3.8 -3.9
v -0.8 4.5 3
v -0.8 4.5 2.9
v -0.8 4.6 3
v -0.8 4.6 2.9
v -0.8 4.6 2.8
v -0.8 4.7 3.3
v -0.8 4.7 3.2
v -0.8 4.8 3.2
v -0.8 4.8 3.1
v -0.8 4.8 2.9
v -0.8 4.8 2.8
v -0.8 4.9 3.3
v -0.8 4.9 3.1
v -0.8 5 3.3
v -0.8 5 3.1
v -0.8 6.6 3.2
v -0.8 6.6 3
v -0.8 6.7 3.2
v -0.8 6.7 3
v -0.8 7 -3.8
v -0.8 7 -3.9
v -0.8 7.2 -3.8
v -0.8 7.2 -3.9
v -0.8 8.4 3.2
v -0.8 8.4 3.1
v -0.8 8.4 3
v -0.8 8.5 3.2
v -0.8 8.5 3.1
v -0.8 8.6 3.1
v -0.8 8.6 3
v -0.8 10 -2
v -0.8 10 -3.6
v -0.8 11.6 -2
v -0.8 11.6 -3.6
v -0.7 1.5 2.9
v -0.7 1.5 2.8
v -0.7 1.8 2.9
v -0.7 1.8 2.8
v -0.7 2 -3.8
v -0.7 2 -3.9
v -0.7 2.1 -3.8
v -0.7 2.1 -3.9
v -0.7 2.6 3.3
v -0.7 2.6 3
v -0.7 2.8 3.3
v -0.7 2.8 3.1
v -0.7 2.8 3
v -0.7 3 3.3
v -0.7 3 3.2
v -0.7 3 3.1
v -0.7 3 2.9
v -0.7 3.1 3.2
v -0.7 3.1 3
v -0.7 3.1 2.9
v -0.7 3.2 3.3
v -0.7 3.2 3.2
v -0.7 3.2 3.1
v -0.7 3.3 3.3
v -0.7 3.3 3.1
v -0.7 3.5 -3.8
v -0.7 3.5 -3.9
v -0.7 3.6 -3.8
v -0.7 3.6 -3.9
v -0.7 4.4 3.3
v -0.7 4.4 3
v -0.7 4.6 3.3
v -0.7 4.6 3.1
v -0.7 4.6 3
v -0.7 4.7 3.3
v -0.7 4.7 3.2
v -0.7 4.8 3.4
v -0.7 4.8 3.3
v -0.7 4.8 3.2
v -0.7 4.8 3.1
v -0.7 4.8 2.9
v -0.7 4.9 3.4
v -0.7 4.9 3.3
v -0.7 4.9 3.1
v -0.7 4.9 2.9
v -0.7 5 3.2
v -0.7 5 3.1
v -0.7 5 -3.8
v -0.7 5 -3.9
v -0.7 5.1 3.2
v -0.7 5.1 3.1
v -0.7 5.2 -3.8
v -0.7 5.2 -3.9
v -0.7 6.2 3.3
v -0.7 6.2 3
v -0.7 6.4 3.3
v -0.7 6.4 3.1
v -0.7 6.4 3
v -0.7 6.6 3.4
v -0.7 6.6 3.3
v -0.7 6.6 3.2
v -0.7 6.6 3.1
v -0.7 6.6 3
v -0.7 6.6 2.9
v -0.7 6.7 3.4
v -0.7 6.7 3.3
v -0.7 6.7 3.2
v -0.7 6.7 3
v -0.7 6.7 2.9
v -0.7 6.8 3.4
v -0.7 6.8 3.3
v -0.7 6.8 3.2
v -0.7 6.8 3
v -0.7 6.9 3.3
v -0.7 6.9 3.2
v -0.7 7.2 -3.8
v -0.7 7.2 -3.9
v -0.7 7.4 -3.8
v -0.7 7.4 -3.9
v -0.7 8 3.3
v -0.7 8 3
v -0.7 8.2 3.3
v -0.7 8.2 3.1
v -0.7 8.2 3
v -0.7 8.4 3.2
v -0.7 8.4 3.1
v -0.7 8.4 3
v -0.7 8.4 2.9
v -0.7 8.5 3.3
v -0.7 8.5 3.2
v -0.7 8.5 3.1
v -0.7 8.5 3
v -0.7 8.5 2.9
v -0.7 8.6 3.4
v -0.7 8.6 3.3
v -0.7 8.6 3.2
v -0.7 8.6 3.1
v -0.7 8.7 3.4
v -0.7 8.7 3.2
v -0.7 8.7 3.1
v -0.7 9.8 3.3
v -0.7 9.8 3
v -0.7 10 3.3
v -0.7 10 3
v -0.6 0.4 4.1
v -0.6 0.4 3
v -0.6 0.8 4.1
v -0.6 0.8 3.8
v -0.6 1 3.8
v -0.6 1 3.5
v -0.6 1 3
v -0.6 1 2.9
v -0.6 1.2 3.5
v -0.6 1.2 2.9
v -0.6 1.8 2.9
v -0.6 1.8 2.8
v -0.6 1.9 2.8
v -0.6 2 2.9
v -0.6 2 2.8
v -0.6 2.1 -3.8
v -0.6 2.1 -3.9
v -0.6 2.3 -3.8
v -0.6 2.3 -3.9
v -0.6 2.5 3.2
v -0.6 2.5 2.9
v -0.6 2.6 3.2
v -0.6 2.6 2.9
v -0.6 3.4 -3.8
v -0.6 3.4 -3.9
v -0.6 3.5 -3.8
v -0.6 3.5 -3.9
v -0.6 4.3 3.2
v -0.6 4.3 2.9
v -0.6 4.4 3.2
v -0.6 4.4 2.9
v -0.6 4.9 3.4
v -0.6 4.9 3.3
v -0.6 5 3.4
v -0.6 5 3.3
v -0.6 5.2 -3.8
v -0.6 5.2 -3.9
v -0.6 5.4 -3.8
v -0.6 5.4 -3.9
v -0.6 5.5 -3.8
v -0.6 5.5 -3.9
v -0.6 5.6 -3.8
v -0.6 5.6 -3.9
v -0.6 6.1 3.2
v -0.6 6.1 2.9
v -0.6 6.2 3.2
v -0.6 6.2 2.9
v -0.6 7.4 -3.8
v -0.6 7.4 -3.9
v -0.6 7.6 -3.8
v -0.6 7.6 -3.9
v -0.6 7.9 3.2
v -0.6 7.9 2.9
v -0.6 8 3.2
v -0.6 8 2.9
v -0.6 9.7 3.2
v -0.6 9.7 2.9
v -0.6 9.8 3.2
v -0.6 9.8 2.9
v -0.5 1 -3.8
v -0.5 1 -3.9
v -0.5 1.1 -3.8
v -0.5 1.1 -3.9
v -0.5 2.3 -3.8
v -0.5 2.3 -3.9
v -0.5 2.4 -3.8
v -0.5 2.4 -3.9
v -0.5 3.3 -3.8
v -0.5 3.3 -3.9
v -0.5 3.4 -3.8
v -0.5 3.4 -3.9
v -0.5 5.4 -3.8
v -0.5 5.4 -3.9
v -0.5 5.5 -3.8
v -0.5 5.5 -3.9
v -0.5 5.6 -3.8
v -0.5 5.6 -3.9
v -0.5 5.9 -3.8
v -0.5 5.9 -3.9
v -0.5 7.6 -3.8
v -0.5 7.6 -3.9
v -0.5 7.8 -3.8
v -0.5 7.8 -3.9
v -0.5 10 -1.9
v -0.5 10 -2
v -0.5 11.3 -1.9
v -0.5 11.3 -2
v -0.4 2 -3.8
v -0.4 2 -3.9
v -0.4 2.1 -3.8
v -0.4 2.1 -3.9
v -0.4 2.4 -3.8
v -0.4 2.4 -3.9
v -0.4 2.5 -3.8
v -0.4 2.5 -3.9
v -0.4 5.2 -3.8
v -0.4 5.2 -3.9
v -0.4 5.4 -3.8
v -0.4 5.4 -3.9
v -0.4 5.9 -3.8
v -0.4 5.9 -3.9
v -0.4 6.1 -3.8
v -0.4 6.1 -3.9
v -0.4 8.1 -3.9
v -0.4 8.1 -4
v -0.4 8.2 -3.8
v -0.4 8.2 -3.9
v -0.4 8.2 -4
v -0.4 8.3 -3.8
v -0.4 8.3 -3.9
v -0.4 8.4 3.4
v -0.4 8.4 3.3
v -0.4 8.5 3.4
v -0.4 8.5 3.3
v -0.4 8.5 3.2
v -0.4 8.6 3.3
v -0.4 8.6 3.2
v -0.3 0.8 3.4
v -0.3 0.8 3.3
v -0.3 0.9 3.4
v -0.3 0.9 3.3
v -0.3 1.1 -3.8
v -0.3 1.1 -3.9
v -0.3 1.2 -3.8
v -0.3 1.2 -3.9
v -0.3 1.8 -3.8
v -0.3 1.8 -3.9
v -0.3 2 -3.8
v -0.3 2 -3.9
v -0.3 2.5 -3.8
v -0.3 2.5 -3.9
v -0.3 2.6 -3.8
v -0.3 2.6 -3.9
v -0.3 2.8 3.3
v -0.3 2.8 3.1
v -0.3 3 3.3
v -0.3 3 3.1
v -0.3 3.2 -3.8
v -0.3 3.2 -3.9
v -0.3 3.3 -3.8
v -0.3 3.3 -3.9
v -0.3 3.8 -3.8
v -0.3 3.8 -3.9
v -0.3 3.9 -3.8
v -0.3 3.9 -3.9
v -0.3 4.6 3.3
v -0.3 4.6 3.1
v -0.3 4.8 3.3
v -0.3 4.8 3.1
v -0.3 5.1 -3.8
v -0.3 5.1 -3.9
v -0.3 5.2 -3.8
v -0.3 5.2 -3.9
v -0.3 6.4 3.3
v -0.3 6.4 3.1
v -0.3 6.6 3.4
v -0.3 6.6 3.3
v -0.3 6.6 3.1
v -0.3 6.7 3.4
v -0.3 6.7 3.3
v -0.3 6.7 3.1
v -0.3 6.8 3.4
v -0.3 6.8 3.3
v -0.3 6.8 3.2
v -0.3 6.8 3.1
v -0.3 6.9 3.3
v -0.3 6.9 3.2
v -0.3 7.8 -3.8
v -0.3 7.8 -3.9
v -0.3 8 -3.8
v -0.3 8 -3.9
v -0.3 8 -4
v -0.3 8.1 -3.9
v -0.3 8.1 -4
v -0.3 8.2 3.3
v -0.3 8.2 3.1
v -0.3 8.4 3.3
v -0.3 8.4 3.1
v -0.3 8.5 3.2
v -0.3 8.5 3.1
v -0.3 8.6 3.2
v -0.3 8.6 3.1
v -0.2 1 3.2
v -0.2 1 3.1
v -0.2 1 3
v -0.2 1.1 3.2
v -0.2 1.1 3.1
v -0.2 1.1 3
v -0.2 1.7 -3.8
v -0.2 1.7 -3.9
v -0.2 1.8 -3.8
v -0.2 1.8 -3.9
v -0.2 3.1 -3.8
v -0.2 3.1 -3.9
v -0.2 3.2 -3.8
v -0.2 3.2 -3.9
v -0.2 4.9 -3.8
v -0.2 4.9 -3.9
v -0.2 5.1 -3.8
v -0.2 5.1 -3.9
v -0.2 6.8 3.4
v -0.2 6.8 3.3
v -0.2 6.9 3.4
v -0.2 6.9 3.3
v -0.2 7.6 -3.8
v -0.2 7.6 -3.9
v -0.2 7.8 -3.8
v -0.2 7.8 -3.9
v -0.2 8.6 3.3
v -0.2 8.6 3.2
v -0.2 8.7 3.3
v -0.2 8.7 3.2
v -0.2 10.5 -1.9
v -0.2 10.5 -2
v -0.2 10.6 -1.9
v -0.2 10.6 -2
v -0.0999999 0.8 3.4
v -0.0999999 0.8 3.3
v -0.0999999 0.9 3.4
v -0.0999999 0.9 3.3
v -0.0999999 1 3.4
v -0.0999999 1 3.3
v -0.0999999 1.2 -3.8
v -0.0999999 1.2 -3.9
v -0.0999999 1.3 -3.8
v -0.0999999 1.3 -3.9
v -0.0999999 1.6 -3.8
v -0.0999999 1.6 -3.9
v -0.0999999 1.7 -3.8
v -0.0999999 1.7 -3.9
v -0.0999999 3 -3.8
v -0.0999999 3 -3.9
v -0.0999999 3.1 3.3
v -0.0999999 3.1 3.1
v -0.0999999 3.1 -3.8
v -0.0999999 3.1 -3.9
v -0.0999999 3.2 3.3
v -0.0999999 3.2 3.2
v -0.0999999 3.2 3.1
v -0.0999999 3.3 3.3
v -0.0999999 3.3 3.2
v -0.0999999 4.7 -3.8
v -0.0999999 4.7 -3.9
v -0.0999999 4.9 2.7
v -0.0999999 4.9 2.6
v -0.0999999 4.9 -3.8
v -0.0999999 4.9 -3.9
v -0.0999999 5 2.7
v -0.0999999 5 2.6
v -0.0999999 6.6 3.4
v -0.0999999 6.6 3.3
v -0.0999999 6.7 3.4
v -0.0999999 6.7 3.3
v -0.0999999 7.4 -3.8
v -0.0999999 7.4 -3.9
v -0.0999999 7.6 -3.8
v -0.0999999 7.6 -3.9
v -0.0999999 8.5 3.4
v -0.0999999 8.5 3.3
v -0.0999999 8.6 3.4
v -0.0999999 8.6 3.3
v 0 1.4 -3.8
v 0 1.4 -3.9
v 0 1.6 -3.8
v 0 1.6 -3.9
v 0 2.9 -3.8
v 0 2.9 -3.9
v 0 3 3.4
v 0 3 3.3
v 0 3 -3.8
v 0 3 -3.9
v 0 3.1 3.4
v 0 3.1 3.3
v 0 4.6 -3.8
v 0 4.6 -3.9
v 0 4.7 -3.8
v 0 4.7 -3.9
v 0 6.8 3.3
v 0 6.8 3.2
v 0 6.9 3.3
v 0 6.9 3.2
v 0 7.2 -3.8
v 0 7.2 -3.9
v 0 7.4 -3.8
v 0 7.4 -3.9
v 0 8.4 3.4
v 0 8.4 3.3
v 0 8.5 3.4
v 0 8.5 3.3
v 0.1 1 3.1
v 0.1 1 3
v 0.1 1 2.9
v 0.1 1.1 3.1
v 0.1 1.1 3
v 0.1 1.1 2.9
v 0.1 1.3 -3.8
v 0.1 1.3 -3.9
v 0.1 1.4 -3.8
v 0.1 1.4 -3.9
v 0.1 2.8 -3.8
v 0.1 2.8 -3.9
v 0.1 2.9 -3.8
v 0.1 2.9 -3.9
v 0.1 3.9 -3.8
v 0.1 3.9 -3.9
v 0.1 4 -3.8
v 0.1 4 -3.9
v 0.1 7 -3.8
v 0.1 7 -3.9
v 0.1 7.2 -3.8
v 0.1 7.2 -3.9
v 0.2 0.4 3
v 0.2 0.4 2.9
v 0.2 0.5 3
v 0.2 0.5 2.9
v 0.2 1 -3.8
v 0.2 1 -3.9
v 0.2 1.1 -3.8
v 0.2 1.1 -3.9
v 0.2 2.7 -3.9
v 0.2 2.7 -4
v 0.2 2.8 3.3
v 0.2 2.8 3.1
v 0.2 2.8 -3.9
v 0.2 2.8 -4
v 0.2 3 3.3
v 0.2 3 3.1
v 0.2 4.6 3.3
v 0.2 4.6 3.1
v 0.2 4.8 3.2
v 0.2 4.8 3.1
v 0.2 4.9 3.3
v 0.2 4.9 3.2
v 0.2 6.4 3.3
v 0.2 6.4 3.1
v 0.2 6.6 3.4
v 0.2 6.6 3.3
v 0.2 6.6 3.1
v 0.2 6.7 3.4
v 0.2 6.7 3.3
v 0.2 6.7 3.2
v 0.2 6.8 3.3
v 0.2 6.8 3.2
v 0.2 6.8 -3.8
v 0.2 6.8 -3.9
v 0.2 7 -3.8
v 0.2 7 -3.9
v 0.2 8.2 3.3
v 0.2 8.2 3.1
v 0.2 8.4 3.4
v 0.2 8.4 3.3
v 0.2 8.4 3.1
v 0.2 8.5 3.4
v 0.2 8.5 3.3
v 0.2 8.5 3.2
v 0.2 8.6 3.3
v 0.2 8.6 3.2
v 0.2 10.5 -1.9
v 0.2 10.5 -2
v 0.2 10.6 -1.9
v 0.2 10.6 -2
v 0.3 0.8 3.4
v 0.3 0.8 3.3
v 0.3 0.9 3.4
v 0.3 0.9 3.3
v 0.3 1.1 -3.8
v 0.3 1.1 -3.9
v 0.3 1.3 -3.8
v 0.3 1.3 -3.9
v 0.3 6.6 -3.8
v 0.3 6.6 -3.9
v 0.3 6.7 3.2
v 0.3 6.7 3.1
v 0.3 6.8 3.3
v 0.3 6.8 3.2
v 0.3 6.8 3.1
v 0.3 6.8 -3.8
v 0.3 6.8 -3.9
v 0.3 6.9 3.3
v 0.3 6.9 3.2
v 0.3 7.7 2.7
v 0.3 7.7 2.6
v 0.3 7.8 2.7
v 0.3 7.8 2.6
v 0.3 8.5 3.4
v 0.3 8.5 3.3
v 0.3 8.5 3.2
v 0.3 8.5 3.1
v 0.3 8.6 3.4
v 0.3 8.6 3.3
v 0.3 8.6 3.2
v 0.3 8.6 3.1
v 0.3 8.7 3.4
v 0.3 8.7 3.3
v 0.3 8.7 3.2
v 0.3 8.7 3.1
v 0.4 1.3 -3.8
v 0.4 1.3 -3.9
v 0.4 1.5 -3.8
v 0.4 1.5 -3.9
v 0.4 3.1 3.3
v 0.4 3.1 3.2
v 0.4 3.2 3.3
v 0.4 3.2 3.2
v 0.4 4 -3.8
v 0.4 4 -3.9
v 0.4 4.1 -3.8
v 0.4 4.1 -3.9
v 0.4 6.4 -3.8
v 0.4 6.4 -3.9
v 0.4 6.6 -3.8
v 0.4 6.6 -3.9
v 0.5 0.4 4.1
v 0.5 0.4 3.9
v 0.5 0.6 3.9
v 0.5 0.6 3.6
v 0.5 0.8 4.1
v 0.5 0.8 3.8
v 0.5 0.8 3.6
v 0.5 0.8 3.3
v 0.5 1 3.8
v 0.5 1 3.5
v 0.5 1 3.3
v 0.5 1 2.7
v 0.5 1.2 3.5
v 0.5 1.2 3.4
v 0.5 1.2 3.3
v 0.5 1.2 2.9
v 0.5 1.3 3.4
v 0.5 1.3 3.3
v 0.5 1.5 -3.8
v 0.5 1.5 -3.9
v 0.5 1.6 -3.8
v 0.5 1.6 -3.9
v 0.5 1.7 2.9
v 0.5 1.7 2.8
v 0.5 1.8 2.9
v 0.5 1.8 2.8
v 0.5 2 2.9
v 0.5 2 2.8
v 0.5 2.4 2.9
v 0.5 2.4 2.7
v 0.5 2.8 2.9
v 0.5 2.8 2.7
v 0.5 4.2 2.9
v 0.5 4.2 2.7
v 0.5 4.6 2.9
v 0.5 4.6 2.7
v 0.5 4.9 3.3
v 0.5 4.9 3.2
v 0.5 5 3.3
v 0.5 5 3.2
v 0.5 6 2.9
v 0.5 6 2.7
v 0.5 6.3 -3.9
v 0.5 6.3 -4
v 0.5 6.4 2.9
v 0.5 6.4 2.7
v 0.5 6.4 -3.9
v 0.5 6.4 -4
v 0.5 7.8 2.9
v 0.5 7.8 2.7
v 0.5 8.2 2.9
v 0.5 8.2 2.7
v 0.5 9.6 2.9
v 0.5 9.6 2.7
v 0.6 1.6 -3.8
v 0.6 1.6 -3.9
v 0.6 1.8 -3.8
v 0.6 1.8 -3.9
v 0.6 2.8 3.3
v 0.6 2.8 3.1
v 0.6 3 3.3
v 0.6 3 3.1
v 0.6 3 2.9
v 0.6 3.1 3.4
v 0.6 3.1 3.3
v 0.6 3.1 3.1
v 0.6 3.1 2.9
v 0.6 3.2 3.4
v 0.6 3.2 3.2
v 0.6 3.2 3.1
v 0.6 3.3 3.2
v 0.6 3.3 3.1
v 0.6 4.6 3.3
v 0.6 4.6 3.1
v 0.6 4.8 3.4
v 0.6 4.8 3.3
v 0.6 4.8 3.1
v 0.6 4.8 2.9
v 0.6 4.9 3.4
v 0.6 4.9 3.3
v 0.6 4.9 3.2
v 0.6 4.9 3.1
v 0.6 4.9 3
v 0.6 4.9 2.9
v 0.6 5 3.4
v 0.6 5 3.3
v 0.6 5 3.2
v 0.6 5 3.1
v 0.6 5 3
v 0.6 6.4 3.3
v 0.6 6.4 3.1
v 0.6 6.6 3.3
v 0.6 6.6 3.1
v 0.6 6.6 2.9
v 0.6 6.7 3.4
v 0.6 6.7 3.3
v 0.6 6.7 3.1
v 0.6 6.7 3
v 0.6 6.7 2.9
v 0.6 6.8 3.4
v 0.6 6.8 3.3
v 0.6 6.8 3
v 0.6 6.9 3.4
v 0.6 6.9 3.3
v 0.6 7.8 2.9
v 0.6 7.8 2.8
v 0.6 7.9 2.9
v 0.6 7.9 2.8
v 0.6 8.2 3.3
v 0.6 8.2 3.1
v 0.6 8.4 3.3
v 0.6 8.4 3.1
v 0.6 8.4 2.9
v 0.6 8.5 3.1
v 0.6 8.5 3
v 0.6 8.5 2.9
v 0.6 8.6 3.1
v 0.6 8.6 3
v 0.6 10 -1.9
v 0.6 10 -2
v 0.6 11.2 -1.9
v 0.6 11.2 -2
v 0.7 1.8 -3.8
v 0.7 1.8 -3.9
v 0.7 2 -3.8
v 0.7 2 -3.9
v 0.7 3.1 3.1
v 0.7 3.1 3
v 0.7 3.2 3.1
v 0.7 3.2 3
v 0.7 5 3.2
v 0.7 5 3.1
v 0.7 5.1 3.2
v 0.7 5.1 3.1
v 0.7 6.6 3.4
v 0.7 6.6 3.3
v 0.7 6.7 3.4
v 0.7 6.7 3.3
v 0.7 6.8 3.2
v 0.7 6.8 3.1
v 0.7 6.9 3.2
v 0.7 6.9 3.1
v 0.7 8.5 3.3
v 0.7 8.5 3.1
v 0.7 8.5 3
v 0.7 8.5 2.9
v 0.7 8.6 3.3
v 0.7 8.6 3.2
v 0.7 8.6 3.1
v 0.7 8.6 3
v 0.7 8.6 2.9
v 0.7 8.7 3.3
v 0.7 8.7 3.2
v 0.8 2 -3.8
v 0.8 2 -3.9
v 0.8 2.1 -3.8
v 0.8 2.1 -3.9
v 0.9 0.9 3
v 0.9 0.9 2.9
v 0.9 1 3
v 0.9 1 2.9
v 0.9 1 2.8
v 0.9 1.1 2.9
v 0.9 1.1 2.8
v 0.9 2.1 -3.8
v 0.9 2.1 -3.9
v 0.9 2.3 -3.8
v 0.9 2.3 -3.9
v 0.9 8 3
v 0.9 8 2.9
v 0.9 8.1 3
v 0.9 8.1 2.9
v 0.9 8.2 2.9
v 0.9 8.2 2.8
v 0.9 8.3 2.9
v 0.9 8.3 2.8
v 0.9 9.2 2.9
v 0.9 9.2 2.8
v 0.9 9.4 2.9
v 0.9 9.4 2.8
v 0.9 9.7 -3.8
v 0.9 9.7 -3.9
v 0.9 9.8 -3.8
v 0.9 9.8 -3.9
v 0.9 9.8 -4
v 0.9 9.9 -3.9
v 0.9 9.9 -4
v 1 1.1 2.9
v 1 1.1 2.8
v 1 1.3 2.9
v 1 1.3 2.8
v 1 2.3 -3.8
v 1 2.3 -3.9
v 1 2.5 -3.8
v 1 2.5 -3.9
v 1 8.1 3
v 1 8.1 2.9
v 1 8.2 3
v 1 8.2 2.9
v 1 8.3 2.9
v 1 8.3 2.8
v 1 8.4 2.9
v 1 8.4 2.8
v 1 9 2.9
v 1 9 2.8
v 1 9.2 2.9
v 1 9.2 2.8
v 1 9.6 -3.8
v 1 9.6 -3.9
v 1 9.7 -3.8
v 1 9.7 -3.9
v 1.1 0.4 4.2
v 1.1 0.4 3.6
v 1.1 0.7 4.2
v 1.1 0.7 3.6
v 1.1 1.1 4.2
v 1.1 1.1 3.6
v 1.1 1.2 4.2
v 1.1 1.2 3.6
v 1.1 1.3 2.9
v 1.1 1.3 2.8
v 1.1 1.4 2.9
v 1.1 1.4 2.8
v 1.1 2.5 -3.8
v 1.1 2.5 -3.9
v 1.1 2.6 -3.8
v 1.1 2.6 -3.9
v 1.1 2.8 -3.8
v 1.1 2.8 -3.9
v 1.1 3 -3.8
v 1.1 3 -3.9
v 1.1 3.2 2.9
v 1.1 3.2 2.8
v 1.1 3.5 2.9
v 1.1 3.5 2.8
v 1.1 6.1 2.9
v 1.1 6.1 2.8
v 1.1 6.2 2.9
v 1.1 6.2 2.8
v 1.1 8.4 2.9
v 1.1 8.4 2.8
v 1.1 8.5 2.9
v 1.1 8.5 2.8
v 1.1 8.8 2.9
v 1.1 8.8 2.8
v 1.1 9 2.9
v 1.1 9 2.8
v 1.1 9.5 -3.8
v 1.1 9.5 -3.9
v 1.1 9.6 -3.8
v 1.1 9.6 -3.9
v 1.2 1.2 4.1
v 1.2 1.2 3.7
v 1.2 1.4 2.9
v 1.2 1.4 2.8
v 1.2 1.5 4.1
v 1.2 1.5 3.7
v 1.2 1.5 2.9
v 1.2 1.5 2.8
v 1.2 3 -3.8
v 1.2 3 -3.9
v 1.2 3.3 -3.8
v 1.2 3.3 -3.9
v 1.2 3.5 2.9
v 1.2 3.5 2.8
v 1.2 4 2.9
v 1.2 4 2.8
v 1.2 6 2.9
v 1.2 6 2.8
v 1.2 6.1 2.9
v 1.2 6.1 2.8
v 1.2 8.7 2.9
v 1.2 8.7 2.8
v 1.2 8.8 2.9
v 1.2 8.8 2.8
v 1.3 0.7 4
v 1.3 0.7 3.8
v 1.3 1.1 4
v 1.3 1.1 3.8
v 1.3 1.5 4
v 1.3 1.5 3.8
v 1.3 1.5 2.9
v 1.3 1.5 2.8
v 1.3 1.6 4
v 1.3 1.6 3.8
v 1.3 1.7 2.9
v 1.3 1.7 2.8
v 1.3 3.3 -3.8
v 1.3 3.3 -3.9
v 1.3 3.5 -3.8
v 1.3 3.5 -3.9
v 1.3 4 2.9
v 1.3 4 2.8
v 1.3 4.3 2.9
v 1.3 4.3 2.8
v 1.3 4.6 -3.8
v 1.3 4.6 -3.9
v 1.3 4.7 -3.8
v 1.3 4.7 -3.9
v 1.3 5.9 2.9
v 1.3 5.9 2.8
v 1.3 6 2.9
v 1.3 6 2.8
v 1.3 8.3 -3.8
v 1.3 8.3 -3.9
v 1.3 8.4 -3.8
v 1.3 8.4 -3.9
v 1.3 8.5 2.9
v 1.3 8.5 2.8
v 1.3 8.7 2.9
v 1.3 8.7 2.8
v 1.3 9.4 -3.8
v 1.3 9.4 -3.9
v 1.3 9.5 -3.8
v 1.3 9.5 -3.9
v 1.4 1.7 2.9
v 1.4 1.7 2.8
v 1.4 1.8 2.9
v 1.4 1.8 2.8
v 1.4 3.5 -3.8
v 1.4 3.5 -3.9
v 1.4 3.8 -3.8
v 1.4 3.8 -3.9
v 1.4 5.8 2.9
v 1.4 5.8 2.8
v 1.4 5.9 2.9
v 1.4 5.9 2.8
v 1.4 8.3 2.9
v 1.4 8.3 2.8
v 1.4 8.4 -3.8
v 1.4 8.4 -3.9
v 1.4 8.5 2.9
v 1.4 8.5 2.8
v 1.4 8.5 -3.8
v 1.4 8.5 -3.9
v 1.4 8.7 2.9
v 1.4 8.7 2.8
v 1.4 8.8 2.9
v 1.4 8.8 2.8
v 1.4 8.9 -3.8
v 1.4 8.9 -3.9
v 1.4 9.2 -3.8
v 1.4 9.2 -3.9
v 1.4 9.3 -3.8
v 1.4 9.3 -3.9
v 1.4 9.4 -3.8
v 1.4 9.4 -3.9
v 1.5 3.8 -3.8
v 1.5 3.8 -3.9
v 1.5 4.1 -3.8
v 1.5 4.1 -3.9
v 1.5 4.7 -3.8
v 1.5 4.7 -3.9
v 1.5 4.8 -3.8
v 1.5 4.8 -3.9
v 1.5 5.7 2.9
v 1.5 5.7 2.8
v 1.5 5.8 2.9
v 1.5 5.8 2.8
v 1.5 8.2 2.9
v 1.5 8.2 2.8
v 1.5 8.3 2.9
v 1.5 8.3 2.8
v 1.5 8.5 -3.8
v 1.5 8.5 -3.9
v 1.5 8.6 -3.8
v 1.5 8.6 -3.9
v 1.5 8.8 2.9
v 1.5 8.8 2.8
v 1.5 8.8 -3.8
v 1.5 8.8 -3.9
v 1.5 8.9 2.9
v 1.5 8.9 2.8
v 1.5 8.9 -3.8
v 1.5 8.9 -3.9
v 1.5 9.2 -3.8
v 1.5 9.2 -3.9
v 1.5 9.3 -3.8
v 1.5 9.3 -3.9
v 1.6 1.1 3
v 1.6 1.1 2.9
v 1.6 1.2 3
v 1.6 1.2 2.9
v 1.6 1.6 -3.8
v 1.6 1.6 -3.9
v 1.6 1.8 -3.8
v 1.6 1.8 -3.9
v 1.6 2.9 3
v 1.6 2.9 2.9
v 1.6 3 3
v 1.6 3 2.9
v 1.6 4.1 -3.8
v 1.6 4.1 -3.9
v 1.6 4.3 -3.8
v 1.6 4.3 -3.9
v 1.6 4.7 3
v 1.6 4.7 2.9
v 1.6 4.8 3
v 1.6 4.8 2.9
v 1.6 4.8 -3.8
v 1.6 4.8 -3.9
v 1.6 4.9 -3.8
v 1.6 4.9 -3.9
v 1.6 5.6 2.9
v 1.6 5.6 2.8
v 1.6 5.7 2.9
v 1.6 5.7 2.8
v 1.6 6.5 3
v 1.6 6.5 2.9
v 1.6 6.6 3
v 1.6 6.6 2.9
v 1.6 7.8 2.9
v 1.6 7.8 2.8
v 1.6 8 2.9
v 1.6 8 2.8
v 1.6 8.1 3
v 1.6 8.1 2.9
v 1.6 8.2 3
v 1.6 8.2 2.9
v 1.6 8.3 3
v 1.6 8.3 2.9
v 1.6 8.4 3
v 1.6 8.4 2.9
v 1.6 8.6 -3.8
v 1.6 8.6 -3.9
v 1.6 8.8 -3.8
v 1.6 8.8 -3.9
v 1.6 8.9 2.9
v 1.6 8.9 2.8
v 1.6 9 2.9
v 1.6 9 2.8
v 1.6 9.1 -3.8
v 1.6 9.1 -3.9
v 1.6 9.2 -3.8
v 1.6 9.2 -3.9
v 1.7 3.1 -3.8
v 1.7 3.1 -3.9
v 1.7 3.2 -3.8
v 1.7 3.2 -3.9
v 1.7 7.7 2.9
v 1.7 7.7 2.8
v 1.7 7.8 2.9
v 1.7 7.8 2.8
v 1.7 8 3
v 1.7 8 2.9
v 1.7 8.1 3
v 1.7 8.1 2.9
v 1.7 8.5 -3.8
v 1.7 8.5 -3.9
v 1.7 8.6 -3.8
v 1.7 8.6 -3.9
v 1.7 9 -3.8
v 1.7 9 -3.9
v 1.7 9.1 -3.8
v 1.7 9.1 -3.9
v 1.8 1.5 -3.8
v 1.8 1.5 -3.9
v 1.8 1.6 -3.8
v 1.8 1.6 -3.9
v 1.8 1.8 -3.8
v 1.8 1.8 -3.9
v 1.8 1.9 -3.8
v 1.8 1.9 -3.9
v 1.8 4.9 -3.8
v 1.8 4.9 -3.9
v 1.8 5 -3.8
v 1.8 5 -3.9
v 1.8 7.5 2.8
v 1.8 7.5 2.7
v 1.8 7.6 2.8
v 1.8 7.6 2.7
v 1.8 9.1 2.8
v 1.8 9.1 2.7
v 1.8 9.2 2.8
v 1.8 9.2 2.7
v 1.9 5 -3.8
v 1.9 5 -3.9
v 1.9 5.1 -3.8
v 1.9 5.1 -3.9
v 1.9 8.9 -3.8
v 1.9 8.9 -3.9
v 1.9 9 -3.8
v 1.9 9 -3.9
v 1.9 9.2 2.8
v 1.9 9.2 2.7
v 1.9 9.4 2.8
v 1.9 9.4 2.7
v 2 1.4 -3.8
v 2 1.4 -3.9
v 2 1.5 -3.8
v 2 1.5 -3.9
v 2 1.9 -3.8
v 2 1.9 -3.9
v 2 2 -3.8
v 2 2 -3.9
v 2 5.1 -3.8
v 2 5.1 -3.9
v 2 5.2 -3.8
v 2 5.2 -3.9
v 2 8.8 -3.8
v 2 8.8 -3.9
v 2 8.9 -3.8
v 2 8.9 -3.9
v 2 9.4 2.8
v 2 9.4 2.7
v 2 9.5 2.8
v 2 9.5 2.7
v 2.1 0.9 -3.9
v 2.1 0.9 -4
v 2.1 1 -3.8
v 2.1 1 -3.9
v 2.1 1 -4
v 2.1 1.1 -3.8
v 2.1 1.1 -3.9
v 2.1 8.7 -3.8
v 2.1 8.7 -3.9
v 2.1 8.8 -3.8
v 2.1 8.8 -3.9
v 2.2 1.3 -3.8
v 2.2 1.3 -3.9
v 2.2 1.4 -3.8
v 2.2 1.4 -3.9
v 2.2 2 -3.8
v 2.2 2 -3.9
v 2.2 2.1 -3.8
v 2.2 2.1 -3.9
v 2.2 3.2 -3.8
v 2.2 3.2 -3.9
v 2.2 3.3 -3.8
v 2.2 3.3 -3.9
v 2.2 5.2 -3.8
v 2.2 5.2 -3.9
v 2.2 5.3 -3.8
v 2.2 5.3 -3.9
v 2.2 6.1 -3.8
v 2.2 6.1 -3.9
v 2.2 6.2 -3.8
v 2.2 6.2 -3.9
v 2.2 8.6 -3.8
v 2.2 8.6 -3.9
v 2.2 8.7 -3.8
v 2.2 8.7 -3.9
v 2.3 1.1 -3.8
v 2.3 1.1 -3.9
v 2.3 1.3 -3.8
v 2.3 1.3 -3.9
v 2.3 5.3 -3.8
v 2.3 5.3 -3.9
v 2.3 5.4 -3.8
v 2.3 5.4 -3.9
v 2.3 6 -3.8
v 2.3 6 -3.9
v 2.3 6.1 -3.8
v 2.3 6.1 -3.9
v 2.3 8.5 -3.8
v 2.3 8.5 -3.9
v 2.3 8.6 -3.8
v 2.3 8.6 -3.9
v 2.4 2.1 -3.8
v 2.4 2.1 -3.9
v 2.4 2.2 -3.8
v 2.4 2.2 -3.9
v 2.4 4.3 -3.8
v 2.4 4.3 -3.9
v 2.4 4.4 -3.8
v 2.4 4.4 -3.9
v 2.4 5.9 -3.8
v 2.4 5.9 -3.9
v 2.4 6 -3.8
v 2.4 6 -3.9
v 2.5 2.4 -3.8
v 2.5 2.4 -3.9
v 2.5 2.5 -3.8
v 2.5 2.5 -3.9
v 2.5 4.2 -3.8
v 2.5 4.2 -3.9
v 2.5 4.3 -3.8
v 2.5 4.3 -3.9
v 2.5 5.4 -3.8
v 2.5 5.4 -3.9
v 2.5 5.5 -3.8
v 2.5 5.5 -3.9
v 2.5 5.8 -3.8
v 2.5 5.8 -3.9
v 2.5 5.9 -3.8
v 2.5 5.9 -3.9
v 2.5 8.4 -3.8
v 2.5 8.4 -3.9
v 2.5 8.5 -3.8
v 2.5 8.5 -3.9
v 2.6 2.3 -3.8
v 2.6 2.3 -3.9
v 2.6 2.4 -3.8
v 2.6 2.4 -3.9
v 2.6 4 -3.8
v 2.6 4 -3.9
v 2.6 4.2 -3.8
v 2.6 4.2 -3.9
v 2.6 5.6 -3.8
v 2.6 5.6 -3.9
v 2.6 5.8 -3.8
v 2.6 5.8 -3.9
v 2.6 8.3 -3.8
v 2.6 8.3 -3.9
v 2.6 8.4 -3.8
v 2.6 8.4 -3.9
v 2.7 2.1 -3.7
v 2.7 2.1 -3.8
v 2.7 2.1 -3.9
v 2.7 2.2 -3.7
v 2.7 2.2 -3.8
v 2.7 2.2 -3.9
v 2.7 3.9 -3.8
v 2.7 3.9 -3.9
v 2.7 4 -3.8
v 2.7 4 -3.9
v 2.7 5.5 -3.8
v 2.7 5.5 -3.9
v 2.7 5.6 -3.8
v 2.7 5.6 -3.9
v 2.7 8.2 -3.8
v 2.7 8.2 -3.9
v 2.7 8.3 -3.8
v 2.7 8.3 -3.9
v 2.8 2 -3.8
v 2.8 2 -3.9
v 2.8 2.1 -3.8
v 2.8 2.1 -3.9
v 2.8 2.2 -3.8
v 2.8 2.2 -3.9
v 2.8 2.3 -3.8
v 2.8 2.3 -3.9
v 2.8 3.8 -3.8
v 2.8 3.8 -3.9
v 2.8 3.9 -3.8
v 2.8 3.9 -3.9
v 2.8 5.4 -3.8
v 2.8 5.4 -3.9
v 2.8 5.5 -3.8
v 2.8 5.5 -3.9
v 2.9 1.9 -3.8
v 2.9 1.9 -3.9
v 2.9 2 -3.8
v 2.9 2 -3.9
v 2.9 3.7 -3.8
v 2.9 3.7 -3.9
v 2.9 3.8 -3.8
v 2.9 3.8 -3.9
v 2.9 5.3 -3.8
v 2.9 5.3 -3.9
v 2.9 5.4 -3.8
v 2.9 5.4 -3.9
v 3 1.7 -3.8
v 3 1.7 -3.9
v 3 1.9 -3.8
v 3 1.9 -3.9
v 3 2.3 -3.8
v 3 2.3 -3.9
v 3 2.4 -3.8
v 3 2.4 -3.9
v 3 3.3 -3.8
v 3 3.3 -3.9
v 3 3.4 -3.8
v 3 3.4 -3.9
v 3 3.6 -3.8
v 3 3.6 -3.9
v 3 3.7 -3.8
v 3 3.7 -3.9
v 3 5.2 -3.8
v 3 5.2 -3.9
v 3 5.3 -3.8
v 3 5.3 -3.9
v 3 6.3 -3.9
v 3 6.3 -4
v 3 6.4 -3.8
v 3 6.4 -3.9
v 3 6.4 -4
v 3 6.5 -3.7
v 3 6.5 -3.8
v 3 6.6 -3.7
v 3 6.6 -3.8
v 3 6.6 -3.9
v 3 8.8 -3.8
v 3 8.8 -3.9
v 3 8.9 -3.8
v 3 8.9 -3.9
v 3 9.7 -3.8
v 3 9.7 -3.9
v 3 9.8 -3.8
v 3 9.8 -3.9
v 3.1 1.6 -3.8
v 3.1 1.6 -3.9
v 3.1 1.7 -3.8
v 3.1 1.7 -3.9
v 3.1 3.4 -3.8
v 3.1 3.4 -3.9
v 3.1 3.6 -3.8
v 3.1 3.6 -3.9
v 3.1 5.1 -3.8
v 3.1 5.1 -3.9
v 3.1 5.2 -3.8
v 3.1 5.2 -3.9
v 3.1 6.6 -3.8
v 3.1 6.6 -3.9
v 3.1 6.8 -3.8
v 3.1 6.8 -3.9
v 3.1 9 -3.8
v 3.1 9 -3.9
v 3.1 9.1 -3.8
v 3.1 9.1 -3.9
v 3.1 9.6 -3.8
v 3.1 9.6 -3.9
v 3.1 9.7 -3.8
v 3.1 9.7 -3.9
v 3.2 1.5 -3.8
v 3.2 1.5 -3.9
v 3.2 1.6 -3.8
v 3.2 1.6 -3.9
v 3.2 2.4 -3.8
v 3.2 2.4 -3.9
v 3.2 2.5 -3.8
v 3.2 2.5 -3.9
v 3.2 3.3 -3.8
v 3.2 3.3 -3.9
v 3.2 3.4 -3.8
v 3.2 3.4 -3.9
v 3.2 6.8 -3.8
v 3.2 6.8 -3.9
v 3.2 6.9 -3.8
v 3.2 6.9 -3.9
v 3.2 8.8 -3.8
v 3.2 8.8 -3.9
v 3.2 9 -3.8
v 3.2 9 -3.9
v 3.2 9.1 -3.8
v 3.2 9.1 -3.9
v 3.2 9.3 -3.8
v 3.2 9.3 -3.9
v 3.2 9.4 -3.8
v 3.2 9.4 -3.9
v 3.2 9.6 -3.8
v 3.2 9.6 -3.9
v 3.3 1.2 2.9
v 3.3 1.2 2.8
v 3.3 1.3 -3.8
v 3.3 1.3 -3.9
v 3.3 1.5 -3.8
v 3.3 1.5 -3.9
v 3.3 2.1 2.9
v 3.3 2.1 2.8
v 3.3 3 2.9
v 3.3 3 2.8
v 3.3 3.2 -3.8
v 3.3 3.2 -3.9
v 3.3 3.3 -3.8
v 3.3 3.3 -3.9
v 3.3 4.1 2.9
v 3.3 4.1 2.8
v 3.3 4.8 2.9
v 3.3 4.8 2.8
v 3.3 5.9 2.9
v 3.3 5.9 2.8
v 3.3 6.6 2.9
v 3.3 6.6 2.8
v 3.3 6.9 -3.8
v 3.3 6.9 -3.9
v 3.3 7 -3.8
v 3.3 7 -3.9
v 3.3 7.2 2.9
v 3.3 7.2 2.8
v 3.3 7.6 2.9
v 3.3 7.6 2.8
v 3.3 7.7 2.9
v 3.3 7.7 2.8
v 3.3 8.4 2.9
v 3.3 8.4 2.8
v 3.3 8.6 -3.8
v 3.3 8.6 -3.9
v 3.3 8.8 -3.8
v 3.3 8.8 -3.9
v 3.3 9.3 -3.8
v 3.3 9.3 -3.9
v 3.3 9.4 -3.8
v 3.3 9.4 -3.9
v 3.3 9.5 2.9
v 3.3 9.5 2.8
v 3.4 1.2 -3.8
v 3.4 1.2 -3.9
v 3.4 1.3 -3.8
v 3.4 1.3 -3.9
v 3.4 2.1 2.9
v 3.4 2.1 2.8
v 3.4 2.3 2.9
v 3.4 2.3 2.8
v 3.4 2.5 -3.8
v 3.4 2.5 -3.9
v 3.4 2.6 -3.8
v 3.4 2.6 -3.9
v 3.4 3.1 -3.8
v 3.4 3.1 -3.9
v 3.4 3.2 -3.8
v 3.4 3.2 -3.9
v 3.4 5.2 -3.8
v 3.4 5.2 -3.9
v 3.4 5.3 -3.8
v 3.4 5.3 -3.9
v 3.4 7 -3.8
v 3.4 7 -3.9
v 3.4 7.2 2.9
v 3.4 7.2 2.8
v 3.4 7.2 -3.8
v 3.4 7.2 -3.9
v 3.4 7.6 2.9
v 3.4 7.6 2.8
v 3.4 8.1 -3.9
v 3.4 8.1 -4
v 3.4 8.2 -3.8
v 3.4 8.2 -3.9
v 3.4 8.2 -4
v 3.4 8.4 -3.7
v 3.4 8.4 -3.8
v 3.4 8.5 -3.7
v 3.4 8.5 -3.8
v 3.4 8.6 -3.8
v 3.4 8.6 -3.9
v 3.4 9.2 -3.8
v 3.4 9.2 -3.9
v 3.4 9.3 -3.8
v 3.4 9.3 -3.9
v 3.5 0.4 4.2
v 3.5 0.4 3.6
v 3.5 0.7 4.2
v 3.5 0.7 3.6
v 3.5 1.1 4.2
v 3.5 1.1 3.6
v 3.5 1.1 -3.8
v 3.5 1.1 -3.9
v 3.5 1.2 4.2
v 3.5 1.2 3.6
v 3.5 1.2 -3.8
v 3.5 1.2 -3.9
v 3.5 2.3 2.9
v 3.5 2.3 2.8
v 3.5 2.6 2.9
v 3.5 2.6 2.8
v 3.5 7.6 2.9
v 3.5 7.6 2.8
v 3.5 7.6 -3.8
v 3.5 7.6 -3.9
v 3.5 8 2.9
v 3.5 8 2.8
v 3.5 8 -3.8
v 3.5 8 -3.9
v 3.5 8 -4
v 3.5 8.1 -3.9
v 3.5 8.1 -4
v 3.6 1.2 4.1
v 3.6 1.2 3.7
v 3.6 1.5 4.1
v 3.6 1.5 3.7
v 3.6 2.6 3
v 3.6 2.6 2.9
v 3.6 2.8 3
v 3.6 2.8 2.9
v 3.6 2.8 2.8
v 3.6 3 2.9
v 3.6 3 2.8
v 3.6 6.1 -3.8
v 3.6 6.1 -3.9
v 3.6 6.2 -3.8
v 3.6 6.2 -3.9
v 3.6 7.2 -3.8
v 3.6 7.2 -3.9
v 3.6 7.6 -3.8
v 3.6 7.6 -3.9
v 3.6 8 3
v 3.6 8 2.9
v 3.6 8.2 3
v 3.6 8.2 2.9
v 3.6 8.2 2.8
v 3.6 8.6 2.9
v 3.6 8.6 2.8
v 3.6 9.1 -3.8
v 3.6 9.1 -3.9
v 3.6 9.2 -3.8
v 3.6 9.2 -3.9
v 3.7 0.7 4
v 3.7 0.7 3.8
v 3.7 1.1 4
v 3.7 1.1 3.8
v 3.7 1.5 4
v 3.7 1.5 3.8
v 3.7 1.6 4
v 3.7 1.6 3.8
v 3.7 3 2.9
v 3.7 3 2.8
v 3.7 3.3 2.9
v 3.7 3.3 2.8
v 3.7 5 -3.8
v 3.7 5 -3.9
v 3.7 5.1 -3.8
v 3.7 5.1 -3.9
v 3.7 6 -3.8
v 3.7 6 -3.9
v 3.7 6.1 -3.8
v 3.7 6.1 -3.9
v 3.7 6.2 -3.9
v 3.7 6.2 -4
v 3.7 6.3 -3.9
v 3.7 6.3 -4
v 3.7 9 2.9
v 3.7 9 2.8
v 3.7 9.2 2.8
v 3.7 9.2 2.7
v 3.7 9.4 2.9
v 3.7 9.4 2.8
v 3.7 9.5 2.8
v 3.7 9.5 2.7
v 3.8 3.3 2.9
v 3.8 3.3 2.8
v 3.8 3.5 2.9
v 3.8 3.5 2.8
v 3.8 5.1 -3.8
v 3.8 5.1 -3.9
v 3.8 5.2 -3.8
v 3.8 5.2 -3.9
v 3.8 5.9 -3.8
v 3.8 5.9 -3.9
v 3.8 6 -3.8
v 3.8 6 -3.9
v 3.8 8.2 2.9
v 3.8 8.2 2.8
v 3.8 9 2.9
v 3.8 9 2.8
v 3.8 9 -3.8
v 3.8 9 -3.9
v 3.8 9.1 -3.8
v 3.8 9.1 -3.9
v 3.8 9.4 2.9
v 3.8 9.4 2.8
v 3.8 9.8 2.9
v 3.8 9.8 2.8
v 3.9 5.2 -3.8
v 3.9 5.2 -3.9
v 3.9 5.4 -3.8
v 3.9 5.4 -3.9
v 3.9 7.5 2.9
v 3.9 7.5 2.8
v 3.9 8 3
v 3.9 8 2.9
v 3.9 8 2.8
v 3.9 8.2 3
v 3.9 8.2 2.9
v 3.9 9.8 3
v 3.9 9.8 2.9
v 3.9 10 3
v 3.9 10 2.9
v 3.9 10 2.8
v 3.9 10 -3.8
v 3.9 10.2 2.8
v 3.9 10.2 -3.8
v 4 2.6 2.9
v 4 2.6 2.7
v 4 2.8 2.9
v 4 2.8 2.8
v 4 2.8 2.7
v 4.1 0.4 3.5
v 4.1 0.4 3.4
v 4.1 0.5 3.5
v 4.1 0.5 3.4
v 4.2 0.4 3.2
v 4.2 0.4 3.1
v 4.2 0.4 0.9
v 4.2 0.4 0.8
v 4.2 0.4 -0.3
v 4.2 0.4 -0.4
v 4.2 0.4 -1
v 4.2 0.4 -1.2
v 4.2 0.5 3.2
v 4.2 0.5 3.1
v 4.2 0.5 0.9
v 4.2 0.5 0.8
v 4.2 0.5 -1
v 4.2 0.5 -1.1
v 4.2 0.5 -1.2
v 4.2 0.6 -0.3
v 4.2 0.6 -0.4
v 4.2 0.6 -1
v 4.2 0.6 -1.1
v 4.3 0.4 3
v 4.3 0.4 2.8
v 4.3 0.4 2.6
v 4.3 0.4 2.4
v 4.3 0.4 2
v 4.3 0.4 1.7
v 4.3 0.4 0.8
v 4.3 0.4 0.6
v 4.3 0.4 -0.5
v 4.3 0.4 -0.6
v 4.3 0.5 3
v 4.3 0.5 2.8
v 4.3 0.5 2.6
v 4.3 0.5 2.4
v 4.3 0.5 2
v 4.3 0.5 1.7
v 4.3 0.5 0.8
v 4.3 0.5 0.6
v 4.3 0.5 -0.5
v 4.3 0.5 -0.6
v 4.4 0.4 1.1
v 4.4 0.4 1
v 4.4 0.4 0.6
v 4.4 0.4 0.4
v 4.4 0.4 -0.3
v 4.4 0.4 -0.4
v 4.4 0.4 -1.1
v 4.4 0.4 -1.2
v 4.4 0.4 -1.3
v 4.4 0.4 -1.4
v 4.4 0.5 1.1
v 4.4 0.5 1
v 4.4 0.5 0.8
v 4.4 0.5 0.6
v 4.4 0.5 0.4
v 4.4 0.5 -0.3
v 4.4 0.5 -0.4
v 4.4 0.5 -1
v 4.4 0.5 -1.1
v 4.4 0.6 0.8
v 4.4 0.6 0.6
v 4.4 0.6 -1
v 4.4 0.6 -1.1
v 4.4 0.6 -1.2
v 4.4 0.7 -1.1
v 4.4 0.7 -1.2
v 4.4 0.7 -1.3
v 4.4 0.7 -1.4
v 4.5 0.4 3.1
v 4.5 0.4 3
v 4.5 0.4 2.1
v 4.5 0.4 2
v 4.5 0.4 1.6
v 4.5 0.4 1.4
v 4.5 0.4 0.9
v 4.5 0.4 0.8
v 4.5 0.4 -0.2
v 4.5 0.4 -0.3
v 4.5 0.4 -1.2
v 4.5 0.4 -1.3
v 4.5 0.5 3.1
v 4.5 0.5 3
v 4.5 0.5 2.1
v 4.5 0.5 2
v 4.5 0.5 1.6
v 4.5 0.5 1.4
v 4.5 0.5 0.8
v 4.5 0.5 0.6
v 4.5 0.5 0.5
v 4.5 0.5 -0.2
v 4.5 0.5 -0.3
v 4.5 0.5 -0.4
v 4.5 0.5 -1.2
v 4.5 0.5 -1.3
v 4.5 0.6 0.8
v 4.5 0.6 0.6
v 4.5 0.6 -0.3
v 4.5 0.6 -0.4
v 4.5 0.7 0.9
v 4.5 0.7 0.8
v 4.5 0.7 0.6
v 4.5 0.7 0.5
v 4.6 0.4 1.7
v 4.6 0.4 1.6
v 4.6 0.4 0.7
v 4.6 0.4 0.6
v 4.6 0.5 1.7
v 4.6 0.5 1.6
v 4.6 0.5 0.7
v 4.6 0.5 0.6
v -4.6 0.4 -1.3
v -4.6 0.4 -1.6
v -4.6 0.5 -1.3
v -4.6 0.5 -1.6
v -4.4 0.4 -1
v -4.4 0.4 -1.1
v -4.4 0.4 -2.3
v -4.4 0.4 -2.5
v -4.4 0.5 -1
v -4.4 0.5 -1.1
v -4.4 0.5 -2.3
v -4.4 0.5 -2.5
v -4.3 0.4 -1.9
v -4.3 0.4 -2
v -4.3 0.5 0.6
v -4.3 0.5 0.5
v -4.3 0.6 0.6
v -4.3 0.6 0.5
v -4.3 0.6 -1.9
v -4.3 0.6 -2
v -4.2 0.5 0.8
v -4.2 0.5 0.7
v -4.2 0.6 0.8
v -4.2 0.6 0.7
v -4.1 0.4 0.8
v -4.1 0.4 0.4
v -4.1 0.4 -2.4
v -4.1 0.4 -2.6
v -4.1 0.5 0.8
v -4.1 0.5 0.4
v -4.1 0.5 -2.4
v -4.1 0.5 -2.5
v -4.1 0.6 -2.5
v -4.1 0.6 -2.6
v -3.9 2.6 3
v -3.9 2.6 2.9
v -3.9 2.7 3
v -3.9 2.7 2.9
v -3.8 2.2 2.9
v -3.8 2.2 2.8
v -3.8 2.4 2.9
v -3.8 2.4 2.8
v -3.8 3.2 2.9
v -3.8 3.2 2.8
v -3.8 3.5 2.9
v -3.8 3.5 2.8
v -3.8 6.6 2.9
v -3.8 6.6 2.8
v -3.8 7 2.9
v -3.8 7 2.8
v -3.8 7.1 1.8
v -3.8 7.1 1.7
v -3.8 7.2 1.8
v -3.8 7.2 1.7
v -3.8 7.4 -3.8
v -3.8 7.4 -3.9
v -3.8 7.5 -3.8
v -3.8 7.5 -3.9
v -3.8 9.9 -3.9
v -3.8 9.9 -4
v -3.8 10 2.8
v -3.8 10 -2.6
v -3.8 10 -3.7
v -3.8 10 -3.8
v -3.8 10 -3.9
v -3.8 10 -4
v -3.8 10.1 -3.8
v -3.8 10.2 2.8
v -3.8 10.2 -2.6
v -3.8 10.2 -3.8
v -3.7 0.9 -3.9
v -3.7 0.9 -4
v -3.7 1 -3.9
v -3.7 1 -4
v -3.7 1.2 -3.8
v -3.7 1.2 -3.9
v -3.7 1.9 -3.8
v -3.7 1.9 -3.9
v -3.7 2 2.9
v -3.7 2 2.8
v -3.7 2.2 2.9
v -3.7 2.2 2.8
v -3.7 3.5 2.9
v -3.7 3.5 2.8
v -3.7 3.9 2.9
v -3.7 3.9 2.8
v -3.7 5.3 2.9
v -3.7 5.3 2.8
v -3.7 5.5 2.9
v -3.7 5.5 2.8
v -3.7 7 2.9
v -3.7 7 2.8
v -3.7 7.4 2.9
v -3.7 7.4 2.8
v -3.7 7.5 -3.8
v -3.7 7.5 -3.9
v -3.7 7.6 -3.8
v -3.7 7.6 -3.9
v -3.7 9.6 -3.8
v -3.7 9.6 -3.9
v -3.7 9.7 -3.8
v -3.7 9.7 -3.9
v -3.6 0.7 4
v -3.6 0.7 3.8
v -3.6 1.1 4
v -3.6 1.1 3.8
v -3.6 1.5 4
v -3.6 1.5 3.8
v -3.6 1.6 4
v -3.6 1.6 3.8
v -3.6 1.8 2.9
v -3.6 1.8 2.8
v -3.6 1.9 -3.8
v -3.6 1.9 -3.9
v -3.6 2 2.9
v -3.6 2 2.8
v -3.6 2.5 -3.8
v -3.6 2.5 -3.9
v -3.6 3.9 2.9
v -3.6 3.9 2.8
v -3.6 4.2 2.9
v -3.6 4.2 2.8
v -3.6 5.1 2.9
v -3.6 5.1 2.8
v -3.6 5.3 2.9
v -3.6 5.3 2.8
v -3.6 7.4 2.9
v -3.6 7.4 2.8
v -3.6 7.6 -3.8
v -3.6 7.6 -3.9
v -3.6 7.7 -3.8
v -3.6 7.7 -3.9
v -3.6 7.8 2.9
v -3.6 7.8 2.8
v -3.6 9.3 2.9
v -3.6 9.3 2.8
v -3.6 9.5 2.9
v -3.6 9.5 2.8
v -3.6 9.8 -3.9
v -3.6 9.8 -4
v -3.6 9.9 -3.9
v -3.6 9.9 -4
v -3.5 0.8 -3.9
v -3.5 0.8 -4
v -3.5 0.9 -3.9
v -3.5 0.9 -4
v -3.5 1.2 4.1
v -3.5 1.2 3.7
v -3.5 1.4 -3.8
v -3.5 1.4 -3.9
v -3.5 1.5 4.1
v -3.5 1.5 3.7
v -3.5 1.6 2.9
v -3.5 1.6 2.8
v -3.5 1.6 -3.8
v -3.5 1.6 -3.9
v -3.5 1.8 2.9
v -3.5 1.8 2.8
v -3.5 4.2 2.9
v -3.5 4.2 2.8
v -3.5 4.4 3
v -3.5 4.4 2.9
v -3.5 4.4 2.8
v -3.5 4.5 3
v -3.5 4.5 2.9
v -3.5 4.8 2.9
v -3.5 4.8 2.8
v -3.5 5.1 2.9
v -3.5 5.1 2.8
v -3.5 7.7 -3.8
v -3.5 7.7 -3.9
v -3.5 7.8 2.9
v -3.5 7.8 2.8
v -3.5 7.8 -3.8
v -3.5 7.8 -3.9
v -3.5 8 2.9
v -3.5 8 2.8
v -3.5 9 2.9
v -3.5 9 2.8
v -3.5 9.3 2.9
v -3.5 9.3 2.8
v -3.4 0.4 4.2
v -3.4 0.4 3.6
v -3.4 0.7 4.2
v -3.4 0.7 3.6
v -3.4 1.1 4.2
v -3.4 1.1 3.6
v -3.4 1.2 4.2
v -3.4 1.2 3.6
v -3.4 1.2 -3.8
v -3.4 1.2 -3.9
v -3.4 1.4 2.9
v -3.4 1.4 2.8
v -3.4 1.4 -3.8
v -3.4 1.4 -3.9
v -3.4 1.6 2.9
v -3.4 1.6 2.8
v -3.4 4.5 3
v -3.4 4.5 2.9
v -3.4 4.6 3
v -3.4 4.6 2.9
v -3.4 4.6 2.8
v -3.4 4.8 2.9
v -3.4 4.8 2.8
v -3.4 7.8 -3.8
v -3.4 7.8 -3.9
v -3.4 7.9 -3.8
v -3.4 7.9 -3.9
v -3.4 8 3
v -3.4 8 2.9
v -3.4 8 -3.9
v -3.4 8 -4
v -3.4 8.1 -3.9
v -3.4 8.1 -4
v -3.4 8.2 3
v -3.4 8.2 2.9
v -3.4 8.2 2.8
v -3.4 8.4 2.9
v -3.4 8.4 2.8
v -3.4 8.6 2.9
v -3.4 8.6 2.8
v -3.4 9 2.9
v -3.4 9 2.8
v -3.3 0.9 -3.9
v -3.3 0.9 -4
v -3.3 1 -3.8
v -3.3 1 -3.9
v -3.3 1 -4
v -3.3 1.2 2.9
v -3.3 1.2 2.8
v -3.3 1.2 -3.8
v -3.3 1.2 -3.9
v -3.3 1.4 2.9
v -3.3 1.4 2.8
v -3.3 4.4 3
v -3.3 4.4 2.9
v -3.3 4.5 3
v -3.3 4.5 2.9
v -3.3 7.9 -3.8
v -3.3 7.9 -3.9
v -3.3 8 -3.8
v -3.3 8 -3.9
v -3.3 8.1 -3.9
v -3.3 8.1 -4
v -3.3 8.2 -3.9
v -3.3 8.2 -4
v -3.3 8.4 2.9
v -3.3 8.4 2.8
v -3.3 8.6 2.9
v -3.3 8.6 2.8
v -3.3 9.7 -3.8
v -3.3 9.7 -3.9
v -3.3 9.8 -3.8
v -3.3 9.8 -3.9
v -3.2 1.4 2.9
v -3.2 1.4 2.8
v -3.2 2.3 2.9
v -3.2 2.3 2.8
v -3.2 3 2.9
v -3.2 3 2.8
v -3.2 4.1 2.8
v -3.2 4.4 2.9
v -3.2 4.4 2.8
v -3.2 4.8 2.9
v -3.2 4.8 2.8
v -3.2 5.9 2.9
v -3.2 5.9 2.8
v -3.2 6.6 2.9
v -3.2 6.6 2.8
v -3.2 7.7 2.9
v -3.2 7.7 2.8
v -3.2 8.1 3
v -3.2 8.1 2.9
v -3.2 8.2 3
v -3.2 8.2 2.9
v -3.2 8.2 2.8
v -3.2 8.4 2.9
v -3.2 8.4 2.8
v -3.2 8.4 2.7
v -3.2 8.5 2.8
v -3.2 8.5 2.7
v -3.2 8.6 2.9
v -3.2 8.6 2.8
v -3.2 9.5 2.9
v -3.2 9.5 2.8
v -3.1 0.8 3.1
v -3.1 0.8 3
v -3.1 0.9 3.1
v -3.1 0.9 3
v -3.1 7.9 2.9
v -3.1 7.9 2.8
v -3.1 8 3
v -3.1 8 2.9
v -3.1 8 2.8
v -3.1 8.1 3
v -3.1 8.1 2.9
v -3 8.2 -3.8
v -3 8.2 -3.9
v -3 8.3 -3.8
v -3 8.3 -3.9
v -2.9 6.1 -3.8
v -2.9 6.1 -3.9
v -2.9 6.2 -3.8
v -2.9 6.2 -3.9
v -2.9 8.3 -3.8
v -2.9 8.3 -3.9
v -2.9 8.4 -3.8
v -2.9 8.4 -3.9
v -2.8 0.8 3.1
v -2.8 0.8 3
v -2.8 0.9 3.1
v -2.8 0.9 3
v -2.8 6.1 -3.7
v -2.8 6.1 -3.8
v -2.8 6.2 -3.7
v -2.8 6.2 -3.8
v -2.8 8.4 -3.8
v -2.8 8.4 -3.9
v -2.8 8.5 -3.8
v -2.8 8.5 -3.9
v -2.7 0.9 3.1
v -2.7 0.9 3
v -2.7 1 3.1
v -2.7 1 3
v -2.7 1.6 -3.8
v -2.7 1.6 -3.9
v -2.7 1.8 -3.8
v -2.7 1.8 -3.9
v -2.7 6.2 -3.9
v -2.7 6.2 -4
v -2.7 6.3 -3.9
v -2.7 6.3 -4
v -2.7 8.5 -3.8
v -2.7 8.5 -3.9
v -2.7 8.6 -3.8
v -2.7 8.6 -3.9
v -2.6 1.4 -3.8
v -2.6 1.4 -3.9
v -2.6 1.6 -3.8
v -2.6 1.6 -3.9
v -2.6 5.9 -3.8
v -2.6 5.9 -3.9
v -2.6 6.1 -3.8
v -2.6 6.1 -3.9
v -2.6 8.6 -3.8
v -2.6 8.6 -3.9
v -2.6 8.7 -3.8
v -2.6 8.7 -3.9
v -2.5 0.4 3.9
v -2.5 0.4 3.8
v -2.5 0.5 3.9
v -2.5 0.5 3.8
v -2.5 1.2 -3.8
v -2.5 1.2 -3.9
v -2.5 1.4 -3.8
v -2.5 1.4 -3.9
v -2.5 1.8 -3.8
v -2.5 1.8 -3.9
v -2.5 1.9 -3.8
v -2.5 1.9 -3.9
v -2.5 5.8 -3.8
v -2.5 5.8 -3.9
v -2.5 5.9 -3.8
v -2.5 5.9 -3.9
v -2.5 6.3 -3.9
v -2.5 6.3 -4
v -2.5 6.4 -3.9
v -2.5 6.4 -4
v -2.5 8.7 -3.8
v -2.5 8.7 -3.9
v -2.5 8.8 -3.8
v -2.5 8.8 -3.9
v -2.4 0.7 3.1
v -2.4 0.7 3
v -2.4 0.9 -3.9
v -2.4 0.9 -4
v -2.4 1 3.1
v -2.4 1 3
v -2.4 1 -3.8
v -2.4 1 -3.9
v -2.4 1 -4
v -2.4 1.2 -3.8
v -2.4 1.2 -3.9
v -2.4 2.3 -3.8
v -2.4 2.3 -3.9
v -2.4 2.5 -3.8
v -2.4 2.5 -3.9
v -2.4 5.6 -3.8
v -2.4 5.6 -3.9
v -2.4 5.8 -3.8
v -2.4 5.8 -3.9
v -2.4 8.8 -3.8
v -2.4 8.8 -3.9
v -2.4 8.9 -3.8
v -2.4 8.9 -3.9
v -2.3 2.1 -3.8
v -2.3 2.1 -3.9
v -2.3 2.3 -3.8
v -2.3 2.3 -3.9
v -2.3 2.8 -3.8
v -2.3 2.8 -3.9
v -2.3 3.1 -3.8
v -2.3 3.1 -3.9
v -2.3 5.4 -3.8
v -2.3 5.4 -3.9
v -2.3 5.6 -3.8
v -2.3 5.6 -3.9
v -2.3 8.9 -3.8
v -2.3 8.9 -3.9
v -2.3 9 -3.8
v -2.3 9 -3.9
v -2.2 0.4 4
v -2.2 0.4 3.9
v -2.2 0.5 4
v -2.2 0.5 3.9
v -2.2 1.9 -3.8
v -2.2 1.9 -3.9
v -2.2 2.1 -3.8
v -2.2 2.1 -3.9
v -2.2 3.1 -3.8
v -2.2 3.1 -3.9
v -2.2 3.6 -3.8
v -2.2 3.6 -3.9
v -2.2 5.3 -3.8
v -2.2 5.3 -3.9
v -2.2 5.4 -3.8
v -2.2 5.4 -3.9
v -2.2 6.4 -3.8
v -2.2 6.4 -3.9
v -2.2 6.5 -3.8
v -2.2 6.5 -3.9
v -2.2 8.6 -3.8
v -2.2 8.6 -3.9
v -2.2 8.7 -3.8
v -2.2 8.7 -3.9
v -2.2 9 -3.8
v -2.2 9 -3.9
v -2.2 9.1 -3.8
v -2.2 9.1 -3.9
v -2.1 3.6 -3.8
v -2.1 3.6 -3.9
v -2.1 3.9 -3.8
v -2.1 3.9 -3.9
v -2.1 5.1 -3.8
v -2.1 5.1 -3.9
v -2.1 5.3 -3.8
v -2.1 5.3 -3.9
v -2.1 8.4 -3.8
v -2.1 8.4 -3.9
v -2.1 8.6 -3.8
v -2.1 8.6 -3.9
v -2.1 8.7 -3.8
v -2.1 8.7 -3.9
v -2.1 9 -3.8
v -2.1 9 -3.9
v -2 3.9 -3.8
v -2 3.9 -3.9
v -2 4 -3.8
v -2 4 -3.9
v -2 4.9 -3.8
v -2 4.9 -3.9
v -2 5 -3.7
v -2 5 -3.8
v -2 5.1 -3.7
v -2 5.1 -3.8
v -2 5.1 -3.9
v -2 6.5 -3.8
v -2 6.5 -3.9
v -2 6.6 -3.8
v -2 6.6 -3.9
v -2 8.2 -3.8
v -2 8.2 -3.9
v -2 8.4 -3.8
v -2 8.4 -3.9
v -2 9.1 -3.8
v -2 9.1 -3.9
v -2 9.2 -3.8
v -2 9.2 -3.9
v -1.9 4 -3.8
v -1.9 4 -3.9
v -1.9 4.2 -3.8
v -1.9 4.2 -3.9
v -1.9 4.7 -3.8
v -1.9 4.7 -3.9
v -1.9 4.9 -3.8
v -1.9 4.9 -3.9
v -1.9 9.2 -3.8
v -1.9 9.2 -3.9
v -1.9 9.3 -3.8
v -1.9 9.3 -3.9
v -1.8 4.2 -3.8
v -1.8 4.2 -3.9
v -1.8 4.4 -3.8
v -1.8 4.4 -3.9
v -1.8 4.5 -3.9
v -1.8 4.5 -4
v -1.8 4.6 -3.8
v -1.8 4.6 -3.9
v -1.8 4.6 -4
v -1.8 4.7 -3.8
v -1.8 4.7 -3.9
v -1.8 6.6 -3.8
v -1.8 6.6 -3.9
v -1.8 6.7 -3.8
v -1.8 6.7 -3.9
v -1.8 9.3 -3.8
v -1.8 9.3 -3.9
v -1.8 9.4 -3.8
v -1.8 9.4 -3.9
v -1.7 4.4 -3.9
v -1.7 4.4 -4
v -1.7 4.5 -3.9
v -1.7 4.5 -4
v -1.7 9.4 -3.8
v -1.7 9.4 -3.9
v -1.7 9.5 -3.8
v -1.7 9.5 -3.9
v -1.6 4.3 -3.8
v -1.6 4.3 -3.9
v -1.6 4.4 -3.8
v -1.6 4.4 -3.9
v -1.6 6.7 -3.8
v -1.6 6.7 -3.9
v -1.6 6.8 -3.8
v -1.6 6.8 -3.9
v -1.6 9.5 -3.8
v -1.6 9.5 -3.9
v -1.6 9.6 -3.8
v -1.6 9.6 -3.9
v -1.5 1.1 3
v -1.5 1.1 2.9
v -1.5 1.2 3
v -1.5 1.2 2.9
v -1.5 2.9 3
v -1.5 2.9 2.9
v -1.5 3 3
v -1.5 3 2.9
v -1.5 3.6 -3.8
v -1.5 3.6 -3.9
v -1.5 3.7 -3.8
v -1.5 3.7 -3.9
v -1.5 4.2 -3.8
v -1.5 4.2 -3.9
v -1.5 4.3 -3.8
v -1.5 4.3 -3.9
v -1.5 4.7 3
v -1.5 4.7 2.9
v -1.5 4.8 3
v -1.5 4.8 2.9
v -1.5 5.8 2.9
v -1.5 5.8 2.8
v -1.5 5.9 2.9
v -1.5 5.9 2.8
v -1.5 6.5 3
v -1.5 6.5 2.9
v -1.5 6.6 3
v -1.5 6.6 2.9
v -1.5 7.2 2.9
v -1.5 7.2 2.8
v -1.5 7.6 2.9
v -1.5 7.6 2.8
v -1.5 8.3 3
v -1.5 8.3 2.9
v -1.5 8.4 3
v -1.5 8.4 2.9
v -1.5 9.6 -3.8
v -1.5 9.6 -3.9
v -1.5 9.7 -3.8
v -1.5 9.7 -3.9
v -1.5 9.8 -3.9
v -1.5 9.8 -4
v -1.5 9.9 -3.9
v -1.5 9.9 -4
v -1.4 4.1 -3.8
v -1.4 4.1 -3.9
v -1.4 4.2 -3.8
v -1.4 4.2 -3.9
v -1.4 5.6 2.9
v -1.4 5.6 2.8
v -1.4 5.8 2.9
v -1.4 5.8 2.8
v -1.4 6.8 -3.8
v -1.4 6.8 -3.9
v -1.4 6.9 -3.8
v -1.4 6.9 -3.9
v -1.4 7.6 2.9
v -1.4 7.6 2.8
v -1.4 8 3
v -1.4 8 2.9
v -1.4 8 2.8
v -1.4 8.1 3
v -1.4 8.1 2.9
v -1.4 9.7 -3.8
v -1.4 9.7 -3.9
v -1.4 9.8 -3.8
v -1.4 9.8 -3.9
v -1.4 9.9 -3.9
v -1.4 9.9 -4
v -1.4 10 -3.9
v -1.4 10 -4
v -1.3 3.2 2.9
v -1.3 3.2 2.8
v -1.3 3.3 2.8
v -1.3 3.3 2.7
v -1.3 3.4 2.8
v -1.3 3.4 2.7
v -1.3 3.5 2.9
v -1.3 3.5 2.8
v -1.3 5.4 2.9
v -1.3 5.4 2.8
v -1.3 5.6 2.9
v -1.3 5.6 2.8
v -1.3 8.1 3
v -1.3 8.1 2.9
v -1.3 8.2 3
v -1.3 8.2 2.9
v -1.3 8.2 2.8
v -1.3 8.5 2.9
v -1.3 8.5 2.8
v -1.2 0.7 4
v -1.2 0.7 3.8
v -1.2 1.1 4
v -1.2 1.1 3.8
v -1.2 1.5 4
v -1.2 1.5 3.8
v -1.2 1.6 4
v -1.2 1.6 3.8
v -1.2 3.5 2.9
v -1.2 3.5 2.8
v -1.2 3.7 2.9
v -1.2 3.7 2.8
v -1.2 3.7 -3.8
v -1.2 3.7 -3.9
v -1.2 3.8 -3.8
v -1.2 3.8 -3.9
v -1.2 4 -3.8
v -1.2 4 -3.9
v -1.2 4.1 -3.8
v -1.2 4.1 -3.9
v -1.2 5.2 2.9
v -1.2 5.2 2.8
v -1.2 5.4 2.9
v -1.2 5.4 2.8
v -1.2 6.9 -3.8
v -1.2 6.9 -3.9
v -1.2 7 -3.8
v -1.2 7 -3.9
v -1.2 8.5 2.9
v -1.2 8.5 2.8
v -1.2 9.1 2.9
v -1.2 9.1 2.8
v -1.1 1.2 4.1
v -1.1 1.2 3.7
v -1.1 1.5 4.1
v -1.1 1.5 3.7
v -1.1 3.1 2.9
v -1.1 3.1 2.8
v -1.1 3.3 2.9
v -1.1 3.3 2.8
v -1.1 3.7 2.9
v -1.1 3.7 2.8
v -1.1 3.9 -3.8
v -1.1 3.9 -3.9
v -1.1 4 2.9
v -1.1 4 2.8
v -1.1 4 -3.8
v -1.1 4 -3.9
v -1.1 5 2.9
v -1.1 5 2.8
v -1.1 5.2 2.9
v -1.1 5.2 2.8
v -1.1 9.1 2.9
v -1.1 9.1 2.8
v -1.1 9.5 2.9
v -1.1 9.5 2.8
v -1 0.4 4.2
v -1 0.4 3.6
v -1 0.4 3.2
v -1 0.4 3.1
v -1 0.5 3.2
v -1 0.5 3.1
v -1 0.7 4.2
v -1 0.7 3.6
v -1 1 2.9
v -1 1 2.8
v -1 1.1 4.2
v -1 1.1 3.6
v -1 1.2 4.2
v -1 1.2 3.6
v -1 1.2 2.9
v -1 1.2 2.8
v -1 1.8 -3.8
v -1 1.8 -3.9
v -1 1.9 -3.8
v -1 1.9 -3.9
v -1 2.9 2.9
v -1 2.9 2.8
v -1 3.1 2.9
v -1 3.1 2.8
v -1 3.6 -3.8
v -1 3.6 -3.9
v -1 3.7 -3.7
v -1 3.7 -3.8
v -1 3.7 -3.9
v -1 3.8 -3.7
v -1 3.8 -3.8
v -1 3.8 -3.9
v -1 3.9 -3.8
v -1 3.9 -3.9
v -1 4 2.9
v -1 4 2.8
v -1 4.2 2.9
v -1 4.2 2.8
v -1 4.8 2.9
v -1 4.8 2.8
v -1 5 2.9
v -1 5 2.8
v -1 6.9 -3.7
v -1 6.9 -3.8
v -1 7 -3.7
v -1 7 -3.8
v -0.9 1.2 2.9
v -0.9 1.2 2.8
v -0.9 1.5 2.9
v -0.9 1.5 2.8
v -0.9 1.9 -3.8
v -0.9 1.9 -3.9
v -0.9 2 -3.8
v -0.9 2 -3.9
v -0.9 4.5 3
v -0.9 4.5 2.9
v -0.9 4.6 3
v -0.9 4.6 2.9
v -0.9 4.6 2.8
v -0.9 4.8 2.9
v -0.9 4.8 2.8
v -0.9 7 -3.8
v -0.9 7 -3.9
v -0.9 7.2 -3.8
v -0.9 7.2 -3.9
v -0.8 1.5 2.9
v -0.8 1.5 2.8
v -0.8 1.8 2.9
v -0.8 1.8 2.8
v -0.8 2 -3.8
v -0.8 2 -3.9
v -0.8 2.1 -3.8
v -0.8 2.1 -3.9
v -0.8 3.5 -3.8
v -0.8 3.5 -3.9
v -0.8 3.6 -3.8
v -0.8 3.6 -3.9
v -0.8 3.8 -3.8
v -0.8 3.8 -3.9
v -0.8 3.9 -3.8
v -0.8 3.9 -3.9
v -0.8 5 -3.8
v -0.8 5 -3.9
v -0.8 5.2 -3.8
v -0.8 5.2 -3.9
v -0.8 7.2 -3.8
v -0.8 7.2 -3.9
v -0.8 7.4 -3.8
v -0.8 7.4 -3.9
v -0.7 1.8 2.9
v -0.7 1.8 2.8
v -0.7 1.9 2.8
v -0.7 2 2.9
v -0.7 2 2.8
v -0.7 2.1 -3.8
v -0.7 2.1 -3.9
v -0.7 2.3 -3.8
v -0.7 2.3 -3.9
v -0.7 3.4 -3.8
v -0.7 3.4 -3.9
v -0.7 3.5 -3.8
v -0.7 3.5 -3.9
v -0.7 5.2 -3.8
v -0.7 5.2 -3.9
v -0.7 5.6 -3.8
v -0.7 5.6 -3.9
v -0.7 7.4 -3.8
v -0.7 7.4 -3.9
v -0.7 7.6 -3.8
v -0.7 7.6 -3.9
v -0.6 1 -3.8
v -0.6 1 -3.9
v -0.6 1.1 -3.8
v -0.6 1.1 -3.9
v -0.6 2.3 -3.8
v -0.6 2.3 -3.9
v -0.6 2.4 -3.8
v -0.6 2.4 -3.9
v -0.6 3.1 3.1
v -0.6 3.1 3
v -0.6 3.2 3.3
v -0.6 3.2 3.2
v -0.6 3.2 3.1
v -0.6 3.2 3
v -0.6 3.3 3.3
v -0.6 3.3 3.1
v -0.6 3.3 -3.8
v -0.6 3.3 -3.9
v -0.6 3.4 -3.8
v -0.6 3.4 -3.9
v -0.6 5.6 -3.8
v -0.6 5.6 -3.9
v -0.6 5.9 -3.8
v -0.6 5.9 -3.9
v -0.6 6.7 3.4
v -0.6 6.7 3.3
v -0.6 6.7 3.1
v -0.6 6.7 3
v -0.6 6.8 3.4
v -0.6 6.8 3.3
v -0.6 6.8 3.2
v -0.6 6.8 3.1
v -0.6 6.8 3
v -0.6 6.9 3.3
v -0.6 6.9 3.2
v -0.6 7.6 -3.8
v -0.6 7.6 -3.9
v -0.6 7.8 -3.8
v -0.6 7.8 -3.9
v -0.6 8.2 -3.8
v -0.6 8.2 -3.9
v -0.6 8.3 -3.8
v -0.6 8.3 -3.9
v -0.6 8.5 3.3
v -0.6 8.5 3.2
v -0.6 8.5 3.1
v -0.6 8.5 3
v -0.6 8.6 3.4
v -0.6 8.6 3.3
v -0.6 8.6 3.2
v -0.6 8.6 3.1
v -0.6 8.6 3
v -0.6 8.7 3.4
v -0.6 8.7 3.2
v -0.5 1.1 -3.8
v -0.5 1.1 -3.9
v -0.5 1.2 -3.8
v -0.5 1.2 -3.9
v -0.5 2 -3.8
v -0.5 2 -3.9
v -0.5 2.1 -3.8
v -0.5 2.1 -3.9
v -0.5 2.4 -3.8
v -0.5 2.4 -3.9
v -0.5 2.5 -3.8
v -0.5 2.5 -3.9
v -0.5 2.8 3.3
v -0.5 2.8 3.1
v -0.5 3 3.3
v -0.5 3 3.1
v -0.5 3 2.9
v -0.5 3.1 3.2
v -0.5 3.1 3.1
v -0.5 3.1 2.9
v -0.5 3.2 3.2
v -0.5 3.2 3.1
v -0.5 3.2 -3.8
v -0.5 3.2 -3.9
v -0.5 3.3 -3.8
v -0.5 3.3 -3.9
v -0.5 4.6 3.3
v -0.5 4.6 3.1
v -0.5 4.8 3.4
v -0.5 4.8 3.3
v -0.5 4.8 3.1
v -0.5 4.8 2.9
v -0.5 4.9 3.4
v -0.5 4.9 3.3
v -0.5 4.9 3.1
v -0.5 4.9 2.9
v -0.5 5 3.4
v -0.5 5 3.3
v -0.5 5 3.2
v -0.5 5.1 3.2
v -0.5 5.1 3.1
v -0.5 5.2 -3.8
v -0.5 5.2 -3.9
v -0.5 5.4 -3.8
v -0.5 5.4 -3.9
v -0.5 5.9 -3.8
v -0.5 5.9 -3.9
v -0.5 6.1 -3.8
v -0.5 6.1 -3.9
v -0.5 6.4 3.3
v -0.5 6.4 3.1
v -0.5 6.6 3.4
v -0.5 6.6 3.3
v -0.5 6.6 3.1
v -0.5 6.6 2.9
v -0.5 6.7 3.4
v -0.5 6.7 3.3
v -0.5 6.7 3.1
v -0.5 6.7 2.9
v -0.5 6.8 3.3
v -0.5 6.8 3.1
v -0.5 7.8 -3.8
v -0.5 7.8 -3.9
v -0.5 8 -3.8
v -0.5 8 -3.9
v -0.5 8.1 -3.9
v -0.5 8.1 -4
v -0.5 8.2 3.3
v -0.5 8.2 3.1
v -0.5 8.2 -3.9
v -0.5 8.2 -4
v -0.5 8.4 3.3
v -0.5 8.4 3.1
v -0.5 8.4 2.9
v -0.5 8.5 3.2
v -0.5 8.5 3.1
v -0.5 8.5 2.9
v -0.5 8.6 3.2
v -0.5 8.6 3.1
v -0.5 8.7 3.2
v -0.5 8.7 3.1
v -0.4 0.4 4.1
v -0.4 0.4 3.9
v -0.4 0.6 3.9
v -0.4 0.6 3.6
v -0.4 0.8 4.1
v -0.4 0.8 3.8
v -0.4 0.8 3.6
v -0.4 0.8 3.3
v -0.4 0.9 3.5
v -0.4 0.9 3.4
v -0.4 1 3.8
v -0.4 1 3.5
v -0.4 1 3.4
v -0.4 1 3.3
v -0.4 1 2.7
v -0.4 1.2 3.5
v -0.4 1.2 2.9
v -0.4 1.8 -3.8
v -0.4 1.8 -3.9
v -0.4 2 -3.8
v -0.4 2 -3.9
v -0.4 2.4 2.9
v -0.4 2.4 2.7
v -0.4 2.5 -3.8
v -0.4 2.5 -3.9
v -0.4 2.6 -3.8
v -0.4 2.6 -3.9
v -0.4 2.8 2.9
v -0.4 2.8 2.7
v -0.4 4.2 2.9
v -0.4 4.2 2.7
v -0.4 4.6 2.9
v -0.4 4.6 2.7
v -0.4 5.1 -3.8
v -0.4 5.1 -3.9
v -0.4 5.2 -3.8
v -0.4 5.2 -3.9
v -0.4 6 2.9
v -0.4 6 2.7
v -0.4 6.4 2.9
v -0.4 6.4 2.7
v -0.4 7.8 2.9
v -0.4 7.8 2.7
v -0.4 8 -3.9
v -0.4 8 -4
v -0.4 8.1 -3.9
v -0.4 8.1 -4
v -0.4 8.2 2.9
v -0.4 8.2 2.7
v -0.4 9.6 2.9
v -0.4 9.6 2.7
v -0.4 10 -1.9
v -0.4 10 -2
v -0.4 11.2 -1.9
v -0.4 11.2 -2
v -0.3 0.4 3
v -0.3 0.4 2.9
v -0.3 0.5 3
v -0.3 0.5 2.9
v -0.3 0.9 3.5
v -0.3 0.9 3.4
v -0.3 1 3.5
v -0.3 1 3.4
v -0.3 1.2 -3.8
v -0.3 1.2 -3.9
v -0.3 1.3 -3.8
v -0.3 1.3 -3.9
v -0.3 1.7 -3.8
v -0.3 1.7 -3.9
v -0.3 1.8 -3.8
v -0.3 1.8 -3.9
v -0.3 3.1 -3.8
v -0.3 3.1 -3.9
v -0.3 3.2 -3.8
v -0.3 3.2 -3.9
v -0.3 3.9 -3.8
v -0.3 3.9 -3.9
v -0.3 4 -3.8
v -0.3 4 -3.9
v -0.3 4.9 -3.8
v -0.3 4.9 -3.9
v -0.3 5.1 -3.8
v -0.3 5.1 -3.9
v -0.3 7.6 -3.8
v -0.3 7.6 -3.9
v -0.3 7.8 -3.8
v -0.3 7.8 -3.9
v -0.2 0.8 3.4
v -0.2 0.8 3.3
v -0.2 0.9 3.4
v -0.2 0.9 3.3
v -0.2 1.6 -3.8
v -0.2 1.6 -3.9
v -0.2 1.7 -3.8
v -0.2 1.7 -3.9
v -0.2 3 -3.8
v -0.2 3 -3.9
v -0.2 3.1 -3.8
v -0.2 3.1 -3.9
v -0.2 4.7 -3.8
v -0.2 4.7 -3.9
v -0.2 4.9 2.7
v -0.2 4.9 2.6
v -0.2 4.9 -3.8
v -0.2 4.9 -3.9
v -0.2 5 2.7
v -0.2 5 2.6
v -0.2 6.6 3.4
v -0.2 6.6 3.3
v -0.2 6.7 3.4
v -0.2 6.7 3.3
v -0.2 6.7 3.2
v -0.2 6.7 3.1
v -0.2 6.8 3.3
v -0.2 6.8 3.2
v -0.2 6.8 3.1
v -0.2 6.9 3.3
v -0.2 6.9 3.2
v -0.2 7.4 -3.8
v -0.2 7.4 -3.9
v -0.2 7.6 -3.8
v -0.2 7.6 -3.9
v -0.2 8.4 3.4
v -0.2 8.4 3.3
v -0.2 8.5 3.4
v -0.2 8.5 3.3
v -0.2 8.5 3.2
v -0.2 8.5 3.1
v -0.2 8.6 3.2
v -0.2 8.6 3.1
v -0.0999999 1 3.2
v -0.0999999 1 3.1
v -0.0999999 1.1 3.2
v -0.0999999 1.1 3.1
v -0.0999999 1.3 -3.8
v -0.0999999 1.3 -3.9
v -0.0999999 1.6 -3.8
v -0.0999999 1.6 -3.9
v -0.0999999 2.8 3.3
v -0.0999999 2.8 3.1
v -0.0999999 2.9 -3.8
v -0.0999999 2.9 -3.9
v -0.0999999 3 3.3
v -0.0999999 3 3.1
v -0.0999999 3 -3.8
v -0.0999999 3 -3.9
v -0.0999999 4.6 3.3
v -0.0999999 4.6 3.1
v -0.0999999 4.6 -3.8
v -0.0999999 4.6 -3.9
v -0.0999999 4.7 -3.8
v -0.0999999 4.7 -3.9
v -0.0999999 4.8 3.3
v -0.0999999 4.8 3.1
v -0.0999999 6.4 3.3
v -0.0999999 6.4 3.1
v -0.0999999 6.6 3.3
v -0.0999999 6.6 3.1
v -0.0999999 6.8 3.4
v -0.0999999 6.8 3.3
v -0.0999999 6.9 3.4
v -0.0999999 6.9 3.3
v -0.0999999 7.2 -3.8
v -0.0999999 7.2 -3.9
v -0.0999999 7.4 -3.8
v -0.0999999 7.4 -3.9
v -0.0999999 8.2 3.3
v -0.0999999 8.2 3.1
v -0.0999999 8.4 3.3
v -0.0999999 8.4 3.1
v -0.0999999 8.6 3.3
v -0.0999999 8.6 3.2
v -0.0999999 8.7 3.3
v -0.0999999 8.7 3.2
v 0 0.8 3.4
v 0 0.8 3.3
v 0 0.9 3.4
v 0 0.9 3.3
v 0 1 3.4
v 0 1 3.3
v 0 1 3.1
v 0 1 3
v 0 1.1 3.1
v 0 1.1 3
v 0 2.7 -3.9
v 0 2.7 -4
v 0 2.8 -3.8
v 0 2.8 -3.9
v 0 2.8 -4
v 0 2.9 -3.8
v 0 2.9 -3.9
v 0 3.2 3.3
v 0 3.2 3.2
v 0 3.3 3.3
v 0 3.3 3.2
v 0 4.8 3.3
v 0 4.8 3.2
v 0 4.9 3.3
v 0 4.9 3.2
v 0 6.7 3.4
v 0 6.7 3.3
v 0 6.8 3.4
v 0 6.8 3.3
v 0 7 -3.8
v 0 7 -3.9
v 0 7.2 -3.8
v 0 7.2 -3.9
v 0 8.5 3.4
v 0 8.5 3.3
v 0 8.6 3.4
v 0 8.6 3.3
v 0 10.5 -1.9
v 0 10.5 -2
v 0 10.6 -1.9
v 0 10.6 -2
v 0.1 1 -3.8
v 0.1 1 -3.9
v 0.1 1.1 -3.8
v 0.1 1.1 -3.9
v 0.1 3.1 3.3
v 0.1 3.1 3.1
v 0.1 3.2 3.3
v 0.1 3.2 3.1
v 0.1 4 -3.8
v 0.1 4 -3.9
v 0.1 4.1 -3.8
v 0.1 4.1 -3.9
v 0.1 6.6 3.4
v 0.1 6.6 3.3
v 0.1 6.7 3.4
v 0.1 6.7 3.3
v 0.1 6.7 3.2
v 0.1 6.8 3.3
v 0.1 6.8 3.2
v 0.1 6.8 -3.8
v 0.1 6.8 -3.9
v 0.1 6.9 3.3
v 0.1 6.9 3.2
v 0.1 7 -3.8
v 0.1 7 -3.9
v 0.1 8.4 3.4
v 0.1 8.4 3.3
v 0.1 8.5 3.4
v 0.1 8.5 3.3
v 0.1 8.5 3.2
v 0.1 8.6 3.3
v 0.1 8.6 3.2
v 0.2 1 3.1
v 0.2 1 3
v 0.2 1 2.9
v 0.2 1.1 3.1
v 0.2 1.1 3
v 0.2 1.1 2.9
v 0.2 1.1 -3.8
v 0.2 1.1 -3.9
v 0.2 1.3 -3.8
v 0.2 1.3 -3.9
v 0.2 3 3.4
v 0.2 3 3.3
v 0.2 3.1 3.4
v 0.2 3.1 3.3
v 0.2 6.6 -3.8
v 0.2 6.6 -3.9
v 0.2 6.8 -3.8
v 0.2 6.8 -3.9
v 0.2 7.7 2.7
v 0.2 7.7 2.6
v 0.2 7.8 2.7
v 0.2 7.8 2.6
v 0.3 1.3 -3.8
v 0.3 1.3 -3.9
v 0.3 1.5 -3.8
v 0.3 1.5 -3.9
v 0.3 6.3 -3.9
v 0.3 6.3 -4
v 0.3 6.4 -3.8
v 0.3 6.4 -3.9
v 0.3 6.4 -4
v 0.3 6.6 -3.8
v 0.3 6.6 -3.9
v 0.3 8.4 3.4
v 0.3 8.4 3.3
v 0.3 8.5 3.4
v 0.3 8.5 3.3
v 0.4 0.8 3.4
v 0.4 0.8 3.3
v 0.4 0.9 3.4
v 0.4 0.9 3.3
v 0.4 1.5 -3.8
v 0.4 1.5 -3.9
v 0.4 1.6 -3.8
v 0.4 1.6 -3.9
v 0.4 2.8 3.3
v 0.4 2.8 3.1
v 0.4 3 3.3
v 0.4 3 3.1
v 0.4 4.6 3.3
v 0.4 4.6 3.1
v 0.4 4.8 3.3
v 0.4 4.8 3.1
v 0.4 6.4 3.3
v 0.4 6.4 3.1
v 0.4 6.6 3.4
v 0.4 6.6 3.3
v 0.4 6.6 3.1
v 0.4 6.7 3.4
v 0.4 6.7 3.3
v 0.4 6.7 3.1
v 0.4 6.8 3.3
v 0.4 6.8 3.2
v 0.4 6.8 3.1
v 0.4 6.9 3.3
v 0.4 6.9 3.2
v 0.4 8.2 3.3
v 0.4 8.2 3.1
v 0.4 8.4 3.3
v 0.4 8.4 3.1
v 0.4 8.5 3.4
v 0.4 8.5 3.3
v 0.4 8.5 3.2
v 0.4 8.6 3.4
v 0.4 8.6 3.3
v 0.4 8.6 3.2
v 0.4 8.6 3.1
v 0.4 8.7 3.4
v 0.4 8.7 3.3
v 0.4 8.7 3.2
v 0.4 8.7 3.1
v 0.4 10.5 -1.9
v 0.4 10.5 -2
v 0.4 10.6 -1.9
v 0.4 10.6 -2
v 0.5 1.6 -3.8
v 0.5 1.6 -3.9
v 0.5 1.8 -3.8
v 0.5 1.8 -3.9
v 0.5 3.1 3.3
v 0.5 3.1 3.2
v 0.5 3.2 3.3
v 0.5 3.2 3.2
v 0.5 7.8 2.9
v 0.5 7.8 2.8
v 0.5 7.9 2.9
v 0.5 7.9 2.8
v 0.5 8.5 3.2
v 0.5 8.5 3.1
v 0.5 8.6 3.2
v 0.5 8.6 3.1
v 0.6 1.2 3.4
v 0.6 1.2 3.3
v 0.6 1.3 3.4
v 0.6 1.3 3.3
v 0.6 1.8 -3.8
v 0.6 1.8 -3.9
v 0.6 2 -3.8
v 0.6 2 -3.9
v 0.6 7.9 3.1
v 0.6 7.9 2.9
v 0.6 8 3.1
v 0.6 8 2.9
v 0.7 0.4 4.1
v 0.7 0.4 3
v 0.7 0.8 4.1
v 0.7 0.8 3.8
v 0.7 1 3.8
v 0.7 1 3.5
v 0.7 1 3
v 0.7 1 2.9
v 0.7 1.2 3.5
v 0.7 1.2 2.9
v 0.7 2 -3.8
v 0.7 2 -3.9
v 0.7 2.1 -3.8
v 0.7 2.1 -3.9
v 0.7 2.5 3.2
v 0.7 2.5 2.9
v 0.7 2.6 3.2
v 0.7 2.6 2.9
v 0.7 3.1 3.4
v 0.7 3.1 3.3
v 0.7 3.2 3.4
v 0.7 3.2 3.3
v 0.7 4.3 3.2
v 0.7 4.3 2.9
v 0.7 4.4 3.2
v 0.7 4.4 2.9
v 0.7 4.8 3.4
v 0.7 4.8 3.3
v 0.7 4.9 3.4
v 0.7 4.9 3.3
v 0.7 4.9 3.2
v 0.7 5 3.4
v 0.7 5 3.3
v 0.7 5 3.2
v 0.7 6.1 3.2
v 0.7 6.1 2.9
v 0.7 6.2 3.2
v 0.7 6.2 2.9
v 0.7 6.7 3.1
v 0.7 6.7 3
v 0.7 6.8 3.4
v 0.7 6.8 3.3
v 0.7 6.8 3.1
v 0.7 6.8 3
v 0.7 6.9 3.4
v 0.7 6.9 3.3
v 0.7 7.9 3.2
v 0.7 7.9 3.1
v 0.7 8 3.2
v 0.7 8 3.1
v 0.7 8 3
v 0.7 8.1 3.1
v 0.7 8.1 3
v 0.7 9.7 3.2
v 0.7 9.7 2.9
v 0.7 9.8 3.2
v 0.7 9.8 2.9
v 0.7 10 -1.9
v 0.7 10 -2
v 0.7 11.3 -1.9
v 0.7 11.3 -2
v 0.8 0.9 3
v 0.8 0.9 2.9
v 0.8 1 3
v 0.8 1 2.9
v 0.8 1 2.8
v 0.8 1.1 2.9
v 0.8 1.1 2.8
v 0.8 2.1 -3.8
v 0.8 2.1 -3.9
v 0.8 2.3 -3.8
v 0.8 2.3 -3.9
v 0.8 2.6 3.3
v 0.8 2.6 3
v 0.8 2.8 3.3
v 0.8 2.8 3.1
v 0.8 2.8 3
v 0.8 3 3.2
v 0.8 3 3.1
v 0.8 3 2.9
v 0.8 3.1 3.3
v 0.8 3.1 3.2
v 0.8 3.1 3.1
v 0.8 3.1 3
v 0.8 3.1 2.9
v 0.8 3.2 3.3
v 0.8 3.2 3.2
v 0.8 3.2 3.1
v 0.8 3.2 3
v 0.8 3.3 3.2
v 0.8 3.3 3.1
v 0.8 4.4 3.3
v 0.8 4.4 3
v 0.8 4.6 3.3
v 0.8 4.6 3.1
v 0.8 4.6 3
v 0.8 4.8 3.2
v 0.8 4.8 3.1
v 0.8 4.8 2.9
v 0.8 4.9 3.3
v 0.8 4.9 3.2
v 0.8 4.9 3.1
v 0.8 4.9 3
v 0.8 4.9 2.9
v 0.8 5 3.2
v 0.8 5 3.1
v 0.8 5 3
v 0.8 5.1 3.2
v 0.8 5.1 3.1
v 0.8 6.2 3.3
v 0.8 6.2 3
v 0.8 6.4 3.3
v 0.8 6.4 3.1
v 0.8 6.4 3
v 0.8 6.6 3.4
v 0.8 6.6 3.3
v 0.8 6.6 3.2
v 0.8 6.6 3.1
v 0.8 6.6 2.9
v 0.8 6.7 3.4
v 0.8 6.7 3.3
v 0.8 6.7 3.2
v 0.8 6.7 3.1
v 0.8 6.7 2.9
v 0.8 6.8 3.4
v 0.8 6.8 3.3
v 0.8 6.8 3.2
v 0.8 6.8 3.1
v 0.8 6.9 3.2
v 0.8 6.9 3.1
v 0.8 8 3.3
v 0.8 8 3.1
v 0.8 8 3
v 0.8 8 2.9
v 0.8 8.1 3.1
v 0.8 8.1 3
v 0.8 8.1 2.9
v 0.8 8.2 3.3
v 0.8 8.2 3.1
v 0.8 8.2 3
v 0.8 8.2 2.9
v 0.8 8.2 2.8
v 0.8 8.3 2.9
v 0.8 8.3 2.8
v 0.8 8.4 3.2
v 0.8 8.4 3.1
v 0.8 8.4 2.9
v 0.8 8.5 3.3
v 0.8 8.5 3.2
v 0.8 8.5 3.1
v 0.8 8.5 2.9
v 0.8 8.6 3.3
v 0.8 8.6 3.2
v 0.8 8.6 3.1
v 0.8 8.6 2.9
v 0.8 8.7 3.3
v 0.8 8.7 3.2
v 0.8 9.2 2.9
v 0.8 9.2 2.8
v 0.8 9.4 2.9
v 0.8 9.4 2.8
v 0.8 9.7 -3.8
v 0.8 9.7 -3.9
v 0.8 9.8 3.3
v 0.8 9.8 3
v 0.8 9.8 -3.8
v 0.8 9.8 -3.9
v 0.8 9.8 -4
v 0.8 9.9 -3.9
v 0.8 9.9 -4
v 0.8 10 3.3
v 0.8 10 3
v 0.9 1.1 2.9
v 0.9 1.1 2.8
v 0.9 1.3 2.9
v 0.9 1.3 2.8
v 0.9 2.3 -3.8
v 0.9 2.3 -3.9
v 0.9 2.5 -3.8
v 0.9 2.5 -3.9
v 0.9 3 3.2
v 0.9 3 3.1
v 0.9 3.1 3.2
v 0.9 3.1 3.1
v 0.9 4.8 3.2
v 0.9 4.8 3.1
v 0.9 4.9 3.2
v 0.9 4.9 3.1
v 0.9 6.6 3.2
v 0.9 6.6 3.1
v 0.9 6.7 3.3
v 0.9 6.7 3.2
v 0.9 6.7 3.1
v 0.9 6.8 3.3
v 0.9 6.8 3.2
v 0.9 8.1 3
v 0.9 8.1 2.9
v 0.9 8.2 3
v 0.9 8.2 2.9
v 0.9 8.3 2.9
v 0.9 8.3 2.8
v 0.9 8.4 3.2
v 0.9 8.4 3.1
v 0.9 8.4 2.9
v 0.9 8.4 2.8
v 0.9 8.5 3.3
v 0.9 8.5 3.2
v 0.9 8.6 3.3
v 0.9 8.6 3.2
v 0.9 8.6 3.1
v 0.9 9 2.9
v 0.9 9 2.8
v 0.9 9.2 2.9
v 0.9 9.2 2.8
v 0.9 9.6 -3.8
v 0.9 9.6 -3.9
v 0.9 9.7 -3.8
v 0.9 9.7 -3.9
v 0.9 10 -2
v 0.9 10 -3.6
v 0.9 11.6 -2
v 0.9 11.6 -3.6
v 1 1.3 2.9
v 1 1.3 2.8
v 1 1.4 2.9
v 1 1.4 2.8
v 1 2.5 -3.8
v 1 2.5 -3.9
v 1 2.6 -3.8
v 1 2.6 -3.9
v 1 2.8 -3.8
v 1 2.8 -3.9
v 1 3 -3.8
v 1 3 -3.9
v 1 3.2 2.9
v 1 3.2 2.8
v 1 3.5 2.9
v 1 3.5 2.8
v 1 6.1 2.9
v 1 6.1 2.8
v 1 6.2 2.9
v 1 6.2 2.8
v 1 8.4 2.9
v 1 8.4 2.8
v 1 8.5 2.9
v 1 8.5 2.8
v 1 8.8 2.9
v 1 8.8 2.8
v 1 9 2.9
v 1 9 2.8
v 1 9.5 -3.8
v 1 9.5 -3.9
v 1 9.6 -3.8
v 1 9.6 -3.9
v 1 11.7 -1.9
v 1 11.7 -3.7
v 1 11.8 -1.9
v 1 11.8 -3.7
v 1.1 1.4 2.9
v 1.1 1.4 2.8
v 1.1 1.5 2.9
v 1.1 1.5 2.8
v 1.1 3 -3.8
v 1.1 3 -3.9
v 1.1 3.3 -3.8
v 1.1 3.3 -3.9
v 1.1 3.5 2.9
v 1.1 3.5 2.8
v 1.1 4 2.9
v 1.1 4 2.8
v 1.1 6 2.9
v 1.1 6 2.8
v 1.1 6.1 2.9
v 1.1 6.1 2.8
v 1.1 8.5 2.9
v 1.1 8.5 2.8
v 1.1 8.8 2.9
v 1.1 8.8 2.8
v 1.1 9.4 -3.8
v 1.1 9.4 -3.9
v 1.1 9.5 -3.8
v 1.1 9.5 -3.9
v 1.1 11.6 -0.9
v 1.1 11.6 -3.8
v 1.1 11.7 -0.9
v 1.1 11.7 -3.8
v 1.2 1.5 2.9
v 1.2 1.5 2.8
v 1.2 1.7 2.9
v 1.2 1.7 2.8
v 1.2 3.3 -3.8
v 1.2 3.3 -3.9
v 1.2 3.5 -3.8
v 1.2 3.5 -3.9
v 1.2 4 2.9
v 1.2 4 2.8
v 1.2 4.3 2.9
v 1.2 4.3 2.8
v 1.2 4.6 -3.8
v 1.2 4.6 -3.9
v 1.2 4.7 -3.8
v 1.2 4.7 -3.9
v 1.2 5.9 2.9
v 1.2 5.9 2.8
v 1.2 6 2.9
v 1.2 6 2.8
v 1.2 8.3 -3.8
v 1.2 8.3 -3.9
v 1.2 8.4 -3.8
v 1.2 8.4 -3.9
v 1.3 1.7 2.9
v 1.3 1.7 2.8
v 1.3 1.8 2.9
v 1.3 1.8 2.8
v 1.3 3.5 -3.8
v 1.3 3.5 -3.9
v 1.3 3.8 -3.8
v 1.3 3.8 -3.9
v 1.3 4.7 -3.8
v 1.3 4.7 -3.9
v 1.3 4.8 -3.8
v 1.3 4.8 -3.9
v 1.3 5.8 2.9
v 1.3 5.8 2.8
v 1.3 5.9 2.9
v 1.3 5.9 2.8
v 1.3 8.3 2.9
v 1.3 8.3 2.8
v 1.3 8.4 -3.8
v 1.3 8.4 -3.9
v 1.3 8.5 2.9
v 1.3 8.5 2.8
v 1.3 8.5 -3.8
v 1.3 8.5 -3.9
v 1.3 8.7 2.9
v 1.3 8.7 2.8
v 1.3 8.8 2.9
v 1.3 8.8 2.8
v 1.3 8.8 -3.8
v 1.3 8.8 -3.9
v 1.3 9.4 -3.8
v 1.3 9.4 -3.9
v 1.4 1.7 -3.8
v 1.4 1.7 -3.9
v 1.4 1.8 -3.8
v 1.4 1.8 -3.9
v 1.4 3.1 -3.8
v 1.4 3.1 -3.9
v 1.4 3.2 -3.8
v 1.4 3.2 -3.9
v 1.4 3.8 -3.8
v 1.4 3.8 -3.9
v 1.4 4.1 -3.8
v 1.4 4.1 -3.9
v 1.4 5.7 2.9
v 1.4 5.7 2.8
v 1.4 5.8 2.9
v 1.4 5.8 2.8
v 1.4 8.2 2.9
v 1.4 8.2 2.8
v 1.4 8.3 2.9
v 1.4 8.3 2.8
v 1.4 8.5 -3.8
v 1.4 8.5 -3.9
v 1.4 8.6 -3.8
v 1.4 8.6 -3.9
v 1.4 8.8 2.9
v 1.4 8.8 2.8
v 1.4 8.9 2.9
v 1.4 8.9 2.8
v 1.5 0.7 4
v 1.5 0.7 3.8
v 1.5 1.1 4
v 1.5 1.1 3.8
v 1.5 1.5 4
v 1.5 1.5 3.8
v 1.5 1.6 4
v 1.5 1.6 3.8
v 1.5 1.6 -3.8
v 1.5 1.6 -3.9
v 1.5 1.7 -3.8
v 1.5 1.7 -3.9
v 1.5 4.1 -3.8
v 1.5 4.1 -3.9
v 1.5 4.3 -3.8
v 1.5 4.3 -3.9
v 1.5 4.8 -3.8
v 1.5 4.8 -3.9
v 1.5 4.9 -3.8
v 1.5 4.9 -3.9
v 1.5 5.6 2.9
v 1.5 5.6 2.8
v 1.5 5.7 2.9
v 1.5 5.7 2.8
v 1.5 7.8 2.9
v 1.5 7.8 2.8
v 1.5 8 2.9
v 1.5 8 2.8
v 1.5 8.1 3
v 1.5 8.1 2.9
v 1.5 8.2 3
v 1.5 8.2 2.9
v 1.5 8.6 -3.8
v 1.5 8.6 -3.9
v 1.5 8.8 -3.8
v 1.5 8.8 -3.9
v 1.5 8.9 2.9
v 1.5 8.9 2.8
v 1.5 9 2.9
v 1.5 9 2.8
v 1.5 9.1 -3.8
v 1.5 9.1 -3.9
v 1.5 9.2 -3.8
v 1.5 9.2 -3.9
v 1.6 1.2 4.1
v 1.6 1.2 3.7
v 1.6 1.5 4.1
v 1.6 1.5 3.7
v 1.6 1.5 -3.8
v 1.6 1.5 -3.9
v 1.6 1.6 -3.8
v 1.6 1.6 -3.9
v 1.6 1.8 -3.8
v 1.6 1.8 -3.9
v 1.6 1.9 -3.8
v 1.6 1.9 -3.9
v 1.6 4.9 -3.8
v 1.6 4.9 -3.9
v 1.6 5 -3.8
v 1.6 5 -3.9
v 1.6 5.5 2.9
v 1.6 5.5 2.8
v 1.6 5.6 2.9
v 1.6 5.6 2.8
v 1.6 7.6 2.9
v 1.6 7.6 2.8
v 1.6 7.8 2.9
v 1.6 7.8 2.8
v 1.6 8 3
v 1.6 8 2.9
v 1.6 8.1 3
v 1.6 8.1 2.9
v 1.6 8.5 -3.8
v 1.6 8.5 -3.9
v 1.6 8.6 -3.8
v 1.6 8.6 -3.9
v 1.6 9 2.9
v 1.6 9 2.8
v 1.6 9 -3.8
v 1.6 9 -3.9
v 1.6 9.1 -3.8
v 1.6 9.1 -3.9
v 1.6 9.2 2.9
v 1.6 9.2 2.8
v 1.7 0.4 4.2
v 1.7 0.4 3.6
v 1.7 0.7 4.2
v 1.7 0.7 3.6
v 1.7 1.1 4.2
v 1.7 1.1 3.6
v 1.7 1.2 4.2
v 1.7 1.2 3.6
v 1.7 1.2 2.9
v 1.7 1.2 2.8
v 1.7 2.3 2.9
v 1.7 2.3 2.8
v 1.7 3 2.9
v 1.7 3 2.8
v 1.7 3.2 -3.8
v 1.7 3.2 -3.9
v 1.7 3.4 -3.8
v 1.7 3.6 -3.8
v 1.7 3.6 -3.9
v 1.7 4.1 2.9
v 1.7 4.1 2.8
v 1.7 4.8 2.9
v 1.7 4.8 2.8
v 1.7 5.5 2.9
v 1.7 5.5 2.8
v 1.7 5.6 2.9
v 1.7 5.6 2.8
v 1.7 5.9 2.9
v 1.7 5.9 2.8
v 1.7 6.6 2.9
v 1.7 6.6 2.8
v 1.7 7.5 2.8
v 1.7 7.5 2.7
v 1.7 7.6 2.9
v 1.7 7.6 2.8
v 1.7 7.6 2.7
v 1.7 8.4 2.9
v 1.7 8.4 2.8
v 1.7 8.9 -3.8
v 1.7 8.9 -3.9
v 1.7 9 2.9
v 1.7 9 2.8
v 1.7 9 -3.8
v 1.7 9 -3.9
v 1.7 9.1 2.8
v 1.7 9.1 2.7
v 1.7 9.2 2.9
v 1.7 9.2 2.8
v 1.7 9.2 2.7
v 1.7 9.5 2.9
v 1.7 9.5 2.8
v 1.8 0.9 -3.9
v 1.8 0.9 -4
v 1.8 1 -3.9
v 1.8 1 -4
v 1.8 1.4 -3.8
v 1.8 1.4 -3.9
v 1.8 1.5 -3.8
v 1.8 1.5 -3.9
v 1.8 1.9 -3.8
v 1.8 1.9 -3.9
v 1.8 2 -3.8
v 1.8 2 -3.9
v 1.8 5 -3.8
v 1.8 5 -3.9
v 1.8 5.1 -3.8
v 1.8 5.1 -3.9
v 1.8 9.2 2.8
v 1.8 9.2 2.7
v 1.8 9.4 2.8
v 1.8 9.4 2.7
v 1.9 5.1 -3.8
v 1.9 5.1 -3.9
v 1.9 5.2 -3.8
v 1.9 5.2 -3.9
v 1.9 8.8 -3.8
v 1.9 8.8 -3.9
v 1.9 8.9 -3.8
v 1.9 8.9 -3.9
v 1.9 9.4 2.8
v 1.9 9.4 2.7
v 1.9 9.5 2.8
v 1.9 9.5 2.7
v 2 1 -3.8
v 2 1 -3.9
v 2 1.1 -3.8
v 2 1.1 -3.9
v 2 1.3 -3.8
v 2 1.3 -3.9
v 2 1.4 -3.8
v 2 1.4 -3.9
v 2 2 -3.8
v 2 2 -3.9
v 2 2.1 -3.8
v 2 2.1 -3.9
v 2 5.2 -3.8
v 2 5.2 -3.9
v 2 5.3 -3.8
v 2 5.3 -3.9
v 2 8.7 -3.8
v 2 8.7 -3.9
v 2 8.8 -3.8
v 2 8.8 -3.9
v 2.1 1.1 -3.8
v 2.1 1.1 -3.9
v 2.1 1.2 -3.8
v 2.1 1.2 -3.9
v 2.1 6.1 -3.8
v 2.1 6.1 -3.9
v 2.1 6.2 -3.8
v 2.1 6.2 -3.9
v 2.1 8.6 -3.8
v 2.1 8.6 -3.9
v 2.1 8.7 -3.8
v 2.1 8.7 -3.9
v 2.2 1.2 -3.8
v 2.2 1.2 -3.9
v 2.2 1.3 -3.8
v 2.2 1.3 -3.9
v 2.2 2.1 -3.8
v 2.2 2.1 -3.9
v 2.2 2.2 -3.8
v 2.2 2.2 -3.9
v 2.2 5.3 -3.8
v 2.2 5.3 -3.9
v 2.2 5.4 -3.8
v 2.2 5.4 -3.9
v 2.2 6 -3.8
v 2.2 6 -3.9
v 2.2 6.1 -3.8
v 2.2 6.1 -3.9
v 2.2 8.5 -3.8
v 2.2 8.5 -3.9
v 2.2 8.6 -3.8
v 2.2 8.6 -3.9
v 2.3 4.3 -3.8
v 2.3 4.3 -3.9
v 2.3 4.4 -3.8
v 2.3 4.4 -3.9
v 2.3 5.4 -3.8
v 2.3 5.4 -3.9
v 2.3 5.5 -3.8
v 2.3 5.5 -3.9
v 2.3 5.9 -3.8
v 2.3 5.9 -3.9
v 2.3 6 -3.8
v 2.3 6 -3.9
v 2.3 8.4 -3.8
v 2.3 8.4 -3.9
v 2.3 8.5 -3.8
v 2.3 8.5 -3.9
v 2.4 2.2 -3.8
v 2.4 2.2 -3.9
v 2.4 2.3 -3.8
v 2.4 2.3 -3.9
v 2.4 2.4 -3.8
v 2.4 2.4 -3.9
v 2.4 2.5 -3.8
v 2.4 2.5 -3.9
v 2.4 4.2 -3.8
v 2.4 4.2 -3.9
v 2.4 4.3 -3.8
v 2.4 4.3 -3.9
v 2.4 5.8 -3.8
v 2.4 5.8 -3.9
v 2.4 5.9 -3.8
v 2.4 5.9 -3.9
v 2.5 2.3 -3.8
v 2.5 2.3 -3.9
v 2.5 2.4 -3.8
v 2.5 2.4 -3.9
v 2.5 4 -3.8
v 2.5 4 -3.9
v 2.5 4.2 -3.8
v 2.5 4.2 -3.9
v 2.5 5.5 -3.8
v 2.5 5.5 -3.9
v 2.5 5.8 -3.8
v 2.5 5.8 -3.9
v 2.5 8.3 -3.8
v 2.5 8.3 -3.9
v 2.5 8.4 -3.8
v 2.5 8.4 -3.9
v 2.6 2.1 -3.7
v 2.6 2.1 -3.8
v 2.6 2.1 -3.9
v 2.6 2.2 -3.7
v 2.6 2.2 -3.8
v 2.6 2.2 -3.9
v 2.6 3.9 -3.8
v 2.6 3.9 -3.9
v 2.6 4 -3.8
v 2.6 4 -3.9
v 2.6 8.2 -3.8
v 2.6 8.2 -3.9
v 2.6 8.3 -3.8
v 2.6 8.3 -3.9
v 2.7 2 -3.8
v 2.7 2 -3.9
v 2.7 2.1 -3.8
v 2.7 2.1 -3.9
v 2.7 3.8 -3.8
v 2.7 3.8 -3.9
v 2.7 3.9 -3.8
v 2.7 3.9 -3.9
v 2.7 5.4 -3.8
v 2.7 5.4 -3.9
v 2.7 5.5 -3.8
v 2.7 5.5 -3.9
v 2.8 1.9 -3.8
v 2.8 1.9 -3.9
v 2.8 2 -3.8
v 2.8 2 -3.9
v 2.8 2.3 -3.8
v 2.8 2.3 -3.9
v 2.8 2.4 -3.8
v 2.8 2.4 -3.9
v 2.8 3.7 -3.8
v 2.8 3.7 -3.9
v 2.8 3.8 -3.8
v 2.8 3.8 -3.9
v 2.8 5.3 -3.8
v 2.8 5.3 -3.9
v 2.8 5.4 -3.8
v 2.8 5.4 -3.9
v 2.9 1.7 -3.8
v 2.9 1.7 -3.9
v 2.9 1.9 -3.8
v 2.9 1.9 -3.9
v 2.9 3.6 -3.8
v 2.9 3.6 -3.9
v 2.9 3.7 -3.8
v 2.9 3.7 -3.9
v 2.9 5.2 -3.8
v 2.9 5.2 -3.9
v 2.9 5.3 -3.8
v 2.9 5.3 -3.9
v 2.9 6.3 -3.9
v 2.9 6.3 -4
v 2.9 6.4 -3.8
v 2.9 6.4 -3.9
v 2.9 6.4 -4
v 2.9 6.5 -3.7
v 2.9 6.5 -3.8
v 2.9 6.6 -3.7
v 2.9 6.6 -3.8
v 2.9 6.6 -3.9
v 2.9 8.8 -3.8
v 2.9 8.8 -3.9
v 2.9 8.9 -3.8
v 2.9 8.9 -3.9
v 2.9 9.7 -3.8
v 2.9 9.7 -3.9
v 2.9 9.8 -3.8
v 2.9 9.8 -3.9
v 3 1.6 -3.8
v 3 1.6 -3.9
v 3 1.7 -3.8
v 3 1.7 -3.9
v 3 2.4 -3.8
v 3 2.4 -3.9
v 3 2.5 -3.8
v 3 2.5 -3.9
v 3 5.1 -3.8
v 3 5.1 -3.9
v 3 5.2 -3.8
v 3 5.2 -3.9
v 3 6.6 -3.8
v 3 6.6 -3.9
v 3 6.8 -3.8
v 3 6.8 -3.9
v 3 8.9 -3.8
v 3 8.9 -3.9
v 3 9.1 -3.8
v 3 9.1 -3.9
v 3 9.6 -3.8
v 3 9.6 -3.9
v 3 9.7 -3.8
v 3 9.7 -3.9
v 3.1 1.5 -3.8
v 3.1 1.5 -3.9
v 3.1 1.6 -3.8
v 3.1 1.6 -3.9
v 3.1 3.3 -3.8
v 3.1 3.3 -3.9
v 3.1 3.4 -3.8
v 3.1 3.4 -3.9
v 3.1 5.2 -3.8
v 3.1 5.2 -3.9
v 3.1 5.3 -3.8
v 3.1 5.3 -3.9
v 3.1 6.8 -3.8
v 3.1 6.8 -3.9
v 3.1 6.9 -3.8
v 3.1 6.9 -3.9
v 3.1 8.8 -3.8
v 3.1 8.8 -3.9
v 3.1 8.9 -3.8
v 3.1 8.9 -3.9
v 3.1 9.1 -3.8
v 3.1 9.1 -3.9
v 3.1 9.3 -3.8
v 3.1 9.3 -3.9
v 3.1 9.4 -3.8
v 3.1 9.4 -3.9
v 3.1 9.6 -3.8
v 3.1 9.6 -3.9
v 3.2 1.3 -3.8
v 3.2 1.3 -3.9
v 3.2 1.5 -3.8
v 3.2 1.5 -3.9
v 3.2 2.5 -3.8
v 3.2 2.5 -3.9
v 3.2 2.6 -3.8
v 3.2 2.6 -3.9
v 3.2 3.2 -3.8
v 3.2 3.2 -3.9
v 3.2 3.3 -3.8
v 3.2 3.3 -3.9
v 3.2 6.9 -3.8
v 3.2 6.9 -3.9
v 3.2 7 -3.8
v 3.2 7 -3.9
v 3.2 8.6 -3.8
v 3.2 8.6 -3.9
v 3.2 8.8 -3.8
v 3.2 8.8 -3.9
v 3.2 9.3 -3.8
v 3.2 9.3 -3.9
v 3.2 9.4 -3.8
v 3.2 9.4 -3.9
v 3.3 1.2 -3.8
v 3.3 1.2 -3.9
v 3.3 1.3 -3.8
v 3.3 1.3 -3.9
v 3.3 3.1 -3.8
v 3.3 3.1 -3.9
v 3.3 3.2 -3.8
v 3.3 3.2 -3.9
v 3.3 7 -3.8
v 3.3 7 -3.9
v 3.3 7.2 -3.8
v 3.3 7.2 -3.9
v 3.3 8.1 -3.9
v 3.3 8.1 -4
v 3.3 8.2 -3.8
v 3.3 8.2 -3.9
v 3.3 8.2 -4
v 3.3 8.4 -3.7
v 3.3 8.4 -3.8
v 3.3 8.5 -3.7
v 3.3 8.5 -3.8
v 3.3 8.6 -3.8
v 3.3 8.6 -3.9
v 3.3 9.2 -3.8
v 3.3 9.2 -3.9
v 3.3 9.3 -3.8
v 3.3 9.3 -3.9
v 3.4 1.1 3
v 3.4 1.1 2.9
v 3.4 1.1 -3.8
v 3.4 1.1 -3.9
v 3.4 1.2 3
v 3.4 1.2 2.9
v 3.4 1.2 -3.8
v 3.4 1.2 -3.9
v 3.4 2.3 2.9
v 3.4 2.3 2.8
v 3.4 2.6 2.9
v 3.4 2.6 2.8
v 3.4 2.9 3
v 3.4 2.9 2.9
v 3.4 3 3
v 3.4 3 2.9
v 3.4 4.7 3
v 3.4 4.7 2.9
v 3.4 4.8 3
v 3.4 4.8 2.9
v 3.4 5.1 -3.8
v 3.4 5.1 -3.9
v 3.4 5.2 -3.8
v 3.4 5.2 -3.9
v 3.4 6.5 3
v 3.4 6.5 2.9
v 3.4 6.6 3
v 3.4 6.6 2.9
v 3.4 7.2 -3.8
v 3.4 7.2 -3.9
v 3.4 7.3 -3.8
v 3.4 7.3 -3.9
v 3.4 7.6 2.9
v 3.4 7.6 2.8
v 3.4 7.6 -3.8
v 3.4 7.6 -3.9
v 3.4 8 2.9
v 3.4 8 2.8
v 3.4 8 -3.8
v 3.4 8 -3.9
v 3.4 8 -4
v 3.4 8.1 -3.9
v 3.4 8.1 -4
v 3.4 8.3 3
v 3.4 8.3 2.9
v 3.4 8.4 3
v 3.4 8.4 2.9
v 3.4 9.1 -3.8
v 3.4 9.1 -3.9
v 3.4 9.2 -3.8
v 3.4 9.2 -3.9
v 3.5 2.6 3
v 3.5 2.6 2.9
v 3.5 2.8 3
v 3.5 2.8 2.9
v 3.5 2.8 2.8
v 3.5 3 2.9
v 3.5 3 2.8
v 3.5 6.1 -3.8
v 3.5 6.1 -3.9
v 3.5 6.2 -3.8
v 3.5 6.2 -3.9
v 3.5 6.2 -4
v 3.5 6.3 -3.9
v 3.5 6.3 -4
v 3.5 7.3 -3.8
v 3.5 7.3 -3.9
v 3.5 7.6 -3.8
v 3.5 7.6 -3.9
v 3.5 8 3
v 3.5 8 2.9
v 3.5 8.2 3
v 3.5 8.2 2.9
v 3.5 8.2 2.8
v 3.5 8.6 2.9
v 3.5 8.6 2.8
v 3.5 9 2.9
v 3.5 9 2.8
v 3.5 9.3 2.9
v 3.5 9.3 2.8
v 3.6 3 2.9
v 3.6 3 2.8
v 3.6 3.3 2.9
v 3.6 3.3 2.8
v 3.6 5 -3.8
v 3.6 5 -3.9
v 3.6 5.1 -3.8
v 3.6 5.1 -3.9
v 3.6 6 -3.8
v 3.6 6 -3.9
v 3.6 6.1 -3.8
v 3.6 6.1 -3.9
v 3.6 8.6 2.9
v 3.6 8.6 2.8
v 3.6 9 2.9
v 3.6 9 2.8
v 3.6 9 -3.8
v 3.6 9 -3.9
v 3.6 9.1 -3.8
v 3.6 9.1 -3.9
v 3.6 9.2 2.8
v 3.6 9.2 2.7
v 3.6 9.3 2.9
v 3.6 9.3 2.8
v 3.6 9.5 2.8
v 3.6 9.5 2.7
v 3.6 9.8 2.9
v 3.6 9.8 2.8
v 3.7 2.2 2.9
v 3.7 2.2 2.8
v 3.7 2.2 2.7
v 3.7 2.6 3
v 3.7 2.6 2.9
v 3.7 2.6 2.8
v 3.7 2.8 3
v 3.7 2.8 2.9
v 3.7 2.8 2.8
v 3.7 2.8 2.7
v 3.7 3.3 2.9
v 3.7 3.3 2.8
v 3.7 3.5 2.9
v 3.7 3.5 2.8
v 3.7 5.9 -3.8
v 3.7 5.9 -3.9
v 3.7 6 -3.8
v 3.7 6 -3.9
v 3.7 8.2 2.9
v 3.7 8.2 2.8
v 3.7 8.6 2.9
v 3.7 8.6 2.8
v 3.7 9.8 3
v 3.7 9.8 2.9
v 3.7 10 3
v 3.7 10 2.9
v 3.8 5.2 -3.8
v 3.8 5.2 -3.9
v 3.8 5.4 -3.8
v 3.8 5.4 -3.9
v 3.8 5.5 -3
v 3.8 5.5 -3.1
v 3.8 5.6 -3
v 3.8 5.6 -3.1
v 3.8 5.8 -3.7
v 3.8 5.8 -3.8
v 3.8 5.8 -3.9
v 3.8 5.9 -3.7
v 3.8 5.9 -3.8
v 3.8 5.9 -3.9
v 3.8 7.5 2.9
v 3.8 7.5 2.8
v 3.8 8 3
v 3.8 8 2.9
v 3.8 8 2.8
v 3.8 8.2 3
v 3.8 8.2 2.9
v 3.8 8.9 -3.7
v 3.8 8.9 -3.9
v 3.8 9 -3.7
v 3.8 9 -3.9
v 3.9 0.7 4
v 3.9 0.7 3.8
v 3.9 1 0
v 3.9 1 -0.1
v 3.9 1 -2.1
v 3.9 1 -2.2
v 3.9 1.1 4
v 3.9 1.1 3.8
v 3.9 1.2 2.9
v 3.9 1.2 2.8
v 3.9 1.2 -2.1
v 3.9 1.2 -2.2
v 3.9 1.2 -2.3
v 3.9 1.2 -2.9
v 3.9 1.2 -3
v 3.9 1.3 2.9
v 3.9 1.3 2.8
v 3.9 1.3 2.7
v 3.9 1.3 -2.8
v 3.9 1.3 -2.9
v 3.9 1.3 -3
v 3.9 1.4 0
v 3.9 1.4 -0.1
v 3.9 1.4 -0.2
v 3.9 1.5 4
v 3.9 1.5 3.8
v 3.9 1.5 2.8
v 3.9 1.5 2.7
v 3.9 1.5 2.6
v 3.9 1.5 -2.7
v 3.9 1.5 -2.8
v 3.9 1.5 -2.9
v 3.9 1.6 4
v 3.9 1.6 3.8
v 3.9 1.6 2.7
v 3.9 1.6 2.6
v 3.9 1.6 2.5
v 3.9 1.7 -2.2
v 3.9 1.7 -2.3
v 3.9 1.7 -2.4
v 3.9 1.7 -2.5
v 3.9 1.7 -2.7
v 3.9 1.7 -2.8
v 3.9 1.8 2.6
v 3.9 1.8 2.5
v 3.9 1.8 2.4
v 3.9 1.8 0
v 3.9 1.8 -0.1
v 3.9 1.8 -0.2
v 3.9 1.9 2.5
v 3.9 1.9 2.4
v 3.9 1.9 2.3
v 3.9 1.9 0.0999999
v 3.9 1.9 0
v 3.9 1.9 -0.1
v 3.9 1.9 -2.4
v 3.9 1.9 -2.5
v 3.9 1.9 -2.7
v 3.9 2 2.4
v 3.9 2 2.3
v 3.9 2 2.2
v 3.9 2 0.3
v 3.9 2 0.0999999
v 3.9 2 0
v 3.9 2 -2.4
v 3.9 2 -2.5
v 3.9 2.1 0.4
v 3.9 2.1 0.3
v 3.9 2.1 0.0999999
v 3.9 2.1 -2.2
v 3.9 2.1 -2.3
v 3.9 2.1 -2.4
v 3.9 2.2 2.3
v 3.9 2.2 2.2
v 3.9 2.2 2.1
v 3.9 2.2 0.5
v 3.9 2.2 0.4
v 3.9 2.2 0.3
v 3.9 2.2 -2.1
v 3.9 2.2 -2.2
v 3.9 2.2 -2.3
v 3.9 2.3 2.2
v 3.9 2.3 2.1
v 3.9 2.3 2
v 3.9 2.3 -2
v 3.9 2.3 -2.1
v 3.9 2.3 -2.2
v 3.9 2.3 -3.7
v 3.9 2.3 -3.8
v 3.9 2.4 0.6
v 3.9 2.4 0.5
v 3.9 2.4 0.4
v 3.9 2.4 -1.9
v 3.9 2.4 -2
v 3.9 2.4 -2.1
v 3.9 2.5 2.1
v 3.9 2.5 2
v 3.9 2.5 1.9
v 3.9 2.5 0.6
v 3.9 2.5 0.5
v 3.9 2.5 -1.9
v 3.9 2.5 -2
v 3.9 2.5 -3.6
v 3.9 2.5 -3.7
v 3.9 2.5 -3.8
v 3.9 2.6 2
v 3.9 2.6 1.9
v 3.9 2.6 -3.6
v 3.9 2.6 -3.7
v 3.9 2.8 2.9
v 3.9 2.8 2.8
v 3.9 2.8 2.2
v 3.9 2.8 2.1
v 3.9 2.8 0.7
v 3.9 2.8 0.6
v 3.9 2.8 -3.4
v 3.9 2.8 -3.5
v 3.9 2.9 -3.3
v 3.9 2.9 -3.4
v 3.9 2.9 -3.5
v 3.9 3 2.9
v 3.9 3 2.8
v 3.9 3 2.3
v 3.9 3 2.2
v 3.9 3 2.1
v 3.9 3 0.8
v 3.9 3 0.7
v 3.9 3 0.6
v 3.9 3.1 -3.2
v 3.9 3.1 -3.3
v 3.9 3.1 -3.4
v 3.9 3.2 2.4
v 3.9 3.2 2.3
v 3.9 3.2 2.2
v 3.9 3.2 0.8
v 3.9 3.2 0.7
v 3.9 3.2 0.6
v 3.9 3.3 0.7
v 3.9 3.3 0.6
v 3.9 3.3 0.5
v 3.9 3.3 -3.1
v 3.9 3.3 -3.2
v 3.9 3.3 -3.3
v 3.9 3.4 2.5
v 3.9 3.4 2.4
v 3.9 3.4 2.3
v 3.9 3.4 0.6
v 3.9 3.4 0.5
v 3.9 3.4 0.4
v 3.9 3.4 -3
v 3.9 3.4 -3.1
v 3.9 3.4 -3.2
v 3.9 3.5 0.5
v 3.9 3.5 0.4
v 3.9 3.5 0.3
v 3.9 3.6 2.6
v 3.9 3.6 2.5
v 3.9 3.6 2.4
v 3.9 3.6 -2.9
v 3.9 3.6 -3
v 3.9 3.6 -3.1
v 3.9 3.7 2.6
v 3.9 3.7 0.4
v 3.9 3.7 0.3
v 3.9 3.7 0.2
v 3.9 3.8 2.8
v 3.9 3.8 2.7
v 3.9 3.8 2.6
v 3.9 3.8 2.5
v 3.9 3.8 0.3
v 3.9 3.8 0.2
v 3.9 3.8 0.0999999
v 3.9 3.8 -2.8
v 3.9 3.8 -2.9
v 3.9 3.8 -3
v 3.9 3.9 2.6
v 3.9 3.9 0.2
v 3.9 3.9 0.0999999
v 3.9 3.9 0
v 3.9 3.9 -0.1
v 3.9 3.9 -0.2
v 3.9 3.9 -2.7
v 3.9 3.9 -2.8
v 3.9 3.9 -2.9
v 3.9 4 2.8
v 3.9 4 2.7
v 3.9 4 2.6
v 3.9 4 0.0999999
v 3.9 4 0
v 3.9 4 -0.1
v 3.9 4 -0.2
v 3.9 4 -0.3
v 3.9 4.1 2.8
v 3.9 4.1 2.7
v 3.9 4.1 0
v 3.9 4.1 -0.1
v 3.9 4.1 -0.2
v 3.9 4.1 -0.3
v 3.9 4.1 -2.6
v 3.9 4.1 -2.7
v 3.9 4.1 -2.8
v 3.9 4.2 2.8
v 3.9 4.2 2.7
v 3.9 4.2 -0.1
v 3.9 4.2 -0.2
v 3.9 4.2 -0.3
v 3.9 4.3 2.8
v 3.9 4.3 2.7
v 3.9 4.3 -2.5
v 3.9 4.3 -2.6
v 3.9 4.3 -2.7
v 3.9 4.4 2.9
v 3.9 4.4 2.7
v 3.9 4.4 -0.2
v 3.9 4.4 -0.3
v 3.9 4.4 -2.5
v 3.9 4.4 -2.6
v 3.9 4.6 2.1
v 3.9 4.6 2
v 3.9 4.6 -0.3
v 3.9 4.6 -0.4
v 3.9 4.6 -2.3
v 3.9 4.6 -2.4
v 3.9 4.7 2.2
v 3.9 4.7 2.1
v 3.9 4.7 2
v 3.9 4.7 -0.3
v 3.9 4.7 -0.4
v 3.9 4.7 -0.5
v 3.9 4.8 -2.2
v 3.9 4.8 -2.3
v 3.9 4.8 -2.4
v 3.9 4.9 2.7
v 3.9 4.9 2.6
v 3.9 4.9 2.3
v 3.9 4.9 2.2
v 3.9 4.9 2.1
v 3.9 4.9 -0.5
v 3.9 4.9 -0.6
v 3.9 4.9 -2.1
v 3.9 4.9 -2.2
v 3.9 5 2.4
v 3.9 5 2.3
v 3.9 5 2.2
v 3.9 5.1 2.7
v 3.9 5.1 2.6
v 3.9 5.1 2.5
v 3.9 5.1 -0.3
v 3.9 5.1 -0.4
v 3.9 5.1 -0.6
v 3.9 5.1 -0.7
v 3.9 5.1 -2.1
v 3.9 5.1 -2.2
v 3.9 5.2 2.5
v 3.9 5.2 2.4
v 3.9 5.2 2.3
v 3.9 5.2 -2.2
v 3.9 5.2 -2.3
v 3.9 5.2 -2.4
v 3.9 5.3 2.5
v 3.9 5.3 2.4
v 3.9 5.3 -0.6
v 3.9 5.3 -0.7
v 3.9 5.4 2.6
v 3.9 5.4 2.5
v 3.9 5.4 2.4
v 3.9 5.4 -0.2
v 3.9 5.4 -0.3
v 3.9 5.4 -0.4
v 3.9 5.4 -2.6
v 3.9 5.4 -2.7
v 3.9 5.4 -3.7
v 3.9 5.4 -3.8
v 3.9 5.4 -3.9
v 3.9 5.5 -2.3
v 3.9 5.5 -2.4
v 3.9 5.5 -2.6
v 3.9 5.5 -2.7
v 3.9 5.5 -3
v 3.9 5.5 -3.1
v 3.9 5.5 -3.6
v 3.9 5.5 -3.7
v 3.9 5.6 -0.1
v 3.9 5.6 -0.2
v 3.9 5.6 -0.3
v 3.9 5.6 -2.7
v 3.9 5.6 -2.9
v 3.9 5.6 -3
v 3.9 5.6 -3.1
v 3.9 5.6 -3.2
v 3.9 5.6 -3.9
v 3.9 5.7 2.5
v 3.9 5.7 2.4
v 3.9 5.7 2.3
v 3.9 5.7 -2.9
v 3.9 5.7 -3.2
v 3.9 5.7 -3.6
v 3.9 5.7 -3.7
v 3.9 5.7 -3.9
v 3.9 5.8 0
v 3.9 5.8 -0.1
v 3.9 5.8 -3.2
v 3.9 5.8 -3.5
v 3.9 5.8 -3.6
v 3.9 5.8 -3.7
v 3.9 5.8 -3.9
v 3.9 5.9 0
v 3.9 5.9 -0.2
v 3.9 5.9 -0.4
v 3.9 5.9 -3.6
v 3.9 5.9 -3.7
v 3.9 6 2.4
v 3.9 6 2.3
v 3.9 6 2.2
v 3.9 6 -0.2
v 3.9 6 -0.4
v 3.9 6 -0.6
v 3.9 6.1 -0.4
v 3.9 6.1 -0.6
v 3.9 6.1 -0.8
v 3.9 6.2 2.3
v 3.9 6.2 2.2
v 3.9 6.2 -0.6
v 3.9 6.2 -0.8
v 3.9 6.4 2.3
v 3.9 6.4 2.2
v 3.9 6.4 -1.6
v 3.9 6.4 -1.8
v 3.9 6.5 -1.6
v 3.9 6.5 -1.7
v 3.9 6.5 -1.8
v 3.9 6.5 -2
v 3.9 6.6 2.3
v 3.9 6.6 2.2
v 3.9 6.6 2.1
v 3.9 6.6 -1.8
v 3.9 6.6 -2
v 3.9 6.6 -2.3
v 3.9 6.7 -2
v 3.9 6.7 -2.3
v 3.9 6.7 -2.5
v 3.9 6.8 -1.6
v 3.9 6.8 -1.7
v 3.9 6.8 -1.8
v 3.9 6.8 -2.3
v 3.9 6.8 -2.5
v 3.9 6.9 2.9
v 3.9 6.9 2.8
v 3.9 6.9 2.2
v 3.9 6.9 2.1
v 3.9 6.9 2
v 3.9 7 -1.5
v 3.9 7 -1.6
v 3.9 7 -1.9
v 3.9 7 -2
v 3.9 7.1 -1.5
v 3.9 7.1 -1.6
v 3.9 7.1 -1.7
v 3.9 7.1 -1.9
v 3.9 7.2 2.1
v 3.9 7.2 2
v 3.9 7.2 1.9
v 3.9 7.2 -1.5
v 3.9 7.2 -1.6
v 3.9 7.2 -1.7
v 3.9 7.2 -2
v 3.9 7.2 -2.1
v 3.9 7.3 -1.3
v 3.9 7.3 -1.5
v 3.9 7.3 -1.7
v 3.9 7.3 -2
v 3.9 7.3 -2.1
v 3.9 7.3 -2.2
v 3.9 7.4 1.9
v 3.9 7.4 1.7
v 3.9 7.4 -1.1
v 3.9 7.4 -1.3
v 3.9 7.4 -1.5
v 3.9 7.4 -2.1
v 3.9 7.4 -2.2
v 3.9 7.4 -2.3
v 3.9 7.5 2.9
v 3.9 7.5 2.8
v 3.9 7.5 2.1
v 3.9 7.5 2
v 3.9 7.5 1.9
v 3.9 7.5 1.8
v 3.9 7.5 1.7
v 3.9 7.5 1.4
v 3.9 7.5 -0.9
v 3.9 7.5 -1.1
v 3.9 7.5 -1.3
v 3.9 7.5 -2.2
v 3.9 7.5 -2.3
v 3.9 7.5 -2.4
v 3.9 7.6 2.3
v 3.9 7.6 2.1
v 3.9 7.6 2
v 3.9 7.6 1.7
v 3.9 7.6 1.4
v 3.9 7.6 1.1
v 3.9 7.6 -0.7
v 3.9 7.6 -0.9
v 3.9 7.6 -1.1
v 3.9 7.6 -2.3
v 3.9 7.6 -2.4
v 3.9 7.6 -2.5
v 3.9 7.7 2.4
v 3.9 7.7 2.3
v 3.9 7.7 2.1
v 3.9 7.7 1.9
v 3.9 7.7 1.8
v 3.9 7.7 1.4
v 3.9 7.7 1.1
v 3.9 7.7 0.9
v 3.9 7.7 -0.7
v 3.9 7.7 -0.9
v 3.9 7.7 -2.4
v 3.9 7.7 -2.5
v 3.9 7.7 -2.6
v 3.9 7.8 2.6
v 3.9 7.8 2.4
v 3.9 7.8 2.3
v 3.9 7.8 1.1
v 3.9 7.8 0.9
v 3.9 7.8 0.6
v 3.9 7.8 -2.5
v 3.9 7.8 -2.6
v 3.9 7.8 -2.7
v 3.9 7.9 2.7
v 3.9 7.9 2.6
v 3.9 7.9 2.4
v 3.9 7.9 0.9
v 3.9 7.9 0.6
v 3.9 7.9 0.4
v 3.9 7.9 -2.6
v 3.9 7.9 -2.7
v 3.9 8 2.7
v 3.9 8 2.6
v 3.9 8 0.6
v 3.9 8 0.4
v 3.9 8.2 -2.1
v 3.9 8.2 -2.2
v 3.9 8.3 2
v 3.9 8.3 1.9
v 3.9 8.3 -2.1
v 3.9 8.3 -2.2
v 3.9 8.3 -2.4
v 3.9 8.3 -2.8
v 3.9 8.3 -2.9
v 3.9 8.4 2
v 3.9 8.4 1.9
v 3.9 8.4 1.7
v 3.9 8.4 -0.6
v 3.9 8.4 -0.8
v 3.9 8.4 -2.2
v 3.9 8.4 -2.3
v 3.9 8.4 -2.7
v 3.9 8.4 -2.8
v 3.9 8.4 -2.9
v 3.9 8.5 1.9
v 3.9 8.5 1.7
v 3.9 8.5 1.6
v 3.9 8.5 -0.4
v 3.9 8.5 -0.6
v 3.9 8.5 -0.8
v 3.9 8.5 -2.6
v 3.9 8.5 -2.7
v 3.9 8.5 -2.8
v 3.9 8.6 1.7
v 3.9 8.6 1.6
v 3.9 8.6 1.4
v 3.9 8.6 -0.2
v 3.9 8.6 -0.4
v 3.9 8.6 -0.6
v 3.9 8.7 1.6
v 3.9 8.7 1.4
v 3.9 8.7 1.2
v 3.9 8.7 0
v 3.9 8.7 -0.2
v 3.9 8.7 -0.4
v 3.9 8.7 -2.5
v 3.9 8.7 -2.6
v 3.9 8.7 -2.7
v 3.9 8.8 1.4
v 3.9 8.8 1.2
v 3.9 8.8 1.1
v 3.9 8.8 0.2
v 3.9 8.8 0
v 3.9 8.8 -0.2
v 3.9 8.8 -2.2
v 3.9 8.8 -2.3
v 3.9 8.8 -2.4
v 3.9 8.8 -2.5
v 3.9 8.8 -2.6
v 3.9 8.9 1.2
v 3.9 8.9 1.1
v 3.9 8.9 0.9
v 3.9 8.9 0.4
v 3.9 8.9 0.2
v 3.9 8.9 0
v 3.9 8.9 -2.3
v 3.9 8.9 -2.4
v 3.9 8.9 -2.5
v 3.9 8.9 -3.6
v 3.9 8.9 -3.7
v 3.9 9 1.1
v 3.9 9 0.9
v 3.9 9 0.4
v 3.9 9 0.2
v 3.9 9 -3.5
v 3.9 9 -3.6
v 3.9 9 -3.7
v 3.9 9.1 0.6
v 3.9 9.1 0.4
v 3.9 9.1 -2.1
v 3.9 9.1 -2.2
v 3.9 9.1 -2.3
v 3.9 9.1 -2.4
v 3.9 9.2 1.1
v 3.9 9.2 0.9
v 3.9 9.2 0.6
v 3.9 9.2 0.5
v 3.9 9.2 -2.2
v 3.9 9.2 -2.3
v 3.9 9.2 -3.4
v 3.9 9.2 -3.5
v 3.9 9.2 -3.6
v 3.9 9.3 1.3
v 3.9 9.3 1.1
v 3.9 9.3 0.9
v 3.9 9.3 0.6
v 3.9 9.3 0.5
v 3.9 9.3 0.3
v 3.9 9.3 -2
v 3.9 9.3 -2.1
v 3.9 9.3 -2.2
v 3.9 9.4 1.5
v 3.9 9.4 1.3
v 3.9 9.4 1.1
v 3.9 9.4 0.5
v 3.9 9.4 0.3
v 3.9 9.4 0.2
v 3.9 9.4 -1.9
v 3.9 9.4 -2
v 3.9 9.4 -2.1
v 3.9 9.5 1.7
v 3.9 9.5 1.5
v 3.9 9.5 1.3
v 3.9 9.5 0.3
v 3.9 9.5 0.2
v 3.9 9.5 0.0999999
v 3.9 9.6 1.9
v 3.9 9.6 1.7
v 3.9 9.6 1.5
v 3.9 9.6 0.2
v 3.9 9.6 0.0999999
v 3.9 9.6 -0.1
v 3.9 9.6 -1.8
v 3.9 9.6 -1.9
v 3.9 9.6 -2
v 3.9 9.6 -3.3
v 3.9 9.6 -3.4
v 3.9 9.6 -3.5
v 3.9 9.7 1.9
v 3.9 9.7 1.7
v 3.9 9.7 0.0999999
v 3.9 9.7 -0.1
v 3.9 9.7 -0.2
v 3.9 9.7 -1.7
v 3.9 9.7 -1.8
v 3.9 9.7 -1.9
v 3.9 9.8 -0.1
v 3.9 9.8 -0.2
v 3.9 9.8 -1.7
v 3.9 9.8 -1.8
v 3.9 9.8 -3.3
v 3.9 9.8 -3.4
v 4 0.7 0.2
v 4 0.7 0.0999999
v 4 0.9 0.0999999
v 4 0.9 -0.1
v 4 1 2.9
v 4 1 0.2
v 4 1 0
v 4 1 -0.1
v 4 1 -2.1
v 4 1 -2.2
v 4 1 -3.9
v 4 1.2 4.1
v 4 1.2 3.7
v 4 1.2 2.9
v 4 1.2 2.8
v 4 1.2 -2.1
v 4 1.2 -2.2
v 4 1.2 -2.3
v 4 1.2 -2.9
v 4 1.2 -3
v 4 1.3 2.9
v 4 1.3 2.8
v 4 1.3 2.7
v 4 1.3 -2.8
v 4 1.3 -2.9
v 4 1.3 -3
v 4 1.4 0
v 4 1.4 -0.1
v 4 1.4 -0.2
v 4 1.5 4.1
v 4 1.5 3.7
v 4 1.5 2.8
v 4 1.5 2.7
v 4 1.5 2.6
v 4 1.5 -2.7
v 4 1.5 -2.8
v 4 1.5 -2.9
v 4 1.6 2.7
v 4 1.6 2.6
v 4 1.6 2.5
v 4 1.7 -2.2
v 4 1.7 -2.3
v 4 1.7 -2.4
v 4 1.7 -2.5
v 4 1.7 -2.7
v 4 1.7 -2.8
v 4 1.8 2.6
v 4 1.8 2.5
v 4 1.8 2.4
v 4 1.8 0
v 4 1.8 -0.1
v 4 1.8 -0.2
v 4 1.9 2.5
v 4 1.9 2.4
v 4 1.9 2.3
v 4 1.9 0.0999999
v 4 1.9 0
v 4 1.9 -0.1
v 4 1.9 -2.4
v 4 1.9 -2.5
v 4 1.9 -2.7
v 4 2 2.4
v 4 2 2.3
v 4 2 2.2
v 4 2 0.3
v 4 2 0.0999999
v 4 2 0
v 4 2 -2.4
v 4 2 -2.5
v 4 2.1 0.4
v 4 2.1 0.3
v 4 2.1 0.0999999
v 4 2.1 -2.2
v 4 2.1 -2.3
v 4 2.1 -2.4
v 4 2.2 2.9
v 4 2.2 2.7
v 4 2.2 2.3
v 4 2.2 2.2
v 4 2.2 2.1
v 4 2.2 0.5
v 4 2.2 0.4
v 4 2.2 0.3
v 4 2.2 -2.1
v 4 2.2 -2.2
v 4 2.2 -2.3
v 4 2.3 2.2
v 4 2.3 2.1
v 4 2.3 2
v 4 2.3 -2
v 4 2.3 -2.1
v 4 2.3 -2.2
v 4 2.3 -3.7
v 4 2.3 -3.8
v 4 2.4 0.6
v 4 2.4 0.5
v 4 2.4 0.4
v 4 2.4 -1.9
v 4 2.4 -2
v 4 2.4 -2.1
v 4 2.5 2.1
v 4 2.5 2
v 4 2.5 1.9
v 4 2.5 0.6
v 4 2.5 0.5
v 4 2.5 -1.9
v 4 2.5 -2
v 4 2.5 -3.6
v 4 2.5 -3.7
v 4 2.5 -3.8
v 4 2.6 2.7
v 4 2.6 2.1
v 4 2.6 2
v 4 2.6 1.9
v 4 2.6 0.8
v 4 2.6 0.7
v 4 2.6 -3.4
v 4 2.6 -3.5
v 4 2.6 -3.6
v 4 2.6 -3.7
v 4 2.6 -3.9
v 4 2.7 2.2
v 4 2.7 2.1
v 4 2.7 2
v 4 2.7 0.7
v 4 2.7 0.6
v 4 2.7 -3.3
v 4 2.7 -3.4
v 4 2.8 2.8
v 4 2.8 2.7
v 4 2.8 2.2
v 4 2.8 2.1
v 4 2.8 0.8
v 4 2.8 0.7
v 4 2.8 0.6
v 4 2.8 -3.3
v 4 2.8 -3.4
v 4 2.8 -3.5
v 4 2.8 -3.9
v 4 2.9 -3.3
v 4 2.9 -3.4
v 4 2.9 -3.5
v 4 3 2.3
v 4 3 2.2
v 4 3 2.1
v 4 3 0.8
v 4 3 0.7
v 4 3 0.6
v 4 3.1 -3.2
v 4 3.1 -3.3
v 4 3.1 -3.4
v 4 3.2 2.4
v 4 3.2 2.3
v 4 3.2 2.2
v 4 3.2 0.8
v 4 3.2 0.7
v 4 3.2 0.6
v 4 3.3 0.7
v 4 3.3 0.6
v 4 3.3 0.5
v 4 3.3 -3.1
v 4 3.3 -3.2
v 4 3.3 -3.3
v 4 3.4 2.5
v 4 3.4 2.4
v 4 3.4 2.3
v 4 3.4 0.6
v 4 3.4 0.5
v 4 3.4 0.4
v 4 3.4 -3
v 4 3.4 -3.1
v 4 3.4 -3.2
v 4 3.5 0.5
v 4 3.5 0.4
v 4 3.5 0.3
v 4 3.6 2.6
v 4 3.6 2.5
v 4 3.6 2.4
v 4 3.6 -2.9
v 4 3.6 -3
v 4 3.6 -3.1
v 4 3.7 2.7
v 4 3.7 2.6
v 4 3.7 0.4
v 4 3.7 0.3
v 4 3.7 0.2
v 4 3.8 2.8
v 4 3.8 2.6
v 4 3.8 2.5
v 4 3.8 0.3
v 4 3.8 0.2
v 4 3.8 0.0999999
v 4 3.8 -2.8
v 4 3.8 -2.9
v 4 3.8 -3
v 4 3.9 2.6
v 4 3.9 2.5
v 4 3.9 0.2
v 4 3.9 0.0999999
v 4 3.9 0
v 4 3.9 -0.1
v 4 3.9 -0.2
v 4 3.9 -2.7
v 4 3.9 -2.8
v 4 3.9 -2.9
v 4 4 2.7
v 4 4 2.6
v 4 4 0.0999999
v 4 4 0
v 4 4 -0.1
v 4 4 -0.2
v 4 4 -0.3
v 4 4.1 0
v 4 4.1 -0.1
v 4 4.1 -0.2
v 4 4.1 -0.3
v 4 4.1 -2.6
v 4 4.1 -2.7
v 4 4.1 -2.8
v 4 4.2 -0.1
v 4 4.2 -0.2
v 4 4.2 -0.3
v 4 4.3 -2.5
v 4 4.3 -2.6
v 4 4.3 -2.7
v 4 4.4 3
v 4 4.4 2.9
v 4 4.4 2.7
v 4 4.4 2.6
v 4 4.4 0
v 4 4.4 -0.1
v 4 4.4 -0.2
v 4 4.4 -0.3
v 4 4.4 -2.3
v 4 4.4 -2.4
v 4 4.4 -2.5
v 4 4.4 -2.6
v 4 4.4 -3.9
v 4 4.5 2.1
v 4 4.5 2
v 4 4.5 0
v 4 4.5 -0.1
v 4 4.5 -0.4
v 4 4.5 -2.4
v 4 4.5 -2.5
v 4 4.6 3
v 4 4.6 2.9
v 4 4.6 2.1
v 4 4.6 2
v 4 4.6 -0.1
v 4 4.6 -0.3
v 4 4.6 -0.4
v 4 4.6 -2.3
v 4 4.6 -2.4
v 4 4.6 -2.5
v 4 4.6 -3.6
v 4 4.6 -3.8
v 4 4.6 -3.9
v 4 4.7 2.2
v 4 4.7 2.1
v 4 4.7 2
v 4 4.7 -0.3
v 4 4.7 -0.4
v 4 4.7 -0.5
v 4 4.8 -2.2
v 4 4.8 -2.3
v 4 4.8 -2.4
v 4 4.9 2.7
v 4 4.9 2.6
v 4 4.9 2.3
v 4 4.9 2.2
v 4 4.9 2.1
v 4 4.9 -0.5
v 4 4.9 -0.6
v 4 4.9 -2.1
v 4 4.9 -2.2
v 4 5 2.4
v 4 5 2.3
v 4 5 2.2
v 4 5.1 2.7
v 4 5.1 2.6
v 4 5.1 2.5
v 4 5.1 -0.3
v 4 5.1 -0.4
v 4 5.1 -0.6
v 4 5.1 -0.7
v 4 5.1 -2.1
v 4 5.1 -2.2
v 4 5.2 2.5
v 4 5.2 2.4
v 4 5.2 2.3
v 4 5.2 -2.2
v 4 5.2 -2.3
v 4 5.2 -2.4
v 4 5.3 2.5
v 4 5.3 2.4
v 4 5.3 -0.6
v 4 5.3 -0.7
v 4 5.4 2.6
v 4 5.4 2.5
v 4 5.4 2.4
v 4 5.4 -0.2
v 4 5.4 -0.3
v 4 5.4 -0.4
v 4 5.4 -2.6
v 4 5.4 -2.7
v 4 5.4 -3.7
v 4 5.4 -3.8
v 4 5.4 -3.9
v 4 5.5 -2.3
v 4 5.5 -2.4
v 4 5.5 -2.6
v 4 5.5 -2.7
v 4 5.5 -3.6
v 4 5.5 -3.7
v 4 5.6 -0.1
v 4 5.6 -0.2
v 4 5.6 -0.3
v 4 5.6 -2.7
v 4 5.6 -2.9
v 4 5.6 -3.2
v 4 5.6 -3.9
v 4 5.7 2.5
v 4 5.7 2.4
v 4 5.7 2.3
v 4 5.7 -2.9
v 4 5.7 -3.2
v 4 5.7 -3.6
v 4 5.7 -3.7
v 4 5.7 -3.9
v 4 5.8 0
v 4 5.8 -0.1
v 4 5.8 -3.2
v 4 5.8 -3.5
v 4 5.8 -3.6
v 4 5.8 -3.7
v 4 5.9 0
v 4 5.9 -0.2
v 4 5.9 -0.4
v 4 5.9 -3.6
v 4 5.9 -3.8
v 4 5.9 -3.9
v 4 6 2.4
v 4 6 2.3
v 4 6 2.2
v 4 6 -0.2
v 4 6 -0.4
v 4 6 -0.6
v 4 6 -3.5
v 4 6 -3.8
v 4 6.1 -0.4
v 4 6.1 -0.6
v 4 6.1 -0.8
v 4 6.2 2.9
v 4 6.2 2.4
v 4 6.2 2.3
v 4 6.2 2.2
v 4 6.2 -0.6
v 4 6.2 -0.8
v 4 6.2 -0.9
v 4 6.2 -3.9
v 4 6.3 2.3
v 4 6.3 2.2
v 4 6.3 -0.6
v 4 6.3 -0.9
v 4 6.3 -1.6
v 4 6.4 2.9
v 4 6.4 2.4
v 4 6.4 2.3
v 4 6.4 2.2
v 4 6.4 -0.9
v 4 6.4 -1.6
v 4 6.4 -1.8
v 4 6.4 -3.9
v 4 6.5 -1.6
v 4 6.5 -1.7
v 4 6.5 -1.8
v 4 6.5 -2
v 4 6.6 2.3
v 4 6.6 2.2
v 4 6.6 2.1
v 4 6.6 -1.8
v 4 6.6 -2
v 4 6.6 -2.3
v 4 6.7 -2
v 4 6.7 -2.3
v 4 6.7 -2.5
v 4 6.8 -1.6
v 4 6.8 -1.7
v 4 6.8 -1.8
v 4 6.8 -2.3
v 4 6.8 -2.5
v 4 6.9 2.9
v 4 6.9 2.8
v 4 6.9 2.7
v 4 6.9 2.2
v 4 6.9 2.1
v 4 6.9 2
v 4 7 -1.5
v 4 7 -1.6
v 4 7 -1.9
v 4 7 -2
v 4 7.1 -1.5
v 4 7.1 -1.6
v 4 7.1 -1.7
v 4 7.1 -1.9
v 4 7.2 2.1
v 4 7.2 2
v 4 7.2 1.9
v 4 7.2 -1.5
v 4 7.2 -1.6
v 4 7.2 -1.7
v 4 7.2 -2
v 4 7.2 -2.1
v 4 7.3 -1.3
v 4 7.3 -1.5
v 4 7.3 -1.7
v 4 7.3 -2
v 4 7.3 -2.1
v 4 7.3 -2.2
v 4 7.4 1.9
v 4 7.4 1.7
v 4 7.4 -1.1
v 4 7.4 -1.3
v 4 7.4 -1.5
v 4 7.4 -2.1
v 4 7.4 -2.2
v 4 7.4 -2.3
v 4 7.5 2.9
v 4 7.5 2.8
v 4 7.5 2.1
v 4 7.5 2
v 4 7.5 1.9
v 4 7.5 1.8
v 4 7.5 1.7
v 4 7.5 1.4
v 4 7.5 -0.9
v 4 7.5 -1.1
v 4 7.5 -1.3
v 4 7.5 -2.2
v 4 7.5 -2.3
v 4 7.5 -2.4
v 4 7.6 2.3
v 4 7.6 2.1
v 4 7.6 2
v 4 7.6 1.7
v 4 7.6 1.4
v 4 7.6 1.1
v 4 7.6 -0.7
v 4 7.6 -0.9
v 4 7.6 -1.1
v 4 7.6 -2.3
v 4 7.6 -2.4
v 4 7.6 -2.5
v 4 7.7 2.4
v 4 7.7 2.3
v 4 7.7 2.1
v 4 7.7 1.9
v 4 7.7 1.8
v 4 7.7 1.4
v 4 7.7 1.1
v 4 7.7 0.9
v 4 7.7 -0.7
v 4 7.7 -0.9
v 4 7.7 -2.4
v 4 7.7 -2.5
v 4 7.7 -2.6
v 4 7.8 2.6
v 4 7.8 2.4
v 4 7.8 2.3
v 4 7.8 1.1
v 4 7.8 0.9
v 4 7.8 0.6
v 4 7.8 -2.5
v 4 7.8 -2.6
v 4 7.8 -2.7
v 4 7.9 2.7
v 4 7.9 2.6
v 4 7.9 2.4
v 4 7.9 0.9
v 4 7.9 0.6
v 4 7.9 0.4
v 4 7.9 -2.6
v 4 7.9 -2.7
v 4 8 2.9
v 4 8 2.8
v 4 8 2.7
v 4 8 2.6
v 4 8 0.6
v 4 8 0.5
v 4 8 0.4
v 4 8 -3.9
v 4 8.1 0.6
v 4 8.1 0.5
v 4 8.2 2.9
v 4 8.2 -2.1
v 4 8.2 -2.2
v 4 8.2 -3.9
v 4 8.3 2
v 4 8.3 1.9
v 4 8.3 -2.1
v 4 8.3 -2.2
v 4 8.3 -2.4
v 4 8.3 -2.8
v 4 8.3 -2.9
v 4 8.4 2
v 4 8.4 1.9
v 4 8.4 1.7
v 4 8.4 -0.6
v 4 8.4 -0.8
v 4 8.4 -2.2
v 4 8.4 -2.3
v 4 8.4 -2.7
v 4 8.4 -2.8
v 4 8.4 -2.9
v 4 8.5 1.9
v 4 8.5 1.7
v 4 8.5 1.6
v 4 8.5 -0.4
v 4 8.5 -0.6
v 4 8.5 -0.8
v 4 8.5 -2.6
v 4 8.5 -2.7
v 4 8.5 -2.8
v 4 8.6 1.7
v 4 8.6 1.6
v 4 8.6 1.4
v 4 8.6 -0.2
v 4 8.6 -0.4
v 4 8.6 -0.6
v 4 8.7 1.6
v 4 8.7 1.4
v 4 8.7 1.2
v 4 8.7 0
v 4 8.7 -0.2
v 4 8.7 -0.4
v 4 8.7 -2.5
v 4 8.7 -2.6
v 4 8.7 -2.7
v 4 8.8 1.4
v 4 8.8 1.2
v 4 8.8 1.1
v 4 8.8 0.2
v 4 8.8 0
v 4 8.8 -0.2
v 4 8.8 -2.2
v 4 8.8 -2.3
v 4 8.8 -2.4
v 4 8.8 -2.5
v 4 8.8 -2.6
v 4 8.9 1.2
v 4 8.9 1.1
v 4 8.9 0.9
v 4 8.9 0.4
v 4 8.9 0.2
v 4 8.9 0
v 4 8.9 -2.3
v 4 8.9 -2.4
v 4 8.9 -2.5
v 4 8.9 -3.6
v 4 8.9 -3.9
v 4 9 1.1
v 4 9 0.9
v 4 9 0.4
v 4 9 0.2
v 4 9 -3.5
v 4 9 -3.6
v 4 9 -3.9
v 4 9.1 0.6
v 4 9.1 0.4
v 4 9.1 -2.1
v 4 9.1 -2.2
v 4 9.1 -2.3
v 4 9.1 -2.4
v 4 9.2 1.1
v 4 9.2 0.9
v 4 9.2 0.6
v 4 9.2 0.5
v 4 9.2 -2.2
v 4 9.2 -2.3
v 4 9.2 -3.4
v 4 9.2 -3.5
v 4 9.2 -3.6
v 4 9.3 1.3
v 4 9.3 1.1
v 4 9.3 0.9
v 4 9.3 0.6
v 4 9.3 0.5
v 4 9.3 0.3
v 4 9.3 -2
v 4 9.3 -2.1
v 4 9.3 -2.2
v 4 9.4 1.5
v 4 9.4 1.3
v 4 9.4 1.1
v 4 9.4 0.5
v 4 9.4 0.3
v 4 9.4 0.2
v 4 9.4 -1.9
v 4 9.4 -2
v 4 9.4 -2.1
v 4 9.5 1.7
v 4 9.5 1.5
v 4 9.5 1.3
v 4 9.5 0.3
v 4 9.5 0.2
v 4 9.5 0.0999999
v 4 9.6 1.9
v 4 9.6 1.7
v 4 9.6 1.5
v 4 9.6 0.2
v 4 9.6 0.0999999
v 4 9.6 -0.1
v 4 9.6 -1.8
v 4 9.6 -1.9
v 4 9.6 -2
v 4 9.6 -3.3
v 4 9.6 -3.4
v 4 9.6 -3.5
v 4 9.7 1.9
v 4 9.7 1.7
v 4 9.7 0.0999999
v 4 9.7 -0.1
v 4 9.7 -0.2
v 4 9.7 -1.7
v 4 9.7 -1.8
v 4 9.7 -1.9
v 4 9.8 2.9
v 4 9.8 0.0999999
v 4 9.8 0
v 4 9.8 -0.1
v 4 9.8 -0.2
v 4 9.8 -1.7
v 4 9.8 -1.8
v 4 9.8 -3.3
v 4 9.8 -3.4
v 4 9.8 -3.9
v 4 9.9 0.0999999
v 4 9.9 0
v 4 9.9 -0.2
v 4 9.9 -1.6
v 4 9.9 -1.7
v 4 9.9 -1.8
v 4 10 0
v 4 10 -0.2
v 4 10 -0.4
v 4 10 -1.6
v 4 10 -1.7
v 4 10.1 -0.2
v 4 10.1 -0.4
v 4.1 0.4 4.2
v 4.1 0.4 3.6
v 4.1 0.4 3
v 4.1 0.4 -4
v 4.1 0.7 4.2
v 4.1 0.7 3.6
v 4.1 0.7 0.2
v 4.1 0.7 0.0999999
v 4.1 0.9 0.0999999
v 4.1 0.9 -0.1
v 4.1 1 3
v 4.1 1 0.2
v 4.1 1 -0.1
v 4.1 1 -4
v 4.1 1.1 4.2
v 4.1 1.1 3.6
v 4.1 1.2 4.2
v 4.1 1.2 3.6
v 4.1 2.6 2.9
v 4.1 2.6 2.1
v 4.1 2.6 2
v 4.1 2.6 0.8
v 4.1 2.6 0.7
v 4.1 2.6 -3.4
v 4.1 2.6 -3.5
v 4.1 2.6 -4
v 4.1 2.7 2.2
v 4.1 2.7 2.1
v 4.1 2.7 2
v 4.1 2.7 0.7
v 4.1 2.7 0.6
v 4.1 2.7 -3.3
v 4.1 2.7 -3.4
v 4.1 2.8 2.9
v 4.1 2.8 2.2
v 4.1 2.8 2.1
v 4.1 2.8 0.8
v 4.1 2.8 0.6
v 4.1 2.8 -3.3
v 4.1 2.8 -3.5
v 4.1 2.8 -4
v 4.1 4.4 2.9
v 4.1 4.4 0
v 4.1 4.4 -0.1
v 4.1 4.4 -2.3
v 4.1 4.4 -2.4
v 4.1 4.4 -4
v 4.1 4.5 2.1
v 4.1 4.5 2
v 4.1 4.5 0
v 4.1 4.5 -0.1
v 4.1 4.5 -0.4
v 4.1 4.5 -2.4
v 4.1 4.5 -2.5
v 4.1 4.6 2.9
v 4.1 4.6 2.1
v 4.1 4.6 2
v 4.1 4.6 -0.1
v 4.1 4.6 -0.4
v 4.1 4.6 -2.3
v 4.1 4.6 -2.5
v 4.1 4.6 -4
v 4.1 6.2 3
v 4.1 6.2 2.4
v 4.1 6.2 2.3
v 4.1 6.2 -0.6
v 4.1 6.2 -0.9
v 4.1 6.2 -4
v 4.1 6.3 2.3
v 4.1 6.3 2.2
v 4.1 6.3 -0.6
v 4.1 6.3 -0.9
v 4.1 6.3 -1.6
v 4.1 6.4 3
v 4.1 6.4 2.4
v 4.1 6.4 2.2
v 4.1 6.4 -0.9
v 4.1 6.4 -1.6
v 4.1 6.4 -4
v 4.1 8 3
v 4.1 8 0.6
v 4.1 8 0.5
v 4.1 8 -4
v 4.1 8.1 0.6
v 4.1 8.1 0.5
v 4.1 8.2 3
v 4.1 8.2 -4
v 4.1 9.8 3
v 4.1 9.8 0.0999999
v 4.1 9.8 0
v 4.1 9.8 -1.7
v 4.1 9.8 -1.8
v 4.1 9.8 -4
v 4.1 9.9 0.0999999
v 4.1 9.9 0
v 4.1 9.9 -0.2
v 4.1 9.9 -1.6
v 4.1 9.9 -1.7
v 4.1 9.9 -1.8
v 4.1 10 0
v 4.1 10 -0.2
v 4.1 10 -0.4
v 4.1 10 -1.6
v 4.1 10 -1.7
v 4.1 10.1 -0.2
v 4.1 10.1 -0.4
v 4.1 10.2 3
v 4.1 10.2 -4
v 4.2 0.4 3.5
v 4.2 0.4 3.4
v 4.2 0.5 3.5
v 4.2 0.5 3.4
v 4.3 0.4 3.2
v 4.3 0.4 3.1
v 4.3 0.4 -0.3
v 4.3 0.4 -0.4
v 4.3 0.4 -1.1
v 4.3 0.4 -1.2
v 4.3 0.5 3.2
v 4.3 0.5 3.1
v 4.3 0.5 -1
v 4.3 0.5 -1.1
v 4.3 0.5 -1.2
v 4.3 0.6 -0.3
v 4.3 0.6 -0.4
v 4.3 0.6 -1
v 4.3 0.6 -1.1
v 4.4 0.4 3
v 4.4 0.4 2.8
v 4.4 0.4 2.5
v 4.4 0.4 2.4
v 4.4 0.4 0.9
v 4.4 0.4 0.8
v 4.4 0.5 3
v 4.4 0.5 2.8
v 4.4 0.5 2.5
v 4.4 0.5 2.4
v 4.4 0.5 0.9
v 4.4 0.5 0.8
v 4.5 0.4 1.8
v 4.5 0.4 1.7
v 4.5 0.4 1.1
v 4.5 0.4 1
v 4.5 0.4 0.8
v 4.5 0.4 0.7
v 4.5 0.4 0.6
v 4.5 0.4 0.5
v 4.5 0.4 0.4
v 4.5 0.4 -0.5
v 4.5 0.4 -0.6
v 4.5 0.5 1.8
v 4.5 0.5 1.7
v 4.5 0.5 1.1
v 4.5 0.5 1
v 4.5 0.5 0.8
v 4.5 0.5 0.7
v 4.5 0.5 0.6
v 4.5 0.5 0.5
v 4.5 0.5 0.4
v 4.5 0.5 -0.5
v 4.5 0.5 -0.6
v 4.5 0.6 0.8
v 4.5 0.6 0.6
v 4.5 0.6 -1.1
v 4.5 0.6 -1.2
v 4.5 0.6 -1.3
v 4.5 0.6 -1.4
v 4.5 0.7 -1.1
v 4.5 0.7 -1.2
v 4.5 0.7 -1.3
v 4.5 0.7 -1.4
v 4.6 0.4 3.1
v 4.6 0.4 3
v 4.6 0.4 2.6
v 4.6 0.4 2.5
v 4.6 0.4 2.1
v 4.6 0.4 2
v 4.6 0.4 1.6
v 4.6 0.4 1.4
v 4.6 0.4 0.9
v 4.6 0.4 0.8
v 4.6 0.4 0.6
v 4.6 0.4 0.5
v 4.6 0.4 -0.2
v 4.6 0.4 -0.4
v 4.6 0.4 -1
v 4.6 0.4 -1.4
v 4.6 0.5 3.1
v 4.6 0.5 3
v 4.6 0.5 2.6
v 4.6 0.5 2.5
v 4.6 0.5 2.1
v 4.6 0.5 2
v 4.6 0.5 1.6
v 4.6 0.5 1.4
v 4.6 0.5 0.6
v 4.6 0.5 0.5
v 4.6 0.5 -0.2
v 4.6 0.5 -0.3
v 4.6 0.5 -1.2
v 4.6 0.5 -1.3
v 4.6 0.6 -0.3
v 4.6 0.6 -0.4
v 4.6 0.6 -1
v 4.6 0.6 -1.2
v 4.6 0.6 -1.3
v 4.6 0.6 -1.4
v 4.6 0.7 0.9
v 4.6 0.7 0.8
v 4.6 0.7 0.6
v 4.6 0.7 0.5
v 4.7 0.4 2
v 4.7 0.4 1.8
v 4.7 0.4 1.7
v 4.7 0.4 1.6
v 4.7 0.4 0.7
v 4.7 0.4 0.6
v 4.7 0.5 2
v 4.7 0.5 1.8
v 4.7 0.5 1.7
v 4.7 0.5 1.6
v 4.7 0.5 0.7
v 4.7 0.5 0.6
v 5.1 0 5
v 5.1 0 -5
v 5.1 0.4 5
v 5.1 0.4 -5
v -5 0 5
v -5 0.4 5
v 5.1 0 5
v 5.1 0.4 5
v -4 0.4 4.2
v -4 0.7 4.2
v -4 1.1 4.2
v -4 1.2 4.2
v -3.4 0.4 4.2
v -3.4 0.7 4.2
v -3.4 1.1 4.2
v -3.4 1.2 4.2
v -1.6 0.4 4.2
v -1.6 0.7 4.2
v -1.6 1.1 4.2
v -1.6 1.2 4.2
v -1 0.4 4.2
v -1 0.7 4.2
v -1 1.1 4.2
v -1 1.2 4.2
v 1.1 0.4 4.2
v 1.1 0.7 4.2
v 1.1 1.1 4.2
v 1.1 1.2 4.2
v 1.7 0.4 4.2
v 1.7 0.7 4.2
v 1.7 1.1 4.2
v 1.7 1.2 4.2
v 3.5 0.4 4.2
v 3.5 0.7 4.2
v 3.5 1.1 4.2
v 3.5 1.2 4.2
v 4.1 0.4 4.2
v 4.1 0.7 4.2
v 4.1 1.1 4.2
v 4.1 1.2 4.2
v -3.9 1.2 4.1
v -3.9 1.5 4.1
v -3.5 1.2 4.1
v -3.5 1.5 4.1
v -1.5 1.2 4.1
v -1.5 1.5 4.1
v -1.1 1.2 4.1
v -1.1 1.5 4.1
v -0.6 0.4 4.1
v -0.6 0.8 4.1
v -0.5 0.4 4.1
v -0.4 0.4 4.1
v -0.4 0.8 4.1
v 0.5 0.4 4.1
v 0.5 0.8 4.1
v 0.6 0.4 4.1
v 0.7 0.4 4.1
v 0.7 0.8 4.1
v 1.2 1.2 4.1
v 1.2 1.5 4.1
v 1.6 1.2 4.1
v 1.6 1.5 4.1
v 3.6 1.2 4.1
v 3.6 1.5 4.1
v 4 1.2 4.1
v 4 1.5 4.1
v -3.8 0.7 4
v -3.8 1.1 4
v -3.8 1.5 4
v -3.8 1.6 4
v -3.6 0.7 4
v -3.6 1.1 4
v -3.6 1.5 4
v -3.6 1.6 4
v -2.4 0.4 4
v -2.4 0.5 4
v -2.3 0.4 4
v -2.3 0.5 4
v -2.2 0.4 4
v -2.2 0.5 4
v -1.4 0.7 4
v -1.4 1.1 4
v -1.4 1.5 4
v -1.4 1.6 4
v -1.2 0.7 4
v -1.2 1.1 4
v -1.2 1.5 4
v -1.2 1.6 4
v 1.3 0.7 4
v 1.3 1.1 4
v 1.3 1.5 4
v 1.3 1.6 4
v 1.5 0.7 4
v 1.5 1.1 4
v 1.5 1.5 4
v 1.5 1.6 4
v 3.7 0.7 4
v 3.7 1.1 4
v 3.7 1.5 4
v 3.7 1.6 4
v 3.9 0.7 4
v 3.9 1.1 4
v 3.9 1.5 4
v 3.9 1.6 4
v -2.7 0.4 3.9
v -2.7 0.5 3.9
v -2.5 0.4 3.9
v -2.5 0.5 3.9
v -0.4 0.4 3.9
v -0.4 0.6 3.9
v 0.5 0.4 3.9
v 0.5 0.6 3.9
v -0.6 0.8 3.8
v -0.6 1 3.8
v -0.4 0.8 3.8
v -0.4 1 3.8
v 0.5 0.8 3.8
v 0.5 1 3.8
v 0.7 0.8 3.8
v 0.7 1 3.8
v -0.4 0.6 3.6
v -0.4 0.8 3.6
v 0.5 0.6 3.6
v 0.5 0.8 3.6
v -0.6 1 3.5
v -0.6 1.2 3.5
v -0.4 0.9 3.5
v -0.4 1 3.5
v -0.4 1.2 3.5
v -0.3 0.9 3.5
v -0.3 1 3.5
v 0.5 1 3.5
v 0.5 1.2 3.5
v 0.7 1 3.5
v 0.7 1.2 3.5
v 4.1 0.4 3.5
v 4.1 0.5 3.5
v 4.2 0.4 3.5
v 4.2 0.5 3.5
v -0.7 4.8 3.4
v -0.7 4.9 3.4
v -0.7 6.6 3.4
v -0.7 6.7 3.4
v -0.7 6.8 3.4
v -0.7 8.6 3.4
v -0.7 8.7 3.4
v -0.6 4.9 3.4
v -0.6 5 3.4
v -0.6 6.7 3.4
v -0.6 6.8 3.4
v -0.6 8.6 3.4
v -0.6 8.7 3.4
v -0.5 4.8 3.4
v -0.5 4.9 3.4
v -0.5 5 3.4
v -0.5 6.6 3.4
v -0.5 6.7 3.4
v -0.4 8.4 3.4
v -0.4 8.5 3.4
v -0.3 0.8 3.4
v -0.3 0.9 3.4
v -0.3 6.6 3.4
v -0.3 6.7 3.4
v -0.3 6.8 3.4
v -0.2 0.8 3.4
v -0.2 0.9 3.4
v -0.2 6.6 3.4
v -0.2 6.7 3.4
v -0.2 6.8 3.4
v -0.2 6.9 3.4
v -0.2 8.4 3.4
v -0.2 8.5 3.4
v -0.0999999 0.8 3.4
v -0.0999999 0.9 3.4
v -0.0999999 1 3.4
v -0.0999999 6.6 3.4
v -0.0999999 6.7 3.4
v -0.0999999 6.8 3.4
v -0.0999999 6.9 3.4
v -0.0999999 8.5 3.4
v -0.0999999 8.6 3.4
v 0 0.8 3.4
v 0 0.9 3.4
v 0 1 3.4
v 0 3 3.4
v 0 3.1 3.4
v 0 6.7 3.4
v 0 6.8 3.4
v 0 8.4 3.4
v 0 8.5 3.4
v 0 8.6 3.4
v 0.1 6.6 3.4
v 0.1 6.7 3.4
v 0.1 8.4 3.4
v 0.1 8.5 3.4
v 0.2 3 3.4
v 0.2 3.1 3.4
v 0.2 6.6 3.4
v 0.2 6.7 3.4
v 0.2 8.4 3.4
v 0.2 8.5 3.4
v 0.3 0.8 3.4
v 0.3 0.9 3.4
v 0.3 8.4 3.4
v 0.3 8.5 3.4
v 0.3 8.6 3.4
v 0.3 8.7 3.4
v 0.4 0.8 3.4
v 0.4 0.9 3.4
v 0.4 6.6 3.4
v 0.4 6.7 3.4
v 0.4 8.5 3.4
v 0.4 8.6 3.4
v 0.4 8.7 3.4
v 0.5 1.2 3.4
v 0.5 1.3 3.4
v 0.6 1.2 3.4
v 0.6 1.3 3.4
v 0.6 3.1 3.4
v 0.6 3.2 3.4
v 0.6 4.8 3.4
v 0.6 4.9 3.4
v 0.6 5 3.4
v 0.6 6.7 3.4
v 0.6 6.8 3.4
v 0.6 6.9 3.4
v 0.7 3.1 3.4
v 0.7 3.2 3.4
v 0.7 4.8 3.4
v 0.7 4.9 3.4
v 0.7 5 3.4
v 0.7 6.6 3.4
v 0.7 6.7 3.4
v 0.7 6.8 3.4
v 0.7 6.9 3.4
v 0.8 6.6 3.4
v 0.8 6.7 3.4
v 0.8 6.8 3.4
v -0.8 3 3.3
v -0.8 3.1 3.3
v -0.8 4.7 3.3
v -0.8 4.9 3.3
v -0.8 5 3.3
v -0.7 2.6 3.3
v -0.7 2.8 3.3
v -0.7 3 3.3
v -0.7 3.1 3.3
v -0.7 3.2 3.3
v -0.7 3.3 3.3
v -0.7 4.4 3.3
v -0.7 4.6 3.3
v -0.7 4.7 3.3
v -0.7 4.8 3.3
v -0.7 4.9 3.3
v -0.7 5 3.3
v -0.7 6.2 3.3
v -0.7 6.4 3.3
v -0.7 6.6 3.3
v -0.7 6.8 3.3
v -0.7 6.9 3.3
v -0.7 8 3.3
v -0.7 8.2 3.3
v -0.7 8.5 3.3
v -0.7 8.6 3.3
v -0.7 9.8 3.3
v -0.7 10 3.3
v -0.6 3.2 3.3
v -0.6 3.3 3.3
v -0.6 4.9 3.3
v -0.6 5 3.3
v -0.6 6.7 3.3
v -0.6 6.8 3.3
v -0.6 6.9 3.3
v -0.6 8.5 3.3
v -0.6 8.6 3.3
v -0.5 2.8 3.3
v -0.5 3 3.3
v -0.5 4.6 3.3
v -0.5 4.8 3.3
v -0.5 4.9 3.3
v -0.5 6.4 3.3
v -0.5 6.6 3.3
v -0.5 6.7 3.3
v -0.5 6.8 3.3
v -0.5 8.2 3.3
v -0.5 8.4 3.3
v -0.4 0.8 3.3
v -0.4 1 3.3
v -0.4 8.4 3.3
v -0.4 8.5 3.3
v -0.4 8.6 3.3
v -0.3 0.8 3.3
v -0.3 0.9 3.3
v -0.3 2.8 3.3
v -0.3 3 3.3
v -0.3 4.6 3.3
v -0.3 4.8 3.3
v -0.3 6.4 3.3
v -0.3 6.6 3.3
v -0.3 6.7 3.3
v -0.3 6.8 3.3
v -0.3 6.9 3.3
v -0.3 8.2 3.3
v -0.3 8.4 3.3
v -0.2 0.8 3.3
v -0.2 0.9 3.3
v -0.2 6.6 3.3
v -0.2 6.7 3.3
v -0.2 6.8 3.3
v -0.2 6.9 3.3
v -0.2 8.4 3.3
v -0.2 8.5 3.3
v -0.2 8.6 3.3
v -0.2 8.7 3.3
v -0.0999999 0.8 3.3
v -0.0999999 0.9 3.3
v -0.0999999 1 3.3
v -0.0999999 2.8 3.3
v -0.0999999 3 3.3
v -0.0999999 3.1 3.3
v -0.0999999 3.2 3.3
v -0.0999999 3.3 3.3
v -0.0999999 4.6 3.3
v -0.0999999 4.8 3.3
v -0.0999999 6.4 3.3
v -0.0999999 6.6 3.3
v -0.0999999 6.7 3.3
v -0.0999999 8.2 3.3
v -0.0999999 8.4 3.3
v -0.0999999 8.5 3.3
v -0.0999999 8.6 3.3
v -0.0999999 8.7 3.3
v 0 0.8 3.3
v 0 0.9 3.3
v 0 1 3.3
v 0 3 3.3
v 0 3.1 3.3
v 0 3.2 3.3
v 0 3.3 3.3
v 0 4.8 3.3
v 0 4.9 3.3
v 0 6.7 3.3
v 0 6.8 3.3
v 0 6.9 3.3
v 0 8.4 3.3
v 0 8.5 3.3
v 0 8.6 3.3
v 0.1 3.1 3.3
v 0.1 3.2 3.3
v 0.1 6.6 3.3
v 0.1 6.7 3.3
v 0.1 6.8 3.3
v 0.1 6.9 3.3
v 0.1 8.4 3.3
v 0.1 8.5 3.3
v 0.1 8.6 3.3
v 0.2 2.8 3.3
v 0.2 3 3.3
v 0.2 3.1 3.3
v 0.2 4.6 3.3
v 0.2 4.9 3.3
v 0.2 6.4 3.3
v 0.2 6.6 3.3
v 0.2 6.7 3.3
v 0.2 6.8 3.3
v 0.2 8.2 3.3
v 0.2 8.4 3.3
v 0.2 8.5 3.3
v 0.2 8.6 3.3
v 0.3 0.8 3.3
v 0.3 0.9 3.3
v 0.3 6.8 3.3
v 0.3 6.9 3.3
v 0.3 8.4 3.3
v 0.3 8.5 3.3
v 0.3 8.6 3.3
v 0.4 0.8 3.3
v 0.4 0.9 3.3
v 0.4 2.8 3.3
v 0.4 3 3.3
v 0.4 3.1 3.3
v 0.4 3.2 3.3
v 0.4 4.6 3.3
v 0.4 4.8 3.3
v 0.4 6.4 3.3
v 0.4 6.6 3.3
v 0.4 6.7 3.3
v 0.4 6.8 3.3
v 0.4 6.9 3.3
v 0.4 8.2 3.3
v 0.4 8.4 3.3
v 0.4 8.5 3.3
v 0.5 0.8 3.3
v 0.5 1 3.3
v 0.5 3.1 3.3
v 0.5 3.2 3.3
v 0.5 4.9 3.3
v 0.5 5 3.3
v 0.6 2.8 3.3
v 0.6 3 3.3
v 0.6 3.1 3.3
v 0.6 4.6 3.3
v 0.6 4.8 3.3
v 0.6 4.9 3.3
v 0.6 5 3.3
v 0.6 6.4 3.3
v 0.6 6.6 3.3
v 0.6 6.7 3.3
v 0.6 8.2 3.3
v 0.6 8.4 3.3
v 0.7 3.1 3.3
v 0.7 3.2 3.3
v 0.7 4.8 3.3
v 0.7 4.9 3.3
v 0.7 6.6 3.3
v 0.7 6.7 3.3
v 0.7 8.5 3.3
v 0.7 8.6 3.3
v 0.7 8.7 3.3
v 0.8 2.6 3.3
v 0.8 2.8 3.3
v 0.8 3.1 3.3
v 0.8 3.2 3.3
v 0.8 4.4 3.3
v 0.8 4.6 3.3
v 0.8 4.9 3.3
v 0.8 6.2 3.3
v 0.8 6.4 3.3
v 0.8 6.6 3.3
v 0.8 6.7 3.3
v 0.8 6.8 3.3
v 0.8 8 3.3
v 0.8 8.2 3.3
v 0.8 8.5 3.3
v 0.8 8.6 3.3
v 0.8 8.7 3.3
v 0.8 9.8 3.3
v 0.8 10 3.3
v 0.9 6.7 3.3
v 0.9 6.8 3.3
v 0.9 8.5 3.3
v 0.9 8.6 3.3
v -1.2 0.4 3.2
v -1.2 0.5 3.2
v -1.1 0.4 3.2
v -1.1 0.5 3.2
v -1 0.4 3.2
v -1 0.5 3.2
v -0.8 3.1 3.2
v -0.8 3.2 3.2
v -0.8 6.6 3.2
v -0.8 6.7 3.2
v -0.8 8.4 3.2
v -0.8 8.5 3.2
v -0.7 3.1 3.2
v -0.7 3.2 3.2
v -0.7 5 3.2
v -0.7 5.1 3.2
v -0.7 6.6 3.2
v -0.7 6.7 3.2
v -0.7 8.4 3.2
v -0.7 8.5 3.2
v -0.6 2.5 3.2
v -0.6 2.6 3.2
v -0.6 3.2 3.2
v -0.6 4.3 3.2
v -0.6 4.4 3.2
v -0.6 5 3.2
v -0.6 5.1 3.2
v -0.6 6.1 3.2
v -0.6 6.2 3.2
v -0.6 7.9 3.2
v -0.6 8 3.2
v -0.6 8.5 3.2
v -0.6 8.6 3.2
v -0.6 8.7 3.2
v -0.6 9.7 3.2
v -0.6 9.8 3.2
v -0.5 3.1 3.2
v -0.5 3.2 3.2
v -0.5 5 3.2
v -0.5 5.1 3.2
v -0.5 8.5 3.2
v -0.5 8.6 3.2
v -0.5 8.7 3.2
v -0.2 1 3.2
v -0.2 1.1 3.2
v -0.0999999 1 3.2
v -0.0999999 1.1 3.2
v 0 4.8 3.2
v 0 4.9 3.2
v 0.2 4.8 3.2
v 0.2 4.9 3.2
v 0.3 8.6 3.2
v 0.3 8.7 3.2
v 0.4 8.5 3.2
v 0.4 8.6 3.2
v 0.4 8.7 3.2
v 0.5 8.5 3.2
v 0.5 8.6 3.2
v 0.6 3.2 3.2
v 0.6 3.3 3.2
v 0.7 2.5 3.2
v 0.7 2.6 3.2
v 0.7 4.3 3.2
v 0.7 4.4 3.2
v 0.7 4.9 3.2
v 0.7 5 3.2
v 0.7 5.1 3.2
v 0.7 6.1 3.2
v 0.7 6.2 3.2
v 0.7 6.8 3.2
v 0.7 6.9 3.2
v 0.7 7.9 3.2
v 0.7 8 3.2
v 0.7 9.7 3.2
v 0.7 9.8 3.2
v 0.8 3 3.2
v 0.8 3.1 3.2
v 0.8 3.2 3.2
v 0.8 3.3 3.2
v 0.8 4.8 3.2
v 0.8 4.9 3.2
v 0.8 5 3.2
v 0.8 5.1 3.2
v 0.8 6.6 3.2
v 0.8 6.7 3.2
v 0.8 6.8 3.2
v 0.8 6.9 3.2
v 0.8 8.4 3.2
v 0.8 8.5 3.2
v 0.9 3 3.2
v 0.9 3.1 3.2
v 0.9 4.8 3.2
v 0.9 4.9 3.2
v 0.9 6.6 3.2
v 0.9 6.7 3.2
v 0.9 8.4 3.2
v 0.9 8.5 3.2
v 4.2 0.4 3.2
v 4.2 0.5 3.2
v 4.3 0.4 3.2
v 4.3 0.5 3.2
v -3.2 0.8 3.1
v -3.2 0.9 3.1
v -3.1 0.8 3.1
v -3.1 0.9 3.1
v -2.9 0.8 3.1
v -2.9 0.9 3.1
v -2.8 0.8 3.1
v -2.8 0.9 3.1
v -2.8 1 3.1
v -2.7 0.8 3.1
v -2.7 0.9 3.1
v -2.7 1 3.1
v -2.6 0.7 3.1
v -2.6 0.8 3.1
v -2.6 0.9 3.1
v -2.6 1 3.1
v -2.4 0.7 3.1
v -2.4 1 3.1
v -0.8 8.5 3.1
v -0.8 8.6 3.1
v -0.7 8.5 3.1
v -0.7 8.6 3.1
v -0.0999999 1 3.1
v -0.0999999 1.1 3.1
v 0 1 3.1
v 0 1.1 3.1
v 0.1 1 3.1
v 0.1 1.1 3.1
v 0.2 1 3.1
v 0.2 1.1 3.1
v 0.6 8.5 3.1
v 0.6 8.6 3.1
v 0.7 8.5 3.1
v 0.7 8.6 3.1
v 4.5 0.4 3.1
v 4.5 0.5 3.1
v 4.6 0.4 3.1
v 4.6 0.5 3.1
v -4 0.4 3
v -4 1 3
v -4 2.6 3
v -4 2.8 3
v -4 4.4 3
v -4 4.6 3
v -4 6.2 3
v -4 6.4 3
v -4 8 3
v -4 8.2 3
v -4 9.8 3
v -4 10.2 3
v -3.9 2.6 3
v -3.9 2.7 3
v -3.8 2.6 3
v -3.8 2.7 3
v -3.5 4.4 3
v -3.5 4.5 3
v -3.4 4.4 3
v -3.4 4.5 3
v -3.4 4.6 3
v -3.4 8 3
v -3.4 8.2 3
v -3.3 2.9 3
v -3.3 3 3
v -3.3 4.4 3
v -3.3 4.5 3
v -3.3 4.6 3
v -3.3 4.7 3
v -3.3 4.8 3
v -3.3 6.5 3
v -3.3 6.6 3
v -3.3 8 3
v -3.3 8.2 3
v -3.2 0.8 3
v -3.2 0.9 3
v -3.2 1.1 3
v -3.2 1.2 3
v -3.2 4.4 3
v -3.2 4.5 3
v -3.2 8.1 3
v -3.2 8.2 3
v -3.1 0.8 3
v -3.1 0.9 3
v -3.1 8 3
v -3.1 8.1 3
v -3.1 8.2 3
v -3.1 8.3 3
v -3.1 8.4 3
v -3 8 3
v -3 8.1 3
v -2.9 0.8 3
v -2.9 0.9 3
v -2.8 0.8 3
v -2.8 0.9 3
v -2.8 1 3
v -2.7 0.8 3
v -2.7 0.9 3
v -2.7 1 3
v -2.6 0.7 3
v -2.6 0.8 3
v -2.6 0.9 3
v -2.6 1 3
v -2.4 0.7 3
v -2.4 1 3
v -1.5 1.1 3
v -1.5 1.2 3
v -1.5 2.9 3
v -1.5 3 3
v -1.5 4.7 3
v -1.5 4.8 3
v -1.5 6.5 3
v -1.5 6.6 3
v -1.5 8.3 3
v -1.5 8.4 3
v -1.4 8 3
v -1.4 8.1 3
v -1.3 8 3
v -1.3 8.1 3
v -1.3 8.2 3
v -1.2 8.1 3
v -1.2 8.2 3
v -0.9 4.5 3
v -0.9 4.6 3
v -0.8 4.5 3
v -0.8 4.6 3
v -0.7 2.6 3
v -0.7 2.8 3
v -0.7 4.4 3
v -0.7 4.6 3
v -0.7 6.2 3
v -0.7 6.4 3
v -0.7 8 3
v -0.7 8.2 3
v -0.7 9.8 3
v -0.7 10 3
v -0.6 0.4 3
v -0.6 1 3
v 0.7 0.4 3
v 0.7 1 3
v 0.7 8 3
v 0.7 8.1 3
v 0.8 0.9 3
v 0.8 1 3
v 0.8 2.6 3
v 0.8 2.8 3
v 0.8 4.4 3
v 0.8 4.6 3
v 0.8 6.2 3
v 0.8 6.4 3
v 0.8 8 3
v 0.8 8.1 3
v 0.8 8.2 3
v 0.8 9.8 3
v 0.8 10 3
v 0.9 0.9 3
v 0.9 1 3
v 0.9 8 3
v 0.9 8.1 3
v 0.9 8.2 3
v 1 8.1 3
v 1 8.2 3
v 1.5 8.1 3
v 1.5 8.2 3
v 1.6 1.1 3
v 1.6 1.2 3
v 1.6 2.9 3
v 1.6 3 3
v 1.6 4.7 3
v 1.6 4.8 3
v 1.6 6.5 3
v 1.6 6.6 3
v 1.6 8 3
v 1.6 8.1 3
v 1.6 8.2 3
v 1.6 8.3 3
v 1.6 8.4 3
v 1.7 8 3
v 1.7 8.1 3
v 3.4 1.1 3
v 3.4 1.2 3
v 3.4 2.9 3
v 3.4 3 3
v 3.4 4.7 3
v 3.4 4.8 3
v 3.4 6.5 3
v 3.4 6.6 3
v 3.4 8.3 3
v 3.4 8.4 3
v 3.5 2.6 3
v 3.5 2.8 3
v 3.5 8 3
v 3.5 8.2 3
v 3.6 2.6 3
v 3.6 2.8 3
v 3.6 8 3
v 3.6 8.2 3
v 3.7 2.6 3
v 3.7 2.8 3
v 3.7 9.8 3
v 3.7 10 3
v 3.8 8 3
v 3.8 8.2 3
v 3.9 8 3
v 3.9 8.2 3
v 3.9 9.8 3
v 3.9 10 3
v 4 4.4 3
v 4 4.6 3
v 4.1 0.4 3
v 4.1 1 3
v 4.1 6.2 3
v 4.1 6.4 3
v 4.1 8 3
v 4.1 8.2 3
v 4.1 9.8 3
v 4.1 10.2 3
v 4.3 0.4 3
v 4.3 0.5 3
v 4.4 0.4 3
v 4.4 0.5 3
v -3.9 1 2.9
v -3.9 2.4 2.9
v -3.9 2.6 2.9
v -3.9 2.7 2.9
v -3.9 2.8 2.9
v -3.9 3 2.9
v -3.9 3.2 2.9
v -3.9 4.4 2.9
v -3.9 4.6 2.9
v -3.9 5.5 2.9
v -3.9 5.6 2.9
v -3.9 6.2 2.9
v -3.9 6.6 2.9
v -3.9 8 2.9
v -3.9 8.2 2.9
v -3.9 9.8 2.9
v -3.8 2.2 2.9
v -3.8 2.4 2.9
v -3.8 2.6 2.9
v -3.8 2.7 2.9
v -3.8 3 2.9
v -3.8 3.2 2.9
v -3.8 3.5 2.9
v -3.8 5.5 2.9
v -3.8 5.6 2.9
v -3.8 6.4 2.9
v -3.8 6.6 2.9
v -3.8 7 2.9
v -3.7 2 2.9
v -3.7 2.2 2.9
v -3.7 2.4 2.9
v -3.7 3.2 2.9
v -3.7 3.5 2.9
v -3.7 3.9 2.9
v -3.7 5.3 2.9
v -3.7 5.5 2.9
v -3.7 6.6 2.9
v -3.7 7 2.9
v -3.7 7.4 2.9
v -3.6 1.8 2.9
v -3.6 2 2.9
v -3.6 2.2 2.9
v -3.6 3.5 2.9
v -3.6 3.9 2.9
v -3.6 4.2 2.9
v -3.6 5.1 2.9
v -3.6 5.3 2.9
v -3.6 5.5 2.9
v -3.6 7 2.9
v -3.6 7.4 2.9
v -3.6 7.8 2.9
v -3.6 9.3 2.9
v -3.6 9.5 2.9
v -3.5 1.6 2.9
v -3.5 1.8 2.9
v -3.5 2 2.9
v -3.5 3.9 2.9
v -3.5 4.2 2.9
v -3.5 4.4 2.9
v -3.5 4.5 2.9
v -3.5 4.8 2.9
v -3.5 5.1 2.9
v -3.5 5.3 2.9
v -3.5 7.4 2.9
v -3.5 7.8 2.9
v -3.5 8 2.9
v -3.5 9 2.9
v -3.5 9.3 2.9
v -3.5 9.5 2.9
v -3.4 1.4 2.9
v -3.4 1.6 2.9
v -3.4 1.8 2.9
v -3.4 4.2 2.9
v -3.4 4.4 2.9
v -3.4 4.5 2.9
v -3.4 4.6 2.9
v -3.4 4.8 2.9
v -3.4 5.1 2.9
v -3.4 7.8 2.9
v -3.4 8 2.9
v -3.4 8.2 2.9
v -3.4 8.4 2.9
v -3.4 8.6 2.9
v -3.4 9 2.9
v -3.4 9.3 2.9
v -3.3 1.2 2.9
v -3.3 1.4 2.9
v -3.3 1.6 2.9
v -3.3 2.9 2.9
v -3.3 3 2.9
v -3.3 4.4 2.9
v -3.3 4.5 2.9
v -3.3 4.6 2.9
v -3.3 4.7 2.9
v -3.3 4.8 2.9
v -3.3 6.5 2.9
v -3.3 6.6 2.9
v -3.3 8 2.9
v -3.3 8.2 2.9
v -3.3 8.4 2.9
v -3.3 8.6 2.9
v -3.3 9 2.9
v -3.2 1.1 2.9
v -3.2 1.2 2.9
v -3.2 1.4 2.9
v -3.2 2.3 2.9
v -3.2 3 2.9
v -3.2 4.4 2.9
v -3.2 4.5 2.9
v -3.2 4.8 2.9
v -3.2 5.9 2.9
v -3.2 6.6 2.9
v -3.2 7.7 2.9
v -3.2 8.1 2.9
v -3.2 8.2 2.9
v -3.2 8.4 2.9
v -3.2 8.6 2.9
v -3.2 9.5 2.9
v -3.1 4.1 2.9
v -3.1 4.4 2.9
v -3.1 7.9 2.9
v -3.1 8 2.9
v -3.1 8.1 2.9
v -3.1 8.2 2.9
v -3.1 8.3 2.9
v -3 7.9 2.9
v -3 8 2.9
v -3 8.1 2.9
v -1.6 1.2 2.9
v -1.6 2.3 2.9
v -1.6 3 2.9
v -1.6 4.1 2.9
v -1.6 4.8 2.9
v -1.6 5.9 2.9
v -1.6 6.6 2.9
v -1.6 7.7 2.9
v -1.6 8.4 2.9
v -1.6 9.5 2.9
v -1.5 1.1 2.9
v -1.5 1.2 2.9
v -1.5 2.9 2.9
v -1.5 3 2.9
v -1.5 4.7 2.9
v -1.5 4.8 2.9
v -1.5 5.8 2.9
v -1.5 5.9 2.9
v -1.5 6.5 2.9
v -1.5 6.6 2.9
v -1.5 7.2 2.9
v -1.5 7.6 2.9
v -1.5 8.3 2.9
v -1.5 8.4 2.9
v -1.4 5.6 2.9
v -1.4 5.8 2.9
v -1.4 5.9 2.9
v -1.4 7.2 2.9
v -1.4 7.6 2.9
v -1.4 8 2.9
v -1.4 8.1 2.9
v -1.3 3.2 2.9
v -1.3 3.5 2.9
v -1.3 5.4 2.9
v -1.3 5.6 2.9
v -1.3 5.8 2.9
v -1.3 7.6 2.9
v -1.3 8 2.9
v -1.3 8.1 2.9
v -1.3 8.2 2.9
v -1.3 8.5 2.9
v -1.2 3.2 2.9
v -1.2 3.3 2.9
v -1.2 3.4 2.9
v -1.2 3.5 2.9
v -1.2 3.7 2.9
v -1.2 5.2 2.9
v -1.2 5.4 2.9
v -1.2 5.6 2.9
v -1.2 8.1 2.9
v -1.2 8.2 2.9
v -1.2 8.5 2.9
v -1.2 9.1 2.9
v -1.1 3.1 2.9
v -1.1 3.3 2.9
v -1.1 3.4 2.9
v -1.1 3.5 2.9
v -1.1 3.7 2.9
v -1.1 4 2.9
v -1.1 5 2.9
v -1.1 5.2 2.9
v -1.1 5.4 2.9
v -1.1 8.5 2.9
v -1.1 9.1 2.9
v -1.1 9.5 2.9
v -1 1 2.9
v -1 1.2 2.9
v -1 2.9 2.9
v -1 3.1 2.9
v -1 3.3 2.9
v -1 3.7 2.9
v -1 4 2.9
v -1 4.2 2.9
v -1 4.8 2.9
v -1 5 2.9
v -1 5.2 2.9
v -1 9.1 2.9
v -1 9.5 2.9
v -0.9 1 2.9
v -0.9 1.2 2.9
v -0.9 1.5 2.9
v -0.9 2.9 2.9
v -0.9 3.1 2.9
v -0.9 4 2.9
v -0.9 4.2 2.9
v -0.9 4.5 2.9
v -0.9 4.6 2.9
v -0.9 4.8 2.9
v -0.9 5 2.9
v -0.8 1.2 2.9
v -0.8 1.5 2.9
v -0.8 1.8 2.9
v -0.8 4.5 2.9
v -0.8 4.6 2.9
v -0.8 4.8 2.9
v -0.7 1.5 2.9
v -0.7 1.8 2.9
v -0.7 2 2.9
v -0.7 3 2.9
v -0.7 3.1 2.9
v -0.7 4.8 2.9
v -0.7 4.9 2.9
v -0.7 6.6 2.9
v -0.7 6.7 2.9
v -0.7 8.4 2.9
v -0.7 8.5 2.9
v -0.6 1 2.9
v -0.6 1.2 2.9
v -0.6 1.8 2.9
v -0.6 2 2.9
v -0.6 2.5 2.9
v -0.6 2.6 2.9
v -0.6 2.8 2.9
v -0.6 3 2.9
v -0.6 3.1 2.9
v -0.6 4.3 2.9
v -0.6 4.4 2.9
v -0.6 4.6 2.9
v -0.6 4.8 2.9
v -0.6 4.9 2.9
v -0.6 6.1 2.9
v -0.6 6.2 2.9
v -0.6 6.4 2.9
v -0.6 6.6 2.9
v -0.6 6.7 2.9
v -0.6 7.9 2.9
v -0.6 8 2.9
v -0.6 8.2 2.9
v -0.6 8.4 2.9
v -0.6 8.5 2.9
v -0.6 9.7 2.9
v -0.6 9.8 2.9
v -0.5 3 2.9
v -0.5 3.1 2.9
v -0.5 4.8 2.9
v -0.5 4.9 2.9
v -0.5 6.6 2.9
v -0.5 6.7 2.9
v -0.5 8.4 2.9
v -0.5 8.5 2.9
v -0.4 1.2 2.9
v -0.4 2.4 2.9
v -0.4 2.8 2.9
v -0.4 4.2 2.9
v -0.4 4.6 2.9
v -0.4 6 2.9
v -0.4 6.4 2.9
v -0.4 7.8 2.9
v -0.4 8.2 2.9
v -0.4 9.6 2.9
v -0.3 0.4 2.9
v -0.3 0.5 2.9
v 0.2 0.4 2.9
v 0.2 0.5 2.9
v 0.5 1.2 2.9
v 0.5 1.7 2.9
v 0.5 1.8 2.9
v 0.5 2 2.9
v 0.5 2.4 2.9
v 0.5 2.8 2.9
v 0.5 4.2 2.9
v 0.5 4.6 2.9
v 0.5 6 2.9
v 0.5 6.4 2.9
v 0.5 7.8 2.9
v 0.5 7.9 2.9
v 0.5 8.2 2.9
v 0.5 9.6 2.9
v 0.6 1.7 2.9
v 0.6 1.8 2.9
v 0.6 3 2.9
v 0.6 3.1 2.9
v 0.6 4.8 2.9
v 0.6 4.9 2.9
v 0.6 6.6 2.9
v 0.6 6.7 2.9
v 0.6 7.8 2.9
v 0.6 7.9 2.9
v 0.6 8 2.9
v 0.6 8.4 2.9
v 0.6 8.5 2.9
v 0.7 1 2.9
v 0.7 1.2 2.9
v 0.7 1.7 2.9
v 0.7 1.8 2.9
v 0.7 2 2.9
v 0.7 2.5 2.9
v 0.7 2.6 2.9
v 0.7 2.8 2.9
v 0.7 3 2.9
v 0.7 3.1 2.9
v 0.7 4.3 2.9
v 0.7 4.4 2.9
v 0.7 4.6 2.9
v 0.7 4.8 2.9
v 0.7 4.9 2.9
v 0.7 6.1 2.9
v 0.7 6.2 2.9
v 0.7 6.4 2.9
v 0.7 6.6 2.9
v 0.7 6.7 2.9
v 0.7 8 2.9
v 0.7 8.2 2.9
v 0.7 8.4 2.9
v 0.7 8.5 2.9
v 0.7 8.6 2.9
v 0.7 9.7 2.9
v 0.7 9.8 2.9
v 0.8 0.9 2.9
v 0.8 1 2.9
v 0.8 1.1 2.9
v 0.8 3 2.9
v 0.8 3.1 2.9
v 0.8 4.8 2.9
v 0.8 4.9 2.9
v 0.8 6.6 2.9
v 0.8 6.7 2.9
v 0.8 8 2.9
v 0.8 8.1 2.9
v 0.8 8.2 2.9
v 0.8 8.3 2.9
v 0.8 8.4 2.9
v 0.8 8.5 2.9
v 0.8 8.6 2.9
v 0.8 9.2 2.9
v 0.8 9.4 2.9
v 0.9 0.9 2.9
v 0.9 1 2.9
v 0.9 1.1 2.9
v 0.9 1.3 2.9
v 0.9 8 2.9
v 0.9 8.1 2.9
v 0.9 8.2 2.9
v 0.9 8.3 2.9
v 0.9 8.4 2.9
v 0.9 9 2.9
v 0.9 9.2 2.9
v 0.9 9.4 2.9
v 1 1.1 2.9
v 1 1.3 2.9
v 1 1.4 2.9
v 1 3.2 2.9
v 1 3.5 2.9
v 1 6.1 2.9
v 1 6.2 2.9
v 1 8.1 2.9
v 1 8.2 2.9
v 1 8.3 2.9
v 1 8.4 2.9
v 1 8.5 2.9
v 1 8.8 2.9
v 1 9 2.9
v 1 9.2 2.9
v 1.1 1.3 2.9
v 1.1 1.4 2.9
v 1.1 1.5 2.9
v 1.1 3.2 2.9
v 1.1 3.5 2.9
v 1.1 4 2.9
v 1.1 6 2.9
v 1.1 6.1 2.9
v 1.1 6.2 2.9
v 1.1 8.4 2.9
v 1.1 8.5 2.9
v 1.1 8.8 2.9
v 1.1 9 2.9
v 1.2 1.4 2.9
v 1.2 1.5 2.9
v 1.2 1.7 2.9
v 1.2 3.5 2.9
v 1.2 4 2.9
v 1.2 4.3 2.9
v 1.2 5.9 2.9
v 1.2 6 2.9
v 1.2 6.1 2.9
v 1.2 8.7 2.9
v 1.2 8.8 2.9
v 1.3 1.5 2.9
v 1.3 1.7 2.9
v 1.3 1.8 2.9
v 1.3 4 2.9
v 1.3 4.3 2.9
v 1.3 5.8 2.9
v 1.3 5.9 2.9
v 1.3 6 2.9
v 1.3 8.3 2.9
v 1.3 8.5 2.9
v 1.3 8.7 2.9
v 1.3 8.8 2.9
v 1.4 1.7 2.9
v 1.4 1.8 2.9
v 1.4 5.7 2.9
v 1.4 5.8 2.9
v 1.4 5.9 2.9
v 1.4 8.2 2.9
v 1.4 8.3 2.9
v 1.4 8.5 2.9
v 1.4 8.7 2.9
v 1.4 8.8 2.9
v 1.4 8.9 2.9
v 1.5 5.6 2.9
v 1.5 5.7 2.9
v 1.5 5.8 2.9
v 1.5 7.8 2.9
v 1.5 8 2.9
v 1.5 8.1 2.9
v 1.5 8.2 2.9
v 1.5 8.3 2.9
v 1.5 8.8 2.9
v 1.5 8.9 2.9
v 1.5 9 2.9
v 1.6 1.1 2.9
v 1.6 1.2 2.9
v 1.6 2.9 2.9
v 1.6 3 2.9
v 1.6 4.7 2.9
v 1.6 4.8 2.9
v 1.6 5.5 2.9
v 1.6 5.6 2.9
v 1.6 5.7 2.9
v 1.6 6.5 2.9
v 1.6 6.6 2.9
v 1.6 7.6 2.9
v 1.6 7.8 2.9
v 1.6 8 2.9
v 1.6 8.1 2.9
v 1.6 8.2 2.9
v 1.6 8.3 2.9
v 1.6 8.4 2.9
v 1.6 8.9 2.9
v 1.6 9 2.9
v 1.6 9.2 2.9
v 1.7 1.2 2.9
v 1.7 2.3 2.9
v 1.7 3 2.9
v 1.7 4.1 2.9
v 1.7 4.8 2.9
v 1.7 5.5 2.9
v 1.7 5.6 2.9
v 1.7 5.9 2.9
v 1.7 6.6 2.9
v 1.7 7.6 2.9
v 1.7 7.7 2.9
v 1.7 7.8 2.9
v 1.7 8 2.9
v 1.7 8.1 2.9
v 1.7 8.4 2.9
v 1.7 9 2.9
v 1.7 9.2 2.9
v 1.7 9.5 2.9
v 3.3 1.2 2.9
v 3.3 2.1 2.9
v 3.3 3 2.9
v 3.3 4.1 2.9
v 3.3 4.8 2.9
v 3.3 5.9 2.9
v 3.3 6.6 2.9
v 3.3 7.2 2.9
v 3.3 7.6 2.9
v 3.3 7.7 2.9
v 3.3 8.4 2.9
v 3.3 9.5 2.9
v 3.4 1.1 2.9
v 3.4 1.2 2.9
v 3.4 2.1 2.9
v 3.4 2.3 2.9
v 3.4 2.6 2.9
v 3.4 2.9 2.9
v 3.4 3 2.9
v 3.4 4.7 2.9
v 3.4 4.8 2.9
v 3.4 6.5 2.9
v 3.4 6.6 2.9
v 3.4 7.2 2.9
v 3.4 7.6 2.9
v 3.4 8 2.9
v 3.4 8.3 2.9
v 3.4 8.4 2.9
v 3.5 2.3 2.9
v 3.5 2.6 2.9
v 3.5 2.8 2.9
v 3.5 3 2.9
v 3.5 7.6 2.9
v 3.5 8 2.9
v 3.5 8.2 2.9
v 3.5 8.6 2.9
v 3.5 9 2.9
v 3.5 9.3 2.9
v 3.6 2.6 2.9
v 3.6 2.8 2.9
v 3.6 3 2.9
v 3.6 3.3 2.9
v 3.6 8 2.9
v 3.6 8.2 2.9
v 3.6 8.6 2.9
v 3.6 9 2.9
v 3.6 9.3 2.9
v 3.6 9.8 2.9
v 3.7 2.2 2.9
v 3.7 2.6 2.9
v 3.7 2.8 2.9
v 3.7 3 2.9
v 3.7 3.3 2.9
v 3.7 3.5 2.9
v 3.7 8.2 2.9
v 3.7 8.6 2.9
v 3.7 9 2.9
v 3.7 9.4 2.9
v 3.7 9.8 2.9
v 3.7 10 2.9
v 3.8 1 2.9
v 3.8 1.3 2.9
v 3.8 2.8 2.9
v 3.8 3 2.9
v 3.8 3.3 2.9
v 3.8 3.5 2.9
v 3.8 7.5 2.9
v 3.8 8 2.9
v 3.8 8.2 2.9
v 3.8 9 2.9
v 3.8 9.4 2.9
v 3.8 9.8 2.9
v 3.9 1 2.9
v 3.9 1.2 2.9
v 3.9 1.3 2.9
v 3.9 2.8 2.9
v 3.9 3 2.9
v 3.9 4.4 2.9
v 3.9 6.9 2.9
v 3.9 7.5 2.9
v 3.9 8 2.9
v 3.9 8.2 2.9
v 3.9 9.8 2.9
v 3.9 10 2.9
v 4 1 2.9
v 4 1.2 2.9
v 4 1.3 2.9
v 4 2.2 2.9
v 4 2.6 2.9
v 4 2.8 2.9
v 4 4.4 2.9
v 4 4.6 2.9
v 4 6.2 2.9
v 4 6.4 2.9
v 4 6.9 2.9
v 4 7.5 2.9
v 4 8 2.9
v 4 8.2 2.9
v 4 9.8 2.9
v 4.1 2.6 2.9
v 4.1 2.8 2.9
v 4.1 4.4 2.9
v 4.1 4.6 2.9
v -3.9 2.4 2.8
v -3.9 2.6 2.8
v -3.9 3 2.8
v -3.9 3.2 2.8
v -3.9 5.5 2.8
v -3.9 5.6 2.8
v -3.9 6.4 2.8
v -3.9 6.6 2.8
v -3.8 2.2 2.8
v -3.8 2.4 2.8
v -3.8 2.6 2.8
v -3.8 3 2.8
v -3.8 3.2 2.8
v -3.8 3.5 2.8
v -3.8 5.5 2.8
v -3.8 5.6 2.8
v -3.8 6.4 2.8
v -3.8 6.6 2.8
v -3.8 7 2.8
v -3.7 2 2.8
v -3.7 2.2 2.8
v -3.7 2.4 2.8
v -3.7 3.2 2.8
v -3.7 3.5 2.8
v -3.7 3.9 2.8
v -3.7 5.3 2.8
v -3.7 5.5 2.8
v -3.7 6.6 2.8
v -3.7 7 2.8
v -3.7 7.4 2.8
v -3.6 1.8 2.8
v -3.6 2 2.8
v -3.6 2.2 2.8
v -3.6 3.5 2.8
v -3.6 3.9 2.8
v -3.6 4.2 2.8
v -3.6 5.1 2.8
v -3.6 5.3 2.8
v -3.6 5.5 2.8
v -3.6 7 2.8
v -3.6 7.4 2.8
v -3.6 7.8 2.8
v -3.6 9.3 2.8
v -3.6 9.5 2.8
v -3.5 1.6 2.8
v -3.5 1.8 2.8
v -3.5 2 2.8
v -3.5 3.9 2.8
v -3.5 4.2 2.8
v -3.5 4.4 2.8
v -3.5 4.8 2.8
v -3.5 5.1 2.8
v -3.5 5.3 2.8
v -3.5 7.4 2.8
v -3.5 7.8 2.8
v -3.5 8 2.8
v -3.5 9 2.8
v -3.5 9.3 2.8
v -3.5 9.5 2.8
v -3.4 1.4 2.8
v -3.4 1.6 2.8
v -3.4 1.8 2.8
v -3.4 4.2 2.8
v -3.4 4.4 2.8
v -3.4 4.6 2.8
v -3.4 4.8 2.8
v -3.4 5.1 2.8
v -3.4 7.8 2.8
v -3.4 8 2.8
v -3.4 8.2 2.8
v -3.4 8.4 2.8
v -3.4 8.6 2.8
v -3.4 9 2.8
v -3.4 9.3 2.8
v -3.3 1.2 2.8
v -3.3 1.4 2.8
v -3.3 1.6 2.8
v -3.3 4.6 2.8
v -3.3 4.8 2.8
v -3.3 8.2 2.8
v -3.3 8.4 2.8
v -3.3 8.6 2.8
v -3.3 9 2.8
v -3.2 1.2 2.8
v -3.2 1.4 2.8
v -3.2 2.3 2.8
v -3.2 3 2.8
v -3.2 4.1 2.8
v -3.2 4.4 2.8
v -3.2 4.8 2.8
v -3.2 5.9 2.8
v -3.2 6.6 2.8
v -3.2 7.7 2.8
v -3.2 8.2 2.8
v -3.2 8.4 2.8
v -3.2 8.5 2.8
v -3.2 8.6 2.8
v -3.2 9.5 2.8
v -3.1 1.3 2.8
v -3.1 2.2 2.8
v -3.1 3.1 2.8
v -3.1 4 2.8
v -3.1 4.1 2.8
v -3.1 4.4 2.8
v -3.1 4.9 2.8
v -3.1 5.8 2.8
v -3.1 6.7 2.8
v -3.1 7.6 2.8
v -3.1 7.9 2.8
v -3.1 8 2.8
v -3.1 8.2 2.8
v -3.1 8.4 2.8
v -3.1 8.5 2.8
v -3.1 9.4 2.8
v -3 3.6 2.8
v -3 3.7 2.8
v -3 7.9 2.8
v -3 8 2.8
v -3 8.4 2.8
v -3 8.5 2.8
v -2.9 3.5 2.8
v -2.9 3.6 2.8
v -2.9 3.7 2.8
v -2.8 3.4 2.8
v -2.8 3.5 2.8
v -2.8 3.6 2.8
v -2.7 1.3 2.8
v -2.7 2.2 2.8
v -2.7 3.1 2.8
v -2.7 3.3 2.8
v -2.7 3.4 2.8
v -2.7 3.5 2.8
v -2.7 4 2.8
v -2.7 4.9 2.8
v -2.7 5.8 2.8
v -2.7 6.7 2.8
v -2.7 7.6 2.8
v -2.7 8.5 2.8
v -2.7 9.4 2.8
v -2.6 1.3 2.8
v -2.6 2.2 2.8
v -2.6 3.1 2.8
v -2.6 3.2 2.8
v -2.6 3.3 2.8
v -2.6 3.4 2.8
v -2.6 4 2.8
v -2.6 4.9 2.8
v -2.6 5.8 2.8
v -2.6 6.7 2.8
v -2.6 7.6 2.8
v -2.6 8.5 2.8
v -2.6 9.4 2.8
v -2.5 3.1 2.8
v -2.5 3.2 2.8
v -2.5 3.3 2.8
v -2.4 3.1 2.8
v -2.4 3.2 2.8
v -2.2 1.3 2.8
v -2.2 2.2 2.8
v -2.2 3.1 2.8
v -2.2 4 2.8
v -2.2 4.9 2.8
v -2.2 5.8 2.8
v -2.2 6.7 2.8
v -2.2 7.6 2.8
v -2.2 8.5 2.8
v -2.2 9.4 2.8
v -2.1 1.3 2.8
v -2.1 2.2 2.8
v -2.1 3.1 2.8
v -2.1 4 2.8
v -2.1 4.9 2.8
v -2.1 5.8 2.8
v -2.1 6.7 2.8
v -2.1 7.6 2.8
v -2.1 8.5 2.8
v -2.1 9.4 2.8
v -1.7 1.3 2.8
v -1.7 2.2 2.8
v -1.7 3.1 2.8
v -1.7 4 2.8
v -1.7 4.9 2.8
v -1.7 5.8 2.8
v -1.7 6.7 2.8
v -1.7 7.6 2.8
v -1.7 8.5 2.8
v -1.7 9.4 2.8
v -1.6 1.2 2.8
v -1.6 2.3 2.8
v -1.6 3 2.8
v -1.6 4.1 2.8
v -1.6 4.8 2.8
v -1.6 5.9 2.8
v -1.6 6.6 2.8
v -1.6 7.7 2.8
v -1.6 8.4 2.8
v -1.6 9.5 2.8
v -1.5 5.8 2.8
v -1.5 5.9 2.8
v -1.5 7.2 2.8
v -1.5 7.6 2.8
v -1.4 5.6 2.8
v -1.4 5.8 2.8
v -1.4 5.9 2.8
v -1.4 7.2 2.8
v -1.4 7.6 2.8
v -1.4 8 2.8
v -1.3 3.2 2.8
v -1.3 3.3 2.8
v -1.3 3.4 2.8
v -1.3 3.5 2.8
v -1.3 5.4 2.8
v -1.3 5.6 2.8
v -1.3 5.8 2.8
v -1.3 7.6 2.8
v -1.3 8 2.8
v -1.3 8.2 2.8
v -1.3 8.5 2.8
v -1.2 3.2 2.8
v -1.2 3.3 2.8
v -1.2 3.4 2.8
v -1.2 3.5 2.8
v -1.2 3.7 2.8
v -1.2 5.2 2.8
v -1.2 5.4 2.8
v -1.2 5.6 2.8
v -1.2 8.2 2.8
v -1.2 8.5 2.8
v -1.2 9.1 2.8
v -1.1 3.1 2.8
v -1.1 3.3 2.8
v -1.1 3.4 2.8
v -1.1 3.5 2.8
v -1.1 3.7 2.8
v -1.1 4 2.8
v -1.1 5 2.8
v -1.1 5.2 2.8
v -1.1 5.4 2.8
v -1.1 8.5 2.8
v -1.1 9.1 2.8
v -1.1 9.5 2.8
v -1 1 2.8
v -1 1.2 2.8
v -1 2.9 2.8
v -1 3.1 2.8
v -1 3.3 2.8
v -1 3.7 2.8
v -1 4 2.8
v -1 4.2 2.8
v -1 4.8 2.8
v -1 5 2.8
v -1 5.2 2.8
v -1 9.1 2.8
v -1 9.5 2.8
v -0.9 1 2.8
v -0.9 1.2 2.8
v -0.9 1.5 2.8
v -0.9 2.9 2.8
v -0.9 3.1 2.8
v -0.9 4 2.8
v -0.9 4.2 2.8
v -0.9 4.6 2.8
v -0.9 4.8 2.8
v -0.9 5 2.8
v -0.8 1.2 2.8
v -0.8 1.5 2.8
v -0.8 1.8 2.8
v -0.8 4.6 2.8
v -0.8 4.8 2.8
v -0.7 1.5 2.8
v -0.7 1.8 2.8
v -0.7 1.9 2.8
v -0.7 2 2.8
v -0.6 1.8 2.8
v -0.6 1.9 2.8
v -0.6 2 2.8
v 0.5 7.8 2.8
v 0.5 7.9 2.8
v 0.6 7.8 2.8
v 0.6 7.9 2.8
v 0.8 1 2.8
v 0.8 1.1 2.8
v 0.8 8.2 2.8
v 0.8 8.3 2.8
v 0.8 9.2 2.8
v 0.8 9.4 2.8
v 0.9 1 2.8
v 0.9 1.1 2.8
v 0.9 1.3 2.8
v 0.9 8.2 2.8
v 0.9 8.3 2.8
v 0.9 8.4 2.8
v 0.9 9 2.8
v 0.9 9.2 2.8
v 0.9 9.4 2.8
v 1 1.1 2.8
v 1 1.3 2.8
v 1 1.4 2.8
v 1 3.2 2.8
v 1 3.5 2.8
v 1 6.1 2.8
v 1 6.2 2.8
v 1 8.3 2.8
v 1 8.4 2.8
v 1 8.5 2.8
v 1 8.8 2.8
v 1 9 2.8
v 1 9.2 2.8
v 1.1 1.3 2.8
v 1.1 1.4 2.8
v 1.1 1.5 2.8
v 1.1 3.2 2.8
v 1.1 3.5 2.8
v 1.1 4 2.8
v 1.1 6 2.8
v 1.1 6.1 2.8
v 1.1 6.2 2.8
v 1.1 8.4 2.8
v 1.1 8.5 2.8
v 1.1 8.8 2.8
v 1.1 9 2.8
v 1.2 1.4 2.8
v 1.2 1.5 2.8
v 1.2 1.7 2.8
v 1.2 3.5 2.8
v 1.2 4 2.8
v 1.2 4.3 2.8
v 1.2 5.9 2.8
v 1.2 6 2.8
v 1.2 6.1 2.8
v 1.2 8.7 2.8
v 1.2 8.8 2.8
v 1.3 1.5 2.8
v 1.3 1.7 2.8
v 1.3 1.8 2.8
v 1.3 4 2.8
v 1.3 4.3 2.8
v 1.3 5.8 2.8
v 1.3 5.9 2.8
v 1.3 6 2.8
v 1.3 8.3 2.8
v 1.3 8.5 2.8
v 1.3 8.7 2.8
v 1.3 8.8 2.8
v 1.4 1.7 2.8
v 1.4 1.8 2.8
v 1.4 5.7 2.8
v 1.4 5.8 2.8
v 1.4 5.9 2.8
v 1.4 8.2 2.8
v 1.4 8.3 2.8
v 1.4 8.5 2.8
v 1.4 8.7 2.8
v 1.4 8.8 2.8
v 1.4 8.9 2.8
v 1.5 5.6 2.8
v 1.5 5.7 2.8
v 1.5 5.8 2.8
v 1.5 7.8 2.8
v 1.5 8 2.8
v 1.5 8.2 2.8
v 1.5 8.3 2.8
v 1.5 8.8 2.8
v 1.5 8.9 2.8
v 1.5 9 2.8
v 1.6 5.5 2.8
v 1.6 5.6 2.8
v 1.6 5.7 2.8
v 1.6 7.6 2.8
v 1.6 7.8 2.8
v 1.6 8 2.8
v 1.6 8.9 2.8
v 1.6 9 2.8
v 1.6 9.2 2.8
v 1.7 1.2 2.8
v 1.7 2.3 2.8
v 1.7 3 2.8
v 1.7 4.1 2.8
v 1.7 4.8 2.8
v 1.7 5.5 2.8
v 1.7 5.6 2.8
v 1.7 5.9 2.8
v 1.7 6.6 2.8
v 1.7 7.5 2.8
v 1.7 7.6 2.8
v 1.7 7.7 2.8
v 1.7 7.8 2.8
v 1.7 8.4 2.8
v 1.7 9 2.8
v 1.7 9.1 2.8
v 1.7 9.2 2.8
v 1.7 9.5 2.8
v 1.8 1.3 2.8
v 1.8 2.2 2.8
v 1.8 3.1 2.8
v 1.8 4 2.8
v 1.8 4.9 2.8
v 1.8 5.8 2.8
v 1.8 6.7 2.8
v 1.8 7.5 2.8
v 1.8 7.6 2.8
v 1.8 7.7 2.8
v 1.8 8.5 2.8
v 1.8 9.1 2.8
v 1.8 9.2 2.8
v 1.8 9.4 2.8
v 1.9 3.6 2.8
v 1.9 3.9 2.8
v 1.9 9.2 2.8
v 1.9 9.4 2.8
v 1.9 9.5 2.8
v 2 3.2 2.8
v 2 3.6 2.8
v 2 3.9 2.8
v 2 9.4 2.8
v 2 9.5 2.8
v 2.1 3.2 2.8
v 2.1 3.6 2.8
v 2.2 1.3 2.8
v 2.2 2.2 2.8
v 2.2 3.1 2.8
v 2.2 4 2.8
v 2.2 4.9 2.8
v 2.2 5.8 2.8
v 2.2 6.7 2.8
v 2.2 7.6 2.8
v 2.2 8.5 2.8
v 2.2 9.4 2.8
v 2.3 1.3 2.8
v 2.3 2.2 2.8
v 2.3 3.1 2.8
v 2.3 4 2.8
v 2.3 4.9 2.8
v 2.3 5.8 2.8
v 2.3 6.7 2.8
v 2.3 7.6 2.8
v 2.3 8.5 2.8
v 2.3 9.4 2.8
v 2.7 1.3 2.8
v 2.7 2.2 2.8
v 2.7 3.1 2.8
v 2.7 4 2.8
v 2.7 4.9 2.8
v 2.7 5.8 2.8
v 2.7 6.7 2.8
v 2.7 7.6 2.8
v 2.7 8.5 2.8
v 2.7 9.4 2.8
v 2.8 1.3 2.8
v 2.8 2.2 2.8
v 2.8 3.1 2.8
v 2.8 4 2.8
v 2.8 4.9 2.8
v 2.8 5.8 2.8
v 2.8 6.7 2.8
v 2.8 6.8 2.8
v 2.8 7 2.8
v 2.8 7.6 2.8
v 2.8 8.5 2.8
v 2.8 9.4 2.8
v 2.9 6.8 2.8
v 2.9 7 2.8
v 2.9 7.2 2.8
v 3 7 2.8
v 3 7.2 2.8
v 3 7.4 2.8
v 3.1 7.2 2.8
v 3.1 7.4 2.8
v 3.1 7.6 2.8
v 3.2 1.3 2.8
v 3.2 2.2 2.8
v 3.2 3.1 2.8
v 3.2 4 2.8
v 3.2 4.9 2.8
v 3.2 5.8 2.8
v 3.2 6.7 2.8
v 3.2 7.4 2.8
v 3.2 7.6 2.8
v 3.2 8.5 2.8
v 3.2 9.4 2.8
v 3.3 1.2 2.8
v 3.3 2.1 2.8
v 3.3 2.3 2.8
v 3.3 3 2.8
v 3.3 4.1 2.8
v 3.3 4.8 2.8
v 3.3 5.9 2.8
v 3.3 6.6 2.8
v 3.3 7.2 2.8
v 3.3 7.6 2.8
v 3.3 7.7 2.8
v 3.3 8.4 2.8
v 3.3 9.5 2.8
v 3.4 2.1 2.8
v 3.4 2.3 2.8
v 3.4 2.6 2.8
v 3.4 7.2 2.8
v 3.4 7.6 2.8
v 3.4 8 2.8
v 3.5 2.3 2.8
v 3.5 2.6 2.8
v 3.5 2.8 2.8
v 3.5 3 2.8
v 3.5 7.6 2.8
v 3.5 8 2.8
v 3.5 8.2 2.8
v 3.5 8.6 2.8
v 3.5 9 2.8
v 3.5 9.3 2.8
v 3.6 2.8 2.8
v 3.6 3 2.8
v 3.6 3.3 2.8
v 3.6 8.2 2.8
v 3.6 8.6 2.8
v 3.6 9 2.8
v 3.6 9.2 2.8
v 3.6 9.3 2.8
v 3.6 9.5 2.8
v 3.6 9.8 2.8
v 3.7 3 2.8
v 3.7 3.3 2.8
v 3.7 3.5 2.8
v 3.7 8.2 2.8
v 3.7 8.6 2.8
v 3.7 9 2.8
v 3.7 9.2 2.8
v 3.7 9.4 2.8
v 3.7 9.5 2.8
v 3.8 3.3 2.8
v 3.8 3.5 2.8
v 3.8 7.5 2.8
v 3.8 8 2.8
v 3.8 8.2 2.8
v 3.8 9 2.8
v 3.8 9.4 2.8
v 3.8 9.8 2.8
v 3.9 1.2 2.8
v 3.9 1.3 2.8
v 3.9 2.8 2.8
v 3.9 3 2.8
v 3.9 3.8 2.8
v 3.9 6.9 2.8
v 3.9 7.5 2.8
v 3.9 8 2.8
v 4 1.2 2.8
v 4 1.3 2.8
v 4 2.8 2.8
v 4 3.8 2.8
v 4 6.9 2.8
v 4 7.5 2.8
v -3.9 5.3 2.7
v -3.9 5.5 2.7
v -3.8 5.3 2.7
v -3.8 5.5 2.7
v -3.2 8.4 2.7
v -3.2 8.5 2.7
v -3.1 8.4 2.7
v -3.1 8.5 2.7
v -1.3 3.3 2.7
v -1.3 3.4 2.7
v -1.2 3.3 2.7
v -1.2 3.4 2.7
v -0.4 1 2.7
v -0.4 2.4 2.7
v -0.4 2.8 2.7
v -0.4 4.2 2.7
v -0.4 4.6 2.7
v -0.4 6 2.7
v -0.4 6.4 2.7
v -0.4 7.8 2.7
v -0.4 8.2 2.7
v -0.4 9.6 2.7
v -0.3 1.6 2.7
v -0.3 2.2 2.7
v -0.2 1.4 2.7
v -0.2 1.5 2.7
v -0.2 2.8 2.7
v -0.2 4 2.7
v -0.2 4.6 2.7
v -0.2 4.9 2.7
v -0.2 5 2.7
v -0.2 5.8 2.7
v -0.2 6.4 2.7
v -0.2 7.6 2.7
v -0.2 8.2 2.7
v -0.2 9.4 2.7
v -0.0999999 1.4 2.7
v -0.0999999 1.5 2.7
v -0.0999999 1.6 2.7
v -0.0999999 2.2 2.7
v -0.0999999 3.4 2.7
v -0.0999999 3.9 2.7
v -0.0999999 4.9 2.7
v -0.0999999 5 2.7
v -0.0999999 5.2 2.7
v -0.0999999 5.7 2.7
v -0.0999999 7 2.7
v -0.0999999 7.5 2.7
v -0.0999999 8.8 2.7
v -0.0999999 9.3 2.7
v 0.1 1.4 2.7
v 0.1 1.5 2.7
v 0.1 1.6 2.7
v 0.1 2.2 2.7
v 0.1 3.2 2.7
v 0.1 3.3 2.7
v 0.1 5 2.7
v 0.1 5.1 2.7
v 0.1 6.8 2.7
v 0.1 6.9 2.7
v 0.1 8.6 2.7
v 0.1 8.7 2.7
v 0.2 3.2 2.7
v 0.2 3.3 2.7
v 0.2 3.4 2.7
v 0.2 3.9 2.7
v 0.2 5 2.7
v 0.2 5.1 2.7
v 0.2 5.2 2.7
v 0.2 5.7 2.7
v 0.2 6.8 2.7
v 0.2 6.9 2.7
v 0.2 7 2.7
v 0.2 7.5 2.7
v 0.2 7.7 2.7
v 0.2 7.8 2.7
v 0.2 8.6 2.7
v 0.2 8.7 2.7
v 0.2 8.8 2.7
v 0.2 9.3 2.7
v 0.3 1.4 2.7
v 0.3 1.5 2.7
v 0.3 2.8 2.7
v 0.3 4 2.7
v 0.3 4.6 2.7
v 0.3 5.8 2.7
v 0.3 6.4 2.7
v 0.3 7.6 2.7
v 0.3 7.7 2.7
v 0.3 7.8 2.7
v 0.3 8.2 2.7
v 0.3 9.4 2.7
v 0.4 1.6 2.7
v 0.4 2.2 2.7
v 0.5 1 2.7
v 0.5 2.4 2.7
v 0.5 2.8 2.7
v 0.5 4.2 2.7
v 0.5 4.6 2.7
v 0.5 6 2.7
v 0.5 6.4 2.7
v 0.5 7.8 2.7
v 0.5 8.2 2.7
v 0.5 9.6 2.7
v 1.7 7.5 2.7
v 1.7 7.6 2.7
v 1.7 9.1 2.7
v 1.7 9.2 2.7
v 1.8 7.5 2.7
v 1.8 7.6 2.7
v 1.8 9.1 2.7
v 1.8 9.2 2.7
v 1.8 9.4 2.7
v 1.9 9.2 2.7
v 1.9 9.4 2.7
v 1.9 9.5 2.7
v 2 9.4 2.7
v 2 9.5 2.7
v 3.6 9.2 2.7
v 3.6 9.5 2.7
v 3.7 2.2 2.7
v 3.7 2.8 2.7
v 3.7 9.2 2.7
v 3.7 9.5 2.7
v 3.8 2.2 2.7
v 3.8 2.8 2.7
v 3.9 1.3 2.7
v 3.9 1.5 2.7
v 3.9 2.2 2.7
v 3.9 2.6 2.7
v 3.9 2.8 2.7
v 3.9 4 2.7
v 3.9 4.1 2.7
v 3.9 4.2 2.7
v 3.9 4.3 2.7
v 3.9 4.4 2.7
v 4 1.3 2.7
v 4 1.5 2.7
v 4 2.2 2.7
v 4 2.6 2.7
v 4 2.8 2.7
v 4 4 2.7
v 4 4.4 2.7
v -3.9 5.2 2.6
v -3.9 5.3 2.6
v -3.8 5.2 2.6
v -3.8 5.3 2.6
v -0.2 4.9 2.6
v -0.2 5 2.6
v -0.0999999 4.9 2.6
v -0.0999999 5 2.6
v 0.2 7.7 2.6
v 0.2 7.8 2.6
v 0.3 7.7 2.6
v 0.3 7.8 2.6
v 3.9 1.5 2.6
v 3.9 1.6 2.6
v 3.9 3.8 2.6
v 3.9 3.9 2.6
v 3.9 4 2.6
v 3.9 4.9 2.6
v 3.9 5.1 2.6
v 3.9 7.9 2.6
v 3.9 8 2.6
v 4 1.5 2.6
v 4 1.6 2.6
v 4 3.8 2.6
v 4 3.9 2.6
v 4 4 2.6
v 4 4.9 2.6
v 4 5.1 2.6
v 4 7.9 2.6
v 4 8 2.6
v 4.3 0.4 2.6
v 4.3 0.5 2.6
v 4.6 0.4 2.6
v 4.6 0.5 2.6
v -3.9 5 2.5
v -3.9 5.2 2.5
v -3.8 5 2.5
v -3.8 5.2 2.5
v 3.9 1.6 2.5
v 3.9 1.8 2.5
v 3.9 3.6 2.5
v 3.9 3.8 2.5
v 3.9 5.1 2.5
v 3.9 5.2 2.5
v 3.9 5.3 2.5
v 3.9 5.4 2.5
v 4 1.6 2.5
v 4 1.8 2.5
v 4 3.6 2.5
v 4 3.8 2.5
v 4 5.1 2.5
v 4 5.2 2.5
v 4 5.3 2.5
v 4 5.4 2.5
v -3.9 1.1 2.4
v -3.9 1.2 2.4
v -3.9 4.9 2.4
v -3.9 5 2.4
v -3.8 1.1 2.4
v -3.8 1.2 2.4
v -3.8 4.9 2.4
v -3.8 5 2.4
v 3.9 1.8 2.4
v 3.9 1.9 2.4
v 3.9 3.4 2.4
v 3.9 3.6 2.4
v 3.9 5.2 2.4
v 3.9 5.3 2.4
v 3.9 5.4 2.4
v 3.9 5.7 2.4
v 3.9 7.8 2.4
v 3.9 7.9 2.4
v 4 1.8 2.4
v 4 1.9 2.4
v 4 3.4 2.4
v 4 3.6 2.4
v 4 5.2 2.4
v 4 5.3 2.4
v 4 5.4 2.4
v 4 5.7 2.4
v 4 7.8 2.4
v 4 7.9 2.4
v -3.9 1.2 2.3
v -3.9 1.3 2.3
v -3.9 4.7 2.3
v -3.9 4.9 2.3
v -3.9 7.1 2.3
v -3.9 7.3 2.3
v -3.8 1.2 2.3
v -3.8 1.3 2.3
v -3.8 4.7 2.3
v -3.8 4.9 2.3
v -3.8 7.1 2.3
v -3.8 7.3 2.3
v 3.9 1.9 2.3
v 3.9 2 2.3
v 3.9 3.2 2.3
v 3.9 3.4 2.3
v 3.9 5 2.3
v 3.9 5.2 2.3
v 3.9 5.7 2.3
v 3.9 6 2.3
v 3.9 7.7 2.3
v 3.9 7.8 2.3
v 4 1.9 2.3
v 4 2 2.3
v 4 3.2 2.3
v 4 3.4 2.3
v 4 5 2.3
v 4 5.2 2.3
v 4 5.7 2.3
v 4 6 2.3
v 4 6.2 2.3
v 4 6.3 2.3
v 4 7.7 2.3
v 4 7.8 2.3
v 4.1 6.2 2.3
v 4.1 6.3 2.3
v -4 2.6 2.2
v -4 2.8 2.2
v -4 4.5 2.2
v -4 4.6 2.2
v -3.9 2.6 2.2
v -3.9 2.8 2.2
v -3.9 3.1 2.2
v -3.9 4.5 2.2
v -3.9 4.6 2.2
v -3.9 4.7 2.2
v -3.9 7.4 2.2
v -3.9 7.7 2.2
v -3.8 2.8 2.2
v -3.8 3.1 2.2
v -3.8 4.6 2.2
v -3.8 4.7 2.2
v -3.8 7.4 2.2
v -3.8 7.7 2.2
v 3.9 2 2.2
v 3.9 2.2 2.2
v 3.9 3 2.2
v 3.9 3.2 2.2
v 3.9 4.9 2.2
v 3.9 5 2.2
v 3.9 6 2.2
v 3.9 6.2 2.2
v 3.9 6.4 2.2
v 3.9 6.6 2.2
v 4 2 2.2
v 4 2.2 2.2
v 4 3 2.2
v 4 3.2 2.2
v 4 4.9 2.2
v 4 5 2.2
v 4 6 2.2
v 4 6.2 2.2
v 4 6.3 2.2
v 4 6.4 2.2
v 4 6.6 2.2
v 4.1 6.3 2.2
v 4.1 6.4 2.2
v -4 4.4 2.1
v -4 4.5 2.1
v -4 8 2.1
v -4 8.1 2.1
v -3.9 1.3 2.1
v -3.9 1.4 2.1
v -3.9 2.3 2.1
v -3.9 2.6 2.1
v -3.9 3.1 2.1
v -3.9 3.4 2.1
v -3.9 4.4 2.1
v -3.9 4.5 2.1
v -3.9 7.3 2.1
v -3.9 7.4 2.1
v -3.9 7.7 2.1
v -3.9 8 2.1
v -3.9 8.1 2.1
v -3.9 8.2 2.1
v -3.9 8.4 2.1
v -3.8 1.3 2.1
v -3.8 1.4 2.1
v -3.8 2.3 2.1
v -3.8 2.6 2.1
v -3.8 3.1 2.1
v -3.8 3.4 2.1
v -3.8 7.3 2.1
v -3.8 7.4 2.1
v -3.8 7.7 2.1
v -3.8 8 2.1
v -3.8 8.2 2.1
v -3.8 8.4 2.1
v -3.7 7.3 2.1
v -3.7 7.4 2.1
v 3.9 2.2 2.1
v 3.9 2.3 2.1
v 3.9 2.8 2.1
v 3.9 3 2.1
v 3.9 4.7 2.1
v 3.9 4.9 2.1
v 3.9 6.6 2.1
v 3.9 6.9 2.1
v 3.9 7.6 2.1
v 3.9 7.7 2.1
v 4 2.2 2.1
v 4 2.3 2.1
v 4 2.7 2.1
v 4 2.8 2.1
v 4 3 2.1
v 4 4.7 2.1
v 4 4.9 2.1
v 4 6.6 2.1
v 4 6.9 2.1
v 4 7.6 2.1
v 4 7.7 2.1
v 4.1 2.7 2.1
v 4.1 2.8 2.1
v 4.5 0.4 2.1
v 4.5 0.5 2.1
v 4.6 0.4 2.1
v 4.6 0.5 2.1
v -4 8.1 2
v -4 8.2 2
v -3.9 1.4 2
v -3.9 1.5 2
v -3.9 1.9 2
v -3.9 2.3 2
v -3.9 3.4 2
v -3.9 3.6 2
v -3.9 4.3 2
v -3.9 4.4 2
v -3.9 8.1 2
v -3.9 8.2 2
v -3.9 8.4 2
v -3.9 8.8 2
v -3.8 1.4 2
v -3.8 1.5 2
v -3.8 1.9 2
v -3.8 2.3 2
v -3.8 3.4 2
v -3.8 3.6 2
v -3.8 4.3 2
v -3.8 4.4 2
v -3.8 8.4 2
v -3.8 8.8 2
v -3.7 7.2 2
v -3.7 7.3 2
v -3.6 7.2 2
v -3.6 7.3 2
v 3.9 2.3 2
v 3.9 2.5 2
v 3.9 4.6 2
v 3.9 4.7 2
v 3.9 6.9 2
v 3.9 7.2 2
v 3.9 7.5 2
v 3.9 7.6 2
v 4 2.3 2
v 4 2.5 2
v 4 2.6 2
v 4 2.7 2
v 4 4.5 2
v 4 4.6 2
v 4 4.7 2
v 4 6.9 2
v 4 7.2 2
v 4 7.5 2
v 4 7.6 2
v 4.1 2.6 2
v 4.1 2.7 2
v 4.1 4.5 2
v 4.1 4.6 2
v 4.3 0.4 2
v 4.3 0.5 2
v 4.5 0.4 2
v 4.5 0.5 2
v 4.6 0.4 2
v 4.6 0.5 2
v 4.7 0.4 2
v 4.7 0.5 2
v -3.9 1.5 1.9
v -3.9 1.9 1.9
v -3.9 3.6 1.9
v -3.9 3.9 1.9
v -3.9 4.1 1.9
v -3.9 4.3 1.9
v -3.9 7.2 1.9
v -3.9 7.3 1.9
v -3.9 8.8 1.9
v -3.9 9.2 1.9
v -3.8 1.5 1.9
v -3.8 1.9 1.9
v -3.8 3.6 1.9
v -3.8 3.9 1.9
v -3.8 4.1 1.9
v -3.8 4.3 1.9
v -3.8 7.2 1.9
v -3.8 7.3 1.9
v -3.8 8.8 1.9
v -3.8 9.2 1.9
v -3.7 7.2 1.9
v -3.7 7.3 1.9
v 3.9 2.5 1.9
v 3.9 2.6 1.9
v 3.9 7.2 1.9
v 3.9 7.4 1.9
v 3.9 8.3 1.9
v 3.9 8.4 1.9
v 4 2.5 1.9
v 4 2.6 1.9
v 4 7.2 1.9
v 4 7.4 1.9
v 4 8.3 1.9
v 4 8.4 1.9
v -3.9 3.9 1.8
v -3.9 4.1 1.8
v -3.9 7.1 1.8
v -3.9 7.2 1.8
v -3.9 9.2 1.8
v -3.9 9.6 1.8
v -3.8 3.9 1.8
v -3.8 4.1 1.8
v -3.8 7.1 1.8
v -3.8 7.2 1.8
v -3.8 9.2 1.8
v -3.8 9.6 1.8
v -3.7 7.1 1.8
v -3.7 7.2 1.8
v -3.6 7.1 1.8
v -3.6 7.2 1.8
v 3.9 7.5 1.8
v 3.9 7.7 1.8
v 4 7.5 1.8
v 4 7.7 1.8
v -3.9 9.6 1.7
v -3.9 9.8 1.7
v -3.8 7.1 1.7
v -3.8 7.2 1.7
v -3.8 9.6 1.7
v -3.8 9.8 1.7
v -3.7 7 1.7
v -3.7 7.1 1.7
v -3.7 7.2 1.7
v -3.6 7 1.7
v -3.6 7.1 1.7
v 3.9 7.4 1.7
v 3.9 7.5 1.7
v 3.9 8.4 1.7
v 3.9 8.5 1.7
v 3.9 9.6 1.7
v 3.9 9.7 1.7
v 4 7.4 1.7
v 4 7.5 1.7
v 4 8.4 1.7
v 4 8.5 1.7
v 4 9.6 1.7
v 4 9.7 1.7
v 4.6 0.4 1.7
v 4.6 0.5 1.7
v 4.7 0.4 1.7
v 4.7 0.5 1.7
v -3.9 7 1.6
v -3.9 7.1 1.6
v -3.8 7 1.6
v -3.8 7.1 1.6
v -3.7 6.9 1.6
v -3.7 7 1.6
v -3.7 7.1 1.6
v -3.6 6.9 1.6
v -3.6 7 1.6
v 3.9 8.5 1.6
v 3.9 8.6 1.6
v 4 8.5 1.6
v 4 8.6 1.6
v 4.5 0.4 1.6
v 4.5 0.5 1.6
v 4.6 0.4 1.6
v 4.6 0.5 1.6
v -3.9 6.9 1.5
v -3.9 7 1.5
v -3.8 7 1.5
v -3.7 6.9 1.5
v -3.7 7 1.5
v 3.9 9.5 1.5
v 3.9 9.6 1.5
v 4 9.5 1.5
v 4 9.6 1.5
v -3.8 6.8 1.4
v -3.8 6.9 1.4
v -3.7 6.8 1.4
v -3.7 6.9 1.4
v -3.6 6.8 1.4
v -3.6 6.9 1.4
v 3.9 7.5 1.4
v 3.9 7.6 1.4
v 3.9 8.6 1.4
v 3.9 8.7 1.4
v 4 7.5 1.4
v 4 7.6 1.4
v 4 8.6 1.4
v 4 8.7 1.4
v -3.9 6.7 1.3
v -3.9 6.9 1.3
v -3.8 6.7 1.3
v -3.8 6.8 1.3
v -3.8 6.9 1.3
v -3.6 6.7 1.3
v -3.6 6.8 1.3
v 3.9 9.4 1.3
v 3.9 9.5 1.3
v 4 9.4 1.3
v 4 9.5 1.3
v -3.9 3.7 1.2
v -3.9 3.8 1.2
v -3.9 6.6 1.2
v -3.9 6.7 1.2
v -3.8 3.7 1.2
v -3.8 3.8 1.2
v -3.8 6.6 1.2
v -3.8 6.7 1.2
v -3.7 6.6 1.2
v -3.7 6.7 1.2
v 3.9 8.7 1.2
v 3.9 8.8 1.2
v 4 8.7 1.2
v 4 8.8 1.2
v 3.9 7.6 1.1
v 3.9 7.7 1.1
v 3.9 8.8 1.1
v 3.9 8.9 1.1
v 3.9 9.3 1.1
v 3.9 9.4 1.1
v 4 7.6 1.1
v 4 7.7 1.1
v 4 8.8 1.1
v 4 8.9 1.1
v 4 9.3 1.1
v 4 9.4 1.1
v 4.4 0.4 1.1
v 4.4 0.5 1.1
v 4.5 0.4 1.1
v 4.5 0.5 1.1
v -3.9 3.9 1
v -3.9 4.1 1
v -3.8 3.9 1
v -3.8 4.1 1
v 3.9 7.7 0.9
v 3.9 7.8 0.9
v 3.9 8.9 0.9
v 3.9 9 0.9
v 3.9 9.2 0.9
v 3.9 9.3 0.9
v 4 7.7 0.9
v 4 7.8 0.9
v 4 8.9 0.9
v 4 9 0.9
v 4 9.2 0.9
v 4 9.3 0.9
v 4.2 0.4 0.9
v 4.2 0.5 0.9
v 4.3 0.4 0.9
v 4.3 0.5 0.9
v 4.4 0.4 0.9
v 4.4 0.5 0.9
v 4.5 0.4 0.9
v 4.5 0.7 0.9
v 4.6 0.4 0.9
v 4.6 0.7 0.9
v -4.5 0.4 0.8
v -4.5 0.6 0.8
v -4.2 0.5 0.8
v -4.2 0.6 0.8
v -4.1 0.4 0.8
v -4.1 0.5 0.8
v -3.9 3.6 0.8
v -3.9 3.9 0.8
v -3.8 3.6 0.8
v -3.8 3.9 0.8
v 4.4 0.4 0.8
v 4.4 0.5 0.8
v 4.4 0.6 0.8
v 4.5 0.4 0.8
v 4.5 0.5 0.8
v 4.5 0.6 0.8
v 3.9 3 0.7
v 3.9 3.2 0.7
v 4 2.6 0.7
v 4 2.7 0.7
v 4 3 0.7
v 4 3.2 0.7
v 4.1 2.6 0.7
v 4.1 2.7 0.7
v 4.6 0.4 0.7
v 4.6 0.5 0.7
v 4.7 0.4 0.7
v 4.7 0.5 0.7
v -4.4 0.5 0.6
v -4.4 0.6 0.6
v -4.3 0.5 0.6
v -4.3 0.6 0.6
v -3.9 2.8 0.6
v -3.9 3 0.6
v -3.9 3.1 0.6
v -3.9 3.2 0.6
v -3.9 8.2 0.6
v -3.9 8.5 0.6
v -3.8 2.8 0.6
v -3.8 2.9 0.6
v -3.8 3 0.6
v -3.8 3.1 0.6
v -3.8 3.2 0.6
v -3.8 8.2 0.6
v -3.8 8.5 0.6
v -3.7 2.9 0.6
v -3.7 3 0.6
v 3.9 2.8 0.6
v 3.9 3 0.6
v 3.9 3.2 0.6
v 3.9 3.3 0.6
v 3.9 7.8 0.6
v 3.9 7.9 0.6
v 3.9 9.1 0.6
v 3.9 9.2 0.6
v 4 2.7 0.6
v 4 2.8 0.6
v 4 3 0.6
v 4 3.2 0.6
v 4 3.3 0.6
v 4 7.8 0.6
v 4 7.9 0.6
v 4 9.1 0.6
v 4 9.2 0.6
v 4.1 2.7 0.6
v 4.1 2.8 0.6
v 4.5 0.4 0.6
v 4.5 0.5 0.6
v 4.5 0.6 0.6
v 4.5 0.7 0.6
v 4.6 0.4 0.6
v 4.6 0.5 0.6
v 4.6 0.7 0.6
v -3.9 3 0.5
v -3.9 3.1 0.5
v -3.9 3.3 0.5
v -3.9 3.5 0.5
v -3.9 3.6 0.5
v -3.9 8.5 0.5
v -3.9 8.9 0.5
v -3.8 3 0.5
v -3.8 3.1 0.5
v -3.8 3.3 0.5
v -3.8 3.5 0.5
v -3.8 3.6 0.5
v -3.8 8.5 0.5
v -3.8 8.9 0.5
v 3.9 2.4 0.5
v 3.9 2.5 0.5
v 3.9 3.3 0.5
v 3.9 3.4 0.5
v 3.9 9.2 0.5
v 3.9 9.3 0.5
v 4 2.4 0.5
v 4 2.5 0.5
v 4 3.3 0.5
v 4 3.4 0.5
v 4 8 0.5
v 4 8.1 0.5
v 4 9.2 0.5
v 4 9.3 0.5
v 4.1 8 0.5
v 4.1 8.1 0.5
v -3.9 3.1 0.4
v -3.9 3.3 0.4
v -3.9 3.6 0.4
v -3.9 3.7 0.4
v -3.9 8.9 0.4
v -3.9 9.4 0.4
v -3.8 3.1 0.4
v -3.8 3.3 0.4
v -3.8 3.6 0.4
v -3.8 3.7 0.4
v -3.8 8.9 0.4
v -3.8 9.4 0.4
v 3.9 2.2 0.4
v 3.9 2.4 0.4
v 3.9 3.4 0.4
v 3.9 3.5 0.4
v 3.9 7.9 0.4
v 3.9 8 0.4
v 3.9 9 0.4
v 3.9 9.1 0.4
v 4 2.2 0.4
v 4 2.4 0.4
v 4 3.4 0.4
v 4 3.5 0.4
v 4 7.9 0.4
v 4 8 0.4
v 4 9 0.4
v 4 9.1 0.4
v -3.9 3.3 0.3
v -3.9 3.4 0.3
v -3.9 3.7 0.3
v -3.9 4 0.3
v -3.9 9.4 0.3
v -3.9 9.7 0.3
v -3.8 3.3 0.3
v -3.8 3.4 0.3
v -3.8 3.7 0.3
v -3.8 3.8 0.3
v -3.8 3.9 0.3
v -3.8 4 0.3
v -3.8 4.1 0.3
v -3.8 9.4 0.3
v -3.8 9.7 0.3
v -3.7 3.7 0.3
v -3.7 3.8 0.3
v -3.7 3.9 0.3
v -3.7 4.1 0.3
v 3.9 2.1 0.3
v 3.9 2.2 0.3
v 3.9 3.5 0.3
v 3.9 3.7 0.3
v 3.9 9.3 0.3
v 3.9 9.4 0.3
v 4 2.1 0.3
v 4 2.2 0.3
v 4 3.5 0.3
v 4 3.7 0.3
v 4 9.3 0.3
v 4 9.4 0.3
v -3.9 2.5 0.2
v -3.9 2.6 0.2
v -3.9 3.6 0.2
v -3.9 3.7 0.2
v -3.9 4 0.2
v -3.9 4.3 0.2
v -3.9 6 0.2
v -3.9 6.1 0.2
v -3.8 2.5 0.2
v -3.8 2.6 0.2
v -3.8 3.6 0.2
v -3.8 3.7 0.2
v -3.8 4 0.2
v -3.8 4.1 0.2
v -3.8 4.3 0.2
v -3.8 6 0.2
v -3.8 6.1 0.2
v -3.7 4.1 0.2
v -3.7 4.3 0.2
v 3.9 3.7 0.2
v 3.9 3.8 0.2
v 3.9 8.9 0.2
v 3.9 9 0.2
v 3.9 9.4 0.2
v 3.9 9.5 0.2
v 4 3.7 0.2
v 4 3.8 0.2
v 4 8.9 0.2
v 4 9 0.2
v 4 9.4 0.2
v 4 9.5 0.2
v -4 4.4 0.0999999
v -4 4.5 0.0999999
v -3.9 2.3 0.0999999
v -3.9 2.5 0.0999999
v -3.9 3.4 0.0999999
v -3.9 3.6 0.0999999
v -3.9 4.3 0.0999999
v -3.9 4.4 0.0999999
v -3.9 5.9 0.0999999
v -3.9 6 0.0999999
v -3.8 2.3 0.0999999
v -3.8 2.5 0.0999999
v -3.8 3.4 0.0999999
v -3.8 3.6 0.0999999
v -3.8 4.3 0.0999999
v -3.8 4.4 0.0999999
v -3.8 4.5 0.0999999
v -3.8 5.9 0.0999999
v -3.8 6 0.0999999
v -3.7 4.3 0.0999999
v -3.7 4.4 0.0999999
v 3.9 2 0.0999999
v 3.9 2.1 0.0999999
v 3.9 3.8 0.0999999
v 3.9 3.9 0.0999999
v 3.9 9.5 0.0999999
v 3.9 9.6 0.0999999
v 4 0.7 0.0999999
v 4 0.9 0.0999999
v 4 2 0.0999999
v 4 2.1 0.0999999
v 4 3.8 0.0999999
v 4 3.9 0.0999999
v 4 9.5 0.0999999
v 4 9.6 0.0999999
v 4.1 0.7 0.0999999
v 4.1 0.9 0.0999999
v -4 4.5 0
v -4 4.6 0
v -3.9 2.2 0
v -3.9 2.3 0
v -3.9 4.5 0
v -3.9 4.6 0
v -3.8 2.2 0
v -3.8 2.3 0
v 3.9 1.9 0
v 3.9 2 0
v 3.9 3.9 0
v 3.9 4 0
v 3.9 8.8 0
v 3.9 8.9 0
v 4 1.9 0
v 4 2 0
v 4 3.9 0
v 4 4 0
v 4 8.8 0
v 4 8.9 0
v 4 9.8 0
v 4 9.9 0
v 4.1 9.8 0
v 4.1 9.9 0
v -3.9 2.1 -0.1
v -3.9 2.2 -0.1
v -3.9 5.8 -0.1
v -3.9 5.9 -0.1
v -3.8 2.1 -0.1
v -3.8 2.2 -0.1
v -3.8 5.8 -0.1
v -3.8 5.9 -0.1
v 3.9 1 -0.1
v 3.9 1.4 -0.1
v 3.9 1.8 -0.1
v 3.9 1.9 -0.1
v 3.9 9.6 -0.1
v 3.9 9.7 -0.1
v 4 0.9 -0.1
v 4 1 -0.1
v 4 1.4 -0.1
v 4 1.8 -0.1
v 4 1.9 -0.1
v 4 4.4 -0.1
v 4 4.5 -0.1
v 4 9.6 -0.1
v 4 9.7 -0.1
v 4.1 0.9 -0.1
v 4.1 1 -0.1
v 4.1 4.4 -0.1
v 4.1 4.5 -0.1
v -3.9 1.9 -0.2
v -3.9 2.1 -0.2
v -3.9 5.7 -0.2
v -3.9 5.8 -0.2
v -3.8 1.9 -0.2
v -3.8 2.1 -0.2
v -3.8 5.7 -0.2
v -3.8 5.8 -0.2
v 3.9 1.4 -0.2
v 3.9 1.8 -0.2
v 3.9 3.9 -0.2
v 3.9 4 -0.2
v 3.9 4.1 -0.2
v 3.9 4.2 -0.2
v 3.9 5.6 -0.2
v 3.9 5.9 -0.2
v 3.9 8.7 -0.2
v 3.9 8.8 -0.2
v 3.9 9.7 -0.2
v 3.9 9.8 -0.2
v 4 1.4 -0.2
v 4 1.8 -0.2
v 4 3.9 -0.2
v 4 4 -0.2
v 4 4.1 -0.2
v 4 4.2 -0.2
v 4 5.6 -0.2
v 4 5.9 -0.2
v 4 8.7 -0.2
v 4 8.8 -0.2
v 4 9.7 -0.2
v 4 9.8 -0.2
v 4 9.9 -0.2
v 4 10 -0.2
v 4.1 9.9 -0.2
v 4.1 10 -0.2
v 4.5 0.4 -0.2
v 4.5 0.5 -0.2
v 4.6 0.4 -0.2
v 4.6 0.5 -0.2
v -3.9 5.6 -0.3
v -3.9 5.7 -0.3
v -3.8 5.6 -0.3
v -3.8 5.7 -0.3
v 3.9 4 -0.3
v 3.9 4.1 -0.3
v 3.9 4.2 -0.3
v 3.9 4.4 -0.3
v 3.9 5.4 -0.3
v 3.9 5.6 -0.3
v 4 4 -0.3
v 4 4.1 -0.3
v 4 4.2 -0.3
v 4 4.4 -0.3
v 4 5.4 -0.3
v 4 5.6 -0.3
v 4.2 0.4 -0.3
v 4.2 0.6 -0.3
v 4.3 0.4 -0.3
v 4.3 0.6 -0.3
v 4.4 0.4 -0.3
v 4.4 0.5 -0.3
v 4.5 0.4 -0.3
v 4.5 0.5 -0.3
v 4.5 0.6 -0.3
v 4.6 0.5 -0.3
v 4.6 0.6 -0.3
v -3.9 1.6 -0.4
v -3.9 1.9 -0.4
v -3.8 1.6 -0.4
v -3.8 1.9 -0.4
v 3.9 4.6 -0.4
v 3.9 4.7 -0.4
v 3.9 5.1 -0.4
v 3.9 5.4 -0.4
v 3.9 5.9 -0.4
v 3.9 6 -0.4
v 3.9 8.6 -0.4
v 3.9 8.7 -0.4
v 4 4.5 -0.4
v 4 4.6 -0.4
v 4 4.7 -0.4
v 4 5.1 -0.4
v 4 5.4 -0.4
v 4 5.9 -0.4
v 4 6 -0.4
v 4 8.6 -0.4
v 4 8.7 -0.4
v 4 10 -0.4
v 4 10.1 -0.4
v 4.1 4.5 -0.4
v 4.1 4.6 -0.4
v 4.1 10 -0.4
v 4.1 10.1 -0.4
v -3.9 1.5 -0.5
v -3.9 1.6 -0.5
v -3.9 1.9 -0.5
v -3.9 2.1 -0.5
v -3.9 5.5 -0.5
v -3.9 5.6 -0.5
v -3.9 7.4 -0.5
v -3.9 7.5 -0.5
v -3.8 1.5 -0.5
v -3.8 1.6 -0.5
v -3.8 1.9 -0.5
v -3.8 2.1 -0.5
v -3.8 5.5 -0.5
v -3.8 5.6 -0.5
v -3.8 7.4 -0.5
v -3.8 7.5 -0.5
v 3.9 4.7 -0.5
v 3.9 4.9 -0.5
v 4 4.7 -0.5
v 4 4.9 -0.5
v 4.3 0.4 -0.5
v 4.3 0.5 -0.5
v 4.5 0.4 -0.5
v 4.5 0.5 -0.5
v -3.9 1.4 -0.6
v -3.9 1.5 -0.6
v -3.9 2.1 -0.6
v -3.9 2.2 -0.6
v -3.9 5.4 -0.6
v -3.9 5.5 -0.6
v -3.9 7.2 -0.6
v -3.9 7.4 -0.6
v -3.9 7.5 -0.6
v -3.9 7.8 -0.6
v -3.8 1.4 -0.6
v -3.8 1.5 -0.6
v -3.8 2.1 -0.6
v -3.8 2.2 -0.6
v -3.8 5.4 -0.6
v -3.8 5.5 -0.6
v -3.8 7.2 -0.6
v -3.8 7.4 -0.6
v -3.8 7.5 -0.6
v -3.8 7.8 -0.6
v 3.9 4.9 -0.6
v 3.9 5.1 -0.6
v 3.9 6 -0.6
v 3.9 6.1 -0.6
v 3.9 8.5 -0.6
v 3.9 8.6 -0.6
v 4 4.9 -0.6
v 4 5.1 -0.6
v 4 6 -0.6
v 4 6.1 -0.6
v 4 8.5 -0.6
v 4 8.6 -0.6
v -3.9 1.2 -0.7
v -3.9 1.4 -0.7
v -3.9 2.2 -0.7
v -3.9 2.4 -0.7
v -3.9 5.3 -0.7
v -3.9 5.4 -0.7
v -3.9 7 -0.7
v -3.9 7.2 -0.7
v -3.9 7.8 -0.7
v -3.9 8 -0.7
v -3.8 1.2 -0.7
v -3.8 1.4 -0.7
v -3.8 2.2 -0.7
v -3.8 2.4 -0.7
v -3.8 5.3 -0.7
v -3.8 5.4 -0.7
v -3.8 7 -0.7
v -3.8 7.2 -0.7
v -3.8 7.8 -0.7
v -3.8 8 -0.7
v 3.9 5.1 -0.7
v 3.9 5.3 -0.7
v 4 5.1 -0.7
v 4 5.3 -0.7
v -4 6.2 -0.8
v -4 6.4 -0.8
v -3.9 1.1 -0.8
v -3.9 1.2 -0.8
v -3.9 2.4 -0.8
v -3.9 2.5 -0.8
v -3.9 5.2 -0.8
v -3.9 5.3 -0.8
v -3.9 6.2 -0.8
v -3.9 6.4 -0.8
v -3.9 6.7 -0.8
v -3.9 7 -0.8
v -3.8 1.1 -0.8
v -3.8 1.2 -0.8
v -3.8 2.4 -0.8
v -3.8 2.5 -0.8
v -3.8 5.2 -0.8
v -3.8 5.3 -0.8
v -3.8 6.7 -0.8
v -3.8 7 -0.8
v 3.9 6.1 -0.8
v 3.9 6.2 -0.8
v 3.9 8.4 -0.8
v 3.9 8.5 -0.8
v 4 6.1 -0.8
v 4 6.2 -0.8
v 4 8.4 -0.8
v 4 8.5 -0.8
v -4 2.6 -0.9
v -4 2.7 -0.9
v -3.9 2.6 -0.9
v -3.9 2.7 -0.9
v -3.9 6.5 -0.9
v -3.9 6.7 -0.9
v -3.8 6.5 -0.9
v -3.8 6.7 -0.9
v -1 11.6 -0.9
v -1 11.7 -0.9
v 1.1 11.6 -0.9
v 1.1 11.7 -0.9
v 3.9 7.6 -0.9
v 3.9 7.7 -0.9
v 4 6.2 -0.9
v 4 6.3 -0.9
v 4 7.6 -0.9
v 4 7.7 -0.9
v 4.1 6.2 -0.9
v 4.1 6.3 -0.9
v -4.5 0.4 -1
v -4.5 0.5 -1
v -4.4 0.4 -1
v -4.4 0.5 -1
v -4 2.7 -1
v -4 2.8 -1
v -3.9 2.7 -1
v -3.9 2.8 -1
v -3.9 2.9 -1
v -3.9 5.1 -1
v -3.9 5.2 -1
v -3.8 2.8 -1
v -3.8 2.9 -1
v -3.8 5.1 -1
v -3.8 5.2 -1
v 4.2 0.4 -1
v 4.2 0.5 -1
v 4.2 0.6 -1
v 4.3 0.5 -1
v 4.3 0.6 -1
v 4.4 0.5 -1
v 4.4 0.6 -1
v 4.6 0.4 -1
v 4.6 0.6 -1
v -4.1 0.4 -1.1
v -4.1 0.5 -1.1
v -4 0.4 -1.1
v -4 0.5 -1.1
v -3.9 2.9 -1.1
v -3.9 3 -1.1
v -3.9 5 -1.1
v -3.9 5.1 -1.1
v -3.8 2.9 -1.1
v -3.8 3 -1.1
v -3.8 5 -1.1
v -3.8 5.1 -1.1
v 3.9 7.5 -1.1
v 3.9 7.6 -1.1
v 4 7.5 -1.1
v 4 7.6 -1.1
v 4.4 0.6 -1.1
v 4.4 0.7 -1.1
v 4.5 0.6 -1.1
v 4.5 0.7 -1.1
v -4.1 0.5 -1.2
v -4.1 0.6 -1.2
v -4 0.5 -1.2
v -4 0.6 -1.2
v -3.9 3 -1.2
v -3.9 3.1 -1.2
v -3.9 4.9 -1.2
v -3.9 5 -1.2
v -3.8 3 -1.2
v -3.8 3.1 -1.2
v -3.8 4.9 -1.2
v -3.8 5 -1.2
v -4.7 0.4 -1.3
v -4.7 0.5 -1.3
v -4.6 0.4 -1.3
v -4.6 0.5 -1.3
v -3.9 3.1 -1.3
v -3.9 3.2 -1.3
v -3.9 3.3 -1.3
v -3.9 3.4 -1.3
v -3.8 3.1 -1.3
v -3.8 3.2 -1.3
v -3.8 3.3 -1.3
v -3.8 3.4 -1.3
v 3.9 7.4 -1.3
v 3.9 7.5 -1.3
v 4 7.4 -1.3
v 4 7.5 -1.3
v 4.4 0.4 -1.3
v 4.4 0.7 -1.3
v 4.5 0.4 -1.3
v 4.5 0.5 -1.3
v 4.5 0.6 -1.3
v 4.5 0.7 -1.3
v 4.6 0.5 -1.3
v 4.6 0.6 -1.3
v -3.9 3.4 -1.4
v -3.9 3.6 -1.4
v -3.9 4.8 -1.4
v -3.9 4.9 -1.4
v -3.8 3.4 -1.4
v -3.8 3.6 -1.4
v -3.8 4.8 -1.4
v -3.8 4.9 -1.4
v -3.9 1 -1.5
v -3.9 1.3 -1.5
v -3.9 3.6 -1.5
v -3.9 4 -1.5
v -3.9 4.7 -1.5
v -3.9 4.8 -1.5
v -3.8 1 -1.5
v -3.8 1.3 -1.5
v -3.8 3.6 -1.5
v -3.8 4 -1.5
v -3.8 4.7 -1.5
v -3.8 4.8 -1.5
v 3.9 7.3 -1.5
v 3.9 7.4 -1.5
v 4 7.3 -1.5
v 4 7.4 -1.5
v -3.9 1.3 -1.6
v -3.9 1.8 -1.6
v -3.9 4 -1.6
v -3.9 4.2 -1.6
v -3.9 4.6 -1.6
v -3.9 4.7 -1.6
v -3.8 1.3 -1.6
v -3.8 1.8 -1.6
v -3.8 4 -1.6
v -3.8 4.2 -1.6
v -3.8 4.6 -1.6
v -3.8 4.7 -1.6
v 4 6.3 -1.6
v 4 6.4 -1.6
v 4.1 6.3 -1.6
v 4.1 6.4 -1.6
v -4 4.5 -1.7
v -4 4.6 -1.7
v -3.9 1.8 -1.7
v -3.9 2.3 -1.7
v -3.9 4.5 -1.7
v -3.9 4.6 -1.7
v -3.9 9.4 -1.7
v -3.9 9.6 -1.7
v -3.8 1.8 -1.7
v -3.8 2.3 -1.7
v -3.8 9.4 -1.7
v -3.8 9.6 -1.7
v 3.9 6.8 -1.7
v 3.9 7.1 -1.7
v 3.9 7.2 -1.7
v 3.9 7.3 -1.7
v 4 6.8 -1.7
v 4 7.1 -1.7
v 4 7.2 -1.7
v 4 7.3 -1.7
v 4 9.9 -1.7
v 4 10 -1.7
v 4.1 9.9 -1.7
v 4.1 10 -1.7
v -4 2.6 -1.8
v -4 2.7 -1.8
v -4 4.4 -1.8
v -4 4.5 -1.8
v -3.9 2.3 -1.8
v -3.9 2.6 -1.8
v -3.9 2.7 -1.8
v -3.9 4.2 -1.8
v -3.9 4.4 -1.8
v -3.9 4.5 -1.8
v -3.9 7.5 -1.8
v -3.9 7.6 -1.8
v -3.9 9.2 -1.8
v -3.9 9.4 -1.8
v -3.8 2.3 -1.8
v -3.8 2.6 -1.8
v -3.8 4.2 -1.8
v -3.8 4.4 -1.8
v -3.8 7.5 -1.8
v -3.8 7.6 -1.8
v -3.8 9.2 -1.8
v -3.8 9.4 -1.8
v -3.7 7.4 -1.8
v -3.7 7.5 -1.8
v -3.6 7.4 -1.8
v -3.6 7.5 -1.8
v 3.9 6.4 -1.8
v 3.9 6.5 -1.8
v 3.9 6.6 -1.8
v 3.9 6.8 -1.8
v 3.9 9.7 -1.8
v 3.9 9.8 -1.8
v 4 6.4 -1.8
v 4 6.5 -1.8
v 4 6.6 -1.8
v 4 6.8 -1.8
v 4 9.7 -1.8
v 4 9.8 -1.8
v 4 9.9 -1.8
v 4.1 9.8 -1.8
v 4.1 9.9 -1.8
v -4.4 0.4 -1.9
v -4.4 0.6 -1.9
v -4.3 0.4 -1.9
v -4.3 0.6 -1.9
v -4 2.7 -1.9
v -4 2.8 -1.9
v -3.9 2.7 -1.9
v -3.9 2.8 -1.9
v -3.9 3.2 -1.9
v -3.9 3.8 -1.9
v -3.9 4.2 -1.9
v -3.9 7.4 -1.9
v -3.9 7.5 -1.9
v -3.9 7.6 -1.9
v -3.9 7.8 -1.9
v -3.9 9 -1.9
v -3.9 9.2 -1.9
v -3.8 2.8 -1.9
v -3.8 3.2 -1.9
v -3.8 3.8 -1.9
v -3.8 4.2 -1.9
v -3.8 7.3 -1.9
v -3.8 7.4 -1.9
v -3.8 7.5 -1.9
v -3.8 7.6 -1.9
v -3.8 7.8 -1.9
v -3.8 9 -1.9
v -3.8 9.2 -1.9
v -3.7 7.3 -1.9
v -3.7 7.4 -1.9
v -3.7 7.5 -1.9
v -3.6 7.3 -1.9
v -3.6 7.4 -1.9
v -0.9 11.7 -1.9
v -0.9 11.8 -1.9
v -0.5 10 -1.9
v -0.5 11.3 -1.9
v -0.4 10 -1.9
v -0.4 11.2 -1.9
v -0.2 10.5 -1.9
v -0.2 10.6 -1.9
v 0 10.5 -1.9
v 0 10.6 -1.9
v 0.2 10.5 -1.9
v 0.2 10.6 -1.9
v 0.4 10.5 -1.9
v 0.4 10.6 -1.9
v 0.6 10 -1.9
v 0.6 11.2 -1.9
v 0.7 10 -1.9
v 0.7 11.3 -1.9
v 1 11.7 -1.9
v 1 11.8 -1.9
v 3.9 9.6 -1.9
v 3.9 9.7 -1.9
v 4 9.6 -1.9
v 4 9.7 -1.9
v -3.9 3.2 -2
v -3.9 3.4 -2
v -3.9 3.5 -2
v -3.9 3.8 -2
v -3.9 7.2 -2
v -3.9 7.4 -2
v -3.9 7.8 -2
v -3.9 7.9 -2
v -3.9 8.8 -2
v -3.9 9 -2
v -3.8 3.2 -2
v -3.8 3.4 -2
v -3.8 3.5 -2
v -3.8 3.8 -2
v -3.8 7.1 -2
v -3.8 7.2 -2
v -3.8 7.3 -2
v -3.8 7.4 -2
v -3.8 7.8 -2
v -3.8 7.9 -2
v -3.8 8.8 -2
v -3.8 9 -2
v -3.7 7.1 -2
v -3.7 7.2 -2
v -3.7 7.3 -2
v -3.6 7.1 -2
v -3.6 7.2 -2
v -0.8 10 -2
v -0.8 11.6 -2
v -0.5 10 -2
v -0.5 11.3 -2
v -0.4 10 -2
v -0.4 11.2 -2
v -0.3 10.7 -2
v -0.3 11.1 -2
v -0.2 10.5 -2
v -0.2 10.6 -2
v 0 10.5 -2
v 0 10.6 -2
v 0 10.7 -2
v 0 11.1 -2
v 0.2 10.5 -2
v 0.2 10.6 -2
v 0.2 10.7 -2
v 0.2 11.1 -2
v 0.4 10.5 -2
v 0.4 10.6 -2
v 0.5 10.7 -2
v 0.5 11.1 -2
v 0.6 10 -2
v 0.6 11.2 -2
v 0.7 10 -2
v 0.7 11.3 -2
v 0.9 10 -2
v 0.9 11.6 -2
v 3.9 2.4 -2
v 3.9 2.5 -2
v 3.9 6.5 -2
v 3.9 6.6 -2
v 3.9 7 -2
v 3.9 7.2 -2
v 3.9 9.4 -2
v 3.9 9.6 -2
v 4 2.4 -2
v 4 2.5 -2
v 4 6.5 -2
v 4 6.6 -2
v 4 7 -2
v 4 7.2 -2
v 4 9.4 -2
v 4 9.6 -2
v -4 8 -2.1
v -4 8.1 -2.1
v -3.9 3.4 -2.1
v -3.9 3.5 -2.1
v -3.9 7 -2.1
v -3.9 7.2 -2.1
v -3.9 7.9 -2.1
v -3.9 8 -2.1
v -3.9 8.1 -2.1
v -3.9 8.6 -2.1
v -3.9 8.8 -2.1
v -3.8 3.4 -2.1
v -3.8 3.5 -2.1
v -3.8 6.9 -2.1
v -3.8 7 -2.1
v -3.8 7.1 -2.1
v -3.8 7.2 -2.1
v -3.8 7.9 -2.1
v -3.8 8 -2.1
v -3.8 8.6 -2.1
v -3.8 8.8 -2.1
v -3.7 6.8 -2.1
v -3.7 6.9 -2.1
v -3.7 7 -2.1
v -3.7 7.1 -2.1
v -3.6 6.8 -2.1
v -3.6 7 -2.1
v 3.9 2.3 -2.1
v 3.9 2.4 -2.1
v 3.9 7.2 -2.1
v 3.9 7.3 -2.1
v 3.9 9.3 -2.1
v 3.9 9.4 -2.1
v 4 2.3 -2.1
v 4 2.4 -2.1
v 4 7.2 -2.1
v 4 7.3 -2.1
v 4 9.3 -2.1
v 4 9.4 -2.1
v -4 8.1 -2.2
v -4 8.2 -2.2
v -3.9 6.8 -2.2
v -3.9 6.9 -2.2
v -3.9 7 -2.2
v -3.9 8.1 -2.2
v -3.9 8.2 -2.2
v -3.9 8.4 -2.2
v -3.9 8.6 -2.2
v -3.8 6.9 -2.2
v -3.8 7 -2.2
v -3.8 8.4 -2.2
v -3.8 8.6 -2.2
v -3.7 6.7 -2.2
v -3.7 6.8 -2.2
v -3.7 6.9 -2.2
v -3.6 6.7 -2.2
v -3.6 6.8 -2.2
v 3.9 1 -2.2
v 3.9 1.2 -2.2
v 3.9 2.2 -2.2
v 3.9 2.3 -2.2
v 3.9 7.3 -2.2
v 3.9 7.4 -2.2
v 3.9 8.2 -2.2
v 3.9 8.3 -2.2
v 3.9 9.2 -2.2
v 3.9 9.3 -2.2
v 4 1 -2.2
v 4 1.2 -2.2
v 4 2.2 -2.2
v 4 2.3 -2.2
v 4 7.3 -2.2
v 4 7.4 -2.2
v 4 8.2 -2.2
v 4 8.3 -2.2
v 4 9.2 -2.2
v 4 9.3 -2.2
v -4.5 0.4 -2.3
v -4.5 0.5 -2.3
v -4.4 0.4 -2.3
v -4.4 0.5 -2.3
v -4 0.8 -2.3
v -4 1 -2.3
v -4 6.3 -2.3
v -4 6.4 -2.3
v -3.9 0.8 -2.3
v -3.9 1 -2.3
v -3.9 6.3 -2.3
v -3.9 6.4 -2.3
v -3.9 6.6 -2.3
v -3.9 6.8 -2.3
v -3.9 8.2 -2.3
v -3.9 8.4 -2.3
v -3.8 6.4 -2.3
v -3.8 6.5 -2.3
v -3.8 6.6 -2.3
v -3.8 6.8 -2.3
v -3.8 8.2 -2.3
v -3.8 8.3 -2.3
v -3.8 8.4 -2.3
v -3.7 6.4 -2.3
v -3.7 6.5 -2.3
v -3.7 6.6 -2.3
v -3.7 6.8 -2.3
v -3.7 8.2 -2.3
v -3.7 8.3 -2.3
v -3.6 6.5 -2.3
v -3.6 6.6 -2.3
v 3.9 1.2 -2.3
v 3.9 1.7 -2.3
v 3.9 2.1 -2.3
v 3.9 2.2 -2.3
v 3.9 4.8 -2.3
v 3.9 5.2 -2.3
v 3.9 6.6 -2.3
v 3.9 6.7 -2.3
v 3.9 7.4 -2.3
v 3.9 7.5 -2.3
v 3.9 8.8 -2.3
v 3.9 8.9 -2.3
v 3.9 9.1 -2.3
v 3.9 9.2 -2.3
v 4 1.2 -2.3
v 4 1.7 -2.3
v 4 2.1 -2.3
v 4 2.2 -2.3
v 4 4.8 -2.3
v 4 5.2 -2.3
v 4 6.6 -2.3
v 4 6.7 -2.3
v 4 7.4 -2.3
v 4 7.5 -2.3
v 4 8.8 -2.3
v 4 8.9 -2.3
v 4 9.1 -2.3
v 4 9.2 -2.3
v -4.2 0.4 -2.4
v -4.2 0.5 -2.4
v -4.1 0.4 -2.4
v -4.1 0.5 -2.4
v -4 0.4 -2.4
v -4 0.6 -2.4
v -4 0.7 -2.4
v -4 0.8 -2.4
v -4 6.2 -2.4
v -4 6.3 -2.4
v -3.9 0.4 -2.4
v -3.9 0.5 -2.4
v -3.9 0.6 -2.4
v -3.9 0.7 -2.4
v -3.9 0.8 -2.4
v -3.9 6.2 -2.4
v -3.9 6.3 -2.4
v -3.9 6.4 -2.4
v -3.9 6.6 -2.4
v -3.9 8.4 -2.4
v -3.9 8.5 -2.4
v -3.8 0.5 -2.4
v -3.8 0.6 -2.4
v -3.8 6.4 -2.4
v -3.8 6.5 -2.4
v -3.8 6.6 -2.4
v -3.8 8.4 -2.4
v -3.8 8.5 -2.4
v -3.7 6.5 -2.4
v -3.7 6.6 -2.4
v 3.9 1.7 -2.4
v 3.9 1.9 -2.4
v 3.9 2 -2.4
v 3.9 2.1 -2.4
v 3.9 4.6 -2.4
v 3.9 4.8 -2.4
v 3.9 5.2 -2.4
v 3.9 5.5 -2.4
v 3.9 7.5 -2.4
v 3.9 7.6 -2.4
v 3.9 8.3 -2.4
v 3.9 8.8 -2.4
v 3.9 8.9 -2.4
v 3.9 9.1 -2.4
v 4 1.7 -2.4
v 4 1.9 -2.4
v 4 2 -2.4
v 4 2.1 -2.4
v 4 4.4 -2.4
v 4 4.5 -2.4
v 4 4.6 -2.4
v 4 4.8 -2.4
v 4 5.2 -2.4
v 4 5.5 -2.4
v 4 7.5 -2.4
v 4 7.6 -2.4
v 4 8.3 -2.4
v 4 8.8 -2.4
v 4 8.9 -2.4
v 4 9.1 -2.4
v 4.1 4.4 -2.4
v 4.1 4.5 -2.4
v -4.2 0.5 -2.5
v -4.2 0.6 -2.5
v -4.1 0.5 -2.5
v -4.1 0.6 -2.5
v -4 0.6 -2.5
v -4 0.7 -2.5
v -3.9 0.6 -2.5
v -3.9 0.7 -2.5
v -3.9 2.1 -2.5
v -3.9 2.4 -2.5
v -3.9 6 -2.5
v -3.9 6.2 -2.5
v -3.9 8.5 -2.5
v -3.9 8.6 -2.5
v -3.8 2.1 -2.5
v -3.8 2.4 -2.5
v -3.8 6 -2.5
v -3.8 6.2 -2.5
v -3.8 8.5 -2.5
v -3.8 8.6 -2.5
v 3.9 1.9 -2.5
v 3.9 2 -2.5
v 3.9 6.7 -2.5
v 3.9 6.8 -2.5
v 3.9 7.6 -2.5
v 3.9 7.7 -2.5
v 3.9 8.8 -2.5
v 3.9 8.9 -2.5
v 4 1.9 -2.5
v 4 2 -2.5
v 4 4.5 -2.5
v 4 4.6 -2.5
v 4 6.7 -2.5
v 4 6.8 -2.5
v 4 7.6 -2.5
v 4 7.7 -2.5
v 4 8.8 -2.5
v 4 8.9 -2.5
v 4.1 4.5 -2.5
v 4.1 4.6 -2.5
v -4 0.7 -2.6
v -4 0.8 -2.6
v -4 2.6 -2.6
v -4 2.7 -2.6
v -3.9 0.7 -2.6
v -3.9 0.8 -2.6
v -3.9 1.7 -2.6
v -3.9 2.1 -2.6
v -3.9 2.4 -2.6
v -3.9 2.5 -2.6
v -3.9 2.6 -2.6
v -3.9 2.7 -2.6
v -3.9 5.8 -2.6
v -3.9 6 -2.6
v -3.9 8.6 -2.6
v -3.9 8.7 -2.6
v -3.8 1.7 -2.6
v -3.8 2.1 -2.6
v -3.8 2.4 -2.6
v -3.8 2.5 -2.6
v -3.8 5.8 -2.6
v -3.8 6 -2.6
v -3.8 8.6 -2.6
v -3.8 8.7 -2.6
v 3.9 4.3 -2.6
v 3.9 4.4 -2.6
v 3.9 7.7 -2.6
v 3.9 7.8 -2.6
v 3.9 8.7 -2.6
v 3.9 8.8 -2.6
v 4 4.3 -2.6
v 4 4.4 -2.6
v 4 7.7 -2.6
v 4 7.8 -2.6
v 4 8.7 -2.6
v 4 8.8 -2.6
v -4 0.8 -2.7
v -4 0.9 -2.7
v -3.9 0.8 -2.7
v -3.9 0.9 -2.7
v -3.9 1.3 -2.7
v -3.9 1.7 -2.7
v -3.9 2.5 -2.7
v -3.9 2.6 -2.7
v -3.9 5.6 -2.7
v -3.9 5.8 -2.7
v -3.9 8.7 -2.7
v -3.9 9.1 -2.7
v -3.8 1.3 -2.7
v -3.8 1.7 -2.7
v -3.8 2.5 -2.7
v -3.8 2.6 -2.7
v -3.8 5.6 -2.7
v -3.8 5.8 -2.7
v -3.8 8.7 -2.7
v -3.8 9 -2.7
v -3.8 9.1 -2.7
v -3.7 9 -2.7
v -3.7 9.1 -2.7
v 3.9 1.7 -2.7
v 3.9 1.9 -2.7
v 3.9 4.1 -2.7
v 3.9 4.3 -2.7
v 3.9 5.4 -2.7
v 3.9 5.5 -2.7
v 3.9 7.8 -2.7
v 3.9 7.9 -2.7
v 3.9 8.5 -2.7
v 3.9 8.7 -2.7
v 4 1.7 -2.7
v 4 1.9 -2.7
v 4 4.1 -2.7
v 4 4.3 -2.7
v 4 5.4 -2.7
v 4 5.5 -2.7
v 4 7.8 -2.7
v 4 7.9 -2.7
v 4 8.5 -2.7
v 4 8.7 -2.7
v -4 0.9 -2.8
v -4 1 -2.8
v -3.9 0.9 -2.8
v -3.9 1 -2.8
v -3.9 1.3 -2.8
v -3.9 5.5 -2.8
v -3.9 5.6 -2.8
v -3.9 9.1 -2.8
v -3.9 9.2 -2.8
v -3.8 1 -2.8
v -3.8 1.3 -2.8
v -3.8 5.5 -2.8
v -3.8 5.6 -2.8
v -3.8 9.1 -2.8
v -3.8 9.2 -2.8
v 3.9 1.5 -2.8
v 3.9 1.7 -2.8
v 3.9 3.9 -2.8
v 3.9 4.1 -2.8
v 3.9 8.4 -2.8
v 3.9 8.5 -2.8
v 4 1.5 -2.8
v 4 1.7 -2.8
v 4 3.9 -2.8
v 4 4.1 -2.8
v 4 8.4 -2.8
v 4 8.5 -2.8
v -4 2.7 -2.9
v -4 2.8 -2.9
v -3.9 2.7 -2.9
v -3.9 2.8 -2.9
v -3.9 2.9 -2.9
v -3.9 5.2 -2.9
v -3.9 5.5 -2.9
v -3.9 9.2 -2.9
v -3.9 9.3 -2.9
v -3.8 2.8 -2.9
v -3.8 2.9 -2.9
v -3.8 5.2 -2.9
v -3.8 5.3 -2.9
v -3.8 5.4 -2.9
v -3.8 5.5 -2.9
v -3.8 9.2 -2.9
v -3.8 9.3 -2.9
v -3.7 5.3 -2.9
v -3.7 5.4 -2.9
v 3.9 1.3 -2.9
v 3.9 1.5 -2.9
v 3.9 3.8 -2.9
v 3.9 3.9 -2.9
v 3.9 8.3 -2.9
v 3.9 8.4 -2.9
v 4 1.3 -2.9
v 4 1.5 -2.9
v 4 3.8 -2.9
v 4 3.9 -2.9
v 4 8.3 -2.9
v 4 8.4 -2.9
v -3.9 2.9 -3
v -3.9 3 -3
v -3.9 5 -3
v -3.9 5.2 -3
v -3.9 5.5 -3
v -3.9 5.7 -3
v -3.9 9.3 -3
v -3.9 9.4 -3
v -3.8 2.9 -3
v -3.8 3 -3
v -3.8 5 -3
v -3.8 5.2 -3
v -3.8 5.5 -3
v -3.8 5.7 -3
v -3.8 9.3 -3
v -3.8 9.4 -3
v 3.9 1.2 -3
v 3.9 1.3 -3
v 3.9 3.6 -3
v 3.9 3.8 -3
v 4 1.2 -3
v 4 1.3 -3
v 4 3.6 -3
v 4 3.8 -3
v -4.1 0.4 -3.1
v -4.1 0.5 -3.1
v -4 0.4 -3.1
v -4 0.5 -3.1
v -3.9 3 -3.1
v -3.9 3.1 -3.1
v -3.9 4.8 -3.1
v -3.9 5 -3.1
v -3.9 5.7 -3.1
v -3.9 5.8 -3.1
v -3.9 6.4 -3.1
v -3.9 6.5 -3.1
v -3.8 3 -3.1
v -3.8 3.1 -3.1
v -3.8 4.8 -3.1
v -3.8 5 -3.1
v -3.8 5.7 -3.1
v -3.8 5.8 -3.1
v -3.8 6.4 -3.1
v -3.8 6.5 -3.1
v 3.8 5.5 -3.1
v 3.8 5.6 -3.1
v 3.9 3.4 -3.1
v 3.9 3.6 -3.1
v 3.9 5.5 -3.1
v 3.9 5.6 -3.1
v 4 3.4 -3.1
v 4 3.6 -3.1
v -4 4.5 -3.2
v -4 4.6 -3.2
v -3.9 3.1 -3.2
v -3.9 3.2 -3.2
v -3.9 4.5 -3.2
v -3.9 4.6 -3.2
v -3.9 4.8 -3.2
v -3.9 5.8 -3.2
v -3.9 5.9 -3.2
v -3.9 6.5 -3.2
v -3.9 6.6 -3.2
v -3.9 9.4 -3.2
v -3.9 9.5 -3.2
v -3.8 3.1 -3.2
v -3.8 3.2 -3.2
v -3.8 4.6 -3.2
v -3.8 4.8 -3.2
v -3.8 5.8 -3.2
v -3.8 5.9 -3.2
v -3.8 6.5 -3.2
v -3.8 6.6 -3.2
v -3.8 9.4 -3.2
v -3.8 9.5 -3.2
v 3.9 3.3 -3.2
v 3.9 3.4 -3.2
v 3.9 5.6 -3.2
v 3.9 5.7 -3.2
v 4 3.3 -3.2
v 4 3.4 -3.2
v 4 5.6 -3.2
v 4 5.7 -3.2
v -4 4.4 -3.3
v -4 4.5 -3.3
v -4 10.1 -3.3
v -4 10.2 -3.3
v -3.9 4.4 -3.3
v -3.9 4.5 -3.3
v -3.9 5.9 -3.3
v -3.9 6.1 -3.3
v -3.9 6.6 -3.3
v -3.9 6.7 -3.3
v -3.9 9.5 -3.3
v -3.9 9.6 -3.3
v -3.9 10.1 -3.3
v -3.9 10.2 -3.3
v -3.8 5.9 -3.3
v -3.8 6.1 -3.3
v -3.8 6.6 -3.3
v -3.8 6.7 -3.3
v -3.8 9.5 -3.3
v -3.8 9.6 -3.3
v 3.9 3.1 -3.3
v 3.9 3.3 -3.3
v 4 3.1 -3.3
v 4 3.3 -3.3
v -4 6.2 -3.4
v -4 6.3 -3.4
v -3.9 3.2 -3.4
v -3.9 3.3 -3.4
v -3.9 6.1 -3.4
v -3.9 6.2 -3.4
v -3.9 6.3 -3.4
v -3.9 6.7 -3.4
v -3.9 6.8 -3.4
v -3.9 9.6 -3.4
v -3.9 9.7 -3.4
v -3.8 3.2 -3.4
v -3.8 3.3 -3.4
v -3.8 6.1 -3.4
v -3.8 6.2 -3.4
v -3.8 6.7 -3.4
v -3.8 6.8 -3.4
v -3.8 9.6 -3.4
v -3.8 9.7 -3.4
v 3.9 2.9 -3.4
v 3.9 3.1 -3.4
v 3.9 9.6 -3.4
v 3.9 9.8 -3.4
v 4 2.9 -3.4
v 4 3.1 -3.4
v 4 9.6 -3.4
v 4 9.8 -3.4
v -3.9 3.3 -3.5
v -3.9 3.4 -3.5
v -3.9 6.8 -3.5
v -3.9 7 -3.5
v -3.9 9.7 -3.5
v -3.9 9.8 -3.5
v -3.8 3.3 -3.5
v -3.8 3.4 -3.5
v -3.8 6.8 -3.5
v -3.8 7 -3.5
v -3.8 9.7 -3.5
v -3.8 9.8 -3.5
v 3.9 2.8 -3.5
v 3.9 2.9 -3.5
v 3.9 9.2 -3.5
v 3.9 9.6 -3.5
v 4 2.6 -3.5
v 4 2.8 -3.5
v 4 2.9 -3.5
v 4 9.2 -3.5
v 4 9.6 -3.5
v 4.1 2.6 -3.5
v 4.1 2.8 -3.5
v -3.9 3.4 -3.6
v -3.9 3.5 -3.6
v -3.9 7 -3.6
v -3.9 7.1 -3.6
v -3.8 3.4 -3.6
v -3.8 3.5 -3.6
v -3.8 7 -3.6
v -3.8 7.1 -3.6
v 3.9 5.7 -3.6
v 3.9 5.8 -3.6
v 3.9 9 -3.6
v 3.9 9.2 -3.6
v 4 5.7 -3.6
v 4 5.8 -3.6
v 4 9 -3.6
v 4 9.2 -3.6
v -3.9 3.5 -3.7
v -3.9 3.6 -3.7
v -3.9 7.1 -3.7
v -3.9 7.2 -3.7
v -3.8 3.5 -3.7
v -3.8 3.6 -3.7
v -3.8 7.1 -3.7
v -3.8 7.2 -3.7
v 3.9 2.5 -3.7
v 3.9 2.6 -3.7
v 4 2.5 -3.7
v 4 2.6 -3.7
v -3.9 7.2 -3.8
v -3.9 7.3 -3.8
v -3.8 7.2 -3.8
v -3.8 7.3 -3.8
v -3.8 10 -3.8
v -3.8 10.1 -3.8
v -3.8 10.2 -3.8
v -3 10 -3.8
v -3 10.1 -3.8
v 3.9 2.3 -3.8
v 3.9 2.5 -3.8
v 3.9 10 -3.8
v 3.9 10.2 -3.8
v 4 2.3 -3.8
v 4 2.5 -3.8
v -2.4 0.4 3.9
v -2.4 0.5 3.9
v -2.3 0.4 3.9
v -2.3 0.5 3.9
v -2.2 0.4 3.9
v -2.2 0.5 3.9
v -3.8 0.7 3.8
v -3.8 1.1 3.8
v -3.8 1.5 3.8
v -3.8 1.6 3.8
v -3.6 0.7 3.8
v -3.6 1.1 3.8
v -3.6 1.5 3.8
v -3.6 1.6 3.8
v -2.7 0.4 3.8
v -2.7 0.5 3.8
v -2.5 0.4 3.8
v -2.5 0.5 3.8
v -1.4 0.7 3.8
v -1.4 1.1 3.8
v -1.4 1.5 3.8
v -1.4 1.6 3.8
v -1.2 0.7 3.8
v -1.2 1.1 3.8
v -1.2 1.5 3.8
v -1.2 1.6 3.8
v 1.3 0.7 3.8
v 1.3 1.1 3.8
v 1.3 1.5 3.8
v 1.3 1.6 3.8
v 1.5 0.7 3.8
v 1.5 1.1 3.8
v 1.5 1.5 3.8
v 1.5 1.6 3.8
v 3.7 0.7 3.8
v 3.7 1.1 3.8
v 3.7 1.5 3.8
v 3.7 1.6 3.8
v 3.9 0.7 3.8
v 3.9 1.1 3.8
v 3.9 1.5 3.8
v 3.9 1.6 3.8
v -3.9 1.2 3.7
v -3.9 1.5 3.7
v -3.5 1.2 3.7
v -3.5 1.5 3.7
v -1.5 1.2 3.7
v -1.5 1.5 3.7
v -1.1 1.2 3.7
v -1.1 1.5 3.7
v 1.2 1.2 3.7
v 1.2 1.5 3.7
v 1.6 1.2 3.7
v 1.6 1.5 3.7
v 3.6 1.2 3.7
v 3.6 1.5 3.7
v 4 1.2 3.7
v 4 1.5 3.7
v -4 0.4 3.6
v -4 0.7 3.6
v -4 1.1 3.6
v -4 1.2 3.6
v -3.4 0.4 3.6
v -3.4 0.7 3.6
v -3.4 1.1 3.6
v -3.4 1.2 3.6
v -1.6 0.4 3.6
v -1.6 0.7 3.6
v -1.6 1.1 3.6
v -1.6 1.2 3.6
v -1 0.4 3.6
v -1 0.7 3.6
v -1 1.1 3.6
v -1 1.2 3.6
v 1.1 0.4 3.6
v 1.1 0.7 3.6
v 1.1 1.1 3.6
v 1.1 1.2 3.6
v 1.7 0.4 3.6
v 1.7 0.7 3.6
v 1.7 1.1 3.6
v 1.7 1.2 3.6
v 3.5 0.4 3.6
v 3.5 0.7 3.6
v 3.5 1.1 3.6
v 3.5 1.2 3.6
v 4.1 0.4 3.6
v 4.1 0.7 3.6
v 4.1 1.1 3.6
v 4.1 1.2 3.6
v -0.4 0.9 3.4
v -0.4 1 3.4
v -0.3 0.9 3.4
v -0.3 1 3.4
v 4.1 0.4 3.4
v 4.1 0.5 3.4
v 4.2 0.4 3.4
v 4.2 0.5 3.4
v -0.2 6.8 3.3
v -0.2 6.9 3.3
v -0.0999999 6.8 3.3
v -0.0999999 6.9 3.3
v 0.3 8.6 3.3
v 0.3 8.7 3.3
v 0.4 8.6 3.3
v 0.4 8.7 3.3
v 0.5 1.2 3.3
v 0.5 1.3 3.3
v 0.6 1.2 3.3
v 0.6 1.3 3.3
v 0.6 6.8 3.3
v 0.6 6.9 3.3
v 0.7 6.8 3.3
v 0.7 6.9 3.3
v -0.8 3 3.2
v -0.8 3.1 3.2
v -0.8 4.7 3.2
v -0.8 4.8 3.2
v -0.7 3 3.2
v -0.7 3.1 3.2
v -0.7 4.7 3.2
v -0.7 4.8 3.2
v -0.7 6.8 3.2
v -0.7 6.9 3.2
v -0.6 6.8 3.2
v -0.6 6.9 3.2
v -0.4 8.5 3.2
v -0.4 8.6 3.2
v -0.3 6.8 3.2
v -0.3 6.9 3.2
v -0.3 8.5 3.2
v -0.3 8.6 3.2
v -0.2 6.7 3.2
v -0.2 6.8 3.2
v -0.2 6.9 3.2
v -0.2 8.5 3.2
v -0.2 8.6 3.2
v -0.2 8.7 3.2
v -0.0999999 3.2 3.2
v -0.0999999 3.3 3.2
v -0.0999999 8.6 3.2
v -0.0999999 8.7 3.2
v 0 3.2 3.2
v 0 3.3 3.2
v 0 6.8 3.2
v 0 6.9 3.2
v 0.1 6.7 3.2
v 0.1 6.8 3.2
v 0.1 6.9 3.2
v 0.1 8.5 3.2
v 0.1 8.6 3.2
v 0.2 6.7 3.2
v 0.2 6.8 3.2
v 0.2 8.5 3.2
v 0.2 8.6 3.2
v 0.3 6.7 3.2
v 0.3 6.8 3.2
v 0.3 6.9 3.2
v 0.3 8.5 3.2
v 0.3 8.6 3.2
v 0.4 3.1 3.2
v 0.4 3.2 3.2
v 0.4 6.8 3.2
v 0.4 6.9 3.2
v 0.5 3.1 3.2
v 0.5 3.2 3.2
v 0.5 4.9 3.2
v 0.5 5 3.2
v 0.6 4.9 3.2
v 0.6 5 3.2
v 0.7 8.6 3.2
v 0.7 8.7 3.2
v 0.8 6.7 3.2
v 0.8 6.8 3.2
v 0.8 8.6 3.2
v 0.8 8.7 3.2
v 0.9 6.7 3.2
v 0.9 6.8 3.2
v -1.2 0.4 3.1
v -1.2 0.5 3.1
v -1.1 0.4 3.1
v -1.1 0.5 3.1
v -1 0.4 3.1
v -1 0.5 3.1
v -0.8 4.8 3.1
v -0.8 4.9 3.1
v -0.8 5 3.1
v -0.7 2.8 3.1
v -0.7 3 3.1
v -0.7 3.2 3.1
v -0.7 3.3 3.1
v -0.7 4.6 3.1
v -0.7 4.8 3.1
v -0.7 4.9 3.1
v -0.7 5 3.1
v -0.7 5.1 3.1
v -0.7 6.4 3.1
v -0.7 6.6 3.1
v -0.7 8.2 3.1
v -0.7 8.4 3.1
v -0.7 8.6 3.1
v -0.7 8.7 3.1
v -0.6 3.1 3.1
v -0.6 3.2 3.1
v -0.6 3.3 3.1
v -0.6 5 3.1
v -0.6 5.1 3.1
v -0.6 6.7 3.1
v -0.6 6.8 3.1
v -0.6 8.5 3.1
v -0.6 8.6 3.1
v -0.6 8.7 3.1
v -0.5 2.8 3.1
v -0.5 3 3.1
v -0.5 3.1 3.1
v -0.5 3.2 3.1
v -0.5 4.6 3.1
v -0.5 4.8 3.1
v -0.5 4.9 3.1
v -0.5 5.1 3.1
v -0.5 6.4 3.1
v -0.5 6.6 3.1
v -0.5 6.7 3.1
v -0.5 6.8 3.1
v -0.5 8.2 3.1
v -0.5 8.4 3.1
v -0.5 8.5 3.1
v -0.5 8.6 3.1
v -0.5 8.7 3.1
v -0.3 2.8 3.1
v -0.3 3 3.1
v -0.3 4.6 3.1
v -0.3 4.8 3.1
v -0.3 6.4 3.1
v -0.3 6.6 3.1
v -0.3 6.7 3.1
v -0.3 6.8 3.1
v -0.3 8.2 3.1
v -0.3 8.4 3.1
v -0.3 8.5 3.1
v -0.3 8.6 3.1
v -0.2 6.7 3.1
v -0.2 6.8 3.1
v -0.2 8.5 3.1
v -0.2 8.6 3.1
v -0.0999999 2.8 3.1
v -0.0999999 3 3.1
v -0.0999999 3.1 3.1
v -0.0999999 3.2 3.1
v -0.0999999 4.6 3.1
v -0.0999999 4.8 3.1
v -0.0999999 6.4 3.1
v -0.0999999 6.6 3.1
v -0.0999999 8.2 3.1
v -0.0999999 8.4 3.1
v 0.1 3.1 3.1
v 0.1 3.2 3.1
v 0.2 2.8 3.1
v 0.2 3 3.1
v 0.2 4.6 3.1
v 0.2 4.8 3.1
v 0.2 6.4 3.1
v 0.2 6.6 3.1
v 0.2 8.2 3.1
v 0.2 8.4 3.1
v 0.3 6.7 3.1
v 0.3 6.8 3.1
v 0.3 8.5 3.1
v 0.3 8.6 3.1
v 0.3 8.7 3.1
v 0.4 2.8 3.1
v 0.4 3 3.1
v 0.4 4.6 3.1
v 0.4 4.8 3.1
v 0.4 6.4 3.1
v 0.4 6.6 3.1
v 0.4 6.7 3.1
v 0.4 6.8 3.1
v 0.4 8.2 3.1
v 0.4 8.4 3.1
v 0.4 8.6 3.1
v 0.4 8.7 3.1
v 0.5 8.5 3.1
v 0.5 8.6 3.1
v 0.6 2.8 3.1
v 0.6 3 3.1
v 0.6 3.1 3.1
v 0.6 3.2 3.1
v 0.6 3.3 3.1
v 0.6 4.6 3.1
v 0.6 4.8 3.1
v 0.6 4.9 3.1
v 0.6 6.4 3.1
v 0.6 6.6 3.1
v 0.6 6.7 3.1
v 0.6 7.9 3.1
v 0.6 8 3.1
v 0.6 8.2 3.1
v 0.6 8.4 3.1
v 0.6 8.5 3.1
v 0.7 3.1 3.1
v 0.7 3.2 3.1
v 0.7 5 3.1
v 0.7 5.1 3.1
v 0.7 6.7 3.1
v 0.7 6.8 3.1
v 0.7 6.9 3.1
v 0.7 7.9 3.1
v 0.7 8 3.1
v 0.7 8.1 3.1
v 0.8 2.8 3.1
v 0.8 3 3.1
v 0.8 3.1 3.1
v 0.8 3.2 3.1
v 0.8 3.3 3.1
v 0.8 4.6 3.1
v 0.8 4.8 3.1
v 0.8 4.9 3.1
v 0.8 5 3.1
v 0.8 5.1 3.1
v 0.8 6.4 3.1
v 0.8 6.6 3.1
v 0.8 6.7 3.1
v 0.8 6.8 3.1
v 0.8 6.9 3.1
v 0.8 8 3.1
v 0.8 8.1 3.1
v 0.8 8.2 3.1
v 0.8 8.4 3.1
v 0.8 8.5 3.1
v 0.8 8.6 3.1
v 0.9 3 3.1
v 0.9 3.1 3.1
v 0.9 4.8 3.1
v 0.9 4.9 3.1
v 0.9 6.6 3.1
v 0.9 6.7 3.1
v 0.9 8.4 3.1
v 0.9 8.6 3.1
v 4.2 0.4 3.1
v 4.2 0.5 3.1
v 4.3 0.4 3.1
v 4.3 0.5 3.1
v -0.8 3.1 3
v -0.8 3.2 3
v -0.8 6.6 3
v -0.8 6.7 3
v -0.8 8.4 3
v -0.8 8.6 3
v -0.7 3.1 3
v -0.7 6.6 3
v -0.7 6.7 3
v -0.7 6.8 3
v -0.7 8.4 3
v -0.7 8.5 3
v -0.6 3.1 3
v -0.6 3.2 3
v -0.6 6.7 3
v -0.6 6.8 3
v -0.6 8.5 3
v -0.6 8.6 3
v -0.3 0.4 3
v -0.3 0.5 3
v -0.2 1 3
v -0.2 1.1 3
v 0 1 3
v 0 1.1 3
v 0.2 0.4 3
v 0.2 0.5 3
v 0.6 4.9 3
v 0.6 5 3
v 0.6 6.7 3
v 0.6 6.8 3
v 0.6 8.5 3
v 0.6 8.6 3
v 0.7 3.1 3
v 0.7 3.2 3
v 0.7 6.7 3
v 0.7 6.8 3
v 0.7 8.5 3
v 0.7 8.6 3
v 0.8 3.1 3
v 0.8 3.2 3
v 0.8 4.9 3
v 0.8 5 3
v 4.5 0.4 3
v 4.5 0.5 3
v 4.6 0.4 3
v 4.6 0.5 3
v 0.1 1 2.9
v 0.1 1.1 2.9
v 0.2 1 2.9
v 0.2 1.1 2.9
v -3.9 5.3 2.8
v -3.9 5.5 2.8
v -3.8 5.3 2.8
v -3.8 5.5 2.8
v -3.8 10 2.8
v -3.8 10.2 2.8
v 3.9 1.3 2.8
v 3.9 1.5 2.8
v 3.9 10 2.8
v 3.9 10.2 2.8
v 4 1.3 2.8
v 4 1.5 2.8
v 4.3 0.4 2.8
v 4.3 0.5 2.8
v 4.4 0.4 2.8
v 4.4 0.5 2.8
v -3.9 5.2 2.7
v -3.9 5.3 2.7
v -3.8 5.2 2.7
v -3.8 5.3 2.7
v 3.9 1.5 2.7
v 3.9 1.6 2.7
v 3.9 4.9 2.7
v 3.9 5.1 2.7
v 3.9 7.9 2.7
v 3.9 8 2.7
v 4 1.5 2.7
v 4 1.6 2.7
v 4 4.9 2.7
v 4 5.1 2.7
v 4 7.9 2.7
v 4 8 2.7
v -3.9 5 2.6
v -3.9 5.2 2.6
v -3.8 5 2.6
v -3.8 5.2 2.6
v 3.9 1.6 2.6
v 3.9 1.8 2.6
v 3.9 3.6 2.6
v 3.9 3.7 2.6
v 3.9 3.8 2.6
v 3.9 5.1 2.6
v 3.9 5.4 2.6
v 3.9 7.8 2.6
v 3.9 7.9 2.6
v 4 1.6 2.6
v 4 1.8 2.6
v 4 3.6 2.6
v 4 3.7 2.6
v 4 3.8 2.6
v 4 5.1 2.6
v 4 5.4 2.6
v 4 7.8 2.6
v 4 7.9 2.6
v -3.9 1.1 2.5
v -3.9 1.2 2.5
v -3.9 4.9 2.5
v -3.9 5 2.5
v -3.8 1.1 2.5
v -3.8 1.2 2.5
v -3.8 4.9 2.5
v -3.8 5 2.5
v 3.9 1.8 2.5
v 3.9 1.9 2.5
v 3.9 3.4 2.5
v 3.9 3.6 2.5
v 3.9 5.4 2.5
v 3.9 5.7 2.5
v 4 1.8 2.5
v 4 1.9 2.5
v 4 3.4 2.5
v 4 3.6 2.5
v 4 5.4 2.5
v 4 5.7 2.5
v 4.4 0.4 2.5
v 4.4 0.5 2.5
v 4.6 0.4 2.5
v 4.6 0.5 2.5
v -4 4.5 2.4
v -4 4.6 2.4
v -3.9 1.2 2.4
v -3.9 1.3 2.4
v -3.9 4.5 2.4
v -3.9 4.6 2.4
v -3.9 4.7 2.4
v -3.9 4.9 2.4
v -3.9 7.1 2.4
v -3.9 7.3 2.4
v -3.8 1.2 2.4
v -3.8 1.3 2.4
v -3.8 4.7 2.4
v -3.8 4.9 2.4
v -3.8 7.1 2.4
v -3.8 7.3 2.4
v 3.9 1.9 2.4
v 3.9 2 2.4
v 3.9 3.2 2.4
v 3.9 3.4 2.4
v 3.9 5 2.4
v 3.9 5.2 2.4
v 3.9 5.7 2.4
v 3.9 6 2.4
v 3.9 7.7 2.4
v 3.9 7.8 2.4
v 4 1.9 2.4
v 4 2 2.4
v 4 3.2 2.4
v 4 3.4 2.4
v 4 5 2.4
v 4 5.2 2.4
v 4 5.7 2.4
v 4 6 2.4
v 4 6.2 2.4
v 4 6.4 2.4
v 4 7.7 2.4
v 4 7.8 2.4
v 4.1 6.2 2.4
v 4.1 6.4 2.4
v 4.3 0.4 2.4
v 4.3 0.5 2.4
v 4.4 0.4 2.4
v 4.4 0.5 2.4
v -4 2.6 2.3
v -4 2.8 2.3
v -3.9 1.3 2.3
v -3.9 1.4 2.3
v -3.9 2.6 2.3
v -3.9 2.8 2.3
v -3.9 3.1 2.3
v -3.9 4.6 2.3
v -3.9 4.7 2.3
v -3.9 7.3 2.3
v -3.9 7.7 2.3
v -3.8 1.3 2.3
v -3.8 1.4 2.3
v -3.8 2.8 2.3
v -3.8 3.1 2.3
v -3.8 4.6 2.3
v -3.8 4.7 2.3
v -3.8 7.3 2.3
v -3.8 7.7 2.3
v 3.9 2 2.3
v 3.9 2.2 2.3
v 3.9 3 2.3
v 3.9 3.2 2.3
v 3.9 4.9 2.3
v 3.9 5 2.3
v 3.9 6 2.3
v 3.9 6.2 2.3
v 3.9 6.4 2.3
v 3.9 6.6 2.3
v 3.9 7.6 2.3
v 3.9 7.7 2.3
v 4 2 2.3
v 4 2.2 2.3
v 4 3 2.3
v 4 3.2 2.3
v 4 4.9 2.3
v 4 5 2.3
v 4 6 2.3
v 4 6.2 2.3
v 4 6.4 2.3
v 4 6.6 2.3
v 4 7.6 2.3
v 4 7.7 2.3
v -4 4.4 2.2
v -4 4.5 2.2
v -4 8 2.2
v -4 8.2 2.2
v -3.9 2.3 2.2
v -3.9 2.6 2.2
v -3.9 3.1 2.2
v -3.9 3.4 2.2
v -3.9 4.4 2.2
v -3.9 4.5 2.2
v -3.9 7.2 2.2
v -3.9 7.3 2.2
v -3.9 7.7 2.2
v -3.9 8 2.2
v -3.9 8.2 2.2
v -3.9 8.4 2.2
v -3.8 2.3 2.2
v -3.8 2.6 2.2
v -3.8 3.1 2.2
v -3.8 3.4 2.2
v -3.8 7.2 2.2
v -3.8 7.3 2.2
v -3.8 7.4 2.2
v -3.8 7.7 2.2
v -3.8 8 2.2
v -3.8 8.2 2.2
v -3.8 8.4 2.2
v -3.7 7.3 2.2
v -3.7 7.4 2.2
v 3.9 2.2 2.2
v 3.9 2.3 2.2
v 3.9 2.8 2.2
v 3.9 3 2.2
v 3.9 4.7 2.2
v 3.9 4.9 2.2
v 3.9 6.6 2.2
v 3.9 6.9 2.2
v 4 2.2 2.2
v 4 2.3 2.2
v 4 2.7 2.2
v 4 2.8 2.2
v 4 3 2.2
v 4 4.7 2.2
v 4 4.9 2.2
v 4 6.6 2.2
v 4 6.9 2.2
v 4.1 2.7 2.2
v 4.1 2.8 2.2
v -3.9 1.4 2.1
v -3.9 1.5 2.1
v -3.9 1.9 2.1
v -3.9 2.3 2.1
v -3.9 3.4 2.1
v -3.9 3.6 2.1
v -3.9 4.3 2.1
v -3.9 4.4 2.1
v -3.9 8.4 2.1
v -3.9 8.8 2.1
v -3.8 1.4 2.1
v -3.8 1.5 2.1
v -3.8 1.9 2.1
v -3.8 2.3 2.1
v -3.8 3.4 2.1
v -3.8 3.6 2.1
v -3.8 4.3 2.1
v -3.8 4.4 2.1
v -3.8 7.2 2.1
v -3.8 7.3 2.1
v -3.8 8.4 2.1
v -3.8 8.8 2.1
v -3.7 7.3 2.1
v -3.6 7.2 2.1
v -3.6 7.3 2.1
v 3.9 2.3 2.1
v 3.9 2.5 2.1
v 3.9 4.6 2.1
v 3.9 4.7 2.1
v 3.9 6.9 2.1
v 3.9 7.2 2.1
v 3.9 7.5 2.1
v 3.9 7.6 2.1
v 4 2.3 2.1
v 4 2.5 2.1
v 4 2.6 2.1
v 4 2.7 2.1
v 4 4.5 2.1
v 4 4.6 2.1
v 4 4.7 2.1
v 4 6.9 2.1
v 4 7.2 2.1
v 4 7.5 2.1
v 4 7.6 2.1
v 4.1 2.6 2.1
v 4.1 2.7 2.1
v 4.1 4.5 2.1
v 4.1 4.6 2.1
v -3.9 1.5 2
v -3.9 1.9 2
v -3.9 3.6 2
v -3.9 3.9 2
v -3.9 4.1 2
v -3.9 4.3 2
v -3.9 7.1 2
v -3.9 7.2 2
v -3.9 8.8 2
v -3.9 9.2 2
v -3.8 1.5 2
v -3.8 1.9 2
v -3.8 3.6 2
v -3.8 3.9 2
v -3.8 4.1 2
v -3.8 4.3 2
v -3.8 7.1 2
v -3.8 7.2 2
v -3.8 8.8 2
v -3.8 9.2 2
v -3.7 7.2 2
v -3.6 7.1 2
v -3.6 7.2 2
v 3.9 2.5 2
v 3.9 2.6 2
v 3.9 7.2 2
v 3.9 7.5 2
v 3.9 8.3 2
v 3.9 8.4 2
v 4 2.5 2
v 4 2.6 2
v 4 7.2 2
v 4 7.5 2
v 4 8.3 2
v 4 8.4 2
v -3.9 3.9 1.9
v -3.9 4.1 1.9
v -3.9 7 1.9
v -3.9 7.1 1.9
v -3.9 9.2 1.9
v -3.9 9.6 1.9
v -3.8 3.9 1.9
v -3.8 4.1 1.9
v -3.8 7 1.9
v -3.8 7.1 1.9
v -3.8 9.2 1.9
v -3.8 9.6 1.9
v -3.7 7 1.9
v -3.7 7.1 1.9
v 3.9 7.5 1.9
v 3.9 7.7 1.9
v 3.9 8.4 1.9
v 3.9 8.5 1.9
v 3.9 9.6 1.9
v 3.9 9.7 1.9
v 4 7.5 1.9
v 4 7.7 1.9
v 4 8.4 1.9
v 4 8.5 1.9
v 4 9.6 1.9
v 4 9.7 1.9
v -3.9 6.9 1.8
v -3.9 7 1.8
v -3.9 9.6 1.8
v -3.9 9.8 1.8
v -3.8 6.9 1.8
v -3.8 7 1.8
v -3.8 9.6 1.8
v -3.8 9.8 1.8
v -3.7 7 1.8
v -3.7 7.1 1.8
v -3.6 7 1.8
v -3.6 7.1 1.8
v 4.5 0.4 1.8
v 4.5 0.5 1.8
v 4.7 0.4 1.8
v 4.7 0.5 1.8
v -3.8 6.9 1.7
v -3.8 7 1.7
v -3.7 7 1.7
v -3.6 6.9 1.7
v -3.6 7 1.7
v 3.9 7.5 1.7
v 3.9 7.6 1.7
v 3.9 8.5 1.7
v 3.9 8.6 1.7
v 3.9 9.5 1.7
v 3.9 9.6 1.7
v 4 7.5 1.7
v 4 7.6 1.7
v 4 8.5 1.7
v 4 8.6 1.7
v 4 9.5 1.7
v 4 9.6 1.7
v 4.3 0.4 1.7
v 4.3 0.5 1.7
v 4.5 0.4 1.7
v 4.5 0.5 1.7
v -3.9 6.8 1.6
v -3.9 6.9 1.6
v -3.8 6.8 1.6
v -3.8 6.9 1.6
v -3.7 6.9 1.6
v -3.6 6.8 1.6
v -3.6 6.9 1.6
v 3.9 8.6 1.6
v 3.9 8.7 1.6
v 4 8.6 1.6
v 4 8.7 1.6
v 4.6 0.4 1.6
v 4.6 0.5 1.6
v 4.7 0.4 1.6
v 4.7 0.5 1.6
v -3.9 6.7 1.5
v -3.9 6.8 1.5
v -3.8 6.7 1.5
v -3.8 6.8 1.5
v -3.7 6.7 1.5
v -3.7 6.8 1.5
v 3.9 9.4 1.5
v 3.9 9.5 1.5
v 4 9.4 1.5
v 4 9.5 1.5
v -3.9 6.6 1.4
v -3.9 6.7 1.4
v -3.8 6.6 1.4
v -3.8 6.7 1.4
v -3.7 6.7 1.4
v -3.7 6.8 1.4
v -3.6 6.7 1.4
v -3.6 6.8 1.4
v 3.9 7.6 1.4
v 3.9 7.7 1.4
v 3.9 8.7 1.4
v 3.9 8.8 1.4
v 4 7.6 1.4
v 4 7.7 1.4
v 4 8.7 1.4
v 4 8.8 1.4
v 4.5 0.4 1.4
v 4.5 0.5 1.4
v 4.6 0.4 1.4
v 4.6 0.5 1.4
v -3.9 3.6 1.3
v -3.9 4 1.3
v -3.8 3.6 1.3
v -3.8 4 1.3
v -3.8 6.6 1.3
v -3.8 6.7 1.3
v -3.7 6.6 1.3
v -3.7 6.7 1.3
v 3.9 9.3 1.3
v 3.9 9.4 1.3
v 4 9.3 1.3
v 4 9.4 1.3
v -3.9 4 1.2
v -3.9 4.1 1.2
v -3.8 4 1.2
v -3.8 4.1 1.2
v 3.9 8.8 1.2
v 3.9 8.9 1.2
v 4 8.8 1.2
v 4 8.9 1.2
v 3.9 7.7 1.1
v 3.9 7.8 1.1
v 3.9 8.9 1.1
v 3.9 9 1.1
v 3.9 9.2 1.1
v 3.9 9.3 1.1
v 4 7.7 1.1
v 4 7.8 1.1
v 4 8.9 1.1
v 4 9 1.1
v 4 9.2 1.1
v 4 9.3 1.1
v -3.9 3.7 1
v -3.9 3.8 1
v -3.8 3.7 1
v -3.8 3.8 1
v 4.4 0.4 1
v 4.4 0.5 1
v 4.5 0.4 1
v 4.5 0.5 1
v 3.9 7.8 0.9
v 3.9 7.9 0.9
v 3.9 9 0.9
v 3.9 9.2 0.9
v 4 7.8 0.9
v 4 7.9 0.9
v 4 9 0.9
v 4 9.2 0.9
v 3.9 3 0.8
v 3.9 3.2 0.8
v 4 2.6 0.8
v 4 2.8 0.8
v 4 3 0.8
v 4 3.2 0.8
v 4.1 2.6 0.8
v 4.1 2.8 0.8
v 4.2 0.4 0.8
v 4.2 0.5 0.8
v 4.3 0.4 0.8
v 4.3 0.5 0.8
v 4.5 0.4 0.8
v 4.5 0.5 0.8
v 4.5 0.6 0.8
v 4.5 0.7 0.8
v 4.6 0.4 0.8
v 4.6 0.7 0.8
v -4.5 0.5 0.7
v -4.5 0.6 0.7
v -4.2 0.5 0.7
v -4.2 0.6 0.7
v -3.9 2.8 0.7
v -3.9 3.2 0.7
v -3.9 8.2 0.7
v -3.9 8.5 0.7
v -3.8 2.8 0.7
v -3.8 2.9 0.7
v -3.8 3 0.7
v -3.8 3.2 0.7
v -3.8 8.2 0.7
v -3.8 8.5 0.7
v -3.7 2.9 0.7
v -3.7 3 0.7
v 3.9 2.8 0.7
v 3.9 3 0.7
v 3.9 3.2 0.7
v 3.9 3.3 0.7
v 4 2.8 0.7
v 4 3 0.7
v 4 3.2 0.7
v 4 3.3 0.7
v -3.9 3.2 0.6
v -3.9 3.6 0.6
v -3.9 8.5 0.6
v -3.9 8.9 0.6
v -3.8 3.2 0.6
v -3.8 3.6 0.6
v -3.8 8.5 0.6
v -3.8 8.9 0.6
v 3.9 2.4 0.6
v 3.9 2.5 0.6
v 3.9 3.3 0.6
v 3.9 3.4 0.6
v 3.9 7.9 0.6
v 3.9 8 0.6
v 3.9 9.2 0.6
v 3.9 9.3 0.6
v 4 2.4 0.6
v 4 2.5 0.6
v 4 3.3 0.6
v 4 3.4 0.6
v 4 7.9 0.6
v 4 8 0.6
v 4 8.1 0.6
v 4 9.2 0.6
v 4 9.3 0.6
v 4.1 8 0.6
v 4.1 8.1 0.6
v 4.3 0.4 0.6
v 4.3 0.5 0.6
v 4.4 0.4 0.6
v 4.4 0.5 0.6
v 4.4 0.6 0.6
v 4.5 0.5 0.6
v 4.5 0.6 0.6
v 4.6 0.4 0.6
v 4.6 0.5 0.6
v 4.7 0.4 0.6
v 4.7 0.5 0.6
v -4.4 0.5 0.5
v -4.4 0.6 0.5
v -4.3 0.5 0.5
v -4.3 0.6 0.5
v -3.9 3.1 0.5
v -3.9 3.2 0.5
v -3.9 3.6 0.5
v -3.9 3.9 0.5
v -3.9 8.9 0.5
v -3.9 9.4 0.5
v -3.8 3.1 0.5
v -3.8 3.2 0.5
v -3.8 3.6 0.5
v -3.8 3.9 0.5
v -3.8 8.9 0.5
v -3.8 9.4 0.5
v 3.9 2.2 0.5
v 3.9 2.4 0.5
v 3.9 3.4 0.5
v 3.9 3.5 0.5
v 3.9 9.3 0.5
v 3.9 9.4 0.5
v 4 2.2 0.5
v 4 2.4 0.5
v 4 3.4 0.5
v 4 3.5 0.5
v 4 9.3 0.5
v 4 9.4 0.5
v 4.5 0.4 0.5
v 4.5 0.5 0.5
v 4.5 0.7 0.5
v 4.6 0.4 0.5
v 4.6 0.5 0.5
v 4.6 0.7 0.5
v -4.5 0.4 0.4
v -4.5 0.5 0.4
v -4.1 0.4 0.4
v -4.1 0.5 0.4
v -3.9 3.3 0.4
v -3.9 3.4 0.4
v -3.9 3.9 0.4
v -3.9 4.1 0.4
v -3.9 9.4 0.4
v -3.9 9.7 0.4
v -3.8 3.3 0.4
v -3.8 3.4 0.4
v -3.8 3.7 0.4
v -3.8 3.8 0.4
v -3.8 3.9 0.4
v -3.8 4.1 0.4
v -3.8 9.4 0.4
v -3.8 9.7 0.4
v -3.7 3.7 0.4
v -3.7 3.8 0.4
v -3.7 3.9 0.4
v -3.7 4.1 0.4
v 3.9 2.1 0.4
v 3.9 2.2 0.4
v 3.9 3.5 0.4
v 3.9 3.7 0.4
v 3.9 8.9 0.4
v 3.9 9 0.4
v 4 2.1 0.4
v 4 2.2 0.4
v 4 3.5 0.4
v 4 3.7 0.4
v 4 8.9 0.4
v 4 9 0.4
v 4.4 0.4 0.4
v 4.4 0.5 0.4
v 4.5 0.4 0.4
v 4.5 0.5 0.4
v -3.9 2.5 0.3
v -3.9 2.6 0.3
v -3.9 3.4 0.3
v -3.9 3.7 0.3
v -3.9 4.1 0.3
v -3.9 4.4 0.3
v -3.9 6 0.3
v -3.9 6.1 0.3
v -3.8 2.5 0.3
v -3.8 2.6 0.3
v -3.8 3.4 0.3
v -3.8 3.7 0.3
v -3.8 4.1 0.3
v -3.8 4.3 0.3
v -3.8 4.4 0.3
v -3.8 6 0.3
v -3.8 6.1 0.3
v -3.7 4.1 0.3
v -3.7 4.3 0.3
v 3.9 2 0.3
v 3.9 2.1 0.3
v 3.9 3.7 0.3
v 3.9 3.8 0.3
v 3.9 9.4 0.3
v 3.9 9.5 0.3
v 4 2 0.3
v 4 2.1 0.3
v 4 3.7 0.3
v 4 3.8 0.3
v 4 9.4 0.3
v 4 9.5 0.3
v -4 4.4 0.2
v -4 4.5 0.2
v -3.9 2.3 0.2
v -3.9 2.5 0.2
v -3.9 5.9 0.2
v -3.9 6 0.2
v -3.8 2.3 0.2
v -3.8 2.5 0.2
v -3.8 4.3 0.2
v -3.8 4.4 0.2
v -3.8 4.5 0.2
v -3.8 5.9 0.2
v -3.8 6 0.2
v -3.7 4.3 0.2
v -3.7 4.4 0.2
v 3.9 3.8 0.2
v 3.9 3.9 0.2
v 3.9 8.8 0.2
v 3.9 8.9 0.2
v 3.9 9.5 0.2
v 3.9 9.6 0.2
v 4 0.7 0.2
v 4 1 0.2
v 4 3.8 0.2
v 4 3.9 0.2
v 4 8.8 0.2
v 4 8.9 0.2
v 4 9.5 0.2
v 4 9.6 0.2
v 4.1 0.7 0.2
v 4.1 1 0.2
v -4 4.5 0.0999999
v -4 4.6 0.0999999
v -3.9 2.2 0.0999999
v -3.9 2.3 0.0999999
v -3.9 4.5 0.0999999
v -3.9 4.6 0.0999999
v -3.9 5.8 0.0999999
v -3.9 5.9 0.0999999
v -3.8 2.2 0.0999999
v -3.8 2.3 0.0999999
v -3.8 5.8 0.0999999
v -3.8 5.9 0.0999999
v 3.9 1.9 0.0999999
v 3.9 2 0.0999999
v 3.9 3.9 0.0999999
v 3.9 4 0.0999999
v 3.9 9.6 0.0999999
v 3.9 9.7 0.0999999
v 4 1.9 0.0999999
v 4 2 0.0999999
v 4 3.9 0.0999999
v 4 4 0.0999999
v 4 9.6 0.0999999
v 4 9.7 0.0999999
v 4 9.8 0.0999999
v 4 9.9 0.0999999
v 4.1 9.8 0.0999999
v 4.1 9.9 0.0999999
v -3.9 2.1 0
v -3.9 2.2 0
v -3.8 2.1 0
v -3.8 2.2 0
v 3.9 1 0
v 3.9 1.4 0
v 3.9 1.8 0
v 3.9 1.9 0
v 3.9 4 0
v 3.9 4.1 0
v 3.9 5.8 0
v 3.9 5.9 0
v 3.9 8.7 0
v 3.9 8.8 0
v 4 1 0
v 4 1.4 0
v 4 1.8 0
v 4 1.9 0
v 4 4 0
v 4 4.1 0
v 4 4.4 0
v 4 4.5 0
v 4 5.8 0
v 4 5.9 0
v 4 8.7 0
v 4 8.8 0
v 4 9.9 0
v 4 10 0
v 4.1 4.4 0
v 4.1 4.5 0
v 4.1 9.9 0
v 4.1 10 0
v -3.9 1.9 -0.1
v -3.9 2.1 -0.1
v -3.9 5.7 -0.1
v -3.9 5.8 -0.1
v -3.8 1.9 -0.1
v -3.8 2.1 -0.1
v -3.8 5.7 -0.1
v -3.8 5.8 -0.1
v 3.9 1.4 -0.1
v 3.9 1.8 -0.1
v 3.9 3.9 -0.1
v 3.9 4 -0.1
v 3.9 4.1 -0.1
v 3.9 4.2 -0.1
v 3.9 5.6 -0.1
v 3.9 5.8 -0.1
v 3.9 9.7 -0.1
v 3.9 9.8 -0.1
v 4 1.4 -0.1
v 4 1.8 -0.1
v 4 3.9 -0.1
v 4 4 -0.1
v 4 4.1 -0.1
v 4 4.2 -0.1
v 4 4.5 -0.1
v 4 4.6 -0.1
v 4 5.6 -0.1
v 4 5.8 -0.1
v 4 9.7 -0.1
v 4 9.8 -0.1
v 4.1 4.5 -0.1
v 4.1 4.6 -0.1
v -3.9 1.8 -0.2
v -3.9 1.9 -0.2
v -3.9 5.6 -0.2
v -3.9 5.7 -0.2
v -3.8 1.8 -0.2
v -3.8 1.9 -0.2
v -3.8 5.6 -0.2
v -3.8 5.7 -0.2
v 3.9 4.2 -0.2
v 3.9 4.4 -0.2
v 3.9 5.4 -0.2
v 3.9 5.6 -0.2
v 3.9 5.9 -0.2
v 3.9 6 -0.2
v 3.9 8.6 -0.2
v 3.9 8.7 -0.2
v 4 4.2 -0.2
v 4 4.4 -0.2
v 4 5.4 -0.2
v 4 5.6 -0.2
v 4 5.9 -0.2
v 4 6 -0.2
v 4 8.6 -0.2
v 4 8.7 -0.2
v 4 10 -0.2
v 4 10.1 -0.2
v 4.1 10 -0.2
v 4.1 10.1 -0.2
v -3.9 1.6 -0.3
v -3.9 1.8 -0.3
v -3.9 5.5 -0.3
v -3.9 5.6 -0.3
v -3.8 1.6 -0.3
v -3.8 1.8 -0.3
v -3.8 5.5 -0.3
v -3.8 5.6 -0.3
v 3.9 4.6 -0.3
v 3.9 4.7 -0.3
v 3.9 5.1 -0.3
v 3.9 5.4 -0.3
v 4 4.6 -0.3
v 4 4.7 -0.3
v 4 5.1 -0.3
v 4 5.4 -0.3
v -3.9 1.5 -0.4
v -3.9 1.6 -0.4
v -3.9 1.9 -0.4
v -3.9 2.1 -0.4
v -3.9 7.3 -0.4
v -3.9 7.5 -0.4
v -3.8 1.5 -0.4
v -3.8 1.6 -0.4
v -3.8 1.9 -0.4
v -3.8 2.1 -0.4
v -3.8 7.3 -0.4
v -3.8 7.5 -0.4
v 3.9 4.7 -0.4
v 3.9 5.1 -0.4
v 3.9 6 -0.4
v 3.9 6.1 -0.4
v 3.9 8.5 -0.4
v 3.9 8.6 -0.4
v 4 4.7 -0.4
v 4 5.1 -0.4
v 4 6 -0.4
v 4 6.1 -0.4
v 4 8.5 -0.4
v 4 8.6 -0.4
v 4.2 0.4 -0.4
v 4.2 0.6 -0.4
v 4.3 0.4 -0.4
v 4.3 0.6 -0.4
v 4.4 0.4 -0.4
v 4.4 0.5 -0.4
v 4.5 0.5 -0.4
v 4.5 0.6 -0.4
v 4.6 0.4 -0.4
v 4.6 0.6 -0.4
v -3.9 1.4 -0.5
v -3.9 1.5 -0.5
v -3.9 2.1 -0.5
v -3.9 2.2 -0.5
v -3.9 5.4 -0.5
v -3.9 5.5 -0.5
v -3.9 7.2 -0.5
v -3.9 7.3 -0.5
v -3.9 7.5 -0.5
v -3.9 7.8 -0.5
v -3.8 1.4 -0.5
v -3.8 1.5 -0.5
v -3.8 2.1 -0.5
v -3.8 2.2 -0.5
v -3.8 5.4 -0.5
v -3.8 5.5 -0.5
v -3.8 7.2 -0.5
v -3.8 7.3 -0.5
v -3.8 7.5 -0.5
v -3.8 7.8 -0.5
v -3.9 1.2 -0.6
v -3.9 1.4 -0.6
v -3.9 2.2 -0.6
v -3.9 2.4 -0.6
v -3.9 5.3 -0.6
v -3.9 5.4 -0.6
v -3.9 7 -0.6
v -3.9 7.2 -0.6
v -3.9 7.8 -0.6
v -3.9 8 -0.6
v -3.8 1.2 -0.6
v -3.8 1.4 -0.6
v -3.8 2.2 -0.6
v -3.8 2.4 -0.6
v -3.8 5.3 -0.6
v -3.8 5.4 -0.6
v -3.8 7 -0.6
v -3.8 7.2 -0.6
v -3.8 7.8 -0.6
v -3.8 8 -0.6
v 3.9 5.1 -0.6
v 3.9 5.3 -0.6
v 3.9 6.1 -0.6
v 3.9 6.2 -0.6
v 3.9 8.4 -0.6
v 3.9 8.5 -0.6
v 4 5.1 -0.6
v 4 5.3 -0.6
v 4 6.1 -0.6
v 4 6.2 -0.6
v 4 6.3 -0.6
v 4 8.4 -0.6
v 4 8.5 -0.6
v 4.1 6.2 -0.6
v 4.1 6.3 -0.6
v 4.3 0.4 -0.6
v 4.3 0.5 -0.6
v 4.5 0.4 -0.6
v 4.5 0.5 -0.6
v -4 6.2 -0.7
v -4 6.4 -0.7
v -3.9 1.1 -0.7
v -3.9 1.2 -0.7
v -3.9 2.4 -0.7
v -3.9 2.5 -0.7
v -3.9 5.2 -0.7
v -3.9 5.3 -0.7
v -3.9 6.2 -0.7
v -3.9 6.4 -0.7
v -3.9 6.7 -0.7
v -3.9 7 -0.7
v -3.8 1.1 -0.7
v -3.8 1.2 -0.7
v -3.8 2.4 -0.7
v -3.8 2.5 -0.7
v -3.8 5.2 -0.7
v -3.8 5.3 -0.7
v -3.8 6.7 -0.7
v -3.8 7 -0.7
v 3.9 7.6 -0.7
v 3.9 7.7 -0.7
v 4 7.6 -0.7
v 4 7.7 -0.7
v -4 2.6 -0.8
v -4 2.8 -0.8
v -3.9 2.6 -0.8
v -3.9 2.8 -0.8
v -3.9 5.1 -0.8
v -3.9 5.2 -0.8
v -3.9 6.5 -0.8
v -3.9 6.7 -0.8
v -3.8 5.1 -0.8
v -3.8 5.2 -0.8
v -3.8 6.5 -0.8
v -3.8 6.7 -0.8
v -3.9 2.8 -0.9
v -3.9 2.9 -0.9
v -3.8 2.8 -0.9
v -3.8 2.9 -0.9
v 3.9 7.5 -0.9
v 3.9 7.6 -0.9
v 4 6.3 -0.9
v 4 6.4 -0.9
v 4 7.5 -0.9
v 4 7.6 -0.9
v 4.1 6.3 -0.9
v 4.1 6.4 -0.9
v -3.9 2.9 -1
v -3.9 3 -1
v -3.9 5 -1
v -3.9 5.1 -1
v -3.8 2.9 -1
v -3.8 3 -1
v -3.8 5 -1
v -3.8 5.1 -1
v -4.5 0.4 -1.1
v -4.5 0.5 -1.1
v -4.4 0.4 -1.1
v -4.4 0.5 -1.1
v -3.9 3 -1.1
v -3.9 3.1 -1.1
v -3.9 4.9 -1.1
v -3.9 5 -1.1
v -3.8 3 -1.1
v -3.8 3.1 -1.1
v -3.8 4.9 -1.1
v -3.8 5 -1.1
v 3.9 7.4 -1.1
v 3.9 7.5 -1.1
v 4 7.4 -1.1
v 4 7.5 -1.1
v 4.2 0.5 -1.1
v 4.2 0.6 -1.1
v 4.3 0.4 -1.1
v 4.3 0.5 -1.1
v 4.3 0.6 -1.1
v 4.4 0.4 -1.1
v 4.4 0.5 -1.1
v -3.9 3.1 -1.2
v -3.9 3.2 -1.2
v -3.9 3.3 -1.2
v -3.9 3.4 -1.2
v -3.9 4.8 -1.2
v -3.9 4.9 -1.2
v -3.8 3.1 -1.2
v -3.8 3.2 -1.2
v -3.8 3.3 -1.2
v -3.8 3.4 -1.2
v -3.8 4.8 -1.2
v -3.8 4.9 -1.2
v 4.2 0.4 -1.2
v 4.2 0.5 -1.2
v 4.3 0.4 -1.2
v 4.3 0.5 -1.2
v 4.4 0.4 -1.2
v 4.4 0.6 -1.2
v 4.4 0.7 -1.2
v 4.5 0.4 -1.2
v 4.5 0.5 -1.2
v 4.5 0.6 -1.2
v 4.5 0.7 -1.2
v 4.6 0.5 -1.2
v 4.6 0.6 -1.2
v -4.1 0.4 -1.3
v -4.1 0.6 -1.3
v -4 0.4 -1.3
v -4 0.6 -1.3
v -3.9 3.4 -1.3
v -3.9 3.6 -1.3
v -3.8 3.4 -1.3
v -3.8 3.6 -1.3
v 3.9 7.3 -1.3
v 3.9 7.4 -1.3
v 4 7.3 -1.3
v 4 7.4 -1.3
v -3.9 1 -1.4
v -3.9 1.3 -1.4
v -3.9 3.6 -1.4
v -3.9 4 -1.4
v -3.9 4.7 -1.4
v -3.9 4.8 -1.4
v -3.8 1 -1.4
v -3.8 1.3 -1.4
v -3.8 3.6 -1.4
v -3.8 4 -1.4
v -3.8 4.7 -1.4
v -3.8 4.8 -1.4
v 4.4 0.4 -1.4
v 4.4 0.7 -1.4
v 4.5 0.6 -1.4
v 4.5 0.7 -1.4
v 4.6 0.4 -1.4
v 4.6 0.6 -1.4
v -4 4.5 -1.5
v -4 4.6 -1.5
v -3.9 1.3 -1.5
v -3.9 1.8 -1.5
v -3.9 4 -1.5
v -3.9 4.2 -1.5
v -3.9 4.5 -1.5
v -3.9 4.6 -1.5
v -3.9 4.7 -1.5
v -3.8 1.3 -1.5
v -3.8 1.8 -1.5
v -3.8 4 -1.5
v -3.8 4.2 -1.5
v -3.8 4.6 -1.5
v -3.8 4.7 -1.5
v 3.9 7 -1.5
v 3.9 7.1 -1.5
v 3.9 7.2 -1.5
v 3.9 7.3 -1.5
v 4 7 -1.5
v 4 7.1 -1.5
v 4 7.2 -1.5
v 4 7.3 -1.5
v -4.7 0.4 -1.6
v -4.7 0.5 -1.6
v -4.6 0.4 -1.6
v -4.6 0.5 -1.6
v -4 4.4 -1.6
v -4 4.5 -1.6
v -3.9 1.8 -1.6
v -3.9 2.3 -1.6
v -3.9 4.2 -1.6
v -3.9 4.4 -1.6
v -3.9 4.5 -1.6
v -3.9 7.4 -1.6
v -3.9 7.5 -1.6
v -3.9 9.4 -1.6
v -3.9 9.6 -1.6
v -3.8 1.8 -1.6
v -3.8 2.3 -1.6
v -3.8 4.2 -1.6
v -3.8 4.4 -1.6
v -3.8 7.4 -1.6
v -3.8 7.5 -1.6
v -3.8 9.4 -1.6
v -3.8 9.6 -1.6
v 3.9 6.4 -1.6
v 3.9 6.5 -1.6
v 3.9 6.8 -1.6
v 3.9 7 -1.6
v 3.9 7.1 -1.6
v 3.9 7.2 -1.6
v 4 6.4 -1.6
v 4 6.5 -1.6
v 4 6.8 -1.6
v 4 7 -1.6
v 4 7.1 -1.6
v 4 7.2 -1.6
v 4 9.9 -1.6
v 4 10 -1.6
v 4.1 9.9 -1.6
v 4.1 10 -1.6
v -4 2.6 -1.7
v -4 2.8 -1.7
v -3.9 2.3 -1.7
v -3.9 2.6 -1.7
v -3.9 2.8 -1.7
v -3.9 7.5 -1.7
v -3.9 7.6 -1.7
v -3.9 9.2 -1.7
v -3.9 9.4 -1.7
v -3.8 2.3 -1.7
v -3.8 2.6 -1.7
v -3.8 7.4 -1.7
v -3.8 7.5 -1.7
v -3.8 7.6 -1.7
v -3.8 9.2 -1.7
v -3.8 9.4 -1.7
v -3.7 7.4 -1.7
v -3.7 7.5 -1.7
v -3.6 7.4 -1.7
v -3.6 7.5 -1.7
v 3.9 6.5 -1.7
v 3.9 6.8 -1.7
v 3.9 9.7 -1.7
v 3.9 9.8 -1.7
v 4 6.5 -1.7
v 4 6.8 -1.7
v 4 9.7 -1.7
v 4 9.8 -1.7
v 4 9.9 -1.7
v 4.1 9.8 -1.7
v 4.1 9.9 -1.7
v -3.9 2.8 -1.8
v -3.9 3.2 -1.8
v -3.9 3.8 -1.8
v -3.9 4.2 -1.8
v -3.9 7.2 -1.8
v -3.9 7.4 -1.8
v -3.9 7.6 -1.8
v -3.9 7.8 -1.8
v -3.9 9 -1.8
v -3.9 9.2 -1.8
v -3.8 2.8 -1.8
v -3.8 3.2 -1.8
v -3.8 3.8 -1.8
v -3.8 4.2 -1.8
v -3.8 7.2 -1.8
v -3.8 7.4 -1.8
v -3.8 7.6 -1.8
v -3.8 7.8 -1.8
v -3.8 9 -1.8
v -3.8 9.2 -1.8
v -3.7 7.2 -1.8
v -3.7 7.3 -1.8
v -3.7 7.4 -1.8
v -3.6 7.3 -1.8
v -3.6 7.4 -1.8
v 3.9 9.6 -1.8
v 3.9 9.7 -1.8
v 4 9.6 -1.8
v 4 9.7 -1.8
v -3.9 3.2 -1.9
v -3.9 3.8 -1.9
v -3.9 7 -1.9
v -3.9 7.2 -1.9
v -3.9 7.8 -1.9
v -3.9 7.9 -1.9
v -3.9 8.8 -1.9
v -3.9 9 -1.9
v -3.8 3.2 -1.9
v -3.8 3.8 -1.9
v -3.8 7 -1.9
v -3.8 7.2 -1.9
v -3.8 7.8 -1.9
v -3.8 7.9 -1.9
v -3.8 8.8 -1.9
v -3.8 9 -1.9
v -3.7 7 -1.9
v -3.7 7.1 -1.9
v -3.7 7.2 -1.9
v -3.6 7.1 -1.9
v -3.6 7.2 -1.9
v 3.9 2.4 -1.9
v 3.9 2.5 -1.9
v 3.9 7 -1.9
v 3.9 7.1 -1.9
v 3.9 9.4 -1.9
v 3.9 9.6 -1.9
v 4 2.4 -1.9
v 4 2.5 -1.9
v 4 7 -1.9
v 4 7.1 -1.9
v 4 9.4 -1.9
v 4 9.6 -1.9
v -4.4 0.4 -2
v -4.4 0.6 -2
v -4.3 0.4 -2
v -4.3 0.6 -2
v -4 8 -2
v -4 8.1 -2
v -3.9 6.8 -2
v -3.9 7 -2
v -3.9 7.9 -2
v -3.9 8 -2
v -3.9 8.1 -2
v -3.9 8.6 -2
v -3.9 8.8 -2
v -3.8 6.8 -2
v -3.8 7 -2
v -3.8 7.9 -2
v -3.8 8 -2
v -3.8 8.6 -2
v -3.8 8.8 -2
v -3.7 7 -2
v -3.6 6.8 -2
v -3.6 7 -2
v 3.9 2.3 -2
v 3.9 2.4 -2
v 3.9 6.6 -2
v 3.9 6.7 -2
v 3.9 7.2 -2
v 3.9 7.3 -2
v 3.9 9.3 -2
v 3.9 9.4 -2
v 4 2.3 -2
v 4 2.4 -2
v 4 6.6 -2
v 4 6.7 -2
v 4 7.2 -2
v 4 7.3 -2
v 4 9.3 -2
v 4 9.4 -2
v -4 8.1 -2.1
v -4 8.2 -2.1
v -3.9 6.6 -2.1
v -3.9 6.8 -2.1
v -3.9 8.1 -2.1
v -3.9 8.2 -2.1
v -3.9 8.3 -2.1
v -3.9 8.4 -2.1
v -3.9 8.6 -2.1
v -3.8 6.6 -2.1
v -3.8 6.8 -2.1
v -3.8 8.2 -2.1
v -3.8 8.3 -2.1
v -3.8 8.4 -2.1
v -3.8 8.6 -2.1
v -3.7 6.6 -2.1
v -3.7 6.7 -2.1
v -3.7 6.8 -2.1
v -3.6 6.7 -2.1
v -3.6 6.8 -2.1
v 3.9 1 -2.1
v 3.9 1.2 -2.1
v 3.9 2.2 -2.1
v 3.9 2.3 -2.1
v 3.9 4.9 -2.1
v 3.9 5.1 -2.1
v 3.9 7.3 -2.1
v 3.9 7.4 -2.1
v 3.9 8.2 -2.1
v 3.9 8.3 -2.1
v 3.9 9.1 -2.1
v 3.9 9.3 -2.1
v 4 1 -2.1
v 4 1.2 -2.1
v 4 2.2 -2.1
v 4 2.3 -2.1
v 4 4.9 -2.1
v 4 5.1 -2.1
v 4 7.3 -2.1
v 4 7.4 -2.1
v 4 8.2 -2.1
v 4 8.3 -2.1
v 4 9.1 -2.1
v 4 9.3 -2.1
v -4 0.8 -2.2
v -4 1 -2.2
v -4 6.3 -2.2
v -4 6.4 -2.2
v -3.9 0.8 -2.2
v -3.9 1 -2.2
v -3.9 6.3 -2.2
v -3.9 6.4 -2.2
v -3.9 6.6 -2.2
v -3.9 8.3 -2.2
v -3.9 8.4 -2.2
v -3.8 6.4 -2.2
v -3.8 6.6 -2.2
v -3.8 8.2 -2.2
v -3.8 8.3 -2.2
v -3.8 8.4 -2.2
v -3.7 6.4 -2.2
v -3.7 6.5 -2.2
v -3.7 6.6 -2.2
v -3.7 8.2 -2.2
v -3.7 8.3 -2.2
v -3.6 6.5 -2.2
v -3.6 6.6 -2.2
v 3.9 1.2 -2.2
v 3.9 1.7 -2.2
v 3.9 2.1 -2.2
v 3.9 2.2 -2.2
v 3.9 4.8 -2.2
v 3.9 4.9 -2.2
v 3.9 5.1 -2.2
v 3.9 5.2 -2.2
v 3.9 7.4 -2.2
v 3.9 7.5 -2.2
v 3.9 8.3 -2.2
v 3.9 8.4 -2.2
v 3.9 8.8 -2.2
v 3.9 9.1 -2.2
v 4 1.2 -2.2
v 4 1.7 -2.2
v 4 2.1 -2.2
v 4 2.2 -2.2
v 4 4.8 -2.2
v 4 4.9 -2.2
v 4 5.1 -2.2
v 4 5.2 -2.2
v 4 7.4 -2.2
v 4 7.5 -2.2
v 4 8.3 -2.2
v 4 8.4 -2.2
v 4 8.8 -2.2
v 4 9.1 -2.2
v -4 0.4 -2.3
v -4 0.8 -2.3
v -4 6.2 -2.3
v -4 6.3 -2.3
v -3.9 0.4 -2.3
v -3.9 0.5 -2.3
v -3.9 0.6 -2.3
v -3.9 0.8 -2.3
v -3.9 2.2 -2.3
v -3.9 2.3 -2.3
v -3.9 6.2 -2.3
v -3.9 6.3 -2.3
v -3.9 8.4 -2.3
v -3.9 8.5 -2.3
v -3.8 0.5 -2.3
v -3.8 0.6 -2.3
v -3.8 2.2 -2.3
v -3.8 2.3 -2.3
v -3.8 8.4 -2.3
v -3.8 8.5 -2.3
v 3.9 1.7 -2.3
v 3.9 2.1 -2.3
v 3.9 4.6 -2.3
v 3.9 4.8 -2.3
v 3.9 5.2 -2.3
v 3.9 5.5 -2.3
v 3.9 6.7 -2.3
v 3.9 6.8 -2.3
v 3.9 7.5 -2.3
v 3.9 7.6 -2.3
v 3.9 8.4 -2.3
v 3.9 8.8 -2.3
v 4 1.7 -2.3
v 4 2.1 -2.3
v 4 4.4 -2.3
v 4 4.6 -2.3
v 4 4.8 -2.3
v 4 5.2 -2.3
v 4 5.5 -2.3
v 4 6.7 -2.3
v 4 6.8 -2.3
v 4 7.5 -2.3
v 4 7.6 -2.3
v 4 8.4 -2.3
v 4 8.8 -2.3
v 4.1 4.4 -2.3
v 4.1 4.6 -2.3
v -3.9 2.1 -2.4
v -3.9 2.2 -2.4
v -3.9 2.3 -2.4
v -3.9 2.4 -2.4
v -3.9 6 -2.4
v -3.9 6.2 -2.4
v -3.9 8.5 -2.4
v -3.9 8.6 -2.4
v -3.8 2.1 -2.4
v -3.8 2.2 -2.4
v -3.8 2.3 -2.4
v -3.8 2.4 -2.4
v -3.8 6 -2.4
v -3.8 6.2 -2.4
v -3.8 8.5 -2.4
v -3.8 8.6 -2.4
v 3.9 7.6 -2.4
v 3.9 7.7 -2.4
v 3.9 8.8 -2.4
v 3.9 8.9 -2.4
v 4 7.6 -2.4
v 4 7.7 -2.4
v 4 8.8 -2.4
v 4 8.9 -2.4
v -4.5 0.4 -2.5
v -4.5 0.5 -2.5
v -4.4 0.4 -2.5
v -4.4 0.5 -2.5
v -4 0.7 -2.5
v -4 0.8 -2.5
v -4 2.6 -2.5
v -4 2.7 -2.5
v -3.9 0.7 -2.5
v -3.9 0.8 -2.5
v -3.9 1.7 -2.5
v -3.9 2.1 -2.5
v -3.9 2.4 -2.5
v -3.9 2.5 -2.5
v -3.9 2.6 -2.5
v -3.9 2.7 -2.5
v -3.9 5.8 -2.5
v -3.9 6 -2.5
v -3.9 8.6 -2.5
v -3.9 8.7 -2.5
v -3.8 1.7 -2.5
v -3.8 2.1 -2.5
v -3.8 2.4 -2.5
v -3.8 2.5 -2.5
v -3.8 5.8 -2.5
v -3.8 6 -2.5
v -3.8 8.6 -2.5
v -3.8 8.7 -2.5
v 3.9 1.7 -2.5
v 3.9 1.9 -2.5
v 3.9 4.3 -2.5
v 3.9 4.4 -2.5
v 3.9 7.7 -2.5
v 3.9 7.8 -2.5
v 3.9 8.7 -2.5
v 3.9 8.8 -2.5
v 4 1.7 -2.5
v 4 1.9 -2.5
v 4 4.3 -2.5
v 4 4.4 -2.5
v 4 7.7 -2.5
v 4 7.8 -2.5
v 4 8.7 -2.5
v 4 8.8 -2.5
v -4.2 0.4 -2.6
v -4.2 0.6 -2.6
v -4.1 0.4 -2.6
v -4.1 0.6 -2.6
v -4 0.8 -2.6
v -4 0.9 -2.6
v -4 2.7 -2.6
v -4 2.8 -2.6
v -4 10.1 -2.6
v -4 10.2 -2.6
v -3.9 0.8 -2.6
v -3.9 0.9 -2.6
v -3.9 1.3 -2.6
v -3.9 1.7 -2.6
v -3.9 2.5 -2.6
v -3.9 2.6 -2.6
v -3.9 2.7 -2.6
v -3.9 2.8 -2.6
v -3.9 5.6 -2.6
v -3.9 5.8 -2.6
v -3.9 8.7 -2.6
v -3.9 9.1 -2.6
v -3.9 10.1 -2.6
v -3.9 10.2 -2.6
v -3.8 1.3 -2.6
v -3.8 1.7 -2.6
v -3.8 2.5 -2.6
v -3.8 2.6 -2.6
v -3.8 5.6 -2.6
v -3.8 5.8 -2.6
v -3.8 8.7 -2.6
v -3.8 9 -2.6
v -3.8 9.1 -2.6
v -3.7 9 -2.6
v -3.7 9.1 -2.6
v 3.9 4.1 -2.6
v 3.9 4.3 -2.6
v 3.9 5.4 -2.6
v 3.9 5.5 -2.6
v 3.9 7.8 -2.6
v 3.9 7.9 -2.6
v 3.9 8.5 -2.6
v 3.9 8.7 -2.6
v 4 4.1 -2.6
v 4 4.3 -2.6
v 4 5.4 -2.6
v 4 5.5 -2.6
v 4 7.8 -2.6
v 4 7.9 -2.6
v 4 8.5 -2.6
v 4 8.7 -2.6
v -4 0.9 -2.7
v -4 1 -2.7
v -3.9 0.9 -2.7
v -3.9 1 -2.7
v -3.9 1.3 -2.7
v -3.9 5.4 -2.7
v -3.9 5.6 -2.7
v -3.9 9.1 -2.7
v -3.9 9.2 -2.7
v -3.8 1 -2.7
v -3.8 1.3 -2.7
v -3.8 5.4 -2.7
v -3.8 5.6 -2.7
v -3.8 9.1 -2.7
v -3.8 9.2 -2.7
v 3.9 1.5 -2.7
v 3.9 1.7 -2.7
v 3.9 3.9 -2.7
v 3.9 4.1 -2.7
v 3.9 5.5 -2.7
v 3.9 5.6 -2.7
v 3.9 8.4 -2.7
v 3.9 8.5 -2.7
v 4 1.5 -2.7
v 4 1.7 -2.7
v 4 3.9 -2.7
v 4 4.1 -2.7
v 4 5.5 -2.7
v 4 5.6 -2.7
v 4 8.4 -2.7
v 4 8.5 -2.7
v -3.9 2.8 -2.8
v -3.9 2.9 -2.8
v -3.9 5.2 -2.8
v -3.9 5.4 -2.8
v -3.9 9.2 -2.8
v -3.9 9.3 -2.8
v -3.8 2.8 -2.8
v -3.8 2.9 -2.8
v -3.8 5.2 -2.8
v -3.8 5.3 -2.8
v -3.8 5.4 -2.8
v -3.8 9.2 -2.8
v -3.8 9.3 -2.8
v -3.7 5.3 -2.8
v -3.7 5.4 -2.8
v 3.9 1.3 -2.8
v 3.9 1.5 -2.8
v 3.9 3.8 -2.8
v 3.9 3.9 -2.8
v 3.9 8.3 -2.8
v 3.9 8.4 -2.8
v 4 1.3 -2.8
v 4 1.5 -2.8
v 4 3.8 -2.8
v 4 3.9 -2.8
v 4 8.3 -2.8
v 4 8.4 -2.8
v -3.9 2.9 -2.9
v -3.9 3 -2.9
v -3.9 5 -2.9
v -3.9 5.2 -2.9
v -3.9 5.5 -2.9
v -3.9 5.7 -2.9
v -3.9 9.3 -2.9
v -3.9 9.4 -2.9
v -3.8 2.9 -2.9
v -3.8 3 -2.9
v -3.8 5 -2.9
v -3.8 5.2 -2.9
v -3.8 5.5 -2.9
v -3.8 5.7 -2.9
v -3.8 9.3 -2.9
v -3.8 9.4 -2.9
v 3.9 1.2 -2.9
v 3.9 1.3 -2.9
v 3.9 3.6 -2.9
v 3.9 3.8 -2.9
v 3.9 5.6 -2.9
v 3.9 5.7 -2.9
v 4 1.2 -2.9
v 4 1.3 -2.9
v 4 3.6 -2.9
v 4 3.8 -2.9
v 4 5.6 -2.9
v 4 5.7 -2.9
v -3.9 3 -3
v -3.9 3.1 -3
v -3.9 4.8 -3
v -3.9 5 -3
v -3.9 5.7 -3
v -3.9 5.8 -3
v -3.9 6.4 -3
v -3.9 6.5 -3
v -3.9 9.4 -3
v -3.9 9.5 -3
v -3.8 3 -3
v -3.8 3.1 -3
v -3.8 4.8 -3
v -3.8 5 -3
v -3.8 5.7 -3
v -3.8 5.8 -3
v -3.8 6.4 -3
v -3.8 6.5 -3
v -3.8 9.4 -3
v -3.8 9.5 -3
v 3.8 5.5 -3
v 3.8 5.6 -3
v 3.9 3.4 -3
v 3.9 3.6 -3
v 3.9 5.5 -3
v 3.9 5.6 -3
v 4 3.4 -3
v 4 3.6 -3
v -4 4.5 -3.1
v -4 4.6 -3.1
v -3.9 3.1 -3.1
v -3.9 3.2 -3.1
v -3.9 4.5 -3.1
v -3.9 4.6 -3.1
v -3.9 4.8 -3.1
v -3.9 5.8 -3.1
v -3.9 5.9 -3.1
v -3.9 6.5 -3.1
v -3.9 6.6 -3.1
v -3.8 3.1 -3.1
v -3.8 3.2 -3.1
v -3.8 4.6 -3.1
v -3.8 4.8 -3.1
v -3.8 5.8 -3.1
v -3.8 5.9 -3.1
v -3.8 6.5 -3.1
v -3.8 6.6 -3.1
v 3.9 3.3 -3.1
v 3.9 3.4 -3.1
v 4 3.3 -3.1
v 4 3.4 -3.1
v -4 4.4 -3.2
v -4 4.5 -3.2
v -3.9 3.2 -3.2
v -3.9 3.3 -3.2
v -3.9 4.4 -3.2
v -3.9 4.5 -3.2
v -3.9 5.9 -3.2
v -3.9 6.1 -3.2
v -3.9 6.6 -3.2
v -3.9 6.7 -3.2
v -3.9 9.5 -3.2
v -3.9 9.6 -3.2
v -3.8 3.2 -3.2
v -3.8 3.3 -3.2
v -3.8 5.9 -3.2
v -3.8 6.1 -3.2
v -3.8 6.6 -3.2
v -3.8 6.7 -3.2
v -3.8 9.5 -3.2
v -3.8 9.6 -3.2
v 3.9 3.1 -3.2
v 3.9 3.3 -3.2
v 3.9 5.7 -3.2
v 3.9 5.8 -3.2
v 4 3.1 -3.2
v 4 3.3 -3.2
v 4 5.7 -3.2
v 4 5.8 -3.2
v -4 6.2 -3.3
v -4 6.3 -3.3
v -4 10 -3.3
v -4 10.1 -3.3
v -3.9 6.1 -3.3
v -3.9 6.2 -3.3
v -3.9 6.3 -3.3
v -3.9 6.7 -3.3
v -3.9 6.8 -3.3
v -3.9 9.6 -3.3
v -3.9 9.7 -3.3
v -3.9 10 -3.3
v -3.9 10.1 -3.3
v -3.8 6.1 -3.3
v -3.8 6.2 -3.3
v -3.8 6.7 -3.3
v -3.8 6.8 -3.3
v -3.8 9.6 -3.3
v -3.8 9.7 -3.3
v 3.9 2.9 -3.3
v 3.9 3.1 -3.3
v 3.9 9.6 -3.3
v 3.9 9.8 -3.3
v 4 2.7 -3.3
v 4 2.8 -3.3
v 4 2.9 -3.3
v 4 3.1 -3.3
v 4 9.6 -3.3
v 4 9.8 -3.3
v 4.1 2.7 -3.3
v 4.1 2.8 -3.3
v -4.1 0.4 -3.4
v -4.1 0.5 -3.4
v -4 0.4 -3.4
v -4 0.5 -3.4
v -3.9 3.3 -3.4
v -3.9 3.4 -3.4
v -3.9 6.8 -3.4
v -3.9 7 -3.4
v -3.9 9.7 -3.4
v -3.9 9.8 -3.4
v -3.8 3.3 -3.4
v -3.8 3.4 -3.4
v -3.8 6.8 -3.4
v -3.8 7 -3.4
v -3.8 9.7 -3.4
v -3.8 9.8 -3.4
v 3.9 2.8 -3.4
v 3.9 2.9 -3.4
v 3.9 9.2 -3.4
v 3.9 9.6 -3.4
v 4 2.6 -3.4
v 4 2.7 -3.4
v 4 2.8 -3.4
v 4 2.9 -3.4
v 4 9.2 -3.4
v 4 9.6 -3.4
v 4.1 2.6 -3.4
v 4.1 2.7 -3.4
v -3.9 3.4 -3.5
v -3.9 3.5 -3.5
v -3.9 7 -3.5
v -3.9 7.1 -3.5
v -3.8 3.4 -3.5
v -3.8 3.5 -3.5
v -3.8 7 -3.5
v -3.8 7.1 -3.5
v 3.9 9 -3.5
v 3.9 9.2 -3.5
v 4 9 -3.5
v 4 9.2 -3.5
v -3.9 3.5 -3.6
v -3.9 3.6 -3.6
v -3.9 7.1 -3.6
v -3.9 7.2 -3.6
v -3.8 3.5 -3.6
v -3.8 3.6 -3.6
v -3.8 7.1 -3.6
v -3.8 7.2 -3.6
v -0.8 10 -3.6
v -0.8 11.6 -3.6
v 0.9 10 -3.6
v 0.9 11.6 -3.6
v 3.9 2.5 -3.6
v 3.9 2.6 -3.6
v 3.9 5.8 -3.6
v 3.9 5.9 -3.6
v 3.9 8.9 -3.6
v 3.9 9 -3.6
v 4 2.5 -3.6
v 4 2.6 -3.6
v 4 5.8 -3.6
v 4 5.9 -3.6
v 4 8.9 -3.6
v 4 9 -3.6
v -3.9 7.2 -3.7
v -3.9 7.3 -3.7
v -3.8 7.2 -3.7
v -3.8 7.3 -3.7
v -2.8 6.1 -3.7
v -2.8 6.2 -3.7
v -2.7 6.1 -3.7
v -2.7 6.2 -3.7
v -2 5 -3.7
v -2 5.1 -3.7
v -1.9 5 -3.7
v -1.9 5.1 -3.7
v -1 3.7 -3.7
v -1 3.8 -3.7
v -1 6.9 -3.7
v -1 7 -3.7
v -0.9 3.7 -3.7
v -0.9 3.8 -3.7
v -0.9 6.9 -3.7
v -0.9 7 -3.7
v -0.9 11.7 -3.7
v -0.9 11.8 -3.7
v 1 11.7 -3.7
v 1 11.8 -3.7
v 2.6 2.1 -3.7
v 2.6 2.2 -3.7
v 2.7 2.1 -3.7
v 2.7 2.2 -3.7
v 2.9 6.5 -3.7
v 2.9 6.6 -3.7
v 3 6.5 -3.7
v 3 6.6 -3.7
v 3.3 8.4 -3.7
v 3.3 8.5 -3.7
v 3.4 8.4 -3.7
v 3.4 8.5 -3.7
v 3.8 5.8 -3.7
v 3.8 5.9 -3.7
v 3.8 8.9 -3.7
v 3.8 9 -3.7
v 3.9 2.3 -3.7
v 3.9 2.5 -3.7
v 3.9 5.4 -3.7
v 3.9 5.5 -3.7
v 3.9 5.7 -3.7
v 3.9 5.8 -3.7
v 3.9 5.9 -3.7
v 3.9 8.9 -3.7
v 3.9 9 -3.7
v 4 2.3 -3.7
v 4 2.5 -3.7
v 4 5.4 -3.7
v 4 5.5 -3.7
v 4 5.7 -3.7
v 4 5.8 -3.7
v -3.9 7.3 -3.8
v -3.9 7.4 -3.8
v -3.9 9.5 -3.8
v -3.9 9.6 -3.8
v -3.8 7.3 -3.8
v -3.8 7.4 -3.8
v -3.8 7.5 -3.8
v -3.8 9.6 -3.8
v -3.7 1.2 -3.8
v -3.7 1.9 -3.8
v -3.7 7.4 -3.8
v -3.7 7.5 -3.8
v -3.7 7.6 -3.8
v -3.7 9.5 -3.8
v -3.7 9.6 -3.8
v -3.7 9.7 -3.8
v -3.6 1.2 -3.8
v -3.6 1.6 -3.8
v -3.6 1.8 -3.8
v -3.6 1.9 -3.8
v -3.6 2.5 -3.8
v -3.6 7.5 -3.8
v -3.6 7.6 -3.8
v -3.6 7.7 -3.8
v -3.5 1.4 -3.8
v -3.5 1.6 -3.8
v -3.5 1.8 -3.8
v -3.5 1.9 -3.8
v -3.5 2.5 -3.8
v -3.5 7.6 -3.8
v -3.5 7.7 -3.8
v -3.5 7.8 -3.8
v -3.4 1.2 -3.8
v -3.4 1.4 -3.8
v -3.4 1.6 -3.8
v -3.4 7.7 -3.8
v -3.4 7.8 -3.8
v -3.4 7.9 -3.8
v -3.3 1 -3.8
v -3.3 1.2 -3.8
v -3.3 1.4 -3.8
v -3.3 7.8 -3.8
v -3.3 7.9 -3.8
v -3.3 8 -3.8
v -3.3 9.6 -3.8
v -3.3 9.7 -3.8
v -3.3 9.8 -3.8
v -3.2 1 -3.8
v -3.2 1.2 -3.8
v -3.2 7.9 -3.8
v -3.2 8 -3.8
v -3 8.2 -3.8
v -3 8.3 -3.8
v -3 9.7 -3.8
v -3 9.8 -3.8
v -2.9 6.1 -3.8
v -2.9 6.2 -3.8
v -2.9 8.2 -3.8
v -2.9 8.3 -3.8
v -2.9 8.4 -3.8
v -2.8 6.1 -3.8
v -2.8 6.2 -3.8
v -2.8 8.3 -3.8
v -2.8 8.4 -3.8
v -2.8 8.5 -3.8
v -2.7 1.6 -3.8
v -2.7 1.8 -3.8
v -2.7 6.1 -3.8
v -2.7 6.2 -3.8
v -2.7 8.4 -3.8
v -2.7 8.5 -3.8
v -2.7 8.6 -3.8
v -2.6 1.4 -3.8
v -2.6 1.6 -3.8
v -2.6 1.7 -3.8
v -2.6 5.9 -3.8
v -2.6 6.1 -3.8
v -2.6 6.2 -3.8
v -2.6 8.5 -3.8
v -2.6 8.6 -3.8
v -2.6 8.7 -3.8
v -2.5 1.2 -3.8
v -2.5 1.4 -3.8
v -2.5 1.6 -3.8
v -2.5 1.7 -3.8
v -2.5 1.8 -3.8
v -2.5 1.9 -3.8
v -2.5 5.8 -3.8
v -2.5 5.9 -3.8
v -2.5 6.1 -3.8
v -2.5 8.6 -3.8
v -2.5 8.7 -3.8
v -2.5 8.8 -3.8
v -2.4 1 -3.8
v -2.4 1.2 -3.8
v -2.4 1.4 -3.8
v -2.4 2.3 -3.8
v -2.4 2.5 -3.8
v -2.4 5.6 -3.8
v -2.4 5.8 -3.8
v -2.4 5.9 -3.8
v -2.4 8.7 -3.8
v -2.4 8.8 -3.8
v -2.4 8.9 -3.8
v -2.3 1 -3.8
v -2.3 1.2 -3.8
v -2.3 2.1 -3.8
v -2.3 2.3 -3.8
v -2.3 2.5 -3.8
v -2.3 2.8 -3.8
v -2.3 3.1 -3.8
v -2.3 5.4 -3.8
v -2.3 5.6 -3.8
v -2.3 5.8 -3.8
v -2.3 8.8 -3.8
v -2.3 8.9 -3.8
v -2.3 9 -3.8
v -2.2 1.9 -3.8
v -2.2 2.1 -3.8
v -2.2 2.3 -3.8
v -2.2 2.8 -3.8
v -2.2 3.1 -3.8
v -2.2 3.6 -3.8
v -2.2 5.3 -3.8
v -2.2 5.4 -3.8
v -2.2 5.6 -3.8
v -2.2 6.4 -3.8
v -2.2 6.5 -3.8
v -2.2 8.6 -3.8
v -2.2 8.7 -3.8
v -2.2 8.9 -3.8
v -2.2 9 -3.8
v -2.2 9.1 -3.8
v -2.1 1.8 -3.8
v -2.1 2.1 -3.8
v -2.1 3.1 -3.8
v -2.1 3.6 -3.8
v -2.1 3.9 -3.8
v -2.1 5.1 -3.8
v -2.1 5.3 -3.8
v -2.1 5.4 -3.8
v -2.1 8.4 -3.8
v -2.1 8.6 -3.8
v -2.1 8.7 -3.8
v -2.1 9 -3.8
v -2 3.6 -3.8
v -2 3.9 -3.8
v -2 4 -3.8
v -2 4.9 -3.8
v -2 5 -3.8
v -2 5.1 -3.8
v -2 5.3 -3.8
v -2 6.4 -3.8
v -2 6.5 -3.8
v -2 6.6 -3.8
v -2 8.2 -3.8
v -2 8.4 -3.8
v -2 8.6 -3.8
v -2 8.7 -3.8
v -2 9 -3.8
v -2 9.1 -3.8
v -2 9.2 -3.8
v -1.9 3.9 -3.8
v -1.9 4 -3.8
v -1.9 4.2 -3.8
v -1.9 4.7 -3.8
v -1.9 4.9 -3.8
v -1.9 5 -3.8
v -1.9 8.2 -3.8
v -1.9 8.4 -3.8
v -1.9 9 -3.8
v -1.9 9.1 -3.8
v -1.9 9.2 -3.8
v -1.9 9.3 -3.8
v -1.8 4 -3.8
v -1.8 4.2 -3.8
v -1.8 4.4 -3.8
v -1.8 4.6 -3.8
v -1.8 4.7 -3.8
v -1.8 4.9 -3.8
v -1.8 6.5 -3.8
v -1.8 6.6 -3.8
v -1.8 6.7 -3.8
v -1.8 9.1 -3.8
v -1.8 9.3 -3.8
v -1.8 9.4 -3.8
v -1.7 4.3 -3.8
v -1.7 4.4 -3.8
v -1.7 4.6 -3.8
v -1.7 4.7 -3.8
v -1.7 9.3 -3.8
v -1.7 9.4 -3.8
v -1.7 9.5 -3.8
v -1.6 4.2 -3.8
v -1.6 4.3 -3.8
v -1.6 4.4 -3.8
v -1.6 6.6 -3.8
v -1.6 6.7 -3.8
v -1.6 6.8 -3.8
v -1.6 9.4 -3.8
v -1.6 9.5 -3.8
v -1.6 9.6 -3.8
v -1.5 3.6 -3.8
v -1.5 3.7 -3.8
v -1.5 4.2 -3.8
v -1.5 4.3 -3.8
v -1.5 4.4 -3.8
v -1.5 9.5 -3.8
v -1.5 9.6 -3.8
v -1.5 9.7 -3.8
v -1.4 4.1 -3.8
v -1.4 4.2 -3.8
v -1.4 4.3 -3.8
v -1.4 6.7 -3.8
v -1.4 6.8 -3.8
v -1.4 6.9 -3.8
v -1.4 9.6 -3.8
v -1.4 9.7 -3.8
v -1.4 9.8 -3.8
v -1.3 9.7 -3.8
v -1.3 9.8 -3.8
v -1.2 3.6 -3.8
v -1.2 3.7 -3.8
v -1.2 3.8 -3.8
v -1.2 4 -3.8
v -1.2 4.1 -3.8
v -1.2 4.2 -3.8
v -1.2 6.8 -3.8
v -1.2 6.9 -3.8
v -1.2 7 -3.8
v -1.1 3.9 -3.8
v -1.1 4 -3.8
v -1.1 4.1 -3.8
v -1 1.8 -3.8
v -1 1.9 -3.8
v -1 3.6 -3.8
v -1 3.7 -3.8
v -1 3.8 -3.8
v -1 3.9 -3.8
v -1 4 -3.8
v -1 6.9 -3.8
v -1 7 -3.8
v -1 11.6 -3.8
v -1 11.7 -3.8
v -0.9 1.8 -3.8
v -0.9 1.9 -3.8
v -0.9 2 -3.8
v -0.9 3.7 -3.8
v -0.9 3.8 -3.8
v -0.9 3.9 -3.8
v -0.9 7 -3.8
v -0.9 7.2 -3.8
v -0.8 1.9 -3.8
v -0.8 2 -3.8
v -0.8 2.1 -3.8
v -0.8 3.5 -3.8
v -0.8 3.6 -3.8
v -0.8 3.8 -3.8
v -0.8 3.9 -3.8
v -0.8 5 -3.8
v -0.8 5.2 -3.8
v -0.8 7 -3.8
v -0.8 7.2 -3.8
v -0.8 7.4 -3.8
v -0.7 2 -3.8
v -0.7 2.1 -3.8
v -0.7 2.3 -3.8
v -0.7 3.4 -3.8
v -0.7 3.5 -3.8
v -0.7 3.6 -3.8
v -0.7 5 -3.8
v -0.7 5.2 -3.8
v -0.7 5.6 -3.8
v -0.7 7.2 -3.8
v -0.7 7.4 -3.8
v -0.7 7.6 -3.8
v -0.6 1 -3.8
v -0.6 1.1 -3.8
v -0.6 2.1 -3.8
v -0.6 2.3 -3.8
v -0.6 2.4 -3.8
v -0.6 3.3 -3.8
v -0.6 3.4 -3.8
v -0.6 3.5 -3.8
v -0.6 5.2 -3.8
v -0.6 5.4 -3.8
v -0.6 5.5 -3.8
v -0.6 5.6 -3.8
v -0.6 5.9 -3.8
v -0.6 7.4 -3.8
v -0.6 7.6 -3.8
v -0.6 7.8 -3.8
v -0.6 8.2 -3.8
v -0.6 8.3 -3.8
v -0.5 1 -3.8
v -0.5 1.1 -3.8
v -0.5 1.2 -3.8
v -0.5 2 -3.8
v -0.5 2.1 -3.8
v -0.5 2.3 -3.8
v -0.5 2.4 -3.8
v -0.5 2.5 -3.8
v -0.5 3.2 -3.8
v -0.5 3.3 -3.8
v -0.5 3.4 -3.8
v -0.5 5.2 -3.8
v -0.5 5.4 -3.8
v -0.5 5.5 -3.8
v -0.5 5.6 -3.8
v -0.5 5.9 -3.8
v -0.5 6.1 -3.8
v -0.5 7.6 -3.8
v -0.5 7.8 -3.8
v -0.5 8 -3.8
v -0.4 1.8 -3.8
v -0.4 2 -3.8
v -0.4 2.1 -3.8
v -0.4 2.4 -3.8
v -0.4 2.5 -3.8
v -0.4 2.6 -3.8
v -0.4 5.1 -3.8
v -0.4 5.2 -3.8
v -0.4 5.4 -3.8
v -0.4 5.9 -3.8
v -0.4 6.1 -3.8
v -0.4 8.2 -3.8
v -0.4 8.3 -3.8
v -0.3 1.1 -3.8
v -0.3 1.2 -3.8
v -0.3 1.3 -3.8
v -0.3 1.7 -3.8
v -0.3 1.8 -3.8
v -0.3 2 -3.8
v -0.3 2.5 -3.8
v -0.3 2.6 -3.8
v -0.3 3.1 -3.8
v -0.3 3.2 -3.8
v -0.3 3.3 -3.8
v -0.3 3.8 -3.8
v -0.3 3.9 -3.8
v -0.3 4 -3.8
v -0.3 4.9 -3.8
v -0.3 5.1 -3.8
v -0.3 5.2 -3.8
v -0.3 7.6 -3.8
v -0.3 7.8 -3.8
v -0.3 8 -3.8
v -0.2 1.6 -3.8
v -0.2 1.7 -3.8
v -0.2 1.8 -3.8
v -0.2 3 -3.8
v -0.2 3.1 -3.8
v -0.2 3.2 -3.8
v -0.2 4.7 -3.8
v -0.2 4.9 -3.8
v -0.2 5.1 -3.8
v -0.2 7.4 -3.8
v -0.2 7.6 -3.8
v -0.2 7.8 -3.8
v -0.0999999 1.2 -3.8
v -0.0999999 1.3 -3.8
v -0.0999999 1.6 -3.8
v -0.0999999 1.7 -3.8
v -0.0999999 2.9 -3.8
v -0.0999999 3 -3.8
v -0.0999999 3.1 -3.8
v -0.0999999 4.6 -3.8
v -0.0999999 4.7 -3.8
v -0.0999999 4.9 -3.8
v -0.0999999 7.2 -3.8
v -0.0999999 7.4 -3.8
v -0.0999999 7.6 -3.8
v 0 1.4 -3.8
v 0 1.6 -3.8
v 0 2.8 -3.8
v 0 2.9 -3.8
v 0 3 -3.8
v 0 4.6 -3.8
v 0 4.7 -3.8
v 0 7 -3.8
v 0 7.2 -3.8
v 0 7.4 -3.8
v 0.1 1 -3.8
v 0.1 1.1 -3.8
v 0.1 1.3 -3.8
v 0.1 1.4 -3.8
v 0.1 2.8 -3.8
v 0.1 2.9 -3.8
v 0.1 3.9 -3.8
v 0.1 4 -3.8
v 0.1 4.1 -3.8
v 0.1 6.8 -3.8
v 0.1 7 -3.8
v 0.1 7.2 -3.8
v 0.2 1 -3.8
v 0.2 1.1 -3.8
v 0.2 1.3 -3.8
v 0.2 6.6 -3.8
v 0.2 6.8 -3.8
v 0.2 7 -3.8
v 0.3 1.1 -3.8
v 0.3 1.3 -3.8
v 0.3 1.5 -3.8
v 0.3 6.4 -3.8
v 0.3 6.6 -3.8
v 0.3 6.8 -3.8
v 0.4 1.3 -3.8
v 0.4 1.5 -3.8
v 0.4 1.6 -3.8
v 0.4 4 -3.8
v 0.4 4.1 -3.8
v 0.4 6.4 -3.8
v 0.4 6.6 -3.8
v 0.5 1.5 -3.8
v 0.5 1.6 -3.8
v 0.5 1.8 -3.8
v 0.6 1.6 -3.8
v 0.6 1.8 -3.8
v 0.6 2 -3.8
v 0.7 1.8 -3.8
v 0.7 2 -3.8
v 0.7 2.1 -3.8
v 0.8 2 -3.8
v 0.8 2.1 -3.8
v 0.8 2.3 -3.8
v 0.8 9.7 -3.8
v 0.8 9.8 -3.8
v 0.9 2.1 -3.8
v 0.9 2.3 -3.8
v 0.9 2.5 -3.8
v 0.9 9.6 -3.8
v 0.9 9.7 -3.8
v 0.9 9.8 -3.8
v 1 2.3 -3.8
v 1 2.5 -3.8
v 1 2.6 -3.8
v 1 2.8 -3.8
v 1 3 -3.8
v 1 9.5 -3.8
v 1 9.6 -3.8
v 1 9.7 -3.8
v 1.1 2.5 -3.8
v 1.1 2.6 -3.8
v 1.1 2.8 -3.8
v 1.1 3 -3.8
v 1.1 3.3 -3.8
v 1.1 9.4 -3.8
v 1.1 9.5 -3.8
v 1.1 9.6 -3.8
v 1.1 11.6 -3.8
v 1.1 11.7 -3.8
v 1.2 3 -3.8
v 1.2 3.3 -3.8
v 1.2 3.5 -3.8
v 1.2 4.6 -3.8
v 1.2 4.7 -3.8
v 1.2 8.3 -3.8
v 1.2 8.4 -3.8
v 1.3 3.3 -3.8
v 1.3 3.5 -3.8
v 1.3 3.8 -3.8
v 1.3 4.6 -3.8
v 1.3 4.7 -3.8
v 1.3 4.8 -3.8
v 1.3 8.3 -3.8
v 1.3 8.4 -3.8
v 1.3 8.5 -3.8
v 1.3 8.8 -3.8
v 1.3 9.4 -3.8
v 1.3 9.5 -3.8
v 1.4 1.7 -3.8
v 1.4 1.8 -3.8
v 1.4 3.1 -3.8
v 1.4 3.2 -3.8
v 1.4 3.5 -3.8
v 1.4 3.8 -3.8
v 1.4 4.1 -3.8
v 1.4 8.4 -3.8
v 1.4 8.5 -3.8
v 1.4 8.6 -3.8
v 1.4 8.9 -3.8
v 1.4 9.2 -3.8
v 1.4 9.3 -3.8
v 1.4 9.4 -3.8
v 1.5 1.6 -3.8
v 1.5 1.7 -3.8
v 1.5 3.8 -3.8
v 1.5 4.1 -3.8
v 1.5 4.3 -3.8
v 1.5 4.7 -3.8
v 1.5 4.8 -3.8
v 1.5 4.9 -3.8
v 1.5 8.5 -3.8
v 1.5 8.6 -3.8
v 1.5 8.8 -3.8
v 1.5 8.9 -3.8
v 1.5 9.1 -3.8
v 1.5 9.2 -3.8
v 1.5 9.3 -3.8
v 1.6 1.5 -3.8
v 1.6 1.6 -3.8
v 1.6 1.8 -3.8
v 1.6 1.9 -3.8
v 1.6 4.1 -3.8
v 1.6 4.3 -3.8
v 1.6 4.8 -3.8
v 1.6 4.9 -3.8
v 1.6 5 -3.8
v 1.6 8.5 -3.8
v 1.6 8.6 -3.8
v 1.6 8.8 -3.8
v 1.6 9 -3.8
v 1.6 9.1 -3.8
v 1.6 9.2 -3.8
v 1.7 3.1 -3.8
v 1.7 3.2 -3.8
v 1.7 3.4 -3.8
v 1.7 3.6 -3.8
v 1.7 8.5 -3.8
v 1.7 8.6 -3.8
v 1.7 8.9 -3.8
v 1.7 9 -3.8
v 1.7 9.1 -3.8
v 1.8 1.4 -3.8
v 1.8 1.5 -3.8
v 1.8 1.6 -3.8
v 1.8 1.8 -3.8
v 1.8 1.9 -3.8
v 1.8 2 -3.8
v 1.8 4.9 -3.8
v 1.8 5 -3.8
v 1.8 5.1 -3.8
v 1.9 5 -3.8
v 1.9 5.1 -3.8
v 1.9 5.2 -3.8
v 1.9 8.8 -3.8
v 1.9 8.9 -3.8
v 1.9 9 -3.8
v 2 1 -3.8
v 2 1.1 -3.8
v 2 1.3 -3.8
v 2 1.4 -3.8
v 2 1.5 -3.8
v 2 1.9 -3.8
v 2 2 -3.8
v 2 2.1 -3.8
v 2 3.4 -3.8
v 2 3.6 -3.8
v 2 5.1 -3.8
v 2 5.2 -3.8
v 2 5.3 -3.8
v 2 8.7 -3.8
v 2 8.8 -3.8
v 2 8.9 -3.8
v 2.1 1 -3.8
v 2.1 1.1 -3.8
v 2.1 1.2 -3.8
v 2.1 6.1 -3.8
v 2.1 6.2 -3.8
v 2.1 8.6 -3.8
v 2.1 8.7 -3.8
v 2.1 8.8 -3.8
v 2.2 1.2 -3.8
v 2.2 1.3 -3.8
v 2.2 1.4 -3.8
v 2.2 2 -3.8
v 2.2 2.1 -3.8
v 2.2 2.2 -3.8
v 2.2 3.2 -3.8
v 2.2 3.3 -3.8
v 2.2 5.2 -3.8
v 2.2 5.3 -3.8
v 2.2 5.4 -3.8
v 2.2 6 -3.8
v 2.2 6.1 -3.8
v 2.2 6.2 -3.8
v 2.2 8.5 -3.8
v 2.2 8.6 -3.8
v 2.2 8.7 -3.8
v 2.3 1.1 -3.8
v 2.3 1.3 -3.8
v 2.3 4.3 -3.8
v 2.3 4.4 -3.8
v 2.3 5.3 -3.8
v 2.3 5.4 -3.8
v 2.3 5.5 -3.8
v 2.3 5.9 -3.8
v 2.3 6 -3.8
v 2.3 6.1 -3.8
v 2.3 8.4 -3.8
v 2.3 8.5 -3.8
v 2.3 8.6 -3.8
v 2.4 2.1 -3.8
v 2.4 2.2 -3.8
v 2.4 2.3 -3.8
v 2.4 2.4 -3.8
v 2.4 2.5 -3.8
v 2.4 4.2 -3.8
v 2.4 4.3 -3.8
v 2.4 4.4 -3.8
v 2.4 5.8 -3.8
v 2.4 5.9 -3.8
v 2.4 6 -3.8
v 2.5 2.3 -3.8
v 2.5 2.4 -3.8
v 2.5 2.5 -3.8
v 2.5 4 -3.8
v 2.5 4.2 -3.8
v 2.5 4.3 -3.8
v 2.5 5.4 -3.8
v 2.5 5.5 -3.8
v 2.5 5.8 -3.8
v 2.5 5.9 -3.8
v 2.5 8.3 -3.8
v 2.5 8.4 -3.8
v 2.5 8.5 -3.8
v 2.6 2.2 -3.8
v 2.6 2.3 -3.8
v 2.6 2.4 -3.8
v 2.6 3.9 -3.8
v 2.6 4 -3.8
v 2.6 4.2 -3.8
v 2.6 5.6 -3.8
v 2.6 5.8 -3.8
v 2.6 8.2 -3.8
v 2.6 8.3 -3.8
v 2.6 8.4 -3.8
v 2.7 2 -3.8
v 2.7 2.1 -3.8
v 2.7 2.2 -3.8
v 2.7 3.8 -3.8
v 2.7 3.9 -3.8
v 2.7 4 -3.8
v 2.7 5.4 -3.8
v 2.7 5.5 -3.8
v 2.7 5.6 -3.8
v 2.7 8.2 -3.8
v 2.7 8.3 -3.8
v 2.8 1.9 -3.8
v 2.8 2 -3.8
v 2.8 2.1 -3.8
v 2.8 2.2 -3.8
v 2.8 2.3 -3.8
v 2.8 2.4 -3.8
v 2.8 3.7 -3.8
v 2.8 3.8 -3.8
v 2.8 3.9 -3.8
v 2.8 5.3 -3.8
v 2.8 5.4 -3.8
v 2.8 5.5 -3.8
v 2.9 1.7 -3.8
v 2.9 1.9 -3.8
v 2.9 2 -3.8
v 2.9 3.6 -3.8
v 2.9 3.7 -3.8
v 2.9 3.8 -3.8
v 2.9 5.2 -3.8
v 2.9 5.3 -3.8
v 2.9 5.4 -3.8
v 2.9 6.4 -3.8
v 2.9 6.5 -3.8
v 2.9 8.8 -3.8
v 2.9 8.9 -3.8
v 2.9 9.7 -3.8
v 2.9 9.8 -3.8
v 3 1.6 -3.8
v 3 1.7 -3.8
v 3 1.9 -3.8
v 3 2.3 -3.8
v 3 2.4 -3.8
v 3 2.5 -3.8
v 3 3.3 -3.8
v 3 3.4 -3.8
v 3 3.6 -3.8
v 3 3.7 -3.8
v 3 5.1 -3.8
v 3 5.2 -3.8
v 3 5.3 -3.8
v 3 6.4 -3.8
v 3 6.5 -3.8
v 3 6.6 -3.8
v 3 6.8 -3.8
v 3 8.8 -3.8
v 3 8.9 -3.8
v 3 9.1 -3.8
v 3 9.6 -3.8
v 3 9.7 -3.8
v 3 9.8 -3.8
v 3.1 1.5 -3.8
v 3.1 1.6 -3.8
v 3.1 1.7 -3.8
v 3.1 3.3 -3.8
v 3.1 3.4 -3.8
v 3.1 3.6 -3.8
v 3.1 5.1 -3.8
v 3.1 5.2 -3.8
v 3.1 5.3 -3.8
v 3.1 6.6 -3.8
v 3.1 6.8 -3.8
v 3.1 6.9 -3.8
v 3.1 8.8 -3.8
v 3.1 8.9 -3.8
v 3.1 9 -3.8
v 3.1 9.1 -3.8
v 3.1 9.3 -3.8
v 3.1 9.4 -3.8
v 3.1 9.6 -3.8
v 3.1 9.7 -3.8
v 3.2 1.3 -3.8
v 3.2 1.5 -3.8
v 3.2 1.6 -3.8
v 3.2 2.4 -3.8
v 3.2 2.5 -3.8
v 3.2 2.6 -3.8
v 3.2 3.2 -3.8
v 3.2 3.3 -3.8
v 3.2 3.4 -3.8
v 3.2 6.8 -3.8
v 3.2 6.9 -3.8
v 3.2 7 -3.8
v 3.2 8.6 -3.8
v 3.2 8.8 -3.8
v 3.2 9 -3.8
v 3.2 9.1 -3.8
v 3.2 9.3 -3.8
v 3.2 9.4 -3.8
v 3.2 9.6 -3.8
v 3.3 1.2 -3.8
v 3.3 1.3 -3.8
v 3.3 1.5 -3.8
v 3.3 3.1 -3.8
v 3.3 3.2 -3.8
v 3.3 3.3 -3.8
v 3.3 6.9 -3.8
v 3.3 7 -3.8
v 3.3 7.2 -3.8
v 3.3 8.2 -3.8
v 3.3 8.4 -3.8
v 3.3 8.5 -3.8
v 3.3 8.6 -3.8
v 3.3 8.8 -3.8
v 3.3 9.2 -3.8
v 3.3 9.3 -3.8
v 3.3 9.4 -3.8
v 3.4 1.1 -3.8
v 3.4 1.2 -3.8
v 3.4 1.3 -3.8
v 3.4 2.5 -3.8
v 3.4 2.6 -3.8
v 3.4 3.1 -3.8
v 3.4 3.2 -3.8
v 3.4 5.1 -3.8
v 3.4 5.2 -3.8
v 3.4 5.3 -3.8
v 3.4 7 -3.8
v 3.4 7.2 -3.8
v 3.4 7.3 -3.8
v 3.4 7.6 -3.8
v 3.4 8 -3.8
v 3.4 8.2 -3.8
v 3.4 8.4 -3.8
v 3.4 8.5 -3.8
v 3.4 8.6 -3.8
v 3.4 9.1 -3.8
v 3.4 9.2 -3.8
v 3.4 9.3 -3.8
v 3.5 1.1 -3.8
v 3.5 1.2 -3.8
v 3.5 6.1 -3.8
v 3.5 6.2 -3.8
v 3.5 7.3 -3.8
v 3.5 7.6 -3.8
v 3.5 8 -3.8
v 3.6 5 -3.8
v 3.6 5.1 -3.8
v 3.6 6 -3.8
v 3.6 6.1 -3.8
v 3.6 6.2 -3.8
v 3.6 7.2 -3.8
v 3.6 7.6 -3.8
v 3.6 9 -3.8
v 3.6 9.1 -3.8
v 3.6 9.2 -3.8
v 3.7 5 -3.8
v 3.7 5.1 -3.8
v 3.7 5.9 -3.8
v 3.7 6 -3.8
v 3.7 6.1 -3.8
v 3.7 9 -3.8
v 3.7 9.1 -3.8
v 3.8 5.1 -3.8
v 3.8 5.2 -3.8
v 3.8 5.4 -3.8
v 3.8 5.9 -3.8
v 3.8 6 -3.8
v 3.8 9 -3.8
v 3.8 9.1 -3.8
v 3.9 5.2 -3.8
v 3.9 5.4 -3.8
v -3.9 1 -3.9
v -3.9 2.6 -3.9
v -3.9 2.8 -3.9
v -3.9 4.4 -3.9
v -3.9 4.6 -3.9
v -3.9 6.2 -3.9
v -3.9 6.4 -3.9
v -3.9 7.3 -3.9
v -3.9 7.4 -3.9
v -3.9 8 -3.9
v -3.9 8.2 -3.9
v -3.9 9.5 -3.9
v -3.9 9.6 -3.9
v -3.9 9.8 -3.9
v -3.9 10 -3.9
v -3.9 10.1 -3.9
v -3.8 6.4 -3.9
v -3.8 7.3 -3.9
v -3.8 7.4 -3.9
v -3.8 7.5 -3.9
v -3.8 9.6 -3.9
v -3.8 9.7 -3.9
v -3.8 9.9 -3.9
v -3.8 10 -3.9
v -3.8 10.1 -3.9
v -3.7 0.9 -3.9
v -3.7 1 -3.9
v -3.7 1.2 -3.9
v -3.7 1.9 -3.9
v -3.7 6.4 -3.9
v -3.7 7.4 -3.9
v -3.7 7.5 -3.9
v -3.7 7.6 -3.9
v -3.7 9.5 -3.9
v -3.7 9.6 -3.9
v -3.7 9.7 -3.9
v -3.6 1.2 -3.9
v -3.6 1.6 -3.9
v -3.6 1.8 -3.9
v -3.6 1.9 -3.9
v -3.6 2.5 -3.9
v -3.6 7.5 -3.9
v -3.6 7.6 -3.9
v -3.6 7.7 -3.9
v -3.6 9.8 -3.9
v -3.6 9.9 -3.9
v -3.6 10 -3.9
v -3.5 0.8 -3.9
v -3.5 0.9 -3.9
v -3.5 1 -3.9
v -3.5 1.4 -3.9
v -3.5 1.6 -3.9
v -3.5 1.8 -3.9
v -3.5 1.9 -3.9
v -3.5 2.5 -3.9
v -3.5 7.6 -3.9
v -3.5 7.7 -3.9
v -3.5 7.8 -3.9
v -3.4 0.8 -3.9
v -3.4 0.9 -3.9
v -3.4 1.2 -3.9
v -3.4 1.4 -3.9
v -3.4 1.6 -3.9
v -3.4 7.7 -3.9
v -3.4 7.8 -3.9
v -3.4 7.9 -3.9
v -3.4 8 -3.9
v -3.4 8.1 -3.9
v -3.4 9.8 -3.9
v -3.4 9.9 -3.9
v -3.3 0.9 -3.9
v -3.3 1 -3.9
v -3.3 1.2 -3.9
v -3.3 1.4 -3.9
v -3.3 7.8 -3.9
v -3.3 7.9 -3.9
v -3.3 8 -3.9
v -3.3 8.1 -3.9
v -3.3 8.2 -3.9
v -3.3 9.6 -3.9
v -3.3 9.7 -3.9
v -3.3 9.8 -3.9
v -3.2 1 -3.9
v -3.2 1.2 -3.9
v -3.2 7.9 -3.9
v -3.2 8 -3.9
v -3.1 0.9 -3.9
v -3.1 1 -3.9
v -3 8.2 -3.9
v -3 8.3 -3.9
v -3 9.7 -3.9
v -3 9.8 -3.9
v -2.9 6.1 -3.9
v -2.9 6.2 -3.9
v -2.9 8.1 -3.9
v -2.9 8.2 -3.9
v -2.9 8.3 -3.9
v -2.9 8.4 -3.9
v -2.8 8.3 -3.9
v -2.8 8.4 -3.9
v -2.8 8.5 -3.9
v -2.7 1.6 -3.9
v -2.7 1.8 -3.9
v -2.7 6.2 -3.9
v -2.7 6.3 -3.9
v -2.7 8.4 -3.9
v -2.7 8.5 -3.9
v -2.7 8.6 -3.9
v -2.6 1.4 -3.9
v -2.6 1.6 -3.9
v -2.6 1.7 -3.9
v -2.6 5.9 -3.9
v -2.6 6.1 -3.9
v -2.6 6.2 -3.9
v -2.6 8.5 -3.9
v -2.6 8.6 -3.9
v -2.6 8.7 -3.9
v -2.5 1.2 -3.9
v -2.5 1.4 -3.9
v -2.5 1.6 -3.9
v -2.5 1.7 -3.9
v -2.5 1.8 -3.9
v -2.5 1.9 -3.9
v -2.5 5.8 -3.9
v -2.5 5.9 -3.9
v -2.5 6.1 -3.9
v -2.5 6.2 -3.9
v -2.5 6.3 -3.9
v -2.5 6.4 -3.9
v -2.5 8.6 -3.9
v -2.5 8.7 -3.9
v -2.5 8.8 -3.9
v -2.4 0.9 -3.9
v -2.4 1 -3.9
v -2.4 1.2 -3.9
v -2.4 1.4 -3.9
v -2.4 2.3 -3.9
v -2.4 2.5 -3.9
v -2.4 5.6 -3.9
v -2.4 5.8 -3.9
v -2.4 5.9 -3.9
v -2.4 8.7 -3.9
v -2.4 8.8 -3.9
v -2.4 8.9 -3.9
v -2.3 1 -3.9
v -2.3 1.2 -3.9
v -2.3 2.1 -3.9
v -2.3 2.3 -3.9
v -2.3 2.5 -3.9
v -2.3 2.8 -3.9
v -2.3 3.1 -3.9
v -2.3 5.4 -3.9
v -2.3 5.6 -3.9
v -2.3 5.8 -3.9
v -2.3 8.8 -3.9
v -2.3 8.9 -3.9
v -2.3 9 -3.9
v -2.2 0.9 -3.9
v -2.2 1 -3.9
v -2.2 1.9 -3.9
v -2.2 2.1 -3.9
v -2.2 2.3 -3.9
v -2.2 2.8 -3.9
v -2.2 3.1 -3.9
v -2.2 3.6 -3.9
v -2.2 5.3 -3.9
v -2.2 5.4 -3.9
v -2.2 5.6 -3.9
v -2.2 6.3 -3.9
v -2.2 6.4 -3.9
v -2.2 6.5 -3.9
v -2.2 8.6 -3.9
v -2.2 8.7 -3.9
v -2.2 8.9 -3.9
v -2.2 9 -3.9
v -2.2 9.1 -3.9
v -2.1 1.8 -3.9
v -2.1 2.1 -3.9
v -2.1 3.1 -3.9
v -2.1 3.6 -3.9
v -2.1 3.9 -3.9
v -2.1 5.1 -3.9
v -2.1 5.3 -3.9
v -2.1 5.4 -3.9
v -2.1 8.4 -3.9
v -2.1 8.6 -3.9
v -2.1 8.7 -3.9
v -2.1 9 -3.9
v -2 3.6 -3.9
v -2 3.9 -3.9
v -2 4 -3.9
v -2 4.9 -3.9
v -2 5.1 -3.9
v -2 5.3 -3.9
v -2 6.4 -3.9
v -2 6.5 -3.9
v -2 6.6 -3.9
v -2 8.2 -3.9
v -2 8.4 -3.9
v -2 8.6 -3.9
v -2 8.7 -3.9
v -2 9 -3.9
v -2 9.1 -3.9
v -2 9.2 -3.9
v -1.9 3.9 -3.9
v -1.9 4 -3.9
v -1.9 4.2 -3.9
v -1.9 4.7 -3.9
v -1.9 4.9 -3.9
v -1.9 5.1 -3.9
v -1.9 8.2 -3.9
v -1.9 8.4 -3.9
v -1.9 9 -3.9
v -1.9 9.1 -3.9
v -1.9 9.2 -3.9
v -1.9 9.3 -3.9
v -1.8 4 -3.9
v -1.8 4.2 -3.9
v -1.8 4.4 -3.9
v -1.8 4.5 -3.9
v -1.8 4.6 -3.9
v -1.8 4.7 -3.9
v -1.8 4.9 -3.9
v -1.8 6.5 -3.9
v -1.8 6.6 -3.9
v -1.8 6.7 -3.9
v -1.8 9.1 -3.9
v -1.8 9.3 -3.9
v -1.8 9.4 -3.9
v -1.7 4.3 -3.9
v -1.7 4.4 -3.9
v -1.7 4.5 -3.9
v -1.7 4.6 -3.9
v -1.7 4.7 -3.9
v -1.7 9.3 -3.9
v -1.7 9.4 -3.9
v -1.7 9.5 -3.9
v -1.6 4.2 -3.9
v -1.6 4.3 -3.9
v -1.6 4.4 -3.9
v -1.6 4.5 -3.9
v -1.6 6.6 -3.9
v -1.6 6.7 -3.9
v -1.6 6.8 -3.9
v -1.6 9.4 -3.9
v -1.6 9.5 -3.9
v -1.6 9.6 -3.9
v -1.5 3.6 -3.9
v -1.5 3.7 -3.9
v -1.5 4.2 -3.9
v -1.5 4.3 -3.9
v -1.5 4.4 -3.9
v -1.5 9.5 -3.9
v -1.5 9.6 -3.9
v -1.5 9.7 -3.9
v -1.5 9.8 -3.9
v -1.5 9.9 -3.9
v -1.4 4.1 -3.9
v -1.4 4.2 -3.9
v -1.4 4.3 -3.9
v -1.4 6.7 -3.9
v -1.4 6.8 -3.9
v -1.4 6.9 -3.9
v -1.4 9.6 -3.9
v -1.4 9.7 -3.9
v -1.4 9.8 -3.9
v -1.4 9.9 -3.9
v -1.4 10 -3.9
v -1.3 9.7 -3.9
v -1.3 9.8 -3.9
v -1.2 3.6 -3.9
v -1.2 3.7 -3.9
v -1.2 3.8 -3.9
v -1.2 4 -3.9
v -1.2 4.1 -3.9
v -1.2 4.2 -3.9
v -1.2 6.8 -3.9
v -1.2 6.9 -3.9
v -1.2 7 -3.9
v -1.2 9.9 -3.9
v -1.2 10 -3.9
v -1.1 3.9 -3.9
v -1.1 4 -3.9
v -1.1 4.1 -3.9
v -1 1.8 -3.9
v -1 1.9 -3.9
v -1 3.6 -3.9
v -1 3.7 -3.9
v -1 3.8 -3.9
v -1 3.9 -3.9
v -1 4 -3.9
v -0.9 1.8 -3.9
v -0.9 1.9 -3.9
v -0.9 2 -3.9
v -0.9 3.8 -3.9
v -0.9 3.9 -3.9
v -0.9 6.9 -3.9
v -0.9 7 -3.9
v -0.9 7.2 -3.9
v -0.8 1.9 -3.9
v -0.8 2 -3.9
v -0.8 2.1 -3.9
v -0.8 3.5 -3.9
v -0.8 3.6 -3.9
v -0.8 3.8 -3.9
v -0.8 3.9 -3.9
v -0.8 5 -3.9
v -0.8 5.2 -3.9
v -0.8 7 -3.9
v -0.8 7.2 -3.9
v -0.8 7.4 -3.9
v -0.7 2 -3.9
v -0.7 2.1 -3.9
v -0.7 2.3 -3.9
v -0.7 3.4 -3.9
v -0.7 3.5 -3.9
v -0.7 3.6 -3.9
v -0.7 5 -3.9
v -0.7 5.2 -3.9
v -0.7 5.6 -3.9
v -0.7 7.2 -3.9
v -0.7 7.4 -3.9
v -0.7 7.6 -3.9
v -0.6 1 -3.9
v -0.6 1.1 -3.9
v -0.6 2.1 -3.9
v -0.6 2.3 -3.9
v -0.6 2.4 -3.9
v -0.6 3.3 -3.9
v -0.6 3.4 -3.9
v -0.6 3.5 -3.9
v -0.6 5.2 -3.9
v -0.6 5.4 -3.9
v -0.6 5.5 -3.9
v -0.6 5.6 -3.9
v -0.6 5.9 -3.9
v -0.6 7.4 -3.9
v -0.6 7.6 -3.9
v -0.6 7.8 -3.9
v -0.6 8.2 -3.9
v -0.6 8.3 -3.9
v -0.5 1 -3.9
v -0.5 1.1 -3.9
v -0.5 1.2 -3.9
v -0.5 2 -3.9
v -0.5 2.1 -3.9
v -0.5 2.3 -3.9
v -0.5 2.4 -3.9
v -0.5 2.5 -3.9
v -0.5 3.2 -3.9
v -0.5 3.3 -3.9
v -0.5 3.4 -3.9
v -0.5 5.2 -3.9
v -0.5 5.4 -3.9
v -0.5 5.5 -3.9
v -0.5 5.6 -3.9
v -0.5 5.9 -3.9
v -0.5 6.1 -3.9
v -0.5 7.6 -3.9
v -0.5 7.8 -3.9
v -0.5 8 -3.9
v -0.5 8.1 -3.9
v -0.5 8.2 -3.9
v -0.4 1.8 -3.9
v -0.4 2 -3.9
v -0.4 2.1 -3.9
v -0.4 2.4 -3.9
v -0.4 2.5 -3.9
v -0.4 2.6 -3.9
v -0.4 5.1 -3.9
v -0.4 5.2 -3.9
v -0.4 5.4 -3.9
v -0.4 5.9 -3.9
v -0.4 6.1 -3.9
v -0.4 8 -3.9
v -0.4 8.1 -3.9
v -0.4 8.2 -3.9
v -0.4 8.3 -3.9
v -0.3 1.1 -3.9
v -0.3 1.2 -3.9
v -0.3 1.3 -3.9
v -0.3 1.7 -3.9
v -0.3 1.8 -3.9
v -0.3 2 -3.9
v -0.3 2.5 -3.9
v -0.3 2.6 -3.9
v -0.3 3.1 -3.9
v -0.3 3.2 -3.9
v -0.3 3.3 -3.9
v -0.3 3.8 -3.9
v -0.3 3.9 -3.9
v -0.3 4 -3.9
v -0.3 4.9 -3.9
v -0.3 5.1 -3.9
v -0.3 5.2 -3.9
v -0.3 7.6 -3.9
v -0.3 7.8 -3.9
v -0.3 8 -3.9
v -0.3 8.1 -3.9
v -0.2 1.6 -3.9
v -0.2 1.7 -3.9
v -0.2 1.8 -3.9
v -0.2 3 -3.9
v -0.2 3.1 -3.9
v -0.2 3.2 -3.9
v -0.2 4.7 -3.9
v -0.2 4.9 -3.9
v -0.2 5.1 -3.9
v -0.2 7.4 -3.9
v -0.2 7.6 -3.9
v -0.2 7.8 -3.9
v -0.0999999 1.2 -3.9
v -0.0999999 1.3 -3.9
v -0.0999999 1.6 -3.9
v -0.0999999 1.7 -3.9
v -0.0999999 2.9 -3.9
v -0.0999999 3 -3.9
v -0.0999999 3.1 -3.9
v -0.0999999 4.6 -3.9
v -0.0999999 4.7 -3.9
v -0.0999999 4.9 -3.9
v -0.0999999 7.2 -3.9
v -0.0999999 7.4 -3.9
v -0.0999999 7.6 -3.9
v 0 1.4 -3.9
v 0 1.6 -3.9
v 0 2.7 -3.9
v 0 2.8 -3.9
v 0 2.9 -3.9
v 0 3 -3.9
v 0 4.6 -3.9
v 0 4.7 -3.9
v 0 7 -3.9
v 0 7.2 -3.9
v 0 7.4 -3.9
v 0.1 1 -3.9
v 0.1 1.1 -3.9
v 0.1 1.3 -3.9
v 0.1 1.4 -3.9
v 0.1 2.8 -3.9
v 0.1 2.9 -3.9
v 0.1 3.9 -3.9
v 0.1 4 -3.9
v 0.1 4.1 -3.9
v 0.1 6.8 -3.9
v 0.1 7 -3.9
v 0.1 7.2 -3.9
v 0.2 1 -3.9
v 0.2 1.1 -3.9
v 0.2 1.3 -3.9
v 0.2 2.7 -3.9
v 0.2 2.8 -3.9
v 0.2 6.6 -3.9
v 0.2 6.8 -3.9
v 0.2 7 -3.9
v 0.3 1.1 -3.9
v 0.3 1.3 -3.9
v 0.3 1.5 -3.9
v 0.3 6.3 -3.9
v 0.3 6.4 -3.9
v 0.3 6.6 -3.9
v 0.3 6.8 -3.9
v 0.4 1.3 -3.9
v 0.4 1.5 -3.9
v 0.4 1.6 -3.9
v 0.4 4 -3.9
v 0.4 4.1 -3.9
v 0.4 6.4 -3.9
v 0.4 6.6 -3.9
v 0.5 1.5 -3.9
v 0.5 1.6 -3.9
v 0.5 1.8 -3.9
v 0.5 6.3 -3.9
v 0.5 6.4 -3.9
v 0.6 1.6 -3.9
v 0.6 1.8 -3.9
v 0.6 2 -3.9
v 0.7 1.8 -3.9
v 0.7 2 -3.9
v 0.7 2.1 -3.9
v 0.8 2 -3.9
v 0.8 2.1 -3.9
v 0.8 2.3 -3.9
v 0.8 9.7 -3.9
v 0.8 9.8 -3.9
v 0.8 9.9 -3.9
v 0.9 2.1 -3.9
v 0.9 2.3 -3.9
v 0.9 2.5 -3.9
v 0.9 9.6 -3.9
v 0.9 9.7 -3.9
v 0.9 9.8 -3.9
v 0.9 9.9 -3.9
v 1 2.3 -3.9
v 1 2.5 -3.9
v 1 2.6 -3.9
v 1 2.8 -3.9
v 1 3 -3.9
v 1 9.5 -3.9
v 1 9.6 -3.9
v 1 9.7 -3.9
v 1.1 2.5 -3.9
v 1.1 2.6 -3.9
v 1.1 2.8 -3.9
v 1.1 3 -3.9
v 1.1 3.3 -3.9
v 1.1 9.4 -3.9
v 1.1 9.5 -3.9
v 1.1 9.6 -3.9
v 1.2 3 -3.9
v 1.2 3.3 -3.9
v 1.2 3.5 -3.9
v 1.2 4.6 -3.9
v 1.2 4.7 -3.9
v 1.2 8.3 -3.9
v 1.2 8.4 -3.9
v 1.3 3.3 -3.9
v 1.3 3.5 -3.9
v 1.3 3.8 -3.9
v 1.3 4.6 -3.9
v 1.3 4.7 -3.9
v 1.3 4.8 -3.9
v 1.3 8.3 -3.9
v 1.3 8.4 -3.9
v 1.3 8.5 -3.9
v 1.3 8.8 -3.9
v 1.3 9.4 -3.9
v 1.3 9.5 -3.9
v 1.4 1.7 -3.9
v 1.4 1.8 -3.9
v 1.4 3.1 -3.9
v 1.4 3.2 -3.9
v 1.4 3.5 -3.9
v 1.4 3.8 -3.9
v 1.4 4.1 -3.9
v 1.4 8.4 -3.9
v 1.4 8.5 -3.9
v 1.4 8.6 -3.9
v 1.4 8.9 -3.9
v 1.4 9.2 -3.9
v 1.4 9.3 -3.9
v 1.4 9.4 -3.9
v 1.5 1.6 -3.9
v 1.5 1.7 -3.9
v 1.5 3.8 -3.9
v 1.5 4.1 -3.9
v 1.5 4.3 -3.9
v 1.5 4.7 -3.9
v 1.5 4.8 -3.9
v 1.5 4.9 -3.9
v 1.5 8.5 -3.9
v 1.5 8.6 -3.9
v 1.5 8.8 -3.9
v 1.5 8.9 -3.9
v 1.5 9.1 -3.9
v 1.5 9.2 -3.9
v 1.5 9.3 -3.9
v 1.6 1.5 -3.9
v 1.6 1.6 -3.9
v 1.6 1.8 -3.9
v 1.6 1.9 -3.9
v 1.6 4.1 -3.9
v 1.6 4.3 -3.9
v 1.6 4.8 -3.9
v 1.6 4.9 -3.9
v 1.6 5 -3.9
v 1.6 8.5 -3.9
v 1.6 8.6 -3.9
v 1.6 8.8 -3.9
v 1.6 9 -3.9
v 1.6 9.1 -3.9
v 1.6 9.2 -3.9
v 1.7 3.1 -3.9
v 1.7 3.2 -3.9
v 1.7 3.6 -3.9
v 1.7 8.5 -3.9
v 1.7 8.6 -3.9
v 1.7 8.9 -3.9
v 1.7 9 -3.9
v 1.7 9.1 -3.9
v 1.8 0.9 -3.9
v 1.8 1 -3.9
v 1.8 1.4 -3.9
v 1.8 1.5 -3.9
v 1.8 1.6 -3.9
v 1.8 1.8 -3.9
v 1.8 1.9 -3.9
v 1.8 2 -3.9
v 1.8 4.9 -3.9
v 1.8 5 -3.9
v 1.8 5.1 -3.9
v 1.9 5 -3.9
v 1.9 5.1 -3.9
v 1.9 5.2 -3.9
v 1.9 8.8 -3.9
v 1.9 8.9 -3.9
v 1.9 9 -3.9
v 2 1 -3.9
v 2 1.1 -3.9
v 2 1.3 -3.9
v 2 1.4 -3.9
v 2 1.5 -3.9
v 2 1.9 -3.9
v 2 2 -3.9
v 2 2.1 -3.9
v 2 5.1 -3.9
v 2 5.2 -3.9
v 2 5.3 -3.9
v 2 8.7 -3.9
v 2 8.8 -3.9
v 2 8.9 -3.9
v 2.1 0.9 -3.9
v 2.1 1 -3.9
v 2.1 1.1 -3.9
v 2.1 1.2 -3.9
v 2.1 6.1 -3.9
v 2.1 6.2 -3.9
v 2.1 8.6 -3.9
v 2.1 8.7 -3.9
v 2.1 8.8 -3.9
v 2.2 1.2 -3.9
v 2.2 1.3 -3.9
v 2.2 1.4 -3.9
v 2.2 2 -3.9
v 2.2 2.1 -3.9
v 2.2 2.2 -3.9
v 2.2 3.2 -3.9
v 2.2 3.3 -3.9
v 2.2 5.2 -3.9
v 2.2 5.3 -3.9
v 2.2 5.4 -3.9
v 2.2 6 -3.9
v 2.2 6.1 -3.9
v 2.2 6.2 -3.9
v 2.2 8.5 -3.9
v 2.2 8.6 -3.9
v 2.2 8.7 -3.9
v 2.3 1.1 -3.9
v 2.3 1.3 -3.9
v 2.3 4.3 -3.9
v 2.3 4.4 -3.9
v 2.3 5.3 -3.9
v 2.3 5.4 -3.9
v 2.3 5.5 -3.9
v 2.3 5.9 -3.9
v 2.3 6 -3.9
v 2.3 6.1 -3.9
v 2.3 8.4 -3.9
v 2.3 8.5 -3.9
v 2.3 8.6 -3.9
v 2.4 2.1 -3.9
v 2.4 2.2 -3.9
v 2.4 2.3 -3.9
v 2.4 2.4 -3.9
v 2.4 2.5 -3.9
v 2.4 4.2 -3.9
v 2.4 4.3 -3.9
v 2.4 4.4 -3.9
v 2.4 5.8 -3.9
v 2.4 5.9 -3.9
v 2.4 6 -3.9
v 2.5 2.3 -3.9
v 2.5 2.4 -3.9
v 2.5 2.5 -3.9
v 2.5 4 -3.9
v 2.5 4.2 -3.9
v 2.5 4.3 -3.9
v 2.5 5.4 -3.9
v 2.5 5.5 -3.9
v 2.5 5.8 -3.9
v 2.5 5.9 -3.9
v 2.5 8.3 -3.9
v 2.5 8.4 -3.9
v 2.5 8.5 -3.9
v 2.6 2.1 -3.9
v 2.6 2.2 -3.9
v 2.6 2.3 -3.9
v 2.6 2.4 -3.9
v 2.6 3.9 -3.9
v 2.6 4 -3.9
v 2.6 4.2 -3.9
v 2.6 5.6 -3.9
v 2.6 5.8 -3.9
v 2.6 8.2 -3.9
v 2.6 8.3 -3.9
v 2.6 8.4 -3.9
v 2.7 2 -3.9
v 2.7 2.1 -3.9
v 2.7 2.2 -3.9
v 2.7 3.8 -3.9
v 2.7 3.9 -3.9
v 2.7 4 -3.9
v 2.7 5.4 -3.9
v 2.7 5.5 -3.9
v 2.7 5.6 -3.9
v 2.7 8.2 -3.9
v 2.7 8.3 -3.9
v 2.8 1.9 -3.9
v 2.8 2 -3.9
v 2.8 2.1 -3.9
v 2.8 2.2 -3.9
v 2.8 2.3 -3.9
v 2.8 2.4 -3.9
v 2.8 3.7 -3.9
v 2.8 3.8 -3.9
v 2.8 3.9 -3.9
v 2.8 5.3 -3.9
v 2.8 5.4 -3.9
v 2.8 5.5 -3.9
v 2.9 1.7 -3.9
v 2.9 1.9 -3.9
v 2.9 2 -3.9
v 2.9 3.6 -3.9
v 2.9 3.7 -3.9
v 2.9 3.8 -3.9
v 2.9 5.2 -3.9
v 2.9 5.3 -3.9
v 2.9 5.4 -3.9
v 2.9 6.3 -3.9
v 2.9 6.4 -3.9
v 2.9 6.6 -3.9
v 2.9 8.8 -3.9
v 2.9 8.9 -3.9
v 2.9 9.7 -3.9
v 2.9 9.8 -3.9
v 3 1.6 -3.9
v 3 1.7 -3.9
v 3 1.9 -3.9
v 3 2.3 -3.9
v 3 2.4 -3.9
v 3 2.5 -3.9
v 3 3.3 -3.9
v 3 3.4 -3.9
v 3 3.6 -3.9
v 3 3.7 -3.9
v 3 5.1 -3.9
v 3 5.2 -3.9
v 3 5.3 -3.9
v 3 6.3 -3.9
v 3 6.4 -3.9
v 3 6.6 -3.9
v 3 6.8 -3.9
v 3 8.8 -3.9
v 3 8.9 -3.9
v 3 9.1 -3.9
v 3 9.6 -3.9
v 3 9.7 -3.9
v 3 9.8 -3.9
v 3.1 1.5 -3.9
v 3.1 1.6 -3.9
v 3.1 1.7 -3.9
v 3.1 3.3 -3.9
v 3.1 3.4 -3.9
v 3.1 3.6 -3.9
v 3.1 5.1 -3.9
v 3.1 5.2 -3.9
v 3.1 5.3 -3.9
v 3.1 6.6 -3.9
v 3.1 6.8 -3.9
v 3.1 6.9 -3.9
v 3.1 8.8 -3.9
v 3.1 8.9 -3.9
v 3.1 9 -3.9
v 3.1 9.1 -3.9
v 3.1 9.3 -3.9
v 3.1 9.4 -3.9
v 3.1 9.6 -3.9
v 3.1 9.7 -3.9
v 3.2 1.3 -3.9
v 3.2 1.5 -3.9
v 3.2 1.6 -3.9
v 3.2 2.4 -3.9
v 3.2 2.5 -3.9
v 3.2 2.6 -3.9
v 3.2 3.2 -3.9
v 3.2 3.3 -3.9
v 3.2 3.4 -3.9
v 3.2 6.8 -3.9
v 3.2 6.9 -3.9
v 3.2 7 -3.9
v 3.2 8.6 -3.9
v 3.2 8.8 -3.9
v 3.2 9 -3.9
v 3.2 9.1 -3.9
v 3.2 9.3 -3.9
v 3.2 9.4 -3.9
v 3.2 9.6 -3.9
v 3.3 1.2 -3.9
v 3.3 1.3 -3.9
v 3.3 1.5 -3.9
v 3.3 3.1 -3.9
v 3.3 3.2 -3.9
v 3.3 3.3 -3.9
v 3.3 6.9 -3.9
v 3.3 7 -3.9
v 3.3 7.2 -3.9
v 3.3 8.1 -3.9
v 3.3 8.2 -3.9
v 3.3 8.6 -3.9
v 3.3 8.8 -3.9
v 3.3 9.2 -3.9
v 3.3 9.3 -3.9
v 3.3 9.4 -3.9
v 3.4 1.1 -3.9
v 3.4 1.2 -3.9
v 3.4 1.3 -3.9
v 3.4 2.5 -3.9
v 3.4 2.6 -3.9
v 3.4 3.1 -3.9
v 3.4 3.2 -3.9
v 3.4 5.1 -3.9
v 3.4 5.2 -3.9
v 3.4 5.3 -3.9
v 3.4 7 -3.9
v 3.4 7.2 -3.9
v 3.4 7.3 -3.9
v 3.4 7.6 -3.9
v 3.4 8 -3.9
v 3.4 8.1 -3.9
v 3.4 8.2 -3.9
v 3.4 8.6 -3.9
v 3.4 9.1 -3.9
v 3.4 9.2 -3.9
v 3.4 9.3 -3.9
v 3.5 1.1 -3.9
v 3.5 1.2 -3.9
v 3.5 6.1 -3.9
v 3.5 6.2 -3.9
v 3.5 6.3 -3.9
v 3.5 7.3 -3.9
v 3.5 7.6 -3.9
v 3.5 8 -3.9
v 3.5 8.1 -3.9
v 3.6 5 -3.9
v 3.6 5.1 -3.9
v 3.6 6 -3.9
v 3.6 6.1 -3.9
v 3.6 6.2 -3.9
v 3.6 7.2 -3.9
v 3.6 7.6 -3.9
v 3.6 9 -3.9
v 3.6 9.1 -3.9
v 3.6 9.2 -3.9
v 3.7 5 -3.9
v 3.7 5.1 -3.9
v 3.7 5.9 -3.9
v 3.7 6 -3.9
v 3.7 6.1 -3.9
v 3.7 6.2 -3.9
v 3.7 6.3 -3.9
v 3.7 8.9 -3.9
v 3.7 9 -3.9
v 3.7 9.1 -3.9
v 3.7 9.8 -3.9
v 3.8 5.1 -3.9
v 3.8 5.2 -3.9
v 3.8 5.4 -3.9
v 3.8 5.8 -3.9
v 3.8 5.9 -3.9
v 3.8 6 -3.9
v 3.8 8.9 -3.9
v 3.8 9 -3.9
v 3.8 9.1 -3.9
v 3.9 5.2 -3.9
v 3.9 5.4 -3.9
v 3.9 5.6 -3.9
v 3.9 5.7 -3.9
v 3.9 5.8 -3.9
v 3.9 9 -3.9
v 3.9 9.8 -3.9
v 4 1 -3.9
v 4 2.6 -3.9
v 4 2.8 -3.9
v 4 4.4 -3.9
v 4 4.6 -3.9
v 4 5.4 -3.9
v 4 5.6 -3.9
v 4 5.7 -3.9
v 4 5.9 -3.9
v 4 6.2 -3.9
v 4 6.4 -3.9
v 4 8 -3.9
v 4 8.2 -3.9
v 4 8.9 -3.9
v 4 9 -3.9
v 4 9.8 -3.9
v -4 0.4 -4
v -4 1 -4
v -4 2.6 -4
v -4 2.8 -4
v -4 4.4 -4
v -4 4.6 -4
v -4 6.2 -4
v -4 6.4 -4
v -4 8 -4
v -4 8.2 -4
v -4 9.8 -4
v -4 10 -4
v -4 10.1 -4
v -4 10.2 -4
v -3.8 9.9 -4
v -3.8 10 -4
v -3.8 10.1 -4
v -3.7 0.9 -4
v -3.7 1 -4
v -3.6 9.8 -4
v -3.6 9.9 -4
v -3.6 10 -4
v -3.5 0.8 -4
v -3.5 0.9 -4
v -3.5 1 -4
v -3.4 0.8 -4
v -3.4 0.9 -4
v -3.4 8 -4
v -3.4 8.1 -4
v -3.4 9.8 -4
v -3.4 9.9 -4
v -3.3 0.9 -4
v -3.3 1 -4
v -3.3 8 -4
v -3.3 8.1 -4
v -3.3 8.2 -4
v -3.1 0.9 -4
v -3.1 1 -4
v -2.9 8.1 -4
v -2.9 8.2 -4
v -2.7 6.2 -4
v -2.7 6.3 -4
v -2.5 6.2 -4
v -2.5 6.3 -4
v -2.5 6.4 -4
v -2.4 0.9 -4
v -2.4 1 -4
v -2.2 0.9 -4
v -2.2 1 -4
v -2.2 6.3 -4
v -2.2 6.4 -4
v -1.8 4.5 -4
v -1.8 4.6 -4
v -1.7 4.4 -4
v -1.7 4.5 -4
v -1.7 4.6 -4
v -1.6 4.4 -4
v -1.6 4.5 -4
v -1.5 9.8 -4
v -1.5 9.9 -4
v -1.4 9.8 -4
v -1.4 9.9 -4
v -1.4 10 -4
v -1.2 9.9 -4
v -1.2 10 -4
v -0.5 8.1 -4
v -0.5 8.2 -4
v -0.4 8 -4
v -0.4 8.1 -4
v -0.4 8.2 -4
v -0.3 8 -4
v -0.3 8.1 -4
v 0 2.7 -4
v 0 2.8 -4
v 0.2 2.7 -4
v 0.2 2.8 -4
v 0.3 6.3 -4
v 0.3 6.4 -4
v 0.5 6.3 -4
v 0.5 6.4 -4
v 0.8 9.8 -4
v 0.8 9.9 -4
v 0.9 9.8 -4
v 0.9 9.9 -4
v 1.8 0.9 -4
v 1.8 1 -4
v 2.1 0.9 -4
v 2.1 1 -4
v 2.9 6.3 -4
v 2.9 6.4 -4
v 3 6.3 -4
v 3 6.4 -4
v 3.3 8.1 -4
v 3.3 8.2 -4
v 3.4 8 -4
v 3.4 8.1 -4
v 3.4 8.2 -4
v 3.5 6.2 -4
v 3.5 6.3 -4
v 3.5 8 -4
v 3.5 8.1 -4
v 3.7 6.2 -4
v 3.7 6.3 -4
v 4.1 0.4 -4
v 4.1 1 -4
v 4.1 2.6 -4
v 4.1 2.8 -4
v 4.1 4.4 -4
v 4.1 4.6 -4
v 4.1 6.2 -4
v 4.1 6.4 -4
v 4.1 8 -4
v 4.1 8.2 -4
v 4.1 9.8 -4
v 4.1 10.2 -4
v -5 0 -5
v -5 0.4 -5
v 5.1 0 -5
v 5.1 0.4 -5
v -5 0 5
v 5.1 0 5
v -4.9 0 4.9
v 4.9 0 4.9
v -4.9 0 -4.6
v 4.6 0 -4.6
v 4.6 0 -4.9
v 4.9 0 -4.9
v -5 0 -5
v 5.1 0 -5
v -0.3 0.5 3
v 0.2 0.5 3
v -0.3 0.5 2.9
v 0.2 0.5 2.9
v -3.9 0.6 -2.3
v -3.8 0.6 -2.3
v -3.9 0.6 -2.4
v -3.8 0.6 -2.4
v -2.6 0.7 3.1
v -2.4 0.7 3.1
v -2.6 0.7 3
v -2.4 0.7 3
v -4 0.7 -2.4
v -3.9 0.7 -2.4
v -4 0.7 -2.5
v -3.9 0.7 -2.5
v -3.2 0.8 3.1
v -3.1 0.8 3.1
v -2.9 0.8 3.1
v -2.8 0.8 3.1
v -2.7 0.8 3.1
v -2.6 0.8 3.1
v -3.2 0.8 3
v -3.1 0.8 3
v -2.9 0.8 3
v -2.8 0.8 3
v -2.7 0.8 3
v -2.6 0.8 3
v -4 0.8 -2.3
v -3.9 0.8 -2.3
v -4 0.8 -2.4
v -3.9 0.8 -2.4
v -4 0.8 -2.5
v -3.9 0.8 -2.5
v -4 0.8 -2.6
v -3.9 0.8 -2.6
v -0.4 0.9 3.5
v -0.3 0.9 3.5
v -0.4 0.9 3.4
v -0.3 0.9 3.4
v -2.8 0.9 3.1
v -2.7 0.9 3.1
v -2.8 0.9 3
v -2.7 0.9 3
v -4 0.9 -2.6
v -3.9 0.9 -2.6
v -4 0.9 -2.7
v -3.9 0.9 -2.7
v -3.5 0.9 -3.9
v -3.4 0.9 -3.9
v -3.5 0.9 -4
v -3.4 0.9 -4
v -4 1.1 4.2
v -3.4 1.1 4.2
v -1.6 1.1 4.2
v -1 1.1 4.2
v 1.1 1.1 4.2
v 1.7 1.1 4.2
v 3.5 1.1 4.2
v 4.1 1.1 4.2
v -3.8 1.1 4
v -3.6 1.1 4
v -1.4 1.1 4
v -1.2 1.1 4
v 1.3 1.1 4
v 1.5 1.1 4
v 3.7 1.1 4
v 3.9 1.1 4
v -3.8 1.1 3.8
v -3.6 1.1 3.8
v -1.4 1.1 3.8
v -1.2 1.1 3.8
v 1.3 1.1 3.8
v 1.5 1.1 3.8
v 3.7 1.1 3.8
v 3.9 1.1 3.8
v -4 1.1 3.6
v -3.4 1.1 3.6
v -1.6 1.1 3.6
v -1 1.1 3.6
v 1.1 1.1 3.6
v 1.7 1.1 3.6
v 3.5 1.1 3.6
v 4.1 1.1 3.6
v -3.2 1.1 3
v -1.5 1.1 3
v 1.6 1.1 3
v 3.4 1.1 3
v -3.2 1.1 2.9
v -1.5 1.1 2.9
v 0.8 1.1 2.9
v 0.9 1.1 2.9
v 1.6 1.1 2.9
v 3.4 1.1 2.9
v 0.8 1.1 2.8
v 0.9 1.1 2.8
v -0.6 1.1 -3.8
v -0.5 1.1 -3.8
v 0.1 1.1 -3.8
v 0.2 1.1 -3.8
v 2 1.1 -3.8
v 2.1 1.1 -3.8
v -0.6 1.1 -3.9
v -0.5 1.1 -3.9
v 0.1 1.1 -3.9
v 0.2 1.1 -3.9
v 2 1.1 -3.9
v 2.1 1.1 -3.9
v -1 1.2 2.9
v -0.9 1.2 2.9
v -1 1.2 2.8
v -0.9 1.2 2.8
v -3.9 1.2 2.5
v -3.8 1.2 2.5
v -3.9 1.2 2.4
v -3.8 1.2 2.4
v -3.9 1.2 -0.7
v -3.8 1.2 -0.7
v -3.9 1.2 -0.8
v -3.8 1.2 -0.8
v 3.9 1.2 -2.1
v 4 1.2 -2.1
v 3.9 1.2 -2.2
v 4 1.2 -2.2
v -3.3 1.2 -3.8
v -3.2 1.2 -3.8
v -2.4 1.2 -3.8
v -2.3 1.2 -3.8
v -0.5 1.2 -3.8
v -0.3 1.2 -3.8
v 2.1 1.2 -3.8
v 2.2 1.2 -3.8
v 3.4 1.2 -3.8
v 3.5 1.2 -3.8
v -3.3 1.2 -3.9
v -3.2 1.2 -3.9
v -2.4 1.2 -3.9
v -2.3 1.2 -3.9
v -0.5 1.2 -3.9
v -0.3 1.2 -3.9
v 2.1 1.2 -3.9
v 2.2 1.2 -3.9
v 3.4 1.2 -3.9
v 3.5 1.2 -3.9
v 0.9 1.3 2.9
v 1 1.3 2.9
v 3.9 1.3 2.9
v 4 1.3 2.9
v 0.9 1.3 2.8
v 1 1.3 2.8
v 3.9 1.3 2.8
v 4 1.3 2.8
v -3.9 1.3 2.4
v -3.8 1.3 2.4
v -3.9 1.3 2.3
v -3.8 1.3 2.3
v -3.9 1.3 -1.4
v -3.8 1.3 -1.4
v -3.9 1.3 -1.5
v -3.8 1.3 -1.5
v -3.9 1.3 -2.7
v -3.8 1.3 -2.7
v -3.9 1.3 -2.8
v -3.8 1.3 -2.8
v 3.9 1.3 -2.9
v 4 1.3 -2.9
v 3.9 1.3 -3
v 4 1.3 -3
v -0.3 1.3 -3.8
v -0.0999999 1.3 -3.8
v 0.2 1.3 -3.8
v 0.3 1.3 -3.8
v 2.2 1.3 -3.8
v 2.3 1.3 -3.8
v 3.3 1.3 -3.8
v 3.4 1.3 -3.8
v -0.3 1.3 -3.9
v -0.0999999 1.3 -3.9
v 0.2 1.3 -3.9
v 0.3 1.3 -3.9
v 2.2 1.3 -3.9
v 2.3 1.3 -3.9
v 3.3 1.3 -3.9
v 3.4 1.3 -3.9
v -3.3 1.4 2.9
v -3.2 1.4 2.9
v 1 1.4 2.9
v 1.1 1.4 2.9
v -3.3 1.4 2.8
v -3.2 1.4 2.8
v 1 1.4 2.8
v 1.1 1.4 2.8
v -3.9 1.4 2.3
v -3.8 1.4 2.3
v -3.9 1.4 2.1
v -3.8 1.4 2.1
v 3.9 1.4 0
v 4 1.4 0
v 3.9 1.4 -0.1
v 4 1.4 -0.1
v -3.9 1.4 -0.6
v -3.8 1.4 -0.6
v -3.9 1.4 -0.7
v -3.8 1.4 -0.7
v -3.4 1.4 -3.8
v -3.3 1.4 -3.8
v -2.5 1.4 -3.8
v -2.4 1.4 -3.8
v 0 1.4 -3.8
v 0.1 1.4 -3.8
v 2 1.4 -3.8
v 2.2 1.4 -3.8
v -3.4 1.4 -3.9
v -3.3 1.4 -3.9
v -2.5 1.4 -3.9
v -2.4 1.4 -3.9
v 0 1.4 -3.9
v 0.1 1.4 -3.9
v 2 1.4 -3.9
v 2.2 1.4 -3.9
v -0.9 1.5 2.9
v -0.8 1.5 2.9
v 1.1 1.5 2.9
v 1.2 1.5 2.9
v -0.9 1.5 2.8
v -0.8 1.5 2.8
v 1.1 1.5 2.8
v 1.2 1.5 2.8
v 3.9 1.5 2.8
v 4 1.5 2.8
v 3.9 1.5 2.7
v 4 1.5 2.7
v -3.9 1.5 2.1
v -3.8 1.5 2.1
v -3.9 1.5 2
v -3.8 1.5 2
v -3.9 1.5 -0.5
v -3.8 1.5 -0.5
v -3.9 1.5 -0.6
v -3.8 1.5 -0.6
v 3.9 1.5 -2.8
v 4 1.5 -2.8
v 3.9 1.5 -2.9
v 4 1.5 -2.9
v 0.3 1.5 -3.8
v 0.4 1.5 -3.8
v 1.8 1.5 -3.8
v 2 1.5 -3.8
v 3.2 1.5 -3.8
v 3.3 1.5 -3.8
v 0.3 1.5 -3.9
v 0.4 1.5 -3.9
v 1.8 1.5 -3.9
v 2 1.5 -3.9
v 3.2 1.5 -3.9
v 3.3 1.5 -3.9
v -3.4 1.6 2.9
v -3.3 1.6 2.9
v -3.4 1.6 2.8
v -3.3 1.6 2.8
v 3.9 1.6 2.7
v 4 1.6 2.7
v 3.9 1.6 2.6
v 4 1.6 2.6
v -3.9 1.6 -0.4
v -3.8 1.6 -0.4
v -3.9 1.6 -0.5
v -3.8 1.6 -0.5
v -3.5 1.6 -3.8
v -3.4 1.6 -3.8
v -2.6 1.6 -3.8
v -2.5 1.6 -3.8
v -0.0999999 1.6 -3.8
v 0 1.6 -3.8
v 0.4 1.6 -3.8
v 0.5 1.6 -3.8
v 1.6 1.6 -3.8
v 1.8 1.6 -3.8
v 3.1 1.6 -3.8
v 3.2 1.6 -3.8
v -3.5 1.6 -3.9
v -3.4 1.6 -3.9
v -2.6 1.6 -3.9
v -2.5 1.6 -3.9
v -0.0999999 1.6 -3.9
v 0 1.6 -3.9
v 0.4 1.6 -3.9
v 0.5 1.6 -3.9
v 1.6 1.6 -3.9
v 1.8 1.6 -3.9
v 3.1 1.6 -3.9
v 3.2 1.6 -3.9
v 1.2 1.7 2.9
v 1.3 1.7 2.9
v 1.2 1.7 2.8
v 1.3 1.7 2.8
v 3.9 1.7 -2.2
v 4 1.7 -2.2
v 3.9 1.7 -2.3
v 4 1.7 -2.3
v -3.9 1.7 -2.6
v -3.8 1.7 -2.6
v -3.9 1.7 -2.7
v -3.8 1.7 -2.7
v 3.9 1.7 -2.7
v 4 1.7 -2.7
v 3.9 1.7 -2.8
v 4 1.7 -2.8
v -0.2 1.7 -3.8
v -0.0999999 1.7 -3.8
v 3 1.7 -3.8
v 3.1 1.7 -3.8
v -0.2 1.7 -3.9
v -0.0999999 1.7 -3.9
v 3 1.7 -3.9
v 3.1 1.7 -3.9
v -3.5 1.8 2.9
v -3.4 1.8 2.9
v -0.8 1.8 2.9
v -0.7 1.8 2.9
v 1.3 1.8 2.9
v 1.4 1.8 2.9
v -3.5 1.8 2.8
v -3.4 1.8 2.8
v -0.8 1.8 2.8
v -0.7 1.8 2.8
v 1.3 1.8 2.8
v 1.4 1.8 2.8
v 3.9 1.8 2.6
v 4 1.8 2.6
v 3.9 1.8 2.5
v 4 1.8 2.5
v 3.9 1.8 -0.1
v 4 1.8 -0.1
v 3.9 1.8 -0.2
v 4 1.8 -0.2
v -3.9 1.8 -1.5
v -3.8 1.8 -1.5
v -3.9 1.8 -1.6
v -3.8 1.8 -1.6
v -3.6 1.8 -3.8
v -3.5 1.8 -3.8
v -2.7 1.8 -3.8
v -2.5 1.8 -3.8
v -0.3 1.8 -3.8
v -0.2 1.8 -3.8
v 0.5 1.8 -3.8
v 0.6 1.8 -3.8
v 1.4 1.8 -3.8
v 1.6 1.8 -3.8
v -3.6 1.8 -3.9
v -3.5 1.8 -3.9
v -2.7 1.8 -3.9
v -2.5 1.8 -3.9
v -0.3 1.8 -3.9
v -0.2 1.8 -3.9
v 0.5 1.8 -3.9
v 0.6 1.8 -3.9
v 1.4 1.8 -3.9
v 1.6 1.8 -3.9
v 3.9 1.9 2.5
v 4 1.9 2.5
v 3.9 1.9 2.4
v 4 1.9 2.4
v -3.9 1.9 2
v -3.8 1.9 2
v -3.9 1.9 1.9
v -3.8 1.9 1.9
v 3.9 1.9 0
v 4 1.9 0
v 3.9 1.9 -0.1
v 4 1.9 -0.1
v -3.9 1.9 -0.2
v -3.8 1.9 -0.2
v -3.9 1.9 -0.4
v -3.8 1.9 -0.4
v 3.9 1.9 -2.5
v 4 1.9 -2.5
v 3.9 1.9 -2.7
v 4 1.9 -2.7
v -3.7 1.9 -3.8
v -3.6 1.9 -3.8
v -2.5 1.9 -3.8
v -2.2 1.9 -3.8
v -1 1.9 -3.8
v -0.9 1.9 -3.8
v 1.6 1.9 -3.8
v 1.8 1.9 -3.8
v 2.9 1.9 -3.8
v 3 1.9 -3.8
v -3.7 1.9 -3.9
v -3.6 1.9 -3.9
v -2.5 1.9 -3.9
v -2.2 1.9 -3.9
v -1 1.9 -3.9
v -0.9 1.9 -3.9
v 1.6 1.9 -3.9
v 1.8 1.9 -3.9
v 2.9 1.9 -3.9
v 3 1.9 -3.9
v -3.6 2 2.9
v -3.5 2 2.9
v -0.7 2 2.9
v -0.6 2 2.9
v -3.6 2 2.8
v -3.5 2 2.8
v -0.7 2 2.8
v -0.6 2 2.8
v 3.9 2 2.4
v 4 2 2.4
v 3.9 2 2.3
v 4 2 2.3
v 3.9 2 0.0999999
v 4 2 0.0999999
v 3.9 2 0
v 4 2 0
v 3.9 2 -2.4
v 4 2 -2.4
v 3.9 2 -2.5
v 4 2 -2.5
v -0.9 2 -3.8
v -0.8 2 -3.8
v -0.4 2 -3.8
v -0.3 2 -3.8
v 0.6 2 -3.8
v 0.7 2 -3.8
v 1.8 2 -3.8
v 2 2 -3.8
v 2.8 2 -3.8
v 2.9 2 -3.8
v -0.9 2 -3.9
v -0.8 2 -3.9
v -0.4 2 -3.9
v -0.3 2 -3.9
v 0.6 2 -3.9
v 0.7 2 -3.9
v 1.8 2 -3.9
v 2 2 -3.9
v 2.8 2 -3.9
v 2.9 2 -3.9
v 3.9 2.1 0.3
v 4 2.1 0.3
v 3.9 2.1 0.0999999
v 4 2.1 0.0999999
v -3.9 2.1 -0.1
v -3.8 2.1 -0.1
v -3.9 2.1 -0.2
v -3.8 2.1 -0.2
v -3.9 2.1 -0.4
v -3.8 2.1 -0.4
v -3.9 2.1 -0.5
v -3.8 2.1 -0.5
v 3.9 2.1 -2.3
v 4 2.1 -2.3
v 3.9 2.1 -2.4
v 4 2.1 -2.4
v -3.9 2.1 -2.5
v -3.8 2.1 -2.5
v -3.9 2.1 -2.6
v -3.8 2.1 -2.6
v -2.2 2.1 -3.8
v -2.1 2.1 -3.8
v -0.8 2.1 -3.8
v -0.7 2.1 -3.8
v -0.5 2.1 -3.8
v -0.4 2.1 -3.8
v 0.7 2.1 -3.8
v 0.8 2.1 -3.8
v 2 2.1 -3.8
v 2.2 2.1 -3.8
v 2.7 2.1 -3.8
v 2.8 2.1 -3.8
v -2.2 2.1 -3.9
v -2.1 2.1 -3.9
v -0.8 2.1 -3.9
v -0.7 2.1 -3.9
v -0.5 2.1 -3.9
v -0.4 2.1 -3.9
v 0.7 2.1 -3.9
v 0.8 2.1 -3.9
v 2 2.1 -3.9
v 2.2 2.1 -3.9
v 2.7 2.1 -3.9
v 2.8 2.1 -3.9
v -3.7 2.2 2.9
v -3.6 2.2 2.9
v -3.7 2.2 2.8
v -3.6 2.2 2.8
v 3.9 2.2 2.3
v 4 2.2 2.3
v 3.9 2.2 2.2
v 4 2.2 2.2
v 3.9 2.2 0.4
v 4 2.2 0.4
v 3.9 2.2 0.3
v 4 2.2 0.3
v -3.9 2.2 0
v -3.8 2.2 0
v -3.9 2.2 -0.1
v -3.8 2.2 -0.1
v -3.9 2.2 -0.5
v -3.8 2.2 -0.5
v -3.9 2.2 -0.6
v -3.8 2.2 -0.6
v 3.9 2.2 -2.2
v 4 2.2 -2.2
v 3.9 2.2 -2.3
v 4 2.2 -2.3
v 2.6 2.2 -3.7
v 2.7 2.2 -3.7
v 2.2 2.2 -3.8
v 2.4 2.2 -3.8
v 2.6 2.2 -3.8
v 2.7 2.2 -3.8
v 2.2 2.2 -3.9
v 2.4 2.2 -3.9
v -3.2 2.3 2.9
v -1.6 2.3 2.9
v 1.7 2.3 2.9
v 3.4 2.3 2.9
v -3.2 2.3 2.8
v -1.6 2.3 2.8
v 1.7 2.3 2.8
v 3.3 2.3 2.8
v 3.4 2.3 2.8
v 3.9 2.3 2.2
v 4 2.3 2.2
v -3.9 2.3 2.1
v -3.8 2.3 2.1
v 3.9 2.3 2.1
v 4 2.3 2.1
v -3.9 2.3 2
v -3.8 2.3 2
v -3.9 2.3 0.0999999
v -3.8 2.3 0.0999999
v -3.9 2.3 0
v -3.8 2.3 0
v -3.9 2.3 -1.6
v -3.8 2.3 -1.6
v -3.9 2.3 -1.7
v -3.8 2.3 -1.7
v 3.9 2.3 -2.1
v 4 2.3 -2.1
v 3.9 2.3 -2.2
v 4 2.3 -2.2
v -3.9 2.3 -2.3
v -3.8 2.3 -2.3
v -3.9 2.3 -2.4
v -3.8 2.3 -2.4
v -2.3 2.3 -3.8
v -2.2 2.3 -3.8
v -0.7 2.3 -3.8
v -0.6 2.3 -3.8
v 0.8 2.3 -3.8
v 0.9 2.3 -3.8
v 2.4 2.3 -3.8
v 2.5 2.3 -3.8
v 2.6 2.3 -3.8
v 2.8 2.3 -3.8
v -2.3 2.3 -3.9
v -2.2 2.3 -3.9
v -0.7 2.3 -3.9
v -0.6 2.3 -3.9
v 0.8 2.3 -3.9
v 0.9 2.3 -3.9
v 2.4 2.3 -3.9
v 2.5 2.3 -3.9
v 2.6 2.3 -3.9
v 2.8 2.3 -3.9
v -3.8 2.4 2.9
v -3.7 2.4 2.9
v -0.4 2.4 2.9
v 0.5 2.4 2.9
v -3.8 2.4 2.8
v -3.7 2.4 2.8
v -0.4 2.4 2.7
v 0.5 2.4 2.7
v 3.9 2.4 0.5
v 4 2.4 0.5
v 3.9 2.4 0.4
v 4 2.4 0.4
v -3.9 2.4 -0.6
v -3.8 2.4 -0.6
v -3.9 2.4 -0.7
v -3.8 2.4 -0.7
v 3.9 2.4 -2
v 4 2.4 -2
v 3.9 2.4 -2.1
v 4 2.4 -2.1
v -3.9 2.4 -2.4
v -3.8 2.4 -2.4
v -3.9 2.4 -2.5
v -3.8 2.4 -2.5
v -0.6 2.4 -3.8
v -0.5 2.4 -3.8
v 2.5 2.4 -3.8
v 2.6 2.4 -3.8
v 2.8 2.4 -3.8
v 3 2.4 -3.8
v -0.6 2.4 -3.9
v -0.5 2.4 -3.9
v 2.5 2.4 -3.9
v 2.6 2.4 -3.9
v 2.8 2.4 -3.9
v 3 2.4 -3.9
v -0.6 2.5 3.2
v 0.7 2.5 3.2
v -0.6 2.5 2.9
v 0.7 2.5 2.9
v 3.9 2.5 2.1
v 4 2.5 2.1
v 3.9 2.5 2
v 4 2.5 2
v 3.9 2.5 0.6
v 4 2.5 0.6
v 3.9 2.5 0.5
v 4 2.5 0.5
v -3.9 2.5 0.2
v -3.8 2.5 0.2
v -3.9 2.5 0.0999999
v -3.8 2.5 0.0999999
v -3.9 2.5 -0.7
v -3.8 2.5 -0.7
v -3.9 2.5 -0.8
v -3.8 2.5 -0.8
v 3.9 2.5 -1.9
v 4 2.5 -1.9
v 3.9 2.5 -2
v 4 2.5 -2
v -3.9 2.5 -2.5
v -3.8 2.5 -2.5
v -3.9 2.5 -2.6
v -3.8 2.5 -2.6
v 3.9 2.5 -3.7
v 4 2.5 -3.7
v -3.6 2.5 -3.8
v -3.5 2.5 -3.8
v -2.4 2.5 -3.8
v -2.3 2.5 -3.8
v -0.5 2.5 -3.8
v -0.4 2.5 -3.8
v 0.9 2.5 -3.8
v 1 2.5 -3.8
v 2.4 2.5 -3.8
v 2.5 2.5 -3.8
v 3 2.5 -3.8
v 3.2 2.5 -3.8
v 3.9 2.5 -3.8
v 4 2.5 -3.8
v -3.6 2.5 -3.9
v -3.5 2.5 -3.9
v -2.4 2.5 -3.9
v -2.3 2.5 -3.9
v -0.5 2.5 -3.9
v -0.4 2.5 -3.9
v 0.9 2.5 -3.9
v 1 2.5 -3.9
v 2.4 2.5 -3.9
v 2.5 2.5 -3.9
v 3 2.5 -3.9
v 3.2 2.5 -3.9
v -0.7 2.6 3.3
v 0.8 2.6 3.3
v -0.6 2.6 3.2
v 0.7 2.6 3.2
v -4 2.6 3
v -3.9 2.6 3
v -3.8 2.6 3
v -0.7 2.6 3
v 0.8 2.6 3
v 3.5 2.6 3
v 3.6 2.6 3
v 3.7 2.6 3
v -3.9 2.6 2.9
v -3.8 2.6 2.9
v -0.6 2.6 2.9
v 0.7 2.6 2.9
v 3.4 2.6 2.9
v 3.5 2.6 2.9
v 3.6 2.6 2.9
v 3.7 2.6 2.9
v 4 2.6 2.9
v 4.1 2.6 2.9
v -3.9 2.6 2.8
v -3.8 2.6 2.8
v 3.4 2.6 2.8
v 3.5 2.6 2.8
v -3.9 2.6 2.7
v 4 2.6 2.7
v -4 2.6 2.3
v -3.9 2.6 2.3
v -4 2.6 2.2
v -3.9 2.6 2.2
v -3.8 2.6 2.2
v -3.9 2.6 2.1
v -3.8 2.6 2.1
v 4 2.6 2.1
v 4.1 2.6 2.1
v 3.9 2.6 2
v 4 2.6 2
v 4.1 2.6 2
v 3.9 2.6 1.9
v 4 2.6 1.9
v 4 2.6 0.8
v 4.1 2.6 0.8
v 4 2.6 0.7
v 4.1 2.6 0.7
v -3.9 2.6 0.3
v -3.8 2.6 0.3
v -3.9 2.6 0.2
v -3.8 2.6 0.2
v -4 2.6 -0.8
v -3.9 2.6 -0.8
v -4 2.6 -0.9
v -3.9 2.6 -0.9
v -4 2.6 -1.7
v -3.9 2.6 -1.7
v -3.8 2.6 -1.7
v -4 2.6 -1.8
v -3.9 2.6 -1.8
v -3.8 2.6 -1.8
v -4 2.6 -2.5
v -3.9 2.6 -2.5
v -4 2.6 -2.6
v -3.9 2.6 -2.6
v -3.8 2.6 -2.6
v -3.9 2.6 -2.7
v -3.8 2.6 -2.7
v 4 2.6 -3.4
v 4.1 2.6 -3.4
v 4 2.6 -3.5
v 4.1 2.6 -3.5
v 3.9 2.6 -3.6
v 4 2.6 -3.6
v 3.9 2.6 -3.7
v 4 2.6 -3.7
v -0.4 2.6 -3.8
v -0.3 2.6 -3.8
v 1 2.6 -3.8
v 1.1 2.6 -3.8
v 3.2 2.6 -3.8
v 3.4 2.6 -3.8
v -3.9 2.6 -3.9
v -0.4 2.6 -3.9
v -0.3 2.6 -3.9
v 1 2.6 -3.9
v 1.1 2.6 -3.9
v 3.2 2.6 -3.9
v 3.4 2.6 -3.9
v 4 2.6 -3.9
v -4 2.6 -4
v 4.1 2.6 -4
v -3.9 2.7 3
v -3.8 2.7 3
v -3.9 2.7 2.9
v -3.8 2.7 2.9
v 4 2.7 2.1
v 4.1 2.7 2.1
v 4 2.7 2
v 4.1 2.7 2
v -4 2.7 -2.5
v -3.9 2.7 -2.5
v -4 2.7 -2.6
v -3.9 2.7 -2.6
v 3.7 2.8 2.9
v 3.8 2.8 2.9
v 3.9 2.8 2.9
v 3.7 2.8 2.8
v 3.8 2.8 2.8
v 3.9 2.8 2.8
v 4 2.8 2.8
v 3.7 2.8 2.7
v 3.8 2.8 2.7
v 3.9 2.8 2.7
v 4 2.8 2.7
v -3.3 2.9 3
v -1.5 2.9 3
v 1.6 2.9 3
v 3.4 2.9 3
v -3.3 2.9 2.9
v -1.5 2.9 2.9
v 1.6 2.9 2.9
v 3.4 2.9 2.9
v -3.9 2.9 -0.9
v -3.8 2.9 -0.9
v -3.9 2.9 -1
v -3.8 2.9 -1
v -3.9 2.9 -2.8
v -3.8 2.9 -2.8
v -3.9 2.9 -2.9
v -3.8 2.9 -2.9
v 3.9 2.9 -3.4
v 4 2.9 -3.4
v 3.9 2.9 -3.5
v 4 2.9 -3.5
v 0 2.9 -3.8
v 0.1 2.9 -3.8
v 0 2.9 -3.9
v 0.1 2.9 -3.9
v 0 3 3.4
v 0.2 3 3.4
v -0.8 3 3.3
v -0.7 3 3.3
v -0.5 3 3.3
v -0.3 3 3.3
v -0.0999999 3 3.3
v 0 3 3.3
v 0.2 3 3.3
v 0.4 3 3.3
v 0.6 3 3.3
v -0.8 3 3.2
v -0.7 3 3.2
v 0.8 3 3.2
v 0.9 3 3.2
v -0.7 3 3.1
v -0.5 3 3.1
v -0.3 3 3.1
v -0.0999999 3 3.1
v 0.2 3 3.1
v 0.4 3 3.1
v 0.6 3 3.1
v 0.8 3 3.1
v 0.9 3 3.1
v -0.7 3 2.9
v -0.6 3 2.9
v -0.5 3 2.9
v 0.6 3 2.9
v 0.7 3 2.9
v 0.8 3 2.9
v 3.5 3 2.9
v 3.6 3 2.9
v 3.5 3 2.8
v 3.6 3 2.8
v 3.9 3 2.2
v 4 3 2.2
v 3.9 3 2.1
v 4 3 2.1
v -3.8 3 0.7
v -3.7 3 0.7
v 3.9 3 0.7
v 4 3 0.7
v -3.8 3 0.6
v -3.7 3 0.6
v 3.9 3 0.6
v 4 3 0.6
v -3.9 3 -1
v -3.8 3 -1
v -3.9 3 -1.1
v -3.8 3 -1.1
v -3.9 3 -2.9
v -3.8 3 -2.9
v -3.9 3 -3
v -3.8 3 -3
v -0.0999999 3 -3.8
v 0 3 -3.8
v 1 3 -3.8
v 1.1 3 -3.8
v -0.0999999 3 -3.9
v 0 3 -3.9
v 1 3 -3.9
v 1.1 3 -3.9
v 0.6 3.1 3.4
v 0.7 3.1 3.4
v 0.6 3.1 3.3
v 0.7 3.1 3.3
v -0.8 3.1 3.2
v -0.7 3.1 3.2
v -0.8 3.1 3
v -0.7 3.1 3
v -1 3.1 2.9
v -0.9 3.1 2.9
v -1 3.1 2.8
v -0.9 3.1 2.8
v -3.9 3.1 2.3
v -3.8 3.1 2.3
v -3.9 3.1 2.2
v -3.8 3.1 2.2
v -3.9 3.1 0.6
v -3.8 3.1 0.6
v -3.9 3.1 0.5
v -3.8 3.1 0.5
v -3.9 3.1 -1.1
v -3.8 3.1 -1.1
v -3.9 3.1 -1.2
v -3.8 3.1 -1.2
v -3.9 3.1 -3
v -3.8 3.1 -3
v -3.9 3.1 -3.1
v -3.8 3.1 -3.1
v 3.9 3.1 -3.3
v 4 3.1 -3.3
v 3.9 3.1 -3.4
v 4 3.1 -3.4
v -2.3 3.1 -3.8
v -2.2 3.1 -3.8
v -0.2 3.1 -3.8
v -0.0999999 3.1 -3.8
v -2.3 3.1 -3.9
v -2.2 3.1 -3.9
v -0.2 3.1 -3.9
v -0.0999999 3.1 -3.9
v -0.7 3.2 3.3
v -0.6 3.2 3.3
v -0.7 3.2 3.2
v -0.6 3.2 3.2
v -3.9 3.2 2.9
v -3.8 3.2 2.9
v -3.9 3.2 2.8
v -3.8 3.2 2.8
v 3.9 3.2 2.3
v 4 3.2 2.3
v 3.9 3.2 2.2
v 4 3.2 2.2
v 3.9 3.2 0.8
v 4 3.2 0.8
v -3.9 3.2 0.7
v -3.8 3.2 0.7
v 3.9 3.2 0.7
v 4 3.2 0.7
v -3.9 3.2 0.6
v -3.8 3.2 0.6
v -3.9 3.2 -1.2
v -3.8 3.2 -1.2
v -3.9 3.2 -1.3
v -3.8 3.2 -1.3
v -3.9 3.2 -1.8
v -3.8 3.2 -1.8
v -3.9 3.2 -1.9
v -3.8 3.2 -1.9
v -3.9 3.2 -3.1
v -3.8 3.2 -3.1
v -3.9 3.2 -3.2
v -3.8 3.2 -3.2
v -0.3 3.2 -3.8
v -0.2 3.2 -3.8
v 1.4 3.2 -3.8
v 1.7 3.2 -3.8
v 3.3 3.2 -3.8
v 3.4 3.2 -3.8
v -0.3 3.2 -3.9
v -0.2 3.2 -3.9
v 1.4 3.2 -3.9
v 1.7 3.2 -3.9
v 3.3 3.2 -3.9
v 3.4 3.2 -3.9
v -1.1 3.3 2.9
v -1 3.3 2.9
v 3.6 3.3 2.9
v 3.7 3.3 2.9
v -1.1 3.3 2.8
v -1 3.3 2.8
v 3.6 3.3 2.8
v 3.7 3.3 2.8
v 3.9 3.3 0.7
v 4 3.3 0.7
v 3.9 3.3 0.6
v 4 3.3 0.6
v -3.9 3.3 0.5
v -3.8 3.3 0.5
v -3.9 3.3 0.4
v -3.8 3.3 0.4
v -3.9 3.3 -3.2
v -3.8 3.3 -3.2
v 3.9 3.3 -3.2
v 4 3.3 -3.2
v 3.9 3.3 -3.3
v 4 3.3 -3.3
v -3.9 3.3 -3.4
v -3.8 3.3 -3.4
v -0.5 3.3 -3.8
v -0.3 3.3 -3.8
v 1.1 3.3 -3.8
v 1.2 3.3 -3.8
v 3.2 3.3 -3.8
v 3.3 3.3 -3.8
v -0.5 3.3 -3.9
v -0.3 3.3 -3.9
v 1.1 3.3 -3.9
v 1.2 3.3 -3.9
v 3.2 3.3 -3.9
v 3.3 3.3 -3.9
v -1.2 3.4 2.9
v -1.1 3.4 2.9
v -1.3 3.4 2.8
v -1.2 3.4 2.8
v -1.1 3.4 2.8
v -1.3 3.4 2.7
v -1.2 3.4 2.7
v 3.9 3.4 2.4
v 4 3.4 2.4
v 3.9 3.4 2.3
v 4 3.4 2.3
v -3.9 3.4 2.2
v -3.8 3.4 2.2
v -3.9 3.4 2.1
v -3.8 3.4 2.1
v 3.9 3.4 0.6
v 4 3.4 0.6
v 3.9 3.4 0.5
v 4 3.4 0.5
v -3.9 3.4 0.4
v -3.8 3.4 0.4
v -3.9 3.4 0.3
v -3.8 3.4 0.3
v -3.9 3.4 -1.2
v -3.8 3.4 -1.2
v -3.9 3.4 -1.3
v -3.8 3.4 -1.3
v 3.9 3.4 -3.1
v 4 3.4 -3.1
v 3.9 3.4 -3.2
v 4 3.4 -3.2
v -3.9 3.4 -3.4
v -3.8 3.4 -3.4
v -3.9 3.4 -3.5
v -3.8 3.4 -3.5
v -0.6 3.4 -3.8
v -0.5 3.4 -3.8
v 3.1 3.4 -3.8
v 3.2 3.4 -3.8
v -0.6 3.4 -3.9
v -0.5 3.4 -3.9
v 3.1 3.4 -3.9
v 3.2 3.4 -3.9
v -3.8 3.5 2.9
v -3.7 3.5 2.9
v -1.3 3.5 2.9
v -1.2 3.5 2.9
v 1 3.5 2.9
v 1.1 3.5 2.9
v 3.7 3.5 2.9
v 3.8 3.5 2.9
v -3.8 3.5 2.8
v -3.7 3.5 2.8
v -1.3 3.5 2.8
v -1.2 3.5 2.8
v 1 3.5 2.8
v 1.1 3.5 2.8
v 3.7 3.5 2.8
v 3.8 3.5 2.8
v 3.9 3.5 0.5
v 4 3.5 0.5
v 3.9 3.5 0.4
v 4 3.5 0.4
v -3.9 3.5 -2
v -3.8 3.5 -2
v -3.9 3.5 -2.1
v -3.8 3.5 -2.1
v -3.9 3.5 -3.5
v -3.8 3.5 -3.5
v -3.9 3.5 -3.6
v -3.8 3.5 -3.6
v -0.7 3.5 -3.8
v -0.6 3.5 -3.8
v 1.2 3.5 -3.8
v 1.3 3.5 -3.8
v -0.7 3.5 -3.9
v -0.6 3.5 -3.9
v 1.2 3.5 -3.9
v 1.3 3.5 -3.9
v 3.9 3.6 2.5
v 4 3.6 2.5
v 3.9 3.6 2.4
v 4 3.6 2.4
v -3.9 3.6 2.1
v -3.8 3.6 2.1
v -3.9 3.6 2
v -3.8 3.6 2
v -3.9 3.6 0.6
v -3.8 3.6 0.6
v -3.9 3.6 0.5
v -3.8 3.6 0.5
v -3.9 3.6 0.2
v -3.8 3.6 0.2
v -3.9 3.6 0.0999999
v -3.8 3.6 0.0999999
v -3.9 3.6 -1.3
v -3.8 3.6 -1.3
v -3.9 3.6 -1.4
v -3.8 3.6 -1.4
v 3.9 3.6 -3
v 4 3.6 -3
v 3.9 3.6 -3.1
v 4 3.6 -3.1
v -3.9 3.6 -3.6
v -3.8 3.6 -3.6
v -3.9 3.6 -3.7
v -3.8 3.6 -3.7
v -2.2 3.6 -3.8
v -2.1 3.6 -3.8
v -0.8 3.6 -3.8
v -0.7 3.6 -3.8
v 1.7 3.6 -3.8
v 2 3.6 -3.8
v 2.9 3.6 -3.8
v 3 3.6 -3.8
v 3.1 3.6 -3.8
v -2.2 3.6 -3.9
v -2.1 3.6 -3.9
v -0.8 3.6 -3.9
v -0.7 3.6 -3.9
v 1.7 3.6 -3.9
v 2.9 3.6 -3.9
v 3 3.6 -3.9
v 3.1 3.6 -3.9
v -1.2 3.7 2.9
v -1.1 3.7 2.9
v -1.2 3.7 2.8
v -1.1 3.7 2.8
v -3.9 3.7 1.2
v -3.8 3.7 1.2
v -3.9 3.7 1
v -3.8 3.7 1
v 3.9 3.7 0.4
v 4 3.7 0.4
v -3.9 3.7 0.3
v -3.8 3.7 0.3
v 3.9 3.7 0.3
v 4 3.7 0.3
v -3.9 3.7 0.2
v -3.8 3.7 0.2
v -1.5 3.7 -3.8
v -1.2 3.7 -3.8
v 2.9 3.7 -3.8
v 3 3.7 -3.8
v -1.5 3.7 -3.9
v -1.2 3.7 -3.9
v 2.9 3.7 -3.9
v 3 3.7 -3.9
v 3.9 3.8 2.6
v 4 3.8 2.6
v 3.9 3.8 2.5
v 4 3.8 2.5
v -3.8 3.8 0.4
v -3.7 3.8 0.4
v -3.8 3.8 0.3
v -3.7 3.8 0.3
v 3.9 3.8 0.3
v 4 3.8 0.3
v 3.9 3.8 0.2
v 4 3.8 0.2
v -3.9 3.8 -1.9
v -3.8 3.8 -1.9
v -3.9 3.8 -2
v -3.8 3.8 -2
v 3.9 3.8 -2.9
v 4 3.8 -2.9
v 3.9 3.8 -3
v 4 3.8 -3
v -1 3.8 -3.7
v -0.9 3.8 -3.7
v -1.2 3.8 -3.8
v -1 3.8 -3.8
v -0.9 3.8 -3.8
v -0.8 3.8 -3.8
v 1.3 3.8 -3.8
v 1.4 3.8 -3.8
v 2.8 3.8 -3.8
v 2.9 3.8 -3.8
v -1.2 3.8 -3.9
v -1 3.8 -3.9
v -0.9 3.8 -3.9
v -0.8 3.8 -3.9
v 1.3 3.8 -3.9
v 1.4 3.8 -3.9
v 2.8 3.8 -3.9
v 2.9 3.8 -3.9
v -3.7 3.9 2.9
v -3.6 3.9 2.9
v -3.7 3.9 2.8
v -3.6 3.9 2.8
v -3.9 3.9 2
v -3.8 3.9 2
v -3.9 3.9 1.9
v -3.8 3.9 1.9
v -3.9 3.9 1
v -3.8 3.9 1
v -3.9 3.9 0.8
v -3.8 3.9 0.8
v -3.9 3.9 0.5
v -3.8 3.9 0.5
v -3.9 3.9 0.4
v -3.8 3.9 0.4
v 3.9 3.9 0.2
v 4 3.9 0.2
v 3.9 3.9 0.0999999
v 4 3.9 0.0999999
v 3.9 3.9 -2.8
v 4 3.9 -2.8
v 3.9 3.9 -2.9
v 4 3.9 -2.9
v -2.1 3.9 -3.8
v -2 3.9 -3.8
v -1 3.9 -3.8
v -0.9 3.9 -3.8
v -0.8 3.9 -3.8
v -0.3 3.9 -3.8
v 2.7 3.9 -3.8
v 2.8 3.9 -3.8
v -2.1 3.9 -3.9
v -2 3.9 -3.9
v -1 3.9 -3.9
v -0.9 3.9 -3.9
v -0.8 3.9 -3.9
v -0.3 3.9 -3.9
v 2.7 3.9 -3.9
v 2.8 3.9 -3.9
v -1.1 4 2.9
v -1 4 2.9
v 1.1 4 2.9
v 1.2 4 2.9
v -1.1 4 2.8
v -1 4 2.8
v 1.1 4 2.8
v 1.2 4 2.8
v 3.9 4 2.7
v 4 4 2.7
v 3.9 4 2.6
v 4 4 2.6
v -3.9 4 1.3
v -3.8 4 1.3
v -3.9 4 1.2
v -3.8 4 1.2
v 3.9 4 0.0999999
v 4 4 0.0999999
v 3.9 4 0
v 4 4 0
v -3.9 4 -1.4
v -3.8 4 -1.4
v -3.9 4 -1.5
v -3.8 4 -1.5
v -2 4 -3.8
v -1.9 4 -3.8
v -1.1 4 -3.8
v -1 4 -3.8
v -0.3 4 -3.8
v 0.1 4 -3.8
v 2.6 4 -3.8
v 2.7 4 -3.8
v -2 4 -3.9
v -1.9 4 -3.9
v -1.1 4 -3.9
v -1 4 -3.9
v -0.3 4 -3.9
v 0.1 4 -3.9
v 2.6 4 -3.9
v 2.7 4 -3.9
v -3.1 4.1 2.9
v -1.6 4.1 2.9
v 1.7 4.1 2.9
v 3.3 4.1 2.9
v -3.1 4.1 2.8
v -1.6 4.1 2.8
v 1.7 4.1 2.8
v 3.3 4.1 2.8
v -3.9 4.1 1.9
v -3.8 4.1 1.9
v -3.9 4.1 1.8
v -3.8 4.1 1.8
v -3.9 4.1 1.2
v -3.8 4.1 1.2
v -3.9 4.1 1
v -3.8 4.1 1
v -3.9 4.1 0.4
v -3.8 4.1 0.4
v -3.7 4.1 0.4
v -3.9 4.1 0.3
v -3.8 4.1 0.3
v -3.7 4.1 0.3
v 3.9 4.1 0
v 4 4.1 0
v 3.9 4.1 -0.1
v 4 4.1 -0.1
v 3.9 4.1 -0.2
v 4 4.1 -0.2
v 3.9 4.1 -0.3
v 4 4.1 -0.3
v 3.9 4.1 -2.7
v 4 4.1 -2.7
v 3.9 4.1 -2.8
v 4 4.1 -2.8
v -1.2 4.1 -3.8
v -1.1 4.1 -3.8
v 0.1 4.1 -3.8
v 0.4 4.1 -3.8
v 1.4 4.1 -3.8
v 1.5 4.1 -3.8
v -1.2 4.1 -3.9
v -1.1 4.1 -3.9
v 0.1 4.1 -3.9
v 0.4 4.1 -3.9
v 1.4 4.1 -3.9
v 1.5 4.1 -3.9
v -3.6 4.2 2.9
v -3.5 4.2 2.9
v -1 4.2 2.9
v -0.9 4.2 2.9
v -0.4 4.2 2.9
v 0.5 4.2 2.9
v -3.6 4.2 2.8
v -3.5 4.2 2.8
v -1 4.2 2.8
v -0.9 4.2 2.8
v -0.4 4.2 2.7
v 0.5 4.2 2.7
v 3.9 4.2 -0.1
v 4 4.2 -0.1
v 3.9 4.2 -0.2
v 4 4.2 -0.2
v -3.9 4.2 -1.5
v -3.8 4.2 -1.5
v -3.9 4.2 -1.6
v -3.8 4.2 -1.6
v -3.9 4.2 -1.8
v -3.8 4.2 -1.8
v -3.9 4.2 -1.9
v -3.8 4.2 -1.9
v -1.9 4.2 -3.8
v -1.8 4.2 -3.8
v -1.4 4.2 -3.8
v -1.2 4.2 -3.8
v 2.5 4.2 -3.8
v 2.6 4.2 -3.8
v -1.9 4.2 -3.9
v -1.8 4.2 -3.9
v -1.4 4.2 -3.9
v -1.2 4.2 -3.9
v 2.5 4.2 -3.9
v 2.6 4.2 -3.9
v -0.6 4.3 3.2
v 0.7 4.3 3.2
v -0.6 4.3 2.9
v 0.7 4.3 2.9
v 1.2 4.3 2.9
v 1.3 4.3 2.9
v 1.2 4.3 2.8
v 1.3 4.3 2.8
v -3.9 4.3 2
v -3.8 4.3 2
v -3.9 4.3 1.9
v -3.8 4.3 1.9
v -3.8 4.3 0.3
v -3.7 4.3 0.3
v -3.8 4.3 0.2
v -3.7 4.3 0.2
v 3.9 4.3 -2.6
v 4 4.3 -2.6
v 3.9 4.3 -2.7
v 4 4.3 -2.7
v -1.7 4.3 -3.8
v -1.6 4.3 -3.8
v -1.5 4.3 -3.8
v -1.4 4.3 -3.8
v 1.5 4.3 -3.8
v 1.6 4.3 -3.8
v 2.4 4.3 -3.8
v 2.5 4.3 -3.8
v -1.7 4.3 -3.9
v -1.6 4.3 -3.9
v -1.5 4.3 -3.9
v -1.4 4.3 -3.9
v 1.5 4.3 -3.9
v 1.6 4.3 -3.9
v 2.4 4.3 -3.9
v 2.5 4.3 -3.9
v -0.7 4.4 3.3
v 0.8 4.4 3.3
v -0.6 4.4 3.2
v 0.7 4.4 3.2
v -4 4.4 3
v -3.5 4.4 3
v -3.4 4.4 3
v -3.3 4.4 3
v -3.2 4.4 3
v -0.7 4.4 3
v 0.8 4.4 3
v 4 4.4 3
v -3.9 4.4 2.9
v -3.5 4.4 2.9
v -3.4 4.4 2.9
v -3.3 4.4 2.9
v -3.2 4.4 2.9
v -3.1 4.4 2.9
v -0.6 4.4 2.9
v 0.7 4.4 2.9
v 3.9 4.4 2.9
v 4 4.4 2.9
v 4.1 4.4 2.9
v -3.9 4.4 2.8
v -3.5 4.4 2.8
v -3.4 4.4 2.8
v -3.2 4.4 2.8
v -3.1 4.4 2.8
v -3.9 4.4 2.7
v 3.9 4.4 2.7
v 4 4.4 2.7
v 4 4.4 2.6
v -4 4.4 2.2
v -3.9 4.4 2.2
v -4 4.4 2.1
v -3.9 4.4 2.1
v -3.8 4.4 2.1
v -3.9 4.4 2
v -3.8 4.4 2
v -3.9 4.4 0.3
v -3.8 4.4 0.3
v -4 4.4 0.2
v -3.8 4.4 0.2
v -3.7 4.4 0.2
v -4 4.4 0.0999999
v -3.9 4.4 0.0999999
v -3.8 4.4 0.0999999
v -3.7 4.4 0.0999999
v 4 4.4 0
v 4.1 4.4 0
v 4 4.4 -0.1
v 4.1 4.4 -0.1
v 3.9 4.4 -0.2
v 4 4.4 -0.2
v 3.9 4.4 -0.3
v 4 4.4 -0.3
v -4 4.4 -1.6
v -3.9 4.4 -1.6
v -3.8 4.4 -1.6
v -4 4.4 -1.8
v -3.9 4.4 -1.8
v -3.8 4.4 -1.8
v 4 4.4 -2.3
v 4.1 4.4 -2.3
v 4 4.4 -2.4
v 4.1 4.4 -2.4
v 3.9 4.4 -2.5
v 4 4.4 -2.5
v 3.9 4.4 -2.6
v 4 4.4 -2.6
v -4 4.4 -3.2
v -3.9 4.4 -3.2
v -4 4.4 -3.3
v -3.9 4.4 -3.3
v -1.8 4.4 -3.8
v -1.7 4.4 -3.8
v -1.6 4.4 -3.8
v -1.5 4.4 -3.8
v 2.3 4.4 -3.8
v 2.4 4.4 -3.8
v -3.9 4.4 -3.9
v -1.8 4.4 -3.9
v -1.7 4.4 -3.9
v -1.6 4.4 -3.9
v -1.5 4.4 -3.9
v 2.3 4.4 -3.9
v 2.4 4.4 -3.9
v 4 4.4 -3.9
v -4 4.4 -4
v -1.7 4.4 -4
v -1.6 4.4 -4
v 4.1 4.4 -4
v -3.5 4.5 3
v -3.4 4.5 3
v -3.3 4.5 3
v -3.2 4.5 3
v -3.5 4.5 2.9
v -3.4 4.5 2.9
v -3.3 4.5 2.9
v -3.2 4.5 2.9
v -4 4.5 2.2
v -3.9 4.5 2.2
v -4 4.5 2.1
v -3.9 4.5 2.1
v -4 4.5 0.2
v -3.8 4.5 0.2
v -4 4.5 0.0999999
v -3.8 4.5 0.0999999
v 4 4.5 0
v 4.1 4.5 0
v 4 4.5 -0.1
v 4.1 4.5 -0.1
v -4 4.5 -1.7
v -3.9 4.5 -1.7
v -4 4.5 -1.8
v -3.9 4.5 -1.8
v -4 4.5 -3.2
v -3.9 4.5 -3.2
v -4 4.5 -3.3
v -3.9 4.5 -3.3
v -1.7 4.5 -3.9
v -1.6 4.5 -3.9
v -1.7 4.5 -4
v -1.6 4.5 -4
v -0.8 4.7 3.3
v -0.7 4.7 3.3
v -0.8 4.7 3.2
v -0.7 4.7 3.2
v -3.3 4.7 3
v -1.5 4.7 3
v 1.6 4.7 3
v 3.4 4.7 3
v -3.3 4.7 2.9
v -1.5 4.7 2.9
v 1.6 4.7 2.9
v 3.4 4.7 2.9
v -3.9 4.7 2.3
v -3.8 4.7 2.3
v -3.9 4.7 2.2
v -3.8 4.7 2.2
v 3.9 4.7 2.1
v 4 4.7 2.1
v 3.9 4.7 2
v 4 4.7 2
v 3.9 4.7 -0.3
v 4 4.7 -0.3
v 3.9 4.7 -0.4
v 4 4.7 -0.4
v -3.9 4.7 -1.5
v -3.8 4.7 -1.5
v -3.9 4.7 -1.6
v -3.8 4.7 -1.6
v -1.8 4.7 -3.8
v -1.7 4.7 -3.8
v -0.0999999 4.7 -3.8
v 0 4.7 -3.8
v 1.2 4.7 -3.8
v 1.3 4.7 -3.8
v -1.8 4.7 -3.9
v -1.7 4.7 -3.9
v -0.0999999 4.7 -3.9
v 0 4.7 -3.9
v 1.2 4.7 -3.9
v 1.3 4.7 -3.9
v -0.7 4.8 3.4
v -0.5 4.8 3.4
v 0.6 4.8 3.4
v 0.7 4.8 3.4
v -0.7 4.8 3.3
v -0.5 4.8 3.3
v -0.3 4.8 3.3
v -0.0999999 4.8 3.3
v 0 4.8 3.3
v 0.4 4.8 3.3
v 0.6 4.8 3.3
v 0.7 4.8 3.3
v -0.8 4.8 3.2
v -0.7 4.8 3.2
v 0 4.8 3.2
v 0.2 4.8 3.2
v 0.8 4.8 3.2
v 0.9 4.8 3.2
v -0.8 4.8 3.1
v -0.7 4.8 3.1
v -0.5 4.8 3.1
v -0.3 4.8 3.1
v -0.0999999 4.8 3.1
v 0.2 4.8 3.1
v 0.4 4.8 3.1
v 0.6 4.8 3.1
v 0.8 4.8 3.1
v 0.9 4.8 3.1
v -3.4 4.8 2.9
v -3.3 4.8 2.9
v -0.9 4.8 2.9
v -0.8 4.8 2.9
v -0.7 4.8 2.9
v -0.6 4.8 2.9
v -0.5 4.8 2.9
v 0.6 4.8 2.9
v 0.7 4.8 2.9
v 0.8 4.8 2.9
v -3.4 4.8 2.8
v -3.3 4.8 2.8
v -0.9 4.8 2.8
v -0.8 4.8 2.8
v -3.9 4.8 -1.4
v -3.8 4.8 -1.4
v -3.9 4.8 -1.5
v -3.8 4.8 -1.5
v 3.9 4.8 -2.3
v 4 4.8 -2.3
v 3.9 4.8 -2.4
v 4 4.8 -2.4
v -3.9 4.8 -3.1
v -3.8 4.8 -3.1
v -3.9 4.8 -3.2
v -3.8 4.8 -3.2
v 1.3 4.8 -3.8
v 1.5 4.8 -3.8
v 1.3 4.8 -3.9
v 1.5 4.8 -3.9
v -3.9 4.9 2.4
v -3.8 4.9 2.4
v -3.9 4.9 2.3
v -3.8 4.9 2.3
v 3.9 4.9 2.2
v 4 4.9 2.2
v 3.9 4.9 2.1
v 4 4.9 2.1
v -3.9 4.9 -1.2
v -3.8 4.9 -1.2
v -3.9 4.9 -1.4
v -3.8 4.9 -1.4
v -1.9 4.9 -3.8
v -1.8 4.9 -3.8
v -0.2 4.9 -3.8
v -0.0999999 4.9 -3.8
v 1.5 4.9 -3.8
v 1.6 4.9 -3.8
v -1.9 4.9 -3.9
v -1.8 4.9 -3.9
v -0.2 4.9 -3.9
v -0.0999999 4.9 -3.9
v 1.5 4.9 -3.9
v 1.6 4.9 -3.9
v -1 5 2.9
v -0.9 5 2.9
v -1 5 2.8
v -0.9 5 2.8
v -0.2 5 2.7
v -0.0999999 5 2.7
v -0.2 5 2.6
v -0.0999999 5 2.6
v -3.9 5 2.5
v -3.8 5 2.5
v -3.9 5 2.4
v -3.8 5 2.4
v 3.9 5 2.3
v 4 5 2.3
v 3.9 5 2.2
v 4 5 2.2
v -3.9 5 -1.1
v -3.8 5 -1.1
v -3.9 5 -1.2
v -3.8 5 -1.2
v -3.9 5 -3
v -3.8 5 -3
v -3.9 5 -3.1
v -3.8 5 -3.1
v 1.6 5 -3.8
v 1.8 5 -3.8
v 1.6 5 -3.9
v 1.8 5 -3.9
v -3.5 5.1 2.9
v -3.4 5.1 2.9
v -3.5 5.1 2.8
v -3.4 5.1 2.8
v 3.9 5.1 2.7
v 4 5.1 2.7
v 3.9 5.1 2.6
v 4 5.1 2.6
v 3.9 5.1 -0.4
v 4 5.1 -0.4
v 3.9 5.1 -0.6
v 4 5.1 -0.6
v -3.9 5.1 -1
v -3.8 5.1 -1
v -3.9 5.1 -1.1
v -3.8 5.1 -1.1
v 3.9 5.1 -2.1
v 4 5.1 -2.1
v 3.9 5.1 -2.2
v 4 5.1 -2.2
v -2 5.1 -3.7
v -1.9 5.1 -3.7
v -2 5.1 -3.8
v -1.9 5.1 -3.8
v -0.3 5.1 -3.8
v -0.2 5.1 -3.8
v 1.8 5.1 -3.8
v 1.9 5.1 -3.8
v -2 5.1 -3.9
v -1.9 5.1 -3.9
v -0.3 5.1 -3.9
v -0.2 5.1 -3.9
v 1.8 5.1 -3.9
v 1.9 5.1 -3.9
v -1.1 5.2 2.9
v -1 5.2 2.9
v -1.1 5.2 2.8
v -1 5.2 2.8
v -3.9 5.2 2.6
v -3.8 5.2 2.6
v -3.9 5.2 2.5
v -3.8 5.2 2.5
v 3.9 5.2 2.4
v 4 5.2 2.4
v 3.9 5.2 2.3
v 4 5.2 2.3
v -3.9 5.2 -0.8
v -3.8 5.2 -0.8
v -3.9 5.2 -1
v -3.8 5.2 -1
v 3.9 5.2 -2.2
v 4 5.2 -2.2
v 3.9 5.2 -2.3
v 4 5.2 -2.3
v -3.9 5.2 -2.9
v -3.8 5.2 -2.9
v -3.9 5.2 -3
v -3.8 5.2 -3
v -0.8 5.2 -3.8
v -0.7 5.2 -3.8
v -0.4 5.2 -3.8
v -0.3 5.2 -3.8
v 1.9 5.2 -3.8
v 2 5.2 -3.8
v 3 5.2 -3.8
v 3.1 5.2 -3.8
v 3.4 5.2 -3.8
v 3.8 5.2 -3.8
v -0.8 5.2 -3.9
v -0.7 5.2 -3.9
v -0.4 5.2 -3.9
v -0.3 5.2 -3.9
v 1.9 5.2 -3.9
v 2 5.2 -3.9
v 3 5.2 -3.9
v 3.1 5.2 -3.9
v 3.4 5.2 -3.9
v 3.8 5.2 -3.9
v -3.6 5.3 2.9
v -3.5 5.3 2.9
v -3.6 5.3 2.8
v -3.5 5.3 2.8
v -3.9 5.3 2.7
v -3.8 5.3 2.7
v -3.9 5.3 2.6
v -3.8 5.3 2.6
v 3.9 5.3 2.5
v 4 5.3 2.5
v 3.9 5.3 2.4
v 4 5.3 2.4
v 3.9 5.3 -0.6
v 4 5.3 -0.6
v -3.9 5.3 -0.7
v -3.8 5.3 -0.7
v 3.9 5.3 -0.7
v 4 5.3 -0.7
v -3.9 5.3 -0.8
v -3.8 5.3 -0.8
v -2.1 5.3 -3.8
v -2 5.3 -3.8
v 2 5.3 -3.8
v 2.2 5.3 -3.8
v 2.9 5.3 -3.8
v 3 5.3 -3.8
v 3.1 5.3 -3.8
v 3.4 5.3 -3.8
v -2.1 5.3 -3.9
v -2 5.3 -3.9
v 2 5.3 -3.9
v 2.2 5.3 -3.9
v 2.9 5.3 -3.9
v 3 5.3 -3.9
v 3.1 5.3 -3.9
v 3.4 5.3 -3.9
v -1.2 5.4 2.9
v -1.1 5.4 2.9
v -1.2 5.4 2.8
v -1.1 5.4 2.8
v 3.9 5.4 2.6
v 4 5.4 2.6
v 3.9 5.4 2.5
v 4 5.4 2.5
v 3.9 5.4 -0.3
v 4 5.4 -0.3
v 3.9 5.4 -0.4
v 4 5.4 -0.4
v -3.9 5.4 -0.6
v -3.8 5.4 -0.6
v -3.9 5.4 -0.7
v -3.8 5.4 -0.7
v -3.8 5.4 -2.8
v -3.7 5.4 -2.8
v -3.8 5.4 -2.9
v -3.7 5.4 -2.9
v -2.2 5.4 -3.8
v -2.1 5.4 -3.8
v -0.5 5.4 -3.8
v -0.4 5.4 -3.8
v 2.2 5.4 -3.8
v 2.3 5.4 -3.8
v 2.8 5.4 -3.8
v 2.9 5.4 -3.8
v 3.8 5.4 -3.8
v 3.9 5.4 -3.8
v -2.2 5.4 -3.9
v -2.1 5.4 -3.9
v -0.5 5.4 -3.9
v -0.4 5.4 -3.9
v 2.2 5.4 -3.9
v 2.3 5.4 -3.9
v 2.8 5.4 -3.9
v 2.9 5.4 -3.9
v 3.8 5.4 -3.9
v 3.9 5.4 -3.9
v -3.7 5.5 2.9
v -3.6 5.5 2.9
v -3.9 5.5 2.8
v -3.8 5.5 2.8
v -3.7 5.5 2.8
v -3.6 5.5 2.8
v -3.9 5.5 2.7
v -3.8 5.5 2.7
v -3.9 5.5 -0.5
v -3.8 5.5 -0.5
v -3.9 5.5 -0.6
v -3.8 5.5 -0.6
v 3.9 5.5 -2.3
v 4 5.5 -2.3
v 3.9 5.5 -2.4
v 4 5.5 -2.4
v 3.9 5.5 -2.6
v 4 5.5 -2.6
v 3.9 5.5 -2.7
v 4 5.5 -2.7
v -3.9 5.5 -2.8
v -3.8 5.5 -2.8
v -3.9 5.5 -2.9
v -3.8 5.5 -2.9
v -0.6 5.5 -3.8
v -0.5 5.5 -3.8
v 2.3 5.5 -3.8
v 2.5 5.5 -3.8
v 2.7 5.5 -3.8
v 2.8 5.5 -3.8
v -0.6 5.5 -3.9
v -0.5 5.5 -3.9
v 2.3 5.5 -3.9
v 2.5 5.5 -3.9
v 2.7 5.5 -3.9
v 2.8 5.5 -3.9
v -3.9 5.6 2.9
v -3.8 5.6 2.9
v -1.3 5.6 2.9
v -1.2 5.6 2.9
v 1.6 5.6 2.9
v 1.7 5.6 2.9
v -3.9 5.6 2.8
v -3.8 5.6 2.8
v -1.3 5.6 2.8
v -1.2 5.6 2.8
v 1.6 5.6 2.8
v 1.7 5.6 2.8
v 3.9 5.6 -0.2
v 4 5.6 -0.2
v -3.9 5.6 -0.3
v -3.8 5.6 -0.3
v 3.9 5.6 -0.3
v 4 5.6 -0.3
v -3.9 5.6 -0.5
v -3.8 5.6 -0.5
v -3.9 5.6 -2.7
v -3.8 5.6 -2.7
v 3.9 5.6 -2.7
v 4 5.6 -2.7
v -3.9 5.6 -2.8
v -3.8 5.6 -2.8
v 3.9 5.6 -2.9
v 4 5.6 -2.9
v 3.8 5.6 -3
v 3.9 5.6 -3
v 3.8 5.6 -3.1
v 3.9 5.6 -3.1
v 3.9 5.6 -3.2
v 4 5.6 -3.2
v -2.3 5.6 -3.8
v -2.2 5.6 -3.8
v -0.7 5.6 -3.8
v -0.6 5.6 -3.8
v 2.6 5.6 -3.8
v 2.7 5.6 -3.8
v -2.3 5.6 -3.9
v -2.2 5.6 -3.9
v -0.7 5.6 -3.9
v -0.6 5.6 -3.9
v 2.6 5.6 -3.9
v 2.7 5.6 -3.9
v 3.9 5.6 -3.9
v 4 5.6 -3.9
v 1.5 5.7 2.9
v 1.6 5.7 2.9
v 1.5 5.7 2.8
v 1.6 5.7 2.8
v 3.9 5.7 2.5
v 4 5.7 2.5
v 3.9 5.7 2.4
v 4 5.7 2.4
v -3.9 5.7 -0.2
v -3.8 5.7 -0.2
v -3.9 5.7 -0.3
v -3.8 5.7 -0.3
v -3.9 5.7 -2.9
v -3.8 5.7 -2.9
v 3.9 5.7 -2.9
v 4 5.7 -2.9
v -3.9 5.7 -3
v -3.8 5.7 -3
v 3.9 5.7 -3.2
v 4 5.7 -3.2
v -1.4 5.8 2.9
v -1.3 5.8 2.9
v 1.4 5.8 2.9
v 1.5 5.8 2.9
v -1.4 5.8 2.8
v -1.3 5.8 2.8
v 1.4 5.8 2.8
v 1.5 5.8 2.8
v -3.9 5.8 -0.1
v -3.8 5.8 -0.1
v -3.9 5.8 -0.2
v -3.8 5.8 -0.2
v -3.9 5.8 -2.6
v -3.8 5.8 -2.6
v -3.9 5.8 -2.7
v -3.8 5.8 -2.7
v -3.9 5.8 -3
v -3.8 5.8 -3
v -3.9 5.8 -3.1
v -3.8 5.8 -3.1
v 3.9 5.8 -3.2
v 4 5.8 -3.2
v 3.9 5.8 -3.5
v 4 5.8 -3.5
v 3.9 5.8 -3.6
v 4 5.8 -3.6
v -2.4 5.8 -3.8
v -2.3 5.8 -3.8
v 2.5 5.8 -3.8
v 2.6 5.8 -3.8
v -2.4 5.8 -3.9
v -2.3 5.8 -3.9
v 2.5 5.8 -3.9
v 2.6 5.8 -3.9
v -3.2 5.9 2.9
v -1.6 5.9 2.9
v -1.5 5.9 2.9
v -1.4 5.9 2.9
v 1.3 5.9 2.9
v 1.4 5.9 2.9
v 1.7 5.9 2.9
v 3.3 5.9 2.9
v -3.2 5.9 2.8
v -1.6 5.9 2.8
v -1.5 5.9 2.8
v -1.4 5.9 2.8
v 1.3 5.9 2.8
v 1.4 5.9 2.8
v 1.7 5.9 2.8
v 3.3 5.9 2.8
v -3.9 5.9 0.0999999
v -3.8 5.9 0.0999999
v 3.9 5.9 0
v 4 5.9 0
v -3.9 5.9 -0.1
v -3.8 5.9 -0.1
v 3.9 5.9 -0.2
v 4 5.9 -0.2
v -3.9 5.9 -3.1
v -3.8 5.9 -3.1
v -3.9 5.9 -3.2
v -3.8 5.9 -3.2
v 3.9 5.9 -3.6
v 4 5.9 -3.6
v 3.8 5.9 -3.7
v 3.9 5.9 -3.7
v -2.5 5.9 -3.8
v -2.4 5.9 -3.8
v -0.6 5.9 -3.8
v -0.5 5.9 -3.8
v 2.4 5.9 -3.8
v 2.5 5.9 -3.8
v 3.8 5.9 -3.8
v 4 5.9 -3.8
v -2.5 5.9 -3.9
v -2.4 5.9 -3.9
v -0.6 5.9 -3.9
v -0.5 5.9 -3.9
v 2.4 5.9 -3.9
v 2.5 5.9 -3.9
v 3.8 5.9 -3.9
v 4 5.9 -3.9
v -0.4 6 2.9
v 0.5 6 2.9
v 1.2 6 2.9
v 1.3 6 2.9
v 1.2 6 2.8
v 1.3 6 2.8
v -0.4 6 2.7
v 0.5 6 2.7
v 3.9 6 2.4
v 4 6 2.4
v 3.9 6 2.3
v 4 6 2.3
v -3.9 6 0.2
v -3.8 6 0.2
v -3.9 6 0.0999999
v -3.8 6 0.0999999
v 3.9 6 -0.2
v 4 6 -0.2
v 3.9 6 -0.4
v 4 6 -0.4
v -3.9 6 -2.5
v -3.8 6 -2.5
v -3.9 6 -2.6
v -3.8 6 -2.6
v 2.3 6 -3.8
v 2.4 6 -3.8
v 3.7 6 -3.8
v 3.8 6 -3.8
v 2.3 6 -3.9
v 2.4 6 -3.9
v 3.7 6 -3.9
v 3.8 6 -3.9
v -0.6 6.1 3.2
v 0.7 6.1 3.2
v -0.6 6.1 2.9
v 0.7 6.1 2.9
v 1.1 6.1 2.9
v 1.2 6.1 2.9
v 1.1 6.1 2.8
v 1.2 6.1 2.8
v -3.9 6.1 0.3
v -3.8 6.1 0.3
v -3.9 6.1 0.2
v -3.8 6.1 0.2
v 3.9 6.1 -0.4
v 4 6.1 -0.4
v 3.9 6.1 -0.6
v 4 6.1 -0.6
v -3.9 6.1 -3.2
v -3.8 6.1 -3.2
v -3.9 6.1 -3.3
v -3.8 6.1 -3.3
v -2.6 6.1 -3.8
v -2.5 6.1 -3.8
v -0.5 6.1 -3.8
v -0.4 6.1 -3.8
v 2.2 6.1 -3.8
v 2.3 6.1 -3.8
v 3.6 6.1 -3.8
v 3.7 6.1 -3.8
v -2.6 6.1 -3.9
v -2.5 6.1 -3.9
v -0.5 6.1 -3.9
v -0.4 6.1 -3.9
v 2.2 6.1 -3.9
v 2.3 6.1 -3.9
v 3.6 6.1 -3.9
v 3.7 6.1 -3.9
v -0.7 6.2 3.3
v 0.8 6.2 3.3
v -0.6 6.2 3.2
v 0.7 6.2 3.2
v -4 6.2 3
v -0.7 6.2 3
v 0.8 6.2 3
v 4.1 6.2 3
v -3.9 6.2 2.9
v -0.6 6.2 2.9
v 0.7 6.2 2.9
v 1 6.2 2.9
v 1.1 6.2 2.9
v 4 6.2 2.9
v 1 6.2 2.8
v 1.1 6.2 2.8
v 4 6.2 2.4
v 4.1 6.2 2.4
v 3.9 6.2 2.3
v 4 6.2 2.3
v 4.1 6.2 2.3
v 3.9 6.2 2.2
v 4 6.2 2.2
v 3.9 6.2 -0.6
v 4 6.2 -0.6
v 4.1 6.2 -0.6
v -4 6.2 -0.7
v -3.9 6.2 -0.7
v -4 6.2 -0.8
v -3.9 6.2 -0.8
v 3.9 6.2 -0.8
v 4 6.2 -0.8
v 4 6.2 -0.9
v 4.1 6.2 -0.9
v -4 6.2 -2.3
v -3.9 6.2 -2.3
v -4 6.2 -2.4
v -3.9 6.2 -2.4
v -3.8 6.2 -2.4
v -3.9 6.2 -2.5
v -3.8 6.2 -2.5
v -4 6.2 -3.3
v -3.9 6.2 -3.3
v -3.8 6.2 -3.3
v -4 6.2 -3.4
v -3.9 6.2 -3.4
v -3.8 6.2 -3.4
v -2.8 6.2 -3.7
v -2.7 6.2 -3.7
v -2.9 6.2 -3.8
v -2.8 6.2 -3.8
v -2.7 6.2 -3.8
v -2.6 6.2 -3.8
v 2.1 6.2 -3.8
v 2.2 6.2 -3.8
v 3.5 6.2 -3.8
v 3.6 6.2 -3.8
v -3.9 6.2 -3.9
v -2.9 6.2 -3.9
v -2.7 6.2 -3.9
v -2.6 6.2 -3.9
v -2.5 6.2 -3.9
v 2.1 6.2 -3.9
v 2.2 6.2 -3.9
v 3.5 6.2 -3.9
v 3.6 6.2 -3.9
v 3.7 6.2 -3.9
v 4 6.2 -3.9
v -4 6.2 -4
v -2.7 6.2 -4
v -2.5 6.2 -4
v 3.5 6.2 -4
v 3.7 6.2 -4
v 4.1 6.2 -4
v 4 6.3 -0.6
v 4.1 6.3 -0.6
v 4 6.3 -0.9
v 4.1 6.3 -0.9
v -4 6.3 -2.3
v -3.9 6.3 -2.3
v -4 6.3 -2.4
v -3.9 6.3 -2.4
v -4 6.3 -3.3
v -3.9 6.3 -3.3
v -4 6.3 -3.4
v -3.9 6.3 -3.4
v -2.7 6.3 -3.9
v -2.5 6.3 -3.9
v 3.5 6.3 -3.9
v 3.7 6.3 -3.9
v -2.7 6.3 -4
v -2.5 6.3 -4
v 3.5 6.3 -4
v 3.7 6.3 -4
v -3.3 6.5 3
v -1.5 6.5 3
v 1.6 6.5 3
v 3.4 6.5 3
v -3.3 6.5 2.9
v -1.5 6.5 2.9
v 1.6 6.5 2.9
v 3.4 6.5 2.9
v 3.9 6.5 -1.6
v 4 6.5 -1.6
v 3.9 6.5 -1.7
v 4 6.5 -1.7
v -3.9 6.5 -3
v -3.8 6.5 -3
v -3.9 6.5 -3.1
v -3.8 6.5 -3.1
v -2.2 6.5 -3.8
v -2 6.5 -3.8
v -2.2 6.5 -3.9
v -2 6.5 -3.9
v -0.7 6.6 3.4
v -0.5 6.6 3.4
v -0.3 6.6 3.4
v -0.2 6.6 3.4
v -0.0999999 6.6 3.4
v 0.1 6.6 3.4
v 0.2 6.6 3.4
v 0.4 6.6 3.4
v 0.7 6.6 3.4
v 0.8 6.6 3.4
v -0.7 6.6 3.3
v -0.5 6.6 3.3
v -0.3 6.6 3.3
v -0.2 6.6 3.3
v -0.0999999 6.6 3.3
v 0.1 6.6 3.3
v 0.2 6.6 3.3
v 0.4 6.6 3.3
v 0.6 6.6 3.3
v 0.7 6.6 3.3
v 0.8 6.6 3.3
v -0.8 6.6 3.2
v -0.7 6.6 3.2
v 0.8 6.6 3.2
v 0.9 6.6 3.2
v -0.7 6.6 3.1
v -0.5 6.6 3.1
v -0.3 6.6 3.1
v -0.0999999 6.6 3.1
v 0.2 6.6 3.1
v 0.4 6.6 3.1
v 0.6 6.6 3.1
v 0.8 6.6 3.1
v 0.9 6.6 3.1
v -0.8 6.6 3
v -0.7 6.6 3
v -3.9 6.6 2.9
v -3.8 6.6 2.9
v -0.7 6.6 2.9
v -0.6 6.6 2.9
v -0.5 6.6 2.9
v 0.6 6.6 2.9
v 0.7 6.6 2.9
v 0.8 6.6 2.9
v -3.9 6.6 2.8
v -3.8 6.6 2.8
v 3.9 6.6 2.3
v 4 6.6 2.3
v 3.9 6.6 2.2
v 4 6.6 2.2
v 3.9 6.6 -1.8
v 4 6.6 -1.8
v 3.9 6.6 -2
v 4 6.6 -2
v -3.7 6.6 -2.2
v -3.6 6.6 -2.2
v -3.9 6.6 -2.3
v -3.8 6.6 -2.3
v -3.7 6.6 -2.3
v -3.6 6.6 -2.3
v -3.9 6.6 -2.4
v -3.8 6.6 -2.4
v -3.7 6.6 -2.4
v -3.9 6.6 -3.1
v -3.8 6.6 -3.1
v -3.9 6.6 -3.2
v -3.8 6.6 -3.2
v 2.9 6.6 -3.7
v 3 6.6 -3.7
v -2 6.6 -3.8
v -1.8 6.6 -3.8
v 0.3 6.6 -3.8
v 0.4 6.6 -3.8
v 2.9 6.6 -3.8
v 3 6.6 -3.8
v -2 6.6 -3.9
v -1.8 6.6 -3.9
v 0.3 6.6 -3.9
v 0.4 6.6 -3.9
v 2.9 6.6 -3.9
v 3 6.6 -3.9
v -0.2 6.7 3.4
v -0.0999999 6.7 3.4
v 0.6 6.7 3.4
v 0.7 6.7 3.4
v -0.2 6.7 3.3
v -0.0999999 6.7 3.3
v 0.6 6.7 3.3
v 0.7 6.7 3.3
v 0.8 6.7 3.3
v 0.9 6.7 3.3
v 0.8 6.7 3.2
v 0.9 6.7 3.2
v -3.9 6.7 1.3
v -3.8 6.7 1.3
v -3.7 6.7 1.3
v -3.9 6.7 1.2
v -3.8 6.7 1.2
v -3.7 6.7 1.2
v -3.9 6.7 -0.8
v -3.8 6.7 -0.8
v -3.9 6.7 -0.9
v -3.8 6.7 -0.9
v 3.9 6.7 -2
v 4 6.7 -2
v 3.9 6.7 -2.3
v 4 6.7 -2.3
v -3.9 6.7 -3.2
v -3.8 6.7 -3.2
v -3.9 6.7 -3.3
v -3.8 6.7 -3.3
v -1.8 6.7 -3.8
v -1.6 6.7 -3.8
v -1.8 6.7 -3.9
v -1.6 6.7 -3.9
v -3.8 6.8 1.4
v -3.7 6.8 1.4
v -3.6 6.8 1.4
v -3.8 6.8 1.3
v -3.6 6.8 1.3
v 3.9 6.8 -1.7
v 4 6.8 -1.7
v 3.9 6.8 -1.8
v 4 6.8 -1.8
v -3.7 6.8 -2.1
v -3.6 6.8 -2.1
v -3.9 6.8 -2.2
v -3.7 6.8 -2.2
v -3.6 6.8 -2.2
v -3.9 6.8 -2.3
v -3.8 6.8 -2.3
v -3.7 6.8 -2.3
v 3.9 6.8 -2.3
v 4 6.8 -2.3
v 3.9 6.8 -2.5
v 4 6.8 -2.5
v -3.9 6.8 -3.3
v -3.8 6.8 -3.3
v -3.9 6.8 -3.4
v -3.8 6.8 -3.4
v -1.6 6.8 -3.8
v -1.4 6.8 -3.8
v 0.2 6.8 -3.8
v 0.3 6.8 -3.8
v 3 6.8 -3.8
v 3.1 6.8 -3.8
v -1.6 6.8 -3.9
v -1.4 6.8 -3.9
v 0.2 6.8 -3.9
v 0.3 6.8 -3.9
v 3 6.8 -3.9
v 3.1 6.8 -3.9
v 3.9 6.9 2.2
v 4 6.9 2.2
v 3.9 6.9 2.1
v 4 6.9 2.1
v -3.7 6.9 1.6
v -3.6 6.9 1.6
v -3.9 6.9 1.5
v -3.7 6.9 1.5
v -3.6 6.9 1.5
v -3.9 6.9 1.4
v -3.8 6.9 1.4
v -3.7 6.9 1.4
v -3.6 6.9 1.4
v -3.9 6.9 1.3
v -3.8 6.9 1.3
v -3.8 6.9 -2.1
v -3.7 6.9 -2.1
v -3.8 6.9 -2.2
v -3.7 6.9 -2.2
v -1.4 6.9 -3.8
v -1.2 6.9 -3.8
v 3.1 6.9 -3.8
v 3.2 6.9 -3.8
v -1.4 6.9 -3.9
v -1.2 6.9 -3.9
v 3.1 6.9 -3.9
v 3.2 6.9 -3.9
v -3.8 7 2.9
v -3.7 7 2.9
v -3.8 7 2.8
v -3.7 7 2.8
v -3.7 7 1.7
v -3.6 7 1.7
v -3.9 7 1.6
v -3.8 7 1.6
v -3.7 7 1.6
v -3.6 7 1.6
v -3.9 7 1.5
v -3.8 7 1.5
v -3.7 7 1.5
v -3.9 7 -0.7
v -3.8 7 -0.7
v -3.9 7 -0.8
v -3.8 7 -0.8
v -3.7 7 -2
v -3.6 7 -2
v -3.9 7 -2.1
v -3.8 7 -2.1
v -3.7 7 -2.1
v -3.6 7 -2.1
v -3.9 7 -2.2
v -3.8 7 -2.2
v -3.9 7 -3.4
v -3.8 7 -3.4
v -3.9 7 -3.5
v -3.8 7 -3.5
v -1 7 -3.7
v -0.9 7 -3.7
v -1.2 7 -3.8
v -1 7 -3.8
v -0.9 7 -3.8
v 0.1 7 -3.8
v 0.2 7 -3.8
v 3.2 7 -3.8
v 3.3 7 -3.8
v -1.2 7 -3.9
v -0.9 7 -3.9
v 0.1 7 -3.9
v 0.2 7 -3.9
v 3.2 7 -3.9
v 3.3 7 -3.9
v -3.9 7.1 1.8
v -3.8 7.1 1.8
v -3.7 7.1 1.8
v -3.6 7.1 1.8
v -3.9 7.1 1.7
v -3.8 7.1 1.7
v -3.7 7.1 1.7
v -3.6 7.1 1.7
v -3.9 7.1 1.6
v -3.8 7.1 1.6
v -3.7 7.1 1.6
v 3.9 7.1 -1.5
v 4 7.1 -1.5
v 3.9 7.1 -1.6
v 4 7.1 -1.6
v -3.8 7.1 -2
v -3.7 7.1 -2
v -3.8 7.1 -2.1
v -3.7 7.1 -2.1
v -3.9 7.1 -3.5
v -3.8 7.1 -3.5
v -3.9 7.1 -3.6
v -3.8 7.1 -3.6
v 3.9 7.2 2.1
v 4 7.2 2.1
v -3.7 7.2 2
v -3.6 7.2 2
v 3.9 7.2 2
v 4 7.2 2
v -3.9 7.2 1.9
v -3.8 7.2 1.9
v -3.7 7.2 1.9
v -3.6 7.2 1.9
v -3.9 7.2 1.8
v -3.8 7.2 1.8
v -3.7 7.2 1.8
v -3.6 7.2 1.8
v -3.8 7.2 1.7
v -3.7 7.2 1.7
v -3.9 7.2 -0.6
v -3.8 7.2 -0.6
v -3.9 7.2 -0.7
v -3.8 7.2 -0.7
v 3.9 7.2 -1.7
v 4 7.2 -1.7
v -3.7 7.2 -1.9
v -3.6 7.2 -1.9
v -3.9 7.2 -2
v -3.8 7.2 -2
v -3.7 7.2 -2
v -3.6 7.2 -2
v 3.9 7.2 -2
v 4 7.2 -2
v -3.9 7.2 -2.1
v -3.8 7.2 -2.1
v -3.9 7.2 -3.6
v -3.8 7.2 -3.6
v -3.9 7.2 -3.7
v -3.8 7.2 -3.7
v -0.9 7.2 -3.8
v -0.8 7.2 -3.8
v 0 7.2 -3.8
v 0.1 7.2 -3.8
v 3.3 7.2 -3.8
v 3.4 7.2 -3.8
v -0.9 7.2 -3.9
v -0.8 7.2 -3.9
v 0 7.2 -3.9
v 0.1 7.2 -3.9
v 3.3 7.2 -3.9
v 3.4 7.2 -3.9
v -3.9 7.3 2.4
v -3.8 7.3 2.4
v -3.9 7.3 2.3
v -3.8 7.3 2.3
v -3.9 7.3 2.1
v -3.8 7.3 2.1
v -3.7 7.3 2.1
v -3.6 7.3 2.1
v -3.7 7.3 2
v -3.6 7.3 2
v -3.9 7.3 1.9
v -3.8 7.3 1.9
v -3.7 7.3 1.9
v 3.9 7.3 -1.5
v 4 7.3 -1.5
v 3.9 7.3 -1.7
v 4 7.3 -1.7
v -3.8 7.3 -1.9
v -3.7 7.3 -1.9
v -3.8 7.3 -2
v -3.7 7.3 -2
v 3.9 7.3 -2
v 4 7.3 -2
v 3.9 7.3 -2.1
v 4 7.3 -2.1
v -3.9 7.3 -3.7
v -3.8 7.3 -3.7
v -3.9 7.3 -3.8
v -3.8 7.3 -3.8
v 3.4 7.3 -3.8
v 3.5 7.3 -3.8
v 3.4 7.3 -3.9
v 3.5 7.3 -3.9
v -3.7 7.4 2.9
v -3.6 7.4 2.9
v -3.7 7.4 2.8
v -3.6 7.4 2.8
v -3.9 7.4 2.2
v -3.8 7.4 2.2
v -3.7 7.4 2.2
v -3.9 7.4 2.1
v -3.8 7.4 2.1
v -3.7 7.4 2.1
v -3.9 7.4 -0.5
v -3.8 7.4 -0.5
v -3.9 7.4 -0.6
v -3.8 7.4 -0.6
v 3.9 7.4 -1.3
v 4 7.4 -1.3
v 3.9 7.4 -1.5
v 4 7.4 -1.5
v -3.7 7.4 -1.8
v -3.6 7.4 -1.8
v -3.9 7.4 -1.9
v -3.8 7.4 -1.9
v -3.7 7.4 -1.9
v -3.6 7.4 -1.9
v -3.9 7.4 -2
v -3.8 7.4 -2
v 3.9 7.4 -2.1
v 4 7.4 -2.1
v 3.9 7.4 -2.2
v 4 7.4 -2.2
v -3.9 7.4 -3.8
v -3.8 7.4 -3.8
v -0.8 7.4 -3.8
v -0.7 7.4 -3.8
v -0.0999999 7.4 -3.8
v 0 7.4 -3.8
v -3.9 7.4 -3.9
v -3.8 7.4 -3.9
v -0.8 7.4 -3.9
v -0.7 7.4 -3.9
v -0.0999999 7.4 -3.9
v 0 7.4 -3.9
v 3.9 7.5 2.9
v 4 7.5 2.9
v 3.9 7.5 2.8
v 4 7.5 2.8
v 3.9 7.5 2
v 4 7.5 2
v 3.9 7.5 1.9
v 4 7.5 1.9
v 3.9 7.5 1.8
v 4 7.5 1.8
v 3.9 7.5 1.7
v 4 7.5 1.7
v -3.9 7.5 -0.4
v -3.8 7.5 -0.4
v -3.9 7.5 -0.5
v -3.8 7.5 -0.5
v 3.9 7.5 -1.1
v 4 7.5 -1.1
v 3.9 7.5 -1.3
v 4 7.5 -1.3
v -3.9 7.5 -1.6
v -3.8 7.5 -1.6
v -3.9 7.5 -1.7
v -3.8 7.5 -1.7
v -3.7 7.5 -1.7
v -3.6 7.5 -1.7
v -3.9 7.5 -1.8
v -3.8 7.5 -1.8
v -3.7 7.5 -1.8
v -3.6 7.5 -1.8
v -3.9 7.5 -1.9
v -3.8 7.5 -1.9
v -3.7 7.5 -1.9
v 3.9 7.5 -2.2
v 4 7.5 -2.2
v 3.9 7.5 -2.3
v 4 7.5 -2.3
v -3.8 7.5 -3.8
v -3.7 7.5 -3.8
v -3.8 7.5 -3.9
v -3.7 7.5 -3.9
v -1.5 7.6 2.9
v -1.4 7.6 2.9
v 3.3 7.6 2.9
v 3.4 7.6 2.9
v -1.5 7.6 2.8
v -1.4 7.6 2.8
v 1.7 7.6 2.8
v 1.8 7.6 2.8
v 3.3 7.6 2.8
v 3.4 7.6 2.8
v 1.7 7.6 2.7
v 1.8 7.6 2.7
v 3.9 7.6 2.1
v 4 7.6 2.1
v 3.9 7.6 2
v 4 7.6 2
v 3.9 7.6 1.7
v 4 7.6 1.7
v 3.9 7.6 1.4
v 4 7.6 1.4
v 3.9 7.6 -0.9
v 4 7.6 -0.9
v 3.9 7.6 -1.1
v 4 7.6 -1.1
v -3.9 7.6 -1.7
v -3.8 7.6 -1.7
v -3.9 7.6 -1.8
v -3.8 7.6 -1.8
v 3.9 7.6 -2.3
v 4 7.6 -2.3
v 3.9 7.6 -2.4
v 4 7.6 -2.4
v -3.7 7.6 -3.8
v -3.6 7.6 -3.8
v -0.7 7.6 -3.8
v -0.6 7.6 -3.8
v -0.2 7.6 -3.8
v -0.0999999 7.6 -3.8
v 3.5 7.6 -3.8
v 3.6 7.6 -3.8
v -3.7 7.6 -3.9
v -3.6 7.6 -3.9
v -0.7 7.6 -3.9
v -0.6 7.6 -3.9
v -0.2 7.6 -3.9
v -0.0999999 7.6 -3.9
v 3.5 7.6 -3.9
v 3.6 7.6 -3.9
v -3.2 7.7 2.9
v -1.6 7.7 2.9
v 1.7 7.7 2.9
v 3.3 7.7 2.9
v -3.2 7.7 2.8
v -1.6 7.7 2.8
v 1.7 7.7 2.8
v 1.8 7.7 2.8
v 3.3 7.7 2.8
v -3.9 7.7 2.3
v -3.8 7.7 2.3
v 3.9 7.7 2.3
v 4 7.7 2.3
v -3.9 7.7 2.2
v -3.8 7.7 2.2
v 3.9 7.7 2.1
v 4 7.7 2.1
v 3.9 7.7 1.9
v 4 7.7 1.9
v 3.9 7.7 1.8
v 4 7.7 1.8
v 3.9 7.7 1.4
v 4 7.7 1.4
v 3.9 7.7 1.1
v 4 7.7 1.1
v 3.9 7.7 -0.7
v 4 7.7 -0.7
v 3.9 7.7 -0.9
v 4 7.7 -0.9
v 3.9 7.7 -2.4
v 4 7.7 -2.4
v 3.9 7.7 -2.5
v 4 7.7 -2.5
v -3.6 7.7 -3.8
v -3.5 7.7 -3.8
v -3.6 7.7 -3.9
v -3.5 7.7 -3.9
v -3.6 7.8 2.9
v -3.5 7.8 2.9
v -0.4 7.8 2.9
v 0.5 7.8 2.9
v 1.6 7.8 2.9
v 1.7 7.8 2.9
v -3.6 7.8 2.8
v -3.5 7.8 2.8
v 1.6 7.8 2.8
v 1.7 7.8 2.8
v -0.4 7.8 2.7
v 0.2 7.8 2.7
v 0.3 7.8 2.7
v 0.5 7.8 2.7
v 0.2 7.8 2.6
v 0.3 7.8 2.6
v 3.9 7.8 2.4
v 4 7.8 2.4
v 3.9 7.8 2.3
v 4 7.8 2.3
v 3.9 7.8 1.1
v 4 7.8 1.1
v 3.9 7.8 0.9
v 4 7.8 0.9
v -3.9 7.8 -0.5
v -3.8 7.8 -0.5
v -3.9 7.8 -0.6
v -3.8 7.8 -0.6
v -3.9 7.8 -1.8
v -3.8 7.8 -1.8
v -3.9 7.8 -1.9
v -3.8 7.8 -1.9
v 3.9 7.8 -2.5
v 4 7.8 -2.5
v 3.9 7.8 -2.6
v 4 7.8 -2.6
v -3.5 7.8 -3.8
v -3.4 7.8 -3.8
v -0.6 7.8 -3.8
v -0.5 7.8 -3.8
v -0.3 7.8 -3.8
v -0.2 7.8 -3.8
v -3.5 7.8 -3.9
v -3.4 7.8 -3.9
v -0.6 7.8 -3.9
v -0.5 7.8 -3.9
v -0.3 7.8 -3.9
v -0.2 7.8 -3.9
v -0.6 7.9 3.2
v 0.7 7.9 3.2
v 0.6 7.9 3.1
v 0.7 7.9 3.1
v -0.6 7.9 2.9
v 0.5 7.9 2.9
v 0.6 7.9 2.9
v 0.5 7.9 2.8
v 0.6 7.9 2.8
v 3.9 7.9 2.6
v 4 7.9 2.6
v 3.9 7.9 2.4
v 4 7.9 2.4
v 3.9 7.9 0.9
v 4 7.9 0.9
v 3.9 7.9 0.6
v 4 7.9 0.6
v -3.9 7.9 -1.9
v -3.8 7.9 -1.9
v -3.9 7.9 -2
v -3.8 7.9 -2
v 3.9 7.9 -2.6
v 4 7.9 -2.6
v 3.9 7.9 -2.7
v 4 7.9 -2.7
v -3.4 7.9 -3.8
v -3.3 7.9 -3.8
v -3.4 7.9 -3.9
v -3.3 7.9 -3.9
v -0.7 8 3.3
v 0.8 8 3.3
v -0.6 8 3.2
v 0.7 8 3.2
v 0.6 8 3.1
v 0.7 8 3.1
v 0.8 8 3.1
v -4 8 3
v -3.4 8 3
v -3.3 8 3
v -3.1 8 3
v -3 8 3
v -1.4 8 3
v -1.3 8 3
v -0.7 8 3
v 0.7 8 3
v 0.8 8 3
v 0.9 8 3
v 1.6 8 3
v 1.7 8 3
v 3.5 8 3
v 3.6 8 3
v 3.8 8 3
v 3.9 8 3
v 4.1 8 3
v -3.9 8 2.9
v -3.5 8 2.9
v -3.4 8 2.9
v -3.3 8 2.9
v -3.1 8 2.9
v -3 8 2.9
v -1.4 8 2.9
v -1.3 8 2.9
v -0.6 8 2.9
v 0.6 8 2.9
v 0.7 8 2.9
v 0.8 8 2.9
v 0.9 8 2.9
v 1.5 8 2.9
v 1.6 8 2.9
v 1.7 8 2.9
v 3.4 8 2.9
v 3.5 8 2.9
v 3.6 8 2.9
v 3.8 8 2.9
v 3.9 8 2.9
v 4 8 2.9
v -3.5 8 2.8
v -3.4 8 2.8
v -3.1 8 2.8
v -3 8 2.8
v -1.4 8 2.8
v -1.3 8 2.8
v 1.5 8 2.8
v 1.6 8 2.8
v 3.4 8 2.8
v 3.5 8 2.8
v 3.8 8 2.8
v 3.9 8 2.8
v 4 8 2.8
v 3.9 8 2.7
v 4 8 2.7
v 3.9 8 2.6
v 4 8 2.6
v -4 8 2.2
v -3.9 8 2.2
v -3.8 8 2.2
v -4 8 2.1
v -3.9 8 2.1
v -3.8 8 2.1
v 3.9 8 0.6
v 4 8 0.6
v 4.1 8 0.6
v 4 8 0.5
v 4.1 8 0.5
v 3.9 8 0.4
v 4 8 0.4
v -3.9 8 -0.6
v -3.8 8 -0.6
v -3.9 8 -0.7
v -3.8 8 -0.7
v -4 8 -2
v -3.9 8 -2
v -3.8 8 -2
v -4 8 -2.1
v -3.9 8 -2.1
v -3.8 8 -2.1
v -3.3 8 -3.8
v -3.2 8 -3.8
v -0.5 8 -3.8
v -0.3 8 -3.8
v 3.4 8 -3.8
v 3.5 8 -3.8
v -3.9 8 -3.9
v -3.4 8 -3.9
v -3.3 8 -3.9
v -3.2 8 -3.9
v -0.5 8 -3.9
v -0.4 8 -3.9
v -0.3 8 -3.9
v 3.4 8 -3.9
v 3.5 8 -3.9
v 4 8 -3.9
v -4 8 -4
v -3.4 8 -4
v -3.3 8 -4
v -0.4 8 -4
v -0.3 8 -4
v 3.4 8 -4
v 3.5 8 -4
v 4.1 8 -4
v 0.7 8.1 3.1
v 0.8 8.1 3.1
v -3.1 8.1 3
v -3 8.1 3
v -1.4 8.1 3
v -1.3 8.1 3
v 0.7 8.1 3
v 0.8 8.1 3
v 0.9 8.1 3
v 1.6 8.1 3
v 1.7 8.1 3
v -3.1 8.1 2.9
v -3 8.1 2.9
v -1.4 8.1 2.9
v -1.3 8.1 2.9
v 0.8 8.1 2.9
v 0.9 8.1 2.9
v 1.6 8.1 2.9
v 1.7 8.1 2.9
v 4 8.1 0.6
v 4.1 8.1 0.6
v 4 8.1 0.5
v 4.1 8.1 0.5
v -4 8.1 -2
v -3.9 8.1 -2
v -4 8.1 -2.1
v -3.9 8.1 -2.1
v -3.4 8.1 -3.9
v -3.3 8.1 -3.9
v -0.4 8.1 -3.9
v -0.3 8.1 -3.9
v 3.4 8.1 -3.9
v 3.5 8.1 -3.9
v -3.4 8.1 -4
v -3.3 8.1 -4
v -0.4 8.1 -4
v -0.3 8.1 -4
v 3.4 8.1 -4
v 3.5 8.1 -4
v -3.1 8.3 3
v -1.5 8.3 3
v 1.6 8.3 3
v 3.4 8.3 3
v -3.1 8.3 2.9
v -1.5 8.3 2.9
v 0.8 8.3 2.9
v 0.9 8.3 2.9
v 1.4 8.3 2.9
v 1.5 8.3 2.9
v 1.6 8.3 2.9
v 3.4 8.3 2.9
v 0.8 8.3 2.8
v 0.9 8.3 2.8
v 1.4 8.3 2.8
v 1.5 8.3 2.8
v -3.9 8.3 -2.1
v -3.8 8.3 -2.1
v 3.9 8.3 -2.1
v 4 8.3 -2.1
v -3.9 8.3 -2.2
v -3.8 8.3 -2.2
v -3.7 8.3 -2.2
v 3.9 8.3 -2.2
v 4 8.3 -2.2
v -3.8 8.3 -2.3
v -3.7 8.3 -2.3
v -3 8.3 -3.8
v -2.9 8.3 -3.8
v -0.6 8.3 -3.8
v -0.4 8.3 -3.8
v 2.6 8.3 -3.8
v 2.7 8.3 -3.8
v -3 8.3 -3.9
v -2.9 8.3 -3.9
v -0.6 8.3 -3.9
v -0.4 8.3 -3.9
v 2.6 8.3 -3.9
v 2.7 8.3 -3.9
v -0.4 8.4 3.4
v -0.2 8.4 3.4
v 0 8.4 3.4
v 0.1 8.4 3.4
v 0.2 8.4 3.4
v 0.3 8.4 3.4
v -0.5 8.4 3.3
v -0.4 8.4 3.3
v -0.3 8.4 3.3
v -0.2 8.4 3.3
v -0.0999999 8.4 3.3
v 0 8.4 3.3
v 0.1 8.4 3.3
v 0.2 8.4 3.3
v 0.3 8.4 3.3
v 0.4 8.4 3.3
v 0.6 8.4 3.3
v -0.8 8.4 3.2
v -0.7 8.4 3.2
v 0.8 8.4 3.2
v 0.9 8.4 3.2
v -0.8 8.4 3.1
v -0.7 8.4 3.1
v -0.5 8.4 3.1
v -0.3 8.4 3.1
v -0.0999999 8.4 3.1
v 0.2 8.4 3.1
v 0.4 8.4 3.1
v 0.6 8.4 3.1
v 0.8 8.4 3.1
v 0.9 8.4 3.1
v -0.8 8.4 3
v -0.7 8.4 3
v -3.4 8.4 2.9
v -3.3 8.4 2.9
v -0.7 8.4 2.9
v -0.6 8.4 2.9
v -0.5 8.4 2.9
v 0.6 8.4 2.9
v 0.7 8.4 2.9
v 0.8 8.4 2.9
v 0.9 8.4 2.9
v 1 8.4 2.9
v -3.4 8.4 2.8
v -3.3 8.4 2.8
v 0.9 8.4 2.8
v 1 8.4 2.8
v -3.9 8.4 2.2
v -3.8 8.4 2.2
v -3.9 8.4 2.1
v -3.8 8.4 2.1
v 3.9 8.4 2
v 4 8.4 2
v 3.9 8.4 1.9
v 4 8.4 1.9
v -3.9 8.4 -2.2
v -3.8 8.4 -2.2
v 3.9 8.4 -2.2
v 4 8.4 -2.2
v -3.9 8.4 -2.3
v -3.8 8.4 -2.3
v 3.9 8.4 -2.3
v 4 8.4 -2.3
v 3.9 8.4 -2.8
v 4 8.4 -2.8
v 3.9 8.4 -2.9
v 4 8.4 -2.9
v -2.9 8.4 -3.8
v -2.8 8.4 -3.8
v -2 8.4 -3.8
v -1.9 8.4 -3.8
v 1.2 8.4 -3.8
v 1.3 8.4 -3.8
v 2.5 8.4 -3.8
v 2.6 8.4 -3.8
v -2.9 8.4 -3.9
v -2.8 8.4 -3.9
v -2 8.4 -3.9
v -1.9 8.4 -3.9
v 1.2 8.4 -3.9
v 1.3 8.4 -3.9
v 2.5 8.4 -3.9
v 2.6 8.4 -3.9
v -0.0999999 8.5 3.4
v 0 8.5 3.4
v 0.3 8.5 3.4
v 0.4 8.5 3.4
v -0.0999999 8.5 3.3
v 0 8.5 3.3
v 0.3 8.5 3.3
v 0.4 8.5 3.3
v 0.8 8.5 3.3
v 0.9 8.5 3.3
v 0.8 8.5 3.2
v 0.9 8.5 3.2
v -1.3 8.5 2.9
v -1.2 8.5 2.9
v 1 8.5 2.9
v 1.1 8.5 2.9
v 1.3 8.5 2.9
v 1.4 8.5 2.9
v -3.2 8.5 2.8
v -3.1 8.5 2.8
v -1.3 8.5 2.8
v -1.2 8.5 2.8
v 1 8.5 2.8
v 1.1 8.5 2.8
v 1.3 8.5 2.8
v 1.4 8.5 2.8
v -3.2 8.5 2.7
v -3.1 8.5 2.7
v 3.9 8.5 1.9
v 4 8.5 1.9
v 3.9 8.5 1.7
v 4 8.5 1.7
v -3.9 8.5 0.7
v -3.8 8.5 0.7
v -3.9 8.5 0.6
v -3.8 8.5 0.6
v 3.9 8.5 -0.6
v 4 8.5 -0.6
v 3.9 8.5 -0.8
v 4 8.5 -0.8
v -3.9 8.5 -2.3
v -3.8 8.5 -2.3
v -3.9 8.5 -2.4
v -3.8 8.5 -2.4
v 3.9 8.5 -2.7
v 4 8.5 -2.7
v 3.9 8.5 -2.8
v 4 8.5 -2.8
v 3.3 8.5 -3.7
v 3.4 8.5 -3.7
v -2.8 8.5 -3.8
v -2.7 8.5 -3.8
v 1.3 8.5 -3.8
v 1.4 8.5 -3.8
v 2.3 8.5 -3.8
v 2.5 8.5 -3.8
v 3.3 8.5 -3.8
v 3.4 8.5 -3.8
v -2.8 8.5 -3.9
v -2.7 8.5 -3.9
v 1.3 8.5 -3.9
v 1.4 8.5 -3.9
v 2.3 8.5 -3.9
v 2.5 8.5 -3.9
v -0.7 8.6 3.4
v -0.6 8.6 3.4
v -0.7 8.6 3.3
v -0.6 8.6 3.3
v -3.3 8.6 2.9
v -3.2 8.6 2.9
v 3.5 8.6 2.9
v 3.6 8.6 2.9
v -3.3 8.6 2.8
v -3.2 8.6 2.8
v 3.5 8.6 2.8
v 3.6 8.6 2.8
v 3.9 8.6 1.7
v 4 8.6 1.7
v 3.9 8.6 1.6
v 4 8.6 1.6
v 3.9 8.6 -0.4
v 4 8.6 -0.4
v 3.9 8.6 -0.6
v 4 8.6 -0.6
v -3.9 8.6 -2.1
v -3.8 8.6 -2.1
v -3.9 8.6 -2.2
v -3.8 8.6 -2.2
v -3.9 8.6 -2.4
v -3.8 8.6 -2.4
v -3.9 8.6 -2.5
v -3.8 8.6 -2.5
v -2.7 8.6 -3.8
v -2.6 8.6 -3.8
v -2.1 8.6 -3.8
v -2 8.6 -3.8
v 1.4 8.6 -3.8
v 1.5 8.6 -3.8
v 1.6 8.6 -3.8
v 1.7 8.6 -3.8
v 2.2 8.6 -3.8
v 2.3 8.6 -3.8
v 3.3 8.6 -3.8
v 3.4 8.6 -3.8
v -2.7 8.6 -3.9
v -2.6 8.6 -3.9
v -2.1 8.6 -3.9
v -2 8.6 -3.9
v 1.4 8.6 -3.9
v 1.5 8.6 -3.9
v 1.6 8.6 -3.9
v 1.7 8.6 -3.9
v 2.2 8.6 -3.9
v 2.3 8.6 -3.9
v 3.3 8.6 -3.9
v 3.4 8.6 -3.9
v 1.2 8.7 2.9
v 1.3 8.7 2.9
v 1.2 8.7 2.8
v 1.3 8.7 2.8
v 3.9 8.7 1.6
v 4 8.7 1.6
v 3.9 8.7 1.4
v 4 8.7 1.4
v 3.9 8.7 -0.2
v 4 8.7 -0.2
v 3.9 8.7 -0.4
v 4 8.7 -0.4
v -3.9 8.7 -2.5
v -3.8 8.7 -2.5
v -3.9 8.7 -2.6
v -3.8 8.7 -2.6
v 3.9 8.7 -2.6
v 4 8.7 -2.6
v 3.9 8.7 -2.7
v 4 8.7 -2.7
v -2.6 8.7 -3.8
v -2.5 8.7 -3.8
v -2.2 8.7 -3.8
v -2.1 8.7 -3.8
v 2.1 8.7 -3.8
v 2.2 8.7 -3.8
v -2.6 8.7 -3.9
v -2.5 8.7 -3.9
v -2.2 8.7 -3.9
v -2.1 8.7 -3.9
v 2.1 8.7 -3.9
v 2.2 8.7 -3.9
v 1.1 8.8 2.9
v 1.2 8.8 2.9
v 1.3 8.8 2.9
v 1.4 8.8 2.9
v 1.1 8.8 2.8
v 1.2 8.8 2.8
v 1.3 8.8 2.8
v 1.4 8.8 2.8
v -3.9 8.8 2.1
v -3.8 8.8 2.1
v -3.9 8.8 2
v -3.8 8.8 2
v 3.9 8.8 1.4
v 4 8.8 1.4
v 3.9 8.8 1.2
v 4 8.8 1.2
v 3.9 8.8 0
v 4 8.8 0
v 3.9 8.8 -0.2
v 4 8.8 -0.2
v -3.9 8.8 -2
v -3.8 8.8 -2
v -3.9 8.8 -2.1
v -3.8 8.8 -2.1
v 3.9 8.8 -2.3
v 4 8.8 -2.3
v 3.9 8.8 -2.4
v 4 8.8 -2.4
v 3.9 8.8 -2.5
v 4 8.8 -2.5
v 3.9 8.8 -2.6
v 4 8.8 -2.6
v -2.5 8.8 -3.8
v -2.4 8.8 -3.8
v 1.5 8.8 -3.8
v 1.6 8.8 -3.8
v 2 8.8 -3.8
v 2.1 8.8 -3.8
v 3.2 8.8 -3.8
v 3.3 8.8 -3.8
v -2.5 8.8 -3.9
v -2.4 8.8 -3.9
v 1.5 8.8 -3.9
v 1.6 8.8 -3.9
v 2 8.8 -3.9
v 2.1 8.8 -3.9
v 3.2 8.8 -3.9
v 3.3 8.8 -3.9
v 1.4 8.9 2.9
v 1.5 8.9 2.9
v 1.4 8.9 2.8
v 1.5 8.9 2.8
v 3.9 8.9 1.2
v 4 8.9 1.2
v 3.9 8.9 1.1
v 4 8.9 1.1
v -3.9 8.9 0.6
v -3.8 8.9 0.6
v -3.9 8.9 0.5
v -3.8 8.9 0.5
v 3.9 8.9 0.2
v 4 8.9 0.2
v 3.9 8.9 0
v 4 8.9 0
v 3.9 8.9 -2.4
v 4 8.9 -2.4
v 3.9 8.9 -2.5
v 4 8.9 -2.5
v -2.4 8.9 -3.8
v -2.3 8.9 -3.8
v 1.4 8.9 -3.8
v 1.5 8.9 -3.8
v 1.9 8.9 -3.8
v 2 8.9 -3.8
v 2.9 8.9 -3.8
v 3 8.9 -3.8
v -2.4 8.9 -3.9
v -2.3 8.9 -3.9
v 1.4 8.9 -3.9
v 1.5 8.9 -3.9
v 1.9 8.9 -3.9
v 2 8.9 -3.9
v 2.9 8.9 -3.9
v 3 8.9 -3.9
v -3.4 9 2.9
v -3.3 9 2.9
v 1 9 2.9
v 1.1 9 2.9
v 1.5 9 2.9
v 1.6 9 2.9
v 3.7 9 2.9
v 3.8 9 2.9
v -3.4 9 2.8
v -3.3 9 2.8
v 1 9 2.8
v 1.1 9 2.8
v 1.5 9 2.8
v 1.6 9 2.8
v 3.7 9 2.8
v 3.8 9 2.8
v 3.9 9 1.1
v 4 9 1.1
v 3.9 9 0.9
v 4 9 0.9
v 3.9 9 0.4
v 4 9 0.4
v 3.9 9 0.2
v 4 9 0.2
v -3.9 9 -1.9
v -3.8 9 -1.9
v -3.9 9 -2
v -3.8 9 -2
v 3.9 9 -3.6
v 4 9 -3.6
v 3.8 9 -3.7
v 3.9 9 -3.7
v -2.3 9 -3.8
v -2.2 9 -3.8
v 1.7 9 -3.8
v 1.9 9 -3.8
v 3.1 9 -3.8
v 3.2 9 -3.8
v -2.3 9 -3.9
v -2.2 9 -3.9
v 1.7 9 -3.9
v 1.9 9 -3.9
v 3.1 9 -3.9
v 3.2 9 -3.9
v 3.8 9 -3.9
v 3.9 9 -3.9
v 4 9 -3.9
v -1.2 9.1 2.9
v -1.1 9.1 2.9
v -1.2 9.1 2.8
v -1.1 9.1 2.8
v 3.9 9.1 0.6
v 4 9.1 0.6
v 3.9 9.1 0.4
v 4 9.1 0.4
v 3.9 9.1 -2.3
v 4 9.1 -2.3
v 3.9 9.1 -2.4
v 4 9.1 -2.4
v -3.9 9.1 -2.6
v -3.8 9.1 -2.6
v -3.7 9.1 -2.6
v -3.9 9.1 -2.7
v -3.8 9.1 -2.7
v -3.7 9.1 -2.7
v -2.2 9.1 -3.8
v -2 9.1 -3.8
v 1.6 9.1 -3.8
v 1.7 9.1 -3.8
v 3 9.1 -3.8
v 3.1 9.1 -3.8
v 3.6 9.1 -3.8
v 3.7 9.1 -3.8
v 3.8 9.1 -3.8
v -2.2 9.1 -3.9
v -2 9.1 -3.9
v 1.6 9.1 -3.9
v 1.7 9.1 -3.9
v 3 9.1 -3.9
v 3.1 9.1 -3.9
v 3.6 9.1 -3.9
v 3.7 9.1 -3.9
v 3.8 9.1 -3.9
v 0.9 9.2 2.9
v 1 9.2 2.9
v 1.6 9.2 2.9
v 1.7 9.2 2.9
v 0.9 9.2 2.8
v 1 9.2 2.8
v 1.6 9.2 2.8
v 1.7 9.2 2.8
v 1.8 9.2 2.8
v 1.7 9.2 2.7
v 1.8 9.2 2.7
v -3.9 9.2 2
v -3.8 9.2 2
v -3.9 9.2 1.9
v -3.8 9.2 1.9
v 3.9 9.2 0.9
v 4 9.2 0.9
v 3.9 9.2 0.6
v 4 9.2 0.6
v -3.9 9.2 -1.8
v -3.8 9.2 -1.8
v -3.9 9.2 -1.9
v -3.8 9.2 -1.9
v 3.9 9.2 -2.2
v 4 9.2 -2.2
v 3.9 9.2 -2.3
v 4 9.2 -2.3
v -3.9 9.2 -2.7
v -3.8 9.2 -2.7
v -3.9 9.2 -2.8
v -3.8 9.2 -2.8
v 3.9 9.2 -3.5
v 4 9.2 -3.5
v 3.9 9.2 -3.6
v 4 9.2 -3.6
v -2 9.2 -3.8
v -1.9 9.2 -3.8
v 1.5 9.2 -3.8
v 1.6 9.2 -3.8
v 3.4 9.2 -3.8
v 3.6 9.2 -3.8
v -2 9.2 -3.9
v -1.9 9.2 -3.9
v 1.5 9.2 -3.9
v 1.6 9.2 -3.9
v 3.4 9.2 -3.9
v 3.6 9.2 -3.9
v -3.5 9.3 2.9
v -3.4 9.3 2.9
v 3.5 9.3 2.9
v 3.6 9.3 2.9
v -3.5 9.3 2.8
v -3.4 9.3 2.8
v 3.5 9.3 2.8
v 3.6 9.3 2.8
v 3.9 9.3 1.1
v 4 9.3 1.1
v 3.9 9.3 0.9
v 4 9.3 0.9
v 3.9 9.3 0.6
v 4 9.3 0.6
v 3.9 9.3 0.5
v 4 9.3 0.5
v 3.9 9.3 -2.1
v 4 9.3 -2.1
v 3.9 9.3 -2.2
v 4 9.3 -2.2
v -3.9 9.3 -2.8
v -3.8 9.3 -2.8
v -3.9 9.3 -2.9
v -3.8 9.3 -2.9
v -1.9 9.3 -3.8
v -1.8 9.3 -3.8
v 1.4 9.3 -3.8
v 1.5 9.3 -3.8
v 3.1 9.3 -3.8
v 3.2 9.3 -3.8
v 3.3 9.3 -3.8
v 3.4 9.3 -3.8
v -1.9 9.3 -3.9
v -1.8 9.3 -3.9
v 1.4 9.3 -3.9
v 1.5 9.3 -3.9
v 3.1 9.3 -3.9
v 3.2 9.3 -3.9
v 3.3 9.3 -3.9
v 3.4 9.3 -3.9
v 0.8 9.4 2.9
v 0.9 9.4 2.9
v 0.8 9.4 2.8
v 0.9 9.4 2.8
v 1.8 9.4 2.8
v 1.9 9.4 2.8
v 1.8 9.4 2.7
v 1.9 9.4 2.7
v 3.9 9.4 1.3
v 4 9.4 1.3
v 3.9 9.4 1.1
v 4 9.4 1.1
v -3.9 9.4 0.5
v -3.8 9.4 0.5
v 3.9 9.4 0.5
v 4 9.4 0.5
v -3.9 9.4 0.4
v -3.8 9.4 0.4
v 3.9 9.4 0.3
v 4 9.4 0.3
v -3.9 9.4 -1.7
v -3.8 9.4 -1.7
v -3.9 9.4 -1.8
v -3.8 9.4 -1.8
v 3.9 9.4 -2
v 4 9.4 -2
v 3.9 9.4 -2.1
v 4 9.4 -2.1
v -3.9 9.4 -2.9
v -3.8 9.4 -2.9
v -3.9 9.4 -3
v -3.8 9.4 -3
v -1.8 9.4 -3.8
v -1.7 9.4 -3.8
v 1.3 9.4 -3.8
v 1.4 9.4 -3.8
v 3.2 9.4 -3.8
v 3.3 9.4 -3.8
v -1.8 9.4 -3.9
v -1.7 9.4 -3.9
v 1.3 9.4 -3.9
v 1.4 9.4 -3.9
v 3.2 9.4 -3.9
v 3.3 9.4 -3.9
v -3.6 9.5 2.9
v -3.5 9.5 2.9
v -3.2 9.5 2.9
v -1.6 9.5 2.9
v -1.1 9.5 2.9
v -1 9.5 2.9
v 1.7 9.5 2.9
v 3.3 9.5 2.9
v -3.6 9.5 2.8
v -3.5 9.5 2.8
v -3.2 9.5 2.8
v -1.6 9.5 2.8
v -1.1 9.5 2.8
v -1 9.5 2.8
v 1.7 9.5 2.8
v 1.9 9.5 2.8
v 2 9.5 2.8
v 3.3 9.5 2.8
v 3.6 9.5 2.8
v 3.7 9.5 2.8
v 1.9 9.5 2.7
v 2 9.5 2.7
v 3.6 9.5 2.7
v 3.7 9.5 2.7
v 3.9 9.5 1.5
v 4 9.5 1.5
v 3.9 9.5 1.3
v 4 9.5 1.3
v 3.9 9.5 0.3
v 4 9.5 0.3
v 3.9 9.5 0.2
v 4 9.5 0.2
v -3.9 9.5 -3
v -3.8 9.5 -3
v -3.9 9.5 -3.2
v -3.8 9.5 -3.2
v -1.7 9.5 -3.8
v -1.6 9.5 -3.8
v 1.1 9.5 -3.8
v 1.3 9.5 -3.8
v -1.7 9.5 -3.9
v -1.6 9.5 -3.9
v 1.1 9.5 -3.9
v 1.3 9.5 -3.9
v -0.4 9.6 2.9
v 0.5 9.6 2.9
v -0.4 9.6 2.7
v 0.5 9.6 2.7
v -3.9 9.6 1.9
v -3.8 9.6 1.9
v -3.9 9.6 1.8
v -3.8 9.6 1.8
v 3.9 9.6 1.7
v 4 9.6 1.7
v 3.9 9.6 1.5
v 4 9.6 1.5
v 3.9 9.6 0.2
v 4 9.6 0.2
v 3.9 9.6 0.0999999
v 4 9.6 0.0999999
v -3.9 9.6 -1.6
v -3.8 9.6 -1.6
v -3.9 9.6 -1.7
v -3.8 9.6 -1.7
v 3.9 9.6 -1.9
v 4 9.6 -1.9
v 3.9 9.6 -2
v 4 9.6 -2
v -3.9 9.6 -3.2
v -3.8 9.6 -3.2
v -3.9 9.6 -3.3
v -3.8 9.6 -3.3
v 3.9 9.6 -3.4
v 4 9.6 -3.4
v 3.9 9.6 -3.5
v 4 9.6 -3.5
v -3.9 9.6 -3.8
v -3.8 9.6 -3.8
v -3.7 9.6 -3.8
v -1.6 9.6 -3.8
v -1.5 9.6 -3.8
v 1 9.6 -3.8
v 1.1 9.6 -3.8
v 3.1 9.6 -3.8
v 3.2 9.6 -3.8
v -3.9 9.6 -3.9
v -3.8 9.6 -3.9
v -3.7 9.6 -3.9
v -1.6 9.6 -3.9
v -1.5 9.6 -3.9
v 1 9.6 -3.9
v 1.1 9.6 -3.9
v 3.1 9.6 -3.9
v 3.2 9.6 -3.9
v -0.6 9.7 3.2
v 0.7 9.7 3.2
v -0.6 9.7 2.9
v 0.7 9.7 2.9
v 3.9 9.7 1.9
v 4 9.7 1.9
v 3.9 9.7 1.7
v 4 9.7 1.7
v -3.9 9.7 0.4
v -3.8 9.7 0.4
v -3.9 9.7 0.3
v -3.8 9.7 0.3
v 3.9 9.7 0.0999999
v 4 9.7 0.0999999
v 3.9 9.7 -0.1
v 4 9.7 -0.1
v 3.9 9.7 -1.8
v 4 9.7 -1.8
v 3.9 9.7 -1.9
v 4 9.7 -1.9
v -3.9 9.7 -3.3
v -3.8 9.7 -3.3
v -3.9 9.7 -3.4
v -3.8 9.7 -3.4
v -3.7 9.7 -3.8
v -3.3 9.7 -3.8
v -1.5 9.7 -3.8
v -1.4 9.7 -3.8
v 0.9 9.7 -3.8
v 1 9.7 -3.8
v 3 9.7 -3.8
v 3.1 9.7 -3.8
v -3.7 9.7 -3.9
v -3.3 9.7 -3.9
v -1.5 9.7 -3.9
v -1.4 9.7 -3.9
v 0.9 9.7 -3.9
v 1 9.7 -3.9
v 3 9.7 -3.9
v 3.1 9.7 -3.9
v -0.7 9.8 3.3
v 0.8 9.8 3.3
v -0.6 9.8 3.2
v 0.7 9.8 3.2
v -4 9.8 3
v -0.7 9.8 3
v 0.8 9.8 3
v 3.7 9.8 3
v 3.9 9.8 3
v 4.1 9.8 3
v -3.9 9.8 2.9
v -0.6 9.8 2.9
v 0.7 9.8 2.9
v 3.6 9.8 2.9
v 3.7 9.8 2.9
v 3.8 9.8 2.9
v 3.9 9.8 2.9
v 4 9.8 2.9
v 3.6 9.8 2.8
v 3.8 9.8 2.8
v -3.9 9.8 1.8
v -3.8 9.8 1.8
v -3.9 9.8 1.7
v -3.8 9.8 1.7
v 4 9.8 0.0999999
v 4.1 9.8 0.0999999
v 4 9.8 0
v 4.1 9.8 0
v 3.9 9.8 -0.1
v 4 9.8 -0.1
v 3.9 9.8 -0.2
v 4 9.8 -0.2
v 3.9 9.8 -1.7
v 4 9.8 -1.7
v 4.1 9.8 -1.7
v 3.9 9.8 -1.8
v 4 9.8 -1.8
v 4.1 9.8 -1.8
v 3.9 9.8 -3.3
v 4 9.8 -3.3
v -3.9 9.8 -3.4
v -3.8 9.8 -3.4
v 3.9 9.8 -3.4
v 4 9.8 -3.4
v -3.9 9.8 -3.5
v -3.8 9.8 -3.5
v -3.9 9.8 -3.7
v -3.3 9.8 -3.8
v -3 9.8 -3.8
v -1.4 9.8 -3.8
v -1.3 9.8 -3.8
v 0.8 9.8 -3.8
v 0.9 9.8 -3.8
v 2.9 9.8 -3.8
v 3 9.8 -3.8
v -3.9 9.8 -3.9
v -3.6 9.8 -3.9
v -3.4 9.8 -3.9
v -3.3 9.8 -3.9
v -3 9.8 -3.9
v -1.5 9.8 -3.9
v -1.4 9.8 -3.9
v -1.3 9.8 -3.9
v 0.8 9.8 -3.9
v 0.9 9.8 -3.9
v 2.9 9.8 -3.9
v 3 9.8 -3.9
v 3.7 9.8 -3.9
v 3.9 9.8 -3.9
v 4 9.8 -3.9
v -4 9.8 -4
v -3.6 9.8 -4
v -3.4 9.8 -4
v -1.5 9.8 -4
v -1.4 9.8 -4
v 0.8 9.8 -4
v 0.9 9.8 -4
v 4.1 9.8 -4
v 4 9.9 0.0999999
v 4.1 9.9 0.0999999
v 4 9.9 0
v 4.1 9.9 0
v 4 9.9 -1.7
v 4.1 9.9 -1.7
v 4 9.9 -1.8
v 4.1 9.9 -1.8
v -3.6 9.9 -3.9
v -3.4 9.9 -3.9
v -1.5 9.9 -3.9
v -1.4 9.9 -3.9
v 0.8 9.9 -3.9
v 0.9 9.9 -3.9
v -3.6 9.9 -4
v -3.4 9.9 -4
v -1.5 9.9 -4
v -1.4 9.9 -4
v 0.8 9.9 -4
v 0.9 9.9 -4
v 3.7 10 3
v 3.9 10 3
v 3.7 10 2.9
v 3.9 10 2.9
v 4 10 0
v 4.1 10 0
v 4 10 -0.2
v 4.1 10 -0.2
v 4 10 -1.6
v 4.1 10 -1.6
v 4 10 -1.7
v 4.1 10 -1.7
v -3.8 10 -3.9
v -3.6 10 -3.9
v -1.4 10 -3.9
v -1.2 10 -3.9
v -3.8 10 -4
v -3.6 10 -4
v -1.4 10 -4
v -1.2 10 -4
v 4 10.1 -0.2
v 4.1 10.1 -0.2
v 4 10.1 -0.4
v 4.1 10.1 -0.4
v -4 10.1 -3.3
v -3.9 10.1 -3.3
v -3.9 10.1 -3.9
v -3.8 10.1 -3.9
v -4 10.1 -4
v -3.8 10.1 -4
v -0.2 10.5 -1.9
v 0 10.5 -1.9
v 0.2 10.5 -1.9
v 0.4 10.5 -1.9
v -0.2 10.5 -2
v 0 10.5 -2
v 0.2 10.5 -2
v 0.4 10.5 -2
v -0.4 11.2 -1.9
v 0.6 11.2 -1.9
v -0.4 11.2 -2
v 0.6 11.2 -2
v -1 11.6 -0.9
v 1.1 11.6 -0.9
v -0.8 11.6 -2
v 0.9 11.6 -2
v -0.8 11.6 -3.6
v 0.9 11.6 -3.6
v -1 11.6 -3.8
v 1.1 11.6 -3.8
v -5 0.4 5
v 5.1 0.4 5
v -4.6 0.4 4.6
v -0.5 0.4 4.6
v 0.6 0.4 4.6
v 4.7 0.4 4.6
v -4 0.4 4.2
v -3.4 0.4 4.2
v -1.6 0.4 4.2
v -1 0.4 4.2
v 1.1 0.4 4.2
v 1.7 0.4 4.2
v 3.5 0.4 4.2
v 4.1 0.4 4.2
v -0.6 0.4 4.1
v -0.5 0.4 4.1
v -0.4 0.4 4.1
v 0.5 0.4 4.1
v 0.6 0.4 4.1
v 0.7 0.4 4.1
v -2.4 0.4 4
v -2.3 0.4 4
v -2.2 0.4 4
v -2.7 0.4 3.9
v -2.5 0.4 3.9
v -2.4 0.4 3.9
v -2.3 0.4 3.9
v -2.2 0.4 3.9
v -0.4 0.4 3.9
v 0.5 0.4 3.9
v -2.7 0.4 3.8
v -2.5 0.4 3.8
v -4 0.4 3.6
v -3.4 0.4 3.6
v -1.6 0.4 3.6
v -1 0.4 3.6
v 1.1 0.4 3.6
v 1.7 0.4 3.6
v 3.5 0.4 3.6
v 4.1 0.4 3.6
v 4.1 0.4 3.5
v 4.2 0.4 3.5
v 4.1 0.4 3.4
v 4.2 0.4 3.4
v -1.2 0.4 3.2
v -1.1 0.4 3.2
v -1 0.4 3.2
v 4.2 0.4 3.2
v 4.3 0.4 3.2
v -1.2 0.4 3.1
v -1.1 0.4 3.1
v -1 0.4 3.1
v 4.2 0.4 3.1
v 4.3 0.4 3.1
v 4.5 0.4 3.1
v 4.6 0.4 3.1
v -4 0.4 3
v -0.6 0.4 3
v -0.3 0.4 3
v 0.2 0.4 3
v 0.7 0.4 3
v 4.1 0.4 3
v 4.3 0.4 3
v 4.4 0.4 3
v 4.5 0.4 3
v 4.6 0.4 3
v -0.3 0.4 2.9
v 0.2 0.4 2.9
v 4.3 0.4 2.8
v 4.4 0.4 2.8
v 4.3 0.4 2.6
v 4.6 0.4 2.6
v 4.4 0.4 2.5
v 4.6 0.4 2.5
v 4.3 0.4 2.4
v 4.4 0.4 2.4
v 4.5 0.4 2.1
v 4.6 0.4 2.1
v 4.3 0.4 2
v 4.5 0.4 2
v 4.6 0.4 2
v 4.7 0.4 2
v 4.5 0.4 1.8
v 4.7 0.4 1.8
v 4.3 0.4 1.7
v 4.5 0.4 1.7
v 4.6 0.4 1.7
v 4.7 0.4 1.7
v 4.5 0.4 1.6
v 4.6 0.4 1.6
v 4.7 0.4 1.6
v 4.5 0.4 1.4
v 4.6 0.4 1.4
v 4.4 0.4 1.1
v 4.5 0.4 1.1
v 4.4 0.4 1
v 4.5 0.4 1
v 4.2 0.4 0.9
v 4.3 0.4 0.9
v 4.4 0.4 0.9
v 4.5 0.4 0.9
v 4.6 0.4 0.9
v -4.5 0.4 0.8
v -4.1 0.4 0.8
v 4.2 0.4 0.8
v 4.3 0.4 0.8
v 4.4 0.4 0.8
v 4.5 0.4 0.8
v 4.6 0.4 0.8
v 4.5 0.4 0.7
v 4.6 0.4 0.7
v 4.7 0.4 0.7
v 4.3 0.4 0.6
v 4.4 0.4 0.6
v 4.5 0.4 0.6
v 4.6 0.4 0.6
v 4.7 0.4 0.6
v 4.5 0.4 0.5
v 4.6 0.4 0.5
v -4.5 0.4 0.4
v -4.1 0.4 0.4
v 4.4 0.4 0.4
v 4.5 0.4 0.4
v 4.5 0.4 -0.2
v 4.6 0.4 -0.2
v 4.2 0.4 -0.3
v 4.3 0.4 -0.3
v 4.4 0.4 -0.3
v 4.5 0.4 -0.3
v 4.2 0.4 -0.4
v 4.3 0.4 -0.4
v 4.4 0.4 -0.4
v 4.6 0.4 -0.4
v 4.3 0.4 -0.5
v 4.5 0.4 -0.5
v 4.3 0.4 -0.6
v 4.5 0.4 -0.6
v -4.5 0.4 -1
v -4.4 0.4 -1
v 4.2 0.4 -1
v 4.6 0.4 -1
v -4.5 0.4 -1.1
v -4.4 0.4 -1.1
v -4.1 0.4 -1.1
v -4 0.4 -1.1
v 4.3 0.4 -1.1
v 4.4 0.4 -1.1
v 4.2 0.4 -1.2
v 4.3 0.4 -1.2
v 4.4 0.4 -1.2
v 4.5 0.4 -1.2
v -4.7 0.4 -1.3
v -4.6 0.4 -1.3
v -4.1 0.4 -1.3
v -4 0.4 -1.3
v 4.4 0.4 -1.3
v 4.5 0.4 -1.3
v 4.4 0.4 -1.4
v 4.6 0.4 -1.4
v -4.7 0.4 -1.6
v -4.6 0.4 -1.6
v -4.4 0.4 -1.9
v -4.3 0.4 -1.9
v -4.4 0.4 -2
v -4.3 0.4 -2
v -4.5 0.4 -2.3
v -4.4 0.4 -2.3
v -4 0.4 -2.3
v -3.9 0.4 -2.3
v -4.2 0.4 -2.4
v -4.1 0.4 -2.4
v -4 0.4 -2.4
v -3.9 0.4 -2.4
v -4.5 0.4 -2.5
v -4.4 0.4 -2.5
v -4.2 0.4 -2.6
v -4.1 0.4 -2.6
v -4.1 0.4 -3.1
v -4 0.4 -3.1
v -4.1 0.4 -3.4
v -4 0.4 -3.4
v -4 0.4 -4
v 4.1 0.4 -4
v -4.6 0.4 -4.6
v 4.7 0.4 -4.6
v -5 0.4 -5
v 5.1 0.4 -5
v -2.4 0.5 4
v -2.3 0.5 4
v -2.2 0.5 4
v -2.7 0.5 3.9
v -2.5 0.5 3.9
v -2.4 0.5 3.9
v -2.3 0.5 3.9
v -2.2 0.5 3.9
v -2.7 0.5 3.8
v -2.5 0.5 3.8
v 4.1 0.5 3.5
v 4.2 0.5 3.5
v 4.1 0.5 3.4
v 4.2 0.5 3.4
v -1.2 0.5 3.2
v -1.1 0.5 3.2
v -1 0.5 3.2
v 4.2 0.5 3.2
v 4.3 0.5 3.2
v -1.2 0.5 3.1
v -1.1 0.5 3.1
v -1 0.5 3.1
v 4.2 0.5 3.1
v 4.3 0.5 3.1
v 4.5 0.5 3.1
v 4.6 0.5 3.1
v 4.3 0.5 3
v 4.4 0.5 3
v 4.5 0.5 3
v 4.6 0.5 3
v 4.3 0.5 2.8
v 4.4 0.5 2.8
v 4.3 0.5 2.6
v 4.6 0.5 2.6
v 4.4 0.5 2.5
v 4.6 0.5 2.5
v 4.3 0.5 2.4
v 4.4 0.5 2.4
v 4.5 0.5 2.1
v 4.6 0.5 2.1
v 4.3 0.5 2
v 4.5 0.5 2
v 4.6 0.5 2
v 4.7 0.5 2
v 4.5 0.5 1.8
v 4.7 0.5 1.8
v 4.3 0.5 1.7
v 4.5 0.5 1.7
v 4.6 0.5 1.7
v 4.7 0.5 1.7
v 4.5 0.5 1.6
v 4.6 0.5 1.6
v 4.7 0.5 1.6
v 4.5 0.5 1.4
v 4.6 0.5 1.4
v 4.4 0.5 1.1
v 4.5 0.5 1.1
v 4.4 0.5 1
v 4.5 0.5 1
v 4.2 0.5 0.9
v 4.3 0.5 0.9
v 4.4 0.5 0.9
v -4.2 0.5 0.8
v -4.1 0.5 0.8
v 4.2 0.5 0.8
v 4.3 0.5 0.8
v 4.4 0.5 0.8
v -4.5 0.5 0.7
v -4.2 0.5 0.7
v 4.6 0.5 0.7
v 4.7 0.5 0.7
v -4.4 0.5 0.6
v -4.3 0.5 0.6
v 4.3 0.5 0.6
v 4.4 0.5 0.6
v 4.5 0.5 0.6
v 4.6 0.5 0.6
v 4.7 0.5 0.6
v -4.4 0.5 0.5
v -4.3 0.5 0.5
v 4.5 0.5 0.5
v -4.5 0.5 0.4
v -4.1 0.5 0.4
v 4.4 0.5 0.4
v 4.5 0.5 0.4
v 4.5 0.5 -0.2
v 4.6 0.5 -0.2
v 4.4 0.5 -0.3
v 4.5 0.5 -0.3
v 4.6 0.5 -0.3
v 4.4 0.5 -0.4
v 4.5 0.5 -0.4
v 4.3 0.5 -0.5
v 4.5 0.5 -0.5
v 4.3 0.5 -0.6
v 4.5 0.5 -0.6
v -4.5 0.5 -1
v -4.4 0.5 -1
v 4.3 0.5 -1
v 4.4 0.5 -1
v -4.5 0.5 -1.1
v -4.4 0.5 -1.1
v -4.1 0.5 -1.1
v -4 0.5 -1.1
v 4.2 0.5 -1.1
v 4.3 0.5 -1.1
v 4.4 0.5 -1.1
v -4.1 0.5 -1.2
v -4 0.5 -1.2
v 4.2 0.5 -1.2
v 4.3 0.5 -1.2
v 4.5 0.5 -1.2
v 4.6 0.5 -1.2
v -4.7 0.5 -1.3
v -4.6 0.5 -1.3
v 4.5 0.5 -1.3
v 4.6 0.5 -1.3
v -4.7 0.5 -1.6
v -4.6 0.5 -1.6
v -4.5 0.5 -2.3
v -4.4 0.5 -2.3
v -3.9 0.5 -2.3
v -3.8 0.5 -2.3
v -4.2 0.5 -2.4
v -4.1 0.5 -2.4
v -3.9 0.5 -2.4
v -3.8 0.5 -2.4
v -4.5 0.5 -2.5
v -4.4 0.5 -2.5
v -4.2 0.5 -2.5
v -4.1 0.5 -2.5
v -4.1 0.5 -3.1
v -4 0.5 -3.1
v -4.1 0.5 -3.4
v -4 0.5 -3.4
v -0.4 0.6 3.9
v 0.5 0.6 3.9
v -0.4 0.6 3.6
v 0.5 0.6 3.6
v -4.5 0.6 0.8
v -4.2 0.6 0.8
v 4.4 0.6 0.8
v 4.5 0.6 0.8
v -4.5 0.6 0.7
v -4.2 0.6 0.7
v -4.4 0.6 0.6
v -4.3 0.6 0.6
v 4.4 0.6 0.6
v 4.5 0.6 0.6
v -4.4 0.6 0.5
v -4.3 0.6 0.5
v 4.2 0.6 -0.3
v 4.3 0.6 -0.3
v 4.5 0.6 -0.3
v 4.6 0.6 -0.3
v 4.2 0.6 -0.4
v 4.3 0.6 -0.4
v 4.5 0.6 -0.4
v 4.6 0.6 -0.4
v 4.2 0.6 -1
v 4.3 0.6 -1
v 4.4 0.6 -1
v 4.6 0.6 -1
v 4.2 0.6 -1.1
v 4.3 0.6 -1.1
v 4.4 0.6 -1.1
v 4.5 0.6 -1.1
v -4.1 0.6 -1.2
v -4 0.6 -1.2
v 4.5 0.6 -1.2
v 4.6 0.6 -1.2
v -4.1 0.6 -1.3
v -4 0.6 -1.3
v 4.5 0.6 -1.3
v 4.6 0.6 -1.3
v 4.5 0.6 -1.4
v 4.6 0.6 -1.4
v -4.4 0.6 -1.9
v -4.3 0.6 -1.9
v -4.4 0.6 -2
v -4.3 0.6 -2
v -4 0.6 -2.4
v -3.9 0.6 -2.4
v -4.2 0.6 -2.5
v -4.1 0.6 -2.5
v -4 0.6 -2.5
v -3.9 0.6 -2.5
v -4.2 0.6 -2.6
v -4.1 0.6 -2.6
v -4 0.7 4.2
v -3.4 0.7 4.2
v -1.6 0.7 4.2
v -1 0.7 4.2
v 1.1 0.7 4.2
v 1.7 0.7 4.2
v 3.5 0.7 4.2
v 4.1 0.7 4.2
v -3.9 0.7 4.1
v -3.5 0.7 4.1
v -1.5 0.7 4.1
v -1.1 0.7 4.1
v 1.2 0.7 4.1
v 1.6 0.7 4.1
v 3.6 0.7 4.1
v 4 0.7 4.1
v -3.8 0.7 4
v -3.6 0.7 4
v -1.4 0.7 4
v -1.2 0.7 4
v 1.3 0.7 4
v 1.5 0.7 4
v 3.7 0.7 4
v 3.9 0.7 4
v -3.8 0.7 3.8
v -3.6 0.7 3.8
v -1.4 0.7 3.8
v -1.2 0.7 3.8
v 1.3 0.7 3.8
v 1.5 0.7 3.8
v 3.7 0.7 3.8
v 3.9 0.7 3.8
v -3.9 0.7 3.7
v -3.5 0.7 3.7
v -1.5 0.7 3.7
v -1.1 0.7 3.7
v 1.2 0.7 3.7
v 1.6 0.7 3.7
v 3.6 0.7 3.7
v 4 0.7 3.7
v -4 0.7 3.6
v -3.4 0.7 3.6
v -1.6 0.7 3.6
v -1 0.7 3.6
v 1.1 0.7 3.6
v 1.7 0.7 3.6
v 3.5 0.7 3.6
v 4.1 0.7 3.6
v 4.5 0.7 0.9
v 4.6 0.7 0.9
v 4.5 0.7 0.8
v 4.6 0.7 0.8
v 4.5 0.7 0.6
v 4.6 0.7 0.6
v 4.5 0.7 0.5
v 4.6 0.7 0.5
v 4 0.7 0.2
v 4.1 0.7 0.2
v 4 0.7 0.0999999
v 4.1 0.7 0.0999999
v 4.4 0.7 -1.1
v 4.5 0.7 -1.1
v 4.4 0.7 -1.2
v 4.5 0.7 -1.2
v 4.4 0.7 -1.3
v 4.5 0.7 -1.3
v 4.4 0.7 -1.4
v 4.5 0.7 -1.4
v -4 0.7 -2.5
v -3.9 0.7 -2.5
v -4 0.7 -2.6
v -3.9 0.7 -2.6
v -0.6 0.8 4.1
v -0.4 0.8 4.1
v 0.5 0.8 4.1
v 0.7 0.8 4.1
v -0.6 0.8 3.8
v -0.4 0.8 3.8
v 0.5 0.8 3.8
v 0.7 0.8 3.8
v -0.4 0.8 3.6
v 0.5 0.8 3.6
v -0.3 0.8 3.4
v -0.2 0.8 3.4
v -0.0999999 0.8 3.4
v 0 0.8 3.4
v 0.3 0.8 3.4
v 0.4 0.8 3.4
v -0.4 0.8 3.3
v -0.3 0.8 3.3
v -0.2 0.8 3.3
v -0.0999999 0.8 3.3
v 0 0.8 3.3
v 0.3 0.8 3.3
v 0.4 0.8 3.3
v 0.5 0.8 3.3
v -4 0.8 -2.2
v -3.9 0.8 -2.2
v -4 0.8 -2.3
v -3.9 0.8 -2.3
v -4 0.8 -2.6
v -3.9 0.8 -2.6
v -4 0.8 -2.7
v -3.9 0.8 -2.7
v -3.5 0.8 -3.9
v -3.4 0.8 -3.9
v -3.5 0.8 -4
v -3.4 0.8 -4
v -0.3 0.9 3.4
v -0.2 0.9 3.4
v 0.3 0.9 3.4
v 0.4 0.9 3.4
v -0.3 0.9 3.3
v -0.2 0.9 3.3
v 0.3 0.9 3.3
v 0.4 0.9 3.3
v -3.2 0.9 3.1
v -3.1 0.9 3.1
v -2.9 0.9 3.1
v -2.8 0.9 3.1
v -2.7 0.9 3.1
v -2.6 0.9 3.1
v -3.2 0.9 3
v -3.1 0.9 3
v -2.9 0.9 3
v -2.8 0.9 3
v -2.7 0.9 3
v -2.6 0.9 3
v 0.8 0.9 3
v 0.9 0.9 3
v 0.8 0.9 2.9
v 0.9 0.9 2.9
v 4 0.9 0.0999999
v 4.1 0.9 0.0999999
v 4 0.9 -0.1
v 4.1 0.9 -0.1
v -4 0.9 -2.7
v -3.9 0.9 -2.7
v -4 0.9 -2.8
v -3.9 0.9 -2.8
v -3.7 0.9 -3.9
v -3.5 0.9 -3.9
v -3.3 0.9 -3.9
v -3.1 0.9 -3.9
v -2.4 0.9 -3.9
v -2.2 0.9 -3.9
v 1.8 0.9 -3.9
v 2.1 0.9 -3.9
v -3.7 0.9 -4
v -3.5 0.9 -4
v -3.3 0.9 -4
v -3.1 0.9 -4
v -2.4 0.9 -4
v -2.2 0.9 -4
v 1.8 0.9 -4
v 2.1 0.9 -4
v -0.6 1 3.8
v -0.4 1 3.8
v 0.5 1 3.8
v 0.7 1 3.8
v -0.6 1 3.5
v -0.4 1 3.5
v -0.3 1 3.5
v 0.5 1 3.5
v 0.7 1 3.5
v -0.4 1 3.4
v -0.3 1 3.4
v -0.0999999 1 3.4
v 0 1 3.4
v -0.4 1 3.3
v -0.0999999 1 3.3
v 0 1 3.3
v 0.5 1 3.3
v -0.2 1 3.2
v -0.0999999 1 3.2
v -2.8 1 3.1
v -2.7 1 3.1
v -2.6 1 3.1
v -2.4 1 3.1
v -0.2 1 3.1
v -0.0999999 1 3.1
v 0 1 3.1
v 0.1 1 3.1
v 0.2 1 3.1
v -4 1 3
v -2.8 1 3
v -2.7 1 3
v -2.6 1 3
v -2.4 1 3
v -0.6 1 3
v -0.2 1 3
v 0 1 3
v 0.1 1 3
v 0.2 1 3
v 0.7 1 3
v 0.8 1 3
v 0.9 1 3
v 4.1 1 3
v -3.9 1 2.9
v -1 1 2.9
v -0.9 1 2.9
v -0.6 1 2.9
v 0.1 1 2.9
v 0.2 1 2.9
v 0.7 1 2.9
v 0.8 1 2.9
v 0.9 1 2.9
v 3.8 1 2.9
v 3.9 1 2.9
v 4 1 2.9
v -1 1 2.8
v -0.9 1 2.8
v 0.8 1 2.8
v 0.9 1 2.8
v -0.4 1 2.7
v 0.5 1 2.7
v 4 1 0.2
v 4.1 1 0.2
v 3.9 1 0
v 4 1 0
v 3.9 1 -0.1
v 4 1 -0.1
v 4.1 1 -0.1
v -3.9 1 -1.4
v -3.8 1 -1.4
v -3.9 1 -1.5
v -3.8 1 -1.5
v 3.9 1 -2.1
v 4 1 -2.1
v -4 1 -2.2
v -3.9 1 -2.2
v 3.9 1 -2.2
v 4 1 -2.2
v -4 1 -2.3
v -3.9 1 -2.3
v -4 1 -2.7
v -3.9 1 -2.7
v -3.8 1 -2.7
v -4 1 -2.8
v -3.9 1 -2.8
v -3.8 1 -2.8
v -3.3 1 -3.8
v -3.2 1 -3.8
v -2.4 1 -3.8
v -2.3 1 -3.8
v -0.6 1 -3.8
v -0.5 1 -3.8
v 0.1 1 -3.8
v 0.2 1 -3.8
v 2 1 -3.8
v 2.1 1 -3.8
v -3.9 1 -3.9
v -3.7 1 -3.9
v -3.5 1 -3.9
v -3.3 1 -3.9
v -3.2 1 -3.9
v -3.1 1 -3.9
v -2.4 1 -3.9
v -2.3 1 -3.9
v -2.2 1 -3.9
v -0.6 1 -3.9
v -0.5 1 -3.9
v 0.1 1 -3.9
v 0.2 1 -3.9
v 1.8 1 -3.9
v 2 1 -3.9
v 2.1 1 -3.9
v 4 1 -3.9
v -4 1 -4
v -3.7 1 -4
v -3.5 1 -4
v -3.3 1 -4
v -3.1 1 -4
v -2.4 1 -4
v -2.2 1 -4
v 1.8 1 -4
v 2.1 1 -4
v 4.1 1 -4
v -0.2 1.1 3.2
v -0.0999999 1.1 3.2
v -0.2 1.1 3.1
v -0.0999999 1.1 3.1
v 0 1.1 3.1
v 0.1 1.1 3.1
v 0.2 1.1 3.1
v -0.2 1.1 3
v 0 1.1 3
v 0.1 1.1 3
v 0.2 1.1 3
v 0.1 1.1 2.9
v 0.2 1.1 2.9
v 0.9 1.1 2.9
v 1 1.1 2.9
v 0.9 1.1 2.8
v 1 1.1 2.8
v -3.9 1.1 2.5
v -3.8 1.1 2.5
v -3.9 1.1 2.4
v -3.8 1.1 2.4
v -3.9 1.1 -0.7
v -3.8 1.1 -0.7
v -3.9 1.1 -0.8
v -3.8 1.1 -0.8
v -0.5 1.1 -3.8
v -0.3 1.1 -3.8
v 0.2 1.1 -3.8
v 0.3 1.1 -3.8
v 2.1 1.1 -3.8
v 2.3 1.1 -3.8
v 3.4 1.1 -3.8
v 3.5 1.1 -3.8
v -0.5 1.1 -3.9
v -0.3 1.1 -3.9
v 0.2 1.1 -3.9
v 0.3 1.1 -3.9
v 2.1 1.1 -3.9
v 2.3 1.1 -3.9
v 3.4 1.1 -3.9
v 3.5 1.1 -3.9
v -4 1.2 4.2
v -3.4 1.2 4.2
v -1.6 1.2 4.2
v -1 1.2 4.2
v 1.1 1.2 4.2
v 1.7 1.2 4.2
v 3.5 1.2 4.2
v 4.1 1.2 4.2
v -3.9 1.2 4.1
v -3.5 1.2 4.1
v -1.5 1.2 4.1
v -1.1 1.2 4.1
v 1.2 1.2 4.1
v 1.6 1.2 4.1
v 3.6 1.2 4.1
v 4 1.2 4.1
v -3.9 1.2 3.7
v -3.5 1.2 3.7
v -1.5 1.2 3.7
v -1.1 1.2 3.7
v 1.2 1.2 3.7
v 1.6 1.2 3.7
v 3.6 1.2 3.7
v 4 1.2 3.7
v -4 1.2 3.6
v -3.4 1.2 3.6
v -1.6 1.2 3.6
v -1 1.2 3.6
v 1.1 1.2 3.6
v 1.7 1.2 3.6
v 3.5 1.2 3.6
v 4.1 1.2 3.6
v -0.6 1.2 3.5
v -0.4 1.2 3.5
v 0.5 1.2 3.5
v 0.7 1.2 3.5
v 0.5 1.2 3.4
v 0.6 1.2 3.4
v 0.5 1.2 3.3
v 0.6 1.2 3.3
v -3.2 1.2 3
v -1.5 1.2 3
v 1.6 1.2 3
v 3.4 1.2 3
v -3.3 1.2 2.9
v -3.2 1.2 2.9
v -1.6 1.2 2.9
v -1.5 1.2 2.9
v -0.9 1.2 2.9
v -0.8 1.2 2.9
v -0.6 1.2 2.9
v -0.4 1.2 2.9
v 0.5 1.2 2.9
v 0.7 1.2 2.9
v 1.6 1.2 2.9
v 1.7 1.2 2.9
v 3.3 1.2 2.9
v 3.4 1.2 2.9
v 3.9 1.2 2.9
v 4 1.2 2.9
v -3.3 1.2 2.8
v -3.2 1.2 2.8
v -1.6 1.2 2.8
v -0.9 1.2 2.8
v -0.8 1.2 2.8
v 1.7 1.2 2.8
v 3.3 1.2 2.8
v 3.9 1.2 2.8
v 4 1.2 2.8
v -3.9 1.2 2.4
v -3.8 1.2 2.4
v -3.9 1.2 2.3
v -3.8 1.2 2.3
v -3.9 1.2 -0.6
v -3.8 1.2 -0.6
v -3.9 1.2 -0.7
v -3.8 1.2 -0.7
v 3.9 1.2 -2.2
v 4 1.2 -2.2
v 3.9 1.2 -2.3
v 4 1.2 -2.3
v 3.9 1.2 -2.9
v 4 1.2 -2.9
v 3.9 1.2 -3
v 4 1.2 -3
v -3.7 1.2 -3.8
v -3.6 1.2 -3.8
v -3.4 1.2 -3.8
v -3.3 1.2 -3.8
v -2.5 1.2 -3.8
v -2.4 1.2 -3.8
v -0.3 1.2 -3.8
v -0.0999999 1.2 -3.8
v 3.3 1.2 -3.8
v 3.4 1.2 -3.8
v -3.7 1.2 -3.9
v -3.6 1.2 -3.9
v -3.4 1.2 -3.9
v -3.3 1.2 -3.9
v -2.5 1.2 -3.9
v -2.4 1.2 -3.9
v -0.3 1.2 -3.9
v -0.0999999 1.2 -3.9
v 3.3 1.2 -3.9
v 3.4 1.2 -3.9
v 0.5 1.3 3.4
v 0.6 1.3 3.4
v 0.5 1.3 3.3
v 0.6 1.3 3.3
v 1 1.3 2.9
v 1.1 1.3 2.9
v 1 1.3 2.8
v 1.1 1.3 2.8
v 3.9 1.3 2.8
v 4 1.3 2.8
v 3.9 1.3 2.7
v 4 1.3 2.7
v -3.9 1.3 2.3
v -3.8 1.3 2.3
v -3.9 1.3 2.1
v -3.8 1.3 2.1
v -3.9 1.3 -1.5
v -3.8 1.3 -1.5
v -3.9 1.3 -1.6
v -3.8 1.3 -1.6
v -3.9 1.3 -2.6
v -3.8 1.3 -2.6
v -3.9 1.3 -2.7
v -3.8 1.3 -2.7
v 3.9 1.3 -2.8
v 4 1.3 -2.8
v 3.9 1.3 -2.9
v 4 1.3 -2.9
v -0.0999999 1.3 -3.8
v 0.1 1.3 -3.8
v 0.3 1.3 -3.8
v 0.4 1.3 -3.8
v 2 1.3 -3.8
v 2.2 1.3 -3.8
v 3.2 1.3 -3.8
v 3.3 1.3 -3.8
v -0.0999999 1.3 -3.9
v 0.1 1.3 -3.9
v 0.3 1.3 -3.9
v 0.4 1.3 -3.9
v 2 1.3 -3.9
v 2.2 1.3 -3.9
v 3.2 1.3 -3.9
v 3.3 1.3 -3.9
v -3.4 1.4 2.9
v -3.3 1.4 2.9
v 1.1 1.4 2.9
v 1.2 1.4 2.9
v -3.4 1.4 2.8
v -3.3 1.4 2.8
v 1.1 1.4 2.8
v 1.2 1.4 2.8
v -3.9 1.4 2.1
v -3.8 1.4 2.1
v -3.9 1.4 2
v -3.8 1.4 2
v 3.9 1.4 -0.1
v 4 1.4 -0.1
v 3.9 1.4 -0.2
v 4 1.4 -0.2
v -3.9 1.4 -0.5
v -3.8 1.4 -0.5
v -3.9 1.4 -0.6
v -3.8 1.4 -0.6
v -3.5 1.4 -3.8
v -3.4 1.4 -3.8
v -2.6 1.4 -3.8
v -2.5 1.4 -3.8
v 1.8 1.4 -3.8
v 2 1.4 -3.8
v -3.5 1.4 -3.9
v -3.4 1.4 -3.9
v -2.6 1.4 -3.9
v -2.5 1.4 -3.9
v 1.8 1.4 -3.9
v 2 1.4 -3.9
v -3.9 1.5 4.1
v -3.5 1.5 4.1
v -1.5 1.5 4.1
v -1.1 1.5 4.1
v 1.2 1.5 4.1
v 1.6 1.5 4.1
v 3.6 1.5 4.1
v 4 1.5 4.1
v -3.8 1.5 4
v -3.6 1.5 4
v -1.4 1.5 4
v -1.2 1.5 4
v 1.3 1.5 4
v 1.5 1.5 4
v 3.7 1.5 4
v 3.9 1.5 4
v -3.8 1.5 3.8
v -3.6 1.5 3.8
v -1.4 1.5 3.8
v -1.2 1.5 3.8
v 1.3 1.5 3.8
v 1.5 1.5 3.8
v 3.7 1.5 3.8
v 3.9 1.5 3.8
v -3.9 1.5 3.7
v -3.5 1.5 3.7
v -1.5 1.5 3.7
v -1.1 1.5 3.7
v 1.2 1.5 3.7
v 1.6 1.5 3.7
v 3.6 1.5 3.7
v 4 1.5 3.7
v -0.8 1.5 2.9
v -0.7 1.5 2.9
v 1.2 1.5 2.9
v 1.3 1.5 2.9
v -0.8 1.5 2.8
v -0.7 1.5 2.8
v 1.2 1.5 2.8
v 1.3 1.5 2.8
v 3.9 1.5 2.7
v 4 1.5 2.7
v 3.9 1.5 2.6
v 4 1.5 2.6
v -3.9 1.5 2
v -3.8 1.5 2
v -3.9 1.5 1.9
v -3.8 1.5 1.9
v -3.9 1.5 -0.4
v -3.8 1.5 -0.4
v -3.9 1.5 -0.5
v -3.8 1.5 -0.5
v 3.9 1.5 -2.7
v 4 1.5 -2.7
v 3.9 1.5 -2.8
v 4 1.5 -2.8
v 0.4 1.5 -3.8
v 0.5 1.5 -3.8
v 1.6 1.5 -3.8
v 1.8 1.5 -3.8
v 3.1 1.5 -3.8
v 3.2 1.5 -3.8
v 0.4 1.5 -3.9
v 0.5 1.5 -3.9
v 1.6 1.5 -3.9
v 1.8 1.5 -3.9
v 3.1 1.5 -3.9
v 3.2 1.5 -3.9
v -3.8 1.6 4
v -3.6 1.6 4
v -1.4 1.6 4
v -1.2 1.6 4
v 1.3 1.6 4
v 1.5 1.6 4
v 3.7 1.6 4
v 3.9 1.6 4
v -3.8 1.6 3.8
v -3.6 1.6 3.8
v -1.4 1.6 3.8
v -1.2 1.6 3.8
v 1.3 1.6 3.8
v 1.5 1.6 3.8
v 3.7 1.6 3.8
v 3.9 1.6 3.8
v -3.5 1.6 2.9
v -3.4 1.6 2.9
v -3.5 1.6 2.8
v -3.4 1.6 2.8
v 3.9 1.6 2.6
v 4 1.6 2.6
v 3.9 1.6 2.5
v 4 1.6 2.5
v -3.9 1.6 -0.3
v -3.8 1.6 -0.3
v -3.9 1.6 -0.4
v -3.8 1.6 -0.4
v -3.6 1.6 -3.8
v -3.5 1.6 -3.8
v -2.7 1.6 -3.8
v -2.6 1.6 -3.8
v -0.2 1.6 -3.8
v -0.0999999 1.6 -3.8
v 0.5 1.6 -3.8
v 0.6 1.6 -3.8
v 1.5 1.6 -3.8
v 1.6 1.6 -3.8
v 3 1.6 -3.8
v 3.1 1.6 -3.8
v -3.6 1.6 -3.9
v -3.5 1.6 -3.9
v -2.7 1.6 -3.9
v -2.6 1.6 -3.9
v -0.2 1.6 -3.9
v -0.0999999 1.6 -3.9
v 0.5 1.6 -3.9
v 0.6 1.6 -3.9
v 1.5 1.6 -3.9
v 1.6 1.6 -3.9
v 3 1.6 -3.9
v 3.1 1.6 -3.9
v 1.3 1.7 2.9
v 1.4 1.7 2.9
v 1.3 1.7 2.8
v 1.4 1.7 2.8
v 3.9 1.7 -2.3
v 4 1.7 -2.3
v 3.9 1.7 -2.4
v 4 1.7 -2.4
v -3.9 1.7 -2.5
v -3.8 1.7 -2.5
v 3.9 1.7 -2.5
v 4 1.7 -2.5
v -3.9 1.7 -2.6
v -3.8 1.7 -2.6
v 3.9 1.7 -2.7
v 4 1.7 -2.7
v -2.6 1.7 -3.8
v -2.5 1.7 -3.8
v -0.3 1.7 -3.8
v -0.2 1.7 -3.8
v 1.4 1.7 -3.8
v 1.5 1.7 -3.8
v 2.9 1.7 -3.8
v 3 1.7 -3.8
v -2.6 1.7 -3.9
v -2.5 1.7 -3.9
v -0.3 1.7 -3.9
v -0.2 1.7 -3.9
v 1.4 1.7 -3.9
v 1.5 1.7 -3.9
v 2.9 1.7 -3.9
v 3 1.7 -3.9
v -3.6 1.8 2.9
v -3.5 1.8 2.9
v -0.7 1.8 2.9
v -0.6 1.8 2.9
v -3.6 1.8 2.8
v -3.5 1.8 2.8
v -0.7 1.8 2.8
v -0.6 1.8 2.8
v 3.9 1.8 2.5
v 4 1.8 2.5
v 3.9 1.8 2.4
v 4 1.8 2.4
v 3.9 1.8 0
v 4 1.8 0
v 3.9 1.8 -0.1
v 4 1.8 -0.1
v -3.9 1.8 -0.2
v -3.8 1.8 -0.2
v -3.9 1.8 -0.3
v -3.8 1.8 -0.3
v -3.9 1.8 -1.6
v -3.8 1.8 -1.6
v -3.9 1.8 -1.7
v -3.8 1.8 -1.7
v -2.5 1.8 -3.8
v -2.1 1.8 -3.8
v -1 1.8 -3.8
v -0.9 1.8 -3.8
v -0.4 1.8 -3.8
v -0.3 1.8 -3.8
v 0.6 1.8 -3.8
v 0.7 1.8 -3.8
v 1.6 1.8 -3.8
v 1.8 1.8 -3.8
v -2.5 1.8 -3.9
v -2.1 1.8 -3.9
v -1 1.8 -3.9
v -0.9 1.8 -3.9
v -0.4 1.8 -3.9
v -0.3 1.8 -3.9
v 0.6 1.8 -3.9
v 0.7 1.8 -3.9
v 1.6 1.8 -3.9
v 1.8 1.8 -3.9
v 3.9 1.9 2.4
v 4 1.9 2.4
v 3.9 1.9 2.3
v 4 1.9 2.3
v -3.9 1.9 2.1
v -3.8 1.9 2.1
v -3.9 1.9 2
v -3.8 1.9 2
v 3.9 1.9 0.0999999
v 4 1.9 0.0999999
v 3.9 1.9 0
v 4 1.9 0
v -3.9 1.9 -0.1
v -3.8 1.9 -0.1
v -3.9 1.9 -0.2
v -3.8 1.9 -0.2
v -3.9 1.9 -0.4
v -3.8 1.9 -0.4
v -3.9 1.9 -0.5
v -3.8 1.9 -0.5
v 3.9 1.9 -2.4
v 4 1.9 -2.4
v 3.9 1.9 -2.5
v 4 1.9 -2.5
v -3.6 1.9 -3.8
v -3.5 1.9 -3.8
v -0.9 1.9 -3.8
v -0.8 1.9 -3.8
v 1.8 1.9 -3.8
v 2 1.9 -3.8
v 2.8 1.9 -3.8
v 2.9 1.9 -3.8
v -3.6 1.9 -3.9
v -3.5 1.9 -3.9
v -0.9 1.9 -3.9
v -0.8 1.9 -3.9
v 1.8 1.9 -3.9
v 2 1.9 -3.9
v 2.8 1.9 -3.9
v 2.9 1.9 -3.9
v -3.7 2 2.9
v -3.6 2 2.9
v -3.7 2 2.8
v -3.6 2 2.8
v 3.9 2 2.3
v 4 2 2.3
v 3.9 2 2.2
v 4 2 2.2
v 3.9 2 0.3
v 4 2 0.3
v 3.9 2 0.0999999
v 4 2 0.0999999
v -0.8 2 -3.8
v -0.7 2 -3.8
v -0.5 2 -3.8
v -0.4 2 -3.8
v 0.7 2 -3.8
v 0.8 2 -3.8
v 2 2 -3.8
v 2.2 2 -3.8
v 2.7 2 -3.8
v 2.8 2 -3.8
v -0.8 2 -3.9
v -0.7 2 -3.9
v -0.5 2 -3.9
v -0.4 2 -3.9
v 0.7 2 -3.9
v 0.8 2 -3.9
v 2 2 -3.9
v 2.2 2 -3.9
v 2.7 2 -3.9
v 2.8 2 -3.9
v 3.3 2.1 2.9
v 3.4 2.1 2.9
v 3.3 2.1 2.8
v 3.4 2.1 2.8
v 3.9 2.1 0.4
v 4 2.1 0.4
v 3.9 2.1 0.3
v 4 2.1 0.3
v -3.9 2.1 0
v -3.8 2.1 0
v -3.9 2.1 -0.1
v -3.8 2.1 -0.1
v -3.9 2.1 -0.5
v -3.8 2.1 -0.5
v -3.9 2.1 -0.6
v -3.8 2.1 -0.6
v 3.9 2.1 -2.2
v 4 2.1 -2.2
v 3.9 2.1 -2.3
v 4 2.1 -2.3
v -3.9 2.1 -2.4
v -3.8 2.1 -2.4
v -3.9 2.1 -2.5
v -3.8 2.1 -2.5
v 2.6 2.1 -3.7
v 2.7 2.1 -3.7
v -2.3 2.1 -3.8
v -2.2 2.1 -3.8
v -0.7 2.1 -3.8
v -0.6 2.1 -3.8
v 0.8 2.1 -3.8
v 0.9 2.1 -3.8
v 2.2 2.1 -3.8
v 2.4 2.1 -3.8
v 2.6 2.1 -3.8
v 2.7 2.1 -3.8
v -2.3 2.1 -3.9
v -2.2 2.1 -3.9
v -0.7 2.1 -3.9
v -0.6 2.1 -3.9
v 0.8 2.1 -3.9
v 0.9 2.1 -3.9
v 2.2 2.1 -3.9
v 2.4 2.1 -3.9
v 2.6 2.1 -3.9
v 2.7 2.1 -3.9
v -3.8 2.2 2.9
v -3.7 2.2 2.9
v 3.7 2.2 2.9
v 4 2.2 2.9
v -3.8 2.2 2.8
v -3.7 2.2 2.8
v 3.7 2.2 2.8
v 3.8 2.2 2.8
v 3.7 2.2 2.7
v 3.8 2.2 2.7
v 3.9 2.2 2.7
v 4 2.2 2.7
v 3.9 2.2 2.2
v 4 2.2 2.2
v 3.9 2.2 2.1
v 4 2.2 2.1
v 3.9 2.2 0.5
v 4 2.2 0.5
v 3.9 2.2 0.4
v 4 2.2 0.4
v -3.9 2.2 0.0999999
v -3.8 2.2 0.0999999
v -3.9 2.2 0
v -3.8 2.2 0
v -3.9 2.2 -0.6
v -3.8 2.2 -0.6
v -3.9 2.2 -0.7
v -3.8 2.2 -0.7
v 3.9 2.2 -2.1
v 4 2.2 -2.1
v 3.9 2.2 -2.2
v 4 2.2 -2.2
v -3.9 2.2 -2.3
v -3.8 2.2 -2.3
v -3.9 2.2 -2.4
v -3.8 2.2 -2.4
v 2.4 2.2 -3.8
v 2.6 2.2 -3.8
v 2.7 2.2 -3.8
v 2.8 2.2 -3.8
v 2.4 2.2 -3.9
v 2.6 2.2 -3.9
v 2.7 2.2 -3.9
v 2.8 2.2 -3.9
v 3.4 2.3 2.9
v 3.5 2.3 2.9
v 3.4 2.3 2.8
v 3.5 2.3 2.8
v -3.9 2.3 2.2
v -3.8 2.3 2.2
v -3.9 2.3 2.1
v -3.8 2.3 2.1
v 3.9 2.3 2.1
v 4 2.3 2.1
v 3.9 2.3 2
v 4 2.3 2
v -3.9 2.3 0.2
v -3.8 2.3 0.2
v -3.9 2.3 0.0999999
v -3.8 2.3 0.0999999
v -3.9 2.3 -1.7
v -3.8 2.3 -1.7
v -3.9 2.3 -1.8
v -3.8 2.3 -1.8
v 3.9 2.3 -2
v 4 2.3 -2
v 3.9 2.3 -2.1
v 4 2.3 -2.1
v 3.9 2.3 -3.7
v 4 2.3 -3.7
v -2.4 2.3 -3.8
v -2.3 2.3 -3.8
v -0.6 2.3 -3.8
v -0.5 2.3 -3.8
v 0.9 2.3 -3.8
v 1 2.3 -3.8
v 2.8 2.3 -3.8
v 3 2.3 -3.8
v 3.9 2.3 -3.8
v 4 2.3 -3.8
v -2.4 2.3 -3.9
v -2.3 2.3 -3.9
v -0.6 2.3 -3.9
v -0.5 2.3 -3.9
v 0.9 2.3 -3.9
v 1 2.3 -3.9
v 2.8 2.3 -3.9
v 3 2.3 -3.9
v -3.9 2.4 2.9
v -3.8 2.4 2.9
v -3.9 2.4 2.8
v -3.8 2.4 2.8
v 3.9 2.4 0.6
v 4 2.4 0.6
v 3.9 2.4 0.5
v 4 2.4 0.5
v -3.9 2.4 -0.7
v -3.8 2.4 -0.7
v -3.9 2.4 -0.8
v -3.8 2.4 -0.8
v 3.9 2.4 -1.9
v 4 2.4 -1.9
v 3.9 2.4 -2
v 4 2.4 -2
v -3.9 2.4 -2.5
v -3.8 2.4 -2.5
v -3.9 2.4 -2.6
v -3.8 2.4 -2.6
v -0.5 2.4 -3.8
v -0.4 2.4 -3.8
v 2.4 2.4 -3.8
v 2.5 2.4 -3.8
v 3 2.4 -3.8
v 3.2 2.4 -3.8
v -0.5 2.4 -3.9
v -0.4 2.4 -3.9
v 2.4 2.4 -3.9
v 2.5 2.4 -3.9
v 3 2.4 -3.9
v 3.2 2.4 -3.9
v 3.9 2.5 2
v 4 2.5 2
v 3.9 2.5 1.9
v 4 2.5 1.9
v -3.9 2.5 0.3
v -3.8 2.5 0.3
v -3.9 2.5 0.2
v -3.8 2.5 0.2
v -3.9 2.5 -2.6
v -3.8 2.5 -2.6
v -3.9 2.5 -2.7
v -3.8 2.5 -2.7
v 3.9 2.5 -3.6
v 4 2.5 -3.6
v 3.9 2.5 -3.7
v 4 2.5 -3.7
v -0.4 2.5 -3.8
v -0.3 2.5 -3.8
v 1 2.5 -3.8
v 1.1 2.5 -3.8
v 3.2 2.5 -3.8
v 3.4 2.5 -3.8
v -0.4 2.5 -3.9
v -0.3 2.5 -3.9
v 1 2.5 -3.9
v 1.1 2.5 -3.9
v 3.2 2.5 -3.9
v 3.4 2.5 -3.9
v 4 2.7 2.2
v 4.1 2.7 2.2
v 4 2.7 2.1
v 4.1 2.7 2.1
v 4 2.7 0.7
v 4.1 2.7 0.7
v 4 2.7 0.6
v 4.1 2.7 0.6
v -4 2.7 -0.9
v -3.9 2.7 -0.9
v -4 2.7 -1
v -3.9 2.7 -1
v -4 2.7 -1.8
v -3.9 2.7 -1.8
v -4 2.7 -1.9
v -3.9 2.7 -1.9
v -4 2.7 -2.6
v -3.9 2.7 -2.6
v -4 2.7 -2.9
v -3.9 2.7 -2.9
v 4 2.7 -3.3
v 4.1 2.7 -3.3
v 4 2.7 -3.4
v 4.1 2.7 -3.4
v 0 2.7 -3.9
v 0.2 2.7 -3.9
v 0 2.7 -4
v 0.2 2.7 -4
v -0.5 2.8 3.3
v -0.3 2.8 3.3
v -0.0999999 2.8 3.3
v 0.2 2.8 3.3
v 0.4 2.8 3.3
v 0.6 2.8 3.3
v -0.7 2.8 3.1
v -0.5 2.8 3.1
v -0.3 2.8 3.1
v -0.0999999 2.8 3.1
v 0.2 2.8 3.1
v 0.4 2.8 3.1
v 0.6 2.8 3.1
v 0.8 2.8 3.1
v -4 2.8 3
v -0.7 2.8 3
v 0.8 2.8 3
v 3.5 2.8 3
v 3.6 2.8 3
v 3.7 2.8 3
v -3.9 2.8 2.9
v -0.6 2.8 2.9
v -0.4 2.8 2.9
v 0.5 2.8 2.9
v 0.7 2.8 2.9
v 3.5 2.8 2.9
v 3.6 2.8 2.9
v 3.7 2.8 2.9
v 4 2.8 2.9
v 4.1 2.8 2.9
v 3.5 2.8 2.8
v 3.6 2.8 2.8
v 4 2.8 2.8
v -0.4 2.8 2.7
v -0.2 2.8 2.7
v 0.3 2.8 2.7
v 0.5 2.8 2.7
v 4 2.8 2.7
v -4 2.8 2.3
v -3.9 2.8 2.3
v -3.8 2.8 2.3
v -4 2.8 2.2
v -3.9 2.8 2.2
v -3.8 2.8 2.2
v 3.9 2.8 2.2
v 4 2.8 2.2
v 4.1 2.8 2.2
v 3.9 2.8 2.1
v 4 2.8 2.1
v 4.1 2.8 2.1
v 4 2.8 0.8
v 4.1 2.8 0.8
v -3.9 2.8 0.7
v -3.8 2.8 0.7
v 3.9 2.8 0.7
v 4 2.8 0.7
v -3.9 2.8 0.6
v -3.8 2.8 0.6
v 3.9 2.8 0.6
v 4 2.8 0.6
v 4.1 2.8 0.6
v -4 2.8 -0.8
v -3.9 2.8 -0.8
v -3.9 2.8 -0.9
v -3.8 2.8 -0.9
v -4 2.8 -1
v -3.9 2.8 -1
v -3.8 2.8 -1
v -4 2.8 -1.7
v -3.9 2.8 -1.7
v -3.9 2.8 -1.8
v -3.8 2.8 -1.8
v -4 2.8 -1.9
v -3.9 2.8 -1.9
v -3.8 2.8 -1.9
v -4 2.8 -2.6
v -3.9 2.8 -2.6
v -3.9 2.8 -2.8
v -3.8 2.8 -2.8
v -4 2.8 -2.9
v -3.9 2.8 -2.9
v -3.8 2.8 -2.9
v 4 2.8 -3.3
v 4.1 2.8 -3.3
v 3.9 2.8 -3.4
v 4 2.8 -3.4
v 3.9 2.8 -3.5
v 4 2.8 -3.5
v 4.1 2.8 -3.5
v -2.3 2.8 -3.8
v -2.2 2.8 -3.8
v 0 2.8 -3.8
v 0.1 2.8 -3.8
v 1 2.8 -3.8
v 1.1 2.8 -3.8
v -3.9 2.8 -3.9
v -2.3 2.8 -3.9
v -2.2 2.8 -3.9
v 0 2.8 -3.9
v 0.1 2.8 -3.9
v 0.2 2.8 -3.9
v 1 2.8 -3.9
v 1.1 2.8 -3.9
v 4 2.8 -3.9
v -4 2.8 -4
v 0 2.8 -4
v 0.2 2.8 -4
v 4.1 2.8 -4
v -1 2.9 2.9
v -0.9 2.9 2.9
v -1 2.9 2.8
v -0.9 2.9 2.8
v -3.8 2.9 0.7
v -3.7 2.9 0.7
v -3.8 2.9 0.6
v -3.7 2.9 0.6
v -3.9 2.9 -1
v -3.8 2.9 -1
v -3.9 2.9 -1.1
v -3.8 2.9 -1.1
v -3.9 2.9 -2.9
v -3.8 2.9 -2.9
v -3.9 2.9 -3
v -3.8 2.9 -3
v 3.9 2.9 -3.3
v 4 2.9 -3.3
v 3.9 2.9 -3.4
v 4 2.9 -3.4
v -0.0999999 2.9 -3.8
v 0 2.9 -3.8
v -0.0999999 2.9 -3.9
v 0 2.9 -3.9
v -3.3 3 3
v -1.5 3 3
v 1.6 3 3
v 3.4 3 3
v -3.9 3 2.9
v -3.8 3 2.9
v -3.3 3 2.9
v -3.2 3 2.9
v -1.6 3 2.9
v -1.5 3 2.9
v 1.6 3 2.9
v 1.7 3 2.9
v 3.3 3 2.9
v 3.4 3 2.9
v 3.6 3 2.9
v 3.7 3 2.9
v -3.9 3 2.8
v -3.8 3 2.8
v -3.2 3 2.8
v -1.6 3 2.8
v 1.7 3 2.8
v 3.3 3 2.8
v 3.6 3 2.8
v 3.7 3 2.8
v 3.9 3 2.3
v 4 3 2.3
v 3.9 3 2.2
v 4 3 2.2
v 3.9 3 0.8
v 4 3 0.8
v 3.9 3 0.7
v 4 3 0.7
v -3.9 3 0.6
v -3.8 3 0.6
v -3.9 3 0.5
v -3.8 3 0.5
v -3.9 3 -1.1
v -3.8 3 -1.1
v -3.9 3 -1.2
v -3.8 3 -1.2
v -3.9 3 -3
v -3.8 3 -3
v -3.9 3 -3.1
v -3.8 3 -3.1
v -0.2 3 -3.8
v -0.0999999 3 -3.8
v 1.1 3 -3.8
v 1.2 3 -3.8
v -0.2 3 -3.9
v -0.0999999 3 -3.9
v 1.1 3 -3.9
v 1.2 3 -3.9
v 0 3.1 3.4
v 0.2 3.1 3.4
v -0.8 3.1 3.3
v -0.7 3.1 3.3
v -0.0999999 3.1 3.3
v 0 3.1 3.3
v 0.1 3.1 3.3
v 0.2 3.1 3.3
v 0.4 3.1 3.3
v 0.5 3.1 3.3
v 0.6 3.1 3.3
v -0.8 3.1 3.2
v -0.7 3.1 3.2
v -0.5 3.1 3.2
v 0.4 3.1 3.2
v 0.5 3.1 3.2
v 0.8 3.1 3.2
v 0.9 3.1 3.2
v -0.6 3.1 3.1
v -0.5 3.1 3.1
v -0.0999999 3.1 3.1
v 0.1 3.1 3.1
v 0.6 3.1 3.1
v 0.7 3.1 3.1
v 0.8 3.1 3.1
v 0.9 3.1 3.1
v -0.7 3.1 3
v -0.6 3.1 3
v 0.7 3.1 3
v 0.8 3.1 3
v -1.1 3.1 2.9
v -1 3.1 2.9
v -0.7 3.1 2.9
v -0.6 3.1 2.9
v -0.5 3.1 2.9
v 0.6 3.1 2.9
v 0.7 3.1 2.9
v 0.8 3.1 2.9
v -1.1 3.1 2.8
v -1 3.1 2.8
v -3.9 3.1 2.2
v -3.8 3.1 2.2
v -3.9 3.1 2.1
v -3.8 3.1 2.1
v -3.9 3.1 0.5
v -3.8 3.1 0.5
v -3.9 3.1 0.4
v -3.8 3.1 0.4
v -3.9 3.1 -1.2
v -3.8 3.1 -1.2
v -3.9 3.1 -1.3
v -3.8 3.1 -1.3
v -3.9 3.1 -3.1
v -3.8 3.1 -3.1
v -3.9 3.1 -3.2
v -3.8 3.1 -3.2
v 3.9 3.1 -3.2
v 4 3.1 -3.2
v 3.9 3.1 -3.3
v 4 3.1 -3.3
v -2.2 3.1 -3.8
v -2.1 3.1 -3.8
v -0.3 3.1 -3.8
v -0.2 3.1 -3.8
v 1.4 3.1 -3.8
v 1.7 3.1 -3.8
v 3.3 3.1 -3.8
v 3.4 3.1 -3.8
v -2.2 3.1 -3.9
v -2.1 3.1 -3.9
v -0.3 3.1 -3.9
v -0.2 3.1 -3.9
v 1.4 3.1 -3.9
v 1.7 3.1 -3.9
v 3.3 3.1 -3.9
v 3.4 3.1 -3.9
v 0.6 3.2 3.4
v 0.7 3.2 3.4
v 0 3.2 3.3
v 0.1 3.2 3.3
v 0.4 3.2 3.3
v 0.5 3.2 3.3
v 0.7 3.2 3.3
v 0.8 3.2 3.3
v -0.8 3.2 3.2
v -0.7 3.2 3.2
v -0.6 3.2 3.2
v -0.5 3.2 3.2
v -0.0999999 3.2 3.2
v 0 3.2 3.2
v 0.4 3.2 3.2
v 0.5 3.2 3.2
v 0.6 3.2 3.2
v 0.8 3.2 3.2
v -0.7 3.2 3.1
v -0.6 3.2 3.1
v -0.5 3.2 3.1
v -0.0999999 3.2 3.1
v 0.1 3.2 3.1
v 0.7 3.2 3.1
v 0.8 3.2 3.1
v -0.8 3.2 3
v -0.6 3.2 3
v 0.7 3.2 3
v 0.8 3.2 3
v -3.8 3.2 2.9
v -3.7 3.2 2.9
v -1.3 3.2 2.9
v -1.2 3.2 2.9
v 1 3.2 2.9
v 1.1 3.2 2.9
v -3.8 3.2 2.8
v -3.7 3.2 2.8
v -1.3 3.2 2.8
v -1.2 3.2 2.8
v 1 3.2 2.8
v 1.1 3.2 2.8
v 3.9 3.2 2.4
v 4 3.2 2.4
v 3.9 3.2 2.3
v 4 3.2 2.3
v 3.9 3.2 0.7
v 4 3.2 0.7
v -3.9 3.2 0.6
v -3.8 3.2 0.6
v 3.9 3.2 0.6
v 4 3.2 0.6
v -3.9 3.2 0.5
v -3.8 3.2 0.5
v -3.9 3.2 -1.9
v -3.8 3.2 -1.9
v -3.9 3.2 -2
v -3.8 3.2 -2
v -3.9 3.2 -3.2
v -3.8 3.2 -3.2
v -3.9 3.2 -3.4
v -3.8 3.2 -3.4
v -0.5 3.2 -3.8
v -0.3 3.2 -3.8
v 1.7 3.2 -3.8
v 2.2 3.2 -3.8
v 3.2 3.2 -3.8
v 3.3 3.2 -3.8
v -0.5 3.2 -3.9
v -0.3 3.2 -3.9
v 1.7 3.2 -3.9
v 2.2 3.2 -3.9
v 3.2 3.2 -3.9
v 3.3 3.2 -3.9
v -0.7 3.3 3.3
v -0.6 3.3 3.3
v -0.0999999 3.3 3.3
v 0 3.3 3.3
v -0.0999999 3.3 3.2
v 0 3.3 3.2
v 0.6 3.3 3.2
v 0.8 3.3 3.2
v -0.7 3.3 3.1
v -0.6 3.3 3.1
v 0.6 3.3 3.1
v 0.8 3.3 3.1
v -1.2 3.3 2.9
v -1.1 3.3 2.9
v 3.7 3.3 2.9
v 3.8 3.3 2.9
v -1.3 3.3 2.8
v -1.2 3.3 2.8
v -1.1 3.3 2.8
v 3.7 3.3 2.8
v 3.8 3.3 2.8
v -1.3 3.3 2.7
v -1.2 3.3 2.7
v 3.9 3.3 0.6
v 4 3.3 0.6
v 3.9 3.3 0.5
v 4 3.3 0.5
v -3.9 3.3 0.4
v -3.8 3.3 0.4
v -3.9 3.3 0.3
v -3.8 3.3 0.3
v -3.9 3.3 -1.2
v -3.8 3.3 -1.2
v -3.9 3.3 -1.3
v -3.8 3.3 -1.3
v 3.9 3.3 -3.1
v 4 3.3 -3.1
v 3.9 3.3 -3.2
v 4 3.3 -3.2
v -3.9 3.3 -3.4
v -3.8 3.3 -3.4
v -3.9 3.3 -3.5
v -3.8 3.3 -3.5
v -0.6 3.3 -3.8
v -0.5 3.3 -3.8
v 1.2 3.3 -3.8
v 1.3 3.3 -3.8
v 2.2 3.3 -3.8
v 3 3.3 -3.8
v 3.1 3.3 -3.8
v 3.2 3.3 -3.8
v -0.6 3.3 -3.9
v -0.5 3.3 -3.9
v 1.2 3.3 -3.9
v 1.3 3.3 -3.9
v 2.2 3.3 -3.9
v 3 3.3 -3.9
v 3.1 3.3 -3.9
v 3.2 3.3 -3.9
v 3.9 3.4 2.5
v 4 3.4 2.5
v 3.9 3.4 2.4
v 4 3.4 2.4
v -3.9 3.4 2.1
v -3.8 3.4 2.1
v -3.9 3.4 2
v -3.8 3.4 2
v 3.9 3.4 0.5
v 4 3.4 0.5
v 3.9 3.4 0.4
v 4 3.4 0.4
v -3.9 3.4 0.3
v -3.8 3.4 0.3
v -3.9 3.4 0.0999999
v -3.8 3.4 0.0999999
v -3.9 3.4 -1.3
v -3.8 3.4 -1.3
v -3.9 3.4 -1.4
v -3.8 3.4 -1.4
v -3.9 3.4 -2
v -3.8 3.4 -2
v -3.9 3.4 -2.1
v -3.8 3.4 -2.1
v 3.9 3.4 -3
v 4 3.4 -3
v 3.9 3.4 -3.1
v 4 3.4 -3.1
v -3.9 3.4 -3.5
v -3.8 3.4 -3.5
v -3.9 3.4 -3.6
v -3.8 3.4 -3.6
v -0.7 3.4 -3.8
v -0.6 3.4 -3.8
v 3 3.4 -3.8
v 3.1 3.4 -3.8
v -0.7 3.4 -3.9
v -0.6 3.4 -3.9
v 3 3.4 -3.9
v 3.1 3.4 -3.9
v -3.7 3.5 2.9
v -3.6 3.5 2.9
v -1.2 3.5 2.9
v -1.1 3.5 2.9
v 1.1 3.5 2.9
v 1.2 3.5 2.9
v -3.7 3.5 2.8
v -3.6 3.5 2.8
v -1.2 3.5 2.8
v -1.1 3.5 2.8
v 1.1 3.5 2.8
v 1.2 3.5 2.8
v 3.9 3.5 0.4
v 4 3.5 0.4
v 3.9 3.5 0.3
v 4 3.5 0.3
v -3.9 3.5 -3.6
v -3.8 3.5 -3.6
v -3.9 3.5 -3.7
v -3.8 3.5 -3.7
v -0.8 3.5 -3.8
v -0.7 3.5 -3.8
v 1.3 3.5 -3.8
v 1.4 3.5 -3.8
v -0.8 3.5 -3.9
v -0.7 3.5 -3.9
v 1.3 3.5 -3.9
v 1.4 3.5 -3.9
v 3.9 3.6 2.6
v 4 3.6 2.6
v 3.9 3.6 2.5
v 4 3.6 2.5
v -3.9 3.6 2
v -3.8 3.6 2
v -3.9 3.6 1.9
v -3.8 3.6 1.9
v -3.9 3.6 1.3
v -3.8 3.6 1.3
v -3.9 3.6 0.8
v -3.8 3.6 0.8
v -3.9 3.6 0.5
v -3.8 3.6 0.5
v -3.9 3.6 0.4
v -3.8 3.6 0.4
v -3.9 3.6 -1.4
v -3.8 3.6 -1.4
v -3.9 3.6 -1.5
v -3.8 3.6 -1.5
v 3.9 3.6 -2.9
v 4 3.6 -2.9
v 3.9 3.6 -3
v 4 3.6 -3
v -2.1 3.6 -3.8
v -2 3.6 -3.8
v -1.5 3.6 -3.8
v -1.2 3.6 -3.8
v -1 3.6 -3.8
v -0.8 3.6 -3.8
v -2.1 3.6 -3.9
v -2 3.6 -3.9
v -1.5 3.6 -3.9
v -1.2 3.6 -3.9
v -1 3.6 -3.9
v -0.8 3.6 -3.9
v -1.1 3.7 2.9
v -1 3.7 2.9
v -1.1 3.7 2.8
v -1 3.7 2.8
v -3.9 3.7 0.4
v -3.8 3.7 0.4
v -3.7 3.7 0.4
v -3.9 3.7 0.3
v -3.8 3.7 0.3
v -3.7 3.7 0.3
v 3.9 3.7 0.3
v 4 3.7 0.3
v 3.9 3.7 0.2
v 4 3.7 0.2
v -1 3.7 -3.7
v -0.9 3.7 -3.7
v -1.2 3.7 -3.8
v -1 3.7 -3.8
v -0.9 3.7 -3.8
v 2.8 3.7 -3.8
v 2.9 3.7 -3.8
v -1.2 3.7 -3.9
v -1 3.7 -3.9
v 2.8 3.7 -3.9
v 2.9 3.7 -3.9
v 3.9 3.8 2.8
v 4 3.8 2.8
v 3.9 3.8 2.7
v 3.9 3.8 2.6
v 4 3.8 2.6
v -3.9 3.8 1.2
v -3.8 3.8 1.2
v -3.9 3.8 1
v -3.8 3.8 1
v 3.9 3.8 0.2
v 4 3.8 0.2
v 3.9 3.8 0.0999999
v 4 3.8 0.0999999
v -3.9 3.8 -1.8
v -3.8 3.8 -1.8
v -3.9 3.8 -1.9
v -3.8 3.8 -1.9
v 3.9 3.8 -2.8
v 4 3.8 -2.8
v 3.9 3.8 -2.9
v 4 3.8 -2.9
v -0.8 3.8 -3.8
v -0.3 3.8 -3.8
v 1.4 3.8 -3.8
v 1.5 3.8 -3.8
v 2.7 3.8 -3.8
v 2.8 3.8 -3.8
v -0.8 3.8 -3.9
v -0.3 3.8 -3.9
v 1.4 3.8 -3.9
v 1.5 3.8 -3.9
v 2.7 3.8 -3.9
v 2.8 3.8 -3.9
v -3.6 3.9 2.9
v -3.5 3.9 2.9
v -3.6 3.9 2.8
v -3.5 3.9 2.8
v -3.9 3.9 1.9
v -3.8 3.9 1.9
v -3.9 3.9 1.8
v -3.8 3.9 1.8
v -3.8 3.9 0.4
v -3.7 3.9 0.4
v -3.8 3.9 0.3
v -3.7 3.9 0.3
v 3.9 3.9 0.0999999
v 4 3.9 0.0999999
v 3.9 3.9 0
v 4 3.9 0
v 3.9 3.9 -0.1
v 4 3.9 -0.1
v 3.9 3.9 -0.2
v 4 3.9 -0.2
v 3.9 3.9 -2.7
v 4 3.9 -2.7
v 3.9 3.9 -2.8
v 4 3.9 -2.8
v -2 3.9 -3.8
v -1.9 3.9 -3.8
v -1.1 3.9 -3.8
v -1 3.9 -3.8
v -0.3 3.9 -3.8
v 0.1 3.9 -3.8
v 2.6 3.9 -3.8
v 2.7 3.9 -3.8
v -2 3.9 -3.9
v -1.9 3.9 -3.9
v -1.1 3.9 -3.9
v -1 3.9 -3.9
v -0.3 3.9 -3.9
v 0.1 3.9 -3.9
v 2.6 3.9 -3.9
v 2.7 3.9 -3.9
v -1 4 2.9
v -0.9 4 2.9
v 1.2 4 2.9
v 1.3 4 2.9
v -1 4 2.8
v -0.9 4 2.8
v 1.2 4 2.8
v 1.3 4 2.8
v -3.9 4 0.3
v -3.8 4 0.3
v -3.9 4 0.2
v -3.8 4 0.2
v 3.9 4 0
v 4 4 0
v 3.9 4 -0.1
v 4 4 -0.1
v 3.9 4 -0.2
v 4 4 -0.2
v 3.9 4 -0.3
v 4 4 -0.3
v -3.9 4 -1.5
v -3.8 4 -1.5
v -3.9 4 -1.6
v -3.8 4 -1.6
v -1.9 4 -3.8
v -1.8 4 -3.8
v -1.2 4 -3.8
v -1.1 4 -3.8
v 0.1 4 -3.8
v 0.4 4 -3.8
v 2.5 4 -3.8
v 2.6 4 -3.8
v -1.9 4 -3.9
v -1.8 4 -3.9
v -1.2 4 -3.9
v -1.1 4 -3.9
v 0.1 4 -3.9
v 0.4 4 -3.9
v 2.5 4 -3.9
v 2.6 4 -3.9
v -3.9 4.1 2
v -3.8 4.1 2
v -3.9 4.1 1.9
v -3.8 4.1 1.9
v -3.8 4.1 0.3
v -3.7 4.1 0.3
v -3.8 4.1 0.2
v -3.7 4.1 0.2
v 3.9 4.1 -2.6
v 4 4.1 -2.6
v 3.9 4.1 -2.7
v 4 4.1 -2.7
v -1.4 4.1 -3.8
v -1.2 4.1 -3.8
v 1.5 4.1 -3.8
v 1.6 4.1 -3.8
v -1.4 4.1 -3.9
v -1.2 4.1 -3.9
v 1.5 4.1 -3.9
v 1.6 4.1 -3.9
v -3.5 4.2 2.9
v -3.4 4.2 2.9
v -3.5 4.2 2.8
v -3.4 4.2 2.8
v 3.9 4.2 -0.2
v 4 4.2 -0.2
v 3.9 4.2 -0.3
v 4 4.2 -0.3
v -3.9 4.2 -1.6
v -3.8 4.2 -1.6
v -3.9 4.2 -1.8
v -3.8 4.2 -1.8
v -1.8 4.2 -3.8
v -1.6 4.2 -3.8
v -1.5 4.2 -3.8
v -1.4 4.2 -3.8
v 2.4 4.2 -3.8
v 2.5 4.2 -3.8
v -1.8 4.2 -3.9
v -1.6 4.2 -3.9
v -1.5 4.2 -3.9
v -1.4 4.2 -3.9
v 2.4 4.2 -3.9
v 2.5 4.2 -3.9
v -3.9 4.3 2.1
v -3.8 4.3 2.1
v -3.9 4.3 2
v -3.8 4.3 2
v -3.9 4.3 0.2
v -3.8 4.3 0.2
v -3.7 4.3 0.2
v -3.9 4.3 0.0999999
v -3.8 4.3 0.0999999
v -3.7 4.3 0.0999999
v 3.9 4.3 -2.5
v 4 4.3 -2.5
v 3.9 4.3 -2.6
v 4 4.3 -2.6
v -1.6 4.3 -3.8
v -1.5 4.3 -3.8
v 2.3 4.3 -3.8
v 2.4 4.3 -3.8
v -1.6 4.3 -3.9
v -1.5 4.3 -3.9
v 2.3 4.3 -3.9
v 2.4 4.3 -3.9
v -3.4 4.5 3
v -3.3 4.5 3
v -0.9 4.5 3
v -0.8 4.5 3
v -3.4 4.5 2.9
v -3.3 4.5 2.9
v -0.9 4.5 2.9
v -0.8 4.5 2.9
v -4 4.5 2.4
v -3.9 4.5 2.4
v -4 4.5 2.2
v -3.9 4.5 2.2
v 4 4.5 2.1
v 4.1 4.5 2.1
v 4 4.5 2
v 4.1 4.5 2
v -4 4.5 0.0999999
v -3.9 4.5 0.0999999
v -4 4.5 0
v -3.9 4.5 0
v 4 4.5 -0.1
v 4.1 4.5 -0.1
v 4 4.5 -0.4
v 4.1 4.5 -0.4
v -4 4.5 -1.5
v -3.9 4.5 -1.5
v -4 4.5 -1.6
v -3.9 4.5 -1.6
v 4 4.5 -2.4
v 4.1 4.5 -2.4
v 4 4.5 -2.5
v 4.1 4.5 -2.5
v -4 4.5 -3.1
v -3.9 4.5 -3.1
v -4 4.5 -3.2
v -3.9 4.5 -3.2
v -1.8 4.5 -3.9
v -1.7 4.5 -3.9
v -1.8 4.5 -4
v -1.7 4.5 -4
v -0.5 4.6 3.3
v -0.3 4.6 3.3
v -0.0999999 4.6 3.3
v 0.2 4.6 3.3
v 0.4 4.6 3.3
v 0.6 4.6 3.3
v -0.7 4.6 3.1
v -0.5 4.6 3.1
v -0.3 4.6 3.1
v -0.0999999 4.6 3.1
v 0.2 4.6 3.1
v 0.4 4.6 3.1
v 0.6 4.6 3.1
v 0.8 4.6 3.1
v -4 4.6 3
v -3.4 4.6 3
v -3.3 4.6 3
v -0.9 4.6 3
v -0.8 4.6 3
v -0.7 4.6 3
v 0.8 4.6 3
v 4 4.6 3
v -3.9 4.6 2.9
v -3.4 4.6 2.9
v -3.3 4.6 2.9
v -0.9 4.6 2.9
v -0.8 4.6 2.9
v -0.6 4.6 2.9
v -0.4 4.6 2.9
v 0.5 4.6 2.9
v 0.7 4.6 2.9
v 4 4.6 2.9
v 4.1 4.6 2.9
v -3.9 4.6 2.8
v -3.4 4.6 2.8
v -3.3 4.6 2.8
v -0.9 4.6 2.8
v -0.8 4.6 2.8
v -3.9 4.6 2.7
v -0.4 4.6 2.7
v -0.2 4.6 2.7
v 0.3 4.6 2.7
v 0.5 4.6 2.7
v -4 4.6 2.4
v -3.9 4.6 2.4
v -3.9 4.6 2.3
v -3.8 4.6 2.3
v -4 4.6 2.2
v -3.9 4.6 2.2
v -3.8 4.6 2.2
v 3.9 4.6 2.1
v 4 4.6 2.1
v 4.1 4.6 2.1
v 3.9 4.6 2
v 4 4.6 2
v 4.1 4.6 2
v -4 4.6 0.0999999
v -3.9 4.6 0.0999999
v -4 4.6 0
v -3.9 4.6 0
v 4 4.6 -0.1
v 4.1 4.6 -0.1
v 3.9 4.6 -0.3
v 4 4.6 -0.3
v 3.9 4.6 -0.4
v 4 4.6 -0.4
v 4.1 4.6 -0.4
v -4 4.6 -1.5
v -3.9 4.6 -1.5
v -3.8 4.6 -1.5
v -3.9 4.6 -1.6
v -3.8 4.6 -1.6
v -4 4.6 -1.7
v -3.9 4.6 -1.7
v 3.9 4.6 -2.3
v 4 4.6 -2.3
v 4.1 4.6 -2.3
v 3.9 4.6 -2.4
v 4 4.6 -2.4
v 4 4.6 -2.5
v 4.1 4.6 -2.5
v -4 4.6 -3.1
v -3.9 4.6 -3.1
v -3.8 4.6 -3.1
v -4 4.6 -3.2
v -3.9 4.6 -3.2
v -3.8 4.6 -3.2
v 4 4.6 -3.6
v -1.8 4.6 -3.8
v -1.7 4.6 -3.8
v -0.0999999 4.6 -3.8
v 0 4.6 -3.8
v 1.2 4.6 -3.8
v 1.3 4.6 -3.8
v 4 4.6 -3.8
v -3.9 4.6 -3.9
v -1.8 4.6 -3.9
v -1.7 4.6 -3.9
v -0.0999999 4.6 -3.9
v 0 4.6 -3.9
v 1.2 4.6 -3.9
v 1.3 4.6 -3.9
v 4 4.6 -3.9
v -4 4.6 -4
v -1.8 4.6 -4
v -1.7 4.6 -4
v 4.1 4.6 -4
v -3.9 4.7 2.4
v -3.8 4.7 2.4
v -3.9 4.7 2.3
v -3.8 4.7 2.3
v 3.9 4.7 2.2
v 4 4.7 2.2
v 3.9 4.7 2.1
v 4 4.7 2.1
v 3.9 4.7 -0.4
v 4 4.7 -0.4
v 3.9 4.7 -0.5
v 4 4.7 -0.5
v -3.9 4.7 -1.4
v -3.8 4.7 -1.4
v -3.9 4.7 -1.5
v -3.8 4.7 -1.5
v -1.9 4.7 -3.8
v -1.8 4.7 -3.8
v -0.2 4.7 -3.8
v -0.0999999 4.7 -3.8
v 1.3 4.7 -3.8
v 1.5 4.7 -3.8
v -1.9 4.7 -3.9
v -1.8 4.7 -3.9
v -0.2 4.7 -3.9
v -0.0999999 4.7 -3.9
v 1.3 4.7 -3.9
v 1.5 4.7 -3.9
v -3.3 4.8 3
v -1.5 4.8 3
v 1.6 4.8 3
v 3.4 4.8 3
v -3.5 4.8 2.9
v -3.4 4.8 2.9
v -3.3 4.8 2.9
v -3.2 4.8 2.9
v -1.6 4.8 2.9
v -1.5 4.8 2.9
v -1 4.8 2.9
v -0.9 4.8 2.9
v 1.6 4.8 2.9
v 1.7 4.8 2.9
v 3.3 4.8 2.9
v 3.4 4.8 2.9
v -3.5 4.8 2.8
v -3.4 4.8 2.8
v -3.2 4.8 2.8
v -1.6 4.8 2.8
v -1 4.8 2.8
v -0.9 4.8 2.8
v 1.7 4.8 2.8
v 3.3 4.8 2.8
v -3.9 4.8 -1.2
v -3.8 4.8 -1.2
v -3.9 4.8 -1.4
v -3.8 4.8 -1.4
v 3.9 4.8 -2.2
v 4 4.8 -2.2
v 3.9 4.8 -2.3
v 4 4.8 -2.3
v -3.9 4.8 -3
v -3.8 4.8 -3
v -3.9 4.8 -3.1
v -3.8 4.8 -3.1
v 1.5 4.8 -3.8
v 1.6 4.8 -3.8
v 1.5 4.8 -3.9
v 1.6 4.8 -3.9
v -0.7 4.9 3.4
v -0.6 4.9 3.4
v -0.7 4.9 3.3
v -0.6 4.9 3.3
v -0.5 4.9 3.3
v 0 4.9 3.3
v 0.2 4.9 3.3
v 0.5 4.9 3.3
v 0.7 4.9 3.3
v 0.8 4.9 3.3
v 0 4.9 3.2
v 0.2 4.9 3.2
v 0.5 4.9 3.2
v 0.6 4.9 3.2
v 0.7 4.9 3.2
v 0.8 4.9 3.2
v 0.9 4.9 3.2
v -0.7 4.9 3.1
v -0.5 4.9 3.1
v 0.6 4.9 3.1
v 0.8 4.9 3.1
v 0.9 4.9 3.1
v 0.6 4.9 3
v 0.8 4.9 3
v -0.7 4.9 2.9
v -0.6 4.9 2.9
v -0.5 4.9 2.9
v 0.6 4.9 2.9
v 0.7 4.9 2.9
v 0.8 4.9 2.9
v -0.2 4.9 2.7
v -0.0999999 4.9 2.7
v 3.9 4.9 2.7
v 4 4.9 2.7
v -0.2 4.9 2.6
v -0.0999999 4.9 2.6
v 3.9 4.9 2.6
v 4 4.9 2.6
v -3.9 4.9 2.5
v -3.8 4.9 2.5
v -3.9 4.9 2.4
v -3.8 4.9 2.4
v 3.9 4.9 2.3
v 4 4.9 2.3
v 3.9 4.9 2.2
v 4 4.9 2.2
v 3.9 4.9 -0.5
v 4 4.9 -0.5
v 3.9 4.9 -0.6
v 4 4.9 -0.6
v -3.9 4.9 -1.1
v -3.8 4.9 -1.1
v -3.9 4.9 -1.2
v -3.8 4.9 -1.2
v 3.9 4.9 -2.1
v 4 4.9 -2.1
v 3.9 4.9 -2.2
v 4 4.9 -2.2
v -2 4.9 -3.8
v -1.9 4.9 -3.8
v -0.3 4.9 -3.8
v -0.2 4.9 -3.8
v 1.6 4.9 -3.8
v 1.8 4.9 -3.8
v -2 4.9 -3.9
v -1.9 4.9 -3.9
v -0.3 4.9 -3.9
v -0.2 4.9 -3.9
v 1.6 4.9 -3.9
v 1.8 4.9 -3.9
v -0.6 5 3.4
v -0.5 5 3.4
v 0.6 5 3.4
v 0.7 5 3.4
v -0.8 5 3.3
v -0.7 5 3.3
v -0.6 5 3.3
v -0.5 5 3.3
v 0.5 5 3.3
v 0.6 5 3.3
v 0.7 5 3.3
v -0.7 5 3.2
v -0.6 5 3.2
v -0.5 5 3.2
v 0.5 5 3.2
v 0.6 5 3.2
v 0.7 5 3.2
v -0.8 5 3.1
v -0.7 5 3.1
v 0.6 5 3.1
v 0.7 5 3.1
v 0.8 5 3.1
v 0.6 5 3
v 0.8 5 3
v -1.1 5 2.9
v -1 5 2.9
v -1.1 5 2.8
v -1 5 2.8
v -3.9 5 2.6
v -3.8 5 2.6
v -3.9 5 2.5
v -3.8 5 2.5
v 3.9 5 2.4
v 4 5 2.4
v 3.9 5 2.3
v 4 5 2.3
v -3.9 5 -1
v -3.8 5 -1
v -3.9 5 -1.1
v -3.8 5 -1.1
v -3.9 5 -2.9
v -3.8 5 -2.9
v -3.9 5 -3
v -3.8 5 -3
v -2 5 -3.7
v -1.9 5 -3.7
v -2 5 -3.8
v -1.9 5 -3.8
v -0.8 5 -3.8
v -0.7 5 -3.8
v 1.8 5 -3.8
v 1.9 5 -3.8
v 3.6 5 -3.8
v 3.7 5 -3.8
v -0.8 5 -3.9
v -0.7 5 -3.9
v 1.8 5 -3.9
v 1.9 5 -3.9
v 3.6 5 -3.9
v 3.7 5 -3.9
v -0.7 5.1 3.2
v -0.6 5.1 3.2
v -0.5 5.1 3.2
v 0.7 5.1 3.2
v 0.8 5.1 3.2
v -0.7 5.1 3.1
v -0.6 5.1 3.1
v -0.5 5.1 3.1
v 0.7 5.1 3.1
v 0.8 5.1 3.1
v -3.6 5.1 2.9
v -3.5 5.1 2.9
v -3.6 5.1 2.8
v -3.5 5.1 2.8
v 3.9 5.1 2.6
v 4 5.1 2.6
v 3.9 5.1 2.5
v 4 5.1 2.5
v 3.9 5.1 -0.3
v 4 5.1 -0.3
v 3.9 5.1 -0.4
v 4 5.1 -0.4
v 3.9 5.1 -0.6
v 4 5.1 -0.6
v 3.9 5.1 -0.7
v 4 5.1 -0.7
v -3.9 5.1 -0.8
v -3.8 5.1 -0.8
v -3.9 5.1 -1
v -3.8 5.1 -1
v -2.1 5.1 -3.8
v -2 5.1 -3.8
v -0.4 5.1 -3.8
v -0.3 5.1 -3.8
v 1.9 5.1 -3.8
v 2 5.1 -3.8
v 3 5.1 -3.8
v 3.1 5.1 -3.8
v 3.4 5.1 -3.8
v 3.6 5.1 -3.8
v 3.7 5.1 -3.8
v 3.8 5.1 -3.8
v -2.1 5.1 -3.9
v -2 5.1 -3.9
v -0.4 5.1 -3.9
v -0.3 5.1 -3.9
v 1.9 5.1 -3.9
v 2 5.1 -3.9
v 3 5.1 -3.9
v 3.1 5.1 -3.9
v 3.4 5.1 -3.9
v 3.6 5.1 -3.9
v 3.7 5.1 -3.9
v 3.8 5.1 -3.9
v -1.2 5.2 2.9
v -1.1 5.2 2.9
v -1.2 5.2 2.8
v -1.1 5.2 2.8
v -3.9 5.2 2.7
v -3.8 5.2 2.7
v -3.9 5.2 2.6
v -3.8 5.2 2.6
v 3.9 5.2 2.5
v 4 5.2 2.5
v 3.9 5.2 2.4
v 4 5.2 2.4
v -3.9 5.2 -0.7
v -3.8 5.2 -0.7
v -3.9 5.2 -0.8
v -3.8 5.2 -0.8
v 3.9 5.2 -2.3
v 4 5.2 -2.3
v 3.9 5.2 -2.4
v 4 5.2 -2.4
v -3.9 5.2 -2.8
v -3.8 5.2 -2.8
v -3.9 5.2 -2.9
v -3.8 5.2 -2.9
v -0.7 5.2 -3.8
v -0.6 5.2 -3.8
v -0.5 5.2 -3.8
v -0.4 5.2 -3.8
v 2 5.2 -3.8
v 2.2 5.2 -3.8
v 2.9 5.2 -3.8
v 3 5.2 -3.8
v 3.1 5.2 -3.8
v 3.4 5.2 -3.8
v 3.8 5.2 -3.8
v 3.9 5.2 -3.8
v -0.7 5.2 -3.9
v -0.6 5.2 -3.9
v -0.5 5.2 -3.9
v -0.4 5.2 -3.9
v 2 5.2 -3.9
v 2.2 5.2 -3.9
v 2.9 5.2 -3.9
v 3 5.2 -3.9
v 3.1 5.2 -3.9
v 3.4 5.2 -3.9
v 3.8 5.2 -3.9
v 3.9 5.2 -3.9
v -3.7 5.3 2.9
v -3.6 5.3 2.9
v -3.9 5.3 2.8
v -3.8 5.3 2.8
v -3.7 5.3 2.8
v -3.6 5.3 2.8
v -3.9 5.3 2.7
v -3.8 5.3 2.7
v -3.9 5.3 -0.6
v -3.8 5.3 -0.6
v -3.9 5.3 -0.7
v -3.8 5.3 -0.7
v -3.8 5.3 -2.8
v -3.7 5.3 -2.8
v -3.8 5.3 -2.9
v -3.7 5.3 -2.9
v -2.2 5.3 -3.8
v -2.1 5.3 -3.8
v 2.2 5.3 -3.8
v 2.3 5.3 -3.8
v 2.8 5.3 -3.8
v 2.9 5.3 -3.8
v -2.2 5.3 -3.9
v -2.1 5.3 -3.9
v 2.2 5.3 -3.9
v 2.3 5.3 -3.9
v 2.8 5.3 -3.9
v 2.9 5.3 -3.9
v -1.3 5.4 2.9
v -1.2 5.4 2.9
v -1.3 5.4 2.8
v -1.2 5.4 2.8
v 3.9 5.4 2.5
v 4 5.4 2.5
v 3.9 5.4 2.4
v 4 5.4 2.4
v 3.9 5.4 -0.2
v 4 5.4 -0.2
v 3.9 5.4 -0.3
v 4 5.4 -0.3
v -3.9 5.4 -0.5
v -3.8 5.4 -0.5
v -3.9 5.4 -0.6
v -3.8 5.4 -0.6
v 3.9 5.4 -2.6
v 4 5.4 -2.6
v -3.9 5.4 -2.7
v -3.8 5.4 -2.7
v 3.9 5.4 -2.7
v 4 5.4 -2.7
v -3.9 5.4 -2.8
v -3.8 5.4 -2.8
v 3.9 5.4 -3.7
v 4 5.4 -3.7
v -2.3 5.4 -3.8
v -2.2 5.4 -3.8
v -0.6 5.4 -3.8
v -0.5 5.4 -3.8
v 2.3 5.4 -3.8
v 2.5 5.4 -3.8
v 2.7 5.4 -3.8
v 2.8 5.4 -3.8
v 3.9 5.4 -3.8
v 4 5.4 -3.8
v -2.3 5.4 -3.9
v -2.2 5.4 -3.9
v -0.6 5.4 -3.9
v -0.5 5.4 -3.9
v 2.3 5.4 -3.9
v 2.5 5.4 -3.9
v 2.7 5.4 -3.9
v 2.8 5.4 -3.9
v 3.9 5.4 -3.9
v 4 5.4 -3.9
v -3.9 5.5 2.9
v -3.8 5.5 2.9
v 1.6 5.5 2.9
v 1.7 5.5 2.9
v -3.9 5.5 2.8
v -3.8 5.5 2.8
v 1.6 5.5 2.8
v 1.7 5.5 2.8
v -3.9 5.5 -0.3
v -3.8 5.5 -0.3
v -3.9 5.5 -0.5
v -3.8 5.5 -0.5
v 3.9 5.5 -2.7
v 4 5.5 -2.7
v -3.9 5.5 -2.9
v -3.8 5.5 -2.9
v -3.9 5.5 -3
v -3.8 5.5 -3
v 3.8 5.5 -3
v 3.9 5.5 -3
v 3.8 5.5 -3.1
v 3.9 5.5 -3.1
v 3.9 5.5 -3.6
v 4 5.5 -3.6
v 3.9 5.5 -3.7
v 4 5.5 -3.7
v 2.5 5.5 -3.8
v 2.7 5.5 -3.8
v 2.5 5.5 -3.9
v 2.7 5.5 -3.9
v -1.4 5.6 2.9
v -1.3 5.6 2.9
v 1.5 5.6 2.9
v 1.6 5.6 2.9
v -1.4 5.6 2.8
v -1.3 5.6 2.8
v 1.5 5.6 2.8
v 1.6 5.6 2.8
v 3.9 5.6 -0.1
v 4 5.6 -0.1
v -3.9 5.6 -0.2
v -3.8 5.6 -0.2
v 3.9 5.6 -0.2
v 4 5.6 -0.2
v -3.9 5.6 -0.3
v -3.8 5.6 -0.3
v -3.9 5.6 -2.6
v -3.8 5.6 -2.6
v -3.9 5.6 -2.7
v -3.8 5.6 -2.7
v -2.4 5.6 -3.8
v -2.3 5.6 -3.8
v -0.6 5.6 -3.8
v -0.5 5.6 -3.8
v -2.4 5.6 -3.9
v -2.3 5.6 -3.9
v -0.6 5.6 -3.9
v -0.5 5.6 -3.9
v 1.4 5.7 2.9
v 1.5 5.7 2.9
v 1.4 5.7 2.8
v 1.5 5.7 2.8
v 3.9 5.7 2.4
v 4 5.7 2.4
v 3.9 5.7 2.3
v 4 5.7 2.3
v -3.9 5.7 -0.1
v -3.8 5.7 -0.1
v -3.9 5.7 -0.2
v -3.8 5.7 -0.2
v -3.9 5.7 -3
v -3.8 5.7 -3
v -3.9 5.7 -3.1
v -3.8 5.7 -3.1
v 3.9 5.7 -3.2
v 4 5.7 -3.2
v 3.9 5.7 -3.6
v 4 5.7 -3.6
v 3.9 5.7 -3.7
v 4 5.7 -3.7
v 3.9 5.7 -3.9
v 4 5.7 -3.9
v -1.5 5.8 2.9
v -1.4 5.8 2.9
v 1.3 5.8 2.9
v 1.4 5.8 2.9
v -1.5 5.8 2.8
v -1.4 5.8 2.8
v 1.3 5.8 2.8
v 1.4 5.8 2.8
v -3.9 5.8 0.0999999
v -3.8 5.8 0.0999999
v 3.9 5.8 0
v 4 5.8 0
v -3.9 5.8 -0.1
v -3.8 5.8 -0.1
v 3.9 5.8 -0.1
v 4 5.8 -0.1
v -3.9 5.8 -2.5
v -3.8 5.8 -2.5
v -3.9 5.8 -2.6
v -3.8 5.8 -2.6
v -3.9 5.8 -3.1
v -3.8 5.8 -3.1
v -3.9 5.8 -3.2
v -3.8 5.8 -3.2
v 3.9 5.8 -3.6
v 4 5.8 -3.6
v 3.8 5.8 -3.7
v 3.9 5.8 -3.7
v 4 5.8 -3.7
v -2.5 5.8 -3.8
v -2.4 5.8 -3.8
v 2.4 5.8 -3.8
v 2.5 5.8 -3.8
v 3.8 5.8 -3.8
v -2.5 5.8 -3.9
v -2.4 5.8 -3.9
v 2.4 5.8 -3.9
v 2.5 5.8 -3.9
v 3.8 5.8 -3.9
v 3.9 5.8 -3.9
v 1.2 5.9 2.9
v 1.3 5.9 2.9
v 1.2 5.9 2.8
v 1.3 5.9 2.8
v -3.9 5.9 0.2
v -3.8 5.9 0.2
v -3.9 5.9 0.0999999
v -3.8 5.9 0.0999999
v 3.9 5.9 -0.2
v 4 5.9 -0.2
v 3.9 5.9 -0.4
v 4 5.9 -0.4
v -3.9 5.9 -3.2
v -3.8 5.9 -3.2
v -3.9 5.9 -3.3
v -3.8 5.9 -3.3
v -2.6 5.9 -3.8
v -2.5 5.9 -3.8
v -0.5 5.9 -3.8
v -0.4 5.9 -3.8
v 2.3 5.9 -3.8
v 2.4 5.9 -3.8
v 3.7 5.9 -3.8
v 3.8 5.9 -3.8
v -2.6 5.9 -3.9
v -2.5 5.9 -3.9
v -0.5 5.9 -3.9
v -0.4 5.9 -3.9
v 2.3 5.9 -3.9
v 2.4 5.9 -3.9
v 3.7 5.9 -3.9
v 3.8 5.9 -3.9
v 1.1 6 2.9
v 1.2 6 2.9
v 1.1 6 2.8
v 1.2 6 2.8
v 3.9 6 2.3
v 4 6 2.3
v 3.9 6 2.2
v 4 6 2.2
v -3.9 6 0.3
v -3.8 6 0.3
v -3.9 6 0.2
v -3.8 6 0.2
v 3.9 6 -0.4
v 4 6 -0.4
v 3.9 6 -0.6
v 4 6 -0.6
v -3.9 6 -2.4
v -3.8 6 -2.4
v -3.9 6 -2.5
v -3.8 6 -2.5
v 2.2 6 -3.8
v 2.3 6 -3.8
v 3.6 6 -3.8
v 3.7 6 -3.8
v 2.2 6 -3.9
v 2.3 6 -3.9
v 3.6 6 -3.9
v 3.7 6 -3.9
v 1 6.1 2.9
v 1.1 6.1 2.9
v 1 6.1 2.8
v 1.1 6.1 2.8
v 3.9 6.1 -0.6
v 4 6.1 -0.6
v 3.9 6.1 -0.8
v 4 6.1 -0.8
v -3.9 6.1 -3.3
v -3.8 6.1 -3.3
v -3.9 6.1 -3.4
v -3.8 6.1 -3.4
v -2.8 6.1 -3.7
v -2.7 6.1 -3.7
v -2.9 6.1 -3.8
v -2.8 6.1 -3.8
v -2.7 6.1 -3.8
v -2.6 6.1 -3.8
v 2.1 6.1 -3.8
v 2.2 6.1 -3.8
v 3.5 6.1 -3.8
v 3.6 6.1 -3.8
v -2.9 6.1 -3.9
v -2.6 6.1 -3.9
v 2.1 6.1 -3.9
v 2.2 6.1 -3.9
v 3.5 6.1 -3.9
v 3.6 6.1 -3.9
v 4 6.3 2.3
v 4.1 6.3 2.3
v 4 6.3 2.2
v 4.1 6.3 2.2
v 4 6.3 -0.9
v 4.1 6.3 -0.9
v 4 6.3 -1.6
v 4.1 6.3 -1.6
v -4 6.3 -2.2
v -3.9 6.3 -2.2
v -4 6.3 -2.3
v -3.9 6.3 -2.3
v -2.5 6.3 -3.9
v -2.2 6.3 -3.9
v 0.3 6.3 -3.9
v 0.5 6.3 -3.9
v 2.9 6.3 -3.9
v 3 6.3 -3.9
v -2.5 6.3 -4
v -2.2 6.3 -4
v 0.3 6.3 -4
v 0.5 6.3 -4
v 2.9 6.3 -4
v 3 6.3 -4
v -0.5 6.4 3.3
v -0.3 6.4 3.3
v -0.0999999 6.4 3.3
v 0.2 6.4 3.3
v 0.4 6.4 3.3
v 0.6 6.4 3.3
v -0.7 6.4 3.1
v -0.5 6.4 3.1
v -0.3 6.4 3.1
v -0.0999999 6.4 3.1
v 0.2 6.4 3.1
v 0.4 6.4 3.1
v 0.6 6.4 3.1
v 0.8 6.4 3.1
v -4 6.4 3
v -0.7 6.4 3
v 0.8 6.4 3
v 4.1 6.4 3
v -3.8 6.4 2.9
v -0.6 6.4 2.9
v -0.4 6.4 2.9
v 0.5 6.4 2.9
v 0.7 6.4 2.9
v 4 6.4 2.9
v -3.9 6.4 2.8
v -3.8 6.4 2.8
v -3.9 6.4 2.7
v -0.4 6.4 2.7
v -0.2 6.4 2.7
v 0.3 6.4 2.7
v 0.5 6.4 2.7
v 4 6.4 2.4
v 4.1 6.4 2.4
v 3.9 6.4 2.3
v 4 6.4 2.3
v 3.9 6.4 2.2
v 4 6.4 2.2
v 4.1 6.4 2.2
v -4 6.4 -0.7
v -3.9 6.4 -0.7
v -4 6.4 -0.8
v -3.9 6.4 -0.8
v 4 6.4 -0.9
v 4.1 6.4 -0.9
v 3.9 6.4 -1.6
v 4 6.4 -1.6
v 4.1 6.4 -1.6
v 3.9 6.4 -1.8
v 4 6.4 -1.8
v -4 6.4 -2.2
v -3.9 6.4 -2.2
v -3.8 6.4 -2.2
v -3.7 6.4 -2.2
v -4 6.4 -2.3
v -3.9 6.4 -2.3
v -3.8 6.4 -2.3
v -3.7 6.4 -2.3
v -3.9 6.4 -2.4
v -3.8 6.4 -2.4
v -3.9 6.4 -3
v -3.8 6.4 -3
v -3.9 6.4 -3.1
v -3.8 6.4 -3.1
v -2.2 6.4 -3.8
v -2 6.4 -3.8
v 0.3 6.4 -3.8
v 0.4 6.4 -3.8
v 2.9 6.4 -3.8
v 3 6.4 -3.8
v -3.9 6.4 -3.9
v -3.8 6.4 -3.9
v -3.7 6.4 -3.9
v -2.5 6.4 -3.9
v -2.2 6.4 -3.9
v -2 6.4 -3.9
v 0.3 6.4 -3.9
v 0.4 6.4 -3.9
v 0.5 6.4 -3.9
v 2.9 6.4 -3.9
v 3 6.4 -3.9
v 4 6.4 -3.9
v -4 6.4 -4
v -2.5 6.4 -4
v -2.2 6.4 -4
v 0.3 6.4 -4
v 0.5 6.4 -4
v 2.9 6.4 -4
v 3 6.4 -4
v 4.1 6.4 -4
v -3.9 6.5 -0.8
v -3.8 6.5 -0.8
v -3.9 6.5 -0.9
v -3.8 6.5 -0.9
v 3.9 6.5 -1.8
v 4 6.5 -1.8
v 3.9 6.5 -2
v 4 6.5 -2
v -3.7 6.5 -2.2
v -3.6 6.5 -2.2
v -3.8 6.5 -2.3
v -3.7 6.5 -2.3
v -3.6 6.5 -2.3
v -3.8 6.5 -2.4
v -3.7 6.5 -2.4
v -3.9 6.5 -3.1
v -3.8 6.5 -3.1
v -3.9 6.5 -3.2
v -3.8 6.5 -3.2
v 2.9 6.5 -3.7
v 3 6.5 -3.7
v -2 6.5 -3.8
v -1.8 6.5 -3.8
v 2.9 6.5 -3.8
v 3 6.5 -3.8
v -2 6.5 -3.9
v -1.8 6.5 -3.9
v -3.3 6.6 3
v -1.5 6.6 3
v 1.6 6.6 3
v 3.4 6.6 3
v -3.8 6.6 2.9
v -3.7 6.6 2.9
v -3.3 6.6 2.9
v -3.2 6.6 2.9
v -1.6 6.6 2.9
v -1.5 6.6 2.9
v 1.6 6.6 2.9
v 1.7 6.6 2.9
v 3.3 6.6 2.9
v 3.4 6.6 2.9
v -3.8 6.6 2.8
v -3.7 6.6 2.8
v -3.2 6.6 2.8
v -1.6 6.6 2.8
v 1.7 6.6 2.8
v 3.3 6.6 2.8
v 3.9 6.6 2.2
v 4 6.6 2.2
v 3.9 6.6 2.1
v 4 6.6 2.1
v -3.9 6.6 1.4
v -3.8 6.6 1.4
v -3.8 6.6 1.3
v -3.7 6.6 1.3
v -3.9 6.6 1.2
v -3.8 6.6 1.2
v -3.7 6.6 1.2
v 3.9 6.6 -2
v 4 6.6 -2
v -3.9 6.6 -2.1
v -3.8 6.6 -2.1
v -3.7 6.6 -2.1
v -3.9 6.6 -2.2
v -3.8 6.6 -2.2
v -3.7 6.6 -2.2
v 3.9 6.6 -2.3
v 4 6.6 -2.3
v -3.9 6.6 -3.2
v -3.8 6.6 -3.2
v -3.9 6.6 -3.3
v -3.8 6.6 -3.3
v -1.8 6.6 -3.8
v -1.6 6.6 -3.8
v 0.2 6.6 -3.8
v 0.3 6.6 -3.8
v 3 6.6 -3.8
v 3.1 6.6 -3.8
v -1.8 6.6 -3.9
v -1.6 6.6 -3.9
v 0.2 6.6 -3.9
v 0.3 6.6 -3.9
v 3 6.6 -3.9
v 3.1 6.6 -3.9
v -0.6 6.7 3.4
v -0.5 6.7 3.4
v 0 6.7 3.4
v 0.1 6.7 3.4
v 0.2 6.7 3.4
v 0.4 6.7 3.4
v -0.6 6.7 3.3
v -0.5 6.7 3.3
v -0.3 6.7 3.3
v 0 6.7 3.3
v 0.1 6.7 3.3
v 0.2 6.7 3.3
v 0.4 6.7 3.3
v 0.6 6.7 3.3
v -0.8 6.7 3.2
v -0.7 6.7 3.2
v -0.2 6.7 3.2
v 0.1 6.7 3.2
v 0.2 6.7 3.2
v 0.3 6.7 3.2
v 0.8 6.7 3.2
v 0.9 6.7 3.2
v -0.6 6.7 3.1
v -0.5 6.7 3.1
v -0.3 6.7 3.1
v -0.2 6.7 3.1
v 0.3 6.7 3.1
v 0.4 6.7 3.1
v 0.6 6.7 3.1
v 0.7 6.7 3.1
v 0.8 6.7 3.1
v 0.9 6.7 3.1
v -0.8 6.7 3
v -0.7 6.7 3
v -0.6 6.7 3
v 0.6 6.7 3
v 0.7 6.7 3
v -0.7 6.7 2.9
v -0.6 6.7 2.9
v -0.5 6.7 2.9
v 0.6 6.7 2.9
v 0.7 6.7 2.9
v 0.8 6.7 2.9
v -3.9 6.7 1.5
v -3.8 6.7 1.5
v -3.7 6.7 1.5
v -3.9 6.7 1.4
v -3.8 6.7 1.4
v -3.7 6.7 1.4
v -3.6 6.7 1.4
v -3.8 6.7 1.3
v -3.6 6.7 1.3
v -3.9 6.7 -0.7
v -3.8 6.7 -0.7
v -3.9 6.7 -0.8
v -3.8 6.7 -0.8
v -3.7 6.7 -2.1
v -3.6 6.7 -2.1
v -3.7 6.7 -2.2
v -3.6 6.7 -2.2
v 3.9 6.7 -2.3
v 4 6.7 -2.3
v 3.9 6.7 -2.5
v 4 6.7 -2.5
v -3.9 6.7 -3.3
v -3.8 6.7 -3.3
v -3.9 6.7 -3.4
v -3.8 6.7 -3.4
v -1.6 6.7 -3.8
v -1.4 6.7 -3.8
v -1.6 6.7 -3.9
v -1.4 6.7 -3.9
v -0.7 6.8 3.4
v -0.6 6.8 3.4
v -0.3 6.8 3.4
v -0.2 6.8 3.4
v -0.0999999 6.8 3.4
v 0 6.8 3.4
v 0.7 6.8 3.4
v 0.8 6.8 3.4
v -0.7 6.8 3.3
v -0.6 6.8 3.3
v -0.5 6.8 3.3
v -0.3 6.8 3.3
v -0.2 6.8 3.3
v -0.0999999 6.8 3.3
v 0 6.8 3.3
v 0.2 6.8 3.3
v 0.3 6.8 3.3
v 0.6 6.8 3.3
v 0.7 6.8 3.3
v 0.8 6.8 3.3
v 0.9 6.8 3.3
v -0.7 6.8 3.2
v -0.6 6.8 3.2
v -0.3 6.8 3.2
v -0.2 6.8 3.2
v 0 6.8 3.2
v 0.2 6.8 3.2
v 0.3 6.8 3.2
v 0.4 6.8 3.2
v 0.7 6.8 3.2
v 0.8 6.8 3.2
v 0.9 6.8 3.2
v -0.6 6.8 3.1
v -0.5 6.8 3.1
v -0.3 6.8 3.1
v -0.2 6.8 3.1
v 0.3 6.8 3.1
v 0.4 6.8 3.1
v 0.7 6.8 3.1
v -0.7 6.8 3
v -0.6 6.8 3
v 0.6 6.8 3
v 0.7 6.8 3
v -3.9 6.8 1.6
v -3.8 6.8 1.6
v -3.6 6.8 1.6
v -3.9 6.8 1.5
v -3.8 6.8 1.5
v -3.7 6.8 1.5
v -3.7 6.8 1.4
v -3.6 6.8 1.4
v 3.9 6.8 -1.6
v 4 6.8 -1.6
v 3.9 6.8 -1.7
v 4 6.8 -1.7
v -3.9 6.8 -2
v -3.8 6.8 -2
v -3.6 6.8 -2
v -3.9 6.8 -2.1
v -3.8 6.8 -2.1
v -3.7 6.8 -2.1
v -3.6 6.8 -2.1
v -3.9 6.8 -3.4
v -3.8 6.8 -3.4
v -3.9 6.8 -3.5
v -3.8 6.8 -3.5
v -1.4 6.8 -3.8
v -1.2 6.8 -3.8
v 0.1 6.8 -3.8
v 0.2 6.8 -3.8
v 3.1 6.8 -3.8
v 3.2 6.8 -3.8
v -1.4 6.8 -3.9
v -1.2 6.8 -3.9
v 0.1 6.8 -3.9
v 0.2 6.8 -3.9
v 3.1 6.8 -3.9
v 3.2 6.8 -3.9
v -0.2 6.9 3.4
v -0.0999999 6.9 3.4
v 0.6 6.9 3.4
v 0.7 6.9 3.4
v -0.7 6.9 3.3
v -0.6 6.9 3.3
v -0.3 6.9 3.3
v -0.2 6.9 3.3
v -0.0999999 6.9 3.3
v 0 6.9 3.3
v 0.1 6.9 3.3
v 0.3 6.9 3.3
v 0.4 6.9 3.3
v 0.6 6.9 3.3
v 0.7 6.9 3.3
v -0.7 6.9 3.2
v -0.6 6.9 3.2
v -0.3 6.9 3.2
v -0.2 6.9 3.2
v 0 6.9 3.2
v 0.1 6.9 3.2
v 0.3 6.9 3.2
v 0.4 6.9 3.2
v 0.7 6.9 3.2
v 0.8 6.9 3.2
v 0.7 6.9 3.1
v 0.8 6.9 3.1
v 3.9 6.9 2.9
v 4 6.9 2.9
v 3.9 6.9 2.8
v 4 6.9 2.8
v 3.9 6.9 2.1
v 4 6.9 2.1
v 3.9 6.9 2
v 4 6.9 2
v -3.9 6.9 1.8
v -3.8 6.9 1.8
v -3.8 6.9 1.7
v -3.6 6.9 1.7
v -3.9 6.9 1.6
v -3.8 6.9 1.6
v -3.7 6.9 1.6
v -3.6 6.9 1.6
v -1 6.9 -3.7
v -0.9 6.9 -3.7
v -1.2 6.9 -3.8
v -1 6.9 -3.8
v -0.9 6.9 -3.8
v 3.2 6.9 -3.8
v 3.3 6.9 -3.8
v -1.2 6.9 -3.9
v -0.9 6.9 -3.9
v 3.2 6.9 -3.9
v 3.3 6.9 -3.9
v -3.7 7 2.9
v -3.6 7 2.9
v -3.7 7 2.8
v -3.6 7 2.8
v -3.9 7 1.9
v -3.8 7 1.9
v -3.7 7 1.9
v -3.9 7 1.8
v -3.8 7 1.8
v -3.7 7 1.8
v -3.6 7 1.8
v -3.8 7 1.7
v -3.7 7 1.7
v -3.6 7 1.7
v -3.9 7 -0.6
v -3.8 7 -0.6
v -3.9 7 -0.7
v -3.8 7 -0.7
v 3.9 7 -1.5
v 4 7 -1.5
v 3.9 7 -1.6
v 4 7 -1.6
v -3.9 7 -1.9
v -3.8 7 -1.9
v -3.7 7 -1.9
v 3.9 7 -1.9
v 4 7 -1.9
v -3.9 7 -2
v -3.8 7 -2
v -3.7 7 -2
v 3.9 7 -2
v 4 7 -2
v -3.9 7 -3.5
v -3.8 7 -3.5
v -3.9 7 -3.6
v -3.8 7 -3.6
v -0.9 7 -3.8
v -0.8 7 -3.8
v 0 7 -3.8
v 0.1 7 -3.8
v 3.3 7 -3.8
v 3.4 7 -3.8
v -0.9 7 -3.9
v -0.8 7 -3.9
v 0 7 -3.9
v 0.1 7 -3.9
v 3.3 7 -3.9
v 3.4 7 -3.9
v -3.9 7.1 2.4
v -3.8 7.1 2.4
v -3.9 7.1 2.3
v -3.8 7.1 2.3
v -3.9 7.1 2
v -3.8 7.1 2
v -3.6 7.1 2
v -3.9 7.1 1.9
v -3.8 7.1 1.9
v -3.7 7.1 1.9
v -3.7 7.1 1.8
v -3.6 7.1 1.8
v 3.9 7.1 -1.7
v 4 7.1 -1.7
v -3.7 7.1 -1.9
v -3.6 7.1 -1.9
v 3.9 7.1 -1.9
v 4 7.1 -1.9
v -3.7 7.1 -2
v -3.6 7.1 -2
v -3.9 7.1 -3.6
v -3.8 7.1 -3.6
v -3.9 7.1 -3.7
v -3.8 7.1 -3.7
v -1.5 7.2 2.9
v -1.4 7.2 2.9
v 3.3 7.2 2.9
v 3.4 7.2 2.9
v -1.5 7.2 2.8
v -1.4 7.2 2.8
v 3.3 7.2 2.8
v 3.4 7.2 2.8
v -3.9 7.2 2.2
v -3.8 7.2 2.2
v -3.8 7.2 2.1
v -3.6 7.2 2.1
v -3.9 7.2 2
v -3.8 7.2 2
v -3.7 7.2 2
v -3.6 7.2 2
v 3.9 7.2 2
v 4 7.2 2
v 3.9 7.2 1.9
v 4 7.2 1.9
v -3.9 7.2 -0.5
v -3.8 7.2 -0.5
v -3.9 7.2 -0.6
v -3.8 7.2 -0.6
v 3.9 7.2 -1.5
v 4 7.2 -1.5
v 3.9 7.2 -1.6
v 4 7.2 -1.6
v -3.9 7.2 -1.8
v -3.8 7.2 -1.8
v -3.7 7.2 -1.8
v -3.9 7.2 -1.9
v -3.8 7.2 -1.9
v -3.7 7.2 -1.9
v 3.9 7.2 -2
v 4 7.2 -2
v 3.9 7.2 -2.1
v 4 7.2 -2.1
v -3.9 7.2 -3.7
v -3.8 7.2 -3.7
v -3.9 7.2 -3.8
v -3.8 7.2 -3.8
v -0.8 7.2 -3.8
v -0.7 7.2 -3.8
v -0.0999999 7.2 -3.8
v 0 7.2 -3.8
v 3.4 7.2 -3.8
v 3.6 7.2 -3.8
v -0.8 7.2 -3.9
v -0.7 7.2 -3.9
v -0.0999999 7.2 -3.9
v 0 7.2 -3.9
v 3.4 7.2 -3.9
v 3.6 7.2 -3.9
v -3.9 7.3 2.3
v -3.8 7.3 2.3
v -3.9 7.3 2.2
v -3.8 7.3 2.2
v -3.7 7.3 2.2
v -3.8 7.3 2.1
v -3.7 7.3 2.1
v -3.9 7.3 -0.4
v -3.8 7.3 -0.4
v -3.9 7.3 -0.5
v -3.8 7.3 -0.5
v 3.9 7.3 -1.3
v 4 7.3 -1.3
v 3.9 7.3 -1.5
v 4 7.3 -1.5
v -3.7 7.3 -1.8
v -3.6 7.3 -1.8
v -3.7 7.3 -1.9
v -3.6 7.3 -1.9
v 3.9 7.3 -2.1
v 4 7.3 -2.1
v 3.9 7.3 -2.2
v 4 7.3 -2.2
v -3.9 7.3 -3.8
v -3.8 7.3 -3.8
v -3.9 7.3 -3.9
v -3.8 7.3 -3.9
v -3.6 7.4 2.9
v -3.5 7.4 2.9
v -3.6 7.4 2.8
v -3.5 7.4 2.8
v 3.9 7.4 1.9
v 4 7.4 1.9
v 3.9 7.4 1.7
v 4 7.4 1.7
v 3.9 7.4 -1.1
v 4 7.4 -1.1
v 3.9 7.4 -1.3
v 4 7.4 -1.3
v -3.9 7.4 -1.6
v -3.8 7.4 -1.6
v -3.8 7.4 -1.7
v -3.7 7.4 -1.7
v -3.6 7.4 -1.7
v -3.9 7.4 -1.8
v -3.8 7.4 -1.8
v -3.7 7.4 -1.8
v -3.6 7.4 -1.8
v 3.9 7.4 -2.2
v 4 7.4 -2.2
v 3.9 7.4 -2.3
v 4 7.4 -2.3
v -3.8 7.4 -3.8
v -3.7 7.4 -3.8
v -0.7 7.4 -3.8
v -0.6 7.4 -3.8
v -0.2 7.4 -3.8
v -0.0999999 7.4 -3.8
v -3.8 7.4 -3.9
v -3.7 7.4 -3.9
v -0.7 7.4 -3.9
v -0.6 7.4 -3.9
v -0.2 7.4 -3.9
v -0.0999999 7.4 -3.9
v 3.8 7.5 2.9
v 3.9 7.5 2.9
v 1.7 7.5 2.8
v 1.8 7.5 2.8
v 3.8 7.5 2.8
v 3.9 7.5 2.8
v 1.7 7.5 2.7
v 1.8 7.5 2.7
v 3.9 7.5 2.1
v 4 7.5 2.1
v 3.9 7.5 2
v 4 7.5 2
v 3.9 7.5 1.7
v 4 7.5 1.7
v 3.9 7.5 1.4
v 4 7.5 1.4
v -3.9 7.5 -0.5
v -3.8 7.5 -0.5
v -3.9 7.5 -0.6
v -3.8 7.5 -0.6
v 3.9 7.5 -0.9
v 4 7.5 -0.9
v 3.9 7.5 -1.1
v 4 7.5 -1.1
v 3.9 7.5 -2.3
v 4 7.5 -2.3
v 3.9 7.5 -2.4
v 4 7.5 -2.4
v -3.7 7.5 -3.8
v -3.6 7.5 -3.8
v -3.7 7.5 -3.9
v -3.6 7.5 -3.9
v -1.4 7.6 2.9
v -1.3 7.6 2.9
v 1.6 7.6 2.9
v 1.7 7.6 2.9
v 3.4 7.6 2.9
v 3.5 7.6 2.9
v -1.4 7.6 2.8
v -1.3 7.6 2.8
v 1.6 7.6 2.8
v 1.7 7.6 2.8
v 3.4 7.6 2.8
v 3.5 7.6 2.8
v 3.9 7.6 2.3
v 4 7.6 2.3
v 3.9 7.6 2.1
v 4 7.6 2.1
v 3.9 7.6 1.4
v 4 7.6 1.4
v 3.9 7.6 1.1
v 4 7.6 1.1
v 3.9 7.6 -0.7
v 4 7.6 -0.7
v 3.9 7.6 -0.9
v 4 7.6 -0.9
v -3.9 7.6 -1.8
v -3.8 7.6 -1.8
v -3.9 7.6 -1.9
v -3.8 7.6 -1.9
v 3.9 7.6 -2.4
v 4 7.6 -2.4
v 3.9 7.6 -2.5
v 4 7.6 -2.5
v -3.6 7.6 -3.8
v -3.5 7.6 -3.8
v -0.6 7.6 -3.8
v -0.5 7.6 -3.8
v -0.3 7.6 -3.8
v -0.2 7.6 -3.8
v 3.4 7.6 -3.8
v 3.5 7.6 -3.8
v -3.6 7.6 -3.9
v -3.5 7.6 -3.9
v -0.6 7.6 -3.9
v -0.5 7.6 -3.9
v -0.3 7.6 -3.9
v -0.2 7.6 -3.9
v 3.4 7.6 -3.9
v 3.5 7.6 -3.9
v 0.2 7.7 2.7
v 0.3 7.7 2.7
v 0.2 7.7 2.6
v 0.3 7.7 2.6
v 3.9 7.7 2.4
v 4 7.7 2.4
v 3.9 7.7 2.3
v 4 7.7 2.3
v -3.9 7.7 2.2
v -3.8 7.7 2.2
v -3.9 7.7 2.1
v -3.8 7.7 2.1
v 3.9 7.7 1.1
v 4 7.7 1.1
v 3.9 7.7 0.9
v 4 7.7 0.9
v 3.9 7.7 -2.5
v 4 7.7 -2.5
v 3.9 7.7 -2.6
v 4 7.7 -2.6
v -3.5 7.7 -3.8
v -3.4 7.7 -3.8
v -3.5 7.7 -3.9
v -3.4 7.7 -3.9
v -3.5 7.8 2.9
v -3.4 7.8 2.9
v 0.5 7.8 2.9
v 0.6 7.8 2.9
v 1.5 7.8 2.9
v 1.6 7.8 2.9
v -3.5 7.8 2.8
v -3.4 7.8 2.8
v 0.5 7.8 2.8
v 0.6 7.8 2.8
v 1.5 7.8 2.8
v 1.6 7.8 2.8
v 3.9 7.8 2.6
v 4 7.8 2.6
v 3.9 7.8 2.4
v 4 7.8 2.4
v 3.9 7.8 0.9
v 4 7.8 0.9
v 3.9 7.8 0.6
v 4 7.8 0.6
v -3.9 7.8 -0.6
v -3.8 7.8 -0.6
v -3.9 7.8 -0.7
v -3.8 7.8 -0.7
v -3.9 7.8 -1.9
v -3.8 7.8 -1.9
v -3.9 7.8 -2
v -3.8 7.8 -2
v 3.9 7.8 -2.6
v 4 7.8 -2.6
v 3.9 7.8 -2.7
v 4 7.8 -2.7
v -3.4 7.8 -3.8
v -3.3 7.8 -3.8
v -0.5 7.8 -3.8
v -0.3 7.8 -3.8
v -3.4 7.8 -3.9
v -3.3 7.8 -3.9
v -0.5 7.8 -3.9
v -0.3 7.8 -3.9
v -3.1 7.9 2.9
v -3 7.9 2.9
v -3.1 7.9 2.8
v -3 7.9 2.8
v 3.9 7.9 2.7
v 4 7.9 2.7
v 3.9 7.9 2.6
v 4 7.9 2.6
v 3.9 7.9 0.6
v 4 7.9 0.6
v 3.9 7.9 0.4
v 4 7.9 0.4
v -3.9 7.9 -2
v -3.8 7.9 -2
v -3.9 7.9 -2.1
v -3.8 7.9 -2.1
v -3.3 7.9 -3.8
v -3.2 7.9 -3.8
v -3.3 7.9 -3.9
v -3.2 7.9 -3.9
v -3.2 8.1 3
v -3.1 8.1 3
v -1.3 8.1 3
v -1.2 8.1 3
v 0.9 8.1 3
v 1 8.1 3
v 1.5 8.1 3
v 1.6 8.1 3
v -3.2 8.1 2.9
v -3.1 8.1 2.9
v -1.3 8.1 2.9
v -1.2 8.1 2.9
v 0.9 8.1 2.9
v 1 8.1 2.9
v 1.5 8.1 2.9
v 1.6 8.1 2.9
v -4 8.1 2.1
v -3.9 8.1 2.1
v -4 8.1 2
v -3.9 8.1 2
v -4 8.1 -2.1
v -3.9 8.1 -2.1
v -4 8.1 -2.2
v -3.9 8.1 -2.2
v -3.3 8.1 -3.9
v -2.9 8.1 -3.9
v -0.5 8.1 -3.9
v -0.4 8.1 -3.9
v 3.3 8.1 -3.9
v 3.4 8.1 -3.9
v -3.3 8.1 -4
v -2.9 8.1 -4
v -0.5 8.1 -4
v -0.4 8.1 -4
v 3.3 8.1 -4
v 3.4 8.1 -4
v -0.5 8.2 3.3
v -0.3 8.2 3.3
v -0.0999999 8.2 3.3
v 0.2 8.2 3.3
v 0.4 8.2 3.3
v 0.6 8.2 3.3
v -0.7 8.2 3.1
v -0.5 8.2 3.1
v -0.3 8.2 3.1
v -0.0999999 8.2 3.1
v 0.2 8.2 3.1
v 0.4 8.2 3.1
v 0.6 8.2 3.1
v 0.8 8.2 3.1
v -4 8.2 3
v -3.4 8.2 3
v -3.3 8.2 3
v -3.2 8.2 3
v -3.1 8.2 3
v -1.3 8.2 3
v -1.2 8.2 3
v -0.7 8.2 3
v 0.8 8.2 3
v 0.9 8.2 3
v 1 8.2 3
v 1.5 8.2 3
v 1.6 8.2 3
v 3.5 8.2 3
v 3.6 8.2 3
v 3.8 8.2 3
v 3.9 8.2 3
v 4.1 8.2 3
v -3.9 8.2 2.9
v -3.4 8.2 2.9
v -3.3 8.2 2.9
v -3.2 8.2 2.9
v -3.1 8.2 2.9
v -1.3 8.2 2.9
v -1.2 8.2 2.9
v -0.6 8.2 2.9
v -0.4 8.2 2.9
v 0.5 8.2 2.9
v 0.7 8.2 2.9
v 0.8 8.2 2.9
v 0.9 8.2 2.9
v 1 8.2 2.9
v 1.4 8.2 2.9
v 1.5 8.2 2.9
v 1.6 8.2 2.9
v 3.5 8.2 2.9
v 3.6 8.2 2.9
v 3.7 8.2 2.9
v 3.8 8.2 2.9
v 3.9 8.2 2.9
v 4 8.2 2.9
v -3.4 8.2 2.8
v -3.3 8.2 2.8
v -3.2 8.2 2.8
v -3.1 8.2 2.8
v -1.3 8.2 2.8
v -1.2 8.2 2.8
v 0.8 8.2 2.8
v 0.9 8.2 2.8
v 1.4 8.2 2.8
v 1.5 8.2 2.8
v 3.5 8.2 2.8
v 3.6 8.2 2.8
v 3.7 8.2 2.8
v 3.8 8.2 2.8
v -0.4 8.2 2.7
v -0.2 8.2 2.7
v 0.3 8.2 2.7
v 0.5 8.2 2.7
v -4 8.2 2.2
v -3.9 8.2 2.2
v -3.8 8.2 2.2
v -3.9 8.2 2.1
v -3.8 8.2 2.1
v -4 8.2 2
v -3.9 8.2 2
v -3.9 8.2 0.7
v -3.8 8.2 0.7
v -3.9 8.2 0.6
v -3.8 8.2 0.6
v -4 8.2 -2.1
v -3.9 8.2 -2.1
v -3.8 8.2 -2.1
v 3.9 8.2 -2.1
v 4 8.2 -2.1
v -4 8.2 -2.2
v -3.9 8.2 -2.2
v -3.8 8.2 -2.2
v -3.7 8.2 -2.2
v 3.9 8.2 -2.2
v 4 8.2 -2.2
v -3.9 8.2 -2.3
v -3.8 8.2 -2.3
v -3.7 8.2 -2.3
v -3 8.2 -3.8
v -2.9 8.2 -3.8
v -2 8.2 -3.8
v -1.9 8.2 -3.8
v -0.6 8.2 -3.8
v -0.4 8.2 -3.8
v 2.6 8.2 -3.8
v 2.7 8.2 -3.8
v 3.3 8.2 -3.8
v 3.4 8.2 -3.8
v -3.9 8.2 -3.9
v -3.3 8.2 -3.9
v -3 8.2 -3.9
v -2.9 8.2 -3.9
v -2 8.2 -3.9
v -1.9 8.2 -3.9
v -0.6 8.2 -3.9
v -0.5 8.2 -3.9
v -0.4 8.2 -3.9
v 2.6 8.2 -3.9
v 2.7 8.2 -3.9
v 3.3 8.2 -3.9
v 3.4 8.2 -3.9
v 4 8.2 -3.9
v -4 8.2 -4
v -3.3 8.2 -4
v -2.9 8.2 -4
v -0.5 8.2 -4
v -0.4 8.2 -4
v 3.3 8.2 -4
v 3.4 8.2 -4
v 4.1 8.2 -4
v 0.9 8.3 2.9
v 1 8.3 2.9
v 1.3 8.3 2.9
v 1.4 8.3 2.9
v 0.9 8.3 2.8
v 1 8.3 2.8
v 1.3 8.3 2.8
v 1.4 8.3 2.8
v 3.9 8.3 2
v 4 8.3 2
v 3.9 8.3 1.9
v 4 8.3 1.9
v 3.9 8.3 -2.2
v 4 8.3 -2.2
v 3.9 8.3 -2.4
v 4 8.3 -2.4
v 3.9 8.3 -2.8
v 4 8.3 -2.8
v 3.9 8.3 -2.9
v 4 8.3 -2.9
v -2.9 8.3 -3.8
v -2.8 8.3 -3.8
v 1.2 8.3 -3.8
v 1.3 8.3 -3.8
v 2.5 8.3 -3.8
v 2.6 8.3 -3.8
v -2.9 8.3 -3.9
v -2.8 8.3 -3.9
v 1.2 8.3 -3.9
v 1.3 8.3 -3.9
v 2.5 8.3 -3.9
v 2.6 8.3 -3.9
v -3.1 8.4 3
v -1.5 8.4 3
v 1.6 8.4 3
v 3.4 8.4 3
v -3.3 8.4 2.9
v -3.2 8.4 2.9
v -3.1 8.4 2.9
v -1.6 8.4 2.9
v -1.5 8.4 2.9
v 1 8.4 2.9
v 1.1 8.4 2.9
v 1.6 8.4 2.9
v 1.7 8.4 2.9
v 3.3 8.4 2.9
v 3.4 8.4 2.9
v -3.3 8.4 2.8
v -3.2 8.4 2.8
v -3.1 8.4 2.8
v -3 8.4 2.8
v -1.6 8.4 2.8
v 1 8.4 2.8
v 1.1 8.4 2.8
v 1.7 8.4 2.8
v 3.3 8.4 2.8
v -3.2 8.4 2.7
v -3.1 8.4 2.7
v -3.9 8.4 2.1
v -3.8 8.4 2.1
v -3.9 8.4 2
v -3.8 8.4 2
v 3.9 8.4 1.9
v 4 8.4 1.9
v 3.9 8.4 1.7
v 4 8.4 1.7
v 3.9 8.4 -0.6
v 4 8.4 -0.6
v 3.9 8.4 -0.8
v 4 8.4 -0.8
v -3.9 8.4 -2.1
v -3.8 8.4 -2.1
v -3.9 8.4 -2.2
v -3.8 8.4 -2.2
v -3.9 8.4 -2.3
v -3.8 8.4 -2.3
v -3.9 8.4 -2.4
v -3.8 8.4 -2.4
v 3.9 8.4 -2.7
v 4 8.4 -2.7
v 3.9 8.4 -2.8
v 4 8.4 -2.8
v 3.3 8.4 -3.7
v 3.4 8.4 -3.7
v -2.8 8.4 -3.8
v -2.7 8.4 -3.8
v -2.1 8.4 -3.8
v -2 8.4 -3.8
v 1.3 8.4 -3.8
v 1.4 8.4 -3.8
v 2.3 8.4 -3.8
v 2.5 8.4 -3.8
v 3.3 8.4 -3.8
v 3.4 8.4 -3.8
v -2.8 8.4 -3.9
v -2.7 8.4 -3.9
v -2.1 8.4 -3.9
v -2 8.4 -3.9
v 1.3 8.4 -3.9
v 1.4 8.4 -3.9
v 2.3 8.4 -3.9
v 2.5 8.4 -3.9
v -0.4 8.5 3.4
v -0.2 8.5 3.4
v 0 8.5 3.4
v 0.1 8.5 3.4
v 0.2 8.5 3.4
v 0.3 8.5 3.4
v -0.6 8.5 3.3
v -0.4 8.5 3.3
v -0.2 8.5 3.3
v 0 8.5 3.3
v 0.1 8.5 3.3
v 0.2 8.5 3.3
v 0.3 8.5 3.3
v 0.4 8.5 3.3
v 0.7 8.5 3.3
v -0.8 8.5 3.2
v -0.7 8.5 3.2
v -0.6 8.5 3.2
v -0.5 8.5 3.2
v -0.4 8.5 3.2
v -0.3 8.5 3.2
v -0.2 8.5 3.2
v 0.1 8.5 3.2
v 0.2 8.5 3.2
v 0.3 8.5 3.2
v 0.4 8.5 3.2
v 0.5 8.5 3.2
v -0.8 8.5 3.1
v -0.7 8.5 3.1
v -0.6 8.5 3.1
v -0.5 8.5 3.1
v -0.3 8.5 3.1
v -0.2 8.5 3.1
v 0.3 8.5 3.1
v 0.5 8.5 3.1
v 0.6 8.5 3.1
v 0.7 8.5 3.1
v -0.7 8.5 3
v -0.6 8.5 3
v 0.6 8.5 3
v 0.7 8.5 3
v -1.2 8.5 2.9
v -1.1 8.5 2.9
v -0.7 8.5 2.9
v -0.6 8.5 2.9
v -0.5 8.5 2.9
v 0.6 8.5 2.9
v 0.7 8.5 2.9
v 1.1 8.5 2.9
v 1.3 8.5 2.9
v -1.2 8.5 2.8
v -1.1 8.5 2.8
v 1.1 8.5 2.8
v 1.3 8.5 2.8
v 3.9 8.5 1.7
v 4 8.5 1.7
v 3.9 8.5 1.6
v 4 8.5 1.6
v -3.9 8.5 0.6
v -3.8 8.5 0.6
v -3.9 8.5 0.5
v -3.8 8.5 0.5
v 3.9 8.5 -0.4
v 4 8.5 -0.4
v 3.9 8.5 -0.6
v 4 8.5 -0.6
v -3.9 8.5 -2.4
v -3.8 8.5 -2.4
v -3.9 8.5 -2.5
v -3.8 8.5 -2.5
v 3.9 8.5 -2.6
v 4 8.5 -2.6
v 3.9 8.5 -2.7
v 4 8.5 -2.7
v -2.7 8.5 -3.8
v -2.6 8.5 -3.8
v 1.4 8.5 -3.8
v 1.5 8.5 -3.8
v 1.6 8.5 -3.8
v 1.7 8.5 -3.8
v 2.2 8.5 -3.8
v 2.3 8.5 -3.8
v -2.7 8.5 -3.9
v -2.6 8.5 -3.9
v 1.4 8.5 -3.9
v 1.5 8.5 -3.9
v 1.6 8.5 -3.9
v 1.7 8.5 -3.9
v 2.2 8.5 -3.9
v 2.3 8.5 -3.9
v -0.0999999 8.6 3.4
v 0 8.6 3.4
v -0.4 8.6 3.3
v -0.2 8.6 3.3
v -0.0999999 8.6 3.3
v 0 8.6 3.3
v 0.1 8.6 3.3
v 0.2 8.6 3.3
v 0.3 8.6 3.3
v 0.4 8.6 3.3
v 0.8 8.6 3.3
v 0.9 8.6 3.3
v -0.4 8.6 3.2
v -0.3 8.6 3.2
v -0.2 8.6 3.2
v -0.0999999 8.6 3.2
v 0.1 8.6 3.2
v 0.2 8.6 3.2
v 0.3 8.6 3.2
v 0.4 8.6 3.2
v 0.5 8.6 3.2
v 0.7 8.6 3.2
v 0.8 8.6 3.2
v 0.9 8.6 3.2
v -0.8 8.6 3.1
v -0.7 8.6 3.1
v -0.6 8.6 3.1
v -0.3 8.6 3.1
v -0.2 8.6 3.1
v 0.4 8.6 3.1
v 0.5 8.6 3.1
v 0.6 8.6 3.1
v 0.7 8.6 3.1
v 0.8 8.6 3.1
v 0.9 8.6 3.1
v -0.8 8.6 3
v -0.6 8.6 3
v 0.6 8.6 3
v 0.7 8.6 3
v -3.4 8.6 2.9
v -3.3 8.6 2.9
v 0.7 8.6 2.9
v 0.8 8.6 2.9
v 3.6 8.6 2.9
v 3.7 8.6 2.9
v -3.4 8.6 2.8
v -3.3 8.6 2.8
v 3.6 8.6 2.8
v 3.7 8.6 2.8
v 3.9 8.6 1.6
v 4 8.6 1.6
v 3.9 8.6 1.4
v 4 8.6 1.4
v 3.9 8.6 -0.2
v 4 8.6 -0.2
v 3.9 8.6 -0.4
v 4 8.6 -0.4
v -3.9 8.6 -2
v -3.8 8.6 -2
v -3.9 8.6 -2.1
v -3.8 8.6 -2.1
v -3.9 8.6 -2.5
v -3.8 8.6 -2.5
v -3.9 8.6 -2.6
v -3.8 8.6 -2.6
v -2.6 8.6 -3.8
v -2.5 8.6 -3.8
v -2.2 8.6 -3.8
v -2.1 8.6 -3.8
v 1.5 8.6 -3.8
v 1.6 8.6 -3.8
v 2.1 8.6 -3.8
v 2.2 8.6 -3.8
v 3.2 8.6 -3.8
v 3.3 8.6 -3.8
v -2.6 8.6 -3.9
v -2.5 8.6 -3.9
v -2.2 8.6 -3.9
v -2.1 8.6 -3.9
v 1.5 8.6 -3.9
v 1.6 8.6 -3.9
v 2.1 8.6 -3.9
v 2.2 8.6 -3.9
v 3.2 8.6 -3.9
v 3.3 8.6 -3.9
v -0.7 8.7 3.4
v -0.6 8.7 3.4
v 0.3 8.7 3.4
v 0.4 8.7 3.4
v -0.2 8.7 3.3
v -0.0999999 8.7 3.3
v 0.3 8.7 3.3
v 0.4 8.7 3.3
v 0.7 8.7 3.3
v 0.8 8.7 3.3
v -0.7 8.7 3.2
v -0.6 8.7 3.2
v -0.5 8.7 3.2
v -0.2 8.7 3.2
v -0.0999999 8.7 3.2
v 0.3 8.7 3.2
v 0.4 8.7 3.2
v 0.7 8.7 3.2
v 0.8 8.7 3.2
v -0.7 8.7 3.1
v -0.6 8.7 3.1
v -0.5 8.7 3.1
v 0.3 8.7 3.1
v 0.4 8.7 3.1
v 1.3 8.7 2.9
v 1.4 8.7 2.9
v 1.3 8.7 2.8
v 1.4 8.7 2.8
v 3.9 8.7 1.4
v 4 8.7 1.4
v 3.9 8.7 1.2
v 4 8.7 1.2
v 3.9 8.7 0
v 4 8.7 0
v 3.9 8.7 -0.2
v 4 8.7 -0.2
v 3.9 8.7 -2.5
v 4 8.7 -2.5
v -3.9 8.7 -2.6
v -3.8 8.7 -2.6
v 3.9 8.7 -2.6
v 4 8.7 -2.6
v -3.9 8.7 -2.7
v -3.8 8.7 -2.7
v -2.5 8.7 -3.8
v -2.4 8.7 -3.8
v -2.1 8.7 -3.8
v -2 8.7 -3.8
v 2 8.7 -3.8
v 2.1 8.7 -3.8
v -2.5 8.7 -3.9
v -2.4 8.7 -3.9
v -2.1 8.7 -3.9
v -2 8.7 -3.9
v 2 8.7 -3.9
v 2.1 8.7 -3.9
v 1 8.8 2.9
v 1.1 8.8 2.9
v 1.4 8.8 2.9
v 1.5 8.8 2.9
v 1 8.8 2.8
v 1.1 8.8 2.8
v 1.4 8.8 2.8
v 1.5 8.8 2.8
v -3.9 8.8 2
v -3.8 8.8 2
v -3.9 8.8 1.9
v -3.8 8.8 1.9
v 3.9 8.8 1.2
v 4 8.8 1.2
v 3.9 8.8 1.1
v 4 8.8 1.1
v 3.9 8.8 0.2
v 4 8.8 0.2
v 3.9 8.8 0
v 4 8.8 0
v -3.9 8.8 -1.9
v -3.8 8.8 -1.9
v -3.9 8.8 -2
v -3.8 8.8 -2
v 3.9 8.8 -2.2
v 4 8.8 -2.2
v 3.9 8.8 -2.3
v 4 8.8 -2.3
v 3.9 8.8 -2.4
v 4 8.8 -2.4
v 3.9 8.8 -2.5
v 4 8.8 -2.5
v -2.4 8.8 -3.8
v -2.3 8.8 -3.8
v 1.3 8.8 -3.8
v 1.5 8.8 -3.8
v 1.9 8.8 -3.8
v 2 8.8 -3.8
v 2.9 8.8 -3.8
v 3 8.8 -3.8
v 3.1 8.8 -3.8
v 3.2 8.8 -3.8
v -2.4 8.8 -3.9
v -2.3 8.8 -3.9
v 1.3 8.8 -3.9
v 1.5 8.8 -3.9
v 1.9 8.8 -3.9
v 2 8.8 -3.9
v 2.9 8.8 -3.9
v 3 8.8 -3.9
v 3.1 8.8 -3.9
v 3.2 8.8 -3.9
v 1.5 8.9 2.9
v 1.6 8.9 2.9
v 1.5 8.9 2.8
v 1.6 8.9 2.8
v 3.9 8.9 1.1
v 4 8.9 1.1
v 3.9 8.9 0.9
v 4 8.9 0.9
v -3.9 8.9 0.5
v -3.8 8.9 0.5
v -3.9 8.9 0.4
v -3.8 8.9 0.4
v 3.9 8.9 0.4
v 4 8.9 0.4
v 3.9 8.9 0.2
v 4 8.9 0.2
v 3.9 8.9 -2.3
v 4 8.9 -2.3
v 3.9 8.9 -2.4
v 4 8.9 -2.4
v 3.9 8.9 -3.6
v 4 8.9 -3.6
v 3.8 8.9 -3.7
v 3.9 8.9 -3.7
v -2.3 8.9 -3.8
v -2.2 8.9 -3.8
v 1.7 8.9 -3.8
v 1.9 8.9 -3.8
v 3 8.9 -3.8
v 3.1 8.9 -3.8
v -2.3 8.9 -3.9
v -2.2 8.9 -3.9
v 1.7 8.9 -3.9
v 1.9 8.9 -3.9
v 3 8.9 -3.9
v 3.1 8.9 -3.9
v 3.8 8.9 -3.9
v 4 8.9 -3.9
v -3.5 9 2.9
v -3.4 9 2.9
v 0.9 9 2.9
v 1 9 2.9
v 1.6 9 2.9
v 1.7 9 2.9
v 3.5 9 2.9
v 3.6 9 2.9
v -3.5 9 2.8
v -3.4 9 2.8
v 0.9 9 2.8
v 1 9 2.8
v 1.6 9 2.8
v 1.7 9 2.8
v 3.5 9 2.8
v 3.6 9 2.8
v 3.9 9 0.9
v 4 9 0.9
v 3.9 9 0.4
v 4 9 0.4
v -3.9 9 -1.8
v -3.8 9 -1.8
v -3.9 9 -1.9
v -3.8 9 -1.9
v -3.8 9 -2.6
v -3.7 9 -2.6
v -3.8 9 -2.7
v -3.7 9 -2.7
v 3.9 9 -3.5
v 4 9 -3.5
v 3.9 9 -3.6
v 4 9 -3.6
v -2.2 9 -3.8
v -2.1 9 -3.8
v -2 9 -3.8
v -1.9 9 -3.8
v 1.6 9 -3.8
v 1.7 9 -3.8
v 3.6 9 -3.8
v 3.7 9 -3.8
v 3.8 9 -3.8
v -2.2 9 -3.9
v -2.1 9 -3.9
v -2 9 -3.9
v -1.9 9 -3.9
v 1.6 9 -3.9
v 1.7 9 -3.9
v 3.6 9 -3.9
v 3.7 9 -3.9
v 3.8 9 -3.9
v -1.1 9.1 2.9
v -1 9.1 2.9
v -1.1 9.1 2.8
v -1 9.1 2.8
v 1.7 9.1 2.8
v 1.8 9.1 2.8
v 1.7 9.1 2.7
v 1.8 9.1 2.7
v 3.9 9.1 -2.1
v 4 9.1 -2.1
v 3.9 9.1 -2.2
v 4 9.1 -2.2
v -3.9 9.1 -2.7
v -3.8 9.1 -2.7
v -3.9 9.1 -2.8
v -3.8 9.1 -2.8
v -1.9 9.1 -3.8
v -1.8 9.1 -3.8
v 1.5 9.1 -3.8
v 1.6 9.1 -3.8
v 3.1 9.1 -3.8
v 3.2 9.1 -3.8
v 3.4 9.1 -3.8
v 3.6 9.1 -3.8
v -1.9 9.1 -3.9
v -1.8 9.1 -3.9
v 1.5 9.1 -3.9
v 1.6 9.1 -3.9
v 3.1 9.1 -3.9
v 3.2 9.1 -3.9
v 3.4 9.1 -3.9
v 3.6 9.1 -3.9
v 0.8 9.2 2.9
v 0.9 9.2 2.9
v 0.8 9.2 2.8
v 0.9 9.2 2.8
v 1.8 9.2 2.8
v 1.9 9.2 2.8
v 3.6 9.2 2.8
v 3.7 9.2 2.8
v 1.8 9.2 2.7
v 1.9 9.2 2.7
v 3.6 9.2 2.7
v 3.7 9.2 2.7
v -3.9 9.2 1.9
v -3.8 9.2 1.9
v -3.9 9.2 1.8
v -3.8 9.2 1.8
v 3.9 9.2 1.1
v 4 9.2 1.1
v 3.9 9.2 0.9
v 4 9.2 0.9
v 3.9 9.2 0.6
v 4 9.2 0.6
v 3.9 9.2 0.5
v 4 9.2 0.5
v -3.9 9.2 -1.7
v -3.8 9.2 -1.7
v -3.9 9.2 -1.8
v -3.8 9.2 -1.8
v -3.9 9.2 -2.8
v -3.8 9.2 -2.8
v -3.9 9.2 -2.9
v -3.8 9.2 -2.9
v 3.9 9.2 -3.4
v 4 9.2 -3.4
v 3.9 9.2 -3.5
v 4 9.2 -3.5
v 1.4 9.2 -3.8
v 1.5 9.2 -3.8
v 3.3 9.2 -3.8
v 3.4 9.2 -3.8
v 1.4 9.2 -3.9
v 1.5 9.2 -3.9
v 3.3 9.2 -3.9
v 3.4 9.2 -3.9
v -3.6 9.3 2.9
v -3.5 9.3 2.9
v -3.6 9.3 2.8
v -3.5 9.3 2.8
v 3.9 9.3 1.3
v 4 9.3 1.3
v 3.9 9.3 1.1
v 4 9.3 1.1
v 3.9 9.3 0.5
v 4 9.3 0.5
v 3.9 9.3 0.3
v 4 9.3 0.3
v 3.9 9.3 -2
v 4 9.3 -2
v 3.9 9.3 -2.1
v 4 9.3 -2.1
v -3.9 9.3 -2.9
v -3.8 9.3 -2.9
v -3.9 9.3 -3
v -3.8 9.3 -3
v -1.8 9.3 -3.8
v -1.7 9.3 -3.8
v 3.2 9.3 -3.8
v 3.3 9.3 -3.8
v -1.8 9.3 -3.9
v -1.7 9.3 -3.9
v 3.2 9.3 -3.9
v 3.3 9.3 -3.9
v 3.7 9.4 2.9
v 3.8 9.4 2.9
v 1.9 9.4 2.8
v 2 9.4 2.8
v 3.7 9.4 2.8
v 3.8 9.4 2.8
v 1.9 9.4 2.7
v 2 9.4 2.7
v 3.9 9.4 1.5
v 4 9.4 1.5
v 3.9 9.4 1.3
v 4 9.4 1.3
v -3.9 9.4 0.4
v -3.8 9.4 0.4
v -3.9 9.4 0.3
v -3.8 9.4 0.3
v 3.9 9.4 0.3
v 4 9.4 0.3
v 3.9 9.4 0.2
v 4 9.4 0.2
v -3.9 9.4 -1.6
v -3.8 9.4 -1.6
v -3.9 9.4 -1.7
v -3.8 9.4 -1.7
v 3.9 9.4 -1.9
v 4 9.4 -1.9
v 3.9 9.4 -2
v 4 9.4 -2
v -3.9 9.4 -3
v -3.8 9.4 -3
v -3.9 9.4 -3.2
v -3.8 9.4 -3.2
v -1.7 9.4 -3.8
v -1.6 9.4 -3.8
v 1.1 9.4 -3.8
v 1.3 9.4 -3.8
v 3.1 9.4 -3.8
v 3.2 9.4 -3.8
v -1.7 9.4 -3.9
v -1.6 9.4 -3.9
v 1.1 9.4 -3.9
v 1.3 9.4 -3.9
v 3.1 9.4 -3.9
v 3.2 9.4 -3.9
v 3.9 9.5 1.7
v 4 9.5 1.7
v 3.9 9.5 1.5
v 4 9.5 1.5
v 3.9 9.5 0.2
v 4 9.5 0.2
v 3.9 9.5 0.0999999
v 4 9.5 0.0999999
v -3.9 9.5 -3.2
v -3.8 9.5 -3.2
v -3.9 9.5 -3.3
v -3.8 9.5 -3.3
v -3.9 9.5 -3.8
v -3.7 9.5 -3.8
v -1.6 9.5 -3.8
v -1.5 9.5 -3.8
v 1 9.5 -3.8
v 1.1 9.5 -3.8
v -3.9 9.5 -3.9
v -3.7 9.5 -3.9
v -1.6 9.5 -3.9
v -1.5 9.5 -3.9
v 1 9.5 -3.9
v 1.1 9.5 -3.9
v 3.9 9.6 1.9
v 4 9.6 1.9
v -3.9 9.6 1.8
v -3.8 9.6 1.8
v -3.9 9.6 1.7
v -3.8 9.6 1.7
v 3.9 9.6 1.7
v 4 9.6 1.7
v 3.9 9.6 0.0999999
v 4 9.6 0.0999999
v 3.9 9.6 -0.1
v 4 9.6 -0.1
v 3.9 9.6 -1.8
v 4 9.6 -1.8
v 3.9 9.6 -1.9
v 4 9.6 -1.9
v -3.9 9.6 -3.3
v -3.8 9.6 -3.3
v 3.9 9.6 -3.3
v 4 9.6 -3.3
v -3.9 9.6 -3.4
v -3.8 9.6 -3.4
v 3.9 9.6 -3.4
v 4 9.6 -3.4
v -3.7 9.6 -3.8
v -3.3 9.6 -3.8
v -1.5 9.6 -3.8
v -1.4 9.6 -3.8
v 0.9 9.6 -3.8
v 1 9.6 -3.8
v 3 9.6 -3.8
v 3.1 9.6 -3.8
v -3.7 9.6 -3.9
v -3.3 9.6 -3.9
v -1.5 9.6 -3.9
v -1.4 9.6 -3.9
v 0.9 9.6 -3.9
v 1 9.6 -3.9
v 3 9.6 -3.9
v 3.1 9.6 -3.9
v 3.9 9.7 -0.1
v 4 9.7 -0.1
v 3.9 9.7 -0.2
v 4 9.7 -0.2
v 3.9 9.7 -1.7
v 4 9.7 -1.7
v 3.9 9.7 -1.8
v 4 9.7 -1.8
v -3.9 9.7 -3.4
v -3.8 9.7 -3.4
v -3.9 9.7 -3.5
v -3.8 9.7 -3.5
v -3.3 9.7 -3.8
v -3 9.7 -3.8
v -1.4 9.7 -3.8
v -1.3 9.7 -3.8
v 0.8 9.7 -3.8
v 0.9 9.7 -3.8
v 2.9 9.7 -3.8
v 3 9.7 -3.8
v -3.3 9.7 -3.9
v -3 9.7 -3.9
v -1.4 9.7 -3.9
v -1.3 9.7 -3.9
v 0.8 9.7 -3.9
v 0.9 9.7 -3.9
v 2.9 9.7 -3.9
v 3 9.7 -3.9
v 4 9.9 0
v 4.1 9.9 0
v 4 9.9 -0.2
v 4.1 9.9 -0.2
v 4 9.9 -1.6
v 4.1 9.9 -1.6
v 4 9.9 -1.7
v 4.1 9.9 -1.7
v -3.8 9.9 -3.9
v -3.6 9.9 -3.9
v -1.4 9.9 -3.9
v -1.2 9.9 -3.9
v -3.8 9.9 -4
v -3.6 9.9 -4
v -1.4 9.9 -4
v -1.2 9.9 -4
v -0.7 10 3.3
v 0.8 10 3.3
v -0.7 10 3
v 0.8 10 3
v -3.8 10 2.8
v 3.9 10 2.8
v 4 10 -0.2
v 4.1 10 -0.2
v 4 10 -0.4
v 4.1 10 -0.4
v -0.5 10 -1.9
v -0.4 10 -1.9
v 0.6 10 -1.9
v 0.7 10 -1.9
v -0.8 10 -2
v -0.5 10 -2
v -0.4 10 -2
v 0.6 10 -2
v 0.7 10 -2
v 0.9 10 -2
v -3.8 10 -2.6
v -4 10 -3.3
v -3.9 10 -3.3
v -0.8 10 -3.6
v 0.9 10 -3.6
v -3.8 10 -3.7
v -3 10 -3.7
v -3.8 10 -3.8
v -3 10 -3.8
v 3.9 10 -3.8
v -3.9 10 -3.9
v -3.8 10 -3.9
v -4 10 -4
v -3.8 10 -4
v -4 10.1 -2.6
v -3.9 10.1 -2.6
v -4 10.1 -3.3
v -3.9 10.1 -3.3
v -4 10.2 3
v 4.1 10.2 3
v -3.8 10.2 2.8
v 3.9 10.2 2.8
v -4 10.2 -2.6
v -3.9 10.2 -2.6
v -3.8 10.2 -2.6
v -4 10.2 -3.3
v -3.9 10.2 -3.3
v -3.9 10.2 -3.8
v -3.8 10.2 -3.8
v 3.9 10.2 -3.8
v -4 10.2 -4
v 4.1 10.2 -4
v -0.2 10.6 -1.9
v 0 10.6 -1.9
v 0.2 10.6 -1.9
v 0.4 10.6 -1.9
v -0.2 10.6 -2
v 0 10.6 -2
v 0.2 10.6 -2
v 0.4 10.6 -2
v -0.5 11.3 -1.9
v 0.7 11.3 -1.9
v -0.5 11.3 -2
v 0.7 11.3 -2
v -1 11.7 -0.9
v 1.1 11.7 -0.9
v -0.9 11.7 -1.9
v 1 11.7 -1.9
v -0.9 11.7 -3.7
v 1 11.7 -3.7
v -1 11.7 -3.8
v 1.1 11.7 -3.8
v -0.9 11.8 -1.9
v 1 11.8 -1.9
v -0.9 11.8 -3.7
v 1 11.8 -3.7

# faces
f 3/18/1 2/18/1 1/18/1
f 4/18/1 2/18/1 3/18/1
f 7/1/1 6/1/1 5/1/1
f 8/1/1 6/1/1 7/1/1
f 15/1/1 10/1/1 9/1/1
f 16/1/1 10/1/1 15/1/1
f 17/1/1 12/1/1 11/1/1
f 18/1/1 12/1/1 17/1/1
f 19/1/1 14/1/1 13/1/1
f 20/1/1 14/1/1 19/1/1
f 21/1/1 15/1/1 9/1/1
f 22/1/1 15/1/1 21/1/1
f 27/1/1 26/1/1 25/1/1
f 28/1/1 26/1/1 27/1/1
f 29/1/1 24/1/1 23/1/1
f 30/1/1 24/1/1 29/1/1
f 33/1/1 32/1/1 31/1/1
f 34/1/1 32/1/1 33/1/1
f 35/1/1 32/1/1 34/1/1
f 36/1/1 32/1/1 35/1/1
f 41/1/1 38/1/1 37/1/1
f 42/1/1 38/1/1 41/1/1
f 43/1/1 40/1/1 39/1/1
f 44/1/1 40/1/1 43/1/1
f 45/1/1 38/1/1 42/1/1
f 46/1/1 38/1/1 45/1/1
f 57/18/1 50/18/1 49/18/1
f 59/18/1 54/18/1 53/18/1
f 60/18/1 56/18/1 55/18/1
f 61/18/1 58/18/1 57/18/1
f 62/18/1 52/18/1 51/18/1
f 63/18/1 59/18/1 53/18/1
f 63/18/1 60/18/1 59/18/1
f 64/18/1 60/18/1 63/18/1
f 65/17/1 48/17/1 47/17/1
f 66/17/1 48/17/1 65/17/1
f 68/18/1 60/18/1 64/18/1
f 69/18/1 60/18/1 68/18/1
f 70/18/1 62/18/1 61/18/1
f 70/18/1 52/18/1 62/18/1
f 71/18/1 52/18/1 70/18/1
f 72/18/1 68/18/1 67/18/1
f 73/18/1 68/18/1 72/18/1
f 74/18/1 60/18/1 69/18/1
f 75/18/1 60/18/1 74/18/1
f 76/18/1 73/18/1 72/18/1
f 76/18/1 74/18/1 73/18/1
f 76/18/1 72/18/1 71/18/1
f 77/18/1 60/18/1 75/18/1
f 78/18/1 60/18/1 77/18/1
f 79/18/1 61/18/1 57/18/1
f 79/18/1 57/18/1 49/18/1
f 79/18/1 70/18/1 61/18/1
f 80/18/1 70/18/1 79/18/1
f 81/18/1 76/18/1 71/18/1
f 81/18/1 77/18/1 76/18/1
f 82/18/1 77/18/1 81/18/1
f 83/18/1 60/18/1 78/18/1
f 84/18/1 56/18/1 60/18/1
f 84/18/1 60/18/1 83/18/1
f 87/11/1 86/11/1 85/11/1
f 88/11/1 86/11/1 87/11/1
f 99/17/1 94/17/1 93/17/1
f 100/17/1 94/17/1 99/17/1
f 101/17/1 96/17/1 95/17/1
f 102/17/1 96/17/1 101/17/1
f 103/17/1 96/17/1 102/17/1
f 104/17/1 98/17/1 97/17/1
f 105/17/1 98/17/1 104/17/1
f 106/17/1 90/17/1 89/17/1
f 107/17/1 90/17/1 106/17/1
f 108/17/1 92/17/1 91/17/1
f 109/17/1 92/17/1 108/17/1
f 110/17/1 94/17/1 100/17/1
f 111/17/1 94/17/1 110/17/1
f 112/17/1 103/17/1 102/17/1
f 112/17/1 104/17/1 103/17/1
f 113/17/1 104/17/1 112/17/1
f 114/17/1 98/17/1 105/17/1
f 115/17/1 98/17/1 114/17/1
f 126/17/1 117/17/1 116/17/1
f 127/17/1 117/17/1 126/17/1
f 128/17/1 119/17/1 118/17/1
f 129/17/1 119/17/1 128/17/1
f 130/17/1 121/17/1 120/17/1
f 131/17/1 121/17/1 130/17/1
f 132/17/1 121/17/1 131/17/1
f 133/17/1 121/17/1 132/17/1
f 135/17/1 123/17/1 122/17/1
f 136/17/1 123/17/1 135/17/1
f 137/17/1 123/17/1 136/17/1
f 138/17/1 125/17/1 124/17/1
f 139/17/1 126/17/1 116/17/1
f 140/17/1 126/17/1 139/17/1
f 141/17/1 129/17/1 128/17/1
f 141/17/1 128/17/1 127/17/1
f 141/17/1 130/17/1 129/17/1
f 142/17/1 130/17/1 141/17/1
f 143/17/1 132/17/1 131/17/1
f 144/17/1 132/17/1 143/17/1
f 145/17/1 136/17/1 135/17/1
f 145/17/1 135/17/1 134/17/1
f 146/17/1 136/17/1 145/17/1
f 147/17/1 138/17/1 137/17/1
f 148/17/1 125/17/1 138/17/1
f 148/17/1 138/17/1 147/17/1
f 157/17/1 152/17/1 151/17/1
f 158/17/1 152/17/1 157/17/1
f 159/17/1 154/17/1 153/17/1
f 160/17/1 154/17/1 159/17/1
f 161/17/1 156/17/1 155/17/1
f 162/17/1 150/17/1 149/17/1
f 163/17/1 150/17/1 162/17/1
f 164/17/1 157/17/1 151/17/1
f 165/17/1 157/17/1 164/17/1
f 166/17/1 161/17/1 160/17/1
f 166/17/1 160/17/1 159/17/1
f 166/17/1 159/17/1 158/17/1
f 167/17/1 156/17/1 161/17/1
f 167/17/1 161/17/1 166/17/1
f 174/17/1 171/17/1 170/17/1
f 175/17/1 171/17/1 174/17/1
f 176/17/1 171/17/1 175/17/1
f 177/17/1 173/17/1 172/17/1
f 178/17/1 173/17/1 177/17/1
f 179/17/1 169/17/1 168/17/1
f 180/17/1 169/17/1 179/17/1
f 181/17/1 176/17/1 175/17/1
f 181/17/1 177/17/1 176/17/1
f 182/17/1 177/17/1 181/17/1
f 183/17/1 173/17/1 178/17/1
f 184/17/1 173/17/1 183/17/1
f 187/17/1 186/17/1 185/17/1
f 188/17/1 186/17/1 187/17/1
f 189/17/1 187/17/1 185/17/1
f 190/17/1 187/17/1 189/17/1
f 192/17/1 189/17/1 185/17/1
f 193/17/1 189/17/1 192/17/1
f 194/17/1 191/17/1 190/17/1
f 195/17/1 191/17/1 194/17/1
f 198/18/1 197/18/1 196/18/1
f 199/18/1 197/18/1 198/18/1
f 203/18/1 201/18/1 200/18/1
f 203/18/1 202/18/1 201/18/1
f 204/18/1 202/18/1 203/18/1
f 207/18/1 203/18/1 200/18/1
f 208/18/1 203/18/1 207/18/1
f 209/18/1 205/18/1 204/18/1
f 210/18/1 205/18/1 209/18/1
f 212/18/1 211/18/1 210/18/1
f 213/18/1 211/18/1 212/18/1
f 218/18/1 207/18/1 206/18/1
f 219/18/1 207/18/1 218/18/1
f 220/18/1 214/18/1 213/18/1
f 221/18/1 214/18/1 220/18/1
f 223/1/1 216/1/1 215/1/1
f 224/1/1 216/1/1 223/1/1
f 225/1/1 216/1/1 224/1/1
f 226/1/1 216/1/1 225/1/1
f 229/1/1 223/1/1 215/1/1
f 230/1/1 225/1/1 224/1/1
f 231/1/1 225/1/1 230/1/1
f 232/1/1 225/1/1 231/1/1
f 233/1/1 225/1/1 232/1/1
f 234/1/1 216/1/1 226/1/1
f 235/1/1 230/1/1 229/1/1
f 236/1/1 232/1/1 231/1/1
f 237/1/1 232/1/1 236/1/1
f 238/1/1 234/1/1 233/1/1
f 238/1/1 216/1/1 234/1/1
f 239/1/1 219/1/1 218/1/1
f 239/1/1 218/1/1 217/1/1
f 239/1/1 220/1/1 219/1/1
f 240/1/1 220/1/1 239/1/1
f 241/1/1 220/1/1 240/1/1
f 242/1/1 220/1/1 241/1/1
f 243/1/1 222/1/1 221/1/1
f 244/1/1 236/1/1 235/1/1
f 245/1/1 232/1/1 237/1/1
f 246/1/1 232/1/1 245/1/1
f 247/1/1 232/1/1 246/1/1
f 248/1/1 232/1/1 247/1/1
f 249/1/1 238/1/1 233/1/1
f 249/1/1 239/1/1 238/1/1
f 250/11/1 228/11/1 227/11/1
f 251/11/1 228/11/1 250/11/1
f 252/1/1 245/1/1 244/1/1
f 253/1/1 247/1/1 246/1/1
f 254/1/1 247/1/1 253/1/1
f 255/1/1 247/1/1 254/1/1
f 256/1/1 247/1/1 255/1/1
f 257/1/1 249/1/1 248/1/1
f 258/1/1 244/1/1 235/1/1
f 258/1/1 229/1/1 215/1/1
f 258/1/1 235/1/1 229/1/1
f 258/1/1 252/1/1 244/1/1
f 258/1/1 253/1/1 252/1/1
f 259/1/1 253/1/1 258/1/1
f 260/1/1 255/1/1 254/1/1
f 261/1/1 255/1/1 260/1/1
f 262/1/1 257/1/1 256/1/1
f 263/1/1 241/1/1 240/1/1
f 264/1/1 241/1/1 263/1/1
f 265/1/1 243/1/1 242/1/1
f 266/1/1 260/1/1 254/1/1
f 267/1/1 260/1/1 266/1/1
f 268/1/1 262/1/1 261/1/1
f 268/1/1 239/1/1 249/1/1
f 268/1/1 249/1/1 257/1/1
f 268/1/1 257/1/1 262/1/1
f 269/1/1 263/1/1 240/1/1
f 270/1/1 263/1/1 269/1/1
f 271/1/1 253/1/1 259/1/1
f 272/1/1 253/1/1 271/1/1
f 273/1/1 266/1/1 254/1/1
f 274/1/1 266/1/1 273/1/1
f 275/1/1 266/1/1 274/1/1
f 276/1/1 269/1/1 268/1/1
f 276/1/1 268/1/1 261/1/1
f 277/1/1 269/1/1 276/1/1
f 278/1/1 274/1/1 273/1/1
f 278/1/1 273/1/1 272/1/1
f 279/1/1 274/1/1 278/1/1
f 280/1/1 276/1/1 275/1/1
f 281/1/1 276/1/1 280/1/1
f 282/1/1 269/1/1 277/1/1
f 283/1/1 269/1/1 282/1/1
f 284/1/1 263/1/1 270/1/1
f 285/1/1 263/1/1 284/1/1
f 286/1/1 265/1/1 264/1/1
f 287/1/1 278/1/1 272/1/1
f 288/1/1 278/1/1 287/1/1
f 289/1/1 281/1/1 280/1/1
f 289/1/1 280/1/1 279/1/1
f 289/1/1 282/1/1 281/1/1
f 290/1/1 282/1/1 289/1/1
f 291/1/1 269/1/1 283/1/1
f 292/1/1 269/1/1 291/1/1
f 293/1/1 284/1/1 270/1/1
f 294/1/1 284/1/1 293/1/1
f 295/1/1 271/1/1 259/1/1
f 296/1/1 271/1/1 295/1/1
f 297/1/1 287/1/1 272/1/1
f 298/1/1 287/1/1 297/1/1
f 299/1/1 287/1/1 298/1/1
f 300/1/1 290/1/1 289/1/1
f 300/1/1 289/1/1 288/1/1
f 300/1/1 291/1/1 290/1/1
f 301/1/1 269/1/1 292/1/1
f 302/1/1 293/1/1 270/1/1
f 303/1/1 293/1/1 302/1/1
f 304/1/1 293/1/1 303/1/1
f 306/1/1 258/1/1 215/1/1
f 307/19/1 259/19/1 258/19/1
f 307/1/1 258/1/1 306/1/1
f 308/1/1 300/1/1 299/1/1
f 308/1/1 291/1/1 300/1/1
f 309/1/1 301/1/1 292/1/1
f 309/1/1 302/1/1 301/1/1
f 310/1/1 302/1/1 309/1/1
f 311/1/1 305/1/1 304/1/1
f 311/1/1 304/1/1 303/1/1
f 312/1/1 286/1/1 285/1/1
f 313/1/1 265/1/1 286/1/1
f 313/1/1 286/1/1 312/1/1
f 314/1/1 298/1/1 297/1/1
f 314/1/1 297/1/1 296/1/1
f 315/1/1 298/1/1 314/1/1
f 316/1/1 309/1/1 308/1/1
f 316/1/1 308/1/1 299/1/1
f 317/1/1 309/1/1 316/1/1
f 318/1/1 302/1/1 310/1/1
f 319/1/1 312/1/1 311/1/1
f 320/1/1 265/1/1 313/1/1
f 321/1/1 243/1/1 265/1/1
f 321/1/1 265/1/1 320/1/1
f 322/19/1 259/19/1 307/19/1
f 323/1/1 295/1/1 259/1/1
f 323/19/1 259/19/1 322/19/1
f 324/1/1 295/1/1 323/1/1
f 325/1/1 295/1/1 324/1/1
f 326/1/1 314/1/1 296/1/1
f 327/1/1 314/1/1 326/1/1
f 328/1/1 317/1/1 316/1/1
f 328/1/1 318/1/1 317/1/1
f 328/1/1 316/1/1 315/1/1
f 329/1/1 302/1/1 318/1/1
f 329/1/1 318/1/1 328/1/1
f 330/1/1 302/1/1 329/1/1
f 331/1/1 302/1/1 330/1/1
f 332/1/1 311/1/1 303/1/1
f 332/1/1 319/1/1 311/1/1
f 332/1/1 320/1/1 319/1/1
f 333/1/1 320/1/1 332/1/1
f 334/1/1 320/1/1 333/1/1
f 335/1/1 243/1/1 321/1/1
f 336/1/1 222/1/1 243/1/1
f 336/1/1 243/1/1 335/1/1
f 337/17/1 330/17/1 329/17/1
f 339/17/1 332/17/1 331/17/1
f 341/17/1 334/17/1 333/17/1
f 342/17/1 334/17/1 341/17/1
f 345/17/1 325/17/1 324/17/1
f 346/17/1 325/17/1 345/17/1
f 349/17/1 338/17/1 337/17/1
f 349/17/1 337/17/1 329/17/1
f 350/17/1 338/17/1 349/17/1
f 351/17/1 338/17/1 350/17/1
f 352/17/1 340/17/1 339/17/1
f 352/17/1 339/17/1 331/17/1
f 353/17/1 340/17/1 352/17/1
f 354/17/1 340/17/1 353/17/1
f 355/17/1 343/17/1 342/17/1
f 356/17/1 343/17/1 355/17/1
f 357/17/1 343/17/1 356/17/1
f 359/1/1 350/1/1 349/1/1
f 359/1/1 349/1/1 348/1/1
f 360/1/1 353/1/1 352/1/1
f 360/1/1 352/1/1 351/1/1
f 361/1/1 353/1/1 360/1/1
f 362/1/1 356/1/1 355/1/1
f 362/1/1 355/1/1 354/1/1
f 363/1/1 358/1/1 357/1/1
f 364/1/1 358/1/1 363/1/1
f 365/1/1 345/1/1 344/1/1
f 366/1/1 345/1/1 365/1/1
f 367/1/1 345/1/1 366/1/1
f 368/1/1 359/1/1 348/1/1
f 368/1/1 360/1/1 359/1/1
f 369/1/1 360/1/1 368/1/1
f 370/1/1 360/1/1 369/1/1
f 371/1/1 353/1/1 361/1/1
f 372/1/1 353/1/1 371/1/1
f 373/1/1 363/1/1 362/1/1
f 374/1/1 358/1/1 364/1/1
f 375/1/1 358/1/1 374/1/1
f 376/1/1 345/1/1 367/1/1
f 377/1/1 347/1/1 346/1/1
f 378/1/1 347/1/1 377/1/1
f 380/1/1 370/1/1 369/1/1
f 380/1/1 371/1/1 370/1/1
f 381/1/1 371/1/1 380/1/1
f 382/1/1 371/1/1 381/1/1
f 383/1/1 353/1/1 372/1/1
f 384/1/1 353/1/1 383/1/1
f 385/1/1 374/1/1 373/1/1
f 386/1/1 358/1/1 375/1/1
f 387/1/1 358/1/1 386/1/1
f 389/19/1 367/19/1 366/19/1
f 390/1/1 347/1/1 378/1/1
f 391/1/1 380/1/1 379/1/1
f 392/1/1 380/1/1 391/1/1
f 393/1/1 382/1/1 381/1/1
f 393/1/1 383/1/1 382/1/1
f 394/1/1 353/1/1 384/1/1
f 395/1/1 353/1/1 394/1/1
f 396/1/1 362/1/1 354/1/1
f 396/1/1 373/1/1 362/1/1
f 396/1/1 385/1/1 373/1/1
f 396/1/1 386/1/1 385/1/1
f 397/1/1 386/1/1 396/1/1
f 398/1/1 386/1/1 397/1/1
f 399/1/1 358/1/1 387/1/1
f 400/1/1 358/1/1 399/1/1
f 402/1/1 395/1/1 394/1/1
f 402/1/1 394/1/1 393/1/1
f 402/1/1 393/1/1 381/1/1
f 402/1/1 396/1/1 395/1/1
f 403/1/1 396/1/1 402/1/1
f 404/1/1 396/1/1 403/1/1
f 405/1/1 396/1/1 404/1/1
f 406/1/1 399/1/1 398/1/1
f 406/1/1 398/1/1 397/1/1
f 407/1/1 358/1/1 400/1/1
f 408/1/1 358/1/1 407/1/1
f 409/1/1 377/1/1 376/1/1
f 410/1/1 390/1/1 378/1/1
f 410/1/1 391/1/1 390/1/1
f 411/1/1 391/1/1 410/1/1
f 412/1/1 402/1/1 401/1/1
f 413/1/1 404/1/1 403/1/1
f 414/1/1 404/1/1 413/1/1
f 415/1/1 404/1/1 414/1/1
f 416/1/1 396/1/1 405/1/1
f 417/1/1 396/1/1 416/1/1
f 418/1/1 406/1/1 397/1/1
f 418/1/1 407/1/1 406/1/1
f 419/1/1 407/1/1 418/1/1
f 420/1/1 407/1/1 419/1/1
f 421/1/1 358/1/1 408/1/1
f 422/1/1 358/1/1 421/1/1
f 423/1/1 412/1/1 401/1/1
f 423/1/1 413/1/1 412/1/1
f 424/1/1 413/1/1 423/1/1
f 426/1/1 420/1/1 419/1/1
f 426/1/1 421/1/1 420/1/1
f 427/1/1 421/1/1 426/1/1
f 428/1/1 358/1/1 422/1/1
f 429/1/1 358/1/1 428/1/1
f 430/1/1 410/1/1 409/1/1
f 431/1/1 391/1/1 411/1/1
f 432/1/1 391/1/1 431/1/1
f 433/1/1 391/1/1 432/1/1
f 434/1/1 391/1/1 433/1/1
f 435/1/1 391/1/1 434/1/1
f 436/19/1 424/19/1 423/19/1
f 437/1/1 413/1/1 424/1/1
f 437/19/1 424/19/1 436/19/1
f 439/1/1 415/1/1 414/1/1
f 439/1/1 416/1/1 415/1/1
f 440/1/1 416/1/1 439/1/1
f 441/1/1 396/1/1 417/1/1
f 442/1/1 396/1/1 441/1/1
f 443/1/1 427/1/1 426/1/1
f 443/1/1 426/1/1 425/1/1
f 443/1/1 428/1/1 427/1/1
f 444/1/1 358/1/1 429/1/1
f 447/1/1 413/1/1 437/1/1
f 448/1/1 413/1/1 447/1/1
f 449/1/1 440/1/1 439/1/1
f 449/1/1 441/1/1 440/1/1
f 449/1/1 439/1/1 438/1/1
f 450/1/1 446/1/1 445/1/1
f 451/1/1 446/1/1 450/1/1
f 452/1/1 396/1/1 442/1/1
f 453/1/1 396/1/1 452/1/1
f 454/1/1 443/1/1 425/1/1
f 454/1/1 444/1/1 443/1/1
f 455/1/1 431/1/1 430/1/1
f 456/1/1 433/1/1 432/1/1
f 457/1/1 433/1/1 456/1/1
f 459/1/1 436/1/1 435/1/1
f 459/1/1 435/1/1 434/1/1
f 460/1/1 436/1/1 459/1/1
f 462/1/1 433/1/1 457/1/1
f 464/1/1 449/1/1 448/1/1
f 465/1/1 441/1/1 449/1/1
f 465/1/1 449/1/1 464/1/1
f 466/1/1 441/1/1 465/1/1
f 467/1/1 452/1/1 442/1/1
f 468/1/1 452/1/1 467/1/1
f 469/1/1 455/1/1 430/1/1
f 469/1/1 456/1/1 455/1/1
f 470/1/1 456/1/1 469/1/1
f 471/1/1 463/1/1 462/1/1
f 471/1/1 462/1/1 457/1/1
f 472/1/1 463/1/1 471/1/1
f 473/1/1 461/1/1 460/1/1
f 473/1/1 460/1/1 459/1/1
f 473/1/1 459/1/1 458/1/1
f 474/1/1 461/1/1 473/1/1
f 476/1/1 466/1/1 465/1/1
f 476/1/1 467/1/1 466/1/1
f 477/1/1 452/1/1 468/1/1
f 478/1/1 452/1/1 477/1/1
f 479/1/1 454/1/1 453/1/1
f 480/1/1 430/1/1 409/1/1
f 480/1/1 469/1/1 430/1/1
f 481/1/1 469/1/1 480/1/1
f 482/1/1 475/1/1 474/1/1
f 482/1/1 472/1/1 471/1/1
f 482/1/1 471/1/1 470/1/1
f 482/1/1 474/1/1 473/1/1
f 482/1/1 473/1/1 472/1/1
f 483/1/1 477/1/1 476/1/1
f 483/1/1 476/1/1 465/1/1
f 484/1/1 477/1/1 483/1/1
f 485/1/1 389/1/1 388/1/1
f 486/19/1 367/19/1 389/19/1
f 486/1/1 389/1/1 485/1/1
f 487/1/1 376/1/1 367/1/1
f 487/19/1 367/19/1 486/19/1
f 487/1/1 480/1/1 409/1/1
f 487/1/1 409/1/1 376/1/1
f 488/1/1 480/1/1 487/1/1
f 489/1/1 480/1/1 488/1/1
f 490/1/1 482/1/1 481/1/1
f 491/1/1 475/1/1 482/1/1
f 491/1/1 482/1/1 490/1/1
f 492/1/1 477/1/1 484/1/1
f 493/1/1 477/1/1 492/1/1
f 494/1/1 479/1/1 478/1/1
f 495/1/1 454/1/1 479/1/1
f 495/1/1 444/1/1 454/1/1
f 495/1/1 479/1/1 494/1/1
f 496/1/1 444/1/1 495/1/1
f 497/1/1 358/1/1 444/1/1
f 497/1/1 444/1/1 496/1/1
f 499/17/1 489/17/1 488/17/1
f 500/17/1 489/17/1 499/17/1
f 504/17/1 494/17/1 493/17/1
f 505/17/1 494/17/1 504/17/1
f 506/17/1 494/17/1 505/17/1
f 508/17/1 496/17/1 495/17/1
f 509/17/1 496/17/1 508/17/1
f 513/17/1 499/17/1 498/17/1
f 514/17/1 499/17/1 513/17/1
f 515/17/1 499/17/1 514/17/1
f 516/17/1 502/17/1 501/17/1
f 517/17/1 502/17/1 516/17/1
f 518/17/1 504/17/1 503/17/1
f 518/17/1 505/17/1 504/17/1
f 519/17/1 505/17/1 518/17/1
f 520/17/1 505/17/1 519/17/1
f 521/17/1 508/17/1 507/17/1
f 522/17/1 508/17/1 521/17/1
f 524/1/1 513/1/1 512/1/1
f 524/1/1 514/1/1 513/1/1
f 525/1/1 514/1/1 524/1/1
f 526/1/1 517/1/1 516/1/1
f 526/1/1 516/1/1 515/1/1
f 526/1/1 518/1/1 517/1/1
f 527/1/1 518/1/1 526/1/1
f 528/1/1 518/1/1 527/1/1
f 529/1/1 521/1/1 520/1/1
f 529/1/1 520/1/1 519/1/1
f 530/1/1 527/1/1 526/1/1
f 530/1/1 526/1/1 525/1/1
f 531/1/1 527/1/1 530/1/1
f 532/1/1 529/1/1 528/1/1
f 533/1/1 521/1/1 529/1/1
f 533/1/1 529/1/1 532/1/1
f 534/1/1 521/1/1 533/1/1
f 535/1/1 523/1/1 522/1/1
f 536/1/1 524/1/1 512/1/1
f 537/1/1 524/1/1 536/1/1
f 538/1/1 530/1/1 525/1/1
f 539/1/1 530/1/1 538/1/1
f 540/1/1 530/1/1 539/1/1
f 541/1/1 532/1/1 531/1/1
f 541/1/1 533/1/1 532/1/1
f 542/1/1 536/1/1 512/1/1
f 543/1/1 536/1/1 542/1/1
f 544/1/1 539/1/1 538/1/1
f 544/1/1 538/1/1 537/1/1
f 545/1/1 539/1/1 544/1/1
f 546/1/1 539/1/1 545/1/1
f 547/1/1 541/1/1 540/1/1
f 548/1/1 533/1/1 541/1/1
f 548/1/1 541/1/1 547/1/1
f 549/1/1 533/1/1 548/1/1
f 550/1/1 535/1/1 534/1/1
f 551/1/1 544/1/1 543/1/1
f 551/1/1 545/1/1 544/1/1
f 552/1/1 545/1/1 551/1/1
f 553/1/1 547/1/1 546/1/1
f 553/1/1 548/1/1 547/1/1
f 554/19/1 512/19/1 511/19/1
f 554/1/1 542/1/1 512/1/1
f 555/1/1 542/1/1 554/1/1
f 556/1/1 551/1/1 543/1/1
f 557/1/1 551/1/1 556/1/1
f 558/1/1 551/1/1 557/1/1
f 559/1/1 553/1/1 552/1/1
f 560/1/1 548/1/1 553/1/1
f 560/1/1 553/1/1 559/1/1
f 561/1/1 548/1/1 560/1/1
f 562/1/1 550/1/1 549/1/1
f 563/1/1 511/1/1 510/1/1
f 563/19/1 554/19/1 511/19/1
f 564/19/1 554/19/1 563/19/1
f 565/1/1 556/1/1 555/1/1
f 565/1/1 557/1/1 556/1/1
f 566/1/1 557/1/1 565/1/1
f 567/1/1 557/1/1 566/1/1
f 568/1/1 559/1/1 558/1/1
f 568/1/1 560/1/1 559/1/1
f 569/1/1 566/1/1 565/1/1
f 569/1/1 565/1/1 564/1/1
f 570/1/1 566/1/1 569/1/1
f 571/1/1 568/1/1 567/1/1
f 572/1/1 560/1/1 568/1/1
f 572/1/1 568/1/1 571/1/1
f 573/1/1 560/1/1 572/1/1
f 574/1/1 563/1/1 510/1/1
f 575/1/1 563/1/1 574/1/1
f 576/1/1 569/1/1 564/1/1
f 577/1/1 569/1/1 576/1/1
f 578/1/1 569/1/1 577/1/1
f 579/1/1 571/1/1 570/1/1
f 579/1/1 572/1/1 571/1/1
f 581/1/1 562/1/1 561/1/1
f 582/1/1 550/1/1 562/1/1
f 582/1/1 562/1/1 581/1/1
f 584/19/1 576/19/1 575/19/1
f 585/1/1 577/1/1 576/1/1
f 585/19/1 576/19/1 584/19/1
f 586/1/1 577/1/1 585/1/1
f 587/1/1 577/1/1 586/1/1
f 588/1/1 579/1/1 578/1/1
f 589/1/1 572/1/1 579/1/1
f 589/1/1 579/1/1 588/1/1
f 590/1/1 572/1/1 589/1/1
f 591/1/1 581/1/1 580/1/1
f 592/1/1 584/1/1 583/1/1
f 592/1/1 585/1/1 584/1/1
f 592/1/1 586/1/1 585/1/1
f 593/1/1 586/1/1 592/1/1
f 594/1/1 588/1/1 587/1/1
f 594/1/1 589/1/1 588/1/1
f 595/1/1 591/1/1 590/1/1
f 595/1/1 581/1/1 591/1/1
f 596/1/1 550/1/1 582/1/1
f 597/1/1 535/1/1 550/1/1
f 597/1/1 550/1/1 596/1/1
f 598/1/1 592/1/1 583/1/1
f 599/1/1 592/1/1 598/1/1
f 600/1/1 594/1/1 593/1/1
f 601/1/1 589/1/1 594/1/1
f 601/1/1 594/1/1 600/1/1
f 602/1/1 589/1/1 601/1/1
f 603/1/1 596/1/1 595/1/1
f 603/1/1 595/1/1 590/1/1
f 604/1/1 596/1/1 603/1/1
f 605/1/1 535/1/1 597/1/1
f 606/1/1 523/1/1 535/1/1
f 606/1/1 535/1/1 605/1/1
f 607/1/1 598/1/1 583/1/1
f 608/1/1 598/1/1 607/1/1
f 609/1/1 600/1/1 599/1/1
f 609/1/1 601/1/1 600/1/1
f 610/1/1 605/1/1 604/1/1
f 610/1/1 604/1/1 603/1/1
f 610/1/1 603/1/1 602/1/1
f 611/1/1 523/1/1 606/1/1
f 612/1/1 523/1/1 611/1/1
f 613/1/1 607/1/1 583/1/1
f 614/1/1 607/1/1 613/1/1
f 615/1/1 609/1/1 608/1/1
f 616/1/1 601/1/1 609/1/1
f 616/1/1 609/1/1 615/1/1
f 617/1/1 601/1/1 616/1/1
f 618/1/1 610/1/1 602/1/1
f 618/1/1 611/1/1 610/1/1
f 619/1/1 613/1/1 583/1/1
f 620/1/1 615/1/1 614/1/1
f 620/1/1 616/1/1 615/1/1
f 621/1/1 618/1/1 617/1/1
f 621/1/1 611/1/1 618/1/1
f 622/1/1 523/1/1 612/1/1
f 623/1/1 523/1/1 622/1/1
f 624/1/1 620/1/1 619/1/1
f 624/1/1 619/1/1 583/1/1
f 625/1/1 616/1/1 620/1/1
f 625/1/1 620/1/1 624/1/1
f 626/1/1 616/1/1 625/1/1
f 627/1/1 616/1/1 626/1/1
f 628/1/1 616/1/1 627/1/1
f 629/1/1 621/1/1 617/1/1
f 629/1/1 622/1/1 621/1/1
f 630/1/1 622/1/1 629/1/1
f 631/1/1 523/1/1 623/1/1
f 632/1/1 523/1/1 631/1/1
f 634/19/1 628/19/1 627/19/1
f 635/19/1 628/19/1 634/19/1
f 636/17/1 631/17/1 630/17/1
f 637/17/1 631/17/1 636/17/1
f 640/17/1 626/17/1 625/17/1
f 641/17/1 626/17/1 640/17/1
f 642/19/1 634/19/1 633/19/1
f 643/19/1 634/19/1 642/19/1
f 648/1/1 641/1/1 640/1/1
f 648/1/1 640/1/1 639/1/1
f 648/1/1 642/1/1 641/1/1
f 649/1/1 642/1/1 648/1/1
f 650/1/1 645/1/1 644/1/1
f 651/1/1 647/1/1 646/1/1
f 652/1/1 647/1/1 651/1/1
f 654/19/1 639/19/1 638/19/1
f 655/1/1 648/1/1 639/1/1
f 656/1/1 648/1/1 655/1/1
f 657/1/1 642/1/1 649/1/1
f 658/1/1 642/1/1 657/1/1
f 660/1/1 651/1/1 650/1/1
f 660/1/1 650/1/1 644/1/1
f 661/1/1 651/1/1 660/1/1
f 662/1/1 647/1/1 652/1/1
f 663/1/1 647/1/1 662/1/1
f 664/1/1 655/1/1 639/1/1
f 665/1/1 655/1/1 664/1/1
f 667/1/1 648/1/1 656/1/1
f 668/1/1 648/1/1 667/1/1
f 669/1/1 648/1/1 668/1/1
f 670/1/1 657/1/1 649/1/1
f 671/1/1 661/1/1 660/1/1
f 671/1/1 662/1/1 661/1/1
f 671/1/1 660/1/1 659/1/1
f 672/1/1 647/1/1 663/1/1
f 673/1/1 647/1/1 672/1/1
f 674/1/1 664/1/1 639/1/1
f 675/1/1 664/1/1 674/1/1
f 676/1/1 670/1/1 669/1/1
f 676/1/1 657/1/1 670/1/1
f 677/1/1 657/1/1 676/1/1
f 679/1/1 671/1/1 659/1/1
f 679/1/1 672/1/1 671/1/1
f 680/1/1 672/1/1 679/1/1
f 681/1/1 647/1/1 673/1/1
f 682/1/1 647/1/1 681/1/1
f 683/1/1 674/1/1 639/1/1
f 684/1/1 674/1/1 683/1/1
f 687/1/1 667/1/1 666/1/1
f 687/1/1 668/1/1 667/1/1
f 688/19/1 679/19/1 678/19/1
f 689/1/1 680/1/1 679/1/1
f 689/19/1 679/19/1 688/19/1
f 689/1/1 681/1/1 680/1/1
f 690/1/1 683/1/1 639/1/1
f 691/1/1 683/1/1 690/1/1
f 693/19/1 686/19/1 685/19/1
f 694/1/1 687/1/1 686/1/1
f 694/19/1 686/19/1 693/19/1
f 695/1/1 668/1/1 687/1/1
f 695/1/1 687/1/1 694/1/1
f 696/1/1 668/1/1 695/1/1
f 697/1/1 676/1/1 669/1/1
f 698/1/1 676/1/1 697/1/1
f 699/1/1 676/1/1 698/1/1
f 701/1/1 689/1/1 688/1/1
f 702/1/1 681/1/1 689/1/1
f 702/1/1 689/1/1 701/1/1
f 703/1/1 647/1/1 682/1/1
f 704/1/1 647/1/1 703/1/1
f 705/1/1 690/1/1 639/1/1
f 706/1/1 690/1/1 705/1/1
f 707/1/1 690/1/1 706/1/1
f 708/1/1 690/1/1 707/1/1
f 711/1/1 694/1/1 693/1/1
f 711/1/1 693/1/1 692/1/1
f 711/1/1 695/1/1 694/1/1
f 712/1/1 702/1/1 701/1/1
f 712/1/1 703/1/1 702/1/1
f 712/1/1 701/1/1 700/1/1
f 713/1/1 647/1/1 704/1/1
f 714/1/1 647/1/1 713/1/1
f 715/1/1 707/1/1 706/1/1
f 716/1/1 707/1/1 715/1/1
f 718/19/1 710/19/1 709/19/1
f 719/1/1 711/1/1 710/1/1
f 719/19/1 710/19/1 718/19/1
f 720/1/1 695/1/1 711/1/1
f 720/1/1 711/1/1 719/1/1
f 721/1/1 695/1/1 720/1/1
f 722/1/1 697/1/1 696/1/1
f 722/1/1 698/1/1 697/1/1
f 723/1/1 698/1/1 722/1/1
f 724/1/1 698/1/1 723/1/1
f 726/1/1 712/1/1 700/1/1
f 726/1/1 713/1/1 712/1/1
f 727/1/1 713/1/1 726/1/1
f 728/1/1 647/1/1 714/1/1
f 729/1/1 647/1/1 728/1/1
f 730/1/1 705/1/1 639/1/1
f 731/1/1 715/1/1 706/1/1
f 732/1/1 715/1/1 731/1/1
f 734/1/1 718/1/1 717/1/1
f 734/1/1 719/1/1 718/1/1
f 734/1/1 720/1/1 719/1/1
f 735/1/1 720/1/1 734/1/1
f 736/1/1 720/1/1 735/1/1
f 737/1/1 728/1/1 727/1/1
f 737/1/1 727/1/1 726/1/1
f 737/1/1 726/1/1 725/1/1
f 738/1/1 647/1/1 729/1/1
f 739/1/1 647/1/1 738/1/1
f 741/1/1 735/1/1 734/1/1
f 741/1/1 734/1/1 733/1/1
f 743/1/1 723/1/1 722/1/1
f 743/1/1 722/1/1 721/1/1
f 744/1/1 723/1/1 743/1/1
f 745/1/1 723/1/1 744/1/1
f 747/1/1 737/1/1 725/1/1
f 747/1/1 738/1/1 737/1/1
f 748/1/1 738/1/1 747/1/1
f 750/1/1 741/1/1 740/1/1
f 750/1/1 735/1/1 741/1/1
f 751/1/1 744/1/1 743/1/1
f 751/1/1 743/1/1 742/1/1
f 752/1/1 744/1/1 751/1/1
f 753/1/1 744/1/1 752/1/1
f 756/1/1 749/1/1 748/1/1
f 756/1/1 748/1/1 747/1/1
f 756/1/1 747/1/1 746/1/1
f 757/1/1 754/1/1 753/1/1
f 757/1/1 753/1/1 752/1/1
f 758/1/1 756/1/1 755/1/1
f 759/1/1 749/1/1 756/1/1
f 759/1/1 756/1/1 758/1/1
f 760/1/1 731/1/1 730/1/1
f 761/1/1 750/1/1 740/1/1
f 761/1/1 751/1/1 750/1/1
f 762/1/1 751/1/1 761/1/1
f 763/1/1 654/1/1 653/1/1
f 763/19/1 639/19/1 654/19/1
f 764/1/1 760/1/1 730/1/1
f 764/19/1 639/19/1 763/19/1
f 764/1/1 761/1/1 760/1/1
f 764/1/1 730/1/1 639/1/1
f 765/1/1 751/1/1 762/1/1
f 766/1/1 757/1/1 752/1/1
f 766/1/1 758/1/1 757/1/1
f 767/1/1 758/1/1 766/1/1
f 768/1/1 758/1/1 767/1/1
f 769/1/1 749/1/1 759/1/1
f 770/1/1 749/1/1 769/1/1
f 771/1/1 768/1/1 767/1/1
f 771/1/1 769/1/1 768/1/1
f 772/1/1 749/1/1 770/1/1
f 773/1/1 749/1/1 772/1/1
f 774/1/1 763/1/1 653/1/1
f 774/1/1 764/1/1 763/1/1
f 775/1/1 761/1/1 764/1/1
f 775/1/1 764/1/1 774/1/1
f 776/1/1 765/1/1 762/1/1
f 776/1/1 766/1/1 765/1/1
f 777/1/1 766/1/1 776/1/1
f 778/1/1 771/1/1 767/1/1
f 778/1/1 772/1/1 771/1/1
f 779/1/1 772/1/1 778/1/1
f 780/1/1 749/1/1 773/1/1
f 781/1/1 749/1/1 780/1/1
f 782/17/1 776/17/1 775/17/1
f 784/17/1 780/17/1 779/17/1
f 785/17/1 780/17/1 784/17/1
f 788/17/1 783/17/1 782/17/1
f 788/17/1 782/17/1 775/17/1
f 789/17/1 783/17/1 788/17/1
f 790/17/1 783/17/1 789/17/1
f 793/17/1 786/17/1 785/17/1
f 794/17/1 786/17/1 793/17/1
f 797/1/1 793/1/1 792/1/1
f 799/1/1 788/1/1 787/1/1
f 800/1/1 791/1/1 790/1/1
f 800/1/1 790/1/1 789/1/1
f 801/1/1 791/1/1 800/1/1
f 802/1/1 798/1/1 797/1/1
f 802/1/1 797/1/1 792/1/1
f 803/1/1 798/1/1 802/1/1
f 804/1/1 796/1/1 795/1/1
f 805/1/1 796/1/1 804/1/1
f 806/1/1 791/1/1 801/1/1
f 807/1/1 802/1/1 792/1/1
f 808/1/1 802/1/1 807/1/1
f 809/1/1 804/1/1 803/1/1
f 810/1/1 796/1/1 805/1/1
f 811/1/1 796/1/1 810/1/1
f 812/1/1 802/1/1 808/1/1
f 813/1/1 802/1/1 812/1/1
f 814/1/1 809/1/1 803/1/1
f 814/1/1 810/1/1 809/1/1
f 815/1/1 810/1/1 814/1/1
f 816/1/1 796/1/1 811/1/1
f 817/1/1 796/1/1 816/1/1
f 818/1/1 815/1/1 814/1/1
f 818/1/1 816/1/1 815/1/1
f 818/1/1 814/1/1 813/1/1
f 819/1/1 796/1/1 817/1/1
f 820/1/1 796/1/1 819/1/1
f 821/1/1 800/1/1 799/1/1
f 822/1/1 806/1/1 801/1/1
f 822/1/1 807/1/1 806/1/1
f 823/1/1 807/1/1 822/1/1
f 824/1/1 812/1/1 808/1/1
f 825/1/1 812/1/1 824/1/1
f 826/1/1 818/1/1 813/1/1
f 826/1/1 819/1/1 818/1/1
f 827/1/1 807/1/1 823/1/1
f 828/1/1 824/1/1 808/1/1
f 829/1/1 824/1/1 828/1/1
f 830/1/1 824/1/1 829/1/1
f 831/1/1 824/1/1 830/1/1
f 832/1/1 826/1/1 825/1/1
f 833/1/1 832/1/1 831/1/1
f 833/1/1 826/1/1 832/1/1
f 833/1/1 819/1/1 826/1/1
f 834/1/1 796/1/1 820/1/1
f 835/1/1 796/1/1 834/1/1
f 836/1/1 822/1/1 821/1/1
f 837/1/1 827/1/1 823/1/1
f 837/1/1 828/1/1 827/1/1
f 838/1/1 828/1/1 837/1/1
f 839/1/1 830/1/1 829/1/1
f 840/1/1 830/1/1 839/1/1
f 841/1/1 833/1/1 831/1/1
f 841/1/1 834/1/1 833/1/1
f 842/1/1 834/1/1 841/1/1
f 843/1/1 796/1/1 835/1/1
f 844/1/1 796/1/1 843/1/1
f 845/1/1 842/1/1 841/1/1
f 845/1/1 843/1/1 842/1/1
f 845/1/1 841/1/1 840/1/1
f 846/1/1 796/1/1 844/1/1
f 847/1/1 796/1/1 846/1/1
f 848/1/1 828/1/1 838/1/1
f 849/1/1 839/1/1 829/1/1
f 850/1/1 839/1/1 849/1/1
f 851/1/1 839/1/1 850/1/1
f 852/1/1 839/1/1 851/1/1
f 853/1/1 845/1/1 840/1/1
f 853/1/1 846/1/1 845/1/1
f 854/1/1 846/1/1 853/1/1
f 855/1/1 796/1/1 847/1/1
f 856/1/1 796/1/1 855/1/1
f 857/1/1 854/1/1 853/1/1
f 857/1/1 855/1/1 854/1/1
f 857/1/1 853/1/1 852/1/1
f 858/1/1 796/1/1 856/1/1
f 859/1/1 796/1/1 858/1/1
f 860/1/1 796/1/1 859/1/1
f 861/1/1 796/1/1 860/1/1
f 862/1/1 796/1/1 861/1/1
f 863/1/1 837/1/1 836/1/1
f 864/1/1 848/1/1 838/1/1
f 864/1/1 849/1/1 848/1/1
f 865/1/1 849/1/1 864/1/1
f 866/1/1 851/1/1 850/1/1
f 867/1/1 857/1/1 852/1/1
f 867/1/1 858/1/1 857/1/1
f 868/1/1 858/1/1 867/1/1
f 869/1/1 860/1/1 859/1/1
f 870/1/1 860/1/1 869/1/1
f 871/19/1 861/19/1 860/19/1
f 873/1/1 849/1/1 865/1/1
f 874/1/1 866/1/1 850/1/1
f 874/1/1 868/1/1 867/1/1
f 874/1/1 869/1/1 868/1/1
f 874/1/1 867/1/1 866/1/1
f 875/1/1 869/1/1 874/1/1
f 876/1/1 860/1/1 870/1/1
f 877/1/1 860/1/1 876/1/1
f 878/1/1 799/1/1 787/1/1
f 878/1/1 821/1/1 799/1/1
f 878/1/1 836/1/1 821/1/1
f 878/1/1 863/1/1 836/1/1
f 878/1/1 864/1/1 863/1/1
f 879/1/1 864/1/1 878/1/1
f 880/1/1 873/1/1 865/1/1
f 880/1/1 876/1/1 875/1/1
f 880/1/1 874/1/1 873/1/1
f 880/1/1 875/1/1 874/1/1
f 881/1/1 876/1/1 880/1/1
f 882/1/1 860/1/1 877/1/1
f 883/19/1 872/19/1 871/19/1
f 883/1/1 860/1/1 882/1/1
f 883/19/1 871/19/1 860/19/1
f 884/19/1 872/19/1 883/19/1
f 888/19/1 886/19/1 885/19/1
f 889/19/1 886/19/1 888/19/1
f 890/19/1 888/19/1 887/19/1
f 891/19/1 888/19/1 890/19/1
f 894/18/1 893/18/1 892/18/1
f 895/18/1 893/18/1 894/18/1
f 902/4/1 897/4/1 896/4/1
f 903/4/1 897/4/1 902/4/1
f 908/19/1 905/19/1 904/19/1
f 909/19/1 905/19/1 908/19/1
f 912/19/1 907/19/1 906/19/1
f 913/19/1 907/19/1 912/19/1
f 914/19/1 910/19/1 909/19/1
f 915/19/1 910/19/1 914/19/1
f 917/19/1 899/19/1 898/19/1
f 918/19/1 899/19/1 917/19/1
f 921/19/1 901/19/1 900/19/1
f 922/19/1 901/19/1 921/19/1
f 923/19/1 916/19/1 915/19/1
f 924/19/1 916/19/1 923/19/1
f 927/19/1 912/19/1 911/19/1
f 928/19/1 912/19/1 927/19/1
f 931/19/1 925/19/1 924/19/1
f 932/19/1 925/19/1 931/19/1
f 935/19/1 927/19/1 926/19/1
f 936/19/1 927/19/1 935/19/1
f 937/11/1 930/11/1 929/11/1
f 938/11/1 930/11/1 937/11/1
f 940/19/1 935/19/1 934/19/1
f 941/19/1 935/19/1 940/19/1
f 943/19/1 921/19/1 920/19/1
f 944/19/1 921/19/1 943/19/1
f 946/19/1 940/19/1 939/19/1
f 947/19/1 919/19/1 918/19/1
f 948/19/1 919/19/1 947/19/1
f 951/19/1 933/19/1 932/19/1
f 952/19/1 933/19/1 951/19/1
f 954/19/1 946/19/1 945/19/1
f 955/19/1 940/19/1 946/19/1
f 955/19/1 946/19/1 954/19/1
f 958/19/1 954/19/1 953/19/1
f 959/19/1 954/19/1 958/19/1
f 960/19/1 956/19/1 955/19/1
f 961/19/1 956/19/1 960/19/1
f 964/19/1 943/19/1 942/19/1
f 965/19/1 943/19/1 964/19/1
f 967/19/1 958/19/1 957/19/1
f 968/19/1 958/19/1 967/19/1
f 969/19/1 962/19/1 961/19/1
f 970/19/1 962/19/1 969/19/1
f 973/19/1 964/19/1 963/19/1
f 975/19/1 951/19/1 950/19/1
f 976/19/1 951/19/1 975/19/1
f 978/19/1 967/19/1 966/19/1
f 979/19/1 967/19/1 978/19/1
f 980/19/1 949/19/1 948/19/1
f 981/19/1 949/19/1 980/19/1
f 983/19/1 973/19/1 972/19/1
f 984/19/1 964/19/1 973/19/1
f 984/19/1 973/19/1 983/19/1
f 987/19/1 971/19/1 970/19/1
f 988/19/1 971/19/1 987/19/1
f 990/19/1 964/19/1 984/19/1
f 991/19/1 964/19/1 990/19/1
f 994/19/1 978/19/1 977/19/1
f 995/19/1 978/19/1 994/19/1
f 996/19/1 989/19/1 988/19/1
f 997/19/1 989/19/1 996/19/1
f 998/19/1 992/19/1 991/19/1
f 999/19/1 992/19/1 998/19/1
f 1002/1/1 986/1/1 985/1/1
f 1003/1/1 986/1/1 1002/1/1
f 1004/19/1 975/19/1 974/19/1
f 1005/19/1 975/19/1 1004/19/1
f 1006/19/1 994/19/1 993/19/1
f 1007/19/1 994/19/1 1006/19/1
f 1008/19/1 982/19/1 981/19/1
f 1009/19/1 982/19/1 1008/19/1
f 1010/19/1 1000/19/1 999/19/1
f 1011/19/1 1000/19/1 1010/19/1
f 1012/17/1 1002/17/1 1001/17/1
f 1013/17/1 1002/17/1 1012/17/1
f 1024/19/1 1017/19/1 1016/19/1
f 1025/19/1 1017/19/1 1024/19/1
f 1026/19/1 1019/19/1 1018/19/1
f 1027/19/1 1019/19/1 1026/19/1
f 1029/19/1 1023/19/1 1022/19/1
f 1030/19/1 1023/19/1 1029/19/1
f 1037/19/1 1028/19/1 1027/19/1
f 1038/19/1 1028/19/1 1037/19/1
f 1040/19/1 1031/19/1 1030/19/1
f 1041/19/1 1031/19/1 1040/19/1
f 1043/19/1 1015/19/1 1014/19/1
f 1044/19/1 1015/19/1 1043/19/1
f 1046/19/1 1036/19/1 1035/19/1
f 1046/19/1 1035/19/1 1034/19/1
f 1047/19/1 1036/19/1 1046/19/1
f 1049/19/1 1039/19/1 1038/19/1
f 1050/19/1 1039/19/1 1049/19/1
f 1052/19/1 1042/19/1 1041/19/1
f 1053/19/1 1042/19/1 1052/19/1
f 1055/1/1 1033/1/1 1032/1/1
f 1056/1/1 1033/1/1 1055/1/1
f 1057/19/1 1046/19/1 1034/19/1
f 1058/19/1 1046/19/1 1057/19/1
f 1059/19/1 1048/19/1 1047/19/1
f 1060/19/1 1051/19/1 1050/19/1
f 1061/19/1 1051/19/1 1060/19/1
f 1062/19/1 1021/19/1 1020/19/1
f 1063/19/1 1021/19/1 1062/19/1
f 1065/19/1 1054/19/1 1053/19/1
f 1066/19/1 1054/19/1 1065/19/1
f 1068/19/1 1059/19/1 1058/19/1
f 1068/19/1 1048/19/1 1059/19/1
f 1069/19/1 1048/19/1 1068/19/1
f 1073/19/1 1067/19/1 1066/19/1
f 1074/19/1 1067/19/1 1073/19/1
f 1076/19/1 1045/19/1 1044/19/1
f 1077/19/1 1045/19/1 1076/19/1
f 1079/19/1 1070/19/1 1069/19/1
f 1080/19/1 1070/19/1 1079/19/1
f 1082/19/1 1072/19/1 1071/19/1
f 1083/19/1 1072/19/1 1082/19/1
f 1085/19/1 1064/19/1 1063/19/1
f 1087/19/1 1075/19/1 1074/19/1
f 1088/19/1 1075/19/1 1087/19/1
f 1090/19/1 1068/19/1 1058/19/1
f 1091/19/1 1086/19/1 1085/19/1
f 1091/19/1 1085/19/1 1063/19/1
f 1092/19/1 1086/19/1 1091/19/1
f 1093/19/1 1089/19/1 1088/19/1
f 1094/19/1 1089/19/1 1093/19/1
f 1096/19/1 1078/19/1 1077/19/1
f 1097/19/1 1078/19/1 1096/19/1
f 1101/19/1 1090/19/1 1058/19/1
f 1102/19/1 1090/19/1 1101/19/1
f 1104/19/1 1081/19/1 1080/19/1
f 1105/19/1 1081/19/1 1104/19/1
f 1106/19/1 1084/19/1 1083/19/1
f 1107/19/1 1084/19/1 1106/19/1
f 1109/19/1 1095/19/1 1094/19/1
f 1110/19/1 1095/19/1 1109/19/1
f 1111/19/1 1100/19/1 1099/19/1
f 1112/19/1 1100/19/1 1111/19/1
f 1113/19/1 1103/19/1 1102/19/1
f 1114/19/1 1104/19/1 1080/19/1
f 1115/19/1 1104/19/1 1114/19/1
f 1116/19/1 1111/19/1 1099/19/1
f 1117/19/1 1100/19/1 1112/19/1
f 1118/19/1 1113/19/1 1102/19/1
f 1121/19/1 1091/19/1 1063/19/1
f 1122/19/1 1091/19/1 1121/19/1
f 1123/19/1 1098/19/1 1097/19/1
f 1124/19/1 1098/19/1 1123/19/1
f 1126/19/1 1117/19/1 1116/19/1
f 1126/19/1 1100/19/1 1117/19/1
f 1127/19/1 1100/19/1 1126/19/1
f 1128/19/1 1118/19/1 1102/19/1
f 1128/19/1 1119/19/1 1118/19/1
f 1129/19/1 1119/19/1 1128/19/1
f 1130/19/1 1119/19/1 1129/19/1
f 1131/19/1 1116/19/1 1099/19/1
f 1131/19/1 1126/19/1 1116/19/1
f 1132/19/1 1126/19/1 1131/19/1
f 1135/19/1 1108/19/1 1107/19/1
f 1136/19/1 1108/19/1 1135/19/1
f 1139/19/1 1125/19/1 1124/19/1
f 1140/19/1 1125/19/1 1139/19/1
f 1141/19/1 1126/19/1 1132/19/1
f 1142/19/1 1126/19/1 1141/19/1
f 1143/19/1 1134/19/1 1133/19/1
f 1144/19/1 1134/19/1 1143/19/1
f 1145/19/1 1137/19/1 1136/19/1
f 1146/19/1 1137/19/1 1145/19/1
f 1147/19/1 1121/19/1 1120/19/1
f 1148/19/1 1121/19/1 1147/19/1
f 1150/19/1 1139/19/1 1138/19/1
f 1151/19/1 1139/19/1 1150/19/1
f 1154/19/1 1150/19/1 1149/19/1
f 1155/19/1 1150/19/1 1154/19/1
f 1156/19/1 1153/19/1 1152/19/1
f 1157/19/1 1153/19/1 1156/19/1
f 1159/19/1 1147/19/1 1146/19/1
f 1160/19/1 1147/19/1 1159/19/1
f 1161/19/1 1158/19/1 1157/19/1
f 1162/19/1 1158/19/1 1161/19/1
f 1170/19/1 1164/19/1 1163/19/1
f 1171/19/1 1164/19/1 1170/19/1
f 1173/19/1 1166/19/1 1165/19/1
f 1174/19/1 1166/19/1 1173/19/1
f 1176/19/1 1173/19/1 1172/19/1
f 1177/19/1 1173/19/1 1176/19/1
f 1179/19/1 1168/19/1 1167/19/1
f 1180/19/1 1168/19/1 1179/19/1
f 1182/19/1 1170/19/1 1169/19/1
f 1183/19/1 1170/19/1 1182/19/1
f 1185/19/1 1176/19/1 1175/19/1
f 1186/19/1 1176/19/1 1185/19/1
f 1188/19/1 1182/19/1 1181/19/1
f 1189/19/1 1182/19/1 1188/19/1
f 1191/19/1 1185/19/1 1184/19/1
f 1192/19/1 1185/19/1 1191/19/1
f 1194/19/1 1179/19/1 1178/19/1
f 1195/19/1 1179/19/1 1194/19/1
f 1197/19/1 1191/19/1 1190/19/1
f 1198/19/1 1191/19/1 1197/19/1
f 1200/19/1 1188/19/1 1187/19/1
f 1201/19/1 1188/19/1 1200/19/1
f 1203/19/1 1197/19/1 1196/19/1
f 1204/19/1 1197/19/1 1203/19/1
f 1206/19/1 1194/19/1 1193/19/1
f 1207/19/1 1194/19/1 1206/19/1
f 1209/19/1 1200/19/1 1199/19/1
f 1210/19/1 1200/19/1 1209/19/1
f 1212/19/1 1203/19/1 1202/19/1
f 1213/19/1 1203/19/1 1212/19/1
f 1214/19/1 1206/19/1 1205/19/1
f 1215/19/1 1206/19/1 1214/19/1
f 1217/19/1 1212/19/1 1211/19/1
f 1218/19/1 1212/19/1 1217/19/1
f 1223/19/1 1209/19/1 1208/19/1
f 1224/19/1 1209/19/1 1223/19/1
f 1226/19/1 1217/19/1 1216/19/1
f 1227/19/1 1217/19/1 1226/19/1
f 1228/19/1 1220/19/1 1219/19/1
f 1228/19/1 1221/19/1 1220/19/1
f 1229/19/1 1221/19/1 1228/19/1
f 1231/1/1 1223/1/1 1222/1/1
f 1232/1/1 1223/1/1 1231/1/1
f 1234/19/1 1226/19/1 1225/19/1
f 1235/19/1 1226/19/1 1234/19/1
f 1237/19/1 1228/19/1 1219/19/1
f 1238/19/1 1228/19/1 1237/19/1
f 1240/19/1 1234/19/1 1233/19/1
f 1241/19/1 1234/19/1 1240/19/1
f 1242/19/1 1230/19/1 1229/19/1
f 1243/19/1 1230/19/1 1242/19/1
f 1246/19/1 1240/19/1 1239/19/1
f 1247/19/1 1240/19/1 1246/19/1
f 1249/19/1 1237/19/1 1236/19/1
f 1250/19/1 1237/19/1 1249/19/1
f 1251/19/1 1244/19/1 1243/19/1
f 1252/19/1 1244/19/1 1251/19/1
f 1255/19/1 1246/19/1 1245/19/1
f 1256/19/1 1246/19/1 1255/19/1
f 1257/19/1 1253/19/1 1252/19/1
f 1258/19/1 1253/19/1 1257/19/1
f 1261/19/1 1255/19/1 1254/19/1
f 1262/19/1 1255/19/1 1261/19/1
f 1264/19/1 1249/19/1 1248/19/1
f 1265/19/1 1249/19/1 1264/19/1
f 1266/19/1 1261/19/1 1260/19/1
f 1267/19/1 1261/19/1 1266/19/1
f 1268/19/1 1259/19/1 1258/19/1
f 1269/19/1 1259/19/1 1268/19/1
f 1271/19/1 1264/19/1 1263/19/1
f 1272/19/1 1264/19/1 1271/19/1
f 1273/19/1 1270/19/1 1269/19/1
f 1274/19/1 1270/19/1 1273/19/1
f 1283/19/1 1278/19/1 1277/19/1
f 1284/19/1 1278/19/1 1283/19/1
f 1285/19/1 1280/19/1 1279/19/1
f 1286/19/1 1280/19/1 1285/19/1
f 1288/1/1 1276/1/1 1275/1/1
f 1289/1/1 1276/1/1 1288/1/1
f 1292/19/1 1287/19/1 1286/19/1
f 1293/19/1 1287/19/1 1292/19/1
f 1295/19/1 1291/19/1 1290/19/1
f 1296/19/1 1291/19/1 1295/19/1
f 1298/19/1 1282/19/1 1281/19/1
f 1299/19/1 1282/19/1 1298/19/1
f 1300/19/1 1294/19/1 1293/19/1
f 1301/19/1 1294/19/1 1300/19/1
f 1305/19/1 1302/19/1 1301/19/1
f 1306/19/1 1302/19/1 1305/19/1
f 1310/19/1 1304/19/1 1303/19/1
f 1311/19/1 1304/19/1 1310/19/1
f 1314/19/1 1309/19/1 1308/19/1
f 1315/19/1 1309/19/1 1314/19/1
f 1317/19/1 1298/19/1 1297/19/1
f 1318/19/1 1298/19/1 1317/19/1
f 1319/19/1 1313/19/1 1312/19/1
f 1320/19/1 1313/19/1 1319/19/1
f 1321/19/1 1307/19/1 1306/19/1
f 1322/19/1 1307/19/1 1321/19/1
f 1328/19/1 1323/19/1 1322/19/1
f 1329/19/1 1323/19/1 1328/19/1
f 1334/19/1 1317/19/1 1316/19/1
f 1335/19/1 1317/19/1 1334/19/1
f 1336/19/1 1327/19/1 1326/19/1
f 1337/19/1 1327/19/1 1336/19/1
f 1338/19/1 1330/19/1 1329/19/1
f 1339/19/1 1330/19/1 1338/19/1
f 1341/19/1 1325/19/1 1324/19/1
f 1342/19/1 1325/19/1 1341/19/1
f 1343/19/1 1332/19/1 1331/19/1
f 1344/19/1 1332/19/1 1343/19/1
f 1346/19/1 1334/19/1 1333/19/1
f 1349/19/1 1340/19/1 1339/19/1
f 1350/19/1 1340/19/1 1349/19/1
f 1352/19/1 1343/19/1 1342/19/1
f 1353/19/1 1346/19/1 1345/19/1
f 1353/19/1 1334/19/1 1346/19/1
f 1354/19/1 1334/19/1 1353/19/1
f 1357/19/1 1348/19/1 1347/19/1
f 1358/19/1 1348/19/1 1357/19/1
f 1359/19/1 1351/19/1 1350/19/1
f 1360/19/1 1351/19/1 1359/19/1
f 1361/19/1 1353/19/1 1345/19/1
f 1362/19/1 1353/19/1 1361/19/1
f 1364/19/1 1356/19/1 1355/19/1
f 1365/19/1 1356/19/1 1364/19/1
f 1367/19/1 1366/19/1 1365/19/1
f 1368/19/1 1366/19/1 1367/19/1
f 1370/19/1 1352/19/1 1342/19/1
f 1371/19/1 1352/19/1 1370/19/1
f 1373/19/1 1363/19/1 1362/19/1
f 1374/19/1 1363/19/1 1373/19/1
f 1376/19/1 1369/19/1 1368/19/1
f 1377/19/1 1369/19/1 1376/19/1
f 1379/19/1 1378/19/1 1377/19/1
f 1380/19/1 1378/19/1 1379/19/1
f 1382/19/1 1372/19/1 1371/19/1
f 1383/19/1 1372/19/1 1382/19/1
f 1384/19/1 1375/19/1 1374/19/1
f 1385/19/1 1375/19/1 1384/19/1
f 1386/19/1 1381/19/1 1380/19/1
f 1387/19/1 1381/19/1 1386/19/1
f 1394/19/1 1393/19/1 1392/19/1
f 1395/19/1 1393/19/1 1394/19/1
f 1397/19/1 1389/19/1 1388/19/1
f 1398/19/1 1389/19/1 1397/19/1
f 1401/19/1 1396/19/1 1395/19/1
f 1402/19/1 1396/19/1 1401/19/1
f 1404/19/1 1391/19/1 1390/19/1
f 1405/19/1 1391/19/1 1404/19/1
f 1407/19/1 1403/19/1 1402/19/1
f 1408/19/1 1403/19/1 1407/19/1
f 1411/19/1 1401/19/1 1400/19/1
f 1412/19/1 1401/19/1 1411/19/1
f 1413/19/1 1409/19/1 1408/19/1
f 1414/19/1 1409/19/1 1413/19/1
f 1416/19/1 1415/19/1 1414/19/1
f 1417/19/1 1415/19/1 1416/19/1
f 1419/19/1 1399/19/1 1398/19/1
f 1420/19/1 1399/19/1 1419/19/1
f 1423/19/1 1411/19/1 1410/19/1
f 1424/19/1 1411/19/1 1423/19/1
f 1425/19/1 1406/19/1 1405/19/1
f 1426/19/1 1406/19/1 1425/19/1
f 1429/19/1 1423/19/1 1422/19/1
f 1430/19/1 1423/19/1 1429/19/1
f 1431/19/1 1418/19/1 1417/19/1
f 1432/19/1 1418/19/1 1431/19/1
f 1435/19/1 1421/19/1 1420/19/1
f 1436/19/1 1421/19/1 1435/19/1
f 1439/19/1 1429/19/1 1428/19/1
f 1440/19/1 1429/19/1 1439/19/1
f 1441/19/1 1434/19/1 1433/19/1
f 1442/19/1 1434/19/1 1441/19/1
f 1444/19/1 1443/19/1 1442/19/1
f 1445/19/1 1443/19/1 1444/19/1
f 1447/19/1 1427/19/1 1426/19/1
f 1448/19/1 1427/19/1 1447/19/1
f 1451/19/1 1439/19/1 1438/19/1
f 1452/19/1 1439/19/1 1451/19/1
f 1453/19/1 1446/19/1 1445/19/1
f 1454/19/1 1446/19/1 1453/19/1
f 1456/19/1 1455/19/1 1454/19/1
f 1457/19/1 1455/19/1 1456/19/1
f 1459/19/1 1437/19/1 1436/19/1
f 1460/19/1 1437/19/1 1459/19/1
f 1462/19/1 1451/19/1 1450/19/1
f 1463/19/1 1451/19/1 1462/19/1
f 1464/19/1 1458/19/1 1457/19/1
f 1465/19/1 1458/19/1 1464/19/1
f 1467/19/1 1449/19/1 1448/19/1
f 1468/19/1 1449/19/1 1467/19/1
f 1469/19/1 1466/19/1 1465/19/1
f 1470/19/1 1466/19/1 1469/19/1
f 1472/19/1 1461/19/1 1460/19/1
f 1473/19/1 1461/19/1 1472/19/1
f 1474/19/1 1471/19/1 1470/19/1
f 1475/19/1 1471/19/1 1474/19/1
f 1478/17/1 1477/17/1 1476/17/1
f 1479/17/1 1477/17/1 1478/17/1
f 1482/1/1 1481/1/1 1480/1/1
f 1483/1/1 1481/1/1 1482/1/1
f 1486/19/1 1485/19/1 1484/19/1
f 1487/19/1 1485/19/1 1486/19/1
f 1490/1/1 1489/1/1 1488/1/1
f 1491/1/1 1489/1/1 1490/1/1
f 1494/19/1 1493/19/1 1492/19/1
f 1495/19/1 1493/19/1 1494/19/1
f 1498/19/1 1497/19/1 1496/19/1
f 1499/19/1 1497/19/1 1498/19/1
f 1501/19/1 1500/19/1 1499/19/1
f 1502/19/1 1500/19/1 1501/19/1
f 1504/1/1 1503/1/1 1502/1/1
f 1505/1/1 1503/1/1 1504/1/1
f 1508/1/1 1507/1/1 1506/1/1
f 1509/1/1 1507/1/1 1508/1/1
f 1512/19/1 1511/19/1 1510/19/1
f 1513/19/1 1511/19/1 1512/19/1
f 1521/19/1 1514/19/1 1513/19/1
f 1522/19/1 1514/19/1 1521/19/1
f 1525/19/1 1518/19/1 1517/19/1
f 1526/19/1 1518/19/1 1525/19/1
f 1527/19/1 1520/19/1 1519/19/1
f 1527/19/1 1521/19/1 1520/19/1
f 1528/19/1 1521/19/1 1527/19/1
f 1529/19/1 1524/19/1 1523/19/1
f 1530/19/1 1524/19/1 1529/19/1
f 1532/19/1 1521/19/1 1528/19/1
f 1533/19/1 1521/19/1 1532/19/1
f 1536/19/1 1532/19/1 1531/19/1
f 1537/19/1 1532/19/1 1536/19/1
f 1538/1/1 1516/1/1 1515/1/1
f 1539/1/1 1516/1/1 1538/1/1
f 1543/19/1 1535/19/1 1534/19/1
f 1544/19/1 1535/19/1 1543/19/1
f 1548/19/1 1541/19/1 1540/19/1
f 1549/19/1 1541/19/1 1548/19/1
f 1550/19/1 1543/19/1 1542/19/1
f 1551/19/1 1543/19/1 1550/19/1
f 1552/19/1 1547/19/1 1546/19/1
f 1552/19/1 1546/19/1 1545/19/1
f 1553/19/1 1547/19/1 1552/19/1
f 1554/19/1 1547/19/1 1553/19/1
f 1557/19/1 1550/19/1 1549/19/1
f 1558/19/1 1550/19/1 1557/19/1
f 1564/19/1 1556/19/1 1555/19/1
f 1565/19/1 1556/19/1 1564/19/1
f 1566/19/1 1561/19/1 1560/19/1
f 1566/19/1 1560/19/1 1559/19/1
f 1567/19/1 1561/19/1 1566/19/1
f 1568/19/1 1561/19/1 1567/19/1
f 1569/19/1 1563/19/1 1562/19/1
f 1570/19/1 1563/19/1 1569/19/1
f 1575/19/1 1572/19/1 1571/19/1
f 1576/19/1 1572/19/1 1575/19/1
f 1577/1/1 1574/1/1 1573/1/1
f 1578/1/1 1574/1/1 1577/1/1
f 1581/19/1 1580/19/1 1579/19/1
f 1582/19/1 1580/19/1 1581/19/1
f 1585/1/1 1584/1/1 1583/1/1
f 1586/1/1 1584/1/1 1585/1/1
f 1589/1/1 1588/1/1 1587/1/1
f 1590/1/1 1588/1/1 1589/1/1
f 1593/1/1 1592/1/1 1591/1/1
f 1594/1/1 1592/1/1 1593/1/1
f 1597/1/1 1596/1/1 1595/1/1
f 1598/1/1 1596/1/1 1597/1/1
f 1601/1/1 1600/1/1 1599/1/1
f 1602/1/1 1600/1/1 1601/1/1
f 1605/1/1 1604/1/1 1603/1/1
f 1606/1/1 1604/1/1 1605/1/1
f 1609/1/1 1608/1/1 1607/1/1
f 1610/1/1 1608/1/1 1609/1/1
f 1613/19/1 1612/19/1 1611/19/1
f 1614/19/1 1612/19/1 1613/19/1
f 1620/19/1 1616/19/1 1615/19/1
f 1621/19/1 1616/19/1 1620/19/1
f 1623/19/1 1618/19/1 1617/19/1
f 1624/19/1 1618/19/1 1623/19/1
f 1626/19/1 1620/19/1 1619/19/1
f 1627/19/1 1620/19/1 1626/19/1
f 1628/19/1 1620/19/1 1627/19/1
f 1632/19/1 1626/19/1 1625/19/1
f 1633/19/1 1626/19/1 1632/19/1
f 1634/19/1 1623/19/1 1622/19/1
f 1635/19/1 1623/19/1 1634/19/1
f 1637/19/1 1632/19/1 1631/19/1
f 1638/19/1 1632/19/1 1637/19/1
f 1642/19/1 1637/19/1 1636/19/1
f 1643/19/1 1637/19/1 1642/19/1
f 1644/19/1 1637/19/1 1643/19/1
f 1645/19/1 1640/19/1 1639/19/1
f 1646/19/1 1640/19/1 1645/19/1
f 1647/19/1 1642/19/1 1641/19/1
f 1648/19/1 1642/19/1 1647/19/1
f 1651/1/1 1630/1/1 1629/1/1
f 1652/1/1 1630/1/1 1651/1/1
f 1654/19/1 1650/19/1 1649/19/1
f 1655/19/1 1650/19/1 1654/19/1
f 1656/19/1 1654/19/1 1653/19/1
f 1657/19/1 1654/19/1 1656/19/1
f 1660/1/1 1659/1/1 1658/1/1
f 1661/1/1 1659/1/1 1660/1/1
f 1664/17/1 1663/17/1 1662/17/1
f 1665/17/1 1663/17/1 1664/17/1
f 1668/18/1 1667/18/1 1666/18/1
f 1669/18/1 1667/18/1 1668/18/1
f 1674/1/1 1671/1/1 1670/1/1
f 1675/1/1 1671/1/1 1674/1/1
f 1678/1/1 1673/1/1 1672/1/1
f 1679/1/1 1673/1/1 1678/1/1
f 1680/1/1 1677/1/1 1676/1/1
f 1681/1/1 1677/1/1 1680/1/1
f 1684/1/1 1683/1/1 1682/1/1
f 1685/1/1 1683/1/1 1684/1/1
f 1688/1/1 1687/1/1 1686/1/1
f 1689/1/1 1687/1/1 1688/1/1
f 1694/1/1 1693/1/1 1692/1/1
f 1695/1/1 1693/1/1 1694/1/1
f 1696/1/1 1691/1/1 1690/1/1
f 1697/1/1 1691/1/1 1696/1/1
f 1700/1/1 1699/1/1 1698/1/1
f 1701/1/1 1699/1/1 1700/1/1
f 1704/18/1 1703/18/1 1702/18/1
f 1705/18/1 1703/18/1 1704/18/1
f 1710/1/1 1707/1/1 1706/1/1
f 1711/1/1 1707/1/1 1710/1/1
f 1712/1/1 1709/1/1 1708/1/1
f 1713/1/1 1709/1/1 1712/1/1
f 1717/1/1 1715/1/1 1714/1/1
f 1718/1/1 1715/1/1 1717/1/1
f 1719/17/1 1717/17/1 1716/17/1
f 1720/17/1 1717/17/1 1719/17/1
f 1723/1/1 1722/1/1 1721/1/1
f 1724/1/1 1722/1/1 1723/1/1
f 1729/1/1 1726/1/1 1725/1/1
f 1730/1/1 1726/1/1 1729/1/1
f 1731/1/1 1728/1/1 1727/1/1
f 1732/1/1 1728/1/1 1731/1/1
f 1735/1/1 1734/1/1 1733/1/1
f 1736/1/1 1734/1/1 1735/1/1
f 1739/17/1 1738/17/1 1737/17/1
f 1740/17/1 1738/17/1 1739/17/1
f 1745/1/1 1742/1/1 1741/1/1
f 1746/1/1 1742/1/1 1745/1/1
f 1747/1/1 1744/1/1 1743/1/1
f 1748/1/1 1744/1/1 1747/1/1
f 1751/17/1 1750/17/1 1749/17/1
f 1752/17/1 1750/17/1 1751/17/1
f 1755/17/1 1754/17/1 1753/17/1
f 1756/17/1 1754/17/1 1755/17/1
f 1759/1/1 1757/1/1 1756/1/1
f 1760/17/1 1759/17/1 1758/17/1
f 1761/1/1 1757/1/1 1759/1/1
f 1761/17/1 1759/17/1 1760/17/1
f 1762/1/1 1757/1/1 1761/1/1
f 1765/17/1 1764/17/1 1763/17/1
f 1766/17/1 1764/17/1 1765/17/1
f 1769/1/1 1768/1/1 1767/1/1
f 1770/1/1 1768/1/1 1769/1/1
f 1775/17/1 1774/17/1 1773/17/1
f 1776/17/1 1774/17/1 1775/17/1
f 1777/17/1 1772/17/1 1771/17/1
f 1778/17/1 1772/17/1 1777/17/1
f 1780/1/1 1779/1/1 1778/1/1
f 1781/1/1 1779/1/1 1780/1/1
f 1784/1/1 1783/1/1 1782/1/1
f 1785/1/1 1783/1/1 1784/1/1
f 1788/1/1 1787/1/1 1786/1/1
f 1789/1/1 1787/1/1 1788/1/1
f 1792/15/1 1791/15/1 1790/15/1
f 1793/15/1 1791/15/1 1792/15/1
f 1798/17/1 1797/17/1 1796/17/1
f 1799/17/1 1797/17/1 1798/17/1
f 1800/1/1 1795/1/1 1794/1/1
f 1801/1/1 1795/1/1 1800/1/1
f 1804/17/1 1803/17/1 1802/17/1
f 1805/17/1 1803/17/1 1804/17/1
f 1808/1/1 1807/1/1 1806/1/1
f 1809/1/1 1807/1/1 1808/1/1
f 1812/18/1 1811/18/1 1810/18/1
f 1813/18/1 1811/18/1 1812/18/1
f 1816/1/1 1815/1/1 1814/1/1
f 1817/1/1 1815/1/1 1816/1/1
f 1820/17/1 1819/17/1 1818/17/1
f 1821/17/1 1819/17/1 1820/17/1
f 1824/1/1 1822/1/1 1821/1/1
f 1825/17/1 1824/17/1 1823/17/1
f 1826/1/1 1822/1/1 1824/1/1
f 1826/17/1 1824/17/1 1825/17/1
f 1827/1/1 1822/1/1 1826/1/1
f 1829/19/1 1828/19/1 1827/19/1
f 1830/19/1 1828/19/1 1829/19/1
f 1834/1/1 1832/1/1 1831/1/1
f 1835/1/1 1832/1/1 1834/1/1
f 1836/17/1 1834/17/1 1833/17/1
f 1837/17/1 1834/17/1 1836/17/1
f 1840/1/1 1839/1/1 1838/1/1
f 1841/1/1 1839/1/1 1840/1/1
f 1844/15/1 1843/15/1 1842/15/1
f 1845/15/1 1843/15/1 1844/15/1
f 1849/17/1 1847/17/1 1846/17/1
f 1850/17/1 1847/17/1 1849/17/1
f 1851/1/1 1849/1/1 1848/1/1
f 1852/1/1 1849/1/1 1851/1/1
f 1855/15/1 1854/15/1 1853/15/1
f 1856/15/1 1854/15/1 1855/15/1
f 1859/1/1 1858/1/1 1857/1/1
f 1860/1/1 1858/1/1 1859/1/1
f 1863/8/1 1862/8/1 1861/8/1
f 1864/8/1 1862/8/1 1863/8/1
f 1867/15/1 1866/15/1 1865/15/1
f 1868/15/1 1866/15/1 1867/15/1
f 1871/19/1 1870/19/1 1869/19/1
f 1872/19/1 1870/19/1 1871/19/1
f 1875/1/1 1874/1/1 1873/1/1
f 1876/1/1 1874/1/1 1875/1/1
f 1879/15/1 1878/15/1 1877/15/1
f 1880/15/1 1878/15/1 1879/15/1
f 1883/15/1 1882/15/1 1881/15/1
f 1884/15/1 1882/15/1 1883/15/1
f 1887/1/1 1886/1/1 1885/1/1
f 1888/1/1 1886/1/1 1887/1/1
f 1891/1/1 1890/1/1 1889/1/1
f 1892/1/1 1890/1/1 1891/1/1
f 1895/1/1 1894/1/1 1893/1/1
f 1896/1/1 1894/1/1 1895/1/1
f 1899/1/1 1898/1/1 1897/1/1
f 1900/1/1 1898/1/1 1899/1/1
f 1903/1/1 1902/1/1 1901/1/1
f 1904/1/1 1902/1/1 1903/1/1
f 1907/1/1 1906/1/1 1905/1/1
f 1908/1/1 1906/1/1 1907/1/1
f 1911/17/1 1910/17/1 1909/17/1
f 1912/17/1 1910/17/1 1911/17/1
f 1915/1/1 1914/1/1 1913/1/1
f 1916/1/1 1914/1/1 1915/1/1
f 1919/10/1 1918/10/1 1917/10/1
f 1920/10/1 1918/10/1 1919/10/1
f 1923/1/1 1922/1/1 1921/1/1
f 1924/1/1 1922/1/1 1923/1/1
f 1927/1/1 1926/1/1 1925/1/1
f 1928/1/1 1926/1/1 1927/1/1
f 1931/1/1 1930/1/1 1929/1/1
f 1932/1/1 1930/1/1 1931/1/1
f 1935/1/1 1934/1/1 1933/1/1
f 1936/1/1 1934/1/1 1935/1/1
f 1939/1/1 1938/1/1 1937/1/1
f 1940/1/1 1938/1/1 1939/1/1
f 1943/1/1 1942/1/1 1941/1/1
f 1944/1/1 1942/1/1 1943/1/1
f 1947/1/1 1946/1/1 1945/1/1
f 1948/1/1 1946/1/1 1947/1/1
f 1951/18/1 1950/18/1 1949/18/1
f 1952/18/1 1950/18/1 1951/18/1
f 1955/1/1 1954/1/1 1953/1/1
f 1956/1/1 1954/1/1 1955/1/1
f 1959/1/1 1958/1/1 1957/1/1
f 1960/1/1 1958/1/1 1959/1/1
f 1963/1/1 1962/1/1 1961/1/1
f 1964/1/1 1962/1/1 1963/1/1
f 1967/17/1 1966/17/1 1965/17/1
f 1968/17/1 1966/17/1 1967/17/1
f 1971/1/1 1970/1/1 1969/1/1
f 1972/1/1 1970/1/1 1971/1/1
f 1975/1/1 1974/1/1 1973/1/1
f 1976/1/1 1974/1/1 1975/1/1
f 1979/1/1 1978/1/1 1977/1/1
f 1980/1/1 1978/1/1 1979/1/1
f 1983/1/1 1982/1/1 1981/1/1
f 1984/1/1 1982/1/1 1983/1/1
f 1987/1/1 1986/1/1 1985/1/1
f 1988/1/1 1986/1/1 1987/1/1
f 1991/1/1 1990/1/1 1989/1/1
f 1992/1/1 1990/1/1 1991/1/1
f 1995/1/1 1994/1/1 1993/1/1
f 1996/1/1 1994/1/1 1995/1/1
f 1999/1/1 1998/1/1 1997/1/1
f 2000/1/1 1998/1/1 1999/1/1
f 2003/1/1 2002/1/1 2001/1/1
f 2004/1/1 2002/1/1 2003/1/1
f 2007/1/1 2006/1/1 2005/1/1
f 2008/1/1 2006/1/1 2007/1/1
f 2011/1/1 2010/1/1 2009/1/1
f 2012/1/1 2010/1/1 2011/1/1
f 2016/1/1 2014/1/1 2013/1/1
f 2017/19/1 2016/19/1 2015/19/1
f 2018/1/1 2014/1/1 2016/1/1
f 2018/19/1 2016/19/1 2017/19/1
f 2019/1/1 2014/1/1 2018/1/1
f 2022/1/1 2021/1/1 2020/1/1
f 2023/1/1 2021/1/1 2022/1/1
f 2026/1/1 2025/1/1 2024/1/1
f 2027/1/1 2025/1/1 2026/1/1
f 2030/1/1 2029/1/1 2028/1/1
f 2031/1/1 2029/1/1 2030/1/1
f 2034/1/1 2033/1/1 2032/1/1
f 2035/1/1 2033/1/1 2034/1/1
f 2038/1/1 2037/1/1 2036/1/1
f 2039/1/1 2037/1/1 2038/1/1
f 2042/1/1 2041/1/1 2040/1/1
f 2043/1/1 2041/1/1 2042/1/1
f 2046/1/1 2045/1/1 2044/1/1
f 2047/1/1 2045/1/1 2046/1/1
f 2051/17/1 2049/17/1 2048/17/1
f 2052/17/1 2049/17/1 2051/17/1
f 2053/1/1 2051/1/1 2050/1/1
f 2054/1/1 2051/1/1 2053/1/1
f 2057/1/1 2056/1/1 2055/1/1
f 2058/1/1 2056/1/1 2057/1/1
f 2061/17/1 2060/17/1 2059/17/1
f 2062/17/1 2060/17/1 2061/17/1
f 2065/11/1 2064/11/1 2063/11/1
f 2066/11/1 2064/11/1 2065/11/1
f 2069/1/1 2068/1/1 2067/1/1
f 2070/1/1 2068/1/1 2069/1/1
f 2073/1/1 2072/1/1 2071/1/1
f 2074/1/1 2072/1/1 2073/1/1
f 2077/1/1 2076/1/1 2075/1/1
f 2078/1/1 2076/1/1 2077/1/1
f 2081/17/1 2080/17/1 2079/17/1
f 2082/17/1 2080/17/1 2081/17/1
f 2085/1/1 2084/1/1 2083/1/1
f 2086/1/1 2084/1/1 2085/1/1
f 2091/1/1 2090/1/1 2089/1/1
f 2092/1/1 2090/1/1 2091/1/1
f 2093/1/1 2088/1/1 2087/1/1
f 2094/1/1 2088/1/1 2093/1/1
f 2099/1/1 2096/1/1 2095/1/1
f 2100/1/1 2096/1/1 2099/1/1
f 2101/1/1 2098/1/1 2097/1/1
f 2102/1/1 2098/1/1 2101/1/1
f 2105/11/1 2104/11/1 2103/11/1
f 2106/11/1 2104/11/1 2105/11/1
f 2109/1/1 2108/1/1 2107/1/1
f 2110/1/1 2108/1/1 2109/1/1
f 2113/1/1 2112/1/1 2111/1/1
f 2114/1/1 2112/1/1 2113/1/1
f 2117/4/1 2116/4/1 2115/4/1
f 2118/4/1 2116/4/1 2117/4/1
f 2121/11/1 2120/11/1 2119/11/1
f 2122/11/1 2120/11/1 2121/11/1
f 2125/1/1 2124/1/1 2123/1/1
f 2126/1/1 2124/1/1 2125/1/1
f 2129/1/1 2128/1/1 2127/1/1
f 2130/1/1 2128/1/1 2129/1/1
f 2133/1/1 2132/1/1 2131/1/1
f 2134/1/1 2132/1/1 2133/1/1
f 2137/1/1 2136/1/1 2135/1/1
f 2138/1/1 2136/1/1 2137/1/1
f 2141/1/1 2140/1/1 2139/1/1
f 2142/1/1 2140/1/1 2141/1/1
f 2145/17/1 2144/17/1 2143/17/1
f 2146/17/1 2144/17/1 2145/17/1
f 2149/1/1 2148/1/1 2147/1/1
f 2150/1/1 2148/1/1 2149/1/1
f 2154/1/1 2152/1/1 2151/1/1
f 2155/1/1 2152/1/1 2154/1/1
f 2156/17/1 2154/17/1 2153/17/1
f 2157/17/1 2154/17/1 2156/17/1
f 2160/1/1 2159/1/1 2158/1/1
f 2161/1/1 2159/1/1 2160/1/1
f 2164/10/1 2163/10/1 2162/10/1
f 2165/10/1 2163/10/1 2164/10/1
f 2168/1/1 2167/1/1 2166/1/1
f 2169/1/1 2167/1/1 2168/1/1
f 2172/19/1 2170/19/1 2169/19/1
f 2173/19/1 2170/19/1 2172/19/1
f 2174/1/1 2172/1/1 2171/1/1
f 2175/1/1 2172/1/1 2174/1/1
f 2178/1/1 2177/1/1 2176/1/1
f 2179/1/1 2177/1/1 2178/1/1
f 2182/1/1 2181/1/1 2180/1/1
f 2183/1/1 2181/1/1 2182/1/1
f 2186/1/1 2185/1/1 2184/1/1
f 2187/1/1 2185/1/1 2186/1/1
f 2190/1/1 2189/1/1 2188/1/1
f 2191/1/1 2189/1/1 2190/1/1
f 2194/17/1 2193/17/1 2192/17/1
f 2195/17/1 2193/17/1 2194/17/1
f 2197/1/1 2196/1/1 2195/1/1
f 2198/1/1 2196/1/1 2197/1/1
f 2201/17/1 2200/17/1 2199/17/1
f 2202/17/1 2200/17/1 2201/17/1
f 2205/1/1 2204/1/1 2203/1/1
f 2206/1/1 2204/1/1 2205/1/1
f 2209/1/1 2208/1/1 2207/1/1
f 2210/1/1 2208/1/1 2209/1/1
f 2213/1/1 2212/1/1 2211/1/1
f 2214/1/1 2212/1/1 2213/1/1
f 2217/1/1 2216/1/1 2215/1/1
f 2218/1/1 2216/1/1 2217/1/1
f 2221/1/1 2220/1/1 2219/1/1
f 2222/1/1 2220/1/1 2221/1/1
f 2225/1/1 2224/1/1 2223/1/1
f 2226/1/1 2224/1/1 2225/1/1
f 2231/1/1 2228/1/1 2227/1/1
f 2232/1/1 2228/1/1 2231/1/1
f 2233/1/1 2230/1/1 2229/1/1
f 2234/1/1 2230/1/1 2233/1/1
f 2237/1/1 2236/1/1 2235/1/1
f 2238/1/1 2236/1/1 2237/1/1
f 2241/1/1 2240/1/1 2239/1/1
f 2242/1/1 2240/1/1 2241/1/1
f 2245/17/1 2244/17/1 2243/17/1
f 2246/17/1 2244/17/1 2245/17/1
f 2249/1/1 2248/1/1 2247/1/1
f 2250/1/1 2248/1/1 2249/1/1
f 2253/1/1 2252/1/1 2251/1/1
f 2254/1/1 2252/1/1 2253/1/1
f 2257/1/1 2256/1/1 2255/1/1
f 2258/1/1 2256/1/1 2257/1/1
f 2261/19/1 2260/19/1 2259/19/1
f 2262/19/1 2260/19/1 2261/19/1
f 2264/1/1 2263/1/1 2262/1/1
f 2265/1/1 2263/1/1 2264/1/1
f 2268/1/1 2267/1/1 2266/1/1
f 2269/1/1 2267/1/1 2268/1/1
f 2272/1/1 2271/1/1 2270/1/1
f 2273/1/1 2271/1/1 2272/1/1
f 2277/19/1 2275/19/1 2274/19/1
f 2278/1/1 2276/1/1 2275/1/1
f 2278/19/1 2275/19/1 2277/19/1
f 2279/1/1 2276/1/1 2278/1/1
f 2282/17/1 2281/17/1 2280/17/1
f 2283/17/1 2281/17/1 2282/17/1
f 2286/1/1 2285/1/1 2284/1/1
f 2287/1/1 2285/1/1 2286/1/1
f 2290/1/1 2289/1/1 2288/1/1
f 2291/1/1 2289/1/1 2290/1/1
f 2294/5/1 2293/5/1 2292/5/1
f 2295/5/1 2293/5/1 2294/5/1
f 2297/5/1 2296/5/1 2295/5/1
f 2298/5/1 2296/5/1 2297/5/1
f 2301/1/1 2300/1/1 2299/1/1
f 2302/1/1 2300/1/1 2301/1/1
f 2305/17/1 2304/17/1 2303/17/1
f 2306/17/1 2304/17/1 2305/17/1
f 2310/5/1 2309/5/1 2308/5/1
f 2312/1/1 2307/1/1 2306/1/1
f 2313/1/1 2307/1/1 2312/1/1
f 2314/5/1 2311/5/1 2310/5/1
f 2314/5/1 2310/5/1 2308/5/1
f 2315/5/1 2311/5/1 2314/5/1
f 2316/6/1 2315/6/1 2314/6/1
f 2317/6/1 2315/6/1 2316/6/1
f 2320/5/1 2319/5/1 2318/5/1
f 2321/5/1 2319/5/1 2320/5/1
f 2324/1/1 2323/1/1 2322/1/1
f 2325/1/1 2323/1/1 2324/1/1
f 2329/6/1 2327/6/1 2326/6/1
f 2330/5/1 2328/5/1 2327/5/1
f 2330/6/1 2327/6/1 2329/6/1
f 2331/5/1 2328/5/1 2330/5/1
f 2332/5/1 2328/5/1 2331/5/1
f 2335/1/1 2334/1/1 2333/1/1
f 2336/1/1 2334/1/1 2335/1/1
f 2339/1/1 2338/1/1 2337/1/1
f 2340/1/1 2338/1/1 2339/1/1
f 2343/1/1 2342/1/1 2341/1/1
f 2344/1/1 2342/1/1 2343/1/1
f 2347/17/1 2346/17/1 2345/17/1
f 2348/17/1 2346/17/1 2347/17/1
f 2349/17/1 2346/17/1 2348/17/1
f 2350/4/1 2348/4/1 2347/4/1
f 2351/4/1 2348/4/1 2350/4/1
f 2352/4/1 2348/4/1 2351/4/1
f 2354/4/1 2352/4/1 2351/4/1
f 2354/4/1 2353/4/1 2352/4/1
f 2355/4/1 2353/4/1 2354/4/1
f 2356/4/1 2353/4/1 2355/4/1
f 2360/2/1 2358/2/1 2357/2/1
f 2360/2/1 2359/2/1 2358/2/1
f 2361/2/1 2359/2/1 2360/2/1
f 2364/1/1 2363/1/1 2362/1/1
f 2365/1/1 2363/1/1 2364/1/1
f 2368/17/1 2367/17/1 2366/17/1
f 2369/17/1 2367/17/1 2368/17/1
f 2370/17/1 2367/17/1 2369/17/1
f 2371/4/1 2369/4/1 2368/4/1
f 2372/4/1 2369/4/1 2371/4/1
f 2375/4/1 2369/4/1 2372/4/1
f 2376/4/1 2369/4/1 2375/4/1
f 2378/5/1 2374/5/1 2373/5/1
f 2379/5/1 2374/5/1 2378/5/1
f 2380/4/1 2377/4/1 2376/4/1
f 2381/4/1 2377/4/1 2380/4/1
f 2386/6/1 2383/6/1 2382/6/1
f 2387/6/1 2383/6/1 2386/6/1
f 2388/1/1 2385/1/1 2384/1/1
f 2389/1/1 2385/1/1 2388/1/1
f 2392/17/1 2391/17/1 2390/17/1
f 2393/17/1 2391/17/1 2392/17/1
f 2394/17/1 2391/17/1 2393/17/1
f 2396/4/1 2393/4/1 2392/4/1
f 2397/4/1 2393/4/1 2396/4/1
f 2398/4/1 2393/4/1 2397/4/1
f 2401/5/1 2396/5/1 2395/5/1
f 2402/4/1 2397/4/1 2396/4/1
f 2402/5/1 2396/5/1 2401/5/1
f 2403/4/1 2397/4/1 2402/4/1
f 2404/4/1 2400/4/1 2399/4/1
f 2405/4/1 2400/4/1 2404/4/1
f 2406/2/1 2402/2/1 2401/2/1
f 2407/5/1 2403/5/1 2402/5/1
f 2407/2/1 2402/2/1 2406/2/1
f 2407/5/1 2404/5/1 2403/5/1
f 2408/5/1 2404/5/1 2407/5/1
f 2409/5/1 2404/5/1 2408/5/1
f 2410/2/1 2408/2/1 2407/2/1
f 2411/2/1 2408/2/1 2410/2/1
f 2414/1/1 2413/1/1 2412/1/1
f 2415/1/1 2413/1/1 2414/1/1
f 2418/17/1 2417/17/1 2416/17/1
f 2419/17/1 2417/17/1 2418/17/1
f 2420/17/1 2417/17/1 2419/17/1
f 2421/4/1 2419/4/1 2418/4/1
f 2422/4/1 2419/4/1 2421/4/1
f 2425/4/1 2421/4/1 2418/4/1
f 2426/4/1 2421/4/1 2425/4/1
f 2428/4/1 2424/4/1 2423/4/1
f 2429/4/1 2424/4/1 2428/4/1
f 2431/5/1 2427/5/1 2426/5/1
f 2431/5/1 2426/5/1 2425/5/1
f 2432/5/1 2427/5/1 2431/5/1
f 2433/5/1 2427/5/1 2432/5/1
f 2434/6/1 2431/6/1 2430/6/1
f 2434/6/1 2432/6/1 2431/6/1
f 2435/5/1 2433/5/1 2432/5/1
f 2435/6/1 2432/6/1 2434/6/1
f 2436/5/1 2433/5/1 2435/5/1
f 2439/17/1 2438/17/1 2437/17/1
f 2440/17/1 2438/17/1 2439/17/1
f 2443/17/1 2442/17/1 2441/17/1
f 2444/17/1 2442/17/1 2443/17/1
f 2445/17/1 2442/17/1 2444/17/1
f 2446/17/1 2442/17/1 2445/17/1
f 2447/17/1 2442/17/1 2446/17/1
f 2449/17/1 2448/17/1 2447/17/1
f 2449/17/1 2447/17/1 2446/17/1
f 2450/17/1 2448/17/1 2449/17/1
f 2453/17/1 2452/17/1 2451/17/1
f 2454/17/1 2453/17/1 2451/17/1
f 2455/17/1 2453/17/1 2454/17/1
f 2458/1/1 2457/1/1 2456/1/1
f 2459/1/1 2457/1/1 2458/1/1
f 2462/17/1 2461/17/1 2460/17/1
f 2463/17/1 2461/17/1 2462/17/1
f 2466/1/1 2465/1/1 2464/1/1
f 2467/1/1 2465/1/1 2466/1/1
f 2470/17/1 2469/17/1 2468/17/1
f 2471/17/1 2469/17/1 2470/17/1
f 2474/6/1 2473/6/1 2472/6/1
f 2475/6/1 2473/6/1 2474/6/1
f 2478/1/1 2477/1/1 2476/1/1
f 2479/1/1 2477/1/1 2478/1/1
f 2482/1/1 2481/1/1 2480/1/1
f 2483/1/1 2481/1/1 2482/1/1
f 2486/17/1 2485/17/1 2484/17/1
f 2487/17/1 2485/17/1 2486/17/1
f 2490/1/1 2489/1/1 2488/1/1
f 2491/1/1 2489/1/1 2490/1/1
f 2494/17/1 2493/17/1 2492/17/1
f 2495/17/1 2493/17/1 2494/17/1
f 2498/17/1 2497/17/1 2496/17/1
f 2499/17/1 2497/17/1 2498/17/1
f 2502/1/1 2501/1/1 2500/1/1
f 2503/1/1 2501/1/1 2502/1/1
f 2506/1/1 2505/1/1 2504/1/1
f 2507/1/1 2505/1/1 2506/1/1
f 2510/1/1 2509/1/1 2508/1/1
f 2511/1/1 2509/1/1 2510/1/1
f 2514/1/1 2513/1/1 2512/1/1
f 2515/1/1 2513/1/1 2514/1/1
f 2518/1/1 2517/1/1 2516/1/1
f 2519/1/1 2517/1/1 2518/1/1
f 2522/1/1 2521/1/1 2520/1/1
f 2523/1/1 2521/1/1 2522/1/1
f 2526/17/1 2525/17/1 2524/17/1
f 2527/17/1 2525/17/1 2526/17/1
f 2530/1/1 2529/1/1 2528/1/1
f 2531/1/1 2529/1/1 2530/1/1
f 2534/1/1 2533/1/1 2532/1/1
f 2535/1/1 2533/1/1 2534/1/1
f 2538/1/1 2537/1/1 2536/1/1
f 2539/1/1 2537/1/1 2538/1/1
f 2542/1/1 2541/1/1 2540/1/1
f 2543/1/1 2541/1/1 2542/1/1
f 2547/17/1 2545/17/1 2544/17/1
f 2548/17/1 2545/17/1 2547/17/1
f 2549/1/1 2547/1/1 2546/1/1
f 2550/1/1 2547/1/1 2549/1/1
f 2553/5/1 2552/5/1 2551/5/1
f 2554/5/1 2552/5/1 2553/5/1
f 2556/5/1 2555/5/1 2554/5/1
f 2557/5/1 2555/5/1 2556/5/1
f 2560/8/1 2559/8/1 2558/8/1
f 2561/8/1 2559/8/1 2560/8/1
f 2564/1/1 2563/1/1 2562/1/1
f 2565/1/1 2563/1/1 2564/1/1
f 2568/1/1 2567/1/1 2566/1/1
f 2569/1/1 2567/1/1 2568/1/1
f 2572/1/1 2571/1/1 2570/1/1
f 2573/1/1 2571/1/1 2572/1/1
f 2576/4/1 2575/4/1 2574/4/1
f 2577/4/1 2575/4/1 2576/4/1
f 2580/1/1 2579/1/1 2578/1/1
f 2581/1/1 2579/1/1 2580/1/1
f 2584/1/1 2583/1/1 2582/1/1
f 2585/1/1 2583/1/1 2584/1/1
f 2588/4/1 2587/4/1 2586/4/1
f 2589/4/1 2587/4/1 2588/4/1
f 2592/1/1 2591/1/1 2590/1/1
f 2593/1/1 2591/1/1 2592/1/1
f 2597/4/1 2595/4/1 2594/4/1
f 2598/4/1 2595/4/1 2597/4/1
f 2599/5/1 2597/5/1 2596/5/1
f 2600/5/1 2597/5/1 2599/5/1
f 2602/2/1 2600/2/1 2599/2/1
f 2603/5/1 2601/5/1 2600/5/1
f 2603/2/1 2600/2/1 2602/2/1
f 2604/5/1 2601/5/1 2603/5/1
f 2605/5/1 2601/5/1 2604/5/1
f 2606/2/1 2604/2/1 2603/2/1
f 2607/2/1 2604/2/1 2606/2/1
f 2610/1/1 2609/1/1 2608/1/1
f 2611/1/1 2609/1/1 2610/1/1
f 2613/17/1 2612/17/1 2611/17/1
f 2614/17/1 2612/17/1 2613/17/1
f 2617/4/1 2616/4/1 2615/4/1
f 2618/4/1 2616/4/1 2617/4/1
f 2621/5/1 2620/5/1 2619/5/1
f 2622/5/1 2620/5/1 2621/5/1
f 2626/8/1 2624/8/1 2623/8/1
f 2627/10/1 2625/10/1 2624/10/1
f 2627/8/1 2624/8/1 2626/8/1
f 2628/10/1 2625/10/1 2627/10/1
f 2631/1/1 2630/1/1 2629/1/1
f 2632/1/1 2630/1/1 2631/1/1
f 2635/1/1 2634/1/1 2633/1/1
f 2636/1/1 2634/1/1 2635/1/1
f 2639/1/1 2638/1/1 2637/1/1
f 2640/1/1 2638/1/1 2639/1/1
f 2643/6/1 2642/6/1 2641/6/1
f 2644/6/1 2642/6/1 2643/6/1
f 2647/1/1 2646/1/1 2645/1/1
f 2648/1/1 2646/1/1 2647/1/1
f 2651/6/1 2650/6/1 2649/6/1
f 2652/6/1 2650/6/1 2651/6/1
f 2655/9/1 2654/9/1 2653/9/1
f 2656/9/1 2654/9/1 2655/9/1
f 2659/10/1 2658/10/1 2657/10/1
f 2660/10/1 2658/10/1 2659/10/1
f 2661/8/1 2660/8/1 2659/8/1
f 2662/8/1 2660/8/1 2661/8/1
f 2665/1/1 2664/1/1 2663/1/1
f 2666/1/1 2664/1/1 2665/1/1
f 2669/1/1 2668/1/1 2667/1/1
f 2670/1/1 2668/1/1 2669/1/1
f 2675/1/1 2672/1/1 2671/1/1
f 2676/1/1 2672/1/1 2675/1/1
f 2677/5/1 2674/5/1 2673/5/1
f 2678/5/1 2674/5/1 2677/5/1
f 2679/5/1 2674/5/1 2678/5/1
f 2680/13/1 2678/13/1 2677/13/1
f 2681/13/1 2678/13/1 2680/13/1
f 2686/1/1 2683/1/1 2682/1/1
f 2687/1/1 2683/1/1 2686/1/1
f 2688/4/1 2685/4/1 2684/4/1
f 2689/4/1 2685/4/1 2688/4/1
f 2692/5/1 2691/5/1 2690/5/1
f 2693/5/1 2691/5/1 2692/5/1
f 2696/1/1 2695/1/1 2694/1/1
f 2697/1/1 2695/1/1 2696/1/1
f 2700/5/1 2699/5/1 2698/5/1
f 2701/5/1 2699/5/1 2700/5/1
f 2704/1/1 2703/1/1 2702/1/1
f 2705/1/1 2703/1/1 2704/1/1
f 2710/1/1 2707/1/1 2706/1/1
f 2711/1/1 2707/1/1 2710/1/1
f 2712/5/1 2709/5/1 2708/5/1
f 2713/5/1 2709/5/1 2712/5/1
f 2716/1/1 2715/1/1 2714/1/1
f 2717/1/1 2715/1/1 2716/1/1
f 2720/6/1 2719/6/1 2718/6/1
f 2721/6/1 2719/6/1 2720/6/1
f 2724/1/1 2723/1/1 2722/1/1
f 2725/1/1 2723/1/1 2724/1/1
f 2728/5/1 2727/5/1 2726/5/1
f 2729/5/1 2727/5/1 2728/5/1
f 2733/8/1 2731/8/1 2730/8/1
f 2734/10/1 2732/10/1 2731/10/1
f 2734/8/1 2731/8/1 2733/8/1
f 2735/10/1 2732/10/1 2734/10/1
f 2738/1/1 2737/1/1 2736/1/1
f 2739/1/1 2737/1/1 2738/1/1
f 2742/1/1 2741/1/1 2740/1/1
f 2743/1/1 2741/1/1 2742/1/1
f 2746/1/1 2745/1/1 2744/1/1
f 2747/1/1 2745/1/1 2746/1/1
f 2750/1/1 2749/1/1 2748/1/1
f 2751/1/1 2749/1/1 2750/1/1
f 2754/17/1 2753/17/1 2752/17/1
f 2755/17/1 2753/17/1 2754/17/1
f 2758/1/1 2757/1/1 2756/1/1
f 2759/1/1 2757/1/1 2758/1/1
f 2764/17/1 2761/17/1 2760/17/1
f 2765/17/1 2761/17/1 2764/17/1
f 2766/4/1 2763/4/1 2762/4/1
f 2767/4/1 2763/4/1 2766/4/1
f 2770/4/1 2769/4/1 2768/4/1
f 2771/4/1 2769/4/1 2770/4/1
f 2772/4/1 2770/4/1 2768/4/1
f 2773/4/1 2770/4/1 2772/4/1
f 2777/4/1 2775/4/1 2774/4/1
f 2778/4/1 2775/4/1 2777/4/1
f 2779/5/1 2777/5/1 2776/5/1
f 2780/5/1 2777/5/1 2779/5/1
f 2782/5/1 2781/5/1 2780/5/1
f 2783/5/1 2781/5/1 2782/5/1
f 2786/1/1 2785/1/1 2784/1/1
f 2787/1/1 2785/1/1 2786/1/1
f 2791/4/1 2789/4/1 2788/4/1
f 2792/4/1 2789/4/1 2791/4/1
f 2793/5/1 2791/5/1 2790/5/1
f 2794/5/1 2791/5/1 2793/5/1
f 2796/5/1 2795/5/1 2794/5/1
f 2797/5/1 2795/5/1 2796/5/1
f 2800/9/1 2799/9/1 2798/9/1
f 2801/9/1 2799/9/1 2800/9/1
f 2804/8/1 2803/8/1 2802/8/1
f 2805/8/1 2803/8/1 2804/8/1
f 2808/1/1 2807/1/1 2806/1/1
f 2809/1/1 2807/1/1 2808/1/1
f 2815/5/1 2813/5/1 2812/5/1
f 2816/5/1 2813/5/1 2815/5/1
f 2817/1/1 2811/1/1 2810/1/1
f 2818/1/1 2811/1/1 2817/1/1
f 2819/2/1 2815/2/1 2814/2/1
f 2820/2/1 2815/2/1 2819/2/1
f 2823/1/1 2822/1/1 2821/1/1
f 2824/1/1 2822/1/1 2823/1/1
f 2829/5/1 2826/5/1 2825/5/1
f 2830/5/1 2826/5/1 2829/5/1
f 2831/5/1 2828/5/1 2827/5/1
f 2832/5/1 2828/5/1 2831/5/1
f 2833/2/1 2830/2/1 2829/2/1
f 2834/2/1 2830/2/1 2833/2/1
f 2835/2/1 2832/2/1 2831/2/1
f 2836/2/1 2832/2/1 2835/2/1
f 2839/1/1 2838/1/1 2837/1/1
f 2840/1/1 2838/1/1 2839/1/1
f 2843/5/1 2842/5/1 2841/5/1
f 2844/5/1 2842/5/1 2843/5/1
f 2847/1/1 2846/1/1 2845/1/1
f 2848/1/1 2846/1/1 2847/1/1
f 2851/1/1 2850/1/1 2849/1/1
f 2852/1/1 2850/1/1 2851/1/1
f 2855/17/1 2854/17/1 2853/17/1
f 2857/17/1 2855/17/1 2853/17/1
f 2857/17/1 2856/17/1 2855/17/1
f 2858/17/1 2856/17/1 2857/17/1
f 2859/17/1 2856/17/1 2858/17/1
f 2861/17/1 2860/17/1 2859/17/1
f 2861/17/1 2859/17/1 2858/17/1
f 2862/17/1 2860/17/1 2861/17/1
f 2863/17/1 2860/17/1 2862/17/1
f 2865/17/1 2864/17/1 2863/17/1
f 2865/17/1 2863/17/1 2862/17/1
f 2866/17/1 2864/17/1 2865/17/1
f 2867/17/1 2864/17/1 2866/17/1
f 2868/17/1 2864/17/1 2867/17/1
f 2869/8/1 2867/8/1 2866/8/1
f 2870/8/1 2867/8/1 2869/8/1
f 2873/1/1 2872/1/1 2871/1/1
f 2874/1/1 2872/1/1 2873/1/1
f 2875/17/1 2864/17/1 2868/17/1
f 2876/17/1 2864/17/1 2875/17/1
f 2877/9/1 2876/9/1 2875/9/1
f 2878/17/1 2864/17/1 2876/17/1
f 2878/9/1 2876/9/1 2877/9/1
f 2879/14/1 2878/14/1 2877/14/1
f 2880/17/1 2864/17/1 2878/17/1
f 2880/14/1 2878/14/1 2879/14/1
f 2881/17/1 2880/17/1 2879/17/1
f 2882/17/1 2864/17/1 2880/17/1
f 2882/17/1 2880/17/1 2881/17/1
f 2885/17/1 2884/17/1 2883/17/1
f 2886/17/1 2884/17/1 2885/17/1
f 2891/5/1 2890/5/1 2889/5/1
f 2892/5/1 2890/5/1 2891/5/1
f 2893/17/1 2888/17/1 2887/17/1
f 2894/17/1 2888/17/1 2893/17/1
f 2899/17/1 2896/17/1 2895/17/1
f 2900/17/1 2896/17/1 2899/17/1
f 2901/17/1 2898/17/1 2897/17/1
f 2902/17/1 2898/17/1 2901/17/1
f 2905/17/1 2904/17/1 2903/17/1
f 2906/17/1 2904/17/1 2905/17/1
f 2909/1/1 2908/1/1 2907/1/1
f 2910/1/1 2908/1/1 2909/1/1
f 2913/4/1 2912/4/1 2911/4/1
f 2914/4/1 2912/4/1 2913/4/1
f 2918/4/1 2915/4/1 2914/4/1
f 2919/4/1 2915/4/1 2918/4/1
f 2920/5/1 2917/5/1 2916/5/1
f 2920/5/1 2918/5/1 2917/5/1
f 2921/5/1 2918/5/1 2920/5/1
f 2922/5/1 2918/5/1 2921/5/1
f 2923/6/1 2922/6/1 2921/6/1
f 2924/6/1 2922/6/1 2923/6/1
f 2928/4/1 2926/4/1 2925/4/1
f 2929/4/1 2926/4/1 2928/4/1
f 2931/5/1 2928/5/1 2927/5/1
f 2932/5/1 2928/5/1 2931/5/1
f 2934/4/1 2930/4/1 2929/4/1
f 2935/4/1 2930/4/1 2934/4/1
f 2936/4/1 2930/4/1 2935/4/1
f 2937/2/1 2932/2/1 2931/2/1
f 2938/2/1 2932/2/1 2937/2/1
f 2939/2/1 2934/2/1 2933/2/1
f 2940/5/1 2935/5/1 2934/5/1
f 2940/2/1 2934/2/1 2939/2/1
f 2941/5/1 2935/5/1 2940/5/1
f 2944/4/1 2943/4/1 2942/4/1
f 2945/4/1 2943/4/1 2944/4/1
f 2949/4/1 2946/4/1 2945/4/1
f 2950/4/1 2946/4/1 2949/4/1
f 2951/4/1 2946/4/1 2950/4/1
f 2952/5/1 2948/5/1 2947/5/1
f 2952/5/1 2949/5/1 2948/5/1
f 2952/5/1 2950/5/1 2949/5/1
f 2953/5/1 2950/5/1 2952/5/1
f 2954/5/1 2950/5/1 2953/5/1
f 2955/6/1 2953/6/1 2952/6/1
f 2956/6/1 2953/6/1 2955/6/1
f 2959/17/1 2958/17/1 2957/17/1
f 2960/17/1 2958/17/1 2959/17/1
f 2963/4/1 2962/4/1 2961/4/1
f 2964/4/1 2962/4/1 2963/4/1
f 2966/4/1 2965/4/1 2964/4/1
f 2967/4/1 2965/4/1 2966/4/1
f 2968/4/1 2965/4/1 2967/4/1
f 2969/5/1 2967/5/1 2966/5/1
f 2970/5/1 2967/5/1 2969/5/1
f 2973/17/1 2972/17/1 2971/17/1
f 2974/17/1 2972/17/1 2973/17/1
f 2977/1/1 2976/1/1 2975/1/1
f 2978/1/1 2976/1/1 2977/1/1
f 2981/5/1 2980/5/1 2979/5/1
f 2982/5/1 2980/5/1 2981/5/1
f 2985/2/1 2984/2/1 2983/2/1
f 2986/2/1 2984/2/1 2985/2/1
f 2989/5/1 2988/5/1 2987/5/1
f 2990/5/1 2988/5/1 2989/5/1
f 2993/6/1 2992/6/1 2991/6/1
f 2994/6/1 2992/6/1 2993/6/1
f 2999/5/1 2996/5/1 2995/5/1
f 3000/5/1 2996/5/1 2999/5/1
f 3001/5/1 2996/5/1 3000/5/1
f 3002/5/1 2998/5/1 2997/5/1
f 3003/5/1 2998/5/1 3002/5/1
f 3004/2/1 3000/2/1 2999/2/1
f 3005/2/1 3000/2/1 3004/2/1
f 3008/1/1 3007/1/1 3006/1/1
f 3009/1/1 3007/1/1 3008/1/1
f 3012/18/1 3011/18/1 3010/18/1
f 3013/18/1 3011/18/1 3012/18/1
f 3015/1/1 3014/1/1 3013/1/1
f 3016/1/1 3014/1/1 3015/1/1
f 3019/1/1 3018/1/1 3017/1/1
f 3020/1/1 3018/1/1 3019/1/1
f 3023/17/1 3022/17/1 3021/17/1
f 3024/17/1 3022/17/1 3023/17/1
f 3027/1/1 3026/1/1 3025/1/1
f 3028/1/1 3026/1/1 3027/1/1
f 3031/1/1 3030/1/1 3029/1/1
f 3032/1/1 3030/1/1 3031/1/1
f 3035/1/1 3034/1/1 3033/1/1
f 3036/1/1 3034/1/1 3035/1/1
f 3038/17/1 3037/17/1 3036/17/1
f 3039/17/1 3037/17/1 3038/17/1
f 3042/1/1 3041/1/1 3040/1/1
f 3043/1/1 3041/1/1 3042/1/1
f 3046/1/1 3045/1/1 3044/1/1
f 3047/1/1 3045/1/1 3046/1/1
f 3050/17/1 3049/17/1 3048/17/1
f 3051/17/1 3049/17/1 3050/17/1
f 3054/1/1 3053/1/1 3052/1/1
f 3055/1/1 3053/1/1 3054/1/1
f 3058/1/1 3057/1/1 3056/1/1
f 3059/1/1 3057/1/1 3058/1/1
f 3062/1/1 3061/1/1 3060/1/1
f 3063/1/1 3061/1/1 3062/1/1
f 3066/17/1 3065/17/1 3064/17/1
f 3067/17/1 3065/17/1 3066/17/1
f 3070/11/1 3069/11/1 3068/11/1
f 3071/11/1 3069/11/1 3070/11/1
f 3074/1/1 3073/1/1 3072/1/1
f 3075/1/1 3073/1/1 3074/1/1
f 3078/1/1 3077/1/1 3076/1/1
f 3079/1/1 3077/1/1 3078/1/1
f 3082/1/1 3081/1/1 3080/1/1
f 3083/1/1 3081/1/1 3082/1/1
f 3086/1/1 3085/1/1 3084/1/1
f 3087/1/1 3085/1/1 3086/1/1
f 3090/1/1 3089/1/1 3088/1/1
f 3091/1/1 3089/1/1 3090/1/1
f 3094/1/1 3093/1/1 3092/1/1
f 3095/1/1 3093/1/1 3094/1/1
f 3098/1/1 3097/1/1 3096/1/1
f 3099/1/1 3097/1/1 3098/1/1
f 3102/1/1 3101/1/1 3100/1/1
f 3103/1/1 3101/1/1 3102/1/1
f 3108/11/1 3105/11/1 3104/11/1
f 3109/11/1 3105/11/1 3108/11/1
f 3110/1/1 3107/1/1 3106/1/1
f 3111/1/1 3107/1/1 3110/1/1
f 3114/1/1 3113/1/1 3112/1/1
f 3115/1/1 3113/1/1 3114/1/1
f 3118/1/1 3117/1/1 3116/1/1
f 3119/1/1 3117/1/1 3118/1/1
f 3122/1/1 3121/1/1 3120/1/1
f 3123/1/1 3121/1/1 3122/1/1
f 3126/1/1 3125/1/1 3124/1/1
f 3127/1/1 3125/1/1 3126/1/1
f 3130/4/1 3129/4/1 3128/4/1
f 3131/4/1 3129/4/1 3130/4/1
f 3136/11/1 3133/11/1 3132/11/1
f 3137/11/1 3133/11/1 3136/11/1
f 3138/1/1 3135/1/1 3134/1/1
f 3139/1/1 3135/1/1 3138/1/1
f 3142/1/1 3141/1/1 3140/1/1
f 3143/1/1 3141/1/1 3142/1/1
f 3146/1/1 3145/1/1 3144/1/1
f 3147/1/1 3145/1/1 3146/1/1
f 3150/1/1 3149/1/1 3148/1/1
f 3151/1/1 3149/1/1 3150/1/1
f 3154/1/1 3153/1/1 3152/1/1
f 3155/1/1 3153/1/1 3154/1/1
f 3158/1/1 3157/1/1 3156/1/1
f 3159/1/1 3157/1/1 3158/1/1
f 3162/1/1 3161/1/1 3160/1/1
f 3163/1/1 3161/1/1 3162/1/1
f 3166/1/1 3165/1/1 3164/1/1
f 3167/1/1 3165/1/1 3166/1/1
f 3170/1/1 3169/1/1 3168/1/1
f 3171/1/1 3169/1/1 3170/1/1
f 3174/1/1 3173/1/1 3172/1/1
f 3175/1/1 3173/1/1 3174/1/1
f 3178/1/1 3177/1/1 3176/1/1
f 3179/1/1 3177/1/1 3178/1/1
f 3184/1/1 3181/1/1 3180/1/1
f 3185/1/1 3181/1/1 3184/1/1
f 3186/1/1 3183/1/1 3182/1/1
f 3187/1/1 3183/1/1 3186/1/1
f 3190/1/1 3189/1/1 3188/1/1
f 3191/1/1 3189/1/1 3190/1/1
f 3194/1/1 3193/1/1 3192/1/1
f 3195/1/1 3193/1/1 3194/1/1
f 3198/1/1 3197/1/1 3196/1/1
f 3199/1/1 3197/1/1 3198/1/1
f 3202/1/1 3201/1/1 3200/1/1
f 3203/1/1 3201/1/1 3202/1/1
f 3206/1/1 3205/1/1 3204/1/1
f 3207/1/1 3205/1/1 3206/1/1
f 3210/1/1 3209/1/1 3208/1/1
f 3211/1/1 3209/1/1 3210/1/1
f 3214/1/1 3213/1/1 3212/1/1
f 3215/1/1 3213/1/1 3214/1/1
f 3218/1/1 3217/1/1 3216/1/1
f 3219/1/1 3217/1/1 3218/1/1
f 3224/1/1 3221/1/1 3220/1/1
f 3225/1/1 3221/1/1 3224/1/1
f 3226/1/1 3223/1/1 3222/1/1
f 3227/1/1 3223/1/1 3226/1/1
f 3230/1/1 3229/1/1 3228/1/1
f 3231/1/1 3229/1/1 3230/1/1
f 3234/17/1 3233/17/1 3232/17/1
f 3235/17/1 3233/17/1 3234/17/1
f 3238/1/1 3237/1/1 3236/1/1
f 3239/1/1 3237/1/1 3238/1/1
f 3242/17/1 3241/17/1 3240/17/1
f 3243/17/1 3241/17/1 3242/17/1
f 3246/1/1 3245/1/1 3244/1/1
f 3247/1/1 3245/1/1 3246/1/1
f 3250/17/1 3249/17/1 3248/17/1
f 3251/17/1 3249/17/1 3250/17/1
f 3254/1/1 3253/1/1 3252/1/1
f 3255/1/1 3253/1/1 3254/1/1
f 3258/1/1 3257/1/1 3256/1/1
f 3259/1/1 3257/1/1 3258/1/1
f 3262/17/1 3261/17/1 3260/17/1
f 3263/17/1 3261/17/1 3262/17/1
f 3266/1/1 3265/1/1 3264/1/1
f 3267/1/1 3265/1/1 3266/1/1
f 3270/17/1 3269/17/1 3268/17/1
f 3271/17/1 3269/17/1 3270/17/1
f 3274/17/1 3273/17/1 3272/17/1
f 3275/17/1 3273/17/1 3274/17/1
f 3278/1/1 3277/1/1 3276/1/1
f 3279/1/1 3277/1/1 3278/1/1
f 3282/1/1 3281/1/1 3280/1/1
f 3283/1/1 3281/1/1 3282/1/1
f 3286/1/1 3285/1/1 3284/1/1
f 3287/1/1 3285/1/1 3286/1/1
f 3290/1/1 3289/1/1 3288/1/1
f 3291/1/1 3289/1/1 3290/1/1
f 3294/1/1 3293/1/1 3292/1/1
f 3295/1/1 3293/1/1 3294/1/1
f 3298/17/1 3297/17/1 3296/17/1
f 3299/17/1 3297/17/1 3298/17/1
f 3302/1/1 3301/1/1 3300/1/1
f 3303/1/1 3301/1/1 3302/1/1
f 3306/1/1 3305/1/1 3304/1/1
f 3307/1/1 3305/1/1 3306/1/1
f 3310/1/1 3309/1/1 3308/1/1
f 3311/1/1 3309/1/1 3310/1/1
f 3314/1/1 3313/1/1 3312/1/1
f 3315/1/1 3313/1/1 3314/1/1
f 3318/1/1 3317/1/1 3316/1/1
f 3319/1/1 3317/1/1 3318/1/1
f 3322/15/1 3321/15/1 3320/15/1
f 3323/15/1 3321/15/1 3322/15/1
f 3326/15/1 3325/15/1 3324/15/1
f 3327/15/1 3325/15/1 3326/15/1
f 3330/1/1 3329/1/1 3328/1/1
f 3331/1/1 3329/1/1 3330/1/1
f 3334/1/1 3333/1/1 3332/1/1
f 3335/1/1 3333/1/1 3334/1/1
f 3338/15/1 3337/15/1 3336/15/1
f 3339/15/1 3337/15/1 3338/15/1
f 3342/1/1 3341/1/1 3340/1/1
f 3343/1/1 3341/1/1 3342/1/1
f 3346/1/1 3345/1/1 3344/1/1
f 3347/1/1 3345/1/1 3346/1/1
f 3350/1/1 3349/1/1 3348/1/1
f 3351/1/1 3349/1/1 3350/1/1
f 3354/1/1 3353/1/1 3352/1/1
f 3355/1/1 3353/1/1 3354/1/1
f 3358/17/1 3357/17/1 3356/17/1
f 3359/17/1 3357/17/1 3358/17/1
f 3363/18/1 3361/18/1 3360/18/1
f 3364/18/1 3361/18/1 3363/18/1
f 3365/1/1 3363/1/1 3362/1/1
f 3366/1/1 3363/1/1 3365/1/1
f 3369/1/1 3368/1/1 3367/1/1
f 3370/1/1 3368/1/1 3369/1/1
f 3373/1/1 3372/1/1 3371/1/1
f 3374/1/1 3372/1/1 3373/1/1
f 3377/1/1 3376/1/1 3375/1/1
f 3378/1/1 3376/1/1 3377/1/1
f 3381/1/1 3380/1/1 3379/1/1
f 3382/1/1 3380/1/1 3381/1/1
f 3385/1/1 3384/1/1 3383/1/1
f 3386/1/1 3384/1/1 3385/1/1
f 3389/1/1 3388/1/1 3387/1/1
f 3390/1/1 3388/1/1 3389/1/1
f 3393/1/1 3392/1/1 3391/1/1
f 3394/1/1 3392/1/1 3393/1/1
f 3397/1/1 3396/1/1 3395/1/1
f 3398/1/1 3396/1/1 3397/1/1
f 3401/1/1 3400/1/1 3399/1/1
f 3402/1/1 3400/1/1 3401/1/1
f 3405/1/1 3404/1/1 3403/1/1
f 3406/1/1 3404/1/1 3405/1/1
f 3409/1/1 3408/1/1 3407/1/1
f 3410/1/1 3408/1/1 3409/1/1
f 3413/1/1 3412/1/1 3411/1/1
f 3414/1/1 3412/1/1 3413/1/1
f 3417/1/1 3416/1/1 3415/1/1
f 3418/1/1 3416/1/1 3417/1/1
f 3421/1/1 3420/1/1 3419/1/1
f 3422/1/1 3420/1/1 3421/1/1
f 3425/1/1 3424/1/1 3423/1/1
f 3426/1/1 3424/1/1 3425/1/1
f 3429/1/1 3428/1/1 3427/1/1
f 3430/1/1 3428/1/1 3429/1/1
f 3433/1/1 3432/1/1 3431/1/1
f 3434/1/1 3432/1/1 3433/1/1
f 3437/1/1 3436/1/1 3435/1/1
f 3438/1/1 3436/1/1 3437/1/1
f 3441/1/1 3440/1/1 3439/1/1
f 3442/1/1 3440/1/1 3441/1/1
f 3445/1/1 3444/1/1 3443/1/1
f 3446/1/1 3444/1/1 3445/1/1
f 3449/1/1 3448/1/1 3447/1/1
f 3450/1/1 3448/1/1 3449/1/1
f 3453/1/1 3452/1/1 3451/1/1
f 3454/1/1 3452/1/1 3453/1/1
f 3457/1/1 3456/1/1 3455/1/1
f 3458/1/1 3456/1/1 3457/1/1
f 3462/19/1 3460/19/1 3459/19/1
f 3463/1/1 3461/1/1 3460/1/1
f 3463/19/1 3460/19/1 3462/19/1
f 3464/1/1 3461/1/1 3463/1/1
f 3467/1/1 3466/1/1 3465/1/1
f 3468/1/1 3466/1/1 3467/1/1
f 3471/1/1 3470/1/1 3469/1/1
f 3472/1/1 3470/1/1 3471/1/1
f 3475/1/1 3474/1/1 3473/1/1
f 3476/1/1 3474/1/1 3475/1/1
f 3479/1/1 3478/1/1 3477/1/1
f 3480/1/1 3478/1/1 3479/1/1
f 3483/1/1 3482/1/1 3481/1/1
f 3484/1/1 3482/1/1 3483/1/1
f 3487/1/1 3486/1/1 3485/1/1
f 3488/1/1 3486/1/1 3487/1/1
f 3491/1/1 3490/1/1 3489/1/1
f 3492/1/1 3490/1/1 3491/1/1
f 3495/1/1 3494/1/1 3493/1/1
f 3496/1/1 3494/1/1 3495/1/1
f 3499/1/1 3498/1/1 3497/1/1
f 3500/1/1 3498/1/1 3499/1/1
f 3503/1/1 3502/1/1 3501/1/1
f 3504/1/1 3502/1/1 3503/1/1
f 3507/1/1 3506/1/1 3505/1/1
f 3508/1/1 3506/1/1 3507/1/1
f 3511/1/1 3510/1/1 3509/1/1
f 3512/1/1 3510/1/1 3511/1/1
f 3515/1/1 3514/1/1 3513/1/1
f 3516/1/1 3514/1/1 3515/1/1
f 3519/1/1 3518/1/1 3517/1/1
f 3520/1/1 3518/1/1 3519/1/1
f 3523/1/1 3522/1/1 3521/1/1
f 3524/1/1 3522/1/1 3523/1/1
f 3528/17/1 3526/17/1 3525/17/1
f 3529/17/1 3526/17/1 3528/17/1
f 3531/1/1 3528/1/1 3527/1/1
f 3532/19/1 3531/19/1 3530/19/1
f 3533/1/1 3528/1/1 3531/1/1
f 3533/19/1 3531/19/1 3532/19/1
f 3534/1/1 3528/1/1 3533/1/1
f 3537/1/1 3536/1/1 3535/1/1
f 3538/1/1 3536/1/1 3537/1/1
f 3541/1/1 3540/1/1 3539/1/1
f 3542/1/1 3540/1/1 3541/1/1
f 3545/1/1 3544/1/1 3543/1/1
f 3546/1/1 3544/1/1 3545/1/1
f 3549/1/1 3548/1/1 3547/1/1
f 3550/1/1 3548/1/1 3549/1/1
f 3553/1/1 3552/1/1 3551/1/1
f 3554/1/1 3552/1/1 3553/1/1
f 3557/1/1 3556/1/1 3555/1/1
f 3558/1/1 3556/1/1 3557/1/1
f 3561/1/1 3560/1/1 3559/1/1
f 3562/1/1 3560/1/1 3561/1/1
f 3565/1/1 3564/1/1 3563/1/1
f 3566/1/1 3564/1/1 3565/1/1
f 3569/1/1 3568/1/1 3567/1/1
f 3570/1/1 3568/1/1 3569/1/1
f 3573/1/1 3572/1/1 3571/1/1
f 3574/1/1 3572/1/1 3573/1/1
f 3577/1/1 3576/1/1 3575/1/1
f 3578/1/1 3576/1/1 3577/1/1
f 3581/1/1 3580/1/1 3579/1/1
f 3582/1/1 3580/1/1 3581/1/1
f 3585/1/1 3584/1/1 3583/1/1
f 3586/1/1 3584/1/1 3585/1/1
f 3589/1/1 3588/1/1 3587/1/1
f 3590/1/1 3588/1/1 3589/1/1
f 3593/1/1 3592/1/1 3591/1/1
f 3594/1/1 3592/1/1 3593/1/1
f 3599/1/1 3598/1/1 3597/1/1
f 3600/1/1 3598/1/1 3599/1/1
f 3601/1/1 3596/1/1 3595/1/1
f 3602/1/1 3596/1/1 3601/1/1
f 3607/1/1 3606/1/1 3605/1/1
f 3608/1/1 3606/1/1 3607/1/1
f 3609/1/1 3604/1/1 3603/1/1
f 3610/1/1 3604/1/1 3609/1/1
f 3613/1/1 3612/1/1 3611/1/1
f 3614/1/1 3612/1/1 3613/1/1
f 3619/1/1 3618/1/1 3617/1/1
f 3620/1/1 3618/1/1 3619/1/1
f 3621/1/1 3616/1/1 3615/1/1
f 3622/1/1 3616/1/1 3621/1/1
f 3625/1/1 3624/1/1 3623/1/1
f 3626/1/1 3624/1/1 3625/1/1
f 3631/1/1 3630/1/1 3629/1/1
f 3632/1/1 3630/1/1 3631/1/1
f 3635/1/1 3634/1/1 3633/1/1
f 3636/1/1 3634/1/1 3635/1/1
f 3637/1/1 3628/1/1 3627/1/1
f 3638/1/1 3628/1/1 3637/1/1
f 3641/1/1 3640/1/1 3639/1/1
f 3642/1/1 3640/1/1 3641/1/1
f 3645/1/1 3644/1/1 3643/1/1
f 3646/1/1 3644/1/1 3645/1/1
f 3649/1/1 3648/1/1 3647/1/1
f 3650/1/1 3648/1/1 3649/1/1
f 3653/1/1 3652/1/1 3651/1/1
f 3654/1/1 3652/1/1 3653/1/1
f 3657/1/1 3656/1/1 3655/1/1
f 3658/1/1 3656/1/1 3657/1/1
f 3663/1/1 3660/1/1 3659/1/1
f 3664/1/1 3660/1/1 3663/1/1
f 3665/1/1 3662/1/1 3661/1/1
f 3666/1/1 3662/1/1 3665/1/1
f 3670/17/1 3668/17/1 3667/17/1
f 3671/17/1 3668/17/1 3670/17/1
f 3673/1/1 3670/1/1 3669/1/1
f 3674/1/1 3673/1/1 3672/1/1
f 3675/1/1 3670/1/1 3673/1/1
f 3675/1/1 3673/1/1 3674/1/1
f 3676/1/1 3670/1/1 3675/1/1
f 3677/1/1 3670/1/1 3676/1/1
f 3680/1/1 3679/1/1 3678/1/1
f 3681/1/1 3679/1/1 3680/1/1
f 3684/17/1 3683/17/1 3682/17/1
f 3685/17/1 3683/17/1 3684/17/1
f 3690/11/1 3687/11/1 3686/11/1
f 3691/11/1 3687/11/1 3690/11/1
f 3692/1/1 3689/1/1 3688/1/1
f 3693/1/1 3689/1/1 3692/1/1
f 3696/1/1 3695/1/1 3694/1/1
f 3697/1/1 3695/1/1 3696/1/1
f 3702/1/1 3699/1/1 3698/1/1
f 3703/1/1 3699/1/1 3702/1/1
f 3704/1/1 3701/1/1 3700/1/1
f 3705/1/1 3701/1/1 3704/1/1
f 3707/17/1 3706/17/1 3705/17/1
f 3708/17/1 3706/17/1 3707/17/1
f 3711/11/1 3710/11/1 3709/11/1
f 3712/11/1 3710/11/1 3711/11/1
f 3715/17/1 3714/17/1 3713/17/1
f 3716/17/1 3714/17/1 3715/17/1
f 3718/1/1 3717/1/1 3716/1/1
f 3719/1/1 3717/1/1 3718/1/1
f 3722/1/1 3721/1/1 3720/1/1
f 3723/1/1 3721/1/1 3722/1/1
f 3726/1/1 3725/1/1 3724/1/1
f 3727/1/1 3725/1/1 3726/1/1
f 3730/17/1 3729/17/1 3728/17/1
f 3731/17/1 3729/17/1 3730/17/1
f 3733/1/1 3732/1/1 3731/1/1
f 3734/1/1 3732/1/1 3733/1/1
f 3737/1/1 3736/1/1 3735/1/1
f 3738/1/1 3736/1/1 3737/1/1
f 3741/4/1 3740/4/1 3739/4/1
f 3742/4/1 3740/4/1 3741/4/1
f 3745/11/1 3744/11/1 3743/11/1
f 3746/11/1 3744/11/1 3745/11/1
f 3749/1/1 3748/1/1 3747/1/1
f 3750/1/1 3748/1/1 3749/1/1
f 3753/1/1 3752/1/1 3751/1/1
f 3754/1/1 3752/1/1 3753/1/1
f 3757/1/1 3756/1/1 3755/1/1
f 3758/1/1 3756/1/1 3757/1/1
f 3761/17/1 3760/17/1 3759/17/1
f 3762/17/1 3760/17/1 3761/17/1
f 3765/1/1 3764/1/1 3763/1/1
f 3767/1/1 3765/1/1 3763/1/1
f 3768/19/1 3766/19/1 3765/19/1
f 3768/1/1 3765/1/1 3767/1/1
f 3769/19/1 3766/19/1 3768/19/1
f 3770/19/1 3766/19/1 3769/19/1
f 3773/1/1 3772/1/1 3771/1/1
f 3774/1/1 3772/1/1 3773/1/1
f 3777/1/1 3776/1/1 3775/1/1
f 3778/1/1 3776/1/1 3777/1/1
f 3781/1/1 3780/1/1 3779/1/1
f 3782/1/1 3780/1/1 3781/1/1
f 3785/1/1 3784/1/1 3783/1/1
f 3786/1/1 3784/1/1 3785/1/1
f 3789/19/1 3788/19/1 3787/19/1
f 3790/19/1 3788/19/1 3789/19/1
f 3793/1/1 3792/1/1 3791/1/1
f 3794/1/1 3792/1/1 3793/1/1
f 3797/1/1 3796/1/1 3795/1/1
f 3798/1/1 3796/1/1 3797/1/1
f 3802/1/1 3800/1/1 3799/1/1
f 3803/1/1 3800/1/1 3802/1/1
f 3804/17/1 3802/17/1 3801/17/1
f 3805/17/1 3802/17/1 3804/17/1
f 3808/17/1 3807/17/1 3806/17/1
f 3809/17/1 3807/17/1 3808/17/1
f 3812/17/1 3811/17/1 3810/17/1
f 3813/17/1 3811/17/1 3812/17/1
f 3816/17/1 3815/17/1 3814/17/1
f 3817/17/1 3815/17/1 3816/17/1
f 3818/17/1 3815/17/1 3817/17/1
f 3821/17/1 3820/17/1 3819/17/1
f 3822/17/1 3820/17/1 3821/17/1
f 3831/17/1 3824/17/1 3823/17/1
f 3832/17/1 3824/17/1 3831/17/1
f 3833/17/1 3826/17/1 3825/17/1
f 3834/17/1 3826/17/1 3833/17/1
f 3835/1/1 3830/1/1 3829/1/1
f 3836/1/1 3830/1/1 3835/1/1
f 3837/1/1 3830/1/1 3836/1/1
f 3838/17/1 3828/17/1 3827/17/1
f 3839/17/1 3828/17/1 3838/17/1
f 3840/17/1 3836/17/1 3835/17/1
f 3841/17/1 3836/17/1 3840/17/1
f 3852/17/1 3843/17/1 3842/17/1
f 3853/17/1 3843/17/1 3852/17/1
f 3854/17/1 3845/17/1 3844/17/1
f 3855/17/1 3845/17/1 3854/17/1
f 3856/17/1 3847/17/1 3846/17/1
f 3857/17/1 3847/17/1 3856/17/1
f 3858/1/1 3849/1/1 3848/1/1
f 3859/1/1 3849/1/1 3858/1/1
f 3860/17/1 3851/17/1 3850/17/1
f 3861/17/1 3851/17/1 3860/17/1
f 3872/1/1 3863/1/1 3862/1/1
f 3873/1/1 3863/1/1 3872/1/1
f 3875/1/1 3865/1/1 3864/1/1
f 3876/1/1 3865/1/1 3875/1/1
f 3877/17/1 3867/17/1 3866/17/1
f 3878/17/1 3867/17/1 3877/17/1
f 3880/1/1 3869/1/1 3868/1/1
f 3881/17/1 3875/17/1 3874/17/1
f 3882/17/1 3875/17/1 3881/17/1
f 3883/1/1 3880/1/1 3879/1/1
f 3884/1/1 3869/1/1 3880/1/1
f 3884/1/1 3880/1/1 3883/1/1
f 3885/1/1 3869/1/1 3884/1/1
f 3886/17/1 3885/17/1 3884/17/1
f 3887/17/1 3885/17/1 3886/17/1
f 3888/1/1 3871/1/1 3870/1/1
f 3889/1/1 3871/1/1 3888/1/1
f 3902/17/1 3891/17/1 3890/17/1
f 3903/17/1 3891/17/1 3902/17/1
f 3904/17/1 3893/17/1 3892/17/1
f 3905/17/1 3893/17/1 3904/17/1
f 3906/17/1 3895/17/1 3894/17/1
f 3907/17/1 3895/17/1 3906/17/1
f 3908/1/1 3897/1/1 3896/1/1
f 3911/17/1 3899/17/1 3898/17/1
f 3912/17/1 3899/17/1 3911/17/1
f 3914/1/1 3901/1/1 3900/1/1
f 3915/1/1 3901/1/1 3914/1/1
f 3916/1/1 3908/1/1 3896/1/1
f 3917/17/1 3910/17/1 3909/17/1
f 3918/17/1 3913/17/1 3912/17/1
f 3919/17/1 3913/17/1 3918/17/1
f 3920/1/1 3916/1/1 3896/1/1
f 3921/1/1 3916/1/1 3920/1/1
f 3922/17/1 3910/17/1 3917/17/1
f 3923/17/1 3910/17/1 3922/17/1
f 3928/17/1 3925/17/1 3924/17/1
f 3929/17/1 3925/17/1 3928/17/1
f 3930/1/1 3927/1/1 3926/1/1
f 3931/1/1 3927/1/1 3930/1/1
f 3932/1/2 3933/1/2 3934/1/2
f 3934/1/2 3933/1/2 3935/1/2
f 3936/1/2 3937/1/2 3940/1/2
f 3940/1/2 3937/1/2 3941/1/2
f 3938/1/2 3939/1/2 3942/1/2
f 3942/1/2 3939/1/2 3943/1/2
f 3946/1/2 3947/1/2 3948/1/2
f 3948/1/2 3947/1/2 3949/1/2
f 3944/1/2 3945/1/2 3950/1/2
f 3950/1/2 3945/1/2 3951/1/2
f 3952/1/2 3953/1/2 3954/1/2
f 3954/1/2 3953/1/2 3955/1/2
f 3956/1/2 3957/1/2 3960/1/2
f 3960/1/2 3957/1/2 3961/1/2
f 3958/1/2 3959/1/2 3962/1/2
f 3962/1/2 3959/1/2 3963/1/2
f 3963/1/2 3959/1/2 3964/1/2
f 3964/1/2 3959/1/2 3965/1/2
f 3966/17/2 3967/17/2 3968/17/2
f 3968/17/2 3967/17/2 3969/17/2
f 3970/1/2 3971/1/2 3972/1/2
f 3972/1/2 3971/1/2 3973/1/2
f 3974/1/2 3975/1/2 3976/1/2
f 3976/1/2 3975/1/2 3977/1/2
f 3978/1/2 3979/1/2 3980/1/2
f 3980/1/2 3979/1/2 3981/1/2
f 3982/19/2 3983/19/2 3984/19/2
f 3984/19/2 3983/19/2 3985/19/2
f 3986/1/2 3987/1/2 3988/1/2
f 3988/1/2 3987/1/2 3989/1/2
f 3990/17/2 3991/17/2 3996/17/2
f 3996/17/2 3991/17/2 3997/17/2
f 3994/19/2 3995/19/2 3998/19/2
f 3993/19/2 3994/19/2 3998/19/2
f 3992/17/2 3993/17/2 3999/17/2
f 3993/19/2 3998/19/2 4000/19/2
f 3999/17/2 3993/17/2 4000/17/2
f 4000/19/2 3998/19/2 4001/19/2
f 4002/18/2 4003/18/2 4004/18/2
f 4004/18/2 4003/18/2 4005/18/2
f 4006/1/2 4007/1/2 4008/1/2
f 4008/1/2 4007/1/2 4009/1/2
f 4010/1/2 4011/1/2 4012/1/2
f 4012/1/2 4011/1/2 4013/1/2
f 4014/1/2 4015/1/2 4016/1/2
f 4016/1/2 4015/1/2 4017/1/2
f 4018/1/2 4019/1/2 4020/1/2
f 4020/1/2 4019/1/2 4021/1/2
f 4022/1/2 4023/1/2 4024/1/2
f 4024/1/2 4023/1/2 4025/1/2
f 4026/1/2 4027/1/2 4028/1/2
f 4028/1/2 4027/1/2 4029/1/2
f 4030/1/2 4031/1/2 4032/1/2
f 4032/1/2 4031/1/2 4033/1/2
f 4034/4/2 4035/4/2 4036/4/2
f 4036/4/2 4035/4/2 4037/4/2
f 4038/11/2 4039/11/2 4040/11/2
f 4040/11/2 4039/11/2 4041/11/2
f 4042/1/2 4043/1/2 4046/1/2
f 4046/1/2 4043/1/2 4047/1/2
f 4044/1/2 4045/1/2 4048/1/2
f 4048/1/2 4045/1/2 4049/1/2
f 4050/1/2 4051/1/2 4052/1/2
f 4052/1/2 4051/1/2 4053/1/2
f 4054/1/2 4055/1/2 4056/1/2
f 4056/1/2 4055/1/2 4057/1/2
f 4060/1/2 4061/1/2 4062/1/2
f 4062/1/2 4061/1/2 4063/1/2
f 4058/1/2 4059/1/2 4064/1/2
f 4064/1/2 4059/1/2 4065/1/2
f 4066/1/2 4067/1/2 4068/1/2
f 4068/1/2 4067/1/2 4069/1/2
f 4070/17/2 4071/17/2 4072/17/2
f 4072/17/2 4071/17/2 4073/17/2
f 4074/18/2 4075/18/2 4076/18/2
f 4076/18/2 4075/18/2 4077/18/2
f 4078/11/2 4079/11/2 4082/11/2
f 4082/11/2 4079/11/2 4083/11/2
f 4080/1/2 4081/1/2 4086/1/2
f 4086/1/2 4081/1/2 4087/1/2
f 4084/1/2 4085/1/2 4088/1/2
f 4088/1/2 4085/1/2 4089/1/2
f 4090/1/2 4091/1/2 4093/1/2
f 4093/1/2 4091/1/2 4094/1/2
f 4092/17/2 4093/17/2 4095/17/2
f 4095/17/2 4093/17/2 4096/17/2
f 4097/1/2 4098/1/2 4099/1/2
f 4099/1/2 4098/1/2 4100/1/2
f 4101/1/2 4102/1/2 4105/1/2
f 4105/1/2 4102/1/2 4106/1/2
f 4103/1/2 4104/1/2 4107/1/2
f 4107/1/2 4104/1/2 4108/1/2
f 4109/1/2 4110/1/2 4111/1/2
f 4111/1/2 4110/1/2 4112/1/2
f 4113/17/2 4114/17/2 4115/17/2
f 4115/17/2 4114/17/2 4116/17/2
f 4117/11/2 4118/11/2 4119/11/2
f 4119/11/2 4118/11/2 4120/11/2
f 4121/1/2 4122/1/2 4125/1/2
f 4125/1/2 4122/1/2 4126/1/2
f 4123/1/2 4124/1/2 4127/1/2
f 4127/1/2 4124/1/2 4128/1/2
f 4129/17/2 4130/17/2 4131/17/2
f 4131/17/2 4130/17/2 4132/17/2
f 4132/1/2 4133/1/2 4134/1/2
f 4134/1/2 4133/1/2 4135/1/2
f 4136/1/2 4137/1/2 4138/1/2
f 4138/1/2 4137/1/2 4139/1/2
f 4142/17/2 4143/17/2 4144/17/2
f 4144/17/2 4143/17/2 4145/17/2
f 4140/17/2 4141/17/2 4146/17/2
f 4146/17/2 4141/17/2 4147/17/2
f 4147/1/2 4148/1/2 4149/1/2
f 4149/1/2 4148/1/2 4150/1/2
f 4151/1/2 4152/1/2 4153/1/2
f 4153/1/2 4152/1/2 4154/1/2
f 4155/18/2 4156/18/2 4158/18/2
f 4158/18/2 4156/18/2 4159/18/2
f 4157/1/2 4158/1/2 4162/1/2
f 4162/1/2 4158/1/2 4163/1/2
f 4160/1/2 4161/1/2 4164/1/2
f 4164/1/2 4161/1/2 4165/1/2
f 4166/17/2 4167/17/2 4168/17/2
f 4168/17/2 4167/17/2 4169/17/2
f 4170/1/2 4171/1/2 4172/1/2
f 4172/1/2 4171/1/2 4173/1/2
f 4174/17/2 4175/17/2 4176/17/2
f 4176/17/2 4175/17/2 4177/17/2
f 4178/1/2 4179/1/2 4180/1/2
f 4180/1/2 4179/1/2 4181/1/2
f 4182/19/2 4183/19/2 4184/19/2
f 4184/19/2 4183/19/2 4185/19/2
f 4186/1/2 4187/1/2 4188/1/2
f 4188/1/2 4187/1/2 4189/1/2
f 4190/1/2 4191/1/2 4192/1/2
f 4190/1/2 4192/1/2 4193/1/2
f 4193/1/2 4192/1/2 4194/1/2
f 4195/1/2 4196/1/2 4197/1/2
f 4197/1/2 4196/1/2 4198/1/2
f 4199/1/2 4200/1/2 4201/1/2
f 4201/1/2 4200/1/2 4202/1/2
f 4203/17/2 4204/17/2 4205/17/2
f 4205/17/2 4204/17/2 4206/17/2
f 4206/1/2 4207/1/2 4208/1/2
f 4208/1/2 4207/1/2 4209/1/2
f 4209/19/2 4210/19/2 4211/19/2
f 4211/19/2 4210/19/2 4212/19/2
f 4213/1/2 4214/1/2 4215/1/2
f 4215/1/2 4214/1/2 4216/1/2
f 4217/15/2 4218/15/2 4219/15/2
f 4219/15/2 4218/15/2 4220/15/2
f 4221/1/2 4222/1/2 4224/1/2
f 4224/1/2 4222/1/2 4225/1/2
f 4223/17/2 4224/17/2 4226/17/2
f 4226/17/2 4224/17/2 4227/17/2
f 4228/1/2 4229/1/2 4230/1/2
f 4230/1/2 4229/1/2 4231/1/2
f 4232/1/2 4233/1/2 4234/1/2
f 4234/1/2 4233/1/2 4235/1/2
f 4236/1/2 4237/1/2 4238/1/2
f 4238/1/2 4237/1/2 4239/1/2
f 4240/15/2 4241/15/2 4242/15/2
f 4242/15/2 4241/15/2 4243/15/2
f 4244/19/2 4245/19/2 4246/19/2
f 4246/19/2 4245/19/2 4247/19/2
f 4248/1/2 4249/1/2 4250/1/2
f 4250/1/2 4249/1/2 4251/1/2
f 4252/15/2 4253/15/2 4254/15/2
f 4254/15/2 4253/15/2 4255/15/2
f 4256/1/2 4257/1/2 4258/1/2
f 4258/1/2 4257/1/2 4259/1/2
f 4260/17/2 4261/17/2 4262/17/2
f 4262/17/2 4261/17/2 4263/17/2
f 4264/1/2 4265/1/2 4266/1/2
f 4266/1/2 4265/1/2 4267/1/2
f 4268/1/2 4269/1/2 4270/1/2
f 4270/1/2 4269/1/2 4271/1/2
f 4272/1/2 4273/1/2 4274/1/2
f 4274/1/2 4273/1/2 4275/1/2
f 4276/1/2 4277/1/2 4278/1/2
f 4278/1/2 4277/1/2 4279/1/2
f 4280/8/2 4281/8/2 4282/8/2
f 4282/8/2 4281/8/2 4283/8/2
f 4284/1/2 4285/1/2 4286/1/2
f 4286/1/2 4285/1/2 4287/1/2
f 4288/1/2 4289/1/2 4290/1/2
f 4290/1/2 4289/1/2 4291/1/2
f 4292/1/2 4293/1/2 4294/1/2
f 4294/1/2 4293/1/2 4295/1/2
f 4296/17/2 4297/17/2 4298/17/2
f 4298/17/2 4297/17/2 4299/17/2
f 4300/1/2 4301/1/2 4302/1/2
f 4302/1/2 4301/1/2 4303/1/2
f 4304/15/2 4305/15/2 4308/15/2
f 4308/15/2 4305/15/2 4309/15/2
f 4306/18/2 4307/18/2 4311/18/2
f 4311/18/2 4307/18/2 4312/18/2
f 4310/1/2 4311/1/2 4313/1/2
f 4313/1/2 4311/1/2 4314/1/2
f 4315/1/2 4316/1/2 4317/1/2
f 4317/1/2 4316/1/2 4318/1/2
f 4319/1/2 4320/1/2 4321/1/2
f 4321/1/2 4320/1/2 4322/1/2
f 4323/1/2 4324/1/2 4325/1/2
f 4325/1/2 4324/1/2 4326/1/2
f 4327/1/2 4328/1/2 4329/1/2
f 4329/1/2 4328/1/2 4330/1/2
f 4331/1/2 4332/1/2 4333/1/2
f 4333/1/2 4332/1/2 4334/1/2
f 4335/1/2 4336/1/2 4337/1/2
f 4337/1/2 4336/1/2 4338/1/2
f 4339/1/2 4340/1/2 4341/1/2
f 4341/1/2 4340/1/2 4342/1/2
f 4343/8/2 4344/8/2 4345/8/2
f 4345/8/2 4344/8/2 4346/8/2
f 4347/1/2 4348/1/2 4349/1/2
f 4349/1/2 4348/1/2 4350/1/2
f 4351/1/2 4352/1/2 4353/1/2
f 4353/1/2 4352/1/2 4354/1/2
f 4355/1/2 4356/1/2 4357/1/2
f 4357/1/2 4356/1/2 4358/1/2
f 4359/1/2 4360/1/2 4361/1/2
f 4361/1/2 4360/1/2 4362/1/2
f 4363/1/2 4364/1/2 4365/1/2
f 4365/1/2 4364/1/2 4366/1/2
f 4367/1/2 4368/1/2 4369/1/2
f 4369/1/2 4368/1/2 4370/1/2
f 4371/1/2 4372/1/2 4373/1/2
f 4373/1/2 4372/1/2 4374/1/2
f 4375/1/2 4376/1/2 4377/1/2
f 4377/1/2 4376/1/2 4378/1/2
f 4379/1/2 4380/1/2 4381/1/2
f 4381/1/2 4380/1/2 4382/1/2
f 4383/1/2 4384/1/2 4385/1/2
f 4385/1/2 4384/1/2 4386/1/2
f 4387/1/2 4388/1/2 4389/1/2
f 4389/1/2 4388/1/2 4390/1/2
f 4391/1/2 4392/1/2 4394/1/2
f 4393/19/2 4394/19/2 4395/19/2
f 4394/1/2 4392/1/2 4396/1/2
f 4395/19/2 4394/19/2 4396/19/2
f 4396/1/2 4392/1/2 4397/1/2
f 4398/1/2 4399/1/2 4400/1/2
f 4400/1/2 4399/1/2 4401/1/2
f 4402/1/2 4403/1/2 4404/1/2
f 4404/1/2 4403/1/2 4405/1/2
f 4406/1/2 4407/1/2 4408/1/2
f 4408/1/2 4407/1/2 4409/1/2
f 4410/1/2 4411/1/2 4412/1/2
f 4412/1/2 4411/1/2 4413/1/2
f 4414/1/2 4415/1/2 4416/1/2
f 4416/1/2 4415/1/2 4417/1/2
f 4418/1/2 4419/1/2 4420/1/2
f 4420/1/2 4419/1/2 4421/1/2
f 4422/1/2 4423/1/2 4424/1/2
f 4424/1/2 4423/1/2 4425/1/2
f 4426/17/2 4427/17/2 4429/17/2
f 4429/17/2 4427/17/2 4430/17/2
f 4428/1/2 4429/1/2 4431/1/2
f 4431/1/2 4429/1/2 4432/1/2
f 4433/1/2 4434/1/2 4435/1/2
f 4435/1/2 4434/1/2 4436/1/2
f 4437/1/2 4438/1/2 4439/1/2
f 4439/1/2 4438/1/2 4440/1/2
f 4441/17/2 4442/17/2 4443/17/2
f 4443/17/2 4442/17/2 4444/17/2
f 4445/1/2 4446/1/2 4447/1/2
f 4447/1/2 4446/1/2 4448/1/2
f 4449/1/2 4450/1/2 4451/1/2
f 4451/1/2 4450/1/2 4452/1/2
f 4453/1/2 4454/1/2 4455/1/2
f 4455/1/2 4454/1/2 4456/1/2
f 4457/1/2 4458/1/2 4459/1/2
f 4459/1/2 4458/1/2 4460/1/2
f 4461/17/2 4462/17/2 4463/17/2
f 4463/17/2 4462/17/2 4464/17/2
f 4465/17/2 4466/17/2 4467/17/2
f 4467/17/2 4466/17/2 4468/17/2
f 4469/1/2 4470/1/2 4471/1/2
f 4471/1/2 4470/1/2 4472/1/2
f 4473/1/2 4474/1/2 4475/1/2
f 4475/1/2 4474/1/2 4476/1/2
f 4477/17/2 4478/17/2 4479/17/2
f 4479/17/2 4478/17/2 4480/17/2
f 4481/1/2 4482/1/2 4483/1/2
f 4483/1/2 4482/1/2 4484/1/2
f 4485/17/2 4486/17/2 4487/17/2
f 4487/17/2 4486/17/2 4488/17/2
f 4489/1/2 4490/1/2 4491/1/2
f 4491/1/2 4490/1/2 4492/1/2
f 4493/17/2 4494/17/2 4495/17/2
f 4495/17/2 4494/17/2 4496/17/2
f 4497/1/2 4498/1/2 4499/1/2
f 4499/1/2 4498/1/2 4500/1/2
f 4501/17/2 4502/17/2 4503/17/2
f 4503/17/2 4502/17/2 4504/17/2
f 4505/1/2 4506/1/2 4507/1/2
f 4507/1/2 4506/1/2 4508/1/2
f 4509/1/2 4510/1/2 4511/1/2
f 4511/1/2 4510/1/2 4512/1/2
f 4513/1/2 4514/1/2 4515/1/2
f 4515/1/2 4514/1/2 4516/1/2
f 4517/1/2 4518/1/2 4520/1/2
f 4520/1/2 4518/1/2 4521/1/2
f 4519/17/2 4520/17/2 4522/17/2
f 4522/17/2 4520/17/2 4523/17/2
f 4524/1/2 4525/1/2 4526/1/2
f 4526/1/2 4525/1/2 4527/1/2
f 4528/17/2 4529/17/2 4530/17/2
f 4530/17/2 4529/17/2 4531/17/2
f 4532/1/2 4533/1/2 4534/1/2
f 4532/1/2 4534/1/2 4536/1/2
f 4534/1/2 4535/1/2 4536/1/2
f 4536/1/2 4535/1/2 4537/1/2
f 4532/1/2 4536/1/2 4538/1/2
f 4538/1/2 4536/1/2 4539/1/2
f 4540/1/2 4541/1/2 4542/1/2
f 4542/1/2 4541/1/2 4543/1/2
f 4544/17/2 4545/17/2 4546/17/2
f 4546/17/2 4545/17/2 4547/17/2
f 4547/1/2 4548/1/2 4549/1/2
f 4549/1/2 4548/1/2 4550/1/2
f 4551/4/2 4552/4/2 4553/4/2
f 4553/4/2 4552/4/2 4554/4/2
f 4555/11/2 4556/11/2 4557/11/2
f 4557/11/2 4556/11/2 4558/11/2
f 4559/1/2 4560/1/2 4561/1/2
f 4561/1/2 4560/1/2 4562/1/2
f 4563/1/2 4564/1/2 4565/1/2
f 4565/1/2 4564/1/2 4566/1/2
f 4567/1/2 4568/1/2 4569/1/2
f 4569/1/2 4568/1/2 4570/1/2
f 4571/1/2 4572/1/2 4573/1/2
f 4573/1/2 4572/1/2 4574/1/2
f 4575/1/2 4576/1/2 4577/1/2
f 4577/1/2 4576/1/2 4578/1/2
f 4579/1/2 4580/1/2 4581/1/2
f 4581/1/2 4580/1/2 4582/1/2
f 4583/11/2 4584/11/2 4585/11/2
f 4585/11/2 4584/11/2 4586/11/2
f 4587/1/2 4588/1/2 4589/1/2
f 4589/1/2 4588/1/2 4590/1/2
f 4591/1/2 4592/1/2 4595/1/2
f 4595/1/2 4592/1/2 4596/1/2
f 4593/1/2 4594/1/2 4597/1/2
f 4597/1/2 4594/1/2 4598/1/2
f 4599/1/2 4600/1/2 4601/1/2
f 4601/1/2 4600/1/2 4602/1/2
f 4603/1/2 4604/1/2 4605/1/2
f 4605/1/2 4604/1/2 4606/1/2
f 4609/8/2 4610/8/2 4611/8/2
f 4611/8/2 4610/8/2 4612/8/2
f 4607/17/2 4608/17/2 4613/17/2
f 4613/17/2 4608/17/2 4614/17/2
f 4617/11/2 4618/11/2 4619/11/2
f 4619/11/2 4618/11/2 4620/11/2
f 4615/1/2 4616/1/2 4621/1/2
f 4621/1/2 4616/1/2 4622/1/2
f 4623/1/2 4624/1/2 4625/1/2
f 4625/1/2 4624/1/2 4626/1/2
f 4627/1/2 4628/1/2 4629/1/2
f 4629/1/2 4628/1/2 4630/1/2
f 4631/1/2 4632/1/2 4634/1/2
f 4634/1/2 4632/1/2 4635/1/2
f 4633/19/2 4634/19/2 4636/19/2
f 4636/19/2 4634/19/2 4637/19/2
f 4637/1/2 4638/1/2 4639/1/2
f 4639/1/2 4638/1/2 4640/1/2
f 4641/1/2 4642/1/2 4643/1/2
f 4643/1/2 4642/1/2 4644/1/2
f 4645/1/2 4646/1/2 4647/1/2
f 4647/1/2 4646/1/2 4648/1/2
f 4649/19/2 4650/19/2 4651/19/2
f 4651/19/2 4650/19/2 4652/19/2
f 4653/1/2 4654/1/2 4655/1/2
f 4655/1/2 4654/1/2 4656/1/2
f 4657/1/2 4658/1/2 4659/1/2
f 4659/1/2 4658/1/2 4660/1/2
f 4661/17/2 4662/17/2 4663/17/2
f 4663/17/2 4662/17/2 4664/17/2
f 4664/1/2 4665/1/2 4666/1/2
f 4666/1/2 4665/1/2 4667/1/2
f 4668/1/2 4669/1/2 4670/1/2
f 4670/1/2 4669/1/2 4671/1/2
f 4672/1/2 4673/1/2 4674/1/2
f 4674/1/2 4673/1/2 4675/1/2
f 4676/1/2 4677/1/2 4678/1/2
f 4678/1/2 4677/1/2 4679/1/2
f 4680/1/2 4681/1/2 4682/1/2
f 4682/1/2 4681/1/2 4683/1/2
f 4684/1/2 4685/1/2 4686/1/2
f 4686/1/2 4685/1/2 4687/1/2
f 4688/1/2 4689/1/2 4690/1/2
f 4690/1/2 4689/1/2 4691/1/2
f 4692/1/2 4693/1/2 4694/1/2
f 4694/1/2 4693/1/2 4695/1/2
f 4696/1/2 4697/1/2 4698/1/2
f 4696/1/2 4698/1/2 4699/1/2
f 4699/1/2 4698/1/2 4700/1/2
f 4701/1/2 4702/1/2 4703/1/2
f 4703/1/2 4702/1/2 4704/1/2
f 4705/1/2 4706/1/2 4707/1/2
f 4707/1/2 4706/1/2 4708/1/2
f 4709/1/2 4710/1/2 4711/1/2
f 4711/1/2 4710/1/2 4712/1/2
f 4713/1/2 4714/1/2 4715/1/2
f 4715/1/2 4714/1/2 4716/1/2
f 4717/1/2 4718/1/2 4719/1/2
f 4719/1/2 4718/1/2 4720/1/2
f 4721/1/2 4722/1/2 4723/1/2
f 4723/1/2 4722/1/2 4724/1/2
f 4725/5/2 4726/5/2 4729/5/2
f 4729/5/2 4726/5/2 4730/5/2
f 4727/2/2 4728/2/2 4731/2/2
f 4728/2/2 4729/2/2 4731/2/2
f 4731/2/2 4729/2/2 4732/2/2
f 4733/1/2 4734/1/2 4735/1/2
f 4735/1/2 4734/1/2 4736/1/2
f 4737/1/2 4738/1/2 4739/1/2
f 4739/1/2 4738/1/2 4740/1/2
f 4741/2/2 4742/2/2 4745/2/2
f 4745/2/2 4742/2/2 4746/2/2
f 4743/5/2 4744/5/2 4748/5/2
f 4748/5/2 4744/5/2 4749/5/2
f 4746/2/2 4747/2/2 4750/2/2
f 4750/2/2 4747/2/2 4751/2/2
f 4752/1/2 4753/1/2 4754/1/2
f 4754/1/2 4753/1/2 4755/1/2
f 4756/1/2 4757/1/2 4758/1/2
f 4758/1/2 4757/1/2 4759/1/2
f 4760/5/2 4761/5/2 4765/5/2
f 4765/5/2 4761/5/2 4766/5/2
f 4762/5/2 4763/5/2 4767/5/2
f 4767/5/2 4763/5/2 4768/5/2
f 4765/6/2 4766/6/2 4769/6/2
f 4764/6/2 4765/6/2 4769/6/2
f 4769/6/2 4766/6/2 4770/6/2
f 4771/1/2 4772/1/2 4773/1/2
f 4773/1/2 4772/1/2 4774/1/2
f 4775/1/2 4776/1/2 4777/1/2
f 4777/1/2 4776/1/2 4778/1/2
f 4779/1/2 4780/1/2 4781/1/2
f 4781/1/2 4780/1/2 4782/1/2
f 4783/4/2 4784/4/2 4785/4/2
f 4785/4/2 4784/4/2 4786/4/2
f 4786/4/2 4787/4/2 4789/4/2
f 4789/4/2 4787/4/2 4790/4/2
f 4788/5/2 4789/5/2 4791/5/2
f 4791/5/2 4789/5/2 4792/5/2
f 4793/1/2 4794/1/2 4795/1/2
f 4795/1/2 4794/1/2 4796/1/2
f 4797/4/2 4798/4/2 4800/4/2
f 4800/4/2 4798/4/2 4801/4/2
f 4799/5/2 4800/5/2 4803/5/2
f 4803/5/2 4800/5/2 4804/5/2
f 4801/4/2 4802/4/2 4805/4/2
f 4805/4/2 4802/4/2 4806/4/2
f 4803/6/2 4804/6/2 4807/6/2
f 4804/5/2 4805/5/2 4808/5/2
f 4807/6/2 4804/6/2 4808/6/2
f 4808/5/2 4805/5/2 4809/5/2
f 4809/5/2 4805/5/2 4810/5/2
f 4810/5/2 4805/5/2 4811/5/2
f 4812/1/2 4813/1/2 4814/1/2
f 4814/1/2 4813/1/2 4815/1/2
f 4816/1/2 4817/1/2 4818/1/2
f 4818/1/2 4817/1/2 4819/1/2
f 4820/4/2 4821/4/2 4823/4/2
f 4823/4/2 4821/4/2 4824/4/2
f 4822/5/2 4823/5/2 4826/5/2
f 4826/5/2 4823/5/2 4827/5/2
f 4824/4/2 4825/4/2 4828/4/2
f 4828/4/2 4825/4/2 4829/4/2
f 4827/5/2 4828/5/2 4830/5/2
f 4830/5/2 4828/5/2 4831/5/2
f 4832/1/2 4833/1/2 4834/1/2
f 4834/1/2 4833/1/2 4835/1/2
f 4836/17/2 4837/17/2 4840/17/2
f 4840/17/2 4837/17/2 4841/17/2
f 4838/4/2 4839/4/2 4842/4/2
f 4842/4/2 4839/4/2 4843/4/2
f 4843/4/2 4844/4/2 4846/4/2
f 4846/4/2 4844/4/2 4847/4/2
f 4845/5/2 4846/5/2 4848/5/2
f 4848/5/2 4846/5/2 4849/5/2
f 4848/6/2 4849/6/2 4850/6/2
f 4850/6/2 4849/6/2 4851/6/2
f 4852/17/2 4853/17/2 4854/17/2
f 4852/17/2 4854/17/2 4856/17/2
f 4854/17/2 4855/17/2 4856/17/2
f 4856/17/2 4855/17/2 4857/17/2
f 4857/17/2 4855/17/2 4858/17/2
f 4858/17/2 4859/17/2 4860/17/2
f 4857/17/2 4858/17/2 4860/17/2
f 4860/17/2 4859/17/2 4861/17/2
f 4857/17/2 4860/17/2 4862/17/2
f 4862/17/2 4860/17/2 4863/17/2
f 4861/17/2 4859/17/2 4864/17/2
f 4864/17/2 4859/17/2 4865/17/2
f 4865/17/2 4866/17/2 4867/17/2
f 4864/17/2 4865/17/2 4867/17/2
f 4863/17/2 4864/17/2 4867/17/2
f 4867/17/2 4866/17/2 4868/17/2
f 4869/1/2 4870/1/2 4871/1/2
f 4871/1/2 4870/1/2 4872/1/2
f 4868/17/2 4866/17/2 4873/17/2
f 4873/17/2 4866/17/2 4874/17/2
f 4875/1/2 4876/1/2 4877/1/2
f 4877/1/2 4876/1/2 4878/1/2
f 4879/17/2 4880/17/2 4881/17/2
f 4881/17/2 4880/17/2 4882/17/2
f 4885/1/2 4886/1/2 4887/1/2
f 4887/1/2 4886/1/2 4888/1/2
f 4883/17/2 4884/17/2 4889/17/2
f 4889/17/2 4884/17/2 4890/17/2
f 4891/17/2 4892/17/2 4893/17/2
f 4893/17/2 4892/17/2 4894/17/2
f 4895/17/2 4896/17/2 4897/17/2
f 4897/17/2 4896/17/2 4898/17/2
f 4899/17/2 4900/17/2 4901/17/2
f 4901/17/2 4900/17/2 4902/17/2
f 4903/17/2 4904/17/2 4905/17/2
f 4905/17/2 4904/17/2 4906/17/2
f 4907/17/2 4908/17/2 4909/17/2
f 4909/17/2 4908/17/2 4910/17/2
f 4911/8/2 4912/8/2 4913/8/2
f 4913/8/2 4912/8/2 4914/8/2
f 4915/1/2 4916/1/2 4917/1/2
f 4917/1/2 4916/1/2 4918/1/2
f 4919/1/2 4920/1/2 4921/1/2
f 4921/1/2 4920/1/2 4922/1/2
f 4923/1/2 4924/1/2 4925/1/2
f 4925/1/2 4924/1/2 4926/1/2
f 4927/1/2 4928/1/2 4929/1/2
f 4929/1/2 4928/1/2 4930/1/2
f 4931/1/2 4932/1/2 4933/1/2
f 4933/1/2 4932/1/2 4934/1/2
f 4935/1/2 4936/1/2 4937/1/2
f 4937/1/2 4936/1/2 4938/1/2
f 4939/8/2 4940/8/2 4941/8/2
f 4941/8/2 4940/8/2 4942/8/2
f 4943/1/2 4944/1/2 4945/1/2
f 4945/1/2 4944/1/2 4946/1/2
f 4947/1/2 4948/1/2 4949/1/2
f 4949/1/2 4948/1/2 4950/1/2
f 4951/1/2 4952/1/2 4955/1/2
f 4955/1/2 4952/1/2 4956/1/2
f 4953/1/2 4954/1/2 4957/1/2
f 4957/1/2 4954/1/2 4958/1/2
f 4959/5/2 4960/5/2 4961/5/2
f 4961/5/2 4960/5/2 4962/5/2
f 4963/5/2 4964/5/2 4966/5/2
f 4966/5/2 4964/5/2 4967/5/2
f 4965/2/2 4966/2/2 4968/2/2
f 4968/2/2 4966/2/2 4969/2/2
f 4970/1/2 4971/1/2 4972/1/2
f 4972/1/2 4971/1/2 4973/1/2
f 4974/5/2 4975/5/2 4976/5/2
f 4976/5/2 4975/5/2 4977/5/2
f 4978/5/2 4979/5/2 4980/5/2
f 4980/5/2 4979/5/2 4981/5/2
f 4982/8/2 4983/8/2 4984/8/2
f 4984/8/2 4983/8/2 4985/8/2
f 4986/1/2 4987/1/2 4988/1/2
f 4988/1/2 4987/1/2 4989/1/2
f 4990/4/2 4991/4/2 4994/4/2
f 4994/4/2 4991/4/2 4995/4/2
f 4992/1/2 4993/1/2 4996/1/2
f 4996/1/2 4993/1/2 4997/1/2
f 5000/1/2 5001/1/2 5002/1/2
f 5002/1/2 5001/1/2 5003/1/2
f 4998/4/2 4999/4/2 5004/4/2
f 5004/4/2 4999/4/2 5005/4/2
f 5006/4/2 5007/4/2 5008/4/2
f 5008/4/2 5007/4/2 5009/4/2
f 5010/6/2 5011/6/2 5012/6/2
f 5012/6/2 5011/6/2 5013/6/2
f 5014/1/2 5015/1/2 5016/1/2
f 5016/1/2 5015/1/2 5017/1/2
f 5018/4/2 5019/4/2 5020/4/2
f 5020/4/2 5019/4/2 5021/4/2
f 5022/6/2 5023/6/2 5024/6/2
f 5024/6/2 5023/6/2 5025/6/2
f 5026/10/2 5027/10/2 5028/10/2
f 5028/10/2 5027/10/2 5029/10/2
f 5028/8/2 5029/8/2 5030/8/2
f 5030/8/2 5029/8/2 5031/8/2
f 5032/10/2 5033/10/2 5034/10/2
f 5034/10/2 5033/10/2 5035/10/2
f 5036/17/2 5037/17/2 5039/17/2
f 5039/17/2 5037/17/2 5040/17/2
f 5038/1/2 5039/1/2 5041/1/2
f 5041/1/2 5039/1/2 5042/1/2
f 5043/13/2 5044/13/2 5045/13/2
f 5045/13/2 5044/13/2 5046/13/2
f 5047/4/2 5048/4/2 5049/4/2
f 5049/4/2 5048/4/2 5050/4/2
f 5051/2/2 5052/2/2 5053/2/2
f 5053/2/2 5052/2/2 5054/2/2
f 5055/1/2 5056/1/2 5057/1/2
f 5057/1/2 5056/1/2 5058/1/2
f 5059/5/2 5060/5/2 5061/5/2
f 5061/5/2 5060/5/2 5062/5/2
f 5063/9/2 5064/9/2 5065/9/2
f 5065/9/2 5064/9/2 5066/9/2
f 5067/1/2 5068/1/2 5069/1/2
f 5069/1/2 5068/1/2 5070/1/2
f 5071/5/2 5072/5/2 5073/5/2
f 5073/5/2 5072/5/2 5074/5/2
f 5075/1/2 5076/1/2 5077/1/2
f 5077/1/2 5076/1/2 5078/1/2
f 5079/5/2 5080/5/2 5081/5/2
f 5081/5/2 5080/5/2 5082/5/2
f 5082/5/2 5083/5/2 5084/5/2
f 5084/5/2 5083/5/2 5085/5/2
f 5084/6/2 5085/6/2 5088/6/2
f 5088/6/2 5085/6/2 5089/6/2
f 5086/1/2 5087/1/2 5090/1/2
f 5090/1/2 5087/1/2 5091/1/2
f 5092/5/2 5093/5/2 5094/5/2
f 5094/5/2 5093/5/2 5095/5/2
f 5095/5/2 5096/5/2 5097/5/2
f 5097/5/2 5096/5/2 5098/5/2
f 5099/8/2 5100/8/2 5102/8/2
f 5100/10/2 5101/10/2 5103/10/2
f 5102/8/2 5100/8/2 5103/8/2
f 5103/10/2 5101/10/2 5104/10/2
f 5105/1/2 5106/1/2 5107/1/2
f 5107/1/2 5106/1/2 5108/1/2
f 5109/5/2 5110/5/2 5111/5/2
f 5111/5/2 5110/5/2 5112/5/2
f 5113/1/2 5114/1/2 5115/1/2
f 5115/1/2 5114/1/2 5116/1/2
f 5117/1/2 5118/1/2 5119/1/2
f 5119/1/2 5118/1/2 5120/1/2
f 5121/1/2 5122/1/2 5123/1/2
f 5123/1/2 5122/1/2 5124/1/2
f 5125/17/2 5126/17/2 5128/17/2
f 5128/17/2 5126/17/2 5129/17/2
f 5127/1/2 5128/1/2 5130/1/2
f 5130/1/2 5128/1/2 5131/1/2
f 5132/5/2 5133/5/2 5134/5/2
f 5134/5/2 5133/5/2 5135/5/2
f 5136/8/2 5137/8/2 5138/8/2
f 5138/8/2 5137/8/2 5139/8/2
f 5140/1/2 5141/1/2 5142/1/2
f 5142/1/2 5141/1/2 5143/1/2
f 5144/4/2 5145/4/2 5146/4/2
f 5146/4/2 5145/4/2 5147/4/2
f 5148/4/2 5149/4/2 5150/4/2
f 5150/4/2 5149/4/2 5151/4/2
f 5152/4/2 5153/4/2 5155/4/2
f 5155/4/2 5153/4/2 5156/4/2
f 5154/5/2 5155/5/2 5157/5/2
f 5157/5/2 5155/5/2 5158/5/2
f 5158/5/2 5159/5/2 5160/5/2
f 5160/5/2 5159/5/2 5161/5/2
f 5161/5/2 5159/5/2 5162/5/2
f 5160/2/2 5161/2/2 5163/2/2
f 5163/2/2 5161/2/2 5164/2/2
f 5165/4/2 5166/4/2 5167/4/2
f 5167/4/2 5166/4/2 5168/4/2
f 5169/5/2 5170/5/2 5172/5/2
f 5170/5/2 5171/5/2 5172/5/2
f 5172/5/2 5171/5/2 5173/5/2
f 5173/5/2 5171/5/2 5174/5/2
f 5172/2/2 5173/2/2 5176/2/2
f 5176/2/2 5173/2/2 5177/2/2
f 5174/2/2 5175/2/2 5178/2/2
f 5178/2/2 5175/2/2 5179/2/2
f 5180/9/2 5181/9/2 5182/9/2
f 5182/9/2 5181/9/2 5183/9/2
f 5184/1/2 5185/1/2 5186/1/2
f 5186/1/2 5185/1/2 5187/1/2
f 5188/5/2 5189/5/2 5190/5/2
f 5190/5/2 5189/5/2 5191/5/2
f 5192/17/2 5193/17/2 5194/17/2
f 5194/17/2 5193/17/2 5195/17/2
f 5196/5/2 5197/5/2 5198/5/2
f 5198/5/2 5197/5/2 5199/5/2
f 5200/8/2 5201/8/2 5202/8/2
f 5202/8/2 5201/8/2 5203/8/2
f 5204/1/2 5205/1/2 5206/1/2
f 5206/1/2 5205/1/2 5207/1/2
f 5208/17/2 5209/17/2 5210/17/2
f 5210/17/2 5209/17/2 5211/17/2
f 5212/17/2 5213/17/2 5214/17/2
f 5214/17/2 5213/17/2 5215/17/2
f 5215/17/2 5213/17/2 5216/17/2
f 5216/17/2 5213/17/2 5217/17/2
f 5217/17/2 5213/17/2 5218/17/2
f 5218/17/2 5219/17/2 5220/17/2
f 5217/17/2 5218/17/2 5220/17/2
f 5220/17/2 5219/17/2 5221/17/2
f 5222/1/2 5223/1/2 5224/1/2
f 5224/1/2 5223/1/2 5225/1/2
f 5226/17/2 5227/17/2 5228/17/2
f 5228/17/2 5227/17/2 5229/17/2
f 5230/5/2 5231/5/2 5232/5/2
f 5232/5/2 5231/5/2 5233/5/2
f 5234/17/2 5235/17/2 5236/17/2
f 5236/17/2 5235/17/2 5237/17/2
f 5238/5/2 5239/5/2 5240/5/2
f 5240/5/2 5239/5/2 5241/5/2
f 5240/2/2 5241/2/2 5243/2/2
f 5241/5/2 5242/5/2 5244/5/2
f 5243/2/2 5241/2/2 5244/2/2
f 5244/5/2 5242/5/2 5245/5/2
f 5246/17/2 5247/17/2 5248/17/2
f 5248/17/2 5247/17/2 5249/17/2
f 5250/5/2 5251/5/2 5254/5/2
f 5254/5/2 5251/5/2 5255/5/2
f 5252/6/2 5253/6/2 5256/6/2
f 5256/6/2 5253/6/2 5257/6/2
f 5258/17/2 5259/17/2 5260/17/2
f 5260/17/2 5259/17/2 5261/17/2
f 5261/17/2 5262/17/2 5263/17/2
f 5263/17/2 5262/17/2 5264/17/2
f 5265/17/2 5266/17/2 5267/17/2
f 5267/17/2 5266/17/2 5268/17/2
f 5269/17/2 5270/17/2 5271/17/2
f 5271/17/2 5270/17/2 5272/17/2
f 5273/18/2 5274/18/2 5275/18/2
f 5275/18/2 5274/18/2 5276/18/2
f 5276/1/2 5277/1/2 5278/1/2
f 5278/1/2 5277/1/2 5279/1/2
f 5280/1/2 5281/1/2 5282/1/2
f 5282/1/2 5281/1/2 5283/1/2
f 5284/17/2 5285/17/2 5286/17/2
f 5286/17/2 5285/17/2 5287/17/2
f 5287/17/2 5285/17/2 5288/17/2
f 5286/4/2 5287/4/2 5289/4/2
f 5289/4/2 5287/4/2 5290/4/2
f 5286/4/2 5289/4/2 5292/4/2
f 5292/4/2 5289/4/2 5293/4/2
f 5290/4/2 5291/4/2 5294/4/2
f 5294/4/2 5291/4/2 5295/4/2
f 5295/4/2 5291/4/2 5296/4/2
f 5292/5/2 5293/5/2 5297/5/2
f 5293/5/2 5294/5/2 5297/5/2
f 5294/5/2 5295/5/2 5297/5/2
f 5297/5/2 5295/5/2 5298/5/2
f 5298/5/2 5295/5/2 5299/5/2
f 5299/5/2 5295/5/2 5300/5/2
f 5298/6/2 5299/6/2 5301/6/2
f 5301/6/2 5299/6/2 5302/6/2
f 5303/17/2 5304/17/2 5305/17/2
f 5305/17/2 5304/17/2 5306/17/2
f 5306/17/2 5304/17/2 5307/17/2
f 5305/4/2 5306/4/2 5308/4/2
f 5308/4/2 5306/4/2 5309/4/2
f 5305/4/2 5308/4/2 5311/4/2
f 5311/4/2 5308/4/2 5312/4/2
f 5309/4/2 5310/4/2 5313/4/2
f 5313/4/2 5310/4/2 5314/4/2
f 5314/4/2 5310/4/2 5315/4/2
f 5312/5/2 5313/5/2 5316/5/2
f 5313/5/2 5314/5/2 5316/5/2
f 5316/5/2 5314/5/2 5317/5/2
f 5317/5/2 5314/5/2 5318/5/2
f 5316/2/2 5317/2/2 5319/2/2
f 5319/2/2 5317/2/2 5320/2/2
f 5321/17/2 5322/17/2 5323/17/2
f 5323/17/2 5322/17/2 5324/17/2
f 5324/17/2 5322/17/2 5325/17/2
f 5323/4/2 5324/4/2 5327/4/2
f 5327/4/2 5324/4/2 5328/4/2
f 5328/4/2 5324/4/2 5329/4/2
f 5326/5/2 5327/5/2 5331/5/2
f 5327/4/2 5328/4/2 5332/4/2
f 5331/5/2 5327/5/2 5332/5/2
f 5332/4/2 5328/4/2 5333/4/2
f 5329/4/2 5330/4/2 5334/4/2
f 5334/4/2 5330/4/2 5335/4/2
f 5331/6/2 5332/6/2 5336/6/2
f 5336/6/2 5332/6/2 5337/6/2
f 5333/5/2 5334/5/2 5338/5/2
f 5338/5/2 5334/5/2 5339/5/2
f 5338/6/2 5339/6/2 5340/6/2
f 5340/6/2 5339/6/2 5341/6/2
f 5342/17/2 5343/17/2 5346/17/2
f 5344/17/2 5345/17/2 5347/17/2
f 5347/17/2 5345/17/2 5348/17/2
f 5342/17/2 5346/17/2 5349/17/2
f 5346/17/2 5347/17/2 5349/17/2
f 5349/17/2 5347/17/2 5350/17/2
f 5350/17/2 5347/17/2 5351/17/2
f 5352/1/2 5353/1/2 5354/1/2
f 5354/1/2 5353/1/2 5355/1/2
f 5349/4/2 5350/4/2 5356/4/2
f 5356/4/2 5350/4/2 5357/4/2
f 5349/4/2 5356/4/2 5359/4/2
f 5359/4/2 5356/4/2 5360/4/2
f 5357/4/2 5358/4/2 5361/4/2
f 5361/4/2 5358/4/2 5362/4/2
f 5361/5/2 5362/5/2 5365/5/2
f 5365/5/2 5362/5/2 5366/5/2
f 5363/2/2 5364/2/2 5367/2/2
f 5367/2/2 5364/2/2 5368/2/2
f 5369/1/2 5370/1/2 5371/1/2
f 5371/1/2 5370/1/2 5372/1/2
f 5373/1/2 5374/1/2 5377/1/2
f 5377/1/2 5374/1/2 5378/1/2
f 5378/17/2 5379/17/2 5380/17/2
f 5380/17/2 5379/17/2 5381/17/2
f 5375/17/2 5376/17/2 5382/17/2
f 5382/17/2 5376/17/2 5383/17/2
f 5384/1/2 5385/1/2 5386/1/2
f 5386/1/2 5385/1/2 5387/1/2
f 5388/1/2 5389/1/2 5390/1/2
f 5390/1/2 5389/1/2 5391/1/2
f 5392/5/2 5393/5/2 5394/5/2
f 5394/5/2 5393/5/2 5395/5/2
f 5396/5/2 5397/5/2 5398/5/2
f 5398/5/2 5397/5/2 5399/5/2
f 5400/5/2 5401/5/2 5403/5/2
f 5403/5/2 5401/5/2 5404/5/2
f 5402/5/2 5403/5/2 5405/5/2
f 5405/5/2 5403/5/2 5406/5/2
f 5407/17/2 5408/17/2 5409/17/2
f 5409/17/2 5408/17/2 5410/17/2
f 5411/1/2 5412/1/2 5415/1/2
f 5415/1/2 5412/1/2 5416/1/2
f 5413/5/2 5414/5/2 5418/5/2
f 5417/2/2 5418/2/2 5419/2/2
f 5418/5/2 5414/5/2 5420/5/2
f 5419/2/2 5418/2/2 5420/2/2
f 5420/5/2 5414/5/2 5421/5/2
f 5422/1/2 5423/1/2 5424/1/2
f 5424/1/2 5423/1/2 5425/1/2
f 5426/1/2 5427/1/2 5428/1/2
f 5428/1/2 5427/1/2 5429/1/2
f 5430/1/2 5431/1/2 5432/1/2
f 5432/1/2 5431/1/2 5433/1/2
f 5434/1/2 5435/1/2 5436/1/2
f 5436/1/2 5435/1/2 5437/1/2
f 5438/1/2 5439/1/2 5440/1/2
f 5440/1/2 5439/1/2 5441/1/2
f 5442/1/2 5443/1/2 5444/1/2
f 5444/1/2 5443/1/2 5445/1/2
f 5446/1/2 5447/1/2 5448/1/2
f 5448/1/2 5447/1/2 5449/1/2
f 5450/1/2 5451/1/2 5452/1/2
f 5452/1/2 5451/1/2 5453/1/2
f 5454/1/2 5455/1/2 5456/1/2
f 5456/1/2 5455/1/2 5457/1/2
f 5458/1/2 5459/1/2 5460/1/2
f 5460/1/2 5459/1/2 5461/1/2
f 5462/1/2 5463/1/2 5464/1/2
f 5464/1/2 5463/1/2 5465/1/2
f 5466/17/2 5467/17/2 5468/17/2
f 5468/17/2 5467/17/2 5469/17/2
f 5470/1/2 5471/1/2 5472/1/2
f 5472/1/2 5471/1/2 5473/1/2
f 5474/1/2 5475/1/2 5476/1/2
f 5476/1/2 5475/1/2 5477/1/2
f 5478/1/2 5479/1/2 5480/1/2
f 5480/1/2 5479/1/2 5481/1/2
f 5482/1/2 5483/1/2 5484/1/2
f 5484/1/2 5483/1/2 5485/1/2
f 5486/1/2 5487/1/2 5488/1/2
f 5488/1/2 5487/1/2 5489/1/2
f 5490/1/2 5491/1/2 5492/1/2
f 5492/1/2 5491/1/2 5493/1/2
f 5494/17/2 5495/17/2 5496/17/2
f 5496/17/2 5495/17/2 5497/17/2
f 5498/1/2 5499/1/2 5500/1/2
f 5500/1/2 5499/1/2 5501/1/2
f 5502/1/2 5503/1/2 5504/1/2
f 5504/1/2 5503/1/2 5505/1/2
f 5506/1/2 5507/1/2 5508/1/2
f 5508/1/2 5507/1/2 5509/1/2
f 5510/1/2 5511/1/2 5512/1/2
f 5512/1/2 5511/1/2 5513/1/2
f 5514/1/2 5515/1/2 5516/1/2
f 5516/1/2 5515/1/2 5517/1/2
f 5518/1/2 5519/1/2 5520/1/2
f 5520/1/2 5519/1/2 5521/1/2
f 5522/1/2 5523/1/2 5524/1/2
f 5524/1/2 5523/1/2 5525/1/2
f 5526/1/2 5527/1/2 5528/1/2
f 5528/1/2 5527/1/2 5529/1/2
f 5530/1/2 5531/1/2 5532/1/2
f 5532/1/2 5531/1/2 5533/1/2
f 5534/1/2 5535/1/2 5536/1/2
f 5536/1/2 5535/1/2 5537/1/2
f 5538/1/2 5539/1/2 5542/1/2
f 5542/1/2 5539/1/2 5543/1/2
f 5540/1/2 5541/1/2 5544/1/2
f 5544/1/2 5541/1/2 5545/1/2
f 5546/1/2 5547/1/2 5548/1/2
f 5548/1/2 5547/1/2 5549/1/2
f 5550/1/2 5551/1/2 5552/1/2
f 5552/1/2 5551/1/2 5553/1/2
f 5554/1/2 5555/1/2 5556/1/2
f 5556/1/2 5555/1/2 5557/1/2
f 5558/1/2 5559/1/2 5560/1/2
f 5560/1/2 5559/1/2 5561/1/2
f 5562/1/2 5563/1/2 5564/1/2
f 5564/1/2 5563/1/2 5565/1/2
f 5566/1/2 5567/1/2 5568/1/2
f 5568/1/2 5567/1/2 5569/1/2
f 5570/1/2 5571/1/2 5572/1/2
f 5572/1/2 5571/1/2 5573/1/2
f 5574/1/2 5575/1/2 5576/1/2
f 5576/1/2 5575/1/2 5577/1/2
f 5578/1/2 5579/1/2 5580/1/2
f 5580/1/2 5579/1/2 5581/1/2
f 5582/4/2 5583/4/2 5584/4/2
f 5584/4/2 5583/4/2 5585/4/2
f 5586/11/2 5587/11/2 5588/11/2
f 5588/11/2 5587/11/2 5589/11/2
f 5590/1/2 5591/1/2 5592/1/2
f 5592/1/2 5591/1/2 5593/1/2
f 5594/1/2 5595/1/2 5596/1/2
f 5596/1/2 5595/1/2 5597/1/2
f 5598/1/2 5599/1/2 5600/1/2
f 5600/1/2 5599/1/2 5601/1/2
f 5602/1/2 5603/1/2 5604/1/2
f 5604/1/2 5603/1/2 5605/1/2
f 5606/1/2 5607/1/2 5608/1/2
f 5608/1/2 5607/1/2 5609/1/2
f 5610/17/2 5611/17/2 5612/17/2
f 5612/17/2 5611/17/2 5613/17/2
f 5614/1/2 5615/1/2 5616/1/2
f 5616/1/2 5615/1/2 5617/1/2
f 5618/1/2 5619/1/2 5620/1/2
f 5620/1/2 5619/1/2 5621/1/2
f 5622/1/2 5623/1/2 5624/1/2
f 5624/1/2 5623/1/2 5625/1/2
f 5626/11/2 5627/11/2 5628/11/2
f 5628/11/2 5627/11/2 5629/11/2
f 5630/1/2 5631/1/2 5632/1/2
f 5632/1/2 5631/1/2 5633/1/2
f 5634/1/2 5635/1/2 5636/1/2
f 5636/1/2 5635/1/2 5637/1/2
f 5638/1/2 5639/1/2 5640/1/2
f 5640/1/2 5639/1/2 5641/1/2
f 5642/1/2 5643/1/2 5644/1/2
f 5644/1/2 5643/1/2 5645/1/2
f 5646/1/2 5647/1/2 5648/1/2
f 5648/1/2 5647/1/2 5649/1/2
f 5650/17/2 5651/17/2 5652/17/2
f 5652/17/2 5651/17/2 5653/17/2
f 5654/1/2 5655/1/2 5656/1/2
f 5656/1/2 5655/1/2 5657/1/2
f 5660/1/2 5661/1/2 5662/1/2
f 5662/1/2 5661/1/2 5663/1/2
f 5658/1/2 5659/1/2 5664/1/2
f 5664/1/2 5659/1/2 5665/1/2
f 5666/17/2 5667/17/2 5668/17/2
f 5668/17/2 5667/17/2 5669/17/2
f 5670/11/2 5671/11/2 5672/11/2
f 5672/11/2 5671/11/2 5673/11/2
f 5674/1/2 5675/1/2 5676/1/2
f 5676/1/2 5675/1/2 5677/1/2
f 5680/1/2 5681/1/2 5682/1/2
f 5682/1/2 5681/1/2 5683/1/2
f 5683/1/2 5681/1/2 5684/1/2
f 5678/1/2 5679/1/2 5685/1/2
f 5685/1/2 5679/1/2 5686/1/2
f 5687/1/2 5688/1/2 5689/1/2
f 5689/1/2 5688/1/2 5690/1/2
f 5691/1/2 5692/1/2 5693/1/2
f 5693/1/2 5692/1/2 5694/1/2
f 5695/1/2 5696/1/2 5697/1/2
f 5695/1/2 5697/1/2 5699/1/2
f 5697/19/2 5698/19/2 5700/19/2
f 5699/1/2 5697/1/2 5700/1/2
f 5700/19/2 5698/19/2 5701/19/2
f 5702/1/2 5703/1/2 5706/1/2
f 5706/1/2 5703/1/2 5707/1/2
f 5704/1/2 5705/1/2 5708/1/2
f 5708/1/2 5705/1/2 5709/1/2
f 5710/19/2 5711/19/2 5713/19/2
f 5713/19/2 5711/19/2 5714/19/2
f 5712/1/2 5713/1/2 5715/1/2
f 5715/1/2 5713/1/2 5716/1/2
f 5717/18/2 5718/18/2 5719/18/2
f 5719/18/2 5718/18/2 5720/18/2
f 5721/1/2 5722/1/2 5723/1/2
f 5723/1/2 5722/1/2 5724/1/2
f 5725/1/2 5726/1/2 5727/1/2
f 5727/1/2 5726/1/2 5728/1/2
f 5729/1/2 5730/1/2 5731/1/2
f 5731/1/2 5730/1/2 5732/1/2
f 5733/17/2 5734/17/2 5735/17/2
f 5735/17/2 5734/17/2 5736/17/2
f 5737/1/2 5738/1/2 5739/1/2
f 5739/1/2 5738/1/2 5740/1/2
f 5741/1/2 5742/1/2 5743/1/2
f 5743/1/2 5742/1/2 5744/1/2
f 5745/17/2 5746/17/2 5747/17/2
f 5747/17/2 5746/17/2 5748/17/2
f 5749/1/2 5750/1/2 5751/1/2
f 5751/1/2 5750/1/2 5752/1/2
f 5753/1/2 5754/1/2 5755/1/2
f 5755/1/2 5754/1/2 5756/1/2
f 5757/1/2 5758/1/2 5759/1/2
f 5759/1/2 5758/1/2 5760/1/2
f 5761/1/2 5762/1/2 5763/1/2
f 5763/1/2 5762/1/2 5764/1/2
f 5765/1/2 5766/1/2 5767/1/2
f 5767/1/2 5766/1/2 5768/1/2
f 5769/1/2 5770/1/2 5771/1/2
f 5771/1/2 5770/1/2 5772/1/2
f 5773/1/2 5774/1/2 5775/1/2
f 5775/1/2 5774/1/2 5776/1/2
f 5777/1/2 5778/1/2 5779/1/2
f 5779/1/2 5778/1/2 5780/1/2
f 5781/1/2 5782/1/2 5783/1/2
f 5783/1/2 5782/1/2 5784/1/2
f 5785/1/2 5786/1/2 5787/1/2
f 5787/1/2 5786/1/2 5788/1/2
f 5789/1/2 5790/1/2 5791/1/2
f 5791/1/2 5790/1/2 5792/1/2
f 5793/1/2 5794/1/2 5795/1/2
f 5795/1/2 5794/1/2 5796/1/2
f 5797/1/2 5798/1/2 5799/1/2
f 5799/1/2 5798/1/2 5800/1/2
f 5801/1/2 5802/1/2 5803/1/2
f 5803/1/2 5802/1/2 5804/1/2
f 5805/1/2 5806/1/2 5807/1/2
f 5807/1/2 5806/1/2 5808/1/2
f 5809/1/2 5810/1/2 5811/1/2
f 5811/1/2 5810/1/2 5812/1/2
f 5813/1/2 5814/1/2 5815/1/2
f 5815/1/2 5814/1/2 5816/1/2
f 5817/1/2 5818/1/2 5819/1/2
f 5819/1/2 5818/1/2 5820/1/2
f 5821/1/2 5822/1/2 5823/1/2
f 5823/1/2 5822/1/2 5824/1/2
f 5825/1/2 5826/1/2 5827/1/2
f 5827/1/2 5826/1/2 5828/1/2
f 5829/1/2 5830/1/2 5831/1/2
f 5831/1/2 5830/1/2 5832/1/2
f 5833/1/2 5834/1/2 5835/1/2
f 5835/1/2 5834/1/2 5836/1/2
f 5837/1/2 5838/1/2 5839/1/2
f 5839/1/2 5838/1/2 5840/1/2
f 5841/1/2 5842/1/2 5843/1/2
f 5843/1/2 5842/1/2 5844/1/2
f 5845/1/2 5846/1/2 5847/1/2
f 5847/1/2 5846/1/2 5848/1/2
f 5849/19/2 5850/19/2 5852/19/2
f 5850/1/2 5851/1/2 5853/1/2
f 5852/19/2 5850/19/2 5853/19/2
f 5853/1/2 5851/1/2 5854/1/2
f 5855/1/2 5856/1/2 5857/1/2
f 5857/1/2 5856/1/2 5858/1/2
f 5859/1/2 5860/1/2 5861/1/2
f 5861/1/2 5860/1/2 5862/1/2
f 5863/1/2 5864/1/2 5865/1/2
f 5865/1/2 5864/1/2 5866/1/2
f 5867/1/2 5868/1/2 5869/1/2
f 5869/1/2 5868/1/2 5870/1/2
f 5871/1/2 5872/1/2 5873/1/2
f 5873/1/2 5872/1/2 5874/1/2
f 5875/1/2 5876/1/2 5877/1/2
f 5877/1/2 5876/1/2 5878/1/2
f 5879/1/2 5880/1/2 5881/1/2
f 5881/1/2 5880/1/2 5882/1/2
f 5883/1/2 5884/1/2 5885/1/2
f 5885/1/2 5884/1/2 5886/1/2
f 5887/1/2 5888/1/2 5889/1/2
f 5889/1/2 5888/1/2 5890/1/2
f 5891/1/2 5892/1/2 5893/1/2
f 5893/1/2 5892/1/2 5894/1/2
f 5895/1/2 5896/1/2 5897/1/2
f 5897/1/2 5896/1/2 5898/1/2
f 5899/1/2 5900/1/2 5901/1/2
f 5901/1/2 5900/1/2 5902/1/2
f 5903/17/2 5904/17/2 5906/17/2
f 5906/17/2 5904/17/2 5907/17/2
f 5905/1/2 5906/1/2 5909/1/2
f 5908/1/2 5909/1/2 5910/1/2
f 5909/1/2 5906/1/2 5911/1/2
f 5910/1/2 5909/1/2 5911/1/2
f 5911/1/2 5906/1/2 5912/1/2
f 5913/1/2 5914/1/2 5915/1/2
f 5915/1/2 5914/1/2 5916/1/2
f 5917/1/2 5918/1/2 5919/1/2
f 5919/1/2 5918/1/2 5920/1/2
f 5921/1/2 5922/1/2 5923/1/2
f 5923/1/2 5922/1/2 5924/1/2
f 5925/1/2 5926/1/2 5927/1/2
f 5927/1/2 5926/1/2 5928/1/2
f 5929/1/2 5930/1/2 5931/1/2
f 5931/1/2 5930/1/2 5932/1/2
f 5933/1/2 5934/1/2 5935/1/2
f 5935/1/2 5934/1/2 5936/1/2
f 5937/1/2 5938/1/2 5939/1/2
f 5939/1/2 5938/1/2 5940/1/2
f 5941/1/2 5942/1/2 5943/1/2
f 5943/1/2 5942/1/2 5944/1/2
f 5945/1/2 5946/1/2 5947/1/2
f 5947/1/2 5946/1/2 5948/1/2
f 5949/1/2 5950/1/2 5951/1/2
f 5951/1/2 5950/1/2 5952/1/2
f 5953/1/2 5954/1/2 5955/1/2
f 5955/1/2 5954/1/2 5956/1/2
f 5957/1/2 5958/1/2 5959/1/2
f 5959/1/2 5958/1/2 5960/1/2
f 5961/1/2 5962/1/2 5963/1/2
f 5963/1/2 5962/1/2 5964/1/2
f 5965/1/2 5966/1/2 5967/1/2
f 5967/1/2 5966/1/2 5968/1/2
f 5969/1/2 5970/1/2 5971/1/2
f 5971/1/2 5970/1/2 5972/1/2
f 5973/1/2 5974/1/2 5975/1/2
f 5975/1/2 5974/1/2 5976/1/2
f 5977/1/2 5978/1/2 5979/1/2
f 5979/1/2 5978/1/2 5980/1/2
f 5981/1/2 5982/1/2 5983/1/2
f 5983/1/2 5982/1/2 5984/1/2
f 5985/1/2 5986/1/2 5987/1/2
f 5987/1/2 5986/1/2 5988/1/2
f 5989/1/2 5990/1/2 5991/1/2
f 5991/1/2 5990/1/2 5992/1/2
f 5993/1/2 5994/1/2 5995/1/2
f 5995/1/2 5994/1/2 5996/1/2
f 5997/1/2 5998/1/2 5999/1/2
f 5999/1/2 5998/1/2 6000/1/2
f 6001/1/2 6002/1/2 6003/1/2
f 6003/1/2 6002/1/2 6004/1/2
f 6005/1/2 6006/1/2 6007/1/2
f 6007/1/2 6006/1/2 6008/1/2
f 6009/17/2 6010/17/2 6012/17/2
f 6012/17/2 6010/17/2 6013/17/2
f 6011/1/2 6012/1/2 6015/1/2
f 6014/19/2 6015/19/2 6016/19/2
f 6015/1/2 6012/1/2 6017/1/2
f 6016/19/2 6015/19/2 6017/19/2
f 6017/1/2 6012/1/2 6018/1/2
f 6018/1/2 6012/1/2 6019/1/2
f 6020/1/2 6021/1/2 6022/1/2
f 6022/1/2 6021/1/2 6023/1/2
f 6024/17/2 6025/17/2 6028/17/2
f 6028/17/2 6025/17/2 6029/17/2
f 6026/1/2 6027/1/2 6030/1/2
f 6030/1/2 6027/1/2 6031/1/2
f 6032/1/2 6033/1/2 6034/1/2
f 6034/1/2 6033/1/2 6035/1/2
f 6036/17/2 6037/17/2 6038/17/2
f 6038/17/2 6037/17/2 6039/17/2
f 6040/17/2 6041/17/2 6042/17/2
f 6042/17/2 6041/17/2 6043/17/2
f 6044/1/2 6045/1/2 6046/1/2
f 6046/1/2 6045/1/2 6047/1/2
f 6048/17/2 6049/17/2 6050/17/2
f 6050/17/2 6049/17/2 6051/17/2
f 6052/1/2 6053/1/2 6054/1/2
f 6054/1/2 6053/1/2 6055/1/2
f 6056/1/2 6057/1/2 6060/1/2
f 6060/1/2 6057/1/2 6061/1/2
f 6058/1/2 6059/1/2 6062/1/2
f 6062/1/2 6059/1/2 6063/1/2
f 6063/17/2 6064/17/2 6065/17/2
f 6065/17/2 6064/17/2 6066/17/2
f 6067/17/2 6068/17/2 6069/17/2
f 6069/17/2 6068/17/2 6070/17/2
f 6071/1/2 6072/1/2 6073/1/2
f 6073/1/2 6072/1/2 6074/1/2
f 6075/17/2 6076/17/2 6077/17/2
f 6077/17/2 6076/17/2 6078/17/2
f 6078/1/2 6079/1/2 6080/1/2
f 6080/1/2 6079/1/2 6081/1/2
f 6082/1/2 6083/1/2 6084/1/2
f 6084/1/2 6083/1/2 6085/1/2
f 6085/17/2 6086/17/2 6087/17/2
f 6087/17/2 6086/17/2 6088/17/2
f 6089/1/2 6090/1/2 6091/1/2
f 6091/1/2 6090/1/2 6092/1/2
f 6093/17/2 6094/17/2 6095/17/2
f 6095/17/2 6094/17/2 6096/17/2
f 6096/1/2 6097/1/2 6098/1/2
f 6098/1/2 6097/1/2 6099/1/2
f 6100/1/2 6101/1/2 6102/1/2
f 6102/1/2 6101/1/2 6103/1/2
f 6104/1/2 6105/1/2 6106/1/2
f 6106/1/2 6105/1/2 6107/1/2
f 6108/1/2 6109/1/2 6110/1/2
f 6110/1/2 6109/1/2 6111/1/2
f 6112/1/2 6113/1/2 6114/1/2
f 6114/1/2 6113/1/2 6115/1/2
f 6116/1/2 6117/1/2 6118/1/2
f 6118/1/2 6117/1/2 6119/1/2
f 6120/1/2 6121/1/2 6122/1/2
f 6122/1/2 6121/1/2 6123/1/2
f 6124/19/2 6125/19/2 6127/19/2
f 6127/19/2 6125/19/2 6128/19/2
f 6126/1/2 6127/1/2 6128/1/2
f 6128/19/2 6125/19/2 6129/19/2
f 6126/1/2 6128/1/2 6130/1/2
f 6130/1/2 6128/1/2 6131/1/2
f 6132/1/2 6133/1/2 6136/1/2
f 6133/19/2 6134/19/2 6137/19/2
f 6136/1/2 6133/1/2 6137/1/2
f 6135/17/2 6136/17/2 6138/17/2
f 6136/17/2 6137/17/2 6138/17/2
f 6138/17/2 6137/17/2 6139/17/2
f 6137/19/2 6134/19/2 6140/19/2
f 6139/17/2 6137/17/2 6140/17/2
f 6140/19/2 6134/19/2 6141/19/2
f 6142/1/2 6143/1/2 6144/1/2
f 6144/1/2 6143/1/2 6145/1/2
f 6146/1/2 6147/1/2 6148/1/2
f 6148/1/2 6147/1/2 6149/1/2
f 6150/1/2 6151/1/2 6152/1/2
f 6152/1/2 6151/1/2 6153/1/2
f 6154/17/2 6155/17/2 6156/17/2
f 6156/17/2 6155/17/2 6157/17/2
f 6158/1/2 6159/1/2 6160/1/2
f 6160/1/2 6159/1/2 6161/1/2
f 6162/1/2 6163/1/2 6164/1/2
f 6164/1/2 6163/1/2 6165/1/2
f 6166/19/2 6167/19/2 6169/19/2
f 6167/1/2 6168/1/2 6170/1/2
f 6169/19/2 6167/19/2 6170/19/2
f 6170/1/2 6168/1/2 6171/1/2
f 6172/1/2 6173/1/2 6175/1/2
f 6175/1/2 6173/1/2 6176/1/2
f 6174/17/2 6175/17/2 6177/17/2
f 6177/17/2 6175/17/2 6178/17/2
f 6179/19/2 6180/19/2 6181/19/2
f 6181/19/2 6180/19/2 6182/19/2
f 6183/4/2 6184/4/2 6189/4/2
f 6189/4/2 6184/4/2 6190/4/2
f 6187/19/2 6188/19/2 6193/19/2
f 6193/19/2 6188/19/2 6194/19/2
f 6191/19/2 6192/19/2 6198/19/2
f 6198/19/2 6192/19/2 6199/19/2
f 6196/19/2 6197/19/2 6202/19/2
f 6202/19/2 6197/19/2 6203/19/2
f 6185/19/2 6186/19/2 6204/19/2
f 6204/19/2 6186/19/2 6205/19/2
f 6199/19/2 6200/19/2 6209/19/2
f 6209/19/2 6200/19/2 6210/19/2
f 6201/19/2 6202/19/2 6213/19/2
f 6213/19/2 6202/19/2 6214/19/2
f 6207/11/2 6208/11/2 6215/11/2
f 6215/11/2 6208/11/2 6216/11/2
f 6210/19/2 6211/19/2 6217/19/2
f 6217/19/2 6211/19/2 6218/19/2
f 6194/19/2 6195/19/2 6220/19/2
f 6220/19/2 6195/19/2 6221/19/2
f 6212/19/2 6213/19/2 6224/19/2
f 6224/19/2 6213/19/2 6225/19/2
f 6218/19/2 6219/19/2 6226/19/2
f 6226/19/2 6219/19/2 6227/19/2
f 6205/19/2 6206/19/2 6230/19/2
f 6230/19/2 6206/19/2 6231/19/2
f 6227/19/2 6228/19/2 6232/19/2
f 6232/19/2 6228/19/2 6233/19/2
f 6229/19/2 6230/19/2 6236/19/2
f 6236/19/2 6230/19/2 6237/19/2
f 6221/19/2 6222/19/2 6238/19/2
f 6223/19/2 6224/19/2 6239/19/2
f 6239/19/2 6224/19/2 6240/19/2
f 6233/19/2 6234/19/2 6241/19/2
f 6241/19/2 6234/19/2 6242/19/2
f 6235/19/2 6236/19/2 6245/19/2
f 6245/19/2 6236/19/2 6246/19/2
f 6221/19/2 6238/19/2 6247/19/2
f 6238/19/2 6239/19/2 6247/19/2
f 6247/19/2 6239/19/2 6248/19/2
f 6244/19/2 6245/19/2 6250/19/2
f 6250/19/2 6245/19/2 6251/19/2
f 6221/19/2 6247/19/2 6253/19/2
f 6253/19/2 6247/19/2 6254/19/2
f 6242/19/2 6243/19/2 6255/19/2
f 6255/19/2 6243/19/2 6256/19/2
f 6249/19/2 6250/19/2 6259/19/2
f 6259/19/2 6250/19/2 6260/19/2
f 6252/19/2 6253/19/2 6262/19/2
f 6262/19/2 6253/19/2 6263/19/2
f 6256/19/2 6257/19/2 6264/19/2
f 6264/19/2 6257/19/2 6265/19/2
f 6261/19/2 6262/19/2 6268/19/2
f 6268/19/2 6262/19/2 6269/19/2
f 6258/19/2 6259/19/2 6273/19/2
f 6273/19/2 6259/19/2 6274/19/2
f 6267/19/2 6268/19/2 6276/19/2
f 6276/19/2 6268/19/2 6277/19/2
f 6265/19/2 6266/19/2 6278/19/2
f 6278/19/2 6266/19/2 6279/19/2
f 6272/19/2 6273/19/2 6281/19/2
f 6281/19/2 6273/19/2 6282/19/2
f 6275/19/2 6276/19/2 6283/19/2
f 6283/19/2 6276/19/2 6284/19/2
f 6270/19/2 6271/19/2 6286/19/2
f 6286/19/2 6271/19/2 6287/19/2
f 6279/19/2 6280/19/2 6288/19/2
f 6288/19/2 6280/19/2 6289/19/2
f 6285/19/2 6286/19/2 6290/19/2
f 6290/19/2 6286/19/2 6291/19/2
f 6298/19/2 6299/19/2 6301/19/2
f 6301/19/2 6299/19/2 6302/19/2
f 6292/19/2 6293/19/2 6303/19/2
f 6303/19/2 6293/19/2 6304/19/2
f 6294/19/2 6295/19/2 6306/19/2
f 6306/19/2 6295/19/2 6307/19/2
f 6296/19/2 6297/19/2 6309/19/2
f 6309/19/2 6297/19/2 6310/19/2
f 6300/19/2 6301/19/2 6312/19/2
f 6312/19/2 6301/19/2 6313/19/2
f 6305/19/2 6306/19/2 6315/19/2
f 6315/19/2 6306/19/2 6316/19/2
f 6308/19/2 6309/19/2 6317/19/2
f 6317/19/2 6309/19/2 6318/19/2
f 6318/19/2 6319/19/2 6320/19/2
f 6320/19/2 6319/19/2 6321/19/2
f 6311/19/2 6312/19/2 6324/19/2
f 6324/19/2 6312/19/2 6325/19/2
f 6314/19/2 6315/19/2 6327/19/2
f 6327/19/2 6315/19/2 6328/19/2
f 6321/19/2 6322/19/2 6329/19/2
f 6329/19/2 6322/19/2 6330/19/2
f 6323/19/2 6324/19/2 6333/19/2
f 6333/19/2 6324/19/2 6334/19/2
f 6330/19/2 6331/19/2 6335/19/2
f 6335/19/2 6331/19/2 6336/19/2
f 6326/19/2 6327/19/2 6339/19/2
f 6339/19/2 6327/19/2 6340/19/2
f 6332/19/2 6333/19/2 6342/19/2
f 6342/19/2 6333/19/2 6343/19/2
f 6338/19/2 6339/19/2 6344/19/2
f 6336/19/2 6337/19/2 6345/19/2
f 6345/19/2 6337/19/2 6346/19/2
f 6303/1/2 6304/1/2 6348/1/2
f 6344/19/2 6339/19/2 6350/19/2
f 6350/19/2 6339/19/2 6351/19/2
f 6346/19/2 6347/19/2 6352/19/2
f 6352/19/2 6347/19/2 6353/19/2
f 6341/19/2 6342/19/2 6356/19/2
f 6356/19/2 6342/19/2 6357/19/2
f 6349/19/2 6350/19/2 6358/19/2
f 6353/19/2 6354/19/2 6359/19/2
f 6359/19/2 6354/19/2 6360/19/2
f 6355/19/2 6356/19/2 6365/19/2
f 6365/19/2 6356/19/2 6366/19/2
f 6348/1/2 6349/1/2 6367/1/2
f 6303/1/2 6348/1/2 6367/1/2
f 6349/19/2 6358/19/2 6368/19/2
f 6367/1/2 6349/1/2 6368/1/2
f 6368/19/2 6358/19/2 6369/19/2
f 6360/19/2 6361/19/2 6370/19/2
f 6370/19/2 6361/19/2 6371/19/2
f 6362/19/2 6363/19/2 6372/19/2
f 6372/19/2 6363/19/2 6373/19/2
f 6303/1/2 6367/1/2 6375/1/2
f 6367/19/2 6368/19/2 6375/19/2
f 6375/19/2 6368/19/2 6376/19/2
f 6373/19/2 6374/19/2 6377/19/2
f 6372/19/2 6373/19/2 6377/19/2
f 6371/19/2 6372/19/2 6377/19/2
f 6377/19/2 6374/19/2 6378/19/2
f 6378/19/2 6374/19/2 6379/19/2
f 6379/19/2 6374/19/2 6380/19/2
f 6364/19/2 6365/19/2 6382/19/2
f 6382/19/2 6365/19/2 6383/19/2
f 6375/1/2 6376/1/2 6384/1/2
f 6303/1/2 6375/1/2 6384/1/2
f 6384/1/2 6376/1/2 6385/1/2
f 6378/19/2 6379/19/2 6386/19/2
f 6386/19/2 6379/19/2 6387/19/2
f 6384/19/2 6385/19/2 6389/19/2
f 6303/1/2 6384/1/2 6389/1/2
f 6389/19/2 6385/19/2 6390/19/2
f 6381/19/2 6382/19/2 6392/19/2
f 6392/19/2 6382/19/2 6393/19/2
f 6389/1/2 6390/1/2 6394/1/2
f 6303/1/2 6389/1/2 6394/1/2
f 6394/1/2 6390/1/2 6395/1/2
f 6387/19/2 6388/19/2 6396/19/2
f 6396/19/2 6388/19/2 6397/19/2
f 6391/19/2 6392/19/2 6398/19/2
f 6398/19/2 6392/19/2 6399/19/2
f 6400/19/2 6401/19/2 6407/19/2
f 6407/19/2 6401/19/2 6408/19/2
f 6402/19/2 6403/19/2 6409/19/2
f 6409/19/2 6403/19/2 6410/19/2
f 6404/19/2 6405/19/2 6413/19/2
f 6413/19/2 6405/19/2 6414/19/2
f 6406/19/2 6407/19/2 6418/19/2
f 6418/19/2 6407/19/2 6419/19/2
f 6410/19/2 6411/19/2 6420/19/2
f 6412/19/2 6413/19/2 6423/19/2
f 6417/19/2 6418/19/2 6425/19/2
f 6425/19/2 6418/19/2 6426/19/2
f 6415/19/2 6416/19/2 6427/19/2
f 6427/19/2 6416/19/2 6428/19/2
f 6420/19/2 6421/19/2 6431/19/2
f 6410/19/2 6420/19/2 6431/19/2
f 6431/19/2 6421/19/2 6432/19/2
f 6422/19/2 6423/19/2 6434/19/2
f 6423/19/2 6413/19/2 6435/19/2
f 6434/19/2 6423/19/2 6435/19/2
f 6428/19/2 6429/19/2 6436/19/2
f 6424/19/2 6425/19/2 6437/19/2
f 6437/19/2 6425/19/2 6438/19/2
f 6435/19/2 6413/19/2 6439/19/2
f 6439/19/2 6413/19/2 6440/19/2
f 6428/19/2 6436/19/2 6442/19/2
f 6436/19/2 6437/19/2 6442/19/2
f 6442/19/2 6437/19/2 6443/19/2
f 6432/19/2 6433/19/2 6444/19/2
f 6444/19/2 6433/19/2 6445/19/2
f 6428/19/2 6442/19/2 6446/19/2
f 6446/19/2 6442/19/2 6447/19/2
f 6430/19/2 6431/19/2 6450/19/2
f 6450/19/2 6431/19/2 6451/19/2
f 6440/19/2 6441/19/2 6457/19/2
f 6457/19/2 6441/19/2 6458/19/2
f 6452/19/2 6453/19/2 6459/19/2
f 6459/19/2 6453/19/2 6460/19/2
f 6454/19/2 6455/19/2 6464/19/2
f 6455/19/2 6456/19/2 6464/19/2
f 6449/19/2 6450/19/2 6466/19/2
f 6466/19/2 6450/19/2 6467/19/2
f 6460/19/2 6461/19/2 6468/19/2
f 6468/19/2 6461/19/2 6469/19/2
f 6469/19/2 6461/19/2 6470/19/2
f 6462/19/2 6463/19/2 6471/19/2
f 6463/19/2 6464/19/2 6471/19/2
f 6471/19/2 6464/19/2 6472/19/2
f 6464/19/2 6456/19/2 6473/19/2
f 6472/19/2 6464/19/2 6473/19/2
f 6447/19/2 6448/19/2 6474/19/2
f 6474/19/2 6448/19/2 6475/19/2
f 6469/19/2 6470/19/2 6477/19/2
f 6470/19/2 6471/19/2 6477/19/2
f 6471/19/2 6472/19/2 6477/19/2
f 6477/19/2 6472/19/2 6478/19/2
f 6465/19/2 6466/19/2 6483/19/2
f 6478/19/2 6479/19/2 6484/19/2
f 6484/19/2 6479/19/2 6485/19/2
f 6485/19/2 6479/19/2 6486/19/2
f 6480/19/2 6481/19/2 6487/19/2
f 6487/19/2 6481/19/2 6488/19/2
f 6482/19/2 6483/19/2 6489/19/2
f 6483/19/2 6466/19/2 6490/19/2
f 6489/19/2 6483/19/2 6490/19/2
f 6486/19/2 6487/19/2 6492/19/2
f 6492/19/2 6487/19/2 6493/19/2
f 6475/19/2 6476/19/2 6494/19/2
f 6494/19/2 6476/19/2 6495/19/2
f 6490/19/2 6491/19/2 6497/19/2
f 6497/19/2 6491/19/2 6498/19/2
f 6498/19/2 6499/19/2 6500/19/2
f 6500/19/2 6499/19/2 6501/19/2
f 6495/19/2 6496/19/2 6503/19/2
f 6503/19/2 6496/19/2 6504/19/2
f 6501/19/2 6502/19/2 6505/19/2
f 6505/19/2 6502/19/2 6506/19/2
f 6509/19/2 6510/19/2 6511/19/2
f 6511/19/2 6510/19/2 6512/19/2
f 6512/19/2 6510/19/2 6513/19/2
f 6507/19/2 6508/19/2 6515/19/2
f 6515/19/2 6508/19/2 6516/19/2
f 6513/19/2 6514/19/2 6518/19/2
f 6512/19/2 6513/19/2 6518/19/2
f 6518/19/2 6514/19/2 6519/19/2
f 6519/19/2 6520/19/2 6521/19/2
f 6521/19/2 6520/19/2 6522/19/2
f 6512/19/2 6518/19/2 6525/19/2
f 6525/19/2 6518/19/2 6526/19/2
f 6522/19/2 6523/19/2 6527/19/2
f 6527/19/2 6523/19/2 6528/19/2
f 6516/19/2 6517/19/2 6531/19/2
f 6531/19/2 6517/19/2 6532/19/2
f 6524/19/2 6525/19/2 6535/19/2
f 6534/19/2 6535/19/2 6538/19/2
f 6535/19/2 6525/19/2 6539/19/2
f 6538/19/2 6535/19/2 6539/19/2
f 6539/19/2 6525/19/2 6540/19/2
f 6536/19/2 6537/19/2 6541/19/2
f 6532/19/2 6533/19/2 6542/19/2
f 6542/19/2 6533/19/2 6543/19/2
f 6540/19/2 6541/19/2 6546/19/2
f 6539/19/2 6540/19/2 6546/19/2
f 6546/19/2 6541/19/2 6547/19/2
f 6541/19/2 6537/19/2 6548/19/2
f 6547/19/2 6541/19/2 6548/19/2
f 6546/19/2 6547/19/2 6551/19/2
f 6545/19/2 6546/19/2 6551/19/2
f 6551/19/2 6547/19/2 6552/19/2
f 6548/19/2 6549/19/2 6553/19/2
f 6553/19/2 6549/19/2 6554/19/2
f 6543/19/2 6544/19/2 6556/19/2
f 6550/19/2 6551/19/2 6559/19/2
f 6559/19/2 6551/19/2 6560/19/2
f 6554/19/2 6555/19/2 6561/19/2
f 6561/19/2 6555/19/2 6562/19/2
f 6529/1/2 6530/1/2 6564/1/2
f 6564/1/2 6530/1/2 6565/1/2
f 6556/19/2 6557/19/2 6567/19/2
f 6543/19/2 6556/19/2 6567/19/2
f 6567/19/2 6557/19/2 6568/19/2
f 6568/19/2 6557/19/2 6569/19/2
f 6569/19/2 6557/19/2 6570/19/2
f 6558/19/2 6559/19/2 6573/19/2
f 6573/19/2 6559/19/2 6574/19/2
f 6562/19/2 6563/19/2 6575/19/2
f 6575/19/2 6563/19/2 6576/19/2
f 6566/19/2 6567/19/2 6579/19/2
f 6579/19/2 6567/19/2 6580/19/2
f 6570/19/2 6571/19/2 6581/19/2
f 6581/19/2 6571/19/2 6582/19/2
f 6572/19/2 6573/19/2 6585/19/2
f 6585/19/2 6573/19/2 6586/19/2
f 6576/19/2 6577/19/2 6587/19/2
f 6587/19/2 6577/19/2 6588/19/2
f 6578/19/2 6579/19/2 6591/19/2
f 6591/19/2 6579/19/2 6592/19/2
f 6568/19/2 6569/19/2 6593/19/2
f 6593/19/2 6569/19/2 6594/19/2
f 6582/19/2 6583/19/2 6595/19/2
f 6595/19/2 6583/19/2 6596/19/2
f 6584/19/2 6585/19/2 6598/19/2
f 6598/19/2 6585/19/2 6599/19/2
f 6588/19/2 6589/19/2 6600/19/2
f 6600/19/2 6589/19/2 6601/19/2
f 6590/19/2 6591/19/2 6604/19/2
f 6604/19/2 6591/19/2 6605/19/2
f 6596/19/2 6597/19/2 6606/19/2
f 6606/19/2 6597/19/2 6607/19/2
f 6601/19/2 6602/19/2 6609/19/2
f 6609/19/2 6602/19/2 6610/19/2
f 6603/19/2 6604/19/2 6613/19/2
f 6613/19/2 6604/19/2 6614/19/2
f 6607/19/2 6608/19/2 6615/19/2
f 6615/19/2 6608/19/2 6616/19/2
f 6610/19/2 6611/19/2 6618/19/2
f 6618/19/2 6611/19/2 6619/19/2
f 6612/19/2 6613/19/2 6620/19/2
f 6620/19/2 6613/19/2 6621/19/2
f 6616/19/2 6617/19/2 6622/19/2
f 6622/19/2 6617/19/2 6623/19/2
f 6624/19/2 6625/19/2 6628/19/2
f 6628/19/2 6625/19/2 6629/19/2
f 6626/19/2 6627/19/2 6633/19/2
f 6633/19/2 6627/19/2 6634/19/2
f 6629/19/2 6630/19/2 6638/19/2
f 6638/19/2 6630/19/2 6639/19/2
f 6631/19/2 6632/19/2 6641/19/2
f 6641/19/2 6632/19/2 6642/19/2
f 6634/19/2 6635/19/2 6643/19/2
f 6643/19/2 6635/19/2 6644/19/2
f 6636/19/2 6637/19/2 6647/19/2
f 6647/19/2 6637/19/2 6648/19/2
f 6640/19/2 6641/19/2 6650/19/2
f 6650/19/2 6641/19/2 6651/19/2
f 6644/19/2 6645/19/2 6652/19/2
f 6652/19/2 6645/19/2 6653/19/2
f 6646/19/2 6647/19/2 6656/19/2
f 6656/19/2 6647/19/2 6657/19/2
f 6653/19/2 6654/19/2 6658/19/2
f 6658/19/2 6654/19/2 6659/19/2
f 6655/19/2 6656/19/2 6662/19/2
f 6662/19/2 6656/19/2 6663/19/2
f 6649/19/2 6650/19/2 6665/19/2
f 6665/19/2 6650/19/2 6666/19/2
f 6659/19/2 6660/19/2 6667/19/2
f 6667/19/2 6660/19/2 6668/19/2
f 6661/19/2 6662/19/2 6671/19/2
f 6671/19/2 6662/19/2 6672/19/2
f 6639/19/2 6630/19/2 6674/19/2
f 6674/19/2 6630/19/2 6675/19/2
f 6664/19/2 6665/19/2 6676/19/2
f 6676/19/2 6665/19/2 6677/19/2
f 6668/19/2 6669/19/2 6678/19/2
f 6678/19/2 6669/19/2 6679/19/2
f 6670/19/2 6671/19/2 6682/19/2
f 6682/19/2 6671/19/2 6683/19/2
f 6673/19/2 6674/19/2 6684/19/2
f 6675/19/2 6676/19/2 6685/19/2
f 6685/19/2 6676/19/2 6686/19/2
f 6679/19/2 6680/19/2 6689/19/2
f 6689/19/2 6680/19/2 6690/19/2
f 6681/19/2 6682/19/2 6691/19/2
f 6691/19/2 6682/19/2 6692/19/2
f 6687/19/2 6688/19/2 6694/19/2
f 6694/19/2 6688/19/2 6695/19/2
f 6690/19/2 6691/19/2 6696/19/2
f 6696/19/2 6691/19/2 6697/19/2
f 6684/19/2 6685/19/2 6699/19/2
f 6673/19/2 6684/19/2 6699/19/2
f 6699/19/2 6685/19/2 6700/19/2
f 6700/19/2 6685/19/2 6701/19/2
f 6690/19/2 6696/19/2 6703/19/2
f 6703/19/2 6696/19/2 6704/19/2
f 6699/19/2 6700/19/2 6706/19/2
f 6698/19/2 6699/19/2 6706/19/2
f 6706/19/2 6700/19/2 6707/19/2
f 6693/19/2 6694/19/2 6709/19/2
f 6709/19/2 6694/19/2 6710/19/2
f 6702/19/2 6703/19/2 6712/19/2
f 6712/19/2 6703/19/2 6713/19/2
f 6704/19/2 6705/19/2 6714/19/2
f 6714/19/2 6705/19/2 6715/19/2
f 6698/19/2 6706/19/2 6718/19/2
f 6718/19/2 6706/19/2 6719/19/2
f 6711/19/2 6712/19/2 6721/19/2
f 6721/19/2 6712/19/2 6722/19/2
f 6715/19/2 6716/19/2 6723/19/2
f 6723/19/2 6716/19/2 6724/19/2
f 6717/19/2 6718/19/2 6727/19/2
f 6727/19/2 6718/19/2 6728/19/2
f 6720/19/2 6721/19/2 6730/19/2
f 6730/19/2 6721/19/2 6731/19/2
f 6724/19/2 6725/19/2 6732/19/2
f 6732/19/2 6725/19/2 6733/19/2
f 6729/19/2 6730/19/2 6736/19/2
f 6736/19/2 6730/19/2 6737/19/2
f 6733/19/2 6734/19/2 6738/19/2
f 6738/19/2 6734/19/2 6739/19/2
f 6726/19/2 6727/19/2 6742/19/2
f 6742/19/2 6727/19/2 6743/19/2
f 6708/19/2 6709/19/2 6745/19/2
f 6745/19/2 6709/19/2 6746/19/2
f 6735/19/2 6736/19/2 6747/19/2
f 6747/19/2 6736/19/2 6748/19/2
f 6739/19/2 6740/19/2 6749/19/2
f 6749/19/2 6740/19/2 6750/19/2
f 6741/19/2 6742/19/2 6753/19/2
f 6753/19/2 6742/19/2 6754/19/2
f 6750/19/2 6751/19/2 6755/19/2
f 6755/19/2 6751/19/2 6756/19/2
f 6752/19/2 6753/19/2 6757/19/2
f 6757/19/2 6753/19/2 6758/19/2
f 6744/19/2 6745/19/2 6759/19/2
f 6759/19/2 6745/19/2 6760/19/2
f 6761/18/2 6762/18/2 6763/18/2
f 6761/18/2 6763/18/2 6766/18/2
f 6763/18/2 6764/18/2 6766/18/2
f 6766/18/2 6764/18/2 6767/18/2
f 6767/18/2 6764/18/2 6768/18/2
f 6765/1/2 6766/1/2 6774/1/2
f 6766/1/2 6767/1/2 6774/1/2
f 6774/1/2 6767/1/2 6775/1/2
f 6768/1/2 6769/1/2 6776/1/2
f 6770/1/2 6771/1/2 6777/1/2
f 6777/1/2 6771/1/2 6778/1/2
f 6778/1/2 6771/1/2 6779/1/2
f 6779/1/2 6771/1/2 6780/1/2
f 6775/1/2 6767/1/2 6782/1/2
f 6782/1/2 6767/1/2 6783/1/2
f 6778/1/2 6779/1/2 6784/1/2
f 6784/1/2 6779/1/2 6785/1/2
f 6780/1/2 6771/1/2 6786/1/2
f 6783/1/2 6767/1/2 6787/1/2
f 6768/1/2 6776/1/2 6788/1/2
f 6776/1/2 6777/1/2 6788/1/2
f 6788/1/2 6777/1/2 6789/1/2
f 6772/11/2 6773/11/2 6790/11/2
f 6790/11/2 6773/11/2 6791/11/2
f 6781/1/2 6782/1/2 6792/1/2
f 6783/1/2 6787/1/2 6793/1/2
f 6787/1/2 6788/1/2 6793/1/2
f 6793/1/2 6788/1/2 6794/1/2
f 6778/1/2 6784/1/2 6795/1/2
f 6795/1/2 6784/1/2 6796/1/2
f 6785/1/2 6786/1/2 6797/1/2
f 6792/1/2 6793/1/2 6798/1/2
f 6794/1/2 6788/1/2 6799/1/2
f 6799/1/2 6788/1/2 6800/1/2
f 6789/1/2 6777/1/2 6801/1/2
f 6778/1/2 6795/1/2 6802/1/2
f 6802/1/2 6795/1/2 6803/1/2
f 6803/1/2 6795/1/2 6804/1/2
f 6804/1/2 6795/1/2 6805/1/2
f 6796/1/2 6797/1/2 6806/1/2
f 6798/1/2 6799/1/2 6807/1/2
f 6800/1/2 6788/1/2 6808/1/2
f 6808/1/2 6788/1/2 6809/1/2
f 6809/1/2 6788/1/2 6810/1/2
f 6810/1/2 6788/1/2 6811/1/2
f 6789/1/2 6801/1/2 6812/1/2
f 6801/1/2 6802/1/2 6812/1/2
f 6807/1/2 6808/1/2 6813/1/2
f 6809/1/2 6810/1/2 6814/1/2
f 6814/1/2 6810/1/2 6815/1/2
f 6815/1/2 6810/1/2 6816/1/2
f 6816/1/2 6810/1/2 6817/1/2
f 6811/1/2 6812/1/2 6818/1/2
f 6803/1/2 6804/1/2 6819/1/2
f 6819/1/2 6804/1/2 6820/1/2
f 6805/1/2 6806/1/2 6821/1/2
f 6813/1/2 6814/1/2 6822/1/2
f 6815/1/2 6816/1/2 6823/1/2
f 6823/1/2 6816/1/2 6824/1/2
f 6824/1/2 6816/1/2 6825/1/2
f 6825/1/2 6816/1/2 6826/1/2
f 6817/1/2 6818/1/2 6827/1/2
f 6820/1/2 6821/1/2 6829/1/2
f 6824/1/2 6825/1/2 6830/1/2
f 6830/1/2 6825/1/2 6831/1/2
f 6826/1/2 6827/1/2 6832/1/2
f 6812/1/2 6802/1/2 6833/1/2
f 6818/1/2 6812/1/2 6833/1/2
f 6832/1/2 6827/1/2 6833/1/2
f 6827/1/2 6818/1/2 6833/1/2
f 6833/1/2 6802/1/2 6834/1/2
f 6828/1/2 6829/1/2 6835/1/2
f 6798/1/2 6807/1/2 6836/1/2
f 6781/1/2 6792/1/2 6836/1/2
f 6792/1/2 6798/1/2 6836/1/2
f 6807/1/2 6813/1/2 6836/1/2
f 6813/1/2 6822/1/2 6836/1/2
f 6822/1/2 6823/1/2 6836/1/2
f 6836/1/2 6823/1/2 6837/1/2
f 6837/1/2 6823/1/2 6838/1/2
f 6824/1/2 6830/1/2 6839/1/2
f 6839/1/2 6830/1/2 6840/1/2
f 6840/1/2 6830/1/2 6841/1/2
f 6841/1/2 6830/1/2 6842/1/2
f 6832/1/2 6833/1/2 6843/1/2
f 6831/1/2 6832/1/2 6843/1/2
f 6843/1/2 6833/1/2 6844/1/2
f 6844/1/2 6833/1/2 6845/1/2
f 6834/1/2 6835/1/2 6846/1/2
f 6837/1/2 6838/1/2 6847/1/2
f 6838/1/2 6839/1/2 6847/1/2
f 6840/1/2 6841/1/2 6848/1/2
f 6848/1/2 6841/1/2 6849/1/2
f 6843/1/2 6844/1/2 6850/1/2
f 6842/1/2 6843/1/2 6850/1/2
f 6850/1/2 6844/1/2 6851/1/2
f 6845/1/2 6846/1/2 6852/1/2
f 6835/1/2 6829/1/2 6853/1/2
f 6786/1/2 6771/1/2 6853/1/2
f 6852/1/2 6846/1/2 6853/1/2
f 6846/1/2 6835/1/2 6853/1/2
f 6797/1/2 6786/1/2 6853/1/2
f 6821/1/2 6806/1/2 6853/1/2
f 6806/1/2 6797/1/2 6853/1/2
f 6829/1/2 6821/1/2 6853/1/2
f 6853/1/2 6771/1/2 6854/1/2
f 6849/1/2 6841/1/2 6855/1/2
f 6855/1/2 6841/1/2 6856/1/2
f 6842/1/2 6850/1/2 6857/1/2
f 6857/1/2 6850/1/2 6858/1/2
f 6858/1/2 6850/1/2 6859/1/2
f 6851/1/2 6852/1/2 6860/1/2
f 6852/1/2 6853/1/2 6860/1/2
f 6847/1/2 6848/1/2 6861/1/2
f 6849/1/2 6855/1/2 6862/1/2
f 6862/1/2 6855/1/2 6863/1/2
f 6863/1/2 6855/1/2 6864/1/2
f 6857/1/2 6858/1/2 6865/1/2
f 6856/1/2 6857/1/2 6865/1/2
f 6865/1/2 6858/1/2 6866/1/2
f 6859/1/2 6860/1/2 6867/1/2
f 6860/1/2 6853/1/2 6868/1/2
f 6867/1/2 6860/1/2 6868/1/2
f 6868/1/2 6853/1/2 6869/1/2
f 6854/1/2 6771/1/2 6870/1/2
f 6837/1/2 6847/1/2 6871/1/2
f 6847/1/2 6861/1/2 6871/1/2
f 6861/1/2 6862/1/2 6871/1/2
f 6871/1/2 6862/1/2 6872/1/2
f 6872/1/2 6862/1/2 6873/1/2
f 6865/1/2 6866/1/2 6874/1/2
f 6866/1/2 6867/1/2 6874/1/2
f 6863/1/2 6864/1/2 6874/1/2
f 6867/1/2 6868/1/2 6874/1/2
f 6864/1/2 6865/1/2 6874/1/2
f 6874/1/2 6868/1/2 6875/1/2
f 6875/1/2 6868/1/2 6876/1/2
f 6876/1/2 6868/1/2 6877/1/2
f 6877/1/2 6868/1/2 6878/1/2
f 6878/1/2 6868/1/2 6879/1/2
f 6869/1/2 6870/1/2 6880/1/2
f 6870/1/2 6771/1/2 6881/1/2
f 6880/1/2 6870/1/2 6881/1/2
f 6872/17/2 6873/17/2 6883/17/2
f 6883/17/2 6873/17/2 6884/17/2
f 6875/17/2 6876/17/2 6885/17/2
f 6877/17/2 6878/17/2 6888/17/2
f 6882/17/2 6883/17/2 6891/17/2
f 6891/17/2 6883/17/2 6892/17/2
f 6885/17/2 6886/17/2 6893/17/2
f 6875/17/2 6885/17/2 6893/17/2
f 6893/17/2 6886/17/2 6894/17/2
f 6894/17/2 6886/17/2 6895/17/2
f 6887/17/2 6888/17/2 6896/17/2
f 6888/17/2 6878/17/2 6897/17/2
f 6896/17/2 6888/17/2 6897/17/2
f 6897/17/2 6878/17/2 6898/17/2
f 6896/1/2 6897/1/2 6900/1/2
f 6895/1/2 6896/1/2 6900/1/2
f 6900/1/2 6897/1/2 6901/1/2
f 6898/1/2 6899/1/2 6902/1/2
f 6890/1/2 6891/1/2 6903/1/2
f 6903/1/2 6891/1/2 6904/1/2
f 6893/1/2 6894/1/2 6905/1/2
f 6892/1/2 6893/1/2 6905/1/2
f 6905/1/2 6894/1/2 6906/1/2
f 6906/1/2 6894/1/2 6907/1/2
f 6895/1/2 6900/1/2 6908/1/2
f 6907/1/2 6908/1/2 6909/1/2
f 6908/1/2 6900/1/2 6909/1/2
f 6909/1/2 6900/1/2 6910/1/2
f 6901/1/2 6902/1/2 6911/1/2
f 6890/1/2 6903/1/2 6912/1/2
f 6912/1/2 6903/1/2 6913/1/2
f 6905/1/2 6906/1/2 6914/1/2
f 6904/1/2 6905/1/2 6914/1/2
f 6914/1/2 6906/1/2 6915/1/2
f 6907/1/2 6909/1/2 6916/1/2
f 6916/1/2 6909/1/2 6917/1/2
f 6914/1/2 6915/1/2 6918/1/2
f 6915/1/2 6916/1/2 6918/1/2
f 6913/1/2 6914/1/2 6918/1/2
f 6917/1/2 6909/1/2 6919/1/2
f 6919/1/2 6909/1/2 6920/1/2
f 6920/1/2 6909/1/2 6921/1/2
f 6921/1/2 6909/1/2 6922/1/2
f 6910/1/2 6911/1/2 6923/1/2
f 6890/1/2 6912/1/2 6924/1/2
f 6924/1/2 6912/1/2 6925/1/2
f 6913/1/2 6918/1/2 6926/1/2
f 6918/1/2 6919/1/2 6926/1/2
f 6926/1/2 6919/1/2 6927/1/2
f 6920/1/2 6921/1/2 6928/1/2
f 6928/1/2 6921/1/2 6929/1/2
f 6929/1/2 6921/1/2 6930/1/2
f 6930/1/2 6921/1/2 6931/1/2
f 6922/1/2 6923/1/2 6932/1/2
f 6926/1/2 6927/1/2 6933/1/2
f 6925/1/2 6926/1/2 6933/1/2
f 6927/1/2 6928/1/2 6933/1/2
f 6929/1/2 6930/1/2 6934/1/2
f 6934/1/2 6930/1/2 6935/1/2
f 6890/1/2 6924/1/2 6936/1/2
f 6936/1/2 6924/1/2 6937/1/2
f 6925/1/2 6933/1/2 6938/1/2
f 6933/1/2 6934/1/2 6938/1/2
f 6935/1/2 6930/1/2 6939/1/2
f 6939/1/2 6930/1/2 6940/1/2
f 6931/1/2 6932/1/2 6941/1/2
f 6889/19/2 6890/19/2 6942/19/2
f 6890/1/2 6936/1/2 6942/1/2
f 6942/1/2 6936/1/2 6943/1/2
f 6937/1/2 6938/1/2 6944/1/2
f 6938/1/2 6934/1/2 6944/1/2
f 6935/1/2 6939/1/2 6945/1/2
f 6945/1/2 6939/1/2 6946/1/2
f 6942/19/2 6943/19/2 6947/19/2
f 6889/19/2 6942/19/2 6947/19/2
f 6947/19/2 6943/19/2 6948/19/2
f 6937/1/2 6944/1/2 6949/1/2
f 6944/1/2 6945/1/2 6949/1/2
f 6949/1/2 6945/1/2 6950/1/2
f 6946/1/2 6939/1/2 6951/1/2
f 6951/1/2 6939/1/2 6952/1/2
f 6952/1/2 6939/1/2 6953/1/2
f 6953/1/2 6939/1/2 6954/1/2
f 6940/1/2 6941/1/2 6955/1/2
f 6948/19/2 6949/19/2 6956/19/2
f 6949/1/2 6950/1/2 6957/1/2
f 6956/19/2 6949/19/2 6957/19/2
f 6950/1/2 6951/1/2 6957/1/2
f 6957/1/2 6951/1/2 6958/1/2
f 6952/1/2 6953/1/2 6959/1/2
f 6959/1/2 6953/1/2 6960/1/2
f 6960/1/2 6953/1/2 6961/1/2
f 6961/1/2 6953/1/2 6962/1/2
f 6962/1/2 6953/1/2 6963/1/2
f 6963/1/2 6953/1/2 6964/1/2
f 6954/1/2 6955/1/2 6965/1/2
f 6957/1/2 6958/1/2 6967/1/2
f 6956/1/2 6957/1/2 6967/1/2
f 6958/1/2 6959/1/2 6967/1/2
f 6967/1/2 6959/1/2 6968/1/2
f 6960/1/2 6961/1/2 6969/1/2
f 6969/1/2 6961/1/2 6970/1/2
f 6962/1/2 6963/1/2 6971/1/2
f 6971/1/2 6963/1/2 6972/1/2
f 6967/1/2 6968/1/2 6973/1/2
f 6968/1/2 6969/1/2 6973/1/2
f 6972/1/2 6963/1/2 6976/1/2
f 6976/1/2 6963/1/2 6977/1/2
f 6977/1/2 6963/1/2 6978/1/2
f 6964/1/2 6965/1/2 6979/1/2
f 6973/1/2 6974/1/2 6980/1/2
f 6975/1/2 6976/1/2 6981/1/2
f 6976/1/2 6977/1/2 6981/1/2
f 6981/1/2 6977/1/2 6982/1/2
f 6982/1/2 6977/1/2 6983/1/2
f 6983/1/2 6977/1/2 6984/1/2
f 6978/1/2 6979/1/2 6985/1/2
f 6966/19/2 6967/19/2 6988/19/2
f 6967/1/2 6973/1/2 6989/1/2
f 6988/19/2 6967/19/2 6989/19/2
f 6973/1/2 6980/1/2 6989/1/2
f 6980/1/2 6981/1/2 6989/1/2
f 6989/1/2 6981/1/2 6990/1/2
f 6990/1/2 6981/1/2 6991/1/2
f 6991/1/2 6981/1/2 6992/1/2
f 6982/1/2 6983/1/2 6993/1/2
f 6993/1/2 6983/1/2 6994/1/2
f 6994/1/2 6983/1/2 6995/1/2
f 6995/1/2 6983/1/2 6996/1/2
f 6984/1/2 6985/1/2 6997/1/2
f 6941/1/2 6932/1/2 6998/1/2
f 6997/1/2 6985/1/2 6998/1/2
f 6902/1/2 6899/1/2 6998/1/2
f 6911/1/2 6902/1/2 6998/1/2
f 6932/1/2 6923/1/2 6998/1/2
f 6923/1/2 6911/1/2 6998/1/2
f 6955/1/2 6941/1/2 6998/1/2
f 6979/1/2 6965/1/2 6998/1/2
f 6965/1/2 6955/1/2 6998/1/2
f 6985/1/2 6979/1/2 6998/1/2
f 6990/17/2 6991/17/2 7001/17/2
f 7001/17/2 6991/17/2 7002/17/2
f 6994/17/2 6995/17/2 7004/17/2
f 6986/17/2 6987/17/2 7006/17/2
f 7006/17/2 6987/17/2 7007/17/2
f 6999/17/2 7000/17/2 7008/17/2
f 7008/17/2 7000/17/2 7009/17/2
f 7002/17/2 7003/17/2 7010/17/2
f 7010/17/2 7003/17/2 7011/17/2
f 7011/17/2 7003/17/2 7012/17/2
f 7004/17/2 7005/17/2 7013/17/2
f 6994/17/2 7004/17/2 7013/17/2
f 7013/17/2 7005/17/2 7014/17/2
f 7014/17/2 7005/17/2 7015/17/2
f 7007/1/2 7008/1/2 7019/1/2
f 7019/1/2 7008/1/2 7020/1/2
f 7010/1/2 7011/1/2 7021/1/2
f 7009/1/2 7010/1/2 7021/1/2
f 7021/1/2 7011/1/2 7022/1/2
f 7012/1/2 7013/1/2 7023/1/2
f 7023/1/2 7013/1/2 7024/1/2
f 7024/1/2 7013/1/2 7025/1/2
f 7025/1/2 7013/1/2 7026/1/2
f 7015/1/2 7016/1/2 7027/1/2
f 7014/1/2 7015/1/2 7027/1/2
f 7007/1/2 7019/1/2 7028/1/2
f 7028/1/2 7019/1/2 7029/1/2
f 7029/1/2 7019/1/2 7030/1/2
f 7030/1/2 7019/1/2 7031/1/2
f 7022/1/2 7023/1/2 7032/1/2
f 7021/1/2 7022/1/2 7032/1/2
f 7020/1/2 7021/1/2 7032/1/2
f 7024/1/2 7025/1/2 7033/1/2
f 7033/1/2 7025/1/2 7034/1/2
f 7034/1/2 7025/1/2 7035/1/2
f 7035/1/2 7025/1/2 7036/1/2
f 7029/1/2 7030/1/2 7037/1/2
f 7037/1/2 7030/1/2 7038/1/2
f 7031/1/2 7032/1/2 7039/1/2
f 7007/1/2 7028/1/2 7040/1/2
f 7029/1/2 7037/1/2 7041/1/2
f 7041/1/2 7037/1/2 7042/1/2
f 7038/1/2 7039/1/2 7043/1/2
f 7039/1/2 7032/1/2 7043/1/2
f 7032/1/2 7023/1/2 7043/1/2
f 7043/1/2 7023/1/2 7044/1/2
f 7034/1/2 7035/1/2 7045/1/2
f 7045/1/2 7035/1/2 7046/1/2
f 7046/1/2 7035/1/2 7047/1/2
f 7042/1/2 7037/1/2 7049/1/2
f 7049/1/2 7037/1/2 7050/1/2
f 7038/1/2 7043/1/2 7051/1/2
f 7047/1/2 7048/1/2 7052/1/2
f 7046/1/2 7047/1/2 7052/1/2
f 7026/1/2 7027/1/2 7053/1/2
f 7027/1/2 7016/1/2 7054/1/2
f 7053/1/2 7027/1/2 7054/1/2
f 7050/1/2 7051/1/2 7056/1/2
f 7044/1/2 7045/1/2 7057/1/2
f 7046/1/2 7052/1/2 7058/1/2
f 7052/1/2 7053/1/2 7058/1/2
f 7040/1/2 7041/1/2 7059/1/2
f 7055/1/2 7056/1/2 7060/1/2
f 7056/1/2 7051/1/2 7061/1/2
f 7060/1/2 7056/1/2 7061/1/2
f 7051/1/2 7043/1/2 7062/1/2
f 7061/1/2 7051/1/2 7062/1/2
f 7062/1/2 7043/1/2 7063/1/2
f 7044/1/2 7057/1/2 7064/1/2
f 7057/1/2 7058/1/2 7064/1/2
f 7054/1/2 7016/1/2 7065/1/2
f 7065/1/2 7016/1/2 7066/1/2
f 7016/19/2 7017/19/2 7067/19/2
f 7017/1/2 7018/1/2 7068/1/2
f 7067/19/2 7017/19/2 7068/19/2
f 7068/1/2 7018/1/2 7069/1/2
f 7063/1/2 7064/1/2 7070/1/2
f 7064/1/2 7058/1/2 7070/1/2
f 7058/1/2 7053/1/2 7070/1/2
f 7054/1/2 7065/1/2 7071/1/2
f 7071/1/2 7065/1/2 7072/1/2
f 7066/1/2 7016/1/2 7073/1/2
f 7016/19/2 7067/19/2 7074/19/2
f 7073/1/2 7016/1/2 7074/1/2
f 7074/19/2 7067/19/2 7075/19/2
f 7061/1/2 7062/1/2 7076/1/2
f 7076/1/2 7062/1/2 7077/1/2
f 7072/1/2 7073/1/2 7078/1/2
f 7071/1/2 7072/1/2 7078/1/2
f 7063/1/2 7070/1/2 7078/1/2
f 7070/1/2 7071/1/2 7078/1/2
f 7078/1/2 7073/1/2 7079/1/2
f 7059/1/2 7060/1/2 7083/1/2
f 7061/1/2 7076/1/2 7084/1/2
f 7084/1/2 7076/1/2 7085/1/2
f 7078/1/2 7079/1/2 7086/1/2
f 7079/1/2 7080/1/2 7086/1/2
f 7077/1/2 7078/1/2 7086/1/2
f 7081/1/2 7082/1/2 7087/1/2
f 7087/1/2 7082/1/2 7088/1/2
f 7088/1/2 7082/1/2 7089/1/2
f 7089/1/2 7082/1/2 7090/1/2
f 7085/1/2 7076/1/2 7091/1/2
f 7091/1/2 7076/1/2 7092/1/2
f 7086/1/2 7087/1/2 7093/1/2
f 7088/1/2 7089/1/2 7095/1/2
f 7095/1/2 7089/1/2 7096/1/2
f 7085/1/2 7091/1/2 7097/1/2
f 7077/1/2 7086/1/2 7098/1/2
f 7093/1/2 7094/1/2 7098/1/2
f 7086/1/2 7093/1/2 7098/1/2
f 7098/1/2 7094/1/2 7099/1/2
f 7094/19/2 7095/19/2 7100/19/2
f 7083/1/2 7084/1/2 7103/1/2
f 7085/1/2 7097/1/2 7104/1/2
f 7097/1/2 7098/1/2 7104/1/2
f 7104/1/2 7098/1/2 7105/1/2
f 7105/1/2 7098/1/2 7106/1/2
f 7099/1/2 7094/1/2 7107/1/2
f 7107/1/2 7094/1/2 7108/1/2
f 7094/19/2 7100/19/2 7109/19/2
f 7108/1/2 7094/1/2 7109/1/2
f 7100/19/2 7101/19/2 7109/19/2
f 7101/1/2 7102/1/2 7110/1/2
f 7109/19/2 7101/19/2 7110/19/2
f 7105/1/2 7106/1/2 7111/1/2
f 7106/1/2 7107/1/2 7111/1/2
f 7108/1/2 7109/1/2 7112/1/2
f 7109/1/2 7110/1/2 7112/1/2
f 7112/1/2 7110/1/2 7113/1/2
f 7083/1/2 7103/1/2 7114/1/2
f 7059/1/2 7083/1/2 7114/1/2
f 7040/1/2 7059/1/2 7114/1/2
f 7007/1/2 7040/1/2 7114/1/2
f 7103/1/2 7104/1/2 7114/1/2
f 7114/1/2 7104/1/2 7115/1/2
f 7115/1/2 7104/1/2 7116/1/2
f 7111/1/2 7112/1/2 7117/1/2
f 7105/1/2 7111/1/2 7117/1/2
f 7117/1/2 7112/1/2 7118/1/2
f 7113/1/2 7110/1/2 7119/1/2
f 7119/1/2 7110/1/2 7120/1/2
f 7110/1/2 7102/1/2 7121/1/2
f 7120/1/2 7110/1/2 7121/1/2
f 7115/17/2 7116/17/2 7122/17/2
f 7118/17/2 7119/17/2 7124/17/2
f 7119/17/2 7120/17/2 7124/17/2
f 7124/17/2 7120/17/2 7125/17/2
f 7122/17/2 7123/17/2 7128/17/2
f 7115/17/2 7122/17/2 7128/17/2
f 7128/17/2 7123/17/2 7129/17/2
f 7129/17/2 7123/17/2 7130/17/2
f 7125/17/2 7126/17/2 7131/17/2
f 7131/17/2 7126/17/2 7132/17/2
f 7130/1/2 7131/1/2 7135/1/2
f 7131/1/2 7132/1/2 7135/1/2
f 7133/1/2 7134/1/2 7137/1/2
f 7137/1/2 7134/1/2 7138/1/2
f 7127/1/2 7128/1/2 7139/1/2
f 7128/1/2 7129/1/2 7139/1/2
f 7135/1/2 7136/1/2 7140/1/2
f 7130/1/2 7135/1/2 7140/1/2
f 7140/1/2 7136/1/2 7141/1/2
f 7138/1/2 7134/1/2 7143/1/2
f 7143/1/2 7134/1/2 7144/1/2
f 7142/1/2 7143/1/2 7145/1/2
f 7144/1/2 7134/1/2 7146/1/2
f 7146/1/2 7134/1/2 7147/1/2
f 7141/1/2 7136/1/2 7148/1/2
f 7148/1/2 7136/1/2 7149/1/2
f 7142/1/2 7145/1/2 7150/1/2
f 7145/1/2 7146/1/2 7150/1/2
f 7150/1/2 7146/1/2 7151/1/2
f 7147/1/2 7134/1/2 7152/1/2
f 7127/1/2 7139/1/2 7153/1/2
f 7139/1/2 7140/1/2 7153/1/2
f 7153/1/2 7140/1/2 7154/1/2
f 7154/1/2 7140/1/2 7155/1/2
f 7155/1/2 7140/1/2 7156/1/2
f 7141/1/2 7148/1/2 7157/1/2
f 7157/1/2 7148/1/2 7158/1/2
f 7158/1/2 7148/1/2 7159/1/2
f 7159/1/2 7148/1/2 7160/1/2
f 7151/1/2 7152/1/2 7161/1/2
f 7150/1/2 7151/1/2 7161/1/2
f 7149/1/2 7150/1/2 7161/1/2
f 7161/1/2 7152/1/2 7162/1/2
f 7158/1/2 7159/1/2 7163/1/2
f 7149/1/2 7161/1/2 7165/1/2
f 7165/1/2 7161/1/2 7166/1/2
f 7155/1/2 7156/1/2 7167/1/2
f 7156/1/2 7157/1/2 7167/1/2
f 7163/1/2 7164/1/2 7168/1/2
f 7158/1/2 7163/1/2 7168/1/2
f 7168/1/2 7164/1/2 7169/1/2
f 7169/1/2 7164/1/2 7170/1/2
f 7170/1/2 7164/1/2 7171/1/2
f 7162/1/2 7152/1/2 7173/1/2
f 7173/1/2 7152/1/2 7174/1/2
f 7169/1/2 7170/1/2 7175/1/2
f 7175/1/2 7170/1/2 7176/1/2
f 7172/1/2 7173/1/2 7177/1/2
f 7177/1/2 7173/1/2 7178/1/2
f 7174/1/2 7152/1/2 7179/1/2
f 7179/1/2 7152/1/2 7180/1/2
f 7169/1/2 7175/1/2 7181/1/2
f 7181/1/2 7175/1/2 7182/1/2
f 7182/1/2 7175/1/2 7183/1/2
f 7183/1/2 7175/1/2 7184/1/2
f 7177/1/2 7178/1/2 7185/1/2
f 7178/1/2 7179/1/2 7185/1/2
f 7176/1/2 7177/1/2 7185/1/2
f 7185/1/2 7179/1/2 7186/1/2
f 7180/1/2 7152/1/2 7187/1/2
f 7187/1/2 7152/1/2 7188/1/2
f 7154/19/2 7155/19/2 7190/19/2
f 7155/1/2 7167/1/2 7191/1/2
f 7167/1/2 7168/1/2 7191/1/2
f 7191/1/2 7168/1/2 7192/1/2
f 7182/1/2 7183/1/2 7195/1/2
f 7195/1/2 7183/1/2 7196/1/2
f 7196/1/2 7183/1/2 7197/1/2
f 7197/1/2 7183/1/2 7198/1/2
f 7185/1/2 7186/1/2 7199/1/2
f 7186/1/2 7187/1/2 7199/1/2
f 7184/1/2 7185/1/2 7199/1/2
f 7199/1/2 7187/1/2 7200/1/2
f 7188/1/2 7152/1/2 7201/1/2
f 7201/1/2 7152/1/2 7202/1/2
f 7155/1/2 7191/1/2 7203/1/2
f 7203/1/2 7191/1/2 7204/1/2
f 7192/1/2 7193/1/2 7205/1/2
f 7194/1/2 7195/1/2 7206/1/2
f 7196/1/2 7197/1/2 7207/1/2
f 7207/1/2 7197/1/2 7208/1/2
f 7208/1/2 7197/1/2 7209/1/2
f 7209/1/2 7197/1/2 7210/1/2
f 7199/1/2 7200/1/2 7211/1/2
f 7200/1/2 7201/1/2 7211/1/2
f 7198/1/2 7199/1/2 7211/1/2
f 7211/1/2 7201/1/2 7212/1/2
f 7202/1/2 7152/1/2 7213/1/2
f 7152/1/2 7134/1/2 7214/1/2
f 7213/1/2 7152/1/2 7214/1/2
f 7155/1/2 7203/1/2 7215/1/2
f 7215/1/2 7203/1/2 7216/1/2
f 7204/1/2 7205/1/2 7217/1/2
f 7205/1/2 7193/1/2 7218/1/2
f 7217/1/2 7205/1/2 7218/1/2
f 7194/1/2 7206/1/2 7219/1/2
f 7206/1/2 7207/1/2 7219/1/2
f 7219/1/2 7207/1/2 7220/1/2
f 7208/1/2 7209/1/2 7221/1/2
f 7221/1/2 7209/1/2 7222/1/2
f 7222/1/2 7209/1/2 7223/1/2
f 7212/1/2 7213/1/2 7224/1/2
f 7211/1/2 7212/1/2 7224/1/2
f 7210/1/2 7211/1/2 7224/1/2
f 7224/1/2 7213/1/2 7225/1/2
f 7214/1/2 7134/1/2 7226/1/2
f 7226/1/2 7134/1/2 7227/1/2
f 7155/1/2 7215/1/2 7228/1/2
f 7228/1/2 7215/1/2 7229/1/2
f 7217/1/2 7218/1/2 7230/1/2
f 7219/1/2 7220/1/2 7230/1/2
f 7220/1/2 7221/1/2 7230/1/2
f 7216/1/2 7217/1/2 7230/1/2
f 7218/1/2 7219/1/2 7230/1/2
f 7230/1/2 7221/1/2 7231/1/2
f 7224/1/2 7225/1/2 7232/1/2
f 7222/1/2 7223/1/2 7232/1/2
f 7223/1/2 7224/1/2 7232/1/2
f 7225/1/2 7226/1/2 7232/1/2
f 7232/1/2 7226/1/2 7233/1/2
f 7233/1/2 7226/1/2 7234/1/2
f 7227/1/2 7134/1/2 7235/1/2
f 7235/1/2 7134/1/2 7236/1/2
f 7190/19/2 7155/19/2 7237/19/2
f 7155/1/2 7228/1/2 7237/1/2
f 7237/1/2 7228/1/2 7238/1/2
f 7230/1/2 7231/1/2 7239/1/2
f 7229/1/2 7230/1/2 7239/1/2
f 7231/1/2 7232/1/2 7239/1/2
f 7239/1/2 7232/1/2 7240/1/2
f 7233/1/2 7234/1/2 7241/1/2
f 7234/1/2 7235/1/2 7241/1/2
f 7241/1/2 7235/1/2 7242/1/2
f 7242/1/2 7235/1/2 7243/1/2
f 7236/1/2 7134/1/2 7244/1/2
f 7189/1/2 7190/1/2 7245/1/2
f 7190/19/2 7237/19/2 7246/19/2
f 7245/1/2 7190/1/2 7246/1/2
f 7246/19/2 7237/19/2 7247/19/2
f 7239/1/2 7240/1/2 7248/1/2
f 7238/1/2 7239/1/2 7248/1/2
f 7240/1/2 7241/1/2 7248/1/2
f 7248/1/2 7241/1/2 7249/1/2
f 7243/1/2 7244/1/2 7251/1/2
f 7242/1/2 7243/1/2 7251/1/2
f 7244/1/2 7134/1/2 7252/1/2
f 7251/1/2 7244/1/2 7252/1/2
f 7249/17/2 7250/17/2 7253/17/2
f 7253/17/2 7250/17/2 7254/17/2
f 7255/1/2 7256/1/2 7259/1/2
f 7259/1/2 7256/1/2 7260/1/2
f 7260/1/2 7256/1/2 7261/1/2
f 7257/1/2 7258/1/2 7262/1/2
f 7262/1/2 7258/1/2 7263/1/2
f 7263/1/2 7258/1/2 7264/1/2
f 7264/1/2 7258/1/2 7265/1/2
f 7255/1/2 7259/1/2 7266/1/2
f 7260/1/2 7261/1/2 7267/1/2
f 7261/1/2 7262/1/2 7267/1/2
f 7267/1/2 7262/1/2 7268/1/2
f 7268/1/2 7262/1/2 7269/1/2
f 7269/1/2 7262/1/2 7270/1/2
f 7270/1/2 7262/1/2 7271/1/2
f 7263/1/2 7264/1/2 7273/1/2
f 7273/1/2 7264/1/2 7274/1/2
f 7265/1/2 7258/1/2 7275/1/2
f 7266/1/2 7267/1/2 7276/1/2
f 7268/1/2 7269/1/2 7277/1/2
f 7277/1/2 7269/1/2 7278/1/2
f 7278/1/2 7269/1/2 7279/1/2
f 7279/1/2 7269/1/2 7280/1/2
f 7271/1/2 7272/1/2 7281/1/2
f 7270/1/2 7271/1/2 7281/1/2
f 7263/1/2 7273/1/2 7282/1/2
f 7282/1/2 7273/1/2 7283/1/2
f 7274/1/2 7275/1/2 7284/1/2
f 7276/1/2 7277/1/2 7285/1/2
f 7278/1/2 7279/1/2 7286/1/2
f 7286/1/2 7279/1/2 7287/1/2
f 7287/1/2 7279/1/2 7288/1/2
f 7288/1/2 7279/1/2 7289/1/2
f 7280/1/2 7281/1/2 7290/1/2
f 7285/1/2 7286/1/2 7291/1/2
f 7287/1/2 7288/1/2 7292/1/2
f 7292/1/2 7288/1/2 7293/1/2
f 7293/1/2 7288/1/2 7294/1/2
f 7294/1/2 7288/1/2 7295/1/2
f 7289/1/2 7290/1/2 7296/1/2
f 7263/1/2 7282/1/2 7297/1/2
f 7297/1/2 7282/1/2 7298/1/2
f 7283/1/2 7284/1/2 7299/1/2
f 7291/1/2 7292/1/2 7300/1/2
f 7293/1/2 7294/1/2 7301/1/2
f 7301/1/2 7294/1/2 7302/1/2
f 7302/1/2 7294/1/2 7303/1/2
f 7303/1/2 7294/1/2 7304/1/2
f 7295/1/2 7296/1/2 7305/1/2
f 7281/1/2 7272/1/2 7306/1/2
f 7290/1/2 7281/1/2 7306/1/2
f 7305/1/2 7296/1/2 7306/1/2
f 7296/1/2 7290/1/2 7306/1/2
f 7306/1/2 7272/1/2 7307/1/2
f 7263/1/2 7297/1/2 7308/1/2
f 7308/1/2 7297/1/2 7309/1/2
f 7298/1/2 7299/1/2 7310/1/2
f 7300/1/2 7301/1/2 7311/1/2
f 7302/1/2 7303/1/2 7312/1/2
f 7312/1/2 7303/1/2 7313/1/2
f 7313/1/2 7303/1/2 7314/1/2
f 7314/1/2 7303/1/2 7315/1/2
f 7304/1/2 7305/1/2 7316/1/2
f 7305/1/2 7306/1/2 7316/1/2
f 7307/1/2 7308/1/2 7317/1/2
f 7317/1/2 7308/1/2 7318/1/2
f 7309/1/2 7310/1/2 7319/1/2
f 7284/1/2 7275/1/2 7320/1/2
f 7275/1/2 7258/1/2 7320/1/2
f 7319/1/2 7310/1/2 7320/1/2
f 7299/1/2 7284/1/2 7320/1/2
f 7310/1/2 7299/1/2 7320/1/2
f 7320/1/2 7258/1/2 7321/1/2
f 7311/1/2 7312/1/2 7322/1/2
f 7313/1/2 7314/1/2 7323/1/2
f 7323/1/2 7314/1/2 7324/1/2
f 7315/1/2 7316/1/2 7325/1/2
f 7318/1/2 7319/1/2 7326/1/2
f 7319/1/2 7320/1/2 7326/1/2
f 7326/1/2 7320/1/2 7327/1/2
f 7324/1/2 7325/1/2 7330/1/2
f 7316/1/2 7306/1/2 7331/1/2
f 7325/1/2 7316/1/2 7331/1/2
f 7330/1/2 7325/1/2 7331/1/2
f 7331/1/2 7306/1/2 7332/1/2
f 7318/1/2 7326/1/2 7334/1/2
f 7311/1/2 7322/1/2 7335/1/2
f 7322/1/2 7323/1/2 7335/1/2
f 7335/1/2 7323/1/2 7336/1/2
f 7329/1/2 7330/1/2 7337/1/2
f 7330/1/2 7331/1/2 7337/1/2
f 7337/1/2 7331/1/2 7338/1/2
f 7333/1/2 7334/1/2 7340/1/2
f 7334/1/2 7326/1/2 7341/1/2
f 7340/1/2 7334/1/2 7341/1/2
f 7341/1/2 7326/1/2 7342/1/2
f 7327/1/2 7328/1/2 7343/1/2
f 7300/1/2 7311/1/2 7344/1/2
f 7311/1/2 7335/1/2 7344/1/2
f 7344/1/2 7335/1/2 7345/1/2
f 7336/1/2 7337/1/2 7346/1/2
f 7346/1/2 7337/1/2 7347/1/2
f 7338/1/2 7331/1/2 7348/1/2
f 7348/1/2 7331/1/2 7349/1/2
f 7349/1/2 7331/1/2 7350/1/2
f 7350/1/2 7331/1/2 7351/1/2
f 7339/1/2 7340/1/2 7352/1/2
f 7340/1/2 7341/1/2 7352/1/2
f 7291/1/2 7300/1/2 7353/1/2
f 7300/1/2 7344/1/2 7353/1/2
f 7353/1/2 7344/1/2 7354/1/2
f 7346/1/2 7347/1/2 7355/1/2
f 7347/1/2 7348/1/2 7355/1/2
f 7345/1/2 7346/1/2 7355/1/2
f 7355/1/2 7348/1/2 7356/1/2
f 7349/1/2 7350/1/2 7357/1/2
f 7357/1/2 7350/1/2 7358/1/2
f 7358/1/2 7350/1/2 7359/1/2
f 7359/1/2 7350/1/2 7360/1/2
f 7351/1/2 7352/1/2 7361/1/2
f 7276/1/2 7285/1/2 7362/1/2
f 7285/1/2 7291/1/2 7362/1/2
f 7291/1/2 7353/1/2 7362/1/2
f 7362/1/2 7353/1/2 7363/1/2
f 7355/1/2 7356/1/2 7364/1/2
f 7356/1/2 7357/1/2 7364/1/2
f 7354/1/2 7355/1/2 7364/1/2
f 7364/1/2 7357/1/2 7365/1/2
f 7358/1/2 7359/1/2 7366/1/2
f 7366/1/2 7359/1/2 7367/1/2
f 7266/1/2 7276/1/2 7368/1/2
f 7276/1/2 7362/1/2 7368/1/2
f 7368/1/2 7362/1/2 7369/1/2
f 7364/1/2 7365/1/2 7370/1/2
f 7365/1/2 7366/1/2 7370/1/2
f 7363/1/2 7364/1/2 7370/1/2
f 7370/1/2 7366/1/2 7371/1/2
f 7367/1/2 7359/1/2 7372/1/2
f 7372/1/2 7359/1/2 7373/1/2
f 7373/1/2 7359/1/2 7374/1/2
f 7374/1/2 7359/1/2 7375/1/2
f 7360/1/2 7361/1/2 7376/1/2
f 7361/1/2 7352/1/2 7377/1/2
f 7352/1/2 7341/1/2 7377/1/2
f 7376/1/2 7361/1/2 7377/1/2
f 7377/1/2 7341/1/2 7378/1/2
f 7342/1/2 7343/1/2 7379/1/2
f 7266/1/2 7368/1/2 7380/1/2
f 7370/1/2 7371/1/2 7381/1/2
f 7369/1/2 7370/1/2 7381/1/2
f 7371/1/2 7372/1/2 7381/1/2
f 7381/1/2 7372/1/2 7382/1/2
f 7373/1/2 7374/1/2 7383/1/2
f 7383/1/2 7374/1/2 7384/1/2
f 7384/1/2 7374/1/2 7385/1/2
f 7385/1/2 7374/1/2 7386/1/2
f 7375/1/2 7376/1/2 7387/1/2
f 7376/1/2 7377/1/2 7387/1/2
f 7255/1/2 7266/1/2 7388/1/2
f 7266/1/2 7380/1/2 7388/1/2
f 7381/1/2 7382/1/2 7388/1/2
f 7382/1/2 7383/1/2 7388/1/2
f 7380/1/2 7381/1/2 7388/1/2
f 7388/1/2 7383/1/2 7389/1/2
f 7389/1/2 7383/1/2 7390/1/2
f 7390/1/2 7383/1/2 7391/1/2
f 7384/1/2 7385/1/2 7392/1/2
f 7392/1/2 7385/1/2 7393/1/2
f 7386/1/2 7387/1/2 7394/1/2
f 7387/1/2 7377/1/2 7395/1/2
f 7394/1/2 7387/1/2 7395/1/2
f 7378/1/2 7379/1/2 7396/1/2
f 7379/1/2 7343/1/2 7397/1/2
f 7396/1/2 7379/1/2 7397/1/2
f 7343/1/2 7328/1/2 7397/1/2
f 7389/17/2 7390/17/2 7398/17/2
f 7398/17/2 7390/17/2 7399/17/2
f 7393/19/2 7394/19/2 7402/19/2
f 7402/19/2 7394/19/2 7403/19/2
f 7399/17/2 7400/17/2 7404/17/2
f 7404/17/2 7400/17/2 7405/17/2
f 7401/19/2 7402/19/2 7407/19/2
f 7407/19/2 7402/19/2 7408/19/2
f 7405/17/2 7406/17/2 7409/17/2
f 7409/17/2 7406/17/2 7410/17/2
f 7411/17/2 7412/17/2 7415/17/2
f 7415/17/2 7412/17/2 7416/17/2
f 7413/18/2 7414/18/2 7417/18/2
f 7417/18/2 7414/18/2 7418/18/2
f 7418/18/2 7414/18/2 7419/18/2
f 7419/18/2 7414/18/2 7420/18/2
f 7413/18/2 7417/18/2 7421/18/2
f 7421/18/2 7417/18/2 7422/18/2
f 7420/18/2 7414/18/2 7423/18/2
f 7423/18/2 7414/18/2 7424/18/2
f 7425/11/2 7426/11/2 7427/11/2
f 7427/11/2 7426/11/2 7428/11/2
f 7429/17/2 7430/17/2 7437/17/2
f 7437/17/2 7430/17/2 7438/17/2
f 7431/17/2 7432/17/2 7439/17/2
f 7433/17/2 7434/17/2 7440/17/2
f 7440/17/2 7434/17/2 7441/17/2
f 7441/17/2 7434/17/2 7442/17/2
f 7442/17/2 7434/17/2 7443/17/2
f 7429/17/2 7437/17/2 7444/17/2
f 7444/17/2 7437/17/2 7445/17/2
f 7438/17/2 7439/17/2 7446/17/2
f 7439/17/2 7432/17/2 7447/17/2
f 7446/17/2 7439/17/2 7447/17/2
f 7441/17/2 7442/17/2 7448/17/2
f 7448/17/2 7442/17/2 7449/17/2
f 7435/17/2 7436/17/2 7450/17/2
f 7450/17/2 7436/17/2 7451/17/2
f 7452/17/2 7453/17/2 7458/17/2
f 7458/17/2 7453/17/2 7459/17/2
f 7459/17/2 7453/17/2 7460/17/2
f 7454/17/2 7455/17/2 7461/17/2
f 7461/17/2 7455/17/2 7462/17/2
f 7456/17/2 7457/17/2 7463/17/2
f 7463/17/2 7457/17/2 7464/17/2
f 7452/17/2 7458/17/2 7465/17/2
f 7465/17/2 7458/17/2 7466/17/2
f 7459/17/2 7460/17/2 7467/17/2
f 7460/17/2 7461/17/2 7467/17/2
f 7467/17/2 7461/17/2 7468/17/2
f 7462/17/2 7455/17/2 7469/17/2
f 7469/17/2 7455/17/2 7470/17/2
f 7464/17/2 7457/17/2 7471/17/2
f 7471/17/2 7457/17/2 7472/17/2
f 7475/17/2 7476/17/2 7479/17/2
f 7479/17/2 7476/17/2 7480/17/2
f 7480/17/2 7476/17/2 7481/17/2
f 7477/17/2 7478/17/2 7482/17/2
f 7482/17/2 7478/17/2 7483/17/2
f 7473/17/2 7474/17/2 7484/17/2
f 7484/17/2 7474/17/2 7485/17/2
f 7480/17/2 7481/17/2 7486/17/2
f 7481/17/2 7482/17/2 7486/17/2
f 7486/17/2 7482/17/2 7487/17/2
f 7483/17/2 7478/17/2 7488/17/2
f 7488/17/2 7478/17/2 7489/17/2
f 7490/17/2 7491/17/2 7494/17/2
f 7492/17/2 7493/17/2 7495/17/2
f 7490/17/2 7494/17/2 7496/17/2
f 7494/17/2 7495/17/2 7496/17/2
f 7495/17/2 7493/17/2 7497/17/2
f 7496/17/2 7495/17/2 7497/17/2
f 7498/17/2 7499/17/2 7504/17/2
f 7500/17/2 7501/17/2 7505/17/2
f 7505/17/2 7501/17/2 7506/17/2
f 7506/17/2 7501/17/2 7507/17/2
f 7507/17/2 7501/17/2 7508/17/2
f 7502/17/2 7503/17/2 7509/17/2
f 7504/17/2 7505/17/2 7510/17/2
f 7506/17/2 7507/17/2 7511/17/2
f 7511/17/2 7507/17/2 7512/17/2
f 7512/17/2 7507/17/2 7513/17/2
f 7508/17/2 7509/17/2 7514/17/2
f 7510/17/2 7511/17/2 7515/17/2
f 7512/17/2 7513/17/2 7516/17/2
f 7513/17/2 7514/17/2 7516/17/2
f 7510/17/2 7515/17/2 7517/17/2
f 7515/17/2 7516/17/2 7517/17/2
f 7498/17/2 7504/17/2 7517/17/2
f 7504/17/2 7510/17/2 7517/17/2
f 7516/17/2 7514/17/2 7518/17/2
f 7517/17/2 7516/17/2 7518/17/2
f 7509/17/2 7503/17/2 7518/17/2
f 7514/17/2 7509/17/2 7518/17/2
f 7519/17/2 7520/17/2 7521/17/2
f 7521/17/2 7520/17/2 7522/17/2
f 7523/17/2 7524/17/2 7529/17/2
f 7529/17/2 7524/17/2 7530/17/2
f 7527/1/2 7528/1/2 7532/1/2
f 7532/1/2 7528/1/2 7533/1/2
f 7525/17/2 7526/17/2 7534/17/2
f 7534/17/2 7526/17/2 7535/17/2
f 7531/17/2 7532/17/2 7536/17/2
f 7536/17/2 7532/17/2 7537/17/2
f 7538/17/2 7539/17/2 7544/17/2
f 7544/17/2 7539/17/2 7545/17/2
f 7540/17/2 7541/17/2 7546/17/2
f 7546/17/2 7541/17/2 7547/17/2
f 7542/1/2 7543/1/2 7548/1/2
f 7548/1/2 7543/1/2 7549/1/2
f 7550/17/2 7551/17/2 7561/17/2
f 7561/17/2 7551/17/2 7562/17/2
f 7552/1/2 7553/1/2 7563/1/2
f 7563/1/2 7553/1/2 7564/1/2
f 7554/1/2 7555/1/2 7565/1/2
f 7555/17/2 7556/17/2 7566/17/2
f 7565/1/2 7555/1/2 7566/1/2
f 7566/17/2 7556/17/2 7567/17/2
f 7557/1/2 7558/1/2 7568/1/2
f 7568/1/2 7558/1/2 7569/1/2
f 7559/17/2 7560/17/2 7570/17/2
f 7570/17/2 7560/17/2 7571/17/2
f 7566/17/2 7567/17/2 7572/17/2
f 7565/17/2 7566/17/2 7572/17/2
f 7572/17/2 7567/17/2 7573/17/2
f 7574/17/2 7575/17/2 7578/17/2
f 7578/17/2 7575/17/2 7579/17/2
f 7576/1/2 7577/1/2 7580/1/2
f 7580/1/2 7577/1/2 7581/1/2
f 7582/17/2 7583/17/2 7598/17/2
f 7598/17/2 7583/17/2 7599/17/2
f 7584/17/2 7585/17/2 7600/17/2
f 7600/17/2 7585/17/2 7601/17/2
f 7586/17/2 7587/17/2 7602/17/2
f 7602/17/2 7587/17/2 7603/17/2
f 7588/17/2 7589/17/2 7604/17/2
f 7604/17/2 7589/17/2 7605/17/2
f 7592/1/2 7593/1/2 7606/1/2
f 7606/1/2 7593/1/2 7607/1/2
f 7594/17/2 7595/17/2 7608/17/2
f 7608/17/2 7595/17/2 7609/17/2
f 7596/1/2 7597/1/2 7610/1/2
f 7610/1/2 7597/1/2 7611/1/2
f 7609/17/2 7595/17/2 7612/17/2
f 7612/17/2 7595/17/2 7613/17/2
f 7596/1/2 7610/1/2 7614/1/2
f 7614/1/2 7610/1/2 7615/1/2
f 7611/1/2 7597/1/2 7616/1/2
f 7616/1/2 7597/1/2 7617/1/2
f 7590/1/2 7591/1/2 7618/1/2
f 7618/1/2 7591/1/2 7619/1/2
f 7606/17/2 7607/17/2 7620/17/2
f 7620/17/2 7607/17/2 7621/17/2
f 7622/17/2 7623/17/2 7628/17/2
f 7628/17/2 7623/17/2 7629/17/2
f 7624/17/2 7625/17/2 7630/17/2
f 7630/17/2 7625/17/2 7631/17/2
f 7626/1/2 7627/1/2 7632/1/2
f 7632/1/2 7627/1/2 7633/1/2
f 7634/18/2 7635/18/2 7636/18/2
f 7636/18/2 7635/18/2 7637/18/2
f 7640/18/3 7639/18/3 7638/18/3
f 7641/18/3 7639/18/3 7640/18/3
f 7646/17/3 7643/17/3 7642/17/3
f 7647/17/3 7643/17/3 7646/17/3
f 7648/11/3 7645/11/3 7644/11/3
f 7649/11/3 7645/11/3 7648/11/3
f 7654/17/3 7651/17/3 7650/17/3
f 7655/17/3 7651/17/3 7654/17/3
f 7656/11/3 7653/11/3 7652/11/3
f 7657/11/3 7653/11/3 7656/11/3
f 7662/17/3 7659/17/3 7658/17/3
f 7663/17/3 7659/17/3 7662/17/3
f 7664/11/3 7661/11/3 7660/11/3
f 7665/11/3 7661/11/3 7664/11/3
f 7670/17/3 7667/17/3 7666/17/3
f 7671/17/3 7667/17/3 7670/17/3
f 7672/11/3 7669/11/3 7668/11/3
f 7673/11/3 7669/11/3 7672/11/3
f 7676/11/3 7675/11/3 7674/11/3
f 7677/11/3 7675/11/3 7676/11/3
f 7680/11/3 7679/11/3 7678/11/3
f 7681/11/3 7679/11/3 7680/11/3
f 7684/17/3 7683/17/3 7682/17/3
f 7685/17/3 7683/17/3 7684/17/3
f 7686/17/3 7683/17/3 7685/17/3
f 7689/17/3 7688/17/3 7687/17/3
f 7690/17/3 7688/17/3 7689/17/3
f 7691/17/3 7688/17/3 7690/17/3
f 7694/11/3 7693/11/3 7692/11/3
f 7695/11/3 7693/11/3 7694/11/3
f 7698/11/3 7697/11/3 7696/11/3
f 7699/11/3 7697/11/3 7698/11/3
f 7704/4/3 7701/4/3 7700/4/3
f 7705/4/3 7701/4/3 7704/4/3
f 7706/11/3 7703/11/3 7702/11/3
f 7707/11/3 7703/11/3 7706/11/3
f 7710/10/3 7709/10/3 7708/10/3
f 7711/10/3 7709/10/3 7710/10/3
f 7712/8/3 7711/8/3 7710/8/3
f 7713/8/3 7711/8/3 7712/8/3
f 7718/4/3 7715/4/3 7714/4/3
f 7719/4/3 7715/4/3 7718/4/3
f 7720/11/3 7717/11/3 7716/11/3
f 7721/11/3 7717/11/3 7720/11/3
f 7726/4/3 7723/4/3 7722/4/3
f 7727/4/3 7723/4/3 7726/4/3
f 7728/11/3 7725/11/3 7724/11/3
f 7729/11/3 7725/11/3 7728/11/3
f 7734/4/3 7731/4/3 7730/4/3
f 7735/4/3 7731/4/3 7734/4/3
f 7736/11/3 7733/11/3 7732/11/3
f 7737/11/3 7733/11/3 7736/11/3
f 7740/8/3 7739/8/3 7738/8/3
f 7741/8/3 7739/8/3 7740/8/3
f 7744/17/3 7743/17/3 7742/17/3
f 7745/17/3 7743/17/3 7744/17/3
f 7748/17/3 7747/17/3 7746/17/3
f 7749/17/3 7747/17/3 7748/17/3
f 7752/17/3 7751/17/3 7750/17/3
f 7753/17/3 7751/17/3 7752/17/3
f 7756/17/3 7755/17/3 7754/17/3
f 7757/17/3 7755/17/3 7756/17/3
f 7761/17/3 7759/17/3 7758/17/3
f 7762/17/3 7759/17/3 7761/17/3
f 7763/8/3 7761/8/3 7760/8/3
f 7764/8/3 7761/8/3 7763/8/3
f 7767/17/3 7766/17/3 7765/17/3
f 7768/17/3 7766/17/3 7767/17/3
f 7771/17/3 7770/17/3 7769/17/3
f 7772/17/3 7770/17/3 7771/17/3
f 7780/5/3 7774/5/3 7773/5/3
f 7782/5/3 7776/5/3 7775/5/3
f 7782/2/3 7777/2/3 7776/2/3
f 7783/2/3 7777/2/3 7782/2/3
f 7784/6/3 7779/6/3 7778/6/3
f 7785/6/3 7779/6/3 7784/6/3
f 7786/5/3 7780/5/3 7773/5/3
f 7787/6/3 7781/6/3 7780/6/3
f 7787/5/3 7780/5/3 7786/5/3
f 7788/6/3 7781/6/3 7787/6/3
f 7789/5/3 7782/5/3 7775/5/3
f 7790/5/3 7782/5/3 7789/5/3
f 7798/8/3 7794/8/3 7793/8/3
f 7799/8/3 7794/8/3 7798/8/3
f 7800/5/3 7796/5/3 7795/5/3
f 7801/2/3 7797/2/3 7796/2/3
f 7801/5/3 7796/5/3 7800/5/3
f 7802/2/3 7797/2/3 7801/2/3
f 7804/5/3 7792/5/3 7791/5/3
f 7805/5/3 7792/5/3 7804/5/3
f 7810/5/3 7802/5/3 7801/5/3
f 7811/6/3 7803/6/3 7802/6/3
f 7811/5/3 7802/5/3 7810/5/3
f 7812/6/3 7803/6/3 7811/6/3
f 7815/10/3 7807/10/3 7806/10/3
f 7816/8/3 7808/8/3 7807/8/3
f 7816/10/3 7807/10/3 7815/10/3
f 7817/8/3 7808/8/3 7816/8/3
f 7820/5/3 7810/5/3 7809/5/3
f 7820/2/3 7811/2/3 7810/2/3
f 7821/2/3 7811/2/3 7820/2/3
f 7823/5/3 7814/5/3 7813/5/3
f 7824/5/3 7814/5/3 7823/5/3
f 7825/5/3 7820/5/3 7809/5/3
f 7826/5/3 7820/5/3 7825/5/3
f 7827/5/3 7823/5/3 7822/5/3
f 7828/5/3 7823/5/3 7827/5/3
f 7829/5/3 7819/5/3 7818/5/3
f 7830/5/3 7819/5/3 7829/5/3
f 7837/5/3 7834/5/3 7833/5/3
f 7838/5/3 7834/5/3 7837/5/3
f 7841/8/3 7836/8/3 7835/8/3
f 7842/8/3 7836/8/3 7841/8/3
f 7843/5/3 7832/5/3 7831/5/3
f 7844/5/3 7832/5/3 7843/5/3
f 7845/5/3 7839/5/3 7838/5/3
f 7846/2/3 7840/2/3 7839/2/3
f 7846/5/3 7839/5/3 7845/5/3
f 7847/2/3 7840/2/3 7846/2/3
f 7850/8/3 7849/8/3 7848/8/3
f 7851/8/3 7849/8/3 7850/8/3
f 7860/5/3 7853/5/3 7852/5/3
f 7861/5/3 7853/5/3 7860/5/3
f 7862/5/3 7855/5/3 7854/5/3
f 7863/2/3 7856/2/3 7855/2/3
f 7863/5/3 7855/5/3 7862/5/3
f 7864/2/3 7856/2/3 7863/2/3
f 7866/5/3 7858/5/3 7857/5/3
f 7867/6/3 7859/6/3 7858/6/3
f 7867/5/3 7858/5/3 7866/5/3
f 7868/6/3 7859/6/3 7867/6/3
f 7869/5/3 7866/5/3 7865/5/3
f 7870/6/3 7867/6/3 7866/6/3
f 7870/5/3 7866/5/3 7869/5/3
f 7871/6/3 7867/6/3 7870/6/3
f 7879/5/3 7873/5/3 7872/5/3
f 7880/5/3 7873/5/3 7879/5/3
f 7885/5/3 7875/5/3 7874/5/3
f 7886/5/3 7875/5/3 7885/5/3
f 7887/6/3 7876/6/3 7875/6/3
f 7887/5/3 7875/5/3 7886/5/3
f 7888/6/3 7876/6/3 7887/6/3
f 7900/2/3 7882/2/3 7881/2/3
f 7901/2/3 7882/2/3 7900/2/3
f 7902/5/3 7888/5/3 7887/5/3
f 7903/5/3 7888/5/3 7902/5/3
f 7905/2/3 7893/2/3 7892/2/3
f 7906/2/3 7893/2/3 7905/2/3
f 7907/5/3 7897/5/3 7896/5/3
f 7907/4/3 7896/4/3 7895/4/3
f 7908/5/3 7897/5/3 7907/5/3
f 7909/17/3 7878/17/3 7877/17/3
f 7909/4/3 7879/4/3 7878/4/3
f 7909/4/3 7880/4/3 7879/4/3
f 7910/4/3 7880/4/3 7909/4/3
f 7911/17/3 7884/17/3 7883/17/3
f 7911/4/3 7886/4/3 7885/4/3
f 7911/4/3 7885/4/3 7884/4/3
f 7912/4/3 7886/4/3 7911/4/3
f 7914/17/3 7890/17/3 7889/17/3
f 7914/4/3 7891/4/3 7890/4/3
f 7915/4/3 7891/4/3 7914/4/3
f 7916/5/3 7905/5/3 7904/5/3
f 7917/5/3 7905/5/3 7916/5/3
f 7918/4/3 7907/4/3 7895/4/3
f 7918/17/3 7895/17/3 7894/17/3
f 7919/4/3 7907/4/3 7918/4/3
f 7922/4/3 7907/4/3 7919/4/3
f 7923/4/3 7907/4/3 7922/4/3
f 7925/17/3 7921/17/3 7920/17/3
f 7926/17/3 7921/17/3 7925/17/3
f 7927/17/3 7909/17/3 7877/17/3
f 7928/4/3 7880/4/3 7910/4/3
f 7929/17/3 7911/17/3 7883/17/3
f 7930/4/3 7913/4/3 7912/4/3
f 7931/17/3 7914/17/3 7889/17/3
f 7932/4/3 7916/4/3 7915/4/3
f 7933/4/3 7916/4/3 7932/4/3
f 7936/17/3 7918/17/3 7894/17/3
f 7939/17/3 7921/17/3 7926/17/3
f 7940/4/3 7932/4/3 7931/4/3
f 7942/2/3 7935/2/3 7934/2/3
f 7943/2/3 7935/2/3 7942/2/3
f 7944/4/3 7937/4/3 7936/4/3
f 7945/5/3 7924/5/3 7923/5/3
f 7946/5/3 7924/5/3 7945/5/3
f 7948/17/3 7939/17/3 7938/17/3
f 7949/17/3 7921/17/3 7939/17/3
f 7949/17/3 7939/17/3 7948/17/3
f 7950/17/3 7921/17/3 7949/17/3
f 7951/17/3 7927/17/3 7877/17/3
f 7951/4/3 7928/4/3 7927/4/3
f 7952/4/3 7880/4/3 7928/4/3
f 7952/4/3 7928/4/3 7951/4/3
f 7953/4/3 7880/4/3 7952/4/3
f 7956/17/3 7929/17/3 7883/17/3
f 7956/4/3 7930/4/3 7929/4/3
f 7957/4/3 7913/4/3 7930/4/3
f 7957/4/3 7930/4/3 7956/4/3
f 7958/4/3 7941/4/3 7940/4/3
f 7958/17/3 7931/17/3 7889/17/3
f 7958/4/3 7940/4/3 7931/4/3
f 7959/4/3 7941/4/3 7958/4/3
f 7960/4/3 7941/4/3 7959/4/3
f 7961/4/3 7944/4/3 7936/4/3
f 7961/17/3 7936/17/3 7894/17/3
f 7961/4/3 7945/4/3 7944/4/3
f 7962/4/3 7945/4/3 7961/4/3
f 7963/5/3 7946/5/3 7945/5/3
f 7963/4/3 7945/4/3 7962/4/3
f 7964/6/3 7947/6/3 7946/6/3
f 7964/5/3 7946/5/3 7963/5/3
f 7965/6/3 7947/6/3 7964/6/3
f 7969/4/3 7953/4/3 7952/4/3
f 7970/5/3 7954/5/3 7953/5/3
f 7970/4/3 7953/4/3 7969/4/3
f 7971/13/3 7955/13/3 7954/13/3
f 7971/5/3 7954/5/3 7970/5/3
f 7972/13/3 7955/13/3 7971/13/3
f 7973/4/3 7913/4/3 7957/4/3
f 7974/4/3 7913/4/3 7973/4/3
f 7978/4/3 7963/4/3 7962/4/3
f 7979/4/3 7963/4/3 7978/4/3
f 7981/5/3 7971/5/3 7970/5/3
f 7982/5/3 7971/5/3 7981/5/3
f 7984/5/3 7976/5/3 7975/5/3
f 7985/6/3 7977/6/3 7976/6/3
f 7985/5/3 7976/5/3 7984/5/3
f 7986/6/3 7977/6/3 7985/6/3
f 7988/5/3 7980/5/3 7979/5/3
f 7989/5/3 7980/5/3 7988/5/3
f 7990/17/3 7951/17/3 7877/17/3
f 7993/17/3 7956/17/3 7883/17/3
f 7995/17/3 7958/17/3 7889/17/3
f 7996/4/3 7984/4/3 7983/4/3
f 7997/4/3 7984/4/3 7996/4/3
f 7999/17/3 7961/17/3 7894/17/3
f 8000/4/3 7988/4/3 7987/4/3
f 8001/4/3 7988/4/3 8000/4/3
f 8003/17/3 7968/17/3 7967/17/3
f 8003/17/3 7967/17/3 7966/17/3
f 8004/17/3 7968/17/3 8003/17/3
f 8005/5/3 7998/5/3 7997/5/3
f 8007/4/3 8000/4/3 7999/4/3
f 8008/5/3 8002/5/3 8001/5/3
f 8009/5/3 8002/5/3 8008/5/3
f 8011/17/3 7968/17/3 8004/17/3
f 8012/4/3 7992/4/3 7991/4/3
f 8012/17/3 7990/17/3 7877/17/3
f 8012/4/3 7991/4/3 7990/4/3
f 8013/4/3 7992/4/3 8012/4/3
f 8014/4/3 7992/4/3 8013/4/3
f 8016/4/3 7994/4/3 7993/4/3
f 8016/17/3 7993/17/3 7883/17/3
f 8017/4/3 7994/4/3 8016/4/3
f 8018/17/3 7995/17/3 7889/17/3
f 8018/4/3 7996/4/3 7995/4/3
f 8019/4/3 7996/4/3 8018/4/3
f 8020/5/3 8005/5/3 7997/5/3
f 8021/2/3 8006/2/3 8005/2/3
f 8021/5/3 8005/5/3 8020/5/3
f 8022/2/3 8006/2/3 8021/2/3
f 8023/4/3 8008/4/3 8007/4/3
f 8023/4/3 8007/4/3 7999/4/3
f 8023/17/3 7999/17/3 7894/17/3
f 8024/4/3 8008/4/3 8023/4/3
f 8025/4/3 8008/4/3 8024/4/3
f 8026/17/3 8011/17/3 8010/17/3
f 8027/17/3 7968/17/3 8011/17/3
f 8027/17/3 8011/17/3 8026/17/3
f 8028/5/3 8015/5/3 8014/5/3
f 8028/4/3 8014/4/3 8013/4/3
f 8029/5/3 8015/5/3 8028/5/3
f 8030/4/3 7994/4/3 8017/4/3
f 8032/17/3 8012/17/3 7877/17/3
f 8033/4/3 8028/4/3 8013/4/3
f 8034/4/3 8028/4/3 8033/4/3
f 8035/17/3 8016/17/3 7883/17/3
f 8036/4/3 8030/4/3 8017/4/3
f 8037/5/3 8031/5/3 8030/5/3
f 8037/4/3 8030/4/3 8036/4/3
f 8038/5/3 8031/5/3 8037/5/3
f 8039/17/3 8018/17/3 7889/17/3
f 8040/4/3 8020/4/3 8019/4/3
f 8041/4/3 8020/4/3 8040/4/3
f 8042/17/3 8023/17/3 7894/17/3
f 8043/4/3 8025/4/3 8024/4/3
f 8044/4/3 8034/4/3 8033/4/3
f 8044/4/3 8033/4/3 8032/4/3
f 8046/4/3 8036/4/3 8035/4/3
f 8048/4/3 8041/4/3 8040/4/3
f 8048/4/3 8040/4/3 8039/4/3
f 8049/4/3 8041/4/3 8048/4/3
f 8050/4/3 8043/4/3 8042/4/3
f 8050/4/3 8025/4/3 8043/4/3
f 8053/17/3 8032/17/3 7877/17/3
f 8054/4/3 8044/4/3 8032/4/3
f 8054/17/3 8032/17/3 8053/17/3
f 8055/5/3 8045/5/3 8044/5/3
f 8055/4/3 8044/4/3 8054/4/3
f 8056/5/3 8045/5/3 8055/5/3
f 8057/17/3 8035/17/3 7883/17/3
f 8058/4/3 8047/4/3 8046/4/3
f 8058/17/3 8035/17/3 8057/17/3
f 8058/4/3 8046/4/3 8035/4/3
f 8059/4/3 8047/4/3 8058/4/3
f 8060/17/3 8039/17/3 7889/17/3
f 8061/4/3 8048/4/3 8039/4/3
f 8061/17/3 8039/17/3 8060/17/3
f 8062/4/3 8048/4/3 8061/4/3
f 8065/17/3 8042/17/3 7894/17/3
f 8066/4/3 8050/4/3 8042/4/3
f 8066/17/3 8042/17/3 8065/17/3
f 8067/5/3 8051/5/3 8050/5/3
f 8067/4/3 8050/4/3 8066/4/3
f 8068/2/3 8052/2/3 8051/2/3
f 8068/5/3 8051/5/3 8067/5/3
f 8069/2/3 8052/2/3 8068/2/3
f 8070/17/3 7899/17/3 7898/17/3
f 8071/17/3 7899/17/3 8070/17/3
f 8072/5/3 8064/5/3 8063/5/3
f 8073/5/3 8064/5/3 8072/5/3
f 8074/2/3 8068/2/3 8067/2/3
f 8075/2/3 8068/2/3 8074/2/3
f 8078/10/3 8077/10/3 8076/10/3
f 8079/10/3 8077/10/3 8078/10/3
f 8080/8/3 8079/8/3 8078/8/3
f 8081/8/3 8079/8/3 8080/8/3
f 8088/5/3 8083/5/3 8082/5/3
f 8089/5/3 8083/5/3 8088/5/3
f 8092/5/3 8085/5/3 8084/5/3
f 8093/5/3 8085/5/3 8092/5/3
f 8094/6/3 8087/6/3 8086/6/3
f 8095/6/3 8087/6/3 8094/6/3
f 8098/5/3 8089/5/3 8088/5/3
f 8101/6/3 8091/6/3 8090/6/3
f 8102/6/3 8091/6/3 8101/6/3
f 8112/5/3 8098/5/3 8088/5/3
f 8113/5/3 8098/5/3 8112/5/3
f 8114/5/3 8102/5/3 8101/5/3
f 8115/5/3 8102/5/3 8114/5/3
f 8116/5/3 8108/5/3 8107/5/3
f 8117/6/3 8109/6/3 8108/6/3
f 8117/5/3 8108/5/3 8116/5/3
f 8118/6/3 8109/6/3 8117/6/3
f 8121/8/3 8120/8/3 8119/8/3
f 8122/8/3 8120/8/3 8121/8/3
f 8125/4/3 8124/4/3 8123/4/3
f 8126/4/3 8124/4/3 8125/4/3
f 8130/2/3 8128/2/3 8127/2/3
f 8131/2/3 8128/2/3 8130/2/3
f 8132/5/3 8130/5/3 8129/5/3
f 8133/5/3 8130/5/3 8132/5/3
f 8136/17/3 8097/17/3 8096/17/3
f 8137/17/3 8097/17/3 8136/17/3
f 8138/17/3 8100/17/3 8099/17/3
f 8139/17/3 8100/17/3 8138/17/3
f 8143/17/3 8104/17/3 8103/17/3
f 8144/17/3 8104/17/3 8143/17/3
f 8147/17/3 8106/17/3 8105/17/3
f 8148/17/3 8106/17/3 8147/17/3
f 8149/17/3 8111/17/3 8110/17/3
f 8150/17/3 8111/17/3 8149/17/3
f 8153/6/3 8135/6/3 8134/6/3
f 8154/6/3 8135/6/3 8153/6/3
f 8156/5/3 8141/5/3 8140/5/3
f 8157/2/3 8142/2/3 8141/2/3
f 8157/5/3 8141/5/3 8156/5/3
f 8158/2/3 8142/2/3 8157/2/3
f 8161/6/3 8146/6/3 8145/6/3
f 8162/6/3 8146/6/3 8161/6/3
f 8165/5/3 8152/5/3 8151/5/3
f 8166/5/3 8152/5/3 8165/5/3
f 8167/5/3 8156/5/3 8155/5/3
f 8168/5/3 8156/5/3 8167/5/3
f 8169/5/3 8160/5/3 8159/5/3
f 8170/5/3 8160/5/3 8169/5/3
f 8171/5/3 8164/5/3 8163/5/3
f 8172/5/3 8164/5/3 8171/5/3
f 8175/17/3 8174/17/3 8173/17/3
f 8176/17/3 8174/17/3 8175/17/3
f 8179/15/3 8178/15/3 8177/15/3
f 8180/15/3 8178/15/3 8179/15/3
f 8183/15/3 8182/15/3 8181/15/3
f 8184/15/3 8182/15/3 8183/15/3
f 8187/15/3 8185/15/3 8184/15/3
f 8188/15/3 8185/15/3 8187/15/3
f 8190/15/3 8187/15/3 8186/15/3
f 8191/15/3 8187/15/3 8190/15/3
f 8193/15/3 8190/15/3 8189/15/3
f 8193/15/3 8192/15/3 8191/15/3
f 8193/15/3 8191/15/3 8190/15/3
f 8194/15/3 8192/15/3 8193/15/3
f 8197/5/3 8196/5/3 8195/5/3
f 8198/5/3 8196/5/3 8197/5/3
f 8201/10/3 8200/10/3 8199/10/3
f 8202/10/3 8200/10/3 8201/10/3
f 8205/8/3 8204/8/3 8203/8/3
f 8206/8/3 8204/8/3 8205/8/3
f 8209/5/3 8208/5/3 8207/5/3
f 8210/5/3 8208/5/3 8209/5/3
f 8213/17/3 8212/17/3 8211/17/3
f 8214/17/3 8212/17/3 8213/17/3
f 8227/17/3 8218/17/3 8217/17/3
f 8228/17/3 8218/17/3 8227/17/3
f 8230/17/3 8218/17/3 8228/17/3
f 8231/17/3 8220/17/3 8219/17/3
f 8232/17/3 8220/17/3 8231/17/3
f 8234/17/3 8220/17/3 8232/17/3
f 8235/17/3 8220/17/3 8234/17/3
f 8236/17/3 8224/17/3 8223/17/3
f 8237/17/3 8224/17/3 8236/17/3
f 8240/17/3 8234/17/3 8233/17/3
f 8241/17/3 8234/17/3 8240/17/3
f 8249/18/3 8216/18/3 8215/18/3
f 8250/18/3 8216/18/3 8249/18/3
f 8254/17/3 8242/17/3 8241/17/3
f 8255/17/3 8248/17/3 8247/17/3
f 8256/17/3 8248/17/3 8255/17/3
f 8257/18/3 8249/18/3 8215/18/3
f 8258/18/3 8216/18/3 8250/18/3
f 8259/17/3 8255/17/3 8247/17/3
f 8260/17/3 8255/17/3 8259/17/3
f 8265/17/3 8261/17/3 8260/17/3
f 8266/18/3 8258/18/3 8257/18/3
f 8266/18/3 8257/18/3 8215/18/3
f 8267/18/3 8216/18/3 8258/18/3
f 8267/18/3 8258/18/3 8266/18/3
f 8268/18/3 8266/18/3 8215/18/3
f 8269/18/3 8216/18/3 8267/18/3
f 8270/18/3 8216/18/3 8269/18/3
f 8271/18/3 8268/18/3 8215/18/3
f 8271/18/3 8269/18/3 8268/18/3
f 8272/18/3 8269/18/3 8271/18/3
f 8274/18/3 8271/18/3 8215/18/3
f 8275/18/3 8271/18/3 8274/18/3
f 8276/18/3 8273/18/3 8272/18/3
f 8277/18/3 8273/18/3 8276/18/3
f 8278/18/3 8274/18/3 8215/18/3
f 8280/17/3 8252/17/3 8251/17/3
f 8281/17/3 8252/17/3 8280/17/3
f 8282/17/3 8239/17/3 8238/17/3
f 8283/17/3 8239/17/3 8282/17/3
f 8284/17/3 8244/17/3 8243/17/3
f 8285/17/3 8244/17/3 8284/17/3
f 8286/17/3 8246/17/3 8245/17/3
f 8287/17/3 8246/17/3 8286/17/3
f 8288/17/3 8263/17/3 8262/17/3
f 8289/17/3 8263/17/3 8288/17/3
f 8290/17/3 8265/17/3 8264/17/3
f 8291/17/3 8261/17/3 8265/17/3
f 8291/17/3 8265/17/3 8290/17/3
f 8293/17/3 8261/17/3 8291/17/3
f 8294/17/3 8261/17/3 8293/17/3
f 8295/17/3 8293/17/3 8292/17/3
f 8297/17/3 8254/17/3 8253/17/3
f 8297/17/3 8242/17/3 8254/17/3
f 8298/17/3 8242/17/3 8297/17/3
f 8299/17/3 8297/17/3 8253/17/3
f 8301/17/3 8230/17/3 8229/17/3
f 8302/17/3 8218/17/3 8230/17/3
f 8302/17/3 8230/17/3 8301/17/3
f 8303/17/3 8300/17/3 8299/17/3
f 8303/17/3 8299/17/3 8253/17/3
f 8304/17/3 8300/17/3 8303/17/3
f 8305/17/3 8222/17/3 8221/17/3
f 8306/17/3 8222/17/3 8305/17/3
f 8307/17/3 8296/17/3 8295/17/3
f 8307/17/3 8295/17/3 8292/17/3
f 8308/17/3 8296/17/3 8307/17/3
f 8309/17/3 8226/17/3 8225/17/3
f 8310/17/3 8226/17/3 8309/17/3
f 8311/18/3 8279/18/3 8278/18/3
f 8311/18/3 8278/18/3 8215/18/3
f 8312/18/3 8279/18/3 8311/18/3
f 8317/18/3 8314/18/3 8313/18/3
f 8318/18/3 8314/18/3 8317/18/3
f 8325/17/3 8316/17/3 8315/17/3
f 8326/17/3 8316/17/3 8325/17/3
f 8329/17/3 8226/17/3 8310/17/3
f 8330/18/3 8317/18/3 8313/18/3
f 8333/17/3 8327/17/3 8326/17/3
f 8334/17/3 8327/17/3 8333/17/3
f 8335/17/3 8333/17/3 8332/17/3
f 8337/17/3 8335/17/3 8332/17/3
f 8337/17/3 8336/17/3 8335/17/3
f 8338/17/3 8336/17/3 8337/17/3
f 8347/17/3 8337/17/3 8332/17/3
f 8348/17/3 8337/17/3 8347/17/3
f 8353/17/3 8349/17/3 8348/17/3
f 8354/17/3 8340/17/3 8339/17/3
f 8355/17/3 8340/17/3 8354/17/3
f 8356/17/3 8342/17/3 8341/17/3
f 8357/17/3 8342/17/3 8356/17/3
f 8358/17/3 8344/17/3 8343/17/3
f 8359/17/3 8344/17/3 8358/17/3
f 8360/17/3 8346/17/3 8345/17/3
f 8361/17/3 8346/17/3 8360/17/3
f 8362/17/3 8351/17/3 8350/17/3
f 8363/17/3 8351/17/3 8362/17/3
f 8364/17/3 8320/17/3 8319/17/3
f 8365/17/3 8320/17/3 8364/17/3
f 8366/17/3 8353/17/3 8352/17/3
f 8367/17/3 8349/17/3 8353/17/3
f 8367/17/3 8353/17/3 8366/17/3
f 8372/17/3 8369/17/3 8368/17/3
f 8373/17/3 8369/17/3 8372/17/3
f 8374/17/3 8329/17/3 8328/17/3
f 8375/17/3 8226/17/3 8329/17/3
f 8375/17/3 8329/17/3 8374/17/3
f 8376/17/3 8371/17/3 8370/17/3
f 8377/17/3 8371/17/3 8376/17/3
f 8381/17/3 8226/17/3 8375/17/3
f 8382/17/3 8322/17/3 8321/17/3
f 8383/17/3 8322/17/3 8382/17/3
f 8384/18/3 8331/18/3 8330/18/3
f 8384/18/3 8330/18/3 8313/18/3
f 8385/18/3 8331/18/3 8384/18/3
f 8386/17/3 8324/17/3 8323/17/3
f 8387/17/3 8324/17/3 8386/17/3
f 8388/17/3 8379/17/3 8378/17/3
f 8389/17/3 8379/17/3 8388/17/3
f 8390/17/3 8381/17/3 8380/17/3
f 8391/17/3 8226/17/3 8381/17/3
f 8391/17/3 8381/17/3 8390/17/3
f 8394/17/3 8393/17/3 8392/17/3
f 8395/17/3 8393/17/3 8394/17/3
f 8412/1/3 8397/1/3 8396/1/3
f 8413/1/3 8397/1/3 8412/1/3
f 8414/17/3 8399/17/3 8398/17/3
f 8415/17/3 8399/17/3 8414/17/3
f 8416/1/3 8401/1/3 8400/1/3
f 8417/1/3 8403/1/3 8402/1/3
f 8418/1/3 8403/1/3 8417/1/3
f 8419/1/3 8405/1/3 8404/1/3
f 8420/1/3 8407/1/3 8406/1/3
f 8422/1/3 8409/1/3 8408/1/3
f 8423/1/3 8409/1/3 8422/1/3
f 8424/1/3 8412/1/3 8396/1/3
f 8425/1/3 8412/1/3 8424/1/3
f 8426/1/3 8414/1/3 8413/1/3
f 8427/1/3 8417/1/3 8416/1/3
f 8428/1/3 8403/1/3 8418/1/3
f 8429/1/3 8403/1/3 8428/1/3
f 8430/1/3 8419/1/3 8404/1/3
f 8430/1/3 8420/1/3 8419/1/3
f 8431/1/3 8420/1/3 8430/1/3
f 8432/1/3 8422/1/3 8421/1/3
f 8433/1/3 8409/1/3 8423/1/3
f 8434/1/3 8409/1/3 8433/1/3
f 8435/1/3 8424/1/3 8396/1/3
f 8436/1/3 8424/1/3 8435/1/3
f 8437/1/3 8426/1/3 8425/1/3
f 8438/1/3 8428/1/3 8427/1/3
f 8439/1/3 8403/1/3 8429/1/3
f 8440/1/3 8403/1/3 8439/1/3
f 8441/1/3 8430/1/3 8404/1/3
f 8442/1/3 8430/1/3 8441/1/3
f 8443/1/3 8420/1/3 8431/1/3
f 8444/1/3 8433/1/3 8432/1/3
f 8445/1/3 8409/1/3 8434/1/3
f 8446/1/3 8409/1/3 8445/1/3
f 8447/1/3 8411/1/3 8410/1/3
f 8448/1/3 8411/1/3 8447/1/3
f 8449/1/3 8435/1/3 8396/1/3
f 8450/1/3 8435/1/3 8449/1/3
f 8451/1/3 8437/1/3 8436/1/3
f 8452/1/3 8439/1/3 8438/1/3
f 8453/1/3 8403/1/3 8440/1/3
f 8454/1/3 8403/1/3 8453/1/3
f 8456/1/3 8441/1/3 8404/1/3
f 8457/1/3 8441/1/3 8456/1/3
f 8458/1/3 8443/1/3 8442/1/3
f 8459/1/3 8445/1/3 8444/1/3
f 8460/1/3 8409/1/3 8446/1/3
f 8461/1/3 8409/1/3 8460/1/3
f 8462/1/3 8447/1/3 8410/1/3
f 8463/1/3 8447/1/3 8462/1/3
f 8464/1/3 8411/1/3 8448/1/3
f 8465/1/3 8449/1/3 8396/1/3
f 8466/1/3 8449/1/3 8465/1/3
f 8467/1/3 8451/1/3 8450/1/3
f 8468/1/3 8453/1/3 8452/1/3
f 8469/17/3 8455/17/3 8454/17/3
f 8470/17/3 8455/17/3 8469/17/3
f 8471/1/3 8456/1/3 8404/1/3
f 8472/1/3 8456/1/3 8471/1/3
f 8473/1/3 8458/1/3 8457/1/3
f 8474/1/3 8460/1/3 8459/1/3
f 8476/1/3 8462/1/3 8410/1/3
f 8477/1/3 8462/1/3 8476/1/3
f 8478/1/3 8462/1/3 8477/1/3
f 8479/1/3 8462/1/3 8478/1/3
f 8480/1/3 8464/1/3 8463/1/3
f 8481/1/3 8465/1/3 8396/1/3
f 8482/1/3 8465/1/3 8481/1/3
f 8483/1/3 8467/1/3 8466/1/3
f 8484/1/3 8416/1/3 8400/1/3
f 8484/1/3 8427/1/3 8416/1/3
f 8484/1/3 8438/1/3 8427/1/3
f 8484/1/3 8452/1/3 8438/1/3
f 8484/1/3 8468/1/3 8452/1/3
f 8484/1/3 8469/1/3 8468/1/3
f 8485/1/3 8469/1/3 8484/1/3
f 8486/1/3 8469/1/3 8485/1/3
f 8487/17/3 8471/17/3 8470/17/3
f 8488/17/3 8471/17/3 8487/17/3
f 8490/1/3 8473/1/3 8472/1/3
f 8491/1/3 8459/1/3 8444/1/3
f 8491/1/3 8432/1/3 8421/1/3
f 8491/1/3 8444/1/3 8432/1/3
f 8491/1/3 8475/1/3 8474/1/3
f 8491/1/3 8474/1/3 8459/1/3
f 8492/1/3 8475/1/3 8491/1/3
f 8493/17/3 8476/17/3 8475/17/3
f 8493/1/3 8475/1/3 8492/1/3
f 8494/17/3 8476/17/3 8493/17/3
f 8495/1/3 8478/1/3 8477/1/3
f 8496/1/3 8478/1/3 8495/1/3
f 8497/1/3 8480/1/3 8479/1/3
f 8498/1/3 8481/1/3 8396/1/3
f 8499/1/3 8481/1/3 8498/1/3
f 8500/1/3 8483/1/3 8482/1/3
f 8501/1/3 8467/1/3 8483/1/3
f 8501/1/3 8483/1/3 8500/1/3
f 8501/1/3 8426/1/3 8437/1/3
f 8501/1/3 8437/1/3 8451/1/3
f 8501/1/3 8451/1/3 8467/1/3
f 8502/1/3 8486/1/3 8485/1/3
f 8503/17/3 8487/17/3 8486/17/3
f 8503/1/3 8486/1/3 8502/1/3
f 8504/17/3 8487/17/3 8503/17/3
f 8505/1/3 8473/1/3 8490/1/3
f 8506/1/3 8407/1/3 8420/1/3
f 8506/1/3 8473/1/3 8505/1/3
f 8506/1/3 8420/1/3 8443/1/3
f 8506/1/3 8443/1/3 8458/1/3
f 8506/1/3 8458/1/3 8473/1/3
f 8507/1/3 8493/1/3 8492/1/3
f 8508/1/3 8493/1/3 8507/1/3
f 8510/1/3 8495/1/3 8494/1/3
f 8511/1/3 8495/1/3 8510/1/3
f 8512/1/3 8497/1/3 8496/1/3
f 8513/1/3 8480/1/3 8497/1/3
f 8513/1/3 8497/1/3 8512/1/3
f 8513/1/3 8411/1/3 8464/1/3
f 8513/1/3 8464/1/3 8480/1/3
f 8516/1/3 8493/1/3 8508/1/3
f 8517/1/3 8493/1/3 8516/1/3
f 8518/17/3 8510/17/3 8509/17/3
f 8519/17/3 8510/17/3 8518/17/3
f 8521/1/3 8516/1/3 8508/1/3
f 8522/17/3 8518/17/3 8517/17/3
f 8523/17/3 8518/17/3 8522/17/3
f 8525/1/3 8426/1/3 8501/1/3
f 8527/1/3 8515/1/3 8514/1/3
f 8529/1/3 8407/1/3 8506/1/3
f 8531/1/3 8521/1/3 8508/1/3
f 8531/1/3 8522/1/3 8521/1/3
f 8533/1/3 8411/1/3 8513/1/3
f 8534/1/3 8498/1/3 8396/1/3
f 8535/1/3 8525/1/3 8524/1/3
f 8536/1/3 8484/1/3 8400/1/3
f 8537/1/3 8527/1/3 8526/1/3
f 8538/1/3 8489/1/3 8488/1/3
f 8539/1/3 8529/1/3 8528/1/3
f 8540/1/3 8529/1/3 8539/1/3
f 8541/1/3 8407/1/3 8529/1/3
f 8541/1/3 8529/1/3 8540/1/3
f 8542/1/3 8491/1/3 8421/1/3
f 8543/1/3 8531/1/3 8530/1/3
f 8544/1/3 8531/1/3 8543/1/3
f 8545/1/3 8531/1/3 8544/1/3
f 8546/1/3 8520/1/3 8519/1/3
f 8547/1/3 8533/1/3 8532/1/3
f 8548/1/3 8540/1/3 8539/1/3
f 8548/1/3 8539/1/3 8538/1/3
f 8549/1/3 8540/1/3 8548/1/3
f 8550/1/3 8407/1/3 8541/1/3
f 8551/1/3 8543/1/3 8542/1/3
f 8551/1/3 8544/1/3 8543/1/3
f 8552/1/3 8531/1/3 8545/1/3
f 8553/1/3 8522/1/3 8531/1/3
f 8553/1/3 8531/1/3 8552/1/3
f 8555/1/3 8537/1/3 8536/1/3
f 8555/1/3 8527/1/3 8537/1/3
f 8556/1/3 8527/1/3 8555/1/3
f 8557/1/3 8548/1/3 8538/1/3
f 8558/1/3 8548/1/3 8557/1/3
f 8559/1/3 8550/1/3 8549/1/3
f 8560/1/3 8552/1/3 8551/1/3
f 8561/17/3 8554/17/3 8553/17/3
f 8562/17/3 8554/17/3 8561/17/3
f 8563/1/3 8546/1/3 8519/1/3
f 8563/1/3 8547/1/3 8546/1/3
f 8564/1/3 8533/1/3 8547/1/3
f 8564/1/3 8547/1/3 8563/1/3
f 8565/1/3 8555/1/3 8536/1/3
f 8568/1/3 8527/1/3 8556/1/3
f 8569/1/3 8527/1/3 8568/1/3
f 8570/1/3 8557/1/3 8538/1/3
f 8571/1/3 8557/1/3 8570/1/3
f 8572/1/3 8559/1/3 8558/1/3
f 8573/17/3 8563/17/3 8562/17/3
f 8574/17/3 8563/17/3 8573/17/3
f 8575/1/3 8533/1/3 8564/1/3
f 8576/1/3 8533/1/3 8575/1/3
f 8577/1/3 8566/1/3 8565/1/3
f 8577/1/3 8565/1/3 8536/1/3
f 8578/1/3 8566/1/3 8577/1/3
f 8579/1/3 8568/1/3 8567/1/3
f 8580/1/3 8568/1/3 8579/1/3
f 8581/1/3 8527/1/3 8569/1/3
f 8582/1/3 8527/1/3 8581/1/3
f 8583/1/3 8570/1/3 8538/1/3
f 8584/1/3 8570/1/3 8583/1/3
f 8585/1/3 8572/1/3 8571/1/3
f 8586/1/3 8575/1/3 8574/1/3
f 8587/1/3 8533/1/3 8576/1/3
f 8588/1/3 8411/1/3 8533/1/3
f 8588/1/3 8533/1/3 8587/1/3
f 8589/1/3 8534/1/3 8396/1/3
f 8589/1/3 8535/1/3 8534/1/3
f 8590/1/3 8525/1/3 8535/1/3
f 8590/1/3 8535/1/3 8589/1/3
f 8591/1/3 8536/1/3 8400/1/3
f 8591/1/3 8577/1/3 8536/1/3
f 8592/1/3 8577/1/3 8591/1/3
f 8593/1/3 8580/1/3 8579/1/3
f 8593/1/3 8579/1/3 8578/1/3
f 8593/1/3 8581/1/3 8580/1/3
f 8594/1/3 8581/1/3 8593/1/3
f 8595/1/3 8527/1/3 8582/1/3
f 8596/1/3 8515/1/3 8527/1/3
f 8596/1/3 8527/1/3 8595/1/3
f 8597/1/3 8583/1/3 8538/1/3
f 8598/1/3 8583/1/3 8597/1/3
f 8599/1/3 8585/1/3 8584/1/3
f 8600/1/3 8587/1/3 8586/1/3
f 8601/1/3 8411/1/3 8588/1/3
f 8603/1/3 8525/1/3 8590/1/3
f 8604/1/3 8525/1/3 8603/1/3
f 8605/1/3 8591/1/3 8400/1/3
f 8606/1/3 8595/1/3 8594/1/3
f 8606/1/3 8594/1/3 8593/1/3
f 8606/1/3 8593/1/3 8592/1/3
f 8607/1/3 8595/1/3 8606/1/3
f 8608/1/3 8515/1/3 8596/1/3
f 8610/1/3 8538/1/3 8488/1/3
f 8610/1/3 8597/1/3 8538/1/3
f 8611/1/3 8597/1/3 8610/1/3
f 8612/1/3 8599/1/3 8598/1/3
f 8613/1/3 8603/1/3 8602/1/3
f 8614/1/3 8525/1/3 8604/1/3
f 8615/1/3 8525/1/3 8614/1/3
f 8616/17/3 8610/17/3 8609/17/3
f 8617/17/3 8610/17/3 8616/17/3
f 8618/1/3 8612/1/3 8611/1/3
f 8619/1/3 8614/1/3 8613/1/3
f 8620/1/3 8525/1/3 8615/1/3
f 8621/1/3 8525/1/3 8620/1/3
f 8622/1/3 8608/1/3 8607/1/3
f 8622/1/3 8607/1/3 8606/1/3
f 8622/1/3 8606/1/3 8605/1/3
f 8623/1/3 8608/1/3 8622/1/3
f 8624/1/3 8618/1/3 8617/1/3
f 8624/1/3 8612/1/3 8618/1/3
f 8625/1/3 8612/1/3 8624/1/3
f 8626/1/3 8551/1/3 8542/1/3
f 8626/1/3 8560/1/3 8551/1/3
f 8626/1/3 8561/1/3 8560/1/3
f 8627/1/3 8561/1/3 8626/1/3
f 8628/1/3 8586/1/3 8574/1/3
f 8628/1/3 8601/1/3 8600/1/3
f 8628/1/3 8600/1/3 8586/1/3
f 8629/1/3 8601/1/3 8628/1/3
f 8630/1/3 8613/1/3 8602/1/3
f 8630/1/3 8620/1/3 8619/1/3
f 8630/1/3 8619/1/3 8613/1/3
f 8631/1/3 8620/1/3 8630/1/3
f 8632/1/3 8620/1/3 8631/1/3
f 8633/1/3 8525/1/3 8621/1/3
f 8634/1/3 8414/1/3 8426/1/3
f 8634/1/3 8426/1/3 8525/1/3
f 8634/1/3 8525/1/3 8633/1/3
f 8635/1/3 8414/1/3 8634/1/3
f 8636/1/3 8605/1/3 8400/1/3
f 8636/1/3 8622/1/3 8605/1/3
f 8637/1/3 8622/1/3 8636/1/3
f 8638/1/3 8608/1/3 8623/1/3
f 8639/1/3 8515/1/3 8608/1/3
f 8639/1/3 8608/1/3 8638/1/3
f 8640/1/3 8515/1/3 8639/1/3
f 8641/1/3 8624/1/3 8617/1/3
f 8642/1/3 8624/1/3 8641/1/3
f 8643/1/3 8612/1/3 8625/1/3
f 8644/1/3 8572/1/3 8585/1/3
f 8644/1/3 8612/1/3 8643/1/3
f 8644/1/3 8407/1/3 8550/1/3
f 8644/1/3 8550/1/3 8559/1/3
f 8644/1/3 8559/1/3 8572/1/3
f 8644/1/3 8599/1/3 8612/1/3
f 8644/1/3 8585/1/3 8599/1/3
f 8645/1/3 8407/1/3 8644/1/3
f 8646/1/3 8542/1/3 8421/1/3
f 8646/1/3 8626/1/3 8542/1/3
f 8647/1/3 8626/1/3 8646/1/3
f 8648/1/3 8561/1/3 8627/1/3
f 8649/1/3 8561/1/3 8648/1/3
f 8650/1/3 8561/1/3 8649/1/3
f 8651/1/3 8628/1/3 8574/1/3
f 8652/1/3 8628/1/3 8651/1/3
f 8653/1/3 8601/1/3 8629/1/3
f 8654/1/3 8411/1/3 8601/1/3
f 8654/1/3 8601/1/3 8653/1/3
f 8655/1/3 8411/1/3 8654/1/3
f 8656/17/3 8637/17/3 8636/17/3
f 8657/17/3 8639/17/3 8638/17/3
f 8658/17/3 8642/17/3 8641/17/3
f 8659/17/3 8644/17/3 8643/17/3
f 8660/17/3 8647/17/3 8646/17/3
f 8661/17/3 8649/17/3 8648/17/3
f 8662/17/3 8652/17/3 8651/17/3
f 8663/17/3 8654/17/3 8653/17/3
f 8664/17/3 8633/17/3 8632/17/3
f 8664/17/3 8632/17/3 8631/17/3
f 8664/17/3 8634/17/3 8633/17/3
f 8665/17/3 8634/17/3 8664/17/3
f 8666/17/3 8657/17/3 8656/17/3
f 8666/17/3 8656/17/3 8636/17/3
f 8667/17/3 8639/17/3 8657/17/3
f 8667/17/3 8657/17/3 8666/17/3
f 8668/17/3 8659/17/3 8658/17/3
f 8668/17/3 8658/17/3 8641/17/3
f 8669/17/3 8644/17/3 8659/17/3
f 8669/17/3 8659/17/3 8668/17/3
f 8670/17/3 8661/17/3 8660/17/3
f 8670/17/3 8660/17/3 8646/17/3
f 8671/17/3 8649/17/3 8661/17/3
f 8671/17/3 8661/17/3 8670/17/3
f 8672/17/3 8663/17/3 8662/17/3
f 8672/17/3 8662/17/3 8651/17/3
f 8673/17/3 8654/17/3 8663/17/3
f 8673/17/3 8663/17/3 8672/17/3
f 8676/18/3 8675/18/3 8674/18/3
f 8677/18/3 8675/18/3 8676/18/3
f 8682/17/3 8634/17/3 8665/17/3
f 8684/17/3 8639/17/3 8667/17/3
f 8686/17/3 8644/17/3 8669/17/3
f 8688/17/3 8649/17/3 8671/17/3
f 8689/17/3 8649/17/3 8688/17/3
f 8691/17/3 8654/17/3 8673/17/3
f 8692/17/3 8679/17/3 8678/17/3
f 8692/9/3 8680/9/3 8679/9/3
f 8693/14/3 8681/14/3 8680/14/3
f 8693/9/3 8680/9/3 8692/9/3
f 8694/17/3 8684/17/3 8683/17/3
f 8695/17/3 8684/17/3 8694/17/3
f 8696/17/3 8686/17/3 8685/17/3
f 8697/17/3 8686/17/3 8696/17/3
f 8698/17/3 8688/17/3 8687/17/3
f 8699/17/3 8688/17/3 8698/17/3
f 8700/17/3 8688/17/3 8699/17/3
f 8703/17/3 8691/17/3 8690/17/3
f 8704/17/3 8691/17/3 8703/17/3
f 8706/17/3 8692/17/3 8678/17/3
f 8707/7/3 8693/7/3 8692/7/3
f 8707/17/3 8692/17/3 8706/17/3
f 8708/14/3 8681/14/3 8693/14/3
f 8708/7/3 8693/7/3 8707/7/3
f 8709/17/3 8682/17/3 8681/17/3
f 8709/14/3 8681/14/3 8708/14/3
f 8710/17/3 8634/17/3 8682/17/3
f 8710/17/3 8682/17/3 8709/17/3
f 8712/17/3 8694/17/3 8683/17/3
f 8713/17/3 8694/17/3 8712/17/3
f 8714/17/3 8684/17/3 8695/17/3
f 8715/17/3 8639/17/3 8684/17/3
f 8715/17/3 8684/17/3 8714/17/3
f 8717/17/3 8696/17/3 8685/17/3
f 8718/17/3 8696/17/3 8717/17/3
f 8719/17/3 8686/17/3 8697/17/3
f 8720/17/3 8644/17/3 8686/17/3
f 8720/17/3 8686/17/3 8719/17/3
f 8722/17/3 8698/17/3 8687/17/3
f 8723/17/3 8698/17/3 8722/17/3
f 8724/17/3 8700/17/3 8699/17/3
f 8724/17/3 8702/17/3 8701/17/3
f 8724/17/3 8701/17/3 8700/17/3
f 8725/17/3 8702/17/3 8724/17/3
f 8726/17/3 8703/17/3 8690/17/3
f 8727/17/3 8703/17/3 8726/17/3
f 8728/17/3 8691/17/3 8704/17/3
f 8729/17/3 8691/17/3 8728/17/3
f 8730/17/3 8654/17/3 8691/17/3
f 8730/17/3 8691/17/3 8729/17/3
f 8733/1/3 8708/1/3 8707/1/3
f 8733/1/3 8707/1/3 8706/1/3
f 8733/1/3 8709/1/3 8708/1/3
f 8733/1/3 8706/1/3 8705/1/3
f 8733/1/3 8711/1/3 8710/1/3
f 8733/1/3 8710/1/3 8709/1/3
f 8734/1/3 8711/1/3 8733/1/3
f 8735/1/3 8713/1/3 8712/1/3
f 8736/1/3 8716/1/3 8715/1/3
f 8736/1/3 8715/1/3 8714/1/3
f 8737/1/3 8718/1/3 8717/1/3
f 8738/1/3 8721/1/3 8720/1/3
f 8738/1/3 8720/1/3 8719/1/3
f 8739/1/3 8723/1/3 8722/1/3
f 8740/1/3 8725/1/3 8724/1/3
f 8741/1/3 8725/1/3 8740/1/3
f 8743/1/3 8727/1/3 8726/1/3
f 8744/1/3 8727/1/3 8743/1/3
f 8745/1/3 8727/1/3 8744/1/3
f 8747/1/3 8730/1/3 8729/1/3
f 8747/1/3 8731/1/3 8730/1/3
f 8748/1/3 8731/1/3 8747/1/3
f 8749/1/3 8731/1/3 8748/1/3
f 8750/18/3 8733/18/3 8732/18/3
f 8751/18/3 8733/18/3 8750/18/3
f 8752/1/3 8711/1/3 8734/1/3
f 8753/1/3 8711/1/3 8752/1/3
f 8754/17/3 8742/17/3 8741/17/3
f 8754/1/3 8740/1/3 8739/1/3
f 8754/1/3 8741/1/3 8740/1/3
f 8755/17/3 8742/17/3 8754/17/3
f 8757/1/3 8746/1/3 8745/1/3
f 8757/1/3 8745/1/3 8744/1/3
f 8757/1/3 8748/1/3 8747/1/3
f 8757/1/3 8747/1/3 8746/1/3
f 8758/1/3 8748/1/3 8757/1/3
f 8759/1/3 8748/1/3 8758/1/3
f 8760/1/3 8748/1/3 8759/1/3
f 8761/1/3 8731/1/3 8749/1/3
f 8762/1/3 8752/1/3 8751/1/3
f 8763/1/3 8711/1/3 8753/1/3
f 8764/1/3 8711/1/3 8763/1/3
f 8765/1/3 8736/1/3 8735/1/3
f 8765/1/3 8716/1/3 8736/1/3
f 8766/1/3 8716/1/3 8765/1/3
f 8767/1/3 8738/1/3 8737/1/3
f 8767/1/3 8721/1/3 8738/1/3
f 8768/1/3 8721/1/3 8767/1/3
f 8769/17/3 8756/17/3 8755/17/3
f 8770/1/3 8757/1/3 8756/1/3
f 8770/17/3 8756/17/3 8769/17/3
f 8771/1/3 8757/1/3 8770/1/3
f 8772/1/3 8759/1/3 8758/1/3
f 8773/1/3 8759/1/3 8772/1/3
f 8774/1/3 8759/1/3 8773/1/3
f 8775/1/3 8759/1/3 8774/1/3
f 8776/1/3 8761/1/3 8760/1/3
f 8777/1/3 8763/1/3 8762/1/3
f 8778/1/3 8711/1/3 8764/1/3
f 8779/1/3 8711/1/3 8778/1/3
f 8780/1/3 8765/1/3 8735/1/3
f 8781/1/3 8716/1/3 8766/1/3
f 8782/1/3 8716/1/3 8781/1/3
f 8783/1/3 8767/1/3 8737/1/3
f 8784/1/3 8767/1/3 8783/1/3
f 8786/1/3 8771/1/3 8770/1/3
f 8786/1/3 8772/1/3 8771/1/3
f 8787/1/3 8774/1/3 8773/1/3
f 8788/1/3 8774/1/3 8787/1/3
f 8789/1/3 8776/1/3 8775/1/3
f 8790/1/3 8778/1/3 8777/1/3
f 8791/1/3 8711/1/3 8779/1/3
f 8792/1/3 8711/1/3 8791/1/3
f 8793/1/3 8781/1/3 8780/1/3
f 8794/1/3 8716/1/3 8782/1/3
f 8795/1/3 8716/1/3 8794/1/3
f 8796/1/3 8783/1/3 8737/1/3
f 8797/1/3 8783/1/3 8796/1/3
f 8798/1/3 8785/1/3 8784/1/3
f 8800/1/3 8789/1/3 8788/1/3
f 8801/1/3 8791/1/3 8790/1/3
f 8802/1/3 8711/1/3 8792/1/3
f 8803/1/3 8711/1/3 8802/1/3
f 8804/1/3 8794/1/3 8793/1/3
f 8805/1/3 8716/1/3 8795/1/3
f 8806/1/3 8796/1/3 8737/1/3
f 8807/1/3 8796/1/3 8806/1/3
f 8808/1/3 8798/1/3 8797/1/3
f 8809/1/3 8786/1/3 8770/1/3
f 8809/1/3 8787/1/3 8786/1/3
f 8810/1/3 8787/1/3 8809/1/3
f 8811/1/3 8800/1/3 8799/1/3
f 8812/1/3 8789/1/3 8800/1/3
f 8812/1/3 8800/1/3 8811/1/3
f 8813/1/3 8802/1/3 8801/1/3
f 8814/1/3 8711/1/3 8803/1/3
f 8815/1/3 8806/1/3 8737/1/3
f 8816/1/3 8806/1/3 8815/1/3
f 8817/1/3 8808/1/3 8807/1/3
f 8818/1/3 8809/1/3 8770/1/3
f 8819/1/3 8809/1/3 8818/1/3
f 8820/1/3 8811/1/3 8810/1/3
f 8821/1/3 8811/1/3 8820/1/3
f 8822/1/3 8789/1/3 8812/1/3
f 8823/1/3 8789/1/3 8822/1/3
f 8824/1/3 8815/1/3 8737/1/3
f 8825/1/3 8815/1/3 8824/1/3
f 8826/1/3 8817/1/3 8816/1/3
f 8827/1/3 8754/1/3 8739/1/3
f 8828/1/3 8754/1/3 8827/1/3
f 8831/1/3 8821/1/3 8820/1/3
f 8831/1/3 8822/1/3 8821/1/3
f 8831/1/3 8820/1/3 8819/1/3
f 8832/1/3 8822/1/3 8831/1/3
f 8833/1/3 8789/1/3 8823/1/3
f 8834/1/3 8776/1/3 8789/1/3
f 8834/1/3 8789/1/3 8833/1/3
f 8835/1/3 8777/1/3 8762/1/3
f 8835/1/3 8762/1/3 8751/1/3
f 8835/1/3 8790/1/3 8777/1/3
f 8835/1/3 8801/1/3 8790/1/3
f 8835/1/3 8813/1/3 8801/1/3
f 8835/1/3 8814/1/3 8813/1/3
f 8836/1/3 8814/1/3 8835/1/3
f 8837/1/3 8780/1/3 8735/1/3
f 8837/1/3 8735/1/3 8712/1/3
f 8837/1/3 8793/1/3 8780/1/3
f 8837/1/3 8804/1/3 8793/1/3
f 8837/1/3 8805/1/3 8804/1/3
f 8838/1/3 8805/1/3 8837/1/3
f 8839/1/3 8737/1/3 8717/1/3
f 8839/1/3 8824/1/3 8737/1/3
f 8840/1/3 8824/1/3 8839/1/3
f 8841/1/3 8824/1/3 8840/1/3
f 8842/1/3 8824/1/3 8841/1/3
f 8843/1/3 8826/1/3 8825/1/3
f 8844/1/3 8739/1/3 8722/1/3
f 8844/1/3 8827/1/3 8739/1/3
f 8845/1/3 8827/1/3 8844/1/3
f 8846/1/3 8827/1/3 8845/1/3
f 8847/1/3 8827/1/3 8846/1/3
f 8849/17/3 8830/17/3 8829/17/3
f 8850/1/3 8832/1/3 8831/1/3
f 8850/1/3 8833/1/3 8832/1/3
f 8850/17/3 8830/17/3 8849/17/3
f 8850/1/3 8831/1/3 8830/1/3
f 8851/1/3 8833/1/3 8850/1/3
f 8852/1/3 8833/1/3 8851/1/3
f 8853/1/3 8833/1/3 8852/1/3
f 8854/1/3 8776/1/3 8834/1/3
f 8855/1/3 8761/1/3 8776/1/3
f 8855/1/3 8776/1/3 8854/1/3
f 8856/1/3 8814/1/3 8836/1/3
f 8857/1/3 8711/1/3 8814/1/3
f 8857/1/3 8814/1/3 8856/1/3
f 8858/1/3 8805/1/3 8838/1/3
f 8859/1/3 8805/1/3 8858/1/3
f 8860/1/3 8841/1/3 8840/1/3
f 8861/1/3 8841/1/3 8860/1/3
f 8862/1/3 8843/1/3 8842/1/3
f 8863/1/3 8817/1/3 8826/1/3
f 8863/1/3 8843/1/3 8862/1/3
f 8863/1/3 8826/1/3 8843/1/3
f 8863/1/3 8808/1/3 8817/1/3
f 8864/1/3 8846/1/3 8845/1/3
f 8865/1/3 8846/1/3 8864/1/3
f 8867/1/3 8848/1/3 8847/1/3
f 8868/17/3 8849/17/3 8848/17/3
f 8868/1/3 8848/1/3 8867/1/3
f 8869/17/3 8849/17/3 8868/17/3
f 8870/1/3 8854/1/3 8853/1/3
f 8870/1/3 8853/1/3 8852/1/3
f 8871/1/3 8854/1/3 8870/1/3
f 8872/1/3 8761/1/3 8855/1/3
f 8873/1/3 8731/1/3 8761/1/3
f 8873/1/3 8761/1/3 8872/1/3
f 8877/1/3 8805/1/3 8859/1/3
f 8879/1/3 8808/1/3 8863/1/3
f 8883/1/3 8868/1/3 8867/1/3
f 8883/1/3 8867/1/3 8866/1/3
f 8885/1/3 8731/1/3 8873/1/3
f 8886/1/3 8835/1/3 8751/1/3
f 8887/1/3 8875/1/3 8874/1/3
f 8888/1/3 8875/1/3 8887/1/3
f 8889/1/3 8711/1/3 8857/1/3
f 8890/1/3 8711/1/3 8889/1/3
f 8891/1/3 8837/1/3 8712/1/3
f 8892/1/3 8877/1/3 8876/1/3
f 8893/1/3 8839/1/3 8717/1/3
f 8894/1/3 8879/1/3 8878/1/3
f 8895/1/3 8844/1/3 8722/1/3
f 8896/1/3 8881/1/3 8880/1/3
f 8897/1/3 8881/1/3 8896/1/3
f 8898/1/3 8883/1/3 8882/1/3
f 8899/1/3 8868/1/3 8883/1/3
f 8899/1/3 8883/1/3 8898/1/3
f 8900/1/3 8851/1/3 8850/1/3
f 8901/1/3 8885/1/3 8884/1/3
f 8902/1/3 8888/1/3 8887/1/3
f 8902/1/3 8887/1/3 8886/1/3
f 8902/1/3 8889/1/3 8888/1/3
f 8904/1/3 8891/1/3 8712/1/3
f 8904/1/3 8892/1/3 8891/1/3
f 8905/1/3 8877/1/3 8892/1/3
f 8905/1/3 8892/1/3 8904/1/3
f 8906/1/3 8897/1/3 8896/1/3
f 8906/1/3 8898/1/3 8897/1/3
f 8906/1/3 8896/1/3 8895/1/3
f 8908/1/3 8901/1/3 8900/1/3
f 8908/1/3 8900/1/3 8850/1/3
f 8909/1/3 8885/1/3 8901/1/3
f 8909/1/3 8901/1/3 8908/1/3
f 8910/1/3 8885/1/3 8909/1/3
f 8911/1/3 8885/1/3 8910/1/3
f 8912/1/3 8903/1/3 8902/1/3
f 8912/17/3 8904/17/3 8903/17/3
f 8913/17/3 8904/17/3 8912/17/3
f 8914/1/3 8877/1/3 8905/1/3
f 8915/1/3 8877/1/3 8914/1/3
f 8916/1/3 8907/1/3 8906/1/3
f 8916/17/3 8908/17/3 8907/17/3
f 8917/17/3 8908/17/3 8916/17/3
f 8918/1/3 8910/1/3 8909/1/3
f 8919/1/3 8910/1/3 8918/1/3
f 8920/1/3 8885/1/3 8911/1/3
f 8921/1/3 8731/1/3 8885/1/3
f 8921/1/3 8885/1/3 8920/1/3
f 8922/1/3 8902/1/3 8886/1/3
f 8922/1/3 8912/1/3 8902/1/3
f 8923/1/3 8912/1/3 8922/1/3
f 8924/1/3 8914/1/3 8913/1/3
f 8925/1/3 8914/1/3 8924/1/3
f 8926/1/3 8877/1/3 8915/1/3
f 8927/1/3 8877/1/3 8926/1/3
f 8928/1/3 8918/1/3 8917/1/3
f 8929/1/3 8918/1/3 8928/1/3
f 8934/1/3 8886/1/3 8751/1/3
f 8934/1/3 8922/1/3 8886/1/3
f 8935/1/3 8922/1/3 8934/1/3
f 8936/1/3 8925/1/3 8924/1/3
f 8936/1/3 8926/1/3 8925/1/3
f 8937/1/3 8926/1/3 8936/1/3
f 8938/1/3 8926/1/3 8937/1/3
f 8939/1/3 8877/1/3 8927/1/3
f 8940/1/3 8906/1/3 8895/1/3
f 8940/1/3 8916/1/3 8906/1/3
f 8941/1/3 8916/1/3 8940/1/3
f 8943/1/3 8931/1/3 8930/1/3
f 8944/1/3 8931/1/3 8943/1/3
f 8945/17/3 8933/17/3 8932/17/3
f 8946/19/3 8935/19/3 8934/19/3
f 8947/19/3 8935/19/3 8946/19/3
f 8948/1/3 8922/1/3 8935/1/3
f 8948/19/3 8935/19/3 8947/19/3
f 8949/19/3 8937/19/3 8936/19/3
f 8950/1/3 8938/1/3 8937/1/3
f 8950/19/3 8937/19/3 8949/19/3
f 8950/1/3 8939/1/3 8938/1/3
f 8951/1/3 8716/1/3 8805/1/3
f 8951/1/3 8939/1/3 8950/1/3
f 8951/1/3 8877/1/3 8939/1/3
f 8951/1/3 8805/1/3 8877/1/3
f 8952/1/3 8940/1/3 8895/1/3
f 8953/1/3 8940/1/3 8952/1/3
f 8954/17/3 8942/17/3 8941/17/3
f 8955/1/3 8944/1/3 8943/1/3
f 8955/1/3 8945/1/3 8944/1/3
f 8955/17/3 8942/17/3 8954/17/3
f 8955/1/3 8943/1/3 8942/1/3
f 8956/17/3 8933/17/3 8945/17/3
f 8956/1/3 8945/1/3 8955/1/3
f 8957/17/3 8933/17/3 8956/17/3
f 8958/1/3 8947/1/3 8946/1/3
f 8959/1/3 8947/1/3 8958/1/3
f 8960/1/3 8922/1/3 8948/1/3
f 8961/1/3 8922/1/3 8960/1/3
f 8965/1/3 8893/1/3 8717/1/3
f 8965/1/3 8894/1/3 8893/1/3
f 8966/1/3 8798/1/3 8808/1/3
f 8966/1/3 8785/1/3 8798/1/3
f 8966/1/3 8894/1/3 8965/1/3
f 8966/1/3 8808/1/3 8879/1/3
f 8966/1/3 8879/1/3 8894/1/3
f 8967/1/3 8895/1/3 8722/1/3
f 8967/1/3 8952/1/3 8895/1/3
f 8968/1/3 8952/1/3 8967/1/3
f 8969/1/3 8954/1/3 8953/1/3
f 8970/1/3 8954/1/3 8969/1/3
f 8971/1/3 8956/1/3 8955/1/3
f 8972/1/3 8956/1/3 8971/1/3
f 8973/17/3 8963/17/3 8962/17/3
f 8974/17/3 8963/17/3 8973/17/3
f 8975/17/3 8965/17/3 8964/17/3
f 8976/17/3 8965/17/3 8975/17/3
f 8986/19/3 8978/19/3 8977/19/3
f 8987/19/3 8978/19/3 8986/19/3
f 8988/19/3 8980/19/3 8979/19/3
f 8989/19/3 8980/19/3 8988/19/3
f 8991/19/3 8982/19/3 8981/19/3
f 8992/19/3 8982/19/3 8991/19/3
f 8993/19/3 8984/19/3 8983/19/3
f 8994/19/3 8984/19/3 8993/19/3
f 8997/19/3 8986/19/3 8985/19/3
f 8998/19/3 8986/19/3 8997/19/3
f 8999/19/3 8990/19/3 8989/19/3
f 9000/19/3 8990/19/3 8999/19/3
f 9004/19/3 8995/19/3 8994/19/3
f 9005/19/3 8995/19/3 9004/19/3
f 9008/19/3 8997/19/3 8996/19/3
f 9009/19/3 8997/19/3 9008/19/3
f 9010/19/3 9001/19/3 9000/19/3
f 9011/19/3 9001/19/3 9010/19/3
f 9014/19/3 9003/19/3 9002/19/3
f 9015/19/3 9003/19/3 9014/19/3
f 9016/19/3 9006/19/3 9005/19/3
f 9017/19/3 9006/19/3 9016/19/3
f 9022/19/3 9008/19/3 9007/19/3
f 9023/19/3 9008/19/3 9022/19/3
f 9024/19/3 9012/19/3 9011/19/3
f 9025/19/3 9012/19/3 9024/19/3
f 9028/19/3 9014/19/3 9013/19/3
f 9029/19/3 9014/19/3 9028/19/3
f 9030/19/3 9018/19/3 9017/19/3
f 9031/19/3 9018/19/3 9030/19/3
f 9034/19/3 9020/19/3 9019/19/3
f 9035/19/3 9020/19/3 9034/19/3
f 9037/19/3 9022/19/3 9021/19/3
f 9038/19/3 9022/19/3 9037/19/3
f 9039/19/3 9026/19/3 9025/19/3
f 9040/19/3 9026/19/3 9039/19/3
f 9042/19/3 9028/19/3 9027/19/3
f 9043/19/3 9028/19/3 9042/19/3
f 9044/19/3 9032/19/3 9031/19/3
f 9045/19/3 9032/19/3 9044/19/3
f 9049/19/3 9034/19/3 9033/19/3
f 9050/19/3 9034/19/3 9049/19/3
f 9052/19/3 9037/19/3 9036/19/3
f 9053/19/3 9037/19/3 9052/19/3
f 9054/19/3 9042/19/3 9041/19/3
f 9055/19/3 9042/19/3 9054/19/3
f 9056/19/3 9047/19/3 9046/19/3
f 9057/19/3 9047/19/3 9056/19/3
f 9058/19/3 9049/19/3 9048/19/3
f 9059/19/3 9049/19/3 9058/19/3
f 9060/19/3 9052/19/3 9051/19/3
f 9061/19/3 9052/19/3 9060/19/3
f 9071/19/3 9058/19/3 9057/19/3
f 9072/19/3 9058/19/3 9071/19/3
f 9073/19/3 9058/19/3 9072/19/3
f 9075/17/3 9061/17/3 9060/17/3
f 9075/17/3 9062/17/3 9061/17/3
f 9076/17/3 9062/17/3 9075/17/3
f 9077/17/3 9064/17/3 9063/17/3
f 9078/17/3 9064/17/3 9077/17/3
f 9079/19/3 9065/19/3 9064/19/3
f 9079/17/3 9064/17/3 9078/17/3
f 9080/19/3 9065/19/3 9079/19/3
f 9081/17/3 9067/17/3 9066/17/3
f 9082/17/3 9067/17/3 9081/17/3
f 9083/17/3 9069/17/3 9068/17/3
f 9084/17/3 9069/17/3 9083/17/3
f 9087/19/3 9071/19/3 9070/19/3
f 9088/19/3 9071/19/3 9087/19/3
f 9089/17/3 9073/17/3 9072/17/3
f 9089/17/3 9074/17/3 9073/17/3
f 9090/17/3 9074/17/3 9089/17/3
f 9091/15/3 9078/15/3 9077/15/3
f 9092/15/3 9078/15/3 9091/15/3
f 9093/19/3 9086/19/3 9085/19/3
f 9094/19/3 9086/19/3 9093/19/3
f 9095/19/3 9089/19/3 9088/19/3
f 9096/15/3 9090/15/3 9089/15/3
f 9096/19/3 9089/19/3 9095/19/3
f 9097/15/3 9091/15/3 9077/15/3
f 9098/19/3 9092/19/3 9091/19/3
f 9098/15/3 9091/15/3 9097/15/3
f 9099/15/3 9078/15/3 9092/15/3
f 9099/19/3 9092/19/3 9098/19/3
f 9100/15/3 9097/15/3 9077/15/3
f 9101/19/3 9098/19/3 9097/19/3
f 9101/15/3 9097/15/3 9100/15/3
f 9102/15/3 9099/15/3 9098/15/3
f 9102/19/3 9098/19/3 9101/19/3
f 9103/17/3 9075/17/3 9060/17/3
f 9103/15/3 9076/15/3 9075/15/3
f 9104/17/3 9062/17/3 9076/17/3
f 9104/15/3 9076/15/3 9103/15/3
f 9105/15/3 9100/15/3 9077/15/3
f 9105/17/3 9077/17/3 9063/17/3
f 9106/15/3 9100/15/3 9105/15/3
f 9107/19/3 9101/19/3 9100/19/3
f 9107/15/3 9100/15/3 9106/15/3
f 9108/15/3 9102/15/3 9101/15/3
f 9108/19/3 9101/19/3 9107/19/3
f 9109/15/3 9099/15/3 9102/15/3
f 9109/15/3 9102/15/3 9108/15/3
f 9109/17/3 9079/17/3 9078/17/3
f 9109/15/3 9078/15/3 9099/15/3
f 9110/17/3 9081/17/3 9066/17/3
f 9110/15/3 9082/15/3 9081/15/3
f 9111/17/3 9067/17/3 9082/17/3
f 9111/15/3 9082/15/3 9110/15/3
f 9112/17/3 9083/17/3 9068/17/3
f 9112/15/3 9084/15/3 9083/15/3
f 9113/17/3 9069/17/3 9084/17/3
f 9113/15/3 9084/15/3 9112/15/3
f 9114/15/3 9090/15/3 9096/15/3
f 9114/17/3 9096/17/3 9095/17/3
f 9115/17/3 9074/17/3 9090/17/3
f 9115/15/3 9090/15/3 9114/15/3
f 9116/17/3 9103/17/3 9060/17/3
f 9116/17/3 9104/17/3 9103/17/3
f 9117/17/3 9062/17/3 9104/17/3
f 9117/17/3 9104/17/3 9116/17/3
f 9118/17/3 9105/17/3 9063/17/3
f 9118/17/3 9106/17/3 9105/17/3
f 9119/17/3 9106/17/3 9118/17/3
f 9120/19/3 9107/19/3 9106/19/3
f 9120/17/3 9106/17/3 9119/17/3
f 9121/17/3 9108/17/3 9107/17/3
f 9121/19/3 9107/19/3 9120/19/3
f 9121/17/3 9109/17/3 9108/17/3
f 9122/17/3 9079/17/3 9109/17/3
f 9122/17/3 9109/17/3 9121/17/3
f 9123/17/3 9110/17/3 9066/17/3
f 9123/17/3 9111/17/3 9110/17/3
f 9124/17/3 9067/17/3 9111/17/3
f 9124/17/3 9111/17/3 9123/17/3
f 9125/17/3 9112/17/3 9068/17/3
f 9125/17/3 9113/17/3 9112/17/3
f 9126/17/3 9069/17/3 9113/17/3
f 9126/17/3 9113/17/3 9125/17/3
f 9127/17/3 9114/17/3 9095/17/3
f 9127/17/3 9115/17/3 9114/17/3
f 9128/17/3 9074/17/3 9115/17/3
f 9128/17/3 9115/17/3 9127/17/3
f 9129/15/3 9119/15/3 9118/15/3
f 9129/17/3 9118/17/3 9063/17/3
f 9130/19/3 9120/19/3 9119/19/3
f 9130/15/3 9119/15/3 9129/15/3
f 9131/15/3 9121/15/3 9120/15/3
f 9131/19/3 9120/19/3 9130/19/3
f 9131/15/3 9122/15/3 9121/15/3
f 9132/17/3 9129/17/3 9063/17/3
f 9132/19/3 9130/19/3 9129/19/3
f 9133/15/3 9131/15/3 9130/15/3
f 9133/19/3 9130/19/3 9132/19/3
f 9134/17/3 9116/17/3 9060/17/3
f 9134/15/3 9117/15/3 9116/15/3
f 9135/17/3 9062/17/3 9117/17/3
f 9135/15/3 9117/15/3 9134/15/3
f 9136/17/3 9132/17/3 9063/17/3
f 9136/15/3 9133/15/3 9132/15/3
f 9137/17/3 9079/17/3 9122/17/3
f 9137/15/3 9133/15/3 9136/15/3
f 9137/15/3 9131/15/3 9133/15/3
f 9137/15/3 9122/15/3 9131/15/3
f 9138/15/3 9124/15/3 9123/15/3
f 9138/17/3 9123/17/3 9066/17/3
f 9139/17/3 9067/17/3 9124/17/3
f 9139/15/3 9124/15/3 9138/15/3
f 9140/17/3 9125/17/3 9068/17/3
f 9140/15/3 9126/15/3 9125/15/3
f 9141/17/3 9069/17/3 9126/17/3
f 9141/15/3 9126/15/3 9140/15/3
f 9142/17/3 9127/17/3 9095/17/3
f 9142/15/3 9128/15/3 9127/15/3
f 9143/17/3 9074/17/3 9128/17/3
f 9143/15/3 9128/15/3 9142/15/3
f 9144/17/3 9135/17/3 9134/17/3
f 9144/17/3 9134/17/3 9060/17/3
f 9145/17/3 9062/17/3 9135/17/3
f 9145/17/3 9135/17/3 9144/17/3
f 9146/17/3 9136/17/3 9063/17/3
f 9146/17/3 9137/17/3 9136/17/3
f 9147/17/3 9079/17/3 9137/17/3
f 9147/17/3 9137/17/3 9146/17/3
f 9148/17/3 9139/17/3 9138/17/3
f 9148/17/3 9138/17/3 9066/17/3
f 9149/17/3 9067/17/3 9139/17/3
f 9149/17/3 9139/17/3 9148/17/3
f 9150/17/3 9140/17/3 9068/17/3
f 9150/17/3 9141/17/3 9140/17/3
f 9151/17/3 9069/17/3 9141/17/3
f 9151/17/3 9141/17/3 9150/17/3
f 9152/17/3 9142/17/3 9095/17/3
f 9152/17/3 9143/17/3 9142/17/3
f 9153/17/3 9074/17/3 9143/17/3
f 9153/17/3 9143/17/3 9152/17/3
f 9154/17/3 9144/17/3 9060/17/3
f 9154/15/3 9145/15/3 9144/15/3
f 9155/17/3 9062/17/3 9145/17/3
f 9155/15/3 9145/15/3 9154/15/3
f 9156/17/3 9146/17/3 9063/17/3
f 9156/15/3 9147/15/3 9146/15/3
f 9157/17/3 9079/17/3 9147/17/3
f 9157/15/3 9147/15/3 9156/15/3
f 9158/17/3 9148/17/3 9066/17/3
f 9158/15/3 9149/15/3 9148/15/3
f 9159/17/3 9067/17/3 9149/17/3
f 9159/15/3 9149/15/3 9158/15/3
f 9160/17/3 9150/17/3 9068/17/3
f 9160/15/3 9151/15/3 9150/15/3
f 9161/17/3 9069/17/3 9151/17/3
f 9161/15/3 9151/15/3 9160/15/3
f 9162/17/3 9152/17/3 9095/17/3
f 9162/15/3 9153/15/3 9152/15/3
f 9163/17/3 9074/17/3 9153/17/3
f 9163/15/3 9153/15/3 9162/15/3
f 9164/17/3 9154/17/3 9060/17/3
f 9164/17/3 9155/17/3 9154/17/3
f 9165/17/3 9062/17/3 9155/17/3
f 9165/17/3 9155/17/3 9164/17/3
f 9166/17/3 9156/17/3 9063/17/3
f 9166/17/3 9157/17/3 9156/17/3
f 9167/17/3 9079/17/3 9157/17/3
f 9167/17/3 9157/17/3 9166/17/3
f 9168/17/3 9158/17/3 9066/17/3
f 9168/17/3 9159/17/3 9158/17/3
f 9169/17/3 9067/17/3 9159/17/3
f 9169/17/3 9159/17/3 9168/17/3
f 9170/17/3 9160/17/3 9068/17/3
f 9170/17/3 9161/17/3 9160/17/3
f 9171/17/3 9069/17/3 9161/17/3
f 9171/17/3 9161/17/3 9170/17/3
f 9172/17/3 9163/17/3 9162/17/3
f 9172/17/3 9162/17/3 9095/17/3
f 9173/17/3 9074/17/3 9163/17/3
f 9173/17/3 9163/17/3 9172/17/3
f 9179/19/3 9175/19/3 9174/19/3
f 9180/19/3 9175/19/3 9179/19/3
f 9181/19/3 9177/19/3 9176/19/3
f 9182/19/3 9177/19/3 9181/19/3
f 9189/19/3 9179/19/3 9178/19/3
f 9190/19/3 9179/19/3 9189/19/3
f 9191/19/3 9183/19/3 9182/19/3
f 9192/19/3 9183/19/3 9191/19/3
f 9195/19/3 9185/19/3 9184/19/3
f 9196/19/3 9185/19/3 9195/19/3
f 9197/19/3 9187/19/3 9186/19/3
f 9198/19/3 9187/19/3 9197/19/3
f 9201/19/3 9189/19/3 9188/19/3
f 9202/19/3 9189/19/3 9201/19/3
f 9203/19/3 9194/19/3 9193/19/3
f 9204/19/3 9194/19/3 9203/19/3
f 9207/19/3 9197/19/3 9196/19/3
f 9208/19/3 9197/19/3 9207/19/3
f 9209/19/3 9199/19/3 9198/19/3
f 9210/19/3 9199/19/3 9209/19/3
f 9213/19/3 9201/19/3 9200/19/3
f 9214/19/3 9201/19/3 9213/19/3
f 9215/19/3 9205/19/3 9204/19/3
f 9216/19/3 9205/19/3 9215/19/3
f 9221/19/3 9207/19/3 9206/19/3
f 9222/19/3 9207/19/3 9221/19/3
f 9223/19/3 9211/19/3 9210/19/3
f 9224/19/3 9211/19/3 9223/19/3
f 9227/19/3 9213/19/3 9212/19/3
f 9228/19/3 9213/19/3 9227/19/3
f 9229/19/3 9217/19/3 9216/19/3
f 9230/19/3 9217/19/3 9229/19/3
f 9231/1/3 9219/1/3 9218/1/3
f 9232/1/3 9219/1/3 9231/1/3
f 9234/19/3 9221/19/3 9220/19/3
f 9235/19/3 9221/19/3 9234/19/3
f 9236/19/3 9225/19/3 9224/19/3
f 9237/19/3 9225/19/3 9236/19/3
f 9239/19/3 9227/19/3 9226/19/3
f 9240/19/3 9227/19/3 9239/19/3
f 9241/19/3 9233/19/3 9232/19/3
f 9242/19/3 9233/19/3 9241/19/3
f 9244/19/3 9239/19/3 9238/19/3
f 9245/19/3 9239/19/3 9244/19/3
f 9246/19/3 9243/19/3 9242/19/3
f 9247/19/3 9243/19/3 9246/19/3
f 9250/19/3 9248/19/3 9247/19/3
f 9251/1/3 9249/1/3 9248/1/3
f 9251/19/3 9248/19/3 9250/19/3
f 9252/1/3 9249/1/3 9251/1/3
f 9255/17/3 9254/17/3 9253/17/3
f 9256/17/3 9254/17/3 9255/17/3
f 9263/19/3 9258/19/3 9257/19/3
f 9264/19/3 9258/19/3 9263/19/3
f 9266/19/3 9260/19/3 9259/19/3
f 9267/19/3 9260/19/3 9266/19/3
f 9270/19/3 9262/19/3 9261/19/3
f 9271/19/3 9262/19/3 9270/19/3
f 9272/19/3 9265/19/3 9264/19/3
f 9273/19/3 9265/19/3 9272/19/3
f 9279/19/3 9268/19/3 9267/19/3
f 9280/19/3 9268/19/3 9279/19/3
f 9283/19/3 9270/19/3 9269/19/3
f 9284/19/3 9270/19/3 9283/19/3
f 9285/19/3 9274/19/3 9273/19/3
f 9286/19/3 9274/19/3 9285/19/3
f 9288/19/3 9276/19/3 9275/19/3
f 9289/19/3 9276/19/3 9288/19/3
f 9292/19/3 9278/19/3 9277/19/3
f 9293/19/3 9278/19/3 9292/19/3
f 9294/19/3 9281/19/3 9280/19/3
f 9295/19/3 9281/19/3 9294/19/3
f 9296/19/3 9283/19/3 9282/19/3
f 9297/19/3 9283/19/3 9296/19/3
f 9298/19/3 9287/19/3 9286/19/3
f 9299/19/3 9287/19/3 9298/19/3
f 9301/19/3 9290/19/3 9289/19/3
f 9302/19/3 9290/19/3 9301/19/3
f 9305/19/3 9292/19/3 9291/19/3
f 9306/19/3 9292/19/3 9305/19/3
f 9307/19/3 9296/19/3 9295/19/3
f 9308/19/3 9296/19/3 9307/19/3
f 9309/19/3 9300/19/3 9299/19/3
f 9310/19/3 9300/19/3 9309/19/3
f 9312/19/3 9303/19/3 9302/19/3
f 9313/19/3 9303/19/3 9312/19/3
f 9315/19/3 9305/19/3 9304/19/3
f 9316/19/3 9305/19/3 9315/19/3
f 9318/19/3 9307/19/3 9295/19/3
f 9319/19/3 9307/19/3 9318/19/3
f 9321/19/3 9311/19/3 9310/19/3
f 9322/19/3 9311/19/3 9321/19/3
f 9324/19/3 9315/19/3 9314/19/3
f 9325/19/3 9315/19/3 9324/19/3
f 9327/19/3 9318/19/3 9317/19/3
f 9328/19/3 9318/19/3 9327/19/3
f 9329/19/3 9320/19/3 9319/19/3
f 9330/19/3 9320/19/3 9329/19/3
f 9333/19/3 9324/19/3 9323/19/3
f 9334/19/3 9324/19/3 9333/19/3
f 9337/19/3 9327/19/3 9326/19/3
f 9338/19/3 9327/19/3 9337/19/3
f 9339/19/3 9331/19/3 9330/19/3
f 9340/19/3 9331/19/3 9339/19/3
f 9343/19/3 9333/19/3 9332/19/3
f 9344/19/3 9333/19/3 9343/19/3
f 9346/19/3 9336/19/3 9335/19/3
f 9347/19/3 9336/19/3 9346/19/3
f 9348/19/3 9341/19/3 9340/19/3
f 9349/19/3 9341/19/3 9348/19/3
f 9356/19/3 9343/19/3 9342/19/3
f 9357/19/3 9343/19/3 9356/19/3
f 9361/19/3 9346/19/3 9345/19/3
f 9362/19/3 9346/19/3 9361/19/3
f 9363/19/3 9346/19/3 9362/19/3
f 9365/19/3 9350/19/3 9349/19/3
f 9366/19/3 9350/19/3 9365/19/3
f 9367/19/3 9350/19/3 9366/19/3
f 9369/17/3 9352/17/3 9351/17/3
f 9370/17/3 9352/17/3 9369/17/3
f 9371/17/3 9354/17/3 9353/17/3
f 9372/17/3 9354/17/3 9371/17/3
f 9373/17/3 9356/17/3 9355/17/3
f 9373/17/3 9357/17/3 9356/17/3
f 9373/17/3 9358/17/3 9357/17/3
f 9374/17/3 9358/17/3 9373/17/3
f 9375/17/3 9360/17/3 9359/17/3
f 9376/17/3 9360/17/3 9375/17/3
f 9377/19/3 9362/19/3 9361/19/3
f 9378/19/3 9362/19/3 9377/19/3
f 9379/17/3 9365/17/3 9364/17/3
f 9379/17/3 9366/17/3 9365/17/3
f 9380/17/3 9366/17/3 9379/17/3
f 9381/17/3 9368/17/3 9367/17/3
f 9382/17/3 9368/17/3 9381/17/3
f 9383/15/3 9372/15/3 9371/15/3
f 9384/15/3 9372/15/3 9383/15/3
f 9385/15/3 9380/15/3 9379/15/3
f 9385/15/3 9381/15/3 9380/15/3
f 9386/17/3 9368/17/3 9382/17/3
f 9387/17/3 9368/17/3 9386/17/3
f 9388/15/3 9383/15/3 9371/15/3
f 9389/19/3 9384/19/3 9383/19/3
f 9389/15/3 9383/15/3 9388/15/3
f 9390/15/3 9372/15/3 9384/15/3
f 9390/19/3 9384/19/3 9389/19/3
f 9391/15/3 9386/15/3 9385/15/3
f 9393/19/3 9389/19/3 9388/19/3
f 9393/15/3 9388/15/3 9371/15/3
f 9394/15/3 9390/15/3 9389/15/3
f 9394/19/3 9389/19/3 9393/19/3
f 9395/17/3 9369/17/3 9351/17/3
f 9395/15/3 9370/15/3 9369/15/3
f 9396/17/3 9352/17/3 9370/17/3
f 9396/15/3 9370/15/3 9395/15/3
f 9397/17/3 9371/17/3 9353/17/3
f 9397/15/3 9394/15/3 9393/15/3
f 9397/15/3 9393/15/3 9371/15/3
f 9398/17/3 9354/17/3 9372/17/3
f 9398/15/3 9394/15/3 9397/15/3
f 9398/15/3 9390/15/3 9394/15/3
f 9398/15/3 9372/15/3 9390/15/3
f 9399/17/3 9373/17/3 9355/17/3
f 9399/15/3 9374/15/3 9373/15/3
f 9400/17/3 9358/17/3 9374/17/3
f 9400/15/3 9374/15/3 9399/15/3
f 9401/15/3 9377/15/3 9376/15/3
f 9401/15/3 9376/15/3 9375/15/3
f 9401/17/3 9375/17/3 9359/17/3
f 9402/17/3 9378/17/3 9377/17/3
f 9402/15/3 9377/15/3 9401/15/3
f 9403/15/3 9385/15/3 9379/15/3
f 9403/17/3 9379/17/3 9364/17/3
f 9403/15/3 9391/15/3 9385/15/3
f 9404/17/3 9392/17/3 9391/17/3
f 9404/15/3 9391/15/3 9403/15/3
f 9405/17/3 9395/17/3 9351/17/3
f 9405/17/3 9396/17/3 9395/17/3
f 9406/17/3 9352/17/3 9396/17/3
f 9406/17/3 9396/17/3 9405/17/3
f 9407/17/3 9397/17/3 9353/17/3
f 9407/17/3 9398/17/3 9397/17/3
f 9408/17/3 9354/17/3 9398/17/3
f 9408/17/3 9398/17/3 9407/17/3
f 9409/17/3 9399/17/3 9355/17/3
f 9409/17/3 9400/17/3 9399/17/3
f 9410/17/3 9358/17/3 9400/17/3
f 9410/17/3 9400/17/3 9409/17/3
f 9411/17/3 9401/17/3 9359/17/3
f 9411/17/3 9402/17/3 9401/17/3
f 9412/17/3 9378/17/3 9402/17/3
f 9412/17/3 9402/17/3 9411/17/3
f 9413/17/3 9403/17/3 9364/17/3
f 9413/17/3 9404/17/3 9403/17/3
f 9414/17/3 9392/17/3 9404/17/3
f 9414/17/3 9404/17/3 9413/17/3
f 9415/17/3 9405/17/3 9351/17/3
f 9415/15/3 9406/15/3 9405/15/3
f 9416/17/3 9352/17/3 9406/17/3
f 9416/15/3 9406/15/3 9415/15/3
f 9417/15/3 9408/15/3 9407/15/3
f 9417/17/3 9407/17/3 9353/17/3
f 9418/17/3 9354/17/3 9408/17/3
f 9418/15/3 9408/15/3 9417/15/3
f 9419/17/3 9409/17/3 9355/17/3
f 9419/15/3 9410/15/3 9409/15/3
f 9420/17/3 9358/17/3 9410/17/3
f 9420/15/3 9410/15/3 9419/15/3
f 9421/17/3 9411/17/3 9359/17/3
f 9421/15/3 9412/15/3 9411/15/3
f 9422/17/3 9378/17/3 9412/17/3
f 9422/15/3 9412/15/3 9421/15/3
f 9423/17/3 9413/17/3 9364/17/3
f 9423/15/3 9414/15/3 9413/15/3
f 9424/17/3 9392/17/3 9414/17/3
f 9424/15/3 9414/15/3 9423/15/3
f 9425/17/3 9415/17/3 9351/17/3
f 9425/17/3 9416/17/3 9415/17/3
f 9426/17/3 9352/17/3 9416/17/3
f 9426/17/3 9416/17/3 9425/17/3
f 9427/17/3 9417/17/3 9353/17/3
f 9427/17/3 9418/17/3 9417/17/3
f 9428/17/3 9354/17/3 9418/17/3
f 9428/17/3 9418/17/3 9427/17/3
f 9429/17/3 9419/17/3 9355/17/3
f 9429/17/3 9420/17/3 9419/17/3
f 9430/17/3 9358/17/3 9420/17/3
f 9430/17/3 9420/17/3 9429/17/3
f 9431/17/3 9421/17/3 9359/17/3
f 9431/17/3 9422/17/3 9421/17/3
f 9432/17/3 9422/17/3 9431/17/3
f 9433/17/3 9422/17/3 9432/17/3
f 9434/17/3 9378/17/3 9422/17/3
f 9434/17/3 9422/17/3 9433/17/3
f 9435/17/3 9423/17/3 9364/17/3
f 9435/17/3 9424/17/3 9423/17/3
f 9436/17/3 9392/17/3 9424/17/3
f 9436/17/3 9424/17/3 9435/17/3
f 9437/19/3 9433/19/3 9432/19/3
f 9437/15/3 9432/15/3 9431/15/3
f 9438/15/3 9434/15/3 9433/15/3
f 9438/19/3 9433/19/3 9437/19/3
f 9439/15/3 9434/15/3 9438/15/3
f 9440/15/3 9438/15/3 9437/15/3
f 9440/19/3 9439/19/3 9438/19/3
f 9441/15/3 9434/15/3 9439/15/3
f 9441/19/3 9439/19/3 9440/19/3
f 9442/15/3 9434/15/3 9441/15/3
f 9443/15/3 9441/15/3 9440/15/3
f 9443/19/3 9442/19/3 9441/19/3
f 9444/15/3 9434/15/3 9442/15/3
f 9444/19/3 9442/19/3 9443/19/3
f 9445/17/3 9378/17/3 9434/17/3
f 9445/15/3 9434/15/3 9444/15/3
f 9446/17/3 9425/17/3 9351/17/3
f 9446/15/3 9426/15/3 9425/15/3
f 9447/17/3 9352/17/3 9426/17/3
f 9447/15/3 9426/15/3 9446/15/3
f 9448/17/3 9427/17/3 9353/17/3
f 9448/15/3 9428/15/3 9427/15/3
f 9449/17/3 9354/17/3 9428/17/3
f 9449/15/3 9428/15/3 9448/15/3
f 9450/17/3 9429/17/3 9355/17/3
f 9450/15/3 9430/15/3 9429/15/3
f 9451/17/3 9358/17/3 9430/17/3
f 9451/15/3 9430/15/3 9450/15/3
f 9452/15/3 9444/15/3 9443/15/3
f 9452/15/3 9437/15/3 9431/15/3
f 9452/17/3 9431/17/3 9359/17/3
f 9452/15/3 9443/15/3 9440/15/3
f 9452/15/3 9440/15/3 9437/15/3
f 9453/19/3 9445/19/3 9444/19/3
f 9453/15/3 9444/15/3 9452/15/3
f 9454/17/3 9378/17/3 9445/17/3
f 9454/19/3 9445/19/3 9453/19/3
f 9455/17/3 9435/17/3 9364/17/3
f 9455/15/3 9436/15/3 9435/15/3
f 9456/17/3 9392/17/3 9436/17/3
f 9456/15/3 9436/15/3 9455/15/3
f 9457/17/3 9446/17/3 9351/17/3
f 9457/17/3 9447/17/3 9446/17/3
f 9458/17/3 9447/17/3 9457/17/3
f 9459/17/3 9352/17/3 9447/17/3
f 9459/17/3 9447/17/3 9458/17/3
f 9460/17/3 9448/17/3 9353/17/3
f 9460/17/3 9449/17/3 9448/17/3
f 9461/17/3 9354/17/3 9449/17/3
f 9461/17/3 9449/17/3 9460/17/3
f 9462/17/3 9450/17/3 9355/17/3
f 9462/17/3 9451/17/3 9450/17/3
f 9463/17/3 9358/17/3 9451/17/3
f 9463/17/3 9451/17/3 9462/17/3
f 9464/17/3 9453/17/3 9452/17/3
f 9464/17/3 9454/17/3 9453/17/3
f 9464/17/3 9452/17/3 9359/17/3
f 9465/17/3 9454/17/3 9464/17/3
f 9466/17/3 9378/17/3 9454/17/3
f 9466/17/3 9454/17/3 9465/17/3
f 9467/17/3 9378/17/3 9466/17/3
f 9468/17/3 9455/17/3 9364/17/3
f 9468/17/3 9456/17/3 9455/17/3
f 9469/17/3 9392/17/3 9456/17/3
f 9469/17/3 9456/17/3 9468/17/3
f 9470/19/3 9459/19/3 9458/19/3
f 9471/19/3 9459/19/3 9470/19/3
f 9473/19/3 9466/19/3 9465/19/3
f 9474/19/3 9466/19/3 9473/19/3
f 9476/19/3 9472/19/3 9471/19/3
f 9477/19/3 9472/19/3 9476/19/3
f 9480/19/3 9475/19/3 9474/19/3
f 9481/19/3 9475/19/3 9480/19/3
f 9486/19/3 9479/19/3 9478/19/3
f 9487/19/3 9479/19/3 9486/19/3
f 9489/19/3 9483/19/3 9482/19/3
f 9490/19/3 9483/19/3 9489/19/3
f 9491/19/3 9485/19/3 9484/19/3
f 9492/19/3 9485/19/3 9491/19/3
f 9493/19/3 9485/19/3 9492/19/3
f 9496/19/3 9488/19/3 9487/19/3
f 9497/19/3 9488/19/3 9496/19/3
f 9500/19/3 9492/19/3 9491/19/3
f 9500/19/3 9491/19/3 9490/19/3
f 9501/19/3 9492/19/3 9500/19/3
f 9502/19/3 9492/19/3 9501/19/3
f 9504/19/3 9495/19/3 9494/19/3
f 9505/19/3 9498/19/3 9497/19/3
f 9506/19/3 9498/19/3 9505/19/3
f 9509/19/3 9500/19/3 9499/19/3
f 9509/19/3 9501/19/3 9500/19/3
f 9510/19/3 9501/19/3 9509/19/3
f 9511/19/3 9504/19/3 9503/19/3
f 9512/19/3 9495/19/3 9504/19/3
f 9512/19/3 9504/19/3 9511/19/3
f 9519/19/3 9508/19/3 9507/19/3
f 9520/19/3 9508/19/3 9519/19/3
f 9521/1/3 9514/1/3 9513/1/3
f 9522/1/3 9514/1/3 9521/1/3
f 9523/19/3 9517/19/3 9516/19/3
f 9523/19/3 9516/19/3 9515/19/3
f 9524/19/3 9517/19/3 9523/19/3
f 9525/19/3 9519/19/3 9518/19/3
f 9526/19/3 9519/19/3 9525/19/3
f 9529/1/3 9528/1/3 9527/1/3
f 9530/1/3 9528/1/3 9529/1/3
f 9533/19/3 9532/19/3 9531/19/3
f 9534/19/3 9532/19/3 9533/19/3
f 9537/19/3 9536/19/3 9535/19/3
f 9538/19/3 9536/19/3 9537/19/3
f 9549/4/3 9540/4/3 9539/4/3
f 9550/4/3 9540/4/3 9549/4/3
f 9551/4/3 9549/4/3 9539/4/3
f 9552/4/3 9549/4/3 9551/4/3
f 9553/1/3 9542/1/3 9541/1/3
f 9554/1/3 9542/1/3 9553/1/3
f 9555/1/3 9544/1/3 9543/1/3
f 9556/1/3 9544/1/3 9555/1/3
f 9557/1/3 9544/1/3 9556/1/3
f 9558/1/3 9544/1/3 9557/1/3
f 9559/1/3 9546/1/3 9545/1/3
f 9560/1/3 9546/1/3 9559/1/3
f 9561/1/3 9548/1/3 9547/1/3
f 9562/1/3 9548/1/3 9561/1/3
f 9563/4/3 9551/4/3 9539/4/3
f 9563/9/3 9552/9/3 9551/9/3
f 9564/4/3 9549/4/3 9552/4/3
f 9564/9/3 9552/9/3 9563/9/3
f 9565/15/3 9550/15/3 9549/15/3
f 9565/4/3 9549/4/3 9564/4/3
f 9566/4/3 9540/4/3 9550/4/3
f 9566/15/3 9550/15/3 9565/15/3
f 9567/4/3 9554/4/3 9553/4/3
f 9568/4/3 9554/4/3 9567/4/3
f 9569/4/3 9556/4/3 9555/4/3
f 9570/4/3 9558/4/3 9557/4/3
f 9571/4/3 9558/4/3 9570/4/3
f 9572/4/3 9558/4/3 9571/4/3
f 9573/4/3 9560/4/3 9559/4/3
f 9574/4/3 9560/4/3 9573/4/3
f 9575/4/3 9562/4/3 9561/4/3
f 9576/4/3 9562/4/3 9575/4/3
f 9577/4/3 9563/4/3 9539/4/3
f 9577/4/3 9565/4/3 9564/4/3
f 9577/4/3 9564/4/3 9563/4/3
f 9577/4/3 9566/4/3 9565/4/3
f 9578/4/3 9566/4/3 9577/4/3
f 9579/4/3 9566/4/3 9578/4/3
f 9580/4/3 9540/4/3 9566/4/3
f 9580/4/3 9566/4/3 9579/4/3
f 9581/4/3 9567/4/3 9553/4/3
f 9582/4/3 9567/4/3 9581/4/3
f 9583/4/3 9570/4/3 9569/4/3
f 9583/4/3 9571/4/3 9570/4/3
f 9584/4/3 9571/4/3 9583/4/3
f 9585/4/3 9573/4/3 9559/4/3
f 9586/4/3 9573/4/3 9585/4/3
f 9587/4/3 9575/4/3 9561/4/3
f 9588/4/3 9575/4/3 9587/4/3
f 9589/9/3 9582/9/3 9581/9/3
f 9589/4/3 9581/4/3 9553/4/3
f 9590/4/3 9567/4/3 9582/4/3
f 9590/9/3 9582/9/3 9589/9/3
f 9591/15/3 9568/15/3 9567/15/3
f 9591/4/3 9567/4/3 9590/4/3
f 9592/4/3 9554/4/3 9568/4/3
f 9592/15/3 9568/15/3 9591/15/3
f 9593/4/3 9583/4/3 9569/4/3
f 9593/9/3 9584/9/3 9583/9/3
f 9594/4/3 9571/4/3 9584/4/3
f 9594/9/3 9584/9/3 9593/9/3
f 9595/15/3 9572/15/3 9571/15/3
f 9595/4/3 9571/4/3 9594/4/3
f 9596/4/3 9558/4/3 9572/4/3
f 9596/15/3 9572/15/3 9595/15/3
f 9597/4/3 9585/4/3 9559/4/3
f 9597/9/3 9586/9/3 9585/9/3
f 9598/4/3 9573/4/3 9586/4/3
f 9598/9/3 9586/9/3 9597/9/3
f 9599/15/3 9574/15/3 9573/15/3
f 9599/4/3 9573/4/3 9598/4/3
f 9600/4/3 9560/4/3 9574/4/3
f 9600/15/3 9574/15/3 9599/15/3
f 9601/1/3 9546/1/3 9560/1/3
f 9602/1/3 9546/1/3 9601/1/3
f 9603/9/3 9588/9/3 9587/9/3
f 9603/4/3 9587/4/3 9561/4/3
f 9604/4/3 9575/4/3 9588/4/3
f 9604/9/3 9588/9/3 9603/9/3
f 9605/15/3 9576/15/3 9575/15/3
f 9605/4/3 9575/4/3 9604/4/3
f 9606/4/3 9562/4/3 9576/4/3
f 9606/15/3 9576/15/3 9605/15/3
f 9607/4/3 9577/4/3 9539/4/3
f 9607/9/3 9578/9/3 9577/9/3
f 9608/4/3 9579/4/3 9578/4/3
f 9608/9/3 9578/9/3 9607/9/3
f 9609/4/3 9591/4/3 9590/4/3
f 9609/4/3 9590/4/3 9589/4/3
f 9609/4/3 9589/4/3 9553/4/3
f 9609/4/3 9592/4/3 9591/4/3
f 9610/1/3 9542/1/3 9554/1/3
f 9610/4/3 9592/4/3 9609/4/3
f 9610/4/3 9554/4/3 9592/4/3
f 9611/4/3 9569/4/3 9555/4/3
f 9611/4/3 9595/4/3 9594/4/3
f 9611/4/3 9594/4/3 9593/4/3
f 9611/4/3 9596/4/3 9595/4/3
f 9611/4/3 9593/4/3 9569/4/3
f 9612/1/3 9544/1/3 9558/1/3
f 9612/4/3 9596/4/3 9611/4/3
f 9612/4/3 9558/4/3 9596/4/3
f 9613/4/3 9597/4/3 9559/4/3
f 9613/4/3 9599/4/3 9598/4/3
f 9613/4/3 9598/4/3 9597/4/3
f 9613/4/3 9600/4/3 9599/4/3
f 9614/4/3 9560/4/3 9600/4/3
f 9614/4/3 9600/4/3 9613/4/3
f 9614/1/3 9601/1/3 9560/1/3
f 9615/1/3 9601/1/3 9614/1/3
f 9617/4/3 9605/4/3 9604/4/3
f 9617/4/3 9604/4/3 9603/4/3
f 9617/4/3 9606/4/3 9605/4/3
f 9617/4/3 9603/4/3 9561/4/3
f 9618/1/3 9548/1/3 9562/1/3
f 9618/4/3 9606/4/3 9617/4/3
f 9618/4/3 9562/4/3 9606/4/3
f 9619/4/3 9579/4/3 9608/4/3
f 9619/4/3 9608/4/3 9607/4/3
f 9619/15/3 9580/15/3 9579/15/3
f 9620/4/3 9540/4/3 9580/4/3
f 9620/15/3 9580/15/3 9619/15/3
f 9621/4/3 9607/4/3 9539/4/3
f 9621/4/3 9619/4/3 9607/4/3
f 9621/4/3 9620/4/3 9619/4/3
f 9622/4/3 9540/4/3 9620/4/3
f 9622/4/3 9620/4/3 9621/4/3
f 9623/1/3 9610/1/3 9609/1/3
f 9624/1/3 9542/1/3 9610/1/3
f 9624/1/3 9610/1/3 9623/1/3
f 9625/1/3 9612/1/3 9611/1/3
f 9626/1/3 9544/1/3 9612/1/3
f 9626/1/3 9612/1/3 9625/1/3
f 9627/1/3 9616/1/3 9615/1/3
f 9627/1/3 9615/1/3 9614/1/3
f 9627/1/3 9614/1/3 9613/1/3
f 9628/1/3 9616/1/3 9627/1/3
f 9629/1/3 9618/1/3 9617/1/3
f 9630/1/3 9548/1/3 9618/1/3
f 9630/1/3 9618/1/3 9629/1/3
f 9635/19/3 9632/19/3 9631/19/3
f 9636/19/3 9632/19/3 9635/19/3
f 9637/19/3 9634/19/3 9633/19/3
f 9638/19/3 9634/19/3 9637/19/3
f 9640/19/3 9639/19/3 9638/19/3
f 9641/19/3 9639/19/3 9640/19/3
f 9643/19/3 9642/19/3 9641/19/3
f 9644/19/3 9642/19/3 9643/19/3
f 9649/19/3 9646/19/3 9645/19/3
f 9650/19/3 9646/19/3 9649/19/3
f 9651/19/3 9648/19/3 9647/19/3
f 9652/19/3 9648/19/3 9651/19/3
f 9655/19/3 9652/19/3 9651/19/3
f 9656/19/3 9652/19/3 9655/19/3
f 9657/19/3 9652/19/3 9656/19/3
f 9663/1/3 9654/1/3 9653/1/3
f 9664/1/3 9654/1/3 9663/1/3
f 9665/1/3 9656/1/3 9655/1/3
f 9666/19/3 9657/19/3 9656/19/3
f 9666/1/3 9656/1/3 9665/1/3
f 9667/19/3 9657/19/3 9666/19/3
f 9668/19/3 9662/19/3 9661/19/3
f 9668/19/3 9659/19/3 9658/19/3
f 9668/19/3 9660/19/3 9659/19/3
f 9668/19/3 9661/19/3 9660/19/3
f 9669/19/3 9662/19/3 9668/19/3
f 9672/1/3 9671/1/3 9670/1/3
f 9673/1/3 9671/1/3 9672/1/3
f 9676/1/3 9675/1/3 9674/1/3
f 9677/1/3 9675/1/3 9676/1/3
f 9680/1/3 9679/1/3 9678/1/3
f 9681/1/3 9679/1/3 9680/1/3
f 9691/1/3 9683/1/3 9682/1/3
f 9692/1/3 9683/1/3 9691/1/3
f 9693/19/3 9685/19/3 9684/19/3
f 9694/1/3 9686/1/3 9685/1/3
f 9694/19/3 9685/19/3 9693/19/3
f 9695/1/3 9686/1/3 9694/1/3
f 9696/1/3 9688/1/3 9687/1/3
f 9697/1/3 9688/1/3 9696/1/3
f 9698/1/3 9690/1/3 9689/1/3
f 9699/1/3 9690/1/3 9698/1/3
f 9702/17/3 9701/17/3 9700/17/3
f 9703/17/3 9701/17/3 9702/17/3
f 9706/1/3 9705/1/3 9704/1/3
f 9707/1/3 9705/1/3 9706/1/3
f 9716/1/3 9709/1/3 9708/1/3
f 9717/1/3 9709/1/3 9716/1/3
f 9718/1/3 9711/1/3 9710/1/3
f 9719/1/3 9711/1/3 9718/1/3
f 9720/1/3 9713/1/3 9712/1/3
f 9721/1/3 9713/1/3 9720/1/3
f 9722/1/3 9715/1/3 9714/1/3
f 9723/1/3 9715/1/3 9722/1/3
f 9728/1/3 9725/1/3 9724/1/3
f 9729/1/3 9725/1/3 9728/1/3
f 9730/1/3 9727/1/3 9726/1/3
f 9731/1/3 9727/1/3 9730/1/3
f 9742/1/3 9733/1/3 9732/1/3
f 9743/1/3 9733/1/3 9742/1/3
f 9744/1/3 9735/1/3 9734/1/3
f 9745/1/3 9735/1/3 9744/1/3
f 9746/1/3 9737/1/3 9736/1/3
f 9747/1/3 9737/1/3 9746/1/3
f 9748/1/3 9739/1/3 9738/1/3
f 9749/1/3 9739/1/3 9748/1/3
f 9750/1/3 9741/1/3 9740/1/3
f 9751/1/3 9741/1/3 9750/1/3
f 9758/1/3 9753/1/3 9752/1/3
f 9759/1/3 9753/1/3 9758/1/3
f 9760/1/3 9755/1/3 9754/1/3
f 9761/1/3 9755/1/3 9760/1/3
f 9762/1/3 9757/1/3 9756/1/3
f 9763/1/3 9757/1/3 9762/1/3
f 9774/1/3 9765/1/3 9764/1/3
f 9775/1/3 9765/1/3 9774/1/3
f 9776/1/3 9767/1/3 9766/1/3
f 9777/1/3 9767/1/3 9776/1/3
f 9778/1/3 9769/1/3 9768/1/3
f 9779/1/3 9769/1/3 9778/1/3
f 9780/1/3 9771/1/3 9770/1/3
f 9781/1/3 9771/1/3 9780/1/3
f 9784/1/3 9773/1/3 9772/1/3
f 9785/1/3 9773/1/3 9784/1/3
f 9786/17/3 9783/17/3 9782/17/3
f 9787/17/3 9783/17/3 9786/17/3
f 9792/17/3 9789/17/3 9788/17/3
f 9793/17/3 9789/17/3 9792/17/3
f 9795/17/3 9791/17/3 9790/17/3
f 9796/17/3 9791/17/3 9795/17/3
f 9800/1/3 9794/1/3 9793/1/3
f 9801/1/3 9794/1/3 9800/1/3
f 9802/1/3 9797/1/3 9796/1/3
f 9803/1/3 9797/1/3 9802/1/3
f 9804/1/3 9799/1/3 9798/1/3
f 9805/1/3 9799/1/3 9804/1/3
f 9816/1/3 9807/1/3 9806/1/3
f 9817/1/3 9807/1/3 9816/1/3
f 9818/1/3 9809/1/3 9808/1/3
f 9819/1/3 9809/1/3 9818/1/3
f 9820/1/3 9811/1/3 9810/1/3
f 9821/1/3 9811/1/3 9820/1/3
f 9822/1/3 9813/1/3 9812/1/3
f 9823/1/3 9813/1/3 9822/1/3
f 9825/1/3 9815/1/3 9814/1/3
f 9826/1/3 9815/1/3 9825/1/3
f 9827/17/3 9825/17/3 9824/17/3
f 9828/17/3 9825/17/3 9827/17/3
f 9839/17/3 9830/17/3 9829/17/3
f 9840/17/3 9830/17/3 9839/17/3
f 9844/17/3 9832/17/3 9831/17/3
f 9845/17/3 9832/17/3 9844/17/3
f 9848/1/3 9834/1/3 9833/1/3
f 9849/1/3 9834/1/3 9848/1/3
f 9850/1/3 9836/1/3 9835/1/3
f 9851/1/3 9836/1/3 9850/1/3
f 9852/1/3 9838/1/3 9837/1/3
f 9853/1/3 9838/1/3 9852/1/3
f 9854/1/3 9842/1/3 9841/1/3
f 9855/1/3 9842/1/3 9854/1/3
f 9856/1/3 9844/1/3 9843/1/3
f 9857/1/3 9844/1/3 9856/1/3
f 9858/1/3 9847/1/3 9846/1/3
f 9859/1/3 9847/1/3 9858/1/3
f 9860/19/3 9855/19/3 9854/19/3
f 9861/19/3 9855/19/3 9860/19/3
f 9872/1/3 9863/1/3 9862/1/3
f 9873/1/3 9863/1/3 9872/1/3
f 9875/1/3 9865/1/3 9864/1/3
f 9876/1/3 9865/1/3 9875/1/3
f 9877/1/3 9867/1/3 9866/1/3
f 9878/1/3 9867/1/3 9877/1/3
f 9879/1/3 9869/1/3 9868/1/3
f 9880/1/3 9869/1/3 9879/1/3
f 9881/1/3 9871/1/3 9870/1/3
f 9882/1/3 9871/1/3 9881/1/3
f 9883/17/3 9875/17/3 9874/17/3
f 9884/17/3 9875/17/3 9883/17/3
f 9887/17/3 9886/17/3 9885/17/3
f 9888/17/3 9886/17/3 9887/17/3
f 9899/17/3 9890/17/3 9889/17/3
f 9900/17/3 9890/17/3 9899/17/3
f 9903/1/3 9892/1/3 9891/1/3
f 9904/1/3 9892/1/3 9903/1/3
f 9905/1/3 9894/1/3 9893/1/3
f 9906/1/3 9894/1/3 9905/1/3
f 9907/1/3 9896/1/3 9895/1/3
f 9908/1/3 9896/1/3 9907/1/3
f 9909/1/3 9898/1/3 9897/1/3
f 9910/1/3 9898/1/3 9909/1/3
f 9911/1/3 9902/1/3 9901/1/3
f 9912/1/3 9902/1/3 9911/1/3
f 9915/19/3 9914/19/3 9913/19/3
f 9916/19/3 9914/19/3 9915/19/3
f 9925/1/3 9918/1/3 9917/1/3
f 9926/1/3 9918/1/3 9925/1/3
f 9930/1/3 9920/1/3 9919/1/3
f 9931/1/3 9920/1/3 9930/1/3
f 9932/1/3 9922/1/3 9921/1/3
f 9933/1/3 9922/1/3 9932/1/3
f 9934/1/3 9924/1/3 9923/1/3
f 9935/1/3 9924/1/3 9934/1/3
f 9936/17/3 9928/17/3 9927/17/3
f 9937/17/3 9928/17/3 9936/17/3
f 9938/17/3 9930/17/3 9929/17/3
f 9939/17/3 9930/17/3 9938/17/3
f 9942/17/3 9941/17/3 9940/17/3
f 9943/17/3 9941/17/3 9942/17/3
f 9946/17/3 9945/17/3 9944/17/3
f 9947/17/3 9945/17/3 9946/17/3
f 9958/1/3 9949/1/3 9948/1/3
f 9959/1/3 9949/1/3 9958/1/3
f 9960/1/3 9951/1/3 9950/1/3
f 9961/1/3 9951/1/3 9960/1/3
f 9962/1/3 9953/1/3 9952/1/3
f 9963/1/3 9953/1/3 9962/1/3
f 9964/1/3 9955/1/3 9954/1/3
f 9965/1/3 9955/1/3 9964/1/3
f 9966/1/3 9957/1/3 9956/1/3
f 9967/1/3 9957/1/3 9966/1/3
f 9968/19/3 9965/19/3 9964/19/3
f 9969/19/3 9965/19/3 9968/19/3
f 9976/1/3 9971/1/3 9970/1/3
f 9977/1/3 9971/1/3 9976/1/3
f 9978/1/3 9973/1/3 9972/1/3
f 9979/1/3 9973/1/3 9978/1/3
f 9980/1/3 9975/1/3 9974/1/3
f 9981/1/3 9975/1/3 9980/1/3
f 9988/1/3 9983/1/3 9982/1/3
f 9989/1/3 9983/1/3 9988/1/3
f 9990/19/3 9985/19/3 9984/19/3
f 9991/19/3 9985/19/3 9990/19/3
f 9992/1/3 9987/1/3 9986/1/3
f 9993/1/3 9987/1/3 9992/1/3
f 9996/19/3 9995/19/3 9994/19/3
f 9997/19/3 9995/19/3 9996/19/3
f 10000/1/3 9999/1/3 9998/1/3
f 10001/1/3 9999/1/3 10000/1/3
f 10006/1/3 10003/1/3 10002/1/3
f 10007/1/3 10003/1/3 10006/1/3
f 10009/19/3 10005/19/3 10004/19/3
f 10010/19/3 10005/19/3 10009/19/3
f 10011/19/3 10009/19/3 10008/19/3
f 10012/19/3 10009/19/3 10011/19/3
f 10019/1/3 10014/1/3 10013/1/3
f 10020/1/3 10014/1/3 10019/1/3
f 10021/1/3 10016/1/3 10015/1/3
f 10022/1/3 10016/1/3 10021/1/3
f 10023/1/3 10018/1/3 10017/1/3
f 10024/1/3 10018/1/3 10023/1/3
f 10027/17/3 10026/17/3 10025/17/3
f 10028/17/3 10026/17/3 10027/17/3
f 10031/1/3 10030/1/3 10029/1/3
f 10032/1/3 10030/1/3 10031/1/3
f 10034/19/3 10032/19/3 10031/19/3
f 10035/19/3 10032/19/3 10034/19/3
f 10036/19/3 10034/19/3 10033/19/3
f 10037/19/3 10034/19/3 10036/19/3
f 10040/1/3 10039/1/3 10038/1/3
f 10041/1/3 10039/1/3 10040/1/3
f 10044/17/3 10043/17/3 10042/17/3
f 10045/17/3 10043/17/3 10044/17/3
f 10048/19/3 10047/19/3 10046/19/3
f 10049/19/3 10048/19/3 10046/19/3
f 10050/19/3 10048/19/3 10049/19/3
f 10053/1/3 10052/1/3 10051/1/3
f 10054/1/3 10052/1/3 10053/1/3
f 10057/19/3 10056/19/3 10055/19/3
f 10058/19/3 10056/19/3 10057/19/3
f 10059/19/3 10058/19/3 10057/19/3
f 10060/19/3 10058/19/3 10059/19/3
f 10065/1/3 10062/1/3 10061/1/3
f 10066/1/3 10062/1/3 10065/1/3
f 10067/1/3 10064/1/3 10063/1/3
f 10068/1/3 10064/1/3 10067/1/3
f 10071/1/3 10070/1/3 10069/1/3
f 10072/1/3 10070/1/3 10071/1/3
f 10073/1/3 10070/1/3 10072/1/3
f 10074/19/3 10072/19/3 10071/19/3
f 10075/19/3 10072/19/3 10074/19/3
f 10078/1/3 10077/1/3 10076/1/3
f 10079/1/3 10077/1/3 10078/1/3
f 10084/1/3 10081/1/3 10080/1/3
f 10085/1/3 10081/1/3 10084/1/3
f 10086/1/3 10083/1/3 10082/1/3
f 10087/1/3 10083/1/3 10086/1/3
f 10088/1/3 10087/1/3 10086/1/3
f 10089/1/3 10087/1/3 10088/1/3
f 10092/1/3 10091/1/3 10090/1/3
f 10093/1/3 10091/1/3 10092/1/3
f 10100/1/3 10095/1/3 10094/1/3
f 10101/1/3 10095/1/3 10100/1/3
f 10102/1/3 10097/1/3 10096/1/3
f 10103/1/3 10097/1/3 10102/1/3
f 10104/1/3 10099/1/3 10098/1/3
f 10105/1/3 10099/1/3 10104/1/3
f 10108/1/3 10107/1/3 10106/1/3
f 10109/1/3 10107/1/3 10108/1/3
f 10112/1/3 10111/1/3 10110/1/3
f 10113/1/3 10111/1/3 10112/1/3
f 10120/1/3 10115/1/3 10114/1/3
f 10121/1/3 10115/1/3 10120/1/3
f 10122/1/3 10117/1/3 10116/1/3
f 10123/1/3 10117/1/3 10122/1/3
f 10124/1/3 10119/1/3 10118/1/3
f 10125/1/3 10119/1/3 10124/1/3
f 10128/17/3 10127/17/3 10126/17/3
f 10129/17/3 10127/17/3 10128/17/3
f 10130/1/3 10129/1/3 10128/1/3
f 10131/1/3 10129/1/3 10130/1/3
f 10134/1/3 10133/1/3 10132/1/3
f 10135/1/3 10133/1/3 10134/1/3
f 10138/1/3 10137/1/3 10136/1/3
f 10139/1/3 10137/1/3 10138/1/3
f 10140/1/3 10138/1/3 10136/1/3
f 10141/1/3 10138/1/3 10140/1/3
f 10144/1/3 10143/1/3 10142/1/3
f 10145/1/3 10143/1/3 10144/1/3
f 10149/1/3 10147/1/3 10146/1/3
f 10150/17/3 10148/17/3 10147/17/3
f 10150/1/3 10147/1/3 10149/1/3
f 10151/17/3 10148/17/3 10150/17/3
f 10156/1/3 10153/1/3 10152/1/3
f 10157/1/3 10153/1/3 10156/1/3
f 10158/17/3 10155/17/3 10154/17/3
f 10159/17/3 10155/17/3 10158/17/3
f 10162/1/3 10161/1/3 10160/1/3
f 10163/1/3 10161/1/3 10162/1/3
f 10166/1/3 10165/1/3 10164/1/3
f 10167/1/3 10165/1/3 10166/1/3
f 10174/1/3 10169/1/3 10168/1/3
f 10175/1/3 10169/1/3 10174/1/3
f 10176/1/3 10169/1/3 10175/1/3
f 10177/1/3 10171/1/3 10170/1/3
f 10178/1/3 10171/1/3 10177/1/3
f 10179/1/3 10173/1/3 10172/1/3
f 10180/1/3 10173/1/3 10179/1/3
f 10181/19/3 10176/19/3 10175/19/3
f 10182/19/3 10176/19/3 10181/19/3
f 10192/1/3 10184/1/3 10183/1/3
f 10193/1/3 10184/1/3 10192/1/3
f 10194/1/3 10186/1/3 10185/1/3
f 10195/1/3 10186/1/3 10194/1/3
f 10196/1/3 10188/1/3 10187/1/3
f 10197/1/3 10188/1/3 10196/1/3
f 10198/1/3 10190/1/3 10189/1/3
f 10199/1/3 10190/1/3 10198/1/3
f 10200/17/3 10192/17/3 10191/17/3
f 10201/17/3 10192/17/3 10200/17/3
f 10206/1/3 10203/1/3 10202/1/3
f 10207/17/3 10205/17/3 10204/17/3
f 10207/1/3 10203/1/3 10206/1/3
f 10207/17/3 10204/17/3 10203/17/3
f 10208/17/3 10205/17/3 10207/17/3
f 10216/1/3 10210/1/3 10209/1/3
f 10217/1/3 10210/1/3 10216/1/3
f 10218/1/3 10212/1/3 10211/1/3
f 10219/19/3 10213/19/3 10212/19/3
f 10219/1/3 10212/1/3 10218/1/3
f 10220/19/3 10213/19/3 10219/19/3
f 10221/1/3 10215/1/3 10214/1/3
f 10222/1/3 10215/1/3 10221/1/3
f 10229/1/3 10224/1/3 10223/1/3
f 10230/1/3 10224/1/3 10229/1/3
f 10231/1/3 10226/1/3 10225/1/3
f 10232/1/3 10226/1/3 10231/1/3
f 10235/1/3 10228/1/3 10227/1/3
f 10236/1/3 10228/1/3 10235/1/3
f 10237/17/3 10234/17/3 10233/17/3
f 10238/17/3 10234/17/3 10237/17/3
f 10245/1/3 10240/1/3 10239/1/3
f 10246/1/3 10240/1/3 10245/1/3
f 10247/1/3 10242/1/3 10241/1/3
f 10248/1/3 10242/1/3 10247/1/3
f 10249/1/3 10244/1/3 10243/1/3
f 10250/1/3 10244/1/3 10249/1/3
f 10259/1/3 10252/1/3 10251/1/3
f 10260/1/3 10252/1/3 10259/1/3
f 10261/1/3 10254/1/3 10253/1/3
f 10262/1/3 10254/1/3 10261/1/3
f 10263/1/3 10256/1/3 10255/1/3
f 10264/1/3 10256/1/3 10263/1/3
f 10265/1/3 10258/1/3 10257/1/3
f 10266/1/3 10258/1/3 10265/1/3
f 10273/1/3 10268/1/3 10267/1/3
f 10274/1/3 10268/1/3 10273/1/3
f 10275/1/3 10270/1/3 10269/1/3
f 10276/1/3 10270/1/3 10275/1/3
f 10277/1/3 10270/1/3 10276/1/3
f 10278/1/3 10270/1/3 10277/1/3
f 10280/1/3 10272/1/3 10271/1/3
f 10281/1/3 10272/1/3 10280/1/3
f 10282/19/3 10276/19/3 10275/19/3
f 10283/19/3 10276/19/3 10282/19/3
f 10284/19/3 10279/19/3 10278/19/3
f 10284/19/3 10278/19/3 10277/19/3
f 10285/19/3 10279/19/3 10284/19/3
f 10292/1/3 10287/1/3 10286/1/3
f 10293/1/3 10287/1/3 10292/1/3
f 10294/1/3 10289/1/3 10288/1/3
f 10295/1/3 10289/1/3 10294/1/3
f 10296/1/3 10291/1/3 10290/1/3
f 10297/1/3 10291/1/3 10296/1/3
f 10306/1/3 10299/1/3 10298/1/3
f 10307/1/3 10299/1/3 10306/1/3
f 10308/1/3 10301/1/3 10300/1/3
f 10309/1/3 10301/1/3 10308/1/3
f 10310/1/3 10303/1/3 10302/1/3
f 10311/1/3 10303/1/3 10310/1/3
f 10312/1/3 10303/1/3 10311/1/3
f 10313/1/3 10305/1/3 10304/1/3
f 10314/1/3 10305/1/3 10313/1/3
f 10315/19/3 10312/19/3 10311/19/3
f 10316/19/3 10312/19/3 10315/19/3
f 10323/1/3 10318/1/3 10317/1/3
f 10324/1/3 10318/1/3 10323/1/3
f 10325/1/3 10320/1/3 10319/1/3
f 10326/1/3 10320/1/3 10325/1/3
f 10327/1/3 10322/1/3 10321/1/3
f 10328/1/3 10322/1/3 10327/1/3
f 10336/17/3 10330/17/3 10329/17/3
f 10339/1/3 10332/1/3 10331/1/3
f 10340/1/3 10332/1/3 10339/1/3
f 10341/1/3 10334/1/3 10333/1/3
f 10342/1/3 10334/1/3 10341/1/3
f 10343/1/3 10336/1/3 10335/1/3
f 10344/17/3 10330/17/3 10336/17/3
f 10344/1/3 10336/1/3 10343/1/3
f 10345/17/3 10330/17/3 10344/17/3
f 10346/1/3 10338/1/3 10337/1/3
f 10347/1/3 10338/1/3 10346/1/3
f 10348/19/3 10344/19/3 10343/19/3
f 10349/19/3 10344/19/3 10348/19/3
f 10358/1/3 10351/1/3 10350/1/3
f 10359/1/3 10351/1/3 10358/1/3
f 10360/1/3 10353/1/3 10352/1/3
f 10361/1/3 10353/1/3 10360/1/3
f 10362/1/3 10355/1/3 10354/1/3
f 10363/1/3 10355/1/3 10362/1/3
f 10364/18/3 10357/18/3 10356/18/3
f 10365/18/3 10357/18/3 10364/18/3
f 10370/17/3 10367/17/3 10366/17/3
f 10371/17/3 10367/17/3 10370/17/3
f 10372/1/3 10369/1/3 10368/1/3
f 10373/1/3 10369/1/3 10372/1/3
f 10380/1/3 10375/1/3 10374/1/3
f 10381/1/3 10375/1/3 10380/1/3
f 10382/1/3 10377/1/3 10376/1/3
f 10383/1/3 10377/1/3 10382/1/3
f 10384/1/3 10379/1/3 10378/1/3
f 10385/1/3 10379/1/3 10384/1/3
f 10388/17/3 10387/17/3 10386/17/3
f 10389/17/3 10387/17/3 10388/17/3
f 10394/1/3 10391/1/3 10390/1/3
f 10395/1/3 10391/1/3 10394/1/3
f 10396/1/3 10393/1/3 10392/1/3
f 10397/1/3 10393/1/3 10396/1/3
f 10405/1/3 10399/1/3 10398/1/3
f 10406/1/3 10399/1/3 10405/1/3
f 10407/1/3 10401/1/3 10400/1/3
f 10408/1/3 10401/1/3 10407/1/3
f 10411/1/3 10403/1/3 10402/1/3
f 10412/1/3 10403/1/3 10411/1/3
f 10413/18/3 10405/18/3 10404/18/3
f 10414/18/3 10405/18/3 10413/18/3
f 10415/17/3 10410/17/3 10409/17/3
f 10416/17/3 10410/17/3 10415/17/3
f 10421/1/3 10418/1/3 10417/1/3
f 10422/1/3 10418/1/3 10421/1/3
f 10423/1/3 10420/1/3 10419/1/3
f 10424/1/3 10420/1/3 10423/1/3
f 10437/1/3 10426/1/3 10425/1/3
f 10438/1/3 10426/1/3 10437/1/3
f 10439/1/3 10428/1/3 10427/1/3
f 10440/1/3 10428/1/3 10439/1/3
f 10441/1/3 10430/1/3 10429/1/3
f 10442/1/3 10430/1/3 10441/1/3
f 10443/1/3 10432/1/3 10431/1/3
f 10444/1/3 10432/1/3 10443/1/3
f 10445/1/3 10434/1/3 10433/1/3
f 10446/1/3 10434/1/3 10445/1/3
f 10447/1/3 10436/1/3 10435/1/3
f 10448/1/3 10436/1/3 10447/1/3
f 10451/17/3 10450/17/3 10449/17/3
f 10452/17/3 10450/17/3 10451/17/3
f 10455/17/3 10454/17/3 10453/17/3
f 10456/17/3 10454/17/3 10455/17/3
f 10459/1/3 10458/1/3 10457/1/3
f 10460/1/3 10458/1/3 10459/1/3
f 10467/1/3 10462/1/3 10461/1/3
f 10468/1/3 10462/1/3 10467/1/3
f 10469/1/3 10464/1/3 10463/1/3
f 10470/1/3 10464/1/3 10469/1/3
f 10471/1/3 10466/1/3 10465/1/3
f 10472/1/3 10466/1/3 10471/1/3
f 10475/17/3 10474/17/3 10473/17/3
f 10476/17/3 10474/17/3 10475/17/3
f 10479/17/3 10478/17/3 10477/17/3
f 10480/17/3 10478/17/3 10479/17/3
f 10482/17/3 10481/17/3 10480/17/3
f 10483/17/3 10481/17/3 10482/17/3
f 10486/1/3 10485/1/3 10484/1/3
f 10487/1/3 10485/1/3 10486/1/3
f 10497/1/3 10489/1/3 10488/1/3
f 10498/1/3 10489/1/3 10497/1/3
f 10499/1/3 10491/1/3 10490/1/3
f 10500/1/3 10491/1/3 10499/1/3
f 10501/1/3 10493/1/3 10492/1/3
f 10502/1/3 10493/1/3 10501/1/3
f 10503/1/3 10495/1/3 10494/1/3
f 10504/1/3 10495/1/3 10503/1/3
f 10507/17/3 10497/17/3 10496/17/3
f 10508/17/3 10497/17/3 10507/17/3
f 10509/17/3 10506/17/3 10505/17/3
f 10510/17/3 10506/17/3 10509/17/3
f 10519/1/3 10512/1/3 10511/1/3
f 10520/1/3 10512/1/3 10519/1/3
f 10521/1/3 10514/1/3 10513/1/3
f 10522/1/3 10514/1/3 10521/1/3
f 10523/1/3 10516/1/3 10515/1/3
f 10524/1/3 10516/1/3 10523/1/3
f 10525/1/3 10518/1/3 10517/1/3
f 10526/1/3 10518/1/3 10525/1/3
f 10529/1/3 10528/1/3 10527/1/3
f 10530/1/3 10528/1/3 10529/1/3
f 10533/17/3 10532/17/3 10531/17/3
f 10534/17/3 10532/17/3 10533/17/3
f 10545/1/3 10536/1/3 10535/1/3
f 10546/1/3 10536/1/3 10545/1/3
f 10547/1/3 10538/1/3 10537/1/3
f 10548/1/3 10538/1/3 10547/1/3
f 10549/1/3 10540/1/3 10539/1/3
f 10550/1/3 10540/1/3 10549/1/3
f 10551/1/3 10542/1/3 10541/1/3
f 10552/1/3 10542/1/3 10551/1/3
f 10553/1/3 10544/1/3 10543/1/3
f 10554/1/3 10544/1/3 10553/1/3
f 10561/1/3 10556/1/3 10555/1/3
f 10562/1/3 10556/1/3 10561/1/3
f 10563/1/3 10558/1/3 10557/1/3
f 10564/1/3 10558/1/3 10563/1/3
f 10565/1/3 10560/1/3 10559/1/3
f 10566/1/3 10560/1/3 10565/1/3
f 10577/1/3 10568/1/3 10567/1/3
f 10578/1/3 10568/1/3 10577/1/3
f 10579/1/3 10570/1/3 10569/1/3
f 10580/1/3 10570/1/3 10579/1/3
f 10581/1/3 10572/1/3 10571/1/3
f 10582/1/3 10572/1/3 10581/1/3
f 10583/1/3 10574/1/3 10573/1/3
f 10584/1/3 10574/1/3 10583/1/3
f 10585/1/3 10576/1/3 10575/1/3
f 10586/1/3 10576/1/3 10585/1/3
f 10589/1/3 10588/1/3 10587/1/3
f 10590/1/3 10588/1/3 10589/1/3
f 10599/17/3 10592/17/3 10591/17/3
f 10600/17/3 10592/17/3 10599/17/3
f 10603/1/3 10594/1/3 10593/1/3
f 10604/1/3 10594/1/3 10603/1/3
f 10605/1/3 10596/1/3 10595/1/3
f 10606/1/3 10596/1/3 10605/1/3
f 10607/1/3 10598/1/3 10597/1/3
f 10608/1/3 10598/1/3 10607/1/3
f 10609/1/3 10602/1/3 10601/1/3
f 10610/1/3 10602/1/3 10609/1/3
f 10615/1/3 10612/1/3 10611/1/3
f 10616/1/3 10612/1/3 10615/1/3
f 10617/1/3 10614/1/3 10613/1/3
f 10618/1/3 10614/1/3 10617/1/3
f 10621/17/3 10620/17/3 10619/17/3
f 10622/17/3 10620/17/3 10621/17/3
f 10625/1/3 10624/1/3 10623/1/3
f 10626/1/3 10624/1/3 10625/1/3
f 10629/17/3 10628/17/3 10627/17/3
f 10630/17/3 10628/17/3 10629/17/3
f 10635/1/3 10632/1/3 10631/1/3
f 10636/1/3 10632/1/3 10635/1/3
f 10637/17/3 10634/17/3 10633/17/3
f 10638/17/3 10634/17/3 10637/17/3
f 10641/1/3 10640/1/3 10639/1/3
f 10642/1/3 10640/1/3 10641/1/3
f 10645/17/3 10644/17/3 10643/17/3
f 10646/17/3 10644/17/3 10645/17/3
f 10650/1/3 10647/1/3 10646/1/3
f 10651/1/3 10647/1/3 10650/1/3
f 10652/1/3 10649/1/3 10648/1/3
f 10653/1/3 10649/1/3 10652/1/3
f 10657/1/3 10655/1/3 10654/1/3
f 10657/17/3 10656/17/3 10655/17/3
f 10658/17/3 10656/17/3 10657/17/3
f 10659/1/3 10657/1/3 10654/1/3
f 10661/1/3 10659/1/3 10654/1/3
f 10661/1/3 10660/1/3 10659/1/3
f 10662/1/3 10660/1/3 10661/1/3
f 10665/1/3 10664/1/3 10663/1/3
f 10666/1/3 10664/1/3 10665/1/3
f 10671/1/3 10668/1/3 10667/1/3
f 10672/1/3 10668/1/3 10671/1/3
f 10673/1/3 10670/1/3 10669/1/3
f 10674/1/3 10670/1/3 10673/1/3
f 10677/1/3 10676/1/3 10675/1/3
f 10678/1/3 10676/1/3 10677/1/3
f 10681/17/3 10680/17/3 10679/17/3
f 10682/17/3 10680/17/3 10681/17/3
f 10685/1/3 10684/1/3 10683/1/3
f 10686/1/3 10684/1/3 10685/1/3
f 10691/1/3 10688/1/3 10687/1/3
f 10692/1/3 10688/1/3 10691/1/3
f 10693/1/3 10690/1/3 10689/1/3
f 10694/1/3 10690/1/3 10693/1/3
f 10697/1/3 10696/1/3 10695/1/3
f 10698/1/3 10696/1/3 10697/1/3
f 10703/1/3 10700/1/3 10699/1/3
f 10704/1/3 10700/1/3 10703/1/3
f 10705/1/3 10702/1/3 10701/1/3
f 10706/1/3 10702/1/3 10705/1/3
f 10709/1/3 10708/1/3 10707/1/3
f 10710/1/3 10708/1/3 10709/1/3
f 10713/1/3 10712/1/3 10711/1/3
f 10714/1/3 10712/1/3 10713/1/3
f 10715/1/3 10712/1/3 10714/1/3
f 10716/1/3 10712/1/3 10715/1/3
f 10717/1/3 10715/1/3 10714/1/3
f 10718/1/3 10715/1/3 10717/1/3
f 10723/1/3 10720/1/3 10719/1/3
f 10724/1/3 10720/1/3 10723/1/3
f 10725/1/3 10722/1/3 10721/1/3
f 10726/1/3 10722/1/3 10725/1/3
f 10733/1/3 10728/1/3 10727/1/3
f 10734/1/3 10728/1/3 10733/1/3
f 10735/1/3 10730/1/3 10729/1/3
f 10736/1/3 10730/1/3 10735/1/3
f 10737/1/3 10732/1/3 10731/1/3
f 10738/1/3 10732/1/3 10737/1/3
f 10741/1/3 10740/1/3 10739/1/3
f 10742/1/3 10740/1/3 10741/1/3
f 10749/1/3 10744/1/3 10743/1/3
f 10750/1/3 10744/1/3 10749/1/3
f 10751/1/3 10746/1/3 10745/1/3
f 10752/1/3 10746/1/3 10751/1/3
f 10753/1/3 10748/1/3 10747/1/3
f 10754/1/3 10748/1/3 10753/1/3
f 10757/17/3 10756/17/3 10755/17/3
f 10758/17/3 10756/17/3 10757/17/3
f 10763/17/3 10760/17/3 10759/17/3
f 10764/17/3 10760/17/3 10763/17/3
f 10767/1/3 10762/1/3 10761/1/3
f 10768/1/3 10762/1/3 10767/1/3
f 10769/1/3 10766/1/3 10765/1/3
f 10770/1/3 10766/1/3 10769/1/3
f 10775/1/3 10772/1/3 10771/1/3
f 10776/1/3 10772/1/3 10775/1/3
f 10777/1/3 10774/1/3 10773/1/3
f 10778/1/3 10774/1/3 10777/1/3
f 10781/17/3 10780/17/3 10779/17/3
f 10782/17/3 10780/17/3 10781/17/3
f 10788/17/3 10784/17/3 10783/17/3
f 10789/17/3 10784/17/3 10788/17/3
f 10791/17/3 10786/17/3 10785/17/3
f 10792/17/3 10786/17/3 10791/17/3
f 10797/1/3 10788/1/3 10787/1/3
f 10798/1/3 10788/1/3 10797/1/3
f 10799/1/3 10791/1/3 10790/1/3
f 10800/1/3 10791/1/3 10799/1/3
f 10801/1/3 10794/1/3 10793/1/3
f 10802/1/3 10794/1/3 10801/1/3
f 10803/1/3 10796/1/3 10795/1/3
f 10804/1/3 10796/1/3 10803/1/3
f 10807/19/3 10806/19/3 10805/19/3
f 10808/19/3 10806/19/3 10807/19/3
f 10815/1/3 10810/1/3 10809/1/3
f 10816/1/3 10810/1/3 10815/1/3
f 10817/1/3 10812/1/3 10811/1/3
f 10818/1/3 10812/1/3 10817/1/3
f 10819/1/3 10814/1/3 10813/1/3
f 10820/1/3 10814/1/3 10819/1/3
f 10822/17/3 10821/17/3 10820/17/3
f 10823/17/3 10821/17/3 10822/17/3
f 10826/1/3 10825/1/3 10824/1/3
f 10827/1/3 10825/1/3 10826/1/3
f 10830/17/3 10829/17/3 10828/17/3
f 10831/17/3 10829/17/3 10830/17/3
f 10841/1/3 10832/1/3 10831/1/3
f 10842/1/3 10832/1/3 10841/1/3
f 10843/1/3 10834/1/3 10833/1/3
f 10844/1/3 10834/1/3 10843/1/3
f 10846/1/3 10836/1/3 10835/1/3
f 10847/1/3 10836/1/3 10846/1/3
f 10848/1/3 10838/1/3 10837/1/3
f 10849/1/3 10838/1/3 10848/1/3
f 10850/1/3 10840/1/3 10839/1/3
f 10851/1/3 10840/1/3 10850/1/3
f 10852/19/3 10847/19/3 10846/19/3
f 10852/19/3 10846/19/3 10845/19/3
f 10853/19/3 10847/19/3 10852/19/3
f 10854/19/3 10847/19/3 10853/19/3
f 10855/19/3 10853/19/3 10852/19/3
f 10856/19/3 10853/19/3 10855/19/3
f 10861/17/3 10860/17/3 10859/17/3
f 10862/17/3 10860/17/3 10861/17/3
f 10865/9/3 10864/9/3 10863/9/3
f 10866/9/3 10864/9/3 10865/9/3
f 10869/9/3 10868/9/3 10867/9/3
f 10870/9/3 10868/9/3 10869/9/3
f 10872/17/3 10860/17/3 10862/17/3
f 10873/17/3 10872/17/3 10871/17/3
f 10874/17/3 10860/17/3 10872/17/3
f 10874/17/3 10872/17/3 10873/17/3
f 10875/17/3 10858/17/3 10857/17/3
f 10876/17/3 10858/17/3 10875/17/3
f 10879/1/3 10878/1/3 10877/1/3
f 10880/1/3 10878/1/3 10879/1/3
f 10891/1/3 10882/1/3 10881/1/3
f 10892/1/3 10882/1/3 10891/1/3
f 10893/1/3 10884/1/3 10883/1/3
f 10894/1/3 10884/1/3 10893/1/3
f 10896/1/3 10886/1/3 10885/1/3
f 10897/1/3 10886/1/3 10896/1/3
f 10898/1/3 10886/1/3 10897/1/3
f 10899/1/3 10888/1/3 10887/1/3
f 10900/1/3 10888/1/3 10899/1/3
f 10901/1/3 10890/1/3 10889/1/3
f 10902/1/3 10890/1/3 10901/1/3
f 10903/19/3 10897/19/3 10896/19/3
f 10903/19/3 10896/19/3 10895/19/3
f 10904/19/3 10897/19/3 10903/19/3
f 10905/19/3 10897/19/3 10904/19/3
f 10906/19/3 10904/19/3 10903/19/3
f 10907/19/3 10904/19/3 10906/19/3
f 10910/1/3 10909/1/3 10908/1/3
f 10911/1/3 10909/1/3 10910/1/3
f 10914/4/3 10913/4/3 10912/4/3
f 10915/4/3 10913/4/3 10914/4/3
f 10916/4/3 10914/4/3 10912/4/3
f 10917/4/3 10914/4/3 10916/4/3
f 10918/4/3 10916/4/3 10912/4/3
f 10919/4/3 10914/4/3 10917/4/3
f 10920/15/3 10915/15/3 10914/15/3
f 10920/4/3 10914/4/3 10919/4/3
f 10921/4/3 10913/4/3 10915/4/3
f 10921/15/3 10915/15/3 10920/15/3
f 10922/4/3 10920/4/3 10919/4/3
f 10922/4/3 10919/4/3 10918/4/3
f 10922/4/3 10921/4/3 10920/4/3
f 10922/4/3 10918/4/3 10912/4/3
f 10923/4/3 10921/4/3 10922/4/3
f 10924/4/3 10921/4/3 10923/4/3
f 10925/4/3 10913/4/3 10921/4/3
f 10925/4/3 10921/4/3 10924/4/3
f 10926/4/3 10922/4/3 10912/4/3
f 10927/4/3 10924/4/3 10923/4/3
f 10928/15/3 10925/15/3 10924/15/3
f 10928/4/3 10927/4/3 10926/4/3
f 10928/4/3 10924/4/3 10927/4/3
f 10929/4/3 10913/4/3 10925/4/3
f 10929/15/3 10925/15/3 10928/15/3
f 10930/4/3 10926/4/3 10912/4/3
f 10930/4/3 10928/4/3 10926/4/3
f 10930/4/3 10929/4/3 10928/4/3
f 10931/4/3 10913/4/3 10929/4/3
f 10931/4/3 10929/4/3 10930/4/3
f 10933/1/3 10909/1/3 10911/1/3
f 10934/1/3 10933/1/3 10932/1/3
f 10935/1/3 10909/1/3 10933/1/3
f 10935/1/3 10933/1/3 10934/1/3
f 10944/1/3 10937/1/3 10936/1/3
f 10945/1/3 10937/1/3 10944/1/3
f 10946/1/3 10939/1/3 10938/1/3
f 10947/1/3 10939/1/3 10946/1/3
f 10948/1/3 10941/1/3 10940/1/3
f 10949/1/3 10941/1/3 10948/1/3
f 10950/1/3 10943/1/3 10942/1/3
f 10951/1/3 10943/1/3 10950/1/3
f 10959/17/3 10953/17/3 10952/17/3
f 10960/17/3 10953/17/3 10959/17/3
f 10963/1/3 10955/1/3 10954/1/3
f 10964/1/3 10955/1/3 10963/1/3
f 10966/1/3 10957/1/3 10956/1/3
f 10967/1/3 10957/1/3 10966/1/3
f 10968/1/3 10957/1/3 10967/1/3
f 10969/1/3 10959/1/3 10958/1/3
f 10970/1/3 10959/1/3 10969/1/3
f 10971/1/3 10962/1/3 10961/1/3
f 10972/1/3 10962/1/3 10971/1/3
f 10974/19/3 10966/19/3 10965/19/3
f 10974/19/3 10967/19/3 10966/19/3
f 10975/19/3 10967/19/3 10974/19/3
f 10976/19/3 10967/19/3 10975/19/3
f 10977/19/3 10974/19/3 10973/19/3
f 10977/19/3 10975/19/3 10974/19/3
f 10978/19/3 10975/19/3 10977/19/3
f 10985/1/3 10980/1/3 10979/1/3
f 10986/1/3 10980/1/3 10985/1/3
f 10987/1/3 10982/1/3 10981/1/3
f 10988/1/3 10982/1/3 10987/1/3
f 10989/1/3 10984/1/3 10983/1/3
f 10990/1/3 10984/1/3 10989/1/3
f 10996/17/3 10992/17/3 10991/17/3
f 10997/17/3 10992/17/3 10996/17/3
f 11000/1/3 10995/1/3 10994/1/3
f 11000/19/3 10994/19/3 10993/19/3
f 11001/1/3 10995/1/3 11000/1/3
f 11002/1/3 10999/1/3 10998/1/3
f 11003/1/3 10999/1/3 11002/1/3
f 11005/19/3 11000/19/3 10993/19/3
f 11006/19/3 11000/19/3 11005/19/3
f 11007/19/3 11005/19/3 11004/19/3
f 11008/19/3 11005/19/3 11007/19/3
f 11019/1/3 11010/1/3 11009/1/3
f 11020/1/3 11010/1/3 11019/1/3
f 11021/1/3 11012/1/3 11011/1/3
f 11022/1/3 11012/1/3 11021/1/3
f 11023/1/3 11014/1/3 11013/1/3
f 11024/1/3 11014/1/3 11023/1/3
f 11025/1/3 11016/1/3 11015/1/3
f 11026/1/3 11016/1/3 11025/1/3
f 11027/1/3 11018/1/3 11017/1/3
f 11028/1/3 11018/1/3 11027/1/3
f 11031/1/3 11030/1/3 11029/1/3
f 11032/1/3 11030/1/3 11031/1/3
f 11037/18/3 11034/18/3 11033/18/3
f 11038/18/3 11034/18/3 11037/18/3
f 11039/17/3 11036/17/3 11035/17/3
f 11040/17/3 11036/17/3 11039/17/3
f 11047/1/3 11042/1/3 11041/1/3
f 11048/1/3 11042/1/3 11047/1/3
f 11049/1/3 11044/1/3 11043/1/3
f 11050/1/3 11044/1/3 11049/1/3
f 11051/1/3 11044/1/3 11050/1/3
f 11052/19/3 11046/19/3 11045/19/3
f 11053/19/3 11046/19/3 11052/19/3
f 11054/19/3 11048/19/3 11047/19/3
f 11055/19/3 11048/19/3 11054/19/3
f 11056/19/3 11050/19/3 11049/19/3
f 11057/19/3 11050/19/3 11056/19/3
f 11058/19/3 11054/19/3 11053/19/3
f 11059/19/3 11054/19/3 11058/19/3
f 11074/1/3 11061/1/3 11060/1/3
f 11075/1/3 11061/1/3 11074/1/3
f 11076/1/3 11063/1/3 11062/1/3
f 11077/1/3 11063/1/3 11076/1/3
f 11078/1/3 11065/1/3 11064/1/3
f 11079/1/3 11065/1/3 11078/1/3
f 11080/1/3 11067/1/3 11066/1/3
f 11081/1/3 11067/1/3 11080/1/3
f 11082/1/3 11069/1/3 11068/1/3
f 11083/1/3 11069/1/3 11082/1/3
f 11084/1/3 11071/1/3 11070/1/3
f 11085/1/3 11071/1/3 11084/1/3
f 11086/1/3 11073/1/3 11072/1/3
f 11087/1/3 11073/1/3 11086/1/3
f 11090/1/3 11089/1/3 11088/1/3
f 11091/1/3 11089/1/3 11090/1/3
f 11098/18/3 11093/18/3 11092/18/3
f 11099/18/3 11093/18/3 11098/18/3
f 11100/18/3 11093/18/3 11099/18/3
f 11101/18/3 11095/18/3 11094/18/3
f 11102/18/3 11095/18/3 11101/18/3
f 11103/17/3 11097/17/3 11096/17/3
f 11104/17/3 11097/17/3 11103/17/3
f 11109/18/3 11100/18/3 11099/18/3
f 11110/18/3 11100/18/3 11109/18/3
f 11111/1/3 11106/1/3 11105/1/3
f 11112/1/3 11106/1/3 11111/1/3
f 11113/1/3 11106/1/3 11112/1/3
f 11114/1/3 11108/1/3 11107/1/3
f 11115/1/3 11108/1/3 11114/1/3
f 11116/1/3 11113/1/3 11112/1/3
f 11117/1/3 11113/1/3 11116/1/3
f 11132/1/3 11119/1/3 11118/1/3
f 11133/1/3 11119/1/3 11132/1/3
f 11134/1/3 11121/1/3 11120/1/3
f 11135/1/3 11121/1/3 11134/1/3
f 11138/1/3 11123/1/3 11122/1/3
f 11139/1/3 11123/1/3 11138/1/3
f 11140/1/3 11125/1/3 11124/1/3
f 11141/1/3 11125/1/3 11140/1/3
f 11142/1/3 11127/1/3 11126/1/3
f 11143/1/3 11127/1/3 11142/1/3
f 11144/1/3 11129/1/3 11128/1/3
f 11145/1/3 11129/1/3 11144/1/3
f 11146/1/3 11131/1/3 11130/1/3
f 11147/1/3 11131/1/3 11146/1/3
f 11148/17/3 11137/17/3 11136/17/3
f 11149/17/3 11137/17/3 11148/17/3
f 11152/1/3 11151/1/3 11150/1/3
f 11153/1/3 11151/1/3 11152/1/3
f 11156/18/3 11155/18/3 11154/18/3
f 11157/18/3 11155/18/3 11156/18/3
f 11164/1/3 11159/1/3 11158/1/3
f 11165/1/3 11159/1/3 11164/1/3
f 11166/1/3 11161/1/3 11160/1/3
f 11167/1/3 11161/1/3 11166/1/3
f 11168/1/3 11163/1/3 11162/1/3
f 11169/1/3 11163/1/3 11168/1/3
f 11178/1/3 11171/1/3 11170/1/3
f 11179/1/3 11171/1/3 11178/1/3
f 11182/1/3 11173/1/3 11172/1/3
f 11183/1/3 11173/1/3 11182/1/3
f 11184/1/3 11175/1/3 11174/1/3
f 11185/1/3 11175/1/3 11184/1/3
f 11186/1/3 11177/1/3 11176/1/3
f 11187/1/3 11177/1/3 11186/1/3
f 11188/17/3 11181/17/3 11180/17/3
f 11189/17/3 11181/17/3 11188/17/3
f 11194/18/3 11191/18/3 11190/18/3
f 11195/18/3 11191/18/3 11194/18/3
f 11200/17/3 11193/17/3 11192/17/3
f 11201/17/3 11193/17/3 11200/17/3
f 11206/1/3 11197/1/3 11196/1/3
f 11207/1/3 11197/1/3 11206/1/3
f 11208/1/3 11199/1/3 11198/1/3
f 11209/1/3 11199/1/3 11208/1/3
f 11210/1/3 11203/1/3 11202/1/3
f 11211/1/3 11203/1/3 11210/1/3
f 11212/1/3 11205/1/3 11204/1/3
f 11213/1/3 11205/1/3 11212/1/3
f 11220/1/3 11215/1/3 11214/1/3
f 11221/1/3 11215/1/3 11220/1/3
f 11222/1/3 11217/1/3 11216/1/3
f 11223/1/3 11217/1/3 11222/1/3
f 11224/1/3 11219/1/3 11218/1/3
f 11225/1/3 11219/1/3 11224/1/3
f 11228/18/3 11227/18/3 11226/18/3
f 11229/18/3 11227/18/3 11228/18/3
f 11238/1/3 11231/1/3 11230/1/3
f 11239/1/3 11231/1/3 11238/1/3
f 11240/1/3 11233/1/3 11232/1/3
f 11241/1/3 11233/1/3 11240/1/3
f 11242/1/3 11235/1/3 11234/1/3
f 11243/1/3 11235/1/3 11242/1/3
f 11244/1/3 11237/1/3 11236/1/3
f 11245/1/3 11237/1/3 11244/1/3
f 11246/1/3 11237/1/3 11245/1/3
f 11247/19/3 11246/19/3 11245/19/3
f 11248/19/3 11246/19/3 11247/19/3
f 11259/1/3 11250/1/3 11249/1/3
f 11260/1/3 11250/1/3 11259/1/3
f 11261/1/3 11252/1/3 11251/1/3
f 11262/1/3 11252/1/3 11261/1/3
f 11263/1/3 11254/1/3 11253/1/3
f 11264/1/3 11254/1/3 11263/1/3
f 11265/1/3 11256/1/3 11255/1/3
f 11266/1/3 11256/1/3 11265/1/3
f 11267/1/3 11258/1/3 11257/1/3
f 11268/1/3 11258/1/3 11267/1/3
f 11271/18/3 11270/18/3 11269/18/3
f 11272/18/3 11270/18/3 11271/18/3
f 11278/1/3 11273/1/3 11272/1/3
f 11279/1/3 11273/1/3 11278/1/3
f 11280/1/3 11275/1/3 11274/1/3
f 11281/1/3 11275/1/3 11280/1/3
f 11282/1/3 11277/1/3 11276/1/3
f 11283/1/3 11277/1/3 11282/1/3
f 11290/1/3 11285/1/3 11284/1/3
f 11291/1/3 11285/1/3 11290/1/3
f 11292/1/3 11287/1/3 11286/1/3
f 11293/1/3 11287/1/3 11292/1/3
f 11294/1/3 11289/1/3 11288/1/3
f 11295/1/3 11289/1/3 11294/1/3
f 11298/17/3 11297/17/3 11296/17/3
f 11299/17/3 11297/17/3 11298/17/3
f 11305/1/3 11300/1/3 11299/1/3
f 11306/1/3 11300/1/3 11305/1/3
f 11307/1/3 11302/1/3 11301/1/3
f 11308/1/3 11302/1/3 11307/1/3
f 11309/1/3 11302/1/3 11308/1/3
f 11310/1/3 11302/1/3 11309/1/3
f 11311/1/3 11304/1/3 11303/1/3
f 11312/1/3 11304/1/3 11311/1/3
f 11313/19/3 11309/19/3 11308/19/3
f 11314/19/3 11309/19/3 11313/19/3
f 11321/1/3 11316/1/3 11315/1/3
f 11322/1/3 11316/1/3 11321/1/3
f 11323/1/3 11318/1/3 11317/1/3
f 11324/1/3 11318/1/3 11323/1/3
f 11325/1/3 11320/1/3 11319/1/3
f 11326/1/3 11320/1/3 11325/1/3
f 11335/1/3 11328/1/3 11327/1/3
f 11336/1/3 11328/1/3 11335/1/3
f 11337/1/3 11330/1/3 11329/1/3
f 11338/1/3 11330/1/3 11337/1/3
f 11339/1/3 11332/1/3 11331/1/3
f 11340/1/3 11332/1/3 11339/1/3
f 11341/1/3 11334/1/3 11333/1/3
f 11342/1/3 11334/1/3 11341/1/3
f 11347/1/3 11344/1/3 11343/1/3
f 11348/1/3 11344/1/3 11347/1/3
f 11349/1/3 11346/1/3 11345/1/3
f 11350/1/3 11346/1/3 11349/1/3
f 11353/1/3 11352/1/3 11351/1/3
f 11354/1/3 11352/1/3 11353/1/3
f 11363/1/3 11356/1/3 11355/1/3
f 11364/1/3 11356/1/3 11363/1/3
f 11365/1/3 11358/1/3 11357/1/3
f 11366/1/3 11358/1/3 11365/1/3
f 11367/1/3 11360/1/3 11359/1/3
f 11368/1/3 11360/1/3 11367/1/3
f 11369/1/3 11362/1/3 11361/1/3
f 11370/1/3 11362/1/3 11369/1/3
f 11375/19/3 11372/19/3 11371/19/3
f 11376/19/3 11372/19/3 11375/19/3
f 11377/1/3 11374/1/3 11373/1/3
f 11378/1/3 11374/1/3 11377/1/3
f 11383/17/3 11380/17/3 11379/17/3
f 11384/17/3 11380/17/3 11383/17/3
f 11392/1/3 11382/1/3 11381/1/3
f 11393/1/3 11382/1/3 11392/1/3
f 11394/1/3 11385/1/3 11384/1/3
f 11395/1/3 11385/1/3 11394/1/3
f 11396/1/3 11387/1/3 11386/1/3
f 11397/1/3 11387/1/3 11396/1/3
f 11398/1/3 11389/1/3 11388/1/3
f 11399/1/3 11389/1/3 11398/1/3
f 11400/1/3 11391/1/3 11390/1/3
f 11401/1/3 11391/1/3 11400/1/3
f 11406/1/3 11403/1/3 11402/1/3
f 11407/1/3 11403/1/3 11406/1/3
f 11408/1/3 11405/1/3 11404/1/3
f 11409/1/3 11405/1/3 11408/1/3
f 11414/17/3 11411/17/3 11410/17/3
f 11415/17/3 11411/17/3 11414/17/3
f 11422/17/3 11413/17/3 11412/17/3
f 11423/17/3 11413/17/3 11422/17/3
f 11424/1/3 11417/1/3 11416/1/3
f 11425/1/3 11417/1/3 11424/1/3
f 11426/1/3 11419/1/3 11418/1/3
f 11427/1/3 11419/1/3 11426/1/3
f 11428/1/3 11421/1/3 11420/1/3
f 11429/1/3 11421/1/3 11428/1/3
f 11432/1/3 11431/1/3 11430/1/3
f 11433/1/3 11431/1/3 11432/1/3
f 11439/17/3 11435/17/3 11434/17/3
f 11440/17/3 11435/17/3 11439/17/3
f 11445/1/3 11437/1/3 11436/1/3
f 11446/1/3 11437/1/3 11445/1/3
f 11447/1/3 11439/1/3 11438/1/3
f 11448/1/3 11439/1/3 11447/1/3
f 11449/1/3 11442/1/3 11441/1/3
f 11450/1/3 11442/1/3 11449/1/3
f 11451/1/3 11444/1/3 11443/1/3
f 11452/1/3 11444/1/3 11451/1/3
f 11457/1/3 11454/1/3 11453/1/3
f 11458/1/3 11454/1/3 11457/1/3
f 11459/1/3 11456/1/3 11455/1/3
f 11460/1/3 11456/1/3 11459/1/3
f 11467/1/3 11462/1/3 11461/1/3
f 11468/1/3 11462/1/3 11467/1/3
f 11469/1/3 11464/1/3 11463/1/3
f 11470/1/3 11464/1/3 11469/1/3
f 11471/1/3 11466/1/3 11465/1/3
f 11472/1/3 11466/1/3 11471/1/3
f 11478/1/3 11474/1/3 11473/1/3
f 11479/1/3 11474/1/3 11478/1/3
f 11480/1/3 11476/1/3 11475/1/3
f 11481/1/3 11476/1/3 11480/1/3
f 11482/17/3 11478/17/3 11477/17/3
f 11483/17/3 11478/17/3 11482/17/3
f 11488/1/3 11485/1/3 11484/1/3
f 11489/1/3 11485/1/3 11488/1/3
f 11490/1/3 11487/1/3 11486/1/3
f 11491/1/3 11487/1/3 11490/1/3
f 11496/1/3 11493/1/3 11492/1/3
f 11497/1/3 11493/1/3 11496/1/3
f 11498/1/3 11495/1/3 11494/1/3
f 11499/1/3 11495/1/3 11498/1/3
f 11504/1/3 11501/1/3 11500/1/3
f 11505/1/3 11501/1/3 11504/1/3
f 11506/1/3 11503/1/3 11502/1/3
f 11507/1/3 11503/1/3 11506/1/3
f 11510/1/3 11509/1/3 11508/1/3
f 11511/1/3 11509/1/3 11510/1/3
f 11514/1/3 11513/1/3 11512/1/3
f 11515/1/3 11513/1/3 11514/1/3
f 11519/19/3 11517/19/3 11516/19/3
f 11520/17/3 11518/17/3 11517/17/3
f 11520/19/3 11517/19/3 11519/19/3
f 11523/17/3 11520/17/3 11519/17/3
f 11524/17/3 11518/17/3 11520/17/3
f 11524/17/3 11520/17/3 11523/17/3
f 11525/1/3 11522/1/3 11521/1/3
f 11526/1/3 11522/1/3 11525/1/3
f 11527/10/4 11528/10/4 11529/10/4
f 11529/10/4 11528/10/4 11530/10/4
f 11529/8/4 11530/8/4 11531/8/4
f 11531/8/4 11530/8/4 11532/8/4
f 11533/4/4 11534/4/4 11537/4/4
f 11537/4/4 11534/4/4 11538/4/4
f 11535/11/4 11536/11/4 11539/11/4
f 11539/11/4 11536/11/4 11540/11/4
f 11541/8/4 11542/8/4 11543/8/4
f 11543/8/4 11542/8/4 11544/8/4
f 11545/4/4 11546/4/4 11549/4/4
f 11549/4/4 11546/4/4 11550/4/4
f 11547/11/4 11548/11/4 11551/11/4
f 11551/11/4 11548/11/4 11552/11/4
f 11553/4/4 11554/4/4 11557/4/4
f 11557/4/4 11554/4/4 11558/4/4
f 11555/11/4 11556/11/4 11559/11/4
f 11559/11/4 11556/11/4 11560/11/4
f 11561/4/4 11562/4/4 11565/4/4
f 11565/4/4 11562/4/4 11566/4/4
f 11563/11/4 11564/11/4 11567/11/4
f 11567/11/4 11564/11/4 11568/11/4
f 11569/11/4 11570/11/4 11571/11/4
f 11571/11/4 11570/11/4 11572/11/4
f 11573/11/4 11574/11/4 11575/11/4
f 11575/11/4 11574/11/4 11576/11/4
f 11577/11/4 11578/11/4 11579/11/4
f 11579/11/4 11578/11/4 11580/11/4
f 11581/11/4 11582/11/4 11583/11/4
f 11583/11/4 11582/11/4 11584/11/4
f 11585/17/4 11586/17/4 11589/17/4
f 11589/17/4 11586/17/4 11590/17/4
f 11587/11/4 11588/11/4 11591/11/4
f 11591/11/4 11588/11/4 11592/11/4
f 11593/17/4 11594/17/4 11597/17/4
f 11597/17/4 11594/17/4 11598/17/4
f 11595/11/4 11596/11/4 11599/11/4
f 11599/11/4 11596/11/4 11600/11/4
f 11601/17/4 11602/17/4 11605/17/4
f 11605/17/4 11602/17/4 11606/17/4
f 11603/11/4 11604/11/4 11607/11/4
f 11607/11/4 11604/11/4 11608/11/4
f 11609/17/4 11610/17/4 11613/17/4
f 11613/17/4 11610/17/4 11614/17/4
f 11611/11/4 11612/11/4 11615/11/4
f 11615/11/4 11612/11/4 11616/11/4
f 11617/8/4 11618/8/4 11619/8/4
f 11619/8/4 11618/8/4 11620/8/4
f 11621/17/4 11622/17/4 11623/17/4
f 11623/17/4 11622/17/4 11624/17/4
f 11625/6/4 11626/6/4 11627/6/4
f 11627/6/4 11626/6/4 11628/6/4
f 11629/2/4 11630/2/4 11631/2/4
f 11631/2/4 11630/2/4 11632/2/4
f 11633/8/4 11634/8/4 11635/8/4
f 11635/8/4 11634/8/4 11636/8/4
f 11637/6/4 11638/6/4 11639/6/4
f 11639/6/4 11638/6/4 11640/6/4
f 11641/5/4 11642/5/4 11645/5/4
f 11645/5/4 11642/5/4 11646/5/4
f 11643/5/4 11644/5/4 11647/5/4
f 11647/5/4 11644/5/4 11648/5/4
f 11649/2/4 11650/2/4 11651/2/4
f 11651/2/4 11650/2/4 11652/2/4
f 11653/5/4 11654/5/4 11657/5/4
f 11657/5/4 11654/5/4 11658/5/4
f 11655/2/4 11656/2/4 11660/2/4
f 11660/2/4 11656/2/4 11661/2/4
f 11662/5/4 11663/5/4 11667/5/4
f 11663/6/4 11664/6/4 11667/6/4
f 11667/6/4 11664/6/4 11668/6/4
f 11665/13/4 11666/13/4 11669/13/4
f 11669/13/4 11666/13/4 11670/13/4
f 11659/5/4 11660/5/4 11671/5/4
f 11659/5/4 11671/5/4 11673/5/4
f 11671/6/4 11672/6/4 11674/6/4
f 11673/5/4 11671/5/4 11674/5/4
f 11674/6/4 11672/6/4 11675/6/4
f 11662/5/4 11667/5/4 11676/5/4
f 11676/5/4 11667/5/4 11677/5/4
f 11678/5/4 11679/5/4 11682/5/4
f 11682/5/4 11679/5/4 11683/5/4
f 11680/5/4 11681/5/4 11685/5/4
f 11685/5/4 11681/5/4 11686/5/4
f 11683/2/4 11684/2/4 11689/2/4
f 11689/2/4 11684/2/4 11690/2/4
f 11687/5/4 11688/5/4 11691/5/4
f 11691/5/4 11688/5/4 11692/5/4
f 11693/5/4 11694/5/4 11695/5/4
f 11695/5/4 11694/5/4 11696/5/4
f 11697/2/4 11698/2/4 11701/2/4
f 11701/2/4 11698/2/4 11702/2/4
f 11699/5/4 11700/5/4 11703/5/4
f 11703/5/4 11700/5/4 11704/5/4
f 11705/10/4 11706/10/4 11707/10/4
f 11707/10/4 11706/10/4 11708/10/4
f 11707/8/4 11708/8/4 11709/8/4
f 11709/8/4 11708/8/4 11710/8/4
f 11711/5/4 11712/5/4 11719/5/4
f 11712/6/4 11713/6/4 11720/6/4
f 11719/5/4 11712/5/4 11720/5/4
f 11720/6/4 11713/6/4 11721/6/4
f 11716/2/4 11717/2/4 11730/2/4
f 11730/2/4 11717/2/4 11731/2/4
f 11720/5/4 11721/5/4 11732/5/4
f 11721/6/4 11722/6/4 11732/6/4
f 11732/6/4 11722/6/4 11733/6/4
f 11727/5/4 11728/5/4 11737/5/4
f 11737/5/4 11728/5/4 11738/5/4
f 11714/4/4 11715/4/4 11739/4/4
f 11739/4/4 11715/4/4 11740/4/4
f 11729/5/4 11730/5/4 11741/5/4
f 11741/5/4 11730/5/4 11742/5/4
f 11718/4/4 11719/4/4 11743/4/4
f 11743/4/4 11719/4/4 11744/4/4
f 11720/5/4 11732/5/4 11745/5/4
f 11732/5/4 11733/5/4 11745/5/4
f 11745/5/4 11733/5/4 11746/5/4
f 11723/4/4 11724/4/4 11747/4/4
f 11747/4/4 11724/4/4 11748/4/4
f 11734/5/4 11735/5/4 11749/5/4
f 11749/5/4 11735/5/4 11750/5/4
f 11725/4/4 11726/4/4 11751/4/4
f 11751/4/4 11726/4/4 11752/4/4
f 11736/5/4 11737/5/4 11753/5/4
f 11737/6/4 11738/6/4 11754/6/4
f 11753/5/4 11737/5/4 11754/5/4
f 11754/6/4 11738/6/4 11755/6/4
f 11740/4/4 11741/4/4 11757/4/4
f 11744/4/4 11745/4/4 11759/4/4
f 11748/4/4 11749/4/4 11761/4/4
f 11761/4/4 11749/4/4 11762/4/4
f 11752/4/4 11753/4/4 11765/4/4
f 11765/4/4 11753/4/4 11766/4/4
f 11762/5/4 11763/5/4 11768/5/4
f 11760/4/4 11761/4/4 11768/4/4
f 11761/4/4 11762/4/4 11768/4/4
f 11768/5/4 11763/5/4 11769/5/4
f 11766/5/4 11767/5/4 11770/5/4
f 11765/4/4 11766/4/4 11770/4/4
f 11764/4/4 11765/4/4 11770/4/4
f 11770/5/4 11767/5/4 11771/5/4
f 11756/4/4 11757/4/4 11772/4/4
f 11757/4/4 11741/4/4 11773/4/4
f 11772/4/4 11757/4/4 11773/4/4
f 11773/4/4 11741/4/4 11774/4/4
f 11758/4/4 11759/4/4 11776/4/4
f 11759/4/4 11745/4/4 11777/4/4
f 11776/4/4 11759/4/4 11777/4/4
f 11760/4/4 11768/4/4 11778/4/4
f 11778/4/4 11768/4/4 11779/4/4
f 11764/4/4 11770/4/4 11780/4/4
f 11780/4/4 11770/4/4 11781/4/4
f 11774/5/4 11775/5/4 11782/5/4
f 11773/4/4 11774/4/4 11782/4/4
f 11782/5/4 11775/5/4 11783/5/4
f 11773/4/4 11782/4/4 11785/4/4
f 11777/4/4 11745/4/4 11787/4/4
f 11779/4/4 11768/4/4 11789/4/4
f 11781/4/4 11770/4/4 11791/4/4
f 11788/4/4 11789/4/4 11792/4/4
f 11789/4/4 11768/4/4 11792/4/4
f 11790/4/4 11791/4/4 11794/4/4
f 11791/4/4 11770/4/4 11794/4/4
f 11784/4/4 11785/4/4 11797/4/4
f 11785/4/4 11782/4/4 11798/4/4
f 11797/4/4 11785/4/4 11798/4/4
f 11786/4/4 11787/4/4 11799/4/4
f 11787/4/4 11745/4/4 11800/4/4
f 11799/4/4 11787/4/4 11800/4/4
f 11788/4/4 11792/4/4 11801/4/4
f 11801/4/4 11792/4/4 11802/4/4
f 11792/5/4 11793/5/4 11803/5/4
f 11802/4/4 11792/4/4 11803/4/4
f 11803/5/4 11793/5/4 11804/5/4
f 11790/4/4 11794/4/4 11805/4/4
f 11805/4/4 11794/4/4 11806/4/4
f 11794/5/4 11795/5/4 11807/5/4
f 11795/2/4 11796/2/4 11807/2/4
f 11807/2/4 11796/2/4 11808/2/4
f 11806/4/4 11794/4/4 11809/4/4
f 11794/5/4 11807/5/4 11809/5/4
f 11809/5/4 11807/5/4 11810/5/4
f 11798/4/4 11782/4/4 11812/4/4
f 11812/4/4 11782/4/4 11813/4/4
f 11800/4/4 11745/4/4 11817/4/4
f 11817/4/4 11745/4/4 11818/4/4
f 11802/4/4 11803/4/4 11820/4/4
f 11820/4/4 11803/4/4 11821/4/4
f 11806/4/4 11809/4/4 11825/4/4
f 11825/4/4 11809/4/4 11826/4/4
f 11813/5/4 11814/5/4 11827/5/4
f 11814/6/4 11815/6/4 11828/6/4
f 11827/5/4 11814/5/4 11828/5/4
f 11822/17/4 11823/17/4 11834/17/4
f 11834/17/4 11823/17/4 11835/17/4
f 11811/4/4 11812/4/4 11837/4/4
f 11837/4/4 11812/4/4 11838/4/4
f 11828/6/4 11815/6/4 11840/6/4
f 11840/6/4 11815/6/4 11841/6/4
f 11816/4/4 11817/4/4 11842/4/4
f 11842/4/4 11817/4/4 11843/4/4
f 11829/2/4 11830/2/4 11845/2/4
f 11845/2/4 11830/2/4 11846/2/4
f 11819/4/4 11820/4/4 11847/4/4
f 11847/4/4 11820/4/4 11848/4/4
f 11831/5/4 11832/5/4 11849/5/4
f 11832/6/4 11833/6/4 11850/6/4
f 11849/5/4 11832/5/4 11850/5/4
f 11850/6/4 11833/6/4 11851/6/4
f 11835/17/4 11836/17/4 11852/17/4
f 11852/17/4 11836/17/4 11853/17/4
f 11824/4/4 11825/4/4 11854/4/4
f 11854/4/4 11825/4/4 11855/4/4
f 11838/5/4 11839/5/4 11858/5/4
f 11858/5/4 11839/5/4 11859/5/4
f 11843/5/4 11844/5/4 11860/5/4
f 11860/5/4 11844/5/4 11861/5/4
f 11848/5/4 11849/5/4 11862/5/4
f 11862/5/4 11849/5/4 11863/5/4
f 11855/5/4 11856/5/4 11864/5/4
f 11856/5/4 11857/5/4 11864/5/4
f 11864/5/4 11857/5/4 11865/5/4
f 11866/17/4 11867/17/4 11868/17/4
f 11868/17/4 11867/17/4 11869/17/4
f 11870/5/4 11871/5/4 11876/5/4
f 11872/5/4 11873/5/4 11877/5/4
f 11877/5/4 11873/5/4 11878/5/4
f 11874/5/4 11875/5/4 11880/5/4
f 11880/5/4 11875/5/4 11881/5/4
f 11876/5/4 11871/5/4 11882/5/4
f 11882/5/4 11871/5/4 11883/5/4
f 11878/5/4 11879/5/4 11884/5/4
f 11884/5/4 11879/5/4 11885/5/4
f 11881/5/4 11875/5/4 11886/5/4
f 11886/5/4 11875/5/4 11887/5/4
f 11890/10/4 11891/10/4 11892/10/4
f 11892/10/4 11891/10/4 11893/10/4
f 11888/17/4 11889/17/4 11894/17/4
f 11894/17/4 11889/17/4 11895/17/4
f 11898/5/4 11899/5/4 11904/5/4
f 11904/5/4 11899/5/4 11905/5/4
f 11900/5/4 11901/5/4 11906/5/4
f 11906/5/4 11901/5/4 11907/5/4
f 11902/5/4 11903/5/4 11908/5/4
f 11908/5/4 11903/5/4 11909/5/4
f 11896/5/4 11897/5/4 11910/5/4
f 11910/5/4 11897/5/4 11911/5/4
f 11912/17/4 11913/17/4 11914/17/4
f 11914/17/4 11913/17/4 11915/17/4
f 11916/10/4 11917/10/4 11918/10/4
f 11918/10/4 11917/10/4 11919/10/4
f 11920/1/4 11921/1/4 11922/1/4
f 11922/1/4 11921/1/4 11923/1/4
f 11924/17/4 11925/17/4 11928/17/4
f 11928/17/4 11925/17/4 11929/17/4
f 11926/1/4 11927/1/4 11930/1/4
f 11930/1/4 11927/1/4 11931/1/4
f 11932/17/4 11933/17/4 11934/17/4
f 11934/17/4 11933/17/4 11935/17/4
f 11936/19/4 11937/19/4 11938/19/4
f 11938/19/4 11937/19/4 11939/19/4
f 11940/1/4 11941/1/4 11946/1/4
f 11946/1/4 11941/1/4 11947/1/4
f 11942/1/4 11943/1/4 11948/1/4
f 11948/1/4 11943/1/4 11949/1/4
f 11944/19/4 11945/19/4 11950/19/4
f 11950/19/4 11945/19/4 11951/19/4
f 11952/1/4 11953/1/4 11954/1/4
f 11954/1/4 11953/1/4 11955/1/4
f 11956/1/4 11957/1/4 11965/1/4
f 11965/1/4 11957/1/4 11966/1/4
f 11958/1/4 11959/1/4 11967/1/4
f 11959/19/4 11960/19/4 11968/19/4
f 11967/1/4 11959/1/4 11968/1/4
f 11968/19/4 11960/19/4 11969/19/4
f 11961/1/4 11962/1/4 11970/1/4
f 11970/1/4 11962/1/4 11971/1/4
f 11963/1/4 11964/1/4 11972/1/4
f 11972/1/4 11964/1/4 11973/1/4
f 11974/1/4 11975/1/4 11978/1/4
f 11978/1/4 11975/1/4 11979/1/4
f 11976/1/4 11977/1/4 11980/1/4
f 11980/1/4 11977/1/4 11981/1/4
f 11982/1/4 11983/1/4 11988/1/4
f 11988/1/4 11983/1/4 11989/1/4
f 11984/1/4 11985/1/4 11990/1/4
f 11990/1/4 11985/1/4 11991/1/4
f 11986/1/4 11987/1/4 11992/1/4
f 11992/1/4 11987/1/4 11993/1/4
f 11994/17/4 11995/17/4 11996/17/4
f 11996/17/4 11995/17/4 11997/17/4
f 11998/17/4 11999/17/4 12002/17/4
f 12002/17/4 11999/17/4 12003/17/4
f 12000/1/4 12001/1/4 12008/1/4
f 12008/1/4 12001/1/4 12009/1/4
f 12004/1/4 12005/1/4 12010/1/4
f 12010/1/4 12005/1/4 12011/1/4
f 12006/1/4 12007/1/4 12012/1/4
f 12012/1/4 12007/1/4 12013/1/4
f 12014/1/4 12015/1/4 12024/1/4
f 12024/1/4 12015/1/4 12025/1/4
f 12016/1/4 12017/1/4 12026/1/4
f 12026/1/4 12017/1/4 12027/1/4
f 12018/1/4 12019/1/4 12028/1/4
f 12028/1/4 12019/1/4 12029/1/4
f 12020/1/4 12021/1/4 12030/1/4
f 12030/1/4 12021/1/4 12031/1/4
f 12022/1/4 12023/1/4 12034/1/4
f 12034/1/4 12023/1/4 12035/1/4
f 12032/17/4 12033/17/4 12036/17/4
f 12036/17/4 12033/17/4 12037/17/4
f 12038/17/4 12039/17/4 12040/17/4
f 12040/17/4 12039/17/4 12041/17/4
f 12042/17/4 12043/17/4 12046/17/4
f 12046/17/4 12043/17/4 12047/17/4
f 12044/1/4 12045/1/4 12053/1/4
f 12053/1/4 12045/1/4 12054/1/4
f 12047/1/4 12048/1/4 12055/1/4
f 12055/1/4 12048/1/4 12056/1/4
f 12049/1/4 12050/1/4 12057/1/4
f 12057/1/4 12050/1/4 12058/1/4
f 12051/1/4 12052/1/4 12059/1/4
f 12059/1/4 12052/1/4 12060/1/4
f 12061/1/4 12062/1/4 12073/1/4
f 12073/1/4 12062/1/4 12074/1/4
f 12063/1/4 12064/1/4 12075/1/4
f 12075/1/4 12064/1/4 12076/1/4
f 12065/1/4 12066/1/4 12077/1/4
f 12077/1/4 12066/1/4 12078/1/4
f 12067/1/4 12068/1/4 12079/1/4
f 12079/1/4 12068/1/4 12080/1/4
f 12069/1/4 12070/1/4 12081/1/4
f 12081/1/4 12070/1/4 12082/1/4
f 12071/1/4 12072/1/4 12083/1/4
f 12083/1/4 12072/1/4 12084/1/4
f 12085/17/4 12086/17/4 12093/17/4
f 12093/17/4 12086/17/4 12094/17/4
f 12087/17/4 12088/17/4 12098/17/4
f 12098/17/4 12088/17/4 12099/17/4
f 12089/1/4 12090/1/4 12101/1/4
f 12101/1/4 12090/1/4 12102/1/4
f 12091/1/4 12092/1/4 12103/1/4
f 12103/1/4 12092/1/4 12104/1/4
f 12095/1/4 12096/1/4 12105/1/4
f 12105/1/4 12096/1/4 12106/1/4
f 12097/1/4 12098/1/4 12108/1/4
f 12108/1/4 12098/1/4 12109/1/4
f 12099/1/4 12100/1/4 12110/1/4
f 12110/1/4 12100/1/4 12111/1/4
f 12106/19/4 12107/19/4 12112/19/4
f 12112/19/4 12107/19/4 12113/19/4
f 12114/1/4 12115/1/4 12122/1/4
f 12122/1/4 12115/1/4 12123/1/4
f 12116/1/4 12117/1/4 12125/1/4
f 12125/1/4 12117/1/4 12126/1/4
f 12118/1/4 12119/1/4 12127/1/4
f 12127/1/4 12119/1/4 12128/1/4
f 12120/1/4 12121/1/4 12129/1/4
f 12129/1/4 12121/1/4 12130/1/4
f 12124/17/4 12125/17/4 12131/17/4
f 12131/17/4 12125/17/4 12132/17/4
f 12133/1/4 12134/1/4 12143/1/4
f 12143/1/4 12134/1/4 12144/1/4
f 12135/1/4 12136/1/4 12145/1/4
f 12145/1/4 12136/1/4 12146/1/4
f 12137/1/4 12138/1/4 12147/1/4
f 12147/1/4 12138/1/4 12148/1/4
f 12139/1/4 12140/1/4 12149/1/4
f 12149/1/4 12140/1/4 12150/1/4
f 12141/1/4 12142/1/4 12153/1/4
f 12153/1/4 12142/1/4 12154/1/4
f 12151/19/4 12152/19/4 12155/19/4
f 12151/19/4 12155/19/4 12156/19/4
f 12156/19/4 12155/19/4 12157/19/4
f 12158/1/4 12159/1/4 12166/1/4
f 12166/1/4 12159/1/4 12167/1/4
f 12160/1/4 12161/1/4 12171/1/4
f 12171/1/4 12161/1/4 12172/1/4
f 12162/1/4 12163/1/4 12173/1/4
f 12173/1/4 12163/1/4 12174/1/4
f 12164/1/4 12165/1/4 12175/1/4
f 12175/1/4 12165/1/4 12176/1/4
f 12168/17/4 12169/17/4 12177/17/4
f 12177/17/4 12169/17/4 12178/17/4
f 12170/17/4 12171/17/4 12179/17/4
f 12179/17/4 12171/17/4 12180/17/4
f 12181/1/4 12182/1/4 12191/1/4
f 12191/1/4 12182/1/4 12192/1/4
f 12183/1/4 12184/1/4 12193/1/4
f 12193/1/4 12184/1/4 12194/1/4
f 12185/1/4 12186/1/4 12195/1/4
f 12195/1/4 12186/1/4 12196/1/4
f 12187/1/4 12188/1/4 12197/1/4
f 12197/1/4 12188/1/4 12198/1/4
f 12189/1/4 12190/1/4 12199/1/4
f 12199/1/4 12190/1/4 12200/1/4
f 12197/19/4 12198/19/4 12201/19/4
f 12197/19/4 12201/19/4 12202/19/4
f 12202/19/4 12201/19/4 12203/19/4
f 12204/1/4 12205/1/4 12210/1/4
f 12210/1/4 12205/1/4 12211/1/4
f 12206/1/4 12207/1/4 12212/1/4
f 12212/1/4 12207/1/4 12213/1/4
f 12208/1/4 12209/1/4 12214/1/4
f 12214/1/4 12209/1/4 12215/1/4
f 12216/1/4 12217/1/4 12222/1/4
f 12222/1/4 12217/1/4 12223/1/4
f 12218/1/4 12219/1/4 12224/1/4
f 12224/1/4 12219/1/4 12225/1/4
f 12220/1/4 12221/1/4 12226/1/4
f 12226/1/4 12221/1/4 12227/1/4
f 12224/19/4 12225/19/4 12228/19/4
f 12228/19/4 12225/19/4 12229/19/4
f 12230/1/4 12231/1/4 12236/1/4
f 12236/1/4 12231/1/4 12237/1/4
f 12232/1/4 12233/1/4 12238/1/4
f 12238/1/4 12233/1/4 12239/1/4
f 12234/1/4 12235/1/4 12240/1/4
f 12240/1/4 12235/1/4 12241/1/4
f 12242/1/4 12243/1/4 12246/1/4
f 12246/1/4 12243/1/4 12247/1/4
f 12244/1/4 12245/1/4 12248/1/4
f 12248/1/4 12245/1/4 12249/1/4
f 12250/19/4 12251/19/4 12252/19/4
f 12252/19/4 12251/19/4 12253/19/4
f 12254/17/4 12255/17/4 12256/17/4
f 12256/17/4 12255/17/4 12257/17/4
f 12258/19/4 12259/19/4 12260/19/4
f 12258/19/4 12260/19/4 12261/19/4
f 12261/19/4 12260/19/4 12262/19/4
f 12263/1/4 12264/1/4 12269/1/4
f 12269/1/4 12264/1/4 12270/1/4
f 12265/1/4 12266/1/4 12271/1/4
f 12271/1/4 12266/1/4 12272/1/4
f 12267/1/4 12268/1/4 12273/1/4
f 12273/1/4 12268/1/4 12274/1/4
f 12275/17/4 12276/17/4 12277/17/4
f 12277/17/4 12276/17/4 12278/17/4
f 12279/1/4 12280/1/4 12281/1/4
f 12281/1/4 12280/1/4 12282/1/4
f 12281/19/4 12282/19/4 12283/19/4
f 12281/19/4 12283/19/4 12284/19/4
f 12284/19/4 12283/19/4 12285/19/4
f 12286/1/4 12287/1/4 12288/1/4
f 12288/1/4 12287/1/4 12289/1/4
f 12290/17/4 12291/17/4 12292/17/4
f 12292/17/4 12291/17/4 12293/17/4
f 12294/1/4 12295/1/4 12296/1/4
f 12296/1/4 12295/1/4 12297/1/4
f 12296/19/4 12297/19/4 12298/19/4
f 12298/19/4 12297/19/4 12299/19/4
f 12300/1/4 12301/1/4 12302/1/4
f 12302/1/4 12301/1/4 12303/1/4
f 12304/1/4 12305/1/4 12306/1/4
f 12306/1/4 12305/1/4 12307/1/4
f 12308/19/4 12309/19/4 12310/19/4
f 12310/19/4 12309/19/4 12311/19/4
f 12312/1/4 12313/1/4 12316/1/4
f 12316/1/4 12313/1/4 12317/1/4
f 12314/1/4 12315/1/4 12318/1/4
f 12318/1/4 12315/1/4 12319/1/4
f 12320/17/4 12321/17/4 12322/17/4
f 12322/17/4 12321/17/4 12323/17/4
f 12324/1/4 12325/1/4 12326/1/4
f 12326/1/4 12325/1/4 12327/1/4
f 12328/19/4 12329/19/4 12330/19/4
f 12330/19/4 12329/19/4 12331/19/4
f 12332/1/4 12333/1/4 12334/1/4
f 12334/1/4 12333/1/4 12335/1/4
f 12336/1/4 12337/1/4 12338/1/4
f 12338/1/4 12337/1/4 12339/1/4
f 12340/1/4 12341/1/4 12342/1/4
f 12342/1/4 12341/1/4 12343/1/4
f 12344/1/4 12345/1/4 12350/1/4
f 12350/1/4 12345/1/4 12351/1/4
f 12346/1/4 12347/1/4 12352/1/4
f 12352/1/4 12347/1/4 12353/1/4
f 12348/1/4 12349/1/4 12354/1/4
f 12354/1/4 12349/1/4 12355/1/4
f 12356/1/4 12357/1/4 12358/1/4
f 12358/1/4 12357/1/4 12359/1/4
f 12360/1/4 12361/1/4 12362/1/4
f 12362/1/4 12361/1/4 12363/1/4
f 12364/1/4 12365/1/4 12368/1/4
f 12368/1/4 12365/1/4 12369/1/4
f 12366/1/4 12367/1/4 12370/1/4
f 12370/1/4 12367/1/4 12371/1/4
f 12372/1/4 12373/1/4 12376/1/4
f 12376/1/4 12373/1/4 12377/1/4
f 12374/17/4 12375/17/4 12378/17/4
f 12378/17/4 12375/17/4 12379/17/4
f 12380/17/4 12381/17/4 12382/17/4
f 12382/17/4 12381/17/4 12383/17/4
f 12384/1/4 12385/1/4 12388/1/4
f 12386/1/4 12387/1/4 12388/1/4
f 12385/1/4 12386/1/4 12388/1/4
f 12388/1/4 12387/1/4 12389/1/4
f 12390/1/4 12391/1/4 12392/1/4
f 12392/1/4 12391/1/4 12393/1/4
f 12394/1/4 12395/1/4 12398/1/4
f 12398/1/4 12395/1/4 12399/1/4
f 12399/1/4 12395/1/4 12400/1/4
f 12400/1/4 12395/1/4 12401/1/4
f 12396/1/4 12397/1/4 12402/1/4
f 12402/1/4 12397/1/4 12403/1/4
f 12399/19/4 12400/19/4 12404/19/4
f 12404/19/4 12400/19/4 12405/19/4
f 12406/1/4 12407/1/4 12410/1/4
f 12410/1/4 12407/1/4 12411/1/4
f 12408/1/4 12409/1/4 12412/1/4
f 12412/1/4 12409/1/4 12413/1/4
f 12414/1/4 12415/1/4 12418/1/4
f 12418/1/4 12415/1/4 12419/1/4
f 12416/1/4 12417/1/4 12420/1/4
f 12420/1/4 12417/1/4 12421/1/4
f 12422/1/4 12423/1/4 12430/1/4
f 12430/1/4 12423/1/4 12431/1/4
f 12424/1/4 12425/1/4 12432/1/4
f 12432/1/4 12425/1/4 12433/1/4
f 12426/1/4 12427/1/4 12434/1/4
f 12434/1/4 12427/1/4 12435/1/4
f 12428/1/4 12429/1/4 12437/1/4
f 12437/1/4 12429/1/4 12438/1/4
f 12435/17/4 12436/17/4 12439/17/4
f 12439/17/4 12436/17/4 12440/17/4
f 12441/1/4 12442/1/4 12443/1/4
f 12443/1/4 12442/1/4 12444/1/4
f 12444/17/4 12445/17/4 12446/17/4
f 12446/17/4 12445/17/4 12447/17/4
f 12448/1/4 12449/1/4 12450/1/4
f 12450/1/4 12449/1/4 12451/1/4
f 12452/1/4 12453/1/4 12454/1/4
f 12454/1/4 12453/1/4 12455/1/4
f 12456/1/4 12457/1/4 12462/1/4
f 12462/1/4 12457/1/4 12463/1/4
f 12458/1/4 12459/1/4 12464/1/4
f 12464/1/4 12459/1/4 12465/1/4
f 12460/1/4 12461/1/4 12466/1/4
f 12466/1/4 12461/1/4 12467/1/4
f 12468/1/4 12469/1/4 12474/1/4
f 12474/1/4 12469/1/4 12475/1/4
f 12470/1/4 12471/1/4 12476/1/4
f 12476/1/4 12471/1/4 12477/1/4
f 12472/1/4 12473/1/4 12478/1/4
f 12478/1/4 12473/1/4 12479/1/4
f 12480/1/4 12481/1/4 12483/1/4
f 12481/17/4 12482/17/4 12484/17/4
f 12483/1/4 12481/1/4 12484/1/4
f 12484/17/4 12482/17/4 12485/17/4
f 12486/1/4 12487/1/4 12488/1/4
f 12488/1/4 12487/1/4 12489/1/4
f 12490/1/4 12491/1/4 12496/1/4
f 12496/1/4 12491/1/4 12497/1/4
f 12492/1/4 12493/1/4 12500/1/4
f 12500/1/4 12493/1/4 12501/1/4
f 12494/1/4 12495/1/4 12502/1/4
f 12502/1/4 12495/1/4 12503/1/4
f 12498/19/4 12499/19/4 12504/19/4
f 12504/19/4 12499/19/4 12505/19/4
f 12500/19/4 12501/19/4 12506/19/4
f 12506/19/4 12501/19/4 12507/19/4
f 12508/1/4 12509/1/4 12514/1/4
f 12514/1/4 12509/1/4 12515/1/4
f 12510/1/4 12511/1/4 12516/1/4
f 12516/1/4 12511/1/4 12517/1/4
f 12512/1/4 12513/1/4 12518/1/4
f 12518/1/4 12513/1/4 12519/1/4
f 12520/1/4 12521/1/4 12522/1/4
f 12522/1/4 12521/1/4 12523/1/4
f 12524/1/4 12525/1/4 12532/1/4
f 12532/1/4 12525/1/4 12533/1/4
f 12526/1/4 12527/1/4 12534/1/4
f 12534/1/4 12527/1/4 12535/1/4
f 12528/1/4 12529/1/4 12536/1/4
f 12536/1/4 12529/1/4 12537/1/4
f 12537/1/4 12529/1/4 12538/1/4
f 12530/1/4 12531/1/4 12539/1/4
f 12539/1/4 12531/1/4 12540/1/4
f 12536/19/4 12537/19/4 12541/19/4
f 12541/19/4 12537/19/4 12542/19/4
f 12543/1/4 12544/1/4 12549/1/4
f 12549/1/4 12544/1/4 12550/1/4
f 12545/1/4 12546/1/4 12551/1/4
f 12551/1/4 12546/1/4 12552/1/4
f 12547/1/4 12548/1/4 12553/1/4
f 12553/1/4 12548/1/4 12554/1/4
f 12557/1/4 12558/1/4 12561/1/4
f 12561/1/4 12558/1/4 12562/1/4
f 12555/17/4 12556/17/4 12564/17/4
f 12564/17/4 12556/17/4 12565/17/4
f 12559/1/4 12560/1/4 12566/1/4
f 12566/1/4 12560/1/4 12567/1/4
f 12563/19/4 12564/19/4 12568/19/4
f 12568/19/4 12564/19/4 12569/19/4
f 12570/1/4 12571/1/4 12578/1/4
f 12578/1/4 12571/1/4 12579/1/4
f 12572/1/4 12573/1/4 12580/1/4
f 12580/1/4 12573/1/4 12581/1/4
f 12574/1/4 12575/1/4 12582/1/4
f 12582/1/4 12575/1/4 12583/1/4
f 12576/18/4 12577/18/4 12584/18/4
f 12584/18/4 12577/18/4 12585/18/4
f 12586/17/4 12587/17/4 12590/17/4
f 12590/17/4 12587/17/4 12591/17/4
f 12588/1/4 12589/1/4 12594/1/4
f 12594/1/4 12589/1/4 12595/1/4
f 12592/1/4 12593/1/4 12596/1/4
f 12596/1/4 12593/1/4 12597/1/4
f 12598/1/4 12599/1/4 12604/1/4
f 12604/1/4 12599/1/4 12605/1/4
f 12600/1/4 12601/1/4 12606/1/4
f 12606/1/4 12601/1/4 12607/1/4
f 12602/1/4 12603/1/4 12608/1/4
f 12608/1/4 12603/1/4 12609/1/4
f 12610/17/4 12611/17/4 12612/17/4
f 12612/17/4 12611/17/4 12613/17/4
f 12614/1/4 12615/1/4 12616/1/4
f 12616/1/4 12615/1/4 12617/1/4
f 12618/1/4 12619/1/4 12628/1/4
f 12628/1/4 12619/1/4 12629/1/4
f 12620/1/4 12621/1/4 12630/1/4
f 12630/1/4 12621/1/4 12631/1/4
f 12622/1/4 12623/1/4 12632/1/4
f 12632/1/4 12623/1/4 12633/1/4
f 12624/1/4 12625/1/4 12636/1/4
f 12636/1/4 12625/1/4 12637/1/4
f 12626/1/4 12627/1/4 12638/1/4
f 12638/1/4 12627/1/4 12639/1/4
f 12634/17/4 12635/17/4 12642/17/4
f 12642/17/4 12635/17/4 12643/17/4
f 12640/17/4 12641/17/4 12644/17/4
f 12644/17/4 12641/17/4 12645/17/4
f 12646/1/4 12647/1/4 12650/1/4
f 12650/1/4 12647/1/4 12651/1/4
f 12648/1/4 12649/1/4 12652/1/4
f 12652/1/4 12649/1/4 12653/1/4
f 12654/1/4 12655/1/4 12664/1/4
f 12664/1/4 12655/1/4 12665/1/4
f 12656/1/4 12657/1/4 12666/1/4
f 12666/1/4 12657/1/4 12667/1/4
f 12658/1/4 12659/1/4 12668/1/4
f 12668/1/4 12659/1/4 12669/1/4
f 12660/1/4 12661/1/4 12672/1/4
f 12672/1/4 12661/1/4 12673/1/4
f 12662/1/4 12663/1/4 12674/1/4
f 12674/1/4 12663/1/4 12675/1/4
f 12670/17/4 12671/17/4 12676/17/4
f 12676/17/4 12671/17/4 12677/17/4
f 12678/1/4 12679/1/4 12682/1/4
f 12682/1/4 12679/1/4 12683/1/4
f 12680/1/4 12681/1/4 12684/1/4
f 12684/1/4 12681/1/4 12685/1/4
f 12686/1/4 12687/1/4 12694/1/4
f 12694/1/4 12687/1/4 12695/1/4
f 12688/1/4 12689/1/4 12696/1/4
f 12696/1/4 12689/1/4 12697/1/4
f 12690/1/4 12691/1/4 12698/1/4
f 12698/1/4 12691/1/4 12699/1/4
f 12692/1/4 12693/1/4 12700/1/4
f 12700/1/4 12693/1/4 12701/1/4
f 12702/17/4 12703/17/4 12704/17/4
f 12704/17/4 12703/17/4 12705/17/4
f 12706/1/4 12707/1/4 12710/1/4
f 12710/1/4 12707/1/4 12711/1/4
f 12708/1/4 12709/1/4 12712/1/4
f 12712/1/4 12709/1/4 12713/1/4
f 12714/1/4 12715/1/4 12718/1/4
f 12718/1/4 12715/1/4 12719/1/4
f 12716/1/4 12717/1/4 12720/1/4
f 12720/1/4 12717/1/4 12721/1/4
f 12722/1/4 12723/1/4 12728/1/4
f 12728/1/4 12723/1/4 12729/1/4
f 12724/1/4 12725/1/4 12730/1/4
f 12730/1/4 12725/1/4 12731/1/4
f 12726/1/4 12727/1/4 12732/1/4
f 12732/1/4 12727/1/4 12733/1/4
f 12734/1/4 12735/1/4 12740/1/4
f 12740/1/4 12735/1/4 12741/1/4
f 12736/1/4 12737/1/4 12742/1/4
f 12742/1/4 12737/1/4 12743/1/4
f 12738/1/4 12739/1/4 12744/1/4
f 12744/1/4 12739/1/4 12745/1/4
f 12746/17/4 12747/17/4 12748/17/4
f 12748/17/4 12747/17/4 12749/17/4
f 12750/17/4 12751/17/4 12752/17/4
f 12750/17/4 12752/17/4 12754/17/4
f 12752/17/4 12753/17/4 12754/17/4
f 12754/17/4 12753/17/4 12755/17/4
f 12756/1/4 12757/1/4 12766/1/4
f 12766/1/4 12757/1/4 12767/1/4
f 12758/1/4 12759/1/4 12768/1/4
f 12768/1/4 12759/1/4 12769/1/4
f 12760/1/4 12761/1/4 12770/1/4
f 12770/1/4 12761/1/4 12771/1/4
f 12762/1/4 12763/1/4 12772/1/4
f 12772/1/4 12763/1/4 12773/1/4
f 12764/1/4 12765/1/4 12774/1/4
f 12774/1/4 12765/1/4 12775/1/4
f 12776/1/4 12777/1/4 12786/1/4
f 12786/1/4 12777/1/4 12787/1/4
f 12778/1/4 12779/1/4 12788/1/4
f 12788/1/4 12779/1/4 12789/1/4
f 12780/1/4 12781/1/4 12790/1/4
f 12790/1/4 12781/1/4 12791/1/4
f 12782/1/4 12783/1/4 12792/1/4
f 12792/1/4 12783/1/4 12793/1/4
f 12784/1/4 12785/1/4 12794/1/4
f 12794/1/4 12785/1/4 12795/1/4
f 12796/1/4 12797/1/4 12802/1/4
f 12802/1/4 12797/1/4 12803/1/4
f 12798/1/4 12799/1/4 12804/1/4
f 12804/1/4 12799/1/4 12805/1/4
f 12800/1/4 12801/1/4 12807/1/4
f 12807/1/4 12801/1/4 12808/1/4
f 12805/17/4 12806/17/4 12809/17/4
f 12809/17/4 12806/17/4 12810/17/4
f 12811/17/4 12812/17/4 12813/17/4
f 12813/17/4 12812/17/4 12814/17/4
f 12815/17/4 12816/17/4 12823/17/4
f 12823/17/4 12816/17/4 12824/17/4
f 12817/1/4 12818/1/4 12827/1/4
f 12827/1/4 12818/1/4 12828/1/4
f 12819/1/4 12820/1/4 12829/1/4
f 12829/1/4 12820/1/4 12830/1/4
f 12821/1/4 12822/1/4 12831/1/4
f 12831/1/4 12822/1/4 12832/1/4
f 12825/1/4 12826/1/4 12833/1/4
f 12833/1/4 12826/1/4 12834/1/4
f 12835/1/4 12836/1/4 12837/1/4
f 12837/1/4 12836/1/4 12838/1/4
f 12839/17/4 12840/17/4 12841/17/4
f 12841/17/4 12840/17/4 12842/17/4
f 12843/1/4 12844/1/4 12847/1/4
f 12847/1/4 12844/1/4 12848/1/4
f 12845/1/4 12846/1/4 12849/1/4
f 12849/1/4 12846/1/4 12850/1/4
f 12851/1/4 12852/1/4 12853/1/4
f 12853/1/4 12852/1/4 12854/1/4
f 12855/1/4 12856/1/4 12859/1/4
f 12859/1/4 12856/1/4 12860/1/4
f 12857/17/4 12858/17/4 12861/17/4
f 12861/17/4 12858/17/4 12862/17/4
f 12863/1/4 12864/1/4 12867/1/4
f 12867/1/4 12864/1/4 12868/1/4
f 12865/1/4 12866/1/4 12869/1/4
f 12869/1/4 12866/1/4 12870/1/4
f 12871/1/4 12872/1/4 12873/1/4
f 12873/1/4 12872/1/4 12874/1/4
f 12875/1/4 12876/1/4 12879/1/4
f 12879/1/4 12876/1/4 12880/1/4
f 12877/1/4 12878/1/4 12881/1/4
f 12881/1/4 12878/1/4 12882/1/4
f 12883/1/4 12884/1/4 12885/1/4
f 12885/1/4 12884/1/4 12886/1/4
f 12887/17/4 12888/17/4 12890/17/4
f 12890/17/4 12888/17/4 12891/17/4
f 12889/1/4 12890/1/4 12892/1/4
f 12892/1/4 12890/1/4 12893/1/4
f 12894/1/4 12895/1/4 12900/1/4
f 12900/1/4 12895/1/4 12901/1/4
f 12896/1/4 12897/1/4 12902/1/4
f 12902/1/4 12897/1/4 12903/1/4
f 12898/1/4 12899/1/4 12904/1/4
f 12904/1/4 12899/1/4 12905/1/4
f 12906/1/4 12907/1/4 12908/1/4
f 12908/1/4 12907/1/4 12909/1/4
f 12910/1/4 12911/1/4 12913/1/4
f 12913/1/4 12911/1/4 12914/1/4
f 12911/17/4 12912/17/4 12915/17/4
f 12914/1/4 12911/1/4 12915/1/4
f 12915/17/4 12912/17/4 12916/17/4
f 12914/1/4 12915/1/4 12917/1/4
f 12917/1/4 12915/1/4 12918/1/4
f 12919/1/4 12920/1/4 12921/1/4
f 12921/1/4 12920/1/4 12922/1/4
f 12923/1/4 12924/1/4 12925/1/4
f 12925/1/4 12924/1/4 12926/1/4
f 12927/1/4 12928/1/4 12929/1/4
f 12929/1/4 12928/1/4 12930/1/4
f 12931/1/4 12932/1/4 12937/1/4
f 12937/1/4 12932/1/4 12938/1/4
f 12933/1/4 12934/1/4 12939/1/4
f 12939/1/4 12934/1/4 12940/1/4
f 12935/1/4 12936/1/4 12941/1/4
f 12941/1/4 12936/1/4 12942/1/4
f 12943/1/4 12944/1/4 12945/1/4
f 12945/1/4 12944/1/4 12946/1/4
f 12943/1/4 12945/1/4 12947/1/4
f 12947/1/4 12945/1/4 12948/1/4
f 12949/17/4 12950/17/4 12955/17/4
f 12955/17/4 12950/17/4 12956/17/4
f 12951/1/4 12952/1/4 12958/1/4
f 12958/1/4 12952/1/4 12959/1/4
f 12953/1/4 12954/1/4 12960/1/4
f 12960/1/4 12954/1/4 12961/1/4
f 12956/1/4 12957/1/4 12962/1/4
f 12962/1/4 12957/1/4 12963/1/4
f 12964/1/4 12965/1/4 12968/1/4
f 12968/1/4 12965/1/4 12969/1/4
f 12966/1/4 12967/1/4 12970/1/4
f 12970/1/4 12967/1/4 12971/1/4
f 12972/1/4 12973/1/4 12974/1/4
f 12974/1/4 12973/1/4 12975/1/4
f 12976/17/4 12977/17/4 12981/17/4
f 12981/17/4 12977/17/4 12982/17/4
f 12978/1/4 12979/1/4 12987/1/4
f 12987/1/4 12979/1/4 12988/1/4
f 12980/1/4 12981/1/4 12989/1/4
f 12989/1/4 12981/1/4 12990/1/4
f 12983/1/4 12984/1/4 12991/1/4
f 12991/1/4 12984/1/4 12992/1/4
f 12985/1/4 12986/1/4 12993/1/4
f 12993/1/4 12986/1/4 12994/1/4
f 12995/1/4 12996/1/4 13001/1/4
f 13001/1/4 12996/1/4 13002/1/4
f 12997/1/4 12998/1/4 13003/1/4
f 13003/1/4 12998/1/4 13004/1/4
f 12999/1/4 13000/1/4 13005/1/4
f 13005/1/4 13000/1/4 13006/1/4
f 13007/17/4 13008/17/4 13009/17/4
f 13009/17/4 13008/17/4 13010/17/4
f 13011/17/4 13012/17/4 13014/17/4
f 13014/17/4 13012/17/4 13015/17/4
f 13013/1/4 13014/1/4 13020/1/4
f 13020/1/4 13014/1/4 13021/1/4
f 13016/1/4 13017/1/4 13023/1/4
f 13023/1/4 13017/1/4 13024/1/4
f 13018/1/4 13019/1/4 13025/1/4
f 13025/1/4 13019/1/4 13026/1/4
f 13022/19/4 13023/19/4 13027/19/4
f 13027/19/4 13023/19/4 13028/19/4
f 13027/1/4 13028/1/4 13029/1/4
f 13029/1/4 13028/1/4 13030/1/4
f 13031/1/4 13032/1/4 13035/1/4
f 13035/1/4 13032/1/4 13036/1/4
f 13033/1/4 13034/1/4 13037/1/4
f 13037/1/4 13034/1/4 13038/1/4
f 13038/17/4 13039/17/4 13040/17/4
f 13040/17/4 13039/17/4 13041/17/4
f 13042/1/4 13043/1/4 13052/1/4
f 13052/1/4 13043/1/4 13053/1/4
f 13044/1/4 13045/1/4 13054/1/4
f 13054/1/4 13045/1/4 13055/1/4
f 13046/1/4 13047/1/4 13056/1/4
f 13056/1/4 13047/1/4 13057/1/4
f 13048/1/4 13049/1/4 13058/1/4
f 13058/1/4 13049/1/4 13059/1/4
f 13050/1/4 13051/1/4 13060/1/4
f 13060/1/4 13051/1/4 13061/1/4
f 13056/19/4 13057/19/4 13062/19/4
f 13062/19/4 13057/19/4 13063/19/4
f 13063/19/4 13057/19/4 13064/19/4
f 13063/19/4 13064/19/4 13065/19/4
f 13065/19/4 13064/19/4 13066/19/4
f 13067/1/4 13068/1/4 13069/1/4
f 13069/1/4 13068/1/4 13070/1/4
f 13071/1/4 13072/1/4 13079/1/4
f 13079/1/4 13072/1/4 13080/1/4
f 13073/1/4 13074/1/4 13081/1/4
f 13081/1/4 13074/1/4 13082/1/4
f 13075/1/4 13076/1/4 13083/1/4
f 13083/1/4 13076/1/4 13084/1/4
f 13077/1/4 13078/1/4 13085/1/4
f 13085/1/4 13078/1/4 13086/1/4
f 13081/19/4 13082/19/4 13087/19/4
f 13087/19/4 13082/19/4 13088/19/4
f 13088/19/4 13082/19/4 13089/19/4
f 13088/19/4 13089/19/4 13090/19/4
f 13090/19/4 13089/19/4 13091/19/4
f 13092/1/4 13093/1/4 13098/1/4
f 13098/1/4 13093/1/4 13099/1/4
f 13094/1/4 13095/1/4 13100/1/4
f 13100/1/4 13095/1/4 13101/1/4
f 13096/1/4 13097/1/4 13102/1/4
f 13102/1/4 13097/1/4 13103/1/4
f 13104/1/4 13105/1/4 13106/1/4
f 13106/1/4 13105/1/4 13107/1/4
f 13108/17/4 13109/17/4 13113/17/4
f 13113/17/4 13109/17/4 13114/17/4
f 13110/1/4 13111/1/4 13117/1/4
f 13117/1/4 13111/1/4 13118/1/4
f 13112/1/4 13113/1/4 13119/1/4
f 13119/1/4 13113/1/4 13120/1/4
f 13115/1/4 13116/1/4 13121/1/4
f 13121/1/4 13116/1/4 13122/1/4
f 13117/19/4 13118/19/4 13123/19/4
f 13117/19/4 13123/19/4 13124/19/4
f 13124/19/4 13123/19/4 13125/19/4
f 13126/1/4 13127/1/4 13134/1/4
f 13134/1/4 13127/1/4 13135/1/4
f 13128/1/4 13129/1/4 13136/1/4
f 13136/1/4 13129/1/4 13137/1/4
f 13130/1/4 13131/1/4 13138/1/4
f 13138/1/4 13131/1/4 13139/1/4
f 13132/1/4 13133/1/4 13140/1/4
f 13140/1/4 13133/1/4 13141/1/4
f 13142/17/4 13143/17/4 13146/17/4
f 13146/17/4 13143/17/4 13147/17/4
f 13144/1/4 13145/1/4 13151/1/4
f 13151/1/4 13145/1/4 13152/1/4
f 13147/1/4 13148/1/4 13153/1/4
f 13153/1/4 13148/1/4 13154/1/4
f 13149/1/4 13150/1/4 13155/1/4
f 13155/1/4 13150/1/4 13156/1/4
f 13151/19/4 13152/19/4 13157/19/4
f 13157/19/4 13152/19/4 13158/19/4
f 13158/19/4 13152/19/4 13159/19/4
f 13158/19/4 13159/19/4 13160/19/4
f 13160/19/4 13159/19/4 13161/19/4
f 13162/1/4 13163/1/4 13174/1/4
f 13174/1/4 13163/1/4 13175/1/4
f 13164/1/4 13165/1/4 13176/1/4
f 13176/1/4 13165/1/4 13177/1/4
f 13166/1/4 13167/1/4 13178/1/4
f 13178/1/4 13167/1/4 13179/1/4
f 13168/1/4 13169/1/4 13180/1/4
f 13180/1/4 13169/1/4 13181/1/4
f 13170/1/4 13171/1/4 13182/1/4
f 13182/1/4 13171/1/4 13183/1/4
f 13172/1/4 13173/1/4 13184/1/4
f 13184/1/4 13173/1/4 13185/1/4
f 13186/18/4 13187/18/4 13190/18/4
f 13190/18/4 13187/18/4 13191/18/4
f 13188/17/4 13189/17/4 13192/17/4
f 13192/17/4 13189/17/4 13193/17/4
f 13193/1/4 13194/1/4 13197/1/4
f 13197/1/4 13194/1/4 13198/1/4
f 13195/1/4 13196/1/4 13200/1/4
f 13200/1/4 13196/1/4 13201/1/4
f 13197/19/4 13198/19/4 13202/19/4
f 13202/19/4 13198/19/4 13203/19/4
f 13203/19/4 13198/19/4 13204/19/4
f 13199/19/4 13200/19/4 13205/19/4
f 13205/19/4 13200/19/4 13206/19/4
f 13203/19/4 13204/19/4 13207/19/4
f 13207/19/4 13204/19/4 13208/19/4
f 13209/1/4 13210/1/4 13223/1/4
f 13223/1/4 13210/1/4 13224/1/4
f 13211/1/4 13212/1/4 13225/1/4
f 13225/1/4 13212/1/4 13226/1/4
f 13213/1/4 13214/1/4 13227/1/4
f 13227/1/4 13214/1/4 13228/1/4
f 13215/1/4 13216/1/4 13229/1/4
f 13229/1/4 13216/1/4 13230/1/4
f 13217/1/4 13218/1/4 13231/1/4
f 13231/1/4 13218/1/4 13232/1/4
f 13219/1/4 13220/1/4 13233/1/4
f 13233/1/4 13220/1/4 13234/1/4
f 13221/1/4 13222/1/4 13235/1/4
f 13235/1/4 13222/1/4 13236/1/4
f 13237/18/4 13238/18/4 13241/18/4
f 13241/18/4 13238/18/4 13242/18/4
f 13242/18/4 13238/18/4 13243/18/4
f 13243/18/4 13238/18/4 13244/18/4
f 13239/17/4 13240/17/4 13247/17/4
f 13247/17/4 13240/17/4 13248/17/4
f 13242/18/4 13243/18/4 13251/18/4
f 13251/18/4 13243/18/4 13252/18/4
f 13245/1/4 13246/1/4 13253/1/4
f 13253/1/4 13246/1/4 13254/1/4
f 13249/1/4 13250/1/4 13255/1/4
f 13255/1/4 13250/1/4 13256/1/4
f 13257/1/4 13258/1/4 13269/1/4
f 13269/1/4 13258/1/4 13270/1/4
f 13259/1/4 13260/1/4 13272/1/4
f 13272/1/4 13260/1/4 13273/1/4
f 13261/1/4 13262/1/4 13274/1/4
f 13274/1/4 13262/1/4 13275/1/4
f 13263/1/4 13264/1/4 13276/1/4
f 13276/1/4 13264/1/4 13277/1/4
f 13265/1/4 13266/1/4 13278/1/4
f 13278/1/4 13266/1/4 13279/1/4
f 13267/1/4 13268/1/4 13280/1/4
f 13280/1/4 13268/1/4 13281/1/4
f 13271/17/4 13272/17/4 13282/17/4
f 13282/17/4 13272/17/4 13283/17/4
f 13284/1/4 13285/1/4 13292/1/4
f 13292/1/4 13285/1/4 13293/1/4
f 13286/1/4 13287/1/4 13294/1/4
f 13294/1/4 13287/1/4 13295/1/4
f 13288/1/4 13289/1/4 13296/1/4
f 13296/1/4 13289/1/4 13297/1/4
f 13290/1/4 13291/1/4 13298/1/4
f 13298/1/4 13291/1/4 13299/1/4
f 13300/1/4 13301/1/4 13304/1/4
f 13304/1/4 13301/1/4 13305/1/4
f 13302/1/4 13303/1/4 13306/1/4
f 13306/1/4 13303/1/4 13307/1/4
f 13308/1/4 13309/1/4 13310/1/4
f 13310/1/4 13309/1/4 13311/1/4
f 13312/18/4 13313/18/4 13316/18/4
f 13316/18/4 13313/18/4 13317/18/4
f 13314/17/4 13315/17/4 13322/17/4
f 13322/17/4 13315/17/4 13323/17/4
f 13318/1/4 13319/1/4 13328/1/4
f 13328/1/4 13319/1/4 13329/1/4
f 13320/1/4 13321/1/4 13330/1/4
f 13330/1/4 13321/1/4 13331/1/4
f 13324/1/4 13325/1/4 13332/1/4
f 13332/1/4 13325/1/4 13333/1/4
f 13326/1/4 13327/1/4 13334/1/4
f 13334/1/4 13327/1/4 13335/1/4
f 13336/1/4 13337/1/4 13344/1/4
f 13344/1/4 13337/1/4 13345/1/4
f 13338/1/4 13339/1/4 13346/1/4
f 13346/1/4 13339/1/4 13347/1/4
f 13340/1/4 13341/1/4 13348/1/4
f 13348/1/4 13341/1/4 13349/1/4
f 13342/1/4 13343/1/4 13350/1/4
f 13350/1/4 13343/1/4 13351/1/4
f 13352/1/4 13353/1/4 13354/1/4
f 13354/1/4 13353/1/4 13355/1/4
f 13356/18/4 13357/18/4 13362/18/4
f 13362/18/4 13357/18/4 13363/18/4
f 13358/17/4 13359/17/4 13368/17/4
f 13368/17/4 13359/17/4 13369/17/4
f 13360/17/4 13361/17/4 13374/17/4
f 13374/17/4 13361/17/4 13375/17/4
f 13364/1/4 13365/1/4 13376/1/4
f 13376/1/4 13365/1/4 13377/1/4
f 13366/1/4 13367/1/4 13378/1/4
f 13378/1/4 13367/1/4 13379/1/4
f 13370/1/4 13371/1/4 13380/1/4
f 13380/1/4 13371/1/4 13381/1/4
f 13372/1/4 13373/1/4 13382/1/4
f 13382/1/4 13373/1/4 13383/1/4
f 13383/1/4 13373/1/4 13384/1/4
f 13383/19/4 13384/19/4 13385/19/4
f 13385/19/4 13384/19/4 13386/19/4
f 13387/1/4 13388/1/4 13395/1/4
f 13395/1/4 13388/1/4 13396/1/4
f 13389/1/4 13390/1/4 13397/1/4
f 13397/1/4 13390/1/4 13398/1/4
f 13391/1/4 13392/1/4 13399/1/4
f 13399/1/4 13392/1/4 13400/1/4
f 13393/1/4 13394/1/4 13401/1/4
f 13401/1/4 13394/1/4 13402/1/4
f 13403/18/4 13404/18/4 13405/18/4
f 13405/18/4 13404/18/4 13406/18/4
f 13406/1/4 13407/1/4 13412/1/4
f 13412/1/4 13407/1/4 13413/1/4
f 13408/1/4 13409/1/4 13414/1/4
f 13414/1/4 13409/1/4 13415/1/4
f 13410/1/4 13411/1/4 13416/1/4
f 13416/1/4 13411/1/4 13417/1/4
f 13418/1/4 13419/1/4 13426/1/4
f 13426/1/4 13419/1/4 13427/1/4
f 13420/1/4 13421/1/4 13428/1/4
f 13428/1/4 13421/1/4 13429/1/4
f 13422/1/4 13423/1/4 13430/1/4
f 13430/1/4 13423/1/4 13431/1/4
f 13424/1/4 13425/1/4 13432/1/4
f 13432/1/4 13425/1/4 13433/1/4
f 13434/1/4 13435/1/4 13440/1/4
f 13440/1/4 13435/1/4 13441/1/4
f 13436/1/4 13437/1/4 13442/1/4
f 13442/1/4 13437/1/4 13443/1/4
f 13443/1/4 13437/1/4 13444/1/4
f 13438/1/4 13439/1/4 13445/1/4
f 13445/1/4 13439/1/4 13446/1/4
f 13443/19/4 13444/19/4 13447/19/4
f 13447/19/4 13444/19/4 13448/19/4
f 13449/1/4 13450/1/4 13455/1/4
f 13455/1/4 13450/1/4 13456/1/4
f 13451/1/4 13452/1/4 13457/1/4
f 13457/1/4 13452/1/4 13458/1/4
f 13453/1/4 13454/1/4 13459/1/4
f 13459/1/4 13454/1/4 13460/1/4
f 13461/1/4 13462/1/4 13469/1/4
f 13469/1/4 13462/1/4 13470/1/4
f 13463/1/4 13464/1/4 13471/1/4
f 13471/1/4 13464/1/4 13472/1/4
f 13465/1/4 13466/1/4 13473/1/4
f 13473/1/4 13466/1/4 13474/1/4
f 13467/1/4 13468/1/4 13475/1/4
f 13475/1/4 13468/1/4 13476/1/4
f 13477/1/4 13478/1/4 13483/1/4
f 13483/1/4 13478/1/4 13484/1/4
f 13479/1/4 13480/1/4 13485/1/4
f 13485/1/4 13480/1/4 13486/1/4
f 13481/1/4 13482/1/4 13487/1/4
f 13487/1/4 13482/1/4 13488/1/4
f 13489/1/4 13490/1/4 13499/1/4
f 13499/1/4 13490/1/4 13500/1/4
f 13491/1/4 13492/1/4 13501/1/4
f 13501/1/4 13492/1/4 13502/1/4
f 13493/1/4 13494/1/4 13503/1/4
f 13503/1/4 13494/1/4 13504/1/4
f 13495/1/4 13496/1/4 13505/1/4
f 13505/1/4 13496/1/4 13506/1/4
f 13497/1/4 13498/1/4 13507/1/4
f 13507/1/4 13498/1/4 13508/1/4
f 13509/19/4 13510/19/4 13513/19/4
f 13513/19/4 13510/19/4 13514/19/4
f 13511/1/4 13512/1/4 13515/1/4
f 13515/1/4 13512/1/4 13516/1/4
f 13517/17/4 13518/17/4 13521/17/4
f 13521/17/4 13518/17/4 13522/17/4
f 13519/1/4 13520/1/4 13528/1/4
f 13528/1/4 13520/1/4 13529/1/4
f 13522/1/4 13523/1/4 13530/1/4
f 13530/1/4 13523/1/4 13531/1/4
f 13524/1/4 13525/1/4 13532/1/4
f 13532/1/4 13525/1/4 13533/1/4
f 13526/1/4 13527/1/4 13534/1/4
f 13534/1/4 13527/1/4 13535/1/4
f 13536/1/4 13537/1/4 13538/1/4
f 13538/1/4 13537/1/4 13539/1/4
f 13540/17/4 13541/17/4 13544/17/4
f 13544/17/4 13541/17/4 13545/17/4
f 13542/1/4 13543/1/4 13552/1/4
f 13552/1/4 13543/1/4 13553/1/4
f 13546/1/4 13547/1/4 13554/1/4
f 13554/1/4 13547/1/4 13555/1/4
f 13548/1/4 13549/1/4 13556/1/4
f 13556/1/4 13549/1/4 13557/1/4
f 13550/1/4 13551/1/4 13558/1/4
f 13558/1/4 13551/1/4 13559/1/4
f 13560/1/4 13561/1/4 13564/1/4
f 13564/1/4 13561/1/4 13565/1/4
f 13562/1/4 13563/1/4 13566/1/4
f 13566/1/4 13563/1/4 13567/1/4
f 13568/17/4 13569/17/4 13573/17/4
f 13573/17/4 13569/17/4 13574/17/4
f 13570/17/4 13571/17/4 13579/17/4
f 13579/17/4 13571/17/4 13580/17/4
f 13572/1/4 13573/1/4 13581/1/4
f 13581/1/4 13573/1/4 13582/1/4
f 13575/1/4 13576/1/4 13583/1/4
f 13583/1/4 13576/1/4 13584/1/4
f 13577/1/4 13578/1/4 13585/1/4
f 13585/1/4 13578/1/4 13586/1/4
f 13587/1/4 13588/1/4 13593/1/4
f 13593/1/4 13588/1/4 13594/1/4
f 13589/1/4 13590/1/4 13595/1/4
f 13595/1/4 13590/1/4 13596/1/4
f 13591/17/4 13592/17/4 13597/17/4
f 13597/17/4 13592/17/4 13598/17/4
f 13599/1/4 13600/1/4 13601/1/4
f 13601/1/4 13600/1/4 13602/1/4
f 13603/1/4 13604/1/4 13609/1/4
f 13609/1/4 13604/1/4 13610/1/4
f 13605/1/4 13606/1/4 13611/1/4
f 13611/1/4 13606/1/4 13612/1/4
f 13607/1/4 13608/1/4 13613/1/4
f 13613/1/4 13608/1/4 13614/1/4
f 13615/1/4 13616/1/4 13621/1/4
f 13621/1/4 13616/1/4 13622/1/4
f 13617/1/4 13618/1/4 13623/1/4
f 13623/1/4 13618/1/4 13624/1/4
f 13619/17/4 13620/17/4 13625/17/4
f 13625/17/4 13620/17/4 13626/17/4
f 13627/1/4 13628/1/4 13631/1/4
f 13631/1/4 13628/1/4 13632/1/4
f 13629/1/4 13630/1/4 13633/1/4
f 13633/1/4 13630/1/4 13634/1/4
f 13635/1/4 13636/1/4 13637/1/4
f 13637/1/4 13636/1/4 13638/1/4
f 13639/1/4 13640/1/4 13643/1/4
f 13643/1/4 13640/1/4 13644/1/4
f 13641/1/4 13642/1/4 13645/1/4
f 13645/1/4 13642/1/4 13646/1/4
f 13647/1/4 13648/1/4 13649/1/4
f 13649/1/4 13648/1/4 13650/1/4
f 13651/1/4 13652/1/4 13657/1/4
f 13657/1/4 13652/1/4 13658/1/4
f 13653/19/4 13654/19/4 13659/19/4
f 13659/19/4 13654/19/4 13660/19/4
f 13655/1/4 13656/1/4 13661/1/4
f 13661/1/4 13656/1/4 13662/1/4
f 13663/1/4 13664/1/4 13665/1/4
f 13665/1/4 13664/1/4 13666/1/4
f 13667/19/4 13668/19/4 13669/19/4
f 13669/19/4 13668/19/4 13670/19/4
f 13671/19/4 13672/19/4 13673/19/4
f 13673/19/4 13672/19/4 13674/19/4
f 13675/1/4 13676/1/4 13679/1/4
f 13679/1/4 13676/1/4 13680/1/4
f 13677/1/4 13678/1/4 13681/1/4
f 13681/1/4 13678/1/4 13682/1/4
f 13683/17/4 13684/17/4 13685/17/4
f 13685/17/4 13684/17/4 13686/17/4
f 13687/1/4 13688/1/4 13689/1/4
f 13689/1/4 13688/1/4 13690/1/4
f 13691/19/4 13692/19/4 13693/19/4
f 13693/19/4 13692/19/4 13694/19/4
f 13695/19/4 13696/19/4 13697/19/4
f 13697/19/4 13696/19/4 13698/19/4
f 13699/19/4 13700/19/4 13708/19/4
f 13708/19/4 13700/19/4 13709/19/4
f 13701/19/4 13702/19/4 13710/19/4
f 13710/19/4 13702/19/4 13711/19/4
f 13703/1/4 13704/1/4 13712/1/4
f 13712/1/4 13704/1/4 13713/1/4
f 13705/19/4 13706/19/4 13714/19/4
f 13714/19/4 13706/19/4 13715/19/4
f 13707/1/4 13708/1/4 13716/1/4
f 13716/1/4 13708/1/4 13717/1/4
f 13718/1/4 13719/1/4 13722/1/4
f 13722/1/4 13719/1/4 13723/1/4
f 13720/19/4 13721/19/4 13725/19/4
f 13723/19/4 13724/19/4 13728/19/4
f 13728/19/4 13724/19/4 13729/19/4
f 13720/19/4 13725/19/4 13731/19/4
f 13731/19/4 13725/19/4 13732/19/4
f 13726/19/4 13727/19/4 13734/19/4
f 13734/19/4 13727/19/4 13735/19/4
f 13735/19/4 13727/19/4 13736/19/4
f 13736/19/4 13727/19/4 13737/19/4
f 13729/19/4 13730/19/4 13739/19/4
f 13739/19/4 13730/19/4 13740/19/4
f 13735/19/4 13736/19/4 13743/19/4
f 13743/19/4 13736/19/4 13744/19/4
f 13737/19/4 13738/19/4 13745/19/4
f 13745/19/4 13738/19/4 13746/19/4
f 13740/19/4 13741/19/4 13747/19/4
f 13747/19/4 13741/19/4 13748/19/4
f 13742/19/4 13743/19/4 13751/19/4
f 13751/19/4 13743/19/4 13752/19/4
f 13748/19/4 13749/19/4 13753/19/4
f 13753/19/4 13749/19/4 13754/19/4
f 13750/19/4 13751/19/4 13757/19/4
f 13757/19/4 13751/19/4 13758/19/4
f 13754/19/4 13755/19/4 13759/19/4
f 13759/19/4 13755/19/4 13760/19/4
f 13732/19/4 13733/19/4 13762/19/4
f 13762/19/4 13733/19/4 13763/19/4
f 13756/19/4 13757/19/4 13765/19/4
f 13765/19/4 13757/19/4 13766/19/4
f 13760/19/4 13761/19/4 13767/19/4
f 13767/19/4 13761/19/4 13768/19/4
f 13763/19/4 13764/19/4 13771/19/4
f 13771/19/4 13764/19/4 13772/19/4
f 13769/19/4 13770/19/4 13775/19/4
f 13775/19/4 13770/19/4 13776/19/4
f 13773/19/4 13774/19/4 13778/19/4
f 13778/19/4 13774/19/4 13779/19/4
f 13776/19/4 13777/19/4 13780/19/4
f 13780/19/4 13777/19/4 13781/19/4
f 13781/19/4 13782/19/4 13787/19/4
f 13787/19/4 13782/19/4 13788/19/4
f 13783/19/4 13784/19/4 13791/19/4
f 13791/19/4 13784/19/4 13792/19/4
f 13785/19/4 13786/19/4 13794/19/4
f 13794/19/4 13786/19/4 13795/19/4
f 13788/19/4 13789/19/4 13796/19/4
f 13796/19/4 13789/19/4 13797/19/4
f 13790/19/4 13791/19/4 13800/19/4
f 13800/19/4 13791/19/4 13801/19/4
f 13792/19/4 13784/19/4 13802/19/4
f 13802/19/4 13784/19/4 13803/19/4
f 13793/19/4 13794/19/4 13806/19/4
f 13806/19/4 13794/19/4 13807/19/4
f 13797/19/4 13798/19/4 13808/19/4
f 13808/19/4 13798/19/4 13809/19/4
f 13799/19/4 13800/19/4 13812/19/4
f 13812/19/4 13800/19/4 13813/19/4
f 13805/19/4 13806/19/4 13817/19/4
f 13817/19/4 13806/19/4 13818/19/4
f 13809/19/4 13810/19/4 13819/19/4
f 13819/19/4 13810/19/4 13820/19/4
f 13811/19/4 13812/19/4 13822/19/4
f 13822/19/4 13812/19/4 13823/19/4
f 13814/19/4 13815/19/4 13825/19/4
f 13825/19/4 13815/19/4 13826/19/4
f 13816/19/4 13817/19/4 13830/19/4
f 13830/19/4 13817/19/4 13831/19/4
f 13820/19/4 13821/19/4 13832/19/4
f 13832/19/4 13821/19/4 13833/19/4
f 13803/19/4 13804/19/4 13835/19/4
f 13824/19/4 13825/19/4 13836/19/4
f 13836/19/4 13825/19/4 13837/19/4
f 13827/19/4 13828/19/4 13838/19/4
f 13838/19/4 13828/19/4 13839/19/4
f 13829/19/4 13830/19/4 13842/19/4
f 13842/19/4 13830/19/4 13843/19/4
f 13833/19/4 13834/19/4 13848/19/4
f 13848/19/4 13834/19/4 13849/19/4
f 13803/19/4 13835/19/4 13851/19/4
f 13835/19/4 13836/19/4 13851/19/4
f 13851/19/4 13836/19/4 13852/19/4
f 13839/19/4 13840/19/4 13853/19/4
f 13853/19/4 13840/19/4 13854/19/4
f 13841/19/4 13842/19/4 13857/19/4
f 13857/19/4 13842/19/4 13858/19/4
f 13846/19/4 13847/19/4 13860/19/4
f 13860/19/4 13847/19/4 13861/19/4
f 13849/19/4 13850/19/4 13862/19/4
f 13854/19/4 13855/19/4 13863/19/4
f 13863/19/4 13855/19/4 13864/19/4
f 13856/19/4 13857/19/4 13868/19/4
f 13868/19/4 13857/19/4 13869/19/4
f 13844/19/4 13845/19/4 13870/19/4
f 13870/19/4 13845/19/4 13871/19/4
f 13859/19/4 13860/19/4 13874/19/4
f 13874/19/4 13860/19/4 13875/19/4
f 13861/19/4 13862/19/4 13876/19/4
f 13862/19/4 13850/19/4 13877/19/4
f 13876/19/4 13862/19/4 13877/19/4
f 13877/19/4 13850/19/4 13878/19/4
f 13864/19/4 13865/19/4 13880/19/4
f 13880/19/4 13865/19/4 13881/19/4
f 13866/19/4 13867/19/4 13884/19/4
f 13884/19/4 13867/19/4 13885/19/4
f 13873/19/4 13874/19/4 13886/19/4
f 13886/19/4 13874/19/4 13887/19/4
f 13878/19/4 13879/19/4 13888/19/4
f 13877/19/4 13878/19/4 13888/19/4
f 13888/19/4 13879/19/4 13889/19/4
f 13889/19/4 13879/19/4 13890/19/4
f 13881/19/4 13882/19/4 13892/19/4
f 13892/19/4 13882/19/4 13893/19/4
f 13883/19/4 13884/19/4 13896/19/4
f 13896/19/4 13884/19/4 13897/19/4
f 13871/19/4 13872/19/4 13898/19/4
f 13898/19/4 13872/19/4 13899/19/4
f 13890/19/4 13891/19/4 13901/19/4
f 13889/19/4 13890/19/4 13901/19/4
f 13901/19/4 13891/19/4 13902/19/4
f 13893/19/4 13894/19/4 13904/19/4
f 13904/19/4 13894/19/4 13905/19/4
f 13895/19/4 13896/19/4 13906/19/4
f 13906/19/4 13896/19/4 13907/19/4
f 13902/19/4 13903/19/4 13908/19/4
f 13908/19/4 13903/19/4 13909/19/4
f 13893/19/4 13904/19/4 13911/19/4
f 13911/19/4 13904/19/4 13912/19/4
f 13899/19/4 13900/19/4 13914/19/4
f 13914/19/4 13900/19/4 13915/19/4
f 13909/19/4 13910/19/4 13917/19/4
f 13917/19/4 13910/19/4 13918/19/4
f 13912/19/4 13913/19/4 13923/19/4
f 13923/19/4 13913/19/4 13924/19/4
f 13918/19/4 13919/19/4 13925/19/4
f 13925/19/4 13919/19/4 13926/19/4
f 13922/19/4 13923/19/4 13929/19/4
f 13929/19/4 13923/19/4 13930/19/4
f 13915/19/4 13916/19/4 13931/19/4
f 13931/19/4 13916/19/4 13932/19/4
f 13926/19/4 13927/19/4 13934/19/4
f 13934/19/4 13927/19/4 13935/19/4
f 13935/19/4 13936/19/4 13937/19/4
f 13937/19/4 13936/19/4 13938/19/4
f 13920/19/4 13921/19/4 13939/19/4
f 13939/19/4 13921/19/4 13940/19/4
f 13928/19/4 13929/19/4 13943/19/4
f 13943/19/4 13929/19/4 13944/19/4
f 13932/19/4 13933/19/4 13945/19/4
f 13945/19/4 13933/19/4 13946/19/4
f 13942/19/4 13943/19/4 13949/19/4
f 13949/19/4 13943/19/4 13950/19/4
f 13940/19/4 13941/19/4 13954/19/4
f 13954/19/4 13941/19/4 13955/19/4
f 13948/19/4 13949/19/4 13956/19/4
f 13956/19/4 13949/19/4 13957/19/4
f 13946/19/4 13947/19/4 13958/19/4
f 13958/19/4 13947/19/4 13959/19/4
f 13951/19/4 13952/19/4 13962/19/4
f 13962/19/4 13952/19/4 13963/19/4
f 13953/19/4 13954/19/4 13965/19/4
f 13955/19/4 13956/19/4 13966/19/4
f 13966/19/4 13956/19/4 13967/19/4
f 13963/19/4 13964/19/4 13970/19/4
f 13970/19/4 13964/19/4 13971/19/4
f 13953/19/4 13965/19/4 13974/19/4
f 13965/19/4 13966/19/4 13974/19/4
f 13974/19/4 13966/19/4 13975/19/4
f 13968/19/4 13969/19/4 13979/19/4
f 13979/19/4 13969/19/4 13980/19/4
f 13971/19/4 13972/19/4 13982/19/4
f 13982/19/4 13972/19/4 13983/19/4
f 13973/19/4 13974/19/4 13986/19/4
f 13986/19/4 13974/19/4 13987/19/4
f 13977/19/4 13978/19/4 13988/19/4
f 13988/19/4 13978/19/4 13989/19/4
f 13980/19/4 13981/19/4 13991/19/4
f 13991/19/4 13981/19/4 13992/19/4
f 13983/19/4 13984/19/4 13996/19/4
f 13996/19/4 13984/19/4 13997/19/4
f 13985/19/4 13986/19/4 14000/19/4
f 14000/19/4 13986/19/4 14001/19/4
f 13989/19/4 13990/19/4 14002/19/4
f 14002/19/4 13990/19/4 14003/19/4
f 14003/19/4 13990/19/4 14004/19/4
f 14004/19/4 13990/19/4 14005/19/4
f 13992/19/4 13993/19/4 14007/19/4
f 14007/19/4 13993/19/4 14008/19/4
f 13994/19/4 13995/19/4 14012/19/4
f 14012/19/4 13995/19/4 14013/19/4
f 13997/19/4 13998/19/4 14017/19/4
f 14017/19/4 13998/19/4 14018/19/4
f 13999/19/4 14000/19/4 14021/19/4
f 14021/19/4 14000/19/4 14022/19/4
f 14003/19/4 14004/19/4 14024/19/4
f 14024/19/4 14004/19/4 14025/19/4
f 14005/19/4 14006/19/4 14026/19/4
f 14026/19/4 14006/19/4 14027/19/4
f 14008/19/4 14009/19/4 14029/19/4
f 14029/19/4 14009/19/4 14030/19/4
f 14015/19/4 14016/19/4 14033/19/4
f 14033/19/4 14016/19/4 14034/19/4
f 14018/19/4 14019/19/4 14035/19/4
f 14035/19/4 14019/19/4 14036/19/4
f 14023/19/4 14024/19/4 14039/19/4
f 14039/19/4 14024/19/4 14040/19/4
f 14027/19/4 14028/19/4 14041/19/4
f 14041/19/4 14028/19/4 14042/19/4
f 14010/19/4 14011/19/4 14043/19/4
f 14043/19/4 14011/19/4 14044/19/4
f 14013/19/4 14014/19/4 14045/19/4
f 14045/19/4 14014/19/4 14046/19/4
f 14032/19/4 14033/19/4 14049/19/4
f 14049/19/4 14033/19/4 14050/19/4
f 14036/19/4 14037/19/4 14051/19/4
f 14051/19/4 14037/19/4 14052/19/4
f 14020/19/4 14021/19/4 14054/19/4
f 14054/19/4 14021/19/4 14055/19/4
f 13975/19/4 13976/19/4 14056/19/4
f 14056/19/4 13976/19/4 14057/19/4
f 14038/19/4 14039/19/4 14060/19/4
f 14060/19/4 14039/19/4 14061/19/4
f 14030/19/4 14031/19/4 14063/19/4
f 14063/19/4 14031/19/4 14064/19/4
f 14048/19/4 14049/19/4 14066/19/4
f 14066/19/4 14049/19/4 14067/19/4
f 14053/19/4 14054/19/4 14069/19/4
f 14069/19/4 14054/19/4 14070/19/4
f 14059/19/4 14060/19/4 14072/19/4
f 14072/19/4 14060/19/4 14073/19/4
f 14062/19/4 14063/19/4 14075/19/4
f 14075/19/4 14063/19/4 14076/19/4
f 14046/19/4 14047/19/4 14077/19/4
f 14077/19/4 14047/19/4 14078/19/4
f 14065/19/4 14066/19/4 14079/19/4
f 14079/19/4 14066/19/4 14080/19/4
f 14068/19/4 14069/19/4 14082/19/4
f 14082/19/4 14069/19/4 14083/19/4
f 14071/19/4 14072/19/4 14085/19/4
f 14085/19/4 14072/19/4 14086/19/4
f 14074/19/4 14075/19/4 14088/19/4
f 14088/19/4 14075/19/4 14089/19/4
f 14078/19/4 14079/19/4 14090/19/4
f 14090/19/4 14079/19/4 14091/19/4
f 14081/19/4 14082/19/4 14093/19/4
f 14093/19/4 14082/19/4 14094/19/4
f 14084/19/4 14085/19/4 14095/19/4
f 14095/19/4 14085/19/4 14096/19/4
f 14087/19/4 14088/19/4 14098/19/4
f 14098/19/4 14088/19/4 14099/19/4
f 14078/19/4 14090/19/4 14102/19/4
f 14102/19/4 14090/19/4 14103/19/4
f 14092/19/4 14093/19/4 14104/19/4
f 14104/19/4 14093/19/4 14105/19/4
f 14057/19/4 14058/19/4 14106/19/4
f 14106/19/4 14058/19/4 14107/19/4
f 14097/19/4 14098/19/4 14110/19/4
f 14110/19/4 14098/19/4 14111/19/4
f 14100/19/4 14101/19/4 14112/19/4
f 14112/19/4 14101/19/4 14113/19/4
f 14109/19/4 14110/19/4 14116/19/4
f 14116/19/4 14110/19/4 14117/19/4
f 14113/19/4 14114/19/4 14118/19/4
f 14118/19/4 14114/19/4 14119/19/4
f 14115/19/4 14116/19/4 14122/19/4
f 14122/19/4 14116/19/4 14123/19/4
f 14119/19/4 14120/19/4 14124/19/4
f 14124/19/4 14120/19/4 14125/19/4
f 14107/19/4 14108/19/4 14127/19/4
f 14127/19/4 14108/19/4 14128/19/4
f 14121/19/4 14122/19/4 14129/19/4
f 14129/19/4 14122/19/4 14130/19/4
f 14125/19/4 14126/19/4 14131/19/4
f 14131/19/4 14126/19/4 14132/19/4
f 14132/19/4 14133/19/4 14134/19/4
f 14134/19/4 14133/19/4 14135/19/4
f 14135/19/4 14136/19/4 14137/19/4
f 14137/19/4 14136/19/4 14138/19/4
f 14138/19/4 14139/19/4 14140/19/4
f 14140/19/4 14139/19/4 14141/19/4
f 14141/19/4 14142/19/4 14145/19/4
f 14145/19/4 14142/19/4 14146/19/4
f 14143/19/4 14144/19/4 14149/19/4
f 14149/19/4 14144/19/4 14150/19/4
f 14146/19/4 14147/19/4 14151/19/4
f 14151/19/4 14147/19/4 14152/19/4
f 14148/19/4 14149/19/4 14157/19/4
f 14157/19/4 14149/19/4 14158/19/4
f 14152/19/4 14153/19/4 14159/19/4
f 14159/19/4 14153/19/4 14160/19/4
f 14154/19/4 14155/19/4 14161/19/4
f 14161/19/4 14155/19/4 14162/19/4
f 14156/19/4 14157/19/4 14165/19/4
f 14165/19/4 14157/19/4 14166/19/4
f 13960/17/4 13961/17/4 14167/17/4
f 14167/17/4 13961/17/4 14168/17/4
f 14162/19/4 14163/19/4 14169/19/4
f 14169/19/4 14163/19/4 14170/19/4
f 14170/19/4 14171/19/4 14176/19/4
f 14176/19/4 14171/19/4 14177/19/4
f 14172/19/4 14173/19/4 14179/19/4
f 14179/19/4 14173/19/4 14180/19/4
f 14174/19/4 14175/19/4 14182/19/4
f 14182/19/4 14175/19/4 14183/19/4
f 14164/19/4 14165/19/4 14186/19/4
f 14186/19/4 14165/19/4 14187/19/4
f 14177/19/4 14178/19/4 14192/19/4
f 14192/19/4 14178/19/4 14193/19/4
f 14183/19/4 14184/19/4 14195/19/4
f 14195/19/4 14184/19/4 14196/19/4
f 14185/19/4 14186/19/4 14198/19/4
f 14198/19/4 14186/19/4 14199/19/4
f 14199/19/4 14186/19/4 14200/19/4
f 14200/19/4 14186/19/4 14201/19/4
f 14188/19/4 14189/19/4 14203/19/4
f 14193/19/4 14194/19/4 14204/19/4
f 14204/19/4 14194/19/4 14205/19/4
f 14180/19/4 14181/19/4 14207/19/4
f 14207/19/4 14181/19/4 14208/19/4
f 14196/19/4 14197/19/4 14210/19/4
f 14210/19/4 14197/19/4 14211/19/4
f 14185/19/4 14198/19/4 14212/19/4
f 14212/19/4 14198/19/4 14213/19/4
f 14199/19/4 14200/19/4 14215/19/4
f 14215/19/4 14200/19/4 14216/19/4
f 14202/19/4 14203/19/4 14218/19/4
f 14203/19/4 14189/19/4 14219/19/4
f 14218/19/4 14203/19/4 14219/19/4
f 14205/19/4 14206/19/4 14221/19/4
f 14221/19/4 14206/19/4 14222/19/4
f 14208/19/4 14209/19/4 14223/19/4
f 14223/19/4 14209/19/4 14224/19/4
f 14211/19/4 14212/19/4 14227/19/4
f 14227/19/4 14212/19/4 14228/19/4
f 14214/19/4 14215/19/4 14230/19/4
f 14230/19/4 14215/19/4 14231/19/4
f 14190/19/4 14191/19/4 14232/19/4
f 14232/19/4 14191/19/4 14233/19/4
f 14226/19/4 14227/19/4 14236/19/4
f 14236/19/4 14227/19/4 14237/19/4
f 14229/19/4 14230/19/4 14239/19/4
f 14239/19/4 14230/19/4 14240/19/4
f 14217/19/4 14218/19/4 14242/19/4
f 14242/19/4 14218/19/4 14243/19/4
f 14219/19/4 14220/19/4 14244/19/4
f 14244/19/4 14220/19/4 14245/19/4
f 14224/19/4 14225/19/4 14247/19/4
f 14247/19/4 14225/19/4 14248/19/4
f 14248/19/4 14249/19/4 14250/19/4
f 14250/19/4 14249/19/4 14251/19/4
f 14238/19/4 14239/19/4 14254/19/4
f 14254/19/4 14239/19/4 14255/19/4
f 14241/19/4 14242/19/4 14259/19/4
f 14259/19/4 14242/19/4 14260/19/4
f 14245/19/4 14246/19/4 14261/19/4
f 14261/19/4 14246/19/4 14262/19/4
f 14234/1/4 14235/1/4 14264/1/4
f 14233/19/4 14234/19/4 14264/19/4
f 14264/1/4 14235/1/4 14265/1/4
f 14251/19/4 14252/19/4 14266/19/4
f 14266/19/4 14252/19/4 14267/19/4
f 14253/19/4 14254/19/4 14270/19/4
f 14270/19/4 14254/19/4 14271/19/4
f 14256/19/4 14257/19/4 14272/19/4
f 14272/19/4 14257/19/4 14273/19/4
f 14269/19/4 14270/19/4 14278/19/4
f 14278/19/4 14270/19/4 14279/19/4
f 14273/19/4 14274/19/4 14280/19/4
f 14258/19/4 14259/19/4 14281/19/4
f 14281/19/4 14259/19/4 14282/19/4
f 14262/19/4 14263/19/4 14283/19/4
f 14283/19/4 14263/19/4 14284/19/4
f 14264/19/4 14265/19/4 14286/19/4
f 14233/19/4 14264/19/4 14286/19/4
f 14286/19/4 14265/19/4 14287/19/4
f 14267/19/4 14268/19/4 14288/19/4
f 14288/19/4 14268/19/4 14289/19/4
f 14275/19/4 14276/19/4 14292/19/4
f 14292/19/4 14276/19/4 14293/19/4
f 14277/19/4 14278/19/4 14295/19/4
f 14295/19/4 14278/19/4 14296/19/4
f 14273/19/4 14280/19/4 14297/19/4
f 14280/19/4 14281/19/4 14297/19/4
f 14297/19/4 14281/19/4 14298/19/4
f 14289/19/4 14290/19/4 14301/19/4
f 14301/19/4 14290/19/4 14302/19/4
f 14291/19/4 14292/19/4 14305/19/4
f 14305/19/4 14292/19/4 14306/19/4
f 14294/19/4 14295/19/4 14308/19/4
f 14308/19/4 14295/19/4 14309/19/4
f 14284/19/4 14285/19/4 14310/19/4
f 14310/19/4 14285/19/4 14311/19/4
f 14299/19/4 14300/19/4 14316/19/4
f 14316/19/4 14300/19/4 14317/19/4
f 14304/19/4 14305/19/4 14319/19/4
f 14319/19/4 14305/19/4 14320/19/4
f 14311/19/4 14312/19/4 14321/19/4
f 14313/19/4 14314/19/4 14322/19/4
f 14322/19/4 14314/19/4 14323/19/4
f 14315/19/4 14316/19/4 14325/19/4
f 14325/19/4 14316/19/4 14326/19/4
f 14302/19/4 14303/19/4 14327/19/4
f 14327/19/4 14303/19/4 14328/19/4
f 14318/19/4 14319/19/4 14329/19/4
f 14329/19/4 14319/19/4 14330/19/4
f 14307/19/4 14308/19/4 14332/19/4
f 14332/19/4 14308/19/4 14333/19/4
f 14311/19/4 14321/19/4 14334/19/4
f 14321/19/4 14322/19/4 14334/19/4
f 14334/19/4 14322/19/4 14335/19/4
f 14335/19/4 14322/19/4 14336/19/4
f 14324/19/4 14325/19/4 14338/19/4
f 14338/19/4 14325/19/4 14339/19/4
f 14328/19/4 14329/19/4 14340/19/4
f 14340/19/4 14329/19/4 14341/19/4
f 14331/19/4 14332/19/4 14343/19/4
f 14343/19/4 14332/19/4 14344/19/4
f 14334/19/4 14335/19/4 14347/19/4
f 14337/19/4 14338/19/4 14349/19/4
f 14349/19/4 14338/19/4 14350/19/4
f 14328/19/4 14340/19/4 14352/19/4
f 14352/19/4 14340/19/4 14353/19/4
f 14342/19/4 14343/19/4 14354/19/4
f 14354/19/4 14343/19/4 14355/19/4
f 14345/19/4 14346/19/4 14357/19/4
f 14357/19/4 14346/19/4 14358/19/4
f 14347/19/4 14335/19/4 14359/19/4
f 14359/19/4 14335/19/4 14360/19/4
f 14348/19/4 14349/19/4 14363/19/4
f 14363/19/4 14349/19/4 14364/19/4
f 14351/19/4 14352/19/4 14366/19/4
f 14366/19/4 14352/19/4 14367/19/4
f 14356/19/4 14357/19/4 14369/19/4
f 14369/19/4 14357/19/4 14370/19/4
f 14287/19/4 14265/19/4 14371/19/4
f 14362/19/4 14363/19/4 14372/19/4
f 14372/19/4 14363/19/4 14373/19/4
f 14365/19/4 14366/19/4 14375/19/4
f 14375/19/4 14366/19/4 14376/19/4
f 14368/19/4 14369/19/4 14384/19/4
f 14384/19/4 14369/19/4 14385/19/4
f 14360/19/4 14361/19/4 14386/19/4
f 14386/19/4 14361/19/4 14387/19/4
f 14287/19/4 14371/19/4 14389/19/4
f 14371/19/4 14372/19/4 14389/19/4
f 14389/19/4 14372/19/4 14390/19/4
f 14390/19/4 14372/19/4 14391/19/4
f 14391/19/4 14372/19/4 14392/19/4
f 14374/19/4 14375/19/4 14394/19/4
f 14394/19/4 14375/19/4 14395/19/4
f 14377/19/4 14378/19/4 14396/19/4
f 14396/19/4 14378/19/4 14397/19/4
f 14379/19/4 14380/19/4 14400/19/4
f 14400/19/4 14380/19/4 14401/19/4
f 14381/19/4 14382/19/4 14404/19/4
f 14404/19/4 14382/19/4 14405/19/4
f 14383/19/4 14384/19/4 14407/19/4
f 14407/19/4 14384/19/4 14408/19/4
f 14390/19/4 14391/19/4 14410/19/4
f 14410/19/4 14391/19/4 14411/19/4
f 14393/19/4 14394/19/4 14412/19/4
f 14412/19/4 14394/19/4 14413/19/4
f 14398/19/4 14399/19/4 14415/19/4
f 14415/19/4 14399/19/4 14416/19/4
f 14401/19/4 14402/19/4 14419/19/4
f 14419/19/4 14402/19/4 14420/19/4
f 14420/19/4 14402/19/4 14421/19/4
f 14403/19/4 14404/19/4 14424/19/4
f 14424/19/4 14404/19/4 14425/19/4
f 14406/19/4 14407/19/4 14427/19/4
f 14427/19/4 14407/19/4 14428/19/4
f 14387/19/4 14388/19/4 14429/19/4
f 14429/19/4 14388/19/4 14430/19/4
f 14409/19/4 14410/19/4 14433/19/4
f 14433/19/4 14410/19/4 14434/19/4
f 14416/19/4 14417/19/4 14435/19/4
f 14435/19/4 14417/19/4 14436/19/4
f 14418/19/4 14419/19/4 14439/19/4
f 14419/19/4 14420/19/4 14439/19/4
f 14439/19/4 14420/19/4 14440/19/4
f 14421/19/4 14422/19/4 14441/19/4
f 14441/19/4 14422/19/4 14442/19/4
f 14423/19/4 14424/19/4 14443/19/4
f 14443/19/4 14424/19/4 14444/19/4
f 14426/19/4 14427/19/4 14446/19/4
f 14446/19/4 14427/19/4 14447/19/4
f 14432/19/4 14433/19/4 14449/19/4
f 14449/19/4 14433/19/4 14450/19/4
f 14436/19/4 14437/19/4 14451/19/4
f 14451/19/4 14437/19/4 14452/19/4
f 14438/19/4 14439/19/4 14457/19/4
f 14457/19/4 14439/19/4 14458/19/4
f 14442/19/4 14443/19/4 14460/19/4
f 14460/19/4 14443/19/4 14461/19/4
f 14445/19/4 14446/19/4 14463/19/4
f 14463/19/4 14446/19/4 14464/19/4
f 14430/19/4 14431/19/4 14465/19/4
f 14465/19/4 14431/19/4 14466/19/4
f 14448/19/4 14449/19/4 14467/19/4
f 14467/19/4 14449/19/4 14468/19/4
f 14413/19/4 14414/19/4 14470/19/4
f 14470/19/4 14414/19/4 14471/19/4
f 14452/19/4 14453/19/4 14472/19/4
f 14472/19/4 14453/19/4 14473/19/4
f 14454/19/4 14455/19/4 14477/19/4
f 14477/19/4 14455/19/4 14478/19/4
f 14456/19/4 14457/19/4 14479/19/4
f 14479/19/4 14457/19/4 14480/19/4
f 14459/19/4 14460/19/4 14482/19/4
f 14482/19/4 14460/19/4 14483/19/4
f 14462/19/4 14463/19/4 14484/19/4
f 14484/19/4 14463/19/4 14485/19/4
f 14473/19/4 14474/19/4 14488/19/4
f 14475/19/4 14476/19/4 14489/19/4
f 14489/19/4 14476/19/4 14490/19/4
f 14469/19/4 14470/19/4 14492/19/4
f 14486/19/4 14487/19/4 14494/19/4
f 14494/19/4 14487/19/4 14495/19/4
f 14473/19/4 14488/19/4 14496/19/4
f 14488/19/4 14489/19/4 14496/19/4
f 14496/19/4 14489/19/4 14497/19/4
f 14481/19/4 14482/19/4 14499/19/4
f 14499/19/4 14482/19/4 14500/19/4
f 14491/19/4 14492/19/4 14501/19/4
f 14492/19/4 14470/19/4 14502/19/4
f 14501/19/4 14492/19/4 14502/19/4
f 14493/19/4 14494/19/4 14504/19/4
f 14504/19/4 14494/19/4 14505/19/4
f 14498/19/4 14499/19/4 14506/19/4
f 14506/19/4 14499/19/4 14507/19/4
f 14502/19/4 14470/19/4 14508/19/4
f 14508/19/4 14470/19/4 14509/19/4
f 14503/19/4 14504/19/4 14511/19/4
f 14511/19/4 14504/19/4 14512/19/4
f 14506/19/4 14507/19/4 14513/19/4
f 14513/19/4 14507/19/4 14514/19/4
f 14509/19/4 14510/19/4 14515/19/4
f 14515/19/4 14510/19/4 14516/19/4
f 14523/1/4 14524/1/4 14533/1/4
f 14533/1/4 14524/1/4 14534/1/4
f 14525/1/4 14526/1/4 14535/1/4
f 14535/1/4 14526/1/4 14536/1/4
f 14529/19/4 14530/19/4 14537/19/4
f 14537/19/4 14530/19/4 14538/19/4
f 14531/19/4 14532/19/4 14540/19/4
f 14540/19/4 14532/19/4 14541/19/4
f 14517/1/4 14518/1/4 14543/1/4
f 14543/1/4 14518/1/4 14544/1/4
f 14544/1/4 14518/1/4 14545/1/4
f 14533/19/4 14534/19/4 14546/19/4
f 14534/19/4 14535/19/4 14546/19/4
f 14546/19/4 14535/19/4 14547/19/4
f 14536/1/4 14526/1/4 14548/1/4
f 14548/1/4 14526/1/4 14549/1/4
f 14527/1/4 14528/1/4 14550/1/4
f 14537/1/4 14538/1/4 14551/1/4
f 14538/19/4 14530/19/4 14552/19/4
f 14551/1/4 14538/1/4 14552/1/4
f 14543/1/4 14544/1/4 14553/1/4
f 14545/1/4 14518/1/4 14556/1/4
f 14556/1/4 14518/1/4 14557/1/4
f 14546/1/4 14547/1/4 14558/1/4
f 14547/1/4 14548/1/4 14558/1/4
f 14549/1/4 14526/1/4 14559/1/4
f 14559/1/4 14526/1/4 14560/1/4
f 14552/19/4 14530/19/4 14561/19/4
f 14539/19/4 14540/19/4 14562/19/4
f 14562/19/4 14540/19/4 14563/19/4
f 14542/18/4 14543/18/4 14565/18/4
f 14553/1/4 14554/1/4 14566/1/4
f 14543/1/4 14553/1/4 14566/1/4
f 14565/18/4 14543/18/4 14566/18/4
f 14566/1/4 14554/1/4 14567/1/4
f 14567/1/4 14554/1/4 14568/1/4
f 14555/1/4 14556/1/4 14569/1/4
f 14569/1/4 14556/1/4 14570/1/4
f 14557/1/4 14518/1/4 14571/1/4
f 14558/1/4 14559/1/4 14572/1/4
f 14560/1/4 14526/1/4 14573/1/4
f 14573/1/4 14526/1/4 14574/1/4
f 14564/18/4 14565/18/4 14575/18/4
f 14575/18/4 14565/18/4 14576/18/4
f 14566/1/4 14567/1/4 14577/1/4
f 14577/1/4 14567/1/4 14578/1/4
f 14569/1/4 14570/1/4 14579/1/4
f 14570/1/4 14571/1/4 14579/1/4
f 14568/1/4 14569/1/4 14579/1/4
f 14572/1/4 14573/1/4 14580/1/4
f 14574/1/4 14526/1/4 14581/1/4
f 14581/1/4 14526/1/4 14582/1/4
f 14582/1/4 14526/1/4 14583/1/4
f 14552/19/4 14561/19/4 14585/19/4
f 14561/19/4 14562/19/4 14585/19/4
f 14585/19/4 14562/19/4 14586/19/4
f 14566/1/4 14577/1/4 14588/1/4
f 14588/1/4 14577/1/4 14589/1/4
f 14578/1/4 14579/1/4 14590/1/4
f 14580/1/4 14581/1/4 14591/1/4
f 14582/1/4 14583/1/4 14592/1/4
f 14583/17/4 14584/17/4 14593/17/4
f 14592/1/4 14583/1/4 14593/1/4
f 14593/17/4 14584/17/4 14594/17/4
f 14550/1/4 14551/1/4 14595/1/4
f 14527/1/4 14550/1/4 14595/1/4
f 14595/1/4 14551/1/4 14596/1/4
f 14552/19/4 14585/19/4 14597/19/4
f 14597/19/4 14585/19/4 14598/19/4
f 14587/18/4 14588/18/4 14599/18/4
f 14589/1/4 14590/1/4 14600/1/4
f 14591/1/4 14592/1/4 14601/1/4
f 14587/18/4 14599/18/4 14603/18/4
f 14599/1/4 14600/1/4 14604/1/4
f 14603/18/4 14599/18/4 14604/18/4
f 14596/1/4 14597/1/4 14605/1/4
f 14595/1/4 14596/1/4 14605/1/4
f 14594/17/4 14595/17/4 14605/17/4
f 14605/1/4 14597/1/4 14606/1/4
f 14606/1/4 14597/1/4 14607/1/4
f 14521/1/4 14522/1/4 14609/1/4
f 14609/1/4 14522/1/4 14610/1/4
f 14594/17/4 14605/17/4 14611/17/4
f 14611/17/4 14605/17/4 14612/17/4
f 14607/1/4 14608/1/4 14613/1/4
f 14606/1/4 14607/1/4 14613/1/4
f 14613/1/4 14608/1/4 14614/1/4
f 14612/1/4 14613/1/4 14615/1/4
f 14614/1/4 14608/1/4 14616/1/4
f 14616/1/4 14608/1/4 14617/1/4
f 14604/1/4 14600/1/4 14618/1/4
f 14579/1/4 14571/1/4 14618/1/4
f 14600/1/4 14590/1/4 14618/1/4
f 14590/1/4 14579/1/4 14618/1/4
f 14618/1/4 14571/1/4 14619/1/4
f 14615/1/4 14616/1/4 14622/1/4
f 14617/1/4 14608/1/4 14623/1/4
f 14623/1/4 14608/1/4 14624/1/4
f 14604/1/4 14618/1/4 14625/1/4
f 14625/1/4 14618/1/4 14626/1/4
f 14521/1/4 14609/1/4 14628/1/4
f 14628/1/4 14609/1/4 14629/1/4
f 14620/17/4 14621/17/4 14630/17/4
f 14622/1/4 14623/1/4 14631/1/4
f 14624/1/4 14608/1/4 14632/1/4
f 14632/1/4 14608/1/4 14633/1/4
f 14604/1/4 14625/1/4 14634/1/4
f 14634/1/4 14625/1/4 14635/1/4
f 14626/1/4 14627/1/4 14636/1/4
f 14636/1/4 14627/1/4 14637/1/4
f 14619/1/4 14571/1/4 14638/1/4
f 14638/1/4 14571/1/4 14639/1/4
f 14521/1/4 14628/1/4 14640/1/4
f 14640/1/4 14628/1/4 14641/1/4
f 14629/1/4 14630/1/4 14642/1/4
f 14630/17/4 14621/17/4 14643/17/4
f 14642/1/4 14630/1/4 14643/1/4
f 14643/17/4 14621/17/4 14644/17/4
f 14572/1/4 14580/1/4 14645/1/4
f 14546/1/4 14558/1/4 14645/1/4
f 14558/1/4 14572/1/4 14645/1/4
f 14601/1/4 14602/1/4 14645/1/4
f 14580/1/4 14591/1/4 14645/1/4
f 14591/1/4 14601/1/4 14645/1/4
f 14631/1/4 14632/1/4 14646/1/4
f 14633/1/4 14608/1/4 14647/1/4
f 14647/1/4 14608/1/4 14648/1/4
f 14604/1/4 14634/1/4 14650/1/4
f 14650/1/4 14634/1/4 14651/1/4
f 14637/1/4 14638/1/4 14652/1/4
f 14636/1/4 14637/1/4 14652/1/4
f 14635/1/4 14636/1/4 14652/1/4
f 14639/1/4 14571/1/4 14653/1/4
f 14571/1/4 14518/1/4 14654/1/4
f 14653/1/4 14571/1/4 14654/1/4
f 14521/1/4 14640/1/4 14655/1/4
f 14655/1/4 14640/1/4 14656/1/4
f 14642/1/4 14643/1/4 14657/1/4
f 14641/1/4 14642/1/4 14657/1/4
f 14646/1/4 14647/1/4 14658/1/4
f 14648/1/4 14608/1/4 14659/1/4
f 14659/1/4 14608/1/4 14660/1/4
f 14649/18/4 14650/18/4 14661/18/4
f 14651/1/4 14652/1/4 14662/1/4
f 14639/1/4 14653/1/4 14663/1/4
f 14663/1/4 14653/1/4 14664/1/4
f 14654/1/4 14518/1/4 14665/1/4
f 14519/1/4 14520/1/4 14666/1/4
f 14666/1/4 14520/1/4 14667/1/4
f 14521/1/4 14655/1/4 14668/1/4
f 14668/1/4 14655/1/4 14669/1/4
f 14656/1/4 14657/1/4 14670/1/4
f 14658/1/4 14659/1/4 14671/1/4
f 14660/1/4 14608/1/4 14672/1/4
f 14672/1/4 14608/1/4 14673/1/4
f 14649/18/4 14661/18/4 14674/18/4
f 14661/1/4 14662/1/4 14675/1/4
f 14674/18/4 14661/18/4 14675/18/4
f 14639/1/4 14663/1/4 14676/1/4
f 14676/1/4 14663/1/4 14677/1/4
f 14664/1/4 14665/1/4 14678/1/4
f 14667/1/4 14520/1/4 14680/1/4
f 14680/1/4 14520/1/4 14681/1/4
f 14521/1/4 14668/1/4 14682/1/4
f 14682/1/4 14668/1/4 14683/1/4
f 14669/1/4 14670/1/4 14684/1/4
f 14644/17/4 14645/17/4 14685/17/4
f 14645/1/4 14602/1/4 14686/1/4
f 14685/17/4 14645/17/4 14686/17/4
f 14686/1/4 14602/1/4 14687/1/4
f 14646/1/4 14658/1/4 14688/1/4
f 14658/1/4 14671/1/4 14688/1/4
f 14671/1/4 14672/1/4 14688/1/4
f 14631/1/4 14646/1/4 14688/1/4
f 14688/1/4 14672/1/4 14689/1/4
f 14689/1/4 14672/1/4 14690/1/4
f 14673/1/4 14608/1/4 14691/1/4
f 14691/1/4 14608/1/4 14692/1/4
f 14652/1/4 14638/1/4 14693/1/4
f 14662/1/4 14652/1/4 14693/1/4
f 14675/1/4 14662/1/4 14693/1/4
f 14677/1/4 14678/1/4 14694/1/4
f 14679/1/4 14680/1/4 14695/1/4
f 14681/1/4 14520/1/4 14696/1/4
f 14696/1/4 14520/1/4 14697/1/4
f 14521/1/4 14682/1/4 14698/1/4
f 14698/1/4 14682/1/4 14699/1/4
f 14683/1/4 14684/1/4 14700/1/4
f 14615/1/4 14622/1/4 14701/1/4
f 14631/1/4 14688/1/4 14701/1/4
f 14622/1/4 14631/1/4 14701/1/4
f 14701/1/4 14688/1/4 14702/1/4
f 14690/1/4 14691/1/4 14703/1/4
f 14689/1/4 14690/1/4 14703/1/4
f 14703/1/4 14691/1/4 14704/1/4
f 14695/1/4 14696/1/4 14705/1/4
f 14697/1/4 14520/1/4 14706/1/4
f 14706/1/4 14520/1/4 14707/1/4
f 14521/1/4 14698/1/4 14708/1/4
f 14708/1/4 14698/1/4 14709/1/4
f 14699/1/4 14700/1/4 14710/1/4
f 14687/1/4 14602/1/4 14712/1/4
f 14712/1/4 14602/1/4 14713/1/4
f 14612/1/4 14615/1/4 14714/1/4
f 14615/1/4 14701/1/4 14714/1/4
f 14714/1/4 14701/1/4 14715/1/4
f 14702/1/4 14703/1/4 14716/1/4
f 14716/1/4 14703/1/4 14717/1/4
f 14692/1/4 14608/1/4 14719/1/4
f 14719/1/4 14608/1/4 14720/1/4
f 14705/1/4 14706/1/4 14721/1/4
f 14707/1/4 14520/1/4 14722/1/4
f 14722/1/4 14520/1/4 14723/1/4
f 14521/1/4 14708/1/4 14724/1/4
f 14724/1/4 14708/1/4 14725/1/4
f 14709/1/4 14710/1/4 14726/1/4
f 14717/1/4 14718/1/4 14728/1/4
f 14716/1/4 14717/1/4 14728/1/4
f 14715/1/4 14716/1/4 14728/1/4
f 14728/1/4 14718/1/4 14729/1/4
f 14720/1/4 14608/1/4 14731/1/4
f 14731/1/4 14608/1/4 14732/1/4
f 14721/1/4 14722/1/4 14733/1/4
f 14723/1/4 14520/1/4 14734/1/4
f 14734/1/4 14520/1/4 14735/1/4
f 14521/1/4 14724/1/4 14737/1/4
f 14737/1/4 14724/1/4 14738/1/4
f 14725/1/4 14726/1/4 14739/1/4
f 14711/1/4 14712/1/4 14740/1/4
f 14713/1/4 14602/1/4 14741/1/4
f 14741/1/4 14602/1/4 14742/1/4
f 14729/1/4 14730/1/4 14743/1/4
f 14728/1/4 14729/1/4 14743/1/4
f 14727/1/4 14728/1/4 14743/1/4
f 14732/1/4 14608/1/4 14744/1/4
f 14744/1/4 14608/1/4 14745/1/4
f 14736/17/4 14737/17/4 14748/17/4
f 14748/17/4 14737/17/4 14749/17/4
f 14738/1/4 14739/1/4 14750/1/4
f 14743/1/4 14744/1/4 14751/1/4
f 14745/1/4 14608/1/4 14752/1/4
f 14752/1/4 14608/1/4 14753/1/4
f 14733/1/4 14734/1/4 14754/1/4
f 14746/1/4 14747/1/4 14755/1/4
f 14747/17/4 14748/17/4 14756/17/4
f 14755/1/4 14747/1/4 14756/1/4
f 14756/17/4 14748/17/4 14757/17/4
f 14740/1/4 14741/1/4 14758/1/4
f 14742/1/4 14602/1/4 14759/1/4
f 14759/1/4 14602/1/4 14760/1/4
f 14751/1/4 14752/1/4 14761/1/4
f 14753/1/4 14608/1/4 14762/1/4
f 14762/1/4 14608/1/4 14763/1/4
f 14695/1/4 14705/1/4 14764/1/4
f 14705/1/4 14721/1/4 14764/1/4
f 14721/1/4 14733/1/4 14764/1/4
f 14733/1/4 14754/1/4 14764/1/4
f 14754/1/4 14755/1/4 14764/1/4
f 14764/1/4 14755/1/4 14765/1/4
f 14765/1/4 14755/1/4 14766/1/4
f 14766/1/4 14755/1/4 14767/1/4
f 14761/1/4 14762/1/4 14769/1/4
f 14763/1/4 14608/1/4 14770/1/4
f 14770/1/4 14608/1/4 14771/1/4
f 14771/1/4 14608/1/4 14772/1/4
f 14765/1/4 14766/1/4 14774/1/4
f 14774/1/4 14766/1/4 14775/1/4
f 14767/1/4 14768/1/4 14776/1/4
f 14758/1/4 14759/1/4 14777/1/4
f 14760/1/4 14602/1/4 14778/1/4
f 14778/1/4 14602/1/4 14779/1/4
f 14769/1/4 14770/1/4 14780/1/4
f 14771/1/4 14772/1/4 14781/1/4
f 14772/19/4 14773/19/4 14782/19/4
f 14781/1/4 14772/1/4 14782/1/4
f 14782/19/4 14773/19/4 14783/19/4
f 14780/1/4 14781/1/4 14785/1/4
f 14695/1/4 14764/1/4 14787/1/4
f 14765/1/4 14774/1/4 14788/1/4
f 14788/1/4 14774/1/4 14789/1/4
f 14789/1/4 14774/1/4 14790/1/4
f 14790/1/4 14774/1/4 14791/1/4
f 14775/1/4 14776/1/4 14792/1/4
f 14777/1/4 14778/1/4 14793/1/4
f 14779/1/4 14602/1/4 14794/1/4
f 14794/1/4 14602/1/4 14795/1/4
f 14783/19/4 14784/19/4 14796/19/4
f 14796/19/4 14784/19/4 14797/19/4
f 14789/1/4 14790/1/4 14798/1/4
f 14798/1/4 14790/1/4 14799/1/4
f 14791/1/4 14792/1/4 14800/1/4
f 14675/1/4 14693/1/4 14801/1/4
f 14693/1/4 14694/1/4 14801/1/4
f 14801/1/4 14694/1/4 14802/1/4
f 14695/1/4 14787/1/4 14803/1/4
f 14787/1/4 14788/1/4 14803/1/4
f 14803/1/4 14788/1/4 14804/1/4
f 14789/1/4 14798/1/4 14805/1/4
f 14805/1/4 14798/1/4 14806/1/4
f 14799/1/4 14800/1/4 14807/1/4
f 14675/1/4 14801/1/4 14808/1/4
f 14802/1/4 14694/1/4 14809/1/4
f 14809/1/4 14694/1/4 14810/1/4
f 14806/1/4 14807/1/4 14812/1/4
f 14793/1/4 14794/1/4 14813/1/4
f 14795/1/4 14602/1/4 14814/1/4
f 14814/1/4 14602/1/4 14815/1/4
f 14808/1/4 14809/1/4 14816/1/4
f 14810/1/4 14694/1/4 14817/1/4
f 14694/1/4 14678/1/4 14818/1/4
f 14817/1/4 14694/1/4 14818/1/4
f 14695/1/4 14803/1/4 14819/1/4
f 14819/1/4 14803/1/4 14820/1/4
f 14811/1/4 14812/1/4 14821/1/4
f 14812/1/4 14807/1/4 14822/1/4
f 14821/1/4 14812/1/4 14822/1/4
f 14749/1/4 14750/1/4 14823/1/4
f 14739/1/4 14726/1/4 14823/1/4
f 14750/1/4 14739/1/4 14823/1/4
f 14726/1/4 14710/1/4 14824/1/4
f 14823/1/4 14726/1/4 14824/1/4
f 14813/1/4 14814/1/4 14825/1/4
f 14815/1/4 14602/1/4 14826/1/4
f 14826/1/4 14602/1/4 14827/1/4
f 14816/1/4 14817/1/4 14828/1/4
f 14818/1/4 14678/1/4 14829/1/4
f 14678/1/4 14665/1/4 14830/1/4
f 14829/1/4 14678/1/4 14830/1/4
f 14695/1/4 14819/1/4 14831/1/4
f 14831/1/4 14819/1/4 14832/1/4
f 14820/1/4 14821/1/4 14833/1/4
f 14749/1/4 14823/1/4 14834/1/4
f 14824/1/4 14710/1/4 14835/1/4
f 14700/1/4 14684/1/4 14836/1/4
f 14684/1/4 14670/1/4 14836/1/4
f 14835/1/4 14710/1/4 14836/1/4
f 14710/1/4 14700/1/4 14836/1/4
f 14825/1/4 14826/1/4 14837/1/4
f 14827/1/4 14602/1/4 14838/1/4
f 14838/1/4 14602/1/4 14839/1/4
f 14808/1/4 14816/1/4 14840/1/4
f 14828/1/4 14829/1/4 14840/1/4
f 14675/1/4 14808/1/4 14840/1/4
f 14816/1/4 14828/1/4 14840/1/4
f 14840/1/4 14829/1/4 14841/1/4
f 14841/1/4 14829/1/4 14842/1/4
f 14830/1/4 14665/1/4 14843/1/4
f 14843/1/4 14665/1/4 14844/1/4
f 14695/1/4 14831/1/4 14845/1/4
f 14845/1/4 14831/1/4 14846/1/4
f 14832/1/4 14833/1/4 14847/1/4
f 14834/1/4 14835/1/4 14848/1/4
f 14836/1/4 14670/1/4 14851/1/4
f 14657/1/4 14643/1/4 14852/1/4
f 14670/1/4 14657/1/4 14852/1/4
f 14851/1/4 14670/1/4 14852/1/4
f 14837/1/4 14838/1/4 14853/1/4
f 14839/1/4 14602/1/4 14854/1/4
f 14854/1/4 14602/1/4 14855/1/4
f 14743/1/4 14751/1/4 14856/1/4
f 14769/1/4 14780/1/4 14856/1/4
f 14727/1/4 14743/1/4 14856/1/4
f 14761/1/4 14769/1/4 14856/1/4
f 14751/1/4 14761/1/4 14856/1/4
f 14785/1/4 14786/1/4 14856/1/4
f 14780/1/4 14785/1/4 14856/1/4
f 14856/1/4 14786/1/4 14857/1/4
f 14841/1/4 14842/1/4 14859/1/4
f 14842/1/4 14843/1/4 14859/1/4
f 14859/1/4 14843/1/4 14860/1/4
f 14860/1/4 14843/1/4 14861/1/4
f 14861/1/4 14843/1/4 14862/1/4
f 14862/1/4 14843/1/4 14863/1/4
f 14844/1/4 14665/1/4 14864/1/4
f 14665/1/4 14518/1/4 14865/1/4
f 14864/1/4 14665/1/4 14865/1/4
f 14695/1/4 14845/1/4 14866/1/4
f 14866/1/4 14845/1/4 14867/1/4
f 14846/1/4 14847/1/4 14868/1/4
f 14848/1/4 14849/1/4 14869/1/4
f 14834/1/4 14848/1/4 14869/1/4
f 14869/1/4 14849/1/4 14870/1/4
f 14850/1/4 14851/1/4 14871/1/4
f 14871/1/4 14851/1/4 14872/1/4
f 14852/1/4 14643/1/4 14873/1/4
f 14873/1/4 14643/1/4 14874/1/4
f 14853/1/4 14854/1/4 14875/1/4
f 14855/1/4 14602/1/4 14876/1/4
f 14876/1/4 14602/1/4 14877/1/4
f 14860/1/4 14861/1/4 14880/1/4
f 14880/1/4 14861/1/4 14881/1/4
f 14863/1/4 14864/1/4 14882/1/4
f 14862/1/4 14863/1/4 14882/1/4
f 14882/1/4 14864/1/4 14883/1/4
f 14865/1/4 14518/1/4 14884/1/4
f 14884/1/4 14518/1/4 14885/1/4
f 14834/1/4 14869/1/4 14886/1/4
f 14886/1/4 14869/1/4 14887/1/4
f 14871/1/4 14872/1/4 14888/1/4
f 14872/1/4 14873/1/4 14888/1/4
f 14870/1/4 14871/1/4 14888/1/4
f 14888/1/4 14873/1/4 14889/1/4
f 14874/1/4 14643/1/4 14890/1/4
f 14878/17/4 14879/17/4 14892/17/4
f 14892/17/4 14879/17/4 14893/17/4
f 14857/1/4 14786/1/4 14894/1/4
f 14858/1/4 14859/1/4 14895/1/4
f 14860/1/4 14880/1/4 14896/1/4
f 14896/1/4 14880/1/4 14897/1/4
f 14897/1/4 14880/1/4 14898/1/4
f 14898/1/4 14880/1/4 14899/1/4
f 14882/1/4 14883/1/4 14900/1/4
f 14883/1/4 14884/1/4 14900/1/4
f 14881/1/4 14882/1/4 14900/1/4
f 14900/1/4 14884/1/4 14901/1/4
f 14679/1/4 14695/1/4 14903/1/4
f 14695/1/4 14866/1/4 14903/1/4
f 14903/1/4 14866/1/4 14904/1/4
f 14867/1/4 14868/1/4 14905/1/4
f 14833/1/4 14821/1/4 14906/1/4
f 14868/1/4 14847/1/4 14906/1/4
f 14905/1/4 14868/1/4 14906/1/4
f 14847/1/4 14833/1/4 14906/1/4
f 14822/1/4 14807/1/4 14907/1/4
f 14807/1/4 14800/1/4 14908/1/4
f 14907/1/4 14807/1/4 14908/1/4
f 14749/1/4 14834/1/4 14909/1/4
f 14834/1/4 14886/1/4 14909/1/4
f 14909/1/4 14886/1/4 14910/1/4
f 14888/1/4 14889/1/4 14911/1/4
f 14889/1/4 14890/1/4 14911/1/4
f 14887/1/4 14888/1/4 14911/1/4
f 14853/1/4 14875/1/4 14912/1/4
f 14875/1/4 14876/1/4 14912/1/4
f 14912/1/4 14876/1/4 14913/1/4
f 14891/17/4 14892/17/4 14914/17/4
f 14914/17/4 14892/17/4 14915/17/4
f 14897/1/4 14898/1/4 14916/1/4
f 14916/1/4 14898/1/4 14917/1/4
f 14901/1/4 14902/1/4 14918/1/4
f 14899/1/4 14900/1/4 14918/1/4
f 14900/1/4 14901/1/4 14918/1/4
f 14679/1/4 14903/1/4 14919/1/4
f 14919/1/4 14903/1/4 14920/1/4
f 14904/1/4 14905/1/4 14921/1/4
f 14905/1/4 14906/1/4 14921/1/4
f 14906/1/4 14907/1/4 14921/1/4
f 14749/1/4 14909/1/4 14922/1/4
f 14922/1/4 14909/1/4 14923/1/4
f 14910/1/4 14911/1/4 14924/1/4
f 14837/1/4 14853/1/4 14925/1/4
f 14853/1/4 14912/1/4 14925/1/4
f 14925/1/4 14912/1/4 14926/1/4
f 14913/1/4 14914/1/4 14927/1/4
f 14895/1/4 14896/1/4 14928/1/4
f 14897/1/4 14916/1/4 14929/1/4
f 14929/1/4 14916/1/4 14930/1/4
f 14917/1/4 14918/1/4 14931/1/4
f 14679/1/4 14919/1/4 14932/1/4
f 14932/1/4 14919/1/4 14933/1/4
f 14920/1/4 14921/1/4 14934/1/4
f 14749/1/4 14922/1/4 14935/1/4
f 14935/1/4 14922/1/4 14936/1/4
f 14923/1/4 14924/1/4 14937/1/4
f 14825/1/4 14837/1/4 14938/1/4
f 14837/1/4 14925/1/4 14938/1/4
f 14938/1/4 14925/1/4 14939/1/4
f 14926/1/4 14927/1/4 14940/1/4
f 14930/1/4 14931/1/4 14942/1/4
f 14679/1/4 14932/1/4 14944/1/4
f 14944/1/4 14932/1/4 14945/1/4
f 14933/1/4 14934/1/4 14946/1/4
f 14936/1/4 14937/1/4 14948/1/4
f 14825/1/4 14938/1/4 14949/1/4
f 14813/1/4 14825/1/4 14949/1/4
f 14949/1/4 14938/1/4 14950/1/4
f 14939/1/4 14940/1/4 14951/1/4
f 14858/1/4 14895/1/4 14952/1/4
f 14895/1/4 14928/1/4 14952/1/4
f 14928/1/4 14929/1/4 14952/1/4
f 14952/1/4 14929/1/4 14953/1/4
f 14953/1/4 14929/1/4 14954/1/4
f 14941/1/4 14942/1/4 14955/1/4
f 14943/17/4 14944/17/4 14956/17/4
f 14945/1/4 14946/1/4 14957/1/4
f 14921/1/4 14907/1/4 14958/1/4
f 14934/1/4 14921/1/4 14958/1/4
f 14957/1/4 14946/1/4 14958/1/4
f 14946/1/4 14934/1/4 14958/1/4
f 14908/1/4 14800/1/4 14959/1/4
f 14800/1/4 14792/1/4 14960/1/4
f 14959/1/4 14800/1/4 14960/1/4
f 14793/1/4 14813/1/4 14961/1/4
f 14777/1/4 14793/1/4 14961/1/4
f 14813/1/4 14949/1/4 14961/1/4
f 14961/1/4 14949/1/4 14962/1/4
f 14950/1/4 14951/1/4 14963/1/4
f 14953/1/4 14954/1/4 14965/1/4
f 14954/1/4 14955/1/4 14965/1/4
f 14965/1/4 14955/1/4 14966/1/4
f 14943/17/4 14956/17/4 14967/17/4
f 14958/1/4 14959/1/4 14968/1/4
f 14967/17/4 14956/17/4 14968/17/4
f 14957/1/4 14958/1/4 14968/1/4
f 14956/1/4 14957/1/4 14968/1/4
f 14740/1/4 14758/1/4 14969/1/4
f 14758/1/4 14777/1/4 14969/1/4
f 14777/1/4 14961/1/4 14969/1/4
f 14969/1/4 14961/1/4 14970/1/4
f 14962/1/4 14963/1/4 14971/1/4
f 14964/1/4 14965/1/4 14972/1/4
f 14966/1/4 14955/1/4 14973/1/4
f 14955/1/4 14942/1/4 14974/1/4
f 14973/1/4 14955/1/4 14974/1/4
f 14711/1/4 14740/1/4 14976/1/4
f 14740/1/4 14969/1/4 14976/1/4
f 14976/1/4 14969/1/4 14977/1/4
f 14970/1/4 14971/1/4 14978/1/4
f 14972/1/4 14973/1/4 14979/1/4
f 14974/1/4 14942/1/4 14980/1/4
f 14942/1/4 14931/1/4 14981/1/4
f 14980/1/4 14942/1/4 14981/1/4
f 14968/1/4 14959/1/4 14982/1/4
f 14960/1/4 14792/1/4 14983/1/4
f 14975/17/4 14976/17/4 14984/17/4
f 14977/1/4 14978/1/4 14985/1/4
f 14979/1/4 14980/1/4 14986/1/4
f 14981/1/4 14931/1/4 14987/1/4
f 14918/1/4 14902/1/4 14988/1/4
f 14931/1/4 14918/1/4 14988/1/4
f 14987/1/4 14931/1/4 14988/1/4
f 14975/17/4 14984/17/4 14989/17/4
f 14984/1/4 14985/1/4 14990/1/4
f 14989/17/4 14984/17/4 14990/17/4
f 14986/1/4 14987/1/4 14991/1/4
f 14988/1/4 14902/1/4 14992/1/4
f 14992/1/4 14902/1/4 14993/1/4
f 14991/1/4 14992/1/4 14994/1/4
f 14993/1/4 14902/1/4 14995/1/4
f 14995/1/4 14902/1/4 14996/1/4
f 14994/1/4 14995/1/4 14997/1/4
f 14996/1/4 14902/1/4 14998/1/4
f 14998/1/4 14902/1/4 14999/1/4
f 14893/1/4 14894/1/4 15000/1/4
f 14894/1/4 14786/1/4 15000/1/4
f 15000/1/4 14786/1/4 15001/1/4
f 14997/1/4 14998/1/4 15003/1/4
f 14999/1/4 14902/1/4 15004/1/4
f 15004/1/4 14902/1/4 15005/1/4
f 14893/1/4 15000/1/4 15006/1/4
f 15006/1/4 15000/1/4 15007/1/4
f 15001/19/4 15002/19/4 15008/19/4
f 15008/19/4 15002/19/4 15009/19/4
f 15003/1/4 15004/1/4 15010/1/4
f 15005/1/4 14902/1/4 15011/1/4
f 15011/1/4 14902/1/4 15012/1/4
f 14968/1/4 14982/1/4 15013/1/4
f 14982/1/4 14983/1/4 15013/1/4
f 15013/1/4 14983/1/4 15014/1/4
f 14893/1/4 15006/1/4 15015/1/4
f 15015/1/4 15006/1/4 15016/1/4
f 15007/1/4 15008/1/4 15017/1/4
f 15010/1/4 15011/1/4 15018/1/4
f 15014/1/4 14983/1/4 15021/1/4
f 15021/1/4 14983/1/4 15022/1/4
f 14893/1/4 15015/1/4 15023/1/4
f 15023/1/4 15015/1/4 15024/1/4
f 15016/1/4 15017/1/4 15025/1/4
f 15020/1/4 15021/1/4 15026/1/4
f 15022/1/4 14983/1/4 15027/1/4
f 15027/1/4 14983/1/4 15028/1/4
f 14947/1/4 14948/1/4 15029/1/4
f 14948/1/4 14937/1/4 15030/1/4
f 15029/1/4 14948/1/4 15030/1/4
f 14893/1/4 15023/1/4 15031/1/4
f 15031/1/4 15023/1/4 15032/1/4
f 15026/1/4 15027/1/4 15033/1/4
f 15028/1/4 14983/1/4 15034/1/4
f 15034/1/4 14983/1/4 15035/1/4
f 15030/1/4 14937/1/4 15037/1/4
f 15037/1/4 14937/1/4 15038/1/4
f 14893/1/4 15031/1/4 15039/1/4
f 15032/1/4 15023/1/4 15040/1/4
f 15040/1/4 15023/1/4 15041/1/4
f 15041/1/4 15023/1/4 15042/1/4
f 15042/1/4 15023/1/4 15043/1/4
f 15024/1/4 15025/1/4 15044/1/4
f 14997/1/4 15003/1/4 15045/1/4
f 15003/1/4 15010/1/4 15045/1/4
f 14991/1/4 14994/1/4 15045/1/4
f 14994/1/4 14997/1/4 15045/1/4
f 15018/1/4 15019/1/4 15045/1/4
f 15010/1/4 15018/1/4 15045/1/4
f 15045/1/4 15019/1/4 15046/1/4
f 15026/1/4 15033/1/4 15047/1/4
f 15033/1/4 15034/1/4 15047/1/4
f 15047/1/4 15034/1/4 15048/1/4
f 15048/1/4 15034/1/4 15049/1/4
f 15035/1/4 14983/1/4 15050/1/4
f 14983/1/4 14792/1/4 15051/1/4
f 15050/1/4 14983/1/4 15051/1/4
f 15039/1/4 15040/1/4 15052/1/4
f 15041/1/4 15042/1/4 15053/1/4
f 15053/1/4 15042/1/4 15054/1/4
f 15043/1/4 15044/1/4 15058/1/4
f 14986/1/4 14991/1/4 15059/1/4
f 14991/1/4 15045/1/4 15059/1/4
f 15059/1/4 15045/1/4 15060/1/4
f 15049/1/4 15050/1/4 15061/1/4
f 15048/1/4 15049/1/4 15061/1/4
f 15051/1/4 14792/1/4 15062/1/4
f 14776/1/4 14768/1/4 15063/1/4
f 14792/1/4 14776/1/4 15063/1/4
f 15062/1/4 14792/1/4 15063/1/4
f 15036/1/4 15037/1/4 15064/1/4
f 15038/1/4 14937/1/4 15065/1/4
f 14937/1/4 14924/1/4 15066/1/4
f 15065/1/4 14937/1/4 15066/1/4
f 15052/1/4 15053/1/4 15067/1/4
f 15054/1/4 15042/1/4 15068/1/4
f 15068/1/4 15042/1/4 15069/1/4
f 15055/1/4 15056/1/4 15070/1/4
f 15070/1/4 15056/1/4 15071/1/4
f 15071/1/4 15056/1/4 15072/1/4
f 15057/1/4 15058/1/4 15073/1/4
f 14979/1/4 14986/1/4 15074/1/4
f 14986/1/4 15059/1/4 15074/1/4
f 15074/1/4 15059/1/4 15075/1/4
f 15046/1/4 15019/1/4 15076/1/4
f 15076/1/4 15019/1/4 15077/1/4
f 15061/1/4 15062/1/4 15078/1/4
f 15063/1/4 14768/1/4 15079/1/4
f 15064/1/4 15065/1/4 15080/1/4
f 15066/1/4 14924/1/4 15081/1/4
f 15081/1/4 14924/1/4 15082/1/4
f 15052/1/4 15067/1/4 15083/1/4
f 15067/1/4 15068/1/4 15083/1/4
f 15083/1/4 15068/1/4 15084/1/4
f 15070/1/4 15071/1/4 15085/1/4
f 15069/1/4 15070/1/4 15085/1/4
f 15085/1/4 15071/1/4 15086/1/4
f 15086/1/4 15071/1/4 15087/1/4
f 15072/1/4 15073/1/4 15088/1/4
f 15026/1/4 15047/1/4 15089/1/4
f 15078/1/4 15079/1/4 15090/1/4
f 15048/1/4 15061/1/4 15090/1/4
f 15061/1/4 15078/1/4 15090/1/4
f 15090/1/4 15079/1/4 15091/1/4
f 15052/1/4 15083/1/4 15092/1/4
f 15085/1/4 15086/1/4 15093/1/4
f 15084/1/4 15085/1/4 15093/1/4
f 15093/1/4 15086/1/4 15094/1/4
f 15094/1/4 15086/1/4 15095/1/4
f 15087/1/4 15088/1/4 15096/1/4
f 14972/1/4 14979/1/4 15098/1/4
f 14964/1/4 14972/1/4 15098/1/4
f 14979/1/4 15074/1/4 15098/1/4
f 15098/1/4 15074/1/4 15099/1/4
f 15099/1/4 15074/1/4 15100/1/4
f 15075/1/4 15076/1/4 15101/1/4
f 15101/1/4 15076/1/4 15102/1/4
f 15077/1/4 15019/1/4 15103/1/4
f 15103/1/4 15019/1/4 15104/1/4
f 15080/1/4 15081/1/4 15105/1/4
f 15082/1/4 14924/1/4 15106/1/4
f 14924/1/4 14911/1/4 15107/1/4
f 15106/1/4 14924/1/4 15107/1/4
f 15105/1/4 15106/1/4 15108/1/4
f 15107/1/4 14911/1/4 15109/1/4
f 14911/1/4 14890/1/4 15110/1/4
f 15109/1/4 14911/1/4 15110/1/4
f 15093/1/4 15094/1/4 15111/1/4
f 15092/1/4 15093/1/4 15111/1/4
f 15111/1/4 15094/1/4 15112/1/4
f 15095/1/4 15096/1/4 15113/1/4
f 15097/18/4 15098/18/4 15114/18/4
f 15098/1/4 15099/1/4 15114/1/4
f 15114/1/4 15099/1/4 15115/1/4
f 15115/1/4 15099/1/4 15116/1/4
f 15116/1/4 15099/1/4 15117/1/4
f 15101/1/4 15102/1/4 15118/1/4
f 15100/1/4 15101/1/4 15118/1/4
f 15102/1/4 15103/1/4 15118/1/4
f 15118/1/4 15103/1/4 15119/1/4
f 15104/1/4 15019/1/4 15120/1/4
f 15120/1/4 15019/1/4 15121/1/4
f 15108/1/4 15109/1/4 15122/1/4
f 15110/1/4 14890/1/4 15123/1/4
f 15123/1/4 14890/1/4 15124/1/4
f 15092/1/4 15111/1/4 15125/1/4
f 15125/1/4 15111/1/4 15126/1/4
f 15112/1/4 15113/1/4 15127/1/4
f 15097/18/4 15114/18/4 15128/18/4
f 15128/18/4 15114/18/4 15129/18/4
f 15115/1/4 15116/1/4 15130/1/4
f 15130/1/4 15116/1/4 15131/1/4
f 14890/1/4 14643/1/4 15132/1/4
f 15124/1/4 14890/1/4 15132/1/4
f 15132/1/4 14643/1/4 15133/1/4
f 15092/1/4 15125/1/4 15134/1/4
f 15134/1/4 15125/1/4 15135/1/4
f 15126/1/4 15127/1/4 15136/1/4
f 15131/1/4 15116/1/4 15137/1/4
f 15137/1/4 15116/1/4 15138/1/4
f 15118/1/4 15119/1/4 15139/1/4
f 15117/1/4 15118/1/4 15139/1/4
f 15119/1/4 15120/1/4 15139/1/4
f 15139/1/4 15120/1/4 15140/1/4
f 15121/1/4 15019/1/4 15141/1/4
f 15141/1/4 15019/1/4 15142/1/4
f 15089/1/4 15090/1/4 15143/1/4
f 15122/1/4 15123/1/4 15145/1/4
f 15124/1/4 15132/1/4 15146/1/4
f 15146/1/4 15132/1/4 15147/1/4
f 15147/1/4 15132/1/4 15148/1/4
f 15148/1/4 15132/1/4 15149/1/4
f 15052/1/4 15092/1/4 15151/1/4
f 15092/1/4 15134/1/4 15151/1/4
f 15151/1/4 15134/1/4 15152/1/4
f 15135/1/4 15136/1/4 15153/1/4
f 15129/1/4 15130/1/4 15154/1/4
f 15139/1/4 15140/1/4 15155/1/4
f 15138/1/4 15139/1/4 15155/1/4
f 15140/1/4 15141/1/4 15155/1/4
f 15091/1/4 15079/1/4 15156/1/4
f 15079/1/4 14768/1/4 15156/1/4
f 15156/1/4 14768/1/4 15157/1/4
f 15145/1/4 15146/1/4 15158/1/4
f 15147/1/4 15148/1/4 15159/1/4
f 15159/1/4 15148/1/4 15160/1/4
f 15160/1/4 15148/1/4 15161/1/4
f 15161/1/4 15148/1/4 15162/1/4
f 15149/1/4 15150/1/4 15163/1/4
f 15039/1/4 15052/1/4 15164/1/4
f 15052/1/4 15151/1/4 15164/1/4
f 15164/1/4 15151/1/4 15165/1/4
f 15152/1/4 15153/1/4 15166/1/4
f 15154/1/4 15155/1/4 15167/1/4
f 15155/1/4 15141/1/4 15167/1/4
f 15142/1/4 15019/1/4 15168/1/4
f 15168/1/4 15019/1/4 15169/1/4
f 15169/1/4 15019/1/4 15170/1/4
f 15170/1/4 15019/1/4 15171/1/4
f 15091/1/4 15156/1/4 15172/1/4
f 15172/1/4 15156/1/4 15173/1/4
f 15160/1/4 15161/1/4 15175/1/4
f 15175/1/4 15161/1/4 15176/1/4
f 15162/1/4 15163/1/4 15177/1/4
f 15169/1/4 15170/1/4 15178/1/4
f 15178/1/4 15170/1/4 15179/1/4
f 15171/1/4 15019/1/4 15180/1/4
f 15091/1/4 15172/1/4 15181/1/4
f 15181/1/4 15172/1/4 15182/1/4
f 15173/1/4 15174/1/4 15183/1/4
f 15158/1/4 15159/1/4 15184/1/4
f 15160/1/4 15175/1/4 15185/1/4
f 15185/1/4 15175/1/4 15186/1/4
f 15176/1/4 15177/1/4 15187/1/4
f 14893/1/4 15039/1/4 15188/1/4
f 15039/1/4 15164/1/4 15188/1/4
f 15188/1/4 15164/1/4 15189/1/4
f 15165/1/4 15166/1/4 15190/1/4
f 15154/1/4 15167/1/4 15191/1/4
f 15167/1/4 15168/1/4 15191/1/4
f 15191/1/4 15168/1/4 15192/1/4
f 15179/1/4 15180/1/4 15194/1/4
f 15091/1/4 15181/1/4 15195/1/4
f 15195/1/4 15181/1/4 15196/1/4
f 15182/1/4 15183/1/4 15197/1/4
f 15186/1/4 15187/1/4 15199/1/4
f 14893/1/4 15188/1/4 15200/1/4
f 15200/1/4 15188/1/4 15201/1/4
f 15189/1/4 15190/1/4 15202/1/4
f 15154/1/4 15191/1/4 15203/1/4
f 15203/1/4 15191/1/4 15204/1/4
f 15091/1/4 15195/1/4 15206/1/4
f 15206/1/4 15195/1/4 15207/1/4
f 15196/1/4 15197/1/4 15208/1/4
f 15184/1/4 15185/1/4 15209/1/4
f 15158/1/4 15184/1/4 15209/1/4
f 15209/1/4 15185/1/4 15210/1/4
f 15198/1/4 15199/1/4 15211/1/4
f 15201/1/4 15202/1/4 15213/1/4
f 15154/1/4 15203/1/4 15214/1/4
f 15214/1/4 15203/1/4 15215/1/4
f 15204/1/4 15205/1/4 15216/1/4
f 15216/1/4 15205/1/4 15217/1/4
f 15193/1/4 15194/1/4 15218/1/4
f 15194/1/4 15180/1/4 15219/1/4
f 15218/1/4 15194/1/4 15219/1/4
f 15091/1/4 15206/1/4 15220/1/4
f 15220/1/4 15206/1/4 15221/1/4
f 15207/1/4 15208/1/4 15222/1/4
f 15145/1/4 15158/1/4 15223/1/4
f 15158/1/4 15209/1/4 15223/1/4
f 15223/1/4 15209/1/4 15224/1/4
f 15210/1/4 15211/1/4 15225/1/4
f 15154/1/4 15214/1/4 15226/1/4
f 15226/1/4 15214/1/4 15227/1/4
f 15216/1/4 15217/1/4 15228/1/4
f 15217/1/4 15218/1/4 15228/1/4
f 15215/1/4 15216/1/4 15228/1/4
f 15091/1/4 15220/1/4 15229/1/4
f 15229/1/4 15220/1/4 15230/1/4
f 15221/1/4 15222/1/4 15231/1/4
f 15122/1/4 15145/1/4 15232/1/4
f 15145/1/4 15223/1/4 15232/1/4
f 15232/1/4 15223/1/4 15233/1/4
f 15224/1/4 15225/1/4 15234/1/4
f 14990/1/4 14985/1/4 15236/1/4
f 14985/1/4 14978/1/4 15237/1/4
f 15236/1/4 14985/1/4 15237/1/4
f 15136/1/4 15127/1/4 15238/1/4
f 15190/1/4 15166/1/4 15238/1/4
f 15153/1/4 15136/1/4 15238/1/4
f 15166/1/4 15153/1/4 15238/1/4
f 15212/1/4 15213/1/4 15238/1/4
f 15213/1/4 15202/1/4 15238/1/4
f 15202/1/4 15190/1/4 15238/1/4
f 15127/1/4 15113/1/4 15239/1/4
f 15238/1/4 15127/1/4 15239/1/4
f 15073/1/4 15058/1/4 15240/1/4
f 15239/1/4 15113/1/4 15240/1/4
f 15044/1/4 15025/1/4 15240/1/4
f 15088/1/4 15073/1/4 15240/1/4
f 15017/1/4 15008/1/4 15240/1/4
f 15025/1/4 15017/1/4 15240/1/4
f 15058/1/4 15044/1/4 15240/1/4
f 15096/1/4 15088/1/4 15240/1/4
f 15113/1/4 15096/1/4 15240/1/4
f 15240/1/4 15008/1/4 15241/1/4
f 15154/1/4 15226/1/4 15242/1/4
f 15242/1/4 15226/1/4 15243/1/4
f 15227/1/4 15228/1/4 15244/1/4
f 15228/1/4 15218/1/4 15245/1/4
f 15244/1/4 15228/1/4 15245/1/4
f 15219/1/4 15180/1/4 15246/1/4
f 15180/1/4 15019/1/4 15247/1/4
f 15246/1/4 15180/1/4 15247/1/4
f 15143/1/4 15144/1/4 15248/1/4
f 15230/1/4 15231/1/4 15251/1/4
f 15108/1/4 15122/1/4 15252/1/4
f 15122/1/4 15232/1/4 15252/1/4
f 15252/1/4 15232/1/4 15253/1/4
f 15233/1/4 15234/1/4 15254/1/4
f 15235/17/4 15236/17/4 15255/17/4
f 15255/17/4 15236/17/4 15256/17/4
f 15237/1/4 14978/1/4 15257/1/4
f 14978/1/4 14971/1/4 15258/1/4
f 15257/1/4 14978/1/4 15258/1/4
f 15212/1/4 15238/1/4 15259/1/4
f 15239/1/4 15240/1/4 15260/1/4
f 15260/1/4 15240/1/4 15261/1/4
f 15261/1/4 15240/1/4 15262/1/4
f 15262/1/4 15240/1/4 15263/1/4
f 15154/1/4 15242/1/4 15265/1/4
f 15265/1/4 15242/1/4 15266/1/4
f 15243/1/4 15244/1/4 15267/1/4
f 15245/1/4 15246/1/4 15267/1/4
f 15244/1/4 15245/1/4 15267/1/4
f 15248/1/4 15249/1/4 15268/1/4
f 15143/1/4 15248/1/4 15268/1/4
f 15268/1/4 15249/1/4 15269/1/4
f 15250/1/4 15251/1/4 15270/1/4
f 15108/1/4 15252/1/4 15271/1/4
f 15253/1/4 15254/1/4 15272/1/4
f 15254/1/4 15234/1/4 15273/1/4
f 15272/1/4 15254/1/4 15273/1/4
f 15256/1/4 15257/1/4 15274/1/4
f 15258/1/4 14971/1/4 15275/1/4
f 15275/1/4 14971/1/4 15276/1/4
f 15212/1/4 15259/1/4 15277/1/4
f 15259/1/4 15260/1/4 15277/1/4
f 15277/1/4 15260/1/4 15278/1/4
f 15261/1/4 15262/1/4 15280/1/4
f 15280/1/4 15262/1/4 15281/1/4
f 15281/1/4 15262/1/4 15282/1/4
f 15282/1/4 15262/1/4 15283/1/4
f 15263/1/4 15264/1/4 15284/1/4
f 15154/1/4 15265/1/4 15285/1/4
f 15285/1/4 15265/1/4 15286/1/4
f 15266/1/4 15267/1/4 15287/1/4
f 15267/1/4 15246/1/4 15288/1/4
f 15287/1/4 15267/1/4 15288/1/4
f 15247/1/4 15019/1/4 15289/1/4
f 15289/1/4 15019/1/4 15290/1/4
f 15089/1/4 15143/1/4 15291/1/4
f 15143/1/4 15268/1/4 15291/1/4
f 15291/1/4 15268/1/4 15292/1/4
f 15269/1/4 15270/1/4 15293/1/4
f 15274/1/4 15275/1/4 15294/1/4
f 15276/1/4 14971/1/4 15295/1/4
f 14971/1/4 14963/1/4 15296/1/4
f 15295/1/4 14971/1/4 15296/1/4
f 15212/1/4 15277/1/4 15297/1/4
f 15297/1/4 15277/1/4 15298/1/4
f 15279/1/4 15280/1/4 15299/1/4
f 15299/1/4 15280/1/4 15300/1/4
f 15281/1/4 15282/1/4 15301/1/4
f 15301/1/4 15282/1/4 15302/1/4
f 15283/1/4 15284/1/4 15303/1/4
f 15154/1/4 15285/1/4 15304/1/4
f 15304/1/4 15285/1/4 15305/1/4
f 15287/1/4 15288/1/4 15306/1/4
f 15286/1/4 15287/1/4 15306/1/4
f 15288/1/4 15289/1/4 15306/1/4
f 15026/1/4 15089/1/4 15307/1/4
f 15089/1/4 15291/1/4 15307/1/4
f 15307/1/4 15291/1/4 15308/1/4
f 15292/1/4 15293/1/4 15309/1/4
f 15294/1/4 15295/1/4 15310/1/4
f 15296/1/4 14963/1/4 15311/1/4
f 14963/1/4 14951/1/4 15312/1/4
f 15311/1/4 14963/1/4 15312/1/4
f 15212/1/4 15297/1/4 15314/1/4
f 15314/1/4 15297/1/4 15315/1/4
f 15299/1/4 15300/1/4 15316/1/4
f 15300/1/4 15301/1/4 15316/1/4
f 15298/1/4 15299/1/4 15316/1/4
f 15316/1/4 15301/1/4 15317/1/4
f 15317/1/4 15301/1/4 15318/1/4
f 15302/1/4 15303/1/4 15319/1/4
f 15129/1/4 15154/1/4 15320/1/4
f 15154/1/4 15304/1/4 15320/1/4
f 15320/1/4 15304/1/4 15321/1/4
f 15305/1/4 15306/1/4 15322/1/4
f 15306/1/4 15289/1/4 15323/1/4
f 15322/1/4 15306/1/4 15323/1/4
f 15026/1/4 15307/1/4 15325/1/4
f 15308/1/4 15309/1/4 15326/1/4
f 15108/1/4 15271/1/4 15327/1/4
f 15271/1/4 15272/1/4 15327/1/4
f 15327/1/4 15272/1/4 15328/1/4
f 15273/1/4 15234/1/4 15329/1/4
f 15310/1/4 15311/1/4 15330/1/4
f 15312/1/4 14951/1/4 15331/1/4
f 15331/1/4 14951/1/4 15332/1/4
f 14940/1/4 14927/1/4 15333/1/4
f 15332/1/4 14951/1/4 15333/1/4
f 14951/1/4 14940/1/4 15333/1/4
f 14927/1/4 14914/1/4 15334/1/4
f 15333/1/4 14927/1/4 15334/1/4
f 15313/17/4 15314/17/4 15335/17/4
f 15335/17/4 15314/17/4 15336/17/4
f 15316/1/4 15317/1/4 15337/1/4
f 15315/1/4 15316/1/4 15337/1/4
f 15337/1/4 15317/1/4 15338/1/4
f 15338/1/4 15317/1/4 15339/1/4
f 15318/1/4 15319/1/4 15340/1/4
f 15129/1/4 15320/1/4 15341/1/4
f 15321/1/4 15322/1/4 15342/1/4
f 15323/1/4 15324/1/4 15342/1/4
f 15322/1/4 15323/1/4 15342/1/4
f 15328/1/4 15329/1/4 15343/1/4
f 15234/1/4 15225/1/4 15343/1/4
f 15187/1/4 15177/1/4 15343/1/4
f 15163/1/4 15150/1/4 15343/1/4
f 15225/1/4 15211/1/4 15343/1/4
f 15177/1/4 15163/1/4 15343/1/4
f 15199/1/4 15187/1/4 15343/1/4
f 15329/1/4 15234/1/4 15343/1/4
f 15211/1/4 15199/1/4 15343/1/4
f 15343/1/4 15150/1/4 15344/1/4
f 15332/1/4 15333/1/4 15346/1/4
f 15346/1/4 15333/1/4 15347/1/4
f 15334/17/4 15335/17/4 15348/17/4
f 15348/17/4 15335/17/4 15349/17/4
f 15105/1/4 15108/1/4 15350/1/4
f 15108/1/4 15327/1/4 15350/1/4
f 15350/1/4 15327/1/4 15351/1/4
f 15328/1/4 15343/1/4 15352/1/4
f 15352/1/4 15343/1/4 15353/1/4
f 15344/17/4 15345/17/4 15354/17/4
f 15330/1/4 15331/1/4 15355/1/4
f 15347/1/4 15348/1/4 15356/1/4
f 15337/1/4 15338/1/4 15357/1/4
f 15336/1/4 15337/1/4 15357/1/4
f 15357/1/4 15338/1/4 15358/1/4
f 15339/1/4 15340/1/4 15359/1/4
f 15105/1/4 15350/1/4 15360/1/4
f 15328/1/4 15352/1/4 15362/1/4
f 15362/1/4 15352/1/4 15363/1/4
f 15353/1/4 15354/1/4 15364/1/4
f 15354/17/4 15345/17/4 15365/17/4
f 15364/1/4 15354/1/4 15365/1/4
f 15365/17/4 15345/17/4 15366/17/4
f 15336/1/4 15357/1/4 15367/1/4
f 15367/1/4 15357/1/4 15368/1/4
f 15358/1/4 15359/1/4 15369/1/4
f 15340/1/4 15319/1/4 15370/1/4
f 15369/1/4 15359/1/4 15370/1/4
f 15359/1/4 15340/1/4 15370/1/4
f 15319/1/4 15303/1/4 15370/1/4
f 15284/1/4 15264/1/4 15370/1/4
f 15303/1/4 15284/1/4 15370/1/4
f 15360/1/4 15361/1/4 15371/1/4
f 15328/1/4 15362/1/4 15372/1/4
f 15372/1/4 15362/1/4 15373/1/4
f 15373/1/4 15362/1/4 15374/1/4
f 15374/1/4 15362/1/4 15375/1/4
f 15364/1/4 15365/1/4 15376/1/4
f 15363/1/4 15364/1/4 15376/1/4
f 15367/19/4 15368/19/4 15377/19/4
f 15336/1/4 15367/1/4 15377/1/4
f 15377/19/4 15368/19/4 15378/19/4
f 15369/19/4 15370/19/4 15379/19/4
f 15371/1/4 15372/1/4 15380/1/4
f 15373/19/4 15374/19/4 15381/19/4
f 15381/19/4 15374/19/4 15382/19/4
f 15382/19/4 15374/19/4 15383/19/4
f 15383/19/4 15374/19/4 15384/19/4
f 15378/19/4 15379/19/4 15385/19/4
f 15379/19/4 15370/19/4 15386/19/4
f 15385/19/4 15379/19/4 15386/19/4
f 15341/1/4 15342/1/4 15387/1/4
f 15129/1/4 15341/1/4 15387/1/4
f 15342/1/4 15324/1/4 15388/1/4
f 15387/1/4 15342/1/4 15388/1/4
f 15026/1/4 15325/1/4 15389/1/4
f 15325/1/4 15326/1/4 15389/1/4
f 15020/1/4 15026/1/4 15389/1/4
f 15231/1/4 15222/1/4 15390/1/4
f 15389/1/4 15326/1/4 15390/1/4
f 15251/1/4 15231/1/4 15390/1/4
f 15208/1/4 15197/1/4 15390/1/4
f 15222/1/4 15208/1/4 15390/1/4
f 15183/1/4 15174/1/4 15390/1/4
f 15197/1/4 15183/1/4 15390/1/4
f 15326/1/4 15309/1/4 15390/1/4
f 15270/1/4 15251/1/4 15390/1/4
f 15293/1/4 15270/1/4 15390/1/4
f 15309/1/4 15293/1/4 15390/1/4
f 15380/1/4 15381/1/4 15391/1/4
f 15036/1/4 15064/1/4 15391/1/4
f 15080/1/4 15105/1/4 15391/1/4
f 15064/1/4 15080/1/4 15391/1/4
f 15360/1/4 15371/1/4 15391/1/4
f 15371/1/4 15380/1/4 15391/1/4
f 15105/1/4 15360/1/4 15391/1/4
f 15391/1/4 15381/1/4 15392/1/4
f 15382/1/4 15383/1/4 15393/1/4
f 15393/1/4 15383/1/4 15394/1/4
f 15375/1/4 15376/1/4 15395/1/4
f 15376/1/4 15365/1/4 15396/1/4
f 15395/1/4 15376/1/4 15396/1/4
f 15274/1/4 15294/1/4 15397/1/4
f 15256/1/4 15274/1/4 15397/1/4
f 15355/1/4 15356/1/4 15397/1/4
f 15330/1/4 15355/1/4 15397/1/4
f 15310/1/4 15330/1/4 15397/1/4
f 15294/1/4 15310/1/4 15397/1/4
f 15356/1/4 15348/1/4 15398/1/4
f 15397/1/4 15356/1/4 15398/1/4
f 15336/1/4 15377/1/4 15399/1/4
f 15399/1/4 15377/1/4 15400/1/4
f 15385/1/4 15386/1/4 15401/1/4
f 15401/1/4 15386/1/4 15402/1/4
f 15413/17/4 15414/17/4 15417/17/4
f 15417/17/4 15414/17/4 15418/17/4
f 15415/17/4 15416/17/4 15419/17/4
f 15403/18/4 15404/18/4 15420/18/4
f 15420/18/4 15404/18/4 15421/18/4
f 15413/17/4 15417/17/4 15422/17/4
f 15422/17/4 15417/17/4 15423/17/4
f 15418/17/4 15419/17/4 15424/17/4
f 15403/18/4 15420/18/4 15425/18/4
f 15425/18/4 15420/18/4 15426/18/4
f 15403/18/4 15425/18/4 15428/18/4
f 15426/18/4 15427/18/4 15429/18/4
f 15411/17/4 15412/17/4 15430/17/4
f 15430/17/4 15412/17/4 15431/17/4
f 15423/17/4 15424/17/4 15433/17/4
f 15428/18/4 15429/18/4 15434/18/4
f 15429/18/4 15427/18/4 15434/18/4
f 15434/18/4 15427/18/4 15435/18/4
f 15431/17/4 15412/17/4 15437/17/4
f 15437/17/4 15412/17/4 15438/17/4
f 15428/18/4 15434/18/4 15439/18/4
f 15436/17/4 15437/17/4 15441/17/4
f 15409/17/4 15410/17/4 15443/17/4
f 15443/17/4 15410/17/4 15444/17/4
f 15444/17/4 15410/17/4 15446/17/4
f 15446/17/4 15410/17/4 15447/17/4
f 15439/18/4 15440/18/4 15448/18/4
f 15428/18/4 15439/18/4 15448/18/4
f 15448/18/4 15440/18/4 15449/18/4
f 15428/18/4 15448/18/4 15450/18/4
f 15445/17/4 15446/17/4 15452/17/4
f 15407/17/4 15408/17/4 15454/17/4
f 15454/17/4 15408/17/4 15455/17/4
f 15407/17/4 15454/17/4 15456/17/4
f 15456/17/4 15454/17/4 15457/17/4
f 15457/17/4 15458/17/4 15460/17/4
f 15432/17/4 15433/17/4 15461/17/4
f 15433/17/4 15424/17/4 15462/17/4
f 15461/17/4 15433/17/4 15462/17/4
f 15462/17/4 15424/17/4 15464/17/4
f 15424/17/4 15419/17/4 15465/17/4
f 15464/17/4 15424/17/4 15465/17/4
f 15463/17/4 15464/17/4 15466/17/4
f 15465/17/4 15419/17/4 15467/17/4
f 15441/17/4 15442/17/4 15468/17/4
f 15436/17/4 15441/17/4 15468/17/4
f 15468/17/4 15442/17/4 15469/17/4
f 15436/17/4 15468/17/4 15470/17/4
f 15470/17/4 15468/17/4 15471/17/4
f 15471/17/4 15472/17/4 15474/17/4
f 15405/17/4 15406/17/4 15475/17/4
f 15475/17/4 15406/17/4 15476/17/4
f 15405/17/4 15475/17/4 15477/17/4
f 15452/17/4 15453/17/4 15479/17/4
f 15445/17/4 15452/17/4 15479/17/4
f 15479/17/4 15453/17/4 15480/17/4
f 15445/17/4 15479/17/4 15481/17/4
f 15466/17/4 15467/17/4 15483/17/4
f 15463/17/4 15466/17/4 15483/17/4
f 15483/17/4 15467/17/4 15484/17/4
f 15484/17/4 15467/17/4 15486/17/4
f 15450/18/4 15451/18/4 15487/18/4
f 15428/18/4 15450/18/4 15487/18/4
f 15487/18/4 15451/18/4 15488/18/4
f 15428/18/4 15487/18/4 15489/18/4
f 15481/17/4 15482/17/4 15491/17/4
f 15445/17/4 15481/17/4 15491/17/4
f 15491/17/4 15482/17/4 15492/17/4
f 15445/17/4 15491/17/4 15493/17/4
f 15473/17/4 15474/17/4 15495/17/4
f 15474/17/4 15472/17/4 15495/17/4
f 15495/17/4 15472/17/4 15496/17/4
f 15473/17/4 15495/17/4 15497/17/4
f 15497/17/4 15495/17/4 15498/17/4
f 15493/17/4 15494/17/4 15500/17/4
f 15445/17/4 15493/17/4 15500/17/4
f 15500/17/4 15494/17/4 15501/17/4
f 15498/17/4 15499/17/4 15503/17/4
f 15501/17/4 15494/17/4 15505/17/4
f 15489/18/4 15490/18/4 15506/18/4
f 15428/18/4 15489/18/4 15506/18/4
f 15403/18/4 15428/18/4 15506/18/4
f 15506/18/4 15490/18/4 15507/18/4
f 15477/17/4 15478/17/4 15508/17/4
f 15405/17/4 15477/17/4 15508/17/4
f 15508/17/4 15478/17/4 15509/17/4
f 15459/17/4 15460/17/4 15510/17/4
f 15460/17/4 15458/17/4 15511/17/4
f 15510/17/4 15460/17/4 15511/17/4
f 15504/17/4 15505/17/4 15512/17/4
f 15505/17/4 15494/17/4 15513/17/4
f 15512/17/4 15505/17/4 15513/17/4
f 15502/17/4 15503/17/4 15514/17/4
f 15503/17/4 15499/17/4 15515/17/4
f 15514/17/4 15503/17/4 15515/17/4
f 15485/17/4 15486/17/4 15516/17/4
f 15419/17/4 15416/17/4 15517/17/4
f 15516/17/4 15486/17/4 15517/17/4
f 15467/17/4 15419/17/4 15517/17/4
f 15486/17/4 15467/17/4 15517/17/4
f 15518/18/4 15519/18/4 15520/18/4
f 15520/18/4 15519/18/4 15521/18/4
f 15524/18/5 15523/18/5 15522/18/5
f 15525/18/5 15523/18/5 15524/18/5
f 15526/18/5 15524/18/5 15522/18/5
f 15526/12/5 15525/12/5 15524/12/5
f 15527/12/5 15525/12/5 15526/12/5
f 15528/18/5 15527/18/5 15526/18/5
f 15528/12/5 15525/12/5 15527/12/5
f 15529/18/5 15523/18/5 15525/18/5
f 15529/12/5 15525/12/5 15528/12/5
f 15530/18/5 15528/18/5 15526/18/5
f 15530/18/5 15526/18/5 15522/18/5
f 15530/18/5 15529/18/5 15528/18/5
f 15531/18/5 15523/18/5 15529/18/5
f 15531/18/5 15529/18/5 15530/18/5
f 15534/17/5 15533/17/5 15532/17/5
f 15535/17/5 15533/17/5 15534/17/5
f 15538/18/5 15537/18/5 15536/18/5
f 15539/18/5 15537/18/5 15538/18/5
f 15542/15/5 15541/15/5 15540/15/5
f 15543/15/5 15541/15/5 15542/15/5
f 15546/18/5 15545/18/5 15544/18/5
f 15547/18/5 15545/18/5 15546/18/5
f 15554/15/5 15549/15/5 15548/15/5
f 15555/15/5 15549/15/5 15554/15/5
f 15556/15/5 15551/15/5 15550/15/5
f 15557/15/5 15551/15/5 15556/15/5
f 15558/15/5 15553/15/5 15552/15/5
f 15559/15/5 15553/15/5 15558/15/5
f 15562/18/5 15561/18/5 15560/18/5
f 15563/18/5 15561/18/5 15562/18/5
f 15566/18/5 15565/18/5 15564/18/5
f 15567/18/5 15565/18/5 15566/18/5
f 15570/8/5 15569/8/5 15568/8/5
f 15571/8/5 15569/8/5 15570/8/5
f 15574/15/5 15573/15/5 15572/15/5
f 15575/15/5 15573/15/5 15574/15/5
f 15578/18/5 15577/18/5 15576/18/5
f 15579/18/5 15577/18/5 15578/18/5
f 15582/18/5 15581/18/5 15580/18/5
f 15583/18/5 15581/18/5 15582/18/5
f 15592/11/5 15585/11/5 15584/11/5
f 15593/11/5 15585/11/5 15592/11/5
f 15594/11/5 15587/11/5 15586/11/5
f 15595/11/5 15587/11/5 15594/11/5
f 15596/11/5 15589/11/5 15588/11/5
f 15597/11/5 15589/11/5 15596/11/5
f 15598/11/5 15591/11/5 15590/11/5
f 15599/11/5 15591/11/5 15598/11/5
f 15600/11/5 15592/11/5 15584/11/5
f 15601/11/5 15585/11/5 15593/11/5
f 15602/11/5 15594/11/5 15586/11/5
f 15603/11/5 15587/11/5 15595/11/5
f 15604/11/5 15596/11/5 15588/11/5
f 15605/11/5 15589/11/5 15597/11/5
f 15606/11/5 15598/11/5 15590/11/5
f 15607/11/5 15591/11/5 15599/11/5
f 15608/11/5 15600/11/5 15584/11/5
f 15608/11/5 15601/11/5 15600/11/5
f 15609/11/5 15585/11/5 15601/11/5
f 15609/11/5 15601/11/5 15608/11/5
f 15610/11/5 15602/11/5 15586/11/5
f 15610/11/5 15603/11/5 15602/11/5
f 15611/11/5 15587/11/5 15603/11/5
f 15611/11/5 15603/11/5 15610/11/5
f 15612/11/5 15604/11/5 15588/11/5
f 15612/11/5 15605/11/5 15604/11/5
f 15613/11/5 15589/11/5 15605/11/5
f 15613/11/5 15605/11/5 15612/11/5
f 15614/11/5 15607/11/5 15606/11/5
f 15614/11/5 15606/11/5 15590/11/5
f 15615/11/5 15591/11/5 15607/11/5
f 15615/11/5 15607/11/5 15614/11/5
f 15620/17/5 15617/17/5 15616/17/5
f 15621/17/5 15617/17/5 15620/17/5
f 15624/17/5 15619/17/5 15618/17/5
f 15625/17/5 15619/17/5 15624/17/5
f 15626/1/5 15623/1/5 15622/1/5
f 15627/1/5 15623/1/5 15626/1/5
f 15634/1/5 15629/1/5 15628/1/5
f 15635/1/5 15629/1/5 15634/1/5
f 15636/1/5 15631/1/5 15630/1/5
f 15637/1/5 15631/1/5 15636/1/5
f 15638/1/5 15633/1/5 15632/1/5
f 15639/1/5 15633/1/5 15638/1/5
f 15642/1/5 15641/1/5 15640/1/5
f 15643/1/5 15641/1/5 15642/1/5
f 15646/1/5 15645/1/5 15644/1/5
f 15647/1/5 15645/1/5 15646/1/5
f 15650/1/5 15649/1/5 15648/1/5
f 15651/1/5 15649/1/5 15650/1/5
f 15654/1/5 15653/1/5 15652/1/5
f 15655/1/5 15653/1/5 15654/1/5
f 15666/1/5 15657/1/5 15656/1/5
f 15667/1/5 15657/1/5 15666/1/5
f 15668/1/5 15659/1/5 15658/1/5
f 15669/1/5 15659/1/5 15668/1/5
f 15670/1/5 15661/1/5 15660/1/5
f 15671/1/5 15661/1/5 15670/1/5
f 15672/1/5 15663/1/5 15662/1/5
f 15673/1/5 15663/1/5 15672/1/5
f 15674/1/5 15665/1/5 15664/1/5
f 15675/1/5 15665/1/5 15674/1/5
f 15680/1/5 15677/1/5 15676/1/5
f 15681/1/5 15677/1/5 15680/1/5
f 15682/1/5 15679/1/5 15678/1/5
f 15683/1/5 15679/1/5 15682/1/5
f 15686/1/5 15685/1/5 15684/1/5
f 15687/1/5 15685/1/5 15686/1/5
f 15690/1/5 15689/1/5 15688/1/5
f 15691/1/5 15689/1/5 15690/1/5
f 15694/1/5 15693/1/5 15692/1/5
f 15695/1/5 15693/1/5 15694/1/5
f 15698/1/5 15697/1/5 15696/1/5
f 15699/1/5 15697/1/5 15698/1/5
f 15708/1/5 15701/1/5 15700/1/5
f 15709/1/5 15701/1/5 15708/1/5
f 15710/1/5 15703/1/5 15702/1/5
f 15711/1/5 15703/1/5 15710/1/5
f 15712/1/5 15705/1/5 15704/1/5
f 15713/1/5 15705/1/5 15712/1/5
f 15714/1/5 15707/1/5 15706/1/5
f 15715/1/5 15707/1/5 15714/1/5
f 15720/1/5 15717/1/5 15716/1/5
f 15721/1/5 15717/1/5 15720/1/5
f 15722/1/5 15719/1/5 15718/1/5
f 15723/1/5 15719/1/5 15722/1/5
f 15726/1/5 15725/1/5 15724/1/5
f 15727/1/5 15725/1/5 15726/1/5
f 15730/1/5 15729/1/5 15728/1/5
f 15731/1/5 15729/1/5 15730/1/5
f 15734/1/5 15733/1/5 15732/1/5
f 15735/1/5 15733/1/5 15734/1/5
f 15744/1/5 15737/1/5 15736/1/5
f 15745/1/5 15737/1/5 15744/1/5
f 15746/1/5 15739/1/5 15738/1/5
f 15747/1/5 15739/1/5 15746/1/5
f 15748/1/5 15741/1/5 15740/1/5
f 15749/1/5 15741/1/5 15748/1/5
f 15750/1/5 15743/1/5 15742/1/5
f 15751/1/5 15743/1/5 15750/1/5
f 15756/1/5 15753/1/5 15752/1/5
f 15757/1/5 15753/1/5 15756/1/5
f 15758/1/5 15755/1/5 15754/1/5
f 15759/1/5 15755/1/5 15758/1/5
f 15762/1/5 15761/1/5 15760/1/5
f 15763/1/5 15761/1/5 15762/1/5
f 15766/1/5 15765/1/5 15764/1/5
f 15767/1/5 15765/1/5 15766/1/5
f 15770/1/5 15769/1/5 15768/1/5
f 15771/1/5 15769/1/5 15770/1/5
f 15774/1/5 15773/1/5 15772/1/5
f 15775/1/5 15773/1/5 15774/1/5
f 15782/1/5 15777/1/5 15776/1/5
f 15783/1/5 15777/1/5 15782/1/5
f 15784/1/5 15779/1/5 15778/1/5
f 15785/1/5 15779/1/5 15784/1/5
f 15786/1/5 15781/1/5 15780/1/5
f 15787/1/5 15781/1/5 15786/1/5
f 15790/1/5 15789/1/5 15788/1/5
f 15791/1/5 15789/1/5 15790/1/5
f 15794/1/5 15793/1/5 15792/1/5
f 15795/1/5 15793/1/5 15794/1/5
f 15798/1/5 15797/1/5 15796/1/5
f 15799/1/5 15797/1/5 15798/1/5
f 15812/1/5 15801/1/5 15800/1/5
f 15813/1/5 15801/1/5 15812/1/5
f 15814/1/5 15803/1/5 15802/1/5
f 15815/1/5 15803/1/5 15814/1/5
f 15816/1/5 15805/1/5 15804/1/5
f 15817/1/5 15805/1/5 15816/1/5
f 15818/1/5 15807/1/5 15806/1/5
f 15819/1/5 15807/1/5 15818/1/5
f 15820/1/5 15809/1/5 15808/1/5
f 15821/1/5 15809/1/5 15820/1/5
f 15822/1/5 15811/1/5 15810/1/5
f 15823/1/5 15811/1/5 15822/1/5
f 15826/1/5 15825/1/5 15824/1/5
f 15827/1/5 15825/1/5 15826/1/5
f 15830/1/5 15829/1/5 15828/1/5
f 15831/1/5 15829/1/5 15830/1/5
f 15834/1/5 15833/1/5 15832/1/5
f 15835/1/5 15833/1/5 15834/1/5
f 15838/1/5 15837/1/5 15836/1/5
f 15839/1/5 15837/1/5 15838/1/5
f 15844/1/5 15841/1/5 15840/1/5
f 15845/1/5 15841/1/5 15844/1/5
f 15846/1/5 15843/1/5 15842/1/5
f 15847/1/5 15843/1/5 15846/1/5
f 15854/1/5 15849/1/5 15848/1/5
f 15855/1/5 15849/1/5 15854/1/5
f 15856/1/5 15851/1/5 15850/1/5
f 15857/1/5 15851/1/5 15856/1/5
f 15858/1/5 15853/1/5 15852/1/5
f 15859/1/5 15853/1/5 15858/1/5
f 15862/1/5 15861/1/5 15860/1/5
f 15863/1/5 15861/1/5 15862/1/5
f 15866/1/5 15865/1/5 15864/1/5
f 15867/1/5 15865/1/5 15866/1/5
f 15870/1/5 15869/1/5 15868/1/5
f 15871/1/5 15869/1/5 15870/1/5
f 15882/1/5 15873/1/5 15872/1/5
f 15883/1/5 15873/1/5 15882/1/5
f 15884/1/5 15875/1/5 15874/1/5
f 15885/1/5 15875/1/5 15884/1/5
f 15886/1/5 15877/1/5 15876/1/5
f 15887/1/5 15877/1/5 15886/1/5
f 15888/1/5 15879/1/5 15878/1/5
f 15889/1/5 15879/1/5 15888/1/5
f 15890/1/5 15881/1/5 15880/1/5
f 15891/1/5 15881/1/5 15890/1/5
f 15894/1/5 15893/1/5 15892/1/5
f 15895/1/5 15893/1/5 15894/1/5
f 15898/1/5 15897/1/5 15896/1/5
f 15899/1/5 15897/1/5 15898/1/5
f 15902/1/5 15901/1/5 15900/1/5
f 15903/1/5 15901/1/5 15902/1/5
f 15906/1/5 15905/1/5 15904/1/5
f 15907/1/5 15905/1/5 15906/1/5
f 15910/1/5 15909/1/5 15908/1/5
f 15911/1/5 15909/1/5 15910/1/5
f 15922/1/5 15913/1/5 15912/1/5
f 15923/1/5 15913/1/5 15922/1/5
f 15924/1/5 15915/1/5 15914/1/5
f 15925/1/5 15915/1/5 15924/1/5
f 15926/1/5 15917/1/5 15916/1/5
f 15927/1/5 15917/1/5 15926/1/5
f 15928/1/5 15919/1/5 15918/1/5
f 15929/1/5 15919/1/5 15928/1/5
f 15930/1/5 15921/1/5 15920/1/5
f 15931/1/5 15921/1/5 15930/1/5
f 15936/1/5 15933/1/5 15932/1/5
f 15937/1/5 15933/1/5 15936/1/5
f 15938/1/5 15935/1/5 15934/1/5
f 15939/1/5 15935/1/5 15938/1/5
f 15942/1/5 15941/1/5 15940/1/5
f 15943/1/5 15941/1/5 15942/1/5
f 15946/1/5 15945/1/5 15944/1/5
f 15947/1/5 15945/1/5 15946/1/5
f 15950/1/5 15949/1/5 15948/1/5
f 15951/1/5 15949/1/5 15950/1/5
f 15962/1/5 15953/1/5 15952/1/5
f 15963/1/5 15953/1/5 15962/1/5
f 15964/1/5 15955/1/5 15954/1/5
f 15965/1/5 15955/1/5 15964/1/5
f 15966/1/5 15957/1/5 15956/1/5
f 15967/1/5 15957/1/5 15966/1/5
f 15968/1/5 15959/1/5 15958/1/5
f 15969/1/5 15959/1/5 15968/1/5
f 15970/1/5 15961/1/5 15960/1/5
f 15971/1/5 15961/1/5 15970/1/5
f 15974/1/5 15973/1/5 15972/1/5
f 15975/1/5 15973/1/5 15974/1/5
f 15978/1/5 15977/1/5 15976/1/5
f 15979/1/5 15977/1/5 15978/1/5
f 15982/1/5 15981/1/5 15980/1/5
f 15983/1/5 15981/1/5 15982/1/5
f 15986/1/5 15985/1/5 15984/1/5
f 15987/1/5 15985/1/5 15986/1/5
f 15990/1/5 15989/1/5 15988/1/5
f 15991/1/5 15989/1/5 15990/1/5
f 16004/1/5 15993/1/5 15992/1/5
f 16005/1/5 15993/1/5 16004/1/5
f 16006/1/5 15995/1/5 15994/1/5
f 16007/1/5 15995/1/5 16006/1/5
f 16008/1/5 15997/1/5 15996/1/5
f 16009/1/5 15997/1/5 16008/1/5
f 16010/1/5 15999/1/5 15998/1/5
f 16011/1/5 15999/1/5 16010/1/5
f 16012/1/5 16001/1/5 16000/1/5
f 16013/1/5 16001/1/5 16012/1/5
f 16014/1/5 16003/1/5 16002/1/5
f 16015/1/5 16003/1/5 16014/1/5
f 16018/1/5 16017/1/5 16016/1/5
f 16019/1/5 16017/1/5 16018/1/5
f 16022/1/5 16021/1/5 16020/1/5
f 16023/1/5 16021/1/5 16022/1/5
f 16026/1/5 16025/1/5 16024/1/5
f 16027/1/5 16025/1/5 16026/1/5
f 16030/1/5 16029/1/5 16028/1/5
f 16031/1/5 16029/1/5 16030/1/5
f 16034/1/5 16033/1/5 16032/1/5
f 16035/1/5 16033/1/5 16034/1/5
f 16038/1/5 16037/1/5 16036/1/5
f 16039/1/5 16037/1/5 16038/1/5
f 16044/19/5 16041/19/5 16040/19/5
f 16045/19/5 16041/19/5 16044/19/5
f 16046/1/5 16043/1/5 16042/1/5
f 16047/1/5 16043/1/5 16046/1/5
f 16052/1/5 16049/1/5 16048/1/5
f 16053/1/5 16049/1/5 16052/1/5
f 16054/1/5 16051/1/5 16050/1/5
f 16055/1/5 16051/1/5 16054/1/5
f 16056/1/5 16051/1/5 16055/1/5
f 16061/1/5 16058/1/5 16057/1/5
f 16062/1/5 16058/1/5 16061/1/5
f 16063/1/5 16060/1/5 16059/1/5
f 16064/1/5 16060/1/5 16063/1/5
f 16067/1/5 16066/1/5 16065/1/5
f 16068/1/5 16066/1/5 16067/1/5
f 16071/1/5 16070/1/5 16069/1/5
f 16072/1/5 16070/1/5 16071/1/5
f 16075/1/5 16074/1/5 16073/1/5
f 16076/1/5 16074/1/5 16075/1/5
f 16079/1/5 16078/1/5 16077/1/5
f 16080/1/5 16078/1/5 16079/1/5
f 16091/1/5 16082/1/5 16081/1/5
f 16092/1/5 16082/1/5 16091/1/5
f 16093/1/5 16084/1/5 16083/1/5
f 16094/1/5 16084/1/5 16093/1/5
f 16095/1/5 16086/1/5 16085/1/5
f 16096/1/5 16086/1/5 16095/1/5
f 16097/1/5 16088/1/5 16087/1/5
f 16098/1/5 16088/1/5 16097/1/5
f 16099/1/5 16090/1/5 16089/1/5
f 16100/1/5 16090/1/5 16099/1/5
f 16105/1/5 16102/1/5 16101/1/5
f 16106/1/5 16102/1/5 16105/1/5
f 16107/17/5 16104/17/5 16103/17/5
f 16108/17/5 16104/17/5 16107/17/5
f 16111/1/5 16110/1/5 16109/1/5
f 16112/1/5 16110/1/5 16111/1/5
f 16115/1/5 16114/1/5 16113/1/5
f 16116/1/5 16114/1/5 16115/1/5
f 16119/1/5 16118/1/5 16117/1/5
f 16120/1/5 16118/1/5 16119/1/5
f 16123/1/5 16122/1/5 16121/1/5
f 16124/1/5 16122/1/5 16123/1/5
f 16131/1/5 16126/1/5 16125/1/5
f 16132/1/5 16126/1/5 16131/1/5
f 16133/1/5 16128/1/5 16127/1/5
f 16134/1/5 16128/1/5 16133/1/5
f 16135/1/5 16130/1/5 16129/1/5
f 16136/1/5 16130/1/5 16135/1/5
f 16139/17/5 16138/17/5 16137/17/5
f 16140/17/5 16138/17/5 16139/17/5
f 16143/1/5 16142/1/5 16141/1/5
f 16144/1/5 16142/1/5 16143/1/5
f 16147/1/5 16146/1/5 16145/1/5
f 16148/1/5 16146/1/5 16147/1/5
f 16151/1/5 16150/1/5 16149/1/5
f 16152/1/5 16150/1/5 16151/1/5
f 16155/1/5 16154/1/5 16153/1/5
f 16156/1/5 16154/1/5 16155/1/5
f 16159/1/5 16158/1/5 16157/1/5
f 16160/1/5 16158/1/5 16159/1/5
f 16163/1/5 16162/1/5 16161/1/5
f 16164/1/5 16162/1/5 16163/1/5
f 16179/1/5 16166/1/5 16165/1/5
f 16180/1/5 16166/1/5 16179/1/5
f 16181/1/5 16168/1/5 16167/1/5
f 16182/1/5 16168/1/5 16181/1/5
f 16183/1/5 16170/1/5 16169/1/5
f 16184/1/5 16170/1/5 16183/1/5
f 16185/1/5 16172/1/5 16171/1/5
f 16186/1/5 16172/1/5 16185/1/5
f 16187/1/5 16174/1/5 16173/1/5
f 16188/1/5 16174/1/5 16187/1/5
f 16189/1/5 16176/1/5 16175/1/5
f 16190/1/5 16176/1/5 16189/1/5
f 16191/1/5 16178/1/5 16177/1/5
f 16192/1/5 16178/1/5 16191/1/5
f 16195/17/5 16194/17/5 16193/17/5
f 16196/17/5 16194/17/5 16195/17/5
f 16200/17/5 16195/17/5 16193/17/5
f 16201/17/5 16194/17/5 16196/17/5
f 16205/17/5 16198/17/5 16197/17/5
f 16206/17/5 16200/17/5 16199/17/5
f 16207/17/5 16195/17/5 16200/17/5
f 16207/17/5 16200/17/5 16206/17/5
f 16208/17/5 16201/17/5 16196/17/5
f 16208/17/5 16202/17/5 16201/17/5
f 16209/17/5 16202/17/5 16208/17/5
f 16210/17/5 16202/17/5 16209/17/5
f 16211/17/5 16204/17/5 16203/17/5
f 16212/17/5 16204/17/5 16211/17/5
f 16215/17/5 16205/17/5 16197/17/5
f 16215/17/5 16206/17/5 16205/17/5
f 16216/17/5 16206/17/5 16215/17/5
f 16217/17/5 16210/17/5 16209/17/5
f 16218/17/5 16210/17/5 16217/17/5
f 16219/17/5 16215/17/5 16197/17/5
f 16220/17/5 16214/17/5 16213/17/5
f 16221/17/5 16219/17/5 16197/17/5
f 16222/17/5 16219/17/5 16221/17/5
f 16226/17/5 16224/17/5 16223/17/5
f 16226/17/5 16225/17/5 16224/17/5
f 16227/17/5 16225/17/5 16226/17/5
f 16228/17/5 16214/17/5 16220/17/5
f 16229/17/5 16214/17/5 16228/17/5
f 16233/17/5 16231/17/5 16230/17/5
f 16233/17/5 16232/17/5 16231/17/5
f 16234/17/5 16232/17/5 16233/17/5
f 16235/17/5 16232/17/5 16234/17/5
f 16236/17/5 16232/17/5 16235/17/5
f 16239/17/5 16226/17/5 16223/17/5
f 16241/17/5 16239/17/5 16223/17/5
f 16241/17/5 16240/17/5 16239/17/5
f 16242/17/5 16240/17/5 16241/17/5
f 16243/17/5 16241/17/5 16223/17/5
f 16244/17/5 16241/17/5 16243/17/5
f 16247/17/5 16246/17/5 16245/17/5
f 16248/17/5 16246/17/5 16247/17/5
f 16251/17/5 16249/17/5 16248/17/5
f 16252/17/5 16249/17/5 16251/17/5
f 16253/17/5 16251/17/5 16250/17/5
f 16254/17/5 16251/17/5 16253/17/5
f 16258/17/5 16256/17/5 16255/17/5
f 16258/17/5 16257/17/5 16256/17/5
f 16259/17/5 16257/17/5 16258/17/5
f 16260/17/5 16238/17/5 16237/17/5
f 16261/17/5 16238/17/5 16260/17/5
f 16265/17/5 16263/17/5 16262/17/5
f 16266/17/5 16265/17/5 16264/17/5
f 16267/17/5 16263/17/5 16265/17/5
f 16267/17/5 16265/17/5 16266/17/5
f 16274/17/5 16258/17/5 16255/17/5
f 16275/17/5 16269/17/5 16268/17/5
f 16276/17/5 16269/17/5 16275/17/5
f 16277/17/5 16271/17/5 16270/17/5
f 16278/17/5 16271/17/5 16277/17/5
f 16279/17/5 16273/17/5 16272/17/5
f 16280/17/5 16273/17/5 16279/17/5
f 16281/17/5 16263/17/5 16267/17/5
f 16282/17/5 16278/17/5 16277/17/5
f 16282/17/5 16281/17/5 16280/17/5
f 16282/17/5 16280/17/5 16279/17/5
f 16282/17/5 16274/17/5 16255/17/5
f 16282/17/5 16279/17/5 16278/17/5
f 16282/17/5 16276/17/5 16275/17/5
f 16282/17/5 16277/17/5 16276/17/5
f 16282/17/5 16275/17/5 16274/17/5
f 16283/17/5 16263/17/5 16281/17/5
f 16283/17/5 16281/17/5 16282/17/5
f 16286/17/5 16285/17/5 16284/17/5
f 16287/17/5 16285/17/5 16286/17/5
f 16290/17/5 16289/17/5 16288/17/5
f 16291/17/5 16289/17/5 16290/17/5
f 16294/17/5 16293/17/5 16292/17/5
f 16295/17/5 16293/17/5 16294/17/5
f 16299/1/5 16297/1/5 16296/1/5
f 16300/19/5 16298/19/5 16297/19/5
f 16300/1/5 16297/1/5 16299/1/5
f 16301/19/5 16298/19/5 16300/19/5
f 16303/19/5 16300/19/5 16299/19/5
f 16304/1/5 16301/1/5 16300/1/5
f 16304/19/5 16300/19/5 16303/19/5
f 16305/19/5 16302/19/5 16301/19/5
f 16305/1/5 16301/1/5 16304/1/5
f 16306/19/5 16302/19/5 16305/19/5
f 16311/17/5 16308/17/5 16307/17/5
f 16312/17/5 16308/17/5 16311/17/5
f 16313/17/5 16310/17/5 16309/17/5
f 16314/17/5 16310/17/5 16313/17/5
f 16317/1/5 16316/1/5 16315/1/5
f 16318/1/5 16316/1/5 16317/1/5
f 16321/1/5 16320/1/5 16319/1/5
f 16322/1/5 16320/1/5 16321/1/5
f 16325/1/5 16324/1/5 16323/1/5
f 16326/1/5 16324/1/5 16325/1/5
f 16329/1/5 16328/1/5 16327/1/5
f 16330/1/5 16328/1/5 16329/1/5
f 16338/5/5 16332/5/5 16331/5/5
f 16339/5/5 16332/5/5 16338/5/5
f 16342/5/5 16334/5/5 16333/5/5
f 16343/5/5 16334/5/5 16342/5/5
f 16347/4/5 16336/4/5 16335/4/5
f 16348/4/5 16336/4/5 16347/4/5
f 16349/4/5 16338/4/5 16337/4/5
f 16349/4/5 16339/4/5 16338/4/5
f 16350/4/5 16339/4/5 16349/4/5
f 16351/4/5 16341/4/5 16340/4/5
f 16352/4/5 16341/4/5 16351/4/5
f 16353/5/5 16345/5/5 16344/5/5
f 16354/5/5 16345/5/5 16353/5/5
f 16355/4/5 16347/4/5 16346/4/5
f 16356/4/5 16347/4/5 16355/4/5
f 16357/4/5 16347/4/5 16356/4/5
f 16358/4/5 16353/4/5 16352/4/5
f 16359/4/5 16353/4/5 16358/4/5
f 16360/4/5 16353/4/5 16359/4/5
f 16363/1/5 16362/1/5 16361/1/5
f 16364/1/5 16362/1/5 16363/1/5
f 16367/1/5 16366/1/5 16365/1/5
f 16368/1/5 16366/1/5 16367/1/5
f 16373/19/5 16370/19/5 16369/19/5
f 16374/19/5 16370/19/5 16373/19/5
f 16375/1/5 16372/1/5 16371/1/5
f 16376/1/5 16372/1/5 16375/1/5
f 16379/1/5 16378/1/5 16377/1/5
f 16380/1/5 16378/1/5 16379/1/5
f 16383/1/5 16382/1/5 16381/1/5
f 16384/1/5 16382/1/5 16383/1/5
f 16389/1/5 16386/1/5 16385/1/5
f 16390/1/5 16386/1/5 16389/1/5
f 16391/1/5 16388/1/5 16387/1/5
f 16392/1/5 16388/1/5 16391/1/5
f 16395/5/5 16394/5/5 16393/5/5
f 16396/5/5 16394/5/5 16395/5/5
f 16399/5/5 16398/5/5 16397/5/5
f 16400/5/5 16398/5/5 16399/5/5
f 16403/1/5 16402/1/5 16401/1/5
f 16404/1/5 16402/1/5 16403/1/5
f 16407/1/5 16406/1/5 16405/1/5
f 16408/1/5 16406/1/5 16407/1/5
f 16411/1/5 16410/1/5 16409/1/5
f 16412/1/5 16410/1/5 16411/1/5
f 16415/1/5 16414/1/5 16413/1/5
f 16416/1/5 16414/1/5 16415/1/5
f 16419/1/5 16418/1/5 16417/1/5
f 16420/1/5 16418/1/5 16419/1/5
f 16423/1/5 16422/1/5 16421/1/5
f 16424/1/5 16422/1/5 16423/1/5
f 16429/1/5 16426/1/5 16425/1/5
f 16430/1/5 16426/1/5 16429/1/5
f 16431/1/5 16428/1/5 16427/1/5
f 16432/1/5 16428/1/5 16431/1/5
f 16435/2/5 16434/2/5 16433/2/5
f 16436/2/5 16434/2/5 16435/2/5
f 16439/1/5 16438/1/5 16437/1/5
f 16440/1/5 16438/1/5 16439/1/5
f 16443/1/5 16442/1/5 16441/1/5
f 16444/1/5 16442/1/5 16443/1/5
f 16449/1/5 16446/1/5 16445/1/5
f 16450/1/5 16446/1/5 16449/1/5
f 16451/1/5 16448/1/5 16447/1/5
f 16452/1/5 16448/1/5 16451/1/5
f 16455/1/5 16454/1/5 16453/1/5
f 16456/1/5 16454/1/5 16455/1/5
f 16459/1/5 16458/1/5 16457/1/5
f 16460/1/5 16458/1/5 16459/1/5
f 16463/1/5 16462/1/5 16461/1/5
f 16464/1/5 16462/1/5 16463/1/5
f 16471/1/5 16466/1/5 16465/1/5
f 16472/1/5 16466/1/5 16471/1/5
f 16473/1/5 16468/1/5 16467/1/5
f 16474/1/5 16468/1/5 16473/1/5
f 16475/1/5 16470/1/5 16469/1/5
f 16476/1/5 16470/1/5 16475/1/5
f 16481/1/5 16478/1/5 16477/1/5
f 16482/1/5 16478/1/5 16481/1/5
f 16483/1/5 16480/1/5 16479/1/5
f 16484/1/5 16480/1/5 16483/1/5
f 16487/1/5 16486/1/5 16485/1/5
f 16488/1/5 16486/1/5 16487/1/5
f 16491/1/5 16490/1/5 16489/1/5
f 16492/1/5 16490/1/5 16491/1/5
f 16497/1/5 16496/1/5 16495/1/5
f 16498/1/5 16496/1/5 16497/1/5
f 16499/1/5 16494/1/5 16493/1/5
f 16500/1/5 16494/1/5 16499/1/5
f 16507/1/5 16502/1/5 16501/1/5
f 16508/1/5 16502/1/5 16507/1/5
f 16509/1/5 16504/1/5 16503/1/5
f 16510/1/5 16504/1/5 16509/1/5
f 16511/1/5 16506/1/5 16505/1/5
f 16512/1/5 16506/1/5 16511/1/5
f 16516/1/5 16514/1/5 16513/1/5
f 16517/1/5 16514/1/5 16516/1/5
f 16518/19/5 16516/19/5 16515/19/5
f 16519/19/5 16516/19/5 16518/19/5
f 16522/1/5 16521/1/5 16520/1/5
f 16523/1/5 16521/1/5 16522/1/5
f 16526/1/5 16525/1/5 16524/1/5
f 16527/1/5 16525/1/5 16526/1/5
f 16530/1/5 16529/1/5 16528/1/5
f 16531/1/5 16529/1/5 16530/1/5
f 16534/1/5 16533/1/5 16532/1/5
f 16535/1/5 16533/1/5 16534/1/5
f 16538/1/5 16537/1/5 16536/1/5
f 16539/1/5 16537/1/5 16538/1/5
f 16542/1/5 16541/1/5 16540/1/5
f 16543/1/5 16541/1/5 16542/1/5
f 16546/1/5 16545/1/5 16544/1/5
f 16547/1/5 16545/1/5 16546/1/5
f 16552/1/5 16549/1/5 16548/1/5
f 16553/1/5 16549/1/5 16552/1/5
f 16554/1/5 16551/1/5 16550/1/5
f 16555/1/5 16551/1/5 16554/1/5
f 16564/1/5 16557/1/5 16556/1/5
f 16565/1/5 16557/1/5 16564/1/5
f 16566/1/5 16559/1/5 16558/1/5
f 16567/1/5 16559/1/5 16566/1/5
f 16568/1/5 16561/1/5 16560/1/5
f 16569/1/5 16561/1/5 16568/1/5
f 16570/1/5 16563/1/5 16562/1/5
f 16571/1/5 16563/1/5 16570/1/5
f 16574/1/5 16573/1/5 16572/1/5
f 16575/1/5 16573/1/5 16574/1/5
f 16578/1/5 16577/1/5 16576/1/5
f 16579/1/5 16577/1/5 16578/1/5
f 16582/1/5 16581/1/5 16580/1/5
f 16583/1/5 16581/1/5 16582/1/5
f 16588/1/5 16585/1/5 16584/1/5
f 16589/1/5 16585/1/5 16588/1/5
f 16590/1/5 16587/1/5 16586/1/5
f 16591/1/5 16587/1/5 16590/1/5
f 16594/1/5 16593/1/5 16592/1/5
f 16595/1/5 16593/1/5 16594/1/5
f 16598/1/5 16597/1/5 16596/1/5
f 16599/1/5 16597/1/5 16598/1/5
f 16602/1/5 16601/1/5 16600/1/5
f 16603/1/5 16601/1/5 16602/1/5
f 16606/1/5 16605/1/5 16604/1/5
f 16607/1/5 16605/1/5 16606/1/5
f 16610/1/5 16609/1/5 16608/1/5
f 16611/1/5 16609/1/5 16610/1/5
f 16614/1/5 16613/1/5 16612/1/5
f 16615/1/5 16613/1/5 16614/1/5
f 16618/1/5 16617/1/5 16616/1/5
f 16619/1/5 16617/1/5 16618/1/5
f 16629/1/5 16621/1/5 16620/1/5
f 16630/1/5 16621/1/5 16629/1/5
f 16631/1/5 16623/1/5 16622/1/5
f 16632/1/5 16623/1/5 16631/1/5
f 16633/1/5 16625/1/5 16624/1/5
f 16633/1/5 16626/1/5 16625/1/5
f 16634/1/5 16626/1/5 16633/1/5
f 16635/1/5 16628/1/5 16627/1/5
f 16636/1/5 16628/1/5 16635/1/5
f 16639/1/5 16638/1/5 16637/1/5
f 16640/1/5 16638/1/5 16639/1/5
f 16643/1/5 16642/1/5 16641/1/5
f 16644/1/5 16642/1/5 16643/1/5
f 16649/1/5 16646/1/5 16645/1/5
f 16650/1/5 16646/1/5 16649/1/5
f 16651/1/5 16648/1/5 16647/1/5
f 16652/1/5 16648/1/5 16651/1/5
f 16657/1/5 16654/1/5 16653/1/5
f 16658/1/5 16654/1/5 16657/1/5
f 16659/1/5 16656/1/5 16655/1/5
f 16660/1/5 16656/1/5 16659/1/5
f 16663/19/5 16662/19/5 16661/19/5
f 16664/19/5 16662/19/5 16663/19/5
f 16667/19/5 16666/19/5 16665/19/5
f 16668/19/5 16666/19/5 16667/19/5
f 16671/1/5 16670/1/5 16669/1/5
f 16672/1/5 16670/1/5 16671/1/5
f 16675/1/5 16674/1/5 16673/1/5
f 16676/1/5 16674/1/5 16675/1/5
f 16679/1/5 16678/1/5 16677/1/5
f 16680/1/5 16678/1/5 16679/1/5
f 16684/19/5 16682/19/5 16681/19/5
f 16685/19/5 16682/19/5 16684/19/5
f 16691/1/5 16684/1/5 16683/1/5
f 16692/1/5 16684/1/5 16691/1/5
f 16693/1/5 16686/1/5 16685/1/5
f 16694/1/5 16686/1/5 16693/1/5
f 16695/1/5 16688/1/5 16687/1/5
f 16696/1/5 16688/1/5 16695/1/5
f 16697/1/5 16690/1/5 16689/1/5
f 16698/1/5 16690/1/5 16697/1/5
f 16701/1/5 16700/1/5 16699/1/5
f 16702/1/5 16700/1/5 16701/1/5
f 16705/1/5 16704/1/5 16703/1/5
f 16706/1/5 16704/1/5 16705/1/5
f 16709/1/5 16708/1/5 16707/1/5
f 16710/1/5 16708/1/5 16709/1/5
f 16713/1/5 16712/1/5 16711/1/5
f 16714/1/5 16712/1/5 16713/1/5
f 16717/1/5 16716/1/5 16715/1/5
f 16718/1/5 16716/1/5 16717/1/5
f 16721/1/5 16720/1/5 16719/1/5
f 16722/1/5 16720/1/5 16721/1/5
f 16731/1/5 16724/1/5 16723/1/5
f 16732/1/5 16724/1/5 16731/1/5
f 16733/1/5 16726/1/5 16725/1/5
f 16734/1/5 16726/1/5 16733/1/5
f 16735/1/5 16728/1/5 16727/1/5
f 16736/1/5 16728/1/5 16735/1/5
f 16737/1/5 16730/1/5 16729/1/5
f 16738/1/5 16730/1/5 16737/1/5
f 16743/1/5 16740/1/5 16739/1/5
f 16744/1/5 16740/1/5 16743/1/5
f 16745/1/5 16742/1/5 16741/1/5
f 16746/1/5 16742/1/5 16745/1/5
f 16749/19/5 16748/19/5 16747/19/5
f 16750/19/5 16748/19/5 16749/19/5
f 16753/1/5 16752/1/5 16751/1/5
f 16754/1/5 16752/1/5 16753/1/5
f 16757/1/5 16756/1/5 16755/1/5
f 16758/1/5 16756/1/5 16757/1/5
f 16761/1/5 16760/1/5 16759/1/5
f 16762/1/5 16760/1/5 16761/1/5
f 16771/1/5 16764/1/5 16763/1/5
f 16772/1/5 16764/1/5 16771/1/5
f 16773/1/5 16766/1/5 16765/1/5
f 16774/1/5 16766/1/5 16773/1/5
f 16775/1/5 16768/1/5 16767/1/5
f 16776/1/5 16768/1/5 16775/1/5
f 16777/1/5 16770/1/5 16769/1/5
f 16778/1/5 16770/1/5 16777/1/5
f 16783/1/5 16780/1/5 16779/1/5
f 16784/1/5 16780/1/5 16783/1/5
f 16785/1/5 16782/1/5 16781/1/5
f 16786/1/5 16782/1/5 16785/1/5
f 16789/1/5 16788/1/5 16787/1/5
f 16790/1/5 16788/1/5 16789/1/5
f 16793/1/5 16792/1/5 16791/1/5
f 16794/1/5 16792/1/5 16793/1/5
f 16798/1/5 16796/1/5 16795/1/5
f 16799/19/5 16797/19/5 16796/19/5
f 16799/1/5 16796/1/5 16798/1/5
f 16800/19/5 16797/19/5 16799/19/5
f 16803/1/5 16802/1/5 16801/1/5
f 16804/1/5 16802/1/5 16803/1/5
f 16807/1/5 16806/1/5 16805/1/5
f 16808/1/5 16806/1/5 16807/1/5
f 16811/1/5 16810/1/5 16809/1/5
f 16812/1/5 16810/1/5 16811/1/5
f 16819/1/5 16814/1/5 16813/1/5
f 16820/1/5 16814/1/5 16819/1/5
f 16821/1/5 16816/1/5 16815/1/5
f 16822/1/5 16816/1/5 16821/1/5
f 16823/1/5 16818/1/5 16817/1/5
f 16824/1/5 16818/1/5 16823/1/5
f 16831/1/5 16826/1/5 16825/1/5
f 16832/1/5 16826/1/5 16831/1/5
f 16833/1/5 16828/1/5 16827/1/5
f 16834/1/5 16828/1/5 16833/1/5
f 16835/17/5 16830/17/5 16829/17/5
f 16836/17/5 16830/17/5 16835/17/5
f 16839/1/5 16838/1/5 16837/1/5
f 16840/1/5 16838/1/5 16839/1/5
f 16843/1/5 16842/1/5 16841/1/5
f 16844/1/5 16842/1/5 16843/1/5
f 16847/1/5 16846/1/5 16845/1/5
f 16848/1/5 16846/1/5 16847/1/5
f 16855/1/5 16850/1/5 16849/1/5
f 16856/1/5 16850/1/5 16855/1/5
f 16857/1/5 16852/1/5 16851/1/5
f 16858/1/5 16852/1/5 16857/1/5
f 16859/1/5 16854/1/5 16853/1/5
f 16860/1/5 16854/1/5 16859/1/5
f 16863/17/5 16862/17/5 16861/17/5
f 16864/17/5 16862/17/5 16863/17/5
f 16867/1/5 16866/1/5 16865/1/5
f 16868/1/5 16866/1/5 16867/1/5
f 16871/1/5 16870/1/5 16869/1/5
f 16872/1/5 16870/1/5 16871/1/5
f 16875/19/5 16874/19/5 16873/19/5
f 16876/19/5 16874/19/5 16875/19/5
f 16879/1/5 16878/1/5 16877/1/5
f 16880/1/5 16878/1/5 16879/1/5
f 16889/1/5 16882/1/5 16881/1/5
f 16890/1/5 16882/1/5 16889/1/5
f 16891/1/5 16884/1/5 16883/1/5
f 16892/1/5 16884/1/5 16891/1/5
f 16893/1/5 16886/1/5 16885/1/5
f 16894/1/5 16886/1/5 16893/1/5
f 16895/1/5 16888/1/5 16887/1/5
f 16896/1/5 16888/1/5 16895/1/5
f 16899/17/5 16898/17/5 16897/17/5
f 16900/17/5 16898/17/5 16899/17/5
f 16906/17/5 16899/17/5 16897/17/5
f 16907/17/5 16898/17/5 16900/17/5
f 16909/17/5 16902/17/5 16901/17/5
f 16910/17/5 16902/17/5 16909/17/5
f 16911/17/5 16904/17/5 16903/17/5
f 16912/17/5 16904/17/5 16911/17/5
f 16913/17/5 16906/17/5 16905/17/5
f 16914/17/5 16906/17/5 16913/17/5
f 16915/17/5 16899/17/5 16906/17/5
f 16915/17/5 16906/17/5 16914/17/5
f 16916/17/5 16908/17/5 16907/17/5
f 16916/17/5 16907/17/5 16900/17/5
f 16917/17/5 16908/17/5 16916/17/5
f 16918/17/5 16908/17/5 16917/17/5
f 16920/17/5 16909/17/5 16901/17/5
f 16921/17/5 16911/17/5 16910/17/5
f 16922/17/5 16911/17/5 16921/17/5
f 16923/17/5 16914/17/5 16913/17/5
f 16924/17/5 16914/17/5 16923/17/5
f 16925/17/5 16920/17/5 16901/17/5
f 16926/17/5 16919/17/5 16918/17/5
f 16926/17/5 16918/17/5 16917/17/5
f 16927/17/5 16919/17/5 16926/17/5
f 16928/17/5 16919/17/5 16927/17/5
f 16929/17/5 16925/17/5 16901/17/5
f 16930/17/5 16925/17/5 16929/17/5
f 16934/17/5 16932/17/5 16931/17/5
f 16934/17/5 16933/17/5 16932/17/5
f 16935/17/5 16933/17/5 16934/17/5
f 16936/17/5 16934/17/5 16931/17/5
f 16938/17/5 16936/17/5 16931/17/5
f 16938/17/5 16937/17/5 16936/17/5
f 16939/17/5 16937/17/5 16938/17/5
f 16943/19/5 16940/19/5 16939/19/5
f 16944/19/5 16940/19/5 16943/19/5
f 16945/17/5 16919/17/5 16928/17/5
f 16946/17/5 16919/17/5 16945/17/5
f 16950/17/5 16948/17/5 16947/17/5
f 16951/17/5 16950/17/5 16949/17/5
f 16952/17/5 16948/17/5 16950/17/5
f 16952/17/5 16950/17/5 16951/17/5
f 16953/17/5 16942/17/5 16941/17/5
f 16954/17/5 16942/17/5 16953/17/5
f 16957/17/5 16955/17/5 16954/17/5
f 16958/17/5 16955/17/5 16957/17/5
f 16959/17/5 16948/17/5 16952/17/5
f 16960/17/5 16948/17/5 16959/17/5
f 16964/17/5 16962/17/5 16961/17/5
f 16965/17/5 16964/17/5 16963/17/5
f 16966/17/5 16962/17/5 16964/17/5
f 16966/17/5 16964/17/5 16965/17/5
f 16967/17/5 16957/17/5 16956/17/5
f 16968/17/5 16957/17/5 16967/17/5
f 16977/17/5 16970/17/5 16969/17/5
f 16978/17/5 16972/17/5 16971/17/5
f 16979/17/5 16972/17/5 16978/17/5
f 16980/17/5 16974/17/5 16973/17/5
f 16981/17/5 16974/17/5 16980/17/5
f 16982/17/5 16976/17/5 16975/17/5
f 16983/17/5 16976/17/5 16982/17/5
f 16984/17/5 16962/17/5 16966/17/5
f 16985/17/5 16977/17/5 16969/17/5
f 16985/17/5 16979/17/5 16978/17/5
f 16985/17/5 16978/17/5 16977/17/5
f 16986/17/5 16979/17/5 16985/17/5
f 16987/17/5 16983/17/5 16982/17/5
f 16987/17/5 16981/17/5 16980/17/5
f 16987/17/5 16984/17/5 16983/17/5
f 16987/17/5 16982/17/5 16981/17/5
f 16988/17/5 16962/17/5 16984/17/5
f 16988/17/5 16984/17/5 16987/17/5
f 16993/17/5 16990/17/5 16989/17/5
f 16994/17/5 16990/17/5 16993/17/5
f 16995/17/5 16992/17/5 16991/17/5
f 16996/17/5 16992/17/5 16995/17/5
f 16999/17/5 16998/17/5 16997/17/5
f 17000/17/5 16998/17/5 16999/17/5
f 17003/17/5 17002/17/5 17001/17/5
f 17004/17/5 17002/17/5 17003/17/5
f 17007/17/5 17006/17/5 17005/17/5
f 17008/17/5 17006/17/5 17007/17/5
f 17011/17/5 17010/17/5 17009/17/5
f 17012/17/5 17010/17/5 17011/17/5
f 17015/17/5 17014/17/5 17013/17/5
f 17016/17/5 17014/17/5 17015/17/5
f 17019/17/5 17018/17/5 17017/17/5
f 17020/17/5 17018/17/5 17019/17/5
f 17023/5/5 17022/5/5 17021/5/5
f 17024/5/5 17022/5/5 17023/5/5
f 17029/17/5 17026/17/5 17025/17/5
f 17030/17/5 17026/17/5 17029/17/5
f 17031/17/5 17028/17/5 17027/17/5
f 17032/17/5 17028/17/5 17031/17/5
f 17035/1/5 17034/1/5 17033/1/5
f 17036/1/5 17034/1/5 17035/1/5
f 17039/1/5 17038/1/5 17037/1/5
f 17040/1/5 17038/1/5 17039/1/5
f 17043/1/5 17042/1/5 17041/1/5
f 17044/1/5 17042/1/5 17043/1/5
f 17047/1/5 17046/1/5 17045/1/5
f 17048/1/5 17046/1/5 17047/1/5
f 17055/1/5 17050/1/5 17049/1/5
f 17056/1/5 17050/1/5 17055/1/5
f 17057/1/5 17052/1/5 17051/1/5
f 17058/1/5 17052/1/5 17057/1/5
f 17059/1/5 17054/1/5 17053/1/5
f 17060/1/5 17054/1/5 17059/1/5
f 17065/5/5 17062/5/5 17061/5/5
f 17066/5/5 17062/5/5 17065/5/5
f 17071/5/5 17064/5/5 17063/5/5
f 17072/5/5 17064/5/5 17071/5/5
f 17075/4/5 17069/4/5 17068/4/5
f 17079/5/5 17074/5/5 17073/5/5
f 17080/5/5 17074/5/5 17079/5/5
f 17081/4/5 17067/4/5 17066/4/5
f 17082/4/5 17067/4/5 17081/4/5
f 17083/4/5 17076/4/5 17075/4/5
f 17083/4/5 17075/4/5 17068/4/5
f 17084/4/5 17076/4/5 17083/4/5
f 17085/4/5 17071/4/5 17070/4/5
f 17086/4/5 17071/4/5 17085/4/5
f 17087/5/5 17078/5/5 17077/5/5
f 17088/5/5 17078/5/5 17087/5/5
f 17093/4/5 17081/4/5 17080/4/5
f 17094/4/5 17081/4/5 17093/4/5
f 17095/4/5 17081/4/5 17094/4/5
f 17096/4/5 17087/4/5 17086/4/5
f 17097/4/5 17087/4/5 17096/4/5
f 17098/4/5 17087/4/5 17097/4/5
f 17099/1/5 17090/1/5 17089/1/5
f 17100/1/5 17090/1/5 17099/1/5
f 17101/1/5 17092/1/5 17091/1/5
f 17102/1/5 17092/1/5 17101/1/5
f 17105/1/5 17104/1/5 17103/1/5
f 17106/1/5 17104/1/5 17105/1/5
f 17109/1/5 17108/1/5 17107/1/5
f 17110/1/5 17108/1/5 17109/1/5
f 17113/1/5 17112/1/5 17111/1/5
f 17114/1/5 17112/1/5 17113/1/5
f 17117/1/5 17116/1/5 17115/1/5
f 17118/1/5 17116/1/5 17117/1/5
f 17121/1/5 17120/1/5 17119/1/5
f 17122/1/5 17120/1/5 17121/1/5
f 17125/1/5 17124/1/5 17123/1/5
f 17126/1/5 17124/1/5 17125/1/5
f 17129/1/5 17128/1/5 17127/1/5
f 17130/1/5 17128/1/5 17129/1/5
f 17137/1/5 17132/1/5 17131/1/5
f 17138/1/5 17132/1/5 17137/1/5
f 17139/1/5 17134/1/5 17133/1/5
f 17140/1/5 17134/1/5 17139/1/5
f 17141/1/5 17136/1/5 17135/1/5
f 17142/1/5 17136/1/5 17141/1/5
f 17145/1/5 17144/1/5 17143/1/5
f 17146/1/5 17144/1/5 17145/1/5
f 17149/4/5 17148/4/5 17147/4/5
f 17150/4/5 17148/4/5 17149/4/5
f 17153/1/5 17152/1/5 17151/1/5
f 17154/1/5 17152/1/5 17153/1/5
f 17157/1/5 17156/1/5 17155/1/5
f 17158/1/5 17156/1/5 17157/1/5
f 17161/1/5 17160/1/5 17159/1/5
f 17162/1/5 17160/1/5 17161/1/5
f 17165/1/5 17164/1/5 17163/1/5
f 17166/1/5 17164/1/5 17165/1/5
f 17169/1/5 17168/1/5 17167/1/5
f 17170/1/5 17168/1/5 17169/1/5
f 17173/1/5 17172/1/5 17171/1/5
f 17174/1/5 17172/1/5 17173/1/5
f 17177/1/5 17176/1/5 17175/1/5
f 17178/1/5 17176/1/5 17177/1/5
f 17181/1/5 17180/1/5 17179/1/5
f 17182/1/5 17180/1/5 17181/1/5
f 17185/1/5 17184/1/5 17183/1/5
f 17186/1/5 17184/1/5 17185/1/5
f 17189/1/5 17188/1/5 17187/1/5
f 17190/1/5 17188/1/5 17189/1/5
f 17193/19/5 17192/19/5 17191/19/5
f 17194/19/5 17192/19/5 17193/19/5
f 17199/1/5 17194/1/5 17193/1/5
f 17200/1/5 17194/1/5 17199/1/5
f 17201/1/5 17196/1/5 17195/1/5
f 17202/1/5 17196/1/5 17201/1/5
f 17203/1/5 17198/1/5 17197/1/5
f 17204/1/5 17198/1/5 17203/1/5
f 17207/1/5 17206/1/5 17205/1/5
f 17208/1/5 17206/1/5 17207/1/5
f 17211/1/5 17210/1/5 17209/1/5
f 17212/1/5 17210/1/5 17211/1/5
f 17215/1/5 17214/1/5 17213/1/5
f 17216/1/5 17214/1/5 17215/1/5
f 17219/1/5 17218/1/5 17217/1/5
f 17220/1/5 17218/1/5 17219/1/5
f 17223/1/5 17222/1/5 17221/1/5
f 17224/1/5 17222/1/5 17223/1/5
f 17227/1/5 17226/1/5 17225/1/5
f 17228/1/5 17226/1/5 17227/1/5
f 17239/1/5 17230/1/5 17229/1/5
f 17240/1/5 17230/1/5 17239/1/5
f 17241/1/5 17232/1/5 17231/1/5
f 17242/1/5 17232/1/5 17241/1/5
f 17243/1/5 17234/1/5 17233/1/5
f 17244/1/5 17234/1/5 17243/1/5
f 17245/1/5 17236/1/5 17235/1/5
f 17246/1/5 17236/1/5 17245/1/5
f 17247/1/5 17238/1/5 17237/1/5
f 17248/1/5 17238/1/5 17247/1/5
f 17251/1/5 17250/1/5 17249/1/5
f 17252/1/5 17250/1/5 17251/1/5
f 17255/1/5 17254/1/5 17253/1/5
f 17256/1/5 17254/1/5 17255/1/5
f 17259/1/5 17258/1/5 17257/1/5
f 17260/1/5 17258/1/5 17259/1/5
f 17265/1/5 17262/1/5 17261/1/5
f 17266/1/5 17262/1/5 17265/1/5
f 17267/1/5 17264/1/5 17263/1/5
f 17268/1/5 17264/1/5 17267/1/5
f 17277/1/5 17270/1/5 17269/1/5
f 17278/1/5 17270/1/5 17277/1/5
f 17279/1/5 17272/1/5 17271/1/5
f 17280/1/5 17272/1/5 17279/1/5
f 17281/1/5 17274/1/5 17273/1/5
f 17282/1/5 17274/1/5 17281/1/5
f 17283/1/5 17276/1/5 17275/1/5
f 17284/1/5 17276/1/5 17283/1/5
f 17287/1/5 17286/1/5 17285/1/5
f 17288/1/5 17286/1/5 17287/1/5
f 17291/1/5 17290/1/5 17289/1/5
f 17292/1/5 17290/1/5 17291/1/5
f 17295/1/5 17294/1/5 17293/1/5
f 17296/1/5 17294/1/5 17295/1/5
f 17299/1/5 17298/1/5 17297/1/5
f 17300/1/5 17298/1/5 17299/1/5
f 17303/19/5 17302/19/5 17301/19/5
f 17304/19/5 17302/19/5 17303/19/5
f 17315/1/5 17306/1/5 17305/1/5
f 17316/1/5 17306/1/5 17315/1/5
f 17317/1/5 17308/1/5 17307/1/5
f 17318/1/5 17308/1/5 17317/1/5
f 17319/1/5 17310/1/5 17309/1/5
f 17320/1/5 17310/1/5 17319/1/5
f 17321/1/5 17312/1/5 17311/1/5
f 17322/1/5 17312/1/5 17321/1/5
f 17323/19/5 17314/19/5 17313/19/5
f 17324/19/5 17314/19/5 17323/19/5
f 17329/1/5 17326/1/5 17325/1/5
f 17330/1/5 17326/1/5 17329/1/5
f 17331/19/5 17328/19/5 17327/19/5
f 17332/19/5 17328/19/5 17331/19/5
f 17335/1/5 17334/1/5 17333/1/5
f 17336/1/5 17334/1/5 17335/1/5
f 17339/1/5 17338/1/5 17337/1/5
f 17340/1/5 17338/1/5 17339/1/5
f 17343/1/5 17342/1/5 17341/1/5
f 17344/1/5 17342/1/5 17343/1/5
f 17347/1/5 17346/1/5 17345/1/5
f 17348/1/5 17346/1/5 17347/1/5
f 17355/1/5 17350/1/5 17349/1/5
f 17356/1/5 17350/1/5 17355/1/5
f 17357/1/5 17352/1/5 17351/1/5
f 17358/1/5 17352/1/5 17357/1/5
f 17359/1/5 17354/1/5 17353/1/5
f 17360/1/5 17354/1/5 17359/1/5
f 17367/1/5 17362/1/5 17361/1/5
f 17368/1/5 17362/1/5 17367/1/5
f 17369/1/5 17364/1/5 17363/1/5
f 17370/1/5 17364/1/5 17369/1/5
f 17371/1/5 17366/1/5 17365/1/5
f 17372/1/5 17366/1/5 17371/1/5
f 17377/1/5 17374/1/5 17373/1/5
f 17378/1/5 17374/1/5 17377/1/5
f 17379/1/5 17376/1/5 17375/1/5
f 17380/1/5 17376/1/5 17379/1/5
f 17385/1/5 17382/1/5 17381/1/5
f 17386/1/5 17382/1/5 17385/1/5
f 17387/1/5 17384/1/5 17383/1/5
f 17388/1/5 17384/1/5 17387/1/5
f 17391/19/5 17390/19/5 17389/19/5
f 17392/19/5 17390/19/5 17391/19/5
f 17401/1/5 17396/1/5 17395/1/5
f 17402/1/5 17396/1/5 17401/1/5
f 17403/1/5 17398/1/5 17397/1/5
f 17404/1/5 17398/1/5 17403/1/5
f 17405/1/5 17400/1/5 17399/1/5
f 17406/1/5 17400/1/5 17405/1/5
f 17407/1/5 17394/1/5 17393/1/5
f 17408/1/5 17394/1/5 17407/1/5
f 17411/1/5 17410/1/5 17409/1/5
f 17412/1/5 17410/1/5 17411/1/5
f 17415/1/5 17414/1/5 17413/1/5
f 17416/1/5 17414/1/5 17415/1/5
f 17419/1/5 17418/1/5 17417/1/5
f 17420/1/5 17418/1/5 17419/1/5
f 17425/1/5 17422/1/5 17421/1/5
f 17426/1/5 17422/1/5 17425/1/5
f 17427/1/5 17424/1/5 17423/1/5
f 17428/1/5 17424/1/5 17427/1/5
f 17433/1/5 17430/1/5 17429/1/5
f 17434/1/5 17430/1/5 17433/1/5
f 17435/1/5 17432/1/5 17431/1/5
f 17436/1/5 17432/1/5 17435/1/5
f 17439/1/5 17438/1/5 17437/1/5
f 17440/1/5 17438/1/5 17439/1/5
f 17443/1/5 17442/1/5 17441/1/5
f 17444/1/5 17442/1/5 17443/1/5
f 17447/1/5 17446/1/5 17445/1/5
f 17448/1/5 17446/1/5 17447/1/5
f 17451/1/5 17450/1/5 17449/1/5
f 17452/1/5 17450/1/5 17451/1/5
f 17453/19/5 17452/19/5 17451/19/5
f 17454/19/5 17452/19/5 17453/19/5
f 17459/1/5 17456/1/5 17455/1/5
f 17460/1/5 17456/1/5 17459/1/5
f 17461/1/5 17458/1/5 17457/1/5
f 17462/1/5 17458/1/5 17461/1/5
f 17471/1/5 17464/1/5 17463/1/5
f 17472/1/5 17464/1/5 17471/1/5
f 17473/1/5 17466/1/5 17465/1/5
f 17474/1/5 17466/1/5 17473/1/5
f 17475/1/5 17468/1/5 17467/1/5
f 17476/1/5 17468/1/5 17475/1/5
f 17477/1/5 17470/1/5 17469/1/5
f 17478/1/5 17470/1/5 17477/1/5
f 17483/1/5 17480/1/5 17479/1/5
f 17484/1/5 17480/1/5 17483/1/5
f 17485/1/5 17482/1/5 17481/1/5
f 17486/1/5 17482/1/5 17485/1/5
f 17489/1/5 17488/1/5 17487/1/5
f 17490/1/5 17488/1/5 17489/1/5
f 17494/19/5 17492/19/5 17491/19/5
f 17501/19/5 17494/19/5 17493/19/5
f 17502/19/5 17492/19/5 17494/19/5
f 17502/19/5 17494/19/5 17501/19/5
f 17503/1/5 17496/1/5 17495/1/5
f 17504/1/5 17496/1/5 17503/1/5
f 17505/1/5 17498/1/5 17497/1/5
f 17506/1/5 17498/1/5 17505/1/5
f 17507/1/5 17500/1/5 17499/1/5
f 17508/1/5 17500/1/5 17507/1/5
f 17509/1/5 17502/1/5 17501/1/5
f 17510/1/5 17502/1/5 17509/1/5
f 17515/1/5 17514/1/5 17513/1/5
f 17516/1/5 17514/1/5 17515/1/5
f 17517/17/5 17512/17/5 17511/17/5
f 17518/17/5 17512/17/5 17517/17/5
f 17521/1/5 17520/1/5 17519/1/5
f 17522/1/5 17520/1/5 17521/1/5
f 17525/1/5 17524/1/5 17523/1/5
f 17526/1/5 17524/1/5 17525/1/5
f 17529/1/5 17528/1/5 17527/1/5
f 17530/1/5 17528/1/5 17529/1/5
f 17533/1/5 17532/1/5 17531/1/5
f 17534/1/5 17532/1/5 17533/1/5
f 17539/1/5 17536/1/5 17535/1/5
f 17540/1/5 17536/1/5 17539/1/5
f 17541/1/5 17538/1/5 17537/1/5
f 17542/1/5 17538/1/5 17541/1/5
f 17545/17/5 17544/17/5 17543/17/5
f 17546/17/5 17544/17/5 17545/17/5
f 17549/1/5 17548/1/5 17547/1/5
f 17550/1/5 17548/1/5 17549/1/5
f 17553/1/5 17552/1/5 17551/1/5
f 17554/1/5 17552/1/5 17553/1/5
f 17557/1/5 17556/1/5 17555/1/5
f 17558/1/5 17556/1/5 17557/1/5
f 17561/1/5 17560/1/5 17559/1/5
f 17562/1/5 17560/1/5 17561/1/5
f 17571/1/5 17564/1/5 17563/1/5
f 17572/1/5 17564/1/5 17571/1/5
f 17573/1/5 17566/1/5 17565/1/5
f 17574/1/5 17566/1/5 17573/1/5
f 17575/1/5 17568/1/5 17567/1/5
f 17576/1/5 17568/1/5 17575/1/5
f 17577/1/5 17570/1/5 17569/1/5
f 17578/1/5 17570/1/5 17577/1/5
f 17581/17/5 17580/17/5 17579/17/5
f 17582/17/5 17580/17/5 17581/17/5
f 17584/17/5 17581/17/5 17579/17/5
f 17585/17/5 17580/17/5 17582/17/5
f 17587/17/5 17584/17/5 17583/17/5
f 17588/17/5 17581/17/5 17584/17/5
f 17588/17/5 17584/17/5 17587/17/5
f 17589/17/5 17586/17/5 17585/17/5
f 17589/17/5 17585/17/5 17582/17/5
f 17590/17/5 17586/17/5 17589/17/5
f 17591/17/5 17586/17/5 17590/17/5
f 17592/17/5 17586/17/5 17591/17/5
f 17593/17/5 17591/17/5 17590/17/5
f 17594/17/5 17591/17/5 17593/17/5
f 17595/17/5 17586/17/5 17592/17/5
f 17596/17/5 17586/17/5 17595/17/5
f 17600/17/5 17598/17/5 17597/17/5
f 17600/17/5 17599/17/5 17598/17/5
f 17601/17/5 17599/17/5 17600/17/5
f 17603/17/5 17599/17/5 17601/17/5
f 17604/17/5 17599/17/5 17603/17/5
f 17605/17/5 17587/17/5 17583/17/5
f 17606/17/5 17587/17/5 17605/17/5
f 17609/17/5 17603/17/5 17602/17/5
f 17610/17/5 17603/17/5 17609/17/5
f 17613/17/5 17608/17/5 17607/17/5
f 17614/17/5 17608/17/5 17613/17/5
f 17618/17/5 17616/17/5 17615/17/5
f 17618/17/5 17617/17/5 17616/17/5
f 17619/17/5 17617/17/5 17618/17/5
f 17620/17/5 17618/17/5 17615/17/5
f 17621/17/5 17618/17/5 17620/17/5
f 17624/17/5 17622/17/5 17621/17/5
f 17625/17/5 17622/17/5 17624/17/5
f 17629/1/5 17627/1/5 17626/1/5
f 17630/1/5 17627/1/5 17629/1/5
f 17636/17/5 17624/17/5 17623/17/5
f 17637/17/5 17629/17/5 17628/17/5
f 17637/17/5 17630/17/5 17629/17/5
f 17637/17/5 17631/17/5 17630/17/5
f 17638/17/5 17631/17/5 17637/17/5
f 17639/17/5 17631/17/5 17638/17/5
f 17641/17/5 17633/17/5 17632/17/5
f 17642/17/5 17633/17/5 17641/17/5
f 17643/17/5 17635/17/5 17634/17/5
f 17644/17/5 17635/17/5 17643/17/5
f 17646/17/5 17612/17/5 17611/17/5
f 17647/17/5 17636/17/5 17623/17/5
f 17647/17/5 17637/17/5 17636/17/5
f 17647/17/5 17638/17/5 17637/17/5
f 17648/17/5 17638/17/5 17647/17/5
f 17649/17/5 17642/17/5 17641/17/5
f 17649/17/5 17643/17/5 17642/17/5
f 17649/17/5 17641/17/5 17640/17/5
f 17650/17/5 17643/17/5 17649/17/5
f 17651/17/5 17646/17/5 17645/17/5
f 17652/17/5 17612/17/5 17646/17/5
f 17652/17/5 17646/17/5 17651/17/5
f 17655/17/5 17654/17/5 17653/17/5
f 17656/17/5 17654/17/5 17655/17/5
f 17659/17/5 17658/17/5 17657/17/5
f 17660/17/5 17658/17/5 17659/17/5
f 17663/17/5 17662/17/5 17661/17/5
f 17664/17/5 17662/17/5 17663/17/5
f 17669/17/5 17666/17/5 17665/17/5
f 17670/17/5 17666/17/5 17669/17/5
f 17671/17/5 17668/17/5 17667/17/5
f 17672/17/5 17668/17/5 17671/17/5
f 17677/17/5 17674/17/5 17673/17/5
f 17678/17/5 17674/17/5 17677/17/5
f 17679/17/5 17676/17/5 17675/17/5
f 17680/17/5 17676/17/5 17679/17/5
f 17683/1/5 17682/1/5 17681/1/5
f 17684/1/5 17682/1/5 17683/1/5
f 17687/1/5 17686/1/5 17685/1/5
f 17688/1/5 17686/1/5 17687/1/5
f 17691/1/5 17690/1/5 17689/1/5
f 17692/1/5 17690/1/5 17691/1/5
f 17703/5/5 17694/5/5 17693/5/5
f 17704/5/5 17694/5/5 17703/5/5
f 17705/5/5 17696/5/5 17695/5/5
f 17706/5/5 17696/5/5 17705/5/5
f 17707/5/5 17698/5/5 17697/5/5
f 17708/5/5 17698/5/5 17707/5/5
f 17709/5/5 17700/5/5 17699/5/5
f 17710/5/5 17700/5/5 17709/5/5
f 17712/5/5 17702/5/5 17701/5/5
f 17713/5/5 17702/5/5 17712/5/5
f 17718/5/5 17715/5/5 17714/5/5
f 17719/4/5 17705/4/5 17704/4/5
f 17720/4/5 17705/4/5 17719/4/5
f 17721/4/5 17708/4/5 17707/4/5
f 17721/4/5 17709/4/5 17708/4/5
f 17722/4/5 17709/4/5 17721/4/5
f 17723/4/5 17711/4/5 17710/4/5
f 17724/4/5 17711/4/5 17723/4/5
f 17725/5/5 17717/5/5 17716/5/5
f 17726/5/5 17717/5/5 17725/5/5
f 17727/5/5 17718/5/5 17714/5/5
f 17728/4/5 17719/4/5 17718/4/5
f 17728/5/5 17718/5/5 17727/5/5
f 17731/4/5 17719/4/5 17728/4/5
f 17732/4/5 17719/4/5 17731/4/5
f 17733/4/5 17719/4/5 17732/4/5
f 17734/4/5 17725/4/5 17724/4/5
f 17735/4/5 17725/4/5 17734/4/5
f 17736/4/5 17725/4/5 17735/4/5
f 17737/1/5 17730/1/5 17729/1/5
f 17738/1/5 17730/1/5 17737/1/5
f 17741/1/5 17740/1/5 17739/1/5
f 17742/1/5 17740/1/5 17741/1/5
f 17745/1/5 17744/1/5 17743/1/5
f 17746/1/5 17744/1/5 17745/1/5
f 17751/19/5 17748/19/5 17747/19/5
f 17752/19/5 17748/19/5 17751/19/5
f 17753/1/5 17750/1/5 17749/1/5
f 17754/19/5 17751/19/5 17750/19/5
f 17754/1/5 17750/1/5 17753/1/5
f 17755/19/5 17751/19/5 17754/19/5
f 17758/1/5 17757/1/5 17756/1/5
f 17759/1/5 17757/1/5 17758/1/5
f 17766/19/5 17761/19/5 17760/19/5
f 17767/19/5 17761/19/5 17766/19/5
f 17768/1/5 17763/1/5 17762/1/5
f 17769/1/5 17763/1/5 17768/1/5
f 17770/1/5 17765/1/5 17764/1/5
f 17771/1/5 17765/1/5 17770/1/5
f 17772/1/5 17767/1/5 17766/1/5
f 17773/1/5 17767/1/5 17772/1/5
f 17778/5/5 17775/5/5 17774/5/5
f 17779/5/5 17775/5/5 17778/5/5
f 17780/5/5 17777/5/5 17776/5/5
f 17781/5/5 17777/5/5 17780/5/5
f 17784/5/5 17783/5/5 17782/5/5
f 17785/5/5 17783/5/5 17784/5/5
f 17789/1/5 17787/1/5 17786/1/5
f 17790/19/5 17788/19/5 17787/19/5
f 17790/1/5 17787/1/5 17789/1/5
f 17791/19/5 17788/19/5 17790/19/5
f 17794/1/5 17793/1/5 17792/1/5
f 17795/1/5 17793/1/5 17794/1/5
f 17798/1/5 17797/1/5 17796/1/5
f 17799/1/5 17797/1/5 17798/1/5
f 17802/1/5 17801/1/5 17800/1/5
f 17803/1/5 17801/1/5 17802/1/5
f 17806/1/5 17805/1/5 17804/1/5
f 17807/1/5 17805/1/5 17806/1/5
f 17811/19/5 17809/19/5 17808/19/5
f 17811/19/5 17810/19/5 17809/19/5
f 17812/19/5 17810/19/5 17811/19/5
f 17815/1/5 17814/1/5 17813/1/5
f 17816/1/5 17814/1/5 17815/1/5
f 17820/19/5 17818/19/5 17817/19/5
f 17821/19/5 17818/19/5 17820/19/5
f 17822/19/5 17820/19/5 17819/19/5
f 17823/19/5 17820/19/5 17822/19/5
f 17824/19/5 17820/19/5 17823/19/5
f 17827/1/5 17826/1/5 17825/1/5
f 17828/1/5 17826/1/5 17827/1/5
f 17831/1/5 17830/1/5 17829/1/5
f 17832/1/5 17830/1/5 17831/1/5
f 17839/1/5 17834/1/5 17833/1/5
f 17840/1/5 17834/1/5 17839/1/5
f 17841/1/5 17836/1/5 17835/1/5
f 17842/1/5 17836/1/5 17841/1/5
f 17843/1/5 17838/1/5 17837/1/5
f 17844/1/5 17838/1/5 17843/1/5
f 17847/1/5 17846/1/5 17845/1/5
f 17848/1/5 17846/1/5 17847/1/5
f 17852/19/5 17850/19/5 17849/19/5
f 17853/19/5 17850/19/5 17852/19/5
f 17854/19/5 17852/19/5 17851/19/5
f 17855/19/5 17852/19/5 17854/19/5
f 17856/1/5 17853/1/5 17852/1/5
f 17856/19/5 17852/19/5 17855/19/5
f 17857/1/5 17853/1/5 17856/1/5
f 17858/1/5 17855/1/5 17854/1/5
f 17859/1/5 17855/1/5 17858/1/5
f 17862/19/5 17861/19/5 17860/19/5
f 17863/19/5 17861/19/5 17862/19/5
f 17868/1/5 17865/1/5 17864/1/5
f 17869/1/5 17865/1/5 17868/1/5
f 17870/1/5 17867/1/5 17866/1/5
f 17871/1/5 17867/1/5 17870/1/5
f 17874/1/5 17873/1/5 17872/1/5
f 17875/1/5 17873/1/5 17874/1/5
f 17880/19/5 17877/19/5 17876/19/5
f 17881/19/5 17877/19/5 17880/19/5
f 17882/1/5 17879/1/5 17878/1/5
f 17883/19/5 17880/19/5 17879/19/5
f 17883/1/5 17879/1/5 17882/1/5
f 17884/19/5 17880/19/5 17883/19/5
f 17887/1/5 17886/1/5 17885/1/5
f 17888/1/5 17886/1/5 17887/1/5
f 17893/19/5 17890/19/5 17889/19/5
f 17894/19/5 17890/19/5 17893/19/5
f 17895/1/5 17892/1/5 17891/1/5
f 17896/1/5 17892/1/5 17895/1/5
f 17899/1/5 17898/1/5 17897/1/5
f 17900/1/5 17898/1/5 17899/1/5
f 17904/19/5 17902/19/5 17901/19/5
f 17905/19/5 17902/19/5 17904/19/5
f 17910/1/5 17904/1/5 17903/1/5
f 17910/1/5 17905/1/5 17904/1/5
f 17911/1/5 17905/1/5 17910/1/5
f 17912/1/5 17907/1/5 17906/1/5
f 17913/1/5 17907/1/5 17912/1/5
f 17914/1/5 17909/1/5 17908/1/5
f 17915/1/5 17909/1/5 17914/1/5
f 17920/19/5 17917/19/5 17916/19/5
f 17921/19/5 17917/19/5 17920/19/5
f 17922/19/5 17919/19/5 17918/19/5
f 17923/19/5 17919/19/5 17922/19/5
f 17924/1/5 17921/1/5 17920/1/5
f 17925/19/5 17922/19/5 17921/19/5
f 17925/1/5 17921/1/5 17924/1/5
f 17926/19/5 17922/19/5 17925/19/5
f 17929/1/5 17928/1/5 17927/1/5
f 17930/1/5 17928/1/5 17929/1/5
f 17933/19/5 17932/19/5 17931/19/5
f 17934/19/5 17932/19/5 17933/19/5
f 17937/1/5 17936/1/5 17935/1/5
f 17938/1/5 17936/1/5 17937/1/5
f 17943/1/5 17940/1/5 17939/1/5
f 17944/1/5 17940/1/5 17943/1/5
f 17947/19/5 17942/19/5 17941/19/5
f 17948/19/5 17942/19/5 17947/19/5
f 17949/1/5 17946/1/5 17945/1/5
f 17950/19/5 17947/19/5 17946/19/5
f 17950/1/5 17946/1/5 17949/1/5
f 17951/1/5 17948/1/5 17947/1/5
f 17951/19/5 17947/19/5 17950/19/5
f 17952/1/5 17948/1/5 17951/1/5
f 17953/19/5 17951/19/5 17950/19/5
f 17954/19/5 17951/19/5 17953/19/5
f 17957/1/5 17956/1/5 17955/1/5
f 17958/1/5 17956/1/5 17957/1/5
f 17965/19/5 17962/19/5 17961/19/5
f 17966/19/5 17962/19/5 17965/19/5
f 17967/1/5 17960/1/5 17959/1/5
f 17968/1/5 17960/1/5 17967/1/5
f 17969/1/5 17964/1/5 17963/1/5
f 17970/1/5 17964/1/5 17969/1/5
f 17973/1/5 17972/1/5 17971/1/5
f 17974/1/5 17972/1/5 17973/1/5
f 17981/1/5 17976/1/5 17975/1/5
f 17982/1/5 17976/1/5 17981/1/5
f 17983/1/5 17978/1/5 17977/1/5
f 17984/1/5 17978/1/5 17983/1/5
f 17985/1/5 17980/1/5 17979/1/5
f 17986/1/5 17980/1/5 17985/1/5
f 17989/1/5 17988/1/5 17987/1/5
f 17990/1/5 17988/1/5 17989/1/5
f 17995/19/5 17993/19/5 17992/19/5
f 17995/1/5 17994/1/5 17993/1/5
f 17996/1/5 17994/1/5 17995/1/5
f 17997/1/5 17992/1/5 17991/1/5
f 17998/19/5 17995/19/5 17992/19/5
f 17998/1/5 17992/1/5 17997/1/5
f 17999/19/5 17995/19/5 17998/19/5
f 18002/1/5 18001/1/5 18000/1/5
f 18003/1/5 18001/1/5 18002/1/5
f 18006/19/5 18005/19/5 18004/19/5
f 18007/19/5 18005/19/5 18006/19/5
f 18010/1/5 18009/1/5 18008/1/5
f 18011/1/5 18009/1/5 18010/1/5
f 18014/1/5 18013/1/5 18012/1/5
f 18015/1/5 18013/1/5 18014/1/5
f 18018/1/5 18017/1/5 18016/1/5
f 18019/1/5 18017/1/5 18018/1/5
f 18022/1/5 18021/1/5 18020/1/5
f 18023/1/5 18021/1/5 18022/1/5
f 18027/1/5 18025/1/5 18024/1/5
f 18028/19/5 18026/19/5 18025/19/5
f 18028/1/5 18025/1/5 18027/1/5
f 18029/19/5 18026/19/5 18028/19/5
f 18032/1/5 18031/1/5 18030/1/5
f 18033/1/5 18031/1/5 18032/1/5
f 18036/1/5 18035/1/5 18034/1/5
f 18037/1/5 18035/1/5 18036/1/5
f 18042/19/5 18039/19/5 18038/19/5
f 18043/19/5 18039/19/5 18042/19/5
f 18044/1/5 18041/1/5 18040/1/5
f 18045/1/5 18041/1/5 18044/1/5
f 18048/1/5 18047/1/5 18046/1/5
f 18049/1/5 18047/1/5 18048/1/5
f 18056/1/5 18051/1/5 18050/1/5
f 18057/1/5 18051/1/5 18056/1/5
f 18058/1/5 18053/1/5 18052/1/5
f 18059/1/5 18053/1/5 18058/1/5
f 18060/1/5 18055/1/5 18054/1/5
f 18061/1/5 18055/1/5 18060/1/5
f 18064/1/5 18063/1/5 18062/1/5
f 18065/1/5 18063/1/5 18064/1/5
f 18068/1/5 18067/1/5 18066/1/5
f 18069/1/5 18067/1/5 18068/1/5
f 18072/1/5 18071/1/5 18070/1/5
f 18073/1/5 18071/1/5 18072/1/5
f 18076/1/5 18075/1/5 18074/1/5
f 18077/1/5 18075/1/5 18076/1/5
f 18080/1/5 18079/1/5 18078/1/5
f 18081/1/5 18079/1/5 18080/1/5
f 18084/1/5 18083/1/5 18082/1/5
f 18085/1/5 18083/1/5 18084/1/5
f 18089/19/5 18086/19/5 18085/19/5
f 18090/1/5 18087/1/5 18086/1/5
f 18090/19/5 18086/19/5 18089/19/5
f 18091/1/5 18087/1/5 18090/1/5
f 18092/1/5 18089/1/5 18088/1/5
f 18093/19/5 18090/19/5 18089/19/5
f 18093/1/5 18089/1/5 18092/1/5
f 18094/19/5 18090/19/5 18093/19/5
f 18097/1/5 18096/1/5 18095/1/5
f 18098/1/5 18096/1/5 18097/1/5
f 18101/1/5 18100/1/5 18099/1/5
f 18102/1/5 18100/1/5 18101/1/5
f 18107/1/5 18104/1/5 18103/1/5
f 18108/1/5 18104/1/5 18107/1/5
f 18111/1/5 18106/1/5 18105/1/5
f 18112/1/5 18106/1/5 18111/1/5
f 18113/19/5 18110/19/5 18109/19/5
f 18114/19/5 18110/19/5 18113/19/5
f 18117/1/5 18116/1/5 18115/1/5
f 18118/1/5 18116/1/5 18117/1/5
f 18121/1/5 18120/1/5 18119/1/5
f 18122/1/5 18120/1/5 18121/1/5
f 18125/1/5 18124/1/5 18123/1/5
f 18126/1/5 18124/1/5 18125/1/5
f 18129/1/5 18128/1/5 18127/1/5
f 18130/1/5 18128/1/5 18129/1/5
f 18133/1/5 18132/1/5 18131/1/5
f 18134/1/5 18132/1/5 18133/1/5
f 18143/1/5 18136/1/5 18135/1/5
f 18144/1/5 18136/1/5 18143/1/5
f 18145/1/5 18138/1/5 18137/1/5
f 18146/1/5 18138/1/5 18145/1/5
f 18147/1/5 18140/1/5 18139/1/5
f 18148/1/5 18140/1/5 18147/1/5
f 18149/1/5 18142/1/5 18141/1/5
f 18150/1/5 18142/1/5 18149/1/5
f 18155/1/5 18152/1/5 18151/1/5
f 18156/1/5 18152/1/5 18155/1/5
f 18157/1/5 18154/1/5 18153/1/5
f 18158/1/5 18154/1/5 18157/1/5
f 18159/1/5 18154/1/5 18158/1/5
f 18164/1/5 18161/1/5 18160/1/5
f 18165/1/5 18161/1/5 18164/1/5
f 18166/1/5 18163/1/5 18162/1/5
f 18167/1/5 18163/1/5 18166/1/5
f 18170/1/5 18169/1/5 18168/1/5
f 18171/1/5 18169/1/5 18170/1/5
f 18174/1/5 18173/1/5 18172/1/5
f 18175/1/5 18173/1/5 18174/1/5
f 18178/1/5 18177/1/5 18176/1/5
f 18179/1/5 18177/1/5 18178/1/5
f 18182/1/5 18181/1/5 18180/1/5
f 18183/1/5 18181/1/5 18182/1/5
f 18186/1/5 18185/1/5 18184/1/5
f 18187/1/5 18185/1/5 18186/1/5
f 18194/1/5 18189/1/5 18188/1/5
f 18195/1/5 18189/1/5 18194/1/5
f 18196/1/5 18193/1/5 18192/1/5
f 18197/1/5 18193/1/5 18196/1/5
f 18198/17/5 18191/17/5 18190/17/5
f 18199/17/5 18191/17/5 18198/17/5
f 18200/17/5 18191/17/5 18199/17/5
f 18201/17/5 18191/17/5 18200/17/5
f 18202/1/5 18200/1/5 18199/1/5
f 18203/1/5 18200/1/5 18202/1/5
f 18206/1/5 18205/1/5 18204/1/5
f 18207/1/5 18205/1/5 18206/1/5
f 18210/1/5 18209/1/5 18208/1/5
f 18211/1/5 18209/1/5 18210/1/5
f 18214/1/5 18213/1/5 18212/1/5
f 18215/1/5 18213/1/5 18214/1/5
f 18218/1/5 18217/1/5 18216/1/5
f 18219/1/5 18217/1/5 18218/1/5
f 18222/1/5 18221/1/5 18220/1/5
f 18223/1/5 18221/1/5 18222/1/5
f 18230/1/5 18225/1/5 18224/1/5
f 18231/1/5 18225/1/5 18230/1/5
f 18232/1/5 18227/1/5 18226/1/5
f 18233/1/5 18227/1/5 18232/1/5
f 18234/1/5 18229/1/5 18228/1/5
f 18235/1/5 18229/1/5 18234/1/5
f 18238/17/5 18237/17/5 18236/17/5
f 18239/17/5 18237/17/5 18238/17/5
f 18240/17/5 18238/17/5 18236/17/5
f 18241/17/5 18238/17/5 18240/17/5
f 18242/17/5 18238/17/5 18241/17/5
f 18243/17/5 18242/17/5 18241/17/5
f 18244/17/5 18242/17/5 18243/17/5
f 18247/1/5 18246/1/5 18245/1/5
f 18248/1/5 18246/1/5 18247/1/5
f 18251/1/5 18250/1/5 18249/1/5
f 18252/1/5 18250/1/5 18251/1/5
f 18255/1/5 18254/1/5 18253/1/5
f 18256/1/5 18254/1/5 18255/1/5
f 18259/1/5 18258/1/5 18257/1/5
f 18260/1/5 18258/1/5 18259/1/5
f 18263/1/5 18262/1/5 18261/1/5
f 18264/1/5 18262/1/5 18263/1/5
f 18267/17/5 18266/17/5 18265/17/5
f 18268/17/5 18266/17/5 18267/17/5
f 18270/17/5 18266/17/5 18268/17/5
f 18271/17/5 18266/17/5 18270/17/5
f 18279/17/5 18267/17/5 18265/17/5
f 18280/17/5 18270/17/5 18269/17/5
f 18290/17/5 18273/17/5 18272/17/5
f 18291/17/5 18273/17/5 18290/17/5
f 18292/17/5 18273/17/5 18291/17/5
f 18293/17/5 18275/17/5 18274/17/5
f 18294/17/5 18275/17/5 18293/17/5
f 18295/17/5 18277/17/5 18276/17/5
f 18296/17/5 18277/17/5 18295/17/5
f 18297/17/5 18279/17/5 18278/17/5
f 18298/17/5 18267/17/5 18279/17/5
f 18298/17/5 18279/17/5 18297/17/5
f 18299/17/5 18281/17/5 18280/17/5
f 18299/17/5 18280/17/5 18269/17/5
f 18300/17/5 18281/17/5 18299/17/5
f 18301/17/5 18281/17/5 18300/17/5
f 18302/17/5 18283/17/5 18282/17/5
f 18303/17/5 18283/17/5 18302/17/5
f 18304/17/5 18283/17/5 18303/17/5
f 18305/17/5 18285/17/5 18284/17/5
f 18306/17/5 18285/17/5 18305/17/5
f 18307/17/5 18285/17/5 18306/17/5
f 18308/17/5 18287/17/5 18286/17/5
f 18309/17/5 18287/17/5 18308/17/5
f 18310/17/5 18289/17/5 18288/17/5
f 18311/17/5 18289/17/5 18310/17/5
f 18312/17/5 18292/17/5 18291/17/5
f 18313/17/5 18292/17/5 18312/17/5
f 18314/17/5 18295/17/5 18294/17/5
f 18315/17/5 18295/17/5 18314/17/5
f 18316/17/5 18297/17/5 18296/17/5
f 18317/17/5 18297/17/5 18316/17/5
f 18318/17/5 18304/17/5 18303/17/5
f 18319/17/5 18304/17/5 18318/17/5
f 18320/17/5 18307/17/5 18306/17/5
f 18321/17/5 18307/17/5 18320/17/5
f 18322/17/5 18310/17/5 18309/17/5
f 18323/17/5 18310/17/5 18322/17/5
f 18324/17/5 18289/17/5 18311/17/5
f 18326/17/5 18289/17/5 18324/17/5
f 18327/17/5 18326/17/5 18325/17/5
f 18328/17/5 18289/17/5 18326/17/5
f 18328/17/5 18326/17/5 18327/17/5
f 18329/17/5 18290/17/5 18272/17/5
f 18330/17/5 18290/17/5 18329/17/5
f 18333/17/5 18331/17/5 18330/17/5
f 18334/17/5 18331/17/5 18333/17/5
f 18336/17/5 18289/17/5 18328/17/5
f 18337/17/5 18289/17/5 18336/17/5
f 18338/17/5 18336/17/5 18335/17/5
f 18340/17/5 18338/17/5 18335/17/5
f 18340/17/5 18339/17/5 18338/17/5
f 18341/17/5 18339/17/5 18340/17/5
f 18342/17/5 18333/17/5 18332/17/5
f 18344/17/5 18342/17/5 18332/17/5
f 18344/17/5 18343/17/5 18342/17/5
f 18345/17/5 18343/17/5 18344/17/5
f 18346/17/5 18344/17/5 18332/17/5
f 18347/17/5 18344/17/5 18346/17/5
f 18350/17/5 18348/17/5 18347/17/5
f 18351/17/5 18348/17/5 18350/17/5
f 18358/17/5 18350/17/5 18349/17/5
f 18360/17/5 18353/17/5 18352/17/5
f 18361/17/5 18353/17/5 18360/17/5
f 18362/17/5 18355/17/5 18354/17/5
f 18363/17/5 18355/17/5 18362/17/5
f 18364/17/5 18355/17/5 18363/17/5
f 18365/17/5 18357/17/5 18356/17/5
f 18366/17/5 18357/17/5 18365/17/5
f 18367/17/5 18339/17/5 18341/17/5
f 18368/17/5 18359/17/5 18358/17/5
f 18368/17/5 18358/17/5 18349/17/5
f 18369/17/5 18359/17/5 18368/17/5
f 18370/17/5 18361/17/5 18360/17/5
f 18370/17/5 18362/17/5 18361/17/5
f 18370/17/5 18363/17/5 18362/17/5
f 18371/17/5 18363/17/5 18370/17/5
f 18372/17/5 18365/17/5 18364/17/5
f 18373/17/5 18365/17/5 18372/17/5
f 18374/17/5 18367/17/5 18366/17/5
f 18375/17/5 18339/17/5 18367/17/5
f 18375/17/5 18367/17/5 18374/17/5
f 18382/17/5 18377/17/5 18376/17/5
f 18383/17/5 18377/17/5 18382/17/5
f 18387/17/5 18379/17/5 18378/17/5
f 18388/17/5 18379/17/5 18387/17/5
f 18389/17/5 18381/17/5 18380/17/5
f 18390/17/5 18381/17/5 18389/17/5
f 18391/17/5 18384/17/5 18383/17/5
f 18392/17/5 18384/17/5 18391/17/5
f 18393/17/5 18386/17/5 18385/17/5
f 18394/17/5 18386/17/5 18393/17/5
f 18397/17/5 18396/17/5 18395/17/5
f 18398/17/5 18396/17/5 18397/17/5
f 18401/17/5 18400/17/5 18399/17/5
f 18402/17/5 18400/17/5 18401/17/5
f 18409/17/5 18404/17/5 18403/17/5
f 18410/17/5 18404/17/5 18409/17/5
f 18411/17/5 18406/17/5 18405/17/5
f 18412/17/5 18406/17/5 18411/17/5
f 18413/17/5 18408/17/5 18407/17/5
f 18414/17/5 18408/17/5 18413/17/5
f 18419/17/5 18416/17/5 18415/17/5
f 18420/17/5 18416/17/5 18419/17/5
f 18425/17/5 18418/17/5 18417/17/5
f 18426/17/5 18418/17/5 18425/17/5
f 18427/1/5 18422/1/5 18421/1/5
f 18428/1/5 18422/1/5 18427/1/5
f 18429/1/5 18424/1/5 18423/1/5
f 18430/1/5 18424/1/5 18429/1/5
f 18435/1/5 18432/1/5 18431/1/5
f 18436/1/5 18432/1/5 18435/1/5
f 18438/1/5 18434/1/5 18433/1/5
f 18439/1/5 18434/1/5 18438/1/5
f 18440/19/5 18437/19/5 18436/19/5
f 18441/19/5 18437/19/5 18440/19/5
f 18448/1/5 18443/1/5 18442/1/5
f 18449/1/5 18443/1/5 18448/1/5
f 18450/1/5 18445/1/5 18444/1/5
f 18451/1/5 18445/1/5 18450/1/5
f 18452/1/5 18447/1/5 18446/1/5
f 18453/1/5 18447/1/5 18452/1/5
f 18461/5/5 18455/5/5 18454/5/5
f 18462/5/5 18455/5/5 18461/5/5
f 18463/5/5 18455/5/5 18462/5/5
f 18465/5/5 18457/5/5 18456/5/5
f 18466/5/5 18457/5/5 18465/5/5
f 18467/5/5 18459/5/5 18458/5/5
f 18468/5/5 18459/5/5 18467/5/5
f 18475/6/5 18472/6/5 18471/6/5
f 18476/6/5 18472/6/5 18475/6/5
f 18477/4/5 18461/4/5 18460/4/5
f 18477/4/5 18462/4/5 18461/4/5
f 18478/4/5 18462/4/5 18477/4/5
f 18479/4/5 18466/4/5 18465/4/5
f 18479/4/5 18465/4/5 18464/4/5
f 18479/4/5 18467/4/5 18466/4/5
f 18480/4/5 18467/4/5 18479/4/5
f 18481/4/5 18470/4/5 18469/4/5
f 18482/4/5 18470/4/5 18481/4/5
f 18483/5/5 18474/5/5 18473/5/5
f 18484/5/5 18474/5/5 18483/5/5
f 18485/5/5 18476/5/5 18475/5/5
f 18486/4/5 18477/4/5 18476/4/5
f 18486/5/5 18476/5/5 18485/5/5
f 18489/4/5 18477/4/5 18486/4/5
f 18490/4/5 18477/4/5 18489/4/5
f 18491/4/5 18477/4/5 18490/4/5
f 18492/4/5 18483/4/5 18482/4/5
f 18493/4/5 18483/4/5 18492/4/5
f 18494/4/5 18483/4/5 18493/4/5
f 18497/1/5 18488/1/5 18487/1/5
f 18498/1/5 18488/1/5 18497/1/5
f 18499/1/5 18496/1/5 18495/1/5
f 18500/1/5 18496/1/5 18499/1/5
f 18503/1/5 18502/1/5 18501/1/5
f 18504/1/5 18502/1/5 18503/1/5
f 18507/1/5 18506/1/5 18505/1/5
f 18508/1/5 18506/1/5 18507/1/5
f 18513/1/5 18510/1/5 18509/1/5
f 18514/1/5 18510/1/5 18513/1/5
f 18515/1/5 18512/1/5 18511/1/5
f 18516/1/5 18512/1/5 18515/1/5
f 18519/1/5 18518/1/5 18517/1/5
f 18520/1/5 18518/1/5 18519/1/5
f 18529/1/5 18522/1/5 18521/1/5
f 18530/1/5 18522/1/5 18529/1/5
f 18531/1/5 18524/1/5 18523/1/5
f 18532/1/5 18524/1/5 18531/1/5
f 18533/1/5 18526/1/5 18525/1/5
f 18534/1/5 18526/1/5 18533/1/5
f 18535/1/5 18528/1/5 18527/1/5
f 18536/1/5 18528/1/5 18535/1/5
f 18541/5/5 18538/5/5 18537/5/5
f 18542/5/5 18538/5/5 18541/5/5
f 18543/5/5 18540/5/5 18539/5/5
f 18544/5/5 18540/5/5 18543/5/5
f 18547/2/5 18546/2/5 18545/2/5
f 18548/2/5 18546/2/5 18547/2/5
f 18557/1/5 18550/1/5 18549/1/5
f 18558/1/5 18550/1/5 18557/1/5
f 18559/1/5 18552/1/5 18551/1/5
f 18560/1/5 18552/1/5 18559/1/5
f 18561/1/5 18554/1/5 18553/1/5
f 18562/1/5 18554/1/5 18561/1/5
f 18563/17/5 18556/17/5 18555/17/5
f 18564/17/5 18556/17/5 18563/17/5
f 18567/1/5 18566/1/5 18565/1/5
f 18568/1/5 18566/1/5 18567/1/5
f 18571/1/5 18570/1/5 18569/1/5
f 18572/1/5 18570/1/5 18571/1/5
f 18575/1/5 18574/1/5 18573/1/5
f 18576/1/5 18574/1/5 18575/1/5
f 18579/1/5 18578/1/5 18577/1/5
f 18580/1/5 18578/1/5 18579/1/5
f 18583/1/5 18582/1/5 18581/1/5
f 18584/1/5 18582/1/5 18583/1/5
f 18593/19/5 18586/19/5 18585/19/5
f 18594/19/5 18586/19/5 18593/19/5
f 18595/1/5 18588/1/5 18587/1/5
f 18596/1/5 18588/1/5 18595/1/5
f 18597/1/5 18590/1/5 18589/1/5
f 18598/1/5 18590/1/5 18597/1/5
f 18599/1/5 18592/1/5 18591/1/5
f 18600/1/5 18592/1/5 18599/1/5
f 18603/6/5 18602/6/5 18601/6/5
f 18604/6/5 18602/6/5 18603/6/5
f 18609/1/5 18606/1/5 18605/1/5
f 18610/1/5 18606/1/5 18609/1/5
f 18611/1/5 18608/1/5 18607/1/5
f 18612/1/5 18608/1/5 18611/1/5
f 18615/1/5 18614/1/5 18613/1/5
f 18616/1/5 18614/1/5 18615/1/5
f 18619/1/5 18618/1/5 18617/1/5
f 18620/1/5 18618/1/5 18619/1/5
f 18623/1/5 18622/1/5 18621/1/5
f 18624/1/5 18622/1/5 18623/1/5
f 18627/1/5 18626/1/5 18625/1/5
f 18628/1/5 18626/1/5 18627/1/5
f 18641/1/5 18630/1/5 18629/1/5
f 18642/1/5 18630/1/5 18641/1/5
f 18643/1/5 18632/1/5 18631/1/5
f 18644/1/5 18632/1/5 18643/1/5
f 18645/1/5 18634/1/5 18633/1/5
f 18646/1/5 18634/1/5 18645/1/5
f 18647/1/5 18636/1/5 18635/1/5
f 18648/1/5 18636/1/5 18647/1/5
f 18649/1/5 18638/1/5 18637/1/5
f 18650/1/5 18638/1/5 18649/1/5
f 18651/1/5 18640/1/5 18639/1/5
f 18652/1/5 18640/1/5 18651/1/5
f 18655/1/5 18654/1/5 18653/1/5
f 18656/1/5 18654/1/5 18655/1/5
f 18659/1/5 18658/1/5 18657/1/5
f 18660/1/5 18658/1/5 18659/1/5
f 18663/1/5 18662/1/5 18661/1/5
f 18664/1/5 18662/1/5 18663/1/5
f 18667/1/5 18666/1/5 18665/1/5
f 18668/1/5 18666/1/5 18667/1/5
f 18671/1/5 18670/1/5 18669/1/5
f 18672/1/5 18670/1/5 18671/1/5
f 18679/1/5 18674/1/5 18673/1/5
f 18680/1/5 18674/1/5 18679/1/5
f 18681/1/5 18676/1/5 18675/1/5
f 18682/1/5 18676/1/5 18681/1/5
f 18683/1/5 18678/1/5 18677/1/5
f 18684/1/5 18678/1/5 18683/1/5
f 18689/1/5 18686/1/5 18685/1/5
f 18690/1/5 18686/1/5 18689/1/5
f 18691/1/5 18688/1/5 18687/1/5
f 18692/1/5 18688/1/5 18691/1/5
f 18695/1/5 18694/1/5 18693/1/5
f 18696/1/5 18694/1/5 18695/1/5
f 18699/1/5 18698/1/5 18697/1/5
f 18700/1/5 18698/1/5 18699/1/5
f 18703/1/5 18702/1/5 18701/1/5
f 18704/1/5 18702/1/5 18703/1/5
f 18707/1/5 18706/1/5 18705/1/5
f 18708/1/5 18706/1/5 18707/1/5
f 18711/1/5 18710/1/5 18709/1/5
f 18712/1/5 18710/1/5 18711/1/5
f 18715/1/5 18714/1/5 18713/1/5
f 18716/1/5 18714/1/5 18715/1/5
f 18725/1/5 18718/1/5 18717/1/5
f 18726/1/5 18718/1/5 18725/1/5
f 18727/1/5 18720/1/5 18719/1/5
f 18728/1/5 18720/1/5 18727/1/5
f 18729/1/5 18722/1/5 18721/1/5
f 18730/1/5 18722/1/5 18729/1/5
f 18731/1/5 18724/1/5 18723/1/5
f 18732/1/5 18724/1/5 18731/1/5
f 18735/1/5 18734/1/5 18733/1/5
f 18736/1/5 18734/1/5 18735/1/5
f 18739/1/5 18738/1/5 18737/1/5
f 18740/1/5 18738/1/5 18739/1/5
f 18743/1/5 18742/1/5 18741/1/5
f 18744/1/5 18742/1/5 18743/1/5
f 18747/1/5 18746/1/5 18745/1/5
f 18748/1/5 18746/1/5 18747/1/5
f 18751/1/5 18750/1/5 18749/1/5
f 18752/1/5 18750/1/5 18751/1/5
f 18761/1/5 18754/1/5 18753/1/5
f 18762/1/5 18754/1/5 18761/1/5
f 18763/1/5 18756/1/5 18755/1/5
f 18764/1/5 18756/1/5 18763/1/5
f 18765/1/5 18758/1/5 18757/1/5
f 18766/1/5 18758/1/5 18765/1/5
f 18767/1/5 18760/1/5 18759/1/5
f 18768/1/5 18760/1/5 18767/1/5
f 18777/1/5 18770/1/5 18769/1/5
f 18778/1/5 18770/1/5 18777/1/5
f 18779/1/5 18772/1/5 18771/1/5
f 18780/1/5 18772/1/5 18779/1/5
f 18781/1/5 18774/1/5 18773/1/5
f 18782/1/5 18774/1/5 18781/1/5
f 18783/1/5 18776/1/5 18775/1/5
f 18784/1/5 18776/1/5 18783/1/5
f 18787/1/5 18786/1/5 18785/1/5
f 18788/1/5 18786/1/5 18787/1/5
f 18791/1/5 18790/1/5 18789/1/5
f 18792/1/5 18790/1/5 18791/1/5
f 18795/1/5 18794/1/5 18793/1/5
f 18796/1/5 18794/1/5 18795/1/5
f 18800/1/5 18798/1/5 18797/1/5
f 18807/1/5 18802/1/5 18801/1/5
f 18808/1/5 18802/1/5 18807/1/5
f 18809/1/5 18804/1/5 18803/1/5
f 18810/1/5 18804/1/5 18809/1/5
f 18811/1/5 18806/1/5 18805/1/5
f 18812/1/5 18806/1/5 18811/1/5
f 18813/19/5 18800/19/5 18799/19/5
f 18814/1/5 18798/1/5 18800/1/5
f 18814/19/5 18800/19/5 18813/19/5
f 18815/1/5 18798/1/5 18814/1/5
f 18818/1/5 18817/1/5 18816/1/5
f 18819/1/5 18817/1/5 18818/1/5
f 18822/1/5 18821/1/5 18820/1/5
f 18823/1/5 18821/1/5 18822/1/5
f 18826/1/5 18825/1/5 18824/1/5
f 18827/1/5 18825/1/5 18826/1/5
f 18831/1/5 18829/1/5 18828/1/5
f 18832/19/5 18830/19/5 18829/19/5
f 18832/1/5 18829/1/5 18831/1/5
f 18833/19/5 18830/19/5 18832/19/5
f 18843/1/5 18835/1/5 18834/1/5
f 18844/1/5 18835/1/5 18843/1/5
f 18845/1/5 18837/1/5 18836/1/5
f 18846/1/5 18837/1/5 18845/1/5
f 18847/1/5 18839/1/5 18838/1/5
f 18848/1/5 18839/1/5 18847/1/5
f 18849/1/5 18841/1/5 18840/1/5
f 18850/19/5 18842/19/5 18841/19/5
f 18850/1/5 18841/1/5 18849/1/5
f 18851/19/5 18842/19/5 18850/19/5
f 18856/1/5 18853/1/5 18852/1/5
f 18857/1/5 18853/1/5 18856/1/5
f 18858/1/5 18855/1/5 18854/1/5
f 18859/1/5 18855/1/5 18858/1/5
f 18861/17/5 18860/17/5 18859/17/5
f 18862/17/5 18860/17/5 18861/17/5
f 18865/1/5 18864/1/5 18863/1/5
f 18866/1/5 18864/1/5 18865/1/5
f 18869/1/5 18868/1/5 18867/1/5
f 18870/1/5 18868/1/5 18869/1/5
f 18873/1/5 18872/1/5 18871/1/5
f 18874/1/5 18872/1/5 18873/1/5
f 18877/1/5 18876/1/5 18875/1/5
f 18878/1/5 18876/1/5 18877/1/5
f 18881/1/5 18880/1/5 18879/1/5
f 18882/1/5 18880/1/5 18881/1/5
f 18885/1/5 18884/1/5 18883/1/5
f 18886/1/5 18884/1/5 18885/1/5
f 18893/1/5 18888/1/5 18887/1/5
f 18894/1/5 18888/1/5 18893/1/5
f 18895/1/5 18890/1/5 18889/1/5
f 18896/1/5 18890/1/5 18895/1/5
f 18897/1/5 18892/1/5 18891/1/5
f 18898/1/5 18892/1/5 18897/1/5
f 18903/1/5 18900/1/5 18899/1/5
f 18904/1/5 18900/1/5 18903/1/5
f 18905/1/5 18902/1/5 18901/1/5
f 18906/1/5 18902/1/5 18905/1/5
f 18909/1/5 18908/1/5 18907/1/5
f 18910/1/5 18908/1/5 18909/1/5
f 18913/1/5 18912/1/5 18911/1/5
f 18914/1/5 18912/1/5 18913/1/5
f 18917/1/5 18916/1/5 18915/1/5
f 18918/1/5 18916/1/5 18917/1/5
f 18921/1/5 18920/1/5 18919/1/5
f 18922/1/5 18920/1/5 18921/1/5
f 18931/1/5 18924/1/5 18923/1/5
f 18932/1/5 18924/1/5 18931/1/5
f 18933/1/5 18926/1/5 18925/1/5
f 18934/1/5 18926/1/5 18933/1/5
f 18935/1/5 18928/1/5 18927/1/5
f 18936/1/5 18928/1/5 18935/1/5
f 18937/1/5 18930/1/5 18929/1/5
f 18938/1/5 18930/1/5 18937/1/5
f 18941/1/5 18940/1/5 18939/1/5
f 18942/1/5 18940/1/5 18941/1/5
f 18945/17/5 18944/17/5 18943/17/5
f 18946/17/5 18944/17/5 18945/17/5
f 18949/1/5 18948/1/5 18947/1/5
f 18950/1/5 18948/1/5 18949/1/5
f 18955/1/5 18952/1/5 18951/1/5
f 18956/1/5 18952/1/5 18955/1/5
f 18957/1/5 18954/1/5 18953/1/5
f 18958/1/5 18954/1/5 18957/1/5
f 18961/1/5 18960/1/5 18959/1/5
f 18962/1/5 18960/1/5 18961/1/5
f 18965/1/5 18964/1/5 18963/1/5
f 18966/1/5 18964/1/5 18965/1/5
f 18969/1/5 18968/1/5 18967/1/5
f 18970/1/5 18968/1/5 18969/1/5
f 18977/1/5 18972/1/5 18971/1/5
f 18978/1/5 18972/1/5 18977/1/5
f 18979/1/5 18974/1/5 18973/1/5
f 18980/1/5 18974/1/5 18979/1/5
f 18981/1/5 18976/1/5 18975/1/5
f 18982/1/5 18976/1/5 18981/1/5
f 18991/1/5 18984/1/5 18983/1/5
f 18992/1/5 18984/1/5 18991/1/5
f 18993/1/5 18986/1/5 18985/1/5
f 18994/1/5 18986/1/5 18993/1/5
f 18995/1/5 18988/1/5 18987/1/5
f 18996/1/5 18988/1/5 18995/1/5
f 18997/1/5 18990/1/5 18989/1/5
f 18998/1/5 18990/1/5 18997/1/5
f 18999/1/5 18990/1/5 18998/1/5
f 19000/1/5 18990/1/5 18999/1/5
f 19003/1/5 18999/1/5 18998/1/5
f 19004/1/5 18999/1/5 19003/1/5
f 19005/19/5 19002/19/5 19001/19/5
f 19006/19/5 19002/19/5 19005/19/5
f 19009/1/5 19008/1/5 19007/1/5
f 19010/1/5 19008/1/5 19009/1/5
f 19013/1/5 19012/1/5 19011/1/5
f 19014/1/5 19012/1/5 19013/1/5
f 19017/1/5 19016/1/5 19015/1/5
f 19018/1/5 19016/1/5 19017/1/5
f 19023/1/5 19020/1/5 19019/1/5
f 19024/1/5 19020/1/5 19023/1/5
f 19025/1/5 19022/1/5 19021/1/5
f 19026/1/5 19022/1/5 19025/1/5
f 19029/17/5 19028/17/5 19027/17/5
f 19030/17/5 19028/17/5 19029/17/5
f 19033/1/5 19032/1/5 19031/1/5
f 19034/1/5 19032/1/5 19033/1/5
f 19037/1/5 19036/1/5 19035/1/5
f 19038/1/5 19036/1/5 19037/1/5
f 19041/1/5 19040/1/5 19039/1/5
f 19042/1/5 19040/1/5 19041/1/5
f 19045/1/5 19044/1/5 19043/1/5
f 19046/1/5 19044/1/5 19045/1/5
f 19049/1/5 19048/1/5 19047/1/5
f 19050/1/5 19048/1/5 19049/1/5
f 19053/1/5 19052/1/5 19051/1/5
f 19054/1/5 19052/1/5 19053/1/5
f 19057/1/5 19056/1/5 19055/1/5
f 19058/1/5 19056/1/5 19057/1/5
f 19068/19/5 19060/19/5 19059/19/5
f 19069/1/5 19061/1/5 19060/1/5
f 19069/19/5 19060/19/5 19068/19/5
f 19070/1/5 19061/1/5 19069/1/5
f 19071/1/5 19063/1/5 19062/1/5
f 19072/1/5 19063/1/5 19071/1/5
f 19073/1/5 19065/1/5 19064/1/5
f 19074/1/5 19065/1/5 19073/1/5
f 19075/1/5 19067/1/5 19066/1/5
f 19076/1/5 19067/1/5 19075/1/5
f 19079/17/5 19078/17/5 19077/17/5
f 19080/17/5 19078/17/5 19079/17/5
f 19083/1/5 19082/1/5 19081/1/5
f 19084/1/5 19082/1/5 19083/1/5
f 19087/1/5 19086/1/5 19085/1/5
f 19088/1/5 19086/1/5 19087/1/5
f 19091/1/5 19090/1/5 19089/1/5
f 19092/1/5 19090/1/5 19091/1/5
f 19095/1/5 19094/1/5 19093/1/5
f 19096/1/5 19094/1/5 19095/1/5
f 19099/1/5 19098/1/5 19097/1/5
f 19100/1/5 19098/1/5 19099/1/5
f 19109/19/5 19102/19/5 19101/19/5
f 19110/19/5 19102/19/5 19109/19/5
f 19111/1/5 19104/1/5 19103/1/5
f 19112/1/5 19104/1/5 19111/1/5
f 19113/1/5 19106/1/5 19105/1/5
f 19114/1/5 19106/1/5 19113/1/5
f 19115/1/5 19108/1/5 19107/1/5
f 19116/1/5 19108/1/5 19115/1/5
f 19119/17/5 19118/17/5 19117/17/5
f 19120/17/5 19118/17/5 19119/17/5
f 19122/17/5 19119/17/5 19117/17/5
f 19123/17/5 19118/17/5 19120/17/5
f 19127/17/5 19122/17/5 19121/17/5
f 19128/17/5 19119/17/5 19122/17/5
f 19128/17/5 19122/17/5 19127/17/5
f 19129/17/5 19123/17/5 19120/17/5
f 19129/17/5 19124/17/5 19123/17/5
f 19130/17/5 19124/17/5 19129/17/5
f 19131/17/5 19124/17/5 19130/17/5
f 19133/17/5 19126/17/5 19125/17/5
f 19134/17/5 19126/17/5 19133/17/5
f 19135/17/5 19132/17/5 19131/17/5
f 19135/17/5 19131/17/5 19130/17/5
f 19136/17/5 19132/17/5 19135/17/5
f 19137/17/5 19127/17/5 19121/17/5
f 19139/17/5 19137/17/5 19121/17/5
f 19139/17/5 19138/17/5 19137/17/5
f 19140/17/5 19138/17/5 19139/17/5
f 19141/17/5 19126/17/5 19134/17/5
f 19142/17/5 19126/17/5 19141/17/5
f 19146/17/5 19144/17/5 19143/17/5
f 19147/17/5 19146/17/5 19145/17/5
f 19148/17/5 19144/17/5 19146/17/5
f 19148/17/5 19146/17/5 19147/17/5
f 19150/17/5 19144/17/5 19148/17/5
f 19151/17/5 19144/17/5 19150/17/5
f 19152/19/5 19150/19/5 19149/19/5
f 19153/19/5 19150/19/5 19152/19/5
f 19156/17/5 19154/17/5 19153/17/5
f 19157/17/5 19139/17/5 19121/17/5
f 19159/17/5 19156/17/5 19155/17/5
f 19160/17/5 19154/17/5 19156/17/5
f 19160/17/5 19156/17/5 19159/17/5
f 19161/17/5 19158/17/5 19157/17/5
f 19161/17/5 19157/17/5 19121/17/5
f 19162/17/5 19158/17/5 19161/17/5
f 19163/17/5 19161/17/5 19121/17/5
f 19172/17/5 19163/17/5 19121/17/5
f 19175/19/5 19165/19/5 19164/19/5
f 19176/19/5 19165/19/5 19175/19/5
f 19178/17/5 19167/17/5 19166/17/5
f 19179/17/5 19167/17/5 19178/17/5
f 19180/19/5 19169/19/5 19168/19/5
f 19181/19/5 19169/19/5 19180/19/5
f 19182/17/5 19171/17/5 19170/17/5
f 19183/17/5 19171/17/5 19182/17/5
f 19186/17/5 19154/17/5 19160/17/5
f 19187/17/5 19173/17/5 19172/17/5
f 19187/17/5 19172/17/5 19121/17/5
f 19188/17/5 19173/17/5 19187/17/5
f 19189/17/5 19177/17/5 19176/17/5
f 19189/17/5 19175/17/5 19174/17/5
f 19189/17/5 19176/17/5 19175/17/5
f 19190/17/5 19177/17/5 19189/17/5
f 19191/17/5 19179/17/5 19178/17/5
f 19191/17/5 19180/17/5 19179/17/5
f 19192/17/5 19180/17/5 19191/17/5
f 19193/17/5 19185/17/5 19184/17/5
f 19193/17/5 19186/17/5 19185/17/5
f 19193/17/5 19184/17/5 19183/17/5
f 19193/17/5 19183/17/5 19182/17/5
f 19193/17/5 19182/17/5 19181/17/5
f 19194/17/5 19154/17/5 19186/17/5
f 19194/17/5 19186/17/5 19193/17/5
f 19197/17/5 19196/17/5 19195/17/5
f 19198/17/5 19196/17/5 19197/17/5
f 19201/17/5 19200/17/5 19199/17/5
f 19202/17/5 19200/17/5 19201/17/5
f 19209/17/5 19204/17/5 19203/17/5
f 19210/17/5 19204/17/5 19209/17/5
f 19211/17/5 19206/17/5 19205/17/5
f 19212/17/5 19206/17/5 19211/17/5
f 19213/17/5 19208/17/5 19207/17/5
f 19214/17/5 19208/17/5 19213/17/5
f 19217/17/5 19216/17/5 19215/17/5
f 19218/17/5 19216/17/5 19217/17/5
f 19221/17/5 19220/17/5 19219/17/5
f 19222/17/5 19220/17/5 19221/17/5
f 19225/17/5 19224/17/5 19223/17/5
f 19226/17/5 19224/17/5 19225/17/5
f 19231/17/5 19228/17/5 19227/17/5
f 19232/17/5 19228/17/5 19231/17/5
f 19233/17/5 19230/17/5 19229/17/5
f 19234/17/5 19230/17/5 19233/17/5
f 19237/17/5 19236/17/5 19235/17/5
f 19238/17/5 19236/17/5 19237/17/5
f 19241/17/5 19240/17/5 19239/17/5
f 19243/17/5 19241/17/5 19239/17/5
f 19243/17/5 19242/17/5 19241/17/5
f 19244/17/5 19242/17/5 19243/17/5
f 19249/9/5 19246/9/5 19245/9/5
f 19250/9/5 19246/9/5 19249/9/5
f 19251/9/5 19248/9/5 19247/9/5
f 19252/9/5 19248/9/5 19251/9/5
f 19255/17/5 19254/17/5 19253/17/5
f 19256/17/5 19254/17/5 19255/17/5
f 19259/17/5 19258/17/5 19257/17/5
f 19260/17/5 19258/17/5 19259/17/5
f 19261/17/5 19259/17/5 19257/17/5
f 19262/17/5 19258/17/5 19260/17/5
f 19263/17/5 19261/17/5 19257/17/5
f 19263/17/5 19262/17/5 19261/17/5
f 19264/17/5 19258/17/5 19262/17/5
f 19264/17/5 19262/17/5 19263/17/5
f 19265/18/6 19266/18/6 19267/18/6
f 19267/18/6 19266/18/6 19268/18/6
f 19268/18/6 19266/18/6 19269/18/6
f 19269/18/6 19266/18/6 19270/18/6
f 19267/12/6 19268/12/6 19271/12/6
f 19271/12/6 19268/12/6 19272/12/6
f 19272/12/6 19268/12/6 19273/12/6
f 19273/12/6 19268/12/6 19274/12/6
f 19269/12/6 19270/12/6 19275/12/6
f 19275/12/6 19270/12/6 19276/12/6
f 19276/12/6 19270/12/6 19277/12/6
f 19277/12/6 19270/12/6 19278/12/6
f 19274/12/6 19268/12/6 19279/12/6
f 19268/17/6 19269/17/6 19280/17/6
f 19279/12/6 19268/12/6 19280/12/6
f 19280/17/6 19269/17/6 19281/17/6
f 19281/17/6 19269/17/6 19282/17/6
f 19269/12/6 19275/12/6 19283/12/6
f 19282/17/6 19269/17/6 19283/17/6
f 19283/12/6 19275/12/6 19284/12/6
f 19272/12/6 19273/12/6 19285/12/6
f 19285/12/6 19273/12/6 19286/12/6
f 19286/12/6 19273/12/6 19287/12/6
f 19272/12/6 19285/12/6 19288/12/6
f 19288/12/6 19285/12/6 19289/12/6
f 19289/12/6 19285/12/6 19290/12/6
f 19287/12/6 19273/12/6 19292/12/6
f 19281/17/6 19282/17/6 19293/17/6
f 19293/17/6 19282/17/6 19294/17/6
f 19272/12/6 19288/12/6 19295/12/6
f 19291/12/6 19292/12/6 19296/12/6
f 19290/12/6 19291/12/6 19296/12/6
f 19289/12/6 19290/12/6 19296/12/6
f 19267/12/6 19271/12/6 19297/12/6
f 19295/12/6 19296/12/6 19298/12/6
f 19272/12/6 19295/12/6 19298/12/6
f 19296/12/6 19292/12/6 19299/12/6
f 19292/12/6 19273/12/6 19299/12/6
f 19298/12/6 19296/12/6 19299/12/6
f 19274/12/6 19279/12/6 19300/12/6
f 19284/12/6 19275/12/6 19301/12/6
f 19276/12/6 19277/12/6 19302/12/6
f 19302/12/6 19277/12/6 19303/12/6
f 19278/12/6 19270/12/6 19304/12/6
f 19302/12/6 19303/12/6 19305/12/6
f 19303/12/6 19304/12/6 19305/12/6
f 19304/12/6 19270/12/6 19305/12/6
f 19301/12/6 19302/12/6 19305/12/6
f 19305/12/6 19270/12/6 19306/12/6
f 19301/12/6 19305/12/6 19307/12/6
f 19306/12/6 19270/12/6 19308/12/6
f 19298/12/6 19299/12/6 19309/12/6
f 19299/12/6 19300/12/6 19309/12/6
f 19297/12/6 19298/12/6 19309/12/6
f 19309/12/6 19300/12/6 19310/12/6
f 19300/12/6 19279/12/6 19311/12/6
f 19310/12/6 19300/12/6 19311/12/6
f 19307/12/6 19308/12/6 19312/12/6
f 19308/12/6 19270/12/6 19312/12/6
f 19312/12/6 19270/12/6 19313/12/6
f 19297/12/6 19309/12/6 19314/12/6
f 19311/12/6 19279/12/6 19316/12/6
f 19307/12/6 19312/12/6 19317/12/6
f 19313/12/6 19270/12/6 19318/12/6
f 19318/12/6 19270/12/6 19319/12/6
f 19319/12/6 19270/12/6 19320/12/6
f 19314/12/6 19315/12/6 19321/12/6
f 19267/12/6 19297/12/6 19321/12/6
f 19315/12/6 19316/12/6 19321/12/6
f 19297/12/6 19314/12/6 19321/12/6
f 19316/12/6 19279/12/6 19322/12/6
f 19321/12/6 19316/12/6 19322/12/6
f 19318/12/6 19319/12/6 19325/12/6
f 19284/12/6 19301/12/6 19325/12/6
f 19307/12/6 19317/12/6 19325/12/6
f 19317/12/6 19318/12/6 19325/12/6
f 19301/12/6 19307/12/6 19325/12/6
f 19325/12/6 19319/12/6 19326/12/6
f 19326/12/6 19319/12/6 19327/12/6
f 19327/12/6 19319/12/6 19328/12/6
f 19328/12/6 19319/12/6 19329/12/6
f 19320/12/6 19270/12/6 19330/12/6
f 19323/17/6 19324/17/6 19331/17/6
f 19331/17/6 19324/17/6 19332/17/6
f 19326/12/6 19327/12/6 19333/12/6
f 19328/12/6 19329/12/6 19334/12/6
f 19329/12/6 19330/12/6 19334/12/6
f 19326/12/6 19333/12/6 19335/12/6
f 19333/12/6 19334/12/6 19335/12/6
f 19334/12/6 19330/12/6 19336/12/6
f 19335/12/6 19334/12/6 19336/12/6
f 19330/12/6 19270/12/6 19336/12/6
f 19336/12/6 19270/12/6 19338/12/6
f 19326/12/6 19335/12/6 19339/12/6
f 19337/12/6 19338/12/6 19340/12/6
f 19340/12/6 19338/12/6 19341/12/6
f 19339/12/6 19340/12/6 19341/12/6
f 19338/12/6 19270/12/6 19342/12/6
f 19341/12/6 19338/12/6 19342/12/6
f 19326/12/6 19339/12/6 19343/12/6
f 19339/12/6 19341/12/6 19343/12/6
f 19343/12/6 19341/12/6 19344/12/6
f 19342/12/6 19270/12/6 19345/12/6
f 19270/18/6 19266/18/6 19346/18/6
f 19345/12/6 19270/12/6 19346/12/6
f 19346/18/6 19266/18/6 19348/18/6
f 19326/12/6 19343/12/6 19349/12/6
f 19347/12/6 19348/12/6 19350/12/6
f 19350/12/6 19348/12/6 19351/12/6
f 19348/18/6 19266/18/6 19352/18/6
f 19351/12/6 19348/12/6 19352/12/6
f 19350/12/6 19351/12/6 19353/12/6
f 19349/12/6 19350/12/6 19353/12/6
f 19353/12/6 19351/12/6 19354/12/6
f 19352/18/6 19266/18/6 19355/18/6
f 19349/12/6 19353/12/6 19356/12/6
f 19354/12/6 19355/12/6 19357/12/6
f 19349/12/6 19356/12/6 19358/12/6
f 19356/12/6 19357/12/6 19358/12/6
f 19358/12/6 19357/12/6 19359/12/6
f 19349/12/6 19358/12/6 19360/12/6
f 19359/12/6 19357/12/6 19361/12/6
f 19326/12/6 19349/12/6 19362/12/6
f 19360/12/6 19361/12/6 19362/12/6
f 19349/12/6 19360/12/6 19362/12/6
f 19362/12/6 19361/12/6 19363/12/6
f 19363/12/6 19361/12/6 19364/12/6
f 19361/12/6 19357/12/6 19365/12/6
f 19364/12/6 19361/12/6 19365/12/6
f 19357/12/6 19355/12/6 19366/12/6
f 19365/12/6 19357/12/6 19366/12/6
f 19267/12/6 19321/12/6 19367/12/6
f 19367/12/6 19321/12/6 19368/12/6
f 19326/12/6 19362/12/6 19369/12/6
f 19364/12/6 19365/12/6 19371/12/6
f 19371/12/6 19365/12/6 19372/12/6
f 19366/12/6 19355/12/6 19373/12/6
f 19372/12/6 19373/12/6 19374/12/6
f 19373/12/6 19355/12/6 19375/12/6
f 19374/12/6 19373/12/6 19375/12/6
f 19355/18/6 19266/18/6 19376/18/6
f 19375/12/6 19355/12/6 19376/12/6
f 19369/12/6 19370/12/6 19377/12/6
f 19374/12/6 19375/12/6 19379/12/6
f 19379/12/6 19375/12/6 19380/12/6
f 19376/18/6 19266/18/6 19381/18/6
f 19380/12/6 19381/12/6 19383/12/6
f 19267/12/6 19367/12/6 19384/12/6
f 19368/12/6 19321/12/6 19385/12/6
f 19377/12/6 19378/12/6 19386/12/6
f 19382/12/6 19383/12/6 19387/12/6
f 19387/12/6 19383/12/6 19388/12/6
f 19386/12/6 19387/12/6 19388/12/6
f 19383/12/6 19381/12/6 19389/12/6
f 19388/12/6 19383/12/6 19389/12/6
f 19377/12/6 19386/12/6 19390/12/6
f 19326/12/6 19369/12/6 19390/12/6
f 19369/12/6 19377/12/6 19390/12/6
f 19386/12/6 19388/12/6 19390/12/6
f 19390/12/6 19388/12/6 19391/12/6
f 19391/12/6 19388/12/6 19392/12/6
f 19392/12/6 19388/12/6 19393/12/6
f 19326/12/6 19390/12/6 19394/12/6
f 19391/12/6 19392/12/6 19395/12/6
f 19395/12/6 19392/12/6 19396/12/6
f 19389/12/6 19381/12/6 19397/12/6
f 19395/12/6 19396/12/6 19398/12/6
f 19396/12/6 19397/12/6 19398/12/6
f 19394/12/6 19395/12/6 19398/12/6
f 19398/12/6 19397/12/6 19399/12/6
f 19394/12/6 19398/12/6 19400/12/6
f 19399/12/6 19397/12/6 19401/12/6
f 19267/12/6 19384/12/6 19402/12/6
f 19384/12/6 19385/12/6 19402/12/6
f 19402/12/6 19385/12/6 19403/12/6
f 19400/12/6 19401/12/6 19404/12/6
f 19326/12/6 19394/12/6 19404/12/6
f 19394/12/6 19400/12/6 19404/12/6
f 19401/12/6 19397/12/6 19405/12/6
f 19404/12/6 19401/12/6 19405/12/6
f 19397/12/6 19381/12/6 19405/12/6
f 19267/12/6 19402/12/6 19406/12/6
f 19403/12/6 19385/12/6 19407/12/6
f 19385/12/6 19321/12/6 19408/12/6
f 19407/12/6 19385/12/6 19408/12/6
f 19408/12/6 19321/12/6 19409/12/6
f 19326/12/6 19404/12/6 19412/12/6
f 19410/12/6 19411/12/6 19413/12/6
f 19413/12/6 19411/12/6 19414/12/6
f 19265/18/6 19267/18/6 19416/18/6
f 19267/12/6 19406/12/6 19417/12/6
f 19416/18/6 19267/18/6 19417/18/6
f 19406/12/6 19407/12/6 19417/12/6
f 19407/12/6 19408/12/6 19417/12/6
f 19417/12/6 19408/12/6 19418/12/6
f 19414/12/6 19415/12/6 19420/12/6
f 19413/12/6 19414/12/6 19420/12/6
f 19412/12/6 19413/12/6 19420/12/6
f 19420/12/6 19415/12/6 19421/12/6
f 19412/12/6 19420/12/6 19422/12/6
f 19405/12/6 19381/12/6 19423/12/6
f 19265/18/6 19416/18/6 19424/18/6
f 19418/12/6 19419/12/6 19425/12/6
f 19417/12/6 19418/12/6 19425/12/6
f 19425/12/6 19419/12/6 19426/12/6
f 19426/12/6 19419/12/6 19427/12/6
f 19425/12/6 19426/12/6 19428/12/6
f 19427/12/6 19419/12/6 19429/12/6
f 19425/12/6 19428/12/6 19430/12/6
f 19428/12/6 19429/12/6 19430/12/6
f 19430/12/6 19429/12/6 19431/12/6
f 19429/12/6 19419/12/6 19432/12/6
f 19431/12/6 19429/12/6 19432/12/6
f 19432/12/6 19433/12/6 19434/12/6
f 19431/12/6 19432/12/6 19434/12/6
f 19434/12/6 19433/12/6 19435/12/6
f 19435/12/6 19433/12/6 19436/12/6
f 19436/12/6 19433/12/6 19437/12/6
f 19425/12/6 19430/12/6 19438/12/6
f 19431/12/6 19434/12/6 19439/12/6
f 19439/12/6 19434/12/6 19440/12/6
f 19438/12/6 19439/12/6 19440/12/6
f 19435/12/6 19436/12/6 19441/12/6
f 19441/12/6 19436/12/6 19442/12/6
f 19440/12/6 19441/12/6 19442/12/6
f 19442/12/6 19436/12/6 19443/12/6
f 19440/12/6 19442/12/6 19444/12/6
f 19444/12/6 19445/12/6 19446/12/6
f 19422/12/6 19423/12/6 19447/12/6
f 19326/12/6 19412/12/6 19447/12/6
f 19412/12/6 19422/12/6 19447/12/6
f 19444/12/6 19446/12/6 19448/12/6
f 19446/12/6 19447/12/6 19448/12/6
f 19440/12/6 19444/12/6 19448/12/6
f 19424/18/6 19425/18/6 19448/18/6
f 19438/12/6 19440/12/6 19448/12/6
f 19425/12/6 19438/12/6 19448/12/6
f 19447/12/6 19423/12/6 19449/12/6
f 19448/12/6 19447/12/6 19449/12/6
f 19381/18/6 19266/18/6 19449/18/6
f 19423/12/6 19381/12/6 19449/12/6
f 19265/18/6 19424/18/6 19450/18/6
f 19424/18/6 19448/18/6 19450/18/6
f 19448/18/6 19449/18/6 19450/18/6
f 19449/18/6 19266/18/6 19451/18/6
f 19450/18/6 19449/18/6 19451/18/6
f 19452/10/6 19453/10/6 19457/10/6
f 19453/8/6 19454/8/6 19458/8/6
f 19457/10/6 19453/10/6 19458/10/6
f 19458/8/6 19454/8/6 19459/8/6
f 19455/8/6 19456/8/6 19460/8/6
f 19460/8/6 19456/8/6 19461/8/6
f 19462/17/6 19463/17/6 19464/17/6
f 19464/17/6 19463/17/6 19465/17/6
f 19466/10/6 19467/10/6 19471/10/6
f 19467/8/6 19468/8/6 19472/8/6
f 19471/10/6 19467/10/6 19472/10/6
f 19472/8/6 19468/8/6 19473/8/6
f 19469/17/6 19470/17/6 19474/17/6
f 19474/17/6 19470/17/6 19475/17/6
f 19476/17/6 19477/17/6 19480/17/6
f 19480/17/6 19477/17/6 19481/17/6
f 19478/17/6 19479/17/6 19482/17/6
f 19482/17/6 19479/17/6 19483/17/6
f 19484/17/6 19485/17/6 19486/17/6
f 19486/17/6 19485/17/6 19487/17/6
f 19484/17/6 19486/17/6 19488/17/6
f 19488/17/6 19486/17/6 19489/17/6
f 19490/17/6 19491/17/6 19493/17/6
f 19493/17/6 19491/17/6 19494/17/6
f 19493/17/6 19494/17/6 19496/17/6
f 19494/17/6 19495/17/6 19496/17/6
f 19492/17/6 19493/17/6 19496/17/6
f 19496/17/6 19495/17/6 19497/17/6
f 19492/17/6 19496/17/6 19498/17/6
f 19498/17/6 19496/17/6 19499/17/6
f 19500/17/6 19501/17/6 19503/17/6
f 19503/17/6 19501/17/6 19504/17/6
f 19502/17/6 19503/17/6 19505/17/6
f 19505/17/6 19503/17/6 19506/17/6
f 19507/1/6 19508/1/6 19509/1/6
f 19509/1/6 19508/1/6 19510/1/6
f 19511/17/6 19512/17/6 19516/17/6
f 19512/1/6 19513/1/6 19517/1/6
f 19516/17/6 19512/17/6 19517/17/6
f 19517/1/6 19513/1/6 19518/1/6
f 19514/1/6 19515/1/6 19520/1/6
f 19519/1/6 19520/1/6 19523/1/6
f 19523/1/6 19520/1/6 19524/1/6
f 19517/1/6 19518/1/6 19525/1/6
f 19525/1/6 19518/1/6 19526/1/6
f 19521/1/6 19522/1/6 19528/1/6
f 19528/1/6 19522/1/6 19529/1/6
f 19519/1/6 19523/1/6 19530/1/6
f 19524/1/6 19520/1/6 19531/1/6
f 19526/1/6 19527/1/6 19532/1/6
f 19530/1/6 19531/1/6 19533/1/6
f 19519/1/6 19530/1/6 19533/1/6
f 19520/1/6 19515/1/6 19534/1/6
f 19533/1/6 19531/1/6 19534/1/6
f 19531/1/6 19520/1/6 19534/1/6
f 19526/1/6 19532/1/6 19535/1/6
f 19535/1/6 19532/1/6 19536/1/6
f 19537/17/6 19538/17/6 19540/17/6
f 19540/17/6 19538/17/6 19541/17/6
f 19539/17/6 19540/17/6 19542/17/6
f 19542/17/6 19540/17/6 19543/17/6
f 19544/17/6 19545/17/6 19546/17/6
f 19546/17/6 19545/17/6 19547/17/6
f 19548/1/6 19549/1/6 19552/1/6
f 19552/1/6 19549/1/6 19553/1/6
f 19550/1/6 19551/1/6 19557/1/6
f 19557/1/6 19551/1/6 19558/1/6
f 19554/1/6 19555/1/6 19559/1/6
f 19559/1/6 19555/1/6 19560/1/6
f 19556/1/6 19557/1/6 19561/1/6
f 19561/1/6 19557/1/6 19562/1/6
f 19563/1/6 19564/1/6 19567/1/6
f 19567/1/6 19564/1/6 19568/1/6
f 19565/1/6 19566/1/6 19569/1/6
f 19569/1/6 19566/1/6 19570/1/6
f 19573/18/6 19574/18/6 19577/18/6
f 19577/18/6 19574/18/6 19578/18/6
f 19571/1/6 19572/1/6 19579/1/6
f 19579/1/6 19572/1/6 19580/1/6
f 19575/1/6 19576/1/6 19581/1/6
f 19581/1/6 19576/1/6 19582/1/6
f 19583/1/6 19584/1/6 19585/1/6
f 19585/1/6 19584/1/6 19586/1/6
f 19587/17/6 19588/17/6 19589/17/6
f 19589/17/6 19588/17/6 19590/17/6
f 19591/1/6 19592/1/6 19595/1/6
f 19595/1/6 19592/1/6 19596/1/6
f 19593/17/6 19594/17/6 19599/17/6
f 19599/17/6 19594/17/6 19600/17/6
f 19597/1/6 19598/1/6 19601/1/6
f 19601/1/6 19598/1/6 19602/1/6
f 19603/17/6 19604/17/6 19607/17/6
f 19607/17/6 19604/17/6 19608/17/6
f 19605/17/6 19606/17/6 19609/17/6
f 19609/17/6 19606/17/6 19610/17/6
f 19611/17/6 19612/17/6 19615/17/6
f 19615/17/6 19612/17/6 19616/17/6
f 19613/1/6 19614/1/6 19617/1/6
f 19617/1/6 19614/1/6 19618/1/6
f 19618/1/6 19614/1/6 19621/1/6
f 19621/1/6 19614/1/6 19622/1/6
f 19619/1/6 19620/1/6 19623/1/6
f 19623/1/6 19620/1/6 19624/1/6
f 19625/1/6 19626/1/6 19627/1/6
f 19627/1/6 19626/1/6 19628/1/6
f 19629/1/6 19630/1/6 19631/1/6
f 19631/1/6 19630/1/6 19632/1/6
f 19633/18/6 19634/18/6 19637/18/6
f 19637/18/6 19634/18/6 19638/18/6
f 19635/1/6 19636/1/6 19639/1/6
f 19639/1/6 19636/1/6 19640/1/6
f 19641/17/6 19642/17/6 19649/17/6
f 19649/17/6 19642/17/6 19650/17/6
f 19643/17/6 19644/17/6 19651/17/6
f 19651/17/6 19644/17/6 19652/17/6
f 19645/17/6 19646/17/6 19653/17/6
f 19653/17/6 19646/17/6 19654/17/6
f 19647/17/6 19648/17/6 19655/17/6
f 19655/17/6 19648/17/6 19656/17/6
f 19649/3/6 19650/3/6 19657/3/6
f 19657/3/6 19650/3/6 19658/3/6
f 19651/3/6 19652/3/6 19659/3/6
f 19659/3/6 19652/3/6 19660/3/6
f 19653/3/6 19654/3/6 19661/3/6
f 19661/3/6 19654/3/6 19662/3/6
f 19655/3/6 19656/3/6 19663/3/6
f 19663/3/6 19656/3/6 19664/3/6
f 19649/3/6 19657/3/6 19665/3/6
f 19658/3/6 19650/3/6 19666/3/6
f 19651/3/6 19659/3/6 19667/3/6
f 19660/3/6 19652/3/6 19668/3/6
f 19653/3/6 19661/3/6 19669/3/6
f 19662/3/6 19654/3/6 19670/3/6
f 19655/3/6 19663/3/6 19671/3/6
f 19664/3/6 19656/3/6 19672/3/6
f 19641/17/6 19649/17/6 19673/17/6
f 19649/3/6 19665/3/6 19673/3/6
f 19665/3/6 19666/3/6 19673/3/6
f 19650/17/6 19642/17/6 19674/17/6
f 19673/3/6 19666/3/6 19674/3/6
f 19666/3/6 19650/3/6 19674/3/6
f 19643/17/6 19651/17/6 19675/17/6
f 19651/3/6 19667/3/6 19675/3/6
f 19667/3/6 19668/3/6 19675/3/6
f 19652/17/6 19644/17/6 19676/17/6
f 19675/3/6 19668/3/6 19676/3/6
f 19668/3/6 19652/3/6 19676/3/6
f 19645/17/6 19653/17/6 19677/17/6
f 19653/3/6 19669/3/6 19677/3/6
f 19669/3/6 19670/3/6 19677/3/6
f 19654/17/6 19646/17/6 19678/17/6
f 19677/3/6 19670/3/6 19678/3/6
f 19670/3/6 19654/3/6 19678/3/6
f 19671/3/6 19672/3/6 19679/3/6
f 19647/17/6 19655/17/6 19679/17/6
f 19655/3/6 19671/3/6 19679/3/6
f 19656/17/6 19648/17/6 19680/17/6
f 19679/3/6 19672/3/6 19680/3/6
f 19672/3/6 19656/3/6 19680/3/6
f 19641/17/6 19673/17/6 19681/17/6
f 19673/17/6 19674/17/6 19681/17/6
f 19674/17/6 19642/17/6 19682/17/6
f 19681/17/6 19674/17/6 19682/17/6
f 19643/17/6 19675/17/6 19683/17/6
f 19675/17/6 19676/17/6 19683/17/6
f 19676/17/6 19644/17/6 19684/17/6
f 19683/17/6 19676/17/6 19684/17/6
f 19645/17/6 19677/17/6 19685/17/6
f 19677/17/6 19678/17/6 19685/17/6
f 19678/17/6 19646/17/6 19686/17/6
f 19685/17/6 19678/17/6 19686/17/6
f 19647/17/6 19679/17/6 19687/17/6
f 19679/17/6 19680/17/6 19687/17/6
f 19680/17/6 19648/17/6 19688/17/6
f 19687/17/6 19680/17/6 19688/17/6
f 19689/1/6 19690/1/6 19691/1/6
f 19691/1/6 19690/1/6 19692/1/6
f 19693/17/6 19694/17/6 19695/17/6
f 19695/17/6 19694/17/6 19696/17/6
f 19697/18/6 19698/18/6 19699/18/6
f 19699/18/6 19698/18/6 19700/18/6
f 19701/17/6 19702/17/6 19703/17/6
f 19703/17/6 19702/17/6 19704/17/6
f 19705/1/6 19706/1/6 19707/1/6
f 19707/1/6 19706/1/6 19708/1/6
f 19709/18/6 19710/18/6 19711/18/6
f 19711/18/6 19710/18/6 19712/18/6
f 19713/17/6 19714/17/6 19717/17/6
f 19717/17/6 19714/17/6 19718/17/6
f 19715/17/6 19716/17/6 19719/17/6
f 19719/17/6 19716/17/6 19720/17/6
f 19721/17/6 19722/17/6 19723/17/6
f 19723/17/6 19722/17/6 19724/17/6
f 19724/17/6 19722/17/6 19725/17/6
f 19725/17/6 19722/17/6 19726/17/6
f 19726/17/6 19722/17/6 19727/17/6
f 19727/17/6 19722/17/6 19728/17/6
f 19721/17/6 19723/17/6 19729/17/6
f 19729/17/6 19723/17/6 19730/17/6
f 19724/17/6 19725/17/6 19731/17/6
f 19731/17/6 19725/17/6 19732/17/6
f 19726/17/6 19727/17/6 19733/17/6
f 19733/17/6 19727/17/6 19734/17/6
f 19728/17/6 19722/17/6 19735/17/6
f 19735/17/6 19722/17/6 19736/17/6
f 19737/18/6 19738/18/6 19739/18/6
f 19739/18/6 19738/18/6 19740/18/6
f 19741/18/6 19742/18/6 19743/18/6
f 19743/18/6 19742/18/6 19744/18/6
f 19745/18/6 19746/18/6 19747/18/6
f 19747/18/6 19746/18/6 19748/18/6
f 19749/8/6 19750/8/6 19753/8/6
f 19753/8/6 19750/8/6 19754/8/6
f 19751/8/6 19752/8/6 19755/8/6
f 19755/8/6 19752/8/6 19756/8/6
f 19757/15/6 19758/15/6 19763/15/6
f 19763/15/6 19758/15/6 19764/15/6
f 19759/15/6 19760/15/6 19765/15/6
f 19765/15/6 19760/15/6 19766/15/6
f 19761/15/6 19762/15/6 19767/15/6
f 19767/15/6 19762/15/6 19768/15/6
f 19769/18/6 19770/18/6 19771/18/6
f 19771/18/6 19770/18/6 19772/18/6
f 19773/18/6 19774/18/6 19775/18/6
f 19775/18/6 19774/18/6 19776/18/6
f 19777/18/6 19778/18/6 19779/18/6
f 19779/18/6 19778/18/6 19780/18/6
f 19781/18/6 19782/18/6 19789/18/6
f 19789/18/6 19782/18/6 19790/18/6
f 19783/18/6 19784/18/6 19791/18/6
f 19791/18/6 19784/18/6 19792/18/6
f 19785/18/6 19786/18/6 19793/18/6
f 19793/18/6 19786/18/6 19794/18/6
f 19787/18/6 19788/18/6 19795/18/6
f 19795/18/6 19788/18/6 19796/18/6
f 19797/17/6 19798/17/6 19801/17/6
f 19801/17/6 19798/17/6 19802/17/6
f 19799/17/6 19800/17/6 19804/17/6
f 19804/17/6 19800/17/6 19805/17/6
f 19802/8/6 19803/8/6 19806/8/6
f 19806/8/6 19803/8/6 19807/8/6
f 19808/8/6 19809/8/6 19811/8/6
f 19811/8/6 19809/8/6 19812/8/6
f 19810/17/6 19811/17/6 19814/17/6
f 19812/17/6 19813/17/6 19814/17/6
f 19811/17/6 19812/17/6 19814/17/6
f 19814/17/6 19813/17/6 19815/17/6
f 19810/17/6 19814/17/6 19820/17/6
f 19815/17/6 19813/17/6 19821/17/6
f 19821/17/6 19813/17/6 19822/17/6
f 19822/17/6 19813/17/6 19823/17/6
f 19823/17/6 19813/17/6 19824/17/6
f 19816/15/6 19817/15/6 19826/15/6
f 19826/15/6 19817/15/6 19827/15/6
f 19818/15/6 19819/15/6 19828/15/6
f 19828/15/6 19819/15/6 19829/15/6
f 19810/17/6 19820/17/6 19831/17/6
f 19822/17/6 19823/17/6 19832/17/6
f 19832/17/6 19823/17/6 19833/17/6
f 19824/17/6 19813/17/6 19834/17/6
f 19826/18/6 19827/18/6 19839/18/6
f 19829/18/6 19830/18/6 19839/18/6
f 19825/18/6 19826/18/6 19839/18/6
f 19827/18/6 19828/18/6 19839/18/6
f 19828/18/6 19829/18/6 19839/18/6
f 19839/18/6 19830/18/6 19840/18/6
f 19840/18/6 19830/18/6 19841/18/6
f 19841/18/6 19830/18/6 19842/18/6
f 19832/17/6 19833/17/6 19843/17/6
f 19831/17/6 19832/17/6 19843/17/6
f 19834/17/6 19813/17/6 19844/17/6
f 19835/18/6 19836/18/6 19845/18/6
f 19845/18/6 19836/18/6 19846/18/6
f 19837/18/6 19838/18/6 19847/18/6
f 19847/18/6 19838/18/6 19848/18/6
f 19848/18/6 19838/18/6 19849/18/6
f 19849/18/6 19838/18/6 19850/18/6
f 19840/18/6 19841/18/6 19851/18/6
f 19851/18/6 19841/18/6 19852/18/6
f 19846/18/6 19847/18/6 19853/18/6
f 19853/18/6 19847/18/6 19854/18/6
f 19831/17/6 19843/17/6 19855/17/6
f 19843/17/6 19844/17/6 19855/17/6
f 19810/17/6 19831/17/6 19855/17/6
f 19844/17/6 19813/17/6 19856/17/6
f 19855/17/6 19844/17/6 19856/17/6
f 19850/18/6 19838/18/6 19857/18/6
f 19857/18/6 19838/18/6 19858/18/6
f 19859/18/6 19860/18/6 19861/18/6
f 19861/18/6 19860/18/6 19862/18/6
f 19825/18/6 19839/18/6 19864/18/6
f 19825/18/6 19864/18/6 19866/18/6
f 19864/18/6 19865/18/6 19866/18/6
f 19866/18/6 19865/18/6 19867/18/6
f 19862/18/6 19863/18/6 19869/18/6
f 19825/18/6 19866/18/6 19870/18/6
f 19870/18/6 19866/18/6 19871/18/6
f 19868/18/6 19869/18/6 19872/18/6
f 19869/18/6 19863/18/6 19873/18/6
f 19872/18/6 19869/18/6 19873/18/6
f 19874/18/6 19875/18/6 19876/18/6
f 19876/18/6 19875/18/6 19877/18/6
f 19877/18/6 19878/18/6 19880/18/6
f 19880/18/6 19878/18/6 19881/18/6
f 19879/18/6 19880/18/6 19892/18/6
f 19882/18/6 19883/18/6 19895/18/6
f 19895/18/6 19883/18/6 19896/18/6
f 19884/18/6 19885/18/6 19898/18/6
f 19898/18/6 19885/18/6 19899/18/6
f 19886/18/6 19887/18/6 19901/18/6
f 19901/18/6 19887/18/6 19902/18/6
f 19888/18/6 19889/18/6 19903/18/6
f 19903/18/6 19889/18/6 19904/18/6
f 19890/18/6 19891/18/6 19906/18/6
f 19906/18/6 19891/18/6 19907/18/6
f 19873/18/6 19863/18/6 19908/18/6
f 19892/18/6 19893/18/6 19909/18/6
f 19879/18/6 19892/18/6 19909/18/6
f 19909/18/6 19893/18/6 19910/18/6
f 19894/18/6 19895/18/6 19911/18/6
f 19911/18/6 19895/18/6 19912/18/6
f 19897/18/6 19898/18/6 19913/18/6
f 19913/18/6 19898/18/6 19914/18/6
f 19904/18/6 19905/18/6 19915/18/6
f 19901/18/6 19902/18/6 19915/18/6
f 19903/18/6 19904/18/6 19915/18/6
f 19900/18/6 19901/18/6 19915/18/6
f 19902/18/6 19903/18/6 19915/18/6
f 19915/18/6 19905/18/6 19916/18/6
f 19907/18/6 19908/18/6 19917/18/6
f 19908/18/6 19863/18/6 19918/18/6
f 19917/18/6 19908/18/6 19918/18/6
f 19919/8/6 19920/8/6 19921/8/6
f 19921/8/6 19920/8/6 19922/8/6
f 19921/10/6 19922/10/6 19926/10/6
f 19922/10/6 19923/10/6 19926/10/6
f 19926/10/6 19923/10/6 19927/10/6
f 19924/8/6 19925/8/6 19928/8/6
f 19928/8/6 19925/8/6 19929/8/6
f 19928/10/6 19929/10/6 19930/10/6
f 19930/10/6 19929/10/6 19931/10/6
f 19932/1/6 19933/1/6 19934/1/6
f 19934/1/6 19933/1/6 19935/1/6
f 19936/1/6 19937/1/6 19938/1/6
f 19938/1/6 19937/1/6 19939/1/6
f 19940/1/6 19941/1/6 19942/1/6
f 19942/1/6 19941/1/6 19943/1/6
f 19944/1/6 19945/1/6 19952/1/6
f 19952/1/6 19945/1/6 19953/1/6
f 19946/1/6 19947/1/6 19954/1/6
f 19954/1/6 19947/1/6 19955/1/6
f 19948/1/6 19949/1/6 19956/1/6
f 19956/1/6 19949/1/6 19957/1/6
f 19950/1/6 19951/1/6 19958/1/6
f 19958/1/6 19951/1/6 19959/1/6
f 19960/11/6 19961/11/6 19968/11/6
f 19968/11/6 19961/11/6 19969/11/6
f 19962/11/6 19963/11/6 19970/11/6
f 19970/11/6 19963/11/6 19971/11/6
f 19964/11/6 19965/11/6 19972/11/6
f 19972/11/6 19965/11/6 19973/11/6
f 19966/11/6 19967/11/6 19974/11/6
f 19974/11/6 19967/11/6 19975/11/6
f 19960/11/6 19968/11/6 19976/11/6
f 19969/11/6 19961/11/6 19977/11/6
f 19962/11/6 19970/11/6 19978/11/6
f 19971/11/6 19963/11/6 19979/11/6
f 19964/11/6 19972/11/6 19980/11/6
f 19973/11/6 19965/11/6 19981/11/6
f 19966/11/6 19974/11/6 19982/11/6
f 19975/11/6 19967/11/6 19983/11/6
f 19960/11/6 19976/11/6 19984/11/6
f 19976/11/6 19977/11/6 19984/11/6
f 19977/11/6 19961/11/6 19985/11/6
f 19984/11/6 19977/11/6 19985/11/6
f 19962/11/6 19978/11/6 19986/11/6
f 19978/11/6 19979/11/6 19986/11/6
f 19979/11/6 19963/11/6 19987/11/6
f 19986/11/6 19979/11/6 19987/11/6
f 19964/11/6 19980/11/6 19988/11/6
f 19980/11/6 19981/11/6 19988/11/6
f 19981/11/6 19965/11/6 19989/11/6
f 19988/11/6 19981/11/6 19989/11/6
f 19982/11/6 19983/11/6 19990/11/6
f 19966/11/6 19982/11/6 19990/11/6
f 19983/11/6 19967/11/6 19991/11/6
f 19990/11/6 19983/11/6 19991/11/6
f 19994/17/6 19995/17/6 19996/17/6
f 19996/17/6 19995/17/6 19997/17/6
f 19997/17/6 19995/17/6 19999/17/6
f 20000/17/6 20001/17/6 20005/17/6
f 20005/17/6 20001/17/6 20006/17/6
f 20006/17/6 20001/17/6 20007/17/6
f 19992/17/6 19993/17/6 20010/17/6
f 20010/17/6 19993/17/6 20011/17/6
f 19998/17/6 19999/17/6 20012/17/6
f 19999/17/6 19995/17/6 20013/17/6
f 20012/17/6 19999/17/6 20013/17/6
f 20002/17/6 20003/17/6 20014/17/6
f 20014/17/6 20003/17/6 20015/17/6
f 20015/17/6 20003/17/6 20016/17/6
f 20016/17/6 20003/17/6 20017/17/6
f 20004/1/6 20005/1/6 20020/1/6
f 20005/1/6 20006/1/6 20020/1/6
f 20020/1/6 20006/1/6 20021/1/6
f 20021/1/6 20006/1/6 20022/1/6
f 20008/1/6 20009/1/6 20023/1/6
f 20023/1/6 20009/1/6 20024/1/6
f 20015/1/6 20016/1/6 20025/1/6
f 20025/1/6 20016/1/6 20026/1/6
f 20018/1/6 20019/1/6 20027/1/6
f 20027/1/6 20019/1/6 20028/1/6
f 20029/1/6 20030/1/6 20031/1/6
f 20031/1/6 20030/1/6 20032/1/6
f 20033/1/6 20034/1/6 20035/1/6
f 20035/1/6 20034/1/6 20036/1/6
f 20037/1/6 20038/1/6 20039/1/6
f 20039/1/6 20038/1/6 20040/1/6
f 20041/1/6 20042/1/6 20043/1/6
f 20043/1/6 20042/1/6 20044/1/6
f 20045/1/6 20046/1/6 20055/1/6
f 20055/1/6 20046/1/6 20056/1/6
f 20047/1/6 20048/1/6 20057/1/6
f 20057/1/6 20048/1/6 20058/1/6
f 20049/1/6 20050/1/6 20059/1/6
f 20059/1/6 20050/1/6 20060/1/6
f 20051/1/6 20052/1/6 20061/1/6
f 20061/1/6 20052/1/6 20062/1/6
f 20053/1/6 20054/1/6 20063/1/6
f 20063/1/6 20054/1/6 20064/1/6
f 20065/8/6 20066/8/6 20067/8/6
f 20067/8/6 20066/8/6 20068/8/6
f 20069/1/6 20070/1/6 20071/1/6
f 20071/1/6 20070/1/6 20072/1/6
f 20073/1/6 20074/1/6 20075/1/6
f 20075/1/6 20074/1/6 20076/1/6
f 20077/1/6 20078/1/6 20079/1/6
f 20079/1/6 20078/1/6 20080/1/6
f 20081/1/6 20082/1/6 20083/1/6
f 20083/1/6 20082/1/6 20084/1/6
f 20085/1/6 20086/1/6 20087/1/6
f 20087/1/6 20086/1/6 20088/1/6
f 20089/1/6 20090/1/6 20091/1/6
f 20091/1/6 20090/1/6 20092/1/6
f 20093/1/6 20094/1/6 20101/1/6
f 20101/1/6 20094/1/6 20102/1/6
f 20095/1/6 20096/1/6 20103/1/6
f 20103/1/6 20096/1/6 20104/1/6
f 20097/1/6 20098/1/6 20105/1/6
f 20105/1/6 20098/1/6 20106/1/6
f 20099/1/6 20100/1/6 20107/1/6
f 20107/1/6 20100/1/6 20108/1/6
f 20109/1/6 20110/1/6 20113/1/6
f 20113/1/6 20110/1/6 20114/1/6
f 20111/1/6 20112/1/6 20115/1/6
f 20115/1/6 20112/1/6 20116/1/6
f 20117/1/6 20118/1/6 20119/1/6
f 20119/1/6 20118/1/6 20120/1/6
f 20121/1/6 20122/1/6 20123/1/6
f 20123/1/6 20122/1/6 20124/1/6
f 20125/1/6 20126/1/6 20127/1/6
f 20127/1/6 20126/1/6 20128/1/6
f 20129/1/6 20130/1/6 20135/1/6
f 20135/1/6 20130/1/6 20136/1/6
f 20131/1/6 20132/1/6 20137/1/6
f 20137/1/6 20132/1/6 20138/1/6
f 20133/1/6 20134/1/6 20139/1/6
f 20139/1/6 20134/1/6 20140/1/6
f 20141/11/6 20142/11/6 20149/11/6
f 20149/11/6 20142/11/6 20150/11/6
f 20143/11/6 20144/11/6 20151/11/6
f 20151/11/6 20144/11/6 20152/11/6
f 20145/11/6 20146/11/6 20153/11/6
f 20153/11/6 20146/11/6 20154/11/6
f 20147/11/6 20148/11/6 20155/11/6
f 20155/11/6 20148/11/6 20156/11/6
f 20141/11/6 20149/11/6 20157/11/6
f 20150/11/6 20142/11/6 20158/11/6
f 20143/11/6 20151/11/6 20159/11/6
f 20152/11/6 20144/11/6 20160/11/6
f 20145/11/6 20153/11/6 20161/11/6
f 20154/11/6 20146/11/6 20162/11/6
f 20147/11/6 20155/11/6 20163/11/6
f 20156/11/6 20148/11/6 20164/11/6
f 20141/11/6 20157/11/6 20165/11/6
f 20157/11/6 20158/11/6 20165/11/6
f 20158/11/6 20142/11/6 20166/11/6
f 20165/11/6 20158/11/6 20166/11/6
f 20143/11/6 20159/11/6 20167/11/6
f 20159/11/6 20160/11/6 20167/11/6
f 20160/11/6 20144/11/6 20168/11/6
f 20167/11/6 20160/11/6 20168/11/6
f 20145/11/6 20161/11/6 20169/11/6
f 20161/11/6 20162/11/6 20169/11/6
f 20162/11/6 20146/11/6 20170/11/6
f 20169/11/6 20162/11/6 20170/11/6
f 20163/11/6 20164/11/6 20171/11/6
f 20147/11/6 20163/11/6 20171/11/6
f 20164/11/6 20148/11/6 20172/11/6
f 20171/11/6 20164/11/6 20172/11/6
f 20173/1/6 20174/1/6 20177/1/6
f 20177/1/6 20174/1/6 20178/1/6
f 20175/1/6 20176/1/6 20179/1/6
f 20179/1/6 20176/1/6 20180/1/6
f 20181/1/6 20182/1/6 20183/1/6
f 20183/1/6 20182/1/6 20184/1/6
f 20185/1/6 20186/1/6 20187/1/6
f 20187/1/6 20186/1/6 20188/1/6
f 20189/1/6 20190/1/6 20191/1/6
f 20191/1/6 20190/1/6 20192/1/6
f 20193/1/6 20194/1/6 20195/1/6
f 20195/1/6 20194/1/6 20196/1/6
f 20197/1/6 20198/1/6 20203/1/6
f 20203/1/6 20198/1/6 20204/1/6
f 20199/1/6 20200/1/6 20205/1/6
f 20205/1/6 20200/1/6 20206/1/6
f 20201/1/6 20202/1/6 20207/1/6
f 20207/1/6 20202/1/6 20208/1/6
f 20209/11/6 20210/11/6 20217/11/6
f 20217/11/6 20210/11/6 20218/11/6
f 20211/11/6 20212/11/6 20219/11/6
f 20219/11/6 20212/11/6 20220/11/6
f 20213/11/6 20214/11/6 20221/11/6
f 20221/11/6 20214/11/6 20222/11/6
f 20215/11/6 20216/11/6 20223/11/6
f 20223/11/6 20216/11/6 20224/11/6
f 20225/1/6 20226/1/6 20227/1/6
f 20227/1/6 20226/1/6 20228/1/6
f 20229/1/6 20230/1/6 20231/1/6
f 20231/1/6 20230/1/6 20232/1/6
f 20233/1/6 20234/1/6 20235/1/6
f 20235/1/6 20234/1/6 20236/1/6
f 20237/1/6 20238/1/6 20249/1/6
f 20249/1/6 20238/1/6 20250/1/6
f 20239/1/6 20240/1/6 20251/1/6
f 20251/1/6 20240/1/6 20252/1/6
f 20241/1/6 20242/1/6 20253/1/6
f 20253/1/6 20242/1/6 20254/1/6
f 20243/1/6 20244/1/6 20255/1/6
f 20255/1/6 20244/1/6 20256/1/6
f 20245/1/6 20246/1/6 20257/1/6
f 20257/1/6 20246/1/6 20258/1/6
f 20247/1/6 20248/1/6 20259/1/6
f 20259/1/6 20248/1/6 20260/1/6
f 20261/1/6 20262/1/6 20263/1/6
f 20263/1/6 20262/1/6 20264/1/6
f 20265/1/6 20266/1/6 20267/1/6
f 20267/1/6 20266/1/6 20268/1/6
f 20269/1/6 20270/1/6 20273/1/6
f 20273/1/6 20270/1/6 20274/1/6
f 20271/1/6 20272/1/6 20275/1/6
f 20275/1/6 20272/1/6 20276/1/6
f 20277/1/6 20278/1/6 20285/1/6
f 20285/1/6 20278/1/6 20286/1/6
f 20279/1/6 20280/1/6 20287/1/6
f 20287/1/6 20280/1/6 20288/1/6
f 20281/1/6 20282/1/6 20289/1/6
f 20289/1/6 20282/1/6 20290/1/6
f 20283/1/6 20284/1/6 20291/1/6
f 20291/1/6 20284/1/6 20292/1/6
f 20293/1/6 20294/1/6 20297/1/6
f 20297/1/6 20294/1/6 20298/1/6
f 20295/1/6 20296/1/6 20299/1/6
f 20299/1/6 20296/1/6 20300/1/6
f 20301/1/6 20302/1/6 20303/1/6
f 20303/1/6 20302/1/6 20304/1/6
f 20305/1/6 20306/1/6 20307/1/6
f 20307/1/6 20306/1/6 20308/1/6
f 20309/1/6 20310/1/6 20311/1/6
f 20311/1/6 20310/1/6 20312/1/6
f 20313/1/6 20314/1/6 20315/1/6
f 20315/1/6 20314/1/6 20316/1/6
f 20317/1/6 20318/1/6 20327/1/6
f 20327/1/6 20318/1/6 20328/1/6
f 20319/1/6 20320/1/6 20329/1/6
f 20329/1/6 20320/1/6 20330/1/6
f 20321/1/6 20322/1/6 20331/1/6
f 20331/1/6 20322/1/6 20332/1/6
f 20323/1/6 20324/1/6 20333/1/6
f 20333/1/6 20324/1/6 20334/1/6
f 20325/1/6 20326/1/6 20335/1/6
f 20335/1/6 20326/1/6 20336/1/6
f 20337/1/6 20338/1/6 20339/1/6
f 20339/1/6 20338/1/6 20340/1/6
f 20341/1/6 20342/1/6 20343/1/6
f 20343/1/6 20342/1/6 20344/1/6
f 20345/1/6 20346/1/6 20347/1/6
f 20347/1/6 20346/1/6 20348/1/6
f 20349/1/6 20350/1/6 20351/1/6
f 20351/1/6 20350/1/6 20352/1/6
f 20353/1/6 20354/1/6 20355/1/6
f 20355/1/6 20354/1/6 20356/1/6
f 20357/1/6 20358/1/6 20359/1/6
f 20359/1/6 20358/1/6 20360/1/6
f 20361/1/6 20362/1/6 20369/1/6
f 20369/1/6 20362/1/6 20370/1/6
f 20363/1/6 20364/1/6 20371/1/6
f 20371/1/6 20364/1/6 20372/1/6
f 20365/1/6 20366/1/6 20373/1/6
f 20373/1/6 20366/1/6 20374/1/6
f 20367/1/6 20368/1/6 20375/1/6
f 20375/1/6 20368/1/6 20376/1/6
f 20377/1/6 20378/1/6 20379/1/6
f 20379/1/6 20378/1/6 20380/1/6
f 20381/1/6 20382/1/6 20383/1/6
f 20383/1/6 20382/1/6 20384/1/6
f 20385/1/6 20386/1/6 20387/1/6
f 20387/1/6 20386/1/6 20388/1/6
f 20389/1/6 20390/1/6 20399/1/6
f 20399/1/6 20390/1/6 20400/1/6
f 20391/1/6 20392/1/6 20401/1/6
f 20401/1/6 20392/1/6 20402/1/6
f 20393/1/6 20394/1/6 20403/1/6
f 20403/1/6 20394/1/6 20404/1/6
f 20395/1/6 20396/1/6 20405/1/6
f 20405/1/6 20396/1/6 20406/1/6
f 20397/1/6 20398/1/6 20407/1/6
f 20407/1/6 20398/1/6 20408/1/6
f 20409/1/6 20410/1/6 20411/1/6
f 20411/1/6 20410/1/6 20412/1/6
f 20413/1/6 20414/1/6 20415/1/6
f 20415/1/6 20414/1/6 20416/1/6
f 20417/1/6 20418/1/6 20419/1/6
f 20419/1/6 20418/1/6 20420/1/6
f 20421/1/6 20422/1/6 20423/1/6
f 20423/1/6 20422/1/6 20424/1/6
f 20425/1/6 20426/1/6 20427/1/6
f 20427/1/6 20426/1/6 20428/1/6
f 20429/1/6 20430/1/6 20431/1/6
f 20431/1/6 20430/1/6 20432/1/6
f 20433/19/6 20434/19/6 20443/19/6
f 20443/19/6 20434/19/6 20444/19/6
f 20435/1/6 20436/1/6 20445/1/6
f 20445/1/6 20436/1/6 20446/1/6
f 20437/1/6 20438/1/6 20447/1/6
f 20447/1/6 20438/1/6 20448/1/6
f 20439/1/6 20440/1/6 20449/1/6
f 20449/1/6 20440/1/6 20450/1/6
f 20441/1/6 20442/1/6 20451/1/6
f 20451/1/6 20442/1/6 20452/1/6
f 20443/1/6 20444/1/6 20453/1/6
f 20453/1/6 20444/1/6 20454/1/6
f 20455/1/6 20456/1/6 20459/1/6
f 20459/1/6 20456/1/6 20460/1/6
f 20457/1/6 20458/1/6 20461/1/6
f 20461/1/6 20458/1/6 20462/1/6
f 20461/19/6 20462/19/6 20463/19/6
f 20462/1/6 20458/1/6 20464/1/6
f 20463/19/6 20462/19/6 20464/19/6
f 20464/1/6 20458/1/6 20465/1/6
f 20465/1/6 20458/1/6 20466/1/6
f 20467/1/6 20468/1/6 20469/1/6
f 20469/1/6 20468/1/6 20470/1/6
f 20471/1/6 20472/1/6 20473/1/6
f 20473/1/6 20472/1/6 20474/1/6
f 20475/1/6 20476/1/6 20477/1/6
f 20477/1/6 20476/1/6 20478/1/6
f 20479/1/6 20480/1/6 20481/1/6
f 20481/1/6 20480/1/6 20482/1/6
f 20483/1/6 20484/1/6 20485/1/6
f 20485/1/6 20484/1/6 20486/1/6
f 20487/1/6 20488/1/6 20489/1/6
f 20489/1/6 20488/1/6 20490/1/6
f 20491/1/6 20492/1/6 20495/1/6
f 20495/1/6 20492/1/6 20496/1/6
f 20493/1/6 20494/1/6 20497/1/6
f 20497/1/6 20494/1/6 20498/1/6
f 20499/1/6 20500/1/6 20501/1/6
f 20501/1/6 20500/1/6 20502/1/6
f 20503/1/6 20504/1/6 20505/1/6
f 20505/1/6 20504/1/6 20506/1/6
f 20507/1/6 20508/1/6 20509/1/6
f 20509/1/6 20508/1/6 20510/1/6
f 20511/1/6 20512/1/6 20513/1/6
f 20513/1/6 20512/1/6 20514/1/6
f 20515/1/6 20516/1/6 20517/1/6
f 20517/1/6 20516/1/6 20518/1/6
f 20519/1/6 20520/1/6 20521/1/6
f 20521/1/6 20520/1/6 20522/1/6
f 20523/1/6 20524/1/6 20533/1/6
f 20533/1/6 20524/1/6 20534/1/6
f 20525/1/6 20526/1/6 20535/1/6
f 20535/1/6 20526/1/6 20536/1/6
f 20527/1/6 20528/1/6 20537/1/6
f 20537/1/6 20528/1/6 20538/1/6
f 20529/1/6 20530/1/6 20539/1/6
f 20539/1/6 20530/1/6 20540/1/6
f 20531/1/6 20532/1/6 20541/1/6
f 20541/1/6 20532/1/6 20542/1/6
f 20543/1/6 20544/1/6 20545/1/6
f 20545/1/6 20544/1/6 20546/1/6
f 20547/1/6 20548/1/6 20549/1/6
f 20549/1/6 20548/1/6 20550/1/6
f 20551/1/6 20552/1/6 20553/1/6
f 20553/1/6 20552/1/6 20554/1/6
f 20555/1/6 20556/1/6 20557/1/6
f 20557/1/6 20556/1/6 20558/1/6
f 20559/1/6 20560/1/6 20561/1/6
f 20561/1/6 20560/1/6 20562/1/6
f 20563/1/6 20564/1/6 20569/1/6
f 20569/1/6 20564/1/6 20570/1/6
f 20565/1/6 20566/1/6 20571/1/6
f 20571/1/6 20566/1/6 20572/1/6
f 20567/1/6 20568/1/6 20573/1/6
f 20573/1/6 20568/1/6 20574/1/6
f 20575/1/6 20576/1/6 20577/1/6
f 20577/1/6 20576/1/6 20578/1/6
f 20579/1/6 20580/1/6 20581/1/6
f 20581/1/6 20580/1/6 20582/1/6
f 20583/1/6 20584/1/6 20585/1/6
f 20585/1/6 20584/1/6 20586/1/6
f 20587/1/6 20588/1/6 20589/1/6
f 20589/1/6 20588/1/6 20590/1/6
f 20591/1/6 20592/1/6 20597/1/6
f 20597/1/6 20592/1/6 20598/1/6
f 20593/1/6 20594/1/6 20599/1/6
f 20599/1/6 20594/1/6 20600/1/6
f 20595/1/6 20596/1/6 20601/1/6
f 20601/1/6 20596/1/6 20602/1/6
f 20603/17/6 20604/17/6 20605/17/6
f 20605/17/6 20604/17/6 20606/17/6
f 20607/17/6 20608/17/6 20609/17/6
f 20609/17/6 20608/17/6 20610/17/6
f 20611/17/6 20612/17/6 20613/17/6
f 20613/17/6 20612/17/6 20614/17/6
f 20615/17/6 20616/17/6 20617/17/6
f 20617/17/6 20616/17/6 20618/17/6
f 20619/17/6 20620/17/6 20621/17/6
f 20621/17/6 20620/17/6 20622/17/6
f 20623/17/6 20624/17/6 20625/17/6
f 20625/17/6 20624/17/6 20626/17/6
f 20627/17/6 20628/17/6 20629/17/6
f 20629/17/6 20628/17/6 20630/17/6
f 20631/17/6 20632/17/6 20638/17/6
f 20638/17/6 20632/17/6 20639/17/6
f 20633/17/6 20634/17/6 20640/17/6
f 20640/17/6 20634/17/6 20641/17/6
f 20635/17/6 20636/17/6 20642/17/6
f 20642/17/6 20636/17/6 20643/17/6
f 20640/17/6 20641/17/6 20646/17/6
f 20643/17/6 20644/17/6 20646/17/6
f 20642/17/6 20643/17/6 20646/17/6
f 20641/17/6 20642/17/6 20646/17/6
f 20638/17/6 20639/17/6 20646/17/6
f 20639/17/6 20640/17/6 20646/17/6
f 20637/17/6 20638/17/6 20646/17/6
f 20646/17/6 20644/17/6 20647/17/6
f 20645/17/6 20646/17/6 20651/17/6
f 20646/17/6 20647/17/6 20651/17/6
f 20647/17/6 20648/17/6 20651/17/6
f 20651/17/6 20648/17/6 20652/17/6
f 20652/17/6 20648/17/6 20653/17/6
f 20653/17/6 20648/17/6 20654/17/6
f 20654/17/6 20648/17/6 20655/17/6
f 20655/17/6 20648/17/6 20656/17/6
f 20649/17/6 20650/17/6 20657/17/6
f 20657/17/6 20650/17/6 20658/17/6
f 20656/17/6 20657/17/6 20661/17/6
f 20661/17/6 20657/17/6 20662/17/6
f 20659/17/6 20660/17/6 20663/17/6
f 20653/17/6 20654/17/6 20664/17/6
f 20664/17/6 20654/17/6 20665/17/6
f 20665/17/6 20654/17/6 20666/17/6
f 20666/17/6 20654/17/6 20667/17/6
f 20663/17/6 20660/17/6 20668/17/6
f 20645/17/6 20651/17/6 20669/17/6
f 20669/17/6 20651/17/6 20670/17/6
f 20670/17/6 20671/17/6 20673/17/6
f 20673/17/6 20671/17/6 20674/17/6
f 20668/17/6 20660/17/6 20676/17/6
f 20676/17/6 20660/17/6 20677/17/6
f 20675/17/6 20676/17/6 20678/17/6
f 20678/17/6 20676/17/6 20679/17/6
f 20679/17/6 20680/17/6 20681/17/6
f 20681/17/6 20680/17/6 20682/17/6
f 20672/17/6 20673/17/6 20683/17/6
f 20672/17/6 20683/17/6 20687/17/6
f 20683/17/6 20684/17/6 20687/17/6
f 20687/17/6 20684/17/6 20688/17/6
f 20685/17/6 20686/17/6 20689/17/6
f 20689/17/6 20686/17/6 20690/17/6
f 20672/17/6 20687/17/6 20692/17/6
f 20692/17/6 20687/17/6 20693/17/6
f 20694/17/6 20695/17/6 20697/17/6
f 20697/17/6 20695/17/6 20698/17/6
f 20696/17/6 20697/17/6 20699/17/6
f 20699/17/6 20697/17/6 20700/17/6
f 20701/17/6 20702/17/6 20704/17/6
f 20704/17/6 20702/17/6 20705/17/6
f 20703/17/6 20704/17/6 20706/17/6
f 20706/17/6 20704/17/6 20707/17/6
f 20708/17/6 20709/17/6 20711/17/6
f 20711/17/6 20709/17/6 20712/17/6
f 20690/17/6 20691/17/6 20713/17/6
f 20713/17/6 20691/17/6 20714/17/6
f 20715/17/6 20716/17/6 20717/17/6
f 20717/17/6 20716/17/6 20718/17/6
f 20710/17/6 20711/17/6 20726/17/6
f 20720/17/6 20721/17/6 20727/17/6
f 20727/17/6 20721/17/6 20728/17/6
f 20722/17/6 20723/17/6 20729/17/6
f 20729/17/6 20723/17/6 20730/17/6
f 20724/17/6 20725/17/6 20732/17/6
f 20732/17/6 20725/17/6 20733/17/6
f 20718/17/6 20719/17/6 20734/17/6
f 20710/17/6 20726/17/6 20735/17/6
f 20727/17/6 20728/17/6 20735/17/6
f 20726/17/6 20727/17/6 20735/17/6
f 20728/17/6 20729/17/6 20735/17/6
f 20735/17/6 20729/17/6 20736/17/6
f 20733/17/6 20734/17/6 20737/17/6
f 20732/17/6 20733/17/6 20737/17/6
f 20731/17/6 20732/17/6 20737/17/6
f 20734/17/6 20719/17/6 20738/17/6
f 20737/17/6 20734/17/6 20738/17/6
f 20739/1/6 20740/1/6 20741/1/6
f 20741/1/6 20740/1/6 20742/1/6
f 20743/19/6 20744/19/6 20745/19/6
f 20745/19/6 20744/19/6 20746/19/6
f 20747/1/6 20748/1/6 20749/1/6
f 20749/1/6 20748/1/6 20750/1/6
f 20751/1/6 20752/1/6 20753/1/6
f 20753/1/6 20752/1/6 20754/1/6
f 20755/1/6 20756/1/6 20757/1/6
f 20757/1/6 20756/1/6 20758/1/6
f 20759/1/6 20760/1/6 20761/1/6
f 20761/1/6 20760/1/6 20762/1/6
f 20763/17/6 20764/17/6 20769/17/6
f 20769/17/6 20764/17/6 20770/17/6
f 20770/17/6 20764/17/6 20771/17/6
f 20771/17/6 20764/17/6 20772/17/6
f 20765/17/6 20766/17/6 20773/17/6
f 20773/17/6 20766/17/6 20774/17/6
f 20774/17/6 20766/17/6 20775/17/6
f 20775/17/6 20766/17/6 20776/17/6
f 20767/1/6 20768/1/6 20779/1/6
f 20779/1/6 20768/1/6 20780/1/6
f 20770/1/6 20771/1/6 20781/1/6
f 20781/1/6 20771/1/6 20782/1/6
f 20774/1/6 20775/1/6 20783/1/6
f 20783/1/6 20775/1/6 20784/1/6
f 20777/1/6 20778/1/6 20785/1/6
f 20785/1/6 20778/1/6 20786/1/6
f 20787/1/6 20788/1/6 20789/1/6
f 20789/1/6 20788/1/6 20790/1/6
f 20791/1/6 20792/1/6 20793/1/6
f 20793/1/6 20792/1/6 20794/1/6
f 20795/1/6 20796/1/6 20797/1/6
f 20797/1/6 20796/1/6 20798/1/6
f 20799/1/6 20800/1/6 20801/1/6
f 20801/1/6 20800/1/6 20802/1/6
f 20803/1/6 20804/1/6 20805/1/6
f 20805/1/6 20804/1/6 20806/1/6
f 20807/1/6 20808/1/6 20811/1/6
f 20811/1/6 20808/1/6 20812/1/6
f 20809/1/6 20810/1/6 20813/1/6
f 20813/1/6 20810/1/6 20814/1/6
f 20815/5/6 20816/5/6 20820/5/6
f 20820/5/6 20816/5/6 20821/5/6
f 20821/5/6 20816/5/6 20822/5/6
f 20817/5/6 20818/5/6 20826/5/6
f 20818/4/6 20819/4/6 20827/4/6
f 20826/5/6 20818/5/6 20827/5/6
f 20827/4/6 20819/4/6 20828/4/6
f 20822/4/6 20823/4/6 20829/4/6
f 20821/4/6 20822/4/6 20829/4/6
f 20824/4/6 20825/4/6 20830/4/6
f 20828/4/6 20819/4/6 20834/4/6
f 20834/4/6 20819/4/6 20835/4/6
f 20821/4/6 20829/4/6 20836/4/6
f 20829/4/6 20830/4/6 20836/4/6
f 20830/4/6 20825/4/6 20837/4/6
f 20836/4/6 20830/4/6 20837/4/6
f 20831/5/6 20832/5/6 20839/5/6
f 20839/5/6 20832/5/6 20840/5/6
f 20833/4/6 20834/4/6 20842/4/6
f 20837/4/6 20838/4/6 20843/4/6
f 20841/4/6 20842/4/6 20847/4/6
f 20842/4/6 20834/4/6 20848/4/6
f 20847/4/6 20842/4/6 20848/4/6
f 20848/4/6 20834/4/6 20849/4/6
f 20837/4/6 20843/4/6 20850/4/6
f 20843/4/6 20844/4/6 20850/4/6
f 20850/4/6 20844/4/6 20851/4/6
f 20851/4/6 20844/4/6 20852/4/6
f 20845/1/6 20846/1/6 20853/1/6
f 20853/1/6 20846/1/6 20854/1/6
f 20855/1/6 20856/1/6 20857/1/6
f 20857/1/6 20856/1/6 20858/1/6
f 20859/1/6 20860/1/6 20861/1/6
f 20861/1/6 20860/1/6 20862/1/6
f 20863/1/6 20864/1/6 20865/1/6
f 20865/1/6 20864/1/6 20866/1/6
f 20867/1/6 20868/1/6 20869/1/6
f 20869/1/6 20868/1/6 20870/1/6
f 20871/1/6 20872/1/6 20873/1/6
f 20873/1/6 20872/1/6 20874/1/6
f 20875/1/6 20876/1/6 20883/1/6
f 20883/1/6 20876/1/6 20884/1/6
f 20877/1/6 20878/1/6 20885/1/6
f 20885/1/6 20878/1/6 20886/1/6
f 20879/1/6 20880/1/6 20887/1/6
f 20887/1/6 20880/1/6 20888/1/6
f 20881/1/6 20882/1/6 20889/1/6
f 20889/1/6 20882/1/6 20890/1/6
f 20891/5/6 20892/5/6 20897/5/6
f 20893/5/6 20894/5/6 20904/5/6
f 20895/5/6 20896/5/6 20905/5/6
f 20905/5/6 20896/5/6 20906/5/6
f 20891/5/6 20897/5/6 20907/5/6
f 20897/5/6 20898/5/6 20907/5/6
f 20907/5/6 20898/5/6 20908/5/6
f 20899/5/6 20900/5/6 20909/5/6
f 20901/5/6 20902/5/6 20910/5/6
f 20910/5/6 20902/5/6 20911/5/6
f 20903/5/6 20904/5/6 20912/5/6
f 20904/5/6 20894/5/6 20913/5/6
f 20912/5/6 20904/5/6 20913/5/6
f 20899/5/6 20909/5/6 20916/5/6
f 20909/5/6 20910/5/6 20916/5/6
f 20916/5/6 20910/5/6 20917/5/6
f 20914/5/6 20915/5/6 20918/5/6
f 20918/5/6 20915/5/6 20919/5/6
f 20920/1/6 20921/1/6 20926/1/6
f 20926/1/6 20921/1/6 20927/1/6
f 20922/1/6 20923/1/6 20928/1/6
f 20928/1/6 20923/1/6 20929/1/6
f 20924/1/6 20925/1/6 20930/1/6
f 20930/1/6 20925/1/6 20931/1/6
f 20932/1/6 20933/1/6 20934/1/6
f 20934/1/6 20933/1/6 20935/1/6
f 20936/1/6 20937/1/6 20940/1/6
f 20940/1/6 20937/1/6 20941/1/6
f 20938/1/6 20939/1/6 20942/1/6
f 20942/1/6 20939/1/6 20943/1/6
f 20944/1/6 20945/1/6 20946/1/6
f 20946/1/6 20945/1/6 20947/1/6
f 20948/1/6 20949/1/6 20950/1/6
f 20950/1/6 20949/1/6 20951/1/6
f 20952/1/6 20953/1/6 20958/1/6
f 20958/1/6 20953/1/6 20959/1/6
f 20954/1/6 20955/1/6 20960/1/6
f 20960/1/6 20955/1/6 20961/1/6
f 20956/1/6 20957/1/6 20962/1/6
f 20962/1/6 20957/1/6 20963/1/6
f 20966/13/6 20967/13/6 20968/13/6
f 20968/13/6 20967/13/6 20969/13/6
f 20964/2/6 20965/2/6 20972/2/6
f 20972/2/6 20965/2/6 20973/2/6
f 20970/6/6 20971/6/6 20974/6/6
f 20974/6/6 20971/6/6 20975/6/6
f 20976/1/6 20977/1/6 20981/1/6
f 20981/1/6 20977/1/6 20982/1/6
f 20978/1/6 20979/1/6 20983/1/6
f 20983/1/6 20979/1/6 20984/1/6
f 20980/19/6 20981/19/6 20985/19/6
f 20985/19/6 20981/19/6 20986/19/6
f 20987/1/6 20988/1/6 20989/1/6
f 20989/1/6 20988/1/6 20990/1/6
f 20991/1/6 20992/1/6 20993/1/6
f 20993/1/6 20992/1/6 20994/1/6
f 20995/1/6 20996/1/6 20997/1/6
f 20997/1/6 20996/1/6 20998/1/6
f 20999/1/6 21000/1/6 21001/1/6
f 21001/1/6 21000/1/6 21002/1/6
f 21003/1/6 21004/1/6 21005/1/6
f 21005/1/6 21004/1/6 21006/1/6
f 21007/1/6 21008/1/6 21015/1/6
f 21015/1/6 21008/1/6 21016/1/6
f 21009/1/6 21010/1/6 21017/1/6
f 21017/1/6 21010/1/6 21018/1/6
f 21011/1/6 21012/1/6 21019/1/6
f 21019/1/6 21012/1/6 21020/1/6
f 21013/1/6 21014/1/6 21021/1/6
f 21021/1/6 21014/1/6 21022/1/6
f 21023/1/6 21024/1/6 21025/1/6
f 21025/1/6 21024/1/6 21026/1/6
f 21027/1/6 21028/1/6 21029/1/6
f 21029/1/6 21028/1/6 21030/1/6
f 21031/1/6 21032/1/6 21033/1/6
f 21033/1/6 21032/1/6 21034/1/6
f 21035/1/6 21036/1/6 21037/1/6
f 21037/1/6 21036/1/6 21038/1/6
f 21039/1/6 21040/1/6 21041/1/6
f 21041/1/6 21040/1/6 21042/1/6
f 21043/1/6 21044/1/6 21045/1/6
f 21045/1/6 21044/1/6 21046/1/6
f 21047/1/6 21048/1/6 21049/1/6
f 21049/1/6 21048/1/6 21050/1/6
f 21051/1/6 21052/1/6 21053/1/6
f 21053/1/6 21052/1/6 21054/1/6
f 21055/1/6 21056/1/6 21059/1/6
f 21059/1/6 21056/1/6 21060/1/6
f 21057/1/6 21058/1/6 21061/1/6
f 21061/1/6 21058/1/6 21062/1/6
f 21063/1/6 21064/1/6 21069/1/6
f 21069/1/6 21064/1/6 21070/1/6
f 21065/1/6 21066/1/6 21071/1/6
f 21071/1/6 21066/1/6 21072/1/6
f 21067/1/6 21068/1/6 21073/1/6
f 21073/1/6 21068/1/6 21074/1/6
f 21075/1/6 21076/1/6 21077/1/6
f 21077/1/6 21076/1/6 21078/1/6
f 21079/1/6 21080/1/6 21081/1/6
f 21081/1/6 21080/1/6 21082/1/6
f 21083/1/6 21084/1/6 21087/1/6
f 21087/1/6 21084/1/6 21088/1/6
f 21085/1/6 21086/1/6 21089/1/6
f 21089/1/6 21086/1/6 21090/1/6
f 21091/1/6 21092/1/6 21093/1/6
f 21093/1/6 21092/1/6 21094/1/6
f 21095/1/6 21096/1/6 21097/1/6
f 21097/1/6 21096/1/6 21098/1/6
f 21099/1/6 21100/1/6 21101/1/6
f 21101/1/6 21100/1/6 21102/1/6
f 21103/19/6 21104/19/6 21105/19/6
f 21105/19/6 21104/19/6 21106/19/6
f 21107/1/6 21108/1/6 21109/1/6
f 21109/1/6 21108/1/6 21110/1/6
f 21111/1/6 21112/1/6 21113/1/6
f 21113/1/6 21112/1/6 21114/1/6
f 21115/1/6 21116/1/6 21121/1/6
f 21121/1/6 21116/1/6 21122/1/6
f 21117/1/6 21118/1/6 21123/1/6
f 21123/1/6 21118/1/6 21124/1/6
f 21119/1/6 21120/1/6 21125/1/6
f 21125/1/6 21120/1/6 21126/1/6
f 21127/1/6 21128/1/6 21129/1/6
f 21129/1/6 21128/1/6 21130/1/6
f 21131/1/6 21132/1/6 21134/1/6
f 21132/19/6 21133/19/6 21135/19/6
f 21134/1/6 21132/1/6 21135/1/6
f 21135/19/6 21133/19/6 21136/19/6
f 21137/1/6 21138/1/6 21139/1/6
f 21139/1/6 21138/1/6 21140/1/6
f 21141/19/6 21142/19/6 21144/19/6
f 21144/19/6 21142/19/6 21145/19/6
f 21143/1/6 21144/1/6 21148/1/6
f 21148/1/6 21144/1/6 21149/1/6
f 21146/1/6 21147/1/6 21150/1/6
f 21150/1/6 21147/1/6 21151/1/6
f 21152/19/6 21153/19/6 21154/19/6
f 21154/19/6 21153/19/6 21155/19/6
f 21155/19/6 21153/19/6 21156/19/6
f 21157/1/6 21158/1/6 21159/1/6
f 21159/1/6 21158/1/6 21160/1/6
f 21161/1/6 21162/1/6 21163/1/6
f 21163/1/6 21162/1/6 21164/1/6
f 21165/1/6 21166/1/6 21167/1/6
f 21167/1/6 21166/1/6 21168/1/6
f 21169/1/6 21170/1/6 21171/1/6
f 21171/1/6 21170/1/6 21172/1/6
f 21173/1/6 21174/1/6 21179/1/6
f 21179/1/6 21174/1/6 21180/1/6
f 21175/1/6 21176/1/6 21181/1/6
f 21181/1/6 21176/1/6 21182/1/6
f 21177/1/6 21178/1/6 21183/1/6
f 21183/1/6 21178/1/6 21184/1/6
f 21185/1/6 21186/1/6 21187/1/6
f 21187/1/6 21186/1/6 21188/1/6
f 21189/1/6 21190/1/6 21191/1/6
f 21191/1/6 21190/1/6 21192/1/6
f 21193/19/6 21194/19/6 21195/19/6
f 21195/19/6 21194/19/6 21196/19/6
f 21197/1/6 21198/1/6 21199/1/6
f 21199/1/6 21198/1/6 21200/1/6
f 21201/1/6 21202/1/6 21203/1/6
f 21203/1/6 21202/1/6 21204/1/6
f 21205/1/6 21206/1/6 21207/1/6
f 21207/1/6 21206/1/6 21208/1/6
f 21209/1/6 21210/1/6 21217/1/6
f 21217/1/6 21210/1/6 21218/1/6
f 21211/1/6 21212/1/6 21219/1/6
f 21219/1/6 21212/1/6 21220/1/6
f 21213/1/6 21214/1/6 21221/1/6
f 21221/1/6 21214/1/6 21222/1/6
f 21215/1/6 21216/1/6 21223/1/6
f 21223/1/6 21216/1/6 21224/1/6
f 21225/1/6 21226/1/6 21229/1/6
f 21229/1/6 21226/1/6 21230/1/6
f 21227/1/6 21228/1/6 21231/1/6
f 21231/1/6 21228/1/6 21232/1/6
f 21233/1/6 21234/1/6 21235/1/6
f 21235/1/6 21234/1/6 21236/1/6
f 21237/1/6 21238/1/6 21239/1/6
f 21239/1/6 21238/1/6 21240/1/6
f 21241/1/6 21242/1/6 21243/1/6
f 21243/1/6 21242/1/6 21244/1/6
f 21245/1/6 21246/1/6 21247/1/6
f 21247/1/6 21246/1/6 21248/1/6
f 21249/1/6 21250/1/6 21257/1/6
f 21257/1/6 21250/1/6 21258/1/6
f 21251/1/6 21252/1/6 21259/1/6
f 21259/1/6 21252/1/6 21260/1/6
f 21253/1/6 21254/1/6 21261/1/6
f 21261/1/6 21254/1/6 21262/1/6
f 21255/1/6 21256/1/6 21263/1/6
f 21263/1/6 21256/1/6 21264/1/6
f 21265/1/6 21266/1/6 21267/1/6
f 21267/1/6 21266/1/6 21268/1/6
f 21269/19/6 21270/19/6 21271/19/6
f 21271/19/6 21270/19/6 21272/19/6
f 21273/1/6 21274/1/6 21275/1/6
f 21275/1/6 21274/1/6 21276/1/6
f 21277/1/6 21278/1/6 21281/1/6
f 21281/1/6 21278/1/6 21282/1/6
f 21279/1/6 21280/1/6 21283/1/6
f 21283/1/6 21280/1/6 21284/1/6
f 21285/1/6 21286/1/6 21287/1/6
f 21287/1/6 21286/1/6 21288/1/6
f 21289/1/6 21290/1/6 21291/1/6
f 21291/1/6 21290/1/6 21292/1/6
f 21293/1/6 21294/1/6 21295/1/6
f 21295/1/6 21294/1/6 21296/1/6
f 21297/1/6 21298/1/6 21303/1/6
f 21303/1/6 21298/1/6 21304/1/6
f 21299/1/6 21300/1/6 21305/1/6
f 21305/1/6 21300/1/6 21306/1/6
f 21301/1/6 21302/1/6 21307/1/6
f 21307/1/6 21302/1/6 21308/1/6
f 21309/1/6 21310/1/6 21311/1/6
f 21311/1/6 21310/1/6 21312/1/6
f 21313/1/6 21314/1/6 21316/1/6
f 21314/19/6 21315/19/6 21317/19/6
f 21316/1/6 21314/1/6 21317/1/6
f 21317/19/6 21315/19/6 21318/19/6
f 21319/1/6 21320/1/6 21321/1/6
f 21321/1/6 21320/1/6 21322/1/6
f 21323/1/6 21324/1/6 21327/1/6
f 21327/1/6 21324/1/6 21328/1/6
f 21325/1/6 21326/1/6 21329/1/6
f 21329/1/6 21326/1/6 21330/1/6
f 21331/17/6 21332/17/6 21335/17/6
f 21335/17/6 21332/17/6 21336/17/6
f 21333/17/6 21334/17/6 21337/17/6
f 21337/17/6 21334/17/6 21338/17/6
f 21339/17/6 21340/17/6 21341/17/6
f 21341/17/6 21340/17/6 21342/17/6
f 21343/17/6 21344/17/6 21345/17/6
f 21345/17/6 21344/17/6 21346/17/6
f 21347/17/6 21348/17/6 21349/17/6
f 21349/17/6 21348/17/6 21350/17/6
f 21351/17/6 21352/17/6 21353/17/6
f 21353/17/6 21352/17/6 21354/17/6
f 21355/17/6 21356/17/6 21357/17/6
f 21357/17/6 21356/17/6 21358/17/6
f 21359/17/6 21360/17/6 21361/17/6
f 21361/17/6 21360/17/6 21362/17/6
f 21363/17/6 21364/17/6 21365/17/6
f 21365/17/6 21364/17/6 21366/17/6
f 21367/17/6 21368/17/6 21369/17/6
f 21369/17/6 21368/17/6 21370/17/6
f 21371/17/6 21372/17/6 21378/17/6
f 21378/17/6 21372/17/6 21379/17/6
f 21373/17/6 21374/17/6 21380/17/6
f 21380/17/6 21374/17/6 21381/17/6
f 21375/17/6 21376/17/6 21382/17/6
f 21382/17/6 21376/17/6 21383/17/6
f 21380/17/6 21381/17/6 21390/17/6
f 21378/17/6 21379/17/6 21390/17/6
f 21377/17/6 21378/17/6 21390/17/6
f 21383/17/6 21384/17/6 21390/17/6
f 21382/17/6 21383/17/6 21390/17/6
f 21381/17/6 21382/17/6 21390/17/6
f 21379/17/6 21380/17/6 21390/17/6
f 21390/17/6 21384/17/6 21391/17/6
f 21385/17/6 21386/17/6 21393/17/6
f 21393/17/6 21386/17/6 21394/17/6
f 21387/17/6 21388/17/6 21395/17/6
f 21395/17/6 21388/17/6 21396/17/6
f 21391/17/6 21392/17/6 21397/17/6
f 21389/17/6 21390/17/6 21397/17/6
f 21390/17/6 21391/17/6 21397/17/6
f 21397/17/6 21392/17/6 21398/17/6
f 21398/17/6 21392/17/6 21399/17/6
f 21399/17/6 21392/17/6 21400/17/6
f 21400/17/6 21392/17/6 21401/17/6
f 21401/17/6 21392/17/6 21402/17/6
f 21385/17/6 21393/17/6 21404/17/6
f 21394/17/6 21395/17/6 21405/17/6
f 21405/17/6 21395/17/6 21406/17/6
f 21396/17/6 21397/17/6 21407/17/6
f 21407/17/6 21397/17/6 21408/17/6
f 21385/17/6 21404/17/6 21409/17/6
f 21399/17/6 21400/17/6 21410/17/6
f 21410/17/6 21400/17/6 21411/17/6
f 21411/17/6 21400/17/6 21412/17/6
f 21412/17/6 21400/17/6 21413/17/6
f 21385/17/6 21409/17/6 21414/17/6
f 21414/17/6 21409/17/6 21415/17/6
f 21416/17/6 21417/17/6 21419/17/6
f 21419/17/6 21417/17/6 21420/17/6
f 21402/17/6 21403/17/6 21422/17/6
f 21422/17/6 21403/17/6 21423/17/6
f 21421/17/6 21422/17/6 21424/17/6
f 21424/17/6 21422/17/6 21425/17/6
f 21418/17/6 21419/17/6 21427/17/6
f 21427/17/6 21419/17/6 21428/17/6
f 21425/17/6 21426/17/6 21431/17/6
f 21431/17/6 21426/17/6 21432/17/6
f 21433/17/6 21434/17/6 21435/17/6
f 21435/17/6 21434/17/6 21436/17/6
f 21429/17/6 21430/17/6 21438/17/6
f 21438/17/6 21430/17/6 21439/17/6
f 21439/17/6 21440/17/6 21441/17/6
f 21441/17/6 21440/17/6 21442/17/6
f 21436/17/6 21437/17/6 21446/17/6
f 21446/17/6 21437/17/6 21447/17/6
f 21445/17/6 21446/17/6 21448/17/6
f 21448/17/6 21446/17/6 21449/17/6
f 21443/17/6 21444/17/6 21452/17/6
f 21452/17/6 21444/17/6 21453/17/6
f 21453/17/6 21454/17/6 21456/17/6
f 21456/17/6 21454/17/6 21457/17/6
f 21450/17/6 21451/17/6 21458/17/6
f 21458/17/6 21451/17/6 21465/17/6
f 21455/17/6 21456/17/6 21466/17/6
f 21459/17/6 21460/17/6 21467/17/6
f 21467/17/6 21460/17/6 21468/17/6
f 21461/17/6 21462/17/6 21469/17/6
f 21469/17/6 21462/17/6 21470/17/6
f 21463/17/6 21464/17/6 21471/17/6
f 21471/17/6 21464/17/6 21472/17/6
f 21465/17/6 21451/17/6 21473/17/6
f 21455/17/6 21466/17/6 21474/17/6
f 21466/17/6 21467/17/6 21474/17/6
f 21474/17/6 21467/17/6 21475/17/6
f 21471/17/6 21472/17/6 21476/17/6
f 21469/17/6 21470/17/6 21476/17/6
f 21472/17/6 21473/17/6 21476/17/6
f 21470/17/6 21471/17/6 21476/17/6
f 21468/17/6 21469/17/6 21476/17/6
f 21473/17/6 21451/17/6 21477/17/6
f 21476/17/6 21473/17/6 21477/17/6
f 21478/1/6 21479/1/6 21480/1/6
f 21480/1/6 21479/1/6 21481/1/6
f 21482/1/6 21483/1/6 21484/1/6
f 21484/1/6 21483/1/6 21485/1/6
f 21486/1/6 21487/1/6 21488/1/6
f 21488/1/6 21487/1/6 21489/1/6
f 21490/1/6 21491/1/6 21492/1/6
f 21492/1/6 21491/1/6 21493/1/6
f 21494/1/6 21495/1/6 21500/1/6
f 21500/1/6 21495/1/6 21501/1/6
f 21496/1/6 21497/1/6 21502/1/6
f 21502/1/6 21497/1/6 21503/1/6
f 21498/1/6 21499/1/6 21504/1/6
f 21504/1/6 21499/1/6 21505/1/6
f 21506/17/6 21507/17/6 21512/17/6
f 21512/17/6 21507/17/6 21513/17/6
f 21513/17/6 21507/17/6 21514/17/6
f 21514/17/6 21507/17/6 21515/17/6
f 21508/17/6 21509/17/6 21518/17/6
f 21518/17/6 21509/17/6 21519/17/6
f 21519/17/6 21509/17/6 21520/17/6
f 21520/17/6 21509/17/6 21521/17/6
f 21510/1/6 21511/1/6 21522/1/6
f 21522/1/6 21511/1/6 21523/1/6
f 21513/1/6 21514/1/6 21524/1/6
f 21524/1/6 21514/1/6 21525/1/6
f 21516/1/6 21517/1/6 21526/1/6
f 21526/1/6 21517/1/6 21527/1/6
f 21519/1/6 21520/1/6 21528/1/6
f 21528/1/6 21520/1/6 21529/1/6
f 21530/1/6 21531/1/6 21532/1/6
f 21532/1/6 21531/1/6 21533/1/6
f 21534/1/6 21535/1/6 21536/1/6
f 21536/1/6 21535/1/6 21537/1/6
f 21538/1/6 21539/1/6 21540/1/6
f 21540/1/6 21539/1/6 21541/1/6
f 21542/1/6 21543/1/6 21544/1/6
f 21544/1/6 21543/1/6 21545/1/6
f 21546/5/6 21547/5/6 21548/5/6
f 21548/5/6 21547/5/6 21549/5/6
f 21550/4/6 21551/4/6 21556/4/6
f 21552/4/6 21553/4/6 21557/4/6
f 21557/4/6 21553/4/6 21558/4/6
f 21554/4/6 21555/4/6 21560/4/6
f 21560/4/6 21555/4/6 21561/4/6
f 21558/4/6 21559/4/6 21564/4/6
f 21550/4/6 21556/4/6 21564/4/6
f 21556/4/6 21557/4/6 21564/4/6
f 21557/4/6 21558/4/6 21564/4/6
f 21564/4/6 21559/4/6 21565/4/6
f 21561/5/6 21562/5/6 21566/5/6
f 21566/5/6 21562/5/6 21567/5/6
f 21563/4/6 21564/4/6 21570/4/6
f 21570/4/6 21564/4/6 21571/4/6
f 21571/4/6 21564/4/6 21572/4/6
f 21568/4/6 21569/4/6 21573/4/6
f 21573/4/6 21569/4/6 21574/4/6
f 21574/4/6 21569/4/6 21575/4/6
f 21576/4/6 21577/4/6 21580/4/6
f 21580/4/6 21577/4/6 21581/4/6
f 21578/1/6 21579/1/6 21582/1/6
f 21582/1/6 21579/1/6 21583/1/6
f 21584/1/6 21585/1/6 21586/1/6
f 21586/1/6 21585/1/6 21587/1/6
f 21588/1/6 21589/1/6 21590/1/6
f 21590/1/6 21589/1/6 21591/1/6
f 21592/1/6 21593/1/6 21594/1/6
f 21594/1/6 21593/1/6 21595/1/6
f 21596/1/6 21597/1/6 21598/1/6
f 21598/1/6 21597/1/6 21599/1/6
f 21600/1/6 21601/1/6 21602/1/6
f 21602/1/6 21601/1/6 21603/1/6
f 21604/1/6 21605/1/6 21610/1/6
f 21610/1/6 21605/1/6 21611/1/6
f 21606/1/6 21607/1/6 21612/1/6
f 21612/1/6 21607/1/6 21613/1/6
f 21608/1/6 21609/1/6 21614/1/6
f 21614/1/6 21609/1/6 21615/1/6
f 21616/6/6 21617/6/6 21622/6/6
f 21622/6/6 21617/6/6 21623/6/6
f 21618/2/6 21619/2/6 21625/2/6
f 21625/2/6 21619/2/6 21626/2/6
f 21620/6/6 21621/6/6 21627/6/6
f 21622/5/6 21623/5/6 21627/5/6
f 21621/5/6 21622/5/6 21627/5/6
f 21627/5/6 21623/5/6 21628/5/6
f 21628/5/6 21623/5/6 21629/5/6
f 21625/5/6 21626/5/6 21630/5/6
f 21624/5/6 21625/5/6 21630/5/6
f 21630/5/6 21626/5/6 21631/5/6
f 21631/5/6 21626/5/6 21632/5/6
f 21620/6/6 21627/6/6 21633/6/6
f 21633/6/6 21627/6/6 21634/6/6
f 21631/2/6 21632/2/6 21635/2/6
f 21635/2/6 21632/2/6 21636/2/6
f 21635/5/6 21636/5/6 21638/5/6
f 21636/5/6 21637/5/6 21638/5/6
f 21638/5/6 21637/5/6 21639/5/6
f 21640/1/6 21641/1/6 21642/1/6
f 21642/1/6 21641/1/6 21643/1/6
f 21644/1/6 21645/1/6 21646/1/6
f 21646/1/6 21645/1/6 21647/1/6
f 21648/1/6 21649/1/6 21650/1/6
f 21650/1/6 21649/1/6 21651/1/6
f 21652/1/6 21653/1/6 21654/1/6
f 21654/1/6 21653/1/6 21655/1/6
f 21656/1/6 21657/1/6 21658/1/6
f 21658/1/6 21657/1/6 21659/1/6
f 21660/19/6 21661/19/6 21662/19/6
f 21662/19/6 21661/19/6 21663/19/6
f 21664/1/6 21665/1/6 21670/1/6
f 21670/1/6 21665/1/6 21671/1/6
f 21666/1/6 21667/1/6 21672/1/6
f 21672/1/6 21667/1/6 21673/1/6
f 21668/1/6 21669/1/6 21674/1/6
f 21674/1/6 21669/1/6 21675/1/6
f 21676/6/6 21677/6/6 21681/6/6
f 21677/5/6 21678/5/6 21682/5/6
f 21681/6/6 21677/6/6 21682/6/6
f 21682/5/6 21678/5/6 21683/5/6
f 21679/2/6 21680/2/6 21684/2/6
f 21684/2/6 21680/2/6 21685/2/6
f 21686/1/6 21687/1/6 21688/1/6
f 21688/1/6 21687/1/6 21689/1/6
f 21690/1/6 21691/1/6 21692/1/6
f 21692/1/6 21691/1/6 21693/1/6
f 21694/1/6 21695/1/6 21696/1/6
f 21696/1/6 21695/1/6 21697/1/6
f 21698/1/6 21699/1/6 21700/1/6
f 21700/1/6 21699/1/6 21701/1/6
f 21702/1/6 21703/1/6 21704/1/6
f 21704/1/6 21703/1/6 21705/1/6
f 21706/1/6 21707/1/6 21718/1/6
f 21718/1/6 21707/1/6 21719/1/6
f 21708/1/6 21709/1/6 21720/1/6
f 21720/1/6 21709/1/6 21721/1/6
f 21710/1/6 21711/1/6 21722/1/6
f 21722/1/6 21711/1/6 21723/1/6
f 21712/1/6 21713/1/6 21724/1/6
f 21724/1/6 21713/1/6 21725/1/6
f 21714/1/6 21715/1/6 21726/1/6
f 21726/1/6 21715/1/6 21727/1/6
f 21716/1/6 21717/1/6 21728/1/6
f 21728/1/6 21717/1/6 21729/1/6
f 21730/1/6 21731/1/6 21732/1/6
f 21732/1/6 21731/1/6 21733/1/6
f 21734/1/6 21735/1/6 21736/1/6
f 21736/1/6 21735/1/6 21737/1/6
f 21738/1/6 21739/1/6 21740/1/6
f 21740/1/6 21739/1/6 21741/1/6
f 21742/1/6 21743/1/6 21744/1/6
f 21744/1/6 21743/1/6 21745/1/6
f 21746/1/6 21747/1/6 21748/1/6
f 21748/1/6 21747/1/6 21749/1/6
f 21750/1/6 21751/1/6 21752/1/6
f 21752/1/6 21751/1/6 21753/1/6
f 21754/1/6 21755/1/6 21766/1/6
f 21766/1/6 21755/1/6 21767/1/6
f 21756/1/6 21757/1/6 21768/1/6
f 21768/1/6 21757/1/6 21769/1/6
f 21758/1/6 21759/1/6 21770/1/6
f 21770/1/6 21759/1/6 21771/1/6
f 21760/1/6 21761/1/6 21772/1/6
f 21772/1/6 21761/1/6 21773/1/6
f 21762/1/6 21763/1/6 21774/1/6
f 21774/1/6 21763/1/6 21775/1/6
f 21764/1/6 21765/1/6 21776/1/6
f 21776/1/6 21765/1/6 21777/1/6
f 21778/1/6 21779/1/6 21782/1/6
f 21782/1/6 21779/1/6 21783/1/6
f 21780/19/6 21781/19/6 21784/19/6
f 21784/19/6 21781/19/6 21785/19/6
f 21786/1/6 21787/1/6 21788/1/6
f 21788/1/6 21787/1/6 21789/1/6
f 21790/19/6 21791/19/6 21792/19/6
f 21792/19/6 21791/19/6 21793/19/6
f 21794/1/6 21795/1/6 21800/1/6
f 21800/1/6 21795/1/6 21801/1/6
f 21796/1/6 21797/1/6 21802/1/6
f 21802/1/6 21797/1/6 21803/1/6
f 21798/1/6 21799/1/6 21804/1/6
f 21804/1/6 21799/1/6 21805/1/6
f 21806/1/6 21807/1/6 21808/1/6
f 21808/1/6 21807/1/6 21809/1/6
f 21810/1/6 21811/1/6 21812/1/6
f 21812/1/6 21811/1/6 21813/1/6
f 21814/1/6 21815/1/6 21816/1/6
f 21816/1/6 21815/1/6 21817/1/6
f 21818/1/6 21819/1/6 21820/1/6
f 21820/1/6 21819/1/6 21821/1/6
f 21822/1/6 21823/1/6 21826/1/6
f 21826/1/6 21823/1/6 21827/1/6
f 21824/1/6 21825/1/6 21828/1/6
f 21828/1/6 21825/1/6 21829/1/6
f 21830/19/6 21831/19/6 21840/19/6
f 21840/19/6 21831/19/6 21841/19/6
f 21832/1/6 21833/1/6 21842/1/6
f 21842/1/6 21833/1/6 21843/1/6
f 21834/1/6 21835/1/6 21844/1/6
f 21844/1/6 21835/1/6 21845/1/6
f 21836/1/6 21837/1/6 21846/1/6
f 21846/1/6 21837/1/6 21847/1/6
f 21838/1/6 21839/1/6 21848/1/6
f 21848/1/6 21839/1/6 21849/1/6
f 21840/1/6 21841/1/6 21850/1/6
f 21850/1/6 21841/1/6 21851/1/6
f 21852/1/6 21853/1/6 21856/1/6
f 21856/1/6 21853/1/6 21857/1/6
f 21854/1/6 21855/1/6 21858/1/6
f 21858/1/6 21855/1/6 21859/1/6
f 21860/1/6 21861/1/6 21862/1/6
f 21862/1/6 21861/1/6 21863/1/6
f 21866/1/6 21867/1/6 21868/1/6
f 21868/1/6 21867/1/6 21869/1/6
f 21864/1/6 21865/1/6 21871/1/6
f 21870/1/6 21871/1/6 21872/1/6
f 21871/1/6 21865/1/6 21873/1/6
f 21872/1/6 21871/1/6 21873/1/6
f 21873/1/6 21865/1/6 21874/1/6
f 21874/1/6 21865/1/6 21875/1/6
f 21874/19/6 21875/19/6 21876/19/6
f 21876/19/6 21875/19/6 21877/19/6
f 21878/1/6 21879/1/6 21880/1/6
f 21880/1/6 21879/1/6 21881/1/6
f 21882/1/6 21883/1/6 21886/1/6
f 21886/1/6 21883/1/6 21887/1/6
f 21884/1/6 21885/1/6 21888/1/6
f 21888/1/6 21885/1/6 21889/1/6
f 21890/1/6 21891/1/6 21894/1/6
f 21894/1/6 21891/1/6 21895/1/6
f 21892/1/6 21893/1/6 21896/1/6
f 21896/1/6 21893/1/6 21897/1/6
f 21898/1/6 21899/1/6 21900/1/6
f 21900/1/6 21899/1/6 21901/1/6
f 21902/1/6 21903/1/6 21906/1/6
f 21906/1/6 21903/1/6 21907/1/6
f 21904/1/6 21905/1/6 21908/1/6
f 21908/1/6 21905/1/6 21909/1/6
f 21910/1/6 21911/1/6 21912/1/6
f 21912/1/6 21911/1/6 21913/1/6
f 21914/1/6 21915/1/6 21916/1/6
f 21916/1/6 21915/1/6 21917/1/6
f 21918/1/6 21919/1/6 21920/1/6
f 21920/1/6 21919/1/6 21921/1/6
f 21922/1/6 21923/1/6 21924/1/6
f 21924/1/6 21923/1/6 21925/1/6
f 21926/1/6 21927/1/6 21928/1/6
f 21928/1/6 21927/1/6 21929/1/6
f 21930/1/6 21931/1/6 21932/1/6
f 21932/1/6 21931/1/6 21933/1/6
f 21934/1/6 21935/1/6 21938/1/6
f 21938/1/6 21935/1/6 21939/1/6
f 21936/1/6 21937/1/6 21940/1/6
f 21940/1/6 21937/1/6 21941/1/6
f 21942/1/6 21943/1/6 21946/1/6
f 21946/1/6 21943/1/6 21947/1/6
f 21944/1/6 21945/1/6 21948/1/6
f 21948/1/6 21945/1/6 21949/1/6
f 21950/1/6 21951/1/6 21952/1/6
f 21952/1/6 21951/1/6 21953/1/6
f 21954/1/6 21955/1/6 21956/1/6
f 21956/1/6 21955/1/6 21957/1/6
f 21958/1/6 21959/1/6 21961/1/6
f 21961/1/6 21959/1/6 21962/1/6
f 21960/19/6 21961/19/6 21967/19/6
f 21963/1/6 21964/1/6 21968/1/6
f 21968/1/6 21964/1/6 21969/1/6
f 21965/1/6 21966/1/6 21970/1/6
f 21970/1/6 21966/1/6 21971/1/6
f 21967/19/6 21961/19/6 21972/19/6
f 21972/19/6 21961/19/6 21973/19/6
f 21974/1/6 21975/1/6 21976/1/6
f 21976/1/6 21975/1/6 21977/1/6
f 21978/1/6 21979/1/6 21980/1/6
f 21980/1/6 21979/1/6 21981/1/6
f 21982/1/6 21983/1/6 21984/1/6
f 21984/1/6 21983/1/6 21985/1/6
f 21986/1/6 21987/1/6 21988/1/6
f 21988/1/6 21987/1/6 21989/1/6
f 21990/1/6 21991/1/6 21998/1/6
f 21998/1/6 21991/1/6 21999/1/6
f 21992/1/6 21993/1/6 22000/1/6
f 22000/1/6 21993/1/6 22001/1/6
f 21994/1/6 21995/1/6 22002/1/6
f 22002/1/6 21995/1/6 22003/1/6
f 21996/1/6 21997/1/6 22004/1/6
f 22004/1/6 21997/1/6 22005/1/6
f 22006/1/6 22007/1/6 22008/1/6
f 22008/1/6 22007/1/6 22009/1/6
f 22010/1/6 22011/1/6 22012/1/6
f 22012/1/6 22011/1/6 22013/1/6
f 22014/1/6 22015/1/6 22016/1/6
f 22016/1/6 22015/1/6 22017/1/6
f 22018/1/6 22019/1/6 22020/1/6
f 22020/1/6 22019/1/6 22021/1/6
f 22022/1/6 22023/1/6 22024/1/6
f 22024/1/6 22023/1/6 22025/1/6
f 22026/1/6 22027/1/6 22030/1/6
f 22030/1/6 22027/1/6 22031/1/6
f 22028/1/6 22029/1/6 22032/1/6
f 22032/1/6 22029/1/6 22033/1/6
f 22034/1/6 22035/1/6 22036/1/6
f 22036/1/6 22035/1/6 22037/1/6
f 22038/1/6 22039/1/6 22040/1/6
f 22040/1/6 22039/1/6 22041/1/6
f 22042/1/6 22043/1/6 22044/1/6
f 22044/1/6 22043/1/6 22045/1/6
f 22046/19/6 22047/19/6 22049/19/6
f 22049/19/6 22047/19/6 22050/19/6
f 22048/1/6 22049/1/6 22056/1/6
f 22049/1/6 22050/1/6 22056/1/6
f 22050/1/6 22051/1/6 22056/1/6
f 22056/1/6 22051/1/6 22057/1/6
f 22052/1/6 22053/1/6 22058/1/6
f 22058/1/6 22053/1/6 22059/1/6
f 22054/1/6 22055/1/6 22060/1/6
f 22060/1/6 22055/1/6 22061/1/6
f 22062/17/6 22063/17/6 22064/17/6
f 22064/17/6 22063/17/6 22065/17/6
f 22066/17/6 22067/17/6 22068/17/6
f 22068/17/6 22067/17/6 22069/17/6
f 22070/17/6 22071/17/6 22072/17/6
f 22072/17/6 22071/17/6 22073/17/6
f 22074/17/6 22075/17/6 22080/17/6
f 22080/17/6 22075/17/6 22081/17/6
f 22076/17/6 22077/17/6 22082/17/6
f 22082/17/6 22077/17/6 22083/17/6
f 22078/17/6 22079/17/6 22084/17/6
f 22084/17/6 22079/17/6 22085/17/6
f 22086/17/6 22087/17/6 22093/17/6
f 22093/17/6 22087/17/6 22094/17/6
f 22088/17/6 22089/17/6 22095/17/6
f 22095/17/6 22089/17/6 22096/17/6
f 22090/17/6 22091/17/6 22097/17/6
f 22097/17/6 22091/17/6 22098/17/6
f 22095/17/6 22096/17/6 22101/17/6
f 22098/17/6 22099/17/6 22101/17/6
f 22097/17/6 22098/17/6 22101/17/6
f 22096/17/6 22097/17/6 22101/17/6
f 22093/17/6 22094/17/6 22101/17/6
f 22094/17/6 22095/17/6 22101/17/6
f 22092/17/6 22093/17/6 22101/17/6
f 22101/17/6 22099/17/6 22102/17/6
f 22100/17/6 22101/17/6 22104/17/6
f 22102/17/6 22103/17/6 22104/17/6
f 22101/17/6 22102/17/6 22104/17/6
f 22104/17/6 22103/17/6 22105/17/6
f 22105/17/6 22103/17/6 22106/17/6
f 22106/17/6 22103/17/6 22107/17/6
f 22107/17/6 22103/17/6 22108/17/6
f 22108/17/6 22103/17/6 22109/17/6
f 22100/17/6 22104/17/6 22110/17/6
f 22110/17/6 22104/17/6 22111/17/6
f 22100/17/6 22110/17/6 22112/17/6
f 22106/17/6 22107/17/6 22113/17/6
f 22113/17/6 22107/17/6 22114/17/6
f 22114/17/6 22107/17/6 22115/17/6
f 22115/17/6 22107/17/6 22116/17/6
f 22109/17/6 22103/17/6 22117/17/6
f 22117/17/6 22103/17/6 22118/17/6
f 22119/17/6 22120/17/6 22121/17/6
f 22121/17/6 22120/17/6 22122/17/6
f 22100/17/6 22112/17/6 22124/17/6
f 22124/17/6 22112/17/6 22125/17/6
f 22122/17/6 22123/17/6 22128/17/6
f 22128/17/6 22123/17/6 22129/17/6
f 22130/17/6 22131/17/6 22133/17/6
f 22131/17/6 22132/17/6 22133/17/6
f 22133/17/6 22132/17/6 22134/17/6
f 22126/17/6 22127/17/6 22135/17/6
f 22135/17/6 22127/17/6 22136/17/6
f 22137/19/6 22138/19/6 22140/19/6
f 22136/19/6 22137/19/6 22140/19/6
f 22140/19/6 22138/19/6 22141/19/6
f 22141/19/6 22138/19/6 22142/19/6
f 22139/17/6 22140/17/6 22143/17/6
f 22140/19/6 22141/19/6 22143/19/6
f 22143/19/6 22141/19/6 22144/19/6
f 22139/17/6 22143/17/6 22145/17/6
f 22139/17/6 22145/17/6 22147/17/6
f 22145/17/6 22146/17/6 22147/17/6
f 22147/17/6 22146/17/6 22148/17/6
f 22139/17/6 22147/17/6 22155/17/6
f 22149/17/6 22150/17/6 22159/17/6
f 22159/17/6 22150/17/6 22160/17/6
f 22151/17/6 22152/17/6 22161/17/6
f 22161/17/6 22152/17/6 22162/17/6
f 22153/17/6 22154/17/6 22164/17/6
f 22164/17/6 22154/17/6 22165/17/6
f 22134/17/6 22132/17/6 22166/17/6
f 22157/17/6 22158/17/6 22167/17/6
f 22139/17/6 22155/17/6 22167/17/6
f 22155/17/6 22156/17/6 22167/17/6
f 22156/17/6 22157/17/6 22167/17/6
f 22167/17/6 22158/17/6 22168/17/6
f 22159/17/6 22160/17/6 22169/17/6
f 22160/17/6 22161/17/6 22169/17/6
f 22169/17/6 22161/17/6 22170/17/6
f 22163/17/6 22164/17/6 22171/17/6
f 22171/17/6 22164/17/6 22172/17/6
f 22165/17/6 22166/17/6 22173/17/6
f 22166/17/6 22132/17/6 22174/17/6
f 22173/17/6 22166/17/6 22174/17/6
f 22175/1/6 22176/1/6 22177/1/6
f 22177/1/6 22176/1/6 22178/1/6
f 22179/1/6 22180/1/6 22181/1/6
f 22181/1/6 22180/1/6 22182/1/6
f 22183/19/6 22184/19/6 22186/19/6
f 22186/19/6 22184/19/6 22187/19/6
f 22185/19/6 22186/19/6 22188/19/6
f 22188/19/6 22186/19/6 22189/19/6
f 22190/1/6 22191/1/6 22192/1/6
f 22192/1/6 22191/1/6 22193/1/6
f 22194/19/6 22195/19/6 22198/19/6
f 22198/19/6 22195/19/6 22199/19/6
f 22196/1/6 22197/1/6 22200/1/6
f 22200/1/6 22197/1/6 22201/1/6
f 22202/17/6 22203/17/6 22208/17/6
f 22208/17/6 22203/17/6 22209/17/6
f 22209/17/6 22203/17/6 22210/17/6
f 22210/17/6 22203/17/6 22211/17/6
f 22204/17/6 22205/17/6 22212/17/6
f 22212/17/6 22205/17/6 22213/17/6
f 22213/17/6 22205/17/6 22214/17/6
f 22214/17/6 22205/17/6 22215/17/6
f 22206/1/6 22207/1/6 22216/1/6
f 22216/1/6 22207/1/6 22217/1/6
f 22209/1/6 22210/1/6 22218/1/6
f 22218/1/6 22210/1/6 22219/1/6
f 22213/1/6 22214/1/6 22220/1/6
f 22220/1/6 22214/1/6 22221/1/6
f 22222/1/6 22223/1/6 22224/1/6
f 22224/1/6 22223/1/6 22225/1/6
f 22226/1/6 22227/1/6 22228/1/6
f 22226/1/6 22228/1/6 22230/1/6
f 22228/19/6 22229/19/6 22231/19/6
f 22230/1/6 22228/1/6 22231/1/6
f 22231/19/6 22229/19/6 22232/19/6
f 22235/1/6 22236/1/6 22238/1/6
f 22236/19/6 22237/19/6 22239/19/6
f 22238/1/6 22236/1/6 22239/1/6
f 22239/19/6 22237/19/6 22240/19/6
f 22233/1/6 22234/1/6 22241/1/6
f 22241/1/6 22234/1/6 22242/1/6
f 22243/1/6 22244/1/6 22245/1/6
f 22245/1/6 22244/1/6 22246/1/6
f 22247/1/6 22248/1/6 22253/1/6
f 22253/1/6 22248/1/6 22254/1/6
f 22249/1/6 22250/1/6 22255/1/6
f 22255/1/6 22250/1/6 22256/1/6
f 22251/1/6 22252/1/6 22257/1/6
f 22257/1/6 22252/1/6 22258/1/6
f 22259/5/6 22260/5/6 22265/5/6
f 22265/5/6 22260/5/6 22266/5/6
f 22261/5/6 22262/5/6 22268/5/6
f 22268/5/6 22262/5/6 22269/5/6
f 22263/5/6 22264/5/6 22270/5/6
f 22270/5/6 22264/5/6 22271/5/6
f 22269/4/6 22270/4/6 22276/4/6
f 22276/4/6 22270/4/6 22277/4/6
f 22266/4/6 22267/4/6 22282/4/6
f 22282/4/6 22267/4/6 22283/4/6
f 22275/4/6 22276/4/6 22284/4/6
f 22276/4/6 22277/4/6 22284/4/6
f 22277/4/6 22278/4/6 22284/4/6
f 22284/4/6 22278/4/6 22285/4/6
f 22271/4/6 22272/4/6 22286/4/6
f 22286/4/6 22272/4/6 22287/4/6
f 22279/5/6 22280/5/6 22289/5/6
f 22289/5/6 22280/5/6 22290/5/6
f 22273/5/6 22274/5/6 22291/5/6
f 22291/5/6 22274/5/6 22292/5/6
f 22281/4/6 22282/4/6 22293/4/6
f 22288/4/6 22289/4/6 22295/4/6
f 22292/4/6 22293/4/6 22296/4/6
f 22293/4/6 22282/4/6 22297/4/6
f 22296/4/6 22293/4/6 22297/4/6
f 22297/4/6 22282/4/6 22298/4/6
f 22294/4/6 22295/4/6 22299/4/6
f 22295/4/6 22289/4/6 22300/4/6
f 22299/4/6 22295/4/6 22300/4/6
f 22300/4/6 22289/4/6 22301/4/6
f 22302/1/6 22303/1/6 22305/1/6
f 22303/19/6 22304/19/6 22306/19/6
f 22305/1/6 22303/1/6 22306/1/6
f 22306/19/6 22304/19/6 22307/19/6
f 22307/19/6 22308/19/6 22309/19/6
f 22306/19/6 22307/19/6 22309/19/6
f 22309/19/6 22308/19/6 22310/19/6
f 22311/1/6 22312/1/6 22313/1/6
f 22313/1/6 22312/1/6 22314/1/6
f 22315/19/6 22316/19/6 22317/19/6
f 22317/19/6 22316/19/6 22318/19/6
f 22319/1/6 22320/1/6 22321/1/6
f 22321/1/6 22320/1/6 22322/1/6
f 22323/1/6 22324/1/6 22325/1/6
f 22325/1/6 22324/1/6 22326/1/6
f 22327/1/6 22328/1/6 22329/1/6
f 22329/1/6 22328/1/6 22330/1/6
f 22331/2/6 22332/2/6 22339/2/6
f 22339/2/6 22332/2/6 22340/2/6
f 22333/2/6 22334/2/6 22342/2/6
f 22342/2/6 22334/2/6 22343/2/6
f 22335/2/6 22336/2/6 22344/2/6
f 22344/2/6 22336/2/6 22345/2/6
f 22337/6/6 22338/6/6 22349/6/6
f 22349/6/6 22338/6/6 22350/6/6
f 22340/5/6 22341/5/6 22353/5/6
f 22343/5/6 22344/5/6 22355/5/6
f 22344/5/6 22345/5/6 22355/5/6
f 22355/5/6 22345/5/6 22356/5/6
f 22346/5/6 22347/5/6 22357/5/6
f 22357/5/6 22347/5/6 22358/5/6
f 22348/5/6 22349/5/6 22360/5/6
f 22350/5/6 22351/5/6 22360/5/6
f 22349/5/6 22350/5/6 22360/5/6
f 22360/5/6 22351/5/6 22361/5/6
f 22361/5/6 22351/5/6 22362/5/6
f 22352/5/6 22353/5/6 22363/5/6
f 22353/5/6 22341/5/6 22363/5/6
f 22363/5/6 22341/5/6 22364/5/6
f 22354/5/6 22355/5/6 22365/5/6
f 22365/5/6 22355/5/6 22366/5/6
f 22358/5/6 22359/5/6 22367/5/6
f 22367/5/6 22359/5/6 22368/5/6
f 22348/5/6 22360/5/6 22369/5/6
f 22352/5/6 22363/5/6 22370/5/6
f 22370/5/6 22363/5/6 22371/5/6
f 22348/5/6 22369/5/6 22372/5/6
f 22372/5/6 22369/5/6 22373/5/6
f 22374/1/6 22375/1/6 22377/1/6
f 22375/19/6 22376/19/6 22378/19/6
f 22377/1/6 22375/1/6 22378/1/6
f 22378/19/6 22376/19/6 22379/19/6
f 22379/19/6 22376/19/6 22380/19/6
f 22380/19/6 22376/19/6 22381/19/6
f 22382/1/6 22383/1/6 22384/1/6
f 22384/1/6 22383/1/6 22385/1/6
f 22386/1/6 22387/1/6 22389/1/6
f 22387/19/6 22388/19/6 22390/19/6
f 22389/1/6 22387/1/6 22390/1/6
f 22390/19/6 22388/19/6 22391/19/6
f 22391/19/6 22388/19/6 22392/19/6
f 22393/1/6 22394/1/6 22395/1/6
f 22395/1/6 22394/1/6 22396/1/6
f 22397/1/6 22398/1/6 22403/1/6
f 22403/1/6 22398/1/6 22404/1/6
f 22399/1/6 22400/1/6 22405/1/6
f 22405/1/6 22400/1/6 22406/1/6
f 22401/1/6 22402/1/6 22407/1/6
f 22407/1/6 22402/1/6 22408/1/6
f 22409/6/6 22410/6/6 22416/6/6
f 22416/6/6 22410/6/6 22417/6/6
f 22411/6/6 22412/6/6 22422/6/6
f 22422/6/6 22412/6/6 22423/6/6
f 22413/2/6 22414/2/6 22424/2/6
f 22424/2/6 22414/2/6 22425/2/6
f 22415/2/6 22416/2/6 22426/2/6
f 22426/2/6 22416/2/6 22427/2/6
f 22418/6/6 22419/6/6 22428/6/6
f 22428/6/6 22419/6/6 22429/6/6
f 22420/2/6 22421/2/6 22430/2/6
f 22430/2/6 22421/2/6 22431/2/6
f 22432/6/6 22433/6/6 22434/6/6
f 22434/6/6 22433/6/6 22435/6/6
f 22436/1/6 22437/1/6 22438/1/6
f 22438/1/6 22437/1/6 22439/1/6
f 22440/1/6 22441/1/6 22442/1/6
f 22442/1/6 22441/1/6 22443/1/6
f 22444/1/6 22445/1/6 22446/1/6
f 22444/1/6 22446/1/6 22448/1/6
f 22446/19/6 22447/19/6 22449/19/6
f 22448/1/6 22446/1/6 22449/1/6
f 22449/19/6 22447/19/6 22450/19/6
f 22450/19/6 22447/19/6 22451/19/6
f 22452/19/6 22453/19/6 22455/19/6
f 22455/19/6 22453/19/6 22456/19/6
f 22454/1/6 22455/1/6 22459/1/6
f 22455/1/6 22456/1/6 22459/1/6
f 22459/1/6 22456/1/6 22460/1/6
f 22457/1/6 22458/1/6 22461/1/6
f 22461/1/6 22458/1/6 22462/1/6
f 22463/1/6 22464/1/6 22465/1/6
f 22465/1/6 22464/1/6 22466/1/6
f 22467/1/6 22468/1/6 22470/1/6
f 22468/19/6 22469/19/6 22471/19/6
f 22470/1/6 22468/1/6 22471/1/6
f 22471/19/6 22469/19/6 22472/19/6
f 22472/19/6 22473/19/6 22474/19/6
f 22471/19/6 22472/19/6 22474/19/6
f 22474/19/6 22473/19/6 22475/19/6
f 22475/19/6 22473/19/6 22476/19/6
f 22477/1/6 22478/1/6 22479/1/6
f 22479/1/6 22478/1/6 22480/1/6
f 22481/1/6 22482/1/6 22483/1/6
f 22483/1/6 22482/1/6 22484/1/6
f 22485/1/6 22486/1/6 22490/1/6
f 22486/19/6 22487/19/6 22491/19/6
f 22490/1/6 22486/1/6 22491/1/6
f 22491/19/6 22487/19/6 22492/19/6
f 22488/1/6 22489/1/6 22493/1/6
f 22493/1/6 22489/1/6 22494/1/6
f 22495/1/6 22496/1/6 22497/1/6
f 22497/1/6 22496/1/6 22498/1/6
f 22499/1/6 22500/1/6 22505/1/6
f 22505/1/6 22500/1/6 22506/1/6
f 22501/1/6 22502/1/6 22507/1/6
f 22507/1/6 22502/1/6 22508/1/6
f 22503/1/6 22504/1/6 22509/1/6
f 22509/1/6 22504/1/6 22510/1/6
f 22511/1/6 22512/1/6 22513/1/6
f 22513/1/6 22512/1/6 22514/1/6
f 22515/1/6 22516/1/6 22518/1/6
f 22516/19/6 22517/19/6 22519/19/6
f 22518/1/6 22516/1/6 22519/1/6
f 22519/19/6 22517/19/6 22520/19/6
f 22520/19/6 22517/19/6 22521/19/6
f 22521/19/6 22517/19/6 22522/19/6
f 22523/1/6 22524/1/6 22527/1/6
f 22527/1/6 22524/1/6 22528/1/6
f 22525/19/6 22526/19/6 22529/19/6
f 22529/19/6 22526/19/6 22530/19/6
f 22531/1/6 22532/1/6 22533/1/6
f 22533/1/6 22532/1/6 22534/1/6
f 22535/1/6 22536/1/6 22539/1/6
f 22539/1/6 22536/1/6 22540/1/6
f 22537/1/6 22538/1/6 22541/1/6
f 22541/1/6 22538/1/6 22542/1/6
f 22543/1/6 22544/1/6 22545/1/6
f 22543/1/6 22545/1/6 22547/1/6
f 22545/19/6 22546/19/6 22548/19/6
f 22547/1/6 22545/1/6 22548/1/6
f 22548/19/6 22546/19/6 22549/19/6
f 22549/19/6 22546/19/6 22550/19/6
f 22551/1/6 22552/1/6 22553/1/6
f 22553/1/6 22552/1/6 22554/1/6
f 22555/1/6 22556/1/6 22557/1/6
f 22557/1/6 22556/1/6 22558/1/6
f 22559/1/6 22560/1/6 22561/1/6
f 22561/1/6 22560/1/6 22562/1/6
f 22563/1/6 22564/1/6 22566/1/6
f 22564/19/6 22565/19/6 22567/19/6
f 22566/1/6 22564/1/6 22567/1/6
f 22567/19/6 22565/19/6 22568/19/6
f 22569/1/6 22570/1/6 22571/1/6
f 22571/1/6 22570/1/6 22572/1/6
f 22573/1/6 22574/1/6 22575/1/6
f 22575/1/6 22574/1/6 22576/1/6
f 22577/1/6 22578/1/6 22583/1/6
f 22583/1/6 22578/1/6 22584/1/6
f 22579/1/6 22580/1/6 22585/1/6
f 22585/1/6 22580/1/6 22586/1/6
f 22581/1/6 22582/1/6 22587/1/6
f 22587/1/6 22582/1/6 22588/1/6
f 22589/1/6 22590/1/6 22591/1/6
f 22591/1/6 22590/1/6 22592/1/6
f 22592/19/6 22593/19/6 22594/19/6
f 22594/19/6 22593/19/6 22595/19/6
f 22596/1/6 22597/1/6 22598/1/6
f 22598/1/6 22597/1/6 22599/1/6
f 22600/1/6 22601/1/6 22602/1/6
f 22602/1/6 22601/1/6 22603/1/6
f 22604/19/6 22605/19/6 22606/19/6
f 22606/19/6 22605/19/6 22607/19/6
f 22608/1/6 22609/1/6 22610/1/6
f 22610/1/6 22609/1/6 22611/1/6
f 22612/1/6 22613/1/6 22614/1/6
f 22614/1/6 22613/1/6 22615/1/6
f 22616/1/6 22617/1/6 22618/1/6
f 22618/1/6 22617/1/6 22619/1/6
f 22620/1/6 22621/1/6 22622/1/6
f 22622/1/6 22621/1/6 22623/1/6
f 22624/1/6 22625/1/6 22626/1/6
f 22626/1/6 22625/1/6 22627/1/6
f 22628/1/6 22629/1/6 22630/1/6
f 22628/1/6 22630/1/6 22633/1/6
f 22631/19/6 22632/19/6 22634/19/6
f 22633/1/6 22630/1/6 22634/1/6
f 22630/19/6 22631/19/6 22634/19/6
f 22634/19/6 22632/19/6 22635/19/6
f 22635/19/6 22632/19/6 22636/19/6
f 22637/1/6 22638/1/6 22639/1/6
f 22639/1/6 22638/1/6 22640/1/6
f 22641/19/6 22642/19/6 22647/19/6
f 22647/19/6 22642/19/6 22648/19/6
f 22643/1/6 22644/1/6 22649/1/6
f 22649/1/6 22644/1/6 22650/1/6
f 22645/1/6 22646/1/6 22651/1/6
f 22651/1/6 22646/1/6 22652/1/6
f 22653/1/6 22654/1/6 22657/1/6
f 22657/1/6 22654/1/6 22658/1/6
f 22655/17/6 22656/17/6 22659/17/6
f 22659/17/6 22656/17/6 22660/17/6
f 22661/1/6 22662/1/6 22663/1/6
f 22663/1/6 22662/1/6 22664/1/6
f 22665/1/6 22666/1/6 22667/1/6
f 22667/1/6 22666/1/6 22668/1/6
f 22669/1/6 22670/1/6 22671/1/6
f 22671/1/6 22670/1/6 22672/1/6
f 22673/1/6 22674/1/6 22675/1/6
f 22675/1/6 22674/1/6 22676/1/6
f 22677/1/6 22678/1/6 22679/1/6
f 22679/1/6 22678/1/6 22680/1/6
f 22681/1/6 22682/1/6 22683/1/6
f 22683/1/6 22682/1/6 22684/1/6
f 22685/1/6 22686/1/6 22691/1/6
f 22691/1/6 22686/1/6 22692/1/6
f 22687/1/6 22688/1/6 22693/1/6
f 22693/1/6 22688/1/6 22694/1/6
f 22689/1/6 22690/1/6 22695/1/6
f 22695/1/6 22690/1/6 22696/1/6
f 22697/1/6 22698/1/6 22699/1/6
f 22699/1/6 22698/1/6 22700/1/6
f 22701/1/6 22702/1/6 22703/1/6
f 22703/1/6 22702/1/6 22704/1/6
f 22705/1/6 22706/1/6 22707/1/6
f 22707/1/6 22706/1/6 22708/1/6
f 22709/1/6 22710/1/6 22711/1/6
f 22711/1/6 22710/1/6 22712/1/6
f 22713/1/6 22714/1/6 22715/1/6
f 22715/1/6 22714/1/6 22716/1/6
f 22717/1/6 22718/1/6 22725/1/6
f 22725/1/6 22718/1/6 22726/1/6
f 22719/1/6 22720/1/6 22727/1/6
f 22727/1/6 22720/1/6 22728/1/6
f 22721/1/6 22722/1/6 22729/1/6
f 22729/1/6 22722/1/6 22730/1/6
f 22723/1/6 22724/1/6 22731/1/6
f 22731/1/6 22724/1/6 22732/1/6
f 22733/1/6 22734/1/6 22735/1/6
f 22735/1/6 22734/1/6 22736/1/6
f 22737/1/6 22738/1/6 22739/1/6
f 22739/1/6 22738/1/6 22740/1/6
f 22741/1/6 22742/1/6 22743/1/6
f 22743/1/6 22742/1/6 22744/1/6
f 22745/1/6 22746/1/6 22747/1/6
f 22747/1/6 22746/1/6 22748/1/6
f 22749/1/6 22750/1/6 22751/1/6
f 22751/1/6 22750/1/6 22752/1/6
f 22753/1/6 22754/1/6 22755/1/6
f 22755/1/6 22754/1/6 22756/1/6
f 22757/1/6 22758/1/6 22763/1/6
f 22763/1/6 22758/1/6 22764/1/6
f 22759/17/6 22760/17/6 22765/17/6
f 22765/17/6 22760/17/6 22766/17/6
f 22761/1/6 22762/1/6 22767/1/6
f 22767/1/6 22762/1/6 22768/1/6
f 22769/1/6 22770/1/6 22771/1/6
f 22771/1/6 22770/1/6 22772/1/6
f 22773/1/6 22774/1/6 22775/1/6
f 22775/1/6 22774/1/6 22776/1/6
f 22777/1/6 22778/1/6 22779/1/6
f 22779/1/6 22778/1/6 22780/1/6
f 22781/1/6 22782/1/6 22783/1/6
f 22783/1/6 22782/1/6 22784/1/6
f 22785/1/6 22786/1/6 22787/1/6
f 22787/1/6 22786/1/6 22788/1/6
f 22789/1/6 22790/1/6 22793/1/6
f 22793/1/6 22790/1/6 22794/1/6
f 22791/1/6 22792/1/6 22795/1/6
f 22795/1/6 22792/1/6 22796/1/6
f 22797/1/6 22798/1/6 22799/1/6
f 22799/1/6 22798/1/6 22800/1/6
f 22801/1/6 22802/1/6 22803/1/6
f 22803/1/6 22802/1/6 22804/1/6
f 22805/1/6 22806/1/6 22807/1/6
f 22807/1/6 22806/1/6 22808/1/6
f 22809/1/6 22810/1/6 22811/1/6
f 22811/1/6 22810/1/6 22812/1/6
f 22813/1/6 22814/1/6 22815/1/6
f 22815/1/6 22814/1/6 22816/1/6
f 22817/17/6 22818/17/6 22825/17/6
f 22825/17/6 22818/17/6 22826/17/6
f 22819/17/6 22820/17/6 22827/17/6
f 22827/17/6 22820/17/6 22828/17/6
f 22821/17/6 22822/17/6 22829/17/6
f 22829/17/6 22822/17/6 22830/17/6
f 22823/17/6 22824/17/6 22831/17/6
f 22831/17/6 22824/17/6 22832/17/6
f 22833/17/6 22834/17/6 22835/17/6
f 22835/17/6 22834/17/6 22836/17/6
f 22837/17/6 22838/17/6 22839/17/6
f 22839/17/6 22838/17/6 22840/17/6
f 22841/17/6 22842/17/6 22847/17/6
f 22847/17/6 22842/17/6 22848/17/6
f 22843/17/6 22844/17/6 22849/17/6
f 22849/17/6 22844/17/6 22850/17/6
f 22845/17/6 22846/17/6 22851/17/6
f 22851/17/6 22846/17/6 22852/17/6
f 22853/17/6 22854/17/6 22860/17/6
f 22860/17/6 22854/17/6 22861/17/6
f 22855/17/6 22856/17/6 22862/17/6
f 22862/17/6 22856/17/6 22863/17/6
f 22857/17/6 22858/17/6 22864/17/6
f 22864/17/6 22858/17/6 22865/17/6
f 22862/17/6 22863/17/6 22874/17/6
f 22860/17/6 22861/17/6 22874/17/6
f 22859/17/6 22860/17/6 22874/17/6
f 22861/17/6 22862/17/6 22874/17/6
f 22865/17/6 22866/17/6 22874/17/6
f 22864/17/6 22865/17/6 22874/17/6
f 22863/17/6 22864/17/6 22874/17/6
f 22874/17/6 22866/17/6 22875/17/6
f 22867/17/6 22868/17/6 22885/17/6
f 22885/17/6 22868/17/6 22886/17/6
f 22869/17/6 22870/17/6 22887/17/6
f 22887/17/6 22870/17/6 22888/17/6
f 22871/17/6 22872/17/6 22889/17/6
f 22889/17/6 22872/17/6 22890/17/6
f 22873/17/6 22874/17/6 22891/17/6
f 22874/17/6 22875/17/6 22891/17/6
f 22875/17/6 22876/17/6 22891/17/6
f 22891/17/6 22876/17/6 22892/17/6
f 22892/17/6 22876/17/6 22893/17/6
f 22893/17/6 22876/17/6 22894/17/6
f 22894/17/6 22876/17/6 22895/17/6
f 22895/17/6 22876/17/6 22896/17/6
f 22896/17/6 22876/17/6 22897/17/6
f 22877/17/6 22878/17/6 22898/17/6
f 22898/17/6 22878/17/6 22899/17/6
f 22899/17/6 22878/17/6 22900/17/6
f 22879/17/6 22880/17/6 22901/17/6
f 22901/17/6 22880/17/6 22902/17/6
f 22881/17/6 22882/17/6 22903/17/6
f 22903/17/6 22882/17/6 22904/17/6
f 22904/17/6 22882/17/6 22905/17/6
f 22883/17/6 22884/17/6 22906/17/6
f 22906/17/6 22884/17/6 22907/17/6
f 22886/17/6 22887/17/6 22908/17/6
f 22908/17/6 22887/17/6 22909/17/6
f 22888/17/6 22889/17/6 22910/17/6
f 22910/17/6 22889/17/6 22911/17/6
f 22890/17/6 22891/17/6 22912/17/6
f 22912/17/6 22891/17/6 22913/17/6
f 22896/17/6 22897/17/6 22914/17/6
f 22914/17/6 22897/17/6 22915/17/6
f 22899/17/6 22900/17/6 22916/17/6
f 22916/17/6 22900/17/6 22917/17/6
f 22902/17/6 22903/17/6 22918/17/6
f 22918/17/6 22903/17/6 22919/17/6
f 22904/17/6 22905/17/6 22920/17/6
f 22920/17/6 22905/17/6 22921/17/6
f 22893/17/6 22894/17/6 22922/17/6
f 22922/17/6 22894/17/6 22923/17/6
f 22923/17/6 22894/17/6 22924/17/6
f 22924/17/6 22894/17/6 22925/17/6
f 22867/17/6 22885/17/6 22926/17/6
f 22926/17/6 22885/17/6 22927/17/6
f 22927/17/6 22928/17/6 22929/17/6
f 22929/17/6 22928/17/6 22930/17/6
f 22931/17/6 22932/17/6 22933/17/6
f 22931/17/6 22933/17/6 22935/17/6
f 22933/17/6 22934/17/6 22935/17/6
f 22935/17/6 22934/17/6 22936/17/6
f 22931/17/6 22935/17/6 22937/17/6
f 22937/17/6 22935/17/6 22938/17/6
f 22907/17/6 22884/17/6 22941/17/6
f 22938/17/6 22939/17/6 22943/17/6
f 22943/17/6 22939/17/6 22944/17/6
f 22940/17/6 22941/17/6 22946/17/6
f 22941/17/6 22884/17/6 22947/17/6
f 22946/17/6 22941/17/6 22947/17/6
f 22942/17/6 22943/17/6 22948/17/6
f 22943/17/6 22944/17/6 22948/17/6
f 22944/19/6 22945/19/6 22949/19/6
f 22948/17/6 22944/17/6 22949/17/6
f 22949/19/6 22945/19/6 22950/19/6
f 22942/17/6 22948/17/6 22961/17/6
f 22951/17/6 22952/17/6 22963/17/6
f 22963/17/6 22952/17/6 22964/17/6
f 22953/17/6 22954/17/6 22965/17/6
f 22965/17/6 22954/17/6 22966/17/6
f 22955/17/6 22956/17/6 22967/17/6
f 22967/17/6 22956/17/6 22968/17/6
f 22968/17/6 22956/17/6 22969/17/6
f 22957/17/6 22958/17/6 22970/17/6
f 22970/17/6 22958/17/6 22971/17/6
f 22959/17/6 22960/17/6 22972/17/6
f 22972/17/6 22960/17/6 22973/17/6
f 22947/17/6 22884/17/6 22974/17/6
f 22961/17/6 22962/17/6 22975/17/6
f 22942/17/6 22961/17/6 22975/17/6
f 22975/17/6 22962/17/6 22976/17/6
f 22965/17/6 22966/17/6 22977/17/6
f 22964/17/6 22965/17/6 22977/17/6
f 22966/17/6 22967/17/6 22977/17/6
f 22967/17/6 22968/17/6 22977/17/6
f 22977/17/6 22968/17/6 22978/17/6
f 22970/17/6 22971/17/6 22979/17/6
f 22971/17/6 22972/17/6 22979/17/6
f 22969/17/6 22970/17/6 22979/17/6
f 22979/17/6 22972/17/6 22980/17/6
f 22973/17/6 22974/17/6 22981/17/6
f 22974/17/6 22884/17/6 22982/17/6
f 22981/17/6 22974/17/6 22982/17/6
f 22983/1/6 22984/1/6 22987/1/6
f 22987/1/6 22984/1/6 22988/1/6
f 22985/1/6 22986/1/6 22989/1/6
f 22989/1/6 22986/1/6 22990/1/6
f 22991/1/6 22992/1/6 22993/1/6
f 22993/1/6 22992/1/6 22994/1/6
f 22995/1/6 22996/1/6 22997/1/6
f 22997/1/6 22996/1/6 22998/1/6
f 22999/1/6 23000/1/6 23001/1/6
f 23001/1/6 23000/1/6 23002/1/6
f 23003/1/6 23004/1/6 23009/1/6
f 23009/1/6 23004/1/6 23010/1/6
f 23005/1/6 23006/1/6 23011/1/6
f 23011/1/6 23006/1/6 23012/1/6
f 23007/1/6 23008/1/6 23013/1/6
f 23013/1/6 23008/1/6 23014/1/6
f 23015/17/6 23016/17/6 23021/17/6
f 23021/17/6 23016/17/6 23022/17/6
f 23022/17/6 23016/17/6 23023/17/6
f 23017/17/6 23018/17/6 23026/17/6
f 23026/17/6 23018/17/6 23027/17/6
f 23027/17/6 23018/17/6 23028/17/6
f 23028/17/6 23018/17/6 23029/17/6
f 23019/1/6 23020/1/6 23030/1/6
f 23030/1/6 23020/1/6 23031/1/6
f 23021/1/6 23022/1/6 23032/1/6
f 23032/1/6 23022/1/6 23033/1/6
f 23033/1/6 23022/1/6 23034/1/6
f 23024/1/6 23025/1/6 23035/1/6
f 23035/1/6 23025/1/6 23036/1/6
f 23027/1/6 23028/1/6 23037/1/6
f 23037/1/6 23028/1/6 23038/1/6
f 23031/19/6 23032/19/6 23039/19/6
f 23039/19/6 23032/19/6 23040/19/6
f 23041/1/6 23042/1/6 23043/1/6
f 23043/1/6 23042/1/6 23044/1/6
f 23045/1/6 23046/1/6 23047/1/6
f 23047/1/6 23046/1/6 23048/1/6
f 23049/1/6 23050/1/6 23051/1/6
f 23051/1/6 23050/1/6 23052/1/6
f 23053/1/6 23054/1/6 23055/1/6
f 23055/1/6 23054/1/6 23056/1/6
f 23057/1/6 23058/1/6 23059/1/6
f 23059/1/6 23058/1/6 23060/1/6
f 23061/1/6 23062/1/6 23063/1/6
f 23063/1/6 23062/1/6 23064/1/6
f 23065/19/6 23066/19/6 23075/19/6
f 23075/19/6 23066/19/6 23076/19/6
f 23067/1/6 23068/1/6 23077/1/6
f 23077/1/6 23068/1/6 23078/1/6
f 23069/1/6 23070/1/6 23079/1/6
f 23079/1/6 23070/1/6 23080/1/6
f 23071/1/6 23072/1/6 23081/1/6
f 23081/1/6 23072/1/6 23082/1/6
f 23073/1/6 23074/1/6 23083/1/6
f 23083/1/6 23074/1/6 23084/1/6
f 23085/5/6 23086/5/6 23092/5/6
f 23092/5/6 23086/5/6 23093/5/6
f 23087/5/6 23088/5/6 23094/5/6
f 23094/5/6 23088/5/6 23095/5/6
f 23089/5/6 23090/5/6 23096/5/6
f 23096/5/6 23090/5/6 23097/5/6
f 23091/4/6 23092/4/6 23102/4/6
f 23102/4/6 23092/4/6 23103/4/6
f 23103/4/6 23092/4/6 23104/4/6
f 23095/4/6 23096/4/6 23107/4/6
f 23107/4/6 23096/4/6 23108/4/6
f 23098/4/6 23099/4/6 23110/4/6
f 23110/4/6 23099/4/6 23111/4/6
f 23100/6/6 23101/6/6 23112/6/6
f 23112/6/6 23101/6/6 23113/6/6
f 23104/4/6 23105/4/6 23115/4/6
f 23103/4/6 23104/4/6 23115/4/6
f 23115/4/6 23105/4/6 23116/4/6
f 23108/4/6 23109/4/6 23117/4/6
f 23106/4/6 23107/4/6 23117/4/6
f 23107/4/6 23108/4/6 23117/4/6
f 23117/4/6 23109/4/6 23118/4/6
f 23111/4/6 23099/4/6 23119/4/6
f 23119/4/6 23099/4/6 23120/4/6
f 23120/4/6 23099/4/6 23121/4/6
f 23114/4/6 23115/4/6 23123/4/6
f 23122/4/6 23123/4/6 23128/4/6
f 23123/4/6 23115/4/6 23129/4/6
f 23128/4/6 23123/4/6 23129/4/6
f 23129/4/6 23115/4/6 23130/4/6
f 23124/4/6 23125/4/6 23131/4/6
f 23131/4/6 23125/4/6 23132/4/6
f 23126/1/6 23127/1/6 23135/1/6
f 23135/1/6 23127/1/6 23136/1/6
f 23133/1/6 23134/1/6 23137/1/6
f 23137/1/6 23134/1/6 23138/1/6
f 23139/1/6 23140/1/6 23141/1/6
f 23141/1/6 23140/1/6 23142/1/6
f 23143/1/6 23144/1/6 23145/1/6
f 23145/1/6 23144/1/6 23146/1/6
f 23147/1/6 23148/1/6 23149/1/6
f 23149/1/6 23148/1/6 23150/1/6
f 23151/1/6 23152/1/6 23153/1/6
f 23153/1/6 23152/1/6 23154/1/6
f 23155/1/6 23156/1/6 23157/1/6
f 23157/1/6 23156/1/6 23158/1/6
f 23159/1/6 23160/1/6 23167/1/6
f 23167/1/6 23160/1/6 23168/1/6
f 23161/1/6 23162/1/6 23169/1/6
f 23169/1/6 23162/1/6 23170/1/6
f 23163/1/6 23164/1/6 23171/1/6
f 23171/1/6 23164/1/6 23172/1/6
f 23165/1/6 23166/1/6 23173/1/6
f 23173/1/6 23166/1/6 23174/1/6
f 23175/5/6 23176/5/6 23179/5/6
f 23179/5/6 23176/5/6 23180/5/6
f 23177/5/6 23178/5/6 23187/5/6
f 23187/5/6 23178/5/6 23188/5/6
f 23188/5/6 23178/5/6 23189/5/6
f 23179/5/6 23180/5/6 23190/5/6
f 23180/5/6 23181/5/6 23190/5/6
f 23190/5/6 23181/5/6 23191/5/6
f 23182/5/6 23183/5/6 23192/5/6
f 23183/5/6 23184/5/6 23192/5/6
f 23192/5/6 23184/5/6 23193/5/6
f 23193/5/6 23184/5/6 23194/5/6
f 23185/2/6 23186/2/6 23197/2/6
f 23197/2/6 23186/2/6 23198/2/6
f 23188/5/6 23189/5/6 23202/5/6
f 23202/5/6 23189/5/6 23203/5/6
f 23194/5/6 23195/5/6 23204/5/6
f 23204/5/6 23195/5/6 23205/5/6
f 23197/5/6 23198/5/6 23207/5/6
f 23196/5/6 23197/5/6 23207/5/6
f 23207/5/6 23198/5/6 23208/5/6
f 23208/5/6 23198/5/6 23209/5/6
f 23200/5/6 23201/5/6 23210/5/6
f 23199/5/6 23200/5/6 23210/5/6
f 23210/5/6 23201/5/6 23211/5/6
f 23207/5/6 23208/5/6 23212/5/6
f 23206/5/6 23207/5/6 23212/5/6
f 23212/5/6 23208/5/6 23213/5/6
f 23213/5/6 23208/5/6 23216/5/6
f 23216/5/6 23208/5/6 23217/5/6
f 23214/1/6 23215/1/6 23220/1/6
f 23220/1/6 23215/1/6 23221/1/6
f 23218/1/6 23219/1/6 23222/1/6
f 23222/1/6 23219/1/6 23223/1/6
f 23224/1/6 23225/1/6 23226/1/6
f 23226/1/6 23225/1/6 23227/1/6
f 23228/1/6 23229/1/6 23230/1/6
f 23230/1/6 23229/1/6 23231/1/6
f 23232/1/6 23233/1/6 23234/1/6
f 23234/1/6 23233/1/6 23235/1/6
f 23236/1/6 23237/1/6 23238/1/6
f 23238/1/6 23237/1/6 23239/1/6
f 23240/1/6 23241/1/6 23250/1/6
f 23250/1/6 23241/1/6 23251/1/6
f 23242/1/6 23243/1/6 23252/1/6
f 23252/1/6 23243/1/6 23253/1/6
f 23244/1/6 23245/1/6 23254/1/6
f 23254/1/6 23245/1/6 23255/1/6
f 23246/1/6 23247/1/6 23256/1/6
f 23256/1/6 23247/1/6 23257/1/6
f 23248/1/6 23249/1/6 23258/1/6
f 23258/1/6 23249/1/6 23259/1/6
f 23262/2/6 23263/2/6 23266/2/6
f 23266/2/6 23263/2/6 23267/2/6
f 23260/6/6 23261/6/6 23270/6/6
f 23270/6/6 23261/6/6 23271/6/6
f 23264/6/6 23265/6/6 23273/6/6
f 23273/6/6 23265/6/6 23274/6/6
f 23268/2/6 23269/2/6 23277/2/6
f 23277/2/6 23269/2/6 23278/2/6
f 23270/5/6 23271/5/6 23279/5/6
f 23271/6/6 23272/6/6 23280/6/6
f 23279/5/6 23271/5/6 23280/5/6
f 23280/6/6 23272/6/6 23281/6/6
f 23275/2/6 23276/2/6 23282/2/6
f 23282/2/6 23276/2/6 23283/2/6
f 23284/1/6 23285/1/6 23286/1/6
f 23286/1/6 23285/1/6 23287/1/6
f 23288/1/6 23289/1/6 23290/1/6
f 23290/1/6 23289/1/6 23291/1/6
f 23292/1/6 23293/1/6 23294/1/6
f 23294/1/6 23293/1/6 23295/1/6
f 23296/1/6 23297/1/6 23300/1/6
f 23300/1/6 23297/1/6 23301/1/6
f 23298/1/6 23299/1/6 23302/1/6
f 23302/1/6 23299/1/6 23303/1/6
f 23304/1/6 23305/1/6 23310/1/6
f 23310/1/6 23305/1/6 23311/1/6
f 23306/1/6 23307/1/6 23312/1/6
f 23312/1/6 23307/1/6 23313/1/6
f 23308/1/6 23309/1/6 23314/1/6
f 23314/1/6 23309/1/6 23315/1/6
f 23316/1/6 23317/1/6 23320/1/6
f 23320/1/6 23317/1/6 23321/1/6
f 23318/1/6 23319/1/6 23322/1/6
f 23322/1/6 23319/1/6 23323/1/6
f 23324/1/6 23325/1/6 23326/1/6
f 23326/1/6 23325/1/6 23327/1/6
f 23328/1/6 23329/1/6 23330/1/6
f 23330/1/6 23329/1/6 23331/1/6
f 23332/1/6 23333/1/6 23334/1/6
f 23334/1/6 23333/1/6 23335/1/6
f 23336/1/6 23337/1/6 23338/1/6
f 23338/1/6 23337/1/6 23339/1/6
f 23340/1/6 23341/1/6 23342/1/6
f 23342/1/6 23341/1/6 23343/1/6
f 23344/1/6 23345/1/6 23346/1/6
f 23346/1/6 23345/1/6 23347/1/6
f 23348/1/6 23349/1/6 23358/1/6
f 23358/1/6 23349/1/6 23359/1/6
f 23350/1/6 23351/1/6 23360/1/6
f 23360/1/6 23351/1/6 23361/1/6
f 23352/1/6 23353/1/6 23362/1/6
f 23362/1/6 23353/1/6 23363/1/6
f 23354/1/6 23355/1/6 23364/1/6
f 23364/1/6 23355/1/6 23365/1/6
f 23356/1/6 23357/1/6 23366/1/6
f 23366/1/6 23357/1/6 23367/1/6
f 23368/1/6 23369/1/6 23370/1/6
f 23370/1/6 23369/1/6 23371/1/6
f 23372/1/6 23373/1/6 23374/1/6
f 23374/1/6 23373/1/6 23375/1/6
f 23376/1/6 23377/1/6 23378/1/6
f 23378/1/6 23377/1/6 23379/1/6
f 23380/1/6 23381/1/6 23382/1/6
f 23382/1/6 23381/1/6 23383/1/6
f 23384/1/6 23385/1/6 23386/1/6
f 23386/1/6 23385/1/6 23387/1/6
f 23388/1/6 23389/1/6 23391/1/6
f 23392/1/6 23393/1/6 23398/1/6
f 23398/1/6 23393/1/6 23399/1/6
f 23394/1/6 23395/1/6 23400/1/6
f 23400/1/6 23395/1/6 23401/1/6
f 23396/1/6 23397/1/6 23402/1/6
f 23402/1/6 23397/1/6 23403/1/6
f 23390/1/6 23391/1/6 23404/1/6
f 23391/1/6 23389/1/6 23405/1/6
f 23404/1/6 23391/1/6 23405/1/6
f 23406/1/6 23407/1/6 23414/1/6
f 23414/1/6 23407/1/6 23415/1/6
f 23408/1/6 23409/1/6 23416/1/6
f 23416/1/6 23409/1/6 23417/1/6
f 23410/1/6 23411/1/6 23418/1/6
f 23418/1/6 23411/1/6 23419/1/6
f 23412/1/6 23413/1/6 23420/1/6
f 23420/1/6 23413/1/6 23421/1/6
f 23422/1/6 23423/1/6 23424/1/6
f 23424/1/6 23423/1/6 23425/1/6
f 23426/1/6 23427/1/6 23428/1/6
f 23428/1/6 23427/1/6 23429/1/6
f 23430/19/6 23431/19/6 23432/19/6
f 23432/19/6 23431/19/6 23433/19/6
f 23434/1/6 23435/1/6 23436/1/6
f 23436/1/6 23435/1/6 23437/1/6
f 23438/1/6 23439/1/6 23447/1/6
f 23447/1/6 23439/1/6 23448/1/6
f 23440/1/6 23441/1/6 23449/1/6
f 23449/1/6 23441/1/6 23450/1/6
f 23442/1/6 23443/1/6 23451/1/6
f 23451/1/6 23443/1/6 23452/1/6
f 23444/1/6 23445/1/6 23453/1/6
f 23445/19/6 23446/19/6 23454/19/6
f 23453/1/6 23445/1/6 23454/1/6
f 23454/19/6 23446/19/6 23455/19/6
f 23456/1/6 23457/1/6 23458/1/6
f 23458/1/6 23457/1/6 23459/1/6
f 23460/17/6 23461/17/6 23462/17/6
f 23462/17/6 23461/17/6 23463/17/6
f 23464/1/6 23465/1/6 23466/1/6
f 23466/1/6 23465/1/6 23467/1/6
f 23468/1/6 23469/1/6 23470/1/6
f 23470/1/6 23469/1/6 23471/1/6
f 23472/1/6 23473/1/6 23480/1/6
f 23480/1/6 23473/1/6 23481/1/6
f 23474/1/6 23475/1/6 23482/1/6
f 23482/1/6 23475/1/6 23483/1/6
f 23476/1/6 23477/1/6 23484/1/6
f 23484/1/6 23477/1/6 23485/1/6
f 23478/1/6 23479/1/6 23486/1/6
f 23486/1/6 23479/1/6 23487/1/6
f 23488/1/6 23489/1/6 23490/1/6
f 23490/1/6 23489/1/6 23491/1/6
f 23492/15/6 23493/15/6 23496/15/6
f 23496/15/6 23493/15/6 23497/15/6
f 23494/19/6 23495/19/6 23498/19/6
f 23498/19/6 23495/19/6 23499/19/6
f 23500/1/6 23501/1/6 23502/1/6
f 23502/1/6 23501/1/6 23503/1/6
f 23504/1/6 23505/1/6 23506/1/6
f 23506/1/6 23505/1/6 23507/1/6
f 23508/1/6 23509/1/6 23510/1/6
f 23510/1/6 23509/1/6 23511/1/6
f 23512/1/6 23513/1/6 23514/1/6
f 23514/1/6 23513/1/6 23515/1/6
f 23516/1/6 23517/1/6 23518/1/6
f 23518/1/6 23517/1/6 23519/1/6
f 23520/1/6 23521/1/6 23522/1/6
f 23522/1/6 23521/1/6 23523/1/6
f 23524/1/6 23525/1/6 23528/1/6
f 23528/1/6 23525/1/6 23529/1/6
f 23526/1/6 23527/1/6 23530/1/6
f 23530/1/6 23527/1/6 23531/1/6
f 23532/1/6 23533/1/6 23534/1/6
f 23534/1/6 23533/1/6 23535/1/6
f 23536/1/6 23537/1/6 23538/1/6
f 23538/1/6 23537/1/6 23539/1/6
f 23540/1/6 23541/1/6 23542/1/6
f 23542/1/6 23541/1/6 23543/1/6
f 23544/1/6 23545/1/6 23546/1/6
f 23546/1/6 23545/1/6 23547/1/6
f 23548/1/6 23549/1/6 23550/1/6
f 23550/1/6 23549/1/6 23551/1/6
f 23552/1/6 23553/1/6 23556/1/6
f 23556/1/6 23553/1/6 23557/1/6
f 23554/1/6 23555/1/6 23558/1/6
f 23558/1/6 23555/1/6 23559/1/6
f 23560/1/6 23561/1/6 23564/1/6
f 23564/1/6 23561/1/6 23565/1/6
f 23562/15/6 23563/15/6 23566/15/6
f 23566/15/6 23563/15/6 23567/15/6
f 23568/1/6 23569/1/6 23570/1/6
f 23570/1/6 23569/1/6 23571/1/6
f 23572/1/6 23573/1/6 23574/1/6
f 23574/1/6 23573/1/6 23575/1/6
f 23576/1/6 23577/1/6 23578/1/6
f 23578/1/6 23577/1/6 23579/1/6
f 23580/1/6 23581/1/6 23582/1/6
f 23582/1/6 23581/1/6 23583/1/6
f 23584/1/6 23585/1/6 23586/1/6
f 23586/1/6 23585/1/6 23587/1/6
f 23588/1/6 23589/1/6 23590/1/6
f 23590/1/6 23589/1/6 23591/1/6
f 23592/1/6 23593/1/6 23598/1/6
f 23598/1/6 23593/1/6 23599/1/6
f 23594/1/6 23595/1/6 23600/1/6
f 23600/1/6 23595/1/6 23601/1/6
f 23596/1/6 23597/1/6 23602/1/6
f 23602/1/6 23597/1/6 23603/1/6
f 23604/1/6 23605/1/6 23606/1/6
f 23606/1/6 23605/1/6 23607/1/6
f 23608/1/6 23609/1/6 23610/1/6
f 23610/1/6 23609/1/6 23611/1/6
f 23612/1/6 23613/1/6 23614/1/6
f 23614/1/6 23613/1/6 23615/1/6
f 23616/1/6 23617/1/6 23622/1/6
f 23622/1/6 23617/1/6 23623/1/6
f 23618/1/6 23619/1/6 23624/1/6
f 23624/1/6 23619/1/6 23625/1/6
f 23620/1/6 23621/1/6 23626/1/6
f 23626/1/6 23621/1/6 23627/1/6
f 23630/1/6 23631/1/6 23632/1/6
f 23632/1/6 23631/1/6 23633/1/6
f 23628/1/6 23629/1/6 23634/1/6
f 23634/1/6 23629/1/6 23635/1/6
f 23636/1/6 23637/1/6 23638/1/6
f 23638/1/6 23637/1/6 23639/1/6
f 23640/1/6 23641/1/6 23642/1/6
f 23642/1/6 23641/1/6 23643/1/6
f 23644/1/6 23645/1/6 23648/1/6
f 23648/1/6 23645/1/6 23649/1/6
f 23646/1/6 23647/1/6 23650/1/6
f 23650/1/6 23647/1/6 23651/1/6
f 23652/1/6 23653/1/6 23660/1/6
f 23660/1/6 23653/1/6 23661/1/6
f 23654/1/6 23655/1/6 23662/1/6
f 23662/1/6 23655/1/6 23663/1/6
f 23656/1/6 23657/1/6 23664/1/6
f 23664/1/6 23657/1/6 23665/1/6
f 23658/1/6 23659/1/6 23666/1/6
f 23666/1/6 23659/1/6 23667/1/6
f 23668/1/6 23669/1/6 23670/1/6
f 23670/1/6 23669/1/6 23671/1/6
f 23672/1/6 23673/1/6 23674/1/6
f 23674/1/6 23673/1/6 23675/1/6
f 23676/1/6 23677/1/6 23678/1/6
f 23678/1/6 23677/1/6 23679/1/6
f 23680/1/6 23681/1/6 23688/1/6
f 23688/1/6 23681/1/6 23689/1/6
f 23682/1/6 23683/1/6 23690/1/6
f 23690/1/6 23683/1/6 23691/1/6
f 23684/1/6 23685/1/6 23692/1/6
f 23692/1/6 23685/1/6 23693/1/6
f 23686/1/6 23687/1/6 23694/1/6
f 23694/1/6 23687/1/6 23695/1/6
f 23696/17/6 23697/17/6 23698/17/6
f 23698/17/6 23697/17/6 23699/17/6
f 23700/17/6 23701/17/6 23702/17/6
f 23702/17/6 23701/17/6 23703/17/6
f 23704/17/6 23705/17/6 23708/17/6
f 23708/17/6 23705/17/6 23709/17/6
f 23706/17/6 23707/17/6 23710/17/6
f 23710/17/6 23707/17/6 23711/17/6
f 23712/17/6 23713/17/6 23714/17/6
f 23714/17/6 23713/17/6 23715/17/6
f 23718/17/6 23719/17/6 23720/17/6
f 23720/17/6 23719/17/6 23721/17/6
f 23716/16/6 23717/16/6 23722/16/6
f 23722/16/6 23717/16/6 23723/16/6
f 23723/16/6 23717/16/6 23724/16/6
f 23724/16/6 23717/16/6 23725/16/6
f 23716/16/6 23722/16/6 23726/16/6
f 23726/16/6 23722/16/6 23727/16/6
f 23723/16/6 23724/16/6 23728/16/6
f 23728/16/6 23724/16/6 23729/16/6
f 23725/16/6 23717/16/6 23730/16/6
f 23730/16/6 23717/16/6 23731/16/6
f 23716/16/6 23726/16/6 23732/16/6
f 23732/16/6 23726/16/6 23735/16/6
f 23731/16/6 23717/16/6 23736/16/6
f 23732/16/6 23735/16/6 23737/16/6
f 23735/16/6 23736/16/6 23737/16/6
f 23737/16/6 23736/16/6 23738/16/6
f 23737/19/6 23738/19/6 23739/19/6
f 23738/16/6 23736/16/6 23740/16/6
f 23739/19/6 23738/19/6 23740/19/6
f 23736/16/6 23717/16/6 23741/16/6
f 23740/16/6 23736/16/6 23741/16/6
f 23733/17/6 23734/17/6 23742/17/6
f 23733/17/6 23742/17/6 23744/17/6
f 23742/17/6 23743/17/6 23744/17/6
f 23744/17/6 23743/17/6 23745/17/6
f 23746/17/6 23747/17/6 23748/17/6
f 23748/17/6 23747/17/6 23749/17/6
f 23750/17/6 23751/17/6 23752/17/6
f 23752/17/6 23751/17/6 23753/17/6
f 23750/17/6 23752/17/6 23754/17/6
f 23754/17/6 23752/17/6 23755/17/6
f 23755/17/6 23752/17/6 23756/17/6
f 23755/19/6 23756/19/6 23758/19/6
f 23758/19/6 23756/19/6 23759/19/6
f 23757/17/6 23758/17/6 23759/17/6
f 23759/19/6 23756/19/6 23760/19/6
f 23753/17/6 23751/17/6 23761/17/6
f 23759/17/6 23760/17/6 23762/17/6
f 23760/17/6 23761/17/6 23762/17/6
f 23757/17/6 23759/17/6 23762/17/6
f 23761/17/6 23751/17/6 23763/17/6
f 23762/17/6 23761/17/6 23763/17/6
f 23764/9/6 23765/9/6 23768/9/6
f 23768/9/6 23765/9/6 23769/9/6
f 23766/9/6 23767/9/6 23770/9/6
f 23770/9/6 23767/9/6 23771/9/6
f 23772/17/6 23773/17/6 23774/17/6
f 23774/17/6 23773/17/6 23775/17/6
f 23776/17/6 23777/17/6 23778/17/6
f 23778/17/6 23777/17/6 23779/17/6
f 23776/17/6 23778/17/6 23780/17/6
f 23779/17/6 23777/17/6 23781/17/6
f 23776/17/6 23780/17/6 23782/17/6
f 23780/17/6 23781/17/6 23782/17/6
f 23781/17/6 23777/17/6 23783/17/6
f 23782/17/6 23781/17/6 23783/17/6
f 23784/17/6 23785/17/6 23786/17/6
f 23786/17/6 23785/17/6 23787/17/6
