# MagicaVoxel @ Ephtracy

# group
o 

# material
mtllib Station.mtl
usemtl palette

# normals
vn -1 0 0
vn 1 0 0
vn 0 0 1
vn 0 0 -1
vn 0 -1 0
vn 0 1 0

# texcoords
vt 0.0449219 0.5
vt 0.0488281 0.5
vt 0.0917969 0.5
vt 0.0957031 0.5
vt 0.255859 0.5
vt 0.283203 0.5
vt 0.287109 0.5
vt 0.341797 0.5
vt 0.373047 0.5
vt 0.376953 0.5
vt 0.380859 0.5
vt 0.404297 0.5
vt 0.435547 0.5
vt 0.466797 0.5
vt 0.498047 0.5
vt 0.501953 0.5
vt 0.505859 0.5
vt 0.533203 0.5
vt 0.564453 0.5
vt 0.595703 0.5
vt 0.599609 0.5
vt 0.685547 0.5
vt 0.779297 0.5
vt 0.814453 0.5
vt 0.818359 0.5
vt 0.845703 0.5
vt 0.849609 0.5
vt 0.966797 0.5
vt 0.970703 0.5
vt 0.994141 0.5

# verts
v -12.8 0 12.8
v -12.8 0 -12.8
v -12.8 0.1 12.8
v -12.8 0.1 -12.8
v -12.6 0.2 -1
v -12.6 0.2 -2.4
v -12.6 0.3 -1
v -12.6 0.3 -2.4
v -12.5 0.1 4.5
v -12.5 0.1 -8.1
v -12.5 0.2 -1
v -12.5 0.2 -2.4
v -12.5 0.3 4.5
v -12.5 0.3 -1
v -12.5 0.3 -1.1
v -12.5 0.3 -2.4
v -12.5 0.3 -8.1
v -12.5 1.4 -1.1
v -12.5 1.4 -2.4
v -12.4 1.4 -1.2
v -12.4 1.4 -2.3
v -12.4 1.5 -1.2
v -12.4 1.5 -2.3
v -11.9 0.2 3.7
v -11.9 0.2 1.2
v -11.9 0.2 -4.8
v -11.9 0.2 -7.3
v -11.9 0.3 3.7
v -11.9 0.3 1.2
v -11.9 0.3 -4.8
v -11.9 0.3 -7.3
v -11.8 0.3 3.6
v -11.8 0.3 1.3
v -11.8 0.3 -4.9
v -11.8 0.3 -7.2
v -11.8 0.4 2.3
v -11.8 0.4 1.9
v -11.8 0.4 -6.2
v -11.8 0.4 -6.6
v -11.8 0.5 3.1
v -11.8 0.5 2.8
v -11.8 0.5 -5.4
v -11.8 0.5 -5.7
v -11.8 0.6 3.1
v -11.8 0.6 2.8
v -11.8 0.6 2.3
v -11.8 0.6 1.9
v -11.8 0.6 -5.4
v -11.8 0.6 -5.7
v -11.8 0.6 -6.2
v -11.8 0.6 -6.6
v -11.8 0.7 3.3
v -11.8 0.7 3.2
v -11.8 0.7 2.6
v -11.8 0.7 2.4
v -11.8 0.7 1.7
v -11.8 0.7 1.6
v -11.8 0.7 -5.2
v -11.8 0.7 -5.3
v -11.8 0.7 -5.9
v -11.8 0.7 -6.1
v -11.8 0.7 -6.8
v -11.8 0.7 -6.9
v -11.8 0.8 3.3
v -11.8 0.8 3.2
v -11.8 0.8 2.6
v -11.8 0.8 2.4
v -11.8 0.8 2.1
v -11.8 0.8 1.9
v -11.8 0.8 -5.2
v -11.8 0.8 -5.3
v -11.8 0.8 -5.9
v -11.8 0.8 -6.1
v -11.8 0.8 -6.4
v -11.8 0.8 -6.6
v -11.8 0.9 3.2
v -11.8 0.9 3.1
v -11.8 0.9 2.7
v -11.8 0.9 2.4
v -11.8 0.9 1.7
v -11.8 0.9 1.6
v -11.8 0.9 -5.3
v -11.8 0.9 -5.4
v -11.8 0.9 -5.8
v -11.8 0.9 -6.1
v -11.8 0.9 -6.8
v -11.8 0.9 -6.9
v -11.8 1 2.1
v -11.8 1 1.9
v -11.8 1 1.8
v -11.8 1 1.6
v -11.8 1 -6.4
v -11.8 1 -6.6
v -11.8 1 -6.7
v -11.8 1 -6.9
v -11.8 1.1 3.4
v -11.8 1.1 3.2
v -11.8 1.1 3.1
v -11.8 1.1 3
v -11.8 1.1 2.8
v -11.8 1.1 1.6
v -11.8 1.1 1.5
v -11.8 1.1 -5.1
v -11.8 1.1 -5.3
v -11.8 1.1 -5.4
v -11.8 1.1 -5.5
v -11.8 1.1 -5.7
v -11.8 1.1 -6.9
v -11.8 1.1 -7
v -11.8 1.2 3.5
v -11.8 1.2 3.4
v -11.8 1.2 3.3
v -11.8 1.2 3.2
v -11.8 1.2 3
v -11.8 1.2 2.8
v -11.8 1.2 2.7
v -11.8 1.2 2.4
v -11.8 1.2 1.8
v -11.8 1.2 1.6
v -11.8 1.2 -5
v -11.8 1.2 -5.1
v -11.8 1.2 -5.2
v -11.8 1.2 -5.3
v -11.8 1.2 -5.5
v -11.8 1.2 -5.7
v -11.8 1.2 -5.8
v -11.8 1.2 -6.1
v -11.8 1.2 -6.7
v -11.8 1.2 -6.9
v -11.8 1.3 1.6
v -11.8 1.3 1.5
v -11.8 1.3 -6.9
v -11.8 1.3 -7
v -11.8 1.4 3.2
v -11.8 1.4 1.9
v -11.8 1.4 -5.3
v -11.8 1.4 -6.6
v -11.8 1.5 3.5
v -11.8 1.5 3.3
v -11.8 1.5 3.1
v -11.8 1.5 2
v -11.8 1.5 -5
v -11.8 1.5 -5.2
v -11.8 1.5 -5.4
v -11.8 1.5 -6.5
v -11.8 1.6 3.6
v -11.8 1.6 3.5
v -11.8 1.6 3
v -11.8 1.6 2.6
v -11.8 1.6 2.5
v -11.8 1.6 2.1
v -11.8 1.6 1.6
v -11.8 1.6 1.5
v -11.8 1.6 -4.9
v -11.8 1.6 -5
v -11.8 1.6 -5.5
v -11.8 1.6 -5.9
v -11.8 1.6 -6
v -11.8 1.6 -6.4
v -11.8 1.6 -6.9
v -11.8 1.6 -7
v -11.8 1.7 2.9
v -11.8 1.7 2.7
v -11.8 1.7 2.4
v -11.8 1.7 2.2
v -11.8 1.7 -5.6
v -11.8 1.7 -5.8
v -11.8 1.7 -6.1
v -11.8 1.7 -6.3
v -11.8 1.8 3.6
v -11.8 1.8 3.5
v -11.8 1.8 -4.9
v -11.8 1.8 -5
v -11.8 2 1.6
v -11.8 2 1.5
v -11.8 2 -6.9
v -11.8 2 -7
v -11.8 2.1 3.6
v -11.8 2.1 3.5
v -11.8 2.1 2.9
v -11.8 2.1 2.7
v -11.8 2.1 2.4
v -11.8 2.1 2.2
v -11.8 2.1 1.5
v -11.8 2.1 1.4
v -11.8 2.1 -4.9
v -11.8 2.1 -5
v -11.8 2.1 -5.6
v -11.8 2.1 -5.8
v -11.8 2.1 -6.1
v -11.8 2.1 -6.3
v -11.8 2.1 -7
v -11.8 2.1 -7.1
v -11.8 2.2 3
v -11.8 2.2 2.7
v -11.8 2.2 2.5
v -11.8 2.2 2.2
v -11.8 2.2 1.6
v -11.8 2.2 1.5
v -11.8 2.2 -5.5
v -11.8 2.2 -5.8
v -11.8 2.2 -6
v -11.8 2.2 -6.3
v -11.8 2.2 -6.9
v -11.8 2.2 -7
v -11.8 2.3 3.6
v -11.8 2.3 3.5
v -11.8 2.3 -4.9
v -11.8 2.3 -5
v -11.8 2.4 3.6
v -11.8 2.4 3.4
v -11.8 2.4 1.6
v -11.8 2.4 1.4
v -11.8 2.4 -4.9
v -11.8 2.4 -5.1
v -11.8 2.4 -6.9
v -11.8 2.4 -7.1
v -11.8 2.5 3
v -11.8 2.5 2.7
v -11.8 2.5 2.5
v -11.8 2.5 2.2
v -11.8 2.5 1.7
v -11.8 2.5 1.6
v -11.8 2.5 -5.5
v -11.8 2.5 -5.8
v -11.8 2.5 -6
v -11.8 2.5 -6.3
v -11.8 2.5 -6.8
v -11.8 2.5 -6.9
v -11.8 2.6 3
v -11.8 2.6 2.6
v -11.8 2.6 2.5
v -11.8 2.6 2.1
v -11.8 2.6 1.7
v -11.8 2.6 1.6
v -11.8 2.6 -5.5
v -11.8 2.6 -5.9
v -11.8 2.6 -6
v -11.8 2.6 -6.4
v -11.8 2.6 -6.8
v -11.8 2.6 -6.9
v -11.8 2.7 3.6
v -11.8 2.7 3.5
v -11.8 2.7 3.1
v -11.8 2.7 2
v -11.8 2.7 -4.9
v -11.8 2.7 -5
v -11.8 2.7 -5.4
v -11.8 2.7 -6.5
v -11.8 2.8 3.2
v -11.8 2.8 1.9
v -11.8 2.8 -5.3
v -11.8 2.8 -6.6
v -11.8 2.9 3.5
v -11.8 2.9 3.4
v -11.8 2.9 1.7
v -11.8 2.9 1.5
v -11.8 2.9 -5
v -11.8 2.9 -5.1
v -11.8 2.9 -6.8
v -11.8 2.9 -7
v -11.8 3 3.3
v -11.8 3 3.1
v -11.8 3 2.7
v -11.8 3 2.2
v -11.8 3 -5.2
v -11.8 3 -5.4
v -11.8 3 -5.8
v -11.8 3 -6.3
v -11.8 3.1 3.6
v -11.8 3.1 3.5
v -11.8 3.1 2.7
v -11.8 3.1 2.2
v -11.8 3.1 2.1
v -11.8 3.1 1.9
v -11.8 3.1 1.7
v -11.8 3.1 1.5
v -11.8 3.1 -4.9
v -11.8 3.1 -5
v -11.8 3.1 -5.8
v -11.8 3.1 -6.3
v -11.8 3.1 -6.4
v -11.8 3.1 -6.6
v -11.8 3.1 -6.8
v -11.8 3.1 -7
v -11.8 3.2 3.3
v -11.8 3.2 3.1
v -11.8 3.2 -5.2
v -11.8 3.2 -5.4
v -11.8 3.3 4.5
v -11.8 3.3 3.6
v -11.8 3.3 3.5
v -11.8 3.3 3
v -11.8 3.3 2.1
v -11.8 3.3 1.9
v -11.8 3.3 1.5
v -11.8 3.3 -4
v -11.8 3.3 -4.9
v -11.8 3.3 -5
v -11.8 3.3 -5.5
v -11.8 3.3 -6.4
v -11.8 3.3 -6.6
v -11.8 3.3 -7
v -11.8 3.4 4.5
v -11.8 3.4 3.6
v -11.8 3.4 3.5
v -11.8 3.4 3.1
v -11.8 3.4 3
v -11.8 3.4 1.7
v -11.8 3.4 1.6
v -11.8 3.4 1.5
v -11.8 3.4 -4
v -11.8 3.4 -4.9
v -11.8 3.4 -5
v -11.8 3.4 -5.4
v -11.8 3.4 -5.5
v -11.8 3.4 -6.8
v -11.8 3.4 -6.9
v -11.8 3.4 -7
v -11.8 3.5 3.5
v -11.8 3.5 3.3
v -11.8 3.5 3.1
v -11.8 3.5 2.9
v -11.8 3.5 2.1
v -11.8 3.5 2
v -11.8 3.5 1.7
v -11.8 3.5 1.6
v -11.8 3.5 1.5
v -11.8 3.5 1.3
v -11.8 3.5 -5
v -11.8 3.5 -5.2
v -11.8 3.5 -5.4
v -11.8 3.5 -5.6
v -11.8 3.5 -6.4
v -11.8 3.5 -6.5
v -11.8 3.5 -6.8
v -11.8 3.5 -6.9
v -11.8 3.5 -7
v -11.8 3.5 -7.2
v -11.8 3.6 3.5
v -11.8 3.6 3.4
v -11.8 3.6 2.1
v -11.8 3.6 2
v -11.8 3.6 1.5
v -11.8 3.6 1.3
v -11.8 3.6 -5
v -11.8 3.6 -5.1
v -11.8 3.6 -6.4
v -11.8 3.6 -6.5
v -11.8 3.6 -7
v -11.8 3.6 -7.2
v -11.8 3.7 3.3
v -11.8 3.7 2.9
v -11.8 3.7 -5.2
v -11.8 3.7 -5.6
v -11.8 3.8 3.4
v -11.8 3.8 1.6
v -11.8 3.8 -5.1
v -11.8 3.8 -6.9
v -11.8 3.9 1.5
v -11.8 3.9 1.3
v -11.8 3.9 -7
v -11.8 3.9 -7.2
v -11.8 4 3.6
v -11.8 4 3.5
v -11.8 4 3.4
v -11.8 4 1.5
v -11.8 4 1.3
v -11.8 4 -4.9
v -11.8 4 -5
v -11.8 4 -5.1
v -11.8 4 -7
v -11.8 4 -7.2
v -11.8 4.2 3.6
v -11.8 4.2 3.5
v -11.8 4.2 -4.9
v -11.8 4.2 -5
v -11.8 4.3 3.6
v -11.8 4.3 3.5
v -11.8 4.3 1.5
v -11.8 4.3 1.4
v -11.8 4.3 -4.9
v -11.8 4.3 -5
v -11.8 4.3 -7
v -11.8 4.3 -7.1
v -11.8 4.4 3.6
v -11.8 4.4 3.5
v -11.8 4.4 1.5
v -11.8 4.4 1.4
v -11.8 4.4 -4.9
v -11.8 4.4 -5
v -11.8 4.4 -7
v -11.8 4.4 -7.1
v -11.8 4.5 1.6
v -11.8 4.5 1.4
v -11.8 4.5 -6.9
v -11.8 4.5 -7.1
v -11.8 4.6 3.4
v -11.8 4.6 3.1
v -11.8 4.6 3
v -11.8 4.6 1.6
v -11.8 4.6 -5.1
v -11.8 4.6 -5.4
v -11.8 4.6 -5.5
v -11.8 4.6 -6.9
v -11.8 4.7 3.6
v -11.8 4.7 3.5
v -11.8 4.7 3
v -11.8 4.7 2.9
v -11.8 4.7 2.6
v -11.8 4.7 2.4
v -11.8 4.7 2.3
v -11.8 4.7 2.1
v -11.8 4.7 2
v -11.8 4.7 1.6
v -11.8 4.7 1.4
v -11.8 4.7 -4.9
v -11.8 4.7 -5
v -11.8 4.7 -5.5
v -11.8 4.7 -5.6
v -11.8 4.7 -5.9
v -11.8 4.7 -6.1
v -11.8 4.7 -6.2
v -11.8 4.7 -6.4
v -11.8 4.7 -6.5
v -11.8 4.7 -6.9
v -11.8 4.7 -7.1
v -11.8 4.8 3.6
v -11.8 4.8 3.5
v -11.8 4.8 3.1
v -11.8 4.8 2.9
v -11.8 4.8 2.8
v -11.8 4.8 2.6
v -11.8 4.8 2.4
v -11.8 4.8 2
v -11.8 4.8 1.6
v -11.8 4.8 -4.9
v -11.8 4.8 -5
v -11.8 4.8 -5.4
v -11.8 4.8 -5.6
v -11.8 4.8 -5.7
v -11.8 4.8 -5.9
v -11.8 4.8 -6.1
v -11.8 4.8 -6.5
v -11.8 4.8 -6.9
v -11.8 4.9 3.6
v -11.8 4.9 2.8
v -11.8 4.9 2.6
v -11.8 4.9 2.3
v -11.8 4.9 2.1
v -11.8 4.9 1.3
v -11.8 4.9 -4.9
v -11.8 4.9 -5.7
v -11.8 4.9 -5.9
v -11.8 4.9 -6.2
v -11.8 4.9 -6.4
v -11.8 4.9 -7.2
v -11.7 3.8 3.4
v -11.7 3.8 1.6
v -11.7 3.8 -5.1
v -11.7 3.8 -6.9
v -11.7 3.9 1.9
v -11.7 3.9 1.7
v -11.7 3.9 -6.6
v -11.7 3.9 -6.8
v -11.7 4 3.4
v -11.7 4 3
v -11.7 4 2.5
v -11.7 4 2.3
v -11.7 4 2.2
v -11.7 4 -5.1
v -11.7 4 -5.5
v -11.7 4 -6
v -11.7 4 -6.2
v -11.7 4 -6.3
v -11.7 4.2 3.4
v -11.7 4.2 3.2
v -11.7 4.2 -5.1
v -11.7 4.2 -5.3
v -11.7 4.4 3.4
v -11.7 4.4 3.2
v -11.7 4.4 -5.1
v -11.7 4.4 -5.3
v -11.7 4.5 3
v -11.7 4.5 2.5
v -11.7 4.5 2.3
v -11.7 4.5 2.2
v -11.7 4.5 1.9
v -11.7 4.5 1.7
v -11.7 4.5 1.6
v -11.7 4.5 -5.5
v -11.7 4.5 -6
v -11.7 4.5 -6.2
v -11.7 4.5 -6.3
v -11.7 4.5 -6.6
v -11.7 4.5 -6.8
v -11.7 4.5 -6.9
v -11.7 4.6 3.4
v -11.7 4.6 3.1
v -11.7 4.6 3
v -11.7 4.6 1.6
v -11.7 4.6 -5.1
v -11.7 4.6 -5.4
v -11.7 4.6 -5.5
v -11.7 4.6 -6.9
v -11.7 4.9 3.5
v -11.7 4.9 3.4
v -11.7 4.9 3.3
v -11.7 4.9 2.9
v -11.7 4.9 2.8
v -11.7 4.9 2.6
v -11.7 4.9 2.4
v -11.7 4.9 2.3
v -11.7 4.9 2.2
v -11.7 4.9 2.1
v -11.7 4.9 2
v -11.7 4.9 1.8
v -11.7 4.9 1.6
v -11.7 4.9 1.5
v -11.7 4.9 1.4
v -11.7 4.9 -5
v -11.7 4.9 -5.1
v -11.7 4.9 -5.2
v -11.7 4.9 -5.6
v -11.7 4.9 -5.7
v -11.7 4.9 -5.9
v -11.7 4.9 -6.1
v -11.7 4.9 -6.2
v -11.7 4.9 -6.3
v -11.7 4.9 -6.4
v -11.7 4.9 -6.5
v -11.7 4.9 -6.7
v -11.7 4.9 -6.9
v -11.7 4.9 -7
v -11.7 4.9 -7.1
v -11.7 5 3.5
v -11.7 5 3.4
v -11.7 5 3.3
v -11.7 5 2.9
v -11.7 5 2.4
v -11.7 5 2.2
v -11.7 5 2.1
v -11.7 5 2
v -11.7 5 1.8
v -11.7 5 1.6
v -11.7 5 1.5
v -11.7 5 1.4
v -11.7 5 -5
v -11.7 5 -5.1
v -11.7 5 -5.2
v -11.7 5 -5.6
v -11.7 5 -6.1
v -11.7 5 -6.3
v -11.7 5 -6.4
v -11.7 5 -6.5
v -11.7 5 -6.7
v -11.7 5 -6.9
v -11.7 5 -7
v -11.7 5 -7.1
v -11.6 0.5 3.8
v -11.6 0.5 3.6
v -11.6 0.5 -4.7
v -11.6 0.5 -4.9
v -11.6 0.8 3.8
v -11.6 0.8 3.7
v -11.6 0.8 -4.7
v -11.6 0.8 -4.8
v -11.6 3.3 3.7
v -11.6 3.3 3.6
v -11.6 3.3 -4.8
v -11.6 3.3 -4.9
v -11.6 3.9 1.9
v -11.6 3.9 1.7
v -11.6 3.9 -6.6
v -11.6 3.9 -6.8
v -11.6 4 3
v -11.6 4 2.5
v -11.6 4 2.3
v -11.6 4 2.2
v -11.6 4 -5.5
v -11.6 4 -6
v -11.6 4 -6.2
v -11.6 4 -6.3
v -11.6 4.2 3.4
v -11.6 4.2 3.2
v -11.6 4.2 -5.1
v -11.6 4.2 -5.3
v -11.6 4.4 3.4
v -11.6 4.4 3.2
v -11.6 4.4 -5.1
v -11.6 4.4 -5.3
v -11.6 4.5 3
v -11.6 4.5 2.5
v -11.6 4.5 2.3
v -11.6 4.5 2.2
v -11.6 4.5 1.9
v -11.6 4.5 1.7
v -11.6 4.5 -5.5
v -11.6 4.5 -6
v -11.6 4.5 -6.2
v -11.6 4.5 -6.3
v -11.6 4.5 -6.6
v -11.6 4.5 -6.8
v -11.3 5 2.9
v -11.3 5 2
v -11.3 5 -5.6
v -11.3 5 -6.5
v -11.3 5.1 2.7
v -11.3 5.1 2.2
v -11.3 5.1 -5.8
v -11.3 5.1 -6.3
v -11.3 5.9 2.7
v -11.3 5.9 2.2
v -11.3 5.9 -5.8
v -11.3 5.9 -6.3
v -11.3 6 2.9
v -11.3 6 2
v -11.3 6 -5.6
v -11.3 6 -6.5
v -11.2 5.1 2.7
v -11.2 5.1 2.2
v -11.2 5.1 -5.8
v -11.2 5.1 -6.3
v -11.2 5.3 2.6
v -11.2 5.3 2.4
v -11.2 5.3 2.3
v -11.2 5.3 -5.9
v -11.2 5.3 -6.1
v -11.2 5.3 -6.2
v -11.2 5.7 2.6
v -11.2 5.7 2.4
v -11.2 5.7 2.3
v -11.2 5.7 -5.9
v -11.2 5.7 -6.1
v -11.2 5.7 -6.2
v -11.2 5.9 2.7
v -11.2 5.9 2.2
v -11.2 5.9 -5.8
v -11.2 5.9 -6.3
v -11.1 3.2 3.6
v -11.1 3.2 3.5
v -11.1 3.2 -4.9
v -11.1 3.2 -5
v -11.1 3.3 4
v -11.1 3.3 3.8
v -11.1 3.3 -4.5
v -11.1 3.3 -4.7
v -11.1 3.5 4
v -11.1 3.5 3.9
v -11.1 3.5 -4.5
v -11.1 3.5 -4.6
v -11.1 4 4
v -11.1 4 3.9
v -11.1 4 3.8
v -11.1 4 3.6
v -11.1 4 -4.5
v -11.1 4 -4.6
v -11.1 4 -4.7
v -11.1 4 -4.9
v -11.1 4.2 4
v -11.1 4.2 3.9
v -11.1 4.2 -4.5
v -11.1 4.2 -4.6
v -11.1 4.3 3.9
v -11.1 4.3 3.6
v -11.1 4.3 -4.6
v -11.1 4.3 -4.9
v -11.1 4.4 3.6
v -11.1 4.4 3.5
v -11.1 4.4 -4.9
v -11.1 4.4 -5
v -11 1.5 3.7
v -11 1.5 3.6
v -11 1.5 -4.8
v -11 1.5 -4.9
v -11 2.4 3.7
v -11 2.4 3.6
v -11 2.4 -4.8
v -11 2.4 -4.9
v -11 3.3 4.4
v -11 3.3 4.1
v -11 3.3 4
v -11 3.3 -4.1
v -11 3.3 -4.4
v -11 3.3 -4.5
v -11 3.4 4.4
v -11 3.4 4.1
v -11 3.4 4
v -11 3.4 -4.1
v -11 3.4 -4.4
v -11 3.4 -4.5
v -10.9 5.1 2.7
v -10.9 5.1 2.2
v -10.9 5.3 2.6
v -10.9 5.3 2.3
v -10.9 5.7 2.6
v -10.9 5.7 2.3
v -10.9 5.9 2.7
v -10.9 5.9 2.2
v -10.8 3.1 3.6
v -10.8 3.1 3.5
v -10.8 3.1 -4.9
v -10.8 3.1 -5
v -10.8 3.7 3.6
v -10.8 3.7 3.5
v -10.8 3.7 -4.9
v -10.8 3.7 -5
v -10.8 3.9 3.6
v -10.8 3.9 3.5
v -10.8 3.9 -4.9
v -10.8 3.9 -5
v -10.8 4.5 3.6
v -10.8 4.5 3.5
v -10.8 4.5 -4.9
v -10.8 4.5 -5
v -10.8 5 2.8
v -10.8 5 2.1
v -10.8 5.1 2.7
v -10.8 5.1 2.2
v -10.8 5.9 2.8
v -10.8 5.9 2.7
v -10.8 5.9 2.2
v -10.8 5.9 2.1
v -10.1 4.4 3.6
v -10.1 4.4 3.5
v -10.1 4.4 -4.9
v -10.1 4.4 -5
v -10.1 4.6 3.5
v -10.1 4.6 -5
v -10.1 4.7 3.6
v -10.1 4.7 3.5
v -10.1 4.7 -4.9
v -10.1 4.7 -5
v -10 0.2 3.5
v -10 0.2 1.3
v -10 0.3 3.5
v -10 0.3 1.3
v -3.8 0.1 11.5
v -3.8 0.1 -12.1
v -3.8 0.2 1.7
v -3.8 0.2 -1.6
v -3.8 0.3 1.7
v -3.8 0.3 -1.6
v -3.8 0.4 11.5
v -3.8 0.4 1.7
v -3.8 0.4 -1.6
v -3.8 0.4 -12.1
v -3.4 0.3 1.7
v -3.4 0.3 -1.6
v -3.4 0.5 1.7
v -3.4 0.5 -1.6
v -3.2 0.5 1.7
v -3.2 0.5 -1.6
v -3.2 0.7 1.7
v -3.2 0.7 -1.6
v -3 0.7 1.7
v -3 0.7 -1.6
v -3 0.9 1.7
v -3 0.9 -1.6
v -2.8 0.9 1.7
v -2.8 0.9 -1.6
v -2.8 1.1 1.7
v -2.8 1.1 -1.6
v -2.7 0.3 -4.4
v -2.7 0.3 -4.5
v -2.7 0.9 -4.3
v -2.7 0.9 -4.4
v -2.7 0.9 -4.5
v -2.7 0.9 -7.2
v -2.7 1 -4.3
v -2.7 1 -7.2
v -2.6 0.3 -7.1
v -2.6 0.3 -7.2
v -2.6 0.9 -7.1
v -2.6 0.9 -7.2
v -2.6 1.1 1.7
v -2.6 1.1 -1.6
v -2.6 1.3 1.7
v -2.6 1.3 -1.6
v -2.4 1.3 1.7
v -2.4 1.3 -1.6
v -2.4 1.5 1.7
v -2.4 1.5 -1.6
v -2.2 1.5 1.7
v -2.2 1.5 -1.6
v -2.2 1.7 1.7
v -2.2 1.7 -1.6
v -2.1 0.3 -4.4
v -2.1 0.3 -4.5
v -2.1 0.3 -7.1
v -2.1 0.3 -7.2
v -2.1 0.7 -7.1
v -2.1 0.7 -7.2
v -2.1 0.8 -4.4
v -2.1 0.8 -4.5
v -2 1.7 1.7
v -2 1.7 -1.6
v -2 1.9 1.7
v -2 1.9 -1.6
v -1.8 1.9 1.7
v -1.8 1.9 -1.6
v -1.8 2.1 1.7
v -1.8 2.1 -1.6
v -1.8 7.4 7.7
v -1.8 7.4 7.6
v -1.8 7.4 7.4
v -1.8 7.4 7.3
v -1.8 7.4 7.1
v -1.8 7.4 7
v -1.8 7.4 6.8
v -1.8 7.4 6.7
v -1.8 7.4 6.5
v -1.8 7.4 6.4
v -1.8 7.4 6.2
v -1.8 7.4 6.1
v -1.8 7.4 5.9
v -1.8 7.4 5.8
v -1.8 7.4 5.6
v -1.8 7.4 5.5
v -1.8 7.4 5.3
v -1.8 7.4 5.2
v -1.8 7.4 5
v -1.8 7.4 4.9
v -1.8 7.4 4.7
v -1.8 7.4 4.6
v -1.8 7.4 4.4
v -1.8 7.4 4.3
v -1.8 7.4 4.1
v -1.8 7.4 4
v -1.8 7.4 3.8
v -1.8 7.4 3.7
v -1.8 7.4 3.5
v -1.8 7.4 3.4
v -1.8 7.4 3.2
v -1.8 7.4 3.1
v -1.8 7.4 2.9
v -1.8 7.4 2.8
v -1.8 7.4 2.6
v -1.8 7.4 2.5
v -1.8 7.4 2.3
v -1.8 7.4 2.2
v -1.8 7.4 2
v -1.8 7.4 1.9
v -1.8 7.4 1.7
v -1.8 7.4 1.6
v -1.8 7.4 1.4
v -1.8 7.4 1.3
v -1.8 7.4 1.1
v -1.8 7.4 1
v -1.8 7.4 0.8
v -1.8 7.4 0.700001
v -1.8 7.4 0.5
v -1.8 7.4 0.400001
v -1.8 7.4 0.200001
v -1.8 7.4 0.1
v -1.8 7.4 -0.0999994
v -1.8 7.4 -0.2
v -1.8 7.4 -0.4
v -1.8 7.4 -0.5
v -1.8 7.4 -0.7
v -1.8 7.4 -0.799999
v -1.8 7.4 -1
v -1.8 7.4 -1.1
v -1.8 7.4 -1.3
v -1.8 7.4 -1.4
v -1.8 7.4 -1.6
v -1.8 7.4 -1.7
v -1.8 7.4 -1.9
v -1.8 7.4 -2
v -1.8 7.4 -2.2
v -1.8 7.4 -2.3
v -1.8 7.4 -2.5
v -1.8 7.4 -2.6
v -1.8 7.4 -2.8
v -1.8 7.4 -2.9
v -1.8 7.4 -3.1
v -1.8 7.4 -3.2
v -1.8 7.4 -3.4
v -1.8 7.4 -3.5
v -1.8 7.4 -3.7
v -1.8 7.4 -3.8
v -1.8 7.4 -4
v -1.8 7.4 -4.1
v -1.8 7.4 -4.3
v -1.8 7.4 -4.4
v -1.8 7.4 -4.6
v -1.8 7.4 -4.7
v -1.8 7.4 -4.9
v -1.8 7.4 -5
v -1.8 7.4 -5.2
v -1.8 7.4 -5.3
v -1.8 7.4 -5.5
v -1.8 7.4 -5.6
v -1.8 7.4 -5.8
v -1.8 7.4 -5.9
v -1.8 7.4 -6.1
v -1.8 7.4 -6.2
v -1.8 7.4 -6.4
v -1.8 7.4 -6.5
v -1.8 7.4 -6.7
v -1.8 7.4 -6.8
v -1.8 7.4 -7
v -1.8 7.4 -7.1
v -1.8 7.4 -7.3
v -1.8 7.4 -7.4
v -1.8 7.4 -7.6
v -1.8 7.4 -7.7
v -1.8 7.4 -7.9
v -1.8 7.4 -8
v -1.8 7.4 -8.2
v -1.8 7.4 -8.3
v -1.8 7.5 8
v -1.8 7.5 7.9
v -1.8 8.9 8
v -1.8 8.9 7.9
v -1.8 8.9 7.7
v -1.8 8.9 7.6
v -1.8 8.9 7.4
v -1.8 8.9 7.3
v -1.8 8.9 7.1
v -1.8 8.9 7
v -1.8 8.9 6.8
v -1.8 8.9 6.7
v -1.8 8.9 6.5
v -1.8 8.9 6.4
v -1.8 8.9 6.2
v -1.8 8.9 6.1
v -1.8 8.9 5.9
v -1.8 8.9 5.8
v -1.8 8.9 5.6
v -1.8 8.9 5.5
v -1.8 8.9 5.3
v -1.8 8.9 5.2
v -1.8 8.9 5
v -1.8 8.9 4.9
v -1.8 8.9 4.7
v -1.8 8.9 4.6
v -1.8 8.9 4.4
v -1.8 8.9 4.3
v -1.8 8.9 4.1
v -1.8 8.9 4
v -1.8 8.9 3.8
v -1.8 8.9 3.7
v -1.8 8.9 3.5
v -1.8 8.9 3.4
v -1.8 8.9 3.2
v -1.8 8.9 3.1
v -1.8 8.9 2.9
v -1.8 8.9 2.8
v -1.8 8.9 2.6
v -1.8 8.9 2.5
v -1.8 8.9 2.3
v -1.8 8.9 2.2
v -1.8 8.9 2
v -1.8 8.9 1.9
v -1.8 8.9 1.7
v -1.8 8.9 1.6
v -1.8 8.9 1.4
v -1.8 8.9 1.3
v -1.8 8.9 1.1
v -1.8 8.9 1
v -1.8 8.9 0.8
v -1.8 8.9 0.700001
v -1.8 8.9 0.5
v -1.8 8.9 0.400001
v -1.8 8.9 0.200001
v -1.8 8.9 0.1
v -1.8 8.9 -0.0999994
v -1.8 8.9 -0.2
v -1.8 8.9 -0.4
v -1.8 8.9 -0.5
v -1.8 8.9 -0.7
v -1.8 8.9 -0.799999
v -1.8 8.9 -1
v -1.8 8.9 -1.1
v -1.8 8.9 -1.3
v -1.8 8.9 -1.4
v -1.8 8.9 -1.6
v -1.8 8.9 -1.7
v -1.8 8.9 -1.9
v -1.8 8.9 -2
v -1.8 8.9 -2.2
v -1.8 8.9 -2.3
v -1.8 8.9 -2.5
v -1.8 8.9 -2.6
v -1.8 8.9 -2.8
v -1.8 8.9 -2.9
v -1.8 8.9 -3.1
v -1.8 8.9 -3.2
v -1.8 8.9 -3.4
v -1.8 8.9 -3.5
v -1.8 8.9 -3.7
v -1.8 8.9 -3.8
v -1.8 8.9 -4
v -1.8 8.9 -4.1
v -1.8 8.9 -4.3
v -1.8 8.9 -4.4
v -1.8 8.9 -4.6
v -1.8 8.9 -4.7
v -1.8 8.9 -4.9
v -1.8 8.9 -5
v -1.8 8.9 -5.2
v -1.8 8.9 -5.3
v -1.8 8.9 -5.5
v -1.8 8.9 -5.6
v -1.8 8.9 -5.8
v -1.8 8.9 -5.9
v -1.8 8.9 -6.1
v -1.8 8.9 -6.2
v -1.8 8.9 -6.4
v -1.8 8.9 -6.5
v -1.8 8.9 -6.7
v -1.8 8.9 -6.8
v -1.8 8.9 -7
v -1.8 8.9 -7.1
v -1.8 8.9 -7.3
v -1.8 8.9 -7.4
v -1.8 8.9 -7.6
v -1.8 8.9 -7.7
v -1.8 8.9 -7.9
v -1.8 8.9 -8
v -1.8 8.9 -8.2
v -1.8 8.9 -8.3
v -1.7 0.3 8.3
v -1.7 0.3 1.7
v -1.7 0.3 -1.6
v -1.7 0.3 -8.6
v -1.7 0.4 8.3
v -1.7 0.4 1.7
v -1.7 0.4 -1.6
v -1.7 0.4 -8.4
v -1.7 0.4 -8.6
v -1.7 0.5 -5.3
v -1.7 0.5 -5.5
v -1.7 0.5 -5.8
v -1.7 0.5 -6.2
v -1.7 0.6 -2
v -1.7 0.6 -2.3
v -1.7 0.6 -3
v -1.7 0.6 -3.4
v -1.7 0.6 -4.9
v -1.7 0.6 -5.2
v -1.7 0.6 -5.3
v -1.7 0.6 -5.5
v -1.7 0.6 -6.2
v -1.7 0.6 -6.4
v -1.7 0.6 -8
v -1.7 0.6 -8.1
v -1.7 0.7 -2.1
v -1.7 0.7 -2.3
v -1.7 0.7 -3.7
v -1.7 0.7 -3.9
v -1.7 0.7 -4.1
v -1.7 0.7 -4.3
v -1.7 0.7 -4.7
v -1.7 0.7 -4.9
v -1.7 0.7 -5.8
v -1.7 0.7 -6.4
v -1.7 0.7 -7.3
v -1.7 0.7 -7.5
v -1.7 0.7 -7.8
v -1.7 0.7 -7.9
v -1.7 0.7 -8
v -1.7 0.7 -8.1
v -1.7 0.7 -8.2
v -1.7 0.7 -8.3
v -1.7 0.8 -2
v -1.7 0.8 -2.1
v -1.7 0.8 -2.5
v -1.7 0.8 -2.7
v -1.7 0.8 -3
v -1.7 0.8 -3.4
v -1.7 0.8 -4.7
v -1.7 0.8 -5.2
v -1.7 0.8 -7.3
v -1.7 0.8 -7.4
v -1.7 0.8 -7.8
v -1.7 0.8 -7.9
v -1.7 0.8 -8.1
v -1.7 0.8 -8.2
v -1.7 0.8 -8.3
v -1.7 0.9 -2.5
v -1.7 0.9 -2.7
v -1.7 0.9 -3.7
v -1.7 0.9 -3.9
v -1.7 0.9 -7.1
v -1.7 0.9 -7.3
v -1.7 0.9 -7.4
v -1.7 0.9 -7.5
v -1.7 0.9 -7.8
v -1.7 0.9 -7.9
v -1.7 0.9 -8
v -1.7 0.9 -8.1
v -1.7 1 -1.8
v -1.7 1 -1.9
v -1.7 1 -2.1
v -1.7 1 -2.2
v -1.7 1 -5.3
v -1.7 1 -5.6
v -1.7 1 -6
v -1.7 1 -6.1
v -1.7 1 -6.2
v -1.7 1 -6.7
v -1.7 1 -6.8
v -1.7 1 -7
v -1.7 1 -7.1
v -1.7 1 -7.2
v -1.7 1 -7.6
v -1.7 1 -7.7
v -1.7 1 -8.3
v -1.7 1 -8.4
v -1.7 1.1 -2.6
v -1.7 1.1 -3.3
v -1.7 1.1 -3.5
v -1.7 1.1 -3.6
v -1.7 1.1 -4.1
v -1.7 1.1 -4.3
v -1.7 1.1 -4.5
v -1.7 1.1 -4.7
v -1.7 1.1 -5.2
v -1.7 1.1 -5.3
v -1.7 1.1 -5.6
v -1.7 1.1 -6
v -1.7 1.1 -6.1
v -1.7 1.1 -6.5
v -1.7 1.1 -6.7
v -1.7 1.1 -7.2
v -1.7 1.1 -7.3
v -1.7 1.1 -7.7
v -1.7 1.1 -7.8
v -1.7 1.1 -8
v -1.7 1.1 -8.3
v -1.7 1.1 -8.4
v -1.7 1.2 -4.5
v -1.7 1.2 -4.7
v -1.7 1.2 -5
v -1.7 1.2 -5.2
v -1.7 1.2 -5.3
v -1.7 1.2 -5.7
v -1.7 1.2 -6
v -1.7 1.2 -6.2
v -1.7 1.2 -6.5
v -1.7 1.2 -6.8
v -1.7 1.2 -7
v -1.7 1.2 -7.4
v -1.7 1.2 -7.5
v -1.7 1.2 -7.6
v -1.7 1.2 -7.8
v -1.7 1.3 -2.1
v -1.7 1.3 -2.2
v -1.7 1.3 -3.5
v -1.7 1.3 -3.6
v -1.7 1.3 -5
v -1.7 1.3 -5.2
v -1.7 1.3 -5.4
v -1.7 1.3 -7.1
v -1.7 1.3 -7.3
v -1.7 1.3 -8.2
v -1.7 1.3 -8.3
v -1.7 1.4 -1.8
v -1.7 1.4 -1.9
v -1.7 1.4 -2.6
v -1.7 1.4 -3.2
v -1.7 1.4 -3.3
v -1.7 1.4 -3.4
v -1.7 1.4 -4.3
v -1.7 1.4 -4.4
v -1.7 1.4 -4.8
v -1.7 1.4 -4.9
v -1.7 1.4 -5.2
v -1.7 1.4 -5.4
v -1.7 1.4 -5.8
v -1.7 1.4 -6
v -1.7 1.4 -6.3
v -1.7 1.4 -6.7
v -1.7 1.4 -6.8
v -1.7 1.4 -7.1
v -1.7 1.4 -7.3
v -1.7 1.4 -7.4
v -1.7 1.4 -7.5
v -1.7 1.4 -8.2
v -1.7 1.4 -8.3
v -1.7 1.5 -2.3
v -1.7 1.5 -2.5
v -1.7 1.5 -3.9
v -1.7 1.5 -4.1
v -1.7 1.5 -4.3
v -1.7 1.5 -4.4
v -1.7 1.5 -4.8
v -1.7 1.5 -4.9
v -1.7 1.5 -5.1
v -1.7 1.5 -5.2
v -1.7 1.5 -6.7
v -1.7 1.5 -6.8
v -1.7 1.5 -7.3
v -1.7 1.5 -7.5
v -1.7 1.5 -7.6
v -1.7 1.5 -7.9
v -1.7 1.5 -8.1
v -1.7 1.5 -8.3
v -1.7 1.6 -3.2
v -1.7 1.6 -3.4
v -1.7 1.6 -5.5
v -1.7 1.6 -5.7
v -1.7 1.6 -6
v -1.7 1.6 -6.2
v -1.7 1.6 -6.4
v -1.7 1.6 -6.8
v -1.7 1.7 -1.8
v -1.7 1.7 -2
v -1.7 1.7 -4.7
v -1.7 1.7 -4.9
v -1.7 1.7 -5.2
v -1.7 1.7 -5.3
v -1.7 1.7 -6.4
v -1.7 1.7 -6.8
v -1.7 1.7 -7.3
v -1.7 1.7 -7.5
v -1.7 1.7 -8.1
v -1.7 1.7 -8.2
v -1.7 1.8 -3.9
v -1.7 1.8 -4
v -1.7 1.8 -4.1
v -1.7 1.8 -4.2
v -1.7 1.8 -7.1
v -1.7 1.8 -7.2
v -1.7 1.8 -7.3
v -1.7 1.8 -7.4
v -1.7 1.9 -1.6
v -1.7 1.9 -1.8
v -1.7 1.9 -2
v -1.7 1.9 -3.4
v -1.7 1.9 -3.7
v -1.7 1.9 -4.7
v -1.7 1.9 -4.9
v -1.7 1.9 -5.1
v -1.7 1.9 -5.3
v -1.7 1.9 -5.5
v -1.7 1.9 -5.6
v -1.7 1.9 -5.7
v -1.7 1.9 -5.8
v -1.7 1.9 -6.2
v -1.7 1.9 -6.3
v -1.7 1.9 -6.4
v -1.7 1.9 -6.8
v -1.7 1.9 -7.1
v -1.7 1.9 -7.2
v -1.7 1.9 -8.2
v -1.7 1.9 -8.3
v -1.7 2 -2
v -1.7 2 -2.1
v -1.7 2 -2.3
v -1.7 2 -2.5
v -1.7 2 -2.7
v -1.7 2 -3.2
v -1.7 2 -6
v -1.7 2 -6.1
v -1.7 2 -6.4
v -1.7 2 -6.8
v -1.7 2 -7.3
v -1.7 2 -7.4
v -1.7 2 -7.6
v -1.7 2 -7.9
v -1.7 2 -8.1
v -1.7 2 -8.2
v -1.7 2.1 1.6
v -1.7 2.1 -1.6
v -1.7 2.1 -3.4
v -1.7 2.1 -3.7
v -1.7 2.1 -4
v -1.7 2.1 -4.2
v -1.7 2.1 -4.3
v -1.7 2.1 -4.9
v -1.7 2.1 -5.6
v -1.7 2.1 -5.7
v -1.7 2.1 -6
v -1.7 2.1 -6.1
v -1.7 2.1 -7
v -1.7 2.1 -7.3
v -1.7 2.1 -7.6
v -1.7 2.1 -7.9
v -1.7 2.1 -8.2
v -1.7 2.1 -8.3
v -1.7 2.2 -2
v -1.7 2.2 -2.1
v -1.7 2.2 -2.3
v -1.7 2.2 -2.7
v -1.7 2.2 -3.2
v -1.7 2.2 -4.3
v -1.7 2.2 -4.9
v -1.7 2.2 -5.8
v -1.7 2.2 -6
v -1.7 2.2 -6.1
v -1.7 2.2 -6.3
v -1.7 2.2 -6.4
v -1.7 2.2 -6.9
v -1.7 2.2 -7
v -1.7 2.2 -7.3
v -1.7 2.2 -7.6
v -1.7 2.2 -7.9
v -1.7 2.2 -8.1
v -1.7 2.2 -8.3
v -1.7 2.3 1.6
v -1.7 2.3 -1.6
v -1.7 2.3 -2.1
v -1.7 2.3 -2.3
v -1.7 2.3 -5.1
v -1.7 2.3 -5.2
v -1.7 2.3 -5.8
v -1.7 2.3 -6
v -1.7 2.3 -6.1
v -1.7 2.3 -6.3
v -1.7 2.3 -6.4
v -1.7 2.3 -6.9
v -1.7 2.4 8.3
v -1.7 2.4 1.7
v -1.7 2.4 -1.6
v -1.7 2.4 -5.1
v -1.7 2.4 -5.2
v -1.7 2.4 -8.4
v -1.7 2.4 -8.5
v -1.7 2.6 8.3
v -1.7 2.6 1.7
v -1.7 2.6 -1.6
v -1.7 2.6 -8.5
v -1.7 7.4 8.2
v -1.7 7.4 7.7
v -1.7 7.4 7.6
v -1.7 7.4 7.4
v -1.7 7.4 7.3
v -1.7 7.4 7.1
v -1.7 7.4 7
v -1.7 7.4 6.8
v -1.7 7.4 6.7
v -1.7 7.4 6.5
v -1.7 7.4 6.4
v -1.7 7.4 6.2
v -1.7 7.4 6.1
v -1.7 7.4 5.9
v -1.7 7.4 5.8
v -1.7 7.4 5.6
v -1.7 7.4 5.5
v -1.7 7.4 5.3
v -1.7 7.4 5.2
v -1.7 7.4 5
v -1.7 7.4 4.9
v -1.7 7.4 4.7
v -1.7 7.4 4.6
v -1.7 7.4 4.4
v -1.7 7.4 4.3
v -1.7 7.4 4.1
v -1.7 7.4 4
v -1.7 7.4 3.8
v -1.7 7.4 3.7
v -1.7 7.4 3.5
v -1.7 7.4 3.4
v -1.7 7.4 3.2
v -1.7 7.4 3.1
v -1.7 7.4 2.9
v -1.7 7.4 2.8
v -1.7 7.4 2.6
v -1.7 7.4 2.5
v -1.7 7.4 2.3
v -1.7 7.4 2.2
v -1.7 7.4 2
v -1.7 7.4 1.9
v -1.7 7.4 1.7
v -1.7 7.4 1.6
v -1.7 7.4 1.4
v -1.7 7.4 1.3
v -1.7 7.4 1.1
v -1.7 7.4 1
v -1.7 7.4 0.8
v -1.7 7.4 0.700001
v -1.7 7.4 0.5
v -1.7 7.4 0.400001
v -1.7 7.4 0.200001
v -1.7 7.4 0.1
v -1.7 7.4 -0.0999994
v -1.7 7.4 -0.2
v -1.7 7.4 -0.4
v -1.7 7.4 -0.5
v -1.7 7.4 -0.7
v -1.7 7.4 -0.799999
v -1.7 7.4 -1
v -1.7 7.4 -1.1
v -1.7 7.4 -1.3
v -1.7 7.4 -1.4
v -1.7 7.4 -1.6
v -1.7 7.4 -1.7
v -1.7 7.4 -1.9
v -1.7 7.4 -2
v -1.7 7.4 -2.2
v -1.7 7.4 -2.3
v -1.7 7.4 -2.5
v -1.7 7.4 -2.6
v -1.7 7.4 -2.8
v -1.7 7.4 -2.9
v -1.7 7.4 -3.1
v -1.7 7.4 -3.2
v -1.7 7.4 -3.4
v -1.7 7.4 -3.5
v -1.7 7.4 -3.7
v -1.7 7.4 -3.8
v -1.7 7.4 -4
v -1.7 7.4 -4.1
v -1.7 7.4 -4.3
v -1.7 7.4 -4.4
v -1.7 7.4 -4.6
v -1.7 7.4 -4.7
v -1.7 7.4 -4.9
v -1.7 7.4 -5
v -1.7 7.4 -5.2
v -1.7 7.4 -5.3
v -1.7 7.4 -5.5
v -1.7 7.4 -5.6
v -1.7 7.4 -5.8
v -1.7 7.4 -5.9
v -1.7 7.4 -6.1
v -1.7 7.4 -6.2
v -1.7 7.4 -6.4
v -1.7 7.4 -6.5
v -1.7 7.4 -6.7
v -1.7 7.4 -6.8
v -1.7 7.4 -7
v -1.7 7.4 -7.1
v -1.7 7.4 -7.3
v -1.7 7.4 -7.4
v -1.7 7.4 -7.6
v -1.7 7.4 -7.7
v -1.7 7.4 -7.9
v -1.7 7.4 -8
v -1.7 7.4 -8.2
v -1.7 7.4 -8.3
v -1.7 7.4 -8.4
v -1.7 7.5 8
v -1.7 7.5 7.9
v -1.7 8.8 8.2
v -1.7 8.8 8
v -1.7 8.8 7.9
v -1.7 8.8 7.7
v -1.7 8.8 7.6
v -1.7 8.8 7.4
v -1.7 8.8 7.3
v -1.7 8.8 7.1
v -1.7 8.8 7
v -1.7 8.8 6.8
v -1.7 8.8 6.7
v -1.7 8.8 6.5
v -1.7 8.8 6.4
v -1.7 8.8 6.2
v -1.7 8.8 6.1
v -1.7 8.8 5.9
v -1.7 8.8 5.8
v -1.7 8.8 5.6
v -1.7 8.8 5.5
v -1.7 8.8 5.3
v -1.7 8.8 5.2
v -1.7 8.8 5
v -1.7 8.8 4.9
v -1.7 8.8 4.7
v -1.7 8.8 4.6
v -1.7 8.8 4.4
v -1.7 8.8 4.3
v -1.7 8.8 4.1
v -1.7 8.8 4
v -1.7 8.8 3.8
v -1.7 8.8 3.7
v -1.7 8.8 3.5
v -1.7 8.8 3.4
v -1.7 8.8 3.2
v -1.7 8.8 3.1
v -1.7 8.8 2.9
v -1.7 8.8 2.8
v -1.7 8.8 2.6
v -1.7 8.8 2.5
v -1.7 8.8 2.3
v -1.7 8.8 2.2
v -1.7 8.8 2
v -1.7 8.8 1.9
v -1.7 8.8 1.7
v -1.7 8.8 1.6
v -1.7 8.8 1.4
v -1.7 8.8 1.3
v -1.7 8.8 1.1
v -1.7 8.8 1
v -1.7 8.8 0.8
v -1.7 8.8 0.700001
v -1.7 8.8 0.5
v -1.7 8.8 0.400001
v -1.7 8.8 0.200001
v -1.7 8.8 0.1
v -1.7 8.8 -0.0999994
v -1.7 8.8 -0.2
v -1.7 8.8 -0.4
v -1.7 8.8 -0.5
v -1.7 8.8 -0.7
v -1.7 8.8 -0.799999
v -1.7 8.8 -1
v -1.7 8.8 -1.1
v -1.7 8.8 -1.3
v -1.7 8.8 -1.4
v -1.7 8.8 -1.6
v -1.7 8.8 -1.7
v -1.7 8.8 -1.9
v -1.7 8.8 -2
v -1.7 8.8 -2.2
v -1.7 8.8 -2.3
v -1.7 8.8 -2.5
v -1.7 8.8 -2.6
v -1.7 8.8 -2.8
v -1.7 8.8 -2.9
v -1.7 8.8 -3.1
v -1.7 8.8 -3.2
v -1.7 8.8 -3.4
v -1.7 8.8 -3.5
v -1.7 8.8 -3.7
v -1.7 8.8 -3.8
v -1.7 8.8 -4
v -1.7 8.8 -4.1
v -1.7 8.8 -4.3
v -1.7 8.8 -4.4
v -1.7 8.8 -4.6
v -1.7 8.8 -4.7
v -1.7 8.8 -4.9
v -1.7 8.8 -5
v -1.7 8.8 -5.2
v -1.7 8.8 -5.3
v -1.7 8.8 -5.5
v -1.7 8.8 -5.6
v -1.7 8.8 -5.8
v -1.7 8.8 -5.9
v -1.7 8.8 -6.1
v -1.7 8.8 -6.2
v -1.7 8.8 -6.4
v -1.7 8.8 -6.5
v -1.7 8.8 -6.7
v -1.7 8.8 -6.8
v -1.7 8.8 -7
v -1.7 8.8 -7.1
v -1.7 8.8 -7.3
v -1.7 8.8 -7.4
v -1.7 8.8 -7.6
v -1.7 8.8 -7.7
v -1.7 8.8 -7.9
v -1.7 8.8 -8
v -1.7 8.8 -8.2
v -1.7 8.8 -8.3
v -1.7 8.8 -8.4
v -1.6 0.4 8.2
v -1.6 0.4 1.7
v -1.6 0.5 5.4
v -1.6 0.5 5.2
v -1.6 0.6 7.5
v -1.6 0.6 7.3
v -1.6 0.6 7.1
v -1.6 0.6 6.1
v -1.6 0.6 5.9
v -1.6 0.6 5.6
v -1.6 0.6 5.4
v -1.6 0.6 5.2
v -1.6 0.6 5
v -1.6 0.6 4.8
v -1.6 0.6 4
v -1.6 0.6 3.6
v -1.6 0.6 2.9
v -1.6 0.6 2.5
v -1.6 0.6 2.3
v -1.6 0.6 2.2
v -1.6 0.7 7.8
v -1.6 0.7 7.6
v -1.6 0.7 7.5
v -1.6 0.7 7.3
v -1.6 0.7 7.1
v -1.6 0.7 6.1
v -1.6 0.7 5.9
v -1.6 0.7 5.6
v -1.6 0.7 5
v -1.6 0.7 4.8
v -1.6 0.7 4
v -1.6 0.7 3.6
v -1.6 0.7 2.3
v -1.6 0.7 2.2
v -1.6 0.8 8.2
v -1.6 0.8 8
v -1.6 0.8 7.5
v -1.6 0.8 7.1
v -1.6 0.8 6.1
v -1.6 0.8 6
v -1.6 0.8 4.5
v -1.6 0.8 4.2
v -1.6 0.8 2.9
v -1.6 0.8 2.5
v -1.6 0.8 2.1
v -1.6 0.8 1.9
v -1.6 0.9 8.2
v -1.6 0.9 8.1
v -1.6 0.9 8
v -1.6 0.9 7.9
v -1.6 0.9 7.8
v -1.6 0.9 7.6
v -1.6 0.9 6.8
v -1.6 0.9 6.3
v -1.6 0.9 6.1
v -1.6 0.9 6
v -1.6 1 8.2
v -1.6 1 8.1
v -1.6 1 7.9
v -1.6 1 7.5
v -1.6 1 7.1
v -1.6 1 6.8
v -1.6 1 6.3
v -1.6 1 6
v -1.6 1 5.8
v -1.6 1 4.5
v -1.6 1 4.2
v -1.6 1.1 2.9
v -1.6 1.1 2.7
v -1.6 1.2 8.2
v -1.6 1.2 8.1
v -1.6 1.2 6.6
v -1.6 1.2 6.5
v -1.6 1.2 6
v -1.6 1.2 5.9
v -1.6 1.2 5.6
v -1.6 1.2 5.2
v -1.6 1.2 4.9
v -1.6 1.2 4.5
v -1.6 1.2 3.7
v -1.6 1.2 3.1
v -1.6 1.2 2.1
v -1.6 1.2 1.9
v -1.6 1.3 7.9
v -1.6 1.3 7.6
v -1.6 1.3 7.1
v -1.6 1.3 7
v -1.6 1.3 3.7
v -1.6 1.3 3.1
v -1.6 1.3 2.9
v -1.6 1.3 2.7
v -1.6 1.3 2.2
v -1.6 1.3 2.1
v -1.6 1.4 8
v -1.6 1.4 7.9
v -1.6 1.4 7.6
v -1.6 1.4 7.1
v -1.6 1.4 7
v -1.6 1.4 6.6
v -1.6 1.4 6.5
v -1.6 1.4 5.9
v -1.6 1.4 5.8
v -1.6 1.4 5.6
v -1.6 1.4 5.2
v -1.6 1.4 4.9
v -1.6 1.4 4.5
v -1.6 1.4 4.4
v -1.6 1.4 4.3
v -1.6 1.4 3.7
v -1.6 1.4 3.5
v -1.6 1.4 3.1
v -1.6 1.4 2.9
v -1.6 1.5 4.4
v -1.6 1.5 4.3
v -1.6 1.5 2.2
v -1.6 1.5 2.1
v -1.6 1.6 5.5
v -1.6 1.6 5.1
v -1.6 1.6 3.9
v -1.6 1.6 3.7
v -1.6 1.6 3.5
v -1.6 1.7 8
v -1.6 1.7 7.9
v -1.6 1.7 6.3
v -1.6 1.7 5.9
v -1.6 1.7 5
v -1.6 1.7 4.7
v -1.6 1.8 7.8
v -1.6 1.8 7.1
v -1.6 1.8 6.7
v -1.6 1.8 6.5
v -1.6 1.8 5.5
v -1.6 1.8 5.1
v -1.6 1.8 4.4
v -1.6 1.8 4
v -1.6 1.8 3.9
v -1.6 1.8 3.7
v -1.6 1.8 3.1
v -1.6 1.8 2.9
v -1.6 1.9 6.7
v -1.6 1.9 6.5
v -1.6 1.9 6.3
v -1.6 1.9 5.9
v -1.6 1.9 5
v -1.6 1.9 4.8
v -1.6 1.9 4.7
v -1.6 1.9 4.4
v -1.6 1.9 4
v -1.6 1.9 2.8
v -1.6 1.9 2.2
v -1.6 2 8.2
v -1.6 2 8.1
v -1.6 2 7.8
v -1.6 2 7.1
v -1.6 2 4.8
v -1.6 2 4.4
v -1.6 2 3.4
v -1.6 2 3.2
v -1.6 2.1 7.3
v -1.6 2.1 7.1
v -1.6 2.1 7
v -1.6 2.1 6.8
v -1.6 2.1 6.7
v -1.6 2.1 6.3
v -1.6 2.1 6
v -1.6 2.1 5.9
v -1.6 2.1 2.8
v -1.6 2.1 2.2
v -1.6 2.1 1.7
v -1.6 2.1 1.6
v -1.6 2.2 8.2
v -1.6 2.2 8.1
v -1.6 2.2 7.3
v -1.6 2.2 7.1
v -1.6 2.2 7
v -1.6 2.2 6.8
v -1.6 2.2 6.7
v -1.6 2.2 6.3
v -1.6 2.2 6
v -1.6 2.2 5.9
v -1.6 2.2 3.4
v -1.6 2.2 3.2
v -1.6 2.3 1.7
v -1.6 2.3 1.6
v -1.6 2.4 8.2
v -1.6 2.4 1.7
v -1.5 2.6 7.7
v -1.5 2.6 7.4
v -1.5 2.6 2.8
v -1.5 2.6 2.5
v -1.5 2.6 -2.1
v -1.5 2.6 -2.4
v -1.5 2.6 -7.9
v -1.5 2.6 -8.2
v -1.5 2.8 7.4
v -1.5 2.8 2.8
v -1.5 2.8 -2.4
v -1.5 2.8 -7.9
v -1.5 2.9 7.4
v -1.5 2.9 2.8
v -1.5 2.9 -2.4
v -1.5 2.9 -7.9
v -1.5 3.2 7.4
v -1.5 3.2 2.8
v -1.5 3.2 -2.4
v -1.5 3.2 -7.9
v -1.5 3.3 7.4
v -1.5 3.3 2.8
v -1.5 3.3 -2.4
v -1.5 3.3 -7.9
v -1.5 3.6 7.4
v -1.5 3.6 2.8
v -1.5 3.6 -2.4
v -1.5 3.6 -7.9
v -1.5 3.7 7.4
v -1.5 3.7 2.8
v -1.5 3.7 -2.4
v -1.5 3.7 -7.9
v -1.5 7.4 7.7
v -1.5 7.4 7.4
v -1.5 7.4 2.8
v -1.5 7.4 2.5
v -1.5 7.4 -2.1
v -1.5 7.4 -2.4
v -1.5 7.4 -7.9
v -1.5 7.4 -8.2
v -1.4 2.3 1.7
v -1.4 2.3 -1.6
v -1.4 2.4 1.7
v -1.4 2.4 -1.6
v -1.3 2.1 1.8
v -1.3 2.1 1.7
v -1.3 2.1 -1.5
v -1.3 2.2 1.8
v -1.3 2.2 1.7
v -1.3 2.2 -1.5
v -1.2 2.4 1.7
v -1.2 2.4 -1.6
v -1.2 2.5 1.7
v -1.2 2.5 -1.6
v 0.7 2.5 7
v 0.7 2.5 5.6
v 0.7 2.7 6.1
v 0.7 2.7 5.7
v 0.7 3 6.1
v 0.7 3 5.7
v 0.7 3.2 6.6
v 0.7 3.2 5.7
v 0.7 4.1 6.8
v 0.7 4.1 6.7
v 0.7 4.2 6.9
v 0.7 4.2 6.8
v 0.7 4.2 6.7
v 0.7 4.2 6.6
v 0.7 4.6 6.9
v 0.7 4.6 6.6
v 0.7 4.8 6.8
v 0.7 4.8 6.7
v 0.7 5.1 6.8
v 0.7 5.1 6.7
v 0.7 5.8 6.6
v 0.7 5.8 5.7
v 0.7 5.9 7
v 0.7 5.9 5.6
v 0.799999 2.5 4.8
v 0.799999 2.5 4.1
v 0.799999 2.5 3.6
v 0.799999 3.2 6.6
v 0.799999 3.2 5.7
v 0.799999 3.2 4.7
v 0.799999 3.2 3.7
v 0.799999 3.3 6.5
v 0.799999 3.3 5.8
v 0.799999 4.2 6.6
v 0.799999 4.6 6.6
v 0.799999 4.9 4.7
v 0.799999 4.9 3.7
v 0.799999 5 4.8
v 0.799999 5 3.6
v 0.799999 5.7 6.5
v 0.799999 5.7 5.8
v 0.799999 5.8 6.6
v 0.799999 5.8 5.7
v 0.9 3.2 4.7
v 0.9 3.2 3.7
v 0.9 3.3 6.5
v 0.9 3.3 5.8
v 0.9 3.3 4.6
v 0.9 3.3 3.8
v 0.9 3.7 6.5
v 0.9 3.7 5.8
v 0.9 4 6.5
v 0.9 4 5.8
v 0.9 4.2 6.5
v 0.9 4.2 5.8
v 0.9 4.5 6.5
v 0.9 4.5 5.8
v 0.9 4.8 6.5
v 0.9 4.8 5.8
v 0.9 4.8 4.6
v 0.9 4.8 3.8
v 0.9 4.9 4.7
v 0.9 4.9 3.7
v 0.9 5.1 6.5
v 0.9 5.1 5.8
v 0.9 5.3 6.5
v 0.9 5.3 5.8
v 0.9 5.6 6.5
v 0.9 5.6 5.8
v 0.9 5.7 6.5
v 0.9 5.7 5.8
v 1 3.3 4.6
v 1 3.3 3.8
v 1 3.5 4.6
v 1 3.5 3.8
v 1 3.7 4.6
v 1 3.7 3.8
v 1 3.8 4.6
v 1 3.8 3.8
v 1 4 4.6
v 1 4 3.8
v 1 4.1 4.6
v 1 4.1 3.8
v 1 4.3 4.6
v 1 4.3 3.8
v 1 4.4 4.6
v 1 4.4 3.8
v 1 4.6 4.6
v 1 4.6 3.8
v 1 4.7 4.6
v 1 4.7 3.8
v 1.1 3.5 4.6
v 1.1 3.5 3.8
v 1.1 3.7 6.5
v 1.1 3.7 5.8
v 1.1 3.7 4.6
v 1.1 3.7 3.8
v 1.1 3.8 6.5
v 1.1 3.8 5.8
v 1.1 3.8 4.6
v 1.1 3.8 3.8
v 1.1 3.9 6.5
v 1.1 3.9 5.8
v 1.1 4 6.5
v 1.1 4 5.8
v 1.1 4 4.6
v 1.1 4 3.8
v 1.1 4.1 4.6
v 1.1 4.1 3.8
v 1.1 4.3 4.6
v 1.1 4.3 3.8
v 1.1 4.4 4.6
v 1.1 4.4 3.8
v 1.1 4.6 4.6
v 1.1 4.6 3.8
v 1.1 4.7 4.6
v 1.1 4.7 3.8
v 1.1 4.8 4.6
v 1.1 4.8 3.8
v 1.1 5.3 6.5
v 1.1 5.3 5.8
v 1.1 5.4 6.5
v 1.1 5.4 5.8
v 1.1 5.5 6.5
v 1.1 5.5 5.8
v 1.1 5.6 6.5
v 1.1 5.6 5.8
v 1.2 4.2 6.5
v 1.2 4.2 5.8
v 1.2 4.3 6.5
v 1.2 4.3 5.8
v 1.2 4.4 6.5
v 1.2 4.4 5.8
v 1.2 4.5 6.5
v 1.2 4.5 5.8
v 1.4 4.8 6.5
v 1.4 4.8 5.8
v 1.4 4.9 6.5
v 1.4 4.9 5.8
v 1.4 5 6.5
v 1.4 5 5.8
v 1.4 5.1 6.5
v 1.4 5.1 5.8
v 1.6 0.3 8.4
v 1.6 0.3 8.3
v 1.6 0.4 8.4
v 1.6 0.4 8.3
v 1.6 2.5 8
v 1.6 2.5 6.9
v 1.6 2.5 5.6
v 1.6 2.5 4.8
v 1.6 2.5 3.6
v 1.6 2.5 1.3
v 1.6 2.5 -1
v 1.6 2.5 -3.6
v 1.6 2.5 -5
v 1.6 2.5 -8.2
v 1.6 2.6 8
v 1.6 2.6 6.9
v 1.6 2.6 5.6
v 1.6 2.6 4.8
v 1.6 2.6 3.6
v 1.6 2.6 1.3
v 1.6 2.6 -1
v 1.6 2.6 -8.2
v 1.6 4.1 -1.6
v 1.6 4.1 -2.2
v 1.6 4.2 -1.7
v 1.6 4.2 -1.8
v 1.6 4.6 -1.9
v 1.6 4.6 -2
v 1.6 5.4 -1.7
v 1.6 5.4 -1.8
v 1.6 5.5 -1.7
v 1.6 5.5 -1.9
v 1.6 5.5 -2
v 1.6 5.5 -2.1
v 1.6 5.7 -1.7
v 1.6 5.7 -2.1
v 1.6 6 -1.6
v 1.6 6 -2.2
v 1.6 6.5 1.2
v 1.6 6.5 -0.7
v 1.6 6.7 1
v 1.6 6.7 -0.299999
v 1.6 6.9 1
v 1.6 6.9 -0.299999
v 1.6 7.1 1.2
v 1.6 7.1 -0.7
v 1.6 9.8 8.4
v 1.6 9.8 -8.6
v 1.6 9.9 8.4
v 1.6 9.9 -8.6
v 1.7 0.4 8.3
v 1.7 0.4 8.2
v 1.7 0.4 -8.4
v 1.7 0.4 -8.5
v 1.7 1.9 8.2
v 1.7 2 8.3
v 1.7 2 8.2
v 1.7 2.1 8.3
v 1.7 2.1 8.2
v 1.7 2.4 8.2
v 1.7 2.4 -8.4
v 1.7 2.4 -8.5
v 1.7 2.5 8.3
v 1.7 2.5 8.2
v 1.7 2.5 6.8
v 1.7 2.5 5.6
v 1.7 2.5 4.8
v 1.7 2.5 3.6
v 1.7 2.6 8.3
v 1.7 2.6 6.8
v 1.7 2.6 5.6
v 1.7 2.6 4.8
v 1.7 2.6 3.6
v 1.7 2.6 1.4
v 1.7 2.6 -1.1
v 1.7 2.6 -8.5
v 1.7 2.7 8
v 1.7 2.7 7.7
v 1.7 2.7 7.1
v 1.7 2.7 6.9
v 1.7 2.7 3.1
v 1.7 2.7 2.5
v 1.7 2.7 1.5
v 1.7 2.7 1.4
v 1.7 2.7 -6.8
v 1.7 2.7 -6.9
v 1.7 2.8 7.7
v 1.7 2.8 7.6
v 1.7 2.8 7.3
v 1.7 2.8 7.2
v 1.7 2.8 7.1
v 1.7 2.8 6.9
v 1.7 2.8 1.5
v 1.7 2.8 1.4
v 1.7 2.8 -2.8
v 1.7 2.8 -3.3
v 1.7 2.8 -4.1
v 1.7 2.8 -4.5
v 1.7 2.8 -4.8
v 1.7 2.8 -5.1
v 1.7 2.8 -8.1
v 1.7 2.8 -8.2
v 1.7 2.9 8.2
v 1.7 2.9 8.1
v 1.7 2.9 8
v 1.7 2.9 7.7
v 1.7 2.9 7.6
v 1.7 2.9 7.3
v 1.7 2.9 7.2
v 1.7 2.9 5.2
v 1.7 2.9 5.1
v 1.7 2.9 3
v 1.7 2.9 2.5
v 1.7 2.9 -1.4
v 1.7 2.9 -1.9
v 1.7 2.9 -2.2
v 1.7 2.9 -2.4
v 1.7 2.9 -4.1
v 1.7 2.9 -4.5
v 1.7 2.9 -6
v 1.7 2.9 -6.3
v 1.7 2.9 -6.8
v 1.7 2.9 -6.9
v 1.7 2.9 -8.1
v 1.7 2.9 -8.2
v 1.7 3 3.1
v 1.7 3 3
v 1.7 3 -1.6
v 1.7 3 -1.9
v 1.7 3 -2.3
v 1.7 3 -2.4
v 1.7 3 -3.3
v 1.7 3 -3.4
v 1.7 3 -3.6
v 1.7 3 -4.1
v 1.7 3 -4.8
v 1.7 3 -5.1
v 1.7 3 -5.3
v 1.7 3 -5.7
v 1.7 3 -6.3
v 1.7 3 -6.5
v 1.7 3.1 8.2
v 1.7 3.1 8.1
v 1.7 3.1 8
v 1.7 3.1 2.3
v 1.7 3.1 1.8
v 1.7 3.1 -1.4
v 1.7 3.1 -1.6
v 1.7 3.1 -2.2
v 1.7 3.1 -2.3
v 1.7 3.1 -4.3
v 1.7 3.1 -4.7
v 1.7 3.1 -7.1
v 1.7 3.1 -7.8
v 1.7 3.2 7.7
v 1.7 3.2 7.6
v 1.7 3.2 7.3
v 1.7 3.2 7.2
v 1.7 3.2 7.1
v 1.7 3.2 7
v 1.7 3.2 5.2
v 1.7 3.2 5.1
v 1.7 3.2 3.2
v 1.7 3.2 3
v 1.7 3.2 -2
v 1.7 3.2 -2.2
v 1.7 3.2 -2.4
v 1.7 3.2 -2.7
v 1.7 3.2 -3.6
v 1.7 3.2 -4.1
v 1.7 3.2 -4.3
v 1.7 3.2 -4.4
v 1.7 3.2 -4.7
v 1.7 3.2 -4.9
v 1.7 3.2 -5.3
v 1.7 3.2 -5.7
v 1.7 3.2 -6
v 1.7 3.2 -6.5
v 1.7 3.2 -8.1
v 1.7 3.2 -8.2
v 1.7 3.3 7.7
v 1.7 3.3 7.6
v 1.7 3.3 7.3
v 1.7 3.3 7.2
v 1.7 3.3 7.1
v 1.7 3.3 7
v 1.7 3.3 5.3
v 1.7 3.3 5.2
v 1.7 3.3 5
v 1.7 3.3 4.9
v 1.7 3.3 3.2
v 1.7 3.3 3
v 1.7 3.3 2.9
v 1.7 3.3 2.7
v 1.7 3.3 2.3
v 1.7 3.3 1.8
v 1.7 3.3 -2.8
v 1.7 3.3 -2.9
v 1.7 3.3 -3.4
v 1.7 3.3 -3.6
v 1.7 3.3 -5.1
v 1.7 3.3 -5.4
v 1.7 3.3 -7.1
v 1.7 3.3 -7.4
v 1.7 3.3 -8.1
v 1.7 3.3 -8.2
v 1.7 3.4 8.1
v 1.7 3.4 8
v 1.7 3.4 7.9
v 1.7 3.4 5.3
v 1.7 3.4 5.2
v 1.7 3.4 5
v 1.7 3.4 4.9
v 1.7 3.4 2.6
v 1.7 3.4 2.4
v 1.7 3.4 1.9
v 1.7 3.4 1.8
v 1.7 3.4 -1.3
v 1.7 3.4 -1.5
v 1.7 3.4 -2.3
v 1.7 3.4 -2.4
v 1.7 3.4 -2.5
v 1.7 3.4 -2.7
v 1.7 3.4 -3.9
v 1.7 3.4 -4.1
v 1.7 3.4 -4.2
v 1.7 3.4 -4.4
v 1.7 3.4 -4.9
v 1.7 3.4 -5.1
v 1.7 3.4 -5.4
v 1.7 3.4 -7.4
v 1.7 3.4 -7.7
v 1.7 3.5 8.3
v 1.7 3.5 8.1
v 1.7 3.5 8
v 1.7 3.5 7.9
v 1.7 3.5 5.2
v 1.7 3.5 4.9
v 1.7 3.5 -1.7
v 1.7 3.5 -1.8
v 1.7 3.5 -2
v 1.7 3.5 -2.2
v 1.7 3.5 -4.2
v 1.7 3.5 -4.4
v 1.7 3.5 -5.8
v 1.7 3.5 -6.2
v 1.7 3.5 -6.4
v 1.7 3.5 -6.7
v 1.7 3.5 -7.1
v 1.7 3.5 -7.4
v 1.7 3.6 7.7
v 1.7 3.6 7.6
v 1.7 3.6 3.1
v 1.7 3.6 3
v 1.7 3.6 2.9
v 1.7 3.6 2.7
v 1.7 3.6 2.6
v 1.7 3.6 2.4
v 1.7 3.6 1.9
v 1.7 3.6 1.8
v 1.7 3.6 -2.3
v 1.7 3.6 -2.5
v 1.7 3.6 -2.7
v 1.7 3.6 -2.8
v 1.7 3.6 -2.9
v 1.7 3.6 -3.6
v 1.7 3.6 -3.7
v 1.7 3.6 -3.9
v 1.7 3.6 -4
v 1.7 3.6 -4.1
v 1.7 3.6 -8.1
v 1.7 3.6 -8.2
v 1.7 3.7 7.7
v 1.7 3.7 7.6
v 1.7 3.7 7.2
v 1.7 3.7 7
v 1.7 3.7 3.1
v 1.7 3.7 3
v 1.7 3.7 2.2
v 1.7 3.7 2
v 1.7 3.7 -5.2
v 1.7 3.7 -5.4
v 1.7 3.7 -6.4
v 1.7 3.7 -6.7
v 1.7 3.7 -7.7
v 1.7 3.7 -7.8
v 1.7 3.7 -8.1
v 1.7 3.7 -8.2
v 1.7 3.8 8.3
v 1.7 3.8 8.1
v 1.7 3.8 7.7
v 1.7 3.8 7.5
v 1.7 3.8 5.2
v 1.7 3.8 4.9
v 1.7 3.8 2.2
v 1.7 3.8 2
v 1.7 3.8 -1.3
v 1.7 3.8 -1.5
v 1.7 3.8 -1.7
v 1.7 3.8 -1.8
v 1.7 3.8 -2
v 1.7 3.8 -2.2
v 1.7 3.8 -2.7
v 1.7 3.8 -2.8
v 1.7 3.8 -4.6
v 1.7 3.8 -5
v 1.7 3.8 -5.2
v 1.7 3.8 -5.4
v 1.7 3.8 -5.8
v 1.7 3.8 -6.2
v 1.7 3.8 -7.7
v 1.7 3.8 -7.8
v 1.7 3.9 8.1
v 1.7 3.9 8
v 1.7 3.9 3.1
v 1.7 3.9 2.8
v 1.7 3.9 2.7
v 1.7 3.9 2.6
v 1.7 3.9 2
v 1.7 3.9 1.7
v 1.7 3.9 -1.2
v 1.7 3.9 -1.4
v 1.7 3.9 -1.6
v 1.7 3.9 -2
v 1.7 3.9 -2.1
v 1.7 3.9 -2.2
v 1.7 3.9 -2.6
v 1.7 3.9 -2.9
v 1.7 3.9 -3.2
v 1.7 3.9 -3.6
v 1.7 3.9 -3.7
v 1.7 3.9 -4
v 1.7 3.9 -5.2
v 1.7 3.9 -5.6
v 1.7 3.9 -7
v 1.7 3.9 -7.1
v 1.7 3.9 -8
v 1.7 3.9 -8.2
v 1.7 4 8.3
v 1.7 4 8.1
v 1.7 4 8
v 1.7 4 7.7
v 1.7 4 7.5
v 1.7 4 7.2
v 1.7 4 7
v 1.7 4 5.2
v 1.7 4 5.1
v 1.7 4 3.1
v 1.7 4 2.9
v 1.7 4 -2.4
v 1.7 4 -2.6
v 1.7 4 -4.6
v 1.7 4 -5
v 1.7 4.1 8.3
v 1.7 4.1 8.1
v 1.7 4.1 7.8
v 1.7 4.1 7.4
v 1.7 4.1 2.5
v 1.7 4.1 2.3
v 1.7 4.1 2
v 1.7 4.1 1.7
v 1.7 4.1 -1.2
v 1.7 4.1 -1.4
v 1.7 4.1 -1.6
v 1.7 4.1 -2.1
v 1.7 4.1 -2.2
v 1.7 4.1 -4.3
v 1.7 4.1 -4.7
v 1.7 4.1 -5.2
v 1.7 4.1 -5.6
v 1.7 4.1 -5.7
v 1.7 4.1 -6.4
v 1.7 4.1 -7
v 1.7 4.1 -7.4
v 1.7 4.1 -8
v 1.7 4.1 -8.2
v 1.7 4.1 -8.3
v 1.7 4.1 -8.5
v 1.7 4.2 8.3
v 1.7 4.2 8.2
v 1.7 4.2 7.8
v 1.7 4.2 7.4
v 1.7 4.2 7.3
v 1.7 4.2 7.2
v 1.7 4.2 5.2
v 1.7 4.2 5.1
v 1.7 4.2 2.9
v 1.7 4.2 2.8
v 1.7 4.2 2.7
v 1.7 4.2 2.6
v 1.7 4.2 -3.2
v 1.7 4.2 -3.5
v 1.7 4.2 -3.6
v 1.7 4.2 -3.7
v 1.7 4.2 -4.1
v 1.7 4.2 -4.2
v 1.7 4.2 -4.5
v 1.7 4.2 -4.7
v 1.7 4.2 -7.7
v 1.7 4.2 -7.8
v 1.7 4.3 7.3
v 1.7 4.3 7.2
v 1.7 4.3 2.5
v 1.7 4.3 2.3
v 1.7 4.3 2.2
v 1.7 4.3 1.9
v 1.7 4.3 -2.7
v 1.7 4.3 -2.9
v 1.7 4.3 -3.5
v 1.7 4.3 -3.7
v 1.7 4.3 -4.1
v 1.7 4.3 -4.2
v 1.7 4.3 -4.3
v 1.7 4.3 -4.5
v 1.7 4.3 -5.7
v 1.7 4.3 -6.4
v 1.7 4.4 8.3
v 1.7 4.4 8.2
v 1.7 4.4 8.1
v 1.7 4.4 7.4
v 1.7 4.4 5.4
v 1.7 4.4 5.2
v 1.7 4.4 5
v 1.7 4.4 4.9
v 1.7 4.4 -1.2
v 1.7 4.4 -1.3
v 1.7 4.4 -2.4
v 1.7 4.4 -2.7
v 1.7 4.4 -4.6
v 1.7 4.4 -5
v 1.7 4.4 -5.2
v 1.7 4.4 -5.5
v 1.7 4.4 -7.2
v 1.7 4.4 -7.3
v 1.7 4.5 7.2
v 1.7 4.5 7.1
v 1.7 4.5 5.4
v 1.7 4.5 5.2
v 1.7 4.5 1.7
v 1.7 4.5 1.6
v 1.7 4.5 -2.5
v 1.7 4.5 -2.7
v 1.7 4.5 -5.2
v 1.7 4.5 -5.5
v 1.7 4.5 -7.6
v 1.7 4.5 -8
v 1.7 4.5 -8.3
v 1.7 4.5 -8.5
v 1.7 4.6 7.5
v 1.7 4.6 7.4
v 1.7 4.6 7.3
v 1.7 4.6 7.2
v 1.7 4.6 7.1
v 1.7 4.6 3.1
v 1.7 4.6 2.5
v 1.7 4.6 1.7
v 1.7 4.6 1.6
v 1.7 4.6 -2.9
v 1.7 4.6 -4.6
v 1.7 4.6 -5
v 1.7 4.6 -7
v 1.7 4.6 -8.3
v 1.7 4.6 -8.4
v 1.7 4.7 8.2
v 1.7 4.7 8.1
v 1.7 4.7 7.5
v 1.7 4.7 5
v 1.7 4.7 4.9
v 1.7 4.7 3.1
v 1.7 4.7 2.8
v 1.7 4.7 -2.2
v 1.7 4.7 -2.3
v 1.7 4.7 -7.2
v 1.7 4.7 -7.3
v 1.7 4.8 7.4
v 1.7 4.8 7.3
v 1.7 4.8 5.3
v 1.7 4.8 5.1
v 1.7 4.8 2.8
v 1.7 4.8 2.7
v 1.7 4.8 2.5
v 1.7 4.8 2.4
v 1.7 4.8 -1.2
v 1.7 4.8 -1.3
v 1.7 4.8 -2.5
v 1.7 4.8 -2.7
v 1.7 4.9 8
v 1.7 4.9 7.7
v 1.7 4.9 2.7
v 1.7 4.9 2.4
v 1.7 4.9 1.6
v 1.7 4.9 1.5
v 1.7 4.9 -2.2
v 1.7 4.9 -2.3
v 1.7 4.9 -7.6
v 1.7 4.9 -8
v 1.7 4.9 -8.3
v 1.7 4.9 -8.4
v 1.7 5 7.5
v 1.7 5 7
v 1.7 5 5.3
v 1.7 5 5.1
v 1.7 5 2.2
v 1.7 5 1.9
v 1.7 5 -8
v 1.7 5 -8.3
v 1.7 5.1 8.2
v 1.7 5.1 8.1
v 1.7 5.1 5.2
v 1.7 5.1 2.4
v 1.7 5.1 -7.3
v 1.7 5.1 -7.4
v 1.7 5.2 2.3
v 1.7 5.2 1.9
v 1.7 5.2 1.6
v 1.7 5.2 1.5
v 1.7 5.2 -1.2
v 1.7 5.2 -1.3
v 1.7 5.2 -2.3
v 1.7 5.2 -2.5
v 1.7 5.2 -8.3
v 1.7 5.2 -8.5
v 1.7 5.3 8.2
v 1.7 5.3 8.1
v 1.7 5.3 8
v 1.7 5.3 7.7
v 1.7 5.3 5.4
v 1.7 5.3 5.3
v 1.7 5.3 -7.3
v 1.7 5.3 -7.4
v 1.7 5.4 7.8
v 1.7 5.4 7.6
v 1.7 5.4 7.5
v 1.7 5.4 7
v 1.7 5.4 -2.3
v 1.7 5.4 -2.5
v 1.7 5.4 -8
v 1.7 5.4 -8.3
v 1.7 5.5 2.3
v 1.7 5.5 1.9
v 1.7 5.5 -1.2
v 1.7 5.5 -1.3
v 1.7 5.5 -7.4
v 1.7 5.5 -7.6
v 1.7 5.5 -7.8
v 1.7 5.5 -8.2
v 1.7 5.5 -8.3
v 1.7 5.5 -8.5
v 1.7 5.7 8.2
v 1.7 5.7 8.1
v 1.7 5.7 7.8
v 1.7 5.7 7.6
v 1.7 5.7 2.1
v 1.7 5.7 1.9
v 1.7 5.7 -1.2
v 1.7 5.7 -1.4
v 1.7 5.7 -2.4
v 1.7 5.7 -2.6
v 1.7 5.7 -8.3
v 1.7 5.7 -8.5
v 1.7 5.8 7.6
v 1.7 5.8 6.7
v 1.7 5.8 5.4
v 1.7 5.8 5.3
v 1.7 5.8 -7.8
v 1.7 5.8 -8.2
v 1.7 5.9 5.4
v 1.7 5.9 5.3
v 1.7 5.9 2.1
v 1.7 5.9 1.9
v 1.7 5.9 -1.2
v 1.7 5.9 -1.4
v 1.7 5.9 -8.3
v 1.7 5.9 -8.5
v 1.7 6 7.8
v 1.7 6 7.6
v 1.7 6 6.3
v 1.7 6 6.1
v 1.7 6 5.4
v 1.7 6 5.3
v 1.7 6 1.8
v 1.7 6 1.7
v 1.7 6 -1.6
v 1.7 6 -1.9
v 1.7 6 -2.1
v 1.7 6 -2.2
v 1.7 6 -2.3
v 1.7 6 -2.4
v 1.7 6 -2.5
v 1.7 6 -2.6
v 1.7 6 -2.9
v 1.7 6 -7
v 1.7 6 -7.4
v 1.7 6 -7.6
v 1.7 6 -8.2
v 1.7 6 -8.5
v 1.7 6.1 5.9
v 1.7 6.1 5.6
v 1.7 6.1 1.8
v 1.7 6.1 1.7
v 1.7 6.1 1.5
v 1.7 6.1 1.4
v 1.7 6.1 -2.3
v 1.7 6.1 -2.5
v 1.7 6.1 -2.6
v 1.7 6.1 -3.3
v 1.7 6.1 -6.9
v 1.7 6.1 -7.1
v 1.7 6.1 -7.7
v 1.7 6.1 -7.9
v 1.7 6.2 6.6
v 1.7 6.2 6.4
v 1.7 6.2 6.3
v 1.7 6.2 6.1
v 1.7 6.2 5.9
v 1.7 6.2 5.6
v 1.7 6.2 2.1
v 1.7 6.2 1.9
v 1.7 6.2 1.5
v 1.7 6.2 1.4
v 1.7 6.2 -0.7
v 1.7 6.2 -0.9
v 1.7 6.2 -1.1
v 1.7 6.2 -1.9
v 1.7 6.2 -2.1
v 1.7 6.2 -2.2
v 1.7 6.2 -2.3
v 1.7 6.2 -4.4
v 1.7 6.2 -4.6
v 1.7 6.2 -4.8
v 1.7 6.2 -5
v 1.7 6.2 -5.8
v 1.7 6.2 -5.9
v 1.7 6.2 -7.2
v 1.7 6.2 -7.4
v 1.7 6.2 -8.2
v 1.7 6.2 -8.5
v 1.7 6.3 8.3
v 1.7 6.3 8.1
v 1.7 6.3 7.8
v 1.7 6.3 7.6
v 1.7 6.3 6.4
v 1.7 6.3 5.9
v 1.7 6.3 2.1
v 1.7 6.3 1.9
v 1.7 6.3 1.7
v 1.7 6.3 1.5
v 1.7 6.3 1.1
v 1.7 6.3 0.5
v 1.7 6.3 0.3
v 1.7 6.3 -0.5
v 1.7 6.3 -1.3
v 1.7 6.3 -1.6
v 1.7 6.3 -2.2
v 1.7 6.3 -2.3
v 1.7 6.3 -3.3
v 1.7 6.3 -3.4
v 1.7 6.3 -3.9
v 1.7 6.3 -4.2
v 1.7 6.3 -5.4
v 1.7 6.3 -5.5
v 1.7 6.3 -5.8
v 1.7 6.3 -5.9
v 1.7 6.3 -6.2
v 1.7 6.3 -6.6
v 1.7 6.3 -7.7
v 1.7 6.3 -7.9
v 1.7 6.4 6.4
v 1.7 6.4 6.3
v 1.7 6.4 5.4
v 1.7 6.4 5.2
v 1.7 6.4 2.4
v 1.7 6.4 1.9
v 1.7 6.4 1.7
v 1.7 6.4 1
v 1.7 6.4 0.5
v 1.7 6.4 -2.6
v 1.7 6.4 -3.1
v 1.7 6.4 -3.9
v 1.7 6.4 -4.2
v 1.7 6.4 -4.4
v 1.7 6.4 -4.6
v 1.7 6.4 -4.8
v 1.7 6.4 -5
v 1.7 6.4 -6.9
v 1.7 6.4 -7.1
v 1.7 6.4 -7.2
v 1.7 6.4 -7.4
v 1.7 6.5 8.2
v 1.7 6.5 8.1
v 1.7 6.5 6.6
v 1.7 6.5 6.4
v 1.7 6.5 6.3
v 1.7 6.5 5.9
v 1.7 6.5 3.9
v 1.7 6.5 3.8
v 1.7 6.5 1.7
v 1.7 6.5 1.5
v 1.7 6.5 1.3
v 1.7 6.5 1.2
v 1.7 6.5 1.1
v 1.7 6.5 1
v 1.7 6.5 0.3
v 1.7 6.5 -0.5
v 1.7 6.5 -0.7
v 1.7 6.5 -1.6
v 1.7 6.5 -1.8
v 1.7 6.5 -3.7
v 1.7 6.5 -4.1
v 1.7 6.5 -5.4
v 1.7 6.5 -5.5
v 1.7 6.5 -5.6
v 1.7 6.5 -5.9
v 1.7 6.5 -6.6
v 1.7 6.5 -6.8
v 1.7 6.5 -7.8
v 1.7 6.5 -8.1
v 1.7 6.6 6.2
v 1.7 6.6 5.9
v 1.7 6.6 5.4
v 1.7 6.6 5.2
v 1.7 6.6 4.6
v 1.7 6.6 4.4
v 1.7 6.6 3.7
v 1.7 6.6 3.6
v 1.7 6.6 3.4
v 1.7 6.6 3
v 1.7 6.6 2.6
v 1.7 6.6 2.3
v 1.7 6.6 1.3
v 1.7 6.6 1.2
v 1.7 6.6 -0.7
v 1.7 6.6 -0.9
v 1.7 6.6 -2.1
v 1.7 6.6 -2.6
v 1.7 6.6 -6.2
v 1.7 6.6 -6.6
v 1.7 6.7 8.3
v 1.7 6.7 8.2
v 1.7 6.7 7.6
v 1.7 6.7 7.1
v 1.7 6.7 5.1
v 1.7 6.7 4.6
v 1.7 6.7 4.1
v 1.7 6.7 4
v 1.7 6.7 3.9
v 1.7 6.7 3.8
v 1.7 6.7 3.7
v 1.7 6.7 3.6
v 1.7 6.7 3.4
v 1.7 6.7 3
v 1.7 6.7 2.6
v 1.7 6.7 2.3
v 1.7 6.7 -0.7
v 1.7 6.7 -0.799999
v 1.7 6.7 -1.6
v 1.7 6.7 -1.8
v 1.7 6.7 -3.1
v 1.7 6.7 -3.4
v 1.7 6.7 -3.7
v 1.7 6.7 -4.1
v 1.7 6.7 -4.8
v 1.7 6.7 -5.2
v 1.7 6.7 -5.3
v 1.7 6.7 -6.1
v 1.7 6.7 -6.3
v 1.7 6.7 -7.1
v 1.7 6.7 -7.4
v 1.7 6.8 7.1
v 1.7 6.8 6.7
v 1.7 6.8 5.6
v 1.7 6.8 5.4
v 1.7 6.8 4.6
v 1.7 6.8 4.4
v 1.7 6.8 3.8
v 1.7 6.8 3.7
v 1.7 6.8 2.7
v 1.7 6.8 2.1
v 1.7 6.8 1.6
v 1.7 6.8 1.3
v 1.7 6.8 -1.3
v 1.7 6.8 -1.6
v 1.7 6.8 -2.3
v 1.7 6.8 -2.6
v 1.7 6.8 -3
v 1.7 6.8 -3.2
v 1.7 6.8 -3.3
v 1.7 6.8 -3.5
v 1.7 6.8 -5.1
v 1.7 6.8 -5.2
v 1.7 6.8 -5.6
v 1.7 6.8 -5.9
v 1.7 6.8 -7.1
v 1.7 6.8 -7.2
v 1.7 6.8 -7.3
v 1.7 6.8 -7.4
v 1.7 6.8 -7.8
v 1.7 6.8 -8.1
v 1.7 6.9 6.5
v 1.7 6.9 6.4
v 1.7 6.9 5.9
v 1.7 6.9 5.8
v 1.7 6.9 4.5
v 1.7 6.9 4.4
v 1.7 6.9 4.1
v 1.7 6.9 4
v 1.7 6.9 3.8
v 1.7 6.9 3.5
v 1.7 6.9 -1.3
v 1.7 6.9 -1.7
v 1.7 6.9 -3.3
v 1.7 6.9 -3.5
v 1.7 6.9 -5.1
v 1.7 6.9 -5.3
v 1.7 6.9 -6.1
v 1.7 6.9 -6.3
v 1.7 6.9 -6.8
v 1.7 6.9 -6.9
v 1.7 6.9 -7
v 1.7 6.9 -7.2
v 1.7 6.9 -7.3
v 1.7 6.9 -7.4
v 1.7 7 7.6
v 1.7 7 7.3
v 1.7 7 7.2
v 1.7 7 7
v 1.7 7 6.5
v 1.7 7 6.4
v 1.7 7 5.6
v 1.7 7 5.4
v 1.7 7 5.1
v 1.7 7 4.6
v 1.7 7 3.8
v 1.7 7 3.6
v 1.7 7 3.5
v 1.7 7 3.1
v 1.7 7 2.7
v 1.7 7 2.1
v 1.7 7 1.9
v 1.7 7 1.7
v 1.7 7 1.6
v 1.7 7 1.3
v 1.7 7 -1.3
v 1.7 7 -1.7
v 1.7 7 -2.1
v 1.7 7 -2.3
v 1.7 7 -2.8
v 1.7 7 -3
v 1.7 7 -3.1
v 1.7 7 -3.2
v 1.7 7 -4.1
v 1.7 7 -4.8
v 1.7 7 -5.4
v 1.7 7 -5.8
v 1.7 7 -6.1
v 1.7 7 -6.2
v 1.7 7 -6.6
v 1.7 7 -6.7
v 1.7 7 -8
v 1.7 7 -8.2
v 1.7 7.1 7.2
v 1.7 7.1 7
v 1.7 7.1 4.5
v 1.7 7.1 4.4
v 1.7 7.1 4.3
v 1.7 7.1 4.1
v 1.7 7.1 3.6
v 1.7 7.1 3.4
v 1.7 7.1 3.3
v 1.7 7.1 3.1
v 1.7 7.1 1.6
v 1.7 7.1 1.5
v 1.7 7.1 1.2
v 1.7 7.1 1.1
v 1.7 7.1 -0.2
v 1.7 7.1 -0.299999
v 1.7 7.1 -0.7
v 1.7 7.1 -3.2
v 1.7 7.1 -3.3
v 1.7 7.1 -5
v 1.7 7.1 -5.1
v 1.7 7.1 -5.4
v 1.7 7.1 -5.8
v 1.7 7.1 -6.1
v 1.7 7.1 -6.2
v 1.7 7.1 -6.7
v 1.7 7.1 -6.9
v 1.7 7.1 -7.3
v 1.7 7.1 -7.4
v 1.7 7.2 7.6
v 1.7 7.2 7.3
v 1.7 7.2 6.2
v 1.7 7.2 5.8
v 1.7 7.2 4.3
v 1.7 7.2 4.1
v 1.7 7.2 3.4
v 1.7 7.2 3.3
v 1.7 7.2 1.6
v 1.7 7.2 1.5
v 1.7 7.2 1.1
v 1.7 7.2 -0.2
v 1.7 7.2 -0.299999
v 1.7 7.2 -0.799999
v 1.7 7.2 -1.9
v 1.7 7.2 -2
v 1.7 7.2 -2.8
v 1.7 7.2 -3.1
v 1.7 7.2 -3.2
v 1.7 7.2 -3.3
v 1.7 7.2 -3.7
v 1.7 7.2 -4
v 1.7 7.2 -7
v 1.7 7.2 -7.3
v 1.7 7.2 -8
v 1.7 7.2 -8.2
v 1.7 7.3 -1.9
v 1.7 7.3 -2
v 1.7 7.3 -3.7
v 1.7 7.3 -4
v 1.7 7.3 -5
v 1.7 7.3 -5.1
v 1.7 7.4 8.2
v 1.7 7.4 8.1
v 1.7 7.4 -8.3
v 1.7 7.4 -8.4
v 1.7 8.8 8.2
v 1.7 8.8 8
v 1.7 8.8 7.9
v 1.7 8.8 7.7
v 1.7 8.8 7.6
v 1.7 8.8 7.4
v 1.7 8.8 7.3
v 1.7 8.8 7.1
v 1.7 8.8 7
v 1.7 8.8 6.8
v 1.7 8.8 6.7
v 1.7 8.8 6.5
v 1.7 8.8 6.4
v 1.7 8.8 6.2
v 1.7 8.8 6.1
v 1.7 8.8 5.9
v 1.7 8.8 5.8
v 1.7 8.8 5.6
v 1.7 8.8 5.5
v 1.7 8.8 5.3
v 1.7 8.8 5.2
v 1.7 8.8 5
v 1.7 8.8 4.9
v 1.7 8.8 4.7
v 1.7 8.8 4.6
v 1.7 8.8 4.4
v 1.7 8.8 4.3
v 1.7 8.8 4.1
v 1.7 8.8 4
v 1.7 8.8 3.8
v 1.7 8.8 3.7
v 1.7 8.8 3.5
v 1.7 8.8 3.4
v 1.7 8.8 3.2
v 1.7 8.8 3.1
v 1.7 8.8 2.9
v 1.7 8.8 2.8
v 1.7 8.8 2.6
v 1.7 8.8 2.5
v 1.7 8.8 2.3
v 1.7 8.8 2.2
v 1.7 8.8 2
v 1.7 8.8 1.9
v 1.7 8.8 1.7
v 1.7 8.8 1.6
v 1.7 8.8 1.4
v 1.7 8.8 1.3
v 1.7 8.8 1.1
v 1.7 8.8 1
v 1.7 8.8 0.8
v 1.7 8.8 0.700001
v 1.7 8.8 0.5
v 1.7 8.8 0.400001
v 1.7 8.8 0.200001
v 1.7 8.8 0.1
v 1.7 8.8 -0.0999994
v 1.7 8.8 -0.2
v 1.7 8.8 -0.4
v 1.7 8.8 -0.5
v 1.7 8.8 -0.7
v 1.7 8.8 -0.799999
v 1.7 8.8 -1
v 1.7 8.8 -1.1
v 1.7 8.8 -1.3
v 1.7 8.8 -1.4
v 1.7 8.8 -1.6
v 1.7 8.8 -1.7
v 1.7 8.8 -1.9
v 1.7 8.8 -2
v 1.7 8.8 -2.2
v 1.7 8.8 -2.3
v 1.7 8.8 -2.5
v 1.7 8.8 -2.6
v 1.7 8.8 -2.8
v 1.7 8.8 -2.9
v 1.7 8.8 -3.1
v 1.7 8.8 -3.2
v 1.7 8.8 -3.4
v 1.7 8.8 -3.5
v 1.7 8.8 -3.7
v 1.7 8.8 -3.8
v 1.7 8.8 -4
v 1.7 8.8 -4.1
v 1.7 8.8 -4.3
v 1.7 8.8 -4.4
v 1.7 8.8 -4.6
v 1.7 8.8 -4.7
v 1.7 8.8 -5.2
v 1.7 8.8 -5.3
v 1.7 8.8 -5.5
v 1.7 8.8 -5.6
v 1.7 8.8 -5.8
v 1.7 8.8 -5.9
v 1.7 8.8 -6.4
v 1.7 8.8 -6.5
v 1.7 8.8 -6.7
v 1.7 8.8 -6.8
v 1.7 8.8 -7.3
v 1.7 8.8 -7.4
v 1.7 8.8 -7.6
v 1.7 8.8 -7.7
v 1.7 8.8 -7.9
v 1.7 8.8 -8
v 1.7 8.8 -8.2
v 1.7 8.8 -8.3
v 1.7 8.8 -8.4
v 1.7 8.9 8
v 1.7 8.9 7.9
v 1.7 8.9 7.7
v 1.7 8.9 7.6
v 1.7 8.9 7.4
v 1.7 8.9 7.3
v 1.7 8.9 7.1
v 1.7 8.9 7
v 1.7 8.9 6.8
v 1.7 8.9 6.7
v 1.7 8.9 6.5
v 1.7 8.9 6.4
v 1.7 8.9 6.2
v 1.7 8.9 6.1
v 1.7 8.9 5.9
v 1.7 8.9 5.8
v 1.7 8.9 5.6
v 1.7 8.9 5.5
v 1.7 8.9 5.3
v 1.7 8.9 5.2
v 1.7 8.9 5
v 1.7 8.9 4.9
v 1.7 8.9 4.7
v 1.7 8.9 4.6
v 1.7 8.9 4.4
v 1.7 8.9 4.3
v 1.7 8.9 4.1
v 1.7 8.9 4
v 1.7 8.9 3.8
v 1.7 8.9 3.7
v 1.7 8.9 3.5
v 1.7 8.9 3.4
v 1.7 8.9 3.2
v 1.7 8.9 3.1
v 1.7 8.9 2.9
v 1.7 8.9 2.8
v 1.7 8.9 2.6
v 1.7 8.9 2.5
v 1.7 8.9 2.3
v 1.7 8.9 2.2
v 1.7 8.9 2
v 1.7 8.9 1.9
v 1.7 8.9 1.7
v 1.7 8.9 1.6
v 1.7 8.9 1.4
v 1.7 8.9 1.3
v 1.7 8.9 1.1
v 1.7 8.9 1
v 1.7 8.9 0.8
v 1.7 8.9 0.700001
v 1.7 8.9 0.5
v 1.7 8.9 0.400001
v 1.7 8.9 0.200001
v 1.7 8.9 0.1
v 1.7 8.9 -0.0999994
v 1.7 8.9 -0.2
v 1.7 8.9 -0.4
v 1.7 8.9 -0.5
v 1.7 8.9 -0.7
v 1.7 8.9 -0.799999
v 1.7 8.9 -1
v 1.7 8.9 -1.1
v 1.7 8.9 -1.3
v 1.7 8.9 -1.4
v 1.7 8.9 -1.5
v 1.7 8.9 -1.6
v 1.7 8.9 -1.7
v 1.7 8.9 -1.8
v 1.7 8.9 -1.9
v 1.7 8.9 -2
v 1.7 8.9 -2.2
v 1.7 8.9 -2.3
v 1.7 8.9 -2.5
v 1.7 8.9 -2.6
v 1.7 8.9 -2.8
v 1.7 8.9 -2.9
v 1.7 8.9 -3.1
v 1.7 8.9 -3.2
v 1.7 8.9 -3.4
v 1.7 8.9 -3.5
v 1.7 8.9 -3.7
v 1.7 8.9 -3.8
v 1.7 8.9 -4
v 1.7 8.9 -4.1
v 1.7 8.9 -4.3
v 1.7 8.9 -4.4
v 1.7 8.9 -4.6
v 1.7 8.9 -4.7
v 1.7 8.9 -5.2
v 1.7 8.9 -5.3
v 1.7 8.9 -5.5
v 1.7 8.9 -5.6
v 1.7 8.9 -5.8
v 1.7 8.9 -5.9
v 1.7 8.9 -6.4
v 1.7 8.9 -6.5
v 1.7 8.9 -6.7
v 1.7 8.9 -6.8
v 1.7 8.9 -7.3
v 1.7 8.9 -7.4
v 1.7 8.9 -7.6
v 1.7 8.9 -7.7
v 1.7 8.9 -7.9
v 1.7 8.9 -8
v 1.7 8.9 -8.2
v 1.7 8.9 -8.3
v 1.7 9 8.2
v 1.7 9 8.1
v 1.7 9 8
v 1.7 9 7.8
v 1.7 9 4.6
v 1.7 9 4.4
v 1.7 9 4.1
v 1.7 9 3.9
v 1.7 9 3.6
v 1.7 9 3.3
v 1.7 9 -0.599999
v 1.7 9 -0.9
v 1.7 9 -1
v 1.7 9 -1.2
v 1.7 9 -4.1
v 1.7 9 -4.3
v 1.7 9 -5.1
v 1.7 9 -5.2
v 1.7 9 -5.5
v 1.7 9 -5.7
v 1.7 9 -5.9
v 1.7 9 -6.2
v 1.7 9 -6.4
v 1.7 9 -6.7
v 1.7 9 -7.8
v 1.7 9 -8.3
v 1.7 9.1 8.2
v 1.7 9.1 8.1
v 1.7 9.1 7.8
v 1.7 9.1 7.7
v 1.7 9.1 7.4
v 1.7 9.1 7.2
v 1.7 9.1 7
v 1.7 9.1 6.8
v 1.7 9.1 6.4
v 1.7 9.1 6.2
v 1.7 9.1 4.6
v 1.7 9.1 4.4
v 1.7 9.1 4.2
v 1.7 9.1 4.1
v 1.7 9.1 3.9
v 1.7 9.1 3.6
v 1.7 9.1 3.3
v 1.7 9.1 3
v 1.7 9.1 2.8
v 1.7 9.1 2
v 1.7 9.1 1.4
v 1.7 9.1 0.900001
v 1.7 9.1 0.6
v 1.7 9.1 0.3
v 1.7 9.1 -0.0999994
v 1.7 9.1 -0.599999
v 1.7 9.1 -0.9
v 1.7 9.1 -1.5
v 1.7 9.1 -1.8
v 1.7 9.1 -2.4
v 1.7 9.1 -2.8
v 1.7 9.1 -3.2
v 1.7 9.1 -3.7
v 1.7 9.1 -4.4
v 1.7 9.1 -4.6
v 1.7 9.1 -4.7
v 1.7 9.1 -4.8
v 1.7 9.1 -5.1
v 1.7 9.1 -5.2
v 1.7 9.1 -7.3
v 1.7 9.1 -7.5
v 1.7 9.1 -7.7
v 1.7 9.1 -7.8
v 1.7 9.2 8.3
v 1.7 9.2 8.2
v 1.7 9.2 8
v 1.7 9.2 7.9
v 1.7 9.2 7.4
v 1.7 9.2 7.2
v 1.7 9.2 6.4
v 1.7 9.2 6.3
v 1.7 9.2 5.6
v 1.7 9.2 5.1
v 1.7 9.2 5
v 1.7 9.2 4.8
v 1.7 9.2 4.4
v 1.7 9.2 4.2
v 1.7 9.2 2.4
v 1.7 9.2 2.1
v 1.7 9.2 2
v 1.7 9.2 1.4
v 1.7 9.2 -0.0999994
v 1.7 9.2 -0.599999
v 1.7 9.2 -1
v 1.7 9.2 -1.2
v 1.7 9.2 -1.5
v 1.7 9.2 -1.9
v 1.7 9.2 -2.1
v 1.7 9.2 -2.2
v 1.7 9.2 -2.4
v 1.7 9.2 -2.7
v 1.7 9.2 -3.8
v 1.7 9.2 -4.1
v 1.7 9.2 -4.4
v 1.7 9.2 -4.6
v 1.7 9.2 -4.7
v 1.7 9.2 -4.8
v 1.7 9.2 -5.5
v 1.7 9.2 -5.7
v 1.7 9.2 -6.1
v 1.7 9.2 -6.2
v 1.7 9.2 -6.4
v 1.7 9.2 -6.7
v 1.7 9.2 -7
v 1.7 9.2 -7.3
v 1.7 9.2 -7.5
v 1.7 9.2 -7.7
v 1.7 9.2 -8.3
v 1.7 9.3 7.9
v 1.7 9.3 7.7
v 1.7 9.3 7
v 1.7 9.3 6.9
v 1.7 9.3 6.8
v 1.7 9.3 6.7
v 1.7 9.3 6.3
v 1.7 9.3 6.2
v 1.7 9.3 6
v 1.7 9.3 5.6
v 1.7 9.3 5.5
v 1.7 9.3 5.1
v 1.7 9.3 4.8
v 1.7 9.3 4.6
v 1.7 9.3 4
v 1.7 9.3 3.6
v 1.7 9.3 3
v 1.7 9.3 2.8
v 1.7 9.3 0.900001
v 1.7 9.3 0.6
v 1.7 9.3 0.5
v 1.7 9.3 0.3
v 1.7 9.3 -0.2
v 1.7 9.3 -0.299999
v 1.7 9.3 -0.599999
v 1.7 9.3 -1.5
v 1.7 9.3 -1.9
v 1.7 9.3 -2.1
v 1.7 9.3 -2.2
v 1.7 9.3 -2.5
v 1.7 9.3 -2.7
v 1.7 9.3 -2.8
v 1.7 9.3 -3.2
v 1.7 9.3 -3.8
v 1.7 9.3 -4.1
v 1.7 9.3 -5
v 1.7 9.3 -5.2
v 1.7 9.3 -5.9
v 1.7 9.3 -6.1
v 1.7 9.3 -6.2
v 1.7 9.3 -6.6
v 1.7 9.3 -6.7
v 1.7 9.3 -6.9
v 1.7 9.3 -7
v 1.7 9.3 -7.1
v 1.7 9.3 -7.6
v 1.7 9.3 -8.2
v 1.7 9.3 -8.3
v 1.7 9.3 -8.5
v 1.7 9.4 7.9
v 1.7 9.4 7.7
v 1.7 9.4 7.5
v 1.7 9.4 7.3
v 1.7 9.4 6
v 1.7 9.4 5.8
v 1.7 9.4 5
v 1.7 9.4 4.9
v 1.7 9.4 4.4
v 1.7 9.4 4
v 1.7 9.4 2.4
v 1.7 9.4 2.1
v 1.7 9.4 1.6
v 1.7 9.4 1.2
v 1.7 9.4 0.6
v 1.7 9.4 0.5
v 1.7 9.4 -0.2
v 1.7 9.4 -0.299999
v 1.7 9.4 -3.5
v 1.7 9.4 -3.8
v 1.7 9.4 -4.1
v 1.7 9.4 -4.2
v 1.7 9.4 -4.3
v 1.7 9.4 -4.8
v 1.7 9.4 -5.3
v 1.7 9.4 -5.5
v 1.7 9.4 -5.8
v 1.7 9.4 -5.9
v 1.7 9.4 -6.2
v 1.7 9.4 -6.5
v 1.7 9.4 -7.1
v 1.7 9.4 -7.3
v 1.7 9.5 7.9
v 1.7 9.5 7.7
v 1.7 9.5 7.5
v 1.7 9.5 7.3
v 1.7 9.5 6.4
v 1.7 9.5 6.3
v 1.7 9.5 6.2
v 1.7 9.5 5.8
v 1.7 9.5 5.5
v 1.7 9.5 5.1
v 1.7 9.5 4.9
v 1.7 9.5 4.7
v 1.7 9.5 4.6
v 1.7 9.5 4.4
v 1.7 9.5 3.9
v 1.7 9.5 3.7
v 1.7 9.5 3.6
v 1.7 9.5 3.4
v 1.7 9.5 2.9
v 1.7 9.5 2.6
v 1.7 9.5 2.3
v 1.7 9.5 0.900001
v 1.7 9.5 0.5
v 1.7 9.5 -0.2
v 1.7 9.5 -0.5
v 1.7 9.5 -1.1
v 1.7 9.5 -1.5
v 1.7 9.5 -1.6
v 1.7 9.5 -2
v 1.7 9.5 -2.2
v 1.7 9.5 -2.5
v 1.7 9.5 -2.7
v 1.7 9.5 -2.8
v 1.7 9.5 -3.2
v 1.7 9.5 -3.3
v 1.7 9.5 -3.4
v 1.7 9.5 -3.5
v 1.7 9.5 -3.8
v 1.7 9.5 -5
v 1.7 9.5 -5.2
v 1.7 9.5 -5.3
v 1.7 9.5 -5.5
v 1.7 9.5 -5.6
v 1.7 9.5 -5.9
v 1.7 9.5 -6.2
v 1.7 9.5 -7.1
v 1.7 9.5 -7.3
v 1.7 9.5 -7.6
v 1.7 9.5 -8
v 1.7 9.5 -8.2
v 1.7 9.5 -8.3
v 1.7 9.6 8.3
v 1.7 9.6 8.2
v 1.7 9.6 7.5
v 1.7 9.6 7.1
v 1.7 9.6 6.9
v 1.7 9.6 6.7
v 1.7 9.6 5.4
v 1.7 9.6 5.3
v 1.7 9.6 5.1
v 1.7 9.6 4.7
v 1.7 9.6 4.3
v 1.7 9.6 4
v 1.7 9.6 3.9
v 1.7 9.6 3.7
v 1.7 9.6 2.6
v 1.7 9.6 2.3
v 1.7 9.6 1.6
v 1.7 9.6 1.2
v 1.7 9.6 -0.2
v 1.7 9.6 -0.299999
v 1.7 9.6 -0.5
v 1.7 9.6 -0.599999
v 1.7 9.6 -1.1
v 1.7 9.6 -1.5
v 1.7 9.6 -1.6
v 1.7 9.6 -2
v 1.7 9.6 -2.2
v 1.7 9.6 -2.8
v 1.7 9.6 -3.3
v 1.7 9.6 -3.4
v 1.7 9.6 -5.3
v 1.7 9.6 -5.4
v 1.7 9.6 -5.5
v 1.7 9.6 -5.6
v 1.7 9.6 -5.8
v 1.7 9.6 -5.9
v 1.7 9.6 -6.5
v 1.7 9.6 -6.6
v 1.7 9.6 -6.7
v 1.7 9.6 -6.9
v 1.7 9.6 -7.7
v 1.7 9.6 -7.9
v 1.7 9.6 -8
v 1.7 9.6 -8.5
v 1.7 9.7 8.2
v 1.7 9.7 7.5
v 1.7 9.7 7.1
v 1.7 9.7 6.9
v 1.7 9.7 6.6
v 1.7 9.7 6.4
v 1.7 9.7 5.4
v 1.7 9.7 5.3
v 1.7 9.7 4.3
v 1.7 9.7 4
v 1.7 9.7 3.4
v 1.7 9.7 2.9
v 1.7 9.7 0.900001
v 1.7 9.7 0.5
v 1.7 9.7 -0.299999
v 1.7 9.7 -0.599999
v 1.7 9.7 -2.9
v 1.7 9.7 -3.1
v 1.7 9.7 -4.2
v 1.7 9.7 -4.8
v 1.7 9.7 -5.3
v 1.7 9.7 -5.4
v 1.7 9.7 -5.9
v 1.7 9.7 -6.2
v 1.7 9.7 -7.1
v 1.7 9.7 -7.3
v 1.7 9.7 -7.7
v 1.7 9.7 -7.9
v 1.7 9.8 8.3
v 1.7 9.8 6.6
v 1.7 9.8 6.4
v 1.7 9.8 6.3
v 1.7 9.8 5.8
v 1.7 9.8 -2.9
v 1.7 9.8 -3.1
v 1.7 9.8 -8.5
v 1.9 4.6 -2.9
v 1.9 4.6 -7
v 1.9 4.7 -2.9
v 1.9 4.7 -6.9
v 1.9 5.9 -2.9
v 1.9 5.9 -6.9
v 1.9 6 -2.9
v 1.9 6 -7
v 2 5.1 5.2
v 2 5.1 2.4
v 2 5.2 5.1
v 2 5.2 2.5
v 2 6.3 5.1
v 2 6.3 2.5
v 2 6.4 5.2
v 2 6.4 2.4
v 2.1 9.6 -6
v 2.1 9.6 -6.1
v 2.1 9.7 -6
v 2.1 9.7 -6.1
v 2.2 2.6 1.4
v 2.2 2.6 1.3
v 2.2 2.6 -1
v 2.2 2.6 -1.1
v 2.2 3.5 -0.7
v 2.2 3.5 -0.799999
v 2.2 4.7 -0.7
v 2.2 4.7 -0.799999
v 2.2 6.1 1.3
v 2.2 6.1 -1
v 2.2 6.2 1.4
v 2.2 6.2 -1.1
v 2.3 2.5 1.3
v 2.3 2.5 0.6
v 2.3 2.5 -1
v 2.3 3.5 -0.7
v 2.3 3.5 -0.799999
v 2.3 4.7 -0.7
v 2.3 4.7 -0.799999
v 2.3 5 0.8
v 2.3 5 -0.299999
v 2.3 5.4 0.8
v 2.3 5.4 -0.299999
v 2.3 6.1 1.3
v 2.3 6.1 -1
v 2.5 5 0.8
v 2.5 5 -0.299999
v 2.5 5.4 0.8
v 2.5 5.4 -0.299999
v 3 9.6 0
v 3 9.6 -2.1
v 3 10 -0.9
v 3 10 -1.6
v 3 10 -1.8
v 3 10 -2.1
v 3 10.1 -1
v 3 10.1 -1.6
v 3 10.1 -1.8
v 3 10.1 -2.1
v 3 10.2 0
v 3 10.2 -0.9
v 3 10.2 -1
v 3.1 9.6 -2.2
v 3.1 9.6 -6
v 3.1 9.7 -2.2
v 3.1 9.7 -6
v 3.3 9.6 7.9
v 3.3 9.6 0
v 3.3 9.7 7.9
v 3.3 9.7 0.1
v 3.3 10.2 0
v 3.3 10.2 -0.0999994
v 3.3 10.3 0.1
v 3.3 10.3 -0.0999994
v 3.7 9.7 0.1
v 3.7 9.7 0
v 3.7 10.1 -1
v 3.7 10.1 -1.1
v 3.7 10.1 -1.3
v 3.7 10.2 0.1
v 3.7 10.2 0
v 3.7 10.2 -1
v 3.7 10.2 -1.3
v 4.1 9.6 -4.1
v 4.1 9.6 -4.5
v 4.1 9.6 -4.6
v 4.1 9.6 -4.8
v 4.1 9.7 -4.5
v 4.1 9.7 -4.6
v 4.1 10.1 -4.1
v 4.1 10.1 -4.8
v 4.3 10 -3
v 4.3 10 -3.3
v 4.3 10.2 -3.4
v 4.3 10.2 -3.6
v 4.3 10.2 -3.9
v 4.3 10.3 -3
v 4.3 10.3 -3.3
v 4.3 10.3 -3.5
v 4.3 10.3 -3.6
v 4.3 10.4 -3.5
v 4.3 10.4 -3.9
v 4.3 10.5 -3.4
v 4.3 10.5 -3.9
v 4.4 9.6 -2.8
v 4.4 9.6 -4.1
v 4.4 9.6 -4.8
v 4.4 9.6 -6
v 4.4 9.6 -6.1
v 4.4 9.6 -7.9
v 4.4 9.7 -6
v 4.4 9.7 -6.1
v 4.4 9.9 -6.7
v 4.4 9.9 -7.2
v 4.4 10 -3
v 4.4 10 -3.3
v 4.4 10 -4.8
v 4.4 10 -5.1
v 4.4 10.1 -4.1
v 4.4 10.1 -4.5
v 4.4 10.1 -4.8
v 4.4 10.1 -5.1
v 4.4 10.1 -5.2
v 4.4 10.2 -3.4
v 4.4 10.2 -3.6
v 4.4 10.2 -3.9
v 4.4 10.2 -4.8
v 4.4 10.2 -5.2
v 4.4 10.3 -3
v 4.4 10.3 -3.3
v 4.4 10.3 -4.3
v 4.4 10.3 -4.4
v 4.4 10.3 -4.5
v 4.4 10.3 -5.3
v 4.4 10.3 -5.4
v 4.4 10.3 -5.7
v 4.4 10.3 -6
v 4.4 10.3 -6.7
v 4.4 10.4 -2.8
v 4.4 10.4 -3.4
v 4.4 10.4 -3.9
v 4.4 10.4 -4.3
v 4.4 10.4 -4.4
v 4.4 10.4 -4.5
v 4.4 10.4 -5.3
v 4.4 10.4 -5.4
v 4.4 10.4 -5.7
v 4.4 10.4 -6
v 4.4 10.4 -7.2
v 4.4 10.4 -7.9
v 5.1 5.2 5.1
v 5.1 5.2 2.7
v 5.1 5.2 2.5
v 5.1 6.2 5.1
v 5.1 6.2 2.7
v 5.1 6.3 5.1
v 5.1 6.3 2.5
v 5.2 9.6 6.4
v 5.2 9.6 6.1
v 5.2 9.6 5.7
v 5.2 9.6 5.1
v 5.2 9.6 4.8
v 5.2 9.6 3.9
v 5.2 9.8 6.4
v 5.2 9.8 6.1
v 5.2 9.8 5.7
v 5.2 9.8 5.1
v 5.2 9.8 4.8
v 5.2 9.8 3.9
v 5.3 10.4 -3.4
v 5.3 10.4 -3.6
v 5.3 10.4 -3.9
v 5.3 10.4 -4
v 5.3 10.4 -4.8
v 5.3 10.4 -4.9
v 5.3 10.4 -5.2
v 5.3 10.4 -5.8
v 5.3 10.4 -7.1
v 5.3 10.4 -7.5
v 5.3 10.5 -3.4
v 5.3 10.5 -4
v 5.3 10.5 -4.8
v 5.3 10.5 -4.9
v 5.3 10.5 -5.2
v 5.3 10.5 -5.8
v 5.3 10.5 -7.1
v 5.3 10.5 -7.5
v 5.5 4.7 -2.9
v 5.5 4.7 -6.9
v 5.5 5.9 -2.9
v 5.5 5.9 -6.9
v 5.5 9.6 6.9
v 5.5 9.6 6.6
v 5.5 9.6 6.5
v 5.5 9.6 6.4
v 5.5 9.6 3.9
v 5.5 9.6 3.6
v 5.5 9.6 -0.599999
v 5.5 9.6 -2.8
v 5.5 9.7 6.9
v 5.5 9.7 6.6
v 5.5 9.7 6.5
v 5.5 9.7 6.4
v 5.5 9.7 3.9
v 5.5 9.7 3.6
v 5.5 9.7 -0.599999
v 5.5 9.7 -2.8
v 5.7 1.5 8
v 5.7 1.5 7.9
v 5.7 2.5 8
v 5.7 2.5 7.9
v 5.7 3.7 8.4
v 5.7 3.7 8.3
v 5.7 3.9 8.3
v 5.7 4.1 8.4
v 5.7 4.1 8.3
v 5.8 9.6 7.3
v 5.8 9.6 6.9
v 5.8 9.7 6.9
v 5.8 9.7 6.4
v 5.8 9.8 7.3
v 5.8 9.8 6.4
v 6.4 10.4 -2.8
v 6.4 10.4 -3.4
v 6.4 10.5 -2.8
v 6.4 10.5 -3.4
v 6.6 3 7.9
v 6.6 3 7.8
v 6.6 3.4 7.9
v 6.6 3.4 7.8
v 6.7 9.6 -0.2
v 6.7 9.6 -2.8
v 6.7 9.7 -0.2
v 6.7 9.7 -2.8
v 6.8 0.3 8.4
v 6.8 0.3 7.9
v 6.8 0.4 8.4
v 6.8 0.4 8
v 6.8 3.5 8
v 6.8 3.5 7.9
v 6.9 0.4 8.3
v 6.9 0.4 8.2
v 6.9 0.4 8
v 6.9 1.3 8.3
v 6.9 1.3 8.2
v 6.9 1.6 8.3
v 6.9 1.6 8.2
v 6.9 3.6 8.3
v 6.9 3.6 8.2
v 6.9 3.6 8
v 7.4 5.1 8.3
v 7.4 5.1 8.2
v 7.4 5.1 7.8
v 7.4 6.3 8.3
v 7.4 6.3 8.2
v 7.4 6.3 7.8
v 7.4 9.6 6.4
v 7.4 9.6 6.2
v 7.4 9.6 5.8
v 7.4 9.6 5.6
v 7.4 10 6.4
v 7.4 10 6.2
v 7.4 10 5.8
v 7.4 10 5.6
v 7.8 9.6 8
v 7.8 9.6 6.4
v 7.8 9.6 6.2
v 7.8 9.6 5.8
v 7.8 9.6 5.6
v 7.8 9.6 -8.2
v 7.8 9.8 -6.5
v 7.8 9.8 -7.7
v 7.8 9.9 8
v 7.8 9.9 6.4
v 7.8 9.9 6.2
v 7.8 9.9 5.8
v 7.8 9.9 5.6
v 7.8 9.9 -6.5
v 7.8 9.9 -7.7
v 7.8 9.9 -8.2
v 11.9 0.3 11.2
v 11.9 0.3 -11.8
v 11.9 0.4 11.2
v 11.9 0.4 -11.8
v -12.4 0.2 4.4
v -12.4 0.2 -1.1
v -12.4 0.2 -2.4
v -12.4 0.2 -3.1
v -12.4 0.3 4.4
v -12.4 0.3 -1.1
v -12.4 0.3 -2.4
v -12.4 0.3 -3.1
v -12.3 0.2 -3.1
v -12.3 0.2 -8
v -12.3 0.3 -3.1
v -12.3 0.3 -8
v -11.8 0.2 3.5
v -11.8 0.2 1.3
v -11.8 0.3 3.5
v -11.8 0.3 1.3
v -11.7 3.3 4.4
v -11.7 3.3 3.7
v -11.7 3.3 -4.1
v -11.7 3.3 -4.8
v -11.7 3.4 4.4
v -11.7 3.4 3.7
v -11.7 3.4 -4.1
v -11.7 3.4 -4.8
v -11.5 0.8 3.7
v -11.5 0.8 3.6
v -11.5 0.8 -4.8
v -11.5 0.8 -4.9
v -11.5 3.4 3.7
v -11.5 3.4 3.6
v -11.5 3.4 -4.8
v -11.5 3.4 -4.9
v -11.4 0.5 3.8
v -11.4 0.5 3.6
v -11.4 0.5 -4.7
v -11.4 0.5 -4.9
v -11.4 0.8 3.8
v -11.4 0.8 3.6
v -11.4 0.8 -4.7
v -11.4 0.8 -4.9
v -11.2 3.1 3.6
v -11.2 3.1 3.5
v -11.2 3.1 -4.9
v -11.2 3.1 -5
v -11.2 4.5 3.6
v -11.2 4.5 3.5
v -11.2 4.5 -4.9
v -11.2 4.5 -5
v -11.2 5 2.8
v -11.2 5 2.1
v -11.2 5.1 2.7
v -11.2 5.1 2.2
v -11.2 5.1 2.1
v -11.2 5.9 2.8
v -11.2 5.9 2.7
v -11.1 5.1 2.7
v -11.1 5.1 2.2
v -11.1 5.1 2.1
v -11.1 5.3 2.6
v -11.1 5.3 2.4
v -11.1 5.3 2.3
v -11.1 5.7 2.6
v -11.1 5.7 2.4
v -11.1 5.7 2.3
v -11.1 5.9 2.7
v -11.1 5.9 2.2
v -11.1 5.9 2.1
v -10.9 3.2 3.6
v -10.9 3.2 3.5
v -10.9 3.2 -4.9
v -10.9 3.2 -5
v -10.9 3.3 4.5
v -10.9 3.3 4.1
v -10.9 3.3 3.8
v -10.9 3.3 -4
v -10.9 3.3 -4.4
v -10.9 3.3 -4.7
v -10.9 3.4 4.5
v -10.9 3.4 4.1
v -10.9 3.4 4
v -10.9 3.4 -4
v -10.9 3.4 -4.4
v -10.9 3.4 -4.5
v -10.9 3.5 4
v -10.9 3.5 3.9
v -10.9 3.5 -4.5
v -10.9 3.5 -4.6
v -10.9 4 4
v -10.9 4 3.9
v -10.9 4 3.8
v -10.9 4 3.6
v -10.9 4 -4.5
v -10.9 4 -4.6
v -10.9 4 -4.7
v -10.9 4 -4.9
v -10.9 4.2 4
v -10.9 4.2 3.9
v -10.9 4.2 -4.5
v -10.9 4.2 -4.6
v -10.9 4.3 3.9
v -10.9 4.3 3.6
v -10.9 4.3 -4.6
v -10.9 4.3 -4.9
v -10.9 4.4 3.6
v -10.9 4.4 3.5
v -10.9 4.4 -4.9
v -10.9 4.4 -5
v -10.8 5.1 2.7
v -10.8 5.1 2.2
v -10.8 5.1 -5.8
v -10.8 5.1 -6.3
v -10.8 5.3 2.6
v -10.8 5.3 2.3
v -10.8 5.3 -5.9
v -10.8 5.3 -6.2
v -10.8 5.7 2.6
v -10.8 5.7 2.3
v -10.8 5.7 -5.9
v -10.8 5.7 -6.2
v -10.8 5.9 2.7
v -10.8 5.9 2.2
v -10.8 5.9 -5.8
v -10.8 5.9 -6.3
v -10.7 5 2.9
v -10.7 5 2
v -10.7 5 -5.6
v -10.7 5 -6.5
v -10.7 5.1 2.7
v -10.7 5.1 2.2
v -10.7 5.1 -5.8
v -10.7 5.1 -6.3
v -10.7 5.9 2.7
v -10.7 5.9 2.2
v -10.7 5.9 -5.8
v -10.7 5.9 -6.3
v -10.7 6 2.9
v -10.7 6 2
v -10.7 6 -5.6
v -10.7 6 -6.5
v -10.4 1.5 3.7
v -10.4 1.5 3.6
v -10.4 1.5 -4.8
v -10.4 1.5 -4.9
v -10.4 2.4 3.7
v -10.4 2.4 3.6
v -10.4 2.4 -4.8
v -10.4 2.4 -4.9
v -10.4 4.4 3.6
v -10.4 4.4 3.5
v -10.4 4.4 -4.9
v -10.4 4.4 -5
v -10.4 4.5 3.6
v -10.4 4.5 3.5
v -10.4 4.5 -4.9
v -10.4 4.5 -5
v -10.4 4.7 3.6
v -10.4 4.7 3.5
v -10.4 4.7 -4.9
v -10.4 4.7 -5
v -10.3 3.2 3.2
v -10.3 3.2 2.9
v -10.3 3.2 2.6
v -10.3 3.2 2.3
v -10.3 3.2 -5.3
v -10.3 3.2 -5.6
v -10.3 3.2 -5.9
v -10.3 3.2 -6.2
v -10.3 3.3 2.1
v -10.3 3.3 1.6
v -10.3 3.3 -6.4
v -10.3 3.3 -6.9
v -10.3 4.4 2.1
v -10.3 4.4 1.6
v -10.3 4.4 -6.1
v -10.3 4.4 -6.2
v -10.3 4.4 -6.4
v -10.3 4.4 -6.9
v -10.3 4.5 3.2
v -10.3 4.5 2.9
v -10.3 4.5 2.6
v -10.3 4.5 2.3
v -10.3 4.5 -5.3
v -10.3 4.5 -5.6
v -10.3 4.5 -5.9
v -10.3 4.5 -6.1
v -10.3 4.5 -6.2
v -10.2 0.6 3.3
v -10.2 0.6 2.9
v -10.2 0.6 -5.2
v -10.2 0.6 -5.6
v -10.2 1 3.3
v -10.2 1 2.9
v -10.2 1 -5.2
v -10.2 1 -5.6
v -10.2 3.1 3.3
v -10.2 3.1 1.5
v -10.2 3.1 -5.2
v -10.2 3.1 -7
v -10.2 3.2 3.2
v -10.2 3.2 2.9
v -10.2 3.2 2.6
v -10.2 3.2 2.3
v -10.2 3.2 -5.3
v -10.2 3.2 -5.6
v -10.2 3.2 -5.9
v -10.2 3.2 -6.2
v -10.2 3.3 2.1
v -10.2 3.3 1.6
v -10.2 3.3 -6.4
v -10.2 3.3 -6.9
v -10.2 4.4 2.1
v -10.2 4.4 1.6
v -10.2 4.4 -6.4
v -10.2 4.4 -6.9
v -10.2 4.5 3.2
v -10.2 4.5 2.9
v -10.2 4.5 2.6
v -10.2 4.5 2.3
v -10.2 4.5 2.1
v -10.2 4.5 1.6
v -10.2 4.5 -5.3
v -10.2 4.5 -5.6
v -10.2 4.5 -5.9
v -10.2 4.5 -6.2
v -10.2 4.5 -6.4
v -10.2 4.5 -6.9
v -10.2 4.6 3.3
v -10.2 4.6 1.5
v -10.2 4.6 -5.2
v -10.2 4.6 -7
v -10.1 0.5 3.4
v -10.1 0.5 2.8
v -10.1 0.5 -5.1
v -10.1 0.5 -5.7
v -10.1 0.6 3.3
v -10.1 0.6 2.9
v -10.1 0.6 -5.2
v -10.1 0.6 -5.6
v -10.1 1 3.3
v -10.1 1 2.9
v -10.1 1 -5.2
v -10.1 1 -5.6
v -10.1 1.1 3.4
v -10.1 1.1 2.8
v -10.1 1.1 -5.1
v -10.1 1.1 -5.7
v -10.1 3 3.4
v -10.1 3 1.4
v -10.1 3 -5.1
v -10.1 3 -7.1
v -10.1 3.1 3.3
v -10.1 3.1 1.5
v -10.1 3.1 -5.2
v -10.1 3.1 -7
v -10.1 4.3 3.4
v -10.1 4.3 -5.1
v -10.1 4.5 3.4
v -10.1 4.5 -5.1
v -10.1 4.6 3.4
v -10.1 4.6 3.3
v -10.1 4.6 1.5
v -10.1 4.6 -5.1
v -10.1 4.6 -5.2
v -10.1 4.6 -7
v -10.1 4.7 3.4
v -10.1 4.7 3.2
v -10.1 4.7 3
v -10.1 4.7 2.6
v -10.1 4.7 2.5
v -10.1 4.7 1.6
v -10.1 4.7 1.5
v -10.1 4.7 1.4
v -10.1 4.7 -5.1
v -10.1 4.7 -5.3
v -10.1 4.7 -5.5
v -10.1 4.7 -5.9
v -10.1 4.7 -6
v -10.1 4.7 -6.9
v -10.1 4.7 -7
v -10.1 4.7 -7.1
v -10.1 4.9 3.5
v -10.1 4.9 3.4
v -10.1 4.9 3
v -10.1 4.9 2.8
v -10.1 4.9 2.4
v -10.1 4.9 2
v -10.1 4.9 1.9
v -10.1 4.9 1.6
v -10.1 4.9 1.4
v -10.1 4.9 -5
v -10.1 4.9 -5.1
v -10.1 4.9 -5.5
v -10.1 4.9 -5.7
v -10.1 4.9 -6.1
v -10.1 4.9 -6.5
v -10.1 4.9 -6.6
v -10.1 4.9 -6.9
v -10.1 4.9 -7.1
v -10.1 5 3.5
v -10.1 5 1.4
v -10.1 5 -5
v -10.1 5 -7.1
v -10 0.3 3.6
v -10 0.3 1.3
v -10 0.3 -4.9
v -10 0.3 -7.2
v -10 0.5 3.4
v -10 0.5 2.8
v -10 0.5 2.7
v -10 0.5 2.4
v -10 0.5 1.8
v -10 0.5 1.6
v -10 0.5 -5.1
v -10 0.5 -5.7
v -10 0.5 -5.8
v -10 0.5 -6.1
v -10 0.5 -6.7
v -10 0.5 -6.9
v -10 0.6 2.2
v -10 0.6 1.9
v -10 0.6 1.8
v -10 0.6 1.6
v -10 0.6 1.4
v -10 0.6 1.3
v -10 0.6 -6.3
v -10 0.6 -6.6
v -10 0.6 -6.7
v -10 0.6 -6.9
v -10 0.6 -7.1
v -10 0.6 -7.2
v -10 0.7 2.7
v -10 0.7 2.4
v -10 0.7 1.6
v -10 0.7 1.5
v -10 0.7 -5.8
v -10 0.7 -6.1
v -10 0.7 -6.9
v -10 0.7 -7
v -10 0.8 2.2
v -10 0.8 1.9
v -10 0.8 1.4
v -10 0.8 1.3
v -10 0.8 -6.3
v -10 0.8 -6.6
v -10 0.8 -7.1
v -10 0.8 -7.2
v -10 0.9 2.3
v -10 0.9 2.1
v -10 0.9 2
v -10 0.9 1.8
v -10 0.9 1.6
v -10 0.9 1.5
v -10 0.9 -6.2
v -10 0.9 -6.4
v -10 0.9 -6.5
v -10 0.9 -6.7
v -10 0.9 -6.9
v -10 0.9 -7
v -10 1 1.7
v -10 1 1.5
v -10 1 -6.8
v -10 1 -7
v -10 1.1 3.4
v -10 1.1 2.8
v -10 1.1 2.3
v -10 1.1 2.1
v -10 1.1 -5.1
v -10 1.1 -5.7
v -10 1.1 -6.2
v -10 1.1 -6.4
v -10 1.2 2.5
v -10 1.2 2.3
v -10 1.2 2
v -10 1.2 1.8
v -10 1.2 1.7
v -10 1.2 1.5
v -10 1.2 -6
v -10 1.2 -6.2
v -10 1.2 -6.5
v -10 1.2 -6.7
v -10 1.2 -6.8
v -10 1.2 -7
v -10 1.4 3.4
v -10 1.4 2.8
v -10 1.4 2.5
v -10 1.4 2.4
v -10 1.4 2.3
v -10 1.4 2.1
v -10 1.4 -5.1
v -10 1.4 -5.7
v -10 1.4 -6
v -10 1.4 -6.1
v -10 1.4 -6.2
v -10 1.4 -6.4
v -10 1.5 3.4
v -10 1.5 2.8
v -10 1.5 2.7
v -10 1.5 2.6
v -10 1.5 1.8
v -10 1.5 1.7
v -10 1.5 -5.1
v -10 1.5 -5.7
v -10 1.5 -5.8
v -10 1.5 -5.9
v -10 1.5 -6.7
v -10 1.5 -6.8
v -10 1.6 3.6
v -10 1.6 3.4
v -10 1.6 2.4
v -10 1.6 2.1
v -10 1.6 1.8
v -10 1.6 1.7
v -10 1.6 -4.9
v -10 1.6 -5.1
v -10 1.6 -6.1
v -10 1.6 -6.4
v -10 1.6 -6.7
v -10 1.6 -6.8
v -10 1.7 3.2
v -10 1.7 3.1
v -10 1.7 2.7
v -10 1.7 2.6
v -10 1.7 2.3
v -10 1.7 1.8
v -10 1.7 1.7
v -10 1.7 -5.3
v -10 1.7 -5.4
v -10 1.7 -5.8
v -10 1.7 -5.9
v -10 1.7 -6.2
v -10 1.7 -6.7
v -10 1.7 -6.8
v -10 1.8 2.3
v -10 1.8 2.2
v -10 1.8 -6.2
v -10 1.8 -6.3
v -10 1.9 3.6
v -10 1.9 3.4
v -10 1.9 3.2
v -10 1.9 3.1
v -10 1.9 2.6
v -10 1.9 2.3
v -10 1.9 2.2
v -10 1.9 1.5
v -10 1.9 1.4
v -10 1.9 -4.9
v -10 1.9 -5.1
v -10 1.9 -5.3
v -10 1.9 -5.4
v -10 1.9 -5.9
v -10 1.9 -6.2
v -10 1.9 -6.3
v -10 1.9 -7
v -10 1.9 -7.1
v -10 2 3.6
v -10 2 3.5
v -10 2 2.6
v -10 2 2.3
v -10 2 1.8
v -10 2 1.7
v -10 2 -4.9
v -10 2 -5
v -10 2 -5.9
v -10 2 -6.2
v -10 2 -6.7
v -10 2 -6.8
v -10 2.1 2.5
v -10 2.1 2.3
v -10 2.1 1.5
v -10 2.1 1.4
v -10 2.1 -6
v -10 2.1 -6.2
v -10 2.1 -7
v -10 2.1 -7.1
v -10 2.2 3.6
v -10 2.2 3.5
v -10 2.2 3.3
v -10 2.2 2.2
v -10 2.2 1.7
v -10 2.2 -4.9
v -10 2.2 -5
v -10 2.2 -5.2
v -10 2.2 -6.3
v -10 2.2 -6.8
v -10 2.3 3.5
v -10 2.3 3.3
v -10 2.3 3.2
v -10 2.3 3.1
v -10 2.3 2.8
v -10 2.3 2.6
v -10 2.3 2.5
v -10 2.3 2.4
v -10 2.3 2.3
v -10 2.3 -5
v -10 2.3 -5.2
v -10 2.3 -5.3
v -10 2.3 -5.4
v -10 2.3 -5.7
v -10 2.3 -5.9
v -10 2.3 -6
v -10 2.3 -6.1
v -10 2.3 -6.2
v -10 2.4 3.5
v -10 2.4 3.3
v -10 2.4 -5
v -10 2.4 -5.2
v -10 2.5 3.2
v -10 2.5 2.8
v -10 2.5 2.6
v -10 2.5 2.5
v -10 2.5 2.2
v -10 2.5 1.8
v -10 2.5 1.7
v -10 2.5 1.6
v -10 2.5 -5.3
v -10 2.5 -5.7
v -10 2.5 -5.9
v -10 2.5 -6
v -10 2.5 -6.3
v -10 2.5 -6.7
v -10 2.5 -6.8
v -10 2.5 -6.9
v -10 2.6 3.5
v -10 2.6 3.3
v -10 2.6 1.8
v -10 2.6 1.6
v -10 2.6 -5
v -10 2.6 -5.2
v -10 2.6 -6.7
v -10 2.6 -6.9
v -10 2.7 3
v -10 2.7 2.9
v -10 2.7 2.7
v -10 2.7 2.5
v -10 2.7 -5.5
v -10 2.7 -5.6
v -10 2.7 -5.8
v -10 2.7 -6
v -10 2.8 3.6
v -10 2.8 3.5
v -10 2.8 3
v -10 2.8 2.9
v -10 2.8 2.7
v -10 2.8 2.4
v -10 2.8 -4.9
v -10 2.8 -5
v -10 2.8 -5.5
v -10 2.8 -5.6
v -10 2.8 -5.8
v -10 2.8 -6.1
v -10 3 3.6
v -10 3 3.5
v -10 3 3.4
v -10 3 1.4
v -10 3 -4.9
v -10 3 -5
v -10 3 -5.1
v -10 3 -7.1
v -10 3.1 3.6
v -10 3.1 3.5
v -10 3.1 -4.9
v -10 3.1 -5
v -10 3.4 3.6
v -10 3.4 3.5
v -10 3.4 -4.9
v -10 3.4 -5
v -10 3.7 3.6
v -10 3.7 3.5
v -10 3.7 -4.9
v -10 3.7 -5
v -10 3.9 3.6
v -10 3.9 3.5
v -10 3.9 -4.9
v -10 3.9 -5
v -10 4 3.6
v -10 4 3.5
v -10 4 -4.9
v -10 4 -5
v -10 4.2 3.6
v -10 4.2 3.5
v -10 4.2 -4.9
v -10 4.2 -5
v -10 4.3 3.5
v -10 4.3 3.4
v -10 4.3 -5
v -10 4.3 -5.1
v -10 4.5 3.5
v -10 4.5 3.4
v -10 4.5 -5
v -10 4.5 -5.1
v -10 4.6 3.5
v -10 4.6 3.4
v -10 4.6 -5
v -10 4.6 -5.1
v -10 4.7 3.5
v -10 4.7 3.4
v -10 4.7 3.2
v -10 4.7 3
v -10 4.7 2.6
v -10 4.7 2.5
v -10 4.7 1.6
v -10 4.7 1.5
v -10 4.7 1.4
v -10 4.7 -5
v -10 4.7 -5.1
v -10 4.7 -5.3
v -10 4.7 -5.5
v -10 4.7 -5.9
v -10 4.7 -6
v -10 4.7 -6.9
v -10 4.7 -7
v -10 4.7 -7.1
v -10 4.8 3.5
v -10 4.8 3.4
v -10 4.8 3.2
v -10 4.8 3
v -10 4.8 2.8
v -10 4.8 2.6
v -10 4.8 2.5
v -10 4.8 2.4
v -10 4.8 2
v -10 4.8 1.9
v -10 4.8 1.6
v -10 4.8 1.5
v -10 4.8 -5
v -10 4.8 -5.1
v -10 4.8 -5.3
v -10 4.8 -5.5
v -10 4.8 -5.7
v -10 4.8 -5.9
v -10 4.8 -6
v -10 4.8 -6.1
v -10 4.8 -6.5
v -10 4.8 -6.6
v -10 4.8 -6.9
v -10 4.8 -7
v -10 4.9 3.6
v -10 4.9 3.5
v -10 4.9 3.4
v -10 4.9 3
v -10 4.9 2.8
v -10 4.9 2.4
v -10 4.9 2
v -10 4.9 1.9
v -10 4.9 1.6
v -10 4.9 1.3
v -10 4.9 -4.9
v -10 4.9 -5
v -10 4.9 -5.1
v -10 4.9 -5.5
v -10 4.9 -5.7
v -10 4.9 -6.1
v -10 4.9 -6.5
v -10 4.9 -6.6
v -10 4.9 -6.9
v -10 4.9 -7.2
v -9.9 0.2 3.7
v -9.9 0.2 1.2
v -9.9 0.2 -4.8
v -9.9 0.2 -7.3
v -9.9 0.3 3.7
v -9.9 0.3 1.2
v -9.9 0.3 -4.8
v -9.9 0.3 -7.3
v -9.2 1.4 -1.2
v -9.2 1.4 -2.3
v -9.2 1.5 -1.2
v -9.2 1.5 -2.3
v -9.1 0.1 4.5
v -9.1 0.1 -8.1
v -9.1 0.2 4.4
v -9.1 0.2 -1.1
v -9.1 0.2 -2.4
v -9.1 0.2 -8
v -9.1 0.3 4.5
v -9.1 0.3 4.4
v -9.1 0.3 -8
v -9.1 0.3 -8.1
v -9.1 1.4 -1.1
v -9.1 1.4 -2.4
v -3.5 0.3 11.2
v -3.5 0.3 1.7
v -3.5 0.3 -1.6
v -3.5 0.3 -11.8
v -3.5 0.4 11.2
v -3.5 0.4 1.7
v -3.5 0.4 -1.6
v -3.5 0.4 -11.8
v -2.6 0.3 -4.4
v -2.6 0.3 -4.5
v -2.6 0.8 -4.4
v -2.6 0.8 -4.5
v -2.5 0.3 -7.1
v -2.5 0.3 -7.2
v -2.5 0.7 -7.1
v -2.5 0.7 -7.2
v -2 0.3 -4.4
v -2 0.3 -4.5
v -2 0.3 -7.1
v -2 0.3 -7.2
v -2 0.7 -7.1
v -2 0.7 -7.2
v -2 0.9 -4.3
v -2 0.9 -4.4
v -2 0.9 -4.5
v -2 0.9 -7.1
v -2 0.9 -7.2
v -2 1 -4.3
v -2 1 -7.2
v -1.4 2.1 1.8
v -1.4 2.1 1.7
v -1.4 2.1 -1.5
v -1.4 2.2 1.8
v -1.4 2.2 1.7
v -1.4 2.2 -1.5
v -1.4 2.5 8
v -1.4 2.5 7.7
v -1.4 2.5 7.4
v -1.4 2.5 6.8
v -1.4 2.5 6
v -1.4 2.5 2.8
v -1.4 2.5 2.5
v -1.4 2.5 1.7
v -1.4 2.5 -1.6
v -1.4 2.5 -2.1
v -1.4 2.5 -2.4
v -1.4 2.5 -7.9
v -1.4 2.6 8
v -1.4 2.6 7.7
v -1.4 2.6 7.4
v -1.4 2.6 2.8
v -1.4 2.6 2.5
v -1.4 2.6 1.7
v -1.4 2.6 -1.6
v -1.4 2.6 -2.1
v -1.4 2.6 -2.4
v -1.4 2.6 -7.9
v -1.4 2.8 7.4
v -1.4 2.8 2.8
v -1.4 2.8 -2.4
v -1.4 2.8 -7.9
v -1.4 2.9 7.4
v -1.4 2.9 2.8
v -1.4 2.9 -2.4
v -1.4 2.9 -7.9
v -1.4 3.2 7.4
v -1.4 3.2 2.8
v -1.4 3.2 -2.4
v -1.4 3.2 -7.9
v -1.4 3.3 7.4
v -1.4 3.3 2.8
v -1.4 3.3 -2.4
v -1.4 3.3 -7.9
v -1.4 3.6 7.4
v -1.4 3.6 2.8
v -1.4 3.6 -2.4
v -1.4 3.6 -7.9
v -1.4 3.7 7.4
v -1.4 3.7 2.8
v -1.4 3.7 -2.4
v -1.4 3.7 -7.9
v -1.2 2.5 7.7
v -1.2 2.5 7.6
v -1.2 2.5 7.5
v -1.2 2.5 7.4
v -1.2 2.5 2.8
v -1.2 2.5 2.7
v -1.2 2.5 2.6
v -1.2 2.5 2.5
v -1.2 2.5 -2.1
v -1.2 2.5 -2.2
v -1.2 2.5 -2.3
v -1.2 2.5 -2.4
v -1.2 2.5 -7.9
v -1.2 2.5 -8
v -1.2 2.5 -8.2
v -1.2 2.6 -8.1
v -1.2 2.6 -8.2
v -1.2 2.8 7.7
v -1.2 2.8 7.6
v -1.2 2.8 -8.1
v -1.2 2.8 -8.2
v -1.2 2.9 7.7
v -1.2 2.9 7.6
v -1.2 2.9 -8.1
v -1.2 2.9 -8.2
v -1.2 3.2 7.7
v -1.2 3.2 7.6
v -1.2 3.2 -8.1
v -1.2 3.2 -8.2
v -1.2 3.3 7.7
v -1.2 3.3 7.6
v -1.2 3.3 -8.1
v -1.2 3.3 -8.2
v -1.2 3.6 7.7
v -1.2 3.6 7.6
v -1.2 3.6 -8.1
v -1.2 3.6 -8.2
v -1.2 3.7 7.7
v -1.2 3.7 7.6
v -1.2 3.7 -8.1
v -1.2 3.7 -8.2
v -1.2 6.6 -2.1
v -1.2 6.6 -2.2
v -1.2 6.6 -2.3
v -1.2 6.6 -2.4
v -1.2 6.8 -2.1
v -1.2 6.8 -2.2
v -1.2 6.8 -2.3
v -1.2 6.8 -2.4
v -1.2 7.4 7.7
v -1.2 7.4 7.6
v -1.2 7.4 7.5
v -1.2 7.4 7.4
v -1.2 7.4 2.8
v -1.2 7.4 2.7
v -1.2 7.4 2.6
v -1.2 7.4 2.5
v -1.2 7.4 -2.1
v -1.2 7.4 -2.2
v -1.2 7.4 -2.3
v -1.2 7.4 -2.4
v -1.2 7.4 -7.9
v -1.2 7.4 -8
v -1.2 7.4 -8.1
v -1.2 7.4 -8.2
v 0.799999 2.5 7
v 0.799999 2.5 6.9
v 0.799999 2.7 7
v 0.799999 2.7 6.9
v 0.9 2.7 7
v 0.9 2.7 6.9
v 0.9 5.9 7
v 0.9 5.9 6.9
v 1.6 2.4 8.3
v 1.6 2.4 8.2
v 1.6 2.5 8.3
v 1.6 2.5 8.2
v 1.6 2.5 6.8
v 1.6 2.5 5.6
v 1.6 2.5 4.8
v 1.6 2.5 3.6
v 1.6 2.6 6.9
v 1.6 2.6 6.8
v 1.6 2.6 5.6
v 1.6 2.6 4.8
v 1.6 2.6 3.6
v 1.6 5 4.8
v 1.6 5 3.6
v 1.6 5.9 6.9
v 1.6 5.9 5.6
v 1.6 8.8 -4.9
v 1.6 8.8 -5
v 1.6 8.8 -6.1
v 1.6 8.8 -6.2
v 1.6 8.8 -7
v 1.6 8.8 -7.1
v 1.6 8.9 -4.9
v 1.6 8.9 -5
v 1.6 8.9 -6.1
v 1.6 8.9 -6.2
v 1.6 8.9 -7
v 1.6 8.9 -7.1
v 2 4.7 -2.9
v 2 4.7 -6.9
v 2 5.9 -2.9
v 2 5.9 -6.9
v 2 9.6 8
v 2 9.6 -8.2
v 2 9.9 8
v 2 9.9 -8.2
v 2.1 5.2 5.1
v 2.1 5.2 2.5
v 2.1 6.3 5.1
v 2.1 6.3 2.5
v 3.2 9.6 -2.2
v 3.2 9.6 -4.5
v 3.2 9.6 -4.6
v 3.2 9.6 -6
v 3.2 9.7 -2.2
v 3.2 9.7 -4.5
v 3.2 9.7 -4.6
v 3.2 9.7 -6
v 3.4 5.1 8.3
v 3.4 5.1 8.2
v 3.4 5.1 7.8
v 3.4 6.3 8.3
v 3.4 6.3 8.2
v 3.4 6.3 7.8
v 3.4 9.6 7.9
v 3.4 9.6 6.6
v 3.4 9.6 6.5
v 3.4 9.6 0
v 3.4 9.7 7.9
v 3.4 9.7 6.6
v 3.4 9.7 6.5
v 3.4 9.7 0.1
v 3.4 10.2 0
v 3.4 10.2 -0.0999994
v 3.4 10.3 0.1
v 3.4 10.3 -0.0999994
v 3.7 10.1 -0.2
v 3.7 10.1 -0.599999
v 3.7 10.2 -0.2
v 3.7 10.2 -0.599999
v 3.9 9.7 0.1
v 3.9 9.7 0
v 3.9 10.1 0
v 3.9 10.1 -0.2
v 3.9 10.1 -0.599999
v 3.9 10.1 -1.3
v 3.9 10.2 0.1
v 3.9 10.2 -0.2
v 3.9 10.2 -0.599999
v 3.9 10.2 -1.3
v 4.3 9.6 -0.2
v 4.3 9.6 -0.4
v 4.3 9.6 -0.599999
v 4.3 9.6 -2.1
v 4.3 9.7 0
v 4.3 9.7 -0.2
v 4.3 9.7 -0.4
v 4.3 9.7 -0.599999
v 4.3 10 -0.299999
v 4.3 10 -0.9
v 4.3 10.1 0
v 4.3 10.1 -0.299999
v 4.3 10.1 -0.9
v 4.3 10.1 -2.1
v 4.5 10.4 -3.4
v 4.5 10.4 -3.6
v 4.5 10.4 -3.9
v 4.5 10.5 -3.4
v 4.5 10.5 -3.9
v 5.4 0.4 8.3
v 5.4 0.4 8.2
v 5.4 0.4 8
v 5.4 1.6 8.3
v 5.4 1.6 8.2
v 5.4 2.1 8.3
v 5.4 2.1 8.2
v 5.4 2.5 8.3
v 5.4 2.5 8.2
v 5.4 2.6 8.3
v 5.4 2.6 8.2
v 5.4 3.6 8.3
v 5.4 3.6 8.2
v 5.4 3.6 8
v 5.5 0.3 8.4
v 5.5 0.3 7.9
v 5.5 0.4 8.4
v 5.5 0.4 8
v 5.5 3.5 8
v 5.5 3.5 7.9
v 5.7 3 7.9
v 5.7 3 7.8
v 5.7 3.4 7.9
v 5.7 3.4 7.8
v 5.7 9.6 -0.4
v 5.7 9.6 -2.8
v 5.7 9.7 -0.4
v 5.7 9.7 -2.8
v 5.8 1.5 8
v 5.8 1.5 7.9
v 5.8 2.5 8
v 5.8 2.5 7.9
v 5.9 9.7 4.7
v 5.9 9.7 4
v 5.9 9.7 3.9
v 5.9 9.8 4.7
v 5.9 9.8 4
v 5.9 9.8 3.9
v 5.9 10.4 -3.4
v 5.9 10.4 -3.6
v 5.9 10.4 -4
v 5.9 10.4 -4.8
v 5.9 10.4 -4.9
v 5.9 10.5 -3.4
v 5.9 10.5 -3.6
v 5.9 10.5 -4
v 5.9 10.5 -4.9
v 6.4 9.6 7.3
v 6.4 9.6 3.6
v 6.4 9.7 4.7
v 6.4 9.7 3.6
v 6.4 9.8 7.3
v 6.4 9.8 4.7
v 6.5 10.4 -5.2
v 6.5 10.4 -5.6
v 6.5 10.4 -6
v 6.5 10.4 -7
v 6.5 10.4 -7.5
v 6.5 10.5 -5.2
v 6.5 10.5 -5.6
v 6.5 10.5 -6
v 6.5 10.5 -7
v 6.5 10.5 -7.5
v 6.6 3.7 8.4
v 6.6 3.7 8.3
v 6.6 4.1 8.4
v 6.6 4.1 8.3
v 6.7 10.4 -2.8
v 6.7 10.4 -3.4
v 6.7 10.5 -2.8
v 6.7 10.5 -3.4
v 6.9 9.6 0
v 6.9 9.6 -2.8
v 6.9 9.7 0
v 6.9 9.7 -2.8
v 7.4 9.6 -2.8
v 7.4 9.6 -7.9
v 7.4 9.8 -6.5
v 7.4 9.8 -7.7
v 7.4 10.3 -2.9
v 7.4 10.3 -3.5
v 7.4 10.4 -2.8
v 7.4 10.4 -2.9
v 7.4 10.4 -3.5
v 7.4 10.4 -6.5
v 7.4 10.4 -7.7
v 7.4 10.4 -7.9
v 8.1 0.4 8.3
v 8.1 0.4 -8.5
v 8.1 0.7 1.9
v 8.1 0.7 0.900001
v 8.1 0.9 -0.799999
v 8.1 0.9 -1.5
v 8.1 1 6.4
v 8.1 1 4.5
v 8.1 1 -0.799999
v 8.1 1 -1.5
v 8.1 1 -7.7
v 8.1 1 -7.9
v 8.1 1.1 -3.3
v 8.1 1.1 -4
v 8.1 1.1 -5.1
v 8.1 1.1 -6.2
v 8.1 1.2 3.5
v 8.1 1.2 2.7
v 8.1 1.2 -2
v 8.1 1.2 -2.8
v 8.1 1.2 -5.1
v 8.1 1.2 -6.2
v 8.1 1.3 6.4
v 8.1 1.3 4.5
v 8.1 1.3 1.9
v 8.1 1.3 0.900001
v 8.1 1.3 -3.3
v 8.1 1.3 -4
v 8.1 1.4 5.2
v 8.1 1.4 4.7
v 8.1 1.4 3.6
v 8.1 1.4 3.5
v 8.1 1.4 2.7
v 8.1 1.4 2
v 8.1 1.4 -2.8
v 8.1 1.4 -3.7
v 8.1 1.4 -7.7
v 8.1 1.4 -7.9
v 8.1 1.5 0.3
v 8.1 1.5 -1.9
v 8.1 1.5 -2
v 8.1 1.5 -2.5
v 8.1 1.6 7.7
v 8.1 1.6 5.3
v 8.1 1.6 0.700001
v 8.1 1.6 0.3
v 8.1 1.6 -3.7
v 8.1 1.6 -6.1
v 8.1 1.7 -0.599999
v 8.1 1.7 -1.9
v 8.1 1.8 1
v 8.1 1.8 0.8
v 8.1 1.8 -3.7
v 8.1 1.8 -6.1
v 8.1 1.8 -7.8
v 8.1 1.8 -8.1
v 8.1 2 5.2
v 8.1 2 4.7
v 8.1 2 3.6
v 8.1 2 2
v 8.1 2.1 4.2
v 8.1 2.1 3.9
v 8.1 2.1 -7.8
v 8.1 2.1 -8.1
v 8.1 2.2 -6.3
v 8.1 2.2 -7.3
v 8.1 2.3 3.1
v 8.1 2.3 2.5
v 8.1 2.4 7.7
v 8.1 2.4 5.3
v 8.1 2.4 -1.7
v 8.1 2.4 -2.5
v 8.1 2.4 -4.6
v 8.1 2.4 -5.6
v 8.1 2.5 1
v 8.1 2.5 0.8
v 8.1 2.6 5.5
v 8.1 2.6 5.1
v 8.1 2.6 0.700001
v 8.1 2.6 -0.599999
v 8.1 2.6 -0.799999
v 8.1 2.6 -1.7
v 8.1 2.6 -3.7
v 8.1 2.6 -6.3
v 8.1 2.6 -7.3
v 8.1 2.7 -6.8
v 8.1 2.7 -7.4
v 8.1 2.8 5.1
v 8.1 2.8 4.6
v 8.1 2.8 0.700001
v 8.1 2.8 0.5
v 8.1 2.8 -8
v 8.1 2.8 -8.2
v 8.1 2.9 7.5
v 8.1 2.9 6.6
v 8.1 2.9 -0.799999
v 8.1 2.9 -1.6
v 8.1 2.9 -1.7
v 8.1 2.9 -2
v 8.1 3 0.700001
v 8.1 3 0.5
v 8.1 3 -3.5
v 8.1 3 -4
v 8.1 3.1 7.5
v 8.1 3.1 7.4
v 8.1 3.1 3.1
v 8.1 3.1 2.5
v 8.1 3.1 -2.8
v 8.1 3.1 -3.5
v 8.1 3.1 -4
v 8.1 3.1 -4.1
v 8.1 3.2 -4.6
v 8.1 3.2 -5.6
v 8.1 3.2 -8
v 8.1 3.2 -8.2
v 8.1 3.3 7.4
v 8.1 3.3 6.6
v 8.1 3.3 5.5
v 8.1 3.3 5.1
v 8.1 3.3 -1.6
v 8.1 3.3 -2
v 8.1 3.4 5.1
v 8.1 3.4 4.6
v 8.1 3.4 3.4
v 8.1 3.4 1.8
v 8.1 3.6 0.3
v 8.1 3.6 -0.2
v 8.1 3.6 -6.1
v 8.1 3.6 -6.6
v 8.1 3.7 -6.8
v 8.1 3.7 -7.4
v 8.1 3.8 5.9
v 8.1 3.8 5.8
v 8.1 3.9 -0.599999
v 8.1 3.9 -1.8
v 8.1 3.9 -7.6
v 8.1 3.9 -7.8
v 8.1 4 -0.2
v 8.1 4 -0.599999
v 8.1 4 -2.8
v 8.1 4 -4.1
v 8.1 4 -6.1
v 8.1 4 -6.6
v 8.1 4.1 -2.7
v 8.1 4.1 -3.5
v 8.1 4.2 7.5
v 8.1 4.2 6.4
v 8.1 4.2 0.3
v 8.1 4.2 -0.0999994
v 8.1 4.2 -7.6
v 8.1 4.2 -7.8
v 8.1 4.3 -2.4
v 8.1 4.3 -2.7
v 8.1 4.4 4.8
v 8.1 4.4 4.2
v 8.1 4.4 3.4
v 8.1 4.4 2.7
v 8.1 4.4 2.4
v 8.1 4.4 2.2
v 8.1 4.4 1.9
v 8.1 4.4 1.8
v 8.1 4.5 5.9
v 8.1 4.5 5.8
v 8.1 4.5 2.7
v 8.1 4.5 2.4
v 8.1 4.5 2.2
v 8.1 4.5 1.9
v 8.1 4.5 -0.0999994
v 8.1 4.5 -1.8
v 8.1 4.5 -4.4
v 8.1 4.5 -4.9
v 8.1 4.5 -5.6
v 8.1 4.5 -6.1
v 8.1 4.6 -4.4
v 8.1 4.6 -4.9
v 8.1 4.6 -5.6
v 8.1 4.6 -6.1
v 8.1 4.6 -7.2
v 8.1 4.6 -7.4
v 8.1 4.7 0.3
v 8.1 4.7 -0.599999
v 8.1 4.7 -1.6
v 8.1 4.7 -1.9
v 8.1 4.9 4.1
v 8.1 4.9 3.9
v 8.1 4.9 2.1
v 8.1 4.9 1.9
v 8.1 4.9 -1.6
v 8.1 4.9 -1.9
v 8.1 4.9 -2.4
v 8.1 4.9 -2.7
v 8.1 4.9 -7.2
v 8.1 4.9 -7.4
v 8.1 4.9 -7.7
v 8.1 4.9 -7.8
v 8.1 5.1 1.9
v 8.1 5.1 1.1
v 8.1 5.3 5.8
v 8.1 5.3 5.5
v 8.1 5.3 -7.7
v 8.1 5.3 -7.8
v 8.1 5.4 -1.7
v 8.1 5.4 -2.3
v 8.1 5.5 4.8
v 8.1 5.5 4.1
v 8.1 5.5 0.400001
v 8.1 5.5 0.3
v 8.1 5.5 -1.5
v 8.1 5.5 -1.7
v 8.1 5.6 4.1
v 8.1 5.6 3.3
v 8.1 5.6 -1.5
v 8.1 5.6 -1.7
v 8.1 5.7 7.5
v 8.1 5.7 6.4
v 8.1 5.7 1.9
v 8.1 5.7 1.1
v 8.1 5.7 -1.7
v 8.1 5.7 -2.3
v 8.1 5.9 4.1
v 8.1 5.9 3.3
v 8.1 5.9 2.1
v 8.1 5.9 1.9
v 8.1 5.9 0.400001
v 8.1 5.9 0.3
v 8.1 5.9 -5.6
v 8.1 5.9 -5.9
v 8.1 6.1 -1.8
v 8.1 6.1 -2.7
v 8.1 6.1 -3.5
v 8.1 6.1 -3.6
v 8.1 6.1 -7.7
v 8.1 6.1 -8.4
v 8.1 6.2 1.1
v 8.1 6.2 1
v 8.1 6.3 5.8
v 8.1 6.3 5.5
v 8.1 6.3 0.6
v 8.1 6.3 0.3
v 8.1 6.5 7.9
v 8.1 6.5 7.2
v 8.1 6.5 6.7
v 8.1 6.5 6.2
v 8.1 6.5 -5.6
v 8.1 6.5 -5.9
v 8.1 6.6 5.3
v 8.1 6.6 2.3
v 8.1 6.6 -7.4
v 8.1 6.6 -7.6
v 8.1 6.7 6.7
v 8.1 6.7 6.2
v 8.1 6.7 -0.599999
v 8.1 6.7 -1.8
v 8.1 6.9 1.1
v 8.1 6.9 1
v 8.1 6.9 -7.4
v 8.1 6.9 -7.6
v 8.1 7 0.6
v 8.1 7 0.5
v 8.1 7 -2.2
v 8.1 7 -3.6
v 8.1 7.1 0.5
v 8.1 7.1 -0.2
v 8.1 7.1 -4.4
v 8.1 7.1 -4.6
v 8.1 7.2 -2.2
v 8.1 7.2 -2.3
v 8.1 7.2 -4.4
v 8.1 7.2 -4.6
v 8.1 7.2 -5.4
v 8.1 7.2 -6
v 8.1 7.3 5.9
v 8.1 7.3 5.5
v 8.1 7.3 5.3
v 8.1 7.3 2.8
v 8.1 7.3 2.4
v 8.1 7.3 2.3
v 8.1 7.3 -0.2
v 8.1 7.3 -2.2
v 8.1 7.3 -4.9
v 8.1 7.3 -5.3
v 8.1 7.3 -7.7
v 8.1 7.3 -8.4
v 8.1 7.4 4.8
v 8.1 7.4 4.2
v 8.1 7.4 -5.4
v 8.1 7.4 -6
v 8.1 7.5 5.9
v 8.1 7.5 5.5
v 8.1 7.5 2.8
v 8.1 7.5 2.4
v 8.1 7.5 -2.2
v 8.1 7.5 -2.3
v 8.1 7.5 -4.3
v 8.1 7.5 -4.9
v 8.1 7.6 4.8
v 8.1 7.6 4.2
v 8.1 7.6 -7.5
v 8.1 7.6 -8.1
v 8.1 7.7 -1.1
v 8.1 7.7 -2.5
v 8.1 7.7 -3
v 8.1 7.7 -3.1
v 8.1 7.7 -4.3
v 8.1 7.7 -4.9
v 8.1 7.8 2.1
v 8.1 7.8 2
v 8.1 7.8 -1.1
v 8.1 7.8 -2.5
v 8.1 7.8 -3
v 8.1 7.8 -3.1
v 8.1 7.8 -4.9
v 8.1 7.8 -5.3
v 8.1 7.9 7.9
v 8.1 7.9 7.2
v 8.1 7.9 2.1
v 8.1 7.9 2
v 8.1 8.1 6.6
v 8.1 8.1 6.2
v 8.1 8.1 4.7
v 8.1 8.1 3.6
v 8.1 8.1 -3.3
v 8.1 8.1 -3.8
v 8.1 8.1 -6.7
v 8.1 8.1 -7.1
v 8.1 8.2 6.6
v 8.1 8.2 6.2
v 8.1 8.2 4.7
v 8.1 8.2 3.6
v 8.1 8.2 0.3
v 8.1 8.2 -0.599999
v 8.1 8.2 -2.7
v 8.1 8.2 -3
v 8.1 8.3 1.9
v 8.1 8.3 0.3
v 8.1 8.3 -1.1
v 8.1 8.3 -1.8
v 8.1 8.3 -4.2
v 8.1 8.3 -5.1
v 8.1 8.4 2.7
v 8.1 8.4 2.1
v 8.1 8.4 -3.3
v 8.1 8.4 -3.8
v 8.1 8.4 -6.7
v 8.1 8.4 -7.1
v 8.1 8.5 0.1
v 8.1 8.5 -0.599999
v 8.1 8.5 -5.9
v 8.1 8.5 -6.2
v 8.1 8.6 7.7
v 8.1 8.6 7.5
v 8.1 8.6 3.9
v 8.1 8.6 3.8
v 8.1 8.7 1.9
v 8.1 8.7 0.1
v 8.1 8.7 -2.1
v 8.1 8.7 -2.3
v 8.1 8.7 -5.9
v 8.1 8.7 -6.2
v 8.1 8.7 -8.4
v 8.1 8.7 -8.5
v 8.1 8.8 2.7
v 8.1 8.8 2.1
v 8.1 8.8 -1.1
v 8.1 8.8 -1.8
v 8.1 8.8 -7.4
v 8.1 8.8 -7.5
v 8.1 8.9 7.7
v 8.1 8.9 7.5
v 8.1 8.9 6.8
v 8.1 8.9 5.9
v 8.1 8.9 -4.2
v 8.1 8.9 -4.5
v 8.1 8.9 -4.9
v 8.1 8.9 -5.1
v 8.1 8.9 -7.4
v 8.1 8.9 -7.5
v 8.1 9 -2.1
v 8.1 9 -2.3
v 8.1 9 -2.6
v 8.1 9 -2.7
v 8.1 9 -8.4
v 8.1 9 -8.5
v 8.1 9.1 3.9
v 8.1 9.1 3.8
v 8.1 9.1 -2.6
v 8.1 9.1 -3
v 8.1 9.1 -4.5
v 8.1 9.1 -4.9
v 8.1 9.1 -7.5
v 8.1 9.1 -8.1
v 8.1 9.2 4.5
v 8.1 9.2 3.9
v 8.1 9.3 6.8
v 8.1 9.3 5.9
v 8.1 9.3 4.5
v 8.1 9.3 3.9
v 8.1 9.8 8.3
v 8.1 9.8 -8.5
v 8.1 9.9 6.4
v 8.1 9.9 6.2
v 8.1 9.9 5.8
v 8.1 9.9 5.6
v 8.1 10 6.4
v 8.1 10 6.2
v 8.1 10 5.8
v 8.1 10 5.6
v 8.2 0.3 8.4
v 8.2 0.3 -8.6
v 8.2 0.4 8.4
v 8.2 0.4 -8.6
v 8.2 9.8 8.4
v 8.2 9.8 -8.6
v 8.2 9.9 8.4
v 8.2 9.9 -8.6
v 12.2 0.1 11.5
v 12.2 0.1 -12.1
v 12.2 0.4 11.5
v 12.2 0.4 -12.1
v 12.8 0 12.8
v 12.8 0 -12.8
v 12.8 0.1 12.8
v 12.8 0.1 -12.8
v -12.8 0 12.8
v -12.8 0.1 12.8
v 12.8 0 12.8
v 12.8 0.1 12.8
v -3.8 0.1 11.5
v -3.8 0.4 11.5
v 12.2 0.1 11.5
v 12.2 0.4 11.5
v 1.6 0.3 8.4
v 1.6 0.4 8.4
v 1.6 9.8 8.4
v 1.6 9.9 8.4
v 5.4 0.3 8.4
v 5.4 0.4 8.4
v 5.5 0.3 8.4
v 5.5 0.4 8.4
v 5.7 3.7 8.4
v 5.7 4.1 8.4
v 5.8 3.8 8.4
v 5.8 4 8.4
v 6.5 3.8 8.4
v 6.5 4 8.4
v 6.6 3.7 8.4
v 6.6 4.1 8.4
v 6.8 0.3 8.4
v 6.8 0.4 8.4
v 6.9 0.3 8.4
v 6.9 0.4 8.4
v 8.2 0.3 8.4
v 8.2 0.4 8.4
v 8.2 9.8 8.4
v 8.2 9.9 8.4
v -1.7 0.3 8.3
v -1.7 0.4 8.3
v -1.7 2.4 8.3
v -1.7 2.6 8.3
v 1.6 0.3 8.3
v 1.6 0.4 8.3
v 1.6 2.4 8.3
v 1.6 2.5 8.3
v 1.7 0.4 8.3
v 1.7 2 8.3
v 1.7 2.1 8.3
v 1.7 2.5 8.3
v 1.7 2.6 8.3
v 1.7 3.5 8.3
v 1.7 3.8 8.3
v 1.7 4 8.3
v 1.7 4.1 8.3
v 1.7 4.2 8.3
v 1.7 4.4 8.3
v 1.7 6.3 8.3
v 1.7 6.7 8.3
v 1.7 9.2 8.3
v 1.7 9.6 8.3
v 1.7 9.8 8.3
v 1.8 2.1 8.3
v 1.8 2.2 8.3
v 1.8 3.5 8.3
v 1.8 3.8 8.3
v 1.8 4 8.3
v 1.8 4.1 8.3
v 1.8 6.3 8.3
v 1.8 6.7 8.3
v 1.8 9.2 8.3
v 1.8 9.6 8.3
v 1.9 0.8 8.3
v 1.9 1.2 8.3
v 1.9 2 8.3
v 1.9 2.1 8.3
v 1.9 2.2 8.3
v 1.9 2.3 8.3
v 1.9 2.9 8.3
v 1.9 3 8.3
v 1.9 3.8 8.3
v 1.9 4 8.3
v 1.9 9.4 8.3
v 1.9 9.6 8.3
v 2 1.4 8.3
v 2 1.5 8.3
v 2 1.6 8.3
v 2 1.7 8.3
v 2 2.1 8.3
v 2 2.3 8.3
v 2 2.5 8.3
v 2 2.7 8.3
v 2 2.9 8.3
v 2 3 8.3
v 2 3.8 8.3
v 2 4 8.3
v 2 4.4 8.3
v 2 4.5 8.3
v 2 4.7 8.3
v 2 4.9 8.3
v 2 5 8.3
v 2 5.1 8.3
v 2 6.2 8.3
v 2 6.6 8.3
v 2.1 0.8 8.3
v 2.1 1.2 8.3
v 2.1 1.6 8.3
v 2.1 1.7 8.3
v 2.1 3.1 8.3
v 2.1 3.4 8.3
v 2.1 4.4 8.3
v 2.1 4.5 8.3
v 2.1 4.7 8.3
v 2.1 4.9 8.3
v 2.1 5 8.3
v 2.1 5.1 8.3
v 2.1 7.4 8.3
v 2.1 7.7 8.3
v 2.2 1.4 8.3
v 2.2 1.5 8.3
v 2.2 2.5 8.3
v 2.2 2.7 8.3
v 2.2 3.1 8.3
v 2.2 3.4 8.3
v 2.2 3.6 8.3
v 2.2 4.2 8.3
v 2.2 4.4 8.3
v 2.2 6.8 8.3
v 2.2 7.1 8.3
v 2.2 8.1 8.3
v 2.2 8.6 8.3
v 2.3 0.5 8.3
v 2.3 0.7 8.3
v 2.3 1.8 8.3
v 2.3 2.2 8.3
v 2.3 3.4 8.3
v 2.3 3.6 8.3
v 2.3 5.5 8.3
v 2.3 6 8.3
v 2.3 6.2 8.3
v 2.3 6.6 8.3
v 2.3 7.4 8.3
v 2.3 7.7 8.3
v 2.3 8.7 8.3
v 2.3 8.9 8.3
v 2.3 9.4 8.3
v 2.3 9.6 8.3
v 2.4 4 8.3
v 2.4 4.4 8.3
v 2.4 4.7 8.3
v 2.4 5 8.3
v 2.4 6.8 8.3
v 2.4 7.1 8.3
v 2.4 7.9 8.3
v 2.4 8.1 8.3
v 2.5 1.8 8.3
v 2.5 2.2 8.3
v 2.5 2.6 8.3
v 2.5 3.1 8.3
v 2.5 5.5 8.3
v 2.5 6 8.3
v 2.5 8.2 8.3
v 2.5 8.6 8.3
v 2.6 0.5 8.3
v 2.6 0.7 8.3
v 2.6 1.1 8.3
v 2.6 1.5 8.3
v 2.6 1.8 8.3
v 2.6 1.9 8.3
v 2.6 2.6 8.3
v 2.6 3.1 8.3
v 2.6 4 8.3
v 2.6 4.4 8.3
v 2.6 8.7 8.3
v 2.6 8.9 8.3
v 2.7 2.2 8.3
v 2.7 2.3 8.3
v 2.7 3.6 8.3
v 2.7 3.8 8.3
v 2.7 4.7 8.3
v 2.7 5 8.3
v 2.8 0.8 8.3
v 2.8 0.9 8.3
v 2.8 2.2 8.3
v 2.8 2.3 8.3
v 2.8 2.5 8.3
v 2.8 3.6 8.3
v 2.8 3.8 8.3
v 2.8 5.3 8.3
v 2.8 5.8 8.3
v 2.8 7 8.3
v 2.8 7.7 8.3
v 2.8 7.9 8.3
v 2.8 8.2 8.3
v 2.9 0.4 8.3
v 2.9 0.5 8.3
v 2.9 1.8 8.3
v 2.9 1.9 8.3
v 2.9 5 8.3
v 2.9 5.1 8.3
v 2.9 6.4 8.3
v 2.9 6.6 8.3
v 3 0.8 8.3
v 3 0.9 8.3
v 3 2 8.3
v 3 2.3 8.3
v 3 2.5 8.3
v 3 3.7 8.3
v 3 4 8.3
v 3 5 8.3
v 3 5.1 8.3
v 3 5.3 8.3
v 3 5.8 8.3
v 3 8.2 8.3
v 3 8.5 8.3
v 3 9.1 8.3
v 3 9.3 8.3
v 3.1 0.5 8.3
v 3.1 0.7 8.3
v 3.1 3 8.3
v 3.1 3.5 8.3
v 3.1 6.4 8.3
v 3.1 6.6 8.3
v 3.1 7 8.3
v 3.1 7.7 8.3
v 3.2 0.4 8.3
v 3.2 0.7 8.3
v 3.2 1.1 8.3
v 3.2 1.5 8.3
v 3.2 2 8.3
v 3.2 2.3 8.3
v 3.2 4.5 8.3
v 3.2 4.8 8.3
v 3.3 3.7 8.3
v 3.3 4 8.3
v 3.3 4.5 8.3
v 3.3 4.8 8.3
v 3.3 8.2 8.3
v 3.3 8.5 8.3
v 3.3 9.1 8.3
v 3.3 9.3 8.3
v 3.3 9.5 8.3
v 3.3 9.6 8.3
v 3.4 0.8 8.3
v 3.4 0.9 8.3
v 3.4 5.1 8.3
v 3.4 6.3 8.3
v 3.4 8.5 8.3
v 3.4 8.8 8.3
v 3.4 9.5 8.3
v 3.4 9.6 8.3
v 3.5 1.7 8.3
v 3.5 1.8 8.3
v 3.5 2.5 8.3
v 3.5 2.7 8.3
v 3.5 7.7 8.3
v 3.5 8.1 8.3
v 3.6 0.8 8.3
v 3.6 0.9 8.3
v 3.6 1.2 8.3
v 3.6 1.5 8.3
v 3.6 1.7 8.3
v 3.6 1.8 8.3
v 3.6 3 8.3
v 3.6 3.5 8.3
v 3.6 6.9 8.3
v 3.6 7.1 8.3
v 3.6 7.7 8.3
v 3.6 8.1 8.3
v 3.7 1.9 8.3
v 3.7 2 8.3
v 3.7 2.5 8.3
v 3.7 2.7 8.3
v 3.7 4.3 8.3
v 3.7 4.5 8.3
v 3.7 4.7 8.3
v 3.7 4.8 8.3
v 3.7 8.5 8.3
v 3.7 8.7 8.3
v 3.7 8.8 8.3
v 3.7 9.2 8.3
v 3.8 2.1 8.3
v 3.8 2.2 8.3
v 3.8 2.9 8.3
v 3.8 3.4 8.3
v 3.9 0.7 8.3
v 3.9 0.8 8.3
v 3.9 1.9 8.3
v 3.9 2 8.3
v 3.9 7.6 8.3
v 3.9 7.8 8.3
v 3.9 8.1 8.3
v 3.9 8.2 8.3
v 4 2 8.3
v 4 2.1 8.3
v 4 2.9 8.3
v 4 3.4 8.3
v 4 4 8.3
v 4 4.1 8.3
v 4 6.9 8.3
v 4 7.1 8.3
v 4 8.7 8.3
v 4 9.2 8.3
v 4.1 4.7 8.3
v 4.1 4.8 8.3
v 4.1 7.6 8.3
v 4.1 7.8 8.3
v 4.1 8.1 8.3
v 4.1 8.2 8.3
v 4.2 4.3 8.3
v 4.2 4.5 8.3
v 4.2 4.7 8.3
v 4.2 4.8 8.3
v 4.3 1.7 8.3
v 4.3 1.8 8.3
v 4.3 2 8.3
v 4.3 2.1 8.3
v 4.3 2.8 8.3
v 4.3 3.1 8.3
v 4.3 4.7 8.3
v 4.3 4.8 8.3
v 4.3 6.7 8.3
v 4.3 6.9 8.3
v 4.4 0.7 8.3
v 4.4 0.8 8.3
v 4.4 2.1 8.3
v 4.4 2.2 8.3
v 4.4 3.5 8.3
v 4.4 3.7 8.3
v 4.4 8.3 8.3
v 4.4 8.6 8.3
v 4.5 4 8.3
v 4.5 4.1 8.3
v 4.5 7.4 8.3
v 4.5 7.6 8.3
v 4.6 7.4 8.3
v 4.6 7.6 8.3
v 4.7 0.7 8.3
v 4.7 0.8 8.3
v 4.7 1.7 8.3
v 4.7 1.8 8.3
v 4.7 4.2 8.3
v 4.7 4.8 8.3
v 4.7 9.2 8.3
v 4.7 9.4 8.3
v 4.8 2.1 8.3
v 4.8 2.3 8.3
v 4.8 3.5 8.3
v 4.8 3.7 8.3
v 4.9 1.2 8.3
v 4.9 1.5 8.3
v 4.9 2.1 8.3
v 4.9 2.3 8.3
v 5 1.6 8.3
v 5 2.1 8.3
v 5 2.8 8.3
v 5 3.1 8.3
v 5 4.2 8.3
v 5 4.8 8.3
v 5.1 0.7 8.3
v 5.1 0.8 8.3
v 5.1 3.9 8.3
v 5.1 4.1 8.3
v 5.1 9.2 8.3
v 5.1 9.4 8.3
v 5.2 2.5 8.3
v 5.2 2.6 8.3
v 5.2 3.9 8.3
v 5.2 4.1 8.3
v 5.2 8.3 8.3
v 5.2 8.6 8.3
v 5.3 6.7 8.3
v 5.3 6.9 8.3
v 5.3 7.6 8.3
v 5.3 7.8 8.3
v 5.4 0.4 8.3
v 5.4 1.6 8.3
v 5.4 2.1 8.3
v 5.4 2.5 8.3
v 5.4 2.6 8.3
v 5.4 3.6 8.3
v 5.4 3.7 8.3
v 5.4 3.9 8.3
v 5.4 7.3 8.3
v 5.4 7.5 8.3
v 5.4 7.6 8.3
v 5.4 7.8 8.3
v 5.4 9.2 8.3
v 5.4 9.3 8.3
v 5.5 4.2 8.3
v 5.5 4.3 8.3
v 5.5 8 8.3
v 5.5 8.2 8.3
v 5.5 9.5 8.3
v 5.5 9.6 8.3
v 5.6 4.2 8.3
v 5.6 4.3 8.3
v 5.6 4.7 8.3
v 5.6 4.9 8.3
v 5.6 7.3 8.3
v 5.6 7.5 8.3
v 5.6 8.6 8.3
v 5.6 8.7 8.3
v 5.7 3.7 8.3
v 5.7 3.9 8.3
v 5.7 4.1 8.3
v 5.7 4.7 8.3
v 5.7 4.9 8.3
v 5.8 8.6 8.3
v 5.8 8.7 8.3
v 5.8 9.2 8.3
v 5.8 9.3 8.3
v 5.8 9.5 8.3
v 5.8 9.6 8.3
v 5.9 8 8.3
v 5.9 8.2 8.3
v 6.1 4.7 8.3
v 6.1 4.8 8.3
v 6.1 7.1 8.3
v 6.1 7.5 8.3
v 6.2 7.1 8.3
v 6.2 7.5 8.3
v 6.2 9 8.3
v 6.2 9.3 8.3
v 6.3 8.2 8.3
v 6.3 8.5 8.3
v 6.3 9.5 8.3
v 6.3 9.6 8.3
v 6.5 4.7 8.3
v 6.5 4.8 8.3
v 6.5 6.8 8.3
v 6.5 7 8.3
v 6.5 8.2 8.3
v 6.5 8.5 8.3
v 6.6 3.7 8.3
v 6.6 4.1 8.3
v 6.6 9 8.3
v 6.6 9.3 8.3
v 6.6 9.5 8.3
v 6.6 9.6 8.3
v 6.7 4.4 8.3
v 6.7 4.7 8.3
v 6.7 7.8 8.3
v 6.7 7.9 8.3
v 6.7 8.7 8.3
v 6.7 8.9 8.3
v 6.9 0.4 8.3
v 6.9 1.3 8.3
v 6.9 1.6 8.3
v 6.9 3.6 8.3
v 6.9 6.8 8.3
v 6.9 7 8.3
v 6.9 7.8 8.3
v 6.9 7.9 8.3
v 6.9 8.7 8.3
v 6.9 8.9 8.3
v 6.9 9.5 8.3
v 6.9 9.6 8.3
v 7 1.8 8.3
v 7 2 8.3
v 7 3.9 8.3
v 7 4.3 8.3
v 7 4.4 8.3
v 7 4.7 8.3
v 7.1 1.3 8.3
v 7.1 1.6 8.3
v 7.1 9.5 8.3
v 7.1 9.6 8.3
v 7.2 0.7 8.3
v 7.2 0.9 8.3
v 7.2 1.8 8.3
v 7.2 2 8.3
v 7.2 3.9 8.3
v 7.2 4.3 8.3
v 7.2 7.2 8.3
v 7.2 7.5 8.3
v 7.3 2.7 8.3
v 7.3 3.1 8.3
v 7.4 3.3 8.3
v 7.4 3.9 8.3
v 7.4 5.1 8.3
v 7.4 6.3 8.3
v 7.4 7.2 8.3
v 7.4 7.5 8.3
v 7.4 8.5 8.3
v 7.4 8.7 8.3
v 7.4 8.8 8.3
v 7.4 9.1 8.3
v 7.4 9.4 8.3
v 7.4 9.5 8.3
v 7.5 0.7 8.3
v 7.5 0.9 8.3
v 7.5 1.2 8.3
v 7.5 2.2 8.3
v 7.5 2.5 8.3
v 7.6 2.7 8.3
v 7.6 3.1 8.3
v 7.6 3.3 8.3
v 7.6 3.9 8.3
v 7.6 4.9 8.3
v 7.6 5.3 8.3
v 7.6 7.9 8.3
v 7.6 8.1 8.3
v 7.6 8.5 8.3
v 7.6 8.7 8.3
v 7.6 8.8 8.3
v 7.6 9.1 8.3
v 7.6 9.4 8.3
v 7.6 9.5 8.3
v 7.7 1.3 8.3
v 7.7 1.8 8.3
v 7.7 2.2 8.3
v 7.7 2.5 8.3
v 7.7 5.8 8.3
v 7.7 6 8.3
v 7.7 7.9 8.3
v 7.7 8.1 8.3
v 7.8 0.9 8.3
v 7.8 1.2 8.3
v 7.8 4.9 8.3
v 7.8 5.3 8.3
v 7.8 6.3 8.3
v 7.8 6.5 8.3
v 7.8 7.3 8.3
v 7.8 7.7 8.3
v 7.9 1.3 8.3
v 7.9 1.8 8.3
v 7.9 5.8 8.3
v 7.9 6 8.3
v 7.9 7.3 8.3
v 7.9 7.7 8.3
v 8 6.3 8.3
v 8 6.5 8.3
v 8.1 0.4 8.3
v 8.1 9.8 8.3
v -1.7 7.4 8.2
v -1.7 8.8 8.2
v -1.6 0.4 8.2
v -1.6 0.8 8.2
v -1.6 0.9 8.2
v -1.6 1 8.2
v -1.6 1.2 8.2
v -1.6 2 8.2
v -1.6 2.2 8.2
v -1.6 2.4 8.2
v -1.5 0.8 8.2
v -1.5 0.9 8.2
v -1.5 1 8.2
v -1.5 1.2 8.2
v -1.5 1.3 8.2
v -1.5 1.6 8.2
v -1.5 2 8.2
v -1.5 2.2 8.2
v -1.5 8.1 8.2
v -1.5 8.2 8.2
v -1.4 1.8 8.2
v -1.4 2 8.2
v -1.4 7.8 8.2
v -1.4 8 8.2
v -1.3 0.6 8.2
v -1.3 0.8 8.2
v -1.3 1.3 8.2
v -1.3 1.6 8.2
v -1.3 1.8 8.2
v -1.3 2 8.2
v -1.2 1.5 8.2
v -1.2 1.6 8.2
v -1.2 8.3 8.2
v -1.2 8.6 8.2
v -1.1 0.6 8.2
v -1.1 0.8 8.2
v -1.1 1 8.2
v -1.1 1.1 8.2
v -1.1 2.1 8.2
v -1.1 2.2 8.2
v -1 0.6 8.2
v -1 0.7 8.2
v -1 1 8.2
v -1 1.1 8.2
v -1 1.5 8.2
v -1 1.6 8.2
v -1 1.7 8.2
v -1 1.8 8.2
v -0.900001 1.2 8.2
v -0.900001 1.5 8.2
v -0.900001 2.1 8.2
v -0.900001 2.2 8.2
v -0.900001 8.3 8.2
v -0.900001 8.6 8.2
v -0.8 0.9 8.2
v -0.8 1 8.2
v -0.8 1.5 8.2
v -0.8 1.7 8.2
v -0.8 1.8 8.2
v -0.8 1.9 8.2
v -0.8 7.8 8.2
v -0.8 8 8.2
v -0.700001 0.9 8.2
v -0.700001 1 8.2
v -0.700001 1.1 8.2
v -0.700001 1.7 8.2
v -0.700001 1.9 8.2
v -0.700001 2 8.2
v -0.700001 2.1 8.2
v -0.6 0.6 8.2
v -0.6 0.7 8.2
v -0.6 1.5 8.2
v -0.6 1.7 8.2
v -0.6 8 8.2
v -0.6 8.1 8.2
v -0.5 1.2 8.2
v -0.5 1.5 8.2
v -0.400001 2 8.2
v -0.400001 2.1 8.2
v -0.3 0.7 8.2
v -0.3 0.9 8.2
v -0.3 1 8.2
v -0.3 1.1 8.2
v -0.3 1.2 8.2
v -0.3 1.4 8.2
v -0.3 1.5 8.2
v -0.3 1.7 8.2
v -0.200001 0.7 8.2
v -0.200001 0.9 8.2
v -0.200001 1.5 8.2
v -0.200001 1.7 8.2
v -0.200001 8 8.2
v -0.200001 8.1 8.2
v -0.1 2.1 8.2
v -0.1 2.2 8.2
v -0.1 8.2 8.2
v -0.1 8.4 8.2
v 0 0.6 8.2
v 0 0.8 8.2
v 0.0999994 0.8 8.2
v 0.0999994 1 8.2
v 0.0999994 2.1 8.2
v 0.0999994 2.2 8.2
v 0.0999994 7.4 8.2
v 0.0999994 7.5 8.2
v 0.2 0.6 8.2
v 0.2 0.8 8.2
v 0.2 1.2 8.2
v 0.2 1.4 8.2
v 0.299999 0.8 8.2
v 0.299999 1 8.2
v 0.299999 1.5 8.2
v 0.299999 1.8 8.2
v 0.299999 1.9 8.2
v 0.299999 2 8.2
v 0.299999 8.4 8.2
v 0.299999 8.5 8.2
v 0.4 0.5 8.2
v 0.4 0.7 8.2
v 0.4 1.5 8.2
v 0.4 1.8 8.2
v 0.4 1.9 8.2
v 0.4 2 8.2
v 0.5 2 8.2
v 0.5 2.1 8.2
v 0.5 7.4 8.2
v 0.5 7.5 8.2
v 0.5 8.1 8.2
v 0.5 8.5 8.2
v 0.599999 1.1 8.2
v 0.599999 1.3 8.2
v 0.7 1.1 8.2
v 0.7 1.3 8.2
v 0.7 2 8.2
v 0.7 2.1 8.2
v 0.7 7.7 8.2
v 0.7 8.3 8.2
v 0.799999 0.5 8.2
v 0.799999 0.7 8.2
v 0.799999 1.3 8.2
v 0.799999 1.6 8.2
v 0.9 1.8 8.2
v 0.9 2.1 8.2
v 1 0.6 8.2
v 1 0.7 8.2
v 1 2.2 8.2
v 1 2.3 8.2
v 1.1 1.3 8.2
v 1.1 1.6 8.2
v 1.1 2.2 8.2
v 1.1 2.3 8.2
v 1.1 7.7 8.2
v 1.1 8.3 8.2
v 1.2 0.6 8.2
v 1.2 0.7 8.2
v 1.2 0.8 8.2
v 1.2 1 8.2
v 1.2 1.8 8.2
v 1.2 2.1 8.2
v 1.3 0.8 8.2
v 1.3 1 8.2
v 1.4 0.5 8.2
v 1.4 0.9 8.2
v 1.4 1.2 8.2
v 1.4 1.4 8.2
v 1.4 1.6 8.2
v 1.4 1.8 8.2
v 1.4 1.9 8.2
v 1.4 2.1 8.2
v 1.5 1.6 8.2
v 1.5 1.8 8.2
v 1.6 0.5 8.2
v 1.6 0.9 8.2
v 1.6 1.2 8.2
v 1.6 1.4 8.2
v 1.6 2.4 8.2
v 1.6 2.5 8.2
v 1.7 0.4 8.2
v 1.7 1.9 8.2
v 1.7 2 8.2
v 1.7 2.1 8.2
v 1.7 2.4 8.2
v 1.7 2.5 8.2
v 1.7 7.4 8.2
v 1.7 8.8 8.2
v -1.8 7.5 8
v -1.8 8.9 8
v -1.7 7.5 8
v -1.7 8.8 8
v 1.7 8.8 8
v 1.7 8.9 8
v 5.4 0.4 8
v 5.4 3.6 8
v 5.5 0.4 8
v 5.5 3.5 8
v 5.7 1.5 8
v 5.7 2.5 8
v 5.8 1.5 8
v 5.8 2.5 8
v 6.8 0.4 8
v 6.8 3.5 8
v 6.9 0.4 8
v 6.9 3.6 8
v 3.3 9.6 7.9
v 3.3 9.7 7.9
v 3.4 9.6 7.9
v 3.4 9.7 7.9
v 5.5 0.3 7.9
v 5.5 3.5 7.9
v 5.7 1.5 7.9
v 5.7 2.5 7.9
v 5.7 3 7.9
v 5.7 3.4 7.9
v 5.8 1.5 7.9
v 5.8 2.5 7.9
v 6.6 3 7.9
v 6.6 3.4 7.9
v 6.8 0.3 7.9
v 6.8 3.5 7.9
v 3.4 5.1 7.8
v 3.4 6.3 7.8
v 3.5 5.2 7.8
v 3.5 6.2 7.8
v 5.7 3 7.8
v 5.7 3.4 7.8
v 6.6 3 7.8
v 6.6 3.4 7.8
v 7.3 5.2 7.8
v 7.3 6.2 7.8
v 7.4 5.1 7.8
v 7.4 6.3 7.8
v -1.8 7.4 7.7
v -1.8 8.9 7.7
v -1.7 7.4 7.7
v -1.7 8.8 7.7
v -1.5 2.6 7.7
v -1.5 7.4 7.7
v -1.4 2.5 7.7
v -1.4 2.6 7.7
v -1.2 2.5 7.7
v -1.2 2.8 7.7
v -1.2 2.9 7.7
v -1.2 3.2 7.7
v -1.2 3.3 7.7
v -1.2 3.6 7.7
v -1.2 3.7 7.7
v -1.2 7.4 7.7
v 1.7 2.8 7.7
v 1.7 2.9 7.7
v 1.7 3.2 7.7
v 1.7 3.3 7.7
v 1.7 3.6 7.7
v 1.7 3.7 7.7
v 1.7 8.8 7.7
v 1.7 8.9 7.7
v -1.8 7.4 7.4
v -1.8 8.9 7.4
v -1.7 7.4 7.4
v -1.7 8.8 7.4
v 1.7 8.8 7.4
v 1.7 8.9 7.4
v 5.8 9.6 7.3
v 5.8 9.8 7.3
v 6.4 9.6 7.3
v 6.4 9.8 7.3
v -1.8 7.4 7.1
v -1.8 8.9 7.1
v -1.7 7.4 7.1
v -1.7 8.8 7.1
v 1.7 8.8 7.1
v 1.7 8.9 7.1
v 0.7 2.5 7
v 0.7 5.9 7
v 0.799999 2.5 7
v 0.799999 2.7 7
v 0.9 2.7 7
v 0.9 5.9 7
v 0.799999 2.5 6.9
v 0.799999 2.7 6.9
v 0.9 2.7 6.9
v 0.9 5.9 6.9
v 1 2.5 6.9
v 1.2 2.5 6.9
v 1.6 2.5 6.9
v 1.6 2.6 6.9
v 1.6 5.9 6.9
v 5.5 9.6 6.9
v 5.5 9.7 6.9
v 5.8 9.6 6.9
v 5.8 9.7 6.9
v -1.8 7.4 6.8
v -1.8 8.9 6.8
v -1.7 7.4 6.8
v -1.7 8.8 6.8
v 1.7 8.8 6.8
v 1.7 8.9 6.8
v 3.4 9.6 6.6
v 3.4 9.7 6.6
v 5.5 9.6 6.6
v 5.5 9.7 6.6
v -1.8 7.4 6.5
v -1.8 8.9 6.5
v -1.7 7.4 6.5
v -1.7 8.8 6.5
v 1.7 8.8 6.5
v 1.7 8.9 6.5
v 5.2 9.6 6.4
v 5.2 9.8 6.4
v 5.5 9.6 6.4
v 5.5 9.7 6.4
v 5.8 9.7 6.4
v 5.8 9.8 6.4
v 7.4 9.6 6.4
v 7.4 10 6.4
v 7.8 9.6 6.4
v 7.8 9.9 6.4
v 8.1 9.9 6.4
v 8.1 10 6.4
v -1.8 7.4 6.2
v -1.8 8.9 6.2
v -1.7 7.4 6.2
v -1.7 8.8 6.2
v 1.7 8.8 6.2
v 1.7 8.9 6.2
v -1.8 7.4 5.9
v -1.8 8.9 5.9
v -1.7 7.4 5.9
v -1.7 8.8 5.9
v 1.7 8.8 5.9
v 1.7 8.9 5.9
v 0.799999 3.3 5.8
v 0.799999 5.7 5.8
v 0.9 3.3 5.8
v 0.9 3.7 5.8
v 0.9 4 5.8
v 0.9 4.2 5.8
v 0.9 4.5 5.8
v 0.9 4.8 5.8
v 0.9 5.1 5.8
v 0.9 5.3 5.8
v 0.9 5.6 5.8
v 0.9 5.7 5.8
v 1.1 3.7 5.8
v 1.1 3.8 5.8
v 1.1 3.9 5.8
v 1.1 4 5.8
v 1.1 5.3 5.8
v 1.1 5.4 5.8
v 1.1 5.5 5.8
v 1.1 5.6 5.8
v 1.2 4.2 5.8
v 1.2 4.3 5.8
v 1.2 4.4 5.8
v 1.2 4.5 5.8
v 1.4 4.8 5.8
v 1.4 4.9 5.8
v 1.4 5 5.8
v 1.4 5.1 5.8
v 7.4 9.6 5.8
v 7.4 10 5.8
v 7.8 9.6 5.8
v 7.8 9.9 5.8
v 8.1 9.9 5.8
v 8.1 10 5.8
v 0.7 3.2 5.7
v 0.7 5.8 5.7
v 0.799999 3.2 5.7
v 0.799999 5.8 5.7
v -1.8 7.4 5.6
v -1.8 8.9 5.6
v -1.7 7.4 5.6
v -1.7 8.8 5.6
v 1.6 2.5 5.6
v 1.6 2.6 5.6
v 1.7 2.5 5.6
v 1.7 2.6 5.6
v 1.7 8.8 5.6
v 1.7 8.9 5.6
v -1.8 7.4 5.3
v -1.8 8.9 5.3
v -1.7 7.4 5.3
v -1.7 8.8 5.3
v 1.7 8.8 5.3
v 1.7 8.9 5.3
v -1.8 7.4 5
v -1.8 8.9 5
v -1.7 7.4 5
v -1.7 8.8 5
v 1.7 8.8 5
v 1.7 8.9 5
v 0.799999 2.5 4.8
v 0.799999 5 4.8
v 0.9 2.5 4.8
v 1.6 2.5 4.8
v 1.6 2.6 4.8
v 1.6 5 4.8
v -1.8 7.4 4.7
v -1.8 8.9 4.7
v -1.7 7.4 4.7
v -1.7 8.8 4.7
v 1.7 8.8 4.7
v 1.7 8.9 4.7
v -12.5 0.1 4.5
v -12.5 0.3 4.5
v -11.8 3.3 4.5
v -11.8 3.4 4.5
v -10.9 3.3 4.5
v -10.9 3.4 4.5
v -9.1 0.1 4.5
v -9.1 0.3 4.5
v -1.8 7.4 4.4
v -1.8 8.9 4.4
v -1.7 7.4 4.4
v -1.7 8.8 4.4
v 1.7 8.8 4.4
v 1.7 8.9 4.4
v -1.8 7.4 4.1
v -1.8 8.9 4.1
v -1.7 7.4 4.1
v -1.7 8.8 4.1
v 1.7 8.8 4.1
v 1.7 8.9 4.1
v -11.1 3.3 4
v -11.1 3.5 4
v -11.1 4 4
v -11.1 4.2 4
v -11 3.3 4
v -11 3.4 4
v -10.9 3.4 4
v -10.9 3.5 4
v -10.9 4 4
v -10.9 4.2 4
v -11.1 3.5 3.9
v -11.1 4 3.9
v -11.1 4.2 3.9
v -11.1 4.3 3.9
v -10.9 3.5 3.9
v -10.9 4 3.9
v -10.9 4.2 3.9
v -10.9 4.3 3.9
v -11.6 0.5 3.8
v -11.6 0.8 3.8
v -11.4 0.5 3.8
v -11.4 0.8 3.8
v -1.8 7.4 3.8
v -1.8 8.9 3.8
v -1.7 7.4 3.8
v -1.7 8.8 3.8
v 0.9 3.3 3.8
v 0.9 4.8 3.8
v 1 3.3 3.8
v 1 3.5 3.8
v 1 3.7 3.8
v 1 3.8 3.8
v 1 4 3.8
v 1 4.1 3.8
v 1 4.3 3.8
v 1 4.4 3.8
v 1 4.6 3.8
v 1 4.7 3.8
v 1.1 3.5 3.8
v 1.1 3.7 3.8
v 1.1 3.8 3.8
v 1.1 4 3.8
v 1.1 4.1 3.8
v 1.1 4.3 3.8
v 1.1 4.4 3.8
v 1.1 4.6 3.8
v 1.1 4.7 3.8
v 1.1 4.8 3.8
v 1.7 8.8 3.8
v 1.7 8.9 3.8
v -11.9 0.2 3.7
v -11.9 0.3 3.7
v -11.7 3.3 3.7
v -11.7 3.4 3.7
v -11.6 0.8 3.7
v -11.6 3.3 3.7
v -11.5 0.8 3.7
v -11.5 3.4 3.7
v -11 1.5 3.7
v -11 2.4 3.7
v -10.4 1.5 3.7
v -10.4 2.4 3.7
v -9.9 0.2 3.7
v -9.9 0.3 3.7
v 0.799999 3.2 3.7
v 0.799999 4.9 3.7
v 0.9 3.2 3.7
v 0.9 4.9 3.7
v -11.8 0.3 3.6
v -11.8 1.6 3.6
v -11.8 1.8 3.6
v -11.8 2.1 3.6
v -11.8 2.3 3.6
v -11.8 2.4 3.6
v -11.8 2.7 3.6
v -11.8 3.1 3.6
v -11.8 3.3 3.6
v -11.8 3.4 3.6
v -11.8 4 3.6
v -11.8 4.2 3.6
v -11.8 4.3 3.6
v -11.8 4.4 3.6
v -11.8 4.7 3.6
v -11.8 4.8 3.6
v -11.8 4.9 3.6
v -11.7 1.6 3.6
v -11.7 1.8 3.6
v -11.7 2.1 3.6
v -11.7 2.3 3.6
v -11.7 2.4 3.6
v -11.7 2.7 3.6
v -11.7 3.1 3.6
v -11.7 3.3 3.6
v -11.7 4 3.6
v -11.7 4.2 3.6
v -11.7 4.3 3.6
v -11.7 4.4 3.6
v -11.6 0.5 3.6
v -11.6 3.3 3.6
v -11.6 3.7 3.6
v -11.6 3.9 3.6
v -11.6 4 3.6
v -11.6 4.2 3.6
v -11.5 0.8 3.6
v -11.5 3.4 3.6
v -11.5 3.7 3.6
v -11.5 3.8 3.6
v -11.5 4.2 3.6
v -11.5 4.3 3.6
v -11.5 4.4 3.6
v -11.5 4.6 3.6
v -11.4 0.5 3.6
v -11.4 0.8 3.6
v -11.4 2.6 3.6
v -11.4 2.8 3.6
v -11.4 3.8 3.6
v -11.4 3.9 3.6
v -11.4 4 3.6
v -11.4 4.3 3.6
v -11.4 4.7 3.6
v -11.4 4.8 3.6
v -11.3 1.3 3.6
v -11.3 2.1 3.6
v -11.3 2.2 3.6
v -11.3 2.3 3.6
v -11.3 2.4 3.6
v -11.3 2.6 3.6
v -11.3 4.4 3.6
v -11.3 4.6 3.6
v -11.3 4.7 3.6
v -11.3 4.9 3.6
v -11.2 0.5 3.6
v -11.2 0.8 3.6
v -11.2 1 3.6
v -11.2 1.2 3.6
v -11.2 1.3 3.6
v -11.2 2.1 3.6
v -11.2 2.2 3.6
v -11.2 2.3 3.6
v -11.2 3.1 3.6
v -11.2 4.5 3.6
v -11.1 2.4 3.6
v -11.1 2.7 3.6
v -11.1 3.2 3.6
v -11.1 4 3.6
v -11.1 4.3 3.6
v -11.1 4.4 3.6
v -11 0.5 3.6
v -11 0.6 3.6
v -11 0.7 3.6
v -11 0.8 3.6
v -11 1.5 3.6
v -11 2.4 3.6
v -10.9 0.6 3.6
v -10.9 0.7 3.6
v -10.9 1 3.6
v -10.9 1.2 3.6
v -10.9 2.7 3.6
v -10.9 2.8 3.6
v -10.9 3.2 3.6
v -10.9 4 3.6
v -10.9 4.3 3.6
v -10.9 4.4 3.6
v -10.9 4.7 3.6
v -10.9 4.9 3.6
v -10.8 0.5 3.6
v -10.8 0.6 3.6
v -10.8 0.9 3.6
v -10.8 1.3 3.6
v -10.8 3.1 3.6
v -10.8 3.7 3.6
v -10.8 3.9 3.6
v -10.8 4.5 3.6
v -10.8 4.6 3.6
v -10.8 4.8 3.6
v -10.7 0.9 3.6
v -10.7 1.1 3.6
v -10.7 4.6 3.6
v -10.7 4.8 3.6
v -10.7 4.9 3.6
v -10.6 4.3 3.6
v -10.6 4.5 3.6
v -10.6 4.8 3.6
v -10.6 4.9 3.6
v -10.5 0.5 3.6
v -10.5 0.6 3.6
v -10.5 0.7 3.6
v -10.5 1.1 3.6
v -10.5 1.3 3.6
v -10.5 2.9 3.6
v -10.5 3.1 3.6
v -10.5 4.1 3.6
v -10.5 4.3 3.6
v -10.4 0.9 3.6
v -10.4 1.1 3.6
v -10.4 1.5 3.6
v -10.4 2.4 3.6
v -10.4 2.7 3.6
v -10.4 2.8 3.6
v -10.4 2.9 3.6
v -10.4 3.1 3.6
v -10.4 3.2 3.6
v -10.4 3.5 3.6
v -10.4 3.7 3.6
v -10.4 3.9 3.6
v -10.4 4 3.6
v -10.4 4.3 3.6
v -10.4 4.4 3.6
v -10.4 4.5 3.6
v -10.4 4.7 3.6
v -10.3 0.9 3.6
v -10.3 1.1 3.6
v -10.3 1.3 3.6
v -10.3 1.5 3.6
v -10.3 2.6 3.6
v -10.3 2.7 3.6
v -10.3 2.8 3.6
v -10.3 3.1 3.6
v -10.3 3.2 3.6
v -10.3 4.1 3.6
v -10.3 4.3 3.6
v -10.2 0.6 3.6
v -10.2 0.7 3.6
v -10.2 3.5 3.6
v -10.2 3.7 3.6
v -10.2 3.9 3.6
v -10.2 4 3.6
v -10.1 1.3 3.6
v -10.1 1.5 3.6
v -10.1 1.6 3.6
v -10.1 1.9 3.6
v -10.1 2 3.6
v -10.1 2.2 3.6
v -10.1 2.6 3.6
v -10.1 2.7 3.6
v -10.1 2.8 3.6
v -10.1 3 3.6
v -10.1 3.1 3.6
v -10.1 3.4 3.6
v -10.1 4 3.6
v -10.1 4.2 3.6
v -10.1 4.4 3.6
v -10.1 4.7 3.6
v -10 0.3 3.6
v -10 1.6 3.6
v -10 1.9 3.6
v -10 2 3.6
v -10 2.2 3.6
v -10 2.8 3.6
v -10 3 3.6
v -10 3.1 3.6
v -10 3.4 3.6
v -10 3.7 3.6
v -10 3.9 3.6
v -10 4 3.6
v -10 4.2 3.6
v -10 4.9 3.6
v 1.6 2.5 3.6
v 1.6 2.6 3.6
v 1.7 2.5 3.6
v 1.7 2.6 3.6
v -11.7 4.9 3.5
v -11.7 5 3.5
v -11.6 4.9 3.5
v -11.6 5 3.5
v -11.5 4.9 3.5
v -11.5 5 3.5
v -11.3 4.9 3.5
v -11.2 3.1 3.5
v -11.2 4.5 3.5
v -11.1 3.2 3.5
v -11.1 4.4 3.5
v -10.9 3.2 3.5
v -10.9 4.4 3.5
v -10.9 4.9 3.5
v -10.8 3.1 3.5
v -10.8 3.7 3.5
v -10.8 3.9 3.5
v -10.8 4.5 3.5
v -10.7 4.9 3.5
v -10.6 4.9 3.5
v -10.4 4.4 3.5
v -10.4 4.5 3.5
v -10.4 4.7 3.5
v -10.2 4.6 3.5
v -10.2 4.7 3.5
v -10.1 4.4 3.5
v -10.1 4.6 3.5
v -10.1 4.7 3.5
v -10.1 4.9 3.5
v -10.1 5 3.5
v -1.8 7.4 3.5
v -1.8 8.9 3.5
v -1.7 7.4 3.5
v -1.7 8.8 3.5
v 1.7 8.8 3.5
v 1.7 8.9 3.5
v -11.7 4.2 3.2
v -11.7 4.4 3.2
v -11.6 4.2 3.2
v -11.6 4.4 3.2
v -1.8 7.4 3.2
v -1.8 8.9 3.2
v -1.7 7.4 3.2
v -1.7 8.8 3.2
v 1.7 8.8 3.2
v 1.7 8.9 3.2
v -11.3 5 2.9
v -11.3 6 2.9
v -10.7 5 2.9
v -10.7 6 2.9
v -10.3 3.2 2.9
v -10.3 4.5 2.9
v -10.2 0.6 2.9
v -10.2 1 2.9
v -10.2 3.2 2.9
v -10.2 4.5 2.9
v -10.1 0.6 2.9
v -10.1 1 2.9
v -1.8 7.4 2.9
v -1.8 8.9 2.9
v -1.7 7.4 2.9
v -1.7 8.8 2.9
v 1.7 8.8 2.9
v 1.7 8.9 2.9
v -10.1 0.5 2.8
v -10.1 1.1 2.8
v -10 0.5 2.8
v -10 1.1 2.8
v -1.5 2.6 2.8
v -1.5 2.8 2.8
v -1.5 2.9 2.8
v -1.5 3.2 2.8
v -1.5 3.3 2.8
v -1.5 3.6 2.8
v -1.5 3.7 2.8
v -1.5 7.4 2.8
v -1.4 2.5 2.8
v -1.4 2.6 2.8
v -1.4 2.8 2.8
v -1.4 2.9 2.8
v -1.4 3.2 2.8
v -1.4 3.3 2.8
v -1.4 3.6 2.8
v -1.4 3.7 2.8
v -1.2 2.5 2.8
v -1.2 7.4 2.8
v -11.2 5.1 2.7
v -11.2 5.9 2.7
v -11.1 5.1 2.7
v -11.1 5.9 2.7
v -10.9 5.1 2.7
v -10.9 5.9 2.7
v -10.8 5.1 2.7
v -10.8 5.9 2.7
v -1.8 7.4 2.6
v -1.8 8.9 2.6
v -1.7 7.4 2.6
v -1.7 8.8 2.6
v 1.7 8.8 2.6
v 1.7 8.9 2.6
v -11.7 4 2.5
v -11.7 4.5 2.5
v -11.6 4 2.5
v -11.6 4.5 2.5
v 2.1 5.2 2.5
v 2.1 6.3 2.5
v 5.1 5.2 2.5
v 5.1 6.3 2.5
v 1.7 5.1 2.4
v 1.7 6.4 2.4
v 1.8 5.1 2.4
v 1.8 6.4 2.4
v 2 5.1 2.4
v 2 6.4 2.4
v -10.3 3.2 2.3
v -10.3 4.5 2.3
v -10.2 3.2 2.3
v -10.2 4.5 2.3
v -1.8 7.4 2.3
v -1.8 8.9 2.3
v -1.7 7.4 2.3
v -1.7 8.8 2.3
v 1.7 8.8 2.3
v 1.7 8.9 2.3
v -11.7 4 2.2
v -11.7 4.5 2.2
v -11.6 4 2.2
v -11.6 4.5 2.2
v -11.3 5.1 2.2
v -11.3 5.9 2.2
v -11.2 5.1 2.2
v -11.2 5.9 2.2
v -10.8 5.1 2.2
v -10.8 5.9 2.2
v -10.7 5.1 2.2
v -10.7 5.9 2.2
v -11.2 5 2.1
v -11.2 5.1 2.1
v -11.1 5.1 2.1
v -11.1 5.9 2.1
v -10.8 5 2.1
v -10.8 5.9 2.1
v -1.8 7.4 2
v -1.8 8.9 2
v -1.7 7.4 2
v -1.7 8.8 2
v 1.7 8.8 2
v 1.7 8.9 2
v -11.7 3.9 1.7
v -11.7 4.5 1.7
v -11.6 3.9 1.7
v -11.6 4.5 1.7
v -3.4 0.3 1.7
v -3.4 0.5 1.7
v -3.2 0.5 1.7
v -3.2 0.7 1.7
v -3 0.7 1.7
v -3 0.9 1.7
v -2.8 0.9 1.7
v -2.8 1.1 1.7
v -2.6 1.1 1.7
v -2.6 1.3 1.7
v -2.4 1.3 1.7
v -2.4 1.5 1.7
v -2.2 1.5 1.7
v -2.2 1.7 1.7
v -2 1.7 1.7
v -2 1.9 1.7
v -1.8 1.9 1.7
v -1.8 2.1 1.7
v -1.8 7.4 1.7
v -1.8 8.9 1.7
v -1.7 0.3 1.7
v -1.7 0.4 1.7
v -1.7 7.4 1.7
v -1.7 8.8 1.7
v -1.6 0.4 1.7
v -1.6 2.1 1.7
v 1.7 8.8 1.7
v 1.7 8.9 1.7
v -11.8 3.8 1.6
v -11.8 4.5 1.6
v -11.8 4.6 1.6
v -11.7 3.8 1.6
v -11.7 4.5 1.6
v -11.7 4.6 1.6
v -10.3 3.3 1.6
v -10.3 4.4 1.6
v -10.2 3.3 1.6
v -10.2 4.4 1.6
v -1.7 2.1 1.6
v -1.7 2.3 1.6
v -1.6 2.1 1.6
v -1.6 2.3 1.6
v -10.2 3.1 1.5
v -10.2 4.6 1.5
v -10.1 3.1 1.5
v -10.1 4.6 1.5
v -10.1 3 1.4
v -10.1 4.7 1.4
v -10 3 1.4
v -10 4.7 1.4
v -1.8 7.4 1.4
v -1.8 8.9 1.4
v -1.7 7.4 1.4
v -1.7 8.8 1.4
v 1.7 8.8 1.4
v 1.7 8.9 1.4
v -11.8 0.2 1.3
v -11.8 0.3 1.3
v -10 0.2 1.3
v -10 0.3 1.3
v 1.6 6.5 1.2
v 1.6 7.1 1.2
v 1.7 6.5 1.2
v 1.7 6.6 1.2
v 1.7 7.1 1.2
v -1.8 7.4 1.1
v -1.8 8.9 1.1
v -1.7 7.4 1.1
v -1.7 8.8 1.1
v 1.7 8.8 1.1
v 1.7 8.9 1.1
v -1.8 7.4 0.8
v -1.8 8.9 0.8
v -1.7 7.4 0.8
v -1.7 8.8 0.8
v 1.7 8.8 0.8
v 1.7 8.9 0.8
v -1.8 7.4 0.5
v -1.8 8.9 0.5
v -1.7 7.4 0.5
v -1.7 8.8 0.5
v 1.7 8.8 0.5
v 1.7 8.9 0.5
v -1.8 7.4 0.200001
v -1.8 8.9 0.200001
v -1.7 7.4 0.200001
v -1.7 8.8 0.200001
v 1.7 8.8 0.200001
v 1.7 8.9 0.200001
v 3.3 9.7 0.1
v 3.3 10.3 0.1
v 3.4 9.7 0.1
v 3.4 10.3 0.1
v 3.7 9.7 0.1
v 3.7 10.2 0.1
v 3.9 9.7 0.1
v 3.9 10.2 0.1
v 3 9.6 0
v 3 10.2 0
v 3.3 9.6 0
v 3.3 10.2 0
v 3.4 9.6 0
v 3.4 10.2 0
v 3.7 9.7 0
v 3.7 10.2 0
v 3.9 9.7 0
v 3.9 10.1 0
v 4.3 9.7 0
v 4.3 10.1 0
v 6.9 9.6 0
v 6.9 9.7 0
v -1.8 7.4 -0.0999994
v -1.8 8.9 -0.0999994
v -1.7 7.4 -0.0999994
v -1.7 8.8 -0.0999994
v 1.7 8.8 -0.0999994
v 1.7 8.9 -0.0999994
v 2.3 5 -0.299999
v 2.3 5.4 -0.299999
v 2.5 5 -0.299999
v 2.5 5.4 -0.299999
v -1.8 7.4 -0.4
v -1.8 8.9 -0.4
v -1.7 7.4 -0.4
v -1.7 8.8 -0.4
v 1.7 8.8 -0.4
v 1.7 8.9 -0.4
v 4.3 9.6 -0.4
v 4.3 9.7 -0.4
v 5.7 9.6 -0.4
v 5.7 9.7 -0.4
v 3.7 10.1 -0.599999
v 3.7 10.2 -0.599999
v 3.9 10.1 -0.599999
v 3.9 10.2 -0.599999
v -1.8 7.4 -0.7
v -1.8 8.9 -0.7
v -1.7 7.4 -0.7
v -1.7 8.8 -0.7
v 1.7 8.8 -0.7
v 1.7 8.9 -0.7
v 2.2 3.5 -0.7
v 2.2 4.7 -0.7
v 2.3 3.5 -0.7
v 2.3 4.7 -0.7
v -12.6 0.2 -1
v -12.6 0.3 -1
v -12.5 0.2 -1
v -12.5 0.3 -1
v -1.8 7.4 -1
v -1.8 8.9 -1
v -1.7 7.4 -1
v -1.7 8.8 -1
v 1.6 2.5 -1
v 1.6 2.6 -1
v 1.7 8.8 -1
v 1.7 8.9 -1
v 2.2 2.5 -1
v 2.2 2.6 -1
v 2.2 6.1 -1
v 2.3 2.5 -1
v 2.3 6.1 -1
v -12.5 0.3 -1.1
v -12.5 1.4 -1.1
v -12.4 0.2 -1.1
v -12.4 0.3 -1.1
v -9.1 0.2 -1.1
v -9.1 1.4 -1.1
v 1.7 2.6 -1.1
v 1.7 6.2 -1.1
v 1.8 2.6 -1.1
v 1.8 6.2 -1.1
v 2.2 2.6 -1.1
v 2.2 6.2 -1.1
v -12.4 1.4 -1.2
v -12.4 1.5 -1.2
v -9.2 1.4 -1.2
v -9.2 1.5 -1.2
v -1.8 7.4 -1.3
v -1.8 8.9 -1.3
v -1.7 7.4 -1.3
v -1.7 8.8 -1.3
v 1.7 8.8 -1.3
v 1.7 8.9 -1.3
v -1.4 2.1 -1.5
v -1.4 2.2 -1.5
v -1.3 2.1 -1.5
v -1.3 2.2 -1.5
v -3.8 0.3 -1.6
v -3.8 0.4 -1.6
v -3.5 0.3 -1.6
v -3.5 0.4 -1.6
v -1.8 7.4 -1.6
v -1.8 8.9 -1.6
v -1.7 2.3 -1.6
v -1.7 2.4 -1.6
v -1.7 2.6 -1.6
v -1.7 7.4 -1.6
v -1.7 8.8 -1.6
v -1.6 2.3 -1.6
v -1.6 2.4 -1.6
v -1.4 2.3 -1.6
v -1.4 2.4 -1.6
v -1.4 2.5 -1.6
v -1.4 2.6 -1.6
v -1.2 2.4 -1.6
v -1.2 2.5 -1.6
v 1.6 4.1 -1.6
v 1.6 6 -1.6
v 1.7 4.1 -1.6
v 1.7 6 -1.6
v 1.7 8.8 -1.6
v 1.7 8.9 -1.6
v -1.8 7.4 -1.9
v -1.8 8.9 -1.9
v -1.7 7.4 -1.9
v -1.7 8.8 -1.9
v 1.7 8.8 -1.9
v 1.7 8.9 -1.9
v -1.5 2.6 -2.1
v -1.5 7.4 -2.1
v -1.4 2.5 -2.1
v -1.4 2.6 -2.1
v -1.4 6.6 -2.1
v -1.4 6.8 -2.1
v -1.2 2.5 -2.1
v -1.2 6.6 -2.1
v -1.2 6.8 -2.1
v -1.2 7.4 -2.1
v -1.8 7.4 -2.2
v -1.8 8.9 -2.2
v -1.7 7.4 -2.2
v -1.7 8.8 -2.2
v 1.7 8.8 -2.2
v 1.7 8.9 -2.2
v 3.1 9.6 -2.2
v 3.1 9.7 -2.2
v 3.2 9.6 -2.2
v 3.2 9.7 -2.2
v -1.8 7.4 -2.5
v -1.8 8.9 -2.5
v -1.7 7.4 -2.5
v -1.7 8.8 -2.5
v 1.7 8.8 -2.5
v 1.7 8.9 -2.5
v -1.8 7.4 -2.8
v -1.8 8.9 -2.8
v -1.7 7.4 -2.8
v -1.7 8.8 -2.8
v 1.7 8.8 -2.8
v 1.7 8.9 -2.8
v 4.4 9.6 -2.8
v 4.4 10.4 -2.8
v 4.5 10.3 -2.8
v 4.5 10.4 -2.8
v 4.7 10.3 -2.8
v 4.7 10.4 -2.8
v 5.5 9.6 -2.8
v 5.5 9.7 -2.8
v 5.7 9.6 -2.8
v 5.7 9.7 -2.8
v 6.4 10.4 -2.8
v 6.4 10.5 -2.8
v 6.7 9.6 -2.8
v 6.7 9.7 -2.8
v 6.7 10.4 -2.8
v 6.7 10.5 -2.8
v 6.9 9.6 -2.8
v 6.9 9.7 -2.8
v 7.4 9.6 -2.8
v 7.4 10.4 -2.8
v 4.3 10 -3
v 4.3 10.3 -3
v 4.4 10 -3
v 4.4 10.3 -3
v -12.4 0.2 -3.1
v -12.4 0.3 -3.1
v -12.3 0.2 -3.1
v -12.3 0.3 -3.1
v -1.8 7.4 -3.1
v -1.8 8.9 -3.1
v -1.7 7.4 -3.1
v -1.7 8.8 -3.1
v 1.7 8.8 -3.1
v 1.7 8.9 -3.1
v -1.8 7.4 -3.4
v -1.8 8.9 -3.4
v -1.7 7.4 -3.4
v -1.7 8.8 -3.4
v 1.7 8.8 -3.4
v 1.7 8.9 -3.4
v 4.3 10.2 -3.4
v 4.3 10.5 -3.4
v 4.4 10.2 -3.4
v 4.4 10.4 -3.4
v 4.5 10.4 -3.4
v 4.5 10.5 -3.4
v 5.3 10.4 -3.4
v 5.3 10.5 -3.4
v 5.7 10.4 -3.4
v 5.8 10.4 -3.4
v 5.8 10.5 -3.4
v 5.9 10.4 -3.4
v 5.9 10.5 -3.4
v -1.8 7.4 -3.7
v -1.8 8.9 -3.7
v -1.7 7.4 -3.7
v -1.7 8.8 -3.7
v 1.7 8.8 -3.7
v 1.7 8.9 -3.7
v -11.8 3.3 -4
v -11.8 3.4 -4
v -10.9 3.3 -4
v -10.9 3.4 -4
v -1.8 7.4 -4
v -1.8 8.9 -4
v -1.7 7.4 -4
v -1.7 8.8 -4
v 1.7 8.8 -4
v 1.7 8.9 -4
v 4.1 9.6 -4.1
v 4.1 10.1 -4.1
v 4.4 9.6 -4.1
v 4.4 10.1 -4.1
v -2.7 0.9 -4.3
v -2.7 1 -4.3
v -2 0.9 -4.3
v -2 1 -4.3
v -1.8 7.4 -4.3
v -1.8 8.9 -4.3
v -1.7 7.4 -4.3
v -1.7 8.8 -4.3
v 1.7 8.8 -4.3
v 1.7 8.9 -4.3
v -2.7 0.3 -4.4
v -2.7 0.9 -4.4
v -2.6 0.3 -4.4
v -2.6 0.8 -4.4
v -2.1 0.3 -4.4
v -2.1 0.8 -4.4
v -2 0.3 -4.4
v -2 0.9 -4.4
v -11.1 3.3 -4.5
v -11.1 3.5 -4.5
v -11.1 4 -4.5
v -11.1 4.2 -4.5
v -11 3.3 -4.5
v -11 3.4 -4.5
v -10.9 3.4 -4.5
v -10.9 3.5 -4.5
v -10.9 4 -4.5
v -10.9 4.2 -4.5
v 3.2 9.6 -4.5
v 3.2 9.7 -4.5
v 4.1 9.6 -4.5
v 4.1 9.7 -4.5
v -11.1 3.5 -4.6
v -11.1 4 -4.6
v -11.1 4.2 -4.6
v -11.1 4.3 -4.6
v -10.9 3.5 -4.6
v -10.9 4 -4.6
v -10.9 4.2 -4.6
v -10.9 4.3 -4.6
v -1.8 7.4 -4.6
v -1.8 8.9 -4.6
v -1.7 7.4 -4.6
v -1.7 8.8 -4.6
v 1.7 8.8 -4.6
v 1.7 8.9 -4.6
v -11.6 0.5 -4.7
v -11.6 0.8 -4.7
v -11.4 0.5 -4.7
v -11.4 0.8 -4.7
v -11.9 0.2 -4.8
v -11.9 0.3 -4.8
v -11.7 3.3 -4.8
v -11.7 3.4 -4.8
v -11.6 0.8 -4.8
v -11.6 3.3 -4.8
v -11.5 0.8 -4.8
v -11.5 3.4 -4.8
v -11 1.5 -4.8
v -11 2.4 -4.8
v -10.4 1.5 -4.8
v -10.4 2.4 -4.8
v -9.9 0.2 -4.8
v -9.9 0.3 -4.8
v -11.8 0.3 -4.9
v -11.8 1.6 -4.9
v -11.8 1.8 -4.9
v -11.8 2.1 -4.9
v -11.8 2.3 -4.9
v -11.8 2.4 -4.9
v -11.8 2.7 -4.9
v -11.8 3.1 -4.9
v -11.8 3.3 -4.9
v -11.8 3.4 -4.9
v -11.8 4 -4.9
v -11.8 4.2 -4.9
v -11.8 4.3 -4.9
v -11.8 4.4 -4.9
v -11.8 4.7 -4.9
v -11.8 4.8 -4.9
v -11.8 4.9 -4.9
v -11.7 1.6 -4.9
v -11.7 1.8 -4.9
v -11.7 2.1 -4.9
v -11.7 2.3 -4.9
v -11.7 2.4 -4.9
v -11.7 2.7 -4.9
v -11.7 3.1 -4.9
v -11.7 3.3 -4.9
v -11.7 4 -4.9
v -11.7 4.2 -4.9
v -11.7 4.3 -4.9
v -11.7 4.4 -4.9
v -11.6 0.5 -4.9
v -11.6 3.3 -4.9
v -11.6 3.7 -4.9
v -11.6 3.9 -4.9
v -11.6 4 -4.9
v -11.6 4.2 -4.9
v -11.5 0.8 -4.9
v -11.5 3.4 -4.9
v -11.5 3.7 -4.9
v -11.5 3.8 -4.9
v -11.5 4.2 -4.9
v -11.5 4.3 -4.9
v -11.5 4.4 -4.9
v -11.5 4.6 -4.9
v -11.4 0.5 -4.9
v -11.4 0.8 -4.9
v -11.4 2.6 -4.9
v -11.4 2.8 -4.9
v -11.4 3.8 -4.9
v -11.4 3.9 -4.9
v -11.4 4 -4.9
v -11.4 4.3 -4.9
v -11.4 4.7 -4.9
v -11.4 4.8 -4.9
v -11.3 1.3 -4.9
v -11.3 2.1 -4.9
v -11.3 2.2 -4.9
v -11.3 2.3 -4.9
v -11.3 2.4 -4.9
v -11.3 2.6 -4.9
v -11.3 4.4 -4.9
v -11.3 4.6 -4.9
v -11.3 4.7 -4.9
v -11.3 4.9 -4.9
v -11.2 0.5 -4.9
v -11.2 0.8 -4.9
v -11.2 1 -4.9
v -11.2 1.2 -4.9
v -11.2 1.3 -4.9
v -11.2 2.1 -4.9
v -11.2 2.2 -4.9
v -11.2 2.3 -4.9
v -11.2 3.1 -4.9
v -11.2 4.5 -4.9
v -11.1 2.4 -4.9
v -11.1 2.7 -4.9
v -11.1 3.2 -4.9
v -11.1 4 -4.9
v -11.1 4.3 -4.9
v -11.1 4.4 -4.9
v -11 0.5 -4.9
v -11 0.6 -4.9
v -11 0.7 -4.9
v -11 0.8 -4.9
v -11 1.5 -4.9
v -11 2.4 -4.9
v -10.9 0.6 -4.9
v -10.9 0.7 -4.9
v -10.9 1 -4.9
v -10.9 1.2 -4.9
v -10.9 2.7 -4.9
v -10.9 2.8 -4.9
v -10.9 3.2 -4.9
v -10.9 4 -4.9
v -10.9 4.3 -4.9
v -10.9 4.4 -4.9
v -10.9 4.7 -4.9
v -10.9 4.9 -4.9
v -10.8 0.5 -4.9
v -10.8 0.6 -4.9
v -10.8 0.9 -4.9
v -10.8 1.3 -4.9
v -10.8 3.1 -4.9
v -10.8 3.7 -4.9
v -10.8 3.9 -4.9
v -10.8 4.5 -4.9
v -10.8 4.6 -4.9
v -10.8 4.8 -4.9
v -10.7 0.9 -4.9
v -10.7 1.1 -4.9
v -10.7 4.6 -4.9
v -10.7 4.8 -4.9
v -10.7 4.9 -4.9
v -10.6 4.3 -4.9
v -10.6 4.5 -4.9
v -10.6 4.8 -4.9
v -10.6 4.9 -4.9
v -10.5 0.5 -4.9
v -10.5 0.6 -4.9
v -10.5 0.7 -4.9
v -10.5 1.1 -4.9
v -10.5 1.3 -4.9
v -10.5 2.9 -4.9
v -10.5 3.1 -4.9
v -10.5 4.1 -4.9
v -10.5 4.3 -4.9
v -10.4 0.9 -4.9
v -10.4 1.1 -4.9
v -10.4 1.5 -4.9
v -10.4 2.4 -4.9
v -10.4 2.7 -4.9
v -10.4 2.8 -4.9
v -10.4 2.9 -4.9
v -10.4 3.1 -4.9
v -10.4 3.2 -4.9
v -10.4 3.5 -4.9
v -10.4 3.7 -4.9
v -10.4 3.9 -4.9
v -10.4 4 -4.9
v -10.4 4.3 -4.9
v -10.4 4.4 -4.9
v -10.4 4.5 -4.9
v -10.4 4.7 -4.9
v -10.3 0.9 -4.9
v -10.3 1.1 -4.9
v -10.3 1.3 -4.9
v -10.3 1.5 -4.9
v -10.3 2.6 -4.9
v -10.3 2.7 -4.9
v -10.3 2.8 -4.9
v -10.3 3.1 -4.9
v -10.3 3.2 -4.9
v -10.3 4.1 -4.9
v -10.3 4.3 -4.9
v -10.2 0.6 -4.9
v -10.2 0.7 -4.9
v -10.2 3.5 -4.9
v -10.2 3.7 -4.9
v -10.2 3.9 -4.9
v -10.2 4 -4.9
v -10.1 1.3 -4.9
v -10.1 1.5 -4.9
v -10.1 1.6 -4.9
v -10.1 1.9 -4.9
v -10.1 2 -4.9
v -10.1 2.2 -4.9
v -10.1 2.6 -4.9
v -10.1 2.7 -4.9
v -10.1 2.8 -4.9
v -10.1 3 -4.9
v -10.1 3.1 -4.9
v -10.1 3.4 -4.9
v -10.1 4 -4.9
v -10.1 4.2 -4.9
v -10.1 4.4 -4.9
v -10.1 4.7 -4.9
v -10 0.3 -4.9
v -10 1.6 -4.9
v -10 1.9 -4.9
v -10 2 -4.9
v -10 2.2 -4.9
v -10 2.8 -4.9
v -10 3 -4.9
v -10 3.1 -4.9
v -10 3.4 -4.9
v -10 3.7 -4.9
v -10 3.9 -4.9
v -10 4 -4.9
v -10 4.2 -4.9
v -10 4.9 -4.9
v -1.8 7.4 -4.9
v -1.8 8.9 -4.9
v -1.7 7.4 -4.9
v -1.7 8.8 -4.9
v 1.6 8.8 -4.9
v 1.6 8.9 -4.9
v -11.7 4.9 -5
v -11.7 5 -5
v -11.6 4.9 -5
v -11.6 5 -5
v -11.5 4.9 -5
v -11.5 5 -5
v -11.3 4.9 -5
v -11.2 3.1 -5
v -11.2 4.5 -5
v -11.1 3.2 -5
v -11.1 4.4 -5
v -10.9 3.2 -5
v -10.9 4.4 -5
v -10.9 4.9 -5
v -10.8 3.1 -5
v -10.8 3.7 -5
v -10.8 3.9 -5
v -10.8 4.5 -5
v -10.7 4.9 -5
v -10.6 4.9 -5
v -10.4 4.4 -5
v -10.4 4.5 -5
v -10.4 4.7 -5
v -10.2 4.6 -5
v -10.2 4.7 -5
v -10.1 4.4 -5
v -10.1 4.6 -5
v -10.1 4.7 -5
v -10.1 4.9 -5
v -10.1 5 -5
v -1.8 7.4 -5.2
v -1.8 8.9 -5.2
v -1.7 7.4 -5.2
v -1.7 8.8 -5.2
v 1.7 8.8 -5.2
v 1.7 8.9 -5.2
v 5.3 10.4 -5.2
v 5.3 10.5 -5.2
v 5.7 10.4 -5.2
v 5.7 10.5 -5.2
v 6 10.4 -5.2
v 6 10.5 -5.2
v 6.2 10.4 -5.2
v 6.2 10.5 -5.2
v 6.4 10.4 -5.2
v 6.4 10.5 -5.2
v 6.5 10.4 -5.2
v 6.5 10.5 -5.2
v -11.7 4.2 -5.3
v -11.7 4.4 -5.3
v -11.6 4.2 -5.3
v -11.6 4.4 -5.3
v -1.8 7.4 -5.5
v -1.8 8.9 -5.5
v -1.7 7.4 -5.5
v -1.7 8.8 -5.5
v 1.7 8.8 -5.5
v 1.7 8.9 -5.5
v -11.3 5 -5.6
v -11.3 6 -5.6
v -10.7 5 -5.6
v -10.7 6 -5.6
v -10.3 3.2 -5.6
v -10.3 4.5 -5.6
v -10.2 0.6 -5.6
v -10.2 1 -5.6
v -10.2 3.2 -5.6
v -10.2 4.5 -5.6
v -10.1 0.6 -5.6
v -10.1 1 -5.6
v -10.1 0.5 -5.7
v -10.1 1.1 -5.7
v -10 0.5 -5.7
v -10 1.1 -5.7
v -1.8 7.4 -5.8
v -1.8 8.9 -5.8
v -1.7 7.4 -5.8
v -1.7 8.8 -5.8
v 1.7 8.8 -5.8
v 1.7 8.9 -5.8
v -11.7 4 -6
v -11.7 4.5 -6
v -11.6 4 -6
v -11.6 4.5 -6
v 2.1 9.6 -6
v 2.1 9.7 -6
v 3.1 9.6 -6
v 3.1 9.7 -6
v 3.2 9.6 -6
v 3.2 9.7 -6
v 4.4 9.6 -6
v 4.4 9.7 -6
v -1.8 7.4 -6.1
v -1.8 8.9 -6.1
v -1.7 7.4 -6.1
v -1.7 8.8 -6.1
v 1.6 8.8 -6.1
v 1.6 8.9 -6.1
v -10.3 3.2 -6.2
v -10.3 4.4 -6.2
v -10.3 4.5 -6.2
v -10.2 3.2 -6.2
v -10.2 4.5 -6.2
v -11.7 4 -6.3
v -11.7 4.5 -6.3
v -11.6 4 -6.3
v -11.6 4.5 -6.3
v -11.3 5.1 -6.3
v -11.3 5.9 -6.3
v -11.2 5.1 -6.3
v -11.2 5.9 -6.3
v -10.8 5.1 -6.3
v -10.8 5.9 -6.3
v -10.7 5.1 -6.3
v -10.7 5.9 -6.3
v -1.8 7.4 -6.4
v -1.8 8.9 -6.4
v -1.7 7.4 -6.4
v -1.7 8.8 -6.4
v 1.7 8.8 -6.4
v 1.7 8.9 -6.4
v -1.8 7.4 -6.7
v -1.8 8.9 -6.7
v -1.7 7.4 -6.7
v -1.7 8.8 -6.7
v 1.7 8.8 -6.7
v 1.7 8.9 -6.7
v -11.7 3.9 -6.8
v -11.7 4.5 -6.8
v -11.6 3.9 -6.8
v -11.6 4.5 -6.8
v -11.8 3.8 -6.9
v -11.8 4.5 -6.9
v -11.8 4.6 -6.9
v -11.7 3.8 -6.9
v -11.7 4.5 -6.9
v -11.7 4.6 -6.9
v -10.3 3.3 -6.9
v -10.3 4.4 -6.9
v -10.2 3.3 -6.9
v -10.2 4.4 -6.9
v 2 4.7 -6.9
v 2 5.9 -6.9
v 5.5 4.7 -6.9
v 5.5 5.9 -6.9
v -10.2 3.1 -7
v -10.2 4.6 -7
v -10.1 3.1 -7
v -10.1 4.6 -7
v -1.8 7.4 -7
v -1.8 8.9 -7
v -1.7 7.4 -7
v -1.7 8.8 -7
v 1.6 8.8 -7
v 1.6 8.9 -7
v 1.7 4.6 -7
v 1.7 6 -7
v 1.8 4.6 -7
v 1.8 6 -7
v 1.9 4.6 -7
v 1.9 6 -7
v -10.1 3 -7.1
v -10.1 4.7 -7.1
v -10 3 -7.1
v -10 4.7 -7.1
v -2.6 0.3 -7.1
v -2.6 0.9 -7.1
v -2.5 0.3 -7.1
v -2.5 0.7 -7.1
v -2.5 0.9 -7.1
v -2.1 0.3 -7.1
v -2.1 0.7 -7.1
v -2 0.3 -7.1
v -2 0.7 -7.1
v -2 0.9 -7.1
v -1.8 7.4 -7.3
v -1.8 8.9 -7.3
v -1.7 7.4 -7.3
v -1.7 8.8 -7.3
v 1.7 8.8 -7.3
v 1.7 8.9 -7.3
v -1.8 7.4 -7.6
v -1.8 8.9 -7.6
v -1.7 7.4 -7.6
v -1.7 8.8 -7.6
v 1.7 8.8 -7.6
v 1.7 8.9 -7.6
v -1.8 7.4 -7.9
v -1.8 8.9 -7.9
v -1.7 7.4 -7.9
v -1.7 8.8 -7.9
v -1.5 2.6 -7.9
v -1.5 2.8 -7.9
v -1.5 2.9 -7.9
v -1.5 3.2 -7.9
v -1.5 3.3 -7.9
v -1.5 3.6 -7.9
v -1.5 3.7 -7.9
v -1.5 7.4 -7.9
v -1.4 2.5 -7.9
v -1.4 2.6 -7.9
v -1.4 2.8 -7.9
v -1.4 2.9 -7.9
v -1.4 3.2 -7.9
v -1.4 3.3 -7.9
v -1.4 3.6 -7.9
v -1.4 3.7 -7.9
v -1.2 2.5 -7.9
v -1.2 7.4 -7.9
v 1.7 8.8 -7.9
v 1.7 8.9 -7.9
v -12.3 0.2 -8
v -12.3 0.3 -8
v -9.1 0.2 -8
v -9.1 0.3 -8
v -1.2 2.8 -8.1
v -1.2 2.9 -8.1
v -1.2 3.2 -8.1
v -1.2 3.3 -8.1
v -1.2 3.6 -8.1
v -1.2 3.7 -8.1
v 1.7 2.8 -8.1
v 1.7 2.9 -8.1
v 1.7 3.2 -8.1
v 1.7 3.3 -8.1
v 1.7 3.6 -8.1
v 1.7 3.7 -8.1
v -1.8 7.4 -8.2
v -1.8 8.9 -8.2
v -1.7 7.4 -8.2
v -1.7 8.8 -8.2
v -1.2 2.5 -8.2
v -1.2 2.6 -8.2
v -1 2.5 -8.2
v -0.8 2.5 -8.2
v 1.1 2.5 -8.2
v 1.3 2.5 -8.2
v 1.6 2.5 -8.2
v 1.6 2.6 -8.2
v 1.7 8.8 -8.2
v 1.7 8.9 -8.2
v 2 9.6 -8.2
v 2 9.9 -8.2
v 7.8 9.6 -8.2
v 7.8 9.9 -8.2
v -3.5 0.3 -11.8
v -3.5 0.4 -11.8
v 11.9 0.3 -11.8
v 11.9 0.4 -11.8
v -3.5 0.3 11.2
v -3.5 0.4 11.2
v 11.9 0.3 11.2
v 11.9 0.4 11.2
v -1.4 2.5 8
v -1.4 2.6 8
v 1.6 2.5 8
v 1.6 2.6 8
v 2 9.6 8
v 2 9.9 8
v 7.8 9.6 8
v 7.8 9.9 8
v -1.8 7.5 7.9
v -1.8 8.9 7.9
v -1.7 7.5 7.9
v -1.7 8.8 7.9
v 1.7 8.8 7.9
v 1.7 8.9 7.9
v -1.8 7.4 7.6
v -1.8 8.9 7.6
v -1.7 7.4 7.6
v -1.7 8.8 7.6
v -1.2 2.8 7.6
v -1.2 2.9 7.6
v -1.2 3.2 7.6
v -1.2 3.3 7.6
v -1.2 3.6 7.6
v -1.2 3.7 7.6
v 1.7 2.8 7.6
v 1.7 2.9 7.6
v 1.7 3.2 7.6
v 1.7 3.3 7.6
v 1.7 3.6 7.6
v 1.7 3.7 7.6
v 1.7 8.8 7.6
v 1.7 8.9 7.6
v -1.5 2.6 7.4
v -1.5 2.8 7.4
v -1.5 2.9 7.4
v -1.5 3.2 7.4
v -1.5 3.3 7.4
v -1.5 3.6 7.4
v -1.5 3.7 7.4
v -1.5 7.4 7.4
v -1.4 2.5 7.4
v -1.4 2.6 7.4
v -1.4 2.8 7.4
v -1.4 2.9 7.4
v -1.4 3.2 7.4
v -1.4 3.3 7.4
v -1.4 3.6 7.4
v -1.4 3.7 7.4
v -1.2 2.5 7.4
v -1.2 7.4 7.4
v -1.8 7.4 7.3
v -1.8 8.9 7.3
v -1.7 7.4 7.3
v -1.7 8.8 7.3
v 1.7 8.8 7.3
v 1.7 8.9 7.3
v -1.8 7.4 7
v -1.8 8.9 7
v -1.7 7.4 7
v -1.7 8.8 7
v 1.7 8.8 7
v 1.7 8.9 7
v 1.6 2.5 6.8
v 1.6 2.6 6.8
v 1.7 2.5 6.8
v 1.7 2.6 6.8
v -1.8 7.4 6.7
v -1.8 8.9 6.7
v -1.7 7.4 6.7
v -1.7 8.8 6.7
v 1.7 8.8 6.7
v 1.7 8.9 6.7
v 0.7 3.2 6.6
v 0.7 4.2 6.6
v 0.7 4.6 6.6
v 0.7 5.8 6.6
v 0.799999 3.2 6.6
v 0.799999 4.2 6.6
v 0.799999 4.6 6.6
v 0.799999 5.8 6.6
v 0.799999 3.3 6.5
v 0.799999 5.7 6.5
v 0.9 3.3 6.5
v 0.9 3.7 6.5
v 0.9 4 6.5
v 0.9 4.2 6.5
v 0.9 4.5 6.5
v 0.9 4.8 6.5
v 0.9 5.1 6.5
v 0.9 5.3 6.5
v 0.9 5.6 6.5
v 0.9 5.7 6.5
v 1.1 3.7 6.5
v 1.1 3.8 6.5
v 1.1 3.9 6.5
v 1.1 4 6.5
v 1.1 5.3 6.5
v 1.1 5.4 6.5
v 1.1 5.5 6.5
v 1.1 5.6 6.5
v 1.2 4.2 6.5
v 1.2 4.3 6.5
v 1.2 4.4 6.5
v 1.2 4.5 6.5
v 1.4 4.8 6.5
v 1.4 4.9 6.5
v 1.4 5 6.5
v 1.4 5.1 6.5
v 3.4 9.6 6.5
v 3.4 9.7 6.5
v 5.5 9.6 6.5
v 5.5 9.7 6.5
v -1.8 7.4 6.4
v -1.8 8.9 6.4
v -1.7 7.4 6.4
v -1.7 8.8 6.4
v 1.7 8.8 6.4
v 1.7 8.9 6.4
v 7.4 9.6 6.2
v 7.4 10 6.2
v 7.8 9.6 6.2
v 7.8 9.9 6.2
v 8.1 9.9 6.2
v 8.1 10 6.2
v -1.8 7.4 6.1
v -1.8 8.9 6.1
v -1.7 7.4 6.1
v -1.7 8.8 6.1
v 1.7 8.8 6.1
v 1.7 8.9 6.1
v -1.8 7.4 5.8
v -1.8 8.9 5.8
v -1.7 7.4 5.8
v -1.7 8.8 5.8
v 1.7 8.8 5.8
v 1.7 8.9 5.8
v 0.7 2.5 5.6
v 0.7 5.9 5.6
v 1.6 2.5 5.6
v 1.6 2.6 5.6
v 1.6 5.9 5.6
v 7.4 9.6 5.6
v 7.4 10 5.6
v 7.8 9.6 5.6
v 7.8 9.9 5.6
v 8.1 9.9 5.6
v 8.1 10 5.6
v -1.8 7.4 5.5
v -1.8 8.9 5.5
v -1.7 7.4 5.5
v -1.7 8.8 5.5
v 1.7 8.8 5.5
v 1.7 8.9 5.5
v -1.8 7.4 5.2
v -1.8 8.9 5.2
v -1.7 7.4 5.2
v -1.7 8.8 5.2
v 1.7 5.1 5.2
v 1.7 6.4 5.2
v 1.7 8.8 5.2
v 1.7 8.9 5.2
v 1.8 5.1 5.2
v 1.8 6.4 5.2
v 2 5.1 5.2
v 2 6.4 5.2
v 2.1 5.2 5.1
v 2.1 6.3 5.1
v 5.1 5.2 5.1
v 5.1 6.2 5.1
v 5.1 6.3 5.1
v -1.8 7.4 4.9
v -1.8 8.9 4.9
v -1.7 7.4 4.9
v -1.7 8.8 4.9
v 1.7 8.8 4.9
v 1.7 8.9 4.9
v 1.6 2.5 4.8
v 1.6 2.6 4.8
v 1.7 2.5 4.8
v 1.7 2.6 4.8
v 0.799999 3.2 4.7
v 0.799999 4.9 4.7
v 0.9 3.2 4.7
v 0.9 4.9 4.7
v 5.9 9.7 4.7
v 5.9 9.8 4.7
v 6.4 9.7 4.7
v 6.4 9.8 4.7
v -1.8 7.4 4.6
v -1.8 8.9 4.6
v -1.7 7.4 4.6
v -1.7 8.8 4.6
v 0.9 3.3 4.6
v 0.9 4.8 4.6
v 1 3.3 4.6
v 1 3.5 4.6
v 1 3.7 4.6
v 1 3.8 4.6
v 1 4 4.6
v 1 4.1 4.6
v 1 4.3 4.6
v 1 4.4 4.6
v 1 4.6 4.6
v 1 4.7 4.6
v 1.1 3.5 4.6
v 1.1 3.7 4.6
v 1.1 3.8 4.6
v 1.1 4 4.6
v 1.1 4.1 4.6
v 1.1 4.3 4.6
v 1.1 4.4 4.6
v 1.1 4.6 4.6
v 1.1 4.7 4.6
v 1.1 4.8 4.6
v 1.7 8.8 4.6
v 1.7 8.9 4.6
v -12.4 0.2 4.4
v -12.4 0.3 4.4
v -11.7 3.3 4.4
v -11.7 3.4 4.4
v -11 3.3 4.4
v -11 3.4 4.4
v -9.1 0.2 4.4
v -9.1 0.3 4.4
v -1.8 7.4 4.3
v -1.8 8.9 4.3
v -1.7 7.4 4.3
v -1.7 8.8 4.3
v 1.7 8.8 4.3
v 1.7 8.9 4.3
v -1.8 7.4 4
v -1.8 8.9 4
v -1.7 7.4 4
v -1.7 8.8 4
v 1.7 8.8 4
v 1.7 8.9 4
v 5.2 9.6 3.9
v 5.2 9.8 3.9
v 5.5 9.6 3.9
v 5.5 9.7 3.9
v 5.7 9.7 3.9
v 5.7 9.8 3.9
v 5.9 9.7 3.9
v 5.9 9.8 3.9
v -11.1 3.3 3.8
v -11.1 4 3.8
v -10.9 3.3 3.8
v -10.9 4 3.8
v -1.8 7.4 3.7
v -1.8 8.9 3.7
v -1.7 7.4 3.7
v -1.7 8.8 3.7
v 1.7 8.8 3.7
v 1.7 8.9 3.7
v 0.799999 2.5 3.6
v 0.799999 5 3.6
v 1.2 2.5 3.6
v 1.4 2.5 3.6
v 1.6 2.5 3.6
v 1.6 2.6 3.6
v 1.6 5 3.6
v 5.5 9.6 3.6
v 5.5 9.7 3.6
v 6.1 9.6 3.6
v 6.1 9.7 3.6
v 6.2 9.6 3.6
v 6.2 9.7 3.6
v 6.4 9.6 3.6
v 6.4 9.7 3.6
v -11.8 0.2 3.5
v -11.8 0.3 3.5
v -10 0.2 3.5
v -10 0.3 3.5
v -11.8 3.8 3.4
v -11.8 4 3.4
v -11.8 4.6 3.4
v -11.7 3.8 3.4
v -11.7 4 3.4
v -11.7 4.2 3.4
v -11.7 4.4 3.4
v -11.7 4.6 3.4
v -11.6 4.2 3.4
v -11.6 4.4 3.4
v -10.1 0.5 3.4
v -10.1 1.1 3.4
v -10.1 3 3.4
v -10.1 4.3 3.4
v -10.1 4.5 3.4
v -10.1 4.6 3.4
v -10.1 4.7 3.4
v -10 0.5 3.4
v -10 1.1 3.4
v -10 3 3.4
v -10 4.3 3.4
v -10 4.5 3.4
v -10 4.6 3.4
v -10 4.7 3.4
v -1.8 7.4 3.4
v -1.8 8.9 3.4
v -1.7 7.4 3.4
v -1.7 8.8 3.4
v 1.7 8.8 3.4
v 1.7 8.9 3.4
v -10.2 0.6 3.3
v -10.2 1 3.3
v -10.2 3.1 3.3
v -10.2 4.6 3.3
v -10.1 0.6 3.3
v -10.1 1 3.3
v -10.1 3.1 3.3
v -10.1 4.6 3.3
v -10.3 3.2 3.2
v -10.3 4.5 3.2
v -10.2 3.2 3.2
v -10.2 4.5 3.2
v -1.8 7.4 3.1
v -1.8 8.9 3.1
v -1.7 7.4 3.1
v -1.7 8.8 3.1
v 1.7 8.8 3.1
v 1.7 8.9 3.1
v -11.7 4 3
v -11.7 4.5 3
v -11.6 4 3
v -11.6 4.5 3
v -11.2 5 2.8
v -11.2 5.9 2.8
v -10.8 5 2.8
v -10.8 5.9 2.8
v -1.8 7.4 2.8
v -1.8 8.9 2.8
v -1.7 7.4 2.8
v -1.7 8.8 2.8
v 1.7 8.8 2.8
v 1.7 8.9 2.8
v -11.3 5.1 2.7
v -11.3 5.9 2.7
v -11.2 5.1 2.7
v -11.2 5.9 2.7
v -10.8 5.1 2.7
v -10.8 5.9 2.7
v -10.7 5.1 2.7
v -10.7 5.9 2.7
v -10.3 3.2 2.6
v -10.3 4.5 2.6
v -10.2 3.2 2.6
v -10.2 4.5 2.6
v -1.8 7.4 2.5
v -1.8 8.9 2.5
v -1.7 7.4 2.5
v -1.7 8.8 2.5
v -1.5 2.6 2.5
v -1.5 7.4 2.5
v -1.4 2.5 2.5
v -1.4 2.6 2.5
v -1.2 2.5 2.5
v -1.2 7.4 2.5
v 1.7 8.8 2.5
v 1.7 8.9 2.5
v -11.7 4 2.3
v -11.7 4.5 2.3
v -11.6 4 2.3
v -11.6 4.5 2.3
v -10.9 5.1 2.2
v -10.9 5.9 2.2
v -10.8 5.1 2.2
v -10.8 5.9 2.2
v -1.8 7.4 2.2
v -1.8 8.9 2.2
v -1.7 7.4 2.2
v -1.7 8.8 2.2
v 1.7 8.8 2.2
v 1.7 8.9 2.2
v -10.3 3.3 2.1
v -10.3 4.4 2.1
v -10.2 3.3 2.1
v -10.2 4.4 2.1
v -11.3 5 2
v -11.3 6 2
v -10.7 5 2
v -10.7 6 2
v -11.7 3.9 1.9
v -11.7 4.5 1.9
v -11.6 3.9 1.9
v -11.6 4.5 1.9
v -1.8 7.4 1.9
v -1.8 8.9 1.9
v -1.7 7.4 1.9
v -1.7 8.8 1.9
v 1.7 8.8 1.9
v 1.7 8.9 1.9
v -1.4 2.1 1.8
v -1.4 2.2 1.8
v -1.3 2.1 1.8
v -1.3 2.2 1.8
v -3.8 0.3 1.7
v -3.8 0.4 1.7
v -3.5 0.3 1.7
v -3.5 0.4 1.7
v -1.7 2.4 1.7
v -1.7 2.6 1.7
v -1.6 2.3 1.7
v -1.6 2.4 1.7
v -1.6 2.5 1.7
v -1.5 2.3 1.7
v -1.5 2.4 1.7
v -1.4 2.3 1.7
v -1.4 2.4 1.7
v -1.4 2.5 1.7
v -1.4 2.6 1.7
v -1.2 2.4 1.7
v -1.2 2.5 1.7
v -1.8 7.4 1.6
v -1.8 8.9 1.6
v -1.7 7.4 1.6
v -1.7 8.8 1.6
v 1.7 8.8 1.6
v 1.7 8.9 1.6
v -11.7 4.9 1.4
v -11.7 5 1.4
v -11.5 4.9 1.4
v -11.5 5 1.4
v -11.4 4.9 1.4
v -11.4 5 1.4
v -10.1 4.9 1.4
v -10.1 5 1.4
v 1.7 2.6 1.4
v 1.7 2.7 1.4
v 1.7 2.8 1.4
v 1.7 6.1 1.4
v 1.7 6.2 1.4
v 1.8 2.6 1.4
v 1.8 2.7 1.4
v 1.8 2.8 1.4
v 1.8 6.1 1.4
v 1.8 6.2 1.4
v 1.9 6.1 1.4
v 1.9 6.2 1.4
v 2.2 2.6 1.4
v 2.2 6.2 1.4
v -11.8 0.3 1.3
v -11.8 3.5 1.3
v -11.8 3.6 1.3
v -11.8 3.9 1.3
v -11.8 4 1.3
v -11.8 4.9 1.3
v -11.7 0.5 1.3
v -11.7 0.9 1.3
v -11.7 3.5 1.3
v -11.7 3.6 1.3
v -11.7 3.9 1.3
v -11.7 4 1.3
v -11.6 0.5 1.3
v -11.6 0.6 1.3
v -11.6 1.2 1.3
v -11.6 1.5 1.3
v -11.6 1.6 1.3
v -11.6 1.9 1.3
v -11.6 2 1.3
v -11.6 2.2 1.3
v -11.6 2.5 1.3
v -11.6 2.6 1.3
v -11.6 2.8 1.3
v -11.6 3 1.3
v -11.6 4.4 1.3
v -11.6 4.6 1.3
v -11.5 0.6 1.3
v -11.5 0.7 1.3
v -11.5 1.2 1.3
v -11.5 1.5 1.3
v -11.5 1.6 1.3
v -11.5 1.9 1.3
v -11.5 2 1.3
v -11.5 2.2 1.3
v -11.5 2.5 1.3
v -11.5 2.6 1.3
v -11.5 2.8 1.3
v -11.5 3 1.3
v -11.5 3.3 1.3
v -11.4 0.7 1.3
v -11.4 0.9 1.3
v -11.4 2.5 1.3
v -11.4 2.7 1.3
v -11.4 3.5 1.3
v -11.4 3.8 1.3
v -11.4 4 1.3
v -11.4 4.3 1.3
v -11.4 4.4 1.3
v -11.4 4.6 1.3
v -11.3 1.7 1.3
v -11.3 2 1.3
v -11.3 2.5 1.3
v -11.3 2.7 1.3
v -11.3 3 1.3
v -11.3 3.3 1.3
v -11.3 3.5 1.3
v -11.3 3.8 1.3
v -11.3 4.5 1.3
v -11.3 4.6 1.3
v -11.2 0.5 1.3
v -11.2 0.6 1.3
v -11.2 1 1.3
v -11.2 1.3 1.3
v -11.2 2.4 1.3
v -11.2 2.5 1.3
v -11.2 2.8 1.3
v -11.2 2.9 1.3
v -11.2 3.5 1.3
v -11.2 3.6 1.3
v -11.2 4 1.3
v -11.2 4.3 1.3
v -11.1 0.5 1.3
v -11.1 0.6 1.3
v -11.1 1.6 1.3
v -11.1 1.7 1.3
v -11.1 2 1.3
v -11 0.6 1.3
v -11 0.8 1.3
v -11 1 1.3
v -11 1.3 1.3
v -11 1.5 1.3
v -11 1.6 1.3
v -11 1.7 1.3
v -11 2.4 1.3
v -11 2.5 1.3
v -11 2.8 1.3
v -11 2.9 1.3
v -11 3.5 1.3
v -11 3.6 1.3
v -10.9 0.6 1.3
v -10.9 0.8 1.3
v -10.9 1 1.3
v -10.9 2 1.3
v -10.9 2.2 1.3
v -10.9 2.6 1.3
v -10.9 2.8 1.3
v -10.9 3.7 1.3
v -10.9 3.8 1.3
v -10.9 3.9 1.3
v -10.9 4.2 1.3
v -10.9 4.5 1.3
v -10.9 4.6 1.3
v -10.8 1.5 1.3
v -10.8 1.6 1.3
v -10.8 1.8 1.3
v -10.8 2 1.3
v -10.8 2.2 1.3
v -10.8 3 1.3
v -10.8 3.2 1.3
v -10.8 3.7 1.3
v -10.8 3.8 1.3
v -10.7 0.6 1.3
v -10.7 0.7 1.3
v -10.7 2.6 1.3
v -10.7 2.8 1.3
v -10.7 3.3 1.3
v -10.7 3.5 1.3
v -10.7 3.9 1.3
v -10.7 4.2 1.3
v -10.7 4.3 1.3
v -10.7 4.6 1.3
v -10.6 0.6 1.3
v -10.6 0.7 1.3
v -10.6 0.8 1.3
v -10.6 1 1.3
v -10.6 1.3 1.3
v -10.6 1.5 1.3
v -10.6 1.8 1.3
v -10.6 2 1.3
v -10.6 4 1.3
v -10.6 4.1 1.3
v -10.5 0.8 1.3
v -10.5 1 1.3
v -10.5 2.2 1.3
v -10.5 2.4 1.3
v -10.5 2.6 1.3
v -10.5 2.8 1.3
v -10.5 3 1.3
v -10.5 3.2 1.3
v -10.5 3.3 1.3
v -10.5 3.5 1.3
v -10.4 0.8 1.3
v -10.4 1 1.3
v -10.4 1.3 1.3
v -10.4 1.5 1.3
v -10.4 2.2 1.3
v -10.4 2.4 1.3
v -10.4 3.3 1.3
v -10.4 3.6 1.3
v -10.4 4 1.3
v -10.4 4.1 1.3
v -10.3 1.4 1.3
v -10.3 1.5 1.3
v -10.3 1.6 1.3
v -10.3 1.8 1.3
v -10.3 2.1 1.3
v -10.3 2.3 1.3
v -10.3 2.6 1.3
v -10.3 2.8 1.3
v -10.3 3.7 1.3
v -10.3 4 1.3
v -10.3 4.3 1.3
v -10.3 4.6 1.3
v -10.2 0.4 1.3
v -10.2 0.6 1.3
v -10.2 1.4 1.3
v -10.2 1.5 1.3
v -10.2 1.6 1.3
v -10.2 1.8 1.3
v -10.2 2.1 1.3
v -10.2 2.3 1.3
v -10.2 3 1.3
v -10.2 3.1 1.3
v -10.2 3.3 1.3
v -10.2 3.6 1.3
v -10.2 3.7 1.3
v -10.2 4 1.3
v -10.2 4.3 1.3
v -10.2 4.6 1.3
v -10.1 0.4 1.3
v -10.1 0.6 1.3
v -10.1 0.8 1.3
v -10.1 3 1.3
v -10.1 3.1 1.3
v -10.1 4.3 1.3
v -10.1 4.6 1.3
v -10 0.3 1.3
v -10 0.6 1.3
v -10 0.8 1.3
v -10 4.9 1.3
v -1.8 7.4 1.3
v -1.8 8.9 1.3
v -1.7 7.4 1.3
v -1.7 8.8 1.3
v 1.6 2.5 1.3
v 1.6 2.6 1.3
v 1.7 8.8 1.3
v 1.7 8.9 1.3
v 2.1 2.5 1.3
v 2.2 2.5 1.3
v 2.2 2.6 1.3
v 2.2 6.1 1.3
v 2.3 2.5 1.3
v 2.3 6.1 1.3
v -11.9 0.2 1.2
v -11.9 0.3 1.2
v -9.9 0.2 1.2
v -9.9 0.3 1.2
v -1.8 7.4 1
v -1.8 8.9 1
v -1.7 7.4 1
v -1.7 8.8 1
v 1.7 8.8 1
v 1.7 8.9 1
v 2.3 5 0.8
v 2.3 5.4 0.8
v 2.5 5 0.8
v 2.5 5.4 0.8
v -1.8 7.4 0.700001
v -1.8 8.9 0.700001
v -1.7 7.4 0.700001
v -1.7 8.8 0.700001
v 1.7 8.8 0.700001
v 1.7 8.9 0.700001
v -1.8 7.4 0.400001
v -1.8 8.9 0.400001
v -1.7 7.4 0.400001
v -1.7 8.8 0.400001
v 1.7 8.8 0.400001
v 1.7 8.9 0.400001
v -1.8 7.4 0.1
v -1.8 8.9 0.1
v -1.7 7.4 0.1
v -1.7 8.8 0.1
v 1.7 8.8 0.1
v 1.7 8.9 0.1
v 3.3 10.2 -0.0999994
v 3.3 10.3 -0.0999994
v 3.4 10.2 -0.0999994
v 3.4 10.3 -0.0999994
v -1.8 7.4 -0.2
v -1.8 8.9 -0.2
v -1.7 7.4 -0.2
v -1.7 8.8 -0.2
v 1.7 8.8 -0.2
v 1.7 8.9 -0.2
v 3.7 10.1 -0.2
v 3.7 10.2 -0.2
v 3.9 10.1 -0.2
v 3.9 10.2 -0.2
v 4.3 9.6 -0.2
v 4.3 9.7 -0.2
v 6.7 9.6 -0.2
v 6.7 9.7 -0.2
v -1.8 7.4 -0.5
v -1.8 8.9 -0.5
v -1.7 7.4 -0.5
v -1.7 8.8 -0.5
v 1.7 8.8 -0.5
v 1.7 8.9 -0.5
v 4.3 9.6 -0.599999
v 4.3 9.7 -0.599999
v 5.5 9.6 -0.599999
v 5.5 9.7 -0.599999
v 1.6 6.5 -0.7
v 1.6 7.1 -0.7
v 1.7 6.5 -0.7
v 1.7 6.6 -0.7
v 1.7 6.7 -0.7
v 1.7 7.1 -0.7
v -1.8 7.4 -0.799999
v -1.8 8.9 -0.799999
v -1.7 7.4 -0.799999
v -1.7 8.8 -0.799999
v 1.7 8.8 -0.799999
v 1.7 8.9 -0.799999
v 2.2 3.5 -0.799999
v 2.2 4.7 -0.799999
v 2.3 3.5 -0.799999
v 2.3 4.7 -0.799999
v 3 10.1 -1
v 3 10.2 -1
v 3.1 10.1 -1
v 3.1 10.2 -1
v 3.2 10.1 -1
v 3.2 10.2 -1
v 3.3 10.1 -1
v 3.3 10.2 -1
v 3.4 10.1 -1
v 3.4 10.2 -1
v 3.7 10.1 -1
v 3.7 10.2 -1
v -1.8 7.4 -1.1
v -1.8 8.9 -1.1
v -1.7 7.4 -1.1
v -1.7 8.8 -1.1
v 1.7 8.8 -1.1
v 1.7 8.9 -1.1
v 3.7 10.1 -1.3
v 3.7 10.2 -1.3
v 3.9 10.1 -1.3
v 3.9 10.2 -1.3
v -1.8 7.4 -1.4
v -1.8 8.9 -1.4
v -1.7 7.4 -1.4
v -1.7 8.8 -1.4
v 1.7 8.8 -1.4
v 1.7 8.9 -1.4
v -3.4 0.3 -1.6
v -3.4 0.5 -1.6
v -3.3 0.3 -1.6
v -3.3 0.4 -1.6
v -3.2 0.4 -1.6
v -3.2 0.5 -1.6
v -3.2 0.7 -1.6
v -3.1 0.5 -1.6
v -3.1 0.6 -1.6
v -3 0.6 -1.6
v -3 0.7 -1.6
v -3 0.9 -1.6
v -2.9 0.7 -1.6
v -2.9 0.8 -1.6
v -2.8 0.8 -1.6
v -2.8 0.9 -1.6
v -2.8 1.1 -1.6
v -2.7 0.9 -1.6
v -2.7 1 -1.6
v -2.6 1 -1.6
v -2.6 1.1 -1.6
v -2.6 1.3 -1.6
v -2.5 1.1 -1.6
v -2.5 1.2 -1.6
v -2.4 1.2 -1.6
v -2.4 1.3 -1.6
v -2.4 1.5 -1.6
v -2.3 1.3 -1.6
v -2.3 1.4 -1.6
v -2.2 1.4 -1.6
v -2.2 1.5 -1.6
v -2.2 1.7 -1.6
v -2.1 1.5 -1.6
v -2.1 1.6 -1.6
v -2 1.6 -1.6
v -2 1.7 -1.6
v -2 1.9 -1.6
v -1.9 1.7 -1.6
v -1.9 1.8 -1.6
v -1.8 1.8 -1.6
v -1.8 1.9 -1.6
v -1.8 2.1 -1.6
v -1.7 0.3 -1.6
v -1.7 0.4 -1.6
v -1.7 1.9 -1.6
v -1.7 2.1 -1.6
v -1.8 7.4 -1.7
v -1.8 8.9 -1.7
v -1.7 7.4 -1.7
v -1.7 8.8 -1.7
v 1.7 8.8 -1.7
v 1.7 8.9 -1.7
v -1.8 7.4 -2
v -1.8 8.9 -2
v -1.7 7.4 -2
v -1.7 8.8 -2
v 1.7 8.8 -2
v 1.7 8.9 -2
v 3 9.6 -2.1
v 3 10 -2.1
v 3 10.1 -2.1
v 3.2 9.8 -2.1
v 3.2 10 -2.1
v 3.3 9.8 -2.1
v 3.3 9.9 -2.1
v 3.3 10 -2.1
v 3.3 10.1 -2.1
v 3.5 9.8 -2.1
v 3.5 9.9 -2.1
v 3.5 10 -2.1
v 3.8 9.9 -2.1
v 3.8 10 -2.1
v 4.1 9.8 -2.1
v 4.1 10 -2.1
v 4.3 9.6 -2.1
v 4.3 10.1 -2.1
v 1.6 4.1 -2.2
v 1.6 6 -2.2
v 1.7 4.1 -2.2
v 1.7 4.7 -2.2
v 1.7 4.9 -2.2
v 1.7 6 -2.2
v -12.4 1.4 -2.3
v -12.4 1.5 -2.3
v -9.2 1.4 -2.3
v -9.2 1.5 -2.3
v -1.8 7.4 -2.3
v -1.8 8.9 -2.3
v -1.7 7.4 -2.3
v -1.7 8.8 -2.3
v 1.7 8.8 -2.3
v 1.7 8.9 -2.3
v -12.6 0.2 -2.4
v -12.6 0.3 -2.4
v -12.5 0.2 -2.4
v -12.5 0.3 -2.4
v -12.5 1.4 -2.4
v -12.4 0.2 -2.4
v -12.4 0.3 -2.4
v -9.1 0.2 -2.4
v -9.1 1.4 -2.4
v -1.5 2.6 -2.4
v -1.5 2.8 -2.4
v -1.5 2.9 -2.4
v -1.5 3.2 -2.4
v -1.5 3.3 -2.4
v -1.5 3.6 -2.4
v -1.5 3.7 -2.4
v -1.5 7.4 -2.4
v -1.4 2.5 -2.4
v -1.4 2.6 -2.4
v -1.4 2.8 -2.4
v -1.4 2.9 -2.4
v -1.4 3.2 -2.4
v -1.4 3.3 -2.4
v -1.4 3.6 -2.4
v -1.4 3.7 -2.4
v -1.4 6.6 -2.4
v -1.4 6.8 -2.4
v -1.2 2.5 -2.4
v -1.2 6.6 -2.4
v -1.2 6.8 -2.4
v -1.2 7.4 -2.4
v -1.8 7.4 -2.6
v -1.8 8.9 -2.6
v -1.7 7.4 -2.6
v -1.7 8.8 -2.6
v 1.7 8.8 -2.6
v 1.7 8.9 -2.6
v -1.8 7.4 -2.9
v -1.8 8.9 -2.9
v -1.7 7.4 -2.9
v -1.7 8.8 -2.9
v 1.7 4.6 -2.9
v 1.7 6 -2.9
v 1.7 8.8 -2.9
v 1.7 8.9 -2.9
v 1.8 4.6 -2.9
v 1.8 6 -2.9
v 1.9 4.6 -2.9
v 1.9 4.7 -2.9
v 1.9 5.9 -2.9
v 1.9 6 -2.9
v 2 4.7 -2.9
v 2 5.9 -2.9
v 5.5 4.7 -2.9
v 5.5 5.9 -2.9
v -1.8 7.4 -3.2
v -1.8 8.9 -3.2
v -1.7 7.4 -3.2
v -1.7 8.8 -3.2
v 1.7 8.8 -3.2
v 1.7 8.9 -3.2
v 4.3 10 -3.3
v 4.3 10.3 -3.3
v 4.4 10 -3.3
v 4.4 10.3 -3.3
v 6.4 10.4 -3.4
v 6.4 10.5 -3.4
v 6.7 10.4 -3.4
v 6.7 10.5 -3.4
v -1.8 7.4 -3.5
v -1.8 8.9 -3.5
v -1.7 7.4 -3.5
v -1.7 8.8 -3.5
v 1.7 8.8 -3.5
v 1.7 8.9 -3.5
v -1.8 7.4 -3.8
v -1.8 8.9 -3.8
v -1.7 7.4 -3.8
v -1.7 8.8 -3.8
v 1.7 8.8 -3.8
v 1.7 8.9 -3.8
v 4.3 10.2 -3.9
v 4.3 10.4 -3.9
v 4.3 10.5 -3.9
v 4.4 10.2 -3.9
v 4.4 10.4 -3.9
v 4.5 10.4 -3.9
v 4.5 10.5 -3.9
v -11.7 3.3 -4.1
v -11.7 3.4 -4.1
v -11 3.3 -4.1
v -11 3.4 -4.1
v -1.8 7.4 -4.1
v -1.8 8.9 -4.1
v -1.7 7.4 -4.1
v -1.7 8.8 -4.1
v 1.7 8.8 -4.1
v 1.7 8.9 -4.1
v -1.8 7.4 -4.4
v -1.8 8.9 -4.4
v -1.7 7.4 -4.4
v -1.7 8.8 -4.4
v 1.7 8.8 -4.4
v 1.7 8.9 -4.4
v -2.7 0.3 -4.5
v -2.7 0.9 -4.5
v -2.6 0.3 -4.5
v -2.6 0.8 -4.5
v -2.1 0.3 -4.5
v -2.1 0.8 -4.5
v -2 0.3 -4.5
v -2 0.9 -4.5
v 3.2 9.6 -4.6
v 3.2 9.7 -4.6
v 4.1 9.6 -4.6
v 4.1 9.7 -4.6
v -11.1 3.3 -4.7
v -11.1 4 -4.7
v -10.9 3.3 -4.7
v -10.9 4 -4.7
v -1.8 7.4 -4.7
v -1.8 8.9 -4.7
v -1.7 7.4 -4.7
v -1.7 8.8 -4.7
v 1.7 8.8 -4.7
v 1.7 8.9 -4.7
v 4.1 9.6 -4.8
v 4.1 10.1 -4.8
v 4.3 10 -4.8
v 4.3 10.1 -4.8
v 4.4 9.6 -4.8
v 4.4 10 -4.8
v 4.4 10.1 -4.8
v 5.3 10.4 -4.9
v 5.3 10.5 -4.9
v 5.4 10.4 -4.9
v 5.4 10.5 -4.9
v 5.6 10.4 -4.9
v 5.6 10.5 -4.9
v 5.7 10.4 -4.9
v 5.7 10.5 -4.9
v 5.9 10.4 -4.9
v 5.9 10.5 -4.9
v -1.8 7.4 -5
v -1.8 8.9 -5
v -1.7 7.4 -5
v -1.7 8.8 -5
v 1.6 8.8 -5
v 1.6 8.9 -5
v -11.8 3.8 -5.1
v -11.8 4 -5.1
v -11.8 4.6 -5.1
v -11.7 3.8 -5.1
v -11.7 4 -5.1
v -11.7 4.2 -5.1
v -11.7 4.4 -5.1
v -11.7 4.6 -5.1
v -11.6 4.2 -5.1
v -11.6 4.4 -5.1
v -10.1 0.5 -5.1
v -10.1 1.1 -5.1
v -10.1 3 -5.1
v -10.1 4.3 -5.1
v -10.1 4.5 -5.1
v -10.1 4.6 -5.1
v -10.1 4.7 -5.1
v -10 0.5 -5.1
v -10 1.1 -5.1
v -10 3 -5.1
v -10 4.3 -5.1
v -10 4.5 -5.1
v -10 4.6 -5.1
v -10 4.7 -5.1
v -10.2 0.6 -5.2
v -10.2 1 -5.2
v -10.2 3.1 -5.2
v -10.2 4.6 -5.2
v -10.1 0.6 -5.2
v -10.1 1 -5.2
v -10.1 3.1 -5.2
v -10.1 4.6 -5.2
v -10.3 3.2 -5.3
v -10.3 4.5 -5.3
v -10.2 3.2 -5.3
v -10.2 4.5 -5.3
v -1.8 7.4 -5.3
v -1.8 8.9 -5.3
v -1.7 7.4 -5.3
v -1.7 8.8 -5.3
v 1.7 8.8 -5.3
v 1.7 8.9 -5.3
v -11.7 4 -5.5
v -11.7 4.5 -5.5
v -11.6 4 -5.5
v -11.6 4.5 -5.5
v -1.8 7.4 -5.6
v -1.8 8.9 -5.6
v -1.7 7.4 -5.6
v -1.7 8.8 -5.6
v 1.7 8.8 -5.6
v 1.7 8.9 -5.6
v -11.3 5.1 -5.8
v -11.3 5.9 -5.8
v -11.2 5.1 -5.8
v -11.2 5.9 -5.8
v -10.8 5.1 -5.8
v -10.8 5.9 -5.8
v -10.7 5.1 -5.8
v -10.7 5.9 -5.8
v -10.3 3.2 -5.9
v -10.3 4.5 -5.9
v -10.2 3.2 -5.9
v -10.2 4.5 -5.9
v -1.8 7.4 -5.9
v -1.8 8.9 -5.9
v -1.7 7.4 -5.9
v -1.7 8.8 -5.9
v 1.7 8.8 -5.9
v 1.7 8.9 -5.9
v 2.1 9.6 -6.1
v 2.1 9.7 -6.1
v 4.4 9.6 -6.1
v 4.4 9.7 -6.1
v -11.7 4 -6.2
v -11.7 4.5 -6.2
v -11.6 4 -6.2
v -11.6 4.5 -6.2
v -1.8 7.4 -6.2
v -1.8 8.9 -6.2
v -1.7 7.4 -6.2
v -1.7 8.8 -6.2
v 1.6 8.8 -6.2
v 1.6 8.9 -6.2
v -10.3 3.3 -6.4
v -10.3 4.4 -6.4
v -10.2 3.3 -6.4
v -10.2 4.4 -6.4
v -11.3 5 -6.5
v -11.3 6 -6.5
v -10.7 5 -6.5
v -10.7 6 -6.5
v -1.8 7.4 -6.5
v -1.8 8.9 -6.5
v -1.7 7.4 -6.5
v -1.7 8.8 -6.5
v 1.7 8.8 -6.5
v 1.7 8.9 -6.5
v -11.7 3.9 -6.6
v -11.7 4.5 -6.6
v -11.6 3.9 -6.6
v -11.6 4.5 -6.6
v -1.8 7.4 -6.8
v -1.8 8.9 -6.8
v -1.7 7.4 -6.8
v -1.7 8.8 -6.8
v 1.7 8.8 -6.8
v 1.7 8.9 -6.8
v -11.7 4.9 -7.1
v -11.7 5 -7.1
v -11.5 4.9 -7.1
v -11.5 5 -7.1
v -11.4 4.9 -7.1
v -11.4 5 -7.1
v -10.1 4.9 -7.1
v -10.1 5 -7.1
v -1.8 7.4 -7.1
v -1.8 8.9 -7.1
v -1.7 7.4 -7.1
v -1.7 8.8 -7.1
v 1.6 8.8 -7.1
v 1.6 8.9 -7.1
v -11.8 0.3 -7.2
v -11.8 3.5 -7.2
v -11.8 3.6 -7.2
v -11.8 3.9 -7.2
v -11.8 4 -7.2
v -11.8 4.9 -7.2
v -11.7 0.5 -7.2
v -11.7 0.9 -7.2
v -11.7 3.5 -7.2
v -11.7 3.6 -7.2
v -11.7 3.9 -7.2
v -11.7 4 -7.2
v -11.6 0.5 -7.2
v -11.6 0.6 -7.2
v -11.6 1.2 -7.2
v -11.6 1.5 -7.2
v -11.6 1.6 -7.2
v -11.6 1.9 -7.2
v -11.6 2 -7.2
v -11.6 2.2 -7.2
v -11.6 2.5 -7.2
v -11.6 2.6 -7.2
v -11.6 2.8 -7.2
v -11.6 3 -7.2
v -11.6 4.4 -7.2
v -11.6 4.6 -7.2
v -11.5 0.6 -7.2
v -11.5 0.7 -7.2
v -11.5 1.2 -7.2
v -11.5 1.5 -7.2
v -11.5 1.6 -7.2
v -11.5 1.9 -7.2
v -11.5 2 -7.2
v -11.5 2.2 -7.2
v -11.5 2.5 -7.2
v -11.5 2.6 -7.2
v -11.5 2.8 -7.2
v -11.5 3 -7.2
v -11.5 3.3 -7.2
v -11.4 0.7 -7.2
v -11.4 0.9 -7.2
v -11.4 2.5 -7.2
v -11.4 2.7 -7.2
v -11.4 3.5 -7.2
v -11.4 3.8 -7.2
v -11.4 4 -7.2
v -11.4 4.3 -7.2
v -11.4 4.4 -7.2
v -11.4 4.6 -7.2
v -11.3 1.7 -7.2
v -11.3 2 -7.2
v -11.3 2.5 -7.2
v -11.3 2.7 -7.2
v -11.3 3 -7.2
v -11.3 3.3 -7.2
v -11.3 3.5 -7.2
v -11.3 3.8 -7.2
v -11.3 4.5 -7.2
v -11.3 4.6 -7.2
v -11.2 0.5 -7.2
v -11.2 0.6 -7.2
v -11.2 1 -7.2
v -11.2 1.3 -7.2
v -11.2 2.4 -7.2
v -11.2 2.5 -7.2
v -11.2 2.8 -7.2
v -11.2 2.9 -7.2
v -11.2 3.5 -7.2
v -11.2 3.6 -7.2
v -11.2 4 -7.2
v -11.2 4.3 -7.2
v -11.1 0.5 -7.2
v -11.1 0.6 -7.2
v -11.1 1.6 -7.2
v -11.1 1.7 -7.2
v -11.1 2 -7.2
v -11 0.6 -7.2
v -11 0.8 -7.2
v -11 1 -7.2
v -11 1.3 -7.2
v -11 1.5 -7.2
v -11 1.6 -7.2
v -11 1.7 -7.2
v -11 2.4 -7.2
v -11 2.5 -7.2
v -11 2.8 -7.2
v -11 2.9 -7.2
v -11 3.5 -7.2
v -11 3.6 -7.2
v -10.9 0.6 -7.2
v -10.9 0.8 -7.2
v -10.9 1 -7.2
v -10.9 2 -7.2
v -10.9 2.2 -7.2
v -10.9 2.6 -7.2
v -10.9 2.8 -7.2
v -10.9 3.7 -7.2
v -10.9 3.8 -7.2
v -10.9 3.9 -7.2
v -10.9 4.2 -7.2
v -10.9 4.5 -7.2
v -10.9 4.6 -7.2
v -10.8 1.5 -7.2
v -10.8 1.6 -7.2
v -10.8 1.8 -7.2
v -10.8 2 -7.2
v -10.8 2.2 -7.2
v -10.8 3 -7.2
v -10.8 3.2 -7.2
v -10.8 3.7 -7.2
v -10.8 3.8 -7.2
v -10.7 0.6 -7.2
v -10.7 0.7 -7.2
v -10.7 2.6 -7.2
v -10.7 2.8 -7.2
v -10.7 3.3 -7.2
v -10.7 3.5 -7.2
v -10.7 3.9 -7.2
v -10.7 4.2 -7.2
v -10.7 4.3 -7.2
v -10.7 4.6 -7.2
v -10.6 0.6 -7.2
v -10.6 0.7 -7.2
v -10.6 0.8 -7.2
v -10.6 1 -7.2
v -10.6 1.3 -7.2
v -10.6 1.5 -7.2
v -10.6 1.8 -7.2
v -10.6 2 -7.2
v -10.6 4 -7.2
v -10.6 4.1 -7.2
v -10.5 0.8 -7.2
v -10.5 1 -7.2
v -10.5 2.2 -7.2
v -10.5 2.4 -7.2
v -10.5 2.6 -7.2
v -10.5 2.8 -7.2
v -10.5 3 -7.2
v -10.5 3.2 -7.2
v -10.5 3.3 -7.2
v -10.5 3.5 -7.2
v -10.4 0.8 -7.2
v -10.4 1 -7.2
v -10.4 1.3 -7.2
v -10.4 1.5 -7.2
v -10.4 2.2 -7.2
v -10.4 2.4 -7.2
v -10.4 3.3 -7.2
v -10.4 3.6 -7.2
v -10.4 4 -7.2
v -10.4 4.1 -7.2
v -10.3 1.4 -7.2
v -10.3 1.5 -7.2
v -10.3 1.6 -7.2
v -10.3 1.8 -7.2
v -10.3 2.1 -7.2
v -10.3 2.3 -7.2
v -10.3 2.6 -7.2
v -10.3 2.8 -7.2
v -10.3 3.7 -7.2
v -10.3 4 -7.2
v -10.3 4.3 -7.2
v -10.3 4.6 -7.2
v -10.2 0.4 -7.2
v -10.2 0.6 -7.2
v -10.2 1.4 -7.2
v -10.2 1.5 -7.2
v -10.2 1.6 -7.2
v -10.2 1.8 -7.2
v -10.2 2.1 -7.2
v -10.2 2.3 -7.2
v -10.2 3 -7.2
v -10.2 3.1 -7.2
v -10.2 3.3 -7.2
v -10.2 3.6 -7.2
v -10.2 3.7 -7.2
v -10.2 4 -7.2
v -10.2 4.3 -7.2
v -10.2 4.6 -7.2
v -10.1 0.4 -7.2
v -10.1 0.6 -7.2
v -10.1 0.8 -7.2
v -10.1 3 -7.2
v -10.1 3.1 -7.2
v -10.1 4.3 -7.2
v -10.1 4.6 -7.2
v -10 0.3 -7.2
v -10 0.6 -7.2
v -10 0.8 -7.2
v -10 4.9 -7.2
v -2.7 0.9 -7.2
v -2.7 1 -7.2
v -2.6 0.3 -7.2
v -2.6 0.9 -7.2
v -2.5 0.3 -7.2
v -2.5 0.7 -7.2
v -2.5 0.9 -7.2
v -2.1 0.3 -7.2
v -2.1 0.7 -7.2
v -2 0.3 -7.2
v -2 0.7 -7.2
v -2 0.9 -7.2
v -2 1 -7.2
v -11.9 0.2 -7.3
v -11.9 0.3 -7.3
v -9.9 0.2 -7.3
v -9.9 0.3 -7.3
v -1.8 7.4 -7.4
v -1.8 8.9 -7.4
v -1.7 7.4 -7.4
v -1.7 8.8 -7.4
v 1.7 8.8 -7.4
v 1.7 8.9 -7.4
v 5.3 10.4 -7.5
v 5.3 10.5 -7.5
v 5.6 10.4 -7.5
v 6.4 10.4 -7.5
v 6.4 10.5 -7.5
v 6.5 10.4 -7.5
v 6.5 10.5 -7.5
v -1.8 7.4 -7.7
v -1.8 8.9 -7.7
v -1.7 7.4 -7.7
v -1.7 8.8 -7.7
v 1.7 8.8 -7.7
v 1.7 8.9 -7.7
v 4.4 9.6 -7.9
v 4.4 10.4 -7.9
v 4.7 10.3 -7.9
v 4.7 10.4 -7.9
v 5 10.3 -7.9
v 5 10.4 -7.9
v 5.1 10.3 -7.9
v 5.1 10.4 -7.9
v 5.5 10 -7.9
v 5.5 10.3 -7.9
v 5.5 10.4 -7.9
v 5.8 10.3 -7.9
v 5.8 10.4 -7.9
v 6 10 -7.9
v 6 10.4 -7.9
v 7.4 9.6 -7.9
v 7.4 10.4 -7.9
v -1.8 7.4 -8
v -1.8 8.9 -8
v -1.7 7.4 -8
v -1.7 8.8 -8
v 1.7 8.8 -8
v 1.7 8.9 -8
v -12.5 0.1 -8.1
v -12.5 0.3 -8.1
v -9.1 0.1 -8.1
v -9.1 0.3 -8.1
v -1.5 2.6 -8.2
v -1.5 7.4 -8.2
v -1.2 2.6 -8.2
v -1.2 2.8 -8.2
v -1.2 2.9 -8.2
v -1.2 3.2 -8.2
v -1.2 3.3 -8.2
v -1.2 3.6 -8.2
v -1.2 3.7 -8.2
v -1.2 7.4 -8.2
v 1.7 2.8 -8.2
v 1.7 2.9 -8.2
v 1.7 3.2 -8.2
v 1.7 3.3 -8.2
v 1.7 3.6 -8.2
v 1.7 3.7 -8.2
v -1.8 7.4 -8.3
v -1.8 8.9 -8.3
v -1.7 7.4 -8.3
v -1.7 8.8 -8.3
v 1.7 8.8 -8.3
v 1.7 8.9 -8.3
v -1.7 0.4 -8.4
v -1.7 1 -8.4
v -1.7 1.1 -8.4
v -1.7 2.4 -8.4
v -1.7 7.4 -8.4
v -1.7 8.8 -8.4
v -1.6 1 -8.4
v -1.6 1.1 -8.4
v -1.6 1.2 -8.4
v -1.6 1.3 -8.4
v -1.6 1.4 -8.4
v -1.5 1.1 -8.4
v -1.5 1.2 -8.4
v -1.5 1.3 -8.4
v -1.5 1.4 -8.4
v -1.4 0.7 -8.4
v -1.4 0.9 -8.4
v -1.4 1.5 -8.4
v -1.4 1.7 -8.4
v -1.4 1.8 -8.4
v -1.4 2.1 -8.4
v -1.2 0.7 -8.4
v -1.2 0.9 -8.4
v -1.2 1.2 -8.4
v -1.2 1.5 -8.4
v -1.2 1.7 -8.4
v -1.2 1.8 -8.4
v -1.2 2 -8.4
v -1.2 2.1 -8.4
v -1.2 2.2 -8.4
v -1.1 0.8 -8.4
v -1.1 0.9 -8.4
v -1.1 1.2 -8.4
v -1.1 1.5 -8.4
v -1 0.8 -8.4
v -1 0.9 -8.4
v -1 1.9 -8.4
v -1 2 -8.4
v -1 2.2 -8.4
v -0.900001 0.6 -8.4
v -0.900001 0.7 -8.4
v -0.900001 1.3 -8.4
v -0.900001 1.6 -8.4
v -0.8 0.6 -8.4
v -0.8 0.7 -8.4
v -0.8 0.8 -8.4
v -0.8 1.3 -8.4
v -0.8 1.6 -8.4
v -0.8 1.9 -8.4
v -0.8 2 -8.4
v -0.700001 0.9 -8.4
v -0.700001 1.2 -8.4
v -0.700001 2.1 -8.4
v -0.700001 2.2 -8.4
v -0.6 0.7 -8.4
v -0.6 0.8 -8.4
v -0.6 0.9 -8.4
v -0.6 1.2 -8.4
v -0.5 0.5 -8.4
v -0.5 0.6 -8.4
v -0.5 1.5 -8.4
v -0.5 1.6 -8.4
v -0.5 1.9 -8.4
v -0.5 2 -8.4
v -0.5 2.1 -8.4
v -0.5 2.2 -8.4
v -0.400001 1 -8.4
v -0.400001 1.3 -8.4
v -0.400001 1.5 -8.4
v -0.400001 1.6 -8.4
v -0.3 0.7 -8.4
v -0.3 0.8 -8.4
v -0.3 1 -8.4
v -0.3 1.3 -8.4
v -0.3 1.4 -8.4
v -0.3 1.5 -8.4
v -0.3 1.6 -8.4
v -0.3 1.7 -8.4
v -0.3 1.9 -8.4
v -0.3 2 -8.4
v -0.200001 0.5 -8.4
v -0.200001 0.6 -8.4
v -0.200001 0.8 -8.4
v -0.200001 1 -8.4
v -0.1 0.7 -8.4
v -0.1 0.8 -8.4
v -0.1 1.4 -8.4
v -0.1 1.5 -8.4
v 0 1.3 -8.4
v 0 1.4 -8.4
v 0 1.6 -8.4
v 0 1.7 -8.4
v 0.0999994 1.4 -8.4
v 0.0999994 1.9 -8.4
v 0.0999994 2 -8.4
v 0.0999994 2.2 -8.4
v 0.2 1.3 -8.4
v 0.2 1.7 -8.4
v 0.299999 0.5 -8.4
v 0.299999 0.6 -8.4
v 0.299999 1.7 -8.4
v 0.299999 1.9 -8.4
v 0.4 0.7 -8.4
v 0.4 0.8 -8.4
v 0.4 1 -8.4
v 0.5 0.6 -8.4
v 0.5 0.7 -8.4
v 0.5 1.9 -8.4
v 0.5 2 -8.4
v 0.599999 0.5 -8.4
v 0.599999 0.7 -8.4
v 0.599999 0.8 -8.4
v 0.599999 0.9 -8.4
v 0.599999 1 -8.4
v 0.599999 1.2 -8.4
v 0.599999 1.4 -8.4
v 0.599999 1.5 -8.4
v 0.799999 1 -8.4
v 0.799999 1.2 -8.4
v 0.799999 2.1 -8.4
v 0.799999 2.2 -8.4
v 0.9 1.9 -8.4
v 0.9 2.1 -8.4
v 1 1.4 -8.4
v 1 1.5 -8.4
v 1.1 1.3 -8.4
v 1.1 2.4 -8.4
v 1.3 1 -8.4
v 1.3 1.2 -8.4
v 1.3 1.3 -8.4
v 1.3 1.4 -8.4
v 1.3 1.7 -8.4
v 1.3 2 -8.4
v 1.3 2.2 -8.4
v 1.3 2.4 -8.4
v 1.4 0.7 -8.4
v 1.4 0.9 -8.4
v 1.5 1 -8.4
v 1.5 1.2 -8.4
v 1.5 1.4 -8.4
v 1.5 1.7 -8.4
v 1.6 2 -8.4
v 1.6 2.2 -8.4
v 1.7 0.4 -8.4
v 1.7 2.4 -8.4
v 1.7 7.4 -8.4
v 1.7 8.8 -8.4
v -1.7 2.4 -8.5
v -1.7 2.6 -8.5
v 1.1 2.4 -8.5
v 1.1 2.5 -8.5
v 1.3 2.4 -8.5
v 1.3 2.5 -8.5
v 1.7 0.4 -8.5
v 1.7 2.4 -8.5
v 1.7 2.6 -8.5
v 1.7 4.1 -8.5
v 1.7 4.5 -8.5
v 1.7 5.2 -8.5
v 1.7 5.5 -8.5
v 1.7 5.7 -8.5
v 1.7 5.9 -8.5
v 1.7 6 -8.5
v 1.7 6.2 -8.5
v 1.7 9.3 -8.5
v 1.7 9.6 -8.5
v 1.7 9.8 -8.5
v 1.8 4.1 -8.5
v 1.8 4.5 -8.5
v 1.8 5.2 -8.5
v 1.8 5.5 -8.5
v 1.8 5.7 -8.5
v 1.8 5.9 -8.5
v 1.8 6 -8.5
v 1.8 6.2 -8.5
v 1.8 9.3 -8.5
v 1.8 9.6 -8.5
v 2 2.5 -8.5
v 2 3.1 -8.5
v 2.2 1.1 -8.5
v 2.2 1.5 -8.5
v 2.2 2.5 -8.5
v 2.2 3.1 -8.5
v 2.2 3.2 -8.5
v 2.2 3.8 -8.5
v 2.2 4.1 -8.5
v 2.2 4.6 -8.5
v 2.3 5 -8.5
v 2.3 5.8 -8.5
v 2.3 6.8 -8.5
v 2.3 7.4 -8.5
v 2.3 8.7 -8.5
v 2.3 9 -8.5
v 2.4 1.7 -8.5
v 2.4 2 -8.5
v 2.4 3.2 -8.5
v 2.4 3.8 -8.5
v 2.4 4.1 -8.5
v 2.4 4.6 -8.5
v 2.5 0.9 -8.5
v 2.5 1 -8.5
v 2.5 1.1 -8.5
v 2.5 1.5 -8.5
v 2.5 5 -8.5
v 2.5 5.8 -8.5
v 2.5 7.7 -8.5
v 2.5 8.1 -8.5
v 2.5 8.7 -8.5
v 2.5 9 -8.5
v 2.6 1.7 -8.5
v 2.6 2 -8.5
v 2.6 6.8 -8.5
v 2.6 7.4 -8.5
v 2.6 9.4 -8.5
v 2.6 9.6 -8.5
v 2.7 6.4 -8.5
v 2.7 6.7 -8.5
v 2.8 1.2 -8.5
v 2.8 1.4 -8.5
v 2.8 4.2 -8.5
v 2.8 4.6 -8.5
v 2.8 5.9 -8.5
v 2.8 6 -8.5
v 2.8 7.7 -8.5
v 2.8 8.1 -8.5
v 2.8 8.2 -8.5
v 2.8 8.3 -8.5
v 2.9 0.9 -8.5
v 2.9 1 -8.5
v 2.9 2.9 -8.5
v 2.9 3.6 -8.5
v 2.9 4.2 -8.5
v 2.9 4.6 -8.5
v 2.9 6.4 -8.5
v 2.9 6.7 -8.5
v 2.9 9.4 -8.5
v 2.9 9.6 -8.5
v 3 4.2 -8.5
v 3 4.3 -8.5
v 3 4.6 -8.5
v 3 5.1 -8.5
v 3.1 5.9 -8.5
v 3.1 6 -8.5
v 3.1 9.1 -8.5
v 3.1 9.2 -8.5
v 3.2 1.2 -8.5
v 3.2 1.4 -8.5
v 3.2 4.6 -8.5
v 3.2 5.1 -8.5
v 3.2 8.2 -8.5
v 3.2 8.3 -8.5
v 3.3 2.2 -8.5
v 3.3 2.8 -8.5
v 3.3 2.9 -8.5
v 3.3 3.6 -8.5
v 3.3 4.2 -8.5
v 3.3 4.3 -8.5
v 3.3 6.8 -8.5
v 3.3 7.6 -8.5
v 3.3 9.1 -8.5
v 3.3 9.2 -8.5
v 3.4 6.1 -8.5
v 3.4 6.4 -8.5
v 3.5 0.7 -8.5
v 3.5 1.2 -8.5
v 3.5 6.8 -8.5
v 3.5 7.3 -8.5
v 3.5 7.5 -8.5
v 3.5 7.6 -8.5
v 3.6 5.1 -8.5
v 3.6 5.4 -8.5
v 3.7 0.7 -8.5
v 3.7 1.2 -8.5
v 3.7 2 -8.5
v 3.7 2.1 -8.5
v 3.7 7.3 -8.5
v 3.7 7.5 -8.5
v 3.8 2.2 -8.5
v 3.8 2.8 -8.5
v 3.8 4.5 -8.5
v 3.8 4.9 -8.5
v 3.8 5.8 -8.5
v 3.8 6.1 -8.5
v 3.8 6.2 -8.5
v 3.8 7.2 -8.5
v 3.8 7.4 -8.5
v 3.9 2.7 -8.5
v 3.9 2.9 -8.5
v 3.9 5.8 -8.5
v 3.9 6.1 -8.5
v 3.9 8.1 -8.5
v 3.9 8.4 -8.5
v 4 8.7 -8.5
v 4 8.8 -8.5
v 4.1 0.9 -8.5
v 4.1 1.1 -8.5
v 4.1 6.2 -8.5
v 4.1 6.4 -8.5
v 4.2 3.6 -8.5
v 4.2 4.3 -8.5
v 4.2 5.1 -8.5
v 4.2 5.4 -8.5
v 4.3 2 -8.5
v 4.3 2.1 -8.5
v 4.3 7.2 -8.5
v 4.3 7.4 -8.5
v 4.4 9.1 -8.5
v 4.4 9.3 -8.5
v 4.5 4.4 -8.5
v 4.5 4.5 -8.5
v 4.6 1.4 -8.5
v 4.6 2 -8.5
v 4.6 2.9 -8.5
v 4.6 3.3 -8.5
v 4.6 4.7 -8.5
v 4.6 4.9 -8.5
v 4.7 0.9 -8.5
v 4.7 1.1 -8.5
v 4.7 2.7 -8.5
v 4.7 2.9 -8.5
v 4.7 8.7 -8.5
v 4.7 8.8 -8.5
v 4.8 4.4 -8.5
v 4.8 4.7 -8.5
v 4.8 5.1 -8.5
v 4.8 5.3 -8.5
v 4.8 8.1 -8.5
v 4.8 8.4 -8.5
v 4.8 9.1 -8.5
v 4.8 9.3 -8.5
v 4.9 1.4 -8.5
v 4.9 2 -8.5
v 4.9 2.9 -8.5
v 4.9 3.3 -8.5
v 4.9 3.6 -8.5
v 4.9 3.7 -8.5
v 4.9 5.8 -8.5
v 4.9 6.2 -8.5
v 5.1 1 -8.5
v 5.1 1.4 -8.5
v 5.1 5.1 -8.5
v 5.1 5.3 -8.5
v 5.1 9.2 -8.5
v 5.1 9.3 -8.5
v 5.2 6.6 -8.5
v 5.2 7.2 -8.5
v 5.3 1.8 -8.5
v 5.3 2.1 -8.5
v 5.3 3.1 -8.5
v 5.3 3.4 -8.5
v 5.3 3.7 -8.5
v 5.3 4.3 -8.5
v 5.3 4.4 -8.5
v 5.3 4.7 -8.5
v 5.4 2.4 -8.5
v 5.4 2.9 -8.5
v 5.4 9.2 -8.5
v 5.4 9.3 -8.5
v 5.5 0.7 -8.5
v 5.5 0.9 -8.5
v 5.5 6.6 -8.5
v 5.5 7.2 -8.5
v 5.5 8.7 -8.5
v 5.5 8.9 -8.5
v 5.6 1 -8.5
v 5.6 1.4 -8.5
v 5.6 7.2 -8.5
v 5.6 7.3 -8.5
v 5.6 7.5 -8.5
v 5.6 8.1 -8.5
v 5.7 2.4 -8.5
v 5.7 2.9 -8.5
v 5.7 4.4 -8.5
v 5.7 4.7 -8.5
v 5.7 7.2 -8.5
v 5.7 7.3 -8.5
v 5.7 8.7 -8.5
v 5.7 8.9 -8.5
v 5.8 1.3 -8.5
v 5.8 1.6 -8.5
v 5.8 3.9 -8.5
v 5.8 4.2 -8.5
v 5.8 5.8 -8.5
v 5.8 6.2 -8.5
v 5.8 6.5 -8.5
v 5.8 6.6 -8.5
v 5.9 3.1 -8.5
v 5.9 3.4 -8.5
v 5.9 7.5 -8.5
v 5.9 8.1 -8.5
v 6 3.4 -8.5
v 6 3.6 -8.5
v 6 6.5 -8.5
v 6 6.6 -8.5
v 6.1 2.7 -8.5
v 6.1 3 -8.5
v 6.2 0.7 -8.5
v 6.2 0.9 -8.5
v 6.2 3.3 -8.5
v 6.2 3.4 -8.5
v 6.2 3.6 -8.5
v 6.2 3.7 -8.5
v 6.2 5.2 -8.5
v 6.2 5.5 -8.5
v 6.2 8.2 -8.5
v 6.2 8.4 -8.5
v 6.2 9 -8.5
v 6.2 9.3 -8.5
v 6.3 1.8 -8.5
v 6.3 2.1 -8.5
v 6.3 3.3 -8.5
v 6.3 3.4 -8.5
v 6.3 3.6 -8.5
v 6.3 3.7 -8.5
v 6.3 6.4 -8.5
v 6.3 6.6 -8.5
v 6.4 1.3 -8.5
v 6.4 1.6 -8.5
v 6.4 3.4 -8.5
v 6.4 3.6 -8.5
v 6.4 5.2 -8.5
v 6.4 5.5 -8.5
v 6.4 5.6 -8.5
v 6.4 5.8 -8.5
v 6.4 8.5 -8.5
v 6.4 8.7 -8.5
v 6.5 2.7 -8.5
v 6.5 2.8 -8.5
v 6.5 4.3 -8.5
v 6.5 4.5 -8.5
v 6.6 0.8 -8.5
v 6.6 1 -8.5
v 6.6 2.2 -8.5
v 6.6 2.4 -8.5
v 6.6 2.8 -8.5
v 6.6 3 -8.5
v 6.6 3.9 -8.5
v 6.6 4.2 -8.5
v 6.6 5.6 -8.5
v 6.6 5.8 -8.5
v 6.6 8.2 -8.5
v 6.6 8.4 -8.5
v 6.6 8.5 -8.5
v 6.6 8.7 -8.5
v 6.7 0.8 -8.5
v 6.7 1 -8.5
v 6.7 3.4 -8.5
v 6.7 3.8 -8.5
v 6.7 4.1 -8.5
v 6.7 4.3 -8.5
v 6.7 4.5 -8.5
v 6.7 4.8 -8.5
v 6.7 9 -8.5
v 6.7 9.3 -8.5
v 6.8 2.2 -8.5
v 6.8 2.4 -8.5
v 6.8 5 -8.5
v 6.8 5.1 -8.5
v 6.8 8.8 -8.5
v 6.8 9.2 -8.5
v 6.9 4.1 -8.5
v 6.9 4.8 -8.5
v 6.9 5 -8.5
v 6.9 5.1 -8.5
v 6.9 8.3 -8.5
v 6.9 8.5 -8.5
v 7 0.9 -8.5
v 7 1.1 -8.5
v 7 2.3 -8.5
v 7 3.4 -8.5
v 7 6.4 -8.5
v 7 6.6 -8.5
v 7.1 4.3 -8.5
v 7.1 4.6 -8.5
v 7.1 6.6 -8.5
v 7.1 7.1 -8.5
v 7.2 0.8 -8.5
v 7.2 0.9 -8.5
v 7.2 1.6 -8.5
v 7.2 2 -8.5
v 7.2 2.3 -8.5
v 7.2 3.4 -8.5
v 7.2 6.2 -8.5
v 7.2 6.3 -8.5
v 7.2 7.2 -8.5
v 7.2 7.5 -8.5
v 7.2 8.8 -8.5
v 7.2 9.2 -8.5
v 7.3 5.8 -8.5
v 7.3 6.2 -8.5
v 7.3 6.3 -8.5
v 7.3 6.5 -8.5
v 7.4 0.8 -8.5
v 7.4 1.1 -8.5
v 7.4 3.4 -8.5
v 7.4 3.8 -8.5
v 7.4 5.1 -8.5
v 7.4 5.4 -8.5
v 7.5 6.6 -8.5
v 7.5 7.1 -8.5
v 7.5 8.3 -8.5
v 7.5 8.5 -8.5
v 7.6 1.6 -8.5
v 7.6 2 -8.5
v 7.6 2.4 -8.5
v 7.6 2.7 -8.5
v 7.6 4.3 -8.5
v 7.6 4.6 -8.5
v 7.6 6.3 -8.5
v 7.6 6.5 -8.5
v 7.6 7.2 -8.5
v 7.6 7.5 -8.5
v 7.7 2.4 -8.5
v 7.7 2.7 -8.5
v 7.7 8.3 -8.5
v 7.7 9 -8.5
v 7.8 9.3 -8.5
v 7.8 9.6 -8.5
v 7.9 5.1 -8.5
v 7.9 5.4 -8.5
v 7.9 5.8 -8.5
v 7.9 6.3 -8.5
v 8 8.3 -8.5
v 8 8.7 -8.5
v 8 9.3 -8.5
v 8 9.6 -8.5
v 8.1 0.4 -8.5
v 8.1 8.7 -8.5
v 8.1 9 -8.5
v 8.1 9.8 -8.5
v -1.7 0.3 -8.6
v -1.7 0.4 -8.6
v 1.6 9.8 -8.6
v 1.6 9.9 -8.6
v 8.2 0.3 -8.6
v 8.2 0.4 -8.6
v 8.2 9.8 -8.6
v 8.2 9.9 -8.6
v -3.8 0.1 -12.1
v -3.8 0.4 -12.1
v -3.7 0.1 -12.1
v -3.7 0.3 -12.1
v 12.1 0.1 -12.1
v 12.1 0.3 -12.1
v 12.2 0.1 -12.1
v 12.2 0.4 -12.1
v -12.8 0 -12.8
v -12.8 0.1 -12.8
v 12.8 0 -12.8
v 12.8 0.1 -12.8
v -12.8 0 12.8
v 12.8 0 12.8
v -3.8 0 11.5
v 12.2 0 11.5
v -12 0 4.5
v -9.1 0 4.5
v -11.8 0 -4.9
v -10 0 -4.9
v -11.8 0 -7.2
v -10 0 -7.2
v -12 0 -8.1
v -9.1 0 -8.1
v -3.8 0 -12.1
v 12.2 0 -12.1
v -12.8 0 -12.8
v 12.8 0 -12.8
v -12.6 0.2 -1
v -12.5 0.2 -1
v -12.6 0.2 -2.4
v -12.5 0.2 -2.4
v -11.8 0.3 3.5
v -10 0.3 3.5
v -11.8 0.3 1.3
v -10 0.3 1.3
v -11.6 0.5 3.8
v -11.4 0.5 3.8
v -11.6 0.5 3.6
v -11.4 0.5 3.6
v -11.6 0.5 -4.7
v -11.4 0.5 -4.7
v -11.6 0.5 -4.9
v -11.4 0.5 -4.9
v -2.5 0.7 -7.1
v -2.1 0.7 -7.1
v -2.5 0.7 -7.2
v -2.1 0.7 -7.2
v -2.6 0.8 -4.4
v -2.1 0.8 -4.4
v -2.6 0.8 -4.5
v -2.1 0.8 -4.5
v -2.7 0.9 -4.3
v -2 0.9 -4.3
v -2.7 0.9 -4.4
v -2 0.9 -4.4
v -2.7 0.9 -4.5
v -2 0.9 -4.5
v -2.6 0.9 -7.1
v -2.5 0.9 -7.1
v -2 0.9 -7.1
v -2.7 0.9 -7.2
v -2.6 0.9 -7.2
v -10.2 1 3.3
v -10.1 1 3.3
v -10.2 1 2.9
v -10.1 1 2.9
v -10.2 1 -5.2
v -10.1 1 -5.2
v -10.2 1 -5.6
v -10.1 1 -5.6
v -10.1 1.1 3.4
v -10 1.1 3.4
v -10.1 1.1 2.8
v -10 1.1 2.8
v -10.1 1.1 -5.1
v -10 1.1 -5.1
v -10.1 1.1 -5.7
v -10 1.1 -5.7
v 5.7 1.5 8
v 5.8 1.5 8
v 5.7 1.5 7.9
v 5.8 1.5 7.9
v -11 1.5 3.7
v -10.4 1.5 3.7
v -11 1.5 3.6
v -10.4 1.5 3.6
v -11 1.5 -4.8
v -10.4 1.5 -4.8
v -11 1.5 -4.9
v -10.4 1.5 -4.9
v -1.4 2.2 1.8
v -1.3 2.2 1.8
v -1.4 2.2 1.7
v -1.3 2.2 1.7
v -1.4 2.2 -1.5
v -1.3 2.2 -1.5
v -1.7 2.4 8.3
v 1.6 2.4 8.3
v -1.6 2.4 8.2
v 1.6 2.4 8.2
v -1.7 2.4 1.7
v -1.6 2.4 1.7
v -1.7 2.4 -8.4
v 1.1 2.4 -8.4
v 1.3 2.4 -8.4
v 1.7 2.4 -8.4
v -1.7 2.4 -8.5
v 1.1 2.4 -8.5
v 1.3 2.4 -8.5
v 1.7 2.4 -8.5
v 1.6 2.5 8.3
v 1.7 2.5 8.3
v 1.6 2.5 8.2
v 1.7 2.5 8.2
v 0.799999 2.7 7
v 0.9 2.7 7
v 0.799999 2.7 6.9
v 0.9 2.7 6.9
v -1.2 2.8 7.7
v 1.7 2.8 7.7
v -1.2 2.8 7.6
v 1.7 2.8 7.6
v -1.5 2.8 7.4
v -1.4 2.8 7.4
v -1.5 2.8 2.8
v -1.4 2.8 2.8
v -1.5 2.8 -2.4
v -1.4 2.8 -2.4
v -1.5 2.8 -7.9
v -1.4 2.8 -7.9
v -1.2 2.8 -8.1
v 1.7 2.8 -8.1
v -1.2 2.8 -8.2
v 1.7 2.8 -8.2
v -1.2 3.2 7.7
v 1.7 3.2 7.7
v -1.2 3.2 7.6
v 1.7 3.2 7.6
v -1.5 3.2 7.4
v -1.4 3.2 7.4
v -11.1 3.2 3.6
v -10.9 3.2 3.6
v -11.1 3.2 3.5
v -10.9 3.2 3.5
v -1.5 3.2 2.8
v -1.4 3.2 2.8
v -1.5 3.2 -2.4
v -1.4 3.2 -2.4
v -11.1 3.2 -4.9
v -10.9 3.2 -4.9
v -11.1 3.2 -5
v -10.9 3.2 -5
v -1.5 3.2 -7.9
v -1.4 3.2 -7.9
v -1.2 3.2 -8.1
v 1.7 3.2 -8.1
v -1.2 3.2 -8.2
v 1.7 3.2 -8.2
v -11.8 3.3 4.5
v -10.9 3.3 4.5
v -11.7 3.3 4.4
v -11 3.3 4.4
v -11 3.3 4.1
v -10.9 3.3 4.1
v -11.1 3.3 4
v -11 3.3 4
v -11.1 3.3 3.8
v -10.9 3.3 3.8
v -11.7 3.3 3.7
v -11.6 3.3 3.7
v -11.8 3.3 3.6
v -11.7 3.3 3.6
v -11.6 3.3 3.6
v -11.8 3.3 -4
v -10.9 3.3 -4
v -11.7 3.3 -4.1
v -11 3.3 -4.1
v -11 3.3 -4.4
v -10.9 3.3 -4.4
v -11.1 3.3 -4.5
v -11 3.3 -4.5
v -11.1 3.3 -4.7
v -10.9 3.3 -4.7
v -11.7 3.3 -4.8
v -11.6 3.3 -4.8
v -11.8 3.3 -4.9
v -11.7 3.3 -4.9
v -11.6 3.3 -4.9
v 5.7 3.4 7.9
v 6.6 3.4 7.9
v 5.7 3.4 7.8
v 6.6 3.4 7.8
v 5.5 3.5 8
v 6.8 3.5 8
v 5.5 3.5 7.9
v 6.8 3.5 7.9
v 2.2 3.5 -0.7
v 2.3 3.5 -0.7
v 2.2 3.5 -0.799999
v 2.3 3.5 -0.799999
v 5.4 3.6 8.3
v 6.9 3.6 8.3
v 5.4 3.6 8.2
v 6.9 3.6 8.2
v 5.4 3.6 8
v 6.9 3.6 8
v -1.2 3.6 7.7
v 1.7 3.6 7.7
v -1.2 3.6 7.6
v 1.7 3.6 7.6
v -1.5 3.6 7.4
v -1.4 3.6 7.4
v -1.5 3.6 2.8
v -1.4 3.6 2.8
v -1.5 3.6 -2.4
v -1.4 3.6 -2.4
v -1.5 3.6 -7.9
v -1.4 3.6 -7.9
v -1.2 3.6 -8.1
v 1.7 3.6 -8.1
v -1.2 3.6 -8.2
v 1.7 3.6 -8.2
v 5.7 3.7 8.4
v 6.6 3.7 8.4
v 5.7 3.7 8.3
v 6.6 3.7 8.3
v 1 3.7 4.6
v 1.1 3.7 4.6
v 1 3.7 3.8
v 1.1 3.7 3.8
v 0.9 4 6.5
v 1.1 4 6.5
v 0.9 4 5.8
v 1.1 4 5.8
v 1 4 4.6
v 1.1 4 4.6
v -11.1 4 4
v -10.9 4 4
v -11.1 4 3.9
v -10.9 4 3.9
v -11.1 4 3.8
v -10.9 4 3.8
v 1 4 3.8
v 1.1 4 3.8
v -11.1 4 3.6
v -10.9 4 3.6
v -11.1 4 -4.5
v -10.9 4 -4.5
v -11.1 4 -4.6
v -10.9 4 -4.6
v -11.1 4 -4.7
v -10.9 4 -4.7
v -11.1 4 -4.9
v -10.9 4 -4.9
v 1.6 4.1 -1.6
v 1.7 4.1 -1.6
v 1.7 4.1 -2.1
v 1.6 4.1 -2.2
v 1.7 4.1 -2.2
v 1 4.3 4.6
v 1.1 4.3 4.6
v 1 4.3 3.8
v 1.1 4.3 3.8
v -11.7 4.4 3.4
v -11.6 4.4 3.4
v -11.7 4.4 3.2
v -11.6 4.4 3.2
v -10.3 4.4 2.1
v -10.2 4.4 2.1
v -10.3 4.4 1.6
v -10.2 4.4 1.6
v -11.7 4.4 -5.1
v -11.6 4.4 -5.1
v -11.7 4.4 -5.3
v -11.6 4.4 -5.3
v -10.3 4.4 -6.4
v -10.2 4.4 -6.4
v -10.3 4.4 -6.9
v -10.2 4.4 -6.9
v 0.9 4.5 6.5
v 1.2 4.5 6.5
v 0.9 4.5 5.8
v 1.2 4.5 5.8
v -11.2 4.5 3.6
v -10.8 4.5 3.6
v -11.2 4.5 3.5
v -10.8 4.5 3.5
v -10.3 4.5 3.2
v -10.2 4.5 3.2
v -11.7 4.5 3
v -11.6 4.5 3
v -10.3 4.5 2.9
v -10.2 4.5 2.9
v -10.3 4.5 2.6
v -10.2 4.5 2.6
v -11.7 4.5 2.5
v -11.6 4.5 2.5
v -11.7 4.5 2.3
v -11.6 4.5 2.3
v -10.3 4.5 2.3
v -10.2 4.5 2.3
v -11.7 4.5 2.2
v -11.6 4.5 2.2
v -11.7 4.5 1.9
v -11.6 4.5 1.9
v -11.7 4.5 1.7
v -11.6 4.5 1.7
v -11.2 4.5 -4.9
v -10.8 4.5 -4.9
v -11.2 4.5 -5
v -10.8 4.5 -5
v -10.3 4.5 -5.3
v -10.2 4.5 -5.3
v -11.7 4.5 -5.5
v -11.6 4.5 -5.5
v -10.3 4.5 -5.6
v -10.2 4.5 -5.6
v -10.3 4.5 -5.9
v -10.2 4.5 -5.9
v -11.7 4.5 -6
v -11.6 4.5 -6
v -10.3 4.5 -6.1
v -11.7 4.5 -6.2
v -11.6 4.5 -6.2
v -10.3 4.5 -6.2
v -10.2 4.5 -6.2
v -11.7 4.5 -6.3
v -11.6 4.5 -6.3
v -11.7 4.5 -6.6
v -11.6 4.5 -6.6
v -11.7 4.5 -6.8
v -11.6 4.5 -6.8
v 1 4.6 4.6
v 1.1 4.6 4.6
v 1 4.6 3.8
v 1.1 4.6 3.8
v -11.8 4.6 3.4
v -11.7 4.6 3.4
v -10.2 4.6 3.3
v -10.1 4.6 3.3
v -11.8 4.6 3.1
v -11.7 4.6 3.1
v -11.8 4.6 3
v -11.7 4.6 3
v -11.8 4.6 1.6
v -11.7 4.6 1.6
v -10.2 4.6 1.5
v -10.1 4.6 1.5
v -11.8 4.6 -5.1
v -11.7 4.6 -5.1
v -10.2 4.6 -5.2
v -10.1 4.6 -5.2
v -11.8 4.6 -5.4
v -11.7 4.6 -5.4
v -11.8 4.6 -5.5
v -11.7 4.6 -5.5
v -11.8 4.6 -6.9
v -11.7 4.6 -6.9
v -10.2 4.6 -7
v -10.1 4.6 -7
v -10.4 4.7 3.6
v -10.1 4.7 3.6
v -10.4 4.7 3.5
v -10.2 4.7 3.5
v -10.1 4.7 3.5
v -10.1 4.7 3.4
v -10 4.7 3.4
v -10.1 4.7 3.2
v -10 4.7 3.2
v -10.1 4.7 3
v -10 4.7 3
v -10.1 4.7 2.6
v -10 4.7 2.6
v -10.1 4.7 2.5
v -10 4.7 2.5
v -10.1 4.7 1.6
v -10 4.7 1.6
v -10.1 4.7 1.5
v -10 4.7 1.5
v -10.1 4.7 1.4
v -10 4.7 1.4
v -10.4 4.7 -4.9
v -10.1 4.7 -4.9
v -10.4 4.7 -5
v -10.2 4.7 -5
v -10.1 4.7 -5
v -10.1 4.7 -5.1
v -10 4.7 -5.1
v -10.1 4.7 -5.3
v -10 4.7 -5.3
v -10.1 4.7 -5.5
v -10 4.7 -5.5
v -10.1 4.7 -5.9
v -10 4.7 -5.9
v -10.1 4.7 -6
v -10 4.7 -6
v -10.1 4.7 -6.9
v -10 4.7 -6.9
v -10.1 4.7 -7
v -10 4.7 -7
v -10.1 4.7 -7.1
v -10 4.7 -7.1
v 0.9 4.8 4.6
v 1.1 4.8 4.6
v 0.9 4.8 3.8
v 1.1 4.8 3.8
v 0.799999 4.9 4.7
v 0.9 4.9 4.7
v 0.799999 4.9 3.7
v 0.9 4.9 3.7
v 0.9 5.1 6.5
v 1.4 5.1 6.5
v 0.9 5.1 5.8
v 1.4 5.1 5.8
v -11.2 5.1 2.7
v -11.1 5.1 2.7
v -10.9 5.1 2.7
v -10.8 5.1 2.7
v -11.2 5.1 2.2
v -11.1 5.1 2.2
v -10.9 5.1 2.2
v -10.8 5.1 2.2
v -11.2 5.1 2.1
v -11.1 5.1 2.1
v 2.3 5.4 0.8
v 2.5 5.4 0.8
v 2.3 5.4 -0.299999
v 2.5 5.4 -0.299999
v 0.9 5.6 6.5
v 1.1 5.6 6.5
v 0.9 5.6 5.8
v 1.1 5.6 5.8
v 0.799999 5.7 6.5
v 0.9 5.7 6.5
v 0.799999 5.7 5.8
v 0.9 5.7 5.8
v 0.7 5.8 6.6
v 0.799999 5.8 6.6
v 0.7 5.8 5.7
v 0.799999 5.8 5.7
v -11.2 5.9 2.8
v -10.8 5.9 2.8
v -11.3 5.9 2.7
v -11.2 5.9 2.7
v -11.1 5.9 2.7
v -10.9 5.9 2.7
v -10.8 5.9 2.7
v -10.7 5.9 2.7
v -11.3 5.9 2.2
v -11.2 5.9 2.2
v -11.1 5.9 2.2
v -10.9 5.9 2.2
v -10.8 5.9 2.2
v -10.7 5.9 2.2
v -11.1 5.9 2.1
v -10.8 5.9 2.1
v 2 5.9 -2.9
v 5.5 5.9 -2.9
v -11.3 5.9 -5.8
v -11.2 5.9 -5.8
v -10.8 5.9 -5.8
v -10.7 5.9 -5.8
v -11.3 5.9 -6.3
v -11.2 5.9 -6.3
v -10.8 5.9 -6.3
v -10.7 5.9 -6.3
v 2 5.9 -6.9
v 5.5 5.9 -6.9
v 1.7 6 -2.9
v 1.8 6 -2.9
v 1.9 6 -2.9
v 1.7 6 -7
v 1.8 6 -7
v 1.9 6 -7
v 2.2 6.1 1.3
v 2.3 6.1 1.3
v 2.2 6.1 -1
v 2.3 6.1 -1
v 1.7 6.2 1.4
v 1.8 6.2 1.4
v 1.9 6.2 1.4
v 2.2 6.2 1.4
v 1.7 6.2 -0.7
v 1.8 6.2 -0.7
v 1.7 6.2 -0.9
v 1.8 6.2 -0.9
v 1.7 6.2 -1.1
v 1.8 6.2 -1.1
v 2.2 6.2 -1.1
v 3.4 6.3 8.3
v 7.4 6.3 8.3
v 3.4 6.3 8.2
v 7.4 6.3 8.2
v 3.4 6.3 7.8
v 7.4 6.3 7.8
v 2.1 6.3 5.1
v 5.1 6.3 5.1
v 2.1 6.3 2.5
v 5.1 6.3 2.5
v 1.7 6.4 5.2
v 1.8 6.4 5.2
v 2 6.4 5.2
v 1.7 6.4 2.4
v 1.8 6.4 2.4
v 2 6.4 2.4
v 1.6 6.5 1.2
v 1.7 6.5 1.2
v 1.7 6.5 1.1
v 1.7 6.5 1
v 1.7 6.5 0.3
v 1.7 6.5 -0.5
v 1.6 6.5 -0.7
v 1.7 6.5 -0.7
v -1.7 7.4 8.2
v 0.0999994 7.4 8.2
v 0.5 7.4 8.2
v 1.7 7.4 8.2
v -1.6 7.4 8.1
v 0.0999994 7.4 8.1
v 0.5 7.4 8.1
v 1.7 7.4 8.1
v -1.8 7.4 7.7
v -1.7 7.4 7.7
v -1.6 7.4 7.7
v -1.5 7.4 7.7
v -1.2 7.4 7.7
v -1.8 7.4 7.6
v -1.7 7.4 7.6
v -1.6 7.4 7.6
v -1.2 7.4 7.6
v -1.2 7.4 7.5
v -1.8 7.4 7.4
v -1.7 7.4 7.4
v -1.6 7.4 7.4
v -1.5 7.4 7.4
v -1.2 7.4 7.4
v -1.8 7.4 7.3
v -1.7 7.4 7.3
v -1.6 7.4 7.3
v -1.8 7.4 7.1
v -1.7 7.4 7.1
v -1.6 7.4 7.1
v -1.8 7.4 7
v -1.7 7.4 7
v -1.6 7.4 7
v -1.8 7.4 6.8
v -1.7 7.4 6.8
v -1.6 7.4 6.8
v -1.8 7.4 6.7
v -1.7 7.4 6.7
v -1.6 7.4 6.7
v -1.8 7.4 6.5
v -1.7 7.4 6.5
v -1.6 7.4 6.5
v -1.8 7.4 6.4
v -1.7 7.4 6.4
v -1.6 7.4 6.4
v -1.8 7.4 6.2
v -1.7 7.4 6.2
v -1.6 7.4 6.2
v -1.8 7.4 6.1
v -1.7 7.4 6.1
v -1.6 7.4 6.1
v -1.8 7.4 5.9
v -1.7 7.4 5.9
v -1.6 7.4 5.9
v -1.8 7.4 5.8
v -1.7 7.4 5.8
v -1.6 7.4 5.8
v -1.8 7.4 5.6
v -1.7 7.4 5.6
v -1.6 7.4 5.6
v -1.8 7.4 5.5
v -1.7 7.4 5.5
v -1.6 7.4 5.5
v -1.8 7.4 5.3
v -1.7 7.4 5.3
v -1.6 7.4 5.3
v -1.8 7.4 5.2
v -1.7 7.4 5.2
v -1.6 7.4 5.2
v -1.8 7.4 5
v -1.7 7.4 5
v -1.6 7.4 5
v -1.8 7.4 4.9
v -1.7 7.4 4.9
v -1.6 7.4 4.9
v -1.8 7.4 4.7
v -1.7 7.4 4.7
v -1.6 7.4 4.7
v -1.8 7.4 4.6
v -1.7 7.4 4.6
v -1.6 7.4 4.6
v -1.8 7.4 4.4
v -1.7 7.4 4.4
v -1.6 7.4 4.4
v -1.8 7.4 4.3
v -1.7 7.4 4.3
v -1.6 7.4 4.3
v -1.8 7.4 4.1
v -1.7 7.4 4.1
v -1.6 7.4 4.1
v -1.8 7.4 4
v -1.7 7.4 4
v -1.6 7.4 4
v -1.8 7.4 3.8
v -1.7 7.4 3.8
v -1.6 7.4 3.8
v -1.8 7.4 3.7
v -1.7 7.4 3.7
v -1.6 7.4 3.7
v -1.8 7.4 3.5
v -1.7 7.4 3.5
v -1.6 7.4 3.5
v -1.8 7.4 3.4
v -1.7 7.4 3.4
v -1.6 7.4 3.4
v -1.8 7.4 3.2
v -1.7 7.4 3.2
v -1.6 7.4 3.2
v -1.8 7.4 3.1
v -1.7 7.4 3.1
v -1.6 7.4 3.1
v -1.8 7.4 2.9
v -1.7 7.4 2.9
v -1.6 7.4 2.9
v -1.8 7.4 2.8
v -1.7 7.4 2.8
v -1.6 7.4 2.8
v -1.5 7.4 2.8
v -1.2 7.4 2.8
v -1.2 7.4 2.7
v -1.8 7.4 2.6
v -1.7 7.4 2.6
v -1.6 7.4 2.6
v -1.2 7.4 2.6
v -1.8 7.4 2.5
v -1.7 7.4 2.5
v -1.6 7.4 2.5
v -1.5 7.4 2.5
v -1.2 7.4 2.5
v -1.8 7.4 2.3
v -1.7 7.4 2.3
v -1.6 7.4 2.3
v -1.8 7.4 2.2
v -1.7 7.4 2.2
v -1.6 7.4 2.2
v -1.8 7.4 2
v -1.7 7.4 2
v -1.6 7.4 2
v -1.8 7.4 1.9
v -1.7 7.4 1.9
v -1.6 7.4 1.9
v -1.8 7.4 1.7
v -1.7 7.4 1.7
v -1.6 7.4 1.7
v -1.8 7.4 1.6
v -1.7 7.4 1.6
v -1.6 7.4 1.6
v -1.8 7.4 1.4
v -1.7 7.4 1.4
v -1.6 7.4 1.4
v -1.8 7.4 1.3
v -1.7 7.4 1.3
v -1.6 7.4 1.3
v -1.8 7.4 1.1
v -1.7 7.4 1.1
v -1.6 7.4 1.1
v -1.8 7.4 1
v -1.7 7.4 1
v -1.6 7.4 1
v -1.8 7.4 0.8
v -1.7 7.4 0.8
v -1.6 7.4 0.8
v -1.8 7.4 0.700001
v -1.7 7.4 0.700001
v -1.6 7.4 0.700001
v -1.8 7.4 0.5
v -1.7 7.4 0.5
v -1.6 7.4 0.5
v -1.8 7.4 0.400001
v -1.7 7.4 0.400001
v -1.6 7.4 0.400001
v -1.8 7.4 0.200001
v -1.7 7.4 0.200001
v -1.6 7.4 0.200001
v -1.8 7.4 0.1
v -1.7 7.4 0.1
v -1.6 7.4 0.1
v -1.8 7.4 -0.0999994
v -1.7 7.4 -0.0999994
v -1.6 7.4 -0.0999994
v -1.8 7.4 -0.2
v -1.7 7.4 -0.2
v -1.6 7.4 -0.2
v -1.8 7.4 -0.4
v -1.7 7.4 -0.4
v -1.6 7.4 -0.4
v -1.8 7.4 -0.5
v -1.7 7.4 -0.5
v -1.6 7.4 -0.5
v -1.8 7.4 -0.7
v -1.7 7.4 -0.7
v -1.6 7.4 -0.7
v -1.8 7.4 -0.799999
v -1.7 7.4 -0.799999
v -1.6 7.4 -0.799999
v -1.8 7.4 -1
v -1.7 7.4 -1
v -1.6 7.4 -1
v -1.8 7.4 -1.1
v -1.7 7.4 -1.1
v -1.6 7.4 -1.1
v -1.8 7.4 -1.3
v -1.7 7.4 -1.3
v -1.6 7.4 -1.3
v -1.8 7.4 -1.4
v -1.7 7.4 -1.4
v -1.6 7.4 -1.4
v -1.8 7.4 -1.6
v -1.7 7.4 -1.6
v -1.6 7.4 -1.6
v -1.8 7.4 -1.7
v -1.7 7.4 -1.7
v -1.6 7.4 -1.7
v -1.8 7.4 -1.9
v -1.7 7.4 -1.9
v -1.6 7.4 -1.9
v -1.8 7.4 -2
v -1.7 7.4 -2
v -1.6 7.4 -2
v -1.5 7.4 -2.1
v -1.2 7.4 -2.1
v -1.8 7.4 -2.2
v -1.7 7.4 -2.2
v -1.6 7.4 -2.2
v -1.2 7.4 -2.2
v -1.8 7.4 -2.3
v -1.7 7.4 -2.3
v -1.6 7.4 -2.3
v -1.2 7.4 -2.3
v -1.5 7.4 -2.4
v -1.2 7.4 -2.4
v -1.8 7.4 -2.5
v -1.7 7.4 -2.5
v -1.6 7.4 -2.5
v -1.8 7.4 -2.6
v -1.7 7.4 -2.6
v -1.6 7.4 -2.6
v -1.8 7.4 -2.8
v -1.7 7.4 -2.8
v -1.6 7.4 -2.8
v -1.8 7.4 -2.9
v -1.7 7.4 -2.9
v -1.6 7.4 -2.9
v -1.8 7.4 -3.1
v -1.7 7.4 -3.1
v -1.6 7.4 -3.1
v -1.8 7.4 -3.2
v -1.7 7.4 -3.2
v -1.6 7.4 -3.2
v -1.8 7.4 -3.4
v -1.7 7.4 -3.4
v -1.6 7.4 -3.4
v -1.8 7.4 -3.5
v -1.7 7.4 -3.5
v -1.6 7.4 -3.5
v -1.8 7.4 -3.7
v -1.7 7.4 -3.7
v -1.6 7.4 -3.7
v -1.8 7.4 -3.8
v -1.7 7.4 -3.8
v -1.6 7.4 -3.8
v -1.8 7.4 -4
v -1.7 7.4 -4
v -1.6 7.4 -4
v -1.8 7.4 -4.1
v -1.7 7.4 -4.1
v -1.6 7.4 -4.1
v -1.8 7.4 -4.3
v -1.7 7.4 -4.3
v -1.6 7.4 -4.3
v -1.8 7.4 -4.4
v -1.7 7.4 -4.4
v -1.6 7.4 -4.4
v -1.8 7.4 -4.6
v -1.7 7.4 -4.6
v -1.6 7.4 -4.6
v -1.8 7.4 -4.7
v -1.7 7.4 -4.7
v -1.6 7.4 -4.7
v -1.8 7.4 -4.9
v -1.7 7.4 -4.9
v -1.6 7.4 -4.9
v -1.8 7.4 -5
v -1.7 7.4 -5
v -1.6 7.4 -5
v -1.8 7.4 -5.2
v -1.7 7.4 -5.2
v -1.6 7.4 -5.2
v -1.8 7.4 -5.3
v -1.7 7.4 -5.3
v -1.6 7.4 -5.3
v -1.8 7.4 -5.5
v -1.7 7.4 -5.5
v -1.6 7.4 -5.5
v -1.8 7.4 -5.6
v -1.7 7.4 -5.6
v -1.6 7.4 -5.6
v -1.8 7.4 -5.8
v -1.7 7.4 -5.8
v -1.6 7.4 -5.8
v -1.8 7.4 -5.9
v -1.7 7.4 -5.9
v -1.6 7.4 -5.9
v -1.8 7.4 -6.1
v -1.7 7.4 -6.1
v -1.6 7.4 -6.1
v -1.8 7.4 -6.2
v -1.7 7.4 -6.2
v -1.6 7.4 -6.2
v -1.8 7.4 -6.4
v -1.7 7.4 -6.4
v -1.6 7.4 -6.4
v -1.8 7.4 -6.5
v -1.7 7.4 -6.5
v -1.6 7.4 -6.5
v -1.8 7.4 -6.7
v -1.7 7.4 -6.7
v -1.6 7.4 -6.7
v -1.8 7.4 -6.8
v -1.7 7.4 -6.8
v -1.6 7.4 -6.8
v -1.8 7.4 -7
v -1.7 7.4 -7
v -1.6 7.4 -7
v -1.8 7.4 -7.1
v -1.7 7.4 -7.1
v -1.6 7.4 -7.1
v -1.8 7.4 -7.3
v -1.7 7.4 -7.3
v -1.6 7.4 -7.3
v -1.8 7.4 -7.4
v -1.7 7.4 -7.4
v -1.6 7.4 -7.4
v -1.8 7.4 -7.6
v -1.7 7.4 -7.6
v -1.6 7.4 -7.6
v -1.8 7.4 -7.7
v -1.7 7.4 -7.7
v -1.6 7.4 -7.7
v -1.8 7.4 -7.9
v -1.7 7.4 -7.9
v -1.6 7.4 -7.9
v -1.5 7.4 -7.9
v -1.2 7.4 -7.9
v -1.8 7.4 -8
v -1.7 7.4 -8
v -1.6 7.4 -8
v -1.2 7.4 -8
v -1.2 7.4 -8.1
v -1.8 7.4 -8.2
v -1.7 7.4 -8.2
v -1.6 7.4 -8.2
v -1.5 7.4 -8.2
v -1.2 7.4 -8.2
v -1.8 7.4 -8.3
v -1.7 7.4 -8.3
v 1.7 7.4 -8.3
v -1.7 7.4 -8.4
v 1.7 7.4 -8.4
v -1.8 7.5 8
v -1.7 7.5 8
v -1.8 7.5 7.9
v -1.7 7.5 7.9
v 3.7 9.7 0.1
v 3.9 9.7 0.1
v 3.7 9.7 0
v 3.9 9.7 0
v 1.6 9.8 8.4
v 8.2 9.8 8.4
v 1.7 9.8 8.3
v 8.1 9.8 8.3
v 1.7 9.8 6.6
v 1.7 9.8 6.4
v 1.7 9.8 6.3
v 1.7 9.8 5.8
v 1.7 9.8 -2.9
v 1.7 9.8 -3.1
v 1.7 9.8 -8.5
v 8.1 9.8 -8.5
v 1.6 9.8 -8.6
v 8.2 9.8 -8.6
v 4.3 10 -3
v 4.4 10 -3
v 4.3 10 -3.3
v 4.4 10 -3.3
v 4.3 10.2 -3.4
v 4.4 10.2 -3.4
v 4.3 10.2 -3.6
v 4.4 10.2 -3.6
v 4.3 10.2 -3.9
v 4.4 10.2 -3.9
v -12.8 0.1 12.8
v 12.8 0.1 12.8
v -3.8 0.1 11.5
v 12.2 0.1 11.5
v -12.5 0.1 4.5
v -9.1 0.1 4.5
v -12.5 0.1 -8.1
v -9.1 0.1 -8.1
v -3.8 0.1 -12.1
v -3.7 0.1 -12.1
v 12.1 0.1 -12.1
v 12.2 0.1 -12.1
v -12.8 0.1 -12.8
v 12.8 0.1 -12.8
v -12.4 0.2 4.4
v -9.1 0.2 4.4
v -11.9 0.2 3.7
v -9.9 0.2 3.7
v -11.8 0.2 3.5
v -10 0.2 3.5
v -11.8 0.2 1.3
v -10 0.2 1.3
v -11.9 0.2 1.2
v -9.9 0.2 1.2
v -12.4 0.2 -1.1
v -9.1 0.2 -1.1
v -12.4 0.2 -2.4
v -9.1 0.2 -2.4
v -12.4 0.2 -3.1
v -12.3 0.2 -3.1
v -11.9 0.2 -4.8
v -9.9 0.2 -4.8
v -11.9 0.2 -7.3
v -9.9 0.2 -7.3
v -12.3 0.2 -8
v -9.1 0.2 -8
v -3.5 0.3 11.2
v 11.9 0.3 11.2
v 1.6 0.3 8.4
v 5.4 0.3 8.4
v 5.5 0.3 8.4
v 6.8 0.3 8.4
v 6.9 0.3 8.4
v 8.2 0.3 8.4
v -1.7 0.3 8.3
v 1.6 0.3 8.3
v 5.5 0.3 7.9
v 6.8 0.3 7.9
v -12.5 0.3 4.5
v -9.1 0.3 4.5
v -12.4 0.3 4.4
v -9.1 0.3 4.4
v -11.9 0.3 3.7
v -9.9 0.3 3.7
v -11.8 0.3 3.6
v -10 0.3 3.6
v -3.8 0.3 1.7
v -3.5 0.3 1.7
v -3.4 0.3 1.7
v -1.7 0.3 1.7
v -11.8 0.3 1.3
v -10 0.3 1.3
v -11.9 0.3 1.2
v -9.9 0.3 1.2
v -12.6 0.3 -1
v -12.5 0.3 -1
v -12.5 0.3 -1.1
v -12.4 0.3 -1.1
v -3.8 0.3 -1.6
v -3.5 0.3 -1.6
v -3.4 0.3 -1.6
v -3.3 0.3 -1.6
v -1.7 0.3 -1.6
v -12.6 0.3 -2.4
v -12.5 0.3 -2.4
v -12.4 0.3 -2.4
v -12.4 0.3 -3.1
v -12.3 0.3 -3.1
v -2.7 0.3 -4.4
v -2.6 0.3 -4.4
v -2.1 0.3 -4.4
v -2 0.3 -4.4
v -2.7 0.3 -4.5
v -2.6 0.3 -4.5
v -2.1 0.3 -4.5
v -2 0.3 -4.5
v -11.9 0.3 -4.8
v -9.9 0.3 -4.8
v -11.8 0.3 -4.9
v -10 0.3 -4.9
v -2.6 0.3 -7.1
v -2.5 0.3 -7.1
v -2.1 0.3 -7.1
v -2 0.3 -7.1
v -11.8 0.3 -7.2
v -10 0.3 -7.2
v -2.6 0.3 -7.2
v -2.5 0.3 -7.2
v -2.1 0.3 -7.2
v -2 0.3 -7.2
v -11.9 0.3 -7.3
v -9.9 0.3 -7.3
v -12.3 0.3 -8
v -9.1 0.3 -8
v -12.5 0.3 -8.1
v -9.1 0.3 -8.1
v -1.7 0.3 -8.6
v 8.2 0.3 -8.6
v -3.5 0.3 -11.8
v 11.9 0.3 -11.8
v -3.8 0.4 11.5
v 12.2 0.4 11.5
v -3.5 0.4 11.2
v 11.9 0.4 11.2
v 1.6 0.4 8.4
v 5.4 0.4 8.4
v 5.5 0.4 8.4
v 6.8 0.4 8.4
v 6.9 0.4 8.4
v 8.2 0.4 8.4
v -1.7 0.4 8.3
v 1.6 0.4 8.3
v 1.7 0.4 8.3
v 2.9 0.4 8.3
v 3.2 0.4 8.3
v 5.4 0.4 8.3
v 6.9 0.4 8.3
v 8.1 0.4 8.3
v -1.6 0.4 8.2
v 1.7 0.4 8.2
v 5.4 0.4 8.2
v 6.9 0.4 8.2
v 5.4 0.4 8
v 5.5 0.4 8
v 6.8 0.4 8
v 6.9 0.4 8
v -3.8 0.4 1.7
v -3.5 0.4 1.7
v -1.7 0.4 1.7
v -1.6 0.4 1.7
v -3.8 0.4 -1.6
v -3.5 0.4 -1.6
v -1.7 0.4 -8.4
v 1.7 0.4 -8.4
v 1.7 0.4 -8.5
v 8.1 0.4 -8.5
v -1.7 0.4 -8.6
v 8.2 0.4 -8.6
v -3.5 0.4 -11.8
v 11.9 0.4 -11.8
v -3.8 0.4 -12.1
v 12.2 0.4 -12.1
v -10.1 0.5 3.4
v -10 0.5 3.4
v -10.1 0.5 2.8
v -10 0.5 2.8
v -3.4 0.5 1.7
v -3.2 0.5 1.7
v -3.4 0.5 -1.6
v -3.2 0.5 -1.6
v -10.1 0.5 -5.1
v -10 0.5 -5.1
v -10.1 0.5 -5.7
v -10 0.5 -5.7
v -10.2 0.6 3.3
v -10.1 0.6 3.3
v -10.2 0.6 2.9
v -10.1 0.6 2.9
v -10.2 0.6 -5.2
v -10.1 0.6 -5.2
v -10.2 0.6 -5.6
v -10.1 0.6 -5.6
v -3.2 0.7 1.7
v -3 0.7 1.7
v -3.2 0.7 -1.6
v -3 0.7 -1.6
v -11.6 0.8 3.8
v -11.4 0.8 3.8
v -11.6 0.8 3.7
v -11.5 0.8 3.7
v -11.5 0.8 3.6
v -11.4 0.8 3.6
v -11.6 0.8 -4.7
v -11.4 0.8 -4.7
v -11.6 0.8 -4.8
v -11.5 0.8 -4.8
v -11.5 0.8 -4.9
v -11.4 0.8 -4.9
v -3 0.9 1.7
v -2.8 0.9 1.7
v -3 0.9 -1.6
v -2.8 0.9 -1.6
v -2.7 1 -4.3
v -2 1 -4.3
v -2.7 1 -7.2
v -2 1 -7.2
v -2.8 1.1 1.7
v -2.6 1.1 1.7
v -2.8 1.1 -1.6
v -2.6 1.1 -1.6
v -2.6 1.3 1.7
v -2.4 1.3 1.7
v -2.6 1.3 -1.6
v -2.4 1.3 -1.6
v -12.5 1.4 -1.1
v -9.1 1.4 -1.1
v -12.4 1.4 -1.2
v -9.2 1.4 -1.2
v -12.4 1.4 -2.3
v -9.2 1.4 -2.3
v -12.5 1.4 -2.4
v -9.1 1.4 -2.4
v -2.4 1.5 1.7
v -2.2 1.5 1.7
v -12.4 1.5 -1.2
v -9.2 1.5 -1.2
v -2.4 1.5 -1.6
v -2.2 1.5 -1.6
v -12.4 1.5 -2.3
v -9.2 1.5 -2.3
v -2.2 1.7 1.7
v -2 1.7 1.7
v -2.2 1.7 -1.6
v -2 1.7 -1.6
v -2 1.9 1.7
v -1.8 1.9 1.7
v -2 1.9 -1.6
v -1.8 1.9 -1.6
v -1.4 2.1 1.8
v -1.3 2.1 1.8
v -1.8 2.1 1.7
v -1.6 2.1 1.7
v -1.4 2.1 1.7
v -1.3 2.1 1.7
v -1.7 2.1 1.6
v -1.6 2.1 1.6
v -1.4 2.1 -1.5
v -1.3 2.1 -1.5
v -1.8 2.1 -1.6
v -1.7 2.1 -1.6
v -1.6 2.3 1.7
v -1.5 2.3 1.7
v -1.4 2.3 1.7
v -1.7 2.3 1.6
v -1.6 2.3 1.6
v -1.7 2.3 -1.6
v -1.6 2.3 -1.6
v -1.4 2.3 -1.6
v -11 2.4 3.7
v -10.4 2.4 3.7
v -11 2.4 3.6
v -10.4 2.4 3.6
v -1.4 2.4 1.7
v -1.2 2.4 1.7
v -1.4 2.4 -1.6
v -1.2 2.4 -1.6
v -11 2.4 -4.8
v -10.4 2.4 -4.8
v -11 2.4 -4.9
v -10.4 2.4 -4.9
v -1.4 2.5 8
v 1.6 2.5 8
v 5.7 2.5 8
v 5.8 2.5 8
v -0.6 2.5 7.9
v -0.400001 2.5 7.9
v 5.7 2.5 7.9
v 5.8 2.5 7.9
v 0.5 2.5 7.8
v 0.7 2.5 7.8
v -1.4 2.5 7.7
v -1.2 2.5 7.7
v 0 2.5 7.7
v 0.2 2.5 7.7
v 1 2.5 7.7
v 1.2 2.5 7.7
v -1.2 2.5 7.6
v -1 2.5 7.6
v -0.8 2.5 7.6
v -1.2 2.5 7.5
v -1.4 2.5 7.4
v -1.2 2.5 7.4
v 0.5 2.5 7.3
v 0.7 2.5 7.3
v 0.7 2.5 7
v 0.799999 2.5 7
v 0 2.5 6.9
v 0.2 2.5 6.9
v 0.799999 2.5 6.9
v 1 2.5 6.9
v 1.2 2.5 6.9
v 1.6 2.5 6.9
v -1.4 2.5 6.8
v -1.2 2.5 6.8
v 1.6 2.5 6.8
v 1.7 2.5 6.8
v -0.6 2.5 6.6
v -0.400001 2.5 6.6
v -0.1 2.5 6.6
v 0.0999994 2.5 6.6
v -1 2.5 6.3
v -0.8 2.5 6.3
v 0.299999 2.5 6.3
v 0.5 2.5 6.3
v -1.4 2.5 6
v -1.2 2.5 6
v -0.700001 2.5 6
v -0.5 2.5 6
v -0.1 2.5 5.9
v 0.0999994 2.5 5.9
v -1.2 2.5 5.8
v -1 2.5 5.8
v -0.3 2.5 5.6
v -0.1 2.5 5.6
v 0.7 2.5 5.6
v 1.6 2.5 5.6
v 1.7 2.5 5.6
v 0.7 2.5 5.1
v 0.9 2.5 5.1
v -0.700001 2.5 4.9
v -0.5 2.5 4.9
v 0.799999 2.5 4.8
v 0.9 2.5 4.8
v 1.6 2.5 4.8
v 1.7 2.5 4.8
v 0.299999 2.5 4.6
v 0.5 2.5 4.6
v -0.3 2.5 4.2
v -0.1 2.5 4.2
v 0.7 2.5 4.1
v 0.799999 2.5 4.1
v -0.400001 2.5 3.8
v -0.200001 2.5 3.8
v 0.2 2.5 3.7
v 0.4 2.5 3.7
v 0.799999 2.5 3.6
v 1.2 2.5 3.6
v 1.4 2.5 3.6
v 1.6 2.5 3.6
v 1.7 2.5 3.6
v -1.2 2.5 3.5
v -1 2.5 3.5
v -0.900001 2.5 3.5
v -0.700001 2.5 3.5
v 0.799999 2.5 3.2
v 0.9 2.5 3.2
v 1.2 2.5 3
v 1.4 2.5 3
v -1.4 2.5 2.8
v -1.2 2.5 2.8
v -1.2 2.5 2.7
v -1.2 2.5 2.6
v 1.2 2.5 2.6
v 1.4 2.5 2.6
v -1.4 2.5 2.5
v -1.2 2.5 2.5
v 0.799999 2.5 2.4
v 0.9 2.5 2.4
v -0.900001 2.5 2.3
v -0.700001 2.5 2.3
v -0.700001 2.5 2.2
v -0.5 2.5 2.2
v -0.400001 2.5 2.2
v -0.200001 2.5 2.2
v 1.2 2.5 2
v 1.4 2.5 2
v 0.2 2.5 1.9
v 0.4 2.5 1.9
v 0.799999 2.5 1.9
v 1 2.5 1.9
v -1.4 2.5 1.7
v -1.2 2.5 1.7
v -0.700001 2.5 1.4
v -0.5 2.5 1.4
v 1.6 2.5 1.3
v 2.1 2.5 1.3
v 2.2 2.5 1.3
v 2.3 2.5 1.3
v -0.900001 2.5 1
v -0.700001 2.5 1
v -0.3 2.5 1
v -0.1 2.5 1
v 0.2 2.5 0.8
v 0.4 2.5 0.8
v 0.799999 2.5 0.8
v 1 2.5 0.8
v 1.6 2.5 0.6
v 1.8 2.5 0.6
v 2.1 2.5 0.6
v 2.3 2.5 0.6
v 0.9 2.5 0.5
v 1.1 2.5 0.5
v -0.900001 2.5 0
v -0.700001 2.5 0
v 1.3 2.5 -0.2
v 1.5 2.5 -0.2
v 0.2 2.5 -0.299999
v 0.4 2.5 -0.299999
v 0.9 2.5 -0.4
v 1.1 2.5 -0.4
v 1.6 2.5 -0.599999
v 1.8 2.5 -0.599999
v -0.8 2.5 -0.799999
v -0.6 2.5 -0.799999
v 1.6 2.5 -1
v 2.2 2.5 -1
v 2.3 2.5 -1
v 0.4 2.5 -1.1
v 0.599999 2.5 -1.1
v -0.3 2.5 -1.3
v -0.1 2.5 -1.3
v 1 2.5 -1.3
v 1.2 2.5 -1.3
v -1.4 2.5 -1.6
v -1.2 2.5 -1.6
v 1.3 2.5 -1.7
v 1.5 2.5 -1.7
v 0.4 2.5 -1.9
v 0.599999 2.5 -1.9
v 0.0999994 2.5 -2
v 0.299999 2.5 -2
v -1.4 2.5 -2.1
v -1.2 2.5 -2.1
v -1.2 2.5 -2.2
v -1.2 2.5 -2.3
v -0.8 2.5 -2.3
v -0.6 2.5 -2.3
v -1.4 2.5 -2.4
v -1.2 2.5 -2.4
v -0.6 2.5 -2.7
v -0.400001 2.5 -2.7
v -1 2.5 -2.8
v -0.8 2.5 -2.8
v -0.3 2.5 -3.3
v -0.1 2.5 -3.3
v 0.799999 2.5 -3.6
v 1 2.5 -3.6
v 1.2 2.5 -3.6
v 1.4 2.5 -3.6
v 1.6 2.5 -3.6
v -1.3 2.5 -4.1
v -1.1 2.5 -4.1
v -1 2.5 -4.1
v -0.8 2.5 -4.1
v -0.3 2.5 -4.6
v -0.1 2.5 -4.6
v 0.599999 2.5 -4.8
v 0.799999 2.5 -4.8
v 0.799999 2.5 -4.9
v 1 2.5 -4.9
v 1.4 2.5 -5
v 1.6 2.5 -5
v 0.0999994 2.5 -5.1
v 0.299999 2.5 -5.1
v 0 2.5 -5.6
v 0.2 2.5 -5.6
v 1.1 2.5 -5.7
v 1.3 2.5 -5.7
v -1 2.5 -6.3
v -0.8 2.5 -6.3
v -0.6 2.5 -6.4
v -0.400001 2.5 -6.4
v -1.3 2.5 -6.6
v -1.1 2.5 -6.6
v 0.599999 2.5 -6.8
v 0.799999 2.5 -6.8
v 0 2.5 -7.6
v 0.2 2.5 -7.6
v -1.4 2.5 -7.9
v -1.2 2.5 -7.9
v -1.2 2.5 -8
v -1.2 2.5 -8.2
v -1 2.5 -8.2
v -0.8 2.5 -8.2
v 1.1 2.5 -8.2
v 1.3 2.5 -8.2
v 1.6 2.5 -8.2
v -1.7 2.6 8.3
v 1.7 2.6 8.3
v -1.4 2.6 8
v 1.6 2.6 8
v -1.5 2.6 7.7
v -1.4 2.6 7.7
v -1.5 2.6 7.4
v -1.4 2.6 7.4
v 1.6 2.6 6.9
v 1.6 2.6 6.8
v 1.7 2.6 6.8
v 1.6 2.6 5.6
v 1.7 2.6 5.6
v 1.6 2.6 4.8
v 1.7 2.6 4.8
v 1.6 2.6 3.6
v 1.7 2.6 3.6
v -1.5 2.6 2.8
v -1.4 2.6 2.8
v -1.5 2.6 2.5
v -1.4 2.6 2.5
v -1.7 2.6 1.7
v -1.4 2.6 1.7
v 1.7 2.6 1.4
v 1.8 2.6 1.4
v 2.2 2.6 1.4
v 1.6 2.6 1.3
v 2.2 2.6 1.3
v 1.6 2.6 -1
v 2.2 2.6 -1
v 1.7 2.6 -1.1
v 1.8 2.6 -1.1
v 2.2 2.6 -1.1
v -1.7 2.6 -1.6
v -1.4 2.6 -1.6
v -1.5 2.6 -2.1
v -1.4 2.6 -2.1
v -1.5 2.6 -2.4
v -1.4 2.6 -2.4
v -1.5 2.6 -7.9
v -1.4 2.6 -7.9
v -1.5 2.6 -8.2
v -1.2 2.6 -8.2
v 1.6 2.6 -8.2
v -1.7 2.6 -8.5
v 1.7 2.6 -8.5
v -1.2 2.9 7.7
v 1.7 2.9 7.7
v -1.2 2.9 7.6
v 1.7 2.9 7.6
v -1.5 2.9 7.4
v -1.4 2.9 7.4
v -1.5 2.9 2.8
v -1.4 2.9 2.8
v -1.5 2.9 -2.4
v -1.4 2.9 -2.4
v -1.5 2.9 -7.9
v -1.4 2.9 -7.9
v -1.2 2.9 -8.1
v 1.7 2.9 -8.1
v -1.2 2.9 -8.2
v 1.7 2.9 -8.2
v 5.7 3 7.9
v 6.6 3 7.9
v 5.7 3 7.8
v 6.6 3 7.8
v -10.1 3 3.4
v -10 3 3.4
v -10.1 3 1.4
v -10 3 1.4
v -10.1 3 -5.1
v -10 3 -5.1
v -10.1 3 -7.1
v -10 3 -7.1
v -11.2 3.1 3.6
v -10.8 3.1 3.6
v -11.2 3.1 3.5
v -10.8 3.1 3.5
v -10.2 3.1 3.3
v -10.1 3.1 3.3
v -10.2 3.1 1.5
v -10.1 3.1 1.5
v -11.2 3.1 -4.9
v -10.8 3.1 -4.9
v -11.2 3.1 -5
v -10.8 3.1 -5
v -10.2 3.1 -5.2
v -10.1 3.1 -5.2
v -10.2 3.1 -7
v -10.1 3.1 -7
v 0.7 3.2 6.6
v 0.799999 3.2 6.6
v 0.7 3.2 5.7
v 0.799999 3.2 5.7
v 0.799999 3.2 4.7
v 0.9 3.2 4.7
v 0.799999 3.2 3.7
v 0.9 3.2 3.7
v -10.3 3.2 3.2
v -10.2 3.2 3.2
v -10.3 3.2 2.9
v -10.2 3.2 2.9
v -10.3 3.2 2.6
v -10.2 3.2 2.6
v -10.3 3.2 2.3
v -10.2 3.2 2.3
v -10.3 3.2 -5.3
v -10.2 3.2 -5.3
v -10.3 3.2 -5.6
v -10.2 3.2 -5.6
v -10.3 3.2 -5.9
v -10.2 3.2 -5.9
v -10.3 3.2 -6.2
v -10.2 3.2 -6.2
v -1.2 3.3 7.7
v 1.7 3.3 7.7
v -1.2 3.3 7.6
v 1.7 3.3 7.6
v -1.5 3.3 7.4
v -1.4 3.3 7.4
v 0.799999 3.3 6.5
v 0.9 3.3 6.5
v 0.799999 3.3 5.8
v 0.9 3.3 5.8
v 0.9 3.3 4.6
v 1 3.3 4.6
v 0.9 3.3 3.8
v 1 3.3 3.8
v -1.5 3.3 2.8
v -1.4 3.3 2.8
v -10.3 3.3 2.1
v -10.2 3.3 2.1
v -10.3 3.3 1.6
v -10.2 3.3 1.6
v -1.5 3.3 -2.4
v -1.4 3.3 -2.4
v -10.3 3.3 -6.4
v -10.2 3.3 -6.4
v -10.3 3.3 -6.9
v -10.2 3.3 -6.9
v -1.5 3.3 -7.9
v -1.4 3.3 -7.9
v -1.2 3.3 -8.1
v 1.7 3.3 -8.1
v -1.2 3.3 -8.2
v 1.7 3.3 -8.2
v -11.8 3.4 4.5
v -10.9 3.4 4.5
v -11.7 3.4 4.4
v -11 3.4 4.4
v -11 3.4 4.1
v -10.9 3.4 4.1
v -11 3.4 4
v -10.9 3.4 4
v -11.7 3.4 3.7
v -11.5 3.4 3.7
v -11.8 3.4 3.6
v -11.5 3.4 3.6
v -11.8 3.4 -4
v -10.9 3.4 -4
v -11.7 3.4 -4.1
v -11 3.4 -4.1
v -11 3.4 -4.4
v -10.9 3.4 -4.4
v -11 3.4 -4.5
v -10.9 3.4 -4.5
v -11.7 3.4 -4.8
v -11.5 3.4 -4.8
v -11.8 3.4 -4.9
v -11.5 3.4 -4.9
v 1 3.5 4.6
v 1.1 3.5 4.6
v -11.1 3.5 4
v -10.9 3.5 4
v -11.1 3.5 3.9
v -10.9 3.5 3.9
v 1 3.5 3.8
v 1.1 3.5 3.8
v -11.1 3.5 -4.5
v -10.9 3.5 -4.5
v -11.1 3.5 -4.6
v -10.9 3.5 -4.6
v -1.2 3.7 7.7
v 1.7 3.7 7.7
v -1.2 3.7 7.6
v 1.7 3.7 7.6
v -1.5 3.7 7.4
v -1.4 3.7 7.4
v 0.9 3.7 6.5
v 1.1 3.7 6.5
v 0.9 3.7 5.8
v 1.1 3.7 5.8
v -1.5 3.7 2.8
v -1.4 3.7 2.8
v -1.5 3.7 -2.4
v -1.4 3.7 -2.4
v -1.5 3.7 -7.9
v -1.4 3.7 -7.9
v -1.2 3.7 -8.1
v 1.7 3.7 -8.1
v -1.2 3.7 -8.2
v 1.7 3.7 -8.2
v 1 3.8 4.6
v 1.1 3.8 4.6
v 1 3.8 3.8
v 1.1 3.8 3.8
v -11.8 3.8 3.4
v -11.7 3.8 3.4
v -11.8 3.8 1.6
v -11.7 3.8 1.6
v -11.8 3.8 -5.1
v -11.7 3.8 -5.1
v -11.8 3.8 -6.9
v -11.7 3.8 -6.9
v -11.7 3.9 1.9
v -11.6 3.9 1.9
v -11.7 3.9 1.7
v -11.6 3.9 1.7
v -11.7 3.9 -6.6
v -11.6 3.9 -6.6
v -11.7 3.9 -6.8
v -11.6 3.9 -6.8
v -11.7 4 3
v -11.6 4 3
v -11.7 4 2.5
v -11.6 4 2.5
v -11.7 4 2.3
v -11.6 4 2.3
v -11.7 4 2.2
v -11.6 4 2.2
v -11.7 4 -5.5
v -11.6 4 -5.5
v -11.7 4 -6
v -11.6 4 -6
v -11.7 4 -6.2
v -11.6 4 -6.2
v -11.7 4 -6.3
v -11.6 4 -6.3
v 5.7 4.1 8.4
v 6.6 4.1 8.4
v 5.7 4.1 8.3
v 6.6 4.1 8.3
v 1 4.1 4.6
v 1.1 4.1 4.6
v 1 4.1 3.8
v 1.1 4.1 3.8
v 0.9 4.2 6.5
v 1.2 4.2 6.5
v 0.9 4.2 5.8
v 1.2 4.2 5.8
v -11.1 4.2 4
v -10.9 4.2 4
v -11.1 4.2 3.9
v -10.9 4.2 3.9
v -11.7 4.2 3.4
v -11.6 4.2 3.4
v -11.7 4.2 3.2
v -11.6 4.2 3.2
v -11.1 4.2 -4.5
v -10.9 4.2 -4.5
v -11.1 4.2 -4.6
v -10.9 4.2 -4.6
v -11.7 4.2 -5.1
v -11.6 4.2 -5.1
v -11.7 4.2 -5.3
v -11.6 4.2 -5.3
v -11.1 4.3 3.9
v -10.9 4.3 3.9
v -11.1 4.3 3.6
v -10.9 4.3 3.6
v -11.1 4.3 -4.6
v -10.9 4.3 -4.6
v -11.1 4.3 -4.9
v -10.9 4.3 -4.9
v 1 4.4 4.6
v 1.1 4.4 4.6
v 1 4.4 3.8
v 1.1 4.4 3.8
v -11.1 4.4 3.6
v -10.9 4.4 3.6
v -10.4 4.4 3.6
v -10.1 4.4 3.6
v -11.1 4.4 3.5
v -10.9 4.4 3.5
v -10.4 4.4 3.5
v -10.1 4.4 3.5
v -11.1 4.4 -4.9
v -10.9 4.4 -4.9
v -10.4 4.4 -4.9
v -10.1 4.4 -4.9
v -11.1 4.4 -5
v -10.9 4.4 -5
v -10.4 4.4 -5
v -10.1 4.4 -5
v 1.7 4.6 -2.9
v 1.8 4.6 -2.9
v 1.9 4.6 -2.9
v 1.7 4.6 -4.6
v 1.8 4.6 -4.6
v 1.7 4.6 -5
v 1.8 4.6 -5
v 1.7 4.6 -7
v 1.8 4.6 -7
v 1.9 4.6 -7
v 1 4.7 4.6
v 1.1 4.7 4.6
v 1 4.7 3.8
v 1.1 4.7 3.8
v 2.2 4.7 -0.7
v 2.3 4.7 -0.7
v 2.2 4.7 -0.799999
v 2.3 4.7 -0.799999
v 2 4.7 -2.9
v 5.5 4.7 -2.9
v 2 4.7 -6.9
v 5.5 4.7 -6.9
v 0.9 4.8 6.5
v 1.4 4.8 6.5
v 0.9 4.8 5.8
v 1.4 4.8 5.8
v -11.8 4.9 3.6
v -11.3 4.9 3.6
v -10.9 4.9 3.6
v -10.7 4.9 3.6
v -10.6 4.9 3.6
v -10 4.9 3.6
v -11.7 4.9 3.5
v -11.6 4.9 3.5
v -11.5 4.9 3.5
v -11.3 4.9 3.5
v -10.9 4.9 3.5
v -10.7 4.9 3.5
v -10.6 4.9 3.5
v -10.1 4.9 3.5
v -10 4.9 3.5
v -11.7 4.9 3.4
v -10.1 4.9 3.4
v -10 4.9 3.4
v -11.7 4.9 3.3
v -10.1 4.9 3
v -10 4.9 3
v -11.7 4.9 2.9
v -11.8 4.9 2.8
v -11.7 4.9 2.8
v -10.1 4.9 2.8
v -10 4.9 2.8
v -11.8 4.9 2.6
v -11.7 4.9 2.6
v -11.7 4.9 2.4
v -10.1 4.9 2.4
v -10 4.9 2.4
v -11.8 4.9 2.3
v -11.7 4.9 2.3
v -11.7 4.9 2.2
v -11.8 4.9 2.1
v -11.7 4.9 2.1
v -11.7 4.9 2
v -10.1 4.9 2
v -10 4.9 2
v -10.1 4.9 1.9
v -10 4.9 1.9
v -11.7 4.9 1.8
v -11.7 4.9 1.6
v -10.1 4.9 1.6
v -10 4.9 1.6
v -11.7 4.9 1.5
v -11.7 4.9 1.4
v -11.5 4.9 1.4
v -11.4 4.9 1.4
v -10.1 4.9 1.4
v -11.8 4.9 1.3
v -10 4.9 1.3
v -11.8 4.9 -4.9
v -11.3 4.9 -4.9
v -10.9 4.9 -4.9
v -10.7 4.9 -4.9
v -10.6 4.9 -4.9
v -10 4.9 -4.9
v -11.7 4.9 -5
v -11.6 4.9 -5
v -11.5 4.9 -5
v -11.3 4.9 -5
v -10.9 4.9 -5
v -10.7 4.9 -5
v -10.6 4.9 -5
v -10.1 4.9 -5
v -10 4.9 -5
v -11.7 4.9 -5.1
v -10.1 4.9 -5.1
v -10 4.9 -5.1
v -11.7 4.9 -5.2
v -10.1 4.9 -5.5
v -10 4.9 -5.5
v -11.7 4.9 -5.6
v -11.8 4.9 -5.7
v -11.7 4.9 -5.7
v -10.1 4.9 -5.7
v -10 4.9 -5.7
v -11.8 4.9 -5.9
v -11.7 4.9 -5.9
v -11.7 4.9 -6.1
v -10.1 4.9 -6.1
v -10 4.9 -6.1
v -11.8 4.9 -6.2
v -11.7 4.9 -6.2
v -11.7 4.9 -6.3
v -11.8 4.9 -6.4
v -11.7 4.9 -6.4
v -11.7 4.9 -6.5
v -10.1 4.9 -6.5
v -10 4.9 -6.5
v -10.1 4.9 -6.6
v -10 4.9 -6.6
v -11.7 4.9 -6.7
v -11.7 4.9 -6.9
v -10.1 4.9 -6.9
v -10 4.9 -6.9
v -11.7 4.9 -7
v -11.7 4.9 -7.1
v -11.5 4.9 -7.1
v -11.4 4.9 -7.1
v -10.1 4.9 -7.1
v -11.8 4.9 -7.2
v -10 4.9 -7.2
v 0.799999 5 4.8
v 1.6 5 4.8
v 0.799999 5 3.6
v 1.6 5 3.6
v -11.7 5 3.5
v -11.6 5 3.5
v -11.5 5 3.5
v -10.1 5 3.5
v -11.7 5 3.4
v -11.6 5 3.4
v -11.5 5 3.4
v -11.4 5 3.4
v -11.3 5 3.4
v -11.1 5 3.4
v -10.9 5 3.4
v -10.7 5 3.4
v -11.7 5 3.3
v -11.4 5 3.3
v -11.3 5 3.3
v -11.1 5 3.3
v -10.5 5 3.3
v -10.4 5 3.3
v -11.2 5 3.2
v -11.1 5 3.2
v -10.9 5 3.2
v -10.7 5 3.2
v -10.5 5 3.2
v -10.4 5 3.2
v -11.6 5 3.1
v -11.4 5 3.1
v -10.6 5 3.1
v -10.5 5 3.1
v -11.2 5 3
v -11.1 5 3
v -11.7 5 2.9
v -11.6 5 2.9
v -11.4 5 2.9
v -11.3 5 2.9
v -10.7 5 2.9
v -10.5 5 2.9
v -10.4 5 2.9
v -11.2 5 2.8
v -10.8 5 2.8
v -11.6 5 2.7
v -11.5 5 2.7
v -10.6 5 2.7
v -10.5 5 2.7
v -10.5 5 2.6
v -10.4 5 2.6
v -10.3 5 2.5
v -10.2 5 2.5
v -11.7 5 2.4
v -11.6 5 2.4
v -10.3 5 2.3
v -10.2 5 2.3
v -11.7 5 2.2
v -11.6 5 2.2
v -10.3 5 2.2
v -10.2 5 2.2
v -11.7 5 2.1
v -11.5 5 2.1
v -11.2 5 2.1
v -10.8 5 2.1
v -10.3 5 2.1
v -10.2 5 2.1
v -11.7 5 2
v -11.6 5 2
v -11.3 5 2
v -10.7 5 2
v -11.5 5 1.9
v -11.3 5 1.9
v -10.3 5 1.9
v -10.2 5 1.9
v -11.7 5 1.8
v -11.6 5 1.8
v -11.5 5 1.7
v -11.3 5 1.7
v -10.3 5 1.7
v -10.2 5 1.7
v -11.7 5 1.6
v -11.6 5 1.6
v -11.5 5 1.6
v -11.4 5 1.6
v -11.7 5 1.5
v -11.6 5 1.5
v -11.7 5 1.4
v -11.5 5 1.4
v -11.4 5 1.4
v -10.1 5 1.4
v 2.3 5 0.8
v 2.5 5 0.8
v 2.3 5 -0.299999
v 2.5 5 -0.299999
v -11.7 5 -5
v -11.6 5 -5
v -11.5 5 -5
v -10.1 5 -5
v -11.7 5 -5.1
v -11.6 5 -5.1
v -11.5 5 -5.1
v -11.4 5 -5.1
v -11.3 5 -5.1
v -11.1 5 -5.1
v -10.9 5 -5.1
v -10.7 5 -5.1
v -11.7 5 -5.2
v -11.4 5 -5.2
v -11.3 5 -5.2
v -11.1 5 -5.2
v -10.5 5 -5.2
v -10.4 5 -5.2
v -11.2 5 -5.3
v -11.1 5 -5.3
v -10.9 5 -5.3
v -10.7 5 -5.3
v -10.5 5 -5.3
v -10.4 5 -5.3
v -11.6 5 -5.4
v -11.4 5 -5.4
v -10.6 5 -5.4
v -10.5 5 -5.4
v -11.2 5 -5.5
v -11.1 5 -5.5
v -11.7 5 -5.6
v -11.6 5 -5.6
v -11.4 5 -5.6
v -11.3 5 -5.6
v -10.7 5 -5.6
v -10.5 5 -5.6
v -10.4 5 -5.6
v -11.6 5 -5.8
v -11.5 5 -5.8
v -10.6 5 -5.8
v -10.5 5 -5.8
v -10.5 5 -5.9
v -10.4 5 -5.9
v -10.3 5 -6
v -10.2 5 -6
v -11.7 5 -6.1
v -11.6 5 -6.1
v -10.3 5 -6.2
v -10.2 5 -6.2
v -11.7 5 -6.3
v -11.6 5 -6.3
v -10.3 5 -6.3
v -10.2 5 -6.3
v -11.7 5 -6.4
v -11.5 5 -6.4
v -10.3 5 -6.4
v -10.2 5 -6.4
v -11.7 5 -6.5
v -11.6 5 -6.5
v -11.3 5 -6.5
v -10.7 5 -6.5
v -11.5 5 -6.6
v -11.3 5 -6.6
v -10.3 5 -6.6
v -10.2 5 -6.6
v -11.7 5 -6.7
v -11.6 5 -6.7
v -11.5 5 -6.8
v -11.3 5 -6.8
v -10.3 5 -6.8
v -10.2 5 -6.8
v -11.7 5 -6.9
v -11.6 5 -6.9
v -11.5 5 -6.9
v -11.4 5 -6.9
v -11.7 5 -7
v -11.6 5 -7
v -11.7 5 -7.1
v -11.5 5 -7.1
v -11.4 5 -7.1
v -10.1 5 -7.1
v 3.4 5.1 8.3
v 7.4 5.1 8.3
v 3.4 5.1 8.2
v 7.4 5.1 8.2
v 3.4 5.1 7.8
v 7.4 5.1 7.8
v 1.7 5.1 5.2
v 1.8 5.1 5.2
v 2 5.1 5.2
v -11.3 5.1 2.7
v -11.2 5.1 2.7
v -10.8 5.1 2.7
v -10.7 5.1 2.7
v 1.7 5.1 2.4
v 1.8 5.1 2.4
v 2 5.1 2.4
v -11.3 5.1 2.2
v -11.2 5.1 2.2
v -10.8 5.1 2.2
v -10.7 5.1 2.2
v -11.3 5.1 -5.8
v -11.2 5.1 -5.8
v -10.8 5.1 -5.8
v -10.7 5.1 -5.8
v -11.3 5.1 -6.3
v -11.2 5.1 -6.3
v -10.8 5.1 -6.3
v -10.7 5.1 -6.3
v 2.1 5.2 5.1
v 5.1 5.2 5.1
v 5.1 5.2 2.7
v 2.1 5.2 2.5
v 5.1 5.2 2.5
v 0.9 5.3 6.5
v 1.1 5.3 6.5
v 0.9 5.3 5.8
v 1.1 5.3 5.8
v 0.7 5.9 7
v 0.9 5.9 7
v 0.9 5.9 6.9
v 1.6 5.9 6.9
v 0.7 5.9 5.6
v 1.6 5.9 5.6
v -11.3 6 2.9
v -10.7 6 2.9
v -11.3 6 2
v -10.7 6 2
v 1.6 6 -1.6
v 1.7 6 -1.6
v 1.7 6 -1.9
v 1.7 6 -2.1
v 1.6 6 -2.2
v 1.7 6 -2.2
v -11.3 6 -5.6
v -10.7 6 -5.6
v -11.3 6 -6.5
v -10.7 6 -6.5
v 1.6 7.1 1.2
v 1.7 7.1 1.2
v 1.7 7.1 1.1
v 1.7 7.1 -0.2
v 1.7 7.1 -0.299999
v 1.6 7.1 -0.7
v 1.7 7.1 -0.7
v -1.7 8.8 8.2
v 1.7 8.8 8.2
v -1.7 8.8 8
v 1.7 8.8 8
v -1.7 8.8 7.9
v 1.7 8.8 7.9
v -1.7 8.8 7.7
v 1.7 8.8 7.7
v -1.7 8.8 7.6
v 1.7 8.8 7.6
v -1.7 8.8 7.4
v 1.7 8.8 7.4
v -1.7 8.8 7.3
v 1.7 8.8 7.3
v -1.7 8.8 7.1
v 1.7 8.8 7.1
v -1.7 8.8 7
v 1.7 8.8 7
v -1.7 8.8 6.8
v 1.7 8.8 6.8
v -1.7 8.8 6.7
v 1.7 8.8 6.7
v -1.7 8.8 6.5
v 1.7 8.8 6.5
v -1.7 8.8 6.4
v 1.7 8.8 6.4
v -1.7 8.8 6.2
v 1.7 8.8 6.2
v -1.7 8.8 6.1
v 1.7 8.8 6.1
v -1.7 8.8 5.9
v 1.7 8.8 5.9
v -1.7 8.8 5.8
v 1.7 8.8 5.8
v -1.7 8.8 5.6
v 1.7 8.8 5.6
v -1.7 8.8 5.5
v 1.7 8.8 5.5
v -1.7 8.8 5.3
v 1.7 8.8 5.3
v -1.7 8.8 5.2
v 1.7 8.8 5.2
v -1.7 8.8 5
v 1.7 8.8 5
v -1.7 8.8 4.9
v 1.7 8.8 4.9
v -1.7 8.8 4.7
v 1.7 8.8 4.7
v -1.7 8.8 4.6
v 1.7 8.8 4.6
v -1.7 8.8 4.4
v 1.7 8.8 4.4
v -1.7 8.8 4.3
v 1.7 8.8 4.3
v -1.7 8.8 4.1
v 1.7 8.8 4.1
v -1.7 8.8 4
v 1.7 8.8 4
v -1.7 8.8 3.8
v 1.7 8.8 3.8
v -1.7 8.8 3.7
v 1.7 8.8 3.7
v -1.7 8.8 3.5
v 1.7 8.8 3.5
v -1.7 8.8 3.4
v 1.7 8.8 3.4
v -1.7 8.8 3.2
v 1.7 8.8 3.2
v -1.7 8.8 3.1
v 1.7 8.8 3.1
v -1.7 8.8 2.9
v 1.7 8.8 2.9
v -1.7 8.8 2.8
v 1.7 8.8 2.8
v -1.7 8.8 2.6
v 1.7 8.8 2.6
v -1.7 8.8 2.5
v 1.7 8.8 2.5
v -1.7 8.8 2.3
v 1.7 8.8 2.3
v -1.7 8.8 2.2
v 1.7 8.8 2.2
v -1.7 8.8 2
v 1.7 8.8 2
v -1.7 8.8 1.9
v 1.7 8.8 1.9
v -1.7 8.8 1.7
v 1.7 8.8 1.7
v -1.7 8.8 1.6
v 1.7 8.8 1.6
v -1.7 8.8 1.4
v 1.7 8.8 1.4
v -1.7 8.8 1.3
v 1.7 8.8 1.3
v -1.7 8.8 1.1
v 1.7 8.8 1.1
v -1.7 8.8 1
v 1.7 8.8 1
v -1.7 8.8 0.8
v 1.7 8.8 0.8
v -1.7 8.8 0.700001
v 1.7 8.8 0.700001
v -1.7 8.8 0.5
v 1.7 8.8 0.5
v -1.7 8.8 0.400001
v 1.7 8.8 0.400001
v -1.7 8.8 0.200001
v 1.7 8.8 0.200001
v -1.7 8.8 0.1
v 1.7 8.8 0.1
v -1.7 8.8 -0.0999994
v 1.7 8.8 -0.0999994
v -1.7 8.8 -0.2
v 1.7 8.8 -0.2
v -1.7 8.8 -0.4
v 1.7 8.8 -0.4
v -1.7 8.8 -0.5
v 1.7 8.8 -0.5
v -1.7 8.8 -0.7
v 1.7 8.8 -0.7
v -1.7 8.8 -0.799999
v 1.7 8.8 -0.799999
v -1.7 8.8 -1
v 1.7 8.8 -1
v -1.7 8.8 -1.1
v 1.7 8.8 -1.1
v -1.7 8.8 -1.3
v 1.7 8.8 -1.3
v -1.7 8.8 -1.4
v 1.7 8.8 -1.4
v -1.7 8.8 -1.6
v 1.7 8.8 -1.6
v -1.7 8.8 -1.7
v 1.7 8.8 -1.7
v -1.7 8.8 -1.9
v 1.7 8.8 -1.9
v -1.7 8.8 -2
v 1.7 8.8 -2
v -1.7 8.8 -2.2
v 1.7 8.8 -2.2
v -1.7 8.8 -2.3
v 1.7 8.8 -2.3
v -1.7 8.8 -2.5
v 1.7 8.8 -2.5
v -1.7 8.8 -2.6
v 1.7 8.8 -2.6
v -1.7 8.8 -2.8
v 1.7 8.8 -2.8
v -1.7 8.8 -2.9
v 1.7 8.8 -2.9
v -1.7 8.8 -3.1
v 1.7 8.8 -3.1
v -1.7 8.8 -3.2
v 1.7 8.8 -3.2
v -1.7 8.8 -3.4
v 1.7 8.8 -3.4
v -1.7 8.8 -3.5
v 1.7 8.8 -3.5
v -1.7 8.8 -3.7
v 1.7 8.8 -3.7
v -1.7 8.8 -3.8
v 1.7 8.8 -3.8
v -1.7 8.8 -4
v 1.7 8.8 -4
v -1.7 8.8 -4.1
v 1.7 8.8 -4.1
v -1.7 8.8 -4.3
v 1.7 8.8 -4.3
v -1.7 8.8 -4.4
v 1.7 8.8 -4.4
v -1.7 8.8 -4.6
v 1.7 8.8 -4.6
v -1.7 8.8 -4.7
v 1.7 8.8 -4.7
v -1.7 8.8 -4.9
v 1.6 8.8 -4.9
v -1.7 8.8 -5
v 1.6 8.8 -5
v -1.7 8.8 -5.2
v 1.7 8.8 -5.2
v -1.7 8.8 -5.3
v 1.7 8.8 -5.3
v -1.7 8.8 -5.5
v 1.7 8.8 -5.5
v -1.7 8.8 -5.6
v 1.7 8.8 -5.6
v -1.7 8.8 -5.8
v 1.7 8.8 -5.8
v -1.7 8.8 -5.9
v 1.7 8.8 -5.9
v -1.7 8.8 -6.1
v 1.6 8.8 -6.1
v -1.7 8.8 -6.2
v 1.6 8.8 -6.2
v -1.7 8.8 -6.4
v 1.7 8.8 -6.4
v -1.7 8.8 -6.5
v 1.7 8.8 -6.5
v -1.7 8.8 -6.7
v 1.7 8.8 -6.7
v -1.7 8.8 -6.8
v 1.7 8.8 -6.8
v -1.7 8.8 -7
v 1.6 8.8 -7
v -1.7 8.8 -7.1
v 1.6 8.8 -7.1
v -1.7 8.8 -7.3
v 1.7 8.8 -7.3
v -1.7 8.8 -7.4
v 1.7 8.8 -7.4
v -1.7 8.8 -7.6
v 1.7 8.8 -7.6
v -1.7 8.8 -7.7
v 1.7 8.8 -7.7
v -1.7 8.8 -7.9
v 1.7 8.8 -7.9
v -1.7 8.8 -8
v 1.7 8.8 -8
v -1.7 8.8 -8.2
v 1.7 8.8 -8.2
v -1.7 8.8 -8.3
v 1.7 8.8 -8.3
v -1.7 8.8 -8.4
v 1.7 8.8 -8.4
v -1.8 8.9 8
v 1.7 8.9 8
v -1.8 8.9 7.9
v 1.7 8.9 7.9
v -1.8 8.9 7.7
v 1.7 8.9 7.7
v -1.8 8.9 7.6
v 1.7 8.9 7.6
v -1.8 8.9 7.4
v 1.7 8.9 7.4
v -1.8 8.9 7.3
v 1.7 8.9 7.3
v -1.8 8.9 7.1
v 1.7 8.9 7.1
v -1.8 8.9 7
v 1.7 8.9 7
v -1.8 8.9 6.8
v 1.7 8.9 6.8
v -1.8 8.9 6.7
v 1.7 8.9 6.7
v -1.8 8.9 6.5
v 1.7 8.9 6.5
v -1.8 8.9 6.4
v 1.7 8.9 6.4
v -1.8 8.9 6.2
v 1.7 8.9 6.2
v -1.8 8.9 6.1
v 1.7 8.9 6.1
v -1.8 8.9 5.9
v 1.7 8.9 5.9
v -1.8 8.9 5.8
v 1.7 8.9 5.8
v -1.8 8.9 5.6
v 1.7 8.9 5.6
v -1.8 8.9 5.5
v 1.7 8.9 5.5
v -1.8 8.9 5.3
v 1.7 8.9 5.3
v -1.8 8.9 5.2
v 1.7 8.9 5.2
v -1.8 8.9 5
v 1.7 8.9 5
v -1.8 8.9 4.9
v 1.7 8.9 4.9
v -1.8 8.9 4.7
v 1.7 8.9 4.7
v -1.8 8.9 4.6
v 1.7 8.9 4.6
v -1.8 8.9 4.4
v 1.7 8.9 4.4
v -1.8 8.9 4.3
v 1.7 8.9 4.3
v -1.8 8.9 4.1
v 1.7 8.9 4.1
v -1.8 8.9 4
v 1.7 8.9 4
v -1.8 8.9 3.8
v 1.7 8.9 3.8
v -1.8 8.9 3.7
v 1.7 8.9 3.7
v -1.8 8.9 3.5
v 1.7 8.9 3.5
v -1.8 8.9 3.4
v 1.7 8.9 3.4
v -1.8 8.9 3.2
v 1.7 8.9 3.2
v -1.8 8.9 3.1
v 1.7 8.9 3.1
v -1.8 8.9 2.9
v 1.7 8.9 2.9
v -1.8 8.9 2.8
v 1.7 8.9 2.8
v -1.8 8.9 2.6
v 1.7 8.9 2.6
v -1.8 8.9 2.5
v 1.7 8.9 2.5
v -1.8 8.9 2.3
v 1.7 8.9 2.3
v -1.8 8.9 2.2
v 1.7 8.9 2.2
v -1.8 8.9 2
v 1.7 8.9 2
v -1.8 8.9 1.9
v 1.7 8.9 1.9
v -1.8 8.9 1.7
v 1.7 8.9 1.7
v -1.8 8.9 1.6
v 1.7 8.9 1.6
v -1.8 8.9 1.4
v 1.7 8.9 1.4
v -1.8 8.9 1.3
v 1.7 8.9 1.3
v -1.8 8.9 1.1
v 1.7 8.9 1.1
v -1.8 8.9 1
v 1.7 8.9 1
v -1.8 8.9 0.8
v 1.7 8.9 0.8
v -1.8 8.9 0.700001
v 1.7 8.9 0.700001
v -1.8 8.9 0.5
v 1.7 8.9 0.5
v -1.8 8.9 0.400001
v 1.7 8.9 0.400001
v -1.8 8.9 0.200001
v 1.7 8.9 0.200001
v -1.8 8.9 0.1
v 1.7 8.9 0.1
v -1.8 8.9 -0.0999994
v 1.7 8.9 -0.0999994
v -1.8 8.9 -0.2
v 1.7 8.9 -0.2
v -1.8 8.9 -0.4
v 1.7 8.9 -0.4
v -1.8 8.9 -0.5
v 1.7 8.9 -0.5
v -1.8 8.9 -0.7
v 1.7 8.9 -0.7
v -1.8 8.9 -0.799999
v 1.7 8.9 -0.799999
v -1.8 8.9 -1
v 1.7 8.9 -1
v -1.8 8.9 -1.1
v 1.7 8.9 -1.1
v -1.8 8.9 -1.3
v 1.7 8.9 -1.3
v -1.8 8.9 -1.4
v 1.7 8.9 -1.4
v -1.8 8.9 -1.6
v 1.7 8.9 -1.6
v -1.8 8.9 -1.7
v 1.7 8.9 -1.7
v -1.8 8.9 -1.9
v 1.7 8.9 -1.9
v -1.8 8.9 -2
v 1.7 8.9 -2
v -1.8 8.9 -2.2
v 1.7 8.9 -2.2
v -1.8 8.9 -2.3
v 1.7 8.9 -2.3
v -1.8 8.9 -2.5
v 1.7 8.9 -2.5
v -1.8 8.9 -2.6
v 1.7 8.9 -2.6
v -1.8 8.9 -2.8
v 1.7 8.9 -2.8
v -1.8 8.9 -2.9
v 1.7 8.9 -2.9
v -1.8 8.9 -3.1
v 1.7 8.9 -3.1
v -1.8 8.9 -3.2
v 1.7 8.9 -3.2
v -1.8 8.9 -3.4
v 1.7 8.9 -3.4
v -1.8 8.9 -3.5
v 1.7 8.9 -3.5
v -1.8 8.9 -3.7
v 1.7 8.9 -3.7
v -1.8 8.9 -3.8
v 1.7 8.9 -3.8
v -1.8 8.9 -4
v 1.7 8.9 -4
v -1.8 8.9 -4.1
v 1.7 8.9 -4.1
v -1.8 8.9 -4.3
v 1.7 8.9 -4.3
v -1.8 8.9 -4.4
v 1.7 8.9 -4.4
v -1.8 8.9 -4.6
v 1.7 8.9 -4.6
v -1.8 8.9 -4.7
v 1.7 8.9 -4.7
v -1.8 8.9 -4.9
v 1.6 8.9 -4.9
v -1.8 8.9 -5
v 1.6 8.9 -5
v -1.8 8.9 -5.2
v 1.7 8.9 -5.2
v -1.8 8.9 -5.3
v 1.7 8.9 -5.3
v -1.8 8.9 -5.5
v 1.7 8.9 -5.5
v -1.8 8.9 -5.6
v 1.7 8.9 -5.6
v -1.8 8.9 -5.8
v 1.7 8.9 -5.8
v -1.8 8.9 -5.9
v 1.7 8.9 -5.9
v -1.8 8.9 -6.1
v 1.6 8.9 -6.1
v -1.8 8.9 -6.2
v 1.6 8.9 -6.2
v -1.8 8.9 -6.4
v 1.7 8.9 -6.4
v -1.8 8.9 -6.5
v 1.7 8.9 -6.5
v -1.8 8.9 -6.7
v 1.7 8.9 -6.7
v -1.8 8.9 -6.8
v 1.7 8.9 -6.8
v -1.8 8.9 -7
v 1.6 8.9 -7
v -1.8 8.9 -7.1
v 1.6 8.9 -7.1
v -1.8 8.9 -7.3
v 1.7 8.9 -7.3
v -1.8 8.9 -7.4
v 1.7 8.9 -7.4
v -1.8 8.9 -7.6
v 1.7 8.9 -7.6
v -1.8 8.9 -7.7
v 1.7 8.9 -7.7
v -1.8 8.9 -7.9
v 1.7 8.9 -7.9
v -1.8 8.9 -8
v 1.7 8.9 -8
v -1.8 8.9 -8.2
v 1.7 8.9 -8.2
v -1.8 8.9 -8.3
v 1.7 8.9 -8.3
v 2 9.6 8
v 7.8 9.6 8
v 3.3 9.6 7.9
v 3.4 9.6 7.9
v 5.8 9.6 7.3
v 6.4 9.6 7.3
v 5.5 9.6 6.9
v 5.8 9.6 6.9
v 3.4 9.6 6.6
v 5.5 9.6 6.6
v 3.4 9.6 6.5
v 5.5 9.6 6.5
v 5.2 9.6 6.4
v 5.5 9.6 6.4
v 7.4 9.6 6.4
v 7.8 9.6 6.4
v 7.4 9.6 6.2
v 7.8 9.6 6.2
v 5.2 9.6 6.1
v 7.4 9.6 5.8
v 7.8 9.6 5.8
v 5.2 9.6 5.7
v 7.4 9.6 5.6
v 7.8 9.6 5.6
v 5.2 9.6 5.1
v 5.2 9.6 4.8
v 5.2 9.6 3.9
v 5.5 9.6 3.9
v 5.5 9.6 3.6
v 6.1 9.6 3.6
v 6.2 9.6 3.6
v 6.4 9.6 3.6
v 3 9.6 0
v 3.3 9.6 0
v 3.4 9.6 0
v 6.9 9.6 0
v 4.3 9.6 -0.2
v 6.7 9.6 -0.2
v 4.3 9.6 -0.4
v 5.7 9.6 -0.4
v 4.3 9.6 -0.599999
v 5.5 9.6 -0.599999
v 3 9.6 -2.1
v 4.3 9.6 -2.1
v 3.1 9.6 -2.2
v 3.2 9.6 -2.2
v 4.4 9.6 -2.8
v 5.5 9.6 -2.8
v 5.7 9.6 -2.8
v 6.7 9.6 -2.8
v 6.9 9.6 -2.8
v 7.4 9.6 -2.8
v 4.1 9.6 -4.1
v 4.4 9.6 -4.1
v 3.2 9.6 -4.5
v 4.1 9.6 -4.5
v 3.2 9.6 -4.6
v 4.1 9.6 -4.6
v 4.1 9.6 -4.8
v 4.4 9.6 -4.8
v 2.1 9.6 -6
v 3.1 9.6 -6
v 3.2 9.6 -6
v 4.4 9.6 -6
v 2.1 9.6 -6.1
v 4.4 9.6 -6.1
v 4.4 9.6 -7.9
v 7.4 9.6 -7.9
v 2 9.6 -8.2
v 7.8 9.6 -8.2
v 3.3 9.7 7.9
v 3.4 9.7 7.9
v 5.5 9.7 6.9
v 5.8 9.7 6.9
v 3.4 9.7 6.6
v 5.5 9.7 6.6
v 3.4 9.7 6.5
v 5.5 9.7 6.5
v 5.5 9.7 6.4
v 5.8 9.7 6.4
v 5.9 9.7 4.7
v 6.4 9.7 4.7
v 6 9.7 4.4
v 6.2 9.7 4.4
v 6 9.7 4.2
v 6.2 9.7 4.2
v 5.9 9.7 4
v 6 9.7 4
v 5.5 9.7 3.9
v 5.7 9.7 3.9
v 5.9 9.7 3.9
v 6.1 9.7 3.9
v 6.2 9.7 3.9
v 5.7 9.7 3.7
v 6 9.7 3.7
v 5.5 9.7 3.6
v 6.1 9.7 3.6
v 6.2 9.7 3.6
v 6.4 9.7 3.6
v 3.3 9.7 0.1
v 3.4 9.7 0.1
v 4.3 9.7 0
v 6.9 9.7 0
v 4.3 9.7 -0.2
v 6.7 9.7 -0.2
v 4.3 9.7 -0.4
v 5.7 9.7 -0.4
v 4.3 9.7 -0.599999
v 5.5 9.7 -0.599999
v 3.1 9.7 -2.2
v 3.2 9.7 -2.2
v 5.5 9.7 -2.8
v 5.7 9.7 -2.8
v 6.7 9.7 -2.8
v 6.9 9.7 -2.8
v 3.2 9.7 -4.5
v 4.1 9.7 -4.5
v 3.2 9.7 -4.6
v 4.1 9.7 -4.6
v 2.1 9.7 -6
v 3.1 9.7 -6
v 3.2 9.7 -6
v 4.4 9.7 -6
v 2.1 9.7 -6.1
v 4.4 9.7 -6.1
v 5.8 9.8 7.3
v 6.4 9.8 7.3
v 5.9 9.8 7
v 6.1 9.8 7
v 5.9 9.8 6.9
v 6.1 9.8 6.9
v 6.1 9.8 6.7
v 6.2 9.8 6.7
v 6.1 9.8 6.5
v 6.2 9.8 6.5
v 5.2 9.8 6.4
v 5.8 9.8 6.4
v 5.2 9.8 6.1
v 5.3 9.8 6.1
v 5.5 9.8 6.1
v 5.7 9.8 6.1
v 5.4 9.8 6
v 5.5 9.8 6
v 6.1 9.8 6
v 6.2 9.8 6
v 5.4 9.8 5.8
v 5.5 9.8 5.8
v 5.7 9.8 5.8
v 5.8 9.8 5.8
v 5.2 9.8 5.7
v 5.3 9.8 5.7
v 5.5 9.8 5.6
v 5.6 9.8 5.6
v 5.5 9.8 5.4
v 5.6 9.8 5.4
v 5.4 9.8 5.3
v 5.5 9.8 5.3
v 5.7 9.8 5.3
v 5.8 9.8 5.3
v 5.9 9.8 5.2
v 6.1 9.8 5.2
v 6.2 9.8 5.2
v 5.2 9.8 5.1
v 5.3 9.8 5.1
v 5.6 9.8 5.1
v 5.7 9.8 5.1
v 5.9 9.8 5
v 6.1 9.8 5
v 5.4 9.8 4.9
v 5.6 9.8 4.9
v 5.2 9.8 4.8
v 5.3 9.8 4.8
v 5.9 9.8 4.7
v 6.4 9.8 4.7
v 5.6 9.8 4.5
v 5.8 9.8 4.5
v 5.6 9.8 4.2
v 5.8 9.8 4.2
v 5.4 9.8 4.1
v 5.5 9.8 4.1
v 5.4 9.8 4
v 5.5 9.8 4
v 5.7 9.8 4
v 5.9 9.8 4
v 5.2 9.8 3.9
v 5.7 9.8 3.9
v 5.9 9.8 3.9
v 1.6 9.9 8.4
v 8.2 9.9 8.4
v 1.7 9.9 8.3
v 8.1 9.9 8.3
v 2 9.9 8
v 7.8 9.9 8
v 7.8 9.9 6.4
v 8.1 9.9 6.4
v 7.8 9.9 6.2
v 8.1 9.9 6.2
v 7.8 9.9 5.8
v 8.1 9.9 5.8
v 7.8 9.9 5.6
v 8.1 9.9 5.6
v 7.8 9.9 -6.5
v 8 9.9 -6.5
v 7.8 9.9 -7.7
v 8 9.9 -7.7
v 2 9.9 -8.2
v 7.8 9.9 -8.2
v 1.7 9.9 -8.5
v 8.1 9.9 -8.5
v 1.6 9.9 -8.6
v 8.2 9.9 -8.6
v 7.4 10 6.4
v 8.1 10 6.4
v 7.4 10 6.2
v 8.1 10 6.2
v 7.4 10 5.8
v 8.1 10 5.8
v 7.4 10 5.6
v 8.1 10 5.6
v 3.9 10.1 0
v 4.3 10.1 0
v 3.7 10.1 -0.2
v 3.9 10.1 -0.2
v 4 10.1 -0.2
v 4.2 10.1 -0.2
v 4.2 10.1 -0.299999
v 4.3 10.1 -0.299999
v 3.9 10.1 -0.5
v 4 10.1 -0.5
v 3.7 10.1 -0.599999
v 3.9 10.1 -0.599999
v 4 10.1 -0.599999
v 4 10.1 -0.9
v 4.3 10.1 -0.9
v 3 10.1 -1
v 3.1 10.1 -1
v 3.2 10.1 -1
v 3.3 10.1 -1
v 3.4 10.1 -1
v 3.7 10.1 -1
v 4 10.1 -1
v 4.2 10.1 -1
v 3.2 10.1 -1.1
v 3.3 10.1 -1.1
v 3.6 10.1 -1.1
v 3.7 10.1 -1.1
v 3.7 10.1 -1.3
v 3.9 10.1 -1.3
v 3.4 10.1 -1.4
v 3.6 10.1 -1.4
v 3.6 10.1 -1.5
v 3.9 10.1 -1.5
v 3 10.1 -1.6
v 3.1 10.1 -1.6
v 3.1 10.1 -1.7
v 3.4 10.1 -1.7
v 4 10.1 -1.7
v 4.2 10.1 -1.7
v 3 10.1 -1.8
v 3.1 10.1 -1.8
v 3.9 10.1 -1.8
v 4.2 10.1 -1.8
v 3.3 10.1 -1.9
v 3.4 10.1 -1.9
v 3.6 10.1 -1.9
v 3.7 10.1 -1.9
v 3.7 10.1 -2
v 4.2 10.1 -2
v 3 10.1 -2.1
v 3.3 10.1 -2.1
v 4.3 10.1 -2.1
v 4.1 10.1 -4.1
v 4.4 10.1 -4.1
v 4.3 10.1 -4.5
v 4.4 10.1 -4.5
v 4.1 10.1 -4.8
v 4.3 10.1 -4.8
v 4.4 10.1 -4.8
v 3.7 10.2 0.1
v 3.9 10.2 0.1
v 3 10.2 0
v 3.3 10.2 0
v 3.4 10.2 0
v 3.7 10.2 0
v 3.3 10.2 -0.0999994
v 3.4 10.2 -0.0999994
v 3.7 10.2 -0.2
v 3.9 10.2 -0.2
v 3.1 10.2 -0.299999
v 3.5 10.2 -0.299999
v 3.1 10.2 -0.599999
v 3.5 10.2 -0.599999
v 3.7 10.2 -0.599999
v 3.9 10.2 -0.599999
v 3.4 10.2 -0.7
v 3.5 10.2 -0.7
v 3 10.2 -0.9
v 3.1 10.2 -0.9
v 3.2 10.2 -0.9
v 3.3 10.2 -0.9
v 3 10.2 -1
v 3.1 10.2 -1
v 3.2 10.2 -1
v 3.3 10.2 -1
v 3.4 10.2 -1
v 3.7 10.2 -1
v 3.7 10.2 -1.3
v 3.9 10.2 -1.3
v 3.3 10.3 0.1
v 3.4 10.3 0.1
v 3.3 10.3 -0.0999994
v 3.4 10.3 -0.0999994
v 4.3 10.3 -3
v 4.4 10.3 -3
v 4.3 10.3 -3.3
v 4.4 10.3 -3.3
v 4.4 10.4 -2.8
v 4.5 10.4 -2.8
v 4.7 10.4 -2.8
v 6.4 10.4 -2.8
v 6.7 10.4 -2.8
v 7.4 10.4 -2.8
v 4.8 10.4 -2.9
v 5.2 10.4 -2.9
v 5.7 10.4 -2.9
v 6 10.4 -2.9
v 6.8 10.4 -2.9
v 7.4 10.4 -2.9
v 4.5 10.4 -3.2
v 4.7 10.4 -3.2
v 6 10.4 -3.3
v 6.3 10.4 -3.3
v 4.4 10.4 -3.4
v 4.5 10.4 -3.4
v 5.3 10.4 -3.4
v 5.7 10.4 -3.4
v 5.8 10.4 -3.4
v 5.9 10.4 -3.4
v 6.4 10.4 -3.4
v 6.7 10.4 -3.4
v 4.8 10.4 -3.5
v 5.2 10.4 -3.5
v 6.8 10.4 -3.5
v 7.4 10.4 -3.5
v 4.5 10.4 -3.6
v 5.3 10.4 -3.6
v 5.9 10.4 -3.6
v 6.3 10.4 -3.6
v 6.7 10.4 -3.6
v 7.1 10.4 -3.6
v 6.8 10.4 -3.8
v 7.1 10.4 -3.8
v 4.4 10.4 -3.9
v 4.5 10.4 -3.9
v 5.3 10.4 -3.9
v 6.2 10.4 -3.9
v 6.4 10.4 -3.9
v 5.3 10.4 -4
v 5.9 10.4 -4
v 6.1 10.4 -4
v 6.7 10.4 -4
v 6.8 10.4 -4
v 7 10.4 -4
v 7 10.4 -4.1
v 7.3 10.4 -4.1
v 6.1 10.4 -4.2
v 6.2 10.4 -4.2
v 4.4 10.4 -4.3
v 4.5 10.4 -4.3
v 6.7 10.4 -4.3
v 6.8 10.4 -4.3
v 4.4 10.4 -4.4
v 4.5 10.4 -4.4
v 4.4 10.4 -4.5
v 4.8 10.4 -4.5
v 6.2 10.4 -4.6
v 6.4 10.4 -4.6
v 7 10.4 -4.7
v 7.3 10.4 -4.7
v 5 10.4 -4.8
v 5.2 10.4 -4.8
v 5.3 10.4 -4.8
v 5.9 10.4 -4.8
v 6.1 10.4 -4.8
v 5.3 10.4 -4.9
v 5.4 10.4 -4.9
v 5.6 10.4 -4.9
v 5.7 10.4 -4.9
v 5.9 10.4 -4.9
v 6.1 10.4 -5
v 6.2 10.4 -5
v 7 10.4 -5
v 7.2 10.4 -5
v 5.4 10.4 -5.1
v 5.6 10.4 -5.1
v 4.8 10.4 -5.2
v 5 10.4 -5.2
v 5.1 10.4 -5.2
v 5.2 10.4 -5.2
v 5.3 10.4 -5.2
v 5.7 10.4 -5.2
v 6 10.4 -5.2
v 6.2 10.4 -5.2
v 6.4 10.4 -5.2
v 6.5 10.4 -5.2
v 4.4 10.4 -5.3
v 4.8 10.4 -5.3
v 6.7 10.4 -5.3
v 6.8 10.4 -5.3
v 4.4 10.4 -5.4
v 4.8 10.4 -5.4
v 6.5 10.4 -5.6
v 6.6 10.4 -5.6
v 6.8 10.4 -5.6
v 7.2 10.4 -5.6
v 4.4 10.4 -5.7
v 4.8 10.4 -5.7
v 5.1 10.4 -5.8
v 5.3 10.4 -5.8
v 7.1 10.4 -5.8
v 7.2 10.4 -5.8
v 7.2 10.4 -5.9
v 7.3 10.4 -5.9
v 4.4 10.4 -6
v 4.7 10.4 -6
v 4.8 10.4 -6
v 5 10.4 -6
v 6.5 10.4 -6
v 6.6 10.4 -6
v 6.7 10.4 -6
v 7.1 10.4 -6
v 4.8 10.4 -6.1
v 5 10.4 -6.1
v 6.7 10.4 -6.1
v 6.8 10.4 -6.1
v 7 10.4 -6.1
v 7.3 10.4 -6.1
v 6.8 10.4 -6.2
v 7 10.4 -6.2
v 6.8 10.4 -6.4
v 7.1 10.4 -6.4
v 7.3 10.4 -6.5
v 7.4 10.4 -6.5
v 4.7 10.4 -6.7
v 4.8 10.4 -6.7
v 6.8 10.4 -6.9
v 7.1 10.4 -6.9
v 6.5 10.4 -7
v 7.1 10.4 -7
v 4.8 10.4 -7.1
v 5.3 10.4 -7.1
v 6.9 10.4 -7.1
v 7.1 10.4 -7.1
v 4.4 10.4 -7.2
v 4.8 10.4 -7.2
v 4.7 10.4 -7.3
v 4.9 10.4 -7.3
v 4.7 10.4 -7.5
v 4.9 10.4 -7.5
v 5.2 10.4 -7.5
v 5.3 10.4 -7.5
v 5.6 10.4 -7.5
v 6.4 10.4 -7.5
v 6.5 10.4 -7.5
v 5.2 10.4 -7.7
v 5.6 10.4 -7.7
v 5.8 10.4 -7.7
v 6 10.4 -7.7
v 6.4 10.4 -7.7
v 6.9 10.4 -7.7
v 7.3 10.4 -7.7
v 7.4 10.4 -7.7
v 4.7 10.4 -7.8
v 5 10.4 -7.8
v 5.1 10.4 -7.8
v 5.5 10.4 -7.8
v 4.4 10.4 -7.9
v 4.7 10.4 -7.9
v 5 10.4 -7.9
v 5.1 10.4 -7.9
v 5.5 10.4 -7.9
v 5.8 10.4 -7.9
v 6 10.4 -7.9
v 7.4 10.4 -7.9
v 6.4 10.5 -2.8
v 6.7 10.5 -2.8
v 4.3 10.5 -3.4
v 4.5 10.5 -3.4
v 5.3 10.5 -3.4
v 5.8 10.5 -3.4
v 5.9 10.5 -3.4
v 6.4 10.5 -3.4
v 6.7 10.5 -3.4
v 5.8 10.5 -3.6
v 5.9 10.5 -3.6
v 4.3 10.5 -3.9
v 4.5 10.5 -3.9
v 5.3 10.5 -4
v 5.9 10.5 -4
v 5.3 10.5 -4.8
v 5.4 10.5 -4.8
v 5.6 10.5 -4.8
v 5.7 10.5 -4.8
v 5.3 10.5 -4.9
v 5.4 10.5 -4.9
v 5.6 10.5 -4.9
v 5.7 10.5 -4.9
v 5.9 10.5 -4.9
v 5.3 10.5 -5.2
v 5.7 10.5 -5.2
v 6 10.5 -5.2
v 6.2 10.5 -5.2
v 6.4 10.5 -5.2
v 6.5 10.5 -5.2
v 6.2 10.5 -5.3
v 6.4 10.5 -5.3
v 5.5 10.5 -5.4
v 5.7 10.5 -5.4
v 6 10.5 -5.4
v 6.4 10.5 -5.4
v 6.4 10.5 -5.6
v 6.5 10.5 -5.6
v 5.3 10.5 -5.8
v 5.4 10.5 -5.8
v 5.5 10.5 -5.9
v 5.9 10.5 -5.9
v 5.5 10.5 -6
v 5.9 10.5 -6
v 6.2 10.5 -6
v 6.5 10.5 -6
v 6.2 10.5 -6.3
v 6.3 10.5 -6.3
v 5.4 10.5 -6.4
v 5.5 10.5 -6.4
v 5.6 10.5 -6.8
v 6.2 10.5 -6.8
v 5.7 10.5 -6.9
v 6 10.5 -6.9
v 6.2 10.5 -6.9
v 6.3 10.5 -6.9
v 5.4 10.5 -7
v 5.6 10.5 -7
v 6.4 10.5 -7
v 6.5 10.5 -7
v 5.3 10.5 -7.1
v 5.4 10.5 -7.1
v 5.7 10.5 -7.2
v 6 10.5 -7.2
v 5.3 10.5 -7.5
v 6.4 10.5 -7.5
v 6.5 10.5 -7.5

# faces
f 3/28/1 2/28/1 1/28/1
f 4/28/1 2/28/1 3/28/1
f 7/26/1 6/26/1 5/26/1
f 8/26/1 6/26/1 7/26/1
f 11/26/1 10/26/1 9/26/1
f 12/26/1 10/26/1 11/26/1
f 13/26/1 11/26/1 9/26/1
f 14/26/1 11/26/1 13/26/1
f 16/26/1 10/26/1 12/26/1
f 17/26/1 10/26/1 16/26/1
f 18/26/1 16/26/1 15/26/1
f 19/26/1 16/26/1 18/26/1
f 22/26/1 21/26/1 20/26/1
f 23/26/1 21/26/1 22/26/1
f 28/14/1 25/14/1 24/14/1
f 29/14/1 25/14/1 28/14/1
f 30/14/1 27/14/1 26/14/1
f 31/14/1 27/14/1 30/14/1
f 36/15/1 33/15/1 32/15/1
f 37/15/1 33/15/1 36/15/1
f 38/15/1 35/15/1 34/15/1
f 39/15/1 35/15/1 38/15/1
f 40/15/1 36/15/1 32/15/1
f 41/15/1 36/15/1 40/15/1
f 42/15/1 38/15/1 34/15/1
f 43/15/1 38/15/1 42/15/1
f 44/15/1 40/15/1 32/15/1
f 44/14/1 41/14/1 40/14/1
f 45/15/1 36/15/1 41/15/1
f 45/14/1 41/14/1 44/14/1
f 46/14/1 37/14/1 36/14/1
f 46/15/1 36/15/1 45/15/1
f 47/15/1 33/15/1 37/15/1
f 47/14/1 37/14/1 46/14/1
f 48/14/1 43/14/1 42/14/1
f 48/15/1 42/15/1 34/15/1
f 49/15/1 38/15/1 43/15/1
f 49/14/1 43/14/1 48/14/1
f 50/14/1 39/14/1 38/14/1
f 50/15/1 38/15/1 49/15/1
f 51/15/1 35/15/1 39/15/1
f 51/14/1 39/14/1 50/14/1
f 52/15/1 46/15/1 45/15/1
f 52/15/1 45/15/1 44/15/1
f 52/15/1 44/15/1 32/15/1
f 52/15/1 47/15/1 46/15/1
f 53/15/1 47/15/1 52/15/1
f 54/15/1 47/15/1 53/15/1
f 55/15/1 47/15/1 54/15/1
f 56/15/1 33/15/1 47/15/1
f 56/15/1 47/15/1 55/15/1
f 57/15/1 33/15/1 56/15/1
f 58/15/1 50/15/1 49/15/1
f 58/15/1 51/15/1 50/15/1
f 58/15/1 49/15/1 48/15/1
f 58/15/1 48/15/1 34/15/1
f 59/15/1 51/15/1 58/15/1
f 60/15/1 51/15/1 59/15/1
f 61/15/1 51/15/1 60/15/1
f 62/15/1 35/15/1 51/15/1
f 62/15/1 51/15/1 61/15/1
f 63/15/1 35/15/1 62/15/1
f 64/15/1 52/15/1 32/15/1
f 64/14/1 53/14/1 52/14/1
f 65/15/1 54/15/1 53/15/1
f 65/14/1 53/14/1 64/14/1
f 66/14/1 55/14/1 54/14/1
f 66/15/1 54/15/1 65/15/1
f 67/15/1 56/15/1 55/15/1
f 67/14/1 55/14/1 66/14/1
f 68/15/1 56/15/1 67/15/1
f 69/15/1 56/15/1 68/15/1
f 70/15/1 58/15/1 34/15/1
f 70/14/1 59/14/1 58/14/1
f 71/15/1 60/15/1 59/15/1
f 71/14/1 59/14/1 70/14/1
f 72/14/1 61/14/1 60/14/1
f 72/15/1 60/15/1 71/15/1
f 73/15/1 62/15/1 61/15/1
f 73/14/1 61/14/1 72/14/1
f 74/15/1 62/15/1 73/15/1
f 75/15/1 62/15/1 74/15/1
f 76/15/1 65/15/1 64/15/1
f 76/15/1 66/15/1 65/15/1
f 76/15/1 67/15/1 66/15/1
f 76/15/1 68/15/1 67/15/1
f 77/15/1 68/15/1 76/15/1
f 78/15/1 68/15/1 77/15/1
f 79/15/1 68/15/1 78/15/1
f 80/14/1 57/14/1 56/14/1
f 80/15/1 56/15/1 69/15/1
f 81/15/1 33/15/1 57/15/1
f 81/14/1 57/14/1 80/14/1
f 82/15/1 71/15/1 70/15/1
f 82/15/1 72/15/1 71/15/1
f 82/15/1 74/15/1 73/15/1
f 82/15/1 73/15/1 72/15/1
f 83/15/1 74/15/1 82/15/1
f 84/15/1 74/15/1 83/15/1
f 85/15/1 74/15/1 84/15/1
f 86/15/1 62/15/1 75/15/1
f 86/14/1 63/14/1 62/14/1
f 87/15/1 35/15/1 63/15/1
f 87/14/1 63/14/1 86/14/1
f 88/15/1 68/15/1 79/15/1
f 88/14/1 69/14/1 68/14/1
f 89/15/1 80/15/1 69/15/1
f 89/14/1 69/14/1 88/14/1
f 89/15/1 81/15/1 80/15/1
f 90/15/1 81/15/1 89/15/1
f 91/15/1 33/15/1 81/15/1
f 91/15/1 81/15/1 90/15/1
f 92/15/1 74/15/1 85/15/1
f 92/14/1 75/14/1 74/14/1
f 93/15/1 86/15/1 75/15/1
f 93/14/1 75/14/1 92/14/1
f 93/15/1 87/15/1 86/15/1
f 94/15/1 87/15/1 93/15/1
f 95/15/1 35/15/1 87/15/1
f 95/15/1 87/15/1 94/15/1
f 96/15/1 64/15/1 32/15/1
f 96/15/1 76/15/1 64/15/1
f 97/14/1 77/14/1 76/14/1
f 97/15/1 76/15/1 96/15/1
f 98/15/1 78/15/1 77/15/1
f 98/14/1 77/14/1 97/14/1
f 99/15/1 78/15/1 98/15/1
f 100/15/1 78/15/1 99/15/1
f 101/15/1 33/15/1 91/15/1
f 101/14/1 91/14/1 90/14/1
f 102/15/1 33/15/1 101/15/1
f 103/15/1 70/15/1 34/15/1
f 103/15/1 82/15/1 70/15/1
f 104/14/1 83/14/1 82/14/1
f 104/15/1 82/15/1 103/15/1
f 105/15/1 84/15/1 83/15/1
f 105/14/1 83/14/1 104/14/1
f 106/15/1 84/15/1 105/15/1
f 107/15/1 84/15/1 106/15/1
f 108/15/1 35/15/1 95/15/1
f 108/14/1 95/14/1 94/14/1
f 109/15/1 35/15/1 108/15/1
f 110/15/1 96/15/1 32/15/1
f 111/14/1 97/14/1 96/14/1
f 111/15/1 96/15/1 110/15/1
f 112/14/1 97/14/1 111/14/1
f 113/15/1 98/15/1 97/15/1
f 113/14/1 97/14/1 112/14/1
f 113/15/1 99/15/1 98/15/1
f 114/14/1 100/14/1 99/14/1
f 114/15/1 99/15/1 113/15/1
f 115/15/1 78/15/1 100/15/1
f 115/14/1 100/14/1 114/14/1
f 116/14/1 79/14/1 78/14/1
f 116/15/1 78/15/1 115/15/1
f 117/15/1 90/15/1 89/15/1
f 117/14/1 79/14/1 116/14/1
f 117/15/1 88/15/1 79/15/1
f 117/15/1 89/15/1 88/15/1
f 118/14/1 102/14/1 101/14/1
f 118/15/1 90/15/1 117/15/1
f 118/14/1 101/14/1 90/14/1
f 119/14/1 102/14/1 118/14/1
f 120/15/1 103/15/1 34/15/1
f 121/14/1 104/14/1 103/14/1
f 121/15/1 103/15/1 120/15/1
f 122/14/1 104/14/1 121/14/1
f 123/15/1 106/15/1 105/15/1
f 123/14/1 104/14/1 122/14/1
f 123/15/1 105/15/1 104/15/1
f 124/14/1 107/14/1 106/14/1
f 124/15/1 106/15/1 123/15/1
f 125/15/1 84/15/1 107/15/1
f 125/14/1 107/14/1 124/14/1
f 126/14/1 85/14/1 84/14/1
f 126/15/1 84/15/1 125/15/1
f 127/15/1 94/15/1 93/15/1
f 127/14/1 85/14/1 126/14/1
f 127/15/1 92/15/1 85/15/1
f 127/15/1 93/15/1 92/15/1
f 128/14/1 109/14/1 108/14/1
f 128/15/1 94/15/1 127/15/1
f 128/14/1 108/14/1 94/14/1
f 129/14/1 109/14/1 128/14/1
f 130/15/1 116/15/1 115/15/1
f 130/15/1 114/15/1 113/15/1
f 130/15/1 113/15/1 112/15/1
f 130/15/1 119/15/1 118/15/1
f 130/15/1 115/15/1 114/15/1
f 130/15/1 117/15/1 116/15/1
f 130/14/1 102/14/1 119/14/1
f 130/15/1 118/15/1 117/15/1
f 131/15/1 33/15/1 102/15/1
f 131/14/1 102/14/1 130/14/1
f 132/14/1 109/14/1 129/14/1
f 132/15/1 127/15/1 126/15/1
f 132/15/1 126/15/1 125/15/1
f 132/15/1 129/15/1 128/15/1
f 132/15/1 123/15/1 122/15/1
f 132/15/1 128/15/1 127/15/1
f 132/15/1 124/15/1 123/15/1
f 132/15/1 125/15/1 124/15/1
f 133/15/1 35/15/1 109/15/1
f 133/14/1 109/14/1 132/14/1
f 134/15/1 131/15/1 130/15/1
f 134/15/1 130/15/1 112/15/1
f 135/15/1 131/15/1 134/15/1
f 136/15/1 132/15/1 122/15/1
f 136/15/1 133/15/1 132/15/1
f 137/15/1 133/15/1 136/15/1
f 138/14/1 112/14/1 111/14/1
f 138/15/1 110/15/1 32/15/1
f 138/14/1 111/14/1 110/14/1
f 139/15/1 134/15/1 112/15/1
f 139/14/1 112/14/1 138/14/1
f 140/8/1 135/8/1 134/8/1
f 141/8/1 135/8/1 140/8/1
f 142/15/1 120/15/1 34/15/1
f 142/14/1 122/14/1 121/14/1
f 142/14/1 121/14/1 120/14/1
f 143/15/1 136/15/1 122/15/1
f 143/14/1 122/14/1 142/14/1
f 144/8/1 137/8/1 136/8/1
f 145/8/1 137/8/1 144/8/1
f 146/15/1 138/15/1 32/15/1
f 146/15/1 139/15/1 138/15/1
f 147/15/1 139/15/1 146/15/1
f 148/9/1 141/9/1 140/9/1
f 149/9/1 141/9/1 148/9/1
f 150/9/1 141/9/1 149/9/1
f 151/9/1 141/9/1 150/9/1
f 152/15/1 131/15/1 135/15/1
f 153/15/1 33/15/1 131/15/1
f 153/15/1 131/15/1 152/15/1
f 154/15/1 142/15/1 34/15/1
f 154/15/1 143/15/1 142/15/1
f 155/15/1 143/15/1 154/15/1
f 156/9/1 145/9/1 144/9/1
f 157/9/1 145/9/1 156/9/1
f 158/9/1 145/9/1 157/9/1
f 159/9/1 145/9/1 158/9/1
f 160/15/1 133/15/1 137/15/1
f 161/15/1 35/15/1 133/15/1
f 161/15/1 133/15/1 160/15/1
f 162/8/1 149/8/1 148/8/1
f 163/8/1 149/8/1 162/8/1
f 164/8/1 151/8/1 150/8/1
f 165/8/1 151/8/1 164/8/1
f 166/8/1 157/8/1 156/8/1
f 167/8/1 157/8/1 166/8/1
f 168/8/1 159/8/1 158/8/1
f 169/8/1 159/8/1 168/8/1
f 170/14/1 147/14/1 146/14/1
f 171/15/1 139/15/1 147/15/1
f 171/14/1 147/14/1 170/14/1
f 172/14/1 155/14/1 154/14/1
f 173/15/1 143/15/1 155/15/1
f 173/14/1 155/14/1 172/14/1
f 174/15/1 152/15/1 135/15/1
f 174/14/1 153/14/1 152/14/1
f 175/15/1 33/15/1 153/15/1
f 175/14/1 153/14/1 174/14/1
f 176/15/1 160/15/1 137/15/1
f 176/14/1 161/14/1 160/14/1
f 177/15/1 35/15/1 161/15/1
f 177/14/1 161/14/1 176/14/1
f 178/15/1 171/15/1 170/15/1
f 179/15/1 139/15/1 171/15/1
f 179/15/1 171/15/1 178/15/1
f 180/8/1 162/8/1 148/8/1
f 180/9/1 163/9/1 162/9/1
f 181/8/1 149/8/1 163/8/1
f 181/9/1 163/9/1 180/9/1
f 182/8/1 164/8/1 150/8/1
f 182/9/1 165/9/1 164/9/1
f 183/8/1 151/8/1 165/8/1
f 183/9/1 165/9/1 182/9/1
f 184/15/1 33/15/1 175/15/1
f 184/15/1 175/15/1 174/15/1
f 185/15/1 33/15/1 184/15/1
f 186/15/1 173/15/1 172/15/1
f 187/15/1 143/15/1 173/15/1
f 187/15/1 173/15/1 186/15/1
f 188/8/1 166/8/1 156/8/1
f 188/9/1 167/9/1 166/9/1
f 189/8/1 157/8/1 167/8/1
f 189/9/1 167/9/1 188/9/1
f 190/8/1 168/8/1 158/8/1
f 190/9/1 169/9/1 168/9/1
f 191/8/1 159/8/1 169/8/1
f 191/9/1 169/9/1 190/9/1
f 192/15/1 35/15/1 177/15/1
f 192/15/1 177/15/1 176/15/1
f 193/15/1 35/15/1 192/15/1
f 194/9/1 148/9/1 140/9/1
f 194/8/1 180/8/1 148/8/1
f 194/8/1 181/8/1 180/8/1
f 195/8/1 149/8/1 181/8/1
f 195/8/1 181/8/1 194/8/1
f 196/9/1 150/9/1 149/9/1
f 196/8/1 182/8/1 150/8/1
f 196/8/1 183/8/1 182/8/1
f 197/8/1 151/8/1 183/8/1
f 197/8/1 183/8/1 196/8/1
f 198/15/1 174/15/1 135/15/1
f 198/15/1 184/15/1 174/15/1
f 199/14/1 185/14/1 184/14/1
f 199/15/1 184/15/1 198/15/1
f 200/9/1 156/9/1 144/9/1
f 200/8/1 188/8/1 156/8/1
f 200/8/1 189/8/1 188/8/1
f 201/8/1 157/8/1 189/8/1
f 201/8/1 189/8/1 200/8/1
f 202/8/1 190/8/1 158/8/1
f 202/9/1 158/9/1 157/9/1
f 202/8/1 191/8/1 190/8/1
f 203/8/1 159/8/1 191/8/1
f 203/8/1 191/8/1 202/8/1
f 204/15/1 176/15/1 137/15/1
f 204/15/1 192/15/1 176/15/1
f 205/14/1 193/14/1 192/14/1
f 205/15/1 192/15/1 204/15/1
f 206/14/1 179/14/1 178/14/1
f 207/15/1 139/15/1 179/15/1
f 207/14/1 179/14/1 206/14/1
f 208/14/1 187/14/1 186/14/1
f 209/15/1 143/15/1 187/15/1
f 209/14/1 187/14/1 208/14/1
f 210/15/1 207/15/1 206/15/1
f 211/15/1 139/15/1 207/15/1
f 211/15/1 207/15/1 210/15/1
f 212/14/1 199/14/1 198/14/1
f 212/15/1 198/15/1 135/15/1
f 213/15/1 33/15/1 185/15/1
f 213/14/1 199/14/1 212/14/1
f 213/14/1 185/14/1 199/14/1
f 214/15/1 209/15/1 208/15/1
f 215/15/1 143/15/1 209/15/1
f 215/15/1 209/15/1 214/15/1
f 216/15/1 204/15/1 137/15/1
f 216/14/1 205/14/1 204/14/1
f 217/15/1 35/15/1 193/15/1
f 217/14/1 205/14/1 216/14/1
f 217/14/1 193/14/1 205/14/1
f 218/9/1 195/9/1 194/9/1
f 218/9/1 194/9/1 140/9/1
f 219/8/1 149/8/1 195/8/1
f 219/9/1 195/9/1 218/9/1
f 220/9/1 196/9/1 149/9/1
f 220/9/1 197/9/1 196/9/1
f 221/8/1 151/8/1 197/8/1
f 221/9/1 197/9/1 220/9/1
f 222/15/1 212/15/1 135/15/1
f 222/15/1 213/15/1 212/15/1
f 223/15/1 213/15/1 222/15/1
f 224/9/1 201/9/1 200/9/1
f 224/9/1 200/9/1 144/9/1
f 225/8/1 157/8/1 201/8/1
f 225/9/1 201/9/1 224/9/1
f 226/9/1 203/9/1 202/9/1
f 226/9/1 202/9/1 157/9/1
f 227/8/1 159/8/1 203/8/1
f 227/9/1 203/9/1 226/9/1
f 228/15/1 216/15/1 137/15/1
f 228/15/1 217/15/1 216/15/1
f 229/15/1 217/15/1 228/15/1
f 230/9/1 218/9/1 140/9/1
f 230/8/1 219/8/1 218/8/1
f 231/8/1 149/8/1 219/8/1
f 231/8/1 219/8/1 230/8/1
f 231/9/1 220/9/1 149/9/1
f 232/8/1 221/8/1 220/8/1
f 232/9/1 220/9/1 231/9/1
f 233/9/1 141/9/1 151/9/1
f 233/8/1 221/8/1 232/8/1
f 233/8/1 151/8/1 221/8/1
f 234/15/1 222/15/1 135/15/1
f 234/14/1 223/14/1 222/14/1
f 235/15/1 213/15/1 223/15/1
f 235/14/1 223/14/1 234/14/1
f 236/9/1 224/9/1 144/9/1
f 236/8/1 225/8/1 224/8/1
f 237/9/1 226/9/1 157/9/1
f 237/8/1 225/8/1 236/8/1
f 237/8/1 157/8/1 225/8/1
f 238/8/1 227/8/1 226/8/1
f 238/9/1 226/9/1 237/9/1
f 239/9/1 145/9/1 159/9/1
f 239/8/1 227/8/1 238/8/1
f 239/8/1 159/8/1 227/8/1
f 240/15/1 228/15/1 137/15/1
f 240/14/1 229/14/1 228/14/1
f 241/15/1 217/15/1 229/15/1
f 241/14/1 229/14/1 240/14/1
f 242/14/1 211/14/1 210/14/1
f 243/14/1 211/14/1 242/14/1
f 244/9/1 230/9/1 140/9/1
f 244/9/1 232/9/1 231/9/1
f 244/8/1 140/8/1 134/8/1
f 244/9/1 231/9/1 230/9/1
f 244/9/1 233/9/1 232/9/1
f 245/8/1 135/8/1 141/8/1
f 245/9/1 233/9/1 244/9/1
f 245/9/1 141/9/1 233/9/1
f 246/14/1 215/14/1 214/14/1
f 247/14/1 215/14/1 246/14/1
f 248/9/1 238/9/1 237/9/1
f 248/9/1 239/9/1 238/9/1
f 248/8/1 144/8/1 136/8/1
f 248/9/1 236/9/1 144/9/1
f 248/9/1 237/9/1 236/9/1
f 249/9/1 145/9/1 239/9/1
f 249/9/1 239/9/1 248/9/1
f 249/8/1 137/8/1 145/8/1
f 250/8/1 244/8/1 134/8/1
f 250/15/1 134/15/1 139/15/1
f 250/8/1 245/8/1 244/8/1
f 250/15/1 139/15/1 211/15/1
f 251/8/1 135/8/1 245/8/1
f 251/8/1 245/8/1 250/8/1
f 251/15/1 234/15/1 135/15/1
f 251/15/1 235/15/1 234/15/1
f 252/15/1 136/15/1 143/15/1
f 252/8/1 249/8/1 248/8/1
f 252/8/1 248/8/1 136/8/1
f 252/15/1 143/15/1 215/15/1
f 253/8/1 137/8/1 249/8/1
f 253/8/1 249/8/1 252/8/1
f 253/15/1 240/15/1 137/15/1
f 253/15/1 241/15/1 240/15/1
f 254/14/1 211/14/1 243/14/1
f 254/15/1 243/15/1 242/15/1
f 255/15/1 251/15/1 250/15/1
f 255/14/1 211/14/1 254/14/1
f 255/15/1 250/15/1 211/15/1
f 256/15/1 235/15/1 251/15/1
f 256/15/1 251/15/1 255/15/1
f 257/15/1 213/15/1 235/15/1
f 257/15/1 235/15/1 256/15/1
f 258/14/1 215/14/1 247/14/1
f 258/15/1 247/15/1 246/15/1
f 259/15/1 253/15/1 252/15/1
f 259/14/1 215/14/1 258/14/1
f 259/15/1 252/15/1 215/15/1
f 260/15/1 241/15/1 253/15/1
f 260/15/1 253/15/1 259/15/1
f 261/15/1 217/15/1 241/15/1
f 261/15/1 241/15/1 260/15/1
f 262/15/1 255/15/1 254/15/1
f 262/15/1 256/15/1 255/15/1
f 263/15/1 256/15/1 262/15/1
f 264/15/1 256/15/1 263/15/1
f 265/15/1 256/15/1 264/15/1
f 266/15/1 259/15/1 258/15/1
f 266/15/1 260/15/1 259/15/1
f 267/15/1 260/15/1 266/15/1
f 268/15/1 260/15/1 267/15/1
f 269/15/1 260/15/1 268/15/1
f 270/15/1 254/15/1 242/15/1
f 270/15/1 262/15/1 254/15/1
f 271/15/1 262/15/1 270/15/1
f 272/14/1 265/14/1 264/14/1
f 272/15/1 264/15/1 263/15/1
f 273/15/1 256/15/1 265/15/1
f 273/14/1 265/14/1 272/14/1
f 274/15/1 256/15/1 273/15/1
f 275/15/1 256/15/1 274/15/1
f 276/14/1 257/14/1 256/14/1
f 276/15/1 256/15/1 275/15/1
f 277/15/1 213/15/1 257/15/1
f 277/14/1 257/14/1 276/14/1
f 278/15/1 258/15/1 246/15/1
f 278/15/1 266/15/1 258/15/1
f 279/15/1 266/15/1 278/15/1
f 280/14/1 269/14/1 268/14/1
f 280/15/1 268/15/1 267/15/1
f 281/15/1 260/15/1 269/15/1
f 281/14/1 269/14/1 280/14/1
f 282/15/1 260/15/1 281/15/1
f 283/15/1 260/15/1 282/15/1
f 284/14/1 261/14/1 260/14/1
f 284/15/1 260/15/1 283/15/1
f 285/15/1 217/15/1 261/15/1
f 285/14/1 261/14/1 284/14/1
f 286/15/1 262/15/1 271/15/1
f 286/14/1 263/14/1 262/14/1
f 287/15/1 272/15/1 263/15/1
f 287/14/1 263/14/1 286/14/1
f 287/15/1 273/15/1 272/15/1
f 287/15/1 274/15/1 273/15/1
f 288/15/1 266/15/1 279/15/1
f 288/14/1 267/14/1 266/14/1
f 289/15/1 280/15/1 267/15/1
f 289/14/1 267/14/1 288/14/1
f 289/15/1 282/15/1 281/15/1
f 289/15/1 281/15/1 280/15/1
f 291/14/1 271/14/1 270/14/1
f 292/15/1 286/15/1 271/15/1
f 292/15/1 287/15/1 286/15/1
f 292/14/1 271/14/1 291/14/1
f 293/15/1 274/15/1 287/15/1
f 293/15/1 287/15/1 292/15/1
f 294/14/1 275/14/1 274/14/1
f 294/15/1 274/15/1 293/15/1
f 295/15/1 276/15/1 275/15/1
f 295/14/1 275/14/1 294/14/1
f 295/15/1 277/15/1 276/15/1
f 296/15/1 213/15/1 277/15/1
f 296/15/1 277/15/1 295/15/1
f 298/14/1 279/14/1 278/14/1
f 299/15/1 288/15/1 279/15/1
f 299/15/1 289/15/1 288/15/1
f 299/14/1 279/14/1 298/14/1
f 300/15/1 282/15/1 289/15/1
f 300/15/1 289/15/1 299/15/1
f 301/14/1 283/14/1 282/14/1
f 301/15/1 282/15/1 300/15/1
f 302/15/1 284/15/1 283/15/1
f 302/14/1 283/14/1 301/14/1
f 302/15/1 285/15/1 284/15/1
f 303/15/1 217/15/1 285/15/1
f 303/15/1 285/15/1 302/15/1
f 304/13/1 291/13/1 290/13/1
f 305/15/1 293/15/1 292/15/1
f 305/13/1 291/13/1 304/13/1
f 305/15/1 292/15/1 291/15/1
f 306/15/1 293/15/1 305/15/1
f 307/15/1 293/15/1 306/15/1
f 308/14/1 294/14/1 293/14/1
f 308/15/1 293/15/1 307/15/1
f 308/14/1 295/14/1 294/14/1
f 308/14/1 296/14/1 295/14/1
f 309/14/1 296/14/1 308/14/1
f 310/14/1 296/14/1 309/14/1
f 311/15/1 213/15/1 296/15/1
f 311/14/1 296/14/1 310/14/1
f 312/13/1 298/13/1 297/13/1
f 313/15/1 300/15/1 299/15/1
f 313/13/1 298/13/1 312/13/1
f 313/15/1 299/15/1 298/15/1
f 314/15/1 300/15/1 313/15/1
f 315/15/1 300/15/1 314/15/1
f 316/14/1 301/14/1 300/14/1
f 316/15/1 300/15/1 315/15/1
f 316/14/1 302/14/1 301/14/1
f 316/14/1 303/14/1 302/14/1
f 317/14/1 303/14/1 316/14/1
f 318/14/1 303/14/1 317/14/1
f 319/15/1 217/15/1 303/15/1
f 319/14/1 303/14/1 318/14/1
f 320/14/1 307/14/1 306/14/1
f 320/15/1 306/15/1 305/15/1
f 321/14/1 307/14/1 320/14/1
f 322/15/1 308/15/1 307/15/1
f 322/14/1 307/14/1 321/14/1
f 322/15/1 309/15/1 308/15/1
f 323/15/1 309/15/1 322/15/1
f 324/15/1 309/15/1 323/15/1
f 325/15/1 309/15/1 324/15/1
f 326/14/1 310/14/1 309/14/1
f 326/15/1 309/15/1 325/15/1
f 327/15/1 311/15/1 310/15/1
f 327/14/1 310/14/1 326/14/1
f 328/15/1 213/15/1 311/15/1
f 328/15/1 311/15/1 327/15/1
f 329/15/1 33/15/1 213/15/1
f 329/15/1 213/15/1 328/15/1
f 330/14/1 315/14/1 314/14/1
f 330/15/1 314/15/1 313/15/1
f 331/14/1 315/14/1 330/14/1
f 332/15/1 317/15/1 316/15/1
f 332/14/1 315/14/1 331/14/1
f 332/15/1 316/15/1 315/15/1
f 333/15/1 317/15/1 332/15/1
f 334/15/1 317/15/1 333/15/1
f 335/15/1 317/15/1 334/15/1
f 336/14/1 318/14/1 317/14/1
f 336/15/1 317/15/1 335/15/1
f 337/15/1 319/15/1 318/15/1
f 337/14/1 318/14/1 336/14/1
f 338/15/1 217/15/1 319/15/1
f 338/15/1 319/15/1 337/15/1
f 339/15/1 35/15/1 217/15/1
f 339/15/1 217/15/1 338/15/1
f 340/15/1 321/15/1 320/15/1
f 340/15/1 320/15/1 305/15/1
f 341/15/1 321/15/1 340/15/1
f 342/15/1 324/15/1 323/15/1
f 342/14/1 325/14/1 324/14/1
f 343/15/1 328/15/1 327/15/1
f 343/14/1 325/14/1 342/14/1
f 343/15/1 327/15/1 326/15/1
f 343/15/1 326/15/1 325/15/1
f 344/14/1 329/14/1 328/14/1
f 344/15/1 328/15/1 343/15/1
f 345/14/1 329/14/1 344/14/1
f 346/15/1 331/15/1 330/15/1
f 346/15/1 330/15/1 313/15/1
f 347/15/1 331/15/1 346/15/1
f 348/14/1 335/14/1 334/14/1
f 348/15/1 334/15/1 333/15/1
f 349/15/1 337/15/1 336/15/1
f 349/14/1 335/14/1 348/14/1
f 349/15/1 336/15/1 335/15/1
f 349/15/1 338/15/1 337/15/1
f 350/14/1 339/14/1 338/14/1
f 350/15/1 338/15/1 349/15/1
f 351/14/1 339/14/1 350/14/1
f 352/15/1 321/15/1 341/15/1
f 352/14/1 322/14/1 321/14/1
f 352/14/1 323/14/1 322/14/1
f 353/15/1 343/15/1 342/15/1
f 353/14/1 323/14/1 352/14/1
f 353/15/1 342/15/1 323/15/1
f 353/15/1 345/15/1 344/15/1
f 353/15/1 344/15/1 343/15/1
f 354/15/1 331/15/1 347/15/1
f 354/14/1 332/14/1 331/14/1
f 354/14/1 333/14/1 332/14/1
f 355/15/1 348/15/1 333/15/1
f 355/14/1 333/14/1 354/14/1
f 355/15/1 349/15/1 348/15/1
f 355/15/1 350/15/1 349/15/1
f 355/15/1 351/15/1 350/15/1
f 356/15/1 352/15/1 341/15/1
f 356/15/1 353/15/1 352/15/1
f 356/14/1 341/14/1 340/14/1
f 357/15/1 345/15/1 353/15/1
f 357/15/1 353/15/1 356/15/1
f 358/15/1 354/15/1 347/15/1
f 358/15/1 355/15/1 354/15/1
f 358/14/1 347/14/1 346/14/1
f 359/15/1 351/15/1 355/15/1
f 359/15/1 355/15/1 358/15/1
f 360/15/1 345/15/1 357/15/1
f 361/15/1 345/15/1 360/15/1
f 362/15/1 351/15/1 359/15/1
f 363/15/1 351/15/1 362/15/1
f 364/15/1 340/15/1 305/15/1
f 365/14/1 356/14/1 340/14/1
f 365/15/1 340/15/1 364/15/1
f 366/14/1 356/14/1 365/14/1
f 367/14/1 361/14/1 360/14/1
f 367/15/1 360/15/1 357/15/1
f 368/14/1 361/14/1 367/14/1
f 369/15/1 346/15/1 313/15/1
f 370/14/1 358/14/1 346/14/1
f 370/15/1 346/15/1 369/15/1
f 371/14/1 358/14/1 370/14/1
f 372/15/1 362/15/1 359/15/1
f 372/14/1 363/14/1 362/14/1
f 373/14/1 363/14/1 372/14/1
f 374/14/1 365/14/1 364/14/1
f 375/15/1 366/15/1 365/15/1
f 375/14/1 365/14/1 374/14/1
f 376/14/1 370/14/1 369/14/1
f 377/15/1 371/15/1 370/15/1
f 377/14/1 370/14/1 376/14/1
f 378/15/1 375/15/1 374/15/1
f 379/15/1 366/15/1 375/15/1
f 379/15/1 375/15/1 378/15/1
f 380/15/1 368/15/1 367/15/1
f 380/15/1 367/15/1 357/15/1
f 381/15/1 368/15/1 380/15/1
f 382/15/1 377/15/1 376/15/1
f 383/15/1 371/15/1 377/15/1
f 383/15/1 377/15/1 382/15/1
f 384/15/1 372/15/1 359/15/1
f 384/15/1 373/15/1 372/15/1
f 385/15/1 373/15/1 384/15/1
f 386/14/1 379/14/1 378/14/1
f 387/15/1 366/15/1 379/15/1
f 387/14/1 379/14/1 386/14/1
f 388/15/1 380/15/1 357/15/1
f 388/14/1 381/14/1 380/14/1
f 389/15/1 368/15/1 381/15/1
f 389/14/1 381/14/1 388/14/1
f 390/14/1 383/14/1 382/14/1
f 391/15/1 371/15/1 383/15/1
f 391/14/1 383/14/1 390/14/1
f 392/15/1 384/15/1 359/15/1
f 392/14/1 385/14/1 384/14/1
f 393/15/1 373/15/1 385/15/1
f 393/14/1 385/14/1 392/14/1
f 394/15/1 388/15/1 357/15/1
f 394/15/1 389/15/1 388/15/1
f 395/15/1 368/15/1 389/15/1
f 395/15/1 389/15/1 394/15/1
f 396/15/1 392/15/1 359/15/1
f 396/15/1 393/15/1 392/15/1
f 397/15/1 373/15/1 393/15/1
f 397/15/1 393/15/1 396/15/1
f 398/15/1 366/15/1 387/15/1
f 398/15/1 387/15/1 386/15/1
f 401/14/1 395/14/1 394/14/1
f 402/15/1 371/15/1 391/15/1
f 402/15/1 391/15/1 390/15/1
f 405/14/1 397/14/1 396/14/1
f 406/15/1 398/15/1 386/15/1
f 406/15/1 399/15/1 398/15/1
f 407/15/1 399/15/1 406/15/1
f 408/15/1 401/15/1 400/15/1
f 408/14/1 400/14/1 399/14/1
f 409/15/1 401/15/1 408/15/1
f 410/15/1 401/15/1 409/15/1
f 411/15/1 401/15/1 410/15/1
f 412/15/1 401/15/1 411/15/1
f 413/15/1 401/15/1 412/15/1
f 414/15/1 401/15/1 413/15/1
f 415/14/1 395/14/1 401/14/1
f 415/15/1 401/15/1 414/15/1
f 416/15/1 368/15/1 395/15/1
f 416/14/1 395/14/1 415/14/1
f 417/15/1 402/15/1 390/15/1
f 417/15/1 403/15/1 402/15/1
f 418/15/1 403/15/1 417/15/1
f 419/14/1 404/14/1 403/14/1
f 419/15/1 405/15/1 404/15/1
f 420/15/1 405/15/1 419/15/1
f 421/15/1 405/15/1 420/15/1
f 422/15/1 405/15/1 421/15/1
f 423/15/1 405/15/1 422/15/1
f 424/15/1 405/15/1 423/15/1
f 425/15/1 405/15/1 424/15/1
f 426/14/1 397/14/1 405/14/1
f 426/15/1 405/15/1 425/15/1
f 427/15/1 373/15/1 397/15/1
f 427/14/1 397/14/1 426/14/1
f 428/14/1 407/14/1 406/14/1
f 429/15/1 399/15/1 407/15/1
f 429/14/1 407/14/1 428/14/1
f 430/14/1 408/14/1 399/14/1
f 430/15/1 399/15/1 429/15/1
f 430/14/1 409/14/1 408/14/1
f 431/15/1 410/15/1 409/15/1
f 431/14/1 409/14/1 430/14/1
f 432/15/1 410/15/1 431/15/1
f 433/14/1 411/14/1 410/14/1
f 433/15/1 410/15/1 432/15/1
f 434/15/1 412/15/1 411/15/1
f 434/14/1 411/14/1 433/14/1
f 435/14/1 415/14/1 414/14/1
f 435/15/1 414/15/1 413/15/1
f 436/15/1 416/15/1 415/15/1
f 436/14/1 415/14/1 435/14/1
f 437/14/1 418/14/1 417/14/1
f 438/15/1 403/15/1 418/15/1
f 438/14/1 418/14/1 437/14/1
f 439/14/1 419/14/1 403/14/1
f 439/15/1 403/15/1 438/15/1
f 439/14/1 420/14/1 419/14/1
f 440/15/1 421/15/1 420/15/1
f 440/14/1 420/14/1 439/14/1
f 441/15/1 421/15/1 440/15/1
f 442/14/1 422/14/1 421/14/1
f 442/15/1 421/15/1 441/15/1
f 443/15/1 423/15/1 422/15/1
f 443/14/1 422/14/1 442/14/1
f 444/14/1 426/14/1 425/14/1
f 444/15/1 425/15/1 424/15/1
f 445/15/1 427/15/1 426/15/1
f 445/14/1 426/14/1 444/14/1
f 446/15/1 429/15/1 428/15/1
f 446/15/1 430/15/1 429/15/1
f 446/15/1 432/15/1 431/15/1
f 446/15/1 431/15/1 430/15/1
f 447/14/1 433/14/1 432/14/1
f 447/15/1 432/15/1 446/15/1
f 448/15/1 434/15/1 433/15/1
f 448/14/1 433/14/1 447/14/1
f 449/15/1 412/15/1 434/15/1
f 449/15/1 434/15/1 448/15/1
f 449/14/1 413/14/1 412/14/1
f 450/15/1 435/15/1 413/15/1
f 450/14/1 413/14/1 449/14/1
f 450/15/1 436/15/1 435/15/1
f 451/15/1 416/15/1 436/15/1
f 451/15/1 436/15/1 450/15/1
f 451/15/1 368/15/1 416/15/1
f 452/15/1 441/15/1 440/15/1
f 452/15/1 440/15/1 439/15/1
f 452/15/1 439/15/1 438/15/1
f 452/15/1 438/15/1 437/15/1
f 453/14/1 442/14/1 441/14/1
f 453/15/1 441/15/1 452/15/1
f 454/15/1 443/15/1 442/15/1
f 454/14/1 442/14/1 453/14/1
f 455/15/1 423/15/1 443/15/1
f 455/15/1 443/15/1 454/15/1
f 455/14/1 424/14/1 423/14/1
f 456/15/1 444/15/1 424/15/1
f 456/14/1 424/14/1 455/14/1
f 456/15/1 445/15/1 444/15/1
f 457/15/1 373/15/1 427/15/1
f 457/15/1 445/15/1 456/15/1
f 457/15/1 427/15/1 445/15/1
f 462/14/1 459/14/1 458/14/1
f 463/14/1 459/14/1 462/14/1
f 464/14/1 461/14/1 460/14/1
f 465/14/1 461/14/1 464/14/1
f 466/14/1 462/14/1 458/14/1
f 467/14/1 462/14/1 466/14/1
f 468/14/1 462/14/1 467/14/1
f 469/14/1 462/14/1 468/14/1
f 470/14/1 462/14/1 469/14/1
f 471/14/1 464/14/1 460/14/1
f 472/14/1 464/14/1 471/14/1
f 473/14/1 464/14/1 472/14/1
f 474/14/1 464/14/1 473/14/1
f 475/14/1 464/14/1 474/14/1
f 476/14/1 467/14/1 466/14/1
f 477/14/1 467/14/1 476/14/1
f 478/14/1 472/14/1 471/14/1
f 479/14/1 472/14/1 478/14/1
f 481/14/1 467/14/1 477/14/1
f 483/14/1 472/14/1 479/14/1
f 484/14/1 481/14/1 480/14/1
f 484/14/1 467/14/1 481/14/1
f 485/14/1 469/14/1 468/14/1
f 486/14/1 469/14/1 485/14/1
f 487/14/1 462/14/1 470/14/1
f 488/14/1 462/14/1 487/14/1
f 489/14/1 459/14/1 463/14/1
f 490/14/1 459/14/1 489/14/1
f 491/14/1 483/14/1 482/14/1
f 491/14/1 472/14/1 483/14/1
f 492/14/1 474/14/1 473/14/1
f 493/14/1 474/14/1 492/14/1
f 494/14/1 464/14/1 475/14/1
f 495/14/1 464/14/1 494/14/1
f 496/14/1 461/14/1 465/14/1
f 497/14/1 461/14/1 496/14/1
f 498/14/1 488/14/1 487/14/1
f 498/14/1 486/14/1 485/14/1
f 498/14/1 484/14/1 480/14/1
f 498/14/1 490/14/1 489/14/1
f 498/14/1 489/14/1 488/14/1
f 498/14/1 485/14/1 484/14/1
f 498/14/1 487/14/1 486/14/1
f 499/14/1 490/14/1 498/14/1
f 500/14/1 490/14/1 499/14/1
f 501/14/1 490/14/1 500/14/1
f 502/14/1 495/14/1 494/14/1
f 502/14/1 497/14/1 496/14/1
f 502/14/1 493/14/1 492/14/1
f 502/14/1 491/14/1 482/14/1
f 502/14/1 496/14/1 495/14/1
f 502/14/1 494/14/1 493/14/1
f 502/14/1 492/14/1 491/14/1
f 503/14/1 497/14/1 502/14/1
f 504/14/1 497/14/1 503/14/1
f 505/14/1 497/14/1 504/14/1
f 536/15/1 507/15/1 506/15/1
f 537/14/1 508/14/1 507/14/1
f 537/15/1 507/15/1 536/15/1
f 538/15/1 509/15/1 508/15/1
f 538/14/1 508/14/1 537/14/1
f 539/14/1 510/14/1 509/14/1
f 539/15/1 509/15/1 538/15/1
f 539/14/1 511/14/1 510/14/1
f 539/14/1 512/14/1 511/14/1
f 540/15/1 513/15/1 512/15/1
f 540/14/1 512/14/1 539/14/1
f 540/15/1 514/15/1 513/15/1
f 541/14/1 515/14/1 514/14/1
f 541/15/1 514/15/1 540/15/1
f 542/15/1 516/15/1 515/15/1
f 542/14/1 515/14/1 541/14/1
f 543/14/1 517/14/1 516/14/1
f 543/15/1 516/15/1 542/15/1
f 544/15/1 518/15/1 517/15/1
f 544/14/1 517/14/1 543/14/1
f 545/14/1 519/14/1 518/14/1
f 545/15/1 518/15/1 544/15/1
f 546/15/1 520/15/1 519/15/1
f 546/14/1 519/14/1 545/14/1
f 547/15/1 520/15/1 546/15/1
f 548/15/1 522/15/1 521/15/1
f 549/14/1 523/14/1 522/14/1
f 549/15/1 522/15/1 548/15/1
f 550/15/1 524/15/1 523/15/1
f 550/14/1 523/14/1 549/14/1
f 551/14/1 525/14/1 524/14/1
f 551/15/1 524/15/1 550/15/1
f 551/14/1 526/14/1 525/14/1
f 551/14/1 527/14/1 526/14/1
f 552/15/1 529/15/1 528/15/1
f 552/14/1 527/14/1 551/14/1
f 552/15/1 528/15/1 527/15/1
f 553/14/1 530/14/1 529/14/1
f 553/15/1 529/15/1 552/15/1
f 554/15/1 531/15/1 530/15/1
f 554/14/1 530/14/1 553/14/1
f 555/14/1 532/14/1 531/14/1
f 555/15/1 531/15/1 554/15/1
f 556/15/1 533/15/1 532/15/1
f 556/14/1 532/14/1 555/14/1
f 557/14/1 534/14/1 533/14/1
f 557/15/1 533/15/1 556/15/1
f 558/15/1 535/15/1 534/15/1
f 558/14/1 534/14/1 557/14/1
f 559/15/1 535/15/1 558/15/1
f 564/13/1 561/13/1 560/13/1
f 565/13/1 561/13/1 564/13/1
f 566/13/1 563/13/1 562/13/1
f 567/13/1 563/13/1 566/13/1
f 568/13/1 561/13/1 565/13/1
f 569/13/1 561/13/1 568/13/1
f 570/13/1 563/13/1 567/13/1
f 571/13/1 563/13/1 570/13/1
f 588/4/1 585/4/1 584/4/1
f 589/4/1 585/4/1 588/4/1
f 590/4/1 587/4/1 586/4/1
f 591/4/1 587/4/1 590/4/1
f 592/4/1 577/4/1 576/4/1
f 593/4/1 577/4/1 592/4/1
f 594/4/1 579/4/1 578/4/1
f 595/4/1 579/4/1 594/4/1
f 596/4/1 573/4/1 572/4/1
f 597/4/1 573/4/1 596/4/1
f 598/4/1 581/4/1 580/4/1
f 599/4/1 581/4/1 598/4/1
f 600/4/1 583/4/1 582/4/1
f 601/4/1 583/4/1 600/4/1
f 602/4/1 575/4/1 574/4/1
f 603/4/1 575/4/1 602/4/1
f 608/14/1 605/14/1 604/14/1
f 609/14/1 605/14/1 608/14/1
f 610/14/1 607/14/1 606/14/1
f 611/14/1 607/14/1 610/14/1
f 612/14/1 608/14/1 604/14/1
f 613/14/1 605/14/1 609/14/1
f 614/14/1 610/14/1 606/14/1
f 615/14/1 607/14/1 611/14/1
f 616/14/1 612/14/1 604/14/1
f 616/14/1 613/14/1 612/14/1
f 617/14/1 605/14/1 613/14/1
f 617/14/1 613/14/1 616/14/1
f 618/14/1 615/14/1 614/14/1
f 618/14/1 614/14/1 606/14/1
f 619/14/1 607/14/1 615/14/1
f 619/14/1 615/14/1 618/14/1
f 624/15/1 621/15/1 620/15/1
f 625/15/1 621/15/1 624/15/1
f 626/15/1 621/15/1 625/15/1
f 627/15/1 623/15/1 622/15/1
f 628/15/1 623/15/1 627/15/1
f 629/15/1 623/15/1 628/15/1
f 630/15/1 624/15/1 620/15/1
f 630/4/1 625/4/1 624/4/1
f 631/9/1 626/9/1 625/9/1
f 631/4/1 625/4/1 630/4/1
f 632/15/1 621/15/1 626/15/1
f 632/9/1 626/9/1 631/9/1
f 633/15/1 627/15/1 622/15/1
f 633/4/1 628/4/1 627/4/1
f 634/9/1 629/9/1 628/9/1
f 634/4/1 628/4/1 633/4/1
f 635/15/1 623/15/1 629/15/1
f 635/9/1 629/9/1 634/9/1
f 636/15/1 631/15/1 630/15/1
f 636/15/1 630/15/1 620/15/1
f 636/15/1 632/15/1 631/15/1
f 637/15/1 621/15/1 632/15/1
f 637/15/1 632/15/1 636/15/1
f 638/15/1 634/15/1 633/15/1
f 638/15/1 633/15/1 622/15/1
f 638/15/1 635/15/1 634/15/1
f 639/15/1 623/15/1 635/15/1
f 639/15/1 635/15/1 638/15/1
f 648/12/1 645/12/1 644/12/1
f 649/12/1 645/12/1 648/12/1
f 650/12/1 647/12/1 646/12/1
f 651/12/1 647/12/1 650/12/1
f 653/12/1 645/12/1 649/12/1
f 654/12/1 645/12/1 653/12/1
f 655/12/1 641/12/1 640/12/1
f 657/12/1 647/12/1 651/12/1
f 658/12/1 647/12/1 657/12/1
f 659/12/1 643/12/1 642/12/1
f 660/12/1 654/12/1 653/12/1
f 660/12/1 655/12/1 654/12/1
f 660/12/1 653/12/1 652/12/1
f 661/12/1 655/12/1 660/12/1
f 662/12/1 659/12/1 658/12/1
f 662/12/1 658/12/1 657/12/1
f 662/12/1 657/12/1 656/12/1
f 663/12/1 659/12/1 662/12/1
f 664/12/1 655/12/1 661/12/1
f 665/12/1 641/12/1 655/12/1
f 665/12/1 655/12/1 664/12/1
f 666/12/1 659/12/1 663/12/1
f 667/12/1 643/12/1 659/12/1
f 667/12/1 659/12/1 666/12/1
f 668/12/1 641/12/1 665/12/1
f 669/12/1 641/12/1 668/12/1
f 670/12/1 643/12/1 667/12/1
f 671/12/1 643/12/1 670/12/1
f 676/13/1 673/13/1 672/13/1
f 677/13/1 673/13/1 676/13/1
f 678/13/1 675/13/1 674/13/1
f 679/13/1 675/13/1 678/13/1
f 686/13/1 681/13/1 680/13/1
f 687/12/1 682/12/1 681/12/1
f 687/13/1 681/13/1 686/13/1
f 688/12/1 682/12/1 687/12/1
f 689/13/1 684/13/1 683/13/1
f 690/12/1 685/12/1 684/12/1
f 690/13/1 684/13/1 689/13/1
f 691/12/1 685/12/1 690/12/1
f 694/15/1 693/15/1 692/15/1
f 695/15/1 693/15/1 694/15/1
f 696/15/1 694/15/1 692/15/1
f 696/9/1 695/9/1 694/9/1
f 697/15/1 693/15/1 695/15/1
f 697/9/1 695/9/1 696/9/1
f 698/15/1 696/15/1 692/15/1
f 698/15/1 697/15/1 696/15/1
f 699/15/1 693/15/1 697/15/1
f 699/15/1 697/15/1 698/15/1
f 704/15/1 701/15/1 700/15/1
f 705/15/1 701/15/1 704/15/1
f 706/15/1 703/15/1 702/15/1
f 707/15/1 703/15/1 706/15/1
f 708/14/1 705/14/1 704/14/1
f 709/14/1 705/14/1 708/14/1
f 710/14/1 707/14/1 706/14/1
f 711/14/1 707/14/1 710/14/1
f 712/15/1 709/15/1 708/15/1
f 713/15/1 709/15/1 712/15/1
f 714/15/1 711/15/1 710/15/1
f 715/15/1 711/15/1 714/15/1
f 718/14/1 717/14/1 716/14/1
f 719/14/1 717/14/1 718/14/1
f 720/14/1 718/14/1 716/14/1
f 721/14/1 718/14/1 720/14/1
f 722/14/1 717/14/1 719/14/1
f 723/14/1 717/14/1 722/14/1
f 728/15/1 725/15/1 724/15/1
f 729/15/1 727/15/1 726/15/1
f 730/15/1 728/15/1 724/15/1
f 731/15/1 728/15/1 730/15/1
f 732/15/1 729/15/1 726/15/1
f 733/15/1 729/15/1 732/15/1
f 736/14/1 735/14/1 734/14/1
f 737/14/1 735/14/1 736/14/1
f 740/26/1 739/26/1 738/26/1
f 741/26/1 739/26/1 740/26/1
f 742/26/1 740/26/1 738/26/1
f 742/29/1 741/29/1 740/29/1
f 743/26/1 739/26/1 741/26/1
f 743/29/1 741/29/1 742/29/1
f 744/26/1 742/26/1 738/26/1
f 745/26/1 742/26/1 744/26/1
f 746/26/1 739/26/1 743/26/1
f 747/26/1 739/26/1 746/26/1
f 750/22/1 749/22/1 748/22/1
f 751/22/1 749/22/1 750/22/1
f 754/22/1 753/22/1 752/22/1
f 755/22/1 753/22/1 754/22/1
f 758/22/1 757/22/1 756/22/1
f 759/22/1 757/22/1 758/22/1
f 762/22/1 761/22/1 760/22/1
f 763/22/1 761/22/1 762/22/1
f 767/23/1 765/23/1 764/23/1
f 768/23/1 765/23/1 767/23/1
f 770/23/1 767/23/1 766/23/1
f 770/23/1 769/23/1 768/23/1
f 770/23/1 768/23/1 767/23/1
f 771/23/1 769/23/1 770/23/1
f 774/23/1 773/23/1 772/23/1
f 775/23/1 773/23/1 774/23/1
f 778/22/1 777/22/1 776/22/1
f 779/22/1 777/22/1 778/22/1
f 782/22/1 781/22/1 780/22/1
f 783/22/1 781/22/1 782/22/1
f 786/22/1 785/22/1 784/22/1
f 787/22/1 785/22/1 786/22/1
f 792/23/1 791/23/1 790/23/1
f 793/23/1 791/23/1 792/23/1
f 794/23/1 789/23/1 788/23/1
f 795/23/1 789/23/1 794/23/1
f 798/22/1 797/22/1 796/22/1
f 799/22/1 797/22/1 798/22/1
f 802/22/1 801/22/1 800/22/1
f 803/22/1 801/22/1 802/22/1
f 914/16/1 913/16/1 912/16/1
f 915/16/1 913/16/1 914/16/1
f 916/16/1 805/16/1 804/16/1
f 917/16/1 805/16/1 916/16/1
f 918/16/1 807/16/1 806/16/1
f 919/16/1 807/16/1 918/16/1
f 920/16/1 809/16/1 808/16/1
f 921/16/1 809/16/1 920/16/1
f 922/16/1 811/16/1 810/16/1
f 923/16/1 811/16/1 922/16/1
f 924/16/1 813/16/1 812/16/1
f 925/16/1 813/16/1 924/16/1
f 926/16/1 815/16/1 814/16/1
f 927/16/1 815/16/1 926/16/1
f 928/16/1 817/16/1 816/16/1
f 929/16/1 817/16/1 928/16/1
f 930/16/1 819/16/1 818/16/1
f 931/16/1 819/16/1 930/16/1
f 932/16/1 821/16/1 820/16/1
f 933/16/1 821/16/1 932/16/1
f 934/16/1 823/16/1 822/16/1
f 935/16/1 823/16/1 934/16/1
f 936/16/1 825/16/1 824/16/1
f 937/16/1 825/16/1 936/16/1
f 938/16/1 827/16/1 826/16/1
f 939/16/1 827/16/1 938/16/1
f 940/16/1 829/16/1 828/16/1
f 941/16/1 829/16/1 940/16/1
f 942/16/1 831/16/1 830/16/1
f 943/16/1 831/16/1 942/16/1
f 944/16/1 833/16/1 832/16/1
f 945/16/1 833/16/1 944/16/1
f 946/16/1 835/16/1 834/16/1
f 947/16/1 835/16/1 946/16/1
f 948/16/1 837/16/1 836/16/1
f 949/16/1 837/16/1 948/16/1
f 950/16/1 839/16/1 838/16/1
f 951/16/1 839/16/1 950/16/1
f 952/16/1 841/16/1 840/16/1
f 953/16/1 841/16/1 952/16/1
f 954/16/1 843/16/1 842/16/1
f 955/16/1 843/16/1 954/16/1
f 956/16/1 845/16/1 844/16/1
f 957/16/1 845/16/1 956/16/1
f 958/16/1 847/16/1 846/16/1
f 959/16/1 847/16/1 958/16/1
f 960/16/1 849/16/1 848/16/1
f 961/16/1 849/16/1 960/16/1
f 962/16/1 851/16/1 850/16/1
f 963/16/1 851/16/1 962/16/1
f 964/16/1 853/16/1 852/16/1
f 965/16/1 853/16/1 964/16/1
f 966/16/1 855/16/1 854/16/1
f 967/16/1 855/16/1 966/16/1
f 968/16/1 857/16/1 856/16/1
f 969/16/1 857/16/1 968/16/1
f 970/16/1 859/16/1 858/16/1
f 971/16/1 859/16/1 970/16/1
f 972/16/1 861/16/1 860/16/1
f 973/16/1 861/16/1 972/16/1
f 974/16/1 863/16/1 862/16/1
f 975/16/1 863/16/1 974/16/1
f 976/16/1 865/16/1 864/16/1
f 977/16/1 865/16/1 976/16/1
f 978/16/1 867/16/1 866/16/1
f 979/16/1 867/16/1 978/16/1
f 980/16/1 869/16/1 868/16/1
f 981/16/1 869/16/1 980/16/1
f 982/16/1 871/16/1 870/16/1
f 983/16/1 871/16/1 982/16/1
f 984/16/1 873/16/1 872/16/1
f 985/16/1 873/16/1 984/16/1
f 986/16/1 875/16/1 874/16/1
f 987/16/1 875/16/1 986/16/1
f 988/16/1 877/16/1 876/16/1
f 989/16/1 877/16/1 988/16/1
f 990/16/1 879/16/1 878/16/1
f 991/16/1 879/16/1 990/16/1
f 992/16/1 881/16/1 880/16/1
f 993/16/1 881/16/1 992/16/1
f 994/16/1 883/16/1 882/16/1
f 995/16/1 883/16/1 994/16/1
f 996/16/1 885/16/1 884/16/1
f 997/16/1 885/16/1 996/16/1
f 998/16/1 887/16/1 886/16/1
f 999/16/1 887/16/1 998/16/1
f 1000/16/1 889/16/1 888/16/1
f 1001/16/1 889/16/1 1000/16/1
f 1002/16/1 891/16/1 890/16/1
f 1003/16/1 891/16/1 1002/16/1
f 1004/16/1 893/16/1 892/16/1
f 1005/16/1 893/16/1 1004/16/1
f 1006/16/1 895/16/1 894/16/1
f 1007/16/1 895/16/1 1006/16/1
f 1008/16/1 897/16/1 896/16/1
f 1009/16/1 897/16/1 1008/16/1
f 1010/16/1 899/16/1 898/16/1
f 1011/16/1 899/16/1 1010/16/1
f 1012/16/1 901/16/1 900/16/1
f 1013/16/1 901/16/1 1012/16/1
f 1014/16/1 903/16/1 902/16/1
f 1015/16/1 903/16/1 1014/16/1
f 1016/16/1 905/16/1 904/16/1
f 1017/16/1 905/16/1 1016/16/1
f 1018/16/1 907/16/1 906/16/1
f 1019/16/1 907/16/1 1018/16/1
f 1020/16/1 909/16/1 908/16/1
f 1021/16/1 909/16/1 1020/16/1
f 1022/16/1 911/16/1 910/16/1
f 1023/16/1 911/16/1 1022/16/1
f 1028/26/1 1025/26/1 1024/26/1
f 1029/26/1 1025/26/1 1028/26/1
f 1030/26/1 1027/26/1 1026/26/1
f 1031/26/1 1027/26/1 1030/26/1
f 1032/26/1 1027/26/1 1031/26/1
f 1033/20/1 1031/20/1 1030/20/1
f 1034/20/1 1031/20/1 1033/20/1
f 1035/20/1 1031/20/1 1034/20/1
f 1036/20/1 1031/20/1 1035/20/1
f 1037/20/1 1033/20/1 1030/20/1
f 1038/20/1 1033/20/1 1037/20/1
f 1039/20/1 1033/20/1 1038/20/1
f 1040/20/1 1033/20/1 1039/20/1
f 1041/20/1 1033/20/1 1040/20/1
f 1042/20/1 1033/20/1 1041/20/1
f 1043/21/1 1034/21/1 1033/21/1
f 1043/20/1 1033/20/1 1042/20/1
f 1044/20/1 1035/20/1 1034/20/1
f 1044/21/1 1034/21/1 1043/21/1
f 1045/20/1 1031/20/1 1036/20/1
f 1045/21/1 1036/21/1 1035/21/1
f 1046/20/1 1031/20/1 1045/20/1
f 1047/20/1 1031/20/1 1046/20/1
f 1048/20/1 1031/20/1 1047/20/1
f 1049/21/1 1038/21/1 1037/21/1
f 1050/20/1 1039/20/1 1038/20/1
f 1050/21/1 1038/21/1 1049/21/1
f 1051/20/1 1041/20/1 1040/20/1
f 1052/20/1 1041/20/1 1051/20/1
f 1053/20/1 1041/20/1 1052/20/1
f 1054/20/1 1041/20/1 1053/20/1
f 1055/20/1 1041/20/1 1054/20/1
f 1056/21/1 1042/21/1 1041/21/1
f 1056/20/1 1041/20/1 1055/20/1
f 1057/20/1 1035/20/1 1044/20/1
f 1057/20/1 1043/20/1 1042/20/1
f 1057/20/1 1044/20/1 1043/20/1
f 1057/21/1 1045/21/1 1035/21/1
f 1057/21/1 1046/21/1 1045/21/1
f 1058/20/1 1047/20/1 1046/20/1
f 1058/21/1 1046/21/1 1057/21/1
f 1059/20/1 1047/20/1 1058/20/1
f 1060/20/1 1047/20/1 1059/20/1
f 1061/20/1 1047/20/1 1060/20/1
f 1062/20/1 1047/20/1 1061/20/1
f 1063/21/1 1048/21/1 1047/21/1
f 1063/20/1 1047/20/1 1062/20/1
f 1064/20/1 1031/20/1 1048/20/1
f 1064/21/1 1048/21/1 1063/21/1
f 1065/20/1 1031/20/1 1064/20/1
f 1066/20/1 1031/20/1 1065/20/1
f 1067/20/1 1037/20/1 1030/20/1
f 1067/21/1 1049/21/1 1037/21/1
f 1068/20/1 1050/20/1 1049/20/1
f 1068/21/1 1049/21/1 1067/21/1
f 1069/20/1 1039/20/1 1050/20/1
f 1069/20/1 1050/20/1 1068/20/1
f 1070/20/1 1039/20/1 1069/20/1
f 1071/21/1 1040/21/1 1039/21/1
f 1071/20/1 1039/20/1 1070/20/1
f 1072/20/1 1051/20/1 1040/20/1
f 1072/21/1 1040/21/1 1071/21/1
f 1073/20/1 1055/20/1 1054/20/1
f 1073/21/1 1056/21/1 1055/21/1
f 1074/21/1 1042/21/1 1056/21/1
f 1074/21/1 1056/21/1 1073/21/1
f 1074/20/1 1057/20/1 1042/20/1
f 1074/20/1 1058/20/1 1057/20/1
f 1074/20/1 1059/20/1 1058/20/1
f 1075/21/1 1060/21/1 1059/21/1
f 1075/20/1 1059/20/1 1074/20/1
f 1076/21/1 1060/21/1 1075/21/1
f 1077/21/1 1062/21/1 1061/21/1
f 1077/20/1 1061/20/1 1060/20/1
f 1078/20/1 1063/20/1 1062/20/1
f 1078/21/1 1062/21/1 1077/21/1
f 1078/20/1 1065/20/1 1064/20/1
f 1078/20/1 1064/20/1 1063/20/1
f 1079/20/1 1065/20/1 1078/20/1
f 1080/21/1 1066/21/1 1065/21/1
f 1080/20/1 1065/20/1 1079/20/1
f 1081/20/1 1031/20/1 1066/20/1
f 1081/21/1 1066/21/1 1080/21/1
f 1082/21/1 1070/21/1 1069/21/1
f 1082/20/1 1068/20/1 1067/20/1
f 1082/20/1 1069/20/1 1068/20/1
f 1083/20/1 1072/20/1 1071/20/1
f 1083/21/1 1070/21/1 1082/21/1
f 1083/20/1 1071/20/1 1070/20/1
f 1084/20/1 1051/20/1 1072/20/1
f 1084/20/1 1072/20/1 1083/20/1
f 1084/21/1 1052/21/1 1051/21/1
f 1085/20/1 1053/20/1 1052/20/1
f 1085/21/1 1052/21/1 1084/21/1
f 1086/20/1 1076/20/1 1075/20/1
f 1086/20/1 1074/20/1 1073/20/1
f 1086/20/1 1075/20/1 1074/20/1
f 1087/20/1 1076/20/1 1086/20/1
f 1088/21/1 1060/21/1 1076/21/1
f 1088/20/1 1076/20/1 1087/20/1
f 1089/20/1 1077/20/1 1060/20/1
f 1089/21/1 1060/21/1 1088/21/1
f 1089/20/1 1078/20/1 1077/20/1
f 1090/20/1 1078/20/1 1089/20/1
f 1091/21/1 1079/21/1 1078/21/1
f 1091/20/1 1078/20/1 1090/20/1
f 1092/21/1 1079/21/1 1091/21/1
f 1093/20/1 1080/20/1 1079/20/1
f 1093/21/1 1079/21/1 1092/21/1
f 1093/20/1 1081/20/1 1080/20/1
f 1094/20/1 1083/20/1 1082/20/1
f 1094/20/1 1082/20/1 1067/20/1
f 1094/20/1 1084/20/1 1083/20/1
f 1094/20/1 1067/20/1 1030/20/1
f 1094/20/1 1085/20/1 1084/20/1
f 1095/20/1 1085/20/1 1094/20/1
f 1096/20/1 1085/20/1 1095/20/1
f 1097/20/1 1085/20/1 1096/20/1
f 1098/20/1 1086/20/1 1073/20/1
f 1099/20/1 1086/20/1 1098/20/1
f 1100/20/1 1086/20/1 1099/20/1
f 1101/20/1 1086/20/1 1100/20/1
f 1102/20/1 1086/20/1 1101/20/1
f 1103/20/1 1086/20/1 1102/20/1
f 1104/20/1 1086/20/1 1103/20/1
f 1105/20/1 1086/20/1 1104/20/1
f 1106/21/1 1087/21/1 1086/21/1
f 1106/20/1 1086/20/1 1105/20/1
f 1107/21/1 1087/21/1 1106/21/1
f 1108/20/1 1088/20/1 1087/20/1
f 1108/20/1 1090/20/1 1089/20/1
f 1108/20/1 1089/20/1 1088/20/1
f 1109/20/1 1090/20/1 1108/20/1
f 1110/20/1 1081/20/1 1093/20/1
f 1110/20/1 1093/20/1 1092/20/1
f 1110/20/1 1031/20/1 1081/20/1
f 1111/20/1 1031/20/1 1110/20/1
f 1112/20/1 1085/20/1 1097/20/1
f 1113/20/1 1085/20/1 1112/20/1
f 1114/20/1 1085/20/1 1113/20/1
f 1115/20/1 1085/20/1 1114/20/1
f 1116/21/1 1054/21/1 1053/21/1
f 1116/20/1 1085/20/1 1115/20/1
f 1116/20/1 1053/20/1 1085/20/1
f 1117/20/1 1073/20/1 1054/20/1
f 1117/21/1 1054/21/1 1116/21/1
f 1117/20/1 1098/20/1 1073/20/1
f 1118/20/1 1098/20/1 1117/20/1
f 1119/20/1 1098/20/1 1118/20/1
f 1120/20/1 1098/20/1 1119/20/1
f 1121/21/1 1099/21/1 1098/21/1
f 1121/20/1 1098/20/1 1120/20/1
f 1122/20/1 1100/20/1 1099/20/1
f 1122/21/1 1099/21/1 1121/21/1
f 1123/21/1 1101/21/1 1100/21/1
f 1123/20/1 1100/20/1 1122/20/1
f 1124/20/1 1102/20/1 1101/20/1
f 1124/21/1 1101/21/1 1123/21/1
f 1125/21/1 1103/21/1 1102/21/1
f 1126/20/1 1104/20/1 1103/20/1
f 1126/21/1 1103/21/1 1125/21/1
f 1127/21/1 1087/21/1 1107/21/1
f 1127/20/1 1107/20/1 1106/20/1
f 1127/20/1 1106/20/1 1105/20/1
f 1128/20/1 1108/20/1 1087/20/1
f 1128/21/1 1087/21/1 1127/21/1
f 1129/20/1 1090/20/1 1109/20/1
f 1129/21/1 1109/21/1 1108/21/1
f 1130/21/1 1092/21/1 1091/21/1
f 1130/20/1 1090/20/1 1129/20/1
f 1130/21/1 1091/21/1 1090/21/1
f 1131/20/1 1110/20/1 1092/20/1
f 1131/21/1 1092/21/1 1130/21/1
f 1132/21/1 1111/21/1 1110/21/1
f 1132/20/1 1110/20/1 1131/20/1
f 1133/21/1 1111/21/1 1132/21/1
f 1134/20/1 1116/20/1 1115/20/1
f 1134/21/1 1119/21/1 1118/21/1
f 1134/20/1 1117/20/1 1116/20/1
f 1134/20/1 1118/20/1 1117/20/1
f 1135/20/1 1120/20/1 1119/20/1
f 1135/21/1 1119/21/1 1134/21/1
f 1136/20/1 1120/20/1 1135/20/1
f 1137/21/1 1121/21/1 1120/21/1
f 1137/20/1 1120/20/1 1136/20/1
f 1138/20/1 1124/20/1 1123/20/1
f 1138/21/1 1121/21/1 1137/21/1
f 1138/20/1 1122/20/1 1121/20/1
f 1138/20/1 1123/20/1 1122/20/1
f 1139/20/1 1124/20/1 1138/20/1
f 1140/20/1 1124/20/1 1139/20/1
f 1141/20/1 1102/20/1 1124/20/1
f 1141/20/1 1124/20/1 1140/20/1
f 1141/21/1 1125/21/1 1102/21/1
f 1142/20/1 1126/20/1 1125/20/1
f 1142/21/1 1125/21/1 1141/21/1
f 1143/20/1 1104/20/1 1126/20/1
f 1143/20/1 1126/20/1 1142/20/1
f 1143/21/1 1105/21/1 1104/21/1
f 1144/20/1 1128/20/1 1127/20/1
f 1144/21/1 1105/21/1 1143/21/1
f 1144/20/1 1127/20/1 1105/20/1
f 1145/20/1 1108/20/1 1128/20/1
f 1145/20/1 1128/20/1 1144/20/1
f 1146/20/1 1108/20/1 1145/20/1
f 1147/21/1 1129/21/1 1108/21/1
f 1147/20/1 1108/20/1 1146/20/1
f 1147/21/1 1130/21/1 1129/21/1
f 1148/20/1 1133/20/1 1132/20/1
f 1148/21/1 1130/21/1 1147/21/1
f 1148/20/1 1132/20/1 1131/20/1
f 1148/20/1 1131/20/1 1130/20/1
f 1149/20/1 1096/20/1 1095/20/1
f 1149/21/1 1097/21/1 1096/21/1
f 1150/20/1 1112/20/1 1097/20/1
f 1150/21/1 1097/21/1 1149/21/1
f 1151/21/1 1115/21/1 1114/21/1
f 1151/20/1 1114/20/1 1113/20/1
f 1152/20/1 1134/20/1 1115/20/1
f 1152/21/1 1115/21/1 1151/21/1
f 1152/20/1 1136/20/1 1135/20/1
f 1152/20/1 1135/20/1 1134/20/1
f 1153/21/1 1137/21/1 1136/21/1
f 1153/20/1 1136/20/1 1152/20/1
f 1154/20/1 1138/20/1 1137/20/1
f 1154/21/1 1137/21/1 1153/21/1
f 1154/20/1 1139/20/1 1138/20/1
f 1155/20/1 1139/20/1 1154/20/1
f 1156/20/1 1144/20/1 1143/20/1
f 1156/20/1 1143/20/1 1142/20/1
f 1156/20/1 1142/20/1 1141/20/1
f 1156/20/1 1141/20/1 1140/20/1
f 1156/20/1 1145/20/1 1144/20/1
f 1157/20/1 1145/20/1 1156/20/1
f 1158/20/1 1147/20/1 1146/20/1
f 1158/20/1 1133/20/1 1148/20/1
f 1158/20/1 1148/20/1 1147/20/1
f 1159/20/1 1133/20/1 1158/20/1
f 1160/20/1 1094/20/1 1030/20/1
f 1160/21/1 1095/21/1 1094/21/1
f 1161/20/1 1149/20/1 1095/20/1
f 1161/21/1 1095/21/1 1160/21/1
f 1161/20/1 1150/20/1 1149/20/1
f 1162/20/1 1112/20/1 1150/20/1
f 1162/20/1 1150/20/1 1161/20/1
f 1162/21/1 1113/21/1 1112/21/1
f 1163/21/1 1113/21/1 1162/21/1
f 1164/20/1 1154/20/1 1153/20/1
f 1164/21/1 1113/21/1 1163/21/1
f 1164/20/1 1152/20/1 1151/20/1
f 1164/20/1 1153/20/1 1152/20/1
f 1164/20/1 1151/20/1 1113/20/1
f 1165/20/1 1154/20/1 1164/20/1
f 1166/20/1 1154/20/1 1165/20/1
f 1167/20/1 1154/20/1 1166/20/1
f 1168/20/1 1154/20/1 1167/20/1
f 1169/20/1 1154/20/1 1168/20/1
f 1170/21/1 1155/21/1 1154/21/1
f 1170/20/1 1154/20/1 1169/20/1
f 1171/20/1 1139/20/1 1155/20/1
f 1171/21/1 1155/21/1 1170/21/1
f 1172/21/1 1140/21/1 1139/21/1
f 1173/20/1 1156/20/1 1140/20/1
f 1173/21/1 1140/21/1 1172/21/1
f 1174/20/1 1156/20/1 1173/20/1
f 1175/20/1 1156/20/1 1174/20/1
f 1176/20/1 1156/20/1 1175/20/1
f 1177/21/1 1157/21/1 1156/21/1
f 1177/20/1 1156/20/1 1176/20/1
f 1178/20/1 1145/20/1 1157/20/1
f 1178/21/1 1157/21/1 1177/21/1
f 1179/21/1 1146/21/1 1145/21/1
f 1179/20/1 1145/20/1 1178/20/1
f 1180/20/1 1158/20/1 1146/20/1
f 1180/21/1 1146/21/1 1179/21/1
f 1181/21/1 1159/21/1 1158/21/1
f 1181/20/1 1158/20/1 1180/20/1
f 1182/20/1 1133/20/1 1159/20/1
f 1182/21/1 1159/21/1 1181/21/1
f 1183/20/1 1161/20/1 1160/20/1
f 1183/20/1 1163/20/1 1162/20/1
f 1183/20/1 1162/20/1 1161/20/1
f 1184/20/1 1163/20/1 1183/20/1
f 1185/20/1 1166/20/1 1165/20/1
f 1186/20/1 1166/20/1 1185/20/1
f 1187/21/1 1167/21/1 1166/21/1
f 1187/20/1 1166/20/1 1186/20/1
f 1188/20/1 1168/20/1 1167/20/1
f 1188/21/1 1167/21/1 1187/21/1
f 1189/21/1 1169/21/1 1168/21/1
f 1189/20/1 1168/20/1 1188/20/1
f 1190/20/1 1170/20/1 1169/20/1
f 1190/21/1 1169/21/1 1189/21/1
f 1190/20/1 1171/20/1 1170/20/1
f 1191/20/1 1171/20/1 1190/20/1
f 1192/20/1 1171/20/1 1191/20/1
f 1193/20/1 1175/20/1 1174/20/1
f 1193/21/1 1176/21/1 1175/21/1
f 1194/20/1 1178/20/1 1177/20/1
f 1194/21/1 1176/21/1 1193/21/1
f 1194/20/1 1182/20/1 1181/20/1
f 1194/20/1 1177/20/1 1176/20/1
f 1194/20/1 1179/20/1 1178/20/1
f 1194/20/1 1181/20/1 1180/20/1
f 1194/20/1 1180/20/1 1179/20/1
f 1195/20/1 1182/20/1 1194/20/1
f 1196/20/1 1182/20/1 1195/20/1
f 1197/20/1 1182/20/1 1196/20/1
f 1198/20/1 1182/20/1 1197/20/1
f 1199/20/1 1182/20/1 1198/20/1
f 1200/20/1 1133/20/1 1182/20/1
f 1200/20/1 1182/20/1 1199/20/1
f 1201/21/1 1164/21/1 1163/21/1
f 1201/21/1 1165/21/1 1164/21/1
f 1201/20/1 1163/20/1 1184/20/1
f 1202/20/1 1185/20/1 1165/20/1
f 1202/21/1 1165/21/1 1201/21/1
f 1203/20/1 1139/20/1 1171/20/1
f 1203/20/1 1171/20/1 1192/20/1
f 1204/21/1 1172/21/1 1139/21/1
f 1204/20/1 1139/20/1 1203/20/1
f 1205/21/1 1174/21/1 1173/21/1
f 1205/20/1 1173/20/1 1172/20/1
f 1206/21/1 1174/21/1 1205/21/1
f 1207/20/1 1193/20/1 1174/20/1
f 1207/20/1 1194/20/1 1193/20/1
f 1207/20/1 1195/20/1 1194/20/1
f 1208/20/1 1195/20/1 1207/20/1
f 1209/20/1 1160/20/1 1030/20/1
f 1209/20/1 1183/20/1 1160/20/1
f 1210/20/1 1183/20/1 1209/20/1
f 1211/20/1 1189/20/1 1188/20/1
f 1211/20/1 1188/20/1 1187/20/1
f 1211/20/1 1191/20/1 1190/20/1
f 1211/20/1 1190/20/1 1189/20/1
f 1211/20/1 1187/20/1 1186/20/1
f 1212/20/1 1191/20/1 1211/20/1
f 1213/20/1 1203/20/1 1192/20/1
f 1213/21/1 1192/21/1 1191/21/1
f 1214/20/1 1203/20/1 1213/20/1
f 1215/20/1 1207/20/1 1174/20/1
f 1215/21/1 1208/21/1 1207/21/1
f 1216/20/1 1195/20/1 1208/20/1
f 1216/21/1 1208/21/1 1215/21/1
f 1217/21/1 1196/21/1 1195/21/1
f 1217/20/1 1195/20/1 1216/20/1
f 1218/20/1 1197/20/1 1196/20/1
f 1218/21/1 1196/21/1 1217/21/1
f 1219/20/1 1199/20/1 1198/20/1
f 1219/21/1 1200/21/1 1199/21/1
f 1220/21/1 1200/21/1 1219/21/1
f 1221/20/1 1185/20/1 1202/20/1
f 1221/20/1 1202/20/1 1201/20/1
f 1221/21/1 1186/21/1 1185/21/1
f 1222/21/1 1186/21/1 1221/21/1
f 1223/20/1 1211/20/1 1186/20/1
f 1223/21/1 1186/21/1 1222/21/1
f 1224/20/1 1211/20/1 1223/20/1
f 1225/20/1 1218/20/1 1217/20/1
f 1225/20/1 1217/20/1 1216/20/1
f 1225/20/1 1216/20/1 1215/20/1
f 1226/20/1 1218/20/1 1225/20/1
f 1227/20/1 1218/20/1 1226/20/1
f 1228/20/1 1218/20/1 1227/20/1
f 1229/20/1 1209/20/1 1030/20/1
f 1230/21/1 1210/21/1 1209/21/1
f 1230/20/1 1209/20/1 1229/20/1
f 1231/20/1 1183/20/1 1210/20/1
f 1231/21/1 1210/21/1 1230/21/1
f 1232/20/1 1222/20/1 1221/20/1
f 1232/20/1 1221/20/1 1201/20/1
f 1233/20/1 1222/20/1 1232/20/1
f 1234/21/1 1212/21/1 1211/21/1
f 1234/20/1 1211/20/1 1224/20/1
f 1235/20/1 1191/20/1 1212/20/1
f 1235/21/1 1212/21/1 1234/21/1
f 1236/21/1 1214/21/1 1213/21/1
f 1236/20/1 1191/20/1 1235/20/1
f 1236/21/1 1213/21/1 1191/21/1
f 1237/20/1 1203/20/1 1214/20/1
f 1237/21/1 1214/21/1 1236/21/1
f 1238/21/1 1204/21/1 1203/21/1
f 1238/20/1 1203/20/1 1237/20/1
f 1239/21/1 1204/21/1 1238/21/1
f 1240/21/1 1172/21/1 1204/21/1
f 1240/21/1 1204/21/1 1239/21/1
f 1241/20/1 1206/20/1 1205/20/1
f 1241/21/1 1172/21/1 1240/21/1
f 1241/20/1 1205/20/1 1172/20/1
f 1242/21/1 1174/21/1 1206/21/1
f 1242/20/1 1206/20/1 1241/20/1
f 1243/20/1 1215/20/1 1174/20/1
f 1243/21/1 1174/21/1 1242/21/1
f 1243/20/1 1225/20/1 1215/20/1
f 1244/20/1 1225/20/1 1243/20/1
f 1245/20/1 1225/20/1 1244/20/1
f 1246/21/1 1226/21/1 1225/21/1
f 1246/20/1 1225/20/1 1245/20/1
f 1247/20/1 1227/20/1 1226/20/1
f 1247/21/1 1226/21/1 1246/21/1
f 1248/21/1 1200/21/1 1220/21/1
f 1248/20/1 1220/20/1 1219/20/1
f 1249/20/1 1133/20/1 1200/20/1
f 1249/21/1 1200/21/1 1248/21/1
f 1250/20/1 1230/20/1 1229/20/1
f 1250/20/1 1183/20/1 1231/20/1
f 1250/20/1 1231/20/1 1230/20/1
f 1251/20/1 1183/20/1 1250/20/1
f 1252/21/1 1184/21/1 1183/21/1
f 1252/20/1 1183/20/1 1251/20/1
f 1253/20/1 1201/20/1 1184/20/1
f 1253/21/1 1184/21/1 1252/21/1
f 1253/20/1 1232/20/1 1201/20/1
f 1254/20/1 1232/20/1 1253/20/1
f 1255/20/1 1232/20/1 1254/20/1
f 1256/20/1 1241/20/1 1240/20/1
f 1256/20/1 1242/20/1 1241/20/1
f 1256/20/1 1244/20/1 1243/20/1
f 1256/20/1 1243/20/1 1242/20/1
f 1257/20/1 1244/20/1 1256/20/1
f 1258/21/1 1245/21/1 1244/21/1
f 1258/20/1 1244/20/1 1257/20/1
f 1259/20/1 1247/20/1 1246/20/1
f 1259/21/1 1245/21/1 1258/21/1
f 1259/20/1 1246/20/1 1245/20/1
f 1260/20/1 1227/20/1 1247/20/1
f 1260/20/1 1247/20/1 1259/20/1
f 1260/21/1 1228/21/1 1227/21/1
f 1261/20/1 1218/20/1 1228/20/1
f 1261/21/1 1228/21/1 1260/21/1
f 1262/20/1 1197/20/1 1218/20/1
f 1262/20/1 1218/20/1 1261/20/1
f 1262/21/1 1198/21/1 1197/21/1
f 1263/20/1 1248/20/1 1219/20/1
f 1263/21/1 1198/21/1 1262/21/1
f 1263/20/1 1219/20/1 1198/20/1
f 1263/20/1 1249/20/1 1248/20/1
f 1264/20/1 1249/20/1 1263/20/1
f 1265/20/1 1249/20/1 1264/20/1
f 1267/20/1 1250/20/1 1229/20/1
f 1268/20/1 1232/20/1 1255/20/1
f 1268/21/1 1233/21/1 1232/21/1
f 1269/20/1 1222/20/1 1233/20/1
f 1269/21/1 1233/21/1 1268/21/1
f 1270/21/1 1224/21/1 1223/21/1
f 1270/20/1 1222/20/1 1269/20/1
f 1270/21/1 1223/21/1 1222/21/1
f 1271/20/1 1236/20/1 1235/20/1
f 1271/21/1 1224/21/1 1270/21/1
f 1271/20/1 1234/20/1 1224/20/1
f 1271/20/1 1235/20/1 1234/20/1
f 1271/20/1 1239/20/1 1238/20/1
f 1271/20/1 1237/20/1 1236/20/1
f 1271/20/1 1238/20/1 1237/20/1
f 1272/20/1 1239/20/1 1271/20/1
f 1273/20/1 1239/20/1 1272/20/1
f 1274/21/1 1240/21/1 1239/21/1
f 1274/20/1 1239/20/1 1273/20/1
f 1275/20/1 1256/20/1 1240/20/1
f 1275/21/1 1240/21/1 1274/21/1
f 1276/21/1 1257/21/1 1256/21/1
f 1276/20/1 1256/20/1 1275/20/1
f 1277/20/1 1261/20/1 1260/20/1
f 1277/21/1 1257/21/1 1276/21/1
f 1277/20/1 1260/20/1 1259/20/1
f 1277/20/1 1259/20/1 1258/20/1
f 1277/20/1 1258/20/1 1257/20/1
f 1277/20/1 1264/20/1 1263/20/1
f 1277/20/1 1263/20/1 1262/20/1
f 1277/20/1 1262/20/1 1261/20/1
f 1278/20/1 1264/20/1 1277/20/1
f 1279/20/1 1264/20/1 1278/20/1
f 1280/20/1 1264/20/1 1279/20/1
f 1281/20/1 1264/20/1 1280/20/1
f 1282/21/1 1265/21/1 1264/21/1
f 1282/20/1 1249/20/1 1265/20/1
f 1283/20/1 1133/20/1 1249/20/1
f 1283/20/1 1249/20/1 1282/20/1
f 1284/21/1 1251/21/1 1250/21/1
f 1284/20/1 1250/20/1 1267/20/1
f 1285/20/1 1253/20/1 1252/20/1
f 1285/21/1 1251/21/1 1284/21/1
f 1285/20/1 1252/20/1 1251/20/1
f 1285/20/1 1254/20/1 1253/20/1
f 1286/20/1 1254/20/1 1285/20/1
f 1287/21/1 1255/21/1 1254/21/1
f 1287/20/1 1254/20/1 1286/20/1
f 1288/20/1 1272/20/1 1271/20/1
f 1288/21/1 1255/21/1 1287/21/1
f 1288/20/1 1271/20/1 1270/20/1
f 1288/20/1 1270/20/1 1269/20/1
f 1288/20/1 1268/20/1 1255/20/1
f 1288/20/1 1269/20/1 1268/20/1
f 1289/21/1 1273/21/1 1272/21/1
f 1289/20/1 1272/20/1 1288/20/1
f 1290/20/1 1276/20/1 1275/20/1
f 1290/21/1 1273/21/1 1289/21/1
f 1290/20/1 1278/20/1 1277/20/1
f 1290/20/1 1277/20/1 1276/20/1
f 1290/20/1 1274/20/1 1273/20/1
f 1290/20/1 1275/20/1 1274/20/1
f 1291/20/1 1278/20/1 1290/20/1
f 1292/20/1 1278/20/1 1291/20/1
f 1293/20/1 1278/20/1 1292/20/1
f 1294/20/1 1278/20/1 1293/20/1
f 1295/20/1 1278/20/1 1294/20/1
f 1296/20/1 1278/20/1 1295/20/1
f 1297/21/1 1279/21/1 1278/21/1
f 1297/20/1 1278/20/1 1296/20/1
f 1298/20/1 1280/20/1 1279/20/1
f 1298/21/1 1279/21/1 1297/21/1
f 1299/21/1 1281/21/1 1280/21/1
f 1299/20/1 1280/20/1 1298/20/1
f 1300/20/1 1264/20/1 1281/20/1
f 1300/21/1 1281/21/1 1299/21/1
f 1301/21/1 1282/21/1 1264/21/1
f 1301/20/1 1264/20/1 1300/20/1
f 1301/21/1 1283/21/1 1282/21/1
f 1302/20/1 1133/20/1 1283/20/1
f 1302/21/1 1283/21/1 1301/21/1
f 1303/22/1 1267/22/1 1266/22/1
f 1304/20/1 1285/20/1 1284/20/1
f 1304/22/1 1267/22/1 1303/22/1
f 1304/20/1 1284/20/1 1267/20/1
f 1305/21/1 1286/21/1 1285/21/1
f 1305/20/1 1285/20/1 1304/20/1
f 1306/20/1 1289/20/1 1288/20/1
f 1306/21/1 1286/21/1 1305/21/1
f 1306/20/1 1287/20/1 1286/20/1
f 1306/20/1 1288/20/1 1287/20/1
f 1306/20/1 1290/20/1 1289/20/1
f 1306/20/1 1291/20/1 1290/20/1
f 1307/20/1 1291/20/1 1306/20/1
f 1308/20/1 1291/20/1 1307/20/1
f 1309/21/1 1292/21/1 1291/21/1
f 1309/20/1 1291/20/1 1308/20/1
f 1310/20/1 1293/20/1 1292/20/1
f 1310/21/1 1292/21/1 1309/21/1
f 1311/21/1 1294/21/1 1293/21/1
f 1311/20/1 1293/20/1 1310/20/1
f 1312/20/1 1295/20/1 1294/20/1
f 1312/21/1 1294/21/1 1311/21/1
f 1313/21/1 1296/21/1 1295/21/1
f 1313/20/1 1295/20/1 1312/20/1
f 1314/20/1 1300/20/1 1299/20/1
f 1314/21/1 1296/21/1 1313/21/1
f 1314/20/1 1297/20/1 1296/20/1
f 1314/20/1 1302/20/1 1301/20/1
f 1314/20/1 1301/20/1 1300/20/1
f 1314/20/1 1299/20/1 1298/20/1
f 1314/20/1 1298/20/1 1297/20/1
f 1317/20/1 1305/20/1 1304/20/1
f 1317/20/1 1307/20/1 1306/20/1
f 1317/20/1 1306/20/1 1305/20/1
f 1318/21/1 1308/21/1 1307/21/1
f 1318/20/1 1307/20/1 1317/20/1
f 1319/20/1 1313/20/1 1312/20/1
f 1319/21/1 1308/21/1 1318/21/1
f 1319/20/1 1310/20/1 1309/20/1
f 1319/20/1 1309/20/1 1308/20/1
f 1319/20/1 1314/20/1 1313/20/1
f 1319/20/1 1311/20/1 1310/20/1
f 1319/20/1 1312/20/1 1311/20/1
f 1320/20/1 1133/20/1 1302/20/1
f 1320/20/1 1314/20/1 1319/20/1
f 1320/20/1 1302/20/1 1314/20/1
f 1322/26/1 1316/26/1 1315/26/1
f 1323/26/1 1316/26/1 1322/26/1
f 1324/26/1 1320/26/1 1319/26/1
f 1324/26/1 1318/26/1 1317/26/1
f 1324/26/1 1321/26/1 1320/26/1
f 1324/26/1 1319/26/1 1318/26/1
f 1325/26/1 1321/26/1 1324/26/1
f 1436/17/1 1327/17/1 1326/17/1
f 1437/17/1 1327/17/1 1436/17/1
f 1438/17/1 1436/17/1 1326/17/1
f 1439/17/1 1436/17/1 1438/17/1
f 1440/17/1 1327/17/1 1437/17/1
f 1441/17/1 1327/17/1 1440/17/1
f 1442/17/1 1329/17/1 1328/17/1
f 1443/17/1 1329/17/1 1442/17/1
f 1444/17/1 1331/17/1 1330/17/1
f 1445/17/1 1331/17/1 1444/17/1
f 1446/17/1 1333/17/1 1332/17/1
f 1447/17/1 1333/17/1 1446/17/1
f 1448/17/1 1335/17/1 1334/17/1
f 1449/17/1 1335/17/1 1448/17/1
f 1450/17/1 1337/17/1 1336/17/1
f 1451/17/1 1337/17/1 1450/17/1
f 1452/17/1 1339/17/1 1338/17/1
f 1453/17/1 1339/17/1 1452/17/1
f 1454/17/1 1341/17/1 1340/17/1
f 1455/17/1 1341/17/1 1454/17/1
f 1456/17/1 1343/17/1 1342/17/1
f 1457/17/1 1343/17/1 1456/17/1
f 1458/17/1 1345/17/1 1344/17/1
f 1459/17/1 1345/17/1 1458/17/1
f 1460/17/1 1347/17/1 1346/17/1
f 1461/17/1 1347/17/1 1460/17/1
f 1462/17/1 1349/17/1 1348/17/1
f 1463/17/1 1349/17/1 1462/17/1
f 1464/17/1 1351/17/1 1350/17/1
f 1465/17/1 1351/17/1 1464/17/1
f 1466/17/1 1353/17/1 1352/17/1
f 1467/17/1 1353/17/1 1466/17/1
f 1468/17/1 1355/17/1 1354/17/1
f 1469/17/1 1355/17/1 1468/17/1
f 1470/17/1 1357/17/1 1356/17/1
f 1471/17/1 1357/17/1 1470/17/1
f 1472/17/1 1359/17/1 1358/17/1
f 1473/17/1 1359/17/1 1472/17/1
f 1474/17/1 1361/17/1 1360/17/1
f 1475/17/1 1361/17/1 1474/17/1
f 1476/17/1 1363/17/1 1362/17/1
f 1477/17/1 1363/17/1 1476/17/1
f 1478/17/1 1365/17/1 1364/17/1
f 1479/17/1 1365/17/1 1478/17/1
f 1480/17/1 1367/17/1 1366/17/1
f 1481/17/1 1367/17/1 1480/17/1
f 1482/17/1 1369/17/1 1368/17/1
f 1483/17/1 1369/17/1 1482/17/1
f 1484/17/1 1371/17/1 1370/17/1
f 1485/17/1 1371/17/1 1484/17/1
f 1486/17/1 1373/17/1 1372/17/1
f 1487/17/1 1373/17/1 1486/17/1
f 1488/17/1 1375/17/1 1374/17/1
f 1489/17/1 1375/17/1 1488/17/1
f 1490/17/1 1377/17/1 1376/17/1
f 1491/17/1 1377/17/1 1490/17/1
f 1492/17/1 1379/17/1 1378/17/1
f 1493/17/1 1379/17/1 1492/17/1
f 1494/17/1 1381/17/1 1380/17/1
f 1495/17/1 1381/17/1 1494/17/1
f 1496/17/1 1383/17/1 1382/17/1
f 1497/17/1 1383/17/1 1496/17/1
f 1498/17/1 1385/17/1 1384/17/1
f 1499/17/1 1385/17/1 1498/17/1
f 1500/17/1 1387/17/1 1386/17/1
f 1501/17/1 1387/17/1 1500/17/1
f 1502/17/1 1389/17/1 1388/17/1
f 1503/17/1 1389/17/1 1502/17/1
f 1504/17/1 1391/17/1 1390/17/1
f 1505/17/1 1391/17/1 1504/17/1
f 1506/17/1 1393/17/1 1392/17/1
f 1507/17/1 1393/17/1 1506/17/1
f 1508/17/1 1395/17/1 1394/17/1
f 1509/17/1 1395/17/1 1508/17/1
f 1510/17/1 1397/17/1 1396/17/1
f 1511/17/1 1397/17/1 1510/17/1
f 1512/17/1 1399/17/1 1398/17/1
f 1513/17/1 1399/17/1 1512/17/1
f 1514/17/1 1401/17/1 1400/17/1
f 1515/17/1 1401/17/1 1514/17/1
f 1516/17/1 1403/17/1 1402/17/1
f 1517/17/1 1403/17/1 1516/17/1
f 1518/17/1 1405/17/1 1404/17/1
f 1519/17/1 1405/17/1 1518/17/1
f 1520/17/1 1407/17/1 1406/17/1
f 1521/17/1 1407/17/1 1520/17/1
f 1522/17/1 1409/17/1 1408/17/1
f 1523/17/1 1409/17/1 1522/17/1
f 1524/17/1 1411/17/1 1410/17/1
f 1525/17/1 1411/17/1 1524/17/1
f 1526/17/1 1413/17/1 1412/17/1
f 1527/17/1 1413/17/1 1526/17/1
f 1528/17/1 1415/17/1 1414/17/1
f 1529/17/1 1415/17/1 1528/17/1
f 1530/17/1 1417/17/1 1416/17/1
f 1531/17/1 1417/17/1 1530/17/1
f 1532/17/1 1419/17/1 1418/17/1
f 1533/17/1 1419/17/1 1532/17/1
f 1534/17/1 1421/17/1 1420/17/1
f 1535/17/1 1421/17/1 1534/17/1
f 1536/17/1 1423/17/1 1422/17/1
f 1537/17/1 1423/17/1 1536/17/1
f 1538/17/1 1425/17/1 1424/17/1
f 1539/17/1 1425/17/1 1538/17/1
f 1540/17/1 1427/17/1 1426/17/1
f 1541/17/1 1427/17/1 1540/17/1
f 1542/17/1 1429/17/1 1428/17/1
f 1543/17/1 1429/17/1 1542/17/1
f 1544/17/1 1431/17/1 1430/17/1
f 1545/17/1 1431/17/1 1544/17/1
f 1546/17/1 1433/17/1 1432/17/1
f 1547/17/1 1433/17/1 1546/17/1
f 1548/17/1 1435/17/1 1434/17/1
f 1549/17/1 1435/17/1 1548/17/1
f 1552/20/1 1551/20/1 1550/20/1
f 1553/20/1 1551/20/1 1552/20/1
f 1554/20/1 1552/20/1 1550/20/1
f 1555/20/1 1552/20/1 1554/20/1
f 1556/20/1 1552/20/1 1555/20/1
f 1557/20/1 1552/20/1 1556/20/1
f 1558/20/1 1552/20/1 1557/20/1
f 1559/20/1 1552/20/1 1558/20/1
f 1560/21/1 1553/21/1 1552/21/1
f 1560/20/1 1552/20/1 1559/20/1
f 1561/20/1 1551/20/1 1553/20/1
f 1561/21/1 1553/21/1 1560/21/1
f 1562/20/1 1551/20/1 1561/20/1
f 1563/20/1 1551/20/1 1562/20/1
f 1564/20/1 1551/20/1 1563/20/1
f 1565/20/1 1551/20/1 1564/20/1
f 1566/20/1 1551/20/1 1565/20/1
f 1567/20/1 1551/20/1 1566/20/1
f 1568/20/1 1551/20/1 1567/20/1
f 1569/20/1 1551/20/1 1568/20/1
f 1570/20/1 1554/20/1 1550/20/1
f 1571/20/1 1554/20/1 1570/20/1
f 1572/21/1 1555/21/1 1554/21/1
f 1572/20/1 1554/20/1 1571/20/1
f 1573/20/1 1556/20/1 1555/20/1
f 1573/21/1 1555/21/1 1572/21/1
f 1574/21/1 1557/21/1 1556/21/1
f 1574/20/1 1556/20/1 1573/20/1
f 1575/20/1 1558/20/1 1557/20/1
f 1575/21/1 1557/21/1 1574/21/1
f 1576/21/1 1559/21/1 1558/21/1
f 1576/20/1 1558/20/1 1575/20/1
f 1577/20/1 1560/20/1 1559/20/1
f 1577/21/1 1559/21/1 1576/21/1
f 1577/20/1 1561/20/1 1560/20/1
f 1577/20/1 1562/20/1 1561/20/1
f 1578/21/1 1563/21/1 1562/21/1
f 1578/20/1 1562/20/1 1577/20/1
f 1579/20/1 1564/20/1 1563/20/1
f 1579/21/1 1563/21/1 1578/21/1
f 1580/21/1 1565/21/1 1564/21/1
f 1580/20/1 1564/20/1 1579/20/1
f 1581/20/1 1566/20/1 1565/20/1
f 1581/21/1 1565/21/1 1580/21/1
f 1582/21/1 1569/21/1 1568/21/1
f 1582/20/1 1568/20/1 1567/20/1
f 1583/20/1 1551/20/1 1569/20/1
f 1583/21/1 1569/21/1 1582/21/1
f 1584/20/1 1570/20/1 1550/20/1
f 1585/20/1 1570/20/1 1584/20/1
f 1586/20/1 1576/20/1 1575/20/1
f 1586/20/1 1575/20/1 1574/20/1
f 1586/20/1 1572/20/1 1571/20/1
f 1586/20/1 1573/20/1 1572/20/1
f 1586/20/1 1574/20/1 1573/20/1
f 1586/20/1 1581/20/1 1580/20/1
f 1586/20/1 1577/20/1 1576/20/1
f 1586/20/1 1580/20/1 1579/20/1
f 1586/20/1 1579/20/1 1578/20/1
f 1586/20/1 1578/20/1 1577/20/1
f 1587/20/1 1581/20/1 1586/20/1
f 1588/20/1 1581/20/1 1587/20/1
f 1589/20/1 1581/20/1 1588/20/1
f 1590/20/1 1581/20/1 1589/20/1
f 1591/20/1 1581/20/1 1590/20/1
f 1592/21/1 1567/21/1 1566/21/1
f 1592/20/1 1581/20/1 1591/20/1
f 1592/20/1 1566/20/1 1581/20/1
f 1593/20/1 1582/20/1 1567/20/1
f 1593/21/1 1567/21/1 1592/21/1
f 1593/20/1 1583/20/1 1582/20/1
f 1594/20/1 1551/20/1 1583/20/1
f 1594/20/1 1583/20/1 1593/20/1
f 1595/20/1 1551/20/1 1594/20/1
f 1596/21/1 1585/21/1 1584/21/1
f 1597/21/1 1585/21/1 1596/21/1
f 1598/20/1 1570/20/1 1585/20/1
f 1598/21/1 1585/21/1 1597/21/1
f 1599/20/1 1570/20/1 1598/20/1
f 1600/21/1 1571/21/1 1570/21/1
f 1600/20/1 1570/20/1 1599/20/1
f 1601/20/1 1586/20/1 1571/20/1
f 1601/21/1 1571/21/1 1600/21/1
f 1602/20/1 1588/20/1 1587/20/1
f 1603/20/1 1588/20/1 1602/20/1
f 1604/21/1 1589/21/1 1588/21/1
f 1604/20/1 1588/20/1 1603/20/1
f 1605/20/1 1590/20/1 1589/20/1
f 1605/21/1 1589/21/1 1604/21/1
f 1606/20/1 1597/20/1 1596/20/1
f 1607/21/1 1599/21/1 1598/21/1
f 1607/20/1 1597/20/1 1606/20/1
f 1607/21/1 1598/21/1 1597/21/1
f 1608/20/1 1600/20/1 1599/20/1
f 1608/21/1 1599/21/1 1607/21/1
f 1608/20/1 1601/20/1 1600/20/1
f 1609/21/1 1587/21/1 1586/21/1
f 1609/20/1 1601/20/1 1608/20/1
f 1609/20/1 1586/20/1 1601/20/1
f 1610/20/1 1602/20/1 1587/20/1
f 1610/21/1 1587/21/1 1609/21/1
f 1611/21/1 1603/21/1 1602/21/1
f 1611/20/1 1602/20/1 1610/20/1
f 1612/20/1 1604/20/1 1603/20/1
f 1612/21/1 1603/21/1 1611/21/1
f 1612/20/1 1605/20/1 1604/20/1
f 1613/20/1 1590/20/1 1605/20/1
f 1613/20/1 1605/20/1 1612/20/1
f 1614/20/1 1590/20/1 1613/20/1
f 1615/21/1 1591/21/1 1590/21/1
f 1615/20/1 1590/20/1 1614/20/1
f 1616/20/1 1592/20/1 1591/20/1
f 1616/21/1 1591/21/1 1615/21/1
f 1616/20/1 1593/20/1 1592/20/1
f 1616/20/1 1594/20/1 1593/20/1
f 1617/20/1 1615/20/1 1614/20/1
f 1617/20/1 1594/20/1 1616/20/1
f 1617/20/1 1616/20/1 1615/20/1
f 1618/20/1 1594/20/1 1617/20/1
f 1619/21/1 1607/21/1 1606/21/1
f 1620/20/1 1612/20/1 1611/20/1
f 1620/21/1 1607/21/1 1619/21/1
f 1620/20/1 1610/20/1 1609/20/1
f 1620/20/1 1613/20/1 1612/20/1
f 1620/20/1 1611/20/1 1610/20/1
f 1620/20/1 1608/20/1 1607/20/1
f 1620/20/1 1609/20/1 1608/20/1
f 1621/20/1 1613/20/1 1620/20/1
f 1622/20/1 1613/20/1 1621/20/1
f 1623/21/1 1614/21/1 1613/21/1
f 1623/20/1 1613/20/1 1622/20/1
f 1624/21/1 1614/21/1 1623/21/1
f 1625/20/1 1617/20/1 1614/20/1
f 1626/20/1 1617/20/1 1625/20/1
f 1627/20/1 1617/20/1 1626/20/1
f 1628/20/1 1617/20/1 1627/20/1
f 1629/20/1 1617/20/1 1628/20/1
f 1630/20/1 1617/20/1 1629/20/1
f 1631/21/1 1595/21/1 1594/21/1
f 1631/20/1 1594/20/1 1618/20/1
f 1632/20/1 1551/20/1 1595/20/1
f 1632/21/1 1595/21/1 1631/21/1
f 1633/20/1 1620/20/1 1619/20/1
f 1633/20/1 1621/20/1 1620/20/1
f 1634/20/1 1621/20/1 1633/20/1
f 1635/20/1 1621/20/1 1634/20/1
f 1636/20/1 1621/20/1 1635/20/1
f 1637/21/1 1630/21/1 1629/21/1
f 1637/20/1 1629/20/1 1628/20/1
f 1638/20/1 1617/20/1 1630/20/1
f 1638/21/1 1630/21/1 1637/21/1
f 1639/21/1 1618/21/1 1617/21/1
f 1639/20/1 1617/20/1 1638/20/1
f 1640/20/1 1631/20/1 1618/20/1
f 1640/21/1 1618/21/1 1639/21/1
f 1640/20/1 1632/20/1 1631/20/1
f 1641/20/1 1632/20/1 1640/20/1
f 1642/20/1 1632/20/1 1641/20/1
f 1643/20/1 1633/20/1 1619/20/1
f 1644/21/1 1634/21/1 1633/21/1
f 1644/20/1 1633/20/1 1643/20/1
f 1645/20/1 1635/20/1 1634/20/1
f 1645/21/1 1634/21/1 1644/21/1
f 1646/21/1 1636/21/1 1635/21/1
f 1646/20/1 1635/20/1 1645/20/1
f 1647/20/1 1621/20/1 1636/20/1
f 1647/21/1 1636/21/1 1646/21/1
f 1648/21/1 1622/21/1 1621/21/1
f 1648/20/1 1621/20/1 1647/20/1
f 1649/20/1 1623/20/1 1622/20/1
f 1649/21/1 1622/21/1 1648/21/1
f 1649/20/1 1624/20/1 1623/20/1
f 1650/21/1 1614/21/1 1624/21/1
f 1650/20/1 1624/20/1 1649/20/1
f 1651/20/1 1625/20/1 1614/20/1
f 1651/21/1 1614/21/1 1650/21/1
f 1652/21/1 1626/21/1 1625/21/1
f 1652/20/1 1625/20/1 1651/20/1
f 1653/20/1 1627/20/1 1626/20/1
f 1653/21/1 1626/21/1 1652/21/1
f 1654/21/1 1628/21/1 1627/21/1
f 1654/20/1 1627/20/1 1653/20/1
f 1655/20/1 1639/20/1 1638/20/1
f 1655/21/1 1628/21/1 1654/21/1
f 1655/20/1 1637/20/1 1628/20/1
f 1655/20/1 1641/20/1 1640/20/1
f 1655/20/1 1640/20/1 1639/20/1
f 1655/20/1 1638/20/1 1637/20/1
f 1656/20/1 1641/20/1 1655/20/1
f 1657/20/1 1641/20/1 1656/20/1
f 1658/20/1 1641/20/1 1657/20/1
f 1659/20/1 1641/20/1 1658/20/1
f 1660/20/1 1641/20/1 1659/20/1
f 1661/20/1 1641/20/1 1660/20/1
f 1662/20/1 1654/20/1 1653/20/1
f 1662/20/1 1647/20/1 1646/20/1
f 1662/20/1 1649/20/1 1648/20/1
f 1662/20/1 1646/20/1 1645/20/1
f 1662/20/1 1648/20/1 1647/20/1
f 1662/20/1 1650/20/1 1649/20/1
f 1662/21/1 1657/21/1 1656/21/1
f 1662/20/1 1656/20/1 1655/20/1
f 1662/20/1 1655/20/1 1654/20/1
f 1662/20/1 1645/20/1 1644/20/1
f 1662/20/1 1653/20/1 1652/20/1
f 1662/20/1 1652/20/1 1651/20/1
f 1662/20/1 1651/20/1 1650/20/1
f 1663/20/1 1658/20/1 1657/20/1
f 1663/21/1 1657/21/1 1662/21/1
f 1664/20/1 1641/20/1 1661/20/1
f 1664/21/1 1642/21/1 1641/21/1
f 1665/20/1 1632/20/1 1642/20/1
f 1665/21/1 1642/21/1 1664/21/1
f 1666/20/1 1662/20/1 1644/20/1
f 1666/20/1 1663/20/1 1662/20/1
f 1667/20/1 1663/20/1 1666/20/1
f 1668/20/1 1658/20/1 1663/20/1
f 1668/20/1 1663/20/1 1667/20/1
f 1669/21/1 1659/21/1 1658/21/1
f 1669/20/1 1658/20/1 1668/20/1
f 1670/20/1 1660/20/1 1659/20/1
f 1670/21/1 1659/21/1 1669/21/1
f 1671/20/1 1643/20/1 1619/20/1
f 1671/21/1 1644/21/1 1643/21/1
f 1672/20/1 1666/20/1 1644/20/1
f 1672/21/1 1644/21/1 1671/21/1
f 1673/20/1 1666/20/1 1672/20/1
f 1674/20/1 1666/20/1 1673/20/1
f 1675/20/1 1668/20/1 1667/20/1
f 1676/20/1 1668/20/1 1675/20/1
f 1677/20/1 1672/20/1 1671/20/1
f 1677/20/1 1673/20/1 1672/20/1
f 1678/20/1 1673/20/1 1677/20/1
f 1679/20/1 1673/20/1 1678/20/1
f 1680/20/1 1673/20/1 1679/20/1
f 1681/21/1 1667/21/1 1666/21/1
f 1681/20/1 1666/20/1 1674/20/1
f 1682/20/1 1675/20/1 1667/20/1
f 1682/21/1 1667/21/1 1681/21/1
f 1683/20/1 1668/20/1 1676/20/1
f 1684/20/1 1668/20/1 1683/20/1
f 1685/21/1 1669/21/1 1668/21/1
f 1685/20/1 1668/20/1 1684/20/1
f 1686/20/1 1670/20/1 1669/20/1
f 1686/21/1 1669/21/1 1685/21/1
f 1687/20/1 1660/20/1 1670/20/1
f 1687/20/1 1670/20/1 1686/20/1
f 1687/21/1 1661/21/1 1660/21/1
f 1688/20/1 1664/20/1 1661/20/1
f 1688/21/1 1661/21/1 1687/21/1
f 1688/20/1 1665/20/1 1664/20/1
f 1689/21/1 1680/21/1 1679/21/1
f 1689/20/1 1679/20/1 1678/20/1
f 1690/20/1 1673/20/1 1680/20/1
f 1690/21/1 1680/21/1 1689/21/1
f 1691/21/1 1674/21/1 1673/21/1
f 1691/20/1 1673/20/1 1690/20/1
f 1692/20/1 1682/20/1 1681/20/1
f 1692/21/1 1674/21/1 1691/21/1
f 1692/20/1 1681/20/1 1674/20/1
f 1693/20/1 1675/20/1 1682/20/1
f 1693/20/1 1682/20/1 1692/20/1
f 1693/21/1 1676/21/1 1675/21/1
f 1694/21/1 1676/21/1 1693/21/1
f 1695/20/1 1683/20/1 1676/20/1
f 1695/21/1 1676/21/1 1694/21/1
f 1696/21/1 1684/21/1 1683/21/1
f 1696/20/1 1683/20/1 1695/20/1
f 1697/20/1 1686/20/1 1685/20/1
f 1697/21/1 1684/21/1 1696/21/1
f 1697/20/1 1687/20/1 1686/20/1
f 1697/20/1 1685/20/1 1684/20/1
f 1697/20/1 1688/20/1 1687/20/1
f 1698/20/1 1665/20/1 1688/20/1
f 1698/20/1 1688/20/1 1697/20/1
f 1699/20/1 1665/20/1 1698/20/1
f 1700/20/1 1677/20/1 1671/20/1
f 1700/20/1 1671/20/1 1619/20/1
f 1701/20/1 1677/20/1 1700/20/1
f 1702/21/1 1678/21/1 1677/21/1
f 1702/20/1 1677/20/1 1701/20/1
f 1703/20/1 1689/20/1 1678/20/1
f 1703/21/1 1678/21/1 1702/21/1
f 1703/20/1 1693/20/1 1692/20/1
f 1703/20/1 1694/20/1 1693/20/1
f 1703/20/1 1691/20/1 1690/20/1
f 1703/20/1 1690/20/1 1689/20/1
f 1703/20/1 1692/20/1 1691/20/1
f 1704/21/1 1696/21/1 1695/21/1
f 1704/20/1 1694/20/1 1703/20/1
f 1704/21/1 1695/21/1 1694/21/1
f 1705/20/1 1698/20/1 1697/20/1
f 1705/21/1 1696/21/1 1704/21/1
f 1705/20/1 1697/20/1 1696/20/1
f 1706/20/1 1698/20/1 1705/20/1
f 1707/20/1 1698/20/1 1706/20/1
f 1708/20/1 1702/20/1 1701/20/1
f 1708/20/1 1703/20/1 1702/20/1
f 1708/20/1 1704/20/1 1703/20/1
f 1708/20/1 1706/20/1 1705/20/1
f 1708/20/1 1705/20/1 1704/20/1
f 1709/20/1 1706/20/1 1708/20/1
f 1710/20/1 1706/20/1 1709/20/1
f 1711/20/1 1706/20/1 1710/20/1
f 1712/20/1 1706/20/1 1711/20/1
f 1713/20/1 1706/20/1 1712/20/1
f 1714/20/1 1706/20/1 1713/20/1
f 1715/20/1 1706/20/1 1714/20/1
f 1716/20/1 1698/20/1 1707/20/1
f 1716/21/1 1699/21/1 1698/21/1
f 1717/20/1 1665/20/1 1699/20/1
f 1717/21/1 1699/21/1 1716/21/1
f 1718/20/1 1632/20/1 1665/20/1
f 1718/20/1 1665/20/1 1717/20/1
f 1718/20/1 1551/20/1 1632/20/1
f 1720/21/1 1701/21/1 1700/21/1
f 1721/20/1 1708/20/1 1701/20/1
f 1721/21/1 1701/21/1 1720/21/1
f 1722/21/1 1709/21/1 1708/21/1
f 1722/20/1 1708/20/1 1721/20/1
f 1723/20/1 1710/20/1 1709/20/1
f 1723/21/1 1709/21/1 1722/21/1
f 1724/21/1 1711/21/1 1710/21/1
f 1724/20/1 1710/20/1 1723/20/1
f 1725/20/1 1712/20/1 1711/20/1
f 1725/21/1 1711/21/1 1724/21/1
f 1726/21/1 1713/21/1 1712/21/1
f 1726/20/1 1712/20/1 1725/20/1
f 1727/20/1 1714/20/1 1713/20/1
f 1727/21/1 1713/21/1 1726/21/1
f 1728/21/1 1715/21/1 1714/21/1
f 1728/20/1 1714/20/1 1727/20/1
f 1729/20/1 1706/20/1 1715/20/1
f 1729/21/1 1715/21/1 1728/21/1
f 1730/21/1 1707/21/1 1706/21/1
f 1730/20/1 1706/20/1 1729/20/1
f 1731/20/1 1717/20/1 1716/20/1
f 1731/21/1 1707/21/1 1730/21/1
f 1731/20/1 1716/20/1 1707/20/1
f 1731/20/1 1718/20/1 1717/20/1
f 1732/20/1 1728/20/1 1727/20/1
f 1732/20/1 1718/20/1 1731/20/1
f 1732/20/1 1731/20/1 1730/20/1
f 1732/20/1 1724/20/1 1723/20/1
f 1732/20/1 1723/20/1 1722/20/1
f 1732/20/1 1722/20/1 1721/20/1
f 1732/20/1 1721/20/1 1720/20/1
f 1732/20/1 1729/20/1 1728/20/1
f 1732/20/1 1725/20/1 1724/20/1
f 1732/20/1 1726/20/1 1725/20/1
f 1732/22/1 1719/22/1 1718/22/1
f 1732/20/1 1730/20/1 1729/20/1
f 1732/20/1 1727/20/1 1726/20/1
f 1733/22/1 1719/22/1 1732/22/1
f 1734/20/1 1732/20/1 1720/20/1
f 1735/20/1 1732/20/1 1734/20/1
f 1744/19/1 1737/19/1 1736/19/1
f 1745/19/1 1739/19/1 1738/19/1
f 1746/19/1 1741/19/1 1740/19/1
f 1747/19/1 1743/19/1 1742/19/1
f 1748/19/1 1744/19/1 1736/19/1
f 1748/19/1 1745/19/1 1744/19/1
f 1749/19/1 1739/19/1 1745/19/1
f 1749/19/1 1745/19/1 1748/19/1
f 1750/19/1 1746/19/1 1740/19/1
f 1750/19/1 1747/19/1 1746/19/1
f 1751/19/1 1743/19/1 1747/19/1
f 1751/19/1 1747/19/1 1750/19/1
f 1752/19/1 1748/19/1 1736/19/1
f 1753/19/1 1739/19/1 1749/19/1
f 1754/19/1 1750/19/1 1740/19/1
f 1755/19/1 1743/19/1 1751/19/1
f 1756/19/1 1752/19/1 1736/19/1
f 1756/19/1 1753/19/1 1752/19/1
f 1757/19/1 1739/19/1 1753/19/1
f 1757/19/1 1753/19/1 1756/19/1
f 1758/19/1 1755/19/1 1754/19/1
f 1758/19/1 1754/19/1 1740/19/1
f 1759/19/1 1743/19/1 1755/19/1
f 1759/19/1 1755/19/1 1758/19/1
f 1760/19/1 1756/19/1 1736/19/1
f 1761/19/1 1739/19/1 1757/19/1
f 1762/19/1 1758/19/1 1740/19/1
f 1763/19/1 1743/19/1 1759/19/1
f 1764/19/1 1760/19/1 1736/19/1
f 1764/19/1 1761/19/1 1760/19/1
f 1765/19/1 1739/19/1 1761/19/1
f 1765/19/1 1761/19/1 1764/19/1
f 1766/19/1 1763/19/1 1762/19/1
f 1766/19/1 1762/19/1 1740/19/1
f 1767/19/1 1743/19/1 1763/19/1
f 1767/19/1 1763/19/1 1766/19/1
f 1768/19/1 1764/19/1 1736/19/1
f 1769/19/1 1764/19/1 1768/19/1
f 1770/19/1 1739/19/1 1765/19/1
f 1771/19/1 1739/19/1 1770/19/1
f 1772/19/1 1766/19/1 1740/19/1
f 1773/19/1 1766/19/1 1772/19/1
f 1774/19/1 1743/19/1 1767/19/1
f 1775/19/1 1743/19/1 1774/19/1
f 1778/22/1 1777/22/1 1776/22/1
f 1779/22/1 1777/22/1 1778/22/1
f 1783/27/1 1781/27/1 1780/27/1
f 1784/26/1 1782/26/1 1781/26/1
f 1784/27/1 1781/27/1 1783/27/1
f 1785/26/1 1782/26/1 1784/26/1
f 1788/1/1 1787/1/1 1786/1/1
f 1789/1/1 1787/1/1 1788/1/1
f 1792/27/1 1791/27/1 1790/27/1
f 1793/27/1 1791/27/1 1792/27/1
f 1794/27/1 1792/27/1 1790/27/1
f 1794/11/1 1793/11/1 1792/11/1
f 1795/27/1 1791/27/1 1793/27/1
f 1795/11/1 1793/11/1 1794/11/1
f 1796/27/1 1794/27/1 1790/27/1
f 1796/27/1 1795/27/1 1794/27/1
f 1797/27/1 1791/27/1 1795/27/1
f 1797/27/1 1795/27/1 1796/27/1
f 1798/27/1 1796/27/1 1790/27/1
f 1799/27/1 1796/27/1 1798/27/1
f 1800/27/1 1798/27/1 1790/27/1
f 1801/11/1 1799/11/1 1798/11/1
f 1801/27/1 1798/27/1 1800/27/1
f 1802/27/1 1796/27/1 1799/27/1
f 1802/11/1 1799/11/1 1801/11/1
f 1803/27/1 1796/27/1 1802/27/1
f 1804/11/1 1801/11/1 1800/11/1
f 1804/27/1 1800/27/1 1790/27/1
f 1804/11/1 1803/11/1 1802/11/1
f 1804/11/1 1802/11/1 1801/11/1
f 1805/11/1 1803/11/1 1804/11/1
f 1806/27/1 1805/27/1 1804/27/1
f 1807/27/1 1805/27/1 1806/27/1
f 1808/27/1 1806/27/1 1804/27/1
f 1808/11/1 1807/11/1 1806/11/1
f 1809/27/1 1805/27/1 1807/27/1
f 1809/11/1 1807/11/1 1808/11/1
f 1810/27/1 1809/27/1 1808/27/1
f 1810/27/1 1805/27/1 1809/27/1
f 1811/27/1 1791/27/1 1797/27/1
f 1812/27/1 1810/27/1 1808/27/1
f 1812/27/1 1811/27/1 1810/27/1
f 1812/27/1 1808/27/1 1804/27/1
f 1812/27/1 1804/27/1 1790/27/1
f 1813/27/1 1791/27/1 1811/27/1
f 1813/27/1 1811/27/1 1812/27/1
f 1819/27/1 1815/27/1 1814/27/1
f 1819/27/1 1816/27/1 1815/27/1
f 1820/27/1 1816/27/1 1819/27/1
f 1821/27/1 1818/27/1 1817/27/1
f 1822/27/1 1818/27/1 1821/27/1
f 1823/27/1 1821/27/1 1817/27/1
f 1824/27/1 1821/27/1 1823/27/1
f 1825/27/1 1819/27/1 1814/27/1
f 1826/27/1 1816/27/1 1820/27/1
f 1827/27/1 1825/27/1 1814/27/1
f 1827/27/1 1826/27/1 1825/27/1
f 1828/27/1 1816/27/1 1826/27/1
f 1828/27/1 1826/27/1 1827/27/1
f 1829/27/1 1821/27/1 1824/27/1
f 1830/27/1 1818/27/1 1822/27/1
f 1831/27/1 1829/27/1 1824/27/1
f 1831/27/1 1830/27/1 1829/27/1
f 1832/27/1 1818/27/1 1830/27/1
f 1832/27/1 1830/27/1 1831/27/1
f 1837/27/1 1834/27/1 1833/27/1
f 1838/27/1 1834/27/1 1837/27/1
f 1839/27/1 1836/27/1 1835/27/1
f 1840/27/1 1836/27/1 1839/27/1
f 1843/27/1 1842/27/1 1841/27/1
f 1844/27/1 1842/27/1 1843/27/1
f 1847/27/1 1846/27/1 1845/27/1
f 1848/27/1 1846/27/1 1847/27/1
f 1849/27/1 1837/27/1 1833/27/1
f 1850/27/1 1834/27/1 1838/27/1
f 1851/27/1 1849/27/1 1833/27/1
f 1851/27/1 1850/27/1 1849/27/1
f 1852/27/1 1834/27/1 1850/27/1
f 1852/27/1 1850/27/1 1851/27/1
f 1855/27/1 1854/27/1 1853/27/1
f 1856/27/1 1854/27/1 1855/27/1
f 1859/27/1 1858/27/1 1857/27/1
f 1860/27/1 1858/27/1 1859/27/1
f 1863/27/1 1862/27/1 1861/27/1
f 1864/27/1 1862/27/1 1863/27/1
f 1867/27/1 1866/27/1 1865/27/1
f 1868/27/1 1866/27/1 1867/27/1
f 1871/27/1 1870/27/1 1869/27/1
f 1872/27/1 1870/27/1 1871/27/1
f 1875/27/1 1874/27/1 1873/27/1
f 1876/27/1 1874/27/1 1875/27/1
f 1879/27/1 1878/27/1 1877/27/1
f 1880/27/1 1878/27/1 1879/27/1
f 1885/3/1 1882/3/1 1881/3/1
f 1886/3/1 1882/3/1 1885/3/1
f 1887/27/1 1884/27/1 1883/27/1
f 1888/27/1 1884/27/1 1887/27/1
f 1891/10/1 1888/10/1 1887/10/1
f 1892/10/1 1888/10/1 1891/10/1
f 1893/27/1 1892/27/1 1891/27/1
f 1894/27/1 1892/27/1 1893/27/1
f 1895/3/1 1890/3/1 1889/3/1
f 1896/3/1 1890/3/1 1895/3/1
f 1899/3/1 1898/3/1 1897/3/1
f 1900/3/1 1898/3/1 1899/3/1
f 1903/3/1 1902/3/1 1901/3/1
f 1904/3/1 1902/3/1 1903/3/1
f 1907/3/1 1906/3/1 1905/3/1
f 1908/3/1 1906/3/1 1907/3/1
f 1911/27/1 1910/27/1 1909/27/1
f 1912/27/1 1910/27/1 1911/27/1
f 1913/10/1 1912/10/1 1911/10/1
f 1914/10/1 1912/10/1 1913/10/1
f 1915/27/1 1914/27/1 1913/27/1
f 1916/27/1 1914/27/1 1915/27/1
f 1919/27/1 1918/27/1 1917/27/1
f 1920/27/1 1918/27/1 1919/27/1
f 1921/10/1 1920/10/1 1919/10/1
f 1922/10/1 1920/10/1 1921/10/1
f 1923/27/1 1922/27/1 1921/27/1
f 1924/27/1 1922/27/1 1923/27/1
f 1927/27/1 1926/27/1 1925/27/1
f 1928/27/1 1926/27/1 1927/27/1
f 1929/10/1 1928/10/1 1927/10/1
f 1930/10/1 1928/10/1 1929/10/1
f 1931/27/1 1930/27/1 1929/27/1
f 1932/27/1 1930/27/1 1931/27/1
f 1935/26/1 1934/26/1 1933/26/1
f 1936/26/1 1934/26/1 1935/26/1
f 1947/26/1 1938/26/1 1937/26/1
f 1948/26/1 1938/26/1 1947/26/1
f 1949/26/1 1940/26/1 1939/26/1
f 1950/26/1 1940/26/1 1949/26/1
f 1951/26/1 1942/26/1 1941/26/1
f 1952/26/1 1942/26/1 1951/26/1
f 1953/26/1 1946/26/1 1945/26/1
f 1953/26/1 1944/26/1 1943/26/1
f 1953/26/1 1945/26/1 1944/26/1
f 1954/26/1 1946/26/1 1953/26/1
f 1957/5/1 1956/5/1 1955/5/1
f 1958/5/1 1956/5/1 1957/5/1
f 1959/5/1 1956/5/1 1958/5/1
f 1960/5/1 1956/5/1 1959/5/1
f 1961/5/1 1957/5/1 1955/5/1
f 1961/7/1 1958/7/1 1957/7/1
f 1962/5/1 1959/5/1 1958/5/1
f 1962/7/1 1958/7/1 1961/7/1
f 1963/5/1 1961/5/1 1955/5/1
f 1963/5/1 1962/5/1 1961/5/1
f 1964/7/1 1960/7/1 1959/7/1
f 1964/5/1 1962/5/1 1963/5/1
f 1964/5/1 1959/5/1 1962/5/1
f 1965/5/1 1956/5/1 1960/5/1
f 1965/7/1 1960/7/1 1964/7/1
f 1966/5/1 1956/5/1 1965/5/1
f 1967/7/1 1964/7/1 1963/7/1
f 1967/5/1 1963/5/1 1955/5/1
f 1967/7/1 1966/7/1 1965/7/1
f 1967/7/1 1965/7/1 1964/7/1
f 1968/5/1 1956/5/1 1966/5/1
f 1968/7/1 1966/7/1 1967/7/1
f 1969/5/1 1967/5/1 1955/5/1
f 1969/5/1 1968/5/1 1967/5/1
f 1970/5/1 1956/5/1 1968/5/1
f 1970/5/1 1968/5/1 1969/5/1
f 1973/5/1 1972/5/1 1971/5/1
f 1974/5/1 1972/5/1 1973/5/1
f 1975/5/1 1973/5/1 1971/5/1
f 1975/7/1 1974/7/1 1973/7/1
f 1976/5/1 1972/5/1 1974/5/1
f 1976/7/1 1974/7/1 1975/7/1
f 1977/5/1 1975/5/1 1971/5/1
f 1977/5/1 1976/5/1 1975/5/1
f 1978/5/1 1972/5/1 1976/5/1
f 1978/5/1 1976/5/1 1977/5/1
f 1981/26/1 1980/26/1 1979/26/1
f 1982/26/1 1980/26/1 1981/26/1
f 1987/20/1 1984/20/1 1983/20/1
f 1988/20/1 1987/20/1 1983/20/1
f 1989/20/1 1987/20/1 1988/20/1
f 1990/21/1 1989/21/1 1988/21/1
f 1991/21/1 1989/21/1 1990/21/1
f 1992/20/1 1991/20/1 1990/20/1
f 1993/20/1 1986/20/1 1985/20/1
f 1994/20/1 1986/20/1 1993/20/1
f 1995/20/1 1992/20/1 1990/20/1
f 1996/20/1 1992/20/1 1995/20/1
f 2002/20/1 1998/20/1 1997/20/1
f 2003/20/1 1998/20/1 2002/20/1
f 2004/20/1 2000/20/1 1999/20/1
f 2005/20/1 2000/20/1 2004/20/1
f 2009/20/1 2003/20/1 2002/20/1
f 2009/20/1 2002/20/1 2001/20/1
f 2009/20/1 2006/20/1 2005/20/1
f 2009/20/1 2005/20/1 2004/20/1
f 2009/20/1 2004/20/1 2003/20/1
f 2010/20/1 2006/20/1 2009/20/1
f 2011/20/1 2006/20/1 2010/20/1
f 2012/20/1 2006/20/1 2011/20/1
f 2013/20/1 2006/20/1 2012/20/1
f 2014/20/1 2006/20/1 2013/20/1
f 2015/20/1 2006/20/1 2014/20/1
f 2016/20/1 2006/20/1 2015/20/1
f 2017/20/1 2008/20/1 2007/20/1
f 2018/20/1 2008/20/1 2017/20/1
f 2019/21/1 2010/21/1 2009/21/1
f 2019/20/1 2011/20/1 2010/20/1
f 2020/20/1 2011/20/1 2019/20/1
f 2021/20/1 2011/20/1 2020/20/1
f 2022/20/1 2011/20/1 2021/20/1
f 2023/21/1 2012/21/1 2011/21/1
f 2023/20/1 2011/20/1 2022/20/1
f 2024/20/1 2013/20/1 2012/20/1
f 2024/21/1 2012/21/1 2023/21/1
f 2025/21/1 2016/21/1 2015/21/1
f 2025/20/1 2015/20/1 2014/20/1
f 2026/21/1 2016/21/1 2025/21/1
f 2027/20/1 2017/20/1 2007/20/1
f 2028/20/1 2017/20/1 2027/20/1
f 2029/20/1 2017/20/1 2028/20/1
f 2030/20/1 2017/20/1 2029/20/1
f 2031/20/1 2017/20/1 2030/20/1
f 2032/20/1 2017/20/1 2031/20/1
f 2033/20/1 2008/20/1 2018/20/1
f 2034/20/1 2008/20/1 2033/20/1
f 2035/20/1 2009/20/1 2001/20/1
f 2036/20/1 2009/20/1 2035/20/1
f 2037/21/1 2019/21/1 2009/21/1
f 2037/20/1 2009/20/1 2036/20/1
f 2038/21/1 2019/21/1 2037/21/1
f 2039/20/1 2021/20/1 2020/20/1
f 2040/21/1 2022/21/1 2021/21/1
f 2040/20/1 2021/20/1 2039/20/1
f 2041/20/1 2023/20/1 2022/20/1
f 2041/21/1 2022/21/1 2040/21/1
f 2041/20/1 2024/20/1 2023/20/1
f 2042/20/1 2013/20/1 2024/20/1
f 2042/20/1 2024/20/1 2041/20/1
f 2043/20/1 2013/20/1 2042/20/1
f 2044/21/1 2014/21/1 2013/21/1
f 2045/20/1 2026/20/1 2025/20/1
f 2045/21/1 2014/21/1 2044/21/1
f 2045/20/1 2025/20/1 2014/20/1
f 2046/20/1 2027/20/1 2007/20/1
f 2047/20/1 2027/20/1 2046/20/1
f 2048/20/1 2027/20/1 2047/20/1
f 2049/20/1 2027/20/1 2048/20/1
f 2050/20/1 2029/20/1 2028/20/1
f 2050/21/1 2030/21/1 2029/21/1
f 2051/20/1 2031/20/1 2030/20/1
f 2051/21/1 2030/21/1 2050/21/1
f 2052/20/1 2017/20/1 2032/20/1
f 2053/20/1 2017/20/1 2052/20/1
f 2054/21/1 2018/21/1 2017/21/1
f 2054/20/1 2017/20/1 2053/20/1
f 2055/20/1 2033/20/1 2018/20/1
f 2055/21/1 2018/21/1 2054/21/1
f 2056/20/1 2033/20/1 2055/20/1
f 2057/20/1 2008/20/1 2034/20/1
f 2058/20/1 2013/20/1 2043/20/1
f 2058/21/1 2044/21/1 2013/21/1
f 2059/20/1 2045/20/1 2044/20/1
f 2059/21/1 2044/21/1 2058/21/1
f 2060/21/1 2047/21/1 2046/21/1
f 2061/20/1 2048/20/1 2047/20/1
f 2061/21/1 2047/21/1 2060/21/1
f 2062/21/1 2049/21/1 2048/21/1
f 2063/20/1 2027/20/1 2049/20/1
f 2063/21/1 2049/21/1 2062/21/1
f 2064/21/1 2028/21/1 2027/21/1
f 2064/20/1 2050/20/1 2028/20/1
f 2064/20/1 2051/20/1 2050/20/1
f 2065/20/1 2051/20/1 2064/20/1
f 2066/20/1 2051/20/1 2065/20/1
f 2067/20/1 2051/20/1 2066/20/1
f 2068/20/1 2031/20/1 2051/20/1
f 2068/20/1 2051/20/1 2067/20/1
f 2068/21/1 2032/21/1 2031/21/1
f 2069/20/1 2052/20/1 2032/20/1
f 2069/21/1 2032/21/1 2068/21/1
f 2070/20/1 2052/20/1 2069/20/1
f 2071/20/1 2052/20/1 2070/20/1
f 2072/20/1 2056/20/1 2055/20/1
f 2072/21/1 2053/21/1 2052/21/1
f 2072/20/1 2057/20/1 2056/20/1
f 2072/20/1 2054/20/1 2053/20/1
f 2072/20/1 2055/20/1 2054/20/1
f 2073/20/1 2057/20/1 2072/20/1
f 2074/21/1 2036/21/1 2035/21/1
f 2074/20/1 2035/20/1 2001/20/1
f 2075/20/1 2041/20/1 2040/20/1
f 2075/21/1 2036/21/1 2074/21/1
f 2075/20/1 2039/20/1 2038/20/1
f 2075/20/1 2040/20/1 2039/20/1
f 2075/20/1 2038/20/1 2037/20/1
f 2075/20/1 2037/20/1 2036/20/1
f 2075/20/1 2042/20/1 2041/20/1
f 2076/20/1 2042/20/1 2075/20/1
f 2077/20/1 2059/20/1 2058/20/1
f 2077/20/1 2026/20/1 2045/20/1
f 2077/20/1 2045/20/1 2059/20/1
f 2078/20/1 2026/20/1 2077/20/1
f 2079/20/1 2046/20/1 2007/20/1
f 2079/21/1 2060/21/1 2046/21/1
f 2080/20/1 2061/20/1 2060/20/1
f 2080/21/1 2060/21/1 2079/21/1
f 2081/21/1 2062/21/1 2048/21/1
f 2081/20/1 2061/20/1 2080/20/1
f 2081/20/1 2048/20/1 2061/20/1
f 2082/20/1 2063/20/1 2062/20/1
f 2082/21/1 2062/21/1 2081/21/1
f 2083/20/1 2070/20/1 2069/20/1
f 2083/20/1 2069/20/1 2068/20/1
f 2083/20/1 2068/20/1 2067/20/1
f 2084/20/1 2070/20/1 2083/20/1
f 2085/20/1 2057/20/1 2073/20/1
f 2086/20/1 2057/20/1 2085/20/1
f 2087/20/1 2042/20/1 2076/20/1
f 2088/20/1 2042/20/1 2087/20/1
f 2089/20/1 2042/20/1 2088/20/1
f 2090/20/1 2042/20/1 2089/20/1
f 2091/20/1 2042/20/1 2090/20/1
f 2092/20/1 2042/20/1 2091/20/1
f 2093/21/1 2043/21/1 2042/21/1
f 2093/20/1 2042/20/1 2092/20/1
f 2094/20/1 2077/20/1 2058/20/1
f 2094/21/1 2043/21/1 2093/21/1
f 2094/20/1 2058/20/1 2043/20/1
f 2095/20/1 2077/20/1 2094/20/1
f 2096/20/1 2077/20/1 2095/20/1
f 2097/20/1 2082/20/1 2081/20/1
f 2097/20/1 2080/20/1 2079/20/1
f 2097/20/1 2081/20/1 2080/20/1
f 2098/20/1 2082/20/1 2097/20/1
f 2099/20/1 2063/20/1 2082/20/1
f 2099/20/1 2082/20/1 2098/20/1
f 2099/20/1 2027/20/1 2063/20/1
f 2100/20/1 2027/20/1 2099/20/1
f 2101/21/1 2067/21/1 2066/21/1
f 2101/20/1 2066/20/1 2065/20/1
f 2102/20/1 2083/20/1 2067/20/1
f 2102/21/1 2067/21/1 2101/21/1
f 2103/21/1 2084/21/1 2083/21/1
f 2103/20/1 2083/20/1 2102/20/1
f 2104/21/1 2084/21/1 2103/21/1
f 2105/20/1 2070/20/1 2084/20/1
f 2105/21/1 2084/21/1 2104/21/1
f 2106/20/1 2070/20/1 2105/20/1
f 2107/21/1 2071/21/1 2070/21/1
f 2107/20/1 2070/20/1 2106/20/1
f 2108/20/1 2052/20/1 2071/20/1
f 2108/21/1 2071/21/1 2107/21/1
f 2109/21/1 2072/21/1 2052/21/1
f 2109/20/1 2052/20/1 2108/20/1
f 2109/21/1 2073/21/1 2072/21/1
f 2110/20/1 2085/20/1 2073/20/1
f 2110/21/1 2073/21/1 2109/21/1
f 2111/20/1 2057/20/1 2086/20/1
f 2112/20/1 2008/20/1 2057/20/1
f 2112/20/1 2057/20/1 2111/20/1
f 2113/20/1 2087/20/1 2076/20/1
f 2114/20/1 2089/20/1 2088/20/1
f 2115/21/1 2090/21/1 2089/21/1
f 2115/20/1 2089/20/1 2114/20/1
f 2116/20/1 2091/20/1 2090/20/1
f 2116/21/1 2090/21/1 2115/21/1
f 2117/21/1 2092/21/1 2091/21/1
f 2117/20/1 2091/20/1 2116/20/1
f 2118/20/1 2093/20/1 2092/20/1
f 2118/21/1 2092/21/1 2117/21/1
f 2118/20/1 2095/20/1 2094/20/1
f 2118/20/1 2094/20/1 2093/20/1
f 2119/20/1 2095/20/1 2118/20/1
f 2120/20/1 2095/20/1 2119/20/1
f 2121/20/1 2095/20/1 2120/20/1
f 2122/20/1 2095/20/1 2121/20/1
f 2123/21/1 2096/21/1 2095/21/1
f 2123/20/1 2095/20/1 2122/20/1
f 2124/20/1 2077/20/1 2096/20/1
f 2124/21/1 2096/21/1 2123/21/1
f 2125/20/1 2077/20/1 2124/20/1
f 2126/20/1 2077/20/1 2125/20/1
f 2127/21/1 2078/21/1 2077/21/1
f 2127/20/1 2077/20/1 2126/20/1
f 2128/20/1 2026/20/1 2078/20/1
f 2128/21/1 2078/21/1 2127/21/1
f 2129/20/1 2027/20/1 2100/20/1
f 2129/21/1 2064/21/1 2027/21/1
f 2129/21/1 2065/21/1 2064/21/1
f 2130/21/1 2065/21/1 2129/21/1
f 2131/20/1 2104/20/1 2103/20/1
f 2131/21/1 2065/21/1 2130/21/1
f 2131/20/1 2101/20/1 2065/20/1
f 2131/20/1 2102/20/1 2101/20/1
f 2131/20/1 2103/20/1 2102/20/1
f 2132/20/1 2104/20/1 2131/20/1
f 2133/20/1 2107/20/1 2106/20/1
f 2133/20/1 2108/20/1 2107/20/1
f 2133/20/1 2109/20/1 2108/20/1
f 2133/20/1 2110/20/1 2109/20/1
f 2134/20/1 2110/20/1 2133/20/1
f 2135/20/1 2085/20/1 2110/20/1
f 2135/20/1 2110/20/1 2134/20/1
f 2135/21/1 2086/21/1 2085/21/1
f 2136/21/1 2086/21/1 2135/21/1
f 2137/20/1 2111/20/1 2086/20/1
f 2138/20/1 2008/20/1 2112/20/1
f 2139/21/1 2076/21/1 2075/21/1
f 2139/20/1 2075/20/1 2074/20/1
f 2140/20/1 2116/20/1 2115/20/1
f 2140/21/1 2076/21/1 2139/21/1
f 2140/20/1 2117/20/1 2116/20/1
f 2140/20/1 2115/20/1 2114/20/1
f 2140/20/1 2113/20/1 2076/20/1
f 2140/20/1 2114/20/1 2113/20/1
f 2140/20/1 2119/20/1 2118/20/1
f 2140/20/1 2118/20/1 2117/20/1
f 2141/20/1 2119/20/1 2140/20/1
f 2142/21/1 2120/21/1 2119/21/1
f 2142/20/1 2119/20/1 2141/20/1
f 2143/20/1 2121/20/1 2120/20/1
f 2143/21/1 2120/21/1 2142/21/1
f 2144/21/1 2122/21/1 2121/21/1
f 2144/20/1 2121/20/1 2143/20/1
f 2145/20/1 2123/20/1 2122/20/1
f 2145/21/1 2122/21/1 2144/21/1
f 2145/20/1 2125/20/1 2124/20/1
f 2145/20/1 2124/20/1 2123/20/1
f 2146/20/1 2128/20/1 2127/20/1
f 2146/20/1 2127/20/1 2126/20/1
f 2147/20/1 2128/20/1 2146/20/1
f 2148/20/1 2128/20/1 2147/20/1
f 2149/20/1 2026/20/1 2128/20/1
f 2149/20/1 2128/20/1 2148/20/1
f 2150/20/1 2097/20/1 2079/20/1
f 2150/20/1 2079/20/1 2007/20/1
f 2151/20/1 2097/20/1 2150/20/1
f 2152/20/1 2099/20/1 2098/20/1
f 2153/21/1 2100/21/1 2099/21/1
f 2153/20/1 2099/20/1 2152/20/1
f 2154/21/1 2100/21/1 2153/21/1
f 2155/20/1 2130/20/1 2129/20/1
f 2155/21/1 2100/21/1 2154/21/1
f 2155/20/1 2129/20/1 2100/20/1
f 2156/20/1 2104/20/1 2132/20/1
f 2157/20/1 2104/20/1 2156/20/1
f 2158/20/1 2104/20/1 2157/20/1
f 2159/21/1 2106/21/1 2105/21/1
f 2159/20/1 2104/20/1 2158/20/1
f 2159/21/1 2105/21/1 2104/21/1
f 2160/20/1 2133/20/1 2106/20/1
f 2160/21/1 2106/21/1 2159/21/1
f 2161/21/1 2134/21/1 2133/21/1
f 2161/20/1 2133/20/1 2160/20/1
f 2162/20/1 2136/20/1 2135/20/1
f 2162/21/1 2134/21/1 2161/21/1
f 2162/20/1 2135/20/1 2134/20/1
f 2163/21/1 2086/21/1 2136/21/1
f 2163/20/1 2136/20/1 2162/20/1
f 2164/21/1 2086/21/1 2163/21/1
f 2165/20/1 2074/20/1 2001/20/1
f 2165/20/1 2139/20/1 2074/20/1
f 2165/20/1 2140/20/1 2139/20/1
f 2166/20/1 2140/20/1 2165/20/1
f 2167/21/1 2141/21/1 2140/21/1
f 2167/20/1 2140/20/1 2166/20/1
f 2168/20/1 2144/20/1 2143/20/1
f 2168/21/1 2141/21/1 2167/21/1
f 2168/20/1 2143/20/1 2142/20/1
f 2168/20/1 2145/20/1 2144/20/1
f 2168/20/1 2142/20/1 2141/20/1
f 2169/20/1 2145/20/1 2168/20/1
f 2170/20/1 2125/20/1 2145/20/1
f 2170/20/1 2145/20/1 2169/20/1
f 2171/20/1 2097/20/1 2151/20/1
f 2172/20/1 2097/20/1 2171/20/1
f 2173/21/1 2098/21/1 2097/21/1
f 2173/20/1 2097/20/1 2172/20/1
f 2174/20/1 2152/20/1 2098/20/1
f 2174/21/1 2098/21/1 2173/21/1
f 2175/20/1 2158/20/1 2157/20/1
f 2175/21/1 2159/21/1 2158/21/1
f 2176/20/1 2162/20/1 2161/20/1
f 2176/21/1 2159/21/1 2175/21/1
f 2176/20/1 2160/20/1 2159/20/1
f 2176/20/1 2164/20/1 2163/20/1
f 2176/20/1 2163/20/1 2162/20/1
f 2176/20/1 2161/20/1 2160/20/1
f 2177/20/1 2164/20/1 2176/20/1
f 2178/20/1 2164/20/1 2177/20/1
f 2179/20/1 2164/20/1 2178/20/1
f 2180/20/1 2164/20/1 2179/20/1
f 2181/20/1 2164/20/1 2180/20/1
f 2182/20/1 2164/20/1 2181/20/1
f 2183/20/1 2169/20/1 2168/20/1
f 2183/20/1 2167/20/1 2166/20/1
f 2183/20/1 2168/20/1 2167/20/1
f 2184/20/1 2169/20/1 2183/20/1
f 2185/20/1 2125/20/1 2170/20/1
f 2186/20/1 2125/20/1 2185/20/1
f 2187/21/1 2126/21/1 2125/21/1
f 2187/20/1 2125/20/1 2186/20/1
f 2188/20/1 2146/20/1 2126/20/1
f 2188/21/1 2126/21/1 2187/21/1
f 2189/21/1 2147/21/1 2146/21/1
f 2189/20/1 2146/20/1 2188/20/1
f 2190/20/1 2148/20/1 2147/20/1
f 2190/21/1 2147/21/1 2189/21/1
f 2191/21/1 2149/21/1 2148/21/1
f 2191/20/1 2148/20/1 2190/20/1
f 2192/20/1 2026/20/1 2149/20/1
f 2192/21/1 2149/21/1 2191/21/1
f 2193/20/1 2152/20/1 2174/20/1
f 2193/21/1 2154/21/1 2153/21/1
f 2193/20/1 2173/20/1 2172/20/1
f 2193/21/1 2153/21/1 2152/21/1
f 2193/20/1 2174/20/1 2173/20/1
f 2194/20/1 2155/20/1 2154/20/1
f 2194/21/1 2154/21/1 2193/21/1
f 2195/20/1 2130/20/1 2155/20/1
f 2195/20/1 2155/20/1 2194/20/1
f 2196/20/1 2130/20/1 2195/20/1
f 2197/21/1 2132/21/1 2131/21/1
f 2197/20/1 2130/20/1 2196/20/1
f 2197/21/1 2131/21/1 2130/21/1
f 2198/20/1 2156/20/1 2132/20/1
f 2198/21/1 2132/21/1 2197/21/1
f 2199/20/1 2156/20/1 2198/20/1
f 2200/21/1 2157/21/1 2156/21/1
f 2200/20/1 2156/20/1 2199/20/1
f 2201/21/1 2157/21/1 2200/21/1
f 2202/20/1 2175/20/1 2157/20/1
f 2202/21/1 2157/21/1 2201/21/1
f 2202/20/1 2176/20/1 2175/20/1
f 2202/20/1 2177/20/1 2176/20/1
f 2203/20/1 2138/20/1 2137/20/1
f 2203/20/1 2137/20/1 2086/20/1
f 2204/20/1 2008/20/1 2138/20/1
f 2204/20/1 2138/20/1 2203/20/1
f 2205/20/1 2183/20/1 2166/20/1
f 2206/20/1 2169/20/1 2184/20/1
f 2207/20/1 2169/20/1 2206/20/1
f 2208/20/1 2169/20/1 2207/20/1
f 2209/20/1 2185/20/1 2170/20/1
f 2209/21/1 2186/21/1 2185/21/1
f 2210/20/1 2189/20/1 2188/20/1
f 2210/21/1 2186/21/1 2209/21/1
f 2210/20/1 2192/20/1 2191/20/1
f 2210/20/1 2191/20/1 2190/20/1
f 2210/20/1 2190/20/1 2189/20/1
f 2210/20/1 2187/20/1 2186/20/1
f 2210/20/1 2188/20/1 2187/20/1
f 2211/20/1 2192/20/1 2210/20/1
f 2212/20/1 2192/20/1 2211/20/1
f 2213/20/1 2177/20/1 2202/20/1
f 2213/20/1 2202/20/1 2201/20/1
f 2214/20/1 2177/20/1 2213/20/1
f 2215/21/1 2180/21/1 2179/21/1
f 2215/20/1 2179/20/1 2178/20/1
f 2216/20/1 2181/20/1 2180/20/1
f 2216/21/1 2180/21/1 2215/21/1
f 2217/21/1 2086/21/1 2164/21/1
f 2217/20/1 2164/20/1 2182/20/1
f 2218/20/1 2203/20/1 2086/20/1
f 2218/21/1 2086/21/1 2217/21/1
f 2219/20/1 2203/20/1 2218/20/1
f 2220/20/1 2008/20/1 2204/20/1
f 2221/21/1 2166/21/1 2165/21/1
f 2222/20/1 2207/20/1 2206/20/1
f 2222/21/1 2166/21/1 2221/21/1
f 2222/20/1 2206/20/1 2205/20/1
f 2222/20/1 2205/20/1 2166/20/1
f 2223/20/1 2207/20/1 2222/20/1
f 2224/20/1 2207/20/1 2223/20/1
f 2225/21/1 2170/21/1 2169/21/1
f 2225/20/1 2169/20/1 2208/20/1
f 2226/20/1 2209/20/1 2170/20/1
f 2226/21/1 2170/21/1 2225/21/1
f 2226/20/1 2210/20/1 2209/20/1
f 2226/20/1 2211/20/1 2210/20/1
f 2227/21/1 2212/21/1 2211/21/1
f 2227/20/1 2211/20/1 2226/20/1
f 2228/20/1 2192/20/1 2212/20/1
f 2228/21/1 2212/21/1 2227/21/1
f 2229/20/1 2150/20/1 2007/20/1
f 2229/21/1 2151/21/1 2150/21/1
f 2230/20/1 2171/20/1 2151/20/1
f 2230/21/1 2151/21/1 2229/21/1
f 2231/21/1 2172/21/1 2171/21/1
f 2231/20/1 2171/20/1 2230/20/1
f 2232/20/1 2194/20/1 2193/20/1
f 2232/21/1 2172/21/1 2231/21/1
f 2232/20/1 2193/20/1 2172/20/1
f 2232/20/1 2195/20/1 2194/20/1
f 2233/20/1 2195/20/1 2232/20/1
f 2234/20/1 2195/20/1 2233/20/1
f 2235/21/1 2196/21/1 2195/21/1
f 2235/20/1 2195/20/1 2234/20/1
f 2236/20/1 2199/20/1 2198/20/1
f 2236/21/1 2196/21/1 2235/21/1
f 2236/20/1 2197/20/1 2196/20/1
f 2236/20/1 2198/20/1 2197/20/1
f 2237/20/1 2213/20/1 2201/20/1
f 2238/20/1 2213/20/1 2237/20/1
f 2239/21/1 2214/21/1 2213/21/1
f 2239/20/1 2213/20/1 2238/20/1
f 2240/20/1 2177/20/1 2214/20/1
f 2240/21/1 2214/21/1 2239/21/1
f 2241/21/1 2178/21/1 2177/21/1
f 2241/20/1 2177/20/1 2240/20/1
f 2242/20/1 2216/20/1 2215/20/1
f 2242/21/1 2178/21/1 2241/21/1
f 2242/20/1 2215/20/1 2178/20/1
f 2243/20/1 2218/20/1 2217/20/1
f 2243/20/1 2217/20/1 2182/20/1
f 2243/20/1 2219/20/1 2218/20/1
f 2243/20/1 2220/20/1 2219/20/1
f 2244/20/1 2220/20/1 2243/20/1
f 2245/20/1 2222/20/1 2221/20/1
f 2245/20/1 2223/20/1 2222/20/1
f 2246/20/1 2223/20/1 2245/20/1
f 2247/20/1 2227/20/1 2226/20/1
f 2247/20/1 2228/20/1 2227/20/1
f 2247/20/1 2226/20/1 2225/20/1
f 2248/20/1 2228/20/1 2247/20/1
f 2249/20/1 2228/20/1 2248/20/1
f 2250/20/1 2228/20/1 2249/20/1
f 2251/20/1 2192/20/1 2228/20/1
f 2251/20/1 2228/20/1 2250/20/1
f 2252/20/1 2026/20/1 2192/20/1
f 2252/20/1 2192/20/1 2251/20/1
f 2253/20/1 2231/20/1 2230/20/1
f 2253/20/1 2230/20/1 2229/20/1
f 2253/20/1 2229/20/1 2007/20/1
f 2253/20/1 2233/20/1 2232/20/1
f 2253/20/1 2232/20/1 2231/20/1
f 2254/20/1 2233/20/1 2253/20/1
f 2255/20/1 2233/20/1 2254/20/1
f 2256/21/1 2234/21/1 2233/21/1
f 2256/20/1 2233/20/1 2255/20/1
f 2257/21/1 2234/21/1 2256/21/1
f 2258/20/1 2235/20/1 2234/20/1
f 2258/21/1 2234/21/1 2257/21/1
f 2258/20/1 2236/20/1 2235/20/1
f 2259/20/1 2236/20/1 2258/20/1
f 2260/20/1 2199/20/1 2236/20/1
f 2260/20/1 2236/20/1 2259/20/1
f 2261/20/1 2199/20/1 2260/20/1
f 2262/20/1 2199/20/1 2261/20/1
f 2263/21/1 2201/21/1 2200/21/1
f 2263/20/1 2199/20/1 2262/20/1
f 2263/21/1 2200/21/1 2199/21/1
f 2264/20/1 2237/20/1 2201/20/1
f 2264/21/1 2201/21/1 2263/21/1
f 2265/20/1 2241/20/1 2240/20/1
f 2265/20/1 2242/20/1 2241/20/1
f 2265/20/1 2239/20/1 2238/20/1
f 2265/20/1 2240/20/1 2239/20/1
f 2266/20/1 2242/20/1 2265/20/1
f 2267/20/1 2181/20/1 2216/20/1
f 2267/20/1 2242/20/1 2266/20/1
f 2267/20/1 2216/20/1 2242/20/1
f 2268/21/1 2182/21/1 2181/21/1
f 2268/20/1 2181/20/1 2267/20/1
f 2269/20/1 2220/20/1 2244/20/1
f 2270/20/1 2008/20/1 2220/20/1
f 2270/20/1 2220/20/1 2269/20/1
f 2271/20/1 2245/20/1 2221/20/1
f 2272/21/1 2246/21/1 2245/21/1
f 2272/20/1 2245/20/1 2271/20/1
f 2273/20/1 2223/20/1 2246/20/1
f 2273/21/1 2246/21/1 2272/21/1
f 2274/21/1 2224/21/1 2223/21/1
f 2274/20/1 2223/20/1 2273/20/1
f 2275/20/1 2207/20/1 2224/20/1
f 2275/21/1 2224/21/1 2274/21/1
f 2276/21/1 2208/21/1 2207/21/1
f 2276/20/1 2207/20/1 2275/20/1
f 2277/20/1 2225/20/1 2208/20/1
f 2277/21/1 2208/21/1 2276/21/1
f 2277/20/1 2247/20/1 2225/20/1
f 2278/20/1 2247/20/1 2277/20/1
f 2279/20/1 2247/20/1 2278/20/1
f 2280/21/1 2248/21/1 2247/21/1
f 2280/20/1 2247/20/1 2279/20/1
f 2281/21/1 2248/21/1 2280/21/1
f 2282/20/1 2259/20/1 2258/20/1
f 2282/20/1 2258/20/1 2257/20/1
f 2283/21/1 2260/21/1 2259/21/1
f 2283/20/1 2259/20/1 2282/20/1
f 2284/20/1 2237/20/1 2264/20/1
f 2284/20/1 2263/20/1 2262/20/1
f 2284/20/1 2264/20/1 2263/20/1
f 2284/21/1 2238/21/1 2237/21/1
f 2285/20/1 2265/20/1 2238/20/1
f 2285/21/1 2238/21/1 2284/21/1
f 2286/21/1 2272/21/1 2271/21/1
f 2287/20/1 2276/20/1 2275/20/1
f 2287/21/1 2272/21/1 2286/21/1
f 2287/20/1 2274/20/1 2273/20/1
f 2287/20/1 2273/20/1 2272/20/1
f 2287/20/1 2277/20/1 2276/20/1
f 2287/20/1 2275/20/1 2274/20/1
f 2287/20/1 2278/20/1 2277/20/1
f 2288/20/1 2278/20/1 2287/20/1
f 2289/20/1 2278/20/1 2288/20/1
f 2290/20/1 2251/20/1 2250/20/1
f 2291/20/1 2251/20/1 2290/20/1
f 2292/21/1 2252/21/1 2251/21/1
f 2292/20/1 2251/20/1 2291/20/1
f 2293/20/1 2026/20/1 2252/20/1
f 2293/21/1 2252/21/1 2292/21/1
f 2294/21/1 2254/21/1 2253/21/1
f 2294/20/1 2253/20/1 2007/20/1
f 2295/20/1 2255/20/1 2254/20/1
f 2295/21/1 2254/21/1 2294/21/1
f 2296/21/1 2257/21/1 2256/21/1
f 2296/20/1 2255/20/1 2295/20/1
f 2296/21/1 2256/21/1 2255/21/1
f 2297/20/1 2282/20/1 2257/20/1
f 2297/21/1 2257/21/1 2296/21/1
f 2298/20/1 2282/20/1 2297/20/1
f 2299/20/1 2285/20/1 2284/20/1
f 2299/20/1 2284/20/1 2262/20/1
f 2300/20/1 2285/20/1 2299/20/1
f 2301/21/1 2266/21/1 2265/21/1
f 2301/20/1 2285/20/1 2300/20/1
f 2301/20/1 2265/20/1 2285/20/1
f 2302/20/1 2267/20/1 2266/20/1
f 2302/21/1 2266/21/1 2301/21/1
f 2303/20/1 2267/20/1 2302/20/1
f 2304/20/1 2267/20/1 2303/20/1
f 2305/21/1 2268/21/1 2267/21/1
f 2305/20/1 2267/20/1 2304/20/1
f 2306/21/1 2182/21/1 2268/21/1
f 2306/21/1 2268/21/1 2305/21/1
f 2306/20/1 2243/20/1 2182/20/1
f 2307/20/1 2269/20/1 2244/20/1
f 2307/21/1 2270/21/1 2269/21/1
f 2308/20/1 2008/20/1 2270/20/1
f 2308/21/1 2270/21/1 2307/21/1
f 2309/20/1 2008/20/1 2308/20/1
f 2310/20/1 2008/20/1 2309/20/1
f 2311/20/1 2287/20/1 2286/20/1
f 2311/20/1 2288/20/1 2287/20/1
f 2312/20/1 2288/20/1 2311/20/1
f 2313/21/1 2289/21/1 2288/21/1
f 2313/20/1 2288/20/1 2312/20/1
f 2314/20/1 2278/20/1 2289/20/1
f 2314/21/1 2289/21/1 2313/21/1
f 2315/20/1 2278/20/1 2314/20/1
f 2316/20/1 2278/20/1 2315/20/1
f 2317/21/1 2279/21/1 2278/21/1
f 2317/20/1 2278/20/1 2316/20/1
f 2318/20/1 2280/20/1 2279/20/1
f 2318/21/1 2279/21/1 2317/21/1
f 2318/20/1 2281/20/1 2280/20/1
f 2319/21/1 2248/21/1 2281/21/1
f 2319/20/1 2281/20/1 2318/20/1
f 2320/20/1 2249/20/1 2248/20/1
f 2320/21/1 2248/21/1 2319/21/1
f 2321/21/1 2250/21/1 2249/21/1
f 2321/20/1 2249/20/1 2320/20/1
f 2322/20/1 2290/20/1 2250/20/1
f 2322/21/1 2250/21/1 2321/21/1
f 2323/21/1 2262/21/1 2261/21/1
f 2323/20/1 2261/20/1 2260/20/1
f 2324/21/1 2262/21/1 2323/21/1
f 2325/20/1 2299/20/1 2262/20/1
f 2325/21/1 2262/21/1 2324/21/1
f 2326/20/1 2299/20/1 2325/20/1
f 2327/20/1 2299/20/1 2326/20/1
f 2328/20/1 2299/20/1 2327/20/1
f 2329/21/1 2300/21/1 2299/21/1
f 2330/20/1 2301/20/1 2300/20/1
f 2330/21/1 2300/21/1 2329/21/1
f 2330/20/1 2303/20/1 2302/20/1
f 2330/20/1 2302/20/1 2301/20/1
f 2331/20/1 2243/20/1 2306/20/1
f 2331/20/1 2305/20/1 2304/20/1
f 2331/20/1 2306/20/1 2305/20/1
f 2331/21/1 2244/21/1 2243/21/1
f 2332/20/1 2307/20/1 2244/20/1
f 2332/21/1 2244/21/1 2331/21/1
f 2332/20/1 2309/20/1 2308/20/1
f 2332/20/1 2308/20/1 2307/20/1
f 2333/20/1 2313/20/1 2312/20/1
f 2333/21/1 2316/21/1 2315/21/1
f 2333/20/1 2315/20/1 2314/20/1
f 2333/20/1 2314/20/1 2313/20/1
f 2334/20/1 2319/20/1 2318/20/1
f 2334/21/1 2316/21/1 2333/21/1
f 2334/20/1 2320/20/1 2319/20/1
f 2334/20/1 2317/20/1 2316/20/1
f 2334/20/1 2321/20/1 2320/20/1
f 2334/20/1 2318/20/1 2317/20/1
f 2334/20/1 2322/20/1 2321/20/1
f 2335/21/1 2291/21/1 2290/21/1
f 2335/20/1 2322/20/1 2334/20/1
f 2335/20/1 2290/20/1 2322/20/1
f 2336/20/1 2292/20/1 2291/20/1
f 2336/21/1 2291/21/1 2335/21/1
f 2336/20/1 2293/20/1 2292/20/1
f 2337/20/1 2293/20/1 2336/20/1
f 2338/20/1 2293/20/1 2337/20/1
f 2339/21/1 2260/21/1 2283/21/1
f 2339/21/1 2283/21/1 2282/21/1
f 2340/20/1 2324/20/1 2323/20/1
f 2340/21/1 2260/21/1 2339/21/1
f 2340/20/1 2323/20/1 2260/20/1
f 2341/21/1 2325/21/1 2324/21/1
f 2341/20/1 2324/20/1 2340/20/1
f 2341/21/1 2326/21/1 2325/21/1
f 2342/20/1 2327/20/1 2326/20/1
f 2342/21/1 2326/21/1 2341/21/1
f 2343/21/1 2328/21/1 2327/21/1
f 2343/20/1 2327/20/1 2342/20/1
f 2344/20/1 2299/20/1 2328/20/1
f 2344/21/1 2328/21/1 2343/21/1
f 2345/21/1 2329/21/1 2299/21/1
f 2345/20/1 2299/20/1 2344/20/1
f 2346/20/1 2330/20/1 2329/20/1
f 2346/21/1 2329/21/1 2345/21/1
f 2347/20/1 2303/20/1 2330/20/1
f 2347/20/1 2330/20/1 2346/20/1
f 2347/21/1 2304/21/1 2303/21/1
f 2348/20/1 2331/20/1 2304/20/1
f 2348/21/1 2304/21/1 2347/21/1
f 2348/20/1 2332/20/1 2331/20/1
f 2349/21/1 2312/21/1 2311/21/1
f 2350/20/1 2335/20/1 2334/20/1
f 2350/21/1 2312/21/1 2349/21/1
f 2350/20/1 2334/20/1 2333/20/1
f 2350/20/1 2333/20/1 2312/20/1
f 2350/20/1 2336/20/1 2335/20/1
f 2350/20/1 2337/20/1 2336/20/1
f 2351/20/1 2337/20/1 2350/20/1
f 2352/20/1 2337/20/1 2351/20/1
f 2353/20/1 2337/20/1 2352/20/1
f 2354/20/1 2337/20/1 2353/20/1
f 2355/20/1 2337/20/1 2354/20/1
f 2356/20/1 2337/20/1 2355/20/1
f 2357/20/1 2294/20/1 2007/20/1
f 2357/20/1 2295/20/1 2294/20/1
f 2357/20/1 2296/20/1 2295/20/1
f 2358/20/1 2296/20/1 2357/20/1
f 2359/20/1 2282/20/1 2298/20/1
f 2359/21/1 2339/21/1 2282/21/1
f 2360/20/1 2343/20/1 2342/20/1
f 2360/21/1 2339/21/1 2359/21/1
f 2360/20/1 2348/20/1 2347/20/1
f 2360/20/1 2340/20/1 2339/20/1
f 2360/20/1 2344/20/1 2343/20/1
f 2360/20/1 2346/20/1 2345/20/1
f 2360/20/1 2342/20/1 2341/20/1
f 2360/20/1 2341/20/1 2340/20/1
f 2360/20/1 2347/20/1 2346/20/1
f 2360/20/1 2345/20/1 2344/20/1
f 2361/20/1 2348/20/1 2360/20/1
f 2362/20/1 2348/20/1 2361/20/1
f 2363/20/1 2348/20/1 2362/20/1
f 2364/20/1 2348/20/1 2363/20/1
f 2365/20/1 2332/20/1 2348/20/1
f 2365/20/1 2348/20/1 2364/20/1
f 2366/20/1 2332/20/1 2365/20/1
f 2367/20/1 2353/20/1 2352/20/1
f 2368/20/1 2353/20/1 2367/20/1
f 2369/21/1 2354/21/1 2353/21/1
f 2369/20/1 2353/20/1 2368/20/1
f 2370/20/1 2355/20/1 2354/20/1
f 2370/21/1 2354/21/1 2369/21/1
f 2371/20/1 2293/20/1 2338/20/1
f 2371/20/1 2026/20/1 2293/20/1
f 2372/20/1 2026/20/1 2371/20/1
f 2373/20/1 2360/20/1 2359/20/1
f 2373/20/1 2361/20/1 2360/20/1
f 2374/20/1 2361/20/1 2373/20/1
f 2375/21/1 2364/21/1 2363/21/1
f 2375/20/1 2363/20/1 2362/20/1
f 2376/20/1 2365/20/1 2364/20/1
f 2376/21/1 2364/21/1 2375/21/1
f 2377/20/1 2332/20/1 2366/20/1
f 2378/20/1 2309/20/1 2332/20/1
f 2378/20/1 2332/20/1 2377/20/1
f 2379/21/1 2310/21/1 2309/21/1
f 2379/20/1 2309/20/1 2378/20/1
f 2380/21/1 2310/21/1 2379/21/1
f 2381/21/1 2352/21/1 2351/21/1
f 2382/20/1 2367/20/1 2352/20/1
f 2382/21/1 2352/21/1 2381/21/1
f 2383/20/1 2367/20/1 2382/20/1
f 2384/21/1 2368/21/1 2367/21/1
f 2384/20/1 2367/20/1 2383/20/1
f 2385/20/1 2370/20/1 2369/20/1
f 2385/21/1 2368/21/1 2384/21/1
f 2385/20/1 2369/20/1 2368/20/1
f 2386/20/1 2337/20/1 2356/20/1
f 2387/20/1 2337/20/1 2386/20/1
f 2388/21/1 2372/21/1 2371/21/1
f 2388/20/1 2371/20/1 2338/20/1
f 2389/20/1 2026/20/1 2372/20/1
f 2389/21/1 2372/21/1 2388/21/1
f 2390/20/1 2361/20/1 2374/20/1
f 2391/21/1 2362/21/1 2361/21/1
f 2391/20/1 2361/20/1 2390/20/1
f 2392/20/1 2375/20/1 2362/20/1
f 2392/21/1 2362/21/1 2391/21/1
f 2392/20/1 2376/20/1 2375/20/1
f 2393/20/1 2365/20/1 2376/20/1
f 2393/20/1 2376/20/1 2392/20/1
f 2394/20/1 2379/20/1 2378/20/1
f 2394/20/1 2380/20/1 2379/20/1
f 2395/20/1 2380/20/1 2394/20/1
f 2396/20/1 2351/20/1 2350/20/1
f 2396/20/1 2350/20/1 2349/20/1
f 2397/21/1 2381/21/1 2351/21/1
f 2397/20/1 2351/20/1 2396/20/1
f 2398/20/1 2382/20/1 2381/20/1
f 2398/21/1 2381/21/1 2397/21/1
f 2399/20/1 2370/20/1 2385/20/1
f 2399/20/1 2355/20/1 2370/20/1
f 2399/21/1 2356/21/1 2355/21/1
f 2399/20/1 2385/20/1 2384/20/1
f 2399/20/1 2384/20/1 2383/20/1
f 2400/20/1 2386/20/1 2356/20/1
f 2400/21/1 2356/21/1 2399/21/1
f 2401/21/1 2387/21/1 2386/21/1
f 2401/20/1 2386/20/1 2400/20/1
f 2402/21/1 2387/21/1 2401/21/1
f 2403/20/1 2359/20/1 2298/20/1
f 2403/20/1 2373/20/1 2359/20/1
f 2404/20/1 2373/20/1 2403/20/1
f 2405/20/1 2365/20/1 2393/20/1
f 2405/21/1 2366/21/1 2365/21/1
f 2406/20/1 2377/20/1 2366/20/1
f 2406/21/1 2366/21/1 2405/21/1
f 2407/20/1 2382/20/1 2398/20/1
f 2407/20/1 2398/20/1 2397/20/1
f 2407/21/1 2383/21/1 2382/21/1
f 2408/20/1 2399/20/1 2383/20/1
f 2408/21/1 2383/21/1 2407/21/1
f 2408/20/1 2400/20/1 2399/20/1
f 2408/20/1 2401/20/1 2400/20/1
f 2408/20/1 2402/20/1 2401/20/1
f 2409/20/1 2402/20/1 2408/20/1
f 2410/20/1 2402/20/1 2409/20/1
f 2411/21/1 2387/21/1 2402/21/1
f 2411/20/1 2402/20/1 2410/20/1
f 2412/21/1 2387/21/1 2411/21/1
f 2413/20/1 2337/20/1 2387/20/1
f 2413/21/1 2387/21/1 2412/21/1
f 2414/20/1 2337/20/1 2413/20/1
f 2415/20/1 2357/20/1 2007/20/1
f 2415/21/1 2358/21/1 2357/21/1
f 2416/20/1 2296/20/1 2358/20/1
f 2416/21/1 2358/21/1 2415/21/1
f 2417/20/1 2373/20/1 2404/20/1
f 2417/21/1 2374/21/1 2373/21/1
f 2418/20/1 2390/20/1 2374/20/1
f 2418/21/1 2374/21/1 2417/21/1
f 2419/20/1 2407/20/1 2397/20/1
f 2419/20/1 2408/20/1 2407/20/1
f 2419/20/1 2409/20/1 2408/20/1
f 2420/20/1 2409/20/1 2419/20/1
f 2421/21/1 2414/21/1 2413/21/1
f 2421/20/1 2412/20/1 2411/20/1
f 2421/21/1 2413/21/1 2412/21/1
f 2421/20/1 2411/20/1 2410/20/1
f 2422/20/1 2337/20/1 2414/20/1
f 2422/21/1 2414/21/1 2421/21/1
f 2423/20/1 2026/20/1 2389/20/1
f 2423/20/1 2389/20/1 2388/20/1
f 2424/20/1 2026/20/1 2423/20/1
f 2425/21/1 2404/21/1 2403/21/1
f 2426/20/1 2417/20/1 2404/20/1
f 2426/21/1 2404/21/1 2425/21/1
f 2426/20/1 2418/20/1 2417/20/1
f 2427/20/1 2377/20/1 2406/20/1
f 2427/20/1 2406/20/1 2405/20/1
f 2427/21/1 2378/21/1 2377/21/1
f 2428/20/1 2394/20/1 2378/20/1
f 2428/21/1 2378/21/1 2427/21/1
f 2429/21/1 2395/21/1 2394/21/1
f 2429/20/1 2394/20/1 2428/20/1
f 2430/20/1 2380/20/1 2395/20/1
f 2430/21/1 2395/21/1 2429/21/1
f 2431/20/1 2409/20/1 2420/20/1
f 2432/20/1 2409/20/1 2431/20/1
f 2433/21/1 2410/21/1 2409/21/1
f 2433/20/1 2409/20/1 2432/20/1
f 2434/20/1 2421/20/1 2410/20/1
f 2434/21/1 2410/21/1 2433/21/1
f 2434/20/1 2422/20/1 2421/20/1
f 2435/21/1 2338/21/1 2337/21/1
f 2435/20/1 2422/20/1 2434/20/1
f 2435/20/1 2337/20/1 2422/20/1
f 2436/20/1 2423/20/1 2388/20/1
f 2436/21/1 2338/21/1 2435/21/1
f 2436/20/1 2388/20/1 2338/20/1
f 2437/20/1 2429/20/1 2428/20/1
f 2437/20/1 2428/20/1 2427/20/1
f 2437/20/1 2430/20/1 2429/20/1
f 2438/20/1 2430/20/1 2437/20/1
f 2439/21/1 2397/21/1 2396/21/1
f 2439/20/1 2396/20/1 2349/20/1
f 2440/20/1 2419/20/1 2397/20/1
f 2440/21/1 2397/21/1 2439/21/1
f 2441/20/1 2433/20/1 2432/20/1
f 2441/20/1 2436/20/1 2435/20/1
f 2441/20/1 2434/20/1 2433/20/1
f 2441/20/1 2435/20/1 2434/20/1
f 2442/20/1 2436/20/1 2441/20/1
f 2443/20/1 2437/20/1 2427/20/1
f 2443/20/1 2427/20/1 2405/20/1
f 2444/20/1 2437/20/1 2443/20/1
f 2445/20/1 2436/20/1 2442/20/1
f 2446/20/1 2423/20/1 2436/20/1
f 2446/20/1 2436/20/1 2445/20/1
f 2447/21/1 2424/21/1 2423/21/1
f 2447/20/1 2423/20/1 2446/20/1
f 2448/20/1 2026/20/1 2424/20/1
f 2448/21/1 2424/21/1 2447/21/1
f 2449/20/1 2415/20/1 2007/20/1
f 2449/20/1 2416/20/1 2415/20/1
f 2450/20/1 2296/20/1 2416/20/1
f 2450/20/1 2416/20/1 2449/20/1
f 2451/20/1 2418/20/1 2426/20/1
f 2451/20/1 2426/20/1 2425/20/1
f 2452/20/1 2418/20/1 2451/20/1
f 2453/21/1 2438/21/1 2437/21/1
f 2453/20/1 2430/20/1 2438/20/1
f 2454/20/1 2380/20/1 2430/20/1
f 2454/20/1 2430/20/1 2453/20/1
f 2455/20/1 2440/20/1 2439/20/1
f 2455/20/1 2439/20/1 2349/20/1
f 2456/20/1 2419/20/1 2440/20/1
f 2456/20/1 2440/20/1 2455/20/1
f 2457/21/1 2420/21/1 2419/21/1
f 2457/20/1 2419/20/1 2456/20/1
f 2458/20/1 2431/20/1 2420/20/1
f 2458/21/1 2420/21/1 2457/21/1
f 2459/20/1 2441/20/1 2432/20/1
f 2460/20/1 2441/20/1 2459/20/1
f 2461/21/1 2444/21/1 2443/21/1
f 2461/20/1 2443/20/1 2405/20/1
f 2462/20/1 2437/20/1 2444/20/1
f 2462/21/1 2444/21/1 2461/21/1
f 2463/20/1 2457/20/1 2456/20/1
f 2463/20/1 2458/20/1 2457/20/1
f 2464/20/1 2431/20/1 2458/20/1
f 2464/20/1 2458/20/1 2463/20/1
f 2465/21/1 2432/21/1 2431/21/1
f 2465/20/1 2431/20/1 2464/20/1
f 2466/20/1 2459/20/1 2432/20/1
f 2466/21/1 2432/21/1 2465/21/1
f 2467/21/1 2452/21/1 2451/21/1
f 2467/20/1 2451/20/1 2425/20/1
f 2468/20/1 2418/20/1 2452/20/1
f 2468/21/1 2452/21/1 2467/21/1
f 2469/21/1 2453/21/1 2437/21/1
f 2469/20/1 2437/20/1 2462/20/1
f 2469/21/1 2454/21/1 2453/21/1
f 2469/20/1 2462/20/1 2461/20/1
f 2470/21/1 2454/21/1 2469/21/1
f 2471/20/1 2445/20/1 2442/20/1
f 2471/21/1 2446/21/1 2445/21/1
f 2472/20/1 2448/20/1 2447/20/1
f 2472/21/1 2446/21/1 2471/21/1
f 2472/20/1 2447/20/1 2446/20/1
f 2473/21/1 2450/21/1 2449/21/1
f 2473/20/1 2449/20/1 2007/20/1
f 2474/20/1 2296/20/1 2450/20/1
f 2474/21/1 2450/21/1 2473/21/1
f 2475/20/1 2470/20/1 2469/20/1
f 2475/20/1 2469/20/1 2461/20/1
f 2476/20/1 2470/20/1 2475/20/1
f 2477/20/1 2470/20/1 2476/20/1
f 2478/20/1 2470/20/1 2477/20/1
f 2479/21/1 2454/21/1 2470/21/1
f 2479/20/1 2470/20/1 2478/20/1
f 2480/21/1 2454/21/1 2479/21/1
f 2481/20/1 2455/20/1 2349/20/1
f 2481/21/1 2456/21/1 2455/21/1
f 2482/20/1 2463/20/1 2456/20/1
f 2482/21/1 2456/21/1 2481/21/1
f 2483/21/1 2464/21/1 2463/21/1
f 2483/20/1 2463/20/1 2482/20/1
f 2484/20/1 2465/20/1 2464/20/1
f 2484/21/1 2464/21/1 2483/21/1
f 2484/20/1 2466/20/1 2465/20/1
f 2485/20/1 2472/20/1 2471/20/1
f 2486/20/1 2448/20/1 2472/20/1
f 2486/20/1 2472/20/1 2485/20/1
f 2487/20/1 2473/20/1 2007/20/1
f 2487/20/1 2474/20/1 2473/20/1
f 2488/20/1 2296/20/1 2474/20/1
f 2488/20/1 2474/20/1 2487/20/1
f 2489/20/1 2468/20/1 2467/20/1
f 2490/20/1 2418/20/1 2468/20/1
f 2490/20/1 2468/20/1 2489/20/1
f 2491/20/1 2480/20/1 2479/20/1
f 2491/20/1 2479/20/1 2478/20/1
f 2492/20/1 2480/20/1 2491/20/1
f 2493/20/1 2482/20/1 2481/20/1
f 2493/20/1 2466/20/1 2484/20/1
f 2493/20/1 2483/20/1 2482/20/1
f 2493/20/1 2484/20/1 2483/20/1
f 2494/20/1 2459/20/1 2466/20/1
f 2494/20/1 2466/20/1 2493/20/1
f 2495/21/1 2460/21/1 2459/21/1
f 2495/20/1 2459/20/1 2494/20/1
f 2496/20/1 2441/20/1 2460/20/1
f 2496/21/1 2460/21/1 2495/21/1
f 2497/21/1 2478/21/1 2477/21/1
f 2497/20/1 2477/20/1 2476/20/1
f 2498/20/1 2491/20/1 2478/20/1
f 2498/21/1 2478/21/1 2497/21/1
f 2499/20/1 2495/20/1 2494/20/1
f 2499/20/1 2496/20/1 2495/20/1
f 2500/20/1 2441/20/1 2496/20/1
f 2500/20/1 2496/20/1 2499/20/1
f 2501/20/1 2485/20/1 2471/20/1
f 2501/21/1 2486/21/1 2485/21/1
f 2502/20/1 2448/20/1 2486/20/1
f 2502/21/1 2486/21/1 2501/21/1
f 2503/20/1 2487/20/1 2007/20/1
f 2503/21/1 2488/21/1 2487/21/1
f 2504/20/1 2296/20/1 2488/20/1
f 2504/21/1 2488/21/1 2503/21/1
f 2505/21/1 2492/21/1 2491/21/1
f 2505/20/1 2491/20/1 2498/20/1
f 2505/20/1 2498/20/1 2497/20/1
f 2506/21/1 2492/21/1 2505/21/1
f 2507/20/1 2493/20/1 2481/20/1
f 2508/21/1 2494/21/1 2493/21/1
f 2508/20/1 2493/20/1 2507/20/1
f 2509/20/1 2499/20/1 2494/20/1
f 2510/20/1 2499/20/1 2509/20/1
f 2511/21/1 2500/21/1 2499/21/1
f 2511/20/1 2499/20/1 2510/20/1
f 2512/20/1 2441/20/1 2500/20/1
f 2512/21/1 2500/21/1 2511/21/1
f 2513/20/1 2448/20/1 2502/20/1
f 2513/20/1 2502/20/1 2501/20/1
f 2514/20/1 2448/20/1 2513/20/1
f 2515/20/1 2296/20/1 2504/20/1
f 2515/20/1 2504/20/1 2503/20/1
f 2518/20/1 2489/20/1 2467/20/1
f 2518/20/1 2467/20/1 2425/20/1
f 2519/20/1 2489/20/1 2518/20/1
f 2520/21/1 2490/21/1 2489/21/1
f 2520/20/1 2489/20/1 2519/20/1
f 2521/21/1 2490/21/1 2520/21/1
f 2522/20/1 2418/20/1 2490/20/1
f 2522/21/1 2490/21/1 2521/21/1
f 2523/20/1 2390/20/1 2418/20/1
f 2523/20/1 2418/20/1 2522/20/1
f 2524/20/1 2405/20/1 2393/20/1
f 2524/20/1 2461/20/1 2405/20/1
f 2524/20/1 2475/20/1 2461/20/1
f 2525/21/1 2476/21/1 2475/21/1
f 2525/20/1 2475/20/1 2524/20/1
f 2526/20/1 2497/20/1 2476/20/1
f 2526/21/1 2476/21/1 2525/21/1
f 2526/20/1 2505/20/1 2497/20/1
f 2526/20/1 2506/20/1 2505/20/1
f 2527/20/1 2506/20/1 2526/20/1
f 2528/20/1 2506/20/1 2527/20/1
f 2529/20/1 2511/20/1 2510/20/1
f 2529/20/1 2512/20/1 2511/20/1
f 2530/20/1 2512/20/1 2529/20/1
f 2531/21/1 2514/21/1 2513/21/1
f 2531/20/1 2513/20/1 2501/20/1
f 2532/20/1 2448/20/1 2514/20/1
f 2532/21/1 2514/21/1 2531/21/1
f 2533/20/1 2026/20/1 2448/20/1
f 2533/20/1 2448/20/1 2532/20/1
f 2534/20/1 2026/20/1 2533/20/1
f 2535/21/1 2520/21/1 2519/21/1
f 2535/21/1 2521/21/1 2520/21/1
f 2535/20/1 2519/20/1 2518/20/1
f 2535/20/1 2518/20/1 2517/20/1
f 2536/20/1 2523/20/1 2522/20/1
f 2536/21/1 2521/21/1 2535/21/1
f 2536/20/1 2525/20/1 2524/20/1
f 2536/20/1 2526/20/1 2525/20/1
f 2536/20/1 2522/20/1 2521/20/1
f 2536/20/1 2527/20/1 2526/20/1
f 2536/20/1 2524/20/1 2523/20/1
f 2537/20/1 2527/20/1 2536/20/1
f 2538/20/1 2527/20/1 2537/20/1
f 2539/20/1 2527/20/1 2538/20/1
f 2540/20/1 2527/20/1 2539/20/1
f 2541/20/1 2527/20/1 2540/20/1
f 2542/20/1 2527/20/1 2541/20/1
f 2543/20/1 2509/20/1 2494/20/1
f 2544/20/1 2509/20/1 2543/20/1
f 2545/21/1 2510/21/1 2509/21/1
f 2545/20/1 2509/20/1 2544/20/1
f 2546/20/1 2529/20/1 2510/20/1
f 2546/21/1 2510/21/1 2545/21/1
f 2547/21/1 2530/21/1 2529/21/1
f 2547/20/1 2529/20/1 2546/20/1
f 2548/20/1 2512/20/1 2530/20/1
f 2548/21/1 2530/21/1 2547/21/1
f 2549/20/1 2501/20/1 2471/20/1
f 2549/20/1 2532/20/1 2531/20/1
f 2549/20/1 2531/20/1 2501/20/1
f 2549/20/1 2533/20/1 2532/20/1
f 2550/20/1 2533/20/1 2549/20/1
f 2551/21/1 2534/21/1 2533/21/1
f 2551/20/1 2533/20/1 2550/20/1
f 2552/21/1 2534/21/1 2551/21/1
f 2555/20/1 2503/20/1 2007/20/1
f 2555/20/1 2516/20/1 2515/20/1
f 2555/20/1 2515/20/1 2503/20/1
f 2556/21/1 2517/21/1 2516/21/1
f 2556/20/1 2516/20/1 2555/20/1
f 2557/20/1 2535/20/1 2517/20/1
f 2557/21/1 2517/21/1 2556/21/1
f 2557/20/1 2536/20/1 2535/20/1
f 2557/20/1 2537/20/1 2536/20/1
f 2558/20/1 2537/20/1 2557/20/1
f 2559/20/1 2537/20/1 2558/20/1
f 2560/20/1 2539/20/1 2538/20/1
f 2561/20/1 2539/20/1 2560/20/1
f 2562/20/1 2539/20/1 2561/20/1
f 2563/20/1 2539/20/1 2562/20/1
f 2564/20/1 2539/20/1 2563/20/1
f 2565/20/1 2539/20/1 2564/20/1
f 2566/20/1 2541/20/1 2540/20/1
f 2567/20/1 2541/20/1 2566/20/1
f 2568/20/1 2527/20/1 2542/20/1
f 2568/21/1 2528/21/1 2527/21/1
f 2569/21/1 2528/21/1 2568/21/1
f 2570/20/1 2481/20/1 2349/20/1
f 2570/20/1 2507/20/1 2481/20/1
f 2571/20/1 2507/20/1 2570/20/1
f 2572/21/1 2508/21/1 2507/21/1
f 2572/20/1 2507/20/1 2571/20/1
f 2573/21/1 2494/21/1 2508/21/1
f 2573/21/1 2508/21/1 2572/21/1
f 2574/20/1 2548/20/1 2547/20/1
f 2574/20/1 2547/20/1 2546/20/1
f 2574/20/1 2546/20/1 2545/20/1
f 2574/21/1 2544/21/1 2543/21/1
f 2574/20/1 2545/20/1 2544/20/1
f 2575/20/1 2548/20/1 2574/20/1
f 2576/21/1 2550/21/1 2549/21/1
f 2576/20/1 2549/20/1 2471/20/1
f 2577/20/1 2553/20/1 2552/20/1
f 2577/21/1 2550/21/1 2576/21/1
f 2577/20/1 2552/20/1 2551/20/1
f 2577/20/1 2551/20/1 2550/20/1
f 2578/20/1 2553/20/1 2577/20/1
f 2579/20/1 2553/20/1 2578/20/1
f 2580/20/1 2553/20/1 2579/20/1
f 2581/20/1 2553/20/1 2580/20/1
f 2582/20/1 2553/20/1 2581/20/1
f 2583/20/1 2553/20/1 2582/20/1
f 2584/20/1 2556/20/1 2555/20/1
f 2584/20/1 2555/20/1 2554/20/1
f 2584/20/1 2557/20/1 2556/20/1
f 2584/20/1 2558/20/1 2557/20/1
f 2585/20/1 2558/20/1 2584/20/1
f 2586/21/1 2559/21/1 2558/21/1
f 2586/20/1 2558/20/1 2585/20/1
f 2587/20/1 2537/20/1 2559/20/1
f 2587/21/1 2559/21/1 2586/21/1
f 2588/21/1 2538/21/1 2537/21/1
f 2588/20/1 2560/20/1 2538/20/1
f 2589/20/1 2560/20/1 2588/20/1
f 2590/20/1 2560/20/1 2589/20/1
f 2591/20/1 2560/20/1 2590/20/1
f 2592/20/1 2564/20/1 2563/20/1
f 2593/20/1 2564/20/1 2592/20/1
f 2594/21/1 2565/21/1 2564/21/1
f 2594/20/1 2564/20/1 2593/20/1
f 2595/20/1 2539/20/1 2565/20/1
f 2595/21/1 2565/21/1 2594/21/1
f 2596/20/1 2539/20/1 2595/20/1
f 2597/20/1 2539/20/1 2596/20/1
f 2598/21/1 2542/21/1 2541/21/1
f 2598/20/1 2541/20/1 2567/20/1
f 2599/20/1 2568/20/1 2542/20/1
f 2599/21/1 2542/21/1 2598/21/1
f 2599/20/1 2569/20/1 2568/20/1
f 2600/21/1 2574/21/1 2543/21/1
f 2600/21/1 2575/21/1 2574/21/1
f 2601/21/1 2575/21/1 2600/21/1
f 2602/20/1 2512/20/1 2548/20/1
f 2602/20/1 2548/20/1 2575/20/1
f 2603/20/1 2441/20/1 2512/20/1
f 2603/20/1 2512/20/1 2602/20/1
f 2604/20/1 2576/20/1 2471/20/1
f 2604/20/1 2471/20/1 2442/20/1
f 2604/20/1 2577/20/1 2576/20/1
f 2604/20/1 2578/20/1 2577/20/1
f 2605/20/1 2578/20/1 2604/20/1
f 2606/21/1 2579/21/1 2578/21/1
f 2606/20/1 2578/20/1 2605/20/1
f 2607/21/1 2581/21/1 2580/21/1
f 2608/20/1 2582/20/1 2581/20/1
f 2608/21/1 2581/21/1 2607/21/1
f 2609/20/1 2537/20/1 2587/20/1
f 2609/20/1 2586/20/1 2585/20/1
f 2609/20/1 2587/20/1 2586/20/1
f 2609/21/1 2588/21/1 2537/21/1
f 2609/21/1 2589/21/1 2588/21/1
f 2610/21/1 2589/21/1 2609/21/1
f 2611/20/1 2590/20/1 2589/20/1
f 2611/21/1 2591/21/1 2590/21/1
f 2612/20/1 2560/20/1 2591/20/1
f 2612/21/1 2591/21/1 2611/21/1
f 2613/21/1 2561/21/1 2560/21/1
f 2613/20/1 2560/20/1 2612/20/1
f 2614/20/1 2562/20/1 2561/20/1
f 2614/21/1 2561/21/1 2613/21/1
f 2615/21/1 2563/21/1 2562/21/1
f 2615/20/1 2562/20/1 2614/20/1
f 2616/20/1 2592/20/1 2563/20/1
f 2616/21/1 2563/21/1 2615/21/1
f 2617/20/1 2539/20/1 2597/20/1
f 2617/21/1 2540/21/1 2539/21/1
f 2618/20/1 2566/20/1 2540/20/1
f 2618/21/1 2540/21/1 2617/21/1
f 2619/21/1 2567/21/1 2566/21/1
f 2619/20/1 2566/20/1 2618/20/1
f 2620/20/1 2598/20/1 2567/20/1
f 2620/21/1 2567/21/1 2619/21/1
f 2620/20/1 2599/20/1 2598/20/1
f 2621/21/1 2571/21/1 2570/21/1
f 2622/20/1 2572/20/1 2571/20/1
f 2622/21/1 2571/21/1 2621/21/1
f 2622/20/1 2573/20/1 2572/20/1
f 2623/20/1 2543/20/1 2494/20/1
f 2623/21/1 2600/21/1 2543/21/1
f 2624/20/1 2601/20/1 2600/20/1
f 2624/21/1 2600/21/1 2623/21/1
f 2625/21/1 2575/21/1 2601/21/1
f 2625/20/1 2601/20/1 2624/20/1
f 2626/20/1 2602/20/1 2575/20/1
f 2626/21/1 2575/21/1 2625/21/1
f 2627/20/1 2605/20/1 2604/20/1
f 2627/20/1 2604/20/1 2603/20/1
f 2628/20/1 2605/20/1 2627/20/1
f 2629/21/1 2579/21/1 2606/21/1
f 2629/21/1 2606/21/1 2605/21/1
f 2630/20/1 2580/20/1 2579/20/1
f 2630/21/1 2579/21/1 2629/21/1
f 2631/20/1 2580/20/1 2630/20/1
f 2632/20/1 2580/20/1 2631/20/1
f 2633/21/1 2607/21/1 2580/21/1
f 2633/20/1 2580/20/1 2632/20/1
f 2634/20/1 2608/20/1 2607/20/1
f 2634/21/1 2607/21/1 2633/21/1
f 2635/21/1 2583/21/1 2582/21/1
f 2635/20/1 2608/20/1 2634/20/1
f 2635/20/1 2582/20/1 2608/20/1
f 2636/20/1 2553/20/1 2583/20/1
f 2636/21/1 2583/21/1 2635/21/1
f 2637/21/1 2554/21/1 2553/21/1
f 2637/20/1 2553/20/1 2636/20/1
f 2638/20/1 2609/20/1 2585/20/1
f 2638/21/1 2585/21/1 2584/21/1
f 2638/20/1 2610/20/1 2609/20/1
f 2639/20/1 2610/20/1 2638/20/1
f 2640/20/1 2616/20/1 2615/20/1
f 2640/20/1 2612/20/1 2611/20/1
f 2640/20/1 2613/20/1 2612/20/1
f 2640/20/1 2614/20/1 2613/20/1
f 2640/20/1 2611/20/1 2589/20/1
f 2640/20/1 2615/20/1 2614/20/1
f 2641/20/1 2616/20/1 2640/20/1
f 2642/20/1 2592/20/1 2616/20/1
f 2642/20/1 2616/20/1 2641/20/1
f 2642/21/1 2593/21/1 2592/21/1
f 2643/20/1 2596/20/1 2595/20/1
f 2643/21/1 2593/21/1 2642/21/1
f 2643/20/1 2594/20/1 2593/20/1
f 2643/20/1 2595/20/1 2594/20/1
f 2644/20/1 2596/20/1 2643/20/1
f 2645/20/1 2596/20/1 2644/20/1
f 2646/20/1 2620/20/1 2619/20/1
f 2646/20/1 2619/20/1 2618/20/1
f 2646/20/1 2617/20/1 2597/20/1
f 2646/21/1 2597/21/1 2596/21/1
f 2646/20/1 2618/20/1 2617/20/1
f 2647/20/1 2620/20/1 2646/20/1
f 2648/20/1 2599/20/1 2620/20/1
f 2648/20/1 2620/20/1 2647/20/1
f 2649/20/1 2569/20/1 2599/20/1
f 2649/20/1 2599/20/1 2648/20/1
f 2650/20/1 2624/20/1 2623/20/1
f 2650/20/1 2625/20/1 2624/20/1
f 2650/20/1 2626/20/1 2625/20/1
f 2651/20/1 2602/20/1 2626/20/1
f 2651/20/1 2626/20/1 2650/20/1
f 2652/21/1 2603/21/1 2602/21/1
f 2652/20/1 2602/20/1 2651/20/1
f 2653/20/1 2627/20/1 2603/20/1
f 2653/21/1 2603/21/1 2652/21/1
f 2654/20/1 2627/20/1 2653/20/1
f 2655/20/1 2627/20/1 2654/20/1
f 2656/20/1 2605/20/1 2628/20/1
f 2657/20/1 2605/20/1 2656/20/1
f 2658/20/1 2605/20/1 2657/20/1
f 2659/20/1 2605/20/1 2658/20/1
f 2660/20/1 2605/20/1 2659/20/1
f 2661/20/1 2605/20/1 2660/20/1
f 2662/20/1 2631/20/1 2630/20/1
f 2662/21/1 2632/21/1 2631/21/1
f 2662/20/1 2630/20/1 2629/20/1
f 2663/21/1 2632/21/1 2662/21/1
f 2664/21/1 2554/21/1 2637/21/1
f 2665/20/1 2584/20/1 2554/20/1
f 2665/21/1 2554/21/1 2664/21/1
f 2666/20/1 2610/20/1 2639/20/1
f 2667/20/1 2610/20/1 2666/20/1
f 2668/21/1 2646/21/1 2596/21/1
f 2668/20/1 2596/20/1 2645/20/1
f 2668/21/1 2647/21/1 2646/21/1
f 2669/21/1 2647/21/1 2668/21/1
f 2670/21/1 2621/21/1 2570/21/1
f 2671/20/1 2622/20/1 2621/20/1
f 2671/21/1 2621/21/1 2670/21/1
f 2672/21/1 2494/21/1 2573/21/1
f 2672/20/1 2622/20/1 2671/20/1
f 2672/20/1 2573/20/1 2622/20/1
f 2673/21/1 2494/21/1 2672/21/1
f 2674/20/1 2652/20/1 2651/20/1
f 2674/20/1 2653/20/1 2652/20/1
f 2674/20/1 2654/20/1 2653/20/1
f 2675/21/1 2655/21/1 2654/21/1
f 2675/20/1 2654/20/1 2674/20/1
f 2676/20/1 2627/20/1 2655/20/1
f 2677/20/1 2627/20/1 2676/20/1
f 2678/21/1 2628/21/1 2627/21/1
f 2678/20/1 2627/20/1 2677/20/1
f 2679/20/1 2656/20/1 2628/20/1
f 2679/21/1 2628/21/1 2678/21/1
f 2680/21/1 2657/21/1 2656/21/1
f 2680/20/1 2656/20/1 2679/20/1
f 2681/20/1 2658/20/1 2657/20/1
f 2681/21/1 2657/21/1 2680/21/1
f 2682/21/1 2659/21/1 2658/21/1
f 2682/20/1 2658/20/1 2681/20/1
f 2683/20/1 2660/20/1 2659/20/1
f 2683/21/1 2659/21/1 2682/21/1
f 2684/21/1 2661/21/1 2660/21/1
f 2684/20/1 2660/20/1 2683/20/1
f 2685/20/1 2605/20/1 2661/20/1
f 2685/21/1 2661/21/1 2684/21/1
f 2686/20/1 2665/20/1 2664/20/1
f 2687/20/1 2665/20/1 2686/20/1
f 2688/21/1 2639/21/1 2638/21/1
f 2688/21/1 2638/21/1 2584/21/1
f 2689/20/1 2666/20/1 2639/20/1
f 2689/21/1 2639/21/1 2688/21/1
f 2690/20/1 2610/20/1 2667/20/1
f 2690/21/1 2589/21/1 2610/21/1
f 2691/20/1 2640/20/1 2589/20/1
f 2691/21/1 2589/21/1 2690/21/1
f 2692/21/1 2641/21/1 2640/21/1
f 2692/20/1 2640/20/1 2691/20/1
f 2693/20/1 2642/20/1 2641/20/1
f 2693/21/1 2641/21/1 2692/21/1
f 2693/20/1 2644/20/1 2643/20/1
f 2693/20/1 2643/20/1 2642/20/1
f 2694/20/1 2644/20/1 2693/20/1
f 2695/20/1 2644/20/1 2694/20/1
f 2696/20/1 2644/20/1 2695/20/1
f 2697/20/1 2669/20/1 2668/20/1
f 2697/20/1 2668/20/1 2645/20/1
f 2698/20/1 2669/20/1 2697/20/1
f 2699/20/1 2648/20/1 2647/20/1
f 2700/20/1 2648/20/1 2699/20/1
f 2701/20/1 2671/20/1 2670/20/1
f 2701/21/1 2494/21/1 2673/21/1
f 2701/20/1 2673/20/1 2672/20/1
f 2701/20/1 2672/20/1 2671/20/1
f 2702/20/1 2623/20/1 2494/20/1
f 2702/21/1 2494/21/1 2701/21/1
f 2702/20/1 2650/20/1 2623/20/1
f 2703/20/1 2674/20/1 2651/20/1
f 2704/20/1 2674/20/1 2703/20/1
f 2705/21/1 2655/21/1 2675/21/1
f 2705/21/1 2675/21/1 2674/21/1
f 2706/20/1 2676/20/1 2655/20/1
f 2706/21/1 2655/21/1 2705/21/1
f 2707/20/1 2678/20/1 2677/20/1
f 2707/20/1 2679/20/1 2678/20/1
f 2707/21/1 2680/21/1 2679/21/1
f 2708/20/1 2685/20/1 2684/20/1
f 2708/21/1 2680/21/1 2707/21/1
f 2708/20/1 2684/20/1 2683/20/1
f 2708/20/1 2683/20/1 2682/20/1
f 2708/20/1 2682/20/1 2681/20/1
f 2708/20/1 2681/20/1 2680/20/1
f 2709/20/1 2685/20/1 2708/20/1
f 2710/20/1 2605/20/1 2685/20/1
f 2710/20/1 2685/20/1 2709/20/1
f 2711/20/1 2663/20/1 2662/20/1
f 2711/20/1 2662/20/1 2629/20/1
f 2712/20/1 2663/20/1 2711/20/1
f 2713/21/1 2688/21/1 2584/21/1
f 2713/20/1 2584/20/1 2665/20/1
f 2713/20/1 2665/20/1 2687/20/1
f 2714/20/1 2689/20/1 2688/20/1
f 2714/21/1 2688/21/1 2713/21/1
f 2715/21/1 2667/21/1 2666/21/1
f 2716/20/1 2691/20/1 2690/20/1
f 2716/21/1 2667/21/1 2715/21/1
f 2716/20/1 2692/20/1 2691/20/1
f 2716/20/1 2690/20/1 2667/20/1
f 2716/20/1 2693/20/1 2692/20/1
f 2717/20/1 2693/20/1 2716/20/1
f 2718/20/1 2693/20/1 2717/20/1
f 2719/20/1 2693/20/1 2718/20/1
f 2720/20/1 2693/20/1 2719/20/1
f 2721/20/1 2695/20/1 2694/20/1
f 2722/21/1 2696/21/1 2695/21/1
f 2722/20/1 2695/20/1 2721/20/1
f 2723/20/1 2644/20/1 2696/20/1
f 2723/21/1 2645/21/1 2644/21/1
f 2724/20/1 2697/20/1 2645/20/1
f 2724/21/1 2645/21/1 2723/21/1
f 2725/21/1 2700/21/1 2699/21/1
f 2725/20/1 2699/20/1 2647/20/1
f 2726/21/1 2700/21/1 2725/21/1
f 2727/21/1 2700/21/1 2726/21/1
f 2728/20/1 2648/20/1 2700/20/1
f 2728/21/1 2700/21/1 2727/21/1
f 2729/21/1 2649/21/1 2648/21/1
f 2729/20/1 2648/20/1 2728/20/1
f 2730/20/1 2569/20/1 2649/20/1
f 2730/21/1 2649/21/1 2729/21/1
f 2731/20/1 2702/20/1 2701/20/1
f 2731/20/1 2650/20/1 2702/20/1
f 2732/20/1 2650/20/1 2731/20/1
f 2733/21/1 2651/21/1 2650/21/1
f 2733/20/1 2703/20/1 2651/20/1
f 2734/20/1 2703/20/1 2733/20/1
f 2735/20/1 2706/20/1 2705/20/1
f 2736/20/1 2676/20/1 2706/20/1
f 2736/20/1 2706/20/1 2735/20/1
f 2737/21/1 2677/21/1 2676/21/1
f 2737/20/1 2676/20/1 2736/20/1
f 2738/20/1 2707/20/1 2677/20/1
f 2738/21/1 2677/21/1 2737/21/1
f 2738/20/1 2708/20/1 2707/20/1
f 2738/20/1 2709/20/1 2708/20/1
f 2739/20/1 2709/20/1 2738/20/1
f 2740/20/1 2709/20/1 2739/20/1
f 2741/20/1 2714/20/1 2713/20/1
f 2741/20/1 2713/20/1 2687/20/1
f 2742/20/1 2689/20/1 2714/20/1
f 2742/20/1 2714/20/1 2741/20/1
f 2743/20/1 2719/20/1 2718/20/1
f 2743/21/1 2720/21/1 2719/21/1
f 2744/20/1 2693/20/1 2720/20/1
f 2744/21/1 2720/21/1 2743/21/1
f 2745/21/1 2722/21/1 2721/21/1
f 2745/20/1 2721/20/1 2694/20/1
f 2746/21/1 2696/21/1 2722/21/1
f 2746/21/1 2722/21/1 2745/21/1
f 2746/20/1 2723/20/1 2696/20/1
f 2746/20/1 2724/20/1 2723/20/1
f 2747/20/1 2697/20/1 2724/20/1
f 2747/20/1 2724/20/1 2746/20/1
f 2747/21/1 2698/21/1 2697/21/1
f 2748/20/1 2669/20/1 2698/20/1
f 2748/21/1 2698/21/1 2747/21/1
f 2749/21/1 2647/21/1 2669/21/1
f 2749/20/1 2725/20/1 2647/20/1
f 2749/20/1 2726/20/1 2725/20/1
f 2750/20/1 2726/20/1 2749/20/1
f 2751/20/1 2726/20/1 2750/20/1
f 2752/21/1 2727/21/1 2726/21/1
f 2752/20/1 2726/20/1 2751/20/1
f 2753/20/1 2729/20/1 2728/20/1
f 2753/21/1 2727/21/1 2752/21/1
f 2753/20/1 2728/20/1 2727/20/1
f 2753/20/1 2730/20/1 2729/20/1
f 2754/20/1 2730/20/1 2753/20/1
f 2755/20/1 2701/20/1 2670/20/1
f 2755/20/1 2731/20/1 2701/20/1
f 2756/20/1 2731/20/1 2755/20/1
f 2757/20/1 2731/20/1 2756/20/1
f 2758/20/1 2731/20/1 2757/20/1
f 2759/21/1 2732/21/1 2731/21/1
f 2759/20/1 2731/20/1 2758/20/1
f 2760/20/1 2650/20/1 2732/20/1
f 2760/21/1 2732/21/1 2759/21/1
f 2761/20/1 2703/20/1 2734/20/1
f 2761/21/1 2704/21/1 2703/21/1
f 2762/20/1 2674/20/1 2704/20/1
f 2762/21/1 2704/21/1 2761/21/1
f 2763/21/1 2705/21/1 2674/21/1
f 2763/20/1 2674/20/1 2762/20/1
f 2764/20/1 2735/20/1 2705/20/1
f 2764/21/1 2705/21/1 2763/21/1
f 2765/20/1 2739/20/1 2738/20/1
f 2765/20/1 2737/20/1 2736/20/1
f 2765/21/1 2740/21/1 2739/21/1
f 2765/20/1 2738/20/1 2737/20/1
f 2766/21/1 2740/21/1 2765/21/1
f 2767/20/1 2709/20/1 2740/20/1
f 2767/21/1 2740/21/1 2766/21/1
f 2768/20/1 2709/20/1 2767/20/1
f 2769/21/1 2710/21/1 2709/21/1
f 2769/20/1 2709/20/1 2768/20/1
f 2770/20/1 2605/20/1 2710/20/1
f 2770/21/1 2710/21/1 2769/21/1
f 2771/21/1 2629/21/1 2605/21/1
f 2771/20/1 2605/20/1 2770/20/1
f 2772/20/1 2711/20/1 2629/20/1
f 2772/21/1 2629/21/1 2771/21/1
f 2773/21/1 2712/21/1 2711/21/1
f 2773/20/1 2711/20/1 2772/20/1
f 2774/20/1 2663/20/1 2712/20/1
f 2774/21/1 2712/21/1 2773/21/1
f 2775/20/1 2741/20/1 2687/20/1
f 2775/21/1 2742/21/1 2741/21/1
f 2776/20/1 2689/20/1 2742/20/1
f 2776/21/1 2742/21/1 2775/21/1
f 2777/20/1 2666/20/1 2689/20/1
f 2777/20/1 2689/20/1 2776/20/1
f 2777/21/1 2715/21/1 2666/21/1
f 2778/20/1 2716/20/1 2715/20/1
f 2778/21/1 2715/21/1 2777/21/1
f 2778/20/1 2717/20/1 2716/20/1
f 2779/20/1 2717/20/1 2778/20/1
f 2780/21/1 2718/21/1 2717/21/1
f 2780/20/1 2717/20/1 2779/20/1
f 2781/21/1 2718/21/1 2780/21/1
f 2782/20/1 2743/20/1 2718/20/1
f 2782/21/1 2718/21/1 2781/21/1
f 2782/20/1 2744/20/1 2743/20/1
f 2783/20/1 2693/20/1 2744/20/1
f 2783/20/1 2744/20/1 2782/20/1
f 2783/21/1 2694/21/1 2693/21/1
f 2784/20/1 2745/20/1 2694/20/1
f 2784/21/1 2694/21/1 2783/21/1
f 2784/20/1 2747/20/1 2746/20/1
f 2784/20/1 2746/20/1 2745/20/1
f 2784/20/1 2748/20/1 2747/20/1
f 2785/20/1 2748/20/1 2784/20/1
f 2786/20/1 2748/20/1 2785/20/1
f 2787/20/1 2748/20/1 2786/20/1
f 2788/20/1 2748/20/1 2787/20/1
f 2789/21/1 2750/21/1 2749/21/1
f 2789/20/1 2748/20/1 2788/20/1
f 2789/20/1 2669/20/1 2748/20/1
f 2789/21/1 2749/21/1 2669/21/1
f 2790/21/1 2750/21/1 2789/21/1
f 2791/20/1 2730/20/1 2754/20/1
f 2792/20/1 2569/20/1 2730/20/1
f 2792/20/1 2730/20/1 2791/20/1
f 2793/20/1 2757/20/1 2756/20/1
f 2793/21/1 2758/21/1 2757/21/1
f 2794/20/1 2759/20/1 2758/20/1
f 2794/21/1 2758/21/1 2793/21/1
f 2794/20/1 2760/20/1 2759/20/1
f 2795/20/1 2735/20/1 2764/20/1
f 2795/20/1 2764/20/1 2763/20/1
f 2795/21/1 2736/21/1 2735/21/1
f 2795/20/1 2763/20/1 2762/20/1
f 2795/20/1 2762/20/1 2761/20/1
f 2796/20/1 2766/20/1 2765/20/1
f 2796/21/1 2736/21/1 2795/21/1
f 2796/20/1 2765/20/1 2736/20/1
f 2797/20/1 2766/20/1 2796/20/1
f 2798/20/1 2766/20/1 2797/20/1
f 2799/21/1 2767/21/1 2766/21/1
f 2799/20/1 2766/20/1 2798/20/1
f 2799/21/1 2768/21/1 2767/21/1
f 2800/21/1 2768/21/1 2799/21/1
f 2801/21/1 2768/21/1 2800/21/1
f 2802/20/1 2770/20/1 2769/20/1
f 2802/21/1 2768/21/1 2801/21/1
f 2802/20/1 2773/20/1 2772/20/1
f 2802/20/1 2772/20/1 2771/20/1
f 2802/20/1 2769/20/1 2768/20/1
f 2802/20/1 2771/20/1 2770/20/1
f 2802/20/1 2774/20/1 2773/20/1
f 2803/20/1 2774/20/1 2802/20/1
f 2804/20/1 2774/20/1 2803/20/1
f 2805/20/1 2663/20/1 2774/20/1
f 2805/20/1 2774/20/1 2804/20/1
f 2809/21/1 2687/21/1 2686/21/1
f 2810/20/1 2783/20/1 2782/20/1
f 2810/20/1 2782/20/1 2781/20/1
f 2810/20/1 2785/20/1 2784/20/1
f 2810/20/1 2784/20/1 2783/20/1
f 2811/20/1 2785/20/1 2810/20/1
f 2812/20/1 2785/20/1 2811/20/1
f 2813/20/1 2785/20/1 2812/20/1
f 2814/21/1 2786/21/1 2785/21/1
f 2814/20/1 2785/20/1 2813/20/1
f 2815/20/1 2787/20/1 2786/20/1
f 2815/21/1 2786/21/1 2814/21/1
f 2816/21/1 2788/21/1 2787/21/1
f 2816/20/1 2787/20/1 2815/20/1
f 2817/20/1 2789/20/1 2788/20/1
f 2817/21/1 2788/21/1 2816/21/1
f 2817/20/1 2790/20/1 2789/20/1
f 2818/21/1 2750/21/1 2790/21/1
f 2818/20/1 2790/20/1 2817/20/1
f 2819/20/1 2751/20/1 2750/20/1
f 2819/21/1 2750/21/1 2818/21/1
f 2820/21/1 2752/21/1 2751/21/1
f 2820/21/1 2753/21/1 2752/21/1
f 2820/21/1 2754/21/1 2753/21/1
f 2821/20/1 2791/20/1 2754/20/1
f 2821/21/1 2754/21/1 2820/21/1
f 2822/20/1 2755/20/1 2670/20/1
f 2822/21/1 2756/21/1 2755/21/1
f 2823/20/1 2793/20/1 2756/20/1
f 2823/21/1 2756/21/1 2822/21/1
f 2823/20/1 2794/20/1 2793/20/1
f 2824/20/1 2760/20/1 2794/20/1
f 2824/20/1 2794/20/1 2823/20/1
f 2824/21/1 2734/21/1 2733/21/1
f 2824/20/1 2650/20/1 2760/20/1
f 2824/21/1 2733/21/1 2650/21/1
f 2825/20/1 2795/20/1 2761/20/1
f 2825/21/1 2734/21/1 2824/21/1
f 2825/20/1 2796/20/1 2795/20/1
f 2825/20/1 2761/20/1 2734/20/1
f 2825/20/1 2797/20/1 2796/20/1
f 2826/21/1 2798/21/1 2797/21/1
f 2826/20/1 2797/20/1 2825/20/1
f 2827/20/1 2800/20/1 2799/20/1
f 2827/21/1 2798/21/1 2826/21/1
f 2827/20/1 2799/20/1 2798/20/1
f 2828/21/1 2801/21/1 2800/21/1
f 2828/20/1 2800/20/1 2827/20/1
f 2829/20/1 2802/20/1 2801/20/1
f 2829/21/1 2801/21/1 2828/21/1
f 2829/20/1 2803/20/1 2802/20/1
f 2830/21/1 2804/21/1 2803/21/1
f 2830/20/1 2803/20/1 2829/20/1
f 2831/20/1 2806/20/1 2805/20/1
f 2831/21/1 2804/21/1 2830/21/1
f 2831/20/1 2805/20/1 2804/20/1
f 2832/21/1 2807/21/1 2806/21/1
f 2832/20/1 2806/20/1 2831/20/1
f 2833/20/1 2808/20/1 2807/20/1
f 2833/21/1 2807/21/1 2832/21/1
f 2834/21/1 2809/21/1 2808/21/1
f 2834/20/1 2808/20/1 2833/20/1
f 2835/20/1 2776/20/1 2775/20/1
f 2835/21/1 2809/21/1 2834/21/1
f 2835/21/1 2687/21/1 2809/21/1
f 2835/20/1 2777/20/1 2776/20/1
f 2835/20/1 2779/20/1 2778/20/1
f 2835/20/1 2778/20/1 2777/20/1
f 2835/20/1 2775/20/1 2687/20/1
f 2836/20/1 2779/20/1 2835/20/1
f 2837/20/1 2779/20/1 2836/20/1
f 2838/21/1 2781/21/1 2780/21/1
f 2838/20/1 2779/20/1 2837/20/1
f 2838/21/1 2780/21/1 2779/21/1
f 2839/20/1 2810/20/1 2781/20/1
f 2839/21/1 2781/21/1 2838/21/1
f 2840/21/1 2811/21/1 2810/21/1
f 2840/20/1 2810/20/1 2839/20/1
f 2841/20/1 2812/20/1 2811/20/1
f 2841/21/1 2811/21/1 2840/21/1
f 2842/20/1 2812/20/1 2841/20/1
f 2843/20/1 2812/20/1 2842/20/1
f 2844/20/1 2751/20/1 2819/20/1
f 2844/20/1 2815/20/1 2814/20/1
f 2844/20/1 2814/20/1 2813/20/1
f 2844/20/1 2818/20/1 2817/20/1
f 2844/20/1 2817/20/1 2816/20/1
f 2844/21/1 2820/21/1 2751/21/1
f 2844/20/1 2816/20/1 2815/20/1
f 2844/20/1 2819/20/1 2818/20/1
f 2845/20/1 2821/20/1 2820/20/1
f 2845/21/1 2820/21/1 2844/21/1
f 2846/20/1 2791/20/1 2821/20/1
f 2846/20/1 2821/20/1 2845/20/1
f 2846/21/1 2792/21/1 2791/21/1
f 2847/20/1 2569/20/1 2792/20/1
f 2847/21/1 2792/21/1 2846/21/1
f 2848/20/1 2834/20/1 2833/20/1
f 2848/20/1 2833/20/1 2832/20/1
f 2848/20/1 2835/20/1 2834/20/1
f 2848/20/1 2832/20/1 2831/20/1
f 2848/20/1 2829/20/1 2828/20/1
f 2848/20/1 2827/20/1 2826/20/1
f 2848/20/1 2836/20/1 2835/20/1
f 2848/20/1 2823/20/1 2822/20/1
f 2848/21/1 2837/21/1 2836/21/1
f 2848/20/1 2828/20/1 2827/20/1
f 2848/20/1 2825/20/1 2824/20/1
f 2848/20/1 2831/20/1 2830/20/1
f 2848/20/1 2824/20/1 2823/20/1
f 2848/20/1 2826/20/1 2825/20/1
f 2848/20/1 2830/20/1 2829/20/1
f 2849/20/1 2842/20/1 2841/20/1
f 2849/21/1 2837/21/1 2848/21/1
f 2849/20/1 2841/20/1 2840/20/1
f 2849/20/1 2839/20/1 2838/20/1
f 2849/20/1 2840/20/1 2839/20/1
f 2849/20/1 2838/20/1 2837/20/1
f 2850/21/1 2843/21/1 2842/21/1
f 2850/20/1 2842/20/1 2849/20/1
f 2851/20/1 2812/20/1 2843/20/1
f 2851/21/1 2843/21/1 2850/21/1
f 2852/21/1 2813/21/1 2812/21/1
f 2852/20/1 2812/20/1 2851/20/1
f 2853/20/1 2847/20/1 2846/20/1
f 2853/21/1 2813/21/1 2852/21/1
f 2853/20/1 2844/20/1 2813/20/1
f 2853/20/1 2845/20/1 2844/20/1
f 2853/20/1 2846/20/1 2845/20/1
f 2854/20/1 2850/20/1 2849/20/1
f 2854/20/1 2849/20/1 2848/20/1
f 2854/20/1 2853/20/1 2852/20/1
f 2854/20/1 2848/20/1 2822/20/1
f 2854/20/1 2851/20/1 2850/20/1
f 2854/20/1 2852/20/1 2851/20/1
f 2854/20/1 2822/20/1 2670/20/1
f 2855/20/1 2853/20/1 2854/20/1
f 2856/20/1 2847/20/1 2853/20/1
f 2856/20/1 2853/20/1 2855/20/1
f 2856/20/1 2569/20/1 2847/20/1
f 2857/20/1 2569/20/1 2856/20/1
f 2858/20/1 2854/20/1 2670/20/1
f 2963/20/1 2569/20/1 2857/20/1
f 2964/20/1 2859/20/1 2858/20/1
f 2965/20/1 2861/20/1 2860/20/1
f 2966/20/1 2861/20/1 2965/20/1
f 2967/20/1 2863/20/1 2862/20/1
f 2968/20/1 2863/20/1 2967/20/1
f 2969/20/1 2865/20/1 2864/20/1
f 2970/20/1 2865/20/1 2969/20/1
f 2971/20/1 2867/20/1 2866/20/1
f 2972/20/1 2867/20/1 2971/20/1
f 2973/20/1 2869/20/1 2868/20/1
f 2974/20/1 2869/20/1 2973/20/1
f 2975/20/1 2871/20/1 2870/20/1
f 2976/20/1 2871/20/1 2975/20/1
f 2977/20/1 2873/20/1 2872/20/1
f 2978/20/1 2873/20/1 2977/20/1
f 2979/20/1 2875/20/1 2874/20/1
f 2980/20/1 2875/20/1 2979/20/1
f 2981/20/1 2877/20/1 2876/20/1
f 2982/20/1 2877/20/1 2981/20/1
f 2983/20/1 2879/20/1 2878/20/1
f 2984/20/1 2879/20/1 2983/20/1
f 2985/20/1 2881/20/1 2880/20/1
f 2986/20/1 2881/20/1 2985/20/1
f 2987/20/1 2883/20/1 2882/20/1
f 2988/20/1 2883/20/1 2987/20/1
f 2989/20/1 2885/20/1 2884/20/1
f 2990/20/1 2885/20/1 2989/20/1
f 2991/20/1 2887/20/1 2886/20/1
f 2992/20/1 2887/20/1 2991/20/1
f 2993/20/1 2889/20/1 2888/20/1
f 2994/20/1 2889/20/1 2993/20/1
f 2995/20/1 2891/20/1 2890/20/1
f 2996/20/1 2891/20/1 2995/20/1
f 2997/20/1 2893/20/1 2892/20/1
f 2998/20/1 2893/20/1 2997/20/1
f 2999/20/1 2895/20/1 2894/20/1
f 3000/20/1 2895/20/1 2999/20/1
f 3001/20/1 2897/20/1 2896/20/1
f 3002/20/1 2897/20/1 3001/20/1
f 3003/20/1 2899/20/1 2898/20/1
f 3004/20/1 2899/20/1 3003/20/1
f 3005/20/1 2901/20/1 2900/20/1
f 3006/20/1 2901/20/1 3005/20/1
f 3007/20/1 2903/20/1 2902/20/1
f 3008/20/1 2903/20/1 3007/20/1
f 3009/20/1 2905/20/1 2904/20/1
f 3010/20/1 2905/20/1 3009/20/1
f 3011/20/1 2907/20/1 2906/20/1
f 3012/20/1 2907/20/1 3011/20/1
f 3013/20/1 2909/20/1 2908/20/1
f 3014/20/1 2909/20/1 3013/20/1
f 3015/20/1 2911/20/1 2910/20/1
f 3016/20/1 2911/20/1 3015/20/1
f 3017/20/1 2913/20/1 2912/20/1
f 3018/20/1 2913/20/1 3017/20/1
f 3019/20/1 2915/20/1 2914/20/1
f 3020/20/1 2915/20/1 3019/20/1
f 3021/20/1 2917/20/1 2916/20/1
f 3022/20/1 2917/20/1 3021/20/1
f 3023/20/1 2919/20/1 2918/20/1
f 3024/20/1 2919/20/1 3023/20/1
f 3025/20/1 2921/20/1 2920/20/1
f 3026/20/1 2921/20/1 3025/20/1
f 3027/20/1 2923/20/1 2922/20/1
f 3028/20/1 2923/20/1 3027/20/1
f 3029/20/1 2923/20/1 3028/20/1
f 3030/20/1 2925/20/1 2924/20/1
f 3031/20/1 2925/20/1 3030/20/1
f 3032/20/1 2925/20/1 3031/20/1
f 3033/20/1 2927/20/1 2926/20/1
f 3034/20/1 2927/20/1 3033/20/1
f 3035/20/1 2929/20/1 2928/20/1
f 3036/20/1 2929/20/1 3035/20/1
f 3037/20/1 2931/20/1 2930/20/1
f 3038/20/1 2931/20/1 3037/20/1
f 3039/20/1 2933/20/1 2932/20/1
f 3040/20/1 2933/20/1 3039/20/1
f 3041/20/1 2935/20/1 2934/20/1
f 3042/20/1 2935/20/1 3041/20/1
f 3043/20/1 2937/20/1 2936/20/1
f 3044/20/1 2937/20/1 3043/20/1
f 3045/20/1 2939/20/1 2938/20/1
f 3046/20/1 2939/20/1 3045/20/1
f 3047/20/1 2941/20/1 2940/20/1
f 3048/20/1 2941/20/1 3047/20/1
f 3049/20/1 2943/20/1 2942/20/1
f 3050/20/1 2943/20/1 3049/20/1
f 3051/20/1 2945/20/1 2944/20/1
f 3052/20/1 2945/20/1 3051/20/1
f 3053/20/1 2947/20/1 2946/20/1
f 3054/20/1 2947/20/1 3053/20/1
f 3055/20/1 2949/20/1 2948/20/1
f 3056/20/1 2949/20/1 3055/20/1
f 3057/20/1 2951/20/1 2950/20/1
f 3058/20/1 2951/20/1 3057/20/1
f 3059/20/1 2953/20/1 2952/20/1
f 3060/20/1 2953/20/1 3059/20/1
f 3061/20/1 2955/20/1 2954/20/1
f 3062/20/1 2955/20/1 3061/20/1
f 3063/20/1 2957/20/1 2956/20/1
f 3064/20/1 2957/20/1 3063/20/1
f 3065/20/1 2959/20/1 2958/20/1
f 3066/20/1 2959/20/1 3065/20/1
f 3067/20/1 2961/20/1 2960/20/1
f 3068/20/1 2961/20/1 3067/20/1
f 3069/20/1 2963/20/1 2962/20/1
f 3070/20/1 2858/20/1 2670/20/1
f 3070/20/1 2964/20/1 2858/20/1
f 3070/20/1 2966/20/1 2965/20/1
f 3070/20/1 2968/20/1 2967/20/1
f 3070/20/1 2970/20/1 2969/20/1
f 3070/20/1 2972/20/1 2971/20/1
f 3070/20/1 2974/20/1 2973/20/1
f 3070/20/1 2965/20/1 2964/20/1
f 3070/20/1 2967/20/1 2966/20/1
f 3070/20/1 2969/20/1 2968/20/1
f 3070/20/1 2971/20/1 2970/20/1
f 3070/20/1 2973/20/1 2972/20/1
f 3070/20/1 2975/20/1 2974/20/1
f 3071/20/1 2975/20/1 3070/20/1
f 3072/20/1 2975/20/1 3071/20/1
f 3073/20/1 2975/20/1 3072/20/1
f 3074/20/1 2978/20/1 2977/20/1
f 3074/20/1 2980/20/1 2979/20/1
f 3074/20/1 2982/20/1 2981/20/1
f 3074/20/1 2984/20/1 2983/20/1
f 3074/20/1 2986/20/1 2985/20/1
f 3074/20/1 2988/20/1 2987/20/1
f 3074/20/1 2990/20/1 2989/20/1
f 3074/20/1 2992/20/1 2991/20/1
f 3074/20/1 2994/20/1 2993/20/1
f 3074/20/1 2996/20/1 2995/20/1
f 3074/20/1 2998/20/1 2997/20/1
f 3074/20/1 3000/20/1 2999/20/1
f 3074/20/1 3002/20/1 3001/20/1
f 3074/20/1 3004/20/1 3003/20/1
f 3074/20/1 3006/20/1 3005/20/1
f 3074/20/1 3008/20/1 3007/20/1
f 3074/20/1 3010/20/1 3009/20/1
f 3074/20/1 3012/20/1 3011/20/1
f 3074/20/1 3014/20/1 3013/20/1
f 3074/20/1 3016/20/1 3015/20/1
f 3074/20/1 3018/20/1 3017/20/1
f 3074/20/1 3020/20/1 3019/20/1
f 3074/20/1 3022/20/1 3021/20/1
f 3074/20/1 3024/20/1 3023/20/1
f 3074/20/1 3026/20/1 3025/20/1
f 3074/20/1 2977/20/1 2976/20/1
f 3074/20/1 2979/20/1 2978/20/1
f 3074/20/1 2981/20/1 2980/20/1
f 3074/20/1 2983/20/1 2982/20/1
f 3074/20/1 2985/20/1 2984/20/1
f 3074/20/1 2987/20/1 2986/20/1
f 3074/20/1 2989/20/1 2988/20/1
f 3074/20/1 2991/20/1 2990/20/1
f 3074/20/1 2993/20/1 2992/20/1
f 3074/20/1 2995/20/1 2994/20/1
f 3074/20/1 3028/20/1 3027/20/1
f 3074/20/1 3027/20/1 3026/20/1
f 3074/20/1 2997/20/1 2996/20/1
f 3074/20/1 3025/20/1 3024/20/1
f 3074/20/1 2999/20/1 2998/20/1
f 3074/20/1 3023/20/1 3022/20/1
f 3074/20/1 3001/20/1 3000/20/1
f 3074/20/1 3021/20/1 3020/20/1
f 3074/20/1 3003/20/1 3002/20/1
f 3074/20/1 3019/20/1 3018/20/1
f 3074/20/1 3005/20/1 3004/20/1
f 3074/20/1 3017/20/1 3016/20/1
f 3074/20/1 3007/20/1 3006/20/1
f 3074/20/1 3015/20/1 3014/20/1
f 3074/20/1 3009/20/1 3008/20/1
f 3074/20/1 3013/20/1 3012/20/1
f 3074/20/1 3011/20/1 3010/20/1
f 3075/20/1 3028/20/1 3074/20/1
f 3076/20/1 3028/20/1 3075/20/1
f 3077/20/1 3028/20/1 3076/20/1
f 3078/20/1 3028/20/1 3077/20/1
f 3079/20/1 3028/20/1 3078/20/1
f 3080/20/1 3028/20/1 3079/20/1
f 3081/20/1 3028/20/1 3080/20/1
f 3082/20/1 3028/20/1 3081/20/1
f 3083/20/1 3028/20/1 3082/20/1
f 3084/20/1 3066/20/1 3065/20/1
f 3084/20/1 3069/20/1 3068/20/1
f 3084/20/1 3068/20/1 3067/20/1
f 3084/20/1 3067/20/1 3066/20/1
f 3084/20/1 3065/20/1 3064/20/1
f 3084/20/1 3057/20/1 3056/20/1
f 3084/20/1 3055/20/1 3054/20/1
f 3084/20/1 3053/20/1 3052/20/1
f 3084/20/1 3051/20/1 3050/20/1
f 3084/20/1 3049/20/1 3048/20/1
f 3084/20/1 3047/20/1 3046/20/1
f 3084/20/1 3045/20/1 3044/20/1
f 3084/20/1 3046/20/1 3045/20/1
f 3084/20/1 3048/20/1 3047/20/1
f 3084/20/1 3050/20/1 3049/20/1
f 3084/20/1 3052/20/1 3051/20/1
f 3084/20/1 3054/20/1 3053/20/1
f 3084/20/1 3056/20/1 3055/20/1
f 3084/20/1 3058/20/1 3057/20/1
f 3084/20/1 3060/20/1 3059/20/1
f 3084/20/1 3062/20/1 3061/20/1
f 3084/20/1 3064/20/1 3063/20/1
f 3084/20/1 3063/20/1 3062/20/1
f 3084/20/1 3061/20/1 3060/20/1
f 3084/20/1 3059/20/1 3058/20/1
f 3085/20/1 3069/20/1 3084/20/1
f 3086/20/1 3069/20/1 3085/20/1
f 3087/20/1 3069/20/1 3086/20/1
f 3088/20/1 3069/20/1 3087/20/1
f 3089/20/1 3069/20/1 3088/20/1
f 3090/20/1 3069/20/1 3089/20/1
f 3091/20/1 3069/20/1 3090/20/1
f 3092/20/1 3069/20/1 3091/20/1
f 3093/20/1 3069/20/1 3092/20/1
f 3094/20/1 3069/20/1 3093/20/1
f 3095/20/1 2963/20/1 3069/20/1
f 3095/20/1 3069/20/1 3094/20/1
f 3096/21/1 3071/21/1 3070/21/1
f 3096/20/1 3070/20/1 2670/20/1
f 3097/20/1 3072/20/1 3071/20/1
f 3097/21/1 3071/21/1 3096/21/1
f 3098/20/1 2975/20/1 3073/20/1
f 3098/21/1 3073/21/1 3072/21/1
f 3099/20/1 2975/20/1 3098/20/1
f 3100/20/1 2975/20/1 3099/20/1
f 3101/20/1 2975/20/1 3100/20/1
f 3102/20/1 2975/20/1 3101/20/1
f 3103/20/1 2975/20/1 3102/20/1
f 3104/21/1 2976/21/1 2975/21/1
f 3104/20/1 2975/20/1 3103/20/1
f 3105/20/1 3074/20/1 2976/20/1
f 3105/21/1 2976/21/1 3104/21/1
f 3106/21/1 3075/21/1 3074/21/1
f 3106/20/1 3074/20/1 3105/20/1
f 3107/20/1 3076/20/1 3075/20/1
f 3107/21/1 3075/21/1 3106/21/1
f 3108/20/1 3076/20/1 3107/20/1
f 3109/21/1 3077/21/1 3076/21/1
f 3109/20/1 3076/20/1 3108/20/1
f 3110/20/1 3078/20/1 3077/20/1
f 3110/21/1 3077/21/1 3109/21/1
f 3111/21/1 3079/21/1 3078/21/1
f 3111/20/1 3078/20/1 3110/20/1
f 3112/20/1 3080/20/1 3079/20/1
f 3112/21/1 3079/21/1 3111/21/1
f 3113/20/1 3080/20/1 3112/20/1
f 3114/20/1 3080/20/1 3113/20/1
f 3115/20/1 3080/20/1 3114/20/1
f 3116/20/1 3080/20/1 3115/20/1
f 3117/20/1 3080/20/1 3116/20/1
f 3118/20/1 3080/20/1 3117/20/1
f 3119/20/1 3080/20/1 3118/20/1
f 3120/20/1 3080/20/1 3119/20/1
f 3121/21/1 3081/21/1 3080/21/1
f 3121/20/1 3080/20/1 3120/20/1
f 3122/20/1 3082/20/1 3081/20/1
f 3122/21/1 3081/21/1 3121/21/1
f 3123/20/1 3028/20/1 3083/20/1
f 3123/21/1 3029/21/1 3028/21/1
f 3123/21/1 3031/21/1 3030/21/1
f 3123/21/1 3030/21/1 3029/21/1
f 3124/20/1 3041/20/1 3040/20/1
f 3124/21/1 3031/21/1 3123/21/1
f 3124/20/1 3039/20/1 3038/20/1
f 3124/20/1 3032/20/1 3031/20/1
f 3124/20/1 3034/20/1 3033/20/1
f 3124/20/1 3036/20/1 3035/20/1
f 3124/20/1 3038/20/1 3037/20/1
f 3124/20/1 3040/20/1 3039/20/1
f 3124/20/1 3037/20/1 3036/20/1
f 3124/20/1 3035/20/1 3034/20/1
f 3124/20/1 3033/20/1 3032/20/1
f 3125/20/1 3041/20/1 3124/20/1
f 3126/20/1 3041/20/1 3125/20/1
f 3127/21/1 3043/21/1 3042/21/1
f 3127/20/1 3041/20/1 3126/20/1
f 3127/21/1 3042/21/1 3041/21/1
f 3127/21/1 3044/21/1 3043/21/1
f 3128/20/1 3084/20/1 3044/20/1
f 3128/21/1 3044/21/1 3127/21/1
f 3129/20/1 3086/20/1 3085/20/1
f 3130/20/1 3086/20/1 3129/20/1
f 3131/20/1 3086/20/1 3130/20/1
f 3132/20/1 3086/20/1 3131/20/1
f 3133/21/1 3087/21/1 3086/21/1
f 3133/20/1 3086/20/1 3132/20/1
f 3134/20/1 3088/20/1 3087/20/1
f 3134/21/1 3087/21/1 3133/21/1
f 3135/20/1 3094/20/1 3093/20/1
f 3136/20/1 3094/20/1 3135/20/1
f 3137/20/1 3094/20/1 3136/20/1
f 3138/21/1 3095/21/1 3094/21/1
f 3138/20/1 3094/20/1 3137/20/1
f 3139/20/1 3097/20/1 3096/20/1
f 3139/20/1 3096/20/1 2670/20/1
f 3140/20/1 3097/20/1 3139/20/1
f 3141/20/1 3072/20/1 3097/20/1
f 3141/20/1 3097/20/1 3140/20/1
f 3141/21/1 3098/21/1 3072/21/1
f 3141/21/1 3099/21/1 3098/21/1
f 3142/21/1 3099/21/1 3141/21/1
f 3143/21/1 3101/21/1 3100/21/1
f 3143/20/1 3100/20/1 3099/20/1
f 3144/20/1 3102/20/1 3101/20/1
f 3144/21/1 3101/21/1 3143/21/1
f 3145/20/1 3106/20/1 3105/20/1
f 3145/20/1 3105/20/1 3104/20/1
f 3145/20/1 3104/20/1 3103/20/1
f 3145/20/1 3107/20/1 3106/20/1
f 3146/20/1 3107/20/1 3145/20/1
f 3147/20/1 3107/20/1 3146/20/1
f 3148/20/1 3107/20/1 3147/20/1
f 3149/20/1 3107/20/1 3148/20/1
f 3150/20/1 3107/20/1 3149/20/1
f 3151/21/1 3108/21/1 3107/21/1
f 3151/20/1 3107/20/1 3150/20/1
f 3152/20/1 3111/20/1 3110/20/1
f 3152/21/1 3108/21/1 3151/21/1
f 3152/20/1 3110/20/1 3109/20/1
f 3152/20/1 3109/20/1 3108/20/1
f 3152/20/1 3113/20/1 3112/20/1
f 3152/20/1 3112/20/1 3111/20/1
f 3153/20/1 3115/20/1 3114/20/1
f 3154/20/1 3115/20/1 3153/20/1
f 3155/21/1 3116/21/1 3115/21/1
f 3155/20/1 3115/20/1 3154/20/1
f 3156/20/1 3117/20/1 3116/20/1
f 3156/21/1 3116/21/1 3155/21/1
f 3157/20/1 3121/20/1 3120/20/1
f 3157/21/1 3120/21/1 3119/21/1
f 3157/20/1 3122/20/1 3121/20/1
f 3158/20/1 3122/20/1 3157/20/1
f 3159/20/1 3082/20/1 3122/20/1
f 3159/20/1 3122/20/1 3158/20/1
f 3159/21/1 3083/21/1 3082/21/1
f 3160/20/1 3123/20/1 3083/20/1
f 3160/21/1 3083/21/1 3159/21/1
f 3160/20/1 3125/20/1 3124/20/1
f 3160/20/1 3124/20/1 3123/20/1
f 3161/20/1 3125/20/1 3160/20/1
f 3162/20/1 3125/20/1 3161/20/1
f 3163/20/1 3125/20/1 3162/20/1
f 3164/20/1 3125/20/1 3163/20/1
f 3165/21/1 3126/21/1 3125/21/1
f 3165/20/1 3125/20/1 3164/20/1
f 3166/21/1 3126/21/1 3165/21/1
f 3167/20/1 3127/20/1 3126/20/1
f 3167/20/1 3084/20/1 3128/20/1
f 3167/20/1 3128/20/1 3127/20/1
f 3168/21/1 3085/21/1 3084/21/1
f 3168/20/1 3084/20/1 3167/20/1
f 3169/20/1 3129/20/1 3085/20/1
f 3169/21/1 3130/21/1 3129/21/1
f 3170/20/1 3131/20/1 3130/20/1
f 3170/21/1 3130/21/1 3169/21/1
f 3171/21/1 3132/21/1 3131/21/1
f 3171/20/1 3131/20/1 3170/20/1
f 3172/20/1 3133/20/1 3132/20/1
f 3172/21/1 3132/21/1 3171/21/1
f 3172/20/1 3134/20/1 3133/20/1
f 3173/20/1 3088/20/1 3134/20/1
f 3173/20/1 3134/20/1 3172/20/1
f 3173/21/1 3089/21/1 3088/21/1
f 3174/20/1 3090/20/1 3089/20/1
f 3174/21/1 3089/21/1 3173/21/1
f 3175/21/1 3091/21/1 3090/21/1
f 3176/20/1 3092/20/1 3091/20/1
f 3176/21/1 3091/21/1 3175/21/1
f 3177/21/1 3093/21/1 3092/21/1
f 3177/20/1 3092/20/1 3176/20/1
f 3178/20/1 3135/20/1 3093/20/1
f 3178/21/1 3093/21/1 3177/21/1
f 3179/20/1 3135/20/1 3178/20/1
f 3180/21/1 3136/21/1 3135/21/1
f 3180/20/1 3135/20/1 3179/20/1
f 3181/20/1 3137/20/1 3136/20/1
f 3181/21/1 3136/21/1 3180/21/1
f 3182/21/1 3138/21/1 3137/21/1
f 3182/20/1 3137/20/1 3181/20/1
f 3183/21/1 3095/21/1 3138/21/1
f 3183/21/1 3138/21/1 3182/21/1
f 3183/20/1 2963/20/1 3095/20/1
f 3184/20/1 3141/20/1 3140/20/1
f 3184/21/1 3099/21/1 3142/21/1
f 3184/20/1 3142/20/1 3141/20/1
f 3185/20/1 3144/20/1 3143/20/1
f 3185/21/1 3099/21/1 3184/21/1
f 3185/20/1 3143/20/1 3099/20/1
f 3186/21/1 3103/21/1 3102/21/1
f 3186/20/1 3144/20/1 3185/20/1
f 3186/20/1 3102/20/1 3144/20/1
f 3187/21/1 3103/21/1 3186/21/1
f 3188/20/1 3145/20/1 3103/20/1
f 3188/21/1 3103/21/1 3187/21/1
f 3189/20/1 3145/20/1 3188/20/1
f 3190/20/1 3147/20/1 3146/20/1
f 3190/21/1 3146/21/1 3145/21/1
f 3191/20/1 3147/20/1 3190/20/1
f 3192/20/1 3147/20/1 3191/20/1
f 3193/21/1 3148/21/1 3147/21/1
f 3193/20/1 3147/20/1 3192/20/1
f 3194/21/1 3148/21/1 3193/21/1
f 3195/20/1 3149/20/1 3148/20/1
f 3195/21/1 3148/21/1 3194/21/1
f 3196/20/1 3151/20/1 3150/20/1
f 3196/21/1 3150/21/1 3149/21/1
f 3196/20/1 3152/20/1 3151/20/1
f 3197/20/1 3152/20/1 3196/20/1
f 3198/20/1 3113/20/1 3152/20/1
f 3198/20/1 3152/20/1 3197/20/1
f 3199/20/1 3113/20/1 3198/20/1
f 3200/21/1 3114/21/1 3113/21/1
f 3200/20/1 3113/20/1 3199/20/1
f 3201/20/1 3153/20/1 3114/20/1
f 3201/21/1 3114/21/1 3200/21/1
f 3202/20/1 3117/20/1 3156/20/1
f 3202/20/1 3156/20/1 3155/20/1
f 3202/20/1 3155/20/1 3154/20/1
f 3202/21/1 3118/21/1 3117/21/1
f 3203/20/1 3119/20/1 3118/20/1
f 3203/21/1 3118/21/1 3202/21/1
f 3204/20/1 3119/20/1 3203/20/1
f 3205/21/1 3158/21/1 3157/21/1
f 3205/20/1 3119/20/1 3204/20/1
f 3205/21/1 3157/21/1 3119/21/1
f 3206/21/1 3158/21/1 3205/21/1
f 3207/21/1 3158/21/1 3206/21/1
f 3208/20/1 3160/20/1 3159/20/1
f 3208/21/1 3158/21/1 3207/21/1
f 3208/20/1 3159/20/1 3158/20/1
f 3208/20/1 3161/20/1 3160/20/1
f 3209/21/1 3162/21/1 3161/21/1
f 3209/20/1 3161/20/1 3208/20/1
f 3210/20/1 3163/20/1 3162/20/1
f 3210/21/1 3162/21/1 3209/21/1
f 3211/21/1 3164/21/1 3163/21/1
f 3211/20/1 3163/20/1 3210/20/1
f 3212/20/1 3166/20/1 3165/20/1
f 3212/21/1 3164/21/1 3211/21/1
f 3212/20/1 3165/20/1 3164/20/1
f 3213/20/1 3166/20/1 3212/20/1
f 3214/21/1 3126/21/1 3166/21/1
f 3214/20/1 3166/20/1 3213/20/1
f 3215/20/1 3167/20/1 3126/20/1
f 3215/21/1 3126/21/1 3214/21/1
f 3216/20/1 3167/20/1 3215/20/1
f 3217/21/1 3168/21/1 3167/21/1
f 3217/20/1 3167/20/1 3216/20/1
f 3218/21/1 3085/21/1 3168/21/1
f 3218/21/1 3168/21/1 3217/21/1
f 3219/20/1 3172/20/1 3171/20/1
f 3219/20/1 3170/20/1 3169/20/1
f 3219/20/1 3171/20/1 3170/20/1
f 3219/20/1 3173/20/1 3172/20/1
f 3219/20/1 3174/20/1 3173/20/1
f 3220/20/1 3174/20/1 3219/20/1
f 3221/20/1 3090/20/1 3174/20/1
f 3221/20/1 3174/20/1 3220/20/1
f 3221/21/1 3175/21/1 3090/21/1
f 3222/20/1 3178/20/1 3177/20/1
f 3222/21/1 3175/21/1 3221/21/1
f 3222/20/1 3177/20/1 3176/20/1
f 3222/20/1 3176/20/1 3175/20/1
f 3222/20/1 3179/20/1 3178/20/1
f 3223/20/1 3179/20/1 3222/20/1
f 3224/20/1 3179/20/1 3223/20/1
f 3225/20/1 3179/20/1 3224/20/1
f 3226/20/1 3179/20/1 3225/20/1
f 3227/21/1 3180/21/1 3179/21/1
f 3227/20/1 3179/20/1 3226/20/1
f 3228/21/1 3180/21/1 3227/21/1
f 3229/20/1 3182/20/1 3181/20/1
f 3229/20/1 3181/20/1 3180/20/1
f 3229/20/1 3183/20/1 3182/20/1
f 3230/20/1 3183/20/1 3229/20/1
f 3231/20/1 2963/20/1 3183/20/1
f 3231/20/1 3183/20/1 3230/20/1
f 3232/20/1 2569/20/1 2963/20/1
f 3232/20/1 2963/20/1 3231/20/1
f 3233/20/1 3185/20/1 3184/20/1
f 3233/20/1 3184/20/1 3140/20/1
f 3233/20/1 3187/20/1 3186/20/1
f 3233/20/1 3186/20/1 3185/20/1
f 3234/20/1 3187/20/1 3233/20/1
f 3235/20/1 3187/20/1 3234/20/1
f 3236/20/1 3187/20/1 3235/20/1
f 3237/21/1 3194/21/1 3193/21/1
f 3237/20/1 3192/20/1 3191/20/1
f 3237/21/1 3193/21/1 3192/21/1
f 3238/21/1 3194/21/1 3237/21/1
f 3239/20/1 3149/20/1 3195/20/1
f 3239/20/1 3195/20/1 3194/20/1
f 3239/21/1 3197/21/1 3196/21/1
f 3239/21/1 3196/21/1 3149/21/1
f 3240/21/1 3197/21/1 3239/21/1
f 3241/20/1 3198/20/1 3197/20/1
f 3242/21/1 3199/21/1 3198/21/1
f 3242/20/1 3198/20/1 3241/20/1
f 3243/20/1 3153/20/1 3201/20/1
f 3243/20/1 3201/20/1 3200/20/1
f 3243/20/1 3200/20/1 3199/20/1
f 3243/21/1 3154/21/1 3153/21/1
f 3244/20/1 3203/20/1 3202/20/1
f 3244/21/1 3154/21/1 3243/21/1
f 3244/20/1 3202/20/1 3154/20/1
f 3245/20/1 3203/20/1 3244/20/1
f 3246/20/1 3203/20/1 3245/20/1
f 3247/21/1 3204/21/1 3203/21/1
f 3247/20/1 3203/20/1 3246/20/1
f 3248/20/1 3206/20/1 3205/20/1
f 3248/21/1 3204/21/1 3247/21/1
f 3248/20/1 3205/20/1 3204/20/1
f 3249/21/1 3207/21/1 3206/21/1
f 3249/20/1 3206/20/1 3248/20/1
f 3250/20/1 3210/20/1 3209/20/1
f 3250/21/1 3207/21/1 3249/21/1
f 3250/20/1 3213/20/1 3212/20/1
f 3250/20/1 3211/20/1 3210/20/1
f 3250/20/1 3208/20/1 3207/20/1
f 3250/20/1 3212/20/1 3211/20/1
f 3250/20/1 3209/20/1 3208/20/1
f 3251/20/1 3218/20/1 3217/20/1
f 3251/20/1 3217/20/1 3216/20/1
f 3252/20/1 3218/20/1 3251/20/1
f 3253/21/1 3085/21/1 3218/21/1
f 3253/20/1 3218/20/1 3252/20/1
f 3254/21/1 3085/21/1 3253/21/1
f 3255/20/1 3219/20/1 3169/20/1
f 3255/21/1 3085/21/1 3254/21/1
f 3255/20/1 3169/20/1 3085/20/1
f 3256/20/1 3219/20/1 3255/20/1
f 3257/20/1 3221/20/1 3220/20/1
f 3257/20/1 3223/20/1 3222/20/1
f 3257/20/1 3222/20/1 3221/20/1
f 3258/20/1 3223/20/1 3257/20/1
f 3259/20/1 3223/20/1 3258/20/1
f 3260/20/1 3223/20/1 3259/20/1
f 3261/21/1 3224/21/1 3223/21/1
f 3261/20/1 3223/20/1 3260/20/1
f 3262/21/1 3224/21/1 3261/21/1
f 3263/21/1 3180/21/1 3228/21/1
f 3263/20/1 3228/20/1 3227/20/1
f 3263/20/1 3227/20/1 3226/20/1
f 3264/20/1 3229/20/1 3180/20/1
f 3264/21/1 3180/21/1 3263/21/1
f 3265/20/1 3233/20/1 3140/20/1
f 3265/21/1 3234/21/1 3233/21/1
f 3266/20/1 3235/20/1 3234/20/1
f 3266/21/1 3234/21/1 3265/21/1
f 3267/21/1 3236/21/1 3235/21/1
f 3267/20/1 3235/20/1 3266/20/1
f 3268/20/1 3187/20/1 3236/20/1
f 3268/21/1 3236/21/1 3267/21/1
f 3269/20/1 3145/20/1 3189/20/1
f 3269/21/1 3190/21/1 3145/21/1
f 3269/21/1 3191/21/1 3190/21/1
f 3270/21/1 3191/21/1 3269/21/1
f 3271/20/1 3238/20/1 3237/20/1
f 3271/21/1 3191/21/1 3270/21/1
f 3271/20/1 3237/20/1 3191/20/1
f 3272/21/1 3194/21/1 3238/21/1
f 3272/20/1 3238/20/1 3271/20/1
f 3273/20/1 3240/20/1 3239/20/1
f 3273/21/1 3194/21/1 3272/21/1
f 3273/20/1 3239/20/1 3194/20/1
f 3274/20/1 3240/20/1 3273/20/1
f 3275/21/1 3197/21/1 3240/21/1
f 3275/20/1 3240/20/1 3274/20/1
f 3276/21/1 3197/21/1 3275/21/1
f 3277/20/1 3241/20/1 3197/20/1
f 3277/21/1 3197/21/1 3276/21/1
f 3278/21/1 3242/21/1 3241/21/1
f 3278/20/1 3241/20/1 3277/20/1
f 3279/21/1 3199/21/1 3242/21/1
f 3279/21/1 3242/21/1 3278/21/1
f 3280/21/1 3199/21/1 3279/21/1
f 3281/20/1 3243/20/1 3199/20/1
f 3281/21/1 3199/21/1 3280/21/1
f 3281/20/1 3245/20/1 3244/20/1
f 3281/20/1 3244/20/1 3243/20/1
f 3282/20/1 3245/20/1 3281/20/1
f 3283/20/1 3245/20/1 3282/20/1
f 3284/20/1 3245/20/1 3283/20/1
f 3285/20/1 3245/20/1 3284/20/1
f 3286/20/1 3248/20/1 3247/20/1
f 3286/20/1 3249/20/1 3248/20/1
f 3286/20/1 3247/20/1 3246/20/1
f 3286/20/1 3250/20/1 3249/20/1
f 3287/20/1 3250/20/1 3286/20/1
f 3288/20/1 3250/20/1 3287/20/1
f 3289/20/1 3213/20/1 3250/20/1
f 3289/20/1 3250/20/1 3288/20/1
f 3290/20/1 3213/20/1 3289/20/1
f 3291/20/1 3213/20/1 3290/20/1
f 3292/20/1 3213/20/1 3291/20/1
f 3293/20/1 3213/20/1 3292/20/1
f 3294/20/1 3213/20/1 3293/20/1
f 3295/21/1 3214/21/1 3213/21/1
f 3295/20/1 3213/20/1 3294/20/1
f 3296/20/1 3215/20/1 3214/20/1
f 3296/21/1 3214/21/1 3295/21/1
f 3297/21/1 3216/21/1 3215/21/1
f 3297/20/1 3215/20/1 3296/20/1
f 3298/20/1 3251/20/1 3216/20/1
f 3298/21/1 3216/21/1 3297/21/1
f 3299/20/1 3251/20/1 3298/20/1
f 3300/20/1 3251/20/1 3299/20/1
f 3301/21/1 3252/21/1 3251/21/1
f 3301/20/1 3251/20/1 3300/20/1
f 3302/20/1 3254/20/1 3253/20/1
f 3302/21/1 3252/21/1 3301/21/1
f 3302/20/1 3253/20/1 3252/20/1
f 3303/20/1 3219/20/1 3256/20/1
f 3303/21/1 3220/21/1 3219/21/1
f 3304/20/1 3257/20/1 3220/20/1
f 3304/21/1 3220/21/1 3303/21/1
f 3305/21/1 3258/21/1 3257/21/1
f 3305/20/1 3257/20/1 3304/20/1
f 3306/20/1 3259/20/1 3258/20/1
f 3306/21/1 3258/21/1 3305/21/1
f 3307/20/1 3259/20/1 3306/20/1
f 3308/20/1 3262/20/1 3261/20/1
f 3308/20/1 3261/20/1 3260/20/1
f 3308/21/1 3260/21/1 3259/21/1
f 3309/20/1 3262/20/1 3308/20/1
f 3310/20/1 3263/20/1 3226/20/1
f 3310/20/1 3264/20/1 3263/20/1
f 3311/20/1 3229/20/1 3264/20/1
f 3311/20/1 3264/20/1 3310/20/1
f 3312/21/1 3230/21/1 3229/21/1
f 3312/20/1 3229/20/1 3311/20/1
f 3313/21/1 3230/21/1 3312/21/1
f 3314/20/1 3231/20/1 3230/20/1
f 3314/21/1 3230/21/1 3313/21/1
f 3315/21/1 3232/21/1 3231/21/1
f 3315/20/1 3231/20/1 3314/20/1
f 3316/21/1 3140/21/1 3139/21/1
f 3317/20/1 3267/20/1 3266/20/1
f 3317/21/1 3140/21/1 3316/21/1
f 3317/20/1 3266/20/1 3265/20/1
f 3317/20/1 3265/20/1 3140/20/1
f 3317/20/1 3268/20/1 3267/20/1
f 3318/20/1 3268/20/1 3317/20/1
f 3319/20/1 3187/20/1 3268/20/1
f 3319/20/1 3268/20/1 3318/20/1
f 3320/21/1 3189/21/1 3188/21/1
f 3320/20/1 3187/20/1 3319/20/1
f 3320/21/1 3188/21/1 3187/21/1
f 3321/20/1 3270/20/1 3269/20/1
f 3321/21/1 3189/21/1 3320/21/1
f 3321/20/1 3269/20/1 3189/20/1
f 3322/20/1 3274/20/1 3273/20/1
f 3322/20/1 3273/20/1 3272/20/1
f 3323/20/1 3274/20/1 3322/20/1
f 3324/21/1 3276/21/1 3275/21/1
f 3324/20/1 3274/20/1 3323/20/1
f 3324/21/1 3275/21/1 3274/21/1
f 3325/20/1 3278/20/1 3277/20/1
f 3325/21/1 3276/21/1 3324/21/1
f 3325/20/1 3277/20/1 3276/20/1
f 3325/20/1 3279/20/1 3278/20/1
f 3326/20/1 3279/20/1 3325/20/1
f 3327/20/1 3279/20/1 3326/20/1
f 3328/21/1 3280/21/1 3279/21/1
f 3328/20/1 3279/20/1 3327/20/1
f 3329/20/1 3281/20/1 3280/20/1
f 3329/21/1 3280/21/1 3328/21/1
f 3329/20/1 3282/20/1 3281/20/1
f 3330/21/1 3285/21/1 3284/21/1
f 3330/20/1 3284/20/1 3283/20/1
f 3331/20/1 3245/20/1 3285/20/1
f 3331/21/1 3285/21/1 3330/21/1
f 3332/21/1 3246/21/1 3245/21/1
f 3332/20/1 3245/20/1 3331/20/1
f 3333/20/1 3286/20/1 3246/20/1
f 3333/21/1 3246/21/1 3332/21/1
f 3334/20/1 3288/20/1 3287/20/1
f 3334/21/1 3289/21/1 3288/21/1
f 3335/21/1 3289/21/1 3334/21/1
f 3336/20/1 3290/20/1 3289/20/1
f 3336/21/1 3289/21/1 3335/21/1
f 3337/20/1 3290/20/1 3336/20/1
f 3338/21/1 3291/21/1 3290/21/1
f 3338/20/1 3290/20/1 3337/20/1
f 3339/20/1 3292/20/1 3291/20/1
f 3339/21/1 3291/21/1 3338/21/1
f 3340/21/1 3293/21/1 3292/21/1
f 3340/20/1 3292/20/1 3339/20/1
f 3341/20/1 3294/20/1 3293/20/1
f 3341/21/1 3293/21/1 3340/21/1
f 3342/21/1 3295/21/1 3294/21/1
f 3342/20/1 3294/20/1 3341/20/1
f 3342/21/1 3296/21/1 3295/21/1
f 3342/21/1 3297/21/1 3296/21/1
f 3343/20/1 3298/20/1 3297/20/1
f 3343/21/1 3297/21/1 3342/21/1
f 3343/20/1 3299/20/1 3298/20/1
f 3344/21/1 3300/21/1 3299/21/1
f 3344/20/1 3299/20/1 3343/20/1
f 3345/20/1 3302/20/1 3301/20/1
f 3345/21/1 3300/21/1 3344/21/1
f 3345/20/1 3301/20/1 3300/20/1
f 3346/20/1 3304/20/1 3303/20/1
f 3346/20/1 3306/20/1 3305/20/1
f 3346/20/1 3305/20/1 3304/20/1
f 3347/20/1 3306/20/1 3346/20/1
f 3348/21/1 3307/21/1 3306/21/1
f 3348/20/1 3306/20/1 3347/20/1
f 3349/20/1 3259/20/1 3307/20/1
f 3349/21/1 3307/21/1 3348/21/1
f 3350/21/1 3309/21/1 3308/21/1
f 3350/20/1 3259/20/1 3349/20/1
f 3350/21/1 3308/21/1 3259/21/1
f 3351/21/1 3309/21/1 3350/21/1
f 3352/21/1 3224/21/1 3262/21/1
f 3352/20/1 3262/20/1 3309/20/1
f 3353/20/1 3225/20/1 3224/20/1
f 3353/21/1 3224/21/1 3352/21/1
f 3354/21/1 3226/21/1 3225/21/1
f 3354/20/1 3225/20/1 3353/20/1
f 3355/20/1 3310/20/1 3226/20/1
f 3355/21/1 3226/21/1 3354/21/1
f 3356/20/1 3312/20/1 3311/20/1
f 3356/20/1 3313/20/1 3312/20/1
f 3357/20/1 3313/20/1 3356/20/1
f 3358/21/1 3315/21/1 3314/21/1
f 3358/20/1 3313/20/1 3357/20/1
f 3358/21/1 3314/21/1 3313/21/1
f 3359/21/1 3232/21/1 3315/21/1
f 3359/21/1 3315/21/1 3358/21/1
f 3360/21/1 3318/21/1 3317/21/1
f 3360/20/1 3317/20/1 3316/20/1
f 3361/20/1 3319/20/1 3318/20/1
f 3361/21/1 3318/21/1 3360/21/1
f 3362/21/1 3320/21/1 3319/21/1
f 3362/20/1 3319/20/1 3361/20/1
f 3363/20/1 3321/20/1 3320/20/1
f 3363/21/1 3320/21/1 3362/21/1
f 3364/20/1 3270/20/1 3321/20/1
f 3364/20/1 3321/20/1 3363/20/1
f 3365/20/1 3270/20/1 3364/20/1
f 3366/21/1 3323/21/1 3322/21/1
f 3366/20/1 3322/20/1 3272/20/1
f 3367/20/1 3324/20/1 3323/20/1
f 3367/21/1 3323/21/1 3366/21/1
f 3367/20/1 3325/20/1 3324/20/1
f 3367/20/1 3326/20/1 3325/20/1
f 3368/21/1 3327/21/1 3326/21/1
f 3368/20/1 3326/20/1 3367/20/1
f 3369/20/1 3329/20/1 3328/20/1
f 3369/21/1 3327/21/1 3368/21/1
f 3369/20/1 3328/20/1 3327/20/1
f 3370/20/1 3282/20/1 3329/20/1
f 3370/20/1 3329/20/1 3369/20/1
f 3370/21/1 3283/21/1 3282/21/1
f 3371/20/1 3331/20/1 3330/20/1
f 3371/21/1 3283/21/1 3370/21/1
f 3371/20/1 3330/20/1 3283/20/1
f 3371/20/1 3332/20/1 3331/20/1
f 3371/20/1 3333/20/1 3332/20/1
f 3372/20/1 3286/20/1 3333/20/1
f 3372/20/1 3333/20/1 3371/20/1
f 3372/21/1 3287/21/1 3286/21/1
f 3373/20/1 3335/20/1 3334/20/1
f 3373/21/1 3287/21/1 3372/21/1
f 3373/20/1 3334/20/1 3287/20/1
f 3374/21/1 3337/21/1 3336/21/1
f 3374/20/1 3335/20/1 3373/20/1
f 3374/21/1 3336/21/1 3335/21/1
f 3375/20/1 3343/20/1 3342/20/1
f 3375/21/1 3337/21/1 3374/21/1
f 3375/20/1 3339/20/1 3338/20/1
f 3375/20/1 3342/20/1 3341/20/1
f 3375/20/1 3338/20/1 3337/20/1
f 3375/20/1 3340/20/1 3339/20/1
f 3375/20/1 3345/20/1 3344/20/1
f 3375/20/1 3341/20/1 3340/20/1
f 3375/20/1 3344/20/1 3343/20/1
f 3376/20/1 3345/20/1 3375/20/1
f 3377/20/1 3345/20/1 3376/20/1
f 3378/20/1 3254/20/1 3302/20/1
f 3378/20/1 3345/20/1 3377/20/1
f 3378/20/1 3302/20/1 3345/20/1
f 3378/21/1 3256/21/1 3255/21/1
f 3378/21/1 3255/21/1 3254/21/1
f 3379/20/1 3303/20/1 3256/20/1
f 3379/21/1 3256/21/1 3378/21/1
f 3379/20/1 3346/20/1 3303/20/1
f 3380/21/1 3347/21/1 3346/21/1
f 3380/20/1 3346/20/1 3379/20/1
f 3381/20/1 3348/20/1 3347/20/1
f 3381/21/1 3347/21/1 3380/21/1
f 3381/20/1 3350/20/1 3349/20/1
f 3381/20/1 3351/20/1 3350/20/1
f 3381/20/1 3349/20/1 3348/20/1
f 3382/21/1 3309/21/1 3351/21/1
f 3382/20/1 3351/20/1 3381/20/1
f 3383/20/1 3353/20/1 3352/20/1
f 3383/21/1 3309/21/1 3382/21/1
f 3383/20/1 3355/20/1 3354/20/1
f 3383/20/1 3354/20/1 3353/20/1
f 3383/20/1 3352/20/1 3309/20/1
f 3384/21/1 3311/21/1 3310/21/1
f 3384/20/1 3355/20/1 3383/20/1
f 3384/20/1 3310/20/1 3355/20/1
f 3385/20/1 3356/20/1 3311/20/1
f 3385/21/1 3311/21/1 3384/21/1
f 3386/21/1 3357/21/1 3356/21/1
f 3386/20/1 3356/20/1 3385/20/1
f 3387/20/1 3358/20/1 3357/20/1
f 3387/21/1 3357/21/1 3386/21/1
f 3387/20/1 3359/20/1 3358/20/1
f 3388/20/1 3361/20/1 3360/20/1
f 3388/20/1 3363/20/1 3362/20/1
f 3388/20/1 3362/20/1 3361/20/1
f 3388/20/1 3360/20/1 3316/20/1
f 3388/20/1 3364/20/1 3363/20/1
f 3389/21/1 3365/21/1 3364/21/1
f 3389/20/1 3364/20/1 3388/20/1
f 3390/20/1 3270/20/1 3365/20/1
f 3390/21/1 3365/21/1 3389/21/1
f 3391/21/1 3271/21/1 3270/21/1
f 3391/20/1 3270/20/1 3390/20/1
f 3391/21/1 3272/21/1 3271/21/1
f 3392/20/1 3370/20/1 3369/20/1
f 3392/21/1 3272/21/1 3391/21/1
f 3392/20/1 3367/20/1 3366/20/1
f 3392/20/1 3366/20/1 3272/20/1
f 3392/20/1 3374/20/1 3373/20/1
f 3392/20/1 3373/20/1 3372/20/1
f 3392/20/1 3369/20/1 3368/20/1
f 3392/20/1 3368/20/1 3367/20/1
f 3392/20/1 3376/20/1 3375/20/1
f 3392/20/1 3375/20/1 3374/20/1
f 3392/20/1 3371/20/1 3370/20/1
f 3392/20/1 3372/20/1 3371/20/1
f 3393/21/1 3377/21/1 3376/21/1
f 3393/20/1 3376/20/1 3392/20/1
f 3394/20/1 3378/20/1 3377/20/1
f 3394/21/1 3377/21/1 3393/21/1
f 3394/20/1 3386/20/1 3385/20/1
f 3394/20/1 3381/20/1 3380/20/1
f 3394/20/1 3380/20/1 3379/20/1
f 3394/20/1 3382/20/1 3381/20/1
f 3394/20/1 3385/20/1 3384/20/1
f 3394/20/1 3384/20/1 3383/20/1
f 3394/20/1 3383/20/1 3382/20/1
f 3394/20/1 3387/20/1 3386/20/1
f 3394/20/1 3379/20/1 3378/20/1
f 3395/20/1 3359/20/1 3387/20/1
f 3395/20/1 3387/20/1 3394/20/1
f 3398/27/1 3397/27/1 3396/27/1
f 3399/27/1 3397/27/1 3398/27/1
f 3400/25/1 3399/25/1 3398/25/1
f 3401/27/1 3397/27/1 3399/27/1
f 3401/25/1 3399/25/1 3400/25/1
f 3402/27/1 3401/27/1 3400/27/1
f 3403/27/1 3397/27/1 3401/27/1
f 3403/27/1 3401/27/1 3402/27/1
f 3406/27/1 3405/27/1 3404/27/1
f 3407/27/1 3405/27/1 3406/27/1
f 3408/27/1 3406/27/1 3404/27/1
f 3408/25/1 3407/25/1 3406/25/1
f 3409/27/1 3405/27/1 3407/27/1
f 3409/25/1 3407/25/1 3408/25/1
f 3410/27/1 3408/27/1 3404/27/1
f 3410/27/1 3409/27/1 3408/27/1
f 3411/27/1 3405/27/1 3409/27/1
f 3411/27/1 3409/27/1 3410/27/1
f 3414/27/1 3413/27/1 3412/27/1
f 3415/27/1 3413/27/1 3414/27/1
f 3422/26/1 3421/26/1 3420/26/1
f 3423/26/1 3421/26/1 3422/26/1
f 3424/27/1 3417/27/1 3416/27/1
f 3425/27/1 3419/27/1 3418/27/1
f 3426/27/1 3424/27/1 3416/27/1
f 3426/27/1 3425/27/1 3424/27/1
f 3427/27/1 3419/27/1 3425/27/1
f 3427/27/1 3425/27/1 3426/27/1
f 3431/27/1 3429/27/1 3428/27/1
f 3431/27/1 3430/27/1 3429/27/1
f 3432/27/1 3430/27/1 3431/27/1
f 3433/27/1 3431/27/1 3428/27/1
f 3434/27/1 3430/27/1 3432/27/1
f 3435/27/1 3433/27/1 3428/27/1
f 3435/27/1 3434/27/1 3433/27/1
f 3436/27/1 3434/27/1 3435/27/1
f 3437/27/1 3435/27/1 3428/27/1
f 3438/27/1 3434/27/1 3436/27/1
f 3439/27/1 3437/27/1 3428/27/1
f 3439/27/1 3438/27/1 3437/27/1
f 3440/27/1 3430/27/1 3434/27/1
f 3440/27/1 3438/27/1 3439/27/1
f 3440/27/1 3434/27/1 3438/27/1
f 3443/27/1 3442/27/1 3441/27/1
f 3444/27/1 3442/27/1 3443/27/1
f 3447/27/1 3446/27/1 3445/27/1
f 3448/27/1 3446/27/1 3447/27/1
f 3449/27/1 3446/27/1 3448/27/1
f 3450/27/1 3446/27/1 3449/27/1
f 3451/30/1 3448/30/1 3447/30/1
f 3452/27/1 3449/27/1 3448/27/1
f 3452/30/1 3448/30/1 3451/30/1
f 3453/30/1 3450/30/1 3449/30/1
f 3453/27/1 3449/27/1 3452/27/1
f 3454/30/1 3450/30/1 3453/30/1
f 3455/27/1 3447/27/1 3445/27/1
f 3456/30/1 3451/30/1 3447/30/1
f 3456/27/1 3447/27/1 3455/27/1
f 3457/30/1 3451/30/1 3456/30/1
f 3460/27/1 3459/27/1 3458/27/1
f 3461/27/1 3459/27/1 3460/27/1
f 3464/27/1 3463/27/1 3462/27/1
f 3465/27/1 3463/27/1 3464/27/1
f 3466/27/1 3463/27/1 3465/27/1
f 3468/27/1 3466/27/1 3465/27/1
f 3468/27/1 3467/27/1 3466/27/1
f 3469/27/1 3467/27/1 3468/27/1
f 3475/27/1 3471/27/1 3470/27/1
f 3476/27/1 3471/27/1 3475/27/1
f 3477/27/1 3474/27/1 3473/27/1
f 3477/27/1 3473/27/1 3472/27/1
f 3478/27/1 3474/27/1 3477/27/1
f 3483/27/1 3480/27/1 3479/27/1
f 3484/27/1 3482/27/1 3481/27/1
f 3485/27/1 3483/27/1 3479/27/1
f 3485/27/1 3484/27/1 3483/27/1
f 3486/27/1 3482/27/1 3484/27/1
f 3486/27/1 3484/27/1 3485/27/1
f 3492/27/1 3488/27/1 3487/27/1
f 3493/27/1 3488/27/1 3492/27/1
f 3494/27/1 3490/27/1 3489/27/1
f 3495/30/1 3491/30/1 3490/30/1
f 3495/27/1 3490/27/1 3494/27/1
f 3496/27/1 3494/27/1 3489/27/1
f 3496/30/1 3495/30/1 3494/30/1
f 3497/30/1 3491/30/1 3495/30/1
f 3497/30/1 3495/30/1 3496/30/1
f 3498/27/1 3496/27/1 3489/27/1
f 3498/27/1 3497/27/1 3496/27/1
f 3499/27/1 3497/27/1 3498/27/1
f 3506/27/1 3503/27/1 3502/27/1
f 3507/27/1 3505/27/1 3504/27/1
f 3508/27/1 3505/27/1 3507/27/1
f 3508/27/1 3507/27/1 3506/27/1
f 3509/27/1 3505/27/1 3508/27/1
f 3510/27/1 3501/27/1 3500/27/1
f 3511/27/1 3501/27/1 3510/27/1
f 3512/27/1 3506/27/1 3502/27/1
f 3512/27/1 3508/27/1 3506/27/1
f 3513/27/1 3508/27/1 3512/27/1
f 3514/27/1 3501/27/1 3511/27/1
f 3516/30/1 3513/30/1 3512/30/1
f 3517/27/1 3508/27/1 3513/27/1
f 3517/30/1 3513/30/1 3516/30/1
f 3518/27/1 3508/27/1 3517/27/1
f 3519/27/1 3516/27/1 3515/27/1
f 3519/27/1 3515/27/1 3514/27/1
f 3519/27/1 3514/27/1 3511/27/1
f 3520/27/1 3516/27/1 3519/27/1
f 3521/27/1 3516/27/1 3520/27/1
f 3522/30/1 3518/30/1 3517/30/1
f 3522/27/1 3516/27/1 3521/27/1
f 3522/30/1 3517/30/1 3516/30/1
f 3523/27/1 3508/27/1 3518/27/1
f 3523/30/1 3518/30/1 3522/30/1
f 3524/27/1 3510/27/1 3500/27/1
f 3525/27/1 3519/27/1 3511/27/1
f 3526/27/1 3522/27/1 3521/27/1
f 3526/27/1 3523/27/1 3522/27/1
f 3527/27/1 3523/27/1 3526/27/1
f 3528/27/1 3523/27/1 3527/27/1
f 3529/27/1 3508/27/1 3523/27/1
f 3529/27/1 3523/27/1 3528/27/1
f 3530/27/1 3508/27/1 3529/27/1
f 3531/27/1 3508/27/1 3530/27/1
f 3532/27/1 3508/27/1 3531/27/1
f 3533/30/1 3509/30/1 3508/30/1
f 3533/27/1 3508/27/1 3532/27/1
f 3534/27/1 3525/27/1 3524/27/1
f 3534/27/1 3524/27/1 3500/27/1
f 3535/27/1 3519/27/1 3525/27/1
f 3535/27/1 3525/27/1 3534/27/1
f 3536/27/1 3526/27/1 3521/27/1
f 3537/30/1 3527/30/1 3526/30/1
f 3537/27/1 3526/27/1 3536/27/1
f 3538/27/1 3528/27/1 3527/27/1
f 3538/30/1 3527/30/1 3537/30/1
f 3539/30/1 3529/30/1 3528/30/1
f 3539/27/1 3528/27/1 3538/27/1
f 3540/27/1 3530/27/1 3529/27/1
f 3540/30/1 3529/30/1 3539/30/1
f 3541/30/1 3531/30/1 3530/30/1
f 3541/27/1 3530/27/1 3540/27/1
f 3542/27/1 3532/27/1 3531/27/1
f 3542/30/1 3531/30/1 3541/30/1
f 3543/30/1 3533/30/1 3532/30/1
f 3543/27/1 3532/27/1 3542/27/1
f 3544/27/1 3505/27/1 3509/27/1
f 3544/30/1 3533/30/1 3543/30/1
f 3544/30/1 3509/30/1 3533/30/1
f 3545/27/1 3505/27/1 3544/27/1
f 3549/24/1 3547/24/1 3546/24/1
f 3550/27/1 3548/27/1 3547/27/1
f 3550/24/1 3547/24/1 3549/24/1
f 3551/27/1 3550/27/1 3549/27/1
f 3552/27/1 3548/27/1 3550/27/1
f 3552/27/1 3550/27/1 3551/27/1
f 3559/27/1 3554/27/1 3553/27/1
f 3560/30/1 3555/30/1 3554/30/1
f 3560/27/1 3554/27/1 3559/27/1
f 3561/27/1 3556/27/1 3555/27/1
f 3561/30/1 3555/30/1 3560/30/1
f 3562/30/1 3557/30/1 3556/30/1
f 3562/27/1 3556/27/1 3561/27/1
f 3563/27/1 3558/27/1 3557/27/1
f 3563/30/1 3557/30/1 3562/30/1
f 3564/27/1 3558/27/1 3563/27/1
f 3575/27/1 3566/27/1 3565/27/1
f 3575/27/1 3567/27/1 3566/27/1
f 3575/27/1 3568/27/1 3567/27/1
f 3576/30/1 3569/30/1 3568/30/1
f 3576/27/1 3568/27/1 3575/27/1
f 3577/27/1 3570/27/1 3569/27/1
f 3577/30/1 3569/30/1 3576/30/1
f 3578/27/1 3570/27/1 3577/27/1
f 3579/27/1 3572/27/1 3571/27/1
f 3580/30/1 3573/30/1 3572/30/1
f 3580/27/1 3572/27/1 3579/27/1
f 3581/27/1 3574/27/1 3573/27/1
f 3581/30/1 3573/30/1 3580/30/1
f 3582/27/1 3574/27/1 3581/27/1
f 3585/24/1 3584/24/1 3583/24/1
f 3586/24/1 3584/24/1 3585/24/1
f 3595/27/1 3588/27/1 3587/27/1
f 3596/27/1 3588/27/1 3595/27/1
f 3597/27/1 3590/27/1 3589/27/1
f 3598/27/1 3590/27/1 3597/27/1
f 3599/27/1 3592/27/1 3591/27/1
f 3600/27/1 3592/27/1 3599/27/1
f 3601/27/1 3594/27/1 3593/27/1
f 3602/27/1 3594/27/1 3601/27/1
f 3605/18/1 3604/18/1 3603/18/1
f 3606/18/1 3604/18/1 3605/18/1
f 3609/18/1 3608/18/1 3607/18/1
f 3610/18/1 3609/18/1 3607/18/1
f 3611/18/1 3609/18/1 3610/18/1
f 3614/27/1 3613/27/1 3612/27/1
f 3616/27/1 3614/27/1 3612/27/1
f 3616/27/1 3615/27/1 3614/27/1
f 3617/27/1 3615/27/1 3616/27/1
f 3620/27/1 3619/27/1 3618/27/1
f 3621/27/1 3619/27/1 3620/27/1
f 3624/27/1 3623/27/1 3622/27/1
f 3625/27/1 3623/27/1 3624/27/1
f 3628/27/1 3627/27/1 3626/27/1
f 3629/27/1 3627/27/1 3628/27/1
f 3632/18/1 3631/18/1 3630/18/1
f 3633/18/1 3631/18/1 3632/18/1
f 3634/18/1 3631/18/1 3633/18/1
f 3635/18/1 3631/18/1 3634/18/1
f 3639/20/1 3637/20/1 3636/20/1
f 3640/27/1 3638/27/1 3637/27/1
f 3640/20/1 3637/20/1 3639/20/1
f 3641/21/1 3640/21/1 3639/21/1
f 3642/27/1 3638/27/1 3640/27/1
f 3642/21/1 3640/21/1 3641/21/1
f 3643/20/1 3642/20/1 3641/20/1
f 3644/27/1 3638/27/1 3642/27/1
f 3644/20/1 3642/20/1 3643/20/1
f 3645/27/1 3638/27/1 3644/27/1
f 3649/20/1 3647/20/1 3646/20/1
f 3650/27/1 3648/27/1 3647/27/1
f 3650/20/1 3647/20/1 3649/20/1
f 3651/27/1 3648/27/1 3650/27/1
f 3656/27/1 3653/27/1 3652/27/1
f 3657/27/1 3653/27/1 3656/27/1
f 3658/27/1 3655/27/1 3654/27/1
f 3659/27/1 3655/27/1 3658/27/1
f 3666/27/1 3665/27/1 3664/27/1
f 3667/27/1 3665/27/1 3666/27/1
f 3668/27/1 3661/27/1 3660/27/1
f 3669/27/1 3661/27/1 3668/27/1
f 3670/27/1 3663/27/1 3662/27/1
f 3671/27/1 3663/27/1 3670/27/1
f 3672/27/1 3666/27/1 3664/27/1
f 3673/30/1 3667/30/1 3666/30/1
f 3673/27/1 3666/27/1 3672/27/1
f 3674/27/1 3665/27/1 3667/27/1
f 3674/30/1 3667/30/1 3673/30/1
f 3675/27/1 3665/27/1 3674/27/1
f 3678/26/1 3677/26/1 3676/26/1
f 3679/26/1 3677/26/1 3678/26/1
f 3680/26/2 3681/26/2 3684/26/2
f 3684/26/2 3681/26/2 3685/26/2
f 3682/26/2 3683/26/2 3686/26/2
f 3686/26/2 3683/26/2 3687/26/2
f 3688/26/2 3689/26/2 3690/26/2
f 3690/26/2 3689/26/2 3691/26/2
f 3692/14/2 3693/14/2 3694/14/2
f 3694/14/2 3693/14/2 3695/14/2
f 3696/13/2 3697/13/2 3700/13/2
f 3700/13/2 3697/13/2 3701/13/2
f 3698/13/2 3699/13/2 3702/13/2
f 3702/13/2 3699/13/2 3703/13/2
f 3704/13/2 3705/13/2 3708/13/2
f 3708/13/2 3705/13/2 3709/13/2
f 3706/13/2 3707/13/2 3710/13/2
f 3710/13/2 3707/13/2 3711/13/2
f 3712/13/2 3713/13/2 3716/13/2
f 3716/13/2 3713/13/2 3717/13/2
f 3714/13/2 3715/13/2 3718/13/2
f 3718/13/2 3715/13/2 3719/13/2
f 3720/15/2 3721/15/2 3724/15/2
f 3724/15/2 3721/15/2 3725/15/2
f 3722/15/2 3723/15/2 3726/15/2
f 3726/15/2 3723/15/2 3727/15/2
f 3728/14/2 3729/14/2 3730/14/2
f 3730/14/2 3729/14/2 3731/14/2
f 3731/14/2 3729/14/2 3732/14/2
f 3728/14/2 3730/14/2 3733/14/2
f 3733/14/2 3730/14/2 3734/14/2
f 3735/15/2 3736/15/2 3738/15/2
f 3738/15/2 3736/15/2 3739/15/2
f 3739/15/2 3736/15/2 3740/15/2
f 3735/15/2 3738/15/2 3741/15/2
f 3738/4/2 3739/4/2 3741/4/2
f 3739/9/2 3740/9/2 3742/9/2
f 3741/4/2 3739/4/2 3742/4/2
f 3740/15/2 3736/15/2 3743/15/2
f 3742/9/2 3740/9/2 3743/9/2
f 3741/15/2 3742/15/2 3744/15/2
f 3735/15/2 3741/15/2 3744/15/2
f 3742/15/2 3743/15/2 3744/15/2
f 3736/14/2 3737/14/2 3745/14/2
f 3744/15/2 3743/15/2 3745/15/2
f 3743/15/2 3736/15/2 3745/15/2
f 3745/14/2 3737/14/2 3746/14/2
f 3751/13/2 3752/13/2 3757/13/2
f 3752/12/2 3753/12/2 3758/12/2
f 3757/13/2 3752/13/2 3758/13/2
f 3758/12/2 3753/12/2 3759/12/2
f 3754/13/2 3755/13/2 3760/13/2
f 3755/12/2 3756/12/2 3761/12/2
f 3760/13/2 3755/13/2 3761/13/2
f 3761/12/2 3756/12/2 3762/12/2
f 3759/12/2 3753/12/2 3763/12/2
f 3763/12/2 3753/12/2 3764/12/2
f 3762/12/2 3756/12/2 3765/12/2
f 3765/12/2 3756/12/2 3766/12/2
f 3764/12/2 3753/12/2 3768/12/2
f 3768/12/2 3753/12/2 3769/12/2
f 3747/12/2 3748/12/2 3770/12/2
f 3766/12/2 3756/12/2 3772/12/2
f 3772/12/2 3756/12/2 3773/12/2
f 3749/12/2 3750/12/2 3774/12/2
f 3768/12/2 3769/12/2 3775/12/2
f 3769/12/2 3770/12/2 3775/12/2
f 3767/12/2 3768/12/2 3775/12/2
f 3775/12/2 3770/12/2 3776/12/2
f 3773/12/2 3774/12/2 3777/12/2
f 3772/12/2 3773/12/2 3777/12/2
f 3771/12/2 3772/12/2 3777/12/2
f 3777/12/2 3774/12/2 3778/12/2
f 3776/12/2 3770/12/2 3779/12/2
f 3770/12/2 3748/12/2 3780/12/2
f 3779/12/2 3770/12/2 3780/12/2
f 3778/12/2 3774/12/2 3781/12/2
f 3774/12/2 3750/12/2 3782/12/2
f 3781/12/2 3774/12/2 3782/12/2
f 3780/12/2 3748/12/2 3783/12/2
f 3783/12/2 3748/12/2 3784/12/2
f 3782/12/2 3750/12/2 3785/12/2
f 3785/12/2 3750/12/2 3786/12/2
f 3787/15/2 3788/15/2 3791/15/2
f 3791/15/2 3788/15/2 3792/15/2
f 3789/15/2 3790/15/2 3793/15/2
f 3793/15/2 3790/15/2 3794/15/2
f 3787/15/2 3791/15/2 3795/15/2
f 3791/9/2 3792/9/2 3795/9/2
f 3792/15/2 3788/15/2 3796/15/2
f 3795/9/2 3792/9/2 3796/9/2
f 3793/9/2 3794/9/2 3797/9/2
f 3789/15/2 3793/15/2 3797/15/2
f 3794/15/2 3790/15/2 3798/15/2
f 3797/9/2 3794/9/2 3798/9/2
f 3787/15/2 3795/15/2 3799/15/2
f 3795/15/2 3796/15/2 3799/15/2
f 3796/15/2 3788/15/2 3800/15/2
f 3799/15/2 3796/15/2 3800/15/2
f 3789/15/2 3797/15/2 3801/15/2
f 3797/15/2 3798/15/2 3801/15/2
f 3798/15/2 3790/15/2 3802/15/2
f 3801/15/2 3798/15/2 3802/15/2
f 3803/14/2 3804/14/2 3807/14/2
f 3807/14/2 3804/14/2 3808/14/2
f 3805/14/2 3806/14/2 3809/14/2
f 3809/14/2 3806/14/2 3810/14/2
f 3803/14/2 3807/14/2 3811/14/2
f 3808/14/2 3804/14/2 3812/14/2
f 3805/14/2 3809/14/2 3813/14/2
f 3810/14/2 3806/14/2 3814/14/2
f 3803/14/2 3811/14/2 3815/14/2
f 3811/14/2 3812/14/2 3815/14/2
f 3812/14/2 3804/14/2 3816/14/2
f 3815/14/2 3812/14/2 3816/14/2
f 3813/14/2 3814/14/2 3817/14/2
f 3805/14/2 3813/14/2 3817/14/2
f 3814/14/2 3806/14/2 3818/14/2
f 3817/14/2 3814/14/2 3818/14/2
f 3819/13/2 3820/13/2 3823/13/2
f 3823/13/2 3820/13/2 3824/13/2
f 3821/13/2 3822/13/2 3825/13/2
f 3825/13/2 3822/13/2 3826/13/2
f 3827/14/2 3828/14/2 3831/14/2
f 3831/14/2 3828/14/2 3832/14/2
f 3829/14/2 3830/14/2 3833/14/2
f 3833/14/2 3830/14/2 3834/14/2
f 3831/15/2 3832/15/2 3835/15/2
f 3835/15/2 3832/15/2 3836/15/2
f 3833/15/2 3834/15/2 3837/15/2
f 3837/15/2 3834/15/2 3838/15/2
f 3847/15/2 3848/15/2 3851/15/2
f 3851/15/2 3848/15/2 3852/15/2
f 3845/15/2 3846/15/2 3853/15/2
f 3853/15/2 3846/15/2 3854/15/2
f 3849/15/2 3850/15/2 3855/15/2
f 3855/15/2 3850/15/2 3856/15/2
f 3839/15/2 3840/15/2 3857/15/2
f 3857/15/2 3840/15/2 3858/15/2
f 3841/4/2 3842/4/2 3859/4/2
f 3859/4/2 3842/4/2 3860/4/2
f 3843/15/2 3844/15/2 3861/15/2
f 3861/15/2 3844/15/2 3862/15/2
f 3845/15/2 3853/15/2 3863/15/2
f 3853/14/2 3854/14/2 3864/14/2
f 3863/15/2 3853/15/2 3864/15/2
f 3864/14/2 3854/14/2 3865/14/2
f 3866/15/2 3867/15/2 3870/15/2
f 3870/15/2 3867/15/2 3871/15/2
f 3868/15/2 3869/15/2 3872/15/2
f 3872/15/2 3869/15/2 3873/15/2
f 3874/14/2 3875/14/2 3878/14/2
f 3878/14/2 3875/14/2 3879/14/2
f 3879/14/2 3875/14/2 3880/14/2
f 3880/14/2 3875/14/2 3881/14/2
f 3876/14/2 3877/14/2 3882/14/2
f 3882/14/2 3877/14/2 3883/14/2
f 3883/14/2 3877/14/2 3884/14/2
f 3884/14/2 3877/14/2 3885/14/2
f 3881/14/2 3875/14/2 3886/14/2
f 3886/14/2 3875/14/2 3887/14/2
f 3885/14/2 3877/14/2 3888/14/2
f 3888/14/2 3877/14/2 3889/14/2
f 3881/14/2 3886/14/2 3890/14/2
f 3887/14/2 3875/14/2 3891/14/2
f 3885/14/2 3888/14/2 3892/14/2
f 3889/14/2 3877/14/2 3893/14/2
f 3874/14/2 3878/14/2 3894/14/2
f 3879/14/2 3880/14/2 3895/14/2
f 3895/14/2 3880/14/2 3896/14/2
f 3881/14/2 3890/14/2 3897/14/2
f 3890/15/2 3891/15/2 3898/15/2
f 3897/14/2 3890/14/2 3898/14/2
f 3891/14/2 3875/14/2 3899/14/2
f 3898/15/2 3891/15/2 3899/15/2
f 3876/14/2 3882/14/2 3900/14/2
f 3883/14/2 3884/14/2 3901/14/2
f 3901/14/2 3884/14/2 3902/14/2
f 3885/14/2 3892/14/2 3903/14/2
f 3892/15/2 3893/15/2 3904/15/2
f 3903/14/2 3892/14/2 3904/14/2
f 3893/14/2 3877/14/2 3905/14/2
f 3904/15/2 3893/15/2 3905/15/2
f 3895/14/2 3896/14/2 3906/14/2
f 3874/14/2 3894/14/2 3906/14/2
f 3896/14/2 3897/14/2 3906/14/2
f 3897/14/2 3898/14/2 3906/14/2
f 3894/14/2 3895/14/2 3906/14/2
f 3898/14/2 3899/14/2 3906/14/2
f 3899/14/2 3875/14/2 3907/14/2
f 3906/14/2 3899/14/2 3907/14/2
f 3902/14/2 3903/14/2 3908/14/2
f 3876/14/2 3900/14/2 3908/14/2
f 3904/14/2 3905/14/2 3908/14/2
f 3901/14/2 3902/14/2 3908/14/2
f 3900/14/2 3901/14/2 3908/14/2
f 3903/14/2 3904/14/2 3908/14/2
f 3905/14/2 3877/14/2 3909/14/2
f 3908/14/2 3905/14/2 3909/14/2
f 3910/15/2 3911/15/2 3914/15/2
f 3914/15/2 3911/15/2 3915/15/2
f 3912/15/2 3913/15/2 3916/15/2
f 3916/15/2 3913/15/2 3917/15/2
f 3910/15/2 3914/15/2 3918/15/2
f 3915/15/2 3911/15/2 3919/15/2
f 3912/15/2 3916/15/2 3920/15/2
f 3917/15/2 3913/15/2 3921/15/2
f 3910/15/2 3918/15/2 3922/15/2
f 3918/15/2 3919/15/2 3922/15/2
f 3919/15/2 3911/15/2 3923/15/2
f 3922/15/2 3919/15/2 3923/15/2
f 3920/15/2 3921/15/2 3924/15/2
f 3912/15/2 3920/15/2 3924/15/2
f 3921/15/2 3913/15/2 3925/15/2
f 3924/15/2 3921/15/2 3925/15/2
f 3926/14/2 3927/14/2 3930/14/2
f 3930/14/2 3927/14/2 3931/14/2
f 3928/14/2 3929/14/2 3932/14/2
f 3932/14/2 3929/14/2 3933/14/2
f 3926/14/2 3930/14/2 3934/14/2
f 3928/14/2 3932/14/2 3935/14/2
f 3934/14/2 3930/14/2 3936/14/2
f 3935/14/2 3932/14/2 3937/14/2
f 3936/14/2 3930/14/2 3938/14/2
f 3938/14/2 3930/14/2 3939/14/2
f 3931/14/2 3927/14/2 3940/14/2
f 3937/14/2 3932/14/2 3941/14/2
f 3941/14/2 3932/14/2 3942/14/2
f 3933/14/2 3929/14/2 3943/14/2
f 3938/14/2 3939/14/2 3944/14/2
f 3939/14/2 3940/14/2 3944/14/2
f 3944/14/2 3940/14/2 3945/14/2
f 3945/14/2 3940/14/2 3946/14/2
f 3946/14/2 3940/14/2 3947/14/2
f 3947/14/2 3940/14/2 3948/14/2
f 3948/14/2 3940/14/2 3949/14/2
f 3940/14/2 3927/14/2 3950/14/2
f 3949/14/2 3940/14/2 3950/14/2
f 3950/14/2 3927/14/2 3951/14/2
f 3942/14/2 3943/14/2 3952/14/2
f 3941/14/2 3942/14/2 3952/14/2
f 3952/14/2 3943/14/2 3953/14/2
f 3953/14/2 3943/14/2 3954/14/2
f 3954/14/2 3943/14/2 3955/14/2
f 3955/14/2 3943/14/2 3956/14/2
f 3956/14/2 3943/14/2 3957/14/2
f 3943/14/2 3929/14/2 3958/14/2
f 3957/14/2 3943/14/2 3958/14/2
f 3958/14/2 3929/14/2 3959/14/2
f 3960/15/2 3961/15/2 3978/15/2
f 3961/15/2 3962/15/2 3978/15/2
f 3962/15/2 3963/15/2 3978/15/2
f 3963/15/2 3964/15/2 3978/15/2
f 3964/15/2 3965/15/2 3978/15/2
f 3965/15/2 3966/15/2 3978/15/2
f 3966/15/2 3967/15/2 3978/15/2
f 3967/15/2 3968/15/2 3978/15/2
f 3978/15/2 3968/15/2 3979/15/2
f 3976/15/2 3977/15/2 3980/15/2
f 3975/15/2 3976/15/2 3980/15/2
f 3974/15/2 3975/15/2 3980/15/2
f 3969/15/2 3970/15/2 3980/15/2
f 3970/15/2 3971/15/2 3980/15/2
f 3971/15/2 3972/15/2 3980/15/2
f 3972/15/2 3973/15/2 3980/15/2
f 3973/15/2 3974/15/2 3980/15/2
f 3980/15/2 3977/15/2 3981/15/2
f 3982/15/2 3983/15/2 3986/15/2
f 3986/15/2 3983/15/2 3987/15/2
f 3987/15/2 3983/15/2 3988/15/2
f 3988/15/2 3983/15/2 3989/15/2
f 3989/15/2 3983/15/2 3990/15/2
f 3990/15/2 3983/15/2 3991/15/2
f 3984/15/2 3985/15/2 3992/15/2
f 3992/15/2 3985/15/2 3993/15/2
f 3993/15/2 3985/15/2 3994/15/2
f 3994/15/2 3985/15/2 3995/15/2
f 3995/15/2 3985/15/2 3996/15/2
f 3996/15/2 3985/15/2 3997/15/2
f 3989/15/2 3990/15/2 3998/15/2
f 3998/15/2 3990/15/2 3999/15/2
f 3990/14/2 3991/14/2 4000/14/2
f 3999/15/2 3990/15/2 4000/15/2
f 3991/15/2 3983/15/2 4001/15/2
f 4000/14/2 3991/14/2 4001/14/2
f 4001/15/2 3983/15/2 4002/15/2
f 4002/15/2 3983/15/2 4003/15/2
f 3995/15/2 3996/15/2 4004/15/2
f 4004/15/2 3996/15/2 4005/15/2
f 3996/14/2 3997/14/2 4006/14/2
f 4005/15/2 3996/15/2 4006/15/2
f 3997/15/2 3985/15/2 4007/15/2
f 4006/14/2 3997/14/2 4007/14/2
f 4007/15/2 3985/15/2 4008/15/2
f 4008/15/2 3985/15/2 4009/15/2
f 3987/15/2 3988/15/2 4010/15/2
f 3988/14/2 3989/14/2 4010/14/2
f 3989/15/2 3998/15/2 4011/15/2
f 4010/14/2 3989/14/2 4011/14/2
f 3999/15/2 4000/15/2 4012/15/2
f 4000/15/2 4001/15/2 4012/15/2
f 4001/15/2 4002/15/2 4012/15/2
f 4012/15/2 4002/15/2 4013/15/2
f 3993/15/2 3994/15/2 4014/15/2
f 3994/14/2 3995/14/2 4014/14/2
f 3995/15/2 4004/15/2 4015/15/2
f 4014/14/2 3995/14/2 4015/14/2
f 4005/15/2 4006/15/2 4016/15/2
f 4007/15/2 4008/15/2 4016/15/2
f 4006/15/2 4007/15/2 4016/15/2
f 4016/15/2 4008/15/2 4017/15/2
f 4011/15/2 3998/15/2 4018/15/2
f 3998/14/2 3999/14/2 4018/14/2
f 4010/15/2 4011/15/2 4018/15/2
f 3999/15/2 4012/15/2 4019/15/2
f 4018/14/2 3999/14/2 4019/14/2
f 4002/14/2 4003/14/2 4020/14/2
f 4013/15/2 4002/15/2 4020/15/2
f 4020/14/2 4003/14/2 4021/14/2
f 4015/15/2 4004/15/2 4022/15/2
f 4004/14/2 4005/14/2 4022/14/2
f 4014/15/2 4015/15/2 4022/15/2
f 4005/15/2 4016/15/2 4023/15/2
f 4022/14/2 4005/14/2 4023/14/2
f 4017/15/2 4008/15/2 4024/15/2
f 4008/14/2 4009/14/2 4024/14/2
f 4024/14/2 4009/14/2 4025/14/2
f 4018/15/2 4019/15/2 4026/15/2
f 4010/15/2 4018/15/2 4026/15/2
f 4026/15/2 4019/15/2 4027/15/2
f 4027/15/2 4019/15/2 4028/15/2
f 4019/15/2 4012/15/2 4029/15/2
f 4028/15/2 4019/15/2 4029/15/2
f 4012/14/2 4013/14/2 4030/14/2
f 4029/15/2 4012/15/2 4030/15/2
f 4020/15/2 4021/15/2 4031/15/2
f 4030/14/2 4013/14/2 4031/14/2
f 4013/15/2 4020/15/2 4031/15/2
f 4022/15/2 4023/15/2 4032/15/2
f 4014/15/2 4022/15/2 4032/15/2
f 4032/15/2 4023/15/2 4033/15/2
f 4033/15/2 4023/15/2 4034/15/2
f 4023/15/2 4016/15/2 4035/15/2
f 4034/15/2 4023/15/2 4035/15/2
f 4016/14/2 4017/14/2 4036/14/2
f 4035/15/2 4016/15/2 4036/15/2
f 4024/15/2 4025/15/2 4037/15/2
f 4036/14/2 4017/14/2 4037/14/2
f 4017/15/2 4024/15/2 4037/15/2
f 4029/15/2 4030/15/2 4038/15/2
f 4030/15/2 4031/15/2 4038/15/2
f 4031/15/2 4021/15/2 4039/15/2
f 4038/15/2 4031/15/2 4039/15/2
f 4036/15/2 4037/15/2 4040/15/2
f 4035/15/2 4036/15/2 4040/15/2
f 4037/15/2 4025/15/2 4041/15/2
f 4040/15/2 4037/15/2 4041/15/2
f 3982/15/2 3986/15/2 4042/15/2
f 3987/15/2 4010/15/2 4043/15/2
f 4010/15/2 4026/15/2 4043/15/2
f 4026/14/2 4027/14/2 4044/14/2
f 4043/15/2 4026/15/2 4044/15/2
f 4027/15/2 4028/15/2 4045/15/2
f 4044/14/2 4027/14/2 4045/14/2
f 3984/15/2 3992/15/2 4046/15/2
f 3993/15/2 4014/15/2 4047/15/2
f 4014/15/2 4032/15/2 4047/15/2
f 4032/14/2 4033/14/2 4048/14/2
f 4047/15/2 4032/15/2 4048/15/2
f 4033/15/2 4034/15/2 4049/15/2
f 4048/14/2 4033/14/2 4049/14/2
f 4042/15/2 4043/15/2 4050/15/2
f 4043/15/2 4044/15/2 4050/15/2
f 4044/15/2 4045/15/2 4050/15/2
f 4050/15/2 4045/15/2 4051/15/2
f 4045/15/2 4028/15/2 4052/15/2
f 4051/15/2 4045/15/2 4052/15/2
f 4028/14/2 4029/14/2 4052/14/2
f 4029/15/2 4038/15/2 4053/15/2
f 4052/14/2 4029/14/2 4053/14/2
f 4038/14/2 4039/14/2 4054/14/2
f 4053/15/2 4038/15/2 4054/15/2
f 4039/15/2 4021/15/2 4055/15/2
f 4054/14/2 4039/14/2 4055/14/2
f 4047/15/2 4048/15/2 4056/15/2
f 4048/15/2 4049/15/2 4056/15/2
f 4046/15/2 4047/15/2 4056/15/2
f 4056/15/2 4049/15/2 4057/15/2
f 4049/15/2 4034/15/2 4058/15/2
f 4057/15/2 4049/15/2 4058/15/2
f 4034/14/2 4035/14/2 4058/14/2
f 4035/15/2 4040/15/2 4059/15/2
f 4058/14/2 4035/14/2 4059/14/2
f 4040/14/2 4041/14/2 4060/14/2
f 4059/15/2 4040/15/2 4060/15/2
f 4041/15/2 4025/15/2 4061/15/2
f 4060/14/2 4041/14/2 4061/14/2
f 4042/15/2 4050/15/2 4062/15/2
f 3982/15/2 4042/15/2 4062/15/2
f 4062/15/2 4050/15/2 4063/15/2
f 4050/14/2 4051/14/2 4064/14/2
f 4063/15/2 4050/15/2 4064/15/2
f 4064/14/2 4051/14/2 4065/14/2
f 4051/15/2 4052/15/2 4066/15/2
f 4065/14/2 4051/14/2 4066/14/2
f 4054/15/2 4055/15/2 4066/15/2
f 4053/15/2 4054/15/2 4066/15/2
f 4052/15/2 4053/15/2 4066/15/2
f 4066/15/2 4055/15/2 4067/15/2
f 4046/15/2 4056/15/2 4068/15/2
f 3984/15/2 4046/15/2 4068/15/2
f 4068/15/2 4056/15/2 4069/15/2
f 4056/14/2 4057/14/2 4070/14/2
f 4069/15/2 4056/15/2 4070/15/2
f 4070/14/2 4057/14/2 4071/14/2
f 4059/15/2 4060/15/2 4072/15/2
f 4071/14/2 4057/14/2 4072/14/2
f 4057/15/2 4058/15/2 4072/15/2
f 4060/15/2 4061/15/2 4072/15/2
f 4058/15/2 4059/15/2 4072/15/2
f 4072/15/2 4061/15/2 4073/15/2
f 4062/14/2 4063/14/2 4074/14/2
f 3982/15/2 4062/15/2 4074/15/2
f 4064/15/2 4065/15/2 4075/15/2
f 4074/14/2 4063/14/2 4075/14/2
f 4063/15/2 4064/15/2 4075/15/2
f 4075/15/2 4065/15/2 4076/15/2
f 4076/15/2 4065/15/2 4077/15/2
f 4067/15/2 4055/15/2 4078/15/2
f 4078/15/2 4055/15/2 4079/15/2
f 4068/14/2 4069/14/2 4080/14/2
f 3984/15/2 4068/15/2 4080/15/2
f 4070/15/2 4071/15/2 4081/15/2
f 4080/14/2 4069/14/2 4081/14/2
f 4069/15/2 4070/15/2 4081/15/2
f 4081/15/2 4071/15/2 4082/15/2
f 4082/15/2 4071/15/2 4083/15/2
f 4073/15/2 4061/15/2 4084/15/2
f 4084/15/2 4061/15/2 4085/15/2
f 3982/15/2 4074/15/2 4086/15/2
f 4074/15/2 4075/15/2 4086/15/2
f 4075/15/2 4076/15/2 4086/15/2
f 4086/15/2 4076/15/2 4087/15/2
f 4077/15/2 4065/15/2 4088/15/2
f 4066/14/2 4067/14/2 4088/14/2
f 4065/14/2 4066/14/2 4088/14/2
f 4067/15/2 4078/15/2 4089/15/2
f 4088/14/2 4067/14/2 4089/14/2
f 4078/14/2 4079/14/2 4090/14/2
f 4089/15/2 4078/15/2 4090/15/2
f 4079/15/2 4055/15/2 4091/15/2
f 4090/14/2 4079/14/2 4091/14/2
f 3984/15/2 4080/15/2 4092/15/2
f 4080/15/2 4081/15/2 4092/15/2
f 4081/15/2 4082/15/2 4092/15/2
f 4092/15/2 4082/15/2 4093/15/2
f 4083/15/2 4071/15/2 4094/15/2
f 4071/14/2 4072/14/2 4094/14/2
f 4072/14/2 4073/14/2 4094/14/2
f 4073/15/2 4084/15/2 4095/15/2
f 4094/14/2 4073/14/2 4095/14/2
f 4084/14/2 4085/14/2 4096/14/2
f 4095/15/2 4084/15/2 4096/15/2
f 4085/15/2 4061/15/2 4097/15/2
f 4096/14/2 4085/14/2 4097/14/2
f 4087/15/2 4076/15/2 4098/15/2
f 4098/15/2 4076/15/2 4099/15/2
f 4076/14/2 4077/14/2 4100/14/2
f 4099/15/2 4076/15/2 4100/15/2
f 4077/15/2 4088/15/2 4101/15/2
f 4100/14/2 4077/14/2 4101/14/2
f 4089/15/2 4090/15/2 4101/15/2
f 4088/15/2 4089/15/2 4101/15/2
f 4090/15/2 4091/15/2 4101/15/2
f 4101/15/2 4091/15/2 4102/15/2
f 4102/15/2 4091/15/2 4103/15/2
f 4091/15/2 4055/15/2 4104/15/2
f 4103/15/2 4091/15/2 4104/15/2
f 4093/15/2 4082/15/2 4105/15/2
f 4105/15/2 4082/15/2 4106/15/2
f 4082/14/2 4083/14/2 4107/14/2
f 4106/15/2 4082/15/2 4107/15/2
f 4095/15/2 4096/15/2 4108/15/2
f 4107/14/2 4083/14/2 4108/14/2
f 4096/15/2 4097/15/2 4108/15/2
f 4094/15/2 4095/15/2 4108/15/2
f 4083/15/2 4094/15/2 4108/15/2
f 4108/15/2 4097/15/2 4109/15/2
f 4109/15/2 4097/15/2 4110/15/2
f 4097/15/2 4061/15/2 4111/15/2
f 4110/15/2 4097/15/2 4111/15/2
f 4102/15/2 4103/15/2 4112/15/2
f 4101/14/2 4102/14/2 4112/14/2
f 4112/15/2 4103/15/2 4113/15/2
f 4109/15/2 4110/15/2 4114/15/2
f 4108/14/2 4109/14/2 4114/14/2
f 4114/15/2 4110/15/2 4115/15/2
f 4086/14/2 4087/14/2 4116/14/2
f 4087/15/2 4098/15/2 4117/15/2
f 4116/14/2 4087/14/2 4117/14/2
f 4098/14/2 4099/14/2 4118/14/2
f 4117/15/2 4098/15/2 4118/15/2
f 4099/15/2 4100/15/2 4119/15/2
f 4118/14/2 4099/14/2 4119/14/2
f 4100/15/2 4101/15/2 4119/15/2
f 4112/14/2 4113/14/2 4120/14/2
f 4119/15/2 4101/15/2 4120/15/2
f 4101/14/2 4112/14/2 4120/14/2
f 4120/14/2 4113/14/2 4121/14/2
f 4113/15/2 4103/15/2 4122/15/2
f 4121/14/2 4113/14/2 4122/14/2
f 4055/15/2 4021/15/2 4123/15/2
f 4104/15/2 4055/15/2 4123/15/2
f 4123/15/2 4021/15/2 4124/15/2
f 4092/14/2 4093/14/2 4125/14/2
f 4093/15/2 4105/15/2 4126/15/2
f 4125/14/2 4093/14/2 4126/14/2
f 4105/14/2 4106/14/2 4127/14/2
f 4126/15/2 4105/15/2 4127/15/2
f 4106/15/2 4107/15/2 4128/15/2
f 4127/14/2 4106/14/2 4128/14/2
f 4107/15/2 4108/15/2 4128/15/2
f 4114/14/2 4115/14/2 4129/14/2
f 4128/15/2 4108/15/2 4129/15/2
f 4108/14/2 4114/14/2 4129/14/2
f 4129/14/2 4115/14/2 4130/14/2
f 4115/15/2 4110/15/2 4131/15/2
f 4130/14/2 4115/14/2 4131/14/2
f 4111/15/2 4061/15/2 4132/15/2
f 4061/15/2 4025/15/2 4132/15/2
f 4132/15/2 4025/15/2 4133/15/2
f 4117/15/2 4118/15/2 4134/15/2
f 4116/15/2 4117/15/2 4134/15/2
f 4118/15/2 4119/15/2 4134/15/2
f 4134/15/2 4119/15/2 4135/15/2
f 4120/14/2 4121/14/2 4136/14/2
f 4119/14/2 4120/14/2 4136/14/2
f 4121/15/2 4122/15/2 4137/15/2
f 4136/14/2 4121/14/2 4137/14/2
f 4122/15/2 4103/15/2 4138/15/2
f 4137/15/2 4122/15/2 4138/15/2
f 4103/14/2 4104/14/2 4138/14/2
f 4104/15/2 4123/15/2 4139/15/2
f 4138/14/2 4104/14/2 4139/14/2
f 4126/15/2 4127/15/2 4140/15/2
f 4125/15/2 4126/15/2 4140/15/2
f 4127/15/2 4128/15/2 4140/15/2
f 4140/15/2 4128/15/2 4141/15/2
f 4129/14/2 4130/14/2 4142/14/2
f 4128/14/2 4129/14/2 4142/14/2
f 4130/15/2 4131/15/2 4143/15/2
f 4142/14/2 4130/14/2 4143/14/2
f 4131/15/2 4110/15/2 4144/15/2
f 4143/15/2 4131/15/2 4144/15/2
f 4110/14/2 4111/14/2 4144/14/2
f 4111/15/2 4132/15/2 4145/15/2
f 4144/14/2 4111/14/2 4145/14/2
f 4136/15/2 4137/15/2 4146/15/2
f 4138/15/2 4139/15/2 4146/15/2
f 4137/15/2 4138/15/2 4146/15/2
f 4146/15/2 4139/15/2 4147/15/2
f 4139/15/2 4123/15/2 4148/15/2
f 4147/15/2 4139/15/2 4148/15/2
f 4123/14/2 4124/14/2 4148/14/2
f 4124/15/2 4021/15/2 4149/15/2
f 4148/14/2 4124/14/2 4149/14/2
f 4142/15/2 4143/15/2 4150/15/2
f 4144/15/2 4145/15/2 4150/15/2
f 4143/15/2 4144/15/2 4150/15/2
f 4150/15/2 4145/15/2 4151/15/2
f 4145/15/2 4132/15/2 4152/15/2
f 4151/15/2 4145/15/2 4152/15/2
f 4132/14/2 4133/14/2 4152/14/2
f 4133/15/2 4025/15/2 4153/15/2
f 4152/14/2 4133/14/2 4153/14/2
f 4134/14/2 4135/14/2 4154/14/2
f 4135/15/2 4119/15/2 4155/15/2
f 4154/14/2 4135/14/2 4155/14/2
f 4155/15/2 4119/15/2 4156/15/2
f 4147/15/2 4148/15/2 4157/15/2
f 4148/15/2 4149/15/2 4157/15/2
f 4157/15/2 4149/15/2 4158/15/2
f 4140/14/2 4141/14/2 4159/14/2
f 4141/15/2 4128/15/2 4160/15/2
f 4159/14/2 4141/14/2 4160/14/2
f 4160/15/2 4128/15/2 4161/15/2
f 4151/15/2 4152/15/2 4162/15/2
f 4152/15/2 4153/15/2 4162/15/2
f 4162/15/2 4153/15/2 4163/15/2
f 4155/14/2 4156/14/2 4164/14/2
f 4154/15/2 4155/15/2 4164/15/2
f 4156/15/2 4119/15/2 4165/15/2
f 4164/14/2 4156/14/2 4165/14/2
f 4165/15/2 4119/15/2 4166/15/2
f 4119/14/2 4136/14/2 4167/14/2
f 4166/15/2 4119/15/2 4167/15/2
f 4167/14/2 4136/14/2 4168/14/2
f 4136/15/2 4146/15/2 4169/15/2
f 4168/14/2 4136/14/2 4169/14/2
f 4146/14/2 4147/14/2 4170/14/2
f 4169/15/2 4146/15/2 4170/15/2
f 4170/14/2 4147/14/2 4171/14/2
f 4147/15/2 4157/15/2 4172/15/2
f 4171/14/2 4147/14/2 4172/14/2
f 4160/14/2 4161/14/2 4173/14/2
f 4159/15/2 4160/15/2 4173/15/2
f 4161/15/2 4128/15/2 4174/15/2
f 4173/14/2 4161/14/2 4174/14/2
f 4174/15/2 4128/15/2 4175/15/2
f 4128/14/2 4142/14/2 4176/14/2
f 4175/15/2 4128/15/2 4176/15/2
f 4176/14/2 4142/14/2 4177/14/2
f 4142/15/2 4150/15/2 4178/15/2
f 4177/14/2 4142/14/2 4178/14/2
f 4150/14/2 4151/14/2 4179/14/2
f 4178/15/2 4150/15/2 4179/15/2
f 4179/14/2 4151/14/2 4180/14/2
f 4151/15/2 4162/15/2 4181/15/2
f 4180/14/2 4151/14/2 4181/14/2
f 4165/15/2 4166/15/2 4182/15/2
f 4154/15/2 4164/15/2 4182/15/2
f 4164/15/2 4165/15/2 4182/15/2
f 4182/15/2 4166/15/2 4183/15/2
f 4159/15/2 4173/15/2 4184/15/2
f 4174/15/2 4175/15/2 4184/15/2
f 4173/15/2 4174/15/2 4184/15/2
f 4184/15/2 4175/15/2 4185/15/2
f 4183/15/2 4166/15/2 4186/15/2
f 4167/14/2 4168/14/2 4186/14/2
f 4166/14/2 4167/14/2 4186/14/2
f 4168/15/2 4169/15/2 4187/15/2
f 4186/14/2 4168/14/2 4187/14/2
f 4170/14/2 4171/14/2 4188/14/2
f 4187/15/2 4169/15/2 4188/15/2
f 4169/14/2 4170/14/2 4188/14/2
f 4188/14/2 4171/14/2 4189/14/2
f 4172/15/2 4157/15/2 4190/15/2
f 4157/14/2 4158/14/2 4190/14/2
f 4171/15/2 4172/15/2 4190/15/2
f 4190/14/2 4158/14/2 4191/14/2
f 4158/15/2 4149/15/2 4192/15/2
f 4191/14/2 4158/14/2 4192/14/2
f 4192/15/2 4149/15/2 4193/15/2
f 4185/15/2 4175/15/2 4194/15/2
f 4176/14/2 4177/14/2 4194/14/2
f 4175/14/2 4176/14/2 4194/14/2
f 4177/15/2 4178/15/2 4195/15/2
f 4194/14/2 4177/14/2 4195/14/2
f 4179/14/2 4180/14/2 4196/14/2
f 4195/15/2 4178/15/2 4196/15/2
f 4178/14/2 4179/14/2 4196/14/2
f 4196/14/2 4180/14/2 4197/14/2
f 4181/15/2 4162/15/2 4198/15/2
f 4180/15/2 4181/15/2 4198/15/2
f 4162/14/2 4163/14/2 4198/14/2
f 4198/14/2 4163/14/2 4199/14/2
f 4163/15/2 4153/15/2 4200/15/2
f 4199/14/2 4163/14/2 4200/14/2
f 4200/15/2 4153/15/2 4201/15/2
f 4182/14/2 4183/14/2 4202/14/2
f 4154/15/2 4182/15/2 4202/15/2
f 4183/15/2 4186/15/2 4203/15/2
f 4202/14/2 4183/14/2 4203/14/2
f 4186/15/2 4187/15/2 4203/15/2
f 4188/15/2 4189/15/2 4203/15/2
f 4187/15/2 4188/15/2 4203/15/2
f 4192/14/2 4193/14/2 4204/14/2
f 4190/15/2 4191/15/2 4204/15/2
f 4191/14/2 4192/14/2 4204/14/2
f 4193/15/2 4149/15/2 4205/15/2
f 4204/14/2 4193/14/2 4205/14/2
f 4184/14/2 4185/14/2 4206/14/2
f 4159/15/2 4184/15/2 4206/15/2
f 4185/15/2 4194/15/2 4207/15/2
f 4206/14/2 4185/14/2 4207/14/2
f 4196/15/2 4197/15/2 4207/15/2
f 4195/15/2 4196/15/2 4207/15/2
f 4194/15/2 4195/15/2 4207/15/2
f 4198/15/2 4199/15/2 4208/15/2
f 4199/14/2 4200/14/2 4208/14/2
f 4200/14/2 4201/14/2 4208/14/2
f 4201/15/2 4153/15/2 4209/15/2
f 4208/14/2 4201/14/2 4209/14/2
f 4203/15/2 4189/15/2 4210/15/2
f 4202/15/2 4203/15/2 4210/15/2
f 4210/15/2 4189/15/2 4211/15/2
f 4211/15/2 4189/15/2 4212/15/2
f 4189/14/2 4171/14/2 4213/14/2
f 4212/15/2 4189/15/2 4213/15/2
f 4207/15/2 4197/15/2 4214/15/2
f 4206/15/2 4207/15/2 4214/15/2
f 4214/15/2 4197/15/2 4215/15/2
f 4215/15/2 4197/15/2 4216/15/2
f 4197/14/2 4180/14/2 4217/14/2
f 4216/15/2 4197/15/2 4217/15/2
f 4154/15/2 4202/15/2 4218/15/2
f 4202/15/2 4210/15/2 4218/15/2
f 4218/15/2 4210/15/2 4219/15/2
f 4210/14/2 4211/14/2 4220/14/2
f 4219/15/2 4210/15/2 4220/15/2
f 4211/15/2 4212/15/2 4221/15/2
f 4220/14/2 4211/14/2 4221/14/2
f 4212/14/2 4213/14/2 4222/14/2
f 4221/15/2 4212/15/2 4222/15/2
f 4190/15/2 4204/15/2 4223/15/2
f 4222/14/2 4213/14/2 4223/14/2
f 4204/15/2 4205/15/2 4223/15/2
f 4213/14/2 4171/14/2 4223/14/2
f 4171/15/2 4190/15/2 4223/15/2
f 4159/15/2 4206/15/2 4224/15/2
f 4206/15/2 4214/15/2 4224/15/2
f 4224/15/2 4214/15/2 4225/15/2
f 4214/14/2 4215/14/2 4226/14/2
f 4225/15/2 4214/15/2 4226/15/2
f 4215/15/2 4216/15/2 4227/15/2
f 4226/14/2 4215/14/2 4227/14/2
f 4216/14/2 4217/14/2 4228/14/2
f 4227/15/2 4216/15/2 4228/15/2
f 4217/14/2 4180/14/2 4229/14/2
f 4228/14/2 4217/14/2 4229/14/2
f 4198/15/2 4208/15/2 4229/15/2
f 4208/15/2 4209/15/2 4229/15/2
f 4180/15/2 4198/15/2 4229/15/2
f 4218/14/2 4219/14/2 4230/14/2
f 4221/15/2 4222/15/2 4231/15/2
f 4230/14/2 4219/14/2 4231/14/2
f 4219/15/2 4220/15/2 4231/15/2
f 4222/15/2 4223/15/2 4231/15/2
f 4220/15/2 4221/15/2 4231/15/2
f 4231/15/2 4223/15/2 4232/15/2
f 4223/15/2 4205/15/2 4233/15/2
f 4232/15/2 4223/15/2 4233/15/2
f 4149/15/2 4021/15/2 4233/15/2
f 4205/15/2 4149/15/2 4233/15/2
f 4224/14/2 4225/14/2 4234/14/2
f 4227/15/2 4228/15/2 4235/15/2
f 4234/14/2 4225/14/2 4235/14/2
f 4225/15/2 4226/15/2 4235/15/2
f 4226/15/2 4227/15/2 4235/15/2
f 4228/15/2 4229/15/2 4235/15/2
f 4235/15/2 4229/15/2 4236/15/2
f 4209/15/2 4153/15/2 4237/15/2
f 4236/15/2 4229/15/2 4237/15/2
f 4229/15/2 4209/15/2 4237/15/2
f 4153/15/2 4025/15/2 4237/15/2
f 4231/15/2 4232/15/2 4238/15/2
f 4230/15/2 4231/15/2 4238/15/2
f 4238/15/2 4232/15/2 4239/15/2
f 4234/15/2 4235/15/2 4240/15/2
f 4235/15/2 4236/15/2 4240/15/2
f 4240/15/2 4236/15/2 4241/15/2
f 4238/14/2 4239/14/2 4242/14/2
f 4239/15/2 4232/15/2 4243/15/2
f 4242/14/2 4239/14/2 4243/14/2
f 4240/14/2 4241/14/2 4244/14/2
f 4241/15/2 4236/15/2 4245/15/2
f 4244/14/2 4241/14/2 4245/14/2
f 4242/15/2 4243/15/2 4246/15/2
f 4243/15/2 4232/15/2 4247/15/2
f 4246/15/2 4243/15/2 4247/15/2
f 4244/15/2 4245/15/2 4248/15/2
f 4245/15/2 4236/15/2 4249/15/2
f 4248/15/2 4245/15/2 4249/15/2
f 4246/14/2 4247/14/2 4250/14/2
f 4247/15/2 4232/15/2 4251/15/2
f 4250/14/2 4247/14/2 4251/14/2
f 4248/14/2 4249/14/2 4252/14/2
f 4249/15/2 4236/15/2 4253/15/2
f 4252/14/2 4249/14/2 4253/14/2
f 4250/15/2 4251/15/2 4254/15/2
f 4251/15/2 4232/15/2 4255/15/2
f 4254/15/2 4251/15/2 4255/15/2
f 4252/15/2 4253/15/2 4256/15/2
f 4253/15/2 4236/15/2 4257/15/2
f 4256/15/2 4253/15/2 4257/15/2
f 4254/14/2 4255/14/2 4258/14/2
f 4255/15/2 4232/15/2 4259/15/2
f 4258/14/2 4255/14/2 4259/14/2
f 4256/14/2 4257/14/2 4260/14/2
f 4257/15/2 4236/15/2 4261/15/2
f 4260/14/2 4257/14/2 4261/14/2
f 4259/15/2 4232/15/2 4262/15/2
f 4258/15/2 4259/15/2 4262/15/2
f 4262/15/2 4232/15/2 4263/15/2
f 4261/15/2 4236/15/2 4264/15/2
f 4260/15/2 4261/15/2 4264/15/2
f 4264/15/2 4236/15/2 4265/15/2
f 4262/14/2 4263/14/2 4266/14/2
f 4258/15/2 4262/15/2 4266/15/2
f 4266/14/2 4263/14/2 4267/14/2
f 4264/14/2 4265/14/2 4268/14/2
f 4260/15/2 4264/15/2 4268/15/2
f 4268/14/2 4265/14/2 4269/14/2
f 4266/15/2 4267/15/2 4270/15/2
f 4258/15/2 4266/15/2 4270/15/2
f 4270/15/2 4267/15/2 4271/15/2
f 4268/15/2 4269/15/2 4272/15/2
f 4260/15/2 4268/15/2 4272/15/2
f 4272/15/2 4269/15/2 4273/15/2
f 4270/14/2 4271/14/2 4274/14/2
f 4258/15/2 4270/15/2 4274/15/2
f 4274/14/2 4271/14/2 4275/14/2
f 4233/15/2 4021/15/2 4282/15/2
f 4272/14/2 4273/14/2 4283/14/2
f 4260/15/2 4272/15/2 4283/15/2
f 4283/14/2 4273/14/2 4284/14/2
f 4237/15/2 4025/15/2 4291/15/2
f 4258/15/2 4274/15/2 4292/15/2
f 4274/15/2 4275/15/2 4292/15/2
f 4275/15/2 4276/15/2 4292/15/2
f 4292/15/2 4276/15/2 4293/15/2
f 4276/14/2 4277/14/2 4294/14/2
f 4293/15/2 4276/15/2 4294/15/2
f 4277/15/2 4278/15/2 4295/15/2
f 4294/14/2 4277/14/2 4295/14/2
f 4295/15/2 4278/15/2 4296/15/2
f 4278/14/2 4279/14/2 4297/14/2
f 4296/15/2 4278/15/2 4297/15/2
f 4279/15/2 4280/15/2 4298/15/2
f 4297/14/2 4279/14/2 4298/14/2
f 4298/15/2 4280/15/2 4299/15/2
f 4299/15/2 4280/15/2 4300/15/2
f 4300/15/2 4280/15/2 4301/15/2
f 4280/14/2 4281/14/2 4302/14/2
f 4301/15/2 4280/15/2 4302/15/2
f 4281/15/2 4282/15/2 4303/15/2
f 4302/14/2 4281/14/2 4303/14/2
f 4283/15/2 4284/15/2 4304/15/2
f 4260/15/2 4283/15/2 4304/15/2
f 4284/15/2 4285/15/2 4304/15/2
f 4304/15/2 4285/15/2 4305/15/2
f 4285/14/2 4286/14/2 4306/14/2
f 4305/15/2 4285/15/2 4306/15/2
f 4286/15/2 4287/15/2 4307/15/2
f 4306/14/2 4286/14/2 4307/14/2
f 4307/15/2 4287/15/2 4308/15/2
f 4287/14/2 4288/14/2 4309/14/2
f 4308/15/2 4287/15/2 4309/15/2
f 4288/15/2 4289/15/2 4310/15/2
f 4309/14/2 4288/14/2 4310/14/2
f 4310/15/2 4289/15/2 4311/15/2
f 4311/15/2 4289/15/2 4312/15/2
f 4312/15/2 4289/15/2 4313/15/2
f 4289/14/2 4290/14/2 4314/14/2
f 4313/15/2 4289/15/2 4314/15/2
f 4290/15/2 4291/15/2 4315/15/2
f 4314/14/2 4290/14/2 4315/14/2
f 4258/15/2 4292/15/2 4316/15/2
f 4292/14/2 4293/14/2 4317/14/2
f 4316/15/2 4292/15/2 4317/15/2
f 4293/15/2 4294/15/2 4318/15/2
f 4317/14/2 4293/14/2 4318/14/2
f 4294/15/2 4295/15/2 4318/15/2
f 4295/14/2 4296/14/2 4319/14/2
f 4318/15/2 4295/15/2 4319/15/2
f 4296/15/2 4297/15/2 4320/15/2
f 4319/14/2 4296/14/2 4320/14/2
f 4297/15/2 4298/15/2 4320/15/2
f 4298/15/2 4299/15/2 4320/15/2
f 4299/14/2 4300/14/2 4321/14/2
f 4320/15/2 4299/15/2 4321/15/2
f 4300/15/2 4301/15/2 4322/15/2
f 4321/14/2 4300/14/2 4322/14/2
f 4301/14/2 4302/14/2 4323/14/2
f 4322/15/2 4301/15/2 4323/15/2
f 4302/15/2 4303/15/2 4324/15/2
f 4323/14/2 4302/14/2 4324/14/2
f 4303/15/2 4282/15/2 4325/15/2
f 4324/15/2 4303/15/2 4325/15/2
f 4282/15/2 4021/15/2 4325/15/2
f 4260/15/2 4304/15/2 4326/15/2
f 4304/14/2 4305/14/2 4327/14/2
f 4326/15/2 4304/15/2 4327/15/2
f 4305/15/2 4306/15/2 4328/15/2
f 4327/14/2 4305/14/2 4328/14/2
f 4306/15/2 4307/15/2 4328/15/2
f 4307/14/2 4308/14/2 4329/14/2
f 4328/15/2 4307/15/2 4329/15/2
f 4309/15/2 4310/15/2 4330/15/2
f 4329/14/2 4308/14/2 4330/14/2
f 4308/15/2 4309/15/2 4330/15/2
f 4310/15/2 4311/15/2 4330/15/2
f 4311/14/2 4312/14/2 4331/14/2
f 4330/15/2 4311/15/2 4331/15/2
f 4312/15/2 4313/15/2 4332/15/2
f 4331/14/2 4312/14/2 4332/14/2
f 4313/14/2 4314/14/2 4333/14/2
f 4332/15/2 4313/15/2 4333/15/2
f 4314/15/2 4315/15/2 4334/15/2
f 4333/14/2 4314/14/2 4334/14/2
f 4291/15/2 4025/15/2 4335/15/2
f 4334/15/2 4315/15/2 4335/15/2
f 4315/15/2 4291/15/2 4335/15/2
f 4336/14/2 4337/14/2 4340/14/2
f 4340/14/2 4337/14/2 4341/14/2
f 4338/14/2 4339/14/2 4342/14/2
f 4342/14/2 4339/14/2 4343/14/2
f 4344/26/2 4345/26/2 4346/26/2
f 4346/26/2 4345/26/2 4347/26/2
f 4348/26/2 4349/26/2 4350/26/2
f 4350/26/2 4349/26/2 4351/26/2
f 4351/26/2 4349/26/2 4352/26/2
f 4352/26/2 4349/26/2 4353/26/2
f 4348/26/2 4350/26/2 4354/26/2
f 4354/26/2 4350/26/2 4355/26/2
f 4353/26/2 4349/26/2 4356/26/2
f 4356/26/2 4349/26/2 4357/26/2
f 4351/26/2 4352/26/2 4358/26/2
f 4358/26/2 4352/26/2 4359/26/2
f 4360/26/2 4361/26/2 4364/26/2
f 4364/26/2 4361/26/2 4365/26/2
f 4362/26/2 4363/26/2 4366/26/2
f 4366/26/2 4363/26/2 4367/26/2
f 4368/23/2 4369/23/2 4370/23/2
f 4370/23/2 4369/23/2 4371/23/2
f 4372/23/2 4373/23/2 4374/23/2
f 4374/23/2 4373/23/2 4375/23/2
f 4378/23/2 4379/23/2 4380/23/2
f 4380/23/2 4379/23/2 4381/23/2
f 4376/23/2 4377/23/2 4383/23/2
f 4383/23/2 4377/23/2 4384/23/2
f 4380/27/2 4381/27/2 4385/27/2
f 4385/27/2 4381/27/2 4386/27/2
f 4383/23/2 4384/23/2 4387/23/2
f 4382/23/2 4383/23/2 4387/23/2
f 4385/23/2 4386/23/2 4387/23/2
f 4384/23/2 4385/23/2 4387/23/2
f 4387/23/2 4386/23/2 4388/23/2
f 4389/27/2 4390/27/2 4392/27/2
f 4390/27/2 4391/27/2 4392/27/2
f 4392/27/2 4391/27/2 4393/27/2
f 4393/27/2 4391/27/2 4394/27/2
f 4395/26/2 4396/26/2 4407/26/2
f 4407/26/2 4396/26/2 4408/26/2
f 4397/26/2 4398/26/2 4409/26/2
f 4398/26/2 4399/26/2 4409/26/2
f 4399/26/2 4400/26/2 4409/26/2
f 4409/26/2 4400/26/2 4410/26/2
f 4401/26/2 4402/26/2 4411/26/2
f 4411/26/2 4402/26/2 4412/26/2
f 4403/26/2 4404/26/2 4413/26/2
f 4413/26/2 4404/26/2 4414/26/2
f 4405/26/2 4406/26/2 4415/26/2
f 4415/26/2 4406/26/2 4416/26/2
f 4417/19/2 4418/19/2 4421/19/2
f 4421/19/2 4418/19/2 4422/19/2
f 4419/19/2 4420/19/2 4423/19/2
f 4423/19/2 4420/19/2 4424/19/2
f 4425/19/2 4426/19/2 4429/19/2
f 4429/19/2 4426/19/2 4430/19/2
f 4427/19/2 4428/19/2 4431/19/2
f 4431/19/2 4428/19/2 4432/19/2
f 4433/19/2 4434/19/2 4437/19/2
f 4437/19/2 4434/19/2 4438/19/2
f 4435/19/2 4436/19/2 4439/19/2
f 4439/19/2 4436/19/2 4440/19/2
f 4454/27/2 4455/27/2 4456/27/2
f 4456/27/2 4455/27/2 4457/27/2
f 4441/19/2 4442/19/2 4458/19/2
f 4442/27/2 4443/27/2 4459/27/2
f 4458/19/2 4442/19/2 4459/19/2
f 4454/27/2 4456/27/2 4460/27/2
f 4456/19/2 4457/19/2 4460/19/2
f 4460/19/2 4457/19/2 4461/19/2
f 4459/27/2 4443/27/2 4463/27/2
f 4454/27/2 4460/27/2 4464/27/2
f 4462/19/2 4463/19/2 4466/19/2
f 4463/27/2 4443/27/2 4467/27/2
f 4466/19/2 4463/19/2 4467/19/2
f 4464/19/2 4465/19/2 4468/19/2
f 4454/27/2 4464/27/2 4468/27/2
f 4468/19/2 4465/19/2 4469/19/2
f 4467/27/2 4443/27/2 4471/27/2
f 4454/27/2 4468/27/2 4472/27/2
f 4470/19/2 4471/19/2 4474/19/2
f 4471/27/2 4443/27/2 4475/27/2
f 4474/19/2 4471/19/2 4475/19/2
f 4472/19/2 4473/19/2 4476/19/2
f 4454/27/2 4472/27/2 4476/27/2
f 4476/19/2 4473/19/2 4477/19/2
f 4475/27/2 4443/27/2 4479/27/2
f 4454/27/2 4476/27/2 4480/27/2
f 4449/19/2 4450/19/2 4482/19/2
f 4450/27/2 4451/27/2 4483/27/2
f 4482/19/2 4450/19/2 4483/19/2
f 4451/19/2 4452/19/2 4484/19/2
f 4483/27/2 4451/27/2 4484/27/2
f 4484/19/2 4452/19/2 4485/19/2
f 4482/21/2 4483/21/2 4486/21/2
f 4483/21/2 4484/21/2 4486/21/2
f 4484/21/2 4485/21/2 4486/21/2
f 4486/21/2 4485/21/2 4487/21/2
f 4487/21/2 4485/21/2 4488/21/2
f 4488/21/2 4485/21/2 4489/21/2
f 4478/19/2 4479/19/2 4490/19/2
f 4479/27/2 4443/27/2 4491/27/2
f 4490/19/2 4479/19/2 4491/19/2
f 4443/19/2 4444/19/2 4492/19/2
f 4491/27/2 4443/27/2 4492/27/2
f 4492/19/2 4444/19/2 4493/19/2
f 4445/19/2 4446/19/2 4494/19/2
f 4446/27/2 4447/27/2 4495/27/2
f 4494/19/2 4446/19/2 4495/19/2
f 4447/19/2 4448/19/2 4496/19/2
f 4495/27/2 4447/27/2 4496/27/2
f 4496/19/2 4448/19/2 4497/19/2
f 4486/19/2 4487/19/2 4498/19/2
f 4487/27/2 4488/27/2 4499/27/2
f 4498/19/2 4487/19/2 4499/19/2
f 4488/19/2 4489/19/2 4500/19/2
f 4499/27/2 4488/27/2 4500/27/2
f 4500/19/2 4489/19/2 4501/19/2
f 4453/19/2 4454/19/2 4502/19/2
f 4454/27/2 4480/27/2 4503/27/2
f 4502/19/2 4454/19/2 4503/19/2
f 4480/19/2 4481/19/2 4504/19/2
f 4503/27/2 4480/27/2 4504/27/2
f 4504/19/2 4481/19/2 4505/19/2
f 4506/27/2 4507/27/2 4508/27/2
f 4508/27/2 4507/27/2 4509/27/2
f 4510/27/2 4511/27/2 4512/27/2
f 4512/27/2 4511/27/2 4513/27/2
f 4514/26/2 4515/26/2 4516/26/2
f 4516/26/2 4515/26/2 4517/26/2
f 4518/27/2 4519/27/2 4523/27/2
f 4523/27/2 4519/27/2 4524/27/2
f 4520/27/2 4521/27/2 4525/27/2
f 4525/27/2 4521/27/2 4526/27/2
f 4525/27/2 4526/27/2 4527/27/2
f 4527/27/2 4526/27/2 4528/27/2
f 4523/27/2 4524/27/2 4529/27/2
f 4522/27/2 4523/27/2 4529/27/2
f 4529/27/2 4524/27/2 4530/27/2
f 4531/16/2 4532/16/2 4537/16/2
f 4537/16/2 4532/16/2 4538/16/2
f 4533/16/2 4534/16/2 4539/16/2
f 4539/16/2 4534/16/2 4540/16/2
f 4535/16/2 4536/16/2 4541/16/2
f 4541/16/2 4536/16/2 4542/16/2
f 4543/25/2 4544/25/2 4545/25/2
f 4545/25/2 4544/25/2 4546/25/2
f 4547/27/2 4548/27/2 4549/27/2
f 4549/27/2 4548/27/2 4550/27/2
f 4551/25/2 4552/25/2 4553/25/2
f 4553/25/2 4552/25/2 4554/25/2
f 4555/27/2 4556/27/2 4559/27/2
f 4559/27/2 4556/27/2 4560/27/2
f 4557/27/2 4558/27/2 4561/27/2
f 4561/27/2 4558/27/2 4562/27/2
f 4563/20/2 4564/20/2 4566/20/2
f 4564/27/2 4565/27/2 4567/27/2
f 4566/20/2 4564/20/2 4567/20/2
f 4567/27/2 4565/27/2 4568/27/2
f 4569/27/2 4570/27/2 4573/27/2
f 4573/27/2 4570/27/2 4574/27/2
f 4571/27/2 4572/27/2 4575/27/2
f 4575/27/2 4572/27/2 4576/27/2
f 4576/27/2 4572/27/2 4577/27/2
f 4576/27/2 4577/27/2 4579/27/2
f 4577/27/2 4578/27/2 4579/27/2
f 4579/27/2 4578/27/2 4580/27/2
f 4581/27/2 4582/27/2 4583/27/2
f 4583/27/2 4582/27/2 4584/27/2
f 4585/27/2 4586/27/2 4587/27/2
f 4585/27/2 4587/27/2 4591/27/2
f 4587/27/2 4588/27/2 4591/27/2
f 4591/27/2 4588/27/2 4592/27/2
f 4589/27/2 4590/27/2 4593/27/2
f 4593/27/2 4590/27/2 4594/27/2
f 4595/27/2 4596/27/2 4600/27/2
f 4600/27/2 4596/27/2 4601/27/2
f 4597/27/2 4598/27/2 4602/27/2
f 4600/27/2 4601/27/2 4603/27/2
f 4601/27/2 4602/27/2 4603/27/2
f 4599/27/2 4600/27/2 4603/27/2
f 4602/27/2 4598/27/2 4604/27/2
f 4603/27/2 4602/27/2 4604/27/2
f 4599/27/2 4603/27/2 4605/27/2
f 4603/30/2 4604/30/2 4606/30/2
f 4605/27/2 4603/27/2 4606/27/2
f 4604/27/2 4598/27/2 4607/27/2
f 4606/30/2 4604/30/2 4607/30/2
f 4607/27/2 4598/27/2 4608/27/2
f 4609/27/2 4610/27/2 4612/27/2
f 4610/27/2 4611/27/2 4612/27/2
f 4612/27/2 4611/27/2 4613/27/2
f 4614/20/2 4615/20/2 4617/20/2
f 4615/27/2 4616/27/2 4618/27/2
f 4617/20/2 4615/20/2 4618/20/2
f 4617/21/2 4618/21/2 4619/21/2
f 4618/27/2 4616/27/2 4620/27/2
f 4619/21/2 4618/21/2 4620/21/2
f 4619/20/2 4620/20/2 4621/20/2
f 4620/27/2 4616/27/2 4622/27/2
f 4621/20/2 4620/20/2 4622/20/2
f 4621/21/2 4622/21/2 4623/21/2
f 4622/27/2 4616/27/2 4624/27/2
f 4623/21/2 4622/21/2 4624/21/2
f 4623/20/2 4624/20/2 4625/20/2
f 4624/27/2 4616/27/2 4626/27/2
f 4625/20/2 4624/20/2 4626/20/2
f 4626/27/2 4616/27/2 4627/27/2
f 4628/18/2 4629/18/2 4630/18/2
f 4630/18/2 4629/18/2 4631/18/2
f 4631/18/2 4629/18/2 4632/18/2
f 4632/18/2 4629/18/2 4633/18/2
f 4634/27/2 4635/27/2 4636/27/2
f 4636/27/2 4635/27/2 4637/27/2
f 4638/27/2 4639/27/2 4640/27/2
f 4640/27/2 4639/27/2 4641/27/2
f 4642/18/2 4643/18/2 4644/18/2
f 4644/18/2 4643/18/2 4645/18/2
f 4646/27/2 4647/27/2 4649/27/2
f 4647/30/2 4648/30/2 4650/30/2
f 4649/27/2 4647/27/2 4650/27/2
f 4650/30/2 4648/30/2 4651/30/2
f 4652/30/2 4653/30/2 4657/30/2
f 4653/27/2 4654/27/2 4658/27/2
f 4657/30/2 4653/30/2 4658/30/2
f 4655/30/2 4656/30/2 4659/30/2
f 4658/27/2 4654/27/2 4659/27/2
f 4654/30/2 4655/30/2 4659/30/2
f 4659/30/2 4656/30/2 4660/30/2
f 4661/27/2 4662/27/2 4663/27/2
f 4663/27/2 4662/27/2 4664/27/2
f 4661/27/2 4663/27/2 4665/27/2
f 4665/27/2 4663/27/2 4666/27/2
f 4667/27/2 4668/27/2 4672/27/2
f 4668/30/2 4669/30/2 4673/30/2
f 4672/27/2 4668/27/2 4673/27/2
f 4669/27/2 4670/27/2 4674/27/2
f 4673/30/2 4669/30/2 4674/30/2
f 4670/30/2 4671/30/2 4675/30/2
f 4674/27/2 4670/27/2 4675/27/2
f 4675/30/2 4671/30/2 4676/30/2
f 4677/18/2 4678/18/2 4679/18/2
f 4679/18/2 4678/18/2 4680/18/2
f 4681/27/2 4682/27/2 4683/27/2
f 4683/27/2 4682/27/2 4684/27/2
f 4685/27/2 4686/27/2 4687/27/2
f 4687/27/2 4686/27/2 4688/27/2
f 4689/27/2 4690/27/2 4691/27/2
f 4691/27/2 4690/27/2 4692/27/2
f 4689/27/2 4691/27/2 4693/27/2
f 4693/27/2 4691/27/2 4694/27/2
f 4689/27/2 4693/27/2 4695/27/2
f 4693/30/2 4694/30/2 4696/30/2
f 4695/27/2 4693/27/2 4696/27/2
f 4694/27/2 4691/27/2 4697/27/2
f 4696/30/2 4694/30/2 4697/30/2
f 4691/30/2 4692/30/2 4698/30/2
f 4697/27/2 4691/27/2 4698/27/2
f 4692/27/2 4690/27/2 4699/27/2
f 4698/30/2 4692/30/2 4699/30/2
f 4699/27/2 4690/27/2 4700/27/2
f 4701/20/2 4702/20/2 4703/20/2
f 4703/20/2 4702/20/2 4704/20/2
f 4704/20/2 4702/20/2 4705/20/2
f 4705/20/2 4702/20/2 4706/20/2
f 4701/20/2 4703/20/2 4707/20/2
f 4707/20/2 4703/20/2 4708/20/2
f 4704/20/2 4705/20/2 4709/20/2
f 4705/21/2 4706/21/2 4709/21/2
f 4706/20/2 4702/20/2 4710/20/2
f 4709/21/2 4706/21/2 4710/21/2
f 4710/20/2 4702/20/2 4711/20/2
f 4711/20/2 4702/20/2 4712/20/2
f 4709/20/2 4710/20/2 4713/20/2
f 4710/20/2 4711/20/2 4713/20/2
f 4713/20/2 4711/20/2 4714/20/2
f 4714/20/2 4711/20/2 4715/20/2
f 4715/20/2 4711/20/2 4716/20/2
f 4708/20/2 4703/20/2 4717/20/2
f 4717/20/2 4703/20/2 4718/20/2
f 4709/20/2 4713/20/2 4719/20/2
f 4719/20/2 4713/20/2 4720/20/2
f 4714/20/2 4715/20/2 4721/20/2
f 4715/21/2 4716/21/2 4721/21/2
f 4716/20/2 4711/20/2 4722/20/2
f 4721/21/2 4716/21/2 4722/21/2
f 4707/21/2 4708/21/2 4723/21/2
f 4701/20/2 4707/20/2 4723/20/2
f 4708/20/2 4717/20/2 4724/20/2
f 4723/21/2 4708/21/2 4724/21/2
f 4703/21/2 4704/21/2 4725/21/2
f 4718/20/2 4703/20/2 4725/20/2
f 4704/20/2 4709/20/2 4726/20/2
f 4725/21/2 4704/21/2 4726/21/2
f 4709/20/2 4719/20/2 4726/20/2
f 4713/21/2 4714/21/2 4727/21/2
f 4720/20/2 4713/20/2 4727/20/2
f 4714/20/2 4721/20/2 4728/20/2
f 4727/21/2 4714/21/2 4728/21/2
f 4721/20/2 4722/20/2 4728/20/2
f 4723/20/2 4724/20/2 4729/20/2
f 4729/20/2 4724/20/2 4730/20/2
f 4724/20/2 4717/20/2 4731/20/2
f 4730/20/2 4724/20/2 4731/20/2
f 4717/21/2 4718/21/2 4732/21/2
f 4731/20/2 4717/20/2 4732/20/2
f 4718/20/2 4725/20/2 4733/20/2
f 4732/21/2 4718/21/2 4733/21/2
f 4725/20/2 4726/20/2 4733/20/2
f 4733/20/2 4726/20/2 4734/20/2
f 4720/20/2 4727/20/2 4735/20/2
f 4719/21/2 4720/21/2 4735/21/2
f 4727/20/2 4728/20/2 4735/20/2
f 4735/20/2 4728/20/2 4736/20/2
f 4722/20/2 4711/20/2 4737/20/2
f 4736/20/2 4728/20/2 4737/20/2
f 4711/21/2 4712/21/2 4737/21/2
f 4728/20/2 4722/20/2 4737/20/2
f 4712/20/2 4702/20/2 4738/20/2
f 4737/21/2 4712/21/2 4738/21/2
f 4734/20/2 4726/20/2 4739/20/2
f 4726/20/2 4719/20/2 4739/20/2
f 4739/20/2 4719/20/2 4740/20/2
f 4735/21/2 4736/21/2 4741/21/2
f 4740/20/2 4719/20/2 4741/20/2
f 4719/21/2 4735/21/2 4741/21/2
f 4741/21/2 4736/21/2 4742/21/2
f 4723/20/2 4729/20/2 4743/20/2
f 4701/20/2 4723/20/2 4743/20/2
f 4743/20/2 4729/20/2 4744/20/2
f 4734/20/2 4739/20/2 4745/20/2
f 4739/21/2 4740/21/2 4746/21/2
f 4745/20/2 4739/20/2 4746/20/2
f 4736/20/2 4737/20/2 4747/20/2
f 4737/20/2 4738/20/2 4747/20/2
f 4742/21/2 4736/21/2 4747/21/2
f 4747/20/2 4738/20/2 4748/20/2
f 4746/21/2 4740/21/2 4749/21/2
f 4745/21/2 4746/21/2 4749/21/2
f 4741/20/2 4742/20/2 4750/20/2
f 4749/21/2 4740/21/2 4750/21/2
f 4740/20/2 4741/20/2 4750/20/2
f 4734/20/2 4745/20/2 4751/20/2
f 4751/20/2 4745/20/2 4752/20/2
f 4747/21/2 4748/21/2 4753/21/2
f 4742/21/2 4747/21/2 4753/21/2
f 4748/20/2 4738/20/2 4754/20/2
f 4753/21/2 4748/21/2 4754/21/2
f 4754/20/2 4738/20/2 4755/20/2
f 4738/20/2 4702/20/2 4756/20/2
f 4755/20/2 4738/20/2 4756/20/2
f 4729/21/2 4730/21/2 4757/21/2
f 4744/20/2 4729/20/2 4757/20/2
f 4730/20/2 4731/20/2 4758/20/2
f 4757/21/2 4730/21/2 4758/21/2
f 4731/21/2 4732/21/2 4759/21/2
f 4758/20/2 4731/20/2 4759/20/2
f 4732/21/2 4733/21/2 4759/21/2
f 4733/21/2 4734/21/2 4759/21/2
f 4734/20/2 4751/20/2 4760/20/2
f 4759/21/2 4734/21/2 4760/21/2
f 4757/20/2 4758/20/2 4761/20/2
f 4758/20/2 4759/20/2 4761/20/2
f 4759/20/2 4760/20/2 4761/20/2
f 4761/20/2 4760/20/2 4762/20/2
f 4754/20/2 4755/20/2 4763/20/2
f 4755/21/2 4756/21/2 4763/21/2
f 4753/20/2 4754/20/2 4763/20/2
f 4756/20/2 4702/20/2 4764/20/2
f 4763/21/2 4756/21/2 4764/21/2
f 4753/20/2 4763/20/2 4765/20/2
f 4763/20/2 4764/20/2 4765/20/2
f 4765/20/2 4764/20/2 4766/20/2
f 4762/20/2 4760/20/2 4767/20/2
f 4767/20/2 4760/20/2 4768/20/2
f 4743/21/2 4744/21/2 4769/21/2
f 4701/20/2 4743/20/2 4769/20/2
f 4744/20/2 4757/20/2 4770/20/2
f 4769/21/2 4744/21/2 4770/21/2
f 4757/20/2 4761/20/2 4770/20/2
f 4749/20/2 4750/20/2 4771/20/2
f 4750/20/2 4742/20/2 4772/20/2
f 4771/20/2 4750/20/2 4772/20/2
f 4742/21/2 4753/21/2 4772/21/2
f 4753/20/2 4765/20/2 4773/20/2
f 4773/20/2 4765/20/2 4774/20/2
f 4760/20/2 4751/20/2 4775/20/2
f 4768/20/2 4760/20/2 4775/20/2
f 4751/21/2 4752/21/2 4775/21/2
f 4752/20/2 4745/20/2 4776/20/2
f 4775/21/2 4752/21/2 4776/21/2
f 4769/20/2 4770/20/2 4777/20/2
f 4770/20/2 4761/20/2 4778/20/2
f 4777/20/2 4770/20/2 4778/20/2
f 4776/20/2 4745/20/2 4779/20/2
f 4745/21/2 4749/21/2 4779/21/2
f 4775/20/2 4776/20/2 4779/20/2
f 4749/20/2 4771/20/2 4780/20/2
f 4779/21/2 4749/21/2 4780/21/2
f 4780/20/2 4771/20/2 4781/20/2
f 4771/21/2 4772/21/2 4782/21/2
f 4781/20/2 4771/20/2 4782/20/2
f 4753/20/2 4773/20/2 4783/20/2
f 4782/21/2 4772/21/2 4783/21/2
f 4772/21/2 4753/21/2 4783/21/2
f 4774/20/2 4765/20/2 4784/20/2
f 4765/21/2 4766/21/2 4784/21/2
f 4766/20/2 4764/20/2 4785/20/2
f 4784/21/2 4766/21/2 4785/21/2
f 4784/20/2 4785/20/2 4786/20/2
f 4785/20/2 4764/20/2 4787/20/2
f 4786/20/2 4785/20/2 4787/20/2
f 4778/20/2 4761/20/2 4788/20/2
f 4777/21/2 4778/21/2 4788/21/2
f 4788/20/2 4761/20/2 4789/20/2
f 4775/20/2 4779/20/2 4790/20/2
f 4779/20/2 4780/20/2 4790/20/2
f 4780/20/2 4781/20/2 4790/20/2
f 4790/20/2 4781/20/2 4791/20/2
f 4787/20/2 4764/20/2 4792/20/2
f 4764/20/2 4702/20/2 4793/20/2
f 4792/20/2 4764/20/2 4793/20/2
f 4769/20/2 4777/20/2 4794/20/2
f 4794/20/2 4777/20/2 4795/20/2
f 4791/20/2 4781/20/2 4796/20/2
f 4781/21/2 4782/21/2 4796/21/2
f 4796/21/2 4782/21/2 4797/21/2
f 4782/20/2 4783/20/2 4798/20/2
f 4797/21/2 4782/21/2 4798/21/2
f 4798/20/2 4783/20/2 4799/20/2
f 4775/20/2 4790/20/2 4800/20/2
f 4790/21/2 4791/21/2 4800/21/2
f 4796/20/2 4797/20/2 4801/20/2
f 4800/21/2 4791/21/2 4801/21/2
f 4791/20/2 4796/20/2 4801/20/2
f 4799/20/2 4783/20/2 4802/20/2
f 4783/20/2 4773/20/2 4803/20/2
f 4802/20/2 4783/20/2 4803/20/2
f 4794/21/2 4795/21/2 4804/21/2
f 4769/20/2 4794/20/2 4804/20/2
f 4804/21/2 4795/21/2 4805/21/2
f 4762/20/2 4767/20/2 4806/20/2
f 4767/21/2 4768/21/2 4806/21/2
f 4768/20/2 4775/20/2 4807/20/2
f 4806/21/2 4768/21/2 4807/21/2
f 4775/20/2 4800/20/2 4807/20/2
f 4800/20/2 4801/20/2 4807/20/2
f 4799/20/2 4802/20/2 4808/20/2
f 4802/21/2 4803/21/2 4809/21/2
f 4808/20/2 4802/20/2 4809/20/2
f 4803/20/2 4773/20/2 4810/20/2
f 4809/21/2 4803/21/2 4810/21/2
f 4810/20/2 4773/20/2 4811/20/2
f 4773/21/2 4774/21/2 4812/21/2
f 4811/20/2 4773/20/2 4812/20/2
f 4774/20/2 4784/20/2 4813/20/2
f 4812/21/2 4774/21/2 4813/21/2
f 4784/20/2 4786/20/2 4813/20/2
f 4787/20/2 4792/20/2 4814/20/2
f 4792/21/2 4793/21/2 4814/21/2
f 4793/20/2 4702/20/2 4815/20/2
f 4814/21/2 4793/21/2 4815/21/2
f 4805/21/2 4795/21/2 4816/21/2
f 4804/20/2 4805/20/2 4816/20/2
f 4795/20/2 4777/20/2 4817/20/2
f 4816/21/2 4795/21/2 4817/21/2
f 4788/21/2 4789/21/2 4818/21/2
f 4817/20/2 4777/20/2 4818/20/2
f 4777/21/2 4788/21/2 4818/21/2
f 4818/21/2 4789/21/2 4819/21/2
f 4807/20/2 4801/20/2 4820/20/2
f 4806/20/2 4807/20/2 4820/20/2
f 4801/20/2 4797/20/2 4820/20/2
f 4798/21/2 4799/21/2 4820/21/2
f 4797/21/2 4798/21/2 4820/21/2
f 4799/20/2 4808/20/2 4821/20/2
f 4820/21/2 4799/21/2 4821/21/2
f 4819/21/2 4789/21/2 4822/21/2
f 4816/20/2 4817/20/2 4822/20/2
f 4818/20/2 4819/20/2 4822/20/2
f 4817/20/2 4818/20/2 4822/20/2
f 4789/20/2 4761/20/2 4823/20/2
f 4822/21/2 4789/21/2 4823/21/2
f 4762/20/2 4806/20/2 4824/20/2
f 4820/20/2 4821/20/2 4824/20/2
f 4806/20/2 4820/20/2 4824/20/2
f 4824/20/2 4821/20/2 4825/20/2
f 4825/20/2 4821/20/2 4826/20/2
f 4826/20/2 4821/20/2 4827/20/2
f 4813/20/2 4786/20/2 4828/20/2
f 4812/20/2 4813/20/2 4828/20/2
f 4828/20/2 4786/20/2 4829/20/2
f 4786/21/2 4787/21/2 4830/21/2
f 4829/20/2 4786/20/2 4830/20/2
f 4787/20/2 4814/20/2 4831/20/2
f 4830/21/2 4787/21/2 4831/21/2
f 4814/20/2 4815/20/2 4831/20/2
f 4816/20/2 4822/20/2 4832/20/2
f 4822/20/2 4823/20/2 4832/20/2
f 4832/20/2 4823/20/2 4833/20/2
f 4827/20/2 4821/20/2 4834/20/2
f 4834/20/2 4821/20/2 4835/20/2
f 4831/20/2 4815/20/2 4836/20/2
f 4830/20/2 4831/20/2 4836/20/2
f 4836/20/2 4815/20/2 4837/20/2
f 4826/21/2 4827/21/2 4838/21/2
f 4827/20/2 4834/20/2 4838/20/2
f 4834/21/2 4835/21/2 4839/21/2
f 4838/20/2 4834/20/2 4839/20/2
f 4821/20/2 4808/20/2 4840/20/2
f 4835/20/2 4821/20/2 4840/20/2
f 4810/21/2 4811/21/2 4840/21/2
f 4808/21/2 4809/21/2 4840/21/2
f 4809/21/2 4810/21/2 4840/21/2
f 4811/20/2 4812/20/2 4841/20/2
f 4840/21/2 4811/21/2 4841/21/2
f 4812/20/2 4828/20/2 4841/20/2
f 4828/21/2 4829/21/2 4842/21/2
f 4841/20/2 4828/20/2 4842/20/2
f 4830/20/2 4836/20/2 4843/20/2
f 4842/21/2 4829/21/2 4843/21/2
f 4829/20/2 4830/20/2 4843/20/2
f 4835/20/2 4840/20/2 4844/20/2
f 4841/20/2 4842/20/2 4844/20/2
f 4842/20/2 4843/20/2 4844/20/2
f 4840/20/2 4841/20/2 4844/20/2
f 4844/20/2 4843/20/2 4845/20/2
f 4804/20/2 4816/20/2 4846/20/2
f 4816/20/2 4832/20/2 4846/20/2
f 4769/20/2 4804/20/2 4846/20/2
f 4846/20/2 4832/20/2 4847/20/2
f 4838/21/2 4839/21/2 4848/21/2
f 4825/20/2 4826/20/2 4848/20/2
f 4826/21/2 4838/21/2 4848/21/2
f 4848/21/2 4839/21/2 4849/21/2
f 4843/20/2 4836/20/2 4850/20/2
f 4845/20/2 4843/20/2 4850/20/2
f 4836/21/2 4837/21/2 4850/21/2
f 4837/20/2 4815/20/2 4851/20/2
f 4850/21/2 4837/21/2 4851/21/2
f 4835/20/2 4844/20/2 4852/20/2
f 4844/21/2 4845/21/2 4853/21/2
f 4852/20/2 4844/20/2 4853/20/2
f 4833/20/2 4823/20/2 4854/20/2
f 4761/21/2 4762/21/2 4855/21/2
f 4854/20/2 4823/20/2 4855/20/2
f 4823/20/2 4761/20/2 4855/20/2
f 4824/21/2 4825/21/2 4856/21/2
f 4762/20/2 4824/20/2 4856/20/2
f 4856/21/2 4825/21/2 4857/21/2
f 4857/21/2 4825/21/2 4858/21/2
f 4858/21/2 4825/21/2 4859/21/2
f 4859/21/2 4825/21/2 4860/21/2
f 4848/20/2 4849/20/2 4861/20/2
f 4860/21/2 4825/21/2 4861/21/2
f 4825/20/2 4848/20/2 4861/20/2
f 4847/20/2 4832/20/2 4862/20/2
f 4832/21/2 4833/21/2 4862/21/2
f 4833/20/2 4854/20/2 4863/20/2
f 4862/21/2 4833/21/2 4863/21/2
f 4856/20/2 4857/20/2 4864/20/2
f 4857/21/2 4858/21/2 4864/21/2
f 4858/20/2 4859/20/2 4865/20/2
f 4864/21/2 4858/21/2 4865/21/2
f 4859/21/2 4860/21/2 4866/21/2
f 4865/20/2 4859/20/2 4866/20/2
f 4860/20/2 4861/20/2 4867/20/2
f 4866/21/2 4860/21/2 4867/21/2
f 4849/21/2 4839/21/2 4868/21/2
f 4867/20/2 4861/20/2 4868/20/2
f 4861/20/2 4849/20/2 4868/20/2
f 4839/21/2 4835/21/2 4869/21/2
f 4868/21/2 4839/21/2 4869/21/2
f 4835/20/2 4852/20/2 4869/20/2
f 4845/20/2 4850/20/2 4870/20/2
f 4850/20/2 4851/20/2 4870/20/2
f 4870/20/2 4851/20/2 4871/20/2
f 4871/20/2 4851/20/2 4872/20/2
f 4872/20/2 4851/20/2 4873/20/2
f 4845/20/2 4870/20/2 4874/20/2
f 4870/21/2 4871/21/2 4874/21/2
f 4871/20/2 4872/20/2 4875/20/2
f 4874/21/2 4871/21/2 4875/21/2
f 4872/21/2 4873/21/2 4876/21/2
f 4875/20/2 4872/20/2 4876/20/2
f 4873/20/2 4851/20/2 4877/20/2
f 4876/21/2 4873/21/2 4877/21/2
f 4877/20/2 4851/20/2 4878/20/2
f 4878/20/2 4851/20/2 4879/20/2
f 4867/20/2 4868/20/2 4880/20/2
f 4866/20/2 4867/20/2 4880/20/2
f 4864/20/2 4865/20/2 4880/20/2
f 4865/20/2 4866/20/2 4880/20/2
f 4868/20/2 4869/20/2 4880/20/2
f 4880/20/2 4869/20/2 4881/20/2
f 4881/20/2 4869/20/2 4882/20/2
f 4869/20/2 4852/20/2 4883/20/2
f 4882/20/2 4869/20/2 4883/20/2
f 4855/21/2 4762/21/2 4884/21/2
f 4854/21/2 4855/21/2 4884/21/2
f 4856/20/2 4864/20/2 4885/20/2
f 4884/21/2 4762/21/2 4885/21/2
f 4762/20/2 4856/20/2 4885/20/2
f 4864/20/2 4880/20/2 4885/20/2
f 4885/20/2 4880/20/2 4886/20/2
f 4886/20/2 4880/20/2 4887/20/2
f 4882/21/2 4883/21/2 4888/21/2
f 4881/20/2 4882/20/2 4888/20/2
f 4883/20/2 4852/20/2 4889/20/2
f 4888/21/2 4883/21/2 4889/21/2
f 4852/21/2 4853/21/2 4890/21/2
f 4889/20/2 4852/20/2 4890/20/2
f 4853/21/2 4845/21/2 4891/21/2
f 4890/21/2 4853/21/2 4891/21/2
f 4878/21/2 4879/21/2 4892/21/2
f 4877/20/2 4878/20/2 4892/20/2
f 4876/20/2 4877/20/2 4892/20/2
f 4875/20/2 4876/20/2 4892/20/2
f 4874/20/2 4875/20/2 4892/20/2
f 4879/20/2 4851/20/2 4893/20/2
f 4892/21/2 4879/21/2 4893/21/2
f 4893/20/2 4851/20/2 4894/20/2
f 4851/20/2 4815/20/2 4895/20/2
f 4894/20/2 4851/20/2 4895/20/2
f 4887/20/2 4880/20/2 4896/20/2
f 4886/21/2 4887/21/2 4896/21/2
f 4896/20/2 4880/20/2 4897/20/2
f 4862/20/2 4863/20/2 4898/20/2
f 4863/20/2 4854/20/2 4898/20/2
f 4898/20/2 4854/20/2 4899/20/2
f 4893/20/2 4894/20/2 4900/20/2
f 4894/21/2 4895/21/2 4900/21/2
f 4892/20/2 4893/20/2 4900/20/2
f 4895/20/2 4815/20/2 4901/20/2
f 4900/21/2 4895/21/2 4901/21/2
f 4889/20/2 4890/20/2 4902/20/2
f 4890/20/2 4891/20/2 4902/20/2
f 4888/20/2 4889/20/2 4902/20/2
f 4902/20/2 4891/20/2 4903/20/2
f 4854/21/2 4884/21/2 4904/21/2
f 4899/20/2 4854/20/2 4904/20/2
f 4885/20/2 4886/20/2 4905/20/2
f 4904/21/2 4884/21/2 4905/21/2
f 4884/20/2 4885/20/2 4905/20/2
f 4897/20/2 4880/20/2 4906/20/2
f 4880/21/2 4881/21/2 4907/21/2
f 4906/20/2 4880/20/2 4907/20/2
f 4881/20/2 4888/20/2 4908/20/2
f 4888/20/2 4902/20/2 4908/20/2
f 4902/21/2 4903/21/2 4909/21/2
f 4908/20/2 4902/20/2 4909/20/2
f 4905/20/2 4886/20/2 4910/20/2
f 4904/20/2 4905/20/2 4910/20/2
f 4910/20/2 4886/20/2 4911/20/2
f 4881/20/2 4908/20/2 4912/20/2
f 4908/21/2 4909/21/2 4912/21/2
f 4909/21/2 4903/21/2 4913/21/2
f 4912/21/2 4909/21/2 4913/21/2
f 4846/21/2 4847/21/2 4914/21/2
f 4769/20/2 4846/20/2 4914/20/2
f 4847/20/2 4862/20/2 4915/20/2
f 4914/21/2 4847/21/2 4915/21/2
f 4862/20/2 4898/20/2 4915/20/2
f 4886/21/2 4896/21/2 4916/21/2
f 4896/21/2 4897/21/2 4916/21/2
f 4897/20/2 4906/20/2 4917/20/2
f 4916/21/2 4897/21/2 4917/21/2
f 4913/21/2 4903/21/2 4918/21/2
f 4912/20/2 4913/20/2 4918/20/2
f 4903/20/2 4891/20/2 4919/20/2
f 4918/21/2 4903/21/2 4919/21/2
f 4904/20/2 4910/20/2 4920/20/2
f 4910/21/2 4911/21/2 4920/21/2
f 4911/20/2 4886/20/2 4921/20/2
f 4920/21/2 4911/21/2 4921/21/2
f 4886/21/2 4916/21/2 4922/21/2
f 4921/20/2 4886/20/2 4922/20/2
f 4916/20/2 4917/20/2 4923/20/2
f 4922/21/2 4916/21/2 4923/21/2
f 4917/20/2 4906/20/2 4924/20/2
f 4923/20/2 4917/20/2 4924/20/2
f 4906/21/2 4907/21/2 4924/21/2
f 4907/21/2 4881/21/2 4925/21/2
f 4924/21/2 4907/21/2 4925/21/2
f 4874/20/2 4892/20/2 4926/20/2
f 4900/20/2 4901/20/2 4926/20/2
f 4892/20/2 4900/20/2 4926/20/2
f 4926/20/2 4901/20/2 4927/20/2
f 4918/20/2 4919/20/2 4928/20/2
f 4891/21/2 4845/21/2 4929/21/2
f 4928/20/2 4919/20/2 4929/20/2
f 4919/20/2 4891/20/2 4929/20/2
f 4845/20/2 4874/20/2 4930/20/2
f 4929/21/2 4845/21/2 4930/21/2
f 4874/20/2 4926/20/2 4930/20/2
f 4930/20/2 4926/20/2 4931/20/2
f 4927/20/2 4901/20/2 4932/20/2
f 4901/20/2 4815/20/2 4933/20/2
f 4932/20/2 4901/20/2 4933/20/2
f 4815/20/2 4702/20/2 4933/20/2
f 4924/20/2 4925/20/2 4934/20/2
f 4923/20/2 4924/20/2 4934/20/2
f 4922/20/2 4923/20/2 4934/20/2
f 4921/20/2 4922/20/2 4934/20/2
f 4920/20/2 4921/20/2 4934/20/2
f 4934/20/2 4925/20/2 4935/20/2
f 4915/20/2 4898/20/2 4936/20/2
f 4914/20/2 4915/20/2 4936/20/2
f 4898/21/2 4899/21/2 4936/21/2
f 4904/20/2 4920/20/2 4937/20/2
f 4936/21/2 4899/21/2 4937/21/2
f 4920/20/2 4934/20/2 4937/20/2
f 4899/20/2 4904/20/2 4937/20/2
f 4935/20/2 4925/20/2 4938/20/2
f 4925/21/2 4881/21/2 4939/21/2
f 4938/20/2 4925/20/2 4939/20/2
f 4701/20/2 4769/20/2 4940/20/2
f 4769/20/2 4914/20/2 4940/20/2
f 4914/20/2 4936/20/2 4940/20/2
f 4936/20/2 4937/20/2 4940/20/2
f 4940/20/2 4937/20/2 4941/20/2
f 4941/20/2 4937/20/2 4942/20/2
f 4942/20/2 4937/20/2 4943/20/2
f 4926/21/2 4927/21/2 4944/21/2
f 4931/20/2 4926/20/2 4944/20/2
f 4927/20/2 4932/20/2 4945/20/2
f 4944/21/2 4927/21/2 4945/21/2
f 4937/20/2 4934/20/2 4946/20/2
f 4943/20/2 4937/20/2 4946/20/2
f 4946/20/2 4934/20/2 4947/20/2
f 4945/20/2 4932/20/2 4948/20/2
f 4944/20/2 4945/20/2 4948/20/2
f 4948/20/2 4932/20/2 4949/20/2
f 4942/21/2 4943/21/2 4950/21/2
f 4941/20/2 4942/20/2 4950/20/2
f 4943/20/2 4946/20/2 4951/20/2
f 4950/21/2 4943/21/2 4951/21/2
f 4918/20/2 4928/20/2 4952/20/2
f 4881/20/2 4912/20/2 4952/20/2
f 4939/21/2 4881/21/2 4952/21/2
f 4938/21/2 4939/21/2 4952/21/2
f 4912/20/2 4918/20/2 4952/20/2
f 4930/21/2 4931/21/2 4953/21/2
f 4952/20/2 4928/20/2 4953/20/2
f 4929/21/2 4930/21/2 4953/21/2
f 4928/21/2 4929/21/2 4953/21/2
f 4947/20/2 4934/20/2 4954/20/2
f 4934/21/2 4935/21/2 4954/21/2
f 4935/20/2 4938/20/2 4955/20/2
f 4954/21/2 4935/21/2 4955/21/2
f 4944/20/2 4948/20/2 4956/20/2
f 4948/21/2 4949/21/2 4956/21/2
f 4949/20/2 4932/20/2 4957/20/2
f 4956/21/2 4949/21/2 4957/21/2
f 4955/20/2 4938/20/2 4958/20/2
f 4938/21/2 4952/21/2 4958/21/2
f 4954/20/2 4955/20/2 4958/20/2
f 4952/21/2 4953/21/2 4958/21/2
f 4958/21/2 4953/21/2 4959/21/2
f 4953/21/2 4931/21/2 4960/21/2
f 4959/21/2 4953/21/2 4960/21/2
f 4931/20/2 4944/20/2 4961/20/2
f 4960/21/2 4931/21/2 4961/21/2
f 4956/20/2 4957/20/2 4961/20/2
f 4944/20/2 4956/20/2 4961/20/2
f 4959/21/2 4960/21/2 4962/21/2
f 4958/20/2 4959/20/2 4962/20/2
f 4962/21/2 4960/21/2 4963/21/2
f 4961/20/2 4957/20/2 4964/20/2
f 4960/20/2 4961/20/2 4964/20/2
f 4964/20/2 4957/20/2 4965/20/2
f 4963/21/2 4960/21/2 4966/21/2
f 4960/20/2 4964/20/2 4966/20/2
f 4966/20/2 4964/20/2 4967/20/2
f 4964/21/2 4965/21/2 4968/21/2
f 4967/20/2 4964/20/2 4968/20/2
f 4965/20/2 4957/20/2 4969/20/2
f 4968/21/2 4965/21/2 4969/21/2
f 4969/20/2 4957/20/2 4970/20/2
f 4970/20/2 4957/20/2 4971/20/2
f 4951/20/2 4946/20/2 4972/20/2
f 4950/20/2 4951/20/2 4972/20/2
f 4972/20/2 4946/20/2 4973/20/2
f 4946/21/2 4947/21/2 4974/21/2
f 4973/20/2 4946/20/2 4974/20/2
f 4974/21/2 4947/21/2 4975/21/2
f 4975/21/2 4947/21/2 4976/21/2
f 4947/20/2 4954/20/2 4977/20/2
f 4976/21/2 4947/21/2 4977/21/2
f 4954/20/2 4958/20/2 4977/20/2
f 4962/20/2 4963/20/2 4977/20/2
f 4958/20/2 4962/20/2 4977/20/2
f 4966/21/2 4967/21/2 4978/21/2
f 4977/20/2 4963/20/2 4978/20/2
f 4963/21/2 4966/21/2 4978/21/2
f 4978/21/2 4967/21/2 4979/21/2
f 4967/20/2 4968/20/2 4980/20/2
f 4969/20/2 4970/20/2 4980/20/2
f 4968/20/2 4969/20/2 4980/20/2
f 4980/20/2 4970/20/2 4981/20/2
f 4971/20/2 4957/20/2 4982/20/2
f 4957/20/2 4932/20/2 4982/20/2
f 4932/21/2 4933/21/2 4982/21/2
f 4933/20/2 4702/20/2 4983/20/2
f 4982/21/2 4933/21/2 4983/21/2
f 4974/20/2 4975/20/2 4984/20/2
f 4973/20/2 4974/20/2 4984/20/2
f 4984/20/2 4975/20/2 4985/20/2
f 4981/20/2 4970/20/2 4986/20/2
f 4970/21/2 4971/21/2 4986/21/2
f 4971/20/2 4982/20/2 4987/20/2
f 4986/21/2 4971/21/2 4987/21/2
f 4982/20/2 4983/20/2 4987/20/2
f 4972/21/2 4973/21/2 4988/21/2
f 4950/20/2 4972/20/2 4988/20/2
f 4973/20/2 4984/20/2 4989/20/2
f 4988/21/2 4973/21/2 4989/21/2
f 4975/21/2 4976/21/2 4990/21/2
f 4985/20/2 4975/20/2 4990/20/2
f 4976/20/2 4977/20/2 4991/20/2
f 4990/21/2 4976/21/2 4991/21/2
f 4978/20/2 4979/20/2 4991/20/2
f 4977/20/2 4978/20/2 4991/20/2
f 4979/21/2 4967/21/2 4992/21/2
f 4991/20/2 4979/20/2 4992/20/2
f 4967/20/2 4980/20/2 4993/20/2
f 4992/21/2 4967/21/2 4993/21/2
f 4993/20/2 4980/20/2 4994/20/2
f 4980/21/2 4981/21/2 4995/21/2
f 4994/20/2 4980/20/2 4995/20/2
f 4989/20/2 4984/20/2 4996/20/2
f 4988/20/2 4989/20/2 4996/20/2
f 4984/21/2 4985/21/2 4996/21/2
f 4990/20/2 4991/20/2 4997/20/2
f 4996/21/2 4985/21/2 4997/21/2
f 4992/20/2 4993/20/2 4997/20/2
f 4985/20/2 4990/20/2 4997/20/2
f 4993/20/2 4994/20/2 4997/20/2
f 4991/20/2 4992/20/2 4997/20/2
f 4986/20/2 4987/20/2 4998/20/2
f 4987/20/2 4983/20/2 4998/20/2
f 4998/20/2 4983/20/2 4999/20/2
f 4997/20/2 4994/20/2 5000/20/2
f 4996/20/2 4997/20/2 5000/20/2
f 5000/20/2 4994/20/2 5001/20/2
f 5001/20/2 4994/20/2 5002/20/2
f 5002/20/2 4994/20/2 5003/20/2
f 4994/21/2 4995/21/2 5004/21/2
f 5003/20/2 4994/20/2 5004/20/2
f 4995/21/2 4981/21/2 5005/21/2
f 5004/21/2 4995/21/2 5005/21/2
f 4996/20/2 5000/20/2 5006/20/2
f 5006/20/2 5000/20/2 5007/20/2
f 5000/21/2 5001/21/2 5008/21/2
f 5007/20/2 5000/20/2 5008/20/2
f 5001/20/2 5002/20/2 5009/20/2
f 5008/21/2 5001/21/2 5009/21/2
f 5002/21/2 5003/21/2 5010/21/2
f 5009/20/2 5002/20/2 5010/20/2
f 5003/20/2 5004/20/2 5011/20/2
f 5010/21/2 5003/21/2 5011/21/2
f 5004/20/2 5005/20/2 5011/20/2
f 5005/21/2 4981/21/2 5012/21/2
f 5011/20/2 5005/20/2 5012/20/2
f 4981/20/2 4986/20/2 5013/20/2
f 5012/21/2 4981/21/2 5013/21/2
f 4986/20/2 4998/20/2 5013/20/2
f 4701/20/2 4940/20/2 5014/20/2
f 4940/21/2 4941/21/2 5014/21/2
f 4988/20/2 4996/20/2 5015/20/2
f 5014/21/2 4941/21/2 5015/21/2
f 4941/20/2 4950/20/2 5015/20/2
f 4950/20/2 4988/20/2 5015/20/2
f 4996/20/2 5006/20/2 5015/20/2
f 5006/21/2 5007/21/2 5016/21/2
f 5015/20/2 5006/20/2 5016/20/2
f 5009/20/2 5010/20/2 5017/20/2
f 5016/21/2 5007/21/2 5017/21/2
f 5008/20/2 5009/20/2 5017/20/2
f 5010/20/2 5011/20/2 5017/20/2
f 5012/20/2 5013/20/2 5017/20/2
f 5011/20/2 5012/20/2 5017/20/2
f 5007/20/2 5008/20/2 5017/20/2
f 5015/20/2 5016/20/2 5018/20/2
f 5014/20/2 5015/20/2 5018/20/2
f 5016/20/2 5017/20/2 5018/20/2
f 5018/20/2 5017/20/2 5019/20/2
f 5019/20/2 5017/20/2 5020/20/2
f 5020/20/2 5017/20/2 5021/20/2
f 5017/20/2 5013/20/2 5022/20/2
f 5021/20/2 5017/20/2 5022/20/2
f 5022/20/2 5013/20/2 5023/20/2
f 5013/20/2 4998/20/2 5024/20/2
f 5023/20/2 5013/20/2 5024/20/2
f 5024/20/2 4998/20/2 5025/20/2
f 5014/20/2 5018/20/2 5026/20/2
f 5018/21/2 5019/21/2 5026/21/2
f 5019/20/2 5020/20/2 5027/20/2
f 5026/21/2 5019/21/2 5027/21/2
f 5020/21/2 5021/21/2 5028/21/2
f 5027/20/2 5020/20/2 5028/20/2
f 5021/20/2 5022/20/2 5029/20/2
f 5028/21/2 5021/21/2 5029/21/2
f 5029/20/2 5022/20/2 5030/20/2
f 5030/20/2 5022/20/2 5031/20/2
f 5031/20/2 5022/20/2 5032/20/2
f 5032/20/2 5022/20/2 5033/20/2
f 5026/20/2 5027/20/2 5034/20/2
f 5027/20/2 5028/20/2 5034/20/2
f 5028/20/2 5029/20/2 5034/20/2
f 5029/20/2 5030/20/2 5034/20/2
f 5030/21/2 5031/21/2 5035/21/2
f 5034/20/2 5030/20/2 5035/20/2
f 5031/20/2 5032/20/2 5036/20/2
f 5036/20/2 5032/20/2 5037/20/2
f 5023/20/2 5024/20/2 5038/20/2
f 5038/20/2 5024/20/2 5039/20/2
f 5026/20/2 5034/20/2 5040/20/2
f 5040/20/2 5034/20/2 5041/20/2
f 5033/20/2 5022/20/2 5042/20/2
f 5022/21/2 5023/21/2 5042/21/2
f 5023/20/2 5038/20/2 5043/20/2
f 5042/21/2 5023/21/2 5043/21/2
f 5024/21/2 5025/21/2 5044/21/2
f 5039/20/2 5024/20/2 5044/20/2
f 5025/20/2 4998/20/2 5045/20/2
f 5044/21/2 5025/21/2 5045/21/2
f 5035/21/2 5031/21/2 5046/21/2
f 5034/21/2 5035/21/2 5046/21/2
f 5031/20/2 5036/20/2 5047/20/2
f 5046/21/2 5031/21/2 5047/21/2
f 5039/20/2 5044/20/2 5048/20/2
f 5044/20/2 5045/20/2 5048/20/2
f 5048/20/2 5045/20/2 5049/20/2
f 5014/20/2 5026/20/2 5050/20/2
f 5026/20/2 5040/20/2 5050/20/2
f 5050/20/2 5040/20/2 5051/20/2
f 5051/20/2 5040/20/2 5052/20/2
f 5052/20/2 5040/20/2 5053/20/2
f 5041/20/2 5034/20/2 5054/20/2
f 5034/21/2 5046/21/2 5054/21/2
f 5046/20/2 5047/20/2 5055/20/2
f 5054/21/2 5046/21/2 5055/21/2
f 5037/20/2 5032/20/2 5056/20/2
f 5056/20/2 5032/20/2 5057/20/2
f 5048/21/2 5049/21/2 5058/21/2
f 5039/20/2 5048/20/2 5058/20/2
f 5049/20/2 5045/20/2 5059/20/2
f 5058/21/2 5049/21/2 5059/21/2
f 4999/20/2 4983/20/2 5060/20/2
f 4983/20/2 4702/20/2 5060/20/2
f 5060/20/2 4702/20/2 5061/20/2
f 5053/20/2 5040/20/2 5062/20/2
f 5040/21/2 5041/21/2 5062/21/2
f 5041/20/2 5054/20/2 5063/20/2
f 5062/21/2 5041/21/2 5063/21/2
f 5054/20/2 5055/20/2 5063/20/2
f 5047/20/2 5036/20/2 5064/20/2
f 5063/20/2 5055/20/2 5064/20/2
f 5055/20/2 5047/20/2 5064/20/2
f 5036/21/2 5037/21/2 5064/21/2
f 5037/20/2 5056/20/2 5065/20/2
f 5064/21/2 5037/21/2 5065/21/2
f 5059/20/2 5045/20/2 5066/20/2
f 5058/20/2 5059/20/2 5066/20/2
f 5045/20/2 4998/20/2 5066/20/2
f 4998/21/2 4999/21/2 5067/21/2
f 5066/20/2 4998/20/2 5067/20/2
f 5014/20/2 5050/20/2 5068/20/2
f 5050/21/2 5051/21/2 5068/21/2
f 5051/20/2 5052/20/2 5069/20/2
f 5068/21/2 5051/21/2 5069/21/2
f 5069/20/2 5052/20/2 5070/20/2
f 5070/20/2 5052/20/2 5071/20/2
f 5043/20/2 5038/20/2 5072/20/2
f 5042/20/2 5043/20/2 5072/20/2
f 5038/21/2 5039/21/2 5072/21/2
f 5072/21/2 5039/21/2 5073/21/2
f 5073/21/2 5039/21/2 5074/21/2
f 5058/20/2 5066/20/2 5075/20/2
f 5074/21/2 5039/21/2 5075/21/2
f 5039/20/2 5058/20/2 5075/20/2
f 5066/21/2 5067/21/2 5076/21/2
f 5075/20/2 5066/20/2 5076/20/2
f 5067/21/2 4999/21/2 5077/21/2
f 5076/21/2 5067/21/2 5077/21/2
f 5065/20/2 5056/20/2 5078/20/2
f 5064/20/2 5065/20/2 5078/20/2
f 5062/20/2 5063/20/2 5078/20/2
f 5063/20/2 5064/20/2 5078/20/2
f 5056/21/2 5057/21/2 5078/21/2
f 5057/20/2 5032/20/2 5079/20/2
f 5078/21/2 5057/21/2 5079/21/2
f 5079/20/2 5032/20/2 5080/20/2
f 5032/21/2 5033/21/2 5081/21/2
f 5080/20/2 5032/20/2 5081/20/2
f 5060/21/2 5061/21/2 5082/21/2
f 4999/20/2 5060/20/2 5082/20/2
f 5082/21/2 5061/21/2 5083/21/2
f 5071/20/2 5052/20/2 5084/20/2
f 5052/21/2 5053/21/2 5084/21/2
f 5079/20/2 5080/20/2 5085/20/2
f 5084/21/2 5053/21/2 5085/21/2
f 5053/20/2 5062/20/2 5085/20/2
f 5062/20/2 5078/20/2 5085/20/2
f 5078/20/2 5079/20/2 5085/20/2
f 5080/21/2 5081/21/2 5086/21/2
f 5085/20/2 5080/20/2 5086/20/2
f 5081/21/2 5033/21/2 5087/21/2
f 5086/21/2 5081/21/2 5087/21/2
f 5042/20/2 5072/20/2 5087/20/2
f 5072/20/2 5073/20/2 5087/20/2
f 5033/20/2 5042/20/2 5087/20/2
f 5073/21/2 5074/21/2 5088/21/2
f 5087/20/2 5073/20/2 5088/20/2
f 5076/20/2 5077/20/2 5089/20/2
f 5088/21/2 5074/21/2 5089/21/2
f 5074/20/2 5075/20/2 5089/20/2
f 5075/20/2 5076/20/2 5089/20/2
f 5077/21/2 4999/21/2 5090/21/2
f 5089/20/2 5077/20/2 5090/20/2
f 4999/20/2 5082/20/2 5091/20/2
f 5090/21/2 4999/21/2 5091/21/2
f 5082/20/2 5083/20/2 5091/20/2
f 5086/20/2 5087/20/2 5092/20/2
f 5088/20/2 5089/20/2 5092/20/2
f 5090/20/2 5091/20/2 5092/20/2
f 5089/20/2 5090/20/2 5092/20/2
f 5085/20/2 5086/20/2 5092/20/2
f 5087/20/2 5088/20/2 5092/20/2
f 5084/20/2 5085/20/2 5092/20/2
f 5071/20/2 5084/20/2 5092/20/2
f 5092/20/2 5091/20/2 5093/20/2
f 5070/21/2 5071/21/2 5094/21/2
f 5068/20/2 5069/20/2 5094/20/2
f 5069/20/2 5070/20/2 5094/20/2
f 5071/20/2 5092/20/2 5095/20/2
f 5094/21/2 5071/21/2 5095/21/2
f 5092/21/2 5093/21/2 5096/21/2
f 5095/20/2 5092/20/2 5096/20/2
f 5093/20/2 5091/20/2 5097/20/2
f 5096/21/2 5093/21/2 5097/21/2
f 4701/20/2 5014/20/2 5098/20/2
f 5095/20/2 5096/20/2 5098/20/2
f 5096/20/2 5097/20/2 5098/20/2
f 5014/20/2 5068/20/2 5098/20/2
f 5068/20/2 5094/20/2 5098/20/2
f 5094/20/2 5095/20/2 5098/20/2
f 5097/20/2 5091/20/2 5099/20/2
f 5098/20/2 5097/20/2 5099/20/2
f 5091/20/2 5083/20/2 5099/20/2
f 5100/27/2 5101/27/2 5104/27/2
f 5104/27/2 5101/27/2 5105/27/2
f 5102/27/2 5103/27/2 5106/27/2
f 5106/27/2 5103/27/2 5107/27/2
f 5108/26/2 5109/26/2 5110/26/2
f 5110/26/2 5109/26/2 5111/26/2
f 5112/26/2 5113/26/2 5114/26/2
f 5114/26/2 5113/26/2 5115/26/2
f 5116/26/2 5117/26/2 5118/26/2
f 5118/26/2 5117/26/2 5119/26/2
f 5120/28/2 5121/28/2 5122/28/2
f 5122/28/2 5121/28/2 5123/28/2
f 5126/28/3 5125/28/3 5124/28/3
f 5127/28/3 5125/28/3 5126/28/3
f 5130/26/3 5129/26/3 5128/26/3
f 5131/26/3 5129/26/3 5130/26/3
f 5136/26/3 5133/26/3 5132/26/3
f 5137/26/3 5133/26/3 5136/26/3
f 5138/18/3 5137/18/3 5136/18/3
f 5139/18/3 5137/18/3 5138/18/3
f 5142/18/3 5141/18/3 5140/18/3
f 5143/18/3 5141/18/3 5142/18/3
f 5144/18/3 5142/18/3 5140/18/3
f 5144/6/3 5143/6/3 5142/6/3
f 5145/18/3 5141/18/3 5143/18/3
f 5145/6/3 5143/6/3 5144/6/3
f 5146/18/3 5144/18/3 5140/18/3
f 5146/18/3 5145/18/3 5144/18/3
f 5147/18/3 5141/18/3 5145/18/3
f 5147/18/3 5145/18/3 5146/18/3
f 5150/18/3 5149/18/3 5148/18/3
f 5151/18/3 5149/18/3 5150/18/3
f 5152/26/3 5151/26/3 5150/26/3
f 5153/26/3 5151/26/3 5152/26/3
f 5154/26/3 5135/26/3 5134/26/3
f 5155/26/3 5135/26/3 5154/26/3
f 5160/26/3 5157/26/3 5156/26/3
f 5161/26/3 5157/26/3 5160/26/3
f 5162/26/3 5159/26/3 5158/26/3
f 5163/26/3 5159/26/3 5162/26/3
f 5167/26/3 5159/26/3 5163/26/3
f 5168/26/3 5159/26/3 5167/26/3
f 5180/21/3 5166/21/3 5165/21/3
f 5180/20/3 5167/20/3 5166/20/3
f 5180/20/3 5168/20/3 5167/20/3
f 5180/20/3 5169/20/3 5168/20/3
f 5181/20/3 5169/20/3 5180/20/3
f 5182/21/3 5170/21/3 5169/21/3
f 5182/20/3 5169/20/3 5181/20/3
f 5183/20/3 5171/20/3 5170/20/3
f 5183/21/3 5170/21/3 5182/21/3
f 5184/21/3 5172/21/3 5171/21/3
f 5184/20/3 5171/20/3 5183/20/3
f 5185/20/3 5173/20/3 5172/20/3
f 5185/21/3 5172/21/3 5184/21/3
f 5186/21/3 5176/21/3 5175/21/3
f 5186/20/3 5175/20/3 5174/20/3
f 5187/20/3 5177/20/3 5176/20/3
f 5187/21/3 5176/21/3 5186/21/3
f 5188/21/3 5178/21/3 5177/21/3
f 5188/20/3 5177/20/3 5187/20/3
f 5189/20/3 5179/20/3 5178/20/3
f 5189/21/3 5178/21/3 5188/21/3
f 5190/20/3 5165/20/3 5164/20/3
f 5191/20/3 5165/20/3 5190/20/3
f 5192/21/3 5181/21/3 5180/21/3
f 5192/20/3 5165/20/3 5191/20/3
f 5192/21/3 5180/21/3 5165/21/3
f 5193/21/3 5181/21/3 5192/21/3
f 5194/20/3 5182/20/3 5181/20/3
f 5194/21/3 5181/21/3 5193/21/3
f 5194/20/3 5183/20/3 5182/20/3
f 5194/20/3 5184/20/3 5183/20/3
f 5194/20/3 5185/20/3 5184/20/3
f 5195/20/3 5185/20/3 5194/20/3
f 5196/20/3 5185/20/3 5195/20/3
f 5197/20/3 5185/20/3 5196/20/3
f 5198/20/3 5185/20/3 5197/20/3
f 5199/20/3 5185/20/3 5198/20/3
f 5200/20/3 5188/20/3 5187/20/3
f 5200/20/3 5187/20/3 5186/20/3
f 5200/20/3 5189/20/3 5188/20/3
f 5201/20/3 5179/20/3 5189/20/3
f 5201/20/3 5189/20/3 5200/20/3
f 5202/20/3 5193/20/3 5192/20/3
f 5202/20/3 5192/20/3 5191/20/3
f 5203/20/3 5193/20/3 5202/20/3
f 5204/20/3 5193/20/3 5203/20/3
f 5205/20/3 5193/20/3 5204/20/3
f 5206/21/3 5194/21/3 5193/21/3
f 5206/20/3 5193/20/3 5205/20/3
f 5206/21/3 5195/21/3 5194/21/3
f 5207/20/3 5196/20/3 5195/20/3
f 5207/21/3 5195/21/3 5206/21/3
f 5208/20/3 5196/20/3 5207/20/3
f 5209/20/3 5196/20/3 5208/20/3
f 5210/21/3 5197/21/3 5196/21/3
f 5210/20/3 5196/20/3 5209/20/3
f 5211/20/3 5198/20/3 5197/20/3
f 5211/21/3 5197/21/3 5210/21/3
f 5212/21/3 5199/21/3 5198/21/3
f 5212/20/3 5198/20/3 5211/20/3
f 5213/20/3 5185/20/3 5199/20/3
f 5213/21/3 5199/21/3 5212/21/3
f 5214/20/3 5200/20/3 5186/20/3
f 5214/20/3 5186/20/3 5174/20/3
f 5214/21/3 5174/21/3 5173/21/3
f 5215/20/3 5200/20/3 5214/20/3
f 5216/20/3 5200/20/3 5215/20/3
f 5217/20/3 5200/20/3 5216/20/3
f 5218/20/3 5200/20/3 5217/20/3
f 5219/20/3 5200/20/3 5218/20/3
f 5220/20/3 5200/20/3 5219/20/3
f 5221/20/3 5200/20/3 5220/20/3
f 5222/21/3 5191/21/3 5190/21/3
f 5222/20/3 5190/20/3 5164/20/3
f 5223/20/3 5202/20/3 5191/20/3
f 5223/21/3 5191/21/3 5222/21/3
f 5224/21/3 5205/21/3 5204/21/3
f 5224/20/3 5204/20/3 5203/20/3
f 5225/20/3 5208/20/3 5207/20/3
f 5225/21/3 5205/21/3 5224/21/3
f 5225/20/3 5206/20/3 5205/20/3
f 5225/20/3 5207/20/3 5206/20/3
f 5226/20/3 5212/20/3 5211/20/3
f 5226/20/3 5211/20/3 5210/20/3
f 5226/20/3 5213/20/3 5212/20/3
f 5226/20/3 5210/20/3 5209/20/3
f 5227/20/3 5213/20/3 5226/20/3
f 5228/21/3 5214/21/3 5173/21/3
f 5228/21/3 5215/21/3 5214/21/3
f 5229/20/3 5216/20/3 5215/20/3
f 5229/21/3 5215/21/3 5228/21/3
f 5230/21/3 5217/21/3 5216/21/3
f 5230/20/3 5216/20/3 5229/20/3
f 5231/20/3 5218/20/3 5217/20/3
f 5231/21/3 5217/21/3 5230/21/3
f 5232/21/3 5219/21/3 5218/21/3
f 5232/20/3 5218/20/3 5231/20/3
f 5233/20/3 5220/20/3 5219/20/3
f 5233/21/3 5219/21/3 5232/21/3
f 5234/20/3 5200/20/3 5221/20/3
f 5235/20/3 5200/20/3 5234/20/3
f 5236/20/3 5202/20/3 5223/20/3
f 5236/20/3 5223/20/3 5222/20/3
f 5236/21/3 5203/21/3 5202/21/3
f 5237/20/3 5225/20/3 5224/20/3
f 5237/21/3 5203/21/3 5236/21/3
f 5237/20/3 5224/20/3 5203/20/3
f 5238/20/3 5208/20/3 5225/20/3
f 5238/20/3 5225/20/3 5237/20/3
f 5238/21/3 5209/21/3 5208/21/3
f 5239/20/3 5226/20/3 5209/20/3
f 5239/21/3 5209/21/3 5238/21/3
f 5240/21/3 5227/21/3 5226/21/3
f 5240/20/3 5226/20/3 5239/20/3
f 5241/20/3 5213/20/3 5227/20/3
f 5241/21/3 5227/21/3 5240/21/3
f 5242/20/3 5213/20/3 5241/20/3
f 5243/20/3 5185/20/3 5213/20/3
f 5243/20/3 5213/20/3 5242/20/3
f 5243/20/3 5173/20/3 5185/20/3
f 5243/21/3 5228/21/3 5173/21/3
f 5244/20/3 5230/20/3 5229/20/3
f 5244/21/3 5228/21/3 5243/21/3
f 5244/20/3 5229/20/3 5228/20/3
f 5244/20/3 5233/20/3 5232/20/3
f 5244/20/3 5232/20/3 5231/20/3
f 5244/20/3 5231/20/3 5230/20/3
f 5245/20/3 5234/20/3 5221/20/3
f 5246/20/3 5234/20/3 5245/20/3
f 5247/20/3 5200/20/3 5235/20/3
f 5248/20/3 5200/20/3 5247/20/3
f 5249/20/3 5237/20/3 5236/20/3
f 5249/20/3 5236/20/3 5222/20/3
f 5249/20/3 5241/20/3 5240/20/3
f 5249/20/3 5239/20/3 5238/20/3
f 5249/20/3 5240/20/3 5239/20/3
f 5249/20/3 5238/20/3 5237/20/3
f 5249/20/3 5222/20/3 5164/20/3
f 5250/20/3 5241/20/3 5249/20/3
f 5251/20/3 5241/20/3 5250/20/3
f 5252/20/3 5241/20/3 5251/20/3
f 5253/21/3 5242/21/3 5241/21/3
f 5253/20/3 5241/20/3 5252/20/3
f 5254/20/3 5243/20/3 5242/20/3
f 5254/21/3 5242/21/3 5253/21/3
f 5254/20/3 5244/20/3 5243/20/3
f 5255/20/3 5220/20/3 5233/20/3
f 5255/20/3 5244/20/3 5254/20/3
f 5255/20/3 5233/20/3 5244/20/3
f 5256/20/3 5220/20/3 5255/20/3
f 5257/21/3 5221/21/3 5220/21/3
f 5257/20/3 5220/20/3 5256/20/3
f 5258/20/3 5245/20/3 5221/20/3
f 5258/21/3 5221/21/3 5257/21/3
f 5259/20/3 5234/20/3 5246/20/3
f 5259/21/3 5235/21/3 5234/21/3
f 5260/20/3 5247/20/3 5235/20/3
f 5260/21/3 5235/21/3 5259/21/3
f 5261/20/3 5200/20/3 5248/20/3
f 5262/20/3 5200/20/3 5261/20/3
f 5263/21/3 5201/21/3 5200/21/3
f 5263/20/3 5200/20/3 5262/20/3
f 5264/20/3 5179/20/3 5201/20/3
f 5264/21/3 5201/21/3 5263/21/3
f 5265/20/3 5253/20/3 5252/20/3
f 5265/20/3 5254/20/3 5253/20/3
f 5265/20/3 5255/20/3 5254/20/3
f 5266/20/3 5255/20/3 5265/20/3
f 5267/20/3 5255/20/3 5266/20/3
f 5268/20/3 5255/20/3 5267/20/3
f 5269/21/3 5246/21/3 5245/21/3
f 5269/20/3 5257/20/3 5256/20/3
f 5269/20/3 5245/20/3 5258/20/3
f 5269/20/3 5258/20/3 5257/20/3
f 5270/20/3 5259/20/3 5246/20/3
f 5270/21/3 5246/21/3 5269/21/3
f 5270/20/3 5260/20/3 5259/20/3
f 5271/20/3 5247/20/3 5260/20/3
f 5271/20/3 5260/20/3 5270/20/3
f 5272/21/3 5248/21/3 5247/21/3
f 5272/20/3 5247/20/3 5271/20/3
f 5273/21/3 5252/21/3 5251/21/3
f 5273/20/3 5251/20/3 5250/20/3
f 5274/20/3 5265/20/3 5252/20/3
f 5274/21/3 5252/21/3 5273/21/3
f 5275/20/3 5265/20/3 5274/20/3
f 5276/20/3 5265/20/3 5275/20/3
f 5277/20/3 5255/20/3 5268/20/3
f 5277/21/3 5256/21/3 5255/21/3
f 5278/20/3 5270/20/3 5269/20/3
f 5278/21/3 5256/21/3 5277/21/3
f 5278/20/3 5271/20/3 5270/20/3
f 5278/20/3 5269/20/3 5256/20/3
f 5279/21/3 5248/21/3 5272/21/3
f 5279/21/3 5272/21/3 5271/21/3
f 5280/20/3 5261/20/3 5248/20/3
f 5280/21/3 5248/21/3 5279/21/3
f 5281/21/3 5250/21/3 5249/21/3
f 5281/20/3 5249/20/3 5164/20/3
f 5282/20/3 5275/20/3 5274/20/3
f 5282/21/3 5250/21/3 5281/21/3
f 5282/20/3 5274/20/3 5273/20/3
f 5282/20/3 5273/20/3 5250/20/3
f 5283/20/3 5275/20/3 5282/20/3
f 5284/20/3 5275/20/3 5283/20/3
f 5285/20/3 5275/20/3 5284/20/3
f 5286/20/3 5275/20/3 5285/20/3
f 5287/21/3 5276/21/3 5275/21/3
f 5287/20/3 5275/20/3 5286/20/3
f 5288/20/3 5265/20/3 5276/20/3
f 5288/21/3 5276/21/3 5287/21/3
f 5289/21/3 5266/21/3 5265/21/3
f 5289/20/3 5265/20/3 5288/20/3
f 5290/20/3 5267/20/3 5266/20/3
f 5290/21/3 5266/21/3 5289/21/3
f 5291/21/3 5262/21/3 5261/21/3
f 5291/20/3 5261/20/3 5280/20/3
f 5291/20/3 5280/20/3 5279/20/3
f 5292/20/3 5264/20/3 5263/20/3
f 5292/21/3 5262/21/3 5291/21/3
f 5292/20/3 5263/20/3 5262/20/3
f 5293/20/3 5287/20/3 5286/20/3
f 5293/20/3 5289/20/3 5288/20/3
f 5293/20/3 5288/20/3 5287/20/3
f 5293/20/3 5290/20/3 5289/20/3
f 5294/20/3 5290/20/3 5293/20/3
f 5295/20/3 5290/20/3 5294/20/3
f 5296/20/3 5290/20/3 5295/20/3
f 5297/20/3 5267/20/3 5290/20/3
f 5297/20/3 5290/20/3 5296/20/3
f 5297/21/3 5268/21/3 5267/21/3
f 5298/20/3 5277/20/3 5268/20/3
f 5298/21/3 5268/21/3 5297/21/3
f 5298/20/3 5278/20/3 5277/20/3
f 5299/20/3 5283/20/3 5282/20/3
f 5299/20/3 5282/20/3 5281/20/3
f 5300/20/3 5283/20/3 5299/20/3
f 5301/21/3 5294/21/3 5293/21/3
f 5301/20/3 5293/20/3 5286/20/3
f 5302/20/3 5295/20/3 5294/20/3
f 5302/21/3 5294/21/3 5301/21/3
f 5303/20/3 5295/20/3 5302/20/3
f 5304/21/3 5296/21/3 5295/21/3
f 5304/20/3 5295/20/3 5303/20/3
f 5305/20/3 5297/20/3 5296/20/3
f 5305/21/3 5296/21/3 5304/21/3
f 5305/20/3 5298/20/3 5297/20/3
f 5306/20/3 5278/20/3 5298/20/3
f 5306/20/3 5298/20/3 5305/20/3
f 5307/20/3 5278/20/3 5306/20/3
f 5308/20/3 5271/20/3 5278/20/3
f 5308/20/3 5278/20/3 5307/20/3
f 5309/20/3 5271/20/3 5308/20/3
f 5310/21/3 5279/21/3 5271/21/3
f 5310/20/3 5271/20/3 5309/20/3
f 5311/20/3 5291/20/3 5279/20/3
f 5311/21/3 5279/21/3 5310/21/3
f 5311/20/3 5292/20/3 5291/20/3
f 5312/20/3 5281/20/3 5164/20/3
f 5312/20/3 5299/20/3 5281/20/3
f 5313/20/3 5299/20/3 5312/20/3
f 5314/21/3 5286/21/3 5285/21/3
f 5314/20/3 5285/20/3 5284/20/3
f 5315/20/3 5301/20/3 5286/20/3
f 5315/21/3 5286/21/3 5314/21/3
f 5315/20/3 5302/20/3 5301/20/3
f 5316/20/3 5304/20/3 5303/20/3
f 5316/20/3 5305/20/3 5304/20/3
f 5316/20/3 5306/20/3 5305/20/3
f 5317/20/3 5306/20/3 5316/20/3
f 5318/20/3 5308/20/3 5307/20/3
f 5319/20/3 5308/20/3 5318/20/3
f 5320/20/3 5299/20/3 5313/20/3
f 5320/21/3 5300/21/3 5299/21/3
f 5321/20/3 5283/20/3 5300/20/3
f 5321/21/3 5300/21/3 5320/21/3
f 5322/20/3 5302/20/3 5315/20/3
f 5322/20/3 5315/20/3 5314/20/3
f 5323/21/3 5303/21/3 5302/21/3
f 5323/20/3 5302/20/3 5322/20/3
f 5324/20/3 5316/20/3 5303/20/3
f 5324/21/3 5303/21/3 5323/21/3
f 5325/20/3 5316/20/3 5324/20/3
f 5326/20/3 5316/20/3 5325/20/3
f 5327/21/3 5317/21/3 5316/21/3
f 5327/20/3 5316/20/3 5326/20/3
f 5328/20/3 5306/20/3 5317/20/3
f 5328/21/3 5317/21/3 5327/21/3
f 5329/21/3 5307/21/3 5306/21/3
f 5329/20/3 5306/20/3 5328/20/3
f 5330/20/3 5318/20/3 5307/20/3
f 5330/21/3 5307/21/3 5329/21/3
f 5331/20/3 5292/20/3 5311/20/3
f 5331/20/3 5310/20/3 5309/20/3
f 5331/20/3 5311/20/3 5310/20/3
f 5332/20/3 5292/20/3 5331/20/3
f 5333/20/3 5264/20/3 5292/20/3
f 5333/20/3 5292/20/3 5332/20/3
f 5334/20/3 5264/20/3 5333/20/3
f 5335/20/3 5321/20/3 5320/20/3
f 5335/20/3 5320/20/3 5313/20/3
f 5335/21/3 5313/21/3 5312/21/3
f 5336/20/3 5321/20/3 5335/20/3
f 5337/20/3 5325/20/3 5324/20/3
f 5337/20/3 5324/20/3 5323/20/3
f 5338/20/3 5325/20/3 5337/20/3
f 5339/20/3 5328/20/3 5327/20/3
f 5339/20/3 5318/20/3 5330/20/3
f 5339/20/3 5330/20/3 5329/20/3
f 5339/20/3 5327/20/3 5326/20/3
f 5339/21/3 5319/21/3 5318/21/3
f 5339/20/3 5329/20/3 5328/20/3
f 5340/20/3 5308/20/3 5319/20/3
f 5340/21/3 5319/21/3 5339/21/3
f 5341/21/3 5309/21/3 5308/21/3
f 5341/20/3 5308/20/3 5340/20/3
f 5342/20/3 5331/20/3 5309/20/3
f 5342/21/3 5309/21/3 5341/21/3
f 5343/21/3 5335/21/3 5312/21/3
f 5343/21/3 5336/21/3 5335/21/3
f 5344/20/3 5321/20/3 5336/20/3
f 5344/21/3 5336/21/3 5343/21/3
f 5345/20/3 5283/20/3 5321/20/3
f 5345/20/3 5321/20/3 5344/20/3
f 5345/21/3 5284/21/3 5283/21/3
f 5346/20/3 5322/20/3 5314/20/3
f 5346/21/3 5284/21/3 5345/21/3
f 5346/20/3 5314/20/3 5284/20/3
f 5347/21/3 5323/21/3 5322/21/3
f 5347/20/3 5322/20/3 5346/20/3
f 5348/20/3 5337/20/3 5323/20/3
f 5348/21/3 5323/21/3 5347/21/3
f 5349/20/3 5340/20/3 5339/20/3
f 5349/20/3 5342/20/3 5341/20/3
f 5349/20/3 5339/20/3 5326/20/3
f 5349/20/3 5341/20/3 5340/20/3
f 5350/20/3 5342/20/3 5349/20/3
f 5351/20/3 5325/20/3 5338/20/3
f 5351/21/3 5326/21/3 5325/21/3
f 5352/20/3 5349/20/3 5326/20/3
f 5352/21/3 5326/21/3 5351/21/3
f 5353/21/3 5350/21/3 5349/21/3
f 5353/20/3 5349/20/3 5352/20/3
f 5354/20/3 5342/20/3 5350/20/3
f 5354/21/3 5350/21/3 5353/21/3
f 5355/21/3 5332/21/3 5331/21/3
f 5355/20/3 5342/20/3 5354/20/3
f 5355/20/3 5331/20/3 5342/20/3
f 5356/20/3 5333/20/3 5332/20/3
f 5356/21/3 5332/21/3 5355/21/3
f 5357/21/3 5334/21/3 5333/21/3
f 5357/20/3 5333/20/3 5356/20/3
f 5358/20/3 5264/20/3 5334/20/3
f 5358/21/3 5334/21/3 5357/21/3
f 5359/20/3 5264/20/3 5358/20/3
f 5360/20/3 5179/20/3 5264/20/3
f 5360/20/3 5264/20/3 5359/20/3
f 5361/20/3 5344/20/3 5343/20/3
f 5361/20/3 5347/20/3 5346/20/3
f 5361/20/3 5348/20/3 5347/20/3
f 5361/20/3 5345/20/3 5344/20/3
f 5361/20/3 5346/20/3 5345/20/3
f 5362/20/3 5348/20/3 5361/20/3
f 5363/20/3 5353/20/3 5352/20/3
f 5363/20/3 5359/20/3 5358/20/3
f 5363/20/3 5358/20/3 5357/20/3
f 5363/20/3 5354/20/3 5353/20/3
f 5363/20/3 5356/20/3 5355/20/3
f 5363/20/3 5352/20/3 5351/20/3
f 5363/20/3 5357/20/3 5356/20/3
f 5363/20/3 5355/20/3 5354/20/3
f 5364/20/3 5359/20/3 5363/20/3
f 5365/20/3 5359/20/3 5364/20/3
f 5366/20/3 5359/20/3 5365/20/3
f 5367/21/3 5360/21/3 5359/21/3
f 5367/20/3 5359/20/3 5366/20/3
f 5368/20/3 5179/20/3 5360/20/3
f 5368/21/3 5360/21/3 5367/21/3
f 5369/20/3 5348/20/3 5362/20/3
f 5370/20/3 5348/20/3 5369/20/3
f 5371/20/3 5337/20/3 5348/20/3
f 5371/20/3 5348/20/3 5370/20/3
f 5372/20/3 5337/20/3 5371/20/3
f 5373/20/3 5365/20/3 5364/20/3
f 5374/20/3 5365/20/3 5373/20/3
f 5375/21/3 5362/21/3 5361/21/3
f 5375/20/3 5361/20/3 5343/20/3
f 5376/20/3 5369/20/3 5362/20/3
f 5376/21/3 5362/21/3 5375/21/3
f 5377/20/3 5369/20/3 5376/20/3
f 5378/20/3 5369/20/3 5377/20/3
f 5379/21/3 5370/21/3 5369/21/3
f 5379/20/3 5369/20/3 5378/20/3
f 5380/20/3 5371/20/3 5370/20/3
f 5380/21/3 5370/21/3 5379/21/3
f 5381/21/3 5338/21/3 5337/21/3
f 5381/20/3 5337/20/3 5372/20/3
f 5382/20/3 5351/20/3 5338/20/3
f 5382/21/3 5338/21/3 5381/21/3
f 5382/20/3 5363/20/3 5351/20/3
f 5383/20/3 5373/20/3 5364/20/3
f 5384/20/3 5373/20/3 5383/20/3
f 5385/21/3 5374/21/3 5373/21/3
f 5385/20/3 5373/20/3 5384/20/3
f 5386/20/3 5365/20/3 5374/20/3
f 5386/21/3 5374/21/3 5385/21/3
f 5387/20/3 5371/20/3 5380/20/3
f 5387/20/3 5380/20/3 5379/20/3
f 5387/20/3 5379/20/3 5378/20/3
f 5388/20/3 5371/20/3 5387/20/3
f 5389/21/3 5372/21/3 5371/21/3
f 5389/20/3 5371/20/3 5388/20/3
f 5390/20/3 5381/20/3 5372/20/3
f 5390/21/3 5372/21/3 5389/21/3
f 5390/20/3 5382/20/3 5381/20/3
f 5391/20/3 5363/20/3 5382/20/3
f 5391/20/3 5382/20/3 5390/20/3
f 5392/20/3 5363/20/3 5391/20/3
f 5393/20/3 5363/20/3 5392/20/3
f 5394/20/3 5363/20/3 5393/20/3
f 5395/20/3 5365/20/3 5386/20/3
f 5395/20/3 5385/20/3 5384/20/3
f 5395/21/3 5366/21/3 5365/21/3
f 5395/20/3 5386/20/3 5385/20/3
f 5396/21/3 5366/21/3 5395/21/3
f 5397/20/3 5367/20/3 5366/20/3
f 5397/21/3 5366/21/3 5396/21/3
f 5397/20/3 5368/20/3 5367/20/3
f 5398/20/3 5368/20/3 5397/20/3
f 5399/20/3 5389/20/3 5388/20/3
f 5399/20/3 5390/20/3 5389/20/3
f 5399/20/3 5391/20/3 5390/20/3
f 5400/20/3 5391/20/3 5399/20/3
f 5401/20/3 5391/20/3 5400/20/3
f 5402/20/3 5391/20/3 5401/20/3
f 5403/20/3 5377/20/3 5376/20/3
f 5403/20/3 5375/20/3 5343/20/3
f 5403/20/3 5376/20/3 5375/20/3
f 5404/20/3 5377/20/3 5403/20/3
f 5405/21/3 5388/21/3 5387/21/3
f 5405/20/3 5387/20/3 5378/20/3
f 5406/20/3 5399/20/3 5388/20/3
f 5406/21/3 5388/21/3 5405/21/3
f 5407/20/3 5396/20/3 5395/20/3
f 5407/20/3 5395/20/3 5384/20/3
f 5408/20/3 5396/20/3 5407/20/3
f 5409/20/3 5396/20/3 5408/20/3
f 5410/20/3 5396/20/3 5409/20/3
f 5411/20/3 5399/20/3 5406/20/3
f 5411/20/3 5406/20/3 5405/20/3
f 5412/21/3 5400/21/3 5399/21/3
f 5412/20/3 5399/20/3 5411/20/3
f 5413/21/3 5402/21/3 5401/21/3
f 5413/20/3 5401/20/3 5400/20/3
f 5414/20/3 5391/20/3 5402/20/3
f 5414/21/3 5402/21/3 5413/21/3
f 5415/20/3 5391/20/3 5414/20/3
f 5416/20/3 5391/20/3 5415/20/3
f 5417/21/3 5384/21/3 5383/21/3
f 5417/20/3 5383/20/3 5364/20/3
f 5418/20/3 5407/20/3 5384/20/3
f 5418/21/3 5384/21/3 5417/21/3
f 5419/20/3 5396/20/3 5410/20/3
f 5419/21/3 5398/21/3 5397/21/3
f 5419/21/3 5397/21/3 5396/21/3
f 5420/20/3 5368/20/3 5398/20/3
f 5420/21/3 5398/21/3 5419/21/3
f 5421/21/3 5394/21/3 5393/21/3
f 5421/20/3 5393/20/3 5392/20/3
f 5422/20/3 5363/20/3 5394/20/3
f 5422/21/3 5394/21/3 5421/21/3
f 5423/20/3 5407/20/3 5418/20/3
f 5423/20/3 5418/20/3 5417/20/3
f 5423/21/3 5408/21/3 5407/21/3
f 5424/20/3 5409/20/3 5408/20/3
f 5424/21/3 5408/21/3 5423/21/3
f 5425/21/3 5410/21/3 5409/21/3
f 5425/20/3 5409/20/3 5424/20/3
f 5426/20/3 5420/20/3 5419/20/3
f 5426/21/3 5410/21/3 5425/21/3
f 5426/20/3 5419/20/3 5410/20/3
f 5427/20/3 5391/20/3 5416/20/3
f 5427/21/3 5392/21/3 5391/21/3
f 5428/20/3 5421/20/3 5392/20/3
f 5428/21/3 5392/21/3 5427/21/3
f 5428/20/3 5422/20/3 5421/20/3
f 5429/20/3 5422/20/3 5428/20/3
f 5430/20/3 5363/20/3 5422/20/3
f 5430/20/3 5422/20/3 5429/20/3
f 5431/20/3 5405/20/3 5378/20/3
f 5431/20/3 5411/20/3 5405/20/3
f 5432/20/3 5411/20/3 5431/20/3
f 5433/21/3 5412/21/3 5411/21/3
f 5433/20/3 5411/20/3 5432/20/3
f 5434/21/3 5400/21/3 5412/21/3
f 5434/21/3 5412/21/3 5433/21/3
f 5435/20/3 5413/20/3 5400/20/3
f 5435/20/3 5414/20/3 5413/20/3
f 5435/20/3 5415/20/3 5414/20/3
f 5436/20/3 5415/20/3 5435/20/3
f 5437/20/3 5429/20/3 5428/20/3
f 5437/21/3 5430/21/3 5429/21/3
f 5437/20/3 5428/20/3 5427/20/3
f 5438/20/3 5363/20/3 5430/20/3
f 5438/21/3 5430/21/3 5437/21/3
f 5439/20/3 5425/20/3 5424/20/3
f 5439/20/3 5423/20/3 5417/20/3
f 5439/20/3 5424/20/3 5423/20/3
f 5439/20/3 5426/20/3 5425/20/3
f 5439/20/3 5417/20/3 5364/20/3
f 5440/20/3 5426/20/3 5439/20/3
f 5441/20/3 5403/20/3 5343/20/3
f 5441/21/3 5404/21/3 5403/21/3
f 5442/20/3 5377/20/3 5404/20/3
f 5442/21/3 5404/21/3 5441/21/3
f 5443/21/3 5400/21/3 5434/21/3
f 5443/20/3 5433/20/3 5432/20/3
f 5443/20/3 5434/20/3 5433/20/3
f 5444/20/3 5435/20/3 5400/20/3
f 5444/21/3 5400/21/3 5443/21/3
f 5445/20/3 5415/20/3 5436/20/3
f 5446/20/3 5415/20/3 5445/20/3
f 5447/20/3 5420/20/3 5426/20/3
f 5447/20/3 5426/20/3 5440/20/3
f 5448/20/3 5420/20/3 5447/20/3
f 5449/20/3 5415/20/3 5446/20/3
f 5449/21/3 5416/21/3 5415/21/3
f 5450/20/3 5427/20/3 5416/20/3
f 5450/21/3 5416/21/3 5449/21/3
f 5450/20/3 5438/20/3 5437/20/3
f 5450/20/3 5437/20/3 5427/20/3
f 5451/20/3 5447/20/3 5440/20/3
f 5452/20/3 5447/20/3 5451/20/3
f 5453/20/3 5451/20/3 5440/20/3
f 5453/21/3 5452/21/3 5451/21/3
f 5454/20/3 5447/20/3 5452/20/3
f 5454/21/3 5452/21/3 5453/21/3
f 5455/20/3 5442/20/3 5441/20/3
f 5455/20/3 5441/20/3 5343/20/3
f 5456/20/3 5377/20/3 5442/20/3
f 5456/20/3 5442/20/3 5455/20/3
f 5457/21/3 5432/21/3 5431/21/3
f 5457/20/3 5431/20/3 5378/20/3
f 5458/20/3 5443/20/3 5432/20/3
f 5458/21/3 5432/21/3 5457/21/3
f 5458/20/3 5444/20/3 5443/20/3
f 5459/20/3 5438/20/3 5450/20/3
f 5459/20/3 5450/20/3 5449/20/3
f 5460/20/3 5363/20/3 5438/20/3
f 5460/20/3 5438/20/3 5459/20/3
f 5461/20/3 5368/20/3 5420/20/3
f 5461/20/3 5420/20/3 5448/20/3
f 5462/20/3 5368/20/3 5461/20/3
f 5463/20/3 5444/20/3 5458/20/3
f 5463/20/3 5458/20/3 5457/20/3
f 5464/20/3 5435/20/3 5444/20/3
f 5464/20/3 5444/20/3 5463/20/3
f 5465/21/3 5446/21/3 5445/21/3
f 5465/20/3 5445/20/3 5436/20/3
f 5466/20/3 5449/20/3 5446/20/3
f 5466/21/3 5446/21/3 5465/21/3
f 5466/20/3 5459/20/3 5449/20/3
f 5467/21/3 5378/21/3 5377/21/3
f 5467/20/3 5377/20/3 5456/20/3
f 5468/20/3 5463/20/3 5457/20/3
f 5468/21/3 5378/21/3 5467/21/3
f 5468/20/3 5457/20/3 5378/20/3
f 5469/21/3 5464/21/3 5463/21/3
f 5469/20/3 5463/20/3 5468/20/3
f 5470/20/3 5435/20/3 5464/20/3
f 5470/21/3 5464/21/3 5469/21/3
f 5471/20/3 5469/20/3 5468/20/3
f 5471/20/3 5468/20/3 5467/20/3
f 5471/20/3 5470/20/3 5469/20/3
f 5472/20/3 5470/20/3 5471/20/3
f 5473/20/3 5435/20/3 5470/20/3
f 5473/20/3 5470/20/3 5472/20/3
f 5473/21/3 5436/21/3 5435/21/3
f 5474/20/3 5465/20/3 5436/20/3
f 5474/21/3 5436/21/3 5473/21/3
f 5474/20/3 5466/20/3 5465/20/3
f 5475/20/3 5459/20/3 5466/20/3
f 5475/20/3 5466/20/3 5474/20/3
f 5475/21/3 5460/21/3 5459/21/3
f 5476/20/3 5363/20/3 5460/20/3
f 5476/21/3 5460/21/3 5475/21/3
f 5477/20/3 5455/20/3 5343/20/3
f 5477/21/3 5456/21/3 5455/21/3
f 5478/20/3 5467/20/3 5456/20/3
f 5478/21/3 5456/21/3 5477/21/3
f 5478/20/3 5471/20/3 5467/20/3
f 5479/20/3 5473/20/3 5472/20/3
f 5479/20/3 5475/20/3 5474/20/3
f 5479/20/3 5474/20/3 5473/20/3
f 5479/20/3 5476/20/3 5475/20/3
f 5480/20/3 5476/20/3 5479/20/3
f 5481/20/3 5461/20/3 5448/20/3
f 5481/21/3 5462/21/3 5461/21/3
f 5482/20/3 5368/20/3 5462/20/3
f 5482/21/3 5462/21/3 5481/21/3
f 5483/20/3 5479/20/3 5472/20/3
f 5484/20/3 5479/20/3 5483/20/3
f 5485/21/3 5480/21/3 5479/21/3
f 5485/20/3 5479/20/3 5484/20/3
f 5486/20/3 5476/20/3 5480/20/3
f 5486/21/3 5480/21/3 5485/21/3
f 5487/20/3 5447/20/3 5454/20/3
f 5487/21/3 5448/21/3 5447/21/3
f 5487/20/3 5454/20/3 5453/20/3
f 5488/20/3 5481/20/3 5448/20/3
f 5488/21/3 5448/21/3 5487/21/3
f 5488/20/3 5482/20/3 5481/20/3
f 5489/21/3 5440/21/3 5439/21/3
f 5489/20/3 5439/20/3 5364/20/3
f 5490/20/3 5453/20/3 5440/20/3
f 5490/21/3 5440/21/3 5489/21/3
f 5490/20/3 5487/20/3 5453/20/3
f 5490/20/3 5488/20/3 5487/20/3
f 5491/20/3 5488/20/3 5490/20/3
f 5492/20/3 5488/20/3 5491/20/3
f 5493/20/3 5477/20/3 5343/20/3
f 5493/20/3 5478/20/3 5477/20/3
f 5494/20/3 5471/20/3 5478/20/3
f 5494/20/3 5478/20/3 5493/20/3
f 5494/21/3 5472/21/3 5471/21/3
f 5495/20/3 5483/20/3 5472/20/3
f 5495/21/3 5472/21/3 5494/21/3
f 5496/21/3 5484/21/3 5483/21/3
f 5496/20/3 5483/20/3 5495/20/3
f 5497/20/3 5485/20/3 5484/20/3
f 5497/21/3 5484/21/3 5496/21/3
f 5497/20/3 5486/20/3 5485/20/3
f 5498/20/3 5486/20/3 5497/20/3
f 5499/20/3 5486/20/3 5498/20/3
f 5500/20/3 5486/20/3 5499/20/3
f 5501/20/3 5491/20/3 5490/20/3
f 5501/20/3 5490/20/3 5489/20/3
f 5502/20/3 5491/20/3 5501/20/3
f 5503/21/3 5492/21/3 5491/21/3
f 5503/20/3 5491/20/3 5502/20/3
f 5504/20/3 5488/20/3 5492/20/3
f 5504/21/3 5492/21/3 5503/21/3
f 5505/20/3 5482/20/3 5488/20/3
f 5505/20/3 5488/20/3 5504/20/3
f 5506/20/3 5482/20/3 5505/20/3
f 5507/20/3 5486/20/3 5500/20/3
f 5507/20/3 5476/20/3 5486/20/3
f 5508/20/3 5476/20/3 5507/20/3
f 5509/20/3 5503/20/3 5502/20/3
f 5509/20/3 5504/20/3 5503/20/3
f 5509/20/3 5505/20/3 5504/20/3
f 5510/20/3 5505/20/3 5509/20/3
f 5511/20/3 5482/20/3 5506/20/3
f 5511/20/3 5368/20/3 5482/20/3
f 5512/20/3 5179/20/3 5368/20/3
f 5512/20/3 5368/20/3 5511/20/3
f 5513/21/3 5508/21/3 5507/21/3
f 5513/20/3 5507/20/3 5500/20/3
f 5514/20/3 5476/20/3 5508/20/3
f 5514/21/3 5508/21/3 5513/21/3
f 5515/20/3 5476/20/3 5514/20/3
f 5516/20/3 5363/20/3 5476/20/3
f 5516/20/3 5476/20/3 5515/20/3
f 5517/21/3 5502/21/3 5501/21/3
f 5517/20/3 5501/20/3 5489/20/3
f 5518/20/3 5509/20/3 5502/20/3
f 5518/21/3 5502/21/3 5517/21/3
f 5519/20/3 5505/20/3 5510/20/3
f 5520/20/3 5505/20/3 5519/20/3
f 5521/21/3 5500/21/3 5499/21/3
f 5521/20/3 5499/20/3 5498/20/3
f 5522/20/3 5513/20/3 5500/20/3
f 5522/21/3 5500/21/3 5521/21/3
f 5522/20/3 5515/20/3 5514/20/3
f 5522/20/3 5514/20/3 5513/20/3
f 5523/20/3 5515/20/3 5522/20/3
f 5524/21/3 5516/21/3 5515/21/3
f 5524/20/3 5515/20/3 5523/20/3
f 5525/20/3 5363/20/3 5516/20/3
f 5525/21/3 5516/21/3 5524/21/3
f 5526/20/3 5519/20/3 5510/20/3
f 5526/21/3 5520/21/3 5519/21/3
f 5527/20/3 5505/20/3 5520/20/3
f 5527/21/3 5520/21/3 5526/21/3
f 5528/21/3 5506/21/3 5505/21/3
f 5528/20/3 5505/20/3 5527/20/3
f 5529/20/3 5511/20/3 5506/20/3
f 5529/21/3 5506/21/3 5528/21/3
f 5530/21/3 5512/21/3 5511/21/3
f 5530/20/3 5511/20/3 5529/20/3
f 5531/20/3 5179/20/3 5512/20/3
f 5531/21/3 5512/21/3 5530/21/3
f 5532/20/3 5509/20/3 5518/20/3
f 5532/21/3 5510/21/3 5509/21/3
f 5532/20/3 5518/20/3 5517/20/3
f 5533/20/3 5528/20/3 5527/20/3
f 5533/21/3 5510/21/3 5532/21/3
f 5533/20/3 5530/20/3 5529/20/3
f 5533/20/3 5531/20/3 5530/20/3
f 5533/20/3 5526/20/3 5510/20/3
f 5533/20/3 5527/20/3 5526/20/3
f 5533/20/3 5529/20/3 5528/20/3
f 5534/20/3 5524/20/3 5523/20/3
f 5534/20/3 5525/20/3 5524/20/3
f 5535/20/3 5525/20/3 5534/20/3
f 5536/20/3 5532/20/3 5517/20/3
f 5536/20/3 5517/20/3 5489/20/3
f 5536/20/3 5533/20/3 5532/20/3
f 5537/20/3 5533/20/3 5536/20/3
f 5538/20/3 5536/20/3 5489/20/3
f 5538/21/3 5537/21/3 5536/21/3
f 5539/20/3 5533/20/3 5537/20/3
f 5539/21/3 5537/21/3 5538/21/3
f 5540/20/3 5531/20/3 5533/20/3
f 5540/20/3 5533/20/3 5539/20/3
f 5541/20/3 5531/20/3 5540/20/3
f 5542/20/3 5539/20/3 5538/20/3
f 5542/20/3 5540/20/3 5539/20/3
f 5543/20/3 5540/20/3 5542/20/3
f 5544/20/3 5531/20/3 5541/20/3
f 5545/20/3 5179/20/3 5531/20/3
f 5545/20/3 5531/20/3 5544/20/3
f 5546/21/3 5535/21/3 5534/21/3
f 5546/20/3 5534/20/3 5523/20/3
f 5547/20/3 5525/20/3 5535/20/3
f 5547/21/3 5535/21/3 5546/21/3
f 5548/20/3 5538/20/3 5489/20/3
f 5548/20/3 5542/20/3 5538/20/3
f 5549/20/3 5542/20/3 5548/20/3
f 5550/21/3 5543/21/3 5542/21/3
f 5550/20/3 5542/20/3 5549/20/3
f 5551/20/3 5540/20/3 5543/20/3
f 5551/21/3 5543/21/3 5550/21/3
f 5552/20/3 5521/20/3 5498/20/3
f 5553/20/3 5546/20/3 5523/20/3
f 5553/20/3 5547/20/3 5546/20/3
f 5554/20/3 5540/20/3 5551/20/3
f 5554/20/3 5550/20/3 5549/20/3
f 5554/21/3 5541/21/3 5540/21/3
f 5554/20/3 5551/20/3 5550/20/3
f 5555/20/3 5544/20/3 5541/20/3
f 5555/21/3 5541/21/3 5554/21/3
f 5556/21/3 5545/21/3 5544/21/3
f 5556/20/3 5544/20/3 5555/20/3
f 5557/20/3 5179/20/3 5545/20/3
f 5557/21/3 5545/21/3 5556/21/3
f 5558/20/3 5553/20/3 5552/20/3
f 5558/20/3 5547/20/3 5553/20/3
f 5559/20/3 5547/20/3 5558/20/3
f 5560/20/3 5557/20/3 5556/20/3
f 5560/20/3 5556/20/3 5555/20/3
f 5560/20/3 5554/20/3 5549/20/3
f 5560/20/3 5555/20/3 5554/20/3
f 5561/20/3 5557/20/3 5560/20/3
f 5562/20/3 5557/20/3 5561/20/3
f 5563/20/3 5557/20/3 5562/20/3
f 5567/20/3 5552/20/3 5498/20/3
f 5567/20/3 5558/20/3 5552/20/3
f 5568/21/3 5549/21/3 5548/21/3
f 5568/20/3 5548/20/3 5489/20/3
f 5569/20/3 5560/20/3 5549/20/3
f 5569/21/3 5549/21/3 5568/21/3
f 5570/21/3 5561/21/3 5560/21/3
f 5570/20/3 5560/20/3 5569/20/3
f 5571/20/3 5562/20/3 5561/20/3
f 5571/21/3 5561/21/3 5570/21/3
f 5572/21/3 5563/21/3 5562/21/3
f 5572/20/3 5562/20/3 5571/20/3
f 5573/20/3 5557/20/3 5563/20/3
f 5573/21/3 5563/21/3 5572/21/3
f 5574/20/3 5557/20/3 5573/20/3
f 5575/20/3 5179/20/3 5557/20/3
f 5575/20/3 5557/20/3 5574/20/3
f 5576/20/3 5567/20/3 5566/20/3
f 5577/20/3 5567/20/3 5576/20/3
f 5578/20/3 5558/20/3 5567/20/3
f 5578/20/3 5567/20/3 5577/20/3
f 5579/20/3 5558/20/3 5578/20/3
f 5580/21/3 5559/21/3 5558/21/3
f 5580/20/3 5558/20/3 5579/20/3
f 5581/20/3 5547/20/3 5559/20/3
f 5581/21/3 5559/21/3 5580/21/3
f 5582/21/3 5566/21/3 5565/21/3
f 5582/20/3 5565/20/3 5564/20/3
f 5583/20/3 5576/20/3 5566/20/3
f 5583/21/3 5566/21/3 5582/21/3
f 5584/20/3 5574/20/3 5573/20/3
f 5584/20/3 5569/20/3 5568/20/3
f 5584/20/3 5570/20/3 5569/20/3
f 5584/20/3 5571/20/3 5570/20/3
f 5584/20/3 5572/20/3 5571/20/3
f 5584/21/3 5575/21/3 5574/21/3
f 5584/20/3 5573/20/3 5572/20/3
f 5585/20/3 5179/20/3 5575/20/3
f 5585/21/3 5575/21/3 5584/21/3
f 5586/20/3 5583/20/3 5582/20/3
f 5586/20/3 5582/20/3 5564/20/3
f 5587/20/3 5583/20/3 5586/20/3
f 5588/20/3 5576/20/3 5583/20/3
f 5588/20/3 5583/20/3 5587/20/3
f 5588/21/3 5577/21/3 5576/21/3
f 5589/20/3 5578/20/3 5577/20/3
f 5589/21/3 5577/21/3 5588/21/3
f 5590/21/3 5579/21/3 5578/21/3
f 5590/20/3 5578/20/3 5589/20/3
f 5591/20/3 5580/20/3 5579/20/3
f 5591/21/3 5579/21/3 5590/21/3
f 5591/20/3 5581/20/3 5580/20/3
f 5592/20/3 5584/20/3 5568/20/3
f 5592/20/3 5585/20/3 5584/20/3
f 5593/20/3 5585/20/3 5592/20/3
f 5594/20/3 5590/20/3 5589/20/3
f 5594/20/3 5589/20/3 5588/20/3
f 5594/20/3 5588/20/3 5587/20/3
f 5594/20/3 5591/20/3 5590/20/3
f 5595/20/3 5591/20/3 5594/20/3
f 5596/20/3 5591/20/3 5595/20/3
f 5597/20/3 5591/20/3 5596/20/3
f 5598/20/3 5547/20/3 5581/20/3
f 5598/20/3 5591/20/3 5597/20/3
f 5598/20/3 5581/20/3 5591/20/3
f 5598/20/3 5363/20/3 5525/20/3
f 5598/20/3 5525/20/3 5547/20/3
f 5599/20/3 5489/20/3 5364/20/3
f 5599/20/3 5568/20/3 5489/20/3
f 5599/20/3 5592/20/3 5568/20/3
f 5600/21/3 5593/21/3 5592/21/3
f 5600/20/3 5592/20/3 5599/20/3
f 5601/20/3 5585/20/3 5593/20/3
f 5601/21/3 5593/21/3 5600/21/3
f 5602/20/3 5585/20/3 5601/20/3
f 5603/20/3 5585/20/3 5602/20/3
f 5604/20/3 5585/20/3 5603/20/3
f 5605/20/3 5585/20/3 5604/20/3
f 5606/20/3 5585/20/3 5605/20/3
f 5607/20/3 5585/20/3 5606/20/3
f 5608/21/3 5587/21/3 5586/21/3
f 5608/20/3 5586/20/3 5564/20/3
f 5609/20/3 5594/20/3 5587/20/3
f 5609/21/3 5587/21/3 5608/21/3
f 5610/20/3 5594/20/3 5609/20/3
f 5611/20/3 5594/20/3 5610/20/3
f 5612/20/3 5594/20/3 5611/20/3
f 5613/21/3 5595/21/3 5594/21/3
f 5613/20/3 5594/20/3 5612/20/3
f 5614/20/3 5596/20/3 5595/20/3
f 5614/21/3 5595/21/3 5613/21/3
f 5615/21/3 5597/21/3 5596/21/3
f 5615/20/3 5596/20/3 5614/20/3
f 5616/20/3 5600/20/3 5599/20/3
f 5616/21/3 5597/21/3 5615/21/3
f 5616/20/3 5599/20/3 5598/20/3
f 5616/20/3 5598/20/3 5597/20/3
f 5616/20/3 5601/20/3 5600/20/3
f 5616/20/3 5602/20/3 5601/20/3
f 5617/20/3 5602/20/3 5616/20/3
f 5618/20/3 5602/20/3 5617/20/3
f 5619/20/3 5602/20/3 5618/20/3
f 5620/20/3 5602/20/3 5619/20/3
f 5621/21/3 5603/21/3 5602/21/3
f 5621/20/3 5602/20/3 5620/20/3
f 5622/20/3 5604/20/3 5603/20/3
f 5622/21/3 5603/21/3 5621/21/3
f 5623/21/3 5605/21/3 5604/21/3
f 5623/20/3 5604/20/3 5622/20/3
f 5624/20/3 5606/20/3 5605/20/3
f 5624/21/3 5605/21/3 5623/21/3
f 5625/21/3 5607/21/3 5606/21/3
f 5625/20/3 5606/20/3 5624/20/3
f 5626/20/3 5585/20/3 5607/20/3
f 5626/21/3 5607/21/3 5625/21/3
f 5627/20/3 5611/20/3 5610/20/3
f 5628/20/3 5611/20/3 5627/20/3
f 5629/21/3 5612/21/3 5611/21/3
f 5629/20/3 5611/20/3 5628/20/3
f 5630/20/3 5614/20/3 5613/20/3
f 5630/21/3 5612/21/3 5629/21/3
f 5630/20/3 5615/20/3 5614/20/3
f 5630/20/3 5613/20/3 5612/20/3
f 5630/20/3 5616/20/3 5615/20/3
f 5630/20/3 5617/20/3 5616/20/3
f 5631/20/3 5619/20/3 5618/20/3
f 5632/20/3 5619/20/3 5631/20/3
f 5633/21/3 5620/21/3 5619/21/3
f 5633/20/3 5619/20/3 5632/20/3
f 5634/20/3 5625/20/3 5624/20/3
f 5634/21/3 5620/21/3 5633/21/3
f 5634/20/3 5626/20/3 5625/20/3
f 5634/20/3 5624/20/3 5623/20/3
f 5634/20/3 5623/20/3 5622/20/3
f 5634/20/3 5621/20/3 5620/20/3
f 5634/20/3 5622/20/3 5621/20/3
f 5635/21/3 5610/21/3 5609/21/3
f 5635/20/3 5609/20/3 5608/20/3
f 5636/20/3 5627/20/3 5610/20/3
f 5636/21/3 5610/21/3 5635/21/3
f 5637/20/3 5629/20/3 5628/20/3
f 5637/20/3 5630/20/3 5629/20/3
f 5637/21/3 5618/21/3 5617/21/3
f 5637/20/3 5617/20/3 5630/20/3
f 5638/20/3 5631/20/3 5618/20/3
f 5638/21/3 5618/21/3 5637/21/3
f 5639/20/3 5633/20/3 5632/20/3
f 5639/20/3 5634/20/3 5633/20/3
f 5640/20/3 5634/20/3 5639/20/3
f 5641/20/3 5634/20/3 5640/20/3
f 5642/20/3 5634/20/3 5641/20/3
f 5643/20/3 5627/20/3 5636/20/3
f 5643/21/3 5628/21/3 5627/21/3
f 5643/20/3 5636/20/3 5635/20/3
f 5644/20/3 5637/20/3 5628/20/3
f 5644/21/3 5628/21/3 5643/21/3
f 5644/20/3 5638/20/3 5637/20/3
f 5645/20/3 5631/20/3 5638/20/3
f 5645/20/3 5638/20/3 5644/20/3
f 5645/21/3 5632/21/3 5631/21/3
f 5646/20/3 5639/20/3 5632/20/3
f 5646/21/3 5632/21/3 5645/21/3
f 5647/21/3 5642/21/3 5641/21/3
f 5647/20/3 5641/20/3 5640/20/3
f 5648/20/3 5634/20/3 5642/20/3
f 5648/21/3 5642/21/3 5647/21/3
f 5649/20/3 5644/20/3 5643/20/3
f 5649/20/3 5639/20/3 5646/20/3
f 5649/20/3 5646/20/3 5645/20/3
f 5649/20/3 5645/20/3 5644/20/3
f 5649/21/3 5640/21/3 5639/21/3
f 5650/20/3 5647/20/3 5640/20/3
f 5650/21/3 5640/21/3 5649/21/3
f 5650/20/3 5648/20/3 5647/20/3
f 5651/20/3 5649/20/3 5643/20/3
f 5651/20/3 5635/20/3 5608/20/3
f 5651/20/3 5650/20/3 5649/20/3
f 5651/20/3 5643/20/3 5635/20/3
f 5651/20/3 5608/20/3 5564/20/3
f 5652/20/3 5634/20/3 5648/20/3
f 5652/20/3 5650/20/3 5651/20/3
f 5652/20/3 5648/20/3 5650/20/3
f 5652/20/3 5179/20/3 5585/20/3
f 5652/20/3 5585/20/3 5626/20/3
f 5652/20/3 5626/20/3 5634/20/3
f 5663/20/3 5656/20/3 5655/20/3
f 5663/21/3 5657/21/3 5656/21/3
f 5664/20/3 5658/20/3 5657/20/3
f 5664/21/3 5657/21/3 5663/21/3
f 5665/21/3 5659/21/3 5658/21/3
f 5665/20/3 5658/20/3 5664/20/3
f 5666/20/3 5660/20/3 5659/20/3
f 5666/21/3 5659/21/3 5665/21/3
f 5667/20/3 5660/20/3 5666/20/3
f 5668/20/3 5660/20/3 5667/20/3
f 5669/21/3 5661/21/3 5660/21/3
f 5669/20/3 5660/20/3 5668/20/3
f 5670/20/3 5662/20/3 5661/20/3
f 5670/21/3 5661/21/3 5669/21/3
f 5671/17/3 5654/17/3 5653/17/3
f 5672/17/3 5654/17/3 5671/17/3
f 5673/20/3 5669/20/3 5668/20/3
f 5673/20/3 5670/20/3 5669/20/3
f 5674/20/3 5670/20/3 5673/20/3
f 5675/17/3 5671/17/3 5653/17/3
f 5676/17/3 5671/17/3 5675/17/3
f 5677/20/3 5663/20/3 5655/20/3
f 5677/20/3 5664/20/3 5663/20/3
f 5677/20/3 5665/20/3 5664/20/3
f 5677/20/3 5666/20/3 5665/20/3
f 5677/20/3 5667/20/3 5666/20/3
f 5678/20/3 5667/20/3 5677/20/3
f 5679/21/3 5668/21/3 5667/21/3
f 5679/20/3 5667/20/3 5678/20/3
f 5680/20/3 5673/20/3 5668/20/3
f 5680/21/3 5668/21/3 5679/21/3
f 5681/21/3 5674/21/3 5673/21/3
f 5681/20/3 5673/20/3 5680/20/3
f 5682/20/3 5670/20/3 5674/20/3
f 5682/21/3 5674/21/3 5681/21/3
f 5683/20/3 5680/20/3 5679/20/3
f 5683/20/3 5679/20/3 5678/20/3
f 5683/20/3 5682/20/3 5681/20/3
f 5683/20/3 5681/20/3 5680/20/3
f 5684/20/3 5682/20/3 5683/20/3
f 5685/17/3 5654/17/3 5672/17/3
f 5686/17/3 5654/17/3 5685/17/3
f 5687/21/3 5678/21/3 5677/21/3
f 5687/20/3 5677/20/3 5655/20/3
f 5688/20/3 5683/20/3 5678/20/3
f 5688/21/3 5678/21/3 5687/21/3
f 5689/20/3 5683/20/3 5688/20/3
f 5690/20/3 5683/20/3 5689/20/3
f 5691/20/3 5682/20/3 5684/20/3
f 5691/20/3 5670/20/3 5682/20/3
f 5692/20/3 5662/20/3 5670/20/3
f 5692/20/3 5670/20/3 5691/20/3
f 5693/20/3 5687/20/3 5655/20/3
f 5693/20/3 5688/20/3 5687/20/3
f 5693/20/3 5689/20/3 5688/20/3
f 5694/20/3 5689/20/3 5693/20/3
f 5695/21/3 5690/21/3 5689/21/3
f 5695/20/3 5689/20/3 5694/20/3
f 5696/20/3 5683/20/3 5690/20/3
f 5696/21/3 5690/21/3 5695/21/3
f 5697/21/3 5684/21/3 5683/21/3
f 5697/20/3 5683/20/3 5696/20/3
f 5698/20/3 5691/20/3 5684/20/3
f 5698/21/3 5684/21/3 5697/21/3
f 5699/20/3 5691/20/3 5698/20/3
f 5700/20/3 5691/20/3 5699/20/3
f 5701/20/3 5697/20/3 5696/20/3
f 5701/20/3 5695/20/3 5694/20/3
f 5701/20/3 5696/20/3 5695/20/3
f 5701/20/3 5699/20/3 5698/20/3
f 5701/20/3 5698/20/3 5697/20/3
f 5702/20/3 5699/20/3 5701/20/3
f 5703/20/3 5691/20/3 5700/20/3
f 5703/21/3 5692/21/3 5691/21/3
f 5704/20/3 5662/20/3 5692/20/3
f 5704/21/3 5692/21/3 5703/21/3
f 5705/30/3 5686/30/3 5685/30/3
f 5705/17/3 5685/17/3 5672/17/3
f 5706/17/3 5654/17/3 5686/17/3
f 5706/30/3 5686/30/3 5705/30/3
f 5707/20/3 5701/20/3 5694/20/3
f 5708/20/3 5701/20/3 5707/20/3
f 5709/20/3 5699/20/3 5702/20/3
f 5709/21/3 5702/21/3 5701/21/3
f 5710/21/3 5700/21/3 5699/21/3
f 5710/20/3 5699/20/3 5709/20/3
f 5711/20/3 5703/20/3 5700/20/3
f 5711/21/3 5700/21/3 5710/21/3
f 5711/20/3 5704/20/3 5703/20/3
f 5712/20/3 5704/20/3 5711/20/3
f 5713/30/3 5676/30/3 5675/30/3
f 5713/17/3 5675/17/3 5653/17/3
f 5714/17/3 5671/17/3 5676/17/3
f 5714/30/3 5676/30/3 5713/30/3
f 5715/20/3 5707/20/3 5694/20/3
f 5715/21/3 5708/21/3 5707/21/3
f 5716/20/3 5701/20/3 5708/20/3
f 5716/21/3 5708/21/3 5715/21/3
f 5717/20/3 5701/20/3 5716/20/3
f 5718/21/3 5712/21/3 5711/21/3
f 5718/21/3 5710/21/3 5709/21/3
f 5718/21/3 5711/21/3 5710/21/3
f 5719/20/3 5704/20/3 5712/20/3
f 5719/21/3 5712/21/3 5718/21/3
f 5720/20/3 5704/20/3 5719/20/3
f 5721/20/3 5704/20/3 5720/20/3
f 5722/21/3 5694/21/3 5693/21/3
f 5722/20/3 5693/20/3 5655/20/3
f 5723/20/3 5715/20/3 5694/20/3
f 5723/21/3 5694/21/3 5722/21/3
f 5723/20/3 5716/20/3 5715/20/3
f 5724/21/3 5709/21/3 5701/21/3
f 5724/21/3 5718/21/3 5709/21/3
f 5725/20/3 5720/20/3 5719/20/3
f 5725/21/3 5718/21/3 5724/21/3
f 5725/20/3 5719/20/3 5718/20/3
f 5726/17/3 5671/17/3 5714/17/3
f 5726/17/3 5714/17/3 5713/17/3
f 5727/30/3 5672/30/3 5671/30/3
f 5727/17/3 5671/17/3 5726/17/3
f 5728/20/3 5701/20/3 5717/20/3
f 5728/21/3 5724/21/3 5701/21/3
f 5729/20/3 5725/20/3 5724/20/3
f 5729/21/3 5724/21/3 5728/21/3
f 5730/21/3 5721/21/3 5720/21/3
f 5730/20/3 5725/20/3 5729/20/3
f 5730/20/3 5729/20/3 5728/20/3
f 5730/20/3 5720/20/3 5725/20/3
f 5731/20/3 5704/20/3 5721/20/3
f 5731/21/3 5721/21/3 5730/21/3
f 5732/20/3 5716/20/3 5723/20/3
f 5732/20/3 5723/20/3 5722/20/3
f 5733/20/3 5716/20/3 5732/20/3
f 5734/21/3 5717/21/3 5716/21/3
f 5734/20/3 5716/20/3 5733/20/3
f 5735/20/3 5731/20/3 5730/20/3
f 5735/21/3 5717/21/3 5734/21/3
f 5735/20/3 5730/20/3 5728/20/3
f 5735/20/3 5728/20/3 5717/20/3
f 5736/20/3 5731/20/3 5735/20/3
f 5737/20/3 5731/20/3 5736/20/3
f 5738/20/3 5731/20/3 5737/20/3
f 5739/20/3 5731/20/3 5738/20/3
f 5740/20/3 5732/20/3 5722/20/3
f 5740/21/3 5733/21/3 5732/21/3
f 5741/20/3 5734/20/3 5733/20/3
f 5741/21/3 5733/21/3 5740/21/3
f 5741/20/3 5735/20/3 5734/20/3
f 5741/20/3 5736/20/3 5735/20/3
f 5742/21/3 5739/21/3 5738/21/3
f 5742/20/3 5738/20/3 5737/20/3
f 5743/20/3 5731/20/3 5739/20/3
f 5743/21/3 5739/21/3 5742/21/3
f 5744/17/3 5726/17/3 5713/17/3
f 5744/30/3 5727/30/3 5726/30/3
f 5745/30/3 5672/30/3 5727/30/3
f 5745/30/3 5727/30/3 5744/30/3
f 5746/20/3 5704/20/3 5731/20/3
f 5746/20/3 5731/20/3 5743/20/3
f 5746/20/3 5743/20/3 5742/20/3
f 5747/20/3 5662/20/3 5704/20/3
f 5747/20/3 5704/20/3 5746/20/3
f 5748/30/3 5672/30/3 5745/30/3
f 5748/17/3 5705/17/3 5672/17/3
f 5748/17/3 5706/17/3 5705/17/3
f 5749/17/3 5706/17/3 5748/17/3
f 5750/20/3 5722/20/3 5655/20/3
f 5750/20/3 5740/20/3 5722/20/3
f 5750/20/3 5741/20/3 5740/20/3
f 5751/20/3 5741/20/3 5750/20/3
f 5752/21/3 5751/21/3 5750/21/3
f 5752/20/3 5741/20/3 5751/20/3
f 5753/20/3 5736/20/3 5741/20/3
f 5753/20/3 5741/20/3 5752/20/3
f 5754/21/3 5747/21/3 5746/21/3
f 5754/20/3 5746/20/3 5742/20/3
f 5755/20/3 5662/20/3 5747/20/3
f 5755/21/3 5747/21/3 5754/21/3
f 5756/17/3 5713/17/3 5653/17/3
f 5756/17/3 5744/17/3 5713/17/3
f 5756/17/3 5745/17/3 5744/17/3
f 5757/17/3 5745/17/3 5756/17/3
f 5758/21/3 5753/21/3 5752/21/3
f 5758/20/3 5750/20/3 5655/20/3
f 5758/21/3 5752/21/3 5750/21/3
f 5759/21/3 5753/21/3 5758/21/3
f 5760/20/3 5736/20/3 5753/20/3
f 5760/21/3 5737/21/3 5736/21/3
f 5761/20/3 5754/20/3 5742/20/3
f 5761/21/3 5737/21/3 5760/21/3
f 5761/20/3 5755/20/3 5754/20/3
f 5761/20/3 5742/20/3 5737/20/3
f 5762/21/3 5753/21/3 5759/21/3
f 5762/20/3 5759/20/3 5758/20/3
f 5763/20/3 5760/20/3 5753/20/3
f 5763/21/3 5753/21/3 5762/21/3
f 5763/20/3 5761/20/3 5760/20/3
f 5764/20/3 5755/20/3 5761/20/3
f 5764/20/3 5761/20/3 5763/20/3
f 5765/20/3 5755/20/3 5764/20/3
f 5766/20/3 5755/20/3 5765/20/3
f 5767/20/3 5755/20/3 5766/20/3
f 5768/17/3 5706/17/3 5749/17/3
f 5768/30/3 5749/30/3 5748/30/3
f 5769/17/3 5706/17/3 5768/17/3
f 5770/20/3 5762/20/3 5758/20/3
f 5770/20/3 5763/20/3 5762/20/3
f 5770/20/3 5758/20/3 5655/20/3
f 5770/20/3 5764/20/3 5763/20/3
f 5771/20/3 5764/20/3 5770/20/3
f 5772/21/3 5765/21/3 5764/21/3
f 5772/20/3 5764/20/3 5771/20/3
f 5773/20/3 5766/20/3 5765/20/3
f 5773/21/3 5765/21/3 5772/21/3
f 5774/21/3 5767/21/3 5766/21/3
f 5774/20/3 5766/20/3 5773/20/3
f 5775/20/3 5755/20/3 5767/20/3
f 5775/21/3 5767/21/3 5774/21/3
f 5776/20/3 5774/20/3 5773/20/3
f 5776/20/3 5755/20/3 5775/20/3
f 5776/20/3 5775/20/3 5774/20/3
f 5776/20/3 5773/20/3 5772/20/3
f 5776/20/3 5772/20/3 5771/20/3
f 5777/20/3 5755/20/3 5776/20/3
f 5778/30/3 5757/30/3 5756/30/3
f 5779/17/3 5745/17/3 5757/17/3
f 5779/30/3 5757/30/3 5778/30/3
f 5780/30/3 5769/30/3 5768/30/3
f 5780/17/3 5745/17/3 5779/17/3
f 5780/30/3 5768/30/3 5748/30/3
f 5780/30/3 5748/30/3 5745/30/3
f 5781/17/3 5706/17/3 5769/17/3
f 5781/30/3 5769/30/3 5780/30/3
f 5782/20/3 5776/20/3 5771/20/3
f 5783/20/3 5776/20/3 5782/20/3
f 5784/20/3 5782/20/3 5771/20/3
f 5784/21/3 5783/21/3 5782/21/3
f 5785/20/3 5776/20/3 5783/20/3
f 5785/21/3 5783/21/3 5784/21/3
f 5786/21/3 5777/21/3 5776/21/3
f 5786/20/3 5776/20/3 5785/20/3
f 5787/20/3 5755/20/3 5777/20/3
f 5787/21/3 5777/21/3 5786/21/3
f 5788/17/3 5780/17/3 5779/17/3
f 5788/17/3 5779/17/3 5778/17/3
f 5788/17/3 5781/17/3 5780/17/3
f 5789/17/3 5781/17/3 5788/17/3
f 5790/20/3 5770/20/3 5655/20/3
f 5790/21/3 5771/21/3 5770/21/3
f 5791/20/3 5787/20/3 5786/20/3
f 5791/21/3 5771/21/3 5790/21/3
f 5791/20/3 5785/20/3 5784/20/3
f 5791/20/3 5786/20/3 5785/20/3
f 5791/20/3 5784/20/3 5771/20/3
f 5792/20/3 5787/20/3 5791/20/3
f 5793/20/3 5787/20/3 5792/20/3
f 5794/20/3 5787/20/3 5793/20/3
f 5795/20/3 5755/20/3 5787/20/3
f 5795/20/3 5787/20/3 5794/20/3
f 5796/20/3 5791/20/3 5790/20/3
f 5796/20/3 5792/20/3 5791/20/3
f 5797/20/3 5792/20/3 5796/20/3
f 5798/20/3 5662/20/3 5755/20/3
f 5798/20/3 5755/20/3 5795/20/3
f 5799/20/3 5662/20/3 5798/20/3
f 5800/20/3 5792/20/3 5797/20/3
f 5800/21/3 5793/21/3 5792/21/3
f 5801/20/3 5794/20/3 5793/20/3
f 5801/21/3 5793/21/3 5800/21/3
f 5802/21/3 5799/21/3 5798/21/3
f 5802/20/3 5798/20/3 5795/20/3
f 5803/20/3 5662/20/3 5799/20/3
f 5803/21/3 5799/21/3 5802/21/3
f 5804/30/3 5789/30/3 5788/30/3
f 5804/17/3 5788/17/3 5778/17/3
f 5805/17/3 5781/17/3 5789/17/3
f 5805/30/3 5789/30/3 5804/30/3
f 5806/21/3 5797/21/3 5796/21/3
f 5806/20/3 5796/20/3 5790/20/3
f 5807/20/3 5800/20/3 5797/20/3
f 5807/21/3 5797/21/3 5806/21/3
f 5807/20/3 5801/20/3 5800/20/3
f 5808/20/3 5801/20/3 5807/20/3
f 5809/20/3 5801/20/3 5808/20/3
f 5810/21/3 5795/21/3 5794/21/3
f 5810/20/3 5801/20/3 5809/20/3
f 5810/20/3 5794/20/3 5801/20/3
f 5811/20/3 5802/20/3 5795/20/3
f 5811/21/3 5795/21/3 5810/21/3
f 5811/20/3 5803/20/3 5802/20/3
f 5812/20/3 5807/20/3 5806/20/3
f 5812/21/3 5809/21/3 5808/21/3
f 5812/20/3 5808/20/3 5807/20/3
f 5813/20/3 5810/20/3 5809/20/3
f 5813/21/3 5809/21/3 5812/21/3
f 5813/20/3 5811/20/3 5810/20/3
f 5814/20/3 5806/20/3 5790/20/3
f 5814/20/3 5790/20/3 5655/20/3
f 5814/20/3 5813/20/3 5812/20/3
f 5814/20/3 5812/20/3 5806/20/3
f 5815/20/3 5813/20/3 5814/20/3
f 5816/20/3 5811/20/3 5813/20/3
f 5816/20/3 5813/20/3 5815/20/3
f 5817/20/3 5811/20/3 5816/20/3
f 5818/20/3 5811/20/3 5817/20/3
f 5819/20/3 5811/20/3 5818/20/3
f 5820/20/3 5811/20/3 5819/20/3
f 5821/20/3 5803/20/3 5811/20/3
f 5821/20/3 5811/20/3 5820/20/3
f 5822/20/3 5818/20/3 5817/20/3
f 5822/21/3 5819/21/3 5818/21/3
f 5823/20/3 5820/20/3 5819/20/3
f 5823/21/3 5819/21/3 5822/21/3
f 5824/21/3 5815/21/3 5814/21/3
f 5824/20/3 5814/20/3 5655/20/3
f 5825/20/3 5816/20/3 5815/20/3
f 5825/21/3 5815/21/3 5824/21/3
f 5826/21/3 5817/21/3 5816/21/3
f 5826/20/3 5816/20/3 5825/20/3
f 5827/20/3 5822/20/3 5817/20/3
f 5827/21/3 5817/21/3 5826/21/3
f 5827/20/3 5823/20/3 5822/20/3
f 5828/20/3 5662/20/3 5803/20/3
f 5828/20/3 5803/20/3 5821/20/3
f 5830/20/3 5826/20/3 5825/20/3
f 5830/20/3 5824/20/3 5655/20/3
f 5830/20/3 5825/20/3 5824/20/3
f 5830/20/3 5827/20/3 5826/20/3
f 5831/20/3 5820/20/3 5823/20/3
f 5831/20/3 5827/20/3 5830/20/3
f 5831/20/3 5823/20/3 5827/20/3
f 5831/21/3 5821/21/3 5820/21/3
f 5832/21/3 5821/21/3 5831/21/3
f 5833/20/3 5828/20/3 5821/20/3
f 5833/21/3 5821/21/3 5832/21/3
f 5834/27/3 5829/27/3 5828/27/3
f 5834/20/3 5828/20/3 5833/20/3
f 5835/27/3 5829/27/3 5834/27/3
f 5836/17/3 5804/17/3 5778/17/3
f 5836/17/3 5805/17/3 5804/17/3
f 5837/17/3 5781/17/3 5805/17/3
f 5837/17/3 5805/17/3 5836/17/3
f 5837/17/3 5654/17/3 5706/17/3
f 5837/17/3 5706/17/3 5781/17/3
f 5840/16/3 5839/16/3 5838/16/3
f 5841/16/3 5839/16/3 5840/16/3
f 5842/16/3 5839/16/3 5841/16/3
f 5843/16/3 5839/16/3 5842/16/3
f 5846/18/3 5845/18/3 5844/18/3
f 5847/18/3 5845/18/3 5846/18/3
f 5850/18/3 5849/18/3 5848/18/3
f 5851/18/3 5849/18/3 5850/18/3
f 5853/18/3 5845/18/3 5847/18/3
f 5854/18/3 5853/18/3 5852/18/3
f 5855/18/3 5845/18/3 5853/18/3
f 5855/18/3 5853/18/3 5854/18/3
f 5858/27/3 5857/27/3 5856/27/3
f 5859/27/3 5857/27/3 5858/27/3
f 5862/27/3 5861/27/3 5860/27/3
f 5863/27/3 5861/27/3 5862/27/3
f 5864/27/3 5861/27/3 5863/27/3
f 5865/27/3 5861/27/3 5864/27/3
f 5866/27/3 5862/27/3 5860/27/3
f 5867/27/3 5864/27/3 5863/27/3
f 5868/27/3 5864/27/3 5867/27/3
f 5868/27/3 5867/27/3 5866/27/3
f 5869/27/3 5861/27/3 5865/27/3
f 5870/27/3 5868/27/3 5866/27/3
f 5870/27/3 5869/27/3 5868/27/3
f 5870/27/3 5866/27/3 5860/27/3
f 5871/27/3 5861/27/3 5869/27/3
f 5871/27/3 5869/27/3 5870/27/3
f 5874/27/3 5873/27/3 5872/27/3
f 5875/27/3 5873/27/3 5874/27/3
f 5878/27/3 5877/27/3 5876/27/3
f 5879/27/3 5877/27/3 5878/27/3
f 5880/27/3 5874/27/3 5872/27/3
f 5880/25/3 5875/25/3 5874/25/3
f 5881/27/3 5873/27/3 5875/27/3
f 5881/25/3 5875/25/3 5880/25/3
f 5882/27/3 5880/27/3 5872/27/3
f 5882/27/3 5881/27/3 5880/27/3
f 5883/27/3 5873/27/3 5881/27/3
f 5883/27/3 5881/27/3 5882/27/3
f 5886/16/3 5885/16/3 5884/16/3
f 5887/16/3 5885/16/3 5886/16/3
f 5891/19/3 5889/19/3 5888/19/3
f 5892/19/3 5891/19/3 5890/19/3
f 5893/19/3 5889/19/3 5891/19/3
f 5893/19/3 5891/19/3 5892/19/3
f 5894/19/3 5889/19/3 5893/19/3
f 5895/19/3 5889/19/3 5894/19/3
f 5896/19/3 5889/19/3 5895/19/3
f 5897/19/3 5889/19/3 5896/19/3
f 5898/19/3 5889/19/3 5897/19/3
f 5899/19/3 5889/19/3 5898/19/3
f 5900/19/3 5894/19/3 5893/19/3
f 5901/19/3 5894/19/3 5900/19/3
f 5902/19/3 5896/19/3 5895/19/3
f 5903/19/3 5896/19/3 5902/19/3
f 5904/19/3 5898/19/3 5897/19/3
f 5905/19/3 5898/19/3 5904/19/3
f 5906/16/3 5885/16/3 5887/16/3
f 5907/16/3 5885/16/3 5906/16/3
f 5910/16/3 5909/16/3 5908/16/3
f 5911/16/3 5909/16/3 5910/16/3
f 5912/16/3 5909/16/3 5911/16/3
f 5913/16/3 5909/16/3 5912/16/3
f 5916/27/3 5915/27/3 5914/27/3
f 5917/27/3 5915/27/3 5916/27/3
f 5920/16/3 5919/16/3 5918/16/3
f 5921/16/3 5919/16/3 5920/16/3
f 5922/16/3 5919/16/3 5921/16/3
f 5923/16/3 5919/16/3 5922/16/3
f 5926/27/3 5925/27/3 5924/27/3
f 5927/27/3 5925/27/3 5926/27/3
f 5928/27/3 5925/27/3 5927/27/3
f 5929/27/3 5925/27/3 5928/27/3
f 5932/27/3 5931/27/3 5930/27/3
f 5934/27/3 5932/27/3 5930/27/3
f 5934/27/3 5933/27/3 5932/27/3
f 5935/27/3 5933/27/3 5934/27/3
f 5936/27/3 5933/27/3 5935/27/3
f 5937/27/3 5933/27/3 5936/27/3
f 5938/27/3 5933/27/3 5937/27/3
f 5941/27/3 5940/27/3 5939/27/3
f 5942/27/3 5940/27/3 5941/27/3
f 5945/16/3 5944/16/3 5943/16/3
f 5946/16/3 5944/16/3 5945/16/3
f 5947/16/3 5944/16/3 5946/16/3
f 5948/16/3 5944/16/3 5947/16/3
f 5951/27/3 5950/27/3 5949/27/3
f 5952/27/3 5950/27/3 5951/27/3
f 5955/16/3 5954/16/3 5953/16/3
f 5956/16/3 5954/16/3 5955/16/3
f 5957/16/3 5954/16/3 5956/16/3
f 5958/16/3 5954/16/3 5957/16/3
f 5961/27/3 5960/27/3 5959/27/3
f 5962/27/3 5960/27/3 5961/27/3
f 5963/27/3 5960/27/3 5962/27/3
f 5964/27/3 5960/27/3 5963/27/3
f 5967/27/3 5966/27/3 5965/27/3
f 5968/27/3 5966/27/3 5967/27/3
f 5969/27/3 5966/27/3 5968/27/3
f 5970/27/3 5966/27/3 5969/27/3
f 5973/16/3 5972/16/3 5971/16/3
f 5974/16/3 5972/16/3 5973/16/3
f 5975/16/3 5972/16/3 5974/16/3
f 5976/16/3 5972/16/3 5975/16/3
f 5979/16/3 5978/16/3 5977/16/3
f 5980/16/3 5978/16/3 5979/16/3
f 5981/16/3 5978/16/3 5980/16/3
f 5982/16/3 5978/16/3 5981/16/3
f 5985/27/3 5984/27/3 5983/27/3
f 5986/27/3 5984/27/3 5985/27/3
f 5987/27/3 5984/27/3 5986/27/3
f 5988/27/3 5984/27/3 5987/27/3
f 5989/27/3 5984/27/3 5988/27/3
f 5990/27/3 5984/27/3 5989/27/3
f 5991/27/3 5984/27/3 5990/27/3
f 5992/27/3 5984/27/3 5991/27/3
f 5993/27/3 5984/27/3 5992/27/3
f 5994/27/3 5984/27/3 5993/27/3
f 5995/27/3 5987/27/3 5986/27/3
f 5996/27/3 5987/27/3 5995/27/3
f 5997/27/3 5987/27/3 5996/27/3
f 5998/27/3 5987/27/3 5997/27/3
f 5999/27/3 5993/27/3 5992/27/3
f 6000/27/3 5993/27/3 5999/27/3
f 6001/27/3 5993/27/3 6000/27/3
f 6002/27/3 5993/27/3 6001/27/3
f 6003/27/3 5989/27/3 5988/27/3
f 6004/27/3 5989/27/3 6003/27/3
f 6005/27/3 5989/27/3 6004/27/3
f 6006/27/3 5989/27/3 6005/27/3
f 6007/27/3 5991/27/3 5990/27/3
f 6008/27/3 5991/27/3 6007/27/3
f 6009/27/3 5991/27/3 6008/27/3
f 6010/27/3 5991/27/3 6009/27/3
f 6013/27/3 6012/27/3 6011/27/3
f 6014/27/3 6012/27/3 6013/27/3
f 6015/27/3 6012/27/3 6014/27/3
f 6016/27/3 6012/27/3 6015/27/3
f 6019/27/3 6018/27/3 6017/27/3
f 6020/27/3 6018/27/3 6019/27/3
f 6023/16/3 6022/16/3 6021/16/3
f 6024/16/3 6022/16/3 6023/16/3
f 6027/26/3 6026/26/3 6025/26/3
f 6028/26/3 6026/26/3 6027/26/3
f 6029/16/3 6022/16/3 6024/16/3
f 6030/16/3 6022/16/3 6029/16/3
f 6033/16/3 6032/16/3 6031/16/3
f 6034/16/3 6032/16/3 6033/16/3
f 6035/16/3 6032/16/3 6034/16/3
f 6036/16/3 6032/16/3 6035/16/3
f 6039/16/3 6038/16/3 6037/16/3
f 6040/16/3 6038/16/3 6039/16/3
f 6041/16/3 6038/16/3 6040/16/3
f 6042/16/3 6038/16/3 6041/16/3
f 6045/27/3 6044/27/3 6043/27/3
f 6046/27/3 6044/27/3 6045/27/3
f 6047/27/3 6044/27/3 6046/27/3
f 6048/27/3 6044/27/3 6047/27/3
f 6051/16/3 6050/16/3 6049/16/3
f 6052/16/3 6050/16/3 6051/16/3
f 6053/16/3 6050/16/3 6052/16/3
f 6054/16/3 6050/16/3 6053/16/3
f 6059/13/3 6058/13/3 6057/13/3
f 6060/13/3 6058/13/3 6059/13/3
f 6061/26/3 6056/26/3 6055/26/3
f 6062/26/3 6056/26/3 6061/26/3
f 6065/16/3 6064/16/3 6063/16/3
f 6066/16/3 6064/16/3 6065/16/3
f 6067/16/3 6064/16/3 6066/16/3
f 6068/16/3 6064/16/3 6067/16/3
f 6071/16/3 6070/16/3 6069/16/3
f 6072/16/3 6070/16/3 6071/16/3
f 6073/16/3 6070/16/3 6072/16/3
f 6074/16/3 6070/16/3 6073/16/3
f 6079/12/3 6076/12/3 6075/12/3
f 6080/12/3 6076/12/3 6079/12/3
f 6081/12/3 6076/12/3 6080/12/3
f 6082/12/3 6076/12/3 6081/12/3
f 6083/12/3 6078/12/3 6077/12/3
f 6084/12/3 6078/12/3 6083/12/3
f 6089/12/3 6086/12/3 6085/12/3
f 6090/12/3 6086/12/3 6089/12/3
f 6091/12/3 6088/12/3 6087/12/3
f 6092/12/3 6088/12/3 6091/12/3
f 6095/13/3 6094/13/3 6093/13/3
f 6096/13/3 6094/13/3 6095/13/3
f 6099/16/3 6098/16/3 6097/16/3
f 6100/16/3 6098/16/3 6099/16/3
f 6103/27/3 6102/27/3 6101/27/3
f 6104/27/3 6102/27/3 6103/27/3
f 6105/27/3 6102/27/3 6104/27/3
f 6106/27/3 6102/27/3 6105/27/3
f 6107/27/3 6102/27/3 6106/27/3
f 6108/27/3 6102/27/3 6107/27/3
f 6109/27/3 6102/27/3 6108/27/3
f 6110/27/3 6102/27/3 6109/27/3
f 6111/27/3 6102/27/3 6110/27/3
f 6112/27/3 6102/27/3 6111/27/3
f 6113/27/3 6105/27/3 6104/27/3
f 6114/27/3 6105/27/3 6113/27/3
f 6115/27/3 6107/27/3 6106/27/3
f 6116/27/3 6107/27/3 6115/27/3
f 6117/27/3 6109/27/3 6108/27/3
f 6118/27/3 6109/27/3 6117/27/3
f 6119/27/3 6111/27/3 6110/27/3
f 6120/27/3 6111/27/3 6119/27/3
f 6121/27/3 6102/27/3 6112/27/3
f 6122/27/3 6102/27/3 6121/27/3
f 6123/16/3 6098/16/3 6100/16/3
f 6124/16/3 6098/16/3 6123/16/3
f 6130/13/3 6128/13/3 6127/13/3
f 6131/13/3 6130/13/3 6129/13/3
f 6132/13/3 6128/13/3 6130/13/3
f 6132/13/3 6130/13/3 6131/13/3
f 6135/13/3 6134/13/3 6133/13/3
f 6136/13/3 6134/13/3 6135/13/3
f 6137/14/3 6126/14/3 6125/14/3
f 6138/14/3 6126/14/3 6137/14/3
f 6141/27/3 6140/27/3 6139/27/3
f 6142/27/3 6140/27/3 6141/27/3
f 6160/15/3 6144/15/3 6143/15/3
f 6160/14/3 6145/14/3 6144/14/3
f 6161/15/3 6146/15/3 6145/15/3
f 6161/14/3 6145/14/3 6160/14/3
f 6162/14/3 6147/14/3 6146/14/3
f 6162/15/3 6146/15/3 6161/15/3
f 6163/15/3 6148/15/3 6147/15/3
f 6163/14/3 6147/14/3 6162/14/3
f 6164/14/3 6149/14/3 6148/14/3
f 6164/15/3 6148/15/3 6163/15/3
f 6165/15/3 6150/15/3 6149/15/3
f 6165/14/3 6149/14/3 6164/14/3
f 6166/14/3 6151/14/3 6150/14/3
f 6166/15/3 6150/15/3 6165/15/3
f 6167/14/3 6151/14/3 6166/14/3
f 6168/15/3 6153/15/3 6152/15/3
f 6168/14/3 6154/14/3 6153/14/3
f 6169/15/3 6155/15/3 6154/15/3
f 6169/14/3 6154/14/3 6168/14/3
f 6170/14/3 6156/14/3 6155/14/3
f 6170/15/3 6155/15/3 6169/15/3
f 6171/15/3 6157/15/3 6156/15/3
f 6171/14/3 6156/14/3 6170/14/3
f 6172/15/3 6160/15/3 6143/15/3
f 6172/15/3 6161/15/3 6160/15/3
f 6172/15/3 6162/15/3 6161/15/3
f 6172/15/3 6163/15/3 6162/15/3
f 6172/15/3 6164/15/3 6163/15/3
f 6172/15/3 6165/15/3 6164/15/3
f 6172/15/3 6166/15/3 6165/15/3
f 6172/15/3 6167/15/3 6166/15/3
f 6173/15/3 6167/15/3 6172/15/3
f 6174/15/3 6171/15/3 6170/15/3
f 6174/15/3 6170/15/3 6169/15/3
f 6174/15/3 6169/15/3 6168/15/3
f 6174/15/3 6168/15/3 6152/15/3
f 6175/15/3 6171/15/3 6174/15/3
f 6176/15/3 6171/15/3 6175/15/3
f 6177/15/3 6171/15/3 6176/15/3
f 6179/15/3 6174/15/3 6152/15/3
f 6180/14/3 6175/14/3 6174/14/3
f 6180/15/3 6174/15/3 6179/15/3
f 6181/14/3 6175/14/3 6180/14/3
f 6182/15/3 6171/15/3 6177/15/3
f 6182/14/3 6177/14/3 6176/14/3
f 6183/15/3 6171/15/3 6182/15/3
f 6184/15/3 6157/15/3 6171/15/3
f 6184/15/3 6171/15/3 6183/15/3
f 6185/15/3 6157/15/3 6184/15/3
f 6186/15/3 6172/15/3 6143/15/3
f 6187/15/3 6181/15/3 6180/15/3
f 6187/15/3 6179/15/3 6178/15/3
f 6187/15/3 6180/15/3 6179/15/3
f 6188/15/3 6181/15/3 6187/15/3
f 6189/15/3 6181/15/3 6188/15/3
f 6190/14/3 6175/14/3 6181/14/3
f 6190/15/3 6181/15/3 6189/15/3
f 6191/15/3 6176/15/3 6175/15/3
f 6191/14/3 6175/14/3 6190/14/3
f 6192/14/3 6183/14/3 6182/14/3
f 6192/15/3 6176/15/3 6191/15/3
f 6192/14/3 6182/14/3 6176/14/3
f 6193/15/3 6184/15/3 6183/15/3
f 6193/14/3 6183/14/3 6192/14/3
f 6194/14/3 6158/14/3 6157/14/3
f 6194/15/3 6157/15/3 6185/15/3
f 6195/15/3 6159/15/3 6158/15/3
f 6195/14/3 6158/14/3 6194/14/3
f 6196/15/3 6188/15/3 6187/15/3
f 6196/15/3 6187/15/3 6186/15/3
f 6197/15/3 6188/15/3 6196/15/3
f 6198/15/3 6188/15/3 6197/15/3
f 6199/15/3 6188/15/3 6198/15/3
f 6200/15/3 6188/15/3 6199/15/3
f 6201/14/3 6189/14/3 6188/14/3
f 6201/15/3 6188/15/3 6200/15/3
f 6202/15/3 6184/15/3 6193/15/3
f 6202/15/3 6191/15/3 6190/15/3
f 6202/15/3 6193/15/3 6192/15/3
f 6202/14/3 6185/14/3 6184/14/3
f 6202/15/3 6190/15/3 6189/15/3
f 6202/15/3 6192/15/3 6191/15/3
f 6203/15/3 6194/15/3 6185/15/3
f 6203/14/3 6185/14/3 6202/14/3
f 6203/15/3 6195/15/3 6194/15/3
f 6204/15/3 6195/15/3 6203/15/3
f 6205/15/3 6159/15/3 6195/15/3
f 6205/15/3 6195/15/3 6204/15/3
f 6206/15/3 6186/15/3 6143/15/3
f 6206/15/3 6196/15/3 6186/15/3
f 6207/15/3 6196/15/3 6206/15/3
f 6208/15/3 6196/15/3 6207/15/3
f 6209/15/3 6196/15/3 6208/15/3
f 6210/14/3 6197/14/3 6196/14/3
f 6210/15/3 6196/15/3 6209/15/3
f 6211/15/3 6198/15/3 6197/15/3
f 6211/14/3 6197/14/3 6210/14/3
f 6212/14/3 6199/14/3 6198/14/3
f 6212/15/3 6198/15/3 6211/15/3
f 6213/15/3 6200/15/3 6199/15/3
f 6213/14/3 6199/14/3 6212/14/3
f 6214/15/3 6202/15/3 6189/15/3
f 6214/15/3 6204/15/3 6203/15/3
f 6214/15/3 6203/15/3 6202/15/3
f 6215/15/3 6204/15/3 6214/15/3
f 6216/15/3 6200/15/3 6213/15/3
f 6216/14/3 6201/14/3 6200/14/3
f 6216/15/3 6212/15/3 6211/15/3
f 6216/15/3 6211/15/3 6210/15/3
f 6216/15/3 6210/15/3 6209/15/3
f 6216/15/3 6213/15/3 6212/15/3
f 6217/14/3 6189/14/3 6201/14/3
f 6217/14/3 6201/14/3 6216/14/3
f 6222/14/3 6207/14/3 6206/14/3
f 6222/15/3 6206/15/3 6143/15/3
f 6223/14/3 6207/14/3 6222/14/3
f 6224/14/3 6207/14/3 6223/14/3
f 6225/15/3 6208/15/3 6207/15/3
f 6225/14/3 6207/14/3 6224/14/3
f 6226/15/3 6216/15/3 6209/15/3
f 6226/15/3 6217/15/3 6216/15/3
f 6227/15/3 6217/15/3 6226/15/3
f 6228/14/3 6224/14/3 6223/14/3
f 6228/15/3 6223/15/3 6222/15/3
f 6229/15/3 6225/15/3 6224/15/3
f 6229/14/3 6224/14/3 6228/14/3
f 6230/15/3 6208/15/3 6225/15/3
f 6230/15/3 6225/15/3 6229/15/3
f 6230/14/3 6209/14/3 6208/14/3
f 6231/15/3 6226/15/3 6209/15/3
f 6231/14/3 6209/14/3 6230/14/3
f 6232/15/3 6217/15/3 6227/15/3
f 6232/14/3 6189/14/3 6217/14/3
f 6233/15/3 6214/15/3 6189/15/3
f 6233/14/3 6189/14/3 6232/14/3
f 6234/12/3 6219/12/3 6218/12/3
f 6235/12/3 6219/12/3 6234/12/3
f 6236/12/3 6221/12/3 6220/12/3
f 6237/12/3 6221/12/3 6236/12/3
f 6238/15/3 6204/15/3 6215/15/3
f 6238/14/3 6205/14/3 6204/14/3
f 6239/14/3 6205/14/3 6238/14/3
f 6240/15/3 6229/15/3 6228/15/3
f 6240/15/3 6230/15/3 6229/15/3
f 6240/15/3 6228/15/3 6222/15/3
f 6240/15/3 6231/15/3 6230/15/3
f 6240/15/3 6222/15/3 6143/15/3
f 6241/15/3 6231/15/3 6240/15/3
f 6242/15/3 6231/15/3 6241/15/3
f 6243/15/3 6226/15/3 6231/15/3
f 6243/15/3 6231/15/3 6242/15/3
f 6244/15/3 6214/15/3 6233/15/3
f 6244/15/3 6233/15/3 6232/15/3
f 6247/15/3 6239/15/3 6238/15/3
f 6247/15/3 6238/15/3 6215/15/3
f 6248/15/3 6239/15/3 6247/15/3
f 6249/15/3 6239/15/3 6248/15/3
f 6250/15/3 6242/15/3 6241/15/3
f 6250/14/3 6243/14/3 6242/14/3
f 6251/14/3 6243/14/3 6250/14/3
f 6252/14/3 6249/14/3 6248/14/3
f 6252/15/3 6247/15/3 6246/15/3
f 6252/15/3 6248/15/3 6247/15/3
f 6253/15/3 6239/15/3 6249/15/3
f 6253/14/3 6249/14/3 6252/14/3
f 6254/15/3 6239/15/3 6253/15/3
f 6255/15/3 6252/15/3 6246/15/3
f 6255/15/3 6253/15/3 6252/15/3
f 6256/15/3 6253/15/3 6255/15/3
f 6257/14/3 6254/14/3 6253/14/3
f 6257/15/3 6253/15/3 6256/15/3
f 6258/14/3 6254/14/3 6257/14/3
f 6259/15/3 6240/15/3 6143/15/3
f 6259/14/3 6241/14/3 6240/14/3
f 6260/15/3 6251/15/3 6250/15/3
f 6260/14/3 6241/14/3 6259/14/3
f 6260/15/3 6250/15/3 6241/15/3
f 6261/15/3 6251/15/3 6260/15/3
f 6262/14/3 6243/14/3 6251/14/3
f 6262/15/3 6251/15/3 6261/15/3
f 6263/15/3 6226/15/3 6243/15/3
f 6263/14/3 6243/14/3 6262/14/3
f 6264/15/3 6245/15/3 6244/15/3
f 6264/15/3 6244/15/3 6232/15/3
f 6265/15/3 6245/15/3 6264/15/3
f 6266/15/3 6255/15/3 6246/15/3
f 6267/14/3 6256/14/3 6255/14/3
f 6267/15/3 6255/15/3 6266/15/3
f 6268/15/3 6262/15/3 6261/15/3
f 6268/15/3 6263/15/3 6262/15/3
f 6269/15/3 6263/15/3 6268/15/3
f 6270/15/3 6226/15/3 6263/15/3
f 6270/15/3 6263/15/3 6269/15/3
f 6271/15/3 6232/15/3 6227/15/3
f 6271/15/3 6264/15/3 6232/15/3
f 6272/15/3 6264/15/3 6271/15/3
f 6273/15/3 6264/15/3 6272/15/3
f 6274/14/3 6265/14/3 6264/14/3
f 6274/15/3 6264/15/3 6273/15/3
f 6275/15/3 6245/15/3 6265/15/3
f 6275/14/3 6265/14/3 6274/14/3
f 6276/15/3 6245/15/3 6275/15/3
f 6277/15/3 6245/15/3 6276/15/3
f 6278/14/3 6246/14/3 6245/14/3
f 6278/15/3 6245/15/3 6277/15/3
f 6279/15/3 6266/15/3 6246/15/3
f 6279/14/3 6246/14/3 6278/14/3
f 6280/15/3 6266/15/3 6279/15/3
f 6281/14/3 6256/14/3 6267/14/3
f 6281/14/3 6267/14/3 6266/14/3
f 6282/14/3 6256/14/3 6281/14/3
f 6283/15/3 6258/15/3 6257/15/3
f 6283/14/3 6256/14/3 6282/14/3
f 6283/15/3 6257/15/3 6256/15/3
f 6284/15/3 6258/15/3 6283/15/3
f 6285/14/3 6269/14/3 6268/14/3
f 6285/15/3 6268/15/3 6261/15/3
f 6286/15/3 6270/15/3 6269/15/3
f 6286/14/3 6269/14/3 6285/14/3
f 6286/15/3 6271/15/3 6270/15/3
f 6286/15/3 6272/15/3 6271/15/3
f 6287/15/3 6272/15/3 6286/15/3
f 6288/15/3 6272/15/3 6287/15/3
f 6289/15/3 6272/15/3 6288/15/3
f 6290/14/3 6273/14/3 6272/14/3
f 6290/15/3 6272/15/3 6289/15/3
f 6291/15/3 6274/15/3 6273/15/3
f 6291/14/3 6273/14/3 6290/14/3
f 6291/15/3 6275/15/3 6274/15/3
f 6292/14/3 6276/14/3 6275/14/3
f 6292/15/3 6275/15/3 6291/15/3
f 6293/15/3 6277/15/3 6276/15/3
f 6293/14/3 6276/14/3 6292/14/3
f 6294/15/3 6266/15/3 6280/15/3
f 6294/14/3 6281/14/3 6266/14/3
f 6295/15/3 6282/15/3 6281/15/3
f 6295/14/3 6281/14/3 6294/14/3
f 6296/14/3 6261/14/3 6260/14/3
f 6296/15/3 6260/15/3 6259/15/3
f 6297/15/3 6285/15/3 6261/15/3
f 6297/14/3 6261/14/3 6296/14/3
f 6297/15/3 6286/15/3 6285/15/3
f 6297/15/3 6287/15/3 6286/15/3
f 6298/15/3 6292/15/3 6291/15/3
f 6298/15/3 6277/15/3 6293/15/3
f 6298/14/3 6280/14/3 6279/14/3
f 6298/15/3 6293/15/3 6292/15/3
f 6298/15/3 6291/15/3 6290/15/3
f 6298/14/3 6278/14/3 6277/14/3
f 6298/14/3 6279/14/3 6278/14/3
f 6299/14/3 6280/14/3 6298/14/3
f 6300/14/3 6280/14/3 6299/14/3
f 6301/15/3 6294/15/3 6280/15/3
f 6301/14/3 6280/14/3 6300/14/3
f 6301/15/3 6295/15/3 6294/15/3
f 6302/15/3 6287/15/3 6297/15/3
f 6302/15/3 6297/15/3 6296/15/3
f 6302/14/3 6288/14/3 6287/14/3
f 6303/15/3 6289/15/3 6288/15/3
f 6303/14/3 6288/14/3 6302/14/3
f 6304/15/3 6289/15/3 6303/15/3
f 6305/15/3 6289/15/3 6304/15/3
f 6306/15/3 6289/15/3 6305/15/3
f 6307/15/3 6289/15/3 6306/15/3
f 6308/14/3 6290/14/3 6289/14/3
f 6308/15/3 6289/15/3 6307/15/3
f 6309/15/3 6298/15/3 6290/15/3
f 6309/14/3 6290/14/3 6308/14/3
f 6309/15/3 6299/15/3 6298/15/3
f 6310/15/3 6299/15/3 6309/15/3
f 6311/15/3 6299/15/3 6310/15/3
f 6312/15/3 6299/15/3 6311/15/3
f 6313/15/3 6299/15/3 6312/15/3
f 6314/15/3 6295/15/3 6301/15/3
f 6314/15/3 6301/15/3 6300/15/3
f 6315/15/3 6295/15/3 6314/15/3
f 6316/15/3 6282/15/3 6295/15/3
f 6316/15/3 6295/15/3 6315/15/3
f 6317/15/3 6258/15/3 6284/15/3
f 6318/15/3 6296/15/3 6259/15/3
f 6318/15/3 6259/15/3 6143/15/3
f 6318/15/3 6302/15/3 6296/15/3
f 6318/15/3 6303/15/3 6302/15/3
f 6318/15/3 6304/15/3 6303/15/3
f 6319/14/3 6305/14/3 6304/14/3
f 6319/15/3 6304/15/3 6318/15/3
f 6320/15/3 6306/15/3 6305/15/3
f 6320/14/3 6305/14/3 6319/14/3
f 6321/14/3 6307/14/3 6306/14/3
f 6321/15/3 6306/15/3 6320/15/3
f 6322/15/3 6308/15/3 6307/15/3
f 6322/14/3 6307/14/3 6321/14/3
f 6322/15/3 6309/15/3 6308/15/3
f 6322/15/3 6310/15/3 6309/15/3
f 6323/14/3 6311/14/3 6310/14/3
f 6323/15/3 6310/15/3 6322/15/3
f 6324/15/3 6312/15/3 6311/15/3
f 6324/14/3 6311/14/3 6323/14/3
f 6325/14/3 6313/14/3 6312/14/3
f 6325/15/3 6312/15/3 6324/15/3
f 6326/15/3 6299/15/3 6313/15/3
f 6326/14/3 6313/14/3 6325/14/3
f 6327/14/3 6300/14/3 6299/14/3
f 6327/15/3 6299/15/3 6326/15/3
f 6328/15/3 6314/15/3 6300/15/3
f 6328/14/3 6300/14/3 6327/14/3
f 6329/14/3 6315/14/3 6314/14/3
f 6329/15/3 6314/15/3 6328/15/3
f 6330/15/3 6317/15/3 6316/15/3
f 6330/14/3 6315/14/3 6329/14/3
f 6330/15/3 6316/15/3 6315/15/3
f 6331/15/3 6258/15/3 6317/15/3
f 6331/15/3 6317/15/3 6330/15/3
f 6334/26/3 6333/26/3 6332/26/3
f 6335/26/3 6333/26/3 6334/26/3
f 6338/15/3 6337/15/3 6336/15/3
f 6339/15/3 6337/15/3 6338/15/3
f 6340/14/3 6339/14/3 6338/14/3
f 6341/14/3 6339/14/3 6340/14/3
f 6342/15/3 6341/15/3 6340/15/3
f 6345/13/3 6344/13/3 6343/13/3
f 6346/13/3 6344/13/3 6345/13/3
f 6347/13/3 6345/13/3 6343/13/3
f 6348/13/3 6344/13/3 6346/13/3
f 6349/15/3 6341/15/3 6342/15/3
f 6350/13/3 6348/13/3 6347/13/3
f 6350/13/3 6347/13/3 6343/13/3
f 6351/13/3 6348/13/3 6350/13/3
f 6352/13/3 6348/13/3 6351/13/3
f 6353/13/3 6344/13/3 6348/13/3
f 6353/13/3 6348/13/3 6352/13/3
f 6354/15/3 6341/15/3 6349/15/3
f 6355/15/3 6341/15/3 6354/15/3
f 6359/13/3 6357/13/3 6356/13/3
f 6359/13/3 6358/13/3 6357/13/3
f 6360/13/3 6358/13/3 6359/13/3
f 6361/13/3 6359/13/3 6356/13/3
f 6362/14/3 6360/14/3 6359/14/3
f 6362/13/3 6359/13/3 6361/13/3
f 6363/14/3 6360/14/3 6362/14/3
f 6364/15/3 6341/15/3 6355/15/3
f 6365/15/3 6341/15/3 6364/15/3
f 6368/16/3 6367/16/3 6366/16/3
f 6369/16/3 6367/16/3 6368/16/3
f 6370/16/3 6367/16/3 6369/16/3
f 6371/16/3 6367/16/3 6370/16/3
f 6374/14/3 6373/14/3 6372/14/3
f 6375/14/3 6373/14/3 6374/14/3
f 6378/16/3 6377/16/3 6376/16/3
f 6379/16/3 6377/16/3 6378/16/3
f 6380/16/3 6377/16/3 6379/16/3
f 6381/16/3 6377/16/3 6380/16/3
f 6384/14/3 6383/14/3 6382/14/3
f 6385/14/3 6383/14/3 6384/14/3
f 6390/14/3 6387/14/3 6386/14/3
f 6391/14/3 6387/14/3 6390/14/3
f 6392/15/3 6389/15/3 6388/15/3
f 6393/15/3 6389/15/3 6392/15/3
f 6396/16/3 6395/16/3 6394/16/3
f 6397/16/3 6395/16/3 6396/16/3
f 6398/16/3 6395/16/3 6397/16/3
f 6399/16/3 6395/16/3 6398/16/3
f 6402/15/3 6401/15/3 6400/15/3
f 6403/15/3 6401/15/3 6402/15/3
f 6413/19/3 6405/19/3 6404/19/3
f 6414/19/3 6405/19/3 6413/19/3
f 6415/19/3 6407/19/3 6406/19/3
f 6416/19/3 6407/19/3 6415/19/3
f 6417/19/3 6409/19/3 6408/19/3
f 6418/19/3 6409/19/3 6417/19/3
f 6419/19/3 6411/19/3 6410/19/3
f 6420/19/3 6418/19/3 6417/19/3
f 6420/19/3 6419/19/3 6418/19/3
f 6420/19/3 6414/19/3 6413/19/3
f 6420/19/3 6416/19/3 6415/19/3
f 6420/19/3 6417/19/3 6416/19/3
f 6420/19/3 6413/19/3 6412/19/3
f 6420/19/3 6415/19/3 6414/19/3
f 6421/19/3 6411/19/3 6419/19/3
f 6421/19/3 6419/19/3 6420/19/3
f 6424/15/3 6423/15/3 6422/15/3
f 6425/15/3 6423/15/3 6424/15/3
f 6428/15/3 6427/15/3 6426/15/3
f 6429/15/3 6427/15/3 6428/15/3
f 6432/16/3 6431/16/3 6430/16/3
f 6433/16/3 6431/16/3 6432/16/3
f 6434/16/3 6431/16/3 6433/16/3
f 6435/16/3 6431/16/3 6434/16/3
f 6438/14/3 6437/14/3 6436/14/3
f 6439/14/3 6437/14/3 6438/14/3
f 6442/27/3 6441/27/3 6440/27/3
f 6443/27/3 6441/27/3 6442/27/3
f 6446/20/3 6445/20/3 6444/20/3
f 6447/20/3 6445/20/3 6446/20/3
f 6448/27/3 6447/27/3 6446/27/3
f 6449/27/3 6447/27/3 6448/27/3
f 6452/14/3 6451/14/3 6450/14/3
f 6453/14/3 6451/14/3 6452/14/3
f 6456/16/3 6455/16/3 6454/16/3
f 6457/16/3 6455/16/3 6456/16/3
f 6458/16/3 6455/16/3 6457/16/3
f 6459/16/3 6455/16/3 6458/16/3
f 6462/14/3 6461/14/3 6460/14/3
f 6463/14/3 6461/14/3 6462/14/3
f 6466/14/3 6465/14/3 6464/14/3
f 6467/14/3 6465/14/3 6466/14/3
f 6470/14/3 6469/14/3 6468/14/3
f 6471/14/3 6469/14/3 6470/14/3
f 6474/14/3 6473/14/3 6472/14/3
f 6476/14/3 6474/14/3 6472/14/3
f 6476/14/3 6475/14/3 6474/14/3
f 6477/14/3 6475/14/3 6476/14/3
f 6480/16/3 6479/16/3 6478/16/3
f 6481/16/3 6479/16/3 6480/16/3
f 6482/16/3 6479/16/3 6481/16/3
f 6483/16/3 6479/16/3 6482/16/3
f 6486/14/3 6485/14/3 6484/14/3
f 6487/14/3 6485/14/3 6486/14/3
f 6490/22/3 6489/22/3 6488/22/3
f 6492/22/3 6491/22/3 6490/22/3
f 6494/22/3 6493/22/3 6492/22/3
f 6496/22/3 6495/22/3 6494/22/3
f 6498/22/3 6497/22/3 6496/22/3
f 6500/22/3 6499/22/3 6498/22/3
f 6502/22/3 6501/22/3 6500/22/3
f 6504/22/3 6503/22/3 6502/22/3
f 6508/22/3 6505/22/3 6504/22/3
f 6508/22/3 6490/22/3 6488/22/3
f 6508/22/3 6504/22/3 6502/22/3
f 6508/22/3 6502/22/3 6500/22/3
f 6508/22/3 6500/22/3 6498/22/3
f 6508/22/3 6498/22/3 6496/22/3
f 6508/22/3 6496/22/3 6494/22/3
f 6508/22/3 6494/22/3 6492/22/3
f 6508/22/3 6492/22/3 6490/22/3
f 6509/22/3 6505/22/3 6508/22/3
f 6510/16/3 6507/16/3 6506/16/3
f 6511/16/3 6507/16/3 6510/16/3
f 6512/22/3 6505/22/3 6509/22/3
f 6513/22/3 6505/22/3 6512/22/3
f 6514/16/3 6507/16/3 6511/16/3
f 6515/16/3 6507/16/3 6514/16/3
f 6519/15/3 6517/15/3 6516/15/3
f 6520/14/3 6518/14/3 6517/14/3
f 6520/15/3 6517/15/3 6519/15/3
f 6521/14/3 6518/14/3 6520/14/3
f 6524/14/3 6523/14/3 6522/14/3
f 6525/14/3 6523/14/3 6524/14/3
f 6528/22/3 6527/22/3 6526/22/3
f 6529/22/3 6527/22/3 6528/22/3
f 6532/14/3 6531/14/3 6530/14/3
f 6533/14/3 6531/14/3 6532/14/3
f 6536/15/3 6535/15/3 6534/15/3
f 6537/15/3 6535/15/3 6536/15/3
f 6540/16/3 6539/16/3 6538/16/3
f 6541/16/3 6539/16/3 6540/16/3
f 6542/16/3 6539/16/3 6541/16/3
f 6543/16/3 6539/16/3 6542/16/3
f 6546/14/3 6545/14/3 6544/14/3
f 6547/14/3 6545/14/3 6546/14/3
f 6550/5/3 6549/5/3 6548/5/3
f 6551/5/3 6549/5/3 6550/5/3
f 6552/5/3 6549/5/3 6551/5/3
f 6555/16/3 6554/16/3 6553/16/3
f 6556/16/3 6554/16/3 6555/16/3
f 6557/16/3 6554/16/3 6556/16/3
f 6558/16/3 6554/16/3 6557/16/3
f 6561/16/3 6560/16/3 6559/16/3
f 6562/16/3 6560/16/3 6561/16/3
f 6563/16/3 6560/16/3 6562/16/3
f 6564/16/3 6560/16/3 6563/16/3
f 6567/16/3 6566/16/3 6565/16/3
f 6568/16/3 6566/16/3 6567/16/3
f 6569/16/3 6566/16/3 6568/16/3
f 6570/16/3 6566/16/3 6569/16/3
f 6573/16/3 6572/16/3 6571/16/3
f 6574/16/3 6572/16/3 6573/16/3
f 6575/16/3 6572/16/3 6574/16/3
f 6576/16/3 6572/16/3 6575/16/3
f 6579/27/3 6578/27/3 6577/27/3
f 6580/27/3 6578/27/3 6579/27/3
f 6583/27/3 6582/27/3 6581/27/3
f 6584/27/3 6582/27/3 6583/27/3
f 6587/27/3 6586/27/3 6585/27/3
f 6588/27/3 6586/27/3 6587/27/3
f 6591/27/3 6590/27/3 6589/27/3
f 6592/27/3 6590/27/3 6591/27/3
f 6593/27/3 6591/27/3 6589/27/3
f 6595/27/3 6593/27/3 6589/27/3
f 6595/27/3 6594/27/3 6593/27/3
f 6596/27/3 6594/27/3 6595/27/3
f 6597/27/3 6595/27/3 6589/27/3
f 6598/27/3 6595/27/3 6597/27/3
f 6601/16/3 6600/16/3 6599/16/3
f 6602/16/3 6600/16/3 6601/16/3
f 6603/16/3 6600/16/3 6602/16/3
f 6604/16/3 6600/16/3 6603/16/3
f 6607/27/3 6606/27/3 6605/27/3
f 6608/27/3 6606/27/3 6607/27/3
f 6611/16/3 6610/16/3 6609/16/3
f 6612/16/3 6610/16/3 6611/16/3
f 6613/16/3 6610/16/3 6612/16/3
f 6614/16/3 6610/16/3 6613/16/3
f 6617/27/3 6616/27/3 6615/27/3
f 6618/27/3 6616/27/3 6617/27/3
f 6621/27/3 6620/27/3 6619/27/3
f 6622/27/3 6620/27/3 6621/27/3
f 6625/16/3 6624/16/3 6623/16/3
f 6626/16/3 6624/16/3 6625/16/3
f 6627/16/3 6624/16/3 6626/16/3
f 6628/16/3 6624/16/3 6627/16/3
f 6631/26/3 6630/26/3 6629/26/3
f 6632/26/3 6630/26/3 6631/26/3
f 6635/26/3 6634/26/3 6633/26/3
f 6636/26/3 6634/26/3 6635/26/3
f 6639/16/3 6638/16/3 6637/16/3
f 6640/16/3 6638/16/3 6639/16/3
f 6643/16/3 6638/16/3 6640/16/3
f 6644/16/3 6638/16/3 6643/16/3
f 6645/26/3 6642/26/3 6641/26/3
f 6646/26/3 6642/26/3 6645/26/3
f 6648/27/3 6646/27/3 6645/27/3
f 6648/27/3 6647/27/3 6646/27/3
f 6649/27/3 6647/27/3 6648/27/3
f 6653/26/3 6651/26/3 6650/26/3
f 6654/26/3 6653/26/3 6652/26/3
f 6655/26/3 6651/26/3 6653/26/3
f 6655/26/3 6653/26/3 6654/26/3
f 6658/20/3 6657/20/3 6656/20/3
f 6659/20/3 6657/20/3 6658/20/3
f 6660/27/3 6659/27/3 6658/27/3
f 6661/27/3 6659/27/3 6660/27/3
f 6664/26/3 6663/26/3 6662/26/3
f 6665/26/3 6663/26/3 6664/26/3
f 6668/16/3 6667/16/3 6666/16/3
f 6669/16/3 6667/16/3 6668/16/3
f 6670/16/3 6667/16/3 6669/16/3
f 6671/16/3 6667/16/3 6670/16/3
f 6674/26/3 6673/26/3 6672/26/3
f 6675/26/3 6673/26/3 6674/26/3
f 6678/26/3 6677/26/3 6676/26/3
f 6679/26/3 6677/26/3 6678/26/3
f 6685/16/3 6681/16/3 6680/16/3
f 6686/16/3 6681/16/3 6685/16/3
f 6687/20/3 6683/20/3 6682/20/3
f 6688/26/3 6684/26/3 6683/26/3
f 6688/20/3 6683/20/3 6687/20/3
f 6689/26/3 6688/26/3 6687/26/3
f 6690/26/3 6684/26/3 6688/26/3
f 6690/26/3 6688/26/3 6689/26/3
f 6691/26/3 6684/26/3 6690/26/3
f 6692/26/3 6684/26/3 6691/26/3
f 6693/1/3 6691/1/3 6690/1/3
f 6694/1/3 6691/1/3 6693/1/3
f 6697/5/3 6696/5/3 6695/5/3
f 6698/5/3 6696/5/3 6697/5/3
f 6699/16/3 6681/16/3 6686/16/3
f 6700/16/3 6681/16/3 6699/16/3
f 6703/16/3 6702/16/3 6701/16/3
f 6704/16/3 6702/16/3 6703/16/3
f 6705/16/3 6702/16/3 6704/16/3
f 6706/16/3 6702/16/3 6705/16/3
f 6710/19/3 6708/19/3 6707/19/3
f 6711/19/3 6708/19/3 6710/19/3
f 6712/19/3 6708/19/3 6711/19/3
f 6713/19/3 6710/19/3 6709/19/3
f 6713/19/3 6711/19/3 6710/19/3
f 6714/21/3 6712/21/3 6711/21/3
f 6714/19/3 6711/19/3 6713/19/3
f 6715/19/3 6708/19/3 6712/19/3
f 6715/21/3 6712/21/3 6714/21/3
f 6716/19/3 6708/19/3 6715/19/3
f 6719/16/3 6718/16/3 6717/16/3
f 6720/16/3 6718/16/3 6719/16/3
f 6721/16/3 6718/16/3 6720/16/3
f 6722/16/3 6718/16/3 6721/16/3
f 6725/27/3 6724/27/3 6723/27/3
f 6726/27/3 6724/27/3 6725/27/3
f 6729/16/3 6728/16/3 6727/16/3
f 6730/16/3 6728/16/3 6729/16/3
f 6731/16/3 6728/16/3 6730/16/3
f 6732/16/3 6728/16/3 6731/16/3
f 6735/16/3 6734/16/3 6733/16/3
f 6736/16/3 6734/16/3 6735/16/3
f 6737/16/3 6734/16/3 6736/16/3
f 6738/16/3 6734/16/3 6737/16/3
f 6741/27/3 6740/27/3 6739/27/3
f 6742/27/3 6740/27/3 6741/27/3
f 6743/27/3 6741/27/3 6739/27/3
f 6743/30/3 6742/30/3 6741/30/3
f 6744/30/3 6742/30/3 6743/30/3
f 6745/27/3 6743/27/3 6739/27/3
f 6745/27/3 6744/27/3 6743/27/3
f 6746/27/3 6744/27/3 6745/27/3
f 6748/27/3 6744/27/3 6746/27/3
f 6749/27/3 6744/27/3 6748/27/3
f 6749/27/3 6748/27/3 6747/27/3
f 6751/27/3 6749/27/3 6747/27/3
f 6751/27/3 6750/27/3 6749/27/3
f 6752/27/3 6750/27/3 6751/27/3
f 6753/27/3 6750/27/3 6752/27/3
f 6754/27/3 6750/27/3 6753/27/3
f 6756/27/3 6753/27/3 6752/27/3
f 6757/27/3 6756/27/3 6755/27/3
f 6758/27/3 6753/27/3 6756/27/3
f 6758/27/3 6756/27/3 6757/27/3
f 6761/27/3 6760/27/3 6759/27/3
f 6762/27/3 6760/27/3 6761/27/3
f 6765/26/3 6764/26/3 6763/26/3
f 6766/26/3 6764/26/3 6765/26/3
f 6769/16/3 6768/16/3 6767/16/3
f 6770/16/3 6768/16/3 6769/16/3
f 6771/16/3 6768/16/3 6770/16/3
f 6772/16/3 6768/16/3 6771/16/3
f 6775/16/3 6774/16/3 6773/16/3
f 6776/16/3 6774/16/3 6775/16/3
f 6777/16/3 6774/16/3 6776/16/3
f 6778/16/3 6774/16/3 6777/16/3
f 6781/27/3 6780/27/3 6779/27/3
f 6782/27/3 6780/27/3 6781/27/3
f 6783/27/3 6780/27/3 6782/27/3
f 6784/27/3 6780/27/3 6783/27/3
f 6787/27/3 6786/27/3 6785/27/3
f 6788/27/3 6786/27/3 6787/27/3
f 6789/27/3 6786/27/3 6788/27/3
f 6790/30/3 6789/30/3 6788/30/3
f 6791/30/3 6789/30/3 6790/30/3
f 6794/16/3 6793/16/3 6792/16/3
f 6795/16/3 6793/16/3 6794/16/3
f 6796/16/3 6793/16/3 6795/16/3
f 6797/16/3 6793/16/3 6796/16/3
f 6800/13/3 6799/13/3 6798/13/3
f 6801/13/3 6799/13/3 6800/13/3
f 6804/16/3 6803/16/3 6802/16/3
f 6805/16/3 6803/16/3 6804/16/3
f 6806/16/3 6803/16/3 6805/16/3
f 6807/16/3 6803/16/3 6806/16/3
f 6810/27/3 6809/27/3 6808/27/3
f 6811/27/3 6809/27/3 6810/27/3
f 6814/23/3 6813/23/3 6812/23/3
f 6815/23/3 6813/23/3 6814/23/3
f 6818/16/3 6817/16/3 6816/16/3
f 6819/16/3 6817/16/3 6818/16/3
f 6820/16/3 6817/16/3 6819/16/3
f 6821/16/3 6817/16/3 6820/16/3
f 6824/23/3 6823/23/3 6822/23/3
f 6825/23/3 6823/23/3 6824/23/3
f 6827/23/3 6823/23/3 6825/23/3
f 6828/23/3 6827/23/3 6826/23/3
f 6829/23/3 6823/23/3 6827/23/3
f 6829/23/3 6827/23/3 6828/23/3
f 6834/12/3 6831/12/3 6830/12/3
f 6835/12/3 6831/12/3 6834/12/3
f 6836/12/3 6831/12/3 6835/12/3
f 6837/12/3 6831/12/3 6836/12/3
f 6838/12/3 6833/12/3 6832/12/3
f 6839/12/3 6833/12/3 6838/12/3
f 6842/27/3 6841/27/3 6840/27/3
f 6843/27/3 6841/27/3 6842/27/3
f 6848/12/3 6845/12/3 6844/12/3
f 6849/12/3 6845/12/3 6848/12/3
f 6850/12/3 6847/12/3 6846/12/3
f 6851/12/3 6847/12/3 6850/12/3
f 6854/16/3 6853/16/3 6852/16/3
f 6855/16/3 6853/16/3 6854/16/3
f 6856/16/3 6853/16/3 6855/16/3
f 6857/16/3 6853/16/3 6856/16/3
f 6860/13/3 6859/13/3 6858/13/3
f 6861/13/3 6859/13/3 6860/13/3
f 6867/13/3 6865/13/3 6864/13/3
f 6868/13/3 6867/13/3 6866/13/3
f 6869/13/3 6865/13/3 6867/13/3
f 6869/13/3 6867/13/3 6868/13/3
f 6872/13/3 6871/13/3 6870/13/3
f 6873/13/3 6871/13/3 6872/13/3
f 6874/14/3 6863/14/3 6862/14/3
f 6875/14/3 6863/14/3 6874/14/3
f 6893/15/3 6877/15/3 6876/15/3
f 6893/14/3 6878/14/3 6877/14/3
f 6894/15/3 6879/15/3 6878/15/3
f 6894/14/3 6878/14/3 6893/14/3
f 6895/14/3 6880/14/3 6879/14/3
f 6895/15/3 6879/15/3 6894/15/3
f 6896/15/3 6881/15/3 6880/15/3
f 6896/14/3 6880/14/3 6895/14/3
f 6897/14/3 6882/14/3 6881/14/3
f 6897/15/3 6881/15/3 6896/15/3
f 6898/15/3 6883/15/3 6882/15/3
f 6898/14/3 6882/14/3 6897/14/3
f 6899/14/3 6884/14/3 6883/14/3
f 6899/15/3 6883/15/3 6898/15/3
f 6900/14/3 6884/14/3 6899/14/3
f 6901/15/3 6886/15/3 6885/15/3
f 6901/14/3 6887/14/3 6886/14/3
f 6902/15/3 6888/15/3 6887/15/3
f 6902/14/3 6887/14/3 6901/14/3
f 6903/14/3 6889/14/3 6888/14/3
f 6903/15/3 6888/15/3 6902/15/3
f 6904/15/3 6890/15/3 6889/15/3
f 6904/14/3 6889/14/3 6903/14/3
f 6905/15/3 6893/15/3 6876/15/3
f 6905/15/3 6894/15/3 6893/15/3
f 6905/15/3 6895/15/3 6894/15/3
f 6905/15/3 6896/15/3 6895/15/3
f 6905/15/3 6897/15/3 6896/15/3
f 6905/15/3 6898/15/3 6897/15/3
f 6905/15/3 6899/15/3 6898/15/3
f 6905/15/3 6900/15/3 6899/15/3
f 6906/15/3 6900/15/3 6905/15/3
f 6907/15/3 6904/15/3 6903/15/3
f 6907/15/3 6903/15/3 6902/15/3
f 6907/15/3 6902/15/3 6901/15/3
f 6907/15/3 6901/15/3 6885/15/3
f 6908/15/3 6904/15/3 6907/15/3
f 6909/15/3 6904/15/3 6908/15/3
f 6910/15/3 6904/15/3 6909/15/3
f 6912/15/3 6907/15/3 6885/15/3
f 6913/14/3 6908/14/3 6907/14/3
f 6913/15/3 6907/15/3 6912/15/3
f 6914/14/3 6908/14/3 6913/14/3
f 6915/15/3 6904/15/3 6910/15/3
f 6915/14/3 6910/14/3 6909/14/3
f 6916/15/3 6904/15/3 6915/15/3
f 6917/15/3 6890/15/3 6904/15/3
f 6917/15/3 6904/15/3 6916/15/3
f 6918/15/3 6890/15/3 6917/15/3
f 6919/15/3 6905/15/3 6876/15/3
f 6920/15/3 6914/15/3 6913/15/3
f 6920/15/3 6912/15/3 6911/15/3
f 6920/15/3 6913/15/3 6912/15/3
f 6921/15/3 6914/15/3 6920/15/3
f 6922/15/3 6914/15/3 6921/15/3
f 6923/14/3 6908/14/3 6914/14/3
f 6923/15/3 6914/15/3 6922/15/3
f 6924/15/3 6909/15/3 6908/15/3
f 6924/14/3 6908/14/3 6923/14/3
f 6925/14/3 6916/14/3 6915/14/3
f 6925/15/3 6909/15/3 6924/15/3
f 6925/14/3 6915/14/3 6909/14/3
f 6926/15/3 6917/15/3 6916/15/3
f 6926/14/3 6916/14/3 6925/14/3
f 6927/14/3 6891/14/3 6890/14/3
f 6927/15/3 6890/15/3 6918/15/3
f 6928/15/3 6892/15/3 6891/15/3
f 6928/14/3 6891/14/3 6927/14/3
f 6929/15/3 6921/15/3 6920/15/3
f 6929/15/3 6920/15/3 6919/15/3
f 6930/15/3 6921/15/3 6929/15/3
f 6931/15/3 6921/15/3 6930/15/3
f 6932/15/3 6921/15/3 6931/15/3
f 6933/15/3 6921/15/3 6932/15/3
f 6934/14/3 6922/14/3 6921/14/3
f 6934/15/3 6921/15/3 6933/15/3
f 6935/15/3 6917/15/3 6926/15/3
f 6935/15/3 6924/15/3 6923/15/3
f 6935/15/3 6926/15/3 6925/15/3
f 6935/14/3 6918/14/3 6917/14/3
f 6935/15/3 6923/15/3 6922/15/3
f 6935/15/3 6925/15/3 6924/15/3
f 6936/15/3 6927/15/3 6918/15/3
f 6936/14/3 6918/14/3 6935/14/3
f 6936/15/3 6928/15/3 6927/15/3
f 6937/15/3 6928/15/3 6936/15/3
f 6938/15/3 6892/15/3 6928/15/3
f 6938/15/3 6928/15/3 6937/15/3
f 6939/15/3 6919/15/3 6876/15/3
f 6939/15/3 6929/15/3 6919/15/3
f 6940/15/3 6929/15/3 6939/15/3
f 6941/15/3 6929/15/3 6940/15/3
f 6942/15/3 6929/15/3 6941/15/3
f 6943/14/3 6930/14/3 6929/14/3
f 6943/15/3 6929/15/3 6942/15/3
f 6944/15/3 6931/15/3 6930/15/3
f 6944/14/3 6930/14/3 6943/14/3
f 6945/14/3 6932/14/3 6931/14/3
f 6945/15/3 6931/15/3 6944/15/3
f 6946/15/3 6933/15/3 6932/15/3
f 6946/14/3 6932/14/3 6945/14/3
f 6947/15/3 6935/15/3 6922/15/3
f 6947/15/3 6937/15/3 6936/15/3
f 6947/15/3 6936/15/3 6935/15/3
f 6948/15/3 6937/15/3 6947/15/3
f 6949/15/3 6933/15/3 6946/15/3
f 6949/14/3 6934/14/3 6933/14/3
f 6949/15/3 6945/15/3 6944/15/3
f 6949/15/3 6944/15/3 6943/15/3
f 6949/15/3 6943/15/3 6942/15/3
f 6949/15/3 6946/15/3 6945/15/3
f 6950/14/3 6922/14/3 6934/14/3
f 6950/14/3 6934/14/3 6949/14/3
f 6955/14/3 6940/14/3 6939/14/3
f 6955/15/3 6939/15/3 6876/15/3
f 6956/14/3 6940/14/3 6955/14/3
f 6957/14/3 6940/14/3 6956/14/3
f 6958/15/3 6941/15/3 6940/15/3
f 6958/14/3 6940/14/3 6957/14/3
f 6959/15/3 6949/15/3 6942/15/3
f 6959/15/3 6950/15/3 6949/15/3
f 6960/15/3 6950/15/3 6959/15/3
f 6961/14/3 6957/14/3 6956/14/3
f 6961/15/3 6956/15/3 6955/15/3
f 6962/15/3 6958/15/3 6957/15/3
f 6962/14/3 6957/14/3 6961/14/3
f 6963/15/3 6941/15/3 6958/15/3
f 6963/15/3 6958/15/3 6962/15/3
f 6963/14/3 6942/14/3 6941/14/3
f 6964/15/3 6959/15/3 6942/15/3
f 6964/14/3 6942/14/3 6963/14/3
f 6965/15/3 6950/15/3 6960/15/3
f 6965/14/3 6922/14/3 6950/14/3
f 6966/15/3 6947/15/3 6922/15/3
f 6966/14/3 6922/14/3 6965/14/3
f 6967/12/3 6952/12/3 6951/12/3
f 6968/12/3 6952/12/3 6967/12/3
f 6969/12/3 6954/12/3 6953/12/3
f 6970/12/3 6954/12/3 6969/12/3
f 6971/15/3 6937/15/3 6948/15/3
f 6971/14/3 6938/14/3 6937/14/3
f 6972/14/3 6938/14/3 6971/14/3
f 6973/15/3 6962/15/3 6961/15/3
f 6973/15/3 6963/15/3 6962/15/3
f 6973/15/3 6961/15/3 6955/15/3
f 6973/15/3 6964/15/3 6963/15/3
f 6973/15/3 6955/15/3 6876/15/3
f 6974/15/3 6964/15/3 6973/15/3
f 6975/15/3 6964/15/3 6974/15/3
f 6976/15/3 6959/15/3 6964/15/3
f 6976/15/3 6964/15/3 6975/15/3
f 6977/15/3 6947/15/3 6966/15/3
f 6977/15/3 6966/15/3 6965/15/3
f 6980/15/3 6972/15/3 6971/15/3
f 6980/15/3 6971/15/3 6948/15/3
f 6981/15/3 6972/15/3 6980/15/3
f 6982/15/3 6972/15/3 6981/15/3
f 6983/15/3 6975/15/3 6974/15/3
f 6983/14/3 6976/14/3 6975/14/3
f 6984/14/3 6976/14/3 6983/14/3
f 6985/14/3 6982/14/3 6981/14/3
f 6985/15/3 6980/15/3 6979/15/3
f 6985/15/3 6981/15/3 6980/15/3
f 6986/15/3 6972/15/3 6982/15/3
f 6986/14/3 6982/14/3 6985/14/3
f 6987/15/3 6972/15/3 6986/15/3
f 6988/15/3 6985/15/3 6979/15/3
f 6988/15/3 6986/15/3 6985/15/3
f 6989/15/3 6986/15/3 6988/15/3
f 6990/14/3 6987/14/3 6986/14/3
f 6990/15/3 6986/15/3 6989/15/3
f 6991/14/3 6987/14/3 6990/14/3
f 6992/15/3 6973/15/3 6876/15/3
f 6992/14/3 6974/14/3 6973/14/3
f 6993/15/3 6984/15/3 6983/15/3
f 6993/14/3 6974/14/3 6992/14/3
f 6993/15/3 6983/15/3 6974/15/3
f 6994/15/3 6984/15/3 6993/15/3
f 6995/14/3 6976/14/3 6984/14/3
f 6995/15/3 6984/15/3 6994/15/3
f 6996/15/3 6959/15/3 6976/15/3
f 6996/14/3 6976/14/3 6995/14/3
f 6997/15/3 6978/15/3 6977/15/3
f 6997/15/3 6977/15/3 6965/15/3
f 6998/15/3 6978/15/3 6997/15/3
f 6999/15/3 6988/15/3 6979/15/3
f 7000/14/3 6989/14/3 6988/14/3
f 7000/15/3 6988/15/3 6999/15/3
f 7001/15/3 6995/15/3 6994/15/3
f 7001/15/3 6996/15/3 6995/15/3
f 7002/15/3 6996/15/3 7001/15/3
f 7003/15/3 6959/15/3 6996/15/3
f 7003/15/3 6996/15/3 7002/15/3
f 7004/15/3 6965/15/3 6960/15/3
f 7004/15/3 6997/15/3 6965/15/3
f 7005/15/3 6997/15/3 7004/15/3
f 7006/15/3 6997/15/3 7005/15/3
f 7007/14/3 6998/14/3 6997/14/3
f 7007/15/3 6997/15/3 7006/15/3
f 7008/15/3 6978/15/3 6998/15/3
f 7008/14/3 6998/14/3 7007/14/3
f 7009/15/3 6978/15/3 7008/15/3
f 7010/15/3 6978/15/3 7009/15/3
f 7011/14/3 6979/14/3 6978/14/3
f 7011/15/3 6978/15/3 7010/15/3
f 7012/15/3 6999/15/3 6979/15/3
f 7012/14/3 6979/14/3 7011/14/3
f 7013/15/3 6999/15/3 7012/15/3
f 7014/14/3 6989/14/3 7000/14/3
f 7014/14/3 7000/14/3 6999/14/3
f 7015/14/3 6989/14/3 7014/14/3
f 7016/15/3 6991/15/3 6990/15/3
f 7016/14/3 6989/14/3 7015/14/3
f 7016/15/3 6990/15/3 6989/15/3
f 7017/15/3 6991/15/3 7016/15/3
f 7018/14/3 7002/14/3 7001/14/3
f 7018/15/3 7001/15/3 6994/15/3
f 7019/15/3 7003/15/3 7002/15/3
f 7019/14/3 7002/14/3 7018/14/3
f 7019/15/3 7004/15/3 7003/15/3
f 7019/15/3 7005/15/3 7004/15/3
f 7020/15/3 7005/15/3 7019/15/3
f 7021/15/3 7005/15/3 7020/15/3
f 7022/15/3 7005/15/3 7021/15/3
f 7023/14/3 7006/14/3 7005/14/3
f 7023/15/3 7005/15/3 7022/15/3
f 7024/15/3 7007/15/3 7006/15/3
f 7024/14/3 7006/14/3 7023/14/3
f 7024/15/3 7008/15/3 7007/15/3
f 7025/14/3 7009/14/3 7008/14/3
f 7025/15/3 7008/15/3 7024/15/3
f 7026/15/3 7010/15/3 7009/15/3
f 7026/14/3 7009/14/3 7025/14/3
f 7027/15/3 6999/15/3 7013/15/3
f 7027/14/3 7014/14/3 6999/14/3
f 7028/15/3 7015/15/3 7014/15/3
f 7028/14/3 7014/14/3 7027/14/3
f 7029/14/3 6994/14/3 6993/14/3
f 7029/15/3 6993/15/3 6992/15/3
f 7030/15/3 7018/15/3 6994/15/3
f 7030/14/3 6994/14/3 7029/14/3
f 7030/15/3 7019/15/3 7018/15/3
f 7030/15/3 7020/15/3 7019/15/3
f 7031/15/3 7025/15/3 7024/15/3
f 7031/15/3 7010/15/3 7026/15/3
f 7031/14/3 7013/14/3 7012/14/3
f 7031/15/3 7026/15/3 7025/15/3
f 7031/15/3 7024/15/3 7023/15/3
f 7031/14/3 7011/14/3 7010/14/3
f 7031/14/3 7012/14/3 7011/14/3
f 7032/14/3 7013/14/3 7031/14/3
f 7033/14/3 7013/14/3 7032/14/3
f 7034/15/3 7027/15/3 7013/15/3
f 7034/14/3 7013/14/3 7033/14/3
f 7034/15/3 7028/15/3 7027/15/3
f 7035/15/3 7020/15/3 7030/15/3
f 7035/15/3 7030/15/3 7029/15/3
f 7035/14/3 7021/14/3 7020/14/3
f 7036/15/3 7022/15/3 7021/15/3
f 7036/14/3 7021/14/3 7035/14/3
f 7037/15/3 7022/15/3 7036/15/3
f 7038/15/3 7022/15/3 7037/15/3
f 7039/15/3 7022/15/3 7038/15/3
f 7040/15/3 7022/15/3 7039/15/3
f 7041/14/3 7023/14/3 7022/14/3
f 7041/15/3 7022/15/3 7040/15/3
f 7042/15/3 7031/15/3 7023/15/3
f 7042/14/3 7023/14/3 7041/14/3
f 7042/15/3 7032/15/3 7031/15/3
f 7043/15/3 7032/15/3 7042/15/3
f 7044/15/3 7032/15/3 7043/15/3
f 7045/15/3 7032/15/3 7044/15/3
f 7046/15/3 7032/15/3 7045/15/3
f 7047/15/3 7028/15/3 7034/15/3
f 7047/15/3 7034/15/3 7033/15/3
f 7048/15/3 7028/15/3 7047/15/3
f 7049/15/3 7015/15/3 7028/15/3
f 7049/15/3 7028/15/3 7048/15/3
f 7050/15/3 6991/15/3 7017/15/3
f 7051/15/3 7029/15/3 6992/15/3
f 7051/15/3 6992/15/3 6876/15/3
f 7051/15/3 7035/15/3 7029/15/3
f 7051/15/3 7036/15/3 7035/15/3
f 7051/15/3 7037/15/3 7036/15/3
f 7052/14/3 7038/14/3 7037/14/3
f 7052/15/3 7037/15/3 7051/15/3
f 7053/15/3 7039/15/3 7038/15/3
f 7053/14/3 7038/14/3 7052/14/3
f 7054/14/3 7040/14/3 7039/14/3
f 7054/15/3 7039/15/3 7053/15/3
f 7055/15/3 7041/15/3 7040/15/3
f 7055/14/3 7040/14/3 7054/14/3
f 7055/15/3 7042/15/3 7041/15/3
f 7055/15/3 7043/15/3 7042/15/3
f 7056/14/3 7044/14/3 7043/14/3
f 7056/15/3 7043/15/3 7055/15/3
f 7057/15/3 7045/15/3 7044/15/3
f 7057/14/3 7044/14/3 7056/14/3
f 7058/14/3 7046/14/3 7045/14/3
f 7058/15/3 7045/15/3 7057/15/3
f 7059/15/3 7032/15/3 7046/15/3
f 7059/14/3 7046/14/3 7058/14/3
f 7060/14/3 7033/14/3 7032/14/3
f 7060/15/3 7032/15/3 7059/15/3
f 7061/15/3 7047/15/3 7033/15/3
f 7061/14/3 7033/14/3 7060/14/3
f 7062/14/3 7048/14/3 7047/14/3
f 7062/15/3 7047/15/3 7061/15/3
f 7063/15/3 7050/15/3 7049/15/3
f 7063/14/3 7048/14/3 7062/14/3
f 7063/15/3 7049/15/3 7048/15/3
f 7064/15/3 6991/15/3 7050/15/3
f 7064/15/3 7050/15/3 7063/15/3
f 7067/16/3 7066/16/3 7065/16/3
f 7068/16/3 7066/16/3 7067/16/3
f 7069/16/3 7066/16/3 7068/16/3
f 7070/16/3 7066/16/3 7069/16/3
f 7073/15/3 7072/15/3 7071/15/3
f 7074/15/3 7072/15/3 7073/15/3
f 7075/14/3 7074/14/3 7073/14/3
f 7076/14/3 7074/14/3 7075/14/3
f 7077/15/3 7076/15/3 7075/15/3
f 7080/13/3 7079/13/3 7078/13/3
f 7081/13/3 7079/13/3 7080/13/3
f 7082/13/3 7080/13/3 7078/13/3
f 7083/13/3 7079/13/3 7081/13/3
f 7084/15/3 7076/15/3 7077/15/3
f 7085/13/3 7083/13/3 7082/13/3
f 7085/13/3 7082/13/3 7078/13/3
f 7086/13/3 7083/13/3 7085/13/3
f 7087/13/3 7083/13/3 7086/13/3
f 7088/13/3 7079/13/3 7083/13/3
f 7088/13/3 7083/13/3 7087/13/3
f 7089/15/3 7076/15/3 7084/15/3
f 7090/15/3 7076/15/3 7089/15/3
f 7094/13/3 7092/13/3 7091/13/3
f 7094/13/3 7093/13/3 7092/13/3
f 7095/13/3 7093/13/3 7094/13/3
f 7096/13/3 7094/13/3 7091/13/3
f 7097/14/3 7095/14/3 7094/14/3
f 7097/13/3 7094/13/3 7096/13/3
f 7098/14/3 7095/14/3 7097/14/3
f 7099/15/3 7076/15/3 7090/15/3
f 7100/15/3 7076/15/3 7099/15/3
f 7103/16/3 7102/16/3 7101/16/3
f 7104/16/3 7102/16/3 7103/16/3
f 7105/16/3 7102/16/3 7104/16/3
f 7106/16/3 7102/16/3 7105/16/3
f 7109/27/3 7108/27/3 7107/27/3
f 7110/27/3 7108/27/3 7109/27/3
f 7111/30/3 7110/30/3 7109/30/3
f 7112/30/3 7110/30/3 7111/30/3
f 7113/27/3 7112/27/3 7111/27/3
f 7114/27/3 7112/27/3 7113/27/3
f 7115/30/3 7114/30/3 7113/30/3
f 7116/30/3 7114/30/3 7115/30/3
f 7117/27/3 7116/27/3 7115/27/3
f 7118/27/3 7116/27/3 7117/27/3
f 7121/14/3 7120/14/3 7119/14/3
f 7122/14/3 7120/14/3 7121/14/3
f 7125/16/3 7124/16/3 7123/16/3
f 7126/16/3 7124/16/3 7125/16/3
f 7127/16/3 7124/16/3 7126/16/3
f 7128/16/3 7124/16/3 7127/16/3
f 7131/14/3 7130/14/3 7129/14/3
f 7132/14/3 7130/14/3 7131/14/3
f 7137/14/3 7134/14/3 7133/14/3
f 7138/14/3 7134/14/3 7137/14/3
f 7139/15/3 7136/15/3 7135/15/3
f 7140/15/3 7136/15/3 7139/15/3
f 7143/15/3 7142/15/3 7141/15/3
f 7144/15/3 7142/15/3 7143/15/3
f 7147/16/3 7146/16/3 7145/16/3
f 7148/16/3 7146/16/3 7147/16/3
f 7149/16/3 7146/16/3 7148/16/3
f 7150/16/3 7146/16/3 7149/16/3
f 7153/14/3 7152/14/3 7151/14/3
f 7154/14/3 7152/14/3 7153/14/3
f 7157/27/3 7156/27/3 7155/27/3
f 7158/27/3 7156/27/3 7157/27/3
f 7161/27/3 7160/27/3 7159/27/3
f 7162/27/3 7160/27/3 7161/27/3
f 7165/16/3 7164/16/3 7163/16/3
f 7166/16/3 7164/16/3 7165/16/3
f 7167/16/3 7164/16/3 7166/16/3
f 7168/16/3 7164/16/3 7167/16/3
f 7172/14/3 7170/14/3 7169/14/3
f 7172/14/3 7171/14/3 7170/14/3
f 7173/14/3 7171/14/3 7172/14/3
f 7176/14/3 7175/14/3 7174/14/3
f 7177/14/3 7175/14/3 7176/14/3
f 7180/14/3 7179/14/3 7178/14/3
f 7181/14/3 7179/14/3 7180/14/3
f 7184/14/3 7183/14/3 7182/14/3
f 7185/14/3 7183/14/3 7184/14/3
f 7188/16/3 7187/16/3 7186/16/3
f 7189/16/3 7187/16/3 7188/16/3
f 7190/16/3 7187/16/3 7189/16/3
f 7191/16/3 7187/16/3 7190/16/3
f 7194/16/3 7193/16/3 7192/16/3
f 7195/16/3 7193/16/3 7194/16/3
f 7196/16/3 7193/16/3 7195/16/3
f 7197/16/3 7193/16/3 7196/16/3
f 7200/14/3 7199/14/3 7198/14/3
f 7201/14/3 7199/14/3 7200/14/3
f 7205/15/3 7203/15/3 7202/15/3
f 7206/14/3 7204/14/3 7203/14/3
f 7206/15/3 7203/15/3 7205/15/3
f 7207/14/3 7204/14/3 7206/14/3
f 7210/14/3 7209/14/3 7208/14/3
f 7211/14/3 7209/14/3 7210/14/3
f 7214/27/3 7213/27/3 7212/27/3
f 7215/27/3 7213/27/3 7214/27/3
f 7218/14/3 7217/14/3 7216/14/3
f 7219/14/3 7217/14/3 7218/14/3
f 7222/16/3 7221/16/3 7220/16/3
f 7223/16/3 7221/16/3 7222/16/3
f 7224/16/3 7221/16/3 7223/16/3
f 7225/16/3 7221/16/3 7224/16/3
f 7228/20/3 7227/20/3 7226/20/3
f 7229/20/3 7227/20/3 7228/20/3
f 7230/27/3 7229/27/3 7228/27/3
f 7231/27/3 7229/27/3 7230/27/3
f 7234/15/3 7233/15/3 7232/15/3
f 7235/15/3 7233/15/3 7234/15/3
f 7238/23/3 7237/23/3 7236/23/3
f 7239/23/3 7237/23/3 7238/23/3
f 7240/23/3 7237/23/3 7239/23/3
f 7242/27/3 7240/27/3 7239/27/3
f 7243/23/3 7242/23/3 7241/23/3
f 7244/27/3 7240/27/3 7242/27/3
f 7244/23/3 7242/23/3 7243/23/3
f 7245/27/3 7240/27/3 7244/27/3
f 7248/16/3 7247/16/3 7246/16/3
f 7249/16/3 7247/16/3 7248/16/3
f 7250/16/3 7247/16/3 7249/16/3
f 7251/16/3 7247/16/3 7250/16/3
f 7254/16/3 7253/16/3 7252/16/3
f 7255/16/3 7253/16/3 7254/16/3
f 7256/16/3 7253/16/3 7255/16/3
f 7257/16/3 7253/16/3 7256/16/3
f 7260/16/3 7259/16/3 7258/16/3
f 7261/16/3 7259/16/3 7260/16/3
f 7271/19/3 7263/19/3 7262/19/3
f 7272/19/3 7263/19/3 7271/19/3
f 7273/19/3 7265/19/3 7264/19/3
f 7274/19/3 7265/19/3 7273/19/3
f 7275/19/3 7267/19/3 7266/19/3
f 7276/19/3 7267/19/3 7275/19/3
f 7277/19/3 7269/19/3 7268/19/3
f 7278/19/3 7276/19/3 7275/19/3
f 7278/19/3 7277/19/3 7276/19/3
f 7278/19/3 7272/19/3 7271/19/3
f 7278/19/3 7274/19/3 7273/19/3
f 7278/19/3 7275/19/3 7274/19/3
f 7278/19/3 7271/19/3 7270/19/3
f 7278/19/3 7273/19/3 7272/19/3
f 7279/19/3 7269/19/3 7277/19/3
f 7279/19/3 7277/19/3 7278/19/3
f 7280/16/3 7259/16/3 7261/16/3
f 7281/16/3 7259/16/3 7280/16/3
f 7284/26/3 7283/26/3 7282/26/3
f 7285/26/3 7283/26/3 7284/26/3
f 7292/19/3 7287/19/3 7286/19/3
f 7293/19/3 7287/19/3 7292/19/3
f 7294/19/3 7289/19/3 7288/19/3
f 7295/19/3 7289/19/3 7294/19/3
f 7296/19/3 7291/19/3 7290/19/3
f 7297/19/3 7291/19/3 7296/19/3
f 7300/16/3 7299/16/3 7298/16/3
f 7301/16/3 7299/16/3 7300/16/3
f 7304/26/3 7303/26/3 7302/26/3
f 7305/26/3 7303/26/3 7304/26/3
f 7306/26/3 7303/26/3 7305/26/3
f 7307/26/3 7303/26/3 7306/26/3
f 7308/26/3 7303/26/3 7307/26/3
f 7309/26/3 7303/26/3 7308/26/3
f 7310/16/3 7299/16/3 7301/16/3
f 7311/16/3 7299/16/3 7310/16/3
f 7314/27/3 7313/27/3 7312/27/3
f 7315/27/3 7313/27/3 7314/27/3
f 7318/26/3 7317/26/3 7316/26/3
f 7319/26/3 7317/26/3 7318/26/3
f 7320/26/4 7321/26/4 7322/26/4
f 7322/26/4 7321/26/4 7323/26/4
f 7324/26/4 7325/26/4 7326/26/4
f 7326/26/4 7325/26/4 7327/26/4
f 7328/27/4 7329/27/4 7330/27/4
f 7330/27/4 7329/27/4 7331/27/4
f 7332/16/4 7333/16/4 7334/16/4
f 7334/16/4 7333/16/4 7335/16/4
f 7335/16/4 7333/16/4 7336/16/4
f 7336/16/4 7333/16/4 7337/16/4
f 7338/16/4 7339/16/4 7340/16/4
f 7340/16/4 7339/16/4 7341/16/4
f 7342/19/4 7343/19/4 7348/19/4
f 7348/19/4 7343/19/4 7349/19/4
f 7344/19/4 7345/19/4 7350/19/4
f 7350/19/4 7345/19/4 7351/19/4
f 7346/19/4 7347/19/4 7352/19/4
f 7352/19/4 7347/19/4 7353/19/4
f 7341/16/4 7339/16/4 7354/16/4
f 7354/16/4 7339/16/4 7355/16/4
f 7356/19/4 7357/19/4 7365/19/4
f 7365/19/4 7357/19/4 7366/19/4
f 7358/19/4 7359/19/4 7367/19/4
f 7367/19/4 7359/19/4 7368/19/4
f 7360/19/4 7361/19/4 7369/19/4
f 7369/19/4 7361/19/4 7370/19/4
f 7362/19/4 7363/19/4 7371/19/4
f 7369/19/4 7370/19/4 7372/19/4
f 7370/19/4 7371/19/4 7372/19/4
f 7365/19/4 7366/19/4 7372/19/4
f 7367/19/4 7368/19/4 7372/19/4
f 7368/19/4 7369/19/4 7372/19/4
f 7364/19/4 7365/19/4 7372/19/4
f 7366/19/4 7367/19/4 7372/19/4
f 7371/19/4 7363/19/4 7373/19/4
f 7372/19/4 7371/19/4 7373/19/4
f 7374/16/4 7375/16/4 7376/16/4
f 7376/16/4 7375/16/4 7377/16/4
f 7377/16/4 7375/16/4 7378/16/4
f 7378/16/4 7375/16/4 7379/16/4
f 7380/16/4 7381/16/4 7382/16/4
f 7382/16/4 7381/16/4 7383/16/4
f 7383/16/4 7381/16/4 7384/16/4
f 7384/16/4 7381/16/4 7385/16/4
f 7386/26/4 7387/26/4 7388/26/4
f 7388/26/4 7387/26/4 7389/26/4
f 7390/16/4 7391/16/4 7392/16/4
f 7392/16/4 7391/16/4 7393/16/4
f 7393/16/4 7391/16/4 7394/16/4
f 7394/16/4 7391/16/4 7395/16/4
f 7396/27/4 7397/27/4 7400/27/4
f 7397/11/4 7398/11/4 7401/11/4
f 7400/27/4 7397/27/4 7401/27/4
f 7398/27/4 7399/27/4 7402/27/4
f 7401/11/4 7398/11/4 7402/11/4
f 7402/27/4 7399/27/4 7403/27/4
f 7404/27/4 7405/27/4 7406/27/4
f 7406/27/4 7405/27/4 7407/27/4
f 7407/27/4 7405/27/4 7408/27/4
f 7408/27/4 7405/27/4 7409/27/4
f 7409/27/4 7405/27/4 7410/27/4
f 7410/27/4 7405/27/4 7411/27/4
f 7411/27/4 7405/27/4 7412/27/4
f 7412/27/4 7405/27/4 7413/27/4
f 7413/27/4 7405/27/4 7414/27/4
f 7414/27/4 7405/27/4 7415/27/4
f 7407/27/4 7408/27/4 7416/27/4
f 7416/27/4 7408/27/4 7417/27/4
f 7417/27/4 7408/27/4 7418/27/4
f 7418/27/4 7408/27/4 7419/27/4
f 7413/27/4 7414/27/4 7420/27/4
f 7420/27/4 7414/27/4 7421/27/4
f 7421/27/4 7414/27/4 7422/27/4
f 7422/27/4 7414/27/4 7423/27/4
f 7409/27/4 7410/27/4 7424/27/4
f 7424/27/4 7410/27/4 7425/27/4
f 7425/27/4 7410/27/4 7426/27/4
f 7426/27/4 7410/27/4 7427/27/4
f 7411/27/4 7412/27/4 7428/27/4
f 7428/27/4 7412/27/4 7429/27/4
f 7429/27/4 7412/27/4 7430/27/4
f 7430/27/4 7412/27/4 7431/27/4
f 7432/27/4 7433/27/4 7434/27/4
f 7434/27/4 7433/27/4 7435/27/4
f 7436/16/4 7437/16/4 7438/16/4
f 7438/16/4 7437/16/4 7439/16/4
f 7439/16/4 7437/16/4 7440/16/4
f 7440/16/4 7437/16/4 7441/16/4
f 7442/27/4 7443/27/4 7444/27/4
f 7444/27/4 7443/27/4 7445/27/4
f 7445/27/4 7443/27/4 7446/27/4
f 7446/27/4 7443/27/4 7447/27/4
f 7448/16/4 7449/16/4 7450/16/4
f 7450/16/4 7449/16/4 7451/16/4
f 7451/16/4 7449/16/4 7452/16/4
f 7452/16/4 7449/16/4 7453/16/4
f 7454/16/4 7455/16/4 7456/16/4
f 7456/16/4 7455/16/4 7457/16/4
f 7457/16/4 7455/16/4 7458/16/4
f 7458/16/4 7455/16/4 7459/16/4
f 7460/27/4 7461/27/4 7462/27/4
f 7462/27/4 7461/27/4 7463/27/4
f 7463/27/4 7461/27/4 7464/27/4
f 7465/27/4 7466/27/4 7467/27/4
f 7467/27/4 7466/27/4 7468/27/4
f 7468/27/4 7466/27/4 7469/27/4
f 7469/27/4 7466/27/4 7470/27/4
f 7471/16/4 7472/16/4 7473/16/4
f 7473/16/4 7472/16/4 7474/16/4
f 7474/16/4 7472/16/4 7475/16/4
f 7475/16/4 7472/16/4 7476/16/4
f 7477/16/4 7478/16/4 7479/16/4
f 7479/16/4 7478/16/4 7480/16/4
f 7480/16/4 7478/16/4 7483/16/4
f 7483/16/4 7478/16/4 7484/16/4
f 7481/20/4 7482/20/4 7485/20/4
f 7485/20/4 7482/20/4 7486/20/4
f 7485/27/4 7486/27/4 7487/27/4
f 7487/27/4 7486/27/4 7488/27/4
f 7489/27/4 7490/27/4 7491/27/4
f 7491/27/4 7490/27/4 7492/27/4
f 7492/27/4 7490/27/4 7493/27/4
f 7494/16/4 7495/16/4 7496/16/4
f 7496/16/4 7495/16/4 7497/16/4
f 7497/16/4 7495/16/4 7498/16/4
f 7498/16/4 7495/16/4 7499/16/4
f 7500/26/4 7501/26/4 7502/26/4
f 7502/26/4 7501/26/4 7503/26/4
f 7504/27/4 7505/27/4 7506/27/4
f 7506/27/4 7505/27/4 7507/27/4
f 7508/27/4 7509/27/4 7510/27/4
f 7510/27/4 7509/27/4 7511/27/4
f 7512/16/4 7513/16/4 7514/16/4
f 7514/16/4 7513/16/4 7515/16/4
f 7516/27/4 7517/27/4 7518/27/4
f 7518/27/4 7517/27/4 7519/27/4
f 7519/27/4 7517/27/4 7520/27/4
f 7520/27/4 7517/27/4 7521/27/4
f 7521/27/4 7517/27/4 7522/27/4
f 7522/27/4 7517/27/4 7523/27/4
f 7523/27/4 7517/27/4 7524/27/4
f 7524/27/4 7517/27/4 7525/27/4
f 7525/27/4 7517/27/4 7526/27/4
f 7526/27/4 7517/27/4 7527/27/4
f 7519/27/4 7520/27/4 7528/27/4
f 7528/27/4 7520/27/4 7529/27/4
f 7521/27/4 7522/27/4 7530/27/4
f 7530/27/4 7522/27/4 7531/27/4
f 7523/27/4 7524/27/4 7532/27/4
f 7532/27/4 7524/27/4 7533/27/4
f 7525/27/4 7526/27/4 7534/27/4
f 7534/27/4 7526/27/4 7535/27/4
f 7527/27/4 7517/27/4 7536/27/4
f 7536/27/4 7517/27/4 7537/27/4
f 7515/16/4 7513/16/4 7538/16/4
f 7538/16/4 7513/16/4 7539/16/4
f 7542/13/4 7543/13/4 7544/13/4
f 7544/13/4 7543/13/4 7545/13/4
f 7540/26/4 7541/26/4 7546/26/4
f 7546/26/4 7541/26/4 7547/26/4
f 7548/16/4 7549/16/4 7550/16/4
f 7550/16/4 7549/16/4 7551/16/4
f 7551/16/4 7549/16/4 7552/16/4
f 7552/16/4 7549/16/4 7553/16/4
f 7554/16/4 7555/16/4 7556/16/4
f 7556/16/4 7555/16/4 7557/16/4
f 7557/16/4 7555/16/4 7558/16/4
f 7558/16/4 7555/16/4 7559/16/4
f 7560/27/4 7561/27/4 7562/27/4
f 7562/27/4 7561/27/4 7563/27/4
f 7563/27/4 7561/27/4 7564/27/4
f 7564/27/4 7561/27/4 7565/27/4
f 7564/30/4 7565/30/4 7566/30/4
f 7566/30/4 7565/30/4 7567/30/4
f 7568/12/4 7569/12/4 7570/12/4
f 7570/12/4 7569/12/4 7571/12/4
f 7572/16/4 7573/16/4 7574/16/4
f 7574/16/4 7573/16/4 7575/16/4
f 7575/16/4 7573/16/4 7576/16/4
f 7576/16/4 7573/16/4 7577/16/4
f 7578/27/4 7579/27/4 7580/27/4
f 7580/27/4 7579/27/4 7581/27/4
f 7581/27/4 7579/27/4 7582/27/4
f 7582/27/4 7579/27/4 7583/27/4
f 7583/27/4 7579/27/4 7584/27/4
f 7585/27/4 7586/27/4 7587/27/4
f 7587/27/4 7586/27/4 7588/27/4
f 7587/30/4 7588/30/4 7589/30/4
f 7589/30/4 7588/30/4 7590/30/4
f 7589/27/4 7590/27/4 7591/27/4
f 7591/27/4 7590/27/4 7592/27/4
f 7593/15/4 7594/15/4 7595/15/4
f 7595/15/4 7594/15/4 7596/15/4
f 7597/14/4 7598/14/4 7600/14/4
f 7598/15/4 7599/15/4 7601/15/4
f 7600/14/4 7598/14/4 7601/14/4
f 7601/15/4 7599/15/4 7602/15/4
f 7602/15/4 7599/15/4 7603/15/4
f 7603/15/4 7599/15/4 7604/15/4
f 7602/15/4 7603/15/4 7605/15/4
f 7605/15/4 7603/15/4 7606/15/4
f 7607/15/4 7608/15/4 7614/15/4
f 7614/15/4 7608/15/4 7615/15/4
f 7609/15/4 7610/15/4 7616/15/4
f 7610/14/4 7611/14/4 7617/14/4
f 7616/15/4 7610/15/4 7617/15/4
f 7611/15/4 7612/15/4 7618/15/4
f 7617/14/4 7611/14/4 7618/14/4
f 7612/14/4 7613/14/4 7619/14/4
f 7618/15/4 7612/15/4 7619/15/4
f 7619/14/4 7613/14/4 7620/14/4
f 7621/16/4 7622/16/4 7623/16/4
f 7623/16/4 7622/16/4 7624/16/4
f 7624/16/4 7622/16/4 7625/16/4
f 7625/16/4 7622/16/4 7626/16/4
f 7627/15/4 7628/15/4 7631/15/4
f 7631/15/4 7628/15/4 7632/15/4
f 7629/14/4 7630/14/4 7633/14/4
f 7633/14/4 7630/14/4 7634/14/4
f 7635/14/4 7636/14/4 7637/14/4
f 7637/14/4 7636/14/4 7638/14/4
f 7639/16/4 7640/16/4 7641/16/4
f 7641/16/4 7640/16/4 7642/16/4
f 7642/16/4 7640/16/4 7643/16/4
f 7643/16/4 7640/16/4 7644/16/4
f 7645/14/4 7646/14/4 7647/14/4
f 7647/14/4 7646/14/4 7648/14/4
f 7649/14/4 7650/14/4 7651/14/4
f 7651/14/4 7650/14/4 7652/14/4
f 7653/16/4 7654/16/4 7655/16/4
f 7655/16/4 7654/16/4 7656/16/4
f 7656/16/4 7654/16/4 7657/16/4
f 7657/16/4 7654/16/4 7658/16/4
f 7659/14/4 7660/14/4 7661/14/4
f 7661/14/4 7660/14/4 7662/14/4
f 7663/14/4 7664/14/4 7665/14/4
f 7665/14/4 7664/14/4 7666/14/4
f 7667/14/4 7668/14/4 7669/14/4
f 7669/14/4 7668/14/4 7670/14/4
f 7671/16/4 7672/16/4 7673/16/4
f 7673/16/4 7672/16/4 7674/16/4
f 7675/19/4 7676/19/4 7678/19/4
f 7677/19/4 7678/19/4 7679/19/4
f 7678/19/4 7676/19/4 7680/19/4
f 7679/19/4 7678/19/4 7680/19/4
f 7674/16/4 7672/16/4 7681/16/4
f 7681/16/4 7672/16/4 7682/16/4
f 7683/14/4 7684/14/4 7685/14/4
f 7685/14/4 7684/14/4 7686/14/4
f 7687/15/4 7688/15/4 7689/15/4
f 7689/15/4 7688/15/4 7690/15/4
f 7691/16/4 7692/16/4 7693/16/4
f 7693/16/4 7692/16/4 7694/16/4
f 7694/16/4 7692/16/4 7695/16/4
f 7695/16/4 7692/16/4 7696/16/4
f 7697/14/4 7698/14/4 7699/14/4
f 7699/14/4 7698/14/4 7700/14/4
f 7701/14/4 7702/14/4 7703/14/4
f 7703/14/4 7702/14/4 7704/14/4
f 7705/14/4 7706/14/4 7707/14/4
f 7707/14/4 7706/14/4 7708/14/4
f 7709/16/4 7710/16/4 7711/16/4
f 7711/16/4 7710/16/4 7712/16/4
f 7712/16/4 7710/16/4 7713/16/4
f 7713/16/4 7710/16/4 7714/16/4
f 7715/27/4 7716/27/4 7717/27/4
f 7717/27/4 7716/27/4 7718/27/4
f 7719/26/4 7720/26/4 7721/26/4
f 7721/26/4 7720/26/4 7722/26/4
f 7723/26/4 7724/26/4 7726/26/4
f 7726/26/4 7724/26/4 7727/26/4
f 7725/20/4 7726/20/4 7728/20/4
f 7726/27/4 7727/27/4 7729/27/4
f 7728/20/4 7726/20/4 7729/20/4
f 7728/27/4 7729/27/4 7730/27/4
f 7729/27/4 7727/27/4 7731/27/4
f 7730/27/4 7729/27/4 7731/27/4
f 7727/26/4 7724/26/4 7732/26/4
f 7731/27/4 7727/27/4 7732/27/4
f 7732/26/4 7724/26/4 7733/26/4
f 7731/1/4 7732/1/4 7734/1/4
f 7734/1/4 7732/1/4 7735/1/4
f 7736/16/4 7737/16/4 7738/16/4
f 7738/16/4 7737/16/4 7739/16/4
f 7739/16/4 7737/16/4 7740/16/4
f 7740/16/4 7737/16/4 7741/16/4
f 7742/15/4 7743/15/4 7744/15/4
f 7744/15/4 7743/15/4 7745/15/4
f 7744/14/4 7745/14/4 7746/14/4
f 7746/14/4 7745/14/4 7747/14/4
f 7746/15/4 7747/15/4 7748/15/4
f 7748/15/4 7747/15/4 7749/15/4
f 7750/20/4 7751/20/4 7755/20/4
f 7751/21/4 7752/21/4 7756/21/4
f 7755/20/4 7751/20/4 7756/20/4
f 7752/20/4 7753/20/4 7757/20/4
f 7756/21/4 7752/21/4 7757/21/4
f 7753/21/4 7754/21/4 7758/21/4
f 7757/20/4 7753/20/4 7758/20/4
f 7758/21/4 7754/21/4 7759/21/4
f 7756/27/4 7757/27/4 7760/27/4
f 7755/27/4 7756/27/4 7760/27/4
f 7758/21/4 7759/21/4 7760/21/4
f 7757/27/4 7758/27/4 7760/27/4
f 7760/21/4 7759/21/4 7761/21/4
f 7755/27/4 7760/27/4 7762/27/4
f 7760/27/4 7761/27/4 7762/27/4
f 7762/27/4 7761/27/4 7763/27/4
f 7764/15/4 7765/15/4 7770/15/4
f 7770/15/4 7765/15/4 7771/15/4
f 7765/14/4 7766/14/4 7772/14/4
f 7771/15/4 7765/15/4 7772/15/4
f 7766/15/4 7767/15/4 7773/15/4
f 7772/14/4 7766/14/4 7773/14/4
f 7767/14/4 7768/14/4 7774/14/4
f 7773/15/4 7767/15/4 7774/15/4
f 7768/15/4 7769/15/4 7775/15/4
f 7774/14/4 7768/14/4 7775/14/4
f 7770/14/4 7771/14/4 7776/14/4
f 7764/15/4 7770/15/4 7776/15/4
f 7776/14/4 7771/14/4 7777/14/4
f 7773/15/4 7774/15/4 7778/15/4
f 7771/15/4 7772/15/4 7778/15/4
f 7772/15/4 7773/15/4 7778/15/4
f 7774/15/4 7775/15/4 7778/15/4
f 7778/15/4 7775/15/4 7779/15/4
f 7779/15/4 7775/15/4 7780/15/4
f 7780/15/4 7775/15/4 7781/15/4
f 7781/15/4 7775/15/4 7782/15/4
f 7782/15/4 7775/15/4 7783/15/4
f 7783/15/4 7775/15/4 7784/15/4
f 7784/15/4 7775/15/4 7785/15/4
f 7785/15/4 7775/15/4 7786/15/4
f 7786/15/4 7775/15/4 7787/15/4
f 7775/15/4 7769/15/4 7788/15/4
f 7787/15/4 7775/15/4 7788/15/4
f 7788/15/4 7769/15/4 7789/15/4
f 7777/14/4 7771/14/4 7790/14/4
f 7776/15/4 7777/15/4 7790/15/4
f 7790/14/4 7771/14/4 7791/14/4
f 7771/15/4 7778/15/4 7792/15/4
f 7778/14/4 7779/14/4 7792/14/4
f 7779/15/4 7780/15/4 7793/15/4
f 7792/14/4 7779/14/4 7793/14/4
f 7780/14/4 7781/14/4 7794/14/4
f 7793/15/4 7780/15/4 7794/15/4
f 7781/15/4 7782/15/4 7795/15/4
f 7794/14/4 7781/14/4 7795/14/4
f 7782/14/4 7783/14/4 7796/14/4
f 7795/15/4 7782/15/4 7796/15/4
f 7783/15/4 7784/15/4 7797/15/4
f 7796/14/4 7783/14/4 7797/14/4
f 7784/14/4 7785/14/4 7798/14/4
f 7797/15/4 7784/15/4 7798/15/4
f 7785/15/4 7786/15/4 7799/15/4
f 7798/14/4 7785/14/4 7799/14/4
f 7786/14/4 7787/14/4 7800/14/4
f 7799/15/4 7786/15/4 7800/15/4
f 7787/15/4 7788/15/4 7801/15/4
f 7800/14/4 7787/14/4 7801/14/4
f 7801/15/4 7788/15/4 7802/15/4
f 7791/14/4 7771/14/4 7803/14/4
f 7790/15/4 7791/15/4 7803/15/4
f 7798/15/4 7799/15/4 7804/15/4
f 7803/14/4 7771/14/4 7804/14/4
f 7771/15/4 7792/15/4 7804/15/4
f 7800/15/4 7801/15/4 7804/15/4
f 7792/15/4 7793/15/4 7804/15/4
f 7799/15/4 7800/15/4 7804/15/4
f 7797/15/4 7798/15/4 7804/15/4
f 7796/15/4 7797/15/4 7804/15/4
f 7795/15/4 7796/15/4 7804/15/4
f 7794/15/4 7795/15/4 7804/15/4
f 7793/15/4 7794/15/4 7804/15/4
f 7804/15/4 7801/15/4 7805/15/4
f 7805/15/4 7801/15/4 7806/15/4
f 7802/15/4 7788/15/4 7807/15/4
f 7807/15/4 7788/15/4 7808/15/4
f 7808/15/4 7788/15/4 7809/15/4
f 7809/15/4 7788/15/4 7810/15/4
f 7788/14/4 7789/14/4 7811/14/4
f 7810/15/4 7788/15/4 7811/15/4
f 7789/15/4 7769/15/4 7812/15/4
f 7811/14/4 7789/14/4 7812/14/4
f 7803/15/4 7804/15/4 7813/15/4
f 7804/15/4 7805/15/4 7813/15/4
f 7813/15/4 7805/15/4 7814/15/4
f 7805/14/4 7806/14/4 7815/14/4
f 7814/15/4 7805/15/4 7815/15/4
f 7806/15/4 7801/15/4 7816/15/4
f 7815/14/4 7806/14/4 7816/14/4
f 7801/14/4 7802/14/4 7817/14/4
f 7816/15/4 7801/15/4 7817/15/4
f 7802/15/4 7807/15/4 7818/15/4
f 7817/14/4 7802/14/4 7818/14/4
f 7807/14/4 7808/14/4 7819/14/4
f 7818/15/4 7807/15/4 7819/15/4
f 7808/15/4 7809/15/4 7820/15/4
f 7819/14/4 7808/14/4 7820/14/4
f 7810/15/4 7811/15/4 7821/15/4
f 7811/15/4 7812/15/4 7821/15/4
f 7812/15/4 7769/15/4 7822/15/4
f 7821/15/4 7812/15/4 7822/15/4
f 7790/15/4 7803/15/4 7823/15/4
f 7764/15/4 7776/15/4 7823/15/4
f 7776/15/4 7790/15/4 7823/15/4
f 7803/15/4 7813/15/4 7823/15/4
f 7823/15/4 7813/15/4 7824/15/4
f 7824/15/4 7813/15/4 7825/15/4
f 7825/15/4 7813/15/4 7826/15/4
f 7814/15/4 7815/15/4 7827/15/4
f 7815/15/4 7816/15/4 7827/15/4
f 7818/15/4 7819/15/4 7827/15/4
f 7819/15/4 7820/15/4 7827/15/4
f 7816/15/4 7817/15/4 7827/15/4
f 7817/15/4 7818/15/4 7827/15/4
f 7827/15/4 7820/15/4 7828/15/4
f 7828/15/4 7820/15/4 7829/15/4
f 7829/15/4 7820/15/4 7830/15/4
f 7830/15/4 7820/15/4 7831/15/4
f 7831/15/4 7820/15/4 7832/15/4
f 7820/15/4 7809/15/4 7833/15/4
f 7832/15/4 7820/15/4 7833/15/4
f 7809/14/4 7810/14/4 7833/14/4
f 7810/15/4 7821/15/4 7834/15/4
f 7833/14/4 7810/14/4 7834/14/4
f 7823/14/4 7824/14/4 7835/14/4
f 7764/15/4 7823/15/4 7835/15/4
f 7824/15/4 7825/15/4 7836/15/4
f 7835/14/4 7824/14/4 7836/14/4
f 7826/15/4 7813/15/4 7837/15/4
f 7813/14/4 7814/14/4 7838/14/4
f 7837/15/4 7813/15/4 7838/15/4
f 7814/15/4 7827/15/4 7839/15/4
f 7838/14/4 7814/14/4 7839/14/4
f 7836/15/4 7825/15/4 7840/15/4
f 7835/15/4 7836/15/4 7840/15/4
f 7840/15/4 7825/15/4 7841/15/4
f 7825/14/4 7826/14/4 7842/14/4
f 7841/15/4 7825/15/4 7842/15/4
f 7826/15/4 7837/15/4 7843/15/4
f 7842/14/4 7826/14/4 7843/14/4
f 7843/15/4 7837/15/4 7844/15/4
f 7837/14/4 7838/14/4 7845/14/4
f 7844/15/4 7837/15/4 7845/15/4
f 7838/15/4 7839/15/4 7846/15/4
f 7845/14/4 7838/14/4 7846/14/4
f 7839/15/4 7827/15/4 7847/15/4
f 7846/15/4 7839/15/4 7847/15/4
f 7827/14/4 7828/14/4 7847/14/4
f 7828/15/4 7829/15/4 7848/15/4
f 7847/14/4 7828/14/4 7848/14/4
f 7829/14/4 7830/14/4 7849/14/4
f 7848/15/4 7829/15/4 7849/15/4
f 7830/15/4 7831/15/4 7850/15/4
f 7849/14/4 7830/14/4 7850/14/4
f 7831/14/4 7832/14/4 7851/14/4
f 7850/15/4 7831/15/4 7851/15/4
f 7832/15/4 7833/15/4 7852/15/4
f 7851/14/4 7832/14/4 7852/14/4
f 7833/15/4 7834/15/4 7852/15/4
f 7840/14/4 7841/14/4 7853/14/4
f 7835/15/4 7840/15/4 7853/15/4
f 7841/15/4 7842/15/4 7854/15/4
f 7853/14/4 7841/14/4 7854/14/4
f 7843/15/4 7844/15/4 7854/15/4
f 7842/15/4 7843/15/4 7854/15/4
f 7854/15/4 7844/15/4 7855/15/4
f 7849/15/4 7850/15/4 7856/15/4
f 7848/15/4 7849/15/4 7856/15/4
f 7845/15/4 7846/15/4 7856/15/4
f 7850/15/4 7851/15/4 7856/15/4
f 7846/15/4 7847/15/4 7856/15/4
f 7847/15/4 7848/15/4 7856/15/4
f 7851/15/4 7852/15/4 7856/15/4
f 7856/15/4 7852/15/4 7857/15/4
f 7857/15/4 7852/15/4 7858/15/4
f 7858/15/4 7852/15/4 7859/15/4
f 7852/15/4 7834/15/4 7860/15/4
f 7859/15/4 7852/15/4 7860/15/4
f 7860/15/4 7834/15/4 7861/15/4
f 7861/15/4 7834/15/4 7862/15/4
f 7862/15/4 7834/15/4 7863/15/4
f 7821/14/4 7822/14/4 7864/14/4
f 7863/15/4 7834/15/4 7864/15/4
f 7834/15/4 7821/15/4 7864/15/4
f 7822/15/4 7769/15/4 7865/15/4
f 7864/14/4 7822/14/4 7865/14/4
f 7855/15/4 7844/15/4 7866/15/4
f 7844/14/4 7845/14/4 7866/14/4
f 7845/15/4 7856/15/4 7867/15/4
f 7866/14/4 7845/14/4 7867/14/4
f 7867/15/4 7856/15/4 7868/15/4
f 7856/14/4 7857/14/4 7869/14/4
f 7868/15/4 7856/15/4 7869/15/4
f 7857/15/4 7858/15/4 7870/15/4
f 7869/14/4 7857/14/4 7870/14/4
f 7859/15/4 7860/15/4 7871/15/4
f 7871/15/4 7860/15/4 7872/15/4
f 7860/14/4 7861/14/4 7873/14/4
f 7872/15/4 7860/15/4 7873/15/4
f 7861/15/4 7862/15/4 7874/15/4
f 7873/14/4 7861/14/4 7874/14/4
f 7853/15/4 7854/15/4 7875/15/4
f 7835/15/4 7853/15/4 7875/15/4
f 7875/15/4 7854/15/4 7876/15/4
f 7858/14/4 7859/14/4 7877/14/4
f 7870/15/4 7858/15/4 7877/15/4
f 7869/15/4 7870/15/4 7877/15/4
f 7859/15/4 7871/15/4 7878/15/4
f 7877/14/4 7859/14/4 7878/14/4
f 7872/15/4 7873/15/4 7879/15/4
f 7873/15/4 7874/15/4 7879/15/4
f 7879/15/4 7874/15/4 7880/15/4
f 7862/14/4 7863/14/4 7881/14/4
f 7880/15/4 7874/15/4 7881/15/4
f 7874/15/4 7862/15/4 7881/15/4
f 7863/15/4 7864/15/4 7882/15/4
f 7881/14/4 7863/14/4 7882/14/4
f 7864/15/4 7865/15/4 7882/15/4
f 7882/15/4 7865/15/4 7883/15/4
f 7865/15/4 7769/15/4 7884/15/4
f 7883/15/4 7865/15/4 7884/15/4
f 7875/14/4 7876/14/4 7885/14/4
f 7835/15/4 7875/15/4 7885/15/4
f 7876/15/4 7854/15/4 7886/15/4
f 7885/14/4 7876/14/4 7886/14/4
f 7854/14/4 7855/14/4 7887/14/4
f 7886/15/4 7854/15/4 7887/15/4
f 7855/15/4 7866/15/4 7888/15/4
f 7887/14/4 7855/14/4 7888/14/4
f 7867/15/4 7868/15/4 7888/15/4
f 7866/15/4 7867/15/4 7888/15/4
f 7888/15/4 7868/15/4 7889/15/4
f 7889/15/4 7868/15/4 7890/15/4
f 7868/14/4 7869/14/4 7891/14/4
f 7890/15/4 7868/15/4 7891/15/4
f 7869/15/4 7877/15/4 7892/15/4
f 7891/14/4 7869/14/4 7892/14/4
f 7877/15/4 7878/15/4 7892/15/4
f 7882/15/4 7883/15/4 7893/15/4
f 7880/15/4 7881/15/4 7893/15/4
f 7881/15/4 7882/15/4 7893/15/4
f 7893/15/4 7883/15/4 7894/15/4
f 7885/15/4 7886/15/4 7895/15/4
f 7888/15/4 7889/15/4 7895/15/4
f 7886/15/4 7887/15/4 7895/15/4
f 7887/15/4 7888/15/4 7895/15/4
f 7895/15/4 7889/15/4 7896/15/4
f 7892/15/4 7878/15/4 7897/15/4
f 7891/15/4 7892/15/4 7897/15/4
f 7890/15/4 7891/15/4 7897/15/4
f 7897/15/4 7878/15/4 7898/15/4
f 7898/15/4 7878/15/4 7899/15/4
f 7878/15/4 7871/15/4 7900/15/4
f 7899/15/4 7878/15/4 7900/15/4
f 7871/14/4 7872/14/4 7901/14/4
f 7900/15/4 7871/15/4 7901/15/4
f 7872/15/4 7879/15/4 7902/15/4
f 7901/14/4 7872/14/4 7902/14/4
f 7879/14/4 7880/14/4 7903/14/4
f 7902/15/4 7879/15/4 7903/15/4
f 7880/15/4 7893/15/4 7904/15/4
f 7903/14/4 7880/14/4 7904/14/4
f 7895/14/4 7896/14/4 7905/14/4
f 7885/15/4 7895/15/4 7905/15/4
f 7896/15/4 7889/15/4 7906/15/4
f 7905/14/4 7896/14/4 7906/14/4
f 7889/14/4 7890/14/4 7907/14/4
f 7906/15/4 7889/15/4 7907/15/4
f 7890/15/4 7897/15/4 7908/15/4
f 7907/14/4 7890/14/4 7908/14/4
f 7897/14/4 7898/14/4 7909/14/4
f 7908/15/4 7897/15/4 7909/15/4
f 7898/15/4 7899/15/4 7910/15/4
f 7909/14/4 7898/14/4 7910/14/4
f 7901/15/4 7902/15/4 7911/15/4
f 7900/15/4 7901/15/4 7911/15/4
f 7903/15/4 7904/15/4 7911/15/4
f 7902/15/4 7903/15/4 7911/15/4
f 7904/15/4 7893/15/4 7912/15/4
f 7911/15/4 7904/15/4 7912/15/4
f 7893/14/4 7894/14/4 7913/14/4
f 7912/15/4 7893/15/4 7913/15/4
f 7894/15/4 7883/15/4 7914/15/4
f 7913/14/4 7894/14/4 7914/14/4
f 7909/15/4 7910/15/4 7915/15/4
f 7907/15/4 7908/15/4 7915/15/4
f 7908/15/4 7909/15/4 7915/15/4
f 7906/15/4 7907/15/4 7915/15/4
f 7905/15/4 7906/15/4 7915/15/4
f 7915/15/4 7910/15/4 7916/15/4
f 7916/15/4 7910/15/4 7917/15/4
f 7917/15/4 7910/15/4 7918/15/4
f 7918/15/4 7910/15/4 7919/15/4
f 7919/15/4 7910/15/4 7920/15/4
f 7910/15/4 7899/15/4 7921/15/4
f 7920/15/4 7910/15/4 7921/15/4
f 7899/14/4 7900/14/4 7921/14/4
f 7900/15/4 7911/15/4 7922/15/4
f 7921/14/4 7900/14/4 7922/14/4
f 7912/15/4 7913/15/4 7923/15/4
f 7913/15/4 7914/15/4 7923/15/4
f 7923/15/4 7914/15/4 7924/15/4
f 7914/15/4 7883/15/4 7925/15/4
f 7924/15/4 7914/15/4 7925/15/4
f 7883/14/4 7884/14/4 7925/14/4
f 7884/15/4 7769/15/4 7926/15/4
f 7925/14/4 7884/14/4 7926/14/4
f 7885/15/4 7905/15/4 7927/15/4
f 7835/15/4 7885/15/4 7927/15/4
f 7764/15/4 7835/15/4 7927/15/4
f 7905/15/4 7915/15/4 7927/15/4
f 7927/15/4 7915/15/4 7928/15/4
f 7915/14/4 7916/14/4 7929/14/4
f 7928/15/4 7915/15/4 7929/15/4
f 7916/15/4 7917/15/4 7930/15/4
f 7929/14/4 7916/14/4 7930/14/4
f 7917/14/4 7918/14/4 7931/14/4
f 7930/15/4 7917/15/4 7931/15/4
f 7918/15/4 7919/15/4 7932/15/4
f 7931/14/4 7918/14/4 7932/14/4
f 7919/14/4 7920/14/4 7933/14/4
f 7932/15/4 7919/15/4 7933/15/4
f 7920/15/4 7921/15/4 7934/15/4
f 7933/14/4 7920/14/4 7934/14/4
f 7921/15/4 7922/15/4 7934/15/4
f 7922/15/4 7911/15/4 7935/15/4
f 7934/15/4 7922/15/4 7935/15/4
f 7935/15/4 7911/15/4 7936/15/4
f 7911/14/4 7912/14/4 7937/14/4
f 7936/15/4 7911/15/4 7937/15/4
f 7912/15/4 7923/15/4 7938/15/4
f 7937/14/4 7912/14/4 7938/14/4
f 7923/14/4 7924/14/4 7939/14/4
f 7938/15/4 7923/15/4 7939/15/4
f 7925/15/4 7926/15/4 7940/15/4
f 7939/14/4 7924/14/4 7940/14/4
f 7924/15/4 7925/15/4 7940/15/4
f 7940/15/4 7926/15/4 7941/15/4
f 7926/15/4 7769/15/4 7942/15/4
f 7941/15/4 7926/15/4 7942/15/4
f 7764/15/4 7927/15/4 7943/15/4
f 7927/14/4 7928/14/4 7943/14/4
f 7932/15/4 7933/15/4 7944/15/4
f 7943/14/4 7928/14/4 7944/14/4
f 7933/15/4 7934/15/4 7944/15/4
f 7931/15/4 7932/15/4 7944/15/4
f 7929/15/4 7930/15/4 7944/15/4
f 7928/15/4 7929/15/4 7944/15/4
f 7930/15/4 7931/15/4 7944/15/4
f 7934/15/4 7935/15/4 7944/15/4
f 7944/15/4 7935/15/4 7945/15/4
f 7935/14/4 7936/14/4 7946/14/4
f 7945/15/4 7935/15/4 7946/15/4
f 7940/15/4 7941/15/4 7947/15/4
f 7946/14/4 7936/14/4 7947/14/4
f 7939/15/4 7940/15/4 7947/15/4
f 7937/15/4 7938/15/4 7947/15/4
f 7938/15/4 7939/15/4 7947/15/4
f 7936/15/4 7937/15/4 7947/15/4
f 7941/14/4 7942/14/4 7948/14/4
f 7947/15/4 7941/15/4 7948/15/4
f 7942/15/4 7769/15/4 7949/15/4
f 7948/14/4 7942/14/4 7949/14/4
f 7764/15/4 7943/15/4 7950/15/4
f 7943/15/4 7944/15/4 7950/15/4
f 7944/14/4 7945/14/4 7951/14/4
f 7950/15/4 7944/15/4 7951/15/4
f 7945/15/4 7946/15/4 7952/15/4
f 7951/14/4 7945/14/4 7952/14/4
f 7948/15/4 7949/15/4 7952/15/4
f 7947/15/4 7948/15/4 7952/15/4
f 7946/15/4 7947/15/4 7952/15/4
f 7949/15/4 7769/15/4 7953/15/4
f 7952/15/4 7949/15/4 7953/15/4
f 7954/16/4 7955/16/4 7956/16/4
f 7956/16/4 7955/16/4 7957/16/4
f 7957/16/4 7955/16/4 7960/16/4
f 7960/16/4 7955/16/4 7961/16/4
f 7958/26/4 7959/26/4 7962/26/4
f 7962/26/4 7959/26/4 7963/26/4
f 7963/26/4 7959/26/4 7964/26/4
f 7963/27/4 7964/27/4 7966/27/4
f 7964/27/4 7965/27/4 7966/27/4
f 7966/27/4 7965/27/4 7967/27/4
f 7968/14/4 7969/14/4 7970/14/4
f 7970/14/4 7969/14/4 7971/14/4
f 7972/16/4 7973/16/4 7974/16/4
f 7974/16/4 7973/16/4 7975/16/4
f 7975/16/4 7973/16/4 7976/16/4
f 7976/16/4 7973/16/4 7977/16/4
f 7978/27/4 7979/27/4 7980/27/4
f 7980/27/4 7979/27/4 7981/27/4
f 7982/16/4 7983/16/4 7984/16/4
f 7984/16/4 7983/16/4 7985/16/4
f 7985/16/4 7983/16/4 7986/16/4
f 7986/16/4 7983/16/4 7987/16/4
f 7988/16/4 7989/16/4 7990/16/4
f 7990/16/4 7989/16/4 7991/16/4
f 7991/16/4 7989/16/4 7992/16/4
f 7992/16/4 7989/16/4 7993/16/4
f 7994/16/4 7995/16/4 7996/16/4
f 7996/16/4 7995/16/4 7997/16/4
f 7997/16/4 7995/16/4 7998/16/4
f 7998/16/4 7995/16/4 7999/16/4
f 8000/27/4 8001/27/4 8002/27/4
f 8002/27/4 8001/27/4 8003/27/4
f 8004/16/4 8005/16/4 8006/16/4
f 8006/16/4 8005/16/4 8007/16/4
f 8007/16/4 8005/16/4 8008/16/4
f 8008/16/4 8005/16/4 8009/16/4
f 8010/27/4 8011/27/4 8012/27/4
f 8012/27/4 8011/27/4 8013/27/4
f 8014/27/4 8015/27/4 8016/27/4
f 8016/27/4 8015/27/4 8017/27/4
f 8018/16/4 8019/16/4 8020/16/4
f 8020/16/4 8019/16/4 8021/16/4
f 8021/16/4 8019/16/4 8022/16/4
f 8022/16/4 8019/16/4 8023/16/4
f 8024/27/4 8025/27/4 8026/27/4
f 8026/27/4 8025/27/4 8027/27/4
f 8028/5/4 8029/5/4 8030/5/4
f 8030/5/4 8029/5/4 8031/5/4
f 8031/5/4 8029/5/4 8032/5/4
f 8032/5/4 8029/5/4 8033/5/4
f 8034/16/4 8035/16/4 8036/16/4
f 8036/16/4 8035/16/4 8037/16/4
f 8037/16/4 8035/16/4 8038/16/4
f 8038/16/4 8035/16/4 8039/16/4
f 8040/26/4 8041/26/4 8042/26/4
f 8042/26/4 8041/26/4 8043/26/4
f 8044/30/4 8045/30/4 8046/30/4
f 8046/30/4 8045/30/4 8047/30/4
f 8046/27/4 8047/27/4 8048/27/4
f 8048/27/4 8047/27/4 8049/27/4
f 8048/30/4 8049/30/4 8050/30/4
f 8050/30/4 8049/30/4 8051/30/4
f 8050/27/4 8051/27/4 8052/27/4
f 8052/27/4 8051/27/4 8053/27/4
f 8052/30/4 8053/30/4 8054/30/4
f 8054/30/4 8053/30/4 8055/30/4
f 8056/16/4 8057/16/4 8058/16/4
f 8058/16/4 8057/16/4 8059/16/4
f 8059/16/4 8057/16/4 8060/16/4
f 8060/16/4 8057/16/4 8061/16/4
f 8062/27/4 8063/27/4 8064/27/4
f 8064/27/4 8063/27/4 8065/27/4
f 8066/16/4 8067/16/4 8068/16/4
f 8068/16/4 8067/16/4 8069/16/4
f 8069/16/4 8067/16/4 8070/16/4
f 8070/16/4 8067/16/4 8071/16/4
f 8072/22/4 8073/22/4 8074/22/4
f 8074/22/4 8073/22/4 8075/22/4
f 8074/27/4 8075/27/4 8076/27/4
f 8075/22/4 8073/22/4 8076/22/4
f 8076/22/4 8073/22/4 8077/22/4
f 8076/27/4 8077/27/4 8079/27/4
f 8077/22/4 8078/22/4 8079/22/4
f 8079/22/4 8078/22/4 8080/22/4
f 8079/27/4 8080/27/4 8081/27/4
f 8080/22/4 8078/22/4 8081/22/4
f 8081/22/4 8078/22/4 8082/22/4
f 8081/27/4 8082/27/4 8084/27/4
f 8082/22/4 8083/22/4 8084/22/4
f 8084/22/4 8083/22/4 8085/22/4
f 8084/27/4 8085/27/4 8086/27/4
f 8085/22/4 8083/22/4 8086/22/4
f 8086/22/4 8083/22/4 8087/22/4
f 8086/27/4 8087/27/4 8089/27/4
f 8087/22/4 8088/22/4 8089/22/4
f 8089/22/4 8088/22/4 8090/22/4
f 8089/27/4 8090/27/4 8091/27/4
f 8090/22/4 8088/22/4 8091/22/4
f 8091/22/4 8088/22/4 8092/22/4
f 8091/27/4 8092/27/4 8094/27/4
f 8092/22/4 8093/22/4 8094/22/4
f 8094/22/4 8093/22/4 8095/22/4
f 8094/27/4 8095/27/4 8096/27/4
f 8095/22/4 8093/22/4 8096/22/4
f 8096/22/4 8093/22/4 8097/22/4
f 8096/27/4 8097/27/4 8099/27/4
f 8097/22/4 8098/22/4 8099/22/4
f 8099/22/4 8098/22/4 8100/22/4
f 8099/27/4 8100/27/4 8101/27/4
f 8100/22/4 8098/22/4 8101/22/4
f 8101/22/4 8098/22/4 8102/22/4
f 8101/27/4 8102/27/4 8104/27/4
f 8102/22/4 8103/22/4 8104/22/4
f 8104/22/4 8103/22/4 8105/22/4
f 8104/27/4 8105/27/4 8106/27/4
f 8105/22/4 8103/22/4 8106/22/4
f 8106/22/4 8103/22/4 8107/22/4
f 8106/27/4 8107/27/4 8109/27/4
f 8107/22/4 8108/22/4 8109/22/4
f 8109/22/4 8108/22/4 8110/22/4
f 8109/27/4 8110/27/4 8111/27/4
f 8110/22/4 8108/22/4 8111/22/4
f 8111/22/4 8108/22/4 8112/22/4
f 8074/27/4 8076/27/4 8114/27/4
f 8076/27/4 8079/27/4 8114/27/4
f 8111/27/4 8112/27/4 8114/27/4
f 8109/27/4 8111/27/4 8114/27/4
f 8106/27/4 8109/27/4 8114/27/4
f 8104/27/4 8106/27/4 8114/27/4
f 8101/27/4 8104/27/4 8114/27/4
f 8099/27/4 8101/27/4 8114/27/4
f 8096/27/4 8099/27/4 8114/27/4
f 8094/27/4 8096/27/4 8114/27/4
f 8091/27/4 8094/27/4 8114/27/4
f 8089/27/4 8091/27/4 8114/27/4
f 8086/27/4 8089/27/4 8114/27/4
f 8084/27/4 8086/27/4 8114/27/4
f 8081/27/4 8084/27/4 8114/27/4
f 8079/27/4 8081/27/4 8114/27/4
f 8114/27/4 8112/27/4 8115/27/4
f 8112/22/4 8113/22/4 8116/22/4
f 8115/27/4 8112/27/4 8116/27/4
f 8116/22/4 8113/22/4 8117/22/4
f 8118/16/4 8119/16/4 8120/16/4
f 8120/16/4 8119/16/4 8121/16/4
f 8121/16/4 8119/16/4 8122/16/4
f 8122/16/4 8119/16/4 8123/16/4
f 8124/16/4 8125/16/4 8126/16/4
f 8126/16/4 8125/16/4 8127/16/4
f 8127/16/4 8125/16/4 8128/16/4
f 8128/16/4 8125/16/4 8129/16/4
f 8130/27/4 8131/27/4 8133/27/4
f 8131/30/4 8132/30/4 8134/30/4
f 8133/27/4 8131/27/4 8134/27/4
f 8130/27/4 8133/27/4 8135/27/4
f 8133/30/4 8134/30/4 8135/30/4
f 8135/30/4 8134/30/4 8136/30/4
f 8134/30/4 8132/30/4 8137/30/4
f 8136/30/4 8134/30/4 8137/30/4
f 8137/30/4 8132/30/4 8138/30/4
f 8135/27/4 8136/27/4 8139/27/4
f 8130/27/4 8135/27/4 8139/27/4
f 8136/30/4 8137/30/4 8140/30/4
f 8139/27/4 8136/27/4 8140/27/4
f 8137/27/4 8138/27/4 8141/27/4
f 8140/30/4 8137/30/4 8141/30/4
f 8139/30/4 8140/30/4 8142/30/4
f 8140/27/4 8141/27/4 8142/27/4
f 8141/27/4 8138/27/4 8143/27/4
f 8142/27/4 8141/27/4 8143/27/4
f 8139/30/4 8142/30/4 8144/30/4
f 8130/27/4 8139/27/4 8144/27/4
f 8142/30/4 8143/30/4 8144/30/4
f 8143/27/4 8138/27/4 8145/27/4
f 8144/30/4 8143/30/4 8145/30/4
f 8130/27/4 8144/27/4 8146/27/4
f 8144/27/4 8145/27/4 8146/27/4
f 8145/27/4 8138/27/4 8147/27/4
f 8146/27/4 8145/27/4 8147/27/4
f 8148/5/4 8149/5/4 8150/5/4
f 8150/5/4 8149/5/4 8151/5/4
f 8151/5/4 8149/5/4 8152/5/4
f 8152/5/4 8149/5/4 8153/5/4
f 8154/26/4 8155/26/4 8156/26/4
f 8156/26/4 8155/26/4 8157/26/4
f 8158/16/4 8159/16/4 8160/16/4
f 8160/16/4 8159/16/4 8161/16/4
f 8161/16/4 8159/16/4 8162/16/4
f 8162/16/4 8159/16/4 8163/16/4
f 8164/26/4 8165/26/4 8166/26/4
f 8166/26/4 8165/26/4 8167/26/4
f 8167/26/4 8168/26/4 8170/26/4
f 8169/26/4 8170/26/4 8171/26/4
f 8170/26/4 8168/26/4 8172/26/4
f 8171/26/4 8170/26/4 8172/26/4
f 8173/19/4 8174/19/4 8182/19/4
f 8182/19/4 8174/19/4 8183/19/4
f 8175/19/4 8176/19/4 8184/19/4
f 8184/19/4 8176/19/4 8185/19/4
f 8177/19/4 8178/19/4 8186/19/4
f 8186/19/4 8178/19/4 8187/19/4
f 8179/19/4 8180/19/4 8188/19/4
f 8188/19/4 8180/19/4 8189/19/4
f 8189/19/4 8180/19/4 8190/19/4
f 8186/19/4 8187/19/4 8191/19/4
f 8182/19/4 8183/19/4 8191/19/4
f 8184/19/4 8185/19/4 8191/19/4
f 8188/19/4 8189/19/4 8191/19/4
f 8187/19/4 8188/19/4 8191/19/4
f 8181/19/4 8182/19/4 8191/19/4
f 8185/19/4 8186/19/4 8191/19/4
f 8183/19/4 8184/19/4 8191/19/4
f 8189/21/4 8190/21/4 8192/21/4
f 8191/19/4 8189/19/4 8192/19/4
f 8190/19/4 8180/19/4 8193/19/4
f 8192/21/4 8190/21/4 8193/21/4
f 8193/19/4 8180/19/4 8194/19/4
f 8195/16/4 8196/16/4 8197/16/4
f 8197/16/4 8196/16/4 8198/16/4
f 8198/16/4 8196/16/4 8199/16/4
f 8199/16/4 8196/16/4 8200/16/4
f 8201/16/4 8202/16/4 8203/16/4
f 8203/16/4 8202/16/4 8204/16/4
f 8204/16/4 8202/16/4 8207/16/4
f 8207/16/4 8202/16/4 8208/16/4
f 8205/20/4 8206/20/4 8209/20/4
f 8209/20/4 8206/20/4 8210/20/4
f 8209/27/4 8210/27/4 8211/27/4
f 8211/27/4 8210/27/4 8212/27/4
f 8212/27/4 8210/27/4 8213/27/4
f 8213/27/4 8210/27/4 8214/27/4
f 8215/27/4 8216/27/4 8217/27/4
f 8217/27/4 8216/27/4 8218/27/4
f 8219/16/4 8220/16/4 8221/16/4
f 8221/16/4 8220/16/4 8222/16/4
f 8222/16/4 8220/16/4 8223/16/4
f 8223/16/4 8220/16/4 8224/16/4
f 8225/27/4 8226/27/4 8227/27/4
f 8227/27/4 8226/27/4 8228/27/4
f 8229/27/4 8230/27/4 8231/27/4
f 8231/27/4 8230/27/4 8232/27/4
f 8233/16/4 8234/16/4 8235/16/4
f 8235/16/4 8234/16/4 8236/16/4
f 8236/16/4 8234/16/4 8237/16/4
f 8237/16/4 8234/16/4 8238/16/4
f 8239/16/4 8240/16/4 8241/16/4
f 8241/16/4 8240/16/4 8242/16/4
f 8242/16/4 8240/16/4 8243/16/4
f 8243/16/4 8240/16/4 8244/16/4
f 8245/30/4 8246/30/4 8248/30/4
f 8246/27/4 8247/27/4 8249/27/4
f 8248/30/4 8246/30/4 8249/30/4
f 8249/27/4 8247/27/4 8250/27/4
f 8250/27/4 8247/27/4 8251/27/4
f 8252/13/4 8253/13/4 8254/13/4
f 8254/13/4 8253/13/4 8255/13/4
f 8256/16/4 8257/16/4 8258/16/4
f 8258/16/4 8257/16/4 8259/16/4
f 8259/16/4 8257/16/4 8260/16/4
f 8260/16/4 8257/16/4 8261/16/4
f 8262/16/4 8263/16/4 8264/16/4
f 8264/16/4 8263/16/4 8265/16/4
f 8265/16/4 8263/16/4 8266/16/4
f 8266/16/4 8263/16/4 8267/16/4
f 8268/23/4 8269/23/4 8270/23/4
f 8270/23/4 8269/23/4 8271/23/4
f 8271/23/4 8269/23/4 8273/23/4
f 8272/23/4 8273/23/4 8274/23/4
f 8273/23/4 8269/23/4 8275/23/4
f 8274/23/4 8273/23/4 8275/23/4
f 8276/27/4 8277/27/4 8278/27/4
f 8278/27/4 8277/27/4 8279/27/4
f 8280/12/4 8281/12/4 8282/12/4
f 8282/12/4 8281/12/4 8283/12/4
f 8284/16/4 8285/16/4 8286/16/4
f 8286/16/4 8285/16/4 8287/16/4
f 8287/16/4 8285/16/4 8288/16/4
f 8288/16/4 8285/16/4 8289/16/4
f 8290/27/4 8291/27/4 8292/27/4
f 8292/27/4 8291/27/4 8293/27/4
f 8290/27/4 8292/27/4 8294/27/4
f 8292/30/4 8293/30/4 8295/30/4
f 8294/27/4 8292/27/4 8295/27/4
f 8295/30/4 8293/30/4 8296/30/4
f 8297/27/4 8298/27/4 8299/27/4
f 8299/27/4 8298/27/4 8300/27/4
f 8299/30/4 8300/30/4 8301/30/4
f 8301/30/4 8300/30/4 8302/30/4
f 8301/27/4 8302/27/4 8303/27/4
f 8303/27/4 8302/27/4 8304/27/4
f 8303/30/4 8304/30/4 8305/30/4
f 8305/30/4 8304/30/4 8306/30/4
f 8307/16/4 8308/16/4 8309/16/4
f 8309/16/4 8308/16/4 8310/16/4
f 8310/16/4 8308/16/4 8311/16/4
f 8311/16/4 8308/16/4 8312/16/4
f 8313/14/4 8314/14/4 8316/14/4
f 8314/15/4 8315/15/4 8317/15/4
f 8316/14/4 8314/14/4 8317/14/4
f 8317/15/4 8315/15/4 8318/15/4
f 8318/15/4 8315/15/4 8319/15/4
f 8319/15/4 8315/15/4 8320/15/4
f 8318/15/4 8319/15/4 8321/15/4
f 8321/15/4 8319/15/4 8322/15/4
f 8323/15/4 8324/15/4 8330/15/4
f 8330/15/4 8324/15/4 8331/15/4
f 8325/15/4 8326/15/4 8332/15/4
f 8326/14/4 8327/14/4 8333/14/4
f 8332/15/4 8326/15/4 8333/15/4
f 8327/15/4 8328/15/4 8334/15/4
f 8333/14/4 8327/14/4 8334/14/4
f 8328/14/4 8329/14/4 8335/14/4
f 8334/15/4 8328/15/4 8335/15/4
f 8335/14/4 8329/14/4 8336/14/4
f 8337/15/4 8338/15/4 8341/15/4
f 8341/15/4 8338/15/4 8342/15/4
f 8339/14/4 8340/14/4 8343/14/4
f 8343/14/4 8340/14/4 8344/14/4
f 8345/14/4 8346/14/4 8347/14/4
f 8347/14/4 8346/14/4 8348/14/4
f 8349/16/4 8350/16/4 8351/16/4
f 8351/16/4 8350/16/4 8352/16/4
f 8352/16/4 8350/16/4 8353/16/4
f 8353/16/4 8350/16/4 8354/16/4
f 8355/14/4 8356/14/4 8357/14/4
f 8357/14/4 8356/14/4 8358/14/4
f 8359/16/4 8360/16/4 8361/16/4
f 8361/16/4 8360/16/4 8362/16/4
f 8362/16/4 8360/16/4 8363/16/4
f 8363/16/4 8360/16/4 8364/16/4
f 8365/14/4 8366/14/4 8367/14/4
f 8367/14/4 8366/14/4 8368/14/4
f 8369/14/4 8370/14/4 8371/14/4
f 8371/14/4 8370/14/4 8372/14/4
f 8373/14/4 8374/14/4 8375/14/4
f 8375/14/4 8374/14/4 8376/14/4
f 8377/16/4 8378/16/4 8379/16/4
f 8379/16/4 8378/16/4 8380/16/4
f 8380/16/4 8378/16/4 8381/16/4
f 8381/16/4 8378/16/4 8382/16/4
f 8383/27/4 8384/27/4 8385/27/4
f 8385/27/4 8384/27/4 8386/27/4
f 8387/14/4 8388/14/4 8389/14/4
f 8389/14/4 8388/14/4 8390/14/4
f 8391/16/4 8392/16/4 8393/16/4
f 8393/16/4 8392/16/4 8394/16/4
f 8394/16/4 8392/16/4 8395/16/4
f 8395/16/4 8392/16/4 8396/16/4
f 8397/14/4 8398/14/4 8399/14/4
f 8399/14/4 8398/14/4 8400/14/4
f 8401/14/4 8402/14/4 8403/14/4
f 8403/14/4 8402/14/4 8404/14/4
f 8405/16/4 8406/16/4 8407/16/4
f 8407/16/4 8406/16/4 8408/16/4
f 8408/16/4 8406/16/4 8409/16/4
f 8409/16/4 8406/16/4 8410/16/4
f 8411/14/4 8412/14/4 8413/14/4
f 8413/14/4 8412/14/4 8414/14/4
f 8415/16/4 8416/16/4 8417/16/4
f 8417/16/4 8416/16/4 8418/16/4
f 8418/16/4 8416/16/4 8419/16/4
f 8419/16/4 8416/16/4 8420/16/4
f 8421/15/4 8422/15/4 8423/15/4
f 8423/15/4 8422/15/4 8424/15/4
f 8423/14/4 8424/14/4 8425/14/4
f 8425/14/4 8424/14/4 8426/14/4
f 8425/15/4 8426/15/4 8427/15/4
f 8427/15/4 8426/15/4 8428/15/4
f 8429/16/4 8430/16/4 8431/16/4
f 8431/16/4 8430/16/4 8432/16/4
f 8432/16/4 8430/16/4 8433/16/4
f 8433/16/4 8430/16/4 8434/16/4
f 8435/15/4 8436/15/4 8441/15/4
f 8441/15/4 8436/15/4 8442/15/4
f 8436/14/4 8437/14/4 8443/14/4
f 8442/15/4 8436/15/4 8443/15/4
f 8437/15/4 8438/15/4 8444/15/4
f 8443/14/4 8437/14/4 8444/14/4
f 8438/14/4 8439/14/4 8445/14/4
f 8444/15/4 8438/15/4 8445/15/4
f 8439/15/4 8440/15/4 8446/15/4
f 8445/14/4 8439/14/4 8446/14/4
f 8441/14/4 8442/14/4 8447/14/4
f 8435/15/4 8441/15/4 8447/15/4
f 8447/14/4 8442/14/4 8448/14/4
f 8444/15/4 8445/15/4 8449/15/4
f 8442/15/4 8443/15/4 8449/15/4
f 8443/15/4 8444/15/4 8449/15/4
f 8445/15/4 8446/15/4 8449/15/4
f 8449/15/4 8446/15/4 8450/15/4
f 8450/15/4 8446/15/4 8451/15/4
f 8451/15/4 8446/15/4 8452/15/4
f 8452/15/4 8446/15/4 8453/15/4
f 8453/15/4 8446/15/4 8454/15/4
f 8454/15/4 8446/15/4 8455/15/4
f 8455/15/4 8446/15/4 8456/15/4
f 8456/15/4 8446/15/4 8457/15/4
f 8457/15/4 8446/15/4 8458/15/4
f 8446/15/4 8440/15/4 8459/15/4
f 8458/15/4 8446/15/4 8459/15/4
f 8459/15/4 8440/15/4 8460/15/4
f 8448/14/4 8442/14/4 8461/14/4
f 8447/15/4 8448/15/4 8461/15/4
f 8461/14/4 8442/14/4 8462/14/4
f 8442/15/4 8449/15/4 8463/15/4
f 8449/14/4 8450/14/4 8463/14/4
f 8450/15/4 8451/15/4 8464/15/4
f 8463/14/4 8450/14/4 8464/14/4
f 8451/14/4 8452/14/4 8465/14/4
f 8464/15/4 8451/15/4 8465/15/4
f 8452/15/4 8453/15/4 8466/15/4
f 8465/14/4 8452/14/4 8466/14/4
f 8453/14/4 8454/14/4 8467/14/4
f 8466/15/4 8453/15/4 8467/15/4
f 8454/15/4 8455/15/4 8468/15/4
f 8467/14/4 8454/14/4 8468/14/4
f 8455/14/4 8456/14/4 8469/14/4
f 8468/15/4 8455/15/4 8469/15/4
f 8456/15/4 8457/15/4 8470/15/4
f 8469/14/4 8456/14/4 8470/14/4
f 8457/14/4 8458/14/4 8471/14/4
f 8470/15/4 8457/15/4 8471/15/4
f 8458/15/4 8459/15/4 8472/15/4
f 8471/14/4 8458/14/4 8472/14/4
f 8472/15/4 8459/15/4 8473/15/4
f 8462/14/4 8442/14/4 8474/14/4
f 8461/15/4 8462/15/4 8474/15/4
f 8469/15/4 8470/15/4 8475/15/4
f 8474/14/4 8442/14/4 8475/14/4
f 8442/15/4 8463/15/4 8475/15/4
f 8471/15/4 8472/15/4 8475/15/4
f 8463/15/4 8464/15/4 8475/15/4
f 8470/15/4 8471/15/4 8475/15/4
f 8468/15/4 8469/15/4 8475/15/4
f 8467/15/4 8468/15/4 8475/15/4
f 8466/15/4 8467/15/4 8475/15/4
f 8465/15/4 8466/15/4 8475/15/4
f 8464/15/4 8465/15/4 8475/15/4
f 8475/15/4 8472/15/4 8476/15/4
f 8476/15/4 8472/15/4 8477/15/4
f 8473/15/4 8459/15/4 8478/15/4
f 8478/15/4 8459/15/4 8479/15/4
f 8479/15/4 8459/15/4 8480/15/4
f 8480/15/4 8459/15/4 8481/15/4
f 8459/14/4 8460/14/4 8482/14/4
f 8481/15/4 8459/15/4 8482/15/4
f 8460/15/4 8440/15/4 8483/15/4
f 8482/14/4 8460/14/4 8483/14/4
f 8474/15/4 8475/15/4 8484/15/4
f 8475/15/4 8476/15/4 8484/15/4
f 8484/15/4 8476/15/4 8485/15/4
f 8476/14/4 8477/14/4 8486/14/4
f 8485/15/4 8476/15/4 8486/15/4
f 8477/15/4 8472/15/4 8487/15/4
f 8486/14/4 8477/14/4 8487/14/4
f 8472/14/4 8473/14/4 8488/14/4
f 8487/15/4 8472/15/4 8488/15/4
f 8473/15/4 8478/15/4 8489/15/4
f 8488/14/4 8473/14/4 8489/14/4
f 8478/14/4 8479/14/4 8490/14/4
f 8489/15/4 8478/15/4 8490/15/4
f 8479/15/4 8480/15/4 8491/15/4
f 8490/14/4 8479/14/4 8491/14/4
f 8481/15/4 8482/15/4 8492/15/4
f 8482/15/4 8483/15/4 8492/15/4
f 8483/15/4 8440/15/4 8493/15/4
f 8492/15/4 8483/15/4 8493/15/4
f 8461/15/4 8474/15/4 8494/15/4
f 8435/15/4 8447/15/4 8494/15/4
f 8447/15/4 8461/15/4 8494/15/4
f 8474/15/4 8484/15/4 8494/15/4
f 8494/15/4 8484/15/4 8495/15/4
f 8495/15/4 8484/15/4 8496/15/4
f 8496/15/4 8484/15/4 8497/15/4
f 8485/15/4 8486/15/4 8498/15/4
f 8486/15/4 8487/15/4 8498/15/4
f 8489/15/4 8490/15/4 8498/15/4
f 8490/15/4 8491/15/4 8498/15/4
f 8487/15/4 8488/15/4 8498/15/4
f 8488/15/4 8489/15/4 8498/15/4
f 8498/15/4 8491/15/4 8499/15/4
f 8499/15/4 8491/15/4 8500/15/4
f 8500/15/4 8491/15/4 8501/15/4
f 8501/15/4 8491/15/4 8502/15/4
f 8502/15/4 8491/15/4 8503/15/4
f 8491/15/4 8480/15/4 8504/15/4
f 8503/15/4 8491/15/4 8504/15/4
f 8480/14/4 8481/14/4 8504/14/4
f 8481/15/4 8492/15/4 8505/15/4
f 8504/14/4 8481/14/4 8505/14/4
f 8494/14/4 8495/14/4 8506/14/4
f 8435/15/4 8494/15/4 8506/15/4
f 8495/15/4 8496/15/4 8507/15/4
f 8506/14/4 8495/14/4 8507/14/4
f 8497/15/4 8484/15/4 8508/15/4
f 8484/14/4 8485/14/4 8509/14/4
f 8508/15/4 8484/15/4 8509/15/4
f 8485/15/4 8498/15/4 8510/15/4
f 8509/14/4 8485/14/4 8510/14/4
f 8507/15/4 8496/15/4 8511/15/4
f 8506/15/4 8507/15/4 8511/15/4
f 8511/15/4 8496/15/4 8512/15/4
f 8496/14/4 8497/14/4 8513/14/4
f 8512/15/4 8496/15/4 8513/15/4
f 8497/15/4 8508/15/4 8514/15/4
f 8513/14/4 8497/14/4 8514/14/4
f 8514/15/4 8508/15/4 8515/15/4
f 8508/14/4 8509/14/4 8516/14/4
f 8515/15/4 8508/15/4 8516/15/4
f 8509/15/4 8510/15/4 8517/15/4
f 8516/14/4 8509/14/4 8517/14/4
f 8510/15/4 8498/15/4 8518/15/4
f 8517/15/4 8510/15/4 8518/15/4
f 8498/14/4 8499/14/4 8518/14/4
f 8499/15/4 8500/15/4 8519/15/4
f 8518/14/4 8499/14/4 8519/14/4
f 8500/14/4 8501/14/4 8520/14/4
f 8519/15/4 8500/15/4 8520/15/4
f 8501/15/4 8502/15/4 8521/15/4
f 8520/14/4 8501/14/4 8521/14/4
f 8502/14/4 8503/14/4 8522/14/4
f 8521/15/4 8502/15/4 8522/15/4
f 8503/15/4 8504/15/4 8523/15/4
f 8522/14/4 8503/14/4 8523/14/4
f 8504/15/4 8505/15/4 8523/15/4
f 8511/14/4 8512/14/4 8524/14/4
f 8506/15/4 8511/15/4 8524/15/4
f 8512/15/4 8513/15/4 8525/15/4
f 8524/14/4 8512/14/4 8525/14/4
f 8514/15/4 8515/15/4 8525/15/4
f 8513/15/4 8514/15/4 8525/15/4
f 8525/15/4 8515/15/4 8526/15/4
f 8520/15/4 8521/15/4 8527/15/4
f 8519/15/4 8520/15/4 8527/15/4
f 8516/15/4 8517/15/4 8527/15/4
f 8521/15/4 8522/15/4 8527/15/4
f 8517/15/4 8518/15/4 8527/15/4
f 8518/15/4 8519/15/4 8527/15/4
f 8522/15/4 8523/15/4 8527/15/4
f 8527/15/4 8523/15/4 8528/15/4
f 8528/15/4 8523/15/4 8529/15/4
f 8529/15/4 8523/15/4 8530/15/4
f 8523/15/4 8505/15/4 8531/15/4
f 8530/15/4 8523/15/4 8531/15/4
f 8531/15/4 8505/15/4 8532/15/4
f 8532/15/4 8505/15/4 8533/15/4
f 8533/15/4 8505/15/4 8534/15/4
f 8492/14/4 8493/14/4 8535/14/4
f 8534/15/4 8505/15/4 8535/15/4
f 8505/15/4 8492/15/4 8535/15/4
f 8493/15/4 8440/15/4 8536/15/4
f 8535/14/4 8493/14/4 8536/14/4
f 8526/15/4 8515/15/4 8537/15/4
f 8515/14/4 8516/14/4 8537/14/4
f 8516/15/4 8527/15/4 8538/15/4
f 8537/14/4 8516/14/4 8538/14/4
f 8538/15/4 8527/15/4 8539/15/4
f 8527/14/4 8528/14/4 8540/14/4
f 8539/15/4 8527/15/4 8540/15/4
f 8528/15/4 8529/15/4 8541/15/4
f 8540/14/4 8528/14/4 8541/14/4
f 8530/15/4 8531/15/4 8542/15/4
f 8542/15/4 8531/15/4 8543/15/4
f 8531/14/4 8532/14/4 8544/14/4
f 8543/15/4 8531/15/4 8544/15/4
f 8532/15/4 8533/15/4 8545/15/4
f 8544/14/4 8532/14/4 8545/14/4
f 8524/15/4 8525/15/4 8546/15/4
f 8506/15/4 8524/15/4 8546/15/4
f 8546/15/4 8525/15/4 8547/15/4
f 8529/14/4 8530/14/4 8548/14/4
f 8541/15/4 8529/15/4 8548/15/4
f 8540/15/4 8541/15/4 8548/15/4
f 8530/15/4 8542/15/4 8549/15/4
f 8548/14/4 8530/14/4 8549/14/4
f 8543/15/4 8544/15/4 8550/15/4
f 8544/15/4 8545/15/4 8550/15/4
f 8550/15/4 8545/15/4 8551/15/4
f 8533/14/4 8534/14/4 8552/14/4
f 8551/15/4 8545/15/4 8552/15/4
f 8545/15/4 8533/15/4 8552/15/4
f 8534/15/4 8535/15/4 8553/15/4
f 8552/14/4 8534/14/4 8553/14/4
f 8535/15/4 8536/15/4 8553/15/4
f 8553/15/4 8536/15/4 8554/15/4
f 8536/15/4 8440/15/4 8555/15/4
f 8554/15/4 8536/15/4 8555/15/4
f 8546/14/4 8547/14/4 8556/14/4
f 8506/15/4 8546/15/4 8556/15/4
f 8547/15/4 8525/15/4 8557/15/4
f 8556/14/4 8547/14/4 8557/14/4
f 8525/14/4 8526/14/4 8558/14/4
f 8557/15/4 8525/15/4 8558/15/4
f 8526/15/4 8537/15/4 8559/15/4
f 8558/14/4 8526/14/4 8559/14/4
f 8538/15/4 8539/15/4 8559/15/4
f 8537/15/4 8538/15/4 8559/15/4
f 8559/15/4 8539/15/4 8560/15/4
f 8560/15/4 8539/15/4 8561/15/4
f 8539/14/4 8540/14/4 8562/14/4
f 8561/15/4 8539/15/4 8562/15/4
f 8540/15/4 8548/15/4 8563/15/4
f 8562/14/4 8540/14/4 8563/14/4
f 8548/15/4 8549/15/4 8563/15/4
f 8553/15/4 8554/15/4 8564/15/4
f 8551/15/4 8552/15/4 8564/15/4
f 8552/15/4 8553/15/4 8564/15/4
f 8564/15/4 8554/15/4 8565/15/4
f 8556/15/4 8557/15/4 8566/15/4
f 8559/15/4 8560/15/4 8566/15/4
f 8557/15/4 8558/15/4 8566/15/4
f 8558/15/4 8559/15/4 8566/15/4
f 8566/15/4 8560/15/4 8567/15/4
f 8563/15/4 8549/15/4 8568/15/4
f 8562/15/4 8563/15/4 8568/15/4
f 8561/15/4 8562/15/4 8568/15/4
f 8568/15/4 8549/15/4 8569/15/4
f 8569/15/4 8549/15/4 8570/15/4
f 8549/15/4 8542/15/4 8571/15/4
f 8570/15/4 8549/15/4 8571/15/4
f 8542/14/4 8543/14/4 8572/14/4
f 8571/15/4 8542/15/4 8572/15/4
f 8543/15/4 8550/15/4 8573/15/4
f 8572/14/4 8543/14/4 8573/14/4
f 8550/14/4 8551/14/4 8574/14/4
f 8573/15/4 8550/15/4 8574/15/4
f 8551/15/4 8564/15/4 8575/15/4
f 8574/14/4 8551/14/4 8575/14/4
f 8566/14/4 8567/14/4 8576/14/4
f 8556/15/4 8566/15/4 8576/15/4
f 8567/15/4 8560/15/4 8577/15/4
f 8576/14/4 8567/14/4 8577/14/4
f 8560/14/4 8561/14/4 8578/14/4
f 8577/15/4 8560/15/4 8578/15/4
f 8561/15/4 8568/15/4 8579/15/4
f 8578/14/4 8561/14/4 8579/14/4
f 8568/14/4 8569/14/4 8580/14/4
f 8579/15/4 8568/15/4 8580/15/4
f 8569/15/4 8570/15/4 8581/15/4
f 8580/14/4 8569/14/4 8581/14/4
f 8572/15/4 8573/15/4 8582/15/4
f 8571/15/4 8572/15/4 8582/15/4
f 8574/15/4 8575/15/4 8582/15/4
f 8573/15/4 8574/15/4 8582/15/4
f 8575/15/4 8564/15/4 8583/15/4
f 8582/15/4 8575/15/4 8583/15/4
f 8564/14/4 8565/14/4 8584/14/4
f 8583/15/4 8564/15/4 8584/15/4
f 8565/15/4 8554/15/4 8585/15/4
f 8584/14/4 8565/14/4 8585/14/4
f 8580/15/4 8581/15/4 8586/15/4
f 8578/15/4 8579/15/4 8586/15/4
f 8579/15/4 8580/15/4 8586/15/4
f 8577/15/4 8578/15/4 8586/15/4
f 8576/15/4 8577/15/4 8586/15/4
f 8586/15/4 8581/15/4 8587/15/4
f 8587/15/4 8581/15/4 8588/15/4
f 8588/15/4 8581/15/4 8589/15/4
f 8589/15/4 8581/15/4 8590/15/4
f 8590/15/4 8581/15/4 8591/15/4
f 8581/15/4 8570/15/4 8592/15/4
f 8591/15/4 8581/15/4 8592/15/4
f 8570/14/4 8571/14/4 8592/14/4
f 8571/15/4 8582/15/4 8593/15/4
f 8592/14/4 8571/14/4 8593/14/4
f 8583/15/4 8584/15/4 8594/15/4
f 8584/15/4 8585/15/4 8594/15/4
f 8594/15/4 8585/15/4 8595/15/4
f 8585/15/4 8554/15/4 8596/15/4
f 8595/15/4 8585/15/4 8596/15/4
f 8554/14/4 8555/14/4 8596/14/4
f 8555/15/4 8440/15/4 8597/15/4
f 8596/14/4 8555/14/4 8597/14/4
f 8556/15/4 8576/15/4 8598/15/4
f 8506/15/4 8556/15/4 8598/15/4
f 8435/15/4 8506/15/4 8598/15/4
f 8576/15/4 8586/15/4 8598/15/4
f 8598/15/4 8586/15/4 8599/15/4
f 8586/14/4 8587/14/4 8600/14/4
f 8599/15/4 8586/15/4 8600/15/4
f 8587/15/4 8588/15/4 8601/15/4
f 8600/14/4 8587/14/4 8601/14/4
f 8588/14/4 8589/14/4 8602/14/4
f 8601/15/4 8588/15/4 8602/15/4
f 8589/15/4 8590/15/4 8603/15/4
f 8602/14/4 8589/14/4 8603/14/4
f 8590/14/4 8591/14/4 8604/14/4
f 8603/15/4 8590/15/4 8604/15/4
f 8591/15/4 8592/15/4 8605/15/4
f 8604/14/4 8591/14/4 8605/14/4
f 8592/15/4 8593/15/4 8605/15/4
f 8593/15/4 8582/15/4 8606/15/4
f 8605/15/4 8593/15/4 8606/15/4
f 8606/15/4 8582/15/4 8607/15/4
f 8582/14/4 8583/14/4 8608/14/4
f 8607/15/4 8582/15/4 8608/15/4
f 8583/15/4 8594/15/4 8609/15/4
f 8608/14/4 8583/14/4 8609/14/4
f 8594/14/4 8595/14/4 8610/14/4
f 8609/15/4 8594/15/4 8610/15/4
f 8596/15/4 8597/15/4 8611/15/4
f 8610/14/4 8595/14/4 8611/14/4
f 8595/15/4 8596/15/4 8611/15/4
f 8611/15/4 8597/15/4 8612/15/4
f 8597/15/4 8440/15/4 8613/15/4
f 8612/15/4 8597/15/4 8613/15/4
f 8435/15/4 8598/15/4 8614/15/4
f 8598/14/4 8599/14/4 8614/14/4
f 8603/15/4 8604/15/4 8615/15/4
f 8614/14/4 8599/14/4 8615/14/4
f 8604/15/4 8605/15/4 8615/15/4
f 8602/15/4 8603/15/4 8615/15/4
f 8600/15/4 8601/15/4 8615/15/4
f 8599/15/4 8600/15/4 8615/15/4
f 8601/15/4 8602/15/4 8615/15/4
f 8605/15/4 8606/15/4 8615/15/4
f 8615/15/4 8606/15/4 8616/15/4
f 8606/14/4 8607/14/4 8617/14/4
f 8616/15/4 8606/15/4 8617/15/4
f 8611/15/4 8612/15/4 8618/15/4
f 8617/14/4 8607/14/4 8618/14/4
f 8610/15/4 8611/15/4 8618/15/4
f 8608/15/4 8609/15/4 8618/15/4
f 8609/15/4 8610/15/4 8618/15/4
f 8607/15/4 8608/15/4 8618/15/4
f 8612/14/4 8613/14/4 8619/14/4
f 8618/15/4 8612/15/4 8619/15/4
f 8613/15/4 8440/15/4 8620/15/4
f 8619/14/4 8613/14/4 8620/14/4
f 8435/15/4 8614/15/4 8621/15/4
f 8614/15/4 8615/15/4 8621/15/4
f 8615/14/4 8616/14/4 8622/14/4
f 8621/15/4 8615/15/4 8622/15/4
f 8616/15/4 8617/15/4 8623/15/4
f 8622/14/4 8616/14/4 8623/14/4
f 8619/15/4 8620/15/4 8623/15/4
f 8618/15/4 8619/15/4 8623/15/4
f 8617/15/4 8618/15/4 8623/15/4
f 8620/15/4 8440/15/4 8624/15/4
f 8623/15/4 8620/15/4 8624/15/4
f 8625/23/4 8626/23/4 8628/23/4
f 8627/23/4 8628/23/4 8629/23/4
f 8629/23/4 8628/23/4 8630/23/4
f 8628/23/4 8626/23/4 8631/23/4
f 8630/23/4 8628/23/4 8631/23/4
f 8630/27/4 8631/27/4 8633/27/4
f 8632/23/4 8633/23/4 8634/23/4
f 8633/27/4 8631/27/4 8635/27/4
f 8634/23/4 8633/23/4 8635/23/4
f 8631/23/4 8626/23/4 8636/23/4
f 8635/27/4 8631/27/4 8636/27/4
f 8636/23/4 8626/23/4 8637/23/4
f 8638/14/4 8639/14/4 8640/14/4
f 8640/14/4 8639/14/4 8641/14/4
f 8642/16/4 8643/16/4 8644/16/4
f 8644/16/4 8643/16/4 8645/16/4
f 8645/16/4 8643/16/4 8646/16/4
f 8646/16/4 8643/16/4 8647/16/4
f 8648/27/4 8649/27/4 8650/27/4
f 8650/27/4 8649/27/4 8651/27/4
f 8651/27/4 8649/27/4 8652/27/4
f 8651/30/4 8652/30/4 8653/30/4
f 8653/30/4 8652/30/4 8654/30/4
f 8655/16/4 8656/16/4 8657/16/4
f 8657/16/4 8656/16/4 8658/16/4
f 8658/16/4 8656/16/4 8659/16/4
f 8659/16/4 8656/16/4 8660/16/4
f 8661/27/4 8662/27/4 8663/27/4
f 8663/27/4 8662/27/4 8664/27/4
f 8661/27/4 8663/27/4 8665/27/4
f 8663/30/4 8664/30/4 8665/30/4
f 8665/30/4 8664/30/4 8666/30/4
f 8661/27/4 8665/27/4 8667/27/4
f 8665/27/4 8666/27/4 8667/27/4
f 8667/27/4 8666/27/4 8668/27/4
f 8661/27/4 8667/27/4 8669/27/4
f 8667/30/4 8668/30/4 8670/30/4
f 8669/27/4 8667/27/4 8670/27/4
f 8670/30/4 8668/30/4 8671/30/4
f 8669/30/4 8670/30/4 8672/30/4
f 8670/27/4 8671/27/4 8672/27/4
f 8672/27/4 8671/27/4 8673/27/4
f 8661/27/4 8669/27/4 8674/27/4
f 8669/30/4 8672/30/4 8674/30/4
f 8672/30/4 8673/30/4 8674/30/4
f 8674/30/4 8673/30/4 8675/30/4
f 8661/27/4 8674/27/4 8676/27/4
f 8674/27/4 8675/27/4 8676/27/4
f 8676/27/4 8675/27/4 8677/27/4
f 8678/16/4 8679/16/4 8680/16/4
f 8680/16/4 8679/16/4 8681/16/4
f 8681/16/4 8679/16/4 8682/16/4
f 8682/16/4 8679/16/4 8683/16/4
f 8684/26/4 8685/26/4 8686/26/4
f 8686/26/4 8685/26/4 8687/26/4
f 8688/19/4 8689/19/4 8690/19/4
f 8690/19/4 8689/19/4 8691/19/4
f 8691/19/4 8689/19/4 8692/19/4
f 8692/19/4 8689/19/4 8693/19/4
f 8693/19/4 8689/19/4 8694/19/4
f 8694/19/4 8689/19/4 8695/19/4
f 8695/19/4 8689/19/4 8696/19/4
f 8696/19/4 8689/19/4 8697/19/4
f 8691/19/4 8692/19/4 8698/19/4
f 8698/19/4 8692/19/4 8699/19/4
f 8693/19/4 8694/19/4 8700/19/4
f 8700/19/4 8694/19/4 8701/19/4
f 8695/19/4 8696/19/4 8702/19/4
f 8702/19/4 8696/19/4 8703/19/4
f 8704/16/4 8705/16/4 8706/16/4
f 8706/16/4 8705/16/4 8707/16/4
f 8707/16/4 8705/16/4 8708/16/4
f 8708/16/4 8705/16/4 8709/16/4
f 8710/20/4 8711/20/4 8716/20/4
f 8711/21/4 8712/21/4 8716/21/4
f 8712/20/4 8713/20/4 8717/20/4
f 8716/21/4 8712/21/4 8717/21/4
f 8717/20/4 8713/20/4 8718/20/4
f 8718/20/4 8713/20/4 8719/20/4
f 8719/20/4 8713/20/4 8720/20/4
f 8716/20/4 8717/20/4 8721/20/4
f 8717/21/4 8718/21/4 8721/21/4
f 8718/20/4 8719/20/4 8722/20/4
f 8721/21/4 8718/21/4 8722/21/4
f 8719/21/4 8720/21/4 8723/21/4
f 8722/20/4 8719/20/4 8723/20/4
f 8720/20/4 8713/20/4 8724/20/4
f 8723/21/4 8720/21/4 8724/21/4
f 8710/20/4 8716/20/4 8725/20/4
f 8722/20/4 8723/20/4 8725/20/4
f 8723/20/4 8724/20/4 8725/20/4
f 8716/20/4 8721/20/4 8725/20/4
f 8721/20/4 8722/20/4 8725/20/4
f 8725/20/4 8724/20/4 8726/20/4
f 8724/20/4 8713/20/4 8727/20/4
f 8726/20/4 8724/20/4 8727/20/4
f 8727/20/4 8713/20/4 8728/20/4
f 8728/20/4 8713/20/4 8729/20/4
f 8729/20/4 8713/20/4 8730/20/4
f 8725/21/4 8726/21/4 8731/21/4
f 8710/20/4 8725/20/4 8731/20/4
f 8726/20/4 8727/20/4 8732/20/4
f 8731/21/4 8726/21/4 8732/21/4
f 8732/20/4 8727/20/4 8733/20/4
f 8727/21/4 8728/21/4 8734/21/4
f 8733/20/4 8727/20/4 8734/20/4
f 8728/20/4 8729/20/4 8735/20/4
f 8734/21/4 8728/21/4 8735/21/4
f 8729/21/4 8730/21/4 8736/21/4
f 8735/20/4 8729/20/4 8736/20/4
f 8736/21/4 8730/21/4 8737/21/4
f 8730/20/4 8713/20/4 8738/20/4
f 8737/21/4 8730/21/4 8738/21/4
f 8738/20/4 8713/20/4 8739/20/4
f 8732/20/4 8733/20/4 8740/20/4
f 8731/20/4 8732/20/4 8740/20/4
f 8740/20/4 8733/20/4 8741/20/4
f 8733/21/4 8734/21/4 8742/21/4
f 8741/20/4 8733/20/4 8742/20/4
f 8736/20/4 8737/20/4 8743/20/4
f 8742/21/4 8734/21/4 8743/21/4
f 8734/20/4 8735/20/4 8743/20/4
f 8735/20/4 8736/20/4 8743/20/4
f 8731/20/4 8740/20/4 8744/20/4
f 8740/21/4 8741/21/4 8744/21/4
f 8741/20/4 8742/20/4 8745/20/4
f 8744/21/4 8741/21/4 8745/21/4
f 8742/20/4 8743/20/4 8745/20/4
f 8743/20/4 8737/20/4 8746/20/4
f 8745/20/4 8743/20/4 8746/20/4
f 8737/21/4 8738/21/4 8747/21/4
f 8746/20/4 8737/20/4 8747/20/4
f 8738/21/4 8739/21/4 8747/21/4
f 8739/20/4 8713/20/4 8748/20/4
f 8747/21/4 8739/21/4 8748/21/4
f 8731/20/4 8744/20/4 8749/20/4
f 8744/20/4 8745/20/4 8749/20/4
f 8710/20/4 8731/20/4 8749/20/4
f 8745/20/4 8746/20/4 8749/20/4
f 8749/20/4 8746/20/4 8750/20/4
f 8750/20/4 8746/20/4 8751/20/4
f 8751/20/4 8746/20/4 8752/20/4
f 8710/20/4 8749/20/4 8753/20/4
f 8749/21/4 8750/21/4 8753/21/4
f 8750/20/4 8751/20/4 8754/20/4
f 8753/21/4 8750/21/4 8754/21/4
f 8754/20/4 8751/20/4 8755/20/4
f 8751/21/4 8752/21/4 8756/21/4
f 8755/20/4 8751/20/4 8756/20/4
f 8752/20/4 8746/20/4 8757/20/4
f 8756/21/4 8752/21/4 8757/21/4
f 8746/21/4 8747/21/4 8758/21/4
f 8757/20/4 8746/20/4 8758/20/4
f 8747/20/4 8748/20/4 8759/20/4
f 8758/21/4 8747/21/4 8759/21/4
f 8757/20/4 8758/20/4 8760/20/4
f 8756/20/4 8757/20/4 8760/20/4
f 8758/20/4 8759/20/4 8760/20/4
f 8755/20/4 8756/20/4 8760/20/4
f 8760/20/4 8759/20/4 8761/20/4
f 8759/20/4 8748/20/4 8762/20/4
f 8761/20/4 8759/20/4 8762/20/4
f 8748/20/4 8713/20/4 8763/20/4
f 8762/20/4 8748/20/4 8763/20/4
f 8753/20/4 8754/20/4 8764/20/4
f 8754/21/4 8755/21/4 8764/21/4
f 8755/20/4 8760/20/4 8765/20/4
f 8764/21/4 8755/21/4 8765/21/4
f 8760/21/4 8761/21/4 8766/21/4
f 8765/20/4 8760/20/4 8766/20/4
f 8761/20/4 8762/20/4 8767/20/4
f 8766/21/4 8761/21/4 8767/21/4
f 8765/20/4 8766/20/4 8768/20/4
f 8764/20/4 8765/20/4 8768/20/4
f 8766/20/4 8767/20/4 8768/20/4
f 8753/20/4 8764/20/4 8768/20/4
f 8710/20/4 8753/20/4 8768/20/4
f 8768/20/4 8767/20/4 8769/20/4
f 8767/20/4 8762/20/4 8770/20/4
f 8769/20/4 8767/20/4 8770/20/4
f 8770/20/4 8762/20/4 8771/20/4
f 8771/20/4 8762/20/4 8772/20/4
f 8772/20/4 8762/20/4 8773/20/4
f 8762/21/4 8763/21/4 8774/21/4
f 8773/20/4 8762/20/4 8774/20/4
f 8763/20/4 8713/20/4 8775/20/4
f 8774/21/4 8763/21/4 8775/21/4
f 8769/20/4 8770/20/4 8776/20/4
f 8776/20/4 8770/20/4 8777/20/4
f 8770/21/4 8771/21/4 8778/21/4
f 8777/20/4 8770/20/4 8778/20/4
f 8771/20/4 8772/20/4 8779/20/4
f 8778/21/4 8771/21/4 8779/21/4
f 8769/20/4 8776/20/4 8780/20/4
f 8780/20/4 8776/20/4 8781/20/4
f 8776/21/4 8777/21/4 8782/21/4
f 8781/20/4 8776/20/4 8782/20/4
f 8777/20/4 8778/20/4 8783/20/4
f 8782/21/4 8777/21/4 8783/21/4
f 8778/20/4 8779/20/4 8783/20/4
f 8783/20/4 8779/20/4 8784/20/4
f 8784/20/4 8779/20/4 8785/20/4
f 8779/20/4 8772/20/4 8786/20/4
f 8785/20/4 8779/20/4 8786/20/4
f 8786/20/4 8772/20/4 8787/20/4
f 8772/21/4 8773/21/4 8788/21/4
f 8787/20/4 8772/20/4 8788/20/4
f 8773/20/4 8774/20/4 8789/20/4
f 8788/21/4 8773/21/4 8789/21/4
f 8774/20/4 8775/20/4 8789/20/4
f 8768/21/4 8769/21/4 8790/21/4
f 8710/20/4 8768/20/4 8790/20/4
f 8769/20/4 8780/20/4 8791/20/4
f 8790/21/4 8769/21/4 8791/21/4
f 8780/21/4 8781/21/4 8792/21/4
f 8781/20/4 8782/20/4 8792/20/4
f 8782/20/4 8783/20/4 8792/20/4
f 8783/20/4 8784/20/4 8792/20/4
f 8792/20/4 8784/20/4 8793/20/4
f 8791/20/4 8780/20/4 8794/20/4
f 8790/20/4 8791/20/4 8794/20/4
f 8792/21/4 8793/21/4 8794/21/4
f 8780/21/4 8792/21/4 8794/21/4
f 8794/21/4 8793/21/4 8795/21/4
f 8793/20/4 8784/20/4 8796/20/4
f 8784/21/4 8785/21/4 8796/21/4
f 8785/20/4 8786/20/4 8797/20/4
f 8796/21/4 8785/21/4 8797/21/4
f 8793/20/4 8796/20/4 8798/20/4
f 8796/20/4 8797/20/4 8798/20/4
f 8798/20/4 8797/20/4 8799/20/4
f 8786/21/4 8787/21/4 8800/21/4
f 8799/20/4 8797/20/4 8800/20/4
f 8797/20/4 8786/20/4 8800/20/4
f 8787/20/4 8788/20/4 8801/20/4
f 8800/21/4 8787/21/4 8801/21/4
f 8788/20/4 8789/20/4 8801/20/4
f 8798/21/4 8799/21/4 8802/21/4
f 8799/20/4 8800/20/4 8802/20/4
f 8800/20/4 8801/20/4 8802/20/4
f 8801/20/4 8789/20/4 8803/20/4
f 8802/20/4 8801/20/4 8803/20/4
f 8789/20/4 8775/20/4 8804/20/4
f 8803/20/4 8789/20/4 8804/20/4
f 8775/20/4 8713/20/4 8805/20/4
f 8804/20/4 8775/20/4 8805/20/4
f 8802/21/4 8803/21/4 8806/21/4
f 8798/21/4 8802/21/4 8806/21/4
f 8793/20/4 8798/20/4 8806/20/4
f 8806/21/4 8803/21/4 8807/21/4
f 8794/20/4 8795/20/4 8808/20/4
f 8790/20/4 8794/20/4 8808/20/4
f 8710/20/4 8790/20/4 8808/20/4
f 8808/20/4 8795/20/4 8809/20/4
f 8807/21/4 8803/21/4 8810/21/4
f 8806/20/4 8807/20/4 8810/20/4
f 8803/20/4 8804/20/4 8811/20/4
f 8810/21/4 8803/21/4 8811/21/4
f 8809/20/4 8795/20/4 8812/20/4
f 8795/21/4 8793/21/4 8813/21/4
f 8812/20/4 8795/20/4 8813/20/4
f 8806/20/4 8810/20/4 8814/20/4
f 8813/21/4 8793/21/4 8814/21/4
f 8793/20/4 8806/20/4 8814/20/4
f 8810/20/4 8811/20/4 8814/20/4
f 8808/21/4 8809/21/4 8815/21/4
f 8809/20/4 8812/20/4 8815/20/4
f 8812/21/4 8813/21/4 8816/21/4
f 8815/20/4 8812/20/4 8816/20/4
f 8811/20/4 8804/20/4 8817/20/4
f 8814/20/4 8811/20/4 8817/20/4
f 8813/20/4 8814/20/4 8817/20/4
f 8804/21/4 8805/21/4 8818/21/4
f 8817/20/4 8804/20/4 8818/20/4
f 8815/21/4 8816/21/4 8819/21/4
f 8808/21/4 8815/21/4 8819/21/4
f 8710/20/4 8808/20/4 8819/20/4
f 8816/21/4 8813/21/4 8820/21/4
f 8819/21/4 8816/21/4 8820/21/4
f 8813/20/4 8817/20/4 8821/20/4
f 8820/21/4 8813/21/4 8821/21/4
f 8821/20/4 8817/20/4 8822/20/4
f 8822/20/4 8817/20/4 8823/20/4
f 8823/20/4 8817/20/4 8824/20/4
f 8824/20/4 8817/20/4 8825/20/4
f 8825/20/4 8817/20/4 8826/20/4
f 8822/20/4 8823/20/4 8827/20/4
f 8823/21/4 8824/21/4 8827/21/4
f 8824/20/4 8825/20/4 8828/20/4
f 8827/21/4 8824/21/4 8828/21/4
f 8818/21/4 8805/21/4 8829/21/4
f 8817/21/4 8818/21/4 8829/21/4
f 8805/20/4 8713/20/4 8830/20/4
f 8829/21/4 8805/21/4 8830/21/4
f 8817/21/4 8829/21/4 8831/21/4
f 8826/20/4 8817/20/4 8831/20/4
f 8829/20/4 8830/20/4 8832/20/4
f 8831/21/4 8829/21/4 8832/21/4
f 8828/20/4 8825/20/4 8833/20/4
f 8827/20/4 8828/20/4 8833/20/4
f 8825/21/4 8826/21/4 8833/21/4
f 8831/20/4 8832/20/4 8834/20/4
f 8833/21/4 8826/21/4 8834/21/4
f 8826/20/4 8831/20/4 8834/20/4
f 8827/20/4 8833/20/4 8835/20/4
f 8833/20/4 8834/20/4 8835/20/4
f 8830/20/4 8713/20/4 8836/20/4
f 8835/20/4 8834/20/4 8836/20/4
f 8832/20/4 8830/20/4 8836/20/4
f 8834/20/4 8832/20/4 8836/20/4
f 8827/20/4 8835/20/4 8837/20/4
f 8822/20/4 8827/20/4 8837/20/4
f 8837/20/4 8835/20/4 8838/20/4
f 8835/2/4 8836/2/4 8839/2/4
f 8838/20/4 8835/20/4 8839/20/4
f 8839/2/4 8836/2/4 8840/2/4
f 8840/2/4 8836/2/4 8841/2/4
f 8841/2/4 8836/2/4 8842/2/4
f 8842/2/4 8836/2/4 8843/2/4
f 8843/2/4 8836/2/4 8844/2/4
f 8819/20/4 8820/20/4 8845/20/4
f 8821/21/4 8822/21/4 8845/21/4
f 8820/21/4 8821/21/4 8845/21/4
f 8822/20/4 8837/20/4 8846/20/4
f 8845/21/4 8822/21/4 8846/21/4
f 8837/21/4 8838/21/4 8847/21/4
f 8846/20/4 8837/20/4 8847/20/4
f 8845/20/4 8846/20/4 8847/20/4
f 8838/20/4 8839/20/4 8848/20/4
f 8847/21/4 8838/21/4 8848/21/4
f 8839/20/4 8840/20/4 8848/20/4
f 8840/21/4 8841/21/4 8849/21/4
f 8848/20/4 8840/20/4 8849/20/4
f 8841/20/4 8842/20/4 8850/20/4
f 8849/21/4 8841/21/4 8850/21/4
f 8848/20/4 8849/20/4 8851/20/4
f 8850/20/4 8842/20/4 8851/20/4
f 8849/20/4 8850/20/4 8851/20/4
f 8847/20/4 8848/20/4 8851/20/4
f 8842/21/4 8843/21/4 8851/21/4
f 8843/20/4 8844/20/4 8852/20/4
f 8851/21/4 8843/21/4 8852/21/4
f 8710/20/4 8819/20/4 8853/20/4
f 8845/20/4 8847/20/4 8853/20/4
f 8851/20/4 8852/20/4 8853/20/4
f 8819/20/4 8845/20/4 8853/20/4
f 8847/20/4 8851/20/4 8853/20/4
f 8852/20/4 8844/20/4 8854/20/4
f 8853/20/4 8852/20/4 8854/20/4
f 8714/17/4 8715/17/4 8855/17/4
f 8855/17/4 8715/17/4 8856/17/4
f 8857/26/4 8858/26/4 8859/26/4
f 8859/26/4 8858/26/4 8860/26/4
f 8859/2/4 8860/2/4 8861/2/4
f 8860/26/4 8858/26/4 8862/26/4
f 8861/2/4 8860/2/4 8862/2/4
f 8861/26/4 8862/26/4 8864/26/4
f 8862/26/4 8858/26/4 8865/26/4
f 8864/26/4 8862/26/4 8865/26/4
f 8863/20/4 8864/20/4 8877/20/4
f 8864/20/4 8865/20/4 8877/20/4
f 8865/20/4 8866/20/4 8877/20/4
f 8866/21/4 8867/21/4 8877/21/4
f 8867/20/4 8868/20/4 8878/20/4
f 8877/21/4 8867/21/4 8878/21/4
f 8868/21/4 8869/21/4 8879/21/4
f 8878/20/4 8868/20/4 8879/20/4
f 8869/20/4 8870/20/4 8880/20/4
f 8879/21/4 8869/21/4 8880/21/4
f 8870/21/4 8871/21/4 8881/21/4
f 8880/20/4 8870/20/4 8881/20/4
f 8871/20/4 8872/20/4 8882/20/4
f 8881/21/4 8871/21/4 8882/21/4
f 8872/21/4 8873/21/4 8883/21/4
f 8882/20/4 8872/20/4 8883/20/4
f 8873/20/4 8874/20/4 8884/20/4
f 8883/21/4 8873/21/4 8884/21/4
f 8874/21/4 8875/21/4 8885/21/4
f 8884/20/4 8874/20/4 8885/20/4
f 8875/20/4 8876/20/4 8886/20/4
f 8885/21/4 8875/21/4 8886/21/4
f 8884/20/4 8885/20/4 8887/20/4
f 8883/20/4 8884/20/4 8887/20/4
f 8885/20/4 8886/20/4 8887/20/4
f 8880/20/4 8881/20/4 8887/20/4
f 8879/20/4 8880/20/4 8887/20/4
f 8878/20/4 8879/20/4 8887/20/4
f 8877/20/4 8878/20/4 8887/20/4
f 8863/20/4 8877/20/4 8887/20/4
f 8881/20/4 8882/20/4 8887/20/4
f 8882/20/4 8883/20/4 8887/20/4
f 8887/20/4 8886/20/4 8888/20/4
f 8863/20/4 8887/20/4 8889/20/4
f 8889/20/4 8887/20/4 8890/20/4
f 8887/21/4 8888/21/4 8891/21/4
f 8890/20/4 8887/20/4 8891/20/4
f 8888/20/4 8886/20/4 8892/20/4
f 8891/21/4 8888/21/4 8892/21/4
f 8892/20/4 8886/20/4 8893/20/4
f 8893/20/4 8886/20/4 8894/20/4
f 8894/20/4 8886/20/4 8895/20/4
f 8895/20/4 8886/20/4 8896/20/4
f 8896/20/4 8886/20/4 8897/20/4
f 8897/20/4 8886/20/4 8898/20/4
f 8898/20/4 8886/20/4 8899/20/4
f 8899/20/4 8886/20/4 8900/20/4
f 8900/20/4 8886/20/4 8901/20/4
f 8901/20/4 8886/20/4 8902/20/4
f 8890/20/4 8891/20/4 8903/20/4
f 8891/20/4 8892/20/4 8903/20/4
f 8892/20/4 8893/20/4 8903/20/4
f 8903/20/4 8893/20/4 8904/20/4
f 8893/21/4 8894/21/4 8905/21/4
f 8904/20/4 8893/20/4 8905/20/4
f 8894/20/4 8895/20/4 8906/20/4
f 8905/21/4 8894/21/4 8906/21/4
f 8895/21/4 8896/21/4 8907/21/4
f 8906/20/4 8895/20/4 8907/20/4
f 8896/20/4 8897/20/4 8908/20/4
f 8907/21/4 8896/21/4 8908/21/4
f 8863/20/4 8889/20/4 8909/20/4
f 8909/20/4 8889/20/4 8910/20/4
f 8889/21/4 8890/21/4 8911/21/4
f 8910/20/4 8889/20/4 8911/20/4
f 8890/20/4 8903/20/4 8912/20/4
f 8911/21/4 8890/21/4 8912/21/4
f 8908/20/4 8897/20/4 8913/20/4
f 8904/20/4 8905/20/4 8913/20/4
f 8905/20/4 8906/20/4 8913/20/4
f 8906/20/4 8907/20/4 8913/20/4
f 8907/20/4 8908/20/4 8913/20/4
f 8897/21/4 8898/21/4 8913/21/4
f 8898/20/4 8899/20/4 8914/20/4
f 8913/21/4 8898/21/4 8914/21/4
f 8900/20/4 8901/20/4 8915/20/4
f 8915/20/4 8901/20/4 8916/20/4
f 8901/21/4 8902/21/4 8917/21/4
f 8916/20/4 8901/20/4 8917/20/4
f 8902/20/4 8886/20/4 8918/20/4
f 8917/21/4 8902/21/4 8918/21/4
f 8912/20/4 8903/20/4 8919/20/4
f 8903/21/4 8904/21/4 8919/21/4
f 8911/20/4 8912/20/4 8919/20/4
f 8910/20/4 8911/20/4 8919/20/4
f 8913/20/4 8914/20/4 8920/20/4
f 8919/21/4 8904/21/4 8920/21/4
f 8904/20/4 8913/20/4 8920/20/4
f 8914/20/4 8899/20/4 8921/20/4
f 8920/20/4 8914/20/4 8921/20/4
f 8899/21/4 8900/21/4 8921/21/4
f 8900/20/4 8915/20/4 8922/20/4
f 8921/21/4 8900/21/4 8922/21/4
f 8916/20/4 8917/20/4 8923/20/4
f 8918/20/4 8886/20/4 8923/20/4
f 8917/20/4 8918/20/4 8923/20/4
f 8886/20/4 8876/20/4 8924/20/4
f 8923/20/4 8886/20/4 8924/20/4
f 8921/20/4 8922/20/4 8925/20/4
f 8919/20/4 8920/20/4 8925/20/4
f 8920/20/4 8921/20/4 8925/20/4
f 8925/20/4 8922/20/4 8926/20/4
f 8910/20/4 8919/20/4 8927/20/4
f 8919/20/4 8925/20/4 8927/20/4
f 8927/20/4 8925/20/4 8928/20/4
f 8928/20/4 8925/20/4 8929/20/4
f 8929/20/4 8925/20/4 8930/20/4
f 8930/20/4 8925/20/4 8931/20/4
f 8931/20/4 8925/20/4 8932/20/4
f 8922/20/4 8915/20/4 8933/20/4
f 8915/21/4 8916/21/4 8933/21/4
f 8926/20/4 8922/20/4 8933/20/4
f 8916/20/4 8923/20/4 8934/20/4
f 8933/21/4 8916/21/4 8934/21/4
f 8934/20/4 8923/20/4 8935/20/4
f 8935/20/4 8923/20/4 8936/20/4
f 8909/21/4 8910/21/4 8937/21/4
f 8863/20/4 8909/20/4 8937/20/4
f 8910/20/4 8927/20/4 8938/20/4
f 8937/21/4 8910/21/4 8938/21/4
f 8928/20/4 8929/20/4 8939/20/4
f 8939/20/4 8929/20/4 8940/20/4
f 8929/21/4 8930/21/4 8941/21/4
f 8940/20/4 8929/20/4 8941/20/4
f 8930/20/4 8931/20/4 8942/20/4
f 8941/21/4 8930/21/4 8942/21/4
f 8932/20/4 8925/20/4 8943/20/4
f 8925/21/4 8926/21/4 8943/21/4
f 8926/20/4 8933/20/4 8944/20/4
f 8943/21/4 8926/21/4 8944/21/4
f 8933/20/4 8934/20/4 8944/20/4
f 8934/20/4 8935/20/4 8944/20/4
f 8936/20/4 8923/20/4 8945/20/4
f 8923/21/4 8924/21/4 8945/21/4
f 8924/20/4 8876/20/4 8946/20/4
f 8945/21/4 8924/21/4 8946/21/4
f 8940/20/4 8941/20/4 8947/20/4
f 8941/20/4 8942/20/4 8947/20/4
f 8947/20/4 8942/20/4 8948/20/4
f 8942/20/4 8931/20/4 8949/20/4
f 8948/20/4 8942/20/4 8949/20/4
f 8949/20/4 8931/20/4 8950/20/4
f 8931/21/4 8932/21/4 8951/21/4
f 8950/20/4 8931/20/4 8951/20/4
f 8932/20/4 8943/20/4 8952/20/4
f 8951/21/4 8932/21/4 8952/21/4
f 8943/20/4 8944/20/4 8952/20/4
f 8936/20/4 8945/20/4 8953/20/4
f 8945/20/4 8946/20/4 8953/20/4
f 8953/20/4 8946/20/4 8954/20/4
f 8927/21/4 8928/21/4 8955/21/4
f 8938/20/4 8927/20/4 8955/20/4
f 8937/20/4 8938/20/4 8955/20/4
f 8928/20/4 8939/20/4 8956/20/4
f 8955/21/4 8928/21/4 8956/21/4
f 8949/21/4 8950/21/4 8957/21/4
f 8948/20/4 8949/20/4 8957/20/4
f 8950/20/4 8951/20/4 8958/20/4
f 8957/21/4 8950/21/4 8958/21/4
f 8951/20/4 8952/20/4 8958/20/4
f 8944/20/4 8935/20/4 8959/20/4
f 8958/20/4 8952/20/4 8959/20/4
f 8952/20/4 8944/20/4 8959/20/4
f 8935/21/4 8936/21/4 8959/21/4
f 8936/20/4 8953/20/4 8960/20/4
f 8959/21/4 8936/21/4 8960/21/4
f 8956/20/4 8939/20/4 8961/20/4
f 8955/20/4 8956/20/4 8961/20/4
f 8961/20/4 8939/20/4 8962/20/4
f 8939/21/4 8940/21/4 8963/21/4
f 8962/20/4 8939/20/4 8963/20/4
f 8940/20/4 8947/20/4 8964/20/4
f 8963/21/4 8940/21/4 8964/21/4
f 8947/21/4 8948/21/4 8965/21/4
f 8964/20/4 8947/20/4 8965/20/4
f 8948/20/4 8957/20/4 8966/20/4
f 8965/21/4 8948/21/4 8966/21/4
f 8957/20/4 8958/20/4 8966/20/4
f 8958/20/4 8959/20/4 8966/20/4
f 8959/20/4 8960/20/4 8966/20/4
f 8966/20/4 8960/20/4 8967/20/4
f 8967/20/4 8960/20/4 8968/20/4
f 8960/20/4 8953/20/4 8969/20/4
f 8968/20/4 8960/20/4 8969/20/4
f 8953/21/4 8954/21/4 8969/21/4
f 8954/20/4 8946/20/4 8970/20/4
f 8969/21/4 8954/21/4 8970/21/4
f 8964/20/4 8965/20/4 8971/20/4
f 8963/20/4 8964/20/4 8971/20/4
f 8966/20/4 8967/20/4 8971/20/4
f 8965/20/4 8966/20/4 8971/20/4
f 8962/20/4 8963/20/4 8971/20/4
f 8971/20/4 8967/20/4 8972/20/4
f 8955/20/4 8961/20/4 8973/20/4
f 8937/20/4 8955/20/4 8973/20/4
f 8863/20/4 8937/20/4 8973/20/4
f 8973/20/4 8961/20/4 8974/20/4
f 8972/20/4 8967/20/4 8975/20/4
f 8967/21/4 8968/21/4 8975/21/4
f 8975/21/4 8968/21/4 8976/21/4
f 8976/21/4 8968/21/4 8977/21/4
f 8969/20/4 8970/20/4 8978/20/4
f 8977/21/4 8968/21/4 8978/21/4
f 8968/20/4 8969/20/4 8978/20/4
f 8962/20/4 8971/20/4 8979/20/4
f 8979/20/4 8971/20/4 8980/20/4
f 8973/21/4 8974/21/4 8981/21/4
f 8863/20/4 8973/20/4 8981/20/4
f 8974/20/4 8961/20/4 8982/20/4
f 8981/21/4 8974/21/4 8982/21/4
f 8982/20/4 8961/20/4 8983/20/4
f 8983/20/4 8961/20/4 8984/20/4
f 8976/21/4 8977/21/4 8985/21/4
f 8975/20/4 8976/20/4 8985/20/4
f 8977/20/4 8978/20/4 8986/20/4
f 8985/21/4 8977/21/4 8986/21/4
f 8984/20/4 8961/20/4 8987/20/4
f 8961/21/4 8962/21/4 8987/21/4
f 8962/20/4 8979/20/4 8988/20/4
f 8987/21/4 8962/21/4 8988/21/4
f 8988/20/4 8979/20/4 8989/20/4
f 8989/20/4 8979/20/4 8990/20/4
f 8980/20/4 8971/20/4 8991/20/4
f 8971/21/4 8972/21/4 8992/21/4
f 8991/20/4 8971/20/4 8992/20/4
f 8992/21/4 8972/21/4 8993/21/4
f 8985/20/4 8986/20/4 8994/20/4
f 8975/20/4 8985/20/4 8994/20/4
f 8994/20/4 8986/20/4 8995/20/4
f 8987/20/4 8988/20/4 8996/20/4
f 8988/20/4 8989/20/4 8996/20/4
f 8996/20/4 8989/20/4 8997/20/4
f 8980/20/4 8991/20/4 8998/20/4
f 8991/21/4 8992/21/4 8998/21/4
f 8992/20/4 8993/20/4 8999/20/4
f 8998/21/4 8992/21/4 8999/21/4
f 8986/20/4 8978/20/4 9000/20/4
f 8978/20/4 8970/20/4 9000/20/4
f 8995/20/4 8986/20/4 9000/20/4
f 9000/20/4 8970/20/4 9001/20/4
f 9001/20/4 8970/20/4 9002/20/4
f 9002/20/4 8970/20/4 9003/20/4
f 8981/20/4 8982/20/4 9004/20/4
f 8982/20/4 8983/20/4 9004/20/4
f 9004/20/4 8983/20/4 9005/20/4
f 8999/20/4 8993/20/4 9006/20/4
f 8993/21/4 8972/21/4 9006/21/4
f 8998/20/4 8999/20/4 9006/20/4
f 8972/20/4 8975/20/4 9007/20/4
f 9006/21/4 8972/21/4 9007/21/4
f 8975/20/4 8994/20/4 9007/20/4
f 8997/20/4 8989/20/4 9008/20/4
f 9008/20/4 8989/20/4 9009/20/4
f 8990/20/4 8979/20/4 9010/20/4
f 8979/21/4 8980/21/4 9010/21/4
f 8998/20/4 9006/20/4 9011/20/4
f 9010/21/4 8980/21/4 9011/21/4
f 8980/20/4 8998/20/4 9011/20/4
f 9006/20/4 9007/20/4 9011/20/4
f 9005/20/4 8983/20/4 9012/20/4
f 8983/21/4 8984/21/4 9012/21/4
f 8984/20/4 8987/20/4 9013/20/4
f 9012/21/4 8984/21/4 9013/21/4
f 8987/20/4 8996/20/4 9013/20/4
f 9011/20/4 9007/20/4 9014/20/4
f 9010/20/4 9011/20/4 9014/20/4
f 9007/20/4 8994/20/4 9014/20/4
f 8994/21/4 8995/21/4 9014/21/4
f 8995/20/4 9000/20/4 9015/20/4
f 9014/21/4 8995/21/4 9015/21/4
f 9003/20/4 8970/20/4 9016/20/4
f 8970/20/4 8946/20/4 9017/20/4
f 9016/20/4 8970/20/4 9017/20/4
f 9009/20/4 8989/20/4 9018/20/4
f 8989/21/4 8990/21/4 9019/21/4
f 9018/20/4 8989/20/4 9019/20/4
f 9012/20/4 9013/20/4 9020/20/4
f 9005/20/4 9012/20/4 9020/20/4
f 9020/20/4 9013/20/4 9021/20/4
f 8997/20/4 9008/20/4 9022/20/4
f 8996/21/4 8997/21/4 9022/21/4
f 9022/20/4 9008/20/4 9023/20/4
f 9019/21/4 8990/21/4 9024/21/4
f 9018/21/4 9019/21/4 9024/21/4
f 9010/20/4 9014/20/4 9025/20/4
f 9024/21/4 8990/21/4 9025/21/4
f 8990/20/4 9010/20/4 9025/20/4
f 9014/20/4 9015/20/4 9025/20/4
f 9004/21/4 9005/21/4 9026/21/4
f 8981/20/4 9004/20/4 9026/20/4
f 9005/20/4 9020/20/4 9027/20/4
f 9026/21/4 9005/21/4 9027/21/4
f 9013/20/4 8996/20/4 9028/20/4
f 8996/21/4 9022/21/4 9028/21/4
f 9021/20/4 9013/20/4 9028/20/4
f 9022/21/4 9023/21/4 9028/21/4
f 9028/21/4 9023/21/4 9029/21/4
f 9002/21/4 9003/21/4 9030/21/4
f 9001/20/4 9002/20/4 9030/20/4
f 9003/20/4 9016/20/4 9031/20/4
f 9030/21/4 9003/21/4 9031/21/4
f 9018/21/4 9024/21/4 9032/21/4
f 9009/20/4 9018/20/4 9032/20/4
f 9024/20/4 9025/20/4 9033/20/4
f 9032/21/4 9024/21/4 9033/21/4
f 9025/20/4 9015/20/4 9034/20/4
f 9033/20/4 9025/20/4 9034/20/4
f 9034/20/4 9015/20/4 9035/20/4
f 9015/20/4 9000/20/4 9036/20/4
f 9035/20/4 9015/20/4 9036/20/4
f 9000/21/4 9001/21/4 9036/21/4
f 9001/20/4 9030/20/4 9037/20/4
f 9036/21/4 9001/21/4 9037/21/4
f 9030/20/4 9031/20/4 9037/20/4
f 9031/20/4 9016/20/4 9038/20/4
f 9037/20/4 9031/20/4 9038/20/4
f 9016/21/4 9017/21/4 9038/21/4
f 9017/20/4 8946/20/4 9039/20/4
f 9038/21/4 9017/21/4 9039/21/4
f 9027/20/4 9020/20/4 9040/20/4
f 9026/20/4 9027/20/4 9040/20/4
f 9020/21/4 9021/21/4 9040/21/4
f 9021/20/4 9028/20/4 9041/20/4
f 9040/21/4 9021/21/4 9041/21/4
f 9028/20/4 9029/20/4 9041/20/4
f 9029/21/4 9023/21/4 9042/21/4
f 9041/20/4 9029/20/4 9042/20/4
f 9023/20/4 9008/20/4 9043/20/4
f 9042/21/4 9023/21/4 9043/21/4
f 9008/21/4 9009/21/4 9044/21/4
f 9043/20/4 9008/20/4 9044/20/4
f 9044/21/4 9009/21/4 9045/21/4
f 9035/20/4 9036/20/4 9046/20/4
f 9037/20/4 9038/20/4 9046/20/4
f 9036/20/4 9037/20/4 9046/20/4
f 9038/20/4 9039/20/4 9046/20/4
f 9046/20/4 9039/20/4 9047/20/4
f 9044/20/4 9045/20/4 9048/20/4
f 9041/20/4 9042/20/4 9048/20/4
f 9043/20/4 9044/20/4 9048/20/4
f 9042/20/4 9043/20/4 9048/20/4
f 9040/20/4 9041/20/4 9048/20/4
f 9026/20/4 9040/20/4 9048/20/4
f 9048/20/4 9045/20/4 9049/20/4
f 9032/20/4 9033/20/4 9050/20/4
f 9034/21/4 9035/21/4 9050/21/4
f 9033/20/4 9034/20/4 9050/20/4
f 9035/20/4 9046/20/4 9051/20/4
f 9050/21/4 9035/21/4 9051/21/4
f 9047/20/4 9039/20/4 9052/20/4
f 9039/20/4 8946/20/4 9053/20/4
f 9052/20/4 9039/20/4 9053/20/4
f 9047/20/4 9052/20/4 9054/20/4
f 9054/20/4 9052/20/4 9055/20/4
f 9049/20/4 9045/20/4 9056/20/4
f 9056/20/4 9045/20/4 9057/20/4
f 9057/20/4 9045/20/4 9058/20/4
f 9058/20/4 9045/20/4 9059/20/4
f 9045/21/4 9009/21/4 9060/21/4
f 9059/20/4 9045/20/4 9060/20/4
f 9032/20/4 9050/20/4 9061/20/4
f 9060/21/4 9009/21/4 9061/21/4
f 9009/20/4 9032/20/4 9061/20/4
f 9050/20/4 9051/20/4 9061/20/4
f 9061/20/4 9051/20/4 9062/20/4
f 9062/20/4 9051/20/4 9063/20/4
f 9057/20/4 9058/20/4 9064/20/4
f 9064/20/4 9058/20/4 9065/20/4
f 9055/20/4 9052/20/4 9066/20/4
f 9052/21/4 9053/21/4 9066/21/4
f 9053/20/4 8946/20/4 9067/20/4
f 9066/21/4 9053/21/4 9067/21/4
f 8863/20/4 8981/20/4 9068/20/4
f 9026/20/4 9048/20/4 9068/20/4
f 8981/20/4 9026/20/4 9068/20/4
f 9068/20/4 9048/20/4 9069/20/4
f 9047/20/4 9054/20/4 9070/20/4
f 9054/21/4 9055/21/4 9070/21/4
f 9055/20/4 9066/20/4 9071/20/4
f 9070/21/4 9055/21/4 9071/21/4
f 9066/20/4 9067/20/4 9071/20/4
f 9071/20/4 9067/20/4 9072/20/4
f 9072/20/4 9067/20/4 9073/20/4
f 9048/21/4 9049/21/4 9074/21/4
f 9069/20/4 9048/20/4 9074/20/4
f 9049/20/4 9056/20/4 9075/20/4
f 9074/21/4 9049/21/4 9075/21/4
f 9070/20/4 9071/20/4 9076/20/4
f 9071/20/4 9072/20/4 9076/20/4
f 9076/20/4 9072/20/4 9077/20/4
f 9077/20/4 9072/20/4 9078/20/4
f 9078/20/4 9072/20/4 9079/20/4
f 9057/20/4 9064/20/4 9080/20/4
f 9064/21/4 9065/21/4 9080/21/4
f 9065/20/4 9058/20/4 9081/20/4
f 9080/21/4 9065/21/4 9081/21/4
f 9059/20/4 9060/20/4 9082/20/4
f 9060/20/4 9061/20/4 9082/20/4
f 9061/20/4 9062/20/4 9082/20/4
f 9062/21/4 9063/21/4 9082/21/4
f 9063/20/4 9051/20/4 9083/20/4
f 9082/21/4 9063/21/4 9083/21/4
f 9076/21/4 9077/21/4 9084/21/4
f 9070/20/4 9076/20/4 9084/20/4
f 9077/20/4 9078/20/4 9085/20/4
f 9084/21/4 9077/21/4 9085/21/4
f 9079/20/4 9072/20/4 9086/20/4
f 9072/21/4 9073/21/4 9086/21/4
f 9073/20/4 9067/20/4 9087/20/4
f 9086/21/4 9073/21/4 9087/21/4
f 9074/20/4 9075/20/4 9088/20/4
f 9075/20/4 9056/20/4 9089/20/4
f 9088/20/4 9075/20/4 9089/20/4
f 9059/20/4 9082/20/4 9090/20/4
f 9082/20/4 9083/20/4 9090/20/4
f 9090/20/4 9083/20/4 9091/20/4
f 9051/20/4 9046/20/4 9092/20/4
f 9091/20/4 9083/20/4 9092/20/4
f 9046/21/4 9047/21/4 9092/21/4
f 9083/20/4 9051/20/4 9092/20/4
f 9047/20/4 9070/20/4 9093/20/4
f 9092/21/4 9047/21/4 9093/21/4
f 9084/20/4 9085/20/4 9093/20/4
f 9070/20/4 9084/20/4 9093/20/4
f 9093/20/4 9085/20/4 9094/20/4
f 9094/20/4 9085/20/4 9095/20/4
f 9058/21/4 9059/21/4 9096/21/4
f 9081/20/4 9058/20/4 9096/20/4
f 9080/20/4 9081/20/4 9096/20/4
f 9059/20/4 9090/20/4 9097/20/4
f 9096/21/4 9059/21/4 9097/21/4
f 9095/20/4 9085/20/4 9098/20/4
f 9085/20/4 9078/20/4 9098/20/4
f 9078/21/4 9079/21/4 9098/21/4
f 9079/20/4 9086/20/4 9099/20/4
f 9098/21/4 9079/21/4 9099/21/4
f 9086/20/4 9087/20/4 9099/20/4
f 9097/20/4 9090/20/4 9100/20/4
f 9096/20/4 9097/20/4 9100/20/4
f 9100/20/4 9090/20/4 9101/20/4
f 9091/20/4 9092/20/4 9102/20/4
f 9094/21/4 9095/21/4 9102/21/4
f 9092/20/4 9093/20/4 9102/20/4
f 9093/20/4 9094/20/4 9102/20/4
f 9095/20/4 9098/20/4 9103/20/4
f 9102/21/4 9095/21/4 9103/21/4
f 9098/20/4 9099/20/4 9103/20/4
f 9080/20/4 9096/20/4 9104/20/4
f 9096/20/4 9100/20/4 9104/20/4
f 9104/20/4 9100/20/4 9105/20/4
f 8863/20/4 9068/20/4 9106/20/4
f 9068/21/4 9069/21/4 9106/21/4
f 9069/20/4 9074/20/4 9107/20/4
f 9106/21/4 9069/21/4 9107/21/4
f 9074/20/4 9088/20/4 9107/20/4
f 9105/20/4 9100/20/4 9108/20/4
f 9100/21/4 9101/21/4 9109/21/4
f 9108/20/4 9100/20/4 9109/20/4
f 9101/20/4 9090/20/4 9110/20/4
f 9109/21/4 9101/21/4 9110/21/4
f 9110/20/4 9090/20/4 9111/20/4
f 9091/20/4 9102/20/4 9112/20/4
f 9102/20/4 9103/20/4 9112/20/4
f 9112/20/4 9103/20/4 9113/20/4
f 9099/20/4 9087/20/4 9114/20/4
f 9113/20/4 9103/20/4 9114/20/4
f 9103/20/4 9099/20/4 9114/20/4
f 9114/20/4 9087/20/4 9115/20/4
f 9087/20/4 9067/20/4 9116/20/4
f 9115/20/4 9087/20/4 9116/20/4
f 9067/20/4 8946/20/4 9117/20/4
f 9116/20/4 9067/20/4 9117/20/4
f 9089/20/4 9056/20/4 9118/20/4
f 9056/21/4 9057/21/4 9118/21/4
f 9057/20/4 9080/20/4 9119/20/4
f 9118/21/4 9057/21/4 9119/21/4
f 9080/20/4 9104/20/4 9119/20/4
f 9108/21/4 9109/21/4 9120/21/4
f 9105/20/4 9108/20/4 9120/20/4
f 9110/21/4 9111/21/4 9120/21/4
f 9109/21/4 9110/21/4 9120/21/4
f 9120/21/4 9111/21/4 9121/21/4
f 9121/21/4 9111/21/4 9122/21/4
f 9111/20/4 9090/20/4 9123/20/4
f 9122/21/4 9111/21/4 9123/21/4
f 9113/20/4 9114/20/4 9124/20/4
f 9124/20/4 9114/20/4 9125/20/4
f 9107/20/4 9088/20/4 9126/20/4
f 9106/20/4 9107/20/4 9126/20/4
f 9088/21/4 9089/21/4 9126/21/4
f 9089/20/4 9118/20/4 9127/20/4
f 9126/21/4 9089/21/4 9127/21/4
f 9118/20/4 9119/20/4 9127/20/4
f 9121/21/4 9122/21/4 9128/21/4
f 9120/20/4 9121/20/4 9128/20/4
f 9122/20/4 9123/20/4 9129/20/4
f 9128/21/4 9122/21/4 9129/21/4
f 9112/21/4 9113/21/4 9130/21/4
f 9091/20/4 9112/20/4 9130/20/4
f 9113/20/4 9124/20/4 9131/20/4
f 9130/21/4 9113/21/4 9131/21/4
f 9131/20/4 9124/20/4 9132/20/4
f 9132/20/4 9124/20/4 9133/20/4
f 9115/20/4 9116/20/4 9134/20/4
f 9134/20/4 9116/20/4 9135/20/4
f 9119/20/4 9104/20/4 9136/20/4
f 9127/20/4 9119/20/4 9136/20/4
f 9104/21/4 9105/21/4 9136/21/4
f 9126/20/4 9127/20/4 9136/20/4
f 9136/21/4 9105/21/4 9137/21/4
f 9091/20/4 9130/20/4 9138/20/4
f 9130/20/4 9131/20/4 9138/20/4
f 9131/20/4 9132/20/4 9138/20/4
f 9138/20/4 9132/20/4 9139/20/4
f 9106/20/4 9126/20/4 9140/20/4
f 9136/20/4 9137/20/4 9140/20/4
f 9126/20/4 9136/20/4 9140/20/4
f 9140/20/4 9137/20/4 9141/20/4
f 9141/20/4 9137/20/4 9142/20/4
f 9142/20/4 9137/20/4 9143/20/4
f 9137/21/4 9105/21/4 9144/21/4
f 9143/20/4 9137/20/4 9144/20/4
f 9128/20/4 9129/20/4 9145/20/4
f 9144/21/4 9105/21/4 9145/21/4
f 9120/20/4 9128/20/4 9145/20/4
f 9105/20/4 9120/20/4 9145/20/4
f 9129/20/4 9123/20/4 9146/20/4
f 9145/20/4 9129/20/4 9146/20/4
f 9090/21/4 9091/21/4 9146/21/4
f 9123/20/4 9090/20/4 9146/20/4
f 9091/20/4 9138/20/4 9147/20/4
f 9146/21/4 9091/21/4 9147/21/4
f 9139/20/4 9132/20/4 9148/20/4
f 9132/21/4 9133/21/4 9148/21/4
f 9133/20/4 9124/20/4 9149/20/4
f 9148/21/4 9133/21/4 9149/21/4
f 9125/20/4 9114/20/4 9150/20/4
f 9114/21/4 9115/21/4 9150/21/4
f 9115/20/4 9134/20/4 9151/20/4
f 9150/21/4 9115/21/4 9151/21/4
f 9134/21/4 9135/21/4 9152/21/4
f 9151/20/4 9134/20/4 9152/20/4
f 9135/20/4 9116/20/4 9153/20/4
f 9152/21/4 9135/21/4 9153/21/4
f 9106/20/4 9140/20/4 9154/20/4
f 9140/21/4 9141/21/4 9154/21/4
f 9141/20/4 9142/20/4 9155/20/4
f 9154/21/4 9141/21/4 9155/21/4
f 9144/20/4 9145/20/4 9156/20/4
f 9143/20/4 9144/20/4 9156/20/4
f 9145/20/4 9146/20/4 9156/20/4
f 9146/20/4 9147/20/4 9156/20/4
f 9156/20/4 9147/20/4 9157/20/4
f 9157/20/4 9147/20/4 9158/20/4
f 9147/20/4 9138/20/4 9159/20/4
f 9158/20/4 9147/20/4 9159/20/4
f 9138/21/4 9139/21/4 9159/21/4
f 9139/20/4 9148/20/4 9160/20/4
f 9159/21/4 9139/21/4 9160/21/4
f 9148/20/4 9149/20/4 9160/20/4
f 9160/20/4 9149/20/4 9161/20/4
f 9151/20/4 9152/20/4 9162/20/4
f 9153/20/4 9116/20/4 9162/20/4
f 9150/20/4 9151/20/4 9162/20/4
f 9116/21/4 9117/21/4 9162/21/4
f 9152/20/4 9153/20/4 9162/20/4
f 9117/20/4 8946/20/4 9163/20/4
f 9162/21/4 9117/21/4 9163/21/4
f 9155/20/4 9142/20/4 9164/20/4
f 9154/20/4 9155/20/4 9164/20/4
f 9142/21/4 9143/21/4 9164/21/4
f 9143/20/4 9156/20/4 9165/20/4
f 9164/21/4 9143/21/4 9165/21/4
f 9161/20/4 9149/20/4 9166/20/4
f 9166/20/4 9149/20/4 9167/20/4
f 9162/20/4 9163/20/4 9168/20/4
f 9150/20/4 9162/20/4 9168/20/4
f 9168/20/4 9163/20/4 9169/20/4
f 9158/21/4 9159/21/4 9170/21/4
f 9157/20/4 9158/20/4 9170/20/4
f 9160/21/4 9161/21/4 9170/21/4
f 9159/21/4 9160/21/4 9170/21/4
f 9161/20/4 9166/20/4 9171/20/4
f 9170/21/4 9161/21/4 9171/21/4
f 9166/21/4 9167/21/4 9172/21/4
f 9171/20/4 9166/20/4 9172/20/4
f 9167/20/4 9149/20/4 9173/20/4
f 9172/21/4 9167/21/4 9173/21/4
f 9150/20/4 9168/20/4 9174/20/4
f 9174/20/4 9168/20/4 9175/20/4
f 9154/20/4 9164/20/4 9176/20/4
f 9164/20/4 9165/20/4 9176/20/4
f 9176/20/4 9165/20/4 9177/20/4
f 9177/20/4 9165/20/4 9178/20/4
f 9165/20/4 9156/20/4 9179/20/4
f 9178/20/4 9165/20/4 9179/20/4
f 9156/21/4 9157/21/4 9179/21/4
f 9173/20/4 9149/20/4 9180/20/4
f 9171/20/4 9172/20/4 9180/20/4
f 9170/20/4 9171/20/4 9180/20/4
f 9149/20/4 9124/20/4 9180/20/4
f 9124/21/4 9125/21/4 9180/21/4
f 9172/20/4 9173/20/4 9180/20/4
f 9150/20/4 9174/20/4 9181/20/4
f 9180/21/4 9125/21/4 9181/21/4
f 9125/20/4 9150/20/4 9181/20/4
f 9170/20/4 9180/20/4 9182/20/4
f 9180/20/4 9181/20/4 9182/20/4
f 9182/20/4 9181/20/4 9183/20/4
f 9181/20/4 9174/20/4 9184/20/4
f 9183/20/4 9181/20/4 9184/20/4
f 9184/20/4 9174/20/4 9185/20/4
f 9106/20/4 9154/20/4 9186/20/4
f 9154/20/4 9176/20/4 9186/20/4
f 9176/21/4 9177/21/4 9187/21/4
f 9186/20/4 9176/20/4 9187/20/4
f 9177/20/4 9178/20/4 9188/20/4
f 9188/20/4 9178/20/4 9189/20/4
f 9178/21/4 9179/21/4 9190/21/4
f 9189/20/4 9178/20/4 9190/20/4
f 9179/21/4 9157/21/4 9191/21/4
f 9190/21/4 9179/21/4 9191/21/4
f 9183/20/4 9184/20/4 9192/20/4
f 9192/20/4 9184/20/4 9193/20/4
f 9185/20/4 9174/20/4 9194/20/4
f 9194/20/4 9174/20/4 9195/20/4
f 9168/21/4 9169/21/4 9196/21/4
f 9175/20/4 9168/20/4 9196/20/4
f 9169/20/4 9163/20/4 9197/20/4
f 9196/21/4 9169/21/4 9197/21/4
f 9183/20/4 9192/20/4 9198/20/4
f 9192/21/4 9193/21/4 9199/21/4
f 9198/20/4 9192/20/4 9199/20/4
f 9193/20/4 9184/20/4 9200/20/4
f 9199/21/4 9193/21/4 9200/21/4
f 9200/20/4 9184/20/4 9201/20/4
f 9106/20/4 9186/20/4 9202/20/4
f 9186/21/4 9187/21/4 9202/21/4
f 9187/21/4 9177/21/4 9203/21/4
f 9202/21/4 9187/21/4 9203/21/4
f 9177/20/4 9188/20/4 9203/20/4
f 9189/20/4 9190/20/4 9204/20/4
f 9191/21/4 9157/21/4 9204/21/4
f 9190/20/4 9191/20/4 9204/20/4
f 9157/20/4 9170/20/4 9205/20/4
f 9204/21/4 9157/21/4 9205/21/4
f 9170/20/4 9182/20/4 9205/20/4
f 9183/20/4 9198/20/4 9206/20/4
f 9206/20/4 9198/20/4 9207/20/4
f 9184/21/4 9185/21/4 9208/21/4
f 9201/20/4 9184/20/4 9208/20/4
f 9185/20/4 9194/20/4 9209/20/4
f 9208/21/4 9185/21/4 9209/21/4
f 9195/20/4 9174/20/4 9210/20/4
f 9174/21/4 9175/21/4 9210/21/4
f 9175/20/4 9196/20/4 9211/20/4
f 9210/21/4 9175/21/4 9211/21/4
f 9196/20/4 9197/20/4 9211/20/4
f 9203/20/4 9188/20/4 9212/20/4
f 9188/21/4 9189/21/4 9212/21/4
f 9202/20/4 9203/20/4 9212/20/4
f 9189/20/4 9204/20/4 9213/20/4
f 9212/21/4 9189/21/4 9213/21/4
f 9204/20/4 9205/20/4 9213/20/4
f 9213/20/4 9205/20/4 9214/20/4
f 9214/20/4 9205/20/4 9215/20/4
f 9182/21/4 9183/21/4 9216/21/4
f 9215/20/4 9205/20/4 9216/20/4
f 9205/20/4 9182/20/4 9216/20/4
f 9183/20/4 9206/20/4 9217/20/4
f 9216/21/4 9183/21/4 9217/21/4
f 9198/21/4 9199/21/4 9218/21/4
f 9200/21/4 9201/21/4 9218/21/4
f 9199/21/4 9200/21/4 9218/21/4
f 9208/20/4 9209/20/4 9219/20/4
f 9218/21/4 9201/21/4 9219/21/4
f 9201/20/4 9208/20/4 9219/20/4
f 9209/20/4 9194/20/4 9220/20/4
f 9219/20/4 9209/20/4 9220/20/4
f 9194/21/4 9195/21/4 9220/21/4
f 9195/20/4 9210/20/4 9221/20/4
f 9220/21/4 9195/21/4 9221/21/4
f 9210/20/4 9211/20/4 9221/20/4
f 9212/20/4 9213/20/4 9222/20/4
f 9214/21/4 9215/21/4 9222/21/4
f 9213/20/4 9214/20/4 9222/20/4
f 9215/20/4 9216/20/4 9223/20/4
f 9222/21/4 9215/21/4 9223/21/4
f 9216/20/4 9217/20/4 9223/20/4
f 9219/20/4 9220/20/4 9224/20/4
f 9218/20/4 9219/20/4 9224/20/4
f 9221/20/4 9211/20/4 9224/20/4
f 9220/20/4 9221/20/4 9224/20/4
f 9211/20/4 9197/20/4 9225/20/4
f 9224/20/4 9211/20/4 9225/20/4
f 9163/20/4 8946/20/4 9226/20/4
f 9225/20/4 9197/20/4 9226/20/4
f 9197/20/4 9163/20/4 9226/20/4
f 8946/20/4 8876/20/4 9227/20/4
f 9226/20/4 8946/20/4 9227/20/4
f 9223/20/4 9217/20/4 9228/20/4
f 9222/20/4 9223/20/4 9228/20/4
f 9217/20/4 9206/20/4 9228/20/4
f 9206/21/4 9207/21/4 9228/21/4
f 9207/20/4 9198/20/4 9229/20/4
f 9228/21/4 9207/21/4 9229/21/4
f 9198/21/4 9218/21/4 9230/21/4
f 9229/20/4 9198/20/4 9230/20/4
f 9218/20/4 9224/20/4 9231/20/4
f 9230/21/4 9218/21/4 9231/21/4
f 9224/21/4 9225/21/4 9232/21/4
f 9231/20/4 9224/20/4 9232/20/4
f 9230/20/4 9231/20/4 9232/20/4
f 9229/20/4 9230/20/4 9232/20/4
f 9228/20/4 9229/20/4 9232/20/4
f 9232/21/4 9225/21/4 9233/21/4
f 9226/21/4 9227/21/4 9234/21/4
f 9225/20/4 9226/20/4 9234/20/4
f 9227/20/4 8876/20/4 9235/20/4
f 9234/21/4 9227/21/4 9235/21/4
f 8863/20/4 9106/20/4 9236/20/4
f 9106/20/4 9202/20/4 9236/20/4
f 9202/20/4 9212/20/4 9236/20/4
f 9228/20/4 9232/20/4 9236/20/4
f 9212/20/4 9222/20/4 9236/20/4
f 9232/20/4 9233/20/4 9236/20/4
f 9222/20/4 9228/20/4 9236/20/4
f 9233/21/4 9225/21/4 9237/21/4
f 9236/20/4 9233/20/4 9237/20/4
f 9234/20/4 9235/20/4 9238/20/4
f 9237/21/4 9225/21/4 9238/21/4
f 9225/20/4 9234/20/4 9238/20/4
f 9235/20/4 8876/20/4 9239/20/4
f 9238/20/4 9235/20/4 9239/20/4
f 9240/26/4 9241/26/4 9244/26/4
f 9244/26/4 9241/26/4 9245/26/4
f 9242/26/4 9243/26/4 9246/26/4
f 9246/26/4 9243/26/4 9247/26/4
f 9248/26/4 9249/26/4 9250/26/4
f 9250/26/4 9249/26/4 9251/26/4
f 9250/27/4 9251/27/4 9252/27/4
f 9251/26/4 9249/26/4 9253/26/4
f 9252/27/4 9251/27/4 9253/27/4
f 9252/26/4 9253/26/4 9254/26/4
f 9253/26/4 9249/26/4 9255/26/4
f 9254/26/4 9253/26/4 9255/26/4
f 9256/28/4 9257/28/4 9258/28/4
f 9258/28/4 9257/28/4 9259/28/4
f 9262/28/5 9261/28/5 9260/28/5
f 9263/28/5 9261/28/5 9262/28/5
f 9264/28/5 9262/28/5 9260/28/5
f 9265/28/5 9262/28/5 9264/28/5
f 9266/27/5 9265/27/5 9264/27/5
f 9267/27/5 9265/27/5 9266/27/5
f 9268/27/5 9266/27/5 9264/27/5
f 9268/15/5 9267/15/5 9266/15/5
f 9269/27/5 9265/27/5 9267/27/5
f 9269/15/5 9267/15/5 9268/15/5
f 9270/28/5 9264/28/5 9260/28/5
f 9270/27/5 9268/27/5 9264/27/5
f 9270/27/5 9269/27/5 9268/27/5
f 9271/27/5 9265/27/5 9269/27/5
f 9271/27/5 9269/27/5 9270/27/5
f 9271/28/5 9262/28/5 9265/28/5
f 9272/27/5 9263/27/5 9262/27/5
f 9272/28/5 9262/28/5 9271/28/5
f 9272/28/5 9271/28/5 9270/28/5
f 9273/28/5 9261/28/5 9263/28/5
f 9273/27/5 9263/27/5 9272/27/5
f 9274/28/5 9272/28/5 9270/28/5
f 9274/28/5 9270/28/5 9260/28/5
f 9274/28/5 9273/28/5 9272/28/5
f 9275/28/5 9261/28/5 9273/28/5
f 9275/28/5 9273/28/5 9274/28/5
f 9278/26/5 9277/26/5 9276/26/5
f 9279/26/5 9277/26/5 9278/26/5
f 9282/15/5 9281/15/5 9280/15/5
f 9283/15/5 9281/15/5 9282/15/5
f 9286/13/5 9285/13/5 9284/13/5
f 9287/13/5 9285/13/5 9286/13/5
f 9290/13/5 9289/13/5 9288/13/5
f 9291/13/5 9289/13/5 9290/13/5
f 9294/27/5 9293/27/5 9292/27/5
f 9295/27/5 9293/27/5 9294/27/5
f 9298/23/5 9297/23/5 9296/23/5
f 9299/23/5 9297/23/5 9298/23/5
f 9302/23/5 9301/23/5 9300/23/5
f 9303/23/5 9301/23/5 9302/23/5
f 9306/23/5 9305/23/5 9304/23/5
f 9307/23/5 9305/23/5 9306/23/5
f 9308/23/5 9305/23/5 9307/23/5
f 9309/23/5 9306/23/5 9304/23/5
f 9310/23/5 9306/23/5 9309/23/5
f 9313/15/5 9312/15/5 9311/15/5
f 9314/15/5 9312/15/5 9313/15/5
f 9317/15/5 9316/15/5 9315/15/5
f 9318/15/5 9316/15/5 9317/15/5
f 9321/15/5 9320/15/5 9319/15/5
f 9322/15/5 9320/15/5 9321/15/5
f 9325/15/5 9324/15/5 9323/15/5
f 9326/15/5 9324/15/5 9325/15/5
f 9329/18/5 9328/18/5 9327/18/5
f 9330/18/5 9328/18/5 9329/18/5
f 9333/13/5 9332/13/5 9331/13/5
f 9334/13/5 9332/13/5 9333/13/5
f 9337/13/5 9336/13/5 9335/13/5
f 9338/13/5 9336/13/5 9337/13/5
f 9341/27/5 9340/27/5 9339/27/5
f 9342/27/5 9340/27/5 9341/27/5
f 9343/26/5 9342/26/5 9341/26/5
f 9344/26/5 9342/26/5 9343/26/5
f 9347/26/5 9346/26/5 9345/26/5
f 9348/26/5 9346/26/5 9347/26/5
f 9349/26/5 9347/26/5 9345/26/5
f 9350/26/5 9347/26/5 9349/26/5
f 9355/26/5 9352/26/5 9351/26/5
f 9356/2/5 9353/2/5 9352/2/5
f 9356/26/5 9352/26/5 9355/26/5
f 9357/26/5 9354/26/5 9353/26/5
f 9357/2/5 9353/2/5 9356/2/5
f 9358/26/5 9354/26/5 9357/26/5
f 9361/26/5 9360/26/5 9359/26/5
f 9362/26/5 9360/26/5 9361/26/5
f 9365/27/5 9364/27/5 9363/27/5
f 9366/27/5 9364/27/5 9365/27/5
f 9369/19/5 9368/19/5 9367/19/5
f 9370/19/5 9368/19/5 9369/19/5
f 9373/19/5 9372/19/5 9371/19/5
f 9374/19/5 9372/19/5 9373/19/5
f 9377/19/5 9376/19/5 9375/19/5
f 9378/19/5 9376/19/5 9377/19/5
f 9381/19/5 9380/19/5 9379/19/5
f 9382/19/5 9380/19/5 9381/19/5
f 9385/19/5 9384/19/5 9383/19/5
f 9386/19/5 9384/19/5 9385/19/5
f 9391/12/5 9390/12/5 9389/12/5
f 9392/12/5 9390/12/5 9391/12/5
f 9393/19/5 9388/19/5 9387/19/5
f 9394/19/5 9388/19/5 9393/19/5
f 9399/12/5 9398/12/5 9397/12/5
f 9400/12/5 9398/12/5 9399/12/5
f 9401/19/5 9396/19/5 9395/19/5
f 9402/19/5 9396/19/5 9401/19/5
f 9405/19/5 9404/19/5 9403/19/5
f 9406/19/5 9404/19/5 9405/19/5
f 9409/13/5 9408/13/5 9407/13/5
f 9410/13/5 9408/13/5 9409/13/5
f 9411/13/5 9408/13/5 9410/13/5
f 9412/13/5 9408/13/5 9411/13/5
f 9414/12/5 9412/12/5 9411/12/5
f 9415/12/5 9414/12/5 9413/12/5
f 9416/12/5 9412/12/5 9414/12/5
f 9416/12/5 9414/12/5 9415/12/5
f 9417/13/5 9409/13/5 9407/13/5
f 9419/13/5 9417/13/5 9407/13/5
f 9419/13/5 9418/13/5 9417/13/5
f 9420/13/5 9418/13/5 9419/13/5
f 9421/13/5 9418/13/5 9420/13/5
f 9424/13/5 9423/13/5 9422/13/5
f 9425/13/5 9423/13/5 9424/13/5
f 9426/13/5 9423/13/5 9425/13/5
f 9427/13/5 9423/13/5 9426/13/5
f 9429/12/5 9427/12/5 9426/12/5
f 9430/12/5 9429/12/5 9428/12/5
f 9431/12/5 9427/12/5 9429/12/5
f 9431/12/5 9429/12/5 9430/12/5
f 9432/13/5 9424/13/5 9422/13/5
f 9434/13/5 9432/13/5 9422/13/5
f 9434/13/5 9433/13/5 9432/13/5
f 9435/13/5 9433/13/5 9434/13/5
f 9436/13/5 9433/13/5 9435/13/5
f 9439/27/5 9438/27/5 9437/27/5
f 9440/27/5 9438/27/5 9439/27/5
f 9443/18/5 9442/18/5 9441/18/5
f 9444/18/5 9442/18/5 9443/18/5
f 9447/26/5 9446/26/5 9445/26/5
f 9448/26/5 9446/26/5 9447/26/5
f 9451/20/5 9450/20/5 9449/20/5
f 9452/20/5 9450/20/5 9451/20/5
f 9453/27/5 9452/27/5 9451/27/5
f 9454/27/5 9452/27/5 9453/27/5
f 9457/19/5 9456/19/5 9455/19/5
f 9458/19/5 9456/19/5 9457/19/5
f 9461/19/5 9460/19/5 9459/19/5
f 9462/19/5 9460/19/5 9461/19/5
f 9465/19/5 9464/19/5 9463/19/5
f 9466/19/5 9464/19/5 9465/19/5
f 9469/19/5 9468/19/5 9467/19/5
f 9470/19/5 9468/19/5 9469/19/5
f 9473/18/5 9472/18/5 9471/18/5
f 9474/18/5 9472/18/5 9473/18/5
f 9477/27/5 9476/27/5 9475/27/5
f 9478/27/5 9476/27/5 9477/27/5
f 9481/27/5 9480/27/5 9479/27/5
f 9482/27/5 9480/27/5 9481/27/5
f 9487/12/5 9486/12/5 9485/12/5
f 9488/12/5 9486/12/5 9487/12/5
f 9491/27/5 9484/27/5 9483/27/5
f 9492/27/5 9484/27/5 9491/27/5
f 9493/12/5 9490/12/5 9489/12/5
f 9494/12/5 9490/12/5 9493/12/5
f 9497/12/5 9496/12/5 9495/12/5
f 9498/12/5 9496/12/5 9497/12/5
f 9501/12/5 9500/12/5 9499/12/5
f 9502/12/5 9500/12/5 9501/12/5
f 9505/5/5 9504/5/5 9503/5/5
f 9506/5/5 9505/5/5 9503/5/5
f 9507/5/5 9505/5/5 9506/5/5
f 9510/27/5 9509/27/5 9508/27/5
f 9511/27/5 9509/27/5 9510/27/5
f 9514/14/5 9513/14/5 9512/14/5
f 9515/14/5 9513/14/5 9514/14/5
f 9518/15/5 9517/15/5 9516/15/5
f 9519/15/5 9517/15/5 9518/15/5
f 9522/14/5 9521/14/5 9520/14/5
f 9523/14/5 9521/14/5 9522/14/5
f 9526/15/5 9525/15/5 9524/15/5
f 9527/15/5 9525/15/5 9526/15/5
f 9530/27/5 9529/27/5 9528/27/5
f 9531/27/5 9529/27/5 9530/27/5
f 9534/15/5 9533/15/5 9532/15/5
f 9535/15/5 9533/15/5 9534/15/5
f 9540/14/5 9537/14/5 9536/14/5
f 9541/14/5 9537/14/5 9540/14/5
f 9544/14/5 9539/14/5 9538/14/5
f 9545/14/5 9539/14/5 9544/14/5
f 9548/14/5 9543/14/5 9542/14/5
f 9549/14/5 9543/14/5 9548/14/5
f 9550/14/5 9547/14/5 9546/14/5
f 9551/14/5 9547/14/5 9550/14/5
f 9554/14/5 9553/14/5 9552/14/5
f 9555/14/5 9553/14/5 9554/14/5
f 9558/15/5 9557/15/5 9556/15/5
f 9559/15/5 9557/15/5 9558/15/5
f 9564/14/5 9561/14/5 9560/14/5
f 9565/14/5 9561/14/5 9564/14/5
f 9568/14/5 9563/14/5 9562/14/5
f 9569/14/5 9563/14/5 9568/14/5
f 9570/14/5 9567/14/5 9566/14/5
f 9573/14/5 9567/14/5 9570/14/5
f 9574/14/5 9567/14/5 9573/14/5
f 9575/14/5 9572/14/5 9571/14/5
f 9576/14/5 9572/14/5 9575/14/5
f 9579/14/5 9578/14/5 9577/14/5
f 9580/14/5 9578/14/5 9579/14/5
f 9583/27/5 9582/27/5 9581/27/5
f 9584/27/5 9582/27/5 9583/27/5
f 9589/15/5 9586/15/5 9585/15/5
f 9590/15/5 9586/15/5 9589/15/5
f 9591/14/5 9590/14/5 9589/14/5
f 9592/14/5 9590/14/5 9591/14/5
f 9593/15/5 9592/15/5 9591/15/5
f 9594/15/5 9592/15/5 9593/15/5
f 9595/14/5 9588/14/5 9587/14/5
f 9596/14/5 9588/14/5 9595/14/5
f 9601/15/5 9598/15/5 9597/15/5
f 9602/15/5 9598/15/5 9601/15/5
f 9603/14/5 9602/14/5 9601/14/5
f 9604/14/5 9602/14/5 9603/14/5
f 9605/15/5 9604/15/5 9603/15/5
f 9606/15/5 9604/15/5 9605/15/5
f 9607/14/5 9600/14/5 9599/14/5
f 9608/14/5 9600/14/5 9607/14/5
f 9611/15/5 9610/15/5 9609/15/5
f 9612/15/5 9610/15/5 9611/15/5
f 9613/15/5 9610/15/5 9612/15/5
f 9616/15/5 9615/15/5 9614/15/5
f 9617/15/5 9615/15/5 9616/15/5
f 9618/14/5 9617/14/5 9616/14/5
f 9619/14/5 9617/14/5 9618/14/5
f 9620/15/5 9619/15/5 9618/15/5
f 9621/15/5 9619/15/5 9620/15/5
f 9622/14/5 9621/14/5 9620/14/5
f 9623/14/5 9621/14/5 9622/14/5
f 9624/15/5 9623/15/5 9622/15/5
f 9625/15/5 9623/15/5 9624/15/5
f 9626/14/5 9625/14/5 9624/14/5
f 9627/14/5 9625/14/5 9626/14/5
f 9628/15/5 9627/15/5 9626/15/5
f 9629/15/5 9627/15/5 9628/15/5
f 9632/15/5 9631/15/5 9630/15/5
f 9633/15/5 9631/15/5 9632/15/5
f 9634/15/5 9631/15/5 9633/15/5
f 9637/15/5 9636/15/5 9635/15/5
f 9638/15/5 9636/15/5 9637/15/5
f 9639/14/5 9638/14/5 9637/14/5
f 9640/14/5 9638/14/5 9639/14/5
f 9641/15/5 9640/15/5 9639/15/5
f 9642/15/5 9640/15/5 9641/15/5
f 9643/14/5 9642/14/5 9641/14/5
f 9644/14/5 9642/14/5 9643/14/5
f 9645/15/5 9644/15/5 9643/15/5
f 9646/15/5 9644/15/5 9645/15/5
f 9647/14/5 9646/14/5 9645/14/5
f 9648/14/5 9646/14/5 9647/14/5
f 9649/15/5 9648/15/5 9647/15/5
f 9650/15/5 9648/15/5 9649/15/5
f 9653/27/5 9652/27/5 9651/27/5
f 9654/27/5 9652/27/5 9653/27/5
f 9657/27/5 9656/27/5 9655/27/5
f 9658/27/5 9656/27/5 9657/27/5
f 9661/27/5 9660/27/5 9659/27/5
f 9662/27/5 9660/27/5 9661/27/5
f 9667/15/5 9664/15/5 9663/15/5
f 9668/15/5 9664/15/5 9667/15/5
f 9669/15/5 9666/15/5 9665/15/5
f 9670/15/5 9666/15/5 9669/15/5
f 9671/14/5 9668/14/5 9667/14/5
f 9672/14/5 9668/14/5 9671/14/5
f 9675/27/5 9674/27/5 9673/27/5
f 9676/27/5 9674/27/5 9675/27/5
f 9679/27/5 9678/27/5 9677/27/5
f 9680/27/5 9678/27/5 9679/27/5
f 9683/27/5 9682/27/5 9681/27/5
f 9684/27/5 9682/27/5 9683/27/5
f 9687/27/5 9686/27/5 9685/27/5
f 9688/27/5 9686/27/5 9687/27/5
f 9692/14/5 9690/14/5 9689/14/5
f 9693/14/5 9690/14/5 9692/14/5
f 9694/14/5 9690/14/5 9693/14/5
f 9695/14/5 9690/14/5 9694/14/5
f 9697/14/5 9692/14/5 9691/14/5
f 9698/14/5 9692/14/5 9697/14/5
f 9699/14/5 9694/14/5 9693/14/5
f 9700/14/5 9694/14/5 9699/14/5
f 9701/14/5 9696/14/5 9695/14/5
f 9702/14/5 9696/14/5 9701/14/5
f 9703/14/5 9700/14/5 9699/14/5
f 9703/14/5 9701/14/5 9700/14/5
f 9704/14/5 9701/14/5 9703/14/5
f 9711/14/5 9708/14/5 9707/14/5
f 9712/14/5 9708/14/5 9711/14/5
f 9713/14/5 9710/14/5 9709/14/5
f 9714/14/5 9710/14/5 9713/14/5
f 9715/27/5 9706/27/5 9705/27/5
f 9716/27/5 9706/27/5 9715/27/5
f 9720/20/5 9718/20/5 9717/20/5
f 9721/27/5 9719/27/5 9718/27/5
f 9721/20/5 9718/20/5 9720/20/5
f 9722/27/5 9719/27/5 9721/27/5
f 9725/27/5 9724/27/5 9723/27/5
f 9726/27/5 9724/27/5 9725/27/5
f 9731/20/5 9728/20/5 9727/20/5
f 9732/27/5 9730/27/5 9729/27/5
f 9732/20/5 9728/20/5 9731/20/5
f 9732/27/5 9729/27/5 9728/27/5
f 9733/21/5 9732/21/5 9731/21/5
f 9734/27/5 9730/27/5 9732/27/5
f 9734/21/5 9732/21/5 9733/21/5
f 9735/20/5 9734/20/5 9733/20/5
f 9736/27/5 9730/27/5 9734/27/5
f 9736/20/5 9734/20/5 9735/20/5
f 9737/27/5 9730/27/5 9736/27/5
f 9740/20/5 9739/20/5 9738/20/5
f 9741/20/5 9739/20/5 9740/20/5
f 9742/27/5 9741/27/5 9740/27/5
f 9743/27/5 9741/27/5 9742/27/5
f 9746/27/5 9745/27/5 9744/27/5
f 9747/27/5 9745/27/5 9746/27/5
f 9751/20/5 9749/20/5 9748/20/5
f 9752/27/5 9750/27/5 9749/27/5
f 9752/20/5 9749/20/5 9751/20/5
f 9753/27/5 9750/27/5 9752/27/5
f 9756/5/5 9755/5/5 9754/5/5
f 9757/5/5 9756/5/5 9754/5/5
f 9758/5/5 9757/5/5 9754/5/5
f 9759/5/5 9758/5/5 9754/5/5
f 9760/5/5 9759/5/5 9754/5/5
f 9761/5/5 9759/5/5 9760/5/5
f 9766/17/5 9763/17/5 9762/17/5
f 9767/30/5 9764/30/5 9763/30/5
f 9767/17/5 9763/17/5 9766/17/5
f 9768/17/5 9765/17/5 9764/17/5
f 9768/30/5 9764/30/5 9767/30/5
f 9769/17/5 9765/17/5 9768/17/5
f 9771/17/5 9766/17/5 9762/17/5
f 9772/27/5 9767/27/5 9766/27/5
f 9772/27/5 9768/27/5 9767/27/5
f 9772/17/5 9766/17/5 9771/17/5
f 9772/27/5 9769/27/5 9768/27/5
f 9773/27/5 9769/27/5 9772/27/5
f 9774/27/5 9769/27/5 9773/27/5
f 9775/16/5 9771/16/5 9770/16/5
f 9776/27/5 9772/27/5 9771/27/5
f 9776/16/5 9771/16/5 9775/16/5
f 9776/27/5 9773/27/5 9772/27/5
f 9777/27/5 9773/27/5 9776/27/5
f 9778/27/5 9769/27/5 9774/27/5
f 9779/27/5 9769/27/5 9778/27/5
f 9781/17/5 9777/17/5 9776/17/5
f 9782/27/5 9773/27/5 9777/27/5
f 9782/17/5 9777/17/5 9781/17/5
f 9783/27/5 9773/27/5 9782/27/5
f 9784/27/5 9769/27/5 9779/27/5
f 9785/16/5 9781/16/5 9780/16/5
f 9786/27/5 9784/27/5 9783/27/5
f 9786/16/5 9781/16/5 9785/16/5
f 9786/27/5 9783/27/5 9782/27/5
f 9786/27/5 9782/27/5 9781/27/5
f 9787/27/5 9784/27/5 9786/27/5
f 9789/17/5 9787/17/5 9786/17/5
f 9790/27/5 9784/27/5 9787/27/5
f 9790/17/5 9787/17/5 9789/17/5
f 9791/16/5 9789/16/5 9788/16/5
f 9792/27/5 9790/27/5 9789/27/5
f 9792/16/5 9789/16/5 9791/16/5
f 9793/27/5 9784/27/5 9790/27/5
f 9793/27/5 9790/27/5 9792/27/5
f 9795/17/5 9793/17/5 9792/17/5
f 9796/27/5 9784/27/5 9793/27/5
f 9796/17/5 9793/17/5 9795/17/5
f 9797/16/5 9795/16/5 9794/16/5
f 9798/27/5 9796/27/5 9795/27/5
f 9798/16/5 9795/16/5 9797/16/5
f 9799/27/5 9784/27/5 9796/27/5
f 9799/27/5 9796/27/5 9798/27/5
f 9801/17/5 9799/17/5 9798/17/5
f 9802/27/5 9784/27/5 9799/27/5
f 9802/17/5 9799/17/5 9801/17/5
f 9803/16/5 9801/16/5 9800/16/5
f 9804/27/5 9802/27/5 9801/27/5
f 9804/16/5 9801/16/5 9803/16/5
f 9805/27/5 9784/27/5 9802/27/5
f 9805/27/5 9802/27/5 9804/27/5
f 9807/17/5 9805/17/5 9804/17/5
f 9808/27/5 9784/27/5 9805/27/5
f 9808/17/5 9805/17/5 9807/17/5
f 9809/16/5 9807/16/5 9806/16/5
f 9810/27/5 9808/27/5 9807/27/5
f 9810/16/5 9807/16/5 9809/16/5
f 9811/27/5 9784/27/5 9808/27/5
f 9811/27/5 9808/27/5 9810/27/5
f 9813/17/5 9811/17/5 9810/17/5
f 9814/27/5 9784/27/5 9811/27/5
f 9814/17/5 9811/17/5 9813/17/5
f 9815/16/5 9813/16/5 9812/16/5
f 9816/27/5 9814/27/5 9813/27/5
f 9816/16/5 9813/16/5 9815/16/5
f 9817/27/5 9784/27/5 9814/27/5
f 9817/27/5 9814/27/5 9816/27/5
f 9819/17/5 9817/17/5 9816/17/5
f 9820/27/5 9784/27/5 9817/27/5
f 9820/17/5 9817/17/5 9819/17/5
f 9821/16/5 9819/16/5 9818/16/5
f 9822/27/5 9820/27/5 9819/27/5
f 9822/16/5 9819/16/5 9821/16/5
f 9823/27/5 9784/27/5 9820/27/5
f 9823/27/5 9820/27/5 9822/27/5
f 9825/17/5 9823/17/5 9822/17/5
f 9826/27/5 9784/27/5 9823/27/5
f 9826/17/5 9823/17/5 9825/17/5
f 9827/16/5 9825/16/5 9824/16/5
f 9828/27/5 9826/27/5 9825/27/5
f 9828/16/5 9825/16/5 9827/16/5
f 9829/27/5 9784/27/5 9826/27/5
f 9829/27/5 9826/27/5 9828/27/5
f 9831/17/5 9829/17/5 9828/17/5
f 9832/27/5 9784/27/5 9829/27/5
f 9832/17/5 9829/17/5 9831/17/5
f 9833/16/5 9831/16/5 9830/16/5
f 9834/27/5 9832/27/5 9831/27/5
f 9834/16/5 9831/16/5 9833/16/5
f 9835/27/5 9784/27/5 9832/27/5
f 9835/27/5 9832/27/5 9834/27/5
f 9837/17/5 9835/17/5 9834/17/5
f 9838/27/5 9784/27/5 9835/27/5
f 9838/17/5 9835/17/5 9837/17/5
f 9839/16/5 9837/16/5 9836/16/5
f 9840/27/5 9838/27/5 9837/27/5
f 9840/16/5 9837/16/5 9839/16/5
f 9841/27/5 9784/27/5 9838/27/5
f 9841/27/5 9838/27/5 9840/27/5
f 9843/17/5 9841/17/5 9840/17/5
f 9844/27/5 9784/27/5 9841/27/5
f 9844/17/5 9841/17/5 9843/17/5
f 9845/16/5 9843/16/5 9842/16/5
f 9846/27/5 9844/27/5 9843/27/5
f 9846/16/5 9843/16/5 9845/16/5
f 9847/27/5 9784/27/5 9844/27/5
f 9847/27/5 9844/27/5 9846/27/5
f 9849/17/5 9847/17/5 9846/17/5
f 9850/27/5 9784/27/5 9847/27/5
f 9850/17/5 9847/17/5 9849/17/5
f 9851/16/5 9849/16/5 9848/16/5
f 9852/27/5 9850/27/5 9849/27/5
f 9852/16/5 9849/16/5 9851/16/5
f 9853/27/5 9784/27/5 9850/27/5
f 9853/27/5 9850/27/5 9852/27/5
f 9855/17/5 9853/17/5 9852/17/5
f 9856/27/5 9784/27/5 9853/27/5
f 9856/17/5 9853/17/5 9855/17/5
f 9857/16/5 9855/16/5 9854/16/5
f 9858/27/5 9856/27/5 9855/27/5
f 9858/16/5 9855/16/5 9857/16/5
f 9859/27/5 9784/27/5 9856/27/5
f 9859/27/5 9856/27/5 9858/27/5
f 9861/17/5 9859/17/5 9858/17/5
f 9862/27/5 9784/27/5 9859/27/5
f 9862/17/5 9859/17/5 9861/17/5
f 9863/16/5 9861/16/5 9860/16/5
f 9864/27/5 9862/27/5 9861/27/5
f 9864/16/5 9861/16/5 9863/16/5
f 9865/27/5 9784/27/5 9862/27/5
f 9865/27/5 9862/27/5 9864/27/5
f 9867/17/5 9865/17/5 9864/17/5
f 9868/27/5 9784/27/5 9865/27/5
f 9868/17/5 9865/17/5 9867/17/5
f 9869/16/5 9867/16/5 9866/16/5
f 9870/27/5 9868/27/5 9867/27/5
f 9870/16/5 9867/16/5 9869/16/5
f 9871/27/5 9784/27/5 9868/27/5
f 9871/27/5 9868/27/5 9870/27/5
f 9873/17/5 9871/17/5 9870/17/5
f 9874/27/5 9784/27/5 9871/27/5
f 9874/17/5 9871/17/5 9873/17/5
f 9875/16/5 9873/16/5 9872/16/5
f 9876/27/5 9874/27/5 9873/27/5
f 9876/16/5 9873/16/5 9875/16/5
f 9877/27/5 9784/27/5 9874/27/5
f 9877/27/5 9874/27/5 9876/27/5
f 9878/27/5 9784/27/5 9877/27/5
f 9879/27/5 9769/27/5 9784/27/5
f 9879/27/5 9784/27/5 9878/27/5
f 9880/27/5 9769/27/5 9879/27/5
f 9882/17/5 9877/17/5 9876/17/5
f 9883/27/5 9878/27/5 9877/27/5
f 9883/17/5 9877/17/5 9882/17/5
f 9884/27/5 9769/27/5 9880/27/5
f 9885/16/5 9882/16/5 9881/16/5
f 9886/27/5 9883/27/5 9882/27/5
f 9886/16/5 9882/16/5 9885/16/5
f 9887/27/5 9878/27/5 9883/27/5
f 9887/27/5 9883/27/5 9886/27/5
f 9888/27/5 9878/27/5 9887/27/5
f 9889/27/5 9769/27/5 9884/27/5
f 9891/17/5 9887/17/5 9886/17/5
f 9892/27/5 9888/27/5 9887/27/5
f 9892/27/5 9889/27/5 9888/27/5
f 9892/17/5 9887/17/5 9891/17/5
f 9893/16/5 9891/16/5 9890/16/5
f 9894/27/5 9892/27/5 9891/27/5
f 9894/16/5 9891/16/5 9893/16/5
f 9895/27/5 9889/27/5 9892/27/5
f 9895/27/5 9892/27/5 9894/27/5
f 9897/17/5 9895/17/5 9894/17/5
f 9898/27/5 9889/27/5 9895/27/5
f 9898/17/5 9895/17/5 9897/17/5
f 9899/16/5 9897/16/5 9896/16/5
f 9900/27/5 9898/27/5 9897/27/5
f 9900/16/5 9897/16/5 9899/16/5
f 9901/27/5 9889/27/5 9898/27/5
f 9901/27/5 9898/27/5 9900/27/5
f 9903/17/5 9901/17/5 9900/17/5
f 9904/27/5 9889/27/5 9901/27/5
f 9904/17/5 9901/17/5 9903/17/5
f 9905/16/5 9903/16/5 9902/16/5
f 9906/27/5 9904/27/5 9903/27/5
f 9906/16/5 9903/16/5 9905/16/5
f 9907/27/5 9889/27/5 9904/27/5
f 9907/27/5 9904/27/5 9906/27/5
f 9909/17/5 9907/17/5 9906/17/5
f 9910/27/5 9889/27/5 9907/27/5
f 9910/17/5 9907/17/5 9909/17/5
f 9911/16/5 9909/16/5 9908/16/5
f 9912/27/5 9910/27/5 9909/27/5
f 9912/16/5 9909/16/5 9911/16/5
f 9913/27/5 9889/27/5 9910/27/5
f 9913/27/5 9910/27/5 9912/27/5
f 9915/17/5 9913/17/5 9912/17/5
f 9916/27/5 9889/27/5 9913/27/5
f 9916/17/5 9913/17/5 9915/17/5
f 9917/16/5 9915/16/5 9914/16/5
f 9918/27/5 9916/27/5 9915/27/5
f 9918/16/5 9915/16/5 9917/16/5
f 9919/27/5 9889/27/5 9916/27/5
f 9919/27/5 9916/27/5 9918/27/5
f 9921/17/5 9919/17/5 9918/17/5
f 9922/27/5 9889/27/5 9919/27/5
f 9922/17/5 9919/17/5 9921/17/5
f 9923/16/5 9921/16/5 9920/16/5
f 9924/27/5 9922/27/5 9921/27/5
f 9924/16/5 9921/16/5 9923/16/5
f 9925/27/5 9889/27/5 9922/27/5
f 9925/27/5 9922/27/5 9924/27/5
f 9927/17/5 9925/17/5 9924/17/5
f 9928/27/5 9889/27/5 9925/27/5
f 9928/17/5 9925/17/5 9927/17/5
f 9929/16/5 9927/16/5 9926/16/5
f 9930/27/5 9928/27/5 9927/27/5
f 9930/16/5 9927/16/5 9929/16/5
f 9931/27/5 9889/27/5 9928/27/5
f 9931/27/5 9928/27/5 9930/27/5
f 9933/17/5 9931/17/5 9930/17/5
f 9934/27/5 9889/27/5 9931/27/5
f 9934/17/5 9931/17/5 9933/17/5
f 9935/16/5 9933/16/5 9932/16/5
f 9936/27/5 9934/27/5 9933/27/5
f 9936/16/5 9933/16/5 9935/16/5
f 9937/27/5 9889/27/5 9934/27/5
f 9937/27/5 9934/27/5 9936/27/5
f 9939/17/5 9937/17/5 9936/17/5
f 9940/27/5 9889/27/5 9937/27/5
f 9940/17/5 9937/17/5 9939/17/5
f 9941/16/5 9939/16/5 9938/16/5
f 9942/27/5 9940/27/5 9939/27/5
f 9942/16/5 9939/16/5 9941/16/5
f 9943/27/5 9889/27/5 9940/27/5
f 9943/27/5 9940/27/5 9942/27/5
f 9945/17/5 9943/17/5 9942/17/5
f 9946/27/5 9889/27/5 9943/27/5
f 9946/17/5 9943/17/5 9945/17/5
f 9947/16/5 9945/16/5 9944/16/5
f 9948/27/5 9946/27/5 9945/27/5
f 9948/16/5 9945/16/5 9947/16/5
f 9949/27/5 9889/27/5 9946/27/5
f 9949/27/5 9946/27/5 9948/27/5
f 9951/17/5 9949/17/5 9948/17/5
f 9952/27/5 9889/27/5 9949/27/5
f 9952/17/5 9949/17/5 9951/17/5
f 9953/16/5 9951/16/5 9950/16/5
f 9954/27/5 9952/27/5 9951/27/5
f 9954/16/5 9951/16/5 9953/16/5
f 9955/27/5 9889/27/5 9952/27/5
f 9955/27/5 9952/27/5 9954/27/5
f 9957/17/5 9955/17/5 9954/17/5
f 9958/27/5 9889/27/5 9955/27/5
f 9958/17/5 9955/17/5 9957/17/5
f 9959/16/5 9957/16/5 9956/16/5
f 9960/27/5 9958/27/5 9957/27/5
f 9960/16/5 9957/16/5 9959/16/5
f 9961/27/5 9889/27/5 9958/27/5
f 9961/27/5 9958/27/5 9960/27/5
f 9963/17/5 9961/17/5 9960/17/5
f 9964/27/5 9889/27/5 9961/27/5
f 9964/17/5 9961/17/5 9963/17/5
f 9965/16/5 9963/16/5 9962/16/5
f 9966/27/5 9964/27/5 9963/27/5
f 9966/16/5 9963/16/5 9965/16/5
f 9967/27/5 9889/27/5 9964/27/5
f 9967/27/5 9964/27/5 9966/27/5
f 9969/17/5 9967/17/5 9966/17/5
f 9970/27/5 9889/27/5 9967/27/5
f 9970/17/5 9967/17/5 9969/17/5
f 9971/16/5 9969/16/5 9968/16/5
f 9972/27/5 9970/27/5 9969/27/5
f 9972/16/5 9969/16/5 9971/16/5
f 9973/27/5 9889/27/5 9970/27/5
f 9973/27/5 9970/27/5 9972/27/5
f 9975/17/5 9973/17/5 9972/17/5
f 9976/27/5 9889/27/5 9973/27/5
f 9976/17/5 9973/17/5 9975/17/5
f 9977/16/5 9975/16/5 9974/16/5
f 9978/27/5 9976/27/5 9975/27/5
f 9978/16/5 9975/16/5 9977/16/5
f 9979/27/5 9889/27/5 9976/27/5
f 9979/27/5 9976/27/5 9978/27/5
f 9980/27/5 9889/27/5 9979/27/5
f 9981/27/5 9769/27/5 9889/27/5
f 9981/27/5 9889/27/5 9980/27/5
f 9983/17/5 9979/17/5 9978/17/5
f 9984/27/5 9980/27/5 9979/27/5
f 9984/17/5 9979/17/5 9983/17/5
f 9985/27/5 9769/27/5 9981/27/5
f 9986/16/5 9983/16/5 9982/16/5
f 9987/27/5 9984/27/5 9983/27/5
f 9987/16/5 9983/16/5 9986/16/5
f 9988/27/5 9980/27/5 9984/27/5
f 9988/27/5 9984/27/5 9987/27/5
f 9989/27/5 9769/27/5 9985/27/5
f 9990/27/5 9980/27/5 9988/27/5
f 9991/27/5 9769/27/5 9989/27/5
f 9993/17/5 9988/17/5 9987/17/5
f 9994/27/5 9990/27/5 9988/27/5
f 9994/27/5 9991/27/5 9990/27/5
f 9994/17/5 9988/17/5 9993/17/5
f 9995/16/5 9993/16/5 9992/16/5
f 9996/27/5 9994/27/5 9993/27/5
f 9996/16/5 9993/16/5 9995/16/5
f 9997/27/5 9991/27/5 9994/27/5
f 9997/27/5 9994/27/5 9996/27/5
f 9999/17/5 9997/17/5 9996/17/5
f 10000/27/5 9991/27/5 9997/27/5
f 10000/17/5 9997/17/5 9999/17/5
f 10001/16/5 9999/16/5 9998/16/5
f 10002/27/5 10000/27/5 9999/27/5
f 10002/16/5 9999/16/5 10001/16/5
f 10003/27/5 9991/27/5 10000/27/5
f 10003/27/5 10000/27/5 10002/27/5
f 10005/17/5 10003/17/5 10002/17/5
f 10006/27/5 9991/27/5 10003/27/5
f 10006/17/5 10003/17/5 10005/17/5
f 10007/16/5 10005/16/5 10004/16/5
f 10008/27/5 10006/27/5 10005/27/5
f 10008/16/5 10005/16/5 10007/16/5
f 10009/27/5 9991/27/5 10006/27/5
f 10009/27/5 10006/27/5 10008/27/5
f 10011/17/5 10009/17/5 10008/17/5
f 10012/27/5 9991/27/5 10009/27/5
f 10012/17/5 10009/17/5 10011/17/5
f 10013/16/5 10011/16/5 10010/16/5
f 10014/27/5 10012/27/5 10011/27/5
f 10014/16/5 10011/16/5 10013/16/5
f 10015/27/5 9991/27/5 10012/27/5
f 10015/27/5 10012/27/5 10014/27/5
f 10017/17/5 10015/17/5 10014/17/5
f 10018/27/5 9991/27/5 10015/27/5
f 10018/17/5 10015/17/5 10017/17/5
f 10019/16/5 10017/16/5 10016/16/5
f 10020/27/5 10018/27/5 10017/27/5
f 10020/16/5 10017/16/5 10019/16/5
f 10021/27/5 9991/27/5 10018/27/5
f 10021/27/5 10018/27/5 10020/27/5
f 10023/17/5 10021/17/5 10020/17/5
f 10024/27/5 9991/27/5 10021/27/5
f 10024/17/5 10021/17/5 10023/17/5
f 10025/16/5 10023/16/5 10022/16/5
f 10026/27/5 10024/27/5 10023/27/5
f 10026/16/5 10023/16/5 10025/16/5
f 10027/27/5 9991/27/5 10024/27/5
f 10027/27/5 10024/27/5 10026/27/5
f 10029/17/5 10027/17/5 10026/17/5
f 10030/27/5 9991/27/5 10027/27/5
f 10030/17/5 10027/17/5 10029/17/5
f 10031/16/5 10029/16/5 10028/16/5
f 10032/27/5 10030/27/5 10029/27/5
f 10032/16/5 10029/16/5 10031/16/5
f 10033/27/5 9991/27/5 10030/27/5
f 10033/27/5 10030/27/5 10032/27/5
f 10035/17/5 10033/17/5 10032/17/5
f 10036/27/5 9991/27/5 10033/27/5
f 10036/17/5 10033/17/5 10035/17/5
f 10037/16/5 10035/16/5 10034/16/5
f 10038/27/5 10036/27/5 10035/27/5
f 10038/16/5 10035/16/5 10037/16/5
f 10039/27/5 9991/27/5 10036/27/5
f 10039/27/5 10036/27/5 10038/27/5
f 10041/17/5 10039/17/5 10038/17/5
f 10042/27/5 9991/27/5 10039/27/5
f 10042/17/5 10039/17/5 10041/17/5
f 10043/16/5 10041/16/5 10040/16/5
f 10044/27/5 10042/27/5 10041/27/5
f 10044/16/5 10041/16/5 10043/16/5
f 10045/27/5 9991/27/5 10042/27/5
f 10045/27/5 10042/27/5 10044/27/5
f 10047/17/5 10045/17/5 10044/17/5
f 10048/27/5 9991/27/5 10045/27/5
f 10048/17/5 10045/17/5 10047/17/5
f 10049/16/5 10047/16/5 10046/16/5
f 10050/27/5 10048/27/5 10047/27/5
f 10050/16/5 10047/16/5 10049/16/5
f 10051/27/5 9991/27/5 10048/27/5
f 10051/27/5 10048/27/5 10050/27/5
f 10053/17/5 10051/17/5 10050/17/5
f 10054/27/5 9991/27/5 10051/27/5
f 10054/17/5 10051/17/5 10053/17/5
f 10055/16/5 10053/16/5 10052/16/5
f 10056/27/5 10054/27/5 10053/27/5
f 10056/16/5 10053/16/5 10055/16/5
f 10057/27/5 9991/27/5 10054/27/5
f 10057/27/5 10054/27/5 10056/27/5
f 10059/17/5 10057/17/5 10056/17/5
f 10060/27/5 9991/27/5 10057/27/5
f 10060/17/5 10057/17/5 10059/17/5
f 10061/16/5 10059/16/5 10058/16/5
f 10062/27/5 10060/27/5 10059/27/5
f 10062/16/5 10059/16/5 10061/16/5
f 10063/27/5 9991/27/5 10060/27/5
f 10063/27/5 10060/27/5 10062/27/5
f 10065/17/5 10063/17/5 10062/17/5
f 10066/27/5 9991/27/5 10063/27/5
f 10066/17/5 10063/17/5 10065/17/5
f 10067/16/5 10065/16/5 10064/16/5
f 10068/27/5 10066/27/5 10065/27/5
f 10068/16/5 10065/16/5 10067/16/5
f 10069/27/5 9991/27/5 10066/27/5
f 10069/27/5 10066/27/5 10068/27/5
f 10071/17/5 10069/17/5 10068/17/5
f 10072/27/5 9991/27/5 10069/27/5
f 10072/17/5 10069/17/5 10071/17/5
f 10073/16/5 10071/16/5 10070/16/5
f 10074/27/5 10072/27/5 10071/27/5
f 10074/16/5 10071/16/5 10073/16/5
f 10075/27/5 9991/27/5 10072/27/5
f 10075/27/5 10072/27/5 10074/27/5
f 10077/17/5 10075/17/5 10074/17/5
f 10078/27/5 9991/27/5 10075/27/5
f 10078/17/5 10075/17/5 10077/17/5
f 10079/16/5 10077/16/5 10076/16/5
f 10080/27/5 10078/27/5 10077/27/5
f 10080/16/5 10077/16/5 10079/16/5
f 10081/27/5 9991/27/5 10078/27/5
f 10081/27/5 10078/27/5 10080/27/5
f 10083/17/5 10081/17/5 10080/17/5
f 10084/27/5 9991/27/5 10081/27/5
f 10084/17/5 10081/17/5 10083/17/5
f 10085/16/5 10083/16/5 10082/16/5
f 10086/27/5 10084/27/5 10083/27/5
f 10086/16/5 10083/16/5 10085/16/5
f 10087/27/5 9991/27/5 10084/27/5
f 10087/27/5 10084/27/5 10086/27/5
f 10089/17/5 10087/17/5 10086/17/5
f 10090/27/5 9991/27/5 10087/27/5
f 10090/17/5 10087/17/5 10089/17/5
f 10091/16/5 10089/16/5 10088/16/5
f 10092/27/5 10090/27/5 10089/27/5
f 10092/16/5 10089/16/5 10091/16/5
f 10093/27/5 9991/27/5 10090/27/5
f 10093/27/5 10090/27/5 10092/27/5
f 10095/17/5 10093/17/5 10092/17/5
f 10096/27/5 9991/27/5 10093/27/5
f 10096/17/5 10093/17/5 10095/17/5
f 10097/16/5 10095/16/5 10094/16/5
f 10098/27/5 10096/27/5 10095/27/5
f 10098/16/5 10095/16/5 10097/16/5
f 10099/27/5 9991/27/5 10096/27/5
f 10099/27/5 10096/27/5 10098/27/5
f 10101/17/5 10099/17/5 10098/17/5
f 10102/27/5 9991/27/5 10099/27/5
f 10102/17/5 10099/17/5 10101/17/5
f 10103/27/5 9991/27/5 10102/27/5
f 10104/27/5 9769/27/5 9991/27/5
f 10104/27/5 9991/27/5 10103/27/5
f 10105/16/5 10101/16/5 10100/16/5
f 10106/27/5 10103/27/5 10102/27/5
f 10106/16/5 10101/16/5 10105/16/5
f 10106/27/5 10102/27/5 10101/27/5
f 10107/27/5 10103/27/5 10106/27/5
f 10108/27/5 9769/27/5 10104/27/5
f 10109/27/5 9769/27/5 10108/27/5
f 10111/17/5 10107/17/5 10106/17/5
f 10112/27/5 10103/27/5 10107/27/5
f 10112/17/5 10107/17/5 10111/17/5
f 10113/27/5 10103/27/5 10112/27/5
f 10114/27/5 9769/27/5 10109/27/5
f 10115/16/5 10111/16/5 10110/16/5
f 10116/27/5 10114/27/5 10113/27/5
f 10116/16/5 10111/16/5 10115/16/5
f 10116/27/5 10113/27/5 10112/27/5
f 10116/27/5 10112/27/5 10111/27/5
f 10117/27/5 9769/27/5 10114/27/5
f 10117/27/5 10114/27/5 10116/27/5
f 10118/17/5 10117/17/5 10116/17/5
f 10119/17/5 10117/17/5 10118/17/5
f 10122/16/5 10121/16/5 10120/16/5
f 10123/16/5 10121/16/5 10122/16/5
f 10126/27/5 10125/27/5 10124/27/5
f 10127/27/5 10125/27/5 10126/27/5
f 10130/26/5 10129/26/5 10128/26/5
f 10131/26/5 10129/26/5 10130/26/5
f 10132/26/5 10130/26/5 10128/26/5
f 10133/26/5 10132/26/5 10128/26/5
f 10134/26/5 10133/26/5 10128/26/5
f 10135/26/5 10134/26/5 10128/26/5
f 10136/26/5 10135/26/5 10128/26/5
f 10137/26/5 10136/26/5 10128/26/5
f 10138/26/5 10137/26/5 10128/26/5
f 10139/26/5 10129/26/5 10131/26/5
f 10140/26/5 10138/26/5 10128/26/5
f 10140/26/5 10139/26/5 10138/26/5
f 10141/26/5 10129/26/5 10139/26/5
f 10141/26/5 10139/26/5 10140/26/5
f 10144/27/5 10143/27/5 10142/27/5
f 10145/27/5 10143/27/5 10144/27/5
f 10148/27/5 10147/27/5 10146/27/5
f 10149/27/5 10147/27/5 10148/27/5
f 10150/30/5 10149/30/5 10148/30/5
f 10151/30/5 10149/30/5 10150/30/5
f 10152/28/6 10153/28/6 10154/28/6
f 10154/28/6 10153/28/6 10155/28/6
f 10152/28/6 10154/28/6 10156/28/6
f 10156/28/6 10154/28/6 10157/28/6
f 10152/28/6 10156/28/6 10158/28/6
f 10157/28/6 10154/28/6 10159/28/6
f 10159/28/6 10154/28/6 10160/28/6
f 10158/28/6 10159/28/6 10160/28/6
f 10155/28/6 10153/28/6 10163/28/6
f 10161/28/6 10162/28/6 10164/28/6
f 10162/28/6 10163/28/6 10164/28/6
f 10152/28/6 10158/28/6 10164/28/6
f 10158/28/6 10160/28/6 10164/28/6
f 10160/28/6 10161/28/6 10164/28/6
f 10163/28/6 10153/28/6 10165/28/6
f 10164/28/6 10163/28/6 10165/28/6
f 10166/26/6 10167/26/6 10168/26/6
f 10168/26/6 10167/26/6 10169/26/6
f 10170/27/6 10171/27/6 10172/27/6
f 10172/27/6 10171/27/6 10173/27/6
f 10166/26/6 10168/26/6 10174/26/6
f 10169/26/6 10167/26/6 10175/26/6
f 10166/26/6 10174/26/6 10176/26/6
f 10174/26/6 10175/26/6 10176/26/6
f 10175/26/6 10167/26/6 10177/26/6
f 10176/26/6 10175/26/6 10177/26/6
f 10178/26/6 10179/26/6 10180/26/6
f 10180/26/6 10179/26/6 10181/26/6
f 10181/26/6 10179/26/6 10182/26/6
f 10182/26/6 10179/26/6 10183/26/6
f 10181/26/6 10182/26/6 10184/26/6
f 10183/26/6 10179/26/6 10185/26/6
f 10181/26/6 10184/26/6 10186/26/6
f 10184/26/6 10185/26/6 10186/26/6
f 10185/26/6 10179/26/6 10187/26/6
f 10186/26/6 10185/26/6 10187/26/6
f 10188/29/6 10189/29/6 10190/29/6
f 10190/29/6 10189/29/6 10191/29/6
f 10191/29/6 10189/29/6 10192/29/6
f 10192/29/6 10189/29/6 10193/29/6
f 10193/29/6 10189/29/6 10194/29/6
f 10194/29/6 10189/29/6 10195/29/6
f 10188/29/6 10190/29/6 10196/29/6
f 10196/29/6 10190/29/6 10197/29/6
f 10192/27/6 10193/27/6 10198/27/6
f 10198/27/6 10193/27/6 10199/27/6
f 10200/26/6 10201/26/6 10202/26/6
f 10202/26/6 10201/26/6 10203/26/6
f 10204/14/6 10205/14/6 10206/14/6
f 10206/14/6 10205/14/6 10207/14/6
f 10188/29/6 10196/29/6 10209/29/6
f 10209/29/6 10196/29/6 10210/29/6
f 10210/29/6 10196/29/6 10211/29/6
f 10204/14/6 10206/14/6 10212/14/6
f 10207/14/6 10205/14/6 10213/14/6
f 10204/14/6 10212/14/6 10214/14/6
f 10212/14/6 10213/14/6 10214/14/6
f 10213/14/6 10205/14/6 10215/14/6
f 10214/14/6 10213/14/6 10215/14/6
f 10200/26/6 10202/26/6 10217/26/6
f 10217/26/6 10202/26/6 10218/26/6
f 10216/26/6 10217/26/6 10218/26/6
f 10218/26/6 10202/26/6 10219/26/6
f 10208/29/6 10209/29/6 10220/29/6
f 10209/29/6 10210/29/6 10220/29/6
f 10220/29/6 10210/29/6 10221/29/6
f 10221/29/6 10210/29/6 10222/29/6
f 10216/26/6 10218/26/6 10225/26/6
f 10225/26/6 10218/26/6 10226/26/6
f 10226/26/6 10227/26/6 10228/26/6
f 10223/29/6 10224/29/6 10230/29/6
f 10222/29/6 10223/29/6 10230/29/6
f 10221/29/6 10222/29/6 10230/29/6
f 10230/29/6 10224/29/6 10231/29/6
f 10231/29/6 10224/29/6 10232/29/6
f 10232/29/6 10224/29/6 10233/29/6
f 10221/29/6 10230/29/6 10234/29/6
f 10231/29/6 10232/29/6 10235/29/6
f 10235/29/6 10232/29/6 10236/29/6
f 10233/29/6 10224/29/6 10237/29/6
f 10238/14/6 10239/14/6 10240/14/6
f 10240/14/6 10239/14/6 10241/14/6
f 10235/29/6 10236/29/6 10242/29/6
f 10234/29/6 10235/29/6 10242/29/6
f 10236/29/6 10237/29/6 10242/29/6
f 10242/29/6 10237/29/6 10243/29/6
f 10243/29/6 10237/29/6 10244/29/6
f 10237/29/6 10224/29/6 10245/29/6
f 10244/29/6 10237/29/6 10245/29/6
f 10238/14/6 10240/14/6 10246/14/6
f 10241/14/6 10239/14/6 10247/14/6
f 10234/29/6 10242/29/6 10248/29/6
f 10243/29/6 10244/29/6 10249/29/6
f 10249/29/6 10244/29/6 10250/29/6
f 10245/29/6 10224/29/6 10251/29/6
f 10238/14/6 10246/14/6 10252/14/6
f 10246/14/6 10247/14/6 10252/14/6
f 10247/14/6 10239/14/6 10253/14/6
f 10252/14/6 10247/14/6 10253/14/6
f 10228/26/6 10229/26/6 10254/26/6
f 10228/26/6 10254/26/6 10256/26/6
f 10254/26/6 10255/26/6 10256/26/6
f 10226/26/6 10228/26/6 10256/26/6
f 10256/26/6 10255/26/6 10257/26/6
f 10248/29/6 10249/29/6 10258/29/6
f 10250/29/6 10251/29/6 10258/29/6
f 10249/29/6 10250/29/6 10258/29/6
f 10251/29/6 10224/29/6 10258/29/6
f 10195/29/6 10189/29/6 10259/29/6
f 10248/29/6 10258/29/6 10260/29/6
f 10258/29/6 10259/29/6 10260/29/6
f 10234/29/6 10248/29/6 10260/29/6
f 10221/29/6 10234/29/6 10260/29/6
f 10259/29/6 10189/29/6 10261/29/6
f 10260/29/6 10259/29/6 10261/29/6
f 10262/26/6 10263/26/6 10264/26/6
f 10264/26/6 10263/26/6 10265/26/6
f 10266/26/6 10267/26/6 10273/26/6
f 10273/26/6 10267/26/6 10274/26/6
f 10274/26/6 10267/26/6 10275/26/6
f 10275/26/6 10267/26/6 10276/26/6
f 10267/18/6 10268/18/6 10277/18/6
f 10276/26/6 10267/26/6 10277/26/6
f 10270/26/6 10271/26/6 10278/26/6
f 10269/18/6 10270/18/6 10278/18/6
f 10278/26/6 10271/26/6 10279/26/6
f 10272/26/6 10273/26/6 10280/26/6
f 10273/26/6 10274/26/6 10280/26/6
f 10280/26/6 10274/26/6 10281/26/6
f 10277/18/6 10268/18/6 10282/18/6
f 10269/18/6 10278/18/6 10283/18/6
f 10282/18/6 10268/18/6 10284/18/6
f 10284/18/6 10268/18/6 10285/18/6
f 10269/18/6 10283/18/6 10286/18/6
f 10286/18/6 10283/18/6 10287/18/6
f 10262/26/6 10264/26/6 10288/26/6
f 10288/26/6 10264/26/6 10289/26/6
f 10272/26/6 10280/26/6 10290/26/6
f 10290/26/6 10280/26/6 10291/26/6
f 10294/26/6 10295/26/6 10296/26/6
f 10279/26/6 10271/26/6 10297/26/6
f 10294/26/6 10296/26/6 10298/26/6
f 10296/26/6 10297/26/6 10298/26/6
f 10297/26/6 10271/26/6 10299/26/6
f 10298/26/6 10297/26/6 10299/26/6
f 10292/26/6 10293/26/6 10300/26/6
f 10265/26/6 10263/26/6 10301/26/6
f 10292/26/6 10300/26/6 10302/26/6
f 10300/26/6 10301/26/6 10302/26/6
f 10301/26/6 10263/26/6 10303/26/6
f 10302/26/6 10301/26/6 10303/26/6
f 10304/15/6 10305/15/6 10306/15/6
f 10306/15/6 10305/15/6 10307/15/6
f 10308/22/6 10309/22/6 10310/22/6
f 10310/22/6 10309/22/6 10311/22/6
f 10312/15/6 10313/15/6 10314/15/6
f 10314/15/6 10313/15/6 10315/15/6
f 10316/15/6 10317/15/6 10318/15/6
f 10318/15/6 10317/15/6 10319/15/6
f 10320/15/6 10321/15/6 10322/15/6
f 10322/15/6 10321/15/6 10323/15/6
f 10324/22/6 10325/22/6 10326/22/6
f 10326/22/6 10325/22/6 10327/22/6
f 10328/13/6 10329/13/6 10330/13/6
f 10330/13/6 10329/13/6 10331/13/6
f 10331/13/6 10329/13/6 10332/13/6
f 10332/13/6 10329/13/6 10333/13/6
f 10334/13/6 10335/13/6 10336/13/6
f 10336/13/6 10335/13/6 10337/13/6
f 10337/13/6 10335/13/6 10338/13/6
f 10338/13/6 10335/13/6 10339/13/6
f 10340/22/6 10341/22/6 10342/22/6
f 10342/22/6 10341/22/6 10343/22/6
f 10344/23/6 10345/23/6 10346/23/6
f 10346/23/6 10345/23/6 10347/23/6
f 10348/22/6 10349/22/6 10350/22/6
f 10350/22/6 10349/22/6 10351/22/6
f 10352/22/6 10353/22/6 10354/22/6
f 10354/22/6 10353/22/6 10355/22/6
f 10356/26/6 10357/26/6 10358/26/6
f 10358/26/6 10357/26/6 10359/26/6
f 10356/26/6 10358/26/6 10360/26/6
f 10359/26/6 10357/26/6 10361/26/6
f 10356/26/6 10360/26/6 10362/26/6
f 10360/26/6 10361/26/6 10362/26/6
f 10361/26/6 10357/26/6 10363/26/6
f 10362/26/6 10361/26/6 10363/26/6
f 10364/22/6 10365/22/6 10368/22/6
f 10368/22/6 10365/22/6 10369/22/6
f 10366/26/6 10367/26/6 10370/26/6
f 10370/26/6 10367/26/6 10371/26/6
f 10372/22/6 10373/22/6 10374/22/6
f 10374/22/6 10373/22/6 10375/22/6
f 10376/22/6 10377/22/6 10378/22/6
f 10378/22/6 10377/22/6 10379/22/6
f 10380/27/6 10381/27/6 10384/27/6
f 10384/27/6 10381/27/6 10385/27/6
f 10382/22/6 10383/22/6 10386/22/6
f 10386/22/6 10383/22/6 10387/22/6
f 10384/26/6 10385/26/6 10388/26/6
f 10388/26/6 10385/26/6 10389/26/6
f 10382/22/6 10386/22/6 10390/22/6
f 10390/22/6 10386/22/6 10391/22/6
f 10392/22/6 10393/22/6 10396/22/6
f 10393/22/6 10394/22/6 10396/22/6
f 10395/22/6 10396/22/6 10397/22/6
f 10396/22/6 10394/22/6 10398/22/6
f 10397/22/6 10396/22/6 10398/22/6
f 10398/22/6 10394/22/6 10399/22/6
f 10400/13/6 10401/13/6 10402/13/6
f 10402/13/6 10401/13/6 10403/13/6
f 10404/22/6 10405/22/6 10406/22/6
f 10406/22/6 10405/22/6 10407/22/6
f 10408/13/6 10409/13/6 10410/13/6
f 10410/13/6 10409/13/6 10411/13/6
f 10412/1/6 10413/1/6 10416/1/6
f 10416/1/6 10413/1/6 10417/1/6
f 10414/18/6 10415/18/6 10418/18/6
f 10418/18/6 10415/18/6 10419/18/6
f 10417/1/6 10413/1/6 10420/1/6
f 10420/1/6 10413/1/6 10421/1/6
f 10412/1/6 10416/1/6 10422/1/6
f 10422/1/6 10416/1/6 10423/1/6
f 10417/1/6 10420/1/6 10424/1/6
f 10424/1/6 10420/1/6 10425/1/6
f 10421/1/6 10413/1/6 10426/1/6
f 10426/1/6 10413/1/6 10427/1/6
f 10423/1/6 10416/1/6 10428/1/6
f 10428/1/6 10416/1/6 10429/1/6
f 10429/1/6 10416/1/6 10430/1/6
f 10428/1/6 10429/1/6 10431/1/6
f 10431/1/6 10429/1/6 10433/1/6
f 10425/1/6 10420/1/6 10434/1/6
f 10420/2/6 10421/2/6 10434/2/6
f 10421/1/6 10426/1/6 10435/1/6
f 10434/2/6 10421/2/6 10435/2/6
f 10434/1/6 10435/1/6 10436/1/6
f 10435/1/6 10426/1/6 10436/1/6
f 10436/1/6 10426/1/6 10437/1/6
f 10417/1/6 10424/1/6 10438/1/6
f 10424/2/6 10425/2/6 10438/2/6
f 10434/1/6 10436/1/6 10439/1/6
f 10438/2/6 10425/2/6 10439/2/6
f 10425/1/6 10434/1/6 10439/1/6
f 10437/1/6 10426/1/6 10440/1/6
f 10426/2/6 10427/2/6 10441/2/6
f 10440/1/6 10426/1/6 10441/1/6
f 10427/1/6 10413/1/6 10442/1/6
f 10441/2/6 10427/2/6 10442/2/6
f 10442/1/6 10413/1/6 10443/1/6
f 10432/1/6 10433/1/6 10444/1/6
f 10433/1/6 10429/1/6 10445/1/6
f 10444/1/6 10433/1/6 10445/1/6
f 10416/2/6 10417/2/6 10448/2/6
f 10430/1/6 10416/1/6 10448/1/6
f 10438/1/6 10439/1/6 10449/1/6
f 10448/2/6 10417/2/6 10449/2/6
f 10417/1/6 10438/1/6 10449/1/6
f 10449/1/6 10439/1/6 10450/1/6
f 10450/1/6 10439/1/6 10451/1/6
f 10445/1/6 10429/1/6 10452/1/6
f 10429/2/6 10430/2/6 10452/2/6
f 10430/1/6 10448/1/6 10453/1/6
f 10452/2/6 10430/2/6 10453/2/6
f 10448/1/6 10449/1/6 10453/1/6
f 10449/1/6 10450/1/6 10453/1/6
f 10451/1/6 10439/1/6 10454/1/6
f 10439/1/6 10436/1/6 10454/1/6
f 10454/1/6 10436/1/6 10455/1/6
f 10444/2/6 10445/2/6 10456/2/6
f 10445/1/6 10452/1/6 10457/1/6
f 10456/2/6 10445/2/6 10457/2/6
f 10452/1/6 10453/1/6 10457/1/6
f 10453/1/6 10450/1/6 10458/1/6
f 10457/1/6 10453/1/6 10458/1/6
f 10458/1/6 10450/1/6 10459/1/6
f 10450/2/6 10451/2/6 10460/2/6
f 10459/1/6 10450/1/6 10460/1/6
f 10451/1/6 10454/1/6 10461/1/6
f 10460/2/6 10451/2/6 10461/2/6
f 10456/1/6 10457/1/6 10462/1/6
f 10457/1/6 10458/1/6 10462/1/6
f 10462/1/6 10458/1/6 10463/1/6
f 10459/1/6 10460/1/6 10464/1/6
f 10460/1/6 10461/1/6 10464/1/6
f 10464/1/6 10461/1/6 10465/1/6
f 10455/1/6 10436/1/6 10466/1/6
f 10446/27/6 10447/27/6 10467/27/6
f 10467/27/6 10447/27/6 10468/27/6
f 10455/1/6 10466/1/6 10469/1/6
f 10466/1/6 10467/1/6 10469/1/6
f 10469/1/6 10467/1/6 10470/1/6
f 10458/2/6 10459/2/6 10471/2/6
f 10463/1/6 10458/1/6 10471/1/6
f 10459/1/6 10464/1/6 10472/1/6
f 10471/2/6 10459/2/6 10472/2/6
f 10469/2/6 10470/2/6 10473/2/6
f 10470/1/6 10467/1/6 10474/1/6
f 10473/2/6 10470/2/6 10474/2/6
f 10474/1/6 10467/1/6 10475/1/6
f 10461/1/6 10454/1/6 10477/1/6
f 10454/2/6 10455/2/6 10477/2/6
f 10465/1/6 10461/1/6 10477/1/6
f 10455/1/6 10469/1/6 10478/1/6
f 10477/2/6 10455/2/6 10478/2/6
f 10471/1/6 10472/1/6 10479/1/6
f 10472/1/6 10464/1/6 10479/1/6
f 10464/2/6 10465/2/6 10479/2/6
f 10465/1/6 10477/1/6 10480/1/6
f 10479/2/6 10465/2/6 10480/2/6
f 10477/1/6 10478/1/6 10480/1/6
f 10478/1/6 10469/1/6 10481/1/6
f 10480/1/6 10478/1/6 10481/1/6
f 10479/1/6 10480/1/6 10481/1/6
f 10469/2/6 10473/2/6 10481/2/6
f 10481/2/6 10473/2/6 10482/2/6
f 10471/1/6 10479/1/6 10483/1/6
f 10479/1/6 10481/1/6 10483/1/6
f 10481/1/6 10482/1/6 10483/1/6
f 10483/1/6 10482/1/6 10484/1/6
f 10484/1/6 10482/1/6 10485/1/6
f 10485/1/6 10482/1/6 10486/1/6
f 10486/1/6 10482/1/6 10487/1/6
f 10475/27/6 10476/27/6 10490/27/6
f 10490/27/6 10476/27/6 10491/27/6
f 10456/1/6 10462/1/6 10492/1/6
f 10462/2/6 10463/2/6 10492/2/6
f 10463/1/6 10471/1/6 10493/1/6
f 10492/2/6 10463/2/6 10493/2/6
f 10471/1/6 10483/1/6 10493/1/6
f 10493/1/6 10483/1/6 10494/1/6
f 10494/1/6 10483/1/6 10495/1/6
f 10486/1/6 10487/1/6 10496/1/6
f 10487/1/6 10488/1/6 10496/1/6
f 10496/1/6 10488/1/6 10497/1/6
f 10488/2/6 10489/2/6 10498/2/6
f 10497/1/6 10488/1/6 10498/1/6
f 10489/1/6 10490/1/6 10499/1/6
f 10498/2/6 10489/2/6 10499/2/6
f 10456/1/6 10492/1/6 10500/1/6
f 10492/1/6 10493/1/6 10500/1/6
f 10493/1/6 10494/1/6 10500/1/6
f 10500/1/6 10494/1/6 10501/1/6
f 10501/1/6 10494/1/6 10502/1/6
f 10502/1/6 10494/1/6 10503/1/6
f 10497/1/6 10498/1/6 10504/1/6
f 10498/1/6 10499/1/6 10504/1/6
f 10499/1/6 10490/1/6 10505/1/6
f 10504/1/6 10499/1/6 10505/1/6
f 10503/1/6 10494/1/6 10507/1/6
f 10496/2/6 10497/2/6 10508/2/6
f 10486/1/6 10496/1/6 10508/1/6
f 10497/1/6 10504/1/6 10509/1/6
f 10508/2/6 10497/2/6 10509/2/6
f 10506/1/6 10507/1/6 10510/1/6
f 10494/2/6 10495/2/6 10510/2/6
f 10507/1/6 10494/1/6 10510/1/6
f 10495/1/6 10483/1/6 10511/1/6
f 10510/2/6 10495/2/6 10511/2/6
f 10510/1/6 10511/1/6 10512/1/6
f 10511/1/6 10483/1/6 10512/1/6
f 10512/1/6 10483/1/6 10513/1/6
f 10483/2/6 10484/2/6 10514/2/6
f 10513/1/6 10483/1/6 10514/1/6
f 10484/1/6 10485/1/6 10515/1/6
f 10514/2/6 10484/2/6 10515/2/6
f 10509/1/6 10504/1/6 10516/1/6
f 10508/1/6 10509/1/6 10516/1/6
f 10504/2/6 10505/2/6 10516/2/6
f 10505/1/6 10490/1/6 10517/1/6
f 10516/2/6 10505/2/6 10517/2/6
f 10515/1/6 10485/1/6 10518/1/6
f 10513/1/6 10514/1/6 10518/1/6
f 10485/2/6 10486/2/6 10518/2/6
f 10514/1/6 10515/1/6 10518/1/6
f 10486/1/6 10508/1/6 10519/1/6
f 10518/2/6 10486/2/6 10519/2/6
f 10508/1/6 10516/1/6 10519/1/6
f 10516/1/6 10517/1/6 10519/1/6
f 10519/1/6 10517/1/6 10520/1/6
f 10520/1/6 10517/1/6 10521/1/6
f 10506/1/6 10510/1/6 10522/1/6
f 10510/1/6 10512/1/6 10522/1/6
f 10522/1/6 10512/1/6 10523/1/6
f 10512/2/6 10513/2/6 10524/2/6
f 10523/1/6 10512/1/6 10524/1/6
f 10513/1/6 10518/1/6 10525/1/6
f 10524/2/6 10513/2/6 10525/2/6
f 10518/1/6 10519/1/6 10525/1/6
f 10519/1/6 10520/1/6 10525/1/6
f 10517/1/6 10490/1/6 10526/1/6
f 10521/1/6 10517/1/6 10526/1/6
f 10523/1/6 10524/1/6 10530/1/6
f 10524/1/6 10525/1/6 10530/1/6
f 10530/1/6 10525/1/6 10531/1/6
f 10525/1/6 10520/1/6 10532/1/6
f 10531/1/6 10525/1/6 10532/1/6
f 10532/1/6 10520/1/6 10533/1/6
f 10533/1/6 10520/1/6 10534/1/6
f 10534/1/6 10520/1/6 10535/1/6
f 10520/2/6 10521/2/6 10536/2/6
f 10535/1/6 10520/1/6 10536/1/6
f 10521/1/6 10526/1/6 10537/1/6
f 10536/2/6 10521/2/6 10537/2/6
f 10526/1/6 10527/1/6 10537/1/6
f 10535/1/6 10536/1/6 10538/1/6
f 10537/1/6 10527/1/6 10538/1/6
f 10536/1/6 10537/1/6 10538/1/6
f 10538/1/6 10527/1/6 10539/1/6
f 10528/2/6 10529/2/6 10540/2/6
f 10539/1/6 10527/1/6 10540/1/6
f 10527/2/6 10528/2/6 10540/2/6
f 10540/2/6 10529/2/6 10541/2/6
f 10535/1/6 10538/1/6 10542/1/6
f 10542/1/6 10538/1/6 10543/1/6
f 10530/2/6 10531/2/6 10544/2/6
f 10523/1/6 10530/1/6 10544/1/6
f 10531/1/6 10532/1/6 10545/1/6
f 10544/2/6 10531/2/6 10545/2/6
f 10543/1/6 10538/1/6 10546/1/6
f 10546/1/6 10538/1/6 10547/1/6
f 10534/2/6 10535/2/6 10548/2/6
f 10533/1/6 10534/1/6 10548/1/6
f 10535/1/6 10542/1/6 10549/1/6
f 10548/2/6 10535/2/6 10549/2/6
f 10542/2/6 10543/2/6 10550/2/6
f 10549/1/6 10542/1/6 10550/1/6
f 10548/1/6 10549/1/6 10550/1/6
f 10543/1/6 10546/1/6 10551/1/6
f 10550/2/6 10543/2/6 10551/2/6
f 10538/2/6 10539/2/6 10552/2/6
f 10547/1/6 10538/1/6 10552/1/6
f 10539/1/6 10540/1/6 10553/1/6
f 10552/2/6 10539/2/6 10553/2/6
f 10540/1/6 10541/1/6 10553/1/6
f 10544/1/6 10545/1/6 10554/1/6
f 10545/1/6 10532/1/6 10555/1/6
f 10554/1/6 10545/1/6 10555/1/6
f 10547/1/6 10552/1/6 10556/1/6
f 10552/1/6 10553/1/6 10556/1/6
f 10553/1/6 10541/1/6 10557/1/6
f 10556/1/6 10553/1/6 10557/1/6
f 10557/1/6 10541/1/6 10558/1/6
f 10550/1/6 10551/1/6 10559/1/6
f 10548/1/6 10550/1/6 10559/1/6
f 10559/1/6 10551/1/6 10560/1/6
f 10532/2/6 10533/2/6 10561/2/6
f 10555/1/6 10532/1/6 10561/1/6
f 10533/1/6 10548/1/6 10562/1/6
f 10561/2/6 10533/2/6 10562/2/6
f 10548/1/6 10559/1/6 10562/1/6
f 10560/1/6 10551/1/6 10563/1/6
f 10551/1/6 10546/1/6 10564/1/6
f 10563/1/6 10551/1/6 10564/1/6
f 10544/1/6 10554/1/6 10566/1/6
f 10523/1/6 10544/1/6 10566/1/6
f 10564/1/6 10546/1/6 10567/1/6
f 10546/2/6 10547/2/6 10567/2/6
f 10547/1/6 10556/1/6 10568/1/6
f 10567/2/6 10547/2/6 10568/2/6
f 10562/1/6 10559/1/6 10569/1/6
f 10559/2/6 10560/2/6 10569/2/6
f 10561/1/6 10562/1/6 10569/1/6
f 10560/1/6 10563/1/6 10570/1/6
f 10569/2/6 10560/2/6 10570/2/6
f 10561/1/6 10569/1/6 10571/1/6
f 10569/1/6 10570/1/6 10571/1/6
f 10571/1/6 10570/1/6 10572/1/6
f 10565/1/6 10566/1/6 10573/1/6
f 10566/1/6 10554/1/6 10574/1/6
f 10573/1/6 10566/1/6 10574/1/6
f 10574/1/6 10554/1/6 10575/1/6
f 10575/1/6 10554/1/6 10576/1/6
f 10554/2/6 10555/2/6 10577/2/6
f 10576/1/6 10554/1/6 10577/1/6
f 10555/1/6 10561/1/6 10578/1/6
f 10577/2/6 10555/2/6 10578/2/6
f 10561/1/6 10571/1/6 10578/1/6
f 10576/1/6 10577/1/6 10580/1/6
f 10577/1/6 10578/1/6 10580/1/6
f 10578/1/6 10571/1/6 10581/1/6
f 10579/1/6 10580/1/6 10581/1/6
f 10580/1/6 10578/1/6 10581/1/6
f 10581/1/6 10571/1/6 10582/1/6
f 10579/1/6 10581/1/6 10583/1/6
f 10583/1/6 10581/1/6 10584/1/6
f 10582/1/6 10571/1/6 10585/1/6
f 10585/1/6 10571/1/6 10586/1/6
f 10572/1/6 10570/1/6 10587/1/6
f 10570/1/6 10563/1/6 10587/1/6
f 10563/2/6 10564/2/6 10588/2/6
f 10587/1/6 10563/1/6 10588/1/6
f 10567/1/6 10568/1/6 10589/1/6
f 10588/2/6 10564/2/6 10589/2/6
f 10564/1/6 10567/1/6 10589/1/6
f 10589/1/6 10568/1/6 10590/1/6
f 10568/1/6 10556/1/6 10591/1/6
f 10590/1/6 10568/1/6 10591/1/6
f 10579/1/6 10583/1/6 10592/1/6
f 10592/1/6 10583/1/6 10593/1/6
f 10583/2/6 10584/2/6 10594/2/6
f 10593/1/6 10583/1/6 10594/1/6
f 10584/1/6 10581/1/6 10595/1/6
f 10594/2/6 10584/2/6 10595/2/6
f 10585/2/6 10586/2/6 10596/2/6
f 10582/1/6 10585/1/6 10596/1/6
f 10586/1/6 10571/1/6 10597/1/6
f 10596/2/6 10586/2/6 10597/2/6
f 10572/1/6 10587/1/6 10598/1/6
f 10587/2/6 10588/2/6 10599/2/6
f 10598/1/6 10587/1/6 10599/1/6
f 10598/2/6 10599/2/6 10600/2/6
f 10599/2/6 10588/2/6 10600/2/6
f 10589/1/6 10590/1/6 10601/1/6
f 10600/2/6 10588/2/6 10601/2/6
f 10588/1/6 10589/1/6 10601/1/6
f 10590/2/6 10591/2/6 10602/2/6
f 10601/1/6 10590/1/6 10602/1/6
f 10600/1/6 10601/1/6 10602/1/6
f 10602/2/6 10591/2/6 10603/2/6
f 10597/1/6 10571/1/6 10604/1/6
f 10571/2/6 10572/2/6 10604/2/6
f 10596/1/6 10597/1/6 10604/1/6
f 10572/1/6 10598/1/6 10605/1/6
f 10604/2/6 10572/2/6 10605/2/6
f 10596/1/6 10604/1/6 10606/1/6
f 10604/1/6 10605/1/6 10606/1/6
f 10606/1/6 10605/1/6 10607/1/6
f 10602/1/6 10603/1/6 10608/1/6
f 10600/1/6 10602/1/6 10608/1/6
f 10608/1/6 10603/1/6 10609/1/6
f 10594/1/6 10595/1/6 10610/1/6
f 10593/1/6 10594/1/6 10610/1/6
f 10595/1/6 10581/1/6 10611/1/6
f 10610/1/6 10595/1/6 10611/1/6
f 10581/2/6 10582/2/6 10612/2/6
f 10611/1/6 10581/1/6 10612/1/6
f 10582/1/6 10596/1/6 10613/1/6
f 10612/2/6 10582/2/6 10613/2/6
f 10596/1/6 10606/1/6 10613/1/6
f 10592/2/6 10593/2/6 10614/2/6
f 10579/1/6 10592/1/6 10614/1/6
f 10593/1/6 10610/1/6 10615/1/6
f 10614/2/6 10593/2/6 10615/2/6
f 10598/2/6 10600/2/6 10616/2/6
f 10605/1/6 10598/1/6 10616/1/6
f 10607/1/6 10605/1/6 10616/1/6
f 10600/1/6 10608/1/6 10617/1/6
f 10616/2/6 10600/2/6 10617/2/6
f 10613/1/6 10606/1/6 10618/1/6
f 10606/2/6 10607/2/6 10618/2/6
f 10612/1/6 10613/1/6 10618/1/6
f 10607/1/6 10616/1/6 10619/1/6
f 10618/2/6 10607/2/6 10619/2/6
f 10616/1/6 10617/1/6 10619/1/6
f 10579/1/6 10614/1/6 10620/1/6
f 10614/1/6 10615/1/6 10620/1/6
f 10620/1/6 10615/1/6 10621/1/6
f 10621/1/6 10615/1/6 10622/1/6
f 10622/1/6 10615/1/6 10623/1/6
f 10615/1/6 10610/1/6 10624/1/6
f 10623/1/6 10615/1/6 10624/1/6
f 10610/2/6 10611/2/6 10624/2/6
f 10611/1/6 10612/1/6 10625/1/6
f 10624/2/6 10611/2/6 10625/2/6
f 10618/1/6 10619/1/6 10625/1/6
f 10612/1/6 10618/1/6 10625/1/6
f 10619/1/6 10617/1/6 10626/1/6
f 10625/1/6 10619/1/6 10626/1/6
f 10617/1/6 10608/1/6 10626/1/6
f 10608/2/6 10609/2/6 10626/2/6
f 10609/1/6 10603/1/6 10627/1/6
f 10626/2/6 10609/2/6 10627/2/6
f 10627/1/6 10603/1/6 10628/1/6
f 10629/26/6 10630/26/6 10631/26/6
f 10631/26/6 10630/26/6 10632/26/6
f 10629/26/6 10631/26/6 10633/26/6
f 10633/26/6 10631/26/6 10634/26/6
f 10629/26/6 10633/26/6 10635/26/6
f 10632/26/6 10630/26/6 10637/26/6
f 10637/26/6 10630/26/6 10638/26/6
f 10638/26/6 10630/26/6 10639/26/6
f 10640/26/6 10641/26/6 10642/26/6
f 10642/26/6 10641/26/6 10643/26/6
f 10635/26/6 10636/26/6 10646/26/6
f 10629/26/6 10635/26/6 10646/26/6
f 10646/26/6 10636/26/6 10647/26/6
f 10629/26/6 10646/26/6 10648/26/6
f 10629/26/6 10648/26/6 10650/26/6
f 10648/26/6 10649/26/6 10650/26/6
f 10650/26/6 10649/26/6 10651/26/6
f 10644/26/6 10645/26/6 10652/26/6
f 10644/26/6 10652/26/6 10655/26/6
f 10653/26/6 10654/26/6 10655/26/6
f 10652/26/6 10653/26/6 10655/26/6
f 10655/26/6 10654/26/6 10656/26/6
f 10657/26/6 10658/26/6 10659/26/6
f 10659/26/6 10658/26/6 10660/26/6
f 10660/26/6 10658/26/6 10661/26/6
f 10662/26/6 10663/26/6 10664/26/6
f 10664/26/6 10663/26/6 10665/26/6
f 10662/26/6 10664/26/6 10666/26/6
f 10662/26/6 10666/26/6 10668/26/6
f 10666/26/6 10667/26/6 10668/26/6
f 10668/26/6 10667/26/6 10669/26/6
f 10662/26/6 10668/26/6 10670/26/6
f 10657/26/6 10659/26/6 10672/26/6
f 10670/26/6 10671/26/6 10673/26/6
f 10671/26/6 10672/26/6 10673/26/6
f 10662/26/6 10670/26/6 10673/26/6
f 10672/26/6 10659/26/6 10674/26/6
f 10673/26/6 10672/26/6 10674/26/6
f 10675/19/6 10676/19/6 10677/19/6
f 10677/19/6 10676/19/6 10678/19/6
f 10679/19/6 10680/19/6 10681/19/6
f 10681/19/6 10680/19/6 10682/19/6
f 10683/19/6 10684/19/6 10685/19/6
f 10685/19/6 10684/19/6 10686/19/6
f 10687/19/6 10688/19/6 10689/19/6
f 10689/19/6 10688/19/6 10690/19/6
f 10691/27/6 10692/27/6 10693/27/6
f 10693/27/6 10692/27/6 10694/27/6
f 10695/15/6 10696/15/6 10697/15/6
f 10697/15/6 10696/15/6 10698/15/6
f 10699/15/6 10700/15/6 10701/15/6
f 10701/15/6 10700/15/6 10702/15/6
f 10703/15/6 10704/15/6 10705/15/6
f 10705/15/6 10704/15/6 10706/15/6
f 10707/14/6 10708/14/6 10709/14/6
f 10709/14/6 10708/14/6 10710/14/6
f 10711/15/6 10712/15/6 10713/15/6
f 10713/15/6 10712/15/6 10714/15/6
f 10715/14/6 10716/14/6 10717/14/6
f 10717/14/6 10716/14/6 10718/14/6
f 10719/27/6 10720/27/6 10721/27/6
f 10721/27/6 10720/27/6 10722/27/6
f 10723/27/6 10724/27/6 10725/27/6
f 10725/27/6 10724/27/6 10726/27/6
f 10727/14/6 10728/14/6 10729/14/6
f 10729/14/6 10728/14/6 10730/14/6
f 10731/14/6 10732/14/6 10733/14/6
f 10733/14/6 10732/14/6 10734/14/6
f 10735/14/6 10736/14/6 10737/14/6
f 10737/14/6 10736/14/6 10738/14/6
f 10739/14/6 10740/14/6 10741/14/6
f 10741/14/6 10740/14/6 10742/14/6
f 10743/19/6 10744/19/6 10745/19/6
f 10745/19/6 10744/19/6 10746/19/6
f 10749/27/6 10750/27/6 10751/27/6
f 10751/27/6 10750/27/6 10752/27/6
f 10753/27/6 10754/27/6 10755/27/6
f 10755/27/6 10754/27/6 10756/27/6
f 10747/19/6 10748/19/6 10757/19/6
f 10757/19/6 10748/19/6 10758/19/6
f 10759/14/6 10760/14/6 10761/14/6
f 10761/14/6 10760/14/6 10762/14/6
f 10765/14/6 10766/14/6 10767/14/6
f 10767/14/6 10766/14/6 10768/14/6
f 10763/19/6 10764/19/6 10769/19/6
f 10769/19/6 10764/19/6 10770/19/6
f 10771/19/6 10772/19/6 10773/19/6
f 10773/19/6 10772/19/6 10774/19/6
f 10775/13/6 10776/13/6 10777/13/6
f 10777/13/6 10776/13/6 10778/13/6
f 10778/13/6 10776/13/6 10779/13/6
f 10779/13/6 10776/13/6 10780/13/6
f 10779/12/6 10780/12/6 10781/12/6
f 10781/12/6 10780/12/6 10782/12/6
f 10775/13/6 10777/13/6 10783/13/6
f 10775/13/6 10783/13/6 10785/13/6
f 10783/13/6 10784/13/6 10785/13/6
f 10785/13/6 10784/13/6 10786/13/6
f 10787/13/6 10788/13/6 10789/13/6
f 10789/13/6 10788/13/6 10790/13/6
f 10790/13/6 10788/13/6 10791/13/6
f 10791/13/6 10788/13/6 10792/13/6
f 10791/12/6 10792/12/6 10793/12/6
f 10793/12/6 10792/12/6 10794/12/6
f 10787/13/6 10789/13/6 10795/13/6
f 10787/13/6 10795/13/6 10797/13/6
f 10795/13/6 10796/13/6 10797/13/6
f 10797/13/6 10796/13/6 10798/13/6
f 10801/12/6 10802/12/6 10803/12/6
f 10803/12/6 10802/12/6 10804/12/6
f 10799/27/6 10800/27/6 10805/27/6
f 10805/27/6 10800/27/6 10806/27/6
f 10807/12/6 10808/12/6 10809/12/6
f 10809/12/6 10808/12/6 10810/12/6
f 10811/19/6 10812/19/6 10813/19/6
f 10813/19/6 10812/19/6 10814/19/6
f 10817/27/6 10818/27/6 10819/27/6
f 10819/27/6 10818/27/6 10820/27/6
f 10815/19/6 10816/19/6 10821/19/6
f 10821/19/6 10816/19/6 10822/19/6
f 10823/19/6 10824/19/6 10825/19/6
f 10825/19/6 10824/19/6 10826/19/6
f 10827/19/6 10828/19/6 10829/19/6
f 10829/19/6 10828/19/6 10830/19/6
f 10831/27/6 10832/27/6 10833/27/6
f 10833/27/6 10832/27/6 10834/27/6
f 10835/15/6 10836/15/6 10837/15/6
f 10837/15/6 10836/15/6 10838/15/6
f 10839/15/6 10840/15/6 10841/15/6
f 10841/15/6 10840/15/6 10842/15/6
f 10843/14/6 10844/14/6 10845/14/6
f 10845/14/6 10844/14/6 10846/14/6
f 10847/14/6 10848/14/6 10849/14/6
f 10849/14/6 10848/14/6 10850/14/6
f 10851/14/6 10852/14/6 10853/14/6
f 10853/14/6 10852/14/6 10854/14/6
f 10855/14/6 10856/14/6 10857/14/6
f 10857/14/6 10856/14/6 10858/14/6
f 10859/14/6 10860/14/6 10861/14/6
f 10861/14/6 10860/14/6 10862/14/6
f 10863/14/6 10864/14/6 10865/14/6
f 10865/14/6 10864/14/6 10866/14/6
f 10867/18/6 10868/18/6 10869/18/6
f 10869/18/6 10868/18/6 10870/18/6
f 10871/27/6 10872/27/6 10873/27/6
f 10873/27/6 10872/27/6 10874/27/6
f 10875/27/6 10876/27/6 10877/27/6
f 10877/27/6 10876/27/6 10878/27/6
f 10879/12/6 10880/12/6 10881/12/6
f 10881/12/6 10880/12/6 10882/12/6
f 10883/14/6 10884/14/6 10885/14/6
f 10885/14/6 10884/14/6 10886/14/6
f 10887/12/6 10888/12/6 10889/12/6
f 10889/12/6 10888/12/6 10890/12/6
f 10891/14/6 10892/14/6 10893/14/6
f 10893/14/6 10892/14/6 10894/14/6
f 10895/12/6 10896/12/6 10897/12/6
f 10897/12/6 10896/12/6 10898/12/6
f 10899/12/6 10900/12/6 10901/12/6
f 10901/12/6 10900/12/6 10902/12/6
f 10903/27/6 10904/27/6 10905/27/6
f 10905/27/6 10904/27/6 10906/27/6
f 10907/12/6 10908/12/6 10911/12/6
f 10911/12/6 10908/12/6 10912/12/6
f 10909/15/6 10910/15/6 10913/15/6
f 10913/15/6 10910/15/6 10914/15/6
f 10915/12/6 10916/12/6 10919/12/6
f 10919/12/6 10916/12/6 10920/12/6
f 10917/15/6 10918/15/6 10921/15/6
f 10921/15/6 10918/15/6 10922/15/6
f 10923/20/6 10924/20/6 10926/20/6
f 10924/27/6 10925/27/6 10927/27/6
f 10926/20/6 10924/20/6 10927/20/6
f 10926/21/6 10927/21/6 10928/21/6
f 10927/27/6 10925/27/6 10929/27/6
f 10928/21/6 10927/21/6 10929/21/6
f 10928/20/6 10929/20/6 10930/20/6
f 10929/27/6 10925/27/6 10931/27/6
f 10930/20/6 10929/20/6 10931/20/6
f 10931/27/6 10925/27/6 10932/27/6
f 10933/27/6 10934/27/6 10935/27/6
f 10935/27/6 10934/27/6 10936/27/6
f 10937/26/6 10938/26/6 10939/26/6
f 10939/26/6 10938/26/6 10940/26/6
f 10941/27/6 10942/27/6 10943/27/6
f 10943/27/6 10942/27/6 10944/27/6
f 10945/27/6 10946/27/6 10947/27/6
f 10947/27/6 10946/27/6 10948/27/6
f 10949/15/6 10950/15/6 10955/15/6
f 10955/15/6 10950/15/6 10956/15/6
f 10956/15/6 10950/15/6 10957/15/6
f 10950/14/6 10951/14/6 10958/14/6
f 10957/15/6 10950/15/6 10958/15/6
f 10951/15/6 10952/15/6 10959/15/6
f 10958/14/6 10951/14/6 10959/14/6
f 10952/14/6 10953/14/6 10960/14/6
f 10959/15/6 10952/15/6 10960/15/6
f 10953/15/6 10954/15/6 10961/15/6
f 10960/14/6 10953/14/6 10961/14/6
f 10961/15/6 10954/15/6 10962/15/6
f 10962/15/6 10954/15/6 10963/15/6
f 10949/15/6 10955/15/6 10964/15/6
f 10962/14/6 10963/14/6 10965/14/6
f 10965/14/6 10963/14/6 10966/14/6
f 10949/15/6 10964/15/6 10967/15/6
f 10965/15/6 10966/15/6 10968/15/6
f 10968/15/6 10966/15/6 10969/15/6
f 10949/15/6 10967/15/6 10970/15/6
f 10949/15/6 10970/15/6 10971/15/6
f 10971/15/6 10970/15/6 10972/15/6
f 10968/14/6 10969/14/6 10973/14/6
f 10973/14/6 10969/14/6 10974/14/6
f 10971/14/6 10972/14/6 10975/14/6
f 10975/14/6 10972/14/6 10976/14/6
f 10975/15/6 10976/15/6 10977/15/6
f 10973/15/6 10974/15/6 10978/15/6
f 10978/15/6 10974/15/6 10979/15/6
f 10975/15/6 10977/15/6 10980/15/6
f 10980/15/6 10977/15/6 10981/15/6
f 10980/14/6 10981/14/6 10982/14/6
f 10980/14/6 10982/14/6 10983/14/6
f 10983/14/6 10982/14/6 10984/14/6
f 10983/15/6 10984/15/6 10985/15/6
f 10978/14/6 10979/14/6 10986/14/6
f 10986/14/6 10979/14/6 10987/14/6
f 10986/15/6 10987/15/6 10988/15/6
f 10988/15/6 10987/15/6 10989/15/6
f 10983/15/6 10985/15/6 10990/15/6
f 10983/15/6 10990/15/6 10991/15/6
f 10988/14/6 10989/14/6 10992/14/6
f 10992/14/6 10989/14/6 10993/14/6
f 10983/15/6 10991/15/6 10994/15/6
f 10983/15/6 10994/15/6 10995/15/6
f 10992/15/6 10993/15/6 10998/15/6
f 10996/15/6 10997/15/6 10999/15/6
f 10997/15/6 10998/15/6 10999/15/6
f 10983/15/6 10995/15/6 10999/15/6
f 10995/15/6 10996/15/6 10999/15/6
f 10998/15/6 10993/15/6 11000/15/6
f 10999/15/6 10998/15/6 11000/15/6
f 11001/15/6 11002/15/6 11007/15/6
f 11007/15/6 11002/15/6 11008/15/6
f 11008/15/6 11002/15/6 11009/15/6
f 11002/14/6 11003/14/6 11010/14/6
f 11009/15/6 11002/15/6 11010/15/6
f 11003/15/6 11004/15/6 11011/15/6
f 11010/14/6 11003/14/6 11011/14/6
f 11004/14/6 11005/14/6 11012/14/6
f 11011/15/6 11004/15/6 11012/15/6
f 11005/15/6 11006/15/6 11013/15/6
f 11012/14/6 11005/14/6 11013/14/6
f 11013/15/6 11006/15/6 11014/15/6
f 11014/15/6 11006/15/6 11015/15/6
f 11001/15/6 11007/15/6 11016/15/6
f 11014/14/6 11015/14/6 11017/14/6
f 11017/14/6 11015/14/6 11018/14/6
f 11001/15/6 11016/15/6 11019/15/6
f 11017/15/6 11018/15/6 11020/15/6
f 11020/15/6 11018/15/6 11021/15/6
f 11001/15/6 11019/15/6 11022/15/6
f 11001/15/6 11022/15/6 11023/15/6
f 11023/15/6 11022/15/6 11024/15/6
f 11020/14/6 11021/14/6 11025/14/6
f 11025/14/6 11021/14/6 11026/14/6
f 11023/14/6 11024/14/6 11027/14/6
f 11027/14/6 11024/14/6 11028/14/6
f 11027/15/6 11028/15/6 11029/15/6
f 11025/15/6 11026/15/6 11030/15/6
f 11030/15/6 11026/15/6 11031/15/6
f 11027/15/6 11029/15/6 11032/15/6
f 11032/15/6 11029/15/6 11033/15/6
f 11032/14/6 11033/14/6 11034/14/6
f 11032/14/6 11034/14/6 11035/14/6
f 11035/14/6 11034/14/6 11036/14/6
f 11035/15/6 11036/15/6 11037/15/6
f 11030/14/6 11031/14/6 11038/14/6
f 11038/14/6 11031/14/6 11039/14/6
f 11038/15/6 11039/15/6 11040/15/6
f 11040/15/6 11039/15/6 11041/15/6
f 11035/15/6 11037/15/6 11042/15/6
f 11035/15/6 11042/15/6 11043/15/6
f 11040/14/6 11041/14/6 11044/14/6
f 11044/14/6 11041/14/6 11045/14/6
f 11035/15/6 11043/15/6 11046/15/6
f 11035/15/6 11046/15/6 11047/15/6
f 11044/15/6 11045/15/6 11050/15/6
f 11048/15/6 11049/15/6 11051/15/6
f 11049/15/6 11050/15/6 11051/15/6
f 11035/15/6 11047/15/6 11051/15/6
f 11047/15/6 11048/15/6 11051/15/6
f 11050/15/6 11045/15/6 11052/15/6
f 11051/15/6 11050/15/6 11052/15/6
f 11053/27/6 11054/27/6 11055/27/6
f 11055/27/6 11054/27/6 11056/27/6
f 11057/15/6 11058/15/6 11061/15/6
f 11058/14/6 11059/14/6 11062/14/6
f 11061/15/6 11058/15/6 11062/15/6
f 11059/15/6 11060/15/6 11063/15/6
f 11062/14/6 11059/14/6 11063/14/6
f 11063/15/6 11060/15/6 11064/15/6
f 11064/15/6 11060/15/6 11065/15/6
f 11065/15/6 11060/15/6 11066/15/6
f 11066/15/6 11060/15/6 11067/15/6
f 11067/15/6 11060/15/6 11068/15/6
f 11061/14/6 11062/14/6 11069/14/6
f 11062/14/6 11063/14/6 11069/14/6
f 11063/14/6 11064/14/6 11069/14/6
f 11064/15/6 11065/15/6 11070/15/6
f 11069/14/6 11064/14/6 11070/14/6
f 11065/14/6 11066/14/6 11071/14/6
f 11070/15/6 11065/15/6 11071/15/6
f 11066/15/6 11067/15/6 11072/15/6
f 11071/14/6 11066/14/6 11072/14/6
f 11068/15/6 11060/15/6 11073/15/6
f 11073/15/6 11060/15/6 11074/15/6
f 11070/15/6 11071/15/6 11075/15/6
f 11069/15/6 11070/15/6 11075/15/6
f 11071/15/6 11072/15/6 11075/15/6
f 11072/15/6 11067/15/6 11076/15/6
f 11075/15/6 11072/15/6 11076/15/6
f 11067/14/6 11068/14/6 11077/14/6
f 11076/15/6 11067/15/6 11077/15/6
f 11068/15/6 11073/15/6 11078/15/6
f 11077/14/6 11068/14/6 11078/14/6
f 11073/14/6 11074/14/6 11079/14/6
f 11078/15/6 11073/15/6 11079/15/6
f 11074/15/6 11060/15/6 11080/15/6
f 11079/14/6 11074/14/6 11080/14/6
f 11069/15/6 11075/15/6 11081/15/6
f 11081/15/6 11075/15/6 11082/15/6
f 11078/15/6 11079/15/6 11083/15/6
f 11077/15/6 11078/15/6 11083/15/6
f 11076/15/6 11077/15/6 11083/15/6
f 11079/15/6 11080/15/6 11083/15/6
f 11083/15/6 11080/15/6 11084/15/6
f 11075/14/6 11076/14/6 11085/14/6
f 11082/15/6 11075/15/6 11085/15/6
f 11076/15/6 11083/15/6 11086/15/6
f 11085/14/6 11076/14/6 11086/14/6
f 11069/15/6 11081/15/6 11087/15/6
f 11081/14/6 11082/14/6 11088/14/6
f 11087/15/6 11081/15/6 11088/15/6
f 11082/15/6 11085/15/6 11089/15/6
f 11088/14/6 11082/14/6 11089/14/6
f 11085/15/6 11086/15/6 11089/15/6
f 11089/15/6 11086/15/6 11090/15/6
f 11086/15/6 11083/15/6 11091/15/6
f 11090/15/6 11086/15/6 11091/15/6
f 11084/15/6 11080/15/6 11092/15/6
f 11083/14/6 11084/14/6 11092/14/6
f 11080/15/6 11060/15/6 11093/15/6
f 11092/15/6 11080/15/6 11093/15/6
f 11089/15/6 11090/15/6 11096/15/6
f 11087/14/6 11088/14/6 11096/14/6
f 11088/15/6 11089/15/6 11096/15/6
f 11096/15/6 11090/15/6 11097/15/6
f 11083/14/6 11092/14/6 11098/14/6
f 11091/15/6 11083/15/6 11098/15/6
f 11092/14/6 11093/14/6 11098/14/6
f 11098/14/6 11093/14/6 11099/14/6
f 11098/15/6 11099/15/6 11100/15/6
f 11099/14/6 11093/14/6 11100/14/6
f 11093/15/6 11060/15/6 11101/15/6
f 11100/14/6 11093/14/6 11101/14/6
f 11100/15/6 11101/15/6 11102/15/6
f 11101/15/6 11060/15/6 11102/15/6
f 11102/15/6 11060/15/6 11103/15/6
f 11096/14/6 11097/14/6 11104/14/6
f 11087/14/6 11096/14/6 11104/14/6
f 11104/14/6 11097/14/6 11105/14/6
f 11102/14/6 11103/14/6 11106/14/6
f 11100/15/6 11102/15/6 11106/15/6
f 11103/15/6 11060/15/6 11107/15/6
f 11106/14/6 11103/14/6 11107/14/6
f 11104/15/6 11105/15/6 11108/15/6
f 11105/14/6 11097/14/6 11109/14/6
f 11108/15/6 11105/15/6 11109/15/6
f 11100/15/6 11106/15/6 11110/15/6
f 11106/15/6 11107/15/6 11110/15/6
f 11107/15/6 11060/15/6 11111/15/6
f 11110/15/6 11107/15/6 11111/15/6
f 11108/14/6 11109/14/6 11112/14/6
f 11097/15/6 11090/15/6 11113/15/6
f 11112/14/6 11109/14/6 11113/14/6
f 11109/14/6 11097/14/6 11113/14/6
f 11094/15/6 11095/15/6 11114/15/6
f 11114/15/6 11095/15/6 11115/15/6
f 11110/14/6 11111/14/6 11116/14/6
f 11100/15/6 11110/15/6 11116/15/6
f 11111/15/6 11060/15/6 11117/15/6
f 11116/14/6 11111/14/6 11117/14/6
f 11112/15/6 11113/15/6 11118/15/6
f 11118/15/6 11113/15/6 11119/15/6
f 11113/15/6 11090/15/6 11120/15/6
f 11119/15/6 11113/15/6 11120/15/6
f 11098/15/6 11100/15/6 11121/15/6
f 11091/15/6 11098/15/6 11121/15/6
f 11100/15/6 11116/15/6 11121/15/6
f 11116/15/6 11117/15/6 11121/15/6
f 11119/15/6 11120/15/6 11122/15/6
f 11120/15/6 11121/15/6 11122/15/6
f 11122/15/6 11121/15/6 11123/15/6
f 11121/15/6 11117/15/6 11124/15/6
f 11123/15/6 11121/15/6 11124/15/6
f 11117/15/6 11060/15/6 11125/15/6
f 11124/15/6 11117/15/6 11125/15/6
f 11118/14/6 11119/14/6 11126/14/6
f 11119/15/6 11122/15/6 11127/15/6
f 11126/14/6 11119/14/6 11127/14/6
f 11122/14/6 11123/14/6 11128/14/6
f 11127/15/6 11122/15/6 11128/15/6
f 11126/15/6 11127/15/6 11128/15/6
f 11123/15/6 11124/15/6 11129/15/6
f 11128/14/6 11123/14/6 11129/14/6
f 11124/14/6 11125/14/6 11130/14/6
f 11129/15/6 11124/15/6 11130/15/6
f 11125/15/6 11060/15/6 11131/15/6
f 11130/14/6 11125/14/6 11131/14/6
f 11126/15/6 11128/15/6 11132/15/6
f 11128/15/6 11129/15/6 11132/15/6
f 11130/15/6 11131/15/6 11132/15/6
f 11129/15/6 11130/15/6 11132/15/6
f 11132/15/6 11131/15/6 11133/15/6
f 11133/15/6 11131/15/6 11134/15/6
f 11134/15/6 11131/15/6 11135/15/6
f 11132/14/6 11133/14/6 11136/14/6
f 11133/15/6 11134/15/6 11137/15/6
f 11136/14/6 11133/14/6 11137/14/6
f 11136/15/6 11137/15/6 11138/15/6
f 11134/14/6 11135/14/6 11139/14/6
f 11138/15/6 11137/15/6 11139/15/6
f 11137/15/6 11134/15/6 11139/15/6
f 11135/15/6 11131/15/6 11140/15/6
f 11139/14/6 11135/14/6 11140/14/6
f 11131/15/6 11060/15/6 11141/15/6
f 11140/15/6 11131/15/6 11141/15/6
f 11142/27/6 11143/27/6 11144/27/6
f 11144/27/6 11143/27/6 11145/27/6
f 11146/15/6 11147/15/6 11150/15/6
f 11147/14/6 11148/14/6 11151/14/6
f 11150/15/6 11147/15/6 11151/15/6
f 11148/15/6 11149/15/6 11152/15/6
f 11151/14/6 11148/14/6 11152/14/6
f 11152/15/6 11149/15/6 11153/15/6
f 11153/15/6 11149/15/6 11154/15/6
f 11154/15/6 11149/15/6 11155/15/6
f 11155/15/6 11149/15/6 11156/15/6
f 11156/15/6 11149/15/6 11157/15/6
f 11150/14/6 11151/14/6 11158/14/6
f 11151/14/6 11152/14/6 11158/14/6
f 11152/14/6 11153/14/6 11158/14/6
f 11153/15/6 11154/15/6 11159/15/6
f 11158/14/6 11153/14/6 11159/14/6
f 11154/14/6 11155/14/6 11160/14/6
f 11159/15/6 11154/15/6 11160/15/6
f 11155/15/6 11156/15/6 11161/15/6
f 11160/14/6 11155/14/6 11161/14/6
f 11157/15/6 11149/15/6 11162/15/6
f 11162/15/6 11149/15/6 11163/15/6
f 11159/15/6 11160/15/6 11164/15/6
f 11158/15/6 11159/15/6 11164/15/6
f 11160/15/6 11161/15/6 11164/15/6
f 11161/15/6 11156/15/6 11165/15/6
f 11164/15/6 11161/15/6 11165/15/6
f 11156/14/6 11157/14/6 11166/14/6
f 11165/15/6 11156/15/6 11166/15/6
f 11157/15/6 11162/15/6 11167/15/6
f 11166/14/6 11157/14/6 11167/14/6
f 11162/14/6 11163/14/6 11168/14/6
f 11167/15/6 11162/15/6 11168/15/6
f 11163/15/6 11149/15/6 11169/15/6
f 11168/14/6 11163/14/6 11169/14/6
f 11158/15/6 11164/15/6 11170/15/6
f 11170/15/6 11164/15/6 11171/15/6
f 11167/15/6 11168/15/6 11172/15/6
f 11166/15/6 11167/15/6 11172/15/6
f 11165/15/6 11166/15/6 11172/15/6
f 11168/15/6 11169/15/6 11172/15/6
f 11172/15/6 11169/15/6 11173/15/6
f 11164/14/6 11165/14/6 11174/14/6
f 11171/15/6 11164/15/6 11174/15/6
f 11165/15/6 11172/15/6 11175/15/6
f 11174/14/6 11165/14/6 11175/14/6
f 11158/15/6 11170/15/6 11176/15/6
f 11170/14/6 11171/14/6 11177/14/6
f 11176/15/6 11170/15/6 11177/15/6
f 11171/15/6 11174/15/6 11178/15/6
f 11177/14/6 11171/14/6 11178/14/6
f 11174/15/6 11175/15/6 11178/15/6
f 11178/15/6 11175/15/6 11179/15/6
f 11175/15/6 11172/15/6 11180/15/6
f 11179/15/6 11175/15/6 11180/15/6
f 11173/15/6 11169/15/6 11181/15/6
f 11172/14/6 11173/14/6 11181/14/6
f 11169/15/6 11149/15/6 11182/15/6
f 11181/15/6 11169/15/6 11182/15/6
f 11178/15/6 11179/15/6 11183/15/6
f 11176/14/6 11177/14/6 11183/14/6
f 11177/15/6 11178/15/6 11183/15/6
f 11183/15/6 11179/15/6 11184/15/6
f 11172/14/6 11181/14/6 11185/14/6
f 11180/15/6 11172/15/6 11185/15/6
f 11181/14/6 11182/14/6 11185/14/6
f 11185/14/6 11182/14/6 11186/14/6
f 11185/15/6 11186/15/6 11187/15/6
f 11186/14/6 11182/14/6 11187/14/6
f 11182/15/6 11149/15/6 11188/15/6
f 11187/14/6 11182/14/6 11188/14/6
f 11187/15/6 11188/15/6 11189/15/6
f 11188/15/6 11149/15/6 11189/15/6
f 11189/15/6 11149/15/6 11190/15/6
f 11183/14/6 11184/14/6 11191/14/6
f 11176/14/6 11183/14/6 11191/14/6
f 11191/14/6 11184/14/6 11192/14/6
f 11189/14/6 11190/14/6 11193/14/6
f 11187/15/6 11189/15/6 11193/15/6
f 11190/15/6 11149/15/6 11194/15/6
f 11193/14/6 11190/14/6 11194/14/6
f 11191/15/6 11192/15/6 11195/15/6
f 11192/14/6 11184/14/6 11196/14/6
f 11195/15/6 11192/15/6 11196/15/6
f 11187/15/6 11193/15/6 11197/15/6
f 11193/15/6 11194/15/6 11197/15/6
f 11194/15/6 11149/15/6 11198/15/6
f 11197/15/6 11194/15/6 11198/15/6
f 11195/14/6 11196/14/6 11199/14/6
f 11184/15/6 11179/15/6 11200/15/6
f 11199/14/6 11196/14/6 11200/14/6
f 11196/14/6 11184/14/6 11200/14/6
f 11197/14/6 11198/14/6 11201/14/6
f 11187/15/6 11197/15/6 11201/15/6
f 11198/15/6 11149/15/6 11202/15/6
f 11201/14/6 11198/14/6 11202/14/6
f 11199/15/6 11200/15/6 11203/15/6
f 11203/15/6 11200/15/6 11204/15/6
f 11200/15/6 11179/15/6 11205/15/6
f 11204/15/6 11200/15/6 11205/15/6
f 11185/15/6 11187/15/6 11206/15/6
f 11180/15/6 11185/15/6 11206/15/6
f 11187/15/6 11201/15/6 11206/15/6
f 11201/15/6 11202/15/6 11206/15/6
f 11204/15/6 11205/15/6 11207/15/6
f 11205/15/6 11206/15/6 11207/15/6
f 11207/15/6 11206/15/6 11208/15/6
f 11206/15/6 11202/15/6 11209/15/6
f 11208/15/6 11206/15/6 11209/15/6
f 11202/15/6 11149/15/6 11210/15/6
f 11209/15/6 11202/15/6 11210/15/6
f 11203/14/6 11204/14/6 11211/14/6
f 11204/15/6 11207/15/6 11212/15/6
f 11211/14/6 11204/14/6 11212/14/6
f 11207/14/6 11208/14/6 11213/14/6
f 11212/15/6 11207/15/6 11213/15/6
f 11211/15/6 11212/15/6 11213/15/6
f 11208/15/6 11209/15/6 11214/15/6
f 11213/14/6 11208/14/6 11214/14/6
f 11209/14/6 11210/14/6 11215/14/6
f 11214/15/6 11209/15/6 11215/15/6
f 11210/15/6 11149/15/6 11216/15/6
f 11215/14/6 11210/14/6 11216/14/6
f 11214/15/6 11215/15/6 11217/15/6
f 11213/15/6 11214/15/6 11217/15/6
f 11215/15/6 11216/15/6 11217/15/6
f 11211/15/6 11213/15/6 11217/15/6
f 11217/15/6 11216/15/6 11218/15/6
f 11218/15/6 11216/15/6 11219/15/6
f 11219/15/6 11216/15/6 11220/15/6
f 11217/14/6 11218/14/6 11221/14/6
f 11218/15/6 11219/15/6 11222/15/6
f 11221/14/6 11218/14/6 11222/14/6
f 11221/15/6 11222/15/6 11223/15/6
f 11219/14/6 11220/14/6 11224/14/6
f 11223/15/6 11222/15/6 11224/15/6
f 11222/15/6 11219/15/6 11224/15/6
f 11220/15/6 11216/15/6 11225/15/6
f 11224/14/6 11220/14/6 11225/14/6
f 11216/15/6 11149/15/6 11226/15/6
f 11225/15/6 11216/15/6 11226/15/6
f 11227/20/6 11228/20/6 11229/20/6
f 11229/20/6 11228/20/6 11230/20/6
f 11229/27/6 11230/27/6 11231/27/6
f 11231/27/6 11230/27/6 11232/27/6
f 11233/20/6 11234/20/6 11240/20/6
f 11234/27/6 11235/27/6 11241/27/6
f 11240/20/6 11234/20/6 11241/20/6
f 11241/27/6 11235/27/6 11242/27/6
f 11236/14/6 11237/14/6 11243/14/6
f 11243/14/6 11237/14/6 11244/14/6
f 11238/14/6 11239/14/6 11245/14/6
f 11245/14/6 11239/14/6 11246/14/6
f 11247/14/6 11248/14/6 11251/14/6
f 11251/14/6 11248/14/6 11252/14/6
f 11249/14/6 11250/14/6 11253/14/6
f 11253/14/6 11250/14/6 11254/14/6
f 11255/27/6 11256/27/6 11257/27/6
f 11255/27/6 11257/27/6 11258/27/6
f 11258/27/6 11257/27/6 11259/27/6
f 11260/27/6 11261/27/6 11262/27/6
f 11262/27/6 11261/27/6 11263/27/6
f 11264/27/6 11265/27/6 11266/27/6
f 11264/27/6 11266/27/6 11268/27/6
f 11266/27/6 11267/27/6 11268/27/6
f 11268/27/6 11267/27/6 11269/27/6
f 11270/14/6 11271/14/6 11272/14/6
f 11272/14/6 11271/14/6 11273/14/6
f 11274/5/6 11275/5/6 11276/5/6
f 11274/5/6 11276/5/6 11277/5/6
f 11274/5/6 11277/5/6 11278/5/6
f 11278/5/6 11277/5/6 11279/5/6
f 11280/14/6 11281/14/6 11282/14/6
f 11282/14/6 11281/14/6 11283/14/6
f 11284/5/6 11285/5/6 11286/5/6
f 11284/5/6 11286/5/6 11287/5/6
f 11284/5/6 11287/5/6 11288/5/6
f 11284/5/6 11288/5/6 11289/5/6
f 11289/5/6 11288/5/6 11290/5/6
f 11291/17/6 11292/17/6 11293/17/6
f 11293/17/6 11292/17/6 11294/17/6
f 11295/17/6 11296/17/6 11297/17/6
f 11297/17/6 11296/17/6 11298/17/6
f 11299/17/6 11300/17/6 11301/17/6
f 11301/17/6 11300/17/6 11302/17/6
f 11303/17/6 11304/17/6 11305/17/6
f 11305/17/6 11304/17/6 11306/17/6
f 11307/17/6 11308/17/6 11309/17/6
f 11309/17/6 11308/17/6 11310/17/6
f 11311/17/6 11312/17/6 11313/17/6
f 11313/17/6 11312/17/6 11314/17/6
f 11315/17/6 11316/17/6 11317/17/6
f 11317/17/6 11316/17/6 11318/17/6
f 11319/17/6 11320/17/6 11321/17/6
f 11321/17/6 11320/17/6 11322/17/6
f 11323/17/6 11324/17/6 11325/17/6
f 11325/17/6 11324/17/6 11326/17/6
f 11327/17/6 11328/17/6 11329/17/6
f 11329/17/6 11328/17/6 11330/17/6
f 11331/17/6 11332/17/6 11333/17/6
f 11333/17/6 11332/17/6 11334/17/6
f 11335/17/6 11336/17/6 11337/17/6
f 11337/17/6 11336/17/6 11338/17/6
f 11339/17/6 11340/17/6 11341/17/6
f 11341/17/6 11340/17/6 11342/17/6
f 11343/17/6 11344/17/6 11345/17/6
f 11345/17/6 11344/17/6 11346/17/6
f 11347/17/6 11348/17/6 11349/17/6
f 11349/17/6 11348/17/6 11350/17/6
f 11351/17/6 11352/17/6 11353/17/6
f 11353/17/6 11352/17/6 11354/17/6
f 11355/17/6 11356/17/6 11357/17/6
f 11357/17/6 11356/17/6 11358/17/6
f 11359/17/6 11360/17/6 11361/17/6
f 11361/17/6 11360/17/6 11362/17/6
f 11363/17/6 11364/17/6 11365/17/6
f 11365/17/6 11364/17/6 11366/17/6
f 11367/17/6 11368/17/6 11369/17/6
f 11369/17/6 11368/17/6 11370/17/6
f 11371/17/6 11372/17/6 11373/17/6
f 11373/17/6 11372/17/6 11374/17/6
f 11375/17/6 11376/17/6 11377/17/6
f 11377/17/6 11376/17/6 11378/17/6
f 11379/17/6 11380/17/6 11381/17/6
f 11381/17/6 11380/17/6 11382/17/6
f 11383/17/6 11384/17/6 11385/17/6
f 11385/17/6 11384/17/6 11386/17/6
f 11387/17/6 11388/17/6 11389/17/6
f 11389/17/6 11388/17/6 11390/17/6
f 11391/17/6 11392/17/6 11393/17/6
f 11393/17/6 11392/17/6 11394/17/6
f 11395/17/6 11396/17/6 11397/17/6
f 11397/17/6 11396/17/6 11398/17/6
f 11399/17/6 11400/17/6 11401/17/6
f 11401/17/6 11400/17/6 11402/17/6
f 11403/17/6 11404/17/6 11405/17/6
f 11405/17/6 11404/17/6 11406/17/6
f 11407/17/6 11408/17/6 11409/17/6
f 11409/17/6 11408/17/6 11410/17/6
f 11411/17/6 11412/17/6 11413/17/6
f 11413/17/6 11412/17/6 11414/17/6
f 11415/17/6 11416/17/6 11417/17/6
f 11417/17/6 11416/17/6 11418/17/6
f 11419/17/6 11420/17/6 11421/17/6
f 11421/17/6 11420/17/6 11422/17/6
f 11423/17/6 11424/17/6 11425/17/6
f 11425/17/6 11424/17/6 11426/17/6
f 11427/17/6 11428/17/6 11429/17/6
f 11429/17/6 11428/17/6 11430/17/6
f 11431/17/6 11432/17/6 11433/17/6
f 11433/17/6 11432/17/6 11434/17/6
f 11435/17/6 11436/17/6 11437/17/6
f 11437/17/6 11436/17/6 11438/17/6
f 11439/17/6 11440/17/6 11441/17/6
f 11441/17/6 11440/17/6 11442/17/6
f 11443/17/6 11444/17/6 11445/17/6
f 11445/17/6 11444/17/6 11446/17/6
f 11447/17/6 11448/17/6 11449/17/6
f 11449/17/6 11448/17/6 11450/17/6
f 11451/17/6 11452/17/6 11453/17/6
f 11453/17/6 11452/17/6 11454/17/6
f 11455/17/6 11456/17/6 11457/17/6
f 11457/17/6 11456/17/6 11458/17/6
f 11459/17/6 11460/17/6 11461/17/6
f 11461/17/6 11460/17/6 11462/17/6
f 11463/17/6 11464/17/6 11465/17/6
f 11465/17/6 11464/17/6 11466/17/6
f 11466/17/6 11464/17/6 11468/17/6
f 11467/17/6 11468/17/6 11469/17/6
f 11468/17/6 11464/17/6 11470/17/6
f 11469/17/6 11468/17/6 11470/17/6
f 11471/17/6 11472/17/6 11473/17/6
f 11473/17/6 11472/17/6 11474/17/6
f 11475/17/6 11476/17/6 11477/17/6
f 11477/17/6 11476/17/6 11478/17/6
f 11479/17/6 11480/17/6 11481/17/6
f 11481/17/6 11480/17/6 11482/17/6
f 11482/17/6 11480/17/6 11484/17/6
f 11483/17/6 11484/17/6 11485/17/6
f 11484/17/6 11480/17/6 11486/17/6
f 11485/17/6 11484/17/6 11486/17/6
f 11487/17/6 11488/17/6 11489/17/6
f 11489/17/6 11488/17/6 11490/17/6
f 11491/17/6 11492/17/6 11493/17/6
f 11493/17/6 11492/17/6 11494/17/6
f 11494/17/6 11492/17/6 11496/17/6
f 11495/17/6 11496/17/6 11497/17/6
f 11496/17/6 11492/17/6 11498/17/6
f 11497/17/6 11496/17/6 11498/17/6
f 11499/17/6 11500/17/6 11501/17/6
f 11501/17/6 11500/17/6 11502/17/6
f 11503/17/6 11504/17/6 11505/17/6
f 11505/17/6 11504/17/6 11506/17/6
f 11507/17/6 11508/17/6 11509/17/6
f 11509/17/6 11508/17/6 11510/17/6
f 11511/17/6 11512/17/6 11513/17/6
f 11513/17/6 11512/17/6 11514/17/6
f 11515/16/6 11516/16/6 11517/16/6
f 11517/16/6 11516/16/6 11518/16/6
f 11519/16/6 11520/16/6 11521/16/6
f 11521/16/6 11520/16/6 11522/16/6
f 11523/16/6 11524/16/6 11525/16/6
f 11525/16/6 11524/16/6 11526/16/6
f 11527/16/6 11528/16/6 11529/16/6
f 11529/16/6 11528/16/6 11530/16/6
f 11531/16/6 11532/16/6 11533/16/6
f 11533/16/6 11532/16/6 11534/16/6
f 11535/16/6 11536/16/6 11537/16/6
f 11537/16/6 11536/16/6 11538/16/6
f 11539/16/6 11540/16/6 11541/16/6
f 11541/16/6 11540/16/6 11542/16/6
f 11543/16/6 11544/16/6 11545/16/6
f 11545/16/6 11544/16/6 11546/16/6
f 11547/16/6 11548/16/6 11549/16/6
f 11549/16/6 11548/16/6 11550/16/6
f 11551/16/6 11552/16/6 11553/16/6
f 11553/16/6 11552/16/6 11554/16/6
f 11555/16/6 11556/16/6 11557/16/6
f 11557/16/6 11556/16/6 11558/16/6
f 11559/16/6 11560/16/6 11561/16/6
f 11561/16/6 11560/16/6 11562/16/6
f 11563/16/6 11564/16/6 11565/16/6
f 11565/16/6 11564/16/6 11566/16/6
f 11567/16/6 11568/16/6 11569/16/6
f 11569/16/6 11568/16/6 11570/16/6
f 11571/16/6 11572/16/6 11573/16/6
f 11573/16/6 11572/16/6 11574/16/6
f 11575/16/6 11576/16/6 11577/16/6
f 11577/16/6 11576/16/6 11578/16/6
f 11579/16/6 11580/16/6 11581/16/6
f 11581/16/6 11580/16/6 11582/16/6
f 11583/16/6 11584/16/6 11585/16/6
f 11585/16/6 11584/16/6 11586/16/6
f 11587/16/6 11588/16/6 11589/16/6
f 11589/16/6 11588/16/6 11590/16/6
f 11591/16/6 11592/16/6 11593/16/6
f 11593/16/6 11592/16/6 11594/16/6
f 11595/16/6 11596/16/6 11597/16/6
f 11597/16/6 11596/16/6 11598/16/6
f 11599/16/6 11600/16/6 11601/16/6
f 11601/16/6 11600/16/6 11602/16/6
f 11603/16/6 11604/16/6 11605/16/6
f 11605/16/6 11604/16/6 11606/16/6
f 11607/16/6 11608/16/6 11609/16/6
f 11609/16/6 11608/16/6 11610/16/6
f 11611/16/6 11612/16/6 11613/16/6
f 11613/16/6 11612/16/6 11614/16/6
f 11615/16/6 11616/16/6 11617/16/6
f 11617/16/6 11616/16/6 11618/16/6
f 11619/16/6 11620/16/6 11621/16/6
f 11621/16/6 11620/16/6 11622/16/6
f 11623/16/6 11624/16/6 11625/16/6
f 11625/16/6 11624/16/6 11626/16/6
f 11627/16/6 11628/16/6 11629/16/6
f 11629/16/6 11628/16/6 11630/16/6
f 11631/16/6 11632/16/6 11633/16/6
f 11633/16/6 11632/16/6 11634/16/6
f 11635/16/6 11636/16/6 11637/16/6
f 11637/16/6 11636/16/6 11638/16/6
f 11639/16/6 11640/16/6 11641/16/6
f 11641/16/6 11640/16/6 11642/16/6
f 11643/16/6 11644/16/6 11645/16/6
f 11645/16/6 11644/16/6 11646/16/6
f 11647/16/6 11648/16/6 11649/16/6
f 11649/16/6 11648/16/6 11650/16/6
f 11651/16/6 11652/16/6 11653/16/6
f 11653/16/6 11652/16/6 11654/16/6
f 11655/16/6 11656/16/6 11657/16/6
f 11657/16/6 11656/16/6 11658/16/6
f 11659/16/6 11660/16/6 11661/16/6
f 11661/16/6 11660/16/6 11662/16/6
f 11663/16/6 11664/16/6 11665/16/6
f 11665/16/6 11664/16/6 11666/16/6
f 11667/16/6 11668/16/6 11669/16/6
f 11669/16/6 11668/16/6 11670/16/6
f 11671/16/6 11672/16/6 11673/16/6
f 11673/16/6 11672/16/6 11674/16/6
f 11675/16/6 11676/16/6 11677/16/6
f 11677/16/6 11676/16/6 11678/16/6
f 11679/16/6 11680/16/6 11681/16/6
f 11681/16/6 11680/16/6 11682/16/6
f 11683/16/6 11684/16/6 11685/16/6
f 11685/16/6 11684/16/6 11686/16/6
f 11687/16/6 11688/16/6 11689/16/6
f 11689/16/6 11688/16/6 11690/16/6
f 11691/16/6 11692/16/6 11693/16/6
f 11693/16/6 11692/16/6 11694/16/6
f 11695/16/6 11696/16/6 11697/16/6
f 11697/16/6 11696/16/6 11698/16/6
f 11699/16/6 11700/16/6 11701/16/6
f 11701/16/6 11700/16/6 11702/16/6
f 11703/16/6 11704/16/6 11705/16/6
f 11705/16/6 11704/16/6 11706/16/6
f 11707/16/6 11708/16/6 11709/16/6
f 11709/16/6 11708/16/6 11710/16/6
f 11711/16/6 11712/16/6 11713/16/6
f 11713/16/6 11712/16/6 11714/16/6
f 11715/16/6 11716/16/6 11717/16/6
f 11717/16/6 11716/16/6 11718/16/6
f 11719/16/6 11720/16/6 11721/16/6
f 11721/16/6 11720/16/6 11722/16/6
f 11723/16/6 11724/16/6 11725/16/6
f 11725/16/6 11724/16/6 11726/16/6
f 11727/16/6 11728/16/6 11729/16/6
f 11729/16/6 11728/16/6 11730/16/6
f 11731/16/6 11732/16/6 11733/16/6
f 11733/16/6 11732/16/6 11734/16/6
f 11735/18/6 11736/18/6 11737/18/6
f 11737/18/6 11736/18/6 11738/18/6
f 11738/18/6 11736/18/6 11739/18/6
f 11739/18/6 11736/18/6 11740/18/6
f 11738/18/6 11739/18/6 11741/18/6
f 11741/18/6 11739/18/6 11742/18/6
f 11738/18/6 11741/18/6 11743/18/6
f 11743/18/6 11741/18/6 11744/18/6
f 11745/18/6 11746/18/6 11747/18/6
f 11747/18/6 11746/18/6 11748/18/6
f 11740/18/6 11736/18/6 11749/18/6
f 11749/18/6 11736/18/6 11750/18/6
f 11740/18/6 11749/18/6 11751/18/6
f 11745/18/6 11747/18/6 11753/18/6
f 11751/18/6 11752/18/6 11754/18/6
f 11740/18/6 11751/18/6 11754/18/6
f 11754/18/6 11752/18/6 11755/18/6
f 11745/18/6 11753/18/6 11756/18/6
f 11740/18/6 11754/18/6 11757/18/6
f 11745/18/6 11756/18/6 11759/18/6
f 11745/18/6 11759/18/6 11760/18/6
f 11745/18/6 11760/18/6 11761/18/6
f 11761/18/6 11762/18/6 11763/18/6
f 11757/18/6 11758/18/6 11766/18/6
f 11740/18/6 11757/18/6 11766/18/6
f 11735/18/6 11737/18/6 11767/18/6
f 11767/18/6 11737/18/6 11768/18/6
f 11765/18/6 11766/18/6 11769/18/6
f 11764/18/6 11765/18/6 11769/18/6
f 11763/18/6 11764/18/6 11769/18/6
f 11745/18/6 11761/18/6 11769/18/6
f 11761/18/6 11763/18/6 11769/18/6
f 11766/18/6 11758/18/6 11770/18/6
f 11769/18/6 11766/18/6 11770/18/6
f 11771/18/6 11772/18/6 11773/18/6
f 11773/18/6 11772/18/6 11774/18/6
f 11735/18/6 11767/18/6 11777/18/6
f 11775/18/6 11776/18/6 11778/18/6
f 11777/18/6 11778/18/6 11779/18/6
f 11779/18/6 11778/18/6 11780/18/6
f 11778/18/6 11776/18/6 11781/18/6
f 11780/18/6 11778/18/6 11781/18/6
f 11781/18/6 11776/18/6 11782/18/6
f 11774/18/6 11772/18/6 11783/18/6
f 11783/18/6 11772/18/6 11784/18/6
f 11770/18/6 11758/18/6 11785/18/6
f 11785/18/6 11758/18/6 11786/18/6
f 11780/18/6 11781/18/6 11787/18/6
f 11787/18/6 11781/18/6 11788/18/6
f 11780/18/6 11787/18/6 11789/18/6
f 11789/18/6 11787/18/6 11790/18/6
f 11791/18/6 11792/18/6 11793/18/6
f 11735/18/6 11777/18/6 11795/18/6
f 11777/18/6 11779/18/6 11795/18/6
f 11795/18/6 11779/18/6 11796/18/6
f 11793/18/6 11794/18/6 11797/18/6
f 11791/18/6 11793/18/6 11797/18/6
f 11797/18/6 11794/18/6 11798/18/6
f 11735/18/6 11795/18/6 11799/18/6
f 11799/18/6 11800/18/6 11801/18/6
f 11786/18/6 11758/18/6 11802/18/6
f 11799/18/6 11801/18/6 11803/18/6
f 11801/18/6 11802/18/6 11803/18/6
f 11735/18/6 11799/18/6 11803/18/6
f 11802/18/6 11758/18/6 11804/18/6
f 11803/18/6 11802/18/6 11804/18/6
f 11805/27/6 11806/27/6 11809/27/6
f 11807/27/6 11808/27/6 11810/27/6
f 11805/27/6 11809/27/6 11811/27/6
f 11809/27/6 11810/27/6 11811/27/6
f 11810/27/6 11808/27/6 11812/27/6
f 11811/27/6 11810/27/6 11812/27/6
f 11812/27/6 11808/27/6 11813/27/6
f 11813/27/6 11808/27/6 11814/27/6
f 11815/27/6 11816/27/6 11817/27/6
f 11817/27/6 11816/27/6 11818/27/6
f 11815/27/6 11817/27/6 11819/27/6
f 11817/30/6 11818/30/6 11819/30/6
f 11818/27/6 11816/27/6 11820/27/6
f 11819/30/6 11818/30/6 11820/30/6
f 11815/27/6 11819/27/6 11821/27/6
f 11819/27/6 11820/27/6 11821/27/6
f 11821/27/6 11820/27/6 11822/27/6
f 11821/30/6 11822/30/6 11825/30/6
f 11822/27/6 11820/27/6 11826/27/6
f 11820/27/6 11816/27/6 11827/27/6
f 11826/27/6 11820/27/6 11827/27/6
f 11823/27/6 11824/27/6 11828/27/6
f 11824/30/6 11825/30/6 11828/30/6
f 11822/27/6 11826/27/6 11829/27/6
f 11828/30/6 11825/30/6 11829/30/6
f 11825/30/6 11822/30/6 11829/30/6
f 11823/27/6 11828/27/6 11830/27/6
f 11828/27/6 11829/27/6 11830/27/6
f 11829/27/6 11826/27/6 11831/27/6
f 11830/27/6 11829/27/6 11831/27/6
f 11826/30/6 11827/30/6 11831/30/6
f 11827/27/6 11816/27/6 11832/27/6
f 11831/30/6 11827/30/6 11832/30/6
f 11832/27/6 11816/27/6 11833/27/6
f 11805/27/6 11811/27/6 11834/27/6
f 11834/27/6 11811/27/6 11835/27/6
f 11836/27/6 11837/27/6 11838/27/6
f 11838/27/6 11837/27/6 11839/27/6
f 11840/27/6 11841/27/6 11842/27/6
f 11842/27/6 11841/27/6 11843/27/6
f 11843/27/6 11841/27/6 11846/27/6
f 11846/27/6 11841/27/6 11847/27/6
f 11839/27/6 11837/27/6 11848/27/6
f 11848/27/6 11837/27/6 11849/27/6
f 11844/27/6 11845/27/6 11850/27/6
f 11844/27/6 11850/27/6 11852/27/6
f 11850/27/6 11851/27/6 11852/27/6
f 11852/27/6 11851/27/6 11853/27/6
f 11844/27/6 11852/27/6 11855/27/6
f 11855/27/6 11852/27/6 11856/27/6
f 11855/27/6 11856/27/6 11858/27/6
f 11856/27/6 11857/27/6 11858/27/6
f 11854/27/6 11855/27/6 11858/27/6
f 11858/27/6 11857/27/6 11859/27/6
f 11860/27/6 11861/27/6 11862/27/6
f 11862/27/6 11861/27/6 11863/27/6
f 11860/27/6 11862/27/6 11864/27/6
f 11862/30/6 11863/30/6 11864/30/6
f 11863/27/6 11861/27/6 11865/27/6
f 11864/30/6 11863/30/6 11865/30/6
f 11864/27/6 11865/27/6 11866/27/6
f 11865/27/6 11861/27/6 11866/27/6
f 11866/27/6 11861/27/6 11867/27/6
f 11864/27/6 11866/27/6 11868/27/6
f 11866/30/6 11867/30/6 11868/30/6
f 11867/27/6 11861/27/6 11869/27/6
f 11868/30/6 11867/30/6 11869/30/6
f 11860/27/6 11864/27/6 11871/27/6
f 11864/27/6 11868/27/6 11871/27/6
f 11868/27/6 11869/27/6 11871/27/6
f 11870/27/6 11871/27/6 11872/27/6
f 11872/27/6 11871/27/6 11873/27/6
f 11873/27/6 11871/27/6 11874/27/6
f 11874/27/6 11871/27/6 11875/27/6
f 11873/27/6 11874/27/6 11876/27/6
f 11874/30/6 11875/30/6 11877/30/6
f 11876/27/6 11874/27/6 11877/27/6
f 11871/27/6 11869/27/6 11878/27/6
f 11875/27/6 11871/27/6 11878/27/6
f 11869/27/6 11861/27/6 11879/27/6
f 11878/27/6 11869/27/6 11879/27/6
f 11876/30/6 11877/30/6 11880/30/6
f 11873/27/6 11876/27/6 11880/27/6
f 11877/30/6 11875/30/6 11881/30/6
f 11880/30/6 11877/30/6 11881/30/6
f 11875/27/6 11878/27/6 11882/27/6
f 11881/30/6 11875/30/6 11882/30/6
f 11882/27/6 11878/27/6 11883/27/6
f 11872/30/6 11873/30/6 11884/30/6
f 11880/27/6 11881/27/6 11885/27/6
f 11884/30/6 11873/30/6 11885/30/6
f 11873/27/6 11880/27/6 11885/27/6
f 11882/30/6 11883/30/6 11886/30/6
f 11885/27/6 11881/27/6 11886/27/6
f 11884/27/6 11885/27/6 11886/27/6
f 11881/30/6 11882/30/6 11886/30/6
f 11886/30/6 11883/30/6 11887/30/6
f 11884/27/6 11886/27/6 11888/27/6
f 11886/27/6 11887/27/6 11888/27/6
f 11887/30/6 11883/30/6 11889/30/6
f 11888/27/6 11887/27/6 11889/27/6
f 11884/27/6 11888/27/6 11890/27/6
f 11888/30/6 11889/30/6 11891/30/6
f 11890/27/6 11888/27/6 11891/27/6
f 11889/30/6 11883/30/6 11892/30/6
f 11891/30/6 11889/30/6 11892/30/6
f 11883/27/6 11878/27/6 11893/27/6
f 11892/30/6 11883/30/6 11893/30/6
f 11892/27/6 11893/27/6 11894/27/6
f 11893/27/6 11878/27/6 11894/27/6
f 11878/30/6 11879/30/6 11895/30/6
f 11894/27/6 11878/27/6 11895/27/6
f 11879/27/6 11861/27/6 11896/27/6
f 11895/30/6 11879/30/6 11896/30/6
f 11884/27/6 11890/27/6 11897/27/6
f 11897/27/6 11890/27/6 11898/27/6
f 11891/30/6 11892/30/6 11899/30/6
f 11890/30/6 11891/30/6 11899/30/6
f 11892/27/6 11894/27/6 11900/27/6
f 11899/30/6 11892/30/6 11900/30/6
f 11894/30/6 11895/30/6 11901/30/6
f 11900/27/6 11894/27/6 11901/27/6
f 11899/27/6 11900/27/6 11901/27/6
f 11895/27/6 11896/27/6 11902/27/6
f 11901/30/6 11895/30/6 11902/30/6
f 11890/30/6 11899/30/6 11903/30/6
f 11898/27/6 11890/27/6 11903/27/6
f 11901/27/6 11902/27/6 11904/27/6
f 11903/30/6 11899/30/6 11904/30/6
f 11899/27/6 11901/27/6 11904/27/6
f 11897/30/6 11898/30/6 11905/30/6
f 11898/27/6 11903/27/6 11906/27/6
f 11905/30/6 11898/30/6 11906/30/6
f 11903/27/6 11904/27/6 11906/27/6
f 11904/27/6 11902/27/6 11907/27/6
f 11906/27/6 11904/27/6 11907/27/6
f 11905/27/6 11906/27/6 11907/27/6
f 11902/27/6 11896/27/6 11908/27/6
f 11907/27/6 11902/27/6 11908/27/6
f 11896/27/6 11861/27/6 11908/27/6
f 11905/27/6 11907/27/6 11909/27/6
f 11909/27/6 11907/27/6 11910/27/6
f 11905/27/6 11909/27/6 11911/27/6
f 11909/30/6 11910/30/6 11911/30/6
f 11910/27/6 11907/27/6 11912/27/6
f 11911/30/6 11910/30/6 11912/30/6
f 11905/27/6 11911/27/6 11913/27/6
f 11911/27/6 11912/27/6 11913/27/6
f 11913/27/6 11912/27/6 11914/27/6
f 11905/27/6 11913/27/6 11915/27/6
f 11913/30/6 11914/30/6 11915/30/6
f 11914/27/6 11912/27/6 11916/27/6
f 11915/30/6 11914/30/6 11916/30/6
f 11916/27/6 11912/27/6 11917/27/6
f 11912/27/6 11907/27/6 11918/27/6
f 11917/27/6 11912/27/6 11918/27/6
f 11916/27/6 11917/27/6 11919/27/6
f 11905/27/6 11915/27/6 11919/27/6
f 11915/27/6 11916/27/6 11919/27/6
f 11917/30/6 11918/30/6 11920/30/6
f 11919/27/6 11917/27/6 11920/27/6
f 11920/30/6 11918/30/6 11921/30/6
f 11922/26/6 11923/26/6 11924/26/6
f 11924/26/6 11923/26/6 11925/26/6
f 11924/27/6 11925/27/6 11926/27/6
f 11926/27/6 11925/27/6 11927/27/6
f 11927/27/6 11925/27/6 11928/27/6
f 11925/26/6 11923/26/6 11929/26/6
f 11928/27/6 11925/27/6 11929/27/6
f 11929/26/6 11923/26/6 11931/26/6
f 11930/27/6 11931/27/6 11932/27/6
f 11931/26/6 11923/26/6 11933/26/6
f 11932/27/6 11931/27/6 11933/27/6
f 11933/26/6 11923/26/6 11935/26/6
f 11934/27/6 11935/27/6 11936/27/6
f 11936/27/6 11935/27/6 11937/27/6
f 11936/30/6 11937/30/6 11938/30/6
f 11937/27/6 11935/27/6 11939/27/6
f 11938/30/6 11937/30/6 11939/30/6
f 11924/27/6 11926/27/6 11940/27/6
f 11938/27/6 11939/27/6 11941/27/6
f 11922/26/6 11924/26/6 11942/26/6
f 11940/27/6 11941/27/6 11942/27/6
f 11924/27/6 11940/27/6 11942/27/6
f 11941/27/6 11939/27/6 11943/27/6
f 11942/27/6 11941/27/6 11943/27/6
f 11939/27/6 11935/27/6 11943/27/6
f 11935/26/6 11923/26/6 11943/26/6
f 11922/26/6 11942/26/6 11944/26/6
f 11942/26/6 11943/26/6 11944/26/6
f 11943/26/6 11923/26/6 11945/26/6
f 11944/26/6 11943/26/6 11945/26/6
f 11946/27/6 11947/27/6 11948/27/6
f 11948/27/6 11947/27/6 11949/27/6
f 11950/27/6 11951/27/6 11952/27/6
f 11952/27/6 11951/27/6 11953/27/6
f 11954/27/6 11955/27/6 11957/27/6
f 11957/27/6 11955/27/6 11958/27/6
f 11958/27/6 11955/27/6 11959/27/6
f 11958/30/6 11959/30/6 11960/30/6
f 11959/27/6 11955/27/6 11960/27/6
f 11960/27/6 11955/27/6 11961/27/6
f 11956/27/6 11957/27/6 11962/27/6
f 11957/27/6 11958/27/6 11962/27/6
f 11960/30/6 11961/30/6 11963/30/6
f 11962/27/6 11958/27/6 11963/27/6
f 11958/30/6 11960/30/6 11963/30/6
f 11956/27/6 11962/27/6 11964/27/6
f 11962/30/6 11963/30/6 11965/30/6
f 11964/27/6 11962/27/6 11965/27/6
f 11963/30/6 11961/30/6 11966/30/6
f 11965/30/6 11963/30/6 11966/30/6
f 11966/30/6 11961/30/6 11967/30/6
f 11965/27/6 11966/27/6 11967/27/6
f 11967/30/6 11961/30/6 11968/30/6
f 11965/27/6 11967/27/6 11975/27/6
f 11967/27/6 11968/27/6 11975/27/6
f 11975/27/6 11968/27/6 11976/27/6
f 11970/27/6 11971/27/6 11977/27/6
f 11971/30/6 11972/30/6 11977/30/6
f 11972/27/6 11973/27/6 11978/27/6
f 11977/30/6 11972/30/6 11978/30/6
f 11973/30/6 11974/30/6 11979/30/6
f 11979/30/6 11974/30/6 11980/30/6
f 11979/27/6 11980/27/6 11981/27/6
f 11965/27/6 11975/27/6 11982/27/6
f 11978/27/6 11973/27/6 11983/27/6
f 11977/27/6 11978/27/6 11983/27/6
f 11973/30/6 11979/30/6 11983/30/6
f 11981/27/6 11982/27/6 11984/27/6
f 11983/30/6 11979/30/6 11984/30/6
f 11979/27/6 11981/27/6 11984/27/6
f 11983/27/6 11984/27/6 11985/27/6
f 11984/27/6 11982/27/6 11985/27/6
f 11982/27/6 11975/27/6 11986/27/6
f 11985/27/6 11982/27/6 11986/27/6
f 11969/30/6 11970/30/6 11987/30/6
f 11977/27/6 11983/27/6 11988/27/6
f 11987/30/6 11970/30/6 11988/30/6
f 11970/27/6 11977/27/6 11988/27/6
f 11983/27/6 11985/27/6 11988/27/6
f 11987/27/6 11988/27/6 11989/27/6
f 11988/27/6 11985/27/6 11989/27/6
f 11989/27/6 11985/27/6 11990/27/6
f 11986/27/6 11975/27/6 11991/27/6
f 11975/30/6 11976/30/6 11991/30/6
f 11976/27/6 11968/27/6 11992/27/6
f 11991/30/6 11976/30/6 11992/30/6
f 11987/27/6 11989/27/6 11993/27/6
f 11989/30/6 11990/30/6 11994/30/6
f 11993/27/6 11989/27/6 11994/27/6
f 11985/30/6 11986/30/6 11995/30/6
f 11986/27/6 11991/27/6 11995/27/6
f 11991/27/6 11992/27/6 11995/27/6
f 11992/27/6 11968/27/6 11996/27/6
f 11995/27/6 11992/27/6 11996/27/6
f 11994/30/6 11990/30/6 11997/30/6
f 11993/30/6 11994/30/6 11997/30/6
f 11990/27/6 11985/27/6 11998/27/6
f 11997/30/6 11990/30/6 11998/30/6
f 11995/30/6 11996/30/6 11999/30/6
f 11998/27/6 11985/27/6 11999/27/6
f 11985/30/6 11995/30/6 11999/30/6
f 11999/30/6 11996/30/6 12000/30/6
f 11997/27/6 11998/27/6 12001/27/6
f 12000/30/6 11996/30/6 12001/30/6
f 11999/27/6 12000/27/6 12001/27/6
f 11998/27/6 11999/27/6 12001/27/6
f 11996/27/6 11968/27/6 12002/27/6
f 12001/30/6 11996/30/6 12002/30/6
f 11993/30/6 11997/30/6 12003/30/6
f 11997/27/6 12001/27/6 12004/27/6
f 12003/30/6 11997/30/6 12004/30/6
f 12001/27/6 12002/27/6 12004/27/6
f 12002/27/6 11968/27/6 12005/27/6
f 12004/27/6 12002/27/6 12005/27/6
f 12006/27/6 12007/27/6 12008/27/6
f 12008/27/6 12007/27/6 12009/27/6
f 12006/27/6 12008/27/6 12010/27/6
f 12008/30/6 12009/30/6 12011/30/6
f 12010/27/6 12008/27/6 12011/27/6
f 12011/30/6 12009/30/6 12012/30/6
f 12013/27/6 12014/27/6 12018/27/6
f 12015/27/6 12016/27/6 12019/27/6
f 12017/27/6 12018/27/6 12020/27/6
f 12018/27/6 12014/27/6 12021/27/6
f 12019/27/6 12020/27/6 12021/27/6
f 12020/27/6 12018/27/6 12021/27/6
f 12021/27/6 12014/27/6 12022/27/6
f 12015/27/6 12019/27/6 12023/27/6
f 12019/27/6 12021/27/6 12023/27/6
f 12023/27/6 12021/27/6 12024/27/6
f 12015/27/6 12023/27/6 12025/27/6
f 12023/30/6 12024/30/6 12025/30/6
f 12024/27/6 12021/27/6 12026/27/6
f 12025/30/6 12024/30/6 12026/30/6
f 12026/27/6 12021/27/6 12027/27/6
f 12025/27/6 12026/27/6 12029/27/6
f 12026/30/6 12027/30/6 12030/30/6
f 12029/27/6 12026/27/6 12030/27/6
f 12015/27/6 12025/27/6 12031/27/6
f 12025/27/6 12029/27/6 12031/27/6
f 12031/27/6 12029/27/6 12032/27/6
f 12032/27/6 12029/27/6 12033/27/6
f 12033/27/6 12029/27/6 12034/27/6
f 12031/30/6 12032/30/6 12035/30/6
f 12032/27/6 12033/27/6 12036/27/6
f 12035/30/6 12032/30/6 12036/30/6
f 12033/30/6 12034/30/6 12037/30/6
f 12036/27/6 12033/27/6 12037/27/6
f 12034/27/6 12029/27/6 12038/27/6
f 12037/30/6 12034/30/6 12038/30/6
f 12029/30/6 12030/30/6 12039/30/6
f 12038/27/6 12029/27/6 12039/27/6
f 12030/30/6 12027/30/6 12040/30/6
f 12039/30/6 12030/30/6 12040/30/6
f 12027/27/6 12028/27/6 12040/27/6
f 12040/27/6 12028/27/6 12041/27/6
f 12041/27/6 12028/27/6 12042/27/6
f 12043/27/6 12044/27/6 12045/27/6
f 12045/27/6 12044/27/6 12046/27/6
f 12047/27/6 12048/27/6 12049/27/6
f 12049/27/6 12048/27/6 12050/27/6
f 12053/27/6 12054/27/6 12057/27/6
f 12057/27/6 12054/27/6 12058/27/6
f 12058/27/6 12054/27/6 12059/27/6
f 12059/27/6 12054/27/6 12060/27/6
f 12055/27/6 12056/27/6 12061/27/6
f 12061/27/6 12056/27/6 12062/27/6
f 12051/27/6 12052/27/6 12063/27/6
f 12052/30/6 12053/30/6 12063/30/6
f 12053/27/6 12057/27/6 12064/27/6
f 12063/30/6 12053/30/6 12064/30/6
f 12060/27/6 12054/27/6 12065/27/6
f 12059/30/6 12060/30/6 12065/30/6
f 12065/27/6 12054/27/6 12066/27/6
f 12051/27/6 12063/27/6 12067/27/6
f 12063/27/6 12064/27/6 12067/27/6
f 12067/27/6 12064/27/6 12068/27/6
f 12058/27/6 12059/27/6 12069/27/6
f 12065/30/6 12066/30/6 12070/30/6
f 12069/27/6 12059/27/6 12070/27/6
f 12059/30/6 12065/30/6 12070/30/6
f 12070/30/6 12066/30/6 12071/30/6
f 12071/30/6 12066/30/6 12072/30/6
f 12066/27/6 12054/27/6 12073/27/6
f 12055/27/6 12061/27/6 12074/27/6
f 12064/27/6 12057/27/6 12075/27/6
f 12057/30/6 12058/30/6 12075/30/6
f 12068/27/6 12064/27/6 12075/27/6
f 12058/27/6 12069/27/6 12076/27/6
f 12075/30/6 12058/30/6 12076/30/6
f 12061/30/6 12062/30/6 12077/30/6
f 12073/27/6 12074/27/6 12077/27/6
f 12074/27/6 12061/27/6 12077/27/6
f 12077/30/6 12062/30/6 12078/30/6
f 12075/27/6 12076/27/6 12079/27/6
f 12068/27/6 12075/27/6 12079/27/6
f 12076/27/6 12069/27/6 12080/27/6
f 12079/27/6 12076/27/6 12080/27/6
f 12072/30/6 12066/30/6 12081/30/6
f 12077/27/6 12078/27/6 12082/27/6
f 12081/30/6 12066/30/6 12082/30/6
f 12066/27/6 12073/27/6 12082/27/6
f 12073/27/6 12077/27/6 12082/27/6
f 12082/27/6 12078/27/6 12083/27/6
f 12083/27/6 12078/27/6 12084/27/6
f 12083/30/6 12084/30/6 12085/30/6
f 12084/27/6 12078/27/6 12086/27/6
f 12085/30/6 12084/30/6 12086/30/6
f 12079/30/6 12080/30/6 12088/30/6
f 12088/30/6 12080/30/6 12089/30/6
f 12081/27/6 12082/27/6 12090/27/6
f 12082/27/6 12083/27/6 12090/27/6
f 12090/27/6 12083/27/6 12091/27/6
f 12088/27/6 12089/27/6 12092/27/6
f 12087/27/6 12088/27/6 12092/27/6
f 12081/27/6 12090/27/6 12093/27/6
f 12093/27/6 12090/27/6 12094/27/6
f 12091/27/6 12083/27/6 12095/27/6
f 12083/30/6 12085/30/6 12095/30/6
f 12085/27/6 12086/27/6 12096/27/6
f 12095/30/6 12085/30/6 12096/30/6
f 12096/27/6 12086/27/6 12097/27/6
f 12096/30/6 12097/30/6 12098/30/6
f 12097/27/6 12086/27/6 12098/27/6
f 12086/27/6 12078/27/6 12099/27/6
f 12098/27/6 12086/27/6 12099/27/6
f 12094/27/6 12090/27/6 12100/27/6
f 12093/30/6 12094/30/6 12100/30/6
f 12090/30/6 12091/30/6 12101/30/6
f 12100/27/6 12090/27/6 12101/27/6
f 12087/27/6 12092/27/6 12102/27/6
f 12102/27/6 12092/27/6 12103/27/6
f 12091/27/6 12095/27/6 12104/27/6
f 12095/27/6 12096/27/6 12104/27/6
f 12096/30/6 12098/30/6 12105/30/6
f 12104/27/6 12096/27/6 12105/27/6
f 12098/30/6 12099/30/6 12105/30/6
f 12102/30/6 12103/30/6 12106/30/6
f 12103/27/6 12092/27/6 12107/27/6
f 12106/30/6 12103/30/6 12107/30/6
f 12106/27/6 12107/27/6 12108/27/6
f 12107/27/6 12092/27/6 12109/27/6
f 12108/27/6 12107/27/6 12109/27/6
f 12101/30/6 12091/30/6 12110/30/6
f 12100/30/6 12101/30/6 12110/30/6
f 12091/27/6 12104/27/6 12111/27/6
f 12110/30/6 12091/30/6 12111/30/6
f 12105/30/6 12099/30/6 12112/30/6
f 12104/30/6 12105/30/6 12112/30/6
f 12099/27/6 12078/27/6 12113/27/6
f 12112/30/6 12099/30/6 12113/30/6
f 12109/27/6 12092/27/6 12114/27/6
f 12114/27/6 12092/27/6 12115/27/6
f 12115/27/6 12092/27/6 12116/27/6
f 12100/30/6 12110/30/6 12117/30/6
f 12093/30/6 12100/30/6 12117/30/6
f 12117/30/6 12110/30/6 12118/30/6
f 12115/27/6 12116/27/6 12119/27/6
f 12117/27/6 12118/27/6 12123/27/6
f 12118/30/6 12110/30/6 12124/30/6
f 12122/27/6 12123/27/6 12124/27/6
f 12123/27/6 12118/27/6 12124/27/6
f 12121/27/6 12122/27/6 12124/27/6
f 12110/27/6 12111/27/6 12125/27/6
f 12124/30/6 12110/30/6 12125/30/6
f 12104/30/6 12112/30/6 12126/30/6
f 12112/27/6 12113/27/6 12126/27/6
f 12126/27/6 12113/27/6 12127/27/6
f 12120/30/6 12121/30/6 12128/30/6
f 12119/27/6 12120/27/6 12128/27/6
f 12121/27/6 12124/27/6 12129/27/6
f 12128/30/6 12121/30/6 12129/30/6
f 12124/27/6 12125/27/6 12129/27/6
f 12108/30/6 12109/30/6 12130/30/6
f 12109/27/6 12114/27/6 12130/27/6
f 12114/30/6 12115/30/6 12131/30/6
f 12130/27/6 12114/27/6 12131/27/6
f 12131/30/6 12115/30/6 12132/30/6
f 12119/27/6 12128/27/6 12133/27/6
f 12132/30/6 12115/30/6 12133/30/6
f 12128/27/6 12129/27/6 12133/27/6
f 12115/27/6 12119/27/6 12133/27/6
f 12133/27/6 12129/27/6 12134/27/6
f 12129/27/6 12125/27/6 12135/27/6
f 12134/27/6 12129/27/6 12135/27/6
f 12135/27/6 12125/27/6 12136/27/6
f 12125/27/6 12111/27/6 12137/27/6
f 12136/27/6 12125/27/6 12137/27/6
f 12111/27/6 12104/27/6 12138/27/6
f 12137/27/6 12111/27/6 12138/27/6
f 12138/27/6 12104/27/6 12139/27/6
f 12108/30/6 12130/30/6 12140/30/6
f 12131/30/6 12132/30/6 12140/30/6
f 12130/30/6 12131/30/6 12140/30/6
f 12140/30/6 12132/30/6 12141/30/6
f 12139/27/6 12104/27/6 12142/27/6
f 12126/30/6 12127/30/6 12142/30/6
f 12104/30/6 12126/30/6 12142/30/6
f 12142/30/6 12127/30/6 12143/30/6
f 12140/27/6 12141/27/6 12144/27/6
f 12141/30/6 12132/30/6 12145/30/6
f 12144/27/6 12141/27/6 12145/27/6
f 12139/27/6 12142/27/6 12146/27/6
f 12142/27/6 12143/27/6 12146/27/6
f 12146/27/6 12143/27/6 12147/27/6
f 12143/30/6 12127/30/6 12148/30/6
f 12147/27/6 12143/27/6 12148/27/6
f 12127/27/6 12113/27/6 12149/27/6
f 12148/30/6 12127/30/6 12149/30/6
f 12144/30/6 12145/30/6 12150/30/6
f 12145/30/6 12132/30/6 12151/30/6
f 12150/30/6 12145/30/6 12151/30/6
f 12132/27/6 12133/27/6 12152/27/6
f 12151/30/6 12132/30/6 12152/30/6
f 12133/27/6 12134/27/6 12152/27/6
f 12152/27/6 12134/27/6 12153/27/6
f 12148/27/6 12149/27/6 12154/27/6
f 12147/27/6 12148/27/6 12154/27/6
f 12149/27/6 12113/27/6 12155/27/6
f 12154/27/6 12149/27/6 12155/27/6
f 12154/30/6 12155/30/6 12156/30/6
f 12155/27/6 12113/27/6 12156/27/6
f 12113/27/6 12078/27/6 12157/27/6
f 12156/27/6 12113/27/6 12157/27/6
f 12150/27/6 12151/27/6 12158/27/6
f 12158/27/6 12151/27/6 12159/27/6
f 12152/30/6 12153/30/6 12160/30/6
f 12159/27/6 12151/27/6 12160/27/6
f 12151/30/6 12152/30/6 12160/30/6
f 12160/30/6 12153/30/6 12161/30/6
f 12146/30/6 12147/30/6 12162/30/6
f 12147/27/6 12154/27/6 12163/27/6
f 12162/30/6 12147/30/6 12163/30/6
f 12163/27/6 12154/27/6 12164/27/6
f 12154/30/6 12156/30/6 12165/30/6
f 12164/27/6 12154/27/6 12165/27/6
f 12156/30/6 12157/30/6 12165/30/6
f 12159/27/6 12160/27/6 12166/27/6
f 12160/27/6 12161/27/6 12166/27/6
f 12161/30/6 12153/30/6 12167/30/6
f 12166/27/6 12161/27/6 12167/27/6
f 12163/27/6 12164/27/6 12168/27/6
f 12162/27/6 12163/27/6 12168/27/6
f 12164/30/6 12165/30/6 12168/30/6
f 12168/30/6 12165/30/6 12169/30/6
f 12169/30/6 12165/30/6 12170/30/6
f 12157/27/6 12078/27/6 12171/27/6
f 12170/30/6 12165/30/6 12171/30/6
f 12165/30/6 12157/30/6 12171/30/6
f 12169/30/6 12170/30/6 12172/30/6
f 12168/27/6 12169/27/6 12172/27/6
f 12170/27/6 12171/27/6 12173/27/6
f 12172/30/6 12170/30/6 12173/30/6
f 12168/27/6 12172/27/6 12174/27/6
f 12172/27/6 12173/27/6 12174/27/6
f 12173/27/6 12171/27/6 12175/27/6
f 12174/27/6 12173/27/6 12175/27/6
f 12171/27/6 12078/27/6 12176/27/6
f 12175/27/6 12171/27/6 12176/27/6
f 12176/27/6 12078/27/6 12177/27/6
f 12159/27/6 12166/27/6 12178/27/6
f 12158/30/6 12159/30/6 12178/30/6
f 12166/30/6 12167/30/6 12179/30/6
f 12178/27/6 12166/27/6 12179/27/6
f 12174/30/6 12175/30/6 12180/30/6
f 12168/27/6 12174/27/6 12180/27/6
f 12175/27/6 12176/27/6 12181/27/6
f 12180/30/6 12175/30/6 12181/30/6
f 12162/27/6 12168/27/6 12182/27/6
f 12168/27/6 12180/27/6 12182/27/6
f 12180/27/6 12181/27/6 12182/27/6
f 12181/27/6 12176/27/6 12183/27/6
f 12182/27/6 12181/27/6 12183/27/6
f 12179/30/6 12167/30/6 12184/30/6
f 12178/30/6 12179/30/6 12184/30/6
f 12167/30/6 12153/30/6 12185/30/6
f 12184/30/6 12167/30/6 12185/30/6
f 12182/30/6 12183/30/6 12186/30/6
f 12183/27/6 12176/27/6 12187/27/6
f 12186/30/6 12183/30/6 12187/30/6
f 12178/30/6 12184/30/6 12188/30/6
f 12158/30/6 12178/30/6 12188/30/6
f 12184/27/6 12185/27/6 12189/27/6
f 12188/30/6 12184/30/6 12189/30/6
f 12188/27/6 12189/27/6 12190/27/6
f 12189/27/6 12185/27/6 12191/27/6
f 12190/27/6 12189/27/6 12191/27/6
f 12188/27/6 12190/27/6 12192/27/6
f 12190/30/6 12191/30/6 12192/30/6
f 12191/27/6 12185/27/6 12193/27/6
f 12192/30/6 12191/30/6 12193/30/6
f 12193/27/6 12185/27/6 12194/27/6
f 12194/27/6 12185/27/6 12195/27/6
f 12182/30/6 12186/30/6 12198/30/6
f 12192/27/6 12193/27/6 12199/27/6
f 12193/27/6 12194/27/6 12199/27/6
f 12194/30/6 12195/30/6 12199/30/6
f 12195/30/6 12196/30/6 12199/30/6
f 12196/27/6 12197/27/6 12200/27/6
f 12199/30/6 12196/30/6 12200/30/6
f 12200/27/6 12197/27/6 12201/27/6
f 12201/27/6 12197/27/6 12202/27/6
f 12197/30/6 12198/30/6 12203/30/6
f 12202/27/6 12197/27/6 12203/27/6
f 12186/27/6 12187/27/6 12204/27/6
f 12203/30/6 12198/30/6 12204/30/6
f 12198/30/6 12186/30/6 12204/30/6
f 12187/27/6 12176/27/6 12205/27/6
f 12204/27/6 12187/27/6 12205/27/6
f 12176/30/6 12177/30/6 12205/30/6
f 12205/30/6 12177/30/6 12206/30/6
f 12192/27/6 12199/27/6 12207/27/6
f 12199/27/6 12200/27/6 12207/27/6
f 12188/27/6 12192/27/6 12207/27/6
f 12200/27/6 12201/27/6 12207/27/6
f 12207/27/6 12201/27/6 12208/27/6
f 12208/27/6 12201/27/6 12209/27/6
f 12209/27/6 12201/27/6 12210/27/6
f 12188/27/6 12207/27/6 12211/27/6
f 12207/30/6 12208/30/6 12212/30/6
f 12211/27/6 12207/27/6 12212/27/6
f 12208/27/6 12209/27/6 12213/27/6
f 12212/30/6 12208/30/6 12213/30/6
f 12209/30/6 12210/30/6 12214/30/6
f 12213/27/6 12209/27/6 12214/27/6
f 12210/27/6 12201/27/6 12215/27/6
f 12214/30/6 12210/30/6 12215/30/6
f 12201/30/6 12202/30/6 12216/30/6
f 12215/27/6 12201/27/6 12216/27/6
f 12203/27/6 12204/27/6 12217/27/6
f 12216/30/6 12202/30/6 12217/30/6
f 12205/27/6 12206/27/6 12217/27/6
f 12202/27/6 12203/27/6 12217/27/6
f 12204/27/6 12205/27/6 12217/27/6
f 12217/27/6 12206/27/6 12218/27/6
f 12219/27/6 12220/27/6 12226/27/6
f 12226/27/6 12220/27/6 12227/27/6
f 12224/30/6 12225/30/6 12228/30/6
f 12223/27/6 12224/27/6 12228/27/6
f 12228/30/6 12225/30/6 12229/30/6
f 12221/27/6 12222/27/6 12230/27/6
f 12230/27/6 12222/27/6 12231/27/6
f 12223/27/6 12228/27/6 12232/27/6
f 12228/27/6 12229/27/6 12232/27/6
f 12232/27/6 12229/27/6 12233/27/6
f 12232/30/6 12233/30/6 12234/30/6
f 12234/30/6 12233/30/6 12235/30/6
f 12235/30/6 12233/30/6 12236/30/6
f 12236/30/6 12233/30/6 12237/30/6
f 12234/27/6 12235/27/6 12238/27/6
f 12235/30/6 12236/30/6 12239/30/6
f 12238/27/6 12235/27/6 12239/27/6
f 12236/27/6 12237/27/6 12240/27/6
f 12239/30/6 12236/30/6 12240/30/6
f 12237/30/6 12233/30/6 12241/30/6
f 12240/27/6 12237/27/6 12241/27/6
f 12241/30/6 12233/30/6 12242/30/6
f 12245/27/6 12246/27/6 12249/27/6
f 12246/30/6 12247/30/6 12249/30/6
f 12247/27/6 12248/27/6 12250/27/6
f 12249/30/6 12247/30/6 12250/30/6
f 12243/27/6 12244/27/6 12251/27/6
f 12244/30/6 12245/30/6 12252/30/6
f 12251/27/6 12244/27/6 12252/27/6
f 12245/27/6 12249/27/6 12253/27/6
f 12252/30/6 12245/30/6 12253/30/6
f 12249/27/6 12250/27/6 12253/27/6
f 12250/27/6 12248/27/6 12254/27/6
f 12253/27/6 12250/27/6 12254/27/6
f 12252/30/6 12253/30/6 12255/30/6
f 12254/27/6 12248/27/6 12255/27/6
f 12253/30/6 12254/30/6 12255/30/6
f 12251/30/6 12252/30/6 12255/30/6
f 12255/27/6 12248/27/6 12256/27/6
f 12243/27/6 12251/27/6 12257/27/6
f 12257/27/6 12251/27/6 12258/27/6
f 12251/30/6 12255/30/6 12259/30/6
f 12258/27/6 12251/27/6 12259/27/6
f 12255/30/6 12256/30/6 12259/30/6
f 12259/30/6 12256/30/6 12260/30/6
f 12258/27/6 12259/27/6 12261/27/6
f 12259/27/6 12260/27/6 12261/27/6
f 12260/30/6 12256/30/6 12262/30/6
f 12261/27/6 12260/27/6 12262/27/6
f 12262/30/6 12256/30/6 12263/30/6
f 12263/30/6 12256/30/6 12264/30/6
f 12261/30/6 12262/30/6 12265/30/6
f 12262/30/6 12263/30/6 12265/30/6
f 12263/27/6 12264/27/6 12265/27/6
f 12265/27/6 12264/27/6 12266/27/6
f 12257/30/6 12258/30/6 12267/30/6
f 12258/27/6 12261/27/6 12267/27/6
f 12265/30/6 12266/30/6 12268/30/6
f 12267/27/6 12261/27/6 12268/27/6
f 12261/30/6 12265/30/6 12268/30/6
f 12267/30/6 12268/30/6 12269/30/6
f 12268/30/6 12266/30/6 12269/30/6
f 12269/30/6 12266/30/6 12270/30/6
f 12269/27/6 12270/27/6 12271/27/6
f 12271/27/6 12270/27/6 12272/27/6
f 12270/30/6 12266/30/6 12273/30/6
f 12272/27/6 12270/27/6 12273/27/6
f 12266/27/6 12264/27/6 12274/27/6
f 12273/30/6 12266/30/6 12274/30/6
f 12257/30/6 12267/30/6 12275/30/6
f 12267/30/6 12269/30/6 12275/30/6
f 12269/27/6 12271/27/6 12276/27/6
f 12275/30/6 12269/30/6 12276/30/6
f 12272/27/6 12273/27/6 12277/27/6
f 12274/27/6 12264/27/6 12277/27/6
f 12273/27/6 12274/27/6 12277/27/6
f 12277/27/6 12264/27/6 12278/27/6
f 12257/30/6 12275/30/6 12279/30/6
f 12275/27/6 12276/27/6 12280/27/6
f 12279/30/6 12275/30/6 12280/30/6
f 12276/27/6 12271/27/6 12281/27/6
f 12280/27/6 12276/27/6 12281/27/6
f 12279/27/6 12280/27/6 12281/27/6
f 12271/30/6 12272/30/6 12281/30/6
f 12272/27/6 12277/27/6 12282/27/6
f 12281/30/6 12272/30/6 12282/30/6
f 12279/27/6 12281/27/6 12283/27/6
f 12281/27/6 12282/27/6 12283/27/6
f 12277/30/6 12278/30/6 12284/30/6
f 12283/27/6 12282/27/6 12284/27/6
f 12282/27/6 12277/27/6 12284/27/6
f 12284/30/6 12278/30/6 12285/30/6
