# Blender v2.79 (sub 0) OBJ File: ''
# www.blender.org
mtllib nnsm_houseset.mtl
o nnsm_house_mini
v -1.007583 0.053922 -1.775031
v -0.576206 -0.000000 -1.775031
v -1.007583 -0.000000 -1.775031
v -0.576206 0.053922 -1.775031
v -0.576206 0.053922 -1.721109
v -0.144829 0.000000 -1.721109
v -0.576206 -0.000000 -1.721109
v -0.144829 0.053922 -1.721109
v -0.630128 0.161766 -1.505420
v -0.252673 0.000000 -1.505420
v -0.630128 -0.000000 -1.505420
v -0.252673 0.161766 -1.505420
v -0.630128 0.215689 -1.505420
v -0.576206 0.215689 -1.505420
v -0.306595 0.215689 -1.505420
v -0.252673 0.215689 -1.505420
v -0.576206 0.269611 -1.505420
v -0.306595 0.269611 -1.505420
v -0.198751 0.053922 -1.451499
v -0.198751 0.000000 -1.451499
v -0.252673 0.000000 -1.451499
v -0.144829 0.053922 -1.451499
v -0.036985 0.000000 -1.451499
v -0.144829 0.000000 -1.451499
v -0.252673 0.107844 -1.451499
v -0.036985 0.107844 -1.451499
v -0.252673 0.161766 -1.451499
v -0.036985 0.161766 -1.451499
v -0.252673 0.107844 -0.966199
v -0.036985 0.000000 -0.966199
v -0.252673 0.000000 -0.966199
v -0.036985 0.107844 -0.966199
v -0.252673 0.161766 -0.966199
v -0.036985 0.161766 -0.966199
v -0.576206 0.053922 -0.480900
v -0.198751 0.000000 -0.480900
v -0.576206 -0.000000 -0.480900
v -0.198751 0.053922 -0.480900
v -0.953660 0.053922 -0.426978
v -0.576206 -0.000000 -0.426978
v -0.953660 -0.000000 -0.426978
v -0.576206 0.053922 -0.426978
v -0.953661 -0.000000 -1.721109
v -0.953661 0.053922 -1.721109
v -0.576206 -0.000000 -1.667187
v -0.198751 0.000000 -1.667187
v -0.576206 0.053922 -1.667187
v -0.198751 0.053922 -1.667187
v -0.252673 0.000000 -1.235810
v -0.036985 0.000000 -1.235810
v -0.252673 0.107844 -1.235810
v -0.036985 0.107844 -1.235810
v -0.252673 0.161766 -1.235810
v -0.036985 0.161766 -1.235810
v -0.252673 0.000000 -0.750511
v -0.198751 0.000000 -0.750511
v -0.198751 0.053922 -0.750511
v -0.144829 0.000000 -0.750511
v -0.036984 0.000000 -0.750511
v -0.144829 0.053922 -0.750511
v -0.252673 0.107844 -0.750511
v -0.036985 0.107844 -0.750511
v -0.252673 0.161766 -0.750511
v -0.036985 0.161766 -0.750511
v -0.630128 -0.000000 -0.696589
v -0.252673 0.000000 -0.696589
v -0.576206 0.053922 -0.696589
v -0.522284 0.053922 -0.696589
v -0.576206 0.107844 -0.696589
v -0.522284 0.107844 -0.696589
v -0.630128 0.161766 -0.696589
v -0.252673 0.161766 -0.696589
v -0.630128 0.215689 -0.696589
v -0.576206 0.215689 -0.696589
v -0.306595 0.215689 -0.696589
v -0.252673 0.215689 -0.696589
v -0.576206 0.269611 -0.696589
v -0.306595 0.269611 -0.696589
v -0.144829 0.000000 -0.426978
v -0.144829 0.053922 -0.426978
v -1.007583 -0.000000 -0.373056
v -0.576206 -0.000000 -0.373056
v -1.007583 0.053922 -0.373056
v -0.576206 0.053922 -0.373056
v -0.630128 0.053922 -1.451499
v -0.630128 0.107844 -1.451499
v -0.630128 0.053922 -1.343654
v -0.630128 0.107844 -1.343654
v -0.630128 -0.000000 -1.235810
v -0.630128 0.107844 -1.235810
v -0.630128 -0.000000 -1.181888
v -0.630128 0.107844 -1.181888
v -0.630128 0.053922 -0.966199
v -0.630128 0.107844 -0.966199
v -0.630128 0.053922 -0.912277
v -0.630128 0.107844 -0.912277
v -0.630128 0.053922 -0.858355
v -0.630128 0.107844 -0.858355
v -0.630128 0.053922 -0.750511
v -0.630128 0.107844 -0.750511
v -0.306595 0.215689 -1.343654
v -0.306595 0.269611 -1.343654
v -0.306595 0.215689 -1.289732
v -0.306595 0.269611 -1.289732
v -0.306595 0.215689 -0.912277
v -0.306595 0.269611 -0.912277
v -0.306595 0.215689 -0.858355
v -0.306595 0.269611 -0.858355
v -0.252673 0.000000 -1.181888
v -0.252673 0.107844 -1.181888
v -0.252673 0.000000 -1.127966
v -0.252673 0.107844 -1.127966
v -0.252673 0.053922 -1.074044
v -0.252673 0.107844 -1.074044
v -0.252673 0.053922 -1.020121
v -0.252673 0.107844 -1.020121
v -0.036985 0.000000 -1.397576
v -0.036985 0.053922 -1.397576
v -0.036985 0.000000 -1.289732
v -0.036985 0.053922 -1.289732
v -0.036985 0.000000 -0.912277
v -0.036985 0.053922 -0.912277
v -0.036984 0.000000 -0.804433
v -0.036985 0.053922 -0.804433
v -0.576206 -0.000000 -1.235810
v -0.576206 -0.000000 -1.181888
v -0.306595 0.000000 -1.181888
v -0.306595 0.000000 -1.127966
v -0.090907 0.000000 -1.397576
v -0.090907 0.000000 -1.289732
v -0.090907 0.000000 -0.912277
v -0.090907 0.000000 -0.804433
v -0.360517 0.269611 -1.343654
v -0.360517 0.269611 -1.289732
v -0.360517 0.269611 -0.912277
v -0.360517 0.269611 -0.858355
vt 0.462891 0.500000
vt 0.462891 0.500000
vt 0.462891 0.500000
vt 0.462891 0.500000
vt 0.462891 0.500000
vt 0.462891 0.500000
vt 0.462891 0.500000
vt 0.462891 0.500000
vt 0.462891 0.500000
vt 0.462891 0.500000
vt 0.462891 0.500000
vt 0.462891 0.500000
vt 0.037109 0.500000
vt 0.037109 0.500000
vt 0.037109 0.500000
vt 0.037109 0.500000
vt 0.037109 0.500000
vt 0.037109 0.500000
vt 0.037109 0.500000
vt 0.037109 0.500000
vt 0.462891 0.500000
vt 0.462891 0.500000
vt 0.462891 0.500000
vt 0.462891 0.500000
vt 0.462891 0.500000
vt 0.462891 0.500000
vt 0.462891 0.500000
vt 0.462891 0.500000
vt 0.037109 0.500000
vt 0.037109 0.500000
vt 0.037109 0.500000
vt 0.037109 0.500000
vt 0.462891 0.500000
vt 0.462891 0.500000
vt 0.462891 0.500000
vt 0.462891 0.500000
vt 0.037109 0.500000
vt 0.037109 0.500000
vt 0.037109 0.500000
vt 0.037109 0.500000
vt 0.462891 0.500000
vt 0.462891 0.500000
vt 0.462891 0.500000
vt 0.462891 0.500000
vt 0.462891 0.500000
vt 0.462891 0.500000
vt 0.462891 0.500000
vt 0.462891 0.500000
vt 0.462891 0.500000
vt 0.462891 0.500000
vt 0.462891 0.500000
vt 0.462891 0.500000
vt 0.462891 0.500000
vt 0.462891 0.500000
vt 0.462891 0.500000
vt 0.462891 0.500000
vt 0.462891 0.500000
vt 0.462891 0.500000
vt 0.037109 0.500000
vt 0.037109 0.500000
vt 0.037109 0.500000
vt 0.037109 0.500000
vt 0.462891 0.500000
vt 0.462891 0.500000
vt 0.462891 0.500000
vt 0.462891 0.500000
vt 0.462891 0.500000
vt 0.462891 0.500000
vt 0.462891 0.500000
vt 0.462891 0.500000
vt 0.037109 0.500000
vt 0.037109 0.500000
vt 0.037109 0.500000
vt 0.037109 0.500000
vt 0.462891 0.500000
vt 0.462891 0.500000
vt 0.462891 0.500000
vt 0.462891 0.500000
vt 0.462891 0.500000
vt 0.037109 0.500000
vt 0.037109 0.500000
vt 0.037109 0.500000
vt 0.462891 0.500000
vt 0.037109 0.500000
vt 0.462891 0.500000
vt 0.462891 0.500000
vt 0.037109 0.500000
vt 0.037109 0.500000
vt 0.037109 0.500000
vt 0.037109 0.500000
vt 0.037109 0.500000
vt 0.037109 0.500000
vt 0.037109 0.500000
vt 0.037109 0.500000
vt 0.462891 0.500000
vt 0.462891 0.500000
vt 0.462891 0.500000
vt 0.462891 0.500000
vt 0.462891 0.500000
vt 0.462891 0.500000
vt 0.462891 0.500000
vt 0.462891 0.500000
vt 0.462891 0.500000
vt 0.037109 0.500000
vt 0.037109 0.500000
vt 0.037109 0.500000
vt 0.462891 0.500000
vt 0.037109 0.500000
vt 0.462891 0.500000
vt 0.462891 0.500000
vt 0.037109 0.500000
vt 0.037109 0.500000
vt 0.037109 0.500000
vt 0.462891 0.500000
vt 0.037109 0.500000
vt 0.462891 0.500000
vt 0.462891 0.500000
vt 0.462891 0.500000
vt 0.462891 0.500000
vt 0.037109 0.500000
vt 0.037109 0.500000
vt 0.037109 0.500000
vt 0.462891 0.500000
vt 0.037109 0.500000
vt 0.462891 0.500000
vt 0.462891 0.500000
vt 0.462891 0.500000
vt 0.037109 0.500000
vt 0.037109 0.500000
vt 0.037109 0.500000
vt 0.462891 0.500000
vt 0.037109 0.500000
vt 0.037109 0.500000
vt 0.037109 0.500000
vt 0.462891 0.500000
vt 0.462891 0.500000
vt 0.462891 0.500000
vt 0.462891 0.500000
vt 0.037109 0.500000
vt 0.037109 0.500000
vt 0.037109 0.500000
vt 0.037109 0.500000
vt 0.462891 0.500000
vt 0.462891 0.500000
vt 0.462891 0.500000
vt 0.462891 0.500000
vt 0.037109 0.500000
vt 0.037109 0.500000
vt 0.462891 0.500000
vt 0.462891 0.500000
vt 0.462891 0.500000
vt 0.462891 0.500000
vt 0.037109 0.500000
vt 0.037109 0.500000
vt 0.037109 0.500000
vt 0.462891 0.500000
vt 0.037109 0.500000
vt 0.462891 0.500000
vt 0.462891 0.500000
vt 0.462891 0.500000
vt 0.462891 0.500000
vt 0.037109 0.500000
vt 0.037109 0.500000
vt 0.037109 0.500000
vt 0.462891 0.500000
vt 0.037109 0.500000
vt 0.462891 0.500000
vt 0.462891 0.500000
vt 0.462891 0.500000
vt 0.462891 0.500000
vt 0.037109 0.500000
vt 0.037109 0.500000
vt 0.037109 0.500000
vt 0.462891 0.500000
vt 0.037109 0.500000
vt 0.462891 0.500000
vt 0.462891 0.500000
vt 0.462891 0.500000
vt 0.037109 0.500000
vt 0.037109 0.500000
vt 0.037109 0.500000
vt 0.462891 0.500000
vt 0.037109 0.500000
vt 0.462891 0.500000
vt 0.462891 0.500000
vt 0.037109 0.500000
vt 0.462891 0.500000
vt 0.037109 0.500000
vt 0.462891 0.500000
vt 0.462891 0.500000
vt 0.037109 0.500000
vt 0.037109 0.500000
vt 0.462891 0.500000
vt 0.462891 0.500000
vt 0.462891 0.500000
vt 0.462891 0.500000
vt 0.037109 0.500000
vt 0.037109 0.500000
vt 0.037109 0.500000
vt 0.037109 0.500000
vt 0.037109 0.500000
vt 0.037109 0.500000
vt 0.037109 0.500000
vt 0.037109 0.500000
vt 0.462891 0.500000
vt 0.462891 0.500000
vt 0.462891 0.500000
vt 0.462891 0.500000
vn 0.0000 0.0000 -1.0000
vn -0.0000 0.0000 1.0000
vn -1.0000 0.0000 0.0000
vn 1.0000 0.0000 -0.0000
vn 0.0000 -1.0000 -0.0000
vn -0.0000 1.0000 -0.0000
usemtl palette
s 1
f 1/1/1 2/2/1 3/3/1
f 4/4/1 2/2/1 1/1/1
f 5/5/1 6/6/1 7/7/1
f 8/8/1 6/6/1 5/5/1
f 9/9/1 10/10/1 11/11/1
f 12/12/1 10/10/1 9/9/1
f 13/13/1 12/14/1 9/15/1
f 14/16/1 12/14/1 13/13/1
f 15/17/1 12/14/1 14/16/1
f 16/18/1 12/14/1 15/17/1
f 17/19/1 15/17/1 14/16/1
f 18/20/1 15/17/1 17/19/1
f 19/21/1 20/22/1 21/23/1
f 22/24/1 23/25/1 24/26/1
f 25/27/1 19/21/1 21/23/1
f 25/27/1 22/24/1 19/21/1
f 26/28/1 23/25/1 22/24/1
f 26/28/1 22/24/1 25/27/1
f 27/29/1 26/30/1 25/31/1
f 28/32/1 26/30/1 27/29/1
f 29/33/1 30/34/1 31/35/1
f 32/36/1 30/34/1 29/33/1
f 33/37/1 32/38/1 29/39/1
f 34/40/1 32/38/1 33/37/1
f 35/41/1 36/42/1 37/43/1
f 38/44/1 36/42/1 35/41/1
f 39/45/1 40/46/1 41/47/1
f 42/48/1 40/46/1 39/45/1
f 43/49/2 7/7/2 44/50/2
f 44/50/2 7/7/2 5/5/2
f 45/51/2 46/52/2 47/53/2
f 47/53/2 46/52/2 48/54/2
f 49/55/2 50/56/2 51/57/2
f 51/57/2 50/56/2 52/58/2
f 51/59/2 52/60/2 53/61/2
f 53/61/2 52/60/2 54/62/2
f 55/63/2 56/64/2 57/65/2
f 58/66/2 59/67/2 60/68/2
f 55/63/2 57/65/2 61/69/2
f 57/65/2 60/68/2 61/69/2
f 60/68/2 59/67/2 62/70/2
f 61/69/2 60/68/2 62/70/2
f 61/71/2 62/72/2 63/73/2
f 63/73/2 62/72/2 64/74/2
f 65/75/2 66/76/2 67/77/2
f 67/77/2 66/76/2 68/78/2
f 65/75/2 67/77/2 69/79/2
f 67/80/2 68/81/2 69/82/2
f 68/78/2 66/76/2 70/83/2
f 69/82/2 68/81/2 70/84/2
f 65/75/2 69/79/2 71/85/2
f 69/79/2 70/83/2 71/85/2
f 70/83/2 66/76/2 72/86/2
f 71/85/2 70/83/2 72/86/2
f 71/87/2 72/88/2 73/89/2
f 73/89/2 72/88/2 74/90/2
f 74/90/2 72/88/2 75/91/2
f 75/91/2 72/88/2 76/92/2
f 74/90/2 75/91/2 77/93/2
f 77/93/2 75/91/2 78/94/2
f 40/46/2 79/95/2 42/48/2
f 42/48/2 79/95/2 80/96/2
f 81/97/2 82/98/2 83/99/2
f 83/99/2 82/98/2 84/100/2
f 81/97/3 1/1/3 3/3/3
f 83/99/3 1/1/3 81/97/3
f 85/101/3 9/9/3 11/11/3
f 86/102/3 9/9/3 85/101/3
f 87/103/3 85/101/3 11/11/3
f 87/104/3 86/105/3 85/106/3
f 88/107/3 9/9/3 86/102/3
f 88/108/3 86/105/3 87/104/3
f 89/109/3 87/103/3 11/11/3
f 89/109/3 88/107/3 87/103/3
f 90/110/3 9/9/3 88/107/3
f 90/110/3 88/107/3 89/109/3
f 91/111/3 90/112/3 89/113/3
f 92/114/3 9/9/3 90/110/3
f 92/115/3 90/112/3 91/111/3
f 93/116/3 92/114/3 91/117/3
f 94/118/3 9/9/3 92/114/3
f 94/118/3 92/114/3 93/116/3
f 95/119/3 93/116/3 91/117/3
f 95/120/3 94/121/3 93/122/3
f 96/123/3 9/9/3 94/118/3
f 96/124/3 94/121/3 95/120/3
f 97/125/3 95/119/3 91/117/3
f 97/125/3 96/123/3 95/119/3
f 98/126/3 9/9/3 96/123/3
f 98/126/3 96/123/3 97/125/3
f 99/127/3 97/125/3 91/117/3
f 99/128/3 98/129/3 97/130/3
f 100/131/3 9/9/3 98/126/3
f 100/132/3 98/129/3 99/128/3
f 65/75/3 99/127/3 91/117/3
f 65/75/3 100/131/3 99/127/3
f 71/87/3 13/13/3 9/15/3
f 71/85/3 100/131/3 65/75/3
f 71/85/3 9/9/3 100/131/3
f 73/89/3 13/13/3 71/87/3
f 45/51/3 5/5/3 7/7/3
f 47/53/3 5/5/3 45/51/3
f 74/90/3 17/19/3 14/16/3
f 77/93/3 17/19/3 74/90/3
f 40/46/3 35/41/3 37/43/3
f 42/48/3 35/41/3 40/46/3
f 20/22/3 48/54/3 46/52/3
f 19/21/3 48/54/3 20/22/3
f 36/42/3 57/65/3 56/64/3
f 38/44/3 57/65/3 36/42/3
f 43/49/4 44/50/4 41/47/4
f 41/47/4 44/50/4 39/45/4
f 2/2/4 4/4/4 7/7/4
f 7/7/4 4/4/4 5/5/4
f 40/46/4 42/48/4 82/98/4
f 82/98/4 42/48/4 84/100/4
f 15/17/4 18/20/4 101/133/4
f 101/133/4 18/20/4 102/134/4
f 101/135/4 102/136/4 103/137/4
f 103/137/4 102/136/4 104/138/4
f 103/139/4 104/140/4 105/141/4
f 105/141/4 104/140/4 106/142/4
f 105/143/4 106/144/4 107/145/4
f 107/145/4 106/144/4 108/146/4
f 107/147/4 108/148/4 75/91/4
f 75/91/4 108/148/4 78/94/4
f 10/10/4 12/12/4 21/23/4
f 21/23/4 12/12/4 25/27/4
f 12/14/4 16/18/4 27/29/4
f 25/27/4 12/12/4 27/149/4
f 27/29/4 16/18/4 53/61/4
f 49/55/4 51/57/4 109/150/4
f 51/57/4 53/151/4 109/150/4
f 109/150/4 53/151/4 110/152/4
f 109/153/4 110/154/4 111/155/4
f 110/152/4 53/151/4 112/156/4
f 111/155/4 110/154/4 112/157/4
f 111/158/4 112/156/4 113/159/4
f 112/156/4 53/151/4 114/160/4
f 113/159/4 112/156/4 114/160/4
f 111/158/4 113/159/4 115/161/4
f 113/162/4 114/163/4 115/164/4
f 114/160/4 53/151/4 116/165/4
f 115/164/4 114/163/4 116/166/4
f 111/158/4 115/161/4 31/35/4
f 115/161/4 116/165/4 31/35/4
f 116/165/4 53/151/4 29/33/4
f 31/35/4 116/165/4 29/33/4
f 53/61/4 16/18/4 33/37/4
f 29/33/4 53/151/4 33/167/4
f 33/37/4 16/18/4 63/73/4
f 55/63/4 61/69/4 66/76/4
f 61/69/4 63/168/4 66/76/4
f 63/73/4 16/18/4 72/88/4
f 66/76/4 63/168/4 72/86/4
f 72/88/4 16/18/4 76/92/4
f 6/6/4 8/8/4 24/26/4
f 24/26/4 8/8/4 22/24/4
f 58/66/4 60/68/4 79/95/4
f 79/95/4 60/68/4 80/96/4
f 23/25/4 26/28/4 117/169/4
f 117/169/4 26/28/4 118/170/4
f 117/171/4 118/172/4 119/173/4
f 118/170/4 26/28/4 120/174/4
f 119/173/4 118/172/4 120/175/4
f 119/176/4 120/174/4 50/56/4
f 26/30/4 28/32/4 52/60/4
f 50/56/4 120/174/4 52/58/4
f 120/174/4 26/28/4 52/58/4
f 52/60/4 28/32/4 54/62/4
f 30/34/4 32/36/4 121/177/4
f 121/177/4 32/36/4 122/178/4
f 121/179/4 122/180/4 123/181/4
f 122/178/4 32/36/4 124/182/4
f 123/181/4 122/180/4 124/183/4
f 123/184/4 124/182/4 59/67/4
f 32/38/4 34/40/4 62/72/4
f 59/67/4 124/182/4 62/70/4
f 124/182/4 32/36/4 62/70/4
f 62/72/4 34/40/4 64/74/4
f 43/49/5 81/97/5 3/3/5
f 41/47/5 81/97/5 43/49/5
f 2/2/5 43/49/5 3/3/5
f 7/7/5 43/49/5 2/2/5
f 125/185/5 89/109/5 11/11/5
f 125/186/5 91/111/5 89/113/5
f 126/187/5 65/75/5 91/117/5
f 126/188/5 91/111/5 125/186/5
f 40/46/5 81/97/5 41/47/5
f 82/98/5 81/97/5 40/46/5
f 127/189/5 65/75/5 126/187/5
f 127/189/5 126/187/5 125/185/5
f 128/190/5 65/75/5 127/189/5
f 10/10/5 125/185/5 11/11/5
f 10/10/5 127/189/5 125/185/5
f 21/23/5 127/189/5 10/10/5
f 49/55/5 127/189/5 21/23/5
f 109/153/5 128/191/5 127/192/5
f 109/150/5 127/189/5 49/55/5
f 111/158/5 65/75/5 128/190/5
f 111/155/5 128/191/5 109/153/5
f 31/35/5 65/75/5 111/158/5
f 55/63/5 65/75/5 31/35/5
f 66/76/5 65/75/5 55/63/5
f 46/52/5 45/51/5 7/7/5
f 20/22/5 49/55/5 21/23/5
f 56/64/5 55/63/5 31/35/5
f 36/42/5 40/46/5 37/43/5
f 6/6/5 20/22/5 46/52/5
f 6/6/5 46/52/5 7/7/5
f 24/26/5 49/55/5 20/22/5
f 24/26/5 20/22/5 6/6/5
f 58/66/5 56/64/5 31/35/5
f 58/66/5 36/42/5 56/64/5
f 79/95/5 40/46/5 36/42/5
f 79/95/5 36/42/5 58/66/5
f 129/193/5 49/55/5 24/26/5
f 130/194/5 49/55/5 129/193/5
f 131/195/5 58/66/5 31/35/5
f 132/196/5 58/66/5 131/195/5
f 23/25/5 129/193/5 24/26/5
f 117/171/5 130/197/5 129/198/5
f 117/169/5 129/193/5 23/25/5
f 119/176/5 49/55/5 130/194/5
f 119/173/5 130/197/5 117/171/5
f 50/56/5 49/55/5 119/176/5
f 30/34/5 131/195/5 31/35/5
f 121/179/5 132/199/5 131/200/5
f 121/177/5 131/195/5 30/34/5
f 123/184/5 58/66/5 132/196/5
f 123/181/5 132/199/5 121/179/5
f 59/67/5 58/66/5 123/184/5
f 1/1/6 83/99/6 44/50/6
f 44/50/6 83/99/6 39/45/6
f 1/1/6 44/50/6 4/4/6
f 4/4/6 44/50/6 5/5/6
f 39/45/6 83/99/6 42/48/6
f 42/48/6 83/99/6 84/100/6
f 5/5/6 47/53/6 48/54/6
f 35/41/6 42/48/6 38/44/6
f 48/54/6 19/21/6 8/8/6
f 5/5/6 48/54/6 8/8/6
f 8/8/6 19/21/6 22/24/6
f 57/65/6 38/44/6 60/68/6
f 38/44/6 42/48/6 80/96/6
f 60/68/6 38/44/6 80/96/6
f 27/29/6 53/61/6 28/32/6
f 28/32/6 53/61/6 54/62/6
f 33/37/6 63/73/6 34/40/6
f 34/40/6 63/73/6 64/74/6
f 13/13/6 73/89/6 14/16/6
f 14/16/6 73/89/6 74/90/6
f 15/17/6 101/133/6 16/18/6
f 107/147/6 75/91/6 16/18/6
f 105/141/6 107/147/6 16/18/6
f 103/139/6 105/141/6 16/18/6
f 101/133/6 103/139/6 16/18/6
f 16/18/6 75/91/6 76/92/6
f 17/19/6 77/93/6 133/201/6
f 133/201/6 77/93/6 134/202/6
f 134/202/6 77/93/6 135/203/6
f 135/203/6 77/93/6 136/204/6
f 17/19/6 133/201/6 18/20/6
f 133/205/6 134/206/6 102/136/6
f 18/20/6 133/201/6 102/134/6
f 134/202/6 135/203/6 104/140/6
f 102/136/6 134/206/6 104/138/6
f 135/207/6 136/208/6 106/144/6
f 104/140/6 135/203/6 106/142/6
f 136/204/6 77/93/6 108/148/6
f 106/144/6 136/208/6 108/146/6
f 108/148/6 77/93/6 78/94/6
o nnsm_skyscraper01
v 0.753420 2.319644 -0.680358
v 0.753420 -0.000000 -0.700886
v 0.753420 -0.000000 -0.680358
v 0.753420 2.319644 -0.700885
v 0.753420 2.319644 -0.782997
v 0.753420 -0.000000 -0.803525
v 0.753420 -0.000000 -0.782997
v 0.753420 2.319644 -0.803524
v 0.753420 2.319644 -0.885636
v 0.753420 -0.000000 -0.906164
v 0.753420 -0.000000 -0.885637
v 0.753420 2.319644 -0.906164
v 0.753420 2.319644 -0.988275
v 0.753420 0.000000 -1.008803
v 0.753420 0.000000 -0.988276
v 0.753420 2.319644 -1.008803
v 0.753420 2.319644 -1.090914
v 0.753420 0.000000 -1.111443
v 0.753420 0.000000 -1.090915
v 0.753420 2.319644 -1.111442
v 0.753420 2.319644 -1.193553
v 0.753420 0.020528 -1.214082
v 0.753420 0.020528 -1.193554
v 0.753420 2.319644 -1.214081
v 0.773948 0.020528 -1.193554
v 0.773948 0.000000 -1.275665
v 0.773948 0.000000 -1.111443
v 0.773948 0.020528 -1.214082
v 0.773948 0.102639 -0.618775
v 0.773948 -0.000000 -0.680358
v 0.773948 -0.000000 -0.618775
v 0.773948 0.102639 -0.680358
v 0.773948 0.102639 -0.700886
v 0.773948 -0.000000 -0.782997
v 0.773948 -0.000000 -0.700886
v 0.773948 0.102639 -0.782997
v 0.773948 0.102639 -0.803525
v 0.773948 -0.000000 -0.885637
v 0.773948 -0.000000 -0.803525
v 0.773948 0.102639 -0.885637
v 0.773948 0.102639 -0.906164
v 0.773948 0.000000 -0.988276
v 0.773948 -0.000000 -0.906164
v 0.773948 0.102639 -0.988276
v 0.773948 0.102639 -1.008803
v 0.773948 0.000000 -1.090915
v 0.773948 0.000000 -1.008803
v 0.773948 0.102639 -1.090915
v 0.773948 0.102639 -1.111442
v 0.773948 0.102639 -1.193554
v 0.773948 0.102639 -1.214082
v 0.773948 0.102639 -1.275665
v 0.773948 0.123167 -0.618775
v 0.773948 0.123167 -0.680358
v 0.773948 0.123167 -0.700886
v 0.773948 0.123167 -0.782997
v 0.773948 0.123167 -0.803525
v 0.773948 0.123167 -0.885637
v 0.773948 0.123167 -0.906164
v 0.773948 0.123167 -0.988276
v 0.773948 0.123167 -1.008803
v 0.773948 0.123167 -1.090915
v 0.773948 0.123167 -1.111442
v 0.773948 0.123167 -1.193554
v 0.773948 0.123167 -1.214082
v 0.773948 0.123167 -1.275665
v 0.773948 0.328445 -0.618775
v 0.773948 0.328445 -0.680358
v 0.773948 0.328445 -0.700886
v 0.773948 0.328445 -0.782997
v 0.773948 0.328445 -0.803525
v 0.773948 0.328445 -0.885637
v 0.773948 0.328445 -0.906164
v 0.773948 0.328445 -0.988276
v 0.773948 0.328445 -1.008803
v 0.773948 0.328445 -1.090915
v 0.773948 0.328445 -1.111442
v 0.773948 0.328445 -1.193554
v 0.773948 0.328445 -1.214082
v 0.773948 0.328445 -1.275665
v 0.773948 0.348973 -0.618775
v 0.773948 0.348973 -0.680358
v 0.773948 0.348973 -0.700886
v 0.773948 0.348973 -0.782997
v 0.773948 0.348973 -0.803525
v 0.773948 0.348973 -0.885637
v 0.773948 0.348973 -0.906164
v 0.773948 0.348973 -0.988276
v 0.773948 0.348973 -1.008803
v 0.773948 0.348973 -1.090915
v 0.773948 0.348973 -1.111442
v 0.773948 0.348973 -1.193554
v 0.773948 0.348973 -1.214082
v 0.773948 0.348973 -1.275665
v 0.773948 0.472140 -0.618775
v 0.773948 0.472140 -0.680358
v 0.773948 0.472140 -0.700886
v 0.773948 0.472140 -0.782997
v 0.773948 0.472140 -0.803525
v 0.773948 0.472140 -0.885636
v 0.773948 0.472140 -0.906164
v 0.773948 0.472140 -0.988276
v 0.773948 0.472140 -1.008803
v 0.773948 0.472140 -1.090915
v 0.773948 0.472140 -1.111442
v 0.773948 0.472140 -1.193554
v 0.773948 0.472140 -1.214082
v 0.773948 0.472140 -1.275665
v 0.773948 0.492668 -0.618775
v 0.773948 0.492668 -0.680358
v 0.773948 0.492668 -0.700886
v 0.773948 0.492668 -0.782997
v 0.773948 0.492668 -0.803525
v 0.773948 0.492668 -0.885636
v 0.773948 0.492668 -0.906164
v 0.773948 0.492668 -0.988276
v 0.773948 0.492668 -1.008803
v 0.773948 0.492668 -1.090915
v 0.773948 0.492668 -1.111442
v 0.773948 0.492668 -1.193554
v 0.773948 0.492668 -1.214082
v 0.773948 0.492668 -1.275665
v 0.773948 0.615835 -0.618775
v 0.773948 0.615835 -0.680358
v 0.773948 0.615835 -0.700886
v 0.773948 0.615835 -0.782997
v 0.773948 0.615835 -0.803525
v 0.773948 0.615835 -0.885636
v 0.773948 0.615835 -0.906164
v 0.773948 0.615835 -0.988276
v 0.773948 0.615835 -1.008803
v 0.773948 0.615835 -1.090915
v 0.773948 0.615835 -1.111442
v 0.773948 0.615835 -1.193554
v 0.773948 0.615835 -1.214082
v 0.773948 0.615835 -1.275665
v 0.773948 0.636362 -0.618775
v 0.773948 0.636362 -0.680358
v 0.773948 0.636362 -0.700886
v 0.773948 0.636362 -0.782997
v 0.773948 0.636362 -0.803525
v 0.773948 0.636362 -0.885636
v 0.773948 0.636362 -0.906164
v 0.773948 0.636362 -0.988276
v 0.773948 0.636362 -1.008803
v 0.773948 0.636362 -1.090914
v 0.773948 0.636362 -1.111442
v 0.773948 0.636362 -1.193554
v 0.773948 0.636362 -1.214082
v 0.773948 0.636362 -1.275665
v 0.773948 0.759529 -0.618775
v 0.773948 0.759529 -0.680358
v 0.773948 0.759529 -0.700886
v 0.773948 0.759529 -0.782997
v 0.773948 0.759529 -0.803525
v 0.773948 0.759529 -0.885636
v 0.773948 0.759529 -0.906164
v 0.773948 0.759529 -0.988276
v 0.773948 0.759529 -1.008803
v 0.773948 0.759529 -1.090914
v 0.773948 0.759529 -1.111442
v 0.773948 0.759530 -1.193554
v 0.773948 0.759530 -1.214082
v 0.773948 0.759530 -1.275665
v 0.773948 0.780057 -0.618775
v 0.773948 0.780057 -0.680358
v 0.773948 0.780057 -0.700886
v 0.773948 0.780057 -0.782997
v 0.773948 0.780057 -0.803525
v 0.773948 0.780057 -0.885636
v 0.773948 0.780057 -0.906164
v 0.773948 0.780057 -0.988276
v 0.773948 0.780057 -1.008803
v 0.773948 0.780057 -1.090914
v 0.773948 0.780057 -1.111442
v 0.773948 0.780057 -1.193553
v 0.773948 0.780057 -1.214082
v 0.773948 0.780057 -1.275665
v 0.773948 0.903224 -0.618775
v 0.773948 0.903224 -0.680358
v 0.773948 0.903224 -0.700886
v 0.773948 0.903224 -0.782997
v 0.773948 0.903224 -0.803525
v 0.773948 0.903224 -0.885636
v 0.773948 0.903224 -0.906164
v 0.773948 0.903224 -0.988276
v 0.773948 0.903224 -1.008803
v 0.773948 0.903224 -1.090914
v 0.773948 0.903224 -1.111442
v 0.773948 0.903224 -1.193553
v 0.773948 0.903225 -1.214081
v 0.773948 0.903225 -1.275665
v 0.773948 0.923752 -0.618775
v 0.773948 0.923752 -0.680358
v 0.773948 0.923752 -0.700886
v 0.773948 0.923752 -0.782997
v 0.773948 0.923752 -0.803525
v 0.773948 0.923752 -0.885636
v 0.773948 0.923752 -0.906164
v 0.773948 0.923752 -0.988276
v 0.773948 0.923752 -1.008803
v 0.773948 0.923752 -1.090914
v 0.773948 0.923752 -1.111442
v 0.773948 0.923752 -1.193553
v 0.773948 0.923752 -1.214081
v 0.773948 0.923752 -1.275665
v 0.773948 1.046919 -0.618774
v 0.773948 1.046919 -0.680358
v 0.773948 1.046919 -0.700886
v 0.773948 1.046919 -0.782997
v 0.773948 1.046919 -0.803525
v 0.773948 1.046919 -0.885636
v 0.773948 1.046919 -0.906164
v 0.773948 1.046919 -0.988275
v 0.773948 1.046919 -1.008803
v 0.773948 1.046919 -1.090914
v 0.773948 1.046919 -1.111442
v 0.773948 1.046919 -1.193553
v 0.773948 1.046919 -1.214081
v 0.773948 1.046919 -1.275665
v 0.773948 1.067447 -0.618774
v 0.773948 1.067447 -0.680358
v 0.773948 1.067447 -0.700886
v 0.773948 1.067447 -0.782997
v 0.773948 1.067447 -0.803525
v 0.773948 1.067447 -0.885636
v 0.773948 1.067447 -0.906164
v 0.773948 1.067447 -0.988275
v 0.773948 1.067447 -1.008803
v 0.773948 1.067447 -1.090914
v 0.773948 1.067447 -1.111442
v 0.773948 1.067447 -1.193553
v 0.773948 1.067447 -1.214081
v 0.773948 1.067447 -1.275665
v 0.773948 1.190614 -0.618774
v 0.773948 1.190614 -0.680358
v 0.773948 1.190614 -0.700886
v 0.773948 1.190614 -0.782997
v 0.773948 1.190614 -0.803525
v 0.773948 1.190614 -0.885636
v 0.773948 1.190614 -0.906164
v 0.773948 1.190614 -0.988275
v 0.773948 1.190614 -1.008803
v 0.773948 1.190614 -1.090914
v 0.773948 1.190614 -1.111442
v 0.773948 1.190614 -1.193553
v 0.773948 1.190614 -1.214081
v 0.773948 1.190614 -1.275665
v 0.773948 1.211141 -0.618774
v 0.773948 1.211141 -0.680358
v 0.773948 1.211141 -0.700886
v 0.773948 1.211141 -0.782997
v 0.773948 1.211141 -0.803525
v 0.773948 1.211141 -0.885636
v 0.773948 1.211141 -0.906164
v 0.773948 1.211141 -0.988275
v 0.773948 1.211141 -1.008803
v 0.773948 1.211141 -1.090914
v 0.773948 1.211141 -1.111442
v 0.773948 1.211141 -1.193553
v 0.773948 1.211142 -1.214081
v 0.773948 1.211142 -1.275665
v 0.773948 1.334309 -0.618774
v 0.773948 1.334309 -0.680358
v 0.773948 1.334309 -0.700886
v 0.773948 1.334309 -0.782997
v 0.773948 1.334309 -0.803525
v 0.773948 1.334309 -0.885636
v 0.773948 1.334309 -0.906164
v 0.773948 1.334309 -0.988275
v 0.773948 1.334309 -1.008803
v 0.773948 1.334309 -1.090914
v 0.773948 1.334309 -1.111442
v 0.773948 1.334309 -1.193553
v 0.773948 1.334309 -1.214081
v 0.773948 1.334309 -1.275665
v 0.773948 1.354836 -0.618774
v 0.773948 1.354836 -0.680358
v 0.773948 1.354836 -0.700886
v 0.773948 1.354836 -0.782997
v 0.773948 1.354836 -0.803525
v 0.773948 1.354836 -0.885636
v 0.773948 1.354836 -0.906164
v 0.773948 1.354836 -0.988275
v 0.773948 1.354836 -1.008803
v 0.773948 1.354836 -1.090914
v 0.773948 1.354836 -1.111442
v 0.773948 1.354836 -1.193553
v 0.773948 1.354836 -1.214081
v 0.773948 1.354836 -1.275665
v 0.773948 1.478003 -0.618774
v 0.773948 1.478003 -0.680358
v 0.773948 1.478003 -0.700886
v 0.773948 1.478003 -0.782997
v 0.773948 1.478003 -0.803525
v 0.773948 1.478003 -0.885636
v 0.773948 1.478003 -0.906164
v 0.773948 1.478003 -0.988275
v 0.773948 1.478003 -1.008803
v 0.773948 1.478003 -1.090914
v 0.773948 1.478003 -1.111442
v 0.773948 1.478003 -1.193553
v 0.773948 1.478003 -1.214081
v 0.773948 1.478003 -1.275665
v 0.773948 1.498531 -0.618774
v 0.773948 1.498531 -0.680358
v 0.773948 1.498531 -0.700886
v 0.773948 1.498531 -0.782997
v 0.773948 1.498531 -0.803525
v 0.773948 1.498531 -0.885636
v 0.773948 1.498531 -0.906164
v 0.773948 1.498531 -0.988275
v 0.773948 1.498531 -1.008803
v 0.773948 1.498531 -1.090914
v 0.773948 1.498531 -1.111442
v 0.773948 1.498531 -1.193553
v 0.773948 1.498531 -1.214081
v 0.773948 1.498531 -1.275665
v 0.773948 1.621698 -0.618774
v 0.773948 1.621698 -0.680358
v 0.773948 1.621698 -0.700886
v 0.773948 1.621698 -0.782997
v 0.773948 1.621698 -0.803525
v 0.773948 1.621698 -0.885636
v 0.773948 1.621698 -0.906164
v 0.773948 1.621698 -0.988275
v 0.773948 1.621698 -1.008803
v 0.773948 1.621698 -1.090914
v 0.773948 1.621698 -1.111442
v 0.773948 1.621698 -1.193553
v 0.773948 1.621698 -1.214081
v 0.773948 1.621698 -1.275665
v 0.773948 1.642226 -0.618774
v 0.773948 1.642226 -0.680358
v 0.773948 1.642226 -0.700886
v 0.773948 1.642226 -0.782997
v 0.773948 1.642226 -0.803525
v 0.773948 1.642226 -0.885636
v 0.773948 1.642226 -0.906164
v 0.773948 1.642226 -0.988275
v 0.773948 1.642226 -1.008803
v 0.773948 1.642226 -1.090914
v 0.773948 1.642226 -1.111442
v 0.773948 1.642226 -1.193553
v 0.773948 1.642226 -1.214081
v 0.773948 1.642226 -1.275665
v 0.773948 1.765393 -0.618774
v 0.773948 1.765393 -0.680358
v 0.773948 1.765393 -0.700886
v 0.773948 1.765393 -0.782997
v 0.773948 1.765393 -0.803525
v 0.773948 1.765393 -0.885636
v 0.773948 1.765393 -0.906164
v 0.773948 1.765393 -0.988275
v 0.773948 1.765393 -1.008803
v 0.773948 1.765393 -1.090914
v 0.773948 1.765393 -1.111442
v 0.773948 1.765393 -1.193553
v 0.773948 1.765393 -1.214081
v 0.773948 1.765393 -1.275665
v 0.773948 1.785921 -0.618774
v 0.773948 1.785921 -0.680358
v 0.773948 1.785921 -0.700886
v 0.773948 1.785921 -0.782997
v 0.773948 1.785921 -0.803525
v 0.773948 1.785921 -0.885636
v 0.773948 1.785921 -0.906164
v 0.773948 1.785921 -0.988275
v 0.773948 1.785921 -1.008803
v 0.773948 1.785921 -1.090914
v 0.773948 1.785921 -1.111442
v 0.773948 1.785921 -1.193553
v 0.773948 1.785921 -1.214081
v 0.773948 1.785921 -1.275665
v 0.773948 1.909087 -0.618774
v 0.773948 1.909087 -0.680358
v 0.773948 1.909087 -0.700886
v 0.773948 1.909087 -0.782997
v 0.773948 1.909087 -0.803524
v 0.773948 1.909087 -0.885636
v 0.773948 1.909087 -0.906164
v 0.773948 1.909087 -0.988275
v 0.773948 1.909087 -1.008803
v 0.773948 1.909087 -1.090914
v 0.773948 1.909087 -1.111442
v 0.773948 1.909087 -1.193553
v 0.773948 1.909087 -1.214081
v 0.773948 1.909087 -1.275665
v 0.773948 1.929615 -0.618774
v 0.773948 1.929615 -0.680358
v 0.773948 1.929615 -0.700886
v 0.773948 1.929615 -0.782997
v 0.773948 1.929615 -0.803524
v 0.773948 1.929615 -0.885636
v 0.773948 1.929615 -0.906164
v 0.773948 1.929615 -0.988275
v 0.773948 1.929615 -1.008803
v 0.773948 1.929615 -1.090914
v 0.773948 1.929615 -1.111442
v 0.773948 1.929615 -1.193553
v 0.773948 1.929615 -1.214081
v 0.773948 1.929615 -1.275665
v 0.773948 2.052782 -0.618774
v 0.773948 2.052782 -0.680358
v 0.773948 2.052782 -0.700886
v 0.773948 2.052782 -0.782997
v 0.773948 2.052782 -0.803524
v 0.773948 2.052782 -0.885636
v 0.773948 2.052782 -0.906164
v 0.773948 2.052782 -0.988275
v 0.773948 2.052782 -1.008803
v 0.773948 2.052782 -1.090914
v 0.773948 2.052782 -1.111442
v 0.773948 2.052782 -1.193553
v 0.773948 2.052782 -1.214081
v 0.773948 2.052782 -1.275665
v 0.773948 2.073310 -0.618774
v 0.773948 2.073310 -0.680358
v 0.773948 2.073310 -0.700886
v 0.773948 2.073310 -0.782997
v 0.773948 2.073310 -0.803524
v 0.773948 2.073310 -0.885636
v 0.773948 2.073310 -0.906164
v 0.773948 2.073310 -0.988275
v 0.773948 2.073310 -1.008803
v 0.773948 2.073310 -1.090914
v 0.773948 2.073310 -1.111442
v 0.773948 2.073310 -1.193553
v 0.773948 2.073310 -1.214081
v 0.773948 2.073310 -1.275665
v 0.773948 2.175949 -0.618774
v 0.773948 2.175949 -0.680358
v 0.773948 2.175949 -0.700885
v 0.773948 2.175949 -0.782997
v 0.773948 2.175949 -0.803524
v 0.773948 2.175949 -0.885636
v 0.773948 2.175949 -0.906164
v 0.773948 2.175949 -0.988275
v 0.773948 2.175949 -1.008803
v 0.773948 2.175949 -1.090914
v 0.773948 2.175949 -1.111442
v 0.773948 2.175949 -1.193553
v 0.773948 2.175949 -1.214081
v 0.773948 2.175949 -1.275664
v 0.773948 2.196477 -0.618774
v 0.773948 2.196477 -0.680358
v 0.773948 2.196477 -0.700885
v 0.773948 2.196477 -0.782997
v 0.773948 2.196477 -0.803524
v 0.773948 2.196477 -0.885636
v 0.773948 2.196477 -0.906164
v 0.773948 2.196477 -0.988275
v 0.773948 2.196477 -1.008803
v 0.773948 2.196477 -1.090914
v 0.773948 2.196477 -1.111442
v 0.773948 2.196477 -1.193553
v 0.773948 2.196477 -1.214081
v 0.773948 2.196477 -1.275664
v 0.773948 2.319644 -0.618774
v 0.773948 2.319644 -0.680358
v 0.773948 2.319644 -0.700885
v 0.773948 2.319644 -0.782997
v 0.773948 2.319644 -0.803524
v 0.773948 2.319644 -0.885636
v 0.773948 2.319644 -0.906164
v 0.773948 2.319644 -0.988275
v 0.773948 2.319644 -1.008803
v 0.773948 2.319644 -1.090914
v 0.773948 2.319644 -1.111442
v 0.773948 2.319644 -1.193553
v 0.773948 2.319644 -1.214081
v 0.773948 2.319644 -1.275664
v 0.773948 2.340172 -0.680358
v 0.773948 2.340172 -0.700885
v 0.773948 2.340172 -0.782997
v 0.773948 2.340172 -0.803524
v 0.773948 2.340172 -0.885636
v 0.773948 2.340172 -0.906164
v 0.773948 2.340172 -0.988275
v 0.773948 2.340172 -1.008803
v 0.773948 2.340172 -1.090914
v 0.773948 2.340172 -1.111442
v 0.773948 2.340172 -1.193553
v 0.773948 2.340172 -1.214081
v 0.876587 0.020528 -0.536663
v 0.876587 -0.000000 -0.618775
v 0.876587 -0.000000 -0.536663
v 0.876587 0.020528 -0.557191
v 0.876587 0.102639 -0.618775
v 0.876587 0.102639 -1.275665
v 0.876587 0.000000 -1.378304
v 0.876587 0.000000 -1.275665
v 0.876587 0.123167 -0.618775
v 0.876587 0.123167 -1.275665
v 0.876587 0.328445 -0.618775
v 0.876587 0.328445 -1.275665
v 0.876587 0.348973 -0.618775
v 0.876587 0.348973 -1.275665
v 0.876587 0.472140 -0.618775
v 0.876587 0.472140 -1.275665
v 0.876587 0.492668 -0.618775
v 0.876587 0.492668 -1.275665
v 0.876587 0.615835 -0.618775
v 0.876587 0.615835 -1.275665
v 0.876587 0.636362 -0.618775
v 0.876587 0.636362 -1.275665
v 0.876587 0.759529 -0.618775
v 0.876587 0.759530 -1.275665
v 0.876587 0.780057 -0.618775
v 0.876587 0.780057 -1.275665
v 0.876587 0.903224 -0.618775
v 0.876587 0.903225 -1.275665
v 0.876587 0.923752 -0.618775
v 0.876587 0.923752 -1.275665
v 0.876587 1.046919 -0.618774
v 0.876587 1.046919 -1.275665
v 0.876587 1.067447 -0.618774
v 0.876587 1.067447 -1.275665
v 0.876587 1.190614 -0.618774
v 0.876587 1.190614 -1.275665
v 0.876587 1.211141 -0.618774
v 0.876587 1.211142 -1.275665
v 0.876587 1.334309 -0.618774
v 0.876587 1.334309 -1.275665
v 0.876587 1.354836 -0.618774
v 0.876587 1.354836 -1.275665
v 0.876587 1.478003 -0.618774
v 0.876587 1.478003 -1.275665
v 0.876587 1.498531 -0.618774
v 0.876587 1.498531 -1.275665
v 0.876587 1.621698 -0.618774
v 0.876587 1.621698 -1.275665
v 0.876587 1.642226 -0.618774
v 0.876587 1.642226 -1.275665
v 0.876587 1.765393 -0.618774
v 0.876587 1.765393 -1.275665
v 0.876587 1.785921 -0.618774
v 0.876587 1.785921 -1.275665
v 0.876587 1.909087 -0.618774
v 0.876587 1.909087 -1.275665
v 0.876587 1.929615 -0.618774
v 0.876587 1.929615 -1.275665
v 0.876587 2.052782 -0.618774
v 0.876587 2.052782 -1.275665
v 0.876587 2.073310 -0.618774
v 0.876587 2.073310 -1.275665
v 0.876587 2.175949 -0.618774
v 0.876587 2.175949 -1.275664
v 0.876587 2.196477 -0.618774
v 0.876587 2.196477 -1.275664
v 0.876587 2.319644 -0.618774
v 0.876587 2.319644 -1.275664
v 0.876587 2.340172 -0.557191
v 0.876587 2.319644 -0.680358
v 0.876587 2.340172 -0.577718
v 0.876587 2.340172 -0.680358
v 0.876587 2.340172 -0.700885
v 0.876587 2.319644 -0.782997
v 0.876587 2.319644 -0.700885
v 0.876587 2.340172 -0.782997
v 0.876587 2.340172 -0.803524
v 0.876587 2.319644 -0.885636
v 0.876587 2.319644 -0.803524
v 0.876587 2.340172 -0.885636
v 0.876587 2.340172 -0.906164
v 0.876587 2.319644 -0.988275
v 0.876587 2.319644 -0.906164
v 0.876587 2.340172 -0.988275
v 0.876587 2.340172 -1.008803
v 0.876587 2.319644 -1.090914
v 0.876587 2.319644 -1.008803
v 0.876587 2.340172 -1.090914
v 0.876587 2.340172 -1.111442
v 0.876587 2.319644 -1.193553
v 0.876587 2.319644 -1.111442
v 0.876587 2.340172 -1.193553
v 0.876587 2.340172 -1.214081
v 0.876587 2.319644 -1.214081
v 0.876587 2.381227 -0.577718
v 0.876587 2.381227 -1.378303
v 0.897115 0.020528 -1.624638
v 0.897115 0.000000 -1.645166
v 0.897115 0.000000 -1.439888
v 0.897115 0.020528 -1.645166
v 0.897115 0.041056 -1.604110
v 0.897115 0.041056 -1.624638
v 0.897115 0.061584 -1.604110
v 0.897115 0.061584 -1.624638
v 0.897115 0.082112 -1.604110
v 0.897115 0.082112 -1.624638
v 0.897115 0.102639 -1.604110
v 0.897115 0.102639 -1.624638
v 0.897115 0.123167 -1.604110
v 0.897115 0.123167 -1.624638
v 0.897115 0.143695 -1.604110
v 0.897115 0.143695 -1.624638
v 0.897115 0.164223 -1.604110
v 0.897115 0.164223 -1.624638
v 0.897115 0.184751 -1.604110
v 0.897115 0.184751 -1.624638
v 0.897115 0.205278 -1.604110
v 0.897115 0.205278 -1.624638
v 0.897115 0.225806 -1.604110
v 0.897115 0.225806 -1.624638
v 0.897115 0.246334 -1.604110
v 0.897115 0.246334 -1.624638
v 0.897115 0.266862 -1.604110
v 0.897115 0.266862 -1.624638
v 0.897115 0.287390 -1.604110
v 0.897115 0.287390 -1.624638
v 0.897115 0.307917 -1.604110
v 0.897115 0.307917 -1.624638
v 0.897115 0.328445 -1.604110
v 0.897115 0.328445 -1.624638
v 0.897115 0.348973 -1.604110
v 0.897115 0.348973 -1.624638
v 0.897115 0.369501 -1.604110
v 0.897115 0.369501 -1.624638
v 0.897115 0.390029 -1.604110
v 0.897115 0.390029 -1.624638
v 0.897115 0.410557 -1.604110
v 0.897115 0.410557 -1.624638
v 0.897115 0.431084 -1.604110
v 0.897115 0.431085 -1.624638
v 0.897115 0.451612 -1.604110
v 0.897115 0.451612 -1.624638
v 0.897115 0.472140 -1.604110
v 0.897115 0.472140 -1.624638
v 0.897115 0.492668 -1.604110
v 0.897115 0.492668 -1.624638
v 0.897115 0.513196 -1.604110
v 0.897115 0.513196 -1.624638
v 0.897115 0.533723 -1.604110
v 0.897115 0.533723 -1.624638
v 0.897115 0.554251 -1.604110
v 0.897115 0.554251 -1.624638
v 0.897115 0.574779 -1.604110
v 0.897115 0.574779 -1.624638
v 0.897115 0.595307 -1.604110
v 0.897115 0.595307 -1.624638
v 0.897115 0.615835 -1.604110
v 0.897115 0.615835 -1.624638
v 0.897115 0.636363 -1.604110
v 0.897115 0.636363 -1.624638
v 0.897115 0.656891 -1.604110
v 0.897115 0.656891 -1.624638
v 0.897115 0.677418 -1.604110
v 0.897115 0.677418 -1.624638
v 0.897115 0.697946 -1.604110
v 0.897115 0.697946 -1.624638
v 0.897115 0.718474 -1.604110
v 0.897115 0.718474 -1.624638
v 0.897115 0.739002 -1.604110
v 0.897115 0.739002 -1.624638
v 0.897115 0.759530 -1.604110
v 0.897115 0.759530 -1.624638
v 0.897115 0.780057 -1.604110
v 0.897115 0.780057 -1.624638
v 0.897115 0.800585 -1.604110
v 0.897115 0.800585 -1.624638
v 0.897115 0.821113 -1.604110
v 0.897115 0.821113 -1.624638
v 0.897115 0.841641 -1.604110
v 0.897115 0.841641 -1.624638
v 0.897115 0.862169 -1.604110
v 0.897115 0.862169 -1.624638
v 0.897115 0.882697 -1.604110
v 0.897115 0.882697 -1.624638
v 0.897115 0.903225 -1.604110
v 0.897115 0.903225 -1.624638
v 0.897115 0.923752 -1.604110
v 0.897115 0.923752 -1.624638
v 0.897115 0.944280 -1.604110
v 0.897115 0.944280 -1.624638
v 0.897115 0.964808 -1.604110
v 0.897115 0.964808 -1.624638
v 0.897115 0.985336 -1.604110
v 0.897115 0.985336 -1.624638
v 0.897115 1.005864 -1.604110
v 0.897115 1.005864 -1.624638
v 0.897115 1.026391 -1.604110
v 0.897115 1.026391 -1.624638
v 0.897115 1.046919 -1.604110
v 0.897115 1.046919 -1.624638
v 0.897115 1.067447 -1.604110
v 0.897115 1.067447 -1.624638
v 0.897115 1.087975 -1.604110
v 0.897115 1.087975 -1.624638
v 0.897115 1.108503 -1.604110
v 0.897115 1.108503 -1.624638
v 0.897115 1.129030 -1.604110
v 0.897115 1.129030 -1.624638
v 0.897115 1.149558 -1.604110
v 0.897115 1.149558 -1.624638
v 0.897115 1.170086 -1.604110
v 0.897115 1.170086 -1.624638
v 0.897115 1.190614 -1.604110
v 0.897115 1.190614 -1.624638
v 0.897115 1.211142 -1.604110
v 0.897115 1.211142 -1.624638
v 0.897115 1.231670 -1.604110
v 0.897115 1.231670 -1.624638
v 0.897115 1.252197 -1.604110
v 0.897115 1.252197 -1.624638
v 0.897115 1.272725 -1.604110
v 0.897115 1.272725 -1.624638
v 0.897115 1.293253 -1.604110
v 0.897115 1.293253 -1.624638
v 0.897115 1.313781 -1.604110
v 0.897115 1.313781 -1.624638
v 0.897115 1.334309 -1.604110
v 0.897115 1.334309 -1.624638
v 0.897115 1.354836 -1.604110
v 0.897115 1.354836 -1.624638
v 0.897115 1.375364 -1.604110
v 0.897115 1.375364 -1.624638
v 0.897115 1.395892 -1.604110
v 0.897115 1.395892 -1.624638
v 0.897115 1.416420 -1.604110
v 0.897115 1.416420 -1.624638
v 0.897115 1.436948 -1.604110
v 0.897115 1.436948 -1.624638
v 0.897115 1.457476 -1.604110
v 0.897115 1.457476 -1.624638
v 0.897115 1.478004 -1.604110
v 0.897115 1.478004 -1.624638
v 0.897115 1.498531 -1.604110
v 0.897115 1.498531 -1.624638
v 0.897115 1.519059 -1.604110
v 0.897115 1.519059 -1.624638
v 0.897115 1.539587 -1.604110
v 0.897115 1.539587 -1.624638
v 0.897115 1.560115 -1.604110
v 0.897115 1.560115 -1.624638
v 0.897115 1.580643 -1.604110
v 0.897115 1.580643 -1.624638
v 0.897115 1.601170 -1.604110
v 0.897115 1.601170 -1.624638
v 0.897115 1.621698 -1.604110
v 0.897115 1.621698 -1.624638
v 0.897115 1.642226 -1.604110
v 0.897115 1.642226 -1.624638
v 0.897115 1.662754 -1.604110
v 0.897115 1.662754 -1.624638
v 0.897115 1.683282 -1.604110
v 0.897115 1.683282 -1.624638
v 0.897115 1.703810 -1.604110
v 0.897115 1.703810 -1.624638
v 0.897115 1.724337 -1.604110
v 0.897115 1.724337 -1.624638
v 0.897115 1.744865 -1.604110
v 0.897115 1.744865 -1.624638
v 0.897115 1.765393 -1.604110
v 0.897115 1.765393 -1.624638
v 0.897115 1.785921 -1.604110
v 0.897115 1.785921 -1.624638
v 0.897115 1.806449 -1.604110
v 0.897115 1.806449 -1.624638
v 0.897115 1.826976 -1.604110
v 0.897115 1.826976 -1.624637
v 0.897115 1.847504 -1.604110
v 0.897115 1.847504 -1.624637
v 0.897115 1.868032 -1.604110
v 0.897115 1.868032 -1.624637
v 0.897115 1.888560 -1.604110
v 0.897115 1.888560 -1.624637
v 0.897115 1.909088 -1.604110
v 0.897115 1.909088 -1.624637
v 0.897115 1.929615 -1.604110
v 0.897115 1.929615 -1.624637
v 0.897115 1.950143 -1.604110
v 0.897115 1.950143 -1.624637
v 0.897115 1.970671 -1.604110
v 0.897115 1.970671 -1.624637
v 0.897115 1.991199 -1.604110
v 0.897115 1.991199 -1.624637
v 0.897115 2.011727 -1.604110
v 0.897115 2.011727 -1.624637
v 0.897115 2.032254 -1.604110
v 0.897115 2.032254 -1.624637
v 0.897115 2.052782 -1.604110
v 0.897115 2.052782 -1.624637
v 0.897115 2.073310 -1.604110
v 0.897115 2.073310 -1.624637
v 0.897115 2.093838 -1.604110
v 0.897115 2.093838 -1.624637
v 0.897115 2.114366 -1.604110
v 0.897115 2.114366 -1.624637
v 0.897115 2.134893 -1.604110
v 0.897115 2.134893 -1.624637
v 0.897115 2.155421 -1.604110
v 0.897115 2.155421 -1.624637
v 0.897115 2.175949 -1.604110
v 0.897115 2.175949 -1.624637
v 0.897115 2.196477 -1.604110
v 0.897115 2.196477 -1.624637
v 0.897115 2.217005 -1.604110
v 0.897115 2.217005 -1.624637
v 0.897115 2.237533 -1.604110
v 0.897115 2.237533 -1.624637
v 0.897115 2.258061 -1.604110
v 0.897115 2.258061 -1.624637
v 0.897115 2.278589 -1.604110
v 0.897115 2.278589 -1.624637
v 0.897115 2.340172 -0.536663
v 0.897115 0.020528 -0.557191
v 0.897115 0.020528 -0.536663
v 0.897115 2.340172 -0.557191
v 0.897115 2.381227 -1.439887
v 0.897115 2.381227 -1.624637
v 0.917643 0.041056 -1.624638
v 0.917643 0.020528 -1.645166
v 0.917643 0.020528 -1.624638
v 0.917643 0.041056 -1.645166
v 0.917643 0.061584 -1.624638
v 0.917643 0.061584 -1.645166
v 0.917643 0.082112 -1.624638
v 0.917643 0.082112 -1.645166
v 0.917643 0.102639 -1.624638
v 0.917643 0.102639 -1.645166
v 0.917643 0.123167 -1.624638
v 0.917643 0.123167 -1.645166
v 0.917643 0.143695 -1.624638
v 0.917643 0.143695 -1.645166
v 0.917643 0.164223 -1.624638
v 0.917643 0.164223 -1.645166
v 0.917643 0.184751 -1.624638
v 0.917643 0.184751 -1.645166
v 0.917643 0.205278 -1.624638
v 0.917643 0.205278 -1.645166
v 0.917643 0.225806 -1.624638
v 0.917643 0.225806 -1.645166
v 0.917643 0.246334 -1.624638
v 0.917643 0.246334 -1.645166
v 0.917643 0.266862 -1.624638
v 0.917643 0.266862 -1.645166
v 0.917643 0.287390 -1.624638
v 0.917643 0.287390 -1.645166
v 0.917643 0.307917 -1.624638
v 0.917643 0.307917 -1.645166
v 0.917643 0.328445 -1.624638
v 0.917643 0.328446 -1.645166
v 0.917643 0.348973 -1.624638
v 0.917643 0.348973 -1.645166
v 0.917643 0.369501 -1.624638
v 0.917643 0.369501 -1.645166
v 0.917643 0.390029 -1.624638
v 0.917643 0.390029 -1.645166
v 0.917643 0.410557 -1.624638
v 0.917643 0.410557 -1.645166
v 0.917643 0.431085 -1.624638
v 0.917643 0.431085 -1.645166
v 0.917643 0.451612 -1.624638
v 0.917643 0.451612 -1.645166
v 0.917643 0.472140 -1.624638
v 0.917643 0.472140 -1.645166
v 0.917643 0.492668 -1.624638
v 0.917643 0.492668 -1.645166
v 0.917643 0.513196 -1.624638
v 0.917643 0.513196 -1.645166
v 0.917643 0.533723 -1.624638
v 0.917643 0.533723 -1.645166
v 0.917643 0.554251 -1.624638
v 0.917643 0.554251 -1.645166
v 0.917643 0.574779 -1.624638
v 0.917643 0.574779 -1.645166
v 0.917643 0.595307 -1.624638
v 0.917643 0.595307 -1.645166
v 0.917643 0.615835 -1.624638
v 0.917643 0.615835 -1.645166
v 0.917643 0.636363 -1.624638
v 0.917643 0.636363 -1.645166
v 0.917643 0.656891 -1.624638
v 0.917643 0.656891 -1.645166
v 0.917643 0.677418 -1.624638
v 0.917643 0.677418 -1.645166
v 0.917643 0.697946 -1.624638
v 0.917643 0.697946 -1.645166
v 0.917643 0.718474 -1.624638
v 0.917643 0.718474 -1.645166
v 0.917643 0.739002 -1.624638
v 0.917643 0.739002 -1.645166
v 0.917643 0.759530 -1.624638
v 0.917643 0.759530 -1.645166
v 0.917643 0.780057 -1.624638
v 0.917643 0.780057 -1.645166
v 0.917643 0.800585 -1.624638
v 0.917643 0.800585 -1.645166
v 0.917643 0.821113 -1.624638
v 0.917643 0.821113 -1.645166
v 0.917643 0.841641 -1.624638
v 0.917643 0.841641 -1.645166
v 0.917643 0.862169 -1.624638
v 0.917643 0.862169 -1.645166
v 0.917643 0.882697 -1.624638
v 0.917643 0.882697 -1.645166
v 0.917643 0.903225 -1.624638
v 0.917643 0.903225 -1.645166
v 0.917643 0.923752 -1.624638
v 0.917643 0.923752 -1.645166
v 0.917643 0.944280 -1.624638
v 0.917643 0.944280 -1.645166
v 0.917643 0.964808 -1.624638
v 0.917643 0.964808 -1.645166
v 0.917643 0.985336 -1.624638
v 0.917643 0.985336 -1.645166
v 0.917643 1.005864 -1.624638
v 0.917643 1.005864 -1.645166
v 0.917643 1.026391 -1.624638
v 0.917643 1.026391 -1.645166
v 0.917643 1.046919 -1.624638
v 0.917643 1.046919 -1.645166
v 0.917643 1.067447 -1.624638
v 0.917643 1.067447 -1.645166
v 0.917643 1.087975 -1.624638
v 0.917643 1.087975 -1.645166
v 0.917643 1.108503 -1.624638
v 0.917643 1.108503 -1.645166
v 0.917643 1.129030 -1.624638
v 0.917643 1.129030 -1.645166
v 0.917643 1.149558 -1.624638
v 0.917643 1.149558 -1.645166
v 0.917643 1.170086 -1.624638
v 0.917643 1.170086 -1.645166
v 0.917643 1.190614 -1.624638
v 0.917643 1.190614 -1.645166
v 0.917643 1.211142 -1.624638
v 0.917643 1.211142 -1.645166
v 0.917643 1.231670 -1.624638
v 0.917643 1.231670 -1.645166
v 0.917643 1.252197 -1.624638
v 0.917643 1.252197 -1.645166
v 0.917643 1.272725 -1.624638
v 0.917643 1.272725 -1.645166
v 0.917643 1.293253 -1.624638
v 0.917643 1.293253 -1.645166
v 0.917643 1.313781 -1.624638
v 0.917643 1.313781 -1.645166
v 0.917643 1.334309 -1.624638
v 0.917643 1.334309 -1.645166
v 0.917643 1.354836 -1.624638
v 0.917643 1.354836 -1.645166
v 0.917643 1.375364 -1.624638
v 0.917643 1.375364 -1.645166
v 0.917643 1.395892 -1.624638
v 0.917643 1.395892 -1.645166
v 0.917643 1.416420 -1.624638
v 0.917643 1.416420 -1.645166
v 0.917643 1.436948 -1.624638
v 0.917643 1.436948 -1.645166
v 0.917643 1.457476 -1.624638
v 0.917643 1.457476 -1.645166
v 0.917643 1.478004 -1.624638
v 0.917643 1.478004 -1.645166
v 0.917643 1.498531 -1.624638
v 0.917643 1.498531 -1.645166
v 0.917643 1.519059 -1.624638
v 0.917643 1.519059 -1.645166
v 0.917643 1.539587 -1.624638
v 0.917643 1.539587 -1.645166
v 0.917643 1.560115 -1.624638
v 0.917643 1.560115 -1.645166
v 0.917643 1.580643 -1.624638
v 0.917643 1.580643 -1.645166
v 0.917643 1.601170 -1.624638
v 0.917643 1.601170 -1.645166
v 0.917643 1.621698 -1.624638
v 0.917643 1.621698 -1.645166
v 0.917643 1.642226 -1.624638
v 0.917643 1.642226 -1.645166
v 0.917643 1.662754 -1.624638
v 0.917643 1.662754 -1.645165
v 0.917643 1.683282 -1.624638
v 0.917643 1.683282 -1.645165
v 0.917643 1.703810 -1.624638
v 0.917643 1.703810 -1.645165
v 0.917643 1.724337 -1.624638
v 0.917643 1.724337 -1.645165
v 0.917643 1.744865 -1.624638
v 0.917643 1.744865 -1.645165
v 0.917643 1.765393 -1.624638
v 0.917643 1.765393 -1.645165
v 0.917643 1.785921 -1.624638
v 0.917643 1.785921 -1.645165
v 0.917643 1.806449 -1.624638
v 0.917643 1.806449 -1.645165
v 0.917643 1.826976 -1.624637
v 0.917643 1.826976 -1.645165
v 0.917643 1.847504 -1.624637
v 0.917643 1.847504 -1.645165
v 0.917643 1.868032 -1.624637
v 0.917643 1.868032 -1.645165
v 0.917643 1.888560 -1.624637
v 0.917643 1.888560 -1.645165
v 0.917643 1.909088 -1.624637
v 0.917643 1.909088 -1.645165
v 0.917643 1.929615 -1.624637
v 0.917643 1.929615 -1.645165
v 0.917643 1.950143 -1.624637
v 0.917643 1.950143 -1.645165
v 0.917643 1.970671 -1.624637
v 0.917643 1.970671 -1.645165
v 0.917643 1.991199 -1.624637
v 0.917643 1.991199 -1.645165
v 0.917643 2.011727 -1.624637
v 0.917643 2.011727 -1.645165
v 0.917643 2.032254 -1.624637
v 0.917643 2.032254 -1.645165
v 0.917643 2.052782 -1.624637
v 0.917643 2.052782 -1.645165
v 0.917643 2.073310 -1.624637
v 0.917643 2.073310 -1.645165
v 0.917643 2.093838 -1.624637
v 0.917643 2.093838 -1.645165
v 0.917643 2.114366 -1.624637
v 0.917643 2.114366 -1.645165
v 0.917643 2.134893 -1.624637
v 0.917643 2.134893 -1.645165
v 0.917643 2.155421 -1.624637
v 0.917643 2.155421 -1.645165
v 0.917643 2.175949 -1.624637
v 0.917643 2.175949 -1.645165
v 0.917643 2.196477 -1.624637
v 0.917643 2.196477 -1.645165
v 0.917643 2.217005 -1.624637
v 0.917643 2.217005 -1.645165
v 0.917643 2.237533 -1.624637
v 0.917643 2.237533 -1.645165
v 0.917643 2.258061 -1.624637
v 0.917643 2.258061 -1.645165
v 0.917643 2.278589 -1.624637
v 0.917643 2.278589 -1.645165
v 0.917643 2.360700 -1.624637
v 0.917643 2.360700 -1.645165
v 0.917643 2.381227 -1.378303
v 0.917643 0.000000 -1.439888
v 0.917643 0.000000 -1.378304
v 0.917643 2.381227 -1.439887
v 1.020282 2.565978 -0.639302
v 1.020282 2.381227 -0.721413
v 1.020282 2.381227 -0.639302
v 1.020282 2.565978 -0.721413
v 1.020282 2.381227 -0.741941
v 1.020282 2.565978 -0.741941
v 1.020282 2.381227 -0.988275
v 1.020282 2.565978 -0.988275
v 1.081866 2.586505 -1.398831
v 1.081866 2.381227 -1.419359
v 1.081866 2.381227 -1.398831
v 1.081866 2.586505 -1.419359
v 1.102394 2.360700 -1.624637
v 1.102394 0.000000 -1.645166
v 1.102394 0.000000 -1.624638
v 1.102394 2.360700 -1.645165
v 1.184505 1.170086 -0.536663
v 1.184505 -0.000000 -0.557191
v 1.184505 -0.000000 -0.536663
v 1.184505 1.170086 -0.557191
v 1.184505 2.381227 -1.624637
v 1.184505 2.360700 -1.645165
v 1.184505 2.360700 -1.624637
v 1.184505 2.381227 -1.645165
v 1.205033 2.340172 -0.536663
v 1.205033 1.170086 -0.557191
v 1.205033 1.170086 -0.536663
v 1.205033 2.340172 -0.557191
v 1.205033 2.586505 -1.193553
v 1.205033 2.381227 -1.214081
v 1.205033 2.381227 -1.193553
v 1.205033 2.586505 -1.214081
v 1.225560 1.170086 -0.536663
v 1.225560 -0.000000 -0.557191
v 1.225560 -0.000000 -0.536663
v 1.225560 1.170086 -0.557191
v 1.307672 2.360700 -1.624637
v 1.307672 0.000000 -1.645166
v 1.307672 0.000000 -1.624638
v 1.307672 2.360700 -1.645165
v 1.081866 0.000000 -1.624638
v 1.081866 0.000000 -1.645166
v 1.081866 2.360700 -1.624637
v 1.081866 2.360700 -1.645165
v 1.102394 2.381227 -1.398831
v 1.102394 2.381227 -1.419359
v 1.102394 2.586505 -1.398831
v 1.102394 2.586505 -1.419359
v 1.163977 -0.000000 -0.536663
v 1.163977 -0.000000 -0.557191
v 1.163977 1.170086 -0.536663
v 1.163977 1.170086 -0.557191
v 1.184505 2.340172 -0.536663
v 1.184505 2.340172 -0.557191
v 1.205033 -0.000000 -0.536663
v 1.205033 -0.000000 -0.557191
v 1.205033 2.360700 -1.624637
v 1.205033 2.360700 -1.645165
v 1.205033 2.381227 -1.624637
v 1.205033 2.381227 -1.645165
v 1.225560 2.381227 -1.193553
v 1.225560 2.381227 -1.214081
v 1.225560 2.586505 -1.193553
v 1.225560 2.586505 -1.214081
v 1.287144 0.000000 -1.624638
v 1.287144 0.000000 -1.645166
v 1.287144 2.360700 -1.624637
v 1.287144 2.360700 -1.645165
v 1.348727 2.381227 -0.639302
v 1.348727 2.381227 -0.721413
v 1.348727 2.565978 -0.639302
v 1.348727 2.381227 -0.741941
v 1.348727 2.565978 -0.721413
v 1.348727 2.381227 -0.988275
v 1.348727 2.565978 -0.741941
v 1.348727 2.565978 -0.988275
v 1.471894 0.020528 -1.624638
v 1.471894 0.020528 -1.645166
v 1.471894 0.041056 -1.624638
v 1.471894 0.041056 -1.645166
v 1.471894 0.061584 -1.624638
v 1.471894 0.061584 -1.645166
v 1.471894 0.082112 -1.624638
v 1.471894 0.082112 -1.645166
v 1.471894 0.102639 -1.624638
v 1.471894 0.102639 -1.645166
v 1.471894 0.123167 -1.624638
v 1.471894 0.123167 -1.645166
v 1.471894 0.143695 -1.624638
v 1.471894 0.143695 -1.645166
v 1.471894 0.164223 -1.624638
v 1.471894 0.164223 -1.645166
v 1.471894 0.184751 -1.624638
v 1.471894 0.184751 -1.645166
v 1.471894 0.205278 -1.624638
v 1.471894 0.205278 -1.645166
v 1.471894 0.225806 -1.624638
v 1.471894 0.225806 -1.645166
v 1.471894 0.246334 -1.624638
v 1.471894 0.246334 -1.645166
v 1.471894 0.266862 -1.624638
v 1.471894 0.266862 -1.645166
v 1.471894 0.287390 -1.624638
v 1.471894 0.287390 -1.645166
v 1.471894 0.307917 -1.624638
v 1.471894 0.307917 -1.645166
v 1.471894 0.328445 -1.624638
v 1.471894 0.328446 -1.645166
v 1.471894 0.348973 -1.624638
v 1.471894 0.348973 -1.645166
v 1.471894 0.369501 -1.624638
v 1.471894 0.369501 -1.645166
v 1.471894 0.390029 -1.624638
v 1.471894 0.390029 -1.645166
v 1.471894 0.410557 -1.624638
v 1.471894 0.410557 -1.645166
v 1.471894 0.431085 -1.624638
v 1.471894 0.431085 -1.645166
v 1.471894 0.451612 -1.624638
v 1.471894 0.451612 -1.645166
v 1.471894 0.472140 -1.624638
v 1.471894 0.472140 -1.645166
v 1.471894 0.492668 -1.624638
v 1.471894 0.492668 -1.645166
v 1.471894 0.513196 -1.624638
v 1.471894 0.513196 -1.645166
v 1.471894 0.533723 -1.624638
v 1.471894 0.533723 -1.645166
v 1.471894 0.554251 -1.624638
v 1.471894 0.554251 -1.645166
v 1.471894 0.574779 -1.624638
v 1.471894 0.574779 -1.645166
v 1.471894 0.595307 -1.624638
v 1.471894 0.595307 -1.645166
v 1.471894 0.615835 -1.624638
v 1.471894 0.615835 -1.645166
v 1.471894 0.636363 -1.624638
v 1.471894 0.636363 -1.645166
v 1.471894 0.656891 -1.624638
v 1.471894 0.656891 -1.645166
v 1.471894 0.677418 -1.624638
v 1.471894 0.677418 -1.645166
v 1.471894 0.697946 -1.624638
v 1.471894 0.697946 -1.645166
v 1.471894 0.718474 -1.624638
v 1.471894 0.718474 -1.645166
v 1.471894 0.739002 -1.624638
v 1.471894 0.739002 -1.645166
v 1.471894 0.759530 -1.624638
v 1.471894 0.759530 -1.645166
v 1.471894 0.780057 -1.624638
v 1.471894 0.780057 -1.645166
v 1.471894 0.800585 -1.624638
v 1.471894 0.800585 -1.645166
v 1.471894 0.821113 -1.624638
v 1.471894 0.821113 -1.645166
v 1.471894 0.841641 -1.624638
v 1.471894 0.841641 -1.645166
v 1.471894 0.862169 -1.624638
v 1.471894 0.862169 -1.645166
v 1.471894 0.882697 -1.624638
v 1.471894 0.882697 -1.645166
v 1.471894 0.903225 -1.624638
v 1.471894 0.903225 -1.645166
v 1.471894 0.923752 -1.624638
v 1.471894 0.923752 -1.645166
v 1.471894 0.944280 -1.624638
v 1.471894 0.944280 -1.645166
v 1.471894 0.964808 -1.624638
v 1.471894 0.964808 -1.645166
v 1.471894 0.985336 -1.624638
v 1.471894 0.985336 -1.645166
v 1.471894 1.005864 -1.624638
v 1.471894 1.005864 -1.645166
v 1.471894 1.026391 -1.624638
v 1.471894 1.026391 -1.645166
v 1.471894 1.046919 -1.624638
v 1.471894 1.046919 -1.645166
v 1.471894 1.067447 -1.624638
v 1.471894 1.067447 -1.645166
v 1.471894 1.087975 -1.624638
v 1.471894 1.087975 -1.645166
v 1.471894 1.108503 -1.624638
v 1.471894 1.108503 -1.645166
v 1.471894 1.129030 -1.624638
v 1.471894 1.129030 -1.645166
v 1.471894 1.149558 -1.624638
v 1.471894 1.149558 -1.645166
v 1.471894 1.170086 -1.624638
v 1.471894 1.170086 -1.645166
v 1.471894 1.190614 -1.624638
v 1.471894 1.190614 -1.645166
v 1.471894 1.211142 -1.624638
v 1.471894 1.211142 -1.645166
v 1.471894 1.231670 -1.624638
v 1.471894 1.231670 -1.645166
v 1.471894 1.252197 -1.624638
v 1.471894 1.252197 -1.645166
v 1.471894 1.272725 -1.624638
v 1.471894 1.272725 -1.645166
v 1.471894 1.293253 -1.624638
v 1.471894 1.293253 -1.645166
v 1.471894 1.313781 -1.624638
v 1.471894 1.313781 -1.645166
v 1.471894 1.334309 -1.624638
v 1.471894 1.334309 -1.645166
v 1.471894 1.354836 -1.624638
v 1.471894 1.354836 -1.645166
v 1.471894 1.375364 -1.624638
v 1.471894 1.375364 -1.645166
v 1.471894 1.395892 -1.624638
v 1.471894 1.395892 -1.645166
v 1.471894 1.416420 -1.624638
v 1.471894 1.416420 -1.645166
v 1.471894 1.436948 -1.624638
v 1.471894 1.436948 -1.645166
v 1.471894 1.457476 -1.624638
v 1.471894 1.457476 -1.645166
v 1.471894 1.478004 -1.624638
v 1.471894 1.478004 -1.645166
v 1.471894 1.498531 -1.624638
v 1.471894 1.498531 -1.645166
v 1.471894 1.519059 -1.624638
v 1.471894 1.519059 -1.645166
v 1.471894 1.539587 -1.624638
v 1.471894 1.539587 -1.645166
v 1.471894 1.560115 -1.624638
v 1.471894 1.560115 -1.645166
v 1.471894 1.580643 -1.624638
v 1.471894 1.580643 -1.645166
v 1.471894 1.601170 -1.624638
v 1.471894 1.601170 -1.645166
v 1.471894 1.621698 -1.624638
v 1.471894 1.621698 -1.645166
v 1.471894 1.642226 -1.624638
v 1.471894 1.642226 -1.645166
v 1.471894 1.662754 -1.624638
v 1.471894 1.662754 -1.645165
v 1.471894 1.683282 -1.624638
v 1.471894 1.683282 -1.645165
v 1.471894 1.703810 -1.624638
v 1.471894 1.703810 -1.645165
v 1.471894 1.724337 -1.624638
v 1.471894 1.724337 -1.645165
v 1.471894 1.744865 -1.624638
v 1.471894 1.744865 -1.645165
v 1.471894 1.765393 -1.624638
v 1.471894 1.765393 -1.645165
v 1.471894 1.785921 -1.624638
v 1.471894 1.785921 -1.645165
v 1.471894 1.806449 -1.624638
v 1.471894 1.806449 -1.645165
v 1.471894 1.826976 -1.624637
v 1.471894 1.826976 -1.645165
v 1.471894 1.847504 -1.624637
v 1.471894 1.847504 -1.645165
v 1.471894 1.868032 -1.624637
v 1.471894 1.868032 -1.645165
v 1.471894 1.888560 -1.624637
v 1.471894 1.888560 -1.645165
v 1.471894 1.909088 -1.624637
v 1.471894 1.909088 -1.645165
v 1.471894 1.929615 -1.624637
v 1.471894 1.929615 -1.645165
v 1.471894 1.950143 -1.624637
v 1.471894 1.950143 -1.645165
v 1.471894 1.970671 -1.624637
v 1.471894 1.970671 -1.645165
v 1.471894 1.991199 -1.624637
v 1.471894 1.991199 -1.645165
v 1.471894 2.011727 -1.624637
v 1.471894 2.011727 -1.645165
v 1.471894 2.032254 -1.624637
v 1.471894 2.032254 -1.645165
v 1.471894 2.052782 -1.624637
v 1.471894 2.052782 -1.645165
v 1.471894 2.073310 -1.624637
v 1.471894 2.073310 -1.645165
v 1.471894 2.093838 -1.624637
v 1.471894 2.093838 -1.645165
v 1.471894 2.114366 -1.624637
v 1.471894 2.114366 -1.645165
v 1.471894 2.134893 -1.624637
v 1.471894 2.134893 -1.645165
v 1.471894 2.155421 -1.624637
v 1.471894 2.155421 -1.645165
v 1.471894 2.175949 -1.624637
v 1.471894 2.175949 -1.645165
v 1.471894 2.196477 -1.624637
v 1.471894 2.196477 -1.645165
v 1.471894 2.217005 -1.624637
v 1.471894 2.217005 -1.645165
v 1.471894 2.237533 -1.624637
v 1.471894 2.237533 -1.645165
v 1.471894 2.258061 -1.624637
v 1.471894 2.258061 -1.645165
v 1.471894 2.278589 -1.624637
v 1.471894 2.278589 -1.645165
v 1.471894 0.020528 -0.536663
v 1.471894 0.020528 -0.557191
v 1.471894 2.340172 -0.536663
v 1.471894 2.340172 -0.557191
v 1.471894 2.360700 -1.624637
v 1.471894 2.360700 -1.645165
v 1.492422 -0.000000 -0.536663
v 1.492422 -0.000000 -0.618775
v 1.492422 0.020528 -0.536663
v 1.492422 0.020528 -0.557191
v 1.492422 0.000000 -1.275665
v 1.492422 0.000000 -1.645166
v 1.492422 0.020528 -1.624638
v 1.492422 0.020528 -1.645166
v 1.492422 0.041056 -1.604110
v 1.492422 0.041056 -1.624638
v 1.492422 0.061584 -1.604110
v 1.492422 0.061584 -1.624638
v 1.492422 0.082112 -1.604110
v 1.492422 0.082112 -1.624638
v 1.492422 0.102639 -0.618775
v 1.492422 0.102639 -1.275665
v 1.492422 0.102639 -1.604110
v 1.492422 0.102639 -1.624638
v 1.492422 0.123167 -0.618775
v 1.492422 0.123167 -1.275665
v 1.492422 0.123167 -1.604110
v 1.492422 0.123167 -1.624638
v 1.492422 0.143695 -1.604110
v 1.492422 0.143695 -1.624638
v 1.492422 0.164223 -1.604110
v 1.492422 0.164223 -1.624638
v 1.492422 0.184751 -1.604110
v 1.492422 0.184751 -1.624638
v 1.492422 0.205278 -1.604110
v 1.492422 0.205278 -1.624638
v 1.492422 0.225806 -1.604110
v 1.492422 0.225806 -1.624638
v 1.492422 0.246334 -1.604110
v 1.492422 0.246334 -1.624638
v 1.492422 0.266862 -1.604110
v 1.492422 0.266862 -1.624638
v 1.492422 0.287390 -1.604110
v 1.492422 0.287390 -1.624638
v 1.492422 0.307917 -1.604110
v 1.492422 0.307917 -1.624638
v 1.492422 0.328445 -0.618775
v 1.492422 0.328445 -1.275665
v 1.492422 0.328445 -1.604110
v 1.492422 0.328445 -1.624638
v 1.492422 0.348973 -0.618775
v 1.492422 0.348973 -1.275665
v 1.492422 0.348973 -1.604110
v 1.492422 0.348973 -1.624638
v 1.492422 0.369501 -1.604110
v 1.492422 0.369501 -1.624638
v 1.492422 0.390029 -1.604110
v 1.492422 0.390029 -1.624638
v 1.492422 0.410557 -1.604110
v 1.492422 0.410557 -1.624638
v 1.492422 0.431084 -1.604110
v 1.492422 0.431085 -1.624638
v 1.492422 0.451612 -1.604110
v 1.492422 0.451612 -1.624638
v 1.492422 0.472140 -0.618775
v 1.492422 0.472140 -1.275665
v 1.492422 0.472140 -1.604110
v 1.492422 0.472140 -1.624638
v 1.492422 0.492668 -0.618775
v 1.492422 0.492668 -1.275665
v 1.492422 0.492668 -1.604110
v 1.492422 0.492668 -1.624638
v 1.492422 0.513196 -1.604110
v 1.492422 0.513196 -1.624638
v 1.492422 0.533723 -1.604110
v 1.492422 0.533723 -1.624638
v 1.492422 0.554251 -1.604110
v 1.492422 0.554251 -1.624638
v 1.492422 0.574779 -1.604110
v 1.492422 0.574779 -1.624638
v 1.492422 0.595307 -1.604110
v 1.492422 0.595307 -1.624638
v 1.492422 0.615835 -0.618775
v 1.492422 0.615835 -1.275665
v 1.492422 0.615835 -1.604110
v 1.492422 0.615835 -1.624638
v 1.492422 0.636362 -0.618775
v 1.492422 0.636362 -1.275665
v 1.492422 0.636363 -1.604110
v 1.492422 0.636363 -1.624638
v 1.492422 0.656891 -1.604110
v 1.492422 0.656891 -1.624638
v 1.492422 0.677418 -1.604110
v 1.492422 0.677418 -1.624638
v 1.492422 0.697946 -1.604110
v 1.492422 0.697946 -1.624638
v 1.492422 0.718474 -1.604110
v 1.492422 0.718474 -1.624638
v 1.492422 0.739002 -1.604110
v 1.492422 0.739002 -1.624638
v 1.492422 0.759529 -0.618775
v 1.492422 0.759530 -1.275665
v 1.492422 0.759530 -1.604110
v 1.492422 0.759530 -1.624638
v 1.492422 0.780057 -0.618775
v 1.492422 0.780057 -1.275665
v 1.492422 0.780057 -1.604110
v 1.492422 0.780057 -1.624638
v 1.492422 0.800585 -1.604110
v 1.492422 0.800585 -1.624638
v 1.492422 0.821113 -1.604110
v 1.492422 0.821113 -1.624638
v 1.492422 0.841641 -1.604110
v 1.492422 0.841641 -1.624638
v 1.492422 0.862169 -1.604110
v 1.492422 0.862169 -1.624638
v 1.492422 0.882697 -1.604110
v 1.492422 0.882697 -1.624638
v 1.492422 0.903224 -0.618775
v 1.492422 0.903225 -1.275665
v 1.492422 0.903225 -1.604110
v 1.492422 0.903225 -1.624638
v 1.492422 0.923752 -0.618775
v 1.492422 0.923752 -1.275665
v 1.492422 0.923752 -1.604110
v 1.492422 0.923752 -1.624638
v 1.492422 0.944280 -1.604110
v 1.492422 0.944280 -1.624638
v 1.492422 0.964808 -1.604110
v 1.492422 0.964808 -1.624638
v 1.492422 0.985336 -1.604110
v 1.492422 0.985336 -1.624638
v 1.492422 1.005864 -1.604110
v 1.492422 1.005864 -1.624638
v 1.492422 1.026391 -1.604110
v 1.492422 1.026391 -1.624638
v 1.492422 1.046919 -0.618774
v 1.492422 1.046919 -1.275665
v 1.492422 1.046919 -1.604110
v 1.492422 1.046919 -1.624638
v 1.492422 1.067447 -0.618774
v 1.492422 1.067447 -1.275665
v 1.492422 1.067447 -1.604110
v 1.492422 1.067447 -1.624638
v 1.492422 1.087975 -1.604110
v 1.492422 1.087975 -1.624638
v 1.492422 1.108503 -1.604110
v 1.492422 1.108503 -1.624638
v 1.492422 1.129030 -1.604110
v 1.492422 1.129030 -1.624638
v 1.492422 1.149558 -1.604110
v 1.492422 1.149558 -1.624638
v 1.492422 1.170086 -1.604110
v 1.492422 1.170086 -1.624638
v 1.492422 1.190614 -0.618774
v 1.492422 1.190614 -1.275665
v 1.492422 1.190614 -1.604110
v 1.492422 1.190614 -1.624638
v 1.492422 1.211141 -0.618774
v 1.492422 1.211142 -1.275665
v 1.492422 1.211142 -1.604110
v 1.492422 1.211142 -1.624638
v 1.492422 1.231670 -1.604110
v 1.492422 1.231670 -1.624638
v 1.492422 1.252197 -1.604110
v 1.492422 1.252197 -1.624638
v 1.492422 1.272725 -1.604110
v 1.492422 1.272725 -1.624638
v 1.492422 1.293253 -1.604110
v 1.492422 1.293253 -1.624638
v 1.492422 1.313781 -1.604110
v 1.492422 1.313781 -1.624638
v 1.492422 1.334309 -0.618774
v 1.492422 1.334309 -1.275665
v 1.492422 1.334309 -1.604110
v 1.492422 1.334309 -1.624638
v 1.492422 1.354836 -0.618774
v 1.492422 1.354836 -1.275665
v 1.492422 1.354836 -1.604110
v 1.492422 1.354836 -1.624638
v 1.492422 1.375364 -1.604110
v 1.492422 1.375364 -1.624638
v 1.492422 1.395892 -1.604110
v 1.492422 1.395892 -1.624638
v 1.492422 1.416420 -1.604110
v 1.492422 1.416420 -1.624638
v 1.492422 1.436948 -1.604110
v 1.492422 1.436948 -1.624638
v 1.492422 1.457476 -1.604110
v 1.492422 1.457476 -1.624638
v 1.492422 1.478003 -0.618774
v 1.492422 1.478003 -1.275665
v 1.492422 1.478004 -1.604110
v 1.492422 1.478004 -1.624638
v 1.492422 1.498531 -0.618774
v 1.492422 1.498531 -1.275665
v 1.492422 1.498531 -1.604110
v 1.492422 1.498531 -1.624638
v 1.492422 1.519059 -1.604110
v 1.492422 1.519059 -1.624638
v 1.492422 1.539587 -1.604110
v 1.492422 1.539587 -1.624638
v 1.492422 1.560115 -1.604110
v 1.492422 1.560115 -1.624638
v 1.492422 1.580643 -1.604110
v 1.492422 1.580643 -1.624638
v 1.492422 1.601170 -1.604110
v 1.492422 1.601170 -1.624638
v 1.492422 1.621698 -0.618774
v 1.492422 1.621698 -1.275665
v 1.492422 1.621698 -1.604110
v 1.492422 1.621698 -1.624638
v 1.492422 1.642226 -0.618774
v 1.492422 1.642226 -1.275665
v 1.492422 1.642226 -1.604110
v 1.492422 1.642226 -1.624638
v 1.492422 1.662754 -1.604110
v 1.492422 1.662754 -1.624638
v 1.492422 1.683282 -1.604110
v 1.492422 1.683282 -1.624638
v 1.492422 1.703810 -1.604110
v 1.492422 1.703810 -1.624638
v 1.492422 1.724337 -1.604110
v 1.492422 1.724337 -1.624638
v 1.492422 1.744865 -1.604110
v 1.492422 1.744865 -1.624638
v 1.492422 1.765393 -0.618774
v 1.492422 1.765393 -1.275665
v 1.492422 1.765393 -1.604110
v 1.492422 1.765393 -1.624638
v 1.492422 1.785921 -0.618774
v 1.492422 1.785921 -1.275665
v 1.492422 1.785921 -1.604110
v 1.492422 1.785921 -1.624638
v 1.492422 1.806449 -1.604110
v 1.492422 1.806449 -1.624638
v 1.492422 1.826976 -1.604110
v 1.492422 1.826976 -1.624637
v 1.492422 1.847504 -1.604110
v 1.492422 1.847504 -1.624637
v 1.492422 1.868032 -1.604110
v 1.492422 1.868032 -1.624637
v 1.492422 1.888560 -1.604110
v 1.492422 1.888560 -1.624637
v 1.492422 1.909087 -0.618774
v 1.492422 1.909087 -1.275665
v 1.492422 1.909088 -1.604110
v 1.492422 1.909088 -1.624637
v 1.492422 1.929615 -0.618774
v 1.492422 1.929615 -1.275665
v 1.492422 1.929615 -1.604110
v 1.492422 1.929615 -1.624637
v 1.492422 1.950143 -1.604110
v 1.492422 1.950143 -1.624637
v 1.492422 1.970671 -1.604110
v 1.492422 1.970671 -1.624637
v 1.492422 1.991199 -1.604110
v 1.492422 1.991199 -1.624637
v 1.492422 2.011727 -1.604110
v 1.492422 2.011727 -1.624637
v 1.492422 2.032254 -1.604110
v 1.492422 2.032254 -1.624637
v 1.492422 2.052782 -0.618774
v 1.492422 2.052782 -1.275665
v 1.492422 2.052782 -1.604110
v 1.492422 2.052782 -1.624637
v 1.492422 2.073310 -0.618774
v 1.492422 2.073310 -1.275665
v 1.492422 2.073310 -1.604110
v 1.492422 2.073310 -1.624637
v 1.492422 2.093838 -1.604110
v 1.492422 2.093838 -1.624637
v 1.492422 2.114366 -1.604110
v 1.492422 2.114366 -1.624637
v 1.492422 2.134893 -1.604110
v 1.492422 2.134893 -1.624637
v 1.492422 2.155421 -1.604110
v 1.492422 2.155421 -1.624637
v 1.492422 2.175949 -0.618774
v 1.492422 2.175949 -1.275664
v 1.492422 2.175949 -1.604110
v 1.492422 2.175949 -1.624637
v 1.492422 2.196477 -0.618774
v 1.492422 2.196477 -1.275664
v 1.492422 2.196477 -1.604110
v 1.492422 2.196477 -1.624637
v 1.492422 2.217005 -1.604110
v 1.492422 2.217005 -1.624637
v 1.492422 2.237533 -1.604110
v 1.492422 2.237533 -1.624637
v 1.492422 2.258061 -1.604110
v 1.492422 2.258061 -1.624637
v 1.492422 2.278589 -1.604110
v 1.492422 2.278589 -1.624637
v 1.492422 2.319644 -0.618774
v 1.492422 2.319644 -1.275664
v 1.492422 2.340172 -0.557191
v 1.492422 2.319644 -0.680358
v 1.492422 2.340172 -0.577718
v 1.492422 2.340172 -0.680358
v 1.492422 2.319644 -0.700885
v 1.492422 2.319644 -0.782997
v 1.492422 2.340172 -0.700885
v 1.492422 2.340172 -0.782997
v 1.492422 2.319644 -0.803524
v 1.492422 2.319644 -0.885636
v 1.492422 2.340172 -0.803524
v 1.492422 2.340172 -0.885636
v 1.492422 2.319644 -0.906164
v 1.492422 2.319644 -0.988275
v 1.492422 2.340172 -0.906164
v 1.492422 2.340172 -0.988275
v 1.492422 2.319644 -1.008803
v 1.492422 2.319644 -1.090914
v 1.492422 2.340172 -1.008803
v 1.492422 2.340172 -1.090914
v 1.492422 2.319644 -1.111442
v 1.492422 2.319644 -1.193553
v 1.492422 2.340172 -1.111442
v 1.492422 2.340172 -1.193553
v 1.492422 2.319644 -1.214081
v 1.492422 2.340172 -1.214081
v 1.492422 2.381227 -0.577718
v 1.492422 2.381227 -1.624637
v 1.595061 -0.000000 -0.618775
v 1.595061 -0.000000 -0.782997
v 1.595061 0.020528 -0.680358
v 1.595061 0.020528 -0.700886
v 1.595061 0.102639 -0.618775
v 1.595061 0.102639 -0.680358
v 1.595061 0.102639 -0.700886
v 1.595061 0.102639 -0.782997
v 1.595061 -0.000000 -0.803525
v 1.595061 -0.000000 -0.885637
v 1.595061 0.102639 -0.803525
v 1.595061 0.102639 -0.885637
v 1.595061 -0.000000 -0.906164
v 1.595061 0.000000 -0.988276
v 1.595061 0.102639 -0.906164
v 1.595061 0.102639 -0.988276
v 1.595061 0.000000 -1.008803
v 1.595061 0.000000 -1.090915
v 1.595061 0.102639 -1.008803
v 1.595061 0.102639 -1.090915
v 1.595061 0.000000 -1.111443
v 1.595061 0.000000 -1.193554
v 1.595061 0.102639 -1.111442
v 1.595061 0.102639 -1.193554
v 1.595061 0.000000 -1.214082
v 1.595061 0.000000 -1.275665
v 1.595061 0.102639 -1.214082
v 1.595061 0.102639 -1.275665
v 1.595061 0.123167 -0.618775
v 1.595061 0.123167 -0.680358
v 1.595061 0.123167 -0.700886
v 1.595061 0.123167 -0.782997
v 1.595061 0.123167 -0.803525
v 1.595061 0.123167 -0.885637
v 1.595061 0.123167 -0.906164
v 1.595061 0.123167 -0.988276
v 1.595061 0.123167 -1.008803
v 1.595061 0.123167 -1.090915
v 1.595061 0.123167 -1.111442
v 1.595061 0.123167 -1.193554
v 1.595061 0.123167 -1.214082
v 1.595061 0.123167 -1.275665
v 1.595061 0.328445 -0.618775
v 1.595061 0.328445 -0.680358
v 1.595061 0.328445 -0.700886
v 1.595061 0.328445 -0.782997
v 1.595061 0.328445 -0.803525
v 1.595061 0.328445 -0.885637
v 1.595061 0.328445 -0.906164
v 1.595061 0.328445 -0.988276
v 1.595061 0.328445 -1.008803
v 1.595061 0.328445 -1.090915
v 1.595061 0.328445 -1.111442
v 1.595061 0.328445 -1.193554
v 1.595061 0.328445 -1.214082
v 1.595061 0.328445 -1.275665
v 1.595061 0.348973 -0.618775
v 1.595061 0.348973 -0.680358
v 1.595061 0.348973 -0.700886
v 1.595061 0.348973 -0.782997
v 1.595061 0.348973 -0.803525
v 1.595061 0.348973 -0.885637
v 1.595061 0.348973 -0.906164
v 1.595061 0.348973 -0.988276
v 1.595061 0.348973 -1.008803
v 1.595061 0.348973 -1.090915
v 1.595061 0.348973 -1.111442
v 1.595061 0.348973 -1.193554
v 1.595061 0.348973 -1.214082
v 1.595061 0.348973 -1.275665
v 1.595061 0.472140 -0.618775
v 1.595061 0.472140 -0.680358
v 1.595061 0.472140 -0.700886
v 1.595061 0.472140 -0.782997
v 1.595061 0.472140 -0.803525
v 1.595061 0.472140 -0.885636
v 1.595061 0.472140 -0.906164
v 1.595061 0.472140 -0.988276
v 1.595061 0.472140 -1.008803
v 1.595061 0.472140 -1.090915
v 1.595061 0.472140 -1.111442
v 1.595061 0.472140 -1.193554
v 1.595061 0.472140 -1.214082
v 1.595061 0.472140 -1.275665
v 1.595061 0.492668 -0.618775
v 1.595061 0.492668 -0.680358
v 1.595061 0.492668 -0.700886
v 1.595061 0.492668 -0.782997
v 1.595061 0.492668 -0.803525
v 1.595061 0.492668 -0.885636
v 1.595061 0.492668 -0.906164
v 1.595061 0.492668 -0.988276
v 1.595061 0.492668 -1.008803
v 1.595061 0.492668 -1.090915
v 1.595061 0.492668 -1.111442
v 1.595061 0.492668 -1.193554
v 1.595061 0.492668 -1.214082
v 1.595061 0.492668 -1.275665
v 1.595061 0.615835 -0.618775
v 1.595061 0.615835 -0.680358
v 1.595061 0.615835 -0.700886
v 1.595061 0.615835 -0.782997
v 1.595061 0.615835 -0.803525
v 1.595061 0.615835 -0.885636
v 1.595061 0.615835 -0.906164
v 1.595061 0.615835 -0.988276
v 1.595061 0.615835 -1.008803
v 1.595061 0.615835 -1.090915
v 1.595061 0.615835 -1.111442
v 1.595061 0.615835 -1.193554
v 1.595061 0.615835 -1.214082
v 1.595061 0.615835 -1.275665
v 1.595061 0.636362 -0.618775
v 1.595061 0.636362 -0.680358
v 1.595061 0.636362 -0.700886
v 1.595061 0.636362 -0.782997
v 1.595061 0.636362 -0.803525
v 1.595061 0.636362 -0.885636
v 1.595061 0.636362 -0.906164
v 1.595061 0.636362 -0.988276
v 1.595061 0.636362 -1.008803
v 1.595061 0.636362 -1.090914
v 1.595061 0.636362 -1.111442
v 1.595061 0.636362 -1.193554
v 1.595061 0.636362 -1.214082
v 1.595061 0.636362 -1.275665
v 1.595061 0.759529 -0.618775
v 1.595061 0.759529 -0.680358
v 1.595061 0.759529 -0.700886
v 1.595061 0.759529 -0.782997
v 1.595061 0.759529 -0.803525
v 1.595061 0.759529 -0.885636
v 1.595061 0.759529 -0.906164
v 1.595061 0.759529 -0.988276
v 1.595061 0.759529 -1.008803
v 1.595061 0.759529 -1.090914
v 1.595061 0.759529 -1.111442
v 1.595061 0.759530 -1.193554
v 1.595061 0.759530 -1.214082
v 1.595061 0.759530 -1.275665
v 1.595061 0.780057 -0.618775
v 1.595061 0.780057 -0.680358
v 1.595061 0.780057 -0.700886
v 1.595061 0.780057 -0.782997
v 1.595061 0.780057 -0.803525
v 1.595061 0.780057 -0.885636
v 1.595061 0.780057 -0.906164
v 1.595061 0.780057 -0.988276
v 1.595061 0.780057 -1.008803
v 1.595061 0.780057 -1.090914
v 1.595061 0.780057 -1.111442
v 1.595061 0.780057 -1.193553
v 1.595061 0.780057 -1.214082
v 1.595061 0.780057 -1.275665
v 1.595061 0.903224 -0.618775
v 1.595061 0.903224 -0.680358
v 1.595061 0.903224 -0.700886
v 1.595061 0.903224 -0.782997
v 1.595061 0.903224 -0.803525
v 1.595061 0.903224 -0.885636
v 1.595061 0.903224 -0.906164
v 1.595061 0.903224 -0.988276
v 1.595061 0.903224 -1.008803
v 1.595061 0.903224 -1.090914
v 1.595061 0.903224 -1.111442
v 1.595061 0.903224 -1.193553
v 1.595061 0.903225 -1.214081
v 1.595061 0.903225 -1.275665
v 1.595061 0.923752 -0.618775
v 1.595061 0.923752 -0.680358
v 1.595061 0.923752 -0.700886
v 1.595061 0.923752 -0.782997
v 1.595061 0.923752 -0.803525
v 1.595061 0.923752 -0.885636
v 1.595061 0.923752 -0.906164
v 1.595061 0.923752 -0.988276
v 1.595061 0.923752 -1.008803
v 1.595061 0.923752 -1.090914
v 1.595061 0.923752 -1.111442
v 1.595061 0.923752 -1.193553
v 1.595061 0.923752 -1.214081
v 1.595061 0.923752 -1.275665
v 1.595061 1.046919 -0.618774
v 1.595061 1.046919 -0.680358
v 1.595061 1.046919 -0.700886
v 1.595061 1.046919 -0.782997
v 1.595061 1.046919 -0.803525
v 1.595061 1.046919 -0.885636
v 1.595061 1.046919 -0.906164
v 1.595061 1.046919 -0.988275
v 1.595061 1.046919 -1.008803
v 1.595061 1.046919 -1.090914
v 1.595061 1.046919 -1.111442
v 1.595061 1.046919 -1.193553
v 1.595061 1.046919 -1.214081
v 1.595061 1.046919 -1.275665
v 1.595061 1.067447 -0.618774
v 1.595061 1.067447 -0.680358
v 1.595061 1.067447 -0.700886
v 1.595061 1.067447 -0.782997
v 1.595061 1.067447 -0.803525
v 1.595061 1.067447 -0.885636
v 1.595061 1.067447 -0.906164
v 1.595061 1.067447 -0.988275
v 1.595061 1.067447 -1.008803
v 1.595061 1.067447 -1.090914
v 1.595061 1.067447 -1.111442
v 1.595061 1.067447 -1.193553
v 1.595061 1.067447 -1.214081
v 1.595061 1.067447 -1.275665
v 1.595061 1.190614 -0.618774
v 1.595061 1.190614 -0.680358
v 1.595061 1.190614 -0.700886
v 1.595061 1.190614 -0.782997
v 1.595061 1.190614 -0.803525
v 1.595061 1.190614 -0.885636
v 1.595061 1.190614 -0.906164
v 1.595061 1.190614 -0.988275
v 1.595061 1.190614 -1.008803
v 1.595061 1.190614 -1.090914
v 1.595061 1.190614 -1.111442
v 1.595061 1.190614 -1.193553
v 1.595061 1.190614 -1.214081
v 1.595061 1.190614 -1.275665
v 1.595061 1.211141 -0.618774
v 1.595061 1.211141 -0.680358
v 1.595061 1.211141 -0.700886
v 1.595061 1.211141 -0.782997
v 1.595061 1.211141 -0.803525
v 1.595061 1.211141 -0.885636
v 1.595061 1.211141 -0.906164
v 1.595061 1.211141 -0.988275
v 1.595061 1.211141 -1.008803
v 1.595061 1.211141 -1.090914
v 1.595061 1.211141 -1.111442
v 1.595061 1.211141 -1.193553
v 1.595061 1.211142 -1.214081
v 1.595061 1.211142 -1.275665
v 1.595061 1.334309 -0.618774
v 1.595061 1.334309 -0.680358
v 1.595061 1.334309 -0.700886
v 1.595061 1.334309 -0.782997
v 1.595061 1.334309 -0.803525
v 1.595061 1.334309 -0.885636
v 1.595061 1.334309 -0.906164
v 1.595061 1.334309 -0.988275
v 1.595061 1.334309 -1.008803
v 1.595061 1.334309 -1.090914
v 1.595061 1.334309 -1.111442
v 1.595061 1.334309 -1.193553
v 1.595061 1.334309 -1.214081
v 1.595061 1.334309 -1.275665
v 1.595061 1.354836 -0.618774
v 1.595061 1.354836 -0.680358
v 1.595061 1.354836 -0.700886
v 1.595061 1.354836 -0.782997
v 1.595061 1.354836 -0.803525
v 1.595061 1.354836 -0.885636
v 1.595061 1.354836 -0.906164
v 1.595061 1.354836 -0.988275
v 1.595061 1.354836 -1.008803
v 1.595061 1.354836 -1.090914
v 1.595061 1.354836 -1.111442
v 1.595061 1.354836 -1.193553
v 1.595061 1.354836 -1.214081
v 1.595061 1.354836 -1.275665
v 1.595061 1.478003 -0.618774
v 1.595061 1.478003 -0.680358
v 1.595061 1.478003 -0.700886
v 1.595061 1.478003 -0.782997
v 1.595061 1.478003 -0.803525
v 1.595061 1.478003 -0.885636
v 1.595061 1.478003 -0.906164
v 1.595061 1.478003 -0.988275
v 1.595061 1.478003 -1.008803
v 1.595061 1.478003 -1.090914
v 1.595061 1.478003 -1.111442
v 1.595061 1.478003 -1.193553
v 1.595061 1.478003 -1.214081
v 1.595061 1.478003 -1.275665
v 1.595061 1.498531 -0.618774
v 1.595061 1.498531 -0.680358
v 1.595061 1.498531 -0.700886
v 1.595061 1.498531 -0.782997
v 1.595061 1.498531 -0.803525
v 1.595061 1.498531 -0.885636
v 1.595061 1.498531 -0.906164
v 1.595061 1.498531 -0.988275
v 1.595061 1.498531 -1.008803
v 1.595061 1.498531 -1.090914
v 1.595061 1.498531 -1.111442
v 1.595061 1.498531 -1.193553
v 1.595061 1.498531 -1.214081
v 1.595061 1.498531 -1.275665
v 1.595061 1.621698 -0.618774
v 1.595061 1.621698 -0.680358
v 1.595061 1.621698 -0.700886
v 1.595061 1.621698 -0.782997
v 1.595061 1.621698 -0.803525
v 1.595061 1.621698 -0.885636
v 1.595061 1.621698 -0.906164
v 1.595061 1.621698 -0.988275
v 1.595061 1.621698 -1.008803
v 1.595061 1.621698 -1.090914
v 1.595061 1.621698 -1.111442
v 1.595061 1.621698 -1.193553
v 1.595061 1.621698 -1.214081
v 1.595061 1.621698 -1.275665
v 1.595061 1.642226 -0.618774
v 1.595061 1.642226 -0.680358
v 1.595061 1.642226 -0.700886
v 1.595061 1.642226 -0.782997
v 1.595061 1.642226 -0.803525
v 1.595061 1.642226 -0.885636
v 1.595061 1.642226 -0.906164
v 1.595061 1.642226 -0.988275
v 1.595061 1.642226 -1.008803
v 1.595061 1.642226 -1.090914
v 1.595061 1.642226 -1.111442
v 1.595061 1.642226 -1.193553
v 1.595061 1.642226 -1.214081
v 1.595061 1.642226 -1.275665
v 1.595061 1.765393 -0.618774
v 1.595061 1.765393 -0.680358
v 1.595061 1.765393 -0.700886
v 1.595061 1.765393 -0.782997
v 1.595061 1.765393 -0.803525
v 1.595061 1.765393 -0.885636
v 1.595061 1.765393 -0.906164
v 1.595061 1.765393 -0.988275
v 1.595061 1.765393 -1.008803
v 1.595061 1.765393 -1.090914
v 1.595061 1.765393 -1.111442
v 1.595061 1.765393 -1.193553
v 1.595061 1.765393 -1.214081
v 1.595061 1.765393 -1.275665
v 1.595061 1.785921 -0.618774
v 1.595061 1.785921 -0.680358
v 1.595061 1.785921 -0.700886
v 1.595061 1.785921 -0.782997
v 1.595061 1.785921 -0.803525
v 1.595061 1.785921 -0.885636
v 1.595061 1.785921 -0.906164
v 1.595061 1.785921 -0.988275
v 1.595061 1.785921 -1.008803
v 1.595061 1.785921 -1.090914
v 1.595061 1.785921 -1.111442
v 1.595061 1.785921 -1.193553
v 1.595061 1.785921 -1.214081
v 1.595061 1.785921 -1.275665
v 1.595061 1.909087 -0.618774
v 1.595061 1.909087 -0.680358
v 1.595061 1.909087 -0.700886
v 1.595061 1.909087 -0.782997
v 1.595061 1.909087 -0.803524
v 1.595061 1.909087 -0.885636
v 1.595061 1.909087 -0.906164
v 1.595061 1.909087 -0.988275
v 1.595061 1.909087 -1.008803
v 1.595061 1.909087 -1.090914
v 1.595061 1.909087 -1.111442
v 1.595061 1.909087 -1.193553
v 1.595061 1.909087 -1.214081
v 1.595061 1.909087 -1.275665
v 1.595061 1.929615 -0.618774
v 1.595061 1.929615 -0.680358
v 1.595061 1.929615 -0.700886
v 1.595061 1.929615 -0.782997
v 1.595061 1.929615 -0.803524
v 1.595061 1.929615 -0.885636
v 1.595061 1.929615 -0.906164
v 1.595061 1.929615 -0.988275
v 1.595061 1.929615 -1.008803
v 1.595061 1.929615 -1.090914
v 1.595061 1.929615 -1.111442
v 1.595061 1.929615 -1.193553
v 1.595061 1.929615 -1.214081
v 1.595061 1.929615 -1.275665
v 1.595061 2.052782 -0.618774
v 1.595061 2.052782 -0.680358
v 1.595061 2.052782 -0.700886
v 1.595061 2.052782 -0.782997
v 1.595061 2.052782 -0.803524
v 1.595061 2.052782 -0.885636
v 1.595061 2.052782 -0.906164
v 1.595061 2.052782 -0.988275
v 1.595061 2.052782 -1.008803
v 1.595061 2.052782 -1.090914
v 1.595061 2.052782 -1.111442
v 1.595061 2.052782 -1.193553
v 1.595061 2.052782 -1.214081
v 1.595061 2.052782 -1.275665
v 1.595061 2.073310 -0.618774
v 1.595061 2.073310 -0.680358
v 1.595061 2.073310 -0.700886
v 1.595061 2.073310 -0.782997
v 1.595061 2.073310 -0.803524
v 1.595061 2.073310 -0.885636
v 1.595061 2.073310 -0.906164
v 1.595061 2.073310 -0.988275
v 1.595061 2.073310 -1.008803
v 1.595061 2.073310 -1.090914
v 1.595061 2.073310 -1.111442
v 1.595061 2.073310 -1.193553
v 1.595061 2.073310 -1.214081
v 1.595061 2.073310 -1.275665
v 1.595061 2.175949 -0.618774
v 1.595061 2.175949 -0.680358
v 1.595061 2.175949 -0.700885
v 1.595061 2.175949 -0.782997
v 1.595061 2.175949 -0.803524
v 1.595061 2.175949 -0.885636
v 1.595061 2.175949 -0.906164
v 1.595061 2.175949 -0.988275
v 1.595061 2.175949 -1.008803
v 1.595061 2.175949 -1.090914
v 1.595061 2.175949 -1.111442
v 1.595061 2.175949 -1.193553
v 1.595061 2.175949 -1.214081
v 1.595061 2.175949 -1.275664
v 1.595061 2.196477 -0.618774
v 1.595061 2.196477 -0.680358
v 1.595061 2.196477 -0.700885
v 1.595061 2.196477 -0.782997
v 1.595061 2.196477 -0.803524
v 1.595061 2.196477 -0.885636
v 1.595061 2.196477 -0.906164
v 1.595061 2.196477 -0.988275
v 1.595061 2.196477 -1.008803
v 1.595061 2.196477 -1.090914
v 1.595061 2.196477 -1.111442
v 1.595061 2.196477 -1.193553
v 1.595061 2.196477 -1.214081
v 1.595061 2.196477 -1.275664
v 1.595061 2.319644 -0.618774
v 1.595061 2.319644 -0.680358
v 1.595061 2.319644 -0.700885
v 1.595061 2.319644 -0.782997
v 1.595061 2.319644 -0.803524
v 1.595061 2.319644 -0.885636
v 1.595061 2.319644 -0.906164
v 1.595061 2.319644 -0.988275
v 1.595061 2.319644 -1.008803
v 1.595061 2.319644 -1.090914
v 1.595061 2.319644 -1.111442
v 1.595061 2.319644 -1.193553
v 1.595061 2.319644 -1.214081
v 1.595061 2.319644 -1.275664
v 1.595061 2.340172 -0.680358
v 1.595061 2.340172 -0.700885
v 1.595061 2.340172 -0.782997
v 1.595061 2.340172 -0.803524
v 1.595061 2.340172 -0.885636
v 1.595061 2.340172 -0.906164
v 1.595061 2.340172 -0.988275
v 1.595061 2.340172 -1.008803
v 1.595061 2.340172 -1.090914
v 1.595061 2.340172 -1.111442
v 1.595061 2.340172 -1.193553
v 1.595061 2.340172 -1.214081
v 1.615589 0.020528 -0.680358
v 1.615589 0.020528 -0.700886
v 1.615589 2.319644 -0.680358
v 1.615589 2.319644 -0.700885
v 1.615589 -0.000000 -0.782997
v 1.615589 -0.000000 -0.803525
v 1.615589 2.319644 -0.782997
v 1.615589 2.319644 -0.803524
v 1.615589 -0.000000 -0.885637
v 1.615589 -0.000000 -0.906164
v 1.615589 2.319644 -0.885636
v 1.615589 2.319644 -0.906164
v 1.615589 0.000000 -0.988276
v 1.615589 0.000000 -1.008803
v 1.615589 2.319644 -0.988275
v 1.615589 2.319644 -1.008803
v 1.615589 0.000000 -1.090915
v 1.615589 0.000000 -1.111443
v 1.615589 2.319644 -1.090914
v 1.615589 2.319644 -1.111442
v 1.615589 0.000000 -1.193554
v 1.615589 0.000000 -1.214082
v 1.615589 2.319644 -1.193553
v 1.615589 2.319644 -1.214081
v 0.938171 0.041056 -1.645166
v 0.938171 0.061584 -1.645166
v 0.938171 0.082112 -1.645166
v 0.938171 0.102639 -1.645166
v 0.938171 0.123167 -1.645166
v 0.938171 0.143695 -1.645166
v 0.938171 0.164223 -1.645166
v 0.938171 0.184751 -1.645166
v 0.938171 0.205278 -1.645166
v 0.938171 0.225806 -1.645166
v 0.938171 0.246334 -1.645166
v 0.938171 0.266862 -1.645166
v 0.938171 0.287390 -1.645166
v 0.938171 0.307917 -1.645166
v 0.938171 0.328446 -1.645166
v 0.938171 0.348973 -1.645166
v 0.938171 0.369501 -1.645166
v 0.938171 0.390029 -1.645166
v 0.938171 0.410557 -1.645166
v 0.938171 0.431085 -1.645166
v 0.938171 0.451612 -1.645166
v 0.938171 0.472140 -1.645166
v 0.938171 0.492668 -1.645166
v 0.938171 0.513196 -1.645166
v 0.938171 0.533723 -1.645166
v 0.938171 0.554251 -1.645166
v 0.938171 0.574779 -1.645166
v 0.938171 0.595307 -1.645166
v 0.938171 0.615835 -1.645166
v 0.938171 0.636363 -1.645166
v 0.938171 0.656891 -1.645166
v 0.938171 0.677418 -1.645166
v 0.938171 0.697946 -1.645166
v 0.938171 0.718474 -1.645166
v 0.938171 0.739002 -1.645166
v 0.938171 0.759530 -1.645166
v 0.938171 0.780057 -1.645166
v 0.938171 0.800585 -1.645166
v 0.938171 0.821113 -1.645166
v 0.938171 0.841641 -1.645166
v 0.938171 0.862169 -1.645166
v 0.938171 0.882697 -1.645166
v 0.938171 0.903225 -1.645166
v 0.938171 0.923752 -1.645166
v 0.938171 0.944280 -1.645166
v 0.938171 0.964808 -1.645166
v 0.938171 0.985336 -1.645166
v 0.938171 1.005864 -1.645166
v 0.938171 1.026391 -1.645166
v 0.938171 1.046919 -1.645166
v 0.938171 1.067447 -1.645166
v 0.938171 1.087975 -1.645166
v 0.938171 1.108503 -1.645166
v 0.938171 1.129030 -1.645166
v 0.938171 1.149558 -1.645166
v 0.938171 1.170086 -1.645166
v 0.938171 1.190614 -1.645166
v 0.938171 1.211142 -1.645166
v 0.938171 1.231670 -1.645166
v 0.938171 1.252197 -1.645166
v 0.938171 1.272725 -1.645166
v 0.938171 1.293253 -1.645166
v 0.938171 1.313781 -1.645166
v 0.938171 1.334309 -1.645166
v 0.938171 1.354836 -1.645166
v 0.938171 1.375364 -1.645166
v 0.938171 1.395892 -1.645166
v 0.938171 1.416420 -1.645166
v 0.938171 1.436948 -1.645166
v 0.938171 1.457476 -1.645166
v 0.938171 1.478004 -1.645166
v 0.938171 1.498531 -1.645166
v 0.938171 1.519059 -1.645166
v 0.938171 1.539587 -1.645166
v 0.938171 1.560115 -1.645166
v 0.938171 1.580643 -1.645166
v 0.938171 1.601170 -1.645166
v 0.938171 1.621698 -1.645166
v 0.938171 1.642226 -1.645166
v 0.938171 1.662754 -1.645165
v 0.938171 1.683282 -1.645165
v 0.938171 1.703810 -1.645165
v 0.938171 1.724337 -1.645165
v 0.938171 1.744865 -1.645165
v 0.938171 1.765393 -1.645165
v 0.938171 1.785921 -1.645165
v 0.938171 1.806449 -1.645165
v 0.938171 1.826976 -1.645165
v 0.938171 1.847504 -1.645165
v 0.938171 1.868032 -1.645165
v 0.938171 1.888560 -1.645165
v 0.938171 1.909088 -1.645165
v 0.938171 1.929615 -1.645165
v 0.938171 1.950143 -1.645165
v 0.938171 1.970671 -1.645165
v 0.938171 1.991199 -1.645165
v 0.938171 2.011727 -1.645165
v 0.938171 2.032254 -1.645165
v 0.938171 2.052782 -1.645165
v 0.938171 2.073310 -1.645165
v 0.938171 2.093838 -1.645165
v 0.938171 2.114366 -1.645165
v 0.938171 2.134893 -1.645165
v 0.938171 2.155421 -1.645165
v 0.938171 2.175949 -1.645165
v 0.938171 2.196477 -1.645165
v 0.938171 2.217005 -1.645165
v 0.938171 2.237533 -1.645165
v 0.938171 2.258061 -1.645165
v 0.938171 2.278589 -1.645165
v 1.184505 0.102639 -1.645166
v 1.184505 0.123167 -1.645166
v 1.184505 0.143695 -1.645166
v 1.184505 0.184751 -1.645166
v 1.184505 0.615835 -1.645166
v 1.184505 0.636363 -1.645166
v 1.184505 0.656891 -1.645166
v 1.184505 0.697946 -1.645166
v 1.184505 1.252197 -1.645166
v 1.184505 1.293253 -1.645166
v 1.184505 1.313781 -1.645166
v 1.184505 1.334309 -1.645166
v 1.184505 1.847504 -1.645165
v 1.184505 1.868032 -1.645165
v 1.184505 1.888560 -1.645165
v 1.184505 1.929615 -1.645165
v 1.184505 2.155421 -1.645165
v 1.184505 2.175949 -1.645165
v 1.205033 0.102639 -1.645166
v 1.205033 0.123167 -1.645166
v 1.205033 0.143695 -1.645166
v 1.205033 0.184751 -1.645166
v 1.205033 0.615835 -1.645166
v 1.205033 0.636363 -1.645166
v 1.205033 0.656891 -1.645166
v 1.205033 0.697946 -1.645166
v 1.205033 1.252197 -1.645166
v 1.205033 1.293253 -1.645166
v 1.205033 1.313781 -1.645166
v 1.205033 1.334309 -1.645166
v 1.205033 1.847504 -1.645165
v 1.205033 1.868032 -1.645165
v 1.205033 1.888560 -1.645165
v 1.205033 1.929615 -1.645165
v 1.205033 2.155421 -1.645165
v 1.205033 2.175949 -1.645165
v 1.451366 0.041056 -1.645166
v 1.451366 0.061584 -1.645166
v 1.451366 0.082112 -1.645166
v 1.451366 0.102639 -1.645166
v 1.451366 0.123167 -1.645166
v 1.451366 0.143695 -1.645166
v 1.451366 0.164223 -1.645166
v 1.451366 0.184751 -1.645166
v 1.451366 0.205278 -1.645166
v 1.451366 0.225806 -1.645166
v 1.451366 0.246334 -1.645166
v 1.451366 0.266862 -1.645166
v 1.451366 0.287390 -1.645166
v 1.451366 0.307917 -1.645166
v 1.451366 0.328446 -1.645166
v 1.451366 0.348973 -1.645166
v 1.451366 0.369501 -1.645166
v 1.451366 0.390029 -1.645166
v 1.451366 0.410557 -1.645166
v 1.451366 0.431085 -1.645166
v 1.451366 0.451612 -1.645166
v 1.451366 0.472140 -1.645166
v 1.451366 0.492668 -1.645166
v 1.451366 0.513196 -1.645166
v 1.451366 0.533723 -1.645166
v 1.451366 0.554251 -1.645166
v 1.451366 0.574779 -1.645166
v 1.451366 0.595307 -1.645166
v 1.451366 0.615835 -1.645166
v 1.451366 0.636363 -1.645166
v 1.451366 0.656891 -1.645166
v 1.451366 0.677418 -1.645166
v 1.451366 0.697946 -1.645166
v 1.451366 0.718474 -1.645166
v 1.451366 0.739002 -1.645166
v 1.451366 0.759530 -1.645166
v 1.451366 0.780057 -1.645166
v 1.451366 0.800585 -1.645166
v 1.451366 0.821113 -1.645166
v 1.451366 0.841641 -1.645166
v 1.451366 0.862169 -1.645166
v 1.451366 0.882697 -1.645166
v 1.451366 0.903225 -1.645166
v 1.451366 0.923752 -1.645166
v 1.451366 0.944280 -1.645166
v 1.451366 0.964808 -1.645166
v 1.451366 0.985336 -1.645166
v 1.451366 1.005864 -1.645166
v 1.451366 1.026391 -1.645166
v 1.451366 1.046919 -1.645166
v 1.451366 1.067447 -1.645166
v 1.451366 1.087975 -1.645166
v 1.451366 1.108503 -1.645166
v 1.451366 1.129030 -1.645166
v 1.451366 1.149558 -1.645166
v 1.451366 1.170086 -1.645166
v 1.451366 1.190614 -1.645166
v 1.451366 1.211142 -1.645166
v 1.451366 1.231670 -1.645166
v 1.451366 1.252197 -1.645166
v 1.451366 1.272725 -1.645166
v 1.451366 1.293253 -1.645166
v 1.451366 1.313781 -1.645166
v 1.451366 1.334309 -1.645166
v 1.451366 1.354836 -1.645166
v 1.451366 1.375364 -1.645166
v 1.451366 1.395892 -1.645166
v 1.451366 1.416420 -1.645166
v 1.451366 1.436948 -1.645166
v 1.451366 1.457476 -1.645166
v 1.451366 1.478004 -1.645166
v 1.451366 1.498531 -1.645166
v 1.451366 1.519059 -1.645166
v 1.451366 1.539587 -1.645166
v 1.451366 1.560115 -1.645166
v 1.451366 1.580643 -1.645166
v 1.451366 1.601170 -1.645166
v 1.451366 1.621698 -1.645166
v 1.451366 1.642226 -1.645166
v 1.451366 1.662754 -1.645165
v 1.451366 1.683282 -1.645165
v 1.451366 1.703810 -1.645165
v 1.451366 1.724337 -1.645165
v 1.451366 1.744865 -1.645165
v 1.451366 1.765393 -1.645165
v 1.451366 1.785921 -1.645165
v 1.451366 1.806449 -1.645165
v 1.451366 1.826976 -1.645165
v 1.451366 1.847504 -1.645165
v 1.451366 1.868032 -1.645165
v 1.451366 1.888560 -1.645165
v 1.451366 1.909088 -1.645165
v 1.451366 1.929615 -1.645165
v 1.451366 1.950143 -1.645165
v 1.451366 1.970671 -1.645165
v 1.451366 1.991199 -1.645165
v 1.451366 2.011727 -1.645165
v 1.451366 2.032254 -1.645165
v 1.451366 2.052782 -1.645165
v 1.451366 2.073310 -1.645165
v 1.451366 2.093838 -1.645165
v 1.451366 2.114366 -1.645165
v 1.451366 2.134893 -1.645165
v 1.451366 2.155421 -1.645165
v 1.451366 2.175949 -1.645165
v 1.451366 2.196477 -1.645165
v 1.451366 2.217005 -1.645165
v 1.451366 2.237533 -1.645165
v 1.451366 2.258061 -1.645165
v 1.451366 2.278589 -1.645165
v 1.040810 2.565978 -0.721413
v 1.328199 2.565978 -0.721413
v 1.040810 2.565978 -0.741941
v 1.328199 2.565978 -0.741941
vt 0.033203 0.500000
vt 0.033203 0.500000
vt 0.033203 0.500000
vt 0.033203 0.500000
vt 0.033203 0.500000
vt 0.033203 0.500000
vt 0.033203 0.500000
vt 0.033203 0.500000
vt 0.033203 0.500000
vt 0.033203 0.500000
vt 0.033203 0.500000
vt 0.033203 0.500000
vt 0.033203 0.500000
vt 0.033203 0.500000
vt 0.033203 0.500000
vt 0.033203 0.500000
vt 0.033203 0.500000
vt 0.033203 0.500000
vt 0.033203 0.500000
vt 0.033203 0.500000
vt 0.033203 0.500000
vt 0.033203 0.500000
vt 0.033203 0.500000
vt 0.033203 0.500000
vt 0.318359 0.500000
vt 0.318359 0.500000
vt 0.318359 0.500000
vt 0.318359 0.500000
vt 0.318359 0.500000
vt 0.318359 0.500000
vt 0.318359 0.500000
vt 0.318359 0.500000
vt 0.318359 0.500000
vt 0.318359 0.500000
vt 0.318359 0.500000
vt 0.318359 0.500000
vt 0.318359 0.500000
vt 0.318359 0.500000
vt 0.318359 0.500000
vt 0.318359 0.500000
vt 0.318359 0.500000
vt 0.318359 0.500000
vt 0.318359 0.500000
vt 0.318359 0.500000
vt 0.318359 0.500000
vt 0.318359 0.500000
vt 0.318359 0.500000
vt 0.318359 0.500000
vt 0.318359 0.500000
vt 0.318359 0.500000
vt 0.318359 0.500000
vt 0.318359 0.500000
vt 0.025391 0.500000
vt 0.025391 0.500000
vt 0.025391 0.500000
vt 0.025391 0.500000
vt 0.025391 0.500000
vt 0.025391 0.500000
vt 0.025391 0.500000
vt 0.025391 0.500000
vt 0.025391 0.500000
vt 0.025391 0.500000
vt 0.025391 0.500000
vt 0.025391 0.500000
vt 0.025391 0.500000
vt 0.025391 0.500000
vt 0.025391 0.500000
vt 0.025391 0.500000
vt 0.025391 0.500000
vt 0.025391 0.500000
vt 0.025391 0.500000
vt 0.025391 0.500000
vt 0.025391 0.500000
vt 0.025391 0.500000
vt 0.025391 0.500000
vt 0.025391 0.500000
vt 0.025391 0.500000
vt 0.025391 0.500000
vt 0.025391 0.500000
vt 0.025391 0.500000
vt 0.318359 0.500000
vt 0.318359 0.500000
vt 0.318359 0.500000
vt 0.318359 0.500000
vt 0.318359 0.500000
vt 0.318359 0.500000
vt 0.318359 0.500000
vt 0.318359 0.500000
vt 0.318359 0.500000
vt 0.318359 0.500000
vt 0.318359 0.500000
vt 0.318359 0.500000
vt 0.318359 0.500000
vt 0.318359 0.500000
vt 0.318359 0.500000
vt 0.318359 0.500000
vt 0.318359 0.500000
vt 0.318359 0.500000
vt 0.318359 0.500000
vt 0.318359 0.500000
vt 0.318359 0.500000
vt 0.318359 0.500000
vt 0.318359 0.500000
vt 0.318359 0.500000
vt 0.318359 0.500000
vt 0.318359 0.500000
vt 0.318359 0.500000
vt 0.318359 0.500000
vt 0.025391 0.500000
vt 0.025391 0.500000
vt 0.025391 0.500000
vt 0.025391 0.500000
vt 0.025391 0.500000
vt 0.025391 0.500000
vt 0.025391 0.500000
vt 0.025391 0.500000
vt 0.025391 0.500000
vt 0.025391 0.500000
vt 0.025391 0.500000
vt 0.025391 0.500000
vt 0.025391 0.500000
vt 0.025391 0.500000
vt 0.025391 0.500000
vt 0.025391 0.500000
vt 0.025391 0.500000
vt 0.025391 0.500000
vt 0.025391 0.500000
vt 0.025391 0.500000
vt 0.025391 0.500000
vt 0.025391 0.500000
vt 0.025391 0.500000
vt 0.025391 0.500000
vt 0.025391 0.500000
vt 0.025391 0.500000
vt 0.025391 0.500000
vt 0.025391 0.500000
vt 0.318359 0.500000
vt 0.318359 0.500000
vt 0.318359 0.500000
vt 0.318359 0.500000
vt 0.318359 0.500000
vt 0.318359 0.500000
vt 0.318359 0.500000
vt 0.318359 0.500000
vt 0.318359 0.500000
vt 0.318359 0.500000
vt 0.318359 0.500000
vt 0.318359 0.500000
vt 0.318359 0.500000
vt 0.318359 0.500000
vt 0.318359 0.500000
vt 0.318359 0.500000
vt 0.318359 0.500000
vt 0.318359 0.500000
vt 0.318359 0.500000
vt 0.318359 0.500000
vt 0.318359 0.500000
vt 0.318359 0.500000
vt 0.318359 0.500000
vt 0.318359 0.500000
vt 0.318359 0.500000
vt 0.318359 0.500000
vt 0.318359 0.500000
vt 0.318359 0.500000
vt 0.025391 0.500000
vt 0.025391 0.500000
vt 0.025391 0.500000
vt 0.025391 0.500000
vt 0.025391 0.500000
vt 0.025391 0.500000
vt 0.025391 0.500000
vt 0.025391 0.500000
vt 0.025391 0.500000
vt 0.025391 0.500000
vt 0.025391 0.500000
vt 0.025391 0.500000
vt 0.025391 0.500000
vt 0.025391 0.500000
vt 0.025391 0.500000
vt 0.025391 0.500000
vt 0.025391 0.500000
vt 0.025391 0.500000
vt 0.025391 0.500000
vt 0.025391 0.500000
vt 0.025391 0.500000
vt 0.025391 0.500000
vt 0.025391 0.500000
vt 0.025391 0.500000
vt 0.025391 0.500000
vt 0.025391 0.500000
vt 0.025391 0.500000
vt 0.025391 0.500000
vt 0.318359 0.500000
vt 0.318359 0.500000
vt 0.318359 0.500000
vt 0.318359 0.500000
vt 0.318359 0.500000
vt 0.318359 0.500000
vt 0.318359 0.500000
vt 0.318359 0.500000
vt 0.318359 0.500000
vt 0.318359 0.500000
vt 0.318359 0.500000
vt 0.318359 0.500000
vt 0.318359 0.500000
vt 0.318359 0.500000
vt 0.318359 0.500000
vt 0.318359 0.500000
vt 0.318359 0.500000
vt 0.318359 0.500000
vt 0.318359 0.500000
vt 0.318359 0.500000
vt 0.318359 0.500000
vt 0.318359 0.500000
vt 0.318359 0.500000
vt 0.318359 0.500000
vt 0.318359 0.500000
vt 0.318359 0.500000
vt 0.318359 0.500000
vt 0.318359 0.500000
vt 0.025391 0.500000
vt 0.025391 0.500000
vt 0.025391 0.500000
vt 0.025391 0.500000
vt 0.025391 0.500000
vt 0.025391 0.500000
vt 0.025391 0.500000
vt 0.025391 0.500000
vt 0.025391 0.500000
vt 0.025391 0.500000
vt 0.025391 0.500000
vt 0.025391 0.500000
vt 0.025391 0.500000
vt 0.025391 0.500000
vt 0.025391 0.500000
vt 0.025391 0.500000
vt 0.025391 0.500000
vt 0.025391 0.500000
vt 0.025391 0.500000
vt 0.025391 0.500000
vt 0.025391 0.500000
vt 0.025391 0.500000
vt 0.025391 0.500000
vt 0.025391 0.500000
vt 0.025391 0.500000
vt 0.025391 0.500000
vt 0.025391 0.500000
vt 0.025391 0.500000
vt 0.318359 0.500000
vt 0.318359 0.500000
vt 0.318359 0.500000
vt 0.318359 0.500000
vt 0.318359 0.500000
vt 0.318359 0.500000
vt 0.318359 0.500000
vt 0.318359 0.500000
vt 0.318359 0.500000
vt 0.318359 0.500000
vt 0.318359 0.500000
vt 0.318359 0.500000
vt 0.318359 0.500000
vt 0.318359 0.500000
vt 0.318359 0.500000
vt 0.318359 0.500000
vt 0.318359 0.500000
vt 0.318359 0.500000
vt 0.318359 0.500000
vt 0.318359 0.500000
vt 0.318359 0.500000
vt 0.318359 0.500000
vt 0.318359 0.500000
vt 0.318359 0.500000
vt 0.318359 0.500000
vt 0.318359 0.500000
vt 0.318359 0.500000
vt 0.318359 0.500000
vt 0.025391 0.500000
vt 0.025391 0.500000
vt 0.025391 0.500000
vt 0.025391 0.500000
vt 0.025391 0.500000
vt 0.025391 0.500000
vt 0.025391 0.500000
vt 0.025391 0.500000
vt 0.025391 0.500000
vt 0.025391 0.500000
vt 0.025391 0.500000
vt 0.025391 0.500000
vt 0.025391 0.500000
vt 0.025391 0.500000
vt 0.025391 0.500000
vt 0.025391 0.500000
vt 0.025391 0.500000
vt 0.025391 0.500000
vt 0.025391 0.500000
vt 0.025391 0.500000
vt 0.025391 0.500000
vt 0.025391 0.500000
vt 0.025391 0.500000
vt 0.025391 0.500000
vt 0.025391 0.500000
vt 0.025391 0.500000
vt 0.025391 0.500000
vt 0.025391 0.500000
vt 0.318359 0.500000
vt 0.318359 0.500000
vt 0.318359 0.500000
vt 0.318359 0.500000
vt 0.318359 0.500000
vt 0.318359 0.500000
vt 0.318359 0.500000
vt 0.318359 0.500000
vt 0.318359 0.500000
vt 0.318359 0.500000
vt 0.318359 0.500000
vt 0.318359 0.500000
vt 0.318359 0.500000
vt 0.318359 0.500000
vt 0.318359 0.500000
vt 0.318359 0.500000
vt 0.318359 0.500000
vt 0.318359 0.500000
vt 0.318359 0.500000
vt 0.318359 0.500000
vt 0.318359 0.500000
vt 0.318359 0.500000
vt 0.318359 0.500000
vt 0.318359 0.500000
vt 0.318359 0.500000
vt 0.318359 0.500000
vt 0.318359 0.500000
vt 0.318359 0.500000
vt 0.025391 0.500000
vt 0.025391 0.500000
vt 0.025391 0.500000
vt 0.025391 0.500000
vt 0.025391 0.500000
vt 0.025391 0.500000
vt 0.025391 0.500000
vt 0.025391 0.500000
vt 0.025391 0.500000
vt 0.025391 0.500000
vt 0.025391 0.500000
vt 0.025391 0.500000
vt 0.025391 0.500000
vt 0.025391 0.500000
vt 0.025391 0.500000
vt 0.025391 0.500000
vt 0.025391 0.500000
vt 0.025391 0.500000
vt 0.025391 0.500000
vt 0.025391 0.500000
vt 0.025391 0.500000
vt 0.025391 0.500000
vt 0.025391 0.500000
vt 0.025391 0.500000
vt 0.025391 0.500000
vt 0.025391 0.500000
vt 0.025391 0.500000
vt 0.025391 0.500000
vt 0.318359 0.500000
vt 0.318359 0.500000
vt 0.318359 0.500000
vt 0.318359 0.500000
vt 0.318359 0.500000
vt 0.318359 0.500000
vt 0.318359 0.500000
vt 0.318359 0.500000
vt 0.318359 0.500000
vt 0.318359 0.500000
vt 0.318359 0.500000
vt 0.318359 0.500000
vt 0.318359 0.500000
vt 0.318359 0.500000
vt 0.318359 0.500000
vt 0.318359 0.500000
vt 0.318359 0.500000
vt 0.318359 0.500000
vt 0.318359 0.500000
vt 0.318359 0.500000
vt 0.318359 0.500000
vt 0.318359 0.500000
vt 0.318359 0.500000
vt 0.318359 0.500000
vt 0.318359 0.500000
vt 0.318359 0.500000
vt 0.318359 0.500000
vt 0.318359 0.500000
vt 0.025391 0.500000
vt 0.025391 0.500000
vt 0.025391 0.500000
vt 0.025391 0.500000
vt 0.025391 0.500000
vt 0.025391 0.500000
vt 0.025391 0.500000
vt 0.025391 0.500000
vt 0.025391 0.500000
vt 0.025391 0.500000
vt 0.025391 0.500000
vt 0.025391 0.500000
vt 0.025391 0.500000
vt 0.025391 0.500000
vt 0.025391 0.500000
vt 0.025391 0.500000
vt 0.025391 0.500000
vt 0.025391 0.500000
vt 0.025391 0.500000
vt 0.025391 0.500000
vt 0.025391 0.500000
vt 0.025391 0.500000
vt 0.025391 0.500000
vt 0.025391 0.500000
vt 0.025391 0.500000
vt 0.025391 0.500000
vt 0.025391 0.500000
vt 0.025391 0.500000
vt 0.318359 0.500000
vt 0.318359 0.500000
vt 0.318359 0.500000
vt 0.318359 0.500000
vt 0.318359 0.500000
vt 0.318359 0.500000
vt 0.318359 0.500000
vt 0.318359 0.500000
vt 0.318359 0.500000
vt 0.318359 0.500000
vt 0.318359 0.500000
vt 0.318359 0.500000
vt 0.318359 0.500000
vt 0.318359 0.500000
vt 0.318359 0.500000
vt 0.318359 0.500000
vt 0.318359 0.500000
vt 0.318359 0.500000
vt 0.318359 0.500000
vt 0.318359 0.500000
vt 0.318359 0.500000
vt 0.318359 0.500000
vt 0.318359 0.500000
vt 0.318359 0.500000
vt 0.318359 0.500000
vt 0.318359 0.500000
vt 0.318359 0.500000
vt 0.318359 0.500000
vt 0.025391 0.500000
vt 0.025391 0.500000
vt 0.025391 0.500000
vt 0.025391 0.500000
vt 0.025391 0.500000
vt 0.025391 0.500000
vt 0.025391 0.500000
vt 0.025391 0.500000
vt 0.025391 0.500000
vt 0.025391 0.500000
vt 0.025391 0.500000
vt 0.025391 0.500000
vt 0.025391 0.500000
vt 0.025391 0.500000
vt 0.025391 0.500000
vt 0.025391 0.500000
vt 0.025391 0.500000
vt 0.025391 0.500000
vt 0.025391 0.500000
vt 0.025391 0.500000
vt 0.025391 0.500000
vt 0.025391 0.500000
vt 0.025391 0.500000
vt 0.025391 0.500000
vt 0.025391 0.500000
vt 0.025391 0.500000
vt 0.025391 0.500000
vt 0.025391 0.500000
vt 0.318359 0.500000
vt 0.318359 0.500000
vt 0.318359 0.500000
vt 0.318359 0.500000
vt 0.318359 0.500000
vt 0.318359 0.500000
vt 0.318359 0.500000
vt 0.318359 0.500000
vt 0.318359 0.500000
vt 0.318359 0.500000
vt 0.318359 0.500000
vt 0.318359 0.500000
vt 0.318359 0.500000
vt 0.318359 0.500000
vt 0.318359 0.500000
vt 0.318359 0.500000
vt 0.318359 0.500000
vt 0.318359 0.500000
vt 0.318359 0.500000
vt 0.318359 0.500000
vt 0.318359 0.500000
vt 0.318359 0.500000
vt 0.318359 0.500000
vt 0.318359 0.500000
vt 0.318359 0.500000
vt 0.318359 0.500000
vt 0.318359 0.500000
vt 0.318359 0.500000
vt 0.025391 0.500000
vt 0.025391 0.500000
vt 0.025391 0.500000
vt 0.025391 0.500000
vt 0.025391 0.500000
vt 0.025391 0.500000
vt 0.025391 0.500000
vt 0.025391 0.500000
vt 0.025391 0.500000
vt 0.025391 0.500000
vt 0.025391 0.500000
vt 0.025391 0.500000
vt 0.025391 0.500000
vt 0.025391 0.500000
vt 0.025391 0.500000
vt 0.025391 0.500000
vt 0.025391 0.500000
vt 0.025391 0.500000
vt 0.025391 0.500000
vt 0.025391 0.500000
vt 0.025391 0.500000
vt 0.025391 0.500000
vt 0.025391 0.500000
vt 0.025391 0.500000
vt 0.025391 0.500000
vt 0.025391 0.500000
vt 0.025391 0.500000
vt 0.025391 0.500000
vt 0.318359 0.500000
vt 0.318359 0.500000
vt 0.318359 0.500000
vt 0.318359 0.500000
vt 0.318359 0.500000
vt 0.318359 0.500000
vt 0.318359 0.500000
vt 0.318359 0.500000
vt 0.318359 0.500000
vt 0.318359 0.500000
vt 0.318359 0.500000
vt 0.318359 0.500000
vt 0.318359 0.500000
vt 0.318359 0.500000
vt 0.318359 0.500000
vt 0.318359 0.500000
vt 0.318359 0.500000
vt 0.318359 0.500000
vt 0.318359 0.500000
vt 0.318359 0.500000
vt 0.318359 0.500000
vt 0.318359 0.500000
vt 0.318359 0.500000
vt 0.318359 0.500000
vt 0.318359 0.500000
vt 0.318359 0.500000
vt 0.318359 0.500000
vt 0.318359 0.500000
vt 0.025391 0.500000
vt 0.025391 0.500000
vt 0.025391 0.500000
vt 0.025391 0.500000
vt 0.025391 0.500000
vt 0.025391 0.500000
vt 0.025391 0.500000
vt 0.025391 0.500000
vt 0.025391 0.500000
vt 0.025391 0.500000
vt 0.025391 0.500000
vt 0.025391 0.500000
vt 0.025391 0.500000
vt 0.025391 0.500000
vt 0.025391 0.500000
vt 0.025391 0.500000
vt 0.025391 0.500000
vt 0.025391 0.500000
vt 0.025391 0.500000
vt 0.025391 0.500000
vt 0.025391 0.500000
vt 0.025391 0.500000
vt 0.025391 0.500000
vt 0.025391 0.500000
vt 0.025391 0.500000
vt 0.025391 0.500000
vt 0.025391 0.500000
vt 0.025391 0.500000
vt 0.318359 0.500000
vt 0.318359 0.500000
vt 0.318359 0.500000
vt 0.318359 0.500000
vt 0.318359 0.500000
vt 0.318359 0.500000
vt 0.318359 0.500000
vt 0.318359 0.500000
vt 0.318359 0.500000
vt 0.318359 0.500000
vt 0.318359 0.500000
vt 0.318359 0.500000
vt 0.318359 0.500000
vt 0.318359 0.500000
vt 0.318359 0.500000
vt 0.318359 0.500000
vt 0.318359 0.500000
vt 0.318359 0.500000
vt 0.318359 0.500000
vt 0.318359 0.500000
vt 0.318359 0.500000
vt 0.318359 0.500000
vt 0.318359 0.500000
vt 0.318359 0.500000
vt 0.318359 0.500000
vt 0.318359 0.500000
vt 0.318359 0.500000
vt 0.318359 0.500000
vt 0.025391 0.500000
vt 0.025391 0.500000
vt 0.025391 0.500000
vt 0.025391 0.500000
vt 0.025391 0.500000
vt 0.025391 0.500000
vt 0.025391 0.500000
vt 0.025391 0.500000
vt 0.025391 0.500000
vt 0.025391 0.500000
vt 0.025391 0.500000
vt 0.025391 0.500000
vt 0.025391 0.500000
vt 0.025391 0.500000
vt 0.025391 0.500000
vt 0.025391 0.500000
vt 0.025391 0.500000
vt 0.025391 0.500000
vt 0.025391 0.500000
vt 0.025391 0.500000
vt 0.025391 0.500000
vt 0.025391 0.500000
vt 0.025391 0.500000
vt 0.025391 0.500000
vt 0.025391 0.500000
vt 0.025391 0.500000
vt 0.025391 0.500000
vt 0.025391 0.500000
vt 0.318359 0.500000
vt 0.318359 0.500000
vt 0.318359 0.500000
vt 0.318359 0.500000
vt 0.318359 0.500000
vt 0.318359 0.500000
vt 0.318359 0.500000
vt 0.318359 0.500000
vt 0.318359 0.500000
vt 0.318359 0.500000
vt 0.318359 0.500000
vt 0.318359 0.500000
vt 0.318359 0.500000
vt 0.318359 0.500000
vt 0.318359 0.500000
vt 0.318359 0.500000
vt 0.318359 0.500000
vt 0.318359 0.500000
vt 0.318359 0.500000
vt 0.318359 0.500000
vt 0.318359 0.500000
vt 0.318359 0.500000
vt 0.318359 0.500000
vt 0.318359 0.500000
vt 0.318359 0.500000
vt 0.318359 0.500000
vt 0.318359 0.500000
vt 0.318359 0.500000
vt 0.025391 0.500000
vt 0.025391 0.500000
vt 0.025391 0.500000
vt 0.025391 0.500000
vt 0.025391 0.500000
vt 0.025391 0.500000
vt 0.025391 0.500000
vt 0.025391 0.500000
vt 0.025391 0.500000
vt 0.025391 0.500000
vt 0.025391 0.500000
vt 0.025391 0.500000
vt 0.025391 0.500000
vt 0.025391 0.500000
vt 0.025391 0.500000
vt 0.025391 0.500000
vt 0.025391 0.500000
vt 0.025391 0.500000
vt 0.025391 0.500000
vt 0.025391 0.500000
vt 0.025391 0.500000
vt 0.025391 0.500000
vt 0.025391 0.500000
vt 0.025391 0.500000
vt 0.025391 0.500000
vt 0.025391 0.500000
vt 0.025391 0.500000
vt 0.025391 0.500000
vt 0.318359 0.500000
vt 0.318359 0.500000
vt 0.318359 0.500000
vt 0.318359 0.500000
vt 0.318359 0.500000
vt 0.318359 0.500000
vt 0.318359 0.500000
vt 0.318359 0.500000
vt 0.318359 0.500000
vt 0.318359 0.500000
vt 0.318359 0.500000
vt 0.318359 0.500000
vt 0.318359 0.500000
vt 0.318359 0.500000
vt 0.318359 0.500000
vt 0.318359 0.500000
vt 0.318359 0.500000
vt 0.318359 0.500000
vt 0.318359 0.500000
vt 0.318359 0.500000
vt 0.318359 0.500000
vt 0.318359 0.500000
vt 0.318359 0.500000
vt 0.318359 0.500000
vt 0.318359 0.500000
vt 0.318359 0.500000
vt 0.318359 0.500000
vt 0.318359 0.500000
vt 0.025391 0.500000
vt 0.025391 0.500000
vt 0.025391 0.500000
vt 0.025391 0.500000
vt 0.025391 0.500000
vt 0.025391 0.500000
vt 0.025391 0.500000
vt 0.025391 0.500000
vt 0.025391 0.500000
vt 0.025391 0.500000
vt 0.025391 0.500000
vt 0.025391 0.500000
vt 0.025391 0.500000
vt 0.025391 0.500000
vt 0.025391 0.500000
vt 0.025391 0.500000
vt 0.025391 0.500000
vt 0.025391 0.500000
vt 0.025391 0.500000
vt 0.025391 0.500000
vt 0.025391 0.500000
vt 0.025391 0.500000
vt 0.025391 0.500000
vt 0.025391 0.500000
vt 0.025391 0.500000
vt 0.025391 0.500000
vt 0.025391 0.500000
vt 0.025391 0.500000
vt 0.318359 0.500000
vt 0.318359 0.500000
vt 0.318359 0.500000
vt 0.318359 0.500000
vt 0.318359 0.500000
vt 0.318359 0.500000
vt 0.318359 0.500000
vt 0.318359 0.500000
vt 0.318359 0.500000
vt 0.318359 0.500000
vt 0.318359 0.500000
vt 0.318359 0.500000
vt 0.318359 0.500000
vt 0.318359 0.500000
vt 0.318359 0.500000
vt 0.318359 0.500000
vt 0.318359 0.500000
vt 0.318359 0.500000
vt 0.318359 0.500000
vt 0.318359 0.500000
vt 0.318359 0.500000
vt 0.318359 0.500000
vt 0.318359 0.500000
vt 0.318359 0.500000
vt 0.318359 0.500000
vt 0.318359 0.500000
vt 0.318359 0.500000
vt 0.318359 0.500000
vt 0.025391 0.500000
vt 0.025391 0.500000
vt 0.025391 0.500000
vt 0.025391 0.500000
vt 0.025391 0.500000
vt 0.025391 0.500000
vt 0.025391 0.500000
vt 0.025391 0.500000
vt 0.025391 0.500000
vt 0.025391 0.500000
vt 0.025391 0.500000
vt 0.025391 0.500000
vt 0.025391 0.500000
vt 0.025391 0.500000
vt 0.025391 0.500000
vt 0.025391 0.500000
vt 0.025391 0.500000
vt 0.025391 0.500000
vt 0.025391 0.500000
vt 0.025391 0.500000
vt 0.025391 0.500000
vt 0.025391 0.500000
vt 0.025391 0.500000
vt 0.025391 0.500000
vt 0.025391 0.500000
vt 0.025391 0.500000
vt 0.025391 0.500000
vt 0.025391 0.500000
vt 0.318359 0.500000
vt 0.318359 0.500000
vt 0.318359 0.500000
vt 0.318359 0.500000
vt 0.318359 0.500000
vt 0.318359 0.500000
vt 0.318359 0.500000
vt 0.318359 0.500000
vt 0.318359 0.500000
vt 0.318359 0.500000
vt 0.318359 0.500000
vt 0.318359 0.500000
vt 0.318359 0.500000
vt 0.318359 0.500000
vt 0.318359 0.500000
vt 0.318359 0.500000
vt 0.318359 0.500000
vt 0.318359 0.500000
vt 0.318359 0.500000
vt 0.318359 0.500000
vt 0.318359 0.500000
vt 0.318359 0.500000
vt 0.318359 0.500000
vt 0.318359 0.500000
vt 0.318359 0.500000
vt 0.318359 0.500000
vt 0.318359 0.500000
vt 0.318359 0.500000
vt 0.025391 0.500000
vt 0.025391 0.500000
vt 0.025391 0.500000
vt 0.025391 0.500000
vt 0.025391 0.500000
vt 0.025391 0.500000
vt 0.025391 0.500000
vt 0.025391 0.500000
vt 0.025391 0.500000
vt 0.025391 0.500000
vt 0.025391 0.500000
vt 0.025391 0.500000
vt 0.025391 0.500000
vt 0.025391 0.500000
vt 0.025391 0.500000
vt 0.025391 0.500000
vt 0.025391 0.500000
vt 0.025391 0.500000
vt 0.025391 0.500000
vt 0.025391 0.500000
vt 0.025391 0.500000
vt 0.025391 0.500000
vt 0.025391 0.500000
vt 0.025391 0.500000
vt 0.025391 0.500000
vt 0.025391 0.500000
vt 0.025391 0.500000
vt 0.025391 0.500000
vt 0.318359 0.500000
vt 0.318359 0.500000
vt 0.318359 0.500000
vt 0.318359 0.500000
vt 0.318359 0.500000
vt 0.318359 0.500000
vt 0.318359 0.500000
vt 0.318359 0.500000
vt 0.318359 0.500000
vt 0.318359 0.500000
vt 0.318359 0.500000
vt 0.318359 0.500000
vt 0.318359 0.500000
vt 0.318359 0.500000
vt 0.318359 0.500000
vt 0.318359 0.500000
vt 0.318359 0.500000
vt 0.318359 0.500000
vt 0.318359 0.500000
vt 0.318359 0.500000
vt 0.318359 0.500000
vt 0.318359 0.500000
vt 0.318359 0.500000
vt 0.318359 0.500000
vt 0.318359 0.500000
vt 0.318359 0.500000
vt 0.318359 0.500000
vt 0.318359 0.500000
vt 0.033203 0.500000
vt 0.033203 0.500000
vt 0.033203 0.500000
vt 0.033203 0.500000
vt 0.033203 0.500000
vt 0.033203 0.500000
vt 0.033203 0.500000
vt 0.033203 0.500000
vt 0.033203 0.500000
vt 0.033203 0.500000
vt 0.033203 0.500000
vt 0.033203 0.500000
vt 0.033203 0.500000
vt 0.033203 0.500000
vt 0.033203 0.500000
vt 0.033203 0.500000
vt 0.033203 0.500000
vt 0.033203 0.500000
vt 0.033203 0.500000
vt 0.033203 0.500000
vt 0.033203 0.500000
vt 0.033203 0.500000
vt 0.033203 0.500000
vt 0.033203 0.500000
vt 0.033203 0.500000
vt 0.033203 0.500000
vt 0.033203 0.500000
vt 0.033203 0.500000
vt 0.033203 0.500000
vt 0.033203 0.500000
vt 0.033203 0.500000
vt 0.033203 0.500000
vt 0.033203 0.500000
vt 0.033203 0.500000
vt 0.033203 0.500000
vt 0.033203 0.500000
vt 0.033203 0.500000
vt 0.033203 0.500000
vt 0.033203 0.500000
vt 0.033203 0.500000
vt 0.033203 0.500000
vt 0.033203 0.500000
vt 0.033203 0.500000
vt 0.033203 0.500000
vt 0.033203 0.500000
vt 0.033203 0.500000
vt 0.033203 0.500000
vt 0.033203 0.500000
vt 0.033203 0.500000
vt 0.033203 0.500000
vt 0.033203 0.500000
vt 0.033203 0.500000
vt 0.033203 0.500000
vt 0.033203 0.500000
vt 0.033203 0.500000
vt 0.033203 0.500000
vt 0.033203 0.500000
vt 0.033203 0.500000
vt 0.033203 0.500000
vt 0.033203 0.500000
vt 0.033203 0.500000
vt 0.033203 0.500000
vt 0.033203 0.500000
vt 0.033203 0.500000
vt 0.033203 0.500000
vt 0.033203 0.500000
vt 0.033203 0.500000
vt 0.033203 0.500000
vt 0.033203 0.500000
vt 0.033203 0.500000
vt 0.033203 0.500000
vt 0.033203 0.500000
vt 0.033203 0.500000
vt 0.033203 0.500000
vt 0.033203 0.500000
vt 0.033203 0.500000
vt 0.033203 0.500000
vt 0.033203 0.500000
vt 0.033203 0.500000
vt 0.033203 0.500000
vt 0.033203 0.500000
vt 0.033203 0.500000
vt 0.033203 0.500000
vt 0.033203 0.500000
vt 0.033203 0.500000
vt 0.033203 0.500000
vt 0.033203 0.500000
vt 0.033203 0.500000
vt 0.033203 0.500000
vt 0.033203 0.500000
vt 0.033203 0.500000
vt 0.033203 0.500000
vt 0.033203 0.500000
vt 0.033203 0.500000
vt 0.033203 0.500000
vt 0.033203 0.500000
vt 0.033203 0.500000
vt 0.033203 0.500000
vt 0.033203 0.500000
vt 0.033203 0.500000
vt 0.033203 0.500000
vt 0.033203 0.500000
vt 0.033203 0.500000
vt 0.033203 0.500000
vt 0.033203 0.500000
vt 0.033203 0.500000
vt 0.033203 0.500000
vt 0.033203 0.500000
vt 0.033203 0.500000
vt 0.033203 0.500000
vt 0.033203 0.500000
vt 0.033203 0.500000
vt 0.033203 0.500000
vt 0.033203 0.500000
vt 0.033203 0.500000
vt 0.033203 0.500000
vt 0.033203 0.500000
vt 0.033203 0.500000
vt 0.033203 0.500000
vt 0.033203 0.500000
vt 0.033203 0.500000
vt 0.033203 0.500000
vt 0.033203 0.500000
vt 0.033203 0.500000
vt 0.033203 0.500000
vt 0.033203 0.500000
vt 0.033203 0.500000
vt 0.041016 0.500000
vt 0.041016 0.500000
vt 0.041016 0.500000
vt 0.041016 0.500000
vt 0.033203 0.500000
vt 0.033203 0.500000
vt 0.033203 0.500000
vt 0.033203 0.500000
vt 0.041016 0.500000
vt 0.041016 0.500000
vt 0.041016 0.500000
vt 0.041016 0.500000
vt 0.033203 0.500000
vt 0.033203 0.500000
vt 0.033203 0.500000
vt 0.033203 0.500000
vt 0.041016 0.500000
vt 0.041016 0.500000
vt 0.041016 0.500000
vt 0.041016 0.500000
vt 0.033203 0.500000
vt 0.033203 0.500000
vt 0.033203 0.500000
vt 0.033203 0.500000
vt 0.041016 0.500000
vt 0.041016 0.500000
vt 0.041016 0.500000
vt 0.041016 0.500000
vt 0.033203 0.500000
vt 0.033203 0.500000
vt 0.033203 0.500000
vt 0.033203 0.500000
vt 0.041016 0.500000
vt 0.041016 0.500000
vt 0.041016 0.500000
vt 0.041016 0.500000
vt 0.033203 0.500000
vt 0.033203 0.500000
vt 0.033203 0.500000
vt 0.033203 0.500000
vt 0.041016 0.500000
vt 0.041016 0.500000
vt 0.041016 0.500000
vt 0.041016 0.500000
vt 0.033203 0.500000
vt 0.033203 0.500000
vt 0.033203 0.500000
vt 0.033203 0.500000
vt 0.041016 0.500000
vt 0.041016 0.500000
vt 0.041016 0.500000
vt 0.041016 0.500000
vt 0.033203 0.500000
vt 0.033203 0.500000
vt 0.033203 0.500000
vt 0.033203 0.500000
vt 0.041016 0.500000
vt 0.041016 0.500000
vt 0.041016 0.500000
vt 0.041016 0.500000
vt 0.033203 0.500000
vt 0.033203 0.500000
vt 0.033203 0.500000
vt 0.033203 0.500000
vt 0.041016 0.500000
vt 0.041016 0.500000
vt 0.041016 0.500000
vt 0.041016 0.500000
vt 0.033203 0.500000
vt 0.033203 0.500000
vt 0.033203 0.500000
vt 0.033203 0.500000
vt 0.041016 0.500000
vt 0.041016 0.500000
vt 0.041016 0.500000
vt 0.041016 0.500000
vt 0.033203 0.500000
vt 0.033203 0.500000
vt 0.033203 0.500000
vt 0.033203 0.500000
vt 0.041016 0.500000
vt 0.041016 0.500000
vt 0.041016 0.500000
vt 0.041016 0.500000
vt 0.033203 0.500000
vt 0.033203 0.500000
vt 0.033203 0.500000
vt 0.033203 0.500000
vt 0.041016 0.500000
vt 0.041016 0.500000
vt 0.041016 0.500000
vt 0.041016 0.500000
vt 0.033203 0.500000
vt 0.033203 0.500000
vt 0.033203 0.500000
vt 0.033203 0.500000
vt 0.041016 0.500000
vt 0.041016 0.500000
vt 0.041016 0.500000
vt 0.041016 0.500000
vt 0.033203 0.500000
vt 0.033203 0.500000
vt 0.033203 0.500000
vt 0.033203 0.500000
vt 0.041016 0.500000
vt 0.041016 0.500000
vt 0.041016 0.500000
vt 0.041016 0.500000
vt 0.033203 0.500000
vt 0.033203 0.500000
vt 0.033203 0.500000
vt 0.033203 0.500000
vt 0.041016 0.500000
vt 0.041016 0.500000
vt 0.041016 0.500000
vt 0.041016 0.500000
vt 0.033203 0.500000
vt 0.033203 0.500000
vt 0.033203 0.500000
vt 0.033203 0.500000
vt 0.041016 0.500000
vt 0.041016 0.500000
vt 0.041016 0.500000
vt 0.041016 0.500000
vt 0.033203 0.500000
vt 0.033203 0.500000
vt 0.033203 0.500000
vt 0.033203 0.500000
vt 0.041016 0.500000
vt 0.041016 0.500000
vt 0.041016 0.500000
vt 0.041016 0.500000
vt 0.033203 0.500000
vt 0.033203 0.500000
vt 0.033203 0.500000
vt 0.033203 0.500000
vt 0.041016 0.500000
vt 0.041016 0.500000
vt 0.041016 0.500000
vt 0.041016 0.500000
vt 0.033203 0.500000
vt 0.033203 0.500000
vt 0.033203 0.500000
vt 0.033203 0.500000
vt 0.041016 0.500000
vt 0.041016 0.500000
vt 0.041016 0.500000
vt 0.041016 0.500000
vt 0.033203 0.500000
vt 0.033203 0.500000
vt 0.033203 0.500000
vt 0.033203 0.500000
vt 0.041016 0.500000
vt 0.041016 0.500000
vt 0.041016 0.500000
vt 0.041016 0.500000
vt 0.033203 0.500000
vt 0.033203 0.500000
vt 0.033203 0.500000
vt 0.033203 0.500000
vt 0.041016 0.500000
vt 0.041016 0.500000
vt 0.041016 0.500000
vt 0.041016 0.500000
vt 0.033203 0.500000
vt 0.033203 0.500000
vt 0.033203 0.500000
vt 0.033203 0.500000
vt 0.041016 0.500000
vt 0.041016 0.500000
vt 0.041016 0.500000
vt 0.041016 0.500000
vt 0.033203 0.500000
vt 0.033203 0.500000
vt 0.033203 0.500000
vt 0.033203 0.500000
vt 0.041016 0.500000
vt 0.041016 0.500000
vt 0.041016 0.500000
vt 0.041016 0.500000
vt 0.033203 0.500000
vt 0.033203 0.500000
vt 0.033203 0.500000
vt 0.033203 0.500000
vt 0.041016 0.500000
vt 0.041016 0.500000
vt 0.041016 0.500000
vt 0.041016 0.500000
vt 0.033203 0.500000
vt 0.033203 0.500000
vt 0.033203 0.500000
vt 0.033203 0.500000
vt 0.041016 0.500000
vt 0.041016 0.500000
vt 0.041016 0.500000
vt 0.041016 0.500000
vt 0.033203 0.500000
vt 0.033203 0.500000
vt 0.033203 0.500000
vt 0.033203 0.500000
vt 0.041016 0.500000
vt 0.041016 0.500000
vt 0.041016 0.500000
vt 0.041016 0.500000
vt 0.033203 0.500000
vt 0.033203 0.500000
vt 0.033203 0.500000
vt 0.033203 0.500000
vt 0.041016 0.500000
vt 0.041016 0.500000
vt 0.041016 0.500000
vt 0.041016 0.500000
vt 0.033203 0.500000
vt 0.033203 0.500000
vt 0.033203 0.500000
vt 0.033203 0.500000
vt 0.041016 0.500000
vt 0.041016 0.500000
vt 0.041016 0.500000
vt 0.041016 0.500000
vt 0.033203 0.500000
vt 0.033203 0.500000
vt 0.033203 0.500000
vt 0.033203 0.500000
vt 0.041016 0.500000
vt 0.041016 0.500000
vt 0.041016 0.500000
vt 0.041016 0.500000
vt 0.033203 0.500000
vt 0.033203 0.500000
vt 0.033203 0.500000
vt 0.033203 0.500000
vt 0.041016 0.500000
vt 0.041016 0.500000
vt 0.041016 0.500000
vt 0.041016 0.500000
vt 0.033203 0.500000
vt 0.033203 0.500000
vt 0.033203 0.500000
vt 0.033203 0.500000
vt 0.041016 0.500000
vt 0.041016 0.500000
vt 0.041016 0.500000
vt 0.041016 0.500000
vt 0.033203 0.500000
vt 0.033203 0.500000
vt 0.033203 0.500000
vt 0.033203 0.500000
vt 0.041016 0.500000
vt 0.041016 0.500000
vt 0.041016 0.500000
vt 0.041016 0.500000
vt 0.033203 0.500000
vt 0.033203 0.500000
vt 0.033203 0.500000
vt 0.033203 0.500000
vt 0.041016 0.500000
vt 0.041016 0.500000
vt 0.041016 0.500000
vt 0.041016 0.500000
vt 0.033203 0.500000
vt 0.033203 0.500000
vt 0.033203 0.500000
vt 0.033203 0.500000
vt 0.041016 0.500000
vt 0.041016 0.500000
vt 0.041016 0.500000
vt 0.041016 0.500000
vt 0.033203 0.500000
vt 0.033203 0.500000
vt 0.033203 0.500000
vt 0.033203 0.500000
vt 0.041016 0.500000
vt 0.041016 0.500000
vt 0.041016 0.500000
vt 0.041016 0.500000
vt 0.033203 0.500000
vt 0.033203 0.500000
vt 0.033203 0.500000
vt 0.033203 0.500000
vt 0.041016 0.500000
vt 0.041016 0.500000
vt 0.041016 0.500000
vt 0.041016 0.500000
vt 0.033203 0.500000
vt 0.033203 0.500000
vt 0.033203 0.500000
vt 0.033203 0.500000
vt 0.041016 0.500000
vt 0.041016 0.500000
vt 0.041016 0.500000
vt 0.041016 0.500000
vt 0.033203 0.500000
vt 0.033203 0.500000
vt 0.033203 0.500000
vt 0.033203 0.500000
vt 0.041016 0.500000
vt 0.041016 0.500000
vt 0.041016 0.500000
vt 0.041016 0.500000
vt 0.033203 0.500000
vt 0.033203 0.500000
vt 0.033203 0.500000
vt 0.033203 0.500000
vt 0.041016 0.500000
vt 0.041016 0.500000
vt 0.041016 0.500000
vt 0.041016 0.500000
vt 0.033203 0.500000
vt 0.033203 0.500000
vt 0.033203 0.500000
vt 0.033203 0.500000
vt 0.041016 0.500000
vt 0.041016 0.500000
vt 0.041016 0.500000
vt 0.041016 0.500000
vt 0.033203 0.500000
vt 0.033203 0.500000
vt 0.033203 0.500000
vt 0.033203 0.500000
vt 0.041016 0.500000
vt 0.041016 0.500000
vt 0.041016 0.500000
vt 0.041016 0.500000
vt 0.033203 0.500000
vt 0.033203 0.500000
vt 0.033203 0.500000
vt 0.033203 0.500000
vt 0.041016 0.500000
vt 0.041016 0.500000
vt 0.041016 0.500000
vt 0.041016 0.500000
vt 0.033203 0.500000
vt 0.033203 0.500000
vt 0.033203 0.500000
vt 0.033203 0.500000
vt 0.041016 0.500000
vt 0.041016 0.500000
vt 0.041016 0.500000
vt 0.041016 0.500000
vt 0.033203 0.500000
vt 0.033203 0.500000
vt 0.033203 0.500000
vt 0.033203 0.500000
vt 0.041016 0.500000
vt 0.041016 0.500000
vt 0.041016 0.500000
vt 0.041016 0.500000
vt 0.033203 0.500000
vt 0.033203 0.500000
vt 0.033203 0.500000
vt 0.033203 0.500000
vt 0.041016 0.500000
vt 0.041016 0.500000
vt 0.041016 0.500000
vt 0.041016 0.500000
vt 0.033203 0.500000
vt 0.033203 0.500000
vt 0.033203 0.500000
vt 0.033203 0.500000
vt 0.041016 0.500000
vt 0.041016 0.500000
vt 0.041016 0.500000
vt 0.041016 0.500000
vt 0.033203 0.500000
vt 0.033203 0.500000
vt 0.033203 0.500000
vt 0.033203 0.500000
vt 0.041016 0.500000
vt 0.041016 0.500000
vt 0.041016 0.500000
vt 0.041016 0.500000
vt 0.033203 0.500000
vt 0.033203 0.500000
vt 0.033203 0.500000
vt 0.033203 0.500000
vt 0.041016 0.500000
vt 0.041016 0.500000
vt 0.041016 0.500000
vt 0.041016 0.500000
vt 0.033203 0.500000
vt 0.033203 0.500000
vt 0.033203 0.500000
vt 0.033203 0.500000
vt 0.041016 0.500000
vt 0.041016 0.500000
vt 0.041016 0.500000
vt 0.041016 0.500000
vt 0.033203 0.500000
vt 0.033203 0.500000
vt 0.033203 0.500000
vt 0.033203 0.500000
vt 0.041016 0.500000
vt 0.041016 0.500000
vt 0.041016 0.500000
vt 0.041016 0.500000
vt 0.033203 0.500000
vt 0.033203 0.500000
vt 0.033203 0.500000
vt 0.033203 0.500000
vt 0.041016 0.500000
vt 0.041016 0.500000
vt 0.041016 0.500000
vt 0.041016 0.500000
vt 0.033203 0.500000
vt 0.033203 0.500000
vt 0.033203 0.500000
vt 0.033203 0.500000
vt 0.041016 0.500000
vt 0.041016 0.500000
vt 0.041016 0.500000
vt 0.041016 0.500000
vt 0.033203 0.500000
vt 0.033203 0.500000
vt 0.033203 0.500000
vt 0.033203 0.500000
vt 0.041016 0.500000
vt 0.041016 0.500000
vt 0.041016 0.500000
vt 0.041016 0.500000
vt 0.033203 0.500000
vt 0.033203 0.500000
vt 0.033203 0.500000
vt 0.033203 0.500000
vt 0.041016 0.500000
vt 0.041016 0.500000
vt 0.041016 0.500000
vt 0.041016 0.500000
vt 0.033203 0.500000
vt 0.033203 0.500000
vt 0.033203 0.500000
vt 0.033203 0.500000
vt 0.041016 0.500000
vt 0.041016 0.500000
vt 0.041016 0.500000
vt 0.041016 0.500000
vt 0.033203 0.500000
vt 0.033203 0.500000
vt 0.033203 0.500000
vt 0.033203 0.500000
vt 0.033203 0.500000
vt 0.033203 0.500000
vt 0.033203 0.500000
vt 0.033203 0.500000
vt 0.033203 0.500000
vt 0.033203 0.500000
vt 0.033203 0.500000
vt 0.041016 0.500000
vt 0.041016 0.500000
vt 0.041016 0.500000
vt 0.041016 0.500000
vt 0.033203 0.500000
vt 0.033203 0.500000
vt 0.033203 0.500000
vt 0.033203 0.500000
vt 0.041016 0.500000
vt 0.041016 0.500000
vt 0.041016 0.500000
vt 0.041016 0.500000
vt 0.033203 0.500000
vt 0.033203 0.500000
vt 0.033203 0.500000
vt 0.033203 0.500000
vt 0.041016 0.500000
vt 0.041016 0.500000
vt 0.041016 0.500000
vt 0.041016 0.500000
vt 0.033203 0.500000
vt 0.033203 0.500000
vt 0.033203 0.500000
vt 0.033203 0.500000
vt 0.041016 0.500000
vt 0.041016 0.500000
vt 0.041016 0.500000
vt 0.041016 0.500000
vt 0.033203 0.500000
vt 0.033203 0.500000
vt 0.033203 0.500000
vt 0.033203 0.500000
vt 0.041016 0.500000
vt 0.041016 0.500000
vt 0.041016 0.500000
vt 0.041016 0.500000
vt 0.033203 0.500000
vt 0.033203 0.500000
vt 0.033203 0.500000
vt 0.033203 0.500000
vt 0.041016 0.500000
vt 0.041016 0.500000
vt 0.041016 0.500000
vt 0.041016 0.500000
vt 0.033203 0.500000
vt 0.033203 0.500000
vt 0.033203 0.500000
vt 0.033203 0.500000
vt 0.041016 0.500000
vt 0.041016 0.500000
vt 0.041016 0.500000
vt 0.041016 0.500000
vt 0.033203 0.500000
vt 0.033203 0.500000
vt 0.033203 0.500000
vt 0.033203 0.500000
vt 0.041016 0.500000
vt 0.041016 0.500000
vt 0.041016 0.500000
vt 0.041016 0.500000
vt 0.033203 0.500000
vt 0.033203 0.500000
vt 0.033203 0.500000
vt 0.033203 0.500000
vt 0.041016 0.500000
vt 0.041016 0.500000
vt 0.041016 0.500000
vt 0.041016 0.500000
vt 0.033203 0.500000
vt 0.033203 0.500000
vt 0.033203 0.500000
vt 0.033203 0.500000
vt 0.041016 0.500000
vt 0.041016 0.500000
vt 0.041016 0.500000
vt 0.041016 0.500000
vt 0.033203 0.500000
vt 0.033203 0.500000
vt 0.033203 0.500000
vt 0.033203 0.500000
vt 0.041016 0.500000
vt 0.041016 0.500000
vt 0.041016 0.500000
vt 0.041016 0.500000
vt 0.033203 0.500000
vt 0.033203 0.500000
vt 0.033203 0.500000
vt 0.033203 0.500000
vt 0.041016 0.500000
vt 0.041016 0.500000
vt 0.041016 0.500000
vt 0.041016 0.500000
vt 0.033203 0.500000
vt 0.033203 0.500000
vt 0.033203 0.500000
vt 0.033203 0.500000
vt 0.041016 0.500000
vt 0.041016 0.500000
vt 0.041016 0.500000
vt 0.041016 0.500000
vt 0.033203 0.500000
vt 0.033203 0.500000
vt 0.033203 0.500000
vt 0.033203 0.500000
vt 0.041016 0.500000
vt 0.041016 0.500000
vt 0.041016 0.500000
vt 0.041016 0.500000
vt 0.033203 0.500000
vt 0.033203 0.500000
vt 0.033203 0.500000
vt 0.033203 0.500000
vt 0.041016 0.500000
vt 0.041016 0.500000
vt 0.041016 0.500000
vt 0.041016 0.500000
vt 0.033203 0.500000
vt 0.033203 0.500000
vt 0.033203 0.500000
vt 0.033203 0.500000
vt 0.041016 0.500000
vt 0.041016 0.500000
vt 0.041016 0.500000
vt 0.041016 0.500000
vt 0.033203 0.500000
vt 0.033203 0.500000
vt 0.033203 0.500000
vt 0.033203 0.500000
vt 0.041016 0.500000
vt 0.041016 0.500000
vt 0.041016 0.500000
vt 0.041016 0.500000
vt 0.033203 0.500000
vt 0.033203 0.500000
vt 0.033203 0.500000
vt 0.033203 0.500000
vt 0.041016 0.500000
vt 0.041016 0.500000
vt 0.041016 0.500000
vt 0.041016 0.500000
vt 0.033203 0.500000
vt 0.033203 0.500000
vt 0.033203 0.500000
vt 0.033203 0.500000
vt 0.041016 0.500000
vt 0.041016 0.500000
vt 0.041016 0.500000
vt 0.041016 0.500000
vt 0.033203 0.500000
vt 0.033203 0.500000
vt 0.033203 0.500000
vt 0.033203 0.500000
vt 0.041016 0.500000
vt 0.041016 0.500000
vt 0.041016 0.500000
vt 0.041016 0.500000
vt 0.033203 0.500000
vt 0.033203 0.500000
vt 0.033203 0.500000
vt 0.033203 0.500000
vt 0.041016 0.500000
vt 0.041016 0.500000
vt 0.041016 0.500000
vt 0.041016 0.500000
vt 0.033203 0.500000
vt 0.033203 0.500000
vt 0.033203 0.500000
vt 0.033203 0.500000
vt 0.041016 0.500000
vt 0.041016 0.500000
vt 0.041016 0.500000
vt 0.041016 0.500000
vt 0.033203 0.500000
vt 0.033203 0.500000
vt 0.033203 0.500000
vt 0.033203 0.500000
vt 0.041016 0.500000
vt 0.041016 0.500000
vt 0.041016 0.500000
vt 0.041016 0.500000
vt 0.033203 0.500000
vt 0.033203 0.500000
vt 0.033203 0.500000
vt 0.033203 0.500000
vt 0.041016 0.500000
vt 0.041016 0.500000
vt 0.041016 0.500000
vt 0.041016 0.500000
vt 0.033203 0.500000
vt 0.033203 0.500000
vt 0.033203 0.500000
vt 0.033203 0.500000
vt 0.041016 0.500000
vt 0.041016 0.500000
vt 0.041016 0.500000
vt 0.041016 0.500000
vt 0.033203 0.500000
vt 0.033203 0.500000
vt 0.033203 0.500000
vt 0.033203 0.500000
vt 0.041016 0.500000
vt 0.041016 0.500000
vt 0.041016 0.500000
vt 0.041016 0.500000
vt 0.033203 0.500000
vt 0.033203 0.500000
vt 0.033203 0.500000
vt 0.033203 0.500000
vt 0.041016 0.500000
vt 0.041016 0.500000
vt 0.041016 0.500000
vt 0.041016 0.500000
vt 0.033203 0.500000
vt 0.033203 0.500000
vt 0.033203 0.500000
vt 0.033203 0.500000
vt 0.041016 0.500000
vt 0.041016 0.500000
vt 0.041016 0.500000
vt 0.041016 0.500000
vt 0.033203 0.500000
vt 0.033203 0.500000
vt 0.033203 0.500000
vt 0.033203 0.500000
vt 0.041016 0.500000
vt 0.041016 0.500000
vt 0.041016 0.500000
vt 0.041016 0.500000
vt 0.033203 0.500000
vt 0.033203 0.500000
vt 0.033203 0.500000
vt 0.033203 0.500000
vt 0.041016 0.500000
vt 0.041016 0.500000
vt 0.041016 0.500000
vt 0.041016 0.500000
vt 0.033203 0.500000
vt 0.033203 0.500000
vt 0.033203 0.500000
vt 0.033203 0.500000
vt 0.041016 0.500000
vt 0.041016 0.500000
vt 0.041016 0.500000
vt 0.041016 0.500000
vt 0.033203 0.500000
vt 0.033203 0.500000
vt 0.033203 0.500000
vt 0.033203 0.500000
vt 0.041016 0.500000
vt 0.041016 0.500000
vt 0.041016 0.500000
vt 0.041016 0.500000
vt 0.033203 0.500000
vt 0.033203 0.500000
vt 0.033203 0.500000
vt 0.033203 0.500000
vt 0.041016 0.500000
vt 0.041016 0.500000
vt 0.041016 0.500000
vt 0.041016 0.500000
vt 0.033203 0.500000
vt 0.033203 0.500000
vt 0.033203 0.500000
vt 0.033203 0.500000
vt 0.041016 0.500000
vt 0.041016 0.500000
vt 0.041016 0.500000
vt 0.041016 0.500000
vt 0.033203 0.500000
vt 0.033203 0.500000
vt 0.033203 0.500000
vt 0.033203 0.500000
vt 0.041016 0.500000
vt 0.041016 0.500000
vt 0.041016 0.500000
vt 0.041016 0.500000
vt 0.033203 0.500000
vt 0.033203 0.500000
vt 0.033203 0.500000
vt 0.033203 0.500000
vt 0.041016 0.500000
vt 0.041016 0.500000
vt 0.041016 0.500000
vt 0.041016 0.500000
vt 0.033203 0.500000
vt 0.033203 0.500000
vt 0.033203 0.500000
vt 0.033203 0.500000
vt 0.041016 0.500000
vt 0.041016 0.500000
vt 0.041016 0.500000
vt 0.041016 0.500000
vt 0.033203 0.500000
vt 0.033203 0.500000
vt 0.033203 0.500000
vt 0.033203 0.500000
vt 0.041016 0.500000
vt 0.041016 0.500000
vt 0.041016 0.500000
vt 0.041016 0.500000
vt 0.033203 0.500000
vt 0.033203 0.500000
vt 0.033203 0.500000
vt 0.033203 0.500000
vt 0.041016 0.500000
vt 0.041016 0.500000
vt 0.041016 0.500000
vt 0.041016 0.500000
vt 0.033203 0.500000
vt 0.033203 0.500000
vt 0.033203 0.500000
vt 0.033203 0.500000
vt 0.041016 0.500000
vt 0.041016 0.500000
vt 0.041016 0.500000
vt 0.041016 0.500000
vt 0.033203 0.500000
vt 0.033203 0.500000
vt 0.033203 0.500000
vt 0.033203 0.500000
vt 0.041016 0.500000
vt 0.041016 0.500000
vt 0.041016 0.500000
vt 0.041016 0.500000
vt 0.033203 0.500000
vt 0.033203 0.500000
vt 0.033203 0.500000
vt 0.033203 0.500000
vt 0.041016 0.500000
vt 0.041016 0.500000
vt 0.041016 0.500000
vt 0.041016 0.500000
vt 0.033203 0.500000
vt 0.033203 0.500000
vt 0.033203 0.500000
vt 0.033203 0.500000
vt 0.041016 0.500000
vt 0.041016 0.500000
vt 0.041016 0.500000
vt 0.041016 0.500000
vt 0.033203 0.500000
vt 0.033203 0.500000
vt 0.033203 0.500000
vt 0.033203 0.500000
vt 0.041016 0.500000
vt 0.041016 0.500000
vt 0.041016 0.500000
vt 0.041016 0.500000
vt 0.033203 0.500000
vt 0.033203 0.500000
vt 0.033203 0.500000
vt 0.033203 0.500000
vt 0.041016 0.500000
vt 0.041016 0.500000
vt 0.041016 0.500000
vt 0.041016 0.500000
vt 0.033203 0.500000
vt 0.033203 0.500000
vt 0.033203 0.500000
vt 0.033203 0.500000
vt 0.041016 0.500000
vt 0.041016 0.500000
vt 0.041016 0.500000
vt 0.041016 0.500000
vt 0.033203 0.500000
vt 0.033203 0.500000
vt 0.033203 0.500000
vt 0.033203 0.500000
vt 0.041016 0.500000
vt 0.041016 0.500000
vt 0.041016 0.500000
vt 0.041016 0.500000
vt 0.033203 0.500000
vt 0.033203 0.500000
vt 0.033203 0.500000
vt 0.033203 0.500000
vt 0.041016 0.500000
vt 0.041016 0.500000
vt 0.041016 0.500000
vt 0.041016 0.500000
vt 0.033203 0.500000
vt 0.033203 0.500000
vt 0.033203 0.500000
vt 0.033203 0.500000
vt 0.041016 0.500000
vt 0.041016 0.500000
vt 0.041016 0.500000
vt 0.041016 0.500000
vt 0.033203 0.500000
vt 0.033203 0.500000
vt 0.033203 0.500000
vt 0.033203 0.500000
vt 0.041016 0.500000
vt 0.041016 0.500000
vt 0.041016 0.500000
vt 0.041016 0.500000
vt 0.033203 0.500000
vt 0.033203 0.500000
vt 0.033203 0.500000
vt 0.033203 0.500000
vt 0.041016 0.500000
vt 0.041016 0.500000
vt 0.041016 0.500000
vt 0.041016 0.500000
vt 0.033203 0.500000
vt 0.033203 0.500000
vt 0.033203 0.500000
vt 0.033203 0.500000
vt 0.041016 0.500000
vt 0.041016 0.500000
vt 0.041016 0.500000
vt 0.041016 0.500000
vt 0.033203 0.500000
vt 0.033203 0.500000
vt 0.033203 0.500000
vt 0.033203 0.500000
vt 0.041016 0.500000
vt 0.041016 0.500000
vt 0.041016 0.500000
vt 0.041016 0.500000
vt 0.033203 0.500000
vt 0.033203 0.500000
vt 0.033203 0.500000
vt 0.033203 0.500000
vt 0.041016 0.500000
vt 0.041016 0.500000
vt 0.041016 0.500000
vt 0.041016 0.500000
vt 0.033203 0.500000
vt 0.033203 0.500000
vt 0.033203 0.500000
vt 0.033203 0.500000
vt 0.041016 0.500000
vt 0.041016 0.500000
vt 0.041016 0.500000
vt 0.041016 0.500000
vt 0.033203 0.500000
vt 0.033203 0.500000
vt 0.033203 0.500000
vt 0.033203 0.500000
vt 0.033203 0.500000
vt 0.033203 0.500000
vt 0.033203 0.500000
vt 0.033203 0.500000
vt 0.041016 0.500000
vt 0.041016 0.500000
vt 0.041016 0.500000
vt 0.318359 0.500000
vt 0.318359 0.500000
vt 0.318359 0.500000
vt 0.041016 0.500000
vt 0.041016 0.500000
vt 0.041016 0.500000
vt 0.041016 0.500000
vt 0.318359 0.500000
vt 0.041016 0.500000
vt 0.041016 0.500000
vt 0.041016 0.500000
vt 0.041016 0.500000
vt 0.041016 0.500000
vt 0.033203 0.500000
vt 0.033203 0.500000
vt 0.033203 0.500000
vt 0.033203 0.500000
vt 0.033203 0.500000
vt 0.033203 0.500000
vt 0.033203 0.500000
vt 0.033203 0.500000
vt 0.033203 0.500000
vt 0.033203 0.500000
vt 0.033203 0.500000
vt 0.033203 0.500000
vt 0.033203 0.500000
vt 0.033203 0.500000
vt 0.033203 0.500000
vt 0.033203 0.500000
vt 0.041016 0.500000
vt 0.041016 0.500000
vt 0.041016 0.500000
vt 0.041016 0.500000
vt 0.033203 0.500000
vt 0.033203 0.500000
vt 0.033203 0.500000
vt 0.033203 0.500000
vt 0.033203 0.500000
vt 0.033203 0.500000
vt 0.033203 0.500000
vt 0.033203 0.500000
vt 0.033203 0.500000
vt 0.033203 0.500000
vt 0.033203 0.500000
vt 0.033203 0.500000
vt 0.041016 0.500000
vt 0.041016 0.500000
vt 0.041016 0.500000
vt 0.041016 0.500000
vt 0.033203 0.500000
vt 0.033203 0.500000
vt 0.033203 0.500000
vt 0.033203 0.500000
vt 0.033203 0.500000
vt 0.033203 0.500000
vt 0.033203 0.500000
vt 0.033203 0.500000
vt 0.033203 0.500000
vt 0.033203 0.500000
vt 0.033203 0.500000
vt 0.033203 0.500000
vt 0.041016 0.500000
vt 0.041016 0.500000
vt 0.041016 0.500000
vt 0.041016 0.500000
vt 0.033203 0.500000
vt 0.033203 0.500000
vt 0.033203 0.500000
vt 0.033203 0.500000
vt 0.041016 0.500000
vt 0.041016 0.500000
vt 0.041016 0.500000
vt 0.318359 0.500000
vt 0.318359 0.500000
vt 0.318359 0.500000
vt 0.041016 0.500000
vt 0.041016 0.500000
vt 0.041016 0.500000
vt 0.041016 0.500000
vt 0.318359 0.500000
vt 0.041016 0.500000
vt 0.033203 0.500000
vt 0.033203 0.500000
vt 0.033203 0.500000
vt 0.033203 0.500000
vt 0.041016 0.500000
vt 0.041016 0.500000
vt 0.041016 0.500000
vt 0.041016 0.500000
vt 0.033203 0.500000
vt 0.033203 0.500000
vt 0.033203 0.500000
vt 0.033203 0.500000
vt 0.041016 0.500000
vt 0.041016 0.500000
vt 0.041016 0.500000
vt 0.041016 0.500000
vt 0.033203 0.500000
vt 0.033203 0.500000
vt 0.033203 0.500000
vt 0.033203 0.500000
vt 0.041016 0.500000
vt 0.041016 0.500000
vt 0.041016 0.500000
vt 0.041016 0.500000
vt 0.033203 0.500000
vt 0.033203 0.500000
vt 0.033203 0.500000
vt 0.033203 0.500000
vt 0.041016 0.500000
vt 0.041016 0.500000
vt 0.041016 0.500000
vt 0.041016 0.500000
vt 0.033203 0.500000
vt 0.033203 0.500000
vt 0.033203 0.500000
vt 0.033203 0.500000
vt 0.041016 0.500000
vt 0.041016 0.500000
vt 0.041016 0.500000
vt 0.041016 0.500000
vt 0.033203 0.500000
vt 0.033203 0.500000
vt 0.033203 0.500000
vt 0.033203 0.500000
vt 0.041016 0.500000
vt 0.041016 0.500000
vt 0.041016 0.500000
vt 0.041016 0.500000
vt 0.033203 0.500000
vt 0.033203 0.500000
vt 0.033203 0.500000
vt 0.033203 0.500000
vt 0.041016 0.500000
vt 0.041016 0.500000
vt 0.041016 0.500000
vt 0.041016 0.500000
vt 0.033203 0.500000
vt 0.033203 0.500000
vt 0.033203 0.500000
vt 0.033203 0.500000
vt 0.041016 0.500000
vt 0.041016 0.500000
vt 0.041016 0.500000
vt 0.041016 0.500000
vt 0.033203 0.500000
vt 0.033203 0.500000
vt 0.033203 0.500000
vt 0.033203 0.500000
vt 0.041016 0.500000
vt 0.041016 0.500000
vt 0.041016 0.500000
vt 0.041016 0.500000
vt 0.033203 0.500000
vt 0.033203 0.500000
vt 0.033203 0.500000
vt 0.033203 0.500000
vt 0.041016 0.500000
vt 0.041016 0.500000
vt 0.041016 0.500000
vt 0.041016 0.500000
vt 0.033203 0.500000
vt 0.033203 0.500000
vt 0.033203 0.500000
vt 0.033203 0.500000
vt 0.041016 0.500000
vt 0.041016 0.500000
vt 0.041016 0.500000
vt 0.041016 0.500000
vt 0.033203 0.500000
vt 0.033203 0.500000
vt 0.033203 0.500000
vt 0.033203 0.500000
vt 0.041016 0.500000
vt 0.041016 0.500000
vt 0.041016 0.500000
vt 0.041016 0.500000
vt 0.033203 0.500000
vt 0.033203 0.500000
vt 0.033203 0.500000
vt 0.033203 0.500000
vt 0.041016 0.500000
vt 0.041016 0.500000
vt 0.041016 0.500000
vt 0.041016 0.500000
vt 0.033203 0.500000
vt 0.033203 0.500000
vt 0.033203 0.500000
vt 0.033203 0.500000
vt 0.041016 0.500000
vt 0.041016 0.500000
vt 0.041016 0.500000
vt 0.041016 0.500000
vt 0.033203 0.500000
vt 0.033203 0.500000
vt 0.033203 0.500000
vt 0.033203 0.500000
vt 0.041016 0.500000
vt 0.041016 0.500000
vt 0.041016 0.500000
vt 0.041016 0.500000
vt 0.033203 0.500000
vt 0.033203 0.500000
vt 0.033203 0.500000
vt 0.033203 0.500000
vt 0.041016 0.500000
vt 0.041016 0.500000
vt 0.041016 0.500000
vt 0.041016 0.500000
vt 0.033203 0.500000
vt 0.033203 0.500000
vt 0.033203 0.500000
vt 0.033203 0.500000
vt 0.041016 0.500000
vt 0.041016 0.500000
vt 0.041016 0.500000
vt 0.041016 0.500000
vt 0.033203 0.500000
vt 0.033203 0.500000
vt 0.033203 0.500000
vt 0.033203 0.500000
vt 0.041016 0.500000
vt 0.041016 0.500000
vt 0.041016 0.500000
vt 0.041016 0.500000
vt 0.033203 0.500000
vt 0.033203 0.500000
vt 0.033203 0.500000
vt 0.033203 0.500000
vt 0.041016 0.500000
vt 0.041016 0.500000
vt 0.041016 0.500000
vt 0.041016 0.500000
vt 0.033203 0.500000
vt 0.033203 0.500000
vt 0.033203 0.500000
vt 0.033203 0.500000
vt 0.041016 0.500000
vt 0.041016 0.500000
vt 0.041016 0.500000
vt 0.041016 0.500000
vt 0.033203 0.500000
vt 0.033203 0.500000
vt 0.033203 0.500000
vt 0.033203 0.500000
vt 0.041016 0.500000
vt 0.041016 0.500000
vt 0.041016 0.500000
vt 0.041016 0.500000
vt 0.033203 0.500000
vt 0.033203 0.500000
vt 0.033203 0.500000
vt 0.033203 0.500000
vt 0.041016 0.500000
vt 0.041016 0.500000
vt 0.041016 0.500000
vt 0.041016 0.500000
vt 0.033203 0.500000
vt 0.033203 0.500000
vt 0.033203 0.500000
vt 0.033203 0.500000
vt 0.041016 0.500000
vt 0.041016 0.500000
vt 0.041016 0.500000
vt 0.041016 0.500000
vt 0.033203 0.500000
vt 0.033203 0.500000
vt 0.033203 0.500000
vt 0.033203 0.500000
vt 0.041016 0.500000
vt 0.041016 0.500000
vt 0.041016 0.500000
vt 0.041016 0.500000
vt 0.033203 0.500000
vt 0.033203 0.500000
vt 0.033203 0.500000
vt 0.033203 0.500000
vt 0.041016 0.500000
vt 0.041016 0.500000
vt 0.041016 0.500000
vt 0.041016 0.500000
vt 0.033203 0.500000
vt 0.033203 0.500000
vt 0.033203 0.500000
vt 0.033203 0.500000
vt 0.041016 0.500000
vt 0.041016 0.500000
vt 0.041016 0.500000
vt 0.041016 0.500000
vt 0.033203 0.500000
vt 0.033203 0.500000
vt 0.033203 0.500000
vt 0.033203 0.500000
vt 0.041016 0.500000
vt 0.041016 0.500000
vt 0.041016 0.500000
vt 0.041016 0.500000
vt 0.033203 0.500000
vt 0.033203 0.500000
vt 0.033203 0.500000
vt 0.033203 0.500000
vt 0.041016 0.500000
vt 0.041016 0.500000
vt 0.041016 0.500000
vt 0.041016 0.500000
vt 0.033203 0.500000
vt 0.033203 0.500000
vt 0.033203 0.500000
vt 0.033203 0.500000
vt 0.041016 0.500000
vt 0.041016 0.500000
vt 0.041016 0.500000
vt 0.041016 0.500000
vt 0.033203 0.500000
vt 0.033203 0.500000
vt 0.033203 0.500000
vt 0.033203 0.500000
vt 0.041016 0.500000
vt 0.041016 0.500000
vt 0.041016 0.500000
vt 0.041016 0.500000
vt 0.033203 0.500000
vt 0.033203 0.500000
vt 0.033203 0.500000
vt 0.033203 0.500000
vt 0.041016 0.500000
vt 0.041016 0.500000
vt 0.041016 0.500000
vt 0.041016 0.500000
vt 0.033203 0.500000
vt 0.033203 0.500000
vt 0.033203 0.500000
vt 0.033203 0.500000
vt 0.041016 0.500000
vt 0.041016 0.500000
vt 0.041016 0.500000
vt 0.041016 0.500000
vt 0.033203 0.500000
vt 0.033203 0.500000
vt 0.033203 0.500000
vt 0.033203 0.500000
vt 0.041016 0.500000
vt 0.041016 0.500000
vt 0.041016 0.500000
vt 0.041016 0.500000
vt 0.033203 0.500000
vt 0.033203 0.500000
vt 0.033203 0.500000
vt 0.033203 0.500000
vt 0.041016 0.500000
vt 0.041016 0.500000
vt 0.041016 0.500000
vt 0.041016 0.500000
vt 0.033203 0.500000
vt 0.033203 0.500000
vt 0.033203 0.500000
vt 0.033203 0.500000
vt 0.041016 0.500000
vt 0.041016 0.500000
vt 0.041016 0.500000
vt 0.041016 0.500000
vt 0.033203 0.500000
vt 0.033203 0.500000
vt 0.033203 0.500000
vt 0.033203 0.500000
vt 0.041016 0.500000
vt 0.041016 0.500000
vt 0.041016 0.500000
vt 0.041016 0.500000
vt 0.033203 0.500000
vt 0.033203 0.500000
vt 0.033203 0.500000
vt 0.033203 0.500000
vt 0.041016 0.500000
vt 0.041016 0.500000
vt 0.041016 0.500000
vt 0.041016 0.500000
vt 0.033203 0.500000
vt 0.033203 0.500000
vt 0.033203 0.500000
vt 0.033203 0.500000
vt 0.041016 0.500000
vt 0.041016 0.500000
vt 0.041016 0.500000
vt 0.041016 0.500000
vt 0.033203 0.500000
vt 0.033203 0.500000
vt 0.033203 0.500000
vt 0.033203 0.500000
vt 0.041016 0.500000
vt 0.041016 0.500000
vt 0.041016 0.500000
vt 0.041016 0.500000
vt 0.033203 0.500000
vt 0.033203 0.500000
vt 0.033203 0.500000
vt 0.033203 0.500000
vt 0.041016 0.500000
vt 0.041016 0.500000
vt 0.041016 0.500000
vt 0.041016 0.500000
vt 0.033203 0.500000
vt 0.033203 0.500000
vt 0.033203 0.500000
vt 0.033203 0.500000
vt 0.041016 0.500000
vt 0.041016 0.500000
vt 0.041016 0.500000
vt 0.041016 0.500000
vt 0.033203 0.500000
vt 0.033203 0.500000
vt 0.033203 0.500000
vt 0.033203 0.500000
vt 0.041016 0.500000
vt 0.041016 0.500000
vt 0.041016 0.500000
vt 0.041016 0.500000
vt 0.033203 0.500000
vt 0.033203 0.500000
vt 0.033203 0.500000
vt 0.033203 0.500000
vt 0.041016 0.500000
vt 0.041016 0.500000
vt 0.041016 0.500000
vt 0.041016 0.500000
vt 0.033203 0.500000
vt 0.033203 0.500000
vt 0.033203 0.500000
vt 0.033203 0.500000
vt 0.041016 0.500000
vt 0.041016 0.500000
vt 0.041016 0.500000
vt 0.041016 0.500000
vt 0.033203 0.500000
vt 0.033203 0.500000
vt 0.033203 0.500000
vt 0.033203 0.500000
vt 0.041016 0.500000
vt 0.041016 0.500000
vt 0.041016 0.500000
vt 0.041016 0.500000
vt 0.033203 0.500000
vt 0.033203 0.500000
vt 0.033203 0.500000
vt 0.033203 0.500000
vt 0.041016 0.500000
vt 0.041016 0.500000
vt 0.041016 0.500000
vt 0.041016 0.500000
vt 0.033203 0.500000
vt 0.033203 0.500000
vt 0.033203 0.500000
vt 0.033203 0.500000
vt 0.041016 0.500000
vt 0.041016 0.500000
vt 0.041016 0.500000
vt 0.041016 0.500000
vt 0.033203 0.500000
vt 0.033203 0.500000
vt 0.033203 0.500000
vt 0.033203 0.500000
vt 0.041016 0.500000
vt 0.041016 0.500000
vt 0.041016 0.500000
vt 0.041016 0.500000
vt 0.033203 0.500000
vt 0.033203 0.500000
vt 0.033203 0.500000
vt 0.033203 0.500000
vt 0.041016 0.500000
vt 0.041016 0.500000
vt 0.041016 0.500000
vt 0.041016 0.500000
vt 0.033203 0.500000
vt 0.033203 0.500000
vt 0.033203 0.500000
vt 0.033203 0.500000
vt 0.041016 0.500000
vt 0.041016 0.500000
vt 0.041016 0.500000
vt 0.041016 0.500000
vt 0.033203 0.500000
vt 0.033203 0.500000
vt 0.033203 0.500000
vt 0.033203 0.500000
vt 0.041016 0.500000
vt 0.041016 0.500000
vt 0.041016 0.500000
vt 0.041016 0.500000
vt 0.033203 0.500000
vt 0.033203 0.500000
vt 0.033203 0.500000
vt 0.033203 0.500000
vt 0.041016 0.500000
vt 0.041016 0.500000
vt 0.041016 0.500000
vt 0.041016 0.500000
vt 0.033203 0.500000
vt 0.033203 0.500000
vt 0.033203 0.500000
vt 0.033203 0.500000
vt 0.041016 0.500000
vt 0.041016 0.500000
vt 0.041016 0.500000
vt 0.041016 0.500000
vt 0.033203 0.500000
vt 0.033203 0.500000
vt 0.033203 0.500000
vt 0.033203 0.500000
vt 0.041016 0.500000
vt 0.041016 0.500000
vt 0.041016 0.500000
vt 0.041016 0.500000
vt 0.033203 0.500000
vt 0.033203 0.500000
vt 0.033203 0.500000
vt 0.033203 0.500000
vt 0.041016 0.500000
vt 0.041016 0.500000
vt 0.041016 0.500000
vt 0.041016 0.500000
vt 0.033203 0.500000
vt 0.033203 0.500000
vt 0.033203 0.500000
vt 0.033203 0.500000
vt 0.033203 0.500000
vt 0.033203 0.500000
vt 0.033203 0.500000
vt 0.033203 0.500000
vt 0.033203 0.500000
vt 0.033203 0.500000
vt 0.033203 0.500000
vt 0.033203 0.500000
vt 0.033203 0.500000
vt 0.033203 0.500000
vt 0.033203 0.500000
vt 0.033203 0.500000
vt 0.033203 0.500000
vt 0.033203 0.500000
vt 0.033203 0.500000
vt 0.041016 0.500000
vt 0.041016 0.500000
vt 0.041016 0.500000
vt 0.041016 0.500000
vt 0.033203 0.500000
vt 0.033203 0.500000
vt 0.033203 0.500000
vt 0.033203 0.500000
vt 0.033203 0.500000
vt 0.041016 0.500000
vt 0.041016 0.500000
vt 0.041016 0.500000
vt 0.033203 0.500000
vt 0.041016 0.500000
vt 0.033203 0.500000
vt 0.033203 0.500000
vt 0.033203 0.500000
vt 0.033203 0.500000
vt 0.033203 0.500000
vt 0.033203 0.500000
vt 0.041016 0.500000
vt 0.041016 0.500000
vt 0.041016 0.500000
vt 0.041016 0.500000
vt 0.033203 0.500000
vt 0.033203 0.500000
vt 0.033203 0.500000
vt 0.033203 0.500000
vt 0.041016 0.500000
vt 0.041016 0.500000
vt 0.041016 0.500000
vt 0.041016 0.500000
vt 0.033203 0.500000
vt 0.033203 0.500000
vt 0.033203 0.500000
vt 0.033203 0.500000
vt 0.041016 0.500000
vt 0.041016 0.500000
vt 0.041016 0.500000
vt 0.041016 0.500000
vt 0.033203 0.500000
vt 0.033203 0.500000
vt 0.033203 0.500000
vt 0.033203 0.500000
vt 0.041016 0.500000
vt 0.041016 0.500000
vt 0.041016 0.500000
vt 0.041016 0.500000
vt 0.033203 0.500000
vt 0.033203 0.500000
vt 0.033203 0.500000
vt 0.033203 0.500000
vt 0.041016 0.500000
vt 0.041016 0.500000
vt 0.041016 0.500000
vt 0.041016 0.500000
vt 0.033203 0.500000
vt 0.033203 0.500000
vt 0.033203 0.500000
vt 0.033203 0.500000
vt 0.033203 0.500000
vt 0.033203 0.500000
vt 0.033203 0.500000
vt 0.041016 0.500000
vt 0.041016 0.500000
vt 0.041016 0.500000
vt 0.033203 0.500000
vt 0.041016 0.500000
vt 0.033203 0.500000
vt 0.033203 0.500000
vt 0.033203 0.500000
vt 0.033203 0.500000
vt 0.041016 0.500000
vt 0.041016 0.500000
vt 0.041016 0.500000
vt 0.041016 0.500000
vt 0.033203 0.500000
vt 0.033203 0.500000
vt 0.033203 0.500000
vt 0.033203 0.500000
vt 0.041016 0.500000
vt 0.041016 0.500000
vt 0.041016 0.500000
vt 0.041016 0.500000
vt 0.033203 0.500000
vt 0.033203 0.500000
vt 0.033203 0.500000
vt 0.033203 0.500000
vt 0.033203 0.500000
vt 0.041016 0.500000
vt 0.041016 0.500000
vt 0.041016 0.500000
vt 0.033203 0.500000
vt 0.041016 0.500000
vt 0.033203 0.500000
vt 0.033203 0.500000
vt 0.033203 0.500000
vt 0.033203 0.500000
vt 0.033203 0.500000
vt 0.033203 0.500000
vt 0.041016 0.500000
vt 0.041016 0.500000
vt 0.041016 0.500000
vt 0.041016 0.500000
vt 0.033203 0.500000
vt 0.033203 0.500000
vt 0.033203 0.500000
vt 0.033203 0.500000
vt 0.041016 0.500000
vt 0.041016 0.500000
vt 0.041016 0.500000
vt 0.041016 0.500000
vt 0.033203 0.500000
vt 0.033203 0.500000
vt 0.033203 0.500000
vt 0.033203 0.500000
vt 0.041016 0.500000
vt 0.041016 0.500000
vt 0.041016 0.500000
vt 0.041016 0.500000
vt 0.033203 0.500000
vt 0.033203 0.500000
vt 0.033203 0.500000
vt 0.033203 0.500000
vt 0.033203 0.500000
vt 0.033203 0.500000
vt 0.033203 0.500000
vt 0.041016 0.500000
vt 0.041016 0.500000
vt 0.041016 0.500000
vt 0.033203 0.500000
vt 0.041016 0.500000
vt 0.033203 0.500000
vt 0.033203 0.500000
vt 0.033203 0.500000
vt 0.033203 0.500000
vt 0.041016 0.500000
vt 0.041016 0.500000
vt 0.041016 0.500000
vt 0.041016 0.500000
vt 0.033203 0.500000
vt 0.033203 0.500000
vt 0.033203 0.500000
vt 0.033203 0.500000
vt 0.041016 0.500000
vt 0.041016 0.500000
vt 0.041016 0.500000
vt 0.041016 0.500000
vt 0.033203 0.500000
vt 0.033203 0.500000
vt 0.033203 0.500000
vt 0.033203 0.500000
vt 0.033203 0.500000
vt 0.041016 0.500000
vt 0.041016 0.500000
vt 0.041016 0.500000
vt 0.033203 0.500000
vt 0.041016 0.500000
vt 0.033203 0.500000
vt 0.033203 0.500000
vt 0.033203 0.500000
vt 0.033203 0.500000
vt 0.033203 0.500000
vt 0.033203 0.500000
vt 0.041016 0.500000
vt 0.041016 0.500000
vt 0.041016 0.500000
vt 0.041016 0.500000
vt 0.033203 0.500000
vt 0.033203 0.500000
vt 0.033203 0.500000
vt 0.033203 0.500000
vt 0.041016 0.500000
vt 0.041016 0.500000
vt 0.041016 0.500000
vt 0.041016 0.500000
vt 0.033203 0.500000
vt 0.033203 0.500000
vt 0.033203 0.500000
vt 0.033203 0.500000
vt 0.041016 0.500000
vt 0.041016 0.500000
vt 0.041016 0.500000
vt 0.041016 0.500000
vt 0.033203 0.500000
vt 0.033203 0.500000
vt 0.033203 0.500000
vt 0.033203 0.500000
vt 0.033203 0.500000
vt 0.033203 0.500000
vt 0.033203 0.500000
vt 0.041016 0.500000
vt 0.041016 0.500000
vt 0.041016 0.500000
vt 0.033203 0.500000
vt 0.041016 0.500000
vt 0.033203 0.500000
vt 0.033203 0.500000
vt 0.033203 0.500000
vt 0.033203 0.500000
vt 0.041016 0.500000
vt 0.041016 0.500000
vt 0.041016 0.500000
vt 0.041016 0.500000
vt 0.033203 0.500000
vt 0.033203 0.500000
vt 0.033203 0.500000
vt 0.033203 0.500000
vt 0.041016 0.500000
vt 0.041016 0.500000
vt 0.041016 0.500000
vt 0.041016 0.500000
vt 0.033203 0.500000
vt 0.033203 0.500000
vt 0.033203 0.500000
vt 0.033203 0.500000
vt 0.033203 0.500000
vt 0.041016 0.500000
vt 0.041016 0.500000
vt 0.041016 0.500000
vt 0.033203 0.500000
vt 0.041016 0.500000
vt 0.033203 0.500000
vt 0.033203 0.500000
vt 0.033203 0.500000
vt 0.033203 0.500000
vt 0.033203 0.500000
vt 0.033203 0.500000
vt 0.041016 0.500000
vt 0.041016 0.500000
vt 0.041016 0.500000
vt 0.041016 0.500000
vt 0.033203 0.500000
vt 0.033203 0.500000
vt 0.033203 0.500000
vt 0.033203 0.500000
vt 0.041016 0.500000
vt 0.041016 0.500000
vt 0.041016 0.500000
vt 0.041016 0.500000
vt 0.033203 0.500000
vt 0.033203 0.500000
vt 0.033203 0.500000
vt 0.033203 0.500000
vt 0.041016 0.500000
vt 0.041016 0.500000
vt 0.041016 0.500000
vt 0.041016 0.500000
vt 0.033203 0.500000
vt 0.033203 0.500000
vt 0.033203 0.500000
vt 0.033203 0.500000
vt 0.033203 0.500000
vt 0.033203 0.500000
vt 0.033203 0.500000
vt 0.041016 0.500000
vt 0.041016 0.500000
vt 0.041016 0.500000
vt 0.033203 0.500000
vt 0.041016 0.500000
vt 0.033203 0.500000
vt 0.033203 0.500000
vt 0.033203 0.500000
vt 0.033203 0.500000
vt 0.041016 0.500000
vt 0.041016 0.500000
vt 0.041016 0.500000
vt 0.041016 0.500000
vt 0.033203 0.500000
vt 0.033203 0.500000
vt 0.033203 0.500000
vt 0.033203 0.500000
vt 0.041016 0.500000
vt 0.041016 0.500000
vt 0.041016 0.500000
vt 0.041016 0.500000
vt 0.033203 0.500000
vt 0.033203 0.500000
vt 0.033203 0.500000
vt 0.033203 0.500000
vt 0.033203 0.500000
vt 0.041016 0.500000
vt 0.041016 0.500000
vt 0.041016 0.500000
vt 0.033203 0.500000
vt 0.041016 0.500000
vt 0.033203 0.500000
vt 0.033203 0.500000
vt 0.033203 0.500000
vt 0.033203 0.500000
vt 0.033203 0.500000
vt 0.033203 0.500000
vt 0.041016 0.500000
vt 0.041016 0.500000
vt 0.041016 0.500000
vt 0.041016 0.500000
vt 0.033203 0.500000
vt 0.033203 0.500000
vt 0.033203 0.500000
vt 0.033203 0.500000
vt 0.041016 0.500000
vt 0.041016 0.500000
vt 0.041016 0.500000
vt 0.041016 0.500000
vt 0.033203 0.500000
vt 0.033203 0.500000
vt 0.033203 0.500000
vt 0.033203 0.500000
vt 0.041016 0.500000
vt 0.041016 0.500000
vt 0.041016 0.500000
vt 0.041016 0.500000
vt 0.033203 0.500000
vt 0.033203 0.500000
vt 0.033203 0.500000
vt 0.033203 0.500000
vt 0.033203 0.500000
vt 0.033203 0.500000
vt 0.033203 0.500000
vt 0.041016 0.500000
vt 0.041016 0.500000
vt 0.041016 0.500000
vt 0.033203 0.500000
vt 0.041016 0.500000
vt 0.033203 0.500000
vt 0.033203 0.500000
vt 0.033203 0.500000
vt 0.033203 0.500000
vt 0.041016 0.500000
vt 0.041016 0.500000
vt 0.041016 0.500000
vt 0.041016 0.500000
vt 0.033203 0.500000
vt 0.033203 0.500000
vt 0.033203 0.500000
vt 0.033203 0.500000
vt 0.041016 0.500000
vt 0.041016 0.500000
vt 0.041016 0.500000
vt 0.041016 0.500000
vt 0.033203 0.500000
vt 0.033203 0.500000
vt 0.033203 0.500000
vt 0.033203 0.500000
vt 0.033203 0.500000
vt 0.041016 0.500000
vt 0.041016 0.500000
vt 0.041016 0.500000
vt 0.033203 0.500000
vt 0.041016 0.500000
vt 0.033203 0.500000
vt 0.033203 0.500000
vt 0.033203 0.500000
vt 0.033203 0.500000
vt 0.033203 0.500000
vt 0.033203 0.500000
vt 0.041016 0.500000
vt 0.041016 0.500000
vt 0.041016 0.500000
vt 0.041016 0.500000
vt 0.033203 0.500000
vt 0.033203 0.500000
vt 0.033203 0.500000
vt 0.033203 0.500000
vt 0.041016 0.500000
vt 0.041016 0.500000
vt 0.041016 0.500000
vt 0.041016 0.500000
vt 0.033203 0.500000
vt 0.033203 0.500000
vt 0.033203 0.500000
vt 0.033203 0.500000
vt 0.041016 0.500000
vt 0.041016 0.500000
vt 0.041016 0.500000
vt 0.041016 0.500000
vt 0.033203 0.500000
vt 0.033203 0.500000
vt 0.033203 0.500000
vt 0.033203 0.500000
vt 0.033203 0.500000
vt 0.033203 0.500000
vt 0.033203 0.500000
vt 0.041016 0.500000
vt 0.041016 0.500000
vt 0.041016 0.500000
vt 0.033203 0.500000
vt 0.041016 0.500000
vt 0.033203 0.500000
vt 0.033203 0.500000
vt 0.033203 0.500000
vt 0.033203 0.500000
vt 0.041016 0.500000
vt 0.041016 0.500000
vt 0.041016 0.500000
vt 0.041016 0.500000
vt 0.033203 0.500000
vt 0.033203 0.500000
vt 0.033203 0.500000
vt 0.033203 0.500000
vt 0.041016 0.500000
vt 0.041016 0.500000
vt 0.041016 0.500000
vt 0.041016 0.500000
vt 0.033203 0.500000
vt 0.033203 0.500000
vt 0.033203 0.500000
vt 0.033203 0.500000
vt 0.033203 0.500000
vt 0.041016 0.500000
vt 0.041016 0.500000
vt 0.041016 0.500000
vt 0.033203 0.500000
vt 0.041016 0.500000
vt 0.033203 0.500000
vt 0.033203 0.500000
vt 0.033203 0.500000
vt 0.033203 0.500000
vt 0.033203 0.500000
vt 0.033203 0.500000
vt 0.041016 0.500000
vt 0.041016 0.500000
vt 0.041016 0.500000
vt 0.041016 0.500000
vt 0.033203 0.500000
vt 0.033203 0.500000
vt 0.033203 0.500000
vt 0.033203 0.500000
vt 0.041016 0.500000
vt 0.041016 0.500000
vt 0.041016 0.500000
vt 0.041016 0.500000
vt 0.033203 0.500000
vt 0.033203 0.500000
vt 0.033203 0.500000
vt 0.033203 0.500000
vt 0.041016 0.500000
vt 0.041016 0.500000
vt 0.041016 0.500000
vt 0.041016 0.500000
vt 0.033203 0.500000
vt 0.033203 0.500000
vt 0.033203 0.500000
vt 0.033203 0.500000
vt 0.033203 0.500000
vt 0.033203 0.500000
vt 0.033203 0.500000
vt 0.041016 0.500000
vt 0.041016 0.500000
vt 0.041016 0.500000
vt 0.033203 0.500000
vt 0.041016 0.500000
vt 0.033203 0.500000
vt 0.033203 0.500000
vt 0.033203 0.500000
vt 0.033203 0.500000
vt 0.041016 0.500000
vt 0.041016 0.500000
vt 0.041016 0.500000
vt 0.041016 0.500000
vt 0.033203 0.500000
vt 0.033203 0.500000
vt 0.033203 0.500000
vt 0.033203 0.500000
vt 0.041016 0.500000
vt 0.041016 0.500000
vt 0.041016 0.500000
vt 0.041016 0.500000
vt 0.033203 0.500000
vt 0.033203 0.500000
vt 0.033203 0.500000
vt 0.033203 0.500000
vt 0.033203 0.500000
vt 0.033203 0.500000
vt 0.033203 0.500000
vt 0.041016 0.500000
vt 0.041016 0.500000
vt 0.041016 0.500000
vt 0.033203 0.500000
vt 0.041016 0.500000
vt 0.033203 0.500000
vt 0.033203 0.500000
vt 0.033203 0.500000
vt 0.033203 0.500000
vt 0.041016 0.500000
vt 0.041016 0.500000
vt 0.041016 0.500000
vt 0.041016 0.500000
vt 0.033203 0.500000
vt 0.033203 0.500000
vt 0.033203 0.500000
vt 0.033203 0.500000
vt 0.041016 0.500000
vt 0.041016 0.500000
vt 0.041016 0.500000
vt 0.041016 0.500000
vt 0.033203 0.500000
vt 0.033203 0.500000
vt 0.033203 0.500000
vt 0.033203 0.500000
vt 0.033203 0.500000
vt 0.033203 0.500000
vt 0.033203 0.500000
vt 0.033203 0.500000
vt 0.033203 0.500000
vt 0.033203 0.500000
vt 0.033203 0.500000
vt 0.033203 0.500000
vt 0.033203 0.500000
vt 0.033203 0.500000
vt 0.033203 0.500000
vt 0.033203 0.500000
vt 0.033203 0.500000
vt 0.033203 0.500000
vt 0.033203 0.500000
vt 0.033203 0.500000
vt 0.033203 0.500000
vt 0.033203 0.500000
vt 0.033203 0.500000
vt 0.033203 0.500000
vt 0.033203 0.500000
vt 0.033203 0.500000
vt 0.033203 0.500000
vt 0.033203 0.500000
vt 0.033203 0.500000
vt 0.033203 0.500000
vt 0.033203 0.500000
vt 0.318359 0.500000
vt 0.318359 0.500000
vt 0.318359 0.500000
vt 0.318359 0.500000
vt 0.318359 0.500000
vt 0.318359 0.500000
vt 0.318359 0.500000
vt 0.318359 0.500000
vt 0.318359 0.500000
vt 0.318359 0.500000
vt 0.318359 0.500000
vt 0.318359 0.500000
vt 0.318359 0.500000
vt 0.318359 0.500000
vt 0.318359 0.500000
vt 0.318359 0.500000
vt 0.318359 0.500000
vt 0.318359 0.500000
vt 0.318359 0.500000
vt 0.318359 0.500000
vt 0.318359 0.500000
vt 0.318359 0.500000
vt 0.318359 0.500000
vt 0.318359 0.500000
vt 0.318359 0.500000
vt 0.318359 0.500000
vt 0.318359 0.500000
vt 0.318359 0.500000
vt 0.025391 0.500000
vt 0.025391 0.500000
vt 0.025391 0.500000
vt 0.025391 0.500000
vt 0.025391 0.500000
vt 0.025391 0.500000
vt 0.025391 0.500000
vt 0.025391 0.500000
vt 0.025391 0.500000
vt 0.025391 0.500000
vt 0.025391 0.500000
vt 0.025391 0.500000
vt 0.025391 0.500000
vt 0.025391 0.500000
vt 0.025391 0.500000
vt 0.025391 0.500000
vt 0.025391 0.500000
vt 0.025391 0.500000
vt 0.025391 0.500000
vt 0.025391 0.500000
vt 0.025391 0.500000
vt 0.025391 0.500000
vt 0.025391 0.500000
vt 0.025391 0.500000
vt 0.025391 0.500000
vt 0.025391 0.500000
vt 0.025391 0.500000
vt 0.025391 0.500000
vt 0.318359 0.500000
vt 0.318359 0.500000
vt 0.318359 0.500000
vt 0.318359 0.500000
vt 0.318359 0.500000
vt 0.318359 0.500000
vt 0.318359 0.500000
vt 0.318359 0.500000
vt 0.318359 0.500000
vt 0.318359 0.500000
vt 0.318359 0.500000
vt 0.318359 0.500000
vt 0.318359 0.500000
vt 0.318359 0.500000
vt 0.318359 0.500000
vt 0.318359 0.500000
vt 0.318359 0.500000
vt 0.318359 0.500000
vt 0.318359 0.500000
vt 0.318359 0.500000
vt 0.318359 0.500000
vt 0.318359 0.500000
vt 0.318359 0.500000
vt 0.318359 0.500000
vt 0.318359 0.500000
vt 0.318359 0.500000
vt 0.318359 0.500000
vt 0.318359 0.500000
vt 0.025391 0.500000
vt 0.025391 0.500000
vt 0.025391 0.500000
vt 0.025391 0.500000
vt 0.025391 0.500000
vt 0.025391 0.500000
vt 0.025391 0.500000
vt 0.025391 0.500000
vt 0.025391 0.500000
vt 0.025391 0.500000
vt 0.025391 0.500000
vt 0.025391 0.500000
vt 0.025391 0.500000
vt 0.025391 0.500000
vt 0.025391 0.500000
vt 0.025391 0.500000
vt 0.025391 0.500000
vt 0.025391 0.500000
vt 0.025391 0.500000
vt 0.025391 0.500000
vt 0.025391 0.500000
vt 0.025391 0.500000
vt 0.025391 0.500000
vt 0.025391 0.500000
vt 0.025391 0.500000
vt 0.025391 0.500000
vt 0.025391 0.500000
vt 0.025391 0.500000
vt 0.318359 0.500000
vt 0.318359 0.500000
vt 0.318359 0.500000
vt 0.318359 0.500000
vt 0.318359 0.500000
vt 0.318359 0.500000
vt 0.318359 0.500000
vt 0.318359 0.500000
vt 0.318359 0.500000
vt 0.318359 0.500000
vt 0.318359 0.500000
vt 0.318359 0.500000
vt 0.318359 0.500000
vt 0.318359 0.500000
vt 0.318359 0.500000
vt 0.318359 0.500000
vt 0.318359 0.500000
vt 0.318359 0.500000
vt 0.318359 0.500000
vt 0.318359 0.500000
vt 0.318359 0.500000
vt 0.318359 0.500000
vt 0.318359 0.500000
vt 0.318359 0.500000
vt 0.318359 0.500000
vt 0.318359 0.500000
vt 0.318359 0.500000
vt 0.318359 0.500000
vt 0.025391 0.500000
vt 0.025391 0.500000
vt 0.025391 0.500000
vt 0.025391 0.500000
vt 0.025391 0.500000
vt 0.025391 0.500000
vt 0.025391 0.500000
vt 0.025391 0.500000
vt 0.025391 0.500000
vt 0.025391 0.500000
vt 0.025391 0.500000
vt 0.025391 0.500000
vt 0.025391 0.500000
vt 0.025391 0.500000
vt 0.025391 0.500000
vt 0.025391 0.500000
vt 0.025391 0.500000
vt 0.025391 0.500000
vt 0.025391 0.500000
vt 0.025391 0.500000
vt 0.025391 0.500000
vt 0.025391 0.500000
vt 0.025391 0.500000
vt 0.025391 0.500000
vt 0.025391 0.500000
vt 0.025391 0.500000
vt 0.025391 0.500000
vt 0.025391 0.500000
vt 0.318359 0.500000
vt 0.318359 0.500000
vt 0.318359 0.500000
vt 0.318359 0.500000
vt 0.318359 0.500000
vt 0.318359 0.500000
vt 0.318359 0.500000
vt 0.318359 0.500000
vt 0.318359 0.500000
vt 0.318359 0.500000
vt 0.318359 0.500000
vt 0.318359 0.500000
vt 0.318359 0.500000
vt 0.318359 0.500000
vt 0.318359 0.500000
vt 0.318359 0.500000
vt 0.318359 0.500000
vt 0.318359 0.500000
vt 0.318359 0.500000
vt 0.318359 0.500000
vt 0.318359 0.500000
vt 0.318359 0.500000
vt 0.318359 0.500000
vt 0.318359 0.500000
vt 0.318359 0.500000
vt 0.318359 0.500000
vt 0.318359 0.500000
vt 0.318359 0.500000
vt 0.025391 0.500000
vt 0.025391 0.500000
vt 0.025391 0.500000
vt 0.025391 0.500000
vt 0.025391 0.500000
vt 0.025391 0.500000
vt 0.025391 0.500000
vt 0.025391 0.500000
vt 0.025391 0.500000
vt 0.025391 0.500000
vt 0.025391 0.500000
vt 0.025391 0.500000
vt 0.025391 0.500000
vt 0.025391 0.500000
vt 0.025391 0.500000
vt 0.025391 0.500000
vt 0.025391 0.500000
vt 0.025391 0.500000
vt 0.025391 0.500000
vt 0.025391 0.500000
vt 0.025391 0.500000
vt 0.025391 0.500000
vt 0.025391 0.500000
vt 0.025391 0.500000
vt 0.025391 0.500000
vt 0.025391 0.500000
vt 0.025391 0.500000
vt 0.025391 0.500000
vt 0.318359 0.500000
vt 0.318359 0.500000
vt 0.318359 0.500000
vt 0.318359 0.500000
vt 0.318359 0.500000
vt 0.318359 0.500000
vt 0.318359 0.500000
vt 0.318359 0.500000
vt 0.318359 0.500000
vt 0.318359 0.500000
vt 0.318359 0.500000
vt 0.318359 0.500000
vt 0.318359 0.500000
vt 0.318359 0.500000
vt 0.318359 0.500000
vt 0.318359 0.500000
vt 0.318359 0.500000
vt 0.318359 0.500000
vt 0.318359 0.500000
vt 0.318359 0.500000
vt 0.318359 0.500000
vt 0.318359 0.500000
vt 0.318359 0.500000
vt 0.318359 0.500000
vt 0.318359 0.500000
vt 0.318359 0.500000
vt 0.318359 0.500000
vt 0.318359 0.500000
vt 0.025391 0.500000
vt 0.025391 0.500000
vt 0.025391 0.500000
vt 0.025391 0.500000
vt 0.025391 0.500000
vt 0.025391 0.500000
vt 0.025391 0.500000
vt 0.025391 0.500000
vt 0.025391 0.500000
vt 0.025391 0.500000
vt 0.025391 0.500000
vt 0.025391 0.500000
vt 0.025391 0.500000
vt 0.025391 0.500000
vt 0.025391 0.500000
vt 0.025391 0.500000
vt 0.025391 0.500000
vt 0.025391 0.500000
vt 0.025391 0.500000
vt 0.025391 0.500000
vt 0.025391 0.500000
vt 0.025391 0.500000
vt 0.025391 0.500000
vt 0.025391 0.500000
vt 0.025391 0.500000
vt 0.025391 0.500000
vt 0.025391 0.500000
vt 0.025391 0.500000
vt 0.318359 0.500000
vt 0.318359 0.500000
vt 0.318359 0.500000
vt 0.318359 0.500000
vt 0.318359 0.500000
vt 0.318359 0.500000
vt 0.318359 0.500000
vt 0.318359 0.500000
vt 0.318359 0.500000
vt 0.318359 0.500000
vt 0.318359 0.500000
vt 0.318359 0.500000
vt 0.318359 0.500000
vt 0.318359 0.500000
vt 0.318359 0.500000
vt 0.318359 0.500000
vt 0.318359 0.500000
vt 0.318359 0.500000
vt 0.318359 0.500000
vt 0.318359 0.500000
vt 0.318359 0.500000
vt 0.318359 0.500000
vt 0.318359 0.500000
vt 0.318359 0.500000
vt 0.318359 0.500000
vt 0.318359 0.500000
vt 0.318359 0.500000
vt 0.318359 0.500000
vt 0.025391 0.500000
vt 0.025391 0.500000
vt 0.025391 0.500000
vt 0.025391 0.500000
vt 0.025391 0.500000
vt 0.025391 0.500000
vt 0.025391 0.500000
vt 0.025391 0.500000
vt 0.025391 0.500000
vt 0.025391 0.500000
vt 0.025391 0.500000
vt 0.025391 0.500000
vt 0.025391 0.500000
vt 0.025391 0.500000
vt 0.025391 0.500000
vt 0.025391 0.500000
vt 0.025391 0.500000
vt 0.025391 0.500000
vt 0.025391 0.500000
vt 0.025391 0.500000
vt 0.025391 0.500000
vt 0.025391 0.500000
vt 0.025391 0.500000
vt 0.025391 0.500000
vt 0.025391 0.500000
vt 0.025391 0.500000
vt 0.025391 0.500000
vt 0.025391 0.500000
vt 0.318359 0.500000
vt 0.318359 0.500000
vt 0.318359 0.500000
vt 0.318359 0.500000
vt 0.318359 0.500000
vt 0.318359 0.500000
vt 0.318359 0.500000
vt 0.318359 0.500000
vt 0.318359 0.500000
vt 0.318359 0.500000
vt 0.318359 0.500000
vt 0.318359 0.500000
vt 0.318359 0.500000
vt 0.318359 0.500000
vt 0.318359 0.500000
vt 0.318359 0.500000
vt 0.318359 0.500000
vt 0.318359 0.500000
vt 0.318359 0.500000
vt 0.318359 0.500000
vt 0.318359 0.500000
vt 0.318359 0.500000
vt 0.318359 0.500000
vt 0.318359 0.500000
vt 0.318359 0.500000
vt 0.318359 0.500000
vt 0.318359 0.500000
vt 0.318359 0.500000
vt 0.025391 0.500000
vt 0.025391 0.500000
vt 0.025391 0.500000
vt 0.025391 0.500000
vt 0.025391 0.500000
vt 0.025391 0.500000
vt 0.025391 0.500000
vt 0.025391 0.500000
vt 0.025391 0.500000
vt 0.025391 0.500000
vt 0.025391 0.500000
vt 0.025391 0.500000
vt 0.025391 0.500000
vt 0.025391 0.500000
vt 0.025391 0.500000
vt 0.025391 0.500000
vt 0.025391 0.500000
vt 0.025391 0.500000
vt 0.025391 0.500000
vt 0.025391 0.500000
vt 0.025391 0.500000
vt 0.025391 0.500000
vt 0.025391 0.500000
vt 0.025391 0.500000
vt 0.025391 0.500000
vt 0.025391 0.500000
vt 0.025391 0.500000
vt 0.025391 0.500000
vt 0.318359 0.500000
vt 0.318359 0.500000
vt 0.318359 0.500000
vt 0.318359 0.500000
vt 0.318359 0.500000
vt 0.318359 0.500000
vt 0.318359 0.500000
vt 0.318359 0.500000
vt 0.318359 0.500000
vt 0.318359 0.500000
vt 0.318359 0.500000
vt 0.318359 0.500000
vt 0.318359 0.500000
vt 0.318359 0.500000
vt 0.318359 0.500000
vt 0.318359 0.500000
vt 0.318359 0.500000
vt 0.318359 0.500000
vt 0.318359 0.500000
vt 0.318359 0.500000
vt 0.318359 0.500000
vt 0.318359 0.500000
vt 0.318359 0.500000
vt 0.318359 0.500000
vt 0.318359 0.500000
vt 0.318359 0.500000
vt 0.318359 0.500000
vt 0.318359 0.500000
vt 0.025391 0.500000
vt 0.025391 0.500000
vt 0.025391 0.500000
vt 0.025391 0.500000
vt 0.025391 0.500000
vt 0.025391 0.500000
vt 0.025391 0.500000
vt 0.025391 0.500000
vt 0.025391 0.500000
vt 0.025391 0.500000
vt 0.025391 0.500000
vt 0.025391 0.500000
vt 0.025391 0.500000
vt 0.025391 0.500000
vt 0.025391 0.500000
vt 0.025391 0.500000
vt 0.025391 0.500000
vt 0.025391 0.500000
vt 0.025391 0.500000
vt 0.025391 0.500000
vt 0.025391 0.500000
vt 0.025391 0.500000
vt 0.025391 0.500000
vt 0.025391 0.500000
vt 0.025391 0.500000
vt 0.025391 0.500000
vt 0.025391 0.500000
vt 0.025391 0.500000
vt 0.318359 0.500000
vt 0.318359 0.500000
vt 0.318359 0.500000
vt 0.318359 0.500000
vt 0.318359 0.500000
vt 0.318359 0.500000
vt 0.318359 0.500000
vt 0.318359 0.500000
vt 0.318359 0.500000
vt 0.318359 0.500000
vt 0.318359 0.500000
vt 0.318359 0.500000
vt 0.318359 0.500000
vt 0.318359 0.500000
vt 0.318359 0.500000
vt 0.318359 0.500000
vt 0.318359 0.500000
vt 0.318359 0.500000
vt 0.318359 0.500000
vt 0.318359 0.500000
vt 0.318359 0.500000
vt 0.318359 0.500000
vt 0.318359 0.500000
vt 0.318359 0.500000
vt 0.318359 0.500000
vt 0.318359 0.500000
vt 0.318359 0.500000
vt 0.318359 0.500000
vt 0.025391 0.500000
vt 0.025391 0.500000
vt 0.025391 0.500000
vt 0.025391 0.500000
vt 0.025391 0.500000
vt 0.025391 0.500000
vt 0.025391 0.500000
vt 0.025391 0.500000
vt 0.025391 0.500000
vt 0.025391 0.500000
vt 0.025391 0.500000
vt 0.025391 0.500000
vt 0.025391 0.500000
vt 0.025391 0.500000
vt 0.025391 0.500000
vt 0.025391 0.500000
vt 0.025391 0.500000
vt 0.025391 0.500000
vt 0.025391 0.500000
vt 0.025391 0.500000
vt 0.025391 0.500000
vt 0.025391 0.500000
vt 0.025391 0.500000
vt 0.025391 0.500000
vt 0.025391 0.500000
vt 0.025391 0.500000
vt 0.025391 0.500000
vt 0.025391 0.500000
vt 0.318359 0.500000
vt 0.318359 0.500000
vt 0.318359 0.500000
vt 0.318359 0.500000
vt 0.318359 0.500000
vt 0.318359 0.500000
vt 0.318359 0.500000
vt 0.318359 0.500000
vt 0.318359 0.500000
vt 0.318359 0.500000
vt 0.318359 0.500000
vt 0.318359 0.500000
vt 0.318359 0.500000
vt 0.318359 0.500000
vt 0.318359 0.500000
vt 0.318359 0.500000
vt 0.318359 0.500000
vt 0.318359 0.500000
vt 0.318359 0.500000
vt 0.318359 0.500000
vt 0.318359 0.500000
vt 0.318359 0.500000
vt 0.318359 0.500000
vt 0.318359 0.500000
vt 0.318359 0.500000
vt 0.318359 0.500000
vt 0.318359 0.500000
vt 0.318359 0.500000
vt 0.025391 0.500000
vt 0.025391 0.500000
vt 0.025391 0.500000
vt 0.025391 0.500000
vt 0.025391 0.500000
vt 0.025391 0.500000
vt 0.025391 0.500000
vt 0.025391 0.500000
vt 0.025391 0.500000
vt 0.025391 0.500000
vt 0.025391 0.500000
vt 0.025391 0.500000
vt 0.025391 0.500000
vt 0.025391 0.500000
vt 0.025391 0.500000
vt 0.025391 0.500000
vt 0.025391 0.500000
vt 0.025391 0.500000
vt 0.025391 0.500000
vt 0.025391 0.500000
vt 0.025391 0.500000
vt 0.025391 0.500000
vt 0.025391 0.500000
vt 0.025391 0.500000
vt 0.025391 0.500000
vt 0.025391 0.500000
vt 0.025391 0.500000
vt 0.025391 0.500000
vt 0.318359 0.500000
vt 0.318359 0.500000
vt 0.318359 0.500000
vt 0.318359 0.500000
vt 0.318359 0.500000
vt 0.318359 0.500000
vt 0.318359 0.500000
vt 0.318359 0.500000
vt 0.318359 0.500000
vt 0.318359 0.500000
vt 0.318359 0.500000
vt 0.318359 0.500000
vt 0.318359 0.500000
vt 0.318359 0.500000
vt 0.318359 0.500000
vt 0.318359 0.500000
vt 0.318359 0.500000
vt 0.318359 0.500000
vt 0.318359 0.500000
vt 0.318359 0.500000
vt 0.318359 0.500000
vt 0.318359 0.500000
vt 0.318359 0.500000
vt 0.318359 0.500000
vt 0.318359 0.500000
vt 0.318359 0.500000
vt 0.318359 0.500000
vt 0.318359 0.500000
vt 0.025391 0.500000
vt 0.025391 0.500000
vt 0.025391 0.500000
vt 0.025391 0.500000
vt 0.025391 0.500000
vt 0.025391 0.500000
vt 0.025391 0.500000
vt 0.025391 0.500000
vt 0.025391 0.500000
vt 0.025391 0.500000
vt 0.025391 0.500000
vt 0.025391 0.500000
vt 0.025391 0.500000
vt 0.025391 0.500000
vt 0.025391 0.500000
vt 0.025391 0.500000
vt 0.025391 0.500000
vt 0.025391 0.500000
vt 0.025391 0.500000
vt 0.025391 0.500000
vt 0.025391 0.500000
vt 0.025391 0.500000
vt 0.025391 0.500000
vt 0.025391 0.500000
vt 0.025391 0.500000
vt 0.025391 0.500000
vt 0.025391 0.500000
vt 0.025391 0.500000
vt 0.318359 0.500000
vt 0.318359 0.500000
vt 0.318359 0.500000
vt 0.318359 0.500000
vt 0.318359 0.500000
vt 0.318359 0.500000
vt 0.318359 0.500000
vt 0.318359 0.500000
vt 0.318359 0.500000
vt 0.318359 0.500000
vt 0.318359 0.500000
vt 0.318359 0.500000
vt 0.318359 0.500000
vt 0.318359 0.500000
vt 0.318359 0.500000
vt 0.318359 0.500000
vt 0.318359 0.500000
vt 0.318359 0.500000
vt 0.318359 0.500000
vt 0.318359 0.500000
vt 0.318359 0.500000
vt 0.318359 0.500000
vt 0.318359 0.500000
vt 0.318359 0.500000
vt 0.318359 0.500000
vt 0.318359 0.500000
vt 0.318359 0.500000
vt 0.318359 0.500000
vt 0.025391 0.500000
vt 0.025391 0.500000
vt 0.025391 0.500000
vt 0.025391 0.500000
vt 0.025391 0.500000
vt 0.025391 0.500000
vt 0.025391 0.500000
vt 0.025391 0.500000
vt 0.025391 0.500000
vt 0.025391 0.500000
vt 0.025391 0.500000
vt 0.025391 0.500000
vt 0.025391 0.500000
vt 0.025391 0.500000
vt 0.025391 0.500000
vt 0.025391 0.500000
vt 0.025391 0.500000
vt 0.025391 0.500000
vt 0.025391 0.500000
vt 0.025391 0.500000
vt 0.025391 0.500000
vt 0.025391 0.500000
vt 0.025391 0.500000
vt 0.025391 0.500000
vt 0.025391 0.500000
vt 0.025391 0.500000
vt 0.025391 0.500000
vt 0.025391 0.500000
vt 0.318359 0.500000
vt 0.318359 0.500000
vt 0.318359 0.500000
vt 0.318359 0.500000
vt 0.318359 0.500000
vt 0.318359 0.500000
vt 0.318359 0.500000
vt 0.318359 0.500000
vt 0.318359 0.500000
vt 0.318359 0.500000
vt 0.318359 0.500000
vt 0.318359 0.500000
vt 0.318359 0.500000
vt 0.318359 0.500000
vt 0.318359 0.500000
vt 0.318359 0.500000
vt 0.318359 0.500000
vt 0.318359 0.500000
vt 0.318359 0.500000
vt 0.318359 0.500000
vt 0.318359 0.500000
vt 0.318359 0.500000
vt 0.318359 0.500000
vt 0.318359 0.500000
vt 0.318359 0.500000
vt 0.318359 0.500000
vt 0.318359 0.500000
vt 0.318359 0.500000
vt 0.025391 0.500000
vt 0.025391 0.500000
vt 0.025391 0.500000
vt 0.025391 0.500000
vt 0.025391 0.500000
vt 0.025391 0.500000
vt 0.025391 0.500000
vt 0.025391 0.500000
vt 0.025391 0.500000
vt 0.025391 0.500000
vt 0.025391 0.500000
vt 0.025391 0.500000
vt 0.025391 0.500000
vt 0.025391 0.500000
vt 0.025391 0.500000
vt 0.025391 0.500000
vt 0.025391 0.500000
vt 0.025391 0.500000
vt 0.025391 0.500000
vt 0.025391 0.500000
vt 0.025391 0.500000
vt 0.025391 0.500000
vt 0.025391 0.500000
vt 0.025391 0.500000
vt 0.025391 0.500000
vt 0.025391 0.500000
vt 0.025391 0.500000
vt 0.025391 0.500000
vt 0.318359 0.500000
vt 0.318359 0.500000
vt 0.318359 0.500000
vt 0.318359 0.500000
vt 0.318359 0.500000
vt 0.318359 0.500000
vt 0.318359 0.500000
vt 0.318359 0.500000
vt 0.318359 0.500000
vt 0.318359 0.500000
vt 0.318359 0.500000
vt 0.318359 0.500000
vt 0.318359 0.500000
vt 0.318359 0.500000
vt 0.318359 0.500000
vt 0.318359 0.500000
vt 0.318359 0.500000
vt 0.318359 0.500000
vt 0.318359 0.500000
vt 0.318359 0.500000
vt 0.318359 0.500000
vt 0.318359 0.500000
vt 0.318359 0.500000
vt 0.318359 0.500000
vt 0.318359 0.500000
vt 0.318359 0.500000
vt 0.318359 0.500000
vt 0.318359 0.500000
vt 0.025391 0.500000
vt 0.025391 0.500000
vt 0.025391 0.500000
vt 0.025391 0.500000
vt 0.025391 0.500000
vt 0.025391 0.500000
vt 0.025391 0.500000
vt 0.025391 0.500000
vt 0.025391 0.500000
vt 0.025391 0.500000
vt 0.025391 0.500000
vt 0.025391 0.500000
vt 0.025391 0.500000
vt 0.025391 0.500000
vt 0.025391 0.500000
vt 0.025391 0.500000
vt 0.025391 0.500000
vt 0.025391 0.500000
vt 0.025391 0.500000
vt 0.025391 0.500000
vt 0.025391 0.500000
vt 0.025391 0.500000
vt 0.025391 0.500000
vt 0.025391 0.500000
vt 0.025391 0.500000
vt 0.025391 0.500000
vt 0.025391 0.500000
vt 0.025391 0.500000
vt 0.318359 0.500000
vt 0.318359 0.500000
vt 0.318359 0.500000
vt 0.318359 0.500000
vt 0.318359 0.500000
vt 0.318359 0.500000
vt 0.318359 0.500000
vt 0.318359 0.500000
vt 0.318359 0.500000
vt 0.318359 0.500000
vt 0.318359 0.500000
vt 0.318359 0.500000
vt 0.318359 0.500000
vt 0.318359 0.500000
vt 0.318359 0.500000
vt 0.318359 0.500000
vt 0.318359 0.500000
vt 0.318359 0.500000
vt 0.318359 0.500000
vt 0.318359 0.500000
vt 0.318359 0.500000
vt 0.318359 0.500000
vt 0.318359 0.500000
vt 0.318359 0.500000
vt 0.318359 0.500000
vt 0.318359 0.500000
vt 0.318359 0.500000
vt 0.318359 0.500000
vt 0.025391 0.500000
vt 0.025391 0.500000
vt 0.025391 0.500000
vt 0.025391 0.500000
vt 0.025391 0.500000
vt 0.025391 0.500000
vt 0.025391 0.500000
vt 0.025391 0.500000
vt 0.025391 0.500000
vt 0.025391 0.500000
vt 0.025391 0.500000
vt 0.025391 0.500000
vt 0.025391 0.500000
vt 0.025391 0.500000
vt 0.025391 0.500000
vt 0.025391 0.500000
vt 0.025391 0.500000
vt 0.025391 0.500000
vt 0.025391 0.500000
vt 0.025391 0.500000
vt 0.025391 0.500000
vt 0.025391 0.500000
vt 0.025391 0.500000
vt 0.025391 0.500000
vt 0.025391 0.500000
vt 0.025391 0.500000
vt 0.025391 0.500000
vt 0.025391 0.500000
vt 0.318359 0.500000
vt 0.318359 0.500000
vt 0.318359 0.500000
vt 0.318359 0.500000
vt 0.318359 0.500000
vt 0.318359 0.500000
vt 0.318359 0.500000
vt 0.318359 0.500000
vt 0.318359 0.500000
vt 0.318359 0.500000
vt 0.318359 0.500000
vt 0.318359 0.500000
vt 0.318359 0.500000
vt 0.318359 0.500000
vt 0.318359 0.500000
vt 0.318359 0.500000
vt 0.318359 0.500000
vt 0.318359 0.500000
vt 0.318359 0.500000
vt 0.318359 0.500000
vt 0.318359 0.500000
vt 0.318359 0.500000
vt 0.318359 0.500000
vt 0.318359 0.500000
vt 0.318359 0.500000
vt 0.318359 0.500000
vt 0.318359 0.500000
vt 0.318359 0.500000
vt 0.033203 0.500000
vt 0.033203 0.500000
vt 0.033203 0.500000
vt 0.033203 0.500000
vt 0.033203 0.500000
vt 0.033203 0.500000
vt 0.033203 0.500000
vt 0.033203 0.500000
vt 0.033203 0.500000
vt 0.033203 0.500000
vt 0.033203 0.500000
vt 0.033203 0.500000
vt 0.033203 0.500000
vt 0.033203 0.500000
vt 0.033203 0.500000
vt 0.033203 0.500000
vt 0.033203 0.500000
vt 0.033203 0.500000
vt 0.033203 0.500000
vt 0.033203 0.500000
vt 0.033203 0.500000
vt 0.033203 0.500000
vt 0.033203 0.500000
vt 0.033203 0.500000
vt 0.033203 0.500000
vt 0.033203 0.500000
vt 0.033203 0.500000
vt 0.033203 0.500000
vt 0.033203 0.500000
vt 0.033203 0.500000
vt 0.033203 0.500000
vt 0.033203 0.500000
vt 0.033203 0.500000
vt 0.033203 0.500000
vt 0.033203 0.500000
vt 0.033203 0.500000
vt 0.033203 0.500000
vt 0.033203 0.500000
vt 0.033203 0.500000
vt 0.033203 0.500000
vt 0.033203 0.500000
vt 0.033203 0.500000
vt 0.033203 0.500000
vt 0.033203 0.500000
vt 0.033203 0.500000
vt 0.033203 0.500000
vt 0.033203 0.500000
vt 0.033203 0.500000
vt 0.318359 0.500000
vt 0.025391 0.500000
vt 0.318359 0.500000
vt 0.318359 0.500000
vt 0.025391 0.500000
vt 0.025391 0.500000
vt 0.318359 0.500000
vt 0.318359 0.500000
vt 0.025391 0.500000
vt 0.025391 0.500000
vt 0.318359 0.500000
vt 0.318359 0.500000
vt 0.025391 0.500000
vt 0.025391 0.500000
vt 0.318359 0.500000
vt 0.318359 0.500000
vt 0.025391 0.500000
vt 0.025391 0.500000
vt 0.318359 0.500000
vt 0.318359 0.500000
vt 0.025391 0.500000
vt 0.025391 0.500000
vt 0.318359 0.500000
vt 0.318359 0.500000
vt 0.025391 0.500000
vt 0.025391 0.500000
vt 0.318359 0.500000
vt 0.318359 0.500000
vt 0.025391 0.500000
vt 0.025391 0.500000
vt 0.318359 0.500000
vt 0.318359 0.500000
vt 0.025391 0.500000
vt 0.025391 0.500000
vt 0.318359 0.500000
vt 0.318359 0.500000
vt 0.025391 0.500000
vt 0.025391 0.500000
vt 0.318359 0.500000
vt 0.318359 0.500000
vt 0.025391 0.500000
vt 0.025391 0.500000
vt 0.318359 0.500000
vt 0.318359 0.500000
vt 0.025391 0.500000
vt 0.025391 0.500000
vt 0.318359 0.500000
vt 0.318359 0.500000
vt 0.025391 0.500000
vt 0.025391 0.500000
vt 0.318359 0.500000
vt 0.318359 0.500000
vt 0.025391 0.500000
vt 0.025391 0.500000
vt 0.318359 0.500000
vt 0.318359 0.500000
vt 0.025391 0.500000
vt 0.025391 0.500000
vt 0.318359 0.500000
vt 0.318359 0.500000
vt 0.025391 0.500000
vt 0.318359 0.500000
vt 0.318359 0.500000
vt 0.318359 0.500000
vt 0.025391 0.500000
vt 0.025391 0.500000
vt 0.318359 0.500000
vt 0.318359 0.500000
vt 0.025391 0.500000
vt 0.025391 0.500000
vt 0.318359 0.500000
vt 0.318359 0.500000
vt 0.025391 0.500000
vt 0.025391 0.500000
vt 0.318359 0.500000
vt 0.318359 0.500000
vt 0.025391 0.500000
vt 0.025391 0.500000
vt 0.318359 0.500000
vt 0.318359 0.500000
vt 0.025391 0.500000
vt 0.025391 0.500000
vt 0.318359 0.500000
vt 0.318359 0.500000
vt 0.025391 0.500000
vt 0.025391 0.500000
vt 0.318359 0.500000
vt 0.318359 0.500000
vt 0.025391 0.500000
vt 0.025391 0.500000
vt 0.318359 0.500000
vt 0.318359 0.500000
vt 0.025391 0.500000
vt 0.025391 0.500000
vt 0.318359 0.500000
vt 0.318359 0.500000
vt 0.025391 0.500000
vt 0.025391 0.500000
vt 0.318359 0.500000
vt 0.318359 0.500000
vt 0.025391 0.500000
vt 0.025391 0.500000
vt 0.318359 0.500000
vt 0.318359 0.500000
vt 0.025391 0.500000
vt 0.025391 0.500000
vt 0.318359 0.500000
vt 0.318359 0.500000
vt 0.025391 0.500000
vt 0.025391 0.500000
vt 0.318359 0.500000
vt 0.318359 0.500000
vt 0.025391 0.500000
vt 0.025391 0.500000
vt 0.318359 0.500000
vt 0.318359 0.500000
vt 0.025391 0.500000
vt 0.025391 0.500000
vt 0.318359 0.500000
vt 0.318359 0.500000
vt 0.025391 0.500000
vt 0.025391 0.500000
vt 0.318359 0.500000
vt 0.318359 0.500000
vt 0.033203 0.500000
vt 0.033203 0.500000
vt 0.033203 0.500000
vt 0.033203 0.500000
vt 0.033203 0.500000
vt 0.033203 0.500000
vt 0.033203 0.500000
vt 0.033203 0.500000
vt 0.033203 0.500000
vt 0.033203 0.500000
vt 0.033203 0.500000
vt 0.033203 0.500000
vt 0.033203 0.500000
vt 0.033203 0.500000
vt 0.033203 0.500000
vt 0.033203 0.500000
vt 0.033203 0.500000
vt 0.033203 0.500000
vt 0.033203 0.500000
vt 0.033203 0.500000
vt 0.033203 0.500000
vt 0.033203 0.500000
vt 0.033203 0.500000
vt 0.033203 0.500000
vt 0.033203 0.500000
vt 0.033203 0.500000
vt 0.033203 0.500000
vt 0.033203 0.500000
vt 0.033203 0.500000
vt 0.033203 0.500000
vt 0.033203 0.500000
vt 0.033203 0.500000
vt 0.033203 0.500000
vt 0.033203 0.500000
vt 0.033203 0.500000
vt 0.033203 0.500000
vt 0.033203 0.500000
vt 0.033203 0.500000
vt 0.033203 0.500000
vt 0.033203 0.500000
vt 0.033203 0.500000
vt 0.033203 0.500000
vt 0.033203 0.500000
vt 0.033203 0.500000
vt 0.033203 0.500000
vt 0.033203 0.500000
vt 0.033203 0.500000
vt 0.033203 0.500000
vt 0.033203 0.500000
vt 0.033203 0.500000
vt 0.033203 0.500000
vt 0.033203 0.500000
vt 0.033203 0.500000
vt 0.033203 0.500000
vt 0.033203 0.500000
vt 0.033203 0.500000
vt 0.033203 0.500000
vt 0.033203 0.500000
vt 0.033203 0.500000
vt 0.033203 0.500000
vt 0.033203 0.500000
vt 0.033203 0.500000
vt 0.033203 0.500000
vt 0.033203 0.500000
vt 0.033203 0.500000
vt 0.033203 0.500000
vt 0.033203 0.500000
vt 0.033203 0.500000
vt 0.033203 0.500000
vt 0.033203 0.500000
vt 0.033203 0.500000
vt 0.033203 0.500000
vt 0.033203 0.500000
vt 0.033203 0.500000
vt 0.033203 0.500000
vt 0.033203 0.500000
vt 0.033203 0.500000
vt 0.033203 0.500000
vt 0.033203 0.500000
vt 0.033203 0.500000
vt 0.033203 0.500000
vt 0.033203 0.500000
vt 0.033203 0.500000
vt 0.033203 0.500000
vt 0.033203 0.500000
vt 0.033203 0.500000
vt 0.033203 0.500000
vt 0.033203 0.500000
vt 0.033203 0.500000
vt 0.033203 0.500000
vt 0.033203 0.500000
vt 0.033203 0.500000
vt 0.033203 0.500000
vt 0.033203 0.500000
vt 0.033203 0.500000
vt 0.033203 0.500000
vt 0.033203 0.500000
vt 0.033203 0.500000
vt 0.033203 0.500000
vt 0.033203 0.500000
vt 0.033203 0.500000
vt 0.033203 0.500000
vt 0.033203 0.500000
vt 0.033203 0.500000
vt 0.033203 0.500000
vt 0.033203 0.500000
vt 0.033203 0.500000
vt 0.033203 0.500000
vt 0.033203 0.500000
vt 0.033203 0.500000
vt 0.033203 0.500000
vt 0.033203 0.500000
vt 0.033203 0.500000
vt 0.033203 0.500000
vt 0.033203 0.500000
vt 0.033203 0.500000
vt 0.033203 0.500000
vt 0.033203 0.500000
vt 0.033203 0.500000
vt 0.033203 0.500000
vt 0.033203 0.500000
vt 0.033203 0.500000
vt 0.033203 0.500000
vt 0.033203 0.500000
vt 0.033203 0.500000
vt 0.033203 0.500000
vt 0.033203 0.500000
vt 0.033203 0.500000
vt 0.033203 0.500000
vt 0.033203 0.500000
vt 0.033203 0.500000
vt 0.033203 0.500000
vt 0.033203 0.500000
vt 0.033203 0.500000
vt 0.033203 0.500000
vt 0.033203 0.500000
vt 0.033203 0.500000
vt 0.033203 0.500000
vt 0.033203 0.500000
vt 0.033203 0.500000
vt 0.033203 0.500000
vt 0.033203 0.500000
vt 0.033203 0.500000
vt 0.033203 0.500000
vt 0.033203 0.500000
vt 0.033203 0.500000
vt 0.033203 0.500000
vt 0.033203 0.500000
vt 0.033203 0.500000
vt 0.033203 0.500000
vt 0.033203 0.500000
vt 0.033203 0.500000
vt 0.033203 0.500000
vt 0.033203 0.500000
vt 0.033203 0.500000
vt 0.033203 0.500000
vt 0.033203 0.500000
vt 0.033203 0.500000
vt 0.033203 0.500000
vt 0.033203 0.500000
vt 0.033203 0.500000
vt 0.033203 0.500000
vt 0.033203 0.500000
vt 0.033203 0.500000
vt 0.033203 0.500000
vt 0.033203 0.500000
vt 0.033203 0.500000
vt 0.033203 0.500000
vt 0.033203 0.500000
vt 0.033203 0.500000
vt 0.033203 0.500000
vt 0.033203 0.500000
vt 0.033203 0.500000
vt 0.033203 0.500000
vt 0.033203 0.500000
vt 0.033203 0.500000
vt 0.033203 0.500000
vt 0.033203 0.500000
vt 0.033203 0.500000
vt 0.033203 0.500000
vt 0.033203 0.500000
vt 0.033203 0.500000
vt 0.033203 0.500000
vt 0.033203 0.500000
vt 0.033203 0.500000
vt 0.033203 0.500000
vt 0.033203 0.500000
vt 0.033203 0.500000
vt 0.033203 0.500000
vt 0.033203 0.500000
vt 0.033203 0.500000
vt 0.033203 0.500000
vt 0.033203 0.500000
vt 0.033203 0.500000
vt 0.033203 0.500000
vt 0.033203 0.500000
vt 0.033203 0.500000
vt 0.033203 0.500000
vt 0.033203 0.500000
vt 0.033203 0.500000
vt 0.033203 0.500000
vt 0.033203 0.500000
vt 0.033203 0.500000
vt 0.033203 0.500000
vt 0.033203 0.500000
vt 0.033203 0.500000
vt 0.033203 0.500000
vt 0.033203 0.500000
vt 0.033203 0.500000
vt 0.033203 0.500000
vt 0.033203 0.500000
vt 0.033203 0.500000
vt 0.033203 0.500000
vt 0.033203 0.500000
vt 0.033203 0.500000
vt 0.033203 0.500000
vt 0.033203 0.500000
vt 0.033203 0.500000
vt 0.033203 0.500000
vt 0.033203 0.500000
vt 0.033203 0.500000
vt 0.033203 0.500000
vt 0.033203 0.500000
vt 0.033203 0.500000
vt 0.033203 0.500000
vt 0.033203 0.500000
vt 0.033203 0.500000
vt 0.033203 0.500000
vt 0.033203 0.500000
vt 0.033203 0.500000
vt 0.033203 0.500000
vt 0.033203 0.500000
vt 0.033203 0.500000
vt 0.033203 0.500000
vt 0.033203 0.500000
vt 0.033203 0.500000
vt 0.033203 0.500000
vt 0.033203 0.500000
vt 0.033203 0.500000
vt 0.033203 0.500000
vt 0.033203 0.500000
vt 0.033203 0.500000
vt 0.033203 0.500000
vt 0.033203 0.500000
vt 0.033203 0.500000
vt 0.033203 0.500000
vt 0.033203 0.500000
vt 0.033203 0.500000
vt 0.033203 0.500000
vt 0.033203 0.500000
vt 0.033203 0.500000
vt 0.033203 0.500000
vt 0.033203 0.500000
vt 0.033203 0.500000
vt 0.033203 0.500000
vt 0.033203 0.500000
vt 0.033203 0.500000
vt 0.033203 0.500000
vt 0.033203 0.500000
vt 0.033203 0.500000
vt 0.033203 0.500000
vt 0.033203 0.500000
vt 0.033203 0.500000
vt 0.033203 0.500000
vt 0.033203 0.500000
vt 0.033203 0.500000
vt 0.033203 0.500000
vt 0.033203 0.500000
vt 0.033203 0.500000
vt 0.033203 0.500000
vt 0.033203 0.500000
vt 0.033203 0.500000
vt 0.033203 0.500000
vt 0.033203 0.500000
vt 0.033203 0.500000
vt 0.033203 0.500000
vt 0.033203 0.500000
vt 0.033203 0.500000
vt 0.033203 0.500000
vt 0.033203 0.500000
vt 0.033203 0.500000
vt 0.033203 0.500000
vt 0.033203 0.500000
vt 0.033203 0.500000
vt 0.033203 0.500000
vt 0.033203 0.500000
vt 0.033203 0.500000
vt 0.033203 0.500000
vt 0.033203 0.500000
vt 0.033203 0.500000
vt 0.033203 0.500000
vt 0.033203 0.500000
vt 0.033203 0.500000
vt 0.033203 0.500000
vt 0.033203 0.500000
vt 0.033203 0.500000
vt 0.033203 0.500000
vt 0.033203 0.500000
vt 0.033203 0.500000
vt 0.033203 0.500000
vt 0.033203 0.500000
vt 0.033203 0.500000
vt 0.033203 0.500000
vt 0.033203 0.500000
vt 0.033203 0.500000
vt 0.033203 0.500000
vt 0.033203 0.500000
vt 0.033203 0.500000
vt 0.033203 0.500000
vt 0.033203 0.500000
vt 0.033203 0.500000
vt 0.033203 0.500000
vt 0.033203 0.500000
vt 0.033203 0.500000
vt 0.033203 0.500000
vt 0.033203 0.500000
vt 0.033203 0.500000
vt 0.033203 0.500000
vt 0.033203 0.500000
vt 0.033203 0.500000
vt 0.033203 0.500000
vt 0.033203 0.500000
vt 0.033203 0.500000
vt 0.033203 0.500000
vt 0.033203 0.500000
vt 0.033203 0.500000
vt 0.033203 0.500000
vt 0.033203 0.500000
vt 0.033203 0.500000
vt 0.033203 0.500000
vt 0.033203 0.500000
vt 0.033203 0.500000
vt 0.033203 0.500000
vt 0.033203 0.500000
vt 0.033203 0.500000
vt 0.033203 0.500000
vt 0.033203 0.500000
vt 0.033203 0.500000
vt 0.033203 0.500000
vt 0.033203 0.500000
vt 0.033203 0.500000
vt 0.033203 0.500000
vt 0.033203 0.500000
vt 0.033203 0.500000
vt 0.033203 0.500000
vt 0.033203 0.500000
vt 0.033203 0.500000
vt 0.033203 0.500000
vt 0.033203 0.500000
vt 0.033203 0.500000
vt 0.033203 0.500000
vt 0.033203 0.500000
vt 0.033203 0.500000
vt 0.033203 0.500000
vt 0.033203 0.500000
vt 0.033203 0.500000
vt 0.033203 0.500000
vt 0.033203 0.500000
vt 0.033203 0.500000
vt 0.033203 0.500000
vt 0.033203 0.500000
vt 0.033203 0.500000
vt 0.033203 0.500000
vt 0.033203 0.500000
vt 0.033203 0.500000
vt 0.033203 0.500000
vt 0.033203 0.500000
vt 0.033203 0.500000
vt 0.033203 0.500000
vt 0.033203 0.500000
vt 0.033203 0.500000
vt 0.033203 0.500000
vt 0.033203 0.500000
vt 0.033203 0.500000
vt 0.033203 0.500000
vt 0.033203 0.500000
vt 0.033203 0.500000
vt 0.033203 0.500000
vt 0.033203 0.500000
vt 0.033203 0.500000
vt 0.033203 0.500000
vt 0.033203 0.500000
vt 0.033203 0.500000
vt 0.033203 0.500000
vt 0.033203 0.500000
vt 0.033203 0.500000
vt 0.033203 0.500000
vt 0.033203 0.500000
vt 0.033203 0.500000
vt 0.033203 0.500000
vt 0.033203 0.500000
vt 0.033203 0.500000
vt 0.033203 0.500000
vt 0.033203 0.500000
vt 0.033203 0.500000
vt 0.033203 0.500000
vt 0.033203 0.500000
vt 0.033203 0.500000
vt 0.033203 0.500000
vt 0.033203 0.500000
vt 0.033203 0.500000
vt 0.033203 0.500000
vt 0.033203 0.500000
vt 0.033203 0.500000
vt 0.033203 0.500000
vt 0.033203 0.500000
vt 0.033203 0.500000
vt 0.033203 0.500000
vt 0.033203 0.500000
vt 0.033203 0.500000
vt 0.033203 0.500000
vt 0.033203 0.500000
vt 0.033203 0.500000
vt 0.033203 0.500000
vt 0.033203 0.500000
vt 0.033203 0.500000
vt 0.033203 0.500000
vt 0.033203 0.500000
vt 0.033203 0.500000
vt 0.033203 0.500000
vt 0.033203 0.500000
vt 0.033203 0.500000
vt 0.033203 0.500000
vt 0.033203 0.500000
vt 0.033203 0.500000
vt 0.033203 0.500000
vt 0.033203 0.500000
vt 0.033203 0.500000
vt 0.033203 0.500000
vt 0.033203 0.500000
vt 0.033203 0.500000
vt 0.033203 0.500000
vt 0.033203 0.500000
vt 0.033203 0.500000
vt 0.033203 0.500000
vt 0.033203 0.500000
vt 0.033203 0.500000
vt 0.033203 0.500000
vt 0.033203 0.500000
vt 0.033203 0.500000
vt 0.033203 0.500000
vt 0.033203 0.500000
vt 0.033203 0.500000
vt 0.033203 0.500000
vt 0.033203 0.500000
vt 0.033203 0.500000
vt 0.033203 0.500000
vt 0.033203 0.500000
vt 0.033203 0.500000
vt 0.033203 0.500000
vt 0.033203 0.500000
vt 0.033203 0.500000
vt 0.033203 0.500000
vt 0.033203 0.500000
vt 0.033203 0.500000
vt 0.033203 0.500000
vt 0.033203 0.500000
vt 0.033203 0.500000
vt 0.033203 0.500000
vt 0.033203 0.500000
vt 0.033203 0.500000
vt 0.033203 0.500000
vt 0.033203 0.500000
vt 0.033203 0.500000
vt 0.033203 0.500000
vt 0.033203 0.500000
vt 0.033203 0.500000
vt 0.033203 0.500000
vt 0.033203 0.500000
vt 0.033203 0.500000
vt 0.033203 0.500000
vt 0.033203 0.500000
vt 0.033203 0.500000
vt 0.033203 0.500000
vt 0.033203 0.500000
vt 0.033203 0.500000
vt 0.033203 0.500000
vt 0.033203 0.500000
vt 0.033203 0.500000
vt 0.033203 0.500000
vt 0.033203 0.500000
vt 0.033203 0.500000
vt 0.033203 0.500000
vt 0.033203 0.500000
vt 0.033203 0.500000
vt 0.033203 0.500000
vt 0.033203 0.500000
vt 0.033203 0.500000
vt 0.033203 0.500000
vt 0.033203 0.500000
vt 0.033203 0.500000
vt 0.033203 0.500000
vt 0.033203 0.500000
vt 0.033203 0.500000
vt 0.033203 0.500000
vt 0.033203 0.500000
vt 0.033203 0.500000
vt 0.033203 0.500000
vt 0.033203 0.500000
vt 0.033203 0.500000
vt 0.033203 0.500000
vt 0.033203 0.500000
vt 0.033203 0.500000
vt 0.033203 0.500000
vt 0.033203 0.500000
vt 0.033203 0.500000
vt 0.033203 0.500000
vt 0.033203 0.500000
vt 0.033203 0.500000
vt 0.033203 0.500000
vt 0.033203 0.500000
vt 0.033203 0.500000
vt 0.033203 0.500000
vt 0.033203 0.500000
vt 0.033203 0.500000
vt 0.033203 0.500000
vt 0.033203 0.500000
vt 0.033203 0.500000
vt 0.033203 0.500000
vt 0.033203 0.500000
vt 0.033203 0.500000
vt 0.033203 0.500000
vt 0.033203 0.500000
vt 0.033203 0.500000
vt 0.033203 0.500000
vt 0.033203 0.500000
vt 0.033203 0.500000
vt 0.033203 0.500000
vt 0.033203 0.500000
vt 0.033203 0.500000
vt 0.033203 0.500000
vt 0.033203 0.500000
vt 0.033203 0.500000
vt 0.033203 0.500000
vt 0.033203 0.500000
vt 0.033203 0.500000
vt 0.033203 0.500000
vt 0.033203 0.500000
vt 0.033203 0.500000
vt 0.033203 0.500000
vt 0.033203 0.500000
vt 0.033203 0.500000
vt 0.033203 0.500000
vt 0.033203 0.500000
vt 0.033203 0.500000
vt 0.033203 0.500000
vt 0.033203 0.500000
vt 0.033203 0.500000
vt 0.033203 0.500000
vt 0.033203 0.500000
vt 0.033203 0.500000
vt 0.033203 0.500000
vt 0.033203 0.500000
vt 0.033203 0.500000
vt 0.033203 0.500000
vt 0.033203 0.500000
vt 0.033203 0.500000
vt 0.033203 0.500000
vt 0.033203 0.500000
vt 0.033203 0.500000
vt 0.033203 0.500000
vt 0.033203 0.500000
vt 0.033203 0.500000
vt 0.033203 0.500000
vt 0.033203 0.500000
vt 0.033203 0.500000
vt 0.033203 0.500000
vt 0.033203 0.500000
vt 0.033203 0.500000
vt 0.033203 0.500000
vt 0.033203 0.500000
vt 0.033203 0.500000
vt 0.033203 0.500000
vt 0.033203 0.500000
vt 0.033203 0.500000
vt 0.033203 0.500000
vt 0.033203 0.500000
vt 0.033203 0.500000
vt 0.033203 0.500000
vt 0.033203 0.500000
vt 0.033203 0.500000
vt 0.033203 0.500000
vt 0.033203 0.500000
vt 0.033203 0.500000
vt 0.033203 0.500000
vt 0.033203 0.500000
vt 0.033203 0.500000
vt 0.033203 0.500000
vt 0.033203 0.500000
vt 0.033203 0.500000
vt 0.033203 0.500000
vt 0.033203 0.500000
vt 0.033203 0.500000
vt 0.033203 0.500000
vt 0.033203 0.500000
vt 0.033203 0.500000
vt 0.033203 0.500000
vt 0.033203 0.500000
vt 0.033203 0.500000
vt 0.033203 0.500000
vt 0.033203 0.500000
vt 0.033203 0.500000
vt 0.033203 0.500000
vt 0.033203 0.500000
vt 0.033203 0.500000
vt 0.033203 0.500000
vt 0.033203 0.500000
vt 0.033203 0.500000
vt 0.033203 0.500000
vt 0.033203 0.500000
vt 0.033203 0.500000
vt 0.033203 0.500000
vt 0.033203 0.500000
vt 0.033203 0.500000
vt 0.033203 0.500000
vt 0.033203 0.500000
vt 0.033203 0.500000
vt 0.033203 0.500000
vt 0.033203 0.500000
vt 0.033203 0.500000
vt 0.033203 0.500000
vt 0.033203 0.500000
vt 0.033203 0.500000
vt 0.033203 0.500000
vt 0.033203 0.500000
vt 0.033203 0.500000
vt 0.033203 0.500000
vt 0.033203 0.500000
vt 0.033203 0.500000
vt 0.033203 0.500000
vt 0.033203 0.500000
vt 0.033203 0.500000
vt 0.033203 0.500000
vt 0.033203 0.500000
vt 0.033203 0.500000
vt 0.033203 0.500000
vt 0.033203 0.500000
vt 0.033203 0.500000
vt 0.033203 0.500000
vt 0.033203 0.500000
vt 0.033203 0.500000
vt 0.033203 0.500000
vt 0.033203 0.500000
vt 0.033203 0.500000
vt 0.033203 0.500000
vt 0.033203 0.500000
vt 0.033203 0.500000
vt 0.033203 0.500000
vt 0.033203 0.500000
vt 0.033203 0.500000
vt 0.033203 0.500000
vt 0.033203 0.500000
vt 0.033203 0.500000
vt 0.033203 0.500000
vt 0.033203 0.500000
vt 0.033203 0.500000
vt 0.033203 0.500000
vt 0.033203 0.500000
vt 0.033203 0.500000
vt 0.033203 0.500000
vt 0.033203 0.500000
vt 0.033203 0.500000
vt 0.033203 0.500000
vt 0.033203 0.500000
vt 0.033203 0.500000
vt 0.033203 0.500000
vt 0.033203 0.500000
vt 0.033203 0.500000
vt 0.033203 0.500000
vt 0.033203 0.500000
vt 0.033203 0.500000
vt 0.033203 0.500000
vt 0.033203 0.500000
vt 0.033203 0.500000
vt 0.033203 0.500000
vt 0.033203 0.500000
vt 0.033203 0.500000
vt 0.033203 0.500000
vt 0.033203 0.500000
vt 0.033203 0.500000
vt 0.033203 0.500000
vt 0.033203 0.500000
vt 0.033203 0.500000
vt 0.033203 0.500000
vt 0.033203 0.500000
vt 0.033203 0.500000
vt 0.033203 0.500000
vt 0.033203 0.500000
vt 0.033203 0.500000
vt 0.033203 0.500000
vt 0.033203 0.500000
vt 0.033203 0.500000
vt 0.033203 0.500000
vt 0.033203 0.500000
vt 0.033203 0.500000
vt 0.033203 0.500000
vt 0.033203 0.500000
vt 0.033203 0.500000
vt 0.033203 0.500000
vt 0.033203 0.500000
vt 0.033203 0.500000
vt 0.033203 0.500000
vt 0.033203 0.500000
vt 0.033203 0.500000
vt 0.033203 0.500000
vt 0.033203 0.500000
vt 0.033203 0.500000
vt 0.033203 0.500000
vt 0.033203 0.500000
vt 0.033203 0.500000
vt 0.033203 0.500000
vt 0.033203 0.500000
vt 0.033203 0.500000
vt 0.033203 0.500000
vt 0.033203 0.500000
vt 0.033203 0.500000
vt 0.033203 0.500000
vt 0.033203 0.500000
vt 0.033203 0.500000
vt 0.033203 0.500000
vt 0.033203 0.500000
vt 0.033203 0.500000
vt 0.033203 0.500000
vt 0.033203 0.500000
vt 0.033203 0.500000
vt 0.033203 0.500000
vt 0.033203 0.500000
vt 0.033203 0.500000
vt 0.033203 0.500000
vt 0.033203 0.500000
vt 0.033203 0.500000
vt 0.033203 0.500000
vt 0.033203 0.500000
vt 0.033203 0.500000
vt 0.033203 0.500000
vt 0.033203 0.500000
vt 0.033203 0.500000
vt 0.033203 0.500000
vt 0.033203 0.500000
vt 0.033203 0.500000
vt 0.033203 0.500000
vt 0.033203 0.500000
vt 0.033203 0.500000
vt 0.033203 0.500000
vt 0.318359 0.500000
vt 0.025391 0.500000
vt 0.318359 0.500000
vt 0.318359 0.500000
vt 0.025391 0.500000
vt 0.025391 0.500000
vt 0.318359 0.500000
vt 0.318359 0.500000
vt 0.025391 0.500000
vt 0.025391 0.500000
vt 0.318359 0.500000
vt 0.318359 0.500000
vt 0.025391 0.500000
vt 0.025391 0.500000
vt 0.318359 0.500000
vt 0.318359 0.500000
vt 0.025391 0.500000
vt 0.025391 0.500000
vt 0.318359 0.500000
vt 0.318359 0.500000
vt 0.025391 0.500000
vt 0.025391 0.500000
vt 0.318359 0.500000
vt 0.318359 0.500000
vt 0.025391 0.500000
vt 0.025391 0.500000
vt 0.318359 0.500000
vt 0.318359 0.500000
vt 0.025391 0.500000
vt 0.025391 0.500000
vt 0.318359 0.500000
vt 0.318359 0.500000
vt 0.025391 0.500000
vt 0.025391 0.500000
vt 0.318359 0.500000
vt 0.318359 0.500000
vt 0.025391 0.500000
vt 0.025391 0.500000
vt 0.318359 0.500000
vt 0.318359 0.500000
vt 0.025391 0.500000
vt 0.025391 0.500000
vt 0.318359 0.500000
vt 0.318359 0.500000
vt 0.025391 0.500000
vt 0.025391 0.500000
vt 0.318359 0.500000
vt 0.318359 0.500000
vt 0.025391 0.500000
vt 0.025391 0.500000
vt 0.318359 0.500000
vt 0.318359 0.500000
vt 0.025391 0.500000
vt 0.025391 0.500000
vt 0.318359 0.500000
vt 0.318359 0.500000
vt 0.025391 0.500000
vt 0.025391 0.500000
vt 0.318359 0.500000
vt 0.318359 0.500000
vt 0.025391 0.500000
vt 0.318359 0.500000
vt 0.318359 0.500000
vt 0.318359 0.500000
vt 0.025391 0.500000
vt 0.025391 0.500000
vt 0.318359 0.500000
vt 0.318359 0.500000
vt 0.025391 0.500000
vt 0.025391 0.500000
vt 0.318359 0.500000
vt 0.318359 0.500000
vt 0.025391 0.500000
vt 0.025391 0.500000
vt 0.318359 0.500000
vt 0.318359 0.500000
vt 0.025391 0.500000
vt 0.025391 0.500000
vt 0.318359 0.500000
vt 0.318359 0.500000
vt 0.025391 0.500000
vt 0.025391 0.500000
vt 0.318359 0.500000
vt 0.318359 0.500000
vt 0.025391 0.500000
vt 0.025391 0.500000
vt 0.318359 0.500000
vt 0.318359 0.500000
vt 0.025391 0.500000
vt 0.025391 0.500000
vt 0.318359 0.500000
vt 0.318359 0.500000
vt 0.025391 0.500000
vt 0.025391 0.500000
vt 0.318359 0.500000
vt 0.318359 0.500000
vt 0.025391 0.500000
vt 0.025391 0.500000
vt 0.318359 0.500000
vt 0.318359 0.500000
vt 0.025391 0.500000
vt 0.025391 0.500000
vt 0.318359 0.500000
vt 0.318359 0.500000
vt 0.025391 0.500000
vt 0.025391 0.500000
vt 0.318359 0.500000
vt 0.318359 0.500000
vt 0.025391 0.500000
vt 0.025391 0.500000
vt 0.318359 0.500000
vt 0.318359 0.500000
vt 0.025391 0.500000
vt 0.025391 0.500000
vt 0.318359 0.500000
vt 0.318359 0.500000
vt 0.025391 0.500000
vt 0.025391 0.500000
vt 0.318359 0.500000
vt 0.318359 0.500000
vt 0.025391 0.500000
vt 0.025391 0.500000
vt 0.318359 0.500000
vt 0.318359 0.500000
vt 0.033203 0.500000
vt 0.041016 0.500000
vt 0.033203 0.500000
vt 0.041016 0.500000
vt 0.041016 0.500000
vt 0.033203 0.500000
vt 0.033203 0.500000
vt 0.041016 0.500000
vt 0.041016 0.500000
vt 0.033203 0.500000
vt 0.033203 0.500000
vt 0.041016 0.500000
vt 0.041016 0.500000
vt 0.033203 0.500000
vt 0.033203 0.500000
vt 0.041016 0.500000
vt 0.041016 0.500000
vt 0.033203 0.500000
vt 0.033203 0.500000
vt 0.041016 0.500000
vt 0.041016 0.500000
vt 0.033203 0.500000
vt 0.033203 0.500000
vt 0.041016 0.500000
vt 0.041016 0.500000
vt 0.033203 0.500000
vt 0.033203 0.500000
vt 0.041016 0.500000
vt 0.041016 0.500000
vt 0.033203 0.500000
vt 0.033203 0.500000
vt 0.041016 0.500000
vt 0.041016 0.500000
vt 0.033203 0.500000
vt 0.033203 0.500000
vt 0.041016 0.500000
vt 0.041016 0.500000
vt 0.033203 0.500000
vt 0.033203 0.500000
vt 0.041016 0.500000
vt 0.041016 0.500000
vt 0.033203 0.500000
vt 0.033203 0.500000
vt 0.041016 0.500000
vt 0.041016 0.500000
vt 0.033203 0.500000
vt 0.033203 0.500000
vt 0.041016 0.500000
vt 0.041016 0.500000
vt 0.033203 0.500000
vt 0.033203 0.500000
vt 0.041016 0.500000
vt 0.041016 0.500000
vt 0.033203 0.500000
vt 0.033203 0.500000
vt 0.041016 0.500000
vt 0.041016 0.500000
vt 0.033203 0.500000
vt 0.033203 0.500000
vt 0.041016 0.500000
vt 0.041016 0.500000
vt 0.033203 0.500000
vt 0.033203 0.500000
vt 0.041016 0.500000
vt 0.041016 0.500000
vt 0.033203 0.500000
vt 0.033203 0.500000
vt 0.041016 0.500000
vt 0.041016 0.500000
vt 0.033203 0.500000
vt 0.033203 0.500000
vt 0.041016 0.500000
vt 0.041016 0.500000
vt 0.033203 0.500000
vt 0.033203 0.500000
vt 0.041016 0.500000
vt 0.041016 0.500000
vt 0.033203 0.500000
vt 0.033203 0.500000
vt 0.041016 0.500000
vt 0.041016 0.500000
vt 0.033203 0.500000
vt 0.033203 0.500000
vt 0.041016 0.500000
vt 0.041016 0.500000
vt 0.033203 0.500000
vt 0.033203 0.500000
vt 0.041016 0.500000
vt 0.041016 0.500000
vt 0.033203 0.500000
vt 0.033203 0.500000
vt 0.041016 0.500000
vt 0.041016 0.500000
vt 0.033203 0.500000
vt 0.033203 0.500000
vt 0.041016 0.500000
vt 0.041016 0.500000
vt 0.033203 0.500000
vt 0.033203 0.500000
vt 0.041016 0.500000
vt 0.041016 0.500000
vt 0.033203 0.500000
vt 0.033203 0.500000
vt 0.041016 0.500000
vt 0.041016 0.500000
vt 0.033203 0.500000
vt 0.033203 0.500000
vt 0.041016 0.500000
vt 0.041016 0.500000
vt 0.033203 0.500000
vt 0.033203 0.500000
vt 0.041016 0.500000
vt 0.041016 0.500000
vt 0.033203 0.500000
vt 0.033203 0.500000
vt 0.041016 0.500000
vt 0.041016 0.500000
vt 0.033203 0.500000
vt 0.033203 0.500000
vt 0.041016 0.500000
vt 0.041016 0.500000
vt 0.033203 0.500000
vt 0.033203 0.500000
vt 0.041016 0.500000
vt 0.041016 0.500000
vt 0.033203 0.500000
vt 0.033203 0.500000
vt 0.041016 0.500000
vt 0.041016 0.500000
vt 0.033203 0.500000
vt 0.033203 0.500000
vt 0.041016 0.500000
vt 0.041016 0.500000
vt 0.033203 0.500000
vt 0.033203 0.500000
vt 0.041016 0.500000
vt 0.041016 0.500000
vt 0.033203 0.500000
vt 0.033203 0.500000
vt 0.041016 0.500000
vt 0.041016 0.500000
vt 0.033203 0.500000
vt 0.033203 0.500000
vt 0.041016 0.500000
vt 0.041016 0.500000
vt 0.033203 0.500000
vt 0.033203 0.500000
vt 0.041016 0.500000
vt 0.041016 0.500000
vt 0.033203 0.500000
vt 0.033203 0.500000
vt 0.041016 0.500000
vt 0.041016 0.500000
vt 0.033203 0.500000
vt 0.033203 0.500000
vt 0.041016 0.500000
vt 0.041016 0.500000
vt 0.033203 0.500000
vt 0.033203 0.500000
vt 0.041016 0.500000
vt 0.041016 0.500000
vt 0.033203 0.500000
vt 0.033203 0.500000
vt 0.041016 0.500000
vt 0.041016 0.500000
vt 0.033203 0.500000
vt 0.033203 0.500000
vt 0.041016 0.500000
vt 0.041016 0.500000
vt 0.033203 0.500000
vt 0.033203 0.500000
vt 0.041016 0.500000
vt 0.041016 0.500000
vt 0.033203 0.500000
vt 0.033203 0.500000
vt 0.041016 0.500000
vt 0.041016 0.500000
vt 0.033203 0.500000
vt 0.033203 0.500000
vt 0.041016 0.500000
vt 0.041016 0.500000
vt 0.033203 0.500000
vt 0.033203 0.500000
vt 0.041016 0.500000
vt 0.041016 0.500000
vt 0.033203 0.500000
vt 0.033203 0.500000
vt 0.041016 0.500000
vt 0.041016 0.500000
vt 0.033203 0.500000
vt 0.033203 0.500000
vt 0.041016 0.500000
vt 0.041016 0.500000
vt 0.033203 0.500000
vt 0.033203 0.500000
vt 0.041016 0.500000
vt 0.041016 0.500000
vt 0.033203 0.500000
vt 0.033203 0.500000
vt 0.041016 0.500000
vt 0.041016 0.500000
vt 0.033203 0.500000
vt 0.033203 0.500000
vt 0.041016 0.500000
vt 0.041016 0.500000
vt 0.033203 0.500000
vt 0.033203 0.500000
vt 0.041016 0.500000
vt 0.041016 0.500000
vt 0.033203 0.500000
vt 0.033203 0.500000
vt 0.041016 0.500000
vt 0.041016 0.500000
vt 0.033203 0.500000
vt 0.033203 0.500000
vt 0.041016 0.500000
vt 0.041016 0.500000
vt 0.033203 0.500000
vt 0.033203 0.500000
vt 0.041016 0.500000
vt 0.033203 0.500000
vt 0.033203 0.500000
vt 0.033203 0.500000
vt 0.033203 0.500000
vt 0.033203 0.500000
vt 0.033203 0.500000
vt 0.033203 0.500000
vt 0.033203 0.500000
vt 0.033203 0.500000
vt 0.033203 0.500000
vt 0.033203 0.500000
vt 0.033203 0.500000
vt 0.033203 0.500000
vt 0.033203 0.500000
vt 0.033203 0.500000
vt 0.033203 0.500000
vt 0.033203 0.500000
vt 0.033203 0.500000
vt 0.033203 0.500000
vt 0.041016 0.500000
vt 0.041016 0.500000
vt 0.041016 0.500000
vt 0.033203 0.500000
vt 0.041016 0.500000
vt 0.041016 0.500000
vt 0.041016 0.500000
vt 0.041016 0.500000
vt 0.033203 0.500000
vt 0.033203 0.500000
vt 0.041016 0.500000
vt 0.041016 0.500000
vt 0.041016 0.500000
vt 0.041016 0.500000
vt 0.033203 0.500000
vt 0.033203 0.500000
vt 0.041016 0.500000
vt 0.041016 0.500000
vt 0.041016 0.500000
vt 0.041016 0.500000
vt 0.033203 0.500000
vt 0.033203 0.500000
vt 0.041016 0.500000
vt 0.041016 0.500000
vt 0.041016 0.500000
vt 0.041016 0.500000
vt 0.033203 0.500000
vt 0.033203 0.500000
vt 0.041016 0.500000
vt 0.041016 0.500000
vt 0.041016 0.500000
vt 0.041016 0.500000
vt 0.033203 0.500000
vt 0.033203 0.500000
vt 0.041016 0.500000
vt 0.041016 0.500000
vt 0.041016 0.500000
vt 0.041016 0.500000
vt 0.033203 0.500000
vt 0.033203 0.500000
vt 0.041016 0.500000
vt 0.041016 0.500000
vt 0.041016 0.500000
vt 0.041016 0.500000
vt 0.033203 0.500000
vt 0.033203 0.500000
vt 0.041016 0.500000
vt 0.041016 0.500000
vt 0.041016 0.500000
vt 0.041016 0.500000
vt 0.033203 0.500000
vt 0.033203 0.500000
vt 0.041016 0.500000
vt 0.033203 0.500000
vt 0.033203 0.500000
vt 0.033203 0.500000
vt 0.033203 0.500000
vt 0.033203 0.500000
vt 0.033203 0.500000
vt 0.033203 0.500000
vt 0.033203 0.500000
vt 0.033203 0.500000
vt 0.033203 0.500000
vt 0.033203 0.500000
vt 0.033203 0.500000
vt 0.033203 0.500000
vt 0.033203 0.500000
vt 0.033203 0.500000
vt 0.033203 0.500000
vt 0.033203 0.500000
vt 0.033203 0.500000
vt 0.033203 0.500000
vt 0.033203 0.500000
vt 0.033203 0.500000
vt 0.033203 0.500000
vt 0.033203 0.500000
vt 0.033203 0.500000
vt 0.033203 0.500000
vt 0.033203 0.500000
vt 0.033203 0.500000
vt 0.033203 0.500000
vt 0.033203 0.500000
vt 0.033203 0.500000
vt 0.033203 0.500000
vt 0.033203 0.500000
vt 0.033203 0.500000
vt 0.033203 0.500000
vt 0.033203 0.500000
vt 0.033203 0.500000
vt 0.033203 0.500000
vt 0.033203 0.500000
vt 0.033203 0.500000
vt 0.033203 0.500000
vt 0.033203 0.500000
vt 0.033203 0.500000
vt 0.033203 0.500000
vt 0.033203 0.500000
vt 0.033203 0.500000
vt 0.033203 0.500000
vt 0.033203 0.500000
vt 0.033203 0.500000
vt 0.033203 0.500000
vt 0.033203 0.500000
vt 0.033203 0.500000
vt 0.033203 0.500000
vt 0.033203 0.500000
vt 0.033203 0.500000
vt 0.033203 0.500000
vt 0.033203 0.500000
vt 0.033203 0.500000
vt 0.033203 0.500000
vt 0.033203 0.500000
vt 0.033203 0.500000
vt 0.033203 0.500000
vt 0.033203 0.500000
vt 0.033203 0.500000
vt 0.033203 0.500000
vt 0.033203 0.500000
vt 0.033203 0.500000
vt 0.033203 0.500000
vt 0.033203 0.500000
vt 0.033203 0.500000
vt 0.033203 0.500000
vt 0.033203 0.500000
vt 0.033203 0.500000
vt 0.033203 0.500000
vt 0.033203 0.500000
vt 0.033203 0.500000
vt 0.033203 0.500000
vt 0.033203 0.500000
vt 0.033203 0.500000
vt 0.033203 0.500000
vt 0.033203 0.500000
vt 0.033203 0.500000
vt 0.033203 0.500000
vt 0.033203 0.500000
vt 0.033203 0.500000
vt 0.033203 0.500000
vt 0.033203 0.500000
vt 0.033203 0.500000
vt 0.033203 0.500000
vt 0.033203 0.500000
vt 0.033203 0.500000
vt 0.033203 0.500000
vt 0.033203 0.500000
vt 0.033203 0.500000
vt 0.033203 0.500000
vt 0.033203 0.500000
vt 0.033203 0.500000
vt 0.033203 0.500000
vt 0.033203 0.500000
vt 0.033203 0.500000
vt 0.033203 0.500000
vt 0.033203 0.500000
vt 0.033203 0.500000
vt 0.033203 0.500000
vt 0.033203 0.500000
vt 0.033203 0.500000
vt 0.033203 0.500000
vt 0.033203 0.500000
vt 0.033203 0.500000
vt 0.033203 0.500000
vt 0.033203 0.500000
vt 0.041016 0.500000
vt 0.041016 0.500000
vt 0.041016 0.500000
vt 0.041016 0.500000
vt 0.041016 0.500000
vt 0.041016 0.500000
vt 0.041016 0.500000
vt 0.041016 0.500000
vt 0.041016 0.500000
vt 0.041016 0.500000
vt 0.041016 0.500000
vt 0.041016 0.500000
vt 0.041016 0.500000
vt 0.041016 0.500000
vt 0.041016 0.500000
vt 0.041016 0.500000
vt 0.041016 0.500000
vt 0.041016 0.500000
vt 0.041016 0.500000
vt 0.041016 0.500000
vt 0.041016 0.500000
vt 0.041016 0.500000
vt 0.041016 0.500000
vt 0.041016 0.500000
vt 0.041016 0.500000
vt 0.041016 0.500000
vt 0.041016 0.500000
vt 0.041016 0.500000
vt 0.041016 0.500000
vt 0.041016 0.500000
vt 0.041016 0.500000
vt 0.041016 0.500000
vt 0.041016 0.500000
vt 0.041016 0.500000
vt 0.041016 0.500000
vt 0.041016 0.500000
vt 0.041016 0.500000
vt 0.041016 0.500000
vt 0.041016 0.500000
vt 0.041016 0.500000
vt 0.041016 0.500000
vt 0.041016 0.500000
vt 0.041016 0.500000
vt 0.041016 0.500000
vt 0.041016 0.500000
vt 0.041016 0.500000
vt 0.041016 0.500000
vt 0.041016 0.500000
vt 0.041016 0.500000
vt 0.041016 0.500000
vt 0.041016 0.500000
vt 0.041016 0.500000
vt 0.041016 0.500000
vt 0.041016 0.500000
vt 0.041016 0.500000
vt 0.041016 0.500000
vt 0.041016 0.500000
vt 0.041016 0.500000
vt 0.041016 0.500000
vt 0.041016 0.500000
vt 0.041016 0.500000
vt 0.041016 0.500000
vt 0.041016 0.500000
vt 0.041016 0.500000
vt 0.041016 0.500000
vt 0.041016 0.500000
vt 0.041016 0.500000
vt 0.041016 0.500000
vt 0.041016 0.500000
vt 0.041016 0.500000
vt 0.041016 0.500000
vt 0.041016 0.500000
vt 0.041016 0.500000
vt 0.041016 0.500000
vt 0.041016 0.500000
vt 0.041016 0.500000
vt 0.041016 0.500000
vt 0.041016 0.500000
vt 0.041016 0.500000
vt 0.041016 0.500000
vt 0.041016 0.500000
vt 0.041016 0.500000
vt 0.041016 0.500000
vt 0.041016 0.500000
vt 0.041016 0.500000
vt 0.041016 0.500000
vt 0.041016 0.500000
vt 0.041016 0.500000
vt 0.041016 0.500000
vt 0.041016 0.500000
vt 0.041016 0.500000
vt 0.041016 0.500000
vt 0.041016 0.500000
vt 0.041016 0.500000
vt 0.041016 0.500000
vt 0.041016 0.500000
vt 0.041016 0.500000
vt 0.041016 0.500000
vt 0.041016 0.500000
vt 0.041016 0.500000
vt 0.041016 0.500000
vt 0.041016 0.500000
vt 0.041016 0.500000
vt 0.041016 0.500000
vt 0.041016 0.500000
vt 0.041016 0.500000
vt 0.041016 0.500000
vt 0.041016 0.500000
vt 0.041016 0.500000
vt 0.041016 0.500000
vt 0.318359 0.500000
vt 0.318359 0.500000
vt 0.318359 0.500000
vt 0.318359 0.500000
vt 0.318359 0.500000
vt 0.318359 0.500000
vt 0.318359 0.500000
vt 0.318359 0.500000
vt 0.318359 0.500000
vt 0.318359 0.500000
vt 0.318359 0.500000
vt 0.318359 0.500000
vt 0.318359 0.500000
vt 0.318359 0.500000
vt 0.318359 0.500000
vt 0.318359 0.500000
vt 0.318359 0.500000
vt 0.318359 0.500000
vt 0.318359 0.500000
vt 0.318359 0.500000
vt 0.318359 0.500000
vt 0.318359 0.500000
vt 0.318359 0.500000
vt 0.318359 0.500000
vt 0.033203 0.500000
vt 0.033203 0.500000
vt 0.033203 0.500000
vt 0.033203 0.500000
vt 0.033203 0.500000
vt 0.033203 0.500000
vt 0.033203 0.500000
vt 0.033203 0.500000
vt 0.033203 0.500000
vt 0.033203 0.500000
vt 0.033203 0.500000
vt 0.033203 0.500000
vt 0.033203 0.500000
vt 0.033203 0.500000
vt 0.033203 0.500000
vt 0.033203 0.500000
vt 0.041016 0.500000
vt 0.041016 0.500000
vt 0.318359 0.500000
vt 0.041016 0.500000
vt 0.318359 0.500000
vt 0.318359 0.500000
vt 0.318359 0.500000
vt 0.041016 0.500000
vn -1.0000 0.0000 0.0000
vn 1.0000 -0.0000 0.0000
vn 1.0000 -0.0001 0.0000
vn 0.0000 -0.0000 1.0000
vn -0.0001 -0.0000 1.0000
vn -0.0006 -0.0000 1.0000
vn -0.0005 -0.0000 1.0000
vn 0.0001 0.0000 1.0000
vn 0.0006 0.0000 1.0000
vn -0.0002 -0.0000 1.0000
vn 0.0002 0.0000 1.0000
vn -0.0003 0.0000 1.0000
vn 0.0004 -0.0000 1.0000
vn 0.0003 -0.0000 1.0000
vn -0.0004 0.0000 1.0000
vn -0.0023 0.0000 1.0000
vn 0.0011 0.0000 1.0000
vn -0.0011 -0.0000 1.0000
vn 0.0000 0.0000 -1.0000
vn -0.0001 0.0000 -1.0000
vn 0.0006 0.0000 -1.0000
vn -0.0006 0.0000 -1.0000
vn 0.0001 0.0000 -1.0000
vn -0.0003 -0.0000 -1.0000
vn 0.0003 0.0000 -1.0000
vn -0.0004 -0.0000 -1.0000
vn 0.0002 0.0000 -1.0000
vn -0.0011 0.0000 -1.0000
vn 0.0011 0.0000 -1.0000
vn -0.0002 0.0000 -1.0000
vn 0.0004 0.0000 -1.0000
vn -0.0016 0.0000 -1.0000
vn -0.0000 -1.0000 -0.0000
vn 0.0000 1.0000 0.0000
vn 0.0000 1.0000 -0.0009
vn 0.0000 1.0000 -0.0005
usemtl palette_nnsm_skyscraper01.png
s 1
f 137/209/7 138/210/7 139/211/7
f 140/212/7 138/210/7 137/209/7
f 141/213/7 142/214/7 143/215/7
f 144/216/7 142/214/7 141/213/7
f 145/217/7 146/218/7 147/219/7
f 148/220/7 146/218/7 145/217/7
f 149/221/7 150/222/7 151/223/7
f 152/224/7 150/222/7 149/221/7
f 153/225/7 154/226/7 155/227/7
f 156/228/7 154/226/7 153/225/7
f 157/229/7 158/230/7 159/231/7
f 160/232/7 158/230/7 157/229/7
f 161/233/7 162/234/7 163/235/7
f 164/236/7 162/234/7 161/233/7
f 165/237/7 166/238/7 167/239/7
f 168/240/7 166/238/7 165/237/7
f 169/241/7 170/242/7 171/243/7
f 172/244/7 170/242/7 169/241/7
f 173/245/7 174/246/7 175/247/7
f 176/248/7 174/246/7 173/245/7
f 177/249/7 178/250/7 179/251/7
f 180/252/7 178/250/7 177/249/7
f 181/253/7 182/254/7 183/255/7
f 184/256/7 182/254/7 181/253/7
f 185/257/7 161/233/7 163/235/7
f 186/258/7 161/233/7 185/257/7
f 187/259/7 162/234/7 164/236/7
f 188/260/7 162/234/7 187/259/7
f 189/261/7 168/262/7 165/263/7
f 190/264/7 168/262/7 189/261/7
f 191/265/7 172/266/7 169/267/7
f 192/268/7 172/266/7 191/265/7
f 193/269/7 176/270/7 173/271/7
f 194/272/7 176/270/7 193/269/7
f 195/273/7 180/274/7 177/275/7
f 196/276/7 180/274/7 195/273/7
f 197/277/7 184/278/7 181/279/7
f 198/280/7 184/278/7 197/277/7
f 199/281/7 186/282/7 185/283/7
f 200/284/7 186/282/7 199/281/7
f 201/285/7 188/286/7 187/287/7
f 202/288/7 188/286/7 201/285/7
f 203/289/7 190/290/7 189/291/7
f 204/292/7 190/290/7 203/289/7
f 205/293/7 192/294/7 191/295/7
f 206/296/7 192/294/7 205/293/7
f 207/297/7 194/298/7 193/299/7
f 208/300/7 194/298/7 207/297/7
f 209/301/7 196/302/7 195/303/7
f 210/304/7 196/302/7 209/301/7
f 211/305/7 198/306/7 197/307/7
f 212/308/7 198/306/7 211/305/7
f 213/309/7 200/310/7 199/311/7
f 214/312/7 200/310/7 213/309/7
f 215/313/7 202/314/7 201/315/7
f 216/316/7 202/314/7 215/313/7
f 217/317/7 204/318/7 203/319/7
f 218/320/7 204/318/7 217/317/7
f 219/321/7 206/322/7 205/323/7
f 220/324/7 206/322/7 219/321/7
f 221/325/7 208/326/7 207/327/7
f 222/328/7 208/326/7 221/325/7
f 223/329/7 210/330/7 209/331/7
f 224/332/7 210/330/7 223/329/7
f 225/333/7 212/334/7 211/335/7
f 226/336/7 212/334/7 225/333/7
f 227/337/7 214/338/7 213/339/7
f 228/340/7 214/338/7 227/337/7
f 229/341/7 216/342/7 215/343/7
f 230/344/7 216/342/7 229/341/7
f 231/345/7 218/346/7 217/347/7
f 232/348/7 218/346/7 231/345/7
f 233/349/7 220/350/7 219/351/7
f 234/352/7 220/350/7 233/349/7
f 235/353/7 222/354/7 221/355/7
f 236/356/7 222/354/7 235/353/7
f 237/357/7 224/358/7 223/359/7
f 238/360/7 224/358/7 237/357/7
f 239/361/7 226/362/7 225/363/7
f 240/364/7 226/362/7 239/361/7
f 241/365/7 228/366/7 227/367/7
f 242/368/7 228/366/7 241/365/7
f 243/369/7 230/370/7 229/371/7
f 244/372/7 230/370/7 243/369/7
f 245/373/7 232/374/7 231/375/7
f 246/376/7 232/374/7 245/373/7
f 247/377/7 234/378/7 233/379/7
f 248/380/7 234/378/7 247/377/7
f 249/381/7 236/382/7 235/383/7
f 250/384/7 236/382/7 249/381/7
f 251/385/7 238/386/7 237/387/7
f 252/388/7 238/386/7 251/385/7
f 253/389/7 240/390/7 239/391/7
f 254/392/7 240/390/7 253/389/7
f 255/393/7 242/394/7 241/395/7
f 256/396/7 242/394/7 255/393/7
f 257/397/7 244/398/7 243/399/7
f 258/400/7 244/398/7 257/397/7
f 259/401/7 246/402/7 245/403/7
f 260/404/7 246/402/7 259/401/7
f 261/405/7 248/406/7 247/407/7
f 262/408/7 248/406/7 261/405/7
f 263/409/7 250/410/7 249/411/7
f 264/412/7 250/410/7 263/409/7
f 265/413/7 252/414/7 251/415/7
f 266/416/7 252/414/7 265/413/7
f 267/417/7 254/418/7 253/419/7
f 268/420/7 254/418/7 267/417/7
f 269/421/7 256/422/7 255/423/7
f 270/424/7 256/422/7 269/421/7
f 271/425/7 258/426/7 257/427/7
f 272/428/7 258/426/7 271/425/7
f 273/429/7 260/430/7 259/431/7
f 274/432/7 260/430/7 273/429/7
f 275/433/7 262/434/7 261/435/7
f 276/436/7 262/434/7 275/433/7
f 277/437/7 264/438/7 263/439/7
f 278/440/7 264/438/7 277/437/7
f 279/441/7 266/442/7 265/443/7
f 280/444/7 266/442/7 279/441/7
f 281/445/7 268/446/7 267/447/7
f 282/448/7 268/446/7 281/445/7
f 283/449/7 270/450/7 269/451/7
f 284/452/7 270/450/7 283/449/7
f 285/453/7 272/454/7 271/455/7
f 286/456/7 272/454/7 285/453/7
f 287/457/7 274/458/7 273/459/7
f 288/460/7 274/458/7 287/457/7
f 289/461/7 276/462/7 275/463/7
f 290/464/7 276/462/7 289/461/7
f 291/465/7 278/466/7 277/467/7
f 292/468/7 278/466/7 291/465/7
f 293/469/7 280/470/7 279/471/7
f 294/472/7 280/470/7 293/469/7
f 295/473/7 282/474/7 281/475/7
f 296/476/7 282/474/7 295/473/7
f 297/477/7 284/478/7 283/479/7
f 298/480/7 284/478/7 297/477/7
f 299/481/7 286/482/7 285/483/7
f 300/484/7 286/482/7 299/481/7
f 301/485/7 288/486/7 287/487/7
f 302/488/7 288/486/7 301/485/7
f 303/489/7 290/490/7 289/491/7
f 304/492/7 290/490/7 303/489/7
f 305/493/7 292/494/7 291/495/7
f 306/496/7 292/494/7 305/493/7
f 307/497/7 294/498/7 293/499/7
f 308/500/7 294/498/7 307/497/7
f 309/501/7 296/502/7 295/503/7
f 310/504/7 296/502/7 309/501/7
f 311/505/7 298/506/7 297/507/7
f 312/508/7 298/506/7 311/505/7
f 313/509/7 300/510/7 299/511/7
f 314/512/7 300/510/7 313/509/7
f 315/513/7 302/514/7 301/515/7
f 316/516/7 302/514/7 315/513/7
f 317/517/7 304/518/7 303/519/7
f 318/520/7 304/518/7 317/517/7
f 319/521/7 306/522/7 305/523/7
f 320/524/7 306/522/7 319/521/7
f 321/525/7 308/526/7 307/527/7
f 322/528/7 308/526/7 321/525/7
f 323/529/7 310/530/7 309/531/7
f 324/532/7 310/530/7 323/529/7
f 325/533/7 312/534/7 311/535/7
f 326/536/7 312/534/7 325/533/7
f 327/537/7 314/538/7 313/539/7
f 328/540/7 314/538/7 327/537/7
f 329/541/7 316/542/7 315/543/7
f 330/544/7 316/542/7 329/541/7
f 331/545/7 318/546/7 317/547/7
f 332/548/7 318/546/7 331/545/7
f 333/549/7 320/550/7 319/551/7
f 334/552/7 320/550/7 333/549/7
f 335/553/7 322/554/7 321/555/7
f 336/556/7 322/554/7 335/553/7
f 337/557/7 324/558/7 323/559/7
f 338/560/7 324/558/7 337/557/7
f 339/561/7 326/562/7 325/563/7
f 340/564/7 326/562/7 339/561/7
f 341/565/7 328/566/7 327/567/7
f 342/568/7 328/566/7 341/565/7
f 343/569/7 330/570/7 329/571/7
f 344/572/7 330/570/7 343/569/7
f 345/573/7 332/574/7 331/575/7
f 346/576/7 332/574/7 345/573/7
f 347/577/7 334/578/7 333/579/7
f 348/580/7 334/578/7 347/577/7
f 349/581/7 336/582/7 335/583/7
f 350/584/7 336/582/7 349/581/7
f 351/585/7 338/586/7 337/587/7
f 352/588/7 338/586/7 351/585/7
f 353/589/7 340/590/7 339/591/7
f 354/592/7 340/590/7 353/589/7
f 355/593/7 342/594/7 341/595/7
f 356/596/7 342/594/7 355/593/7
f 357/597/7 344/598/7 343/599/7
f 358/600/7 344/598/7 357/597/7
f 359/601/7 346/602/7 345/603/7
f 360/604/7 346/602/7 359/601/7
f 361/605/7 348/606/7 347/607/7
f 362/608/7 348/606/7 361/605/7
f 363/609/7 350/610/7 349/611/7
f 364/612/7 350/610/7 363/609/7
f 365/613/7 352/614/7 351/615/7
f 366/616/7 352/614/7 365/613/7
f 367/617/7 354/618/7 353/619/7
f 368/620/7 354/618/7 367/617/7
f 369/621/7 356/622/7 355/623/7
f 370/624/7 356/622/7 369/621/7
f 371/625/7 358/626/7 357/627/7
f 372/628/7 358/626/7 371/625/7
f 373/629/7 360/630/7 359/631/7
f 374/632/7 360/630/7 373/629/7
f 375/633/7 362/634/7 361/635/7
f 376/636/7 362/634/7 375/633/7
f 377/637/7 364/638/7 363/639/7
f 378/640/7 364/638/7 377/637/7
f 379/641/7 366/642/7 365/643/7
f 380/644/7 366/642/7 379/641/7
f 381/645/7 368/646/7 367/647/7
f 382/648/7 368/646/7 381/645/7
f 383/649/7 370/650/7 369/651/7
f 384/652/7 370/650/7 383/649/7
f 385/653/7 372/654/7 371/655/7
f 386/656/7 372/654/7 385/653/7
f 387/657/7 374/658/7 373/659/7
f 388/660/7 374/658/7 387/657/7
f 389/661/7 376/662/7 375/663/7
f 390/664/7 376/662/7 389/661/7
f 391/665/7 378/666/7 377/667/7
f 392/668/7 378/666/7 391/665/7
f 393/669/7 380/670/7 379/671/7
f 394/672/7 380/670/7 393/669/7
f 395/673/7 382/674/7 381/675/7
f 396/676/7 382/674/7 395/673/7
f 397/677/7 384/678/7 383/679/7
f 398/680/7 384/678/7 397/677/7
f 399/681/7 386/682/7 385/683/7
f 400/684/7 386/682/7 399/681/7
f 401/685/7 388/686/7 387/687/7
f 402/688/7 388/686/7 401/685/7
f 403/689/7 390/690/7 389/691/7
f 404/692/7 390/690/7 403/689/7
f 405/693/7 392/694/7 391/695/7
f 406/696/7 392/694/7 405/693/7
f 407/697/7 394/698/7 393/699/7
f 408/700/7 394/698/7 407/697/7
f 409/701/7 396/702/7 395/703/7
f 410/704/7 396/702/7 409/701/7
f 411/705/7 398/706/7 397/707/7
f 412/708/7 398/706/7 411/705/7
f 413/709/7 400/710/7 399/711/7
f 414/712/7 400/710/7 413/709/7
f 415/713/7 402/714/7 401/715/7
f 416/716/7 402/714/7 415/713/7
f 417/717/7 404/718/7 403/719/7
f 418/720/7 404/718/7 417/717/7
f 419/721/7 406/722/7 405/723/7
f 420/724/7 406/722/7 419/721/7
f 421/725/7 408/726/7 407/727/7
f 422/728/7 408/726/7 421/725/7
f 423/729/7 410/730/7 409/731/7
f 424/732/7 410/730/7 423/729/7
f 425/733/7 412/734/7 411/735/7
f 426/736/7 412/734/7 425/733/7
f 427/737/7 414/738/7 413/739/7
f 428/740/7 414/738/7 427/737/7
f 429/741/7 416/742/7 415/743/7
f 430/744/7 416/742/7 429/741/7
f 431/745/7 418/746/7 417/747/7
f 432/748/7 418/746/7 431/745/7
f 433/749/7 420/750/7 419/751/7
f 434/752/7 420/750/7 433/749/7
f 435/753/7 422/754/7 421/755/7
f 436/756/7 422/754/7 435/753/7
f 437/757/7 424/758/7 423/759/7
f 438/760/7 424/758/7 437/757/7
f 439/761/7 426/762/7 425/763/7
f 440/764/7 426/762/7 439/761/7
f 441/765/7 428/766/7 427/767/7
f 442/768/7 428/766/7 441/765/7
f 443/769/7 430/770/7 429/771/7
f 444/772/7 430/770/7 443/769/7
f 445/773/7 432/774/7 431/775/7
f 446/776/7 432/774/7 445/773/7
f 447/777/7 434/778/7 433/779/7
f 448/780/7 434/778/7 447/777/7
f 449/781/7 436/782/7 435/783/7
f 450/784/7 436/782/7 449/781/7
f 451/785/7 438/786/7 437/787/7
f 452/788/7 438/786/7 451/785/7
f 453/789/7 440/790/7 439/791/7
f 454/792/7 440/790/7 453/789/7
f 455/793/7 442/794/7 441/795/7
f 456/796/7 442/794/7 455/793/7
f 457/797/7 444/798/7 443/799/7
f 458/800/7 444/798/7 457/797/7
f 459/801/7 446/802/7 445/803/7
f 460/804/7 446/802/7 459/801/7
f 461/805/7 448/806/7 447/807/7
f 462/808/7 448/806/7 461/805/7
f 463/809/7 450/810/7 449/811/7
f 464/812/7 450/810/7 463/809/7
f 465/813/7 452/814/7 451/815/7
f 466/816/7 452/814/7 465/813/7
f 467/817/7 454/818/7 453/819/7
f 468/820/7 454/818/7 467/817/7
f 469/821/7 456/822/7 455/823/7
f 470/824/7 456/822/7 469/821/7
f 471/825/7 458/826/7 457/827/7
f 472/828/7 458/826/7 471/825/7
f 473/829/7 460/830/7 459/831/7
f 474/832/7 460/830/7 473/829/7
f 475/833/7 462/834/7 461/835/7
f 476/836/7 462/834/7 475/833/7
f 477/837/7 464/838/7 463/839/7
f 478/840/7 464/838/7 477/837/7
f 479/841/7 466/842/7 465/843/7
f 480/844/7 466/842/7 479/841/7
f 481/845/7 468/846/7 467/847/7
f 482/848/7 468/846/7 481/845/7
f 483/849/7 470/850/7 469/851/7
f 484/852/7 470/850/7 483/849/7
f 485/853/7 472/854/7 471/855/7
f 486/856/7 472/854/7 485/853/7
f 487/857/7 474/858/7 473/859/7
f 488/860/7 474/858/7 487/857/7
f 489/861/7 476/862/7 475/863/7
f 490/864/7 476/862/7 489/861/7
f 491/865/7 478/866/7 477/867/7
f 492/868/7 478/866/7 491/865/7
f 493/869/7 480/870/7 479/871/7
f 494/872/7 480/870/7 493/869/7
f 495/873/7 482/874/7 481/875/7
f 496/876/7 482/874/7 495/873/7
f 497/877/7 484/878/7 483/879/7
f 498/880/7 484/878/7 497/877/7
f 499/881/7 486/882/7 485/883/7
f 500/884/7 486/882/7 499/881/7
f 501/885/7 488/886/7 487/887/7
f 502/888/7 488/886/7 501/885/7
f 503/889/7 490/890/7 489/891/7
f 504/892/7 490/890/7 503/889/7
f 505/893/7 492/894/7 491/895/7
f 506/896/7 492/894/7 505/893/7
f 507/897/7 494/898/7 493/899/7
f 508/900/7 494/898/7 507/897/7
f 509/901/7 496/902/7 495/903/7
f 510/904/7 496/902/7 509/901/7
f 511/905/7 498/906/7 497/907/7
f 512/908/7 498/906/7 511/905/7
f 513/909/7 500/910/7 499/911/7
f 514/912/7 500/910/7 513/909/7
f 515/913/7 502/914/7 501/915/7
f 516/916/7 502/914/7 515/913/7
f 517/917/7 504/918/7 503/919/7
f 518/920/7 504/918/7 517/917/7
f 519/921/7 506/922/7 505/923/7
f 520/924/7 506/922/7 519/921/7
f 521/925/7 508/926/7 507/927/7
f 522/928/7 508/926/7 521/925/7
f 523/929/7 510/930/7 509/931/7
f 524/932/7 510/930/7 523/929/7
f 525/933/7 512/934/7 511/935/7
f 526/936/7 512/934/7 525/933/7
f 527/937/7 514/938/7 513/939/7
f 528/940/7 514/938/7 527/937/7
f 529/941/7 516/942/7 515/943/7
f 530/944/7 516/942/7 529/941/7
f 531/945/7 518/946/7 517/947/7
f 532/948/7 518/946/7 531/945/7
f 533/949/7 520/950/7 519/951/7
f 534/952/7 520/950/7 533/949/7
f 535/953/7 522/954/7 521/955/7
f 536/956/7 522/954/7 535/953/7
f 537/957/7 524/958/7 523/959/7
f 538/960/7 524/958/7 537/957/7
f 539/961/7 526/962/7 525/963/7
f 540/964/7 526/962/7 539/961/7
f 541/965/7 528/966/7 527/967/7
f 542/968/7 528/966/7 541/965/7
f 543/969/7 530/970/7 529/971/7
f 544/972/7 530/970/7 543/969/7
f 545/973/7 532/974/7 531/975/7
f 546/976/7 532/974/7 545/973/7
f 547/977/7 534/978/7 533/979/7
f 548/980/7 534/978/7 547/977/7
f 549/981/7 536/982/7 535/983/7
f 550/984/7 536/982/7 549/981/7
f 551/985/7 538/986/7 537/987/7
f 552/988/7 538/986/7 551/985/7
f 553/989/7 540/990/7 539/991/7
f 554/992/7 540/990/7 553/989/7
f 555/993/7 542/994/7 541/995/7
f 556/996/7 542/994/7 555/993/7
f 557/997/7 544/998/7 543/999/7
f 558/1000/7 544/998/7 557/997/7
f 559/1001/7 546/1002/7 545/1003/7
f 560/1004/7 546/1002/7 559/1001/7
f 561/1005/7 548/1006/7 547/1007/7
f 562/1008/7 548/1006/7 561/1005/7
f 563/1009/7 550/1010/7 549/1011/7
f 564/1012/7 550/1010/7 563/1009/7
f 565/1013/7 552/1014/7 551/1015/7
f 566/1016/7 552/1014/7 565/1013/7
f 567/1017/7 554/1018/7 553/1019/7
f 568/1020/7 554/1018/7 567/1017/7
f 569/1021/7 556/1022/7 555/1023/7
f 570/1024/7 556/1022/7 569/1021/7
f 571/1025/7 558/1026/7 557/1027/7
f 572/1028/7 558/1026/7 571/1025/7
f 573/1029/7 560/1030/7 559/1031/7
f 574/1032/7 560/1030/7 573/1029/7
f 575/1033/7 562/1034/7 561/1035/7
f 576/1036/7 562/1034/7 575/1033/7
f 577/1037/7 564/1038/7 563/1039/7
f 578/1040/7 564/1038/7 577/1037/7
f 579/1041/7 566/1042/7 565/1043/7
f 580/1044/7 566/1042/7 579/1041/7
f 581/1045/7 568/1046/7 567/1047/7
f 582/1048/7 568/1046/7 581/1045/7
f 583/1049/7 570/1050/7 569/1051/7
f 584/1052/7 570/1050/7 583/1049/7
f 585/1053/7 572/1054/7 571/1055/7
f 586/1056/7 572/1054/7 585/1053/7
f 587/1057/7 574/1058/7 573/1059/7
f 588/1060/7 574/1058/7 587/1057/7
f 589/1061/7 576/1062/7 575/1063/7
f 590/1064/7 576/1062/7 589/1061/7
f 591/1065/7 578/1066/7 577/1067/7
f 592/1068/7 578/1066/7 591/1065/7
f 593/1069/7 580/1070/7 579/1071/7
f 594/1072/7 580/1070/7 593/1069/7
f 595/1073/7 582/1074/7 581/1075/7
f 596/1076/7 582/1074/7 595/1073/7
f 597/1077/7 584/1078/7 583/1079/7
f 598/1080/7 584/1078/7 597/1077/7
f 599/1081/7 586/1082/7 585/1083/7
f 600/1084/7 586/1082/7 599/1081/7
f 601/1085/7 588/1086/7 587/1087/7
f 602/1088/7 588/1086/7 601/1085/7
f 603/1089/7 590/1090/7 589/1091/7
f 604/1092/7 590/1090/7 603/1089/7
f 605/1093/7 592/1094/7 591/1095/7
f 606/1096/7 592/1094/7 605/1093/7
f 607/1097/7 594/1098/7 593/1099/7
f 608/1100/7 594/1098/7 607/1097/7
f 609/1101/7 597/1102/7 596/1103/7
f 610/1104/7 597/1102/7 609/1101/7
f 611/1105/7 599/1106/7 598/1107/7
f 612/1108/7 599/1106/7 611/1105/7
f 613/1109/7 601/1110/7 600/1111/7
f 614/1112/7 601/1110/7 613/1109/7
f 615/1113/7 603/1114/7 602/1115/7
f 616/1116/7 603/1114/7 615/1113/7
f 617/1117/7 605/1118/7 604/1119/7
f 618/1120/7 605/1118/7 617/1117/7
f 619/1121/7 607/1122/7 606/1123/7
f 620/1124/7 607/1122/7 619/1121/7
f 621/1125/7 622/1126/7 623/1127/7
f 624/1128/7 622/1126/7 621/1125/7
f 625/1129/7 622/1126/7 624/1128/7
f 626/1130/7 627/1131/7 628/1132/7
f 629/1133/7 625/1129/7 624/1128/7
f 630/1134/7 627/1131/7 626/1130/7
f 631/1135/7 629/1133/7 624/1128/7
f 632/1136/7 627/1131/7 630/1134/7
f 633/1137/7 631/1135/7 624/1128/7
f 634/1138/7 627/1131/7 632/1136/7
f 635/1139/7 633/1137/7 624/1128/7
f 636/1140/7 627/1131/7 634/1138/7
f 637/1141/7 635/1139/7 624/1128/7
f 638/1142/7 627/1131/7 636/1140/7
f 639/1143/7 637/1141/7 624/1128/7
f 640/1144/7 627/1131/7 638/1142/7
f 641/1145/7 639/1143/7 624/1128/7
f 642/1146/7 627/1131/7 640/1144/7
f 643/1147/7 641/1145/7 624/1128/7
f 644/1148/7 627/1131/7 642/1146/7
f 645/1149/7 643/1147/7 624/1128/7
f 646/1150/7 627/1131/7 644/1148/7
f 647/1151/7 645/1149/7 624/1128/7
f 648/1152/7 627/1131/7 646/1150/7
f 649/1153/7 647/1151/7 624/1128/7
f 650/1154/7 627/1131/7 648/1152/7
f 651/1155/7 649/1153/7 624/1128/7
f 652/1156/7 627/1131/7 650/1154/7
f 653/1157/7 651/1155/7 624/1128/7
f 654/1158/7 627/1131/7 652/1156/7
f 655/1159/7 653/1157/7 624/1128/7
f 656/1160/7 627/1131/7 654/1158/7
f 657/1161/7 655/1159/7 624/1128/7
f 658/1162/7 627/1131/7 656/1160/7
f 659/1163/7 657/1161/7 624/1128/7
f 660/1164/7 627/1131/7 658/1162/7
f 661/1165/7 659/1163/7 624/1128/7
f 662/1166/7 627/1131/7 660/1164/7
f 663/1167/7 661/1165/7 624/1128/7
f 664/1168/7 627/1131/7 662/1166/7
f 665/1169/7 663/1167/7 624/1128/7
f 666/1170/7 627/1131/7 664/1168/7
f 667/1171/7 665/1169/7 624/1128/7
f 668/1172/7 627/1131/7 666/1170/7
f 669/1173/7 667/1171/7 624/1128/7
f 670/1174/7 627/1131/7 668/1172/7
f 671/1175/7 669/1173/7 624/1128/7
f 672/1176/7 627/1131/7 670/1174/7
f 673/1177/7 671/1175/7 624/1128/7
f 674/1178/7 627/1131/7 672/1176/7
f 675/1179/7 673/1177/7 624/1128/7
f 676/1180/7 627/1131/7 674/1178/7
f 677/1181/7 675/1179/7 624/1128/7
f 678/1182/7 627/1131/7 676/1180/7
f 679/1183/7 677/1181/7 624/1128/7
f 680/1184/7 627/1131/7 678/1182/7
f 681/1185/7 679/1183/7 624/1128/7
f 682/1186/7 627/1131/7 680/1184/7
f 683/1187/7 681/1185/7 624/1128/7
f 684/1188/7 627/1131/7 682/1186/7
f 685/1189/7 683/1187/7 624/1128/7
f 686/1190/7 627/1131/7 684/1188/7
f 687/1191/7 685/1189/7 624/1128/7
f 688/1192/7 627/1131/7 686/1190/7
f 689/1193/7 687/1191/7 624/1128/7
f 689/1193/7 690/1194/7 687/1191/7
f 691/1195/7 690/1194/7 689/1193/7
f 692/1196/7 690/1194/7 691/1195/7
f 693/1197/7 694/1198/7 695/1199/7
f 696/1200/7 694/1198/7 693/1197/7
f 697/1201/7 698/1202/7 699/1203/7
f 700/1204/7 698/1202/7 697/1201/7
f 701/1205/7 702/1206/7 703/1207/7
f 704/1208/7 702/1206/7 701/1205/7
f 705/1209/7 706/1210/7 707/1211/7
f 708/1212/7 706/1210/7 705/1209/7
f 709/1213/7 710/1214/7 711/1215/7
f 712/1216/7 710/1214/7 709/1213/7
f 713/1217/7 688/1192/7 714/1218/7
f 715/1219/7 708/1212/7 705/1209/7
f 715/1219/7 713/1217/7 712/1216/7
f 715/1219/7 712/1216/7 709/1213/7
f 715/1219/7 692/1196/7 691/1195/7
f 715/1219/7 709/1213/7 708/1212/7
f 715/1219/7 696/1200/7 693/1197/7
f 715/1219/7 705/1209/7 704/1208/7
f 715/1219/7 700/1204/7 697/1201/7
f 715/1219/7 701/1205/7 700/1204/7
f 715/1219/7 704/1208/7 701/1205/7
f 715/1219/7 697/1201/7 696/1200/7
f 715/1219/7 693/1197/7 692/1196/7
f 716/1220/7 688/1192/7 713/1217/7
f 716/1220/7 713/1217/7 715/1219/7
f 716/1220/7 627/1131/7 688/1192/7
f 717/1221/7 718/1222/7 719/1223/7
f 720/1224/7 718/1222/7 717/1221/7
f 721/1225/7 717/1221/7 719/1223/7
f 722/1226/7 717/1221/7 721/1225/7
f 723/1227/7 721/1225/7 719/1223/7
f 723/1228/7 722/1229/7 721/1230/7
f 724/1231/7 722/1229/7 723/1228/7
f 725/1232/7 723/1227/7 719/1223/7
f 725/1232/7 724/1233/7 723/1227/7
f 726/1234/7 724/1233/7 725/1232/7
f 727/1235/7 725/1232/7 719/1223/7
f 727/1236/7 726/1237/7 725/1238/7
f 728/1239/7 726/1237/7 727/1236/7
f 729/1240/7 727/1235/7 719/1223/7
f 729/1240/7 728/1241/7 727/1235/7
f 730/1242/7 728/1241/7 729/1240/7
f 731/1243/7 729/1240/7 719/1223/7
f 731/1244/7 730/1245/7 729/1246/7
f 732/1247/7 730/1245/7 731/1244/7
f 733/1248/7 731/1243/7 719/1223/7
f 733/1248/7 732/1249/7 731/1243/7
f 734/1250/7 732/1249/7 733/1248/7
f 735/1251/7 733/1248/7 719/1223/7
f 735/1252/7 734/1253/7 733/1254/7
f 736/1255/7 734/1253/7 735/1252/7
f 737/1256/7 735/1251/7 719/1223/7
f 737/1256/7 736/1257/7 735/1251/7
f 738/1258/7 736/1257/7 737/1256/7
f 739/1259/7 737/1256/7 719/1223/7
f 739/1260/7 738/1261/7 737/1262/7
f 740/1263/7 738/1261/7 739/1260/7
f 741/1264/7 739/1259/7 719/1223/7
f 741/1264/7 740/1265/7 739/1259/7
f 742/1266/7 740/1265/7 741/1264/7
f 743/1267/7 741/1264/7 719/1223/7
f 743/1268/7 742/1269/7 741/1270/7
f 744/1271/7 742/1269/7 743/1268/7
f 745/1272/7 743/1267/7 719/1223/7
f 745/1272/7 744/1273/7 743/1267/7
f 746/1274/7 744/1273/7 745/1272/7
f 747/1275/7 745/1272/7 719/1223/7
f 747/1276/7 746/1277/7 745/1278/7
f 748/1279/7 746/1277/7 747/1276/7
f 749/1280/7 747/1275/7 719/1223/7
f 749/1280/7 748/1281/7 747/1275/7
f 750/1282/7 748/1281/7 749/1280/7
f 751/1283/7 749/1280/7 719/1223/7
f 751/1284/7 750/1285/7 749/1286/7
f 752/1287/7 750/1285/7 751/1284/7
f 753/1288/7 751/1283/7 719/1223/7
f 753/1288/7 752/1289/7 751/1283/7
f 754/1290/7 752/1289/7 753/1288/7
f 755/1291/7 753/1288/7 719/1223/7
f 755/1292/7 754/1293/7 753/1294/7
f 756/1295/7 754/1293/7 755/1292/7
f 757/1296/7 755/1291/7 719/1223/7
f 757/1296/7 756/1297/7 755/1291/7
f 758/1298/7 756/1297/7 757/1296/7
f 759/1299/7 757/1296/7 719/1223/7
f 759/1300/7 758/1301/7 757/1302/7
f 760/1303/7 758/1301/7 759/1300/7
f 761/1304/7 759/1299/7 719/1223/7
f 761/1304/7 760/1305/7 759/1299/7
f 762/1306/7 760/1305/7 761/1304/7
f 763/1307/7 761/1304/7 719/1223/7
f 763/1308/7 762/1309/7 761/1310/7
f 764/1311/7 762/1309/7 763/1308/7
f 765/1312/7 763/1307/7 719/1223/7
f 765/1312/7 764/1313/7 763/1307/7
f 766/1314/7 764/1313/7 765/1312/7
f 767/1315/7 765/1312/7 719/1223/7
f 767/1316/7 766/1317/7 765/1318/7
f 768/1319/7 766/1317/7 767/1316/7
f 769/1320/7 767/1315/7 719/1223/7
f 769/1320/7 768/1321/7 767/1315/7
f 770/1322/7 768/1321/7 769/1320/7
f 771/1323/7 769/1320/7 719/1223/7
f 771/1324/7 770/1325/7 769/1326/7
f 772/1327/7 770/1325/7 771/1324/7
f 773/1328/7 771/1323/7 719/1223/7
f 773/1328/7 772/1329/7 771/1323/7
f 774/1330/7 772/1329/7 773/1328/7
f 775/1331/7 773/1328/7 719/1223/7
f 775/1332/7 774/1333/7 773/1334/7
f 776/1335/7 774/1333/7 775/1332/7
f 777/1336/7 775/1331/7 719/1223/7
f 777/1336/7 776/1337/7 775/1331/7
f 778/1338/7 776/1337/7 777/1336/7
f 779/1339/7 777/1336/7 719/1223/7
f 779/1340/7 778/1341/7 777/1342/7
f 780/1343/7 778/1341/7 779/1340/7
f 781/1344/7 779/1339/7 719/1223/7
f 781/1344/7 780/1345/7 779/1339/7
f 782/1346/7 780/1345/7 781/1344/7
f 783/1347/7 781/1344/7 719/1223/7
f 783/1348/7 782/1349/7 781/1350/7
f 784/1351/7 782/1349/7 783/1348/7
f 785/1352/7 783/1347/7 719/1223/7
f 785/1352/7 784/1353/7 783/1347/7
f 786/1354/7 784/1353/7 785/1352/7
f 787/1355/7 785/1352/7 719/1223/7
f 787/1356/7 786/1357/7 785/1358/7
f 788/1359/7 786/1357/7 787/1356/7
f 789/1360/7 787/1355/7 719/1223/7
f 789/1360/7 788/1361/7 787/1355/7
f 790/1362/7 788/1361/7 789/1360/7
f 791/1363/7 789/1360/7 719/1223/7
f 791/1364/7 790/1365/7 789/1366/7
f 792/1367/7 790/1365/7 791/1364/7
f 793/1368/7 791/1363/7 719/1223/7
f 793/1368/7 792/1369/7 791/1363/7
f 794/1370/7 792/1369/7 793/1368/7
f 795/1371/7 793/1368/7 719/1223/7
f 795/1372/7 794/1373/7 793/1374/7
f 796/1375/7 794/1373/7 795/1372/7
f 797/1376/7 795/1371/7 719/1223/7
f 797/1376/7 796/1377/7 795/1371/7
f 798/1378/7 796/1377/7 797/1376/7
f 799/1379/7 797/1376/7 719/1223/7
f 799/1380/7 798/1381/7 797/1382/7
f 800/1383/7 798/1381/7 799/1380/7
f 801/1384/7 799/1379/7 719/1223/7
f 801/1384/7 800/1385/7 799/1379/7
f 802/1386/7 800/1385/7 801/1384/7
f 803/1387/7 801/1384/7 719/1223/7
f 803/1388/7 802/1389/7 801/1390/7
f 804/1391/7 802/1389/7 803/1388/7
f 805/1392/7 803/1387/7 719/1223/7
f 805/1392/7 804/1393/7 803/1387/7
f 806/1394/7 804/1393/7 805/1392/7
f 807/1395/7 805/1392/7 719/1223/7
f 807/1396/7 806/1397/7 805/1398/7
f 808/1399/7 806/1397/7 807/1396/7
f 809/1400/7 807/1395/7 719/1223/7
f 809/1400/7 808/1401/7 807/1395/7
f 810/1402/7 808/1401/7 809/1400/7
f 811/1403/7 809/1400/7 719/1223/7
f 811/1404/7 810/1405/7 809/1406/7
f 812/1407/7 810/1405/7 811/1404/7
f 813/1408/7 811/1403/7 719/1223/7
f 813/1408/7 812/1409/7 811/1403/7
f 814/1410/7 812/1409/7 813/1408/7
f 815/1411/7 813/1408/7 719/1223/7
f 815/1412/7 814/1413/7 813/1414/7
f 816/1415/7 814/1413/7 815/1412/7
f 817/1416/7 815/1411/7 719/1223/7
f 817/1416/7 816/1417/7 815/1411/7
f 818/1418/7 816/1417/7 817/1416/7
f 819/1419/7 817/1416/7 719/1223/7
f 819/1420/7 818/1421/7 817/1422/7
f 820/1423/7 818/1421/7 819/1420/7
f 821/1424/7 819/1419/7 719/1223/7
f 821/1424/7 820/1425/7 819/1419/7
f 822/1426/7 820/1425/7 821/1424/7
f 823/1427/7 821/1424/7 719/1223/7
f 823/1428/7 822/1429/7 821/1430/7
f 824/1431/7 822/1429/7 823/1428/7
f 825/1432/7 823/1427/7 719/1223/7
f 825/1432/7 824/1433/7 823/1427/7
f 826/1434/7 824/1433/7 825/1432/7
f 827/1435/7 825/1432/7 719/1223/7
f 827/1436/7 826/1437/7 825/1438/7
f 828/1439/7 826/1437/7 827/1436/7
f 829/1440/7 827/1435/7 719/1223/7
f 829/1440/7 828/1441/7 827/1435/7
f 830/1442/7 828/1441/7 829/1440/7
f 831/1443/7 829/1440/7 719/1223/7
f 831/1444/7 830/1445/7 829/1446/7
f 832/1447/7 830/1445/7 831/1444/7
f 833/1448/7 831/1443/7 719/1223/7
f 833/1448/7 832/1449/7 831/1443/7
f 834/1450/7 832/1449/7 833/1448/7
f 835/1451/7 833/1448/7 719/1223/7
f 835/1452/7 834/1453/7 833/1454/7
f 836/1455/7 834/1453/7 835/1452/7
f 837/1456/7 835/1451/7 719/1223/7
f 837/1456/7 836/1457/7 835/1451/7
f 838/1458/7 836/1457/7 837/1456/7
f 839/1459/7 837/1456/7 719/1223/7
f 839/1460/7 838/1461/7 837/1462/7
f 840/1463/7 838/1461/7 839/1460/7
f 841/1464/7 839/1459/7 719/1223/7
f 841/1464/7 840/1465/7 839/1459/7
f 842/1466/7 840/1465/7 841/1464/7
f 843/1467/7 841/1464/7 719/1223/7
f 843/1468/7 842/1469/7 841/1470/7
f 844/1471/7 842/1469/7 843/1468/7
f 845/1472/7 843/1467/7 719/1223/7
f 845/1472/7 844/1473/7 843/1467/7
f 846/1474/7 844/1473/7 845/1472/7
f 847/1475/7 845/1472/7 719/1223/7
f 847/1476/7 846/1477/7 845/1478/7
f 848/1479/7 846/1477/7 847/1476/7
f 849/1480/7 847/1475/7 719/1223/7
f 849/1480/7 848/1481/7 847/1475/7
f 850/1482/7 848/1481/7 849/1480/7
f 851/1483/7 849/1480/7 719/1223/7
f 851/1484/7 850/1485/7 849/1486/7
f 852/1487/7 850/1485/7 851/1484/7
f 853/1488/7 851/1483/7 719/1223/7
f 853/1488/7 852/1489/7 851/1483/7
f 854/1490/7 852/1489/7 853/1488/7
f 855/1491/7 853/1488/7 719/1223/7
f 855/1492/7 854/1493/7 853/1494/7
f 856/1495/7 854/1493/7 855/1492/7
f 857/1496/7 855/1491/7 719/1223/7
f 857/1496/7 856/1497/7 855/1491/7
f 858/1498/7 856/1497/7 857/1496/7
f 859/1499/7 857/1496/7 719/1223/7
f 859/1500/7 858/1501/7 857/1502/7
f 860/1503/7 858/1501/7 859/1500/7
f 861/1504/7 859/1499/7 719/1223/7
f 861/1504/7 860/1505/7 859/1499/7
f 862/1506/7 860/1505/7 861/1504/7
f 863/1507/7 861/1504/7 719/1223/7
f 863/1508/7 862/1509/7 861/1510/7
f 864/1511/7 862/1509/7 863/1508/7
f 865/1512/7 863/1507/7 719/1223/7
f 865/1512/7 864/1513/7 863/1507/7
f 866/1514/7 864/1513/7 865/1512/7
f 867/1515/7 865/1512/7 719/1223/7
f 867/1516/7 866/1517/7 865/1518/7
f 868/1519/7 866/1517/7 867/1516/7
f 869/1520/7 867/1515/7 719/1223/7
f 869/1520/7 868/1521/7 867/1515/7
f 870/1522/7 868/1521/7 869/1520/7
f 871/1523/7 869/1520/7 719/1223/7
f 871/1524/7 870/1525/7 869/1526/7
f 872/1527/7 870/1525/7 871/1524/7
f 873/1528/7 871/1523/7 719/1223/7
f 873/1528/7 872/1529/7 871/1523/7
f 874/1530/7 872/1529/7 873/1528/7
f 875/1531/7 873/1528/7 719/1223/7
f 875/1532/7 874/1533/7 873/1534/7
f 876/1535/7 874/1533/7 875/1532/7
f 877/1536/7 875/1531/7 719/1223/7
f 877/1536/7 876/1537/7 875/1531/7
f 878/1538/7 876/1537/7 877/1536/7
f 879/1539/7 877/1536/7 719/1223/7
f 879/1540/7 878/1541/7 877/1542/7
f 880/1543/7 878/1541/7 879/1540/7
f 881/1544/7 879/1539/7 719/1223/7
f 881/1544/7 880/1545/7 879/1539/7
f 882/1546/7 880/1545/7 881/1544/7
f 883/1547/7 881/1544/7 719/1223/7
f 883/1548/7 882/1549/7 881/1550/7
f 884/1551/7 882/1549/7 883/1548/7
f 885/1552/7 883/1547/7 719/1223/7
f 885/1552/7 884/1553/7 883/1547/7
f 886/1554/7 884/1553/7 885/1552/7
f 887/1555/7 885/1552/7 719/1223/7
f 887/1556/7 886/1557/7 885/1558/7
f 888/1559/7 886/1557/7 887/1556/7
f 889/1560/7 887/1555/7 719/1223/7
f 889/1560/7 888/1561/7 887/1555/7
f 890/1562/7 888/1561/7 889/1560/7
f 891/1563/7 889/1560/7 719/1223/7
f 891/1564/7 890/1565/7 889/1566/7
f 892/1567/7 890/1565/7 891/1564/7
f 893/1568/7 891/1563/7 719/1223/7
f 893/1568/7 892/1569/7 891/1563/7
f 894/1570/7 892/1569/7 893/1568/7
f 895/1571/7 893/1568/7 719/1223/7
f 895/1572/7 894/1573/7 893/1574/7
f 896/1575/7 894/1573/7 895/1572/7
f 897/1576/7 895/1571/7 719/1223/7
f 897/1576/7 896/1577/7 895/1571/7
f 898/1578/7 896/1577/7 897/1576/7
f 899/1579/7 897/1576/7 719/1223/7
f 899/1580/7 898/1581/7 897/1582/7
f 900/1583/7 898/1581/7 899/1580/7
f 901/1584/7 899/1579/7 719/1223/7
f 901/1584/7 900/1585/7 899/1579/7
f 902/1586/7 900/1585/7 901/1584/7
f 903/1587/7 901/1584/7 719/1223/7
f 903/1588/7 902/1589/7 901/1590/7
f 904/1591/7 902/1589/7 903/1588/7
f 905/1592/7 903/1587/7 719/1223/7
f 905/1592/7 904/1593/7 903/1587/7
f 906/1594/7 904/1593/7 905/1592/7
f 907/1595/7 905/1592/7 719/1223/7
f 907/1596/7 906/1597/7 905/1598/7
f 908/1599/7 906/1597/7 907/1596/7
f 909/1600/7 907/1595/7 719/1223/7
f 909/1600/7 908/1601/7 907/1595/7
f 910/1602/7 908/1601/7 909/1600/7
f 911/1603/7 909/1600/7 719/1223/7
f 911/1604/7 910/1605/7 909/1606/7
f 912/1607/7 910/1605/7 911/1604/7
f 913/1608/7 911/1603/7 719/1223/7
f 913/1608/7 912/1609/7 911/1603/7
f 914/1610/7 912/1609/7 913/1608/7
f 915/1611/7 913/1608/7 719/1223/7
f 915/1612/7 914/1613/7 913/1614/7
f 916/1615/7 914/1613/7 915/1612/7
f 917/1616/7 915/1611/7 719/1223/7
f 917/1616/7 916/1617/7 915/1611/7
f 918/1618/7 916/1617/7 917/1616/7
f 919/1619/7 917/1616/7 719/1223/7
f 919/1620/7 918/1621/7 917/1622/7
f 920/1623/7 918/1621/7 919/1620/7
f 921/1624/7 919/1619/7 719/1223/7
f 921/1624/7 920/1625/7 919/1619/7
f 922/1626/7 920/1625/7 921/1624/7
f 923/1627/7 921/1624/7 719/1223/7
f 923/1628/7 922/1629/7 921/1630/7
f 924/1631/7 922/1629/7 923/1628/7
f 925/1632/7 923/1627/7 719/1223/7
f 925/1632/7 924/1633/7 923/1627/7
f 926/1634/7 924/1633/7 925/1632/7
f 927/1635/7 925/1632/7 719/1223/7
f 927/1636/7 926/1637/7 925/1638/7
f 928/1639/7 926/1637/7 927/1636/7
f 929/1640/7 927/1635/7 719/1223/7
f 929/1640/7 928/1641/7 927/1635/7
f 930/1642/7 928/1641/7 929/1640/7
f 931/1643/7 929/1640/7 719/1223/7
f 931/1644/7 930/1645/7 929/1646/7
f 932/1647/7 930/1645/7 931/1644/7
f 933/1648/7 931/1643/7 719/1223/7
f 933/1648/7 932/1649/7 931/1643/7
f 934/1650/7 932/1649/7 933/1648/7
f 935/1651/7 933/1648/7 719/1223/7
f 935/1652/7 934/1653/7 933/1654/7
f 936/1655/7 934/1653/7 935/1652/7
f 937/1656/7 935/1651/7 719/1223/7
f 937/1656/7 936/1657/7 935/1651/7
f 938/1658/7 936/1657/7 937/1656/7
f 939/1659/7 937/1656/7 719/1223/7
f 939/1660/7 938/1661/7 937/1662/7
f 940/1663/7 938/1661/7 939/1660/7
f 941/1664/7 942/1665/7 943/1666/7
f 944/1667/7 942/1665/7 941/1664/7
f 945/1668/7 939/1659/7 719/1223/7
f 945/1668/7 940/1669/7 939/1659/7
f 946/1670/7 940/1669/7 945/1668/7
f 947/1671/7 948/1672/7 949/1673/7
f 950/1674/7 948/1672/7 947/1671/7
f 951/1675/7 950/1676/7 947/1677/7
f 952/1678/7 950/1676/7 951/1675/7
f 953/1679/7 952/1680/7 951/1681/7
f 954/1682/7 952/1680/7 953/1679/7
f 955/1683/7 954/1684/7 953/1685/7
f 956/1686/7 954/1684/7 955/1683/7
f 957/1687/7 956/1688/7 955/1689/7
f 958/1690/7 956/1688/7 957/1687/7
f 959/1691/7 958/1692/7 957/1693/7
f 960/1694/7 958/1692/7 959/1691/7
f 961/1695/7 960/1696/7 959/1697/7
f 962/1698/7 960/1696/7 961/1695/7
f 963/1699/7 962/1700/7 961/1701/7
f 964/1702/7 962/1700/7 963/1699/7
f 965/1703/7 964/1704/7 963/1705/7
f 966/1706/7 964/1704/7 965/1703/7
f 967/1707/7 966/1708/7 965/1709/7
f 968/1710/7 966/1708/7 967/1707/7
f 969/1711/7 968/1712/7 967/1713/7
f 970/1714/7 968/1712/7 969/1711/7
f 971/1715/7 970/1716/7 969/1717/7
f 972/1718/7 970/1716/7 971/1715/7
f 973/1719/7 972/1720/7 971/1721/7
f 974/1722/7 972/1720/7 973/1719/7
f 975/1723/7 974/1724/7 973/1725/7
f 976/1726/7 974/1724/7 975/1723/7
f 977/1727/7 976/1728/7 975/1729/7
f 978/1730/7 976/1728/7 977/1727/7
f 979/1731/7 978/1732/7 977/1733/7
f 980/1734/7 978/1732/7 979/1731/7
f 981/1735/7 980/1736/7 979/1737/7
f 982/1738/7 980/1736/7 981/1735/7
f 983/1739/7 982/1740/7 981/1741/7
f 984/1742/7 982/1740/7 983/1739/7
f 985/1743/7 984/1744/7 983/1745/7
f 986/1746/7 984/1744/7 985/1743/7
f 987/1747/7 986/1748/7 985/1749/7
f 988/1750/7 986/1748/7 987/1747/7
f 989/1751/7 988/1752/7 987/1753/7
f 990/1754/7 988/1752/7 989/1751/7
f 991/1755/7 990/1756/7 989/1757/7
f 992/1758/7 990/1756/7 991/1755/7
f 993/1759/7 992/1760/7 991/1761/7
f 994/1762/7 992/1760/7 993/1759/7
f 995/1763/7 994/1764/7 993/1765/7
f 996/1766/7 994/1764/7 995/1763/7
f 997/1767/7 996/1768/7 995/1769/7
f 998/1770/7 996/1768/7 997/1767/7
f 999/1771/7 998/1772/7 997/1773/7
f 1000/1774/7 998/1772/7 999/1771/7
f 1001/1775/7 1000/1776/7 999/1777/7
f 1002/1778/7 1000/1776/7 1001/1775/7
f 1003/1779/7 1002/1780/7 1001/1781/7
f 1004/1782/7 1002/1780/7 1003/1779/7
f 1005/1783/7 1004/1784/7 1003/1785/7
f 1006/1786/7 1004/1784/7 1005/1783/7
f 1007/1787/7 1006/1788/7 1005/1789/7
f 1008/1790/7 1006/1788/7 1007/1787/7
f 1009/1791/7 1008/1792/7 1007/1793/7
f 1010/1794/7 1008/1792/7 1009/1791/7
f 1011/1795/7 1010/1796/7 1009/1797/7
f 1012/1798/7 1010/1796/7 1011/1795/7
f 1013/1799/7 1012/1800/7 1011/1801/7
f 1014/1802/7 1012/1800/7 1013/1799/7
f 1015/1803/7 1014/1804/7 1013/1805/7
f 1016/1806/7 1014/1804/7 1015/1803/7
f 1017/1807/7 1016/1808/7 1015/1809/7
f 1018/1810/7 1016/1808/7 1017/1807/7
f 1019/1811/7 1018/1812/7 1017/1813/7
f 1020/1814/7 1018/1812/7 1019/1811/7
f 1021/1815/7 1020/1816/7 1019/1817/7
f 1022/1818/7 1020/1816/7 1021/1815/7
f 1023/1819/7 1022/1820/7 1021/1821/7
f 1024/1822/7 1022/1820/7 1023/1819/7
f 1025/1823/7 1024/1824/7 1023/1825/7
f 1026/1826/7 1024/1824/7 1025/1823/7
f 1027/1827/7 1026/1828/7 1025/1829/7
f 1028/1830/7 1026/1828/7 1027/1827/7
f 1029/1831/7 1028/1832/7 1027/1833/7
f 1030/1834/7 1028/1832/7 1029/1831/7
f 1031/1835/7 1030/1836/7 1029/1837/7
f 1032/1838/7 1030/1836/7 1031/1835/7
f 1033/1839/7 1032/1840/7 1031/1841/7
f 1034/1842/7 1032/1840/7 1033/1839/7
f 1035/1843/7 1034/1844/7 1033/1845/7
f 1036/1846/7 1034/1844/7 1035/1843/7
f 1037/1847/7 1036/1848/7 1035/1849/7
f 1038/1850/7 1036/1848/7 1037/1847/7
f 1039/1851/7 1038/1852/7 1037/1853/7
f 1040/1854/7 1038/1852/7 1039/1851/7
f 1041/1855/7 1040/1856/7 1039/1857/7
f 1042/1858/7 1040/1856/7 1041/1855/7
f 1043/1859/7 1042/1860/7 1041/1861/7
f 1044/1862/7 1042/1860/7 1043/1859/7
f 1045/1863/7 1044/1864/7 1043/1865/7
f 1046/1866/7 1044/1864/7 1045/1863/7
f 1047/1867/7 1046/1868/7 1045/1869/7
f 1048/1870/7 1046/1868/7 1047/1867/7
f 1049/1871/7 1048/1872/7 1047/1873/7
f 1050/1874/7 1048/1872/7 1049/1871/7
f 1051/1875/7 1050/1876/7 1049/1877/7
f 1052/1878/7 1050/1876/7 1051/1875/7
f 1053/1879/7 1052/1880/7 1051/1881/7
f 1054/1882/7 1052/1880/7 1053/1879/7
f 1055/1883/7 1054/1884/7 1053/1885/7
f 1056/1886/7 1054/1884/7 1055/1883/7
f 1057/1887/7 1056/1888/7 1055/1889/7
f 1058/1890/7 1056/1888/7 1057/1887/7
f 1059/1891/7 1058/1892/7 1057/1893/7
f 1060/1894/7 1058/1892/7 1059/1891/7
f 1061/1895/7 1060/1896/7 1059/1897/7
f 1062/1898/7 1060/1896/7 1061/1895/7
f 1063/1899/7 1062/1900/7 1061/1901/7
f 1064/1902/7 1062/1900/7 1063/1899/7
f 1065/1903/7 1064/1904/7 1063/1905/7
f 1066/1906/7 1064/1904/7 1065/1903/7
f 1067/1907/7 1066/1908/7 1065/1909/7
f 1068/1910/7 1066/1908/7 1067/1907/7
f 1069/1911/7 1068/1912/7 1067/1913/7
f 1070/1914/7 1068/1912/7 1069/1911/7
f 1071/1915/7 1070/1916/7 1069/1917/7
f 1072/1918/7 1070/1916/7 1071/1915/7
f 1073/1919/7 1072/1920/7 1071/1921/7
f 1074/1922/7 1072/1920/7 1073/1919/7
f 1075/1923/7 1074/1924/7 1073/1925/7
f 1076/1926/7 1074/1924/7 1075/1923/7
f 1077/1927/7 1076/1928/7 1075/1929/7
f 1078/1930/7 1076/1928/7 1077/1927/7
f 1079/1931/7 1078/1932/7 1077/1933/7
f 1080/1934/7 1078/1932/7 1079/1931/7
f 1081/1935/7 1080/1936/7 1079/1937/7
f 1082/1938/7 1080/1936/7 1081/1935/7
f 1083/1939/7 1082/1940/7 1081/1941/7
f 1084/1942/7 1082/1940/7 1083/1939/7
f 1085/1943/7 1084/1944/7 1083/1945/7
f 1086/1946/7 1084/1944/7 1085/1943/7
f 1087/1947/7 1086/1948/7 1085/1949/7
f 1088/1950/7 1086/1948/7 1087/1947/7
f 1089/1951/7 1088/1952/7 1087/1953/7
f 1090/1954/7 1088/1952/7 1089/1951/7
f 1091/1955/7 1090/1956/7 1089/1957/7
f 1092/1958/7 1090/1956/7 1091/1955/7
f 1093/1959/7 1092/1960/7 1091/1961/7
f 1094/1962/7 1092/1960/7 1093/1959/7
f 1095/1963/7 1094/1964/7 1093/1965/7
f 1096/1966/7 1094/1964/7 1095/1963/7
f 1097/1967/7 1096/1968/7 1095/1969/7
f 1098/1970/7 1096/1968/7 1097/1967/7
f 1099/1971/7 1098/1972/7 1097/1973/7
f 1100/1974/7 1098/1972/7 1099/1971/7
f 1101/1975/7 1100/1976/7 1099/1977/7
f 1102/1978/7 1100/1976/7 1101/1975/7
f 1103/1979/7 1102/1980/7 1101/1981/7
f 1104/1982/7 1102/1980/7 1103/1979/7
f 1105/1983/7 1104/1984/7 1103/1985/7
f 1106/1986/7 1104/1984/7 1105/1983/7
f 1107/1987/7 1106/1988/7 1105/1989/7
f 1108/1990/7 1106/1988/7 1107/1987/7
f 1109/1991/7 1108/1992/7 1107/1993/7
f 1110/1994/7 1108/1992/7 1109/1991/7
f 1111/1995/7 1110/1996/7 1109/1997/7
f 1112/1998/7 1110/1996/7 1111/1995/7
f 1113/1999/7 1112/2000/7 1111/2001/7
f 1114/2002/7 1112/2000/7 1113/1999/7
f 1115/2003/7 1114/2004/7 1113/2005/7
f 1116/2006/7 1114/2004/7 1115/2003/7
f 1117/2007/7 1116/2008/7 1115/2009/7
f 1118/2010/7 1116/2008/7 1117/2007/7
f 1119/2011/7 1118/2012/7 1117/2013/7
f 1120/2014/7 1118/2012/7 1119/2011/7
f 1121/2015/7 1120/2016/7 1119/2017/7
f 1122/2018/7 1120/2016/7 1121/2015/7
f 1123/2019/7 1122/2020/7 1121/2021/7
f 1124/2022/7 1122/2020/7 1123/2019/7
f 1125/2023/7 1124/2024/7 1123/2025/7
f 1126/2026/7 1124/2024/7 1125/2023/7
f 1127/2027/7 1126/2028/7 1125/2029/7
f 1128/2030/7 1126/2028/7 1127/2027/7
f 1129/2031/7 1128/2032/7 1127/2033/7
f 1130/2034/7 1128/2032/7 1129/2031/7
f 1131/2035/7 1130/2036/7 1129/2037/7
f 1132/2038/7 1130/2036/7 1131/2035/7
f 1133/2039/7 1132/2040/7 1131/2041/7
f 1134/2042/7 1132/2040/7 1133/2039/7
f 1135/2043/7 1134/2044/7 1133/2045/7
f 1136/2046/7 1134/2044/7 1135/2043/7
f 1137/2047/7 1136/2048/7 1135/2049/7
f 1138/2050/7 1136/2048/7 1137/2047/7
f 1139/2051/7 1138/2052/7 1137/2053/7
f 1140/2054/7 1138/2052/7 1139/2051/7
f 1141/2055/7 1140/2056/7 1139/2057/7
f 1142/2058/7 1140/2056/7 1141/2055/7
f 1143/2059/7 1142/2060/7 1141/2061/7
f 1144/2062/7 1142/2060/7 1143/2059/7
f 1145/2063/7 1144/2064/7 1143/2065/7
f 1146/2066/7 1144/2064/7 1145/2063/7
f 1147/2067/7 1146/2068/7 1145/2069/7
f 1148/2070/7 1146/2068/7 1147/2067/7
f 1149/2071/7 1148/2072/7 1147/2073/7
f 1150/2074/7 1148/2072/7 1149/2071/7
f 1151/2075/7 1150/2076/7 1149/2077/7
f 1152/2078/7 1150/2076/7 1151/2075/7
f 1153/2079/7 1152/2080/7 1151/2081/7
f 1154/2082/7 1152/2080/7 1153/2079/7
f 1155/2083/7 1154/2084/7 1153/2085/7
f 1156/2086/7 1154/2084/7 1155/2083/7
f 1157/2087/7 1156/2088/7 1155/2089/7
f 1158/2090/7 1156/2088/7 1157/2087/7
f 1159/2091/7 1158/2092/7 1157/2093/7
f 1160/2094/7 1158/2092/7 1159/2091/7
f 1161/2095/7 1160/2096/7 1159/2097/7
f 1162/2098/7 1160/2096/7 1161/2095/7
f 1163/2099/7 1162/2100/7 1161/2101/7
f 1164/2102/7 1162/2100/7 1163/2099/7
f 1165/2103/7 1164/2104/7 1163/2105/7
f 1166/2106/7 1164/2104/7 1165/2103/7
f 1167/2107/7 1166/2108/7 1165/2109/7
f 1168/2110/7 1166/2108/7 1167/2107/7
f 1169/2111/7 1168/2112/7 1167/2113/7
f 1170/2114/7 1168/2112/7 1169/2111/7
f 1171/2115/7 1172/2116/7 1173/2117/7
f 1174/2118/7 1172/2116/7 1171/2115/7
f 1175/2119/7 1176/2120/7 1177/2121/7
f 1178/2122/7 1179/2123/7 1176/2124/7
f 1178/2125/7 1176/2120/7 1175/2119/7
f 1180/2126/7 1181/2127/7 1179/2128/7
f 1180/2129/7 1179/2123/7 1178/2122/7
f 1182/2130/7 1181/2127/7 1180/2126/7
f 1183/2131/7 1184/2132/7 1185/2133/7
f 1186/2134/7 1184/2132/7 1183/2131/7
f 1187/2135/7 1188/2136/7 1189/2137/7
f 1190/2138/7 1188/2136/7 1187/2135/7
f 1191/2139/7 1192/2140/7 1193/2141/7
f 1194/2142/7 1192/2140/7 1191/2139/7
f 1195/2143/7 1196/2144/7 1197/2145/7
f 1198/2146/7 1196/2144/7 1195/2143/7
f 1199/2147/7 1200/2148/7 1201/2149/7
f 1202/2150/7 1200/2148/7 1199/2147/7
f 1203/2151/7 1204/2152/7 1205/2153/7
f 1206/2154/7 1204/2152/7 1203/2151/7
f 1207/2155/7 1208/2156/7 1209/2157/7
f 1210/2158/7 1208/2156/7 1207/2155/7
f 1211/2159/7 1212/2160/7 1213/2161/7
f 1214/2162/7 1212/2160/7 1211/2159/7
f 1215/2163/8 1216/2164/8 1217/2165/8
f 1217/2165/8 1216/2164/8 1218/2166/8
f 1219/2167/8 1220/2168/8 1221/2169/8
f 1221/2169/8 1220/2168/8 1222/2170/8
f 1223/2171/8 1224/2172/8 1225/2173/8
f 1225/2173/8 1224/2172/8 1226/2174/8
f 1191/2139/8 1194/2142/8 1227/2175/8
f 1227/2175/8 1194/2142/8 1228/2176/8
f 1229/2177/8 1230/2178/8 1201/2149/8
f 1201/2149/8 1230/2178/8 1200/2148/8
f 1231/2179/8 1232/2180/8 1233/2181/8
f 1233/2181/8 1232/2180/8 1234/2182/8
f 1235/2183/8 1236/2184/8 1237/2185/8
f 1237/2185/8 1236/2184/8 1238/2186/8
f 1239/2187/8 1240/2188/8 1241/2189/8
f 1241/2189/8 1240/2188/8 1242/2190/8
f 1243/2191/8 1244/2192/8 1245/2193/8
f 1244/2194/8 1246/2195/8 1247/2196/8
f 1245/2193/8 1244/2192/8 1247/2197/8
f 1246/2198/8 1248/2199/8 1249/2200/8
f 1247/2196/8 1246/2195/8 1249/2201/8
f 1249/2200/8 1248/2199/8 1250/2202/8
f 1251/2203/8 1252/2204/8 1253/2205/8
f 1253/2205/8 1252/2204/8 1254/2206/8
f 1253/2207/8 1254/2208/8 1255/2209/8
f 1255/2209/8 1254/2208/8 1256/2210/8
f 1255/2211/8 1256/2212/8 1257/2213/8
f 1257/2213/8 1256/2212/8 1258/2214/8
f 1257/2215/8 1258/2216/8 1259/2217/8
f 1259/2217/8 1258/2216/8 1260/2218/8
f 1259/2219/8 1260/2220/8 1261/2221/8
f 1261/2221/8 1260/2220/8 1262/2222/8
f 1261/2223/8 1262/2224/8 1263/2225/8
f 1263/2225/8 1262/2224/8 1264/2226/8
f 1263/2227/8 1264/2228/8 1265/2229/8
f 1265/2229/8 1264/2228/8 1266/2230/8
f 1265/2231/8 1266/2232/8 1267/2233/8
f 1267/2233/8 1266/2232/8 1268/2234/8
f 1267/2235/8 1268/2236/8 1269/2237/8
f 1269/2237/8 1268/2236/8 1270/2238/8
f 1269/2239/8 1270/2240/8 1271/2241/8
f 1271/2241/8 1270/2240/8 1272/2242/8
f 1271/2243/8 1272/2244/8 1273/2245/8
f 1273/2245/8 1272/2244/8 1274/2246/8
f 1273/2247/8 1274/2248/8 1275/2249/8
f 1275/2249/8 1274/2248/8 1276/2250/8
f 1275/2251/8 1276/2252/8 1277/2253/8
f 1277/2253/8 1276/2252/8 1278/2254/8
f 1277/2255/8 1278/2256/8 1279/2257/8
f 1279/2257/8 1278/2256/8 1280/2258/8
f 1279/2259/8 1280/2260/8 1281/2261/8
f 1281/2261/8 1280/2260/8 1282/2262/8
f 1281/2263/8 1282/2264/8 1283/2265/8
f 1283/2265/8 1282/2264/8 1284/2266/8
f 1283/2267/8 1284/2268/8 1285/2269/8
f 1285/2269/8 1284/2268/8 1286/2270/8
f 1285/2271/8 1286/2272/8 1287/2273/8
f 1287/2273/8 1286/2272/8 1288/2274/8
f 1287/2275/8 1288/2276/8 1289/2277/8
f 1289/2277/8 1288/2276/8 1290/2278/8
f 1289/2279/8 1290/2280/8 1291/2281/8
f 1291/2281/8 1290/2280/8 1292/2282/8
f 1291/2283/8 1292/2284/8 1293/2285/8
f 1293/2285/8 1292/2284/8 1294/2286/8
f 1293/2287/8 1294/2288/8 1295/2289/8
f 1295/2289/8 1294/2288/8 1296/2290/8
f 1295/2291/8 1296/2292/8 1297/2293/8
f 1297/2293/8 1296/2292/8 1298/2294/8
f 1297/2295/8 1298/2296/8 1299/2297/8
f 1299/2297/8 1298/2296/8 1300/2298/8
f 1299/2299/8 1300/2300/8 1301/2301/8
f 1301/2301/8 1300/2300/8 1302/2302/8
f 1301/2303/8 1302/2304/8 1303/2305/8
f 1303/2305/8 1302/2304/8 1304/2306/8
f 1303/2307/8 1304/2308/8 1305/2309/8
f 1305/2309/8 1304/2308/8 1306/2310/8
f 1305/2311/8 1306/2312/8 1307/2313/8
f 1307/2313/8 1306/2312/8 1308/2314/8
f 1307/2315/8 1308/2316/8 1309/2317/8
f 1309/2317/8 1308/2316/8 1310/2318/8
f 1309/2319/8 1310/2320/8 1311/2321/8
f 1311/2321/8 1310/2320/8 1312/2322/8
f 1311/2323/8 1312/2324/8 1313/2325/8
f 1313/2325/8 1312/2324/8 1314/2326/8
f 1313/2327/8 1314/2328/8 1315/2329/8
f 1315/2329/8 1314/2328/8 1316/2330/8
f 1315/2331/8 1316/2332/8 1317/2333/8
f 1317/2333/8 1316/2332/8 1318/2334/8
f 1317/2335/8 1318/2336/8 1319/2337/8
f 1319/2337/8 1318/2336/8 1320/2338/8
f 1319/2339/8 1320/2340/8 1321/2341/8
f 1321/2341/8 1320/2340/8 1322/2342/8
f 1321/2343/8 1322/2344/8 1323/2345/8
f 1323/2345/8 1322/2344/8 1324/2346/8
f 1323/2347/8 1324/2348/8 1325/2349/8
f 1325/2349/8 1324/2348/8 1326/2350/8
f 1325/2351/8 1326/2352/8 1327/2353/8
f 1327/2353/8 1326/2352/8 1328/2354/8
f 1327/2355/8 1328/2356/8 1329/2357/8
f 1329/2357/8 1328/2356/8 1330/2358/8
f 1329/2359/8 1330/2360/8 1331/2361/8
f 1331/2361/8 1330/2360/8 1332/2362/8
f 1331/2363/8 1332/2364/8 1333/2365/8
f 1333/2365/8 1332/2364/8 1334/2366/8
f 1333/2367/8 1334/2368/8 1335/2369/8
f 1335/2369/8 1334/2368/8 1336/2370/8
f 1335/2371/8 1336/2372/8 1337/2373/8
f 1337/2373/8 1336/2372/8 1338/2374/8
f 1337/2375/8 1338/2376/8 1339/2377/8
f 1339/2377/8 1338/2376/8 1340/2378/8
f 1339/2379/8 1340/2380/8 1341/2381/8
f 1341/2381/8 1340/2380/8 1342/2382/8
f 1341/2383/8 1342/2384/8 1343/2385/8
f 1343/2385/8 1342/2384/8 1344/2386/8
f 1343/2387/8 1344/2388/8 1345/2389/8
f 1345/2389/8 1344/2388/8 1346/2390/8
f 1345/2391/8 1346/2392/8 1347/2393/8
f 1347/2393/8 1346/2392/8 1348/2394/8
f 1347/2395/8 1348/2396/8 1349/2397/8
f 1349/2397/8 1348/2396/8 1350/2398/8
f 1349/2399/8 1350/2400/8 1351/2401/8
f 1351/2401/8 1350/2400/8 1352/2402/8
f 1351/2403/8 1352/2404/8 1353/2405/8
f 1353/2405/8 1352/2404/8 1354/2406/8
f 1353/2407/8 1354/2408/8 1355/2409/8
f 1355/2409/8 1354/2408/8 1356/2410/8
f 1355/2411/8 1356/2412/8 1357/2413/8
f 1357/2413/8 1356/2412/8 1358/2414/8
f 1357/2415/8 1358/2416/8 1359/2417/8
f 1359/2417/8 1358/2416/8 1360/2418/8
f 1359/2419/8 1360/2420/8 1361/2421/8
f 1361/2421/8 1360/2420/8 1362/2422/8
f 1361/2423/8 1362/2424/8 1363/2425/8
f 1363/2425/8 1362/2424/8 1364/2426/8
f 1363/2427/8 1364/2428/8 1365/2429/8
f 1365/2429/8 1364/2428/8 1366/2430/8
f 1365/2431/8 1366/2432/8 1367/2433/8
f 1367/2433/8 1366/2432/8 1368/2434/8
f 1367/2435/8 1368/2436/8 1369/2437/8
f 1369/2437/8 1368/2436/8 1370/2438/8
f 1369/2439/8 1370/2440/8 1371/2441/8
f 1371/2441/8 1370/2440/8 1372/2442/8
f 1371/2443/8 1372/2444/8 1373/2445/8
f 1373/2445/8 1372/2444/8 1374/2446/8
f 1373/2447/8 1374/2448/8 1375/2449/8
f 1375/2449/8 1374/2448/8 1376/2450/8
f 1375/2451/8 1376/2452/8 1377/2453/8
f 1377/2453/8 1376/2452/8 1378/2454/8
f 1377/2455/8 1378/2456/8 1379/2457/8
f 1379/2457/8 1378/2456/8 1380/2458/8
f 1379/2459/8 1380/2460/8 1381/2461/8
f 1381/2461/8 1380/2460/8 1382/2462/8
f 1381/2463/8 1382/2464/8 1383/2465/8
f 1383/2465/8 1382/2464/8 1384/2466/8
f 1383/2467/8 1384/2468/8 1385/2469/8
f 1385/2469/8 1384/2468/8 1386/2470/8
f 1385/2471/8 1386/2472/8 1387/2473/8
f 1387/2473/8 1386/2472/8 1388/2474/8
f 1387/2475/8 1388/2476/8 1389/2477/8
f 1389/2477/8 1388/2476/8 1390/2478/8
f 1389/2479/8 1390/2480/8 1391/2481/8
f 1391/2481/8 1390/2480/8 1392/2482/8
f 1391/2483/8 1392/2484/8 1393/2485/8
f 1393/2485/8 1392/2484/8 1394/2486/8
f 1393/2487/8 1394/2488/8 1395/2489/8
f 1395/2489/8 1394/2488/8 1396/2490/8
f 1395/2491/8 1396/2492/8 1397/2493/8
f 1397/2493/8 1396/2492/8 1398/2494/8
f 1397/2495/8 1398/2496/8 1399/2497/8
f 1399/2497/8 1398/2496/8 1400/2498/8
f 1399/2499/8 1400/2500/8 1401/2501/8
f 1401/2501/8 1400/2500/8 1402/2502/8
f 1401/2503/8 1402/2504/8 1403/2505/8
f 1403/2505/8 1402/2504/8 1404/2506/8
f 1403/2507/8 1404/2508/8 1405/2509/8
f 1405/2509/8 1404/2508/8 1406/2510/8
f 1405/2511/8 1406/2512/8 1407/2513/8
f 1407/2513/8 1406/2512/8 1408/2514/8
f 1407/2515/8 1408/2516/8 1409/2517/8
f 1409/2517/8 1408/2516/8 1410/2518/8
f 1409/2519/8 1410/2520/8 1411/2521/8
f 1411/2521/8 1410/2520/8 1412/2522/8
f 1411/2523/8 1412/2524/8 1413/2525/8
f 1413/2525/8 1412/2524/8 1414/2526/8
f 1413/2527/8 1414/2528/8 1415/2529/8
f 1415/2529/8 1414/2528/8 1416/2530/8
f 1415/2531/8 1416/2532/8 1417/2533/8
f 1417/2533/8 1416/2532/8 1418/2534/8
f 1417/2535/8 1418/2536/8 1419/2537/8
f 1419/2537/8 1418/2536/8 1420/2538/8
f 1419/2539/8 1420/2540/8 1421/2541/8
f 1421/2541/8 1420/2540/8 1422/2542/8
f 1421/2543/8 1422/2544/8 1423/2545/8
f 1423/2545/8 1422/2544/8 1424/2546/8
f 1423/2547/8 1424/2548/8 1425/2549/8
f 1425/2549/8 1424/2548/8 1426/2550/8
f 1425/2551/8 1426/2552/8 1427/2553/8
f 1427/2553/8 1426/2552/8 1428/2554/8
f 1427/2555/8 1428/2556/8 1429/2557/8
f 1429/2557/8 1428/2556/8 1430/2558/8
f 1429/2559/8 1430/2560/8 1431/2561/8
f 1431/2561/8 1430/2560/8 1432/2562/8
f 1431/2563/8 1432/2564/8 1433/2565/8
f 1433/2565/8 1432/2564/8 1434/2566/8
f 1433/2567/8 1434/2568/8 1435/2569/8
f 1435/2569/8 1434/2568/8 1436/2570/8
f 1435/2571/8 1436/2572/8 1437/2573/8
f 1437/2573/8 1436/2572/8 1438/2574/8
f 1437/2575/8 1438/2576/8 1439/2577/8
f 1439/2577/8 1438/2576/8 1440/2578/8
f 1439/2579/8 1440/2580/8 1441/2581/8
f 1441/2581/8 1440/2580/8 1442/2582/8
f 1441/2583/8 1442/2584/8 1443/2585/8
f 1443/2585/8 1442/2584/8 1444/2586/8
f 1443/2587/8 1444/2588/8 1445/2589/8
f 1445/2589/8 1444/2588/8 1446/2590/8
f 1445/2591/8 1446/2592/8 1447/2593/8
f 1447/2593/8 1446/2592/8 1448/2594/8
f 1447/2595/8 1448/2596/8 1449/2597/8
f 1449/2597/8 1448/2596/8 1450/2598/8
f 1449/2599/8 1450/2600/8 1451/2601/8
f 1451/2601/8 1450/2600/8 1452/2602/8
f 1451/2603/8 1452/2604/8 1453/2605/8
f 1453/2605/8 1452/2604/8 1454/2606/8
f 1453/2607/8 1454/2608/8 1455/2609/8
f 1455/2609/8 1454/2608/8 1456/2610/8
f 1455/2611/8 1456/2612/8 1457/2613/8
f 1457/2613/8 1456/2612/8 1458/2614/8
f 1457/2615/8 1458/2616/8 1459/2617/8
f 1459/2617/8 1458/2616/8 1460/2618/8
f 1459/2619/8 1460/2620/8 1461/2621/8
f 1461/2621/8 1460/2620/8 1462/2622/8
f 1461/2623/8 1462/2624/8 1463/2625/8
f 1463/2625/8 1462/2624/8 1464/2626/8
f 1463/2627/8 1464/2628/8 1465/2629/8
f 1465/2629/8 1464/2628/8 1466/2630/8
f 1465/2631/8 1466/2632/8 1467/2633/8
f 1467/2633/8 1466/2632/8 1468/2634/8
f 1467/2635/8 1468/2636/8 1469/2637/8
f 1469/2637/8 1468/2636/8 1470/2638/8
f 1469/2639/8 1470/2640/8 1471/2641/8
f 1471/2641/8 1470/2640/8 1472/2642/8
f 1473/2643/8 1474/2644/8 1475/2645/8
f 1475/2645/8 1474/2644/8 1476/2646/8
f 1471/2647/8 1472/2648/8 1477/2649/8
f 1477/2649/8 1472/2648/8 1478/2650/8
f 1479/2651/8 1480/2652/8 1481/2653/8
f 1481/2653/8 1480/2652/8 1482/2654/8
f 1483/2655/8 1484/2656/8 1485/2657/8
f 1485/2657/8 1484/2656/8 1486/2658/8
f 1483/2655/8 1485/2657/8 1487/2659/8
f 1487/2659/8 1485/2657/8 1488/2660/8
f 1483/2655/8 1487/2659/8 1489/2661/8
f 1487/2662/8 1488/2663/8 1489/2664/8
f 1489/2664/8 1488/2663/8 1490/2665/8
f 1483/2655/8 1489/2661/8 1491/2666/8
f 1489/2661/8 1490/2667/8 1491/2666/8
f 1491/2666/8 1490/2667/8 1492/2668/8
f 1482/2654/8 1480/2652/8 1493/2669/8
f 1483/2655/8 1491/2666/8 1494/2670/8
f 1491/2671/8 1492/2672/8 1495/2673/8
f 1494/2670/8 1491/2666/8 1495/2674/8
f 1495/2673/8 1492/2672/8 1496/2675/8
f 1482/2654/8 1493/2669/8 1497/2676/8
f 1494/2670/8 1495/2674/8 1498/2677/8
f 1495/2674/8 1496/2678/8 1498/2677/8
f 1498/2677/8 1496/2678/8 1499/2679/8
f 1499/2679/8 1496/2678/8 1500/2680/8
f 1498/2677/8 1499/2679/8 1501/2681/8
f 1499/2682/8 1500/2683/8 1501/2684/8
f 1501/2684/8 1500/2683/8 1502/2685/8
f 1498/2677/8 1501/2681/8 1503/2686/8
f 1501/2681/8 1502/2687/8 1503/2686/8
f 1503/2686/8 1502/2687/8 1504/2688/8
f 1498/2677/8 1503/2686/8 1505/2689/8
f 1503/2690/8 1504/2691/8 1505/2692/8
f 1505/2692/8 1504/2691/8 1506/2693/8
f 1498/2677/8 1505/2689/8 1507/2694/8
f 1505/2689/8 1506/2695/8 1507/2694/8
f 1507/2694/8 1506/2695/8 1508/2696/8
f 1498/2677/8 1507/2694/8 1509/2697/8
f 1507/2698/8 1508/2699/8 1509/2700/8
f 1509/2700/8 1508/2699/8 1510/2701/8
f 1498/2677/8 1509/2697/8 1511/2702/8
f 1509/2697/8 1510/2703/8 1511/2702/8
f 1511/2702/8 1510/2703/8 1512/2704/8
f 1498/2677/8 1511/2702/8 1513/2705/8
f 1511/2706/8 1512/2707/8 1513/2708/8
f 1513/2708/8 1512/2707/8 1514/2709/8
f 1498/2677/8 1513/2705/8 1515/2710/8
f 1513/2705/8 1514/2711/8 1515/2710/8
f 1515/2710/8 1514/2711/8 1516/2712/8
f 1498/2677/8 1515/2710/8 1517/2713/8
f 1515/2714/8 1516/2715/8 1517/2716/8
f 1517/2716/8 1516/2715/8 1518/2717/8
f 1482/2654/8 1497/2676/8 1519/2718/8
f 1498/2677/8 1517/2713/8 1520/2719/8
f 1517/2713/8 1518/2720/8 1520/2719/8
f 1520/2719/8 1518/2720/8 1521/2721/8
f 1521/2721/8 1518/2720/8 1522/2722/8
f 1482/2654/8 1519/2718/8 1523/2723/8
f 1520/2719/8 1521/2721/8 1524/2724/8
f 1521/2725/8 1522/2726/8 1525/2727/8
f 1524/2724/8 1521/2721/8 1525/2728/8
f 1525/2727/8 1522/2726/8 1526/2729/8
f 1524/2724/8 1525/2728/8 1527/2730/8
f 1525/2728/8 1526/2731/8 1527/2730/8
f 1527/2730/8 1526/2731/8 1528/2732/8
f 1524/2724/8 1527/2730/8 1529/2733/8
f 1527/2734/8 1528/2735/8 1529/2736/8
f 1529/2736/8 1528/2735/8 1530/2737/8
f 1524/2724/8 1529/2733/8 1531/2738/8
f 1529/2733/8 1530/2739/8 1531/2738/8
f 1531/2738/8 1530/2739/8 1532/2740/8
f 1524/2724/8 1531/2738/8 1533/2741/8
f 1531/2742/8 1532/2743/8 1533/2744/8
f 1533/2744/8 1532/2743/8 1534/2745/8
f 1524/2724/8 1533/2741/8 1535/2746/8
f 1533/2741/8 1534/2747/8 1535/2746/8
f 1535/2746/8 1534/2747/8 1536/2748/8
f 1482/2654/8 1523/2723/8 1537/2749/8
f 1524/2724/8 1535/2746/8 1538/2750/8
f 1535/2751/8 1536/2752/8 1539/2753/8
f 1538/2750/8 1535/2746/8 1539/2754/8
f 1539/2753/8 1536/2752/8 1540/2755/8
f 1482/2654/8 1537/2749/8 1541/2756/8
f 1538/2750/8 1539/2754/8 1542/2757/8
f 1539/2754/8 1540/2758/8 1542/2757/8
f 1542/2757/8 1540/2758/8 1543/2759/8
f 1543/2759/8 1540/2758/8 1544/2760/8
f 1542/2757/8 1543/2759/8 1545/2761/8
f 1543/2762/8 1544/2763/8 1545/2764/8
f 1545/2764/8 1544/2763/8 1546/2765/8
f 1542/2757/8 1545/2761/8 1547/2766/8
f 1545/2761/8 1546/2767/8 1547/2766/8
f 1547/2766/8 1546/2767/8 1548/2768/8
f 1542/2757/8 1547/2766/8 1549/2769/8
f 1547/2770/8 1548/2771/8 1549/2772/8
f 1549/2772/8 1548/2771/8 1550/2773/8
f 1542/2757/8 1549/2769/8 1551/2774/8
f 1549/2769/8 1550/2775/8 1551/2774/8
f 1551/2774/8 1550/2775/8 1552/2776/8
f 1542/2757/8 1551/2774/8 1553/2777/8
f 1551/2778/8 1552/2779/8 1553/2780/8
f 1553/2780/8 1552/2779/8 1554/2781/8
f 1482/2654/8 1541/2756/8 1555/2782/8
f 1542/2757/8 1553/2777/8 1556/2783/8
f 1553/2777/8 1554/2784/8 1556/2783/8
f 1556/2783/8 1554/2784/8 1557/2785/8
f 1557/2785/8 1554/2784/8 1558/2786/8
f 1482/2654/8 1555/2782/8 1559/2787/8
f 1556/2783/8 1557/2785/8 1560/2788/8
f 1557/2789/8 1558/2790/8 1561/2791/8
f 1560/2788/8 1557/2785/8 1561/2792/8
f 1561/2791/8 1558/2790/8 1562/2793/8
f 1560/2788/8 1561/2792/8 1563/2794/8
f 1561/2792/8 1562/2795/8 1563/2794/8
f 1563/2794/8 1562/2795/8 1564/2796/8
f 1560/2788/8 1563/2794/8 1565/2797/8
f 1563/2798/8 1564/2799/8 1565/2800/8
f 1565/2800/8 1564/2799/8 1566/2801/8
f 1560/2788/8 1565/2797/8 1567/2802/8
f 1565/2797/8 1566/2803/8 1567/2802/8
f 1567/2802/8 1566/2803/8 1568/2804/8
f 1560/2788/8 1567/2802/8 1569/2805/8
f 1567/2806/8 1568/2807/8 1569/2808/8
f 1569/2808/8 1568/2807/8 1570/2809/8
f 1560/2788/8 1569/2805/8 1571/2810/8
f 1569/2805/8 1570/2811/8 1571/2810/8
f 1571/2810/8 1570/2811/8 1572/2812/8
f 1482/2654/8 1559/2787/8 1573/2813/8
f 1560/2788/8 1571/2810/8 1574/2814/8
f 1571/2815/8 1572/2816/8 1575/2817/8
f 1574/2814/8 1571/2810/8 1575/2818/8
f 1575/2817/8 1572/2816/8 1576/2819/8
f 1482/2654/8 1573/2813/8 1577/2820/8
f 1574/2814/8 1575/2818/8 1578/2821/8
f 1575/2818/8 1576/2822/8 1578/2821/8
f 1578/2821/8 1576/2822/8 1579/2823/8
f 1579/2823/8 1576/2822/8 1580/2824/8
f 1578/2821/8 1579/2823/8 1581/2825/8
f 1579/2826/8 1580/2827/8 1581/2828/8
f 1581/2828/8 1580/2827/8 1582/2829/8
f 1578/2821/8 1581/2825/8 1583/2830/8
f 1581/2825/8 1582/2831/8 1583/2830/8
f 1583/2830/8 1582/2831/8 1584/2832/8
f 1578/2821/8 1583/2830/8 1585/2833/8
f 1583/2834/8 1584/2835/8 1585/2836/8
f 1585/2836/8 1584/2835/8 1586/2837/8
f 1578/2821/8 1585/2833/8 1587/2838/8
f 1585/2833/8 1586/2839/8 1587/2838/8
f 1587/2838/8 1586/2839/8 1588/2840/8
f 1578/2821/8 1587/2838/8 1589/2841/8
f 1587/2842/8 1588/2843/8 1589/2844/8
f 1589/2844/8 1588/2843/8 1590/2845/8
f 1482/2654/8 1577/2820/8 1591/2846/8
f 1578/2821/8 1589/2841/8 1592/2847/8
f 1589/2841/8 1590/2848/8 1592/2847/8
f 1592/2847/8 1590/2848/8 1593/2849/8
f 1593/2849/8 1590/2848/8 1594/2850/8
f 1482/2654/8 1591/2846/8 1595/2851/8
f 1592/2847/8 1593/2849/8 1596/2852/8
f 1593/2853/8 1594/2854/8 1597/2855/8
f 1596/2852/8 1593/2849/8 1597/2856/8
f 1597/2855/8 1594/2854/8 1598/2857/8
f 1596/2852/8 1597/2856/8 1599/2858/8
f 1597/2856/8 1598/2859/8 1599/2858/8
f 1599/2858/8 1598/2859/8 1600/2860/8
f 1596/2852/8 1599/2858/8 1601/2861/8
f 1599/2862/8 1600/2863/8 1601/2864/8
f 1601/2864/8 1600/2863/8 1602/2865/8
f 1596/2852/8 1601/2861/8 1603/2866/8
f 1601/2861/8 1602/2867/8 1603/2866/8
f 1603/2866/8 1602/2867/8 1604/2868/8
f 1596/2852/8 1603/2866/8 1605/2869/8
f 1603/2870/8 1604/2871/8 1605/2872/8
f 1605/2872/8 1604/2871/8 1606/2873/8
f 1596/2852/8 1605/2869/8 1607/2874/8
f 1605/2869/8 1606/2875/8 1607/2874/8
f 1607/2874/8 1606/2875/8 1608/2876/8
f 1482/2654/8 1595/2851/8 1609/2877/8
f 1596/2852/8 1607/2874/8 1610/2878/8
f 1607/2879/8 1608/2880/8 1611/2881/8
f 1610/2878/8 1607/2874/8 1611/2882/8
f 1611/2881/8 1608/2880/8 1612/2883/8
f 1482/2654/8 1609/2877/8 1613/2884/8
f 1610/2878/8 1611/2882/8 1614/2885/8
f 1611/2882/8 1612/2886/8 1614/2885/8
f 1614/2885/8 1612/2886/8 1615/2887/8
f 1615/2887/8 1612/2886/8 1616/2888/8
f 1614/2885/8 1615/2887/8 1617/2889/8
f 1615/2890/8 1616/2891/8 1617/2892/8
f 1617/2892/8 1616/2891/8 1618/2893/8
f 1614/2885/8 1617/2889/8 1619/2894/8
f 1617/2889/8 1618/2895/8 1619/2894/8
f 1619/2894/8 1618/2895/8 1620/2896/8
f 1614/2885/8 1619/2894/8 1621/2897/8
f 1619/2898/8 1620/2899/8 1621/2900/8
f 1621/2900/8 1620/2899/8 1622/2901/8
f 1614/2885/8 1621/2897/8 1623/2902/8
f 1621/2897/8 1622/2903/8 1623/2902/8
f 1623/2902/8 1622/2903/8 1624/2904/8
f 1614/2885/8 1623/2902/8 1625/2905/8
f 1623/2906/8 1624/2907/8 1625/2908/8
f 1625/2908/8 1624/2907/8 1626/2909/8
f 1482/2654/8 1613/2884/8 1627/2910/8
f 1614/2885/8 1625/2905/8 1628/2911/8
f 1625/2905/8 1626/2912/8 1628/2911/8
f 1628/2911/8 1626/2912/8 1629/2913/8
f 1629/2913/8 1626/2912/8 1630/2914/8
f 1482/2654/8 1627/2910/8 1631/2915/8
f 1628/2911/8 1629/2913/8 1632/2916/8
f 1629/2917/8 1630/2918/8 1633/2919/8
f 1632/2916/8 1629/2913/8 1633/2920/8
f 1633/2919/8 1630/2918/8 1634/2921/8
f 1632/2916/8 1633/2920/8 1635/2922/8
f 1633/2920/8 1634/2923/8 1635/2922/8
f 1635/2922/8 1634/2923/8 1636/2924/8
f 1632/2916/8 1635/2922/8 1637/2925/8
f 1635/2926/8 1636/2927/8 1637/2928/8
f 1637/2928/8 1636/2927/8 1638/2929/8
f 1632/2916/8 1637/2925/8 1639/2930/8
f 1637/2925/8 1638/2931/8 1639/2930/8
f 1639/2930/8 1638/2931/8 1640/2932/8
f 1632/2916/8 1639/2930/8 1641/2933/8
f 1639/2934/8 1640/2935/8 1641/2936/8
f 1641/2936/8 1640/2935/8 1642/2937/8
f 1632/2916/8 1641/2933/8 1643/2938/8
f 1641/2933/8 1642/2939/8 1643/2938/8
f 1643/2938/8 1642/2939/8 1644/2940/8
f 1482/2654/8 1631/2915/8 1645/2941/8
f 1632/2916/8 1643/2938/8 1646/2942/8
f 1643/2943/8 1644/2944/8 1647/2945/8
f 1646/2942/8 1643/2938/8 1647/2946/8
f 1647/2945/8 1644/2944/8 1648/2947/8
f 1482/2654/8 1645/2941/8 1649/2948/8
f 1646/2942/8 1647/2946/8 1650/2949/8
f 1647/2946/8 1648/2950/8 1650/2949/8
f 1650/2949/8 1648/2950/8 1651/2951/8
f 1651/2951/8 1648/2950/8 1652/2952/8
f 1650/2949/8 1651/2951/8 1653/2953/8
f 1651/2954/8 1652/2955/8 1653/2956/8
f 1653/2956/8 1652/2955/8 1654/2957/8
f 1650/2949/8 1653/2953/8 1655/2958/8
f 1653/2953/8 1654/2959/8 1655/2958/8
f 1655/2958/8 1654/2959/8 1656/2960/8
f 1650/2949/8 1655/2958/8 1657/2961/8
f 1655/2962/8 1656/2963/8 1657/2964/8
f 1657/2964/8 1656/2963/8 1658/2965/8
f 1650/2949/8 1657/2961/8 1659/2966/8
f 1657/2961/8 1658/2967/8 1659/2966/8
f 1659/2966/8 1658/2967/8 1660/2968/8
f 1650/2949/8 1659/2966/8 1661/2969/8
f 1659/2970/8 1660/2971/8 1661/2972/8
f 1661/2972/8 1660/2971/8 1662/2973/8
f 1482/2654/8 1649/2948/8 1663/2974/8
f 1650/2949/8 1661/2969/8 1664/2975/8
f 1661/2969/8 1662/2976/8 1664/2975/8
f 1664/2975/8 1662/2976/8 1665/2977/8
f 1665/2977/8 1662/2976/8 1666/2978/8
f 1482/2654/8 1663/2974/8 1667/2979/8
f 1664/2975/8 1665/2977/8 1668/2980/8
f 1665/2981/8 1666/2982/8 1669/2983/8
f 1668/2980/8 1665/2977/8 1669/2984/8
f 1669/2983/8 1666/2982/8 1670/2985/8
f 1668/2980/8 1669/2984/8 1671/2986/8
f 1669/2984/8 1670/2987/8 1671/2986/8
f 1671/2986/8 1670/2987/8 1672/2988/8
f 1668/2980/8 1671/2986/8 1673/2989/8
f 1671/2990/8 1672/2991/8 1673/2992/8
f 1673/2992/8 1672/2991/8 1674/2993/8
f 1668/2980/8 1673/2989/8 1675/2994/8
f 1673/2989/8 1674/2995/8 1675/2994/8
f 1675/2994/8 1674/2995/8 1676/2996/8
f 1668/2980/8 1675/2994/8 1677/2997/8
f 1675/2998/8 1676/2999/8 1677/3000/8
f 1677/3000/8 1676/2999/8 1678/3001/8
f 1668/2980/8 1677/2997/8 1679/3002/8
f 1677/2997/8 1678/3003/8 1679/3002/8
f 1679/3002/8 1678/3003/8 1680/3004/8
f 1482/2654/8 1667/2979/8 1681/3005/8
f 1668/2980/8 1679/3002/8 1682/3006/8
f 1679/3007/8 1680/3008/8 1683/3009/8
f 1682/3006/8 1679/3002/8 1683/3010/8
f 1683/3009/8 1680/3008/8 1684/3011/8
f 1482/2654/8 1681/3005/8 1685/3012/8
f 1682/3006/8 1683/3010/8 1686/3013/8
f 1683/3010/8 1684/3014/8 1686/3013/8
f 1686/3013/8 1684/3014/8 1687/3015/8
f 1687/3015/8 1684/3014/8 1688/3016/8
f 1686/3013/8 1687/3015/8 1689/3017/8
f 1687/3018/8 1688/3019/8 1689/3020/8
f 1689/3020/8 1688/3019/8 1690/3021/8
f 1686/3013/8 1689/3017/8 1691/3022/8
f 1689/3017/8 1690/3023/8 1691/3022/8
f 1691/3022/8 1690/3023/8 1692/3024/8
f 1686/3013/8 1691/3022/8 1693/3025/8
f 1691/3026/8 1692/3027/8 1693/3028/8
f 1693/3028/8 1692/3027/8 1694/3029/8
f 1686/3013/8 1693/3025/8 1695/3030/8
f 1693/3025/8 1694/3031/8 1695/3030/8
f 1695/3030/8 1694/3031/8 1696/3032/8
f 1686/3013/8 1695/3030/8 1697/3033/8
f 1695/3034/8 1696/3035/8 1697/3036/8
f 1697/3036/8 1696/3035/8 1698/3037/8
f 1482/2654/8 1685/3012/8 1699/3038/8
f 1686/3013/8 1697/3033/8 1700/3039/8
f 1697/3033/8 1698/3040/8 1700/3039/8
f 1700/3039/8 1698/3040/8 1701/3041/8
f 1701/3041/8 1698/3040/8 1702/3042/8
f 1482/2654/8 1699/3038/8 1703/3043/8
f 1700/3039/8 1701/3041/8 1704/3044/8
f 1701/3045/8 1702/3046/8 1705/3047/8
f 1704/3044/8 1701/3041/8 1705/3048/8
f 1705/3047/8 1702/3046/8 1706/3049/8
f 1704/3044/8 1705/3048/8 1707/3050/8
f 1705/3048/8 1706/3051/8 1707/3050/8
f 1707/3050/8 1706/3051/8 1708/3052/8
f 1704/3044/8 1707/3050/8 1709/3053/8
f 1707/3054/8 1708/3055/8 1709/3056/8
f 1709/3056/8 1708/3055/8 1710/3057/8
f 1704/3044/8 1709/3053/8 1711/3058/8
f 1709/3053/8 1710/3059/8 1711/3058/8
f 1711/3058/8 1710/3059/8 1712/3060/8
f 1704/3044/8 1711/3058/8 1713/3061/8
f 1711/3062/8 1712/3063/8 1713/3064/8
f 1713/3064/8 1712/3063/8 1714/3065/8
f 1704/3044/8 1713/3061/8 1715/3066/8
f 1713/3061/8 1714/3067/8 1715/3066/8
f 1715/3066/8 1714/3067/8 1716/3068/8
f 1482/2654/8 1703/3043/8 1717/3069/8
f 1704/3044/8 1715/3066/8 1718/3070/8
f 1715/3071/8 1716/3072/8 1719/3073/8
f 1718/3070/8 1715/3066/8 1719/3074/8
f 1719/3073/8 1716/3072/8 1720/3075/8
f 1482/2654/8 1717/3069/8 1721/3076/8
f 1718/3070/8 1719/3074/8 1722/3077/8
f 1719/3074/8 1720/3078/8 1722/3077/8
f 1722/3077/8 1720/3078/8 1723/3079/8
f 1723/3079/8 1720/3078/8 1724/3080/8
f 1722/3077/8 1723/3079/8 1725/3081/8
f 1723/3082/8 1724/3083/8 1725/3084/8
f 1725/3084/8 1724/3083/8 1726/3085/8
f 1722/3077/8 1725/3081/8 1727/3086/8
f 1725/3081/8 1726/3087/8 1727/3086/8
f 1727/3086/8 1726/3087/8 1728/3088/8
f 1722/3077/8 1727/3086/8 1729/3089/8
f 1727/3090/8 1728/3091/8 1729/3092/8
f 1729/3092/8 1728/3091/8 1730/3093/8
f 1722/3077/8 1729/3089/8 1731/3094/8
f 1729/3089/8 1730/3095/8 1731/3094/8
f 1731/3094/8 1730/3095/8 1732/3096/8
f 1722/3077/8 1731/3094/8 1733/3097/8
f 1731/3098/8 1732/3099/8 1733/3100/8
f 1733/3100/8 1732/3099/8 1734/3101/8
f 1482/2654/8 1721/3076/8 1735/3102/8
f 1722/3077/8 1733/3097/8 1736/3103/8
f 1733/3097/8 1734/3104/8 1736/3103/8
f 1736/3103/8 1734/3104/8 1737/3105/8
f 1737/3105/8 1734/3104/8 1738/3106/8
f 1482/2654/8 1735/3102/8 1739/3107/8
f 1736/3103/8 1737/3105/8 1740/3108/8
f 1737/3109/8 1738/3110/8 1741/3111/8
f 1740/3108/8 1737/3105/8 1741/3112/8
f 1741/3111/8 1738/3110/8 1742/3113/8
f 1740/3108/8 1741/3112/8 1743/3114/8
f 1741/3112/8 1742/3115/8 1743/3114/8
f 1743/3114/8 1742/3115/8 1744/3116/8
f 1740/3108/8 1743/3114/8 1745/3117/8
f 1743/3118/8 1744/3119/8 1745/3120/8
f 1745/3120/8 1744/3119/8 1746/3121/8
f 1740/3108/8 1745/3117/8 1747/3122/8
f 1745/3117/8 1746/3123/8 1747/3122/8
f 1747/3122/8 1746/3123/8 1748/3124/8
f 1740/3108/8 1747/3122/8 1749/3125/8
f 1747/3126/8 1748/3127/8 1749/3128/8
f 1749/3128/8 1748/3127/8 1750/3129/8
f 1482/2654/8 1739/3107/8 1751/3130/8
f 1740/3108/8 1749/3125/8 1752/3131/8
f 1749/3125/8 1750/3132/8 1752/3131/8
f 1752/3131/8 1750/3132/8 1753/3133/8
f 1753/3133/8 1750/3132/8 1754/3134/8
f 1482/2654/8 1751/3130/8 1755/3135/8
f 1752/3131/8 1753/3133/8 1756/3136/8
f 1753/3137/8 1754/3138/8 1757/3139/8
f 1756/3136/8 1753/3133/8 1757/3140/8
f 1757/3139/8 1754/3138/8 1758/3141/8
f 1756/3136/8 1757/3140/8 1759/3142/8
f 1757/3140/8 1758/3143/8 1759/3142/8
f 1759/3142/8 1758/3143/8 1760/3144/8
f 1756/3136/8 1759/3142/8 1761/3145/8
f 1759/3146/8 1760/3147/8 1761/3148/8
f 1761/3148/8 1760/3147/8 1762/3149/8
f 1756/3136/8 1761/3145/8 1763/3150/8
f 1761/3145/8 1762/3151/8 1763/3150/8
f 1763/3150/8 1762/3151/8 1764/3152/8
f 1756/3136/8 1763/3150/8 1765/3153/8
f 1763/3154/8 1764/3155/8 1765/3156/8
f 1765/3156/8 1764/3155/8 1766/3157/8
f 1482/2654/8 1755/3135/8 1767/3158/8
f 1756/3136/8 1765/3153/8 1768/3159/8
f 1765/3153/8 1766/3160/8 1768/3159/8
f 1482/2654/8 1767/3158/8 1769/3161/8
f 1767/3158/8 1770/3162/8 1769/3161/8
f 1769/3161/8 1770/3162/8 1771/3163/8
f 1771/3163/8 1770/3162/8 1772/3164/8
f 1773/3165/8 1774/3166/8 1775/3167/8
f 1775/3167/8 1774/3166/8 1776/3168/8
f 1777/3169/8 1778/3170/8 1779/3171/8
f 1779/3171/8 1778/3170/8 1780/3172/8
f 1781/3173/8 1782/3174/8 1783/3175/8
f 1783/3175/8 1782/3174/8 1784/3176/9
f 1785/3177/8 1786/3178/8 1787/3179/8
f 1787/3179/8 1786/3178/8 1788/3180/9
f 1789/3181/8 1790/3182/8 1791/3183/8
f 1791/3183/8 1790/3182/8 1792/3184/8
f 1793/3185/8 1768/3159/8 1794/3186/8
f 1787/3179/8 1788/3180/9 1795/3187/8
f 1792/3184/8 1794/3186/8 1795/3187/8
f 1783/3175/8 1784/3176/9 1795/3187/8
f 1791/3183/8 1792/3184/8 1795/3187/8
f 1788/3180/9 1791/3183/8 1795/3187/8
f 1771/3163/8 1772/3164/8 1795/3187/8
f 1784/3176/9 1787/3179/8 1795/3187/8
f 1775/3167/8 1776/3168/8 1795/3187/8
f 1780/3172/8 1783/3175/8 1795/3187/8
f 1779/3171/8 1780/3172/8 1795/3187/8
f 1776/3168/8 1779/3171/8 1795/3187/8
f 1772/3164/8 1775/3167/8 1795/3187/8
f 1794/3186/8 1768/3159/8 1796/3188/8
f 1795/3187/8 1794/3186/8 1796/3188/8
f 1768/3159/8 1766/3160/8 1796/3188/8
f 1797/3189/8 1798/3190/8 1799/3191/8
f 1799/3191/8 1798/3190/8 1800/3192/8
f 1797/3189/8 1799/3191/8 1801/3193/8
f 1801/3193/8 1799/3191/8 1802/3194/8
f 1800/3192/8 1798/3190/8 1803/3195/8
f 1803/3195/8 1798/3190/8 1804/3196/8
f 1805/3197/8 1806/3198/8 1807/3199/8
f 1807/3199/8 1806/3198/8 1808/3200/8
f 1809/3201/8 1810/3202/8 1811/3203/8
f 1811/3203/8 1810/3202/8 1812/3204/8
f 1813/3205/8 1814/3206/8 1815/3207/8
f 1815/3207/8 1814/3206/8 1816/3208/8
f 1817/3209/8 1818/3210/8 1819/3211/8
f 1819/3211/8 1818/3210/8 1820/3212/8
f 1821/3213/8 1822/3214/8 1823/3215/8
f 1823/3215/8 1822/3214/8 1824/3216/8
f 1801/3217/8 1802/3218/8 1825/3219/8
f 1825/3219/8 1802/3218/8 1826/3220/8
f 1803/3221/8 1804/3222/8 1827/3223/8
f 1827/3223/8 1804/3222/8 1828/3224/8
f 1807/3225/8 1808/3226/8 1829/3227/8
f 1829/3227/8 1808/3226/8 1830/3228/8
f 1811/3229/8 1812/3230/8 1831/3231/8
f 1831/3231/8 1812/3230/8 1832/3232/8
f 1815/3233/8 1816/3234/8 1833/3235/8
f 1833/3235/8 1816/3234/8 1834/3236/8
f 1819/3237/8 1820/3238/8 1835/3239/8
f 1835/3239/8 1820/3238/8 1836/3240/8
f 1823/3241/8 1824/3242/8 1837/3243/8
f 1837/3243/8 1824/3242/8 1838/3244/8
f 1825/3245/8 1826/3246/8 1839/3247/8
f 1839/3247/8 1826/3246/8 1840/3248/8
f 1827/3249/8 1828/3250/8 1841/3251/8
f 1841/3251/8 1828/3250/8 1842/3252/8
f 1829/3253/8 1830/3254/8 1843/3255/8
f 1843/3255/8 1830/3254/8 1844/3256/8
f 1831/3257/8 1832/3258/8 1845/3259/8
f 1845/3259/8 1832/3258/8 1846/3260/8
f 1833/3261/8 1834/3262/8 1847/3263/8
f 1847/3263/8 1834/3262/8 1848/3264/8
f 1835/3265/8 1836/3266/8 1849/3267/8
f 1849/3267/8 1836/3266/8 1850/3268/8
f 1837/3269/8 1838/3270/8 1851/3271/8
f 1851/3271/8 1838/3270/8 1852/3272/8
f 1839/3273/8 1840/3274/8 1853/3275/8
f 1853/3275/8 1840/3274/8 1854/3276/8
f 1841/3277/8 1842/3278/8 1855/3279/8
f 1855/3279/8 1842/3278/8 1856/3280/8
f 1843/3281/8 1844/3282/8 1857/3283/8
f 1857/3283/8 1844/3282/8 1858/3284/8
f 1845/3285/8 1846/3286/8 1859/3287/8
f 1859/3287/8 1846/3286/8 1860/3288/8
f 1847/3289/8 1848/3290/8 1861/3291/8
f 1861/3291/8 1848/3290/8 1862/3292/8
f 1849/3293/8 1850/3294/8 1863/3295/8
f 1863/3295/8 1850/3294/8 1864/3296/8
f 1851/3297/8 1852/3298/8 1865/3299/8
f 1865/3299/8 1852/3298/8 1866/3300/8
f 1853/3301/8 1854/3302/8 1867/3303/8
f 1867/3303/8 1854/3302/8 1868/3304/8
f 1855/3305/8 1856/3306/8 1869/3307/8
f 1869/3307/8 1856/3306/8 1870/3308/8
f 1857/3309/8 1858/3310/8 1871/3311/8
f 1871/3311/8 1858/3310/8 1872/3312/8
f 1859/3313/8 1860/3314/8 1873/3315/8
f 1873/3315/8 1860/3314/8 1874/3316/8
f 1861/3317/8 1862/3318/8 1875/3319/8
f 1875/3319/8 1862/3318/8 1876/3320/8
f 1863/3321/8 1864/3322/8 1877/3323/8
f 1877/3323/8 1864/3322/8 1878/3324/8
f 1865/3325/8 1866/3326/8 1879/3327/8
f 1879/3327/8 1866/3326/8 1880/3328/8
f 1867/3329/8 1868/3330/8 1881/3331/8
f 1881/3331/8 1868/3330/8 1882/3332/8
f 1869/3333/8 1870/3334/8 1883/3335/8
f 1883/3335/8 1870/3334/8 1884/3336/8
f 1871/3337/8 1872/3338/8 1885/3339/8
f 1885/3339/8 1872/3338/8 1886/3340/8
f 1873/3341/8 1874/3342/8 1887/3343/8
f 1887/3343/8 1874/3342/8 1888/3344/8
f 1875/3345/8 1876/3346/8 1889/3347/8
f 1889/3347/8 1876/3346/8 1890/3348/8
f 1877/3349/8 1878/3350/8 1891/3351/8
f 1891/3351/8 1878/3350/8 1892/3352/8
f 1879/3353/8 1880/3354/8 1893/3355/8
f 1893/3355/8 1880/3354/8 1894/3356/8
f 1881/3357/8 1882/3358/8 1895/3359/8
f 1895/3359/8 1882/3358/8 1896/3360/8
f 1883/3361/8 1884/3362/8 1897/3363/8
f 1897/3363/8 1884/3362/8 1898/3364/8
f 1885/3365/8 1886/3366/8 1899/3367/8
f 1899/3367/8 1886/3366/8 1900/3368/8
f 1887/3369/8 1888/3370/8 1901/3371/8
f 1901/3371/8 1888/3370/8 1902/3372/8
f 1889/3373/8 1890/3374/8 1903/3375/8
f 1903/3375/8 1890/3374/8 1904/3376/8
f 1891/3377/8 1892/3378/8 1905/3379/8
f 1905/3379/8 1892/3378/8 1906/3380/8
f 1893/3381/8 1894/3382/8 1907/3383/8
f 1907/3383/8 1894/3382/8 1908/3384/8
f 1895/3385/8 1896/3386/8 1909/3387/8
f 1909/3387/8 1896/3386/8 1910/3388/8
f 1897/3389/8 1898/3390/8 1911/3391/8
f 1911/3391/8 1898/3390/8 1912/3392/8
f 1899/3393/8 1900/3394/8 1913/3395/8
f 1913/3395/8 1900/3394/8 1914/3396/8
f 1901/3397/8 1902/3398/8 1915/3399/8
f 1915/3399/8 1902/3398/8 1916/3400/8
f 1903/3401/8 1904/3402/8 1917/3403/8
f 1917/3403/8 1904/3402/8 1918/3404/8
f 1905/3405/8 1906/3406/8 1919/3407/8
f 1919/3407/8 1906/3406/8 1920/3408/8
f 1907/3409/8 1908/3410/8 1921/3411/8
f 1921/3411/8 1908/3410/8 1922/3412/8
f 1909/3413/8 1910/3414/8 1923/3415/8
f 1923/3415/8 1910/3414/8 1924/3416/8
f 1911/3417/8 1912/3418/8 1925/3419/8
f 1925/3419/8 1912/3418/8 1926/3420/8
f 1913/3421/8 1914/3422/8 1927/3423/8
f 1927/3423/8 1914/3422/8 1928/3424/8
f 1915/3425/8 1916/3426/8 1929/3427/8
f 1929/3427/8 1916/3426/8 1930/3428/8
f 1917/3429/8 1918/3430/8 1931/3431/8
f 1931/3431/8 1918/3430/8 1932/3432/8
f 1919/3433/8 1920/3434/8 1933/3435/8
f 1933/3435/8 1920/3434/8 1934/3436/8
f 1921/3437/8 1922/3438/8 1935/3439/8
f 1935/3439/8 1922/3438/8 1936/3440/8
f 1923/3441/8 1924/3442/8 1937/3443/8
f 1937/3443/8 1924/3442/8 1938/3444/8
f 1925/3445/8 1926/3446/8 1939/3447/8
f 1939/3447/8 1926/3446/8 1940/3448/8
f 1927/3449/8 1928/3450/8 1941/3451/8
f 1941/3451/8 1928/3450/8 1942/3452/8
f 1929/3453/8 1930/3454/8 1943/3455/8
f 1943/3455/8 1930/3454/8 1944/3456/8
f 1931/3457/8 1932/3458/8 1945/3459/8
f 1945/3459/8 1932/3458/8 1946/3460/8
f 1933/3461/8 1934/3462/8 1947/3463/8
f 1947/3463/8 1934/3462/8 1948/3464/8
f 1935/3465/8 1936/3466/8 1949/3467/8
f 1949/3467/8 1936/3466/8 1950/3468/8
f 1937/3469/8 1938/3470/8 1951/3471/8
f 1951/3471/8 1938/3470/8 1952/3472/8
f 1939/3473/8 1940/3474/8 1953/3475/8
f 1953/3475/8 1940/3474/8 1954/3476/8
f 1941/3477/8 1942/3478/8 1955/3479/8
f 1955/3479/8 1942/3478/8 1956/3480/8
f 1943/3481/8 1944/3482/8 1957/3483/8
f 1957/3483/8 1944/3482/8 1958/3484/8
f 1945/3485/8 1946/3486/8 1959/3487/8
f 1959/3487/8 1946/3486/8 1960/3488/8
f 1947/3489/8 1948/3490/8 1961/3491/8
f 1961/3491/8 1948/3490/8 1962/3492/8
f 1949/3493/8 1950/3494/8 1963/3495/8
f 1963/3495/8 1950/3494/8 1964/3496/8
f 1951/3497/8 1952/3498/8 1965/3499/8
f 1965/3499/8 1952/3498/8 1966/3500/8
f 1953/3501/8 1954/3502/8 1967/3503/8
f 1967/3503/8 1954/3502/8 1968/3504/8
f 1955/3505/8 1956/3506/8 1969/3507/8
f 1969/3507/8 1956/3506/8 1970/3508/8
f 1957/3509/8 1958/3510/8 1971/3511/8
f 1971/3511/8 1958/3510/8 1972/3512/8
f 1959/3513/8 1960/3514/8 1973/3515/8
f 1973/3515/8 1960/3514/8 1974/3516/8
f 1961/3517/8 1962/3518/8 1975/3519/8
f 1975/3519/8 1962/3518/8 1976/3520/8
f 1963/3521/8 1964/3522/8 1977/3523/8
f 1977/3523/8 1964/3522/8 1978/3524/8
f 1965/3525/8 1966/3526/8 1979/3527/8
f 1979/3527/8 1966/3526/8 1980/3528/8
f 1967/3529/8 1968/3530/8 1981/3531/8
f 1981/3531/8 1968/3530/8 1982/3532/8
f 1969/3533/8 1970/3534/8 1983/3535/8
f 1983/3535/8 1970/3534/8 1984/3536/8
f 1971/3537/8 1972/3538/8 1985/3539/8
f 1985/3539/8 1972/3538/8 1986/3540/8
f 1973/3541/8 1974/3542/8 1987/3543/8
f 1987/3543/8 1974/3542/8 1988/3544/8
f 1975/3545/8 1976/3546/8 1989/3547/8
f 1989/3547/8 1976/3546/8 1990/3548/8
f 1977/3549/8 1978/3550/8 1991/3551/8
f 1991/3551/8 1978/3550/8 1992/3552/8
f 1979/3553/8 1980/3554/8 1993/3555/8
f 1993/3555/8 1980/3554/8 1994/3556/8
f 1981/3557/8 1982/3558/8 1995/3559/8
f 1995/3559/8 1982/3558/8 1996/3560/8
f 1983/3561/8 1984/3562/8 1997/3563/8
f 1997/3563/8 1984/3562/8 1998/3564/8
f 1985/3565/8 1986/3566/8 1999/3567/8
f 1999/3567/8 1986/3566/8 2000/3568/8
f 1987/3569/8 1988/3570/8 2001/3571/8
f 2001/3571/8 1988/3570/8 2002/3572/8
f 1989/3573/8 1990/3574/8 2003/3575/8
f 2003/3575/8 1990/3574/8 2004/3576/8
f 1991/3577/8 1992/3578/8 2005/3579/8
f 2005/3579/8 1992/3578/8 2006/3580/8
f 1993/3581/8 1994/3582/8 2007/3583/8
f 2007/3583/8 1994/3582/8 2008/3584/8
f 1995/3585/8 1996/3586/8 2009/3587/8
f 2009/3587/8 1996/3586/8 2010/3588/8
f 1997/3589/8 1998/3590/8 2011/3591/8
f 2011/3591/8 1998/3590/8 2012/3592/8
f 1999/3593/8 2000/3594/8 2013/3595/8
f 2013/3595/8 2000/3594/8 2014/3596/8
f 2001/3597/8 2002/3598/8 2015/3599/8
f 2015/3599/8 2002/3598/8 2016/3600/8
f 2003/3601/8 2004/3602/8 2017/3603/8
f 2017/3603/8 2004/3602/8 2018/3604/8
f 2005/3605/8 2006/3606/8 2019/3607/8
f 2019/3607/8 2006/3606/8 2020/3608/8
f 2007/3609/8 2008/3610/8 2021/3611/8
f 2021/3611/8 2008/3610/8 2022/3612/8
f 2009/3613/8 2010/3614/8 2023/3615/8
f 2023/3615/8 2010/3614/8 2024/3616/8
f 2011/3617/8 2012/3618/8 2025/3619/8
f 2025/3619/8 2012/3618/8 2026/3620/8
f 2013/3621/8 2014/3622/8 2027/3623/8
f 2027/3623/8 2014/3622/8 2028/3624/8
f 2015/3625/8 2016/3626/8 2029/3627/8
f 2029/3627/8 2016/3626/8 2030/3628/8
f 2017/3629/8 2018/3630/8 2031/3631/8
f 2031/3631/8 2018/3630/8 2032/3632/8
f 2019/3633/8 2020/3634/8 2033/3635/8
f 2033/3635/8 2020/3634/8 2034/3636/8
f 2021/3637/8 2022/3638/8 2035/3639/8
f 2035/3639/8 2022/3638/8 2036/3640/8
f 2023/3641/8 2024/3642/8 2037/3643/8
f 2037/3643/8 2024/3642/8 2038/3644/8
f 2025/3645/8 2026/3646/8 2039/3647/8
f 2039/3647/8 2026/3646/8 2040/3648/8
f 2027/3649/8 2028/3650/8 2041/3651/8
f 2041/3651/8 2028/3650/8 2042/3652/8
f 2029/3653/8 2030/3654/8 2043/3655/8
f 2043/3655/8 2030/3654/8 2044/3656/8
f 2031/3657/8 2032/3658/8 2045/3659/8
f 2045/3659/8 2032/3658/8 2046/3660/8
f 2033/3661/8 2034/3662/8 2047/3663/8
f 2047/3663/8 2034/3662/8 2048/3664/8
f 2035/3665/8 2036/3666/8 2049/3667/8
f 2049/3667/8 2036/3666/8 2050/3668/8
f 2037/3669/8 2038/3670/8 2051/3671/8
f 2051/3671/8 2038/3670/8 2052/3672/8
f 2039/3673/8 2040/3674/8 2053/3675/8
f 2053/3675/8 2040/3674/8 2054/3676/8
f 2041/3677/8 2042/3678/8 2055/3679/8
f 2055/3679/8 2042/3678/8 2056/3680/8
f 2043/3681/8 2044/3682/8 2057/3683/8
f 2057/3683/8 2044/3682/8 2058/3684/8
f 2045/3685/8 2046/3686/8 2059/3687/8
f 2059/3687/8 2046/3686/8 2060/3688/8
f 2047/3689/8 2048/3690/8 2061/3691/8
f 2061/3691/8 2048/3690/8 2062/3692/8
f 2049/3693/8 2050/3694/8 2063/3695/8
f 2063/3695/8 2050/3694/8 2064/3696/8
f 2051/3697/8 2052/3698/8 2065/3699/8
f 2065/3699/8 2052/3698/8 2066/3700/8
f 2053/3701/8 2054/3702/8 2067/3703/8
f 2067/3703/8 2054/3702/8 2068/3704/8
f 2055/3705/8 2056/3706/8 2069/3707/8
f 2069/3707/8 2056/3706/8 2070/3708/8
f 2057/3709/8 2058/3710/8 2071/3711/8
f 2071/3711/8 2058/3710/8 2072/3712/8
f 2059/3713/8 2060/3714/8 2073/3715/8
f 2073/3715/8 2060/3714/8 2074/3716/8
f 2061/3717/8 2062/3718/8 2075/3719/8
f 2075/3719/8 2062/3718/8 2076/3720/8
f 2063/3721/8 2064/3722/8 2077/3723/8
f 2077/3723/8 2064/3722/8 2078/3724/8
f 2065/3725/8 2066/3726/8 2079/3727/8
f 2079/3727/8 2066/3726/8 2080/3728/8
f 2067/3729/8 2068/3730/8 2081/3731/8
f 2081/3731/8 2068/3730/8 2082/3732/8
f 2069/3733/8 2070/3734/8 2083/3735/8
f 2083/3735/8 2070/3734/8 2084/3736/8
f 2071/3737/8 2072/3738/8 2085/3739/8
f 2085/3739/8 2072/3738/8 2086/3740/8
f 2073/3741/8 2074/3742/8 2087/3743/8
f 2087/3743/8 2074/3742/8 2088/3744/8
f 2075/3745/8 2076/3746/8 2089/3747/8
f 2089/3747/8 2076/3746/8 2090/3748/8
f 2077/3749/8 2078/3750/8 2091/3751/8
f 2091/3751/8 2078/3750/8 2092/3752/8
f 2079/3753/8 2080/3754/8 2093/3755/8
f 2093/3755/8 2080/3754/8 2094/3756/8
f 2081/3757/8 2082/3758/8 2095/3759/8
f 2095/3759/8 2082/3758/8 2096/3760/8
f 2083/3761/8 2084/3762/8 2097/3763/8
f 2097/3763/8 2084/3762/8 2098/3764/8
f 2085/3765/8 2086/3766/8 2099/3767/8
f 2099/3767/8 2086/3766/8 2100/3768/8
f 2087/3769/8 2088/3770/8 2101/3771/8
f 2101/3771/8 2088/3770/8 2102/3772/8
f 2089/3773/8 2090/3774/8 2103/3775/8
f 2103/3775/8 2090/3774/8 2104/3776/8
f 2091/3777/8 2092/3778/8 2105/3779/8
f 2105/3779/8 2092/3778/8 2106/3780/8
f 2093/3781/8 2094/3782/8 2107/3783/8
f 2107/3783/8 2094/3782/8 2108/3784/8
f 2095/3785/8 2096/3786/8 2109/3787/8
f 2109/3787/8 2096/3786/8 2110/3788/8
f 2097/3789/8 2098/3790/8 2111/3791/8
f 2111/3791/8 2098/3790/8 2112/3792/8
f 2099/3793/8 2100/3794/8 2113/3795/8
f 2113/3795/8 2100/3794/8 2114/3796/8
f 2101/3797/8 2102/3798/8 2115/3799/8
f 2115/3799/8 2102/3798/8 2116/3800/8
f 2103/3801/8 2104/3802/8 2117/3803/8
f 2117/3803/8 2104/3802/8 2118/3804/8
f 2105/3805/8 2106/3806/8 2119/3807/8
f 2119/3807/8 2106/3806/8 2120/3808/8
f 2107/3809/8 2108/3810/8 2121/3811/8
f 2121/3811/8 2108/3810/8 2122/3812/8
f 2109/3813/8 2110/3814/8 2123/3815/8
f 2123/3815/8 2110/3814/8 2124/3816/8
f 2111/3817/8 2112/3818/8 2125/3819/8
f 2125/3819/8 2112/3818/8 2126/3820/8
f 2113/3821/8 2114/3822/8 2127/3823/8
f 2127/3823/8 2114/3822/8 2128/3824/8
f 2115/3825/8 2116/3826/8 2129/3827/8
f 2129/3827/8 2116/3826/8 2130/3828/8
f 2117/3829/8 2118/3830/8 2131/3831/8
f 2131/3831/8 2118/3830/8 2132/3832/8
f 2119/3833/8 2120/3834/8 2133/3835/8
f 2133/3835/8 2120/3834/8 2134/3836/8
f 2121/3837/8 2122/3838/8 2135/3839/8
f 2135/3839/8 2122/3838/8 2136/3840/8
f 2123/3841/8 2124/3842/8 2137/3843/8
f 2137/3843/8 2124/3842/8 2138/3844/8
f 2125/3845/8 2126/3846/8 2139/3847/8
f 2139/3847/8 2126/3846/8 2140/3848/8
f 2127/3849/8 2128/3850/8 2141/3851/8
f 2141/3851/8 2128/3850/8 2142/3852/8
f 2129/3853/8 2130/3854/8 2143/3855/8
f 2143/3855/8 2130/3854/8 2144/3856/8
f 2131/3857/8 2132/3858/8 2145/3859/8
f 2145/3859/8 2132/3858/8 2146/3860/8
f 2133/3861/8 2134/3862/8 2147/3863/8
f 2147/3863/8 2134/3862/8 2148/3864/8
f 2135/3865/8 2136/3866/8 2149/3867/8
f 2149/3867/8 2136/3866/8 2150/3868/8
f 2137/3869/8 2138/3870/8 2151/3871/8
f 2151/3871/8 2138/3870/8 2152/3872/8
f 2139/3873/8 2140/3874/8 2153/3875/8
f 2153/3875/8 2140/3874/8 2154/3876/8
f 2141/3877/8 2142/3878/8 2155/3879/8
f 2155/3879/8 2142/3878/8 2156/3880/8
f 2143/3881/8 2144/3882/8 2157/3883/8
f 2157/3883/8 2144/3882/8 2158/3884/8
f 2145/3885/8 2146/3886/8 2159/3887/8
f 2159/3887/8 2146/3886/8 2160/3888/8
f 2147/3889/8 2148/3890/8 2161/3891/8
f 2161/3891/8 2148/3890/8 2162/3892/8
f 2149/3893/8 2150/3894/8 2163/3895/8
f 2163/3895/8 2150/3894/8 2164/3896/8
f 2151/3897/8 2152/3898/8 2165/3899/8
f 2165/3899/8 2152/3898/8 2166/3900/8
f 2153/3901/8 2154/3902/8 2167/3903/8
f 2167/3903/8 2154/3902/8 2168/3904/8
f 2155/3905/8 2156/3906/8 2169/3907/8
f 2169/3907/8 2156/3906/8 2170/3908/8
f 2157/3909/8 2158/3910/8 2171/3911/8
f 2171/3911/8 2158/3910/8 2172/3912/8
f 2159/3913/8 2160/3914/8 2173/3915/8
f 2173/3915/8 2160/3914/8 2174/3916/8
f 2161/3917/8 2162/3918/8 2175/3919/8
f 2175/3919/8 2162/3918/8 2176/3920/8
f 2163/3921/8 2164/3922/8 2177/3923/8
f 2177/3923/8 2164/3922/8 2178/3924/8
f 2165/3925/8 2166/3926/8 2179/3927/8
f 2179/3927/8 2166/3926/8 2180/3928/8
f 2167/3929/8 2168/3930/8 2181/3931/8
f 2181/3931/8 2168/3930/8 2182/3932/8
f 2169/3933/8 2170/3934/8 2183/3935/8
f 2183/3935/8 2170/3934/8 2184/3936/8
f 2171/3937/8 2172/3938/8 2185/3939/8
f 2185/3939/8 2172/3938/8 2186/3940/8
f 2173/3941/8 2174/3942/8 2187/3943/8
f 2187/3943/8 2174/3942/8 2188/3944/8
f 2175/3945/8 2176/3946/8 2189/3947/8
f 2189/3947/8 2176/3946/8 2190/3948/8
f 2177/3949/8 2178/3950/8 2191/3951/8
f 2191/3951/8 2178/3950/8 2192/3952/8
f 2179/3953/8 2180/3954/8 2193/3955/8
f 2193/3955/8 2180/3954/8 2194/3956/8
f 2181/3957/8 2182/3958/8 2195/3959/8
f 2195/3959/8 2182/3958/8 2196/3960/8
f 2183/3961/8 2184/3962/8 2197/3963/8
f 2197/3963/8 2184/3962/8 2198/3964/8
f 2185/3965/8 2186/3966/8 2199/3967/8
f 2199/3967/8 2186/3966/8 2200/3968/8
f 2187/3969/8 2188/3970/8 2201/3971/8
f 2201/3971/8 2188/3970/8 2202/3972/8
f 2189/3973/8 2190/3974/8 2203/3975/8
f 2203/3975/8 2190/3974/8 2204/3976/8
f 2191/3977/8 2192/3978/8 2205/3979/8
f 2205/3979/8 2192/3978/8 2206/3980/8
f 2193/3981/8 2194/3982/8 2207/3983/8
f 2207/3983/8 2194/3982/8 2208/3984/8
f 2195/3985/8 2196/3986/8 2209/3987/8
f 2209/3987/8 2196/3986/8 2210/3988/8
f 2197/3989/8 2198/3990/8 2211/3991/8
f 2211/3991/8 2198/3990/8 2212/3992/8
f 2199/3993/8 2200/3994/8 2213/3995/8
f 2213/3995/8 2200/3994/8 2214/3996/8
f 2201/3997/8 2202/3998/8 2215/3999/8
f 2215/3999/8 2202/3998/8 2216/4000/8
f 2203/4001/8 2204/4002/8 2217/4003/8
f 2217/4003/8 2204/4002/8 2218/4004/8
f 2205/4005/8 2206/4006/8 2219/4007/8
f 2219/4007/8 2206/4006/8 2220/4008/8
f 2207/4009/8 2208/4010/8 2221/4011/8
f 2221/4011/8 2208/4010/8 2222/4012/8
f 2209/4013/8 2210/4014/8 2223/4015/8
f 2223/4015/8 2210/4014/8 2224/4016/8
f 2211/4017/8 2212/4018/8 2225/4019/8
f 2225/4019/8 2212/4018/8 2226/4020/8
f 2213/4021/8 2214/4022/8 2227/4023/8
f 2227/4023/8 2214/4022/8 2228/4024/8
f 2215/4025/8 2216/4026/8 2229/4027/8
f 2229/4027/8 2216/4026/8 2230/4028/8
f 2217/4029/8 2218/4030/8 2231/4031/8
f 2231/4031/8 2218/4030/8 2232/4032/8
f 2219/4033/8 2220/4034/8 2233/4035/8
f 2233/4035/8 2220/4034/8 2234/4036/8
f 2221/4037/8 2222/4038/8 2235/4039/8
f 2235/4039/8 2222/4038/8 2236/4040/8
f 2223/4041/8 2224/4042/8 2237/4043/8
f 2237/4043/8 2224/4042/8 2238/4044/8
f 2225/4045/8 2226/4046/8 2239/4047/8
f 2239/4047/8 2226/4046/8 2240/4048/8
f 2227/4049/8 2228/4050/8 2241/4051/8
f 2241/4051/8 2228/4050/8 2242/4052/8
f 2229/4053/8 2230/4054/8 2243/4055/8
f 2243/4055/8 2230/4054/8 2244/4056/8
f 2232/4057/8 2233/4058/8 2245/4059/8
f 2245/4059/8 2233/4058/8 2246/4060/8
f 2234/4061/8 2235/4062/8 2247/4063/8
f 2247/4063/8 2235/4062/8 2248/4064/8
f 2236/4065/8 2237/4066/8 2249/4067/8
f 2249/4067/8 2237/4066/8 2250/4068/8
f 2238/4069/8 2239/4070/8 2251/4071/8
f 2251/4071/8 2239/4070/8 2252/4072/8
f 2240/4073/8 2241/4074/8 2253/4075/8
f 2253/4075/8 2241/4074/8 2254/4076/8
f 2242/4077/8 2243/4078/8 2255/4079/8
f 2255/4079/8 2243/4078/8 2256/4080/8
f 2257/4081/8 2258/4082/8 2259/4083/8
f 2259/4083/8 2258/4082/8 2260/4084/8
f 2261/4085/8 2262/4086/8 2263/4087/8
f 2263/4087/8 2262/4086/8 2264/4088/8
f 2265/4089/8 2266/4090/8 2267/4091/8
f 2267/4091/8 2266/4090/8 2268/4092/8
f 2269/4093/8 2270/4094/8 2271/4095/8
f 2271/4095/8 2270/4094/8 2272/4096/8
f 2273/4097/8 2274/4098/8 2275/4099/8
f 2275/4099/8 2274/4098/8 2276/4100/8
f 2277/4101/8 2278/4102/8 2279/4103/8
f 2279/4103/8 2278/4102/8 2280/4104/8
f 943/1666/10 621/1125/10 623/1127/10
f 1223/2171/10 943/1666/10 623/1127/10
f 1223/2171/10 941/1664/10 943/1666/10
f 1225/2173/10 941/1664/10 1223/2171/10
f 1191/2139/10 941/1664/10 1225/2173/10
f 1227/2175/10 941/1664/10 1191/2139/10
f 1229/2177/10 1191/2139/10 1193/2141/10
f 1201/2149/10 1191/2139/10 1229/2177/10
f 1207/2155/10 1199/2147/10 1201/2149/10
f 1473/2643/10 1207/2155/10 1209/2157/10
f 1475/2645/10 1199/2147/10 1207/2155/10
f 1475/2645/10 1207/2155/10 1473/2643/10
f 1479/2651/10 1473/2643/10 1209/2157/10
f 1481/2653/10 1473/2643/10 1479/2651/10
f 942/1665/10 689/1193/10 624/1128/10
f 944/1667/10 689/1193/10 942/1665/10
f 1192/2140/10 1226/2174/10 1224/2172/10
f 1194/2142/10 1226/2174/10 1192/2140/10
f 1200/2148/10 1228/2176/10 1194/2142/10
f 1202/2150/10 1228/2176/10 1200/2148/10
f 1208/2156/10 1200/2148/10 1230/2178/10
f 1210/2158/10 1200/2148/10 1208/2156/10
f 1482/2654/10 1476/2646/10 1474/2644/10
f 1769/3161/10 1476/2646/10 1482/2654/10
f 1771/3163/10 715/1219/10 691/1195/10
f 1795/3187/10 715/1219/10 1771/3163/10
f 622/4105/10 165/237/10 167/239/10
f 625/4106/10 189/261/10 165/263/10
f 625/4107/10 165/237/10 622/4105/10
f 629/4108/10 203/289/10 189/291/10
f 629/4109/10 189/261/10 625/4106/10
f 631/4110/10 217/317/10 203/319/10
f 631/4111/10 203/289/10 629/4108/10
f 633/4112/10 231/345/10 217/347/10
f 633/4113/10 217/317/10 631/4110/10
f 635/4114/10 245/373/10 231/375/10
f 635/4115/10 231/345/10 633/4112/10
f 637/4116/10 259/401/10 245/403/10
f 637/4117/10 245/373/10 635/4114/10
f 639/4118/10 273/429/10 259/431/10
f 639/4119/10 259/401/10 637/4116/10
f 641/4120/10 287/457/10 273/459/10
f 641/4121/10 273/429/10 639/4118/10
f 643/4122/10 301/485/10 287/487/10
f 643/4123/10 287/457/10 641/4120/10
f 645/4124/10 315/513/10 301/515/10
f 645/4125/10 301/485/10 643/4122/10
f 647/4126/10 329/541/10 315/543/10
f 647/4127/10 315/513/10 645/4124/10
f 649/4128/10 343/569/10 329/571/10
f 649/4129/10 329/541/10 647/4126/10
f 651/4130/10 357/597/10 343/599/10
f 651/4131/10 343/569/10 649/4128/10
f 653/4132/10 371/625/10 357/627/10
f 653/4133/10 357/597/10 651/4130/10
f 655/4134/10 385/653/10 371/655/10
f 655/4135/10 371/625/10 653/4132/10
f 657/4136/10 399/681/10 385/683/10
f 657/4137/10 385/653/10 655/4134/10
f 659/4138/10 413/709/10 399/711/10
f 659/4139/10 399/681/10 657/4136/10
f 661/4140/10 427/737/10 413/739/10
f 661/4141/10 413/709/10 659/4138/10
f 663/4142/10 441/765/10 427/767/10
f 663/4143/10 427/737/10 661/4140/10
f 665/4144/10 455/793/10 441/795/10
f 665/4145/10 441/765/10 663/4142/10
f 667/4146/10 469/821/10 455/823/10
f 667/4147/10 455/793/10 665/4144/10
f 669/4148/10 483/849/10 469/851/10
f 669/4149/10 469/821/10 667/4146/10
f 671/4150/10 497/877/10 483/879/10
f 671/4151/10 483/849/10 669/4148/10
f 673/4152/10 511/905/10 497/907/10
f 673/4153/10 497/877/10 671/4150/10
f 675/4154/10 525/933/10 511/935/10
f 675/4155/10 511/905/10 673/4152/10
f 677/4156/10 539/961/10 525/963/10
f 677/4157/10 525/933/10 675/4154/10
f 679/4158/10 553/989/10 539/991/10
f 679/4159/10 539/961/10 677/4156/10
f 681/4160/10 567/1017/10 553/1019/10
f 681/4161/10 553/989/10 679/4158/10
f 683/4162/10 581/1045/10 567/1047/10
f 683/4163/10 567/1017/10 681/4160/10
f 685/4164/10 595/1073/10 581/1075/10
f 685/4165/10 581/1045/10 683/4162/10
f 687/4166/10 595/1073/10 685/4164/10
f 1797/3189/10 1493/4167/10 1480/4168/10
f 1801/3217/10 1497/4169/10 1493/4170/10
f 1801/3193/10 1493/4167/10 1797/3189/10
f 1825/3245/10 1519/4171/10 1497/4172/10
f 1825/3219/10 1497/4169/10 1801/3217/10
f 1839/3273/10 1523/4173/10 1519/4174/10
f 1839/3247/10 1519/4171/10 1825/3245/10
f 1853/3301/10 1537/4175/10 1523/4176/10
f 1853/3275/10 1523/4173/10 1839/3273/10
f 1867/3329/10 1541/4177/10 1537/4178/10
f 1867/3303/10 1537/4175/10 1853/3301/10
f 1881/3357/10 1555/4179/10 1541/4180/10
f 1881/3331/10 1541/4177/10 1867/3329/10
f 1895/3385/10 1559/4181/10 1555/4182/10
f 1895/3359/10 1555/4179/10 1881/3357/10
f 1909/3413/10 1573/4183/10 1559/4184/10
f 1909/3387/10 1559/4181/10 1895/3385/10
f 1923/3441/10 1577/4185/10 1573/4186/10
f 1923/3415/10 1573/4183/10 1909/3413/10
f 1937/3469/10 1591/4187/10 1577/4188/10
f 1937/3443/10 1577/4185/10 1923/3441/10
f 1951/3497/10 1595/4189/10 1591/4190/10
f 1951/3471/10 1591/4187/10 1937/3469/10
f 1965/3525/10 1609/4191/10 1595/4192/10
f 1965/3499/10 1595/4189/10 1951/3497/10
f 1979/3553/10 1613/4193/10 1609/4194/10
f 1979/3527/10 1609/4191/10 1965/3525/10
f 1993/3581/10 1627/4195/10 1613/4196/10
f 1993/3555/10 1613/4193/10 1979/3553/10
f 2007/3609/10 1631/4197/10 1627/4198/10
f 2007/3583/10 1627/4195/10 1993/3581/10
f 2021/3637/10 1645/4199/10 1631/4200/10
f 2021/3611/10 1631/4197/10 2007/3609/10
f 2035/3665/10 1649/4201/10 1645/4202/10
f 2035/3639/10 1645/4199/10 2021/3637/10
f 2049/3693/10 1663/4203/10 1649/4204/10
f 2049/3667/10 1649/4201/10 2035/3665/10
f 2063/3721/10 1667/4205/10 1663/4206/10
f 2063/3695/10 1663/4203/10 2049/3693/10
f 2077/3749/10 1681/4207/10 1667/4208/10
f 2077/3723/10 1667/4205/10 2063/3721/10
f 2091/3777/10 1685/4209/10 1681/4210/10
f 2091/3751/10 1681/4207/10 2077/3749/10
f 2105/3805/10 1699/4211/10 1685/4212/10
f 2105/3779/10 1685/4209/10 2091/3777/10
f 2119/3833/10 1703/4213/10 1699/4214/10
f 2119/3807/10 1699/4211/10 2105/3805/10
f 2133/3861/10 1717/4215/10 1703/4216/10
f 2133/3835/10 1703/4213/10 2119/3833/10
f 2147/3889/10 1721/4217/10 1717/4218/10
f 2147/3863/10 1717/4215/10 2133/3861/10
f 2161/3917/10 1735/4219/10 1721/4220/10
f 2161/3891/10 1721/4217/10 2147/3889/10
f 2175/3945/10 1739/4221/10 1735/4222/10
f 2175/3919/10 1735/4219/10 2161/3917/10
f 2189/3973/10 1751/4223/10 1739/4224/10
f 2189/3947/10 1739/4221/10 2175/3945/10
f 2203/4001/10 1755/4225/10 1751/4226/10
f 2203/3975/10 1751/4223/10 2189/3973/10
f 2217/4029/10 1767/4227/10 1755/4228/10
f 2217/4003/10 1755/4225/10 2203/4001/10
f 2231/4031/10 1767/4227/10 2217/4029/10
f 1243/2191/10 1175/2119/10 1177/2121/10
f 1245/2193/10 1175/2119/10 1243/2191/10
f 166/4229/10 137/209/10 139/211/10
f 168/4230/11 137/209/10 166/4229/10
f 190/4231/12 137/209/10 168/4230/11
f 204/4232/10 137/209/10 190/4231/12
f 218/4233/13 137/209/10 204/4232/10
f 232/4234/14 137/209/10 218/4233/13
f 246/4235/10 137/209/10 232/4234/14
f 260/4236/10 137/209/10 246/4235/10
f 274/4237/15 137/209/10 260/4236/10
f 288/4238/11 137/209/10 274/4237/15
f 302/4239/10 137/209/10 288/4238/11
f 316/4240/14 137/209/10 302/4239/10
f 330/4241/16 137/209/10 316/4240/14
f 344/4242/10 137/209/10 330/4241/16
f 358/4243/10 137/209/10 344/4242/10
f 372/4244/10 137/209/10 358/4243/10
f 386/4245/10 137/209/10 372/4244/10
f 400/4246/10 137/209/10 386/4245/10
f 414/4247/10 137/209/10 400/4246/10
f 428/4248/10 137/209/10 414/4247/10
f 442/4249/10 137/209/10 428/4248/10
f 456/4250/10 137/209/10 442/4249/10
f 470/4251/10 137/209/10 456/4250/10
f 484/4252/10 137/209/10 470/4251/10
f 498/4253/10 137/209/10 484/4252/10
f 512/4254/10 137/209/10 498/4253/10
f 526/4255/11 137/209/10 512/4254/10
f 540/4256/10 137/209/10 526/4255/11
f 554/4257/10 137/209/10 540/4256/10
f 568/4258/10 137/209/10 554/4257/10
f 582/4259/10 137/209/10 568/4258/10
f 596/1103/10 137/209/10 582/4259/10
f 690/1194/10 609/1101/10 596/1103/10
f 692/1196/10 609/1101/10 690/1194/10
f 2232/4057/10 1772/3164/10 1770/3162/10
f 2245/4059/10 1772/3164/10 2232/4057/10
f 2257/4081/10 2218/4260/10 2204/4261/17
f 2257/4081/10 1802/4262/10 1799/4263/10
f 2257/4081/10 2232/4057/10 2218/4260/10
f 2257/4081/10 1826/4264/10 1802/4262/10
f 2257/4081/10 2204/4261/17 2190/4265/10
f 2257/4081/10 2190/4265/10 2176/4266/10
f 2257/4081/10 2176/4266/10 2162/4267/10
f 2257/4081/10 2162/4267/10 2148/4268/18
f 2257/4081/10 2148/4268/18 2134/4269/10
f 2257/4081/10 2134/4269/10 2120/4270/17
f 2257/4081/10 2120/4270/17 2106/4271/14
f 2257/4081/10 2106/4271/14 2092/4272/10
f 2257/4081/10 2092/4272/10 2078/4273/11
f 2257/4081/10 2078/4273/11 2064/4274/17
f 2257/4081/10 2064/4274/17 2050/4275/10
f 2257/4081/10 2050/4275/10 2036/4276/17
f 2257/4081/10 2036/4276/17 2022/4277/10
f 2257/4081/10 2022/4277/10 2008/4278/10
f 2257/4081/10 2008/4278/10 1994/4279/10
f 2257/4081/10 1994/4279/10 1980/4280/16
f 2257/4081/10 1980/4280/16 1966/4281/10
f 2257/4081/10 1966/4281/10 1952/4282/19
f 2257/4081/10 1952/4282/19 1938/4283/10
f 2257/4081/10 1938/4283/10 1924/4284/14
f 2257/4081/10 1924/4284/14 1910/4285/10
f 2257/4081/10 1910/4285/10 1896/4286/11
f 2257/4081/10 1896/4286/11 1882/4287/10
f 2257/4081/10 1882/4287/10 1868/4288/14
f 2257/4081/10 1868/4288/14 1854/4289/10
f 2257/4081/10 1854/4289/10 1840/4290/10
f 2257/4081/10 1840/4290/10 1826/4264/10
f 2259/4083/10 2232/4057/10 2257/4081/10
f 170/4291/10 141/213/10 143/215/10
f 172/4292/10 141/213/10 170/4291/10
f 192/4293/10 141/213/10 172/4292/10
f 206/4294/14 141/213/10 192/4293/10
f 220/4295/10 141/213/10 206/4294/14
f 234/4296/11 141/213/10 220/4295/10
f 248/4297/10 141/213/10 234/4296/11
f 262/4298/14 141/213/10 248/4297/10
f 276/4299/10 141/213/10 262/4298/14
f 290/4300/10 141/213/10 276/4299/10
f 304/4301/10 141/213/10 290/4300/10
f 318/4302/10 141/213/10 304/4301/10
f 332/4303/10 141/213/10 318/4302/10
f 346/4304/10 141/213/10 332/4303/10
f 360/4305/20 141/213/10 346/4304/10
f 374/4306/10 141/213/10 360/4305/20
f 388/4307/20 141/213/10 374/4306/10
f 402/4308/10 141/213/10 388/4307/20
f 416/4309/10 141/213/10 402/4308/10
f 430/4310/10 141/213/10 416/4309/10
f 444/4311/10 141/213/10 430/4310/10
f 458/4312/10 141/213/10 444/4311/10
f 472/4313/10 141/213/10 458/4312/10
f 486/4314/11 141/213/10 472/4313/10
f 500/4315/10 141/213/10 486/4314/11
f 514/4316/10 141/213/10 500/4315/10
f 528/4317/10 141/213/10 514/4316/10
f 542/4318/10 141/213/10 528/4317/10
f 556/4319/10 141/213/10 542/4318/10
f 570/4320/10 141/213/10 556/4319/10
f 584/4321/10 141/213/10 570/4320/10
f 598/1107/10 141/213/10 584/4321/10
f 694/1198/10 611/1105/10 598/1107/10
f 696/1200/10 611/1105/10 694/1198/10
f 2234/4061/10 1776/3168/10 1774/3166/10
f 2247/4063/10 1776/3168/10 2234/4061/10
f 2261/4085/10 2220/4322/10 2206/4323/10
f 2261/4085/10 1804/4324/10 1798/4325/10
f 2261/4085/10 2234/4061/10 2220/4322/10
f 2261/4085/10 1828/4326/10 1804/4324/10
f 2261/4085/10 2206/4323/10 2192/4327/14
f 2261/4085/10 2192/4327/14 2178/4328/17
f 2261/4085/10 2178/4328/17 2164/4329/10
f 2261/4085/10 2164/4329/10 2150/4330/10
f 2261/4085/10 2150/4330/10 2136/4331/11
f 2261/4085/10 2136/4331/11 2122/4332/10
f 2261/4085/10 2122/4332/10 2108/4333/16
f 2261/4085/10 2108/4333/16 2094/4334/19
f 2261/4085/10 2094/4334/19 2080/4335/10
f 2261/4085/10 2080/4335/10 2066/4336/11
f 2261/4085/10 2066/4336/11 2052/4337/14
f 2261/4085/10 2052/4337/14 2038/4338/11
f 2261/4085/10 2038/4338/11 2024/4339/10
f 2261/4085/10 2024/4339/10 2010/4340/16
f 2261/4085/10 2010/4340/16 1996/4341/10
f 2261/4085/10 1996/4341/10 1982/4342/14
f 2261/4085/10 1982/4342/14 1968/4343/10
f 2261/4085/10 1968/4343/10 1954/4344/17
f 2261/4085/10 1954/4344/17 1940/4345/11
f 2261/4085/10 1940/4345/11 1926/4346/17
f 2261/4085/10 1926/4346/17 1912/4347/10
f 2261/4085/10 1912/4347/10 1898/4348/11
f 2261/4085/10 1898/4348/11 1884/4349/10
f 2261/4085/10 1884/4349/10 1870/4350/10
f 2261/4085/10 1870/4350/10 1856/4351/10
f 2261/4085/10 1856/4351/10 1842/4352/10
f 2261/4085/10 1842/4352/10 1828/4326/10
f 2263/4087/10 2234/4061/10 2261/4085/10
f 174/4353/10 145/217/10 147/219/10
f 176/4354/17 145/217/10 174/4353/10
f 194/4355/12 145/217/10 176/4354/17
f 208/4356/14 145/217/10 194/4355/12
f 222/4357/10 145/217/10 208/4356/14
f 236/4358/10 145/217/10 222/4357/10
f 250/4359/10 145/217/10 236/4358/10
f 264/4360/10 145/217/10 250/4359/10
f 278/4361/15 145/217/10 264/4360/10
f 292/4362/10 145/217/10 278/4361/15
f 306/4363/10 145/217/10 292/4362/10
f 320/4364/14 145/217/10 306/4363/10
f 334/4365/10 145/217/10 320/4364/14
f 348/4366/10 145/217/10 334/4365/10
f 362/4367/10 145/217/10 348/4366/10
f 376/4368/10 145/217/10 362/4367/10
f 390/4369/10 145/217/10 376/4368/10
f 404/4370/10 145/217/10 390/4369/10
f 418/4371/18 145/217/10 404/4370/10
f 432/4372/10 145/217/10 418/4371/18
f 446/4373/10 145/217/10 432/4372/10
f 460/4374/10 145/217/10 446/4373/10
f 474/4375/10 145/217/10 460/4374/10
f 488/4376/10 145/217/10 474/4375/10
f 502/4377/10 145/217/10 488/4376/10
f 516/4378/10 145/217/10 502/4377/10
f 530/4379/10 145/217/10 516/4378/10
f 544/4380/10 145/217/10 530/4379/10
f 558/4381/11 145/217/10 544/4380/10
f 572/4382/10 145/217/10 558/4381/11
f 586/4383/10 145/217/10 572/4382/10
f 600/1111/10 145/217/10 586/4383/10
f 698/1202/10 613/1109/10 600/1111/10
f 700/1204/10 613/1109/10 698/1202/10
f 2236/4065/10 1780/3172/10 1778/3170/10
f 2249/4067/10 1780/3172/10 2236/4065/10
f 2265/4089/10 2222/4384/10 2208/4385/18
f 2265/4089/10 1808/4386/10 1806/4387/10
f 2265/4089/10 2236/4065/10 2222/4384/10
f 2265/4089/10 1830/4388/10 1808/4386/10
f 2265/4089/10 2208/4385/18 2194/4389/10
f 2265/4089/10 2194/4389/10 2180/4390/19
f 2265/4089/10 2180/4390/19 2166/4391/10
f 2265/4089/10 2166/4391/10 2152/4392/20
f 2265/4089/10 2152/4392/20 2138/4393/10
f 2265/4089/10 2138/4393/10 2124/4394/18
f 2265/4089/10 2124/4394/18 2110/4395/10
f 2265/4089/10 2110/4395/10 2096/4396/21
f 2265/4089/10 2096/4396/21 2082/4397/14
f 2265/4089/10 2082/4397/14 2068/4398/18
f 2265/4089/10 2068/4398/18 2054/4399/10
f 2265/4089/10 2054/4399/10 2040/4400/18
f 2265/4089/10 2040/4400/18 2026/4401/14
f 2265/4089/10 2026/4401/14 2012/4402/21
f 2265/4089/10 2012/4402/21 1998/4403/14
f 2265/4089/10 1998/4403/14 1984/4404/17
f 2265/4089/10 1984/4404/17 1970/4405/10
f 2265/4089/10 1970/4405/10 1956/4406/10
f 2265/4089/10 1956/4406/10 1942/4407/10
f 2265/4089/10 1942/4407/10 1928/4408/10
f 2265/4089/10 1928/4408/10 1914/4409/10
f 2265/4089/10 1914/4409/10 1900/4410/10
f 2265/4089/10 1900/4410/10 1886/4411/10
f 2265/4089/10 1886/4411/10 1872/4412/14
f 2265/4089/10 1872/4412/14 1858/4413/11
f 2265/4089/10 1858/4413/11 1844/4414/10
f 2265/4089/10 1844/4414/10 1830/4388/10
f 2267/4091/10 2236/4065/10 2265/4089/10
f 178/4415/10 149/221/10 151/223/10
f 180/4416/10 149/221/10 178/4415/10
f 196/4417/10 149/221/10 180/4416/10
f 210/4418/10 149/221/10 196/4417/10
f 224/4419/10 149/221/10 210/4418/10
f 238/4420/10 149/221/10 224/4419/10
f 252/4421/15 149/221/10 238/4420/10
f 266/4422/10 149/221/10 252/4421/15
f 280/4423/10 149/221/10 266/4422/10
f 294/4424/11 149/221/10 280/4423/10
f 308/4425/10 149/221/10 294/4424/11
f 322/4426/14 149/221/10 308/4425/10
f 336/4427/10 149/221/10 322/4426/14
f 350/4428/11 149/221/10 336/4427/10
f 364/4429/10 149/221/10 350/4428/11
f 378/4430/11 149/221/10 364/4429/10
f 392/4431/10 149/221/10 378/4430/11
f 406/4432/10 149/221/10 392/4431/10
f 420/4433/10 149/221/10 406/4432/10
f 434/4434/10 149/221/10 420/4433/10
f 448/4435/10 149/221/10 434/4434/10
f 462/4436/10 149/221/10 448/4435/10
f 476/4437/10 149/221/10 462/4436/10
f 490/4438/10 149/221/10 476/4437/10
f 504/4439/10 149/221/10 490/4438/10
f 518/4440/10 149/221/10 504/4439/10
f 532/4441/10 149/221/10 518/4440/10
f 546/4442/10 149/221/10 532/4441/10
f 560/4443/10 149/221/10 546/4442/10
f 574/4444/10 149/221/10 560/4443/10
f 588/4445/10 149/221/10 574/4444/10
f 602/1115/10 149/221/10 588/4445/10
f 702/1206/10 615/1113/10 602/1115/10
f 704/1208/10 615/1113/10 702/1206/10
f 2238/4069/10 1784/3176/10 1782/3174/10
f 2251/4071/10 1784/3176/10 2238/4069/10
f 2269/4093/10 2224/4446/10 2210/4447/15
f 2269/4093/10 1812/4448/10 1810/4449/10
f 2269/4093/10 2238/4069/10 2224/4446/10
f 2269/4093/10 1832/4450/10 1812/4448/10
f 2269/4093/10 2210/4447/15 2196/4451/11
f 2269/4093/10 2196/4451/11 2182/4452/15
f 2269/4093/10 2182/4452/15 2168/4453/11
f 2269/4093/10 2168/4453/11 2154/4454/13
f 2269/4093/10 2154/4454/13 2140/4455/14
f 2269/4093/10 2140/4455/14 2126/4456/10
f 2269/4093/10 2126/4456/10 2112/4457/10
f 2269/4093/10 2112/4457/10 2098/4458/10
f 2269/4093/10 2098/4458/10 2084/4459/11
f 2269/4093/10 2084/4459/11 2070/4460/10
f 2269/4093/10 2070/4460/10 2056/4461/10
f 2269/4093/10 2056/4461/10 2042/4462/10
f 2269/4093/10 2042/4462/10 2028/4463/10
f 2269/4093/10 2028/4463/10 2014/4464/10
f 2269/4093/10 2014/4464/10 2000/4465/10
f 2269/4093/10 2000/4465/10 1986/4466/10
f 2269/4093/10 1986/4466/10 1972/4467/11
f 2269/4093/10 1972/4467/11 1958/4468/10
f 2269/4093/10 1958/4468/10 1944/4469/10
f 2269/4093/10 1944/4469/10 1930/4470/10
f 2269/4093/10 1930/4470/10 1916/4471/10
f 2269/4093/10 1916/4471/10 1902/4472/10
f 2269/4093/10 1902/4472/10 1888/4473/10
f 2269/4093/10 1888/4473/10 1874/4474/14
f 2269/4093/10 1874/4474/14 1860/4475/10
f 2269/4093/10 1860/4475/10 1846/4476/14
f 2269/4093/10 1846/4476/14 1832/4450/10
f 2271/4095/10 2238/4069/10 2269/4093/10
f 182/4477/10 153/225/10 155/227/10
f 184/4478/17 153/225/10 182/4477/10
f 198/4479/10 153/225/10 184/4478/17
f 212/4480/10 153/225/10 198/4479/10
f 226/4481/10 153/225/10 212/4480/10
f 240/4482/10 153/225/10 226/4481/10
f 254/4483/10 153/225/10 240/4482/10
f 268/4484/10 153/225/10 254/4483/10
f 282/4485/10 153/225/10 268/4484/10
f 296/4486/10 153/225/10 282/4485/10
f 310/4487/10 153/225/10 296/4486/10
f 324/4488/10 153/225/10 310/4487/10
f 338/4489/10 153/225/10 324/4488/10
f 352/4490/11 153/225/10 338/4489/10
f 366/4491/10 153/225/10 352/4490/11
f 380/4492/10 153/225/10 366/4491/10
f 394/4493/10 153/225/10 380/4492/10
f 408/4494/10 153/225/10 394/4493/10
f 422/4495/10 153/225/10 408/4494/10
f 436/4496/10 153/225/10 422/4495/10
f 450/4497/10 153/225/10 436/4496/10
f 464/4498/10 153/225/10 450/4497/10
f 478/4499/10 153/225/10 464/4498/10
f 492/4500/10 153/225/10 478/4499/10
f 506/4501/10 153/225/10 492/4500/10
f 520/4502/10 153/225/10 506/4501/10
f 534/4503/17 153/225/10 520/4502/10
f 548/4504/10 153/225/10 534/4503/17
f 562/4505/10 153/225/10 548/4504/10
f 576/4506/10 153/225/10 562/4505/10
f 590/4507/10 153/225/10 576/4506/10
f 604/1119/10 153/225/10 590/4507/10
f 706/1210/10 617/1117/10 604/1119/10
f 708/1212/10 617/1117/10 706/1210/10
f 2240/4073/10 1788/3180/10 1786/3178/10
f 2253/4075/10 1788/3180/10 2240/4073/10
f 2273/4097/10 2226/4508/10 2212/4509/20
f 2273/4097/10 1816/4510/10 1814/4511/10
f 2273/4097/10 2240/4073/10 2226/4508/10
f 2273/4097/10 1834/4512/10 1816/4510/10
f 2273/4097/10 2212/4509/20 2198/4513/11
f 2273/4097/10 2198/4513/11 2184/4514/17
f 2273/4097/10 2184/4514/17 2170/4515/10
f 2273/4097/10 2170/4515/10 2156/4516/21
f 2273/4097/10 2156/4516/21 2142/4517/10
f 2273/4097/10 2142/4517/10 2128/4518/18
f 2273/4097/10 2128/4518/18 2114/4519/10
f 2273/4097/10 2114/4519/10 2100/4520/16
f 2273/4097/10 2100/4520/16 2086/4521/10
f 2273/4097/10 2086/4521/10 2072/4522/20
f 2273/4097/10 2072/4522/20 2058/4523/11
f 2273/4097/10 2058/4523/11 2044/4524/20
f 2273/4097/10 2044/4524/20 2030/4525/10
f 2273/4097/10 2030/4525/10 2016/4526/16
f 2273/4097/10 2016/4526/16 2002/4527/10
f 2273/4097/10 2002/4527/10 1988/4528/16
f 2273/4097/10 1988/4528/16 1974/4529/14
f 2273/4097/10 1974/4529/14 1960/4530/10
f 2273/4097/10 1960/4530/10 1946/4531/10
f 2273/4097/10 1946/4531/10 1932/4532/10
f 2273/4097/10 1932/4532/10 1918/4533/10
f 2273/4097/10 1918/4533/10 1904/4534/18
f 2273/4097/10 1904/4534/18 1890/4535/10
f 2273/4097/10 1890/4535/10 1876/4536/10
f 2273/4097/10 1876/4536/10 1862/4537/10
f 2273/4097/10 1862/4537/10 1848/4538/10
f 2273/4097/10 1848/4538/10 1834/4512/10
f 2275/4099/10 2240/4073/10 2273/4097/10
f 161/4539/10 157/229/10 159/231/10
f 186/4540/20 157/229/10 161/4539/10
f 200/4541/22 157/229/10 186/4540/20
f 214/4542/14 157/229/10 200/4541/22
f 228/4543/23 157/229/10 214/4542/14
f 242/4544/16 157/229/10 228/4543/23
f 256/4545/23 157/229/10 242/4544/16
f 270/4546/10 157/229/10 256/4545/23
f 284/4547/10 157/229/10 270/4546/10
f 298/4548/16 157/229/10 284/4547/10
f 312/4549/24 157/229/10 298/4548/16
f 326/4550/19 157/229/10 312/4549/24
f 340/4551/10 157/229/10 326/4550/19
f 354/4552/11 157/229/10 340/4551/10
f 368/4553/15 157/229/10 354/4552/11
f 382/4554/10 157/229/10 368/4553/15
f 396/4555/10 157/229/10 382/4554/10
f 410/4556/10 157/229/10 396/4555/10
f 424/4557/15 157/229/10 410/4556/10
f 438/4558/10 157/229/10 424/4557/15
f 452/4559/10 157/229/10 438/4558/10
f 466/4560/11 157/229/10 452/4559/10
f 480/4561/10 157/229/10 466/4560/11
f 494/4562/10 157/229/10 480/4561/10
f 508/4563/20 157/229/10 494/4562/10
f 522/4564/10 157/229/10 508/4563/20
f 536/4565/14 157/229/10 522/4564/10
f 550/4566/10 157/229/10 536/4565/14
f 564/4567/10 157/229/10 550/4566/10
f 578/4568/10 157/229/10 564/4567/10
f 592/4569/14 157/229/10 578/4568/10
f 606/1123/10 157/229/10 592/4569/14
f 710/1214/10 619/1121/10 606/1123/10
f 712/1216/10 619/1121/10 710/1214/10
f 1235/2183/10 1203/2151/10 1205/2153/10
f 1237/2185/10 1203/2151/10 1235/2183/10
f 2242/4077/10 1792/3184/10 1790/3182/10
f 2255/4079/10 1792/3184/10 2242/4077/10
f 2277/4101/10 2228/4570/16 2214/4571/24
f 2277/4101/10 1820/4572/10 1818/4573/10
f 2277/4101/10 2242/4077/10 2228/4570/16
f 2277/4101/10 1836/4574/10 1820/4572/10
f 2277/4101/10 2214/4571/24 2200/4575/14
f 2277/4101/10 2200/4575/14 2186/4576/11
f 2277/4101/10 2186/4576/11 2172/4577/14
f 2277/4101/10 2172/4577/14 2158/4578/14
f 2277/4101/10 2158/4578/14 2144/4579/10
f 2277/4101/10 2144/4579/10 2130/4580/14
f 2277/4101/10 2130/4580/14 2116/4581/10
f 2277/4101/10 2116/4581/10 2102/4582/21
f 2277/4101/10 2102/4582/21 2088/4583/10
f 2277/4101/10 2088/4583/10 2074/4584/14
f 2277/4101/10 2074/4584/14 2060/4585/10
f 2277/4101/10 2060/4585/10 2046/4586/14
f 2277/4101/10 2046/4586/14 2032/4587/10
f 2277/4101/10 2032/4587/10 2018/4588/17
f 2277/4101/10 2018/4588/17 2004/4589/10
f 2277/4101/10 2004/4589/10 1990/4590/17
f 2277/4101/10 1990/4590/17 1976/4591/14
f 2277/4101/10 1976/4591/14 1962/4592/14
f 2277/4101/10 1962/4592/14 1948/4593/10
f 2277/4101/10 1948/4593/10 1934/4594/14
f 2277/4101/10 1934/4594/14 1920/4595/11
f 2277/4101/10 1920/4595/11 1906/4596/10
f 2277/4101/10 1906/4596/10 1892/4597/10
f 2277/4101/10 1892/4597/10 1878/4598/14
f 2277/4101/10 1878/4598/14 1864/4599/10
f 2277/4101/10 1864/4599/10 1850/4600/14
f 2277/4101/10 1850/4600/14 1836/4574/10
f 2279/4103/10 2242/4077/10 2277/4101/10
f 1219/2167/10 1183/2131/10 1185/2133/10
f 1221/2169/10 1183/2131/10 1219/2167/10
f 1172/2116/10 945/1668/10 719/1223/10
f 1174/2118/10 945/1668/10 1172/2116/10
f 138/210/25 140/212/25 171/4601/25
f 171/4601/25 140/212/25 169/4602/26
f 169/4602/26 140/212/25 191/4603/27
f 191/4603/27 140/212/25 205/4604/26
f 205/4604/26 140/212/25 219/4605/25
f 219/4605/25 140/212/25 233/4606/25
f 233/4606/25 140/212/25 247/4607/27
f 247/4607/27 140/212/25 261/4608/26
f 261/4608/26 140/212/25 275/4609/28
f 275/4609/28 140/212/25 289/4610/25
f 289/4610/25 140/212/25 303/4611/25
f 303/4611/25 140/212/25 317/4612/29
f 317/4612/29 140/212/25 331/4613/30
f 331/4613/30 140/212/25 345/4614/29
f 345/4614/29 140/212/25 359/4615/25
f 359/4615/25 140/212/25 373/4616/25
f 373/4616/25 140/212/25 387/4617/25
f 387/4617/25 140/212/25 401/4618/25
f 401/4618/25 140/212/25 415/4619/25
f 415/4619/25 140/212/25 429/4620/25
f 429/4620/25 140/212/25 443/4621/25
f 443/4621/25 140/212/25 457/4622/25
f 457/4622/25 140/212/25 471/4623/25
f 471/4623/25 140/212/25 485/4624/25
f 485/4624/25 140/212/25 499/4625/25
f 499/4625/25 140/212/25 513/4626/25
f 513/4626/25 140/212/25 527/4627/25
f 527/4627/25 140/212/25 541/4628/25
f 541/4628/25 140/212/25 555/4629/25
f 555/4629/25 140/212/25 569/4630/25
f 569/4630/25 140/212/25 583/4631/25
f 583/4631/25 140/212/25 597/1102/25
f 597/1102/25 610/1104/25 695/1199/25
f 695/1199/25 610/1104/25 693/1197/25
f 1773/3165/25 1775/3167/25 2233/4058/25
f 2233/4058/25 1775/3167/25 2246/4060/25
f 2205/4632/25 2219/4633/25 2258/4082/25
f 1800/4634/25 1803/4635/25 2258/4082/25
f 2219/4633/25 2233/4058/25 2258/4082/25
f 1803/4635/25 1827/4636/25 2258/4082/25
f 2191/4637/25 2205/4632/25 2258/4082/25
f 2177/4638/25 2191/4637/25 2258/4082/25
f 2163/4639/29 2177/4638/25 2258/4082/25
f 2149/4640/25 2163/4639/29 2258/4082/25
f 2135/4641/26 2149/4640/25 2258/4082/25
f 2121/4642/25 2135/4641/26 2258/4082/25
f 2107/4643/25 2121/4642/25 2258/4082/25
f 2093/4644/25 2107/4643/25 2258/4082/25
f 2079/4645/25 2093/4644/25 2258/4082/25
f 2065/4646/25 2079/4645/25 2258/4082/25
f 2051/4647/25 2065/4646/25 2258/4082/25
f 2037/4648/25 2051/4647/25 2258/4082/25
f 2023/4649/25 2037/4648/25 2258/4082/25
f 2009/4650/31 2023/4649/25 2258/4082/25
f 1995/4651/25 2009/4650/31 2258/4082/25
f 1981/4652/31 1995/4651/25 2258/4082/25
f 1967/4653/29 1981/4652/31 2258/4082/25
f 1953/4654/30 1967/4653/29 2258/4082/25
f 1939/4655/25 1953/4654/30 2258/4082/25
f 1925/4656/25 1939/4655/25 2258/4082/25
f 1911/4657/25 1925/4656/25 2258/4082/25
f 1897/4658/25 1911/4657/25 2258/4082/25
f 1883/4659/25 1897/4658/25 2258/4082/25
f 1869/4660/25 1883/4659/25 2258/4082/25
f 1855/4661/25 1869/4660/25 2258/4082/25
f 1841/4662/25 1855/4661/25 2258/4082/25
f 1827/4636/25 1841/4662/25 2258/4082/25
f 2258/4082/25 2233/4058/25 2260/4084/25
f 142/214/25 144/216/25 175/4663/25
f 175/4663/25 144/216/25 173/4664/26
f 173/4664/26 144/216/25 193/4665/25
f 193/4665/25 144/216/25 207/4666/25
f 207/4666/25 144/216/25 221/4667/28
f 221/4667/28 144/216/25 235/4668/25
f 235/4668/25 144/216/25 249/4669/28
f 249/4669/28 144/216/25 263/4670/25
f 263/4670/25 144/216/25 277/4671/25
f 277/4671/25 144/216/25 291/4672/26
f 291/4672/26 144/216/25 305/4673/25
f 305/4673/25 144/216/25 319/4674/25
f 319/4674/25 144/216/25 333/4675/25
f 333/4675/25 144/216/25 347/4676/25
f 347/4676/25 144/216/25 361/4677/25
f 361/4677/25 144/216/25 375/4678/25
f 375/4678/25 144/216/25 389/4679/25
f 389/4679/25 144/216/25 403/4680/25
f 403/4680/25 144/216/25 417/4681/25
f 417/4681/25 144/216/25 431/4682/25
f 431/4682/25 144/216/25 445/4683/25
f 445/4683/25 144/216/25 459/4684/25
f 459/4684/25 144/216/25 473/4685/25
f 473/4685/25 144/216/25 487/4686/25
f 487/4686/25 144/216/25 501/4687/25
f 501/4687/25 144/216/25 515/4688/25
f 515/4688/25 144/216/25 529/4689/26
f 529/4689/26 144/216/25 543/4690/25
f 543/4690/25 144/216/25 557/4691/25
f 557/4691/25 144/216/25 571/4692/25
f 571/4692/25 144/216/25 585/4693/25
f 585/4693/25 144/216/25 599/1106/25
f 599/1106/25 612/1108/25 699/1203/25
f 699/1203/25 612/1108/25 697/1201/25
f 1777/3169/25 1779/3171/25 2235/4062/25
f 2235/4062/25 1779/3171/25 2248/4064/25
f 2207/4694/25 2221/4695/29 2262/4086/25
f 1805/4696/25 1807/4697/25 2262/4086/25
f 2221/4695/29 2235/4062/25 2262/4086/25
f 1807/4697/25 1829/4698/25 2262/4086/25
f 2193/4699/25 2207/4694/25 2262/4086/25
f 2179/4700/25 2193/4699/25 2262/4086/25
f 2165/4701/25 2179/4700/25 2262/4086/25
f 2151/4702/25 2165/4701/25 2262/4086/25
f 2137/4703/32 2151/4702/25 2262/4086/25
f 2123/4704/25 2137/4703/32 2262/4086/25
f 2109/4705/25 2123/4704/25 2262/4086/25
f 2095/4706/25 2109/4705/25 2262/4086/25
f 2081/4707/29 2095/4706/25 2262/4086/25
f 2067/4708/25 2081/4707/29 2262/4086/25
f 2053/4709/26 2067/4708/25 2262/4086/25
f 2039/4710/25 2053/4709/26 2262/4086/25
f 2025/4711/29 2039/4710/25 2262/4086/25
f 2011/4712/25 2025/4711/29 2262/4086/25
f 1997/4713/25 2011/4712/25 2262/4086/25
f 1983/4714/25 1997/4713/25 2262/4086/25
f 1969/4715/25 1983/4714/25 2262/4086/25
f 1955/4716/25 1969/4715/25 2262/4086/25
f 1941/4717/25 1955/4716/25 2262/4086/25
f 1927/4718/30 1941/4717/25 2262/4086/25
f 1913/4719/25 1927/4718/30 2262/4086/25
f 1899/4720/25 1913/4719/25 2262/4086/25
f 1885/4721/25 1899/4720/25 2262/4086/25
f 1871/4722/25 1885/4721/25 2262/4086/25
f 1857/4723/25 1871/4722/25 2262/4086/25
f 1843/4724/26 1857/4723/25 2262/4086/25
f 1829/4698/25 1843/4724/26 2262/4086/25
f 2262/4086/25 2235/4062/25 2264/4088/25
f 146/218/25 148/220/25 179/4725/25
f 179/4725/25 148/220/25 177/4726/25
f 177/4726/25 148/220/25 195/4727/25
f 195/4727/25 148/220/25 209/4728/26
f 209/4728/26 148/220/25 223/4729/27
f 223/4729/27 148/220/25 237/4730/26
f 237/4730/26 148/220/25 251/4731/25
f 251/4731/25 148/220/25 265/4732/33
f 265/4732/33 148/220/25 279/4733/25
f 279/4733/25 148/220/25 293/4734/25
f 293/4734/25 148/220/25 307/4735/27
f 307/4735/27 148/220/25 321/4736/25
f 321/4736/25 148/220/25 335/4737/25
f 335/4737/25 148/220/25 349/4738/25
f 349/4738/25 148/220/25 363/4739/25
f 363/4739/25 148/220/25 377/4740/25
f 377/4740/25 148/220/25 391/4741/25
f 391/4741/25 148/220/25 405/4742/25
f 405/4742/25 148/220/25 419/4743/25
f 419/4743/25 148/220/25 433/4744/25
f 433/4744/25 148/220/25 447/4745/25
f 447/4745/25 148/220/25 461/4746/25
f 461/4746/25 148/220/25 475/4747/25
f 475/4747/25 148/220/25 489/4748/25
f 489/4748/25 148/220/25 503/4749/25
f 503/4749/25 148/220/25 517/4750/25
f 517/4750/25 148/220/25 531/4751/25
f 531/4751/25 148/220/25 545/4752/25
f 545/4752/25 148/220/25 559/4753/25
f 559/4753/25 148/220/25 573/4754/25
f 573/4754/25 148/220/25 587/4755/25
f 587/4755/25 148/220/25 601/1110/25
f 601/1110/25 614/1112/25 703/1207/25
f 703/1207/25 614/1112/25 701/1205/25
f 1781/3173/25 1783/3175/25 2237/4066/25
f 2237/4066/25 1783/3175/25 2250/4068/25
f 2209/4756/28 2223/4757/33 2266/4090/25
f 1809/4758/25 1811/4759/25 2266/4090/25
f 2223/4757/33 2237/4066/25 2266/4090/25
f 1811/4759/25 1831/4760/25 2266/4090/25
f 2195/4761/25 2209/4756/28 2266/4090/25
f 2181/4762/28 2195/4761/25 2266/4090/25
f 2167/4763/25 2181/4762/28 2266/4090/25
f 2153/4764/25 2167/4763/25 2266/4090/25
f 2139/4765/25 2153/4764/25 2266/4090/25
f 2125/4766/28 2139/4765/25 2266/4090/25
f 2111/4767/25 2125/4766/28 2266/4090/25
f 2097/4768/25 2111/4767/25 2266/4090/25
f 2083/4769/26 2097/4768/25 2266/4090/25
f 2069/4770/25 2083/4769/26 2266/4090/25
f 2055/4771/25 2069/4770/25 2266/4090/25
f 2041/4772/28 2055/4771/25 2266/4090/25
f 2027/4773/29 2041/4772/28 2266/4090/25
f 2013/4774/25 2027/4773/29 2266/4090/25
f 1999/4775/25 2013/4774/25 2266/4090/25
f 1985/4776/25 1999/4775/25 2266/4090/25
f 1971/4777/25 1985/4776/25 2266/4090/25
f 1957/4778/25 1971/4777/25 2266/4090/25
f 1943/4779/25 1957/4778/25 2266/4090/25
f 1929/4780/31 1943/4779/25 2266/4090/25
f 1915/4781/25 1929/4780/31 2266/4090/25
f 1901/4782/25 1915/4781/25 2266/4090/25
f 1887/4783/25 1901/4782/25 2266/4090/25
f 1873/4784/25 1887/4783/25 2266/4090/25
f 1859/4785/25 1873/4784/25 2266/4090/25
f 1845/4786/25 1859/4785/25 2266/4090/25
f 1831/4760/25 1845/4786/25 2266/4090/25
f 2266/4090/25 2237/4066/25 2268/4092/25
f 1181/2127/25 1182/2130/25 1248/2199/25
f 1248/2199/25 1182/2130/25 1250/2202/25
f 150/222/25 152/224/25 183/4787/25
f 183/4787/25 152/224/25 181/4788/25
f 181/4788/25 152/224/25 197/4789/34
f 197/4789/34 152/224/25 211/4790/25
f 211/4790/25 152/224/25 225/4791/35
f 225/4791/35 152/224/25 239/4792/25
f 239/4792/25 152/224/25 253/4793/25
f 253/4793/25 152/224/25 267/4794/26
f 267/4794/26 152/224/25 281/4795/25
f 281/4795/25 152/224/25 295/4796/25
f 295/4796/25 152/224/25 309/4797/25
f 309/4797/25 152/224/25 323/4798/26
f 323/4798/26 152/224/25 337/4799/25
f 337/4799/25 152/224/25 351/4800/33
f 351/4800/33 152/224/25 365/4801/28
f 365/4801/28 152/224/25 379/4802/25
f 379/4802/25 152/224/25 393/4803/25
f 393/4803/25 152/224/25 407/4804/25
f 407/4804/25 152/224/25 421/4805/30
f 421/4805/30 152/224/25 435/4806/25
f 435/4806/25 152/224/25 449/4807/30
f 449/4807/30 152/224/25 463/4808/25
f 463/4808/25 152/224/25 477/4809/30
f 477/4809/30 152/224/25 491/4810/25
f 491/4810/25 152/224/25 505/4811/30
f 505/4811/30 152/224/25 519/4812/29
f 519/4812/29 152/224/25 533/4813/25
f 533/4813/25 152/224/25 547/4814/25
f 547/4814/25 152/224/25 561/4815/29
f 561/4815/29 152/224/25 575/4816/25
f 575/4816/25 152/224/25 589/4817/25
f 589/4817/25 152/224/25 603/1114/25
f 603/1114/25 616/1116/25 707/1211/25
f 707/1211/25 616/1116/25 705/1209/25
f 1785/3177/25 1787/3179/25 2239/4070/25
f 2239/4070/25 1787/3179/25 2252/4072/25
f 2211/4818/25 2225/4819/33 2270/4094/25
f 1813/4820/25 1815/4821/25 2270/4094/25
f 2225/4819/33 2239/4070/25 2270/4094/25
f 1815/4821/25 1833/4822/25 2270/4094/25
f 2197/4823/25 2211/4818/25 2270/4094/25
f 2183/4824/25 2197/4823/25 2270/4094/25
f 2169/4825/36 2183/4824/25 2270/4094/25
f 2155/4826/25 2169/4825/36 2270/4094/25
f 2141/4827/25 2155/4826/25 2270/4094/25
f 2127/4828/25 2141/4827/25 2270/4094/25
f 2113/4829/25 2127/4828/25 2270/4094/25
f 2099/4830/25 2113/4829/25 2270/4094/25
f 2085/4831/25 2099/4830/25 2270/4094/25
f 2071/4832/25 2085/4831/25 2270/4094/25
f 2057/4833/26 2071/4832/25 2270/4094/25
f 2043/4834/25 2057/4833/26 2270/4094/25
f 2029/4835/33 2043/4834/25 2270/4094/25
f 2015/4836/25 2029/4835/33 2270/4094/25
f 2001/4837/29 2015/4836/25 2270/4094/25
f 1987/4838/25 2001/4837/29 2270/4094/25
f 1973/4839/25 1987/4838/25 2270/4094/25
f 1959/4840/31 1973/4839/25 2270/4094/25
f 1945/4841/25 1959/4840/31 2270/4094/25
f 1931/4842/25 1945/4841/25 2270/4094/25
f 1917/4843/25 1931/4842/25 2270/4094/25
f 1903/4844/25 1917/4843/25 2270/4094/25
f 1889/4845/25 1903/4844/25 2270/4094/25
f 1875/4846/25 1889/4845/25 2270/4094/25
f 1861/4847/25 1875/4846/25 2270/4094/25
f 1847/4848/25 1861/4847/25 2270/4094/25
f 1833/4822/25 1847/4848/25 2270/4094/25
f 2270/4094/25 2239/4070/25 2272/4096/25
f 154/226/25 156/228/25 163/4849/25
f 163/4849/25 156/228/25 185/4850/37
f 185/4850/37 156/228/25 199/4851/34
f 199/4851/34 156/228/25 213/4852/29
f 213/4852/29 156/228/25 227/4853/34
f 227/4853/34 156/228/25 241/4854/25
f 241/4854/25 156/228/25 255/4855/25
f 255/4855/25 156/228/25 269/4856/26
f 269/4856/26 156/228/25 283/4857/25
f 283/4857/25 156/228/25 297/4858/31
f 297/4858/31 156/228/25 311/4859/25
f 311/4859/25 156/228/25 325/4860/25
f 325/4860/25 156/228/25 339/4861/25
f 339/4861/25 156/228/25 353/4862/25
f 353/4862/25 156/228/25 367/4863/27
f 367/4863/27 156/228/25 381/4864/29
f 381/4864/29 156/228/25 395/4865/25
f 395/4865/25 156/228/25 409/4866/25
f 409/4866/25 156/228/25 423/4867/25
f 423/4867/25 156/228/25 437/4868/25
f 437/4868/25 156/228/25 451/4869/25
f 451/4869/25 156/228/25 465/4870/25
f 465/4870/25 156/228/25 479/4871/25
f 479/4871/25 156/228/25 493/4872/25
f 493/4872/25 156/228/25 507/4873/31
f 507/4873/31 156/228/25 521/4874/25
f 521/4874/25 156/228/25 535/4875/25
f 535/4875/25 156/228/25 549/4876/25
f 549/4876/25 156/228/25 563/4877/25
f 563/4877/25 156/228/25 577/4878/25
f 577/4878/25 156/228/25 591/4879/25
f 591/4879/25 156/228/25 605/1118/25
f 605/1118/25 618/1120/25 711/1215/25
f 711/1215/25 618/1120/25 709/1213/25
f 1789/3181/25 1791/3183/25 2241/4074/25
f 2241/4074/25 1791/3183/25 2254/4076/25
f 2213/4880/25 2227/4881/25 2274/4098/25
f 1817/4882/25 1819/4883/25 2274/4098/25
f 2227/4881/25 2241/4074/25 2274/4098/25
f 1819/4883/25 1835/4884/25 2274/4098/25
f 2199/4885/30 2213/4880/25 2274/4098/25
f 2185/4886/25 2199/4885/30 2274/4098/25
f 2171/4887/25 2185/4886/25 2274/4098/25
f 2157/4888/34 2171/4887/25 2274/4098/25
f 2143/4889/25 2157/4888/34 2274/4098/25
f 2129/4890/27 2143/4889/25 2274/4098/25
f 2115/4891/26 2129/4890/27 2274/4098/25
f 2101/4892/25 2115/4891/26 2274/4098/25
f 2087/4893/25 2101/4892/25 2274/4098/25
f 2073/4894/28 2087/4893/25 2274/4098/25
f 2059/4895/25 2073/4894/28 2274/4098/25
f 2045/4896/25 2059/4895/25 2274/4098/25
f 2031/4897/26 2045/4896/25 2274/4098/25
f 2017/4898/25 2031/4897/26 2274/4098/25
f 2003/4899/26 2017/4898/25 2274/4098/25
f 1989/4900/25 2003/4899/26 2274/4098/25
f 1975/4901/25 1989/4900/25 2274/4098/25
f 1961/4902/25 1975/4901/25 2274/4098/25
f 1947/4903/26 1961/4902/25 2274/4098/25
f 1933/4904/25 1947/4903/26 2274/4098/25
f 1919/4905/25 1933/4904/25 2274/4098/25
f 1905/4906/25 1919/4905/25 2274/4098/25
f 1891/4907/25 1905/4906/25 2274/4098/25
f 1877/4908/25 1891/4907/25 2274/4098/25
f 1863/4909/25 1877/4908/25 2274/4098/25
f 1849/4910/25 1863/4909/25 2274/4098/25
f 1835/4884/25 1849/4910/25 2274/4098/25
f 2274/4098/25 2241/4074/25 2276/4100/25
f 158/230/25 160/232/25 164/4911/25
f 164/4911/25 160/232/25 187/4912/30
f 187/4912/30 160/232/25 201/4913/35
f 201/4913/35 160/232/25 215/4914/25
f 215/4914/25 160/232/25 229/4915/38
f 229/4915/38 160/232/25 243/4916/33
f 243/4916/33 160/232/25 257/4917/25
f 257/4917/25 160/232/25 271/4918/33
f 271/4918/33 160/232/25 285/4919/25
f 285/4919/25 160/232/25 299/4920/29
f 299/4920/29 160/232/25 313/4921/28
f 313/4921/28 160/232/25 327/4922/29
f 327/4922/29 160/232/25 341/4923/25
f 341/4923/25 160/232/25 355/4924/26
f 355/4924/26 160/232/25 369/4925/25
f 369/4925/25 160/232/25 383/4926/26
f 383/4926/26 160/232/25 397/4927/27
f 397/4927/27 160/232/25 411/4928/29
f 411/4928/29 160/232/25 425/4929/25
f 425/4929/25 160/232/25 439/4930/26
f 439/4930/26 160/232/25 453/4931/25
f 453/4931/25 160/232/25 467/4932/25
f 467/4932/25 160/232/25 481/4933/25
f 481/4933/25 160/232/25 495/4934/25
f 495/4934/25 160/232/25 509/4935/25
f 509/4935/25 160/232/25 523/4936/25
f 523/4936/25 160/232/25 537/4937/25
f 537/4937/25 160/232/25 551/4938/25
f 551/4938/25 160/232/25 565/4939/25
f 565/4939/25 160/232/25 579/4940/25
f 579/4940/25 160/232/25 593/4941/25
f 593/4941/25 160/232/25 607/1122/25
f 607/1122/25 620/1124/25 714/1218/25
f 714/1218/25 620/1124/25 713/1217/25
f 1204/2152/25 1206/2154/25 1236/2184/25
f 1236/2184/25 1206/2154/25 1238/2186/25
f 1793/3185/25 1794/3186/25 2243/4078/25
f 2243/4078/25 1794/3186/25 2256/4080/25
f 2215/4942/25 2229/4943/25 2278/4102/25
f 1821/4944/25 1823/4945/25 2278/4102/25
f 2229/4943/25 2243/4078/25 2278/4102/25
f 1823/4945/25 1837/4946/25 2278/4102/25
f 2201/4947/25 2215/4942/25 2278/4102/25
f 2187/4948/25 2201/4947/25 2278/4102/25
f 2173/4949/33 2187/4948/25 2278/4102/25
f 2159/4950/31 2173/4949/33 2278/4102/25
f 2145/4951/36 2159/4950/31 2278/4102/25
f 2131/4952/34 2145/4951/36 2278/4102/25
f 2117/4953/25 2131/4952/34 2278/4102/25
f 2103/4954/25 2117/4953/25 2278/4102/25
f 2089/4955/25 2103/4954/25 2278/4102/25
f 2075/4956/25 2089/4955/25 2278/4102/25
f 2061/4957/26 2075/4956/25 2278/4102/25
f 2047/4958/27 2061/4957/26 2278/4102/25
f 2033/4959/26 2047/4958/27 2278/4102/25
f 2019/4960/25 2033/4959/26 2278/4102/25
f 2005/4961/25 2019/4960/25 2278/4102/25
f 1991/4962/25 2005/4961/25 2278/4102/25
f 1977/4963/25 1991/4962/25 2278/4102/25
f 1963/4964/25 1977/4963/25 2278/4102/25
f 1949/4965/33 1963/4964/25 2278/4102/25
f 1935/4966/25 1949/4965/33 2278/4102/25
f 1921/4967/25 1935/4966/25 2278/4102/25
f 1907/4968/31 1921/4967/25 2278/4102/25
f 1893/4969/25 1907/4968/31 2278/4102/25
f 1879/4970/30 1893/4969/25 2278/4102/25
f 1865/4971/25 1879/4970/30 2278/4102/25
f 1851/4972/25 1865/4971/25 2278/4102/25
f 1837/4946/25 1851/4972/25 2278/4102/25
f 2278/4102/25 2243/4078/25 2280/4104/25
f 162/234/25 188/260/25 628/4973/25
f 188/286/25 202/288/25 626/4974/25
f 628/4973/25 188/260/25 626/4975/25
f 202/314/25 216/316/25 630/4976/25
f 626/4974/25 202/288/25 630/4977/25
f 216/342/25 230/344/25 632/4978/25
f 630/4976/25 216/316/25 632/4979/25
f 230/370/25 244/372/25 634/4980/25
f 632/4978/25 230/344/25 634/4981/25
f 244/398/25 258/400/25 636/4982/25
f 634/4980/25 244/372/25 636/4983/25
f 258/426/25 272/428/25 638/4984/25
f 636/4982/25 258/400/25 638/4985/25
f 272/454/25 286/456/25 640/4986/25
f 638/4984/25 272/428/25 640/4987/25
f 286/482/25 300/484/25 642/4988/25
f 640/4986/25 286/456/25 642/4989/25
f 300/510/25 314/512/25 644/4990/25
f 642/4988/25 300/484/25 644/4991/25
f 314/538/25 328/540/25 646/4992/25
f 644/4990/25 314/512/25 646/4993/25
f 328/566/25 342/568/25 648/4994/25
f 646/4992/25 328/540/25 648/4995/25
f 342/594/25 356/596/25 650/4996/25
f 648/4994/25 342/568/25 650/4997/25
f 356/622/25 370/624/25 652/4998/25
f 650/4996/25 356/596/25 652/4999/25
f 370/650/25 384/652/25 654/5000/25
f 652/4998/25 370/624/25 654/5001/25
f 384/678/25 398/680/25 656/5002/25
f 654/5000/25 384/652/25 656/5003/25
f 398/706/25 412/708/25 658/5004/25
f 656/5002/25 398/680/25 658/5005/25
f 412/734/25 426/736/25 660/5006/25
f 658/5004/25 412/708/25 660/5007/25
f 426/762/25 440/764/25 662/5008/25
f 660/5006/25 426/736/25 662/5009/25
f 440/790/25 454/792/25 664/5010/25
f 662/5008/25 440/764/25 664/5011/25
f 454/818/25 468/820/25 666/5012/25
f 664/5010/25 454/792/25 666/5013/25
f 468/846/25 482/848/25 668/5014/25
f 666/5012/25 468/820/25 668/5015/25
f 482/874/25 496/876/25 670/5016/25
f 668/5014/25 482/848/25 670/5017/25
f 496/902/25 510/904/25 672/5018/25
f 670/5016/25 496/876/25 672/5019/25
f 510/930/25 524/932/25 674/5020/25
f 672/5018/25 510/904/25 674/5021/25
f 524/958/25 538/960/25 676/5022/25
f 674/5020/25 524/932/25 676/5023/25
f 538/986/25 552/988/25 678/5024/25
f 676/5022/25 538/960/25 678/5025/25
f 552/1014/25 566/1016/25 680/5026/25
f 678/5024/25 552/988/25 680/5027/25
f 566/1042/25 580/1044/25 682/5028/25
f 680/5026/25 566/1016/25 682/5029/25
f 580/1070/25 594/1072/25 684/5030/25
f 682/5028/25 580/1044/25 684/5031/25
f 594/1098/25 608/1100/25 686/5032/25
f 684/5030/25 594/1072/25 686/5033/25
f 686/5032/25 608/1100/25 688/5034/25
f 1483/5035/25 1494/5036/25 1822/3214/25
f 1494/5037/25 1498/5038/25 1824/3242/25
f 1822/3214/25 1494/5036/25 1824/3216/25
f 1498/5039/25 1520/5040/25 1838/3270/25
f 1824/3242/25 1498/5038/25 1838/3244/25
f 1520/5041/25 1524/5042/25 1852/3298/25
f 1838/3270/25 1520/5040/25 1852/3272/25
f 1524/5043/25 1538/5044/25 1866/3326/25
f 1852/3298/25 1524/5042/25 1866/3300/25
f 1538/5045/25 1542/5046/25 1880/3354/25
f 1866/3326/25 1538/5044/25 1880/3328/25
f 1542/5047/25 1556/5048/25 1894/3382/25
f 1880/3354/25 1542/5046/25 1894/3356/25
f 1556/5049/25 1560/5050/25 1908/3410/25
f 1894/3382/25 1556/5048/25 1908/3384/25
f 1560/5051/25 1574/5052/25 1922/3438/25
f 1908/3410/25 1560/5050/25 1922/3412/25
f 1574/5053/25 1578/5054/25 1936/3466/25
f 1922/3438/25 1574/5052/25 1936/3440/25
f 1578/5055/25 1592/5056/25 1950/3494/25
f 1936/3466/25 1578/5054/25 1950/3468/25
f 1592/5057/25 1596/5058/25 1964/3522/25
f 1950/3494/25 1592/5056/25 1964/3496/25
f 1596/5059/25 1610/5060/25 1978/3550/25
f 1964/3522/25 1596/5058/25 1978/3524/25
f 1610/5061/25 1614/5062/25 1992/3578/25
f 1978/3550/25 1610/5060/25 1992/3552/25
f 1614/5063/25 1628/5064/25 2006/3606/25
f 1992/3578/25 1614/5062/25 2006/3580/25
f 1628/5065/25 1632/5066/25 2020/3634/25
f 2006/3606/25 1628/5064/25 2020/3608/25
f 1632/5067/25 1646/5068/25 2034/3662/25
f 2020/3634/25 1632/5066/25 2034/3636/25
f 1646/5069/25 1650/5070/25 2048/3690/25
f 2034/3662/25 1646/5068/25 2048/3664/25
f 1650/5071/25 1664/5072/25 2062/3718/25
f 2048/3690/25 1650/5070/25 2062/3692/25
f 1664/5073/25 1668/5074/25 2076/3746/25
f 2062/3718/25 1664/5072/25 2076/3720/25
f 1668/5075/25 1682/5076/25 2090/3774/25
f 2076/3746/25 1668/5074/25 2090/3748/25
f 1682/5077/25 1686/5078/25 2104/3802/25
f 2090/3774/25 1682/5076/25 2104/3776/25
f 1686/5079/25 1700/5080/25 2118/3830/25
f 2104/3802/25 1686/5078/25 2118/3804/25
f 1700/5081/25 1704/5082/25 2132/3858/25
f 2118/3830/25 1700/5080/25 2132/3832/25
f 1704/5083/25 1718/5084/25 2146/3886/25
f 2132/3858/25 1704/5082/25 2146/3860/25
f 1718/5085/25 1722/5086/25 2160/3914/25
f 2146/3886/25 1718/5084/25 2160/3888/25
f 1722/5087/25 1736/5088/25 2174/3942/25
f 2160/3914/25 1722/5086/25 2174/3916/25
f 1736/5089/25 1740/5090/25 2188/3970/25
f 2174/3942/25 1736/5088/25 2188/3944/25
f 1740/5091/25 1752/5092/25 2202/3998/25
f 2188/3970/25 1740/5090/25 2202/3972/25
f 1752/5093/25 1756/5094/25 2216/4026/25
f 2202/3998/25 1752/5092/25 2216/4000/25
f 1756/5095/25 1768/5096/25 2230/4054/25
f 2216/4026/25 1756/5094/25 2230/4028/25
f 2230/4054/25 1768/5096/25 2244/4056/25
f 627/1131/25 716/1220/25 1173/2117/25
f 1173/2117/25 716/1220/25 1171/2115/25
f 1184/2132/25 1186/2134/25 1220/2168/25
f 1220/2168/25 1186/2134/25 1222/2170/25
f 717/1221/25 722/1226/25 949/1673/25
f 722/1229/25 724/1231/25 947/1677/25
f 949/1673/25 722/1226/25 947/1671/25
f 724/1233/25 726/1234/25 951/1681/25
f 947/1677/25 724/1231/25 951/1675/25
f 726/1237/25 728/1239/25 953/1685/25
f 951/1681/25 726/1234/25 953/1679/25
f 728/1241/25 730/1242/25 955/1689/25
f 953/1685/25 728/1239/25 955/1683/25
f 730/1245/25 732/1247/25 957/1693/25
f 955/1689/25 730/1242/25 957/1687/25
f 732/1249/25 734/1250/25 959/1697/25
f 957/1693/25 732/1247/25 959/1691/25
f 734/1253/25 736/1255/25 961/1701/25
f 959/1697/25 734/1250/25 961/1695/25
f 736/1257/25 738/1258/25 963/1705/25
f 961/1701/25 736/1255/25 963/1699/25
f 738/1261/25 740/1263/25 965/1709/25
f 963/1705/25 738/1258/25 965/1703/25
f 740/1265/25 742/1266/25 967/1713/25
f 965/1709/25 740/1263/25 967/1707/25
f 742/1269/25 744/1271/25 969/1717/25
f 967/1713/25 742/1266/25 969/1711/25
f 744/1273/25 746/1274/25 971/1721/25
f 969/1717/25 744/1271/25 971/1715/25
f 746/1277/25 748/1279/25 973/1725/25
f 971/1721/25 746/1274/25 973/1719/25
f 748/1281/25 750/1282/25 975/1729/25
f 973/1725/25 748/1279/25 975/1723/25
f 750/1285/25 752/1287/25 977/1733/25
f 975/1729/25 750/1282/25 977/1727/25
f 752/1289/25 754/1290/25 979/1737/25
f 977/1733/25 752/1287/25 979/1731/25
f 754/1293/25 756/1295/25 981/1741/25
f 979/1737/25 754/1290/25 981/1735/25
f 756/1297/25 758/1298/25 983/1745/25
f 981/1741/25 756/1295/25 983/1739/25
f 758/1301/25 760/1303/25 985/1749/25
f 983/1745/25 758/1298/25 985/1743/25
f 760/1305/25 762/1306/25 987/1753/25
f 985/1749/25 760/1303/25 987/1747/25
f 762/1309/25 764/1311/25 989/1757/25
f 987/1753/25 762/1306/25 989/1751/25
f 764/1313/25 766/1314/25 991/1761/25
f 989/1757/25 764/1311/25 991/1755/25
f 766/1317/25 768/1319/25 993/1765/25
f 991/1761/25 766/1314/25 993/1759/25
f 768/1321/25 770/1322/25 995/1769/25
f 993/1765/25 768/1319/25 995/1763/25
f 770/1325/25 772/1327/25 997/1773/25
f 995/1769/25 770/1322/25 997/1767/25
f 772/1329/25 774/1330/25 999/1777/25
f 997/1773/25 772/1327/25 999/1771/25
f 774/1333/25 776/1335/25 1001/1781/25
f 999/1777/25 774/1330/25 1001/1775/25
f 776/1337/25 778/1338/25 1003/1785/25
f 1001/1781/25 776/1335/25 1003/1779/25
f 778/1341/25 780/1343/25 1005/1789/25
f 1003/1785/25 778/1338/25 1005/1783/25
f 780/1345/25 782/1346/25 1007/1793/25
f 1005/1789/25 780/1343/25 1007/1787/25
f 782/1349/25 784/1351/25 1009/1797/25
f 1007/1793/25 782/1346/25 1009/1791/25
f 784/1353/25 786/1354/25 1011/1801/25
f 1009/1797/25 784/1351/25 1011/1795/25
f 786/1357/25 788/1359/25 1013/1805/25
f 1011/1801/25 786/1354/25 1013/1799/25
f 788/1361/25 790/1362/25 1015/1809/25
f 1013/1805/25 788/1359/25 1015/1803/25
f 790/1365/25 792/1367/25 1017/1813/25
f 1015/1809/25 790/1362/25 1017/1807/25
f 792/1369/25 794/1370/25 1019/1817/25
f 1017/1813/25 792/1367/25 1019/1811/25
f 794/1373/25 796/1375/25 1021/1821/25
f 1019/1817/25 794/1370/25 1021/1815/25
f 796/1377/25 798/1378/25 1023/1825/25
f 1021/1821/25 796/1375/25 1023/1819/25
f 798/1381/25 800/1383/25 1025/1829/25
f 1023/1825/25 798/1378/25 1025/1823/25
f 800/1385/25 802/1386/25 1027/1833/25
f 1025/1829/25 800/1383/25 1027/1827/25
f 802/1389/25 804/1391/25 1029/1837/25
f 1027/1833/25 802/1386/25 1029/1831/25
f 804/1393/25 806/1394/25 1031/1841/25
f 1029/1837/25 804/1391/25 1031/1835/25
f 806/1397/25 808/1399/25 1033/1845/25
f 1031/1841/25 806/1394/25 1033/1839/25
f 808/1401/25 810/1402/25 1035/1849/25
f 1033/1845/25 808/1399/25 1035/1843/25
f 810/1405/25 812/1407/25 1037/1853/25
f 1035/1849/25 810/1402/25 1037/1847/25
f 812/1409/25 814/1410/25 1039/1857/25
f 1037/1853/25 812/1407/25 1039/1851/25
f 814/1413/25 816/1415/25 1041/1861/25
f 1039/1857/25 814/1410/25 1041/1855/25
f 816/1417/25 818/1418/25 1043/1865/25
f 1041/1861/25 816/1415/25 1043/1859/25
f 818/1421/25 820/1423/25 1045/1869/25
f 1043/1865/25 818/1418/25 1045/1863/25
f 820/1425/25 822/1426/25 1047/1873/25
f 1045/1869/25 820/1423/25 1047/1867/25
f 822/1429/25 824/1431/25 1049/1877/25
f 1047/1873/25 822/1426/25 1049/1871/25
f 824/1433/25 826/1434/25 1051/1881/25
f 1049/1877/25 824/1431/25 1051/1875/25
f 826/1437/25 828/1439/25 1053/1885/25
f 1051/1881/25 826/1434/25 1053/1879/25
f 828/1441/25 830/1442/25 1055/1889/25
f 1053/1885/25 828/1439/25 1055/1883/25
f 830/1445/25 832/1447/25 1057/1893/25
f 1055/1889/25 830/1442/25 1057/1887/25
f 832/1449/25 834/1450/25 1059/1897/25
f 1057/1893/25 832/1447/25 1059/1891/25
f 834/1453/25 836/1455/25 1061/1901/25
f 1059/1897/25 834/1450/25 1061/1895/25
f 836/1457/25 838/1458/25 1063/1905/25
f 1061/1901/25 836/1455/25 1063/1899/25
f 838/1461/25 840/1463/25 1065/1909/25
f 1063/1905/25 838/1458/25 1065/1903/25
f 840/1465/25 842/1466/25 1067/1913/25
f 1065/1909/25 840/1463/25 1067/1907/25
f 842/1469/25 844/1471/25 1069/1917/25
f 1067/1913/25 842/1466/25 1069/1911/25
f 844/1473/25 846/1474/25 1071/1921/25
f 1069/1917/25 844/1471/25 1071/1915/25
f 846/1477/25 848/1479/25 1073/1925/25
f 1071/1921/25 846/1474/25 1073/1919/25
f 848/1481/25 850/1482/25 1075/1929/25
f 1073/1925/25 848/1479/25 1075/1923/25
f 850/1485/25 852/1487/25 1077/1933/25
f 1075/1929/25 850/1482/25 1077/1927/25
f 852/1489/25 854/1490/25 1079/1937/25
f 1077/1933/25 852/1487/25 1079/1931/25
f 854/1493/25 856/1495/25 1081/1941/25
f 1079/1937/25 854/1490/25 1081/1935/25
f 856/1497/25 858/1498/25 1083/1945/25
f 1081/1941/25 856/1495/25 1083/1939/25
f 858/1501/25 860/1503/25 1085/1949/25
f 1083/1945/25 858/1498/25 1085/1943/25
f 860/1505/25 862/1506/25 1087/1953/25
f 1085/1949/25 860/1503/25 1087/1947/25
f 862/1509/25 864/1511/25 1089/1957/25
f 1087/1953/25 862/1506/25 1089/1951/25
f 864/1513/25 866/1514/25 1091/1961/25
f 1089/1957/25 864/1511/25 1091/1955/25
f 866/1517/25 868/1519/25 1093/1965/25
f 1091/1961/25 866/1514/25 1093/1959/25
f 868/1521/25 870/1522/25 1095/1969/25
f 1093/1965/25 868/1519/25 1095/1963/25
f 870/1525/25 872/1527/25 1097/1973/25
f 1095/1969/25 870/1522/25 1097/1967/25
f 872/1529/25 874/1530/25 1099/1977/25
f 1097/1973/25 872/1527/25 1099/1971/25
f 874/1533/25 876/1535/25 1101/1981/25
f 1099/1977/25 874/1530/25 1101/1975/25
f 876/1537/25 878/1538/25 1103/1985/25
f 1101/1981/25 876/1535/25 1103/1979/25
f 878/1541/25 880/1543/25 1105/1989/25
f 1103/1985/25 878/1538/25 1105/1983/25
f 880/1545/25 882/1546/25 1107/1993/25
f 1105/1989/25 880/1543/25 1107/1987/25
f 882/1549/25 884/1551/25 1109/1997/25
f 1107/1993/25 882/1546/25 1109/1991/25
f 884/1553/25 886/1554/25 1111/2001/25
f 1109/1997/25 884/1551/25 1111/1995/25
f 886/1557/25 888/1559/25 1113/2005/25
f 1111/2001/25 886/1554/25 1113/1999/25
f 888/1561/25 890/1562/25 1115/2009/25
f 1113/2005/25 888/1559/25 1115/2003/25
f 890/1565/25 892/1567/25 1117/2013/25
f 1115/2009/25 890/1562/25 1117/2007/25
f 892/1569/25 894/1570/25 1119/2017/25
f 1117/2013/25 892/1567/25 1119/2011/25
f 894/1573/25 896/1575/25 1121/2021/25
f 1119/2017/25 894/1570/25 1121/2015/25
f 896/1577/25 898/1578/25 1123/2025/25
f 1121/2021/25 896/1575/25 1123/2019/25
f 898/1581/25 900/1583/25 1125/2029/25
f 1123/2025/25 898/1578/25 1125/2023/25
f 900/1585/25 902/1586/25 1127/2033/25
f 1125/2029/25 900/1583/25 1127/2027/25
f 902/1589/25 904/1591/25 1129/2037/25
f 1127/2033/25 902/1586/25 1129/2031/25
f 904/1593/25 906/1594/25 1131/2041/25
f 1129/2037/25 904/1591/25 1131/2035/25
f 906/1597/25 908/1599/25 1133/2045/25
f 1131/2041/25 906/1594/25 1133/2039/25
f 908/1601/25 910/1602/25 1135/2049/25
f 1133/2045/25 908/1599/25 1135/2043/25
f 910/1605/25 912/1607/25 1137/2053/25
f 1135/2049/25 910/1602/25 1137/2047/25
f 912/1609/25 914/1610/25 1139/2057/25
f 1137/2053/25 912/1607/25 1139/2051/25
f 914/1613/25 916/1615/25 1141/2061/25
f 1139/2057/25 914/1610/25 1141/2055/25
f 916/1617/25 918/1618/25 1143/2065/25
f 1141/2061/25 916/1615/25 1143/2059/25
f 918/1621/25 920/1623/25 1145/2069/25
f 1143/2065/25 918/1618/25 1145/2063/25
f 920/1625/25 922/1626/25 1147/2073/25
f 1145/2069/25 920/1623/25 1147/2067/25
f 922/1629/25 924/1631/25 1149/2077/25
f 1147/2073/25 922/1626/25 1149/2071/25
f 924/1633/25 926/1634/25 1151/2081/25
f 1149/2077/25 924/1631/25 1151/2075/25
f 926/1637/25 928/1639/25 1153/2085/25
f 1151/2081/25 926/1634/25 1153/2079/25
f 928/1641/25 930/1642/25 1155/2089/25
f 1153/2085/25 928/1639/25 1155/2083/25
f 930/1645/25 932/1647/25 1157/2093/25
f 1155/2089/25 930/1642/25 1157/2087/25
f 932/1649/25 934/1650/25 1159/2097/25
f 1157/2093/25 932/1647/25 1159/2091/25
f 934/1653/25 936/1655/25 1161/2101/25
f 1159/2097/25 934/1650/25 1161/2095/25
f 936/1657/25 938/1658/25 1163/2105/25
f 1161/2101/25 936/1655/25 1163/2099/25
f 938/1661/25 940/1663/25 1165/2109/25
f 1163/2105/25 938/1658/25 1165/2103/25
f 940/1669/25 946/1670/25 1167/2113/25
f 1165/2109/25 940/1663/25 1167/2107/25
f 1167/2113/25 946/1670/25 1169/2111/25
f 1169/2111/25 946/1670/25 1217/2165/25
f 1215/2163/25 1217/2165/25 1189/2137/25
f 1217/2165/25 946/1670/25 1187/2135/25
f 1189/2137/25 1217/2165/25 1187/2135/25
f 1187/2135/25 946/1670/25 1197/2145/25
f 1197/2145/25 946/1670/25 1195/2143/25
f 1231/2179/25 1233/2181/25 1241/2189/25
f 1239/2187/25 1241/2189/25 1213/2161/25
f 1241/2189/25 1233/2181/25 1211/2159/25
f 1213/2161/25 1241/2189/25 1211/2159/25
f 1211/2159/25 1233/2181/25 1477/2649/25
f 1251/2203/25 1253/2205/25 1485/2657/25
f 1253/2207/25 1255/2209/25 1488/2663/25
f 1485/2657/25 1253/2205/25 1488/2660/25
f 1255/2211/25 1257/2213/25 1490/2667/25
f 1488/2663/25 1255/2209/25 1490/2665/25
f 1257/2215/25 1259/2217/25 1492/2672/25
f 1490/2667/25 1257/2213/25 1492/2668/25
f 1259/2219/25 1261/2221/25 1496/2678/25
f 1492/2672/25 1259/2217/25 1496/2675/25
f 1261/2223/25 1263/2225/25 1500/2683/25
f 1496/2678/25 1261/2221/25 1500/2680/25
f 1263/2227/25 1265/2229/25 1502/2687/25
f 1500/2683/25 1263/2225/25 1502/2685/25
f 1265/2231/25 1267/2233/25 1504/2691/25
f 1502/2687/25 1265/2229/25 1504/2688/25
f 1267/2235/25 1269/2237/25 1506/2695/25
f 1504/2691/25 1267/2233/25 1506/2693/25
f 1269/2239/25 1271/2241/25 1508/2699/25
f 1506/2695/25 1269/2237/25 1508/2696/25
f 1271/2243/25 1273/2245/25 1510/2703/25
f 1508/2699/25 1271/2241/25 1510/2701/25
f 1273/2247/25 1275/2249/25 1512/2707/25
f 1510/2703/25 1273/2245/25 1512/2704/25
f 1275/2251/25 1277/2253/25 1514/2711/25
f 1512/2707/25 1275/2249/25 1514/2709/25
f 1277/2255/25 1279/2257/25 1516/2715/25
f 1514/2711/25 1277/2253/25 1516/2712/25
f 1279/2259/25 1281/2261/25 1518/2720/25
f 1516/2715/25 1279/2257/25 1518/2717/25
f 1281/2263/25 1283/2265/25 1522/2726/25
f 1518/2720/25 1281/2261/25 1522/2722/25
f 1283/2267/25 1285/2269/25 1526/2731/25
f 1522/2726/25 1283/2265/25 1526/2729/25
f 1285/2271/25 1287/2273/25 1528/2735/25
f 1526/2731/25 1285/2269/25 1528/2732/25
f 1287/2275/25 1289/2277/25 1530/2739/25
f 1528/2735/25 1287/2273/25 1530/2737/25
f 1289/2279/25 1291/2281/25 1532/2743/25
f 1530/2739/25 1289/2277/25 1532/2740/25
f 1291/2283/25 1293/2285/25 1534/2747/25
f 1532/2743/25 1291/2281/25 1534/2745/25
f 1293/2287/25 1295/2289/25 1536/2752/25
f 1534/2747/25 1293/2285/25 1536/2748/25
f 1295/2291/25 1297/2293/25 1540/2758/25
f 1536/2752/25 1295/2289/25 1540/2755/25
f 1297/2295/25 1299/2297/25 1544/2763/25
f 1540/2758/25 1297/2293/25 1544/2760/25
f 1299/2299/25 1301/2301/25 1546/2767/25
f 1544/2763/25 1299/2297/25 1546/2765/25
f 1301/2303/25 1303/2305/25 1548/2771/25
f 1546/2767/25 1301/2301/25 1548/2768/25
f 1303/2307/25 1305/2309/25 1550/2775/25
f 1548/2771/25 1303/2305/25 1550/2773/25
f 1305/2311/25 1307/2313/25 1552/2779/25
f 1550/2775/25 1305/2309/25 1552/2776/25
f 1307/2315/25 1309/2317/25 1554/2784/25
f 1552/2779/25 1307/2313/25 1554/2781/25
f 1309/2319/25 1311/2321/25 1558/2790/25
f 1554/2784/25 1309/2317/25 1558/2786/25
f 1311/2323/25 1313/2325/25 1562/2795/25
f 1558/2790/25 1311/2321/25 1562/2793/25
f 1313/2327/25 1315/2329/25 1564/2799/25
f 1562/2795/25 1313/2325/25 1564/2796/25
f 1315/2331/25 1317/2333/25 1566/2803/25
f 1564/2799/25 1315/2329/25 1566/2801/25
f 1317/2335/25 1319/2337/25 1568/2807/25
f 1566/2803/25 1317/2333/25 1568/2804/25
f 1319/2339/25 1321/2341/25 1570/2811/25
f 1568/2807/25 1319/2337/25 1570/2809/25
f 1321/2343/25 1323/2345/25 1572/2816/25
f 1570/2811/25 1321/2341/25 1572/2812/25
f 1323/2347/25 1325/2349/25 1576/2822/25
f 1572/2816/25 1323/2345/25 1576/2819/25
f 1325/2351/25 1327/2353/25 1580/2827/25
f 1576/2822/25 1325/2349/25 1580/2824/25
f 1327/2355/25 1329/2357/25 1582/2831/25
f 1580/2827/25 1327/2353/25 1582/2829/25
f 1329/2359/25 1331/2361/25 1584/2835/25
f 1582/2831/25 1329/2357/25 1584/2832/25
f 1331/2363/25 1333/2365/25 1586/2839/25
f 1584/2835/25 1331/2361/25 1586/2837/25
f 1333/2367/25 1335/2369/25 1588/2843/25
f 1586/2839/25 1333/2365/25 1588/2840/25
f 1335/2371/25 1337/2373/25 1590/2848/25
f 1588/2843/25 1335/2369/25 1590/2845/25
f 1337/2375/25 1339/2377/25 1594/2854/25
f 1590/2848/25 1337/2373/25 1594/2850/25
f 1339/2379/25 1341/2381/25 1598/2859/25
f 1594/2854/25 1339/2377/25 1598/2857/25
f 1341/2383/25 1343/2385/25 1600/2863/25
f 1598/2859/25 1341/2381/25 1600/2860/25
f 1343/2387/25 1345/2389/25 1602/2867/25
f 1600/2863/25 1343/2385/25 1602/2865/25
f 1345/2391/25 1347/2393/25 1604/2871/25
f 1602/2867/25 1345/2389/25 1604/2868/25
f 1347/2395/25 1349/2397/25 1606/2875/25
f 1604/2871/25 1347/2393/25 1606/2873/25
f 1349/2399/25 1351/2401/25 1608/2880/25
f 1606/2875/25 1349/2397/25 1608/2876/25
f 1351/2403/25 1353/2405/25 1612/2886/25
f 1608/2880/25 1351/2401/25 1612/2883/25
f 1353/2407/25 1355/2409/25 1616/2891/25
f 1612/2886/25 1353/2405/25 1616/2888/25
f 1355/2411/25 1357/2413/25 1618/2895/25
f 1616/2891/25 1355/2409/25 1618/2893/25
f 1357/2415/25 1359/2417/25 1620/2899/25
f 1618/2895/25 1357/2413/25 1620/2896/25
f 1359/2419/25 1361/2421/25 1622/2903/25
f 1620/2899/25 1359/2417/25 1622/2901/25
f 1361/2423/25 1363/2425/25 1624/2907/25
f 1622/2903/25 1361/2421/25 1624/2904/25
f 1363/2427/25 1365/2429/25 1626/2912/25
f 1624/2907/25 1363/2425/25 1626/2909/25
f 1365/2431/25 1367/2433/25 1630/2918/25
f 1626/2912/25 1365/2429/25 1630/2914/25
f 1367/2435/25 1369/2437/25 1634/2923/25
f 1630/2918/25 1367/2433/25 1634/2921/25
f 1369/2439/25 1371/2441/25 1636/2927/25
f 1634/2923/25 1369/2437/25 1636/2924/25
f 1371/2443/25 1373/2445/25 1638/2931/25
f 1636/2927/25 1371/2441/25 1638/2929/25
f 1373/2447/25 1375/2449/25 1640/2935/25
f 1638/2931/25 1373/2445/25 1640/2932/25
f 1375/2451/25 1377/2453/25 1642/2939/25
f 1640/2935/25 1375/2449/25 1642/2937/25
f 1377/2455/25 1379/2457/25 1644/2944/25
f 1642/2939/25 1377/2453/25 1644/2940/25
f 1379/2459/25 1381/2461/25 1648/2950/25
f 1644/2944/25 1379/2457/25 1648/2947/25
f 1381/2463/25 1383/2465/25 1652/2955/25
f 1648/2950/25 1381/2461/25 1652/2952/25
f 1383/2467/25 1385/2469/25 1654/2959/25
f 1652/2955/25 1383/2465/25 1654/2957/25
f 1385/2471/25 1387/2473/25 1656/2963/25
f 1654/2959/25 1385/2469/25 1656/2960/25
f 1387/2475/25 1389/2477/25 1658/2967/25
f 1656/2963/25 1387/2473/25 1658/2965/25
f 1389/2479/25 1391/2481/25 1660/2971/25
f 1658/2967/25 1389/2477/25 1660/2968/25
f 1391/2483/25 1393/2485/25 1662/2976/25
f 1660/2971/25 1391/2481/25 1662/2973/25
f 1393/2487/25 1395/2489/25 1666/2982/25
f 1662/2976/25 1393/2485/25 1666/2978/25
f 1395/2491/25 1397/2493/25 1670/2987/25
f 1666/2982/25 1395/2489/25 1670/2985/25
f 1397/2495/25 1399/2497/25 1672/2991/25
f 1670/2987/25 1397/2493/25 1672/2988/25
f 1399/2499/25 1401/2501/25 1674/2995/25
f 1672/2991/25 1399/2497/25 1674/2993/25
f 1401/2503/25 1403/2505/25 1676/2999/25
f 1674/2995/25 1401/2501/25 1676/2996/25
f 1403/2507/25 1405/2509/25 1678/3003/25
f 1676/2999/25 1403/2505/25 1678/3001/25
f 1405/2511/25 1407/2513/25 1680/3008/25
f 1678/3003/25 1405/2509/25 1680/3004/25
f 1407/2515/25 1409/2517/25 1684/3014/25
f 1680/3008/25 1407/2513/25 1684/3011/25
f 1409/2519/25 1411/2521/25 1688/3019/25
f 1684/3014/25 1409/2517/25 1688/3016/25
f 1411/2523/25 1413/2525/25 1690/3023/25
f 1688/3019/25 1411/2521/25 1690/3021/25
f 1413/2527/25 1415/2529/25 1692/3027/25
f 1690/3023/25 1413/2525/25 1692/3024/25
f 1415/2531/25 1417/2533/25 1694/3031/25
f 1692/3027/25 1415/2529/25 1694/3029/25
f 1417/2535/25 1419/2537/25 1696/3035/25
f 1694/3031/25 1417/2533/25 1696/3032/25
f 1419/2539/25 1421/2541/25 1698/3040/25
f 1696/3035/25 1419/2537/25 1698/3037/25
f 1421/2543/25 1423/2545/25 1702/3046/25
f 1698/3040/25 1421/2541/25 1702/3042/25
f 1423/2547/25 1425/2549/25 1706/3051/25
f 1702/3046/25 1423/2545/25 1706/3049/25
f 1425/2551/25 1427/2553/25 1708/3055/25
f 1706/3051/25 1425/2549/25 1708/3052/25
f 1427/2555/25 1429/2557/25 1710/3059/25
f 1708/3055/25 1427/2553/25 1710/3057/25
f 1429/2559/25 1431/2561/25 1712/3063/25
f 1710/3059/25 1429/2557/25 1712/3060/25
f 1431/2563/25 1433/2565/25 1714/3067/25
f 1712/3063/25 1431/2561/25 1714/3065/25
f 1433/2567/25 1435/2569/25 1716/3072/25
f 1714/3067/25 1433/2565/25 1716/3068/25
f 1435/2571/25 1437/2573/25 1720/3078/25
f 1716/3072/25 1435/2569/25 1720/3075/25
f 1437/2575/25 1439/2577/25 1724/3083/25
f 1720/3078/25 1437/2573/25 1724/3080/25
f 1439/2579/25 1441/2581/25 1726/3087/25
f 1724/3083/25 1439/2577/25 1726/3085/25
f 1441/2583/25 1443/2585/25 1728/3091/25
f 1726/3087/25 1441/2581/25 1728/3088/25
f 1443/2587/25 1445/2589/25 1730/3095/25
f 1728/3091/25 1443/2585/25 1730/3093/25
f 1445/2591/25 1447/2593/25 1732/3099/25
f 1730/3095/25 1445/2589/25 1732/3096/25
f 1447/2595/25 1449/2597/25 1734/3104/25
f 1732/3099/25 1447/2593/25 1734/3101/25
f 1449/2599/25 1451/2601/25 1738/3110/25
f 1734/3104/25 1449/2597/25 1738/3106/25
f 1451/2603/25 1453/2605/25 1742/3115/25
f 1738/3110/25 1451/2601/25 1742/3113/25
f 1453/2607/25 1455/2609/25 1744/3119/25
f 1742/3115/25 1453/2605/25 1744/3116/25
f 1455/2611/25 1457/2613/25 1746/3123/25
f 1744/3119/25 1455/2609/25 1746/3121/25
f 1457/2615/25 1459/2617/25 1748/3127/25
f 1746/3123/25 1457/2613/25 1748/3124/25
f 1459/2619/25 1461/2621/25 1750/3132/25
f 1748/3127/25 1459/2617/25 1750/3129/25
f 1461/2623/25 1463/2625/25 1754/3138/25
f 1750/3132/25 1461/2621/25 1754/3134/25
f 1463/2627/25 1465/2629/25 1758/3143/25
f 1754/3138/25 1463/2625/25 1758/3141/25
f 1465/2631/25 1467/2633/25 1760/3147/25
f 1758/3143/25 1465/2629/25 1760/3144/25
f 1467/2635/25 1469/2637/25 1762/3151/25
f 1760/3147/25 1467/2633/25 1762/3149/25
f 1469/2639/25 1471/2641/25 1764/3155/25
f 1762/3151/25 1469/2637/25 1764/3152/25
f 1471/2647/25 1477/2649/25 1766/3160/25
f 1764/3155/25 1471/2641/25 1766/3157/25
f 1477/2649/25 1233/2181/25 1796/3188/25
f 1766/3160/25 1477/2649/25 1796/3188/25
f 718/1222/25 720/1224/25 948/1672/25
f 948/1672/25 950/1674/25 2281/5097/25
f 950/1676/25 952/1678/25 2281/5098/25
f 952/1680/25 954/1682/25 2282/5099/25
f 2281/5098/25 952/1678/25 2282/5100/25
f 954/1684/25 956/1686/25 2283/5101/25
f 2282/5099/25 954/1682/25 2283/5102/25
f 956/1688/25 958/1690/25 2284/5103/25
f 2283/5101/25 956/1686/25 2284/5104/25
f 958/1692/25 960/1694/25 2285/5105/25
f 2284/5103/25 958/1690/25 2285/5106/25
f 960/1696/25 962/1698/25 2286/5107/25
f 2285/5105/25 960/1694/25 2286/5108/25
f 962/1700/25 964/1702/25 2287/5109/25
f 2286/5107/25 962/1698/25 2287/5110/25
f 964/1704/25 966/1706/25 2288/5111/25
f 2287/5109/25 964/1702/25 2288/5112/25
f 966/1708/25 968/1710/25 2289/5113/25
f 2288/5111/25 966/1706/25 2289/5114/25
f 968/1712/25 970/1714/25 2290/5115/25
f 2289/5113/25 968/1710/25 2290/5116/25
f 970/1716/25 972/1718/25 2291/5117/25
f 2290/5115/25 970/1714/25 2291/5118/25
f 972/1720/25 974/1722/25 2292/5119/25
f 2291/5117/25 972/1718/25 2292/5120/25
f 974/1724/25 976/1726/25 2293/5121/25
f 2292/5119/25 974/1722/25 2293/5122/25
f 976/1728/25 978/1730/25 2294/5123/25
f 2293/5121/25 976/1726/25 2294/5124/25
f 978/1732/25 980/1734/25 2295/5125/25
f 2294/5123/25 978/1730/25 2295/5126/25
f 980/1736/25 982/1738/25 2296/5127/25
f 2295/5125/25 980/1734/25 2296/5128/25
f 982/1740/25 984/1742/25 2297/5129/25
f 2296/5127/25 982/1738/25 2297/5130/25
f 984/1744/25 986/1746/25 2298/5131/25
f 2297/5129/25 984/1742/25 2298/5132/25
f 986/1748/25 988/1750/25 2299/5133/25
f 2298/5131/25 986/1746/25 2299/5134/25
f 988/1752/25 990/1754/25 2300/5135/25
f 2299/5133/25 988/1750/25 2300/5136/25
f 990/1756/25 992/1758/25 2301/5137/25
f 2300/5135/25 990/1754/25 2301/5138/25
f 992/1760/25 994/1762/25 2302/5139/25
f 2301/5137/25 992/1758/25 2302/5140/25
f 994/1764/25 996/1766/25 2303/5141/25
f 2302/5139/25 994/1762/25 2303/5142/25
f 996/1768/25 998/1770/25 2304/5143/25
f 2303/5141/25 996/1766/25 2304/5144/25
f 998/1772/25 1000/1774/25 2305/5145/25
f 2304/5143/25 998/1770/25 2305/5146/25
f 1000/1776/25 1002/1778/25 2306/5147/25
f 2305/5145/25 1000/1774/25 2306/5148/25
f 1002/1780/25 1004/1782/25 2307/5149/25
f 2306/5147/25 1002/1778/25 2307/5150/25
f 1004/1784/25 1006/1786/25 2308/5151/25
f 2307/5149/25 1004/1782/25 2308/5152/25
f 1006/1788/25 1008/1790/25 2309/5153/25
f 2308/5151/25 1006/1786/25 2309/5154/25
f 1008/1792/25 1010/1794/25 2310/5155/25
f 2309/5153/25 1008/1790/25 2310/5156/25
f 1010/1796/25 1012/1798/25 2311/5157/25
f 2310/5155/25 1010/1794/25 2311/5158/25
f 1012/1800/25 1014/1802/25 2312/5159/25
f 2311/5157/25 1012/1798/25 2312/5160/25
f 1014/1804/25 1016/1806/25 2313/5161/25
f 2312/5159/25 1014/1802/25 2313/5162/25
f 1016/1808/25 1018/1810/25 2314/5163/25
f 2313/5161/25 1016/1806/25 2314/5164/25
f 1018/1812/25 1020/1814/25 2315/5165/25
f 2314/5163/25 1018/1810/25 2315/5166/25
f 1020/1816/25 1022/1818/25 2316/5167/25
f 2315/5165/25 1020/1814/25 2316/5168/25
f 1022/1820/25 1024/1822/25 2317/5169/25
f 2316/5167/25 1022/1818/25 2317/5170/25
f 1024/1824/25 1026/1826/25 2318/5171/25
f 2317/5169/25 1024/1822/25 2318/5172/25
f 1026/1828/25 1028/1830/25 2319/5173/25
f 2318/5171/25 1026/1826/25 2319/5174/25
f 1028/1832/25 1030/1834/25 2320/5175/25
f 2319/5173/25 1028/1830/25 2320/5176/25
f 1030/1836/25 1032/1838/25 2321/5177/25
f 2320/5175/25 1030/1834/25 2321/5178/25
f 1032/1840/25 1034/1842/25 2322/5179/25
f 2321/5177/25 1032/1838/25 2322/5180/25
f 1034/1844/25 1036/1846/25 2323/5181/25
f 2322/5179/25 1034/1842/25 2323/5182/25
f 1036/1848/25 1038/1850/25 2324/5183/25
f 2323/5181/25 1036/1846/25 2324/5184/25
f 1038/1852/25 1040/1854/25 2325/5185/25
f 2324/5183/25 1038/1850/25 2325/5186/25
f 1040/1856/25 1042/1858/25 2326/5187/25
f 2325/5185/25 1040/1854/25 2326/5188/25
f 1042/1860/25 1044/1862/25 2327/5189/25
f 2326/5187/25 1042/1858/25 2327/5190/25
f 1044/1864/25 1046/1866/25 2328/5191/25
f 2327/5189/25 1044/1862/25 2328/5192/25
f 1046/1868/25 1048/1870/25 2329/5193/25
f 2328/5191/25 1046/1866/25 2329/5194/25
f 1048/1872/25 1050/1874/25 2330/5195/25
f 2329/5193/25 1048/1870/25 2330/5196/25
f 1050/1876/25 1052/1878/25 2331/5197/25
f 2330/5195/25 1050/1874/25 2331/5198/25
f 1052/1880/25 1054/1882/25 2332/5199/25
f 2331/5197/25 1052/1878/25 2332/5200/25
f 1054/1884/25 1056/1886/25 2333/5201/25
f 2332/5199/25 1054/1882/25 2333/5202/25
f 1056/1888/25 1058/1890/25 2334/5203/25
f 2333/5201/25 1056/1886/25 2334/5204/25
f 1058/1892/25 1060/1894/25 2335/5205/25
f 2334/5203/25 1058/1890/25 2335/5206/25
f 1060/1896/25 1062/1898/25 2336/5207/25
f 2335/5205/25 1060/1894/25 2336/5208/25
f 1062/1900/25 1064/1902/25 2337/5209/25
f 2336/5207/25 1062/1898/25 2337/5210/25
f 1064/1904/25 1066/1906/25 2338/5211/25
f 2337/5209/25 1064/1902/25 2338/5212/25
f 1066/1908/25 1068/1910/25 2339/5213/25
f 2338/5211/25 1066/1906/25 2339/5214/25
f 1068/1912/25 1070/1914/25 2340/5215/25
f 2339/5213/25 1068/1910/25 2340/5216/25
f 1070/1916/25 1072/1918/25 2341/5217/25
f 2340/5215/25 1070/1914/25 2341/5218/25
f 1072/1920/25 1074/1922/25 2342/5219/25
f 2341/5217/25 1072/1918/25 2342/5220/25
f 1074/1924/25 1076/1926/25 2343/5221/29
f 2342/5219/25 1074/1922/25 2343/5222/29
f 1076/1928/25 1078/1930/25 2344/5223/25
f 2343/5221/29 1076/1926/25 2344/5224/25
f 1078/1932/25 1080/1934/25 2345/5225/25
f 2344/5223/25 1078/1930/25 2345/5226/25
f 1080/1936/25 1082/1938/25 2346/5227/25
f 2345/5225/25 1080/1934/25 2346/5228/25
f 1082/1940/25 1084/1942/25 2347/5229/25
f 2346/5227/25 1082/1938/25 2347/5230/25
f 1084/1944/25 1086/1946/25 2348/5231/25
f 2347/5229/25 1084/1942/25 2348/5232/25
f 1086/1948/25 1088/1950/25 2349/5233/25
f 2348/5231/25 1086/1946/25 2349/5234/25
f 1088/1952/25 1090/1954/25 2350/5235/25
f 2349/5233/25 1088/1950/25 2350/5236/25
f 1090/1956/25 1092/1958/25 2351/5237/25
f 2350/5235/25 1090/1954/25 2351/5238/25
f 1092/1960/25 1094/1962/25 2352/5239/29
f 2351/5237/25 1092/1958/25 2352/5240/29
f 1094/1964/25 1096/1966/25 2353/5241/25
f 2352/5239/29 1094/1962/25 2353/5242/25
f 1096/1968/25 1098/1970/25 2354/5243/25
f 2353/5241/25 1096/1966/25 2354/5244/25
f 1098/1972/25 1100/1974/25 2355/5245/25
f 2354/5243/25 1098/1970/25 2355/5246/25
f 1100/1976/25 1102/1978/25 2356/5247/25
f 2355/5245/25 1100/1974/25 2356/5248/25
f 1102/1980/25 1104/1982/25 2357/5249/29
f 2356/5247/25 1102/1978/25 2357/5250/29
f 1104/1984/25 1106/1986/25 2358/5251/26
f 2357/5249/29 1104/1982/25 2358/5252/26
f 1106/1988/25 1108/1990/25 2359/5253/25
f 2358/5251/26 1106/1986/25 2359/5254/25
f 1108/1992/25 1110/1994/25 2360/5255/29
f 2359/5253/25 1108/1990/25 2360/5256/29
f 1110/1996/25 1112/1998/25 2361/5257/29
f 2360/5255/29 1110/1994/25 2361/5258/29
f 1112/2000/25 1114/2002/25 2362/5259/25
f 2361/5257/29 1112/1998/25 2362/5260/25
f 1114/2004/25 1116/2006/25 2363/5261/29
f 2362/5259/25 1114/2002/25 2363/5262/29
f 1116/2008/25 1118/2010/25 2364/5263/25
f 2363/5261/29 1116/2006/25 2364/5264/25
f 1118/2012/25 1120/2014/25 2365/5265/25
f 2364/5263/25 1118/2010/25 2365/5266/25
f 1120/2016/25 1122/2018/25 2366/5267/25
f 2365/5265/25 1120/2014/25 2366/5268/25
f 1122/2020/25 1124/2022/25 2367/5269/29
f 2366/5267/25 1122/2018/25 2367/5270/29
f 1124/2024/25 1126/2026/25 2368/5271/25
f 2367/5269/29 1124/2022/25 2368/5272/25
f 1126/2028/25 1128/2030/25 2369/5273/25
f 2368/5271/25 1126/2026/25 2369/5274/25
f 1128/2032/25 1130/2034/25 2370/5275/25
f 2369/5273/25 1128/2030/25 2370/5276/25
f 1130/2036/25 1132/2038/25 2371/5277/25
f 2370/5275/25 1130/2034/25 2371/5278/25
f 1132/2040/25 1134/2042/25 2372/5279/29
f 2371/5277/25 1132/2038/25 2372/5280/29
f 1134/2044/25 1136/2046/25 2373/5281/25
f 2372/5279/29 1134/2042/25 2373/5282/25
f 1136/2048/25 1138/2050/25 2374/5283/26
f 2373/5281/25 1136/2046/25 2374/5284/26
f 1138/2052/25 1140/2054/25 2375/5285/29
f 2374/5283/26 1138/2050/25 2375/5286/29
f 1140/2056/25 1142/2058/25 2376/5287/26
f 2375/5285/29 1140/2054/25 2376/5288/26
f 1142/2060/25 1144/2062/25 2377/5289/25
f 2376/5287/26 1142/2058/25 2377/5290/25
f 1144/2064/25 1146/2066/25 2378/5291/25
f 2377/5289/25 1144/2062/25 2378/5292/25
f 1146/2068/25 1148/2070/25 2379/5293/25
f 2378/5291/25 1146/2066/25 2379/5294/25
f 1148/2072/25 1150/2074/25 2380/5295/29
f 2379/5293/25 1148/2070/25 2380/5296/29
f 1150/2076/25 1152/2078/25 2381/5297/25
f 2380/5295/29 1150/2074/25 2381/5298/25
f 1152/2080/25 1154/2082/25 2382/5299/25
f 2381/5297/25 1152/2078/25 2382/5300/25
f 1154/2084/25 1156/2086/25 2383/5301/25
f 2382/5299/25 1154/2082/25 2383/5302/25
f 1156/2088/25 1158/2090/25 2384/5303/25
f 2383/5301/25 1156/2086/25 2384/5304/25
f 1158/2092/25 1160/2094/25 2385/5305/25
f 2384/5303/25 1158/2090/25 2385/5306/25
f 1160/2096/25 1162/2098/25 2386/5307/25
f 2385/5305/25 1160/2094/25 2386/5308/25
f 1162/2100/25 1164/2102/25 2387/5309/29
f 2386/5307/25 1162/2098/25 2387/5310/29
f 1164/2104/25 1166/2106/25 2388/5311/25
f 2387/5309/29 1164/2102/25 2388/5312/25
f 1166/2108/25 1168/2110/25 2389/5313/25
f 2388/5311/25 1166/2106/25 2389/5314/25
f 1168/2112/25 1170/2114/25 2390/5315/25
f 2389/5313/25 1168/2110/25 2390/5316/25
f 718/1222/25 948/1672/25 1216/2164/25
f 2388/5311/25 2389/5314/25 1216/2164/25
f 2389/5314/25 2390/5315/25 1216/2164/25
f 2386/5307/25 2387/5310/29 1216/2164/25
f 2385/5306/25 2386/5307/25 1216/2164/25
f 2384/5303/25 2385/5306/25 1216/2164/25
f 2383/5302/25 2384/5303/25 1216/2164/25
f 2382/5299/25 2383/5302/25 1216/2164/25
f 2381/5298/25 2382/5299/25 1216/2164/25
f 2380/5295/29 2381/5298/25 1216/2164/25
f 2379/5294/25 2380/5295/29 1216/2164/25
f 2378/5291/25 2379/5294/25 1216/2164/25
f 2377/5290/25 2378/5291/25 1216/2164/25
f 2376/5287/26 2377/5290/25 1216/2164/25
f 2375/5286/29 2376/5287/26 1216/2164/25
f 2374/5283/26 2375/5286/29 1216/2164/25
f 2373/5282/25 2374/5283/26 1216/2164/25
f 2372/5279/29 2373/5282/25 1216/2164/25
f 2371/5278/25 2372/5279/29 1216/2164/25
f 2370/5275/25 2371/5278/25 1216/2164/25
f 2369/5274/25 2370/5275/25 1216/2164/25
f 2368/5271/25 2369/5274/25 1216/2164/25
f 2367/5270/29 2368/5271/25 1216/2164/25
f 2366/5267/25 2367/5270/29 1216/2164/25
f 2365/5266/25 2366/5267/25 1216/2164/25
f 2364/5263/25 2365/5266/25 1216/2164/25
f 2363/5262/29 2364/5263/25 1216/2164/25
f 2362/5259/25 2363/5262/29 1216/2164/25
f 2361/5258/29 2362/5259/25 1216/2164/25
f 2360/5255/29 2361/5258/29 1216/2164/25
f 2359/5254/25 2360/5255/29 1216/2164/25
f 2358/5251/26 2359/5254/25 1216/2164/25
f 2357/5250/29 2358/5251/26 1216/2164/25
f 2356/5247/25 2357/5250/29 1216/2164/25
f 2355/5246/25 2356/5247/25 1216/2164/25
f 2354/5243/25 2355/5246/25 1216/2164/25
f 2353/5242/25 2354/5243/25 1216/2164/25
f 2352/5239/29 2353/5242/25 1216/2164/25
f 2351/5238/25 2352/5239/29 1216/2164/25
f 2350/5235/25 2351/5238/25 1216/2164/25
f 2349/5234/25 2350/5235/25 1216/2164/25
f 2348/5231/25 2349/5234/25 1216/2164/25
f 2347/5230/25 2348/5231/25 1216/2164/25
f 2346/5227/25 2347/5230/25 1216/2164/25
f 2345/5226/25 2346/5227/25 1216/2164/25
f 2344/5223/25 2345/5226/25 1216/2164/25
f 2343/5222/29 2344/5223/25 1216/2164/25
f 2342/5219/25 2343/5222/29 1216/2164/25
f 2341/5218/25 2342/5219/25 1216/2164/25
f 2340/5215/25 2341/5218/25 1216/2164/25
f 2339/5214/25 2340/5215/25 1216/2164/25
f 2338/5211/25 2339/5214/25 1216/2164/25
f 2337/5210/25 2338/5211/25 1216/2164/25
f 2336/5207/25 2337/5210/25 1216/2164/25
f 2335/5206/25 2336/5207/25 1216/2164/25
f 2334/5203/25 2335/5206/25 1216/2164/25
f 2333/5202/25 2334/5203/25 1216/2164/25
f 2332/5199/25 2333/5202/25 1216/2164/25
f 2331/5198/25 2332/5199/25 1216/2164/25
f 2330/5195/25 2331/5198/25 1216/2164/25
f 2329/5194/25 2330/5195/25 1216/2164/25
f 2328/5191/25 2329/5194/25 1216/2164/25
f 2327/5190/25 2328/5191/25 1216/2164/25
f 2326/5187/25 2327/5190/25 1216/2164/25
f 2325/5186/25 2326/5187/25 1216/2164/25
f 2324/5183/25 2325/5186/25 1216/2164/25
f 2323/5182/25 2324/5183/25 1216/2164/25
f 2322/5179/25 2323/5182/25 1216/2164/25
f 2321/5178/25 2322/5179/25 1216/2164/25
f 2320/5175/25 2321/5178/25 1216/2164/25
f 2319/5174/25 2320/5175/25 1216/2164/25
f 2318/5171/25 2319/5174/25 1216/2164/25
f 2317/5170/25 2318/5171/25 1216/2164/25
f 2316/5167/25 2317/5170/25 1216/2164/25
f 2315/5166/25 2316/5167/25 1216/2164/25
f 2314/5163/25 2315/5166/25 1216/2164/25
f 2313/5162/25 2314/5163/25 1216/2164/25
f 2312/5159/25 2313/5162/25 1216/2164/25
f 2311/5158/25 2312/5159/25 1216/2164/25
f 2310/5155/25 2311/5158/25 1216/2164/25
f 2309/5154/25 2310/5155/25 1216/2164/25
f 2308/5151/25 2309/5154/25 1216/2164/25
f 2307/5150/25 2308/5151/25 1216/2164/25
f 2306/5147/25 2307/5150/25 1216/2164/25
f 2305/5146/25 2306/5147/25 1216/2164/25
f 2304/5143/25 2305/5146/25 1216/2164/25
f 2303/5142/25 2304/5143/25 1216/2164/25
f 2302/5139/25 2303/5142/25 1216/2164/25
f 2301/5138/25 2302/5139/25 1216/2164/25
f 2300/5135/25 2301/5138/25 1216/2164/25
f 2299/5134/25 2300/5135/25 1216/2164/25
f 2298/5131/25 2299/5134/25 1216/2164/25
f 2297/5130/25 2298/5131/25 1216/2164/25
f 2296/5127/25 2297/5130/25 1216/2164/25
f 2295/5126/25 2296/5127/25 1216/2164/25
f 2294/5123/25 2295/5126/25 1216/2164/25
f 2293/5122/25 2294/5123/25 1216/2164/25
f 2292/5119/25 2293/5122/25 1216/2164/25
f 2291/5118/25 2292/5119/25 1216/2164/25
f 2290/5115/25 2291/5118/25 1216/2164/25
f 2289/5114/25 2290/5115/25 1216/2164/25
f 2288/5111/25 2289/5114/25 1216/2164/25
f 2287/5110/25 2288/5111/25 1216/2164/25
f 2286/5107/25 2287/5110/25 1216/2164/25
f 2285/5106/25 2286/5107/25 1216/2164/25
f 2284/5103/25 2285/5106/25 1216/2164/25
f 2283/5102/25 2284/5103/25 1216/2164/25
f 2282/5099/25 2283/5102/25 1216/2164/25
f 2281/5097/25 2282/5099/25 1216/2164/25
f 948/1672/25 2281/5097/25 1216/2164/25
f 2387/5310/29 2388/5311/25 1216/2164/25
f 2390/5315/25 1170/2114/25 1218/2166/25
f 1216/2164/25 2390/5315/25 1218/2166/25
f 1188/2136/25 1190/2138/25 2391/5317/25
f 2391/5317/25 1190/2138/25 2392/5318/25
f 2392/5318/25 1190/2138/25 2393/5319/25
f 2393/5319/25 1190/2138/25 2394/5320/26
f 2394/5320/26 1190/2138/25 2395/5321/25
f 2395/5321/25 1190/2138/25 2396/5322/25
f 2396/5322/25 1190/2138/25 2397/5323/29
f 2397/5323/29 1190/2138/25 2398/5324/26
f 2398/5324/26 1190/2138/25 2399/5325/25
f 2399/5325/25 1190/2138/25 2400/5326/25
f 2400/5326/25 1190/2138/25 2401/5327/26
f 2401/5327/26 1190/2138/25 2402/5328/29
f 2402/5328/29 1190/2138/25 2403/5329/25
f 2403/5329/25 1190/2138/25 2404/5330/25
f 2404/5330/25 1190/2138/25 2405/5331/25
f 2405/5331/25 1190/2138/25 2406/5332/25
f 2406/5332/25 1190/2138/25 2407/5333/25
f 2407/5333/25 1190/2138/25 2408/5334/25
f 2408/5334/25 1190/2138/25 1196/2144/25
f 1188/2136/25 2391/5317/25 2409/5335/25
f 2391/5336/25 2392/5337/25 2409/5338/25
f 2392/5318/25 2393/5319/25 2410/5339/25
f 2409/5338/25 2392/5337/25 2410/5340/25
f 2393/5341/25 2394/5342/26 2411/5343/25
f 2410/5339/25 2393/5319/25 2411/5344/25
f 2394/5320/26 2395/5321/25 2412/5345/25
f 2411/5343/25 2394/5342/26 2412/5346/25
f 2395/5347/25 2396/5348/25 2413/5349/29
f 2412/5345/25 2395/5321/25 2413/5350/29
f 2396/5322/25 2397/5323/29 2414/5351/25
f 2413/5349/29 2396/5348/25 2414/5352/25
f 2397/5353/29 2398/5354/26 2415/5355/25
f 2414/5351/25 2397/5323/29 2415/5356/25
f 2398/5324/26 2399/5325/25 2416/5357/25
f 2415/5355/25 2398/5354/26 2416/5358/25
f 2399/5359/25 2400/5360/25 2417/5361/25
f 2416/5357/25 2399/5325/25 2417/5362/25
f 2400/5326/25 2401/5327/26 2418/5363/25
f 2417/5361/25 2400/5360/25 2418/5364/25
f 2401/5365/26 2402/5366/29 2419/5367/29
f 2418/5363/25 2401/5327/26 2419/5368/29
f 2402/5328/29 2403/5329/25 2420/5369/25
f 2419/5367/29 2402/5366/29 2420/5370/25
f 2403/5371/25 2404/5372/25 2421/5373/25
f 2420/5369/25 2403/5329/25 2421/5374/25
f 2404/5330/25 2405/5331/25 2422/5375/25
f 2421/5373/25 2404/5372/25 2422/5376/25
f 2405/5377/25 2406/5378/25 2423/5379/29
f 2422/5375/25 2405/5331/25 2423/5380/29
f 2406/5332/25 2407/5333/25 2424/5381/25
f 2423/5379/29 2406/5378/25 2424/5382/25
f 2407/5383/25 2408/5384/25 2425/5385/25
f 2424/5381/25 2407/5333/25 2425/5386/25
f 2408/5334/25 1196/2144/25 2426/5387/25
f 2425/5385/25 2408/5384/25 2426/5388/25
f 1196/2144/25 1198/2146/25 2426/5387/25
f 2426/5387/25 1198/2146/25 1232/2180/25
f 1232/2180/25 1198/2146/25 1234/2182/25
f 2424/5381/25 2425/5386/25 1240/2188/25
f 2422/5375/25 2423/5380/29 1240/2188/25
f 2426/5387/25 1232/2180/25 1240/2188/25
f 2425/5386/25 2426/5387/25 1240/2188/25
f 2421/5374/25 2422/5375/25 1240/2188/25
f 2420/5369/25 2421/5374/25 1240/2188/25
f 2419/5368/29 2420/5369/25 1240/2188/25
f 2418/5363/25 2419/5368/29 1240/2188/25
f 2417/5362/25 2418/5363/25 1240/2188/25
f 2416/5357/25 2417/5362/25 1240/2188/25
f 2415/5356/25 2416/5357/25 1240/2188/25
f 2414/5351/25 2415/5356/25 1240/2188/25
f 2413/5350/29 2414/5351/25 1240/2188/25
f 2412/5345/25 2413/5350/29 1240/2188/25
f 2411/5344/25 2412/5345/25 1240/2188/25
f 2410/5339/25 2411/5344/25 1240/2188/25
f 2409/5335/25 2410/5339/25 1240/2188/25
f 1188/2136/25 2409/5335/25 1240/2188/25
f 2423/5380/29 2424/5381/25 1240/2188/25
f 1240/2188/25 1232/2180/25 1242/2190/25
f 1212/2160/25 1214/2162/25 2427/5389/25
f 2427/5389/25 1214/2162/25 2428/5390/26
f 2428/5390/26 1214/2162/25 2429/5391/25
f 2429/5391/25 1214/2162/25 2430/5392/29
f 2430/5392/29 1214/2162/25 2431/5393/25
f 2431/5393/25 1214/2162/25 2432/5394/25
f 2432/5394/25 1214/2162/25 2433/5395/26
f 2433/5395/26 1214/2162/25 2434/5396/29
f 2434/5396/29 1214/2162/25 2435/5397/29
f 2435/5397/29 1214/2162/25 2436/5398/25
f 2436/5398/25 1214/2162/25 2437/5399/25
f 2437/5399/25 1214/2162/25 2438/5400/29
f 2438/5400/29 1214/2162/25 2439/5401/36
f 2439/5401/36 1214/2162/25 2440/5402/25
f 2440/5402/25 1214/2162/25 2441/5403/26
f 2441/5403/26 1214/2162/25 2442/5404/29
f 2442/5404/29 1214/2162/25 2443/5405/25
f 2443/5405/25 1214/2162/25 2444/5406/25
f 2444/5406/25 1214/2162/25 2445/5407/25
f 2445/5407/25 1214/2162/25 2446/5408/25
f 2446/5408/25 1214/2162/25 2447/5409/25
f 2447/5409/25 1214/2162/25 2448/5410/25
f 2448/5410/25 1214/2162/25 2449/5411/29
f 2449/5411/29 1214/2162/25 2450/5412/25
f 2450/5412/25 1214/2162/25 2451/5413/25
f 2451/5413/25 1214/2162/25 2452/5414/25
f 2452/5414/25 1214/2162/25 2453/5415/25
f 2453/5415/25 1214/2162/25 2454/5416/25
f 2454/5416/25 1214/2162/25 2455/5417/25
f 2455/5417/25 1214/2162/25 2456/5418/25
f 2456/5418/25 1214/2162/25 2457/5419/29
f 2457/5419/29 1214/2162/25 2458/5420/26
f 2458/5420/26 1214/2162/25 2459/5421/25
f 2459/5421/25 1214/2162/25 2460/5422/25
f 2460/5422/25 1214/2162/25 2461/5423/25
f 2461/5423/25 1214/2162/25 2462/5424/29
f 2462/5424/29 1214/2162/25 2463/5425/25
f 2463/5425/25 1214/2162/25 2464/5426/25
f 2464/5426/25 1214/2162/25 2465/5427/25
f 2465/5427/25 1214/2162/25 2466/5428/25
f 2466/5428/25 1214/2162/25 2467/5429/25
f 2467/5429/25 1214/2162/25 2468/5430/25
f 2468/5430/25 1214/2162/25 2469/5431/25
f 2469/5431/25 1214/2162/25 2470/5432/25
f 2470/5432/25 1214/2162/25 2471/5433/26
f 2471/5433/26 1214/2162/25 2472/5434/25
f 2472/5434/25 1214/2162/25 2473/5435/25
f 2473/5435/25 1214/2162/25 2474/5436/25
f 2474/5436/25 1214/2162/25 2475/5437/25
f 2475/5437/25 1214/2162/25 2476/5438/25
f 2476/5438/25 1214/2162/25 2477/5439/26
f 2477/5439/26 1214/2162/25 2478/5440/25
f 2478/5440/25 1214/2162/25 2479/5441/25
f 2479/5441/25 1214/2162/25 2480/5442/25
f 2480/5442/25 1214/2162/25 2481/5443/25
f 2481/5443/25 1214/2162/25 2482/5444/25
f 2482/5444/25 1214/2162/25 2483/5445/25
f 2483/5445/25 1214/2162/25 2484/5446/25
f 2484/5446/25 1214/2162/25 2485/5447/25
f 2485/5447/25 1214/2162/25 2486/5448/25
f 2486/5448/25 1214/2162/25 2487/5449/25
f 2487/5449/25 1214/2162/25 2488/5450/25
f 2488/5450/25 1214/2162/25 2489/5451/25
f 2489/5451/25 1214/2162/25 2490/5452/25
f 2490/5452/25 1214/2162/25 2491/5453/25
f 2491/5453/25 1214/2162/25 2492/5454/25
f 2492/5454/25 1214/2162/25 2493/5455/25
f 2493/5455/25 1214/2162/25 2494/5456/25
f 2494/5456/25 1214/2162/25 2495/5457/25
f 2495/5457/25 1214/2162/25 2496/5458/25
f 2496/5458/25 1214/2162/25 2497/5459/25
f 2497/5459/25 1214/2162/25 2498/5460/25
f 2498/5460/25 1214/2162/25 2499/5461/25
f 2499/5461/25 1214/2162/25 2500/5462/25
f 2500/5462/25 1214/2162/25 2501/5463/25
f 2501/5463/25 1214/2162/25 2502/5464/25
f 2502/5464/25 1214/2162/25 2503/5465/25
f 2503/5465/25 1214/2162/25 2504/5466/25
f 2504/5466/25 1214/2162/25 2505/5467/25
f 2505/5467/25 1214/2162/25 2506/5468/25
f 2506/5468/25 1214/2162/25 2507/5469/25
f 2507/5469/25 1214/2162/25 2508/5470/25
f 2508/5470/25 1214/2162/25 2509/5471/25
f 2509/5471/25 1214/2162/25 2510/5472/25
f 2510/5472/25 1214/2162/25 2511/5473/25
f 2511/5473/25 1214/2162/25 2512/5474/25
f 2512/5474/25 1214/2162/25 2513/5475/25
f 2513/5475/25 1214/2162/25 2514/5476/25
f 2514/5476/25 1214/2162/25 2515/5477/25
f 2515/5477/25 1214/2162/25 2516/5478/25
f 2516/5478/25 1214/2162/25 2517/5479/25
f 2517/5479/25 1214/2162/25 2518/5480/25
f 2518/5480/25 1214/2162/25 2519/5481/25
f 2519/5481/25 1214/2162/25 2520/5482/25
f 2520/5482/25 1214/2162/25 2521/5483/25
f 2521/5483/25 1214/2162/25 2522/5484/25
f 2522/5484/25 1214/2162/25 2523/5485/25
f 2523/5485/25 1214/2162/25 2524/5486/25
f 2524/5486/25 1214/2162/25 2525/5487/25
f 2525/5487/25 1214/2162/25 2526/5488/25
f 2526/5488/25 1214/2162/25 2527/5489/25
f 2527/5489/25 1214/2162/25 2528/5490/25
f 2528/5490/25 1214/2162/25 2529/5491/25
f 2529/5491/25 1214/2162/25 2530/5492/25
f 2530/5492/25 1214/2162/25 2531/5493/25
f 2531/5493/25 1214/2162/25 2532/5494/25
f 2532/5494/25 1214/2162/25 2533/5495/25
f 2533/5495/25 1214/2162/25 2534/5496/25
f 2534/5496/25 1214/2162/25 2535/5497/25
f 2535/5497/25 1214/2162/25 2536/5498/25
f 1212/2160/25 2427/5389/25 1252/2204/25
f 2427/5499/25 2428/5500/26 1254/2208/25
f 1252/2204/25 2427/5389/25 1254/2206/25
f 2428/5390/26 2429/5391/25 1256/2212/25
f 1254/2208/25 2428/5500/26 1256/2210/25
f 2429/5501/25 2430/5502/29 1258/2216/25
f 1256/2212/25 2429/5391/25 1258/2214/25
f 2430/5392/29 2431/5393/25 1260/2220/25
f 1258/2216/25 2430/5502/29 1260/2218/25
f 2431/5503/25 2432/5504/25 1262/2224/25
f 1260/2220/25 2431/5393/25 1262/2222/25
f 2432/5394/25 2433/5395/26 1264/2228/25
f 1262/2224/25 2432/5504/25 1264/2226/25
f 2433/5505/26 2434/5506/29 1266/2232/25
f 1264/2228/25 2433/5395/26 1266/2230/25
f 2434/5396/29 2435/5397/29 1268/2236/25
f 1266/2232/25 2434/5506/29 1268/2234/25
f 2435/5507/29 2436/5508/25 1270/2240/25
f 1268/2236/25 2435/5397/29 1270/2238/25
f 2436/5398/25 2437/5399/25 1272/2244/25
f 1270/2240/25 2436/5508/25 1272/2242/25
f 2437/5509/25 2438/5510/29 1274/2248/25
f 1272/2244/25 2437/5399/25 1274/2246/25
f 2438/5400/29 2439/5401/36 1276/2252/25
f 1274/2248/25 2438/5510/29 1276/2250/25
f 2439/5511/36 2440/5512/25 1278/2256/25
f 1276/2252/25 2439/5401/36 1278/2254/25
f 2440/5402/25 2441/5403/26 1280/2260/25
f 1278/2256/25 2440/5512/25 1280/2258/25
f 2441/5513/26 2442/5514/29 1282/2264/25
f 1280/2260/25 2441/5403/26 1282/2262/25
f 2442/5404/29 2443/5405/25 1284/2268/25
f 1282/2264/25 2442/5514/29 1284/2266/25
f 2443/5515/25 2444/5516/25 1286/2272/25
f 1284/2268/25 2443/5405/25 1286/2270/25
f 2444/5406/25 2445/5407/25 1288/2276/25
f 1286/2272/25 2444/5516/25 1288/2274/25
f 2445/5517/25 2446/5518/25 1290/2280/25
f 1288/2276/25 2445/5407/25 1290/2278/25
f 2446/5408/25 2447/5409/25 1292/2284/25
f 1290/2280/25 2446/5518/25 1292/2282/25
f 2447/5519/25 2448/5520/25 1294/2288/25
f 1292/2284/25 2447/5409/25 1294/2286/25
f 2448/5410/25 2449/5411/29 1296/2292/25
f 1294/2288/25 2448/5520/25 1296/2290/25
f 2449/5521/29 2450/5522/25 1298/2296/25
f 1296/2292/25 2449/5411/29 1298/2294/25
f 2450/5412/25 2451/5413/25 1300/2300/25
f 1298/2296/25 2450/5522/25 1300/2298/25
f 2451/5523/25 2452/5524/25 1302/2304/25
f 1300/2300/25 2451/5413/25 1302/2302/25
f 2452/5414/25 2453/5415/25 1304/2308/25
f 1302/2304/25 2452/5524/25 1304/2306/25
f 2453/5525/25 2454/5526/25 1306/2312/25
f 1304/2308/25 2453/5415/25 1306/2310/25
f 2454/5416/25 2455/5417/25 1308/2316/25
f 1306/2312/25 2454/5526/25 1308/2314/25
f 2455/5527/25 2456/5528/25 1310/2320/25
f 1308/2316/25 2455/5417/25 1310/2318/25
f 2456/5418/25 2457/5419/29 1312/2324/25
f 1310/2320/25 2456/5528/25 1312/2322/25
f 2457/5529/29 2458/5530/26 1314/2328/25
f 1312/2324/25 2457/5419/29 1314/2326/25
f 2458/5420/26 2459/5421/25 1316/2332/25
f 1314/2328/25 2458/5530/26 1316/2330/25
f 2459/5531/25 2460/5532/25 1318/2336/25
f 1316/2332/25 2459/5421/25 1318/2334/25
f 2460/5422/25 2461/5423/25 1320/2340/25
f 1318/2336/25 2460/5532/25 1320/2338/25
f 2461/5533/25 2462/5534/29 1322/2344/25
f 1320/2340/25 2461/5423/25 1322/2342/25
f 2462/5424/29 2463/5425/25 1324/2348/25
f 1322/2344/25 2462/5534/29 1324/2346/25
f 2463/5535/25 2464/5536/25 1326/2352/25
f 1324/2348/25 2463/5425/25 1326/2350/25
f 2464/5426/25 2465/5427/25 1328/2356/25
f 1326/2352/25 2464/5536/25 1328/2354/25
f 2465/5537/25 2466/5538/25 1330/2360/25
f 1328/2356/25 2465/5427/25 1330/2358/25
f 2466/5428/25 2467/5429/25 1332/2364/25
f 1330/2360/25 2466/5538/25 1332/2362/25
f 2467/5539/25 2468/5540/25 1334/2368/25
f 1332/2364/25 2467/5429/25 1334/2366/25
f 2468/5430/25 2469/5431/25 1336/2372/25
f 1334/2368/25 2468/5540/25 1336/2370/25
f 2469/5541/25 2470/5542/25 1338/2376/25
f 1336/2372/25 2469/5431/25 1338/2374/25
f 2470/5432/25 2471/5433/26 1340/2380/25
f 1338/2376/25 2470/5542/25 1340/2378/25
f 2471/5543/26 2472/5544/25 1342/2384/25
f 1340/2380/25 2471/5433/26 1342/2382/25
f 2472/5434/25 2473/5435/25 1344/2388/25
f 1342/2384/25 2472/5544/25 1344/2386/25
f 2473/5545/25 2474/5546/25 1346/2392/25
f 1344/2388/25 2473/5435/25 1346/2390/25
f 2474/5436/25 2475/5437/25 1348/2396/25
f 1346/2392/25 2474/5546/25 1348/2394/25
f 2475/5547/25 2476/5548/25 1350/2400/25
f 1348/2396/25 2475/5437/25 1350/2398/25
f 2476/5438/25 2477/5439/26 1352/2404/25
f 1350/2400/25 2476/5548/25 1352/2402/25
f 2477/5549/26 2478/5550/25 1354/2408/25
f 1352/2404/25 2477/5439/26 1354/2406/25
f 2478/5440/25 2479/5441/25 1356/2412/25
f 1354/2408/25 2478/5550/25 1356/2410/25
f 2479/5551/25 2480/5552/25 1358/2416/25
f 1356/2412/25 2479/5441/25 1358/2414/25
f 2480/5442/25 2481/5443/25 1360/2420/25
f 1358/2416/25 2480/5552/25 1360/2418/25
f 2481/5553/25 2482/5554/25 1362/2424/25
f 1360/2420/25 2481/5443/25 1362/2422/25
f 2482/5444/25 2483/5445/25 1364/2428/25
f 1362/2424/25 2482/5554/25 1364/2426/25
f 2483/5555/25 2484/5556/25 1366/2432/25
f 1364/2428/25 2483/5445/25 1366/2430/25
f 2484/5446/25 2485/5447/25 1368/2436/25
f 1366/2432/25 2484/5556/25 1368/2434/25
f 2485/5557/25 2486/5558/25 1370/2440/25
f 1368/2436/25 2485/5447/25 1370/2438/25
f 2486/5448/25 2487/5449/25 1372/2444/25
f 1370/2440/25 2486/5558/25 1372/2442/25
f 2487/5559/25 2488/5560/25 1374/2448/25
f 1372/2444/25 2487/5449/25 1374/2446/25
f 2488/5450/25 2489/5451/25 1376/2452/25
f 1374/2448/25 2488/5560/25 1376/2450/25
f 2489/5561/25 2490/5562/25 1378/2456/25
f 1376/2452/25 2489/5451/25 1378/2454/25
f 2490/5452/25 2491/5453/25 1380/2460/25
f 1378/2456/25 2490/5562/25 1380/2458/25
f 2491/5563/25 2492/5564/25 1382/2464/25
f 1380/2460/25 2491/5453/25 1382/2462/25
f 2492/5454/25 2493/5455/25 1384/2468/25
f 1382/2464/25 2492/5564/25 1384/2466/25
f 2493/5565/25 2494/5566/25 1386/2472/25
f 1384/2468/25 2493/5455/25 1386/2470/25
f 2494/5456/25 2495/5457/25 1388/2476/25
f 1386/2472/25 2494/5566/25 1388/2474/25
f 2495/5567/25 2496/5568/25 1390/2480/25
f 1388/2476/25 2495/5457/25 1390/2478/25
f 2496/5458/25 2497/5459/25 1392/2484/25
f 1390/2480/25 2496/5568/25 1392/2482/25
f 2497/5569/25 2498/5570/25 1394/2488/25
f 1392/2484/25 2497/5459/25 1394/2486/25
f 2498/5460/25 2499/5461/25 1396/2492/25
f 1394/2488/25 2498/5570/25 1396/2490/25
f 2499/5571/25 2500/5572/25 1398/2496/25
f 1396/2492/25 2499/5461/25 1398/2494/25
f 2500/5462/25 2501/5463/25 1400/2500/25
f 1398/2496/25 2500/5572/25 1400/2498/25
f 2501/5573/25 2502/5574/25 1402/2504/25
f 1400/2500/25 2501/5463/25 1402/2502/25
f 2502/5464/25 2503/5465/25 1404/2508/25
f 1402/2504/25 2502/5574/25 1404/2506/25
f 2503/5575/25 2504/5576/25 1406/2512/25
f 1404/2508/25 2503/5465/25 1406/2510/25
f 2504/5466/25 2505/5467/25 1408/2516/25
f 1406/2512/25 2504/5576/25 1408/2514/25
f 2505/5577/25 2506/5578/25 1410/2520/25
f 1408/2516/25 2505/5467/25 1410/2518/25
f 2506/5468/25 2507/5469/25 1412/2524/25
f 1410/2520/25 2506/5578/25 1412/2522/25
f 2507/5579/25 2508/5580/25 1414/2528/25
f 1412/2524/25 2507/5469/25 1414/2526/25
f 2508/5470/25 2509/5471/25 1416/2532/25
f 1414/2528/25 2508/5580/25 1416/2530/25
f 2509/5581/25 2510/5582/25 1418/2536/25
f 1416/2532/25 2509/5471/25 1418/2534/25
f 2510/5472/25 2511/5473/25 1420/2540/25
f 1418/2536/25 2510/5582/25 1420/2538/25
f 2511/5583/25 2512/5584/25 1422/2544/25
f 1420/2540/25 2511/5473/25 1422/2542/25
f 2512/5474/25 2513/5475/25 1424/2548/25
f 1422/2544/25 2512/5584/25 1424/2546/25
f 2513/5585/25 2514/5586/25 1426/2552/25
f 1424/2548/25 2513/5475/25 1426/2550/25
f 2514/5476/25 2515/5477/25 1428/2556/25
f 1426/2552/25 2514/5586/25 1428/2554/25
f 2515/5587/25 2516/5588/25 1430/2560/25
f 1428/2556/25 2515/5477/25 1430/2558/25
f 2516/5478/25 2517/5479/25 1432/2564/25
f 1430/2560/25 2516/5588/25 1432/2562/25
f 2517/5589/25 2518/5590/25 1434/2568/25
f 1432/2564/25 2517/5479/25 1434/2566/25
f 2518/5480/25 2519/5481/25 1436/2572/25
f 1434/2568/25 2518/5590/25 1436/2570/25
f 2519/5591/25 2520/5592/25 1438/2576/25
f 1436/2572/25 2519/5481/25 1438/2574/25
f 2520/5482/25 2521/5483/25 1440/2580/25
f 1438/2576/25 2520/5592/25 1440/2578/25
f 2521/5593/25 2522/5594/25 1442/2584/25
f 1440/2580/25 2521/5483/25 1442/2582/25
f 2522/5484/25 2523/5485/25 1444/2588/25
f 1442/2584/25 2522/5594/25 1444/2586/25
f 2523/5595/25 2524/5596/25 1446/2592/25
f 1444/2588/25 2523/5485/25 1446/2590/25
f 2524/5486/25 2525/5487/25 1448/2596/25
f 1446/2592/25 2524/5596/25 1448/2594/25
f 2525/5597/25 2526/5598/25 1450/2600/25
f 1448/2596/25 2525/5487/25 1450/2598/25
f 2526/5488/25 2527/5489/25 1452/2604/25
f 1450/2600/25 2526/5598/25 1452/2602/25
f 2527/5599/25 2528/5600/25 1454/2608/25
f 1452/2604/25 2527/5489/25 1454/2606/25
f 2528/5490/25 2529/5491/25 1456/2612/25
f 1454/2608/25 2528/5600/25 1456/2610/25
f 2529/5601/25 2530/5602/25 1458/2616/25
f 1456/2612/25 2529/5491/25 1458/2614/25
f 2530/5492/25 2531/5493/25 1460/2620/25
f 1458/2616/25 2530/5602/25 1460/2618/25
f 2531/5603/25 2532/5604/25 1462/2624/25
f 1460/2620/25 2531/5493/25 1462/2622/25
f 2532/5494/25 2533/5495/25 1464/2628/25
f 1462/2624/25 2532/5604/25 1464/2626/25
f 2533/5605/25 2534/5606/25 1466/2632/25
f 1464/2628/25 2533/5495/25 1466/2630/25
f 2534/5496/25 2535/5497/25 1468/2636/25
f 1466/2632/25 2534/5606/25 1468/2634/25
f 2535/5607/25 2536/5608/25 1470/2640/25
f 1468/2636/25 2535/5497/25 1470/2638/25
f 2536/5498/25 1214/2162/25 1472/2648/25
f 1470/2640/25 2536/5608/25 1472/2642/25
f 1472/2648/25 1214/2162/25 1478/2650/25
f 1212/2160/25 1252/2204/25 1484/2656/25
f 1484/2656/25 1252/2204/25 1486/2658/25
f 1224/2172/39 1223/2171/39 623/1127/39
f 1192/2140/39 1229/2177/39 1193/2141/39
f 1230/2178/39 1229/2177/39 1192/2140/39
f 1208/2156/39 1479/2651/39 1209/2157/39
f 622/1126/39 1230/2178/39 1192/2140/39
f 622/1126/39 1208/2156/39 1230/2178/39
f 622/1126/39 1224/2172/39 623/1127/39
f 622/1126/39 1192/2140/39 1224/2172/39
f 1480/2652/39 1479/2651/39 1208/2156/39
f 1480/2652/39 1208/2156/39 622/1126/39
f 166/238/39 622/4105/39 167/239/39
f 138/210/39 166/4229/39 139/211/39
f 171/243/39 622/4105/39 166/238/39
f 171/4601/39 166/4229/39 138/210/39
f 170/242/39 622/4105/39 171/243/39
f 1798/3190/39 1797/3189/39 1480/4168/39
f 142/214/39 170/4291/39 143/215/39
f 175/247/39 622/4105/39 170/242/39
f 175/4663/39 170/4291/39 142/214/39
f 1805/4696/39 2261/4085/39 1798/4325/39
f 1805/3197/39 1798/3190/39 1480/4168/39
f 2262/4086/39 2261/4085/39 1805/4696/39
f 174/246/39 622/4105/39 175/247/39
f 1806/3198/39 1805/3197/39 1480/4168/39
f 146/218/39 174/4353/39 147/219/39
f 179/251/39 622/4105/39 174/246/39
f 179/4725/39 174/4353/39 146/218/39
f 1809/4758/39 2265/4089/39 1806/4387/39
f 1809/3201/39 1806/3198/39 1480/4168/39
f 2266/4090/39 2265/4089/39 1809/4758/39
f 178/250/39 622/4105/39 179/251/39
f 1810/3202/39 1809/3201/39 1480/4168/39
f 150/222/39 178/4415/39 151/223/39
f 183/255/39 622/4105/39 178/250/39
f 183/4787/39 178/4415/39 150/222/39
f 1813/4820/39 2269/4093/39 1810/4449/39
f 1813/3205/39 1810/3202/39 1480/4168/39
f 2270/4094/39 2269/4093/39 1813/4820/39
f 182/254/39 622/4105/39 183/255/39
f 1814/3206/39 1813/3205/39 1480/4168/39
f 154/226/39 182/4477/39 155/227/39
f 163/235/39 622/4105/39 182/254/39
f 163/4849/39 182/4477/39 154/226/39
f 1817/4882/39 2273/4097/39 1814/4511/39
f 1817/3209/39 1814/3206/39 1480/4168/39
f 2274/4098/39 2273/4097/39 1817/4882/39
f 1818/3210/39 1817/3209/39 1480/4168/39
f 1821/3213/39 1818/3210/39 1480/4168/39
f 1821/4944/39 2277/4101/39 1818/4573/39
f 2278/4102/39 2277/4101/39 1821/4944/39
f 162/234/39 622/4105/39 163/235/39
f 628/1132/39 1480/2652/39 622/1126/39
f 628/4973/39 622/4105/39 162/234/39
f 1483/5035/39 1821/3213/39 1480/4168/39
f 1483/2655/39 1480/2652/39 628/1132/39
f 1822/3214/39 1821/3213/39 1483/5035/39
f 627/1131/39 1483/2655/39 628/1132/39
f 1173/2117/39 1483/2655/39 627/1131/39
f 1172/2116/39 1483/2655/39 1173/2117/39
f 1215/2163/39 1483/2655/39 1172/2116/39
f 1215/2163/39 1172/2116/39 719/1223/39
f 1189/2137/39 1483/2655/39 1215/2163/39
f 1239/2187/39 1483/2655/39 1189/2137/39
f 1213/2161/39 1483/2655/39 1239/2187/39
f 718/1222/39 1215/2163/39 719/1223/39
f 1216/2164/39 1215/2163/39 718/1222/39
f 1188/2136/39 1239/2187/39 1189/2137/39
f 1240/2188/39 1239/2187/39 1188/2136/39
f 1212/2160/39 1483/2655/39 1213/2161/39
f 1484/2656/39 1483/2655/39 1212/2160/39
f 1800/4634/39 2257/4081/39 1799/4263/39
f 2258/4082/39 2257/4081/39 1800/4634/39
f 158/230/39 161/4539/39 159/231/39
f 164/4911/39 161/4539/39 158/230/39
f 1226/2174/39 1191/2139/39 1225/2173/39
f 1194/2142/39 1191/2139/39 1226/2174/39
f 1200/2148/39 1207/2155/39 1201/2149/39
f 1210/2158/39 1207/2155/39 1200/2148/39
f 621/1125/40 943/1666/40 624/1128/40
f 624/1128/40 943/1666/40 942/1665/40
f 1473/2643/40 1481/2653/40 1474/2644/40
f 1474/2644/40 1481/2653/40 1482/2654/40
f 717/1221/40 949/1673/40 720/1224/40
f 720/1224/40 949/1673/40 948/1672/40
f 1251/2203/40 1485/2657/40 1252/2204/40
f 1252/2204/40 1485/2657/40 1486/2658/40
f 1191/2139/40 1201/2149/40 1194/2142/40
f 1194/2142/40 1201/2149/40 1200/2148/40
f 595/1073/40 687/4166/40 596/1076/40
f 596/1076/40 687/4166/40 690/5609/40
f 1767/4227/40 2231/4031/40 1770/5610/40
f 1770/5610/40 2231/4031/40 2232/4032/40
f 137/209/40 596/1103/40 140/212/40
f 140/212/40 596/1103/40 597/1102/40
f 2232/4057/40 2259/4083/40 2233/4058/40
f 2233/4058/40 2259/4083/40 2260/4084/40
f 597/1077/40 695/5611/40 598/1080/40
f 598/1080/40 695/5611/40 694/5612/40
f 1773/5613/40 2233/4035/40 1774/5614/40
f 1774/5614/40 2233/4035/40 2234/4036/40
f 141/213/40 598/1107/40 144/216/40
f 144/216/40 598/1107/40 599/1106/40
f 2234/4061/40 2263/4087/40 2235/4062/40
f 2235/4062/40 2263/4087/40 2264/4088/40
f 599/1081/40 699/5615/40 600/1084/40
f 600/1084/40 699/5615/40 698/5616/40
f 1777/5617/40 2235/4039/40 1778/5618/40
f 1778/5618/40 2235/4039/40 2236/4040/40
f 145/217/40 600/1111/40 148/220/40
f 148/220/40 600/1111/40 601/1110/40
f 2236/4065/40 2267/4091/40 2237/4066/40
f 2237/4066/40 2267/4091/40 2268/4092/40
f 601/1085/40 703/5619/40 602/1088/40
f 602/1088/40 703/5619/40 702/5620/40
f 1781/5621/40 2237/4043/40 1782/5622/40
f 1782/5622/40 2237/4043/40 2238/4044/40
f 149/221/40 602/1115/40 152/224/40
f 152/224/40 602/1115/40 603/1114/40
f 2238/4069/40 2271/4095/40 2239/4070/40
f 2239/4070/40 2271/4095/40 2272/4096/40
f 603/1089/40 707/5623/40 604/1092/40
f 604/1092/40 707/5623/40 706/5624/40
f 1785/5625/40 2239/4047/40 1786/5626/40
f 1786/5626/40 2239/4047/40 2240/4048/40
f 153/225/40 604/1119/40 156/228/40
f 156/228/40 604/1119/40 605/1118/40
f 2240/4073/40 2275/4099/40 2241/4074/40
f 2241/4074/40 2275/4099/40 2276/4100/40
f 605/1093/40 711/5627/40 606/1096/40
f 606/1096/40 711/5627/40 710/5628/40
f 1789/5629/40 2241/4051/40 1790/5630/40
f 1790/5630/40 2241/4051/40 2242/4052/40
f 157/229/40 606/1123/40 160/232/40
f 160/232/40 606/1123/40 607/1122/40
f 2242/4077/40 2279/4103/40 2243/4078/40
f 2243/4078/40 2279/4103/40 2280/4104/40
f 607/1097/40 714/5631/40 608/1100/40
f 608/1100/40 714/5631/40 688/5034/40
f 1793/5632/40 2243/4055/40 1768/5096/40
f 1768/5096/40 2243/4055/40 2244/4056/40
f 941/1664/40 1227/2175/40 944/1667/40
f 944/1667/40 1227/2175/40 1228/2176/40
f 1199/2147/40 1475/2645/40 1202/2150/40
f 1202/2150/40 1475/2645/40 1476/2646/41
f 944/1667/40 1228/2176/40 691/1195/40
f 1476/2646/41 1769/3161/42 691/1195/40
f 1202/2150/40 1476/2646/41 691/1195/40
f 1228/2176/40 1202/2150/40 691/1195/40
f 689/1193/40 944/1667/40 691/1195/40
f 691/1195/40 1769/3161/42 1771/3163/40
f 609/1101/40 692/1196/40 610/1104/40
f 610/1104/40 692/1196/40 693/1197/40
f 1772/3164/40 2245/4059/40 1775/3167/40
f 1775/3167/40 2245/4059/40 2246/4060/40
f 611/1105/40 696/1200/40 612/1108/40
f 612/1108/40 696/1200/40 697/1201/40
f 1776/3168/40 2247/4063/40 1779/3171/40
f 1779/3171/40 2247/4063/40 2248/4064/40
f 613/1109/40 700/1204/40 614/1112/40
f 614/1112/40 700/1204/40 701/1205/40
f 1780/3172/40 2249/4067/40 1783/3175/40
f 1783/3175/40 2249/4067/40 2250/4068/40
f 615/1113/40 704/1208/40 616/1116/40
f 616/1116/40 704/1208/40 705/1209/40
f 1784/3176/40 2251/4071/40 1787/3179/40
f 1787/3179/40 2251/4071/40 2252/4072/40
f 617/1117/40 708/1212/40 618/1120/40
f 618/1120/40 708/1212/40 709/1213/40
f 1788/3180/40 2253/4075/40 1791/3183/40
f 1791/3183/40 2253/4075/40 2254/4076/40
f 619/1121/40 712/1216/40 620/1124/40
f 620/1124/40 712/1216/40 713/1217/40
f 1792/3184/40 2255/4079/40 1794/3186/40
f 1794/3186/40 2255/4079/40 2256/4080/40
f 1169/2111/40 1217/2165/40 1170/2114/40
f 1170/2114/40 1217/2165/40 1218/2166/40
f 1187/2135/40 1197/2145/40 1190/2138/40
f 1190/2138/40 1197/2145/40 1196/2144/40
f 1231/2179/40 1241/2189/40 1232/2180/40
f 1232/2180/40 1241/2189/40 1242/2190/40
f 1211/2159/40 1477/2649/40 1214/2162/40
f 1214/2162/40 1477/2649/40 1478/2650/40
f 715/1219/40 1795/3187/40 1177/5633/40
f 1177/5633/40 1795/3187/40 1243/5634/40
f 715/1219/40 1177/5633/40 1176/5635/40
f 1243/5634/40 1795/3187/40 1244/5636/40
f 715/1219/40 1176/5635/40 1179/5637/40
f 1244/5636/40 1795/3187/40 1246/5638/40
f 715/1219/40 1179/5637/40 1181/5639/40
f 1246/5638/40 1795/3187/40 1248/5640/40
f 1181/5639/40 1248/5640/40 1205/5641/40
f 1205/5641/40 1248/5640/40 1235/5642/40
f 1181/5639/40 1205/5641/40 1204/5643/40
f 1235/5642/40 1248/5640/40 1236/5644/40
f 715/1219/40 1181/5639/40 716/1220/40
f 1204/5643/40 1236/5644/40 716/1220/40
f 1181/5639/40 1204/5643/40 716/1220/40
f 716/1220/40 1236/5644/40 1171/2115/40
f 1171/2115/40 1236/5644/40 1185/5645/40
f 1185/5645/40 1236/5644/40 1219/5646/40
f 1171/2115/40 1185/5645/40 1184/5647/40
f 1219/5646/40 1236/5644/40 1220/5648/40
f 1171/2115/40 1184/5647/40 1174/2118/40
f 1184/5647/40 1220/5648/40 1174/2118/40
f 945/1668/40 1174/2118/40 946/1670/40
f 1220/5648/40 1236/5644/40 1195/2143/40
f 946/1670/40 1174/2118/40 1195/2143/40
f 1174/2118/40 1220/5648/40 1195/2143/40
f 1195/2143/40 1236/5644/40 1233/2181/40
f 1236/5644/40 1248/5640/40 1796/3188/40
f 1233/2181/40 1236/5644/40 1796/3188/40
f 1248/5640/40 1795/3187/40 1796/3188/40
f 1195/2143/40 1233/2181/40 1198/2146/40
f 1198/2146/40 1233/2181/40 1234/2182/40
f 1175/2119/40 1245/2193/40 1178/2125/40
f 1178/2125/40 1245/2193/40 2537/5649/40
f 2537/5649/40 1245/2193/40 2538/5650/40
f 2538/5650/40 1245/2193/40 1247/2197/40
f 1178/2122/40 2537/5651/40 1180/2129/40
f 2537/5649/40 2538/5650/40 2539/5652/40
f 1180/2129/40 2537/5651/40 2539/5653/40
f 2538/5654/40 1247/2196/40 2540/5655/40
f 2539/5652/40 2538/5650/40 2540/5656/40
f 2540/5655/40 1247/2196/40 1249/2201/40
f 1180/2126/40 2539/5652/40 1182/2130/40
f 2539/5652/40 2540/5656/40 1182/2130/40
f 2540/5656/40 1249/2200/40 1182/2130/40
f 1182/2130/40 1249/2200/40 1250/2202/40
f 1203/2151/40 1237/2185/40 1206/2154/40
f 1206/2154/40 1237/2185/40 1238/2186/40
f 1183/2131/40 1221/2169/40 1186/2134/40
f 1186/2134/40 1221/2169/40 1222/2170/40
o nnsm_skyscraper02
v 0.419407 0.026730 0.823371
v 0.419407 0.000000 0.823371
v 0.419407 0.000000 1.063940
v 0.419407 0.000000 0.796641
v 0.419407 0.026730 0.796641
v 0.419407 0.000000 0.769912
v 0.419407 0.080190 1.037210
v 0.419407 0.080190 1.010480
v 0.419407 0.106919 1.037210
v 0.419407 0.106919 1.010480
v 0.419407 0.133649 1.063940
v 0.419407 0.133649 0.769912
v 0.419407 0.160379 1.063940
v 0.419407 0.160379 0.769912
v 0.553056 0.160379 0.930291
v 0.553056 0.133649 0.796641
v 0.553056 0.133649 0.930291
v 0.553056 0.160379 0.796641
v 0.579786 0.106920 0.769912
v 0.579786 0.000000 0.716452
v 0.579786 0.000000 0.769912
v 0.579786 0.106920 0.716452
v 0.579786 0.133649 0.769912
v 0.579786 0.133649 0.716452
v 0.659975 0.160379 1.037210
v 0.659975 0.133649 0.930291
v 0.659975 0.133649 1.037210
v 0.659975 0.160379 0.930291
v 0.766895 0.026730 1.384698
v 0.766895 -0.000000 1.384698
v 0.766895 -0.000000 1.438158
v 0.766895 0.026730 1.277779
v 0.766895 -0.000000 1.224319
v 0.766895 -0.000000 1.277779
v 0.766895 0.026730 1.224319
v 0.766895 0.026730 1.090670
v 0.766895 0.000000 1.037210
v 0.766895 -0.000000 1.090670
v 0.766895 0.026730 1.037210
v 0.766895 0.053460 1.384698
v 0.766895 0.026730 0.903561
v 0.766895 0.053460 1.277779
v 0.766895 0.053460 1.224319
v 0.766895 0.053460 1.090670
v 0.766895 0.053460 1.037210
v 0.766895 0.053460 0.903561
v 0.766895 0.106919 1.384698
v 0.766895 0.106919 1.277779
v 0.766895 0.106919 1.224319
v 0.766895 0.106919 1.090670
v 0.766895 0.106919 1.037210
v 0.766895 0.106920 0.716452
v 0.766895 0.000000 0.689722
v 0.766895 0.000000 0.716452
v 0.766895 0.133649 1.384698
v 0.766895 0.106919 0.903561
v 0.766895 0.133649 1.277779
v 0.766895 0.133649 1.224319
v 0.766895 0.133649 1.090670
v 0.766895 0.133649 1.037210
v 0.766895 0.133649 0.903561
v 0.766895 0.133649 0.876831
v 0.766895 0.106920 0.743182
v 0.766895 0.106919 0.876831
v 0.766895 0.133649 0.850101
v 0.766895 0.133649 0.743182
v 0.766895 0.133649 0.716452
v 0.766895 0.187109 1.438158
v 0.766895 0.187109 1.411428
v 0.766895 0.187109 1.384698
v 0.766895 0.187109 1.277779
v 0.766895 0.187109 1.224319
v 0.766895 0.187109 1.090670
v 0.766895 0.187109 1.037210
v 0.766895 0.187109 0.903561
v 0.766895 0.187109 0.850101
v 0.766895 0.187109 0.743182
v 0.766895 0.187109 0.716452
v 0.766895 0.187109 0.689722
v 0.766895 0.294028 1.411428
v 0.766895 0.294028 0.716452
v 0.766895 0.347488 1.090670
v 0.766895 0.294028 1.438158
v 0.766895 0.294028 0.689722
v 0.766895 0.347488 0.983750
v 0.766895 0.347488 0.957021
v 0.766895 0.347488 0.903561
v 0.766895 0.374218 1.384698
v 0.766895 0.374218 1.331238
v 0.766895 0.374218 1.117399
v 0.766895 0.374218 1.090670
v 0.766895 0.400948 1.144130
v 0.766895 0.400948 1.117399
v 0.766895 0.400948 1.063940
v 0.766895 0.400948 0.983750
v 0.766895 0.400948 0.957021
v 0.766895 0.400948 0.903561
v 0.766895 0.427677 1.384698
v 0.766895 0.427677 1.331238
v 0.766895 0.427677 1.197589
v 0.766895 0.427677 1.144130
v 0.766895 0.427677 1.090670
v 0.766895 0.427677 1.063940
v 0.766895 0.454407 1.117399
v 0.766895 0.454407 1.090670
v 0.766895 0.481137 1.197589
v 0.766895 0.481137 1.117400
v 0.766895 0.561326 1.438158
v 0.766895 0.561326 1.411428
v 0.766895 0.561327 0.716452
v 0.766895 0.561327 0.689722
v 0.766895 0.668246 1.411428
v 0.766895 0.668246 0.716452
v 0.766895 0.721706 0.876831
v 0.766895 0.668246 1.438158
v 0.766895 0.668246 0.689722
v 0.766895 0.721706 0.823371
v 0.766895 0.748435 1.197589
v 0.766895 0.748435 1.144130
v 0.766895 0.801895 1.197589
v 0.766895 0.801895 1.144130
v 0.766895 0.801895 0.876831
v 0.766895 0.801895 0.823371
v 0.766895 0.935544 1.438158
v 0.766895 0.935544 1.411428
v 0.766895 0.935544 0.716452
v 0.766895 0.935544 0.689722
v 0.766895 1.042464 1.411428
v 0.766895 1.042464 0.716452
v 0.766895 1.122653 1.331238
v 0.766895 1.042464 1.438158
v 0.766895 1.042464 0.689722
v 0.766895 1.122653 1.277779
v 0.766895 1.149383 1.170860
v 0.766895 1.149383 1.117400
v 0.766895 1.176113 1.331238
v 0.766895 1.176113 1.277779
v 0.766895 1.202843 1.170860
v 0.766895 1.202843 1.117400
v 0.766895 1.309762 1.438158
v 0.766895 1.309762 1.411428
v 0.766895 1.309762 0.716452
v 0.766895 1.309762 0.689723
v 0.766895 1.416681 1.411428
v 0.766895 1.416681 0.716452
v 0.766895 1.443411 0.903561
v 0.766895 1.416681 1.438158
v 0.766895 1.416682 0.689723
v 0.766895 1.443411 0.850102
v 0.766895 1.470141 1.277779
v 0.766895 1.470141 1.224319
v 0.766895 1.496871 0.903561
v 0.766895 1.496871 0.850102
v 0.766895 1.523601 1.277779
v 0.766895 1.523601 1.224319
v 0.766895 1.550331 0.930291
v 0.766895 1.550331 0.823372
v 0.766895 1.603790 0.930291
v 0.766895 1.603790 0.823372
v 0.766895 1.683980 1.438158
v 0.766895 1.683980 1.411428
v 0.766895 1.683980 0.716452
v 0.766895 1.683980 0.689723
v 0.766895 1.790899 1.411428
v 0.766895 1.790899 0.716453
v 0.766895 1.924548 1.117400
v 0.766895 1.790899 1.438158
v 0.766895 1.790899 0.689723
v 0.766895 1.924548 1.010481
v 0.766895 1.978008 1.117400
v 0.766895 1.978008 1.010481
v 0.766895 2.058197 1.438158
v 0.766895 2.058197 1.411428
v 0.766895 2.058197 0.716453
v 0.766895 2.058197 0.689723
v 0.766895 2.165117 1.411428
v 0.766895 2.165117 0.716453
v 0.766895 2.432415 1.438159
v 0.766895 2.165117 1.438158
v 0.766895 2.165117 0.689723
v 0.766895 2.432415 0.689723
v 0.766895 2.512605 1.411429
v 0.766895 2.485875 0.716453
v 0.766895 2.485875 1.411429
v 0.766895 2.512605 0.716453
v 0.766895 2.699714 1.411429
v 0.766895 2.699714 0.716453
v 0.766895 2.726443 1.411429
v 0.766895 2.726443 0.716453
v 0.793625 0.294028 1.438158
v 0.793625 0.187109 1.411428
v 0.793625 0.187109 1.438158
v 0.793625 0.294028 1.411428
v 0.793625 0.294028 0.716452
v 0.793625 0.187109 0.689722
v 0.793625 0.187109 0.716452
v 0.793625 0.294028 0.689722
v 0.793625 0.668246 1.438158
v 0.793625 0.561326 1.411428
v 0.793625 0.561326 1.438158
v 0.793625 0.668246 1.411428
v 0.793625 0.668246 0.716452
v 0.793625 0.561327 0.689722
v 0.793625 0.561327 0.716452
v 0.793625 0.668246 0.689722
v 0.793625 1.042464 1.438158
v 0.793625 0.935544 1.411428
v 0.793625 0.935544 1.438158
v 0.793625 1.042464 1.411428
v 0.793625 1.042464 0.716452
v 0.793625 0.935544 0.689722
v 0.793625 0.935544 0.716452
v 0.793625 1.042464 0.689722
v 0.793625 1.416681 1.438158
v 0.793625 1.309762 1.411428
v 0.793625 1.309762 1.438158
v 0.793625 1.416681 1.411428
v 0.793625 1.416681 0.716452
v 0.793625 1.309762 0.689723
v 0.793625 1.309762 0.716452
v 0.793625 1.416682 0.689723
v 0.793625 1.790899 1.438158
v 0.793625 1.683980 1.411428
v 0.793625 1.683980 1.438158
v 0.793625 1.790899 1.411428
v 0.793625 1.790899 0.716453
v 0.793625 1.683980 0.689723
v 0.793625 1.683980 0.716452
v 0.793625 1.790899 0.689723
v 0.793625 2.165117 1.438158
v 0.793625 2.058197 1.411428
v 0.793625 2.058197 1.438158
v 0.793625 2.165117 1.411428
v 0.793625 2.165117 0.716453
v 0.793625 2.058197 0.689723
v 0.793625 2.058197 0.716453
v 0.793625 2.165117 0.689723
v 0.793625 2.512605 1.438159
v 0.793625 2.485875 1.411429
v 0.793625 2.485875 1.438159
v 0.793625 2.512605 1.411429
v 0.793625 2.512605 0.716453
v 0.793625 2.485875 0.689723
v 0.793625 2.485875 0.716453
v 0.793625 2.512605 0.689723
v 0.793625 2.699714 1.438159
v 0.793625 2.699714 1.411429
v 0.793625 2.699714 0.716453
v 0.793625 2.699714 0.689723
v 0.793625 2.726443 1.438159
v 0.793625 2.726443 1.411429
v 0.793625 2.726443 0.716453
v 0.793625 2.726443 0.689723
v 0.820354 2.485875 1.384699
v 0.820354 2.432415 0.743182
v 0.820354 2.432415 1.384699
v 0.820354 2.485875 0.743182
v 0.820354 3.047201 1.144130
v 0.820354 2.726443 1.117400
v 0.820354 2.726443 1.144130
v 0.820354 3.047201 1.117401
v 0.927274 0.026730 1.304508
v 0.927274 -0.000000 1.277779
v 0.927274 -0.000000 1.304508
v 0.927274 0.026730 1.277779
v 0.927274 0.026730 1.224319
v 0.927274 -0.000000 1.090670
v 0.927274 -0.000000 1.224319
v 0.927274 0.026730 1.090670
v 0.927274 0.026730 1.037210
v 0.927274 0.000000 0.903561
v 0.927274 0.000000 1.037210
v 0.927274 0.026730 0.903561
v 0.927274 0.026730 0.850101
v 0.927274 0.000000 0.823371
v 0.927274 0.000000 0.850101
v 0.927274 0.026730 0.823371
v 0.927274 0.106919 1.304508
v 0.927274 0.053460 1.277779
v 0.927274 0.053460 1.304508
v 0.927274 0.106919 1.277779
v 0.927274 0.106919 1.224319
v 0.927274 0.053460 1.090670
v 0.927274 0.053460 1.224319
v 0.927274 0.106919 1.090670
v 0.927274 0.106919 1.037210
v 0.927274 0.053460 0.903561
v 0.927274 0.053460 1.037210
v 0.927274 0.106919 0.903561
v 0.927274 0.106919 0.850101
v 0.927274 0.053460 0.823371
v 0.927274 0.053460 0.850101
v 0.927274 0.106919 0.823371
v 0.927274 0.187109 1.304508
v 0.927274 0.133649 1.277779
v 0.927274 0.133649 1.304508
v 0.927274 0.187109 1.277779
v 0.927274 0.187109 1.224319
v 0.927274 0.133649 1.090670
v 0.927274 0.133649 1.224319
v 0.927274 0.187109 1.090670
v 0.927274 0.187109 1.037210
v 0.927274 0.133649 0.903561
v 0.927274 0.133649 1.037210
v 0.927274 0.187109 0.903561
v 0.927274 0.187109 0.850101
v 0.927274 0.133649 0.823371
v 0.927274 0.133649 0.850101
v 0.927274 0.187109 0.823371
v 0.927274 2.806633 1.251050
v 0.927274 2.726443 1.251050
v 0.927274 2.726443 1.277779
v 0.927274 2.806633 1.224320
v 0.927274 2.726443 1.197590
v 0.927274 2.726443 1.224320
v 0.927274 2.806633 1.197590
v 0.927274 2.806633 1.170860
v 0.927274 2.726443 1.144130
v 0.927274 2.726443 1.170860
v 0.927274 2.806633 1.144130
v 0.927274 2.806633 1.117400
v 0.927274 2.726443 1.090670
v 0.927274 2.726443 1.117400
v 0.927274 2.806633 1.090670
v 0.927274 2.806633 1.037211
v 0.927274 2.726443 1.010481
v 0.927274 2.726443 1.037211
v 0.927274 2.806633 1.010481
v 0.927274 2.806633 0.983751
v 0.927274 2.726443 0.957021
v 0.927274 2.726443 0.983751
v 0.927274 2.806633 0.957021
v 0.927274 2.806633 0.930292
v 0.927274 2.726443 0.903562
v 0.927274 2.726443 0.930292
v 0.927274 2.806633 0.903562
v 0.927274 2.806633 0.876832
v 0.927274 2.726443 0.850102
v 0.927274 2.726443 0.876832
v 0.927274 2.833363 1.277779
v 0.927274 2.833363 0.850102
v 0.954003 2.806633 1.251050
v 0.954003 2.726443 1.224320
v 0.954003 2.726443 1.251050
v 0.954003 2.806633 1.224320
v 0.954003 2.806633 1.197590
v 0.954003 2.726443 1.170860
v 0.954003 2.726443 1.197590
v 0.954003 2.806633 1.170860
v 0.954003 2.806633 1.144130
v 0.954003 2.726443 1.117400
v 0.954003 2.726443 1.144130
v 0.954003 2.806633 1.117400
v 0.954003 2.806633 1.090670
v 0.954003 2.726443 1.037211
v 0.954003 2.726443 1.090670
v 0.954003 2.806633 1.037211
v 0.954003 2.806633 1.010481
v 0.954003 2.726443 0.983751
v 0.954003 2.726443 1.010481
v 0.954003 2.806633 0.983751
v 0.954003 2.806633 0.957021
v 0.954003 2.726443 0.930292
v 0.954003 2.726443 0.957021
v 0.954003 2.806633 0.930292
v 0.954003 2.806633 0.903562
v 0.954003 2.726443 0.876832
v 0.954003 2.726443 0.903562
v 0.954003 2.806633 0.876832
v 0.954003 2.860093 1.251050
v 0.954003 2.833363 0.876832
v 0.954003 2.833363 1.251050
v 0.954003 2.860093 0.876832
v 0.980733 2.806633 1.277779
v 0.980733 2.726443 1.251050
v 0.980733 2.726443 1.277779
v 0.980733 2.806633 1.251050
v 0.980733 2.806633 0.876832
v 0.980733 2.726443 0.850102
v 0.980733 2.726443 0.876832
v 0.980733 2.806633 0.850102
v 1.007463 0.026730 1.384698
v 1.007463 -0.000000 1.384698
v 1.007463 -0.000000 1.411428
v 1.007463 0.026730 0.743182
v 1.007463 0.000000 0.716452
v 1.007463 0.000000 0.743182
v 1.007463 0.053460 1.384698
v 1.007463 0.053460 0.743182
v 1.007463 0.106919 1.438158
v 1.007463 -0.000000 1.438158
v 1.007463 0.106919 1.411428
v 1.007463 0.106919 1.384698
v 1.007463 0.106920 0.743182
v 1.007463 0.106920 0.716452
v 1.007463 0.000000 0.689722
v 1.007463 0.106920 0.689722
v 1.007463 0.187109 1.438158
v 1.007463 0.133649 1.411428
v 1.007463 0.133649 1.438158
v 1.007463 0.187109 1.411428
v 1.007463 0.133649 1.384698
v 1.007463 0.187109 1.384698
v 1.007463 0.187109 0.743182
v 1.007463 0.133649 0.716452
v 1.007463 0.133649 0.743182
v 1.007463 0.187109 0.716452
v 1.007463 0.133649 0.689722
v 1.007463 0.187109 0.689722
v 1.007463 2.940282 1.384699
v 1.007463 2.726443 1.357969
v 1.007463 2.726443 1.384699
v 1.007463 2.940282 1.357969
v 1.034193 2.806633 1.277779
v 1.034193 2.726443 1.251050
v 1.034193 2.726443 1.277779
v 1.034193 2.806633 1.251050
v 1.034193 2.806633 0.876832
v 1.034193 2.726443 0.850102
v 1.034193 2.726443 0.876832
v 1.034193 2.806633 0.850102
v 1.034193 2.860093 1.224320
v 1.034193 2.833363 1.117400
v 1.034193 2.833363 1.224320
v 1.034193 2.860093 1.117400
v 1.034193 2.860093 1.010481
v 1.034193 2.833363 0.903562
v 1.034193 2.833363 1.010481
v 1.034193 2.860093 0.903562
v 1.087653 2.806633 1.277779
v 1.087653 2.726443 1.251050
v 1.087653 2.726443 1.277779
v 1.087653 2.806633 1.251050
v 1.087653 2.806633 0.876832
v 1.087653 2.726443 0.850102
v 1.087653 2.726443 0.876832
v 1.087653 2.806633 0.850102
v 1.114383 3.261040 1.090671
v 1.114383 3.207581 1.010481
v 1.114383 3.207581 1.090671
v 1.114383 3.261040 1.010481
v 1.141112 2.806633 1.277779
v 1.141112 2.726443 1.251050
v 1.141112 2.726443 1.277779
v 1.141112 2.806633 1.251050
v 1.141112 2.806633 0.876832
v 1.141112 2.726443 0.850102
v 1.141112 2.726443 0.876832
v 1.141112 2.806633 0.850102
v 1.141112 3.207581 1.063941
v 1.141112 2.860093 1.037211
v 1.141112 2.860093 1.063941
v 1.141112 3.207581 1.037211
v 1.141112 3.367959 1.063941
v 1.141112 3.261040 1.037211
v 1.141112 3.261040 1.063941
v 1.141112 3.367959 1.037211
v 1.167842 0.026730 1.384698
v 1.167842 -0.000000 1.384698
v 1.167842 -0.000000 1.411428
v 1.167842 0.026730 0.743182
v 1.167842 0.000000 0.716452
v 1.167842 0.000000 0.743182
v 1.167842 0.053460 1.384698
v 1.167842 0.053460 0.743182
v 1.167842 0.106919 1.438158
v 1.167842 -0.000000 1.438158
v 1.167842 0.106919 1.411428
v 1.167842 0.106919 1.384698
v 1.167842 0.106920 0.743182
v 1.167842 0.106920 0.716452
v 1.167842 0.000000 0.689722
v 1.167842 0.106920 0.689722
v 1.167842 0.187109 1.438158
v 1.167842 0.133649 1.411428
v 1.167842 0.133649 1.438158
v 1.167842 0.187109 1.411428
v 1.167842 0.133649 1.384698
v 1.167842 0.187109 1.384698
v 1.167842 0.187109 0.743182
v 1.167842 0.133649 0.716452
v 1.167842 0.133649 0.743182
v 1.167842 0.187109 0.716452
v 1.167842 0.133649 0.689722
v 1.167842 0.187109 0.689722
v 1.167842 2.860093 1.224320
v 1.167842 2.833363 1.117400
v 1.167842 2.833363 1.224320
v 1.167842 2.860093 1.117400
v 1.167842 2.860093 1.090670
v 1.167842 2.833363 1.037211
v 1.167842 2.833363 1.090670
v 1.167842 2.860093 1.063941
v 1.167842 2.860093 1.037211
v 1.167842 2.860093 1.010481
v 1.167842 2.833363 0.903562
v 1.167842 2.833363 1.010481
v 1.167842 2.860093 0.903562
v 1.167842 3.261040 1.063941
v 1.167842 3.234310 1.037211
v 1.167842 3.234310 1.063941
v 1.167842 3.261040 1.037211
v 1.194572 2.806633 1.277779
v 1.194572 2.726443 1.251050
v 1.194572 2.726443 1.277779
v 1.194572 2.806633 1.251050
v 1.194572 2.806633 0.876832
v 1.194572 2.726443 0.850102
v 1.194572 2.726443 0.876832
v 1.194572 2.806633 0.850102
v 1.194572 3.073931 1.063941
v 1.194572 2.860093 1.037211
v 1.194572 2.860093 1.063941
v 1.194572 3.073931 1.037211
v 1.221302 0.053460 0.609533
v 1.221302 0.000000 0.475883
v 1.221302 0.000000 0.689722
v 1.221302 0.053460 0.582803
v 1.221302 0.080190 0.609533
v 1.221302 0.080190 0.582803
v 1.221302 0.106920 0.689722
v 1.221302 0.133649 0.689722
v 1.221302 0.133649 0.475883
v 1.221302 0.160379 0.689722
v 1.221302 0.160379 0.475883
v 1.248031 2.806633 1.277779
v 1.248031 2.726443 1.251050
v 1.248031 2.726443 1.277779
v 1.248031 2.806633 1.251050
v 1.248031 2.806633 0.876832
v 1.248031 2.726443 0.850102
v 1.248031 2.726443 0.876832
v 1.248031 2.806633 0.850102
v 1.301491 2.806633 1.277779
v 1.301491 2.726443 1.251050
v 1.301491 2.726443 1.277779
v 1.301491 2.806633 1.251050
v 1.301491 2.806633 0.876832
v 1.301491 2.726443 0.850102
v 1.301491 2.726443 0.876832
v 1.301491 2.806633 0.850102
v 1.301491 2.860093 1.224320
v 1.301491 2.833363 1.117400
v 1.301491 2.833363 1.224320
v 1.301491 2.860093 1.117400
v 1.301491 2.860093 1.090670
v 1.301491 2.833363 1.037211
v 1.301491 2.833363 1.090670
v 1.301491 2.860093 1.037211
v 1.301491 2.860093 1.010481
v 1.301491 2.833363 0.903562
v 1.301491 2.833363 1.010481
v 1.301491 2.860093 0.903562
v 1.328221 0.026730 1.384698
v 1.328221 -0.000000 1.384698
v 1.328221 -0.000000 1.411428
v 1.328221 0.026730 0.743182
v 1.328221 0.000000 0.716452
v 1.328221 0.000000 0.743182
v 1.328221 0.053460 1.384698
v 1.328221 0.053460 0.743182
v 1.328221 0.106919 1.438158
v 1.328221 -0.000000 1.438158
v 1.328221 0.106919 1.411428
v 1.328221 0.106919 1.384698
v 1.328221 0.106920 0.743182
v 1.328221 0.106920 0.716452
v 1.328221 0.000000 0.689722
v 1.328221 0.106920 0.689722
v 1.328221 0.160379 0.689722
v 1.328221 0.133649 0.689722
v 1.328221 0.133649 0.716452
v 1.328221 0.187109 1.438158
v 1.328221 0.133649 1.411428
v 1.328221 0.133649 1.438158
v 1.328221 0.187109 1.411428
v 1.328221 0.133649 1.384698
v 1.328221 0.187109 1.384698
v 1.328221 0.187109 0.743182
v 1.328221 0.133649 0.743182
v 1.328221 0.187109 0.716452
v 1.328221 0.187109 0.689722
v 1.354951 2.806633 1.277779
v 1.354951 2.726443 1.251050
v 1.354951 2.726443 1.277779
v 1.354951 2.806633 1.251050
v 1.354951 2.806633 0.876832
v 1.354951 2.726443 0.850102
v 1.354951 2.726443 0.876832
v 1.354951 2.806633 0.850102
v 1.381681 0.026730 0.475883
v 1.381681 0.000000 0.449154
v 1.381681 0.000000 0.475883
v 1.381681 0.026730 0.449154
v 1.381681 2.860093 1.224320
v 1.381681 2.833363 1.117400
v 1.381681 2.833363 1.224320
v 1.381681 2.860093 1.117400
v 1.381681 2.860093 1.010481
v 1.381681 2.833363 0.903562
v 1.381681 2.833363 1.010481
v 1.381681 2.860093 0.903562
v 1.408411 2.806633 1.277779
v 1.408411 2.726443 1.251050
v 1.408411 2.726443 1.277779
v 1.408411 2.806633 1.251050
v 1.408411 2.806633 0.876832
v 1.408411 2.726443 0.850102
v 1.408411 2.726443 0.876832
v 1.408411 2.806633 0.850102
v 1.408411 2.967012 0.743183
v 1.408411 2.726443 0.716453
v 1.408411 2.726443 0.743183
v 1.408411 2.967012 0.716453
v 1.542060 0.026730 1.384698
v 1.542060 -0.000000 1.384698
v 1.542060 -0.000000 1.411428
v 1.542060 0.026730 0.743182
v 1.542060 0.000000 0.716452
v 1.542060 0.000000 0.743182
v 1.542060 0.053460 1.384698
v 1.542060 0.053460 0.743182
v 1.542060 0.106919 1.438158
v 1.542060 -0.000000 1.438158
v 1.542060 0.106919 1.411428
v 1.542060 0.106919 1.384698
v 1.542060 0.106920 0.743182
v 1.542060 0.106920 0.716452
v 1.542060 0.000000 0.689722
v 1.542060 0.106920 0.689722
v 1.542060 0.160379 0.689722
v 1.542060 0.133649 0.689722
v 1.542060 0.133649 0.716452
v 1.542060 0.187109 1.438158
v 1.542060 0.133649 1.411428
v 1.542060 0.133649 1.438158
v 1.542060 0.187109 1.411428
v 1.542060 0.133649 1.384698
v 1.542060 0.187109 1.384698
v 1.542060 0.187109 0.743182
v 1.542060 0.133649 0.743182
v 1.542060 0.187109 0.716452
v 1.542060 0.187109 0.689722
v 1.595520 0.026730 1.384698
v 1.595520 -0.000000 1.277779
v 1.595520 -0.000000 1.384698
v 1.595520 0.026730 1.277779
v 1.595520 0.026730 1.224319
v 1.595520 -0.000000 1.090670
v 1.595520 -0.000000 1.224319
v 1.595520 0.026730 1.090670
v 1.595520 0.026730 0.823371
v 1.595520 0.000000 0.743182
v 1.595520 0.000000 0.823371
v 1.595520 0.026730 0.743182
v 1.595520 0.106919 1.384698
v 1.595520 0.053460 1.277779
v 1.595520 0.053460 1.384698
v 1.595520 0.106919 1.277779
v 1.595520 0.106919 1.224319
v 1.595520 0.053460 1.090670
v 1.595520 0.053460 1.224319
v 1.595520 0.106919 1.090670
v 1.595520 0.106919 0.823371
v 1.595520 0.053460 0.743182
v 1.595520 0.053460 0.823371
v 1.595520 0.106920 0.743182
v 1.595520 0.160379 0.823371
v 1.595520 0.133649 0.743182
v 1.595520 0.133649 0.823371
v 1.595520 0.160379 0.743182
v 1.648979 0.053460 0.475883
v 1.648979 0.000000 0.449154
v 1.648979 0.000000 0.475883
v 1.648979 0.053460 0.449154
v 1.648979 0.080190 0.475883
v 1.648979 0.080190 0.449154
v 1.648979 0.133649 0.475883
v 1.648979 0.133649 0.449154
v 1.648979 0.160379 0.475883
v 1.648979 0.160379 0.449154
v 1.782628 0.026730 0.903561
v 1.782628 0.000000 0.823371
v 1.782628 0.000000 0.903561
v 1.782628 0.026730 0.823371
v 1.782628 0.053460 0.903561
v 1.782628 0.053460 0.823371
v 0.446137 0.133649 1.037210
v 0.446137 0.133649 0.796641
v 0.446137 0.160379 1.037210
v 0.446137 0.160379 0.796641
v 0.579786 0.133649 0.903561
v 0.579786 0.160379 0.903561
v 0.579786 0.160379 0.769912
v 0.606516 0.106919 0.876831
v 0.606516 0.106920 0.743182
v 0.606516 0.133649 0.876831
v 0.606516 0.133649 0.743182
v 0.686705 0.000000 1.063940
v 0.686705 0.000000 0.903561
v 0.686705 0.106919 0.903561
v 0.686705 0.133649 1.063940
v 0.686705 0.133649 0.903561
v 0.686705 0.160379 1.063940
v 0.686705 0.160379 0.903561
v 0.766895 0.000000 0.850101
v 0.766895 0.000000 0.743182
v 0.766895 0.026730 0.850101
v 0.766895 0.026730 0.743182
v 0.766895 0.053460 0.850101
v 0.766895 0.053460 0.743182
v 0.766895 0.080190 0.850101
v 0.766895 0.080190 0.743182
v 0.766895 0.106919 0.850101
v 0.820354 -0.000000 1.411428
v 0.820354 -0.000000 1.384698
v 0.820354 0.026730 1.384698
v 0.820354 0.000000 0.743182
v 0.820354 0.000000 0.716452
v 0.820354 0.026730 0.743182
v 0.820354 0.053460 1.384698
v 0.820354 0.053460 0.743182
v 0.820354 -0.000000 1.438158
v 0.820354 0.106919 1.438158
v 0.820354 0.106919 1.411428
v 0.820354 0.106919 1.384698
v 0.820354 0.106920 0.743182
v 0.820354 0.000000 0.689722
v 0.820354 0.106920 0.716452
v 0.820354 0.106920 0.689722
v 0.820354 0.133649 1.438158
v 0.820354 0.133649 1.411428
v 0.820354 0.187109 1.438158
v 0.820354 0.133649 1.384698
v 0.820354 0.187109 1.411428
v 0.820354 0.187109 1.384698
v 0.820354 0.133649 0.743182
v 0.820354 0.133649 0.716452
v 0.820354 0.187109 0.743182
v 0.820354 0.133649 0.689722
v 0.820354 0.187109 0.716452
v 0.820354 0.187109 0.689722
v 0.847084 2.726443 1.144130
v 0.847084 2.726443 1.117400
v 0.847084 3.047201 1.144130
v 0.847084 3.047201 1.117401
v 0.954003 2.726443 1.277779
v 0.954003 2.806633 1.277779
v 0.954003 2.726443 0.850102
v 0.954003 2.806633 0.850102
v 0.980733 2.833363 1.224320
v 0.980733 2.833363 1.117400
v 0.980733 2.860093 1.224320
v 0.980733 2.860093 1.117400
v 0.980733 2.833363 1.010481
v 0.980733 2.833363 0.903562
v 0.980733 2.860093 1.010481
v 0.980733 2.860093 0.903562
v 1.007463 2.726443 1.277779
v 1.007463 2.726443 1.251050
v 1.007463 2.806633 1.277779
v 1.007463 2.806633 1.251050
v 1.007463 2.726443 0.876832
v 1.007463 2.726443 0.850102
v 1.007463 2.806633 0.876832
v 1.007463 2.806633 0.850102
v 1.034193 -0.000000 1.411428
v 1.034193 -0.000000 1.384698
v 1.034193 0.026730 1.384698
v 1.034193 0.000000 0.743182
v 1.034193 0.000000 0.716452
v 1.034193 0.026730 0.743182
v 1.034193 0.053460 1.384698
v 1.034193 0.053460 0.743182
v 1.034193 -0.000000 1.438158
v 1.034193 0.106919 1.438158
v 1.034193 0.106919 1.411428
v 1.034193 0.106919 1.384698
v 1.034193 0.106920 0.743182
v 1.034193 0.000000 0.689722
v 1.034193 0.106920 0.716452
v 1.034193 0.106920 0.689722
v 1.034193 0.133649 1.438158
v 1.034193 0.133649 1.411428
v 1.034193 0.187109 1.438158
v 1.034193 0.133649 1.384698
v 1.034193 0.187109 1.411428
v 1.034193 0.187109 1.384698
v 1.034193 0.133649 0.743182
v 1.034193 0.133649 0.716452
v 1.034193 0.187109 0.743182
v 1.034193 0.133649 0.689722
v 1.034193 0.187109 0.716452
v 1.034193 0.187109 0.689722
v 1.034193 2.726443 1.384699
v 1.034193 2.726443 1.357969
v 1.034193 2.940282 1.384699
v 1.034193 2.940282 1.357969
v 1.060923 2.726443 1.277779
v 1.060923 2.726443 1.251050
v 1.060923 2.806633 1.277779
v 1.060923 2.806633 1.251050
v 1.060923 2.726443 0.876832
v 1.060923 2.726443 0.850102
v 1.060923 2.806633 0.876832
v 1.060923 2.806633 0.850102
v 1.060923 2.833363 1.224320
v 1.060923 2.833363 1.117400
v 1.060923 2.860093 1.224320
v 1.060923 2.860093 1.117400
v 1.060923 2.833363 1.090670
v 1.060923 2.833363 1.037211
v 1.060923 2.860093 1.090670
v 1.060923 2.860093 1.037211
v 1.060923 2.833363 1.010481
v 1.060923 2.833363 0.903562
v 1.060923 2.860093 1.010481
v 1.060923 2.860093 0.903562
v 1.114383 2.726443 1.277779
v 1.114383 2.726443 1.251050
v 1.114383 2.806633 1.277779
v 1.114383 2.806633 1.251050
v 1.114383 2.726443 0.876832
v 1.114383 2.726443 0.850102
v 1.114383 2.806633 0.876832
v 1.114383 2.806633 0.850102
v 1.141112 3.234310 1.063941
v 1.141112 3.234310 1.037211
v 1.167842 2.726443 1.277779
v 1.167842 2.726443 1.251050
v 1.167842 2.806633 1.277779
v 1.167842 2.806633 1.251050
v 1.167842 2.726443 0.876832
v 1.167842 2.726443 0.850102
v 1.167842 2.806633 0.876832
v 1.167842 2.806633 0.850102
v 1.167842 3.207581 1.063941
v 1.167842 3.207581 1.037211
v 1.167842 3.367959 1.063941
v 1.167842 3.367959 1.037211
v 1.194572 -0.000000 1.411428
v 1.194572 -0.000000 1.384698
v 1.194572 0.026730 1.384698
v 1.194572 0.000000 0.743182
v 1.194572 0.000000 0.716452
v 1.194572 0.026730 0.743182
v 1.194572 0.053460 1.384698
v 1.194572 0.053460 0.743182
v 1.194572 -0.000000 1.438158
v 1.194572 0.106919 1.438158
v 1.194572 0.106919 1.411428
v 1.194572 0.106919 1.384698
v 1.194572 0.106920 0.743182
v 1.194572 0.000000 0.689722
v 1.194572 0.106920 0.716452
v 1.194572 0.106920 0.689722
v 1.194572 0.133649 1.438158
v 1.194572 0.133649 1.411428
v 1.194572 0.187109 1.438158
v 1.194572 0.133649 1.384698
v 1.194572 0.187109 1.411428
v 1.194572 0.187109 1.384698
v 1.194572 0.133649 0.743182
v 1.194572 0.133649 0.716452
v 1.194572 0.187109 0.743182
v 1.194572 0.133649 0.689722
v 1.194572 0.187109 0.716452
v 1.194572 0.187109 0.689722
v 1.194572 2.833363 1.224320
v 1.194572 2.833363 1.117400
v 1.194572 2.860093 1.224320
v 1.194572 2.860093 1.117400
v 1.194572 2.833363 1.090670
v 1.194572 2.833363 1.037211
v 1.194572 2.860093 1.090670
v 1.194572 2.833363 1.010481
v 1.194572 2.833363 0.903562
v 1.194572 2.860093 1.010481
v 1.194572 2.860093 0.903562
v 1.194572 3.207581 1.090671
v 1.194572 3.207581 1.010481
v 1.194572 3.261040 1.090671
v 1.194572 3.261040 1.010481
v 1.221302 2.726443 1.277779
v 1.221302 2.726443 1.251050
v 1.221302 2.806633 1.277779
v 1.221302 2.806633 1.251050
v 1.221302 2.726443 0.876832
v 1.221302 2.726443 0.850102
v 1.221302 2.806633 0.876832
v 1.221302 2.806633 0.850102
v 1.221302 2.860093 1.063941
v 1.221302 2.860093 1.037211
v 1.221302 3.073931 1.063941
v 1.221302 3.073931 1.037211
v 1.274761 2.726443 1.277779
v 1.274761 2.726443 1.251050
v 1.274761 2.806633 1.277779
v 1.274761 2.806633 1.251050
v 1.274761 2.726443 0.876832
v 1.274761 2.726443 0.850102
v 1.274761 2.806633 0.876832
v 1.274761 2.806633 0.850102
v 1.328221 2.726443 1.277779
v 1.328221 2.726443 1.251050
v 1.328221 2.806633 1.277779
v 1.328221 2.806633 1.251050
v 1.328221 2.726443 0.876832
v 1.328221 2.726443 0.850102
v 1.328221 2.806633 0.876832
v 1.328221 2.806633 0.850102
v 1.328221 2.833363 1.224320
v 1.328221 2.833363 1.117400
v 1.328221 2.860093 1.224320
v 1.328221 2.860093 1.117400
v 1.328221 2.833363 1.010481
v 1.328221 2.833363 0.903562
v 1.328221 2.860093 1.010481
v 1.328221 2.860093 0.903562
v 1.354951 -0.000000 1.411428
v 1.354951 -0.000000 1.384698
v 1.354951 0.026730 1.384698
v 1.354951 0.000000 0.743182
v 1.354951 0.000000 0.716452
v 1.354951 0.026730 0.743182
v 1.354951 0.053460 1.384698
v 1.354951 0.053460 0.743182
v 1.354951 -0.000000 1.438158
v 1.354951 0.106919 1.438158
v 1.354951 0.106919 1.411428
v 1.354951 0.106919 1.384698
v 1.354951 0.106920 0.743182
v 1.354951 0.000000 0.689722
v 1.354951 0.106920 0.716452
v 1.354951 0.106920 0.689722
v 1.354951 0.133649 0.716452
v 1.354951 0.133649 0.689722
v 1.354951 0.160379 0.689722
v 1.354951 0.133649 1.438158
v 1.354951 0.133649 1.411428
v 1.354951 0.187109 1.438158
v 1.354951 0.133649 1.384698
v 1.354951 0.187109 1.411428
v 1.354951 0.187109 1.384698
v 1.354951 0.133649 0.743182
v 1.354951 0.187109 0.743182
v 1.354951 0.187109 0.716452
v 1.354951 0.187109 0.689722
v 1.381681 2.726443 1.277779
v 1.381681 2.726443 1.251050
v 1.381681 2.806633 1.277779
v 1.381681 2.806633 1.251050
v 1.381681 2.726443 0.876832
v 1.381681 2.726443 0.850102
v 1.381681 2.806633 0.876832
v 1.381681 2.806633 0.850102
v 1.408411 2.726443 1.224320
v 1.408411 2.806633 1.224320
v 1.408411 2.726443 1.197590
v 1.408411 2.726443 1.170860
v 1.408411 2.806633 1.197590
v 1.408411 2.806633 1.170860
v 1.408411 2.726443 1.144130
v 1.408411 2.726443 1.117400
v 1.408411 2.806633 1.144130
v 1.408411 2.806633 1.117400
v 1.408411 2.726443 1.090670
v 1.408411 2.726443 1.037211
v 1.408411 2.806633 1.090670
v 1.408411 2.806633 1.037211
v 1.408411 2.726443 1.010481
v 1.408411 2.726443 0.983751
v 1.408411 2.806633 1.010481
v 1.408411 2.806633 0.983751
v 1.408411 2.726443 0.957021
v 1.408411 2.726443 0.930292
v 1.408411 2.806633 0.957021
v 1.408411 2.806633 0.930292
v 1.408411 2.726443 0.903562
v 1.408411 2.806633 0.903562
v 1.408411 2.833363 1.251050
v 1.408411 2.833363 0.876832
v 1.408411 2.860093 1.251050
v 1.408411 2.860093 0.876832
v 1.435141 -0.000000 1.304508
v 1.435141 -0.000000 1.277779
v 1.435141 0.026730 1.304508
v 1.435141 0.026730 1.277779
v 1.435141 -0.000000 1.224319
v 1.435141 -0.000000 1.090670
v 1.435141 0.026730 1.224319
v 1.435141 0.026730 1.090670
v 1.435141 0.000000 1.037210
v 1.435141 0.000000 0.903561
v 1.435141 0.026730 1.037210
v 1.435141 0.026730 0.903561
v 1.435141 0.000000 0.850101
v 1.435141 0.000000 0.823371
v 1.435141 0.026730 0.850101
v 1.435141 0.026730 0.823371
v 1.435141 0.000000 0.475883
v 1.435141 0.000000 0.449154
v 1.435141 0.026730 0.475883
v 1.435141 0.026730 0.449154
v 1.435141 0.053460 1.304508
v 1.435141 0.053460 1.277779
v 1.435141 0.106919 1.304508
v 1.435141 0.106919 1.277779
v 1.435141 0.053460 1.224319
v 1.435141 0.053460 1.090670
v 1.435141 0.106919 1.224319
v 1.435141 0.106919 1.090670
v 1.435141 0.053460 1.037210
v 1.435141 0.053460 0.903561
v 1.435141 0.106919 1.037210
v 1.435141 0.106919 0.903561
v 1.435141 0.053460 0.850101
v 1.435141 0.053460 0.823371
v 1.435141 0.106919 0.850101
v 1.435141 0.106919 0.823371
v 1.435141 0.133649 1.304508
v 1.435141 0.133649 1.277779
v 1.435141 0.187109 1.304508
v 1.435141 0.187109 1.277779
v 1.435141 0.133649 1.224319
v 1.435141 0.133649 1.090670
v 1.435141 0.187109 1.224319
v 1.435141 0.187109 1.090670
v 1.435141 0.133649 1.037210
v 1.435141 0.133649 0.903561
v 1.435141 0.187109 1.037210
v 1.435141 0.187109 0.903561
v 1.435141 0.133649 0.850101
v 1.435141 0.133649 0.823371
v 1.435141 0.187109 0.850101
v 1.435141 0.187109 0.823371
v 1.435141 2.726443 1.277779
v 1.435141 2.726443 1.251050
v 1.435141 2.806633 1.251050
v 1.435141 2.726443 1.224320
v 1.435141 2.726443 1.197590
v 1.435141 2.806633 1.224320
v 1.435141 2.806633 1.197590
v 1.435141 2.726443 1.170860
v 1.435141 2.726443 1.144130
v 1.435141 2.806633 1.170860
v 1.435141 2.806633 1.144130
v 1.435141 2.726443 1.117400
v 1.435141 2.726443 1.090670
v 1.435141 2.806633 1.117400
v 1.435141 2.806633 1.090670
v 1.435141 2.726443 1.037211
v 1.435141 2.726443 1.010481
v 1.435141 2.806633 1.037211
v 1.435141 2.806633 1.010481
v 1.435141 2.726443 0.983751
v 1.435141 2.726443 0.957021
v 1.435141 2.806633 0.983751
v 1.435141 2.806633 0.957021
v 1.435141 2.726443 0.930292
v 1.435141 2.726443 0.903562
v 1.435141 2.806633 0.930292
v 1.435141 2.806633 0.903562
v 1.435141 2.726443 0.876832
v 1.435141 2.726443 0.850102
v 1.435141 2.806633 0.876832
v 1.435141 2.833363 1.277779
v 1.435141 2.833363 0.850102
v 1.435141 2.726443 0.743183
v 1.435141 2.726443 0.716453
v 1.435141 2.967012 0.743183
v 1.435141 2.967012 0.716453
v 1.542060 2.432415 1.384699
v 1.542060 2.432415 0.743182
v 1.542060 2.485875 1.384699
v 1.542060 2.485875 0.743182
v 1.568790 0.187109 1.438158
v 1.568790 0.187109 1.411428
v 1.568790 0.294028 1.438158
v 1.568790 0.294028 1.411428
v 1.568790 0.187109 0.716452
v 1.568790 0.187109 0.689722
v 1.568790 0.294028 0.716452
v 1.568790 0.294028 0.689722
v 1.568790 0.561326 1.438158
v 1.568790 0.561326 1.411428
v 1.568790 0.668246 1.438158
v 1.568790 0.668246 1.411428
v 1.568790 0.561327 0.716452
v 1.568790 0.561327 0.689722
v 1.568790 0.668246 0.716452
v 1.568790 0.668246 0.689722
v 1.568790 0.935544 1.438158
v 1.568790 0.935544 1.411428
v 1.568790 1.042464 1.438158
v 1.568790 1.042464 1.411428
v 1.568790 0.935544 0.716452
v 1.568790 0.935544 0.689722
v 1.568790 1.042464 0.716452
v 1.568790 1.042464 0.689722
v 1.568790 1.309762 1.438158
v 1.568790 1.309762 1.411428
v 1.568790 1.416681 1.438158
v 1.568790 1.416681 1.411428
v 1.568790 1.309762 0.716452
v 1.568790 1.309762 0.689723
v 1.568790 1.416681 0.716452
v 1.568790 1.416682 0.689723
v 1.568790 1.683980 1.438158
v 1.568790 1.683980 1.411428
v 1.568790 1.790899 1.438158
v 1.568790 1.790899 1.411428
v 1.568790 1.683980 0.716452
v 1.568790 1.683980 0.689723
v 1.568790 1.790899 0.716453
v 1.568790 1.790899 0.689723
v 1.568790 2.058197 1.438158
v 1.568790 2.058197 1.411428
v 1.568790 2.165117 1.438158
v 1.568790 2.165117 1.411428
v 1.568790 2.058197 0.716453
v 1.568790 2.058197 0.689723
v 1.568790 2.165117 0.716453
v 1.568790 2.165117 0.689723
v 1.568790 2.485875 1.438159
v 1.568790 2.485875 1.411429
v 1.568790 2.512605 1.438159
v 1.568790 2.512605 1.411429
v 1.568790 2.485875 0.716453
v 1.568790 2.485875 0.689723
v 1.568790 2.512605 0.716453
v 1.568790 2.512605 0.689723
v 1.568790 2.699714 1.438159
v 1.568790 2.699714 1.411429
v 1.568790 2.699714 0.716453
v 1.568790 2.699714 0.689723
v 1.568790 2.726443 1.438159
v 1.568790 2.726443 1.411429
v 1.568790 2.726443 0.716453
v 1.568790 2.726443 0.689723
v 1.595520 0.000000 1.037210
v 1.595520 0.026730 1.037210
v 1.595520 0.000000 0.903561
v 1.595520 0.000000 0.850101
v 1.595520 0.026730 0.903561
v 1.595520 0.026730 0.850101
v 1.595520 0.053460 1.037210
v 1.595520 0.053460 0.903561
v 1.595520 0.053460 0.850101
v 1.595520 0.106919 1.037210
v 1.595520 0.106919 0.903561
v 1.595520 0.106919 0.850101
v 1.595520 0.133649 1.090670
v 1.595520 0.133649 1.037210
v 1.595520 0.133649 0.903561
v 1.595520 0.133649 0.850101
v 1.595520 0.133649 1.438158
v 1.595520 0.133649 1.384698
v 1.595520 0.187109 1.438158
v 1.595520 0.187109 1.411428
v 1.595520 0.187109 1.384698
v 1.595520 0.133649 1.277779
v 1.595520 0.133649 1.224319
v 1.595520 0.187109 1.277779
v 1.595520 0.187109 1.224319
v 1.595520 0.187109 1.090670
v 1.595520 0.187109 1.037210
v 1.595520 0.187109 0.903561
v 1.595520 0.187109 0.850101
v 1.595520 0.160379 0.689722
v 1.595520 0.187109 0.743182
v 1.595520 0.187109 0.716452
v 1.595520 0.187109 0.689722
v 1.595520 0.294028 1.411428
v 1.595520 0.294028 0.716452
v 1.595520 0.294028 1.438158
v 1.595520 0.320758 1.197589
v 1.595520 0.294028 0.689722
v 1.595520 0.320758 1.144129
v 1.595520 0.347488 1.144129
v 1.595520 0.347488 1.117399
v 1.595520 0.374218 1.197589
v 1.595520 0.374218 1.170859
v 1.595520 0.374218 1.063940
v 1.595520 0.374218 0.983750
v 1.595520 0.400948 1.170859
v 1.595520 0.400948 1.117399
v 1.595520 0.427677 1.438158
v 1.595520 0.427677 1.384698
v 1.595520 0.427677 1.063940
v 1.595520 0.427677 0.983750
v 1.595520 0.507867 1.438158
v 1.595520 0.507867 1.384698
v 1.595520 0.561326 1.438158
v 1.595520 0.561326 1.411428
v 1.595520 0.561327 0.716452
v 1.595520 0.561327 0.689722
v 1.595520 0.668246 1.411428
v 1.595520 0.668246 0.716452
v 1.595520 0.668246 1.438158
v 1.595520 0.775165 1.037210
v 1.595520 0.668246 0.689722
v 1.595520 0.775165 0.983751
v 1.595520 0.828625 1.037210
v 1.595520 0.828625 0.983751
v 1.595520 0.935544 1.438158
v 1.595520 0.935544 1.411428
v 1.595520 0.935544 0.716452
v 1.595520 0.935544 0.689722
v 1.595520 1.042464 1.411428
v 1.595520 1.042464 1.197590
v 1.595520 1.042464 1.144130
v 1.595520 1.042464 0.716452
v 1.595520 1.042464 1.438158
v 1.595520 1.095923 1.197590
v 1.595520 1.042464 0.689722
v 1.595520 1.095923 1.144130
v 1.595520 1.309762 1.438158
v 1.595520 1.309762 1.411428
v 1.595520 1.309762 0.716452
v 1.595520 1.309762 0.689723
v 1.595520 1.416681 1.411428
v 1.595520 1.416681 0.716452
v 1.595520 1.416681 1.438158
v 1.595520 1.496871 1.304509
v 1.595520 1.416682 0.689723
v 1.595520 1.496871 1.251049
v 1.595520 1.550331 1.304509
v 1.595520 1.550331 1.251049
v 1.595520 1.550331 0.903561
v 1.595520 1.550331 0.850102
v 1.595520 1.603790 0.903561
v 1.595520 1.603790 0.850102
v 1.595520 1.683980 1.438158
v 1.595520 1.683980 1.411428
v 1.595520 1.683980 0.716452
v 1.595520 1.683980 0.689723
v 1.595520 1.790899 1.411428
v 1.595520 1.790899 0.716453
v 1.595520 1.790899 1.438158
v 1.595520 1.817629 1.357969
v 1.595520 1.790899 0.689723
v 1.595520 1.817629 1.304509
v 1.595520 1.871089 1.357969
v 1.595520 1.871089 1.304509
v 1.595520 1.871089 0.903561
v 1.595520 1.871089 0.850102
v 1.595520 1.924548 1.117400
v 1.595520 1.924548 1.010481
v 1.595520 1.924548 0.903562
v 1.595520 1.924548 0.850102
v 1.595520 1.978008 1.251049
v 1.595520 1.978008 1.197590
v 1.595520 1.978008 1.117400
v 1.595520 1.978008 1.010481
v 1.595520 2.031467 1.251049
v 1.595520 2.031467 1.197590
v 1.595520 2.058197 1.438158
v 1.595520 2.058197 1.411428
v 1.595520 2.058197 0.716453
v 1.595520 2.058197 0.689723
v 1.595520 2.165117 1.411428
v 1.595520 2.165117 0.716453
v 1.595520 2.165117 1.438158
v 1.595520 2.191847 0.850102
v 1.595520 2.165117 0.689723
v 1.595520 2.191847 0.796642
v 1.595520 2.218576 1.224320
v 1.595520 2.218576 1.170860
v 1.595520 2.245306 0.850102
v 1.595520 2.245306 0.796642
v 1.595520 2.272036 1.224320
v 1.595520 2.272036 1.170860
v 1.595520 2.298766 1.224320
v 1.595520 2.298766 1.170860
v 1.595520 2.325496 1.411428
v 1.595520 2.325496 1.357969
v 1.595520 2.325496 0.930291
v 1.595520 2.325496 0.876832
v 1.595520 2.352226 1.224320
v 1.595520 2.352226 1.170860
v 1.595520 2.378956 1.411428
v 1.595520 2.378956 1.357969
v 1.595520 2.378956 0.930291
v 1.595520 2.378956 0.876832
v 1.595520 2.432415 1.438159
v 1.595520 2.432415 0.689723
v 1.595520 2.485875 1.411429
v 1.595520 2.485875 0.716453
v 1.595520 2.512605 1.411429
v 1.595520 2.512605 0.716453
v 1.595520 2.539335 0.823372
v 1.595520 2.539335 0.769912
v 1.595520 2.566064 1.251050
v 1.595520 2.566064 1.197590
v 1.595520 2.592794 0.903562
v 1.595520 2.592794 0.850102
v 1.595520 2.592794 0.823372
v 1.595520 2.592794 0.769912
v 1.595520 2.619524 1.251050
v 1.595520 2.619524 1.197590
v 1.595520 2.646254 1.197590
v 1.595520 2.646254 1.144130
v 1.595520 2.646254 0.903562
v 1.595520 2.646254 0.850102
v 1.595520 2.699714 1.411429
v 1.595520 2.699714 1.197590
v 1.595520 2.699714 1.144130
v 1.595520 2.699714 0.716453
v 1.595520 2.726443 1.411429
v 1.595520 2.726443 0.716453
v 1.729169 -0.000000 1.438158
v 1.729169 -0.000000 1.331238
v 1.729169 0.026730 1.331238
v 1.729169 -0.000000 1.304508
v 1.729169 -0.000000 1.251049
v 1.729169 0.026730 1.304508
v 1.729169 0.053460 1.251049
v 1.729169 -0.000000 1.117399
v 1.729169 -0.000000 1.090670
v 1.729169 0.053460 1.117399
v 1.729169 0.080190 1.251049
v 1.729169 0.080190 1.117399
v 1.729169 0.106919 1.438158
v 1.729169 0.106919 1.090670
v 1.729169 0.133649 1.438158
v 1.729169 0.133649 1.090670
v 1.862818 0.000000 0.716452
v 1.862818 0.000000 0.556073
v 1.862818 0.026730 0.716452
v 1.862818 0.026730 0.556073
v 1.862818 0.000000 0.502613
v 1.862818 0.000000 0.449154
v 1.862818 0.026730 0.502613
v 1.862818 -0.000000 1.251049
v 1.862818 -0.000000 1.117399
v 1.862818 0.053460 1.251049
v 1.862818 0.053460 1.117399
v 1.862818 0.053460 0.716452
v 1.862818 0.080190 1.251049
v 1.862818 0.080190 1.117399
v 1.862818 0.053460 0.823371
v 1.862818 0.106920 0.743182
v 1.862818 0.106920 0.716452
v 1.862818 0.106920 0.529343
v 1.862818 0.106920 0.502613
v 1.862818 0.133649 0.823371
v 1.862818 0.133649 0.743182
v 1.862818 0.133649 0.716452
v 1.862818 0.133649 0.529343
v 1.862818 0.133649 0.502613
v 1.862818 0.133649 0.449154
v 1.862818 0.160379 0.823371
v 1.862818 0.160379 0.449154
v 1.889548 0.000000 0.556073
v 1.889548 0.000000 0.502613
v 1.889548 0.026730 0.556073
v 1.889548 0.026730 0.502613
v 1.943007 0.000000 0.903561
v 1.943007 0.000000 0.716452
v 1.943007 0.026730 0.903561
v 1.943007 0.026730 0.716452
v 1.943007 0.053460 0.903561
v 1.943007 0.053460 0.716452
v 0.873814 1.470141 1.438158
v 0.873814 1.523601 1.438158
v 0.873814 1.844359 1.438158
v 0.873814 1.897818 1.438158
v 0.900544 2.218576 1.438158
v 0.900544 2.272036 1.438158
v 0.900544 2.566064 1.438159
v 0.900544 2.619524 1.438159
v 0.927274 0.454407 1.438158
v 0.927274 0.507867 1.438158
v 0.927274 1.470141 1.438158
v 0.927274 1.523601 1.438158
v 0.927274 1.844359 1.438158
v 0.927274 1.897818 1.438158
v 0.954003 0.721706 1.438158
v 0.954003 0.775165 1.438158
v 0.954003 2.218576 1.438158
v 0.954003 2.272036 1.438158
v 0.954003 2.566064 1.438159
v 0.954003 2.619524 1.438159
v 0.980733 0.454407 1.438158
v 0.980733 0.507867 1.438158
v 0.980733 1.897818 1.438158
v 0.980733 1.978008 1.438158
v 1.007463 0.347488 1.438158
v 1.007463 0.400948 1.438158
v 1.007463 1.496871 1.438158
v 1.007463 1.550331 1.438158
v 1.007463 2.272036 1.438158
v 1.007463 2.325496 1.438158
v 1.034193 0.721706 1.438158
v 1.034193 0.775165 1.438158
v 1.034193 1.951278 1.438158
v 1.034193 1.978008 1.438158
v 1.060923 0.347488 1.438158
v 1.060923 0.400948 1.438158
v 1.060923 0.855355 1.438158
v 1.060923 0.908814 1.438158
v 1.060923 1.496871 1.438158
v 1.060923 1.550331 1.438158
v 1.060923 1.897818 1.438158
v 1.060923 1.951278 1.438158
v 1.060923 2.272036 1.438158
v 1.060923 2.325496 1.438158
v 1.114383 0.855355 1.438158
v 1.114383 0.908814 1.438158
v 1.167842 1.149383 1.438158
v 1.167842 1.202842 1.438158
v 1.221302 0.721706 1.438158
v 1.221302 0.775165 1.438158
v 1.221302 1.149383 1.438158
v 1.221302 1.202842 1.438158
v 1.221302 1.523601 1.438158
v 1.221302 1.577060 1.438158
v 1.248031 2.325496 1.438158
v 1.248031 2.378956 1.438159
v 1.274761 0.721706 1.438158
v 1.274761 0.775165 1.438158
v 1.274761 1.470141 1.438158
v 1.274761 1.523601 1.438158
v 1.274761 1.577060 1.438158
v 1.274761 1.871089 1.438158
v 1.274761 1.924548 1.438158
v 1.274761 2.191847 1.438158
v 1.274761 2.245306 1.438158
v 1.274761 2.592794 1.438159
v 1.274761 2.646254 1.438159
v 1.301491 1.603790 1.438158
v 1.301491 1.657250 1.438158
v 1.301491 2.325496 1.438158
v 1.301491 2.378956 1.438159
v 1.328221 1.470141 1.438158
v 1.328221 1.523601 1.438158
v 1.328221 1.871089 1.438158
v 1.328221 1.924548 1.438158
v 1.328221 2.191847 1.438158
v 1.328221 2.245306 1.438158
v 1.328221 2.592794 1.438159
v 1.328221 2.646254 1.438159
v 1.354951 1.603790 1.438158
v 1.354951 1.657250 1.438158
v 1.354951 2.325496 1.438158
v 1.354951 2.378956 1.438159
v 1.381681 0.801895 1.438158
v 1.381681 0.855355 1.438158
v 1.408411 0.454407 1.438158
v 1.408411 0.507867 1.438158
v 1.408411 2.325496 1.438158
v 1.408411 2.378956 1.438159
v 1.408411 2.566064 1.438159
v 1.408411 2.619524 1.438159
v 1.435141 0.801895 1.438158
v 1.435141 0.855355 1.438158
v 1.435141 2.352226 1.438158
v 1.435141 2.405685 1.438159
v 1.461870 0.454407 1.438158
v 1.461870 0.507867 1.438158
v 1.461870 2.566064 1.438159
v 1.461870 2.619524 1.438159
v 1.488600 2.352226 1.438158
v 1.488600 2.405685 1.438159
v 1.515330 1.095923 1.438158
v 1.515330 1.149383 1.438158
v 1.515330 1.790899 1.438158
v 1.515330 1.844359 1.438158
v 1.542060 0.427677 1.438158
v 1.542060 0.507867 1.438158
v 1.568790 1.095923 1.438158
v 1.568790 1.149383 1.438158
v 1.568790 1.844359 1.438158
v 1.595520 0.106919 1.438158
v 1.648979 0.053460 1.438158
v 1.648979 0.080190 1.438158
v 1.675709 0.053460 1.438158
v 1.675709 0.080190 1.438158
v 0.793625 -0.000000 1.277779
v 0.793625 0.026730 1.277779
v 0.793625 0.053460 1.277779
v 0.793625 0.106919 1.277779
v 0.793625 0.133649 1.277779
v 0.793625 0.187109 1.277779
v 1.568790 -0.000000 1.277779
v 1.568790 0.026730 1.277779
v 1.568790 0.053460 1.277779
v 1.568790 0.106919 1.277779
v 1.568790 0.133649 1.277779
v 1.568790 0.187109 1.277779
v 0.793625 -0.000000 1.090670
v 0.793625 0.026730 1.090670
v 0.793625 0.053460 1.090670
v 0.793625 0.106919 1.090670
v 0.793625 0.133649 1.090670
v 0.793625 0.187109 1.090670
v 1.568790 -0.000000 1.090670
v 1.568790 0.026730 1.090670
v 1.568790 0.053460 1.090670
v 1.568790 0.106919 1.090670
v 1.568790 0.133649 1.090670
v 1.568790 0.187109 1.090670
v 0.446137 0.080190 1.063940
v 0.446137 0.106919 1.063940
v 0.472866 0.080190 1.063940
v 0.472866 0.106919 1.063940
v 0.633245 0.080190 1.063940
v 0.633245 0.106919 1.063940
v 0.659975 0.080190 1.063940
v 0.659975 0.106919 1.063940
v 0.793625 0.000000 0.903561
v 0.793625 0.026730 0.903561
v 0.793625 0.053460 0.903561
v 0.793625 0.106919 0.903561
v 0.793625 0.133649 0.903561
v 0.793625 0.187109 0.903561
v 1.568790 0.000000 0.903561
v 1.568790 0.026730 0.903561
v 1.568790 0.053460 0.903561
v 1.568790 0.106919 0.903561
v 1.568790 0.133649 0.903561
v 1.568790 0.187109 0.903561
v 1.889548 0.000000 0.903561
v 1.889548 0.026730 0.903561
v 1.916278 0.000000 0.903561
v 1.916278 0.026730 0.903561
v 0.793625 0.000000 0.743182
v 0.793625 0.026730 0.743182
v 0.793625 0.053460 0.743182
v 0.793625 0.106920 0.743182
v 0.793625 0.133649 0.743182
v 0.793625 0.187109 0.743182
v 1.568790 0.000000 0.743182
v 1.568790 0.026730 0.743182
v 1.568790 0.053460 0.743182
v 1.568790 0.106920 0.743182
v 1.568790 0.133649 0.743182
v 1.568790 0.187109 0.743182
v 0.793625 -0.000000 1.384698
v 0.793625 0.026730 1.384698
v 0.793625 0.053460 1.384698
v 0.793625 0.106919 1.384698
v 0.793625 0.133649 1.384698
v 0.793625 0.187109 1.384698
v 1.568790 -0.000000 1.384698
v 1.568790 0.026730 1.384698
v 1.568790 0.053460 1.384698
v 1.568790 0.106919 1.384698
v 1.568790 0.133649 1.384698
v 1.568790 0.187109 1.384698
v 0.793625 -0.000000 1.224319
v 0.793625 0.026730 1.224319
v 0.793625 0.053460 1.224319
v 0.793625 0.106919 1.224319
v 0.793625 0.133649 1.224319
v 0.793625 0.187109 1.224319
v 1.568790 -0.000000 1.224319
v 1.568790 0.026730 1.224319
v 1.568790 0.053460 1.224319
v 1.568790 0.106919 1.224319
v 1.568790 0.133649 1.224319
v 1.568790 0.187109 1.224319
v 0.793625 0.000000 1.037210
v 0.793625 0.026730 1.037210
v 0.793625 0.053460 1.037210
v 0.793625 0.106919 1.037210
v 0.793625 0.133649 1.037210
v 0.793625 0.187109 1.037210
v 1.568790 0.000000 1.037210
v 1.568790 0.026730 1.037210
v 1.568790 0.053460 1.037210
v 1.568790 0.106919 1.037210
v 1.568790 0.133649 1.037210
v 1.568790 0.187109 1.037210
v 0.793625 0.000000 0.850101
v 0.793625 0.026730 0.850101
v 0.793625 0.053460 0.850101
v 0.793625 0.106919 0.850101
v 0.793625 0.133649 0.850101
v 0.793625 0.187109 0.850101
v 1.568790 0.000000 0.850101
v 1.568790 0.026730 0.850101
v 1.568790 0.053460 0.850101
v 1.568790 0.106919 0.850101
v 1.568790 0.133649 0.850101
v 1.568790 0.187109 0.850101
v 0.499596 0.000000 0.769912
v 0.499596 0.026730 0.769912
v 0.526326 0.000000 0.769912
v 0.526326 0.026730 0.769912
v 1.141112 2.432415 0.743182
v 1.194572 2.432415 0.743182
v 0.686705 0.000000 0.716452
v 0.686705 0.026730 0.716452
v 0.713435 0.000000 0.716452
v 0.713435 0.026730 0.716452
v 0.820354 2.566064 0.689723
v 0.820354 2.619524 0.689723
v 0.847084 0.400948 0.689722
v 0.847084 0.454407 0.689722
v 0.873814 2.566064 0.689723
v 0.873814 2.619524 0.689723
v 0.900544 0.400948 0.689722
v 0.900544 0.454407 0.689722
v 0.900544 2.592794 0.689723
v 0.900544 2.646254 0.689723
v 0.927274 0.748436 0.689722
v 0.927274 0.801895 0.689722
v 0.927274 1.550331 0.689723
v 0.927274 1.603790 0.689723
v 0.954003 0.454407 0.689722
v 0.954003 0.507867 0.689722
v 0.954003 2.298766 0.689723
v 0.954003 2.352226 0.689723
v 0.980733 0.748436 0.689722
v 0.980733 0.801895 0.689722
v 0.980733 1.550331 0.689723
v 0.980733 1.603790 0.689723
v 0.980733 2.592794 0.689723
v 0.980733 2.646254 0.689723
v 1.007463 0.454407 0.689722
v 1.007463 0.507867 0.689722
v 1.007463 1.924548 0.689723
v 1.007463 1.978008 0.689723
v 1.007463 2.298766 0.689723
v 1.007463 2.352226 0.689723
v 1.060923 1.122653 0.689722
v 1.060923 1.202843 0.689723
v 1.060923 1.924548 0.689723
v 1.060923 1.978008 0.689723
v 1.087653 1.095924 0.689722
v 1.087653 1.122653 0.689722
v 1.114383 1.149383 0.689723
v 1.114383 1.202843 0.689723
v 1.141112 2.378956 0.689723
v 1.141112 2.432415 0.689723
v 1.167842 2.191847 0.689723
v 1.167842 2.245306 0.689723
v 1.194572 0.320758 0.689722
v 1.194572 0.374218 0.689722
v 1.194572 2.378956 0.689723
v 1.194572 2.432415 0.689723
v 1.221302 1.095924 0.689722
v 1.221302 1.149383 0.689723
v 1.221302 1.897818 0.689723
v 1.221302 1.951278 0.689723
v 1.221302 2.191847 0.689723
v 1.221302 2.245306 0.689723
v 1.248031 0.320758 0.689722
v 1.248031 0.374218 0.689722
v 1.248031 1.202843 0.689723
v 1.248031 1.256302 0.689723
v 1.248031 2.218576 0.689723
v 1.248031 2.298766 0.689723
v 1.248031 2.512605 0.689723
v 1.248031 2.566064 0.689723
v 1.274761 0.828625 0.689722
v 1.274761 0.882085 0.689722
v 1.301491 0.427678 0.689722
v 1.301491 0.481137 0.689722
v 1.301491 1.202843 0.689723
v 1.301491 1.256302 0.689723
v 1.301491 1.844359 0.689723
v 1.301491 1.897818 0.689723
v 1.301491 1.951278 0.689723
v 1.301491 2.218576 0.689723
v 1.301491 2.245306 0.689723
v 1.301491 2.352226 0.689723
v 1.301491 2.405685 0.689723
v 1.301491 2.512605 0.689723
v 1.301491 2.566064 0.689723
v 1.328221 0.828625 0.689722
v 1.328221 0.882085 0.689722
v 1.328221 2.245306 0.689723
v 1.328221 2.298766 0.689723
v 1.328221 2.619524 0.689723
v 1.328221 2.672984 0.689723
v 1.354951 0.427678 0.689722
v 1.354951 0.481137 0.689722
v 1.354951 1.069194 0.689722
v 1.354951 1.122653 0.689722
v 1.354951 1.897818 0.689723
v 1.354951 1.924548 0.689723
v 1.354951 2.325496 0.689723
v 1.354951 2.352226 0.689723
v 1.381681 2.378956 0.689723
v 1.381681 2.405685 0.689723
v 1.381681 2.619524 0.689723
v 1.381681 2.672984 0.689723
v 1.408411 1.844359 0.689723
v 1.408411 1.924548 0.689723
v 1.408411 1.951278 0.689723
v 1.408411 2.004738 0.689723
v 1.408411 2.325496 0.689723
v 1.408411 2.378956 0.689723
v 1.435141 1.069194 0.689722
v 1.435141 1.122653 0.689722
v 1.461870 0.668246 0.689722
v 1.461870 0.721706 0.689722
v 1.461870 1.951278 0.689723
v 1.461870 2.004738 0.689723
v 1.515330 0.668246 0.689722
v 1.515330 0.721706 0.689722
v 1.248031 0.000000 0.475883
v 1.248031 0.026730 0.475883
v 1.274761 0.000000 0.475883
v 1.274761 0.026730 0.475883
v 1.675709 0.053460 0.449154
v 1.675709 0.080190 0.449154
v 0.793625 -0.000000 1.411428
v 1.568790 -0.000000 1.411428
v 1.702439 -0.000000 1.331238
v 1.702439 -0.000000 1.304508
v 1.889548 0.000000 0.876831
v 1.916278 0.000000 0.876831
v 0.446137 0.000000 0.823371
v 0.446137 0.000000 0.796641
v 0.499596 0.000000 0.796641
v 0.526326 0.000000 0.796641
v 0.686705 0.000000 0.743182
v 0.713435 0.000000 0.743182
v 0.793625 0.000000 0.716452
v 1.568790 0.000000 0.716452
v 1.248031 0.000000 0.502613
v 1.274761 0.000000 0.502613
vt 0.462891 0.500000
vt 0.462891 0.500000
vt 0.462891 0.500000
vt 0.037109 0.500000
vt 0.037109 0.500000
vt 0.037109 0.500000
vt 0.462891 0.500000
vt 0.462891 0.500000
vt 0.462891 0.500000
vt 0.037109 0.500000
vt 0.462891 0.500000
vt 0.462891 0.500000
vt 0.462891 0.500000
vt 0.037109 0.500000
vt 0.037109 0.500000
vt 0.037109 0.500000
vt 0.462891 0.500000
vt 0.037109 0.500000
vt 0.462891 0.500000
vt 0.462891 0.500000
vt 0.037109 0.500000
vt 0.037109 0.500000
vt 0.037109 0.500000
vt 0.037109 0.500000
vt 0.037109 0.500000
vt 0.037109 0.500000
vt 0.037109 0.500000
vt 0.037109 0.500000
vt 0.462891 0.500000
vt 0.462891 0.500000
vt 0.462891 0.500000
vt 0.462891 0.500000
vt 0.037109 0.500000
vt 0.037109 0.500000
vt 0.037109 0.500000
vt 0.037109 0.500000
vt 0.037109 0.500000
vt 0.037109 0.500000
vt 0.037109 0.500000
vt 0.037109 0.500000
vt 0.462891 0.500000
vt 0.462891 0.500000
vt 0.462891 0.500000
vt 0.462891 0.500000
vt 0.462891 0.500000
vt 0.462891 0.500000
vt 0.462891 0.500000
vt 0.462891 0.500000
vt 0.462891 0.500000
vt 0.462891 0.500000
vt 0.462891 0.500000
vt 0.462891 0.500000
vt 0.462891 0.500000
vt 0.462891 0.500000
vt 0.462891 0.500000
vt 0.462891 0.500000
vt 0.462891 0.500000
vt 0.462891 0.500000
vt 0.462891 0.500000
vt 0.462891 0.500000
vt 0.462891 0.500000
vt 0.462891 0.500000
vt 0.462891 0.500000
vt 0.462891 0.500000
vt 0.462891 0.500000
vt 0.462891 0.500000
vt 0.462891 0.500000
vt 0.462891 0.500000
vt 0.462891 0.500000
vt 0.462891 0.500000
vt 0.462891 0.500000
vt 0.462891 0.500000
vt 0.462891 0.500000
vt 0.462891 0.500000
vt 0.462891 0.500000
vt 0.462891 0.500000
vt 0.462891 0.500000
vt 0.462891 0.500000
vt 0.462891 0.500000
vt 0.462891 0.500000
vt 0.462891 0.500000
vt 0.462891 0.500000
vt 0.462891 0.500000
vt 0.462891 0.500000
vt 0.462891 0.500000
vt 0.462891 0.500000
vt 0.462891 0.500000
vt 0.462891 0.500000
vt 0.462891 0.500000
vt 0.462891 0.500000
vt 0.462891 0.500000
vt 0.037109 0.500000
vt 0.037109 0.500000
vt 0.037109 0.500000
vt 0.037109 0.500000
vt 0.037109 0.500000
vt 0.037109 0.500000
vt 0.037109 0.500000
vt 0.037109 0.500000
vt 0.037109 0.500000
vt 0.037109 0.500000
vt 0.037109 0.500000
vt 0.037109 0.500000
vt 0.318359 0.500000
vt 0.318359 0.500000
vt 0.318359 0.500000
vt 0.318359 0.500000
vt 0.318359 0.500000
vt 0.318359 0.500000
vt 0.318359 0.500000
vt 0.318359 0.500000
vt 0.318359 0.500000
vt 0.318359 0.500000
vt 0.318359 0.500000
vt 0.314453 0.500000
vt 0.314453 0.500000
vt 0.314453 0.500000
vt 0.318359 0.500000
vt 0.318359 0.500000
vt 0.314453 0.500000
vt 0.314453 0.500000
vt 0.318359 0.500000
vt 0.314453 0.500000
vt 0.318359 0.500000
vt 0.314453 0.500000
vt 0.314453 0.500000
vt 0.314453 0.500000
vt 0.314453 0.500000
vt 0.318359 0.500000
vt 0.318359 0.500000
vt 0.314453 0.500000
vt 0.318359 0.500000
vt 0.314453 0.500000
vt 0.314453 0.500000
vt 0.314453 0.500000
vt 0.318359 0.500000
vt 0.314453 0.500000
vt 0.318359 0.500000
vt 0.314453 0.500000
vt 0.314453 0.500000
vt 0.318359 0.500000
vt 0.314453 0.500000
vt 0.318359 0.500000
vt 0.314453 0.500000
vt 0.318359 0.500000
vt 0.314453 0.500000
vt 0.314453 0.500000
vt 0.318359 0.500000
vt 0.318359 0.500000
vt 0.314453 0.500000
vt 0.318359 0.500000
vt 0.314453 0.500000
vt 0.318359 0.500000
vt 0.318359 0.500000
vt 0.314453 0.500000
vt 0.318359 0.500000
vt 0.318359 0.500000
vt 0.318359 0.500000
vt 0.318359 0.500000
vt 0.037109 0.500000
vt 0.037109 0.500000
vt 0.037109 0.500000
vt 0.037109 0.500000
vt 0.318359 0.500000
vt 0.318359 0.500000
vt 0.318359 0.500000
vt 0.318359 0.500000
vt 0.318359 0.500000
vt 0.318359 0.500000
vt 0.318359 0.500000
vt 0.318359 0.500000
vt 0.318359 0.500000
vt 0.314453 0.500000
vt 0.314453 0.500000
vt 0.314453 0.500000
vt 0.318359 0.500000
vt 0.314453 0.500000
vt 0.314453 0.500000
vt 0.314453 0.500000
vt 0.314453 0.500000
vt 0.318359 0.500000
vt 0.318359 0.500000
vt 0.314453 0.500000
vt 0.318359 0.500000
vt 0.318359 0.500000
vt 0.318359 0.500000
vt 0.318359 0.500000
vt 0.037109 0.500000
vt 0.037109 0.500000
vt 0.037109 0.500000
vt 0.037109 0.500000
vt 0.318359 0.500000
vt 0.318359 0.500000
vt 0.318359 0.500000
vt 0.318359 0.500000
vt 0.318359 0.500000
vt 0.318359 0.500000
vt 0.318359 0.500000
vt 0.318359 0.500000
vt 0.318359 0.500000
vt 0.314453 0.500000
vt 0.314453 0.500000
vt 0.314453 0.500000
vt 0.318359 0.500000
vt 0.314453 0.500000
vt 0.314453 0.500000
vt 0.314453 0.500000
vt 0.314453 0.500000
vt 0.318359 0.500000
vt 0.318359 0.500000
vt 0.314453 0.500000
vt 0.318359 0.500000
vt 0.318359 0.500000
vt 0.318359 0.500000
vt 0.318359 0.500000
vt 0.037109 0.500000
vt 0.037109 0.500000
vt 0.037109 0.500000
vt 0.037109 0.500000
vt 0.318359 0.500000
vt 0.318359 0.500000
vt 0.318359 0.500000
vt 0.318359 0.500000
vt 0.318359 0.500000
vt 0.318359 0.500000
vt 0.318359 0.500000
vt 0.318359 0.500000
vt 0.314453 0.500000
vt 0.314453 0.500000
vt 0.314453 0.500000
vt 0.318359 0.500000
vt 0.318359 0.500000
vt 0.314453 0.500000
vt 0.314453 0.500000
vt 0.314453 0.500000
vt 0.314453 0.500000
vt 0.318359 0.500000
vt 0.318359 0.500000
vt 0.314453 0.500000
vt 0.318359 0.500000
vt 0.318359 0.500000
vt 0.318359 0.500000
vt 0.314453 0.500000
vt 0.314453 0.500000
vt 0.314453 0.500000
vt 0.318359 0.500000
vt 0.314453 0.500000
vt 0.318359 0.500000
vt 0.318359 0.500000
vt 0.318359 0.500000
vt 0.318359 0.500000
vt 0.037109 0.500000
vt 0.037109 0.500000
vt 0.037109 0.500000
vt 0.037109 0.500000
vt 0.318359 0.500000
vt 0.318359 0.500000
vt 0.318359 0.500000
vt 0.318359 0.500000
vt 0.318359 0.500000
vt 0.318359 0.500000
vt 0.318359 0.500000
vt 0.314453 0.500000
vt 0.314453 0.500000
vt 0.314453 0.500000
vt 0.318359 0.500000
vt 0.314453 0.500000
vt 0.318359 0.500000
vt 0.318359 0.500000
vt 0.318359 0.500000
vt 0.318359 0.500000
vt 0.037109 0.500000
vt 0.037109 0.500000
vt 0.037109 0.500000
vt 0.037109 0.500000
vt 0.318359 0.500000
vt 0.318359 0.500000
vt 0.318359 0.500000
vt 0.318359 0.500000
vt 0.318359 0.500000
vt 0.318359 0.500000
vt 0.037109 0.500000
vt 0.037109 0.500000
vt 0.037109 0.500000
vt 0.037109 0.500000
vt 0.318359 0.500000
vt 0.318359 0.500000
vt 0.318359 0.500000
vt 0.318359 0.500000
vt 0.037109 0.500000
vt 0.037109 0.500000
vt 0.037109 0.500000
vt 0.037109 0.500000
vt 0.037109 0.500000
vt 0.037109 0.500000
vt 0.037109 0.500000
vt 0.037109 0.500000
vt 0.037109 0.500000
vt 0.037109 0.500000
vt 0.037109 0.500000
vt 0.037109 0.500000
vt 0.037109 0.500000
vt 0.037109 0.500000
vt 0.037109 0.500000
vt 0.037109 0.500000
vt 0.037109 0.500000
vt 0.037109 0.500000
vt 0.037109 0.500000
vt 0.037109 0.500000
vt 0.037109 0.500000
vt 0.037109 0.500000
vt 0.037109 0.500000
vt 0.037109 0.500000
vt 0.037109 0.500000
vt 0.037109 0.500000
vt 0.037109 0.500000
vt 0.037109 0.500000
vt 0.037109 0.500000
vt 0.037109 0.500000
vt 0.037109 0.500000
vt 0.037109 0.500000
vt 0.037109 0.500000
vt 0.037109 0.500000
vt 0.037109 0.500000
vt 0.037109 0.500000
vt 0.037109 0.500000
vt 0.037109 0.500000
vt 0.037109 0.500000
vt 0.037109 0.500000
vt 0.037109 0.500000
vt 0.037109 0.500000
vt 0.037109 0.500000
vt 0.037109 0.500000
vt 0.037109 0.500000
vt 0.037109 0.500000
vt 0.037109 0.500000
vt 0.037109 0.500000
vt 0.037109 0.500000
vt 0.037109 0.500000
vt 0.037109 0.500000
vt 0.037109 0.500000
vt 0.037109 0.500000
vt 0.037109 0.500000
vt 0.037109 0.500000
vt 0.037109 0.500000
vt 0.037109 0.500000
vt 0.037109 0.500000
vt 0.037109 0.500000
vt 0.037109 0.500000
vt 0.318359 0.500000
vt 0.318359 0.500000
vt 0.318359 0.500000
vt 0.318359 0.500000
vt 0.318359 0.500000
vt 0.318359 0.500000
vt 0.318359 0.500000
vt 0.318359 0.500000
vt 0.037109 0.500000
vt 0.037109 0.500000
vt 0.037109 0.500000
vt 0.037109 0.500000
vt 0.037109 0.500000
vt 0.037109 0.500000
vt 0.037109 0.500000
vt 0.037109 0.500000
vt 0.037109 0.500000
vt 0.037109 0.500000
vt 0.037109 0.500000
vt 0.037109 0.500000
vt 0.037109 0.500000
vt 0.037109 0.500000
vt 0.037109 0.500000
vt 0.037109 0.500000
vt 0.037109 0.500000
vt 0.037109 0.500000
vt 0.037109 0.500000
vt 0.037109 0.500000
vt 0.037109 0.500000
vt 0.037109 0.500000
vt 0.037109 0.500000
vt 0.037109 0.500000
vt 0.037109 0.500000
vt 0.037109 0.500000
vt 0.037109 0.500000
vt 0.037109 0.500000
vt 0.037109 0.500000
vt 0.037109 0.500000
vt 0.037109 0.500000
vt 0.037109 0.500000
vt 0.037109 0.500000
vt 0.037109 0.500000
vt 0.037109 0.500000
vt 0.037109 0.500000
vt 0.037109 0.500000
vt 0.037109 0.500000
vt 0.037109 0.500000
vt 0.037109 0.500000
vt 0.037109 0.500000
vt 0.037109 0.500000
vt 0.037109 0.500000
vt 0.037109 0.500000
vt 0.037109 0.500000
vt 0.037109 0.500000
vt 0.037109 0.500000
vt 0.037109 0.500000
vt 0.037109 0.500000
vt 0.037109 0.500000
vt 0.037109 0.500000
vt 0.037109 0.500000
vt 0.037109 0.500000
vt 0.037109 0.500000
vt 0.037109 0.500000
vt 0.037109 0.500000
vt 0.037109 0.500000
vt 0.037109 0.500000
vt 0.037109 0.500000
vt 0.037109 0.500000
vt 0.037109 0.500000
vt 0.037109 0.500000
vt 0.037109 0.500000
vt 0.037109 0.500000
vt 0.462891 0.500000
vt 0.462891 0.500000
vt 0.462891 0.500000
vt 0.462891 0.500000
vt 0.462891 0.500000
vt 0.462891 0.500000
vt 0.462891 0.500000
vt 0.462891 0.500000
vt 0.462891 0.500000
vt 0.462891 0.500000
vt 0.462891 0.500000
vt 0.462891 0.500000
vt 0.462891 0.500000
vt 0.462891 0.500000
vt 0.462891 0.500000
vt 0.462891 0.500000
vt 0.462891 0.500000
vt 0.462891 0.500000
vt 0.462891 0.500000
vt 0.462891 0.500000
vt 0.462891 0.500000
vt 0.462891 0.500000
vt 0.462891 0.500000
vt 0.462891 0.500000
vt 0.462891 0.500000
vt 0.462891 0.500000
vt 0.462891 0.500000
vt 0.462891 0.500000
vt 0.462891 0.500000
vt 0.462891 0.500000
vt 0.462891 0.500000
vt 0.462891 0.500000
vt 0.037109 0.500000
vt 0.037109 0.500000
vt 0.037109 0.500000
vt 0.037109 0.500000
vt 0.037109 0.500000
vt 0.037109 0.500000
vt 0.037109 0.500000
vt 0.037109 0.500000
vt 0.037109 0.500000
vt 0.037109 0.500000
vt 0.037109 0.500000
vt 0.037109 0.500000
vt 0.037109 0.500000
vt 0.037109 0.500000
vt 0.037109 0.500000
vt 0.037109 0.500000
vt 0.037109 0.500000
vt 0.037109 0.500000
vt 0.037109 0.500000
vt 0.037109 0.500000
vt 0.037109 0.500000
vt 0.037109 0.500000
vt 0.037109 0.500000
vt 0.037109 0.500000
vt 0.037109 0.500000
vt 0.037109 0.500000
vt 0.037109 0.500000
vt 0.037109 0.500000
vt 0.037109 0.500000
vt 0.037109 0.500000
vt 0.037109 0.500000
vt 0.037109 0.500000
vt 0.462891 0.500000
vt 0.462891 0.500000
vt 0.462891 0.500000
vt 0.462891 0.500000
vt 0.462891 0.500000
vt 0.462891 0.500000
vt 0.462891 0.500000
vt 0.462891 0.500000
vt 0.037109 0.500000
vt 0.037109 0.500000
vt 0.037109 0.500000
vt 0.037109 0.500000
vt 0.037109 0.500000
vt 0.037109 0.500000
vt 0.037109 0.500000
vt 0.037109 0.500000
vt 0.462891 0.500000
vt 0.462891 0.500000
vt 0.462891 0.500000
vt 0.037109 0.500000
vt 0.462891 0.500000
vt 0.037109 0.500000
vt 0.037109 0.500000
vt 0.462891 0.500000
vt 0.462891 0.500000
vt 0.462891 0.500000
vt 0.037109 0.500000
vt 0.462891 0.500000
vt 0.462891 0.500000
vt 0.462891 0.500000
vt 0.462891 0.500000
vt 0.037109 0.500000
vt 0.037109 0.500000
vt 0.037109 0.500000
vt 0.462891 0.500000
vt 0.037109 0.500000
vt 0.037109 0.500000
vt 0.037109 0.500000
vt 0.037109 0.500000
vt 0.462891 0.500000
vt 0.462891 0.500000
vt 0.462891 0.500000
vt 0.037109 0.500000
vt 0.462891 0.500000
vt 0.037109 0.500000
vt 0.037109 0.500000
vt 0.037109 0.500000
vt 0.037109 0.500000
vt 0.462891 0.500000
vt 0.462891 0.500000
vt 0.462891 0.500000
vt 0.462891 0.500000
vt 0.462891 0.500000
vt 0.462891 0.500000
vt 0.462891 0.500000
vt 0.462891 0.500000
vt 0.037109 0.500000
vt 0.037109 0.500000
vt 0.037109 0.500000
vt 0.037109 0.500000
vt 0.037109 0.500000
vt 0.037109 0.500000
vt 0.037109 0.500000
vt 0.037109 0.500000
vt 0.462891 0.500000
vt 0.462891 0.500000
vt 0.462891 0.500000
vt 0.462891 0.500000
vt 0.462891 0.500000
vt 0.462891 0.500000
vt 0.462891 0.500000
vt 0.462891 0.500000
vt 0.037109 0.500000
vt 0.037109 0.500000
vt 0.037109 0.500000
vt 0.037109 0.500000
vt 0.462891 0.500000
vt 0.462891 0.500000
vt 0.462891 0.500000
vt 0.462891 0.500000
vt 0.462891 0.500000
vt 0.462891 0.500000
vt 0.462891 0.500000
vt 0.462891 0.500000
vt 0.037109 0.500000
vt 0.037109 0.500000
vt 0.037109 0.500000
vt 0.037109 0.500000
vt 0.037109 0.500000
vt 0.037109 0.500000
vt 0.037109 0.500000
vt 0.037109 0.500000
vt 0.037109 0.500000
vt 0.037109 0.500000
vt 0.037109 0.500000
vt 0.037109 0.500000
vt 0.037109 0.500000
vt 0.037109 0.500000
vt 0.037109 0.500000
vt 0.037109 0.500000
vt 0.462891 0.500000
vt 0.462891 0.500000
vt 0.462891 0.500000
vt 0.037109 0.500000
vt 0.462891 0.500000
vt 0.037109 0.500000
vt 0.037109 0.500000
vt 0.462891 0.500000
vt 0.462891 0.500000
vt 0.462891 0.500000
vt 0.037109 0.500000
vt 0.462891 0.500000
vt 0.462891 0.500000
vt 0.462891 0.500000
vt 0.462891 0.500000
vt 0.037109 0.500000
vt 0.037109 0.500000
vt 0.037109 0.500000
vt 0.462891 0.500000
vt 0.037109 0.500000
vt 0.037109 0.500000
vt 0.037109 0.500000
vt 0.037109 0.500000
vt 0.462891 0.500000
vt 0.462891 0.500000
vt 0.462891 0.500000
vt 0.037109 0.500000
vt 0.462891 0.500000
vt 0.037109 0.500000
vt 0.037109 0.500000
vt 0.037109 0.500000
vt 0.037109 0.500000
vt 0.037109 0.500000
vt 0.037109 0.500000
vt 0.037109 0.500000
vt 0.037109 0.500000
vt 0.037109 0.500000
vt 0.037109 0.500000
vt 0.037109 0.500000
vt 0.037109 0.500000
vt 0.037109 0.500000
vt 0.037109 0.500000
vt 0.037109 0.500000
vt 0.037109 0.500000
vt 0.037109 0.500000
vt 0.462891 0.500000
vt 0.462891 0.500000
vt 0.462891 0.500000
vt 0.462891 0.500000
vt 0.462891 0.500000
vt 0.462891 0.500000
vt 0.462891 0.500000
vt 0.462891 0.500000
vt 0.037109 0.500000
vt 0.037109 0.500000
vt 0.037109 0.500000
vt 0.037109 0.500000
vt 0.462891 0.500000
vt 0.462891 0.500000
vt 0.462891 0.500000
vt 0.462891 0.500000
vt 0.462891 0.500000
vt 0.037109 0.500000
vt 0.037109 0.500000
vt 0.037109 0.500000
vt 0.462891 0.500000
vt 0.037109 0.500000
vt 0.462891 0.500000
vt 0.462891 0.500000
vt 0.462891 0.500000
vt 0.037109 0.500000
vt 0.037109 0.500000
vt 0.037109 0.500000
vt 0.037109 0.500000
vt 0.462891 0.500000
vt 0.462891 0.500000
vt 0.462891 0.500000
vt 0.462891 0.500000
vt 0.462891 0.500000
vt 0.462891 0.500000
vt 0.462891 0.500000
vt 0.462891 0.500000
vt 0.462891 0.500000
vt 0.462891 0.500000
vt 0.462891 0.500000
vt 0.462891 0.500000
vt 0.462891 0.500000
vt 0.462891 0.500000
vt 0.462891 0.500000
vt 0.462891 0.500000
vt 0.037109 0.500000
vt 0.037109 0.500000
vt 0.037109 0.500000
vt 0.037109 0.500000
vt 0.037109 0.500000
vt 0.037109 0.500000
vt 0.037109 0.500000
vt 0.037109 0.500000
vt 0.037109 0.500000
vt 0.037109 0.500000
vt 0.037109 0.500000
vt 0.037109 0.500000
vt 0.037109 0.500000
vt 0.037109 0.500000
vt 0.037109 0.500000
vt 0.037109 0.500000
vt 0.037109 0.500000
vt 0.037109 0.500000
vt 0.037109 0.500000
vt 0.037109 0.500000
vt 0.462891 0.500000
vt 0.462891 0.500000
vt 0.462891 0.500000
vt 0.037109 0.500000
vt 0.462891 0.500000
vt 0.037109 0.500000
vt 0.037109 0.500000
vt 0.462891 0.500000
vt 0.462891 0.500000
vt 0.462891 0.500000
vt 0.037109 0.500000
vt 0.462891 0.500000
vt 0.462891 0.500000
vt 0.462891 0.500000
vt 0.462891 0.500000
vt 0.462891 0.500000
vt 0.462891 0.500000
vt 0.462891 0.500000
vt 0.037109 0.500000
vt 0.037109 0.500000
vt 0.037109 0.500000
vt 0.462891 0.500000
vt 0.037109 0.500000
vt 0.037109 0.500000
vt 0.037109 0.500000
vt 0.037109 0.500000
vt 0.462891 0.500000
vt 0.037109 0.500000
vt 0.462891 0.500000
vt 0.462891 0.500000
vt 0.462891 0.500000
vt 0.462891 0.500000
vt 0.462891 0.500000
vt 0.462891 0.500000
vt 0.462891 0.500000
vt 0.462891 0.500000
vt 0.462891 0.500000
vt 0.037109 0.500000
vt 0.037109 0.500000
vt 0.037109 0.500000
vt 0.037109 0.500000
vt 0.037109 0.500000
vt 0.037109 0.500000
vt 0.037109 0.500000
vt 0.037109 0.500000
vt 0.037109 0.500000
vt 0.037109 0.500000
vt 0.037109 0.500000
vt 0.037109 0.500000
vt 0.462891 0.500000
vt 0.462891 0.500000
vt 0.462891 0.500000
vt 0.462891 0.500000
vt 0.462891 0.500000
vt 0.462891 0.500000
vt 0.462891 0.500000
vt 0.462891 0.500000
vt 0.037109 0.500000
vt 0.037109 0.500000
vt 0.037109 0.500000
vt 0.037109 0.500000
vt 0.037109 0.500000
vt 0.037109 0.500000
vt 0.037109 0.500000
vt 0.037109 0.500000
vt 0.037109 0.500000
vt 0.037109 0.500000
vt 0.037109 0.500000
vt 0.037109 0.500000
vt 0.462891 0.500000
vt 0.462891 0.500000
vt 0.462891 0.500000
vt 0.037109 0.500000
vt 0.462891 0.500000
vt 0.037109 0.500000
vt 0.037109 0.500000
vt 0.462891 0.500000
vt 0.462891 0.500000
vt 0.462891 0.500000
vt 0.037109 0.500000
vt 0.462891 0.500000
vt 0.462891 0.500000
vt 0.462891 0.500000
vt 0.462891 0.500000
vt 0.462891 0.500000
vt 0.462891 0.500000
vt 0.462891 0.500000
vt 0.037109 0.500000
vt 0.037109 0.500000
vt 0.037109 0.500000
vt 0.462891 0.500000
vt 0.037109 0.500000
vt 0.037109 0.500000
vt 0.037109 0.500000
vt 0.037109 0.500000
vt 0.462891 0.500000
vt 0.037109 0.500000
vt 0.462891 0.500000
vt 0.462891 0.500000
vt 0.462891 0.500000
vt 0.462891 0.500000
vt 0.462891 0.500000
vt 0.462891 0.500000
vt 0.462891 0.500000
vt 0.462891 0.500000
vt 0.462891 0.500000
vt 0.462891 0.500000
vt 0.462891 0.500000
vt 0.462891 0.500000
vt 0.462891 0.500000
vt 0.462891 0.500000
vt 0.462891 0.500000
vt 0.462891 0.500000
vt 0.462891 0.500000
vt 0.462891 0.500000
vt 0.462891 0.500000
vt 0.462891 0.500000
vt 0.462891 0.500000
vt 0.462891 0.500000
vt 0.462891 0.500000
vt 0.462891 0.500000
vt 0.462891 0.500000
vt 0.037109 0.500000
vt 0.037109 0.500000
vt 0.037109 0.500000
vt 0.037109 0.500000
vt 0.462891 0.500000
vt 0.462891 0.500000
vt 0.462891 0.500000
vt 0.462891 0.500000
vt 0.037109 0.500000
vt 0.037109 0.500000
vt 0.037109 0.500000
vt 0.037109 0.500000
vt 0.462891 0.500000
vt 0.462891 0.500000
vt 0.462891 0.500000
vt 0.462891 0.500000
vt 0.037109 0.500000
vt 0.037109 0.500000
vt 0.037109 0.500000
vt 0.037109 0.500000
vt 0.462891 0.500000
vt 0.462891 0.500000
vt 0.462891 0.500000
vt 0.462891 0.500000
vt 0.037109 0.500000
vt 0.037109 0.500000
vt 0.037109 0.500000
vt 0.037109 0.500000
vt 0.037109 0.500000
vt 0.037109 0.500000
vt 0.037109 0.500000
vt 0.037109 0.500000
vt 0.037109 0.500000
vt 0.037109 0.500000
vt 0.037109 0.500000
vt 0.037109 0.500000
vt 0.037109 0.500000
vt 0.037109 0.500000
vt 0.037109 0.500000
vt 0.462891 0.500000
vt 0.462891 0.500000
vt 0.462891 0.500000
vt 0.462891 0.500000
vt 0.462891 0.500000
vt 0.037109 0.500000
vt 0.037109 0.500000
vt 0.037109 0.500000
vt 0.037109 0.500000
vt 0.462891 0.500000
vt 0.462891 0.500000
vt 0.462891 0.500000
vt 0.462891 0.500000
vt 0.462891 0.500000
vt 0.462891 0.500000
vt 0.462891 0.500000
vt 0.462891 0.500000
vt 0.037109 0.500000
vt 0.037109 0.500000
vt 0.037109 0.500000
vt 0.037109 0.500000
vt 0.037109 0.500000
vt 0.037109 0.500000
vt 0.037109 0.500000
vt 0.037109 0.500000
vt 0.037109 0.500000
vt 0.037109 0.500000
vt 0.037109 0.500000
vt 0.037109 0.500000
vt 0.462891 0.500000
vt 0.462891 0.500000
vt 0.462891 0.500000
vt 0.037109 0.500000
vt 0.462891 0.500000
vt 0.037109 0.500000
vt 0.037109 0.500000
vt 0.462891 0.500000
vt 0.462891 0.500000
vt 0.462891 0.500000
vt 0.037109 0.500000
vt 0.462891 0.500000
vt 0.462891 0.500000
vt 0.462891 0.500000
vt 0.462891 0.500000
vt 0.037109 0.500000
vt 0.037109 0.500000
vt 0.037109 0.500000
vt 0.462891 0.500000
vt 0.037109 0.500000
vt 0.037109 0.500000
vt 0.037109 0.500000
vt 0.037109 0.500000
vt 0.462891 0.500000
vt 0.462891 0.500000
vt 0.462891 0.500000
vt 0.037109 0.500000
vt 0.462891 0.500000
vt 0.037109 0.500000
vt 0.037109 0.500000
vt 0.037109 0.500000
vt 0.037109 0.500000
vt 0.462891 0.500000
vt 0.462891 0.500000
vt 0.462891 0.500000
vt 0.462891 0.500000
vt 0.462891 0.500000
vt 0.462891 0.500000
vt 0.462891 0.500000
vt 0.462891 0.500000
vt 0.037109 0.500000
vt 0.037109 0.500000
vt 0.037109 0.500000
vt 0.037109 0.500000
vt 0.037109 0.500000
vt 0.037109 0.500000
vt 0.037109 0.500000
vt 0.037109 0.500000
vt 0.462891 0.500000
vt 0.462891 0.500000
vt 0.462891 0.500000
vt 0.462891 0.500000
vt 0.462891 0.500000
vt 0.462891 0.500000
vt 0.462891 0.500000
vt 0.462891 0.500000
vt 0.037109 0.500000
vt 0.037109 0.500000
vt 0.037109 0.500000
vt 0.037109 0.500000
vt 0.037109 0.500000
vt 0.037109 0.500000
vt 0.037109 0.500000
vt 0.037109 0.500000
vt 0.462891 0.500000
vt 0.462891 0.500000
vt 0.462891 0.500000
vt 0.037109 0.500000
vt 0.462891 0.500000
vt 0.037109 0.500000
vt 0.037109 0.500000
vt 0.462891 0.500000
vt 0.462891 0.500000
vt 0.462891 0.500000
vt 0.037109 0.500000
vt 0.462891 0.500000
vt 0.462891 0.500000
vt 0.462891 0.500000
vt 0.462891 0.500000
vt 0.037109 0.500000
vt 0.037109 0.500000
vt 0.037109 0.500000
vt 0.462891 0.500000
vt 0.037109 0.500000
vt 0.037109 0.500000
vt 0.037109 0.500000
vt 0.037109 0.500000
vt 0.462891 0.500000
vt 0.462891 0.500000
vt 0.462891 0.500000
vt 0.037109 0.500000
vt 0.462891 0.500000
vt 0.037109 0.500000
vt 0.037109 0.500000
vt 0.037109 0.500000
vt 0.037109 0.500000
vt 0.462891 0.500000
vt 0.462891 0.500000
vt 0.462891 0.500000
vt 0.462891 0.500000
vt 0.462891 0.500000
vt 0.462891 0.500000
vt 0.462891 0.500000
vt 0.462891 0.500000
vt 0.037109 0.500000
vt 0.037109 0.500000
vt 0.037109 0.500000
vt 0.037109 0.500000
vt 0.037109 0.500000
vt 0.037109 0.500000
vt 0.037109 0.500000
vt 0.037109 0.500000
vt 0.037109 0.500000
vt 0.037109 0.500000
vt 0.037109 0.500000
vt 0.037109 0.500000
vt 0.462891 0.500000
vt 0.462891 0.500000
vt 0.462891 0.500000
vt 0.462891 0.500000
vt 0.462891 0.500000
vt 0.462891 0.500000
vt 0.462891 0.500000
vt 0.462891 0.500000
vt 0.037109 0.500000
vt 0.037109 0.500000
vt 0.462891 0.500000
vt 0.462891 0.500000
vt 0.462891 0.500000
vt 0.462891 0.500000
vt 0.462891 0.500000
vt 0.462891 0.500000
vt 0.462891 0.500000
vt 0.462891 0.500000
vt 0.037109 0.500000
vt 0.037109 0.500000
vt 0.037109 0.500000
vt 0.037109 0.500000
vt 0.037109 0.500000
vt 0.037109 0.500000
vt 0.037109 0.500000
vt 0.037109 0.500000
vt 0.037109 0.500000
vt 0.037109 0.500000
vt 0.037109 0.500000
vt 0.037109 0.500000
vt 0.462891 0.500000
vt 0.462891 0.500000
vt 0.462891 0.500000
vt 0.037109 0.500000
vt 0.462891 0.500000
vt 0.037109 0.500000
vt 0.037109 0.500000
vt 0.462891 0.500000
vt 0.462891 0.500000
vt 0.462891 0.500000
vt 0.037109 0.500000
vt 0.462891 0.500000
vt 0.462891 0.500000
vt 0.462891 0.500000
vt 0.462891 0.500000
vt 0.037109 0.500000
vt 0.037109 0.500000
vt 0.037109 0.500000
vt 0.462891 0.500000
vt 0.037109 0.500000
vt 0.037109 0.500000
vt 0.037109 0.500000
vt 0.037109 0.500000
vt 0.462891 0.500000
vt 0.462891 0.500000
vt 0.462891 0.500000
vt 0.037109 0.500000
vt 0.462891 0.500000
vt 0.037109 0.500000
vt 0.037109 0.500000
vt 0.037109 0.500000
vt 0.037109 0.500000
vt 0.037109 0.500000
vt 0.037109 0.500000
vt 0.037109 0.500000
vt 0.037109 0.500000
vt 0.037109 0.500000
vt 0.037109 0.500000
vt 0.037109 0.500000
vt 0.037109 0.500000
vt 0.037109 0.500000
vt 0.037109 0.500000
vt 0.037109 0.500000
vt 0.462891 0.500000
vt 0.462891 0.500000
vt 0.462891 0.500000
vt 0.462891 0.500000
vt 0.462891 0.500000
vt 0.462891 0.500000
vt 0.462891 0.500000
vt 0.462891 0.500000
vt 0.037109 0.500000
vt 0.037109 0.500000
vt 0.037109 0.500000
vt 0.037109 0.500000
vt 0.462891 0.500000
vt 0.462891 0.500000
vt 0.462891 0.500000
vt 0.462891 0.500000
vt 0.462891 0.500000
vt 0.462891 0.500000
vt 0.462891 0.500000
vt 0.462891 0.500000
vt 0.462891 0.500000
vt 0.462891 0.500000
vt 0.462891 0.500000
vt 0.462891 0.500000
vt 0.462891 0.500000
vt 0.462891 0.500000
vt 0.462891 0.500000
vt 0.462891 0.500000
vt 0.037109 0.500000
vt 0.037109 0.500000
vt 0.037109 0.500000
vt 0.037109 0.500000
vt 0.037109 0.500000
vt 0.037109 0.500000
vt 0.037109 0.500000
vt 0.037109 0.500000
vt 0.037109 0.500000
vt 0.037109 0.500000
vt 0.037109 0.500000
vt 0.037109 0.500000
vt 0.037109 0.500000
vt 0.037109 0.500000
vt 0.037109 0.500000
vt 0.037109 0.500000
vt 0.462891 0.500000
vt 0.462891 0.500000
vt 0.462891 0.500000
vt 0.037109 0.500000
vt 0.462891 0.500000
vt 0.037109 0.500000
vt 0.037109 0.500000
vt 0.462891 0.500000
vt 0.462891 0.500000
vt 0.462891 0.500000
vt 0.037109 0.500000
vt 0.462891 0.500000
vt 0.462891 0.500000
vt 0.462891 0.500000
vt 0.462891 0.500000
vt 0.462891 0.500000
vt 0.462891 0.500000
vt 0.462891 0.500000
vt 0.037109 0.500000
vt 0.037109 0.500000
vt 0.037109 0.500000
vt 0.462891 0.500000
vt 0.037109 0.500000
vt 0.037109 0.500000
vt 0.037109 0.500000
vt 0.037109 0.500000
vt 0.462891 0.500000
vt 0.037109 0.500000
vt 0.462891 0.500000
vt 0.462891 0.500000
vt 0.462891 0.500000
vt 0.462891 0.500000
vt 0.462891 0.500000
vt 0.462891 0.500000
vt 0.462891 0.500000
vt 0.462891 0.500000
vt 0.462891 0.500000
vt 0.037109 0.500000
vt 0.037109 0.500000
vt 0.037109 0.500000
vt 0.037109 0.500000
vt 0.037109 0.500000
vt 0.037109 0.500000
vt 0.037109 0.500000
vt 0.037109 0.500000
vt 0.037109 0.500000
vt 0.037109 0.500000
vt 0.037109 0.500000
vt 0.037109 0.500000
vt 0.037109 0.500000
vt 0.037109 0.500000
vt 0.037109 0.500000
vt 0.037109 0.500000
vt 0.037109 0.500000
vt 0.037109 0.500000
vt 0.037109 0.500000
vt 0.037109 0.500000
vt 0.037109 0.500000
vt 0.037109 0.500000
vt 0.037109 0.500000
vt 0.037109 0.500000
vt 0.037109 0.500000
vt 0.037109 0.500000
vt 0.037109 0.500000
vt 0.037109 0.500000
vt 0.037109 0.500000
vt 0.037109 0.500000
vt 0.037109 0.500000
vt 0.037109 0.500000
vt 0.037109 0.500000
vt 0.037109 0.500000
vt 0.037109 0.500000
vt 0.037109 0.500000
vt 0.037109 0.500000
vt 0.037109 0.500000
vt 0.037109 0.500000
vt 0.037109 0.500000
vt 0.037109 0.500000
vt 0.037109 0.500000
vt 0.037109 0.500000
vt 0.037109 0.500000
vt 0.037109 0.500000
vt 0.037109 0.500000
vt 0.037109 0.500000
vt 0.037109 0.500000
vt 0.037109 0.500000
vt 0.037109 0.500000
vt 0.037109 0.500000
vt 0.037109 0.500000
vt 0.037109 0.500000
vt 0.037109 0.500000
vt 0.037109 0.500000
vt 0.037109 0.500000
vt 0.037109 0.500000
vt 0.037109 0.500000
vt 0.037109 0.500000
vt 0.037109 0.500000
vt 0.037109 0.500000
vt 0.037109 0.500000
vt 0.037109 0.500000
vt 0.037109 0.500000
vt 0.037109 0.500000
vt 0.037109 0.500000
vt 0.037109 0.500000
vt 0.037109 0.500000
vt 0.037109 0.500000
vt 0.037109 0.500000
vt 0.037109 0.500000
vt 0.037109 0.500000
vt 0.037109 0.500000
vt 0.037109 0.500000
vt 0.037109 0.500000
vt 0.037109 0.500000
vt 0.037109 0.500000
vt 0.037109 0.500000
vt 0.037109 0.500000
vt 0.037109 0.500000
vt 0.037109 0.500000
vt 0.037109 0.500000
vt 0.037109 0.500000
vt 0.037109 0.500000
vt 0.462891 0.500000
vt 0.462891 0.500000
vt 0.462891 0.500000
vt 0.462891 0.500000
vt 0.462891 0.500000
vt 0.462891 0.500000
vt 0.462891 0.500000
vt 0.462891 0.500000
vt 0.462891 0.500000
vt 0.462891 0.500000
vt 0.462891 0.500000
vt 0.462891 0.500000
vt 0.462891 0.500000
vt 0.462891 0.500000
vt 0.462891 0.500000
vt 0.462891 0.500000
vt 0.462891 0.500000
vt 0.462891 0.500000
vt 0.462891 0.500000
vt 0.462891 0.500000
vt 0.462891 0.500000
vt 0.462891 0.500000
vt 0.462891 0.500000
vt 0.462891 0.500000
vt 0.462891 0.500000
vt 0.462891 0.500000
vt 0.462891 0.500000
vt 0.462891 0.500000
vt 0.462891 0.500000
vt 0.462891 0.500000
vt 0.462891 0.500000
vt 0.462891 0.500000
vt 0.037109 0.500000
vt 0.037109 0.500000
vt 0.037109 0.500000
vt 0.037109 0.500000
vt 0.037109 0.500000
vt 0.037109 0.500000
vt 0.037109 0.500000
vt 0.037109 0.500000
vt 0.037109 0.500000
vt 0.037109 0.500000
vt 0.037109 0.500000
vt 0.037109 0.500000
vt 0.037109 0.500000
vt 0.037109 0.500000
vt 0.037109 0.500000
vt 0.037109 0.500000
vt 0.037109 0.500000
vt 0.037109 0.500000
vt 0.037109 0.500000
vt 0.037109 0.500000
vt 0.037109 0.500000
vt 0.037109 0.500000
vt 0.037109 0.500000
vt 0.037109 0.500000
vt 0.037109 0.500000
vt 0.037109 0.500000
vt 0.037109 0.500000
vt 0.037109 0.500000
vt 0.037109 0.500000
vt 0.037109 0.500000
vt 0.037109 0.500000
vt 0.037109 0.500000
vt 0.037109 0.500000
vt 0.037109 0.500000
vt 0.037109 0.500000
vt 0.037109 0.500000
vt 0.037109 0.500000
vt 0.037109 0.500000
vt 0.037109 0.500000
vt 0.037109 0.500000
vt 0.037109 0.500000
vt 0.037109 0.500000
vt 0.037109 0.500000
vt 0.037109 0.500000
vt 0.037109 0.500000
vt 0.037109 0.500000
vt 0.037109 0.500000
vt 0.037109 0.500000
vt 0.037109 0.500000
vt 0.037109 0.500000
vt 0.037109 0.500000
vt 0.037109 0.500000
vt 0.037109 0.500000
vt 0.037109 0.500000
vt 0.037109 0.500000
vt 0.037109 0.500000
vt 0.037109 0.500000
vt 0.037109 0.500000
vt 0.037109 0.500000
vt 0.037109 0.500000
vt 0.037109 0.500000
vt 0.037109 0.500000
vt 0.037109 0.500000
vt 0.037109 0.500000
vt 0.318359 0.500000
vt 0.318359 0.500000
vt 0.318359 0.500000
vt 0.318359 0.500000
vt 0.318359 0.500000
vt 0.318359 0.500000
vt 0.318359 0.500000
vt 0.318359 0.500000
vt 0.037109 0.500000
vt 0.037109 0.500000
vt 0.037109 0.500000
vt 0.037109 0.500000
vt 0.037109 0.500000
vt 0.037109 0.500000
vt 0.037109 0.500000
vt 0.037109 0.500000
vt 0.462891 0.500000
vt 0.462891 0.500000
vt 0.462891 0.500000
vt 0.462891 0.500000
vt 0.462891 0.500000
vt 0.462891 0.500000
vt 0.462891 0.500000
vt 0.462891 0.500000
vt 0.462891 0.500000
vt 0.462891 0.500000
vt 0.462891 0.500000
vt 0.462891 0.500000
vt 0.462891 0.500000
vt 0.462891 0.500000
vt 0.462891 0.500000
vt 0.462891 0.500000
vt 0.462891 0.500000
vt 0.462891 0.500000
vt 0.462891 0.500000
vt 0.462891 0.500000
vt 0.462891 0.500000
vt 0.462891 0.500000
vt 0.462891 0.500000
vt 0.462891 0.500000
vt 0.462891 0.500000
vt 0.462891 0.500000
vt 0.462891 0.500000
vt 0.462891 0.500000
vt 0.462891 0.500000
vt 0.462891 0.500000
vt 0.462891 0.500000
vt 0.462891 0.500000
vt 0.462891 0.500000
vt 0.462891 0.500000
vt 0.462891 0.500000
vt 0.037109 0.500000
vt 0.037109 0.500000
vt 0.037109 0.500000
vt 0.037109 0.500000
vt 0.037109 0.500000
vt 0.037109 0.500000
vt 0.037109 0.500000
vt 0.037109 0.500000
vt 0.037109 0.500000
vt 0.037109 0.500000
vt 0.037109 0.500000
vt 0.037109 0.500000
vt 0.318359 0.500000
vt 0.318359 0.500000
vt 0.318359 0.500000
vt 0.318359 0.500000
vt 0.318359 0.500000
vt 0.318359 0.500000
vt 0.314453 0.500000
vt 0.314453 0.500000
vt 0.314453 0.500000
vt 0.318359 0.500000
vt 0.318359 0.500000
vt 0.318359 0.500000
vt 0.314453 0.500000
vt 0.314453 0.500000
vt 0.314453 0.500000
vt 0.318359 0.500000
vt 0.318359 0.500000
vt 0.314453 0.500000
vt 0.318359 0.500000
vt 0.318359 0.500000
vt 0.318359 0.500000
vt 0.314453 0.500000
vt 0.318359 0.500000
vt 0.318359 0.500000
vt 0.318359 0.500000
vt 0.314453 0.500000
vt 0.314453 0.500000
vt 0.314453 0.500000
vt 0.318359 0.500000
vt 0.314453 0.500000
vt 0.314453 0.500000
vt 0.314453 0.500000
vt 0.314453 0.500000
vt 0.318359 0.500000
vt 0.314453 0.500000
vt 0.318359 0.500000
vt 0.318359 0.500000
vt 0.318359 0.500000
vt 0.318359 0.500000
vt 0.318359 0.500000
vt 0.037109 0.500000
vt 0.037109 0.500000
vt 0.037109 0.500000
vt 0.037109 0.500000
vt 0.318359 0.500000
vt 0.318359 0.500000
vt 0.318359 0.500000
vt 0.318359 0.500000
vt 0.318359 0.500000
vt 0.318359 0.500000
vt 0.318359 0.500000
vt 0.314453 0.500000
vt 0.314453 0.500000
vt 0.314453 0.500000
vt 0.318359 0.500000
vt 0.314453 0.500000
vt 0.318359 0.500000
vt 0.318359 0.500000
vt 0.318359 0.500000
vt 0.318359 0.500000
vt 0.037109 0.500000
vt 0.037109 0.500000
vt 0.037109 0.500000
vt 0.037109 0.500000
vt 0.037109 0.500000
vt 0.037109 0.500000
vt 0.318359 0.500000
vt 0.318359 0.500000
vt 0.318359 0.500000
vt 0.318359 0.500000
vt 0.314453 0.500000
vt 0.314453 0.500000
vt 0.314453 0.500000
vt 0.318359 0.500000
vt 0.318359 0.500000
vt 0.318359 0.500000
vt 0.314453 0.500000
vt 0.318359 0.500000
vt 0.318359 0.500000
vt 0.318359 0.500000
vt 0.318359 0.500000
vt 0.318359 0.500000
vt 0.037109 0.500000
vt 0.037109 0.500000
vt 0.037109 0.500000
vt 0.037109 0.500000
vt 0.318359 0.500000
vt 0.318359 0.500000
vt 0.318359 0.500000
vt 0.318359 0.500000
vt 0.318359 0.500000
vt 0.318359 0.500000
vt 0.318359 0.500000
vt 0.314453 0.500000
vt 0.314453 0.500000
vt 0.314453 0.500000
vt 0.318359 0.500000
vt 0.314453 0.500000
vt 0.318359 0.500000
vt 0.318359 0.500000
vt 0.318359 0.500000
vt 0.314453 0.500000
vt 0.314453 0.500000
vt 0.314453 0.500000
vt 0.318359 0.500000
vt 0.314453 0.500000
vt 0.318359 0.500000
vt 0.318359 0.500000
vt 0.318359 0.500000
vt 0.318359 0.500000
vt 0.037109 0.500000
vt 0.037109 0.500000
vt 0.037109 0.500000
vt 0.037109 0.500000
vt 0.318359 0.500000
vt 0.318359 0.500000
vt 0.318359 0.500000
vt 0.318359 0.500000
vt 0.318359 0.500000
vt 0.318359 0.500000
vt 0.318359 0.500000
vt 0.314453 0.500000
vt 0.314453 0.500000
vt 0.314453 0.500000
vt 0.318359 0.500000
vt 0.314453 0.500000
vt 0.318359 0.500000
vt 0.318359 0.500000
vt 0.318359 0.500000
vt 0.318359 0.500000
vt 0.314453 0.500000
vt 0.314453 0.500000
vt 0.314453 0.500000
vt 0.318359 0.500000
vt 0.318359 0.500000
vt 0.314453 0.500000
vt 0.318359 0.500000
vt 0.318359 0.500000
vt 0.314453 0.500000
vt 0.314453 0.500000
vt 0.314453 0.500000
vt 0.318359 0.500000
vt 0.318359 0.500000
vt 0.314453 0.500000
vt 0.314453 0.500000
vt 0.314453 0.500000
vt 0.314453 0.500000
vt 0.318359 0.500000
vt 0.318359 0.500000
vt 0.314453 0.500000
vt 0.318359 0.500000
vt 0.318359 0.500000
vt 0.318359 0.500000
vt 0.318359 0.500000
vt 0.037109 0.500000
vt 0.037109 0.500000
vt 0.037109 0.500000
vt 0.037109 0.500000
vt 0.318359 0.500000
vt 0.318359 0.500000
vt 0.318359 0.500000
vt 0.318359 0.500000
vt 0.318359 0.500000
vt 0.318359 0.500000
vt 0.318359 0.500000
vt 0.318359 0.500000
vt 0.314453 0.500000
vt 0.314453 0.500000
vt 0.314453 0.500000
vt 0.318359 0.500000
vt 0.318359 0.500000
vt 0.314453 0.500000
vt 0.314453 0.500000
vt 0.314453 0.500000
vt 0.314453 0.500000
vt 0.318359 0.500000
vt 0.318359 0.500000
vt 0.314453 0.500000
vt 0.318359 0.500000
vt 0.318359 0.500000
vt 0.318359 0.500000
vt 0.318359 0.500000
vt 0.318359 0.500000
vt 0.318359 0.500000
vt 0.318359 0.500000
vt 0.314453 0.500000
vt 0.314453 0.500000
vt 0.314453 0.500000
vt 0.318359 0.500000
vt 0.314453 0.500000
vt 0.318359 0.500000
vt 0.314453 0.500000
vt 0.314453 0.500000
vt 0.314453 0.500000
vt 0.318359 0.500000
vt 0.314453 0.500000
vt 0.314453 0.500000
vt 0.314453 0.500000
vt 0.314453 0.500000
vt 0.318359 0.500000
vt 0.318359 0.500000
vt 0.314453 0.500000
vt 0.318359 0.500000
vt 0.318359 0.500000
vt 0.037109 0.500000
vt 0.037109 0.500000
vt 0.037109 0.500000
vt 0.037109 0.500000
vt 0.318359 0.500000
vt 0.318359 0.500000
vt 0.318359 0.500000
vt 0.318359 0.500000
vt 0.318359 0.500000
vt 0.318359 0.500000
vt 0.318359 0.500000
vt 0.318359 0.500000
vt 0.314453 0.500000
vt 0.314453 0.500000
vt 0.314453 0.500000
vt 0.318359 0.500000
vt 0.318359 0.500000
vt 0.314453 0.500000
vt 0.318359 0.500000
vt 0.314453 0.500000
vt 0.314453 0.500000
vt 0.314453 0.500000
vt 0.318359 0.500000
vt 0.314453 0.500000
vt 0.318359 0.500000
vt 0.318359 0.500000
vt 0.314453 0.500000
vt 0.314453 0.500000
vt 0.314453 0.500000
vt 0.318359 0.500000
vt 0.318359 0.500000
vt 0.314453 0.500000
vt 0.318359 0.500000
vt 0.314453 0.500000
vt 0.314453 0.500000
vt 0.314453 0.500000
vt 0.318359 0.500000
vt 0.318359 0.500000
vt 0.314453 0.500000
vt 0.318359 0.500000
vt 0.037109 0.500000
vt 0.037109 0.500000
vt 0.037109 0.500000
vt 0.037109 0.500000
vt 0.037109 0.500000
vt 0.037109 0.500000
vt 0.462891 0.500000
vt 0.462891 0.500000
vt 0.462891 0.500000
vt 0.037109 0.500000
vt 0.037109 0.500000
vt 0.037109 0.500000
vt 0.462891 0.500000
vt 0.462891 0.500000
vt 0.462891 0.500000
vt 0.037109 0.500000
vt 0.462891 0.500000
vt 0.462891 0.500000
vt 0.462891 0.500000
vt 0.462891 0.500000
vt 0.462891 0.500000
vt 0.462891 0.500000
vt 0.462891 0.500000
vt 0.462891 0.500000
vt 0.037109 0.500000
vt 0.037109 0.500000
vt 0.037109 0.500000
vt 0.037109 0.500000
vt 0.462891 0.500000
vt 0.462891 0.500000
vt 0.462891 0.500000
vt 0.462891 0.500000
vt 0.462891 0.500000
vt 0.462891 0.500000
vt 0.462891 0.500000
vt 0.462891 0.500000
vt 0.462891 0.500000
vt 0.462891 0.500000
vt 0.462891 0.500000
vt 0.462891 0.500000
vt 0.037109 0.500000
vt 0.037109 0.500000
vt 0.037109 0.500000
vt 0.037109 0.500000
vt 0.462891 0.500000
vt 0.462891 0.500000
vt 0.462891 0.500000
vt 0.462891 0.500000
vt 0.462891 0.500000
vt 0.462891 0.500000
vt 0.037109 0.500000
vt 0.037109 0.500000
vt 0.037109 0.500000
vt 0.462891 0.500000
vt 0.462891 0.500000
vt 0.037109 0.500000
vt 0.037109 0.500000
vt 0.037109 0.500000
vt 0.037109 0.500000
vt 0.462891 0.500000
vt 0.462891 0.500000
vt 0.037109 0.500000
vt 0.462891 0.500000
vt 0.037109 0.500000
vt 0.037109 0.500000
vt 0.037109 0.500000
vt 0.037109 0.500000
vt 0.037109 0.500000
vt 0.037109 0.500000
vt 0.037109 0.500000
vt 0.037109 0.500000
vt 0.462891 0.500000
vt 0.462891 0.500000
vt 0.462891 0.500000
vt 0.462891 0.500000
vt 0.037109 0.500000
vt 0.037109 0.500000
vt 0.037109 0.500000
vt 0.037109 0.500000
vt 0.462891 0.500000
vt 0.318359 0.500000
vt 0.318359 0.500000
vt 0.318359 0.500000
vt 0.318359 0.500000
vt 0.318359 0.500000
vt 0.318359 0.500000
vt 0.318359 0.500000
vt 0.318359 0.500000
vt 0.318359 0.500000
vt 0.318359 0.500000
vt 0.318359 0.500000
vt 0.037109 0.500000
vt 0.318359 0.500000
vt 0.318359 0.500000
vt 0.318359 0.500000
vt 0.318359 0.500000
vt 0.318359 0.500000
vt 0.318359 0.500000
vt 0.318359 0.500000
vt 0.318359 0.500000
vt 0.318359 0.500000
vt 0.318359 0.500000
vt 0.318359 0.500000
vt 0.314453 0.500000
vt 0.314453 0.500000
vt 0.314453 0.500000
vt 0.318359 0.500000
vt 0.314453 0.500000
vt 0.318359 0.500000
vt 0.314453 0.500000
vt 0.314453 0.500000
vt 0.314453 0.500000
vt 0.318359 0.500000
vt 0.314453 0.500000
vt 0.318359 0.500000
vt 0.318359 0.500000
vt 0.318359 0.500000
vt 0.314453 0.500000
vt 0.314453 0.500000
vt 0.314453 0.500000
vt 0.318359 0.500000
vt 0.314453 0.500000
vt 0.318359 0.500000
vt 0.314453 0.500000
vt 0.314453 0.500000
vt 0.314453 0.500000
vt 0.318359 0.500000
vt 0.314453 0.500000
vt 0.314453 0.500000
vt 0.314453 0.500000
vt 0.314453 0.500000
vt 0.318359 0.500000
vt 0.318359 0.500000
vt 0.314453 0.500000
vt 0.318359 0.500000
vt 0.318359 0.500000
vt 0.037109 0.500000
vt 0.318359 0.500000
vt 0.318359 0.500000
vt 0.318359 0.500000
vt 0.318359 0.500000
vt 0.318359 0.500000
vt 0.318359 0.500000
vt 0.037109 0.500000
vt 0.314453 0.500000
vt 0.314453 0.500000
vt 0.314453 0.500000
vt 0.318359 0.500000
vt 0.318359 0.500000
vt 0.314453 0.500000
vt 0.314453 0.500000
vt 0.314453 0.500000
vt 0.314453 0.500000
vt 0.318359 0.500000
vt 0.314453 0.500000
vt 0.318359 0.500000
vt 0.314453 0.500000
vt 0.314453 0.500000
vt 0.314453 0.500000
vt 0.318359 0.500000
vt 0.314453 0.500000
vt 0.318359 0.500000
vt 0.318359 0.500000
vt 0.318359 0.500000
vt 0.314453 0.500000
vt 0.314453 0.500000
vt 0.314453 0.500000
vt 0.318359 0.500000
vt 0.314453 0.500000
vt 0.314453 0.500000
vt 0.318359 0.500000
vt 0.318359 0.500000
vt 0.318359 0.500000
vt 0.314453 0.500000
vt 0.314453 0.500000
vt 0.314453 0.500000
vt 0.314453 0.500000
vt 0.318359 0.500000
vt 0.318359 0.500000
vt 0.314453 0.500000
vt 0.314453 0.500000
vt 0.314453 0.500000
vt 0.314453 0.500000
vt 0.318359 0.500000
vt 0.318359 0.500000
vt 0.314453 0.500000
vt 0.037109 0.500000
vt 0.318359 0.500000
vt 0.318359 0.500000
vt 0.037109 0.500000
vt 0.318359 0.500000
vt 0.318359 0.500000
vt 0.314453 0.500000
vt 0.314453 0.500000
vt 0.314453 0.500000
vt 0.318359 0.500000
vt 0.318359 0.500000
vt 0.314453 0.500000
vt 0.318359 0.500000
vt 0.318359 0.500000
vt 0.318359 0.500000
vt 0.318359 0.500000
vt 0.314453 0.500000
vt 0.314453 0.500000
vt 0.314453 0.500000
vt 0.318359 0.500000
vt 0.318359 0.500000
vt 0.314453 0.500000
vt 0.318359 0.500000
vt 0.314453 0.500000
vt 0.314453 0.500000
vt 0.314453 0.500000
vt 0.318359 0.500000
vt 0.318359 0.500000
vt 0.314453 0.500000
vt 0.318359 0.500000
vt 0.318359 0.500000
vt 0.318359 0.500000
vt 0.318359 0.500000
vt 0.318359 0.500000
vt 0.318359 0.500000
vt 0.318359 0.500000
vt 0.318359 0.500000
vt 0.318359 0.500000
vt 0.314453 0.500000
vt 0.314453 0.500000
vt 0.314453 0.500000
vt 0.318359 0.500000
vt 0.314453 0.500000
vt 0.037109 0.500000
vt 0.314453 0.500000
vt 0.314453 0.500000
vt 0.318359 0.500000
vt 0.318359 0.500000
vt 0.314453 0.500000
vt 0.314453 0.500000
vt 0.314453 0.500000
vt 0.314453 0.500000
vt 0.318359 0.500000
vt 0.318359 0.500000
vt 0.314453 0.500000
vt 0.318359 0.500000
vt 0.314453 0.500000
vt 0.314453 0.500000
vt 0.314453 0.500000
vt 0.318359 0.500000
vt 0.314453 0.500000
vt 0.318359 0.500000
vt 0.314453 0.500000
vt 0.314453 0.500000
vt 0.314453 0.500000
vt 0.318359 0.500000
vt 0.314453 0.500000
vt 0.037109 0.500000
vt 0.318359 0.500000
vt 0.314453 0.500000
vt 0.314453 0.500000
vt 0.314453 0.500000
vt 0.318359 0.500000
vt 0.314453 0.500000
vt 0.318359 0.500000
vt 0.318359 0.500000
vt 0.318359 0.500000
vt 0.318359 0.500000
vt 0.318359 0.500000
vt 0.318359 0.500000
vt 0.314453 0.500000
vt 0.314453 0.500000
vt 0.314453 0.500000
vt 0.318359 0.500000
vt 0.318359 0.500000
vt 0.314453 0.500000
vt 0.318359 0.500000
vt 0.318359 0.500000
vt 0.318359 0.500000
vt 0.314453 0.500000
vt 0.314453 0.500000
vt 0.314453 0.500000
vt 0.318359 0.500000
vt 0.314453 0.500000
vt 0.318359 0.500000
vt 0.318359 0.500000
vt 0.318359 0.500000
vt 0.314453 0.500000
vt 0.314453 0.500000
vt 0.314453 0.500000
vt 0.318359 0.500000
vt 0.314453 0.500000
vt 0.314453 0.500000
vt 0.314453 0.500000
vt 0.314453 0.500000
vt 0.318359 0.500000
vt 0.318359 0.500000
vt 0.314453 0.500000
vt 0.318359 0.500000
vt 0.314453 0.500000
vt 0.314453 0.500000
vt 0.314453 0.500000
vt 0.318359 0.500000
vt 0.314453 0.500000
vt 0.318359 0.500000
vt 0.318359 0.500000
vt 0.318359 0.500000
vt 0.037109 0.500000
vt 0.318359 0.500000
vt 0.037109 0.500000
vt 0.318359 0.500000
vt 0.318359 0.500000
vt 0.462891 0.500000
vt 0.318359 0.500000
vt 0.318359 0.500000
vt 0.318359 0.500000
vt 0.318359 0.500000
vt 0.318359 0.500000
vt 0.314453 0.500000
vt 0.314453 0.500000
vt 0.314453 0.500000
vt 0.318359 0.500000
vt 0.318359 0.500000
vt 0.314453 0.500000
vt 0.318359 0.500000
vt 0.318359 0.500000
vt 0.318359 0.500000
vt 0.314453 0.500000
vt 0.314453 0.500000
vt 0.314453 0.500000
vt 0.318359 0.500000
vt 0.314453 0.500000
vt 0.318359 0.500000
vt 0.318359 0.500000
vt 0.462891 0.500000
vt 0.314453 0.500000
vt 0.314453 0.500000
vt 0.318359 0.500000
vt 0.462891 0.500000
vt 0.462891 0.500000
vt 0.462891 0.500000
vt 0.037109 0.500000
vt 0.037109 0.500000
vt 0.037109 0.500000
vt 0.462891 0.500000
vt 0.037109 0.500000
vt 0.037109 0.500000
vt 0.037109 0.500000
vt 0.462891 0.500000
vt 0.462891 0.500000
vt 0.462891 0.500000
vt 0.462891 0.500000
vt 0.462891 0.500000
vt 0.462891 0.500000
vt 0.037109 0.500000
vt 0.037109 0.500000
vt 0.037109 0.500000
vt 0.037109 0.500000
vt 0.037109 0.500000
vt 0.037109 0.500000
vt 0.037109 0.500000
vt 0.037109 0.500000
vt 0.037109 0.500000
vt 0.037109 0.500000
vt 0.037109 0.500000
vt 0.037109 0.500000
vt 0.462891 0.500000
vt 0.462891 0.500000
vt 0.462891 0.500000
vt 0.462891 0.500000
vt 0.462891 0.500000
vt 0.462891 0.500000
vt 0.037109 0.500000
vt 0.037109 0.500000
vt 0.037109 0.500000
vt 0.037109 0.500000
vt 0.037109 0.500000
vt 0.037109 0.500000
vt 0.037109 0.500000
vt 0.037109 0.500000
vt 0.037109 0.500000
vt 0.037109 0.500000
vt 0.037109 0.500000
vt 0.037109 0.500000
vt 0.037109 0.500000
vt 0.037109 0.500000
vt 0.037109 0.500000
vt 0.037109 0.500000
vt 0.037109 0.500000
vt 0.037109 0.500000
vt 0.037109 0.500000
vt 0.037109 0.500000
vt 0.037109 0.500000
vt 0.037109 0.500000
vt 0.037109 0.500000
vt 0.037109 0.500000
vt 0.037109 0.500000
vt 0.037109 0.500000
vt 0.037109 0.500000
vt 0.037109 0.500000
vt 0.037109 0.500000
vt 0.037109 0.500000
vt 0.037109 0.500000
vt 0.037109 0.500000
vt 0.037109 0.500000
vt 0.037109 0.500000
vt 0.462891 0.500000
vt 0.462891 0.500000
vt 0.462891 0.500000
vt 0.462891 0.500000
vt 0.462891 0.500000
vt 0.462891 0.500000
vt 0.462891 0.500000
vt 0.462891 0.500000
vt 0.462891 0.500000
vt 0.462891 0.500000
vt 0.462891 0.500000
vt 0.462891 0.500000
vt 0.462891 0.500000
vt 0.462891 0.500000
vt 0.462891 0.500000
vt 0.462891 0.500000
vt 0.462891 0.500000
vt 0.462891 0.500000
vt 0.037109 0.500000
vt 0.037109 0.500000
vt 0.037109 0.500000
vt 0.037109 0.500000
vt 0.037109 0.500000
vt 0.037109 0.500000
vt 0.037109 0.500000
vt 0.037109 0.500000
vt 0.037109 0.500000
vt 0.037109 0.500000
vt 0.037109 0.500000
vt 0.037109 0.500000
vt 0.462891 0.500000
vt 0.462891 0.500000
vt 0.462891 0.500000
vt 0.462891 0.500000
vt 0.462891 0.500000
vt 0.462891 0.500000
vt 0.462891 0.500000
vt 0.462891 0.500000
vt 0.462891 0.500000
vt 0.037109 0.500000
vt 0.037109 0.500000
vt 0.037109 0.500000
vt 0.462891 0.500000
vt 0.037109 0.500000
vt 0.462891 0.500000
vt 0.462891 0.500000
vt 0.462891 0.500000
vt 0.037109 0.500000
vt 0.037109 0.500000
vt 0.037109 0.500000
vt 0.462891 0.500000
vt 0.037109 0.500000
vt 0.462891 0.500000
vt 0.462891 0.500000
vt 0.462891 0.500000
vt 0.462891 0.500000
vt 0.462891 0.500000
vt 0.462891 0.500000
vt 0.462891 0.500000
vt 0.462891 0.500000
vt 0.462891 0.500000
vt 0.462891 0.500000
vt 0.462891 0.500000
vt 0.462891 0.500000
vt 0.037109 0.500000
vt 0.037109 0.500000
vt 0.037109 0.500000
vt 0.462891 0.500000
vt 0.462891 0.500000
vt 0.462891 0.500000
vt 0.462891 0.500000
vt 0.462891 0.500000
vt 0.462891 0.500000
vt 0.037109 0.500000
vt 0.037109 0.500000
vt 0.037109 0.500000
vt 0.037109 0.500000
vt 0.037109 0.500000
vt 0.037109 0.500000
vt 0.037109 0.500000
vt 0.037109 0.500000
vt 0.037109 0.500000
vt 0.037109 0.500000
vt 0.037109 0.500000
vt 0.037109 0.500000
vt 0.462891 0.500000
vt 0.462891 0.500000
vt 0.462891 0.500000
vt 0.462891 0.500000
vt 0.462891 0.500000
vt 0.462891 0.500000
vt 0.462891 0.500000
vt 0.037109 0.500000
vt 0.462891 0.500000
vt 0.037109 0.500000
vt 0.037109 0.500000
vt 0.037109 0.500000
vt 0.462891 0.500000
vt 0.462891 0.500000
vt 0.462891 0.500000
vt 0.037109 0.500000
vt 0.462891 0.500000
vt 0.462891 0.500000
vt 0.462891 0.500000
vt 0.462891 0.500000
vt 0.462891 0.500000
vt 0.462891 0.500000
vt 0.037109 0.500000
vt 0.037109 0.500000
vt 0.037109 0.500000
vt 0.037109 0.500000
vt 0.037109 0.500000
vt 0.037109 0.500000
vt 0.037109 0.500000
vt 0.037109 0.500000
vt 0.037109 0.500000
vt 0.037109 0.500000
vt 0.037109 0.500000
vt 0.037109 0.500000
vt 0.462891 0.500000
vt 0.462891 0.500000
vt 0.462891 0.500000
vt 0.462891 0.500000
vt 0.462891 0.500000
vt 0.462891 0.500000
vt 0.462891 0.500000
vt 0.037109 0.500000
vt 0.037109 0.500000
vt 0.037109 0.500000
vt 0.037109 0.500000
vt 0.037109 0.500000
vt 0.037109 0.500000
vt 0.037109 0.500000
vt 0.037109 0.500000
vt 0.462891 0.500000
vt 0.462891 0.500000
vt 0.462891 0.500000
vt 0.462891 0.500000
vt 0.462891 0.500000
vt 0.462891 0.500000
vt 0.037109 0.500000
vt 0.037109 0.500000
vt 0.037109 0.500000
vt 0.037109 0.500000
vt 0.037109 0.500000
vt 0.037109 0.500000
vt 0.037109 0.500000
vt 0.037109 0.500000
vt 0.037109 0.500000
vt 0.037109 0.500000
vt 0.037109 0.500000
vt 0.037109 0.500000
vt 0.462891 0.500000
vt 0.462891 0.500000
vt 0.462891 0.500000
vt 0.462891 0.500000
vt 0.462891 0.500000
vt 0.462891 0.500000
vt 0.462891 0.500000
vt 0.462891 0.500000
vt 0.462891 0.500000
vt 0.462891 0.500000
vt 0.462891 0.500000
vt 0.462891 0.500000
vt 0.037109 0.500000
vt 0.037109 0.500000
vt 0.037109 0.500000
vt 0.037109 0.500000
vt 0.037109 0.500000
vt 0.037109 0.500000
vt 0.037109 0.500000
vt 0.037109 0.500000
vt 0.037109 0.500000
vt 0.037109 0.500000
vt 0.037109 0.500000
vt 0.037109 0.500000
vt 0.462891 0.500000
vt 0.462891 0.500000
vt 0.462891 0.500000
vt 0.462891 0.500000
vt 0.462891 0.500000
vt 0.462891 0.500000
vt 0.462891 0.500000
vt 0.462891 0.500000
vt 0.462891 0.500000
vt 0.462891 0.500000
vt 0.462891 0.500000
vt 0.462891 0.500000
vt 0.462891 0.500000
vt 0.462891 0.500000
vt 0.037109 0.500000
vt 0.037109 0.500000
vt 0.462891 0.500000
vt 0.462891 0.500000
vt 0.462891 0.500000
vt 0.462891 0.500000
vt 0.037109 0.500000
vt 0.037109 0.500000
vt 0.462891 0.500000
vt 0.462891 0.500000
vt 0.462891 0.500000
vt 0.462891 0.500000
vt 0.462891 0.500000
vt 0.462891 0.500000
vt 0.037109 0.500000
vt 0.037109 0.500000
vt 0.037109 0.500000
vt 0.037109 0.500000
vt 0.037109 0.500000
vt 0.037109 0.500000
vt 0.037109 0.500000
vt 0.037109 0.500000
vt 0.037109 0.500000
vt 0.037109 0.500000
vt 0.037109 0.500000
vt 0.037109 0.500000
vt 0.462891 0.500000
vt 0.462891 0.500000
vt 0.462891 0.500000
vt 0.462891 0.500000
vt 0.462891 0.500000
vt 0.462891 0.500000
vt 0.462891 0.500000
vt 0.462891 0.500000
vt 0.462891 0.500000
vt 0.462891 0.500000
vt 0.462891 0.500000
vt 0.462891 0.500000
vt 0.462891 0.500000
vt 0.462891 0.500000
vt 0.462891 0.500000
vt 0.462891 0.500000
vt 0.462891 0.500000
vt 0.462891 0.500000
vt 0.037109 0.500000
vt 0.037109 0.500000
vt 0.037109 0.500000
vt 0.037109 0.500000
vt 0.037109 0.500000
vt 0.037109 0.500000
vt 0.037109 0.500000
vt 0.037109 0.500000
vt 0.037109 0.500000
vt 0.037109 0.500000
vt 0.037109 0.500000
vt 0.037109 0.500000
vt 0.037109 0.500000
vt 0.037109 0.500000
vt 0.037109 0.500000
vt 0.037109 0.500000
vt 0.037109 0.500000
vt 0.037109 0.500000
vt 0.037109 0.500000
vt 0.037109 0.500000
vt 0.037109 0.500000
vt 0.037109 0.500000
vt 0.037109 0.500000
vt 0.037109 0.500000
vt 0.037109 0.500000
vt 0.037109 0.500000
vt 0.037109 0.500000
vt 0.037109 0.500000
vt 0.037109 0.500000
vt 0.037109 0.500000
vt 0.037109 0.500000
vt 0.037109 0.500000
vt 0.037109 0.500000
vt 0.037109 0.500000
vt 0.462891 0.500000
vt 0.462891 0.500000
vt 0.462891 0.500000
vt 0.462891 0.500000
vt 0.462891 0.500000
vt 0.462891 0.500000
vt 0.462891 0.500000
vt 0.037109 0.500000
vt 0.037109 0.500000
vt 0.037109 0.500000
vt 0.037109 0.500000
vt 0.037109 0.500000
vt 0.037109 0.500000
vt 0.037109 0.500000
vt 0.037109 0.500000
vt 0.037109 0.500000
vt 0.037109 0.500000
vt 0.037109 0.500000
vt 0.037109 0.500000
vt 0.462891 0.500000
vt 0.462891 0.500000
vt 0.462891 0.500000
vt 0.462891 0.500000
vt 0.462891 0.500000
vt 0.462891 0.500000
vt 0.462891 0.500000
vt 0.462891 0.500000
vt 0.037109 0.500000
vt 0.037109 0.500000
vt 0.037109 0.500000
vt 0.462891 0.500000
vt 0.037109 0.500000
vt 0.462891 0.500000
vt 0.462891 0.500000
vt 0.037109 0.500000
vt 0.037109 0.500000
vt 0.462891 0.500000
vt 0.462891 0.500000
vt 0.037109 0.500000
vt 0.037109 0.500000
vt 0.037109 0.500000
vt 0.462891 0.500000
vt 0.037109 0.500000
vt 0.462891 0.500000
vt 0.037109 0.500000
vt 0.037109 0.500000
vt 0.037109 0.500000
vt 0.037109 0.500000
vt 0.462891 0.500000
vt 0.318359 0.500000
vt 0.318359 0.500000
vt 0.318359 0.500000
vt 0.318359 0.500000
vt 0.318359 0.500000
vt 0.318359 0.500000
vt 0.318359 0.500000
vt 0.318359 0.500000
vt 0.318359 0.500000
vt 0.318359 0.500000
vt 0.318359 0.500000
vt 0.037109 0.500000
vt 0.318359 0.500000
vt 0.318359 0.500000
vt 0.318359 0.500000
vt 0.318359 0.500000
vt 0.314453 0.500000
vt 0.314453 0.500000
vt 0.314453 0.500000
vt 0.318359 0.500000
vt 0.318359 0.500000
vt 0.314453 0.500000
vt 0.314453 0.500000
vt 0.314453 0.500000
vt 0.314453 0.500000
vt 0.318359 0.500000
vt 0.318359 0.500000
vt 0.314453 0.500000
vt 0.318359 0.500000
vt 0.318359 0.500000
vt 0.318359 0.500000
vt 0.318359 0.500000
vt 0.318359 0.500000
vt 0.318359 0.500000
vt 0.318359 0.500000
vt 0.318359 0.500000
vt 0.318359 0.500000
vt 0.318359 0.500000
vt 0.318359 0.500000
vt 0.314453 0.500000
vt 0.314453 0.500000
vt 0.314453 0.500000
vt 0.318359 0.500000
vt 0.314453 0.500000
vt 0.314453 0.500000
vt 0.314453 0.500000
vt 0.314453 0.500000
vt 0.318359 0.500000
vt 0.318359 0.500000
vt 0.314453 0.500000
vt 0.318359 0.500000
vt 0.314453 0.500000
vt 0.314453 0.500000
vt 0.314453 0.500000
vt 0.318359 0.500000
vt 0.314453 0.500000
vt 0.037109 0.500000
vt 0.318359 0.500000
vt 0.314453 0.500000
vt 0.314453 0.500000
vt 0.314453 0.500000
vt 0.318359 0.500000
vt 0.314453 0.500000
vt 0.318359 0.500000
vt 0.318359 0.500000
vt 0.314453 0.500000
vt 0.314453 0.500000
vt 0.314453 0.500000
vt 0.318359 0.500000
vt 0.318359 0.500000
vt 0.314453 0.500000
vt 0.037109 0.500000
vt 0.318359 0.500000
vt 0.318359 0.500000
vt 0.314453 0.500000
vt 0.314453 0.500000
vt 0.314453 0.500000
vt 0.318359 0.500000
vt 0.318359 0.500000
vt 0.314453 0.500000
vt 0.318359 0.500000
vt 0.314453 0.500000
vt 0.314453 0.500000
vt 0.314453 0.500000
vt 0.318359 0.500000
vt 0.314453 0.500000
vt 0.314453 0.500000
vt 0.318359 0.500000
vt 0.314453 0.500000
vt 0.318359 0.500000
vt 0.318359 0.500000
vt 0.037109 0.500000
vt 0.318359 0.500000
vt 0.318359 0.500000
vt 0.037109 0.500000
vt 0.318359 0.500000
vt 0.318359 0.500000
vt 0.318359 0.500000
vt 0.314453 0.500000
vt 0.314453 0.500000
vt 0.314453 0.500000
vt 0.314453 0.500000
vt 0.314453 0.500000
vt 0.318359 0.500000
vt 0.318359 0.500000
vt 0.318359 0.500000
vt 0.314453 0.500000
vt 0.318359 0.500000
vt 0.318359 0.500000
vt 0.314453 0.500000
vt 0.314453 0.500000
vt 0.314453 0.500000
vt 0.318359 0.500000
vt 0.318359 0.500000
vt 0.318359 0.500000
vt 0.314453 0.500000
vt 0.314453 0.500000
vt 0.314453 0.500000
vt 0.314453 0.500000
vt 0.318359 0.500000
vt 0.318359 0.500000
vt 0.314453 0.500000
vt 0.318359 0.500000
vt 0.318359 0.500000
vt 0.318359 0.500000
vt 0.318359 0.500000
vt 0.318359 0.500000
vt 0.037109 0.500000
vt 0.318359 0.500000
vt 0.318359 0.500000
vt 0.318359 0.500000
vt 0.318359 0.500000
vt 0.318359 0.500000
vt 0.314453 0.500000
vt 0.314453 0.500000
vt 0.314453 0.500000
vt 0.318359 0.500000
vt 0.318359 0.500000
vt 0.314453 0.500000
vt 0.318359 0.500000
vt 0.314453 0.500000
vt 0.314453 0.500000
vt 0.314453 0.500000
vt 0.318359 0.500000
vt 0.318359 0.500000
vt 0.314453 0.500000
vt 0.314453 0.500000
vt 0.314453 0.500000
vt 0.314453 0.500000
vt 0.318359 0.500000
vt 0.314453 0.500000
vt 0.318359 0.500000
vt 0.318359 0.500000
vt 0.314453 0.500000
vt 0.314453 0.500000
vt 0.314453 0.500000
vt 0.037109 0.500000
vt 0.318359 0.500000
vt 0.314453 0.500000
vt 0.037109 0.500000
vt 0.314453 0.500000
vt 0.314453 0.500000
vt 0.314453 0.500000
vt 0.318359 0.500000
vt 0.318359 0.500000
vt 0.314453 0.500000
vt 0.314453 0.500000
vt 0.318359 0.500000
vt 0.318359 0.500000
vt 0.318359 0.500000
vt 0.314453 0.500000
vt 0.318359 0.500000
vt 0.318359 0.500000
vt 0.318359 0.500000
vt 0.037109 0.500000
vt 0.314453 0.500000
vt 0.314453 0.500000
vt 0.314453 0.500000
vt 0.318359 0.500000
vt 0.318359 0.500000
vt 0.314453 0.500000
vt 0.318359 0.500000
vt 0.318359 0.500000
vt 0.314453 0.500000
vt 0.314453 0.500000
vt 0.318359 0.500000
vt 0.318359 0.500000
vt 0.318359 0.500000
vt 0.314453 0.500000
vt 0.314453 0.500000
vt 0.314453 0.500000
vt 0.318359 0.500000
vt 0.314453 0.500000
vt 0.314453 0.500000
vt 0.318359 0.500000
vt 0.314453 0.500000
vt 0.318359 0.500000
vt 0.314453 0.500000
vt 0.314453 0.500000
vt 0.314453 0.500000
vt 0.318359 0.500000
vt 0.314453 0.500000
vt 0.318359 0.500000
vt 0.314453 0.500000
vt 0.314453 0.500000
vt 0.318359 0.500000
vt 0.314453 0.500000
vt 0.318359 0.500000
vt 0.318359 0.500000
vt 0.314453 0.500000
vt 0.318359 0.500000
vt 0.318359 0.500000
vt 0.318359 0.500000
vt 0.314453 0.500000
vt 0.314453 0.500000
vt 0.314453 0.500000
vt 0.314453 0.500000
vt 0.318359 0.500000
vt 0.318359 0.500000
vt 0.314453 0.500000
vt 0.318359 0.500000
vt 0.037109 0.500000
vt 0.318359 0.500000
vt 0.318359 0.500000
vt 0.314453 0.500000
vt 0.314453 0.500000
vt 0.314453 0.500000
vt 0.318359 0.500000
vt 0.314453 0.500000
vt 0.314453 0.500000
vt 0.314453 0.500000
vt 0.314453 0.500000
vt 0.037109 0.500000
vt 0.318359 0.500000
vt 0.314453 0.500000
vt 0.037109 0.500000
vt 0.462891 0.500000
vt 0.318359 0.500000
vt 0.318359 0.500000
vt 0.318359 0.500000
vt 0.318359 0.500000
vt 0.318359 0.500000
vt 0.318359 0.500000
vt 0.318359 0.500000
vt 0.318359 0.500000
vt 0.318359 0.500000
vt 0.318359 0.500000
vt 0.318359 0.500000
vt 0.318359 0.500000
vt 0.037109 0.500000
vt 0.037109 0.500000
vt 0.462891 0.500000
vt 0.462891 0.500000
vt 0.037109 0.500000
vt 0.037109 0.500000
vt 0.037109 0.500000
vt 0.462891 0.500000
vt 0.037109 0.500000
vt 0.462891 0.500000
vt 0.462891 0.500000
vt 0.462891 0.500000
vt 0.462891 0.500000
vt 0.462891 0.500000
vt 0.462891 0.500000
vt 0.037109 0.500000
vt 0.462891 0.500000
vt 0.037109 0.500000
vt 0.462891 0.500000
vt 0.462891 0.500000
vt 0.037109 0.500000
vt 0.037109 0.500000
vt 0.462891 0.500000
vt 0.462891 0.500000
vt 0.037109 0.500000
vt 0.037109 0.500000
vt 0.462891 0.500000
vt 0.037109 0.500000
vt 0.462891 0.500000
vt 0.037109 0.500000
vt 0.462891 0.500000
vt 0.037109 0.500000
vt 0.462891 0.500000
vt 0.037109 0.500000
vt 0.462891 0.500000
vt 0.462891 0.500000
vt 0.037109 0.500000
vt 0.037109 0.500000
vt 0.462891 0.500000
vt 0.462891 0.500000
vt 0.037109 0.500000
vt 0.037109 0.500000
vt 0.037109 0.500000
vt 0.462891 0.500000
vt 0.462891 0.500000
vt 0.037109 0.500000
vt 0.462891 0.500000
vt 0.462891 0.500000
vt 0.037109 0.500000
vt 0.037109 0.500000
vt 0.037109 0.500000
vt 0.037109 0.500000
vt 0.037109 0.500000
vt 0.318359 0.500000
vt 0.318359 0.500000
vt 0.318359 0.500000
vt 0.318359 0.500000
vt 0.318359 0.500000
vt 0.318359 0.500000
vt 0.318359 0.500000
vt 0.318359 0.500000
vt 0.318359 0.500000
vt 0.318359 0.500000
vt 0.318359 0.500000
vt 0.318359 0.500000
vt 0.318359 0.500000
vt 0.318359 0.500000
vt 0.318359 0.500000
vt 0.318359 0.500000
vt 0.318359 0.500000
vt 0.318359 0.500000
vt 0.318359 0.500000
vt 0.318359 0.500000
vt 0.318359 0.500000
vt 0.318359 0.500000
vt 0.318359 0.500000
vt 0.318359 0.500000
vt 0.037109 0.500000
vt 0.037109 0.500000
vt 0.037109 0.500000
vt 0.037109 0.500000
vt 0.037109 0.500000
vt 0.462891 0.500000
vt 0.462891 0.500000
vt 0.462891 0.500000
vt 0.462891 0.500000
vt 0.318359 0.500000
vt 0.318359 0.500000
vt 0.318359 0.500000
vt 0.318359 0.500000
vt 0.318359 0.500000
vt 0.318359 0.500000
vt 0.318359 0.500000
vt 0.318359 0.500000
vt 0.318359 0.500000
vt 0.318359 0.500000
vt 0.318359 0.500000
vt 0.318359 0.500000
vt 0.318359 0.500000
vt 0.318359 0.500000
vt 0.318359 0.500000
vt 0.318359 0.500000
vt 0.318359 0.500000
vt 0.318359 0.500000
vt 0.318359 0.500000
vt 0.318359 0.500000
vt 0.318359 0.500000
vt 0.318359 0.500000
vt 0.318359 0.500000
vt 0.318359 0.500000
vt 0.318359 0.500000
vt 0.314453 0.500000
vt 0.314453 0.500000
vt 0.318359 0.500000
vt 0.037109 0.500000
vt 0.037109 0.500000
vt 0.037109 0.500000
vt 0.037109 0.500000
vt 0.037109 0.500000
vt 0.037109 0.500000
vt 0.037109 0.500000
vt 0.037109 0.500000
vt 0.037109 0.500000
vt 0.037109 0.500000
vt 0.037109 0.500000
vt 0.037109 0.500000
vt 0.037109 0.500000
vt 0.037109 0.500000
vt 0.037109 0.500000
vt 0.037109 0.500000
vt 0.037109 0.500000
vt 0.037109 0.500000
vt 0.037109 0.500000
vt 0.037109 0.500000
vt 0.037109 0.500000
vt 0.037109 0.500000
vt 0.037109 0.500000
vt 0.037109 0.500000
vt 0.037109 0.500000
vt 0.037109 0.500000
vt 0.037109 0.500000
vt 0.037109 0.500000
vt 0.037109 0.500000
vt 0.037109 0.500000
vt 0.037109 0.500000
vt 0.037109 0.500000
vt 0.037109 0.500000
vt 0.037109 0.500000
vt 0.037109 0.500000
vt 0.037109 0.500000
vt 0.037109 0.500000
vt 0.037109 0.500000
vt 0.037109 0.500000
vt 0.037109 0.500000
vt 0.037109 0.500000
vt 0.037109 0.500000
vt 0.037109 0.500000
vt 0.037109 0.500000
vt 0.037109 0.500000
vt 0.037109 0.500000
vt 0.037109 0.500000
vt 0.037109 0.500000
vt 0.037109 0.500000
vt 0.037109 0.500000
vt 0.037109 0.500000
vt 0.037109 0.500000
vt 0.037109 0.500000
vt 0.037109 0.500000
vt 0.037109 0.500000
vt 0.037109 0.500000
vt 0.037109 0.500000
vt 0.037109 0.500000
vt 0.037109 0.500000
vt 0.037109 0.500000
vt 0.037109 0.500000
vt 0.037109 0.500000
vt 0.037109 0.500000
vt 0.037109 0.500000
vt 0.037109 0.500000
vt 0.037109 0.500000
vt 0.037109 0.500000
vt 0.037109 0.500000
vt 0.462891 0.500000
vt 0.462891 0.500000
vt 0.462891 0.500000
vt 0.462891 0.500000
vn -1.0000 0.0000 0.0000
vn 1.0000 0.0000 0.0000
vn 1.0000 -0.0001 0.0000
vn 0.0000 0.0000 1.0000
vn 0.0000 0.0000 -1.0000
vn -0.0000 -1.0000 -0.0000
vn 0.0000 -1.0000 -0.0002
vn 0.0000 -1.0000 0.0002
vn 0.0000 1.0000 0.0000
vn 0.0000 1.0000 0.0006
vn 0.0000 1.0000 -0.0002
vn 0.0000 1.0000 0.0001
vn 0.0000 1.0000 0.0002
vn 0.0000 1.0000 -0.0003
vn 0.0000 1.0000 -0.0001
usemtl palette_nnsm_skyscraper02.png
s 1
f 2541/5657/43 2542/5658/43 2543/5659/43
f 2541/5660/43 2544/5661/43 2542/5662/43
f 2545/5663/43 2546/5664/43 2544/5665/43
f 2545/5666/43 2544/5661/43 2541/5660/43
f 2547/5667/43 2541/5657/43 2543/5659/43
f 2547/5667/43 2545/5663/43 2541/5657/43
f 2548/5668/43 2545/5663/43 2547/5667/43
f 2549/5669/43 2547/5667/43 2543/5659/43
f 2549/5670/43 2548/5671/43 2547/5672/43
f 2550/5673/43 2545/5663/43 2548/5668/43
f 2550/5674/43 2548/5671/43 2549/5670/43
f 2551/5675/43 2549/5669/43 2543/5659/43
f 2551/5675/43 2550/5673/43 2549/5669/43
f 2552/5676/43 2546/5664/43 2545/5663/43
f 2552/5676/43 2550/5673/43 2551/5675/43
f 2552/5676/43 2545/5663/43 2550/5673/43
f 2553/5677/43 2552/5678/43 2551/5679/43
f 2554/5680/43 2552/5678/43 2553/5677/43
f 2555/5681/43 2556/5682/43 2557/5683/43
f 2558/5684/43 2556/5682/43 2555/5681/43
f 2559/5685/43 2560/5686/43 2561/5687/43
f 2562/5688/43 2560/5686/43 2559/5685/43
f 2563/5689/43 2562/5690/43 2559/5691/43
f 2564/5692/43 2562/5690/43 2563/5689/43
f 2565/5693/43 2566/5694/43 2567/5695/43
f 2568/5696/43 2566/5694/43 2565/5693/43
f 2569/5697/43 2570/5698/43 2571/5699/43
f 2572/5700/43 2573/5701/43 2574/5702/43
f 2575/5703/43 2573/5701/43 2572/5700/43
f 2576/5704/43 2577/5705/43 2578/5706/43
f 2579/5707/43 2577/5705/43 2576/5704/43
f 2580/5708/43 2569/5697/43 2571/5699/43
f 2580/5708/43 2581/5709/43 2579/5707/43
f 2580/5708/43 2579/5707/43 2576/5704/43
f 2580/5708/43 2576/5704/43 2575/5703/43
f 2580/5708/43 2575/5703/43 2572/5700/43
f 2580/5708/43 2572/5700/43 2569/5697/43
f 2582/5710/43 2581/5709/43 2580/5708/43
f 2583/5711/43 2581/5709/43 2582/5710/43
f 2584/5712/43 2581/5709/43 2583/5711/43
f 2585/5713/43 2581/5709/43 2584/5712/43
f 2586/5714/43 2581/5709/43 2585/5713/43
f 2587/5715/43 2580/5708/43 2571/5699/43
f 2588/5716/43 2583/5711/43 2582/5710/43
f 2589/5717/43 2583/5711/43 2588/5716/43
f 2590/5718/43 2585/5713/43 2584/5712/43
f 2591/5719/43 2585/5713/43 2590/5718/43
f 2592/5720/43 2593/5721/43 2594/5722/43
f 2595/5723/43 2596/5724/43 2591/5719/43
f 2595/5723/43 2589/5717/43 2588/5716/43
f 2595/5723/43 2587/5715/43 2571/5699/43
f 2595/5723/43 2591/5719/43 2590/5718/43
f 2595/5723/43 2590/5718/43 2589/5717/43
f 2595/5723/43 2588/5716/43 2587/5715/43
f 2597/5725/43 2596/5724/43 2595/5723/43
f 2598/5726/43 2596/5724/43 2597/5725/43
f 2599/5727/43 2596/5724/43 2598/5726/43
f 2600/5728/43 2596/5724/43 2599/5727/43
f 2601/5729/43 2596/5724/43 2600/5728/43
f 2602/5730/43 2603/5731/43 2604/5732/43
f 2605/5733/43 2603/5731/43 2602/5730/43
f 2606/5734/43 2603/5731/43 2605/5733/43
f 2607/5735/43 2593/5721/43 2592/5720/43
f 2608/5736/43 2595/5723/43 2571/5699/43
f 2609/5737/43 2595/5723/43 2608/5736/43
f 2610/5738/43 2595/5723/43 2609/5737/43
f 2611/5739/43 2598/5726/43 2597/5725/43
f 2612/5740/43 2598/5726/43 2611/5739/43
f 2613/5741/43 2600/5728/43 2599/5727/43
f 2614/5742/43 2600/5728/43 2613/5741/43
f 2615/5743/43 2605/5733/43 2602/5730/43
f 2615/5743/43 2602/5730/43 2601/5729/43
f 2616/5744/43 2605/5733/43 2615/5743/43
f 2617/5745/43 2607/5735/43 2606/5734/43
f 2618/5746/43 2593/5721/43 2607/5735/43
f 2618/5746/43 2607/5735/43 2617/5745/43
f 2619/5747/43 2593/5721/43 2618/5746/43
f 2620/5748/43 2616/5749/43 2615/5750/43
f 2620/5748/43 2618/5751/43 2617/5752/43
f 2620/5748/43 2617/5752/43 2616/5749/43
f 2620/5748/43 2615/5750/43 2614/5753/43
f 2620/5748/43 2614/5753/43 2613/5754/43
f 2620/5748/43 2610/5755/43 2609/5756/43
f 2620/5748/43 2611/5757/43 2610/5755/43
f 2620/5748/43 2613/5754/43 2612/5758/43
f 2620/5748/43 2612/5758/43 2611/5757/43
f 2621/5759/43 2618/5751/43 2620/5748/43
f 2622/5760/43 2620/5761/43 2623/5762/43
f 2622/5760/43 2624/5763/43 2621/5764/43
f 2622/5760/43 2621/5764/43 2620/5761/43
f 2625/5765/43 2624/5763/43 2622/5760/43
f 2626/5766/43 2624/5763/43 2625/5765/43
f 2627/5767/43 2624/5763/43 2626/5766/43
f 2628/5768/43 2622/5760/43 2623/5762/43
f 2629/5769/43 2622/5760/43 2628/5768/43
f 2630/5770/43 2622/5760/43 2629/5769/43
f 2631/5771/43 2625/5772/43 2622/5773/43
f 2631/5774/43 2622/5760/43 2630/5770/43
f 2632/5775/43 2630/5770/43 2629/5769/43
f 2633/5776/43 2631/5771/43 2630/5777/43
f 2633/5778/43 2630/5770/43 2632/5775/43
f 2634/5779/43 2625/5772/43 2631/5771/43
f 2634/5779/43 2631/5771/43 2633/5776/43
f 2635/5780/43 2626/5766/43 2625/5765/43
f 2635/5781/43 2625/5772/43 2634/5779/43
f 2636/5782/43 2627/5783/43 2626/5784/43
f 2636/5785/43 2626/5766/43 2635/5780/43
f 2637/5786/43 2624/5763/43 2627/5767/43
f 2637/5787/43 2627/5783/43 2636/5782/43
f 2638/5788/43 2628/5768/43 2623/5762/43
f 2638/5789/43 2629/5790/43 2628/5791/43
f 2639/5792/43 2632/5775/43 2629/5769/43
f 2639/5793/43 2629/5790/43 2638/5789/43
f 2640/5794/43 2632/5775/43 2639/5792/43
f 2641/5795/43 2633/5776/43 2632/5796/43
f 2641/5797/43 2632/5775/43 2640/5794/43
f 2641/5795/43 2634/5779/43 2633/5776/43
f 2642/5798/43 2634/5779/43 2641/5795/43
f 2643/5799/43 2636/5785/43 2635/5780/43
f 2643/5800/43 2634/5779/43 2642/5798/43
f 2643/5799/43 2635/5780/43 2634/5801/43
f 2643/5799/43 2637/5786/43 2636/5785/43
f 2644/5802/43 2642/5798/43 2641/5795/43
f 2644/5802/43 2641/5795/43 2640/5803/43
f 2645/5804/43 2643/5799/43 2642/5805/43
f 2645/5806/43 2642/5798/43 2644/5802/43
f 2646/5807/43 2640/5794/43 2639/5792/43
f 2646/5807/43 2639/5792/43 2638/5788/43
f 2646/5808/43 2644/5802/43 2640/5803/43
f 2647/5809/43 2645/5804/43 2644/5810/43
f 2647/5811/43 2644/5802/43 2646/5808/43
f 2648/5812/43 2646/5807/43 2638/5788/43
f 2648/5812/43 2638/5788/43 2623/5762/43
f 2648/5812/43 2647/5809/43 2646/5807/43
f 2649/5813/43 2647/5809/43 2648/5812/43
f 2650/5814/43 2637/5786/43 2643/5799/43
f 2650/5814/43 2647/5809/43 2649/5813/43
f 2650/5814/43 2643/5799/43 2645/5804/43
f 2650/5814/43 2645/5804/43 2647/5809/43
f 2650/5814/43 2624/5763/43 2637/5786/43
f 2651/5815/43 2624/5763/43 2650/5814/43
f 2652/5816/43 2650/5817/43 2649/5818/43
f 2653/5819/43 2650/5817/43 2652/5816/43
f 2654/5820/43 2652/5821/43 2655/5822/43
f 2654/5820/43 2656/5823/43 2653/5824/43
f 2654/5820/43 2653/5824/43 2652/5821/43
f 2657/5825/43 2656/5823/43 2654/5820/43
f 2658/5826/43 2654/5820/43 2655/5822/43
f 2659/5827/43 2654/5820/43 2658/5826/43
f 2660/5828/43 2658/5826/43 2655/5822/43
f 2660/5829/43 2659/5830/43 2658/5831/43
f 2661/5832/43 2654/5820/43 2659/5827/43
f 2661/5833/43 2659/5830/43 2660/5829/43
f 2662/5834/43 2657/5835/43 2654/5836/43
f 2662/5837/43 2654/5820/43 2661/5832/43
f 2663/5838/43 2656/5823/43 2657/5825/43
f 2663/5839/43 2657/5835/43 2662/5834/43
f 2664/5840/43 2662/5837/43 2661/5832/43
f 2664/5840/43 2661/5832/43 2660/5828/43
f 2664/5840/43 2663/5838/43 2662/5837/43
f 2664/5840/43 2660/5828/43 2655/5822/43
f 2665/5841/43 2663/5838/43 2664/5840/43
f 2666/5842/43 2656/5823/43 2663/5838/43
f 2666/5842/43 2663/5838/43 2665/5841/43
f 2667/5843/43 2656/5823/43 2666/5842/43
f 2668/5844/43 2666/5845/43 2665/5846/43
f 2669/5847/43 2666/5845/43 2668/5844/43
f 2670/5848/43 2668/5849/43 2671/5850/43
f 2670/5848/43 2672/5851/43 2669/5852/43
f 2670/5848/43 2669/5852/43 2668/5849/43
f 2673/5853/43 2672/5851/43 2670/5848/43
f 2674/5854/43 2672/5851/43 2673/5853/43
f 2675/5855/43 2672/5851/43 2674/5854/43
f 2676/5856/43 2670/5848/43 2671/5850/43
f 2676/5857/43 2673/5858/43 2670/5859/43
f 2677/5860/43 2674/5854/43 2673/5853/43
f 2677/5861/43 2673/5858/43 2676/5857/43
f 2678/5862/43 2675/5863/43 2674/5864/43
f 2678/5865/43 2674/5854/43 2677/5860/43
f 2678/5865/43 2677/5860/43 2676/5856/43
f 2679/5866/43 2672/5851/43 2675/5855/43
f 2679/5867/43 2675/5863/43 2678/5862/43
f 2680/5868/43 2678/5865/43 2676/5856/43
f 2680/5868/43 2676/5856/43 2671/5850/43
f 2680/5868/43 2679/5866/43 2678/5865/43
f 2681/5869/43 2679/5866/43 2680/5868/43
f 2682/5870/43 2672/5851/43 2679/5866/43
f 2682/5870/43 2679/5866/43 2681/5869/43
f 2683/5871/43 2672/5851/43 2682/5870/43
f 2684/5872/43 2682/5873/43 2681/5874/43
f 2685/5875/43 2682/5873/43 2684/5872/43
f 2686/5876/43 2684/5877/43 2687/5878/43
f 2686/5876/43 2688/5879/43 2685/5880/43
f 2686/5876/43 2685/5880/43 2684/5877/43
f 2689/5881/43 2688/5879/43 2686/5876/43
f 2690/5882/43 2686/5876/43 2687/5878/43
f 2691/5883/43 2686/5876/43 2690/5882/43
f 2692/5884/43 2689/5885/43 2686/5886/43
f 2692/5887/43 2686/5876/43 2691/5883/43
f 2693/5888/43 2688/5879/43 2689/5881/43
f 2693/5889/43 2689/5885/43 2692/5884/43
f 2694/5890/43 2691/5891/43 2690/5892/43
f 2694/5893/43 2690/5882/43 2687/5878/43
f 2695/5894/43 2692/5887/43 2691/5883/43
f 2695/5895/43 2691/5891/43 2694/5890/43
f 2695/5894/43 2693/5888/43 2692/5887/43
f 2696/5896/43 2695/5894/43 2694/5893/43
f 2696/5896/43 2693/5888/43 2695/5894/43
f 2697/5897/43 2688/5879/43 2693/5888/43
f 2697/5897/43 2693/5888/43 2696/5896/43
f 2698/5898/43 2696/5896/43 2694/5893/43
f 2698/5899/43 2697/5900/43 2696/5901/43
f 2699/5902/43 2688/5879/43 2697/5897/43
f 2699/5903/43 2697/5900/43 2698/5899/43
f 2700/5904/43 2694/5893/43 2687/5878/43
f 2700/5904/43 2698/5898/43 2694/5893/43
f 2700/5904/43 2699/5902/43 2698/5898/43
f 2701/5905/43 2699/5902/43 2700/5904/43
f 2702/5906/43 2688/5879/43 2699/5902/43
f 2702/5906/43 2699/5902/43 2701/5905/43
f 2703/5907/43 2688/5879/43 2702/5906/43
f 2704/5908/43 2702/5909/43 2701/5910/43
f 2705/5911/43 2702/5909/43 2704/5908/43
f 2706/5912/43 2704/5913/43 2707/5914/43
f 2706/5912/43 2708/5915/43 2705/5916/43
f 2706/5912/43 2705/5916/43 2704/5913/43
f 2709/5917/43 2708/5915/43 2706/5912/43
f 2710/5918/43 2706/5912/43 2707/5914/43
f 2710/5919/43 2709/5920/43 2706/5921/43
f 2711/5922/43 2708/5915/43 2709/5917/43
f 2711/5923/43 2709/5920/43 2710/5919/43
f 2712/5924/43 2710/5918/43 2707/5914/43
f 2712/5924/43 2711/5922/43 2710/5918/43
f 2713/5925/43 2711/5922/43 2712/5924/43
f 2714/5926/43 2708/5915/43 2711/5922/43
f 2714/5926/43 2711/5922/43 2713/5925/43
f 2715/5927/43 2708/5915/43 2714/5926/43
f 2716/5928/43 2714/5929/43 2713/5930/43
f 2717/5931/43 2714/5929/43 2716/5928/43
f 2718/5932/43 2716/5933/43 2719/5934/43
f 2718/5932/43 2720/5935/43 2717/5936/43
f 2718/5932/43 2717/5936/43 2716/5933/43
f 2721/5937/43 2720/5935/43 2718/5932/43
f 2722/5938/43 2723/5939/43 2724/5940/43
f 2725/5941/43 2723/5939/43 2722/5938/43
f 2726/5942/43 2725/5943/43 2722/5944/43
f 2727/5945/43 2725/5943/43 2726/5942/43
f 2728/5946/43 2727/5947/43 2726/5948/43
f 2729/5949/43 2727/5947/43 2728/5946/43
f 2730/5950/43 2731/5951/43 2732/5952/43
f 2733/5953/43 2731/5951/43 2730/5950/43
f 2734/5954/43 2735/5955/43 2736/5956/43
f 2737/5957/43 2735/5955/43 2734/5954/43
f 2738/5958/43 2739/5959/43 2740/5960/43
f 2741/5961/43 2739/5959/43 2738/5958/43
f 2742/5962/43 2743/5963/43 2744/5964/43
f 2745/5965/43 2743/5963/43 2742/5962/43
f 2746/5966/43 2747/5967/43 2748/5968/43
f 2749/5969/43 2747/5967/43 2746/5966/43
f 2750/5970/43 2751/5971/43 2752/5972/43
f 2753/5973/43 2751/5971/43 2750/5970/43
f 2754/5974/43 2755/5975/43 2756/5976/43
f 2757/5977/43 2755/5975/43 2754/5974/43
f 2758/5978/43 2759/5979/43 2760/5980/43
f 2761/5981/43 2759/5979/43 2758/5978/43
f 2762/5982/43 2763/5983/43 2764/5984/43
f 2765/5985/43 2763/5983/43 2762/5982/43
f 2766/5986/43 2767/5987/43 2768/5988/43
f 2769/5989/43 2767/5987/43 2766/5986/43
f 2770/5990/43 2771/5991/43 2772/5992/43
f 2773/5993/43 2771/5991/43 2770/5990/43
f 2774/5994/43 2775/5995/43 2776/5996/43
f 2777/5997/43 2775/5995/43 2774/5994/43
f 2778/5998/43 2779/5999/43 2780/6000/43
f 2781/6001/43 2779/5999/43 2778/5998/43
f 2782/6002/43 2783/6003/43 2784/6004/43
f 2785/6005/43 2783/6003/43 2782/6002/43
f 2786/6006/43 2781/6007/43 2778/6008/43
f 2787/6009/43 2781/6007/43 2786/6006/43
f 2788/6010/43 2785/6011/43 2782/6012/43
f 2789/6013/43 2785/6011/43 2788/6010/43
f 2790/6014/43 2787/6015/43 2786/6016/43
f 2791/6017/43 2787/6015/43 2790/6014/43
f 2792/6018/43 2789/6019/43 2788/6020/43
f 2793/6021/43 2789/6019/43 2792/6018/43
f 2794/6022/43 2795/6023/43 2796/6024/43
f 2797/6025/43 2795/6023/43 2794/6022/43
f 2798/6026/43 2799/6027/43 2800/6028/43
f 2801/6029/43 2799/6027/43 2798/6026/43
f 2802/6030/43 2803/6031/43 2804/6032/43
f 2805/6033/43 2803/6031/43 2802/6030/43
f 2806/6034/43 2807/6035/43 2808/6036/43
f 2809/6037/43 2807/6035/43 2806/6034/43
f 2810/6038/43 2811/6039/43 2812/6040/43
f 2813/6041/43 2811/6039/43 2810/6038/43
f 2814/6042/43 2815/6043/43 2816/6044/43
f 2817/6045/43 2815/6043/43 2814/6042/43
f 2818/6046/43 2819/6047/43 2820/6048/43
f 2821/6049/43 2819/6047/43 2818/6046/43
f 2822/6050/43 2823/6051/43 2824/6052/43
f 2825/6053/43 2823/6051/43 2822/6050/43
f 2826/6054/43 2827/6055/43 2828/6056/43
f 2829/6057/43 2827/6055/43 2826/6054/43
f 2830/6058/43 2831/6059/43 2832/6060/43
f 2833/6061/43 2831/6059/43 2830/6058/43
f 2834/6062/43 2835/6063/43 2836/6064/43
f 2837/6065/43 2835/6063/43 2834/6062/43
f 2838/6066/43 2839/6067/43 2840/6068/43
f 2841/6069/43 2839/6067/43 2838/6066/43
f 2842/6070/43 2843/6071/43 2844/6072/43
f 2845/6073/43 2843/6071/43 2842/6070/43
f 2846/6074/43 2847/6075/43 2848/6076/43
f 2849/6077/43 2847/6075/43 2846/6074/43
f 2850/6078/43 2851/6079/43 2852/6080/43
f 2853/6081/43 2854/6082/43 2855/6083/43
f 2856/6084/43 2854/6082/43 2853/6081/43
f 2857/6085/43 2858/6086/43 2859/6087/43
f 2860/6088/43 2858/6086/43 2857/6085/43
f 2861/6089/43 2862/6090/43 2863/6091/43
f 2864/6092/43 2862/6090/43 2861/6089/43
f 2865/6093/43 2866/6094/43 2867/6095/43
f 2868/6096/43 2866/6094/43 2865/6093/43
f 2869/6097/43 2870/6098/43 2871/6099/43
f 2872/6100/43 2870/6098/43 2869/6097/43
f 2873/6101/43 2874/6102/43 2875/6103/43
f 2876/6104/43 2874/6102/43 2873/6101/43
f 2877/6105/43 2878/6106/43 2879/6107/43
f 2880/6108/43 2876/6104/43 2873/6101/43
f 2880/6108/43 2877/6105/43 2876/6104/43
f 2880/6108/43 2850/6078/43 2852/6080/43
f 2880/6108/43 2856/6084/43 2853/6081/43
f 2880/6108/43 2873/6101/43 2872/6100/43
f 2880/6108/43 2860/6088/43 2857/6085/43
f 2880/6108/43 2869/6097/43 2868/6096/43
f 2880/6108/43 2864/6092/43 2861/6089/43
f 2880/6108/43 2865/6093/43 2864/6092/43
f 2880/6108/43 2868/6096/43 2865/6093/43
f 2880/6108/43 2861/6089/43 2860/6088/43
f 2880/6108/43 2872/6100/43 2869/6097/43
f 2880/6108/43 2857/6085/43 2856/6084/43
f 2880/6108/43 2853/6081/43 2850/6078/43
f 2881/6109/43 2878/6106/43 2877/6105/43
f 2881/6109/43 2877/6105/43 2880/6108/43
f 2882/6110/43 2883/6111/43 2884/6112/43
f 2885/6113/43 2883/6111/43 2882/6110/43
f 2886/6114/43 2887/6115/43 2888/6116/43
f 2889/6117/43 2887/6115/43 2886/6114/43
f 2890/6118/43 2891/6119/43 2892/6120/43
f 2893/6121/43 2891/6119/43 2890/6118/43
f 2894/6122/43 2895/6123/43 2896/6124/43
f 2897/6125/43 2895/6123/43 2894/6122/43
f 2898/6126/43 2899/6127/43 2900/6128/43
f 2901/6129/43 2899/6127/43 2898/6126/43
f 2902/6130/43 2903/6131/43 2904/6132/43
f 2905/6133/43 2903/6131/43 2902/6130/43
f 2906/6134/43 2907/6135/43 2908/6136/43
f 2909/6137/43 2907/6135/43 2906/6134/43
f 2910/6138/43 2911/6139/43 2912/6140/43
f 2913/6141/43 2911/6139/43 2910/6138/43
f 2914/6142/43 2915/6143/43 2916/6144/43
f 2917/6145/43 2915/6143/43 2914/6142/43
f 2918/6146/43 2919/6147/43 2920/6148/43
f 2921/6149/43 2919/6147/43 2918/6146/43
f 2922/6150/43 2923/6151/43 2924/6152/43
f 2925/6153/43 2926/6154/43 2927/6155/43
f 2928/6156/43 2922/6150/43 2924/6152/43
f 2929/6157/43 2926/6154/43 2925/6153/43
f 2930/6158/43 2924/6159/43 2931/6160/43
f 2932/6161/43 2928/6156/43 2924/6152/43
f 2932/6162/43 2924/6159/43 2930/6158/43
f 2933/6163/43 2928/6156/43 2932/6161/43
f 2934/6164/43 2926/6154/43 2929/6157/43
f 2935/6165/43 2936/6166/43 2926/6167/43
f 2935/6168/43 2926/6154/43 2934/6164/43
f 2937/6169/43 2936/6166/43 2935/6165/43
f 2938/6170/43 2939/6171/43 2940/6172/43
f 2941/6173/43 2942/6174/43 2939/6175/43
f 2941/6176/43 2939/6171/43 2938/6170/43
f 2943/6177/43 2942/6174/43 2941/6173/43
f 2944/6178/43 2945/6179/43 2946/6180/43
f 2947/6181/43 2948/6182/43 2945/6183/43
f 2947/6184/43 2945/6179/43 2944/6178/43
f 2949/6185/43 2948/6182/43 2947/6181/43
f 2950/6186/43 2951/6187/43 2952/6188/43
f 2953/6189/43 2951/6187/43 2950/6186/43
f 2954/6190/43 2955/6191/43 2956/6192/43
f 2957/6193/43 2955/6191/43 2954/6190/43
f 2958/6194/43 2959/6195/43 2960/6196/43
f 2961/6197/43 2959/6195/43 2958/6194/43
f 2962/6198/43 2963/6199/43 2964/6200/43
f 2965/6201/43 2963/6199/43 2962/6198/43
f 2966/6202/43 2967/6203/43 2968/6204/43
f 2969/6205/43 2967/6203/43 2966/6202/43
f 2970/6206/43 2971/6207/43 2972/6208/43
f 2973/6209/43 2971/6207/43 2970/6206/43
f 2974/6210/43 2975/6211/43 2976/6212/43
f 2977/6213/43 2975/6211/43 2974/6210/43
f 2978/6214/43 2979/6215/43 2980/6216/43
f 2981/6217/43 2979/6215/43 2978/6214/43
f 2982/6218/43 2983/6219/43 2984/6220/43
f 2985/6221/43 2983/6219/43 2982/6218/43
f 2986/6222/43 2987/6223/43 2988/6224/43
f 2989/6225/43 2987/6223/43 2986/6222/43
f 2990/6226/43 2991/6227/43 2992/6228/43
f 2993/6229/43 2991/6227/43 2990/6226/43
f 2994/6230/43 2995/6231/43 2996/6232/43
f 2997/6233/43 2995/6231/43 2994/6230/43
f 2998/6234/43 2999/6235/43 3000/6236/43
f 3001/6237/43 3002/6238/43 3003/6239/43
f 3004/6240/43 2998/6234/43 3000/6236/43
f 3005/6241/43 3002/6238/43 3001/6237/43
f 3006/6242/43 3000/6243/43 3007/6244/43
f 3008/6245/43 3004/6240/43 3000/6236/43
f 3008/6246/43 3000/6243/43 3006/6242/43
f 3009/6247/43 3004/6240/43 3008/6245/43
f 3010/6248/43 3002/6238/43 3005/6241/43
f 3011/6249/43 3012/6250/43 3002/6251/43
f 3011/6252/43 3002/6238/43 3010/6248/43
f 3013/6253/43 3012/6250/43 3011/6249/43
f 3014/6254/43 3015/6255/43 3016/6256/43
f 3017/6257/43 3018/6258/43 3015/6259/43
f 3017/6260/43 3015/6255/43 3014/6254/43
f 3019/6261/43 3018/6258/43 3017/6257/43
f 3020/6262/43 3021/6263/43 3022/6264/43
f 3023/6265/43 3024/6266/43 3021/6267/43
f 3023/6268/43 3021/6263/43 3020/6262/43
f 3025/6269/43 3024/6266/43 3023/6265/43
f 3026/6270/43 3027/6271/43 3028/6272/43
f 3029/6273/43 3027/6271/43 3026/6270/43
f 3030/6274/43 3031/6275/43 3032/6276/43
f 3033/6277/43 3031/6275/43 3030/6274/43
f 3034/6278/43 3031/6275/43 3033/6277/43
f 3035/6279/43 3036/6280/43 3037/6281/43
f 3038/6282/43 3036/6280/43 3035/6279/43
f 3039/6283/43 3040/6284/43 3041/6285/43
f 3042/6286/43 3040/6284/43 3039/6283/43
f 3043/6287/43 3044/6288/43 3045/6289/43
f 3046/6290/43 3044/6288/43 3043/6287/43
f 3047/6291/43 3048/6292/43 3049/6293/43
f 3050/6294/43 3048/6292/43 3047/6291/43
f 3051/6295/43 3052/6296/43 3053/6297/43
f 3054/6298/43 3052/6296/43 3051/6295/43
f 3055/6299/43 3056/6300/43 3057/6301/43
f 3058/6302/43 3056/6300/43 3055/6299/43
f 3059/6303/43 3055/6299/43 3057/6301/43
f 3059/6304/43 3058/6305/43 3055/6306/43
f 3060/6307/43 3056/6300/43 3058/6302/43
f 3060/6308/43 3058/6305/43 3059/6304/43
f 3061/6309/43 3059/6303/43 3057/6301/43
f 3061/6309/43 3060/6307/43 3059/6303/43
f 3062/6310/43 3060/6307/43 3061/6309/43
f 3063/6311/43 3056/6300/43 3060/6307/43
f 3063/6311/43 3060/6307/43 3062/6310/43
f 3064/6312/43 3063/6313/43 3062/6314/43
f 3065/6315/43 3063/6313/43 3064/6312/43
f 3066/6316/43 3067/6317/43 3068/6318/43
f 3069/6319/43 3067/6317/43 3066/6316/43
f 3070/6320/43 3071/6321/43 3072/6322/43
f 3073/6323/43 3071/6321/43 3070/6320/43
f 3074/6324/43 3075/6325/43 3076/6326/43
f 3077/6327/43 3075/6325/43 3074/6324/43
f 3078/6328/43 3079/6329/43 3080/6330/43
f 3081/6331/43 3079/6329/43 3078/6328/43
f 3082/6332/43 3083/6333/43 3084/6334/43
f 3085/6335/43 3083/6333/43 3082/6332/43
f 3086/6336/43 3087/6337/43 3088/6338/43
f 3089/6339/43 3087/6337/43 3086/6336/43
f 3090/6340/43 3091/6341/43 3092/6342/43
f 3093/6343/43 3091/6341/43 3090/6340/43
f 3094/6344/43 3095/6345/43 3096/6346/43
f 3097/6347/43 3098/6348/43 3099/6349/43
f 3100/6350/43 3094/6344/43 3096/6346/43
f 3101/6351/43 3098/6348/43 3097/6347/43
f 3102/6352/43 3096/6353/43 3103/6354/43
f 3104/6355/43 3100/6350/43 3096/6346/43
f 3104/6356/43 3096/6353/43 3102/6352/43
f 3105/6357/43 3100/6350/43 3104/6355/43
f 3106/6358/43 3098/6348/43 3101/6351/43
f 3107/6359/43 3108/6360/43 3098/6361/43
f 3107/6362/43 3098/6348/43 3106/6358/43
f 3109/6363/43 3108/6360/43 3107/6359/43
f 3110/6364/43 3111/6365/43 3112/6366/43
f 3113/6367/43 3114/6368/43 3115/6369/43
f 3116/6370/43 3117/6371/43 3114/6372/43
f 3116/6373/43 3114/6368/43 3113/6367/43
f 3118/6374/43 3117/6371/43 3116/6370/43
f 3119/6375/43 3112/6376/43 3120/6377/43
f 3121/6378/43 3110/6364/43 3112/6366/43
f 3121/6379/43 3112/6376/43 3119/6375/43
f 3122/6380/43 3110/6364/43 3121/6378/43
f 3123/6381/43 3124/6382/43 3125/6383/43
f 3126/6384/43 3124/6382/43 3123/6381/43
f 3127/6385/43 3128/6386/43 3129/6387/43
f 3130/6388/43 3128/6386/43 3127/6385/43
f 3131/6389/43 3132/6390/43 3133/6391/43
f 3134/6392/43 3132/6390/43 3131/6389/43
f 3135/6393/43 3136/6394/43 3137/6395/43
f 3138/6396/43 3136/6394/43 3135/6393/43
f 3139/6397/43 3140/6398/43 3141/6399/43
f 3142/6400/43 3140/6398/43 3139/6397/43
f 3143/6401/43 3144/6402/43 3145/6403/43
f 3146/6404/43 3144/6402/43 3143/6401/43
f 3147/6405/43 3148/6406/43 3149/6407/43
f 3150/6408/43 3148/6406/43 3147/6405/43
f 3151/6409/43 3152/6410/43 3153/6411/43
f 3154/6412/43 3152/6410/43 3151/6409/43
f 3155/6413/43 3156/6414/43 3157/6415/43
f 3158/6416/43 3159/6417/43 3160/6418/43
f 3161/6419/43 3155/6413/43 3157/6415/43
f 3162/6420/43 3159/6417/43 3158/6416/43
f 3163/6421/43 3157/6422/43 3164/6423/43
f 3165/6424/43 3161/6419/43 3157/6415/43
f 3165/6425/43 3157/6422/43 3163/6421/43
f 3166/6426/43 3161/6419/43 3165/6424/43
f 3167/6427/43 3159/6417/43 3162/6420/43
f 3168/6428/43 3169/6429/43 3159/6430/43
f 3168/6431/43 3159/6417/43 3167/6427/43
f 3170/6432/43 3169/6429/43 3168/6428/43
f 3171/6433/43 3172/6434/43 3173/6435/43
f 3174/6436/43 3175/6437/43 3176/6438/43
f 3177/6439/43 3178/6440/43 3175/6441/43
f 3177/6442/43 3175/6437/43 3174/6436/43
f 3179/6443/43 3178/6440/43 3177/6439/43
f 3180/6444/43 3173/6445/43 3181/6446/43
f 3182/6447/43 3171/6433/43 3173/6435/43
f 3182/6448/43 3173/6445/43 3180/6444/43
f 3183/6449/43 3171/6433/43 3182/6447/43
f 3184/6450/43 3185/6451/43 3186/6452/43
f 3187/6453/43 3185/6451/43 3184/6450/43
f 3188/6454/43 3189/6455/43 3190/6456/43
f 3191/6457/43 3189/6455/43 3188/6454/43
f 3192/6458/43 3193/6459/43 3194/6460/43
f 3195/6461/43 3193/6459/43 3192/6458/43
f 3196/6462/43 3197/6463/43 3198/6464/43
f 3199/6465/43 3197/6463/43 3196/6462/43
f 3200/6466/43 3201/6467/43 3202/6468/43
f 3203/6469/43 3201/6467/43 3200/6466/43
f 3204/6470/43 3205/6471/43 3206/6472/43
f 3207/6473/43 3205/6471/43 3204/6470/43
f 3208/6474/43 3209/6475/43 3210/6476/43
f 3211/6477/43 3209/6475/43 3208/6474/43
f 3212/6478/43 3213/6479/43 3214/6480/43
f 3215/6481/43 3213/6479/43 3212/6478/43
f 3216/6482/43 3215/6483/43 3212/6484/43
f 3217/6485/43 3215/6483/43 3216/6482/43
f 3218/6486/43 3217/6487/43 3216/6488/43
f 3219/6489/43 3217/6487/43 3218/6486/43
f 3220/6490/43 3219/6491/43 3218/6492/43
f 3221/6493/43 3219/6491/43 3220/6490/43
f 3222/6494/43 3223/6495/43 3224/6496/43
f 3225/6497/43 3223/6495/43 3222/6494/43
f 3226/6498/43 3225/6499/43 3222/6500/43
f 3227/6501/43 3225/6499/43 3226/6498/43
f 3228/6502/44 3229/6503/44 3230/6504/44
f 3230/6504/44 3229/6503/44 3231/6505/44
f 3232/6506/44 2563/5689/44 3233/6507/44
f 3233/6507/44 2563/5689/44 3234/6508/44
f 3235/6509/44 3236/6510/44 3237/6511/44
f 3237/6511/44 3236/6510/44 3238/6512/44
f 3239/6513/44 3240/6514/44 3241/6515/44
f 3239/6513/44 3241/6515/44 3242/6516/44
f 3242/6516/44 3241/6515/44 3243/6517/44
f 3242/6518/44 3243/6519/44 3244/6520/44
f 3244/6520/44 3243/6519/44 3245/6521/44
f 3246/6522/44 3247/6523/44 3248/6524/44
f 3248/6524/44 3247/6523/44 3249/6525/44
f 3250/6526/44 3251/6527/44 3252/6528/44
f 3252/6528/44 3251/6527/44 3253/6529/44
f 3252/6530/44 3253/6531/44 3254/6532/44
f 3254/6532/44 3253/6531/44 2603/6533/44
f 3255/6534/44 3256/6535/44 3257/6536/44
f 3258/6537/44 3259/6538/44 3260/6539/44
f 3255/6534/44 3257/6536/44 3261/6540/44
f 3260/6539/44 3259/6538/44 3262/6541/44
f 3263/6542/44 3255/6543/44 3264/6544/44
f 3255/6534/44 3261/6540/44 3265/6545/44
f 3264/6544/44 3255/6543/44 3265/6546/44
f 3265/6545/44 3261/6540/44 3266/6547/44
f 3262/6541/44 3259/6538/44 3267/6548/44
f 3259/6549/44 3268/6550/44 3269/6551/44
f 3267/6548/44 3259/6538/44 3269/6552/44
f 3269/6551/44 3268/6550/44 3270/6553/44
f 3271/6554/44 3272/6555/44 3273/6556/44
f 3272/6557/44 3274/6558/44 3275/6559/44
f 3273/6556/44 3272/6555/44 3275/6560/44
f 3275/6559/44 3274/6558/44 3276/6561/44
f 3277/6562/44 3278/6563/44 3279/6564/44
f 3278/6565/44 3280/6566/44 3281/6567/44
f 3279/6564/44 3278/6563/44 3281/6568/44
f 3281/6567/44 3280/6566/44 3282/6569/44
f 3283/6570/44 3284/6571/44 3285/6572/44
f 3285/6572/44 3284/6571/44 3286/6573/44
f 3287/6574/44 2884/6575/44 3288/6576/44
f 3288/6576/44 2884/6575/44 2882/6577/44
f 2907/6578/44 3289/6579/44 2909/6580/44
f 2909/6580/44 3289/6579/44 3290/6581/44
f 3291/6582/44 3292/6583/44 3293/6584/44
f 3293/6584/44 3292/6583/44 3294/6585/44
f 3295/6586/44 3296/6587/44 3297/6588/44
f 3297/6588/44 3296/6587/44 3298/6589/44
f 3299/6590/44 3300/6591/44 3301/6592/44
f 3301/6592/44 3300/6591/44 3302/6593/44
f 3303/6594/44 3304/6595/44 3305/6596/44
f 3305/6596/44 3304/6595/44 3306/6597/44
f 3307/6598/44 3308/6599/44 3309/6600/44
f 3310/6601/44 3311/6602/44 3312/6603/44
f 3307/6598/44 3309/6600/44 3313/6604/44
f 3312/6603/44 3311/6602/44 3314/6605/44
f 3315/6606/44 3307/6607/44 3316/6608/44
f 3307/6598/44 3313/6604/44 3317/6609/44
f 3316/6608/44 3307/6607/44 3317/6610/44
f 3317/6609/44 3313/6604/44 3318/6611/44
f 3314/6605/44 3311/6602/44 3319/6612/44
f 3311/6613/44 3320/6614/44 3321/6615/44
f 3319/6612/44 3311/6602/44 3321/6616/44
f 3321/6615/44 3320/6614/44 3322/6617/44
f 3323/6618/44 3324/6619/44 3325/6620/44
f 3324/6621/44 3326/6622/44 3327/6623/44
f 3325/6620/44 3324/6619/44 3327/6624/44
f 3327/6623/44 3326/6622/44 3328/6625/44
f 3329/6626/44 3330/6627/44 3331/6628/44
f 3330/6629/44 3332/6630/44 3333/6631/44
f 3331/6628/44 3330/6627/44 3333/6632/44
f 3333/6631/44 3332/6630/44 3334/6633/44
f 3335/6634/44 3336/6635/44 3337/6636/44
f 3337/6636/44 3336/6635/44 3338/6637/44
f 3339/6638/44 3340/6639/44 3341/6640/44
f 3341/6640/44 3340/6639/44 3342/6641/44
f 3343/6642/44 3344/6643/44 3345/6644/44
f 3345/6644/44 3344/6643/44 3346/6645/44
f 3347/6646/44 3348/6647/44 3349/6648/44
f 3349/6648/44 3348/6647/44 3350/6649/44
f 3351/6650/44 3352/6651/44 3353/6652/44
f 3353/6652/44 3352/6651/44 3354/6653/44
f 3355/6654/44 3356/6655/44 3357/6656/44
f 3357/6656/44 3356/6655/44 3358/6657/44
f 3359/6658/44 3360/6659/44 3361/6660/44
f 3361/6660/44 3360/6659/44 3362/6661/44
f 3363/6662/44 3364/6663/44 3365/6664/44
f 3365/6664/44 3364/6663/44 3366/6665/44
f 3367/6666/44 3368/6667/44 2996/6232/44
f 2996/6232/44 3368/6667/44 2995/6231/44
f 3369/6668/44 3370/6669/44 3371/6670/44
f 3371/6670/44 3370/6669/44 3372/6671/44
f 3373/6672/44 3374/6673/44 3375/6674/44
f 3375/6674/44 3374/6673/44 3376/6675/44
f 3033/6277/44 3034/6278/44 3377/6676/44
f 3377/6676/44 3034/6278/44 3378/6677/44
f 3039/6283/44 3042/6286/44 3379/6678/44
f 3379/6678/44 3042/6286/44 3380/6679/44
f 3381/6680/44 3382/6681/44 3383/6682/44
f 3384/6683/44 3385/6684/44 3386/6685/44
f 3381/6680/44 3383/6682/44 3387/6686/44
f 3386/6685/44 3385/6684/44 3388/6687/44
f 3389/6688/44 3381/6689/44 3390/6690/44
f 3381/6680/44 3387/6686/44 3391/6691/44
f 3390/6690/44 3381/6689/44 3391/6692/44
f 3391/6691/44 3387/6686/44 3392/6693/44
f 3388/6687/44 3385/6684/44 3393/6694/44
f 3385/6695/44 3394/6696/44 3395/6697/44
f 3393/6694/44 3385/6684/44 3395/6698/44
f 3395/6697/44 3394/6696/44 3396/6699/44
f 3397/6700/44 3398/6701/44 3399/6702/44
f 3398/6703/44 3400/6704/44 3401/6705/44
f 3399/6702/44 3398/6701/44 3401/6706/44
f 3401/6705/44 3400/6704/44 3402/6707/44
f 3403/6708/44 3404/6709/44 3405/6710/44
f 3404/6711/44 3406/6712/44 3407/6713/44
f 3405/6710/44 3404/6709/44 3407/6714/44
f 3407/6713/44 3406/6712/44 3408/6715/44
f 3409/6716/44 3410/6717/44 3411/6718/44
f 3411/6718/44 3410/6717/44 3412/6719/44
f 3413/6720/44 3414/6721/44 3415/6722/44
f 3415/6722/44 3414/6721/44 3053/6297/44
f 3053/6297/44 3414/6721/44 3052/6296/44
f 3416/6723/44 3417/6724/44 3418/6725/44
f 3418/6725/44 3417/6724/44 3419/6726/44
f 3420/6727/44 3421/6728/44 3422/6729/44
f 3422/6729/44 3421/6728/44 3423/6730/44
f 3424/6731/44 3425/6732/44 3426/6733/44
f 3426/6733/44 3425/6732/44 3427/6734/44
f 3428/6735/44 3429/6736/44 3430/6737/44
f 3430/6737/44 3429/6736/44 3431/6738/44
f 3432/6739/44 3433/6740/44 3434/6741/44
f 3434/6741/44 3433/6740/44 3435/6742/44
f 3436/6743/44 3437/6744/44 3438/6745/44
f 3438/6745/44 3437/6744/44 3439/6746/44
f 3440/6747/44 3441/6748/44 3442/6749/44
f 3442/6749/44 3441/6748/44 3443/6750/44
f 3444/6751/44 3445/6752/44 3446/6753/44
f 3446/6753/44 3445/6752/44 3447/6754/44
f 3448/6755/44 3449/6756/44 3450/6757/44
f 3450/6757/44 3449/6756/44 3451/6758/44
f 3452/6759/44 3453/6760/44 3454/6761/44
f 3454/6761/44 3453/6760/44 3455/6762/44
f 3456/6763/44 3457/6764/44 3458/6765/44
f 3458/6765/44 3457/6764/44 3459/6766/44
f 3460/6767/44 3461/6768/44 3462/6769/44
f 3463/6770/44 3464/6771/44 3465/6772/44
f 3460/6767/44 3462/6769/44 3466/6773/44
f 3465/6772/44 3464/6771/44 3467/6774/44
f 3468/6775/44 3460/6776/44 3469/6777/44
f 3460/6767/44 3466/6773/44 3470/6778/44
f 3469/6777/44 3460/6776/44 3470/6779/44
f 3470/6778/44 3466/6773/44 3471/6780/44
f 3467/6774/44 3464/6771/44 3472/6781/44
f 3464/6782/44 3473/6783/44 3474/6784/44
f 3472/6781/44 3464/6771/44 3474/6785/44
f 3474/6784/44 3473/6783/44 3475/6786/44
f 3476/6787/44 3477/6788/44 3478/6789/44
f 3479/6790/44 3480/6791/44 3481/6792/44
f 3480/6793/44 3482/6794/44 3483/6795/44
f 3481/6792/44 3480/6791/44 3483/6796/44
f 3483/6795/44 3482/6794/44 3484/6797/44
f 3485/6798/44 3476/6799/44 3486/6800/44
f 3476/6787/44 3478/6789/44 3487/6801/44
f 3486/6800/44 3476/6799/44 3487/6802/44
f 3487/6801/44 3478/6789/44 3488/6803/44
f 3489/6804/44 3490/6805/44 3491/6806/44
f 3491/6806/44 3490/6805/44 3492/6807/44
f 3493/6808/44 3494/6809/44 3495/6810/44
f 3495/6810/44 3494/6809/44 3496/6811/44
f 3144/6812/44 3497/6813/44 3146/6814/44
f 3146/6814/44 3497/6813/44 3498/6815/44
f 3499/6816/44 3500/6817/44 3501/6818/44
f 3501/6818/44 3500/6817/44 3502/6819/44
f 3503/6820/44 3504/6821/44 3505/6822/44
f 3505/6822/44 3504/6821/44 3506/6823/44
f 3507/6824/44 3508/6825/44 3509/6826/44
f 3509/6826/44 3508/6825/44 3510/6827/44
f 3511/6828/44 3512/6829/44 3513/6830/44
f 3513/6830/44 3512/6829/44 3514/6831/44
f 3515/6832/44 3516/6833/44 3517/6834/44
f 3517/6834/44 3516/6833/44 3518/6835/44
f 3519/6836/44 3149/6837/44 3520/6838/44
f 3520/6838/44 3149/6837/44 3147/6839/44
f 3521/6840/44 3522/6841/44 3523/6842/44
f 3523/6842/44 3522/6841/44 3524/6843/44
f 3525/6844/44 3526/6845/44 3527/6846/44
f 3527/6846/44 3526/6845/44 3528/6847/44
f 3529/6848/44 3530/6849/44 3531/6850/44
f 3531/6850/44 3530/6849/44 3532/6851/44
f 3533/6852/44 3534/6853/44 3535/6854/44
f 3535/6854/44 3534/6853/44 3536/6855/44
f 3537/6856/44 3538/6857/44 3539/6858/44
f 3539/6858/44 3538/6857/44 3540/6859/44
f 3541/6860/44 3542/6861/44 3543/6862/44
f 3543/6862/44 3542/6861/44 3544/6863/44
f 3545/6864/44 3546/6865/44 3547/6866/44
f 3547/6866/44 3546/6865/44 3548/6867/44
f 3549/6868/44 3550/6869/44 3551/6870/44
f 3551/6870/44 3550/6869/44 3552/6871/44
f 3553/6872/44 3554/6873/44 3555/6874/44
f 3555/6874/44 3554/6873/44 3556/6875/44
f 3557/6876/44 3558/6877/44 3559/6878/44
f 3559/6878/44 3558/6877/44 3560/6879/44
f 3561/6880/44 3562/6881/44 3563/6882/44
f 3563/6882/44 3562/6881/44 3564/6883/44
f 3565/6884/44 3566/6885/44 3567/6886/44
f 3567/6886/44 3566/6885/44 3568/6887/44
f 3569/6888/44 3570/6889/44 3571/6890/44
f 3571/6890/44 3570/6889/44 3572/6891/44
f 3573/6892/44 3574/6893/44 3575/6894/44
f 3575/6894/44 3574/6893/44 3576/6895/44
f 3577/6896/44 3578/6897/44 3579/6898/44
f 3580/6899/44 3581/6900/44 3582/6901/44
f 3582/6901/44 3581/6900/44 3583/6902/44
f 3584/6903/44 3585/6904/44 3586/6905/44
f 3586/6905/44 3585/6904/44 3587/6906/44
f 3588/6907/44 3589/6908/44 3590/6909/44
f 3590/6909/44 3589/6908/44 3591/6910/44
f 3592/6911/44 3593/6912/44 3594/6913/44
f 3594/6913/44 3593/6912/44 3595/6914/44
f 3596/6915/44 3597/6916/44 3598/6917/44
f 3598/6917/44 3597/6916/44 3599/6918/44
f 3600/6919/44 3601/6920/44 3602/6921/44
f 3602/6921/44 3601/6920/44 3603/6922/44
f 3604/6923/44 3605/6924/44 3606/6925/44
f 3602/6921/44 3603/6922/44 3607/6926/44
f 3603/6922/44 3606/6925/44 3607/6926/44
f 3598/6917/44 3599/6918/44 3607/6926/44
f 3577/6896/44 3579/6898/44 3607/6926/44
f 3599/6918/44 3602/6921/44 3607/6926/44
f 3582/6901/44 3583/6902/44 3607/6926/44
f 3595/6914/44 3598/6917/44 3607/6926/44
f 3586/6905/44 3587/6906/44 3607/6926/44
f 3591/6910/44 3594/6913/44 3607/6926/44
f 3590/6909/44 3591/6910/44 3607/6926/44
f 3587/6906/44 3590/6909/44 3607/6926/44
f 3594/6913/44 3595/6914/44 3607/6926/44
f 3583/6902/44 3586/6905/44 3607/6926/44
f 3579/6898/44 3582/6901/44 3607/6926/44
f 3606/6925/44 3605/6924/44 3608/6927/44
f 3607/6926/44 3606/6925/44 3608/6927/44
f 3609/6928/44 3610/6929/44 3611/6930/44
f 3611/6930/44 3610/6929/44 3612/6931/44
f 3613/6932/44 3614/6933/44 3615/6934/44
f 3615/6934/44 3614/6933/44 3616/6935/44
f 3617/6936/44 3618/6937/44 3619/6938/44
f 3619/6938/44 3618/6937/44 3620/6939/44
f 3621/6940/44 3622/6941/44 3623/6942/44
f 3623/6942/44 3622/6941/44 3624/6943/44
f 3625/6944/44 3626/6945/44 3627/6946/44
f 3627/6946/44 3626/6945/44 3628/6947/44
f 3629/6948/44 3630/6949/44 3631/6950/44
f 3631/6950/44 3630/6949/44 3632/6951/44
f 3633/6952/44 3634/6953/44 3635/6954/44
f 3635/6954/44 3634/6953/44 3636/6955/44
f 3637/6956/44 3638/6957/44 3639/6958/44
f 3639/6958/44 3638/6957/44 3640/6959/44
f 3641/6960/44 3642/6961/44 3643/6962/44
f 3643/6962/44 3642/6961/44 3644/6963/44
f 3645/6964/44 3646/6965/44 3647/6966/44
f 3647/6966/44 3646/6965/44 3648/6967/44
f 3649/6968/44 3650/6969/44 3651/6970/44
f 3651/6970/44 3650/6969/44 3652/6971/44
f 3653/6972/44 3654/6973/44 3655/6974/44
f 3655/6974/44 3654/6973/44 3656/6975/44
f 3657/6976/44 3658/6977/44 3659/6978/44
f 3659/6978/44 3658/6977/44 3660/6979/44
f 3661/6980/44 3662/6981/44 3663/6982/44
f 3663/6982/44 3662/6981/44 3664/6983/44
f 3665/6984/44 3666/6985/44 3667/6986/44
f 3667/6986/44 3666/6985/44 3668/6987/44
f 3669/6988/44 3670/6989/44 3671/6990/44
f 3671/6990/44 3670/6989/44 3672/6991/44
f 3667/6992/44 3668/6993/44 3673/6994/44
f 3673/6994/44 3668/6993/44 3674/6995/44
f 3671/6996/44 3672/6997/44 3675/6998/44
f 3675/6998/44 3672/6997/44 3676/6999/44
f 3673/7000/44 3674/7001/44 3677/7002/44
f 3677/7002/44 3674/7001/44 3678/7003/44
f 3675/7004/44 3676/7005/44 3679/7006/44
f 3679/7006/44 3676/7005/44 3680/7007/44
f 3189/6455/44 3681/7008/44 3682/7009/44
f 3683/7010/44 3684/7011/44 3685/7012/44
f 3685/7012/44 3684/7011/44 3686/7013/45
f 3189/6455/44 3682/7009/44 3687/7014/44
f 3686/7013/45 3192/6458/44 3687/7014/44
f 3685/7012/44 3686/7013/45 3687/7014/44
f 3682/7009/44 3685/7012/44 3687/7014/44
f 3687/7014/44 3192/6458/44 3688/7015/44
f 3688/7015/44 3192/6458/44 3689/7016/44
f 3689/7016/44 3192/6458/44 3206/6472/44
f 3189/6455/44 3687/7014/44 3203/6469/44
f 3203/6469/44 3687/7014/44 3690/7017/44
f 3688/7015/44 3689/7016/44 3691/7018/44
f 3691/7018/44 3689/7016/44 3692/7019/44
f 3203/6469/44 3690/7017/44 3693/7020/44
f 3690/7017/44 3691/7018/44 3693/7020/44
f 3691/7018/44 3692/7019/44 3693/7020/44
f 3692/7019/44 3204/6470/44 3693/7020/44
f 3693/7020/44 3204/6470/44 3694/7021/44
f 3694/7021/44 3204/6470/44 3695/7022/44
f 3695/7022/44 3204/6470/44 3696/7023/44
f 3696/7023/44 3204/6470/44 3210/7024/44
f 3697/7025/44 3698/7026/44 3699/7027/44
f 3699/7027/44 3698/7026/44 3700/7028/44
f 3700/7028/44 3698/7026/44 3701/7029/44
f 3702/7030/44 3703/7031/44 3704/7032/44
f 3704/7032/44 3703/7031/44 3705/7033/44
f 3693/7020/44 3694/7021/44 3706/7034/44
f 3706/7034/44 3694/7021/44 3707/7035/44
f 3695/7022/44 3696/7023/44 3708/7036/44
f 3708/7036/44 3696/7023/44 3709/7037/44
f 3211/7038/44 3710/7039/44 3711/7040/44
f 3711/7040/44 3710/7039/44 3712/7041/44
f 3712/7041/44 3710/7039/44 3713/7042/44
f 3706/7043/44 3707/7044/44 3714/7045/44
f 3711/7046/44 3712/7047/44 3714/7045/44
f 3709/7048/44 3711/7046/44 3714/7045/44
f 3700/7049/44 3701/7050/44 3714/7045/44
f 3707/7044/44 3708/7051/44 3714/7045/44
f 3708/7051/44 3709/7048/44 3714/7045/44
f 3705/7052/44 3706/7043/44 3714/7045/44
f 3704/7053/44 3705/7052/44 3714/7045/44
f 3701/7050/44 3704/7053/44 3714/7045/44
f 3714/7045/44 3712/7047/44 3715/7054/44
f 3716/7055/44 3714/7056/44 3717/7057/44
f 3715/7058/44 3718/7059/44 3717/7057/44
f 3714/7056/44 3715/7058/44 3717/7057/44
f 3717/7057/44 3718/7059/44 3719/7060/44
f 3717/7061/44 3719/7062/44 3720/7063/44
f 3719/7060/44 3718/7059/44 3720/7064/44
f 3720/7064/44 3718/7059/44 3721/7065/44
f 3716/7055/44 3717/7057/44 3722/7066/44
f 3717/7061/44 3720/7063/44 3722/7067/44
f 3720/7063/44 3721/7068/44 3722/7067/44
f 3722/7067/44 3721/7068/44 3723/7069/44
f 3721/7065/44 3718/7059/44 3724/7070/44
f 3724/7070/44 3718/7059/44 3725/7071/44
f 3723/7069/44 3721/7068/44 3726/7072/44
f 3722/7066/44 3723/7073/44 3726/7074/44
f 3721/7065/44 3724/7070/44 3727/7075/44
f 3726/7072/44 3721/7068/44 3727/7076/44
f 3716/7055/44 3722/7066/44 3728/7077/44
f 3722/7066/44 3726/7074/44 3728/7077/44
f 3726/7074/44 3727/7075/44 3728/7077/44
f 3728/7077/44 3727/7075/44 3729/7078/44
f 3727/7075/44 3724/7070/44 3730/7079/44
f 3729/7078/44 3727/7075/44 3730/7079/44
f 3724/7080/44 3725/7081/44 3730/7082/44
f 3725/7071/44 3718/7059/44 3731/7083/44
f 3730/7082/44 3725/7081/44 3731/7084/44
f 3728/7085/44 3729/7086/44 3732/7087/44
f 3729/7078/44 3730/7079/44 3733/7088/44
f 3732/7087/44 3729/7086/44 3733/7089/44
f 3730/7079/44 3731/7083/44 3733/7088/44
f 3732/7090/44 3733/7088/44 3734/7091/44
f 3734/7091/44 3733/7088/44 3735/7092/44
f 3731/7083/44 3718/7059/44 3736/7093/44
f 3735/7092/44 3733/7088/44 3736/7093/44
f 3733/7088/44 3731/7083/44 3736/7093/44
f 3736/7093/44 3718/7059/44 3737/7094/44
f 3735/7095/44 3736/7096/44 3738/7097/44
f 3738/7097/44 3736/7096/44 3739/7098/44
f 3740/7099/44 3738/7100/44 3741/7101/44
f 3739/7102/44 3742/7103/44 3741/7101/44
f 3738/7100/44 3739/7102/44 3741/7101/44
f 3741/7101/44 3742/7103/44 3743/7104/44
f 3740/7099/44 3741/7101/44 3744/7105/44
f 3741/7106/44 3743/7107/44 3744/7108/44
f 3743/7104/44 3742/7103/44 3745/7109/44
f 3744/7108/44 3743/7107/44 3745/7110/44
f 3740/7099/44 3744/7105/44 3746/7111/44
f 3744/7105/44 3745/7109/44 3746/7111/44
f 3746/7111/44 3745/7109/44 3747/7112/44
f 3745/7109/44 3742/7103/44 3748/7113/44
f 3747/7112/44 3745/7109/44 3748/7113/44
f 3748/7113/44 3742/7103/44 3749/7114/44
f 3747/7115/44 3748/7116/44 3750/7117/44
f 3750/7117/44 3748/7116/44 3751/7118/44
f 3751/7118/44 3748/7116/44 3752/7119/44
f 3752/7119/44 3748/7116/44 3753/7120/44
f 3754/7121/44 3750/7122/44 3755/7123/44
f 3750/7122/44 3751/7124/44 3755/7123/44
f 3751/7125/44 3752/7126/44 3755/7127/44
f 3753/7128/44 3756/7129/44 3757/7130/44
f 3755/7127/44 3752/7126/44 3757/7131/44
f 3752/7132/44 3753/7128/44 3757/7130/44
f 3754/7121/44 3755/7123/44 3758/7133/44
f 3755/7123/44 3757/7130/44 3758/7133/44
f 3758/7133/44 3757/7130/44 3759/7134/44
f 3757/7130/44 3756/7129/44 3760/7135/44
f 3759/7134/44 3757/7130/44 3760/7135/44
f 3760/7135/44 3756/7129/44 3761/7136/44
f 3759/7137/44 3760/7138/44 3762/7139/44
f 3762/7139/44 3760/7138/44 3763/7140/44
f 3764/7141/44 3762/7142/44 3765/7143/44
f 3763/7144/44 3766/7145/44 3765/7143/44
f 3762/7142/44 3763/7144/44 3765/7143/44
f 3765/7143/44 3766/7145/44 3767/7146/44
f 3764/7141/44 3765/7143/44 3768/7147/44
f 3765/7148/44 3767/7149/44 3768/7150/44
f 3767/7146/44 3766/7145/44 3769/7151/44
f 3768/7150/44 3767/7149/44 3769/7152/44
f 3769/7151/44 3766/7145/44 3770/7153/44
f 3770/7153/44 3766/7145/44 3771/7154/44
f 3768/7147/44 3769/7151/44 3772/7155/44
f 3769/7151/44 3770/7153/44 3772/7155/44
f 3770/7156/44 3771/7157/44 3772/7158/44
f 3771/7154/44 3766/7145/44 3773/7159/44
f 3772/7158/44 3771/7157/44 3773/7160/44
f 3764/7141/44 3768/7147/44 3774/7161/44
f 3768/7147/44 3772/7155/44 3774/7161/44
f 3772/7155/44 3773/7159/44 3774/7161/44
f 3774/7161/44 3773/7159/44 3775/7162/44
f 3773/7159/44 3766/7145/44 3776/7163/44
f 3775/7162/44 3773/7159/44 3776/7163/44
f 3776/7163/44 3766/7145/44 3777/7164/44
f 3775/7165/44 3776/7166/44 3778/7167/44
f 3778/7167/44 3776/7166/44 3779/7168/44
f 3780/7169/44 3778/7170/44 3781/7171/44
f 3779/7172/44 3782/7173/44 3781/7171/44
f 3778/7170/44 3779/7172/44 3781/7171/44
f 3781/7171/44 3782/7173/44 3783/7174/44
f 3780/7169/44 3781/7171/44 3784/7175/44
f 3781/7176/44 3783/7177/44 3784/7178/44
f 3783/7174/44 3782/7173/44 3785/7179/44
f 3784/7178/44 3783/7177/44 3785/7180/44
f 3785/7179/44 3782/7173/44 3786/7181/44
f 3786/7181/44 3782/7173/44 3787/7182/44
f 3784/7175/44 3785/7179/44 3788/7183/44
f 3785/7179/44 3786/7181/44 3788/7183/44
f 3788/7183/44 3786/7181/44 3789/7184/44
f 3786/7185/44 3787/7186/44 3790/7187/44
f 3789/7184/44 3786/7181/44 3790/7188/44
f 3787/7182/44 3782/7173/44 3791/7189/44
f 3790/7187/44 3787/7186/44 3791/7190/44
f 3784/7175/44 3788/7183/44 3792/7191/44
f 3792/7191/44 3788/7183/44 3793/7192/44
f 3788/7193/44 3789/7194/44 3794/7195/44
f 3793/7192/44 3788/7183/44 3794/7196/44
f 3789/7184/44 3790/7188/44 3795/7197/44
f 3794/7195/44 3789/7194/44 3795/7198/44
f 3790/7188/44 3791/7189/44 3795/7197/44
f 3792/7199/44 3793/7200/44 3796/7201/44
f 3784/7175/44 3792/7191/44 3796/7202/44
f 3793/7192/44 3794/7196/44 3797/7203/44
f 3796/7201/44 3793/7200/44 3797/7204/44
f 3794/7196/44 3795/7197/44 3797/7203/44
f 3780/7169/44 3784/7175/44 3798/7205/44
f 3784/7175/44 3796/7202/44 3798/7205/44
f 3796/7202/44 3797/7203/44 3798/7205/44
f 3798/7205/44 3797/7203/44 3799/7206/44
f 3797/7203/44 3795/7197/44 3800/7207/44
f 3799/7206/44 3797/7203/44 3800/7207/44
f 3791/7189/44 3782/7173/44 3800/7207/44
f 3795/7197/44 3791/7189/44 3800/7207/44
f 3800/7207/44 3782/7173/44 3801/7208/44
f 3799/7209/44 3800/7210/44 3802/7211/44
f 3802/7211/44 3800/7210/44 3803/7212/44
f 3804/7213/44 3802/7214/44 3805/7215/44
f 3803/7216/44 3806/7217/44 3805/7215/44
f 3802/7214/44 3803/7216/44 3805/7215/44
f 3805/7215/44 3806/7217/44 3807/7218/44
f 3804/7213/44 3805/7215/44 3808/7219/44
f 3808/7219/44 3805/7215/44 3809/7220/44
f 3805/7221/44 3807/7222/44 3810/7223/44
f 3809/7220/44 3805/7215/44 3810/7224/44
f 3807/7218/44 3806/7217/44 3811/7225/44
f 3810/7223/44 3807/7222/44 3811/7226/44
f 3808/7227/44 3809/7228/44 3812/7229/44
f 3804/7213/44 3808/7219/44 3812/7230/44
f 3809/7220/44 3810/7224/44 3813/7231/44
f 3812/7229/44 3809/7228/44 3813/7232/44
f 3810/7224/44 3811/7225/44 3813/7231/44
f 3804/7213/44 3812/7230/44 3814/7233/44
f 3812/7230/44 3813/7231/44 3814/7233/44
f 3813/7231/44 3811/7225/44 3815/7234/44
f 3814/7233/44 3813/7231/44 3815/7234/44
f 3804/7213/44 3814/7233/44 3816/7235/44
f 3816/7235/44 3814/7233/44 3817/7236/44
f 3815/7234/44 3811/7225/44 3818/7237/44
f 3818/7237/44 3811/7225/44 3819/7238/44
f 3817/7236/44 3814/7233/44 3820/7239/44
f 3814/7240/44 3815/7241/44 3820/7242/44
f 3815/7234/44 3818/7237/44 3821/7243/44
f 3820/7242/44 3815/7241/44 3821/7244/44
f 3804/7213/44 3816/7235/44 3822/7245/44
f 3816/7246/44 3817/7247/44 3822/7248/44
f 3820/7239/44 3821/7243/44 3823/7249/44
f 3822/7248/44 3817/7247/44 3823/7250/44
f 3817/7236/44 3820/7239/44 3823/7249/44
f 3818/7251/44 3819/7252/44 3824/7253/44
f 3823/7249/44 3821/7243/44 3824/7254/44
f 3821/7243/44 3818/7237/44 3824/7254/44
f 3819/7238/44 3811/7225/44 3825/7255/44
f 3824/7253/44 3819/7252/44 3825/7256/44
f 3823/7249/44 3824/7254/44 3826/7257/44
f 3822/7245/44 3823/7249/44 3826/7257/44
f 3824/7254/44 3825/7255/44 3826/7257/44
f 3804/7213/44 3822/7245/44 3826/7257/44
f 3825/7255/44 3811/7225/44 3827/7258/44
f 3826/7257/44 3825/7255/44 3827/7258/44
f 3811/7225/44 3806/7217/44 3827/7258/44
f 3828/7259/44 3829/7260/44 3830/7261/44
f 3830/7261/44 3829/7260/44 3831/7262/44
f 3830/7263/44 3831/7264/44 3832/7265/44
f 3832/7265/44 3831/7264/44 3833/7266/44
f 3830/7263/44 3832/7265/44 3834/7267/44
f 3834/7267/44 3832/7265/44 3835/7268/44
f 3835/7268/44 3832/7265/44 3836/7269/44
f 3836/7269/44 3832/7265/44 3837/7270/44
f 3832/7271/44 3833/7272/44 3838/7273/44
f 3837/7270/44 3832/7265/44 3838/7274/44
f 3833/7266/44 3831/7264/44 3839/7275/44
f 3838/7273/44 3833/7272/44 3839/7276/44
f 3830/7263/44 3834/7267/44 3840/7277/44
f 3834/7278/44 3835/7279/44 3840/7280/44
f 3835/7268/44 3836/7269/44 3841/7281/44
f 3840/7280/44 3835/7279/44 3841/7282/44
f 3840/7277/44 3841/7281/44 3842/7283/44
f 3841/7281/44 3836/7269/44 3842/7283/44
f 3842/7283/44 3836/7269/44 3843/7284/44
f 3836/7285/44 3837/7286/44 3844/7287/44
f 3843/7284/44 3836/7269/44 3844/7288/44
f 3837/7270/44 3838/7274/44 3845/7289/44
f 3844/7287/44 3837/7286/44 3845/7290/44
f 3838/7274/44 3839/7275/44 3845/7289/44
f 3840/7277/44 3842/7283/44 3846/7291/44
f 3830/7263/44 3840/7277/44 3846/7291/44
f 3842/7292/44 3843/7293/44 3847/7294/44
f 3846/7291/44 3842/7283/44 3847/7295/44
f 3843/7284/44 3844/7288/44 3848/7296/44
f 3847/7294/44 3843/7293/44 3848/7297/44
f 3844/7288/44 3845/7289/44 3848/7296/44
f 3839/7275/44 3831/7264/44 3849/7298/44
f 3848/7296/44 3845/7289/44 3849/7298/44
f 3845/7289/44 3839/7275/44 3849/7298/44
f 3846/7299/44 3847/7300/44 3850/7301/44
f 3847/7300/44 3848/7302/44 3850/7301/44
f 3848/7302/44 3849/7303/44 3850/7301/44
f 3850/7301/44 3849/7303/44 3851/7304/44
f 3852/7305/44 3853/7306/44 3854/7307/44
f 3853/7308/44 3855/7309/44 3854/7310/44
f 3855/7311/44 3856/7312/44 3857/7313/44
f 3854/7310/44 3855/7309/44 3857/7314/44
f 3854/7307/44 3857/7313/44 3858/7315/44
f 3857/7313/44 3856/7312/44 3858/7315/44
f 3859/7316/44 3860/7317/44 3861/7318/44
f 3854/7307/44 3858/7315/44 3862/7319/44
f 3861/7318/44 3860/7317/44 3863/7320/44
f 3854/7307/44 3862/7319/44 3864/7321/44
f 3862/7319/44 3863/7320/44 3864/7321/44
f 3852/7305/44 3854/7307/44 3864/7321/44
f 3863/7320/44 3860/7317/44 3865/7322/44
f 3864/7321/44 3863/7320/44 3865/7322/44
f 3864/7323/44 3865/7324/44 3866/7325/44
f 3866/7325/44 3865/7324/44 3867/7326/44
f 3868/7327/44 3869/7328/44 3870/7329/44
f 3870/7329/44 3869/7328/44 3871/7330/44
f 3872/7331/44 3873/7332/44 3874/7333/44
f 3875/7334/44 3876/7335/44 3877/7336/44
f 3877/7336/44 3876/7335/44 3878/7337/44
f 3871/7330/44 3874/7333/44 3879/7338/44
f 3870/7329/44 3871/7330/44 3879/7338/44
f 3877/7339/44 3878/7340/44 3880/7341/44
f 3880/7341/44 3878/7340/44 3881/7342/44
f 3882/7343/44 3879/7338/44 3883/7344/44
f 3879/7338/44 3874/7333/44 3884/7345/44
f 3883/7344/44 3879/7338/44 3884/7345/44
f 3884/7345/44 3874/7333/44 3885/7346/44
f 3874/7333/44 3873/7332/44 3886/7347/44
f 3885/7346/44 3874/7333/44 3886/7347/44
f 3882/7343/44 3883/7344/44 3887/7348/44
f 3883/7349/44 3884/7350/44 3888/7351/44
f 3887/7348/44 3883/7344/44 3888/7352/44
f 3884/7345/44 3885/7346/44 3889/7353/44
f 3888/7351/44 3884/7350/44 3889/7354/44
f 3885/7355/44 3886/7356/44 3890/7357/44
f 3889/7353/44 3885/7346/44 3890/7358/44
f 3886/7347/44 3873/7332/44 3891/7359/44
f 3890/7357/44 3886/7356/44 3891/7360/44
f 3891/7359/44 3873/7332/44 3892/7361/44
f 3887/7362/44 3888/7351/44 3893/7363/44
f 3889/7354/44 3890/7357/44 3893/7363/44
f 3891/7360/44 3892/7364/44 3893/7363/44
f 3890/7357/44 3891/7360/44 3893/7363/44
f 3888/7351/44 3889/7354/44 3893/7363/44
f 3893/7363/44 3892/7364/44 3894/7365/44
f 3895/7366/44 3896/7367/44 3897/7368/44
f 3897/7368/44 3896/7367/44 3898/7369/44
f 3899/7370/44 3900/7371/44 3901/7372/44
f 3901/7372/44 3900/7371/44 3902/7373/44
f 3901/7374/44 3902/7375/44 3903/7376/44
f 3903/7376/44 3902/7375/44 3904/7377/44
f 2732/7378/46 2608/5736/46 2571/5699/46
f 2730/7379/46 2648/5812/46 2623/5762/46
f 2740/7380/46 2648/5812/46 2730/7379/46
f 2738/7381/46 2664/5840/46 2655/5822/46
f 2748/7382/46 2664/5840/46 2738/7381/46
f 2746/7383/46 2680/5868/46 2671/5850/46
f 2756/7384/46 2680/5868/46 2746/7383/46
f 2754/7385/46 2700/5904/46 2687/5878/46
f 2764/7386/46 2700/5904/46 2754/7385/46
f 2762/7387/46 2712/5924/46 2707/5914/46
f 2772/7388/46 2712/5924/46 2762/7387/46
f 2770/7389/46 2718/5932/46 2719/5934/46
f 3263/6542/46 2732/7378/46 2571/5699/46
f 3264/6544/46 2732/7378/46 3263/6542/46
f 3271/6554/46 2732/7378/46 3264/6544/46
f 3273/7390/46 2730/5950/46 2732/5952/46
f 3273/6556/46 2732/7378/46 3271/6554/46
f 3905/7391/46 2764/7386/46 2754/7385/46
f 3906/7392/46 2764/7386/46 3905/7391/46
f 3907/7393/46 2772/7388/46 2762/7387/46
f 3908/7394/46 2772/7388/46 3907/7393/46
f 3909/7395/46 2718/5932/46 2770/7389/46
f 3910/7396/46 2718/5932/46 3909/7395/46
f 3911/7397/46 2786/6006/46 2778/6008/46
f 3912/7398/46 2786/6006/46 3911/7397/46
f 3913/7399/46 2740/7380/46 2730/7379/46
f 3914/7400/46 2740/7380/46 3913/7399/46
f 3915/7401/46 3905/7391/46 2754/7385/46
f 3915/7402/46 3906/7403/46 3905/7404/46
f 3916/7405/46 2764/7386/46 3906/7392/46
f 3916/7406/46 3906/7403/46 3915/7402/46
f 3917/7407/46 3907/7393/46 2762/7387/46
f 3917/7408/46 3908/7409/46 3907/7410/46
f 3918/7411/46 2772/7388/46 3908/7394/46
f 3918/7412/46 3908/7409/46 3917/7408/46
f 3919/7413/46 2748/7382/46 2738/7381/46
f 3920/7414/46 2748/7382/46 3919/7413/46
f 3921/7415/46 3909/7395/46 2770/7389/46
f 3921/7416/46 3910/7417/46 3909/7418/46
f 3922/7419/46 2718/5932/46 3910/7396/46
f 3922/7420/46 3910/7417/46 3921/7416/46
f 3923/7421/46 3911/7397/46 2778/6008/46
f 3923/7422/46 3912/7423/46 3911/7424/46
f 3924/7425/46 2786/6006/46 3912/7398/46
f 3924/7426/46 3912/7423/46 3923/7422/46
f 3925/7427/46 3914/7428/46 3913/7429/46
f 3925/7430/46 3913/7399/46 2730/7379/46
f 3926/7431/46 2740/7380/46 3914/7400/46
f 3926/7432/46 3914/7428/46 3925/7427/46
f 3927/7433/46 2772/7388/46 3918/7411/46
f 3927/7433/46 3918/7411/46 3917/7407/46
f 3928/7434/46 2772/7388/46 3927/7433/46
f 2930/6158/46 3271/6554/46 3264/6544/46
f 2940/6172/46 3271/6554/46 2930/6158/46
f 2938/7435/46 2730/5950/46 3273/7390/46
f 3929/7436/46 3925/7430/46 2730/7379/46
f 3929/7436/46 3926/7431/46 3925/7430/46
f 3930/7437/46 3926/7431/46 3929/7436/46
f 3931/7438/46 3916/7405/46 3915/7401/46
f 3932/7439/46 2764/7386/46 3916/7405/46
f 3932/7439/46 3916/7405/46 3931/7438/46
f 3933/7440/46 2718/5932/46 3922/7419/46
f 3933/7440/46 3922/7419/46 3921/7415/46
f 3934/7441/46 2718/5932/46 3933/7440/46
f 3315/6606/46 2940/6172/46 2930/6158/46
f 3315/6606/46 2938/6170/46 2940/6172/46
f 3315/6606/46 2930/6158/46 2931/6160/46
f 3316/6608/46 2938/6170/46 3315/6606/46
f 3323/6618/46 2938/6170/46 3316/6608/46
f 3325/7442/46 2730/5950/46 2938/7435/46
f 3325/6620/46 2938/6170/46 3323/6618/46
f 3935/7443/46 3920/7444/46 3919/7445/46
f 3935/7446/46 3919/7413/46 2738/7381/46
f 3936/7447/46 2748/7382/46 3920/7414/46
f 3936/7448/46 3920/7444/46 3935/7443/46
f 3937/7449/46 3928/7450/46 3927/7451/46
f 3938/7452/46 2772/7388/46 3928/7434/46
f 3938/7453/46 3928/7450/46 3937/7449/46
f 3939/7454/46 3929/7436/46 2730/7379/46
f 3939/7455/46 3930/7456/46 3929/7457/46
f 3940/7458/46 3926/7431/46 3930/7437/46
f 3940/7459/46 3930/7456/46 3939/7455/46
f 3941/7460/46 2748/7382/46 3936/7447/46
f 3941/7460/46 3936/7447/46 3935/7446/46
f 3942/7461/46 2748/7382/46 3941/7460/46
f 3943/7462/46 3931/7438/46 3915/7401/46
f 3943/7463/46 3932/7464/46 3931/7465/46
f 3944/7466/46 2764/7386/46 3932/7439/46
f 3944/7467/46 3932/7464/46 3943/7463/46
f 3945/7468/46 3937/7449/46 3927/7451/46
f 3945/7469/46 3927/7433/46 3917/7407/46
f 3946/7470/46 3938/7452/46 3937/7471/46
f 3946/7472/46 3937/7449/46 3945/7468/46
f 3947/7473/46 3934/7474/46 3933/7475/46
f 3947/7476/46 3933/7440/46 3921/7415/46
f 3948/7477/46 2718/5932/46 3934/7441/46
f 3948/7478/46 3934/7474/46 3947/7473/46
f 3949/7479/46 3942/7480/46 3941/7481/46
f 3949/7482/46 3941/7460/46 3935/7446/46
f 3950/7483/46 2748/7382/46 3942/7461/46
f 3950/7484/46 3942/7480/46 3949/7479/46
f 3006/6242/46 3323/6618/46 3316/6608/46
f 3016/6256/46 3323/6618/46 3006/6242/46
f 3014/7485/46 2730/5950/46 3325/7442/46
f 3951/7486/46 2756/7384/46 2746/7383/46
f 3952/7487/46 2756/7384/46 3951/7486/46
f 3389/6688/46 3014/6254/46 3016/6256/46
f 3389/6688/46 3016/6256/46 3006/6242/46
f 3389/6688/46 3006/6242/46 3007/6244/46
f 3390/6690/46 3014/6254/46 3389/6688/46
f 3397/6700/46 3014/6254/46 3390/6690/46
f 3399/7488/46 2730/5950/46 3014/7485/46
f 3399/6702/46 3014/6254/46 3397/6700/46
f 3953/7489/46 3949/7482/46 3935/7446/46
f 3953/7489/46 3935/7446/46 2738/7381/46
f 3953/7489/46 3950/7483/46 3949/7482/46
f 3954/7490/46 3950/7483/46 3953/7489/46
f 3955/7491/46 3952/7492/46 3951/7493/46
f 3955/7494/46 3951/7486/46 2746/7383/46
f 3956/7495/46 2756/7384/46 3952/7487/46
f 3956/7496/46 3952/7492/46 3955/7491/46
f 3957/7497/46 3944/7466/46 3943/7462/46
f 3958/7498/46 2764/7386/46 3944/7466/46
f 3958/7498/46 3944/7466/46 3957/7497/46
f 3959/7499/46 2718/5932/46 3948/7477/46
f 3959/7499/46 3948/7477/46 3947/7476/46
f 3960/7500/46 2718/5932/46 3959/7499/46
f 3961/7501/46 3954/7502/46 3953/7503/46
f 3961/7504/46 3953/7489/46 2738/7381/46
f 3962/7505/46 3950/7483/46 3954/7490/46
f 3962/7506/46 3954/7502/46 3961/7501/46
f 3963/7507/46 3915/7401/46 2754/7385/46
f 3963/7507/46 3957/7497/46 3943/7462/46
f 3963/7507/46 3943/7462/46 3915/7401/46
f 3964/7508/46 3958/7509/46 3957/7510/46
f 3964/7511/46 3957/7497/46 3963/7507/46
f 3965/7512/46 2764/7386/46 3958/7498/46
f 3965/7513/46 3958/7509/46 3964/7508/46
f 3966/7514/46 3946/7470/46 3945/7469/46
f 3966/7514/46 3945/7469/46 3917/7407/46
f 3967/7515/46 3946/7470/46 3966/7514/46
f 3968/7516/46 3947/7476/46 3921/7415/46
f 3968/7516/46 3921/7415/46 2770/7389/46
f 3968/7516/46 3959/7499/46 3947/7476/46
f 3969/7517/46 3959/7499/46 3968/7516/46
f 3970/7518/46 3924/7425/46 3923/7421/46
f 3971/7519/46 2786/6006/46 3924/7425/46
f 3971/7519/46 3924/7425/46 3970/7518/46
f 3972/7520/46 2764/7386/46 3965/7512/46
f 3972/7520/46 3965/7512/46 3964/7511/46
f 3973/7521/46 2764/7386/46 3972/7520/46
f 3974/7522/46 3959/7499/46 3969/7517/46
f 3974/7523/46 3960/7524/46 3959/7525/46
f 3975/7526/46 2718/5932/46 3960/7500/46
f 3975/7527/46 3960/7524/46 3974/7523/46
f 3102/6352/46 3397/6700/46 3390/6690/46
f 3115/6369/46 3397/6700/46 3102/6352/46
f 3113/7528/46 2730/5950/46 3399/7488/46
f 3976/7529/46 3964/7508/46 3963/7530/46
f 3976/7531/46 3963/7507/46 2754/7385/46
f 3977/7532/46 3972/7520/46 3964/7511/46
f 3977/7533/46 3964/7508/46 3976/7529/46
f 3978/7534/46 3967/7535/46 3966/7536/46
f 3978/7537/46 3966/7514/46 3917/7407/46
f 3979/7538/46 3946/7470/46 3967/7515/46
f 3979/7539/46 3967/7535/46 3978/7534/46
f 3980/7540/46 3968/7516/46 2770/7389/46
f 3980/7541/46 3969/7542/46 3968/7543/46
f 3981/7544/46 3974/7522/46 3969/7517/46
f 3981/7545/46 3969/7542/46 3980/7541/46
f 3981/7544/46 3975/7526/46 3974/7522/46
f 3982/7546/46 3970/7518/46 3923/7421/46
f 3982/7547/46 3971/7548/46 3970/7549/46
f 3983/7550/46 2786/6006/46 3971/7519/46
f 3983/7551/46 3971/7548/46 3982/7547/46
f 3468/6775/46 3115/6369/46 3102/6352/46
f 3468/6775/46 3113/6367/46 3115/6369/46
f 3468/6775/46 3102/6352/46 3103/6354/46
f 3469/6777/46 3113/6367/46 3468/6775/46
f 3479/6790/46 3113/6367/46 3469/6777/46
f 3481/7552/46 2730/5950/46 3113/7528/46
f 3481/6792/46 3113/6367/46 3479/6790/46
f 3984/7553/46 3972/7520/46 3977/7532/46
f 3984/7553/46 3977/7532/46 3976/7531/46
f 3984/7554/46 3973/7555/46 3972/7556/46
f 3985/7557/46 2764/7386/46 3973/7521/46
f 3985/7558/46 3973/7555/46 3984/7554/46
f 3986/7559/46 3975/7526/46 3981/7544/46
f 3986/7559/46 3981/7544/46 3980/7540/46
f 3987/7560/46 2718/5932/46 3975/7526/46
f 3987/7560/46 3975/7526/46 3986/7559/46
f 3988/7561/46 3950/7483/46 3962/7505/46
f 3988/7561/46 3962/7505/46 3961/7504/46
f 3989/7562/46 3950/7483/46 3988/7561/46
f 3990/7563/46 3926/7431/46 3940/7458/46
f 3990/7563/46 3940/7458/46 3939/7454/46
f 3991/7564/46 2740/7380/46 3926/7431/46
f 3991/7564/46 3926/7431/46 3990/7563/46
f 3992/7565/46 3987/7566/46 3986/7567/46
f 3992/7568/46 3986/7559/46 3980/7540/46
f 3993/7569/46 2718/5932/46 3987/7560/46
f 3993/7570/46 3987/7566/46 3992/7565/46
f 3994/7571/46 3923/7421/46 2778/6008/46
f 3994/7571/46 3983/7550/46 3982/7546/46
f 3994/7571/46 3982/7546/46 3923/7421/46
f 3995/7572/46 3983/7550/46 3994/7571/46
f 3996/7573/46 3988/7561/46 3961/7504/46
f 3996/7574/46 3989/7575/46 3988/7576/46
f 3997/7577/46 3950/7483/46 3989/7562/46
f 3997/7578/46 3989/7575/46 3996/7574/46
f 3998/7579/46 3993/7569/46 3992/7568/46
f 3999/7580/46 2718/5932/46 3993/7569/46
f 3999/7580/46 3993/7569/46 3998/7579/46
f 4000/7581/46 3990/7563/46 3939/7454/46
f 4000/7582/46 3991/7583/46 3990/7584/46
f 4001/7585/46 2740/7380/46 3991/7564/46
f 4001/7586/46 3991/7583/46 4000/7582/46
f 4002/7587/46 3995/7588/46 3994/7589/46
f 4002/7590/46 3994/7571/46 2778/6008/46
f 4003/7591/46 3983/7550/46 3995/7572/46
f 4003/7592/46 3995/7588/46 4002/7587/46
f 4004/7593/46 3998/7579/46 3992/7568/46
f 4004/7594/46 3999/7595/46 3998/7596/46
f 4005/7597/46 2718/5932/46 3999/7580/46
f 4005/7598/46 3999/7595/46 4004/7594/46
f 4006/7599/46 3955/7494/46 2746/7383/46
f 4006/7599/46 3956/7495/46 3955/7494/46
f 4007/7600/46 3956/7495/46 4006/7599/46
f 4008/7601/46 3978/7537/46 3917/7407/46
f 4008/7602/46 2762/5982/46 2764/5984/46
f 4008/7601/46 3917/7407/46 2762/7387/46
f 4008/7601/46 3979/7538/46 3978/7537/46
f 4009/7603/46 3979/7538/46 4008/7601/46
f 3163/6421/46 3479/6790/46 3469/6777/46
f 3176/6438/46 3479/6790/46 3163/6421/46
f 3174/7604/46 2730/5950/46 3481/7552/46
f 4010/7605/46 4000/7581/46 3939/7454/46
f 4010/7605/46 4001/7585/46 4000/7581/46
f 4011/7606/46 2740/7380/46 4001/7585/46
f 4011/7606/46 4001/7585/46 4010/7605/46
f 3617/7607/46 3174/6436/46 3176/6438/46
f 3617/7607/46 3176/6438/46 3163/6421/46
f 3617/6936/46 2730/5950/46 3174/7604/46
f 3617/7607/46 3163/6421/46 3164/6423/46
f 3619/7608/46 3939/7454/46 2730/7379/46
f 3619/6938/46 2730/5950/46 3617/6936/46
f 3619/7608/46 4010/7605/46 3939/7454/46
f 3625/7609/46 2740/7380/46 4011/7606/46
f 3625/6944/46 2738/5958/46 2740/5960/46
f 3627/7610/46 3961/7504/46 2738/7381/46
f 3627/6946/46 2738/5958/46 3625/6944/46
f 3627/7610/46 3996/7573/46 3961/7504/46
f 3627/7610/46 3997/7577/46 3996/7573/46
f 3633/6952/46 2746/5966/46 2748/5968/46
f 3633/7611/46 3997/7577/46 3627/7610/46
f 3633/7611/46 3950/7483/46 3997/7577/46
f 3633/7611/46 2748/7382/46 3950/7483/46
f 3635/7612/46 4006/7599/46 2746/7383/46
f 3635/6954/46 2746/5966/46 3633/6952/46
f 4012/7613/46 4007/7614/46 4006/7615/46
f 4012/7616/46 4006/7599/46 3635/7612/46
f 4013/7617/46 3956/7495/46 4007/7600/46
f 4013/7618/46 4007/7614/46 4012/7613/46
f 3641/6960/46 2754/5974/46 2756/5976/46
f 3641/7619/46 3956/7495/46 4013/7617/46
f 3641/7619/46 2756/7384/46 3956/7495/46
f 3643/7620/46 3984/7553/46 3976/7531/46
f 3643/6962/46 2754/5974/46 3641/6960/46
f 3643/7620/46 3976/7531/46 2754/7385/46
f 3643/7620/46 3985/7557/46 3984/7553/46
f 3649/7621/46 2764/7386/46 3985/7557/46
f 3649/7621/46 3985/7557/46 3643/7620/46
f 3649/6968/46 4008/7602/46 2764/5984/46
f 3651/7622/46 4009/7623/46 4008/7624/46
f 3651/6970/46 4008/7602/46 3649/6968/46
f 4014/7625/46 3979/7538/46 4009/7603/46
f 4014/7626/46 4009/7623/46 3651/7622/46
f 3657/6976/46 2770/5990/46 2772/5992/46
f 3657/7627/46 3979/7538/46 4014/7625/46
f 3657/7627/46 3938/7452/46 3946/7470/46
f 3657/7627/46 2772/7388/46 3938/7452/46
f 3657/7627/46 3946/7470/46 3979/7538/46
f 3659/7628/46 3992/7568/46 3980/7540/46
f 3659/6978/46 2770/5990/46 3657/6976/46
f 3659/7628/46 4004/7593/46 3992/7568/46
f 3659/7628/46 4005/7597/46 4004/7593/46
f 3659/7628/46 3980/7540/46 2770/7389/46
f 3665/6984/46 2778/5998/46 2780/6000/46
f 3667/6992/46 4003/7591/46 4002/7590/46
f 3667/6986/46 2778/5998/46 3665/6984/46
f 3667/6992/46 4002/7590/46 2778/6008/46
f 3673/7000/46 2790/6014/46 2786/6016/46
f 3673/6994/46 4003/7591/46 3667/6992/46
f 3673/6994/46 3983/7550/46 4003/7591/46
f 3673/6994/46 2786/6006/46 3983/7550/46
f 3677/7002/46 2790/6014/46 3673/7000/46
f 4015/7629/46 3617/7607/46 3164/6423/46
f 3697/7025/46 3617/7607/46 4015/7629/46
f 3699/7027/46 3617/7607/46 3697/7025/46
f 3716/7055/46 4010/7605/46 3619/7608/46
f 3728/7085/46 4011/7630/46 4010/7631/46
f 3728/7077/46 4010/7605/46 3716/7055/46
f 3732/7090/46 3625/7609/46 4011/7606/46
f 3732/7087/46 4011/7630/46 3728/7085/46
f 3734/7091/46 3625/7609/46 3732/7090/46
f 3740/7099/46 3633/7611/46 3627/7610/46
f 3746/7111/46 3633/7611/46 3740/7099/46
f 3754/7121/46 4012/7616/46 3635/7612/46
f 3754/7121/46 4013/7617/46 4012/7616/46
f 3754/7121/46 3641/7619/46 4013/7617/46
f 3758/7133/46 3641/7619/46 3754/7121/46
f 3764/7141/46 3649/7621/46 3643/7620/46
f 3774/7161/46 3649/7621/46 3764/7141/46
f 3780/7169/46 3657/7627/46 4014/7625/46
f 3780/7169/46 4014/7625/46 3651/7632/46
f 3798/7205/46 3657/7627/46 3780/7169/46
f 3804/7213/46 4005/7597/46 3659/7628/46
f 3826/7257/46 2718/5932/46 4005/7597/46
f 3826/7257/46 4005/7597/46 3804/7213/46
f 4016/7633/46 4015/7629/46 3164/6423/46
f 4017/7634/46 4015/7629/46 4016/7633/46
f 4018/7635/46 4016/7633/46 3164/6423/46
f 4018/7636/46 4017/7637/46 4016/7638/46
f 4019/7639/46 4015/7629/46 4017/7634/46
f 4019/7640/46 4017/7637/46 4018/7636/46
f 3852/7305/46 4018/7635/46 3164/6423/46
f 3852/7305/46 4019/7639/46 4018/7635/46
f 3864/7323/46 3697/7641/46 4015/7642/46
f 3864/7321/46 4019/7639/46 3852/7305/46
f 3864/7321/46 4015/7629/46 4019/7639/46
f 3866/7325/46 3697/7641/46 3864/7323/46
f 2731/5951/46 2620/5748/46 2609/5756/46
f 2733/5953/46 2620/5748/46 2731/5951/46
f 2739/5959/46 2652/5816/46 2649/5818/46
f 2741/5961/46 2652/5816/46 2739/5959/46
f 2747/5967/46 2668/5844/46 2665/5846/46
f 2749/5969/46 2668/5844/46 2747/5967/46
f 2755/5975/46 2684/5872/46 2681/5874/46
f 2757/5977/46 2684/5872/46 2755/5975/46
f 2763/5983/46 2704/5908/46 2701/5910/46
f 2765/5985/46 2704/5908/46 2763/5983/46
f 2771/5991/46 2716/5928/46 2713/5930/46
f 2773/5993/46 2716/5928/46 2771/5991/46
f 2779/5999/46 2722/5938/46 2724/5940/46
f 2781/6007/46 2726/5942/46 2722/5944/46
f 2781/6001/46 2722/5938/46 2779/5999/46
f 2787/6015/46 2728/5946/46 2726/5948/46
f 2787/6009/46 2726/5942/46 2781/6007/46
f 2791/6017/46 2728/5946/46 2787/6015/46
f 3700/7049/46 3620/6939/46 3618/6937/46
f 3714/7045/46 3620/6939/46 3700/7049/46
f 3735/7095/46 3628/6947/46 3626/6945/46
f 3738/7097/46 3628/6947/46 3735/7095/46
f 3747/7115/46 3636/6955/46 3634/6953/46
f 3750/7117/46 3636/6955/46 3747/7115/46
f 3759/7137/46 3644/6963/46 3642/6961/46
f 3762/7139/46 3644/6963/46 3759/7137/46
f 3775/7165/46 3652/6971/46 3650/6969/46
f 3778/7167/46 3652/6971/46 3775/7165/46
f 3799/7209/46 3660/6979/46 3658/6977/46
f 3802/7211/46 3660/6979/46 3799/7209/46
f 3828/7259/46 3668/6987/46 3666/6985/46
f 3830/7263/46 3674/6995/46 3668/6993/46
f 3830/7261/46 3668/6987/46 3828/7259/46
f 3846/7299/46 3678/7003/46 3674/7001/46
f 3846/7291/46 3674/6995/46 3830/7263/46
f 3850/7301/46 3678/7003/46 3846/7299/46
f 2922/6150/46 3261/6540/46 3257/6536/46
f 2928/6156/46 3261/6540/46 2922/6150/46
f 3335/6634/46 2950/6186/46 2952/6188/46
f 3337/6636/46 2950/6186/46 3335/6634/46
f 2998/6234/46 3313/6604/46 3309/6600/46
f 3004/6240/46 3313/6604/46 2998/6234/46
f 3094/6344/46 3387/6686/46 3383/6682/46
f 3100/6350/46 3387/6686/46 3094/6344/46
f 3155/6413/46 3466/6773/46 3462/6769/46
f 3161/6419/46 3466/6773/46 3155/6413/46
f 3613/6932/46 2794/6022/46 2796/6024/46
f 3615/6934/46 2794/6022/46 3613/6932/46
f 3525/6844/46 2802/6030/46 2804/6032/46
f 3527/6846/46 2802/6030/46 3525/6844/46
f 3545/6864/46 2818/6046/46 2820/6048/46
f 3547/6866/46 2818/6046/46 3545/6864/46
f 3561/6880/46 2834/6062/46 2836/6064/46
f 3563/6882/46 2834/6062/46 3561/6880/46
f 4020/7643/46 2572/5700/46 2574/5702/46
f 4021/7644/46 2572/5700/46 4020/7643/46
f 4022/7645/46 2588/5716/46 2582/5710/46
f 4023/7646/46 2588/5716/46 4022/7645/46
f 4024/7647/46 2611/5739/46 2597/5725/46
f 4025/7648/46 2611/5739/46 4024/7647/46
f 2803/6031/46 4021/7649/46 4020/7650/46
f 2805/6033/46 4021/7649/46 2803/6031/46
f 2819/6047/46 4023/7651/46 4022/7652/46
f 2821/6049/46 4023/7651/46 2819/6047/46
f 2835/6063/46 4025/7653/46 4024/7654/46
f 2837/6065/46 4025/7653/46 2835/6063/46
f 3287/6574/46 2880/6108/46 2852/6080/46
f 3288/6576/46 2880/6108/46 3287/6574/46
f 2914/6142/46 2880/6108/46 3288/6576/46
f 3299/6590/46 2914/6142/46 2916/6144/46
f 3301/6592/46 2880/6108/46 2914/6142/46
f 3301/6592/46 2914/6142/46 3299/6590/46
f 2954/6190/46 2880/6108/46 3301/6592/46
f 3339/6638/46 2954/6190/46 2956/6192/46
f 3341/6640/46 2880/6108/46 2954/6190/46
f 3341/6640/46 2954/6190/46 3339/6638/46
f 2970/6206/46 2880/6108/46 3341/6640/46
f 3359/6658/46 2970/6206/46 2972/6208/46
f 3361/6660/46 2880/6108/46 2970/6206/46
f 3361/6660/46 2970/6206/46 3359/6658/46
f 2982/6218/46 2880/6108/46 3361/6660/46
f 3369/6668/46 2982/6218/46 2984/6220/46
f 3371/6670/46 2880/6108/46 2982/6218/46
f 3371/6670/46 2982/6218/46 3369/6668/46
f 3043/6287/46 2880/6108/46 3371/6670/46
f 3424/6731/46 3043/6287/46 3045/6289/46
f 3426/6733/46 2880/6108/46 3043/6287/46
f 3426/6733/46 3043/6287/46 3424/6731/46
f 3066/6316/46 2880/6108/46 3426/6733/46
f 3436/6743/46 3066/6316/46 3068/6318/46
f 3438/6745/46 2880/6108/46 3066/6316/46
f 3438/6745/46 3066/6316/46 3436/6743/46
f 3074/6324/46 2880/6108/46 3438/6745/46
f 3444/6751/46 3074/6324/46 3076/6326/46
f 3446/6753/46 2880/6108/46 3074/6324/46
f 3446/6753/46 3074/6324/46 3444/6751/46
f 3123/6381/46 2880/6108/46 3446/6753/46
f 3489/6804/46 3123/6381/46 3125/6383/46
f 3491/6806/46 2880/6108/46 3123/6381/46
f 3491/6806/46 3123/6381/46 3489/6804/46
f 3143/6401/46 2880/6108/46 3491/6806/46
f 3577/6896/46 3143/6401/46 3145/6403/46
f 3607/6926/46 2880/6108/46 3143/6401/46
f 3607/6926/46 3143/6401/46 3577/6896/46
f 4026/7655/46 3528/6847/46 3526/6845/46
f 4027/7656/46 3528/6847/46 4026/7655/46
f 4028/7657/46 3548/6867/46 3546/6865/46
f 4029/7658/46 3548/6867/46 4028/7657/46
f 4030/7659/46 3564/6883/46 3562/6881/46
f 4031/7660/46 3564/6883/46 4030/7659/46
f 3185/6451/46 4027/7661/46 4026/7662/46
f 3187/6453/46 4027/7661/46 3185/6451/46
f 3197/6463/46 4029/7663/46 4028/7664/46
f 3199/6465/46 4029/7663/46 3197/6463/46
f 3702/7030/46 4031/7665/46 4030/7666/46
f 3704/7032/46 4031/7665/46 3702/7030/46
f 2915/7667/46 2882/6110/46 2884/6112/46
f 2917/7668/46 2882/6110/46 2915/7667/46
f 2955/7669/46 3302/7670/46 3300/7671/46
f 2957/7672/46 3302/7670/46 2955/7669/46
f 2971/7673/46 3342/7674/46 3340/7675/46
f 2973/7676/46 3342/7674/46 2971/7673/46
f 2983/7677/46 3362/7678/46 3360/7679/46
f 2985/7680/46 3362/7678/46 2983/7677/46
f 3044/7681/46 3372/7682/46 3370/7683/46
f 3046/7684/46 3372/7682/46 3044/7681/46
f 3067/7685/46 3427/7686/46 3425/7687/46
f 3069/7688/46 3427/7686/46 3067/7685/46
f 3075/7689/46 3439/7690/46 3437/7691/46
f 3077/7692/46 3439/7690/46 3075/7689/46
f 3124/7693/46 3447/7694/46 3445/7695/46
f 3126/7696/46 3447/7694/46 3124/7693/46
f 3144/6812/46 3492/7697/46 3490/7698/46
f 3146/6814/46 3492/7697/46 3144/6812/46
f 3521/6840/46 2910/6138/46 2912/6140/46
f 3523/6842/46 2910/6138/46 3521/6840/46
f 3875/7334/46 3858/7315/46 3856/7312/46
f 3877/7339/46 3862/7699/46 3858/7700/46
f 3877/7336/46 3858/7315/46 3875/7334/46
f 3880/7341/46 3862/7699/46 3877/7339/46
f 2883/7701/46 2853/6081/46 2855/6083/46
f 2885/7702/46 2853/6081/46 2883/7701/46
f 3580/6899/46 3498/7703/46 3497/7704/46
f 3582/6901/46 3498/7703/46 3580/6899/46
f 2887/7705/46 2857/6085/46 2859/6087/46
f 2889/7706/46 2857/6085/46 2887/7705/46
f 3584/6903/46 3502/7707/46 3500/7708/46
f 3586/6905/46 3502/7707/46 3584/6903/46
f 3283/6570/46 2798/6026/46 2800/6028/46
f 3285/6572/46 2798/6026/46 3283/6570/46
f 2891/7709/46 2861/6089/46 2863/6091/46
f 2893/7710/46 2861/6089/46 2891/7709/46
f 2963/6199/46 3294/6585/46 3292/6583/46
f 2965/6201/46 3294/6585/46 2963/6199/46
f 3027/6271/46 3350/6649/46 3348/6647/46
f 3029/6273/46 3350/6649/46 3027/6271/46
f 3083/6333/46 3412/6719/46 3410/6717/46
f 3085/6335/46 3412/6719/46 3083/6333/46
f 3136/6394/46 3455/6762/46 3453/6760/46
f 3138/6396/46 3455/6762/46 3136/6394/46
f 3588/6907/46 3506/7711/46 3504/7712/46
f 3590/6909/46 3506/7711/46 3588/6907/46
f 4032/7713/46 2576/5704/46 2578/5706/46
f 4033/7714/46 2576/5704/46 4032/7713/46
f 4034/7715/46 2590/5718/46 2584/5712/46
f 4035/7716/46 2590/5718/46 4034/7715/46
f 4036/7717/46 2613/5741/46 2599/5727/46
f 4037/7718/46 2613/5741/46 4036/7717/46
f 2807/6035/46 4033/7719/46 4032/7720/46
f 2809/6037/46 4033/7719/46 2807/6035/46
f 2823/6051/46 4035/7721/46 4034/7722/46
f 2825/6053/46 4035/7721/46 2823/6051/46
f 2839/6067/46 4037/7723/46 4036/7724/46
f 2841/6069/46 4037/7723/46 2839/6067/46
f 3420/6727/46 2978/6214/46 2980/6216/46
f 3422/6729/46 2978/6214/46 3420/6727/46
f 4038/7725/46 3532/6851/46 3530/6849/46
f 4039/7726/46 3532/6851/46 4038/7725/46
f 4040/7727/46 3552/6871/46 3550/6869/46
f 4041/7728/46 3552/6871/46 4040/7727/46
f 4042/7729/46 3568/6887/46 3566/6885/46
f 4043/7730/46 3568/6887/46 4042/7729/46
f 3189/6455/46 4039/7731/46 4038/7732/46
f 3191/6457/46 4039/7731/46 3189/6455/46
f 3201/6467/46 4041/7733/46 4040/7734/46
f 3203/6469/46 4041/7733/46 3201/6467/46
f 3693/7020/46 4043/7735/46 4042/7736/46
f 3706/7034/46 4043/7735/46 3693/7020/46
f 4044/7737/46 2551/5675/46 2543/5659/46
f 4045/7738/46 2551/5675/46 4044/7737/46
f 4046/7739/46 4044/7737/46 2543/5659/46
f 4046/7740/46 4045/7741/46 4044/7742/46
f 4047/7743/46 2551/5675/46 4045/7738/46
f 4047/7744/46 4045/7741/46 4046/7740/46
f 4048/7745/46 4046/7739/46 2543/5659/46
f 4048/7745/46 4047/7743/46 4046/7739/46
f 4049/7746/46 2551/5675/46 4047/7743/46
f 4049/7746/46 4047/7743/46 4048/7745/46
f 4050/7747/46 4048/7745/46 2543/5659/46
f 4050/7748/46 4049/7749/46 4048/7750/46
f 4051/7751/46 2551/5675/46 4049/7746/46
f 4051/7752/46 4049/7749/46 4050/7748/46
f 3239/6513/46 4050/7747/46 2543/5659/46
f 3239/6513/46 4051/7751/46 4050/7747/46
f 3242/6518/46 2553/5677/46 2551/5679/46
f 3242/6516/46 4051/7751/46 3239/6513/46
f 3242/6516/46 2551/5675/46 4051/7751/46
f 3244/6520/46 2553/5677/46 3242/6518/46
f 3033/6277/46 2990/6226/46 2992/6228/46
f 3377/6676/46 2990/6226/46 3033/6277/46
f 3039/6283/46 2994/6230/46 2996/6232/46
f 3379/6678/46 2994/6230/46 3039/6283/46
f 3432/6739/46 3051/6295/46 3053/6297/46
f 3434/6741/46 3051/6295/46 3432/6739/46
f 2895/7753/46 2865/6093/46 2867/6095/46
f 2897/7754/46 2865/6093/46 2895/7753/46
f 2991/6227/46 3354/6653/46 3352/6651/46
f 3031/6275/46 2991/6227/46 3352/6651/46
f 3034/6278/46 2991/6227/46 3031/6275/46
f 3040/6284/46 2995/6231/46 3368/6667/46
f 3042/6286/46 2995/6231/46 3040/6284/46
f 3433/6740/46 3052/6296/46 3414/6721/46
f 3087/6337/46 3433/6740/46 3414/6721/46
f 3089/6339/46 3433/6740/46 3087/6337/46
f 3592/6911/46 3510/7755/46 3508/7756/46
f 3594/6913/46 3510/7755/46 3592/6911/46
f 2899/7757/46 2869/6097/46 2871/6099/46
f 2901/7758/46 2869/6097/46 2899/7757/46
f 3596/6915/46 3514/7759/46 3512/7760/46
f 3598/6917/46 3514/7759/46 3596/6915/46
f 2566/5694/46 2555/5681/46 2557/5683/46
f 2568/5696/46 2555/5681/46 2566/5694/46
f 2903/7761/46 2873/6101/46 2875/6103/46
f 2905/7762/46 2873/6101/46 2903/7761/46
f 3600/6919/46 3518/7763/46 3516/7764/46
f 3602/6921/46 3518/7763/46 3600/6919/46
f 2581/5709/46 3241/6515/46 3240/6514/46
f 2586/5714/46 3241/6515/46 2581/5709/46
f 2596/7765/46 3243/6519/46 3241/7766/46
f 2596/5724/46 3241/6515/46 2586/5714/46
f 2601/7767/46 3243/6519/46 2596/7765/46
f 4052/7768/46 2581/5709/46 3240/6514/46
f 4053/7769/46 2581/5709/46 4052/7768/46
f 4054/7770/46 2596/5724/46 2586/5714/46
f 4055/7771/46 2596/5724/46 4054/7770/46
f 4056/7772/46 2615/5743/46 2601/5729/46
f 4057/7773/46 2615/5743/46 4056/7772/46
f 2811/6039/46 4053/7774/46 4052/7775/46
f 2813/6041/46 4053/7774/46 2811/6039/46
f 2827/6055/46 4055/7776/46 4054/7777/46
f 2829/6057/46 4055/7776/46 2827/6055/46
f 2843/6071/46 4057/7778/46 4056/7779/46
f 2845/6073/46 4057/7778/46 2843/6071/46
f 2967/6203/46 3298/6589/46 3296/6587/46
f 2969/6205/46 3298/6589/46 2967/6203/46
f 3036/6280/46 3358/6657/46 3356/6655/46
f 3038/6282/46 3358/6657/46 3036/6280/46
f 3091/6341/46 3419/6726/46 3417/6724/46
f 3093/6343/46 3419/6726/46 3091/6341/46
f 3140/6398/46 3459/6766/46 3457/6764/46
f 3142/6400/46 3459/6766/46 3140/6398/46
f 4058/7780/46 3536/6855/46 3534/6853/46
f 4059/7781/46 3536/6855/46 4058/7780/46
f 4060/7782/46 3556/6875/46 3554/6873/46
f 4061/7783/46 3556/6875/46 4060/7782/46
f 4062/7784/46 3572/6891/46 3570/6889/46
f 4063/7785/46 3572/6891/46 4062/7784/46
f 3683/7010/46 4059/7786/46 4058/7787/46
f 3685/7012/46 4059/7786/46 3683/7010/46
f 3688/7015/46 4061/7788/46 4060/7789/46
f 3691/7018/46 4061/7788/46 3688/7015/46
f 3695/7022/46 4063/7790/46 4062/7791/46
f 3708/7036/46 4063/7790/46 3695/7022/46
f 4064/7792/46 3222/6494/46 3224/6496/46
f 4065/7793/46 3226/6498/46 3222/6500/46
f 4065/7794/46 3222/6494/46 4064/7792/46
f 4066/7795/46 4065/7793/46 4064/7796/46
f 4067/7797/46 3226/6498/46 4065/7793/46
f 4067/7797/46 4065/7793/46 4066/7795/46
f 3899/7370/46 4067/7798/46 4066/7799/46
f 3901/7374/46 3226/6498/46 4067/7797/46
f 3901/7372/46 4067/7798/46 3899/7370/46
f 3903/7376/46 3226/6498/46 3901/7374/46
f 2907/6578/46 2877/6105/46 2879/6107/46
f 2909/6580/46 2877/6105/46 2907/6578/46
f 3604/6923/46 3147/6405/46 3149/6407/46
f 3606/6925/46 3147/6405/46 3604/6923/46
f 3223/6495/46 3192/6458/46 3194/6460/46
f 3223/6495/46 3206/6472/46 3192/6458/46
f 3223/6495/46 3210/7024/46 3204/6470/46
f 3223/6495/46 3204/6470/46 3206/6472/46
f 3225/6497/46 3210/7024/46 3223/6495/46
f 3227/7800/46 3210/7024/46 3225/6497/46
f 3882/7343/46 3210/7024/46 3227/7800/46
f 3887/7362/46 3208/6474/46 3210/6476/46
f 3887/7348/46 3210/7024/46 3882/7343/46
f 3893/7363/46 3208/6474/46 3887/7362/46
f 2556/5682/46 3231/6505/46 3229/6503/46
f 2558/5684/46 3231/6505/46 2556/5682/46
f 2603/6533/46 3238/6512/46 3236/6510/46
f 2606/7801/46 3238/6512/46 2603/6533/46
f 4068/7802/46 3249/6525/46 3247/6523/46
f 4069/7803/46 3249/6525/46 4068/7802/46
f 4070/7804/46 3253/6529/46 3251/6527/46
f 4070/7804/46 2603/5731/46 3253/6529/46
f 4071/7805/46 2603/5731/46 4070/7804/46
f 4072/7806/46 2617/5745/46 2606/5734/46
f 4073/7807/46 2617/5745/46 4072/7806/46
f 3258/6537/46 4069/7808/46 4068/7809/46
f 3260/6539/46 4069/7808/46 3258/6537/46
f 3262/6541/46 4071/7810/46 4070/7811/46
f 3267/6548/46 4071/7810/46 3262/6541/46
f 3277/6562/46 4073/7812/46 4072/7813/46
f 3279/6564/46 4073/7812/46 3277/6562/46
f 3310/6601/46 2925/6153/46 2927/6155/46
f 3312/6603/46 2925/6153/46 3310/6601/46
f 3314/6605/46 2934/6164/46 2929/6157/46
f 3319/6612/46 2934/6164/46 3314/6605/46
f 3329/6626/46 2944/6178/46 2946/6180/46
f 3331/6628/46 2944/6178/46 3329/6626/46
f 3384/6683/46 3001/6237/46 3003/6239/46
f 3386/6685/46 3001/6237/46 3384/6683/46
f 3388/6687/46 3010/6248/46 3005/6241/46
f 3393/6694/46 3010/6248/46 3388/6687/46
f 3403/6708/46 3020/6262/46 3022/6264/46
f 3405/6710/46 3020/6262/46 3403/6708/46
f 3463/6770/46 3097/6347/46 3099/6349/46
f 3465/6772/46 3097/6347/46 3463/6770/46
f 3467/6774/46 3106/6358/46 3101/6351/46
f 3472/6781/46 3106/6358/46 3467/6774/46
f 3485/6798/46 3119/6375/46 3120/6377/46
f 3486/6800/46 3119/6375/46 3485/6798/46
f 3609/6928/46 3151/6409/46 3153/6411/46
f 3611/6930/46 3151/6409/46 3609/6928/46
f 4074/7814/46 3158/6416/46 3160/6418/46
f 4075/7815/46 3158/6416/46 4074/7814/46
f 4076/7816/46 3167/6427/46 3162/6420/46
f 4077/7817/46 3167/6427/46 4076/7816/46
f 4078/7818/46 3180/6444/46 3181/6446/46
f 4079/7819/46 3180/6444/46 4078/7818/46
f 3193/6459/46 4075/7820/46 4074/7821/46
f 3195/6461/46 4075/7820/46 3193/6459/46
f 3205/6471/46 4077/7822/46 4076/7823/46
f 3207/6473/46 4077/7822/46 3205/6471/46
f 3209/7824/46 4079/7825/46 4078/7826/46
f 3211/7038/46 4079/7825/46 3209/7824/46
f 3711/7040/46 4079/7825/46 3211/7038/46
f 3108/6360/46 3061/6309/46 3057/6301/46
f 3109/6363/46 3061/6309/46 3108/6360/46
f 3111/7827/46 3064/6312/46 3062/6314/46
f 3110/7828/46 3064/6312/46 3111/7827/46
f 3169/6429/46 3475/6786/46 3473/6783/46
f 3170/6432/46 3475/6786/46 3169/6429/46
f 3172/7829/46 3478/7830/46 3477/7831/46
f 3171/7832/46 3478/7830/46 3172/7829/46
f 3895/7366/46 3871/7833/46 3869/7834/46
f 3897/7368/46 3871/7833/46 3895/7366/46
f 2570/5698/47 2569/5697/47 4080/7835/47
f 4080/7835/47 2569/5697/47 4081/7836/47
f 2580/5708/47 2587/5715/47 4082/7837/47
f 4082/7837/47 2587/5715/47 4083/7838/47
f 2595/5723/47 2610/5738/47 4084/7839/47
f 4084/7839/47 2610/5738/47 4085/7840/47
f 4080/7841/47 4081/7842/47 3256/6535/47
f 3256/6535/47 4081/7842/47 3257/6536/47
f 4082/7843/47 4083/7844/47 3261/6540/47
f 3261/6540/47 4083/7844/47 3266/6547/47
f 4084/7845/47 4085/7846/47 3274/6558/47
f 3274/6558/47 4085/7846/47 3276/6561/47
f 2923/6151/47 2922/6150/47 3308/6599/47
f 3308/6599/47 2922/6150/47 3309/6600/47
f 2928/6156/47 2933/6163/47 3313/6604/47
f 3313/6604/47 2933/6163/47 3318/6611/47
f 2942/6174/47 2943/6177/47 3326/6622/47
f 3326/6622/47 2943/6177/47 3328/6625/47
f 2999/6235/47 2998/6234/47 3382/6681/47
f 3382/6681/47 2998/6234/47 3383/6682/47
f 3004/6240/47 3009/6247/47 3387/6686/47
f 3387/6686/47 3009/6247/47 3392/6693/47
f 3018/6258/47 3019/6261/47 3400/6704/47
f 3400/6704/47 3019/6261/47 3402/6707/47
f 3095/6345/47 3094/6344/47 3461/6768/47
f 3461/6768/47 3094/6344/47 3462/6769/47
f 3100/6350/47 3105/6357/47 3466/6773/47
f 3466/6773/47 3105/6357/47 3471/6780/47
f 3117/6371/47 3118/6374/47 3482/6794/47
f 3482/6794/47 3118/6374/47 3484/6797/47
f 3156/6414/47 3155/6413/47 4086/7847/47
f 4086/7847/47 3155/6413/47 4087/7848/47
f 3161/6419/47 3166/6426/47 4088/7849/47
f 4088/7849/47 3166/6426/47 4089/7850/47
f 3178/6440/47 3179/6443/47 4090/7851/47
f 4090/7851/47 3179/6443/47 4091/7852/47
f 4086/7853/47 4087/7854/47 3186/6452/47
f 3186/6452/47 4087/7854/47 3184/6450/47
f 4088/7855/47 4089/7856/47 3198/6464/47
f 3198/6464/47 4089/7856/47 3196/6462/47
f 4090/7857/47 4091/7858/47 3698/7026/47
f 3698/7026/47 4091/7858/47 3701/7029/47
f 2951/6187/47 2953/6189/47 3336/6635/47
f 3336/6635/47 2953/6189/47 3338/6637/47
f 2851/6079/47 2850/6078/47 2884/6575/47
f 2884/6575/47 2850/6078/47 2882/6577/47
f 3144/6402/47 3146/6404/47 3578/6897/47
f 3578/6897/47 3146/6404/47 3579/6898/47
f 2573/5701/47 2575/5703/47 4092/7859/47
f 4092/7859/47 2575/5703/47 4093/7860/47
f 2583/5711/47 2589/5717/47 4094/7861/47
f 4094/7861/47 2589/5717/47 4095/7862/47
f 2598/5726/47 2612/5740/47 4096/7863/47
f 4096/7863/47 2612/5740/47 4097/7864/47
f 4092/7865/47 4093/7866/47 2808/6036/47
f 2808/6036/47 4093/7866/47 2806/6034/47
f 4094/7867/47 4095/7868/47 2824/6052/47
f 2824/6052/47 4095/7868/47 2822/6050/47
f 4096/7869/47 4097/7870/47 2840/6068/47
f 2840/6068/47 4097/7870/47 2838/6066/47
f 3291/6582/47 3293/6584/47 2964/6200/47
f 2964/6200/47 3293/6584/47 2962/6198/47
f 3347/6646/47 3349/6648/47 3028/6272/47
f 3028/6272/47 3349/6648/47 3026/6270/47
f 3409/6716/47 3411/6718/47 3084/6334/47
f 3084/6334/47 3411/6718/47 3082/6332/47
f 3452/6759/47 3454/6761/47 3137/6395/47
f 3137/6395/47 3454/6761/47 3135/6393/47
f 3529/6848/47 3531/6850/47 4098/7871/47
f 4098/7871/47 3531/6850/47 4099/7872/47
f 3549/6868/47 3551/6870/47 4100/7873/47
f 4100/7873/47 3551/6870/47 4101/7874/47
f 3565/6884/47 3567/6886/47 4102/7875/47
f 4102/7875/47 3567/6886/47 4103/7876/47
f 4098/7877/47 4099/7878/47 3190/6456/47
f 3190/6456/47 4099/7878/47 3188/6454/47
f 4100/7879/47 4101/7880/47 3202/6468/47
f 3202/6468/47 4101/7880/47 3200/6466/47
f 4102/7881/47 4103/7882/47 3703/7031/47
f 3703/7031/47 4103/7882/47 3705/7033/47
f 2854/6082/47 2856/6084/47 2888/7883/47
f 2888/7883/47 2856/6084/47 2886/7884/47
f 3499/7885/47 3501/7886/47 3581/6900/47
f 3581/6900/47 3501/7886/47 3583/6902/47
f 2858/6086/47 2860/6088/47 2892/7887/47
f 2892/7887/47 2860/6088/47 2890/7888/47
f 3503/7889/47 3505/7890/47 3585/6904/47
f 3585/6904/47 3505/7890/47 3587/6906/47
f 2799/6027/47 2801/6029/47 3284/6571/47
f 3284/6571/47 2801/6029/47 3286/6573/47
f 3859/7316/47 3861/7318/47 3876/7335/47
f 3861/7891/47 3863/7892/47 3878/7340/47
f 3876/7335/47 3861/7318/47 3878/7337/47
f 3878/7340/47 3863/7892/47 3881/7342/47
f 2862/6090/47 2864/6092/47 2896/7893/47
f 2896/7893/47 2864/6092/47 2894/7894/47
f 3351/6650/47 3353/6652/47 3032/6276/47
f 3032/6276/47 3353/6652/47 3030/6274/47
f 3413/6720/47 3415/6722/47 3088/6338/47
f 3088/6338/47 3415/6722/47 3086/6336/47
f 3507/7895/47 3509/7896/47 3589/6908/47
f 3589/6908/47 3509/7896/47 3591/6910/47
f 3189/6455/47 3203/6469/47 3860/7317/47
f 3203/7897/47 3693/7898/47 3865/7324/47
f 3860/7317/47 3203/6469/47 3865/7322/47
f 3865/7324/47 3693/7898/47 3867/7326/47
f 3367/6666/47 2996/6232/47 3041/6285/47
f 3041/6285/47 2996/6232/47 3039/6283/47
f 3228/6502/47 3230/6504/47 2567/5695/47
f 2567/5695/47 3230/6504/47 2565/5693/47
f 2577/5705/47 2579/5707/47 4104/7899/47
f 4104/7899/47 2579/5707/47 4105/7900/47
f 2585/5713/47 2591/5719/47 4106/7901/47
f 4106/7901/47 2591/5719/47 4107/7902/47
f 2600/5728/47 2614/5742/47 4108/7903/47
f 4108/7903/47 2614/5742/47 4109/7904/47
f 4104/7905/47 4105/7906/47 2812/6040/47
f 2812/6040/47 4105/7906/47 2810/6038/47
f 4106/7907/47 4107/7908/47 2828/6056/47
f 2828/6056/47 4107/7908/47 2826/6054/47
f 4108/7909/47 4109/7910/47 2844/6072/47
f 2844/6072/47 4109/7910/47 2842/6070/47
f 2991/6227/47 2993/6229/47 3034/6278/47
f 3034/6278/47 2993/6229/47 3378/6677/47
f 2995/6231/47 2997/6233/47 3042/6286/47
f 3042/6286/47 2997/6233/47 3380/6679/47
f 3052/6296/47 3054/6298/47 3433/6740/47
f 3433/6740/47 3054/6298/47 3435/6742/47
f 3533/6852/47 3535/6854/47 4110/7911/47
f 4110/7911/47 3535/6854/47 4111/7912/47
f 3553/6872/47 3555/6874/47 4112/7913/47
f 4112/7913/47 3555/6874/47 4113/7914/47
f 3569/6888/47 3571/6890/47 4114/7915/47
f 4114/7915/47 3571/6890/47 4115/7916/47
f 4110/7917/47 4111/7918/47 3681/7008/47
f 3681/7008/47 4111/7918/47 3682/7009/47
f 4112/7919/47 4113/7920/47 3687/7014/47
f 3687/7014/47 4113/7920/47 3690/7017/47
f 4114/7921/47 4115/7922/47 3694/7021/47
f 3694/7021/47 4115/7922/47 3707/7035/47
f 2866/6094/47 2868/6096/47 2900/7923/47
f 2900/7923/47 2868/6096/47 2898/7924/47
f 3295/6586/47 3297/6588/47 2968/6204/47
f 2968/6204/47 3297/6588/47 2966/6202/47
f 3355/6654/47 3357/6656/47 3037/6281/47
f 3037/6281/47 3357/6656/47 3035/6279/47
f 2979/6215/47 2981/6217/47 3421/6728/47
f 3421/6728/47 2981/6217/47 3423/6730/47
f 3416/6723/47 3418/6725/47 3092/6342/47
f 3092/6342/47 3418/6725/47 3090/6340/47
f 3456/6763/47 3458/6765/47 3141/6399/47
f 3141/6399/47 3458/6765/47 3139/6397/47
f 3511/7925/47 3513/7926/47 3593/6912/47
f 3593/6912/47 3513/7926/47 3595/6914/47
f 2870/6098/47 2872/6100/47 2904/7927/47
f 2904/7927/47 2872/6100/47 2902/7928/47
f 3515/7929/47 3517/7930/47 3597/6916/47
f 3597/6916/47 3517/7930/47 3599/6918/47
f 3232/6506/47 3233/6507/47 3243/6519/47
f 3243/6519/47 3233/6507/47 3245/6521/47
f 2874/6102/47 2876/6104/47 2908/7931/47
f 2908/7931/47 2876/6104/47 2906/7932/47
f 3519/7933/47 3520/7934/47 3601/6920/47
f 3601/6920/47 3520/7934/47 3603/6922/47
f 3235/6509/47 3237/6511/47 2604/7935/47
f 2604/7935/47 3237/6511/47 2602/7936/47
f 2907/6135/47 2909/6137/47 2920/7937/47
f 2920/7937/47 2909/6137/47 2918/7938/47
f 3303/7939/47 3305/7940/47 2960/7941/47
f 2960/7941/47 3305/7940/47 2958/7942/47
f 3343/7943/47 3345/7944/47 2976/7945/47
f 2976/7945/47 3345/7944/47 2974/7946/47
f 3363/7947/47 3365/7948/47 2988/7949/47
f 2988/7949/47 3365/7948/47 2986/7950/47
f 3373/7951/47 3375/7952/47 3049/7953/47
f 3049/7953/47 3375/7952/47 3047/7954/47
f 3428/7955/47 3430/7956/47 3072/7957/47
f 3072/7957/47 3430/7956/47 3070/7958/47
f 3440/7959/47 3442/7960/47 3080/7961/47
f 3080/7961/47 3442/7960/47 3078/7962/47
f 3448/7963/47 3450/7964/47 3129/7965/47
f 3129/7965/47 3450/7964/47 3127/7966/47
f 3493/7967/47 3495/7968/47 3149/6837/47
f 3149/6837/47 3495/7968/47 3147/6839/47
f 2911/6139/47 2913/6141/47 3522/6841/47
f 3522/6841/47 2913/6141/47 3524/6843/47
f 3246/6522/47 3248/6524/47 4116/7969/47
f 4116/7969/47 3248/6524/47 4117/7970/47
f 3250/6526/47 3252/6528/47 4118/7971/47
f 3252/6528/47 3254/7972/47 4118/7971/47
f 4118/7971/47 3254/7972/47 4119/7973/47
f 2605/5733/47 2616/5744/47 4120/7974/47
f 4120/7974/47 2616/5744/47 4121/7975/47
f 4116/7976/47 4117/7977/47 2816/6044/47
f 2816/6044/47 4117/7977/47 2814/6042/47
f 4118/7978/47 4119/7979/47 2832/6060/47
f 2832/6060/47 4119/7979/47 2830/6058/47
f 4120/7980/47 4121/7981/47 2848/6076/47
f 2848/6076/47 4121/7981/47 2846/6074/47
f 2878/6106/47 2881/6109/47 3289/6579/47
f 3289/6579/47 2881/6109/47 3290/6581/47
f 3290/6581/47 2881/6109/47 2921/6149/47
f 2919/6147/47 2921/6149/47 3304/6595/47
f 2921/6149/47 2881/6109/47 3306/6597/47
f 3304/6595/47 2921/6149/47 3306/6597/47
f 3306/6597/47 2881/6109/47 2961/6197/47
f 2959/6195/47 2961/6197/47 3344/6643/47
f 2961/6197/47 2881/6109/47 3346/6645/47
f 3344/6643/47 2961/6197/47 3346/6645/47
f 3346/6645/47 2881/6109/47 2977/6213/47
f 2975/6211/47 2977/6213/47 3364/6663/47
f 2977/6213/47 2881/6109/47 3366/6665/47
f 3364/6663/47 2977/6213/47 3366/6665/47
f 3366/6665/47 2881/6109/47 2989/6225/47
f 2987/6223/47 2989/6225/47 3374/6673/47
f 2989/6225/47 2881/6109/47 3376/6675/47
f 3374/6673/47 2989/6225/47 3376/6675/47
f 3376/6675/47 2881/6109/47 3050/6294/47
f 3048/6292/47 3050/6294/47 3429/6736/47
f 3050/6294/47 2881/6109/47 3431/6738/47
f 3429/6736/47 3050/6294/47 3431/6738/47
f 3431/6738/47 2881/6109/47 3073/6323/47
f 3071/6321/47 3073/6323/47 3441/6748/47
f 3073/6323/47 2881/6109/47 3443/6750/47
f 3441/6748/47 3073/6323/47 3443/6750/47
f 3443/6750/47 2881/6109/47 3081/6331/47
f 3079/6329/47 3081/6331/47 3449/6756/47
f 3081/6331/47 2881/6109/47 3451/6758/47
f 3449/6756/47 3081/6331/47 3451/6758/47
f 3451/6758/47 2881/6109/47 3130/6388/47
f 3128/6386/47 3130/6388/47 3494/6809/47
f 3130/6388/47 2881/6109/47 3496/6811/47
f 3494/6809/47 3130/6388/47 3496/6811/47
f 3496/6811/47 2881/6109/47 3150/6408/47
f 3148/6406/47 3150/6408/47 3605/6924/47
f 3150/6408/47 2881/6109/47 3608/6927/47
f 3605/6924/47 3150/6408/47 3608/6927/47
f 3537/6856/47 3539/6858/47 4122/7982/47
f 4122/7982/47 3539/6858/47 4123/7983/47
f 3557/6876/47 3559/6878/47 4124/7984/47
f 4124/7984/47 3559/6878/47 4125/7985/47
f 3573/6892/47 3575/6894/47 4126/7986/47
f 4126/7986/47 3575/6894/47 4127/7987/47
f 4122/7988/47 4123/7989/47 3684/7011/47
f 3684/7011/47 4123/7989/47 3686/7013/47
f 4124/7990/47 4125/7991/47 3689/7016/47
f 3689/7016/47 4125/7991/47 3692/7019/47
f 4126/7992/47 4127/7993/47 3696/7023/47
f 3696/7023/47 4127/7993/47 3709/7037/47
f 2815/6043/47 2817/6045/47 3538/6857/47
f 3538/6857/47 2817/6045/47 3540/6859/47
f 2831/6059/47 2833/6061/47 3558/6877/47
f 3558/6877/47 2833/6061/47 3560/6879/47
f 2847/6075/47 2849/6077/47 3574/6893/47
f 3574/6893/47 2849/6077/47 3576/6895/47
f 2546/5664/47 2552/5676/47 4128/7994/47
f 4128/7994/47 2552/5676/47 4129/7995/47
f 4128/7996/47 4129/7997/47 4130/7998/47
f 4129/7995/47 2552/5676/47 4131/7999/47
f 4130/7998/47 4129/7997/47 4131/8000/47
f 4130/8001/47 4131/7999/47 2561/5687/47
f 4131/7999/47 2552/5676/47 2559/5685/47
f 2561/5687/47 4131/7999/47 2559/5685/47
f 2552/5678/47 2554/5680/47 2563/5689/47
f 2559/5685/47 2552/5676/47 2563/8002/47
f 2563/5689/47 2554/5680/47 3234/6508/47
f 3260/6539/47 3262/6541/47 2925/6153/47
f 2925/6153/47 3262/6541/47 2929/6157/47
f 2795/6023/47 2797/6025/47 4132/8003/47
f 3312/6603/47 3314/6605/47 3001/6237/47
f 3001/6237/47 3314/6605/47 3005/6241/47
f 4132/8003/47 2797/6025/47 4133/8004/47
f 3386/6685/47 3388/6687/47 3097/6347/47
f 3097/6347/47 3388/6687/47 3101/6351/47
f 3465/6772/47 3467/6774/47 3158/6416/47
f 3158/6416/47 3467/6774/47 3162/6420/47
f 4133/8004/47 2797/6025/47 3614/6933/47
f 3614/6933/47 2797/6025/47 3616/6935/47
f 2560/5686/47 2562/5688/47 4134/8005/47
f 4134/8005/47 2562/5688/47 4135/8006/47
f 4134/8007/47 4135/8008/47 4136/8009/47
f 4135/8006/47 2562/5688/47 4137/8010/47
f 4136/8009/47 4135/8008/47 4137/8011/47
f 4136/8012/47 4137/8010/47 2594/5722/47
f 2562/5690/47 2564/5692/47 2592/8013/47
f 2594/5722/47 4137/8010/47 2592/5720/47
f 4137/8010/47 2562/5688/47 2592/5720/47
f 2592/8013/47 2564/5692/47 2607/8014/47
f 2618/5751/47 2621/5759/47 2736/5956/47
f 2736/5956/47 2621/5759/47 2734/5954/47
f 2650/5817/47 2653/5819/47 2744/5964/47
f 2744/5964/47 2653/5819/47 2742/5962/47
f 2666/5845/47 2669/5847/47 2752/5972/47
f 2752/5972/47 2669/5847/47 2750/5970/47
f 2682/5873/47 2685/5875/47 2760/5980/47
f 2760/5980/47 2685/5875/47 2758/5978/47
f 2702/5909/47 2705/5911/47 2768/5988/47
f 2768/5988/47 2705/5911/47 2766/5986/47
f 2714/5929/47 2717/5931/47 2776/5996/47
f 2776/5996/47 2717/5931/47 2774/5994/47
f 2723/5939/47 2725/5941/47 2784/6004/47
f 2725/5943/47 2727/5945/47 2782/6012/47
f 2784/6004/47 2725/5941/47 2782/6002/47
f 2727/5947/47 2729/5949/47 2788/6020/47
f 2782/6012/47 2727/5945/47 2788/6010/47
f 2788/6020/47 2729/5949/47 2792/6018/47
f 3152/6410/47 3154/6412/47 3610/6929/47
f 3610/6929/47 3154/6412/47 3612/6931/47
f 3621/6940/47 3623/6942/47 3712/7047/47
f 3712/7047/47 3623/6942/47 3715/7054/47
f 3629/6948/47 3631/6950/47 3736/7096/47
f 3736/7096/47 3631/6950/47 3739/7098/47
f 3637/6956/47 3639/6958/47 3748/7116/47
f 3748/7116/47 3639/6958/47 3753/7120/47
f 3645/6964/47 3647/6966/47 3760/7138/47
f 3760/7138/47 3647/6966/47 3763/7140/47
f 3653/6972/47 3655/6974/47 3776/7166/47
f 3776/7166/47 3655/6974/47 3779/7168/47
f 3661/6980/47 3663/6982/47 3800/7210/47
f 3800/7210/47 3663/6982/47 3803/7212/47
f 3669/6988/47 3671/6990/47 3829/7260/47
f 3671/6996/47 3675/6998/47 3831/7264/47
f 3829/7260/47 3671/6990/47 3831/7262/47
f 3675/7004/47 3679/7006/47 3849/7303/47
f 3831/7264/47 3675/6998/47 3849/7298/47
f 3849/7303/47 3679/7006/47 3851/7304/47
f 3868/7327/47 3870/7329/47 3900/7371/47
f 3870/8015/47 3879/8016/47 3902/7375/47
f 3900/7371/47 3870/7329/47 3902/7373/47
f 3902/7375/47 3879/8016/47 3904/7377/47
f 2593/5721/47 2619/5747/47 2735/8017/47
f 2624/5763/47 2651/5815/47 2737/8018/47
f 2737/8018/47 2651/5815/47 2743/8019/47
f 2656/5823/47 2667/5843/47 2745/8020/47
f 2745/8020/47 2667/5843/47 2751/8021/47
f 2672/5851/47 2683/5871/47 2753/8022/47
f 2753/8022/47 2683/5871/47 2759/8023/47
f 2688/5879/47 2703/5907/47 2761/8024/47
f 2761/8024/47 2703/5907/47 2767/8025/47
f 2708/5915/47 2715/5927/47 2769/8026/47
f 2769/8026/47 2715/5927/47 2775/8027/47
f 2720/5935/47 2721/5937/47 2777/8028/47
f 2593/5721/47 2735/8017/47 3268/6550/47
f 3268/6550/47 2735/8017/47 3270/6553/47
f 3270/6553/47 2735/8017/47 3280/6566/47
f 2735/5955/47 2737/5957/47 3282/8029/47
f 3280/6566/47 2735/8017/47 3282/6569/47
f 2785/6011/47 2789/6013/47 4138/8030/47
f 4138/8030/47 2789/6013/47 4139/8031/47
f 2737/8018/47 2743/8019/47 4140/8032/47
f 4140/8032/47 2743/8019/47 4141/8033/47
f 4138/8034/47 4139/8035/47 4142/8036/47
f 2785/6011/47 4138/8030/47 4142/8037/47
f 4139/8031/47 2789/6013/47 4143/8038/47
f 4142/8036/47 4139/8035/47 4143/8039/47
f 4140/8040/47 4141/8041/47 4144/8042/47
f 2737/8018/47 4140/8032/47 4144/8043/47
f 4141/8033/47 2743/8019/47 4145/8044/47
f 4144/8042/47 4141/8041/47 4145/8045/47
f 4142/8037/47 4143/8038/47 4146/8046/47
f 4143/8038/47 2789/6013/47 4147/8047/47
f 4146/8046/47 4143/8038/47 4147/8047/47
f 2745/8020/47 2751/8021/47 4148/8048/47
f 4148/8048/47 2751/8021/47 4149/8049/47
f 2761/8024/47 2767/8025/47 4150/8050/47
f 4150/8050/47 2767/8025/47 4151/8051/47
f 4145/8044/47 2743/8019/47 4152/8052/47
f 4144/8043/47 4145/8044/47 4152/8052/47
f 4152/8052/47 2743/8019/47 4153/8053/47
f 2777/8028/47 2721/5937/47 4154/8054/47
f 4154/8054/47 2721/5937/47 4155/8055/47
f 2745/8020/47 4148/8048/47 4156/8056/47
f 4148/8057/47 4149/8058/47 4156/8059/47
f 4149/8049/47 2751/8021/47 4157/8060/47
f 4156/8059/47 4149/8058/47 4157/8061/47
f 4150/8062/47 4151/8063/47 4158/8064/47
f 2761/8024/47 4150/8050/47 4158/8065/47
f 4151/8051/47 2767/8025/47 4159/8066/47
f 4158/8064/47 4151/8063/47 4159/8067/47
f 4142/8037/47 4146/8046/47 4160/8068/47
f 4146/8069/47 4147/8070/47 4160/8071/47
f 4147/8047/47 2789/6013/47 4161/8072/47
f 4160/8071/47 4147/8070/47 4161/8073/47
f 3270/6553/47 3280/6566/47 2937/6169/47
f 2937/6169/47 3280/6566/47 2948/6182/47
f 3282/8029/47 2737/5957/47 2949/8074/47
f 4144/8043/47 4152/8052/47 4162/8075/47
f 4152/8076/47 4153/8077/47 4162/8078/47
f 4153/8053/47 2743/8019/47 4163/8079/47
f 4162/8078/47 4153/8077/47 4163/8080/47
f 2769/8026/47 2775/8027/47 4164/8081/47
f 4164/8081/47 2775/8027/47 4165/8082/47
f 4154/8083/47 4155/8084/47 4166/8085/47
f 2777/8028/47 4154/8054/47 4166/8086/47
f 4155/8055/47 2721/5937/47 4167/8087/47
f 4166/8085/47 4155/8084/47 4167/8088/47
f 2937/6169/47 2948/6182/47 3320/6614/47
f 2948/6182/47 2949/6185/47 3320/6614/47
f 2936/6166/47 2937/6169/47 3320/6614/47
f 3320/6614/47 2949/6185/47 3322/6617/47
f 3322/6617/47 2949/6185/47 3332/6630/47
f 2949/8074/47 2737/5957/47 3334/8089/47
f 3332/6630/47 2949/6185/47 3334/6633/47
f 2753/8022/47 2759/8023/47 4168/8090/47
f 4168/8090/47 2759/8023/47 4169/8091/47
f 4164/8092/47 4165/8093/47 4170/8094/47
f 2769/8026/47 4164/8081/47 4170/8095/47
f 4165/8082/47 2775/8027/47 4171/8096/47
f 4170/8094/47 4165/8093/47 4171/8097/47
f 2753/8022/47 4168/8090/47 4172/8098/47
f 4168/8099/47 4169/8100/47 4173/8101/47
f 4172/8098/47 4168/8090/47 4173/8102/47
f 4172/8103/47 4173/8101/47 4174/8104/47
f 4173/8101/47 4169/8100/47 4174/8104/47
f 4169/8091/47 2759/8023/47 4175/8105/47
f 4174/8104/47 4169/8100/47 4175/8106/47
f 4167/8087/47 2721/5937/47 4176/8107/47
f 4166/8086/47 4167/8087/47 4176/8107/47
f 4176/8107/47 2721/5937/47 4177/8108/47
f 3322/6617/47 3332/6630/47 3013/6253/47
f 3013/6253/47 3332/6630/47 3024/6266/47
f 3334/8089/47 2737/5957/47 3025/8109/47
f 2777/8028/47 4166/8086/47 4178/8110/47
f 4166/8086/47 4176/8107/47 4178/8110/47
f 4178/8110/47 4176/8107/47 4179/8111/47
f 3013/6253/47 3024/6266/47 3394/6696/47
f 3024/6266/47 3025/6269/47 3394/6696/47
f 3012/6250/47 3013/6253/47 3394/6696/47
f 3394/6696/47 3025/6269/47 3396/6699/47
f 3396/6699/47 3025/6269/47 3406/6712/47
f 3025/8109/47 2737/5957/47 3408/8112/47
f 3406/6712/47 3025/6269/47 3408/6715/47
f 4144/8043/47 4162/8075/47 4180/8113/47
f 2737/8018/47 4144/8043/47 4180/8113/47
f 4162/8075/47 4163/8079/47 4180/8113/47
f 4180/8113/47 4163/8079/47 4181/8114/47
f 4179/8111/47 4176/8107/47 4182/8115/47
f 4176/8116/47 4177/8117/47 4182/8118/47
f 4182/8118/47 4177/8117/47 4183/8119/47
f 3396/6699/47 3406/6712/47 3061/6309/47
f 3061/6309/47 3406/6712/47 3062/6310/47
f 4172/8103/47 4174/8104/47 4184/8120/47
f 2753/8022/47 4172/8098/47 4184/8121/47
f 4174/8122/47 4175/8105/47 4185/8123/47
f 4184/8120/47 4174/8104/47 4185/8124/47
f 2769/8026/47 4170/8095/47 4186/8125/47
f 4170/8095/47 4171/8096/47 4186/8125/47
f 4186/8125/47 4171/8096/47 4187/8126/47
f 4178/8127/47 4179/8128/47 4188/8129/47
f 2777/8028/47 4178/8110/47 4188/8130/47
f 4182/8115/47 4183/8131/47 4189/8132/47
f 4188/8129/47 4179/8128/47 4189/8133/47
f 4179/8111/47 4182/8115/47 4189/8132/47
f 4180/8134/47 4181/8135/47 4190/8136/47
f 2737/8018/47 4180/8113/47 4190/8137/47
f 4181/8114/47 4163/8079/47 4191/8138/47
f 4190/8136/47 4181/8135/47 4191/8139/47
f 4175/8105/47 2759/8023/47 4192/8140/47
f 4185/8123/47 4175/8105/47 4192/8140/47
f 4184/8121/47 4185/8123/47 4192/8140/47
f 4192/8140/47 2759/8023/47 4193/8141/47
f 4188/8130/47 4189/8132/47 4194/8142/47
f 4189/8132/47 4183/8131/47 4195/8143/47
f 4194/8142/47 4189/8132/47 4195/8143/47
f 2785/6011/47 4142/8037/47 4196/8144/47
f 4142/8037/47 4160/8068/47 4196/8144/47
f 2783/6003/47 2785/6005/47 4196/8145/47
f 4160/8068/47 4161/8072/47 4196/8144/47
f 4196/8144/47 4161/8072/47 4197/8146/47
f 4157/8060/47 2751/8021/47 4198/8147/47
f 4156/8056/47 4157/8060/47 4198/8147/47
f 4198/8147/47 2751/8021/47 4199/8148/47
f 4191/8138/47 4163/8079/47 4200/8149/47
f 4190/8137/47 4191/8138/47 4200/8149/47
f 4200/8149/47 4163/8079/47 4201/8150/47
f 4192/8151/47 4193/8152/47 4202/8153/47
f 4184/8121/47 4192/8140/47 4202/8154/47
f 4193/8141/47 2759/8023/47 4203/8155/47
f 4202/8153/47 4193/8152/47 4203/8156/47
f 2769/8026/47 4186/8125/47 4204/8157/47
f 4186/8158/47 4187/8159/47 4205/8160/47
f 4204/8157/47 4186/8125/47 4205/8161/47
f 4187/8126/47 4171/8096/47 4206/8162/47
f 4205/8160/47 4187/8159/47 4206/8163/47
f 4194/8164/47 4195/8165/47 4207/8166/47
f 4188/8130/47 4194/8142/47 4207/8167/47
f 4207/8166/47 4195/8165/47 4208/8168/47
f 4195/8143/47 4183/8131/47 4209/8169/47
f 4209/8169/47 4183/8131/47 4210/8170/47
f 4196/8171/47 4197/8172/47 4211/8173/47
f 2783/6003/47 4196/8145/47 4211/8174/47
f 4197/8146/47 4161/8072/47 4212/8175/47
f 4211/8173/47 4197/8172/47 4212/8176/47
f 3408/8112/47 2737/5957/47 3122/8177/47
f 4198/8178/47 4199/8179/47 4213/8180/47
f 4156/8056/47 4198/8147/47 4213/8181/47
f 4199/8148/47 2751/8021/47 4214/8182/47
f 4213/8180/47 4199/8179/47 4214/8183/47
f 4208/8168/47 4195/8165/47 4215/8184/47
f 4207/8167/47 4208/8185/47 4215/8186/47
f 4195/8143/47 4209/8169/47 4216/8187/47
f 4215/8184/47 4195/8165/47 4216/8188/47
f 4212/8175/47 4161/8072/47 4217/8189/47
f 4211/8190/47 4212/8175/47 4217/8189/47
f 4161/8072/47 2789/6013/47 4218/8191/47
f 4217/8189/47 4161/8072/47 4218/8191/47
f 3110/6364/47 3122/6380/47 3478/6789/47
f 3122/8177/47 2737/5957/47 3488/8192/47
f 3478/6789/47 3122/6380/47 3488/6803/47
f 4200/8193/47 4201/8194/47 4219/8195/47
f 4190/8137/47 4200/8149/47 4219/8196/47
f 4201/8150/47 4163/8079/47 4220/8197/47
f 4219/8195/47 4201/8194/47 4220/8198/47
f 2753/8022/47 4184/8121/47 4221/8199/47
f 4184/8121/47 4202/8154/47 4221/8199/47
f 4202/8154/47 4203/8155/47 4221/8199/47
f 4221/8199/47 4203/8155/47 4222/8200/47
f 4204/8201/47 4205/8160/47 4223/8202/47
f 4205/8161/47 4206/8162/47 4223/8203/47
f 4223/8203/47 4206/8162/47 4224/8204/47
f 4216/8187/47 4209/8169/47 4225/8205/47
f 4215/8186/47 4216/8187/47 4225/8205/47
f 4209/8206/47 4210/8207/47 4226/8208/47
f 4225/8205/47 4209/8169/47 4226/8209/47
f 4226/8208/47 4210/8207/47 4227/8210/47
f 4225/8211/47 4226/8208/47 4227/8210/47
f 4210/8170/47 4183/8131/47 4228/8212/47
f 4227/8210/47 4210/8207/47 4228/8213/47
f 4211/8190/47 4217/8189/47 4229/8214/47
f 4217/8215/47 4218/8216/47 4229/8217/47
f 4218/8191/47 2789/6013/47 4230/8218/47
f 4229/8217/47 4218/8216/47 4230/8219/47
f 2769/8026/47 4204/8157/47 4231/8220/47
f 4204/8201/47 4223/8202/47 4231/8221/47
f 4223/8202/47 4224/8222/47 4231/8221/47
f 4224/8204/47 4206/8162/47 4232/8223/47
f 4231/8221/47 4224/8222/47 4232/8224/47
f 4206/8162/47 4171/8096/47 4233/8225/47
f 4232/8223/47 4206/8162/47 4233/8225/47
f 4171/8096/47 2775/8027/47 4234/8226/47
f 4233/8225/47 4171/8096/47 4234/8226/47
f 4225/8211/47 4227/8210/47 4235/8227/47
f 4215/8186/47 4225/8205/47 4235/8228/47
f 4227/8229/47 4228/8212/47 4236/8230/47
f 4235/8227/47 4227/8210/47 4236/8231/47
f 4221/8232/47 4222/8233/47 4237/8234/47
f 2753/8022/47 4221/8199/47 4237/8235/47
f 4222/8200/47 4203/8155/47 4238/8236/47
f 4237/8234/47 4222/8233/47 4238/8237/47
f 2745/8020/47 4156/8056/47 4239/8238/47
f 2743/5963/47 2745/5965/47 4239/8239/47
f 4156/8056/47 4213/8181/47 4239/8238/47
f 4213/8181/47 4214/8182/47 4239/8238/47
f 4239/8238/47 4214/8182/47 4240/8240/47
f 4231/8220/47 4232/8223/47 4241/8241/47
f 4232/8223/47 4233/8225/47 4241/8241/47
f 4233/8242/47 4234/8243/47 4241/8244/47
f 4234/8226/47 2775/8027/47 4242/8245/47
f 4241/8244/47 4234/8243/47 4242/8246/47
f 4239/8247/47 4240/8248/47 4243/8249/47
f 2743/5963/47 4239/8239/47 4243/8250/47
f 4240/8240/47 4214/8182/47 4244/8251/47
f 4243/8249/47 4240/8248/47 4244/8252/47
f 3488/8192/47 2737/5957/47 3183/8253/47
f 3183/8253/47 2737/5957/47 3622/6941/47
f 3171/6433/47 3183/6449/47 3622/8254/47
f 2737/8018/47 4190/8137/47 3624/8255/47
f 3622/6941/47 2737/5957/47 3624/6943/47
f 4190/8137/47 4219/8196/47 3624/8255/47
f 4219/8196/47 4220/8197/47 3624/8255/47
f 4163/8079/47 2743/8019/47 3630/8256/47
f 3624/8255/47 4220/8197/47 3630/8256/47
f 2743/5963/47 4243/8250/47 3630/6949/47
f 4220/8197/47 4163/8079/47 3630/8256/47
f 4243/8257/47 4244/8251/47 3632/8258/47
f 3630/6949/47 4243/8250/47 3632/6951/47
f 4214/8182/47 2751/8021/47 3638/8259/47
f 3632/8258/47 4244/8251/47 3638/8259/47
f 2751/5971/47 2753/5973/47 3638/6957/47
f 4244/8251/47 4214/8182/47 3638/8259/47
f 4237/8235/47 4238/8236/47 3640/8260/47
f 3638/6957/47 2753/5973/47 3640/6959/47
f 2753/8022/47 4237/8235/47 3640/8260/47
f 4238/8236/47 4203/8155/47 3646/8261/47
f 3640/8260/47 4238/8236/47 3646/8261/47
f 2759/5979/47 2761/5981/47 3646/6965/47
f 4203/8155/47 2759/8023/47 3646/8261/47
f 2761/8024/47 4158/8065/47 3648/8262/47
f 3646/6965/47 2761/5981/47 3648/6967/47
f 4158/8065/47 4159/8066/47 3648/8262/47
f 2767/5987/47 2769/5989/47 3654/6973/47
f 3648/8262/47 4159/8066/47 3654/8263/47
f 4159/8066/47 2767/8025/47 3654/8263/47
f 2769/8026/47 4231/8220/47 3656/8264/47
f 3654/6973/47 2769/5989/47 3656/6975/47
f 4231/8220/47 4241/8241/47 3656/8264/47
f 4241/8241/47 4242/8245/47 3656/8264/47
f 2775/5995/47 2777/5997/47 3662/6981/47
f 3656/8264/47 4242/8245/47 3662/8265/47
f 4242/8245/47 2775/8027/47 3662/8265/47
f 4207/8167/47 4215/8186/47 3664/8266/47
f 3662/6981/47 2777/5997/47 3664/6983/47
f 4188/8130/47 4207/8167/47 3664/8266/47
f 4215/8186/47 4235/8228/47 3664/8266/47
f 2777/8028/47 4188/8130/47 3664/8266/47
f 4235/8228/47 4236/8230/47 3664/8266/47
f 2783/6003/47 4211/8174/47 3670/6989/47
f 4229/8214/47 4230/8218/47 3672/6997/47
f 3670/6989/47 4211/8174/47 3672/6991/47
f 4211/8190/47 4229/8214/47 3672/6997/47
f 2789/6019/47 2793/6021/47 3676/7005/47
f 3672/6997/47 4230/8218/47 3676/6999/47
f 4230/8218/47 2789/6013/47 3676/6999/47
f 3676/7005/47 2793/6021/47 3680/7007/47
f 3171/6433/47 3622/8254/47 3710/7039/47
f 3710/7039/47 3622/8254/47 3713/7042/47
f 3624/8255/47 3630/8256/47 3718/7059/47
f 3718/7059/47 3630/8256/47 3737/7094/47
f 3632/8258/47 3638/8259/47 3742/7103/47
f 3742/7103/47 3638/8259/47 3749/7114/47
f 3640/8260/47 3646/8261/47 3756/7129/47
f 3756/7129/47 3646/8261/47 3761/7136/47
f 3648/8262/47 3654/8263/47 3766/7145/47
f 3766/7145/47 3654/8263/47 3777/7164/47
f 3656/8264/47 3662/8265/47 3782/7173/47
f 3782/7173/47 3662/8265/47 3801/7208/47
f 3664/8266/47 4236/8230/47 3806/7217/47
f 4236/8230/47 4228/8212/47 3827/7258/47
f 3806/7217/47 4236/8230/47 3827/7258/47
f 4228/8212/47 4183/8131/47 3827/7258/47
f 3872/8267/47 3874/8268/47 3896/7367/47
f 3896/7367/47 3874/8268/47 3898/7369/47
f 3056/6300/47 3063/6311/47 4245/8269/47
f 4245/8269/47 3063/6311/47 4246/8270/47
f 4245/8271/47 4246/8272/47 4247/8273/47
f 4246/8270/47 3063/6311/47 4248/8274/47
f 4247/8273/47 4246/8272/47 4248/8275/47
f 4247/8276/47 4248/8274/47 3133/8277/47
f 4248/8274/47 3063/6311/47 3131/8278/47
f 3133/8277/47 4248/8274/47 3131/8278/47
f 3131/8278/47 3063/6311/47 3543/8279/47
f 3541/8280/47 3543/8279/47 3214/6480/47
f 3543/8279/47 3063/6311/47 3212/6478/47
f 3214/6480/47 3543/8279/47 3212/6478/47
f 3212/6478/47 3063/6311/47 3216/6488/47
f 3063/6313/47 3065/6315/47 3218/6492/47
f 3216/6488/47 3063/6311/47 3218/6486/47
f 3218/6492/47 3065/6315/47 3220/6490/47
f 3132/6390/47 3134/6392/47 3542/6861/47
f 3542/6861/47 3134/6392/47 3544/6863/47
f 3213/6479/47 3215/6481/47 4249/8281/47
f 3215/6483/47 3217/6485/47 4249/8282/47
f 3217/6487/47 3219/6489/47 4250/8283/47
f 4249/8282/47 3217/6485/47 4250/8284/47
f 3213/6479/47 4249/8281/47 3873/7332/47
f 4249/8281/47 4250/8283/47 3873/7332/47
f 3219/6491/47 3221/6493/47 3892/7364/47
f 3873/7332/47 4250/8283/47 3892/7361/47
f 4250/8283/47 3219/6489/47 3892/7361/47
f 3892/7364/47 3221/6493/47 3894/7365/47
f 4251/8285/48 3263/6542/48 2571/5699/48
f 3255/6543/48 3263/6542/48 4251/8285/48
f 2924/6159/48 3315/6606/48 2931/6160/48
f 3307/6607/48 3315/6606/48 2924/6159/48
f 3000/6243/48 3389/6688/48 3007/6244/48
f 3381/6689/48 3389/6688/48 3000/6243/48
f 3096/6353/48 3468/6775/48 3103/6354/48
f 3460/6776/48 3468/6775/48 3096/6353/48
f 3157/6422/48 3852/7305/48 3164/6423/48
f 4252/8286/48 3852/7305/48 3157/6422/48
f 2570/5698/48 4251/8285/48 2571/5699/48
f 4080/7841/48 3255/6534/48 4251/8287/48
f 4080/7835/48 4251/8285/48 2570/5698/48
f 3256/6535/48 3255/6534/48 4080/7841/48
f 2923/6151/48 3307/6598/48 2924/6152/48
f 3308/6599/48 3307/6598/48 2923/6151/48
f 2999/6235/48 3381/6680/48 3000/6236/48
f 3382/6681/48 3381/6680/48 2999/6235/48
f 3095/6345/48 3460/6767/48 3096/6346/48
f 3461/6768/48 3460/6767/48 3095/6345/48
f 3156/6414/48 4252/8288/48 3157/6415/48
f 4086/7853/48 3852/7305/48 4252/8286/48
f 4086/7847/48 4252/8288/48 3156/6414/48
f 3186/6452/48 3852/7305/48 4086/7853/48
f 4253/8289/48 3852/7305/48 3186/6452/48
f 3853/7306/48 3852/7305/48 4253/8289/48
f 4254/8290/48 4253/8289/48 3186/6452/48
f 4254/8291/48 3853/7308/48 4253/8292/48
f 3855/7309/48 3853/7308/48 4254/8291/48
f 2803/6031/48 3525/6844/48 2804/6032/48
f 3526/6845/48 3525/6844/48 2803/6031/48
f 3185/6451/48 4254/8290/48 3186/6452/48
f 3185/6451/48 3855/7311/48 4254/8290/48
f 3856/7312/48 3855/7311/48 3185/6451/48
f 3856/7312/48 3185/6451/48 4026/7662/48
f 2573/5701/48 4020/7643/48 2574/5702/48
f 4092/7865/48 4026/7655/48 3526/6845/48
f 4092/7859/48 4020/7643/48 2573/5701/48
f 4092/7865/48 3526/6845/48 2803/6031/48
f 4092/7865/48 2803/6031/48 4020/7650/48
f 2808/6036/48 4026/7655/48 4092/7865/48
f 3529/6848/48 4026/7655/48 2808/6036/48
f 4098/7877/48 3875/7334/48 3856/7312/48
f 4098/7871/48 4026/7655/48 3529/6848/48
f 4098/7877/48 3856/7312/48 4026/7662/48
f 3190/6456/48 3875/7334/48 4098/7877/48
f 3859/7316/48 3875/7334/48 3190/6456/48
f 3876/7335/48 3875/7334/48 3859/7316/48
f 2807/6035/48 3529/6848/48 2808/6036/48
f 3530/6849/48 3529/6848/48 2807/6035/48
f 3189/6455/48 3859/7316/48 3190/6456/48
f 3860/7317/48 3859/7316/48 3189/6455/48
f 2577/5705/48 4032/7713/48 2578/5706/48
f 4104/7905/48 4038/7725/48 3530/6849/48
f 4104/7899/48 4032/7713/48 2577/5705/48
f 4104/7905/48 2807/6035/48 4032/7720/48
f 4104/7905/48 3530/6849/48 2807/6035/48
f 2812/6040/48 4038/7725/48 4104/7905/48
f 3533/6852/48 4038/7725/48 2812/6040/48
f 4110/7917/48 3189/6455/48 4038/7732/48
f 4110/7911/48 4038/7725/48 3533/6852/48
f 3681/7008/48 3189/6455/48 4110/7917/48
f 3240/6514/48 3239/6513/48 2543/5659/48
f 2811/6039/48 3533/6852/48 2812/6040/48
f 3534/6853/48 3533/6852/48 2811/6039/48
f 4255/8293/48 4064/7792/48 3224/6496/48
f 4255/8294/48 4066/7795/48 4064/7796/48
f 4256/8295/48 3899/7370/48 4066/7799/48
f 4256/8296/48 4066/7795/48 4255/8294/48
f 3246/6522/48 4052/7768/48 3240/6514/48
f 4116/7976/48 3534/6853/48 2811/6039/48
f 4116/7969/48 4052/7768/48 3246/6522/48
f 4116/7976/48 4058/7780/48 3534/6853/48
f 4116/7976/48 2811/6039/48 4052/7775/48
f 2816/6044/48 4058/7780/48 4116/7976/48
f 3537/6856/48 4058/7780/48 2816/6044/48
f 4122/7988/48 3683/7010/48 4058/7787/48
f 4122/7982/48 4058/7780/48 3537/6856/48
f 3684/7011/48 3683/7010/48 4122/7988/48
f 2542/5658/48 3246/6522/48 3240/6514/48
f 2542/5658/48 3240/6514/48 2543/5659/48
f 4257/8297/48 3246/6522/48 2542/5658/48
f 2815/6043/48 3537/6856/48 2816/6044/48
f 3538/6857/48 3537/6856/48 2815/6043/48
f 3223/6495/48 4256/8295/48 4255/8293/48
f 3223/6495/48 4255/8293/48 3224/6496/48
f 2544/5661/48 4257/8298/48 2542/5662/48
f 4258/8299/48 3246/6522/48 4257/8297/48
f 4258/8300/48 4257/8298/48 2544/5661/48
f 4259/8301/48 3246/6522/48 4258/8299/48
f 4260/8302/48 3246/6522/48 4259/8301/48
f 2546/5664/48 4258/8299/48 2544/5665/48
f 2546/5664/48 4259/8301/48 4258/8299/48
f 4128/7996/48 4260/8303/48 4259/8304/48
f 4128/7994/48 4259/8301/48 2546/5664/48
f 4130/8001/48 3246/6522/48 4260/8302/48
f 4130/7998/48 4260/8303/48 4128/7996/48
f 2561/5687/48 3246/6522/48 4130/8001/48
f 4261/8305/48 3246/6522/48 2561/5687/48
f 4262/8306/48 3246/6522/48 4261/8305/48
f 3247/6523/48 3246/6522/48 4262/8306/48
f 3193/6459/48 3223/6495/48 3194/6460/48
f 2560/5686/48 4261/8305/48 2561/5687/48
f 4134/8007/48 4262/8307/48 4261/8308/48
f 4134/8005/48 4261/8305/48 2560/5686/48
f 4136/8012/48 3247/6523/48 4262/8306/48
f 4136/8009/48 4262/8307/48 4134/8007/48
f 4136/8012/48 4068/7802/48 3247/6523/48
f 2594/5722/48 4068/7802/48 4136/8012/48
f 4263/8309/48 3258/6537/48 4068/7809/48
f 4263/8310/48 4068/7802/48 2594/5722/48
f 3259/6538/48 3258/6537/48 4263/8309/48
f 2926/6154/48 3310/6601/48 2927/6155/48
f 3311/6602/48 3310/6601/48 2926/6154/48
f 3002/6238/48 3384/6683/48 3003/6239/48
f 3385/6684/48 3384/6683/48 3002/6238/48
f 3098/6348/48 3463/6770/48 3099/6349/48
f 3464/6771/48 3463/6770/48 3098/6348/48
f 3159/6417/48 4074/7814/48 3160/6418/48
f 4264/8311/48 3193/6459/48 4074/7821/48
f 4264/8312/48 4074/7814/48 3159/6417/48
f 3868/7327/48 4256/8295/48 3223/6495/48
f 3868/7327/48 3193/6459/48 4264/8311/48
f 3868/7327/48 3223/6495/48 3193/6459/48
f 3900/7371/48 3899/7370/48 4256/8295/48
f 3900/7371/48 4256/8295/48 3868/7327/48
f 2593/5721/48 3259/6549/48 4263/8310/48
f 2593/5721/48 4263/8310/48 2594/5722/48
f 3268/6550/48 3259/6549/48 2593/5721/48
f 2936/6166/48 3311/6613/48 2926/6167/48
f 3320/6614/48 3311/6613/48 2936/6166/48
f 3012/6250/48 3385/6695/48 3002/6251/48
f 3394/6696/48 3385/6695/48 3012/6250/48
f 3108/6360/48 3464/6782/48 3098/6361/48
f 3473/6783/48 3464/6782/48 3108/6360/48
f 3169/6429/48 3868/7327/48 4264/8311/48
f 3169/6429/48 4264/8311/48 3159/6430/48
f 3869/7328/48 3169/6429/48 3473/6783/48
f 3869/7328/48 3868/7327/48 3169/6429/48
f 3869/7328/48 3473/6783/48 3108/6360/48
f 3869/7328/48 3108/6360/48 3057/6301/48
f 4265/8313/48 3869/7328/48 3057/6301/48
f 4266/8314/48 3869/7328/48 4265/8313/48
f 3872/8267/48 3895/7366/48 3869/7834/48
f 3872/7331/48 3869/7328/48 4266/8314/48
f 3896/7367/48 3895/7366/48 3872/8267/48
f 3056/6300/48 4265/8313/48 3057/6301/48
f 4245/8271/48 4266/8315/48 4265/8316/48
f 4245/8269/48 4265/8313/48 3056/6300/48
f 4247/8276/48 3872/7331/48 4266/8314/48
f 4247/8273/48 4266/8315/48 4245/8271/48
f 3133/8277/48 3872/7331/48 4247/8276/48
f 3541/8280/48 3872/7331/48 3133/8277/48
f 3214/6480/48 3872/7331/48 3541/8280/48
f 3132/6390/48 3541/6860/48 3133/6391/48
f 3542/6861/48 3541/6860/48 3132/6390/48
f 3213/6479/48 3872/7331/48 3214/6480/48
f 3873/7332/48 3872/7331/48 3213/6479/48
f 2802/6030/48 3257/6536/48 4081/7842/48
f 2802/6030/48 2922/6150/48 3257/6536/48
f 2802/6030/48 4087/7848/48 3155/6413/48
f 2802/6030/48 3155/6413/48 3462/6769/48
f 2802/6030/48 3462/6769/48 3094/6344/48
f 2802/6030/48 3094/6344/48 3383/6682/48
f 2802/6030/48 3383/6682/48 2998/6234/48
f 2802/6030/48 2998/6234/48 3309/6600/48
f 2802/6030/48 3309/6600/48 2922/6150/48
f 3527/6846/48 4087/7848/48 2802/6030/48
f 2572/5700/48 4081/7836/48 2569/5697/48
f 4021/7649/48 2802/6030/48 4081/7842/48
f 4021/7644/48 4081/7836/48 2572/5700/48
f 2805/6033/48 2802/6030/48 4021/7649/48
f 3528/6847/48 4087/7848/48 3527/6846/48
f 4027/7661/48 3184/6450/48 4087/7854/48
f 4027/7656/48 4087/7848/48 3528/6847/48
f 3187/6453/48 3184/6450/48 4027/7661/48
f 2576/5704/48 4093/7860/48 2575/5703/48
f 4033/7719/48 2806/6034/48 4093/7866/48
f 4033/7714/48 4093/7860/48 2576/5704/48
f 2809/6037/48 2806/6034/48 4033/7719/48
f 3532/6851/48 4099/7872/48 3531/6850/48
f 4039/7731/48 3188/6454/48 4099/7878/48
f 4039/7726/48 4099/7872/48 3532/6851/48
f 3191/6457/48 3188/6454/48 4039/7731/48
f 2581/5709/48 4105/7900/48 2579/5707/48
f 4053/7774/48 2810/6038/48 4105/7906/48
f 4053/7769/48 4105/7900/48 2581/5709/48
f 2813/6041/48 2810/6038/48 4053/7774/48
f 3536/6855/48 4111/7912/48 3535/6854/48
f 4059/7786/48 3682/7009/48 4111/7918/48
f 4059/7781/48 4111/7912/48 3536/6855/48
f 3685/7012/48 3682/7009/48 4059/7786/48
f 2817/6045/48 2814/6042/48 4117/7977/48
f 3540/6859/48 4123/7983/48 3539/6858/48
f 3192/6458/48 3686/7013/48 4123/7989/48
f 3249/6525/48 4117/7970/48 3248/6524/48
f 4069/7808/48 3540/6859/48 2817/6045/48
f 4069/7803/48 4117/7970/48 3249/6525/48
f 4069/7808/48 2817/6045/48 4117/7977/48
f 3260/6539/48 3540/6859/48 4069/7808/48
f 2925/6153/48 3540/6859/48 3260/6539/48
f 3312/6603/48 3540/6859/48 2925/6153/48
f 3001/6237/48 3540/6859/48 3312/6603/48
f 3386/6685/48 3540/6859/48 3001/6237/48
f 3097/6347/48 3540/6859/48 3386/6685/48
f 3465/6772/48 3540/6859/48 3097/6347/48
f 3158/6416/48 4123/7983/48 3540/6859/48
f 3158/6416/48 3540/6859/48 3465/6772/48
f 4075/7820/48 3192/6458/48 4123/7989/48
f 4075/7815/48 4123/7983/48 3158/6416/48
f 3195/6461/48 3192/6458/48 4075/7820/48
f 3265/6546/48 2930/6158/48 3264/6544/48
f 2932/6162/48 2930/6158/48 3265/6546/48
f 3317/6610/48 3006/6242/48 3316/6608/48
f 3008/6246/48 3006/6242/48 3317/6610/48
f 3391/6692/48 3102/6352/48 3390/6690/48
f 3104/6356/48 3102/6352/48 3391/6692/48
f 3470/6779/48 3163/6421/48 3469/6777/48
f 3165/6425/48 3163/6421/48 3470/6779/48
f 3266/6547/48 2932/6161/48 3265/6545/48
f 2933/6163/48 2932/6161/48 3266/6547/48
f 3318/6611/48 3008/6245/48 3317/6609/48
f 3009/6247/48 3008/6245/48 3318/6611/48
f 3392/6693/48 3104/6355/48 3391/6691/48
f 3105/6357/48 3104/6355/48 3392/6693/48
f 3471/6780/48 3165/6424/48 3470/6778/48
f 3166/6426/48 3165/6424/48 3471/6780/48
f 2818/6046/48 3009/6247/48 3318/6611/48
f 2818/6046/48 3196/8317/48 4089/7850/48
f 2818/6046/48 4089/7850/48 3166/6426/48
f 2818/6046/48 3471/6780/48 3105/6357/48
f 2818/6046/48 2933/6163/48 3266/6547/48
f 2818/6046/48 3392/6693/48 3009/6247/48
f 2818/6046/48 3105/6357/48 3392/6693/48
f 2818/6046/48 3318/6611/48 2933/6163/48
f 2818/6046/48 3166/6426/48 3471/6780/48
f 2818/6046/48 3266/6547/48 4083/7844/48
f 3547/6866/48 3196/8317/48 2818/6046/48
f 2588/5716/48 4083/7838/48 2587/5715/48
f 4023/7651/48 2818/6046/48 4083/7844/48
f 4023/7646/48 4083/7838/48 2588/5716/48
f 2821/6049/48 2818/6046/48 4023/7651/48
f 3548/6867/48 3196/8317/48 3547/6866/48
f 4029/7658/48 3196/8317/48 3548/6867/48
f 3199/8318/48 3196/8317/48 4029/7658/48
f 2590/5718/48 4095/7862/48 2589/5717/48
f 4035/7721/48 2822/6050/48 4095/7868/48
f 4035/7716/48 4095/7862/48 2590/5718/48
f 2825/6053/48 2822/6050/48 4035/7721/48
f 3552/6871/48 3200/8319/48 4101/7874/48
f 3552/6871/48 4101/7874/48 3551/6870/48
f 4041/7728/48 3200/8319/48 3552/6871/48
f 3203/7897/48 3200/8319/48 4041/7728/48
f 2596/5724/48 4107/7902/48 2591/5719/48
f 4055/7776/48 2826/6054/48 4107/7908/48
f 4055/7771/48 4107/7902/48 2596/5724/48
f 2829/6057/48 2826/6054/48 4055/7776/48
f 3556/6875/48 4113/7914/48 3555/6874/48
f 4061/7788/48 3690/7017/48 4113/7920/48
f 4061/7783/48 4113/7914/48 3556/6875/48
f 3691/7018/48 3690/7017/48 4061/7788/48
f 2833/6061/48 2830/6058/48 4119/7979/48
f 3560/6879/48 4125/7985/48 3559/6878/48
f 3204/6470/48 3692/7019/48 4125/7991/48
f 2603/5731/48 4119/7973/48 3254/7972/48
f 4071/7810/48 3560/6879/48 2833/6061/48
f 4071/7805/48 4119/7973/48 2603/5731/48
f 4071/7810/48 2833/6061/48 4119/7979/48
f 3267/6548/48 3560/6879/48 4071/7810/48
f 2934/6164/48 3560/6879/48 3267/6548/48
f 3319/6612/48 3560/6879/48 2934/6164/48
f 3010/6248/48 3560/6879/48 3319/6612/48
f 3393/6694/48 3560/6879/48 3010/6248/48
f 3106/6358/48 3560/6879/48 3393/6694/48
f 3472/6781/48 3560/6879/48 3106/6358/48
f 3167/6427/48 4125/7985/48 3560/6879/48
f 3167/6427/48 3560/6879/48 3472/6781/48
f 4077/7822/48 3204/6470/48 4125/7991/48
f 4077/7817/48 4125/7985/48 3167/6427/48
f 3207/6473/48 3204/6470/48 4077/7822/48
f 3269/6552/48 2934/6164/48 3267/6548/48
f 2935/6168/48 2934/6164/48 3269/6552/48
f 3321/6616/48 3010/6248/48 3319/6612/48
f 3011/6252/48 3010/6248/48 3321/6616/48
f 3395/6698/48 3106/6358/48 3393/6694/48
f 3107/6362/48 3106/6358/48 3395/6698/48
f 3474/6785/48 3167/6427/48 3472/6781/48
f 3168/6431/48 3167/6427/48 3474/6785/48
f 3270/6553/48 2935/6165/48 3269/6551/48
f 2937/6169/48 2935/6165/48 3270/6553/48
f 3322/6617/48 3011/6249/48 3321/6615/48
f 3013/6253/48 3011/6249/48 3322/6617/48
f 3396/6699/48 3107/6359/48 3395/6697/48
f 3061/6309/48 3107/6359/48 3396/6699/48
f 3109/6363/48 3107/6359/48 3061/6309/48
f 3475/6786/48 3168/6428/48 3474/6784/48
f 3170/6432/48 3168/6428/48 3475/6786/48
f 3275/6559/48 2938/7435/48 3273/7390/48
f 2941/6173/48 2938/7435/48 3275/6559/48
f 3327/6623/48 3014/7485/48 3325/7442/48
f 3017/6257/48 3014/7485/48 3327/6623/48
f 3401/6705/48 3113/7528/48 3399/7488/48
f 3116/6370/48 3113/7528/48 3401/6705/48
f 3483/6795/48 3174/7604/48 3481/7552/48
f 3177/6439/48 3174/7604/48 3483/6795/48
f 3276/6561/48 2941/6173/48 3275/6559/48
f 2943/6177/48 2941/6173/48 3276/6561/48
f 3328/6625/48 3017/6257/48 3327/6623/48
f 3019/6261/48 3017/6257/48 3328/6625/48
f 3402/6707/48 3116/6370/48 3401/6705/48
f 3118/6374/48 3116/6370/48 3402/6707/48
f 3484/6797/48 3177/6439/48 3483/6795/48
f 3179/6443/48 3177/6439/48 3484/6797/48
f 2834/6062/48 3019/6261/48 3328/6625/48
f 2834/6062/48 3701/7050/48 4091/7852/48
f 2834/6062/48 4091/7852/48 3179/6443/48
f 2834/6062/48 3484/6797/48 3118/6374/48
f 2834/6062/48 4085/7846/48 2610/5755/48
f 2834/6062/48 3402/6707/48 3019/6261/48
f 2834/6062/48 2943/6177/48 3276/6561/48
f 2834/6062/48 3328/6625/48 2943/6177/48
f 2834/6062/48 3118/6374/48 3402/6707/48
f 2834/6062/48 3276/6561/48 4085/7846/48
f 2834/6062/48 3179/6443/48 3484/6797/48
f 3563/6882/48 3701/7050/48 2834/6062/48
f 2611/5757/48 2834/6062/48 2610/5755/48
f 4025/7653/48 2834/6062/48 2611/5757/48
f 2837/6065/48 2834/6062/48 4025/7653/48
f 3564/6883/48 3701/7050/48 3563/6882/48
f 4031/7660/48 3701/7050/48 3564/6883/48
f 3704/7053/48 3701/7050/48 4031/7660/48
f 2613/5754/48 4097/7870/48 2612/5758/48
f 2613/5754/48 2838/6066/48 4097/7870/48
f 4037/7723/48 2838/6066/48 2613/5754/48
f 2841/6069/48 2838/6066/48 4037/7723/48
f 3568/6887/48 3705/7052/48 4103/7876/48
f 3568/6887/48 4103/7876/48 3567/6886/48
f 4043/7730/48 3705/7052/48 3568/6887/48
f 3706/7043/48 3705/7052/48 4043/7730/48
f 2615/5750/48 4109/7910/48 2614/5753/48
f 2615/5750/48 2842/6070/48 4109/7910/48
f 4057/7778/48 2842/6070/48 2615/5750/48
f 2845/6073/48 2842/6070/48 4057/7778/48
f 3572/6891/48 3707/7044/48 4115/7916/48
f 3572/6891/48 4115/7916/48 3571/6890/48
f 4063/7785/48 3707/7044/48 3572/6891/48
f 3708/7051/48 3707/7044/48 4063/7785/48
f 2849/6077/48 4121/7981/48 2616/5749/48
f 2849/6077/48 2846/6074/48 4121/7981/48
f 3576/6895/48 3709/7048/48 4127/7987/48
f 3576/6895/48 4127/7987/48 3575/6894/48
f 2617/5752/48 2849/6077/48 2616/5749/48
f 2617/5752/48 3576/6895/48 2849/6077/48
f 4073/7812/48 3576/6895/48 2617/5752/48
f 3279/6564/48 3576/6895/48 4073/7812/48
f 2944/6178/48 3576/6895/48 3279/6564/48
f 3331/6628/48 3576/6895/48 2944/6178/48
f 3020/6262/48 3576/6895/48 3331/6628/48
f 3405/6710/48 3576/6895/48 3020/6262/48
f 3119/6375/48 3576/6895/48 3405/6710/48
f 3486/6800/48 3576/6895/48 3119/6375/48
f 3180/6444/48 3709/7048/48 3576/6895/48
f 3180/6444/48 3576/6895/48 3486/6800/48
f 4079/7819/48 3709/7048/48 3180/6444/48
f 3711/7046/48 3709/7048/48 4079/7819/48
f 3281/6568/48 2944/6178/48 3279/6564/48
f 2947/6184/48 2944/6178/48 3281/6568/48
f 3333/6632/48 3020/6262/48 3331/6628/48
f 3023/6268/48 3020/6262/48 3333/6632/48
f 3407/6714/48 3119/6375/48 3405/6710/48
f 3121/6379/48 3119/6375/48 3407/6714/48
f 3487/6802/48 3180/6444/48 3486/6800/48
f 3182/6448/48 3180/6444/48 3487/6802/48
f 3282/8029/48 2947/6184/48 3281/6568/48
f 2949/8074/48 2947/6184/48 3282/8029/48
f 3334/8089/48 3023/6268/48 3333/6632/48
f 3025/8109/48 3023/6268/48 3334/8089/48
f 3408/8112/48 3121/6379/48 3407/6714/48
f 3122/8177/48 3121/6379/48 3408/8112/48
f 3488/8192/48 3182/6448/48 3487/6802/48
f 3183/8253/48 3182/6448/48 3488/8192/48
f 2620/5761/48 2730/7379/48 2623/5762/48
f 2733/8320/48 2730/7379/48 2620/5761/48
f 3620/8321/48 3716/7055/48 3619/7608/48
f 3714/7056/48 3716/7055/48 3620/8321/48
f 2624/5763/48 2734/8322/48 2621/5764/48
f 2737/8018/48 2734/8322/48 2624/5763/48
f 3624/8255/48 3715/7058/48 3623/8323/48
f 3718/7059/48 3715/7058/48 3624/8255/48
f 2652/5821/48 2738/7381/48 2655/5822/48
f 2741/8324/48 2738/7381/48 2652/5821/48
f 3628/8325/48 3740/7099/48 3627/7610/48
f 3738/7100/48 3740/7099/48 3628/8325/48
f 2656/5823/48 2742/8326/48 2653/5824/48
f 2745/8020/48 2742/8326/48 2656/5823/48
f 3632/8258/48 3739/7102/48 3631/8327/48
f 3742/7103/48 3739/7102/48 3632/8258/48
f 2668/5849/48 2746/7383/48 2671/5850/48
f 2749/8328/48 2746/7383/48 2668/5849/48
f 3636/8329/48 3754/7121/48 3635/7612/48
f 3750/7122/48 3754/7121/48 3636/8329/48
f 2672/5851/48 2750/8330/48 2669/5852/48
f 2753/8022/48 2750/8330/48 2672/5851/48
f 3640/8260/48 3753/7128/48 3639/8331/48
f 3756/7129/48 3753/7128/48 3640/8260/48
f 2684/5877/48 2754/7385/48 2687/5878/48
f 2757/8332/48 2754/7385/48 2684/5877/48
f 3644/8333/48 3764/7141/48 3643/7620/48
f 3762/7142/48 3764/7141/48 3644/8333/48
f 2688/5879/48 2758/8334/48 2685/5880/48
f 2761/8024/48 2758/8334/48 2688/5879/48
f 3648/8262/48 3763/7144/48 3647/8335/48
f 3766/7145/48 3763/7144/48 3648/8262/48
f 2704/5913/48 2762/7387/48 2707/5914/48
f 2765/8336/48 2762/7387/48 2704/5913/48
f 3652/8337/48 3780/7169/48 3651/7632/48
f 3778/7170/48 3780/7169/48 3652/8337/48
f 2708/5915/48 2766/8338/48 2705/5916/48
f 2769/8026/48 2766/8338/48 2708/5915/48
f 3656/8264/48 3779/7172/48 3655/8339/48
f 3782/7173/48 3779/7172/48 3656/8264/48
f 2716/5933/48 2770/7389/48 2719/5934/48
f 2773/8340/48 2770/7389/48 2716/5933/48
f 3660/8341/48 3804/7213/48 3659/7628/48
f 3802/7214/48 3804/7213/48 3660/8341/48
f 2720/5935/48 2774/8342/48 2717/5936/48
f 2777/8028/48 2774/8342/48 2720/5935/48
f 3664/8266/48 3803/7216/48 3663/8343/48
f 3806/7217/48 3803/7216/48 3664/8266/48
f 2779/5999/48 3665/6984/48 2780/6000/48
f 3666/6985/49 3665/6984/48 2779/5999/48
f 2794/6022/48 2779/5999/48 2724/5940/48
f 2794/6022/48 3828/7259/48 3666/6985/49
f 2794/6022/48 3666/6985/49 2779/5999/48
f 3615/6934/48 3828/7259/48 2794/6022/48
f 2797/6025/48 2794/6022/48 2724/5940/48
f 3616/6935/48 3828/7259/48 3615/6934/48
f 2723/5939/48 2797/6025/48 2724/5940/48
f 2723/5939/48 3616/6935/48 2797/6025/48
f 2784/6004/50 3616/6935/48 2723/5939/48
f 3669/6988/48 3828/7259/48 3616/6935/48
f 3669/6988/48 3616/6935/48 2784/6004/50
f 3829/7260/48 3828/7259/48 3669/6988/48
f 2783/6003/48 3669/6988/48 2784/6004/50
f 3670/6989/48 3669/6988/48 2783/6003/48
f 2882/6577/48 2914/6142/48 3288/6576/48
f 2917/6145/48 2914/6142/48 2882/6577/48
f 3302/6593/48 2954/6190/48 3301/6592/48
f 2957/6193/48 2954/6190/48 3302/6593/48
f 3342/6641/48 2970/6206/48 3341/6640/48
f 2973/6209/48 2970/6206/48 3342/6641/48
f 3362/6661/48 2982/6218/48 3361/6660/48
f 2985/6221/48 2982/6218/48 3362/6661/48
f 3372/6671/48 3043/6287/48 3371/6670/48
f 3046/6290/48 3043/6287/48 3372/6671/48
f 3427/6734/48 3066/6316/48 3426/6733/48
f 3069/6319/48 3066/6316/48 3427/6734/48
f 3439/6746/48 3074/6324/48 3438/6745/48
f 3077/6327/48 3074/6324/48 3439/6746/48
f 3447/6754/48 3123/6381/48 3446/6753/48
f 3126/6384/48 3123/6381/48 3447/6754/48
f 3492/6807/48 3143/6401/48 3491/6806/48
f 3146/6404/48 3143/6401/48 3492/6807/48
f 2853/6081/48 2882/6577/48 2850/6078/48
f 2885/7702/48 2882/6577/48 2853/6081/48
f 3498/7703/48 3579/6898/48 3146/6404/48
f 3582/6901/48 3579/6898/48 3498/7703/48
f 2857/6085/48 2886/7884/48 2856/6084/48
f 2889/7706/48 2886/7884/48 2857/6085/48
f 3502/7707/48 3583/6902/48 3501/7886/48
f 3586/6905/48 3583/6902/48 3502/7707/48
f 2861/6089/48 2890/7888/48 2860/6088/48
f 2893/7710/48 2890/7888/48 2861/6089/48
f 3506/7711/48 3587/6906/48 3505/7890/48
f 3590/6909/48 3587/6906/48 3506/7711/48
f 2865/6093/48 2894/7894/48 2864/6092/48
f 2897/7754/48 2894/7894/48 2865/6093/48
f 3510/7755/48 3591/6910/48 3509/7896/48
f 3594/6913/48 3591/6910/48 3510/7755/48
f 2869/6097/48 2898/7924/48 2868/6096/48
f 2901/7758/48 2898/7924/48 2869/6097/48
f 3514/7759/48 3595/6914/48 3513/7926/48
f 3598/6917/48 3595/6914/48 3514/7759/48
f 2873/6101/48 2902/7928/48 2872/6100/48
f 2905/7762/48 2902/7928/48 2873/6101/48
f 3518/7763/48 3599/6918/48 3517/7930/48
f 3602/6921/48 3599/6918/48 3518/7763/48
f 2877/6105/48 2906/7932/48 2876/6104/48
f 2909/6580/48 2906/7932/48 2877/6105/48
f 3147/6405/48 3603/6922/48 3520/7934/48
f 3606/6925/48 3603/6922/48 3147/6405/48
f 3290/6581/48 2918/6146/48 2909/6580/48
f 2921/6149/48 2918/6146/48 3290/6581/48
f 3306/6597/48 2958/6194/48 3305/6596/48
f 2961/6197/48 2958/6194/48 3306/6597/48
f 3346/6645/48 2974/6210/48 3345/6644/48
f 2977/6213/48 2974/6210/48 3346/6645/48
f 3366/6665/48 2986/6222/48 3365/6664/48
f 2989/6225/48 2986/6222/48 3366/6665/48
f 3376/6675/48 3047/6291/48 3375/6674/48
f 3050/6294/48 3047/6291/48 3376/6675/48
f 3431/6738/48 3070/6320/48 3430/6737/48
f 3073/6323/48 3070/6320/48 3431/6738/48
f 3443/6750/48 3078/6328/48 3442/6749/48
f 3081/6331/48 3078/6328/48 3443/6750/48
f 3451/6758/48 3127/6385/48 3450/6757/48
f 3130/6388/48 3127/6385/48 3451/6758/48
f 3496/6811/48 3147/6405/48 3495/6810/48
f 3150/6408/48 3147/6405/48 3496/6811/48
f 2991/6227/48 3033/6277/48 2992/6228/48
f 3034/6278/48 3033/6277/48 2991/6227/48
f 3052/6296/48 3432/6739/48 3053/6297/48
f 3433/6740/48 3432/6739/48 3052/6296/48
f 2990/6226/48 3420/6727/48 2980/6216/48
f 3377/6676/48 3420/6727/48 2990/6226/48
f 2993/6229/48 2990/6226/48 2980/6216/48
f 3378/6677/48 3420/6727/48 3377/6676/48
f 2979/6215/48 2993/6229/48 2980/6216/48
f 2979/6215/48 3378/6677/48 2993/6229/48
f 3421/6728/48 3420/6727/48 3378/6677/48
f 3421/6728/48 3378/6677/48 2979/6215/48
f 2995/6231/48 3039/6283/48 2996/6232/48
f 3042/6286/48 3039/6283/48 2995/6231/48
f 3871/7833/51 3897/7368/51 3874/8268/51
f 3874/8268/51 3897/7368/51 3898/7369/51
f 3131/6389/51 3543/6862/51 3134/6392/51
f 3134/6392/51 3543/6862/51 3544/6863/51
f 4082/7843/51 3261/6540/51 2820/6048/51
f 3261/6540/51 2928/6156/51 2820/6048/51
f 3161/6419/51 4088/7849/51 2820/6048/51
f 3466/6773/51 3161/6419/51 2820/6048/51
f 3100/6350/51 3466/6773/51 2820/6048/51
f 3387/6686/51 3100/6350/51 2820/6048/51
f 3004/6240/51 3387/6686/51 2820/6048/51
f 3313/6604/51 3004/6240/51 2820/6048/51
f 2928/6156/51 3313/6604/51 2820/6048/51
f 2820/6048/51 4088/7849/51 3545/6864/51
f 2580/5708/51 4082/7837/51 2582/5710/51
f 4082/7843/51 2820/6048/51 4022/7652/51
f 2582/5710/51 4082/7837/51 4022/7645/51
f 4022/7652/51 2820/6048/51 2819/6047/51
f 3545/6864/51 4088/7849/51 3546/6865/51
f 4088/7855/51 3198/6464/51 4028/7664/51
f 3546/6865/51 4088/7849/51 4028/7657/51
f 4028/7664/51 3198/6464/51 3197/6463/51
f 2583/5711/51 4094/7861/51 2584/5712/51
f 4094/7867/51 2824/6052/51 4034/7722/51
f 2584/5712/51 4094/7861/51 4034/7715/51
f 4034/7722/51 2824/6052/51 2823/6051/51
f 3549/6868/51 4100/7873/51 3550/6869/51
f 4100/7879/51 3202/6468/51 4040/7734/51
f 3550/6869/51 4100/7873/51 4040/7727/51
f 4040/7734/51 3202/6468/51 3201/6467/51
f 2585/5713/51 4106/7901/51 2586/5714/51
f 4106/7907/51 2828/6056/51 4054/7777/51
f 2586/5714/51 4106/7901/51 4054/7770/51
f 4054/7777/51 2828/6056/51 2827/6055/51
f 3553/6872/51 4112/7913/51 3554/6873/51
f 4112/7919/51 3687/7014/51 4060/7789/51
f 3554/6873/51 4112/7913/51 4060/7782/51
f 4060/7789/51 3687/7014/51 3688/7015/51
f 4118/7978/51 2832/6060/51 2831/6059/51
f 3557/6876/51 4124/7984/51 3558/6877/51
f 4124/7990/51 3689/7016/51 3206/6472/51
f 3226/6498/51 3903/7376/51 3227/6501/51
f 3227/6501/51 3903/7376/51 3882/8344/51
f 3250/6526/51 4118/7971/51 3251/6527/51
f 2831/6059/51 3558/6877/51 4070/7811/51
f 3251/6527/51 4118/7971/51 4070/7804/51
f 4118/7978/51 2831/6059/51 4070/7811/51
f 4070/7811/51 3558/6877/51 3262/6541/51
f 3262/6541/51 3558/6877/51 2929/6157/51
f 2929/6157/51 3558/6877/51 3314/6605/51
f 3314/6605/51 3558/6877/51 3005/6241/51
f 3005/6241/51 3558/6877/51 3388/6687/51
f 3388/6687/51 3558/6877/51 3101/6351/51
f 3101/6351/51 3558/6877/51 3467/6774/51
f 3558/6877/51 4124/7984/51 3162/6420/51
f 3467/6774/51 3558/6877/51 3162/6420/51
f 4124/7990/51 3206/6472/51 4076/7823/51
f 3162/6420/51 4124/7984/51 4076/7816/51
f 4076/7823/51 3206/6472/51 3205/6471/51
f 3882/8344/51 3903/7376/51 3879/8016/51
f 3879/8016/51 3903/7376/51 3904/7377/51
f 3862/7699/51 3880/7341/51 3863/7892/51
f 3863/7892/51 3880/7341/51 3881/7342/51
f 3235/6509/51 2604/7935/51 3236/6510/51
f 3236/6510/51 2604/7935/51 2603/6533/51
f 3271/6554/51 2940/6172/51 3272/6555/51
f 3272/6555/51 2940/6172/51 2939/6171/51
f 3323/6618/51 3016/6256/51 3324/6619/51
f 3324/6619/51 3016/6256/51 3015/6255/51
f 3397/6700/51 3115/6369/51 3398/6701/51
f 3398/6701/51 3115/6369/51 3114/6368/51
f 3479/6790/51 3176/6438/51 3480/6791/51
f 3480/6791/51 3176/6438/51 3175/6437/51
f 3272/6557/51 2939/6175/51 3274/6558/51
f 3274/6558/51 2939/6175/51 2942/6174/51
f 3324/6621/51 3015/6259/51 3326/6622/51
f 3326/6622/51 3015/6259/51 3018/6258/51
f 3398/6703/51 3114/6372/51 3400/6704/51
f 3400/6704/51 3114/6372/51 3117/6371/51
f 3480/6793/51 3175/6441/51 3482/6794/51
f 3482/6794/51 3175/6441/51 3178/6440/51
f 3697/7641/51 3866/7325/51 3698/8345/51
f 3178/6440/51 4090/7851/51 2836/6064/51
f 4090/7851/51 3698/8345/51 2836/6064/51
f 3274/6558/51 2942/6174/51 2836/6064/51
f 3326/6622/51 3018/6258/51 2836/6064/51
f 3117/6371/51 3482/6794/51 2836/6064/51
f 3400/6704/51 3117/6371/51 2836/6064/51
f 3018/6258/51 3400/6704/51 2836/6064/51
f 3482/6794/51 3178/6440/51 2836/6064/51
f 2942/6174/51 3326/6622/51 2836/6064/51
f 4084/7845/51 3274/6558/51 2836/6064/51
f 2836/6064/51 3698/8345/51 3561/6880/51
f 2595/5723/51 4084/7839/51 2597/5725/51
f 4084/7845/51 2836/6064/51 4024/7654/51
f 2597/5725/51 4084/7839/51 4024/7647/51
f 4024/7654/51 2836/6064/51 2835/6063/51
f 3561/6880/51 3698/8345/51 3562/6881/51
f 3562/6881/51 3698/8345/51 4030/7659/51
f 3698/8345/51 3866/7325/51 3702/8346/51
f 4030/7659/51 3698/8345/51 3702/8346/51
f 3702/8346/51 3866/7325/51 3703/8347/51
f 2598/5726/51 4096/7863/51 2599/5727/51
f 4096/7869/51 2840/6068/51 4036/7724/51
f 2599/5727/51 4096/7863/51 4036/7717/51
f 4036/7724/51 2840/6068/51 2839/6067/51
f 3565/6884/51 4102/7875/51 3566/6885/51
f 4102/7875/51 3703/8347/51 3566/6885/51
f 3566/6885/51 3703/8347/51 4042/7729/51
f 3703/8347/51 3866/7325/51 3693/7898/51
f 4042/7729/51 3703/8347/51 3693/7898/51
f 3693/7898/51 3866/7325/51 3867/7326/51
f 3228/6502/51 2567/5695/51 2557/5683/51
f 2557/5683/51 2567/5695/51 2566/5694/51
f 2600/5728/51 4108/7903/51 2601/5729/51
f 4108/7909/51 2844/6072/51 4056/7779/51
f 2601/5729/51 4108/7903/51 4056/7772/51
f 4056/7779/51 2844/6072/51 2843/6071/51
f 3569/6888/51 4114/7915/51 3570/6889/51
f 4114/7921/51 3694/7021/51 4062/7791/51
f 3570/6889/51 4114/7915/51 4062/7784/51
f 4062/7791/51 3694/7021/51 3695/7022/51
f 3232/6506/51 3243/6519/51 3237/6511/51
f 3243/6519/51 2601/7767/51 3237/6511/51
f 3237/6511/51 2601/7767/51 2602/7936/51
f 4120/7980/51 2848/6076/51 2847/6075/51
f 3573/6892/51 4126/7986/51 3574/6893/51
f 4126/7992/51 3696/7023/51 3210/7024/51
f 3228/6502/51 2557/5683/51 3229/6503/51
f 3229/6503/51 2557/5683/51 2556/5682/51
f 3232/6506/51 3237/6511/51 2563/5689/51
f 2563/5689/51 3237/6511/51 3238/6512/51
f 2605/5733/51 4120/7974/51 2606/5734/51
f 2847/6075/51 3574/6893/51 4072/7813/51
f 4120/7980/51 2847/6075/51 4072/7813/51
f 2606/5734/51 4120/7974/51 4072/7806/51
f 4072/7813/51 3574/6893/51 3277/6562/51
f 3277/6562/51 3574/6893/51 2946/6180/51
f 2946/6180/51 3574/6893/51 3329/6626/51
f 3329/6626/51 3574/6893/51 3022/6264/51
f 3022/6264/51 3574/6893/51 3403/6708/51
f 3403/6708/51 3574/6893/51 3120/6377/51
f 3120/6377/51 3574/6893/51 3485/6798/51
f 3574/6893/51 4126/7986/51 3181/6446/51
f 3485/6798/51 3574/6893/51 3181/6446/51
f 4126/7992/51 3210/7024/51 4078/7826/51
f 3181/6446/51 4126/7986/51 4078/7818/51
f 4078/7826/51 3210/7024/51 3209/7824/51
f 2563/5689/51 3238/6512/51 2564/5692/51
f 3238/6512/51 2606/7801/51 2564/5692/51
f 2564/5692/51 2606/7801/51 2607/8014/51
f 3277/6562/51 2946/6180/51 3278/6563/51
f 3278/6563/51 2946/6180/51 2945/6179/51
f 3329/6626/51 3022/6264/51 3330/6627/51
f 3330/6627/51 3022/6264/51 3021/6263/51
f 3403/6708/51 3120/6377/51 3404/6709/51
f 3404/6709/51 3120/6377/51 3112/6376/51
f 3485/6798/51 3181/6446/51 3476/6799/51
f 3476/6799/51 3181/6446/51 3173/6445/51
f 3278/6565/51 2945/6183/51 3280/6566/51
f 3280/6566/51 2945/6183/51 2948/6182/51
f 3330/6629/51 3021/6267/51 3332/6630/51
f 3332/6630/51 3021/6267/51 3024/6266/51
f 3404/6711/51 3112/6366/51 3406/6712/51
f 3406/6712/51 3112/6366/51 3062/6310/51
f 3062/6310/51 3112/6366/51 3111/6365/51
f 3476/6787/51 3173/6435/51 3477/6788/51
f 3477/6788/51 3173/6435/51 3172/6434/51
f 2553/5677/51 3244/6520/51 3230/6504/51
f 3230/6504/51 3244/6520/51 2565/5693/51
f 2565/5693/51 3244/6520/51 2568/5696/51
f 2555/5681/51 2568/5696/51 3233/6507/51
f 2568/5696/51 3244/6520/51 3245/6521/51
f 3233/6507/51 2568/5696/51 3245/6521/51
f 2553/5677/51 3230/6504/51 3231/6505/51
f 2555/5681/51 3233/6507/51 2558/5684/51
f 2553/5677/51 3231/6505/51 2554/5680/51
f 3231/6505/51 2558/5684/51 2554/5680/51
f 2558/5684/51 3233/6507/51 3234/6508/51
f 2554/5680/51 2558/5684/51 3234/6508/51
f 3208/6474/51 3893/7363/51 3211/6477/51
f 3211/6477/51 3893/7363/51 3710/8348/51
f 3478/7830/51 3171/7832/51 3065/6315/51
f 3171/7832/51 3710/8348/51 3065/6315/51
f 3064/6312/51 3110/7828/51 3065/6315/51
f 3110/7828/51 3478/7830/51 3065/6315/51
f 3710/8348/51 3893/7363/51 3220/6490/51
f 3065/6315/51 3710/8348/51 3220/6490/51
f 3220/6490/51 3893/7363/51 3221/6493/51
f 3221/6493/51 3893/7363/51 3894/7365/51
f 2608/5736/51 2732/7378/51 2609/5737/51
f 2609/5737/51 2732/7378/51 2731/8349/51
f 3617/7607/51 3699/7027/51 3618/8350/51
f 3618/8350/51 3699/7027/51 3700/7028/51
f 2618/5746/51 2736/8351/51 2619/5747/51
f 2619/5747/51 2736/8351/51 2735/8017/51
f 3621/8352/51 3712/7041/51 3622/8254/51
f 3622/8254/51 3712/7041/51 3713/7042/51
f 2648/5812/51 2740/7380/51 2649/5813/51
f 2649/5813/51 2740/7380/51 2739/8353/51
f 3625/7609/51 3734/7091/51 3626/8354/51
f 3626/8354/51 3734/7091/51 3735/7092/51
f 2650/5814/51 2744/8355/51 2651/5815/51
f 2651/5815/51 2744/8355/51 2743/8019/51
f 3629/8356/51 3736/7093/51 3630/8256/51
f 3630/8256/51 3736/7093/51 3737/7094/51
f 2664/5840/51 2748/7382/51 2665/5841/51
f 2665/5841/51 2748/7382/51 2747/8357/51
f 3633/7611/51 3746/7111/51 3634/8358/51
f 3634/8358/51 3746/7111/51 3747/7112/51
f 2666/5842/51 2752/8359/51 2667/5843/51
f 2667/5843/51 2752/8359/51 2751/8021/51
f 3637/8360/51 3748/7113/51 3638/8259/51
f 3638/8259/51 3748/7113/51 3749/7114/51
f 2680/5868/51 2756/7384/51 2681/5869/51
f 2681/5869/51 2756/7384/51 2755/8361/51
f 3641/7619/51 3758/7133/51 3642/8362/51
f 3642/8362/51 3758/7133/51 3759/7134/51
f 2682/5870/51 2760/8363/51 2683/5871/51
f 2683/5871/51 2760/8363/51 2759/8023/51
f 3645/8364/51 3760/7135/51 3646/8261/51
f 3646/8261/51 3760/7135/51 3761/7136/51
f 2700/5904/51 2764/7386/51 2701/5905/51
f 2701/5905/51 2764/7386/51 2763/8365/51
f 3649/7621/51 3774/7161/51 3650/8366/51
f 3650/8366/51 3774/7161/51 3775/7162/51
f 2702/5906/51 2768/8367/51 2703/5907/51
f 2703/5907/51 2768/8367/51 2767/8025/51
f 3653/8368/51 3776/7163/51 3654/8263/51
f 3654/8263/51 3776/7163/51 3777/7164/51
f 2712/5924/51 2772/7388/51 2713/5925/51
f 2713/5925/51 2772/7388/51 2771/8369/51
f 3657/7627/51 3798/7205/51 3658/8370/51
f 3658/8370/51 3798/7205/51 3799/7206/51
f 2714/5926/51 2776/8371/51 2715/5927/51
f 2715/5927/51 2776/8371/51 2775/8027/51
f 3661/8372/51 3800/7207/51 3662/8265/51
f 3662/8265/51 3800/7207/51 3801/7208/51
f 2718/5932/51 3826/7257/51 2796/8373/51
f 2796/8373/51 3826/7257/51 3613/8374/51
f 2718/5932/51 2796/8373/51 2795/8375/51
f 3613/8374/51 3826/7257/51 3614/8376/51
f 2718/5932/51 2795/8375/51 2721/5937/51
f 2795/8375/51 4132/8377/51 2721/5937/51
f 4132/8378/51 4133/8379/51 4177/8117/51
f 2721/5937/51 4132/8377/51 4177/8108/51
f 4133/8380/51 3614/8376/51 4183/8131/51
f 4177/8117/51 4133/8379/51 4183/8119/51
f 3614/8376/51 3826/7257/51 3827/7258/51
f 4183/8131/51 3614/8376/51 3827/7258/51
f 2790/6014/51 3677/7002/51 2791/6017/51
f 2791/6017/51 3677/7002/51 3678/7003/52
f 2728/5946/51 2791/6017/51 2952/6188/51
f 3678/7003/52 3850/7301/51 2952/6188/51
f 2791/6017/51 3678/7003/52 2952/6188/51
f 2952/6188/51 3850/7301/51 3335/6634/53
f 2728/5946/51 2952/6188/51 2951/6187/51
f 3335/6634/53 3850/7301/51 3336/6635/51
f 2728/5946/51 2951/6187/51 2852/8381/51
f 2951/6187/51 3336/6635/51 2852/8381/51
f 2852/8381/51 3336/6635/51 3287/8382/51
f 3287/8382/51 3336/6635/51 2916/8383/51
f 2916/8383/51 3336/6635/51 3299/8384/51
f 3336/6635/51 3850/7301/51 2956/8385/51
f 3299/8384/51 3336/6635/51 2956/8385/51
f 2956/8385/51 3850/7301/51 3339/8386/51
f 3339/8386/51 3850/7301/51 2972/8387/51
f 2972/8387/51 3850/7301/51 3359/8388/51
f 3359/8388/51 3850/7301/51 2984/8389/51
f 2984/8389/51 3850/7301/51 3369/8390/51
f 3369/8390/51 3850/7301/51 3045/8391/51
f 3045/8391/51 3850/7301/51 3424/8392/51
f 3424/8392/51 3850/7301/51 3068/8393/51
f 3068/8393/51 3850/7301/51 3436/8394/51
f 3436/8394/51 3850/7301/51 3076/8395/51
f 3076/8395/51 3850/7301/51 3444/8396/51
f 3444/8396/51 3850/7301/51 3125/8397/51
f 3125/8397/51 3850/7301/51 3489/8398/51
f 3489/8398/51 3850/7301/51 3145/8399/51
f 3145/8399/51 3850/7301/51 3577/8400/51
f 2728/5946/51 2852/8381/51 2851/8401/51
f 3287/8382/51 2916/8383/51 2884/6112/51
f 2884/6112/51 2916/8383/51 2915/7667/51
f 3299/8384/51 2956/8385/51 3300/7671/51
f 3300/7671/51 2956/8385/51 2955/7669/51
f 3339/8386/51 2972/8387/51 3340/7675/51
f 3340/7675/51 2972/8387/51 2971/7673/51
f 3359/8388/51 2984/8389/51 3360/7679/51
f 3360/7679/51 2984/8389/51 2983/7677/51
f 3369/8390/51 3045/8391/51 3370/7683/51
f 3370/7683/51 3045/8391/51 3044/7681/51
f 3424/8392/51 3068/8393/51 3425/7687/51
f 3425/7687/51 3068/8393/51 3067/7685/51
f 3436/8394/51 3076/8395/51 3437/7691/51
f 3437/7691/51 3076/8395/51 3075/7689/51
f 3444/8396/51 3125/8397/51 3445/7695/51
f 3445/7695/51 3125/8397/51 3124/7693/51
f 3489/8398/51 3145/8399/51 3490/7698/51
f 3490/7698/51 3145/8399/51 3144/6812/51
f 3577/8400/51 3850/7301/51 3578/8402/51
f 2728/5946/51 2851/8401/51 2855/8403/51
f 2851/8401/51 2884/6112/51 2855/8403/51
f 2855/8403/51 2884/6112/51 2883/6111/51
f 3144/6812/51 3578/8402/51 3497/6813/51
f 3578/8402/51 3850/7301/51 3580/8404/51
f 3497/6813/51 3578/8402/51 3580/8404/51
f 2728/5946/51 2855/8403/51 2854/8405/51
f 3580/8404/51 3850/7301/51 3581/8406/51
f 2854/8405/51 2888/6116/51 2859/8407/51
f 2728/5946/51 2854/8405/51 2859/8407/51
f 2859/8407/51 2888/6116/51 2887/6115/51
f 3499/6816/51 3581/8406/51 3500/6817/51
f 3581/8406/51 3850/7301/51 3584/8408/51
f 3500/6817/51 3581/8406/51 3584/8408/51
f 2728/5946/51 2859/8407/51 2800/6028/51
f 2800/6028/51 2859/8407/51 3283/6570/51
f 3283/6570/51 2859/8407/51 2858/8409/51
f 3584/8408/51 3850/7301/51 3585/8410/51
f 2728/5946/51 2800/6028/51 2799/6027/51
f 2858/8409/51 2892/6120/51 3284/6571/51
f 3283/6570/51 2858/8409/51 3284/6571/51
f 3284/6571/51 2892/6120/51 2863/8411/51
f 2863/8411/51 2892/6120/51 2891/6119/51
f 3503/6820/51 3585/8410/51 3504/6821/51
f 3585/8410/51 3850/7301/51 3588/8412/51
f 3504/6821/51 3585/8410/51 3588/8412/51
f 2799/6027/51 3284/6571/51 2862/8413/51
f 3284/6571/51 2863/8411/51 2862/8413/51
f 3588/8412/51 3850/7301/51 3589/8414/51
f 2862/8413/51 2896/6124/51 2867/8415/51
f 2799/6027/51 2862/8413/51 2867/8415/51
f 2867/8415/51 2896/6124/51 2895/6123/51
f 3507/6824/51 3589/8414/51 3508/6825/51
f 3589/8414/51 3850/7301/51 3592/8416/51
f 3508/6825/51 3589/8414/51 3592/8416/51
f 2799/6027/51 2867/8415/51 2866/8417/51
f 3592/8416/51 3850/7301/51 3593/8418/51
f 2866/8417/51 2900/6128/51 2871/8419/51
f 2799/6027/51 2866/8417/51 2871/8419/51
f 2871/8419/51 2900/6128/51 2899/6127/51
f 3511/6828/51 3593/8418/51 3512/6829/51
f 3593/8418/51 3850/7301/51 3596/8420/51
f 3512/6829/51 3593/8418/51 3596/8420/51
f 2799/6027/51 2871/8419/51 2870/8421/51
f 3596/8420/51 3850/7301/51 3597/8422/51
f 2870/8421/51 2904/6132/51 2875/8423/51
f 2799/6027/51 2870/8421/51 2875/8423/51
f 2875/8423/51 2904/6132/51 2903/6131/51
f 3515/6832/51 3597/8422/51 3516/6833/51
f 3597/8422/51 3850/7301/51 3600/8424/51
f 3516/6833/51 3597/8422/51 3600/8424/51
f 2799/6027/51 2875/8423/51 2874/8425/51
f 3600/8424/51 3850/7301/51 3601/8426/51
f 2874/8425/51 2908/6136/51 2879/8427/51
f 2799/6027/51 2874/8425/51 2879/8427/51
f 2879/8427/51 2908/6136/51 2907/6135/51
f 3519/6836/51 3601/8426/51 3149/6837/51
f 3601/8426/51 3850/7301/51 3604/8428/51
f 3149/6837/51 3601/8426/51 3604/8428/51
f 2799/6027/51 2879/8427/51 2878/8429/51
f 2907/6135/51 2920/7937/51 3289/8430/54
f 3289/8430/54 2920/7937/51 2919/8431/51
f 3303/7939/51 2960/7941/51 3304/8432/51
f 3304/8432/51 2960/7941/51 2959/8433/51
f 3343/7943/51 2976/7945/51 3344/8434/51
f 3344/8434/51 2976/7945/51 2975/8435/51
f 3363/7947/51 2988/7949/51 3364/8436/51
f 3364/8436/51 2988/7949/51 2987/8437/51
f 3373/7951/51 3049/7953/51 3374/8438/51
f 3374/8438/51 3049/7953/51 3048/8439/51
f 3428/7955/51 3072/7957/51 3429/8440/51
f 3429/8440/51 3072/7957/51 3071/8441/51
f 3440/7959/51 3080/7961/51 3441/8442/51
f 3441/8442/51 3080/7961/51 3079/8443/51
f 3448/7963/51 3129/7965/51 3449/8444/51
f 3449/8444/51 3129/7965/51 3128/8445/51
f 3493/7967/51 3149/6837/51 3494/8446/51
f 3494/8446/51 3149/6837/51 3148/8447/51
f 3604/8428/51 3850/7301/51 3605/8448/51
f 3441/8442/51 3079/8443/51 3153/6411/51
f 3148/8447/51 3605/8448/51 3153/6411/51
f 3449/8444/51 3128/8445/51 3153/6411/51
f 3494/8446/51 3148/8447/51 3153/6411/51
f 3128/8445/51 3494/8446/51 3153/6411/51
f 3289/8430/54 2919/8431/51 3153/6411/51
f 3079/8443/51 3449/8444/51 3153/6411/51
f 3304/8432/51 2959/8433/51 3153/6411/51
f 3071/8441/51 3441/8442/51 3153/6411/51
f 3344/8434/51 2975/8435/51 3153/6411/51
f 3048/8439/51 3429/8440/51 3153/6411/51
f 3364/8436/51 2987/8437/51 3153/6411/51
f 2987/8437/51 3374/8438/51 3153/6411/51
f 3374/8438/51 3048/8439/51 3153/6411/51
f 2975/8435/51 3364/8436/51 3153/6411/51
f 3429/8440/51 3071/8441/51 3153/6411/51
f 2959/8433/51 3344/8434/51 3153/6411/51
f 2878/8429/51 3289/8430/54 3153/6411/51
f 2919/8431/51 3304/8432/51 3153/6411/51
f 3605/8448/51 3850/7301/51 3609/6928/51
f 3153/6411/51 3605/8448/51 3609/6928/51
f 2728/5946/51 2799/6027/51 2729/5949/51
f 2878/8429/51 3153/6411/51 2729/5949/51
f 2799/6027/51 2878/8429/51 2729/5949/51
f 2729/5949/51 3153/6411/51 2792/6018/53
f 2792/6018/53 3153/6411/51 3152/6410/55
f 3609/6928/51 3850/7301/51 3610/6929/56
f 3610/6929/56 3850/7301/51 3679/7006/51
f 3679/7006/51 3850/7301/51 3851/7304/51
f 2792/6018/53 3152/6410/55 2793/6021/51
f 3610/6929/56 3679/7006/51 2793/6021/51
f 3152/6410/55 3610/6929/56 2793/6021/51
f 2793/6021/51 3679/7006/51 3680/7007/51
f 2880/6108/51 3607/6926/51 2912/8449/51
f 2912/8449/51 3607/6926/51 3521/8450/51
f 3291/6582/51 2964/6200/51 3292/6583/51
f 3292/6583/51 2964/6200/51 2963/6199/51
f 3347/6646/51 3028/6272/51 3348/6647/51
f 3348/6647/51 3028/6272/51 3027/6271/51
f 3409/6716/51 3084/6334/51 3410/6717/51
f 3410/6717/51 3084/6334/51 3083/6333/51
f 3452/6759/51 3137/6395/51 3453/6760/51
f 3453/6760/51 3137/6395/51 3136/6394/51
f 3351/6650/51 3032/6276/51 3352/6651/51
f 3352/6651/51 3032/6276/51 3031/6275/51
f 3413/6720/51 3088/6338/51 3414/6721/51
f 3414/6721/51 3088/6338/51 3087/6337/51
f 3295/6586/51 2968/6204/51 3296/6587/51
f 3296/6587/51 2968/6204/51 2967/6203/51
f 3355/6654/51 3037/6281/51 3356/6655/51
f 3356/6655/51 3037/6281/51 3036/6280/51
f 3416/6723/51 3092/6342/51 3417/6724/51
f 3417/6724/51 3092/6342/51 3091/6341/51
f 3456/6763/51 3141/6399/51 3457/6764/51
f 3457/6764/51 3141/6399/51 3140/6398/51
f 2880/6108/51 2912/8449/51 2911/8451/51
f 3521/8450/51 3607/6926/51 3522/8452/51
f 2880/6108/51 2911/8451/51 2881/6109/51
f 2911/8451/51 3522/8452/51 2881/6109/51
f 3522/8452/51 3607/6926/51 3608/6927/51
f 2881/6109/51 3522/8452/51 3608/6927/51
f 2910/6138/51 3523/6842/51 3293/6584/51
f 3293/6584/51 3523/6842/51 2962/6198/51
f 2962/6198/51 3523/6842/51 3349/6648/51
f 3349/6648/51 3523/6842/51 3026/6270/51
f 3026/6270/51 3523/6842/51 3411/6718/54
f 3411/6718/54 3523/6842/51 3082/6332/51
f 3082/6332/51 3523/6842/51 3454/6761/51
f 3454/6761/51 3523/6842/51 3135/6393/51
f 2910/6138/51 3293/6584/51 3294/6585/51
f 2962/6198/51 3349/6648/51 2965/6201/51
f 2965/6201/51 3349/6648/51 3350/6649/51
f 3026/6270/51 3411/6718/54 3029/6273/51
f 3029/6273/51 3411/6718/54 3412/6719/51
f 3082/6332/51 3454/6761/51 3085/6335/51
f 3085/6335/51 3454/6761/51 3455/6762/54
f 3135/6393/51 3523/6842/51 3138/6396/51
f 3085/6335/51 3455/6762/54 3353/6652/51
f 3455/6762/54 3138/6396/51 3353/6652/51
f 3029/6273/51 3412/6719/51 3353/6652/51
f 2965/6201/51 3350/6649/51 3353/6652/51
f 3412/6719/51 3085/6335/51 3353/6652/51
f 3294/6585/51 2965/6201/51 3353/6652/51
f 3350/6649/51 3029/6273/51 3353/6652/51
f 3353/6652/51 3138/6396/51 3030/6274/51
f 3030/6274/51 3138/6396/51 3415/6722/54
f 3415/6722/54 3138/6396/51 3086/6336/51
f 3030/6274/51 3415/6722/54 3033/6277/51
f 3033/6277/51 3415/6722/54 3053/6297/51
f 3294/6585/51 3353/6652/51 3354/6653/51
f 3033/6277/51 3053/6297/51 3034/6278/57
f 3034/6278/57 3053/6297/51 3052/6296/51
f 3086/6336/51 3138/6396/51 3089/6339/51
f 2910/6138/51 3294/6585/51 3297/6588/51
f 3433/6740/54 3089/6339/51 3297/6588/51
f 3034/6278/57 3052/6296/51 3297/6588/51
f 3052/6296/51 3433/6740/54 3297/6588/51
f 2991/6227/51 3034/6278/57 3297/6588/51
f 3354/6653/51 2991/6227/51 3297/6588/51
f 3294/6585/51 3354/6653/51 3297/6588/51
f 3297/6588/51 3089/6339/51 2966/6202/51
f 2966/6202/51 3089/6339/51 3357/6656/51
f 3357/6656/51 3089/6339/51 3035/6279/51
f 3035/6279/51 3089/6339/51 3418/6725/51
f 3089/6339/51 3138/6396/51 3090/6340/51
f 3418/6725/51 3089/6339/51 3090/6340/51
f 3090/6340/51 3138/6396/51 3458/6765/51
f 3138/6396/51 3523/6842/51 3139/6397/51
f 3458/6765/51 3138/6396/51 3139/6397/51
f 2910/6138/51 3297/6588/51 3298/6589/51
f 2966/6202/51 3357/6656/51 2969/6205/51
f 2969/6205/51 3357/6656/51 3358/6657/51
f 3035/6279/51 3418/6725/51 3038/6282/57
f 3038/6282/57 3418/6725/51 3419/6726/51
f 3090/6340/51 3458/6765/51 3093/6343/51
f 3093/6343/51 3458/6765/51 3459/6766/51
f 3139/6397/51 3523/6842/51 3142/6400/51
f 3038/6282/57 3419/6726/51 2913/6141/51
f 3459/6766/51 3142/6400/51 2913/6141/51
f 2969/6205/51 3358/6657/51 2913/6141/51
f 3093/6343/51 3459/6766/51 2913/6141/51
f 3419/6726/51 3093/6343/51 2913/6141/51
f 2910/6138/51 3298/6589/51 2913/6141/51
f 3358/6657/51 3038/6282/57 2913/6141/51
f 3298/6589/51 2969/6205/51 2913/6141/51
f 3142/6400/51 3523/6842/51 3524/6843/51
f 2913/6141/51 3142/6400/51 3524/6843/51
f 2950/6186/51 3337/6636/51 2953/6189/51
f 2953/6189/51 3337/6636/51 3338/6637/51
f 3151/6409/51 3611/6930/51 3154/6412/51
f 3154/6412/51 3611/6930/51 3612/6931/51
f 2798/6026/51 3285/6572/51 2801/6029/51
f 2801/6029/51 3285/6572/51 3286/6573/51
f 3051/6295/51 3434/6741/51 3054/6298/51
f 3054/6298/51 3434/6741/51 3435/6742/51
f 3367/6666/51 3041/6285/51 3368/6667/51
f 3368/6667/51 3041/6285/51 3040/6284/51
f 2978/6214/51 3422/6729/51 2996/6232/51
f 2996/6232/51 3422/6729/51 3039/6283/51
f 2978/6214/51 2996/6232/51 2995/6231/51
f 3039/6283/51 3422/6729/51 3042/6286/51
f 2978/6214/51 2995/6231/51 2981/6217/51
f 2995/6231/51 3042/6286/51 2981/6217/51
f 3042/6286/51 3422/6729/51 3423/6730/51
f 2981/6217/51 3042/6286/51 3423/6730/51
f 2994/6230/51 3379/6678/51 2997/6233/51
f 2997/6233/51 3379/6678/51 3380/6679/51
o nnsm_house_big.001
v -1.091722 0.074691 0.406758
v -0.643574 0.049794 0.406758
v -1.091722 0.049794 0.406758
v -0.643574 0.074691 0.406758
v -0.942339 0.149382 0.406758
v -0.743163 0.124485 0.406758
v -0.967236 0.124485 0.406758
v -0.892545 0.149382 0.406758
v -0.867648 0.149382 0.406758
v -0.768060 0.149383 0.406758
v -0.942339 0.174280 0.406758
v -0.892545 0.174280 0.406758
v -0.867648 0.174280 0.406758
v -0.792957 0.174280 0.406758
v -0.942339 0.224074 0.406758
v -0.892545 0.224074 0.406758
v -0.867648 0.224074 0.406758
v -0.792957 0.224074 0.406758
v -0.768060 0.224074 0.406758
v -0.967236 0.248971 0.406758
v -0.743163 0.248971 0.406758
v -0.942339 0.323662 0.406758
v -0.743163 0.298765 0.406758
v -0.967236 0.298765 0.406758
v -0.892545 0.323662 0.406758
v -0.867648 0.323662 0.406758
v -0.768060 0.323662 0.406758
v -0.942339 0.348559 0.406758
v -0.892545 0.348559 0.406758
v -0.867648 0.348559 0.406758
v -0.768060 0.348559 0.406758
v -0.942339 0.398353 0.406758
v -0.892545 0.398353 0.406758
v -0.867648 0.398353 0.406758
v -0.768060 0.398353 0.406758
v -0.967236 0.423250 0.406758
v -0.743163 0.423250 0.406758
v -1.091722 0.473045 0.406758
v -1.017031 0.448147 0.406758
v -1.091722 0.448147 0.406758
v -1.017031 0.473045 0.406758
v -0.718266 0.473045 0.406758
v -0.643574 0.448148 0.406758
v -0.718266 0.448148 0.406758
v -0.643574 0.473045 0.406758
v -1.017031 0.497942 0.406758
v -0.967236 0.473045 0.406758
v -0.967236 0.497942 0.406758
v -0.768060 0.497942 0.406758
v -0.768060 0.473045 0.406758
v -0.718266 0.497942 0.406758
v -0.967236 0.522839 0.406758
v -0.917442 0.497942 0.406758
v -0.917442 0.522839 0.406758
v -0.817854 0.522839 0.406758
v -0.817854 0.497942 0.406758
v -0.768060 0.522839 0.406758
v -0.917442 0.547736 0.406758
v -0.892545 0.547736 0.406758
v -0.842751 0.547736 0.406758
v -0.817854 0.547736 0.406758
v -0.892545 0.572633 0.406758
v -0.842751 0.572633 0.406758
v -1.066825 0.099588 0.431655
v -0.668471 0.074691 0.431655
v -1.066825 0.074691 0.431655
v -1.041928 0.099588 0.431655
v -0.693368 0.099588 0.431655
v -0.668471 0.099588 0.431655
v -1.041928 0.124485 0.431655
v -1.017030 0.124485 0.431655
v -0.967236 0.124485 0.431655
v -0.743163 0.124485 0.431655
v -0.693368 0.124485 0.431655
v -0.668471 0.124485 0.431655
v -1.066825 0.149382 0.431655
v -1.066825 0.124485 0.431655
v -1.017030 0.149382 0.431655
v -0.693368 0.149383 0.431655
v -0.693368 0.174280 0.431655
v -0.668471 0.149383 0.431655
v -0.668471 0.174280 0.431655
v -0.693368 0.199177 0.431655
v -0.967236 0.248971 0.431655
v -0.743163 0.248971 0.431655
v -0.668471 0.199177 0.431655
v -1.066825 0.273868 0.431655
v -0.917442 0.248971 0.431655
v -1.041928 0.273868 0.431655
v -0.917442 0.273868 0.431655
v -0.892545 0.248971 0.431655
v -0.892545 0.273868 0.431655
v -1.041928 0.298765 0.431655
v -0.967236 0.298765 0.431655
v -0.743163 0.298765 0.431655
v -1.066825 0.348559 0.431655
v -1.066825 0.298765 0.431655
v -1.041928 0.348559 0.431655
v -0.693368 0.348559 0.431655
v -0.668471 0.348559 0.431655
v -1.041928 0.373456 0.431655
v -0.693368 0.373456 0.431655
v -0.668471 0.373456 0.431655
v -0.967236 0.423250 0.431655
v -1.066825 0.373456 0.431655
v -0.743163 0.423250 0.431655
v -1.066825 0.448147 0.431655
v -1.017031 0.448147 0.431655
v -0.917442 0.448147 0.431655
v -0.867648 0.448147 0.431655
v -0.718266 0.448148 0.431655
v -0.668471 0.448148 0.431655
v -1.017031 0.473045 0.431655
v -0.967236 0.473045 0.431655
v -0.917442 0.473045 0.431655
v -0.867648 0.473045 0.431655
v -0.768060 0.473045 0.431655
v -0.718266 0.473045 0.431655
v -0.967236 0.497942 0.431655
v -0.917442 0.497942 0.431655
v -0.817854 0.497942 0.431655
v -0.768060 0.497942 0.431655
v -0.917442 0.522839 0.431655
v -0.817854 0.522839 0.431655
v -1.041928 0.049794 0.456552
v -0.693368 0.000000 0.456552
v -1.041928 -0.000000 0.456552
v -0.693368 0.049794 0.456552
v -1.066825 0.124485 0.456552
v -1.041928 0.099588 0.456552
v -1.066825 0.099588 0.456552
v -1.041928 0.124485 0.456552
v -0.693368 0.149383 0.456552
v -0.668471 0.124485 0.456552
v -0.693368 0.124485 0.456552
v -0.668471 0.149383 0.456552
v -0.693368 0.199177 0.456552
v -0.668471 0.174280 0.456552
v -0.693368 0.174280 0.456552
v -0.668471 0.199177 0.456552
v -1.066825 0.298765 0.456552
v -1.041928 0.273868 0.456552
v -1.066825 0.273868 0.456552
v -1.041928 0.298765 0.456552
v -1.066825 0.373456 0.456552
v -1.041928 0.348559 0.456552
v -1.066825 0.348559 0.456552
v -1.041928 0.373456 0.456552
v -0.668471 0.248971 0.506346
v -0.643574 0.124485 0.506346
v -0.668471 0.124485 0.506346
v -0.643574 0.248971 0.506346
v -0.668471 0.423250 0.506346
v -0.643574 0.298765 0.506346
v -0.668471 0.298765 0.506346
v -0.643574 0.423250 0.506346
v -1.091722 0.248971 0.531243
v -1.066825 0.074691 0.531243
v -1.091722 0.074691 0.531243
v -1.066825 0.248971 0.531243
v -1.091722 0.049794 0.556140
v -1.041928 -0.000000 0.556140
v -1.141516 -0.000000 0.556140
v -1.066825 0.049794 0.556140
v -1.041928 0.049794 0.556140
v -1.141516 0.099588 0.556140
v -1.091722 0.099588 0.556140
v -1.091722 0.273868 0.556140
v -1.066825 0.248971 0.556140
v -1.091722 0.248971 0.556140
v -1.066825 0.273868 0.556140
v -1.091722 0.298765 0.581037
v -1.066825 0.273868 0.581037
v -1.091722 0.273868 0.581037
v -1.066825 0.298765 0.581037
v -1.091722 0.273868 0.605934
v -1.066825 0.248971 0.605934
v -1.091722 0.248971 0.605934
v -1.066825 0.273868 0.605934
v -1.091722 0.248971 0.630831
v -1.066825 0.099588 0.630831
v -1.091722 0.099588 0.630831
v -1.066825 0.248971 0.630831
v -1.091722 0.248971 0.780214
v -1.066825 0.124485 0.780214
v -1.091722 0.124485 0.780214
v -1.066825 0.248971 0.780214
v -1.091722 0.423250 0.780214
v -1.066825 0.298765 0.780214
v -1.091722 0.298765 0.780214
v -1.066825 0.423250 0.780214
v -0.668471 0.248971 0.830008
v -0.643574 0.124485 0.830008
v -0.668471 0.124485 0.830008
v -0.643574 0.248971 0.830008
v -0.668471 0.423250 0.830008
v -0.643574 0.298765 0.830008
v -0.668471 0.298765 0.830008
v -0.643574 0.423250 0.830008
v -1.066825 0.348559 1.178567
v -1.041928 0.323662 1.178567
v -1.066825 0.323662 1.178567
v -1.041928 0.348559 1.178567
v -1.091722 0.248971 1.203464
v -1.066825 0.124485 1.203464
v -1.091722 0.124485 1.203464
v -1.066825 0.248971 1.203464
v -1.091722 0.423250 1.203464
v -1.066825 0.298765 1.203464
v -1.091722 0.298765 1.203464
v -1.066825 0.423250 1.203464
v -0.668471 0.248971 1.278155
v -0.643574 0.124485 1.278155
v -0.668471 0.124485 1.278155
v -0.643574 0.248971 1.278155
v -0.668471 0.423250 1.327950
v -0.643574 0.298765 1.327950
v -0.668471 0.298765 1.327950
v -0.643574 0.423250 1.327950
v -0.768060 0.522839 1.576920
v -0.743163 0.497942 1.576920
v -0.768060 0.497942 1.576920
v -0.743163 0.522839 1.576920
v -0.792957 0.547736 1.576920
v -0.792957 0.522839 1.576920
v -0.768060 0.547736 1.576920
v -0.743163 0.547736 1.576920
v -0.792957 0.572633 1.576920
v -0.768060 0.572633 1.576920
v -0.792957 0.597530 1.576920
v -0.743163 0.597530 1.576920
v -1.017030 0.522839 1.626714
v -0.967236 0.497942 1.626714
v -1.017030 0.497942 1.626714
v -0.967236 0.522839 1.626714
v -0.743163 0.522839 1.626714
v -0.718266 0.497942 1.626714
v -0.743163 0.497942 1.626714
v -0.718266 0.522839 1.626714
v -0.967236 0.547736 1.626714
v -0.917442 0.522839 1.626714
v -0.917442 0.547736 1.626714
v -0.817854 0.547736 1.626714
v -0.792957 0.522839 1.626714
v -0.817854 0.522839 1.626714
v -0.792957 0.547736 1.626714
v -0.917442 0.572633 1.626714
v -0.892545 0.547736 1.626714
v -0.892545 0.572633 1.626714
v -0.842751 0.572633 1.626714
v -0.842751 0.547736 1.626714
v -0.817854 0.572633 1.626714
v -1.066825 0.099588 0.556140
v -1.091722 0.248971 0.581037
v -1.066825 0.248971 0.581037
v -1.091722 0.298765 0.605934
v -1.066825 0.298765 0.605934
v -1.141516 0.074691 0.630831
v -1.091722 0.074691 0.630831
v -1.141516 0.099588 0.630831
v -1.091722 0.273868 0.630831
v -1.066825 0.273868 0.630831
v -1.091722 0.074691 0.655728
v -1.066825 0.074691 0.655728
v -1.091722 0.248971 0.655728
v -1.066825 0.248971 0.655728
v -1.141516 0.049794 0.680625
v -1.091722 0.049794 0.680625
v -1.141516 0.074691 0.680625
v -1.091722 0.074691 0.680625
v -1.141516 0.024897 0.730420
v -1.041928 0.024897 0.730420
v -1.141516 0.049794 0.730420
v -1.091722 0.049794 0.730420
v -1.066825 0.049794 0.730420
v -1.041928 0.049794 0.730420
v -0.668471 0.124485 0.730420
v -0.643574 0.124485 0.730420
v -0.668471 0.248971 0.730420
v -0.643574 0.248971 0.730420
v -0.668471 0.298765 0.730420
v -0.643574 0.298765 0.730420
v -0.668471 0.323662 0.730420
v -0.668471 0.348559 0.730420
v -0.668471 0.423250 0.730420
v -0.643574 0.423250 0.730420
v -1.141516 -0.000000 0.780214
v -1.041928 -0.000000 0.780214
v -1.141516 0.024897 0.780214
v -1.041928 0.024897 0.780214
v -1.091722 0.124485 1.078979
v -1.066825 0.124485 1.078979
v -1.091722 0.248971 1.078979
v -1.066825 0.248971 1.078979
v -0.668471 0.124485 1.078979
v -0.643574 0.124485 1.078979
v -0.668471 0.248971 1.078979
v -0.643574 0.248971 1.078979
v -1.091722 0.298765 1.078979
v -1.066825 0.298765 1.078979
v -1.091722 0.423250 1.078979
v -1.066825 0.423250 1.078979
v -0.668471 0.298765 1.078979
v -0.643574 0.298765 1.078979
v -0.668471 0.423250 1.078979
v -0.643574 0.423250 1.078979
v -1.066825 0.323662 1.128773
v -1.041928 0.323662 1.128773
v -1.066825 0.348559 1.128773
v -1.041928 0.348559 1.128773
v -1.091722 0.124485 1.527126
v -1.066825 0.124485 1.527126
v -1.066825 0.149382 1.527126
v -1.066825 0.174280 1.527126
v -1.091722 0.248971 1.527126
v -1.066825 0.248971 1.527126
v -1.091722 0.298765 1.527126
v -1.066825 0.298765 1.527126
v -1.091722 0.423250 1.527126
v -1.066825 0.423250 1.527126
v -0.668471 0.298765 1.576920
v -0.643574 0.298765 1.576920
v -0.668471 0.373456 1.576920
v -0.693368 0.373456 1.576920
v -0.693368 0.398353 1.576920
v -0.668471 0.398353 1.576920
v -0.668471 0.423250 1.576920
v -0.643574 0.423250 1.576920
v -1.041927 -0.000000 1.601817
v -0.693368 0.000000 1.601817
v -1.041927 0.049794 1.601817
v -0.693368 0.049794 1.601817
v -0.693368 0.099588 1.601817
v -0.668471 0.099588 1.601817
v -0.693368 0.124485 1.601817
v -0.668471 0.124485 1.601817
v -1.066825 0.248971 1.601817
v -1.041928 0.248971 1.601817
v -1.066825 0.273868 1.601817
v -1.041928 0.273868 1.601817
v -0.842751 0.248971 1.601817
v -0.792957 0.248971 1.601817
v -0.842751 0.273868 1.601817
v -0.792957 0.273868 1.601817
v -0.817854 0.298765 1.601817
v -0.792957 0.298765 1.601817
v -0.817854 0.323662 1.601817
v -0.792957 0.323662 1.601817
v -1.066825 0.423250 1.601817
v -1.041928 0.423250 1.601817
v -1.066825 0.448147 1.601817
v -1.041928 0.448147 1.601817
v -1.066825 0.074691 1.626714
v -1.041927 0.074691 1.626714
v -1.066825 0.099588 1.626714
v -0.668471 0.074691 1.626714
v -1.041927 0.099588 1.626714
v -0.718265 0.099588 1.626714
v -0.693368 0.099588 1.626714
v -0.668471 0.099588 1.626714
v -1.017030 0.124485 1.626714
v -0.942339 0.124485 1.626714
v -0.842751 0.124485 1.626714
v -0.792957 0.124485 1.626714
v -0.718265 0.124485 1.626714
v -0.693368 0.124485 1.626714
v -1.017030 0.149382 1.626714
v -0.942339 0.149382 1.626714
v -0.842751 0.149383 1.626714
v -0.792957 0.149383 1.626714
v -1.066825 0.199177 1.626714
v -1.041928 0.199177 1.626714
v -0.892545 0.199177 1.626714
v -0.867648 0.199177 1.626714
v -0.768060 0.199177 1.626714
v -0.718265 0.199177 1.626714
v -1.066825 0.224074 1.626714
v -1.041928 0.224074 1.626714
v -0.892545 0.224074 1.626714
v -0.867648 0.224074 1.626714
v -0.768060 0.224074 1.626714
v -0.718265 0.224074 1.626714
v -1.066825 0.248971 1.626714
v -1.041928 0.248971 1.626714
v -0.842751 0.248971 1.626714
v -0.792957 0.248971 1.626714
v -0.693368 0.248971 1.626714
v -1.041928 0.273868 1.626714
v -0.967236 0.273868 1.626714
v -0.917442 0.273868 1.626714
v -0.842751 0.273868 1.626714
v -0.668471 0.248971 1.626714
v -0.792957 0.273868 1.626714
v -1.066825 0.273868 1.626714
v -1.066825 0.298765 1.626714
v -1.041928 0.298765 1.626714
v -0.967236 0.298765 1.626714
v -0.917442 0.298765 1.626714
v -0.817854 0.298765 1.626714
v -0.792957 0.298765 1.626714
v -1.066825 0.323662 1.626714
v -1.041928 0.323662 1.626714
v -0.792957 0.323662 1.626714
v -0.768060 0.323662 1.626714
v -0.743163 0.323662 1.626714
v -0.693368 0.323662 1.626714
v -0.668471 0.323662 1.626714
v -0.817854 0.323662 1.626714
v -0.768060 0.348559 1.626714
v -0.743163 0.348559 1.626714
v -0.693368 0.348559 1.626714
v -0.668471 0.348559 1.626714
v -1.066825 0.373456 1.626714
v -1.041928 0.373456 1.626714
v -0.693368 0.373456 1.626714
v -0.668471 0.373456 1.626714
v -1.066825 0.398353 1.626714
v -1.041928 0.398353 1.626714
v -0.817854 0.398353 1.626714
v -0.792957 0.398353 1.626714
v -0.693368 0.398353 1.626714
v -1.066825 0.423250 1.626714
v -1.041928 0.423250 1.626714
v -0.917442 0.423250 1.626714
v -0.817854 0.423250 1.626714
v -0.668471 0.398353 1.626714
v -0.792957 0.423250 1.626714
v -0.892545 0.423250 1.626714
v -1.041928 0.448147 1.626714
v -1.017030 0.448147 1.626714
v -0.892545 0.448147 1.626714
v -0.842751 0.423250 1.626714
v -0.842751 0.448147 1.626714
v -0.718266 0.448148 1.626714
v -0.668471 0.448148 1.626714
v -1.017030 0.473045 1.626714
v -0.967236 0.473045 1.626714
v -0.917442 0.473045 1.626714
v -0.867648 0.473045 1.626714
v -0.768060 0.473045 1.626714
v -0.718266 0.473045 1.626714
v -0.917442 0.497942 1.626714
v -0.867648 0.497942 1.626714
v -0.817854 0.497942 1.626714
v -0.768060 0.497942 1.626714
v -0.768060 0.522839 1.626714
v -0.768060 0.547736 1.626714
v -0.792957 0.572633 1.626714
v -0.768060 0.572633 1.626714
v -0.743163 0.572633 1.626714
v -0.792957 0.597530 1.626714
v -0.768060 0.597530 1.626714
v -0.743163 0.597530 1.626714
v -1.091722 0.049794 1.651612
v -0.643574 0.049794 1.651612
v -1.091722 0.074691 1.651612
v -0.643574 0.074691 1.651612
v -0.693368 0.124485 1.651612
v -0.643574 0.124485 1.651612
v -0.668471 0.149383 1.651612
v -0.643574 0.149383 1.651612
v -0.668471 0.174280 1.651612
v -0.643574 0.174280 1.651612
v -0.668471 0.224074 1.651612
v -0.643574 0.224074 1.651612
v -0.693368 0.248971 1.651612
v -0.643574 0.248971 1.651612
v -0.917442 0.298765 1.651612
v -0.817854 0.298765 1.651612
v -0.892545 0.323662 1.651612
v -0.842751 0.323662 1.651612
v -0.892545 0.348559 1.651612
v -0.842751 0.348559 1.651612
v -0.917442 0.423250 1.651612
v -0.892545 0.423250 1.651612
v -0.842751 0.423250 1.651612
v -0.817854 0.423250 1.651612
v -0.892545 0.448147 1.651612
v -0.842751 0.448147 1.651612
v -1.091722 0.448147 1.651612
v -1.017030 0.448147 1.651612
v -1.091722 0.473045 1.651612
v -1.017030 0.473045 1.651612
v -0.718266 0.448148 1.651612
v -0.643574 0.448148 1.651612
v -0.718266 0.473045 1.651612
v -0.643574 0.473045 1.651612
v -0.967236 0.473045 1.651612
v -0.967236 0.497942 1.651612
v -0.768060 0.473045 1.651612
v -0.768060 0.497942 1.651612
v -0.917442 0.497942 1.651612
v -1.017030 0.522839 1.651612
v -0.967236 0.522839 1.651612
v -0.917442 0.522839 1.651612
v -0.817854 0.497942 1.651612
v -0.817854 0.522839 1.651612
v -0.768060 0.522839 1.651612
v -0.718266 0.522839 1.651612
v -0.967236 0.547736 1.651612
v -0.917442 0.547736 1.651612
v -0.817854 0.547736 1.651612
v -0.768060 0.547736 1.651612
v -0.917442 0.572633 1.651612
v -0.817854 0.572633 1.651612
v -1.091722 0.149382 0.805111
v -1.091722 0.174280 0.805111
v -1.091722 0.224074 0.805111
v -1.091722 0.323662 0.805111
v -1.091722 0.398353 0.805111
v -1.091722 0.348559 0.830008
v -1.091722 0.398353 0.830008
v -1.091722 0.149382 0.879802
v -1.091722 0.174280 0.879802
v -1.091722 0.224074 0.879802
v -1.091722 0.323662 0.879802
v -1.091722 0.348559 0.879802
v -1.091722 0.398353 0.879802
v -1.091722 0.149382 0.904699
v -1.091722 0.174280 0.904699
v -1.091722 0.224074 0.904699
v -1.091722 0.323662 0.904699
v -1.091722 0.348559 0.904699
v -1.091722 0.398353 0.904699
v -1.091722 0.174280 0.979390
v -1.091722 0.224074 0.979390
v -1.091722 0.174280 1.004287
v -1.091722 0.224074 1.004287
v -1.091722 0.348559 1.004287
v -1.091722 0.398353 1.004287
v -1.091722 0.348559 1.029185
v -1.091722 0.398353 1.029185
v -1.091722 0.149382 1.054082
v -1.091722 0.174280 1.054082
v -1.091722 0.224074 1.054082
v -1.091722 0.323662 1.054082
v -1.091722 0.348559 1.054082
v -1.091722 0.398353 1.054082
v -1.091722 0.149382 1.228361
v -1.091722 0.174280 1.228361
v -1.091722 0.224074 1.228361
v -1.091722 0.323662 1.228361
v -1.091722 0.348559 1.228361
v -1.091722 0.398353 1.228361
v -1.091722 0.174280 1.253258
v -1.091722 0.199177 1.253258
v -1.091722 0.174280 1.278155
v -1.091722 0.199177 1.278155
v -1.091722 0.348559 1.278155
v -1.091722 0.398353 1.278155
v -1.091722 0.348559 1.352847
v -1.091722 0.398353 1.352847
v -1.091722 0.149382 1.402641
v -1.091722 0.174280 1.402641
v -1.091722 0.224074 1.402641
v -1.091722 0.323662 1.402641
v -1.091722 0.348559 1.402641
v -1.091722 0.398353 1.402641
v -1.091722 0.149382 1.427538
v -1.091722 0.174280 1.427538
v -1.091722 0.224074 1.427538
v -1.091722 0.323662 1.427538
v -1.091722 0.348559 1.427538
v -1.091722 0.398353 1.427538
v -1.091722 0.348559 1.452435
v -1.091722 0.398353 1.452435
v -1.091722 0.174280 1.477332
v -1.091722 0.224074 1.477332
v -1.091722 0.348559 1.477332
v -1.091722 0.398353 1.477332
v -1.091722 0.149382 1.502229
v -1.091722 0.224074 1.502229
v -1.091722 0.323662 1.502229
v -1.091722 0.348559 1.502229
v -1.091722 0.398353 1.502229
v -1.066825 0.149382 0.456552
v -1.066825 0.248971 0.456552
v -1.066825 0.423250 0.456552
v -1.066825 0.448147 0.456552
v -1.066825 0.199177 0.481449
v -1.066825 0.248971 0.481449
v -1.066825 0.273868 0.481449
v -1.066825 0.199177 0.506346
v -1.066825 0.248971 0.506346
v -1.066825 0.423250 0.506346
v -1.066825 0.448147 0.506346
v -1.066825 0.348559 0.531243
v -1.066825 0.373456 0.531243
v -1.066825 0.199177 0.581037
v -1.066825 0.224074 0.581037
v -1.066825 0.348559 0.581037
v -1.066825 0.373456 0.581037
v -1.066825 0.199177 0.605934
v -1.066825 0.224074 0.605934
v -1.066825 0.348559 0.655728
v -1.066825 0.373456 0.655728
v -1.066825 0.074691 0.680625
v -1.066825 0.199177 0.680625
v -1.066825 0.248971 0.680625
v -1.066825 0.124485 0.705523
v -1.066825 0.149382 0.705523
v -1.066825 0.199177 0.705523
v -1.066825 0.248971 0.705523
v -1.066825 0.348559 0.705523
v -1.066825 0.373456 0.705523
v -1.066825 0.124485 0.730420
v -1.066825 0.149382 0.730420
v -1.066825 0.099588 0.954493
v -1.066825 0.124485 0.954493
v -1.066825 0.423250 0.954493
v -1.066825 0.448147 0.954493
v -1.066825 0.423250 0.979390
v -1.066825 0.448147 0.979390
v -1.066825 0.099588 1.029185
v -1.066825 0.124485 1.029185
v -1.066825 0.074691 1.054082
v -1.066825 0.099588 1.054082
v -1.066825 0.074691 1.078979
v -1.066825 0.099588 1.078979
v -1.066825 0.248971 1.128773
v -1.066825 0.273868 1.128773
v -1.066825 0.248971 1.178567
v -1.066825 0.273868 1.178567
v -1.066825 0.099588 1.253258
v -1.066825 0.124485 1.253258
v -1.066825 0.099588 1.303052
v -1.066825 0.124485 1.303052
v -1.066825 0.423250 1.377744
v -1.066825 0.448147 1.377744
v -1.066825 0.423250 1.452435
v -1.066825 0.448147 1.452435
v -1.066825 0.149382 1.576920
v -1.066825 0.174280 1.576920
v -1.066825 0.199177 1.576920
v -1.066825 0.224074 1.576920
v -1.066825 0.074691 1.601817
v -1.066825 0.099588 1.601817
v -1.066825 0.298765 1.601817
v -1.066825 0.323662 1.601817
v -1.066825 0.373456 1.601817
v -1.066825 0.398353 1.601817
v -1.017031 0.497942 0.431655
v -1.017031 0.473045 0.456552
v -1.017031 0.497942 0.456552
v -1.017031 0.473045 0.531243
v -1.017031 0.497942 0.531243
v -1.017031 0.473045 0.755317
v -1.017031 0.497942 0.755317
v -1.017031 0.473045 0.780214
v -1.017031 0.473045 0.830008
v -1.017031 0.497942 0.830008
v -1.017031 0.473045 0.854905
v -1.017030 0.473045 1.178567
v -1.017030 0.497942 1.178567
v -1.017030 0.473045 1.253258
v -1.017030 0.497942 1.253258
v -1.017030 0.473045 1.352847
v -1.017030 0.497942 1.352847
v -1.017030 0.473045 1.427538
v -1.017030 0.497942 1.427538
v -0.967236 0.522839 0.431655
v -0.967236 0.497942 0.531243
v -0.967236 0.497942 0.581037
v -0.967236 0.522839 0.581037
v -0.967236 0.497942 0.605934
v -0.967236 0.497942 0.655728
v -0.967236 0.522839 0.655728
v -0.967236 0.497942 0.680625
v -0.967236 0.497942 0.755317
v -0.967236 0.522839 0.755317
v -0.967236 0.497942 0.830008
v -0.967236 0.522839 0.830008
v -0.967236 0.497942 0.854905
v -0.967236 0.497942 0.904699
v -0.967236 0.522839 0.904699
v -0.967236 0.497942 0.929596
v -0.967236 0.497942 0.979390
v -0.967236 0.522839 0.979390
v -0.967236 0.497942 1.054082
v -0.967236 0.497942 1.128773
v -0.967236 0.497942 1.228361
v -0.967236 0.497942 1.303052
v -0.967236 0.497942 1.377744
v -0.967236 0.522839 1.377744
v -0.967236 0.497942 1.452435
v -0.967236 0.522839 1.452435
v -0.967236 0.497942 1.477332
v -0.967236 0.497942 1.552023
v -0.917442 0.547736 0.431655
v -0.917442 0.522839 0.481449
v -0.917442 0.547736 0.481449
v -0.917442 0.522839 0.556140
v -0.917442 0.547736 0.556140
v -0.917442 0.522839 0.730420
v -0.917442 0.522839 0.805111
v -0.917442 0.522839 0.929596
v -0.917442 0.547736 0.929596
v -0.917442 0.522839 1.004287
v -0.917442 0.547736 1.004287
v -0.917442 0.522839 1.128773
v -0.917442 0.547736 1.128773
v -0.917442 0.522839 1.203464
v -0.917442 0.547736 1.203464
v -0.917442 0.522839 1.352847
v -0.917442 0.547736 1.352847
v -0.917442 0.522839 1.427538
v -0.917442 0.547736 1.427538
v -0.917442 0.522839 1.502229
v -0.917442 0.547736 1.502229
v -0.917442 0.522839 1.576920
v -0.917442 0.547736 1.576920
v -0.892545 0.547736 0.431655
v -0.892545 0.572633 0.431655
v -0.892545 0.547736 0.481449
v -0.892545 0.547736 0.556140
v -0.892545 0.547736 0.630831
v -0.892545 0.572633 0.630831
v -0.892545 0.547736 0.705523
v -0.892545 0.572633 0.705523
v -0.892545 0.547736 0.929596
v -0.892545 0.547736 1.004287
v -0.892545 0.547736 1.128773
v -0.892545 0.547736 1.203464
v -0.892545 0.547736 1.228361
v -0.892545 0.572633 1.228361
v -0.892545 0.547736 1.303052
v -0.892545 0.572633 1.303052
v -0.892545 0.547736 1.352847
v -0.892545 0.547736 1.427538
v -0.892545 0.547736 1.502229
v -0.892545 0.547736 1.576920
v -0.842751 0.547736 0.431655
v -0.842751 0.572633 0.431655
v -0.842751 0.547736 0.456552
v -0.842751 0.572633 0.456552
v -0.842751 0.547736 0.531243
v -0.842751 0.572633 0.531243
v -0.842751 0.547736 0.630831
v -0.842751 0.547736 0.705523
v -0.842751 0.547736 0.755317
v -0.842751 0.547736 0.830008
v -0.842751 0.547736 0.904699
v -0.842751 0.572633 0.904699
v -0.842751 0.547736 0.979390
v -0.842751 0.572633 0.979390
v -0.842751 0.547736 1.054082
v -0.842751 0.572633 1.054082
v -0.842751 0.547736 1.128773
v -0.842751 0.572633 1.128773
v -0.842751 0.547736 1.178567
v -0.842751 0.547736 1.253258
v -0.842751 0.547736 1.327950
v -0.842751 0.572633 1.327950
v -0.842751 0.547736 1.402641
v -0.842751 0.572633 1.402641
v -0.842751 0.547736 1.502229
v -0.842751 0.547736 1.576920
v -0.817854 0.547736 0.431655
v -0.817854 0.522839 0.630831
v -0.817854 0.547736 0.630831
v -0.817854 0.522839 0.705523
v -0.817854 0.547736 0.705523
v -0.817854 0.522839 0.755317
v -0.817854 0.547736 0.755317
v -0.817854 0.522839 0.830008
v -0.817854 0.547736 0.830008
v -0.817854 0.522839 0.929596
v -0.817854 0.522839 1.004287
v -0.817854 0.522839 1.178567
v -0.817854 0.547736 1.178567
v -0.817854 0.522839 1.253258
v -0.817854 0.547736 1.253258
v -0.817854 0.522839 1.502229
v -0.817854 0.547736 1.502229
v -0.817854 0.522839 1.576920
v -0.817854 0.547736 1.576920
v -0.768060 0.522839 0.431655
v -0.768060 0.497942 0.531243
v -0.768060 0.522839 0.531243
v -0.768060 0.497942 0.605934
v -0.768060 0.522839 0.605934
v -0.768060 0.497942 0.655728
v -0.768060 0.497942 0.730420
v -0.768060 0.497942 1.054082
v -0.768060 0.522839 1.054082
v -0.768060 0.497942 1.128773
v -0.768060 0.522839 1.128773
v -0.768060 0.497942 1.377744
v -0.768060 0.522839 1.377744
v -0.768060 0.497942 1.452435
v -0.768060 0.522839 1.452435
v -0.743163 0.522839 1.601817
v -0.743163 0.547736 1.601817
v -0.743163 0.572633 1.601817
v -0.743163 0.597530 1.601817
v -0.718266 0.497942 0.431655
v -0.718266 0.473045 0.506346
v -0.718266 0.497942 0.506346
v -0.718266 0.473045 0.581037
v -0.718266 0.497942 0.581037
v -0.718266 0.473045 0.730420
v -0.718266 0.473045 0.805111
v -0.718266 0.473045 0.854905
v -0.718266 0.497942 0.854905
v -0.718266 0.473045 0.929596
v -0.718266 0.497942 0.929596
v -0.718266 0.473045 1.054082
v -0.718266 0.473045 1.128773
v -0.718266 0.473045 1.253258
v -0.718266 0.497942 1.253258
v -0.718266 0.473045 1.327950
v -0.718266 0.497942 1.327950
v -0.668471 0.099588 0.456552
v -0.668471 0.224074 0.456552
v -0.668471 0.248971 0.456552
v -0.668471 0.348559 0.456552
v -0.668471 0.373456 0.456552
v -0.668471 0.224074 0.481449
v -0.668471 0.248971 0.481449
v -0.668471 0.074691 0.531243
v -0.668471 0.099588 0.531243
v -0.668471 0.074691 0.556140
v -0.668471 0.099588 0.556140
v -0.668471 0.124485 0.755317
v -0.668471 0.149383 0.755317
v -0.668471 0.323662 0.755317
v -0.668471 0.348559 0.755317
v -0.668471 0.124485 0.780214
v -0.668471 0.149383 0.780214
v -0.668471 0.423250 1.103876
v -0.668471 0.448148 1.103876
v -0.668471 0.423250 1.128773
v -0.668471 0.448148 1.128773
v -0.668471 0.124485 1.153670
v -0.668471 0.149383 1.153670
v -0.668471 0.124485 1.203464
v -0.668471 0.149383 1.203464
v -0.668471 0.298765 1.203464
v -0.668471 0.323662 1.203464
v -0.668471 0.373456 1.203464
v -0.668471 0.398353 1.203464
v -0.668471 0.298765 1.228361
v -0.668471 0.323662 1.228361
v -0.668471 0.373456 1.228361
v -0.668471 0.398353 1.228361
v -0.668471 0.074691 1.303052
v -0.668471 0.099588 1.303052
v -0.668471 0.074691 1.327950
v -0.668471 0.099588 1.327950
v -0.668471 0.248971 1.427538
v -0.668471 0.273868 1.427538
v -0.668471 0.099588 1.502229
v -0.668471 0.124485 1.502229
v -0.668471 0.248971 1.502229
v -0.668471 0.273868 1.502229
v -0.668471 0.323662 1.601817
v -0.668471 0.348559 1.601817
v -0.643574 0.149383 0.531243
v -0.643574 0.174280 0.531243
v -0.643574 0.224074 0.531243
v -0.643574 0.323662 0.531243
v -0.643574 0.348559 0.531243
v -0.643574 0.398353 0.531243
v -0.643574 0.348559 0.556140
v -0.643574 0.398353 0.556140
v -0.643574 0.149383 0.581037
v -0.643574 0.174280 0.581037
v -0.643574 0.224074 0.581037
v -0.643574 0.323662 0.581037
v -0.643574 0.398353 0.581037
v -0.643574 0.149383 0.605934
v -0.643574 0.224074 0.605934
v -0.643574 0.323662 0.605934
v -0.643574 0.348559 0.605934
v -0.643574 0.398353 0.605934
v -0.643574 0.174280 0.630831
v -0.643574 0.224074 0.630831
v -0.643574 0.174280 0.680625
v -0.643574 0.224074 0.680625
v -0.643574 0.149383 0.705522
v -0.643574 0.224074 0.705522
v -0.643574 0.323662 0.705522
v -0.643574 0.348559 0.705522
v -0.643574 0.398353 0.705522
v -0.643574 0.149383 0.854905
v -0.643574 0.199177 0.854905
v -0.643574 0.224074 0.854905
v -0.643574 0.323662 0.854905
v -0.643574 0.398353 0.854905
v -0.643574 0.174280 0.879802
v -0.643574 0.199177 0.879802
v -0.643574 0.348559 0.879802
v -0.643574 0.398353 0.879802
v -0.643574 0.174280 0.929596
v -0.643574 0.224074 0.929596
v -0.643574 0.149383 0.954493
v -0.643574 0.224074 0.954493
v -0.643574 0.323662 0.954493
v -0.643574 0.348559 0.954493
v -0.643574 0.398353 0.954493
v -0.643574 0.149383 0.979390
v -0.643574 0.174280 0.979390
v -0.643574 0.224074 0.979390
v -0.643574 0.323662 0.979390
v -0.643574 0.398353 0.979390
v -0.643574 0.348559 1.004287
v -0.643574 0.398353 1.004287
v -0.643574 0.149383 1.054082
v -0.643574 0.174280 1.054082
v -0.643574 0.224074 1.054082
v -0.643574 0.323662 1.054082
v -0.643574 0.348559 1.054082
v -0.643574 0.398353 1.054082
v -0.643574 0.149383 1.303052
v -0.643574 0.224074 1.303052
v -0.643574 0.174280 1.327950
v -0.643574 0.224074 1.327950
v -0.643574 0.323662 1.352847
v -0.643574 0.373456 1.352847
v -0.643574 0.398353 1.352847
v -0.643574 0.348559 1.377744
v -0.643574 0.373456 1.377744
v -0.643574 0.174280 1.427538
v -0.643574 0.224074 1.427538
v -0.643574 0.323662 1.452435
v -0.643574 0.348559 1.452435
v -0.643574 0.398353 1.452435
v -0.643574 0.174280 1.477332
v -0.643574 0.224074 1.477332
v -0.643574 0.323662 1.477332
v -0.643574 0.348559 1.477332
v -0.643574 0.398353 1.477332
v -0.643574 0.149383 1.527126
v -0.643574 0.174280 1.527126
v -0.643574 0.224074 1.527126
v -0.643574 0.149383 1.552023
v -0.643574 0.174280 1.552023
v -0.643574 0.224074 1.552023
v -0.643574 0.323662 1.552023
v -0.643574 0.348559 1.552023
v -0.643574 0.398353 1.552023
v -1.066825 0.049794 0.431655
v -1.066825 0.049794 1.626714
v -0.668471 0.049794 0.431655
v -0.668471 0.049794 1.626714
v -0.668471 0.124485 1.626714
v -1.066825 0.448147 1.626714
v -1.066825 0.473045 0.431655
v -1.066825 0.473045 1.128773
v -1.066825 0.473045 1.203464
v -1.066825 0.473045 1.402641
v -1.066825 0.473045 1.477332
v -1.066825 0.473045 1.626714
v -1.041928 0.473045 0.780214
v -1.041928 0.473045 0.854905
v -1.041928 0.473045 1.128773
v -1.041928 0.473045 1.203464
v -1.041928 0.473045 1.402641
v -1.041928 0.473045 1.477332
v -0.693368 0.473045 0.730420
v -0.693368 0.473045 0.805111
v -0.693368 0.473045 1.054082
v -0.693368 0.473045 1.128773
v -0.668471 0.473045 0.431655
v -0.668471 0.473045 1.626714
v -0.992133 0.497942 0.456552
v -0.992133 0.497942 0.531243
v -0.992133 0.497942 0.605934
v -0.992133 0.497942 0.680625
v -0.992133 0.497942 0.755317
v -0.992133 0.497942 0.830008
v -0.992133 0.497942 0.854905
v -0.992133 0.497942 0.929596
v -0.992133 0.497942 1.054082
v -0.992133 0.497942 1.128773
v -0.992133 0.497942 1.178567
v -0.992133 0.497942 1.228361
v -0.992133 0.497942 1.253258
v -0.992133 0.497942 1.303052
v -0.992133 0.497942 1.352847
v -0.992133 0.497942 1.427538
v -0.992133 0.497942 1.477332
v -0.992133 0.497942 1.552023
v -0.743163 0.497942 0.506346
v -0.743163 0.497942 0.581037
v -0.743163 0.497942 0.655728
v -0.743163 0.497942 0.730420
v -0.743163 0.497942 0.854905
v -0.743163 0.497942 0.929596
v -0.743163 0.497942 1.253258
v -0.743163 0.497942 1.327950
v -0.942339 0.522839 0.581037
v -0.942339 0.522839 0.655728
v -0.942339 0.522839 0.730420
v -0.942339 0.522839 0.755317
v -0.942339 0.522839 0.805111
v -0.942339 0.522839 0.830008
v -0.942339 0.522839 0.904699
v -0.942339 0.522839 0.979390
v -0.942339 0.522839 1.377744
v -0.942339 0.522839 1.452435
v -0.792957 0.522839 0.531243
v -0.792957 0.522839 0.605934
v -0.792957 0.522839 0.929596
v -0.792957 0.522839 1.004287
v -0.792957 0.522839 1.054082
v -0.792957 0.522839 1.128773
v -0.792957 0.522839 1.377744
v -0.792957 0.522839 1.452435
v -0.867648 0.572633 0.456552
v -0.867648 0.572633 0.531243
v -0.867648 0.572633 0.630831
v -0.867648 0.572633 0.705523
v -0.867648 0.572633 0.904699
v -0.867648 0.572633 0.979390
v -0.867648 0.572633 1.054082
v -0.867648 0.572633 1.128773
v -0.867648 0.572633 1.228361
v -0.867648 0.572633 1.303052
v -0.867648 0.572633 1.327950
v -0.867648 0.572633 1.402641
v -0.768060 0.597530 1.601817
vt 0.466797 0.500000
vt 0.466797 0.500000
vt 0.466797 0.500000
vt 0.466797 0.500000
vt 0.466797 0.500000
vt 0.466797 0.500000
vt 0.466797 0.500000
vt 0.466797 0.500000
vt 0.466797 0.500000
vt 0.466797 0.500000
vt 0.466797 0.500000
vt 0.041016 0.500000
vt 0.041016 0.500000
vt 0.041016 0.500000
vt 0.466797 0.500000
vt 0.041016 0.500000
vt 0.041016 0.500000
vt 0.041016 0.500000
vt 0.041016 0.500000
vt 0.466797 0.500000
vt 0.041016 0.500000
vt 0.037109 0.500000
vt 0.037109 0.500000
vt 0.037109 0.500000
vt 0.466797 0.500000
vt 0.466797 0.500000
vt 0.037109 0.500000
vt 0.037109 0.500000
vt 0.037109 0.500000
vt 0.037109 0.500000
vt 0.466797 0.500000
vt 0.041016 0.500000
vt 0.037109 0.500000
vt 0.466797 0.500000
vt 0.041016 0.500000
vt 0.466797 0.500000
vt 0.466797 0.500000
vt 0.466797 0.500000
vt 0.466797 0.500000
vt 0.466797 0.500000
vt 0.466797 0.500000
vt 0.466797 0.500000
vt 0.466797 0.500000
vt 0.466797 0.500000
vt 0.466797 0.500000
vt 0.041016 0.500000
vt 0.041016 0.500000
vt 0.041016 0.500000
vt 0.466797 0.500000
vt 0.041016 0.500000
vt 0.041016 0.500000
vt 0.041016 0.500000
vt 0.041016 0.500000
vt 0.466797 0.500000
vt 0.466797 0.500000
vt 0.041016 0.500000
vt 0.037109 0.500000
vt 0.037109 0.500000
vt 0.037109 0.500000
vt 0.466797 0.500000
vt 0.466797 0.500000
vt 0.037109 0.500000
vt 0.037109 0.500000
vt 0.037109 0.500000
vt 0.037109 0.500000
vt 0.466797 0.500000
vt 0.466797 0.500000
vt 0.037109 0.500000
vt 0.466797 0.500000
vt 0.466797 0.500000
vt 0.466797 0.500000
vt 0.466797 0.500000
vt 0.466797 0.500000
vt 0.466797 0.500000
vt 0.466797 0.500000
vt 0.466797 0.500000
vt 0.466797 0.500000
vt 0.466797 0.500000
vt 0.466797 0.500000
vt 0.466797 0.500000
vt 0.466797 0.500000
vt 0.466797 0.500000
vt 0.466797 0.500000
vt 0.466797 0.500000
vt 0.466797 0.500000
vt 0.466797 0.500000
vt 0.466797 0.500000
vt 0.466797 0.500000
vt 0.466797 0.500000
vt 0.466797 0.500000
vt 0.466797 0.500000
vt 0.466797 0.500000
vt 0.466797 0.500000
vt 0.466797 0.500000
vt 0.466797 0.500000
vt 0.466797 0.500000
vt 0.236328 0.500000
vt 0.236328 0.500000
vt 0.236328 0.500000
vt 0.236328 0.500000
vt 0.236328 0.500000
vt 0.236328 0.500000
vt 0.236328 0.500000
vt 0.236328 0.500000
vt 0.236328 0.500000
vt 0.236328 0.500000
vt 0.232422 0.500000
vt 0.232422 0.500000
vt 0.232422 0.500000
vt 0.236328 0.500000
vt 0.232422 0.500000
vt 0.232422 0.500000
vt 0.232422 0.500000
vt 0.232422 0.500000
vt 0.232422 0.500000
vt 0.236328 0.500000
vt 0.232422 0.500000
vt 0.236328 0.500000
vt 0.236328 0.500000
vt 0.236328 0.500000
vt 0.236328 0.500000
vt 0.236328 0.500000
vt 0.236328 0.500000
vt 0.236328 0.500000
vt 0.236328 0.500000
vt 0.236328 0.500000
vt 0.236328 0.500000
vt 0.236328 0.500000
vt 0.236328 0.500000
vt 0.232422 0.500000
vt 0.232422 0.500000
vt 0.232422 0.500000
vt 0.236328 0.500000
vt 0.236328 0.500000
vt 0.236328 0.500000
vt 0.232422 0.500000
vt 0.236328 0.500000
vt 0.236328 0.500000
vt 0.236328 0.500000
vt 0.236328 0.500000
vt 0.236328 0.500000
vt 0.236328 0.500000
vt 0.236328 0.500000
vt 0.236328 0.500000
vt 0.236328 0.500000
vt 0.232422 0.500000
vt 0.232422 0.500000
vt 0.232422 0.500000
vt 0.236328 0.500000
vt 0.232422 0.500000
vt 0.236328 0.500000
vt 0.236328 0.500000
vt 0.236328 0.500000
vt 0.236328 0.500000
vt 0.236328 0.500000
vt 0.236328 0.500000
vt 0.236328 0.500000
vt 0.236328 0.500000
vt 0.236328 0.500000
vt 0.236328 0.500000
vt 0.236328 0.500000
vt 0.236328 0.500000
vt 0.232422 0.500000
vt 0.232422 0.500000
vt 0.232422 0.500000
vt 0.236328 0.500000
vt 0.236328 0.500000
vt 0.232422 0.500000
vt 0.236328 0.500000
vt 0.236328 0.500000
vt 0.236328 0.500000
vt 0.236328 0.500000
vt 0.236328 0.500000
vt 0.236328 0.500000
vt 0.236328 0.500000
vt 0.236328 0.500000
vt 0.279297 0.500000
vt 0.279297 0.500000
vt 0.279297 0.500000
vt 0.279297 0.500000
vt 0.236328 0.500000
vt 0.236328 0.500000
vt 0.236328 0.500000
vt 0.236328 0.500000
vt 0.236328 0.500000
vt 0.236328 0.500000
vt 0.236328 0.500000
vt 0.236328 0.500000
vt 0.236328 0.500000
vt 0.236328 0.500000
vt 0.236328 0.500000
vt 0.236328 0.500000
vt 0.236328 0.500000
vt 0.236328 0.500000
vt 0.236328 0.500000
vt 0.236328 0.500000
vt 0.236328 0.500000
vt 0.236328 0.500000
vt 0.236328 0.500000
vt 0.236328 0.500000
vt 0.466797 0.500000
vt 0.466797 0.500000
vt 0.466797 0.500000
vt 0.466797 0.500000
vt 0.466797 0.500000
vt 0.466797 0.500000
vt 0.466797 0.500000
vt 0.466797 0.500000
vt 0.466797 0.500000
vt 0.466797 0.500000
vt 0.466797 0.500000
vt 0.466797 0.500000
vt 0.279297 0.500000
vt 0.279297 0.500000
vt 0.279297 0.500000
vt 0.279297 0.500000
vt 0.279297 0.500000
vt 0.279297 0.500000
vt 0.279297 0.500000
vt 0.466797 0.500000
vt 0.466797 0.500000
vt 0.466797 0.500000
vt 0.466797 0.500000
vt 0.466797 0.500000
vt 0.466797 0.500000
vt 0.466797 0.500000
vt 0.466797 0.500000
vt 0.466797 0.500000
vt 0.466797 0.500000
vt 0.466797 0.500000
vt 0.466797 0.500000
vt 0.466797 0.500000
vt 0.466797 0.500000
vt 0.466797 0.500000
vt 0.466797 0.500000
vt 0.466797 0.500000
vt 0.466797 0.500000
vt 0.466797 0.500000
vt 0.466797 0.500000
vt 0.466797 0.500000
vt 0.466797 0.500000
vt 0.466797 0.500000
vt 0.466797 0.500000
vt 0.466797 0.500000
vt 0.466797 0.500000
vt 0.466797 0.500000
vt 0.466797 0.500000
vt 0.466797 0.500000
vt 0.466797 0.500000
vt 0.466797 0.500000
vt 0.466797 0.500000
vt 0.236328 0.500000
vt 0.236328 0.500000
vt 0.236328 0.500000
vt 0.236328 0.500000
vt 0.466797 0.500000
vt 0.466797 0.500000
vt 0.466797 0.500000
vt 0.466797 0.500000
vt 0.466797 0.500000
vt 0.466797 0.500000
vt 0.466797 0.500000
vt 0.466797 0.500000
vt 0.466797 0.500000
vt 0.466797 0.500000
vt 0.466797 0.500000
vt 0.466797 0.500000
vt 0.466797 0.500000
vt 0.466797 0.500000
vt 0.466797 0.500000
vt 0.466797 0.500000
vt 0.236328 0.500000
vt 0.236328 0.500000
vt 0.236328 0.500000
vt 0.236328 0.500000
vt 0.236328 0.500000
vt 0.236328 0.500000
vt 0.232422 0.500000
vt 0.232422 0.500000
vt 0.232422 0.500000
vt 0.236328 0.500000
vt 0.232422 0.500000
vt 0.232422 0.500000
vt 0.232422 0.500000
vt 0.236328 0.500000
vt 0.236328 0.500000
vt 0.232422 0.500000
vt 0.236328 0.500000
vt 0.236328 0.500000
vt 0.236328 0.500000
vt 0.466797 0.500000
vt 0.466797 0.500000
vt 0.466797 0.500000
vt 0.466797 0.500000
vt 0.466797 0.500000
vt 0.466797 0.500000
vt 0.466797 0.500000
vt 0.466797 0.500000
vt 0.466797 0.500000
vt 0.466797 0.500000
vt 0.466797 0.500000
vt 0.466797 0.500000
vt 0.466797 0.500000
vt 0.466797 0.500000
vt 0.466797 0.500000
vt 0.466797 0.500000
vt 0.466797 0.500000
vt 0.466797 0.500000
vt 0.466797 0.500000
vt 0.466797 0.500000
vt 0.466797 0.500000
vt 0.466797 0.500000
vt 0.466797 0.500000
vt 0.466797 0.500000
vt 0.466797 0.500000
vt 0.466797 0.500000
vt 0.466797 0.500000
vt 0.279297 0.500000
vt 0.279297 0.500000
vt 0.279297 0.500000
vt 0.279297 0.500000
vt 0.466797 0.500000
vt 0.466797 0.500000
vt 0.466797 0.500000
vt 0.466797 0.500000
vt 0.466797 0.500000
vt 0.466797 0.500000
vt 0.279297 0.500000
vt 0.279297 0.500000
vt 0.279297 0.500000
vt 0.279297 0.500000
vt 0.279297 0.500000
vt 0.279297 0.500000
vt 0.279297 0.500000
vt 0.279297 0.500000
vt 0.279297 0.500000
vt 0.279297 0.500000
vt 0.466797 0.500000
vt 0.466797 0.500000
vt 0.466797 0.500000
vt 0.466797 0.500000
vt 0.466797 0.500000
vt 0.466797 0.500000
vt 0.466797 0.500000
vt 0.466797 0.500000
vt 0.466797 0.500000
vt 0.466797 0.500000
vt 0.279297 0.500000
vt 0.279297 0.500000
vt 0.279297 0.500000
vt 0.279297 0.500000
vt 0.466797 0.500000
vt 0.466797 0.500000
vt 0.466797 0.500000
vt 0.466797 0.500000
vt 0.466797 0.500000
vt 0.466797 0.500000
vt 0.466797 0.500000
vt 0.466797 0.500000
vt 0.466797 0.500000
vt 0.466797 0.500000
vt 0.466797 0.500000
vt 0.466797 0.500000
vt 0.466797 0.500000
vt 0.466797 0.500000
vt 0.466797 0.500000
vt 0.466797 0.500000
vt 0.236328 0.500000
vt 0.236328 0.500000
vt 0.236328 0.500000
vt 0.236328 0.500000
vt 0.466797 0.500000
vt 0.466797 0.500000
vt 0.466797 0.500000
vt 0.466797 0.500000
vt 0.466797 0.500000
vt 0.466797 0.500000
vt 0.466797 0.500000
vt 0.466797 0.500000
vt 0.466797 0.500000
vt 0.466797 0.500000
vt 0.466797 0.500000
vt 0.466797 0.500000
vt 0.466797 0.500000
vt 0.236328 0.500000
vt 0.236328 0.500000
vt 0.236328 0.500000
vt 0.466797 0.500000
vt 0.236328 0.500000
vt 0.466797 0.500000
vt 0.466797 0.500000
vt 0.279297 0.500000
vt 0.279297 0.500000
vt 0.279297 0.500000
vt 0.279297 0.500000
vt 0.232422 0.500000
vt 0.232422 0.500000
vt 0.232422 0.500000
vt 0.232422 0.500000
vt 0.236328 0.500000
vt 0.236328 0.500000
vt 0.236328 0.500000
vt 0.236328 0.500000
vt 0.236328 0.500000
vt 0.236328 0.500000
vt 0.236328 0.500000
vt 0.236328 0.500000
vt 0.236328 0.500000
vt 0.236328 0.500000
vt 0.236328 0.500000
vt 0.236328 0.500000
vt 0.236328 0.500000
vt 0.236328 0.500000
vt 0.236328 0.500000
vt 0.236328 0.500000
vt 0.232422 0.500000
vt 0.232422 0.500000
vt 0.232422 0.500000
vt 0.236328 0.500000
vt 0.236328 0.500000
vt 0.236328 0.500000
vt 0.232422 0.500000
vt 0.236328 0.500000
vt 0.236328 0.500000
vt 0.236328 0.500000
vt 0.236328 0.500000
vt 0.236328 0.500000
vt 0.236328 0.500000
vt 0.236328 0.500000
vt 0.236328 0.500000
vt 0.232422 0.500000
vt 0.232422 0.500000
vt 0.232422 0.500000
vt 0.236328 0.500000
vt 0.232422 0.500000
vt 0.236328 0.500000
vt 0.232422 0.500000
vt 0.232422 0.500000
vt 0.232422 0.500000
vt 0.236328 0.500000
vt 0.232422 0.500000
vt 0.232422 0.500000
vt 0.232422 0.500000
vt 0.232422 0.500000
vt 0.236328 0.500000
vt 0.236328 0.500000
vt 0.236328 0.500000
vt 0.232422 0.500000
vt 0.236328 0.500000
vt 0.236328 0.500000
vt 0.236328 0.500000
vt 0.236328 0.500000
vt 0.236328 0.500000
vt 0.236328 0.500000
vt 0.232422 0.500000
vt 0.232422 0.500000
vt 0.232422 0.500000
vt 0.236328 0.500000
vt 0.232422 0.500000
vt 0.232422 0.500000
vt 0.232422 0.500000
vt 0.232422 0.500000
vt 0.236328 0.500000
vt 0.236328 0.500000
vt 0.232422 0.500000
vt 0.232422 0.500000
vt 0.232422 0.500000
vt 0.232422 0.500000
vt 0.236328 0.500000
vt 0.236328 0.500000
vt 0.232422 0.500000
vt 0.236328 0.500000
vt 0.236328 0.500000
vt 0.236328 0.500000
vt 0.236328 0.500000
vt 0.236328 0.500000
vt 0.236328 0.500000
vt 0.236328 0.500000
vt 0.236328 0.500000
vt 0.236328 0.500000
vt 0.236328 0.500000
vt 0.236328 0.500000
vt 0.236328 0.500000
vt 0.236328 0.500000
vt 0.236328 0.500000
vt 0.236328 0.500000
vt 0.232422 0.500000
vt 0.232422 0.500000
vt 0.232422 0.500000
vt 0.236328 0.500000
vt 0.236328 0.500000
vt 0.232422 0.500000
vt 0.236328 0.500000
vt 0.236328 0.500000
vt 0.232422 0.500000
vt 0.232422 0.500000
vt 0.232422 0.500000
vt 0.236328 0.500000
vt 0.232422 0.500000
vt 0.236328 0.500000
vt 0.236328 0.500000
vt 0.236328 0.500000
vt 0.236328 0.500000
vt 0.236328 0.500000
vt 0.236328 0.500000
vt 0.236328 0.500000
vt 0.232422 0.500000
vt 0.232422 0.500000
vt 0.232422 0.500000
vt 0.236328 0.500000
vt 0.232422 0.500000
vt 0.232422 0.500000
vt 0.232422 0.500000
vt 0.232422 0.500000
vt 0.236328 0.500000
vt 0.232422 0.500000
vt 0.236328 0.500000
vt 0.236328 0.500000
vt 0.236328 0.500000
vt 0.236328 0.500000
vt 0.236328 0.500000
vt 0.236328 0.500000
vt 0.232422 0.500000
vt 0.232422 0.500000
vt 0.232422 0.500000
vt 0.236328 0.500000
vt 0.232422 0.500000
vt 0.236328 0.500000
vt 0.236328 0.500000
vt 0.236328 0.500000
vt 0.236328 0.500000
vt 0.236328 0.500000
vt 0.236328 0.500000
vt 0.236328 0.500000
vt 0.232422 0.500000
vt 0.232422 0.500000
vt 0.232422 0.500000
vt 0.236328 0.500000
vt 0.236328 0.500000
vt 0.232422 0.500000
vt 0.236328 0.500000
vt 0.236328 0.500000
vt 0.236328 0.500000
vt 0.236328 0.500000
vt 0.236328 0.500000
vt 0.236328 0.500000
vt 0.236328 0.500000
vt 0.236328 0.500000
vt 0.236328 0.500000
vt 0.236328 0.500000
vt 0.236328 0.500000
vt 0.236328 0.500000
vt 0.236328 0.500000
vt 0.236328 0.500000
vt 0.236328 0.500000
vt 0.236328 0.500000
vt 0.232422 0.500000
vt 0.232422 0.500000
vt 0.232422 0.500000
vt 0.236328 0.500000
vt 0.236328 0.500000
vt 0.232422 0.500000
vt 0.236328 0.500000
vt 0.236328 0.500000
vt 0.236328 0.500000
vt 0.236328 0.500000
vt 0.236328 0.500000
vt 0.236328 0.500000
vt 0.236328 0.500000
vt 0.232422 0.500000
vt 0.232422 0.500000
vt 0.232422 0.500000
vt 0.236328 0.500000
vt 0.232422 0.500000
vt 0.236328 0.500000
vt 0.236328 0.500000
vt 0.236328 0.500000
vt 0.232422 0.500000
vt 0.232422 0.500000
vt 0.236328 0.500000
vt 0.232422 0.500000
vt 0.466797 0.500000
vt 0.466797 0.500000
vt 0.466797 0.500000
vt 0.466797 0.500000
vt 0.466797 0.500000
vt 0.466797 0.500000
vt 0.466797 0.500000
vt 0.466797 0.500000
vt 0.466797 0.500000
vt 0.041016 0.500000
vt 0.041016 0.500000
vt 0.041016 0.500000
vt 0.041016 0.500000
vt 0.466797 0.500000
vt 0.037109 0.500000
vt 0.037109 0.500000
vt 0.037109 0.500000
vt 0.037109 0.500000
vt 0.466797 0.500000
vt 0.466797 0.500000
vt 0.466797 0.500000
vt 0.466797 0.500000
vt 0.466797 0.500000
vt 0.466797 0.500000
vt 0.466797 0.500000
vt 0.466797 0.500000
vt 0.041016 0.500000
vt 0.041016 0.500000
vt 0.041016 0.500000
vt 0.466797 0.500000
vt 0.041016 0.500000
vt 0.466797 0.500000
vt 0.037109 0.500000
vt 0.037109 0.500000
vt 0.037109 0.500000
vt 0.466797 0.500000
vt 0.466797 0.500000
vt 0.037109 0.500000
vt 0.466797 0.500000
vt 0.466797 0.500000
vt 0.466797 0.500000
vt 0.466797 0.500000
vt 0.466797 0.500000
vt 0.466797 0.500000
vt 0.466797 0.500000
vt 0.466797 0.500000
vt 0.466797 0.500000
vt 0.466797 0.500000
vt 0.466797 0.500000
vt 0.466797 0.500000
vt 0.466797 0.500000
vt 0.466797 0.500000
vt 0.466797 0.500000
vt 0.466797 0.500000
vt 0.466797 0.500000
vt 0.466797 0.500000
vt 0.466797 0.500000
vt 0.466797 0.500000
vt 0.466797 0.500000
vt 0.466797 0.500000
vt 0.466797 0.500000
vt 0.466797 0.500000
vt 0.466797 0.500000
vt 0.466797 0.500000
vt 0.466797 0.500000
vt 0.466797 0.500000
vt 0.466797 0.500000
vt 0.466797 0.500000
vt 0.466797 0.500000
vt 0.466797 0.500000
vt 0.466797 0.500000
vt 0.466797 0.500000
vt 0.466797 0.500000
vt 0.466797 0.500000
vt 0.466797 0.500000
vt 0.466797 0.500000
vt 0.466797 0.500000
vt 0.041016 0.500000
vt 0.041016 0.500000
vt 0.041016 0.500000
vt 0.466797 0.500000
vt 0.041016 0.500000
vt 0.466797 0.500000
vt 0.041016 0.500000
vt 0.041016 0.500000
vt 0.041016 0.500000
vt 0.037109 0.500000
vt 0.037109 0.500000
vt 0.037109 0.500000
vt 0.041016 0.500000
vt 0.466797 0.500000
vt 0.037109 0.500000
vt 0.466797 0.500000
vt 0.041016 0.500000
vt 0.037109 0.500000
vt 0.037109 0.500000
vt 0.037109 0.500000
vt 0.041016 0.500000
vt 0.466797 0.500000
vt 0.037109 0.500000
vt 0.466797 0.500000
vt 0.466797 0.500000
vt 0.466797 0.500000
vt 0.466797 0.500000
vt 0.466797 0.500000
vt 0.466797 0.500000
vt 0.466797 0.500000
vt 0.466797 0.500000
vt 0.037109 0.500000
vt 0.037109 0.500000
vt 0.037109 0.500000
vt 0.041016 0.500000
vt 0.041016 0.500000
vt 0.041016 0.500000
vt 0.466797 0.500000
vt 0.037109 0.500000
vt 0.041016 0.500000
vt 0.041016 0.500000
vt 0.466797 0.500000
vt 0.041016 0.500000
vt 0.041016 0.500000
vt 0.041016 0.500000
vt 0.041016 0.500000
vt 0.037109 0.500000
vt 0.037109 0.500000
vt 0.037109 0.500000
vt 0.466797 0.500000
vt 0.037109 0.500000
vt 0.041016 0.500000
vt 0.041016 0.500000
vt 0.466797 0.500000
vt 0.041016 0.500000
vt 0.041016 0.500000
vt 0.466797 0.500000
vt 0.037109 0.500000
vt 0.037109 0.500000
vt 0.037109 0.500000
vt 0.041016 0.500000
vt 0.466797 0.500000
vt 0.037109 0.500000
vt 0.041016 0.500000
vt 0.466797 0.500000
vt 0.037109 0.500000
vt 0.037109 0.500000
vt 0.037109 0.500000
vt 0.041016 0.500000
vt 0.466797 0.500000
vt 0.037109 0.500000
vt 0.466797 0.500000
vt 0.466797 0.500000
vt 0.466797 0.500000
vt 0.466797 0.500000
vt 0.466797 0.500000
vt 0.466797 0.500000
vt 0.466797 0.500000
vt 0.466797 0.500000
vt 0.041016 0.500000
vt 0.041016 0.500000
vt 0.041016 0.500000
vt 0.037109 0.500000
vt 0.037109 0.500000
vt 0.037109 0.500000
vt 0.037109 0.500000
vt 0.041016 0.500000
vt 0.041016 0.500000
vt 0.037109 0.500000
vt 0.041016 0.500000
vt 0.037109 0.500000
vt 0.037109 0.500000
vt 0.037109 0.500000
vt 0.041016 0.500000
vt 0.041016 0.500000
vt 0.041016 0.500000
vt 0.466797 0.500000
vt 0.037109 0.500000
vt 0.041016 0.500000
vt 0.041016 0.500000
vt 0.466797 0.500000
vt 0.041016 0.500000
vt 0.466797 0.500000
vt 0.041016 0.500000
vt 0.037109 0.500000
vt 0.037109 0.500000
vt 0.041016 0.500000
vt 0.466797 0.500000
vt 0.037109 0.500000
vt 0.041016 0.500000
vt 0.466797 0.500000
vt 0.037109 0.500000
vt 0.037109 0.500000
vt 0.037109 0.500000
vt 0.041016 0.500000
vt 0.466797 0.500000
vt 0.037109 0.500000
vt 0.466797 0.500000
vt 0.466797 0.500000
vt 0.466797 0.500000
vt 0.466797 0.500000
vt 0.466797 0.500000
vt 0.466797 0.500000
vt 0.466797 0.500000
vt 0.466797 0.500000
vt 0.041016 0.500000
vt 0.041016 0.500000
vt 0.041016 0.500000
vt 0.037109 0.500000
vt 0.037109 0.500000
vt 0.037109 0.500000
vt 0.466797 0.500000
vt 0.037109 0.500000
vt 0.041016 0.500000
vt 0.041016 0.500000
vt 0.041016 0.500000
vt 0.037109 0.500000
vt 0.037109 0.500000
vt 0.037109 0.500000
vt 0.466797 0.500000
vt 0.037109 0.500000
vt 0.041016 0.500000
vt 0.041016 0.500000
vt 0.466797 0.500000
vt 0.041016 0.500000
vt 0.041016 0.500000
vt 0.041016 0.500000
vt 0.466797 0.500000
vt 0.466797 0.500000
vt 0.041016 0.500000
vt 0.041016 0.500000
vt 0.466797 0.500000
vt 0.037109 0.500000
vt 0.037109 0.500000
vt 0.037109 0.500000
vt 0.041016 0.500000
vt 0.466797 0.500000
vt 0.037109 0.500000
vt 0.466797 0.500000
vt 0.232422 0.500000
vt 0.236328 0.500000
vt 0.232422 0.500000
vt 0.236328 0.500000
vt 0.236328 0.500000
vt 0.236328 0.500000
vt 0.236328 0.500000
vt 0.232422 0.500000
vt 0.232422 0.500000
vt 0.232422 0.500000
vt 0.236328 0.500000
vt 0.236328 0.500000
vt 0.232422 0.500000
vt 0.041016 0.500000
vt 0.041016 0.500000
vt 0.041016 0.500000
vt 0.236328 0.500000
vt 0.236328 0.500000
vt 0.041016 0.500000
vt 0.236328 0.500000
vt 0.232422 0.500000
vt 0.232422 0.500000
vt 0.232422 0.500000
vt 0.232422 0.500000
vt 0.236328 0.500000
vt 0.236328 0.500000
vt 0.236328 0.500000
vt 0.236328 0.500000
vt 0.236328 0.500000
vt 0.236328 0.500000
vt 0.236328 0.500000
vt 0.310547 0.500000
vt 0.310547 0.500000
vt 0.310547 0.500000
vt 0.310547 0.500000
vt 0.310547 0.500000
vt 0.236328 0.500000
vt 0.236328 0.500000
vt 0.232422 0.500000
vt 0.232422 0.500000
vt 0.232422 0.500000
vt 0.236328 0.500000
vt 0.236328 0.500000
vt 0.232422 0.500000
vt 0.310547 0.500000
vt 0.232422 0.500000
vt 0.232422 0.500000
vt 0.232422 0.500000
vt 0.310547 0.500000
vt 0.232422 0.500000
vt 0.310547 0.500000
vt 0.310547 0.500000
vt 0.310547 0.500000
vt 0.236328 0.500000
vt 0.310547 0.500000
vt 0.310547 0.500000
vt 0.236328 0.500000
vt 0.236328 0.500000
vt 0.236328 0.500000
vt 0.236328 0.500000
vt 0.236328 0.500000
vt 0.236328 0.500000
vt 0.236328 0.500000
vt 0.236328 0.500000
vt 0.236328 0.500000
vt 0.236328 0.500000
vt 0.236328 0.500000
vt 0.236328 0.500000
vt 0.041016 0.500000
vt 0.041016 0.500000
vt 0.041016 0.500000
vt 0.236328 0.500000
vt 0.236328 0.500000
vt 0.041016 0.500000
vt 0.232422 0.500000
vt 0.232422 0.500000
vt 0.232422 0.500000
vt 0.236328 0.500000
vt 0.236328 0.500000
vt 0.232422 0.500000
vt 0.232422 0.500000
vt 0.232422 0.500000
vt 0.232422 0.500000
vt 0.236328 0.500000
vt 0.236328 0.500000
vt 0.232422 0.500000
vt 0.236328 0.500000
vt 0.236328 0.500000
vt 0.236328 0.500000
vt 0.236328 0.500000
vt 0.236328 0.500000
vt 0.236328 0.500000
vt 0.236328 0.500000
vt 0.236328 0.500000
vt 0.232422 0.500000
vt 0.232422 0.500000
vt 0.232422 0.500000
vt 0.232422 0.500000
vt 0.232422 0.500000
vt 0.232422 0.500000
vt 0.232422 0.500000
vt 0.236328 0.500000
vt 0.232422 0.500000
vt 0.236328 0.500000
vt 0.236328 0.500000
vt 0.236328 0.500000
vt 0.232422 0.500000
vt 0.232422 0.500000
vt 0.232422 0.500000
vt 0.236328 0.500000
vt 0.232422 0.500000
vt 0.236328 0.500000
vt 0.236328 0.500000
vt 0.236328 0.500000
vt 0.236328 0.500000
vt 0.236328 0.500000
vt 0.236328 0.500000
vt 0.236328 0.500000
vt 0.236328 0.500000
vt 0.236328 0.500000
vt 0.236328 0.500000
vt 0.232422 0.500000
vt 0.232422 0.500000
vt 0.232422 0.500000
vt 0.236328 0.500000
vt 0.232422 0.500000
vt 0.236328 0.500000
vt 0.236328 0.500000
vt 0.236328 0.500000
vt 0.236328 0.500000
vt 0.236328 0.500000
vt 0.236328 0.500000
vt 0.236328 0.500000
vt 0.232422 0.500000
vt 0.232422 0.500000
vt 0.232422 0.500000
vt 0.232422 0.500000
vt 0.236328 0.500000
vt 0.236328 0.500000
vt 0.232422 0.500000
vt 0.232422 0.500000
vt 0.232422 0.500000
vt 0.232422 0.500000
vt 0.236328 0.500000
vt 0.236328 0.500000
vt 0.236328 0.500000
vt 0.236328 0.500000
vt 0.236328 0.500000
vt 0.236328 0.500000
vt 0.236328 0.500000
vt 0.232422 0.500000
vt 0.232422 0.500000
vt 0.232422 0.500000
vt 0.236328 0.500000
vt 0.236328 0.500000
vt 0.236328 0.500000
vt 0.232422 0.500000
vt 0.236328 0.500000
vt 0.236328 0.500000
vt 0.236328 0.500000
vt 0.236328 0.500000
vt 0.236328 0.500000
vt 0.236328 0.500000
vt 0.236328 0.500000
vt 0.236328 0.500000
vt 0.236328 0.500000
vt 0.232422 0.500000
vt 0.232422 0.500000
vt 0.232422 0.500000
vt 0.232422 0.500000
vt 0.232422 0.500000
vt 0.232422 0.500000
vt 0.232422 0.500000
vt 0.232422 0.500000
vt 0.466797 0.500000
vt 0.466797 0.500000
vt 0.041016 0.500000
vt 0.041016 0.500000
vt 0.041016 0.500000
vt 0.041016 0.500000
vt 0.037109 0.500000
vt 0.037109 0.500000
vt 0.037109 0.500000
vt 0.037109 0.500000
vt 0.041016 0.500000
vt 0.041016 0.500000
vt 0.041016 0.500000
vt 0.041016 0.500000
vt 0.037109 0.500000
vt 0.037109 0.500000
vt 0.037109 0.500000
vt 0.037109 0.500000
vt 0.037109 0.500000
vt 0.041016 0.500000
vt 0.041016 0.500000
vt 0.041016 0.500000
vt 0.041016 0.500000
vt 0.041016 0.500000
vt 0.037109 0.500000
vt 0.037109 0.500000
vt 0.037109 0.500000
vt 0.037109 0.500000
vt 0.041016 0.500000
vt 0.041016 0.500000
vt 0.041016 0.500000
vt 0.041016 0.500000
vt 0.037109 0.500000
vt 0.037109 0.500000
vt 0.037109 0.500000
vt 0.037109 0.500000
vt 0.041016 0.500000
vt 0.041016 0.500000
vt 0.041016 0.500000
vt 0.041016 0.500000
vt 0.466797 0.500000
vt 0.466797 0.500000
vt 0.466797 0.500000
vt 0.466797 0.500000
vt 0.466797 0.500000
vt 0.466797 0.500000
vt 0.466797 0.500000
vt 0.041016 0.500000
vt 0.041016 0.500000
vt 0.041016 0.500000
vt 0.041016 0.500000
vt 0.041016 0.500000
vt 0.037109 0.500000
vt 0.037109 0.500000
vt 0.037109 0.500000
vt 0.037109 0.500000
vt 0.037109 0.500000
vt 0.041016 0.500000
vt 0.041016 0.500000
vt 0.041016 0.500000
vt 0.041016 0.500000
vt 0.041016 0.500000
vt 0.037109 0.500000
vt 0.037109 0.500000
vt 0.037109 0.500000
vt 0.037109 0.500000
vt 0.041016 0.500000
vt 0.041016 0.500000
vt 0.041016 0.500000
vt 0.041016 0.500000
vt 0.041016 0.500000
vt 0.037109 0.500000
vt 0.037109 0.500000
vt 0.037109 0.500000
vt 0.037109 0.500000
vt 0.037109 0.500000
vt 0.041016 0.500000
vt 0.041016 0.500000
vt 0.041016 0.500000
vt 0.041016 0.500000
vt 0.041016 0.500000
vt 0.041016 0.500000
vt 0.041016 0.500000
vt 0.041016 0.500000
vt 0.037109 0.500000
vt 0.037109 0.500000
vt 0.037109 0.500000
vt 0.037109 0.500000
vt 0.041016 0.500000
vt 0.041016 0.500000
vt 0.041016 0.500000
vt 0.041016 0.500000
vt 0.041016 0.500000
vt 0.041016 0.500000
vt 0.466797 0.500000
vt 0.466797 0.500000
vt 0.041016 0.500000
vt 0.041016 0.500000
vt 0.041016 0.500000
vt 0.041016 0.500000
vt 0.037109 0.500000
vt 0.037109 0.500000
vt 0.037109 0.500000
vt 0.037109 0.500000
vt 0.041016 0.500000
vt 0.041016 0.500000
vt 0.041016 0.500000
vt 0.041016 0.500000
vt 0.041016 0.500000
vt 0.041016 0.500000
vt 0.037109 0.500000
vt 0.037109 0.500000
vt 0.037109 0.500000
vt 0.037109 0.500000
vt 0.041016 0.500000
vt 0.041016 0.500000
vt 0.041016 0.500000
vt 0.041016 0.500000
vt 0.037109 0.500000
vt 0.037109 0.500000
vt 0.037109 0.500000
vt 0.037109 0.500000
vt 0.041016 0.500000
vt 0.041016 0.500000
vt 0.041016 0.500000
vt 0.041016 0.500000
vt 0.037109 0.500000
vt 0.037109 0.500000
vt 0.037109 0.500000
vt 0.037109 0.500000
vt 0.041016 0.500000
vt 0.041016 0.500000
vt 0.041016 0.500000
vt 0.041016 0.500000
vt 0.037109 0.500000
vt 0.037109 0.500000
vt 0.037109 0.500000
vt 0.037109 0.500000
vt 0.041016 0.500000
vt 0.041016 0.500000
vt 0.041016 0.500000
vt 0.041016 0.500000
vt 0.466797 0.500000
vt 0.466797 0.500000
vt 0.466797 0.500000
vt 0.466797 0.500000
vt 0.041016 0.500000
vt 0.041016 0.500000
vt 0.041016 0.500000
vt 0.041016 0.500000
vt 0.041016 0.500000
vt 0.041016 0.500000
vt 0.037109 0.500000
vt 0.037109 0.500000
vt 0.037109 0.500000
vt 0.037109 0.500000
vt 0.041016 0.500000
vt 0.041016 0.500000
vt 0.041016 0.500000
vt 0.041016 0.500000
vt 0.041016 0.500000
vt 0.041016 0.500000
vt 0.041016 0.500000
vt 0.041016 0.500000
vt 0.037109 0.500000
vt 0.037109 0.500000
vt 0.037109 0.500000
vt 0.037109 0.500000
vt 0.041016 0.500000
vt 0.041016 0.500000
vt 0.041016 0.500000
vt 0.041016 0.500000
vt 0.041016 0.500000
vt 0.041016 0.500000
vt 0.041016 0.500000
vt 0.041016 0.500000
vt 0.466797 0.500000
vt 0.466797 0.500000
vt 0.466797 0.500000
vt 0.466797 0.500000
vt 0.466797 0.500000
vt 0.236328 0.500000
vt 0.236328 0.500000
vt 0.466797 0.500000
vt 0.466797 0.500000
vt 0.466797 0.500000
vt 0.466797 0.500000
vt 0.466797 0.500000
vt 0.466797 0.500000
vt 0.466797 0.500000
vt 0.466797 0.500000
vt 0.466797 0.500000
vt 0.466797 0.500000
vt 0.466797 0.500000
vt 0.466797 0.500000
vt 0.466797 0.500000
vt 0.466797 0.500000
vt 0.466797 0.500000
vt 0.466797 0.500000
vt 0.466797 0.500000
vt 0.466797 0.500000
vt 0.041016 0.500000
vt 0.041016 0.500000
vt 0.041016 0.500000
vt 0.041016 0.500000
vt 0.037109 0.500000
vt 0.037109 0.500000
vt 0.037109 0.500000
vt 0.037109 0.500000
vt 0.041016 0.500000
vt 0.041016 0.500000
vt 0.041016 0.500000
vt 0.041016 0.500000
vt 0.041016 0.500000
vt 0.041016 0.500000
vt 0.041016 0.500000
vt 0.041016 0.500000
vt 0.037109 0.500000
vt 0.037109 0.500000
vt 0.037109 0.500000
vt 0.037109 0.500000
vt 0.041016 0.500000
vt 0.041016 0.500000
vt 0.041016 0.500000
vt 0.041016 0.500000
vt 0.037109 0.500000
vt 0.037109 0.500000
vt 0.037109 0.500000
vt 0.037109 0.500000
vt 0.041016 0.500000
vt 0.041016 0.500000
vt 0.041016 0.500000
vt 0.041016 0.500000
vt 0.041016 0.500000
vt 0.041016 0.500000
vt 0.037109 0.500000
vt 0.037109 0.500000
vt 0.037109 0.500000
vt 0.037109 0.500000
vt 0.041016 0.500000
vt 0.041016 0.500000
vt 0.041016 0.500000
vt 0.041016 0.500000
vt 0.041016 0.500000
vt 0.041016 0.500000
vt 0.466797 0.500000
vt 0.466797 0.500000
vt 0.466797 0.500000
vt 0.041016 0.500000
vt 0.041016 0.500000
vt 0.041016 0.500000
vt 0.041016 0.500000
vt 0.037109 0.500000
vt 0.037109 0.500000
vt 0.037109 0.500000
vt 0.037109 0.500000
vt 0.041016 0.500000
vt 0.041016 0.500000
vt 0.041016 0.500000
vt 0.041016 0.500000
vt 0.037109 0.500000
vt 0.037109 0.500000
vt 0.037109 0.500000
vt 0.037109 0.500000
vt 0.041016 0.500000
vt 0.041016 0.500000
vt 0.041016 0.500000
vt 0.041016 0.500000
vt 0.041016 0.500000
vt 0.041016 0.500000
vt 0.037109 0.500000
vt 0.037109 0.500000
vt 0.037109 0.500000
vt 0.037109 0.500000
vt 0.041016 0.500000
vt 0.041016 0.500000
vt 0.041016 0.500000
vt 0.041016 0.500000
vt 0.037109 0.500000
vt 0.037109 0.500000
vt 0.037109 0.500000
vt 0.037109 0.500000
vt 0.041016 0.500000
vt 0.041016 0.500000
vt 0.041016 0.500000
vt 0.041016 0.500000
vt 0.466797 0.500000
vt 0.466797 0.500000
vt 0.466797 0.500000
vt 0.466797 0.500000
vt 0.466797 0.500000
vt 0.041016 0.500000
vt 0.041016 0.500000
vt 0.041016 0.500000
vt 0.041016 0.500000
vt 0.037109 0.500000
vt 0.037109 0.500000
vt 0.037109 0.500000
vt 0.037109 0.500000
vt 0.041016 0.500000
vt 0.041016 0.500000
vt 0.041016 0.500000
vt 0.041016 0.500000
vt 0.041016 0.500000
vt 0.041016 0.500000
vt 0.037109 0.500000
vt 0.037109 0.500000
vt 0.037109 0.500000
vt 0.037109 0.500000
vt 0.041016 0.500000
vt 0.041016 0.500000
vt 0.041016 0.500000
vt 0.041016 0.500000
vt 0.037109 0.500000
vt 0.037109 0.500000
vt 0.037109 0.500000
vt 0.037109 0.500000
vt 0.041016 0.500000
vt 0.041016 0.500000
vt 0.041016 0.500000
vt 0.041016 0.500000
vt 0.466797 0.500000
vt 0.466797 0.500000
vt 0.466797 0.500000
vt 0.466797 0.500000
vt 0.466797 0.500000
vt 0.466797 0.500000
vt 0.236328 0.500000
vt 0.232422 0.500000
vt 0.236328 0.500000
vt 0.232422 0.500000
vt 0.236328 0.500000
vt 0.236328 0.500000
vt 0.236328 0.500000
vt 0.232422 0.500000
vt 0.232422 0.500000
vt 0.466797 0.500000
vt 0.041016 0.500000
vt 0.041016 0.500000
vt 0.041016 0.500000
vt 0.041016 0.500000
vt 0.037109 0.500000
vt 0.037109 0.500000
vt 0.037109 0.500000
vt 0.037109 0.500000
vt 0.041016 0.500000
vt 0.041016 0.500000
vt 0.041016 0.500000
vt 0.041016 0.500000
vt 0.041016 0.500000
vt 0.041016 0.500000
vt 0.037109 0.500000
vt 0.037109 0.500000
vt 0.037109 0.500000
vt 0.037109 0.500000
vt 0.041016 0.500000
vt 0.041016 0.500000
vt 0.041016 0.500000
vt 0.041016 0.500000
vt 0.041016 0.500000
vt 0.041016 0.500000
vt 0.037109 0.500000
vt 0.037109 0.500000
vt 0.037109 0.500000
vt 0.037109 0.500000
vt 0.041016 0.500000
vt 0.041016 0.500000
vt 0.041016 0.500000
vt 0.041016 0.500000
vt 0.236328 0.500000
vt 0.232422 0.500000
vt 0.232422 0.500000
vt 0.236328 0.500000
vt 0.236328 0.500000
vt 0.232422 0.500000
vt 0.236328 0.500000
vt 0.236328 0.500000
vt 0.232422 0.500000
vt 0.232422 0.500000
vt 0.232422 0.500000
vt 0.232422 0.500000
vt 0.236328 0.500000
vt 0.236328 0.500000
vt 0.232422 0.500000
vt 0.236328 0.500000
vt 0.236328 0.500000
vt 0.236328 0.500000
vt 0.236328 0.500000
vt 0.236328 0.500000
vt 0.236328 0.500000
vt 0.232422 0.500000
vt 0.232422 0.500000
vt 0.232422 0.500000
vt 0.236328 0.500000
vt 0.232422 0.500000
vt 0.236328 0.500000
vt 0.236328 0.500000
vt 0.236328 0.500000
vt 0.236328 0.500000
vt 0.236328 0.500000
vt 0.236328 0.500000
vt 0.236328 0.500000
vt 0.236328 0.500000
vt 0.232422 0.500000
vt 0.232422 0.500000
vt 0.232422 0.500000
vt 0.236328 0.500000
vt 0.236328 0.500000
vt 0.236328 0.500000
vt 0.232422 0.500000
vt 0.232422 0.500000
vt 0.232422 0.500000
vt 0.232422 0.500000
vt 0.236328 0.500000
vt 0.236328 0.500000
vt 0.232422 0.500000
vt 0.236328 0.500000
vt 0.236328 0.500000
vt 0.236328 0.500000
vt 0.236328 0.500000
vt 0.236328 0.500000
vt 0.236328 0.500000
vt 0.236328 0.500000
vt 0.236328 0.500000
vt 0.236328 0.500000
vt 0.236328 0.500000
vt 0.236328 0.500000
vt 0.232422 0.500000
vt 0.232422 0.500000
vt 0.232422 0.500000
vt 0.232422 0.500000
vt 0.236328 0.500000
vt 0.236328 0.500000
vt 0.236328 0.500000
vt 0.236328 0.500000
vt 0.232422 0.500000
vt 0.232422 0.500000
vt 0.232422 0.500000
vt 0.236328 0.500000
vt 0.232422 0.500000
vt 0.236328 0.500000
vt 0.236328 0.500000
vt 0.236328 0.500000
vt 0.236328 0.500000
vt 0.236328 0.500000
vt 0.232422 0.500000
vt 0.232422 0.500000
vt 0.232422 0.500000
vt 0.236328 0.500000
vt 0.232422 0.500000
vt 0.232422 0.500000
vt 0.232422 0.500000
vt 0.232422 0.500000
vt 0.236328 0.500000
vt 0.236328 0.500000
vt 0.232422 0.500000
vt 0.236328 0.500000
vt 0.236328 0.500000
vt 0.236328 0.500000
vt 0.236328 0.500000
vt 0.232422 0.500000
vt 0.232422 0.500000
vt 0.232422 0.500000
vt 0.236328 0.500000
vt 0.232422 0.500000
vt 0.236328 0.500000
vt 0.236328 0.500000
vt 0.236328 0.500000
vt 0.236328 0.500000
vt 0.236328 0.500000
vt 0.236328 0.500000
vt 0.236328 0.500000
vt 0.232422 0.500000
vt 0.232422 0.500000
vt 0.232422 0.500000
vt 0.236328 0.500000
vt 0.232422 0.500000
vt 0.236328 0.500000
vt 0.236328 0.500000
vt 0.236328 0.500000
vt 0.232422 0.500000
vt 0.232422 0.500000
vt 0.236328 0.500000
vt 0.236328 0.500000
vt 0.236328 0.500000
vt 0.232422 0.500000
vt 0.232422 0.500000
vt 0.466797 0.500000
vt 0.466797 0.500000
vt 0.466797 0.500000
vt 0.466797 0.500000
vt 0.466797 0.500000
vt 0.466797 0.500000
vt 0.041016 0.500000
vt 0.041016 0.500000
vt 0.041016 0.500000
vt 0.037109 0.500000
vt 0.037109 0.500000
vt 0.037109 0.500000
vt 0.466797 0.500000
vt 0.037109 0.500000
vt 0.466797 0.500000
vt 0.041016 0.500000
vt 0.041016 0.500000
vt 0.041016 0.500000
vt 0.037109 0.500000
vt 0.037109 0.500000
vt 0.037109 0.500000
vt 0.041016 0.500000
vt 0.466797 0.500000
vt 0.037109 0.500000
vt 0.041016 0.500000
vt 0.041016 0.500000
vt 0.466797 0.500000
vt 0.466797 0.500000
vt 0.041016 0.500000
vt 0.466797 0.500000
vt 0.466797 0.500000
vt 0.466797 0.500000
vt 0.466797 0.500000
vt 0.466797 0.500000
vt 0.466797 0.500000
vt 0.041016 0.500000
vt 0.041016 0.500000
vt 0.041016 0.500000
vt 0.466797 0.500000
vt 0.041016 0.500000
vt 0.041016 0.500000
vt 0.037109 0.500000
vt 0.037109 0.500000
vt 0.037109 0.500000
vt 0.466797 0.500000
vt 0.037109 0.500000
vt 0.041016 0.500000
vt 0.466797 0.500000
vt 0.041016 0.500000
vt 0.466797 0.500000
vt 0.041016 0.500000
vt 0.041016 0.500000
vt 0.041016 0.500000
vt 0.041016 0.500000
vt 0.466797 0.500000
vt 0.037109 0.500000
vt 0.037109 0.500000
vt 0.037109 0.500000
vt 0.041016 0.500000
vt 0.466797 0.500000
vt 0.037109 0.500000
vt 0.466797 0.500000
vt 0.466797 0.500000
vt 0.466797 0.500000
vt 0.466797 0.500000
vt 0.466797 0.500000
vt 0.466797 0.500000
vt 0.041016 0.500000
vt 0.041016 0.500000
vt 0.041016 0.500000
vt 0.037109 0.500000
vt 0.037109 0.500000
vt 0.037109 0.500000
vt 0.041016 0.500000
vt 0.041016 0.500000
vt 0.041016 0.500000
vt 0.041016 0.500000
vt 0.466797 0.500000
vt 0.041016 0.500000
vt 0.041016 0.500000
vt 0.037109 0.500000
vt 0.037109 0.500000
vt 0.466797 0.500000
vt 0.037109 0.500000
vt 0.041016 0.500000
vt 0.466797 0.500000
vt 0.041016 0.500000
vt 0.466797 0.500000
vt 0.041016 0.500000
vt 0.041016 0.500000
vt 0.466797 0.500000
vt 0.037109 0.500000
vt 0.037109 0.500000
vt 0.037109 0.500000
vt 0.041016 0.500000
vt 0.466797 0.500000
vt 0.037109 0.500000
vt 0.466797 0.500000
vt 0.466797 0.500000
vt 0.466797 0.500000
vt 0.466797 0.500000
vt 0.466797 0.500000
vt 0.466797 0.500000
vt 0.041016 0.500000
vt 0.041016 0.500000
vt 0.041016 0.500000
vt 0.466797 0.500000
vt 0.041016 0.500000
vt 0.041016 0.500000
vt 0.041016 0.500000
vt 0.041016 0.500000
vt 0.466797 0.500000
vt 0.037109 0.500000
vt 0.037109 0.500000
vt 0.037109 0.500000
vt 0.041016 0.500000
vt 0.466797 0.500000
vt 0.037109 0.500000
vt 0.466797 0.500000
vt 0.041016 0.500000
vt 0.037109 0.500000
vt 0.037109 0.500000
vt 0.037109 0.500000
vt 0.041016 0.500000
vt 0.466797 0.500000
vt 0.037109 0.500000
vt 0.466797 0.500000
vt 0.466797 0.500000
vt 0.466797 0.500000
vt 0.466797 0.500000
vt 0.041016 0.500000
vt 0.041016 0.500000
vt 0.041016 0.500000
vt 0.466797 0.500000
vt 0.041016 0.500000
vt 0.466797 0.500000
vt 0.466797 0.500000
vt 0.466797 0.500000
vt 0.041016 0.500000
vt 0.041016 0.500000
vt 0.041016 0.500000
vt 0.037109 0.500000
vt 0.037109 0.500000
vt 0.037109 0.500000
vt 0.041016 0.500000
vt 0.041016 0.500000
vt 0.037109 0.500000
vt 0.037109 0.500000
vt 0.037109 0.500000
vt 0.466797 0.500000
vt 0.037109 0.500000
vt 0.466797 0.500000
vt 0.041016 0.500000
vt 0.037109 0.500000
vt 0.037109 0.500000
vt 0.041016 0.500000
vt 0.037109 0.500000
vt 0.466797 0.500000
vt 0.041016 0.500000
vt 0.041016 0.500000
vt 0.466797 0.500000
vt 0.041016 0.500000
vt 0.466797 0.500000
vt 0.466797 0.500000
vt 0.466797 0.500000
vt 0.466797 0.500000
vt 0.466797 0.500000
vt 0.041016 0.500000
vt 0.037109 0.500000
vt 0.037109 0.500000
vt 0.037109 0.500000
vt 0.041016 0.500000
vt 0.466797 0.500000
vt 0.037109 0.500000
vt 0.466797 0.500000
vt 0.466797 0.500000
vt 0.466797 0.500000
vt 0.466797 0.500000
vt 0.466797 0.500000
vt 0.041016 0.500000
vt 0.041016 0.500000
vt 0.041016 0.500000
vt 0.037109 0.500000
vt 0.037109 0.500000
vt 0.037109 0.500000
vt 0.041016 0.500000
vt 0.466797 0.500000
vt 0.037109 0.500000
vt 0.466797 0.500000
vt 0.041016 0.500000
vt 0.041016 0.500000
vt 0.037109 0.500000
vt 0.037109 0.500000
vt 0.466797 0.500000
vt 0.466797 0.500000
vt 0.466797 0.500000
vt 0.466797 0.500000
vt 0.236328 0.500000
vt 0.236328 0.500000
vt 0.236328 0.500000
vt 0.236328 0.500000
vt 0.236328 0.500000
vt 0.236328 0.500000
vt 0.236328 0.500000
vt 0.236328 0.500000
vt 0.236328 0.500000
vt 0.236328 0.500000
vt 0.466797 0.500000
vt 0.236328 0.500000
vt 0.466797 0.500000
vt 0.236328 0.500000
vt 0.466797 0.500000
vt 0.466797 0.500000
vt 0.466797 0.500000
vt 0.466797 0.500000
vt 0.232422 0.500000
vt 0.236328 0.500000
vt 0.236328 0.500000
vt 0.466797 0.500000
vt 0.236328 0.500000
vt 0.466797 0.500000
vt 0.466797 0.500000
vt 0.466797 0.500000
vt 0.466797 0.500000
vt 0.466797 0.500000
vt 0.466797 0.500000
vt 0.466797 0.500000
vt 0.466797 0.500000
vt 0.466797 0.500000
vt 0.466797 0.500000
vt 0.466797 0.500000
vt 0.041016 0.500000
vt 0.041016 0.500000
vt 0.041016 0.500000
vt 0.466797 0.500000
vt 0.041016 0.500000
vt 0.466797 0.500000
vt 0.466797 0.500000
vt 0.466797 0.500000
vt 0.466797 0.500000
vt 0.279297 0.500000
vt 0.466797 0.500000
vt 0.279297 0.500000
vt 0.466797 0.500000
vt 0.279297 0.500000
vt 0.466797 0.500000
vt 0.466797 0.500000
vt 0.466797 0.500000
vt 0.466797 0.500000
vt 0.466797 0.500000
vt 0.466797 0.500000
vt 0.466797 0.500000
vt 0.466797 0.500000
vt 0.466797 0.500000
vt 0.466797 0.500000
vt 0.466797 0.500000
vt 0.279297 0.500000
vt 0.279297 0.500000
vt 0.236328 0.500000
vt 0.232422 0.500000
vt 0.466797 0.500000
vt 0.466797 0.500000
vt 0.466797 0.500000
vt 0.466797 0.500000
vt 0.466797 0.500000
vt 0.466797 0.500000
vt 0.466797 0.500000
vt 0.466797 0.500000
vt 0.466797 0.500000
vt 0.466797 0.500000
vt 0.466797 0.500000
vt 0.466797 0.500000
vt 0.466797 0.500000
vt 0.466797 0.500000
vt 0.466797 0.500000
vt 0.041016 0.500000
vt 0.041016 0.500000
vt 0.041016 0.500000
vt 0.041016 0.500000
vt 0.037109 0.500000
vt 0.037109 0.500000
vt 0.037109 0.500000
vt 0.041016 0.500000
vt 0.041016 0.500000
vt 0.041016 0.500000
vt 0.041016 0.500000
vt 0.037109 0.500000
vt 0.037109 0.500000
vt 0.037109 0.500000
vt 0.037109 0.500000
vt 0.041016 0.500000
vt 0.041016 0.500000
vt 0.041016 0.500000
vt 0.041016 0.500000
vt 0.037109 0.500000
vt 0.037109 0.500000
vt 0.037109 0.500000
vt 0.041016 0.500000
vt 0.037109 0.500000
vt 0.041016 0.500000
vt 0.037109 0.500000
vt 0.037109 0.500000
vt 0.037109 0.500000
vt 0.041016 0.500000
vt 0.037109 0.500000
vt 0.037109 0.500000
vt 0.037109 0.500000
vt 0.037109 0.500000
vt 0.041016 0.500000
vt 0.041016 0.500000
vt 0.037109 0.500000
vt 0.466797 0.500000
vt 0.041016 0.500000
vt 0.041016 0.500000
vt 0.466797 0.500000
vt 0.041016 0.500000
vt 0.037109 0.500000
vt 0.041016 0.500000
vt 0.037109 0.500000
vt 0.041016 0.500000
vt 0.041016 0.500000
vt 0.037109 0.500000
vt 0.041016 0.500000
vt 0.041016 0.500000
vt 0.037109 0.500000
vt 0.041016 0.500000
vt 0.041016 0.500000
vt 0.041016 0.500000
vt 0.041016 0.500000
vt 0.037109 0.500000
vt 0.041016 0.500000
vt 0.037109 0.500000
vt 0.041016 0.500000
vt 0.037109 0.500000
vt 0.041016 0.500000
vt 0.037109 0.500000
vt 0.041016 0.500000
vt 0.041016 0.500000
vt 0.037109 0.500000
vt 0.041016 0.500000
vt 0.041016 0.500000
vt 0.037109 0.500000
vt 0.037109 0.500000
vt 0.041016 0.500000
vt 0.037109 0.500000
vt 0.037109 0.500000
vt 0.037109 0.500000
vt 0.037109 0.500000
vt 0.037109 0.500000
vt 0.041016 0.500000
vt 0.037109 0.500000
vt 0.037109 0.500000
vt 0.037109 0.500000
vt 0.041016 0.500000
vt 0.037109 0.500000
vt 0.037109 0.500000
vt 0.037109 0.500000
vt 0.037109 0.500000
vt 0.037109 0.500000
vt 0.037109 0.500000
vt 0.037109 0.500000
vt 0.037109 0.500000
vt 0.041016 0.500000
vt 0.041016 0.500000
vt 0.037109 0.500000
vt 0.037109 0.500000
vt 0.037109 0.500000
vt 0.041016 0.500000
vt 0.041016 0.500000
vt 0.037109 0.500000
vt 0.041016 0.500000
vt 0.041016 0.500000
vt 0.041016 0.500000
vt 0.041016 0.500000
vt 0.041016 0.500000
vt 0.037109 0.500000
vt 0.037109 0.500000
vt 0.037109 0.500000
vt 0.037109 0.500000
vt 0.037109 0.500000
vt 0.037109 0.500000
vt 0.041016 0.500000
vt 0.041016 0.500000
vt 0.037109 0.500000
vt 0.041016 0.500000
vt 0.037109 0.500000
vt 0.041016 0.500000
vt 0.037109 0.500000
vt 0.041016 0.500000
vt 0.037109 0.500000
vt 0.041016 0.500000
vt 0.037109 0.500000
vt 0.037109 0.500000
vt 0.041016 0.500000
vt 0.041016 0.500000
vt 0.037109 0.500000
vt 0.037109 0.500000
vt 0.041016 0.500000
vt 0.041016 0.500000
vt 0.037109 0.500000
vt 0.037109 0.500000
vt 0.037109 0.500000
vt 0.037109 0.500000
vt 0.041016 0.500000
vt 0.041016 0.500000
vt 0.041016 0.500000
vt 0.037109 0.500000
vt 0.037109 0.500000
vt 0.037109 0.500000
vt 0.041016 0.500000
vt 0.041016 0.500000
vt 0.037109 0.500000
vt 0.041016 0.500000
vt 0.041016 0.500000
vt 0.041016 0.500000
vt 0.041016 0.500000
vt 0.041016 0.500000
vt 0.041016 0.500000
vt 0.037109 0.500000
vt 0.037109 0.500000
vt 0.037109 0.500000
vt 0.037109 0.500000
vt 0.037109 0.500000
vt 0.037109 0.500000
vt 0.037109 0.500000
vt 0.037109 0.500000
vt 0.037109 0.500000
vt 0.037109 0.500000
vt 0.037109 0.500000
vt 0.037109 0.500000
vt 0.037109 0.500000
vt 0.037109 0.500000
vt 0.037109 0.500000
vt 0.037109 0.500000
vt 0.037109 0.500000
vt 0.037109 0.500000
vt 0.037109 0.500000
vt 0.037109 0.500000
vt 0.037109 0.500000
vt 0.037109 0.500000
vt 0.037109 0.500000
vt 0.037109 0.500000
vt 0.041016 0.500000
vt 0.041016 0.500000
vt 0.037109 0.500000
vt 0.041016 0.500000
vt 0.041016 0.500000
vt 0.037109 0.500000
vt 0.041016 0.500000
vt 0.041016 0.500000
vt 0.041016 0.500000
vt 0.041016 0.500000
vt 0.037109 0.500000
vt 0.041016 0.500000
vt 0.041016 0.500000
vt 0.037109 0.500000
vt 0.041016 0.500000
vt 0.041016 0.500000
vt 0.037109 0.500000
vt 0.037109 0.500000
vt 0.037109 0.500000
vt 0.037109 0.500000
vt 0.037109 0.500000
vt 0.037109 0.500000
vt 0.037109 0.500000
vt 0.037109 0.500000
vt 0.236328 0.500000
vt 0.232422 0.500000
vn 0.0000 0.0000 -1.0000
vn 0.0000 0.0000 1.0000
vn -1.0000 0.0000 -0.0000
vn -1.0000 -0.0001 0.0000
vn 1.0000 0.0000 0.0000
vn 1.0000 -0.0001 0.0000
vn 0.0000 -1.0000 0.0000
vn -0.0000 1.0000 0.0000
usemtl palette_nnsm_house_big.png
s off
f 4267/8453/58 4268/8454/58 4269/8455/58
f 4270/8456/58 4268/8454/58 4267/8453/58
f 4271/8457/58 4272/8458/58 4273/8459/58
f 4274/8460/58 4272/8458/58 4271/8457/58
f 4275/8461/58 4272/8458/58 4274/8460/58
f 4276/8462/58 4272/8458/58 4275/8461/58
f 4277/8463/58 4271/8457/58 4273/8459/58
f 4277/8464/58 4274/8465/58 4271/8466/58
f 4278/8467/58 4275/8461/58 4274/8460/58
f 4278/8468/58 4274/8465/58 4277/8464/58
f 4279/8469/58 4276/8470/58 4275/8471/58
f 4279/8472/58 4275/8461/58 4278/8467/58
f 4280/8473/58 4276/8470/58 4279/8469/58
f 4281/8474/58 4278/8475/58 4277/8476/58
f 4281/8477/58 4277/8463/58 4273/8459/58
f 4282/8478/58 4279/8472/58 4278/8467/58
f 4282/8479/58 4278/8475/58 4281/8474/58
f 4283/8480/58 4280/8481/58 4279/8482/58
f 4283/8483/58 4279/8472/58 4282/8478/58
f 4284/8484/58 4276/8470/58 4280/8473/58
f 4284/8485/58 4280/8481/58 4283/8480/58
f 4285/8486/58 4272/8458/58 4276/8462/58
f 4285/8487/58 4276/8470/58 4284/8484/58
f 4286/8488/58 4284/8489/58 4283/8483/58
f 4286/8488/58 4283/8483/58 4282/8478/58
f 4286/8488/58 4285/8486/58 4284/8489/58
f 4286/8488/58 4281/8477/58 4273/8459/58
f 4286/8488/58 4282/8478/58 4281/8477/58
f 4287/8490/58 4272/8458/58 4285/8486/58
f 4287/8490/58 4285/8486/58 4286/8488/58
f 4288/8491/58 4289/8492/58 4290/8493/58
f 4291/8494/58 4289/8492/58 4288/8491/58
f 4292/8495/58 4289/8492/58 4291/8494/58
f 4293/8496/58 4289/8492/58 4292/8495/58
f 4294/8497/58 4288/8491/58 4290/8493/58
f 4294/8498/58 4291/8499/58 4288/8500/58
f 4295/8501/58 4292/8495/58 4291/8494/58
f 4295/8502/58 4291/8499/58 4294/8498/58
f 4296/8503/58 4293/8504/58 4292/8505/58
f 4296/8506/58 4292/8495/58 4295/8501/58
f 4297/8507/58 4289/8492/58 4293/8496/58
f 4297/8508/58 4293/8504/58 4296/8503/58
f 4298/8509/58 4295/8510/58 4294/8511/58
f 4298/8512/58 4294/8497/58 4290/8493/58
f 4299/8513/58 4296/8506/58 4295/8501/58
f 4299/8514/58 4295/8510/58 4298/8509/58
f 4300/8515/58 4297/8516/58 4296/8517/58
f 4300/8518/58 4296/8506/58 4299/8513/58
f 4301/8519/58 4289/8492/58 4297/8507/58
f 4301/8520/58 4297/8516/58 4300/8515/58
f 4302/8521/58 4298/8512/58 4290/8493/58
f 4302/8521/58 4300/8518/58 4299/8513/58
f 4302/8521/58 4301/8519/58 4300/8518/58
f 4302/8521/58 4299/8513/58 4298/8512/58
f 4303/8522/58 4289/8492/58 4301/8519/58
f 4303/8522/58 4301/8519/58 4302/8521/58
f 4304/8523/58 4305/8524/58 4306/8525/58
f 4307/8526/58 4305/8524/58 4304/8523/58
f 4308/8527/58 4309/8528/58 4310/8529/58
f 4311/8530/58 4309/8528/58 4308/8527/58
f 4312/8531/58 4313/8532/58 4307/8526/58
f 4314/8533/58 4313/8532/58 4312/8531/58
f 4315/8534/58 4308/8527/58 4316/8535/58
f 4317/8536/58 4308/8527/58 4315/8534/58
f 4318/8537/58 4319/8538/58 4314/8533/58
f 4320/8539/58 4319/8538/58 4318/8537/58
f 4321/8540/58 4315/8534/58 4322/8541/58
f 4323/8542/58 4315/8534/58 4321/8540/58
f 4324/8543/58 4321/8540/58 4320/8539/58
f 4325/8544/58 4321/8540/58 4324/8543/58
f 4326/8545/58 4321/8540/58 4325/8544/58
f 4327/8546/58 4321/8540/58 4326/8545/58
f 4328/8547/58 4326/8545/58 4325/8544/58
f 4329/8548/58 4326/8545/58 4328/8547/58
f 4330/8549/58 4331/8550/58 4332/8551/58
f 4333/8552/58 4331/8550/58 4330/8549/58
f 4334/8553/58 4331/8550/58 4333/8552/58
f 4335/8554/58 4331/8550/58 4334/8553/58
f 4336/8555/58 4334/8553/58 4333/8552/58
f 4337/8556/58 4334/8553/58 4336/8555/58
f 4338/8557/58 4334/8553/58 4337/8556/58
f 4339/8558/58 4334/8553/58 4338/8557/58
f 4340/8559/58 4335/8560/58 4334/8561/58
f 4340/8562/58 4334/8553/58 4339/8558/58
f 4341/8563/58 4335/8560/58 4340/8559/58
f 4342/8564/58 4336/8565/58 4343/8566/58
f 4342/8564/58 4337/8567/58 4336/8565/58
f 4344/8568/58 4338/8557/58 4337/8556/58
f 4344/8569/58 4337/8567/58 4342/8564/58
f 4345/8570/58 4340/8562/58 4339/8558/58
f 4346/8571/58 4345/8570/58 4339/8558/58
f 4346/8571/58 4347/8572/58 4345/8570/58
f 4348/8573/58 4347/8572/58 4346/8571/58
f 4349/8574/58 4346/8571/58 4339/8558/58
f 4350/8575/58 4338/8557/58 4344/8568/58
f 4350/8575/58 4344/8568/58 4342/8576/58
f 4351/8577/58 4352/8578/58 4349/8574/58
f 4351/8577/58 4349/8574/58 4339/8558/58
f 4353/8579/58 4354/8580/58 4350/8575/58
f 4353/8579/58 4350/8575/58 4342/8576/58
f 4355/8581/58 4354/8580/58 4353/8579/58
f 4356/8582/58 4357/8583/58 4354/8584/58
f 4356/8585/58 4354/8580/58 4355/8581/58
f 4358/8586/58 4351/8577/58 4357/8587/58
f 4358/8588/58 4357/8583/58 4356/8582/58
f 4359/8589/58 4356/8585/58 4355/8581/58
f 4359/8589/58 4358/8586/58 4356/8585/58
f 4360/8590/58 4358/8586/58 4359/8589/58
f 4361/8591/58 4351/8577/58 4358/8586/58
f 4361/8591/58 4358/8586/58 4360/8590/58
f 4361/8591/58 4352/8578/58 4351/8577/58
f 4362/8592/58 4360/8590/58 4359/8589/58
f 4362/8592/58 4359/8589/58 4363/8593/58
f 4364/8594/58 4360/8590/58 4362/8592/58
f 4365/8595/58 4352/8578/58 4361/8591/58
f 4366/8596/58 4352/8578/58 4365/8595/58
f 4367/8597/58 4360/8590/58 4364/8594/58
f 4368/8598/58 4366/8599/58 4365/8600/58
f 4368/8601/58 4365/8595/58 4361/8591/58
f 4369/8602/58 4366/8599/58 4368/8598/58
f 4370/8603/58 4367/8597/58 4371/8604/58
f 4370/8603/58 4360/8590/58 4367/8597/58
f 4372/8605/58 4369/8606/58 4368/8601/58
f 4372/8605/58 4368/8601/58 4361/8591/58
f 4373/8607/58 4370/8603/58 4371/8604/58
f 4373/8607/58 4372/8605/58 4370/8603/58
f 4374/8608/58 4372/8605/58 4373/8607/58
f 4375/8609/58 4372/8605/58 4374/8608/58
f 4376/8610/58 4372/8605/58 4375/8609/58
f 4377/8611/58 4369/8606/58 4372/8605/58
f 4377/8611/58 4372/8605/58 4376/8610/58
f 4378/8612/58 4369/8606/58 4377/8611/58
f 4379/8613/58 4375/8609/58 4374/8608/58
f 4380/8614/58 4375/8609/58 4379/8613/58
f 4381/8615/58 4376/8616/58 4375/8617/58
f 4381/8618/58 4375/8609/58 4380/8614/58
f 4382/8619/58 4377/8611/58 4376/8610/58
f 4382/8620/58 4376/8616/58 4381/8615/58
f 4383/8621/58 4377/8611/58 4382/8619/58
f 4384/8622/58 4377/8611/58 4383/8621/58
f 4385/8623/58 4381/8618/58 4380/8614/58
f 4385/8623/58 4383/8621/58 4382/8619/58
f 4385/8623/58 4382/8619/58 4381/8618/58
f 4386/8624/58 4383/8621/58 4385/8623/58
f 4387/8625/58 4383/8621/58 4386/8624/58
f 4388/8626/58 4383/8621/58 4387/8625/58
f 4389/8627/58 4387/8625/58 4386/8624/58
f 4390/8628/58 4387/8625/58 4389/8627/58
f 4391/8629/58 4392/8630/58 4393/8631/58
f 4394/8632/58 4392/8630/58 4391/8629/58
f 4395/8633/58 4396/8634/58 4397/8635/58
f 4398/8636/58 4396/8634/58 4395/8633/58
f 4399/8637/58 4400/8638/58 4401/8639/58
f 4402/8640/58 4400/8638/58 4399/8637/58
f 4403/8641/58 4404/8642/58 4405/8643/58
f 4406/8644/58 4404/8642/58 4403/8641/58
f 4407/8645/58 4408/8646/58 4409/8647/58
f 4410/8648/58 4408/8646/58 4407/8645/58
f 4411/8649/58 4412/8650/58 4413/8651/58
f 4414/8652/58 4412/8650/58 4411/8649/58
f 4415/8653/58 4416/8654/58 4417/8655/58
f 4418/8656/58 4416/8654/58 4415/8653/58
f 4419/8657/58 4420/8658/58 4421/8659/58
f 4422/8660/58 4420/8658/58 4419/8657/58
f 4423/8661/58 4424/8662/58 4425/8663/58
f 4426/8664/58 4424/8662/58 4423/8661/58
f 4427/8665/58 4428/8666/58 4429/8667/58
f 4430/8668/58 4428/8666/58 4427/8665/58
f 4431/8669/58 4428/8666/58 4430/8668/58
f 4432/8670/58 4427/8665/58 4429/8667/58
f 4433/8671/58 4427/8665/58 4432/8670/58
f 4434/8672/58 4435/8673/58 4436/8674/58
f 4437/8675/58 4435/8673/58 4434/8672/58
f 4438/8676/58 4439/8677/58 4440/8678/58
f 4441/8679/58 4439/8677/58 4438/8676/58
f 4442/8680/58 4443/8681/58 4444/8682/58
f 4445/8683/58 4443/8681/58 4442/8680/58
f 4446/8684/58 4447/8685/58 4448/8686/58
f 4449/8687/58 4447/8685/58 4446/8684/58
f 4450/8688/58 4451/8689/58 4452/8690/58
f 4453/8691/58 4451/8689/58 4450/8688/58
f 4454/8692/58 4455/8693/58 4456/8694/58
f 4457/8695/58 4455/8693/58 4454/8692/58
f 4458/8696/58 4459/8697/58 4460/8698/58
f 4461/8699/58 4459/8697/58 4458/8696/58
f 4462/8700/58 4463/8701/58 4464/8702/58
f 4465/8703/58 4463/8701/58 4462/8700/58
f 4466/8704/58 4467/8705/58 4468/8706/58
f 4469/8707/58 4467/8705/58 4466/8704/58
f 4470/8708/58 4471/8709/58 4472/8710/58
f 4473/8711/58 4471/8709/58 4470/8708/58
f 4474/8712/58 4475/8713/58 4476/8714/58
f 4477/8715/58 4475/8713/58 4474/8712/58
f 4478/8716/58 4479/8717/58 4480/8718/58
f 4481/8719/58 4479/8717/58 4478/8716/58
f 4482/8720/58 4483/8721/58 4484/8722/58
f 4485/8723/58 4483/8721/58 4482/8720/58
f 4486/8724/58 4487/8725/58 4488/8726/58
f 4489/8727/58 4487/8725/58 4486/8724/58
f 4490/8728/58 4486/8724/58 4491/8729/58
f 4492/8730/58 4489/8731/58 4486/8732/58
f 4492/8733/58 4486/8724/58 4490/8728/58
f 4493/8734/58 4489/8731/58 4492/8730/58
f 4494/8735/58 4492/8730/58 4490/8736/58
f 4495/8737/58 4493/8738/58 4492/8733/58
f 4495/8739/58 4492/8730/58 4494/8735/58
f 4496/8740/58 4495/8737/58 4494/8741/58
f 4497/8742/58 4493/8738/58 4495/8737/58
f 4497/8742/58 4495/8737/58 4496/8740/58
f 4498/8743/58 4499/8744/58 4500/8745/58
f 4501/8746/58 4499/8744/58 4498/8743/58
f 4502/8747/58 4503/8748/58 4504/8749/58
f 4505/8750/58 4503/8748/58 4502/8747/58
f 4506/8751/58 4507/8752/58 4501/8746/58
f 4508/8753/58 4507/8752/58 4506/8751/58
f 4509/8754/58 4510/8755/58 4511/8756/58
f 4512/8757/58 4510/8755/58 4509/8754/58
f 4513/8758/58 4514/8759/58 4508/8753/58
f 4515/8760/58 4514/8759/58 4513/8758/58
f 4516/8761/58 4509/8754/58 4517/8762/58
f 4518/8763/58 4509/8754/58 4516/8761/58
f 4433/8764/59 4519/8765/59 4436/8674/59
f 4436/8674/59 4519/8765/59 4435/8673/59
f 4520/8766/59 4521/8767/59 4440/8678/59
f 4440/8678/59 4521/8767/59 4439/8677/59
f 4442/8680/59 4445/8683/59 4522/8768/59
f 4522/8768/59 4445/8683/59 4523/8769/59
f 4524/8770/59 4525/8771/59 4526/8772/59
f 4526/8772/59 4525/8771/59 4448/8773/59
f 4446/8684/59 4449/8687/59 4527/8774/59
f 4527/8774/59 4449/8687/59 4528/8775/59
f 4529/8776/59 4530/8777/59 4531/8778/59
f 4531/8778/59 4530/8777/59 4532/8779/59
f 4533/8780/59 4534/8781/59 4535/8782/59
f 4535/8782/59 4534/8781/59 4536/8783/59
f 4537/8784/59 4538/8785/59 4539/8786/59
f 4539/8786/59 4538/8785/59 4540/8787/59
f 4540/8787/59 4538/8785/59 4541/8788/59
f 4541/8788/59 4538/8785/59 4542/8789/59
f 4543/8790/59 4544/8791/59 4545/8792/59
f 4545/8792/59 4544/8791/59 4546/8793/59
f 4547/8794/59 4548/8795/59 4549/8796/59
f 4549/8796/59 4548/8795/59 4550/8797/59
f 4550/8797/59 4548/8795/59 4551/8798/59
f 4551/8798/59 4548/8795/59 4552/8799/59
f 4553/8800/59 4554/8801/59 4555/8802/59
f 4555/8802/59 4554/8801/59 4556/8803/59
f 4557/8804/59 4558/8805/59 4559/8806/59
f 4559/8806/59 4558/8805/59 4560/8807/59
f 4561/8808/59 4562/8809/59 4563/8810/59
f 4563/8810/59 4562/8809/59 4564/8811/59
f 4565/8812/59 4566/8813/59 4567/8814/59
f 4567/8814/59 4566/8813/59 4568/8815/59
f 4569/8816/59 4570/8817/59 4571/8818/59
f 4571/8818/59 4570/8817/59 4572/8819/59
f 4573/8820/59 4574/8821/59 4575/8822/59
f 4575/8822/59 4574/8821/59 4576/8823/59
f 4577/8824/59 4578/8825/59 4579/8826/59
f 4577/8824/59 4579/8826/59 4580/8827/59
f 4577/8824/59 4580/8827/59 4581/8828/59
f 4581/8828/59 4580/8827/59 4582/8829/59
f 4583/8830/59 4584/8831/59 4585/8832/59
f 4585/8832/59 4584/8831/59 4586/8833/59
f 4587/8834/59 4588/8835/59 4589/8836/59
f 4590/8837/59 4589/8838/59 4591/8839/59
f 4589/8836/59 4588/8835/59 4592/8840/59
f 4591/8839/59 4589/8838/59 4592/8841/59
f 4592/8840/59 4588/8835/59 4593/8842/59
f 4593/8842/59 4588/8835/59 4594/8843/59
f 4595/8844/59 4596/8845/59 4597/8846/59
f 4597/8846/59 4596/8845/59 4598/8847/59
f 4599/8848/59 4600/8849/59 4601/8850/59
f 4601/8850/59 4600/8849/59 4602/8851/59
f 4603/8852/59 4604/8853/59 4605/8854/59
f 4605/8854/59 4604/8853/59 4606/8855/59
f 4607/8856/59 4608/8857/59 4609/8858/59
f 4609/8858/59 4608/8857/59 4610/8859/59
f 4611/8860/59 4612/8861/59 4613/8862/59
f 4613/8862/59 4612/8861/59 4614/8863/59
f 4615/8864/59 4616/8865/59 4617/8866/59
f 4617/8866/59 4616/8865/59 4618/8867/59
f 4619/8868/59 4620/8869/59 4621/8870/59
f 4620/8871/59 4622/8872/59 4623/8873/59
f 4621/8870/59 4620/8869/59 4623/8874/59
f 4623/8873/59 4622/8872/59 4624/8875/59
f 4624/8875/59 4622/8872/59 4625/8876/59
f 4625/8876/59 4622/8872/59 4626/8877/59
f 4621/8878/59 4623/8873/59 4627/8879/59
f 4623/8873/59 4624/8875/59 4627/8879/59
f 4627/8879/59 4624/8875/59 4628/8880/59
f 4628/8880/59 4624/8875/59 4629/8881/59
f 4629/8881/59 4624/8875/59 4630/8882/59
f 4624/8883/59 4625/8884/59 4631/8885/59
f 4630/8882/59 4624/8875/59 4631/8886/59
f 4631/8885/59 4625/8884/59 4632/8887/59
f 4621/8878/59 4627/8879/59 4633/8888/59
f 4627/8889/59 4628/8890/59 4633/8891/59
f 4628/8880/59 4629/8881/59 4634/8892/59
f 4633/8891/59 4628/8890/59 4634/8893/59
f 4629/8894/59 4630/8895/59 4635/8896/59
f 4634/8892/59 4629/8881/59 4635/8897/59
f 4631/8886/59 4632/8898/59 4636/8899/59
f 4635/8896/59 4630/8895/59 4636/8900/59
f 4630/8882/59 4631/8886/59 4636/8899/59
f 4633/8888/59 4634/8892/59 4637/8901/59
f 4634/8892/59 4635/8897/59 4637/8901/59
f 4635/8897/59 4636/8899/59 4637/8901/59
f 4621/8878/59 4633/8888/59 4637/8901/59
f 4637/8901/59 4636/8899/59 4638/8902/59
f 4638/8902/59 4636/8899/59 4639/8903/59
f 4639/8903/59 4636/8899/59 4640/8904/59
f 4636/8899/59 4632/8898/59 4641/8905/59
f 4640/8904/59 4636/8899/59 4641/8905/59
f 4641/8905/59 4632/8898/59 4642/8906/59
f 4637/8907/59 4638/8908/59 4643/8909/59
f 4638/8902/59 4639/8903/59 4644/8910/59
f 4643/8909/59 4638/8908/59 4644/8911/59
f 4639/8912/59 4640/8913/59 4645/8914/59
f 4644/8910/59 4639/8903/59 4645/8915/59
f 4640/8904/59 4641/8905/59 4646/8916/59
f 4645/8914/59 4640/8913/59 4646/8917/59
f 4641/8918/59 4642/8919/59 4647/8920/59
f 4646/8916/59 4641/8905/59 4647/8921/59
f 4642/8906/59 4632/8898/59 4648/8922/59
f 4647/8920/59 4642/8919/59 4648/8923/59
f 4643/8924/59 4644/8910/59 4649/8925/59
f 4646/8916/59 4647/8921/59 4649/8925/59
f 4647/8921/59 4648/8922/59 4649/8925/59
f 4645/8915/59 4646/8916/59 4649/8925/59
f 4644/8910/59 4645/8915/59 4649/8925/59
f 4649/8925/59 4648/8922/59 4650/8926/59
f 4650/8926/59 4648/8922/59 4651/8927/59
f 4651/8927/59 4648/8922/59 4652/8928/59
f 4648/8922/59 4632/8898/59 4653/8929/59
f 4652/8928/59 4648/8922/59 4653/8929/59
f 4650/8926/59 4651/8927/59 4654/8930/59
f 4654/8930/59 4651/8927/59 4655/8931/59
f 4655/8931/59 4651/8927/59 4656/8932/59
f 4656/8932/59 4651/8927/59 4657/8933/59
f 4653/8929/59 4658/8934/59 4659/8935/59
f 4652/8928/59 4653/8929/59 4659/8935/59
f 4660/8936/59 4654/8930/59 4661/8937/59
f 4654/8930/59 4655/8931/59 4661/8937/59
f 4661/8937/59 4655/8931/59 4662/8938/59
f 4655/8939/59 4656/8940/59 4663/8941/59
f 4662/8938/59 4655/8931/59 4663/8942/59
f 4656/8932/59 4657/8933/59 4664/8943/59
f 4663/8941/59 4656/8940/59 4664/8944/59
f 4657/8933/59 4659/8935/59 4664/8943/59
f 4664/8943/59 4659/8935/59 4665/8945/59
f 4659/8935/59 4658/8934/59 4666/8946/59
f 4665/8945/59 4659/8935/59 4666/8946/59
f 4661/8947/59 4662/8948/59 4667/8949/59
f 4662/8938/59 4663/8942/59 4668/8950/59
f 4667/8949/59 4662/8948/59 4668/8951/59
f 4663/8942/59 4664/8943/59 4668/8950/59
f 4666/8946/59 4658/8934/59 4669/8952/59
f 4669/8952/59 4658/8934/59 4670/8953/59
f 4670/8953/59 4658/8934/59 4671/8954/59
f 4671/8954/59 4658/8934/59 4672/8955/59
f 4672/8955/59 4658/8934/59 4673/8956/59
f 4674/8957/59 4669/8952/59 4675/8958/59
f 4669/8952/59 4670/8953/59 4675/8958/59
f 4670/8959/59 4671/8960/59 4675/8961/59
f 4671/8954/59 4672/8955/59 4676/8962/59
f 4675/8961/59 4671/8960/59 4676/8963/59
f 4672/8964/59 4673/8965/59 4677/8966/59
f 4676/8962/59 4672/8955/59 4677/8967/59
f 4677/8966/59 4673/8965/59 4678/8968/59
f 4667/8969/59 4668/8950/59 4679/8970/59
f 4668/8950/59 4664/8943/59 4680/8971/59
f 4679/8970/59 4668/8950/59 4680/8971/59
f 4675/8958/59 4676/8962/59 4681/8972/59
f 4676/8962/59 4677/8967/59 4681/8972/59
f 4677/8967/59 4678/8973/59 4681/8972/59
f 4681/8972/59 4678/8973/59 4682/8974/59
f 4679/8975/59 4680/8976/59 4683/8977/59
f 4680/8971/59 4664/8943/59 4684/8978/59
f 4683/8977/59 4680/8976/59 4684/8979/59
f 4674/8957/59 4675/8958/59 4685/8980/59
f 4675/8958/59 4681/8972/59 4685/8980/59
f 4685/8980/59 4681/8972/59 4686/8981/59
f 4686/8981/59 4681/8972/59 4687/8982/59
f 4683/8983/59 4684/8978/59 4688/8984/59
f 4684/8978/59 4664/8943/59 4689/8985/59
f 4688/8984/59 4684/8978/59 4689/8985/59
f 4689/8985/59 4664/8943/59 4690/8986/59
f 4685/8987/59 4686/8988/59 4691/8989/59
f 4687/8982/59 4692/8990/59 4693/8991/59
f 4686/8981/59 4687/8982/59 4693/8991/59
f 4691/8989/59 4686/8988/59 4693/8992/59
f 4690/8986/59 4694/8993/59 4695/8994/59
f 4689/8985/59 4690/8986/59 4695/8994/59
f 4695/8994/59 4694/8993/59 4696/8995/59
f 4696/8995/59 4694/8993/59 4697/8996/59
f 4698/8997/59 4691/8998/59 4699/8999/59
f 4691/8998/59 4693/8991/59 4699/8999/59
f 4693/8991/59 4692/8990/59 4700/9000/59
f 4699/8999/59 4693/8991/59 4700/9000/59
f 4700/9000/59 4692/8990/59 4701/9001/59
f 4696/8995/59 4697/8996/59 4702/9002/59
f 4697/8996/59 4699/8999/59 4702/9002/59
f 4699/8999/59 4700/9000/59 4702/9002/59
f 4702/9002/59 4700/9000/59 4703/9003/59
f 4703/9003/59 4700/9000/59 4704/9004/59
f 4704/9004/59 4700/9000/59 4705/9005/59
f 4705/9005/59 4700/9000/59 4706/9006/59
f 4706/9006/59 4700/9000/59 4707/9007/59
f 4703/9003/59 4704/9004/59 4499/9008/59
f 4704/9009/59 4705/9010/59 4708/9011/59
f 4499/9008/59 4704/9004/59 4708/9012/59
f 4705/9005/59 4706/9006/59 4709/9013/59
f 4708/9011/59 4705/9010/59 4709/9014/59
f 4709/9013/59 4706/9006/59 4710/9015/59
f 4710/9015/59 4706/9006/59 4711/9016/59
f 4708/9012/59 4709/9013/59 4507/9017/59
f 4709/9013/59 4710/9015/59 4507/9017/59
f 4507/9017/59 4710/9015/59 4511/9018/59
f 4712/9019/59 4502/9020/59 4713/9021/59
f 4512/9022/59 4713/9023/59 4714/9024/59
f 4713/9021/59 4502/9020/59 4715/9025/59
f 4714/9024/59 4713/9023/59 4715/9026/59
f 4715/9025/59 4502/9020/59 4716/9027/59
f 4714/9028/59 4715/9025/59 4717/9029/59
f 4715/9026/59 4716/9030/59 4718/9031/59
f 4717/9029/59 4715/9025/59 4718/9032/59
f 4718/9031/59 4716/9030/59 4719/9033/59
f 4720/9034/59 4721/9035/59 4722/9036/59
f 4722/9036/59 4721/9035/59 4723/9037/59
f 4724/9038/59 4725/9039/59 4726/9040/59
f 4726/9040/59 4725/9039/59 4727/9041/59
f 4724/9038/59 4726/9040/59 4728/9042/59
f 4726/9043/59 4727/9044/59 4728/9045/59
f 4728/9045/59 4727/9044/59 4729/9046/59
f 4724/9038/59 4728/9042/59 4730/9047/59
f 4728/9048/59 4729/9049/59 4730/9050/59
f 4730/9050/59 4729/9049/59 4731/9051/59
f 4724/9038/59 4730/9047/59 4732/9052/59
f 4730/9047/59 4731/9053/59 4732/9052/59
f 4732/9052/59 4731/9053/59 4733/9054/59
f 4734/9055/59 4735/9056/59 4736/9057/59
f 4736/9057/59 4735/9056/59 4737/9058/59
f 4734/9055/59 4736/9057/59 4738/9059/59
f 4736/9060/59 4737/9061/59 4738/9062/59
f 4737/9058/59 4735/9056/59 4739/9063/59
f 4738/9062/59 4737/9061/59 4739/9064/59
f 4734/9055/59 4738/9059/59 4740/9065/59
f 4738/9066/59 4739/9067/59 4741/9068/59
f 4740/9065/59 4738/9059/59 4741/9069/59
f 4739/9063/59 4735/9056/59 4742/9070/59
f 4741/9068/59 4739/9067/59 4742/9071/59
f 4742/9070/59 4735/9056/59 4743/9072/59
f 4741/9069/59 4742/9070/59 4744/9073/59
f 4744/9073/59 4742/9070/59 4745/9074/59
f 4746/9075/59 4747/9076/59 4748/9077/59
f 4748/9077/59 4747/9076/59 4749/9078/59
f 4750/9079/59 4751/9080/59 4752/9081/59
f 4752/9081/59 4751/9080/59 4753/9082/59
f 4749/9078/59 4754/9083/59 4755/9084/59
f 4756/9085/59 4752/9081/59 4757/9086/59
f 4755/9084/59 4758/9087/59 4759/9088/59
f 4749/9078/59 4755/9084/59 4759/9088/59
f 4759/9088/59 4758/9087/59 4760/9089/59
f 4760/9089/59 4758/9087/59 4761/9090/59
f 4762/9091/59 4757/9086/59 4763/9092/59
f 4757/9086/59 4752/9081/59 4764/9093/59
f 4763/9092/59 4757/9086/59 4764/9093/59
f 4764/9093/59 4752/9081/59 4765/9094/59
f 4760/9089/59 4761/9090/59 4766/9095/59
f 4761/9090/59 4763/9092/59 4766/9095/59
f 4763/9092/59 4764/9093/59 4766/9095/59
f 4766/9095/59 4764/9093/59 4767/9096/59
f 4767/9096/59 4764/9093/59 4768/9097/59
f 4768/9097/59 4764/9093/59 4769/9098/59
f 4767/9096/59 4768/9097/59 4770/9099/59
f 4770/9099/59 4768/9097/59 4771/9100/59
f 4524/8770/60 4432/8670/60 4429/8667/60
f 4526/8772/60 4432/8670/60 4524/8770/60
f 4533/8780/60 4524/8770/60 4429/8667/60
f 4535/8782/60 4524/8770/60 4533/8780/60
f 4537/8784/60 4533/8780/60 4429/8667/60
f 4539/8786/60 4533/8780/60 4537/8784/60
f 4553/8800/60 4537/8784/60 4429/8667/60
f 4555/8802/60 4537/8784/60 4553/8800/60
f 4425/8663/60 4267/8453/60 4269/8455/60
f 4427/9101/60 4425/8663/60 4269/8455/60
f 4427/9101/60 4423/8661/60 4425/8663/60
f 4433/8764/60 4423/8661/60 4427/9101/60
f 4436/8674/60 4423/8661/60 4433/8764/60
f 4520/8766/60 4434/8672/60 4436/8674/60
f 4440/8678/60 4434/8672/60 4520/8766/60
f 4442/8680/60 4438/8676/60 4440/8678/60
f 4522/8768/60 4438/8676/60 4442/8680/60
f 4446/8684/60 4442/8680/60 4444/8682/60
f 4527/8774/60 4442/8680/60 4446/8684/60
f 4529/8776/60 4448/8686/60 4525/9102/60
f 4529/8776/60 4446/8684/60 4448/8686/60
f 4531/8778/60 4446/8684/60 4529/8776/60
f 4540/9103/60 4536/9104/60 4534/9105/60
f 4772/9106/60 4450/8688/60 4452/8690/60
f 4773/9107/60 4450/8688/60 4772/9106/60
f 4774/9108/60 4450/8688/60 4773/9107/60
f 4775/9109/60 4454/8692/60 4456/8694/60
f 4776/9110/60 4454/8692/60 4775/9109/60
f 4777/9111/60 4776/9112/60 4775/9113/60
f 4778/9114/60 4454/8692/60 4776/9110/60
f 4778/9115/60 4776/9112/60 4777/9111/60
f 4779/9116/60 4772/9106/60 4452/8690/60
f 4779/9117/60 4773/9118/60 4772/9119/60
f 4780/9120/60 4774/9121/60 4773/9122/60
f 4780/9123/60 4773/9118/60 4779/9117/60
f 4781/9124/60 4450/8688/60 4774/9108/60
f 4781/9125/60 4774/9121/60 4780/9120/60
f 4782/9126/60 4775/9109/60 4456/8694/60
f 4782/9127/60 4777/9111/60 4775/9113/60
f 4783/9128/60 4778/9129/60 4777/9130/60
f 4783/9131/60 4777/9111/60 4782/9127/60
f 4784/9132/60 4454/8692/60 4778/9114/60
f 4784/9133/60 4778/9129/60 4783/9128/60
f 4785/9134/60 4780/9135/60 4779/9116/60
f 4785/9134/60 4779/9116/60 4452/8690/60
f 4785/9134/60 4781/9124/60 4780/9135/60
f 4786/9136/60 4781/9124/60 4785/9134/60
f 4787/9137/60 4450/8688/60 4781/9124/60
f 4787/9137/60 4781/9124/60 4786/9136/60
f 4788/9138/60 4783/9139/60 4782/9126/60
f 4788/9138/60 4782/9126/60 4456/8694/60
f 4788/9138/60 4784/9132/60 4783/9139/60
f 4789/9140/60 4784/9132/60 4788/9138/60
f 4790/9141/60 4454/8692/60 4784/9132/60
f 4790/9141/60 4784/9132/60 4789/9140/60
f 4791/9142/60 4787/9143/60 4786/9144/60
f 4791/9145/60 4786/9146/60 4785/9147/60
f 4792/9148/60 4450/8688/60 4787/9137/60
f 4792/9149/60 4787/9143/60 4791/9142/60
f 4793/9150/60 4791/9145/60 4785/9147/60
f 4793/9150/60 4792/9151/60 4791/9145/60
f 4794/9152/60 4450/8688/60 4792/9148/60
f 4794/9153/60 4792/9151/60 4793/9150/60
f 4795/9154/60 4789/9155/60 4788/9156/60
f 4795/9157/60 4790/9158/60 4789/9159/60
f 4796/9160/60 4454/8692/60 4790/9141/60
f 4796/9161/60 4790/9158/60 4795/9157/60
f 4797/9162/60 4795/9154/60 4788/9156/60
f 4797/9162/60 4796/9163/60 4795/9154/60
f 4798/9164/60 4454/8692/60 4796/9160/60
f 4798/9165/60 4796/9163/60 4797/9162/60
f 4799/9166/60 4793/9150/60 4785/9147/60
f 4799/9167/60 4785/9134/60 4452/8690/60
f 4800/9168/60 4794/9169/60 4793/9170/60
f 4800/9171/60 4793/9150/60 4799/9166/60
f 4801/9172/60 4450/8688/60 4794/9152/60
f 4801/9173/60 4794/9169/60 4800/9168/60
f 4802/9174/60 4797/9162/60 4788/9156/60
f 4802/9175/60 4788/9138/60 4456/8694/60
f 4803/9176/60 4798/9177/60 4797/9178/60
f 4803/9179/60 4797/9162/60 4802/9174/60
f 4804/9180/61 4454/8692/61 4798/9164/61
f 4804/9181/60 4798/9177/60 4803/9176/60
f 4557/8804/60 4800/9182/60 4799/9167/60
f 4557/8804/60 4799/9167/60 4452/8690/60
f 4557/8804/60 4801/9172/60 4800/9182/60
f 4559/8806/60 4450/8688/60 4801/9172/60
f 4559/8806/60 4801/9172/60 4557/8804/60
f 4565/8812/60 4803/9183/60 4802/9175/60
f 4565/8812/60 4802/9175/60 4456/8694/60
f 4565/8812/60 4804/9180/60 4803/9183/60
f 4567/8814/60 4454/8692/60 4804/9180/60
f 4567/8814/60 4804/9180/60 4565/8812/60
f 4805/9184/60 4470/8708/60 4472/8710/60
f 4806/9185/60 4470/8708/60 4805/9184/60
f 4807/9186/60 4470/8708/60 4806/9185/60
f 4808/9187/60 4474/8712/60 4476/8714/60
f 4809/9188/60 4474/8712/60 4808/9187/60
f 4810/9189/60 4474/8712/60 4809/9188/60
f 4811/9190/60 4806/9191/60 4805/9192/60
f 4811/9193/60 4807/9194/60 4806/9195/60
f 4812/9196/60 4807/9194/60 4811/9193/60
f 4813/9197/60 4811/9190/60 4805/9192/60
f 4813/9197/60 4812/9198/60 4811/9190/60
f 4814/9199/60 4807/9194/60 4812/9196/60
f 4814/9200/60 4812/9198/60 4813/9197/60
f 4815/9201/60 4810/9202/60 4809/9203/60
f 4815/9204/60 4809/9205/60 4808/9206/60
f 4816/9207/60 4474/8712/60 4810/9189/60
f 4816/9208/60 4810/9202/60 4815/9201/60
f 4817/9209/60 4815/9204/60 4808/9206/60
f 4817/9209/60 4816/9210/60 4815/9204/60
f 4818/9211/60 4474/8712/60 4816/9207/60
f 4818/9212/60 4816/9210/60 4817/9209/60
f 4819/9213/60 4805/9184/60 4472/8710/60
f 4819/9214/60 4813/9197/60 4805/9192/60
f 4820/9215/60 4814/9199/60 4813/9216/60
f 4820/9217/60 4813/9197/60 4819/9214/60
f 4821/9218/60 4470/8708/60 4807/9186/60
f 4821/9219/60 4814/9199/60 4820/9215/60
f 4821/9219/60 4807/9194/60 4814/9199/60
f 4822/9220/60 4817/9209/60 4808/9206/60
f 4822/9221/60 4808/9187/60 4476/8714/60
f 4823/9222/60 4818/9223/60 4817/9224/60
f 4823/9225/60 4817/9209/60 4822/9220/60
f 4824/9226/60 4474/8712/60 4818/9211/60
f 4824/9227/60 4818/9223/60 4823/9222/60
f 4825/9228/60 4820/9229/60 4819/9213/60
f 4825/9228/60 4821/9218/60 4820/9229/60
f 4825/9228/60 4819/9213/60 4472/8710/60
f 4826/9230/60 4821/9218/60 4825/9228/60
f 4827/9231/60 4470/8708/60 4821/9218/60
f 4827/9231/60 4821/9218/60 4826/9230/60
f 4828/9232/60 4823/9233/60 4822/9221/60
f 4828/9232/60 4822/9221/60 4476/8714/60
f 4828/9232/60 4824/9226/60 4823/9233/60
f 4829/9234/60 4824/9226/60 4828/9232/60
f 4830/9235/60 4474/8712/60 4824/9226/60
f 4830/9235/60 4824/9226/60 4829/9234/60
f 4831/9236/60 4829/9237/60 4828/9238/60
f 4831/9239/60 4830/9240/60 4829/9241/60
f 4832/9242/60 4474/8712/60 4830/9235/60
f 4832/9243/60 4830/9240/60 4831/9239/60
f 4833/9244/60 4826/9245/60 4825/9246/60
f 4833/9247/60 4827/9248/60 4826/9249/60
f 4834/9250/60 4470/8708/60 4827/9231/60
f 4834/9251/60 4827/9248/60 4833/9247/60
f 4835/9252/60 4831/9236/60 4828/9238/60
f 4835/9252/60 4832/9253/60 4831/9236/60
f 4836/9254/60 4474/8712/60 4832/9242/60
f 4836/9255/60 4832/9253/60 4835/9252/60
f 4837/9256/60 4833/9244/60 4825/9246/60
f 4837/9256/60 4834/9257/60 4833/9244/60
f 4837/9258/60 4825/9228/60 4472/8710/60
f 4838/9259/60 4470/8708/60 4834/9250/60
f 4838/9260/60 4834/9257/60 4837/9256/60
f 4839/9261/60 4835/9252/60 4828/9238/60
f 4839/9262/60 4828/9232/60 4476/8714/60
f 4840/9263/60 4836/9264/60 4835/9265/60
f 4840/9266/60 4835/9252/60 4839/9261/60
f 4841/9267/60 4474/8712/60 4836/9254/60
f 4841/9268/60 4836/9264/60 4840/9263/60
f 4577/8824/60 4837/9258/60 4472/8710/60
f 4577/8824/60 4838/9259/60 4837/9258/60
f 4581/8828/60 4470/8708/60 4838/9259/60
f 4581/8828/60 4838/9259/60 4577/8824/60
f 4583/8830/60 4840/9269/60 4839/9262/60
f 4583/8830/60 4839/9262/60 4476/8714/60
f 4583/8830/60 4841/9267/60 4840/9269/60
f 4585/8832/60 4474/8712/60 4841/9267/60
f 4585/8832/60 4841/9267/60 4583/8830/60
f 4720/9034/60 4536/9104/60 4540/9103/60
f 4722/9036/60 4536/9104/60 4720/9034/60
f 4746/9075/60 4304/8523/60 4306/8525/60
f 4748/9077/60 4304/8523/60 4746/9075/60
f 4397/8635/60 4330/8549/60 4332/8551/60
f 4395/9270/60 4342/8564/60 4343/8566/60
f 4842/9271/60 4353/8579/60 4342/8576/60
f 4842/9272/60 4342/8564/60 4395/9270/60
f 4843/9273/60 4353/8579/60 4842/9271/60
f 4409/8647/60 4353/8579/60 4843/9273/60
f 4407/8645/60 4362/8592/60 4363/8593/60
f 4413/8651/60 4362/8592/60 4407/8645/60
f 4411/8649/60 4373/8607/60 4371/8604/60
f 4844/9274/60 4373/8607/60 4411/8649/60
f 4845/9275/60 4373/8607/60 4844/9274/60
f 4846/9276/60 4395/8633/60 4397/8635/60
f 4846/9276/60 4842/9271/60 4395/8633/60
f 4846/9276/60 4843/9273/60 4842/9271/60
f 4847/9277/60 4409/9278/60 4843/9279/60
f 4847/9280/60 4843/9273/60 4846/9276/60
f 4848/9281/60 4413/8651/60 4407/8645/60
f 4848/9282/60 4409/9278/60 4847/9277/60
f 4848/9281/60 4844/9274/60 4411/8649/60
f 4848/9281/60 4411/8649/60 4413/8651/60
f 4848/9281/60 4407/8645/60 4409/8647/60
f 4849/9283/60 4847/9284/60 4846/9285/60
f 4849/9286/60 4846/9276/60 4397/8635/60
f 4850/9287/60 4848/9281/60 4847/9280/60
f 4850/9288/60 4847/9284/60 4849/9283/60
f 4851/9289/60 4844/9274/60 4848/9281/60
f 4851/9289/60 4848/9281/60 4850/9287/60
f 4851/9290/60 4845/9291/60 4844/9292/60
f 4852/9293/60 4845/9291/60 4851/9290/60
f 4424/9294/60 4850/9287/60 4849/9286/60
f 4424/9294/60 4397/8635/60 4332/8551/60
f 4424/9294/60 4852/9295/60 4851/9289/60
f 4424/9294/60 4851/9289/60 4850/9287/60
f 4424/9294/60 4849/9286/60 4397/8635/60
f 4426/9296/60 4852/9295/60 4424/9294/60
f 4853/9297/60 4852/9295/60 4426/9296/60
f 4854/9298/60 4852/9295/60 4853/9297/60
f 4435/9299/60 4853/9297/60 4426/9296/60
f 4437/9300/60 4853/9297/60 4435/9299/60
f 4855/9301/60 4435/9302/60 4519/9303/60
f 4856/9304/60 4435/9302/60 4855/9301/60
f 4521/9305/60 4435/9302/60 4856/9304/60
f 4439/9306/60 4853/9297/60 4437/9300/60
f 4441/9307/60 4853/9297/60 4439/9306/60
f 4857/9308/60 4854/9309/60 4853/9310/60
f 4857/9311/60 4853/9297/60 4441/9307/60
f 4858/9312/60 4852/9295/60 4854/9298/60
f 4858/9313/60 4854/9309/60 4857/9308/60
f 4859/9314/60 4855/9301/60 4519/9303/60
f 4859/9315/60 4856/9316/60 4855/9317/60
f 4860/9318/60 4521/9305/60 4856/9304/60
f 4860/9319/60 4856/9316/60 4859/9315/60
f 4860/9318/60 4439/9320/60 4521/9305/60
f 4443/9321/60 4439/9320/60 4860/9318/60
f 4445/9322/60 4439/9320/60 4443/9321/60
f 4523/9323/60 4857/9311/60 4441/9307/60
f 4523/9323/60 4858/9312/60 4857/9311/60
f 4447/9324/60 4859/9314/60 4519/9303/60
f 4447/9324/60 4443/9321/60 4860/9318/60
f 4447/9324/60 4860/9318/60 4859/9314/60
f 4449/9325/60 4443/9321/60 4447/9324/60
f 4528/9326/60 4523/9323/60 4445/9327/60
f 4532/9328/60 4528/9326/60 4449/9329/60
f 4861/9330/60 4523/9323/60 4528/9326/60
f 4861/9330/60 4858/9312/60 4523/9323/60
f 4861/9330/60 4528/9326/60 4532/9328/60
f 4862/9331/60 4852/9295/60 4858/9312/60
f 4862/9331/60 4858/9312/60 4861/9330/60
f 4863/9332/60 4532/9328/60 4530/9333/60
f 4863/9332/60 4861/9330/60 4532/9328/60
f 4864/9334/60 4861/9330/60 4863/9332/60
f 4865/9335/60 4861/9330/60 4864/9334/60
f 4866/9336/60 4864/9334/60 4863/9332/60
f 4867/9337/60 4864/9334/60 4866/9336/60
f 4868/9338/60 4865/9339/60 4864/9340/60
f 4868/9341/60 4864/9334/60 4867/9337/60
f 4869/9342/60 4861/9330/60 4865/9335/60
f 4869/9343/60 4865/9339/60 4868/9338/60
f 4870/9344/60 4862/9345/60 4861/9346/60
f 4870/9347/60 4861/9330/60 4869/9342/60
f 4871/9348/60 4852/9295/60 4862/9331/60
f 4871/9349/60 4862/9345/60 4870/9344/60
f 4872/9350/60 4867/9351/60 4866/9352/60
f 4872/9353/60 4866/9336/60 4863/9332/60
f 4873/9354/60 4870/9347/60 4869/9342/60
f 4873/9355/60 4867/9351/60 4872/9350/60
f 4873/9354/60 4869/9342/60 4868/9341/60
f 4873/9354/60 4871/9348/60 4870/9347/60
f 4873/9354/60 4868/9341/60 4867/9337/60
f 4451/9356/60 4872/9353/60 4863/9332/60
f 4451/9356/60 4873/9354/60 4872/9353/60
f 4453/9357/60 4871/9348/60 4873/9354/60
f 4453/9357/60 4873/9354/60 4451/9356/60
f 4455/9358/60 4871/9348/60 4453/9357/60
f 4457/9359/60 4852/9295/60 4871/9348/60
f 4457/9359/60 4871/9348/60 4455/9358/60
f 4874/9360/60 4451/9356/60 4863/9332/60
f 4875/9361/60 4451/9356/60 4874/9360/60
f 4876/9362/60 4852/9295/60 4457/9359/60
f 4877/9363/60 4852/9295/60 4876/9362/60
f 4878/9364/60 4877/9365/60 4876/9366/60
f 4879/9367/60 4877/9365/60 4878/9364/60
f 4880/9368/60 4875/9369/60 4874/9370/60
f 4880/9371/60 4874/9360/60 4863/9332/60
f 4881/9372/60 4875/9369/60 4880/9368/60
f 4882/9373/60 4880/9371/60 4863/9332/60
f 4882/9373/60 4881/9374/60 4880/9371/60
f 4883/9375/60 4881/9374/60 4882/9373/60
f 4884/9376/60 4883/9377/60 4882/9378/60
f 4885/9379/60 4881/9374/60 4883/9375/60
f 4885/9380/60 4883/9377/60 4884/9376/60
f 4558/9381/60 4881/9374/60 4885/9379/60
f 4560/9382/60 4455/9358/60 4453/9357/60
f 4566/9383/60 4455/9358/60 4560/9382/60
f 4568/9384/60 4879/9385/60 4878/9386/60
f 4886/9387/60 4558/9381/60 4885/9379/60
f 4886/9387/60 4568/9384/60 4566/9383/60
f 4886/9387/60 4566/9383/60 4560/9382/60
f 4886/9387/60 4885/9379/60 4884/9388/60
f 4886/9387/60 4560/9382/60 4558/9381/60
f 4887/9389/60 4568/9384/60 4886/9387/60
f 4573/8820/60 4568/9384/60 4887/9389/60
f 4575/8822/60 4568/9384/60 4573/8820/60
f 4888/9390/60 4886/9387/60 4884/9388/60
f 4888/9391/60 4887/9392/60 4886/9393/60
f 4889/9394/60 4573/8820/60 4887/9389/60
f 4889/9395/60 4887/9392/60 4888/9391/60
f 4468/8706/60 4573/8820/60 4889/9394/60
f 4466/8704/60 4568/9384/60 4575/8822/60
f 4471/9396/60 4468/8706/60 4889/9394/60
f 4471/9396/60 4466/8704/60 4468/8706/60
f 4471/9396/60 4888/9390/60 4884/9388/60
f 4471/9396/60 4889/9394/60 4888/9390/60
f 4473/9397/60 4466/8704/60 4471/9396/60
f 4475/9398/60 4466/8704/60 4473/9397/60
f 4477/9399/60 4879/9385/60 4568/9384/60
f 4477/9399/60 4466/8704/60 4475/9398/60
f 4477/9399/60 4568/9384/60 4466/8704/60
f 4890/9400/60 4471/9396/60 4884/9388/60
f 4891/9401/60 4471/9396/60 4890/9400/60
f 4892/9402/60 4890/9400/60 4884/9388/60
f 4892/9403/60 4891/9404/60 4890/9405/60
f 4893/9406/60 4891/9404/60 4892/9403/60
f 4894/9407/60 4879/9385/60 4477/9399/60
f 4895/9408/60 4879/9385/60 4894/9407/60
f 4896/9409/60 4895/9410/60 4894/9411/60
f 4897/9412/60 4895/9410/60 4896/9409/60
f 4578/9413/60 4893/9414/60 4892/9402/60
f 4582/9415/60 4475/9398/60 4473/9397/60
f 4584/9416/60 4475/9398/60 4582/9415/60
f 4586/9417/60 4897/9418/60 4896/9419/60
f 4898/9420/60 4580/9421/60 4579/9422/60
f 4898/9423/60 4579/9424/60 4578/9413/60
f 4899/9425/60 4586/9417/60 4584/9416/60
f 4899/9426/60 4580/9421/60 4898/9420/60
f 4899/9425/60 4584/9416/60 4582/9415/60
f 4899/9425/60 4582/9415/60 4580/9427/60
f 4900/9428/60 4586/9417/60 4899/9425/60
f 4901/9429/60 4586/9417/60 4900/9428/60
f 4902/9430/60 4898/9423/60 4578/9413/60
f 4902/9430/60 4892/9402/60 4884/9388/60
f 4902/9430/60 4578/9413/60 4892/9402/60
f 4902/9430/60 4900/9428/60 4899/9425/60
f 4902/9430/60 4899/9425/60 4898/9423/60
f 4903/9431/60 4900/9428/60 4902/9430/60
f 4603/8852/60 4586/9417/60 4901/9429/60
f 4605/8854/60 4586/9417/60 4603/8852/60
f 4904/9432/60 4586/9417/60 4605/8854/60
f 4905/9433/60 4586/9417/60 4904/9432/60
f 4906/9434/60 4586/9417/60 4905/9433/60
f 4907/9435/60 4586/9417/60 4906/9434/60
f 4615/8864/60 4897/9418/60 4586/9417/60
f 4615/8864/60 4586/9417/60 4907/9435/60
f 4617/8866/60 4897/9418/60 4615/8864/60
f 4619/8868/60 4903/9436/60 4902/9437/60
f 4621/8878/60 4900/9428/60 4903/9431/60
f 4621/8870/60 4903/9436/60 4619/8868/60
f 4637/8907/60 4901/9438/60 4900/9439/60
f 4637/8901/60 4900/9428/60 4621/8878/60
f 4643/8924/60 4603/8852/60 4901/9429/60
f 4643/8909/60 4901/9438/60 4637/8907/60
f 4649/8925/60 4603/8852/60 4643/8924/60
f 4660/8936/60 4904/9432/60 4605/8854/60
f 4661/8947/60 4905/9440/60 4904/9441/60
f 4661/8937/60 4904/9432/60 4660/8936/60
f 4667/8969/60 4906/9434/60 4905/9433/60
f 4667/8949/60 4905/9440/60 4661/8947/60
f 4679/8975/60 4907/9442/60 4906/9443/60
f 4679/8970/60 4906/9434/60 4667/8969/60
f 4683/8983/60 4615/8864/60 4907/9435/60
f 4683/8977/60 4907/9442/60 4679/8975/60
f 4688/8984/60 4615/8864/60 4683/8983/60
f 4396/8634/60 4336/8555/60 4333/8552/60
f 4398/8636/60 4336/8555/60 4396/8634/60
f 4408/8646/60 4359/8589/60 4355/8581/60
f 4410/8648/60 4359/8589/60 4408/8646/60
f 4412/8650/60 4367/8597/60 4364/8594/60
f 4414/8652/60 4367/8597/60 4412/8650/60
f 4428/8666/60 4391/8629/60 4393/8631/60
f 4431/8669/60 4391/8629/60 4428/8666/60
f 4556/8803/60 4542/8789/60 4538/8785/60
f 4467/8705/60 4576/8823/60 4574/8821/60
f 4469/8707/60 4576/8823/60 4467/8705/60
f 4595/8844/60 4556/8803/60 4554/8801/60
f 4597/8846/60 4542/8789/60 4556/8803/60
f 4597/8846/60 4556/8803/60 4595/8844/60
f 4650/8926/60 4606/8855/60 4604/8853/60
f 4654/8930/60 4606/8855/60 4650/8926/60
f 4689/8985/60 4618/8867/60 4616/8865/60
f 4695/8994/60 4618/8867/60 4689/8985/60
f 4379/9444/60 4312/8531/60 4307/8526/60
f 4908/9445/60 4312/8531/60 4379/9444/60
f 4909/9446/60 4908/9447/60 4379/9448/60
f 4910/9449/60 4908/9447/60 4909/9446/60
f 4911/9450/60 4910/9451/60 4909/9452/60
f 4912/9453/60 4910/9451/60 4911/9450/60
f 4913/9454/60 4912/9455/60 4911/9456/60
f 4914/9457/60 4912/9455/60 4913/9454/60
f 4915/9458/60 4914/9459/60 4913/9460/60
f 4916/9461/60 4914/9459/60 4915/9458/60
f 4917/9462/60 4914/9459/60 4916/9461/60
f 4918/9463/60 4917/9464/60 4916/9465/60
f 4919/9466/60 4917/9464/60 4918/9463/60
f 4920/9467/60 4917/9464/60 4919/9466/60
f 4921/9468/60 4920/9469/60 4919/9470/60
f 4922/9471/60 4920/9469/60 4921/9468/60
f 4923/9472/60 4922/9473/60 4921/9474/60
f 4924/9475/60 4922/9473/60 4923/9472/60
f 4925/9476/60 4924/9477/60 4923/9478/60
f 4926/9479/60 4924/9477/60 4925/9476/60
f 4702/9480/60 4926/9481/60 4925/9482/60
f 4500/9483/60 4926/9481/60 4702/9480/60
f 4749/9078/60 4500/8745/60 4702/9484/60
f 4749/9078/60 4498/8743/60 4500/8745/60
f 4759/9088/60 4498/8743/60 4749/9078/60
f 4338/9485/60 4286/8488/60 4273/8459/60
f 4350/9486/60 4286/8488/60 4338/9485/60
f 4360/9487/60 4302/8521/60 4290/8493/60
f 4370/9488/60 4302/8521/60 4360/9487/60
f 4385/9489/60 4318/8537/60 4314/8533/60
f 4927/9490/60 4318/8537/60 4385/9489/60
f 4928/9491/60 4927/9492/60 4385/9493/60
f 4929/9494/60 4927/9492/60 4928/9491/60
f 4930/9495/60 4927/9492/60 4929/9494/60
f 4931/9496/60 4930/9497/60 4929/9498/60
f 4932/9499/60 4930/9497/60 4931/9496/60
f 4933/9500/60 4930/9497/60 4932/9499/60
f 4934/9501/60 4933/9502/60 4932/9503/60
f 4935/9504/60 4933/9502/60 4934/9501/60
f 4936/9505/60 4933/9502/60 4935/9504/60
f 4937/9506/60 4936/9507/60 4935/9508/60
f 4938/9509/60 4936/9507/60 4937/9506/60
f 4939/9510/60 4938/9511/60 4937/9512/60
f 4940/9513/60 4938/9511/60 4939/9510/60
f 4941/9514/60 4938/9511/60 4940/9513/60
f 4942/9515/60 4941/9516/60 4940/9517/60
f 4943/9518/60 4941/9516/60 4942/9515/60
f 4944/9519/60 4941/9516/60 4943/9518/60
f 4945/9520/60 4944/9521/60 4943/9522/60
f 4946/9523/60 4944/9521/60 4945/9520/60
f 4947/9524/60 4944/9521/60 4946/9523/60
f 4948/9525/60 4944/9521/60 4947/9524/60
f 4949/9526/60 4944/9521/60 4948/9525/60
f 4950/9527/60 4944/9521/60 4949/9526/60
f 4951/9528/60 4950/9529/60 4949/9530/60
f 4952/9531/60 4950/9529/60 4951/9528/60
f 4953/9532/60 4952/9533/60 4951/9534/60
f 4954/9535/60 4952/9533/60 4953/9532/60
f 4499/9536/60 4952/9533/60 4954/9535/60
f 4501/9537/60 4952/9533/60 4499/9536/60
f 4760/9089/60 4506/8751/60 4501/8746/60
f 4766/9095/60 4506/8751/60 4760/9089/60
f 4389/9538/60 4324/8543/60 4320/8539/60
f 4955/9539/60 4324/8543/60 4389/9538/60
f 4956/9540/60 4955/9541/60 4389/9542/60
f 4957/9543/60 4955/9541/60 4956/9540/60
f 4958/9544/60 4957/9545/60 4956/9546/60
f 4959/9547/60 4957/9545/60 4958/9544/60
f 4960/9548/60 4959/9549/60 4958/9550/60
f 4961/9551/60 4959/9549/60 4960/9548/60
f 4962/9552/60 4959/9549/60 4961/9551/60
f 4963/9553/60 4959/9549/60 4962/9552/60
f 4964/9554/60 4963/9555/60 4962/9556/60
f 4965/9557/60 4963/9555/60 4964/9554/60
f 4966/9558/60 4965/9559/60 4964/9560/60
f 4967/9561/60 4965/9559/60 4966/9558/60
f 4968/9562/60 4967/9563/60 4966/9564/60
f 4969/9565/60 4967/9563/60 4968/9562/60
f 4970/9566/60 4969/9567/60 4968/9568/60
f 4971/9569/60 4969/9567/60 4970/9566/60
f 4972/9570/60 4971/9571/60 4970/9572/60
f 4973/9573/60 4971/9571/60 4972/9570/60
f 4974/9574/60 4973/9575/60 4972/9576/60
f 4975/9577/60 4973/9575/60 4974/9574/60
f 4976/9578/60 4975/9579/60 4974/9580/60
f 4977/9581/60 4975/9579/60 4976/9578/60
f 4507/9582/60 4977/9583/60 4976/9584/60
f 4508/9585/60 4977/9583/60 4507/9582/60
f 4734/9055/60 4690/9586/60 4664/9587/60
f 4740/9065/60 4690/9586/60 4734/9055/60
f 4767/9096/60 4513/8758/60 4508/8753/60
f 4770/9099/60 4513/8758/60 4767/9096/60
f 4978/9588/60 4328/8547/60 4325/8544/60
f 4979/9589/60 4328/8547/60 4978/9588/60
f 4980/9590/60 4979/9591/60 4978/9592/60
f 4981/9593/60 4979/9591/60 4980/9590/60
f 4982/9594/60 4979/9591/60 4981/9593/60
f 4983/9595/60 4979/9591/60 4982/9594/60
f 4984/9596/60 4983/9597/60 4982/9598/60
f 4985/9599/60 4983/9597/60 4984/9596/60
f 4986/9600/60 4985/9601/60 4984/9602/60
f 4987/9603/60 4985/9601/60 4986/9600/60
f 4988/9604/60 4985/9601/60 4987/9603/60
f 4989/9605/60 4985/9601/60 4988/9604/60
f 4990/9606/60 4985/9601/60 4989/9605/60
f 4991/9607/60 4985/9601/60 4990/9606/60
f 4992/9608/60 4991/9609/60 4990/9610/60
f 4993/9611/60 4991/9609/60 4992/9608/60
f 4994/9612/60 4993/9613/60 4992/9614/60
f 4995/9615/60 4993/9613/60 4994/9612/60
f 4996/9616/60 4993/9613/60 4995/9615/60
f 4997/9617/60 4993/9613/60 4996/9616/60
f 4514/9618/60 4993/9613/60 4997/9617/60
f 4515/9619/60 4993/9613/60 4514/9618/60
f 4741/9069/60 4697/9620/60 4694/9621/60
f 4744/9073/60 4697/9620/60 4741/9069/60
f 4387/9622/60 4321/8540/60 4322/8541/60
f 4390/9623/60 4321/8540/60 4387/9622/60
f 4762/9091/60 4511/8756/60 4710/9624/60
f 4763/9092/60 4511/8756/60 4762/9091/60
f 4652/8928/60 4610/8859/60 4608/8857/60
f 4659/8935/60 4610/8859/60 4652/8928/60
f 4666/8946/60 4614/8863/60 4612/8861/60
f 4669/8952/60 4614/8863/60 4666/8946/60
f 4510/9625/60 4490/8728/60 4491/8729/60
f 4512/9022/60 4494/8735/60 4490/8736/60
f 4512/9626/60 4490/8728/60 4510/9625/60
f 4714/9028/60 4496/8740/60 4494/8741/60
f 4714/9024/60 4494/8735/60 4512/9022/60
f 4717/9029/60 4496/8740/60 4714/9028/60
f 4383/9627/60 4315/8534/60 4316/8535/60
f 4388/9628/60 4315/8534/60 4383/9627/60
f 4756/9085/60 4711/9629/60 4706/9630/60
f 4757/9086/60 4711/9629/60 4756/9085/60
f 4377/9631/60 4308/8527/60 4310/8529/60
f 4384/9632/60 4308/8527/60 4377/9631/60
f 4750/9079/60 4707/9633/60 4700/9634/60
f 4752/9081/60 4707/9633/60 4750/9079/60
f 4724/9038/60 4653/9635/60 4632/9636/60
f 4732/9052/60 4653/9635/60 4724/9038/60
f 4305/8524/62 4307/8526/62 4374/9637/62
f 4374/9637/62 4307/8526/62 4379/9444/62
f 4696/9638/62 4702/9484/62 4747/9076/62
f 4747/9076/62 4702/9484/62 4749/9078/62
f 4313/8532/62 4314/8533/62 4380/9639/62
f 4380/9639/62 4314/8533/62 4385/9489/62
f 4703/9640/62 4499/8744/62 4754/9083/62
f 4754/9083/62 4499/8744/62 4755/9084/62
f 4319/8538/62 4320/8539/62 4386/9641/62
f 4386/9641/62 4320/8539/62 4389/9538/62
f 4708/9642/62 4507/8752/62 4758/9087/62
f 4758/9087/62 4507/8752/62 4761/9090/62
f 4326/8545/62 4329/8548/62 4998/9643/62
f 4998/9643/62 4329/8548/62 4999/9644/62
f 4998/9645/62 4999/9646/62 5000/9647/62
f 5000/9647/62 4999/9646/62 5001/9648/62
f 5000/9649/62 5001/9650/62 5002/9651/62
f 5002/9651/62 5001/9650/62 5003/9652/62
f 5002/9653/62 5003/9654/62 5004/9655/62
f 5004/9655/62 5003/9654/62 5005/9656/62
f 5005/9656/62 5003/9654/62 5006/9657/62
f 5006/9657/62 5003/9654/62 5007/9658/62
f 5007/9658/62 5003/9654/62 5008/9659/62
f 5008/9659/62 5003/9654/62 5009/9660/62
f 5008/9661/62 5009/9662/62 5010/9663/62
f 5010/9663/62 5009/9662/62 5011/9664/62
f 5010/9665/62 5011/9666/62 5012/9667/62
f 5012/9667/62 5011/9666/62 5013/9668/62
f 5012/9669/62 5013/9670/62 5014/9671/62
f 5014/9671/62 5013/9670/62 5015/9672/62
f 5014/9673/62 5015/9674/62 5016/9675/62
f 5016/9675/62 5015/9674/62 5017/9676/62
f 5017/9676/62 5015/9674/62 5018/9677/62
f 5018/9677/62 5015/9674/62 5019/9678/62
f 5018/9679/62 5019/9680/62 5020/9681/62
f 5020/9681/62 5019/9680/62 5021/9682/62
f 5020/9683/62 5021/9684/62 5022/9685/62
f 5022/9685/62 5021/9684/62 5023/9686/62
f 4607/8856/62 4609/8858/62 4651/8927/62
f 4651/8927/62 4609/8858/62 4657/8933/62
f 5023/9686/62 5021/9684/62 4517/9687/62
f 4517/9687/62 5021/9684/62 4516/9688/62
f 4698/9689/62 4699/9690/62 4742/9070/62
f 4742/9070/62 4699/9690/62 4745/9074/62
f 4321/8540/62 4327/8546/62 4390/9623/62
f 4390/9623/62 4327/8546/62 5024/9691/62
f 4390/9692/62 5024/9693/62 5025/9694/62
f 5025/9694/62 5024/9693/62 5026/9695/62
f 5025/9696/62 5026/9697/62 5027/9698/62
f 5027/9698/62 5026/9697/62 5028/9699/62
f 5027/9700/62 5028/9701/62 5029/9702/62
f 5029/9702/62 5028/9701/62 5030/9703/62
f 5029/9704/62 5030/9705/62 5031/9706/62
f 5031/9706/62 5030/9705/62 5032/9707/62
f 5031/9708/62 5032/9709/62 5033/9710/62
f 5033/9710/62 5032/9709/62 5034/9711/62
f 5034/9711/62 5032/9709/62 5035/9712/62
f 5035/9712/62 5032/9709/62 5036/9713/62
f 5035/9714/62 5036/9715/62 5037/9716/62
f 5037/9716/62 5036/9715/62 5038/9717/62
f 5037/9718/62 5038/9719/62 5039/9720/62
f 5039/9720/62 5038/9719/62 5040/9721/62
f 5039/9722/62 5040/9723/62 5041/9724/62
f 5041/9724/62 5040/9723/62 5042/9725/62
f 4611/8860/62 4613/8862/62 4665/8945/62
f 4665/8945/62 4613/8862/62 4674/8957/62
f 5041/9726/62 5042/9727/62 4511/9728/62
f 4511/9728/62 5042/9727/62 4509/9729/62
f 4674/9730/62 4685/9731/62 4735/9056/62
f 4665/9732/62 4674/9730/62 4735/9056/62
f 4685/9731/62 4691/9733/62 4735/9056/62
f 4735/9056/62 4691/9733/62 4743/9072/62
f 4509/8754/62 4518/8763/62 4768/9097/62
f 4768/9097/62 4518/8763/62 4771/9100/62
f 4315/8534/62 4323/8542/62 4388/9628/62
f 4388/9628/62 4323/8542/62 5043/9734/62
f 4388/9735/62 5043/9736/62 5044/9737/62
f 5044/9737/62 5043/9736/62 5045/9738/62
f 5044/9739/62 5045/9740/62 5046/9741/62
f 5046/9741/62 5045/9740/62 5047/9742/62
f 5046/9743/62 5047/9744/62 5048/9745/62
f 5048/9745/62 5047/9744/62 5049/9746/62
f 5049/9746/62 5047/9744/62 5050/9747/62
f 5050/9747/62 5047/9744/62 5051/9748/62
f 5050/9749/62 5051/9750/62 5052/9751/62
f 5052/9751/62 5051/9750/62 5053/9752/62
f 5052/9753/62 5053/9754/62 5054/9755/62
f 5054/9755/62 5053/9754/62 5055/9756/62
f 5054/9757/62 5055/9758/62 5056/9759/62
f 5056/9759/62 5055/9758/62 5057/9760/62
f 5056/9761/62 5057/9762/62 4488/9763/62
f 4488/9763/62 5057/9762/62 4486/9764/62
f 4712/9765/62 4713/9766/62 4764/9093/62
f 4764/9093/62 4713/9766/62 4769/9098/62
f 4272/8458/62 4287/8490/62 4339/9767/62
f 4339/9767/62 4287/8490/62 4351/9768/62
f 4289/8492/62 4303/8522/62 4361/9769/62
f 4361/9769/62 4303/8522/62 4372/9770/62
f 4487/8725/62 4489/8727/62 5058/9771/62
f 4489/8731/62 4493/8734/62 5058/9772/62
f 4493/8738/62 4497/8742/62 5059/9773/62
f 5058/9772/62 4493/8734/62 5059/9774/62
f 5059/9773/62 4497/8742/62 5060/9775/62
f 5060/9775/62 4497/8742/62 5061/9776/62
f 4487/8725/62 5058/9771/62 4504/9777/62
f 5058/9771/62 5059/9773/62 4504/9777/62
f 5059/9773/62 5060/9775/62 4504/9777/62
f 4504/9777/62 5060/9775/62 4502/9020/62
f 5060/9778/62 5061/9779/62 4716/9030/62
f 4502/9020/62 5060/9775/62 4716/9027/62
f 4716/9030/62 5061/9779/62 4719/9033/62
f 4308/8527/62 4317/8536/62 4384/9632/62
f 4384/9632/62 4317/8536/62 5062/9780/62
f 4384/9781/62 5062/9782/62 5063/9783/62
f 5063/9783/62 5062/9782/62 5064/9784/62
f 5063/9785/62 5064/9786/62 5065/9787/62
f 5065/9787/62 5064/9786/62 5066/9788/62
f 5065/9789/62 5066/9790/62 5067/9791/62
f 5067/9791/62 5066/9790/62 5068/9792/62
f 5068/9792/62 5066/9790/62 5069/9793/62
f 5069/9793/62 5066/9790/62 5070/9794/62
f 5069/9795/62 5070/9796/62 5071/9797/62
f 5071/9797/62 5070/9796/62 5072/9798/62
f 5071/9799/62 5072/9800/62 5073/9801/62
f 5073/9801/62 5072/9800/62 5074/9802/62
f 5074/9802/62 5072/9800/62 5075/9803/62
f 5075/9803/62 5072/9800/62 5076/9804/62
f 5075/9805/62 5076/9806/62 5077/9807/62
f 5077/9807/62 5076/9806/62 5078/9808/62
f 5077/9809/62 5078/9810/62 4707/9811/62
f 4707/9811/62 5078/9810/62 4503/9812/62
f 4707/9633/62 4503/8748/62 4752/9081/62
f 4503/8748/62 4505/8750/62 4752/9081/62
f 4752/9081/62 4505/8750/62 4765/9094/62
f 4340/8562/62 4345/8570/62 4401/8639/62
f 4401/8639/62 4345/8570/62 4399/8637/62
f 4346/8571/62 4349/8574/62 4405/8643/62
f 4405/8643/62 4349/8574/62 4403/8641/62
f 4392/8630/62 4394/8632/62 4596/8845/62
f 4596/8845/62 4394/8632/62 4598/8847/62
f 4599/8848/62 4601/8850/62 4625/8884/62
f 4625/8884/62 4601/8850/62 4632/8887/62
f 4590/8837/62 4591/8839/62 4681/8972/62
f 4681/8972/62 4591/8839/62 4687/8982/62
f 4331/8550/62 4335/8554/62 5079/9813/62
f 4335/8560/62 4341/8563/62 5079/9814/62
f 5079/9814/62 4341/8563/62 4400/9815/62
f 4347/8572/62 4348/8573/62 4402/8640/62
f 4402/8640/62 4348/8573/62 4404/8642/62
f 4352/8578/62 4366/8596/62 4406/8644/62
f 4406/8644/62 4366/8596/62 5080/9816/62
f 5080/9816/62 4366/8596/62 5081/9817/62
f 4366/8599/62 4369/8602/62 5082/9818/62
f 5081/9817/62 4366/8596/62 5082/9819/62
f 4369/8606/62 4378/8612/62 5083/9820/62
f 5082/9818/62 4369/8602/62 5083/9821/62
f 5080/9822/62 5081/9823/62 5084/9824/62
f 5079/9813/62 4400/8638/62 5084/9825/62
f 4402/8640/62 4404/8642/62 5084/9825/62
f 4406/8644/62 5080/9816/62 5084/9825/62
f 4404/8642/62 4406/8644/62 5084/9825/62
f 4400/8638/62 4402/8640/62 5084/9825/62
f 5081/9817/62 5082/9819/62 5085/9826/62
f 5084/9824/62 5081/9823/62 5085/9827/62
f 5082/9819/62 5083/9820/62 5085/9826/62
f 5079/9813/62 5084/9825/62 4417/9828/62
f 5084/9825/62 5085/9826/62 4417/9828/62
f 5085/9826/62 5083/9820/62 4415/9829/62
f 4417/9828/62 5085/9826/62 4415/9829/62
f 4415/9829/62 5083/9820/62 4421/9830/62
f 5083/9820/62 4378/8612/62 4419/9831/62
f 4421/9830/62 5083/9820/62 4419/9831/62
f 5079/9813/62 4417/9828/62 5086/9832/62
f 4331/8550/62 5079/9813/62 5086/9832/62
f 5086/9832/62 4417/9828/62 5087/9833/62
f 5086/9834/62 5087/9835/62 5088/9836/62
f 5087/9833/62 4417/9828/62 5089/9837/62
f 5088/9836/62 5087/9835/62 5089/9838/62
f 5088/9839/62 5089/9837/62 4543/9840/62
f 5089/9837/62 4417/9828/62 4543/9840/62
f 4415/9829/62 4421/9830/62 4545/9841/62
f 4545/9841/62 4421/9830/62 4547/9842/62
f 4419/9831/62 4378/8612/62 4551/9843/62
f 5088/9839/62 4543/9840/62 5090/9844/62
f 4543/9840/62 4545/9841/62 5090/9844/62
f 4545/9841/62 4547/9842/62 5090/9844/62
f 4547/9842/62 4549/9845/62 5090/9844/62
f 5090/9844/62 4549/9845/62 5091/9846/62
f 4549/9847/62 4550/9848/62 5092/9849/62
f 5091/9846/62 4549/9845/62 5092/9850/62
f 4550/9851/62 4551/9843/62 5093/9852/62
f 5092/9849/62 4550/9848/62 5093/9853/62
f 5090/9854/62 5091/9855/62 5094/9856/62
f 5088/9839/62 5090/9844/62 5094/9857/62
f 5091/9846/62 5092/9850/62 5095/9858/62
f 5094/9856/62 5091/9855/62 5095/9859/62
f 5092/9850/62 5093/9852/62 5095/9858/62
f 5088/9839/62 5094/9857/62 4460/9860/62
f 5094/9857/62 5095/9858/62 4460/9860/62
f 5095/9858/62 5093/9852/62 4458/9861/62
f 4460/9860/62 5095/9858/62 4458/9861/62
f 4458/9861/62 5093/9852/62 4464/9862/62
f 5093/9852/62 4551/9843/62 4462/9863/62
f 4464/9862/62 5093/9852/62 4462/9863/62
f 4551/9843/62 4378/8612/62 4462/9863/62
f 5088/9839/62 4460/9860/62 4561/9864/62
f 4458/9861/62 4464/9862/62 4563/9865/62
f 4563/9865/62 4464/9862/62 4569/9866/62
f 4462/9863/62 4378/8612/62 4571/9867/62
f 4563/9865/62 4569/9866/62 5096/9868/62
f 4569/9866/62 4571/9867/62 5096/9868/62
f 4571/9867/63 4378/8612/63 5096/9868/63
f 4561/9864/62 4563/9865/62 5096/9868/62
f 5096/9868/62 4378/8612/62 5097/9869/62
f 4561/9864/62 5096/9868/62 5098/9870/62
f 5096/9871/62 5097/9872/62 5098/9873/62
f 5098/9873/62 5097/9872/62 5099/9874/62
f 5088/9839/62 4561/9864/62 5100/9875/62
f 4561/9864/62 5098/9870/62 5100/9875/62
f 5098/9870/62 5099/9876/62 5100/9875/62
f 5100/9875/62 5099/9876/62 5101/9877/62
f 5088/9839/62 5100/9875/62 5102/9878/62
f 5100/9879/62 5101/9880/62 5102/9881/62
f 5101/9877/62 5099/9876/62 5103/9882/62
f 5102/9881/62 5101/9880/62 5103/9883/62
f 5103/9882/62 5099/9876/62 5104/9884/62
f 5104/9884/62 5099/9876/62 5105/9885/62
f 5105/9885/62 5099/9876/62 5106/9886/62
f 5106/9886/62 5099/9876/62 5107/9887/62
f 5102/9878/62 5103/9882/62 5108/9888/62
f 5103/9882/62 5104/9884/62 5108/9888/62
f 5104/9889/62 5105/9890/62 5108/9891/62
f 5105/9885/62 5106/9886/62 5109/9892/62
f 5108/9891/62 5105/9890/62 5109/9893/62
f 5106/9894/62 5107/9895/62 5110/9896/62
f 5109/9892/62 5106/9886/62 5110/9897/62
f 5107/9887/62 5099/9876/62 5111/9898/62
f 5110/9896/62 5107/9895/62 5111/9899/62
f 5088/9839/62 5102/9878/62 4480/9900/62
f 5109/9892/62 5110/9897/62 4480/9900/62
f 5110/9897/62 5111/9898/62 4480/9900/62
f 5102/9878/62 5108/9888/62 4480/9900/62
f 5108/9888/62 5109/9892/62 4480/9900/62
f 4480/9900/62 5111/9898/62 4478/9901/62
f 5088/9839/62 4480/9900/62 5112/9902/62
f 5112/9902/62 4480/9900/62 5113/9903/62
f 5112/9904/62 5113/9905/62 5114/9906/62
f 5113/9903/62 4480/9900/62 5115/9907/62
f 5114/9906/62 5113/9905/62 5115/9908/62
f 4478/9901/62 5111/9898/62 4484/9909/62
f 5111/9898/62 5099/9876/62 4482/9910/62
f 4484/9909/62 5111/9898/62 4482/9910/62
f 4478/9901/62 4484/9909/62 5116/9911/62
f 5116/9911/62 4484/9909/62 5117/9912/62
f 5115/9907/62 4480/9900/62 5118/9913/62
f 5114/9914/62 5115/9907/62 5118/9913/62
f 5118/9913/62 4480/9900/62 5119/9915/62
f 5116/9916/62 5117/9917/62 5120/9918/62
f 5117/9912/62 4484/9909/62 5121/9919/62
f 5120/9918/62 5117/9917/62 5121/9920/62
f 5120/9921/62 5121/9919/62 4587/9922/62
f 5121/9919/62 4484/9909/62 4587/9922/62
f 4482/9910/62 5099/9876/62 4593/9923/62
f 5118/9924/62 5119/9925/62 4600/8849/62
f 5114/9914/62 5118/9913/62 4600/9926/62
f 4600/8849/62 5119/9925/62 4602/8851/62
f 4587/9922/62 4589/8838/62 5122/9927/62
f 5122/9927/62 4589/8838/62 5123/9928/62
f 5114/9914/62 4600/9926/62 4622/8872/62
f 4622/8872/62 4600/9926/62 4626/8877/62
f 5120/9921/62 4587/9922/62 4658/8934/62
f 4587/9922/62 5122/9927/62 4658/8934/62
f 5122/9929/62 5123/9930/62 4673/8965/62
f 4658/8934/62 5122/9927/62 4673/8956/62
f 5123/9928/62 4589/8838/62 4678/8973/62
f 4673/8965/62 5123/9930/62 4678/8968/62
f 4678/8973/62 4589/8838/62 4682/8974/62
f 4592/8841/62 4593/9923/62 4692/8990/62
f 4593/9923/62 5099/9876/62 4701/9001/62
f 4692/8990/62 4593/9923/62 4701/9001/62
f 4416/8654/62 4418/8656/62 5124/9931/62
f 5124/9931/62 4418/8656/62 5125/9932/62
f 5125/9932/62 4418/8656/62 5126/9933/62
f 4420/8658/62 4422/8660/62 5127/9934/62
f 5127/9934/62 4422/8660/62 5128/9935/62
f 5128/9935/62 4422/8660/62 5129/9936/62
f 5127/9937/62 5128/9938/62 5130/9939/62
f 5128/9940/62 5129/9941/62 5130/9942/62
f 5129/9936/62 4422/8660/62 5131/9943/62
f 5130/9942/62 5129/9941/62 5131/9944/62
f 4416/8654/62 5124/9931/62 5132/9945/62
f 5124/9946/62 5125/9947/62 5132/9948/62
f 5125/9949/62 5126/9950/62 5133/9951/62
f 5132/9948/62 5125/9947/62 5133/9952/62
f 5126/9933/62 4418/8656/62 5134/9953/62
f 5133/9951/62 5126/9950/62 5134/9954/62
f 5130/9939/62 5131/9955/62 5135/9956/62
f 4420/8658/62 5127/9934/62 5135/9957/62
f 5127/9937/62 5130/9939/62 5135/9956/62
f 5131/9943/62 4422/8660/62 5136/9958/62
f 5135/9956/62 5131/9955/62 5136/9959/62
f 5132/9945/62 5133/9960/62 5137/9961/62
f 4416/8654/62 5132/9945/62 5137/9961/62
f 5133/9960/62 5134/9953/62 5137/9961/62
f 5134/9953/62 4418/8656/62 5138/9962/62
f 5137/9961/62 5134/9953/62 5138/9962/62
f 4420/8658/62 5135/9957/62 5139/9963/62
f 5135/9957/62 5136/9958/62 5139/9963/62
f 5139/9963/62 5136/9958/62 5140/9964/62
f 5136/9958/62 4422/8660/62 5141/9965/62
f 5140/9964/62 5136/9958/62 5141/9965/62
f 5137/9966/62 5138/9967/62 5142/9968/62
f 5138/9962/62 4418/8656/62 5143/9969/62
f 5142/9968/62 5138/9967/62 5143/9970/62
f 5137/9966/62 5142/9968/62 5144/9971/62
f 5142/9972/62 5143/9973/62 5144/9974/62
f 5143/9969/62 4418/8656/62 5145/9975/62
f 5144/9974/62 5143/9973/62 5145/9976/62
f 5137/9966/62 5144/9971/62 5146/9977/62
f 4416/8654/62 5137/9961/62 5146/9978/62
f 5144/9971/62 5145/9979/62 5146/9977/62
f 5145/9975/62 4418/8656/62 5147/9980/62
f 5146/9977/62 5145/9979/62 5147/9981/62
f 5139/9982/62 5140/9983/62 5148/9984/62
f 4420/8658/62 5139/9963/62 5148/9985/62
f 5140/9986/62 5141/9987/62 5149/9988/62
f 5148/9984/62 5140/9983/62 5149/9989/62
f 5141/9965/62 4422/8660/62 5150/9990/62
f 5149/9988/62 5141/9987/62 5150/9991/62
f 4416/8654/62 5146/9978/62 4544/8791/62
f 5146/9978/62 5147/9980/62 4544/8791/62
f 5147/9980/62 4418/8656/62 4546/8793/62
f 4544/8791/62 5147/9980/62 4546/8793/62
f 4420/8658/62 5148/9985/62 4548/8795/62
f 5148/9985/62 5149/9992/62 4548/8795/62
f 5149/9992/62 5150/9990/62 4548/8795/62
f 5150/9990/62 4422/8660/62 4552/8799/62
f 4548/8795/62 5150/9990/62 4552/8799/62
f 4459/8697/62 4461/8699/62 5151/9993/62
f 5151/9993/62 4461/8699/62 5152/9994/62
f 5152/9994/62 4461/8699/62 5153/9995/62
f 4463/8701/62 4465/8703/62 5154/9996/62
f 5154/9996/62 4465/8703/62 5155/9997/62
f 5151/9998/62 5152/9999/62 5156/10000/62
f 5152/10001/62 5153/10002/62 5157/10003/62
f 5156/10000/62 5152/9999/62 5157/10004/62
f 5154/10005/62 5155/10006/62 5158/10007/62
f 5155/9997/62 4465/8703/62 5159/10008/62
f 5158/10007/62 5155/10006/62 5159/10009/62
f 5151/9998/62 5156/10000/62 5160/10010/62
f 5156/10011/62 5157/10003/62 5160/10012/62
f 5153/9995/62 4461/8699/62 5161/10013/62
f 5160/10012/62 5157/10003/62 5161/10014/62
f 5157/10003/62 5153/10002/62 5161/10014/62
f 5151/9998/62 5160/10010/62 5162/10015/62
f 4459/8697/62 5151/9993/62 5162/10016/62
f 5160/10010/62 5161/10017/62 5162/10015/62
f 5161/10013/62 4461/8699/62 5163/10018/62
f 5162/10015/62 5161/10017/62 5163/10019/62
f 5154/10005/62 5158/10007/62 5164/10020/62
f 4463/8701/62 5154/9996/62 5164/10021/62
f 5158/10022/62 5159/10023/62 5165/10024/62
f 5164/10020/62 5158/10007/62 5165/10025/62
f 5159/10008/62 4465/8703/62 5166/10026/62
f 5165/10024/62 5159/10023/62 5166/10027/62
f 4459/8697/62 5162/10016/62 5167/10028/62
f 5162/10016/62 5163/10018/62 5167/10028/62
f 5167/10028/62 5163/10018/62 5168/10029/62
f 5163/10018/62 4461/8699/62 5169/10030/62
f 5168/10029/62 5163/10018/62 5169/10030/62
f 4463/8701/62 5164/10021/62 5170/10031/62
f 5164/10021/62 5165/10032/62 5170/10031/62
f 5165/10032/62 5166/10026/62 5170/10031/62
f 5166/10026/62 4465/8703/62 5171/10033/62
f 5170/10031/62 5166/10026/62 5171/10033/62
f 5170/10034/62 5171/10035/62 5172/10036/62
f 5171/10033/62 4465/8703/62 5173/10037/62
f 5172/10036/62 5171/10035/62 5173/10038/62
f 5167/10039/62 5168/10040/62 5174/10041/62
f 4459/8697/62 5167/10028/62 5174/10042/62
f 5168/10043/62 5169/10044/62 5175/10045/62
f 5174/10041/62 5168/10040/62 5175/10046/62
f 5169/10030/62 4461/8699/62 5176/10047/62
f 5175/10045/62 5169/10044/62 5176/10048/62
f 4463/8701/62 5170/10031/62 5177/10049/62
f 5170/10034/62 5172/10036/62 5177/10050/62
f 5172/10051/62 5173/10052/62 5178/10053/62
f 5177/10050/62 5172/10036/62 5178/10054/62
f 5173/10037/62 4465/8703/62 5179/10055/62
f 5178/10053/62 5173/10052/62 5179/10056/62
f 5174/10042/62 5175/10057/62 4562/8809/62
f 4459/8697/62 5174/10042/62 4562/8809/62
f 5175/10057/62 5176/10047/62 4562/8809/62
f 5176/10047/62 4461/8699/62 4564/8811/62
f 4562/8809/62 5176/10047/62 4564/8811/62
f 5177/10049/62 5178/10058/62 4570/8817/62
f 5178/10058/62 5179/10055/62 4570/8817/62
f 4463/8701/62 5177/10049/62 4570/8817/62
f 5179/10055/62 4465/8703/62 4572/8819/62
f 4570/8817/62 5179/10055/62 4572/8819/62
f 4479/8717/62 4481/8719/62 5180/10059/62
f 5180/10059/62 4481/8719/62 5181/10060/62
f 5180/10061/62 5181/10062/62 5182/10063/62
f 5181/10060/62 4481/8719/62 5183/10064/62
f 5182/10063/62 5181/10062/62 5183/10065/62
f 4483/8721/62 4485/8723/62 5184/10066/62
f 5184/10066/62 4485/8723/62 5185/10067/62
f 5185/10067/62 4485/8723/62 5186/10068/62
f 5184/10069/62 5185/10070/62 5187/10071/62
f 5185/10072/62 5186/10073/62 5188/10074/62
f 5187/10071/62 5185/10070/62 5188/10075/62
f 5180/10061/62 5182/10063/62 5189/10076/62
f 5182/10077/62 5183/10078/62 5189/10079/62
f 5183/10064/62 4481/8719/62 5190/10080/62
f 5189/10079/62 5183/10078/62 5190/10081/62
f 4483/8721/62 5184/10066/62 5191/10082/62
f 5184/10069/62 5187/10071/62 5191/10083/62
f 5187/10084/62 5188/10074/62 5192/10085/62
f 5191/10083/62 5187/10071/62 5192/10086/62
f 5188/10074/62 5186/10073/62 5193/10087/62
f 5192/10085/62 5188/10074/62 5193/10087/62
f 5186/10068/62 4485/8723/62 5193/10088/62
f 5180/10061/62 5189/10076/62 5194/10089/62
f 5189/10076/62 5190/10090/62 5194/10089/62
f 5190/10080/62 4481/8719/62 5195/10091/62
f 5194/10089/62 5190/10090/62 5195/10092/62
f 5191/10082/62 5192/10093/62 5196/10094/62
f 4483/8721/62 5191/10082/62 5196/10094/62
f 5192/10093/62 5193/10088/62 5196/10094/62
f 5196/10094/62 5193/10088/62 5197/10095/62
f 5193/10088/62 4485/8723/62 5198/10096/62
f 5197/10095/62 5193/10088/62 5198/10096/62
f 4479/8717/62 5180/10059/62 5199/10097/62
f 5180/10061/62 5194/10089/62 5199/10098/62
f 5194/10099/62 5195/10100/62 5200/10101/62
f 5199/10098/62 5194/10089/62 5200/10102/62
f 5195/10091/62 4481/8719/62 5201/10103/62
f 5200/10101/62 5195/10100/62 5201/10104/62
f 5199/10097/62 5200/10105/62 5202/10106/62
f 4479/8717/62 5199/10097/62 5202/10106/62
f 5200/10105/62 5201/10103/62 5202/10106/62
f 5202/10106/62 5201/10103/62 5203/10107/62
f 5201/10103/62 4481/8719/62 5204/10108/62
f 5203/10107/62 5201/10103/62 5204/10108/62
f 4483/8721/62 5196/10094/62 5205/10109/62
f 5196/10110/62 5197/10111/62 5205/10112/62
f 5197/10113/62 5198/10114/62 5206/10115/62
f 5205/10112/62 5197/10111/62 5206/10116/62
f 5198/10096/62 4485/8723/62 5207/10117/62
f 5206/10115/62 5198/10114/62 5207/10118/62
f 5205/10109/62 5206/10119/62 4588/8835/62
f 4483/8721/62 5205/10109/62 4588/8835/62
f 5206/10119/62 5207/10117/62 4588/8835/62
f 5207/10117/62 4485/8723/62 4594/8843/62
f 4588/8835/62 5207/10117/62 4594/8843/62
f 4268/8454/62 4270/8456/62 4721/9035/62
f 4721/9035/62 4270/8456/62 4723/9037/62
f 4479/8717/62 5202/10106/62 4725/9039/62
f 5202/10120/62 5203/10121/62 4727/9044/62
f 4725/9039/62 5202/10106/62 4727/9041/62
f 5203/10122/62 5204/10123/62 4729/9049/62
f 4727/9044/62 5203/10121/62 4729/9046/62
f 5204/10108/62 4481/8719/62 4731/9053/62
f 4729/9049/62 5204/10123/62 4731/9051/62
f 4731/9053/62 4481/8719/62 4733/9054/62
f 4309/8528/62 4311/8530/62 4751/9080/62
f 4751/9080/62 4311/8530/62 4753/9082/62
f 4428/8666/64 4553/8800/64 4429/8667/64
f 4554/8801/64 4553/8800/64 4428/8666/64
f 4392/8630/64 4428/8666/64 4393/8631/64
f 4392/8630/64 4595/8844/64 4554/8801/64
f 4392/8630/64 4554/8801/64 4428/8666/64
f 4596/8845/64 4595/8844/64 4392/8630/64
f 5208/10124/64 4427/9101/64 4269/8455/64
f 4430/10125/64 4427/9101/64 5208/10124/64
f 4541/10126/64 4720/9034/64 4540/9103/64
f 5209/10127/64 4720/9034/64 4541/10126/64
f 4391/10128/64 4430/10129/64 5208/10130/64
f 4431/10131/64 4430/10129/64 4391/10128/64
f 4542/10132/64 5209/10133/64 4541/10134/64
f 4597/10135/64 5209/10133/64 4542/10132/64
f 4394/10136/64 4391/10128/64 5208/10130/64
f 4598/10137/64 5209/10133/64 4597/10135/64
f 5210/10138/64 5208/10124/64 4269/8455/64
f 5210/10139/64 4598/10137/64 4394/10136/64
f 5210/10139/64 4394/10136/64 5208/10130/64
f 5211/10140/64 4720/9034/64 5209/10127/64
f 5211/10141/64 4598/10137/64 5210/10139/64
f 5211/10141/64 5209/10133/64 4598/10137/64
f 4268/8454/64 5210/10138/64 4269/8455/64
f 4268/8454/64 5211/10140/64 5210/10138/64
f 4721/9035/64 4720/9034/64 5211/10140/64
f 4721/9035/64 5211/10140/64 4268/8454/64
f 4451/8689/64 4557/8804/64 4452/8690/64
f 4875/10142/64 4557/8804/64 4451/8689/64
f 4881/10143/64 4557/8804/64 4875/10142/64
f 4558/8805/64 4557/8804/64 4881/10143/64
f 4471/8709/64 4577/8824/64 4472/8710/64
f 4891/10144/64 4577/8824/64 4471/8709/64
f 4893/10145/64 4577/8824/64 4891/10144/64
f 4578/8825/64 4577/8824/64 4893/10145/64
f 4336/8565/64 4395/9270/64 4343/8566/64
f 4398/10146/64 4395/9270/64 4336/8565/64
f 4272/8458/64 4338/9485/64 4273/8459/64
f 4339/9767/64 4338/9485/64 4272/8458/64
f 4602/10147/64 4632/8898/64 4601/10148/64
f 5212/10149/64 4724/9038/64 4632/9636/64
f 5212/10150/64 4632/8898/64 4602/10147/64
f 4416/8654/64 4543/8790/64 4417/8655/64
f 4544/8791/64 4543/8790/64 4416/8654/64
f 4459/8697/64 4561/8808/64 4460/8698/64
f 4562/8809/64 4561/8808/64 4459/8697/64
f 4479/8717/64 5119/10151/64 4480/8718/64
f 4479/8717/64 4602/10152/64 5119/10151/64
f 4479/8717/64 5212/10149/64 4602/10152/64
f 4725/9039/64 4724/9038/64 5212/10149/64
f 4725/9039/64 5212/10149/64 4479/8717/64
f 4347/8572/64 4399/8637/64 4345/8570/64
f 4402/8640/64 4399/8637/64 4347/8572/64
f 4352/8578/64 4403/8641/64 4349/8574/64
f 4406/8644/64 4403/8641/64 4352/8578/64
f 4435/8673/64 4520/8766/64 4436/8674/64
f 4521/8767/64 4520/8766/64 4435/8673/64
f 4443/8681/64 4446/8684/64 4444/8682/64
f 4449/8687/64 4446/8684/64 4443/8681/64
f 4439/8677/64 4442/8680/64 4440/8678/64
f 4445/8683/64 4442/8680/64 4439/8677/64
f 4606/8855/64 4660/8936/64 4605/8854/64
f 4654/8930/64 4660/8936/64 4606/8855/64
f 4610/8859/64 4657/8933/64 4609/8858/64
f 4659/8935/64 4657/8933/64 4610/8859/64
f 4455/8693/64 4565/8812/64 4456/8694/64
f 4566/8813/64 4565/8812/64 4455/8693/64
f 4475/8713/64 4583/8830/64 4476/8714/64
f 4584/8831/64 4583/8830/64 4475/8713/64
f 4359/8589/64 4407/8645/64 4363/8593/64
f 4410/8648/64 4407/8645/64 4359/8589/64
f 4665/9732/64 4734/9055/64 4664/9587/64
f 4735/9056/64 4734/9055/64 4665/9732/64
f 4289/8492/64 4360/9487/64 4290/8493/64
f 4361/9769/64 4360/9487/64 4289/8492/64
f 4420/8658/64 4547/8794/64 4421/8659/64
f 4548/8795/64 4547/8794/64 4420/8658/64
f 4463/8701/64 4569/8816/64 4464/8702/64
f 4570/8817/64 4569/8816/64 4463/8701/64
f 4483/8721/64 4587/8834/64 4484/8722/64
f 4588/8835/64 4587/8834/64 4483/8721/64
f 4614/8863/64 4674/8957/64 4613/8862/64
f 4669/8952/64 4674/8957/64 4614/8863/64
f 4576/8823/64 4466/8704/64 4575/8822/64
f 4469/8707/64 4466/8704/64 4576/8823/64
f 4367/8597/64 4411/8649/64 4371/8604/64
f 4414/8652/64 4411/8649/64 4367/8597/64
f 4592/8841/64 4687/8982/64 4591/8839/64
f 4692/8990/64 4687/8982/64 4592/8841/64
f 4373/10153/64 4746/9075/64 4306/8525/64
f 4845/10154/64 4746/9075/64 4373/10153/64
f 4852/10155/64 4746/9075/64 4845/10154/64
f 4877/10156/64 4746/9075/64 4852/10155/64
f 4879/10157/64 4746/9075/64 4877/10156/64
f 4895/10158/64 4746/9075/64 4879/10157/64
f 4897/10159/64 4746/9075/64 4895/10158/64
f 4617/10160/64 4746/9075/64 4897/10159/64
f 5213/10161/64 4746/9075/64 4617/10160/64
f 4618/10162/64 5213/10163/64 4617/10164/64
f 4695/10165/64 4746/9075/64 5213/10161/64
f 4695/10166/64 5213/10163/64 4618/10162/64
f 4305/8524/64 4373/10153/64 4306/8525/64
f 4374/9637/64 4373/10153/64 4305/8524/64
f 4696/9638/64 4746/9075/64 4695/10165/64
f 4747/9076/64 4746/9075/64 4696/9638/64
f 4378/10167/64 4377/9631/64 4310/8529/64
f 4701/10168/64 4750/9079/64 4700/9634/64
f 4309/8528/64 5099/10169/64 5097/10170/64
f 4309/8528/64 4701/10168/64 5099/10169/64
f 4309/8528/64 4378/10167/64 4310/8529/64
f 4309/8528/64 5097/10170/64 4378/10167/64
f 4751/9080/64 4750/9079/64 4701/10168/64
f 4751/9080/64 4701/10168/64 4309/8528/64
f 4313/8532/64 4379/9444/64 4307/8526/64
f 4380/9639/64 4379/9444/64 4313/8532/64
f 4703/9640/64 4749/9078/64 4702/9484/64
f 4754/9083/64 4749/9078/64 4703/9640/64
f 4308/8527/64 4383/9627/64 4316/8535/64
f 4384/9632/64 4383/9627/64 4308/8527/64
f 4707/9633/64 4756/9085/64 4706/9630/64
f 4752/9081/64 4756/9085/64 4707/9633/64
f 4319/8538/64 4385/9489/64 4314/8533/64
f 4386/9641/64 4385/9489/64 4319/8538/64
f 4708/9642/64 4755/9084/64 4499/8744/64
f 4758/9087/64 4755/9084/64 4708/9642/64
f 4315/8534/64 4387/9622/64 4322/8541/64
f 4388/9628/64 4387/9622/64 4315/8534/64
f 4711/9629/64 4762/9091/64 4710/9624/64
f 4757/9086/64 4762/9091/64 4711/9629/64
f 4321/8540/64 4389/9538/64 4320/8539/64
f 4390/9623/64 4389/9538/64 4321/8540/64
f 4511/8756/64 4761/9090/64 4507/8752/64
f 4763/9092/64 4761/9090/64 4511/8756/64
f 4537/8784/65 4555/8802/65 4538/8785/65
f 4538/8785/65 4555/8802/65 4556/8803/65
f 4533/8780/65 4539/8786/65 4534/8781/65
f 4534/8781/65 4539/8786/65 4540/8787/65
f 4524/8770/65 4535/8782/65 4525/8771/65
f 4525/8771/65 4535/8782/65 4529/10171/65
f 4529/10171/65 4535/8782/65 4536/8783/65
f 4267/8453/65 4425/8663/65 4332/10172/65
f 4332/10172/65 4425/8663/65 4424/8662/65
f 4529/10171/65 4536/8783/65 4530/10173/65
f 4536/9104/65 4722/9036/65 4863/10174/65
f 4530/10173/65 4536/8783/65 4863/10175/65
f 4863/10174/65 4722/9036/65 4882/10176/65
f 4882/10176/65 4722/9036/65 4884/10177/65
f 4884/10177/65 4722/9036/65 4902/10178/65
f 4902/10178/65 4722/9036/65 4619/10179/65
f 4619/10179/65 4722/9036/65 4620/10180/65
f 4267/8453/65 4332/10172/65 4331/10181/65
f 4620/10180/65 4722/9036/65 4622/10182/65
f 5112/10183/65 5114/10184/65 4270/8456/65
f 5114/10184/65 4622/10182/65 4270/8456/65
f 4267/8453/65 4331/10181/65 4270/8456/65
f 4331/10181/65 5086/10185/65 4270/8456/65
f 5088/10186/65 5112/10183/65 4270/8456/65
f 5086/10185/65 5088/10186/65 4270/8456/65
f 4622/10182/65 4722/9036/65 4723/9037/65
f 4270/8456/65 4622/10182/65 4723/9037/65
f 4432/8670/65 4526/8772/65 4433/8671/65
f 4433/8671/65 4526/8772/65 4448/8773/65
f 4433/8671/65 4448/8773/65 4519/10187/65
f 4519/10187/65 4448/8773/65 4447/10188/65
f 4330/8549/65 4397/8635/65 4333/8552/65
f 4333/8552/65 4397/8635/65 4396/8634/65
f 4599/10189/65 4625/8876/65 4600/9926/65
f 4600/9926/65 4625/8876/65 4626/8877/65
f 4340/8559/65 4401/10190/65 4341/8563/65
f 4341/8563/65 4401/10190/65 4400/9815/65
f 4346/8571/65 4405/8643/65 4348/8573/65
f 4348/8573/65 4405/8643/65 4404/8642/65
f 4423/8661/65 4436/8674/65 4426/8664/65
f 4426/8664/65 4436/8674/65 4435/8673/65
f 4446/8684/65 4531/8778/65 4449/8687/65
f 4449/8687/65 4531/8778/65 4532/8779/65
f 4450/8688/65 4559/8806/65 4453/8691/65
f 4453/8691/65 4559/8806/65 4560/8807/65
f 4470/8708/65 4581/8828/65 4473/8711/65
f 4473/8711/65 4581/8828/65 4582/8829/65
f 4603/8852/65 4649/8925/65 4604/8853/65
f 4604/8853/65 4649/8925/65 4650/8926/65
f 4286/8488/65 4350/9486/65 4354/10191/65
f 4286/8488/65 4354/10191/65 4357/10192/65
f 4607/8856/65 4651/8927/65 4608/8857/65
f 4608/8857/65 4651/8927/65 4652/8928/65
f 4286/8488/65 4357/10192/65 4287/8490/65
f 4287/8490/65 4357/10192/65 4351/9768/65
f 4653/9635/65 4732/9052/65 4658/10193/65
f 4415/8653/65 4545/8792/65 4418/8656/65
f 4418/8656/65 4545/8792/65 4546/8793/65
f 4458/8696/65 4563/8810/65 4461/8699/65
f 4461/8699/65 4563/8810/65 4564/8811/65
f 5116/10194/65 5120/10195/65 4481/8719/65
f 5120/10195/65 4658/10193/65 4481/8719/65
f 4478/8716/65 5116/10194/65 4481/8719/65
f 4658/10193/65 4732/9052/65 4733/9054/65
f 4481/8719/65 4658/10193/65 4733/9054/65
f 4434/8672/65 4440/8678/65 4437/8675/65
f 4437/8675/65 4440/8678/65 4439/8677/65
f 4442/8680/65 4527/8774/65 4445/8683/65
f 4445/8683/65 4527/8774/65 4528/8775/65
f 4353/8579/65 4409/8647/65 4355/8581/65
f 4355/8581/65 4409/8647/65 4408/8646/65
f 4438/8676/65 4522/8768/65 4441/8679/65
f 4441/8679/65 4522/8768/65 4523/8769/65
f 4611/8860/65 4665/8945/65 4612/8861/65
f 4612/8861/65 4665/8945/65 4666/8946/65
f 4573/8820/65 4468/8706/65 4574/8821/65
f 4574/8821/65 4468/8706/65 4467/8705/65
f 4362/8592/65 4413/8651/65 4364/8594/65
f 4364/8594/65 4413/8651/65 4412/8650/65
f 4590/8837/65 4681/8972/65 4589/8838/65
f 4589/8838/65 4681/8972/65 4682/8974/65
f 4454/8692/65 4567/8814/65 4457/8695/65
f 4457/8695/65 4567/8814/65 4876/10196/65
f 4876/10196/65 4567/8814/65 4878/10197/65
f 4878/10197/65 4567/8814/65 4568/8815/65
f 4474/8712/65 4585/8832/65 4477/8715/65
f 4477/8715/65 4585/8832/65 4894/10198/65
f 4894/10198/65 4585/8832/65 4896/10199/65
f 4896/10199/65 4585/8832/65 4586/8833/65
f 4615/8864/65 4688/8984/65 4616/8865/65
f 4616/8865/65 4688/8984/65 4689/8985/65
f 4690/9586/65 4740/9065/65 4694/9621/65
f 4694/9621/65 4740/9065/65 4741/9069/65
f 4698/9689/65 4742/9070/65 4691/9733/65
f 4691/9733/65 4742/9070/65 4743/9072/65
f 4302/8521/65 4370/9488/65 4303/8522/65
f 4303/8522/65 4370/9488/65 4372/9770/65
f 4419/8657/65 4551/8798/65 4422/8660/65
f 4422/8660/65 4551/8798/65 4552/8799/65
f 4462/8700/65 4571/8818/65 4465/8703/65
f 4465/8703/65 4571/8818/65 4572/8819/65
f 4482/8720/65 4593/8842/65 4485/8723/65
f 4485/8723/65 4593/8842/65 4594/8843/65
f 4697/9620/65 4744/9073/65 4699/9690/65
f 4699/9690/65 4744/9073/65 4745/9074/65
f 4304/8523/65 4748/9077/65 5214/10200/65
f 5214/10200/65 4748/9077/65 5215/10201/65
f 5215/10201/65 4748/9077/65 5216/10202/65
f 5216/10202/65 4748/9077/65 5217/10203/65
f 5217/10203/65 4748/9077/65 5218/10204/65
f 5218/10204/65 4748/9077/65 5219/10205/65
f 5214/10206/65 5215/10207/65 5220/10208/65
f 5220/10208/65 5215/10207/65 5221/10209/65
f 5215/10210/65 5216/10211/65 5222/10212/65
f 5221/10209/65 5215/10207/65 5222/10213/65
f 5216/10214/65 5217/10215/65 5223/10216/65
f 5222/10212/65 5216/10211/65 5223/10217/65
f 5217/10218/65 5218/10219/65 5224/10220/65
f 5223/10216/65 5217/10215/65 5224/10221/65
f 5218/10222/65 5219/10223/65 5225/10224/65
f 5224/10220/65 5218/10219/65 5225/10225/65
f 4304/8523/65 5214/10200/65 4307/8526/65
f 5214/10206/65 5220/10208/65 4379/9448/65
f 4307/8526/65 5214/10200/65 4379/9444/65
f 4379/9448/65 5220/10208/65 4909/9446/65
f 4909/9446/65 5220/10208/65 4911/9456/65
f 4911/9456/65 5220/10208/65 4913/9454/65
f 5220/10226/65 5221/10227/65 4915/9458/65
f 4913/9454/65 5220/10208/65 4915/10228/65
f 4915/9458/65 5221/10227/65 4916/9461/65
f 5221/10209/65 5222/10213/65 4918/9463/65
f 4916/9461/65 5221/10227/65 4918/10229/65
f 5222/10213/65 5223/10216/65 4918/9463/65
f 5223/10216/65 5224/10221/65 4918/9463/65
f 5224/10221/65 5225/10224/65 4918/9463/65
f 4918/9463/65 5225/10224/65 4919/9466/65
f 4919/9466/65 5225/10224/65 4921/9474/65
f 4921/9474/65 5225/10224/65 4923/9472/65
f 4923/9472/65 5225/10224/65 4925/9482/65
f 5225/10224/65 5219/10223/65 4702/9480/65
f 4925/9482/65 5225/10224/65 4702/9480/65
f 5219/10205/65 4748/9077/65 4702/9484/65
f 4702/9484/65 4748/9077/65 4749/9078/65
f 4384/9781/65 5063/9783/65 5226/10230/65
f 5063/9783/65 5065/9789/65 5226/10230/65
f 5065/9789/65 5067/9791/65 5226/10230/65
f 5067/10231/65 5068/10232/65 5226/10233/65
f 5068/9792/65 5069/9793/65 5227/10234/65
f 5226/10233/65 5068/10232/65 5227/10235/65
f 5069/9793/65 5071/9799/65 5227/10234/65
f 5071/9799/65 5073/9801/65 5227/10234/65
f 5073/10236/65 5074/10237/65 5228/10238/65
f 5227/10234/65 5073/9801/65 5228/10239/65
f 5077/9809/65 4707/9811/65 5229/10240/65
f 5228/10238/65 5074/10237/65 5229/10241/65
f 5075/9803/65 5077/9809/65 5229/10240/65
f 5074/9802/65 5075/9803/65 5229/10240/65
f 4308/8527/65 4384/9632/65 5230/10242/65
f 5227/10234/65 5228/10239/65 5230/10243/65
f 5228/10239/65 5229/10240/65 5230/10243/65
f 4384/9781/65 5226/10230/65 5230/10243/65
f 5226/10230/65 5227/10234/65 5230/10243/65
f 5229/10240/65 4707/9811/65 5231/10244/65
f 5230/10243/65 5229/10240/65 5231/10244/65
f 4707/9633/65 4752/9081/65 5231/10245/65
f 4308/8527/65 5230/10242/65 4311/8530/65
f 5230/10242/65 5231/10245/65 4311/8530/65
f 5231/10245/65 4752/9081/65 4753/9082/65
f 4311/8530/65 5231/10245/65 4753/9082/65
f 4908/9447/65 4910/9449/65 5232/10246/65
f 4910/9451/65 4912/9453/65 5232/10247/65
f 4912/9455/65 4914/9457/65 5233/10248/65
f 5232/10247/65 4912/9453/65 5233/10249/65
f 5233/10248/65 4914/9457/65 5234/10250/65
f 5234/10250/65 4914/9457/65 5235/10251/65
f 4914/9459/65 4917/9462/65 5236/10252/65
f 5235/10251/65 4914/9457/65 5236/10253/65
f 4917/9464/65 4920/9467/65 5237/10254/65
f 5236/10252/65 4917/9462/65 5237/10255/65
f 5237/10254/65 4920/9467/65 5238/10256/65
f 5238/10256/65 4920/9467/65 5239/10257/65
f 5239/10257/65 4920/9467/65 5240/10258/65
f 5240/10258/65 4920/9467/65 5241/10259/65
f 4920/9469/65 4922/9471/65 5242/10260/65
f 5241/10259/65 4920/9467/65 5242/10261/65
f 5242/10260/65 4922/9471/65 5243/10262/65
f 4922/9473/65 4924/9475/65 5244/10263/65
f 5243/10262/65 4922/9471/65 5244/10264/65
f 5244/10263/65 4924/9475/65 5245/10265/65
f 4924/9477/65 4926/9479/65 5246/10266/65
f 5245/10265/65 4924/9475/65 5246/10267/65
f 4926/9481/65 4500/9483/65 5247/10268/65
f 5246/10266/65 4926/9479/65 5247/10269/65
f 5247/10268/65 4500/9483/65 5248/10270/65
f 5248/10270/65 4500/9483/65 5249/10271/65
f 4312/8531/65 4908/9445/65 4314/8533/65
f 4908/9447/65 5232/10246/65 4385/9493/65
f 4314/8533/65 4908/9445/65 4385/9489/65
f 5232/10246/65 5233/10248/65 4385/9493/65
f 5233/10249/65 5234/10272/65 4928/10273/65
f 4385/9493/65 5233/10248/65 4928/9491/65
f 4928/10273/65 5234/10272/65 4929/9498/65
f 5234/10250/65 5235/10251/65 4931/10274/65
f 4929/9498/65 5234/10272/65 4931/9496/65
f 4931/10274/65 5235/10251/65 4932/9503/65
f 5235/10275/65 5236/10252/65 4934/10276/65
f 4932/9503/65 5235/10251/65 4934/9501/65
f 5236/10253/65 5237/10254/65 4935/9504/65
f 4934/10276/65 5236/10252/65 4935/9508/65
f 5237/10254/65 5238/10256/65 4935/9504/65
f 4935/9504/65 5238/10256/65 4937/9512/65
f 5238/10277/65 5239/10278/65 4939/10279/65
f 4937/9512/65 5238/10256/65 4939/9510/65
f 4939/10279/65 5239/10278/65 4940/9517/65
f 5239/10257/65 5240/10258/65 4942/10280/65
f 4940/9517/65 5239/10278/65 4942/9515/65
f 4942/10280/65 5240/10258/65 4943/9522/65
f 5240/10281/65 5241/10282/65 4945/10283/65
f 4943/9522/65 5240/10258/65 4945/9520/65
f 5242/10261/65 5243/10284/65 4946/9523/65
f 4945/10283/65 5241/10282/65 4946/10285/65
f 5241/10259/65 5242/10261/65 4946/9523/65
f 5244/10264/65 5245/10286/65 4947/10287/65
f 4946/9523/65 5243/10284/65 4947/9524/65
f 5243/10262/65 5244/10264/65 4947/10287/65
f 5245/10265/65 5246/10267/65 4948/9525/65
f 4947/10287/65 5245/10286/65 4948/10288/65
f 5246/10267/65 5247/10268/65 4948/9525/65
f 5247/10268/65 5248/10270/65 4948/9525/65
f 4948/9525/65 5248/10270/65 4949/9526/65
f 4949/9526/65 5248/10270/65 4951/9534/65
f 5248/10289/65 5249/10290/65 4953/10291/65
f 4951/9534/65 5248/10270/65 4953/9532/65
f 5249/10271/65 4500/9483/65 4954/9535/65
f 4953/10291/65 5249/10290/65 4954/10292/65
f 4954/9535/65 4500/9483/65 4499/9536/65
f 4388/9735/65 5044/9737/65 5250/10293/65
f 5044/9737/65 5046/9743/65 5250/10293/65
f 5046/9743/65 5048/9745/65 5250/10293/65
f 5250/10293/65 5048/9745/65 5251/10294/65
f 5048/10295/65 5049/10296/65 5252/10297/65
f 5251/10294/65 5048/9745/65 5252/10298/65
f 5056/9761/65 4488/9763/65 5253/10299/65
f 5252/10297/65 5049/10296/65 5253/10300/65
f 5054/9755/65 5056/9761/65 5253/10299/65
f 5052/9753/65 5054/9755/65 5253/10299/65
f 5050/9747/65 5052/9753/65 5253/10299/65
f 5049/9746/65 5050/9747/65 5253/10299/65
f 5253/10299/65 4488/9763/65 5254/10301/65
f 5254/10301/65 4488/9763/65 5255/10302/65
f 5255/10302/65 4488/9763/65 5256/10303/65
f 5256/10303/65 4488/9763/65 5257/10304/65
f 5257/10304/65 4488/9763/65 4487/10305/65
f 4315/8534/65 4388/9628/65 4317/8536/65
f 4388/9735/65 5250/10293/65 5062/9782/65
f 4317/8536/65 4388/9628/65 5062/9780/65
f 5250/10306/65 5251/10307/65 5064/9786/65
f 5062/9782/65 5250/10293/65 5064/9784/65
f 5251/10294/65 5252/10298/65 5066/9790/65
f 5064/9786/65 5251/10307/65 5066/9788/65
f 5252/10298/65 5253/10299/65 5066/9790/65
f 5253/10299/65 5254/10301/65 5066/9790/65
f 5254/10308/65 5255/10309/65 5070/9796/65
f 5066/9790/65 5254/10301/65 5070/9794/65
f 5255/10302/65 5256/10303/65 5072/9800/65
f 5070/9796/65 5255/10309/65 5072/9798/65
f 5256/10310/65 5257/10311/65 5076/9806/65
f 5072/9800/65 5256/10303/65 5076/9804/65
f 4487/10305/65 4504/10312/65 5078/9810/65
f 5076/9806/65 5257/10311/65 5078/9808/65
f 5257/10304/65 4487/10305/65 5078/9810/65
f 5078/9810/65 4504/10312/65 4503/9812/65
f 4498/8743/65 4759/9088/65 4501/8746/65
f 4501/8746/65 4759/9088/65 4760/9089/65
f 4927/9492/65 4930/9495/65 5258/10313/65
f 4930/9497/65 4933/9500/65 5258/10314/65
f 4933/9502/65 4936/9505/65 5259/10315/65
f 5258/10314/65 4933/9500/65 5259/10316/65
f 5259/10315/65 4936/9505/65 5260/10317/65
f 4936/9507/65 4938/9509/65 5261/10318/65
f 5260/10317/65 4936/9505/65 5261/10319/65
f 5261/10318/65 4938/9509/65 5262/10320/65
f 4938/9511/65 4941/9514/65 5263/10321/65
f 5262/10320/65 4938/9509/65 5263/10322/65
f 4941/9516/65 4944/9519/65 5264/10323/65
f 5263/10321/65 4941/9514/65 5264/10324/65
f 4944/9521/65 4950/9527/65 5265/10325/65
f 5264/10323/65 4944/9519/65 5265/10326/65
f 4950/9529/65 4952/9531/65 5266/10327/65
f 5265/10325/65 4950/9527/65 5266/10328/65
f 4952/9533/65 4501/9537/65 5267/10329/65
f 5266/10327/65 4952/9531/65 5267/10330/65
f 4318/8537/65 4927/9490/65 4320/8539/65
f 4927/9492/65 5258/10313/65 4389/9542/65
f 4320/8539/65 4927/9490/65 4389/9538/65
f 5259/10315/65 5260/10317/65 4389/9542/65
f 5258/10313/65 5259/10315/65 4389/9542/65
f 4389/9542/65 5260/10317/65 4956/9540/65
f 4956/9540/65 5260/10317/65 4958/9550/65
f 5261/10318/65 5262/10320/65 4960/10331/65
f 4958/9550/65 5260/10317/65 4960/9548/65
f 5260/10332/65 5261/10318/65 4960/10331/65
f 5264/10324/65 5265/10325/65 4961/9551/65
f 4960/10331/65 5262/10320/65 4961/10333/65
f 5265/10325/65 5266/10328/65 4961/9551/65
f 5266/10328/65 5267/10329/65 4961/9551/65
f 5262/10334/65 5263/10321/65 4961/9551/65
f 5263/10321/65 5264/10324/65 4961/9551/65
f 4961/9551/65 5267/10329/65 4962/9552/65
f 4962/9552/65 5267/10329/65 4964/9560/65
f 4964/9560/65 5267/10329/65 4966/9558/65
f 4966/9558/65 5267/10329/65 4968/9568/65
f 4968/9568/65 5267/10329/65 4970/9566/65
f 4970/9566/65 5267/10329/65 4972/9576/65
f 5267/10329/65 4501/9537/65 4974/9574/65
f 4972/9576/65 5267/10329/65 4974/9574/65
f 4974/9574/65 4501/9537/65 4976/9584/65
f 4976/9584/65 4501/9537/65 4507/9582/65
f 4390/9692/65 5025/9694/65 5268/10335/65
f 5025/9694/65 5027/9700/65 5268/10335/65
f 5027/9700/65 5029/9702/65 5268/10335/65
f 5029/9702/65 5031/9708/65 5268/10335/65
f 5031/9708/65 5033/9710/65 5268/10335/65
f 5268/10335/65 5033/9710/65 5269/10336/65
f 5033/10337/65 5034/10338/65 5270/10339/65
f 5269/10336/65 5033/9710/65 5270/10340/65
f 5041/9726/65 4511/9728/65 5271/10341/65
f 5270/10339/65 5034/10338/65 5271/10342/65
f 5039/9720/65 5041/9726/65 5271/10341/65
f 5037/9718/65 5039/9720/65 5271/10341/65
f 5035/9712/65 5037/9718/65 5271/10341/65
f 5034/9711/65 5035/9712/65 5271/10341/65
f 5271/10341/65 4511/9728/65 5272/10343/65
f 5272/10343/65 4511/9728/65 5273/10344/65
f 5273/10344/65 4511/9728/65 5274/10345/65
f 5274/10345/65 4511/9728/65 5275/10346/65
f 5275/10346/65 4511/9728/65 4491/10347/65
f 4491/10347/65 4511/9728/65 4510/10348/65
f 4321/8540/65 4390/9623/65 4323/8542/65
f 4390/9692/65 5268/10335/65 5043/9736/65
f 4323/8542/65 4390/9623/65 5043/9734/65
f 5268/10349/65 5269/10350/65 5045/9740/65
f 5043/9736/65 5268/10335/65 5045/9738/65
f 5269/10336/65 5270/10340/65 5047/9744/65
f 5045/9740/65 5269/10350/65 5047/9742/65
f 5270/10340/65 5271/10341/65 5047/9744/65
f 5271/10341/65 5272/10343/65 5047/9744/65
f 5272/10351/65 5273/10352/65 5051/9750/65
f 5047/9744/65 5272/10343/65 5051/9748/65
f 5273/10344/65 5274/10345/65 5053/9754/65
f 5051/9750/65 5273/10352/65 5053/9752/65
f 5274/10353/65 5275/10354/65 5055/9758/65
f 5053/9754/65 5274/10345/65 5055/9756/65
f 5275/10346/65 4491/10347/65 5057/9762/65
f 5055/9758/65 5275/10354/65 5057/9760/65
f 5057/9762/65 4491/10347/65 4486/9764/65
f 4712/9765/65 4764/9093/65 4502/8747/65
f 4502/8747/65 4764/9093/65 4505/8750/65
f 4505/8750/65 4764/9093/65 4765/9094/65
f 4506/8751/65 4766/9095/65 4508/8753/65
f 4508/8753/65 4766/9095/65 4767/9096/65
f 4324/8543/65 4955/9539/65 4325/8544/65
f 4955/9541/65 4957/9543/65 4978/9592/65
f 4325/8544/65 4955/9539/65 4978/9588/65
f 4957/9545/65 4959/9547/65 4980/10355/65
f 4978/9592/65 4957/9543/65 4980/9590/65
f 4959/9549/65 4963/9553/65 4981/9593/65
f 4980/10355/65 4959/9547/65 4981/10356/65
f 4981/9593/65 4963/9553/65 4982/9594/65
f 4982/9594/65 4963/9553/65 4984/9602/65
f 4963/9555/65 4965/9557/65 4986/10357/65
f 4984/9602/65 4963/9553/65 4986/9600/65
f 4965/9559/65 4967/9561/65 4987/9603/65
f 4986/10357/65 4965/9557/65 4987/10358/65
f 4967/9563/65 4969/9565/65 4988/10359/65
f 4987/9603/65 4967/9561/65 4988/9604/65
f 4969/9567/65 4971/9569/65 4989/9605/65
f 4988/10359/65 4969/9565/65 4989/10360/65
f 4989/9605/65 4971/9569/65 4990/9606/65
f 4990/9606/65 4971/9569/65 4992/9614/65
f 4971/9571/65 4973/9573/65 4994/10361/65
f 4992/9614/65 4971/9569/65 4994/9612/65
f 4973/9575/65 4975/9577/65 4995/9615/65
f 4994/10361/65 4973/9573/65 4995/10362/65
f 4975/9579/65 4977/9581/65 4996/10363/65
f 4995/9615/65 4975/9577/65 4996/9616/65
f 4977/9583/65 4508/9585/65 4997/9617/65
f 4996/10363/65 4977/9581/65 4997/10364/65
f 4997/9617/65 4508/9585/65 4514/9618/65
f 4326/8545/65 4998/9643/65 4327/8546/65
f 4998/9645/65 5000/9647/65 5024/9693/65
f 4327/8546/65 4998/9643/65 5024/9691/65
f 5000/9647/65 5002/9653/65 5024/9693/65
f 5002/9653/65 5004/9655/65 5024/9693/65
f 5004/10365/65 5005/10366/65 5026/9697/65
f 5024/9693/65 5004/9655/65 5026/9695/65
f 5005/9656/65 5006/9657/65 5028/9701/65
f 5026/9697/65 5005/10366/65 5028/9699/65
f 5006/10367/65 5007/10368/65 5030/9705/65
f 5028/9701/65 5006/9657/65 5030/9703/65
f 5007/9658/65 5008/9659/65 5032/9709/65
f 5030/9705/65 5007/10368/65 5032/9707/65
f 5008/9659/65 5010/9665/65 5032/9709/65
f 5010/9665/65 5012/9667/65 5032/9709/65
f 5012/9667/65 5014/9673/65 5032/9709/65
f 5014/9673/65 5016/9675/65 5032/9709/65
f 5016/10369/65 5017/10370/65 5036/9715/65
f 5032/9709/65 5016/9675/65 5036/9713/65
f 5020/9683/65 5022/9685/65 5038/9719/65
f 5036/9715/65 5017/10370/65 5038/9717/65
f 5018/9677/65 5020/9683/65 5038/9719/65
f 5017/9676/65 5018/9677/65 5038/9719/65
f 5022/10371/65 5023/10372/65 5040/9723/65
f 5038/9719/65 5022/9685/65 5040/9721/65
f 5023/9686/65 4517/9687/65 5042/9727/65
f 5040/9723/65 5023/10372/65 5042/9725/65
f 5042/9727/65 4517/9687/65 4509/9729/65
f 4509/8754/65 4768/9097/65 4512/8757/65
f 4512/8757/65 4768/9097/65 4713/9766/65
f 4713/9766/65 4768/9097/65 4769/9098/65
f 4513/8758/65 4770/9099/65 4515/8760/65
f 4979/9591/65 4983/9595/65 5276/10373/65
f 5276/10373/65 4983/9595/65 5277/10374/65
f 4983/9597/65 4985/9599/65 5278/10375/65
f 5277/10374/65 4983/9595/65 5278/10376/65
f 4985/9601/65 4991/9607/65 5279/10377/65
f 5278/10375/65 4985/9599/65 5279/10378/65
f 5279/10377/65 4991/9607/65 5280/10379/65
f 5280/10379/65 4991/9607/65 5281/10380/65
f 5281/10380/65 4991/9607/65 5282/10381/65
f 5282/10381/65 4991/9607/65 5283/10382/65
f 4991/9609/65 4993/9611/65 5284/10383/65
f 5283/10382/65 4991/9607/65 5284/10384/65
f 4993/9613/65 4515/9619/65 5285/10385/65
f 5284/10383/65 4993/9611/65 5285/10386/65
f 5285/10385/65 4515/9619/65 5286/10387/65
f 5286/10387/65 4515/9619/65 5287/10388/65
f 4328/8547/65 4979/9589/65 4329/8548/65
f 4979/9591/65 5276/10373/65 4999/9646/65
f 4329/8548/65 4979/9589/65 4999/9644/65
f 5276/10389/65 5277/10390/65 5001/9650/65
f 4999/9646/65 5276/10373/65 5001/9648/65
f 5277/10374/65 5278/10376/65 5003/9654/65
f 5001/9650/65 5277/10390/65 5003/9652/65
f 5278/10376/65 5279/10377/65 5003/9654/65
f 5279/10377/65 5280/10379/65 5003/9654/65
f 5280/10391/65 5281/10392/65 5009/9662/65
f 5003/9654/65 5280/10379/65 5009/9660/65
f 5281/10380/65 5282/10381/65 5011/9666/65
f 5009/9662/65 5281/10392/65 5011/9664/65
f 5282/10393/65 5283/10394/65 5013/9670/65
f 5011/9666/65 5282/10381/65 5013/9668/65
f 5283/10382/65 5284/10384/65 5015/9674/65
f 5013/9670/65 5283/10394/65 5015/9672/65
f 5285/10385/65 5286/10387/65 5015/9674/65
f 5284/10384/65 5285/10385/65 5015/9674/65
f 5286/10395/65 5287/10396/65 5019/9680/65
f 5015/9674/65 5286/10387/65 5019/9678/65
f 5287/10388/65 4515/9619/65 5021/9684/65
f 5019/9680/65 5287/10396/65 5021/9682/65
f 4515/8760/65 4770/9099/65 4516/8761/65
f 5021/9684/65 4515/9619/65 4516/9688/65
f 4516/8761/65 4770/9099/65 4518/8763/65
f 4518/8763/65 4770/9099/65 4771/9100/65
f 4496/8740/65 4717/9029/65 5288/10397/65
f 5288/10397/65 4717/9029/65 4718/9032/65
f 4496/8740/65 5288/10397/65 4497/8742/65
f 5288/10398/65 4718/9031/65 5061/9779/65
f 4497/8742/65 5288/10397/65 5061/9776/65
f 5061/9779/65 4718/9031/65 4719/9033/65
