# Export of Cubik Model: Cubik Model
# Designed by Gamerkm with Cubik Studio - https://cubik.studio
# from Cubik OBJ Exporter v1.0
mtllib CubikModel.mtl
v -11 17 -11.5 1 1 1
v -5 17 -11.5 1 1 1
v -5 17 -4.5 1 1 1
v -11 17 -4.5 1 1 1
v -5 21 -11.5 1 1 1
v -11 21 -11.5 1 1 1
v -11 21 -4.5 1 1 1
v -5 21 -4.5 1 1 1
v -5 21 -4.5 1 1 1
v -11 21 -4.5 1 1 1
v -11 17 -4.5 1 1 1
v -5 17 -4.5 1 1 1
v -11 21 -11.5 1 1 1
v -5 21 -11.5 1 1 1
v -5 17 -11.5 1 1 1
v -11 17 -11.5 1 1 1
v -5 21 -11.5 1 1 1
v -5 21 -4.5 1 1 1
v -5 17 -4.5 1 1 1
v -5 17 -11.5 1 1 1
v -11 21 -4.5 1 1 1
v -11 21 -11.5 1 1 1
v -11 17 -11.5 1 1 1
v -11 17 -4.5 1 1 1
vn 0 -1 0
vn 0 1 0
vn 0 0 1
vn 0 0 -1
vn 1 0 0
vn -1 0 0
vt 0.703125 0.1796875
vt 0.609375 0.1796875
vt 0.609375 0.0703125
vt 0.703125 0.0703125
vt 0.703125 0.078125
vt 0.609375 0.078125
vt 0.609375 0.015625
vt 0.703125 0.015625
vt 0.7109375 0.078125
vt 0.6015625 0.078125
vt 0.6015625 0.015625
vt 0.7109375 0.015625
v -7.5 13.5 -8.5 1 1 1
v -7 13.5 -8.5 1 1 1
v -7 13.5 -7.5 1 1 1
v -7.5 13.5 -7.5 1 1 1
v -7 14 -8.5 1 1 1
v -7.5 14 -8.5 1 1 1
v -7.5 14 -7.5 1 1 1
v -7 14 -7.5 1 1 1
v -7 14 -7.5 1 1 1
v -7.5 14 -7.5 1 1 1
v -7.5 13.5 -7.5 1 1 1
v -7 13.5 -7.5 1 1 1
v -7.5 14 -8.5 1 1 1
v -7 14 -8.5 1 1 1
v -7 13.5 -8.5 1 1 1
v -7.5 13.5 -8.5 1 1 1
v -7 14 -8.5 1 1 1
v -7 14 -7.5 1 1 1
v -7 13.5 -7.5 1 1 1
v -7 13.5 -8.5 1 1 1
v -7.5 14 -7.5 1 1 1
v -7.5 14 -8.5 1 1 1
v -7.5 13.5 -8.5 1 1 1
v -7.5 13.5 -7.5 1 1 1
vt 0.6484375 0.1328125
vt 0.640625 0.1328125
vt 0.640625 0.1171875
vt 0.6484375 0.1171875
vt 0.671875 0.21875
vt 0.6640625 0.21875
vt 0.6640625 0.2109375
vt 0.671875 0.2109375
vt 0.6484375 0.21875
vt 0.640625 0.21875
vt 0.640625 0.2109375
vt 0.6484375 0.2109375
v -8.5 13 -7.5 1 1 1
v -7.5 13 -7.5 1 1 1
v -7.5 13 -7 1 1 1
v -8.5 13 -7 1 1 1
v -7.5 13.5 -7.5 1 1 1
v -8.5 13.5 -7.5 1 1 1
v -8.5 13.5 -7 1 1 1
v -7.5 13.5 -7 1 1 1
v -7.5 13.5 -7 1 1 1
v -8.5 13.5 -7 1 1 1
v -8.5 13 -7 1 1 1
v -7.5 13 -7 1 1 1
v -8.5 13.5 -7.5 1 1 1
v -7.5 13.5 -7.5 1 1 1
v -7.5 13 -7.5 1 1 1
v -8.5 13 -7.5 1 1 1
v -7.5 13.5 -7.5 1 1 1
v -7.5 13.5 -7 1 1 1
v -7.5 13 -7 1 1 1
v -7.5 13 -7.5 1 1 1
v -8.5 13.5 -7 1 1 1
v -8.5 13.5 -7.5 1 1 1
v -8.5 13 -7.5 1 1 1
v -8.5 13 -7 1 1 1
vt 0.6640625 0.1171875
vt 0.6484375 0.109375
vt 0.6640625 0.109375
vt 0.6640625 0.1328125
vt 0.6640625 0.140625
vt 0.6484375 0.140625
vt 0.6484375 0.203125
vt 0.6640625 0.203125
vt 0.640625 0.203125
vt 0.671875 0.203125
v -9 13.5 -8.5 1 1 1
v -8.5 13.5 -8.5 1 1 1
v -8.5 13.5 -7.5 1 1 1
v -9 13.5 -7.5 1 1 1
v -8.5 14 -8.5 1 1 1
v -9 14 -8.5 1 1 1
v -9 14 -7.5 1 1 1
v -8.5 14 -7.5 1 1 1
v -8.5 14 -7.5 1 1 1
v -9 14 -7.5 1 1 1
v -9 13.5 -7.5 1 1 1
v -8.5 13.5 -7.5 1 1 1
v -9 14 -8.5 1 1 1
v -8.5 14 -8.5 1 1 1
v -8.5 13.5 -8.5 1 1 1
v -9 13.5 -8.5 1 1 1
v -8.5 14 -8.5 1 1 1
v -8.5 14 -7.5 1 1 1
v -8.5 13.5 -7.5 1 1 1
v -8.5 13.5 -8.5 1 1 1
v -9 14 -7.5 1 1 1
v -9 14 -8.5 1 1 1
v -9 13.5 -8.5 1 1 1
v -9 13.5 -7.5 1 1 1
vt 0.671875 0.1328125
vt 0.671875 0.1171875
v -8.5 13 -9 1 1 1
v -7.5 13 -9 1 1 1
v -7.5 13 -8.5 1 1 1
v -8.5 13 -8.5 1 1 1
v -7.5 13.5 -9 1 1 1
v -8.5 13.5 -9 1 1 1
v -8.5 13.5 -8.5 1 1 1
v -7.5 13.5 -8.5 1 1 1
v -7.5 13.5 -8.5 1 1 1
v -8.5 13.5 -8.5 1 1 1
v -8.5 13 -8.5 1 1 1
v -7.5 13 -8.5 1 1 1
v -8.5 13.5 -9 1 1 1
v -7.5 13.5 -9 1 1 1
v -7.5 13 -9 1 1 1
v -8.5 13 -9 1 1 1
v -7.5 13.5 -9 1 1 1
v -7.5 13.5 -8.5 1 1 1
v -7.5 13 -8.5 1 1 1
v -7.5 13 -9 1 1 1
v -8.5 13.5 -8.5 1 1 1
v -8.5 13.5 -9 1 1 1
v -8.5 13 -9 1 1 1
v -8.5 13 -8.5 1 1 1
v -8.5 13.5 -9 1 1 1
v -7.5 13.5 -9 1 1 1
v -7.5 13.5 -8.5 1 1 1
v -8.5 13.5 -8.5 1 1 1
v -7.5 15 -9 1 1 1
v -8.5 15 -9 1 1 1
v -8.5 15 -8.5 1 1 1
v -7.5 15 -8.5 1 1 1
v -7.5 15 -8.5 1 1 1
v -8.5 15 -8.5 1 1 1
v -8.5 13.5 -8.5 1 1 1
v -7.5 13.5 -8.5 1 1 1
v -8.5 15 -9 1 1 1
v -7.5 15 -9 1 1 1
v -7.5 13.5 -9 1 1 1
v -8.5 13.5 -9 1 1 1
v -7.5 15 -9 1 1 1
v -7.5 15 -8.5 1 1 1
v -7.5 13.5 -8.5 1 1 1
v -7.5 13.5 -9 1 1 1
v -8.5 15 -8.5 1 1 1
v -8.5 15 -9 1 1 1
v -8.5 13.5 -9 1 1 1
v -8.5 13.5 -8.5 1 1 1
vt 0.1328125 0.40625
vt 0.1171875 0.40625
vt 0.1171875 0.3984375
vt 0.1328125 0.3984375
vt 0.1171875 0.375
vt 0.1328125 0.375
vt 0.1328125 0.3828125
vt 0.1171875 0.3828125
vt 0.1328125 0.5
vt 0.1171875 0.5
vt 0.1171875 0.4765625
vt 0.1328125 0.4765625
vt 0.140625 0.5
vt 0.140625 0.4765625
vt 0.109375 0.5
vt 0.109375 0.4765625
v -8.5 13.5 -7.5 1 1 1
v -7.5 13.5 -7.5 1 1 1
v -7.5 13.5 -7 1 1 1
v -8.5 13.5 -7 1 1 1
v -7.5 15 -7.5 1 1 1
v -8.5 15 -7.5 1 1 1
v -8.5 15 -7 1 1 1
v -7.5 15 -7 1 1 1
v -7.5 15 -7 1 1 1
v -8.5 15 -7 1 1 1
v -8.5 13.5 -7 1 1 1
v -7.5 13.5 -7 1 1 1
v -8.5 15 -7.5 1 1 1
v -7.5 15 -7.5 1 1 1
v -7.5 13.5 -7.5 1 1 1
v -8.5 13.5 -7.5 1 1 1
v -7.5 15 -7.5 1 1 1
v -7.5 15 -7 1 1 1
v -7.5 13.5 -7 1 1 1
v -7.5 13.5 -7.5 1 1 1
v -8.5 15 -7 1 1 1
v -8.5 15 -7.5 1 1 1
v -8.5 13.5 -7.5 1 1 1
v -8.5 13.5 -7 1 1 1
v -9 14 -8.5 1 1 1
v -8.5 14 -8.5 1 1 1
v -8.5 14 -7.5 1 1 1
v -9 14 -7.5 1 1 1
v -8.5 15 -8.5 1 1 1
v -9 15 -8.5 1 1 1
v -9 15 -7.5 1 1 1
v -8.5 15 -7.5 1 1 1
v -8.5 15 -7.5 1 1 1
v -9 15 -7.5 1 1 1
v -9 14 -7.5 1 1 1
v -8.5 14 -7.5 1 1 1
v -9 15 -8.5 1 1 1
v -8.5 15 -8.5 1 1 1
v -8.5 14 -8.5 1 1 1
v -9 14 -8.5 1 1 1
v -8.5 15 -8.5 1 1 1
v -8.5 15 -7.5 1 1 1
v -8.5 14 -7.5 1 1 1
v -8.5 14 -8.5 1 1 1
v -9 15 -7.5 1 1 1
v -9 15 -8.5 1 1 1
v -9 14 -8.5 1 1 1
v -9 14 -7.5 1 1 1
vt 0.140625 0.3984375
vt 0.140625 0.3828125
vt 0.109375 0.484375
vt 0.1171875 0.484375
vt 0.1328125 0.484375
vt 0.140625 0.484375
v -7.5 14 -8.5 1 1 1
v -7 14 -8.5 1 1 1
v -7 14 -7.5 1 1 1
v -7.5 14 -7.5 1 1 1
v -7 15 -8.5 1 1 1
v -7.5 15 -8.5 1 1 1
v -7.5 15 -7.5 1 1 1
v -7 15 -7.5 1 1 1
v -7 15 -7.5 1 1 1
v -7.5 15 -7.5 1 1 1
v -7.5 14 -7.5 1 1 1
v -7 14 -7.5 1 1 1
v -7.5 15 -8.5 1 1 1
v -7 15 -8.5 1 1 1
v -7 14 -8.5 1 1 1
v -7.5 14 -8.5 1 1 1
v -7 15 -8.5 1 1 1
v -7 15 -7.5 1 1 1
v -7 14 -7.5 1 1 1
v -7 14 -8.5 1 1 1
v -7.5 15 -7.5 1 1 1
v -7.5 15 -8.5 1 1 1
v -7.5 14 -8.5 1 1 1
v -7.5 14 -7.5 1 1 1
vt 0.109375 0.3984375
vt 0.109375 0.3828125
v -9 12 -8.5 1 1 1
v -8.5 12 -8.5 1 1 1
v -8.5 12 -7.5 1 1 1
v -9 12 -7.5 1 1 1
v -8.5 12.5 -8.5 1 1 1
v -9 12.5 -8.5 1 1 1
v -9 12.5 -7.5 1 1 1
v -8.5 12.5 -7.5 1 1 1
v -8.5 12.5 -7.5 1 1 1
v -9 12.5 -7.5 1 1 1
v -9 12 -7.5 1 1 1
v -8.5 12 -7.5 1 1 1
v -9 12.5 -8.5 1 1 1
v -8.5 12.5 -8.5 1 1 1
v -8.5 12 -8.5 1 1 1
v -9 12 -8.5 1 1 1
v -8.5 12.5 -8.5 1 1 1
v -8.5 12.5 -7.5 1 1 1
v -8.5 12 -7.5 1 1 1
v -8.5 12 -8.5 1 1 1
v -9 12.5 -7.5 1 1 1
v -9 12.5 -8.5 1 1 1
v -9 12 -8.5 1 1 1
v -9 12 -7.5 1 1 1
vt 0.6484375 0.1953125
vt 0.640625 0.1953125
vt 0.640625 0.1875
vt 0.6484375 0.1875
vt 0.671875 0.1953125
vt 0.6640625 0.1953125
vt 0.6640625 0.1875
vt 0.671875 0.1875
v -8.5 11.5 -7.5 1 1 1
v -7.5 11.5 -7.5 1 1 1
v -7.5 11.5 -7 1 1 1
v -8.5 11.5 -7 1 1 1
v -7.5 12 -7.5 1 1 1
v -8.5 12 -7.5 1 1 1
v -8.5 12 -7 1 1 1
v -7.5 12 -7 1 1 1
v -7.5 12 -7 1 1 1
v -8.5 12 -7 1 1 1
v -8.5 11.5 -7 1 1 1
v -7.5 11.5 -7 1 1 1
v -8.5 12 -7.5 1 1 1
v -7.5 12 -7.5 1 1 1
v -7.5 11.5 -7.5 1 1 1
v -8.5 11.5 -7.5 1 1 1
v -7.5 12 -7.5 1 1 1
v -7.5 12 -7 1 1 1
v -7.5 11.5 -7 1 1 1
v -7.5 11.5 -7.5 1 1 1
v -8.5 12 -7 1 1 1
v -8.5 12 -7.5 1 1 1
v -8.5 11.5 -7.5 1 1 1
v -8.5 11.5 -7 1 1 1
vt 0.6484375 0.1796875
vt 0.6640625 0.1796875
vt 0.640625 0.1796875
vt 0.671875 0.1796875
v -8.5 11.5 -9 1 1 1
v -7.5 11.5 -9 1 1 1
v -7.5 11.5 -8.5 1 1 1
v -8.5 11.5 -8.5 1 1 1
v -7.5 12 -9 1 1 1
v -8.5 12 -9 1 1 1
v -8.5 12 -8.5 1 1 1
v -7.5 12 -8.5 1 1 1
v -7.5 12 -8.5 1 1 1
v -8.5 12 -8.5 1 1 1
v -8.5 11.5 -8.5 1 1 1
v -7.5 11.5 -8.5 1 1 1
v -8.5 12 -9 1 1 1
v -7.5 12 -9 1 1 1
v -7.5 11.5 -9 1 1 1
v -8.5 11.5 -9 1 1 1
v -7.5 12 -9 1 1 1
v -7.5 12 -8.5 1 1 1
v -7.5 11.5 -8.5 1 1 1
v -7.5 11.5 -9 1 1 1
v -8.5 12 -8.5 1 1 1
v -8.5 12 -9 1 1 1
v -8.5 11.5 -9 1 1 1
v -8.5 11.5 -8.5 1 1 1
v -8.5 12 -9 1 1 1
v -7.5 12 -9 1 1 1
v -7.5 12 -8.5 1 1 1
v -8.5 12 -8.5 1 1 1
v -7.5 13 -9 1 1 1
v -8.5 13 -9 1 1 1
v -8.5 13 -8.5 1 1 1
v -7.5 13 -8.5 1 1 1
v -7.5 13 -8.5 1 1 1
v -8.5 13 -8.5 1 1 1
v -8.5 12 -8.5 1 1 1
v -7.5 12 -8.5 1 1 1
v -8.5 13 -9 1 1 1
v -7.5 13 -9 1 1 1
v -7.5 12 -9 1 1 1
v -8.5 12 -9 1 1 1
v -7.5 13 -9 1 1 1
v -7.5 13 -8.5 1 1 1
v -7.5 12 -8.5 1 1 1
v -7.5 12 -9 1 1 1
v -8.5 13 -8.5 1 1 1
v -8.5 13 -9 1 1 1
v -8.5 12 -9 1 1 1
v -8.5 12 -8.5 1 1 1
vt 0.1328125 0.46875
vt 0.1171875 0.46875
vt 0.1171875 0.453125
vt 0.1328125 0.453125
vt 0.140625 0.46875
vt 0.140625 0.453125
vt 0.109375 0.46875
vt 0.109375 0.453125
v -8.5 12 -7.5 1 1 1
v -7.5 12 -7.5 1 1 1
v -7.5 12 -7 1 1 1
v -8.5 12 -7 1 1 1
v -7.5 13 -7.5 1 1 1
v -8.5 13 -7.5 1 1 1
v -8.5 13 -7 1 1 1
v -7.5 13 -7 1 1 1
v -7.5 13 -7 1 1 1
v -8.5 13 -7 1 1 1
v -8.5 12 -7 1 1 1
v -7.5 12 -7 1 1 1
v -8.5 13 -7.5 1 1 1
v -7.5 13 -7.5 1 1 1
v -7.5 12 -7.5 1 1 1
v -8.5 12 -7.5 1 1 1
v -7.5 13 -7.5 1 1 1
v -7.5 13 -7 1 1 1
v -7.5 12 -7 1 1 1
v -7.5 12 -7.5 1 1 1
v -8.5 13 -7 1 1 1
v -8.5 13 -7.5 1 1 1
v -8.5 12 -7.5 1 1 1
v -8.5 12 -7 1 1 1
v -9 12.5 -8.5 1 1 1
v -8.5 12.5 -8.5 1 1 1
v -8.5 12.5 -7.5 1 1 1
v -9 12.5 -7.5 1 1 1
v -8.5 13.5 -8.5 1 1 1
v -9 13.5 -8.5 1 1 1
v -9 13.5 -7.5 1 1 1
v -8.5 13.5 -7.5 1 1 1
v -8.5 13.5 -7.5 1 1 1
v -9 13.5 -7.5 1 1 1
v -9 12.5 -7.5 1 1 1
v -8.5 12.5 -7.5 1 1 1
v -9 13.5 -8.5 1 1 1
v -8.5 13.5 -8.5 1 1 1
v -8.5 12.5 -8.5 1 1 1
v -9 12.5 -8.5 1 1 1
v -8.5 13.5 -8.5 1 1 1
v -8.5 13.5 -7.5 1 1 1
v -8.5 12.5 -7.5 1 1 1
v -8.5 12.5 -8.5 1 1 1
v -9 13.5 -7.5 1 1 1
v -9 13.5 -8.5 1 1 1
v -9 12.5 -8.5 1 1 1
v -9 12.5 -7.5 1 1 1
vt 0.109375 0.4609375
vt 0.1171875 0.4609375
vt 0.1328125 0.4609375
vt 0.140625 0.4609375
v -7.5 12 -8.5 1 1 1
v -7 12 -8.5 1 1 1
v -7 12 -7.5 1 1 1
v -7.5 12 -7.5 1 1 1
v -7 12.5 -8.5 1 1 1
v -7.5 12.5 -8.5 1 1 1
v -7.5 12.5 -7.5 1 1 1
v -7 12.5 -7.5 1 1 1
v -7 12.5 -7.5 1 1 1
v -7.5 12.5 -7.5 1 1 1
v -7.5 12 -7.5 1 1 1
v -7 12 -7.5 1 1 1
v -7.5 12.5 -8.5 1 1 1
v -7 12.5 -8.5 1 1 1
v -7 12 -8.5 1 1 1
v -7.5 12 -8.5 1 1 1
v -7 12.5 -8.5 1 1 1
v -7 12.5 -7.5 1 1 1
v -7 12 -7.5 1 1 1
v -7 12 -8.5 1 1 1
v -7.5 12.5 -7.5 1 1 1
v -7.5 12.5 -8.5 1 1 1
v -7.5 12 -8.5 1 1 1
v -7.5 12 -7.5 1 1 1
v -7.5 12.5 -8.5 1 1 1
v -7 12.5 -8.5 1 1 1
v -7 12.5 -7.5 1 1 1
v -7.5 12.5 -7.5 1 1 1
v -7 13.5 -8.5 1 1 1
v -7.5 13.5 -8.5 1 1 1
v -7.5 13.5 -7.5 1 1 1
v -7 13.5 -7.5 1 1 1
v -7 13.5 -7.5 1 1 1
v -7.5 13.5 -7.5 1 1 1
v -7.5 12.5 -7.5 1 1 1
v -7 12.5 -7.5 1 1 1
v -7.5 13.5 -8.5 1 1 1
v -7 13.5 -8.5 1 1 1
v -7 12.5 -8.5 1 1 1
v -7.5 12.5 -8.5 1 1 1
v -7 13.5 -8.5 1 1 1
v -7 13.5 -7.5 1 1 1
v -7 12.5 -7.5 1 1 1
v -7 12.5 -8.5 1 1 1
v -7.5 13.5 -7.5 1 1 1
v -7.5 13.5 -8.5 1 1 1
v -7.5 12.5 -8.5 1 1 1
v -7.5 12.5 -7.5 1 1 1
v -9 9 -8.5 1 1 1
v -8.5 9 -8.5 1 1 1
v -8.5 9 -7.5 1 1 1
v -9 9 -7.5 1 1 1
v -8.5 9.5 -8.5 1 1 1
v -9 9.5 -8.5 1 1 1
v -9 9.5 -7.5 1 1 1
v -8.5 9.5 -7.5 1 1 1
v -8.5 9.5 -7.5 1 1 1
v -9 9.5 -7.5 1 1 1
v -9 9 -7.5 1 1 1
v -8.5 9 -7.5 1 1 1
v -9 9.5 -8.5 1 1 1
v -8.5 9.5 -8.5 1 1 1
v -8.5 9 -8.5 1 1 1
v -9 9 -8.5 1 1 1
v -8.5 9.5 -8.5 1 1 1
v -8.5 9.5 -7.5 1 1 1
v -8.5 9 -7.5 1 1 1
v -8.5 9 -8.5 1 1 1
v -9 9.5 -7.5 1 1 1
v -9 9.5 -8.5 1 1 1
v -9 9 -8.5 1 1 1
v -9 9 -7.5 1 1 1
vt 0.6484375 0.1484375
vt 0.640625 0.1484375
vt 0.640625 0.140625
vt 0.671875 0.1484375
vt 0.6640625 0.1484375
vt 0.671875 0.140625
v -9 9.5 -8.5 1 1 1
v -8.5 9.5 -8.5 1 1 1
v -8.5 9.5 -7.5 1 1 1
v -9 9.5 -7.5 1 1 1
v -8.5 10.5 -8.5 1 1 1
v -9 10.5 -8.5 1 1 1
v -9 10.5 -7.5 1 1 1
v -8.5 10.5 -7.5 1 1 1
v -8.5 10.5 -7.5 1 1 1
v -9 10.5 -7.5 1 1 1
v -9 9.5 -7.5 1 1 1
v -8.5 9.5 -7.5 1 1 1
v -9 10.5 -8.5 1 1 1
v -8.5 10.5 -8.5 1 1 1
v -8.5 9.5 -8.5 1 1 1
v -9 9.5 -8.5 1 1 1
v -8.5 10.5 -8.5 1 1 1
v -8.5 10.5 -7.5 1 1 1
v -8.5 9.5 -7.5 1 1 1
v -8.5 9.5 -8.5 1 1 1
v -9 10.5 -7.5 1 1 1
v -9 10.5 -8.5 1 1 1
v -9 9.5 -8.5 1 1 1
v -9 9.5 -7.5 1 1 1
vt 0.1171875 0.4296875
vt 0.109375 0.4296875
vt 0.109375 0.4140625
vt 0.1171875 0.4140625
vt 0.140625 0.4296875
vt 0.1328125 0.4296875
vt 0.1328125 0.4140625
vt 0.140625 0.4140625
v -9 10.5 -8.5 1 1 1
v -8.5 10.5 -8.5 1 1 1
v -8.5 10.5 -7.5 1 1 1
v -9 10.5 -7.5 1 1 1
v -8.5 11 -8.5 1 1 1
v -9 11 -8.5 1 1 1
v -9 11 -7.5 1 1 1
v -8.5 11 -7.5 1 1 1
v -8.5 11 -7.5 1 1 1
v -9 11 -7.5 1 1 1
v -9 10.5 -7.5 1 1 1
v -8.5 10.5 -7.5 1 1 1
v -9 11 -8.5 1 1 1
v -8.5 11 -8.5 1 1 1
v -8.5 10.5 -8.5 1 1 1
v -9 10.5 -8.5 1 1 1
v -8.5 11 -8.5 1 1 1
v -8.5 11 -7.5 1 1 1
v -8.5 10.5 -7.5 1 1 1
v -8.5 10.5 -8.5 1 1 1
v -9 11 -7.5 1 1 1
v -9 11 -8.5 1 1 1
v -9 10.5 -8.5 1 1 1
v -9 10.5 -7.5 1 1 1
vt 0.6484375 0.171875
vt 0.640625 0.171875
vt 0.640625 0.1640625
vt 0.6484375 0.1640625
vt 0.671875 0.171875
vt 0.6640625 0.171875
vt 0.6640625 0.1640625
vt 0.671875 0.1640625
v -8.5 10 -7.5 1 1 1
v -7.5 10 -7.5 1 1 1
v -7.5 10 -7 1 1 1
v -8.5 10 -7 1 1 1
v -7.5 10.5 -7.5 1 1 1
v -8.5 10.5 -7.5 1 1 1
v -8.5 10.5 -7 1 1 1
v -7.5 10.5 -7 1 1 1
v -7.5 10.5 -7 1 1 1
v -8.5 10.5 -7 1 1 1
v -8.5 10 -7 1 1 1
v -7.5 10 -7 1 1 1
v -8.5 10.5 -7.5 1 1 1
v -7.5 10.5 -7.5 1 1 1
v -7.5 10 -7.5 1 1 1
v -8.5 10 -7.5 1 1 1
v -7.5 10.5 -7.5 1 1 1
v -7.5 10.5 -7 1 1 1
v -7.5 10 -7 1 1 1
v -7.5 10 -7.5 1 1 1
v -8.5 10.5 -7 1 1 1
v -8.5 10.5 -7.5 1 1 1
v -8.5 10 -7.5 1 1 1
v -8.5 10 -7 1 1 1
vt 0.6484375 0.15625
vt 0.6640625 0.15625
vt 0.640625 0.15625
vt 0.671875 0.15625
v -8.5 10 -9 1 1 1
v -7.5 10 -9 1 1 1
v -7.5 10 -8.5 1 1 1
v -8.5 10 -8.5 1 1 1
v -7.5 10.5 -9 1 1 1
v -8.5 10.5 -9 1 1 1
v -8.5 10.5 -8.5 1 1 1
v -7.5 10.5 -8.5 1 1 1
v -7.5 10.5 -8.5 1 1 1
v -8.5 10.5 -8.5 1 1 1
v -8.5 10 -8.5 1 1 1
v -7.5 10 -8.5 1 1 1
v -8.5 10.5 -9 1 1 1
v -7.5 10.5 -9 1 1 1
v -7.5 10 -9 1 1 1
v -8.5 10 -9 1 1 1
v -7.5 10.5 -9 1 1 1
v -7.5 10.5 -8.5 1 1 1
v -7.5 10 -8.5 1 1 1
v -7.5 10 -9 1 1 1
v -8.5 10.5 -8.5 1 1 1
v -8.5 10.5 -9 1 1 1
v -8.5 10 -9 1 1 1
v -8.5 10 -8.5 1 1 1
v -8.5 10.5 -9 1 1 1
v -7.5 10.5 -9 1 1 1
v -7.5 10.5 -8.5 1 1 1
v -8.5 10.5 -8.5 1 1 1
v -7.5 11.5 -9 1 1 1
v -8.5 11.5 -9 1 1 1
v -8.5 11.5 -8.5 1 1 1
v -7.5 11.5 -8.5 1 1 1
v -7.5 11.5 -8.5 1 1 1
v -8.5 11.5 -8.5 1 1 1
v -8.5 10.5 -8.5 1 1 1
v -7.5 10.5 -8.5 1 1 1
v -8.5 11.5 -9 1 1 1
v -7.5 11.5 -9 1 1 1
v -7.5 10.5 -9 1 1 1
v -8.5 10.5 -9 1 1 1
v -7.5 11.5 -9 1 1 1
v -7.5 11.5 -8.5 1 1 1
v -7.5 10.5 -8.5 1 1 1
v -7.5 10.5 -9 1 1 1
v -8.5 11.5 -8.5 1 1 1
v -8.5 11.5 -9 1 1 1
v -8.5 10.5 -9 1 1 1
v -8.5 10.5 -8.5 1 1 1
vt 0.1328125 0.4453125
vt 0.1171875 0.4453125
vt 0.140625 0.4453125
vt 0.109375 0.4453125
v -8.5 10.5 -7.5 1 1 1
v -7.5 10.5 -7.5 1 1 1
v -7.5 10.5 -7 1 1 1
v -8.5 10.5 -7 1 1 1
v -7.5 11.5 -7.5 1 1 1
v -8.5 11.5 -7.5 1 1 1
v -8.5 11.5 -7 1 1 1
v -7.5 11.5 -7 1 1 1
v -7.5 11.5 -7 1 1 1
v -8.5 11.5 -7 1 1 1
v -8.5 10.5 -7 1 1 1
v -7.5 10.5 -7 1 1 1
v -8.5 11.5 -7.5 1 1 1
v -7.5 11.5 -7.5 1 1 1
v -7.5 10.5 -7.5 1 1 1
v -8.5 10.5 -7.5 1 1 1
v -7.5 11.5 -7.5 1 1 1
v -7.5 11.5 -7 1 1 1
v -7.5 10.5 -7 1 1 1
v -7.5 10.5 -7.5 1 1 1
v -8.5 11.5 -7 1 1 1
v -8.5 11.5 -7.5 1 1 1
v -8.5 10.5 -7.5 1 1 1
v -8.5 10.5 -7 1 1 1
v -9 11 -8.5 1 1 1
v -8.5 11 -8.5 1 1 1
v -8.5 11 -7.5 1 1 1
v -9 11 -7.5 1 1 1
v -8.5 12 -8.5 1 1 1
v -9 12 -8.5 1 1 1
v -9 12 -7.5 1 1 1
v -8.5 12 -7.5 1 1 1
v -8.5 12 -7.5 1 1 1
v -9 12 -7.5 1 1 1
v -9 11 -7.5 1 1 1
v -8.5 11 -7.5 1 1 1
v -9 12 -8.5 1 1 1
v -8.5 12 -8.5 1 1 1
v -8.5 11 -8.5 1 1 1
v -9 11 -8.5 1 1 1
v -8.5 12 -8.5 1 1 1
v -8.5 12 -7.5 1 1 1
v -8.5 11 -7.5 1 1 1
v -8.5 11 -8.5 1 1 1
v -9 12 -7.5 1 1 1
v -9 12 -8.5 1 1 1
v -9 11 -8.5 1 1 1
v -9 11 -7.5 1 1 1
vt 0.109375 0.4375
vt 0.1171875 0.4375
vt 0.1328125 0.4375
vt 0.140625 0.4375
v -8.5 8.5 -7.5 1 1 1
v -7.5 8.5 -7.5 1 1 1
v -7.5 8.5 -7 1 1 1
v -8.5 8.5 -7 1 1 1
v -7.5 9 -7.5 1 1 1
v -8.5 9 -7.5 1 1 1
v -8.5 9 -7 1 1 1
v -7.5 9 -7 1 1 1
v -7.5 9 -7 1 1 1
v -8.5 9 -7 1 1 1
v -8.5 8.5 -7 1 1 1
v -7.5 8.5 -7 1 1 1
v -8.5 9 -7.5 1 1 1
v -7.5 9 -7.5 1 1 1
v -7.5 8.5 -7.5 1 1 1
v -8.5 8.5 -7.5 1 1 1
v -7.5 9 -7.5 1 1 1
v -7.5 9 -7 1 1 1
v -7.5 8.5 -7 1 1 1
v -7.5 8.5 -7.5 1 1 1
v -8.5 9 -7 1 1 1
v -8.5 9 -7.5 1 1 1
v -8.5 8.5 -7.5 1 1 1
v -8.5 8.5 -7 1 1 1
v -8.5 8.5 -9 1 1 1
v -7.5 8.5 -9 1 1 1
v -7.5 8.5 -8.5 1 1 1
v -8.5 8.5 -8.5 1 1 1
v -7.5 9 -9 1 1 1
v -8.5 9 -9 1 1 1
v -8.5 9 -8.5 1 1 1
v -7.5 9 -8.5 1 1 1
v -7.5 9 -8.5 1 1 1
v -8.5 9 -8.5 1 1 1
v -8.5 8.5 -8.5 1 1 1
v -7.5 8.5 -8.5 1 1 1
v -8.5 9 -9 1 1 1
v -7.5 9 -9 1 1 1
v -7.5 8.5 -9 1 1 1
v -8.5 8.5 -9 1 1 1
v -7.5 9 -9 1 1 1
v -7.5 9 -8.5 1 1 1
v -7.5 8.5 -8.5 1 1 1
v -7.5 8.5 -9 1 1 1
v -8.5 9 -8.5 1 1 1
v -8.5 9 -9 1 1 1
v -8.5 8.5 -9 1 1 1
v -8.5 8.5 -8.5 1 1 1
v -8.5 9 -9 1 1 1
v -7.5 9 -9 1 1 1
v -7.5 9 -8.5 1 1 1
v -8.5 9 -8.5 1 1 1
v -7.5 10 -9 1 1 1
v -8.5 10 -9 1 1 1
v -8.5 10 -8.5 1 1 1
v -7.5 10 -8.5 1 1 1
v -7.5 10 -8.5 1 1 1
v -8.5 10 -8.5 1 1 1
v -8.5 9 -8.5 1 1 1
v -7.5 9 -8.5 1 1 1
v -8.5 10 -9 1 1 1
v -7.5 10 -9 1 1 1
v -7.5 9 -9 1 1 1
v -8.5 9 -9 1 1 1
v -7.5 10 -9 1 1 1
v -7.5 10 -8.5 1 1 1
v -7.5 9 -8.5 1 1 1
v -7.5 9 -9 1 1 1
v -8.5 10 -8.5 1 1 1
v -8.5 10 -9 1 1 1
v -8.5 9 -9 1 1 1
v -8.5 9 -8.5 1 1 1
vt 0.1328125 0.421875
vt 0.1171875 0.421875
vt 0.140625 0.421875
vt 0.140625 0.40625
vt 0.109375 0.421875
vt 0.109375 0.40625
v -8.5 9 -7.5 1 1 1
v -7.5 9 -7.5 1 1 1
v -7.5 9 -7 1 1 1
v -8.5 9 -7 1 1 1
v -7.5 10 -7.5 1 1 1
v -8.5 10 -7.5 1 1 1
v -8.5 10 -7 1 1 1
v -7.5 10 -7 1 1 1
v -7.5 10 -7 1 1 1
v -8.5 10 -7 1 1 1
v -8.5 9 -7 1 1 1
v -7.5 9 -7 1 1 1
v -8.5 10 -7.5 1 1 1
v -7.5 10 -7.5 1 1 1
v -7.5 9 -7.5 1 1 1
v -8.5 9 -7.5 1 1 1
v -7.5 10 -7.5 1 1 1
v -7.5 10 -7 1 1 1
v -7.5 9 -7 1 1 1
v -7.5 9 -7.5 1 1 1
v -8.5 10 -7 1 1 1
v -8.5 10 -7.5 1 1 1
v -8.5 9 -7.5 1 1 1
v -8.5 9 -7 1 1 1
v -7.5 10.5 -8.5 1 1 1
v -7 10.5 -8.5 1 1 1
v -7 10.5 -7.5 1 1 1
v -7.5 10.5 -7.5 1 1 1
v -7 11 -8.5 1 1 1
v -7.5 11 -8.5 1 1 1
v -7.5 11 -7.5 1 1 1
v -7 11 -7.5 1 1 1
v -7 11 -7.5 1 1 1
v -7.5 11 -7.5 1 1 1
v -7.5 10.5 -7.5 1 1 1
v -7 10.5 -7.5 1 1 1
v -7.5 11 -8.5 1 1 1
v -7 11 -8.5 1 1 1
v -7 10.5 -8.5 1 1 1
v -7.5 10.5 -8.5 1 1 1
v -7 11 -8.5 1 1 1
v -7 11 -7.5 1 1 1
v -7 10.5 -7.5 1 1 1
v -7 10.5 -8.5 1 1 1
v -7.5 11 -7.5 1 1 1
v -7.5 11 -8.5 1 1 1
v -7.5 10.5 -8.5 1 1 1
v -7.5 10.5 -7.5 1 1 1
v -7.5 11 -8.5 1 1 1
v -7 11 -8.5 1 1 1
v -7 11 -7.5 1 1 1
v -7.5 11 -7.5 1 1 1
v -7 12 -8.5 1 1 1
v -7.5 12 -8.5 1 1 1
v -7.5 12 -7.5 1 1 1
v -7 12 -7.5 1 1 1
v -7 12 -7.5 1 1 1
v -7.5 12 -7.5 1 1 1
v -7.5 11 -7.5 1 1 1
v -7 11 -7.5 1 1 1
v -7.5 12 -8.5 1 1 1
v -7 12 -8.5 1 1 1
v -7 11 -8.5 1 1 1
v -7.5 11 -8.5 1 1 1
v -7 12 -8.5 1 1 1
v -7 12 -7.5 1 1 1
v -7 11 -7.5 1 1 1
v -7 11 -8.5 1 1 1
v -7.5 12 -7.5 1 1 1
v -7.5 12 -8.5 1 1 1
v -7.5 11 -8.5 1 1 1
v -7.5 11 -7.5 1 1 1
v -7.5 9 -8.5 1 1 1
v -7 9 -8.5 1 1 1
v -7 9 -7.5 1 1 1
v -7.5 9 -7.5 1 1 1
v -7 9.5 -8.5 1 1 1
v -7.5 9.5 -8.5 1 1 1
v -7.5 9.5 -7.5 1 1 1
v -7 9.5 -7.5 1 1 1
v -7 9.5 -7.5 1 1 1
v -7.5 9.5 -7.5 1 1 1
v -7.5 9 -7.5 1 1 1
v -7 9 -7.5 1 1 1
v -7.5 9.5 -8.5 1 1 1
v -7 9.5 -8.5 1 1 1
v -7 9 -8.5 1 1 1
v -7.5 9 -8.5 1 1 1
v -7 9.5 -8.5 1 1 1
v -7 9.5 -7.5 1 1 1
v -7 9 -7.5 1 1 1
v -7 9 -8.5 1 1 1
v -7.5 9.5 -7.5 1 1 1
v -7.5 9.5 -8.5 1 1 1
v -7.5 9 -8.5 1 1 1
v -7.5 9 -7.5 1 1 1
v -7.5 9.5 -8.5 1 1 1
v -7 9.5 -8.5 1 1 1
v -7 9.5 -7.5 1 1 1
v -7.5 9.5 -7.5 1 1 1
v -7 10.5 -8.5 1 1 1
v -7.5 10.5 -8.5 1 1 1
v -7.5 10.5 -7.5 1 1 1
v -7 10.5 -7.5 1 1 1
v -7 10.5 -7.5 1 1 1
v -7.5 10.5 -7.5 1 1 1
v -7.5 9.5 -7.5 1 1 1
v -7 9.5 -7.5 1 1 1
v -7.5 10.5 -8.5 1 1 1
v -7 10.5 -8.5 1 1 1
v -7 9.5 -8.5 1 1 1
v -7.5 9.5 -8.5 1 1 1
v -7 10.5 -8.5 1 1 1
v -7 10.5 -7.5 1 1 1
v -7 9.5 -7.5 1 1 1
v -7 9.5 -8.5 1 1 1
v -7.5 10.5 -7.5 1 1 1
v -7.5 10.5 -8.5 1 1 1
v -7.5 9.5 -8.5 1 1 1
v -7.5 9.5 -7.5 1 1 1
v -9 15 -8.5 1 1 1
v -7 15 -8.5 1 1 1
v -7 15 -7.5 1 1 1
v -9 15 -7.5 1 1 1
v -7 15.5 -8.5 1 1 1
v -9 15.5 -8.5 1 1 1
v -9 15.5 -7.5 1 1 1
v -7 15.5 -7.5 1 1 1
v -7 15.5 -7.5 1 1 1
v -9 15.5 -7.5 1 1 1
v -9 15 -7.5 1 1 1
v -7 15 -7.5 1 1 1
v -9 15.5 -8.5 1 1 1
v -7 15.5 -8.5 1 1 1
v -7 15 -8.5 1 1 1
v -9 15 -8.5 1 1 1
v -7 15.5 -8.5 1 1 1
v -7 15.5 -7.5 1 1 1
v -7 15 -7.5 1 1 1
v -7 15 -8.5 1 1 1
v -9 15.5 -7.5 1 1 1
v -9 15.5 -8.5 1 1 1
v -9 15 -8.5 1 1 1
v -9 15 -7.5 1 1 1
vt 0.671875 0.2421875
vt 0.640625 0.2421875
vt 0.640625 0.234375
vt 0.671875 0.234375
vt 0.6640625 0.2421875
vt 0.6484375 0.2421875
vt 0.6484375 0.234375
vt 0.6640625 0.234375
v -8.5 15 -7.5 1 1 1
v -7.5 15 -7.5 1 1 1
v -7.5 15 -7 1 1 1
v -8.5 15 -7 1 1 1
v -7.5 15.5 -7.5 1 1 1
v -8.5 15.5 -7.5 1 1 1
v -8.5 15.5 -7 1 1 1
v -7.5 15.5 -7 1 1 1
v -7.5 15.5 -7 1 1 1
v -8.5 15.5 -7 1 1 1
v -8.5 15 -7 1 1 1
v -7.5 15 -7 1 1 1
v -8.5 15.5 -7.5 1 1 1
v -7.5 15.5 -7.5 1 1 1
v -7.5 15 -7.5 1 1 1
v -8.5 15 -7.5 1 1 1
v -7.5 15.5 -7.5 1 1 1
v -7.5 15.5 -7 1 1 1
v -7.5 15 -7 1 1 1
v -7.5 15 -7.5 1 1 1
v -8.5 15.5 -7 1 1 1
v -8.5 15.5 -7.5 1 1 1
v -8.5 15 -7.5 1 1 1
v -8.5 15 -7 1 1 1
v -8.5 15 -9 1 1 1
v -7.5 15 -9 1 1 1
v -7.5 15 -8.5 1 1 1
v -8.5 15 -8.5 1 1 1
v -7.5 15.5 -9 1 1 1
v -8.5 15.5 -9 1 1 1
v -8.5 15.5 -8.5 1 1 1
v -7.5 15.5 -8.5 1 1 1
v -7.5 15.5 -8.5 1 1 1
v -8.5 15.5 -8.5 1 1 1
v -8.5 15 -8.5 1 1 1
v -7.5 15 -8.5 1 1 1
v -8.5 15.5 -9 1 1 1
v -7.5 15.5 -9 1 1 1
v -7.5 15 -9 1 1 1
v -8.5 15 -9 1 1 1
v -7.5 15.5 -9 1 1 1
v -7.5 15.5 -8.5 1 1 1
v -7.5 15 -8.5 1 1 1
v -7.5 15 -9 1 1 1
v -8.5 15.5 -8.5 1 1 1
v -8.5 15.5 -9 1 1 1
v -8.5 15 -9 1 1 1
v -8.5 15 -8.5 1 1 1
v -9 4.5 -8.5 1 1 1
v -8.5 4.5 -8.5 1 1 1
v -8.5 4.5 -7.5 1 1 1
v -9 4.5 -7.5 1 1 1
v -8.5 5 -8.5 1 1 1
v -9 5 -8.5 1 1 1
v -9 5 -7.5 1 1 1
v -8.5 5 -7.5 1 1 1
v -8.5 5 -7.5 1 1 1
v -9 5 -7.5 1 1 1
v -9 4.5 -7.5 1 1 1
v -8.5 4.5 -7.5 1 1 1
v -9 5 -8.5 1 1 1
v -8.5 5 -8.5 1 1 1
v -8.5 4.5 -8.5 1 1 1
v -9 4.5 -8.5 1 1 1
v -8.5 5 -8.5 1 1 1
v -8.5 5 -7.5 1 1 1
v -8.5 4.5 -7.5 1 1 1
v -8.5 4.5 -8.5 1 1 1
v -9 5 -7.5 1 1 1
v -9 5 -8.5 1 1 1
v -9 4.5 -8.5 1 1 1
v -9 4.5 -7.5 1 1 1
vt 0.6484375 0.078125
vt 0.640625 0.078125
vt 0.640625 0.0703125
vt 0.6484375 0.0703125
vt 0.671875 0.078125
vt 0.6640625 0.078125
vt 0.6640625 0.0703125
vt 0.671875 0.0703125
v -9 5 -8.5 1 1 1
v -8.5 5 -8.5 1 1 1
v -8.5 5 -7.5 1 1 1
v -9 5 -7.5 1 1 1
v -8.5 6 -8.5 1 1 1
v -9 6 -8.5 1 1 1
v -9 6 -7.5 1 1 1
v -8.5 6 -7.5 1 1 1
v -8.5 6 -7.5 1 1 1
v -9 6 -7.5 1 1 1
v -9 5 -7.5 1 1 1
v -8.5 5 -7.5 1 1 1
v -9 6 -8.5 1 1 1
v -8.5 6 -8.5 1 1 1
v -8.5 5 -8.5 1 1 1
v -9 5 -8.5 1 1 1
v -8.5 6 -8.5 1 1 1
v -8.5 6 -7.5 1 1 1
v -8.5 5 -7.5 1 1 1
v -8.5 5 -8.5 1 1 1
v -9 6 -7.5 1 1 1
v -9 6 -8.5 1 1 1
v -9 5 -8.5 1 1 1
v -9 5 -7.5 1 1 1
vt 0.1171875 0.359375
vt 0.109375 0.359375
vt 0.109375 0.34375
vt 0.1171875 0.34375
vt 0.140625 0.359375
vt 0.1328125 0.359375
vt 0.1328125 0.34375
vt 0.140625 0.34375
v -9 6 -8.5 1 1 1
v -8.5 6 -8.5 1 1 1
v -8.5 6 -7.5 1 1 1
v -9 6 -7.5 1 1 1
v -8.5 6.5 -8.5 1 1 1
v -9 6.5 -8.5 1 1 1
v -9 6.5 -7.5 1 1 1
v -8.5 6.5 -7.5 1 1 1
v -8.5 6.5 -7.5 1 1 1
v -9 6.5 -7.5 1 1 1
v -9 6 -7.5 1 1 1
v -8.5 6 -7.5 1 1 1
v -9 6.5 -8.5 1 1 1
v -8.5 6.5 -8.5 1 1 1
v -8.5 6 -8.5 1 1 1
v -9 6 -8.5 1 1 1
v -8.5 6.5 -8.5 1 1 1
v -8.5 6.5 -7.5 1 1 1
v -8.5 6 -7.5 1 1 1
v -8.5 6 -8.5 1 1 1
v -9 6.5 -7.5 1 1 1
v -9 6.5 -8.5 1 1 1
v -9 6 -8.5 1 1 1
v -9 6 -7.5 1 1 1
vt 0.6484375 0.1015625
vt 0.640625 0.1015625
vt 0.640625 0.09375
vt 0.6484375 0.09375
vt 0.671875 0.1015625
vt 0.6640625 0.1015625
vt 0.6640625 0.09375
vt 0.671875 0.09375
v -9 6.5 -8.5 1 1 1
v -8.5 6.5 -8.5 1 1 1
v -8.5 6.5 -7.5 1 1 1
v -9 6.5 -7.5 1 1 1
v -8.5 7.5 -8.5 1 1 1
v -9 7.5 -8.5 1 1 1
v -9 7.5 -7.5 1 1 1
v -8.5 7.5 -7.5 1 1 1
v -8.5 7.5 -7.5 1 1 1
v -9 7.5 -7.5 1 1 1
v -9 6.5 -7.5 1 1 1
v -8.5 6.5 -7.5 1 1 1
v -9 7.5 -8.5 1 1 1
v -8.5 7.5 -8.5 1 1 1
v -8.5 6.5 -8.5 1 1 1
v -9 6.5 -8.5 1 1 1
v -8.5 7.5 -8.5 1 1 1
v -8.5 7.5 -7.5 1 1 1
v -8.5 6.5 -7.5 1 1 1
v -8.5 6.5 -8.5 1 1 1
v -9 7.5 -7.5 1 1 1
v -9 7.5 -8.5 1 1 1
v -9 6.5 -8.5 1 1 1
v -9 6.5 -7.5 1 1 1
vt 0.109375 0.3671875
vt 0.1171875 0.3671875
vt 0.1328125 0.3671875
vt 0.140625 0.3671875
v -9 7.5 -8.5 1 1 1
v -8.5 7.5 -8.5 1 1 1
v -8.5 7.5 -7.5 1 1 1
v -9 7.5 -7.5 1 1 1
v -8.5 8 -8.5 1 1 1
v -9 8 -8.5 1 1 1
v -9 8 -7.5 1 1 1
v -8.5 8 -7.5 1 1 1
v -8.5 8 -7.5 1 1 1
v -9 8 -7.5 1 1 1
v -9 7.5 -7.5 1 1 1
v -8.5 7.5 -7.5 1 1 1
v -9 8 -8.5 1 1 1
v -8.5 8 -8.5 1 1 1
v -8.5 7.5 -8.5 1 1 1
v -9 7.5 -8.5 1 1 1
v -8.5 8 -8.5 1 1 1
v -8.5 8 -7.5 1 1 1
v -8.5 7.5 -7.5 1 1 1
v -8.5 7.5 -8.5 1 1 1
v -9 8 -7.5 1 1 1
v -9 8 -8.5 1 1 1
v -9 7.5 -8.5 1 1 1
v -9 7.5 -7.5 1 1 1
vt 0.6484375 0.125
vt 0.640625 0.125
vt 0.671875 0.125
vt 0.6640625 0.125
v -8.5 7 -7.5 1 1 1
v -7.5 7 -7.5 1 1 1
v -7.5 7 -7 1 1 1
v -8.5 7 -7 1 1 1
v -7.5 7.5 -7.5 1 1 1
v -8.5 7.5 -7.5 1 1 1
v -8.5 7.5 -7 1 1 1
v -7.5 7.5 -7 1 1 1
v -7.5 7.5 -7 1 1 1
v -8.5 7.5 -7 1 1 1
v -8.5 7 -7 1 1 1
v -7.5 7 -7 1 1 1
v -8.5 7.5 -7.5 1 1 1
v -7.5 7.5 -7.5 1 1 1
v -7.5 7 -7.5 1 1 1
v -8.5 7 -7.5 1 1 1
v -7.5 7.5 -7.5 1 1 1
v -7.5 7.5 -7 1 1 1
v -7.5 7 -7 1 1 1
v -7.5 7 -7.5 1 1 1
v -8.5 7.5 -7 1 1 1
v -8.5 7.5 -7.5 1 1 1
v -8.5 7 -7.5 1 1 1
v -8.5 7 -7 1 1 1
vt 0.640625 0.109375
vt 0.671875 0.109375
v -8.5 7 -9 1 1 1
v -7.5 7 -9 1 1 1
v -7.5 7 -8.5 1 1 1
v -8.5 7 -8.5 1 1 1
v -7.5 7.5 -9 1 1 1
v -8.5 7.5 -9 1 1 1
v -8.5 7.5 -8.5 1 1 1
v -7.5 7.5 -8.5 1 1 1
v -7.5 7.5 -8.5 1 1 1
v -8.5 7.5 -8.5 1 1 1
v -8.5 7 -8.5 1 1 1
v -7.5 7 -8.5 1 1 1
v -8.5 7.5 -9 1 1 1
v -7.5 7.5 -9 1 1 1
v -7.5 7 -9 1 1 1
v -8.5 7 -9 1 1 1
v -7.5 7.5 -9 1 1 1
v -7.5 7.5 -8.5 1 1 1
v -7.5 7 -8.5 1 1 1
v -7.5 7 -9 1 1 1
v -8.5 7.5 -8.5 1 1 1
v -8.5 7.5 -9 1 1 1
v -8.5 7 -9 1 1 1
v -8.5 7 -8.5 1 1 1
v -8.5 7.5 -9 1 1 1
v -7.5 7.5 -9 1 1 1
v -7.5 7.5 -8.5 1 1 1
v -8.5 7.5 -8.5 1 1 1
v -7.5 8.5 -9 1 1 1
v -8.5 8.5 -9 1 1 1
v -8.5 8.5 -8.5 1 1 1
v -7.5 8.5 -8.5 1 1 1
v -7.5 8.5 -8.5 1 1 1
v -8.5 8.5 -8.5 1 1 1
v -8.5 7.5 -8.5 1 1 1
v -7.5 7.5 -8.5 1 1 1
v -8.5 8.5 -9 1 1 1
v -7.5 8.5 -9 1 1 1
v -7.5 7.5 -9 1 1 1
v -8.5 7.5 -9 1 1 1
v -7.5 8.5 -9 1 1 1
v -7.5 8.5 -8.5 1 1 1
v -7.5 7.5 -8.5 1 1 1
v -7.5 7.5 -9 1 1 1
v -8.5 8.5 -8.5 1 1 1
v -8.5 8.5 -9 1 1 1
v -8.5 7.5 -9 1 1 1
v -8.5 7.5 -8.5 1 1 1
v -8.5 7.5 -7.5 1 1 1
v -7.5 7.5 -7.5 1 1 1
v -7.5 7.5 -7 1 1 1
v -8.5 7.5 -7 1 1 1
v -7.5 8.5 -7.5 1 1 1
v -8.5 8.5 -7.5 1 1 1
v -8.5 8.5 -7 1 1 1
v -7.5 8.5 -7 1 1 1
v -7.5 8.5 -7 1 1 1
v -8.5 8.5 -7 1 1 1
v -8.5 7.5 -7 1 1 1
v -7.5 7.5 -7 1 1 1
v -8.5 8.5 -7.5 1 1 1
v -7.5 8.5 -7.5 1 1 1
v -7.5 7.5 -7.5 1 1 1
v -8.5 7.5 -7.5 1 1 1
v -7.5 8.5 -7.5 1 1 1
v -7.5 8.5 -7 1 1 1
v -7.5 7.5 -7 1 1 1
v -7.5 7.5 -7.5 1 1 1
v -8.5 8.5 -7 1 1 1
v -8.5 8.5 -7.5 1 1 1
v -8.5 7.5 -7.5 1 1 1
v -8.5 7.5 -7 1 1 1
v -9 8 -8.5 1 1 1
v -8.5 8 -8.5 1 1 1
v -8.5 8 -7.5 1 1 1
v -9 8 -7.5 1 1 1
v -8.5 9 -8.5 1 1 1
v -9 9 -8.5 1 1 1
v -9 9 -7.5 1 1 1
v -8.5 9 -7.5 1 1 1
v -8.5 9 -7.5 1 1 1
v -9 9 -7.5 1 1 1
v -9 8 -7.5 1 1 1
v -8.5 8 -7.5 1 1 1
v -9 9 -8.5 1 1 1
v -8.5 9 -8.5 1 1 1
v -8.5 8 -8.5 1 1 1
v -9 8 -8.5 1 1 1
v -8.5 9 -8.5 1 1 1
v -8.5 9 -7.5 1 1 1
v -8.5 8 -7.5 1 1 1
v -8.5 8 -8.5 1 1 1
v -9 9 -7.5 1 1 1
v -9 9 -8.5 1 1 1
v -9 8 -8.5 1 1 1
v -9 8 -7.5 1 1 1
vt 0.109375 0.390625
vt 0.1171875 0.390625
vt 0.1328125 0.390625
vt 0.140625 0.390625
v -8.5 5.5 -7.5 1 1 1
v -7.5 5.5 -7.5 1 1 1
v -7.5 5.5 -7 1 1 1
v -8.5 5.5 -7 1 1 1
v -7.5 6 -7.5 1 1 1
v -8.5 6 -7.5 1 1 1
v -8.5 6 -7 1 1 1
v -7.5 6 -7 1 1 1
v -7.5 6 -7 1 1 1
v -8.5 6 -7 1 1 1
v -8.5 5.5 -7 1 1 1
v -7.5 5.5 -7 1 1 1
v -8.5 6 -7.5 1 1 1
v -7.5 6 -7.5 1 1 1
v -7.5 5.5 -7.5 1 1 1
v -8.5 5.5 -7.5 1 1 1
v -7.5 6 -7.5 1 1 1
v -7.5 6 -7 1 1 1
v -7.5 5.5 -7 1 1 1
v -7.5 5.5 -7.5 1 1 1
v -8.5 6 -7 1 1 1
v -8.5 6 -7.5 1 1 1
v -8.5 5.5 -7.5 1 1 1
v -8.5 5.5 -7 1 1 1
vt 0.6484375 0.0859375
vt 0.6640625 0.0859375
vt 0.640625 0.0859375
vt 0.671875 0.0859375
v -8.5 5.5 -9 1 1 1
v -7.5 5.5 -9 1 1 1
v -7.5 5.5 -8.5 1 1 1
v -8.5 5.5 -8.5 1 1 1
v -7.5 6 -9 1 1 1
v -8.5 6 -9 1 1 1
v -8.5 6 -8.5 1 1 1
v -7.5 6 -8.5 1 1 1
v -7.5 6 -8.5 1 1 1
v -8.5 6 -8.5 1 1 1
v -8.5 5.5 -8.5 1 1 1
v -7.5 5.5 -8.5 1 1 1
v -8.5 6 -9 1 1 1
v -7.5 6 -9 1 1 1
v -7.5 5.5 -9 1 1 1
v -8.5 5.5 -9 1 1 1
v -7.5 6 -9 1 1 1
v -7.5 6 -8.5 1 1 1
v -7.5 5.5 -8.5 1 1 1
v -7.5 5.5 -9 1 1 1
v -8.5 6 -8.5 1 1 1
v -8.5 6 -9 1 1 1
v -8.5 5.5 -9 1 1 1
v -8.5 5.5 -8.5 1 1 1
v -8.5 6 -9 1 1 1
v -7.5 6 -9 1 1 1
v -7.5 6 -8.5 1 1 1
v -8.5 6 -8.5 1 1 1
v -7.5 7 -9 1 1 1
v -8.5 7 -9 1 1 1
v -8.5 7 -8.5 1 1 1
v -7.5 7 -8.5 1 1 1
v -7.5 7 -8.5 1 1 1
v -8.5 7 -8.5 1 1 1
v -8.5 6 -8.5 1 1 1
v -7.5 6 -8.5 1 1 1
v -8.5 7 -9 1 1 1
v -7.5 7 -9 1 1 1
v -7.5 6 -9 1 1 1
v -8.5 6 -9 1 1 1
v -7.5 7 -9 1 1 1
v -7.5 7 -8.5 1 1 1
v -7.5 6 -8.5 1 1 1
v -7.5 6 -9 1 1 1
v -8.5 7 -8.5 1 1 1
v -8.5 7 -9 1 1 1
v -8.5 6 -9 1 1 1
v -8.5 6 -8.5 1 1 1
vt 0.140625 0.375
vt 0.109375 0.375
v -8.5 6 -7.5 1 1 1
v -7.5 6 -7.5 1 1 1
v -7.5 6 -7 1 1 1
v -8.5 6 -7 1 1 1
v -7.5 7 -7.5 1 1 1
v -8.5 7 -7.5 1 1 1
v -8.5 7 -7 1 1 1
v -7.5 7 -7 1 1 1
v -7.5 7 -7 1 1 1
v -8.5 7 -7 1 1 1
v -8.5 6 -7 1 1 1
v -7.5 6 -7 1 1 1
v -8.5 7 -7.5 1 1 1
v -7.5 7 -7.5 1 1 1
v -7.5 6 -7.5 1 1 1
v -8.5 6 -7.5 1 1 1
v -7.5 7 -7.5 1 1 1
v -7.5 7 -7 1 1 1
v -7.5 6 -7 1 1 1
v -7.5 6 -7.5 1 1 1
v -8.5 7 -7 1 1 1
v -8.5 7 -7.5 1 1 1
v -8.5 6 -7.5 1 1 1
v -8.5 6 -7 1 1 1
v -8.5 4 -7.5 1 1 1
v -7.5 4 -7.5 1 1 1
v -7.5 4 -7 1 1 1
v -8.5 4 -7 1 1 1
v -7.5 4.5 -7.5 1 1 1
v -8.5 4.5 -7.5 1 1 1
v -8.5 4.5 -7 1 1 1
v -7.5 4.5 -7 1 1 1
v -7.5 4.5 -7 1 1 1
v -8.5 4.5 -7 1 1 1
v -8.5 4 -7 1 1 1
v -7.5 4 -7 1 1 1
v -8.5 4.5 -7.5 1 1 1
v -7.5 4.5 -7.5 1 1 1
v -7.5 4 -7.5 1 1 1
v -8.5 4 -7.5 1 1 1
v -7.5 4.5 -7.5 1 1 1
v -7.5 4.5 -7 1 1 1
v -7.5 4 -7 1 1 1
v -7.5 4 -7.5 1 1 1
v -8.5 4.5 -7 1 1 1
v -8.5 4.5 -7.5 1 1 1
v -8.5 4 -7.5 1 1 1
v -8.5 4 -7 1 1 1
vt 0.6484375 0.0625
vt 0.6640625 0.0625
vt 0.640625 0.0625
vt 0.671875 0.0625
v -8.5 4 -9 1 1 1
v -7.5 4 -9 1 1 1
v -7.5 4 -8.5 1 1 1
v -8.5 4 -8.5 1 1 1
v -7.5 4.5 -9 1 1 1
v -8.5 4.5 -9 1 1 1
v -8.5 4.5 -8.5 1 1 1
v -7.5 4.5 -8.5 1 1 1
v -7.5 4.5 -8.5 1 1 1
v -8.5 4.5 -8.5 1 1 1
v -8.5 4 -8.5 1 1 1
v -7.5 4 -8.5 1 1 1
v -8.5 4.5 -9 1 1 1
v -7.5 4.5 -9 1 1 1
v -7.5 4 -9 1 1 1
v -8.5 4 -9 1 1 1
v -7.5 4.5 -9 1 1 1
v -7.5 4.5 -8.5 1 1 1
v -7.5 4 -8.5 1 1 1
v -7.5 4 -9 1 1 1
v -8.5 4.5 -8.5 1 1 1
v -8.5 4.5 -9 1 1 1
v -8.5 4 -9 1 1 1
v -8.5 4 -8.5 1 1 1
v -8.5 4.5 -9 1 1 1
v -7.5 4.5 -9 1 1 1
v -7.5 4.5 -8.5 1 1 1
v -8.5 4.5 -8.5 1 1 1
v -7.5 5.5 -9 1 1 1
v -8.5 5.5 -9 1 1 1
v -8.5 5.5 -8.5 1 1 1
v -7.5 5.5 -8.5 1 1 1
v -7.5 5.5 -8.5 1 1 1
v -8.5 5.5 -8.5 1 1 1
v -8.5 4.5 -8.5 1 1 1
v -7.5 4.5 -8.5 1 1 1
v -8.5 5.5 -9 1 1 1
v -7.5 5.5 -9 1 1 1
v -7.5 4.5 -9 1 1 1
v -8.5 4.5 -9 1 1 1
v -7.5 5.5 -9 1 1 1
v -7.5 5.5 -8.5 1 1 1
v -7.5 4.5 -8.5 1 1 1
v -7.5 4.5 -9 1 1 1
v -8.5 5.5 -8.5 1 1 1
v -8.5 5.5 -9 1 1 1
v -8.5 4.5 -9 1 1 1
v -8.5 4.5 -8.5 1 1 1
vt 0.1328125 0.3515625
vt 0.1171875 0.3515625
vt 0.1171875 0.3359375
vt 0.1328125 0.3359375
vt 0.140625 0.3515625
vt 0.140625 0.3359375
vt 0.109375 0.3515625
vt 0.109375 0.3359375
v -8.5 4.5 -7.5 1 1 1
v -7.5 4.5 -7.5 1 1 1
v -7.5 4.5 -7 1 1 1
v -8.5 4.5 -7 1 1 1
v -7.5 5.5 -7.5 1 1 1
v -8.5 5.5 -7.5 1 1 1
v -8.5 5.5 -7 1 1 1
v -7.5 5.5 -7 1 1 1
v -7.5 5.5 -7 1 1 1
v -8.5 5.5 -7 1 1 1
v -8.5 4.5 -7 1 1 1
v -7.5 4.5 -7 1 1 1
v -8.5 5.5 -7.5 1 1 1
v -7.5 5.5 -7.5 1 1 1
v -7.5 4.5 -7.5 1 1 1
v -8.5 4.5 -7.5 1 1 1
v -7.5 5.5 -7.5 1 1 1
v -7.5 5.5 -7 1 1 1
v -7.5 4.5 -7 1 1 1
v -7.5 4.5 -7.5 1 1 1
v -8.5 5.5 -7 1 1 1
v -8.5 5.5 -7.5 1 1 1
v -8.5 4.5 -7.5 1 1 1
v -8.5 4.5 -7 1 1 1
v -7.5 7.5 -8.5 1 1 1
v -7 7.5 -8.5 1 1 1
v -7 7.5 -7.5 1 1 1
v -7.5 7.5 -7.5 1 1 1
v -7 8 -8.5 1 1 1
v -7.5 8 -8.5 1 1 1
v -7.5 8 -7.5 1 1 1
v -7 8 -7.5 1 1 1
v -7 8 -7.5 1 1 1
v -7.5 8 -7.5 1 1 1
v -7.5 7.5 -7.5 1 1 1
v -7 7.5 -7.5 1 1 1
v -7.5 8 -8.5 1 1 1
v -7 8 -8.5 1 1 1
v -7 7.5 -8.5 1 1 1
v -7.5 7.5 -8.5 1 1 1
v -7 8 -8.5 1 1 1
v -7 8 -7.5 1 1 1
v -7 7.5 -7.5 1 1 1
v -7 7.5 -8.5 1 1 1
v -7.5 8 -7.5 1 1 1
v -7.5 8 -8.5 1 1 1
v -7.5 7.5 -8.5 1 1 1
v -7.5 7.5 -7.5 1 1 1
v -7.5 8 -8.5 1 1 1
v -7 8 -8.5 1 1 1
v -7 8 -7.5 1 1 1
v -7.5 8 -7.5 1 1 1
v -7 9 -8.5 1 1 1
v -7.5 9 -8.5 1 1 1
v -7.5 9 -7.5 1 1 1
v -7 9 -7.5 1 1 1
v -7 9 -7.5 1 1 1
v -7.5 9 -7.5 1 1 1
v -7.5 8 -7.5 1 1 1
v -7 8 -7.5 1 1 1
v -7.5 9 -8.5 1 1 1
v -7 9 -8.5 1 1 1
v -7 8 -8.5 1 1 1
v -7.5 8 -8.5 1 1 1
v -7 9 -8.5 1 1 1
v -7 9 -7.5 1 1 1
v -7 8 -7.5 1 1 1
v -7 8 -8.5 1 1 1
v -7.5 9 -7.5 1 1 1
v -7.5 9 -8.5 1 1 1
v -7.5 8 -8.5 1 1 1
v -7.5 8 -7.5 1 1 1
v -7.5 6 -8.5 1 1 1
v -7 6 -8.5 1 1 1
v -7 6 -7.5 1 1 1
v -7.5 6 -7.5 1 1 1
v -7 6.5 -8.5 1 1 1
v -7.5 6.5 -8.5 1 1 1
v -7.5 6.5 -7.5 1 1 1
v -7 6.5 -7.5 1 1 1
v -7 6.5 -7.5 1 1 1
v -7.5 6.5 -7.5 1 1 1
v -7.5 6 -7.5 1 1 1
v -7 6 -7.5 1 1 1
v -7.5 6.5 -8.5 1 1 1
v -7 6.5 -8.5 1 1 1
v -7 6 -8.5 1 1 1
v -7.5 6 -8.5 1 1 1
v -7 6.5 -8.5 1 1 1
v -7 6.5 -7.5 1 1 1
v -7 6 -7.5 1 1 1
v -7 6 -8.5 1 1 1
v -7.5 6.5 -7.5 1 1 1
v -7.5 6.5 -8.5 1 1 1
v -7.5 6 -8.5 1 1 1
v -7.5 6 -7.5 1 1 1
v -7.5 6.5 -8.5 1 1 1
v -7 6.5 -8.5 1 1 1
v -7 6.5 -7.5 1 1 1
v -7.5 6.5 -7.5 1 1 1
v -7 7.5 -8.5 1 1 1
v -7.5 7.5 -8.5 1 1 1
v -7.5 7.5 -7.5 1 1 1
v -7 7.5 -7.5 1 1 1
v -7 7.5 -7.5 1 1 1
v -7.5 7.5 -7.5 1 1 1
v -7.5 6.5 -7.5 1 1 1
v -7 6.5 -7.5 1 1 1
v -7.5 7.5 -8.5 1 1 1
v -7 7.5 -8.5 1 1 1
v -7 6.5 -8.5 1 1 1
v -7.5 6.5 -8.5 1 1 1
v -7 7.5 -8.5 1 1 1
v -7 7.5 -7.5 1 1 1
v -7 6.5 -7.5 1 1 1
v -7 6.5 -8.5 1 1 1
v -7.5 7.5 -7.5 1 1 1
v -7.5 7.5 -8.5 1 1 1
v -7.5 6.5 -8.5 1 1 1
v -7.5 6.5 -7.5 1 1 1
v -7.5 4.5 -8.5 1 1 1
v -7 4.5 -8.5 1 1 1
v -7 4.5 -7.5 1 1 1
v -7.5 4.5 -7.5 1 1 1
v -7 5 -8.5 1 1 1
v -7.5 5 -8.5 1 1 1
v -7.5 5 -7.5 1 1 1
v -7 5 -7.5 1 1 1
v -7 5 -7.5 1 1 1
v -7.5 5 -7.5 1 1 1
v -7.5 4.5 -7.5 1 1 1
v -7 4.5 -7.5 1 1 1
v -7.5 5 -8.5 1 1 1
v -7 5 -8.5 1 1 1
v -7 4.5 -8.5 1 1 1
v -7.5 4.5 -8.5 1 1 1
v -7 5 -8.5 1 1 1
v -7 5 -7.5 1 1 1
v -7 4.5 -7.5 1 1 1
v -7 4.5 -8.5 1 1 1
v -7.5 5 -7.5 1 1 1
v -7.5 5 -8.5 1 1 1
v -7.5 4.5 -8.5 1 1 1
v -7.5 4.5 -7.5 1 1 1
v -7.5 5 -8.5 1 1 1
v -7 5 -8.5 1 1 1
v -7 5 -7.5 1 1 1
v -7.5 5 -7.5 1 1 1
v -7 6 -8.5 1 1 1
v -7.5 6 -8.5 1 1 1
v -7.5 6 -7.5 1 1 1
v -7 6 -7.5 1 1 1
v -7 6 -7.5 1 1 1
v -7.5 6 -7.5 1 1 1
v -7.5 5 -7.5 1 1 1
v -7 5 -7.5 1 1 1
v -7.5 6 -8.5 1 1 1
v -7 6 -8.5 1 1 1
v -7 5 -8.5 1 1 1
v -7.5 5 -8.5 1 1 1
v -7 6 -8.5 1 1 1
v -7 6 -7.5 1 1 1
v -7 5 -7.5 1 1 1
v -7 5 -8.5 1 1 1
v -7.5 6 -7.5 1 1 1
v -7.5 6 -8.5 1 1 1
v -7.5 5 -8.5 1 1 1
v -7.5 5 -7.5 1 1 1
v -9 1 -8.5 1 1 1
v -8.5 1 -8.5 1 1 1
v -8.5 1 -7.5 1 1 1
v -9 1 -7.5 1 1 1
v -8.5 1.5 -8.5 1 1 1
v -9 1.5 -8.5 1 1 1
v -9 1.5 -7.5 1 1 1
v -8.5 1.5 -7.5 1 1 1
v -8.5 1.5 -7.5 1 1 1
v -9 1.5 -7.5 1 1 1
v -9 1 -7.5 1 1 1
v -8.5 1 -7.5 1 1 1
v -9 1.5 -8.5 1 1 1
v -8.5 1.5 -8.5 1 1 1
v -8.5 1 -8.5 1 1 1
v -9 1 -8.5 1 1 1
v -8.5 1.5 -8.5 1 1 1
v -8.5 1.5 -7.5 1 1 1
v -8.5 1 -7.5 1 1 1
v -8.5 1 -8.5 1 1 1
v -9 1.5 -7.5 1 1 1
v -9 1.5 -8.5 1 1 1
v -9 1 -8.5 1 1 1
v -9 1 -7.5 1 1 1
vt 0.6484375 0.0234375
vt 0.640625 0.0234375
vt 0.640625 0.015625
vt 0.6484375 0.015625
vt 0.671875 0.0234375
vt 0.6640625 0.0234375
vt 0.6640625 0.015625
vt 0.671875 0.015625
v -9 1.5 -8.5 1 1 1
v -8.5 1.5 -8.5 1 1 1
v -8.5 1.5 -7.5 1 1 1
v -9 1.5 -7.5 1 1 1
v -8.5 3 -8.5 1 1 1
v -9 3 -8.5 1 1 1
v -9 3 -7.5 1 1 1
v -8.5 3 -7.5 1 1 1
v -8.5 3 -7.5 1 1 1
v -9 3 -7.5 1 1 1
v -9 1.5 -7.5 1 1 1
v -8.5 1.5 -7.5 1 1 1
v -9 3 -8.5 1 1 1
v -8.5 3 -8.5 1 1 1
v -8.5 1.5 -8.5 1 1 1
v -9 1.5 -8.5 1 1 1
v -8.5 3 -8.5 1 1 1
v -8.5 3 -7.5 1 1 1
v -8.5 1.5 -7.5 1 1 1
v -8.5 1.5 -8.5 1 1 1
v -9 3 -7.5 1 1 1
v -9 3 -8.5 1 1 1
v -9 1.5 -8.5 1 1 1
v -9 1.5 -7.5 1 1 1
vt 0.1171875 0.3125
vt 0.109375 0.3125
vt 0.109375 0.2890625
vt 0.1171875 0.2890625
vt 0.140625 0.3125
vt 0.1328125 0.3125
vt 0.1328125 0.2890625
vt 0.140625 0.2890625
v -9 3 -8.5 1 1 1
v -8.5 3 -8.5 1 1 1
v -8.5 3 -7.5 1 1 1
v -9 3 -7.5 1 1 1
v -8.5 3.5 -8.5 1 1 1
v -9 3.5 -8.5 1 1 1
v -9 3.5 -7.5 1 1 1
v -8.5 3.5 -7.5 1 1 1
v -8.5 3.5 -7.5 1 1 1
v -9 3.5 -7.5 1 1 1
v -9 3 -7.5 1 1 1
v -8.5 3 -7.5 1 1 1
v -9 3.5 -8.5 1 1 1
v -8.5 3.5 -8.5 1 1 1
v -8.5 3 -8.5 1 1 1
v -9 3 -8.5 1 1 1
v -8.5 3.5 -8.5 1 1 1
v -8.5 3.5 -7.5 1 1 1
v -8.5 3 -7.5 1 1 1
v -8.5 3 -8.5 1 1 1
v -9 3.5 -7.5 1 1 1
v -9 3.5 -8.5 1 1 1
v -9 3 -8.5 1 1 1
v -9 3 -7.5 1 1 1
vt 0.6484375 0.0546875
vt 0.640625 0.0546875
vt 0.640625 0.046875
vt 0.6484375 0.046875
vt 0.671875 0.0546875
vt 0.6640625 0.0546875
vt 0.6640625 0.046875
vt 0.671875 0.046875
v -8.5 2.5 -7.5 1 1 1
v -7.5 2.5 -7.5 1 1 1
v -7.5 2.5 -7 1 1 1
v -8.5 2.5 -7 1 1 1
v -7.5 3 -7.5 1 1 1
v -8.5 3 -7.5 1 1 1
v -8.5 3 -7 1 1 1
v -7.5 3 -7 1 1 1
v -7.5 3 -7 1 1 1
v -8.5 3 -7 1 1 1
v -8.5 2.5 -7 1 1 1
v -7.5 2.5 -7 1 1 1
v -8.5 3 -7.5 1 1 1
v -7.5 3 -7.5 1 1 1
v -7.5 2.5 -7.5 1 1 1
v -8.5 2.5 -7.5 1 1 1
v -7.5 3 -7.5 1 1 1
v -7.5 3 -7 1 1 1
v -7.5 2.5 -7 1 1 1
v -7.5 2.5 -7.5 1 1 1
v -8.5 3 -7 1 1 1
v -8.5 3 -7.5 1 1 1
v -8.5 2.5 -7.5 1 1 1
v -8.5 2.5 -7 1 1 1
vt 0.6484375 0.0390625
vt 0.6640625 0.0390625
vt 0.640625 0.0390625
vt 0.671875 0.0390625
v -8.5 2.5 -9 1 1 1
v -7.5 2.5 -9 1 1 1
v -7.5 2.5 -8.5 1 1 1
v -8.5 2.5 -8.5 1 1 1
v -7.5 3 -9 1 1 1
v -8.5 3 -9 1 1 1
v -8.5 3 -8.5 1 1 1
v -7.5 3 -8.5 1 1 1
v -7.5 3 -8.5 1 1 1
v -8.5 3 -8.5 1 1 1
v -8.5 2.5 -8.5 1 1 1
v -7.5 2.5 -8.5 1 1 1
v -8.5 3 -9 1 1 1
v -7.5 3 -9 1 1 1
v -7.5 2.5 -9 1 1 1
v -8.5 2.5 -9 1 1 1
v -7.5 3 -9 1 1 1
v -7.5 3 -8.5 1 1 1
v -7.5 2.5 -8.5 1 1 1
v -7.5 2.5 -9 1 1 1
v -8.5 3 -8.5 1 1 1
v -8.5 3 -9 1 1 1
v -8.5 2.5 -9 1 1 1
v -8.5 2.5 -8.5 1 1 1
v -8.5 3 -9 1 1 1
v -7.5 3 -9 1 1 1
v -7.5 3 -8.5 1 1 1
v -8.5 3 -8.5 1 1 1
v -7.5 4 -9 1 1 1
v -8.5 4 -9 1 1 1
v -8.5 4 -8.5 1 1 1
v -7.5 4 -8.5 1 1 1
v -7.5 4 -8.5 1 1 1
v -8.5 4 -8.5 1 1 1
v -8.5 3 -8.5 1 1 1
v -7.5 3 -8.5 1 1 1
v -8.5 4 -9 1 1 1
v -7.5 4 -9 1 1 1
v -7.5 3 -9 1 1 1
v -8.5 3 -9 1 1 1
v -7.5 4 -9 1 1 1
v -7.5 4 -8.5 1 1 1
v -7.5 3 -8.5 1 1 1
v -7.5 3 -9 1 1 1
v -8.5 4 -8.5 1 1 1
v -8.5 4 -9 1 1 1
v -8.5 3 -9 1 1 1
v -8.5 3 -8.5 1 1 1
vt 0.1328125 0.328125
vt 0.1171875 0.328125
vt 0.140625 0.328125
vt 0.109375 0.328125
v -8.5 3 -7.5 1 1 1
v -7.5 3 -7.5 1 1 1
v -7.5 3 -7 1 1 1
v -8.5 3 -7 1 1 1
v -7.5 4 -7.5 1 1 1
v -8.5 4 -7.5 1 1 1
v -8.5 4 -7 1 1 1
v -7.5 4 -7 1 1 1
v -7.5 4 -7 1 1 1
v -8.5 4 -7 1 1 1
v -8.5 3 -7 1 1 1
v -7.5 3 -7 1 1 1
v -8.5 4 -7.5 1 1 1
v -7.5 4 -7.5 1 1 1
v -7.5 3 -7.5 1 1 1
v -8.5 3 -7.5 1 1 1
v -7.5 4 -7.5 1 1 1
v -7.5 4 -7 1 1 1
v -7.5 3 -7 1 1 1
v -7.5 3 -7.5 1 1 1
v -8.5 4 -7 1 1 1
v -8.5 4 -7.5 1 1 1
v -8.5 3 -7.5 1 1 1
v -8.5 3 -7 1 1 1
v -9 3.5 -8.5 1 1 1
v -8.5 3.5 -8.5 1 1 1
v -8.5 3.5 -7.5 1 1 1
v -9 3.5 -7.5 1 1 1
v -8.5 4.5 -8.5 1 1 1
v -9 4.5 -8.5 1 1 1
v -9 4.5 -7.5 1 1 1
v -8.5 4.5 -7.5 1 1 1
v -8.5 4.5 -7.5 1 1 1
v -9 4.5 -7.5 1 1 1
v -9 3.5 -7.5 1 1 1
v -8.5 3.5 -7.5 1 1 1
v -9 4.5 -8.5 1 1 1
v -8.5 4.5 -8.5 1 1 1
v -8.5 3.5 -8.5 1 1 1
v -9 3.5 -8.5 1 1 1
v -8.5 4.5 -8.5 1 1 1
v -8.5 4.5 -7.5 1 1 1
v -8.5 3.5 -7.5 1 1 1
v -8.5 3.5 -8.5 1 1 1
v -9 4.5 -7.5 1 1 1
v -9 4.5 -8.5 1 1 1
v -9 3.5 -8.5 1 1 1
v -9 3.5 -7.5 1 1 1
vt 0.109375 0.3203125
vt 0.1171875 0.3203125
vt 0.1328125 0.3203125
vt 0.140625 0.3203125
v -8.5 1 -9 1 1 1
v -7.5 1 -9 1 1 1
v -7.5 1 -7 1 1 1
v -8.5 1 -7 1 1 1
v -7.5 1.5 -9 1 1 1
v -8.5 1.5 -9 1 1 1
v -8.5 1.5 -7 1 1 1
v -7.5 1.5 -7 1 1 1
v -7.5 1.5 -7 1 1 1
v -8.5 1.5 -7 1 1 1
v -8.5 1 -7 1 1 1
v -7.5 1 -7 1 1 1
v -8.5 1.5 -9 1 1 1
v -7.5 1.5 -9 1 1 1
v -7.5 1 -9 1 1 1
v -8.5 1 -9 1 1 1
v -7.5 1.5 -9 1 1 1
v -7.5 1.5 -7 1 1 1
v -7.5 1 -7 1 1 1
v -7.5 1 -9 1 1 1
v -8.5 1.5 -7 1 1 1
v -8.5 1.5 -9 1 1 1
v -8.5 1 -9 1 1 1
v -8.5 1 -7 1 1 1
v -8.5 1.5 -9 1 1 1
v -7.5 1.5 -9 1 1 1
v -7.5 1.5 -8.5 1 1 1
v -8.5 1.5 -8.5 1 1 1
v -7.5 2.5 -9 1 1 1
v -8.5 2.5 -9 1 1 1
v -8.5 2.5 -8.5 1 1 1
v -7.5 2.5 -8.5 1 1 1
v -7.5 2.5 -8.5 1 1 1
v -8.5 2.5 -8.5 1 1 1
v -8.5 1.5 -8.5 1 1 1
v -7.5 1.5 -8.5 1 1 1
v -8.5 2.5 -9 1 1 1
v -7.5 2.5 -9 1 1 1
v -7.5 1.5 -9 1 1 1
v -8.5 1.5 -9 1 1 1
v -7.5 2.5 -9 1 1 1
v -7.5 2.5 -8.5 1 1 1
v -7.5 1.5 -8.5 1 1 1
v -7.5 1.5 -9 1 1 1
v -8.5 2.5 -8.5 1 1 1
v -8.5 2.5 -9 1 1 1
v -8.5 1.5 -9 1 1 1
v -8.5 1.5 -8.5 1 1 1
vt 0.1328125 0.3046875
vt 0.1171875 0.3046875
vt 0.140625 0.3046875
vt 0.109375 0.3046875
v -8.5 1.5 -7.5 1 1 1
v -7.5 1.5 -7.5 1 1 1
v -7.5 1.5 -7 1 1 1
v -8.5 1.5 -7 1 1 1
v -7.5 2.5 -7.5 1 1 1
v -8.5 2.5 -7.5 1 1 1
v -8.5 2.5 -7 1 1 1
v -7.5 2.5 -7 1 1 1
v -7.5 2.5 -7 1 1 1
v -8.5 2.5 -7 1 1 1
v -8.5 1.5 -7 1 1 1
v -7.5 1.5 -7 1 1 1
v -8.5 2.5 -7.5 1 1 1
v -7.5 2.5 -7.5 1 1 1
v -7.5 1.5 -7.5 1 1 1
v -8.5 1.5 -7.5 1 1 1
v -7.5 2.5 -7.5 1 1 1
v -7.5 2.5 -7 1 1 1
v -7.5 1.5 -7 1 1 1
v -7.5 1.5 -7.5 1 1 1
v -8.5 2.5 -7 1 1 1
v -8.5 2.5 -7.5 1 1 1
v -8.5 1.5 -7.5 1 1 1
v -8.5 1.5 -7 1 1 1
v -7.5 3 -8.5 1 1 1
v -7 3 -8.5 1 1 1
v -7 3 -7.5 1 1 1
v -7.5 3 -7.5 1 1 1
v -7 3.5 -8.5 1 1 1
v -7.5 3.5 -8.5 1 1 1
v -7.5 3.5 -7.5 1 1 1
v -7 3.5 -7.5 1 1 1
v -7 3.5 -7.5 1 1 1
v -7.5 3.5 -7.5 1 1 1
v -7.5 3 -7.5 1 1 1
v -7 3 -7.5 1 1 1
v -7.5 3.5 -8.5 1 1 1
v -7 3.5 -8.5 1 1 1
v -7 3 -8.5 1 1 1
v -7.5 3 -8.5 1 1 1
v -7 3.5 -8.5 1 1 1
v -7 3.5 -7.5 1 1 1
v -7 3 -7.5 1 1 1
v -7 3 -8.5 1 1 1
v -7.5 3.5 -7.5 1 1 1
v -7.5 3.5 -8.5 1 1 1
v -7.5 3 -8.5 1 1 1
v -7.5 3 -7.5 1 1 1
v -7.5 3.5 -8.5 1 1 1
v -7 3.5 -8.5 1 1 1
v -7 3.5 -7.5 1 1 1
v -7.5 3.5 -7.5 1 1 1
v -7 4.5 -8.5 1 1 1
v -7.5 4.5 -8.5 1 1 1
v -7.5 4.5 -7.5 1 1 1
v -7 4.5 -7.5 1 1 1
v -7 4.5 -7.5 1 1 1
v -7.5 4.5 -7.5 1 1 1
v -7.5 3.5 -7.5 1 1 1
v -7 3.5 -7.5 1 1 1
v -7.5 4.5 -8.5 1 1 1
v -7 4.5 -8.5 1 1 1
v -7 3.5 -8.5 1 1 1
v -7.5 3.5 -8.5 1 1 1
v -7 4.5 -8.5 1 1 1
v -7 4.5 -7.5 1 1 1
v -7 3.5 -7.5 1 1 1
v -7 3.5 -8.5 1 1 1
v -7.5 4.5 -7.5 1 1 1
v -7.5 4.5 -8.5 1 1 1
v -7.5 3.5 -8.5 1 1 1
v -7.5 3.5 -7.5 1 1 1
v -7.5 1 -8.5 1 1 1
v -7 1 -8.5 1 1 1
v -7 1 -7.5 1 1 1
v -7.5 1 -7.5 1 1 1
v -7 1.5 -8.5 1 1 1
v -7.5 1.5 -8.5 1 1 1
v -7.5 1.5 -7.5 1 1 1
v -7 1.5 -7.5 1 1 1
v -7 1.5 -7.5 1 1 1
v -7.5 1.5 -7.5 1 1 1
v -7.5 1 -7.5 1 1 1
v -7 1 -7.5 1 1 1
v -7.5 1.5 -8.5 1 1 1
v -7 1.5 -8.5 1 1 1
v -7 1 -8.5 1 1 1
v -7.5 1 -8.5 1 1 1
v -7 1.5 -8.5 1 1 1
v -7 1.5 -7.5 1 1 1
v -7 1 -7.5 1 1 1
v -7 1 -8.5 1 1 1
v -7.5 1.5 -7.5 1 1 1
v -7.5 1.5 -8.5 1 1 1
v -7.5 1 -8.5 1 1 1
v -7.5 1 -7.5 1 1 1
v -7.5 1.5 -8.5 1 1 1
v -7 1.5 -8.5 1 1 1
v -7 1.5 -7.5 1 1 1
v -7.5 1.5 -7.5 1 1 1
v -7 3 -8.5 1 1 1
v -7.5 3 -8.5 1 1 1
v -7.5 3 -7.5 1 1 1
v -7 3 -7.5 1 1 1
v -7 3 -7.5 1 1 1
v -7.5 3 -7.5 1 1 1
v -7.5 1.5 -7.5 1 1 1
v -7 1.5 -7.5 1 1 1
v -7.5 3 -8.5 1 1 1
v -7 3 -8.5 1 1 1
v -7 1.5 -8.5 1 1 1
v -7.5 1.5 -8.5 1 1 1
v -7 3 -8.5 1 1 1
v -7 3 -7.5 1 1 1
v -7 1.5 -7.5 1 1 1
v -7 1.5 -8.5 1 1 1
v -7.5 3 -7.5 1 1 1
v -7.5 3 -8.5 1 1 1
v -7.5 1.5 -8.5 1 1 1
v -7.5 1.5 -7.5 1 1 1
v -8.5 1.5 -7 1 1 1
v -7.5 1.5 -7 1 1 1
v -7.5 1.5 -6.5 1 1 1
v -8.5 1.5 -6.5 1 1 1
v -7.5 2.5 -7 1 1 1
v -8.5 2.5 -7 1 1 1
v -8.5 2.5 -6.5 1 1 1
v -7.5 2.5 -6.5 1 1 1
v -7.5 2.5 -6.5 1 1 1
v -8.5 2.5 -6.5 1 1 1
v -8.5 1.5 -6.5 1 1 1
v -7.5 1.5 -6.5 1 1 1
v -8.5 2.5 -7 1 1 1
v -7.5 2.5 -7 1 1 1
v -7.5 1.5 -7 1 1 1
v -8.5 1.5 -7 1 1 1
v -7.5 2.5 -7 1 1 1
v -7.5 2.5 -6.5 1 1 1
v -7.5 1.5 -6.5 1 1 1
v -7.5 1.5 -7 1 1 1
v -8.5 2.5 -6.5 1 1 1
v -8.5 2.5 -7 1 1 1
v -8.5 1.5 -7 1 1 1
v -8.5 1.5 -6.5 1 1 1
vt 0.6328125 0.0390625
vt 0.6328125 0.0234375
vt 0.6796875 0.0390625
vt 0.6796875 0.0234375
v -8.5 1.5 -9.5 1 1 1
v -7.5 1.5 -9.5 1 1 1
v -7.5 1.5 -9 1 1 1
v -8.5 1.5 -9 1 1 1
v -7.5 2.5 -9.5 1 1 1
v -8.5 2.5 -9.5 1 1 1
v -8.5 2.5 -9 1 1 1
v -7.5 2.5 -9 1 1 1
v -7.5 2.5 -9 1 1 1
v -8.5 2.5 -9 1 1 1
v -8.5 1.5 -9 1 1 1
v -7.5 1.5 -9 1 1 1
v -8.5 2.5 -9.5 1 1 1
v -7.5 2.5 -9.5 1 1 1
v -7.5 1.5 -9.5 1 1 1
v -8.5 1.5 -9.5 1 1 1
v -7.5 2.5 -9.5 1 1 1
v -7.5 2.5 -9 1 1 1
v -7.5 1.5 -9 1 1 1
v -7.5 1.5 -9.5 1 1 1
v -8.5 2.5 -9 1 1 1
v -8.5 2.5 -9.5 1 1 1
v -8.5 1.5 -9.5 1 1 1
v -8.5 1.5 -9 1 1 1
v -7 1.5 -8.5 1 1 1
v -6.5 1.5 -8.5 1 1 1
v -6.5 1.5 -7.5 1 1 1
v -7 1.5 -7.5 1 1 1
v -6.5 2.5 -8.5 1 1 1
v -7 2.5 -8.5 1 1 1
v -7 2.5 -7.5 1 1 1
v -6.5 2.5 -7.5 1 1 1
v -6.5 2.5 -7.5 1 1 1
v -7 2.5 -7.5 1 1 1
v -7 1.5 -7.5 1 1 1
v -6.5 1.5 -7.5 1 1 1
v -7 2.5 -8.5 1 1 1
v -6.5 2.5 -8.5 1 1 1
v -6.5 1.5 -8.5 1 1 1
v -7 1.5 -8.5 1 1 1
v -6.5 2.5 -8.5 1 1 1
v -6.5 2.5 -7.5 1 1 1
v -6.5 1.5 -7.5 1 1 1
v -6.5 1.5 -8.5 1 1 1
v -7 2.5 -7.5 1 1 1
v -7 2.5 -8.5 1 1 1
v -7 1.5 -8.5 1 1 1
v -7 1.5 -7.5 1 1 1
vt 0.6328125 0.1328125
vt 0.6328125 0.1171875
v -9.5 1.5 -8.5 1 1 1
v -9 1.5 -8.5 1 1 1
v -9 1.5 -7.5 1 1 1
v -9.5 1.5 -7.5 1 1 1
v -9 2.5 -8.5 1 1 1
v -9.5 2.5 -8.5 1 1 1
v -9.5 2.5 -7.5 1 1 1
v -9 2.5 -7.5 1 1 1
v -9 2.5 -7.5 1 1 1
v -9.5 2.5 -7.5 1 1 1
v -9.5 1.5 -7.5 1 1 1
v -9 1.5 -7.5 1 1 1
v -9.5 2.5 -8.5 1 1 1
v -9 2.5 -8.5 1 1 1
v -9 1.5 -8.5 1 1 1
v -9.5 1.5 -8.5 1 1 1
v -9 2.5 -8.5 1 1 1
v -9 2.5 -7.5 1 1 1
v -9 1.5 -7.5 1 1 1
v -9 1.5 -8.5 1 1 1
v -9.5 2.5 -7.5 1 1 1
v -9.5 2.5 -8.5 1 1 1
v -9.5 1.5 -8.5 1 1 1
v -9.5 1.5 -7.5 1 1 1
vt 0.6796875 0.1328125
vt 0.6796875 0.1171875
v -10.5 16.5 -12 1 1 1
v -5.5 16.5 -12 1 1 1
v -5.5 16.5 -11.5 1 1 1
v -10.5 16.5 -11.5 1 1 1
v -5.5 17 -12 1 1 1
v -10.5 17 -12 1 1 1
v -10.5 17 -11.5 1 1 1
v -5.5 17 -11.5 1 1 1
v -5.5 17 -11.5 1 1 1
v -10.5 17 -11.5 1 1 1
v -10.5 16.5 -11.5 1 1 1
v -5.5 16.5 -11.5 1 1 1
v -10.5 17 -12 1 1 1
v -5.5 17 -12 1 1 1
v -5.5 16.5 -12 1 1 1
v -10.5 16.5 -12 1 1 1
v -5.5 17 -12 1 1 1
v -5.5 17 -11.5 1 1 1
v -5.5 16.5 -11.5 1 1 1
v -5.5 16.5 -12 1 1 1
v -10.5 17 -11.5 1 1 1
v -10.5 17 -12 1 1 1
v -10.5 16.5 -12 1 1 1
v -10.5 16.5 -11.5 1 1 1
vt 0.6953125 0.1875
vt 0.6171875 0.1875
vt 0.6171875 0.1796875
vt 0.6953125 0.1796875
vt 0.6171875 0.0625
vt 0.6953125 0.0625
vt 0.6953125 0.0703125
vt 0.6171875 0.0703125
vt 0.6953125 0.015625
vt 0.6171875 0.015625
vt 0.6171875 0.0078125
vt 0.6953125 0.0078125
vt 0.71875 0.015625
vt 0.7109375 0.0078125
vt 0.71875 0.0078125
vt 0.59375 0.015625
vt 0.59375 0.0078125
vt 0.6015625 0.0078125
v -10.5 15.5 -10.5 1 1 1
v -5.5 15.5 -10.5 1 1 1
v -5.5 15.5 -10 1 1 1
v -10.5 15.5 -10 1 1 1
v -5.5 16 -10.5 1 1 1
v -10.5 16 -10.5 1 1 1
v -10.5 16 -10 1 1 1
v -5.5 16 -10 1 1 1
v -5.5 16 -10 1 1 1
v -10.5 16 -10 1 1 1
v -10.5 15.5 -10 1 1 1
v -5.5 15.5 -10 1 1 1
v -10.5 16 -10.5 1 1 1
v -5.5 16 -10.5 1 1 1
v -5.5 15.5 -10.5 1 1 1
v -10.5 15.5 -10.5 1 1 1
v -5.5 16 -10.5 1 1 1
v -5.5 16 -10 1 1 1
v -5.5 15.5 -10 1 1 1
v -5.5 15.5 -10.5 1 1 1
v -10.5 16 -10 1 1 1
v -10.5 16 -10.5 1 1 1
v -10.5 15.5 -10.5 1 1 1
v -10.5 15.5 -10 1 1 1
vt 0.546875 0.015625
vt 0.53125 0.015625
vt 0.53125 0
vt 0.546875 0
v -10.5 15.5 -5.5 1 1 1
v -5.5 15.5 -5.5 1 1 1
v -5.5 15.5 -4.5 1 1 1
v -10.5 15.5 -4.5 1 1 1
v -5.5 16 -5.5 1 1 1
v -10.5 16 -5.5 1 1 1
v -10.5 16 -4.5 1 1 1
v -5.5 16 -4.5 1 1 1
v -5.5 16 -4.5 1 1 1
v -10.5 16 -4.5 1 1 1
v -10.5 15.5 -4.5 1 1 1
v -5.5 15.5 -4.5 1 1 1
v -10.5 16 -5.5 1 1 1
v -5.5 16 -5.5 1 1 1
v -5.5 15.5 -5.5 1 1 1
v -10.5 15.5 -5.5 1 1 1
v -5.5 16 -5.5 1 1 1
v -5.5 16 -4.5 1 1 1
v -5.5 15.5 -4.5 1 1 1
v -5.5 15.5 -5.5 1 1 1
v -10.5 16 -4.5 1 1 1
v -10.5 16 -5.5 1 1 1
v -10.5 15.5 -5.5 1 1 1
v -10.5 15.5 -4.5 1 1 1
vt 0.6953125 0.0859375
vt 0.6171875 0.0859375
vt 0.6171875 0.1640625
vt 0.6953125 0.1640625
vt 0.6953125 0.25
vt 0.6171875 0.25
vt 0.6171875 0.2421875
vt 0.6953125 0.2421875
vt 0.6015625 0.25
vt 0.6015625 0.2421875
vt 0.7109375 0.25
vt 0.7109375 0.2421875
v -10.5 21 -11.5 1 1 1
v -5.5 21 -11.5 1 1 1
v -5.5 21 -4.5 1 1 1
v -10.5 21 -4.5 1 1 1
v -5.5 21.5 -11.5 1 1 1
v -10.5 21.5 -11.5 1 1 1
v -10.5 21.5 -4.5 1 1 1
v -5.5 21.5 -4.5 1 1 1
v -5.5 21.5 -4.5 1 1 1
v -10.5 21.5 -4.5 1 1 1
v -10.5 21 -4.5 1 1 1
v -5.5 21 -4.5 1 1 1
v -10.5 21.5 -11.5 1 1 1
v -5.5 21.5 -11.5 1 1 1
v -5.5 21 -11.5 1 1 1
v -10.5 21 -11.5 1 1 1
v -5.5 21.5 -11.5 1 1 1
v -5.5 21.5 -4.5 1 1 1
v -5.5 21 -4.5 1 1 1
v -5.5 21 -11.5 1 1 1
v -10.5 21.5 -4.5 1 1 1
v -10.5 21.5 -11.5 1 1 1
v -10.5 21 -11.5 1 1 1
v -10.5 21 -4.5 1 1 1
vt 0.6171875 0.078125
vt 0.6953125 0.078125
vt 0.7109375 0.0859375
vt 0.6015625 0.0859375
v -10.5 16.5 -13 1 1 1
v -5.5 16.5 -13 1 1 1
v -5.5 16.5 -12.5 1 1 1
v -10.5 16.5 -12.5 1 1 1
v -5.5 20.5 -13 1 1 1
v -10.5 20.5 -13 1 1 1
v -10.5 20.5 -12.5 1 1 1
v -5.5 20.5 -12.5 1 1 1
v -5.5 20.5 -12.5 1 1 1
v -10.5 20.5 -12.5 1 1 1
v -10.5 16.5 -12.5 1 1 1
v -5.5 16.5 -12.5 1 1 1
v -10.5 20.5 -13 1 1 1
v -5.5 20.5 -13 1 1 1
v -5.5 16.5 -13 1 1 1
v -10.5 16.5 -13 1 1 1
v -5.5 20.5 -13 1 1 1
v -5.5 20.5 -12.5 1 1 1
v -5.5 16.5 -12.5 1 1 1
v -5.5 16.5 -13 1 1 1
v -10.5 20.5 -12.5 1 1 1
v -10.5 20.5 -13 1 1 1
v -10.5 16.5 -13 1 1 1
v -10.5 16.5 -12.5 1 1 1
vt 0.6953125 0.203125
vt 0.6171875 0.203125
vt 0.6171875 0.1953125
vt 0.6953125 0.1953125
vt 0.6171875 0.046875
vt 0.6953125 0.046875
vt 0.6953125 0.0546875
vt 0.6171875 0.0546875
vt 0.734375 0.0703125
vt 0.7265625 0.0703125
vt 0.7265625 0.0078125
vt 0.734375 0.0078125
vt 0.5859375 0.0703125
vt 0.578125 0.0703125
vt 0.578125 0.0078125
vt 0.5859375 0.0078125
v -10 16 -13 1 1 1
v -6 16 -13 1 1 1
v -6 16 -12.5 1 1 1
v -10 16 -12.5 1 1 1
v -6 16.5 -13 1 1 1
v -10 16.5 -13 1 1 1
v -10 16.5 -12.5 1 1 1
v -6 16.5 -12.5 1 1 1
v -6 16.5 -12.5 1 1 1
v -10 16.5 -12.5 1 1 1
v -10 16 -12.5 1 1 1
v -6 16 -12.5 1 1 1
v -10 16.5 -13 1 1 1
v -6 16.5 -13 1 1 1
v -6 16 -13 1 1 1
v -10 16 -13 1 1 1
v -6 16.5 -13 1 1 1
v -6 16.5 -12.5 1 1 1
v -6 16 -12.5 1 1 1
v -6 16 -13 1 1 1
v -10 16.5 -12.5 1 1 1
v -10 16.5 -13 1 1 1
v -10 16 -13 1 1 1
v -10 16 -12.5 1 1 1
vt 0.6875 0.203125
vt 0.625 0.203125
vt 0.625 0.1953125
vt 0.6875 0.1953125
vt 0.625 0.046875
vt 0.6875 0.046875
vt 0.6875 0.0546875
vt 0.625 0.0546875
vt 0.6875 0.0078125
vt 0.625 0.0078125
vt 0.625 0
vt 0.6875 0
vt 0.7265625 0
vt 0.734375 0
vt 0.578125 0
vt 0.5859375 0
v -10 20.5 -13 1 1 1
v -6 20.5 -13 1 1 1
v -6 20.5 -12.5 1 1 1
v -10 20.5 -12.5 1 1 1
v -6 21 -13 1 1 1
v -10 21 -13 1 1 1
v -10 21 -12.5 1 1 1
v -6 21 -12.5 1 1 1
v -6 21 -12.5 1 1 1
v -10 21 -12.5 1 1 1
v -10 20.5 -12.5 1 1 1
v -6 20.5 -12.5 1 1 1
v -10 21 -13 1 1 1
v -6 21 -13 1 1 1
v -6 20.5 -13 1 1 1
v -10 20.5 -13 1 1 1
v -6 21 -13 1 1 1
v -6 21 -12.5 1 1 1
v -6 20.5 -12.5 1 1 1
v -6 20.5 -13 1 1 1
v -10 21 -12.5 1 1 1
v -10 21 -13 1 1 1
v -10 20.5 -13 1 1 1
v -10 20.5 -12.5 1 1 1
vt 0.6875 0.078125
vt 0.625 0.078125
vt 0.625 0.0703125
vt 0.6875 0.0703125
vt 0.734375 0.078125
vt 0.7265625 0.078125
vt 0.5859375 0.078125
vt 0.578125 0.078125
v -10.5 16.5 -3.5 1 1 1
v -5.5 16.5 -3.5 1 1 1
v -5.5 16.5 -3 1 1 1
v -10.5 16.5 -3 1 1 1
v -5.5 20.5 -3.5 1 1 1
v -10.5 20.5 -3.5 1 1 1
v -10.5 20.5 -3 1 1 1
v -5.5 20.5 -3 1 1 1
v -5.5 20.5 -3 1 1 1
v -10.5 20.5 -3 1 1 1
v -10.5 16.5 -3 1 1 1
v -5.5 16.5 -3 1 1 1
v -10.5 20.5 -3.5 1 1 1
v -5.5 20.5 -3.5 1 1 1
v -5.5 16.5 -3.5 1 1 1
v -10.5 16.5 -3.5 1 1 1
v -5.5 20.5 -3.5 1 1 1
v -5.5 20.5 -3 1 1 1
v -5.5 16.5 -3 1 1 1
v -5.5 16.5 -3.5 1 1 1
v -10.5 20.5 -3 1 1 1
v -10.5 20.5 -3.5 1 1 1
v -10.5 16.5 -3.5 1 1 1
v -10.5 16.5 -3 1 1 1
v -10 16 -3.5 1 1 1
v -6 16 -3.5 1 1 1
v -6 16 -3 1 1 1
v -10 16 -3 1 1 1
v -6 16.5 -3.5 1 1 1
v -10 16.5 -3.5 1 1 1
v -10 16.5 -3 1 1 1
v -6 16.5 -3 1 1 1
v -6 16.5 -3 1 1 1
v -10 16.5 -3 1 1 1
v -10 16 -3 1 1 1
v -6 16 -3 1 1 1
v -10 16.5 -3.5 1 1 1
v -6 16.5 -3.5 1 1 1
v -6 16 -3.5 1 1 1
v -10 16 -3.5 1 1 1
v -6 16.5 -3.5 1 1 1
v -6 16.5 -3 1 1 1
v -6 16 -3 1 1 1
v -6 16 -3.5 1 1 1
v -10 16.5 -3 1 1 1
v -10 16.5 -3.5 1 1 1
v -10 16 -3.5 1 1 1
v -10 16 -3 1 1 1
v -10 20.5 -3.5 1 1 1
v -6 20.5 -3.5 1 1 1
v -6 20.5 -3 1 1 1
v -10 20.5 -3 1 1 1
v -6 21 -3.5 1 1 1
v -10 21 -3.5 1 1 1
v -10 21 -3 1 1 1
v -6 21 -3 1 1 1
v -6 21 -3 1 1 1
v -10 21 -3 1 1 1
v -10 20.5 -3 1 1 1
v -6 20.5 -3 1 1 1
v -10 21 -3.5 1 1 1
v -6 21 -3.5 1 1 1
v -6 20.5 -3.5 1 1 1
v -10 20.5 -3.5 1 1 1
v -6 21 -3.5 1 1 1
v -6 21 -3 1 1 1
v -6 20.5 -3 1 1 1
v -6 20.5 -3.5 1 1 1
v -10 21 -3 1 1 1
v -10 21 -3.5 1 1 1
v -10 20.5 -3.5 1 1 1
v -10 20.5 -3 1 1 1
v -10.5 15.5 -11.5 1 1 1
v -5.5 15.5 -11.5 1 1 1
v -5.5 15.5 -10.5 1 1 1
v -10.5 15.5 -10.5 1 1 1
v -5.5 16 -11.5 1 1 1
v -10.5 16 -11.5 1 1 1
v -10.5 16 -10.5 1 1 1
v -5.5 16 -10.5 1 1 1
v -5.5 16 -10.5 1 1 1
v -10.5 16 -10.5 1 1 1
v -10.5 15.5 -10.5 1 1 1
v -5.5 15.5 -10.5 1 1 1
v -10.5 16 -11.5 1 1 1
v -5.5 16 -11.5 1 1 1
v -5.5 15.5 -11.5 1 1 1
v -10.5 15.5 -11.5 1 1 1
v -5.5 16 -11.5 1 1 1
v -5.5 16 -10.5 1 1 1
v -5.5 15.5 -10.5 1 1 1
v -5.5 15.5 -11.5 1 1 1
v -10.5 16 -10.5 1 1 1
v -10.5 16 -11.5 1 1 1
v -10.5 15.5 -11.5 1 1 1
v -10.5 15.5 -10.5 1 1 1
v -10.5 15.5 -6 1 1 1
v -5.5 15.5 -6 1 1 1
v -5.5 15.5 -5.5 1 1 1
v -10.5 15.5 -5.5 1 1 1
v -5.5 16 -6 1 1 1
v -10.5 16 -6 1 1 1
v -10.5 16 -5.5 1 1 1
v -5.5 16 -5.5 1 1 1
v -5.5 16 -5.5 1 1 1
v -10.5 16 -5.5 1 1 1
v -10.5 15.5 -5.5 1 1 1
v -5.5 15.5 -5.5 1 1 1
v -10.5 16 -6 1 1 1
v -5.5 16 -6 1 1 1
v -5.5 15.5 -6 1 1 1
v -10.5 15.5 -6 1 1 1
v -5.5 16 -6 1 1 1
v -5.5 16 -5.5 1 1 1
v -5.5 15.5 -5.5 1 1 1
v -5.5 15.5 -6 1 1 1
v -10.5 16 -5.5 1 1 1
v -10.5 16 -6 1 1 1
v -10.5 15.5 -6 1 1 1
v -10.5 15.5 -5.5 1 1 1
v -10.5 15.5 -10 1 1 1
v -5.5 15.5 -10 1 1 1
v -5.5 15.5 -6 1 1 1
v -10.5 15.5 -6 1 1 1
v -5.5 16 -10 1 1 1
v -10.5 16 -10 1 1 1
v -10.5 16 -6 1 1 1
v -5.5 16 -6 1 1 1
v -5.5 16 -6 1 1 1
v -10.5 16 -6 1 1 1
v -10.5 15.5 -6 1 1 1
v -5.5 15.5 -6 1 1 1
v -10.5 16 -10 1 1 1
v -5.5 16 -10 1 1 1
v -5.5 15.5 -10 1 1 1
v -10.5 15.5 -10 1 1 1
v -5.5 16 -10 1 1 1
v -5.5 16 -6 1 1 1
v -5.5 15.5 -6 1 1 1
v -5.5 15.5 -10 1 1 1
v -10.5 16 -6 1 1 1
v -10.5 16 -10 1 1 1
v -10.5 15.5 -10 1 1 1
v -10.5 15.5 -6 1 1 1
vt 0.6953125 0.15625
vt 0.6171875 0.15625
vt 0.6171875 0.09375
vt 0.6953125 0.09375
vt 0.6875 0.25
vt 0.625 0.25
vt 0.625 0.2421875
vt 0.6875 0.2421875
v -11 16 -6 1 1 1
v -5 16 -6 1 1 1
v -5 16 -4.5 1 1 1
v -11 16 -4.5 1 1 1
v -5 16.5 -6 1 1 1
v -11 16.5 -6 1 1 1
v -11 16.5 -4.5 1 1 1
v -5 16.5 -4.5 1 1 1
v -5 16.5 -4.5 1 1 1
v -11 16.5 -4.5 1 1 1
v -11 16 -4.5 1 1 1
v -5 16 -4.5 1 1 1
v -11 16.5 -6 1 1 1
v -5 16.5 -6 1 1 1
v -5 16 -6 1 1 1
v -11 16 -6 1 1 1
v -5 16.5 -6 1 1 1
v -5 16.5 -4.5 1 1 1
v -5 16 -4.5 1 1 1
v -5 16 -6 1 1 1
v -11 16.5 -4.5 1 1 1
v -11 16.5 -6 1 1 1
v -11 16 -6 1 1 1
v -11 16 -4.5 1 1 1
v -11 16 -11.5 1 1 1
v -5 16 -11.5 1 1 1
v -5 16 -10 1 1 1
v -11 16 -10 1 1 1
v -5 16.5 -11.5 1 1 1
v -11 16.5 -11.5 1 1 1
v -11 16.5 -10 1 1 1
v -5 16.5 -10 1 1 1
v -5 16.5 -10 1 1 1
v -11 16.5 -10 1 1 1
v -11 16 -10 1 1 1
v -5 16 -10 1 1 1
v -11 16.5 -11.5 1 1 1
v -5 16.5 -11.5 1 1 1
v -5 16 -11.5 1 1 1
v -11 16 -11.5 1 1 1
v -5 16.5 -11.5 1 1 1
v -5 16.5 -10 1 1 1
v -5 16 -10 1 1 1
v -5 16 -11.5 1 1 1
v -11 16.5 -10 1 1 1
v -11 16.5 -11.5 1 1 1
v -11 16 -11.5 1 1 1
v -11 16 -10 1 1 1
v -11 16.5 -10 1 1 1
v -5 16.5 -10 1 1 1
v -5 16.5 -6 1 1 1
v -11 16.5 -6 1 1 1
v -5 17 -10 1 1 1
v -11 17 -10 1 1 1
v -11 17 -6 1 1 1
v -5 17 -6 1 1 1
v -5 17 -6 1 1 1
v -11 17 -6 1 1 1
v -11 16.5 -6 1 1 1
v -5 16.5 -6 1 1 1
v -11 17 -10 1 1 1
v -5 17 -10 1 1 1
v -5 16.5 -10 1 1 1
v -11 16.5 -10 1 1 1
v -5 17 -10 1 1 1
v -5 17 -6 1 1 1
v -5 16.5 -6 1 1 1
v -5 16.5 -10 1 1 1
v -11 17 -6 1 1 1
v -11 17 -10 1 1 1
v -11 16.5 -10 1 1 1
v -11 16.5 -6 1 1 1
v -11 16 -10 1 1 1
v -5 16 -10 1 1 1
v -5 16 -6 1 1 1
v -11 16 -6 1 1 1
v -5 16.5 -10 1 1 1
v -11 16.5 -10 1 1 1
v -11 16.5 -6 1 1 1
v -5 16.5 -6 1 1 1
v -5 16.5 -6 1 1 1
v -11 16.5 -6 1 1 1
v -11 16 -6 1 1 1
v -5 16 -6 1 1 1
v -11 16.5 -10 1 1 1
v -5 16.5 -10 1 1 1
v -5 16 -10 1 1 1
v -11 16 -10 1 1 1
v -5 16.5 -10 1 1 1
v -5 16.5 -6 1 1 1
v -5 16 -6 1 1 1
v -5 16 -10 1 1 1
v -11 16.5 -6 1 1 1
v -11 16.5 -10 1 1 1
v -11 16 -10 1 1 1
v -11 16 -6 1 1 1
vt 0.703125 0.15625
vt 0.609375 0.15625
vt 0.609375 0.09375
vt 0.703125 0.09375
vt 0.703125 0.0078125
vt 0.609375 0.0078125
vt 0.609375 0
vt 0.703125 0
v -11 16.5 -6 1 1 1
v -5 16.5 -6 1 1 1
v -5 16.5 -4.5 1 1 1
v -11 16.5 -4.5 1 1 1
v -5 17 -6 1 1 1
v -11 17 -6 1 1 1
v -11 17 -4.5 1 1 1
v -5 17 -4.5 1 1 1
v -5 17 -4.5 1 1 1
v -11 17 -4.5 1 1 1
v -11 16.5 -4.5 1 1 1
v -5 16.5 -4.5 1 1 1
v -11 17 -6 1 1 1
v -5 17 -6 1 1 1
v -5 16.5 -6 1 1 1
v -11 16.5 -6 1 1 1
v -5 17 -6 1 1 1
v -5 17 -4.5 1 1 1
v -5 16.5 -4.5 1 1 1
v -5 16.5 -6 1 1 1
v -11 17 -4.5 1 1 1
v -11 17 -6 1 1 1
v -11 16.5 -6 1 1 1
v -11 16.5 -4.5 1 1 1
vt 0.625 0.015625
vt 0.6875 0.015625
v -11 16.5 -11.5 1 1 1
v -5 16.5 -11.5 1 1 1
v -5 16.5 -10 1 1 1
v -11 16.5 -10 1 1 1
v -5 17 -11.5 1 1 1
v -11 17 -11.5 1 1 1
v -11 17 -10 1 1 1
v -5 17 -10 1 1 1
v -5 17 -10 1 1 1
v -11 17 -10 1 1 1
v -11 16.5 -10 1 1 1
v -5 16.5 -10 1 1 1
v -11 17 -11.5 1 1 1
v -5 17 -11.5 1 1 1
v -5 16.5 -11.5 1 1 1
v -11 16.5 -11.5 1 1 1
v -5 17 -11.5 1 1 1
v -5 17 -10 1 1 1
v -5 16.5 -10 1 1 1
v -5 16.5 -11.5 1 1 1
v -11 17 -10 1 1 1
v -11 17 -11.5 1 1 1
v -11 16.5 -11.5 1 1 1
v -11 16.5 -10 1 1 1
v -10.5 16.5 -4.5 1 1 1
v -5.5 16.5 -4.5 1 1 1
v -5.5 16.5 -4 1 1 1
v -10.5 16.5 -4 1 1 1
v -5.5 17 -4.5 1 1 1
v -10.5 17 -4.5 1 1 1
v -10.5 17 -4 1 1 1
v -5.5 17 -4 1 1 1
v -5.5 17 -4 1 1 1
v -10.5 17 -4 1 1 1
v -10.5 16.5 -4 1 1 1
v -5.5 16.5 -4 1 1 1
v -10.5 17 -4.5 1 1 1
v -5.5 17 -4.5 1 1 1
v -5.5 16.5 -4.5 1 1 1
v -10.5 16.5 -4.5 1 1 1
v -5.5 17 -4.5 1 1 1
v -5.5 17 -4 1 1 1
v -5.5 16.5 -4 1 1 1
v -5.5 16.5 -4.5 1 1 1
v -10.5 17 -4 1 1 1
v -10.5 17 -4.5 1 1 1
v -10.5 16.5 -4.5 1 1 1
v -10.5 16.5 -4 1 1 1
v -10.5 17.5 -4.5 1 1 1
v -5.5 17.5 -4.5 1 1 1
v -5.5 17.5 -4 1 1 1
v -10.5 17.5 -4 1 1 1
v -5.5 18 -4.5 1 1 1
v -10.5 18 -4.5 1 1 1
v -10.5 18 -4 1 1 1
v -5.5 18 -4 1 1 1
v -5.5 18 -4 1 1 1
v -10.5 18 -4 1 1 1
v -10.5 17.5 -4 1 1 1
v -5.5 17.5 -4 1 1 1
v -10.5 18 -4.5 1 1 1
v -5.5 18 -4.5 1 1 1
v -5.5 17.5 -4.5 1 1 1
v -10.5 17.5 -4.5 1 1 1
v -5.5 18 -4.5 1 1 1
v -5.5 18 -4 1 1 1
v -5.5 17.5 -4 1 1 1
v -5.5 17.5 -4.5 1 1 1
v -10.5 18 -4 1 1 1
v -10.5 18 -4.5 1 1 1
v -10.5 17.5 -4.5 1 1 1
v -10.5 17.5 -4 1 1 1
v -10.5 18.5 -4.5 1 1 1
v -5.5 18.5 -4.5 1 1 1
v -5.5 18.5 -4 1 1 1
v -10.5 18.5 -4 1 1 1
v -5.5 19 -4.5 1 1 1
v -10.5 19 -4.5 1 1 1
v -10.5 19 -4 1 1 1
v -5.5 19 -4 1 1 1
v -5.5 19 -4 1 1 1
v -10.5 19 -4 1 1 1
v -10.5 18.5 -4 1 1 1
v -5.5 18.5 -4 1 1 1
v -10.5 19 -4.5 1 1 1
v -5.5 19 -4.5 1 1 1
v -5.5 18.5 -4.5 1 1 1
v -10.5 18.5 -4.5 1 1 1
v -5.5 19 -4.5 1 1 1
v -5.5 19 -4 1 1 1
v -5.5 18.5 -4 1 1 1
v -5.5 18.5 -4.5 1 1 1
v -10.5 19 -4 1 1 1
v -10.5 19 -4.5 1 1 1
v -10.5 18.5 -4.5 1 1 1
v -10.5 18.5 -4 1 1 1
v -10.5 20 -12 1 1 1
v -5.5 20 -12 1 1 1
v -5.5 20 -11.5 1 1 1
v -10.5 20 -11.5 1 1 1
v -5.5 20.5 -12 1 1 1
v -10.5 20.5 -12 1 1 1
v -10.5 20.5 -11.5 1 1 1
v -5.5 20.5 -11.5 1 1 1
v -5.5 20.5 -11.5 1 1 1
v -10.5 20.5 -11.5 1 1 1
v -10.5 20 -11.5 1 1 1
v -5.5 20 -11.5 1 1 1
v -10.5 20.5 -12 1 1 1
v -5.5 20.5 -12 1 1 1
v -5.5 20 -12 1 1 1
v -10.5 20 -12 1 1 1
v -5.5 20.5 -12 1 1 1
v -5.5 20.5 -11.5 1 1 1
v -5.5 20 -11.5 1 1 1
v -5.5 20 -12 1 1 1
v -10.5 20.5 -11.5 1 1 1
v -10.5 20.5 -12 1 1 1
v -10.5 20 -12 1 1 1
v -10.5 20 -11.5 1 1 1
v -10.5 19 -12 1 1 1
v -5.5 19 -12 1 1 1
v -5.5 19 -11.5 1 1 1
v -10.5 19 -11.5 1 1 1
v -5.5 19.5 -12 1 1 1
v -10.5 19.5 -12 1 1 1
v -10.5 19.5 -11.5 1 1 1
v -5.5 19.5 -11.5 1 1 1
v -5.5 19.5 -11.5 1 1 1
v -10.5 19.5 -11.5 1 1 1
v -10.5 19 -11.5 1 1 1
v -5.5 19 -11.5 1 1 1
v -10.5 19.5 -12 1 1 1
v -5.5 19.5 -12 1 1 1
v -5.5 19 -12 1 1 1
v -10.5 19 -12 1 1 1
v -5.5 19.5 -12 1 1 1
v -5.5 19.5 -11.5 1 1 1
v -5.5 19 -11.5 1 1 1
v -5.5 19 -12 1 1 1
v -10.5 19.5 -11.5 1 1 1
v -10.5 19.5 -12 1 1 1
v -10.5 19 -12 1 1 1
v -10.5 19 -11.5 1 1 1
v -10.5 18 -12 1 1 1
v -5.5 18 -12 1 1 1
v -5.5 18 -11.5 1 1 1
v -10.5 18 -11.5 1 1 1
v -5.5 18.5 -12 1 1 1
v -10.5 18.5 -12 1 1 1
v -10.5 18.5 -11.5 1 1 1
v -5.5 18.5 -11.5 1 1 1
v -5.5 18.5 -11.5 1 1 1
v -10.5 18.5 -11.5 1 1 1
v -10.5 18 -11.5 1 1 1
v -5.5 18 -11.5 1 1 1
v -10.5 18.5 -12 1 1 1
v -5.5 18.5 -12 1 1 1
v -5.5 18 -12 1 1 1
v -10.5 18 -12 1 1 1
v -5.5 18.5 -12 1 1 1
v -5.5 18.5 -11.5 1 1 1
v -5.5 18 -11.5 1 1 1
v -5.5 18 -12 1 1 1
v -10.5 18.5 -11.5 1 1 1
v -10.5 18.5 -12 1 1 1
v -10.5 18 -12 1 1 1
v -10.5 18 -11.5 1 1 1
v -10.5 17 -12 1 1 1
v -5.5 17 -12 1 1 1
v -5.5 17 -11.5 1 1 1
v -10.5 17 -11.5 1 1 1
v -5.5 17.5 -12 1 1 1
v -10.5 17.5 -12 1 1 1
v -10.5 17.5 -11.5 1 1 1
v -5.5 17.5 -11.5 1 1 1
v -5.5 17.5 -11.5 1 1 1
v -10.5 17.5 -11.5 1 1 1
v -10.5 17 -11.5 1 1 1
v -5.5 17 -11.5 1 1 1
v -10.5 17.5 -12 1 1 1
v -5.5 17.5 -12 1 1 1
v -5.5 17 -12 1 1 1
v -10.5 17 -12 1 1 1
v -5.5 17.5 -12 1 1 1
v -5.5 17.5 -11.5 1 1 1
v -5.5 17 -11.5 1 1 1
v -5.5 17 -12 1 1 1
v -10.5 17.5 -11.5 1 1 1
v -10.5 17.5 -12 1 1 1
v -10.5 17 -12 1 1 1
v -10.5 17 -11.5 1 1 1
v -10.5 20 -4.5 1 1 1
v -5.5 20 -4.5 1 1 1
v -5.5 20 -4 1 1 1
v -10.5 20 -4 1 1 1
v -5.5 20.5 -4.5 1 1 1
v -10.5 20.5 -4.5 1 1 1
v -10.5 20.5 -4 1 1 1
v -5.5 20.5 -4 1 1 1
v -5.5 20.5 -4 1 1 1
v -10.5 20.5 -4 1 1 1
v -10.5 20 -4 1 1 1
v -5.5 20 -4 1 1 1
v -10.5 20.5 -4.5 1 1 1
v -5.5 20.5 -4.5 1 1 1
v -5.5 20 -4.5 1 1 1
v -10.5 20 -4.5 1 1 1
v -5.5 20.5 -4.5 1 1 1
v -5.5 20.5 -4 1 1 1
v -5.5 20 -4 1 1 1
v -5.5 20 -4.5 1 1 1
v -10.5 20.5 -4 1 1 1
v -10.5 20.5 -4.5 1 1 1
v -10.5 20 -4.5 1 1 1
v -10.5 20 -4 1 1 1
vt 0.6015625 0.0703125
vt 0.59375 0.0703125
vt 0.59375 0.0625
vt 0.6015625 0.0625
vt 0.71875 0.0703125
vt 0.7109375 0.0703125
vt 0.7109375 0.0625
vt 0.71875 0.0625
v -10.5 19.5 -4.5 1 1 1
v -5.5 19.5 -4.5 1 1 1
v -5.5 19.5 -4 1 1 1
v -10.5 19.5 -4 1 1 1
v -5.5 20 -4.5 1 1 1
v -10.5 20 -4.5 1 1 1
v -10.5 20 -4 1 1 1
v -5.5 20 -4 1 1 1
v -5.5 20 -4 1 1 1
v -10.5 20 -4 1 1 1
v -10.5 19.5 -4 1 1 1
v -5.5 19.5 -4 1 1 1
v -10.5 20 -4.5 1 1 1
v -5.5 20 -4.5 1 1 1
v -5.5 19.5 -4.5 1 1 1
v -10.5 19.5 -4.5 1 1 1
v -5.5 20 -4.5 1 1 1
v -5.5 20 -4 1 1 1
v -5.5 19.5 -4 1 1 1
v -5.5 19.5 -4.5 1 1 1
v -10.5 20 -4 1 1 1
v -10.5 20 -4.5 1 1 1
v -10.5 19.5 -4.5 1 1 1
v -10.5 19.5 -4 1 1 1
v -10.5 19 -4.5 1 1 1
v -5.5 19 -4.5 1 1 1
v -5.5 19 -4 1 1 1
v -10.5 19 -4 1 1 1
v -5.5 19.5 -4.5 1 1 1
v -10.5 19.5 -4.5 1 1 1
v -10.5 19.5 -4 1 1 1
v -5.5 19.5 -4 1 1 1
v -5.5 19.5 -4 1 1 1
v -10.5 19.5 -4 1 1 1
v -10.5 19 -4 1 1 1
v -5.5 19 -4 1 1 1
v -10.5 19.5 -4.5 1 1 1
v -5.5 19.5 -4.5 1 1 1
v -5.5 19 -4.5 1 1 1
v -10.5 19 -4.5 1 1 1
v -5.5 19.5 -4.5 1 1 1
v -5.5 19.5 -4 1 1 1
v -5.5 19 -4 1 1 1
v -5.5 19 -4.5 1 1 1
v -10.5 19.5 -4 1 1 1
v -10.5 19.5 -4.5 1 1 1
v -10.5 19 -4.5 1 1 1
v -10.5 19 -4 1 1 1
vt 0.6015625 0.0546875
vt 0.59375 0.0546875
vt 0.59375 0.046875
vt 0.6015625 0.046875
vt 0.71875 0.0546875
vt 0.7109375 0.0546875
vt 0.7109375 0.046875
vt 0.71875 0.046875
v -10.5 18 -4.5 1 1 1
v -5.5 18 -4.5 1 1 1
v -5.5 18 -4 1 1 1
v -10.5 18 -4 1 1 1
v -5.5 18.5 -4.5 1 1 1
v -10.5 18.5 -4.5 1 1 1
v -10.5 18.5 -4 1 1 1
v -5.5 18.5 -4 1 1 1
v -5.5 18.5 -4 1 1 1
v -10.5 18.5 -4 1 1 1
v -10.5 18 -4 1 1 1
v -5.5 18 -4 1 1 1
v -10.5 18.5 -4.5 1 1 1
v -5.5 18.5 -4.5 1 1 1
v -5.5 18 -4.5 1 1 1
v -10.5 18 -4.5 1 1 1
v -5.5 18.5 -4.5 1 1 1
v -5.5 18.5 -4 1 1 1
v -5.5 18 -4 1 1 1
v -5.5 18 -4.5 1 1 1
v -10.5 18.5 -4 1 1 1
v -10.5 18.5 -4.5 1 1 1
v -10.5 18 -4.5 1 1 1
v -10.5 18 -4 1 1 1
vt 0.6953125 0.0390625
vt 0.6171875 0.0390625
vt 0.6171875 0.03125
vt 0.6953125 0.03125
vt 0.6015625 0.0390625
vt 0.59375 0.0390625
vt 0.59375 0.03125
vt 0.6015625 0.03125
vt 0.71875 0.0390625
vt 0.7109375 0.0390625
vt 0.7109375 0.03125
vt 0.71875 0.03125
v -10.5 17 -4.5 1 1 1
v -5.5 17 -4.5 1 1 1
v -5.5 17 -4 1 1 1
v -10.5 17 -4 1 1 1
v -5.5 17.5 -4.5 1 1 1
v -10.5 17.5 -4.5 1 1 1
v -10.5 17.5 -4 1 1 1
v -5.5 17.5 -4 1 1 1
v -5.5 17.5 -4 1 1 1
v -10.5 17.5 -4 1 1 1
v -10.5 17 -4 1 1 1
v -5.5 17 -4 1 1 1
v -10.5 17.5 -4.5 1 1 1
v -5.5 17.5 -4.5 1 1 1
v -5.5 17 -4.5 1 1 1
v -10.5 17 -4.5 1 1 1
v -5.5 17.5 -4.5 1 1 1
v -5.5 17.5 -4 1 1 1
v -5.5 17 -4 1 1 1
v -5.5 17 -4.5 1 1 1
v -10.5 17.5 -4 1 1 1
v -10.5 17.5 -4.5 1 1 1
v -10.5 17 -4.5 1 1 1
v -10.5 17 -4 1 1 1
vt 0.6953125 0.0234375
vt 0.6171875 0.0234375
vt 0.6015625 0.0234375
vt 0.59375 0.0234375
vt 0.71875 0.0234375
vt 0.7109375 0.0234375
v -10.5 17.5 -12 1 1 1
v -5.5 17.5 -12 1 1 1
v -5.5 17.5 -11.5 1 1 1
v -10.5 17.5 -11.5 1 1 1
v -5.5 18 -12 1 1 1
v -10.5 18 -12 1 1 1
v -10.5 18 -11.5 1 1 1
v -5.5 18 -11.5 1 1 1
v -5.5 18 -11.5 1 1 1
v -10.5 18 -11.5 1 1 1
v -10.5 17.5 -11.5 1 1 1
v -5.5 17.5 -11.5 1 1 1
v -10.5 18 -12 1 1 1
v -5.5 18 -12 1 1 1
v -5.5 17.5 -12 1 1 1
v -10.5 17.5 -12 1 1 1
v -5.5 18 -12 1 1 1
v -5.5 18 -11.5 1 1 1
v -5.5 17.5 -11.5 1 1 1
v -5.5 17.5 -12 1 1 1
v -10.5 18 -11.5 1 1 1
v -10.5 18 -12 1 1 1
v -10.5 17.5 -12 1 1 1
v -10.5 17.5 -11.5 1 1 1
v -10.5 18.5 -12 1 1 1
v -5.5 18.5 -12 1 1 1
v -5.5 18.5 -11.5 1 1 1
v -10.5 18.5 -11.5 1 1 1
v -5.5 19 -12 1 1 1
v -10.5 19 -12 1 1 1
v -10.5 19 -11.5 1 1 1
v -5.5 19 -11.5 1 1 1
v -5.5 19 -11.5 1 1 1
v -10.5 19 -11.5 1 1 1
v -10.5 18.5 -11.5 1 1 1
v -5.5 18.5 -11.5 1 1 1
v -10.5 19 -12 1 1 1
v -5.5 19 -12 1 1 1
v -5.5 18.5 -12 1 1 1
v -10.5 18.5 -12 1 1 1
v -5.5 19 -12 1 1 1
v -5.5 19 -11.5 1 1 1
v -5.5 18.5 -11.5 1 1 1
v -5.5 18.5 -12 1 1 1
v -10.5 19 -11.5 1 1 1
v -10.5 19 -12 1 1 1
v -10.5 18.5 -12 1 1 1
v -10.5 18.5 -11.5 1 1 1
v -10.5 19.5 -12 1 1 1
v -5.5 19.5 -12 1 1 1
v -5.5 19.5 -11.5 1 1 1
v -10.5 19.5 -11.5 1 1 1
v -5.5 20 -12 1 1 1
v -10.5 20 -12 1 1 1
v -10.5 20 -11.5 1 1 1
v -5.5 20 -11.5 1 1 1
v -5.5 20 -11.5 1 1 1
v -10.5 20 -11.5 1 1 1
v -10.5 19.5 -11.5 1 1 1
v -5.5 19.5 -11.5 1 1 1
v -10.5 20 -12 1 1 1
v -5.5 20 -12 1 1 1
v -5.5 19.5 -12 1 1 1
v -10.5 19.5 -12 1 1 1
v -5.5 20 -12 1 1 1
v -5.5 20 -11.5 1 1 1
v -5.5 19.5 -11.5 1 1 1
v -5.5 19.5 -12 1 1 1
v -10.5 20 -11.5 1 1 1
v -10.5 20 -12 1 1 1
v -10.5 19.5 -12 1 1 1
v -10.5 19.5 -11.5 1 1 1
v -10.5 20 -4 1 1 1
v -5.5 20 -4 1 1 1
v -5.5 20 -3.5 1 1 1
v -10.5 20 -3.5 1 1 1
v -5.5 20.5 -4 1 1 1
v -10.5 20.5 -4 1 1 1
v -10.5 20.5 -3.5 1 1 1
v -5.5 20.5 -3.5 1 1 1
v -5.5 20.5 -3.5 1 1 1
v -10.5 20.5 -3.5 1 1 1
v -10.5 20 -3.5 1 1 1
v -5.5 20 -3.5 1 1 1
v -10.5 20.5 -4 1 1 1
v -5.5 20.5 -4 1 1 1
v -5.5 20 -4 1 1 1
v -10.5 20 -4 1 1 1
v -5.5 20.5 -4 1 1 1
v -5.5 20.5 -3.5 1 1 1
v -5.5 20 -3.5 1 1 1
v -5.5 20 -4 1 1 1
v -10.5 20.5 -3.5 1 1 1
v -10.5 20.5 -4 1 1 1
v -10.5 20 -4 1 1 1
v -10.5 20 -3.5 1 1 1
v -10.5 19.5 -4 1 1 1
v -5.5 19.5 -4 1 1 1
v -5.5 19.5 -3.5 1 1 1
v -10.5 19.5 -3.5 1 1 1
v -5.5 20 -4 1 1 1
v -10.5 20 -4 1 1 1
v -10.5 20 -3.5 1 1 1
v -5.5 20 -3.5 1 1 1
v -5.5 20 -3.5 1 1 1
v -10.5 20 -3.5 1 1 1
v -10.5 19.5 -3.5 1 1 1
v -5.5 19.5 -3.5 1 1 1
v -10.5 20 -4 1 1 1
v -5.5 20 -4 1 1 1
v -5.5 19.5 -4 1 1 1
v -10.5 19.5 -4 1 1 1
v -5.5 20 -4 1 1 1
v -5.5 20 -3.5 1 1 1
v -5.5 19.5 -3.5 1 1 1
v -5.5 19.5 -4 1 1 1
v -10.5 20 -3.5 1 1 1
v -10.5 20 -4 1 1 1
v -10.5 19.5 -4 1 1 1
v -10.5 19.5 -3.5 1 1 1
vt 0.5859375 0.0625
vt 0.5859375 0.0546875
vt 0.7265625 0.0625
vt 0.7265625 0.0546875
v -10.5 19 -4 1 1 1
v -5.5 19 -4 1 1 1
v -5.5 19 -3.5 1 1 1
v -10.5 19 -3.5 1 1 1
v -5.5 19.5 -4 1 1 1
v -10.5 19.5 -4 1 1 1
v -10.5 19.5 -3.5 1 1 1
v -5.5 19.5 -3.5 1 1 1
v -5.5 19.5 -3.5 1 1 1
v -10.5 19.5 -3.5 1 1 1
v -10.5 19 -3.5 1 1 1
v -5.5 19 -3.5 1 1 1
v -10.5 19.5 -4 1 1 1
v -5.5 19.5 -4 1 1 1
v -5.5 19 -4 1 1 1
v -10.5 19 -4 1 1 1
v -5.5 19.5 -4 1 1 1
v -5.5 19.5 -3.5 1 1 1
v -5.5 19 -3.5 1 1 1
v -5.5 19 -4 1 1 1
v -10.5 19.5 -3.5 1 1 1
v -10.5 19.5 -4 1 1 1
v -10.5 19 -4 1 1 1
v -10.5 19 -3.5 1 1 1
v -10.5 18.5 -4 1 1 1
v -5.5 18.5 -4 1 1 1
v -5.5 18.5 -3.5 1 1 1
v -10.5 18.5 -3.5 1 1 1
v -5.5 19 -4 1 1 1
v -10.5 19 -4 1 1 1
v -10.5 19 -3.5 1 1 1
v -5.5 19 -3.5 1 1 1
v -5.5 19 -3.5 1 1 1
v -10.5 19 -3.5 1 1 1
v -10.5 18.5 -3.5 1 1 1
v -5.5 18.5 -3.5 1 1 1
v -10.5 19 -4 1 1 1
v -5.5 19 -4 1 1 1
v -5.5 18.5 -4 1 1 1
v -10.5 18.5 -4 1 1 1
v -5.5 19 -4 1 1 1
v -5.5 19 -3.5 1 1 1
v -5.5 18.5 -3.5 1 1 1
v -5.5 18.5 -4 1 1 1
v -10.5 19 -3.5 1 1 1
v -10.5 19 -4 1 1 1
v -10.5 18.5 -4 1 1 1
v -10.5 18.5 -3.5 1 1 1
vt 0.5859375 0.046875
vt 0.5859375 0.0390625
vt 0.7265625 0.046875
vt 0.7265625 0.0390625
v -10.5 18 -4 1 1 1
v -5.5 18 -4 1 1 1
v -5.5 18 -3.5 1 1 1
v -10.5 18 -3.5 1 1 1
v -5.5 18.5 -4 1 1 1
v -10.5 18.5 -4 1 1 1
v -10.5 18.5 -3.5 1 1 1
v -5.5 18.5 -3.5 1 1 1
v -5.5 18.5 -3.5 1 1 1
v -10.5 18.5 -3.5 1 1 1
v -10.5 18 -3.5 1 1 1
v -5.5 18 -3.5 1 1 1
v -10.5 18.5 -4 1 1 1
v -5.5 18.5 -4 1 1 1
v -5.5 18 -4 1 1 1
v -10.5 18 -4 1 1 1
v -5.5 18.5 -4 1 1 1
v -5.5 18.5 -3.5 1 1 1
v -5.5 18 -3.5 1 1 1
v -5.5 18 -4 1 1 1
v -10.5 18.5 -3.5 1 1 1
v -10.5 18.5 -4 1 1 1
v -10.5 18 -4 1 1 1
v -10.5 18 -3.5 1 1 1
v -10.5 17.5 -4 1 1 1
v -5.5 17.5 -4 1 1 1
v -5.5 17.5 -3.5 1 1 1
v -10.5 17.5 -3.5 1 1 1
v -5.5 18 -4 1 1 1
v -10.5 18 -4 1 1 1
v -10.5 18 -3.5 1 1 1
v -5.5 18 -3.5 1 1 1
v -5.5 18 -3.5 1 1 1
v -10.5 18 -3.5 1 1 1
v -10.5 17.5 -3.5 1 1 1
v -5.5 17.5 -3.5 1 1 1
v -10.5 18 -4 1 1 1
v -5.5 18 -4 1 1 1
v -5.5 17.5 -4 1 1 1
v -10.5 17.5 -4 1 1 1
v -5.5 18 -4 1 1 1
v -5.5 18 -3.5 1 1 1
v -5.5 17.5 -3.5 1 1 1
v -5.5 17.5 -4 1 1 1
v -10.5 18 -3.5 1 1 1
v -10.5 18 -4 1 1 1
v -10.5 17.5 -4 1 1 1
v -10.5 17.5 -3.5 1 1 1
vt 0.5859375 0.03125
vt 0.5859375 0.0234375
vt 0.7265625 0.03125
vt 0.7265625 0.0234375
v -10.5 17 -4 1 1 1
v -5.5 17 -4 1 1 1
v -5.5 17 -3.5 1 1 1
v -10.5 17 -3.5 1 1 1
v -5.5 17.5 -4 1 1 1
v -10.5 17.5 -4 1 1 1
v -10.5 17.5 -3.5 1 1 1
v -5.5 17.5 -3.5 1 1 1
v -5.5 17.5 -3.5 1 1 1
v -10.5 17.5 -3.5 1 1 1
v -10.5 17 -3.5 1 1 1
v -5.5 17 -3.5 1 1 1
v -10.5 17.5 -4 1 1 1
v -5.5 17.5 -4 1 1 1
v -5.5 17 -4 1 1 1
v -10.5 17 -4 1 1 1
v -5.5 17.5 -4 1 1 1
v -5.5 17.5 -3.5 1 1 1
v -5.5 17 -3.5 1 1 1
v -5.5 17 -4 1 1 1
v -10.5 17.5 -3.5 1 1 1
v -10.5 17.5 -4 1 1 1
v -10.5 17 -4 1 1 1
v -10.5 17 -3.5 1 1 1
v -10.5 16.5 -4 1 1 1
v -5.5 16.5 -4 1 1 1
v -5.5 16.5 -3.5 1 1 1
v -10.5 16.5 -3.5 1 1 1
v -5.5 17 -4 1 1 1
v -10.5 17 -4 1 1 1
v -10.5 17 -3.5 1 1 1
v -5.5 17 -3.5 1 1 1
v -5.5 17 -3.5 1 1 1
v -10.5 17 -3.5 1 1 1
v -10.5 16.5 -3.5 1 1 1
v -5.5 16.5 -3.5 1 1 1
v -10.5 17 -4 1 1 1
v -5.5 17 -4 1 1 1
v -5.5 16.5 -4 1 1 1
v -10.5 16.5 -4 1 1 1
v -5.5 17 -4 1 1 1
v -5.5 17 -3.5 1 1 1
v -5.5 16.5 -3.5 1 1 1
v -5.5 16.5 -4 1 1 1
v -10.5 17 -3.5 1 1 1
v -10.5 17 -4 1 1 1
v -10.5 16.5 -4 1 1 1
v -10.5 16.5 -3.5 1 1 1
vt 0.5859375 0.015625
vt 0.7265625 0.015625
v -10.5 20 -12.5 1 1 1
v -5.5 20 -12.5 1 1 1
v -5.5 20 -12 1 1 1
v -10.5 20 -12 1 1 1
v -5.5 20.5 -12.5 1 1 1
v -10.5 20.5 -12.5 1 1 1
v -10.5 20.5 -12 1 1 1
v -5.5 20.5 -12 1 1 1
v -5.5 20.5 -12 1 1 1
v -10.5 20.5 -12 1 1 1
v -10.5 20 -12 1 1 1
v -5.5 20 -12 1 1 1
v -10.5 20.5 -12.5 1 1 1
v -5.5 20.5 -12.5 1 1 1
v -5.5 20 -12.5 1 1 1
v -10.5 20 -12.5 1 1 1
v -5.5 20.5 -12.5 1 1 1
v -5.5 20.5 -12 1 1 1
v -5.5 20 -12 1 1 1
v -5.5 20 -12.5 1 1 1
v -10.5 20.5 -12 1 1 1
v -10.5 20.5 -12.5 1 1 1
v -10.5 20 -12.5 1 1 1
v -10.5 20 -12 1 1 1
v -10.5 19.5 -12.5 1 1 1
v -5.5 19.5 -12.5 1 1 1
v -5.5 19.5 -12 1 1 1
v -10.5 19.5 -12 1 1 1
v -5.5 20 -12.5 1 1 1
v -10.5 20 -12.5 1 1 1
v -10.5 20 -12 1 1 1
v -5.5 20 -12 1 1 1
v -5.5 20 -12 1 1 1
v -10.5 20 -12 1 1 1
v -10.5 19.5 -12 1 1 1
v -5.5 19.5 -12 1 1 1
v -10.5 20 -12.5 1 1 1
v -5.5 20 -12.5 1 1 1
v -5.5 19.5 -12.5 1 1 1
v -10.5 19.5 -12.5 1 1 1
v -5.5 20 -12.5 1 1 1
v -5.5 20 -12 1 1 1
v -5.5 19.5 -12 1 1 1
v -5.5 19.5 -12.5 1 1 1
v -10.5 20 -12 1 1 1
v -10.5 20 -12.5 1 1 1
v -10.5 19.5 -12.5 1 1 1
v -10.5 19.5 -12 1 1 1
v -10.5 19 -12.5 1 1 1
v -5.5 19 -12.5 1 1 1
v -5.5 19 -12 1 1 1
v -10.5 19 -12 1 1 1
v -5.5 19.5 -12.5 1 1 1
v -10.5 19.5 -12.5 1 1 1
v -10.5 19.5 -12 1 1 1
v -5.5 19.5 -12 1 1 1
v -5.5 19.5 -12 1 1 1
v -10.5 19.5 -12 1 1 1
v -10.5 19 -12 1 1 1
v -5.5 19 -12 1 1 1
v -10.5 19.5 -12.5 1 1 1
v -5.5 19.5 -12.5 1 1 1
v -5.5 19 -12.5 1 1 1
v -10.5 19 -12.5 1 1 1
v -5.5 19.5 -12.5 1 1 1
v -5.5 19.5 -12 1 1 1
v -5.5 19 -12 1 1 1
v -5.5 19 -12.5 1 1 1
v -10.5 19.5 -12 1 1 1
v -10.5 19.5 -12.5 1 1 1
v -10.5 19 -12.5 1 1 1
v -10.5 19 -12 1 1 1
v -10.5 18.5 -12.5 1 1 1
v -5.5 18.5 -12.5 1 1 1
v -5.5 18.5 -12 1 1 1
v -10.5 18.5 -12 1 1 1
v -5.5 19 -12.5 1 1 1
v -10.5 19 -12.5 1 1 1
v -10.5 19 -12 1 1 1
v -5.5 19 -12 1 1 1
v -5.5 19 -12 1 1 1
v -10.5 19 -12 1 1 1
v -10.5 18.5 -12 1 1 1
v -5.5 18.5 -12 1 1 1
v -10.5 19 -12.5 1 1 1
v -5.5 19 -12.5 1 1 1
v -5.5 18.5 -12.5 1 1 1
v -10.5 18.5 -12.5 1 1 1
v -5.5 19 -12.5 1 1 1
v -5.5 19 -12 1 1 1
v -5.5 18.5 -12 1 1 1
v -5.5 18.5 -12.5 1 1 1
v -10.5 19 -12 1 1 1
v -10.5 19 -12.5 1 1 1
v -10.5 18.5 -12.5 1 1 1
v -10.5 18.5 -12 1 1 1
v -10.5 18 -12.5 1 1 1
v -5.5 18 -12.5 1 1 1
v -5.5 18 -12 1 1 1
v -10.5 18 -12 1 1 1
v -5.5 18.5 -12.5 1 1 1
v -10.5 18.5 -12.5 1 1 1
v -10.5 18.5 -12 1 1 1
v -5.5 18.5 -12 1 1 1
v -5.5 18.5 -12 1 1 1
v -10.5 18.5 -12 1 1 1
v -10.5 18 -12 1 1 1
v -5.5 18 -12 1 1 1
v -10.5 18.5 -12.5 1 1 1
v -5.5 18.5 -12.5 1 1 1
v -5.5 18 -12.5 1 1 1
v -10.5 18 -12.5 1 1 1
v -5.5 18.5 -12.5 1 1 1
v -5.5 18.5 -12 1 1 1
v -5.5 18 -12 1 1 1
v -5.5 18 -12.5 1 1 1
v -10.5 18.5 -12 1 1 1
v -10.5 18.5 -12.5 1 1 1
v -10.5 18 -12.5 1 1 1
v -10.5 18 -12 1 1 1
v -10.5 17.5 -12.5 1 1 1
v -5.5 17.5 -12.5 1 1 1
v -5.5 17.5 -12 1 1 1
v -10.5 17.5 -12 1 1 1
v -5.5 18 -12.5 1 1 1
v -10.5 18 -12.5 1 1 1
v -10.5 18 -12 1 1 1
v -5.5 18 -12 1 1 1
v -5.5 18 -12 1 1 1
v -10.5 18 -12 1 1 1
v -10.5 17.5 -12 1 1 1
v -5.5 17.5 -12 1 1 1
v -10.5 18 -12.5 1 1 1
v -5.5 18 -12.5 1 1 1
v -5.5 17.5 -12.5 1 1 1
v -10.5 17.5 -12.5 1 1 1
v -5.5 18 -12.5 1 1 1
v -5.5 18 -12 1 1 1
v -5.5 17.5 -12 1 1 1
v -5.5 17.5 -12.5 1 1 1
v -10.5 18 -12 1 1 1
v -10.5 18 -12.5 1 1 1
v -10.5 17.5 -12.5 1 1 1
v -10.5 17.5 -12 1 1 1
v -10.5 17 -12.5 1 1 1
v -5.5 17 -12.5 1 1 1
v -5.5 17 -12 1 1 1
v -10.5 17 -12 1 1 1
v -5.5 17.5 -12.5 1 1 1
v -10.5 17.5 -12.5 1 1 1
v -10.5 17.5 -12 1 1 1
v -5.5 17.5 -12 1 1 1
v -5.5 17.5 -12 1 1 1
v -10.5 17.5 -12 1 1 1
v -10.5 17 -12 1 1 1
v -5.5 17 -12 1 1 1
v -10.5 17.5 -12.5 1 1 1
v -5.5 17.5 -12.5 1 1 1
v -5.5 17 -12.5 1 1 1
v -10.5 17 -12.5 1 1 1
v -5.5 17.5 -12.5 1 1 1
v -5.5 17.5 -12 1 1 1
v -5.5 17 -12 1 1 1
v -5.5 17 -12.5 1 1 1
v -10.5 17.5 -12 1 1 1
v -10.5 17.5 -12.5 1 1 1
v -10.5 17 -12.5 1 1 1
v -10.5 17 -12 1 1 1
v -10.5 16.5 -12.5 1 1 1
v -5.5 16.5 -12.5 1 1 1
v -5.5 16.5 -12 1 1 1
v -10.5 16.5 -12 1 1 1
v -5.5 17 -12.5 1 1 1
v -10.5 17 -12.5 1 1 1
v -10.5 17 -12 1 1 1
v -5.5 17 -12 1 1 1
v -5.5 17 -12 1 1 1
v -10.5 17 -12 1 1 1
v -10.5 16.5 -12 1 1 1
v -5.5 16.5 -12 1 1 1
v -10.5 17 -12.5 1 1 1
v -5.5 17 -12.5 1 1 1
v -5.5 16.5 -12.5 1 1 1
v -10.5 16.5 -12.5 1 1 1
v -5.5 17 -12.5 1 1 1
v -5.5 17 -12 1 1 1
v -5.5 16.5 -12 1 1 1
v -5.5 16.5 -12.5 1 1 1
v -10.5 17 -12 1 1 1
v -10.5 17 -12.5 1 1 1
v -10.5 16.5 -12.5 1 1 1
v -10.5 16.5 -12 1 1 1
v -6.5 20.5 -4 1 1 1
v -6 20.5 -4 1 1 1
v -6 20.5 -3.5 1 1 1
v -6.5 20.5 -3.5 1 1 1
v -6 21 -4 1 1 1
v -6.5 21 -4 1 1 1
v -6.5 21 -3.5 1 1 1
v -6 21 -3.5 1 1 1
v -6 21 -3.5 1 1 1
v -6.5 21 -3.5 1 1 1
v -6.5 20.5 -3.5 1 1 1
v -6 20.5 -3.5 1 1 1
v -6.5 21 -4 1 1 1
v -6 21 -4 1 1 1
v -6 20.5 -4 1 1 1
v -6.5 20.5 -4 1 1 1
v -6 21 -4 1 1 1
v -6 21 -3.5 1 1 1
v -6 20.5 -3.5 1 1 1
v -6 20.5 -4 1 1 1
v -6.5 21 -3.5 1 1 1
v -6.5 21 -4 1 1 1
v -6.5 20.5 -4 1 1 1
v -6.5 20.5 -3.5 1 1 1
vt 0.6328125 0.0625
vt 0.625 0.0625
vt 0.6328125 0.0546875
vt 0.625 0.1875
vt 0.6328125 0.1875
vt 0.6328125 0.1953125
vt 0.6796875 0.078125
vt 0.6796875 0.0703125
vt 0.6328125 0.078125
vt 0.6328125 0.0703125
vt 0.59375 0.078125
vt 0.71875 0.078125
v -10.5 20.5 -4.5 1 1 1
v -10 20.5 -4.5 1 1 1
v -10 20.5 -4 1 1 1
v -10.5 20.5 -4 1 1 1
v -10 21 -4.5 1 1 1
v -10.5 21 -4.5 1 1 1
v -10.5 21 -4 1 1 1
v -10 21 -4 1 1 1
v -10 21 -4 1 1 1
v -10.5 21 -4 1 1 1
v -10.5 20.5 -4 1 1 1
v -10 20.5 -4 1 1 1
v -10.5 21 -4.5 1 1 1
v -10 21 -4.5 1 1 1
v -10 20.5 -4.5 1 1 1
v -10.5 20.5 -4.5 1 1 1
v -10 21 -4.5 1 1 1
v -10 21 -4 1 1 1
v -10 20.5 -4 1 1 1
v -10 20.5 -4.5 1 1 1
v -10.5 21 -4 1 1 1
v -10.5 21 -4.5 1 1 1
v -10.5 20.5 -4.5 1 1 1
v -10.5 20.5 -4 1 1 1
v -9.5 20.5 -4.5 1 1 1
v -9 20.5 -4.5 1 1 1
v -9 20.5 -4 1 1 1
v -9.5 20.5 -4 1 1 1
v -9 21 -4.5 1 1 1
v -9.5 21 -4.5 1 1 1
v -9.5 21 -4 1 1 1
v -9 21 -4 1 1 1
v -9 21 -4 1 1 1
v -9.5 21 -4 1 1 1
v -9.5 20.5 -4 1 1 1
v -9 20.5 -4 1 1 1
v -9.5 21 -4.5 1 1 1
v -9 21 -4.5 1 1 1
v -9 20.5 -4.5 1 1 1
v -9.5 20.5 -4.5 1 1 1
v -9 21 -4.5 1 1 1
v -9 21 -4 1 1 1
v -9 20.5 -4 1 1 1
v -9 20.5 -4.5 1 1 1
v -9.5 21 -4 1 1 1
v -9.5 21 -4.5 1 1 1
v -9.5 20.5 -4.5 1 1 1
v -9.5 20.5 -4 1 1 1
v -8.5 20.5 -4.5 1 1 1
v -8 20.5 -4.5 1 1 1
v -8 20.5 -4 1 1 1
v -8.5 20.5 -4 1 1 1
v -8 21 -4.5 1 1 1
v -8.5 21 -4.5 1 1 1
v -8.5 21 -4 1 1 1
v -8 21 -4 1 1 1
v -8 21 -4 1 1 1
v -8.5 21 -4 1 1 1
v -8.5 20.5 -4 1 1 1
v -8 20.5 -4 1 1 1
v -8.5 21 -4.5 1 1 1
v -8 21 -4.5 1 1 1
v -8 20.5 -4.5 1 1 1
v -8.5 20.5 -4.5 1 1 1
v -8 21 -4.5 1 1 1
v -8 21 -4 1 1 1
v -8 20.5 -4 1 1 1
v -8 20.5 -4.5 1 1 1
v -8.5 21 -4 1 1 1
v -8.5 21 -4.5 1 1 1
v -8.5 20.5 -4.5 1 1 1
v -8.5 20.5 -4 1 1 1
v -7.5 20.5 -4.5 1 1 1
v -7 20.5 -4.5 1 1 1
v -7 20.5 -4 1 1 1
v -7.5 20.5 -4 1 1 1
v -7 21 -4.5 1 1 1
v -7.5 21 -4.5 1 1 1
v -7.5 21 -4 1 1 1
v -7 21 -4 1 1 1
v -7 21 -4 1 1 1
v -7.5 21 -4 1 1 1
v -7.5 20.5 -4 1 1 1
v -7 20.5 -4 1 1 1
v -7.5 21 -4.5 1 1 1
v -7 21 -4.5 1 1 1
v -7 20.5 -4.5 1 1 1
v -7.5 20.5 -4.5 1 1 1
v -7 21 -4.5 1 1 1
v -7 21 -4 1 1 1
v -7 20.5 -4 1 1 1
v -7 20.5 -4.5 1 1 1
v -7.5 21 -4 1 1 1
v -7.5 21 -4.5 1 1 1
v -7.5 20.5 -4.5 1 1 1
v -7.5 20.5 -4 1 1 1
v -6.5 20.5 -4.5 1 1 1
v -6 20.5 -4.5 1 1 1
v -6 20.5 -4 1 1 1
v -6.5 20.5 -4 1 1 1
v -6 21 -4.5 1 1 1
v -6.5 21 -4.5 1 1 1
v -6.5 21 -4 1 1 1
v -6 21 -4 1 1 1
v -6 21 -4 1 1 1
v -6.5 21 -4 1 1 1
v -6.5 20.5 -4 1 1 1
v -6 20.5 -4 1 1 1
v -6.5 21 -4.5 1 1 1
v -6 21 -4.5 1 1 1
v -6 20.5 -4.5 1 1 1
v -6.5 20.5 -4.5 1 1 1
v -6 21 -4.5 1 1 1
v -6 21 -4 1 1 1
v -6 20.5 -4 1 1 1
v -6 20.5 -4.5 1 1 1
v -6.5 21 -4 1 1 1
v -6.5 21 -4.5 1 1 1
v -6.5 20.5 -4.5 1 1 1
v -6.5 20.5 -4 1 1 1
v -6 20.5 -4.5 1 1 1
v -5.5 20.5 -4.5 1 1 1
v -5.5 20.5 -4 1 1 1
v -6 20.5 -4 1 1 1
v -5.5 21 -4.5 1 1 1
v -6 21 -4.5 1 1 1
v -6 21 -4 1 1 1
v -5.5 21 -4 1 1 1
v -5.5 21 -4 1 1 1
v -6 21 -4 1 1 1
v -6 20.5 -4 1 1 1
v -5.5 20.5 -4 1 1 1
v -6 21 -4.5 1 1 1
v -5.5 21 -4.5 1 1 1
v -5.5 20.5 -4.5 1 1 1
v -6 20.5 -4.5 1 1 1
v -5.5 21 -4.5 1 1 1
v -5.5 21 -4 1 1 1
v -5.5 20.5 -4 1 1 1
v -5.5 20.5 -4.5 1 1 1
v -6 21 -4 1 1 1
v -6 21 -4.5 1 1 1
v -6 20.5 -4.5 1 1 1
v -6 20.5 -4 1 1 1
vt 0.625 0.1796875
v -7 20.5 -4.5 1 1 1
v -6.5 20.5 -4.5 1 1 1
v -6.5 20.5 -4 1 1 1
v -7 20.5 -4 1 1 1
v -6.5 21 -4.5 1 1 1
v -7 21 -4.5 1 1 1
v -7 21 -4 1 1 1
v -6.5 21 -4 1 1 1
v -6.5 21 -4 1 1 1
v -7 21 -4 1 1 1
v -7 20.5 -4 1 1 1
v -6.5 20.5 -4 1 1 1
v -7 21 -4.5 1 1 1
v -6.5 21 -4.5 1 1 1
v -6.5 20.5 -4.5 1 1 1
v -7 20.5 -4.5 1 1 1
v -6.5 21 -4.5 1 1 1
v -6.5 21 -4 1 1 1
v -6.5 20.5 -4 1 1 1
v -6.5 20.5 -4.5 1 1 1
v -7 21 -4 1 1 1
v -7 21 -4.5 1 1 1
v -7 20.5 -4.5 1 1 1
v -7 20.5 -4 1 1 1
vt 0.6328125 0.1796875
v -7.5 20.5 -4 1 1 1
v -7 20.5 -4 1 1 1
v -7 20.5 -3.5 1 1 1
v -7.5 20.5 -3.5 1 1 1
v -7 21 -4 1 1 1
v -7.5 21 -4 1 1 1
v -7.5 21 -3.5 1 1 1
v -7 21 -3.5 1 1 1
v -7 21 -3.5 1 1 1
v -7.5 21 -3.5 1 1 1
v -7.5 20.5 -3.5 1 1 1
v -7 20.5 -3.5 1 1 1
v -7.5 21 -4 1 1 1
v -7 21 -4 1 1 1
v -7 20.5 -4 1 1 1
v -7.5 20.5 -4 1 1 1
v -7 21 -4 1 1 1
v -7 21 -3.5 1 1 1
v -7 20.5 -3.5 1 1 1
v -7 20.5 -4 1 1 1
v -7.5 21 -3.5 1 1 1
v -7.5 21 -4 1 1 1
v -7.5 20.5 -4 1 1 1
v -7.5 20.5 -3.5 1 1 1
v -8 20.5 -4.5 1 1 1
v -7.5 20.5 -4.5 1 1 1
v -7.5 20.5 -4 1 1 1
v -8 20.5 -4 1 1 1
v -7.5 21 -4.5 1 1 1
v -8 21 -4.5 1 1 1
v -8 21 -4 1 1 1
v -7.5 21 -4 1 1 1
v -7.5 21 -4 1 1 1
v -8 21 -4 1 1 1
v -8 20.5 -4 1 1 1
v -7.5 20.5 -4 1 1 1
v -8 21 -4.5 1 1 1
v -7.5 21 -4.5 1 1 1
v -7.5 20.5 -4.5 1 1 1
v -8 20.5 -4.5 1 1 1
v -7.5 21 -4.5 1 1 1
v -7.5 21 -4 1 1 1
v -7.5 20.5 -4 1 1 1
v -7.5 20.5 -4.5 1 1 1
v -8 21 -4 1 1 1
v -8 21 -4.5 1 1 1
v -8 20.5 -4.5 1 1 1
v -8 20.5 -4 1 1 1
vt 0.65625 0.0703125
vt 0.65625 0.0625
vt 0.65625 0.1796875
vt 0.65625 0.1875
vt 0.65625 0.078125
v -8.5 20.5 -4 1 1 1
v -8 20.5 -4 1 1 1
v -8 20.5 -3.5 1 1 1
v -8.5 20.5 -3.5 1 1 1
v -8 21 -4 1 1 1
v -8.5 21 -4 1 1 1
v -8.5 21 -3.5 1 1 1
v -8 21 -3.5 1 1 1
v -8 21 -3.5 1 1 1
v -8.5 21 -3.5 1 1 1
v -8.5 20.5 -3.5 1 1 1
v -8 20.5 -3.5 1 1 1
v -8.5 21 -4 1 1 1
v -8 21 -4 1 1 1
v -8 20.5 -4 1 1 1
v -8.5 20.5 -4 1 1 1
v -8 21 -4 1 1 1
v -8 21 -3.5 1 1 1
v -8 20.5 -3.5 1 1 1
v -8 20.5 -4 1 1 1
v -8.5 21 -3.5 1 1 1
v -8.5 21 -4 1 1 1
v -8.5 20.5 -4 1 1 1
v -8.5 20.5 -3.5 1 1 1
vt 0.65625 0.0546875
vt 0.65625 0.1953125
v -9 20.5 -4.5 1 1 1
v -8.5 20.5 -4.5 1 1 1
v -8.5 20.5 -4 1 1 1
v -9 20.5 -4 1 1 1
v -8.5 21 -4.5 1 1 1
v -9 21 -4.5 1 1 1
v -9 21 -4 1 1 1
v -8.5 21 -4 1 1 1
v -8.5 21 -4 1 1 1
v -9 21 -4 1 1 1
v -9 20.5 -4 1 1 1
v -8.5 20.5 -4 1 1 1
v -9 21 -4.5 1 1 1
v -8.5 21 -4.5 1 1 1
v -8.5 20.5 -4.5 1 1 1
v -9 20.5 -4.5 1 1 1
v -8.5 21 -4.5 1 1 1
v -8.5 21 -4 1 1 1
v -8.5 20.5 -4 1 1 1
v -8.5 20.5 -4.5 1 1 1
v -9 21 -4 1 1 1
v -9 21 -4.5 1 1 1
v -9 20.5 -4.5 1 1 1
v -9 20.5 -4 1 1 1
v -9.5 20.5 -4 1 1 1
v -9 20.5 -4 1 1 1
v -9 20.5 -3.5 1 1 1
v -9.5 20.5 -3.5 1 1 1
v -9 21 -4 1 1 1
v -9.5 21 -4 1 1 1
v -9.5 21 -3.5 1 1 1
v -9 21 -3.5 1 1 1
v -9 21 -3.5 1 1 1
v -9.5 21 -3.5 1 1 1
v -9.5 20.5 -3.5 1 1 1
v -9 20.5 -3.5 1 1 1
v -9.5 21 -4 1 1 1
v -9 21 -4 1 1 1
v -9 20.5 -4 1 1 1
v -9.5 20.5 -4 1 1 1
v -9 21 -4 1 1 1
v -9 21 -3.5 1 1 1
v -9 20.5 -3.5 1 1 1
v -9 20.5 -4 1 1 1
v -9.5 21 -3.5 1 1 1
v -9.5 21 -4 1 1 1
v -9.5 20.5 -4 1 1 1
v -9.5 20.5 -3.5 1 1 1
vt 0.6796875 0.0625
vt 0.6796875 0.0546875
vt 0.6796875 0.1875
vt 0.6796875 0.1953125
v -10 20.5 -4.5 1 1 1
v -9.5 20.5 -4.5 1 1 1
v -9.5 20.5 -4 1 1 1
v -10 20.5 -4 1 1 1
v -9.5 21 -4.5 1 1 1
v -10 21 -4.5 1 1 1
v -10 21 -4 1 1 1
v -9.5 21 -4 1 1 1
v -9.5 21 -4 1 1 1
v -10 21 -4 1 1 1
v -10 20.5 -4 1 1 1
v -9.5 20.5 -4 1 1 1
v -10 21 -4.5 1 1 1
v -9.5 21 -4.5 1 1 1
v -9.5 20.5 -4.5 1 1 1
v -10 20.5 -4.5 1 1 1
v -9.5 21 -4.5 1 1 1
v -9.5 21 -4 1 1 1
v -9.5 20.5 -4 1 1 1
v -9.5 20.5 -4.5 1 1 1
v -10 21 -4 1 1 1
v -10 21 -4.5 1 1 1
v -10 20.5 -4.5 1 1 1
v -10 20.5 -4 1 1 1
vt 0.6875 0.0625
vt 0.6796875 0.1796875
vt 0.6875 0.1796875
vt 0.6875 0.1875
v -10.5 20.5 -4 1 1 1
v -10 20.5 -4 1 1 1
v -10 20.5 -3.5 1 1 1
v -10.5 20.5 -3.5 1 1 1
v -10 21 -4 1 1 1
v -10.5 21 -4 1 1 1
v -10.5 21 -3.5 1 1 1
v -10 21 -3.5 1 1 1
v -10 21 -3.5 1 1 1
v -10.5 21 -3.5 1 1 1
v -10.5 20.5 -3.5 1 1 1
v -10 20.5 -3.5 1 1 1
v -10.5 21 -4 1 1 1
v -10 21 -4 1 1 1
v -10 20.5 -4 1 1 1
v -10.5 20.5 -4 1 1 1
v -10 21 -4 1 1 1
v -10 21 -3.5 1 1 1
v -10 20.5 -3.5 1 1 1
v -10 20.5 -4 1 1 1
v -10.5 21 -3.5 1 1 1
v -10.5 21 -4 1 1 1
v -10.5 20.5 -4 1 1 1
v -10.5 20.5 -3.5 1 1 1
v -10 20.5 -4 1 1 1
v -9.5 20.5 -4 1 1 1
v -9.5 20.5 -3.5 1 1 1
v -10 20.5 -3.5 1 1 1
v -9.5 21 -4 1 1 1
v -10 21 -4 1 1 1
v -10 21 -3.5 1 1 1
v -9.5 21 -3.5 1 1 1
v -9.5 21 -3.5 1 1 1
v -10 21 -3.5 1 1 1
v -10 20.5 -3.5 1 1 1
v -9.5 20.5 -3.5 1 1 1
v -10 21 -4 1 1 1
v -9.5 21 -4 1 1 1
v -9.5 20.5 -4 1 1 1
v -10 20.5 -4 1 1 1
v -9.5 21 -4 1 1 1
v -9.5 21 -3.5 1 1 1
v -9.5 20.5 -3.5 1 1 1
v -9.5 20.5 -4 1 1 1
v -10 21 -3.5 1 1 1
v -10 21 -4 1 1 1
v -10 20.5 -4 1 1 1
v -10 20.5 -3.5 1 1 1
v -9 20.5 -4 1 1 1
v -8.5 20.5 -4 1 1 1
v -8.5 20.5 -3.5 1 1 1
v -9 20.5 -3.5 1 1 1
v -8.5 21 -4 1 1 1
v -9 21 -4 1 1 1
v -9 21 -3.5 1 1 1
v -8.5 21 -3.5 1 1 1
v -8.5 21 -3.5 1 1 1
v -9 21 -3.5 1 1 1
v -9 20.5 -3.5 1 1 1
v -8.5 20.5 -3.5 1 1 1
v -9 21 -4 1 1 1
v -8.5 21 -4 1 1 1
v -8.5 20.5 -4 1 1 1
v -9 20.5 -4 1 1 1
v -8.5 21 -4 1 1 1
v -8.5 21 -3.5 1 1 1
v -8.5 20.5 -3.5 1 1 1
v -8.5 20.5 -4 1 1 1
v -9 21 -3.5 1 1 1
v -9 21 -4 1 1 1
v -9 20.5 -4 1 1 1
v -9 20.5 -3.5 1 1 1
v -8 20.5 -4 1 1 1
v -7.5 20.5 -4 1 1 1
v -7.5 20.5 -3.5 1 1 1
v -8 20.5 -3.5 1 1 1
v -7.5 21 -4 1 1 1
v -8 21 -4 1 1 1
v -8 21 -3.5 1 1 1
v -7.5 21 -3.5 1 1 1
v -7.5 21 -3.5 1 1 1
v -8 21 -3.5 1 1 1
v -8 20.5 -3.5 1 1 1
v -7.5 20.5 -3.5 1 1 1
v -8 21 -4 1 1 1
v -7.5 21 -4 1 1 1
v -7.5 20.5 -4 1 1 1
v -8 20.5 -4 1 1 1
v -7.5 21 -4 1 1 1
v -7.5 21 -3.5 1 1 1
v -7.5 20.5 -3.5 1 1 1
v -7.5 20.5 -4 1 1 1
v -8 21 -3.5 1 1 1
v -8 21 -4 1 1 1
v -8 20.5 -4 1 1 1
v -8 20.5 -3.5 1 1 1
v -7 20.5 -4 1 1 1
v -6.5 20.5 -4 1 1 1
v -6.5 20.5 -3.5 1 1 1
v -7 20.5 -3.5 1 1 1
v -6.5 21 -4 1 1 1
v -7 21 -4 1 1 1
v -7 21 -3.5 1 1 1
v -6.5 21 -3.5 1 1 1
v -6.5 21 -3.5 1 1 1
v -7 21 -3.5 1 1 1
v -7 20.5 -3.5 1 1 1
v -6.5 20.5 -3.5 1 1 1
v -7 21 -4 1 1 1
v -6.5 21 -4 1 1 1
v -6.5 20.5 -4 1 1 1
v -7 20.5 -4 1 1 1
v -6.5 21 -4 1 1 1
v -6.5 21 -3.5 1 1 1
v -6.5 20.5 -3.5 1 1 1
v -6.5 20.5 -4 1 1 1
v -7 21 -3.5 1 1 1
v -7 21 -4 1 1 1
v -7 20.5 -4 1 1 1
v -7 20.5 -3.5 1 1 1
v -6 20.5 -4 1 1 1
v -5.5 20.5 -4 1 1 1
v -5.5 20.5 -3.5 1 1 1
v -6 20.5 -3.5 1 1 1
v -5.5 21 -4 1 1 1
v -6 21 -4 1 1 1
v -6 21 -3.5 1 1 1
v -5.5 21 -3.5 1 1 1
v -5.5 21 -3.5 1 1 1
v -6 21 -3.5 1 1 1
v -6 20.5 -3.5 1 1 1
v -5.5 20.5 -3.5 1 1 1
v -6 21 -4 1 1 1
v -5.5 21 -4 1 1 1
v -5.5 20.5 -4 1 1 1
v -6 20.5 -4 1 1 1
v -5.5 21 -4 1 1 1
v -5.5 21 -3.5 1 1 1
v -5.5 20.5 -3.5 1 1 1
v -5.5 20.5 -4 1 1 1
v -6 21 -3.5 1 1 1
v -6 21 -4 1 1 1
v -6 20.5 -4 1 1 1
v -6 20.5 -3.5 1 1 1
v -6.5 20.5 -12 1 1 1
v -6 20.5 -12 1 1 1
v -6 20.5 -11.5 1 1 1
v -6.5 20.5 -11.5 1 1 1
v -6 21 -12 1 1 1
v -6.5 21 -12 1 1 1
v -6.5 21 -11.5 1 1 1
v -6 21 -11.5 1 1 1
v -6 21 -11.5 1 1 1
v -6.5 21 -11.5 1 1 1
v -6.5 20.5 -11.5 1 1 1
v -6 20.5 -11.5 1 1 1
v -6.5 21 -12 1 1 1
v -6 21 -12 1 1 1
v -6 20.5 -12 1 1 1
v -6.5 20.5 -12 1 1 1
v -6 21 -12 1 1 1
v -6 21 -11.5 1 1 1
v -6 20.5 -11.5 1 1 1
v -6 20.5 -12 1 1 1
v -6.5 21 -11.5 1 1 1
v -6.5 21 -12 1 1 1
v -6.5 20.5 -12 1 1 1
v -6.5 20.5 -11.5 1 1 1
v -10.5 20.5 -12.5 1 1 1
v -10 20.5 -12.5 1 1 1
v -10 20.5 -12 1 1 1
v -10.5 20.5 -12 1 1 1
v -10 21 -12.5 1 1 1
v -10.5 21 -12.5 1 1 1
v -10.5 21 -12 1 1 1
v -10 21 -12 1 1 1
v -10 21 -12 1 1 1
v -10.5 21 -12 1 1 1
v -10.5 20.5 -12 1 1 1
v -10 20.5 -12 1 1 1
v -10.5 21 -12.5 1 1 1
v -10 21 -12.5 1 1 1
v -10 20.5 -12.5 1 1 1
v -10.5 20.5 -12.5 1 1 1
v -10 21 -12.5 1 1 1
v -10 21 -12 1 1 1
v -10 20.5 -12 1 1 1
v -10 20.5 -12.5 1 1 1
v -10.5 21 -12 1 1 1
v -10.5 21 -12.5 1 1 1
v -10.5 20.5 -12.5 1 1 1
v -10.5 20.5 -12 1 1 1
v -9.5 20.5 -12.5 1 1 1
v -9 20.5 -12.5 1 1 1
v -9 20.5 -12 1 1 1
v -9.5 20.5 -12 1 1 1
v -9 21 -12.5 1 1 1
v -9.5 21 -12.5 1 1 1
v -9.5 21 -12 1 1 1
v -9 21 -12 1 1 1
v -9 21 -12 1 1 1
v -9.5 21 -12 1 1 1
v -9.5 20.5 -12 1 1 1
v -9 20.5 -12 1 1 1
v -9.5 21 -12.5 1 1 1
v -9 21 -12.5 1 1 1
v -9 20.5 -12.5 1 1 1
v -9.5 20.5 -12.5 1 1 1
v -9 21 -12.5 1 1 1
v -9 21 -12 1 1 1
v -9 20.5 -12 1 1 1
v -9 20.5 -12.5 1 1 1
v -9.5 21 -12 1 1 1
v -9.5 21 -12.5 1 1 1
v -9.5 20.5 -12.5 1 1 1
v -9.5 20.5 -12 1 1 1
v -8.5 20.5 -12.5 1 1 1
v -8 20.5 -12.5 1 1 1
v -8 20.5 -12 1 1 1
v -8.5 20.5 -12 1 1 1
v -8 21 -12.5 1 1 1
v -8.5 21 -12.5 1 1 1
v -8.5 21 -12 1 1 1
v -8 21 -12 1 1 1
v -8 21 -12 1 1 1
v -8.5 21 -12 1 1 1
v -8.5 20.5 -12 1 1 1
v -8 20.5 -12 1 1 1
v -8.5 21 -12.5 1 1 1
v -8 21 -12.5 1 1 1
v -8 20.5 -12.5 1 1 1
v -8.5 20.5 -12.5 1 1 1
v -8 21 -12.5 1 1 1
v -8 21 -12 1 1 1
v -8 20.5 -12 1 1 1
v -8 20.5 -12.5 1 1 1
v -8.5 21 -12 1 1 1
v -8.5 21 -12.5 1 1 1
v -8.5 20.5 -12.5 1 1 1
v -8.5 20.5 -12 1 1 1
v -7.5 20.5 -12.5 1 1 1
v -7 20.5 -12.5 1 1 1
v -7 20.5 -12 1 1 1
v -7.5 20.5 -12 1 1 1
v -7 21 -12.5 1 1 1
v -7.5 21 -12.5 1 1 1
v -7.5 21 -12 1 1 1
v -7 21 -12 1 1 1
v -7 21 -12 1 1 1
v -7.5 21 -12 1 1 1
v -7.5 20.5 -12 1 1 1
v -7 20.5 -12 1 1 1
v -7.5 21 -12.5 1 1 1
v -7 21 -12.5 1 1 1
v -7 20.5 -12.5 1 1 1
v -7.5 20.5 -12.5 1 1 1
v -7 21 -12.5 1 1 1
v -7 21 -12 1 1 1
v -7 20.5 -12 1 1 1
v -7 20.5 -12.5 1 1 1
v -7.5 21 -12 1 1 1
v -7.5 21 -12.5 1 1 1
v -7.5 20.5 -12.5 1 1 1
v -7.5 20.5 -12 1 1 1
v -6.5 20.5 -12.5 1 1 1
v -6 20.5 -12.5 1 1 1
v -6 20.5 -12 1 1 1
v -6.5 20.5 -12 1 1 1
v -6 21 -12.5 1 1 1
v -6.5 21 -12.5 1 1 1
v -6.5 21 -12 1 1 1
v -6 21 -12 1 1 1
v -6 21 -12 1 1 1
v -6.5 21 -12 1 1 1
v -6.5 20.5 -12 1 1 1
v -6 20.5 -12 1 1 1
v -6.5 21 -12.5 1 1 1
v -6 21 -12.5 1 1 1
v -6 20.5 -12.5 1 1 1
v -6.5 20.5 -12.5 1 1 1
v -6 21 -12.5 1 1 1
v -6 21 -12 1 1 1
v -6 20.5 -12 1 1 1
v -6 20.5 -12.5 1 1 1
v -6.5 21 -12 1 1 1
v -6.5 21 -12.5 1 1 1
v -6.5 20.5 -12.5 1 1 1
v -6.5 20.5 -12 1 1 1
v -6 20.5 -12.5 1 1 1
v -5.5 20.5 -12.5 1 1 1
v -5.5 20.5 -12 1 1 1
v -6 20.5 -12 1 1 1
v -5.5 21 -12.5 1 1 1
v -6 21 -12.5 1 1 1
v -6 21 -12 1 1 1
v -5.5 21 -12 1 1 1
v -5.5 21 -12 1 1 1
v -6 21 -12 1 1 1
v -6 20.5 -12 1 1 1
v -5.5 20.5 -12 1 1 1
v -6 21 -12.5 1 1 1
v -5.5 21 -12.5 1 1 1
v -5.5 20.5 -12.5 1 1 1
v -6 20.5 -12.5 1 1 1
v -5.5 21 -12.5 1 1 1
v -5.5 21 -12 1 1 1
v -5.5 20.5 -12 1 1 1
v -5.5 20.5 -12.5 1 1 1
v -6 21 -12 1 1 1
v -6 21 -12.5 1 1 1
v -6 20.5 -12.5 1 1 1
v -6 20.5 -12 1 1 1
v -7 20.5 -12.5 1 1 1
v -6.5 20.5 -12.5 1 1 1
v -6.5 20.5 -12 1 1 1
v -7 20.5 -12 1 1 1
v -6.5 21 -12.5 1 1 1
v -7 21 -12.5 1 1 1
v -7 21 -12 1 1 1
v -6.5 21 -12 1 1 1
v -6.5 21 -12 1 1 1
v -7 21 -12 1 1 1
v -7 20.5 -12 1 1 1
v -6.5 20.5 -12 1 1 1
v -7 21 -12.5 1 1 1
v -6.5 21 -12.5 1 1 1
v -6.5 20.5 -12.5 1 1 1
v -7 20.5 -12.5 1 1 1
v -6.5 21 -12.5 1 1 1
v -6.5 21 -12 1 1 1
v -6.5 20.5 -12 1 1 1
v -6.5 20.5 -12.5 1 1 1
v -7 21 -12 1 1 1
v -7 21 -12.5 1 1 1
v -7 20.5 -12.5 1 1 1
v -7 20.5 -12 1 1 1
v -7.5 20.5 -12 1 1 1
v -7 20.5 -12 1 1 1
v -7 20.5 -11.5 1 1 1
v -7.5 20.5 -11.5 1 1 1
v -7 21 -12 1 1 1
v -7.5 21 -12 1 1 1
v -7.5 21 -11.5 1 1 1
v -7 21 -11.5 1 1 1
v -7 21 -11.5 1 1 1
v -7.5 21 -11.5 1 1 1
v -7.5 20.5 -11.5 1 1 1
v -7 20.5 -11.5 1 1 1
v -7.5 21 -12 1 1 1
v -7 21 -12 1 1 1
v -7 20.5 -12 1 1 1
v -7.5 20.5 -12 1 1 1
v -7 21 -12 1 1 1
v -7 21 -11.5 1 1 1
v -7 20.5 -11.5 1 1 1
v -7 20.5 -12 1 1 1
v -7.5 21 -11.5 1 1 1
v -7.5 21 -12 1 1 1
v -7.5 20.5 -12 1 1 1
v -7.5 20.5 -11.5 1 1 1
v -8 20.5 -12.5 1 1 1
v -7.5 20.5 -12.5 1 1 1
v -7.5 20.5 -12 1 1 1
v -8 20.5 -12 1 1 1
v -7.5 21 -12.5 1 1 1
v -8 21 -12.5 1 1 1
v -8 21 -12 1 1 1
v -7.5 21 -12 1 1 1
v -7.5 21 -12 1 1 1
v -8 21 -12 1 1 1
v -8 20.5 -12 1 1 1
v -7.5 20.5 -12 1 1 1
v -8 21 -12.5 1 1 1
v -7.5 21 -12.5 1 1 1
v -7.5 20.5 -12.5 1 1 1
v -8 20.5 -12.5 1 1 1
v -7.5 21 -12.5 1 1 1
v -7.5 21 -12 1 1 1
v -7.5 20.5 -12 1 1 1
v -7.5 20.5 -12.5 1 1 1
v -8 21 -12 1 1 1
v -8 21 -12.5 1 1 1
v -8 20.5 -12.5 1 1 1
v -8 20.5 -12 1 1 1
v -8.5 20.5 -12 1 1 1
v -8 20.5 -12 1 1 1
v -8 20.5 -11.5 1 1 1
v -8.5 20.5 -11.5 1 1 1
v -8 21 -12 1 1 1
v -8.5 21 -12 1 1 1
v -8.5 21 -11.5 1 1 1
v -8 21 -11.5 1 1 1
v -8 21 -11.5 1 1 1
v -8.5 21 -11.5 1 1 1
v -8.5 20.5 -11.5 1 1 1
v -8 20.5 -11.5 1 1 1
v -8.5 21 -12 1 1 1
v -8 21 -12 1 1 1
v -8 20.5 -12 1 1 1
v -8.5 20.5 -12 1 1 1
v -8 21 -12 1 1 1
v -8 21 -11.5 1 1 1
v -8 20.5 -11.5 1 1 1
v -8 20.5 -12 1 1 1
v -8.5 21 -11.5 1 1 1
v -8.5 21 -12 1 1 1
v -8.5 20.5 -12 1 1 1
v -8.5 20.5 -11.5 1 1 1
v -9 20.5 -12.5 1 1 1
v -8.5 20.5 -12.5 1 1 1
v -8.5 20.5 -12 1 1 1
v -9 20.5 -12 1 1 1
v -8.5 21 -12.5 1 1 1
v -9 21 -12.5 1 1 1
v -9 21 -12 1 1 1
v -8.5 21 -12 1 1 1
v -8.5 21 -12 1 1 1
v -9 21 -12 1 1 1
v -9 20.5 -12 1 1 1
v -8.5 20.5 -12 1 1 1
v -9 21 -12.5 1 1 1
v -8.5 21 -12.5 1 1 1
v -8.5 20.5 -12.5 1 1 1
v -9 20.5 -12.5 1 1 1
v -8.5 21 -12.5 1 1 1
v -8.5 21 -12 1 1 1
v -8.5 20.5 -12 1 1 1
v -8.5 20.5 -12.5 1 1 1
v -9 21 -12 1 1 1
v -9 21 -12.5 1 1 1
v -9 20.5 -12.5 1 1 1
v -9 20.5 -12 1 1 1
v -9.5 20.5 -12 1 1 1
v -9 20.5 -12 1 1 1
v -9 20.5 -11.5 1 1 1
v -9.5 20.5 -11.5 1 1 1
v -9 21 -12 1 1 1
v -9.5 21 -12 1 1 1
v -9.5 21 -11.5 1 1 1
v -9 21 -11.5 1 1 1
v -9 21 -11.5 1 1 1
v -9.5 21 -11.5 1 1 1
v -9.5 20.5 -11.5 1 1 1
v -9 20.5 -11.5 1 1 1
v -9.5 21 -12 1 1 1
v -9 21 -12 1 1 1
v -9 20.5 -12 1 1 1
v -9.5 20.5 -12 1 1 1
v -9 21 -12 1 1 1
v -9 21 -11.5 1 1 1
v -9 20.5 -11.5 1 1 1
v -9 20.5 -12 1 1 1
v -9.5 21 -11.5 1 1 1
v -9.5 21 -12 1 1 1
v -9.5 20.5 -12 1 1 1
v -9.5 20.5 -11.5 1 1 1
v -10 20.5 -12.5 1 1 1
v -9.5 20.5 -12.5 1 1 1
v -9.5 20.5 -12 1 1 1
v -10 20.5 -12 1 1 1
v -9.5 21 -12.5 1 1 1
v -10 21 -12.5 1 1 1
v -10 21 -12 1 1 1
v -9.5 21 -12 1 1 1
v -9.5 21 -12 1 1 1
v -10 21 -12 1 1 1
v -10 20.5 -12 1 1 1
v -9.5 20.5 -12 1 1 1
v -10 21 -12.5 1 1 1
v -9.5 21 -12.5 1 1 1
v -9.5 20.5 -12.5 1 1 1
v -10 20.5 -12.5 1 1 1
v -9.5 21 -12.5 1 1 1
v -9.5 21 -12 1 1 1
v -9.5 20.5 -12 1 1 1
v -9.5 20.5 -12.5 1 1 1
v -10 21 -12 1 1 1
v -10 21 -12.5 1 1 1
v -10 20.5 -12.5 1 1 1
v -10 20.5 -12 1 1 1
v -10.5 20.5 -12 1 1 1
v -10 20.5 -12 1 1 1
v -10 20.5 -11.5 1 1 1
v -10.5 20.5 -11.5 1 1 1
v -10 21 -12 1 1 1
v -10.5 21 -12 1 1 1
v -10.5 21 -11.5 1 1 1
v -10 21 -11.5 1 1 1
v -10 21 -11.5 1 1 1
v -10.5 21 -11.5 1 1 1
v -10.5 20.5 -11.5 1 1 1
v -10 20.5 -11.5 1 1 1
v -10.5 21 -12 1 1 1
v -10 21 -12 1 1 1
v -10 20.5 -12 1 1 1
v -10.5 20.5 -12 1 1 1
v -10 21 -12 1 1 1
v -10 21 -11.5 1 1 1
v -10 20.5 -11.5 1 1 1
v -10 20.5 -12 1 1 1
v -10.5 21 -11.5 1 1 1
v -10.5 21 -12 1 1 1
v -10.5 20.5 -12 1 1 1
v -10.5 20.5 -11.5 1 1 1
v -10 20.5 -12 1 1 1
v -9.5 20.5 -12 1 1 1
v -9.5 20.5 -11.5 1 1 1
v -10 20.5 -11.5 1 1 1
v -9.5 21 -12 1 1 1
v -10 21 -12 1 1 1
v -10 21 -11.5 1 1 1
v -9.5 21 -11.5 1 1 1
v -9.5 21 -11.5 1 1 1
v -10 21 -11.5 1 1 1
v -10 20.5 -11.5 1 1 1
v -9.5 20.5 -11.5 1 1 1
v -10 21 -12 1 1 1
v -9.5 21 -12 1 1 1
v -9.5 20.5 -12 1 1 1
v -10 20.5 -12 1 1 1
v -9.5 21 -12 1 1 1
v -9.5 21 -11.5 1 1 1
v -9.5 20.5 -11.5 1 1 1
v -9.5 20.5 -12 1 1 1
v -10 21 -11.5 1 1 1
v -10 21 -12 1 1 1
v -10 20.5 -12 1 1 1
v -10 20.5 -11.5 1 1 1
v -9 20.5 -12 1 1 1
v -8.5 20.5 -12 1 1 1
v -8.5 20.5 -11.5 1 1 1
v -9 20.5 -11.5 1 1 1
v -8.5 21 -12 1 1 1
v -9 21 -12 1 1 1
v -9 21 -11.5 1 1 1
v -8.5 21 -11.5 1 1 1
v -8.5 21 -11.5 1 1 1
v -9 21 -11.5 1 1 1
v -9 20.5 -11.5 1 1 1
v -8.5 20.5 -11.5 1 1 1
v -9 21 -12 1 1 1
v -8.5 21 -12 1 1 1
v -8.5 20.5 -12 1 1 1
v -9 20.5 -12 1 1 1
v -8.5 21 -12 1 1 1
v -8.5 21 -11.5 1 1 1
v -8.5 20.5 -11.5 1 1 1
v -8.5 20.5 -12 1 1 1
v -9 21 -11.5 1 1 1
v -9 21 -12 1 1 1
v -9 20.5 -12 1 1 1
v -9 20.5 -11.5 1 1 1
v -8 20.5 -12 1 1 1
v -7.5 20.5 -12 1 1 1
v -7.5 20.5 -11.5 1 1 1
v -8 20.5 -11.5 1 1 1
v -7.5 21 -12 1 1 1
v -8 21 -12 1 1 1
v -8 21 -11.5 1 1 1
v -7.5 21 -11.5 1 1 1
v -7.5 21 -11.5 1 1 1
v -8 21 -11.5 1 1 1
v -8 20.5 -11.5 1 1 1
v -7.5 20.5 -11.5 1 1 1
v -8 21 -12 1 1 1
v -7.5 21 -12 1 1 1
v -7.5 20.5 -12 1 1 1
v -8 20.5 -12 1 1 1
v -7.5 21 -12 1 1 1
v -7.5 21 -11.5 1 1 1
v -7.5 20.5 -11.5 1 1 1
v -7.5 20.5 -12 1 1 1
v -8 21 -11.5 1 1 1
v -8 21 -12 1 1 1
v -8 20.5 -12 1 1 1
v -8 20.5 -11.5 1 1 1
v -7 20.5 -12 1 1 1
v -6.5 20.5 -12 1 1 1
v -6.5 20.5 -11.5 1 1 1
v -7 20.5 -11.5 1 1 1
v -6.5 21 -12 1 1 1
v -7 21 -12 1 1 1
v -7 21 -11.5 1 1 1
v -6.5 21 -11.5 1 1 1
v -6.5 21 -11.5 1 1 1
v -7 21 -11.5 1 1 1
v -7 20.5 -11.5 1 1 1
v -6.5 20.5 -11.5 1 1 1
v -7 21 -12 1 1 1
v -6.5 21 -12 1 1 1
v -6.5 20.5 -12 1 1 1
v -7 20.5 -12 1 1 1
v -6.5 21 -12 1 1 1
v -6.5 21 -11.5 1 1 1
v -6.5 20.5 -11.5 1 1 1
v -6.5 20.5 -12 1 1 1
v -7 21 -11.5 1 1 1
v -7 21 -12 1 1 1
v -7 20.5 -12 1 1 1
v -7 20.5 -11.5 1 1 1
v -6 20.5 -12 1 1 1
v -5.5 20.5 -12 1 1 1
v -5.5 20.5 -11.5 1 1 1
v -6 20.5 -11.5 1 1 1
v -5.5 21 -12 1 1 1
v -6 21 -12 1 1 1
v -6 21 -11.5 1 1 1
v -5.5 21 -11.5 1 1 1
v -5.5 21 -11.5 1 1 1
v -6 21 -11.5 1 1 1
v -6 20.5 -11.5 1 1 1
v -5.5 20.5 -11.5 1 1 1
v -6 21 -12 1 1 1
v -5.5 21 -12 1 1 1
v -5.5 20.5 -12 1 1 1
v -6 20.5 -12 1 1 1
v -5.5 21 -12 1 1 1
v -5.5 21 -11.5 1 1 1
v -5.5 20.5 -11.5 1 1 1
v -5.5 20.5 -12 1 1 1
v -6 21 -11.5 1 1 1
v -6 21 -12 1 1 1
v -6 20.5 -12 1 1 1
v -6 20.5 -11.5 1 1 1
v -10.5 16 -12.5 1 1 1
v -10 16 -12.5 1 1 1
v -10 16 -12 1 1 1
v -10.5 16 -12 1 1 1
v -10 16.5 -12.5 1 1 1
v -10.5 16.5 -12.5 1 1 1
v -10.5 16.5 -12 1 1 1
v -10 16.5 -12 1 1 1
v -10 16.5 -12 1 1 1
v -10.5 16.5 -12 1 1 1
v -10.5 16 -12 1 1 1
v -10 16 -12 1 1 1
v -10.5 16.5 -12.5 1 1 1
v -10 16.5 -12.5 1 1 1
v -10 16 -12.5 1 1 1
v -10.5 16 -12.5 1 1 1
v -10 16.5 -12.5 1 1 1
v -10 16.5 -12 1 1 1
v -10 16 -12 1 1 1
v -10 16 -12.5 1 1 1
v -10.5 16.5 -12 1 1 1
v -10.5 16.5 -12.5 1 1 1
v -10.5 16 -12.5 1 1 1
v -10.5 16 -12 1 1 1
v -9.5 16 -12.5 1 1 1
v -9 16 -12.5 1 1 1
v -9 16 -12 1 1 1
v -9.5 16 -12 1 1 1
v -9 16.5 -12.5 1 1 1
v -9.5 16.5 -12.5 1 1 1
v -9.5 16.5 -12 1 1 1
v -9 16.5 -12 1 1 1
v -9 16.5 -12 1 1 1
v -9.5 16.5 -12 1 1 1
v -9.5 16 -12 1 1 1
v -9 16 -12 1 1 1
v -9.5 16.5 -12.5 1 1 1
v -9 16.5 -12.5 1 1 1
v -9 16 -12.5 1 1 1
v -9.5 16 -12.5 1 1 1
v -9 16.5 -12.5 1 1 1
v -9 16.5 -12 1 1 1
v -9 16 -12 1 1 1
v -9 16 -12.5 1 1 1
v -9.5 16.5 -12 1 1 1
v -9.5 16.5 -12.5 1 1 1
v -9.5 16 -12.5 1 1 1
v -9.5 16 -12 1 1 1
v -8.5 16 -12.5 1 1 1
v -8 16 -12.5 1 1 1
v -8 16 -12 1 1 1
v -8.5 16 -12 1 1 1
v -8 16.5 -12.5 1 1 1
v -8.5 16.5 -12.5 1 1 1
v -8.5 16.5 -12 1 1 1
v -8 16.5 -12 1 1 1
v -8 16.5 -12 1 1 1
v -8.5 16.5 -12 1 1 1
v -8.5 16 -12 1 1 1
v -8 16 -12 1 1 1
v -8.5 16.5 -12.5 1 1 1
v -8 16.5 -12.5 1 1 1
v -8 16 -12.5 1 1 1
v -8.5 16 -12.5 1 1 1
v -8 16.5 -12.5 1 1 1
v -8 16.5 -12 1 1 1
v -8 16 -12 1 1 1
v -8 16 -12.5 1 1 1
v -8.5 16.5 -12 1 1 1
v -8.5 16.5 -12.5 1 1 1
v -8.5 16 -12.5 1 1 1
v -8.5 16 -12 1 1 1
v -7.5 16 -12.5 1 1 1
v -7 16 -12.5 1 1 1
v -7 16 -12 1 1 1
v -7.5 16 -12 1 1 1
v -7 16.5 -12.5 1 1 1
v -7.5 16.5 -12.5 1 1 1
v -7.5 16.5 -12 1 1 1
v -7 16.5 -12 1 1 1
v -7 16.5 -12 1 1 1
v -7.5 16.5 -12 1 1 1
v -7.5 16 -12 1 1 1
v -7 16 -12 1 1 1
v -7.5 16.5 -12.5 1 1 1
v -7 16.5 -12.5 1 1 1
v -7 16 -12.5 1 1 1
v -7.5 16 -12.5 1 1 1
v -7 16.5 -12.5 1 1 1
v -7 16.5 -12 1 1 1
v -7 16 -12 1 1 1
v -7 16 -12.5 1 1 1
v -7.5 16.5 -12 1 1 1
v -7.5 16.5 -12.5 1 1 1
v -7.5 16 -12.5 1 1 1
v -7.5 16 -12 1 1 1
v -6.5 16 -12.5 1 1 1
v -6 16 -12.5 1 1 1
v -6 16 -12 1 1 1
v -6.5 16 -12 1 1 1
v -6 16.5 -12.5 1 1 1
v -6.5 16.5 -12.5 1 1 1
v -6.5 16.5 -12 1 1 1
v -6 16.5 -12 1 1 1
v -6 16.5 -12 1 1 1
v -6.5 16.5 -12 1 1 1
v -6.5 16 -12 1 1 1
v -6 16 -12 1 1 1
v -6.5 16.5 -12.5 1 1 1
v -6 16.5 -12.5 1 1 1
v -6 16 -12.5 1 1 1
v -6.5 16 -12.5 1 1 1
v -6 16.5 -12.5 1 1 1
v -6 16.5 -12 1 1 1
v -6 16 -12 1 1 1
v -6 16 -12.5 1 1 1
v -6.5 16.5 -12 1 1 1
v -6.5 16.5 -12.5 1 1 1
v -6.5 16 -12.5 1 1 1
v -6.5 16 -12 1 1 1
v -6 16 -12.5 1 1 1
v -5.5 16 -12.5 1 1 1
v -5.5 16 -12 1 1 1
v -6 16 -12 1 1 1
v -5.5 16.5 -12.5 1 1 1
v -6 16.5 -12.5 1 1 1
v -6 16.5 -12 1 1 1
v -5.5 16.5 -12 1 1 1
v -5.5 16.5 -12 1 1 1
v -6 16.5 -12 1 1 1
v -6 16 -12 1 1 1
v -5.5 16 -12 1 1 1
v -6 16.5 -12.5 1 1 1
v -5.5 16.5 -12.5 1 1 1
v -5.5 16 -12.5 1 1 1
v -6 16 -12.5 1 1 1
v -5.5 16.5 -12.5 1 1 1
v -5.5 16.5 -12 1 1 1
v -5.5 16 -12 1 1 1
v -5.5 16 -12.5 1 1 1
v -6 16.5 -12 1 1 1
v -6 16.5 -12.5 1 1 1
v -6 16 -12.5 1 1 1
v -6 16 -12 1 1 1
vt 0.6953125 0
vt 0.6171875 0
vt 0.71875 0
vt 0.59375 0
v -7 16 -12.5 1 1 1
v -6.5 16 -12.5 1 1 1
v -6.5 16 -12 1 1 1
v -7 16 -12 1 1 1
v -6.5 16.5 -12.5 1 1 1
v -7 16.5 -12.5 1 1 1
v -7 16.5 -12 1 1 1
v -6.5 16.5 -12 1 1 1
v -6.5 16.5 -12 1 1 1
v -7 16.5 -12 1 1 1
v -7 16 -12 1 1 1
v -6.5 16 -12 1 1 1
v -7 16.5 -12.5 1 1 1
v -6.5 16.5 -12.5 1 1 1
v -6.5 16 -12.5 1 1 1
v -7 16 -12.5 1 1 1
v -6.5 16.5 -12.5 1 1 1
v -6.5 16.5 -12 1 1 1
v -6.5 16 -12 1 1 1
v -6.5 16 -12.5 1 1 1
v -7 16.5 -12 1 1 1
v -7 16.5 -12.5 1 1 1
v -7 16 -12.5 1 1 1
v -7 16 -12 1 1 1
vt 0.6796875 0.0078125
vt 0.671875 0.0078125
vt 0.671875 0
vt 0.6796875 0
vt 0.640625 0.0078125
vt 0.6328125 0.0078125
vt 0.6328125 0
vt 0.640625 0
v -8 16 -12.5 1 1 1
v -7.5 16 -12.5 1 1 1
v -7.5 16 -12 1 1 1
v -8 16 -12 1 1 1
v -7.5 16.5 -12.5 1 1 1
v -8 16.5 -12.5 1 1 1
v -8 16.5 -12 1 1 1
v -7.5 16.5 -12 1 1 1
v -7.5 16.5 -12 1 1 1
v -8 16.5 -12 1 1 1
v -8 16 -12 1 1 1
v -7.5 16 -12 1 1 1
v -8 16.5 -12.5 1 1 1
v -7.5 16.5 -12.5 1 1 1
v -7.5 16 -12.5 1 1 1
v -8 16 -12.5 1 1 1
v -7.5 16.5 -12.5 1 1 1
v -7.5 16.5 -12 1 1 1
v -7.5 16 -12 1 1 1
v -7.5 16 -12.5 1 1 1
v -8 16.5 -12 1 1 1
v -8 16.5 -12.5 1 1 1
v -8 16 -12.5 1 1 1
v -8 16 -12 1 1 1
vt 0.6640625 0.0078125
vt 0.65625 0.0078125
vt 0.65625 0
vt 0.6640625 0
vt 0.6484375 0.0078125
vt 0.6484375 0
v -9 16 -12.5 1 1 1
v -8.5 16 -12.5 1 1 1
v -8.5 16 -12 1 1 1
v -9 16 -12 1 1 1
v -8.5 16.5 -12.5 1 1 1
v -9 16.5 -12.5 1 1 1
v -9 16.5 -12 1 1 1
v -8.5 16.5 -12 1 1 1
v -8.5 16.5 -12 1 1 1
v -9 16.5 -12 1 1 1
v -9 16 -12 1 1 1
v -8.5 16 -12 1 1 1
v -9 16.5 -12.5 1 1 1
v -8.5 16.5 -12.5 1 1 1
v -8.5 16 -12.5 1 1 1
v -9 16 -12.5 1 1 1
v -8.5 16.5 -12.5 1 1 1
v -8.5 16.5 -12 1 1 1
v -8.5 16 -12 1 1 1
v -8.5 16 -12.5 1 1 1
v -9 16.5 -12 1 1 1
v -9 16.5 -12.5 1 1 1
v -9 16 -12.5 1 1 1
v -9 16 -12 1 1 1
v -10 16 -12.5 1 1 1
v -9.5 16 -12.5 1 1 1
v -9.5 16 -12 1 1 1
v -10 16 -12 1 1 1
v -9.5 16.5 -12.5 1 1 1
v -10 16.5 -12.5 1 1 1
v -10 16.5 -12 1 1 1
v -9.5 16.5 -12 1 1 1
v -9.5 16.5 -12 1 1 1
v -10 16.5 -12 1 1 1
v -10 16 -12 1 1 1
v -9.5 16 -12 1 1 1
v -10 16.5 -12.5 1 1 1
v -9.5 16.5 -12.5 1 1 1
v -9.5 16 -12.5 1 1 1
v -10 16 -12.5 1 1 1
v -9.5 16.5 -12.5 1 1 1
v -9.5 16.5 -12 1 1 1
v -9.5 16 -12 1 1 1
v -9.5 16 -12.5 1 1 1
v -10 16.5 -12 1 1 1
v -10 16.5 -12.5 1 1 1
v -10 16 -12.5 1 1 1
v -10 16 -12 1 1 1
v -6.5 16 -12 1 1 1
v -6 16 -12 1 1 1
v -6 16 -11.5 1 1 1
v -6.5 16 -11.5 1 1 1
v -6 16.5 -12 1 1 1
v -6.5 16.5 -12 1 1 1
v -6.5 16.5 -11.5 1 1 1
v -6 16.5 -11.5 1 1 1
v -6 16.5 -11.5 1 1 1
v -6.5 16.5 -11.5 1 1 1
v -6.5 16 -11.5 1 1 1
v -6 16 -11.5 1 1 1
v -6.5 16.5 -12 1 1 1
v -6 16.5 -12 1 1 1
v -6 16 -12 1 1 1
v -6.5 16 -12 1 1 1
v -6 16.5 -12 1 1 1
v -6 16.5 -11.5 1 1 1
v -6 16 -11.5 1 1 1
v -6 16 -12 1 1 1
v -6.5 16.5 -11.5 1 1 1
v -6.5 16.5 -12 1 1 1
v -6.5 16 -12 1 1 1
v -6.5 16 -11.5 1 1 1
vt 0.7109375 0
vt 0.6015625 0
v -7.5 16 -12 1 1 1
v -7 16 -12 1 1 1
v -7 16 -11.5 1 1 1
v -7.5 16 -11.5 1 1 1
v -7 16.5 -12 1 1 1
v -7.5 16.5 -12 1 1 1
v -7.5 16.5 -11.5 1 1 1
v -7 16.5 -11.5 1 1 1
v -7 16.5 -11.5 1 1 1
v -7.5 16.5 -11.5 1 1 1
v -7.5 16 -11.5 1 1 1
v -7 16 -11.5 1 1 1
v -7.5 16.5 -12 1 1 1
v -7 16.5 -12 1 1 1
v -7 16 -12 1 1 1
v -7.5 16 -12 1 1 1
v -7 16.5 -12 1 1 1
v -7 16.5 -11.5 1 1 1
v -7 16 -11.5 1 1 1
v -7 16 -12 1 1 1
v -7.5 16.5 -11.5 1 1 1
v -7.5 16.5 -12 1 1 1
v -7.5 16 -12 1 1 1
v -7.5 16 -11.5 1 1 1
v -8.5 16 -12 1 1 1
v -8 16 -12 1 1 1
v -8 16 -11.5 1 1 1
v -8.5 16 -11.5 1 1 1
v -8 16.5 -12 1 1 1
v -8.5 16.5 -12 1 1 1
v -8.5 16.5 -11.5 1 1 1
v -8 16.5 -11.5 1 1 1
v -8 16.5 -11.5 1 1 1
v -8.5 16.5 -11.5 1 1 1
v -8.5 16 -11.5 1 1 1
v -8 16 -11.5 1 1 1
v -8.5 16.5 -12 1 1 1
v -8 16.5 -12 1 1 1
v -8 16 -12 1 1 1
v -8.5 16 -12 1 1 1
v -8 16.5 -12 1 1 1
v -8 16.5 -11.5 1 1 1
v -8 16 -11.5 1 1 1
v -8 16 -12 1 1 1
v -8.5 16.5 -11.5 1 1 1
v -8.5 16.5 -12 1 1 1
v -8.5 16 -12 1 1 1
v -8.5 16 -11.5 1 1 1
v -9.5 16 -12 1 1 1
v -9 16 -12 1 1 1
v -9 16 -11.5 1 1 1
v -9.5 16 -11.5 1 1 1
v -9 16.5 -12 1 1 1
v -9.5 16.5 -12 1 1 1
v -9.5 16.5 -11.5 1 1 1
v -9 16.5 -11.5 1 1 1
v -9 16.5 -11.5 1 1 1
v -9.5 16.5 -11.5 1 1 1
v -9.5 16 -11.5 1 1 1
v -9 16 -11.5 1 1 1
v -9.5 16.5 -12 1 1 1
v -9 16.5 -12 1 1 1
v -9 16 -12 1 1 1
v -9.5 16 -12 1 1 1
v -9 16.5 -12 1 1 1
v -9 16.5 -11.5 1 1 1
v -9 16 -11.5 1 1 1
v -9 16 -12 1 1 1
v -9.5 16.5 -11.5 1 1 1
v -9.5 16.5 -12 1 1 1
v -9.5 16 -12 1 1 1
v -9.5 16 -11.5 1 1 1
v -10.5 16 -12 1 1 1
v -10 16 -12 1 1 1
v -10 16 -11.5 1 1 1
v -10.5 16 -11.5 1 1 1
v -10 16.5 -12 1 1 1
v -10.5 16.5 -12 1 1 1
v -10.5 16.5 -11.5 1 1 1
v -10 16.5 -11.5 1 1 1
v -10 16.5 -11.5 1 1 1
v -10.5 16.5 -11.5 1 1 1
v -10.5 16 -11.5 1 1 1
v -10 16 -11.5 1 1 1
v -10.5 16.5 -12 1 1 1
v -10 16.5 -12 1 1 1
v -10 16 -12 1 1 1
v -10.5 16 -12 1 1 1
v -10 16.5 -12 1 1 1
v -10 16.5 -11.5 1 1 1
v -10 16 -11.5 1 1 1
v -10 16 -12 1 1 1
v -10.5 16.5 -11.5 1 1 1
v -10.5 16.5 -12 1 1 1
v -10.5 16 -12 1 1 1
v -10.5 16 -11.5 1 1 1
v -10 16 -12 1 1 1
v -9.5 16 -12 1 1 1
v -9.5 16 -11.5 1 1 1
v -10 16 -11.5 1 1 1
v -9.5 16.5 -12 1 1 1
v -10 16.5 -12 1 1 1
v -10 16.5 -11.5 1 1 1
v -9.5 16.5 -11.5 1 1 1
v -9.5 16.5 -11.5 1 1 1
v -10 16.5 -11.5 1 1 1
v -10 16 -11.5 1 1 1
v -9.5 16 -11.5 1 1 1
v -10 16.5 -12 1 1 1
v -9.5 16.5 -12 1 1 1
v -9.5 16 -12 1 1 1
v -10 16 -12 1 1 1
v -9.5 16.5 -12 1 1 1
v -9.5 16.5 -11.5 1 1 1
v -9.5 16 -11.5 1 1 1
v -9.5 16 -12 1 1 1
v -10 16.5 -11.5 1 1 1
v -10 16.5 -12 1 1 1
v -10 16 -12 1 1 1
v -10 16 -11.5 1 1 1
v -9 16 -12 1 1 1
v -8.5 16 -12 1 1 1
v -8.5 16 -11.5 1 1 1
v -9 16 -11.5 1 1 1
v -8.5 16.5 -12 1 1 1
v -9 16.5 -12 1 1 1
v -9 16.5 -11.5 1 1 1
v -8.5 16.5 -11.5 1 1 1
v -8.5 16.5 -11.5 1 1 1
v -9 16.5 -11.5 1 1 1
v -9 16 -11.5 1 1 1
v -8.5 16 -11.5 1 1 1
v -9 16.5 -12 1 1 1
v -8.5 16.5 -12 1 1 1
v -8.5 16 -12 1 1 1
v -9 16 -12 1 1 1
v -8.5 16.5 -12 1 1 1
v -8.5 16.5 -11.5 1 1 1
v -8.5 16 -11.5 1 1 1
v -8.5 16 -12 1 1 1
v -9 16.5 -11.5 1 1 1
v -9 16.5 -12 1 1 1
v -9 16 -12 1 1 1
v -9 16 -11.5 1 1 1
v -8 16 -12 1 1 1
v -7.5 16 -12 1 1 1
v -7.5 16 -11.5 1 1 1
v -8 16 -11.5 1 1 1
v -7.5 16.5 -12 1 1 1
v -8 16.5 -12 1 1 1
v -8 16.5 -11.5 1 1 1
v -7.5 16.5 -11.5 1 1 1
v -7.5 16.5 -11.5 1 1 1
v -8 16.5 -11.5 1 1 1
v -8 16 -11.5 1 1 1
v -7.5 16 -11.5 1 1 1
v -8 16.5 -12 1 1 1
v -7.5 16.5 -12 1 1 1
v -7.5 16 -12 1 1 1
v -8 16 -12 1 1 1
v -7.5 16.5 -12 1 1 1
v -7.5 16.5 -11.5 1 1 1
v -7.5 16 -11.5 1 1 1
v -7.5 16 -12 1 1 1
v -8 16.5 -11.5 1 1 1
v -8 16.5 -12 1 1 1
v -8 16 -12 1 1 1
v -8 16 -11.5 1 1 1
v -7 16 -12 1 1 1
v -6.5 16 -12 1 1 1
v -6.5 16 -11.5 1 1 1
v -7 16 -11.5 1 1 1
v -6.5 16.5 -12 1 1 1
v -7 16.5 -12 1 1 1
v -7 16.5 -11.5 1 1 1
v -6.5 16.5 -11.5 1 1 1
v -6.5 16.5 -11.5 1 1 1
v -7 16.5 -11.5 1 1 1
v -7 16 -11.5 1 1 1
v -6.5 16 -11.5 1 1 1
v -7 16.5 -12 1 1 1
v -6.5 16.5 -12 1 1 1
v -6.5 16 -12 1 1 1
v -7 16 -12 1 1 1
v -6.5 16.5 -12 1 1 1
v -6.5 16.5 -11.5 1 1 1
v -6.5 16 -11.5 1 1 1
v -6.5 16 -12 1 1 1
v -7 16.5 -11.5 1 1 1
v -7 16.5 -12 1 1 1
v -7 16 -12 1 1 1
v -7 16 -11.5 1 1 1
v -6 16 -12 1 1 1
v -5.5 16 -12 1 1 1
v -5.5 16 -11.5 1 1 1
v -6 16 -11.5 1 1 1
v -5.5 16.5 -12 1 1 1
v -6 16.5 -12 1 1 1
v -6 16.5 -11.5 1 1 1
v -5.5 16.5 -11.5 1 1 1
v -5.5 16.5 -11.5 1 1 1
v -6 16.5 -11.5 1 1 1
v -6 16 -11.5 1 1 1
v -5.5 16 -11.5 1 1 1
v -6 16.5 -12 1 1 1
v -5.5 16.5 -12 1 1 1
v -5.5 16 -12 1 1 1
v -6 16 -12 1 1 1
v -5.5 16.5 -12 1 1 1
v -5.5 16.5 -11.5 1 1 1
v -5.5 16 -11.5 1 1 1
v -5.5 16 -12 1 1 1
v -6 16.5 -11.5 1 1 1
v -6 16.5 -12 1 1 1
v -6 16 -12 1 1 1
v -6 16 -11.5 1 1 1
v -10.5 16 -4.5 1 1 1
v -10 16 -4.5 1 1 1
v -10 16 -4 1 1 1
v -10.5 16 -4 1 1 1
v -10 16.5 -4.5 1 1 1
v -10.5 16.5 -4.5 1 1 1
v -10.5 16.5 -4 1 1 1
v -10 16.5 -4 1 1 1
v -10 16.5 -4 1 1 1
v -10.5 16.5 -4 1 1 1
v -10.5 16 -4 1 1 1
v -10 16 -4 1 1 1
v -10.5 16.5 -4.5 1 1 1
v -10 16.5 -4.5 1 1 1
v -10 16 -4.5 1 1 1
v -10.5 16 -4.5 1 1 1
v -10 16.5 -4.5 1 1 1
v -10 16.5 -4 1 1 1
v -10 16 -4 1 1 1
v -10 16 -4.5 1 1 1
v -10.5 16.5 -4 1 1 1
v -10.5 16.5 -4.5 1 1 1
v -10.5 16 -4.5 1 1 1
v -10.5 16 -4 1 1 1
v -9.5 16 -4.5 1 1 1
v -9 16 -4.5 1 1 1
v -9 16 -4 1 1 1
v -9.5 16 -4 1 1 1
v -9 16.5 -4.5 1 1 1
v -9.5 16.5 -4.5 1 1 1
v -9.5 16.5 -4 1 1 1
v -9 16.5 -4 1 1 1
v -9 16.5 -4 1 1 1
v -9.5 16.5 -4 1 1 1
v -9.5 16 -4 1 1 1
v -9 16 -4 1 1 1
v -9.5 16.5 -4.5 1 1 1
v -9 16.5 -4.5 1 1 1
v -9 16 -4.5 1 1 1
v -9.5 16 -4.5 1 1 1
v -9 16.5 -4.5 1 1 1
v -9 16.5 -4 1 1 1
v -9 16 -4 1 1 1
v -9 16 -4.5 1 1 1
v -9.5 16.5 -4 1 1 1
v -9.5 16.5 -4.5 1 1 1
v -9.5 16 -4.5 1 1 1
v -9.5 16 -4 1 1 1
v -8.5 16 -4.5 1 1 1
v -8 16 -4.5 1 1 1
v -8 16 -4 1 1 1
v -8.5 16 -4 1 1 1
v -8 16.5 -4.5 1 1 1
v -8.5 16.5 -4.5 1 1 1
v -8.5 16.5 -4 1 1 1
v -8 16.5 -4 1 1 1
v -8 16.5 -4 1 1 1
v -8.5 16.5 -4 1 1 1
v -8.5 16 -4 1 1 1
v -8 16 -4 1 1 1
v -8.5 16.5 -4.5 1 1 1
v -8 16.5 -4.5 1 1 1
v -8 16 -4.5 1 1 1
v -8.5 16 -4.5 1 1 1
v -8 16.5 -4.5 1 1 1
v -8 16.5 -4 1 1 1
v -8 16 -4 1 1 1
v -8 16 -4.5 1 1 1
v -8.5 16.5 -4 1 1 1
v -8.5 16.5 -4.5 1 1 1
v -8.5 16 -4.5 1 1 1
v -8.5 16 -4 1 1 1
v -7.5 16 -4.5 1 1 1
v -7 16 -4.5 1 1 1
v -7 16 -4 1 1 1
v -7.5 16 -4 1 1 1
v -7 16.5 -4.5 1 1 1
v -7.5 16.5 -4.5 1 1 1
v -7.5 16.5 -4 1 1 1
v -7 16.5 -4 1 1 1
v -7 16.5 -4 1 1 1
v -7.5 16.5 -4 1 1 1
v -7.5 16 -4 1 1 1
v -7 16 -4 1 1 1
v -7.5 16.5 -4.5 1 1 1
v -7 16.5 -4.5 1 1 1
v -7 16 -4.5 1 1 1
v -7.5 16 -4.5 1 1 1
v -7 16.5 -4.5 1 1 1
v -7 16.5 -4 1 1 1
v -7 16 -4 1 1 1
v -7 16 -4.5 1 1 1
v -7.5 16.5 -4 1 1 1
v -7.5 16.5 -4.5 1 1 1
v -7.5 16 -4.5 1 1 1
v -7.5 16 -4 1 1 1
v -6.5 16 -4.5 1 1 1
v -6 16 -4.5 1 1 1
v -6 16 -4 1 1 1
v -6.5 16 -4 1 1 1
v -6 16.5 -4.5 1 1 1
v -6.5 16.5 -4.5 1 1 1
v -6.5 16.5 -4 1 1 1
v -6 16.5 -4 1 1 1
v -6 16.5 -4 1 1 1
v -6.5 16.5 -4 1 1 1
v -6.5 16 -4 1 1 1
v -6 16 -4 1 1 1
v -6.5 16.5 -4.5 1 1 1
v -6 16.5 -4.5 1 1 1
v -6 16 -4.5 1 1 1
v -6.5 16 -4.5 1 1 1
v -6 16.5 -4.5 1 1 1
v -6 16.5 -4 1 1 1
v -6 16 -4 1 1 1
v -6 16 -4.5 1 1 1
v -6.5 16.5 -4 1 1 1
v -6.5 16.5 -4.5 1 1 1
v -6.5 16 -4.5 1 1 1
v -6.5 16 -4 1 1 1
v -6 16 -4.5 1 1 1
v -5.5 16 -4.5 1 1 1
v -5.5 16 -4 1 1 1
v -6 16 -4 1 1 1
v -5.5 16.5 -4.5 1 1 1
v -6 16.5 -4.5 1 1 1
v -6 16.5 -4 1 1 1
v -5.5 16.5 -4 1 1 1
v -5.5 16.5 -4 1 1 1
v -6 16.5 -4 1 1 1
v -6 16 -4 1 1 1
v -5.5 16 -4 1 1 1
v -6 16.5 -4.5 1 1 1
v -5.5 16.5 -4.5 1 1 1
v -5.5 16 -4.5 1 1 1
v -6 16 -4.5 1 1 1
v -5.5 16.5 -4.5 1 1 1
v -5.5 16.5 -4 1 1 1
v -5.5 16 -4 1 1 1
v -5.5 16 -4.5 1 1 1
v -6 16.5 -4 1 1 1
v -6 16.5 -4.5 1 1 1
v -6 16 -4.5 1 1 1
v -6 16 -4 1 1 1
v -7 16 -4.5 1 1 1
v -6.5 16 -4.5 1 1 1
v -6.5 16 -4 1 1 1
v -7 16 -4 1 1 1
v -6.5 16.5 -4.5 1 1 1
v -7 16.5 -4.5 1 1 1
v -7 16.5 -4 1 1 1
v -6.5 16.5 -4 1 1 1
v -6.5 16.5 -4 1 1 1
v -7 16.5 -4 1 1 1
v -7 16 -4 1 1 1
v -6.5 16 -4 1 1 1
v -7 16.5 -4.5 1 1 1
v -6.5 16.5 -4.5 1 1 1
v -6.5 16 -4.5 1 1 1
v -7 16 -4.5 1 1 1
v -6.5 16.5 -4.5 1 1 1
v -6.5 16.5 -4 1 1 1
v -6.5 16 -4 1 1 1
v -6.5 16 -4.5 1 1 1
v -7 16.5 -4 1 1 1
v -7 16.5 -4.5 1 1 1
v -7 16 -4.5 1 1 1
v -7 16 -4 1 1 1
v -8 16 -4.5 1 1 1
v -7.5 16 -4.5 1 1 1
v -7.5 16 -4 1 1 1
v -8 16 -4 1 1 1
v -7.5 16.5 -4.5 1 1 1
v -8 16.5 -4.5 1 1 1
v -8 16.5 -4 1 1 1
v -7.5 16.5 -4 1 1 1
v -7.5 16.5 -4 1 1 1
v -8 16.5 -4 1 1 1
v -8 16 -4 1 1 1
v -7.5 16 -4 1 1 1
v -8 16.5 -4.5 1 1 1
v -7.5 16.5 -4.5 1 1 1
v -7.5 16 -4.5 1 1 1
v -8 16 -4.5 1 1 1
v -7.5 16.5 -4.5 1 1 1
v -7.5 16.5 -4 1 1 1
v -7.5 16 -4 1 1 1
v -7.5 16 -4.5 1 1 1
v -8 16.5 -4 1 1 1
v -8 16.5 -4.5 1 1 1
v -8 16 -4.5 1 1 1
v -8 16 -4 1 1 1
v -9 16 -4.5 1 1 1
v -8.5 16 -4.5 1 1 1
v -8.5 16 -4 1 1 1
v -9 16 -4 1 1 1
v -8.5 16.5 -4.5 1 1 1
v -9 16.5 -4.5 1 1 1
v -9 16.5 -4 1 1 1
v -8.5 16.5 -4 1 1 1
v -8.5 16.5 -4 1 1 1
v -9 16.5 -4 1 1 1
v -9 16 -4 1 1 1
v -8.5 16 -4 1 1 1
v -9 16.5 -4.5 1 1 1
v -8.5 16.5 -4.5 1 1 1
v -8.5 16 -4.5 1 1 1
v -9 16 -4.5 1 1 1
v -8.5 16.5 -4.5 1 1 1
v -8.5 16.5 -4 1 1 1
v -8.5 16 -4 1 1 1
v -8.5 16 -4.5 1 1 1
v -9 16.5 -4 1 1 1
v -9 16.5 -4.5 1 1 1
v -9 16 -4.5 1 1 1
v -9 16 -4 1 1 1
v -10 16 -4.5 1 1 1
v -9.5 16 -4.5 1 1 1
v -9.5 16 -4 1 1 1
v -10 16 -4 1 1 1
v -9.5 16.5 -4.5 1 1 1
v -10 16.5 -4.5 1 1 1
v -10 16.5 -4 1 1 1
v -9.5 16.5 -4 1 1 1
v -9.5 16.5 -4 1 1 1
v -10 16.5 -4 1 1 1
v -10 16 -4 1 1 1
v -9.5 16 -4 1 1 1
v -10 16.5 -4.5 1 1 1
v -9.5 16.5 -4.5 1 1 1
v -9.5 16 -4.5 1 1 1
v -10 16 -4.5 1 1 1
v -9.5 16.5 -4.5 1 1 1
v -9.5 16.5 -4 1 1 1
v -9.5 16 -4 1 1 1
v -9.5 16 -4.5 1 1 1
v -10 16.5 -4 1 1 1
v -10 16.5 -4.5 1 1 1
v -10 16 -4.5 1 1 1
v -10 16 -4 1 1 1
v -6.5 16 -4 1 1 1
v -6 16 -4 1 1 1
v -6 16 -3.5 1 1 1
v -6.5 16 -3.5 1 1 1
v -6 16.5 -4 1 1 1
v -6.5 16.5 -4 1 1 1
v -6.5 16.5 -3.5 1 1 1
v -6 16.5 -3.5 1 1 1
v -6 16.5 -3.5 1 1 1
v -6.5 16.5 -3.5 1 1 1
v -6.5 16 -3.5 1 1 1
v -6 16 -3.5 1 1 1
v -6.5 16.5 -4 1 1 1
v -6 16.5 -4 1 1 1
v -6 16 -4 1 1 1
v -6.5 16 -4 1 1 1
v -6 16.5 -4 1 1 1
v -6 16.5 -3.5 1 1 1
v -6 16 -3.5 1 1 1
v -6 16 -4 1 1 1
v -6.5 16.5 -3.5 1 1 1
v -6.5 16.5 -4 1 1 1
v -6.5 16 -4 1 1 1
v -6.5 16 -3.5 1 1 1
v -7.5 16 -4 1 1 1
v -7 16 -4 1 1 1
v -7 16 -3.5 1 1 1
v -7.5 16 -3.5 1 1 1
v -7 16.5 -4 1 1 1
v -7.5 16.5 -4 1 1 1
v -7.5 16.5 -3.5 1 1 1
v -7 16.5 -3.5 1 1 1
v -7 16.5 -3.5 1 1 1
v -7.5 16.5 -3.5 1 1 1
v -7.5 16 -3.5 1 1 1
v -7 16 -3.5 1 1 1
v -7.5 16.5 -4 1 1 1
v -7 16.5 -4 1 1 1
v -7 16 -4 1 1 1
v -7.5 16 -4 1 1 1
v -7 16.5 -4 1 1 1
v -7 16.5 -3.5 1 1 1
v -7 16 -3.5 1 1 1
v -7 16 -4 1 1 1
v -7.5 16.5 -3.5 1 1 1
v -7.5 16.5 -4 1 1 1
v -7.5 16 -4 1 1 1
v -7.5 16 -3.5 1 1 1
v -8.5 16 -4 1 1 1
v -8 16 -4 1 1 1
v -8 16 -3.5 1 1 1
v -8.5 16 -3.5 1 1 1
v -8 16.5 -4 1 1 1
v -8.5 16.5 -4 1 1 1
v -8.5 16.5 -3.5 1 1 1
v -8 16.5 -3.5 1 1 1
v -8 16.5 -3.5 1 1 1
v -8.5 16.5 -3.5 1 1 1
v -8.5 16 -3.5 1 1 1
v -8 16 -3.5 1 1 1
v -8.5 16.5 -4 1 1 1
v -8 16.5 -4 1 1 1
v -8 16 -4 1 1 1
v -8.5 16 -4 1 1 1
v -8 16.5 -4 1 1 1
v -8 16.5 -3.5 1 1 1
v -8 16 -3.5 1 1 1
v -8 16 -4 1 1 1
v -8.5 16.5 -3.5 1 1 1
v -8.5 16.5 -4 1 1 1
v -8.5 16 -4 1 1 1
v -8.5 16 -3.5 1 1 1
v -9.5 16 -4 1 1 1
v -9 16 -4 1 1 1
v -9 16 -3.5 1 1 1
v -9.5 16 -3.5 1 1 1
v -9 16.5 -4 1 1 1
v -9.5 16.5 -4 1 1 1
v -9.5 16.5 -3.5 1 1 1
v -9 16.5 -3.5 1 1 1
v -9 16.5 -3.5 1 1 1
v -9.5 16.5 -3.5 1 1 1
v -9.5 16 -3.5 1 1 1
v -9 16 -3.5 1 1 1
v -9.5 16.5 -4 1 1 1
v -9 16.5 -4 1 1 1
v -9 16 -4 1 1 1
v -9.5 16 -4 1 1 1
v -9 16.5 -4 1 1 1
v -9 16.5 -3.5 1 1 1
v -9 16 -3.5 1 1 1
v -9 16 -4 1 1 1
v -9.5 16.5 -3.5 1 1 1
v -9.5 16.5 -4 1 1 1
v -9.5 16 -4 1 1 1
v -9.5 16 -3.5 1 1 1
v -10.5 16 -4 1 1 1
v -10 16 -4 1 1 1
v -10 16 -3.5 1 1 1
v -10.5 16 -3.5 1 1 1
v -10 16.5 -4 1 1 1
v -10.5 16.5 -4 1 1 1
v -10.5 16.5 -3.5 1 1 1
v -10 16.5 -3.5 1 1 1
v -10 16.5 -3.5 1 1 1
v -10.5 16.5 -3.5 1 1 1
v -10.5 16 -3.5 1 1 1
v -10 16 -3.5 1 1 1
v -10.5 16.5 -4 1 1 1
v -10 16.5 -4 1 1 1
v -10 16 -4 1 1 1
v -10.5 16 -4 1 1 1
v -10 16.5 -4 1 1 1
v -10 16.5 -3.5 1 1 1
v -10 16 -3.5 1 1 1
v -10 16 -4 1 1 1
v -10.5 16.5 -3.5 1 1 1
v -10.5 16.5 -4 1 1 1
v -10.5 16 -4 1 1 1
v -10.5 16 -3.5 1 1 1
v -10 16 -4 1 1 1
v -9.5 16 -4 1 1 1
v -9.5 16 -3.5 1 1 1
v -10 16 -3.5 1 1 1
v -9.5 16.5 -4 1 1 1
v -10 16.5 -4 1 1 1
v -10 16.5 -3.5 1 1 1
v -9.5 16.5 -3.5 1 1 1
v -9.5 16.5 -3.5 1 1 1
v -10 16.5 -3.5 1 1 1
v -10 16 -3.5 1 1 1
v -9.5 16 -3.5 1 1 1
v -10 16.5 -4 1 1 1
v -9.5 16.5 -4 1 1 1
v -9.5 16 -4 1 1 1
v -10 16 -4 1 1 1
v -9.5 16.5 -4 1 1 1
v -9.5 16.5 -3.5 1 1 1
v -9.5 16 -3.5 1 1 1
v -9.5 16 -4 1 1 1
v -10 16.5 -3.5 1 1 1
v -10 16.5 -4 1 1 1
v -10 16 -4 1 1 1
v -10 16 -3.5 1 1 1
v -9 16 -4 1 1 1
v -8.5 16 -4 1 1 1
v -8.5 16 -3.5 1 1 1
v -9 16 -3.5 1 1 1
v -8.5 16.5 -4 1 1 1
v -9 16.5 -4 1 1 1
v -9 16.5 -3.5 1 1 1
v -8.5 16.5 -3.5 1 1 1
v -8.5 16.5 -3.5 1 1 1
v -9 16.5 -3.5 1 1 1
v -9 16 -3.5 1 1 1
v -8.5 16 -3.5 1 1 1
v -9 16.5 -4 1 1 1
v -8.5 16.5 -4 1 1 1
v -8.5 16 -4 1 1 1
v -9 16 -4 1 1 1
v -8.5 16.5 -4 1 1 1
v -8.5 16.5 -3.5 1 1 1
v -8.5 16 -3.5 1 1 1
v -8.5 16 -4 1 1 1
v -9 16.5 -3.5 1 1 1
v -9 16.5 -4 1 1 1
v -9 16 -4 1 1 1
v -9 16 -3.5 1 1 1
v -8 16 -4 1 1 1
v -7.5 16 -4 1 1 1
v -7.5 16 -3.5 1 1 1
v -8 16 -3.5 1 1 1
v -7.5 16.5 -4 1 1 1
v -8 16.5 -4 1 1 1
v -8 16.5 -3.5 1 1 1
v -7.5 16.5 -3.5 1 1 1
v -7.5 16.5 -3.5 1 1 1
v -8 16.5 -3.5 1 1 1
v -8 16 -3.5 1 1 1
v -7.5 16 -3.5 1 1 1
v -8 16.5 -4 1 1 1
v -7.5 16.5 -4 1 1 1
v -7.5 16 -4 1 1 1
v -8 16 -4 1 1 1
v -7.5 16.5 -4 1 1 1
v -7.5 16.5 -3.5 1 1 1
v -7.5 16 -3.5 1 1 1
v -7.5 16 -4 1 1 1
v -8 16.5 -3.5 1 1 1
v -8 16.5 -4 1 1 1
v -8 16 -4 1 1 1
v -8 16 -3.5 1 1 1
v -7 16 -4 1 1 1
v -6.5 16 -4 1 1 1
v -6.5 16 -3.5 1 1 1
v -7 16 -3.5 1 1 1
v -6.5 16.5 -4 1 1 1
v -7 16.5 -4 1 1 1
v -7 16.5 -3.5 1 1 1
v -6.5 16.5 -3.5 1 1 1
v -6.5 16.5 -3.5 1 1 1
v -7 16.5 -3.5 1 1 1
v -7 16 -3.5 1 1 1
v -6.5 16 -3.5 1 1 1
v -7 16.5 -4 1 1 1
v -6.5 16.5 -4 1 1 1
v -6.5 16 -4 1 1 1
v -7 16 -4 1 1 1
v -6.5 16.5 -4 1 1 1
v -6.5 16.5 -3.5 1 1 1
v -6.5 16 -3.5 1 1 1
v -6.5 16 -4 1 1 1
v -7 16.5 -3.5 1 1 1
v -7 16.5 -4 1 1 1
v -7 16 -4 1 1 1
v -7 16 -3.5 1 1 1
v -6 16 -4 1 1 1
v -5.5 16 -4 1 1 1
v -5.5 16 -3.5 1 1 1
v -6 16 -3.5 1 1 1
v -5.5 16.5 -4 1 1 1
v -6 16.5 -4 1 1 1
v -6 16.5 -3.5 1 1 1
v -5.5 16.5 -3.5 1 1 1
v -5.5 16.5 -3.5 1 1 1
v -6 16.5 -3.5 1 1 1
v -6 16 -3.5 1 1 1
v -5.5 16 -3.5 1 1 1
v -6 16.5 -4 1 1 1
v -5.5 16.5 -4 1 1 1
v -5.5 16 -4 1 1 1
v -6 16 -4 1 1 1
v -5.5 16.5 -4 1 1 1
v -5.5 16.5 -3.5 1 1 1
v -5.5 16 -3.5 1 1 1
v -5.5 16 -4 1 1 1
v -6 16.5 -3.5 1 1 1
v -6 16.5 -4 1 1 1
v -6 16 -4 1 1 1
v -6 16 -3.5 1 1 1
v -9.471362 0.6986541 -8.5 1 1 1
v -9.009422 0.5073123 -8.5 1 1 1
v -9.009422 0.5073123 -7.5 1 1 1
v -9.471362 0.6986541 -7.5 1 1 1
v -8.626739 1.431192 -8.5 1 1 1
v -9.088678 1.622534 -8.5 1 1 1
v -9.088678 1.622534 -7.5 1 1 1
v -8.626739 1.431192 -7.5 1 1 1
v -8.626739 1.431192 -7.5 1 1 1
v -9.088678 1.622534 -7.5 1 1 1
v -9.471362 0.6986541 -7.5 1 1 1
v -9.009422 0.5073123 -7.5 1 1 1
v -9.088678 1.622534 -8.5 1 1 1
v -8.626739 1.431192 -8.5 1 1 1
v -9.009422 0.5073123 -8.5 1 1 1
v -9.471362 0.6986541 -8.5 1 1 1
v -8.626739 1.431192 -8.5 1 1 1
v -8.626739 1.431192 -7.5 1 1 1
v -9.009422 0.5073123 -7.5 1 1 1
v -9.009422 0.5073123 -8.5 1 1 1
v -9.088678 1.622534 -7.5 1 1 1
v -9.088678 1.622534 -8.5 1 1 1
v -9.471362 0.6986541 -8.5 1 1 1
v -9.471362 0.6986541 -7.5 1 1 1
vn -0.3826835 -0.9238795 0
vn 0.3826835 0.9238795 0
vn 0.9238795 -0.3826835 0
vn -0.9238795 0.3826835 0
vt 0.1484375 0.6640625
vt 0.140625 0.6640625
vt 0.140625 0.6484375
vt 0.1484375 0.6484375
vt 0.109375 0.5546875
vt 0.1015625 0.5546875
vt 0.1015625 0.5390625
vt 0.109375 0.5390625
vt 0.1484375 0.5546875
vt 0.140625 0.5546875
vt 0.140625 0.5390625
vt 0.1484375 0.5390625
vt 0.1328125 0.5546875
vt 0.1171875 0.5546875
vt 0.1171875 0.5390625
vt 0.1328125 0.5390625
v -9.200764 0.04537259 -8.5 1 1 1
v -8.738824 -0.1459692 -8.5 1 1 1
v -8.738824 -0.1459692 -7.5 1 1 1
v -9.200764 0.04537259 -7.5 1 1 1
v -8.35614 0.7779104 -8.5 1 1 1
v -8.81808 0.9692521 -8.5 1 1 1
v -8.81808 0.9692521 -7.5 1 1 1
v -8.35614 0.7779104 -7.5 1 1 1
v -8.35614 0.7779104 -7.5 1 1 1
v -8.81808 0.9692521 -7.5 1 1 1
v -9.200764 0.04537259 -7.5 1 1 1
v -8.738824 -0.1459692 -7.5 1 1 1
v -8.81808 0.9692521 -8.5 1 1 1
v -8.35614 0.7779104 -8.5 1 1 1
v -8.738824 -0.1459692 -8.5 1 1 1
v -9.200764 0.04537259 -8.5 1 1 1
v -8.35614 0.7779104 -8.5 1 1 1
v -8.35614 0.7779104 -7.5 1 1 1
v -8.738824 -0.1459692 -7.5 1 1 1
v -8.738824 -0.1459692 -8.5 1 1 1
v -8.81808 0.9692521 -7.5 1 1 1
v -8.81808 0.9692521 -8.5 1 1 1
v -9.200764 0.04537259 -8.5 1 1 1
v -9.200764 0.04537259 -7.5 1 1 1
vt 0.1328125 0.6640625
vt 0.1328125 0.6484375
vt 0.1171875 0.546875
vt 0.109375 0.546875
vt 0.109375 0.53125
vt 0.1171875 0.53125
vt 0.140625 0.546875
vt 0.1328125 0.546875
vt 0.1328125 0.53125
vt 0.140625 0.53125
v -10.69867 -0.9577638 -8.5 1 1 1
v -10.23673 -1.149106 -8.5 1 1 1
v -10.23673 -1.149106 -7.5 1 1 1
v -10.69867 -0.9577638 -7.5 1 1 1
v -9.471362 0.6986535 -8.5 1 1 1
v -9.933302 0.8899953 -8.5 1 1 1
v -9.933302 0.8899953 -7.5 1 1 1
v -9.471362 0.6986535 -7.5 1 1 1
v -9.471362 0.6986535 -7.5 1 1 1
v -9.933302 0.8899953 -7.5 1 1 1
v -10.69867 -0.9577638 -7.5 1 1 1
v -10.23673 -1.149106 -7.5 1 1 1
v -9.933302 0.8899953 -8.5 1 1 1
v -9.471362 0.6986535 -8.5 1 1 1
v -10.23673 -1.149106 -8.5 1 1 1
v -10.69867 -0.9577638 -8.5 1 1 1
v -9.471362 0.6986535 -8.5 1 1 1
v -9.471362 0.6986535 -7.5 1 1 1
v -10.23673 -1.149106 -7.5 1 1 1
v -10.23673 -1.149106 -8.5 1 1 1
v -9.933302 0.8899953 -7.5 1 1 1
v -9.933302 0.8899953 -8.5 1 1 1
v -10.69867 -0.9577638 -8.5 1 1 1
v -10.69867 -0.9577638 -7.5 1 1 1
vt 0.15625 0.6640625
vt 0.15625 0.6484375
vt 0.09375 0.5390625
vt 0.09375 0.53125
vt 0.1015625 0.53125
vt 0.15625 0.5390625
vt 0.1484375 0.53125
vt 0.15625 0.53125
v -11.92597 -2.614181 -8.5 1 1 1
v -11.46404 -2.805523 -8.5 1 1 1
v -11.46404 -2.805523 -7.5 1 1 1
v -11.92597 -2.614181 -7.5 1 1 1
v -10.69867 -0.9577639 -8.5 1 1 1
v -11.16061 -0.766422 -8.5 1 1 1
v -11.16061 -0.766422 -7.5 1 1 1
v -10.69867 -0.9577639 -7.5 1 1 1
v -10.69867 -0.9577639 -7.5 1 1 1
v -11.16061 -0.766422 -7.5 1 1 1
v -11.92597 -2.614181 -7.5 1 1 1
v -11.46404 -2.805523 -7.5 1 1 1
v -11.16061 -0.766422 -8.5 1 1 1
v -10.69867 -0.9577639 -8.5 1 1 1
v -11.46404 -2.805523 -8.5 1 1 1
v -11.92597 -2.614181 -8.5 1 1 1
v -10.69867 -0.9577639 -8.5 1 1 1
v -10.69867 -0.9577639 -7.5 1 1 1
v -11.46404 -2.805523 -7.5 1 1 1
v -11.46404 -2.805523 -8.5 1 1 1
v -11.16061 -0.766422 -7.5 1 1 1
v -11.16061 -0.766422 -8.5 1 1 1
v -11.92597 -2.614181 -8.5 1 1 1
v -11.92597 -2.614181 -7.5 1 1 1
vt 0.1640625 0.6640625
vt 0.1640625 0.6484375
vt 0.09375 0.7578125
vt 0.0859375 0.7578125
vt 0.0859375 0.7265625
vt 0.09375 0.7265625
vt 0.1640625 0.7578125
vt 0.15625 0.7578125
vt 0.15625 0.7265625
vt 0.1640625 0.7265625
vt 0.1328125 0.7578125
vt 0.1171875 0.7578125
vt 0.1171875 0.7265625
vt 0.1328125 0.7265625
v -9.695533 -2.455668 -8.5 1 1 1
v -9.233593 -2.647009 -8.5 1 1 1
v -9.233593 -2.647009 -7.5 1 1 1
v -9.695533 -2.455668 -7.5 1 1 1
v -8.276884 -0.3373106 -8.5 1 1 1
v -8.738824 -0.1459689 -8.5 1 1 1
v -8.738824 -0.1459689 -7.5 1 1 1
v -8.276884 -0.3373106 -7.5 1 1 1
v -8.276884 -0.3373106 -7.5 1 1 1
v -8.738824 -0.1459689 -7.5 1 1 1
v -9.695533 -2.455668 -7.5 1 1 1
v -9.233593 -2.647009 -7.5 1 1 1
v -8.738824 -0.1459689 -8.5 1 1 1
v -8.276884 -0.3373106 -8.5 1 1 1
v -9.233593 -2.647009 -8.5 1 1 1
v -9.695533 -2.455668 -8.5 1 1 1
v -8.276884 -0.3373106 -8.5 1 1 1
v -8.276884 -0.3373106 -7.5 1 1 1
v -9.233593 -2.647009 -7.5 1 1 1
v -9.233593 -2.647009 -8.5 1 1 1
v -8.738824 -0.1459689 -7.5 1 1 1
v -8.738824 -0.1459689 -8.5 1 1 1
v -9.695533 -2.455668 -8.5 1 1 1
v -9.695533 -2.455668 -7.5 1 1 1
vt 0.125 0.6640625
vt 0.125 0.6484375
vt 0.125 0.78125
vt 0.1171875 0.78125
vt 0.1171875 0.7421875
vt 0.125 0.7421875
vt 0.1328125 0.78125
vt 0.1328125 0.7421875
v -11.11418 -4.574025 -8.5 1 1 1
v -10.65224 -4.765367 -8.5 1 1 1
v -10.65224 -4.765367 -7.5 1 1 1
v -11.11418 -4.574025 -7.5 1 1 1
v -9.695532 -2.455668 -8.5 1 1 1
v -10.15747 -2.264327 -8.5 1 1 1
v -10.15747 -2.264327 -7.5 1 1 1
v -9.695532 -2.455668 -7.5 1 1 1
v -9.695532 -2.455668 -7.5 1 1 1
v -10.15747 -2.264327 -7.5 1 1 1
v -11.11418 -4.574025 -7.5 1 1 1
v -10.65224 -4.765367 -7.5 1 1 1
v -10.15747 -2.264327 -8.5 1 1 1
v -9.695532 -2.455668 -8.5 1 1 1
v -10.65224 -4.765367 -8.5 1 1 1
v -11.11418 -4.574025 -8.5 1 1 1
v -9.695532 -2.455668 -8.5 1 1 1
v -9.695532 -2.455668 -7.5 1 1 1
v -10.65224 -4.765367 -7.5 1 1 1
v -10.65224 -4.765367 -8.5 1 1 1
v -10.15747 -2.264327 -7.5 1 1 1
v -10.15747 -2.264327 -8.5 1 1 1
v -11.11418 -4.574025 -8.5 1 1 1
v -11.11418 -4.574025 -7.5 1 1 1
vt 0.109375 0.7421875
vt 0.109375 0.703125
vt 0.1171875 0.703125
vt 0.140625 0.7421875
vt 0.1328125 0.703125
vt 0.140625 0.703125
v -11.9588 -5.306562 -8.5 1 1 1
v -11.49686 -5.497904 -8.5 1 1 1
v -11.49686 -5.497904 -7.5 1 1 1
v -11.9588 -5.306562 -7.5 1 1 1
v -11.11418 -4.574024 -8.5 1 1 1
v -11.57612 -4.382683 -8.5 1 1 1
v -11.57612 -4.382683 -7.5 1 1 1
v -11.11418 -4.574024 -7.5 1 1 1
v -11.11418 -4.574024 -7.5 1 1 1
v -11.57612 -4.382683 -7.5 1 1 1
v -11.9588 -5.306562 -7.5 1 1 1
v -11.49686 -5.497904 -7.5 1 1 1
v -11.57612 -4.382683 -8.5 1 1 1
v -11.11418 -4.574024 -8.5 1 1 1
v -11.49686 -5.497904 -8.5 1 1 1
v -11.9588 -5.306562 -8.5 1 1 1
v -11.11418 -4.574024 -8.5 1 1 1
v -11.11418 -4.574024 -7.5 1 1 1
v -11.49686 -5.497904 -7.5 1 1 1
v -11.49686 -5.497904 -8.5 1 1 1
v -11.57612 -4.382683 -7.5 1 1 1
v -11.57612 -4.382683 -8.5 1 1 1
v -11.9588 -5.306562 -8.5 1 1 1
v -11.9588 -5.306562 -7.5 1 1 1
vt 0.1015625 0.703125
vt 0.1015625 0.6875
vt 0.109375 0.6875
vt 0.1484375 0.703125
vt 0.140625 0.6875
vt 0.1484375 0.6875
vt 0.1171875 0.6875
vt 0.1328125 0.6875
v -12.61209 -5.577161 -8.5 1 1 1
v -12.15015 -5.768503 -8.5 1 1 1
v -12.15015 -5.768503 -7.5 1 1 1
v -12.61209 -5.577161 -7.5 1 1 1
v -11.9588 -5.306563 -8.5 1 1 1
v -12.42074 -5.115221 -8.5 1 1 1
v -12.42074 -5.115221 -7.5 1 1 1
v -11.9588 -5.306563 -7.5 1 1 1
v -11.9588 -5.306563 -7.5 1 1 1
v -12.42074 -5.115221 -7.5 1 1 1
v -12.61209 -5.577161 -7.5 1 1 1
v -12.15015 -5.768503 -7.5 1 1 1
v -12.42074 -5.115221 -8.5 1 1 1
v -11.9588 -5.306563 -8.5 1 1 1
v -12.15015 -5.768503 -8.5 1 1 1
v -12.61209 -5.577161 -8.5 1 1 1
v -11.9588 -5.306563 -8.5 1 1 1
v -11.9588 -5.306563 -7.5 1 1 1
v -12.15015 -5.768503 -7.5 1 1 1
v -12.15015 -5.768503 -8.5 1 1 1
v -12.42074 -5.115221 -7.5 1 1 1
v -12.42074 -5.115221 -8.5 1 1 1
v -12.61209 -5.577161 -8.5 1 1 1
v -12.61209 -5.577161 -7.5 1 1 1
vt 0.09375 0.6875
vt 0.09375 0.6796875
vt 0.1015625 0.6796875
vt 0.15625 0.6875
vt 0.1484375 0.6796875
vt 0.15625 0.6796875
vt 0.1171875 0.6796875
vt 0.1328125 0.6796875
v -12.96194 -3.808658 -8.5 1 1 1
v -12.5 -4 -8.5 1 1 1
v -12.5 -4 -7.5 1 1 1
v -12.96194 -3.808658 -7.5 1 1 1
v -11.92597 -2.614181 -8.5 1 1 1
v -12.38791 -2.422839 -8.5 1 1 1
v -12.38791 -2.422839 -7.5 1 1 1
v -11.92597 -2.614181 -7.5 1 1 1
v -11.92597 -2.614181 -7.5 1 1 1
v -12.38791 -2.422839 -7.5 1 1 1
v -12.96194 -3.808658 -7.5 1 1 1
v -12.5 -4 -7.5 1 1 1
v -12.38791 -2.422839 -8.5 1 1 1
v -11.92597 -2.614181 -8.5 1 1 1
v -12.5 -4 -8.5 1 1 1
v -12.96194 -3.808658 -8.5 1 1 1
v -11.92597 -2.614181 -8.5 1 1 1
v -11.92597 -2.614181 -7.5 1 1 1
v -12.5 -4 -7.5 1 1 1
v -12.5 -4 -8.5 1 1 1
v -12.38791 -2.422839 -7.5 1 1 1
v -12.38791 -2.422839 -8.5 1 1 1
v -12.96194 -3.808658 -8.5 1 1 1
v -12.96194 -3.808658 -7.5 1 1 1
vt 0.171875 0.6640625
vt 0.171875 0.6484375
vt 0.078125 0.7265625
vt 0.078125 0.703125
vt 0.0859375 0.703125
vt 0.171875 0.7265625
vt 0.1640625 0.703125
vt 0.171875 0.703125
v -12.88268 -4.92388 -8.5 1 1 1
v -12.42074 -5.115222 -8.5 1 1 1
v -12.42074 -5.115222 -7.5 1 1 1
v -12.88268 -4.92388 -7.5 1 1 1
v -12.03806 -4.191342 -8.5 1 1 1
v -12.5 -4.000001 -8.5 1 1 1
v -12.5 -4.000001 -7.5 1 1 1
v -12.03806 -4.191342 -7.5 1 1 1
v -12.03806 -4.191342 -7.5 1 1 1
v -12.5 -4.000001 -7.5 1 1 1
v -12.88268 -4.92388 -7.5 1 1 1
v -12.42074 -5.115222 -7.5 1 1 1
v -12.5 -4.000001 -8.5 1 1 1
v -12.03806 -4.191342 -8.5 1 1 1
v -12.42074 -5.115222 -8.5 1 1 1
v -12.88268 -4.92388 -8.5 1 1 1
v -12.03806 -4.191342 -8.5 1 1 1
v -12.03806 -4.191342 -7.5 1 1 1
v -12.42074 -5.115222 -7.5 1 1 1
v -12.42074 -5.115222 -8.5 1 1 1
v -12.5 -4.000001 -7.5 1 1 1
v -12.5 -4.000001 -8.5 1 1 1
v -12.88268 -4.92388 -8.5 1 1 1
v -12.88268 -4.92388 -7.5 1 1 1
vt 0.09375 0.703125
vt 0.0859375 0.6875
vt 0.15625 0.703125
vt 0.1640625 0.6875
g Element #1
usemtl Element
f 1/1/1 2/2/1 4/4/1
f 2/2/1 3/3/1 4/4/1
f 5/3/2 6/4/2 8/2/2
f 6/4/2 7/1/2 8/2/2
f 9/5/3 10/6/3 12/8/3
f 10/6/3 11/7/3 12/8/3
f 13/5/4 14/6/4 16/8/4
f 14/6/4 15/7/4 16/8/4
f 17/9/5 18/10/5 20/12/5
f 18/10/5 19/11/5 20/12/5
f 21/9/6 22/10/6 24/12/6
f 22/10/6 23/11/6 24/12/6
g Element #2
usemtl Element
f 25/13/1 26/14/1 28/16/1
f 26/14/1 27/15/1 28/16/1
f 29/15/2 30/16/2 32/14/2
f 30/16/2 31/13/2 32/14/2
f 33/17/3 34/18/3 36/20/3
f 34/18/3 35/19/3 36/20/3
f 37/21/4 38/22/4 40/24/4
f 38/22/4 39/23/4 40/24/4
f 41/18/5 42/21/5 44/19/5
f 42/21/5 43/24/5 44/19/5
f 45/18/6 46/21/6 48/19/6
f 46/21/6 47/24/6 48/19/6
g Element #3
usemtl Element
f 49/25/1 50/16/1 52/27/1
f 50/16/1 51/26/1 52/27/1
f 53/13/2 54/28/2 56/30/2
f 54/28/2 55/29/2 56/30/2
f 57/19/3 58/24/3 60/32/3
f 58/24/3 59/31/3 60/32/3
f 61/19/4 62/24/4 64/32/4
f 62/24/4 63/31/4 64/32/4
f 65/24/5 66/23/5 68/31/5
f 66/23/5 67/33/5 68/31/5
f 69/20/6 70/19/6 72/34/6
f 70/19/6 71/32/6 72/34/6
g Element #4
usemtl Element
f 73/35/1 74/28/1 76/36/1
f 74/28/1 75/25/1 76/36/1
f 77/25/2 78/36/2 80/28/2
f 78/36/2 79/35/2 80/28/2
f 81/21/3 82/22/3 84/24/3
f 82/22/3 83/23/3 84/24/3
f 85/17/4 86/18/4 88/20/4
f 86/18/4 87/19/4 88/20/4
f 89/18/5 90/21/5 92/19/5
f 90/21/5 91/24/5 92/19/5
f 93/18/6 94/21/6 96/19/6
f 94/21/6 95/24/6 96/19/6
g Element #5
usemtl Element
f 97/29/1 98/30/1 100/28/1
f 98/30/1 99/13/1 100/28/1
f 101/26/2 102/27/2 104/16/2
f 102/27/2 103/25/2 104/16/2
f 105/19/3 106/24/3 108/32/3
f 106/24/3 107/31/3 108/32/3
f 109/19/4 110/24/4 112/32/4
f 110/24/4 111/31/4 112/32/4
f 113/20/5 114/19/5 116/34/5
f 114/19/5 115/32/5 116/34/5
f 117/24/6 118/23/6 120/31/6
f 118/23/6 119/33/6 120/31/6
g Element #6
usemtl Element
f 121/37/1 122/38/1 124/40/1
f 122/38/1 123/39/1 124/40/1
f 125/41/2 126/42/2 128/44/2
f 126/42/2 127/43/2 128/44/2
f 129/45/3 130/46/3 132/48/3
f 130/46/3 131/47/3 132/48/3
f 133/45/4 134/46/4 136/48/4
f 134/46/4 135/47/4 136/48/4
f 137/49/5 138/45/5 140/50/5
f 138/45/5 139/48/5 140/50/5
f 141/46/6 142/51/6 144/47/6
f 142/51/6 143/52/6 144/47/6
g Element #7
usemtl Element
f 145/43/1 146/44/1 148/42/1
f 146/44/1 147/41/1 148/42/1
f 149/39/2 150/40/2 152/38/2
f 150/40/2 151/37/2 152/38/2
f 153/45/3 154/46/3 156/48/3
f 154/46/3 155/47/3 156/48/3
f 157/45/4 158/46/4 160/48/4
f 158/46/4 159/47/4 160/48/4
f 161/46/5 162/51/5 164/47/5
f 162/51/5 163/52/5 164/47/5
f 165/49/6 166/45/6 168/50/6
f 166/45/6 167/48/6 168/50/6
g Element #8
usemtl Element
f 169/53/1 170/40/1 172/54/1
f 170/40/1 171/43/1 172/54/1
f 173/43/2 174/54/2 176/40/2
f 174/54/2 175/53/2 176/40/2
f 177/46/3 178/51/3 180/56/3
f 178/51/3 179/55/3 180/56/3
f 181/49/4 182/45/4 184/58/4
f 182/45/4 183/57/4 184/58/4
f 185/45/5 186/46/5 188/57/5
f 186/46/5 187/56/5 188/57/5
f 189/45/6 190/46/6 192/57/6
f 190/46/6 191/56/6 192/57/6
g Element #9
usemtl Element
f 193/39/1 194/59/1 196/44/1
f 194/59/1 195/60/1 196/44/1
f 197/60/2 198/44/2 200/59/2
f 198/44/2 199/39/2 200/59/2
f 201/49/3 202/45/3 204/58/3
f 202/45/3 203/57/3 204/58/3
f 205/46/4 206/51/4 208/56/4
f 206/51/4 207/55/4 208/56/4
f 209/45/5 210/46/5 212/57/5
f 210/46/5 211/56/5 212/57/5
f 213/45/6 214/46/6 216/57/6
f 214/46/6 215/56/6 216/57/6
g Element #10
usemtl Element
f 217/35/1 218/28/1 220/36/1
f 218/28/1 219/25/1 220/36/1
f 221/25/2 222/36/2 224/28/2
f 222/36/2 223/35/2 224/28/2
f 225/61/3 226/62/3 228/64/3
f 226/62/3 227/63/3 228/64/3
f 229/65/4 230/66/4 232/68/4
f 230/66/4 231/67/4 232/68/4
f 233/66/5 234/61/5 236/67/5
f 234/61/5 235/64/5 236/67/5
f 237/66/6 238/61/6 240/67/6
f 238/61/6 239/64/6 240/67/6
g Element #11
usemtl Element
f 241/25/1 242/16/1 244/27/1
f 242/16/1 243/26/1 244/27/1
f 245/13/2 246/28/2 248/30/2
f 246/28/2 247/29/2 248/30/2
f 249/67/3 250/64/3 252/70/3
f 250/64/3 251/69/3 252/70/3
f 253/67/4 254/64/4 256/70/4
f 254/64/4 255/69/4 256/70/4
f 257/64/5 258/63/5 260/69/5
f 258/63/5 259/71/5 260/69/5
f 261/68/6 262/67/6 264/72/6
f 262/67/6 263/70/6 264/72/6
g Element #12
usemtl Element
f 265/29/1 266/30/1 268/28/1
f 266/30/1 267/13/1 268/28/1
f 269/26/2 270/27/2 272/16/2
f 270/27/2 271/25/2 272/16/2
f 273/67/3 274/64/3 276/70/3
f 274/64/3 275/69/3 276/70/3
f 277/67/4 278/64/4 280/70/4
f 278/64/4 279/69/4 280/70/4
f 281/68/5 282/67/5 284/72/5
f 282/67/5 283/70/5 284/72/5
f 285/64/6 286/63/6 288/69/6
f 286/63/6 287/71/6 288/69/6
g Element #13
usemtl Element
f 289/37/1 290/38/1 292/40/1
f 290/38/1 291/39/1 292/40/1
f 293/41/2 294/42/2 296/44/2
f 294/42/2 295/43/2 296/44/2
f 297/73/3 298/74/3 300/76/3
f 298/74/3 299/75/3 300/76/3
f 301/73/4 302/74/4 304/76/4
f 302/74/4 303/75/4 304/76/4
f 305/77/5 306/73/5 308/78/5
f 306/73/5 307/76/5 308/78/5
f 309/74/6 310/79/6 312/75/6
f 310/79/6 311/80/6 312/75/6
g Element #14
usemtl Element
f 313/43/1 314/44/1 316/42/1
f 314/44/1 315/41/1 316/42/1
f 317/39/2 318/40/2 320/38/2
f 318/40/2 319/37/2 320/38/2
f 321/73/3 322/74/3 324/76/3
f 322/74/3 323/75/3 324/76/3
f 325/73/4 326/74/4 328/76/4
f 326/74/4 327/75/4 328/76/4
f 329/74/5 330/79/5 332/75/5
f 330/79/5 331/80/5 332/75/5
f 333/77/6 334/73/6 336/78/6
f 334/73/6 335/76/6 336/78/6
g Element #15
usemtl Element
f 337/53/1 338/40/1 340/54/1
f 338/40/1 339/43/1 340/54/1
f 341/43/2 342/54/2 344/40/2
f 342/54/2 343/53/2 344/40/2
f 345/47/3 346/52/3 348/82/3
f 346/52/3 347/81/3 348/82/3
f 349/50/4 350/48/4 352/84/4
f 350/48/4 351/83/4 352/84/4
f 353/48/5 354/47/5 356/83/5
f 354/47/5 355/82/5 356/83/5
f 357/48/6 358/47/6 360/83/6
f 358/47/6 359/82/6 360/83/6
g Element #16
usemtl Element
f 361/13/1 362/14/1 364/16/1
f 362/14/1 363/15/1 364/16/1
f 365/15/2 366/16/2 368/14/2
f 366/16/2 367/13/2 368/14/2
f 369/65/3 370/66/3 372/68/3
f 370/66/3 371/67/3 372/68/3
f 373/61/4 374/62/4 376/64/4
f 374/62/4 375/63/4 376/64/4
f 377/66/5 378/61/5 380/67/5
f 378/61/5 379/64/5 380/67/5
f 381/66/6 382/61/6 384/67/6
f 382/61/6 383/64/6 384/67/6
g Element #17
usemtl Element
f 385/39/1 386/59/1 388/44/1
f 386/59/1 387/60/1 388/44/1
f 389/60/2 390/44/2 392/59/2
f 390/44/2 391/39/2 392/59/2
f 393/50/3 394/48/3 396/84/3
f 394/48/3 395/83/3 396/84/3
f 397/47/4 398/52/4 400/82/4
f 398/52/4 399/81/4 400/82/4
f 401/48/5 402/47/5 404/83/5
f 402/47/5 403/82/5 404/83/5
f 405/48/6 406/47/6 408/83/6
f 406/47/6 407/82/6 408/83/6
g Element #18
usemtl Element
f 409/35/1 410/28/1 412/36/1
f 410/28/1 411/25/1 412/36/1
f 413/25/2 414/36/2 416/28/2
f 414/36/2 415/35/2 416/28/2
f 417/85/3 418/86/3 420/30/3
f 418/86/3 419/87/3 420/30/3
f 421/88/4 422/89/4 424/90/4
f 422/89/4 423/29/4 424/90/4
f 425/89/5 426/85/5 428/29/5
f 426/85/5 427/30/5 428/29/5
f 429/89/6 430/85/6 432/29/6
f 430/85/6 431/30/6 432/29/6
g Element #19
usemtl Element
f 433/53/1 434/40/1 436/54/1
f 434/40/1 435/43/1 436/54/1
f 437/43/2 438/54/2 440/40/2
f 438/54/2 439/53/2 440/40/2
f 441/91/3 442/92/3 444/94/3
f 442/92/3 443/93/3 444/94/3
f 445/95/4 446/96/4 448/98/4
f 446/96/4 447/97/4 448/98/4
f 449/96/5 450/91/5 452/97/5
f 450/91/5 451/94/5 452/97/5
f 453/96/6 454/91/6 456/97/6
f 454/91/6 455/94/6 456/97/6
g Element #20
usemtl Element
f 457/35/1 458/28/1 460/36/1
f 458/28/1 459/25/1 460/36/1
f 461/25/2 462/36/2 464/28/2
f 462/36/2 463/35/2 464/28/2
f 465/99/3 466/100/3 468/102/3
f 466/100/3 467/101/3 468/102/3
f 469/103/4 470/104/4 472/106/4
f 470/104/4 471/105/4 472/106/4
f 473/104/5 474/99/5 476/105/5
f 474/99/5 475/102/5 476/105/5
f 477/104/6 478/99/6 480/105/6
f 478/99/6 479/102/6 480/105/6
g Element #21
usemtl Element
f 481/25/1 482/16/1 484/27/1
f 482/16/1 483/26/1 484/27/1
f 485/13/2 486/28/2 488/30/2
f 486/28/2 487/29/2 488/30/2
f 489/105/3 490/102/3 492/108/3
f 490/102/3 491/107/3 492/108/3
f 493/105/4 494/102/4 496/108/4
f 494/102/4 495/107/4 496/108/4
f 497/102/5 498/101/5 500/107/5
f 498/101/5 499/109/5 500/107/5
f 501/106/6 502/105/6 504/110/6
f 502/105/6 503/108/6 504/110/6
g Element #22
usemtl Element
f 505/29/1 506/30/1 508/28/1
f 506/30/1 507/13/1 508/28/1
f 509/26/2 510/27/2 512/16/2
f 510/27/2 511/25/2 512/16/2
f 513/105/3 514/102/3 516/108/3
f 514/102/3 515/107/3 516/108/3
f 517/105/4 518/102/4 520/108/4
f 518/102/4 519/107/4 520/108/4
f 521/106/5 522/105/5 524/110/5
f 522/105/5 523/108/5 524/110/5
f 525/102/6 526/101/6 528/107/6
f 526/101/6 527/109/6 528/107/6
g Element #23
usemtl Element
f 529/37/1 530/38/1 532/40/1
f 530/38/1 531/39/1 532/40/1
f 533/41/2 534/42/2 536/44/2
f 534/42/2 535/43/2 536/44/2
f 537/111/3 538/112/3 540/96/3
f 538/112/3 539/91/3 540/96/3
f 541/111/4 542/112/4 544/96/4
f 542/112/4 543/91/4 544/96/4
f 545/113/5 546/111/5 548/95/5
f 546/111/5 547/96/5 548/95/5
f 549/112/6 550/114/6 552/91/6
f 550/114/6 551/92/6 552/91/6
g Element #24
usemtl Element
f 553/43/1 554/44/1 556/42/1
f 554/44/1 555/41/1 556/42/1
f 557/39/2 558/40/2 560/38/2
f 558/40/2 559/37/2 560/38/2
f 561/111/3 562/112/3 564/96/3
f 562/112/3 563/91/3 564/96/3
f 565/111/4 566/112/4 568/96/4
f 566/112/4 567/91/4 568/96/4
f 569/112/5 570/114/5 572/91/5
f 570/114/5 571/92/5 572/91/5
f 573/113/6 574/111/6 576/95/6
f 574/111/6 575/96/6 576/95/6
g Element #25
usemtl Element
f 577/53/1 578/40/1 580/54/1
f 578/40/1 579/43/1 580/54/1
f 581/43/2 582/54/2 584/40/2
f 582/54/2 583/53/2 584/40/2
f 585/75/3 586/80/3 588/116/3
f 586/80/3 587/115/3 588/116/3
f 589/78/4 590/76/4 592/118/4
f 590/76/4 591/117/4 592/118/4
f 593/76/5 594/75/5 596/117/5
f 594/75/5 595/116/5 596/117/5
f 597/76/6 598/75/6 600/117/6
f 598/75/6 599/116/6 600/117/6
g Element #26
usemtl Element
f 601/25/1 602/16/1 604/27/1
f 602/16/1 603/26/1 604/27/1
f 605/13/2 606/28/2 608/30/2
f 606/28/2 607/29/2 608/30/2
f 609/29/3 610/30/3 612/28/3
f 610/30/3 611/13/3 612/28/3
f 613/29/4 614/30/4 616/28/4
f 614/30/4 615/13/4 616/28/4
f 617/30/5 618/87/5 620/13/5
f 618/87/5 619/14/5 620/13/5
f 621/90/6 622/29/6 624/35/6
f 622/29/6 623/28/6 624/35/6
g Element #27
usemtl Element
f 625/29/1 626/30/1 628/28/1
f 626/30/1 627/13/1 628/28/1
f 629/26/2 630/27/2 632/16/2
f 630/27/2 631/25/2 632/16/2
f 633/29/3 634/30/3 636/28/3
f 634/30/3 635/13/3 636/28/3
f 637/29/4 638/30/4 640/28/4
f 638/30/4 639/13/4 640/28/4
f 641/90/5 642/29/5 644/35/5
f 642/29/5 643/28/5 644/35/5
f 645/30/6 646/87/6 648/13/6
f 646/87/6 647/14/6 648/13/6
g Element #28
usemtl Element
f 649/37/1 650/38/1 652/40/1
f 650/38/1 651/39/1 652/40/1
f 653/41/2 654/42/2 656/44/2
f 654/42/2 655/43/2 656/44/2
f 657/119/3 658/120/3 660/37/3
f 658/120/3 659/38/3 660/37/3
f 661/119/4 662/120/4 664/37/4
f 662/120/4 663/38/4 664/37/4
f 665/121/5 666/119/5 668/122/5
f 666/119/5 667/37/5 668/122/5
f 669/120/6 670/123/6 672/38/6
f 670/123/6 671/124/6 672/38/6
g Element #29
usemtl Element
f 673/43/1 674/44/1 676/42/1
f 674/44/1 675/41/1 676/42/1
f 677/39/2 678/40/2 680/38/2
f 678/40/2 679/37/2 680/38/2
f 681/119/3 682/120/3 684/37/3
f 682/120/3 683/38/3 684/37/3
f 685/119/4 686/120/4 688/37/4
f 686/120/4 687/38/4 688/37/4
f 689/120/5 690/123/5 692/38/5
f 690/123/5 691/124/5 692/38/5
f 693/121/6 694/119/6 696/122/6
f 694/119/6 695/37/6 696/122/6
g Element #30
usemtl Element
f 697/13/1 698/14/1 700/16/1
f 698/14/1 699/15/1 700/16/1
f 701/15/2 702/16/2 704/14/2
f 702/16/2 703/13/2 704/14/2
f 705/103/3 706/104/3 708/106/3
f 706/104/3 707/105/3 708/106/3
f 709/99/4 710/100/4 712/102/4
f 710/100/4 711/101/4 712/102/4
f 713/104/5 714/99/5 716/105/5
f 714/99/5 715/102/5 716/105/5
f 717/104/6 718/99/6 720/105/6
f 718/99/6 719/102/6 720/105/6
g Element #31
usemtl Element
f 721/39/1 722/59/1 724/44/1
f 722/59/1 723/60/1 724/44/1
f 725/60/2 726/44/2 728/59/2
f 726/44/2 727/39/2 728/59/2
f 729/78/3 730/76/3 732/118/3
f 730/76/3 731/117/3 732/118/3
f 733/75/4 734/80/4 736/116/4
f 734/80/4 735/115/4 736/116/4
f 737/76/5 738/75/5 740/117/5
f 738/75/5 739/116/5 740/117/5
f 741/76/6 742/75/6 744/117/6
f 742/75/6 743/116/6 744/117/6
g Element #32
usemtl Element
f 745/13/1 746/14/1 748/16/1
f 746/14/1 747/15/1 748/16/1
f 749/15/2 750/16/2 752/14/2
f 750/16/2 751/13/2 752/14/2
f 753/88/3 754/89/3 756/90/3
f 754/89/3 755/29/3 756/90/3
f 757/85/4 758/86/4 760/30/4
f 758/86/4 759/87/4 760/30/4
f 761/89/5 762/85/5 764/29/5
f 762/85/5 763/30/5 764/29/5
f 765/89/6 766/85/6 768/29/6
f 766/85/6 767/30/6 768/29/6
g Element #33
usemtl Element
f 769/39/1 770/59/1 772/44/1
f 770/59/1 771/60/1 772/44/1
f 773/60/2 774/44/2 776/59/2
f 774/44/2 775/39/2 776/59/2
f 777/95/3 778/96/3 780/98/3
f 778/96/3 779/97/3 780/98/3
f 781/91/4 782/92/4 784/94/4
f 782/92/4 783/93/4 784/94/4
f 785/96/5 786/91/5 788/97/5
f 786/91/5 787/94/5 788/97/5
f 789/96/6 790/91/6 792/97/6
f 790/91/6 791/94/6 792/97/6
g Element #34
usemtl Element
f 793/35/1 794/14/1 796/36/1
f 794/14/1 795/15/1 796/36/1
f 797/15/2 798/36/2 800/14/2
f 798/36/2 799/35/2 800/14/2
f 801/125/3 802/126/3 804/128/3
f 802/126/3 803/127/3 804/128/3
f 805/125/4 806/126/4 808/128/4
f 806/126/4 807/127/4 808/128/4
f 809/129/5 810/130/5 812/132/5
f 810/130/5 811/131/5 812/132/5
f 813/129/6 814/130/6 816/132/6
f 814/130/6 815/131/6 816/132/6
g Element #35
usemtl Element
f 817/25/1 818/16/1 820/27/1
f 818/16/1 819/26/1 820/27/1
f 821/13/2 822/28/2 824/30/2
f 822/28/2 823/29/2 824/30/2
f 825/129/3 826/130/3 828/132/3
f 826/130/3 827/131/3 828/132/3
f 829/129/4 830/130/4 832/132/4
f 830/130/4 831/131/4 832/132/4
f 833/130/5 834/126/5 836/131/5
f 834/126/5 835/127/5 836/131/5
f 837/125/6 838/129/6 840/128/6
f 838/129/6 839/132/6 840/128/6
g Element #36
usemtl Element
f 841/29/1 842/30/1 844/28/1
f 842/30/1 843/13/1 844/28/1
f 845/26/2 846/27/2 848/16/2
f 846/27/2 847/25/2 848/16/2
f 849/129/3 850/130/3 852/132/3
f 850/130/3 851/131/3 852/132/3
f 853/129/4 854/130/4 856/132/4
f 854/130/4 855/131/4 856/132/4
f 857/125/5 858/129/5 860/128/5
f 858/129/5 859/132/5 860/128/5
f 861/130/6 862/126/6 864/131/6
f 862/126/6 863/127/6 864/131/6
g Element #37
usemtl Element
f 865/35/1 866/28/1 868/36/1
f 866/28/1 867/25/1 868/36/1
f 869/25/2 870/36/2 872/28/2
f 870/36/2 871/35/2 872/28/2
f 873/133/3 874/134/3 876/136/3
f 874/134/3 875/135/3 876/136/3
f 877/137/4 878/138/4 880/140/4
f 878/138/4 879/139/4 880/140/4
f 881/138/5 882/133/5 884/139/5
f 882/133/5 883/136/5 884/139/5
f 885/138/6 886/133/6 888/139/6
f 886/133/6 887/136/6 888/139/6
g Element #38
usemtl Element
f 889/53/1 890/40/1 892/54/1
f 890/40/1 891/43/1 892/54/1
f 893/43/2 894/54/2 896/40/2
f 894/54/2 895/53/2 896/40/2
f 897/141/3 898/142/3 900/144/3
f 898/142/3 899/143/3 900/144/3
f 901/145/4 902/146/4 904/148/4
f 902/146/4 903/147/4 904/148/4
f 905/146/5 906/141/5 908/147/5
f 906/141/5 907/144/5 908/147/5
f 909/146/6 910/141/6 912/147/6
f 910/141/6 911/144/6 912/147/6
g Element #39
usemtl Element
f 913/35/1 914/28/1 916/36/1
f 914/28/1 915/25/1 916/36/1
f 917/25/2 918/36/2 920/28/2
f 918/36/2 919/35/2 920/28/2
f 921/149/3 922/150/3 924/152/3
f 922/150/3 923/151/3 924/152/3
f 925/153/4 926/154/4 928/156/4
f 926/154/4 927/155/4 928/156/4
f 929/154/5 930/149/5 932/155/5
f 930/149/5 931/152/5 932/155/5
f 933/154/6 934/149/6 936/155/6
f 934/149/6 935/152/6 936/155/6
g Element #40
usemtl Element
f 937/53/1 938/40/1 940/54/1
f 938/40/1 939/43/1 940/54/1
f 941/43/2 942/54/2 944/40/2
f 942/54/2 943/53/2 944/40/2
f 945/44/3 946/60/3 948/158/3
f 946/60/3 947/157/3 948/158/3
f 949/54/4 950/43/4 952/160/4
f 950/43/4 951/159/4 952/160/4
f 953/43/5 954/44/5 956/159/5
f 954/44/5 955/158/5 956/159/5
f 957/43/6 958/44/6 960/159/6
f 958/44/6 959/158/6 960/159/6
g Element #41
usemtl Element
f 961/35/1 962/28/1 964/36/1
f 962/28/1 963/25/1 964/36/1
f 965/25/2 966/36/2 968/28/2
f 966/36/2 967/35/2 968/28/2
f 969/161/3 970/162/3 972/16/3
f 970/162/3 971/15/3 972/16/3
f 973/163/4 974/164/4 976/36/4
f 974/164/4 975/25/4 976/36/4
f 977/164/5 978/161/5 980/25/5
f 978/161/5 979/16/5 980/25/5
f 981/164/6 982/161/6 984/25/6
f 982/161/6 983/16/6 984/25/6
g Element #42
usemtl Element
f 985/25/1 986/16/1 988/27/1
f 986/16/1 987/26/1 988/27/1
f 989/13/2 990/28/2 992/30/2
f 990/28/2 991/29/2 992/30/2
f 993/25/3 994/16/3 996/27/3
f 994/16/3 995/26/3 996/27/3
f 997/25/4 998/16/4 1000/27/4
f 998/16/4 999/26/4 1000/27/4
f 1001/16/5 1002/15/5 1004/26/5
f 1002/15/5 1003/165/5 1004/26/5
f 1005/36/6 1006/25/6 1008/166/6
f 1006/25/6 1007/27/6 1008/166/6
g Element #43
usemtl Element
f 1009/29/1 1010/30/1 1012/28/1
f 1010/30/1 1011/13/1 1012/28/1
f 1013/26/2 1014/27/2 1016/16/2
f 1014/27/2 1015/25/2 1016/16/2
f 1017/25/3 1018/16/3 1020/27/3
f 1018/16/3 1019/26/3 1020/27/3
f 1021/25/4 1022/16/4 1024/27/4
f 1022/16/4 1023/26/4 1024/27/4
f 1025/36/5 1026/25/5 1028/166/5
f 1026/25/5 1027/27/5 1028/166/5
f 1029/16/6 1030/15/6 1032/26/6
f 1030/15/6 1031/165/6 1032/26/6
g Element #44
usemtl Element
f 1033/37/1 1034/38/1 1036/40/1
f 1034/38/1 1035/39/1 1036/40/1
f 1037/41/2 1038/42/2 1040/44/2
f 1038/42/2 1039/43/2 1040/44/2
f 1041/40/3 1042/39/3 1044/43/3
f 1042/39/3 1043/44/3 1044/43/3
f 1045/40/4 1046/39/4 1048/43/4
f 1046/39/4 1047/44/4 1048/43/4
f 1049/53/5 1050/40/5 1052/54/5
f 1050/40/5 1051/43/5 1052/54/5
f 1053/39/6 1054/59/6 1056/44/6
f 1054/59/6 1055/60/6 1056/44/6
g Element #45
usemtl Element
f 1057/43/1 1058/44/1 1060/42/1
f 1058/44/1 1059/41/1 1060/42/1
f 1061/39/2 1062/40/2 1064/38/2
f 1062/40/2 1063/37/2 1064/38/2
f 1065/40/3 1066/39/3 1068/43/3
f 1066/39/3 1067/44/3 1068/43/3
f 1069/40/4 1070/39/4 1072/43/4
f 1070/39/4 1071/44/4 1072/43/4
f 1073/39/5 1074/59/5 1076/44/5
f 1074/59/5 1075/60/5 1076/44/5
f 1077/53/6 1078/40/6 1080/54/6
f 1078/40/6 1079/43/6 1080/54/6
g Element #46
usemtl Element
f 1081/53/1 1082/40/1 1084/54/1
f 1082/40/1 1083/43/1 1084/54/1
f 1085/43/2 1086/54/2 1088/40/2
f 1086/54/2 1087/53/2 1088/40/2
f 1089/38/3 1090/124/3 1092/168/3
f 1090/124/3 1091/167/3 1092/168/3
f 1093/122/4 1094/37/4 1096/170/4
f 1094/37/4 1095/169/4 1096/170/4
f 1097/37/5 1098/38/5 1100/169/5
f 1098/38/5 1099/168/5 1100/169/5
f 1101/37/6 1102/38/6 1104/169/6
f 1102/38/6 1103/168/6 1104/169/6
g Element #47
usemtl Element
f 1105/25/1 1106/16/1 1108/27/1
f 1106/16/1 1107/26/1 1108/27/1
f 1109/13/2 1110/28/2 1112/30/2
f 1110/28/2 1111/29/2 1112/30/2
f 1113/155/3 1114/152/3 1116/172/3
f 1114/152/3 1115/171/3 1116/172/3
f 1117/155/4 1118/152/4 1120/172/4
f 1118/152/4 1119/171/4 1120/172/4
f 1121/152/5 1122/151/5 1124/171/5
f 1122/151/5 1123/173/5 1124/171/5
f 1125/156/6 1126/155/6 1128/174/6
f 1126/155/6 1127/172/6 1128/174/6
g Element #48
usemtl Element
f 1129/29/1 1130/30/1 1132/28/1
f 1130/30/1 1131/13/1 1132/28/1
f 1133/26/2 1134/27/2 1136/16/2
f 1134/27/2 1135/25/2 1136/16/2
f 1137/155/3 1138/152/3 1140/172/3
f 1138/152/3 1139/171/3 1140/172/3
f 1141/155/4 1142/152/4 1144/172/4
f 1142/152/4 1143/171/4 1144/172/4
f 1145/156/5 1146/155/5 1148/174/5
f 1146/155/5 1147/172/5 1148/174/5
f 1149/152/6 1150/151/6 1152/171/6
f 1150/151/6 1151/173/6 1152/171/6
g Element #49
usemtl Element
f 1153/37/1 1154/38/1 1156/40/1
f 1154/38/1 1155/39/1 1156/40/1
f 1157/41/2 1158/42/2 1160/44/2
f 1158/42/2 1159/43/2 1160/44/2
f 1161/42/3 1162/41/3 1164/146/3
f 1162/41/3 1163/141/3 1164/146/3
f 1165/42/4 1166/41/4 1168/146/4
f 1166/41/4 1167/141/4 1168/146/4
f 1169/175/5 1170/42/5 1172/145/5
f 1170/42/5 1171/146/5 1172/145/5
f 1173/41/6 1174/176/6 1176/141/6
f 1174/176/6 1175/142/6 1176/141/6
g Element #50
usemtl Element
f 1177/43/1 1178/44/1 1180/42/1
f 1178/44/1 1179/41/1 1180/42/1
f 1181/39/2 1182/40/2 1184/38/2
f 1182/40/2 1183/37/2 1184/38/2
f 1185/42/3 1186/41/3 1188/146/3
f 1186/41/3 1187/141/3 1188/146/3
f 1189/42/4 1190/41/4 1192/146/4
f 1190/41/4 1191/141/4 1192/146/4
f 1193/41/5 1194/176/5 1196/141/5
f 1194/176/5 1195/142/5 1196/141/5
f 1197/175/6 1198/42/6 1200/145/6
f 1198/42/6 1199/146/6 1200/145/6
g Element #51
usemtl Element
f 1201/25/1 1202/16/1 1204/27/1
f 1202/16/1 1203/26/1 1204/27/1
f 1205/13/2 1206/28/2 1208/30/2
f 1206/28/2 1207/29/2 1208/30/2
f 1209/139/3 1210/136/3 1212/178/3
f 1210/136/3 1211/177/3 1212/178/3
f 1213/139/4 1214/136/4 1216/178/4
f 1214/136/4 1215/177/4 1216/178/4
f 1217/136/5 1218/135/5 1220/177/5
f 1218/135/5 1219/179/5 1220/177/5
f 1221/140/6 1222/139/6 1224/180/6
f 1222/139/6 1223/178/6 1224/180/6
g Element #52
usemtl Element
f 1225/29/1 1226/30/1 1228/28/1
f 1226/30/1 1227/13/1 1228/28/1
f 1229/26/2 1230/27/2 1232/16/2
f 1230/27/2 1231/25/2 1232/16/2
f 1233/139/3 1234/136/3 1236/178/3
f 1234/136/3 1235/177/3 1236/178/3
f 1237/139/4 1238/136/4 1240/178/4
f 1238/136/4 1239/177/4 1240/178/4
f 1241/140/5 1242/139/5 1244/180/5
f 1242/139/5 1243/178/5 1244/180/5
f 1245/136/6 1246/135/6 1248/177/6
f 1246/135/6 1247/179/6 1248/177/6
g Element #53
usemtl Element
f 1249/37/1 1250/38/1 1252/40/1
f 1250/38/1 1251/39/1 1252/40/1
f 1253/41/2 1254/42/2 1256/44/2
f 1254/42/2 1255/43/2 1256/44/2
f 1257/181/3 1258/182/3 1260/184/3
f 1258/182/3 1259/183/3 1260/184/3
f 1261/181/4 1262/182/4 1264/184/4
f 1262/182/4 1263/183/4 1264/184/4
f 1265/185/5 1266/181/5 1268/186/5
f 1266/181/5 1267/184/5 1268/186/5
f 1269/182/6 1270/187/6 1272/183/6
f 1270/187/6 1271/188/6 1272/183/6
g Element #54
usemtl Element
f 1273/43/1 1274/44/1 1276/42/1
f 1274/44/1 1275/41/1 1276/42/1
f 1277/39/2 1278/40/2 1280/38/2
f 1278/40/2 1279/37/2 1280/38/2
f 1281/181/3 1282/182/3 1284/184/3
f 1282/182/3 1283/183/3 1284/184/3
f 1285/181/4 1286/182/4 1288/184/4
f 1286/182/4 1287/183/4 1288/184/4
f 1289/182/5 1290/187/5 1292/183/5
f 1290/187/5 1291/188/5 1292/183/5
f 1293/185/6 1294/181/6 1296/186/6
f 1294/181/6 1295/184/6 1296/186/6
g Element #55
usemtl Element
f 1297/13/1 1298/14/1 1300/16/1
f 1298/14/1 1299/15/1 1300/16/1
f 1301/15/2 1302/16/2 1304/14/2
f 1302/16/2 1303/13/2 1304/14/2
f 1305/163/3 1306/164/3 1308/36/3
f 1306/164/3 1307/25/3 1308/36/3
f 1309/161/4 1310/162/4 1312/16/4
f 1310/162/4 1311/15/4 1312/16/4
f 1313/164/5 1314/161/5 1316/25/5
f 1314/161/5 1315/16/5 1316/25/5
f 1317/164/6 1318/161/6 1320/25/6
f 1318/161/6 1319/16/6 1320/25/6
g Element #56
usemtl Element
f 1321/39/1 1322/59/1 1324/44/1
f 1322/59/1 1323/60/1 1324/44/1
f 1325/60/2 1326/44/2 1328/59/2
f 1326/44/2 1327/39/2 1328/59/2
f 1329/122/3 1330/37/3 1332/170/3
f 1330/37/3 1331/169/3 1332/170/3
f 1333/38/4 1334/124/4 1336/168/4
f 1334/124/4 1335/167/4 1336/168/4
f 1337/37/5 1338/38/5 1340/169/5
f 1338/38/5 1339/168/5 1340/169/5
f 1341/37/6 1342/38/6 1344/169/6
f 1342/38/6 1343/168/6 1344/169/6
g Element #57
usemtl Element
f 1345/13/1 1346/14/1 1348/16/1
f 1346/14/1 1347/15/1 1348/16/1
f 1349/15/2 1350/16/2 1352/14/2
f 1350/16/2 1351/13/2 1352/14/2
f 1353/153/3 1354/154/3 1356/156/3
f 1354/154/3 1355/155/3 1356/156/3
f 1357/149/4 1358/150/4 1360/152/4
f 1358/150/4 1359/151/4 1360/152/4
f 1361/154/5 1362/149/5 1364/155/5
f 1362/149/5 1363/152/5 1364/155/5
f 1365/154/6 1366/149/6 1368/155/6
f 1366/149/6 1367/152/6 1368/155/6
g Element #58
usemtl Element
f 1369/39/1 1370/59/1 1372/44/1
f 1370/59/1 1371/60/1 1372/44/1
f 1373/60/2 1374/44/2 1376/59/2
f 1374/44/2 1375/39/2 1376/59/2
f 1377/54/3 1378/43/3 1380/160/3
f 1378/43/3 1379/159/3 1380/160/3
f 1381/44/4 1382/60/4 1384/158/4
f 1382/60/4 1383/157/4 1384/158/4
f 1385/43/5 1386/44/5 1388/159/5
f 1386/44/5 1387/158/5 1388/159/5
f 1389/43/6 1390/44/6 1392/159/6
f 1390/44/6 1391/158/6 1392/159/6
g Element #59
usemtl Element
f 1393/13/1 1394/14/1 1396/16/1
f 1394/14/1 1395/15/1 1396/16/1
f 1397/15/2 1398/16/2 1400/14/2
f 1398/16/2 1399/13/2 1400/14/2
f 1401/137/3 1402/138/3 1404/140/3
f 1402/138/3 1403/139/3 1404/140/3
f 1405/133/4 1406/134/4 1408/136/4
f 1406/134/4 1407/135/4 1408/136/4
f 1409/138/5 1410/133/5 1412/139/5
f 1410/133/5 1411/136/5 1412/139/5
f 1413/138/6 1414/133/6 1416/139/6
f 1414/133/6 1415/136/6 1416/139/6
g Element #60
usemtl Element
f 1417/39/1 1418/59/1 1420/44/1
f 1418/59/1 1419/60/1 1420/44/1
f 1421/60/2 1422/44/2 1424/59/2
f 1422/44/2 1423/39/2 1424/59/2
f 1425/145/3 1426/146/3 1428/148/3
f 1426/146/3 1427/147/3 1428/148/3
f 1429/141/4 1430/142/4 1432/144/4
f 1430/142/4 1431/143/4 1432/144/4
f 1433/146/5 1434/141/5 1436/147/5
f 1434/141/5 1435/144/5 1436/147/5
f 1437/146/6 1438/141/6 1440/147/6
f 1438/141/6 1439/144/6 1440/147/6
g Element #61
usemtl Element
f 1441/35/1 1442/28/1 1444/36/1
f 1442/28/1 1443/25/1 1444/36/1
f 1445/25/2 1446/36/2 1448/28/2
f 1446/36/2 1447/35/2 1448/28/2
f 1449/189/3 1450/190/3 1452/192/3
f 1450/190/3 1451/191/3 1452/192/3
f 1453/193/4 1454/194/4 1456/196/4
f 1454/194/4 1455/195/4 1456/196/4
f 1457/194/5 1458/189/5 1460/195/5
f 1458/189/5 1459/192/5 1460/195/5
f 1461/194/6 1462/189/6 1464/195/6
f 1462/189/6 1463/192/6 1464/195/6
g Element #62
usemtl Element
f 1465/53/1 1466/40/1 1468/54/1
f 1466/40/1 1467/43/1 1468/54/1
f 1469/43/2 1470/54/2 1472/40/2
f 1470/54/2 1471/53/2 1472/40/2
f 1473/197/3 1474/198/3 1476/200/3
f 1474/198/3 1475/199/3 1476/200/3
f 1477/201/4 1478/202/4 1480/204/4
f 1478/202/4 1479/203/4 1480/204/4
f 1481/202/5 1482/197/5 1484/203/5
f 1482/197/5 1483/200/5 1484/203/5
f 1485/202/6 1486/197/6 1488/203/6
f 1486/197/6 1487/200/6 1488/203/6
g Element #63
usemtl Element
f 1489/35/1 1490/28/1 1492/36/1
f 1490/28/1 1491/25/1 1492/36/1
f 1493/25/2 1494/36/2 1496/28/2
f 1494/36/2 1495/35/2 1496/28/2
f 1497/205/3 1498/206/3 1500/208/3
f 1498/206/3 1499/207/3 1500/208/3
f 1501/209/4 1502/210/4 1504/212/4
f 1502/210/4 1503/211/4 1504/212/4
f 1505/210/5 1506/205/5 1508/211/5
f 1506/205/5 1507/208/5 1508/211/5
f 1509/210/6 1510/205/6 1512/211/6
f 1510/205/6 1511/208/6 1512/211/6
g Element #64
usemtl Element
f 1513/25/1 1514/16/1 1516/27/1
f 1514/16/1 1515/26/1 1516/27/1
f 1517/13/2 1518/28/2 1520/30/2
f 1518/28/2 1519/29/2 1520/30/2
f 1521/211/3 1522/208/3 1524/214/3
f 1522/208/3 1523/213/3 1524/214/3
f 1525/211/4 1526/208/4 1528/214/4
f 1526/208/4 1527/213/4 1528/214/4
f 1529/208/5 1530/207/5 1532/213/5
f 1530/207/5 1531/215/5 1532/213/5
f 1533/212/6 1534/211/6 1536/216/6
f 1534/211/6 1535/214/6 1536/216/6
g Element #65
usemtl Element
f 1537/29/1 1538/30/1 1540/28/1
f 1538/30/1 1539/13/1 1540/28/1
f 1541/26/2 1542/27/2 1544/16/2
f 1542/27/2 1543/25/2 1544/16/2
f 1545/211/3 1546/208/3 1548/214/3
f 1546/208/3 1547/213/3 1548/214/3
f 1549/211/4 1550/208/4 1552/214/4
f 1550/208/4 1551/213/4 1552/214/4
f 1553/212/5 1554/211/5 1556/216/5
f 1554/211/5 1555/214/5 1556/216/5
f 1557/208/6 1558/207/6 1560/213/6
f 1558/207/6 1559/215/6 1560/213/6
g Element #66
usemtl Element
f 1561/37/1 1562/38/1 1564/40/1
f 1562/38/1 1563/39/1 1564/40/1
f 1565/41/2 1566/42/2 1568/44/2
f 1566/42/2 1567/43/2 1568/44/2
f 1569/217/3 1570/218/3 1572/202/3
f 1570/218/3 1571/197/3 1572/202/3
f 1573/217/4 1574/218/4 1576/202/4
f 1574/218/4 1575/197/4 1576/202/4
f 1577/219/5 1578/217/5 1580/201/5
f 1578/217/5 1579/202/5 1580/201/5
f 1581/218/6 1582/220/6 1584/197/6
f 1582/220/6 1583/198/6 1584/197/6
g Element #67
usemtl Element
f 1585/43/1 1586/44/1 1588/42/1
f 1586/44/1 1587/41/1 1588/42/1
f 1589/39/2 1590/40/2 1592/38/2
f 1590/40/2 1591/37/2 1592/38/2
f 1593/217/3 1594/218/3 1596/202/3
f 1594/218/3 1595/197/3 1596/202/3
f 1597/217/4 1598/218/4 1600/202/4
f 1598/218/4 1599/197/4 1600/202/4
f 1601/218/5 1602/220/5 1604/197/5
f 1602/220/5 1603/198/5 1604/197/5
f 1605/219/6 1606/217/6 1608/201/6
f 1606/217/6 1607/202/6 1608/201/6
g Element #68
usemtl Element
f 1609/53/1 1610/40/1 1612/54/1
f 1610/40/1 1611/43/1 1612/54/1
f 1613/43/2 1614/54/2 1616/40/2
f 1614/54/2 1615/53/2 1616/40/2
f 1617/183/3 1618/188/3 1620/222/3
f 1618/188/3 1619/221/3 1620/222/3
f 1621/186/4 1622/184/4 1624/224/4
f 1622/184/4 1623/223/4 1624/224/4
f 1625/184/5 1626/183/5 1628/223/5
f 1626/183/5 1627/222/5 1628/223/5
f 1629/184/6 1630/183/6 1632/223/6
f 1630/183/6 1631/222/6 1632/223/6
g Element #69
usemtl Element
f 1633/29/1 1634/30/1 1636/27/1
f 1634/30/1 1635/26/1 1636/27/1
f 1637/26/2 1638/27/2 1640/30/2
f 1638/27/2 1639/29/2 1640/30/2
f 1641/194/3 1642/189/3 1644/195/3
f 1642/189/3 1643/192/3 1644/195/3
f 1645/194/4 1646/189/4 1648/195/4
f 1646/189/4 1647/192/4 1648/195/4
f 1649/193/5 1650/190/5 1652/196/5
f 1650/190/5 1651/191/5 1652/196/5
f 1653/193/6 1654/190/6 1656/196/6
f 1654/190/6 1655/191/6 1656/196/6
g Element #70
usemtl Element
f 1657/37/1 1658/38/1 1660/40/1
f 1658/38/1 1659/39/1 1660/40/1
f 1661/41/2 1662/42/2 1664/44/2
f 1662/42/2 1663/43/2 1664/44/2
f 1665/225/3 1666/226/3 1668/203/3
f 1666/226/3 1667/200/3 1668/203/3
f 1669/225/4 1670/226/4 1672/203/4
f 1670/226/4 1671/200/4 1672/203/4
f 1673/227/5 1674/225/5 1676/204/5
f 1674/225/5 1675/203/5 1676/204/5
f 1677/226/6 1678/228/6 1680/200/6
f 1678/228/6 1679/199/6 1680/200/6
g Element #71
usemtl Element
f 1681/43/1 1682/44/1 1684/42/1
f 1682/44/1 1683/41/1 1684/42/1
f 1685/39/2 1686/40/2 1688/38/2
f 1686/40/2 1687/37/2 1688/38/2
f 1689/225/3 1690/226/3 1692/203/3
f 1690/226/3 1691/200/3 1692/203/3
f 1693/225/4 1694/226/4 1696/203/4
f 1694/226/4 1695/200/4 1696/203/4
f 1697/226/5 1698/228/5 1700/200/5
f 1698/228/5 1699/199/5 1700/200/5
f 1701/227/6 1702/225/6 1704/204/6
f 1702/225/6 1703/203/6 1704/204/6
g Element #72
usemtl Element
f 1705/13/1 1706/14/1 1708/16/1
f 1706/14/1 1707/15/1 1708/16/1
f 1709/15/2 1710/16/2 1712/14/2
f 1710/16/2 1711/13/2 1712/14/2
f 1713/209/3 1714/210/3 1716/212/3
f 1714/210/3 1715/211/3 1716/212/3
f 1717/205/4 1718/206/4 1720/208/4
f 1718/206/4 1719/207/4 1720/208/4
f 1721/210/5 1722/205/5 1724/211/5
f 1722/205/5 1723/208/5 1724/211/5
f 1725/210/6 1726/205/6 1728/211/6
f 1726/205/6 1727/208/6 1728/211/6
g Element #73
usemtl Element
f 1729/39/1 1730/59/1 1732/44/1
f 1730/59/1 1731/60/1 1732/44/1
f 1733/60/2 1734/44/2 1736/59/2
f 1734/44/2 1735/39/2 1736/59/2
f 1737/186/3 1738/184/3 1740/224/3
f 1738/184/3 1739/223/3 1740/224/3
f 1741/183/4 1742/188/4 1744/222/4
f 1742/188/4 1743/221/4 1744/222/4
f 1745/184/5 1746/183/5 1748/223/5
f 1746/183/5 1747/222/5 1748/223/5
f 1749/184/6 1750/183/6 1752/223/6
f 1750/183/6 1751/222/6 1752/223/6
g Element #74
usemtl Element
f 1753/13/1 1754/14/1 1756/16/1
f 1754/14/1 1755/15/1 1756/16/1
f 1757/15/2 1758/16/2 1760/14/2
f 1758/16/2 1759/13/2 1760/14/2
f 1761/193/3 1762/194/3 1764/196/3
f 1762/194/3 1763/195/3 1764/196/3
f 1765/189/4 1766/190/4 1768/192/4
f 1766/190/4 1767/191/4 1768/192/4
f 1769/194/5 1770/189/5 1772/195/5
f 1770/189/5 1771/192/5 1772/195/5
f 1773/194/6 1774/189/6 1776/195/6
f 1774/189/6 1775/192/6 1776/195/6
g Element #75
usemtl Element
f 1777/39/1 1778/59/1 1780/44/1
f 1778/59/1 1779/60/1 1780/44/1
f 1781/60/2 1782/44/2 1784/59/2
f 1782/44/2 1783/39/2 1784/59/2
f 1785/201/3 1786/202/3 1788/204/3
f 1786/202/3 1787/203/3 1788/204/3
f 1789/197/4 1790/198/4 1792/200/4
f 1790/198/4 1791/199/4 1792/200/4
f 1793/202/5 1794/197/5 1796/203/5
f 1794/197/5 1795/200/5 1796/203/5
f 1797/202/6 1798/197/6 1800/203/6
f 1798/197/6 1799/200/6 1800/203/6
g Element #76
usemtl Element
f 1801/27/1 1802/26/1 1804/154/1
f 1802/26/1 1803/149/1 1804/154/1
f 1805/30/2 1806/29/2 1808/85/2
f 1806/29/2 1807/89/2 1808/85/2
f 1809/214/3 1810/213/3 1812/194/3
f 1810/213/3 1811/189/3 1812/194/3
f 1813/214/4 1814/213/4 1816/194/4
f 1814/213/4 1815/189/4 1816/194/4
f 1817/215/5 1818/229/5 1820/190/5
f 1818/229/5 1819/230/5 1820/190/5
f 1821/231/6 1822/216/6 1824/232/6
f 1822/216/6 1823/193/6 1824/232/6
g Element #77
usemtl Element
f 1825/89/1 1826/85/1 1828/29/1
f 1826/85/1 1827/30/1 1828/29/1
f 1829/149/2 1830/154/2 1832/26/2
f 1830/154/2 1831/27/2 1832/26/2
f 1833/214/3 1834/213/3 1836/194/3
f 1834/213/3 1835/189/3 1836/194/3
f 1837/214/4 1838/213/4 1840/194/4
f 1838/213/4 1839/189/4 1840/194/4
f 1841/231/5 1842/216/5 1844/232/5
f 1842/216/5 1843/193/5 1844/232/5
f 1845/215/6 1846/229/6 1848/190/6
f 1846/229/6 1847/230/6 1848/190/6
g Element #78
usemtl Element
f 1849/14/1 1850/233/1 1852/15/1
f 1850/233/1 1851/234/1 1852/15/1
f 1853/234/2 1854/15/2 1856/233/2
f 1854/15/2 1855/14/2 1856/233/2
f 1857/231/3 1858/216/3 1860/232/3
f 1858/216/3 1859/193/3 1860/232/3
f 1861/215/4 1862/229/4 1864/190/4
f 1862/229/4 1863/230/4 1864/190/4
f 1865/214/5 1866/213/5 1868/194/5
f 1866/213/5 1867/189/5 1868/194/5
f 1869/214/6 1870/213/6 1872/194/6
f 1870/213/6 1871/189/6 1872/194/6
g Element #79
usemtl Element
f 1873/235/1 1874/35/1 1876/236/1
f 1874/35/1 1875/36/1 1876/236/1
f 1877/36/2 1878/236/2 1880/35/2
f 1878/236/2 1879/235/2 1880/35/2
f 1881/215/3 1882/229/3 1884/190/3
f 1882/229/3 1883/230/3 1884/190/3
f 1885/231/4 1886/216/4 1888/232/4
f 1886/216/4 1887/193/4 1888/232/4
f 1889/214/5 1890/213/5 1892/194/5
f 1890/213/5 1891/189/5 1892/194/5
f 1893/214/6 1894/213/6 1896/194/6
f 1894/213/6 1895/189/6 1896/194/6
g Element #80
usemtl Element
f 1897/237/1 1898/238/1 1900/240/1
f 1898/238/1 1899/239/1 1900/240/1
f 1901/241/2 1902/242/2 1904/244/2
f 1902/242/2 1903/243/2 1904/244/2
f 1905/245/3 1906/246/3 1908/248/3
f 1906/246/3 1907/247/3 1908/248/3
f 1909/245/4 1910/246/4 1912/248/4
f 1910/246/4 1911/247/4 1912/248/4
f 1913/249/5 1914/12/5 1916/251/5
f 1914/12/5 1915/250/5 1916/251/5
f 1917/11/6 1918/252/6 1920/254/6
f 1918/252/6 1919/253/6 1920/254/6
g Element #81
usemtl Element
f 1921/255/1 1922/256/1 1924/258/1
f 1922/256/1 1923/257/1 1924/258/1
f 1925/257/2 1926/258/2 1928/256/2
f 1926/258/2 1927/255/2 1928/256/2
f 1929/255/3 1930/256/3 1932/258/3
f 1930/256/3 1931/257/3 1932/258/3
f 1933/255/4 1934/256/4 1936/258/4
f 1934/256/4 1935/257/4 1936/258/4
f 1937/255/5 1938/256/5 1940/258/5
f 1938/256/5 1939/257/5 1940/258/5
f 1941/255/6 1942/256/6 1944/258/6
f 1942/256/6 1943/257/6 1944/258/6
g Element #82
usemtl Element
f 1945/259/1 1946/260/1 1948/243/1
f 1946/260/1 1947/244/1 1948/243/1
f 1949/261/2 1950/262/2 1952/239/2
f 1950/262/2 1951/240/2 1952/239/2
f 1953/263/3 1954/264/3 1956/266/3
f 1954/264/3 1955/265/3 1956/266/3
f 1957/263/4 1958/264/4 1960/266/4
f 1958/264/4 1959/265/4 1960/266/4
f 1961/264/5 1962/267/5 1964/265/5
f 1962/267/5 1963/268/5 1964/265/5
f 1965/269/6 1966/263/6 1968/270/6
f 1966/263/6 1967/266/6 1968/270/6
g Element #83
usemtl Element
f 1969/240/1 1970/239/1 1972/243/1
f 1970/239/1 1971/244/1 1972/243/1
f 1973/244/2 1974/243/2 1976/239/2
f 1974/243/2 1975/240/2 1976/239/2
f 1977/259/3 1978/260/3 1980/272/3
f 1978/260/3 1979/271/3 1980/272/3
f 1981/259/4 1982/260/4 1984/272/4
f 1982/260/4 1983/271/4 1984/272/4
f 1985/273/5 1986/274/5 1988/9/5
f 1986/274/5 1987/10/5 1988/9/5
f 1989/273/6 1990/274/6 1992/9/6
f 1990/274/6 1991/10/6 1992/9/6
g Element #84
usemtl Element
f 1993/275/1 1994/276/1 1996/278/1
f 1994/276/1 1995/277/1 1996/278/1
f 1997/279/2 1998/280/2 2000/282/2
f 1998/280/2 1999/281/2 2000/282/2
f 2001/243/3 2002/244/3 2004/248/3
f 2002/244/3 2003/247/3 2004/248/3
f 2005/243/4 2006/244/4 2008/248/4
f 2006/244/4 2007/247/4 2008/248/4
f 2009/283/5 2010/284/5 2012/286/5
f 2010/284/5 2011/285/5 2012/286/5
f 2013/287/6 2014/288/6 2016/290/6
f 2014/288/6 2015/289/6 2016/290/6
g Element #85
usemtl Element
f 2017/291/1 2018/292/1 2020/294/1
f 2018/292/1 2019/293/1 2020/294/1
f 2021/295/2 2022/296/2 2024/298/2
f 2022/296/2 2023/297/2 2024/298/2
f 2025/299/3 2026/300/3 2028/302/3
f 2026/300/3 2027/301/3 2028/302/3
f 2029/299/4 2030/300/4 2032/302/4
f 2030/300/4 2031/301/4 2032/302/4
f 2033/286/5 2034/285/5 2036/304/5
f 2034/285/5 2035/303/5 2036/304/5
f 2037/290/6 2038/289/6 2040/306/6
f 2038/289/6 2039/305/6 2040/306/6
g Element #86
usemtl Element
f 2041/291/1 2042/292/1 2044/294/1
f 2042/292/1 2043/293/1 2044/294/1
f 2045/295/2 2046/296/2 2048/298/2
f 2046/296/2 2047/297/2 2048/298/2
f 2049/307/3 2050/308/3 2052/310/3
f 2050/308/3 2051/309/3 2052/310/3
f 2053/307/4 2054/308/4 2056/310/4
f 2054/308/4 2055/309/4 2056/310/4
f 2057/311/5 2058/312/5 2060/283/5
f 2058/312/5 2059/284/5 2060/283/5
f 2061/313/6 2062/314/6 2064/287/6
f 2062/314/6 2063/288/6 2064/287/6
g Element #87
usemtl Element
f 2065/281/1 2066/282/1 2068/280/1
f 2066/282/1 2067/279/1 2068/280/1
f 2069/277/2 2070/278/2 2072/276/2
f 2070/278/2 2071/275/2 2072/276/2
f 2073/243/3 2074/244/3 2076/248/3
f 2074/244/3 2075/247/3 2076/248/3
f 2077/243/4 2078/244/4 2080/248/4
f 2078/244/4 2079/247/4 2080/248/4
f 2081/287/5 2082/288/5 2084/290/5
f 2082/288/5 2083/289/5 2084/290/5
f 2085/283/6 2086/284/6 2088/286/6
f 2086/284/6 2087/285/6 2088/286/6
g Element #88
usemtl Element
f 2089/297/1 2090/298/1 2092/296/1
f 2090/298/1 2091/295/1 2092/296/1
f 2093/293/2 2094/294/2 2096/292/2
f 2094/294/2 2095/291/2 2096/292/2
f 2097/299/3 2098/300/3 2100/302/3
f 2098/300/3 2099/301/3 2100/302/3
f 2101/299/4 2102/300/4 2104/302/4
f 2102/300/4 2103/301/4 2104/302/4
f 2105/290/5 2106/289/5 2108/306/5
f 2106/289/5 2107/305/5 2108/306/5
f 2109/286/6 2110/285/6 2112/304/6
f 2110/285/6 2111/303/6 2112/304/6
g Element #89
usemtl Element
f 2113/297/1 2114/298/1 2116/296/1
f 2114/298/1 2115/295/1 2116/296/1
f 2117/293/2 2118/294/2 2120/292/2
f 2118/294/2 2119/291/2 2120/292/2
f 2121/307/3 2122/308/3 2124/310/3
f 2122/308/3 2123/309/3 2124/310/3
f 2125/307/4 2126/308/4 2128/310/4
f 2126/308/4 2127/309/4 2128/310/4
f 2129/313/5 2130/314/5 2132/287/5
f 2130/314/5 2131/288/5 2132/287/5
f 2133/311/6 2134/312/6 2136/283/6
f 2134/312/6 2135/284/6 2136/283/6
g Element #90
usemtl Element
f 2137/240/1 2138/239/1 2140/262/1
f 2138/239/1 2139/261/1 2140/262/1
f 2141/244/2 2142/243/2 2144/260/2
f 2142/243/2 2143/259/2 2144/260/2
f 2145/263/3 2146/264/3 2148/266/3
f 2146/264/3 2147/265/3 2148/266/3
f 2149/263/4 2150/264/4 2152/266/4
f 2150/264/4 2151/265/4 2152/266/4
f 2153/269/5 2154/263/5 2156/270/5
f 2154/263/5 2155/266/5 2156/270/5
f 2157/264/6 2158/267/6 2160/265/6
f 2158/267/6 2159/268/6 2160/265/6
g Element #91
usemtl Element
f 2161/255/1 2162/256/1 2164/258/1
f 2162/256/1 2163/257/1 2164/258/1
f 2165/257/2 2166/258/2 2168/256/2
f 2166/258/2 2167/255/2 2168/256/2
f 2169/255/3 2170/256/3 2172/258/3
f 2170/256/3 2171/257/3 2172/258/3
f 2173/255/4 2174/256/4 2176/258/4
f 2174/256/4 2175/257/4 2176/258/4
f 2177/255/5 2178/256/5 2180/258/5
f 2178/256/5 2179/257/5 2180/258/5
f 2181/255/6 2182/256/6 2184/258/6
f 2182/256/6 2183/257/6 2184/258/6
g Element #92
usemtl Element
f 2185/315/1 2186/316/1 2188/318/1
f 2186/316/1 2187/317/1 2188/318/1
f 2189/317/2 2190/318/2 2192/316/2
f 2190/318/2 2191/315/2 2192/316/2
f 2193/263/3 2194/264/3 2196/266/3
f 2194/264/3 2195/265/3 2196/266/3
f 2197/263/4 2198/264/4 2200/266/4
f 2198/264/4 2199/265/4 2200/266/4
f 2201/319/5 2202/320/5 2204/322/5
f 2202/320/5 2203/321/5 2204/322/5
f 2205/319/6 2206/320/6 2208/322/6
f 2206/320/6 2207/321/6 2208/322/6
g Element #93
usemtl Element
f 2209/255/1 2210/256/1 2212/258/1
f 2210/256/1 2211/257/1 2212/258/1
f 2213/257/2 2214/258/2 2216/256/2
f 2214/258/2 2215/255/2 2216/256/2
f 2217/255/3 2218/256/3 2220/258/3
f 2218/256/3 2219/257/3 2220/258/3
f 2221/255/4 2222/256/4 2224/258/4
f 2222/256/4 2223/257/4 2224/258/4
f 2225/255/5 2226/256/5 2228/258/5
f 2226/256/5 2227/257/5 2228/258/5
f 2229/255/6 2230/256/6 2232/258/6
f 2230/256/6 2231/257/6 2232/258/6
g Element #94
usemtl Element
f 2233/255/1 2234/256/1 2236/258/1
f 2234/256/1 2235/257/1 2236/258/1
f 2237/257/2 2238/258/2 2240/256/2
f 2238/258/2 2239/255/2 2240/256/2
f 2241/255/3 2242/256/3 2244/258/3
f 2242/256/3 2243/257/3 2244/258/3
f 2245/255/4 2246/256/4 2248/258/4
f 2246/256/4 2247/257/4 2248/258/4
f 2249/255/5 2250/256/5 2252/258/5
f 2250/256/5 2251/257/5 2252/258/5
f 2253/255/6 2254/256/6 2256/258/6
f 2254/256/6 2255/257/6 2256/258/6
g Element #95
usemtl Element
f 2257/255/1 2258/256/1 2260/258/1
f 2258/256/1 2259/257/1 2260/258/1
f 2261/257/2 2262/258/2 2264/256/2
f 2262/258/2 2263/255/2 2264/256/2
f 2265/255/3 2266/256/3 2268/258/3
f 2266/256/3 2267/257/3 2268/258/3
f 2269/255/4 2270/256/4 2272/258/4
f 2270/256/4 2271/257/4 2272/258/4
f 2273/255/5 2274/256/5 2276/258/5
f 2274/256/5 2275/257/5 2276/258/5
f 2277/255/6 2278/256/6 2280/258/6
f 2278/256/6 2279/257/6 2280/258/6
g Element #96
usemtl Element
f 2281/323/1 2282/324/1 2284/326/1
f 2282/324/1 2283/325/1 2284/326/1
f 2285/325/2 2286/326/2 2288/324/2
f 2286/326/2 2287/323/2 2288/324/2
f 2289/327/3 2290/328/3 2292/330/3
f 2290/328/3 2291/329/3 2292/330/3
f 2293/327/4 2294/328/4 2296/330/4
f 2294/328/4 2295/329/4 2296/330/4
f 2297/299/5 2298/300/5 2300/302/5
f 2298/300/5 2299/301/5 2300/302/5
f 2301/299/6 2302/300/6 2304/302/6
f 2302/300/6 2303/301/6 2304/302/6
g Element #97
usemtl Element
f 2305/326/1 2306/325/1 2308/4/1
f 2306/325/1 2307/3/1 2308/4/1
f 2309/324/2 2310/323/2 2312/2/2
f 2310/323/2 2311/1/2 2312/2/2
f 2313/8/3 2314/7/3 2316/327/3
f 2314/7/3 2315/328/3 2316/327/3
f 2317/8/4 2318/7/4 2320/327/4
f 2318/7/4 2319/328/4 2320/327/4
f 2321/331/5 2322/11/5 2324/300/5
f 2322/11/5 2323/254/5 2324/300/5
f 2325/12/6 2326/332/6 2328/250/6
f 2326/332/6 2327/299/6 2328/250/6
g Element #98
usemtl Element
f 2329/1/1 2330/2/1 2332/323/1
f 2330/2/1 2331/324/1 2332/323/1
f 2333/3/2 2334/4/2 2336/325/2
f 2334/4/2 2335/326/2 2336/325/2
f 2337/8/3 2338/7/3 2340/327/3
f 2338/7/3 2339/328/3 2340/327/3
f 2341/8/4 2342/7/4 2344/327/4
f 2342/7/4 2343/328/4 2344/327/4
f 2345/12/5 2346/332/5 2348/250/5
f 2346/332/5 2347/299/5 2348/250/5
f 2349/331/6 2350/11/6 2352/300/6
f 2350/11/6 2351/254/6 2352/300/6
g Element #99
usemtl Element
f 2353/255/1 2354/256/1 2356/258/1
f 2354/256/1 2355/257/1 2356/258/1
f 2357/257/2 2358/258/2 2360/256/2
f 2358/258/2 2359/255/2 2360/256/2
f 2361/255/3 2362/256/3 2364/258/3
f 2362/256/3 2363/257/3 2364/258/3
f 2365/255/4 2366/256/4 2368/258/4
f 2366/256/4 2367/257/4 2368/258/4
f 2369/255/5 2370/256/5 2372/258/5
f 2370/256/5 2371/257/5 2372/258/5
f 2373/255/6 2374/256/6 2376/258/6
f 2374/256/6 2375/257/6 2376/258/6
g Element #100
usemtl Element
f 2377/255/1 2378/256/1 2380/258/1
f 2378/256/1 2379/257/1 2380/258/1
f 2381/257/2 2382/258/2 2384/256/2
f 2382/258/2 2383/255/2 2384/256/2
f 2385/255/3 2386/256/3 2388/258/3
f 2386/256/3 2387/257/3 2388/258/3
f 2389/255/4 2390/256/4 2392/258/4
f 2390/256/4 2391/257/4 2392/258/4
f 2393/255/5 2394/256/5 2396/258/5
f 2394/256/5 2395/257/5 2396/258/5
f 2397/255/6 2398/256/6 2400/258/6
f 2398/256/6 2399/257/6 2400/258/6
g Element #101
usemtl Element
f 2401/255/1 2402/256/1 2404/258/1
f 2402/256/1 2403/257/1 2404/258/1
f 2405/257/2 2406/258/2 2408/256/2
f 2406/258/2 2407/255/2 2408/256/2
f 2409/255/3 2410/256/3 2412/258/3
f 2410/256/3 2411/257/3 2412/258/3
f 2413/255/4 2414/256/4 2416/258/4
f 2414/256/4 2415/257/4 2416/258/4
f 2417/255/5 2418/256/5 2420/258/5
f 2418/256/5 2419/257/5 2420/258/5
f 2421/255/6 2422/256/6 2424/258/6
f 2422/256/6 2423/257/6 2424/258/6
g Element #102
usemtl Element
f 2425/255/1 2426/256/1 2428/258/1
f 2426/256/1 2427/257/1 2428/258/1
f 2429/257/2 2430/258/2 2432/256/2
f 2430/258/2 2431/255/2 2432/256/2
f 2433/255/3 2434/256/3 2436/258/3
f 2434/256/3 2435/257/3 2436/258/3
f 2437/255/4 2438/256/4 2440/258/4
f 2438/256/4 2439/257/4 2440/258/4
f 2441/255/5 2442/256/5 2444/258/5
f 2442/256/5 2443/257/5 2444/258/5
f 2445/255/6 2446/256/6 2448/258/6
f 2446/256/6 2447/257/6 2448/258/6
g Element #103
usemtl Element
f 2449/255/1 2450/256/1 2452/258/1
f 2450/256/1 2451/257/1 2452/258/1
f 2453/257/2 2454/258/2 2456/256/2
f 2454/258/2 2455/255/2 2456/256/2
f 2457/255/3 2458/256/3 2460/258/3
f 2458/256/3 2459/257/3 2460/258/3
f 2461/255/4 2462/256/4 2464/258/4
f 2462/256/4 2463/257/4 2464/258/4
f 2465/255/5 2466/256/5 2468/258/5
f 2466/256/5 2467/257/5 2468/258/5
f 2469/255/6 2470/256/6 2472/258/6
f 2470/256/6 2471/257/6 2472/258/6
g Element #104
usemtl Element
f 2473/255/1 2474/256/1 2476/258/1
f 2474/256/1 2475/257/1 2476/258/1
f 2477/257/2 2478/258/2 2480/256/2
f 2478/258/2 2479/255/2 2480/256/2
f 2481/255/3 2482/256/3 2484/258/3
f 2482/256/3 2483/257/3 2484/258/3
f 2485/255/4 2486/256/4 2488/258/4
f 2486/256/4 2487/257/4 2488/258/4
f 2489/255/5 2490/256/5 2492/258/5
f 2490/256/5 2491/257/5 2492/258/5
f 2493/255/6 2494/256/6 2496/258/6
f 2494/256/6 2495/257/6 2496/258/6
g Element #105
usemtl Element
f 2497/255/1 2498/256/1 2500/258/1
f 2498/256/1 2499/257/1 2500/258/1
f 2501/257/2 2502/258/2 2504/256/2
f 2502/258/2 2503/255/2 2504/256/2
f 2505/255/3 2506/256/3 2508/258/3
f 2506/256/3 2507/257/3 2508/258/3
f 2509/255/4 2510/256/4 2512/258/4
f 2510/256/4 2511/257/4 2512/258/4
f 2513/255/5 2514/256/5 2516/258/5
f 2514/256/5 2515/257/5 2516/258/5
f 2517/255/6 2518/256/6 2520/258/6
f 2518/256/6 2519/257/6 2520/258/6
g Element #106
usemtl Element
f 2521/243/1 2522/244/1 2524/242/1
f 2522/244/1 2523/241/1 2524/242/1
f 2525/239/2 2526/240/2 2528/238/2
f 2526/240/2 2527/237/2 2528/238/2
f 2529/243/3 2530/244/3 2532/242/3
f 2530/244/3 2531/241/3 2532/242/3
f 2533/243/4 2534/244/4 2536/242/4
f 2534/244/4 2535/241/4 2536/242/4
f 2537/333/5 2538/334/5 2540/336/5
f 2538/334/5 2539/335/5 2540/336/5
f 2541/337/6 2542/338/6 2544/340/6
f 2542/338/6 2543/339/6 2544/340/6
g Element #107
usemtl Element
f 2545/255/1 2546/256/1 2548/258/1
f 2546/256/1 2547/257/1 2548/258/1
f 2549/257/2 2550/258/2 2552/256/2
f 2550/258/2 2551/255/2 2552/256/2
f 2553/255/3 2554/256/3 2556/258/3
f 2554/256/3 2555/257/3 2556/258/3
f 2557/255/4 2558/256/4 2560/258/4
f 2558/256/4 2559/257/4 2560/258/4
f 2561/255/5 2562/256/5 2564/258/5
f 2562/256/5 2563/257/5 2564/258/5
f 2565/255/6 2566/256/6 2568/258/6
f 2566/256/6 2567/257/6 2568/258/6
g Element #108
usemtl Element
f 2569/243/1 2570/244/1 2572/242/1
f 2570/244/1 2571/241/1 2572/242/1
f 2573/239/2 2574/240/2 2576/238/2
f 2574/240/2 2575/237/2 2576/238/2
f 2577/281/3 2578/282/3 2580/280/3
f 2578/282/3 2579/279/3 2580/280/3
f 2581/281/4 2582/282/4 2584/280/4
f 2582/282/4 2583/279/4 2584/280/4
f 2585/341/5 2586/342/5 2588/344/5
f 2586/342/5 2587/343/5 2588/344/5
f 2589/345/6 2590/346/6 2592/348/6
f 2590/346/6 2591/347/6 2592/348/6
g Element #109
usemtl Element
f 2593/243/1 2594/244/1 2596/242/1
f 2594/244/1 2595/241/1 2596/242/1
f 2597/239/2 2598/240/2 2600/238/2
f 2598/240/2 2599/237/2 2600/238/2
f 2601/349/3 2602/350/3 2604/352/3
f 2602/350/3 2603/351/3 2604/352/3
f 2605/349/4 2606/350/4 2608/352/4
f 2606/350/4 2607/351/4 2608/352/4
f 2609/353/5 2610/354/5 2612/356/5
f 2610/354/5 2611/355/5 2612/356/5
f 2613/357/6 2614/358/6 2616/360/6
f 2614/358/6 2615/359/6 2616/360/6
g Element #110
usemtl Element
f 2617/243/1 2618/244/1 2620/242/1
f 2618/244/1 2619/241/1 2620/242/1
f 2621/239/2 2622/240/2 2624/238/2
f 2622/240/2 2623/237/2 2624/238/2
f 2625/361/3 2626/362/3 2628/245/3
f 2626/362/3 2627/246/3 2628/245/3
f 2629/361/4 2630/362/4 2632/245/4
f 2630/362/4 2631/246/4 2632/245/4
f 2633/363/5 2634/364/5 2636/11/5
f 2634/364/5 2635/252/5 2636/11/5
f 2637/365/6 2638/366/6 2640/249/6
f 2638/366/6 2639/12/6 2640/249/6
g Element #111
usemtl Element
f 2641/237/1 2642/238/1 2644/240/1
f 2642/238/1 2643/239/1 2644/240/1
f 2645/241/2 2646/242/2 2648/244/2
f 2646/242/2 2647/243/2 2648/244/2
f 2649/352/3 2650/351/3 2652/361/3
f 2650/351/3 2651/362/3 2652/361/3
f 2653/352/4 2654/351/4 2656/361/4
f 2654/351/4 2655/362/4 2656/361/4
f 2657/360/5 2658/359/5 2660/365/5
f 2658/359/5 2659/366/5 2660/365/5
f 2661/356/6 2662/355/6 2664/363/6
f 2662/355/6 2663/364/6 2664/363/6
g Element #112
usemtl Element
f 2665/237/1 2666/238/1 2668/240/1
f 2666/238/1 2667/239/1 2668/240/1
f 2669/241/2 2670/242/2 2672/244/2
f 2670/242/2 2671/243/2 2672/244/2
f 2673/280/3 2674/279/3 2676/349/3
f 2674/279/3 2675/350/3 2676/349/3
f 2677/280/4 2678/279/4 2680/349/4
f 2678/279/4 2679/350/4 2680/349/4
f 2681/348/5 2682/347/5 2684/357/5
f 2682/347/5 2683/358/5 2684/357/5
f 2685/344/6 2686/343/6 2688/353/6
f 2686/343/6 2687/354/6 2688/353/6
g Element #113
usemtl Element
f 2689/237/1 2690/238/1 2692/240/1
f 2690/238/1 2691/239/1 2692/240/1
f 2693/241/2 2694/242/2 2696/244/2
f 2694/242/2 2695/243/2 2696/244/2
f 2697/242/3 2698/241/3 2700/281/3
f 2698/241/3 2699/282/3 2700/281/3
f 2701/242/4 2702/241/4 2704/281/4
f 2702/241/4 2703/282/4 2704/281/4
f 2705/340/5 2706/339/5 2708/345/5
f 2706/339/5 2707/346/5 2708/345/5
f 2709/336/6 2710/335/6 2712/341/6
f 2710/335/6 2711/342/6 2712/341/6
g Element #114
usemtl Element
f 2713/255/1 2714/256/1 2716/258/1
f 2714/256/1 2715/257/1 2716/258/1
f 2717/257/2 2718/258/2 2720/256/2
f 2718/258/2 2719/255/2 2720/256/2
f 2721/255/3 2722/256/3 2724/258/3
f 2722/256/3 2723/257/3 2724/258/3
f 2725/255/4 2726/256/4 2728/258/4
f 2726/256/4 2727/257/4 2728/258/4
f 2729/255/5 2730/256/5 2732/258/5
f 2730/256/5 2731/257/5 2732/258/5
f 2733/255/6 2734/256/6 2736/258/6
f 2734/256/6 2735/257/6 2736/258/6
g Element #115
usemtl Element
f 2737/242/1 2738/241/1 2740/281/1
f 2738/241/1 2739/282/1 2740/281/1
f 2741/238/2 2742/237/2 2744/277/2
f 2742/237/2 2743/278/2 2744/277/2
f 2745/242/3 2746/241/3 2748/281/3
f 2746/241/3 2747/282/3 2748/281/3
f 2749/242/4 2750/241/4 2752/281/4
f 2750/241/4 2751/282/4 2752/281/4
f 2753/335/5 2754/367/5 2756/342/5
f 2754/367/5 2755/368/5 2756/342/5
f 2757/369/6 2758/340/6 2760/370/6
f 2758/340/6 2759/345/6 2760/370/6
g Element #116
usemtl Element
f 2761/255/1 2762/256/1 2764/258/1
f 2762/256/1 2763/257/1 2764/258/1
f 2765/257/2 2766/258/2 2768/256/2
f 2766/258/2 2767/255/2 2768/256/2
f 2769/255/3 2770/256/3 2772/258/3
f 2770/256/3 2771/257/3 2772/258/3
f 2773/255/4 2774/256/4 2776/258/4
f 2774/256/4 2775/257/4 2776/258/4
f 2777/255/5 2778/256/5 2780/258/5
f 2778/256/5 2779/257/5 2780/258/5
f 2781/255/6 2782/256/6 2784/258/6
f 2782/256/6 2783/257/6 2784/258/6
g Element #117
usemtl Element
f 2785/242/1 2786/241/1 2788/281/1
f 2786/241/1 2787/282/1 2788/281/1
f 2789/238/2 2790/237/2 2792/277/2
f 2790/237/2 2791/278/2 2792/277/2
f 2793/280/3 2794/279/3 2796/349/3
f 2794/279/3 2795/350/3 2796/349/3
f 2797/280/4 2798/279/4 2800/349/4
f 2798/279/4 2799/350/4 2800/349/4
f 2801/343/5 2802/371/5 2804/354/5
f 2802/371/5 2803/372/5 2804/354/5
f 2805/373/6 2806/348/6 2808/374/6
f 2806/348/6 2807/357/6 2808/374/6
g Element #118
usemtl Element
f 2809/255/1 2810/256/1 2812/258/1
f 2810/256/1 2811/257/1 2812/258/1
f 2813/257/2 2814/258/2 2816/256/2
f 2814/258/2 2815/255/2 2816/256/2
f 2817/255/3 2818/256/3 2820/258/3
f 2818/256/3 2819/257/3 2820/258/3
f 2821/255/4 2822/256/4 2824/258/4
f 2822/256/4 2823/257/4 2824/258/4
f 2825/255/5 2826/256/5 2828/258/5
f 2826/256/5 2827/257/5 2828/258/5
f 2829/255/6 2830/256/6 2832/258/6
f 2830/256/6 2831/257/6 2832/258/6
g Element #119
usemtl Element
f 2833/242/1 2834/241/1 2836/281/1
f 2834/241/1 2835/282/1 2836/281/1
f 2837/238/2 2838/237/2 2840/277/2
f 2838/237/2 2839/278/2 2840/277/2
f 2841/352/3 2842/351/3 2844/361/3
f 2842/351/3 2843/362/3 2844/361/3
f 2845/352/4 2846/351/4 2848/361/4
f 2846/351/4 2847/362/4 2848/361/4
f 2849/355/5 2850/375/5 2852/364/5
f 2850/375/5 2851/376/5 2852/364/5
f 2853/377/6 2854/360/6 2856/378/6
f 2854/360/6 2855/365/6 2856/378/6
g Element #120
usemtl Element
f 2857/255/1 2858/256/1 2860/258/1
f 2858/256/1 2859/257/1 2860/258/1
f 2861/257/2 2862/258/2 2864/256/2
f 2862/258/2 2863/255/2 2864/256/2
f 2865/255/3 2866/256/3 2868/258/3
f 2866/256/3 2867/257/3 2868/258/3
f 2869/255/4 2870/256/4 2872/258/4
f 2870/256/4 2871/257/4 2872/258/4
f 2873/255/5 2874/256/5 2876/258/5
f 2874/256/5 2875/257/5 2876/258/5
f 2877/255/6 2878/256/6 2880/258/6
f 2878/256/6 2879/257/6 2880/258/6
g Element #121
usemtl Element
f 2881/242/1 2882/241/1 2884/281/1
f 2882/241/1 2883/282/1 2884/281/1
f 2885/238/2 2886/237/2 2888/277/2
f 2886/237/2 2887/278/2 2888/277/2
f 2889/245/3 2890/246/3 2892/248/3
f 2890/246/3 2891/247/3 2892/248/3
f 2893/245/4 2894/246/4 2896/248/4
f 2894/246/4 2895/247/4 2896/248/4
f 2897/252/5 2898/379/5 2900/253/5
f 2898/379/5 2899/290/5 2900/253/5
f 2901/380/6 2902/249/6 2904/285/6
f 2902/249/6 2903/251/6 2904/285/6
g Element #122
usemtl Element
f 2905/278/1 2906/277/1 2908/237/1
f 2906/277/1 2907/238/1 2908/237/1
f 2909/282/2 2910/281/2 2912/241/2
f 2910/281/2 2911/242/2 2912/241/2
f 2913/243/3 2914/244/3 2916/242/3
f 2914/244/3 2915/241/3 2916/242/3
f 2917/243/4 2918/244/4 2920/242/4
f 2918/244/4 2919/241/4 2920/242/4
f 2921/284/5 2922/337/5 2924/369/5
f 2922/337/5 2923/340/5 2924/369/5
f 2925/334/6 2926/287/6 2928/335/6
f 2926/287/6 2927/367/6 2928/335/6
g Element #123
usemtl Element
f 2929/255/1 2930/256/1 2932/258/1
f 2930/256/1 2931/257/1 2932/258/1
f 2933/257/2 2934/258/2 2936/256/2
f 2934/258/2 2935/255/2 2936/256/2
f 2937/255/3 2938/256/3 2940/258/3
f 2938/256/3 2939/257/3 2940/258/3
f 2941/255/4 2942/256/4 2944/258/4
f 2942/256/4 2943/257/4 2944/258/4
f 2945/255/5 2946/256/5 2948/258/5
f 2946/256/5 2947/257/5 2948/258/5
f 2949/255/6 2950/256/6 2952/258/6
f 2950/256/6 2951/257/6 2952/258/6
g Element #124
usemtl Element
f 2953/278/1 2954/277/1 2956/237/1
f 2954/277/1 2955/238/1 2956/237/1
f 2957/282/2 2958/281/2 2960/241/2
f 2958/281/2 2959/242/2 2960/241/2
f 2961/281/3 2962/282/3 2964/280/3
f 2962/282/3 2963/279/3 2964/280/3
f 2965/281/4 2966/282/4 2968/280/4
f 2966/282/4 2967/279/4 2968/280/4
f 2969/370/5 2970/345/5 2972/373/5
f 2970/345/5 2971/348/5 2972/373/5
f 2973/342/6 2974/368/6 2976/343/6
f 2974/368/6 2975/371/6 2976/343/6
g Element #125
usemtl Element
f 2977/255/1 2978/256/1 2980/258/1
f 2978/256/1 2979/257/1 2980/258/1
f 2981/257/2 2982/258/2 2984/256/2
f 2982/258/2 2983/255/2 2984/256/2
f 2985/255/3 2986/256/3 2988/258/3
f 2986/256/3 2987/257/3 2988/258/3
f 2989/255/4 2990/256/4 2992/258/4
f 2990/256/4 2991/257/4 2992/258/4
f 2993/255/5 2994/256/5 2996/258/5
f 2994/256/5 2995/257/5 2996/258/5
f 2997/255/6 2998/256/6 3000/258/6
f 2998/256/6 2999/257/6 3000/258/6
g Element #126
usemtl Element
f 3001/278/1 3002/277/1 3004/237/1
f 3002/277/1 3003/238/1 3004/237/1
f 3005/282/2 3006/281/2 3008/241/2
f 3006/281/2 3007/242/2 3008/241/2
f 3009/349/3 3010/350/3 3012/352/3
f 3010/350/3 3011/351/3 3012/352/3
f 3013/349/4 3014/350/4 3016/352/4
f 3014/350/4 3015/351/4 3016/352/4
f 3017/374/5 3018/357/5 3020/377/5
f 3018/357/5 3019/360/5 3020/377/5
f 3021/354/6 3022/372/6 3024/355/6
f 3022/372/6 3023/375/6 3024/355/6
g Element #127
usemtl Element
f 3025/255/1 3026/256/1 3028/258/1
f 3026/256/1 3027/257/1 3028/258/1
f 3029/257/2 3030/258/2 3032/256/2
f 3030/258/2 3031/255/2 3032/256/2
f 3033/255/3 3034/256/3 3036/258/3
f 3034/256/3 3035/257/3 3036/258/3
f 3037/255/4 3038/256/4 3040/258/4
f 3038/256/4 3039/257/4 3040/258/4
f 3041/255/5 3042/256/5 3044/258/5
f 3042/256/5 3043/257/5 3044/258/5
f 3045/255/6 3046/256/6 3048/258/6
f 3046/256/6 3047/257/6 3048/258/6
g Element #128
usemtl Element
f 3049/278/1 3050/277/1 3052/237/1
f 3050/277/1 3051/238/1 3052/237/1
f 3053/282/2 3054/281/2 3056/241/2
f 3054/281/2 3055/242/2 3056/241/2
f 3057/361/3 3058/362/3 3060/245/3
f 3058/362/3 3059/246/3 3060/245/3
f 3061/361/4 3062/362/4 3064/245/4
f 3062/362/4 3063/246/4 3064/245/4
f 3065/378/5 3066/365/5 3068/380/5
f 3066/365/5 3067/249/5 3068/380/5
f 3069/364/6 3070/376/6 3072/252/6
f 3070/376/6 3071/379/6 3072/252/6
g Element #129
usemtl Element
f 3073/255/1 3074/256/1 3076/258/1
f 3074/256/1 3075/257/1 3076/258/1
f 3077/257/2 3078/258/2 3080/256/2
f 3078/258/2 3079/255/2 3080/256/2
f 3081/255/3 3082/256/3 3084/258/3
f 3082/256/3 3083/257/3 3084/258/3
f 3085/255/4 3086/256/4 3088/258/4
f 3086/256/4 3087/257/4 3088/258/4
f 3089/255/5 3090/256/5 3092/258/5
f 3090/256/5 3091/257/5 3092/258/5
f 3093/255/6 3094/256/6 3096/258/6
f 3094/256/6 3095/257/6 3096/258/6
g Element #130
usemtl Element
f 3097/381/1 3098/382/1 3100/383/1
f 3098/382/1 3099/298/1 3100/383/1
f 3101/384/2 3102/385/2 3104/293/2
f 3102/385/2 3103/386/2 3104/293/2
f 3105/307/3 3106/387/3 3108/310/3
f 3106/387/3 3107/388/3 3108/310/3
f 3109/389/4 3110/308/4 3112/390/4
f 3110/308/4 3111/309/4 3112/390/4
f 3113/391/5 3114/313/5 3116/334/5
f 3114/313/5 3115/287/5 3116/334/5
f 3117/312/6 3118/392/6 3120/284/6
f 3118/392/6 3119/337/6 3120/284/6
g Element #131
usemtl Element
f 3121/255/1 3122/256/1 3124/258/1
f 3122/256/1 3123/257/1 3124/258/1
f 3125/257/2 3126/258/2 3128/256/2
f 3126/258/2 3127/255/2 3128/256/2
f 3129/255/3 3130/256/3 3132/258/3
f 3130/256/3 3131/257/3 3132/258/3
f 3133/255/4 3134/256/4 3136/258/4
f 3134/256/4 3135/257/4 3136/258/4
f 3137/255/5 3138/256/5 3140/258/5
f 3138/256/5 3139/257/5 3140/258/5
f 3141/255/6 3142/256/6 3144/258/6
f 3142/256/6 3143/257/6 3144/258/6
g Element #132
usemtl Element
f 3145/255/1 3146/256/1 3148/258/1
f 3146/256/1 3147/257/1 3148/258/1
f 3149/257/2 3150/258/2 3152/256/2
f 3150/258/2 3151/255/2 3152/256/2
f 3153/255/3 3154/256/3 3156/258/3
f 3154/256/3 3155/257/3 3156/258/3
f 3157/255/4 3158/256/4 3160/258/4
f 3158/256/4 3159/257/4 3160/258/4
f 3161/255/5 3162/256/5 3164/258/5
f 3162/256/5 3163/257/5 3164/258/5
f 3165/255/6 3166/256/6 3168/258/6
f 3166/256/6 3167/257/6 3168/258/6
g Element #133
usemtl Element
f 3169/255/1 3170/256/1 3172/258/1
f 3170/256/1 3171/257/1 3172/258/1
f 3173/257/2 3174/258/2 3176/256/2
f 3174/258/2 3175/255/2 3176/256/2
f 3177/255/3 3178/256/3 3180/258/3
f 3178/256/3 3179/257/3 3180/258/3
f 3181/255/4 3182/256/4 3184/258/4
f 3182/256/4 3183/257/4 3184/258/4
f 3185/255/5 3186/256/5 3188/258/5
f 3186/256/5 3187/257/5 3188/258/5
f 3189/255/6 3190/256/6 3192/258/6
f 3190/256/6 3191/257/6 3192/258/6
g Element #134
usemtl Element
f 3193/255/1 3194/256/1 3196/258/1
f 3194/256/1 3195/257/1 3196/258/1
f 3197/257/2 3198/258/2 3200/256/2
f 3198/258/2 3199/255/2 3200/256/2
f 3201/255/3 3202/256/3 3204/258/3
f 3202/256/3 3203/257/3 3204/258/3
f 3205/255/4 3206/256/4 3208/258/4
f 3206/256/4 3207/257/4 3208/258/4
f 3209/255/5 3210/256/5 3212/258/5
f 3210/256/5 3211/257/5 3212/258/5
f 3213/255/6 3214/256/6 3216/258/6
f 3214/256/6 3215/257/6 3216/258/6
g Element #135
usemtl Element
f 3217/255/1 3218/256/1 3220/258/1
f 3218/256/1 3219/257/1 3220/258/1
f 3221/257/2 3222/258/2 3224/256/2
f 3222/258/2 3223/255/2 3224/256/2
f 3225/255/3 3226/256/3 3228/258/3
f 3226/256/3 3227/257/3 3228/258/3
f 3229/255/4 3230/256/4 3232/258/4
f 3230/256/4 3231/257/4 3232/258/4
f 3233/255/5 3234/256/5 3236/258/5
f 3234/256/5 3235/257/5 3236/258/5
f 3237/255/6 3238/256/6 3240/258/6
f 3238/256/6 3239/257/6 3240/258/6
g Element #136
usemtl Element
f 3241/309/1 3242/244/1 3244/382/1
f 3242/244/1 3243/241/1 3244/382/1
f 3245/239/2 3246/393/2 3248/238/2
f 3246/393/2 3247/384/2 3248/238/2
f 3249/272/3 3250/307/3 3252/243/3
f 3250/307/3 3251/310/3 3252/243/3
f 3253/308/4 3254/271/4 3256/309/4
f 3254/271/4 3255/244/4 3256/309/4
f 3257/10/5 3258/391/5 3260/333/5
f 3258/391/5 3259/334/5 3260/333/5
f 3261/392/6 3262/9/6 3264/337/6
f 3262/9/6 3263/338/6 3264/337/6
g Element #137
usemtl Element
f 3265/135/1 3266/390/1 3268/179/1
f 3266/390/1 3267/381/1 3268/179/1
f 3269/394/2 3270/71/2 3272/385/2
f 3270/71/2 3271/63/2 3272/385/2
f 3273/387/3 3274/137/3 3276/388/3
f 3274/137/3 3275/140/3 3276/388/3
f 3277/134/4 3278/389/4 3280/135/4
f 3278/389/4 3279/390/4 3280/135/4
f 3281/10/5 3282/391/5 3284/333/5
f 3282/391/5 3283/334/5 3284/333/5
f 3285/392/6 3286/9/6 3288/337/6
f 3286/9/6 3287/338/6 3288/337/6
g Element #138
usemtl Element
f 3289/177/1 3290/179/1 3292/205/1
f 3290/179/1 3291/206/1 3292/205/1
f 3293/63/2 3294/64/2 3296/62/2
f 3294/64/2 3295/61/2 3296/62/2
f 3297/137/3 3298/138/3 3300/140/3
f 3298/138/3 3299/139/3 3300/140/3
f 3301/133/4 3302/134/4 3304/136/4
f 3302/134/4 3303/135/4 3304/136/4
f 3305/391/5 3306/313/5 3308/334/5
f 3306/313/5 3307/287/5 3308/334/5
f 3309/312/6 3310/392/6 3312/284/6
f 3310/392/6 3311/337/6 3312/284/6
g Element #139
usemtl Element
f 3313/395/1 3314/136/1 3316/396/1
f 3314/136/1 3315/177/1 3316/396/1
f 3317/69/2 3318/397/2 3320/64/2
f 3318/397/2 3319/398/2 3320/64/2
f 3321/138/3 3322/399/3 3324/139/3
f 3322/399/3 3323/395/3 3324/139/3
f 3325/399/4 3326/133/4 3328/395/4
f 3326/133/4 3327/136/4 3328/395/4
f 3329/10/5 3330/391/5 3332/333/5
f 3330/391/5 3331/334/5 3332/333/5
f 3333/392/6 3334/9/6 3336/337/6
f 3334/9/6 3335/338/6 3336/337/6
g Element #140
usemtl Element
f 3337/178/1 3338/396/1 3340/210/1
f 3338/396/1 3339/400/1 3340/210/1
f 3341/398/2 3342/67/2 3344/401/2
f 3342/67/2 3343/66/2 3344/401/2
f 3345/399/3 3346/133/3 3348/395/3
f 3346/133/3 3347/136/3 3348/395/3
f 3349/138/4 3350/399/4 3352/139/4
f 3350/399/4 3351/395/4 3352/139/4
f 3353/391/5 3354/313/5 3356/334/5
f 3354/313/5 3355/287/5 3356/334/5
f 3357/312/6 3358/392/6 3360/284/6
f 3358/392/6 3359/337/6 3360/284/6
g Element #141
usemtl Element
f 3361/140/1 3362/139/1 3364/180/1
f 3362/139/1 3363/178/1 3364/180/1
f 3365/70/2 3366/72/2 3368/67/2
f 3366/72/2 3367/68/2 3368/67/2
f 3369/133/3 3370/134/3 3372/136/3
f 3370/134/3 3371/135/3 3372/136/3
f 3373/137/4 3374/138/4 3376/140/4
f 3374/138/4 3375/139/4 3376/140/4
f 3377/10/5 3378/391/5 3380/333/5
f 3378/391/5 3379/334/5 3380/333/5
f 3381/392/6 3382/9/6 3384/337/6
f 3382/9/6 3383/338/6 3384/337/6
g Element #142
usemtl Element
f 3385/402/1 3386/180/1 3388/403/1
f 3386/180/1 3387/209/1 3388/403/1
f 3389/68/2 3390/404/2 3392/65/2
f 3390/404/2 3391/405/2 3392/65/2
f 3393/134/3 3394/389/3 3396/135/3
f 3394/389/3 3395/390/3 3396/135/3
f 3397/387/4 3398/137/4 3400/388/4
f 3398/137/4 3399/140/4 3400/388/4
f 3401/391/5 3402/313/5 3404/334/5
f 3402/313/5 3403/287/5 3404/334/5
f 3405/312/6 3406/392/6 3408/284/6
f 3406/392/6 3407/337/6 3408/284/6
g Element #143
usemtl Element
f 3409/310/1 3410/388/1 3412/406/1
f 3410/388/1 3411/402/1 3412/406/1
f 3413/407/2 3414/408/2 3416/404/2
f 3414/408/2 3415/409/2 3416/404/2
f 3417/389/3 3418/308/3 3420/390/3
f 3418/308/3 3419/309/3 3420/390/3
f 3421/307/4 3422/387/4 3424/310/4
f 3422/387/4 3423/388/4 3424/310/4
f 3425/10/5 3426/391/5 3428/333/5
f 3426/391/5 3427/334/5 3428/333/5
f 3429/392/6 3430/9/6 3432/337/6
f 3430/9/6 3431/338/6 3432/337/6
g Element #144
usemtl Element
f 3433/242/1 3434/406/1 3436/281/1
f 3434/406/1 3435/297/1 3436/281/1
f 3437/409/2 3438/237/2 3440/294/2
f 3438/237/2 3439/278/2 3440/294/2
f 3441/308/3 3442/271/3 3444/309/3
f 3442/271/3 3443/244/3 3444/309/3
f 3445/272/4 3446/307/4 3448/243/4
f 3446/307/4 3447/310/4 3448/243/4
f 3449/391/5 3450/313/5 3452/334/5
f 3450/313/5 3451/287/5 3452/334/5
f 3453/312/6 3454/392/6 3456/284/6
f 3454/392/6 3455/337/6 3456/284/6
g Element #145
usemtl Element
f 3457/255/1 3458/256/1 3460/258/1
f 3458/256/1 3459/257/1 3460/258/1
f 3461/257/2 3462/258/2 3464/256/2
f 3462/258/2 3463/255/2 3464/256/2
f 3465/255/3 3466/256/3 3468/258/3
f 3466/256/3 3467/257/3 3468/258/3
f 3469/255/4 3470/256/4 3472/258/4
f 3470/256/4 3471/257/4 3472/258/4
f 3473/255/5 3474/256/5 3476/258/5
f 3474/256/5 3475/257/5 3476/258/5
f 3477/255/6 3478/256/6 3480/258/6
f 3478/256/6 3479/257/6 3480/258/6
g Element #146
usemtl Element
f 3481/255/1 3482/256/1 3484/258/1
f 3482/256/1 3483/257/1 3484/258/1
f 3485/257/2 3486/258/2 3488/256/2
f 3486/258/2 3487/255/2 3488/256/2
f 3489/255/3 3490/256/3 3492/258/3
f 3490/256/3 3491/257/3 3492/258/3
f 3493/255/4 3494/256/4 3496/258/4
f 3494/256/4 3495/257/4 3496/258/4
f 3497/255/5 3498/256/5 3500/258/5
f 3498/256/5 3499/257/5 3500/258/5
f 3501/255/6 3502/256/6 3504/258/6
f 3502/256/6 3503/257/6 3504/258/6
g Element #147
usemtl Element
f 3505/255/1 3506/256/1 3508/258/1
f 3506/256/1 3507/257/1 3508/258/1
f 3509/257/2 3510/258/2 3512/256/2
f 3510/258/2 3511/255/2 3512/256/2
f 3513/255/3 3514/256/3 3516/258/3
f 3514/256/3 3515/257/3 3516/258/3
f 3517/255/4 3518/256/4 3520/258/4
f 3518/256/4 3519/257/4 3520/258/4
f 3521/255/5 3522/256/5 3524/258/5
f 3522/256/5 3523/257/5 3524/258/5
f 3525/255/6 3526/256/6 3528/258/6
f 3526/256/6 3527/257/6 3528/258/6
g Element #148
usemtl Element
f 3529/255/1 3530/256/1 3532/258/1
f 3530/256/1 3531/257/1 3532/258/1
f 3533/257/2 3534/258/2 3536/256/2
f 3534/258/2 3535/255/2 3536/256/2
f 3537/255/3 3538/256/3 3540/258/3
f 3538/256/3 3539/257/3 3540/258/3
f 3541/255/4 3542/256/4 3544/258/4
f 3542/256/4 3543/257/4 3544/258/4
f 3545/255/5 3546/256/5 3548/258/5
f 3546/256/5 3547/257/5 3548/258/5
f 3549/255/6 3550/256/6 3552/258/6
f 3550/256/6 3551/257/6 3552/258/6
g Element #149
usemtl Element
f 3553/255/1 3554/256/1 3556/258/1
f 3554/256/1 3555/257/1 3556/258/1
f 3557/257/2 3558/258/2 3560/256/2
f 3558/258/2 3559/255/2 3560/256/2
f 3561/255/3 3562/256/3 3564/258/3
f 3562/256/3 3563/257/3 3564/258/3
f 3565/255/4 3566/256/4 3568/258/4
f 3566/256/4 3567/257/4 3568/258/4
f 3569/255/5 3570/256/5 3572/258/5
f 3570/256/5 3571/257/5 3572/258/5
f 3573/255/6 3574/256/6 3576/258/6
f 3574/256/6 3575/257/6 3576/258/6
g Element #150
usemtl Element
f 3577/385/1 3578/384/1 3580/394/1
f 3578/384/1 3579/393/1 3580/394/1
f 3581/382/2 3582/381/2 3584/309/2
f 3582/381/2 3583/390/2 3584/309/2
f 3585/307/3 3586/387/3 3588/310/3
f 3586/387/3 3587/388/3 3588/310/3
f 3589/389/4 3590/308/4 3592/390/4
f 3590/308/4 3591/309/4 3592/390/4
f 3593/392/5 3594/9/5 3596/337/5
f 3594/9/5 3595/338/5 3596/337/5
f 3597/10/6 3598/391/6 3600/333/6
f 3598/391/6 3599/334/6 3600/333/6
g Element #151
usemtl Element
f 3601/255/1 3602/256/1 3604/258/1
f 3602/256/1 3603/257/1 3604/258/1
f 3605/257/2 3606/258/2 3608/256/2
f 3606/258/2 3607/255/2 3608/256/2
f 3609/255/3 3610/256/3 3612/258/3
f 3610/256/3 3611/257/3 3612/258/3
f 3613/255/4 3614/256/4 3616/258/4
f 3614/256/4 3615/257/4 3616/258/4
f 3617/255/5 3618/256/5 3620/258/5
f 3618/256/5 3619/257/5 3620/258/5
f 3621/255/6 3622/256/6 3624/258/6
f 3622/256/6 3623/257/6 3624/258/6
g Element #152
usemtl Element
f 3625/255/1 3626/256/1 3628/258/1
f 3626/256/1 3627/257/1 3628/258/1
f 3629/257/2 3630/258/2 3632/256/2
f 3630/258/2 3631/255/2 3632/256/2
f 3633/255/3 3634/256/3 3636/258/3
f 3634/256/3 3635/257/3 3636/258/3
f 3637/255/4 3638/256/4 3640/258/4
f 3638/256/4 3639/257/4 3640/258/4
f 3641/255/5 3642/256/5 3644/258/5
f 3642/256/5 3643/257/5 3644/258/5
f 3645/255/6 3646/256/6 3648/258/6
f 3646/256/6 3647/257/6 3648/258/6
g Element #153
usemtl Element
f 3649/255/1 3650/256/1 3652/258/1
f 3650/256/1 3651/257/1 3652/258/1
f 3653/257/2 3654/258/2 3656/256/2
f 3654/258/2 3655/255/2 3656/256/2
f 3657/255/3 3658/256/3 3660/258/3
f 3658/256/3 3659/257/3 3660/258/3
f 3661/255/4 3662/256/4 3664/258/4
f 3662/256/4 3663/257/4 3664/258/4
f 3665/255/5 3666/256/5 3668/258/5
f 3666/256/5 3667/257/5 3668/258/5
f 3669/255/6 3670/256/6 3672/258/6
f 3670/256/6 3671/257/6 3672/258/6
g Element #154
usemtl Element
f 3673/255/1 3674/256/1 3676/258/1
f 3674/256/1 3675/257/1 3676/258/1
f 3677/257/2 3678/258/2 3680/256/2
f 3678/258/2 3679/255/2 3680/256/2
f 3681/255/3 3682/256/3 3684/258/3
f 3682/256/3 3683/257/3 3684/258/3
f 3685/255/4 3686/256/4 3688/258/4
f 3686/256/4 3687/257/4 3688/258/4
f 3689/255/5 3690/256/5 3692/258/5
f 3690/256/5 3691/257/5 3692/258/5
f 3693/255/6 3694/256/6 3696/258/6
f 3694/256/6 3695/257/6 3696/258/6
g Element #155
usemtl Element
f 3697/255/1 3698/256/1 3700/258/1
f 3698/256/1 3699/257/1 3700/258/1
f 3701/257/2 3702/258/2 3704/256/2
f 3702/258/2 3703/255/2 3704/256/2
f 3705/255/3 3706/256/3 3708/258/3
f 3706/256/3 3707/257/3 3708/258/3
f 3709/255/4 3710/256/4 3712/258/4
f 3710/256/4 3711/257/4 3712/258/4
f 3713/255/5 3714/256/5 3716/258/5
f 3714/256/5 3715/257/5 3716/258/5
f 3717/255/6 3718/256/6 3720/258/6
f 3718/256/6 3719/257/6 3720/258/6
g Element #156
usemtl Element
f 3721/293/1 3722/277/1 3724/384/1
f 3722/277/1 3723/238/1 3724/384/1
f 3725/282/2 3726/298/2 3728/241/2
f 3726/298/2 3727/382/2 3728/241/2
f 3729/272/3 3730/307/3 3732/243/3
f 3730/307/3 3731/310/3 3732/243/3
f 3733/308/4 3734/271/4 3736/309/4
f 3734/271/4 3735/244/4 3736/309/4
f 3737/312/5 3738/392/5 3740/284/5
f 3738/392/5 3739/337/5 3740/284/5
f 3741/391/6 3742/313/6 3744/334/6
f 3742/313/6 3743/287/6 3744/334/6
g Element #157
usemtl Element
f 3745/62/1 3746/386/1 3748/63/1
f 3746/386/1 3747/385/1 3748/63/1
f 3749/383/2 3750/206/2 3752/381/2
f 3750/206/2 3751/179/2 3752/381/2
f 3753/387/3 3754/137/3 3756/388/3
f 3754/137/3 3755/140/3 3756/388/3
f 3757/134/4 3758/389/4 3760/135/4
f 3758/389/4 3759/390/4 3760/135/4
f 3761/312/5 3762/392/5 3764/284/5
f 3762/392/5 3763/337/5 3764/284/5
f 3765/391/6 3766/313/6 3768/334/6
f 3766/313/6 3767/287/6 3768/334/6
g Element #158
usemtl Element
f 3769/64/1 3770/63/1 3772/69/1
f 3770/63/1 3771/71/1 3772/69/1
f 3773/179/2 3774/177/2 3776/135/2
f 3774/177/2 3775/136/2 3776/135/2
f 3777/137/3 3778/138/3 3780/140/3
f 3778/138/3 3779/139/3 3780/140/3
f 3781/133/4 3782/134/4 3784/136/4
f 3782/134/4 3783/135/4 3784/136/4
f 3785/392/5 3786/9/5 3788/337/5
f 3786/9/5 3787/338/5 3788/337/5
f 3789/10/6 3790/391/6 3792/333/6
f 3790/391/6 3791/334/6 3792/333/6
g Element #159
usemtl Element
f 3793/401/1 3794/61/1 3796/398/1
f 3794/61/1 3795/64/1 3796/398/1
f 3797/205/2 3798/400/2 3800/177/2
f 3798/400/2 3799/396/2 3800/177/2
f 3801/138/3 3802/399/3 3804/139/3
f 3802/399/3 3803/395/3 3804/139/3
f 3805/399/4 3806/133/4 3808/395/4
f 3806/133/4 3807/136/4 3808/395/4
f 3809/312/5 3810/392/5 3812/284/5
f 3810/392/5 3811/337/5 3812/284/5
f 3813/391/6 3814/313/6 3816/334/6
f 3814/313/6 3815/287/6 3816/334/6
g Element #160
usemtl Element
f 3817/67/1 3818/398/1 3820/70/1
f 3818/398/1 3819/397/1 3820/70/1
f 3821/396/2 3822/178/2 3824/395/2
f 3822/178/2 3823/139/2 3824/395/2
f 3825/399/3 3826/133/3 3828/395/3
f 3826/133/3 3827/136/3 3828/395/3
f 3829/138/4 3830/399/4 3832/139/4
f 3830/399/4 3831/395/4 3832/139/4
f 3833/392/5 3834/9/5 3836/337/5
f 3834/9/5 3835/338/5 3836/337/5
f 3837/10/6 3838/391/6 3840/333/6
f 3838/391/6 3839/334/6 3840/333/6
g Element #161
usemtl Element
f 3841/65/1 3842/66/1 3844/68/1
f 3842/66/1 3843/67/1 3844/68/1
f 3845/210/2 3846/209/2 3848/178/2
f 3846/209/2 3847/180/2 3848/178/2
f 3849/133/3 3850/134/3 3852/136/3
f 3850/134/3 3851/135/3 3852/136/3
f 3853/137/4 3854/138/4 3856/140/4
f 3854/138/4 3855/139/4 3856/140/4
f 3857/312/5 3858/392/5 3860/284/5
f 3858/392/5 3859/337/5 3860/284/5
f 3861/391/6 3862/313/6 3864/334/6
f 3862/313/6 3863/287/6 3864/334/6
g Element #162
usemtl Element
f 3865/404/1 3866/68/1 3868/407/1
f 3866/68/1 3867/72/1 3868/407/1
f 3869/180/2 3870/402/2 3872/140/2
f 3870/402/2 3871/388/2 3872/140/2
f 3873/134/3 3874/389/3 3876/135/3
f 3874/389/3 3875/390/3 3876/135/3
f 3877/387/4 3878/137/4 3880/388/4
f 3878/137/4 3879/140/4 3880/388/4
f 3881/392/5 3882/9/5 3884/337/5
f 3882/9/5 3883/338/5 3884/337/5
f 3885/10/6 3886/391/6 3888/333/6
f 3886/391/6 3887/334/6 3888/333/6
g Element #163
usemtl Element
f 3889/294/1 3890/405/1 3892/409/1
f 3890/405/1 3891/404/1 3892/409/1
f 3893/403/2 3894/297/2 3896/402/2
f 3894/297/2 3895/406/2 3896/402/2
f 3897/389/3 3898/308/3 3900/390/3
f 3898/308/3 3899/309/3 3900/390/3
f 3901/307/4 3902/387/4 3904/310/4
f 3902/387/4 3903/388/4 3904/310/4
f 3905/312/5 3906/392/5 3908/284/5
f 3906/392/5 3907/337/5 3908/284/5
f 3909/391/6 3910/313/6 3912/334/6
f 3910/313/6 3911/287/6 3912/334/6
g Element #164
usemtl Element
f 3913/237/1 3914/409/1 3916/240/1
f 3914/409/1 3915/408/1 3916/240/1
f 3917/406/2 3918/242/2 3920/310/2
f 3918/242/2 3919/243/2 3920/310/2
f 3921/308/3 3922/271/3 3924/309/3
f 3922/271/3 3923/244/3 3924/309/3
f 3925/272/4 3926/307/4 3928/243/4
f 3926/307/4 3927/310/4 3928/243/4
f 3929/392/5 3930/9/5 3932/337/5
f 3930/9/5 3931/338/5 3932/337/5
f 3933/10/6 3934/391/6 3936/333/6
f 3934/391/6 3935/334/6 3936/333/6
g Element #165
usemtl Element
f 3937/255/1 3938/256/1 3940/258/1
f 3938/256/1 3939/257/1 3940/258/1
f 3941/257/2 3942/258/2 3944/256/2
f 3942/258/2 3943/255/2 3944/256/2
f 3945/255/3 3946/256/3 3948/258/3
f 3946/256/3 3947/257/3 3948/258/3
f 3949/255/4 3950/256/4 3952/258/4
f 3950/256/4 3951/257/4 3952/258/4
f 3953/255/5 3954/256/5 3956/258/5
f 3954/256/5 3955/257/5 3956/258/5
f 3957/255/6 3958/256/6 3960/258/6
f 3958/256/6 3959/257/6 3960/258/6
g Element #166
usemtl Element
f 3961/255/1 3962/256/1 3964/258/1
f 3962/256/1 3963/257/1 3964/258/1
f 3965/257/2 3966/258/2 3968/256/2
f 3966/258/2 3967/255/2 3968/256/2
f 3969/255/3 3970/256/3 3972/258/3
f 3970/256/3 3971/257/3 3972/258/3
f 3973/255/4 3974/256/4 3976/258/4
f 3974/256/4 3975/257/4 3976/258/4
f 3977/255/5 3978/256/5 3980/258/5
f 3978/256/5 3979/257/5 3980/258/5
f 3981/255/6 3982/256/6 3984/258/6
f 3982/256/6 3983/257/6 3984/258/6
g Element #167
usemtl Element
f 3985/255/1 3986/256/1 3988/258/1
f 3986/256/1 3987/257/1 3988/258/1
f 3989/257/2 3990/258/2 3992/256/2
f 3990/258/2 3991/255/2 3992/256/2
f 3993/255/3 3994/256/3 3996/258/3
f 3994/256/3 3995/257/3 3996/258/3
f 3997/255/4 3998/256/4 4000/258/4
f 3998/256/4 3999/257/4 4000/258/4
f 4001/255/5 4002/256/5 4004/258/5
f 4002/256/5 4003/257/5 4004/258/5
f 4005/255/6 4006/256/6 4008/258/6
f 4006/256/6 4007/257/6 4008/258/6
g Element #168
usemtl Element
f 4009/255/1 4010/256/1 4012/258/1
f 4010/256/1 4011/257/1 4012/258/1
f 4013/257/2 4014/258/2 4016/256/2
f 4014/258/2 4015/255/2 4016/256/2
f 4017/255/3 4018/256/3 4020/258/3
f 4018/256/3 4019/257/3 4020/258/3
f 4021/255/4 4022/256/4 4024/258/4
f 4022/256/4 4023/257/4 4024/258/4
f 4025/255/5 4026/256/5 4028/258/5
f 4026/256/5 4027/257/5 4028/258/5
f 4029/255/6 4030/256/6 4032/258/6
f 4030/256/6 4031/257/6 4032/258/6
g Element #169
usemtl Element
f 4033/255/1 4034/256/1 4036/258/1
f 4034/256/1 4035/257/1 4036/258/1
f 4037/257/2 4038/258/2 4040/256/2
f 4038/258/2 4039/255/2 4040/256/2
f 4041/255/3 4042/256/3 4044/258/3
f 4042/256/3 4043/257/3 4044/258/3
f 4045/255/4 4046/256/4 4048/258/4
f 4046/256/4 4047/257/4 4048/258/4
f 4049/255/5 4050/256/5 4052/258/5
f 4050/256/5 4051/257/5 4052/258/5
f 4053/255/6 4054/256/6 4056/258/6
f 4054/256/6 4055/257/6 4056/258/6
g Element #170
usemtl Element
f 4057/255/1 4058/256/1 4060/258/1
f 4058/256/1 4059/257/1 4060/258/1
f 4061/257/2 4062/258/2 4064/256/2
f 4062/258/2 4063/255/2 4064/256/2
f 4065/255/3 4066/256/3 4068/258/3
f 4066/256/3 4067/257/3 4068/258/3
f 4069/255/4 4070/256/4 4072/258/4
f 4070/256/4 4071/257/4 4072/258/4
f 4073/255/5 4074/256/5 4076/258/5
f 4074/256/5 4075/257/5 4076/258/5
f 4077/255/6 4078/256/6 4080/258/6
f 4078/256/6 4079/257/6 4080/258/6
g Element #171
usemtl Element
f 4081/255/1 4082/256/1 4084/258/1
f 4082/256/1 4083/257/1 4084/258/1
f 4085/257/2 4086/258/2 4088/256/2
f 4086/258/2 4087/255/2 4088/256/2
f 4089/255/3 4090/256/3 4092/258/3
f 4090/256/3 4091/257/3 4092/258/3
f 4093/255/4 4094/256/4 4096/258/4
f 4094/256/4 4095/257/4 4096/258/4
f 4097/255/5 4098/256/5 4100/258/5
f 4098/256/5 4099/257/5 4100/258/5
f 4101/255/6 4102/256/6 4104/258/6
f 4102/256/6 4103/257/6 4104/258/6
g Element #172
usemtl Element
f 4105/255/1 4106/256/1 4108/258/1
f 4106/256/1 4107/257/1 4108/258/1
f 4109/257/2 4110/258/2 4112/256/2
f 4110/258/2 4111/255/2 4112/256/2
f 4113/255/3 4114/256/3 4116/258/3
f 4114/256/3 4115/257/3 4116/258/3
f 4117/255/4 4118/256/4 4120/258/4
f 4118/256/4 4119/257/4 4120/258/4
f 4121/255/5 4122/256/5 4124/258/5
f 4122/256/5 4123/257/5 4124/258/5
f 4125/255/6 4126/256/6 4128/258/6
f 4126/256/6 4127/257/6 4128/258/6
g Element #173
usemtl Element
f 4129/255/1 4130/256/1 4132/258/1
f 4130/256/1 4131/257/1 4132/258/1
f 4133/257/2 4134/258/2 4136/256/2
f 4134/258/2 4135/255/2 4136/256/2
f 4137/255/3 4138/256/3 4140/258/3
f 4138/256/3 4139/257/3 4140/258/3
f 4141/255/4 4142/256/4 4144/258/4
f 4142/256/4 4143/257/4 4144/258/4
f 4145/255/5 4146/256/5 4148/258/5
f 4146/256/5 4147/257/5 4148/258/5
f 4149/255/6 4150/256/6 4152/258/6
f 4150/256/6 4151/257/6 4152/258/6
g Element #174
usemtl Element
f 4153/255/1 4154/256/1 4156/258/1
f 4154/256/1 4155/257/1 4156/258/1
f 4157/257/2 4158/258/2 4160/256/2
f 4158/258/2 4159/255/2 4160/256/2
f 4161/255/3 4162/256/3 4164/258/3
f 4162/256/3 4163/257/3 4164/258/3
f 4165/255/4 4166/256/4 4168/258/4
f 4166/256/4 4167/257/4 4168/258/4
f 4169/255/5 4170/256/5 4172/258/5
f 4170/256/5 4171/257/5 4172/258/5
f 4173/255/6 4174/256/6 4176/258/6
f 4174/256/6 4175/257/6 4176/258/6
g Element #175
usemtl Element
f 4177/293/1 4178/277/1 4180/384/1
f 4178/277/1 4179/238/1 4180/384/1
f 4181/282/2 4182/298/2 4184/241/2
f 4182/298/2 4183/382/2 4184/241/2
f 4185/248/3 4186/299/3 4188/410/3
f 4186/299/3 4187/302/3 4188/410/3
f 4189/300/4 4190/247/4 4192/301/4
f 4190/247/4 4191/411/4 4192/301/4
f 4193/285/5 4194/251/5 4196/303/5
f 4194/251/5 4195/412/5 4196/303/5
f 4197/253/6 4198/290/6 4200/413/6
f 4198/290/6 4199/306/6 4200/413/6
g Element #176
usemtl Element
f 4201/62/1 4202/386/1 4204/63/1
f 4202/386/1 4203/385/1 4204/63/1
f 4205/383/2 4206/206/2 4208/381/2
f 4206/206/2 4207/179/2 4208/381/2
f 4209/414/3 4210/415/3 4212/417/3
f 4210/415/3 4211/416/3 4212/417/3
f 4213/418/4 4214/419/4 4216/421/4
f 4214/419/4 4215/420/4 4216/421/4
f 4217/285/5 4218/251/5 4220/303/5
f 4218/251/5 4219/412/5 4220/303/5
f 4221/253/6 4222/290/6 4224/413/6
f 4222/290/6 4223/306/6 4224/413/6
g Element #177
usemtl Element
f 4225/401/1 4226/61/1 4228/398/1
f 4226/61/1 4227/64/1 4228/398/1
f 4229/205/2 4230/400/2 4232/177/2
f 4230/400/2 4231/396/2 4232/177/2
f 4233/422/3 4234/423/3 4236/425/3
f 4234/423/3 4235/424/3 4236/425/3
f 4237/423/4 4238/426/4 4240/424/4
f 4238/426/4 4239/427/4 4240/424/4
f 4241/285/5 4242/251/5 4244/303/5
f 4242/251/5 4243/412/5 4244/303/5
f 4245/253/6 4246/290/6 4248/413/6
f 4246/290/6 4247/306/6 4248/413/6
g Element #178
usemtl Element
f 4249/65/1 4250/66/1 4252/68/1
f 4250/66/1 4251/67/1 4252/68/1
f 4253/210/2 4254/209/2 4256/178/2
f 4254/209/2 4255/180/2 4256/178/2
f 4257/426/3 4258/418/3 4260/427/3
f 4258/418/3 4259/421/3 4260/427/3
f 4261/415/4 4262/422/4 4264/416/4
f 4262/422/4 4263/425/4 4264/416/4
f 4265/285/5 4266/251/5 4268/303/5
f 4266/251/5 4267/412/5 4268/303/5
f 4269/253/6 4270/290/6 4272/413/6
f 4270/290/6 4271/306/6 4272/413/6
g Element #179
usemtl Element
f 4273/294/1 4274/405/1 4276/409/1
f 4274/405/1 4275/404/1 4276/409/1
f 4277/403/2 4278/297/2 4280/402/2
f 4278/297/2 4279/406/2 4280/402/2
f 4281/419/3 4282/300/3 4284/420/3
f 4282/300/3 4283/301/3 4284/420/3
f 4285/299/4 4286/414/4 4288/302/4
f 4286/414/4 4287/417/4 4288/302/4
f 4289/285/5 4290/251/5 4292/303/5
f 4290/251/5 4291/412/5 4292/303/5
f 4293/253/6 4294/290/6 4296/413/6
f 4294/290/6 4295/306/6 4296/413/6
g Element #180
usemtl Element
f 4297/385/1 4298/384/1 4300/394/1
f 4298/384/1 4299/393/1 4300/394/1
f 4301/382/2 4302/381/2 4304/309/2
f 4302/381/2 4303/390/2 4304/309/2
f 4305/299/3 4306/414/3 4308/302/3
f 4306/414/3 4307/417/3 4308/302/3
f 4309/419/4 4310/300/4 4312/420/4
f 4310/300/4 4311/301/4 4312/420/4
f 4313/251/5 4314/250/5 4316/412/5
f 4314/250/5 4315/428/5 4316/412/5
f 4317/254/6 4318/253/6 4320/429/6
f 4318/253/6 4319/413/6 4320/429/6
g Element #181
usemtl Element
f 4321/64/1 4322/63/1 4324/69/1
f 4322/63/1 4323/71/1 4324/69/1
f 4325/179/2 4326/177/2 4328/135/2
f 4326/177/2 4327/136/2 4328/135/2
f 4329/415/3 4330/422/3 4332/416/3
f 4330/422/3 4331/425/3 4332/416/3
f 4333/426/4 4334/418/4 4336/427/4
f 4334/418/4 4335/421/4 4336/427/4
f 4337/251/5 4338/250/5 4340/412/5
f 4338/250/5 4339/428/5 4340/412/5
f 4341/254/6 4342/253/6 4344/429/6
f 4342/253/6 4343/413/6 4344/429/6
g Element #182
usemtl Element
f 4345/67/1 4346/398/1 4348/70/1
f 4346/398/1 4347/397/1 4348/70/1
f 4349/396/2 4350/178/2 4352/395/2
f 4350/178/2 4351/139/2 4352/395/2
f 4353/423/3 4354/426/3 4356/424/3
f 4354/426/3 4355/427/3 4356/424/3
f 4357/422/4 4358/423/4 4360/425/4
f 4358/423/4 4359/424/4 4360/425/4
f 4361/251/5 4362/250/5 4364/412/5
f 4362/250/5 4363/428/5 4364/412/5
f 4365/254/6 4366/253/6 4368/429/6
f 4366/253/6 4367/413/6 4368/429/6
g Element #183
usemtl Element
f 4369/404/1 4370/68/1 4372/407/1
f 4370/68/1 4371/72/1 4372/407/1
f 4373/180/2 4374/402/2 4376/140/2
f 4374/402/2 4375/388/2 4376/140/2
f 4377/418/3 4378/419/3 4380/421/3
f 4378/419/3 4379/420/3 4380/421/3
f 4381/414/4 4382/415/4 4384/417/4
f 4382/415/4 4383/416/4 4384/417/4
f 4385/251/5 4386/250/5 4388/412/5
f 4386/250/5 4387/428/5 4388/412/5
f 4389/254/6 4390/253/6 4392/429/6
f 4390/253/6 4391/413/6 4392/429/6
g Element #184
usemtl Element
f 4393/237/1 4394/409/1 4396/240/1
f 4394/409/1 4395/408/1 4396/240/1
f 4397/406/2 4398/242/2 4400/310/2
f 4398/242/2 4399/243/2 4400/310/2
f 4401/300/3 4402/247/3 4404/301/3
f 4402/247/3 4403/411/3 4404/301/3
f 4405/248/4 4406/299/4 4408/410/4
f 4406/299/4 4407/302/4 4408/410/4
f 4409/251/5 4410/250/5 4412/412/5
f 4410/250/5 4411/428/5 4412/412/5
f 4413/254/6 4414/253/6 4416/429/6
f 4414/253/6 4415/413/6 4416/429/6
g Element #185
usemtl Element
f 4417/255/1 4418/256/1 4420/258/1
f 4418/256/1 4419/257/1 4420/258/1
f 4421/257/2 4422/258/2 4424/256/2
f 4422/258/2 4423/255/2 4424/256/2
f 4425/255/3 4426/256/3 4428/258/3
f 4426/256/3 4427/257/3 4428/258/3
f 4429/255/4 4430/256/4 4432/258/4
f 4430/256/4 4431/257/4 4432/258/4
f 4433/255/5 4434/256/5 4436/258/5
f 4434/256/5 4435/257/5 4436/258/5
f 4437/255/6 4438/256/6 4440/258/6
f 4438/256/6 4439/257/6 4440/258/6
g Element #186
usemtl Element
f 4441/255/1 4442/256/1 4444/258/1
f 4442/256/1 4443/257/1 4444/258/1
f 4445/257/2 4446/258/2 4448/256/2
f 4446/258/2 4447/255/2 4448/256/2
f 4449/255/3 4450/256/3 4452/258/3
f 4450/256/3 4451/257/3 4452/258/3
f 4453/255/4 4454/256/4 4456/258/4
f 4454/256/4 4455/257/4 4456/258/4
f 4457/255/5 4458/256/5 4460/258/5
f 4458/256/5 4459/257/5 4460/258/5
f 4461/255/6 4462/256/6 4464/258/6
f 4462/256/6 4463/257/6 4464/258/6
g Element #187
usemtl Element
f 4465/255/1 4466/256/1 4468/258/1
f 4466/256/1 4467/257/1 4468/258/1
f 4469/257/2 4470/258/2 4472/256/2
f 4470/258/2 4471/255/2 4472/256/2
f 4473/255/3 4474/256/3 4476/258/3
f 4474/256/3 4475/257/3 4476/258/3
f 4477/255/4 4478/256/4 4480/258/4
f 4478/256/4 4479/257/4 4480/258/4
f 4481/255/5 4482/256/5 4484/258/5
f 4482/256/5 4483/257/5 4484/258/5
f 4485/255/6 4486/256/6 4488/258/6
f 4486/256/6 4487/257/6 4488/258/6
g Element #188
usemtl Element
f 4489/255/1 4490/256/1 4492/258/1
f 4490/256/1 4491/257/1 4492/258/1
f 4493/257/2 4494/258/2 4496/256/2
f 4494/258/2 4495/255/2 4496/256/2
f 4497/255/3 4498/256/3 4500/258/3
f 4498/256/3 4499/257/3 4500/258/3
f 4501/255/4 4502/256/4 4504/258/4
f 4502/256/4 4503/257/4 4504/258/4
f 4505/255/5 4506/256/5 4508/258/5
f 4506/256/5 4507/257/5 4508/258/5
f 4509/255/6 4510/256/6 4512/258/6
f 4510/256/6 4511/257/6 4512/258/6
g Element #189
usemtl Element
f 4513/255/1 4514/256/1 4516/258/1
f 4514/256/1 4515/257/1 4516/258/1
f 4517/257/2 4518/258/2 4520/256/2
f 4518/258/2 4519/255/2 4520/256/2
f 4521/255/3 4522/256/3 4524/258/3
f 4522/256/3 4523/257/3 4524/258/3
f 4525/255/4 4526/256/4 4528/258/4
f 4526/256/4 4527/257/4 4528/258/4
f 4529/255/5 4530/256/5 4532/258/5
f 4530/256/5 4531/257/5 4532/258/5
f 4533/255/6 4534/256/6 4536/258/6
f 4534/256/6 4535/257/6 4536/258/6
g Element #190
usemtl Element
f 4537/255/1 4538/256/1 4540/258/1
f 4538/256/1 4539/257/1 4540/258/1
f 4541/257/2 4542/258/2 4544/256/2
f 4542/258/2 4543/255/2 4544/256/2
f 4545/255/3 4546/256/3 4548/258/3
f 4546/256/3 4547/257/3 4548/258/3
f 4549/255/4 4550/256/4 4552/258/4
f 4550/256/4 4551/257/4 4552/258/4
f 4553/255/5 4554/256/5 4556/258/5
f 4554/256/5 4555/257/5 4556/258/5
f 4557/255/6 4558/256/6 4560/258/6
f 4558/256/6 4559/257/6 4560/258/6
g Element #191
usemtl Element
f 4561/255/1 4562/256/1 4564/258/1
f 4562/256/1 4563/257/1 4564/258/1
f 4565/257/2 4566/258/2 4568/256/2
f 4566/258/2 4567/255/2 4568/256/2
f 4569/255/3 4570/256/3 4572/258/3
f 4570/256/3 4571/257/3 4572/258/3
f 4573/255/4 4574/256/4 4576/258/4
f 4574/256/4 4575/257/4 4576/258/4
f 4577/255/5 4578/256/5 4580/258/5
f 4578/256/5 4579/257/5 4580/258/5
f 4581/255/6 4582/256/6 4584/258/6
f 4582/256/6 4583/257/6 4584/258/6
g Element #192
usemtl Element
f 4585/255/1 4586/256/1 4588/258/1
f 4586/256/1 4587/257/1 4588/258/1
f 4589/257/2 4590/258/2 4592/256/2
f 4590/258/2 4591/255/2 4592/256/2
f 4593/255/3 4594/256/3 4596/258/3
f 4594/256/3 4595/257/3 4596/258/3
f 4597/255/4 4598/256/4 4600/258/4
f 4598/256/4 4599/257/4 4600/258/4
f 4601/255/5 4602/256/5 4604/258/5
f 4602/256/5 4603/257/5 4604/258/5
f 4605/255/6 4606/256/6 4608/258/6
f 4606/256/6 4607/257/6 4608/258/6
g Element #193
usemtl Element
f 4609/255/1 4610/256/1 4612/258/1
f 4610/256/1 4611/257/1 4612/258/1
f 4613/257/2 4614/258/2 4616/256/2
f 4614/258/2 4615/255/2 4616/256/2
f 4617/255/3 4618/256/3 4620/258/3
f 4618/256/3 4619/257/3 4620/258/3
f 4621/255/4 4622/256/4 4624/258/4
f 4622/256/4 4623/257/4 4624/258/4
f 4625/255/5 4626/256/5 4628/258/5
f 4626/256/5 4627/257/5 4628/258/5
f 4629/255/6 4630/256/6 4632/258/6
f 4630/256/6 4631/257/6 4632/258/6
g Element #194
usemtl Element
f 4633/255/1 4634/256/1 4636/258/1
f 4634/256/1 4635/257/1 4636/258/1
f 4637/257/2 4638/258/2 4640/256/2
f 4638/258/2 4639/255/2 4640/256/2
f 4641/255/3 4642/256/3 4644/258/3
f 4642/256/3 4643/257/3 4644/258/3
f 4645/255/4 4646/256/4 4648/258/4
f 4646/256/4 4647/257/4 4648/258/4
f 4649/255/5 4650/256/5 4652/258/5
f 4650/256/5 4651/257/5 4652/258/5
f 4653/255/6 4654/256/6 4656/258/6
f 4654/256/6 4655/257/6 4656/258/6
g Element #195
usemtl Element
f 4657/309/1 4658/244/1 4660/382/1
f 4658/244/1 4659/241/1 4660/382/1
f 4661/239/2 4662/393/2 4664/238/2
f 4662/393/2 4663/384/2 4664/238/2
f 4665/248/3 4666/299/3 4668/410/3
f 4666/299/3 4667/302/3 4668/410/3
f 4669/300/4 4670/247/4 4672/301/4
f 4670/247/4 4671/411/4 4672/301/4
f 4673/254/5 4674/253/5 4676/429/5
f 4674/253/5 4675/413/5 4676/429/5
f 4677/251/6 4678/250/6 4680/412/6
f 4678/250/6 4679/428/6 4680/412/6
g Element #196
usemtl Element
f 4681/135/1 4682/390/1 4684/179/1
f 4682/390/1 4683/381/1 4684/179/1
f 4685/394/2 4686/71/2 4688/385/2
f 4686/71/2 4687/63/2 4688/385/2
f 4689/414/3 4690/415/3 4692/417/3
f 4690/415/3 4691/416/3 4692/417/3
f 4693/418/4 4694/419/4 4696/421/4
f 4694/419/4 4695/420/4 4696/421/4
f 4697/254/5 4698/253/5 4700/429/5
f 4698/253/5 4699/413/5 4700/429/5
f 4701/251/6 4702/250/6 4704/412/6
f 4702/250/6 4703/428/6 4704/412/6
g Element #197
usemtl Element
f 4705/395/1 4706/136/1 4708/396/1
f 4706/136/1 4707/177/1 4708/396/1
f 4709/69/2 4710/397/2 4712/64/2
f 4710/397/2 4711/398/2 4712/64/2
f 4713/422/3 4714/423/3 4716/425/3
f 4714/423/3 4715/424/3 4716/425/3
f 4717/423/4 4718/426/4 4720/424/4
f 4718/426/4 4719/427/4 4720/424/4
f 4721/254/5 4722/253/5 4724/429/5
f 4722/253/5 4723/413/5 4724/429/5
f 4725/251/6 4726/250/6 4728/412/6
f 4726/250/6 4727/428/6 4728/412/6
g Element #198
usemtl Element
f 4729/140/1 4730/139/1 4732/180/1
f 4730/139/1 4731/178/1 4732/180/1
f 4733/70/2 4734/72/2 4736/67/2
f 4734/72/2 4735/68/2 4736/67/2
f 4737/426/3 4738/418/3 4740/427/3
f 4738/418/3 4739/421/3 4740/427/3
f 4741/415/4 4742/422/4 4744/416/4
f 4742/422/4 4743/425/4 4744/416/4
f 4745/254/5 4746/253/5 4748/429/5
f 4746/253/5 4747/413/5 4748/429/5
f 4749/251/6 4750/250/6 4752/412/6
f 4750/250/6 4751/428/6 4752/412/6
g Element #199
usemtl Element
f 4753/310/1 4754/388/1 4756/406/1
f 4754/388/1 4755/402/1 4756/406/1
f 4757/407/2 4758/408/2 4760/404/2
f 4758/408/2 4759/409/2 4760/404/2
f 4761/419/3 4762/300/3 4764/420/3
f 4762/300/3 4763/301/3 4764/420/3
f 4765/299/4 4766/414/4 4768/302/4
f 4766/414/4 4767/417/4 4768/302/4
f 4769/254/5 4770/253/5 4772/429/5
f 4770/253/5 4771/413/5 4772/429/5
f 4773/251/6 4774/250/6 4776/412/6
f 4774/250/6 4775/428/6 4776/412/6
g Element #200
usemtl Element
f 4777/381/1 4778/382/1 4780/383/1
f 4778/382/1 4779/298/1 4780/383/1
f 4781/384/2 4782/385/2 4784/293/2
f 4782/385/2 4783/386/2 4784/293/2
f 4785/299/3 4786/414/3 4788/302/3
f 4786/414/3 4787/417/3 4788/302/3
f 4789/419/4 4790/300/4 4792/420/4
f 4790/300/4 4791/301/4 4792/420/4
f 4793/253/5 4794/290/5 4796/413/5
f 4794/290/5 4795/306/5 4796/413/5
f 4797/285/6 4798/251/6 4800/303/6
f 4798/251/6 4799/412/6 4800/303/6
g Element #201
usemtl Element
f 4801/177/1 4802/179/1 4804/205/1
f 4802/179/1 4803/206/1 4804/205/1
f 4805/63/2 4806/64/2 4808/62/2
f 4806/64/2 4807/61/2 4808/62/2
f 4809/415/3 4810/422/3 4812/416/3
f 4810/422/3 4811/425/3 4812/416/3
f 4813/426/4 4814/418/4 4816/427/4
f 4814/418/4 4815/421/4 4816/427/4
f 4817/253/5 4818/290/5 4820/413/5
f 4818/290/5 4819/306/5 4820/413/5
f 4821/285/6 4822/251/6 4824/303/6
f 4822/251/6 4823/412/6 4824/303/6
g Element #202
usemtl Element
f 4825/178/1 4826/396/1 4828/210/1
f 4826/396/1 4827/400/1 4828/210/1
f 4829/398/2 4830/67/2 4832/401/2
f 4830/67/2 4831/66/2 4832/401/2
f 4833/423/3 4834/426/3 4836/424/3
f 4834/426/3 4835/427/3 4836/424/3
f 4837/422/4 4838/423/4 4840/425/4
f 4838/423/4 4839/424/4 4840/425/4
f 4841/253/5 4842/290/5 4844/413/5
f 4842/290/5 4843/306/5 4844/413/5
f 4845/285/6 4846/251/6 4848/303/6
f 4846/251/6 4847/412/6 4848/303/6
g Element #203
usemtl Element
f 4849/402/1 4850/180/1 4852/403/1
f 4850/180/1 4851/209/1 4852/403/1
f 4853/68/2 4854/404/2 4856/65/2
f 4854/404/2 4855/405/2 4856/65/2
f 4857/418/3 4858/419/3 4860/421/3
f 4858/419/3 4859/420/3 4860/421/3
f 4861/414/4 4862/415/4 4864/417/4
f 4862/415/4 4863/416/4 4864/417/4
f 4865/253/5 4866/290/5 4868/413/5
f 4866/290/5 4867/306/5 4868/413/5
f 4869/285/6 4870/251/6 4872/303/6
f 4870/251/6 4871/412/6 4872/303/6
g Element #204
usemtl Element
f 4873/242/1 4874/406/1 4876/281/1
f 4874/406/1 4875/297/1 4876/281/1
f 4877/409/2 4878/237/2 4880/294/2
f 4878/237/2 4879/278/2 4880/294/2
f 4881/300/3 4882/247/3 4884/301/3
f 4882/247/3 4883/411/3 4884/301/3
f 4885/248/4 4886/299/4 4888/410/4
f 4886/299/4 4887/302/4 4888/410/4
f 4889/253/5 4890/290/5 4892/413/5
f 4890/290/5 4891/306/5 4892/413/5
f 4893/285/6 4894/251/6 4896/303/6
f 4894/251/6 4895/412/6 4896/303/6
g Element #205
usemtl Element
f 4897/255/1 4898/256/1 4900/258/1
f 4898/256/1 4899/257/1 4900/258/1
f 4901/257/2 4902/258/2 4904/256/2
f 4902/258/2 4903/255/2 4904/256/2
f 4905/255/3 4906/256/3 4908/258/3
f 4906/256/3 4907/257/3 4908/258/3
f 4909/255/4 4910/256/4 4912/258/4
f 4910/256/4 4911/257/4 4912/258/4
f 4913/255/5 4914/256/5 4916/258/5
f 4914/256/5 4915/257/5 4916/258/5
f 4917/255/6 4918/256/6 4920/258/6
f 4918/256/6 4919/257/6 4920/258/6
g Element #206
usemtl Element
f 4921/255/1 4922/256/1 4924/258/1
f 4922/256/1 4923/257/1 4924/258/1
f 4925/257/2 4926/258/2 4928/256/2
f 4926/258/2 4927/255/2 4928/256/2
f 4929/255/3 4930/256/3 4932/258/3
f 4930/256/3 4931/257/3 4932/258/3
f 4933/255/4 4934/256/4 4936/258/4
f 4934/256/4 4935/257/4 4936/258/4
f 4937/255/5 4938/256/5 4940/258/5
f 4938/256/5 4939/257/5 4940/258/5
f 4941/255/6 4942/256/6 4944/258/6
f 4942/256/6 4943/257/6 4944/258/6
g Element #207
usemtl Element
f 4945/255/1 4946/256/1 4948/258/1
f 4946/256/1 4947/257/1 4948/258/1
f 4949/257/2 4950/258/2 4952/256/2
f 4950/258/2 4951/255/2 4952/256/2
f 4953/255/3 4954/256/3 4956/258/3
f 4954/256/3 4955/257/3 4956/258/3
f 4957/255/4 4958/256/4 4960/258/4
f 4958/256/4 4959/257/4 4960/258/4
f 4961/255/5 4962/256/5 4964/258/5
f 4962/256/5 4963/257/5 4964/258/5
f 4965/255/6 4966/256/6 4968/258/6
f 4966/256/6 4967/257/6 4968/258/6
g Element #208
usemtl Element
f 4969/255/1 4970/256/1 4972/258/1
f 4970/256/1 4971/257/1 4972/258/1
f 4973/257/2 4974/258/2 4976/256/2
f 4974/258/2 4975/255/2 4976/256/2
f 4977/255/3 4978/256/3 4980/258/3
f 4978/256/3 4979/257/3 4980/258/3
f 4981/255/4 4982/256/4 4984/258/4
f 4982/256/4 4983/257/4 4984/258/4
f 4985/255/5 4986/256/5 4988/258/5
f 4986/256/5 4987/257/5 4988/258/5
f 4989/255/6 4990/256/6 4992/258/6
f 4990/256/6 4991/257/6 4992/258/6
g Element #209
usemtl Element
f 4993/255/1 4994/256/1 4996/258/1
f 4994/256/1 4995/257/1 4996/258/1
f 4997/257/2 4998/258/2 5000/256/2
f 4998/258/2 4999/255/2 5000/256/2
f 5001/255/3 5002/256/3 5004/258/3
f 5002/256/3 5003/257/3 5004/258/3
f 5005/255/4 5006/256/4 5008/258/4
f 5006/256/4 5007/257/4 5008/258/4
f 5009/255/5 5010/256/5 5012/258/5
f 5010/256/5 5011/257/5 5012/258/5
f 5013/255/6 5014/256/6 5016/258/6
f 5014/256/6 5015/257/6 5016/258/6
g Element #210
usemtl Element
f 5017/430/7 5018/431/7 5020/433/7
f 5018/431/7 5019/432/7 5020/433/7
f 5021/432/8 5022/433/8 5024/431/8
f 5022/433/8 5023/430/8 5024/431/8
f 5025/434/3 5026/435/3 5028/437/3
f 5026/435/3 5027/436/3 5028/437/3
f 5029/438/4 5030/439/4 5032/441/4
f 5030/439/4 5031/440/4 5032/441/4
f 5033/442/9 5034/443/9 5036/445/9
f 5034/443/9 5035/444/9 5036/445/9
f 5037/442/10 5038/443/10 5040/445/10
f 5038/443/10 5039/444/10 5040/445/10
g Element #211
usemtl Element
f 5041/431/7 5042/446/7 5044/432/7
f 5042/446/7 5043/447/7 5044/432/7
f 5045/447/8 5046/432/8 5048/446/8
f 5046/432/8 5047/431/8 5048/446/8
f 5049/448/3 5050/449/3 5052/451/3
f 5050/449/3 5051/450/3 5052/451/3
f 5053/452/4 5054/453/4 5056/455/4
f 5054/453/4 5055/454/4 5056/455/4
f 5057/453/9 5058/448/9 5060/454/9
f 5058/448/9 5059/451/9 5060/454/9
f 5061/453/10 5062/448/10 5064/454/10
f 5062/448/10 5063/451/10 5064/454/10
g Element #212
usemtl Element
f 5065/456/7 5066/430/7 5068/457/7
f 5066/430/7 5067/433/7 5068/457/7
f 5069/433/8 5070/457/8 5072/430/8
f 5070/457/8 5071/456/8 5072/430/8
f 5073/436/3 5074/458/3 5076/460/3
f 5074/458/3 5075/459/3 5076/460/3
f 5077/461/4 5078/441/4 5080/463/4
f 5078/441/4 5079/462/4 5080/463/4
f 5081/445/9 5082/444/9 5084/454/9
f 5082/444/9 5083/451/9 5084/454/9
f 5085/445/10 5086/444/10 5088/454/10
f 5086/444/10 5087/451/10 5088/454/10
g Element #213
usemtl Element
f 5089/464/7 5090/456/7 5092/465/7
f 5090/456/7 5091/457/7 5092/465/7
f 5093/457/8 5094/465/8 5096/456/8
f 5094/465/8 5095/464/8 5096/456/8
f 5097/466/3 5098/467/3 5100/469/3
f 5098/467/3 5099/468/3 5100/469/3
f 5101/470/4 5102/471/4 5104/473/4
f 5102/471/4 5103/472/4 5104/473/4
f 5105/474/9 5106/475/9 5108/477/9
f 5106/475/9 5107/476/9 5108/477/9
f 5109/474/10 5110/475/10 5112/477/10
f 5110/475/10 5111/476/10 5112/477/10
g Element #214
usemtl Element
f 5113/446/7 5114/478/7 5116/447/7
f 5114/478/7 5115/479/7 5116/447/7
f 5117/479/8 5118/447/8 5120/478/8
f 5118/447/8 5119/446/8 5120/478/8
f 5121/480/3 5122/481/3 5124/483/3
f 5122/481/3 5123/482/3 5124/483/3
f 5125/484/4 5126/480/4 5128/485/4
f 5126/480/4 5127/483/4 5128/485/4
f 5129/484/9 5130/481/9 5132/485/9
f 5130/481/9 5131/482/9 5132/485/9
f 5133/484/10 5134/481/10 5136/485/10
f 5134/481/10 5135/482/10 5136/485/10
g Element #215
usemtl Element
f 5137/431/7 5138/446/7 5140/432/7
f 5138/446/7 5139/447/7 5140/432/7
f 5141/447/8 5142/432/8 5144/446/8
f 5142/432/8 5143/431/8 5144/446/8
f 5145/482/3 5146/486/3 5148/488/3
f 5146/486/3 5147/487/3 5148/488/3
f 5149/489/4 5150/485/4 5152/491/4
f 5150/485/4 5151/490/4 5152/491/4
f 5153/485/9 5154/482/9 5156/490/9
f 5154/482/9 5155/488/9 5156/490/9
f 5157/485/10 5158/482/10 5160/490/10
f 5158/482/10 5159/488/10 5160/490/10
g Element #216
usemtl Element
f 5161/430/7 5162/431/7 5164/433/7
f 5162/431/7 5163/432/7 5164/433/7
f 5165/432/8 5166/433/8 5168/431/8
f 5166/433/8 5167/430/8 5168/431/8
f 5169/487/3 5170/492/3 5172/494/3
f 5170/492/3 5171/493/3 5172/494/3
f 5173/495/4 5174/491/4 5176/497/4
f 5174/491/4 5175/496/4 5176/497/4
f 5177/490/9 5178/488/9 5180/499/9
f 5178/488/9 5179/498/9 5180/499/9
f 5181/490/10 5182/488/10 5184/499/10
f 5182/488/10 5183/498/10 5184/499/10
g Element #217
usemtl Element
f 5185/456/7 5186/430/7 5188/457/7
f 5186/430/7 5187/433/7 5188/457/7
f 5189/433/8 5190/457/8 5192/430/8
f 5190/457/8 5191/456/8 5192/430/8
f 5193/493/3 5194/500/3 5196/502/3
f 5194/500/3 5195/501/3 5196/502/3
f 5197/503/4 5198/497/4 5200/505/4
f 5198/497/4 5199/504/4 5200/505/4
f 5201/499/9 5202/498/9 5204/507/9
f 5202/498/9 5203/506/9 5204/507/9
f 5205/499/10 5206/498/10 5208/507/10
f 5206/498/10 5207/506/10 5208/507/10
g Element #218
usemtl Element
f 5209/508/7 5210/464/7 5212/509/7
f 5210/464/7 5211/465/7 5212/509/7
f 5213/465/8 5214/509/8 5216/464/8
f 5214/509/8 5215/508/8 5216/464/8
f 5217/468/3 5218/510/3 5220/512/3
f 5218/510/3 5219/511/3 5220/512/3
f 5221/513/4 5222/473/4 5224/515/4
f 5222/473/4 5223/514/4 5224/515/4
f 5225/477/9 5226/476/9 5228/490/9
f 5226/476/9 5227/488/9 5228/490/9
f 5229/477/10 5230/476/10 5232/490/10
f 5230/476/10 5231/488/10 5232/490/10
g Element #219
usemtl Element
f 5233/464/7 5234/456/7 5236/465/7
f 5234/456/7 5235/457/7 5236/465/7
f 5237/457/8 5238/465/8 5240/456/8
f 5238/465/8 5239/464/8 5240/456/8
f 5241/516/3 5242/512/3 5244/500/3
f 5242/512/3 5243/517/3 5244/500/3
f 5245/514/4 5246/518/4 5248/519/4
f 5246/518/4 5247/503/4 5248/519/4
f 5249/490/9 5250/488/9 5252/499/9
f 5250/488/9 5251/498/9 5252/499/9
f 5253/490/10 5254/488/10 5256/499/10
f 5254/488/10 5255/498/10 5256/499/10
