# MagicaVoxel @ Ephtracy

# group
o 

# material
mtllib modernbuilding.mtl
usemtl palette

# normals
vn -1 0 0
vn 1 0 0
vn 0 0 1
vn 0 0 -1
vn 0 -1 0
vn 0 1 0

# texcoords
vt 0.845703 0.5
vt 0.849609 0.5
vt 0.853516 0.5
vt 0.857422 0.5
vt 0.876953 0.5
vt 0.908203 0.5
vt 0.912109 0.5
vt 0.916016 0.5
vt 0.939453 0.5
vt 0.943359 0.5
vt 0.970703 0.5
vt 0.974609 0.5
vt 0.978516 0.5
vt 0.982422 0.5
vt 0.986328 0.5

# verts
v 0 3 -1.7
v 0 3 -4
v 0 3.1 -1.7
v 0 3.1 -1.8
v 0 3.1 -4
v 0 4.5 -0.8
v 0 4.5 -1.7
v 0 4.5 -1.8
v 0 4.5 -4
v 0 4.6 -0.8
v 0 4.6 -1.7
v 0 4.7 -1.7
v 0 4.7 -1.8
v 0 4.8 -1.7
v 0 4.8 -1.8
v 0 4.9 -1.7
v 0 4.9 -1.8
v 0 5 -1.7
v 0 5 -1.8
v 0 5.1 -1.7
v 0 5.1 -1.8
v 0 5.2 -1.7
v 0 5.2 -1.8
v 0 5.3 -1.7
v 0 5.3 -1.8
v 0 5.4 -1.7
v 0 5.4 -1.8
v 0 5.9 -1.6
v 0 5.9 -1.7
v 0 5.9 -1.8
v 0 6 -1.6
v 0 6 -1.8
v 0 7 -1.6
v 0 7 -1.8
v 0 7 -4
v 0 7.4 -1.6
v 0 7.4 -4
v 0.1 5.5 -1.6
v 0.1 5.5 -1.7
v 0.1 5.8 -1.6
v 0.1 5.8 -1.7
v 0.1 6 -1.7
v 0.1 6 -1.8
v 0.1 7 -1.7
v 0.1 7 -1.8
v 0.1 8.3 -1.8
v 0.1 8.3 -1.9
v 0.1 8.4 -1.8
v 0.1 8.4 -1.9
v 0.1 8.4 -3.9
v 0.1 8.4 -4
v 0.1 8.5 -3.9
v 0.1 8.5 -4
v 0.2 4.6 -0.9
v 0.2 4.6 -1
v 0.2 4.6 -1.1
v 0.2 4.6 -1.2
v 0.2 4.6 -1.3
v 0.2 4.6 -1.4
v 0.2 4.6 -1.5
v 0.2 4.6 -1.6
v 0.2 4.6 -1.7
v 0.2 4.7 -0.9
v 0.2 4.7 -1
v 0.2 4.7 -1.1
v 0.2 4.7 -1.7
v 0.2 4.9 -1
v 0.2 4.9 -1.1
v 0.2 4.9 -1.2
v 0.2 5.1 -1.1
v 0.2 5.1 -1.2
v 0.2 5.1 -1.3
v 0.2 5.2 -1.2
v 0.2 5.2 -1.3
v 0.2 5.2 -1.4
v 0.2 5.4 -1.3
v 0.2 5.4 -1.4
v 0.2 5.4 -1.5
v 0.2 5.6 -1.4
v 0.2 5.6 -1.5
v 0.2 5.6 -1.6
v 0.2 5.7 -1.5
v 0.2 5.7 -1.6
v 0.2 7.4 -1.8
v 0.2 7.4 -1.9
v 0.2 7.4 -2
v 0.2 7.4 -2.4
v 0.2 7.4 -3.9
v 0.2 7.4 -4
v 0.2 7.5 -2
v 0.2 7.5 -2.4
v 0.2 8.1 -2.6
v 0.2 8.1 -2.7
v 0.2 8.1 -2.8
v 0.2 8.1 -2.9
v 0.2 8.2 -2
v 0.2 8.2 -2.1
v 0.2 8.2 -2.3
v 0.2 8.2 -2.4
v 0.2 8.2 -2.5
v 0.2 8.2 -2.6
v 0.2 8.2 -2.7
v 0.2 8.2 -2.8
v 0.2 8.2 -2.9
v 0.2 8.2 -3
v 0.2 8.2 -3.1
v 0.2 8.2 -3.2
v 0.2 8.2 -3.3
v 0.2 8.2 -3.4
v 0.2 8.3 -1.7
v 0.2 8.3 -1.8
v 0.2 8.3 -1.9
v 0.2 8.3 -2
v 0.2 8.3 -2.1
v 0.2 8.3 -2.3
v 0.2 8.3 -2.4
v 0.2 8.3 -2.5
v 0.2 8.3 -3
v 0.2 8.3 -3.1
v 0.2 8.3 -3.2
v 0.2 8.3 -3.3
v 0.2 8.3 -3.4
v 0.2 8.3 -3.5
v 0.2 8.3 -3.6
v 0.2 8.3 -3.7
v 0.2 8.3 -3.8
v 0.2 8.3 -3.9
v 0.2 8.4 -1.7
v 0.2 8.4 -1.8
v 0.2 8.4 -1.9
v 0.2 8.4 -2.5
v 0.2 8.4 -3
v 0.2 8.4 -3.5
v 0.2 8.4 -3.6
v 0.2 8.4 -3.7
v 0.2 8.4 -3.8
v 0.2 8.4 -3.9
v 0.2 8.4 -4
v 0.2 8.5 -1.8
v 0.2 8.5 -1.9
v 0.2 8.5 -3.5
v 0.2 8.5 -3.9
v 0.2 8.5 -4
v 0.2 8.6 -3.9
v 0.2 8.6 -4
v 0.3 3 -1.3
v 0.3 3 -1.7
v 0.3 3.1 -1.7
v 0.3 3.3 -1.3
v 0.3 3.3 -1.5
v 0.3 3.3 -1.6
v 0.3 3.3 -1.7
v 0.3 3.4 -1.5
v 0.3 3.4 -1.6
v 0.3 7.5 -2.1
v 0.3 7.5 -2.3
v 0.3 7.6 -2.1
v 0.3 7.6 -2.2
v 0.3 7.6 -2.3
v 0.3 7.7 -2.2
v 0.3 7.7 -2.3
v 0.4 3.3 -1.3
v 0.4 3.3 -1.5
v 0.4 3.4 -1.3
v 0.4 3.4 -1.4
v 0.4 3.4 -1.5
v 0.4 3.4 -1.6
v 0.4 3.5 -1.4
v 0.4 3.5 -1.5
v 0.4 3.6 -1.5
v 0.4 3.6 -1.6
v 0.4 4.7 -2.3
v 0.4 4.7 -2.4
v 0.4 4.7 -3.6
v 0.4 4.7 -3.7
v 0.4 4.8 -2.3
v 0.4 4.8 -2.4
v 0.4 4.8 -3.6
v 0.4 4.8 -3.7
v 0.4 6.1 -1.9
v 0.4 6.1 -2
v 0.4 6.2 -1.9
v 0.4 6.2 -2
v 0.4 6.8 -1.9
v 0.4 6.8 -2
v 0.4 8.2 -1.8
v 0.4 8.2 -1.9
v 0.4 8.3 -1.8
v 0.4 8.3 -1.9
v 0.5 3.6 -1.5
v 0.5 3.6 -1.6
v 0.5 3.7 -1.5
v 0.5 3.7 -1.6
v 0.5 7.7 -2.7
v 0.5 7.7 -3
v 0.5 7.8 -2.7
v 0.5 7.8 -3
v 0.6 3.1 -1.8
v 0.6 3.1 -1.9
v 0.6 3.8 -1.8
v 0.6 3.8 -1.9
v 0.6 3.9 -1.8
v 0.6 3.9 -1.9
v 0.6 4.3 -1.8
v 0.6 4.3 -1.9
v 0.6 6.1 -1.8
v 0.6 6.1 -1.9
v 0.6 6.2 -1.9
v 0.6 6.5 -1.8
v 0.6 6.5 -1.9
v 0.6 6.6 -1.8
v 0.6 6.6 -1.9
v 0.6 6.7 -2.5
v 0.6 6.7 -2.7
v 0.6 6.8 -1.9
v 0.6 6.8 -2.5
v 0.6 6.8 -2.7
v 0.6 6.9 -1.8
v 0.6 6.9 -1.9
v 0.6 7.3 -2.8
v 0.6 7.3 -2.9
v 0.6 7.3 -3.3
v 0.6 7.3 -3.4
v 0.6 7.4 -2.2
v 0.6 7.4 -2.3
v 0.6 7.4 -2.8
v 0.6 7.4 -2.9
v 0.6 7.4 -3.3
v 0.6 7.4 -3.4
v 0.6 7.5 -2.1
v 0.6 7.5 -2.2
v 0.6 7.5 -2.3
v 0.6 7.5 -3.2
v 0.6 7.5 -3.5
v 0.6 7.6 -2.1
v 0.6 7.6 -2.2
v 0.6 7.6 -3.2
v 0.6 7.6 -3.5
v 0.6 7.7 -2.6
v 0.6 7.7 -2.7
v 0.6 7.7 -3
v 0.6 7.7 -3.1
v 0.6 7.8 -2.6
v 0.6 7.8 -2.7
v 0.6 7.8 -3
v 0.6 7.8 -3.1
v 0.6 8.2 -1.8
v 0.6 8.2 -1.9
v 0.6 8.3 -1.8
v 0.6 8.3 -1.9
v 0.7 6.7 -2.4
v 0.7 6.7 -2.5
v 0.7 6.7 -2.7
v 0.7 6.7 -2.8
v 0.7 6.7 -3.4
v 0.7 6.7 -3.6
v 0.7 6.8 -2.4
v 0.7 6.8 -2.5
v 0.7 6.8 -2.7
v 0.7 6.8 -2.8
v 0.7 6.8 -3.4
v 0.7 6.8 -3.6
v 0.7 7.3 -2.7
v 0.7 7.3 -2.8
v 0.7 7.3 -2.9
v 0.7 7.3 -3
v 0.7 7.3 -3.2
v 0.7 7.3 -3.3
v 0.7 7.3 -3.4
v 0.7 7.3 -3.5
v 0.7 7.4 -2.7
v 0.7 7.4 -2.8
v 0.7 7.4 -2.9
v 0.7 7.4 -3
v 0.7 7.4 -3.2
v 0.7 7.4 -3.3
v 0.7 7.4 -3.4
v 0.7 7.4 -3.5
v 0.7 7.5 -3.3
v 0.7 7.5 -3.4
v 0.7 7.7 -2.8
v 0.7 7.7 -2.9
v 0.7 8.2 -1.9
v 0.7 8.2 -2
v 0.7 8.3 -1.9
v 0.7 8.3 -2
v 0.8 6.7 -3.3
v 0.8 6.7 -3.4
v 0.8 6.7 -3.6
v 0.8 6.7 -3.7
v 0.8 6.8 -3.3
v 0.8 6.8 -3.4
v 0.8 6.8 -3.6
v 0.8 6.8 -3.7
v 0.8 7.4 -2.1
v 0.8 7.4 -2.2
v 0.8 7.5 -2.1
v 0.8 7.5 -2.2
v 0.8 7.5 -2.3
v 0.8 7.6 -2.2
v 0.8 7.6 -2.3
v 0.8 7.7 -2.1
v 0.8 7.7 -2.2
v 0.8 8.1 -1.9
v 0.8 8.1 -2
v 0.8 8.2 -1.9
v 0.8 8.2 -2
v 1 8.1 -1.9
v 1 8.1 -2
v 1 8.2 -1.9
v 1 8.2 -2
v 1.1 7.3 -2.8
v 1.1 7.3 -2.9
v 1.1 7.4 -2.2
v 1.1 7.4 -2.3
v 1.1 7.4 -2.8
v 1.1 7.4 -2.9
v 1.1 7.5 -2.1
v 1.1 7.5 -2.2
v 1.1 7.5 -2.3
v 1.1 7.5 -2.7
v 1.1 7.5 -3
v 1.1 7.6 -2.1
v 1.1 7.6 -2.3
v 1.1 7.6 -2.7
v 1.1 7.6 -3
v 1.2 3 -1.3
v 1.2 3 -1.7
v 1.2 3.1 -1.7
v 1.2 3.3 -1.3
v 1.2 3.3 -1.4
v 1.2 3.3 -1.5
v 1.2 3.3 -1.7
v 1.2 3.4 -1.4
v 1.2 3.4 -1.5
v 1.2 5.5 -1.7
v 1.2 5.5 -1.8
v 1.2 5.6 -1.7
v 1.2 5.6 -1.8
v 1.2 5.7 -1.7
v 1.2 5.7 -1.8
v 1.2 5.8 -1.7
v 1.2 5.8 -1.8
v 1.2 7.3 -2.7
v 1.2 7.3 -2.8
v 1.2 7.3 -2.9
v 1.2 7.3 -3
v 1.2 7.4 -2.7
v 1.2 7.4 -2.8
v 1.2 7.4 -2.9
v 1.2 7.4 -3
v 1.2 7.5 -2.8
v 1.2 7.5 -2.9
v 1.2 8 -1.9
v 1.2 8 -2
v 1.2 8.1 -1.9
v 1.2 8.1 -2
v 1.3 3.1 -1.8
v 1.3 3.1 -1.9
v 1.3 3.3 -1.5
v 1.3 3.3 -1.6
v 1.3 3.4 -1.4
v 1.3 3.4 -1.5
v 1.3 3.5 -1.4
v 1.3 3.5 -1.5
v 1.3 3.8 -1.5
v 1.3 3.8 -1.6
v 1.3 3.8 -1.8
v 1.3 3.8 -1.9
v 1.3 3.9 -1.8
v 1.3 3.9 -1.9
v 1.3 4.3 -1.8
v 1.3 4.3 -1.9
v 1.3 5.5 -1.6
v 1.3 5.5 -1.7
v 1.3 5.8 -1.6
v 1.3 5.8 -1.7
v 1.3 6.1 -1.8
v 1.3 6.1 -1.9
v 1.3 6.2 -1.9
v 1.3 6.5 -1.8
v 1.3 6.5 -1.9
v 1.3 6.6 -1.8
v 1.3 6.6 -1.9
v 1.3 6.8 -1.9
v 1.3 6.9 -1.8
v 1.3 6.9 -1.9
v 1.4 3.3 -1.3
v 1.4 3.3 -1.4
v 1.4 3.4 -1.3
v 1.4 3.4 -1.4
v 1.4 3.5 -1.4
v 1.4 3.5 -1.5
v 1.4 3.6 -1.4
v 1.4 3.6 -1.5
v 1.4 4.6 -0.9
v 1.4 4.6 -1
v 1.4 4.6 -1.1
v 1.4 4.6 -1.2
v 1.4 4.6 -1.3
v 1.4 4.6 -1.4
v 1.4 4.6 -1.5
v 1.4 4.6 -1.6
v 1.4 4.6 -1.7
v 1.4 4.7 -0.9
v 1.4 4.7 -1
v 1.4 4.7 -1.1
v 1.4 4.7 -1.7
v 1.4 4.7 -2.3
v 1.4 4.7 -2.4
v 1.4 4.7 -3.6
v 1.4 4.7 -3.7
v 1.4 4.8 -2.3
v 1.4 4.8 -2.4
v 1.4 4.8 -3.6
v 1.4 4.8 -3.7
v 1.4 4.9 -1
v 1.4 4.9 -1.1
v 1.4 4.9 -1.2
v 1.4 5.1 -1.1
v 1.4 5.1 -1.2
v 1.4 5.1 -1.3
v 1.4 5.2 -1.2
v 1.4 5.2 -1.3
v 1.4 5.2 -1.4
v 1.4 5.2 -1.9
v 1.4 5.2 -3.9
v 1.4 5.4 -1.3
v 1.4 5.4 -1.4
v 1.4 5.4 -1.5
v 1.4 5.6 -1.4
v 1.4 5.6 -1.5
v 1.4 5.6 -1.6
v 1.4 5.7 -1.5
v 1.4 5.7 -1.6
v 1.4 6 -1.7
v 1.4 6 -1.8
v 1.4 6.8 -1.9
v 1.4 6.8 -3.9
v 1.4 7 -1.7
v 1.4 7 -1.8
v 1.4 7.1 -1.6
v 1.4 7.1 -1.7
v 1.4 7.3 -1.6
v 1.4 7.3 -1.7
v 1.4 7.4 -2.2
v 1.4 7.4 -2.3
v 1.4 7.5 -2.2
v 1.4 7.5 -2.3
v 1.4 7.6 -2.2
v 1.4 7.6 -2.3
v 1.4 8.2 -1.9
v 1.4 8.2 -2
v 1.4 8.3 -1.9
v 1.4 8.3 -2
v 1.5 3.3 -1.6
v 1.5 3.3 -1.7
v 1.5 3.4 -1.6
v 1.5 3.4 -1.7
v 1.5 7.5 -2.1
v 1.5 7.5 -2.2
v 1.5 7.6 -2.1
v 1.5 7.6 -2.2
v 1.6 6.1 -1.9
v 1.6 6.1 -2
v 1.6 6.2 -1.9
v 1.6 6.2 -2
v 1.6 6.8 -1.9
v 1.6 6.8 -2
v 1.6 7.3 -3.5
v 1.6 7.3 -3.6
v 1.6 7.8 -3.4
v 1.6 7.8 -3.5
v 1.6 8 -3.4
v 1.6 8 -3.5
v 1.6 8.1 -2
v 1.6 8.1 -2.1
v 1.6 8.2 -2
v 1.6 8.2 -2.1
v 1.6 8.3 -2
v 1.6 8.3 -2.1
v 1.6 8.4 -3.5
v 1.6 8.4 -3.6
v 1.7 6.7 -3.6
v 1.7 6.7 -3.7
v 1.7 6.8 -3.6
v 1.7 6.8 -3.7
v 1.7 7.3 -3.4
v 1.7 7.3 -3.5
v 1.7 7.5 -2.1
v 1.7 7.5 -2.2
v 1.7 7.5 -2.3
v 1.7 7.6 -2.1
v 1.7 7.6 -2.2
v 1.7 7.6 -2.3
v 1.7 7.8 -3.4
v 1.7 7.8 -3.5
v 1.7 8 -3.4
v 1.7 8 -3.5
v 1.7 8.4 -3.4
v 1.7 8.4 -3.5
v 1.8 6.7 -2.5
v 1.8 6.7 -2.6
v 1.8 6.8 -2.5
v 1.8 6.8 -2.6
v 1.8 7.3 -3.3
v 1.8 7.3 -3.4
v 1.8 8.3 -2
v 1.8 8.3 -2.1
v 1.8 8.4 -2
v 1.8 8.4 -2.1
v 1.8 8.4 -3.3
v 1.8 8.4 -3.4
v 1.8 8.6 -1.9
v 1.8 8.6 -4
v 1.8 8.7 -1.9
v 1.8 8.7 -4
v 1.9 7.3 -3.2
v 1.9 7.3 -3.3
v 1.9 8.4 -3.2
v 1.9 8.4 -3.3
v 2 3.1 -1.8
v 2 3.1 -1.9
v 2 3.8 -1.8
v 2 3.8 -1.9
v 2 3.9 -1.8
v 2 3.9 -1.9
v 2 4.3 -1.8
v 2 4.3 -1.9
v 2 7.3 -2.4
v 2 7.3 -3.1
v 2 7.3 -3.2
v 2 7.3 -3.8
v 2 7.3 -4
v 2 7.5 -2
v 2 7.5 -2.4
v 2 7.9 -2.2
v 2 7.9 -3
v 2 8.3 -2
v 2 8.3 -2.1
v 2 8.3 -2.2
v 2 8.3 -3
v 2 8.4 -2
v 2 8.4 -2.1
v 2 8.4 -2.2
v 2 8.4 -3
v 2 8.4 -3.1
v 2 8.4 -3.2
v 2 8.4 -3.3
v 2 8.4 -3.8
v 2 8.5 -2.2
v 2 8.5 -3
v 2 8.6 -2
v 2 8.6 -4
v 2 8.7 -2.1
v 2 8.7 -4
v 2 8.8 -2.1
v 2 8.8 -4
v 2.1 3 -1.3
v 2.1 3 -1.7
v 2.1 3.1 -1.7
v 2.1 3.3 -1.3
v 2.1 3.3 -1.5
v 2.1 3.3 -1.6
v 2.1 3.3 -1.7
v 2.1 3.4 -1.5
v 2.1 3.4 -1.6
v 2.2 3.3 -1.3
v 2.2 3.3 -1.5
v 2.2 3.4 -1.3
v 2.2 3.4 -1.4
v 2.2 3.4 -1.5
v 2.2 3.4 -1.6
v 2.2 3.6 -1.5
v 2.2 3.6 -1.6
v 2.2 3.7 -1.4
v 2.2 3.7 -1.5
v 2.3 3.6 -1.5
v 2.3 3.6 -1.6
v 2.3 3.7 -1.5
v 2.3 3.8 -1.5
v 2.3 3.8 -1.6
v 2.3 5.5 -1.7
v 2.3 5.5 -1.8
v 2.3 5.6 -1.7
v 2.3 5.6 -1.8
v 2.3 5.7 -1.7
v 2.3 5.7 -1.8
v 2.3 5.8 -1.7
v 2.3 5.8 -1.8
v 2.3 6.1 -1.8
v 2.3 6.1 -1.9
v 2.3 6.2 -1.9
v 2.3 6.5 -1.8
v 2.3 6.5 -1.9
v 2.3 6.6 -1.8
v 2.3 6.6 -1.9
v 2.3 6.8 -1.9
v 2.3 6.9 -1.8
v 2.3 6.9 -1.9
v 2.3 8.8 -2.4
v 2.3 8.8 -4
v 2.3 8.9 -2.4
v 2.3 8.9 -4
v 2.4 3.3 -1.3
v 2.4 3.3 -1.4
v 2.4 3.4 -1.3
v 2.4 3.4 -1.4
v 2.4 5.5 -1.6
v 2.4 5.5 -1.7
v 2.4 5.8 -1.6
v 2.4 5.8 -1.7
v 2.4 6 -1.7
v 2.4 6 -1.8
v 2.4 7 -1.7
v 2.4 7 -1.8
v 2.4 7.1 -1.6
v 2.4 7.1 -1.7
v 2.4 7.3 -1.6
v 2.4 7.3 -1.7
v 2.4 8.4 -3
v 2.4 8.4 -3.2
v 2.4 8.5 -3
v 2.4 8.5 -3.2
v 2.5 4.6 -0.9
v 2.5 4.6 -1
v 2.5 4.6 -1.1
v 2.5 4.6 -1.2
v 2.5 4.6 -1.3
v 2.5 4.6 -1.4
v 2.5 4.6 -1.5
v 2.5 4.6 -1.6
v 2.5 4.6 -1.7
v 2.5 4.7 -0.9
v 2.5 4.7 -1
v 2.5 4.7 -1.1
v 2.5 4.7 -1.7
v 2.5 4.9 -1
v 2.5 4.9 -1.1
v 2.5 4.9 -1.2
v 2.5 5.1 -1.1
v 2.5 5.1 -1.2
v 2.5 5.1 -1.3
v 2.5 5.2 -1.2
v 2.5 5.2 -1.3
v 2.5 5.2 -1.4
v 2.5 5.4 -1.3
v 2.5 5.4 -1.4
v 2.5 5.4 -1.5
v 2.5 5.6 -1.4
v 2.5 5.6 -1.5
v 2.5 5.6 -1.6
v 2.5 5.7 -1.5
v 2.5 5.7 -1.6
v 2.5 7.7 -2
v 2.5 7.7 -2.1
v 2.5 8.3 -2
v 2.5 8.3 -2.1
v 2.5 8.4 -2.9
v 2.5 8.4 -3
v 2.5 8.4 -3.2
v 2.5 8.4 -3.3
v 2.5 8.5 -2.9
v 2.5 8.5 -3
v 2.5 8.5 -3.2
v 2.5 8.5 -3.3
v 2.6 3.1 -2
v 2.6 3.1 -3.9
v 2.6 3.4 -1.8
v 2.6 3.4 -1.9
v 2.6 3.4 -2
v 2.6 3.8 -1.8
v 2.6 3.8 -1.9
v 2.6 3.8 -2
v 2.6 3.9 -1.8
v 2.6 3.9 -1.9
v 2.6 3.9 -2
v 2.6 4.3 -1.8
v 2.6 4.3 -1.9
v 2.6 4.3 -2
v 2.6 4.5 -2
v 2.6 4.5 -3.9
v 2.6 4.8 -2
v 2.6 4.8 -3.9
v 2.6 8.9 -2.7
v 2.6 8.9 -4
v 2.6 9 -2.7
v 2.6 9 -4
v 2.7 3 -1.6
v 2.7 3 -1.7
v 2.7 3.1 -1.7
v 2.7 3.1 -1.8
v 2.7 4.5 -1.6
v 2.7 4.5 -1.7
v 2.7 4.5 -1.8
v 2.7 6.1 -1.9
v 2.7 6.1 -2
v 2.7 6.2 -1.9
v 2.7 6.2 -2
v 2.7 6.8 -1.9
v 2.7 6.8 -2
v 3 7.7 -2
v 3 7.7 -2.1
v 3 8.3 -2
v 3 8.3 -2.1
v 3.3 6.1 -1.8
v 3.3 6.1 -1.9
v 3.3 6.2 -1.9
v 3.3 6.5 -1.8
v 3.3 6.5 -1.9
v 3.3 6.6 -1.8
v 3.3 6.6 -1.9
v 3.3 6.8 -1.9
v 3.3 6.9 -1.8
v 3.3 6.9 -1.9
v 3.3 8.4 -3.1
v 3.3 8.4 -3.3
v 3.3 8.5 -3.1
v 3.3 8.5 -3.3
v 3.4 8.4 -3
v 3.4 8.4 -3.1
v 3.4 8.4 -3.3
v 3.4 8.4 -3.4
v 3.4 8.5 -3
v 3.4 8.5 -3.1
v 3.4 8.5 -3.3
v 3.4 8.5 -3.4
v 3.5 5.5 -1.7
v 3.5 5.5 -1.8
v 3.5 5.6 -1.7
v 3.5 5.6 -1.8
v 3.5 5.7 -1.7
v 3.5 5.7 -1.8
v 3.5 5.8 -1.7
v 3.5 5.8 -1.8
v 3.6 5.5 -1.6
v 3.6 5.5 -1.7
v 3.6 5.8 -1.6
v 3.6 5.8 -1.7
v 3.6 6.1 -1.8
v 3.6 6.1 -1.9
v 3.6 6.2 -1.9
v 3.6 6.5 -1.8
v 3.6 6.5 -1.9
v 3.6 6.6 -1.8
v 3.6 6.6 -1.9
v 3.6 6.8 -1.9
v 3.6 6.9 -1.8
v 3.6 6.9 -1.9
v 3.7 4.6 -0.9
v 3.7 4.6 -1
v 3.7 4.6 -1.1
v 3.7 4.6 -1.2
v 3.7 4.6 -1.3
v 3.7 4.6 -1.4
v 3.7 4.6 -1.5
v 3.7 4.6 -1.6
v 3.7 4.6 -1.7
v 3.7 4.7 -0.9
v 3.7 4.7 -1
v 3.7 4.7 -1.1
v 3.7 4.7 -1.7
v 3.7 4.9 -1
v 3.7 4.9 -1.1
v 3.7 4.9 -1.2
v 3.7 5.1 -1.1
v 3.7 5.1 -1.2
v 3.7 5.1 -1.3
v 3.7 5.2 -1.2
v 3.7 5.2 -1.3
v 3.7 5.2 -1.4
v 3.7 5.4 -1.3
v 3.7 5.4 -1.4
v 3.7 5.4 -1.5
v 3.7 5.6 -1.4
v 3.7 5.6 -1.5
v 3.7 5.6 -1.6
v 3.7 5.7 -1.5
v 3.7 5.7 -1.6
v 3.7 6 -1.7
v 3.7 6 -1.8
v 3.7 7 -1.7
v 3.7 7 -1.8
v 3.7 7.1 -1.6
v 3.7 7.1 -1.7
v 3.7 7.3 -1.6
v 3.7 7.3 -1.7
v 3.8 3 -1.6
v 3.8 3 -3.8
v 3.8 4.2 -1.6
v 3.8 4.2 -1.7
v 3.8 4.3 -1.7
v 3.8 4.3 -3.8
v 3.9 4.5 -0.9
v 3.9 4.5 -1
v 3.9 4.5 -1.1
v 3.9 4.5 -1.2
v 3.9 4.5 -1.3
v 3.9 4.5 -1.4
v 3.9 4.5 -1.5
v 3.9 4.5 -1.6
v 3.9 4.6 -0.9
v 3.9 4.6 -1
v 3.9 4.6 -1.1
v 3.9 4.6 -1.2
v 3.9 4.6 -1.3
v 3.9 4.6 -1.4
v 3.9 4.6 -1.5
v 3.9 4.6 -1.6
v 3.9 5.2 -1.9
v 3.9 5.2 -3.9
v 3.9 6.8 -1.9
v 3.9 6.8 -3.9
v 3.9 7.3 -2.3
v 3.9 7.3 -3.9
v 3.9 7.5 -2
v 3.9 7.5 -2.1
v 3.9 7.6 -2
v 3.9 7.6 -2.1
v 3.9 7.6 -2.2
v 3.9 7.6 -2.3
v 3.9 7.7 -2
v 3.9 7.7 -2.1
v 3.9 7.7 -2.2
v 3.9 7.9 -2
v 3.9 7.9 -2.1
v 3.9 7.9 -2.2
v 3.9 8 -2
v 3.9 8 -2.1
v 3.9 8 -2.2
v 3.9 8.3 -2
v 3.9 8.3 -2.1
v 3.9 8.3 -2.2
v 3.9 8.4 -2
v 3.9 8.4 -2.1
v 3.9 8.4 -2.2
v 3.9 8.5 -2
v 3.9 8.5 -2.1
v 3.9 8.5 -2.2
v 3.9 8.5 -3.9
v 0.1 3.1 -1.8
v 0.1 3.1 -1.9
v 0.1 3.1 -2
v 0.1 3.1 -3.9
v 0.1 3.8 -1.8
v 0.1 3.8 -1.9
v 0.1 3.9 -1.8
v 0.1 3.9 -1.9
v 0.1 4.3 -1.8
v 0.1 4.3 -1.9
v 0.1 4.3 -2
v 0.1 4.5 -0.9
v 0.1 4.5 -1
v 0.1 4.5 -1.1
v 0.1 4.5 -1.2
v 0.1 4.5 -1.3
v 0.1 4.5 -1.4
v 0.1 4.5 -1.5
v 0.1 4.5 -1.6
v 0.1 4.5 -2
v 0.1 4.5 -3.9
v 0.1 4.6 -0.9
v 0.1 4.6 -1
v 0.1 4.6 -1.1
v 0.1 4.6 -1.2
v 0.1 4.6 -1.3
v 0.1 4.6 -1.4
v 0.1 4.6 -1.5
v 0.1 4.6 -1.6
v 0.1 4.8 -2
v 0.1 4.8 -3.9
v 0.2 5.2 -1.9
v 0.2 5.2 -3.9
v 0.2 6.8 -1.9
v 0.2 6.8 -3.9
v 0.2 7.3 -2.4
v 0.2 7.3 -3.9
v 0.2 7.4 -2.4
v 0.2 7.4 -3.9
v 0.3 4.6 -0.9
v 0.3 4.6 -1
v 0.3 4.6 -1.1
v 0.3 4.6 -1.2
v 0.3 4.6 -1.3
v 0.3 4.6 -1.4
v 0.3 4.6 -1.5
v 0.3 4.6 -1.6
v 0.3 4.6 -1.7
v 0.3 4.7 -0.9
v 0.3 4.7 -1
v 0.3 4.7 -1.1
v 0.3 4.7 -1.7
v 0.3 4.9 -1
v 0.3 4.9 -1.1
v 0.3 4.9 -1.2
v 0.3 5.1 -1.1
v 0.3 5.1 -1.2
v 0.3 5.1 -1.3
v 0.3 5.2 -1.2
v 0.3 5.2 -1.3
v 0.3 5.2 -1.4
v 0.3 5.4 -1.3
v 0.3 5.4 -1.4
v 0.3 5.4 -1.5
v 0.3 5.6 -1.4
v 0.3 5.6 -1.5
v 0.3 5.6 -1.6
v 0.3 5.7 -1.5
v 0.3 5.7 -1.6
v 0.3 6 -1.7
v 0.3 6 -1.8
v 0.3 7 -1.7
v 0.3 7 -1.8
v 0.3 7.1 -1.6
v 0.3 7.1 -1.7
v 0.3 7.3 -1.6
v 0.3 7.3 -1.7
v 0.3 7.3 -3.9
v 0.3 7.3 -4
v 0.3 7.4 -1.8
v 0.3 7.4 -1.9
v 0.3 8.1 -2.6
v 0.3 8.1 -2.7
v 0.3 8.1 -2.8
v 0.3 8.1 -2.9
v 0.3 8.2 -2
v 0.3 8.2 -2.1
v 0.3 8.2 -2.3
v 0.3 8.2 -2.4
v 0.3 8.2 -2.5
v 0.3 8.2 -2.6
v 0.3 8.2 -2.7
v 0.3 8.2 -2.8
v 0.3 8.2 -2.9
v 0.3 8.2 -3
v 0.3 8.2 -3.1
v 0.3 8.2 -3.2
v 0.3 8.2 -3.3
v 0.3 8.2 -3.4
v 0.3 8.3 -1.7
v 0.3 8.3 -1.8
v 0.3 8.3 -1.9
v 0.3 8.3 -2
v 0.3 8.3 -2.1
v 0.3 8.3 -2.3
v 0.3 8.3 -2.4
v 0.3 8.3 -2.5
v 0.3 8.3 -3
v 0.3 8.3 -3.1
v 0.3 8.3 -3.2
v 0.3 8.3 -3.3
v 0.3 8.3 -3.4
v 0.3 8.3 -3.5
v 0.3 8.3 -3.6
v 0.3 8.3 -3.7
v 0.3 8.3 -3.8
v 0.3 8.3 -3.9
v 0.3 8.4 -1.7
v 0.3 8.4 -1.8
v 0.3 8.4 -1.9
v 0.3 8.4 -2.5
v 0.3 8.4 -3
v 0.3 8.4 -3.5
v 0.3 8.4 -3.6
v 0.3 8.4 -3.7
v 0.3 8.4 -3.8
v 0.3 8.4 -3.9
v 0.3 8.4 -4
v 0.3 8.5 -1.8
v 0.3 8.5 -1.9
v 0.3 8.5 -3.5
v 0.3 8.5 -3.9
v 0.3 8.5 -4
v 0.3 8.6 -3.9
v 0.3 8.6 -4
v 0.4 5.5 -1.6
v 0.4 5.5 -1.7
v 0.4 5.8 -1.6
v 0.4 5.8 -1.7
v 0.4 6.1 -1.8
v 0.4 6.1 -1.9
v 0.4 6.2 -1.9
v 0.4 6.5 -1.8
v 0.4 6.5 -1.9
v 0.4 6.6 -1.8
v 0.4 6.6 -1.9
v 0.4 6.8 -1.9
v 0.4 6.9 -1.8
v 0.4 6.9 -1.9
v 0.4 7.5 -2.2
v 0.4 7.5 -2.3
v 0.4 7.6 -2.2
v 0.4 7.6 -2.3
v 0.4 7.7 -2.2
v 0.4 7.7 -2.3
v 0.4 8.4 -3.9
v 0.4 8.4 -4
v 0.4 8.5 -3.9
v 0.4 8.5 -4
v 0.5 3.4 -1.4
v 0.5 3.4 -1.5
v 0.5 3.5 -1.4
v 0.5 3.5 -1.5
v 0.5 5.5 -1.7
v 0.5 5.5 -1.8
v 0.5 5.6 -1.7
v 0.5 5.6 -1.8
v 0.5 5.7 -1.7
v 0.5 5.7 -1.8
v 0.5 5.8 -1.7
v 0.5 5.8 -1.8
v 0.5 7.4 -2.2
v 0.5 7.4 -2.3
v 0.5 7.5 -2.1
v 0.5 7.5 -2.2
v 0.5 7.5 -2.3
v 0.5 7.6 -2.1
v 0.5 7.6 -2.2
v 0.5 8.2 -1.8
v 0.5 8.2 -1.9
v 0.5 8.3 -1.8
v 0.5 8.3 -1.9
v 0.6 3.3 -1.3
v 0.6 3.3 -1.5
v 0.6 3.4 -1.3
v 0.6 3.4 -1.5
v 0.6 3.4 -1.6
v 0.6 3.7 -1.5
v 0.6 3.7 -1.6
v 0.6 8.3 -1.8
v 0.6 8.3 -1.9
v 0.6 8.4 -1.8
v 0.6 8.4 -1.9
v 0.7 3 -1.3
v 0.7 3 -1.7
v 0.7 3.1 -1.7
v 0.7 3.1 -1.8
v 0.7 3.1 -1.9
v 0.7 3.3 -1.3
v 0.7 3.3 -1.5
v 0.7 3.3 -1.6
v 0.7 3.3 -1.7
v 0.7 3.4 -1.5
v 0.7 3.4 -1.6
v 0.7 3.8 -1.8
v 0.7 3.8 -1.9
v 0.7 3.9 -1.8
v 0.7 3.9 -1.9
v 0.7 4.3 -1.8
v 0.7 4.3 -1.9
v 0.7 6.1 -1.8
v 0.7 6.1 -1.9
v 0.7 6.2 -1.9
v 0.7 6.5 -1.8
v 0.7 6.5 -1.9
v 0.7 6.6 -1.8
v 0.7 6.6 -1.9
v 0.7 6.8 -1.9
v 0.7 6.9 -1.8
v 0.7 6.9 -1.9
v 0.7 7.4 -2.1
v 0.7 7.4 -2.2
v 0.7 7.5 -2.1
v 0.7 7.5 -2.2
v 0.7 7.6 -2.1
v 0.7 7.6 -2.2
v 0.7 8.2 -1.8
v 0.7 8.2 -1.9
v 0.7 8.3 -1.8
v 0.7 8.3 -1.9
v 0.8 7.3 -2.7
v 0.8 7.3 -2.8
v 0.8 7.3 -2.9
v 0.8 7.3 -3
v 0.8 7.3 -3.2
v 0.8 7.3 -3.3
v 0.8 7.3 -3.4
v 0.8 7.3 -3.5
v 0.8 7.4 -2.7
v 0.8 7.4 -2.8
v 0.8 7.4 -2.9
v 0.8 7.4 -3
v 0.8 7.4 -3.2
v 0.8 7.4 -3.3
v 0.8 7.4 -3.4
v 0.8 7.4 -3.5
v 0.8 7.5 -3.3
v 0.8 7.5 -3.4
v 0.8 7.7 -2.8
v 0.8 7.7 -2.9
v 0.9 6.7 -2.4
v 0.9 6.7 -2.5
v 0.9 6.7 -2.7
v 0.9 6.7 -2.8
v 0.9 6.8 -2.4
v 0.9 6.8 -2.5
v 0.9 6.8 -2.7
v 0.9 6.8 -2.8
v 0.9 7.3 -2.8
v 0.9 7.3 -2.9
v 0.9 7.3 -3.3
v 0.9 7.3 -3.4
v 0.9 7.4 -2.8
v 0.9 7.4 -2.9
v 0.9 7.4 -3.3
v 0.9 7.4 -3.4
v 0.9 7.5 -3.2
v 0.9 7.5 -3.5
v 0.9 7.6 -3.2
v 0.9 7.6 -3.5
v 0.9 7.7 -2.6
v 0.9 7.7 -2.7
v 0.9 7.7 -3
v 0.9 7.7 -3.1
v 0.9 7.8 -2.6
v 0.9 7.8 -2.7
v 0.9 7.8 -3
v 0.9 7.8 -3.1
v 0.9 8.1 -1.9
v 0.9 8.1 -2
v 0.9 8.2 -1.9
v 0.9 8.2 -2
v 1 6.7 -2.5
v 1 6.7 -2.7
v 1 6.7 -3.3
v 1 6.7 -3.4
v 1 6.7 -3.6
v 1 6.7 -3.7
v 1 6.8 -2.5
v 1 6.8 -2.7
v 1 6.8 -3.3
v 1 6.8 -3.4
v 1 6.8 -3.6
v 1 6.8 -3.7
v 1 7.4 -2.2
v 1 7.4 -2.3
v 1 7.5 -2.1
v 1 7.5 -2.2
v 1 7.5 -2.3
v 1 7.6 -2.1
v 1 7.6 -2.2
v 1 7.6 -2.3
v 1 7.7 -2.1
v 1 7.7 -2.2
v 1 7.7 -2.7
v 1 7.7 -3
v 1 7.8 -2.7
v 1 7.8 -3
v 1 8.2 -1.9
v 1 8.2 -2
v 1 8.3 -1.9
v 1 8.3 -2
v 1.1 6.7 -3.4
v 1.1 6.7 -3.6
v 1.1 6.8 -3.4
v 1.1 6.8 -3.6
v 1.3 4.7 -2.3
v 1.3 4.7 -2.4
v 1.3 4.7 -3.6
v 1.3 4.7 -3.7
v 1.3 4.8 -2.3
v 1.3 4.8 -2.4
v 1.3 4.8 -3.6
v 1.3 4.8 -3.7
v 1.3 6.1 -1.9
v 1.3 6.1 -2
v 1.3 6.2 -1.9
v 1.3 6.2 -2
v 1.3 6.8 -1.9
v 1.3 6.8 -2
v 1.3 7.3 -2.7
v 1.3 7.3 -2.8
v 1.3 7.3 -2.9
v 1.3 7.3 -3
v 1.3 7.4 -2.2
v 1.3 7.4 -2.3
v 1.3 7.4 -2.7
v 1.3 7.4 -2.8
v 1.3 7.4 -2.9
v 1.3 7.4 -3
v 1.3 7.5 -2.1
v 1.3 7.5 -2.2
v 1.3 7.5 -2.3
v 1.3 7.5 -2.8
v 1.3 7.5 -2.9
v 1.3 7.6 -2.1
v 1.3 7.6 -2.3
v 1.3 8 -1.9
v 1.3 8 -2
v 1.3 8.1 -1.9
v 1.3 8.1 -2
v 1.4 3.1 -1.8
v 1.4 3.1 -1.9
v 1.4 3.6 -1.5
v 1.4 3.6 -1.6
v 1.4 3.8 -1.5
v 1.4 3.8 -1.6
v 1.4 3.8 -1.8
v 1.4 3.8 -1.9
v 1.4 3.9 -1.8
v 1.4 3.9 -1.9
v 1.4 4.3 -1.8
v 1.4 4.3 -1.9
v 1.4 7.3 -2.8
v 1.4 7.3 -2.9
v 1.4 7.4 -2.8
v 1.4 7.4 -2.9
v 1.4 7.5 -2.7
v 1.4 7.5 -3
v 1.4 7.6 -2.7
v 1.4 7.6 -3
v 1.4 8.1 -1.9
v 1.4 8.1 -2
v 1.4 8.2 -1.9
v 1.4 8.2 -2
v 1.5 3.3 -1.3
v 1.5 3.3 -1.5
v 1.5 3.4 -1.3
v 1.5 3.4 -1.4
v 1.5 3.4 -1.5
v 1.5 3.4 -1.6
v 1.5 3.6 -1.4
v 1.5 3.6 -1.6
v 1.5 4.6 -0.9
v 1.5 4.6 -1
v 1.5 4.6 -1.1
v 1.5 4.6 -1.2
v 1.5 4.6 -1.3
v 1.5 4.6 -1.4
v 1.5 4.6 -1.5
v 1.5 4.6 -1.6
v 1.5 4.6 -1.7
v 1.5 4.7 -0.9
v 1.5 4.7 -1
v 1.5 4.7 -1.1
v 1.5 4.7 -1.7
v 1.5 4.9 -1
v 1.5 4.9 -1.1
v 1.5 4.9 -1.2
v 1.5 5.1 -1.1
v 1.5 5.1 -1.2
v 1.5 5.1 -1.3
v 1.5 5.2 -1.2
v 1.5 5.2 -1.3
v 1.5 5.2 -1.4
v 1.5 5.2 -1.9
v 1.5 5.2 -3.9
v 1.5 5.4 -1.3
v 1.5 5.4 -1.4
v 1.5 5.4 -1.5
v 1.5 5.6 -1.4
v 1.5 5.6 -1.5
v 1.5 5.6 -1.6
v 1.5 5.7 -1.5
v 1.5 5.7 -1.6
v 1.5 6.8 -1.9
v 1.5 6.8 -3.9
v 1.5 7.5 -2.2
v 1.5 7.5 -2.3
v 1.5 7.6 -2.2
v 1.5 7.6 -2.3
v 1.6 3 -1.3
v 1.6 3 -1.7
v 1.6 3.1 -1.7
v 1.6 3.3 -1.3
v 1.6 3.3 -1.5
v 1.6 3.3 -1.7
v 1.6 3.4 -1.5
v 1.6 3.4 -1.7
v 1.6 5.5 -1.6
v 1.6 5.5 -1.7
v 1.6 5.8 -1.6
v 1.6 5.8 -1.7
v 1.6 6 -1.7
v 1.6 6 -1.8
v 1.6 7 -1.7
v 1.6 7 -1.8
v 1.6 7.1 -1.6
v 1.6 7.1 -1.7
v 1.6 7.3 -1.6
v 1.6 7.3 -1.7
v 1.6 7.5 -2.1
v 1.6 7.5 -2.2
v 1.6 7.6 -2.1
v 1.6 7.6 -2.2
v 1.6 8.2 -1.9
v 1.6 8.2 -2
v 1.6 8.3 -1.9
v 1.6 8.3 -2
v 1.7 5.5 -1.7
v 1.7 5.5 -1.8
v 1.7 5.6 -1.7
v 1.7 5.6 -1.8
v 1.7 5.7 -1.7
v 1.7 5.7 -1.8
v 1.7 5.8 -1.7
v 1.7 5.8 -1.8
v 1.7 6.1 -1.8
v 1.7 6.1 -1.9
v 1.7 6.2 -1.9
v 1.7 6.5 -1.8
v 1.7 6.5 -1.9
v 1.7 6.6 -1.8
v 1.7 6.6 -1.9
v 1.7 6.8 -1.9
v 1.7 6.9 -1.8
v 1.7 6.9 -1.9
v 1.7 7.3 -3.5
v 1.7 7.3 -3.6
v 1.7 8.1 -2
v 1.7 8.1 -2.1
v 1.7 8.2 -2
v 1.7 8.2 -2.1
v 1.7 8.4 -3.5
v 1.7 8.4 -3.6
v 1.8 7.3 -3.4
v 1.8 7.3 -3.5
v 1.8 7.5 -2.1
v 1.8 7.5 -2.2
v 1.8 7.6 -2.1
v 1.8 7.6 -2.2
v 1.8 8.2 -2
v 1.8 8.2 -2.1
v 1.8 8.3 -2
v 1.8 8.3 -2.1
v 1.8 8.4 -3.4
v 1.8 8.4 -3.5
v 1.9 7.3 -3.3
v 1.9 7.3 -3.4
v 1.9 7.5 -2.2
v 1.9 7.5 -2.3
v 1.9 7.6 -2.2
v 1.9 7.6 -2.3
v 1.9 8.4 -3.3
v 1.9 8.4 -3.4
v 2 7.3 -3.2
v 2 7.3 -3.3
v 2 8.4 -3.2
v 2 8.4 -3.3
v 2.1 3.4 -1.8
v 2.1 3.4 -1.9
v 2.1 3.8 -1.8
v 2.1 3.8 -1.9
v 2.1 3.9 -1.8
v 2.1 3.9 -1.9
v 2.1 4.3 -1.8
v 2.1 4.3 -1.9
v 2.1 7.3 -2.3
v 2.1 7.3 -3.1
v 2.1 7.3 -3.2
v 2.1 7.3 -3.8
v 2.1 7.3 -3.9
v 2.1 7.5 -2
v 2.1 7.5 -2.1
v 2.1 7.6 -2
v 2.1 7.6 -2.1
v 2.1 7.6 -2.2
v 2.1 7.6 -2.3
v 2.1 7.7 -2
v 2.1 7.7 -2.1
v 2.1 7.7 -2.2
v 2.1 7.9 -2.2
v 2.1 7.9 -3
v 2.1 8.3 -2
v 2.1 8.3 -2.1
v 2.1 8.3 -2.2
v 2.1 8.3 -3
v 2.1 8.4 -2
v 2.1 8.4 -2.1
v 2.1 8.4 -2.2
v 2.1 8.4 -3
v 2.1 8.4 -3.1
v 2.1 8.4 -3.2
v 2.1 8.4 -3.8
v 2.1 8.5 -2
v 2.1 8.5 -2.1
v 2.1 8.5 -2.2
v 2.1 8.5 -3
v 2.1 8.5 -3.9
v 2.3 3.3 -1.3
v 2.3 3.3 -1.4
v 2.3 3.4 -1.3
v 2.3 3.4 -1.4
v 2.3 3.6 -1.4
v 2.3 3.6 -1.5
v 2.3 3.7 -1.4
v 2.3 3.7 -1.5
v 2.4 3.3 -1.5
v 2.4 3.3 -1.6
v 2.4 3.4 -1.4
v 2.4 3.4 -1.5
v 2.4 3.6 -1.4
v 2.4 3.6 -1.5
v 2.4 3.8 -1.5
v 2.4 3.8 -1.6
v 2.4 4.7 -2.3
v 2.4 4.7 -2.4
v 2.4 4.7 -3.6
v 2.4 4.7 -3.7
v 2.4 4.8 -2.3
v 2.4 4.8 -2.4
v 2.4 4.8 -3.6
v 2.4 4.8 -3.7
v 2.4 6.1 -1.9
v 2.4 6.1 -2
v 2.4 6.2 -1.9
v 2.4 6.2 -2
v 2.4 6.8 -1.9
v 2.4 6.8 -2
v 2.5 3 -1.3
v 2.5 3 -1.7
v 2.5 3.1 -1.7
v 2.5 3.3 -1.3
v 2.5 3.3 -1.5
v 2.5 3.3 -1.7
v 2.5 3.4 -1.3
v 2.5 3.4 -1.5
v 2.6 4.6 -0.9
v 2.6 4.6 -1
v 2.6 4.6 -1.1
v 2.6 4.6 -1.2
v 2.6 4.6 -1.3
v 2.6 4.6 -1.4
v 2.6 4.6 -1.5
v 2.6 4.6 -1.6
v 2.6 4.6 -1.7
v 2.6 4.7 -0.9
v 2.6 4.7 -1
v 2.6 4.7 -1.1
v 2.6 4.7 -1.7
v 2.6 4.9 -1
v 2.6 4.9 -1.1
v 2.6 4.9 -1.2
v 2.6 5.1 -1.1
v 2.6 5.1 -1.2
v 2.6 5.1 -1.3
v 2.6 5.2 -1.2
v 2.6 5.2 -1.3
v 2.6 5.2 -1.4
v 2.6 5.4 -1.3
v 2.6 5.4 -1.4
v 2.6 5.4 -1.5
v 2.6 5.6 -1.4
v 2.6 5.6 -1.5
v 2.6 5.6 -1.6
v 2.6 5.7 -1.5
v 2.6 5.7 -1.6
v 2.6 6 -1.7
v 2.6 6 -1.8
v 2.6 7 -1.7
v 2.6 7 -1.8
v 2.6 7.1 -1.6
v 2.6 7.1 -1.7
v 2.6 7.3 -1.6
v 2.6 7.3 -1.7
v 2.6 7.7 -2
v 2.6 7.7 -2.1
v 2.6 8.3 -2
v 2.6 8.3 -2.1
v 2.7 5.5 -1.6
v 2.7 5.5 -1.7
v 2.7 5.8 -1.6
v 2.7 5.8 -1.7
v 2.7 6.1 -1.8
v 2.7 6.1 -1.9
v 2.7 6.2 -1.9
v 2.7 6.5 -1.8
v 2.7 6.5 -1.9
v 2.7 6.6 -1.8
v 2.7 6.6 -1.9
v 2.7 6.8 -1.9
v 2.7 6.9 -1.8
v 2.7 6.9 -1.9
v 2.7 8.4 -2.9
v 2.7 8.4 -3
v 2.7 8.4 -3.2
v 2.7 8.4 -3.3
v 2.7 8.5 -2.9
v 2.7 8.5 -3
v 2.7 8.5 -3.2
v 2.7 8.5 -3.3
v 2.8 5.5 -1.7
v 2.8 5.5 -1.8
v 2.8 5.6 -1.7
v 2.8 5.6 -1.8
v 2.8 5.7 -1.7
v 2.8 5.7 -1.8
v 2.8 5.8 -1.7
v 2.8 5.8 -1.8
v 2.8 8.4 -3
v 2.8 8.4 -3.2
v 2.8 8.5 -3
v 2.8 8.5 -3.2
v 2.9 3 -1.6
v 2.9 3 -3.8
v 2.9 4.2 -1.6
v 2.9 4.2 -1.7
v 2.9 4.3 -1.7
v 2.9 4.3 -3.8
v 3.1 7.7 -2
v 3.1 7.7 -2.1
v 3.1 7.9 -2
v 3.1 7.9 -2.1
v 3.1 8 -2
v 3.1 8 -2.1
v 3.1 8.3 -2
v 3.1 8.3 -2.1
v 3.4 6.1 -1.8
v 3.4 6.1 -1.9
v 3.4 6.2 -1.9
v 3.4 6.5 -1.8
v 3.4 6.5 -1.9
v 3.4 6.6 -1.8
v 3.4 6.6 -1.9
v 3.4 6.8 -1.9
v 3.4 6.9 -1.8
v 3.4 6.9 -1.9
v 3.6 6.1 -1.9
v 3.6 6.1 -2
v 3.6 6.2 -1.9
v 3.6 6.2 -2
v 3.6 6.7 -2.5
v 3.6 6.7 -2.6
v 3.6 6.7 -3.6
v 3.6 6.7 -3.7
v 3.6 6.8 -1.9
v 3.6 6.8 -2
v 3.6 6.8 -2.5
v 3.6 6.8 -2.6
v 3.6 6.8 -3.6
v 3.6 6.8 -3.7
v 3.6 8.4 -3
v 3.6 8.4 -3.1
v 3.6 8.4 -3.3
v 3.6 8.4 -3.4
v 3.6 8.5 -3
v 3.6 8.5 -3.1
v 3.6 8.5 -3.3
v 3.6 8.5 -3.4
v 3.7 8.4 -3.1
v 3.7 8.4 -3.3
v 3.7 8.5 -3.1
v 3.7 8.5 -3.3
v 3.8 4.6 -0.9
v 3.8 4.6 -1
v 3.8 4.6 -1.1
v 3.8 4.6 -1.2
v 3.8 4.6 -1.3
v 3.8 4.6 -1.4
v 3.8 4.6 -1.5
v 3.8 4.6 -1.6
v 3.8 4.6 -1.7
v 3.8 4.7 -0.9
v 3.8 4.7 -1
v 3.8 4.7 -1.1
v 3.8 4.7 -1.7
v 3.8 4.9 -1
v 3.8 4.9 -1.1
v 3.8 4.9 -1.2
v 3.8 5.1 -1.1
v 3.8 5.1 -1.2
v 3.8 5.1 -1.3
v 3.8 5.2 -1.2
v 3.8 5.2 -1.3
v 3.8 5.2 -1.4
v 3.8 5.4 -1.3
v 3.8 5.4 -1.4
v 3.8 5.4 -1.5
v 3.8 5.6 -1.4
v 3.8 5.6 -1.5
v 3.8 5.6 -1.6
v 3.8 5.7 -1.5
v 3.8 5.7 -1.6
v 3.9 5.5 -1.6
v 3.9 5.5 -1.7
v 3.9 5.8 -1.6
v 3.9 5.8 -1.7
v 3.9 6 -1.7
v 3.9 6 -1.8
v 3.9 7 -1.7
v 3.9 7 -1.8
v 4 3 -1.6
v 4 3 -4
v 4 4.5 -0.8
v 4 4.5 -1.6
v 4 4.5 -1.7
v 4 4.5 -4
v 4 4.6 -0.8
v 4 4.6 -1.7
v 4 4.7 -1.7
v 4 4.7 -1.8
v 4 4.8 -1.7
v 4 4.8 -1.8
v 4 4.9 -1.7
v 4 4.9 -1.8
v 4 5 -1.7
v 4 5 -1.8
v 4 5.1 -1.7
v 4 5.1 -1.8
v 4 5.2 -1.7
v 4 5.2 -1.8
v 4 5.3 -1.7
v 4 5.3 -1.8
v 4 5.4 -1.7
v 4 5.4 -1.8
v 4 5.9 -1.6
v 4 5.9 -1.7
v 4 5.9 -1.8
v 4 6 -1.6
v 4 6 -1.8
v 4 7 -1.6
v 4 7 -1.8
v 4 7 -4
v 4 7.4 -1.6
v 4 7.4 -2
v 4 8.6 -1.9
v 4 8.6 -2
v 4 8.6 -4
v 4 8.7 -1.9
v 4 8.7 -2.1
v 4 8.8 -2.1
v 4 8.8 -2.4
v 4 8.9 -2.4
v 4 8.9 -2.7
v 4 9 -2.7
v 4 9 -4
v 0 4.5 -0.8
v 0 4.6 -0.8
v 4 4.5 -0.8
v 4 4.6 -0.8
v 0.2 4.6 -0.9
v 0.2 4.7 -0.9
v 0.3 4.6 -0.9
v 0.3 4.7 -0.9
v 1.4 4.6 -0.9
v 1.4 4.7 -0.9
v 1.5 4.6 -0.9
v 1.5 4.7 -0.9
v 2.5 4.6 -0.9
v 2.5 4.7 -0.9
v 2.6 4.6 -0.9
v 2.6 4.7 -0.9
v 3.7 4.6 -0.9
v 3.7 4.7 -0.9
v 3.8 4.6 -0.9
v 3.8 4.7 -0.9
v 0.1 4.5 -1
v 0.1 4.6 -1
v 0.2 4.6 -1
v 0.2 4.7 -1
v 0.2 4.9 -1
v 0.3 4.6 -1
v 0.3 4.7 -1
v 0.3 4.9 -1
v 1.4 4.6 -1
v 1.4 4.7 -1
v 1.4 4.9 -1
v 1.5 4.6 -1
v 1.5 4.7 -1
v 1.5 4.9 -1
v 2.5 4.6 -1
v 2.5 4.7 -1
v 2.5 4.9 -1
v 2.6 4.6 -1
v 2.6 4.7 -1
v 2.6 4.9 -1
v 3.7 4.6 -1
v 3.7 4.7 -1
v 3.7 4.9 -1
v 3.8 4.6 -1
v 3.8 4.7 -1
v 3.8 4.9 -1
v 3.9 4.5 -1
v 3.9 4.6 -1
v 0.2 4.9 -1.1
v 0.2 5.1 -1.1
v 0.3 4.9 -1.1
v 0.3 5.1 -1.1
v 1.4 4.9 -1.1
v 1.4 5.1 -1.1
v 1.5 4.9 -1.1
v 1.5 5.1 -1.1
v 2.5 4.9 -1.1
v 2.5 5.1 -1.1
v 2.6 4.9 -1.1
v 2.6 5.1 -1.1
v 3.7 4.9 -1.1
v 3.7 5.1 -1.1
v 3.8 4.9 -1.1
v 3.8 5.1 -1.1
v 0.1 4.5 -1.2
v 0.1 4.6 -1.2
v 0.2 4.6 -1.2
v 0.2 5.1 -1.2
v 0.2 5.2 -1.2
v 0.3 4.6 -1.2
v 0.3 5.1 -1.2
v 0.3 5.2 -1.2
v 1.4 4.6 -1.2
v 1.4 5.1 -1.2
v 1.4 5.2 -1.2
v 1.5 4.6 -1.2
v 1.5 5.1 -1.2
v 1.5 5.2 -1.2
v 2.5 4.6 -1.2
v 2.5 5.1 -1.2
v 2.5 5.2 -1.2
v 2.6 4.6 -1.2
v 2.6 5.1 -1.2
v 2.6 5.2 -1.2
v 3.7 4.6 -1.2
v 3.7 5.1 -1.2
v 3.7 5.2 -1.2
v 3.8 4.6 -1.2
v 3.8 5.1 -1.2
v 3.8 5.2 -1.2
v 3.9 4.5 -1.2
v 3.9 4.6 -1.2
v 0.2 5.2 -1.3
v 0.2 5.4 -1.3
v 0.3 3 -1.3
v 0.3 3.3 -1.3
v 0.3 5.2 -1.3
v 0.3 5.4 -1.3
v 0.4 3.3 -1.3
v 0.4 3.4 -1.3
v 0.6 3.3 -1.3
v 0.6 3.4 -1.3
v 0.7 3 -1.3
v 0.7 3.3 -1.3
v 1.2 3 -1.3
v 1.2 3.3 -1.3
v 1.4 3.3 -1.3
v 1.4 3.4 -1.3
v 1.4 5.2 -1.3
v 1.4 5.4 -1.3
v 1.5 3.3 -1.3
v 1.5 3.4 -1.3
v 1.5 5.2 -1.3
v 1.5 5.4 -1.3
v 1.6 3 -1.3
v 1.6 3.3 -1.3
v 2.1 3 -1.3
v 2.1 3.3 -1.3
v 2.2 3.3 -1.3
v 2.2 3.4 -1.3
v 2.3 3.3 -1.3
v 2.3 3.4 -1.3
v 2.4 3.3 -1.3
v 2.4 3.4 -1.3
v 2.5 3 -1.3
v 2.5 3.3 -1.3
v 2.5 3.4 -1.3
v 2.5 5.2 -1.3
v 2.5 5.4 -1.3
v 2.6 5.2 -1.3
v 2.6 5.4 -1.3
v 3.7 5.2 -1.3
v 3.7 5.4 -1.3
v 3.8 5.2 -1.3
v 3.8 5.4 -1.3
v 0.1 4.5 -1.4
v 0.1 4.6 -1.4
v 0.2 4.6 -1.4
v 0.2 5.4 -1.4
v 0.2 5.6 -1.4
v 0.3 4.6 -1.4
v 0.3 5.4 -1.4
v 0.3 5.6 -1.4
v 0.4 3.4 -1.4
v 0.4 3.5 -1.4
v 0.5 3.4 -1.4
v 0.5 3.5 -1.4
v 1.2 3.3 -1.4
v 1.2 3.4 -1.4
v 1.3 3.4 -1.4
v 1.3 3.5 -1.4
v 1.4 3.3 -1.4
v 1.4 3.4 -1.4
v 1.4 3.5 -1.4
v 1.4 3.6 -1.4
v 1.4 4.6 -1.4
v 1.4 5.4 -1.4
v 1.4 5.6 -1.4
v 1.5 3.4 -1.4
v 1.5 3.6 -1.4
v 1.5 4.6 -1.4
v 1.5 5.4 -1.4
v 1.5 5.6 -1.4
v 2.2 3.4 -1.4
v 2.2 3.7 -1.4
v 2.3 3.3 -1.4
v 2.3 3.4 -1.4
v 2.3 3.6 -1.4
v 2.3 3.7 -1.4
v 2.4 3.3 -1.4
v 2.4 3.4 -1.4
v 2.4 3.6 -1.4
v 2.5 4.6 -1.4
v 2.5 5.4 -1.4
v 2.5 5.6 -1.4
v 2.6 4.6 -1.4
v 2.6 5.4 -1.4
v 2.6 5.6 -1.4
v 3.7 4.6 -1.4
v 3.7 5.4 -1.4
v 3.7 5.6 -1.4
v 3.8 4.6 -1.4
v 3.8 5.4 -1.4
v 3.8 5.6 -1.4
v 3.9 4.5 -1.4
v 3.9 4.6 -1.4
v 0.2 5.6 -1.5
v 0.2 5.7 -1.5
v 0.3 3.3 -1.5
v 0.3 3.4 -1.5
v 0.3 5.6 -1.5
v 0.3 5.7 -1.5
v 0.4 3.3 -1.5
v 0.4 3.4 -1.5
v 0.4 3.5 -1.5
v 0.4 3.6 -1.5
v 0.5 3.4 -1.5
v 0.5 3.5 -1.5
v 0.5 3.6 -1.5
v 0.5 3.7 -1.5
v 0.6 3.3 -1.5
v 0.6 3.4 -1.5
v 0.6 3.7 -1.5
v 0.7 3.3 -1.5
v 0.7 3.4 -1.5
v 1.3 3.5 -1.5
v 1.3 3.8 -1.5
v 1.4 3.5 -1.5
v 1.4 3.6 -1.5
v 1.4 3.8 -1.5
v 1.4 5.6 -1.5
v 1.4 5.7 -1.5
v 1.5 3.3 -1.5
v 1.5 3.4 -1.5
v 1.5 5.6 -1.5
v 1.5 5.7 -1.5
v 1.6 3.3 -1.5
v 1.6 3.4 -1.5
v 2.1 3.3 -1.5
v 2.1 3.4 -1.5
v 2.2 3.3 -1.5
v 2.2 3.4 -1.5
v 2.3 3.6 -1.5
v 2.3 3.7 -1.5
v 2.3 3.8 -1.5
v 2.4 3.6 -1.5
v 2.4 3.8 -1.5
v 2.5 5.6 -1.5
v 2.5 5.7 -1.5
v 2.6 5.6 -1.5
v 2.6 5.7 -1.5
v 3.7 5.6 -1.5
v 3.7 5.7 -1.5
v 3.8 5.6 -1.5
v 3.8 5.7 -1.5
v 0 5.9 -1.6
v 0 6 -1.6
v 0 7 -1.6
v 0 7.4 -1.6
v 0.1 4.5 -1.6
v 0.1 4.6 -1.6
v 0.1 5.5 -1.6
v 0.1 5.8 -1.6
v 0.2 4.6 -1.6
v 0.2 5.6 -1.6
v 0.2 5.7 -1.6
v 0.3 4.6 -1.6
v 0.3 5.6 -1.6
v 0.3 5.7 -1.6
v 0.3 7.1 -1.6
v 0.3 7.3 -1.6
v 0.4 5.5 -1.6
v 0.4 5.8 -1.6
v 1.3 5.5 -1.6
v 1.3 5.8 -1.6
v 1.4 4.6 -1.6
v 1.4 5.6 -1.6
v 1.4 5.7 -1.6
v 1.4 7.1 -1.6
v 1.4 7.3 -1.6
v 1.5 4.6 -1.6
v 1.5 5.6 -1.6
v 1.5 5.7 -1.6
v 1.6 5.5 -1.6
v 1.6 5.8 -1.6
v 1.6 7.1 -1.6
v 1.6 7.3 -1.6
v 2.4 5.5 -1.6
v 2.4 5.8 -1.6
v 2.4 7.1 -1.6
v 2.4 7.3 -1.6
v 2.5 4.6 -1.6
v 2.5 5.6 -1.6
v 2.5 5.7 -1.6
v 2.6 4.6 -1.6
v 2.6 5.6 -1.6
v 2.6 5.7 -1.6
v 2.6 7.1 -1.6
v 2.6 7.3 -1.6
v 2.7 3 -1.6
v 2.7 4.5 -1.6
v 2.7 5.5 -1.6
v 2.7 5.8 -1.6
v 2.9 3 -1.6
v 2.9 4.2 -1.6
v 3.6 5.5 -1.6
v 3.6 5.8 -1.6
v 3.7 4.6 -1.6
v 3.7 5.6 -1.6
v 3.7 5.7 -1.6
v 3.7 7.1 -1.6
v 3.7 7.3 -1.6
v 3.8 3 -1.6
v 3.8 4.2 -1.6
v 3.8 4.6 -1.6
v 3.8 5.6 -1.6
v 3.8 5.7 -1.6
v 3.9 4.5 -1.6
v 3.9 4.6 -1.6
v 3.9 5.5 -1.6
v 3.9 5.8 -1.6
v 4 3 -1.6
v 4 4.5 -1.6
v 4 5.9 -1.6
v 4 6 -1.6
v 4 7 -1.6
v 4 7.4 -1.6
v 0 3 -1.7
v 0 3.1 -1.7
v 0 4.6 -1.7
v 0 4.7 -1.7
v 0 4.8 -1.7
v 0 4.9 -1.7
v 0 5 -1.7
v 0 5.1 -1.7
v 0 5.2 -1.7
v 0 5.3 -1.7
v 0 5.4 -1.7
v 0 5.9 -1.7
v 0.1 5.5 -1.7
v 0.1 5.8 -1.7
v 0.1 6 -1.7
v 0.1 7 -1.7
v 0.2 4.6 -1.7
v 0.2 4.7 -1.7
v 0.2 8.3 -1.7
v 0.2 8.4 -1.7
v 0.3 3 -1.7
v 0.3 3.1 -1.7
v 0.3 4.6 -1.7
v 0.3 4.7 -1.7
v 0.3 6 -1.7
v 0.3 7 -1.7
v 0.3 7.1 -1.7
v 0.3 7.3 -1.7
v 0.3 8.3 -1.7
v 0.3 8.4 -1.7
v 0.4 5.5 -1.7
v 0.4 5.8 -1.7
v 0.5 5.5 -1.7
v 0.5 5.6 -1.7
v 0.5 5.7 -1.7
v 0.5 5.8 -1.7
v 0.7 3 -1.7
v 0.7 3.1 -1.7
v 1.2 3 -1.7
v 1.2 3.1 -1.7
v 1.2 5.5 -1.7
v 1.2 5.6 -1.7
v 1.2 5.7 -1.7
v 1.2 5.8 -1.7
v 1.3 5.5 -1.7
v 1.3 5.8 -1.7
v 1.4 4.6 -1.7
v 1.4 4.7 -1.7
v 1.4 6 -1.7
v 1.4 7 -1.7
v 1.4 7.1 -1.7
v 1.4 7.3 -1.7
v 1.5 4.6 -1.7
v 1.5 4.7 -1.7
v 1.6 3 -1.7
v 1.6 3.1 -1.7
v 1.6 5.5 -1.7
v 1.6 5.8 -1.7
v 1.6 6 -1.7
v 1.6 7 -1.7
v 1.6 7.1 -1.7
v 1.6 7.3 -1.7
v 1.7 5.5 -1.7
v 1.7 5.6 -1.7
v 1.7 5.7 -1.7
v 1.7 5.8 -1.7
v 2.1 3 -1.7
v 2.1 3.1 -1.7
v 2.3 5.5 -1.7
v 2.3 5.6 -1.7
v 2.3 5.7 -1.7
v 2.3 5.8 -1.7
v 2.4 5.5 -1.7
v 2.4 5.8 -1.7
v 2.4 6 -1.7
v 2.4 7 -1.7
v 2.4 7.1 -1.7
v 2.4 7.3 -1.7
v 2.5 3 -1.7
v 2.5 3.1 -1.7
v 2.5 4.6 -1.7
v 2.5 4.7 -1.7
v 2.6 4.6 -1.7
v 2.6 4.7 -1.7
v 2.6 6 -1.7
v 2.6 7 -1.7
v 2.6 7.1 -1.7
v 2.6 7.3 -1.7
v 2.7 3 -1.7
v 2.7 3.1 -1.7
v 2.7 5.5 -1.7
v 2.7 5.8 -1.7
v 2.8 5.5 -1.7
v 2.8 5.6 -1.7
v 2.8 5.7 -1.7
v 2.8 5.8 -1.7
v 3.5 5.5 -1.7
v 3.5 5.6 -1.7
v 3.5 5.7 -1.7
v 3.5 5.8 -1.7
v 3.6 5.5 -1.7
v 3.6 5.8 -1.7
v 3.7 4.6 -1.7
v 3.7 4.7 -1.7
v 3.7 6 -1.7
v 3.7 7 -1.7
v 3.7 7.1 -1.7
v 3.7 7.3 -1.7
v 3.8 4.6 -1.7
v 3.8 4.7 -1.7
v 3.9 5.5 -1.7
v 3.9 5.8 -1.7
v 3.9 6 -1.7
v 3.9 7 -1.7
v 4 4.6 -1.7
v 4 4.7 -1.7
v 4 4.8 -1.7
v 4 4.9 -1.7
v 4 5 -1.7
v 4 5.1 -1.7
v 4 5.2 -1.7
v 4 5.3 -1.7
v 4 5.4 -1.7
v 4 5.9 -1.7
v 0 3.1 -1.8
v 0 4.5 -1.8
v 0 4.7 -1.8
v 0 4.8 -1.8
v 0 4.9 -1.8
v 0 5 -1.8
v 0 5.1 -1.8
v 0 5.2 -1.8
v 0 5.3 -1.8
v 0 5.4 -1.8
v 0 6 -1.8
v 0 7 -1.8
v 0.1 3.1 -1.8
v 0.1 3.8 -1.8
v 0.1 3.9 -1.8
v 0.1 4.3 -1.8
v 0.1 6 -1.8
v 0.1 7 -1.8
v 0.1 8.3 -1.8
v 0.1 8.4 -1.8
v 0.2 7.4 -1.8
v 0.2 8.3 -1.8
v 0.2 8.4 -1.8
v 0.2 8.5 -1.8
v 0.3 6 -1.8
v 0.3 7 -1.8
v 0.3 7.4 -1.8
v 0.3 8.3 -1.8
v 0.3 8.4 -1.8
v 0.3 8.5 -1.8
v 0.4 6.1 -1.8
v 0.4 6.5 -1.8
v 0.4 6.6 -1.8
v 0.4 6.9 -1.8
v 0.4 8.2 -1.8
v 0.4 8.3 -1.8
v 0.5 5.5 -1.8
v 0.5 5.6 -1.8
v 0.5 5.7 -1.8
v 0.5 5.8 -1.8
v 0.5 8.2 -1.8
v 0.5 8.3 -1.8
v 0.6 3.1 -1.8
v 0.6 3.8 -1.8
v 0.6 3.9 -1.8
v 0.6 4.3 -1.8
v 0.6 6.1 -1.8
v 0.6 6.5 -1.8
v 0.6 6.6 -1.8
v 0.6 6.9 -1.8
v 0.6 8.2 -1.8
v 0.6 8.3 -1.8
v 0.6 8.4 -1.8
v 0.7 3.1 -1.8
v 0.7 3.8 -1.8
v 0.7 3.9 -1.8
v 0.7 4.3 -1.8
v 0.7 6.1 -1.8
v 0.7 6.5 -1.8
v 0.7 6.6 -1.8
v 0.7 6.9 -1.8
v 0.7 8.2 -1.8
v 0.7 8.3 -1.8
v 1.2 5.5 -1.8
v 1.2 5.6 -1.8
v 1.2 5.7 -1.8
v 1.2 5.8 -1.8
v 1.3 3.1 -1.8
v 1.3 3.8 -1.8
v 1.3 3.9 -1.8
v 1.3 4.3 -1.8
v 1.3 6.1 -1.8
v 1.3 6.5 -1.8
v 1.3 6.6 -1.8
v 1.3 6.9 -1.8
v 1.4 3.1 -1.8
v 1.4 3.8 -1.8
v 1.4 3.9 -1.8
v 1.4 4.3 -1.8
v 1.4 6 -1.8
v 1.4 7 -1.8
v 1.6 6 -1.8
v 1.6 7 -1.8
v 1.7 5.5 -1.8
v 1.7 5.6 -1.8
v 1.7 5.7 -1.8
v 1.7 5.8 -1.8
v 1.7 6.1 -1.8
v 1.7 6.5 -1.8
v 1.7 6.6 -1.8
v 1.7 6.9 -1.8
v 2 3.1 -1.8
v 2 3.8 -1.8
v 2 3.9 -1.8
v 2 4.3 -1.8
v 2.1 3.4 -1.8
v 2.1 3.8 -1.8
v 2.1 3.9 -1.8
v 2.1 4.3 -1.8
v 2.3 5.5 -1.8
v 2.3 5.6 -1.8
v 2.3 5.7 -1.8
v 2.3 5.8 -1.8
v 2.3 6.1 -1.8
v 2.3 6.5 -1.8
v 2.3 6.6 -1.8
v 2.3 6.9 -1.8
v 2.4 6 -1.8
v 2.4 7 -1.8
v 2.6 3.4 -1.8
v 2.6 3.8 -1.8
v 2.6 3.9 -1.8
v 2.6 4.3 -1.8
v 2.6 6 -1.8
v 2.6 7 -1.8
v 2.7 3.1 -1.8
v 2.7 4.5 -1.8
v 2.7 6.1 -1.8
v 2.7 6.5 -1.8
v 2.7 6.6 -1.8
v 2.7 6.9 -1.8
v 2.8 5.5 -1.8
v 2.8 5.6 -1.8
v 2.8 5.7 -1.8
v 2.8 5.8 -1.8
v 3.3 6.1 -1.8
v 3.3 6.5 -1.8
v 3.3 6.6 -1.8
v 3.3 6.9 -1.8
v 3.4 6.1 -1.8
v 3.4 6.5 -1.8
v 3.4 6.6 -1.8
v 3.4 6.9 -1.8
v 3.5 5.5 -1.8
v 3.5 5.6 -1.8
v 3.5 5.7 -1.8
v 3.5 5.8 -1.8
v 3.6 6.1 -1.8
v 3.6 6.5 -1.8
v 3.6 6.6 -1.8
v 3.6 6.9 -1.8
v 3.7 6 -1.8
v 3.7 7 -1.8
v 3.9 6 -1.8
v 3.9 7 -1.8
v 4 4.7 -1.8
v 4 4.8 -1.8
v 4 4.9 -1.8
v 4 5 -1.8
v 4 5.1 -1.8
v 4 5.2 -1.8
v 4 5.3 -1.8
v 4 5.4 -1.8
v 4 6 -1.8
v 4 7 -1.8
v 0.1 3.1 -1.9
v 0.1 3.8 -1.9
v 0.1 3.9 -1.9
v 0.1 4.3 -1.9
v 0.4 6.1 -1.9
v 0.4 6.2 -1.9
v 0.4 6.5 -1.9
v 0.4 6.6 -1.9
v 0.4 6.8 -1.9
v 0.4 6.9 -1.9
v 0.6 3.1 -1.9
v 0.6 3.8 -1.9
v 0.6 3.9 -1.9
v 0.6 4.3 -1.9
v 0.6 6.1 -1.9
v 0.6 6.2 -1.9
v 0.6 6.5 -1.9
v 0.6 6.6 -1.9
v 0.6 6.8 -1.9
v 0.6 6.9 -1.9
v 0.7 3.1 -1.9
v 0.7 3.8 -1.9
v 0.7 3.9 -1.9
v 0.7 4.3 -1.9
v 0.7 6.1 -1.9
v 0.7 6.2 -1.9
v 0.7 6.5 -1.9
v 0.7 6.6 -1.9
v 0.7 6.8 -1.9
v 0.7 6.9 -1.9
v 0.7 8.2 -1.9
v 0.7 8.3 -1.9
v 0.8 8.1 -1.9
v 0.8 8.2 -1.9
v 0.9 8.1 -1.9
v 0.9 8.2 -1.9
v 1 8.1 -1.9
v 1 8.2 -1.9
v 1 8.3 -1.9
v 1.2 8 -1.9
v 1.2 8.1 -1.9
v 1.3 3.1 -1.9
v 1.3 3.8 -1.9
v 1.3 3.9 -1.9
v 1.3 4.3 -1.9
v 1.3 6.1 -1.9
v 1.3 6.2 -1.9
v 1.3 6.5 -1.9
v 1.3 6.6 -1.9
v 1.3 6.8 -1.9
v 1.3 6.9 -1.9
v 1.3 8 -1.9
v 1.3 8.1 -1.9
v 1.4 3.1 -1.9
v 1.4 3.8 -1.9
v 1.4 3.9 -1.9
v 1.4 4.3 -1.9
v 1.4 8.1 -1.9
v 1.4 8.2 -1.9
v 1.4 8.3 -1.9
v 1.6 8.2 -1.9
v 1.6 8.3 -1.9
v 1.7 6.1 -1.9
v 1.7 6.2 -1.9
v 1.7 6.5 -1.9
v 1.7 6.6 -1.9
v 1.7 6.8 -1.9
v 1.7 6.9 -1.9
v 1.8 8.6 -1.9
v 1.8 8.7 -1.9
v 2 3.1 -1.9
v 2 3.8 -1.9
v 2 3.9 -1.9
v 2 4.3 -1.9
v 2.1 3.4 -1.9
v 2.1 3.8 -1.9
v 2.1 3.9 -1.9
v 2.1 4.3 -1.9
v 2.3 6.1 -1.9
v 2.3 6.2 -1.9
v 2.3 6.5 -1.9
v 2.3 6.6 -1.9
v 2.3 6.8 -1.9
v 2.3 6.9 -1.9
v 2.6 3.4 -1.9
v 2.6 3.8 -1.9
v 2.6 3.9 -1.9
v 2.6 4.3 -1.9
v 2.7 6.1 -1.9
v 2.7 6.2 -1.9
v 2.7 6.5 -1.9
v 2.7 6.6 -1.9
v 2.7 6.8 -1.9
v 2.7 6.9 -1.9
v 3.3 6.1 -1.9
v 3.3 6.2 -1.9
v 3.3 6.5 -1.9
v 3.3 6.6 -1.9
v 3.3 6.8 -1.9
v 3.3 6.9 -1.9
v 3.4 6.1 -1.9
v 3.4 6.2 -1.9
v 3.4 6.5 -1.9
v 3.4 6.6 -1.9
v 3.4 6.8 -1.9
v 3.4 6.9 -1.9
v 3.6 6.1 -1.9
v 3.6 6.2 -1.9
v 3.6 6.5 -1.9
v 3.6 6.6 -1.9
v 3.6 6.8 -1.9
v 3.6 6.9 -1.9
v 4 8.6 -1.9
v 4 8.7 -1.9
v 0.2 7.4 -2
v 0.2 7.5 -2
v 0.2 8.2 -2
v 0.2 8.3 -2
v 0.3 8.2 -2
v 0.3 8.3 -2
v 1.6 8.1 -2
v 1.6 8.2 -2
v 1.6 8.3 -2
v 1.7 8.1 -2
v 1.7 8.2 -2
v 1.8 8.2 -2
v 1.8 8.3 -2
v 1.8 8.4 -2
v 2 7.4 -2
v 2 7.5 -2
v 2 8.3 -2
v 2 8.4 -2
v 2 8.6 -2
v 2.1 7.5 -2
v 2.1 7.6 -2
v 2.1 7.7 -2
v 2.1 8.3 -2
v 2.1 8.4 -2
v 2.1 8.5 -2
v 2.5 7.7 -2
v 2.5 8.3 -2
v 2.6 7.7 -2
v 2.6 8.3 -2
v 3 7.7 -2
v 3 8.3 -2
v 3.1 7.7 -2
v 3.1 7.9 -2
v 3.1 8 -2
v 3.1 8.3 -2
v 3.9 7.5 -2
v 3.9 7.6 -2
v 3.9 7.7 -2
v 3.9 7.9 -2
v 3.9 8 -2
v 3.9 8.3 -2
v 3.9 8.4 -2
v 3.9 8.5 -2
v 4 7.4 -2
v 4 8.6 -2
v 0.3 7.5 -2.1
v 0.3 7.6 -2.1
v 0.5 7.5 -2.1
v 0.5 7.6 -2.1
v 0.6 7.5 -2.1
v 0.6 7.6 -2.1
v 0.7 7.5 -2.1
v 0.7 7.6 -2.1
v 0.8 7.5 -2.1
v 0.8 7.7 -2.1
v 0.9 7.6 -2.1
v 0.9 7.7 -2.1
v 1 7.5 -2.1
v 1 7.6 -2.1
v 1 7.7 -2.1
v 1.1 7.5 -2.1
v 1.1 7.6 -2.1
v 1.3 7.5 -2.1
v 1.3 7.6 -2.1
v 1.5 7.5 -2.1
v 1.5 7.6 -2.1
v 1.6 7.5 -2.1
v 1.6 7.6 -2.1
v 1.7 7.5 -2.1
v 1.7 7.6 -2.1
v 1.8 7.5 -2.1
v 1.8 7.6 -2.1
v 2 8.7 -2.1
v 2 8.8 -2.1
v 2.1 7.5 -2.1
v 2.1 7.6 -2.1
v 2.1 7.7 -2.1
v 2.1 8.3 -2.1
v 2.1 8.4 -2.1
v 2.1 8.5 -2.1
v 2.5 7.7 -2.1
v 2.5 8.3 -2.1
v 2.6 7.7 -2.1
v 2.6 8.3 -2.1
v 3 7.7 -2.1
v 3 8.3 -2.1
v 3.1 7.7 -2.1
v 3.1 7.9 -2.1
v 3.1 8 -2.1
v 3.1 8.3 -2.1
v 3.9 7.5 -2.1
v 3.9 7.6 -2.1
v 3.9 7.7 -2.1
v 3.9 7.9 -2.1
v 3.9 8 -2.1
v 3.9 8.3 -2.1
v 3.9 8.4 -2.1
v 3.9 8.5 -2.1
v 4 8.7 -2.1
v 4 8.8 -2.1
v 0.3 7.6 -2.2
v 0.3 7.7 -2.2
v 0.4 7.6 -2.2
v 0.4 7.7 -2.2
v 0.7 7.4 -2.2
v 0.7 7.5 -2.2
v 0.8 7.4 -2.2
v 0.8 7.5 -2.2
v 1.4 7.5 -2.2
v 1.4 7.6 -2.2
v 1.5 7.5 -2.2
v 1.5 7.6 -2.2
v 1.8 7.5 -2.2
v 1.8 7.6 -2.2
v 1.9 7.5 -2.2
v 1.9 7.6 -2.2
v 0.2 8.2 -2.3
v 0.2 8.3 -2.3
v 0.3 8.2 -2.3
v 0.3 8.3 -2.3
v 0.4 4.7 -2.3
v 0.4 4.8 -2.3
v 0.5 7.4 -2.3
v 0.5 7.5 -2.3
v 0.6 7.4 -2.3
v 0.6 7.5 -2.3
v 1 7.4 -2.3
v 1 7.5 -2.3
v 1.1 7.4 -2.3
v 1.1 7.5 -2.3
v 1.3 4.7 -2.3
v 1.3 4.8 -2.3
v 1.3 7.4 -2.3
v 1.3 7.5 -2.3
v 1.4 4.7 -2.3
v 1.4 4.8 -2.3
v 1.4 7.4 -2.3
v 1.4 7.5 -2.3
v 2.4 4.7 -2.3
v 2.4 4.8 -2.3
v 0.7 6.7 -2.4
v 0.7 6.8 -2.4
v 0.9 6.7 -2.4
v 0.9 6.8 -2.4
v 2.3 8.8 -2.4
v 2.3 8.9 -2.4
v 4 8.8 -2.4
v 4 8.9 -2.4
v 0.2 8.2 -2.5
v 0.2 8.3 -2.5
v 0.3 8.2 -2.5
v 0.3 8.3 -2.5
v 0.6 6.7 -2.5
v 0.6 6.8 -2.5
v 0.7 6.7 -2.5
v 0.7 6.8 -2.5
v 0.9 6.7 -2.5
v 0.9 6.8 -2.5
v 1 6.7 -2.5
v 1 6.8 -2.5
v 1.8 6.7 -2.5
v 1.8 6.8 -2.5
v 3.6 6.7 -2.5
v 3.6 6.8 -2.5
v 0.2 8.1 -2.6
v 0.2 8.2 -2.6
v 0.3 8.1 -2.6
v 0.3 8.2 -2.6
v 0.6 7.7 -2.6
v 0.6 7.8 -2.6
v 0.9 7.7 -2.6
v 0.9 7.8 -2.6
v 0.5 7.7 -2.7
v 0.5 7.8 -2.7
v 0.6 7.7 -2.7
v 0.6 7.8 -2.7
v 0.7 7.3 -2.7
v 0.7 7.4 -2.7
v 0.8 7.3 -2.7
v 0.8 7.4 -2.7
v 0.9 7.7 -2.7
v 0.9 7.8 -2.7
v 1 7.7 -2.7
v 1 7.8 -2.7
v 1.1 7.5 -2.7
v 1.1 7.6 -2.7
v 1.2 7.3 -2.7
v 1.2 7.4 -2.7
v 1.3 7.3 -2.7
v 1.3 7.4 -2.7
v 1.4 7.5 -2.7
v 1.4 7.6 -2.7
v 2.6 8.9 -2.7
v 2.6 9 -2.7
v 4 8.9 -2.7
v 4 9 -2.7
v 0.2 8.1 -2.8
v 0.2 8.2 -2.8
v 0.3 8.1 -2.8
v 0.3 8.2 -2.8
v 0.6 7.3 -2.8
v 0.6 7.4 -2.8
v 0.7 7.3 -2.8
v 0.7 7.4 -2.8
v 0.7 7.7 -2.8
v 0.8 7.3 -2.8
v 0.8 7.4 -2.8
v 0.8 7.7 -2.8
v 0.9 7.3 -2.8
v 0.9 7.4 -2.8
v 1.1 7.3 -2.8
v 1.1 7.4 -2.8
v 1.2 7.3 -2.8
v 1.2 7.4 -2.8
v 1.2 7.5 -2.8
v 1.3 7.3 -2.8
v 1.3 7.4 -2.8
v 1.3 7.5 -2.8
v 1.4 7.3 -2.8
v 1.4 7.4 -2.8
v 2.5 8.4 -2.9
v 2.5 8.5 -2.9
v 2.7 8.4 -2.9
v 2.7 8.5 -2.9
v 0.2 8.3 -3
v 0.2 8.4 -3
v 0.3 8.3 -3
v 0.3 8.4 -3
v 2.4 8.4 -3
v 2.4 8.5 -3
v 2.5 8.4 -3
v 2.5 8.5 -3
v 2.7 8.4 -3
v 2.7 8.5 -3
v 2.8 8.4 -3
v 2.8 8.5 -3
v 3.4 8.4 -3
v 3.4 8.5 -3
v 3.6 8.4 -3
v 3.6 8.5 -3
v 0.2 8.2 -3.1
v 0.2 8.3 -3.1
v 0.3 8.2 -3.1
v 0.3 8.3 -3.1
v 3.3 8.4 -3.1
v 3.3 8.5 -3.1
v 3.4 8.4 -3.1
v 3.4 8.5 -3.1
v 3.6 8.4 -3.1
v 3.6 8.5 -3.1
v 3.7 8.4 -3.1
v 3.7 8.5 -3.1
v 0.6 7.5 -3.2
v 0.6 7.6 -3.2
v 0.7 7.3 -3.2
v 0.7 7.4 -3.2
v 0.8 7.3 -3.2
v 0.8 7.4 -3.2
v 0.9 7.5 -3.2
v 0.9 7.6 -3.2
v 1.9 7.3 -3.2
v 1.9 8.4 -3.2
v 2 7.3 -3.2
v 2 8.4 -3.2
v 0.2 8.2 -3.3
v 0.2 8.3 -3.3
v 0.3 8.2 -3.3
v 0.3 8.3 -3.3
v 0.6 7.3 -3.3
v 0.6 7.4 -3.3
v 0.7 7.3 -3.3
v 0.7 7.4 -3.3
v 0.7 7.5 -3.3
v 0.8 6.7 -3.3
v 0.8 6.8 -3.3
v 0.8 7.3 -3.3
v 0.8 7.4 -3.3
v 0.8 7.5 -3.3
v 0.9 7.3 -3.3
v 0.9 7.4 -3.3
v 1 6.7 -3.3
v 1 6.8 -3.3
v 1.8 7.3 -3.3
v 1.8 8.4 -3.3
v 1.9 7.3 -3.3
v 1.9 8.4 -3.3
v 0.7 6.7 -3.4
v 0.7 6.8 -3.4
v 0.8 6.7 -3.4
v 0.8 6.8 -3.4
v 1 6.7 -3.4
v 1 6.8 -3.4
v 1.1 6.7 -3.4
v 1.1 6.8 -3.4
v 1.6 7.8 -3.4
v 1.6 8 -3.4
v 1.7 7.3 -3.4
v 1.7 7.8 -3.4
v 1.7 8 -3.4
v 1.7 8.4 -3.4
v 1.8 7.3 -3.4
v 1.8 8.4 -3.4
v 0.2 8.4 -3.5
v 0.2 8.5 -3.5
v 0.3 8.4 -3.5
v 0.3 8.5 -3.5
v 1.6 7.3 -3.5
v 1.6 7.8 -3.5
v 1.6 8 -3.5
v 1.6 8.4 -3.5
v 1.7 7.3 -3.5
v 1.7 7.8 -3.5
v 1.7 8 -3.5
v 1.7 8.4 -3.5
v 0.2 8.3 -3.6
v 0.2 8.4 -3.6
v 0.3 8.3 -3.6
v 0.3 8.4 -3.6
v 0.4 4.7 -3.6
v 0.4 4.8 -3.6
v 1.3 4.7 -3.6
v 1.3 4.8 -3.6
v 1.4 4.7 -3.6
v 1.4 4.8 -3.6
v 1.7 6.7 -3.6
v 1.7 6.8 -3.6
v 2.4 4.7 -3.6
v 2.4 4.8 -3.6
v 3.6 6.7 -3.6
v 3.6 6.8 -3.6
v 0.2 8.3 -3.8
v 0.2 8.4 -3.8
v 0.3 8.3 -3.8
v 0.3 8.4 -3.8
v 2 7.3 -3.8
v 2 8.4 -3.8
v 2.1 7.3 -3.8
v 2.1 8.4 -3.8
v 2.9 3 -3.8
v 2.9 4.3 -3.8
v 3.8 3 -3.8
v 3.8 4.3 -3.8
v 0.1 3.1 -3.9
v 0.1 4.5 -3.9
v 0.1 4.8 -3.9
v 0.1 8.4 -3.9
v 0.1 8.5 -3.9
v 0.2 5.2 -3.9
v 0.2 6.8 -3.9
v 0.2 7.3 -3.9
v 0.2 7.4 -3.9
v 0.2 8.3 -3.9
v 0.2 8.4 -3.9
v 0.2 8.5 -3.9
v 0.2 8.6 -3.9
v 0.3 7.3 -3.9
v 0.3 8.3 -3.9
v 0.3 8.4 -3.9
v 0.3 8.5 -3.9
v 0.3 8.6 -3.9
v 0.4 8.4 -3.9
v 0.4 8.5 -3.9
v 1.4 5.2 -3.9
v 1.4 6.8 -3.9
v 1.5 5.2 -3.9
v 1.5 6.8 -3.9
v 2.1 7.3 -3.9
v 2.1 8.5 -3.9
v 2.6 3.1 -3.9
v 2.6 4.5 -3.9
v 2.6 4.8 -3.9
v 3.9 5.2 -3.9
v 3.9 6.8 -3.9
v 3.9 7.3 -3.9
v 3.9 8.5 -3.9
v 0.1 4.5 -0.9
v 0.1 4.6 -0.9
v 0.2 4.6 -0.9
v 0.3 4.6 -0.9
v 1.4 4.6 -0.9
v 1.5 4.6 -0.9
v 2.5 4.6 -0.9
v 2.6 4.6 -0.9
v 3.7 4.6 -0.9
v 3.8 4.6 -0.9
v 3.9 4.5 -0.9
v 3.9 4.6 -0.9
v 0.1 4.5 -1.1
v 0.1 4.6 -1.1
v 0.2 4.6 -1.1
v 0.2 4.7 -1.1
v 0.2 4.9 -1.1
v 0.3 4.6 -1.1
v 0.3 4.7 -1.1
v 0.3 4.9 -1.1
v 1.4 4.6 -1.1
v 1.4 4.7 -1.1
v 1.4 4.9 -1.1
v 1.5 4.6 -1.1
v 1.5 4.7 -1.1
v 1.5 4.9 -1.1
v 2.5 4.6 -1.1
v 2.5 4.7 -1.1
v 2.5 4.9 -1.1
v 2.6 4.6 -1.1
v 2.6 4.7 -1.1
v 2.6 4.9 -1.1
v 3.7 4.6 -1.1
v 3.7 4.7 -1.1
v 3.7 4.9 -1.1
v 3.8 4.6 -1.1
v 3.8 4.7 -1.1
v 3.8 4.9 -1.1
v 3.9 4.5 -1.1
v 3.9 4.6 -1.1
v 0.2 4.9 -1.2
v 0.2 5.1 -1.2
v 0.3 4.9 -1.2
v 0.3 5.1 -1.2
v 1.4 4.9 -1.2
v 1.4 5.1 -1.2
v 1.5 4.9 -1.2
v 1.5 5.1 -1.2
v 2.5 4.9 -1.2
v 2.5 5.1 -1.2
v 2.6 4.9 -1.2
v 2.6 5.1 -1.2
v 3.7 4.9 -1.2
v 3.7 5.1 -1.2
v 3.8 4.9 -1.2
v 3.8 5.1 -1.2
v 0.1 4.5 -1.3
v 0.1 4.6 -1.3
v 0.2 4.6 -1.3
v 0.2 5.1 -1.3
v 0.2 5.2 -1.3
v 0.3 4.6 -1.3
v 0.3 5.1 -1.3
v 0.3 5.2 -1.3
v 1.4 4.6 -1.3
v 1.4 5.1 -1.3
v 1.4 5.2 -1.3
v 1.5 4.6 -1.3
v 1.5 5.1 -1.3
v 1.5 5.2 -1.3
v 2.5 4.6 -1.3
v 2.5 5.1 -1.3
v 2.5 5.2 -1.3
v 2.6 4.6 -1.3
v 2.6 5.1 -1.3
v 2.6 5.2 -1.3
v 3.7 4.6 -1.3
v 3.7 5.1 -1.3
v 3.7 5.2 -1.3
v 3.8 4.6 -1.3
v 3.8 5.1 -1.3
v 3.8 5.2 -1.3
v 3.9 4.5 -1.3
v 3.9 4.6 -1.3
v 0.2 5.2 -1.4
v 0.2 5.4 -1.4
v 0.3 5.2 -1.4
v 0.3 5.4 -1.4
v 1.4 5.2 -1.4
v 1.4 5.4 -1.4
v 1.5 5.2 -1.4
v 1.5 5.4 -1.4
v 2.5 5.2 -1.4
v 2.5 5.4 -1.4
v 2.6 5.2 -1.4
v 2.6 5.4 -1.4
v 3.7 5.2 -1.4
v 3.7 5.4 -1.4
v 3.8 5.2 -1.4
v 3.8 5.4 -1.4
v 0.1 4.5 -1.5
v 0.1 4.6 -1.5
v 0.2 4.6 -1.5
v 0.2 5.4 -1.5
v 0.2 5.6 -1.5
v 0.3 4.6 -1.5
v 0.3 5.4 -1.5
v 0.3 5.6 -1.5
v 1.2 3.3 -1.5
v 1.2 3.4 -1.5
v 1.3 3.3 -1.5
v 1.3 3.4 -1.5
v 1.4 4.6 -1.5
v 1.4 5.4 -1.5
v 1.4 5.6 -1.5
v 1.5 4.6 -1.5
v 1.5 5.4 -1.5
v 1.5 5.6 -1.5
v 2.2 3.6 -1.5
v 2.2 3.7 -1.5
v 2.3 3.6 -1.5
v 2.3 3.7 -1.5
v 2.4 3.3 -1.5
v 2.4 3.4 -1.5
v 2.5 3.3 -1.5
v 2.5 3.4 -1.5
v 2.5 4.6 -1.5
v 2.5 5.4 -1.5
v 2.5 5.6 -1.5
v 2.6 4.6 -1.5
v 2.6 5.4 -1.5
v 2.6 5.6 -1.5
v 3.7 4.6 -1.5
v 3.7 5.4 -1.5
v 3.7 5.6 -1.5
v 3.8 4.6 -1.5
v 3.8 5.4 -1.5
v 3.8 5.6 -1.5
v 3.9 4.5 -1.5
v 3.9 4.6 -1.5
v 0.3 3.3 -1.6
v 0.3 3.4 -1.6
v 0.4 3.4 -1.6
v 0.4 3.6 -1.6
v 0.5 3.6 -1.6
v 0.5 3.7 -1.6
v 0.6 3.4 -1.6
v 0.6 3.7 -1.6
v 0.7 3.3 -1.6
v 0.7 3.4 -1.6
v 1.3 3.3 -1.6
v 1.3 3.8 -1.6
v 1.4 3.6 -1.6
v 1.4 3.8 -1.6
v 1.5 3.3 -1.6
v 1.5 3.4 -1.6
v 1.5 3.6 -1.6
v 2.1 3.3 -1.6
v 2.1 3.4 -1.6
v 2.2 3.4 -1.6
v 2.2 3.6 -1.6
v 2.3 3.6 -1.6
v 2.3 3.8 -1.6
v 2.4 3.3 -1.6
v 2.4 3.8 -1.6
v 0.3 3.1 -1.7
v 0.3 3.3 -1.7
v 0.7 3.1 -1.7
v 0.7 3.3 -1.7
v 1.2 3.1 -1.7
v 1.2 3.3 -1.7
v 1.5 3.3 -1.7
v 1.5 3.4 -1.7
v 1.6 3.1 -1.7
v 1.6 3.3 -1.7
v 1.6 3.4 -1.7
v 2.1 3.1 -1.7
v 2.1 3.3 -1.7
v 2.5 3.1 -1.7
v 2.5 3.3 -1.7
v 2.9 4.2 -1.7
v 2.9 4.3 -1.7
v 3.8 4.2 -1.7
v 3.8 4.3 -1.7
v 0.1 8.3 -1.9
v 0.1 8.4 -1.9
v 0.2 5.2 -1.9
v 0.2 6.8 -1.9
v 0.2 7.4 -1.9
v 0.2 8.3 -1.9
v 0.2 8.4 -1.9
v 0.2 8.5 -1.9
v 0.3 7.4 -1.9
v 0.3 8.3 -1.9
v 0.3 8.4 -1.9
v 0.3 8.5 -1.9
v 0.4 6.1 -1.9
v 0.4 6.2 -1.9
v 0.4 6.8 -1.9
v 0.4 8.2 -1.9
v 0.4 8.3 -1.9
v 0.5 8.2 -1.9
v 0.5 8.3 -1.9
v 0.6 8.2 -1.9
v 0.6 8.3 -1.9
v 0.6 8.4 -1.9
v 0.7 8.2 -1.9
v 0.7 8.3 -1.9
v 1.3 6.1 -1.9
v 1.3 6.2 -1.9
v 1.3 6.8 -1.9
v 1.4 5.2 -1.9
v 1.4 6.8 -1.9
v 1.5 5.2 -1.9
v 1.5 6.8 -1.9
v 1.6 6.1 -1.9
v 1.6 6.2 -1.9
v 1.6 6.8 -1.9
v 2.4 6.1 -1.9
v 2.4 6.2 -1.9
v 2.4 6.8 -1.9
v 2.7 6.1 -1.9
v 2.7 6.2 -1.9
v 2.7 6.8 -1.9
v 3.6 6.1 -1.9
v 3.6 6.2 -1.9
v 3.6 6.8 -1.9
v 3.9 5.2 -1.9
v 3.9 6.8 -1.9
v 0.1 3.1 -2
v 0.1 4.3 -2
v 0.1 4.5 -2
v 0.1 4.8 -2
v 0.4 6.1 -2
v 0.4 6.2 -2
v 0.4 6.8 -2
v 0.6 3.1 -2
v 0.6 4.3 -2
v 0.7 3.1 -2
v 0.7 4.3 -2
v 0.7 8.2 -2
v 0.7 8.3 -2
v 0.8 8.1 -2
v 0.8 8.2 -2
v 0.9 8.1 -2
v 0.9 8.2 -2
v 1 8.1 -2
v 1 8.2 -2
v 1 8.3 -2
v 1.2 8 -2
v 1.2 8.1 -2
v 1.3 3.1 -2
v 1.3 4.3 -2
v 1.3 6.1 -2
v 1.3 6.2 -2
v 1.3 6.8 -2
v 1.3 8 -2
v 1.3 8.1 -2
v 1.4 3.1 -2
v 1.4 4.3 -2
v 1.4 8.1 -2
v 1.4 8.2 -2
v 1.4 8.3 -2
v 1.6 6.1 -2
v 1.6 6.2 -2
v 1.6 6.8 -2
v 1.6 8.2 -2
v 1.6 8.3 -2
v 2 3.1 -2
v 2 4.3 -2
v 2.1 3.4 -2
v 2.1 3.8 -2
v 2.1 3.9 -2
v 2.1 4.3 -2
v 2.4 6.1 -2
v 2.4 6.2 -2
v 2.4 6.8 -2
v 2.6 3.1 -2
v 2.6 3.4 -2
v 2.6 3.8 -2
v 2.6 3.9 -2
v 2.6 4.3 -2
v 2.6 4.5 -2
v 2.6 4.8 -2
v 2.7 6.1 -2
v 2.7 6.2 -2
v 2.7 6.8 -2
v 3.6 6.1 -2
v 3.6 6.2 -2
v 3.6 6.8 -2
v 0.2 8.2 -2.1
v 0.2 8.3 -2.1
v 0.3 8.2 -2.1
v 0.3 8.3 -2.1
v 0.7 7.4 -2.1
v 0.7 7.5 -2.1
v 0.8 7.4 -2.1
v 0.8 7.5 -2.1
v 1.6 8.1 -2.1
v 1.6 8.2 -2.1
v 1.6 8.3 -2.1
v 1.7 8.1 -2.1
v 1.7 8.2 -2.1
v 1.8 8.2 -2.1
v 1.8 8.3 -2.1
v 1.8 8.4 -2.1
v 2 8.3 -2.1
v 2 8.4 -2.1
v 0.4 7.5 -2.2
v 0.4 7.6 -2.2
v 0.5 7.4 -2.2
v 0.5 7.5 -2.2
v 0.5 7.6 -2.2
v 0.6 7.4 -2.2
v 0.6 7.5 -2.2
v 0.6 7.6 -2.2
v 0.7 7.5 -2.2
v 0.7 7.6 -2.2
v 0.8 7.6 -2.2
v 0.8 7.7 -2.2
v 0.9 7.6 -2.2
v 0.9 7.7 -2.2
v 1 7.4 -2.2
v 1 7.5 -2.2
v 1 7.6 -2.2
v 1 7.7 -2.2
v 1.1 7.4 -2.2
v 1.1 7.5 -2.2
v 1.3 7.4 -2.2
v 1.3 7.5 -2.2
v 1.4 7.4 -2.2
v 1.4 7.5 -2.2
v 1.5 7.5 -2.2
v 1.5 7.6 -2.2
v 1.6 7.5 -2.2
v 1.6 7.6 -2.2
v 2.1 7.6 -2.2
v 2.1 7.7 -2.2
v 2.1 7.9 -2.2
v 2.1 8.3 -2.2
v 2.1 8.4 -2.2
v 2.1 8.5 -2.2
v 2.5 7.7 -2.2
v 2.5 8.3 -2.2
v 2.6 7.7 -2.2
v 2.6 8.3 -2.2
v 3 7.7 -2.2
v 3 8.3 -2.2
v 3.1 7.7 -2.2
v 3.1 7.9 -2.2
v 3.1 8 -2.2
v 3.1 8.3 -2.2
v 3.9 7.6 -2.2
v 3.9 7.7 -2.2
v 3.9 7.9 -2.2
v 3.9 8 -2.2
v 3.9 8.3 -2.2
v 3.9 8.4 -2.2
v 3.9 8.5 -2.2
v 0.3 7.5 -2.3
v 0.3 7.6 -2.3
v 0.3 7.7 -2.3
v 0.4 7.5 -2.3
v 0.4 7.6 -2.3
v 0.4 7.7 -2.3
v 0.8 7.5 -2.3
v 0.8 7.6 -2.3
v 1 7.5 -2.3
v 1 7.6 -2.3
v 1.1 7.5 -2.3
v 1.1 7.6 -2.3
v 1.3 7.5 -2.3
v 1.3 7.6 -2.3
v 1.4 7.5 -2.3
v 1.4 7.6 -2.3
v 1.5 7.5 -2.3
v 1.5 7.6 -2.3
v 1.7 7.5 -2.3
v 1.7 7.6 -2.3
v 1.9 7.5 -2.3
v 1.9 7.6 -2.3
v 2.1 7.3 -2.3
v 2.1 7.6 -2.3
v 3.9 7.3 -2.3
v 3.9 7.6 -2.3
v 0.2 7.3 -2.4
v 0.2 7.4 -2.4
v 0.2 7.5 -2.4
v 0.2 8.2 -2.4
v 0.2 8.3 -2.4
v 0.3 8.2 -2.4
v 0.3 8.3 -2.4
v 0.4 4.7 -2.4
v 0.4 4.8 -2.4
v 1.3 4.7 -2.4
v 1.3 4.8 -2.4
v 1.4 4.7 -2.4
v 1.4 4.8 -2.4
v 2 7.3 -2.4
v 2 7.5 -2.4
v 2.4 4.7 -2.4
v 2.4 4.8 -2.4
v 0.2 8.3 -2.5
v 0.2 8.4 -2.5
v 0.3 8.3 -2.5
v 0.3 8.4 -2.5
v 1.8 6.7 -2.6
v 1.8 6.8 -2.6
v 3.6 6.7 -2.6
v 3.6 6.8 -2.6
v 0.2 8.1 -2.7
v 0.2 8.2 -2.7
v 0.3 8.1 -2.7
v 0.3 8.2 -2.7
v 0.6 6.7 -2.7
v 0.6 6.8 -2.7
v 0.7 6.7 -2.7
v 0.7 6.8 -2.7
v 0.9 6.7 -2.7
v 0.9 6.8 -2.7
v 1 6.7 -2.7
v 1 6.8 -2.7
v 0.7 6.7 -2.8
v 0.7 6.8 -2.8
v 0.9 6.7 -2.8
v 0.9 6.8 -2.8
v 0.2 8.1 -2.9
v 0.2 8.2 -2.9
v 0.3 8.1 -2.9
v 0.3 8.2 -2.9
v 0.6 7.3 -2.9
v 0.6 7.4 -2.9
v 0.7 7.3 -2.9
v 0.7 7.4 -2.9
v 0.7 7.7 -2.9
v 0.8 7.3 -2.9
v 0.8 7.4 -2.9
v 0.8 7.7 -2.9
v 0.9 7.3 -2.9
v 0.9 7.4 -2.9
v 1.1 7.3 -2.9
v 1.1 7.4 -2.9
v 1.2 7.3 -2.9
v 1.2 7.4 -2.9
v 1.2 7.5 -2.9
v 1.3 7.3 -2.9
v 1.3 7.4 -2.9
v 1.3 7.5 -2.9
v 1.4 7.3 -2.9
v 1.4 7.4 -2.9
v 0.2 8.2 -3
v 0.2 8.3 -3
v 0.3 8.2 -3
v 0.3 8.3 -3
v 0.5 7.7 -3
v 0.5 7.8 -3
v 0.6 7.7 -3
v 0.6 7.8 -3
v 0.7 7.3 -3
v 0.7 7.4 -3
v 0.8 7.3 -3
v 0.8 7.4 -3
v 0.9 7.7 -3
v 0.9 7.8 -3
v 1 7.7 -3
v 1 7.8 -3
v 1.1 7.5 -3
v 1.1 7.6 -3
v 1.2 7.3 -3
v 1.2 7.4 -3
v 1.3 7.3 -3
v 1.3 7.4 -3
v 1.4 7.5 -3
v 1.4 7.6 -3
v 0.6 7.7 -3.1
v 0.6 7.8 -3.1
v 0.9 7.7 -3.1
v 0.9 7.8 -3.1
v 0.2 8.2 -3.2
v 0.2 8.3 -3.2
v 0.3 8.2 -3.2
v 0.3 8.3 -3.2
v 2 7.3 -3.2
v 2 8.4 -3.2
v 2.1 7.3 -3.2
v 2.1 8.4 -3.2
v 2.4 8.4 -3.2
v 2.4 8.5 -3.2
v 2.5 8.4 -3.2
v 2.5 8.5 -3.2
v 2.7 8.4 -3.2
v 2.7 8.5 -3.2
v 2.8 8.4 -3.2
v 2.8 8.5 -3.2
v 1.9 7.3 -3.3
v 1.9 8.4 -3.3
v 2 7.3 -3.3
v 2 8.4 -3.3
v 2.5 8.4 -3.3
v 2.5 8.5 -3.3
v 2.7 8.4 -3.3
v 2.7 8.5 -3.3
v 3.3 8.4 -3.3
v 3.3 8.5 -3.3
v 3.4 8.4 -3.3
v 3.4 8.5 -3.3
v 3.6 8.4 -3.3
v 3.6 8.5 -3.3
v 3.7 8.4 -3.3
v 3.7 8.5 -3.3
v 0.2 8.2 -3.4
v 0.2 8.3 -3.4
v 0.3 8.2 -3.4
v 0.3 8.3 -3.4
v 0.6 7.3 -3.4
v 0.6 7.4 -3.4
v 0.7 7.3 -3.4
v 0.7 7.4 -3.4
v 0.7 7.5 -3.4
v 0.8 7.3 -3.4
v 0.8 7.4 -3.4
v 0.8 7.5 -3.4
v 0.9 7.3 -3.4
v 0.9 7.4 -3.4
v 1.8 7.3 -3.4
v 1.8 8.4 -3.4
v 1.9 7.3 -3.4
v 1.9 8.4 -3.4
v 3.4 8.4 -3.4
v 3.4 8.5 -3.4
v 3.6 8.4 -3.4
v 3.6 8.5 -3.4
v 0.2 8.3 -3.5
v 0.2 8.4 -3.5
v 0.3 8.3 -3.5
v 0.3 8.4 -3.5
v 0.6 7.5 -3.5
v 0.6 7.6 -3.5
v 0.7 7.3 -3.5
v 0.7 7.4 -3.5
v 0.8 7.3 -3.5
v 0.8 7.4 -3.5
v 0.9 7.5 -3.5
v 0.9 7.6 -3.5
v 1.7 7.3 -3.5
v 1.7 8.4 -3.5
v 1.8 7.3 -3.5
v 1.8 8.4 -3.5
v 0.7 6.7 -3.6
v 0.7 6.8 -3.6
v 0.8 6.7 -3.6
v 0.8 6.8 -3.6
v 1 6.7 -3.6
v 1 6.8 -3.6
v 1.1 6.7 -3.6
v 1.1 6.8 -3.6
v 1.6 7.3 -3.6
v 1.6 8.4 -3.6
v 1.7 7.3 -3.6
v 1.7 8.4 -3.6
v 0.2 8.3 -3.7
v 0.2 8.4 -3.7
v 0.3 8.3 -3.7
v 0.3 8.4 -3.7
v 0.4 4.7 -3.7
v 0.4 4.8 -3.7
v 0.8 6.7 -3.7
v 0.8 6.8 -3.7
v 1 6.7 -3.7
v 1 6.8 -3.7
v 1.3 4.7 -3.7
v 1.3 4.8 -3.7
v 1.4 4.7 -3.7
v 1.4 4.8 -3.7
v 1.7 6.7 -3.7
v 1.7 6.8 -3.7
v 2.4 4.7 -3.7
v 2.4 4.8 -3.7
v 3.6 6.7 -3.7
v 3.6 6.8 -3.7
v 0 3 -4
v 0 3.1 -4
v 0 4.5 -4
v 0 7 -4
v 0 7.4 -4
v 0.1 3.1 -4
v 0.1 4.5 -4
v 0.1 4.8 -4
v 0.1 8.4 -4
v 0.1 8.5 -4
v 0.2 5.2 -4
v 0.2 6.8 -4
v 0.2 7.3 -4
v 0.2 7.4 -4
v 0.2 8.4 -4
v 0.2 8.5 -4
v 0.2 8.6 -4
v 0.3 7.3 -4
v 0.3 8.4 -4
v 0.3 8.5 -4
v 0.3 8.6 -4
v 0.4 8.4 -4
v 0.4 8.5 -4
v 1.4 5.2 -4
v 1.4 6.8 -4
v 1.5 5.2 -4
v 1.5 6.8 -4
v 1.8 8.6 -4
v 1.8 8.7 -4
v 2 7.3 -4
v 2 8.6 -4
v 2 8.7 -4
v 2 8.8 -4
v 2.1 7.3 -4
v 2.1 8.5 -4
v 2.3 8.8 -4
v 2.3 8.9 -4
v 2.6 3.1 -4
v 2.6 4.5 -4
v 2.6 4.8 -4
v 2.6 8.9 -4
v 2.6 9 -4
v 2.7 3.1 -4
v 2.7 4.5 -4
v 3.9 5.2 -4
v 3.9 6.8 -4
v 3.9 7.3 -4
v 3.9 8.5 -4
v 4 3 -4
v 4 4.5 -4
v 4 7 -4
v 4 8.6 -4
v 4 9 -4
v 0.3 3 -1.3
v 0.7 3 -1.3
v 1.2 3 -1.3
v 1.6 3 -1.3
v 2.1 3 -1.3
v 2.5 3 -1.3
v 2.7 3 -1.6
v 2.9 3 -1.6
v 3.8 3 -1.6
v 4 3 -1.6
v 0 3 -1.7
v 0.3 3 -1.7
v 0.7 3 -1.7
v 1.2 3 -1.7
v 1.6 3 -1.7
v 2.1 3 -1.7
v 2.5 3 -1.7
v 2.7 3 -1.7
v 2.9 3 -3.8
v 3.8 3 -3.8
v 0 3 -4
v 4 3 -4
v 0.1 3.8 -1.8
v 0.6 3.8 -1.8
v 0.7 3.8 -1.8
v 1.3 3.8 -1.8
v 1.4 3.8 -1.8
v 2 3.8 -1.8
v 2.1 3.8 -1.8
v 2.6 3.8 -1.8
v 0.1 3.8 -1.9
v 0.6 3.8 -1.9
v 0.7 3.8 -1.9
v 1.3 3.8 -1.9
v 1.4 3.8 -1.9
v 2 3.8 -1.9
v 2.1 3.8 -1.9
v 2.6 3.8 -1.9
v 2.9 4.2 -1.6
v 3.8 4.2 -1.6
v 2.9 4.2 -1.7
v 3.8 4.2 -1.7
v 2.9 4.3 -1.7
v 3.8 4.3 -1.7
v 0.1 4.3 -1.8
v 0.6 4.3 -1.8
v 0.7 4.3 -1.8
v 1.3 4.3 -1.8
v 1.4 4.3 -1.8
v 2 4.3 -1.8
v 2.1 4.3 -1.8
v 2.6 4.3 -1.8
v 0.1 4.3 -1.9
v 0.6 4.3 -1.9
v 0.7 4.3 -1.9
v 1.3 4.3 -1.9
v 1.4 4.3 -1.9
v 2 4.3 -1.9
v 2.1 4.3 -1.9
v 2.6 4.3 -1.9
v 2.9 4.3 -3.8
v 3.8 4.3 -3.8
v 0 4.5 -0.8
v 4 4.5 -0.8
v 0.1 4.5 -0.9
v 3.9 4.5 -0.9
v 0.1 4.5 -1
v 3.9 4.5 -1
v 0.1 4.5 -1.1
v 3.9 4.5 -1.1
v 0.1 4.5 -1.2
v 3.9 4.5 -1.2
v 0.1 4.5 -1.3
v 3.9 4.5 -1.3
v 0.1 4.5 -1.4
v 3.9 4.5 -1.4
v 0.1 4.5 -1.5
v 3.9 4.5 -1.5
v 0.1 4.5 -1.6
v 2.7 4.5 -1.6
v 3.9 4.5 -1.6
v 4 4.5 -1.6
v 0 4.5 -1.7
v 2.7 4.5 -1.7
v 0 4.5 -1.8
v 2.7 4.5 -1.8
v 0.2 4.6 -0.9
v 0.3 4.6 -0.9
v 1.4 4.6 -0.9
v 1.5 4.6 -0.9
v 2.5 4.6 -0.9
v 2.6 4.6 -0.9
v 3.7 4.6 -0.9
v 3.8 4.6 -0.9
v 0.2 4.6 -1
v 0.3 4.6 -1
v 1.4 4.6 -1
v 1.5 4.6 -1
v 2.5 4.6 -1
v 2.6 4.6 -1
v 3.7 4.6 -1
v 3.8 4.6 -1
v 0.2 4.6 -1.1
v 0.3 4.6 -1.1
v 1.4 4.6 -1.1
v 1.5 4.6 -1.1
v 2.5 4.6 -1.1
v 2.6 4.6 -1.1
v 3.7 4.6 -1.1
v 3.8 4.6 -1.1
v 0.2 4.6 -1.2
v 0.3 4.6 -1.2
v 1.4 4.6 -1.2
v 1.5 4.6 -1.2
v 2.5 4.6 -1.2
v 2.6 4.6 -1.2
v 3.7 4.6 -1.2
v 3.8 4.6 -1.2
v 0.2 4.6 -1.3
v 0.3 4.6 -1.3
v 1.4 4.6 -1.3
v 1.5 4.6 -1.3
v 2.5 4.6 -1.3
v 2.6 4.6 -1.3
v 3.7 4.6 -1.3
v 3.8 4.6 -1.3
v 0.2 4.6 -1.4
v 0.3 4.6 -1.4
v 1.4 4.6 -1.4
v 1.5 4.6 -1.4
v 2.5 4.6 -1.4
v 2.6 4.6 -1.4
v 3.7 4.6 -1.4
v 3.8 4.6 -1.4
v 0.2 4.6 -1.5
v 0.3 4.6 -1.5
v 1.4 4.6 -1.5
v 1.5 4.6 -1.5
v 2.5 4.6 -1.5
v 2.6 4.6 -1.5
v 3.7 4.6 -1.5
v 3.8 4.6 -1.5
v 0.2 4.6 -1.6
v 0.3 4.6 -1.6
v 1.4 4.6 -1.6
v 1.5 4.6 -1.6
v 2.5 4.6 -1.6
v 2.6 4.6 -1.6
v 3.7 4.6 -1.6
v 3.8 4.6 -1.6
v 0.4 4.7 -2.3
v 1.3 4.7 -2.3
v 1.4 4.7 -2.3
v 2.4 4.7 -2.3
v 0.4 4.7 -2.4
v 1.3 4.7 -2.4
v 1.4 4.7 -2.4
v 2.4 4.7 -2.4
v 0.4 4.7 -3.6
v 1.3 4.7 -3.6
v 1.4 4.7 -3.6
v 2.4 4.7 -3.6
v 0.4 4.7 -3.7
v 1.3 4.7 -3.7
v 1.4 4.7 -3.7
v 2.4 4.7 -3.7
v 0 4.8 -1.7
v 4 4.8 -1.7
v 0 4.8 -1.8
v 4 4.8 -1.8
v 0.1 4.8 -2
v 2.6 4.8 -2
v 0.4 4.8 -2.3
v 1.3 4.8 -2.3
v 1.4 4.8 -2.3
v 2.4 4.8 -2.3
v 0.4 4.8 -2.4
v 1.3 4.8 -2.4
v 1.4 4.8 -2.4
v 2.4 4.8 -2.4
v 0.4 4.8 -3.6
v 1.3 4.8 -3.6
v 1.4 4.8 -3.6
v 2.4 4.8 -3.6
v 0.4 4.8 -3.7
v 1.3 4.8 -3.7
v 1.4 4.8 -3.7
v 2.4 4.8 -3.7
v 0.1 4.8 -3.9
v 2.6 4.8 -3.9
v 0.2 4.9 -1.1
v 0.3 4.9 -1.1
v 1.4 4.9 -1.1
v 1.5 4.9 -1.1
v 2.5 4.9 -1.1
v 2.6 4.9 -1.1
v 3.7 4.9 -1.1
v 3.8 4.9 -1.1
v 0.2 4.9 -1.2
v 0.3 4.9 -1.2
v 1.4 4.9 -1.2
v 1.5 4.9 -1.2
v 2.5 4.9 -1.2
v 2.6 4.9 -1.2
v 3.7 4.9 -1.2
v 3.8 4.9 -1.2
v 0 5 -1.7
v 4 5 -1.7
v 0 5 -1.8
v 4 5 -1.8
v 0.2 5.1 -1.2
v 0.3 5.1 -1.2
v 1.4 5.1 -1.2
v 1.5 5.1 -1.2
v 2.5 5.1 -1.2
v 2.6 5.1 -1.2
v 3.7 5.1 -1.2
v 3.8 5.1 -1.2
v 0.2 5.1 -1.3
v 0.3 5.1 -1.3
v 1.4 5.1 -1.3
v 1.5 5.1 -1.3
v 2.5 5.1 -1.3
v 2.6 5.1 -1.3
v 3.7 5.1 -1.3
v 3.8 5.1 -1.3
v 0.2 5.2 -1.3
v 0.3 5.2 -1.3
v 1.4 5.2 -1.3
v 1.5 5.2 -1.3
v 2.5 5.2 -1.3
v 2.6 5.2 -1.3
v 3.7 5.2 -1.3
v 3.8 5.2 -1.3
v 0.2 5.2 -1.4
v 0.3 5.2 -1.4
v 1.4 5.2 -1.4
v 1.5 5.2 -1.4
v 2.5 5.2 -1.4
v 2.6 5.2 -1.4
v 3.7 5.2 -1.4
v 3.8 5.2 -1.4
v 0 5.2 -1.7
v 4 5.2 -1.7
v 0 5.2 -1.8
v 4 5.2 -1.8
v 0.2 5.4 -1.4
v 0.3 5.4 -1.4
v 1.4 5.4 -1.4
v 1.5 5.4 -1.4
v 2.5 5.4 -1.4
v 2.6 5.4 -1.4
v 3.7 5.4 -1.4
v 3.8 5.4 -1.4
v 0.2 5.4 -1.5
v 0.3 5.4 -1.5
v 1.4 5.4 -1.5
v 1.5 5.4 -1.5
v 2.5 5.4 -1.5
v 2.6 5.4 -1.5
v 3.7 5.4 -1.5
v 3.8 5.4 -1.5
v 0 5.4 -1.7
v 4 5.4 -1.7
v 0 5.4 -1.8
v 4 5.4 -1.8
v 0.1 5.5 -1.6
v 0.4 5.5 -1.6
v 1.3 5.5 -1.6
v 1.6 5.5 -1.6
v 2.4 5.5 -1.6
v 2.7 5.5 -1.6
v 3.6 5.5 -1.6
v 3.9 5.5 -1.6
v 0.1 5.5 -1.7
v 0.4 5.5 -1.7
v 1.3 5.5 -1.7
v 1.6 5.5 -1.7
v 2.4 5.5 -1.7
v 2.7 5.5 -1.7
v 3.6 5.5 -1.7
v 3.9 5.5 -1.7
v 0.2 5.6 -1.5
v 0.3 5.6 -1.5
v 1.4 5.6 -1.5
v 1.5 5.6 -1.5
v 2.5 5.6 -1.5
v 2.6 5.6 -1.5
v 3.7 5.6 -1.5
v 3.8 5.6 -1.5
v 0.2 5.6 -1.6
v 0.3 5.6 -1.6
v 1.4 5.6 -1.6
v 1.5 5.6 -1.6
v 2.5 5.6 -1.6
v 2.6 5.6 -1.6
v 3.7 5.6 -1.6
v 3.8 5.6 -1.6
v 0.5 5.6 -1.7
v 1.2 5.6 -1.7
v 1.7 5.6 -1.7
v 2.3 5.6 -1.7
v 2.8 5.6 -1.7
v 3.5 5.6 -1.7
v 0.5 5.6 -1.8
v 1.2 5.6 -1.8
v 1.7 5.6 -1.8
v 2.3 5.6 -1.8
v 2.8 5.6 -1.8
v 3.5 5.6 -1.8
v 0.5 5.8 -1.7
v 1.2 5.8 -1.7
v 1.7 5.8 -1.7
v 2.3 5.8 -1.7
v 2.8 5.8 -1.7
v 3.5 5.8 -1.7
v 0.5 5.8 -1.8
v 1.2 5.8 -1.8
v 1.7 5.8 -1.8
v 2.3 5.8 -1.8
v 2.8 5.8 -1.8
v 3.5 5.8 -1.8
v 0 5.9 -1.6
v 4 5.9 -1.6
v 0 5.9 -1.7
v 4 5.9 -1.7
v 0.4 6.1 -1.9
v 1.3 6.1 -1.9
v 1.6 6.1 -1.9
v 2.4 6.1 -1.9
v 2.7 6.1 -1.9
v 3.6 6.1 -1.9
v 0.4 6.1 -2
v 1.3 6.1 -2
v 1.6 6.1 -2
v 2.4 6.1 -2
v 2.7 6.1 -2
v 3.6 6.1 -2
v 0.4 6.5 -1.8
v 0.6 6.5 -1.8
v 0.7 6.5 -1.8
v 1.3 6.5 -1.8
v 1.7 6.5 -1.8
v 2.3 6.5 -1.8
v 2.7 6.5 -1.8
v 3.3 6.5 -1.8
v 3.4 6.5 -1.8
v 3.6 6.5 -1.8
v 0.4 6.5 -1.9
v 0.6 6.5 -1.9
v 0.7 6.5 -1.9
v 1.3 6.5 -1.9
v 1.7 6.5 -1.9
v 2.3 6.5 -1.9
v 2.7 6.5 -1.9
v 3.3 6.5 -1.9
v 3.4 6.5 -1.9
v 3.6 6.5 -1.9
v 0.7 6.7 -2.4
v 0.9 6.7 -2.4
v 0.6 6.7 -2.5
v 0.7 6.7 -2.5
v 0.9 6.7 -2.5
v 1 6.7 -2.5
v 1.8 6.7 -2.5
v 3.6 6.7 -2.5
v 1.8 6.7 -2.6
v 3.6 6.7 -2.6
v 0.6 6.7 -2.7
v 0.7 6.7 -2.7
v 0.9 6.7 -2.7
v 1 6.7 -2.7
v 0.7 6.7 -2.8
v 0.9 6.7 -2.8
v 0.8 6.7 -3.3
v 1 6.7 -3.3
v 0.7 6.7 -3.4
v 0.8 6.7 -3.4
v 1 6.7 -3.4
v 1.1 6.7 -3.4
v 0.7 6.7 -3.6
v 0.8 6.7 -3.6
v 1 6.7 -3.6
v 1.1 6.7 -3.6
v 1.7 6.7 -3.6
v 3.6 6.7 -3.6
v 0.8 6.7 -3.7
v 1 6.7 -3.7
v 1.7 6.7 -3.7
v 3.6 6.7 -3.7
v 0.2 6.8 -1.9
v 0.4 6.8 -1.9
v 1.3 6.8 -1.9
v 1.4 6.8 -1.9
v 1.5 6.8 -1.9
v 1.6 6.8 -1.9
v 2.4 6.8 -1.9
v 2.7 6.8 -1.9
v 3.6 6.8 -1.9
v 3.9 6.8 -1.9
v 0.4 6.8 -2
v 1.3 6.8 -2
v 1.6 6.8 -2
v 2.4 6.8 -2
v 2.7 6.8 -2
v 3.6 6.8 -2
v 0.7 6.8 -2.4
v 0.9 6.8 -2.4
v 0.6 6.8 -2.5
v 0.7 6.8 -2.5
v 0.9 6.8 -2.5
v 1 6.8 -2.5
v 1.8 6.8 -2.5
v 3.6 6.8 -2.5
v 1.8 6.8 -2.6
v 3.6 6.8 -2.6
v 0.6 6.8 -2.7
v 0.7 6.8 -2.7
v 0.9 6.8 -2.7
v 1 6.8 -2.7
v 0.7 6.8 -2.8
v 0.9 6.8 -2.8
v 0.8 6.8 -3.3
v 1 6.8 -3.3
v 0.7 6.8 -3.4
v 0.8 6.8 -3.4
v 1 6.8 -3.4
v 1.1 6.8 -3.4
v 0.7 6.8 -3.6
v 0.8 6.8 -3.6
v 1 6.8 -3.6
v 1.1 6.8 -3.6
v 1.7 6.8 -3.6
v 3.6 6.8 -3.6
v 0.8 6.8 -3.7
v 1 6.8 -3.7
v 1.7 6.8 -3.7
v 3.6 6.8 -3.7
v 0.2 6.8 -3.9
v 1.4 6.8 -3.9
v 1.5 6.8 -3.9
v 3.9 6.8 -3.9
v 0.4 6.9 -1.8
v 0.6 6.9 -1.8
v 0.7 6.9 -1.8
v 1.3 6.9 -1.8
v 1.7 6.9 -1.8
v 2.3 6.9 -1.8
v 2.7 6.9 -1.8
v 3.3 6.9 -1.8
v 3.4 6.9 -1.8
v 3.6 6.9 -1.8
v 0.4 6.9 -1.9
v 0.6 6.9 -1.9
v 0.7 6.9 -1.9
v 1.3 6.9 -1.9
v 1.7 6.9 -1.9
v 2.3 6.9 -1.9
v 2.7 6.9 -1.9
v 3.3 6.9 -1.9
v 3.4 6.9 -1.9
v 3.6 6.9 -1.9
v 0 7 -1.6
v 4 7 -1.6
v 0.1 7 -1.7
v 0.3 7 -1.7
v 1.4 7 -1.7
v 1.6 7 -1.7
v 2.4 7 -1.7
v 2.6 7 -1.7
v 3.7 7 -1.7
v 3.9 7 -1.7
v 0 7 -1.8
v 0.1 7 -1.8
v 0.3 7 -1.8
v 1.4 7 -1.8
v 1.6 7 -1.8
v 2.4 7 -1.8
v 2.6 7 -1.8
v 3.7 7 -1.8
v 3.9 7 -1.8
v 4 7 -1.8
v 0.3 7.3 -1.6
v 1.4 7.3 -1.6
v 1.6 7.3 -1.6
v 2.4 7.3 -1.6
v 2.6 7.3 -1.6
v 3.7 7.3 -1.6
v 0.3 7.3 -1.7
v 1.4 7.3 -1.7
v 1.6 7.3 -1.7
v 2.4 7.3 -1.7
v 2.6 7.3 -1.7
v 3.7 7.3 -1.7
v 1.1 7.5 -2.7
v 1.4 7.5 -2.7
v 1.2 7.5 -2.8
v 1.3 7.5 -2.8
v 1.2 7.5 -2.9
v 1.3 7.5 -2.9
v 1.1 7.5 -3
v 1.4 7.5 -3
v 0.6 7.5 -3.2
v 0.9 7.5 -3.2
v 0.7 7.5 -3.3
v 0.8 7.5 -3.3
v 0.7 7.5 -3.4
v 0.8 7.5 -3.4
v 0.6 7.5 -3.5
v 0.9 7.5 -3.5
v 2.1 7.6 -2
v 3.9 7.6 -2
v 2.1 7.6 -2.1
v 3.9 7.6 -2.1
v 0.6 7.7 -2.6
v 0.9 7.7 -2.6
v 0.5 7.7 -2.7
v 0.6 7.7 -2.7
v 0.9 7.7 -2.7
v 1 7.7 -2.7
v 0.7 7.7 -2.8
v 0.8 7.7 -2.8
v 0.7 7.7 -2.9
v 0.8 7.7 -2.9
v 0.5 7.7 -3
v 0.6 7.7 -3
v 0.9 7.7 -3
v 1 7.7 -3
v 0.6 7.7 -3.1
v 0.9 7.7 -3.1
v 1.6 7.8 -3.4
v 1.7 7.8 -3.4
v 1.6 7.8 -3.5
v 1.7 7.8 -3.5
v 3.1 7.9 -2
v 3.9 7.9 -2
v 3.1 7.9 -2.1
v 3.9 7.9 -2.1
v 1.2 8 -1.9
v 1.3 8 -1.9
v 1.2 8 -2
v 1.3 8 -2
v 0.8 8.1 -1.9
v 0.9 8.1 -1.9
v 1 8.1 -1.9
v 1.2 8.1 -1.9
v 1.3 8.1 -1.9
v 1.4 8.1 -1.9
v 0.8 8.1 -2
v 0.9 8.1 -2
v 1 8.1 -2
v 1.2 8.1 -2
v 1.3 8.1 -2
v 1.4 8.1 -2
v 1.6 8.1 -2
v 1.7 8.1 -2
v 1.6 8.1 -2.1
v 1.7 8.1 -2.1
v 0.2 8.1 -2.6
v 0.3 8.1 -2.6
v 0.2 8.1 -2.7
v 0.3 8.1 -2.7
v 0.2 8.1 -2.8
v 0.3 8.1 -2.8
v 0.2 8.1 -2.9
v 0.3 8.1 -2.9
v 0.4 8.2 -1.8
v 0.5 8.2 -1.8
v 0.6 8.2 -1.8
v 0.7 8.2 -1.8
v 0.4 8.2 -1.9
v 0.5 8.2 -1.9
v 0.6 8.2 -1.9
v 0.7 8.2 -1.9
v 0.8 8.2 -1.9
v 0.9 8.2 -1.9
v 1 8.2 -1.9
v 1.4 8.2 -1.9
v 1.6 8.2 -1.9
v 0.2 8.2 -2
v 0.3 8.2 -2
v 0.7 8.2 -2
v 0.8 8.2 -2
v 0.9 8.2 -2
v 1 8.2 -2
v 1.4 8.2 -2
v 1.6 8.2 -2
v 1.7 8.2 -2
v 1.8 8.2 -2
v 0.2 8.2 -2.1
v 0.3 8.2 -2.1
v 1.7 8.2 -2.1
v 1.8 8.2 -2.1
v 0.2 8.2 -2.3
v 0.3 8.2 -2.3
v 0.2 8.2 -2.4
v 0.3 8.2 -2.4
v 0.2 8.2 -2.5
v 0.3 8.2 -2.5
v 0.2 8.2 -2.6
v 0.3 8.2 -2.6
v 0.2 8.2 -2.7
v 0.3 8.2 -2.7
v 0.2 8.2 -2.8
v 0.3 8.2 -2.8
v 0.2 8.2 -2.9
v 0.3 8.2 -2.9
v 0.2 8.2 -3
v 0.3 8.2 -3
v 0.2 8.2 -3.1
v 0.3 8.2 -3.1
v 0.2 8.2 -3.2
v 0.3 8.2 -3.2
v 0.2 8.2 -3.3
v 0.3 8.2 -3.3
v 0.2 8.2 -3.4
v 0.3 8.2 -3.4
v 0.2 8.3 -1.7
v 0.3 8.3 -1.7
v 0.1 8.3 -1.8
v 0.2 8.3 -1.8
v 0.3 8.3 -1.8
v 0.4 8.3 -1.8
v 0.5 8.3 -1.8
v 0.6 8.3 -1.8
v 0.1 8.3 -1.9
v 0.2 8.3 -1.9
v 0.3 8.3 -1.9
v 0.4 8.3 -1.9
v 0.5 8.3 -1.9
v 0.6 8.3 -1.9
v 0.2 8.3 -2
v 0.3 8.3 -2
v 1.8 8.3 -2
v 2 8.3 -2
v 2.1 8.3 -2
v 2.5 8.3 -2
v 2.6 8.3 -2
v 3 8.3 -2
v 3.1 8.3 -2
v 3.9 8.3 -2
v 0.2 8.3 -2.1
v 0.3 8.3 -2.1
v 1.8 8.3 -2.1
v 2 8.3 -2.1
v 2.1 8.3 -2.1
v 2.5 8.3 -2.1
v 2.6 8.3 -2.1
v 3 8.3 -2.1
v 3.1 8.3 -2.1
v 3.9 8.3 -2.1
v 0.2 8.3 -2.3
v 0.3 8.3 -2.3
v 0.2 8.3 -2.4
v 0.3 8.3 -2.4
v 0.2 8.3 -2.5
v 0.3 8.3 -2.5
v 0.2 8.3 -3
v 0.3 8.3 -3
v 0.2 8.3 -3.1
v 0.3 8.3 -3.1
v 0.2 8.3 -3.2
v 0.3 8.3 -3.2
v 0.2 8.3 -3.3
v 0.3 8.3 -3.3
v 0.2 8.3 -3.4
v 0.3 8.3 -3.4
v 0.2 8.3 -3.5
v 0.3 8.3 -3.5
v 0.2 8.3 -3.6
v 0.3 8.3 -3.6
v 0.2 8.3 -3.7
v 0.3 8.3 -3.7
v 0.2 8.3 -3.8
v 0.3 8.3 -3.8
v 0.2 8.3 -3.9
v 0.3 8.3 -3.9
v 2.5 8.4 -2.9
v 2.7 8.4 -2.9
v 2.4 8.4 -3
v 2.5 8.4 -3
v 2.7 8.4 -3
v 2.8 8.4 -3
v 3.4 8.4 -3
v 3.6 8.4 -3
v 3.3 8.4 -3.1
v 3.4 8.4 -3.1
v 3.6 8.4 -3.1
v 3.7 8.4 -3.1
v 2 8.4 -3.2
v 2.1 8.4 -3.2
v 2.4 8.4 -3.2
v 2.5 8.4 -3.2
v 2.7 8.4 -3.2
v 2.8 8.4 -3.2
v 2 8.4 -3.3
v 2.5 8.4 -3.3
v 2.7 8.4 -3.3
v 3.3 8.4 -3.3
v 3.4 8.4 -3.3
v 3.6 8.4 -3.3
v 3.7 8.4 -3.3
v 3.4 8.4 -3.4
v 3.6 8.4 -3.4
v 0.2 8.4 -3.5
v 0.3 8.4 -3.5
v 0.2 8.4 -3.6
v 0.3 8.4 -3.6
v 0.2 8.4 -3.7
v 0.3 8.4 -3.7
v 0.2 8.4 -3.8
v 0.3 8.4 -3.8
v 2 8.4 -3.8
v 2.1 8.4 -3.8
v 0.1 8.4 -3.9
v 0.2 8.4 -3.9
v 0.3 8.4 -3.9
v 0.4 8.4 -3.9
v 0.1 8.4 -4
v 0.2 8.4 -4
v 0.3 8.4 -4
v 0.4 8.4 -4
v 2.1 8.5 -2
v 3.9 8.5 -2
v 2.1 8.5 -2.1
v 3.9 8.5 -2.1
v 2.1 8.5 -2.2
v 3.9 8.5 -2.2
v 2.5 8.5 -2.9
v 2.7 8.5 -2.9
v 2.1 8.5 -3
v 2.4 8.5 -3
v 2.5 8.5 -3
v 2.7 8.5 -3
v 2.8 8.5 -3
v 3.4 8.5 -3
v 3.6 8.5 -3
v 3.3 8.5 -3.1
v 3.4 8.5 -3.1
v 3.6 8.5 -3.1
v 3.7 8.5 -3.1
v 2.4 8.5 -3.2
v 2.5 8.5 -3.2
v 2.7 8.5 -3.2
v 2.8 8.5 -3.2
v 2.5 8.5 -3.3
v 2.7 8.5 -3.3
v 3.3 8.5 -3.3
v 3.4 8.5 -3.3
v 3.6 8.5 -3.3
v 3.7 8.5 -3.3
v 3.4 8.5 -3.4
v 3.6 8.5 -3.4
v 2.1 8.5 -3.9
v 3.9 8.5 -3.9
v 1.8 8.6 -1.9
v 4 8.6 -1.9
v 2 8.6 -2
v 4 8.6 -2
v 1.8 8.6 -4
v 2 8.6 -4
v 0 3.1 -1.7
v 0.3 3.1 -1.7
v 0.7 3.1 -1.7
v 1.2 3.1 -1.7
v 1.6 3.1 -1.7
v 2.1 3.1 -1.7
v 2.5 3.1 -1.7
v 2.7 3.1 -1.7
v 0 3.1 -1.8
v 0.1 3.1 -1.8
v 0.6 3.1 -1.8
v 0.7 3.1 -1.8
v 1.3 3.1 -1.8
v 1.4 3.1 -1.8
v 2 3.1 -1.8
v 2.7 3.1 -1.8
v 0.1 3.1 -1.9
v 0.6 3.1 -1.9
v 0.7 3.1 -1.9
v 1.3 3.1 -1.9
v 1.4 3.1 -1.9
v 2 3.1 -1.9
v 0.1 3.1 -2
v 0.6 3.1 -2
v 0.7 3.1 -2
v 1.3 3.1 -2
v 1.4 3.1 -2
v 2 3.1 -2
v 2.6 3.1 -2
v 0.1 3.1 -3.9
v 2.6 3.1 -3.9
v 0.3 3.3 -1.3
v 0.4 3.3 -1.3
v 0.6 3.3 -1.3
v 0.7 3.3 -1.3
v 1.2 3.3 -1.3
v 1.4 3.3 -1.3
v 1.5 3.3 -1.3
v 1.6 3.3 -1.3
v 2.1 3.3 -1.3
v 2.2 3.3 -1.3
v 2.3 3.3 -1.3
v 2.4 3.3 -1.3
v 1.2 3.3 -1.4
v 1.4 3.3 -1.4
v 2.3 3.3 -1.4
v 2.4 3.3 -1.4
v 0.3 3.3 -1.5
v 0.4 3.3 -1.5
v 0.6 3.3 -1.5
v 0.7 3.3 -1.5
v 1.2 3.3 -1.5
v 1.3 3.3 -1.5
v 1.5 3.3 -1.5
v 1.6 3.3 -1.5
v 2.1 3.3 -1.5
v 2.2 3.3 -1.5
v 2.4 3.3 -1.5
v 2.5 3.3 -1.5
v 0.3 3.3 -1.6
v 0.7 3.3 -1.6
v 1.3 3.3 -1.6
v 1.5 3.3 -1.6
v 2.1 3.3 -1.6
v 2.4 3.3 -1.6
v 0.3 3.3 -1.7
v 0.7 3.3 -1.7
v 1.2 3.3 -1.7
v 1.5 3.3 -1.7
v 2.1 3.3 -1.7
v 2.5 3.3 -1.7
v 0.4 3.4 -1.3
v 0.6 3.4 -1.3
v 1.4 3.4 -1.3
v 1.5 3.4 -1.3
v 2.2 3.4 -1.3
v 2.3 3.4 -1.3
v 2.4 3.4 -1.3
v 2.5 3.4 -1.3
v 0.4 3.4 -1.4
v 0.5 3.4 -1.4
v 1.2 3.4 -1.4
v 1.3 3.4 -1.4
v 1.4 3.4 -1.4
v 1.5 3.4 -1.4
v 2.2 3.4 -1.4
v 2.3 3.4 -1.4
v 2.4 3.4 -1.4
v 0.3 3.4 -1.5
v 0.4 3.4 -1.5
v 0.5 3.4 -1.5
v 0.6 3.4 -1.5
v 0.7 3.4 -1.5
v 1.2 3.4 -1.5
v 1.3 3.4 -1.5
v 1.5 3.4 -1.5
v 1.6 3.4 -1.5
v 2.1 3.4 -1.5
v 2.2 3.4 -1.5
v 2.4 3.4 -1.5
v 2.5 3.4 -1.5
v 0.3 3.4 -1.6
v 0.4 3.4 -1.6
v 0.6 3.4 -1.6
v 0.7 3.4 -1.6
v 1.5 3.4 -1.6
v 2.1 3.4 -1.6
v 2.2 3.4 -1.6
v 1.5 3.4 -1.7
v 1.6 3.4 -1.7
v 2.1 3.4 -1.8
v 2.6 3.4 -1.8
v 2.1 3.4 -1.9
v 2.6 3.4 -1.9
v 0.4 3.5 -1.4
v 0.5 3.5 -1.4
v 1.3 3.5 -1.4
v 1.4 3.5 -1.4
v 0.4 3.5 -1.5
v 0.5 3.5 -1.5
v 1.3 3.5 -1.5
v 1.4 3.5 -1.5
v 1.4 3.6 -1.4
v 1.5 3.6 -1.4
v 2.3 3.6 -1.4
v 2.4 3.6 -1.4
v 0.4 3.6 -1.5
v 0.5 3.6 -1.5
v 1.4 3.6 -1.5
v 2.2 3.6 -1.5
v 2.3 3.6 -1.5
v 2.4 3.6 -1.5
v 0.4 3.6 -1.6
v 0.5 3.6 -1.6
v 1.4 3.6 -1.6
v 1.5 3.6 -1.6
v 2.2 3.6 -1.6
v 2.3 3.6 -1.6
v 2.2 3.7 -1.4
v 2.3 3.7 -1.4
v 0.5 3.7 -1.5
v 0.6 3.7 -1.5
v 2.2 3.7 -1.5
v 2.3 3.7 -1.5
v 0.5 3.7 -1.6
v 0.6 3.7 -1.6
v 1.3 3.8 -1.5
v 1.4 3.8 -1.5
v 2.3 3.8 -1.5
v 2.4 3.8 -1.5
v 1.3 3.8 -1.6
v 1.4 3.8 -1.6
v 2.3 3.8 -1.6
v 2.4 3.8 -1.6
v 0.1 3.9 -1.8
v 0.6 3.9 -1.8
v 0.7 3.9 -1.8
v 1.3 3.9 -1.8
v 1.4 3.9 -1.8
v 2 3.9 -1.8
v 2.1 3.9 -1.8
v 2.6 3.9 -1.8
v 0.1 3.9 -1.9
v 0.6 3.9 -1.9
v 0.7 3.9 -1.9
v 1.3 3.9 -1.9
v 1.4 3.9 -1.9
v 2 3.9 -1.9
v 2.1 3.9 -1.9
v 2.6 3.9 -1.9
v 0 4.6 -0.8
v 4 4.6 -0.8
v 0.1 4.6 -0.9
v 0.2 4.6 -0.9
v 0.3 4.6 -0.9
v 1.4 4.6 -0.9
v 1.5 4.6 -0.9
v 2.5 4.6 -0.9
v 2.6 4.6 -0.9
v 3.7 4.6 -0.9
v 3.8 4.6 -0.9
v 3.9 4.6 -0.9
v 0.1 4.6 -1
v 0.2 4.6 -1
v 0.3 4.6 -1
v 1.4 4.6 -1
v 1.5 4.6 -1
v 2.5 4.6 -1
v 2.6 4.6 -1
v 3.7 4.6 -1
v 3.8 4.6 -1
v 3.9 4.6 -1
v 0.1 4.6 -1.1
v 0.2 4.6 -1.1
v 0.3 4.6 -1.1
v 1.4 4.6 -1.1
v 1.5 4.6 -1.1
v 2.5 4.6 -1.1
v 2.6 4.6 -1.1
v 3.7 4.6 -1.1
v 3.8 4.6 -1.1
v 3.9 4.6 -1.1
v 0.1 4.6 -1.2
v 0.2 4.6 -1.2
v 0.3 4.6 -1.2
v 1.4 4.6 -1.2
v 1.5 4.6 -1.2
v 2.5 4.6 -1.2
v 2.6 4.6 -1.2
v 3.7 4.6 -1.2
v 3.8 4.6 -1.2
v 3.9 4.6 -1.2
v 0.1 4.6 -1.3
v 0.2 4.6 -1.3
v 0.3 4.6 -1.3
v 1.4 4.6 -1.3
v 1.5 4.6 -1.3
v 2.5 4.6 -1.3
v 2.6 4.6 -1.3
v 3.7 4.6 -1.3
v 3.8 4.6 -1.3
v 3.9 4.6 -1.3
v 0.1 4.6 -1.4
v 0.2 4.6 -1.4
v 0.3 4.6 -1.4
v 1.4 4.6 -1.4
v 1.5 4.6 -1.4
v 2.5 4.6 -1.4
v 2.6 4.6 -1.4
v 3.7 4.6 -1.4
v 3.8 4.6 -1.4
v 3.9 4.6 -1.4
v 0.1 4.6 -1.5
v 0.2 4.6 -1.5
v 0.3 4.6 -1.5
v 1.4 4.6 -1.5
v 1.5 4.6 -1.5
v 2.5 4.6 -1.5
v 2.6 4.6 -1.5
v 3.7 4.6 -1.5
v 3.8 4.6 -1.5
v 3.9 4.6 -1.5
v 0.1 4.6 -1.6
v 0.2 4.6 -1.6
v 0.3 4.6 -1.6
v 1.4 4.6 -1.6
v 1.5 4.6 -1.6
v 2.5 4.6 -1.6
v 2.6 4.6 -1.6
v 3.7 4.6 -1.6
v 3.8 4.6 -1.6
v 3.9 4.6 -1.6
v 0 4.6 -1.7
v 0.2 4.6 -1.7
v 0.3 4.6 -1.7
v 1.4 4.6 -1.7
v 1.5 4.6 -1.7
v 2.5 4.6 -1.7
v 2.6 4.6 -1.7
v 3.7 4.6 -1.7
v 3.8 4.6 -1.7
v 4 4.6 -1.7
v 0.2 4.7 -0.9
v 0.3 4.7 -0.9
v 1.4 4.7 -0.9
v 1.5 4.7 -0.9
v 2.5 4.7 -0.9
v 2.6 4.7 -0.9
v 3.7 4.7 -0.9
v 3.8 4.7 -0.9
v 0.2 4.7 -1
v 0.3 4.7 -1
v 1.4 4.7 -1
v 1.5 4.7 -1
v 2.5 4.7 -1
v 2.6 4.7 -1
v 3.7 4.7 -1
v 3.8 4.7 -1
v 0.2 4.7 -1.1
v 0.3 4.7 -1.1
v 1.4 4.7 -1.1
v 1.5 4.7 -1.1
v 2.5 4.7 -1.1
v 2.6 4.7 -1.1
v 3.7 4.7 -1.1
v 3.8 4.7 -1.1
v 0 4.7 -1.7
v 0.2 4.7 -1.7
v 0.3 4.7 -1.7
v 1.4 4.7 -1.7
v 1.5 4.7 -1.7
v 2.5 4.7 -1.7
v 2.6 4.7 -1.7
v 3.7 4.7 -1.7
v 3.8 4.7 -1.7
v 4 4.7 -1.7
v 0 4.7 -1.8
v 4 4.7 -1.8
v 0.2 4.9 -1
v 0.3 4.9 -1
v 1.4 4.9 -1
v 1.5 4.9 -1
v 2.5 4.9 -1
v 2.6 4.9 -1
v 3.7 4.9 -1
v 3.8 4.9 -1
v 0.2 4.9 -1.1
v 0.3 4.9 -1.1
v 1.4 4.9 -1.1
v 1.5 4.9 -1.1
v 2.5 4.9 -1.1
v 2.6 4.9 -1.1
v 3.7 4.9 -1.1
v 3.8 4.9 -1.1
v 0 4.9 -1.7
v 4 4.9 -1.7
v 0 4.9 -1.8
v 4 4.9 -1.8
v 0.2 5.1 -1.1
v 0.3 5.1 -1.1
v 1.4 5.1 -1.1
v 1.5 5.1 -1.1
v 2.5 5.1 -1.1
v 2.6 5.1 -1.1
v 3.7 5.1 -1.1
v 3.8 5.1 -1.1
v 0.2 5.1 -1.2
v 0.3 5.1 -1.2
v 1.4 5.1 -1.2
v 1.5 5.1 -1.2
v 2.5 5.1 -1.2
v 2.6 5.1 -1.2
v 3.7 5.1 -1.2
v 3.8 5.1 -1.2
v 0 5.1 -1.7
v 4 5.1 -1.7
v 0 5.1 -1.8
v 4 5.1 -1.8
v 0.2 5.2 -1.2
v 0.3 5.2 -1.2
v 1.4 5.2 -1.2
v 1.5 5.2 -1.2
v 2.5 5.2 -1.2
v 2.6 5.2 -1.2
v 3.7 5.2 -1.2
v 3.8 5.2 -1.2
v 0.2 5.2 -1.3
v 0.3 5.2 -1.3
v 1.4 5.2 -1.3
v 1.5 5.2 -1.3
v 2.5 5.2 -1.3
v 2.6 5.2 -1.3
v 3.7 5.2 -1.3
v 3.8 5.2 -1.3
v 0.2 5.2 -1.9
v 1.4 5.2 -1.9
v 1.5 5.2 -1.9
v 3.9 5.2 -1.9
v 0.2 5.2 -3.9
v 1.4 5.2 -3.9
v 1.5 5.2 -3.9
v 3.9 5.2 -3.9
v 0 5.3 -1.7
v 4 5.3 -1.7
v 0 5.3 -1.8
v 4 5.3 -1.8
v 0.2 5.4 -1.3
v 0.3 5.4 -1.3
v 1.4 5.4 -1.3
v 1.5 5.4 -1.3
v 2.5 5.4 -1.3
v 2.6 5.4 -1.3
v 3.7 5.4 -1.3
v 3.8 5.4 -1.3
v 0.2 5.4 -1.4
v 0.3 5.4 -1.4
v 1.4 5.4 -1.4
v 1.5 5.4 -1.4
v 2.5 5.4 -1.4
v 2.6 5.4 -1.4
v 3.7 5.4 -1.4
v 3.8 5.4 -1.4
v 0.5 5.5 -1.7
v 1.2 5.5 -1.7
v 1.7 5.5 -1.7
v 2.3 5.5 -1.7
v 2.8 5.5 -1.7
v 3.5 5.5 -1.7
v 0.5 5.5 -1.8
v 1.2 5.5 -1.8
v 1.7 5.5 -1.8
v 2.3 5.5 -1.8
v 2.8 5.5 -1.8
v 3.5 5.5 -1.8
v 0.2 5.6 -1.4
v 0.3 5.6 -1.4
v 1.4 5.6 -1.4
v 1.5 5.6 -1.4
v 2.5 5.6 -1.4
v 2.6 5.6 -1.4
v 3.7 5.6 -1.4
v 3.8 5.6 -1.4
v 0.2 5.6 -1.5
v 0.3 5.6 -1.5
v 1.4 5.6 -1.5
v 1.5 5.6 -1.5
v 2.5 5.6 -1.5
v 2.6 5.6 -1.5
v 3.7 5.6 -1.5
v 3.8 5.6 -1.5
v 0.2 5.7 -1.5
v 0.3 5.7 -1.5
v 1.4 5.7 -1.5
v 1.5 5.7 -1.5
v 2.5 5.7 -1.5
v 2.6 5.7 -1.5
v 3.7 5.7 -1.5
v 3.8 5.7 -1.5
v 0.2 5.7 -1.6
v 0.3 5.7 -1.6
v 1.4 5.7 -1.6
v 1.5 5.7 -1.6
v 2.5 5.7 -1.6
v 2.6 5.7 -1.6
v 3.7 5.7 -1.6
v 3.8 5.7 -1.6
v 0.5 5.7 -1.7
v 1.2 5.7 -1.7
v 1.7 5.7 -1.7
v 2.3 5.7 -1.7
v 2.8 5.7 -1.7
v 3.5 5.7 -1.7
v 0.5 5.7 -1.8
v 1.2 5.7 -1.8
v 1.7 5.7 -1.8
v 2.3 5.7 -1.8
v 2.8 5.7 -1.8
v 3.5 5.7 -1.8
v 0.1 5.8 -1.6
v 0.4 5.8 -1.6
v 1.3 5.8 -1.6
v 1.6 5.8 -1.6
v 2.4 5.8 -1.6
v 2.7 5.8 -1.6
v 3.6 5.8 -1.6
v 3.9 5.8 -1.6
v 0.1 5.8 -1.7
v 0.4 5.8 -1.7
v 1.3 5.8 -1.7
v 1.6 5.8 -1.7
v 2.4 5.8 -1.7
v 2.7 5.8 -1.7
v 3.6 5.8 -1.7
v 3.9 5.8 -1.7
v 0 6 -1.6
v 4 6 -1.6
v 0.1 6 -1.7
v 0.3 6 -1.7
v 1.4 6 -1.7
v 1.6 6 -1.7
v 2.4 6 -1.7
v 2.6 6 -1.7
v 3.7 6 -1.7
v 3.9 6 -1.7
v 0 6 -1.8
v 0.1 6 -1.8
v 0.3 6 -1.8
v 1.4 6 -1.8
v 1.6 6 -1.8
v 2.4 6 -1.8
v 2.6 6 -1.8
v 3.7 6 -1.8
v 3.9 6 -1.8
v 4 6 -1.8
v 0.4 6.1 -1.8
v 0.6 6.1 -1.8
v 0.7 6.1 -1.8
v 1.3 6.1 -1.8
v 1.7 6.1 -1.8
v 2.3 6.1 -1.8
v 2.7 6.1 -1.8
v 3.3 6.1 -1.8
v 3.4 6.1 -1.8
v 3.6 6.1 -1.8
v 0.4 6.1 -1.9
v 0.6 6.1 -1.9
v 0.7 6.1 -1.9
v 1.3 6.1 -1.9
v 1.7 6.1 -1.9
v 2.3 6.1 -1.9
v 2.7 6.1 -1.9
v 3.3 6.1 -1.9
v 3.4 6.1 -1.9
v 3.6 6.1 -1.9
v 0.4 6.6 -1.8
v 0.6 6.6 -1.8
v 0.7 6.6 -1.8
v 1.3 6.6 -1.8
v 1.7 6.6 -1.8
v 2.3 6.6 -1.8
v 2.7 6.6 -1.8
v 3.3 6.6 -1.8
v 3.4 6.6 -1.8
v 3.6 6.6 -1.8
v 0.4 6.6 -1.9
v 0.6 6.6 -1.9
v 0.7 6.6 -1.9
v 1.3 6.6 -1.9
v 1.7 6.6 -1.9
v 2.3 6.6 -1.9
v 2.7 6.6 -1.9
v 3.3 6.6 -1.9
v 3.4 6.6 -1.9
v 3.6 6.6 -1.9
v 0.3 7.1 -1.6
v 1.4 7.1 -1.6
v 1.6 7.1 -1.6
v 2.4 7.1 -1.6
v 2.6 7.1 -1.6
v 3.7 7.1 -1.6
v 0.3 7.1 -1.7
v 1.4 7.1 -1.7
v 1.6 7.1 -1.7
v 2.4 7.1 -1.7
v 2.6 7.1 -1.7
v 3.7 7.1 -1.7
v 2.1 7.3 -2.3
v 3.9 7.3 -2.3
v 0.2 7.3 -2.4
v 2 7.3 -2.4
v 0.7 7.3 -2.7
v 0.8 7.3 -2.7
v 1.2 7.3 -2.7
v 1.3 7.3 -2.7
v 0.6 7.3 -2.8
v 0.7 7.3 -2.8
v 0.8 7.3 -2.8
v 0.9 7.3 -2.8
v 1.1 7.3 -2.8
v 1.2 7.3 -2.8
v 1.3 7.3 -2.8
v 1.4 7.3 -2.8
v 0.6 7.3 -2.9
v 0.7 7.3 -2.9
v 0.8 7.3 -2.9
v 0.9 7.3 -2.9
v 1.1 7.3 -2.9
v 1.2 7.3 -2.9
v 1.3 7.3 -2.9
v 1.4 7.3 -2.9
v 0.7 7.3 -3
v 0.8 7.3 -3
v 1.2 7.3 -3
v 1.3 7.3 -3
v 2 7.3 -3.1
v 2.1 7.3 -3.1
v 0.7 7.3 -3.2
v 0.8 7.3 -3.2
v 1.9 7.3 -3.2
v 2 7.3 -3.2
v 2.1 7.3 -3.2
v 0.6 7.3 -3.3
v 0.7 7.3 -3.3
v 0.8 7.3 -3.3
v 0.9 7.3 -3.3
v 1.8 7.3 -3.3
v 1.9 7.3 -3.3
v 2 7.3 -3.3
v 0.6 7.3 -3.4
v 0.7 7.3 -3.4
v 0.8 7.3 -3.4
v 0.9 7.3 -3.4
v 1.7 7.3 -3.4
v 1.8 7.3 -3.4
v 1.9 7.3 -3.4
v 0.7 7.3 -3.5
v 0.8 7.3 -3.5
v 1.6 7.3 -3.5
v 1.7 7.3 -3.5
v 1.8 7.3 -3.5
v 1.6 7.3 -3.6
v 1.7 7.3 -3.6
v 2 7.3 -3.8
v 2.1 7.3 -3.8
v 0.2 7.3 -3.9
v 0.3 7.3 -3.9
v 2.1 7.3 -3.9
v 3.9 7.3 -3.9
v 0.3 7.3 -4
v 2 7.3 -4
v 0 7.4 -1.6
v 4 7.4 -1.6
v 0.2 7.4 -1.8
v 0.3 7.4 -1.8
v 0.2 7.4 -1.9
v 0.3 7.4 -1.9
v 0.2 7.4 -2
v 2 7.4 -2
v 4 7.4 -2
v 0.7 7.4 -2.1
v 0.8 7.4 -2.1
v 0.5 7.4 -2.2
v 0.6 7.4 -2.2
v 0.7 7.4 -2.2
v 0.8 7.4 -2.2
v 1 7.4 -2.2
v 1.1 7.4 -2.2
v 1.3 7.4 -2.2
v 1.4 7.4 -2.2
v 0.5 7.4 -2.3
v 0.6 7.4 -2.3
v 1 7.4 -2.3
v 1.1 7.4 -2.3
v 1.3 7.4 -2.3
v 1.4 7.4 -2.3
v 0.2 7.4 -2.4
v 0.7 7.4 -2.7
v 0.8 7.4 -2.7
v 1.2 7.4 -2.7
v 1.3 7.4 -2.7
v 0.6 7.4 -2.8
v 0.7 7.4 -2.8
v 0.8 7.4 -2.8
v 0.9 7.4 -2.8
v 1.1 7.4 -2.8
v 1.2 7.4 -2.8
v 1.3 7.4 -2.8
v 1.4 7.4 -2.8
v 0.6 7.4 -2.9
v 0.7 7.4 -2.9
v 0.8 7.4 -2.9
v 0.9 7.4 -2.9
v 1.1 7.4 -2.9
v 1.2 7.4 -2.9
v 1.3 7.4 -2.9
v 1.4 7.4 -2.9
v 0.7 7.4 -3
v 0.8 7.4 -3
v 1.2 7.4 -3
v 1.3 7.4 -3
v 0.7 7.4 -3.2
v 0.8 7.4 -3.2
v 0.6 7.4 -3.3
v 0.7 7.4 -3.3
v 0.8 7.4 -3.3
v 0.9 7.4 -3.3
v 0.6 7.4 -3.4
v 0.7 7.4 -3.4
v 0.8 7.4 -3.4
v 0.9 7.4 -3.4
v 0.7 7.4 -3.5
v 0.8 7.4 -3.5
v 0.2 7.4 -3.9
v 0 7.4 -4
v 0.2 7.4 -4
v 0.2 7.5 -2
v 2 7.5 -2
v 2.1 7.5 -2
v 3.9 7.5 -2
v 0.3 7.5 -2.1
v 0.5 7.5 -2.1
v 0.6 7.5 -2.1
v 0.7 7.5 -2.1
v 0.8 7.5 -2.1
v 1 7.5 -2.1
v 1.1 7.5 -2.1
v 1.3 7.5 -2.1
v 1.5 7.5 -2.1
v 1.6 7.5 -2.1
v 1.7 7.5 -2.1
v 1.8 7.5 -2.1
v 1.9 7.5 -2.1
v 2.1 7.5 -2.1
v 3.9 7.5 -2.1
v 0.4 7.5 -2.2
v 0.5 7.5 -2.2
v 0.6 7.5 -2.2
v 0.7 7.5 -2.2
v 0.8 7.5 -2.2
v 1 7.5 -2.2
v 1.1 7.5 -2.2
v 1.3 7.5 -2.2
v 1.4 7.5 -2.2
v 1.5 7.5 -2.2
v 1.6 7.5 -2.2
v 1.7 7.5 -2.2
v 1.8 7.5 -2.2
v 1.9 7.5 -2.2
v 0.3 7.5 -2.3
v 0.4 7.5 -2.3
v 0.5 7.5 -2.3
v 0.6 7.5 -2.3
v 0.8 7.5 -2.3
v 1 7.5 -2.3
v 1.1 7.5 -2.3
v 1.3 7.5 -2.3
v 1.4 7.5 -2.3
v 1.5 7.5 -2.3
v 1.7 7.5 -2.3
v 1.9 7.5 -2.3
v 0.2 7.5 -2.4
v 2 7.5 -2.4
v 0.3 7.6 -2.1
v 0.5 7.6 -2.1
v 0.6 7.6 -2.1
v 0.7 7.6 -2.1
v 1.1 7.6 -2.1
v 1.3 7.6 -2.1
v 1.5 7.6 -2.1
v 1.6 7.6 -2.1
v 1.7 7.6 -2.1
v 1.8 7.6 -2.1
v 0.3 7.6 -2.2
v 0.4 7.6 -2.2
v 0.5 7.6 -2.2
v 0.6 7.6 -2.2
v 0.7 7.6 -2.2
v 0.8 7.6 -2.2
v 0.9 7.6 -2.2
v 1 7.6 -2.2
v 1.4 7.6 -2.2
v 1.5 7.6 -2.2
v 1.6 7.6 -2.2
v 1.7 7.6 -2.2
v 1.8 7.6 -2.2
v 1.9 7.6 -2.2
v 2.1 7.6 -2.2
v 3.9 7.6 -2.2
v 0.8 7.6 -2.3
v 1 7.6 -2.3
v 1.1 7.6 -2.3
v 1.3 7.6 -2.3
v 1.4 7.6 -2.3
v 1.5 7.6 -2.3
v 1.7 7.6 -2.3
v 1.9 7.6 -2.3
v 2.1 7.6 -2.3
v 3.9 7.6 -2.3
v 1.1 7.6 -2.7
v 1.4 7.6 -2.7
v 1.1 7.6 -3
v 1.4 7.6 -3
v 0.6 7.6 -3.2
v 0.9 7.6 -3.2
v 0.6 7.6 -3.5
v 0.9 7.6 -3.5
v 2.1 7.7 -2
v 2.5 7.7 -2
v 2.6 7.7 -2
v 3 7.7 -2
v 3.1 7.7 -2
v 3.9 7.7 -2
v 0.8 7.7 -2.1
v 0.9 7.7 -2.1
v 1 7.7 -2.1
v 2.1 7.7 -2.1
v 2.5 7.7 -2.1
v 2.6 7.7 -2.1
v 3 7.7 -2.1
v 3.1 7.7 -2.1
v 3.9 7.7 -2.1
v 0.3 7.7 -2.2
v 0.4 7.7 -2.2
v 0.8 7.7 -2.2
v 0.9 7.7 -2.2
v 1 7.7 -2.2
v 0.3 7.7 -2.3
v 0.4 7.7 -2.3
v 0.6 7.8 -2.6
v 0.9 7.8 -2.6
v 0.5 7.8 -2.7
v 0.6 7.8 -2.7
v 0.9 7.8 -2.7
v 1 7.8 -2.7
v 0.5 7.8 -3
v 0.6 7.8 -3
v 0.9 7.8 -3
v 1 7.8 -3
v 0.6 7.8 -3.1
v 0.9 7.8 -3.1
v 3.1 8 -2
v 3.9 8 -2
v 3.1 8 -2.1
v 3.9 8 -2.1
v 1.6 8 -3.4
v 1.7 8 -3.4
v 1.6 8 -3.5
v 1.7 8 -3.5
v 1 8.2 -1.9
v 1.4 8.2 -1.9
v 1 8.2 -2
v 1.4 8.2 -2
v 0.6 8.3 -1.8
v 0.7 8.3 -1.8
v 0.6 8.3 -1.9
v 0.7 8.3 -1.9
v 1 8.3 -1.9
v 1.4 8.3 -1.9
v 1.6 8.3 -1.9
v 0.7 8.3 -2
v 1 8.3 -2
v 1.4 8.3 -2
v 1.6 8.3 -2
v 1.8 8.3 -2
v 1.6 8.3 -2.1
v 1.8 8.3 -2.1
v 0.2 8.3 -2.5
v 0.3 8.3 -2.5
v 0.2 8.3 -3
v 0.3 8.3 -3
v 0.2 8.4 -1.7
v 0.3 8.4 -1.7
v 0.1 8.4 -1.8
v 0.2 8.4 -1.8
v 0.3 8.4 -1.8
v 0.6 8.4 -1.8
v 0.1 8.4 -1.9
v 0.2 8.4 -1.9
v 0.3 8.4 -1.9
v 0.6 8.4 -1.9
v 1.8 8.4 -2
v 2 8.4 -2
v 2.1 8.4 -2
v 3.9 8.4 -2
v 1.8 8.4 -2.1
v 2 8.4 -2.1
v 2.1 8.4 -2.1
v 3.9 8.4 -2.1
v 0.2 8.4 -2.5
v 0.3 8.4 -2.5
v 0.2 8.4 -3
v 0.3 8.4 -3
v 1.9 8.4 -3.2
v 2 8.4 -3.2
v 1.8 8.4 -3.3
v 1.9 8.4 -3.3
v 2 8.4 -3.3
v 1.7 8.4 -3.4
v 1.8 8.4 -3.4
v 1.9 8.4 -3.4
v 0.2 8.4 -3.5
v 0.3 8.4 -3.5
v 1.6 8.4 -3.5
v 1.7 8.4 -3.5
v 1.8 8.4 -3.5
v 1.6 8.4 -3.6
v 1.7 8.4 -3.6
v 0.2 8.5 -1.8
v 0.3 8.5 -1.8
v 0.2 8.5 -1.9
v 0.3 8.5 -1.9
v 0.2 8.5 -3.5
v 0.3 8.5 -3.5
v 0.1 8.5 -3.9
v 0.2 8.5 -3.9
v 0.3 8.5 -3.9
v 0.4 8.5 -3.9
v 0.1 8.5 -4
v 0.2 8.5 -4
v 0.3 8.5 -4
v 0.4 8.5 -4
v 0.2 8.6 -3.9
v 0.3 8.6 -3.9
v 0.2 8.6 -4
v 0.3 8.6 -4
v 1.8 8.7 -1.9
v 4 8.7 -1.9
v 2 8.7 -2.1
v 4 8.7 -2.1
v 1.8 8.7 -4
v 2 8.7 -4
v 2 8.8 -2.1
v 4 8.8 -2.1
v 2.3 8.8 -2.4
v 4 8.8 -2.4
v 2 8.8 -4
v 2.3 8.8 -4
v 2.3 8.9 -2.4
v 4 8.9 -2.4
v 2.6 8.9 -2.7
v 4 8.9 -2.7
v 2.3 8.9 -4
v 2.6 8.9 -4
v 2.6 9 -2.7
v 4 9 -2.7
v 2.6 9 -4
v 4 9 -4

# faces
f 3/13/1 2/13/1 1/13/1
f 4/13/1 2/13/1 3/13/1
f 5/13/1 2/13/1 4/13/1
f 8/11/1 5/11/1 4/11/1
f 9/11/1 5/11/1 8/11/1
f 10/9/1 7/9/1 6/9/1
f 11/12/1 8/12/1 7/12/1
f 11/9/1 7/9/1 10/9/1
f 11/12/1 9/12/1 8/12/1
f 12/12/1 9/12/1 11/12/1
f 13/12/1 9/12/1 12/12/1
f 15/12/1 9/12/1 13/12/1
f 16/12/1 15/12/1 14/12/1
f 17/12/1 9/12/1 15/12/1
f 17/12/1 15/12/1 16/12/1
f 19/12/1 9/12/1 17/12/1
f 20/12/1 19/12/1 18/12/1
f 21/12/1 9/12/1 19/12/1
f 21/12/1 19/12/1 20/12/1
f 23/12/1 9/12/1 21/12/1
f 24/12/1 23/12/1 22/12/1
f 25/12/1 9/12/1 23/12/1
f 25/12/1 23/12/1 24/12/1
f 27/12/1 9/12/1 25/12/1
f 29/12/1 27/12/1 26/12/1
f 30/12/1 9/12/1 27/12/1
f 30/12/1 27/12/1 29/12/1
f 31/13/1 29/13/1 28/13/1
f 31/13/1 30/13/1 29/13/1
f 32/12/1 9/12/1 30/12/1
f 32/13/1 30/13/1 31/13/1
f 34/12/1 9/12/1 32/12/1
f 35/12/1 9/12/1 34/12/1
f 36/13/1 34/13/1 33/13/1
f 36/13/1 35/13/1 34/13/1
f 37/13/1 35/13/1 36/13/1
f 40/9/1 39/9/1 38/9/1
f 41/9/1 39/9/1 40/9/1
f 44/13/1 43/13/1 42/13/1
f 45/13/1 43/13/1 44/13/1
f 48/9/1 47/9/1 46/9/1
f 49/9/1 47/9/1 48/9/1
f 52/9/1 51/9/1 50/9/1
f 53/9/1 51/9/1 52/9/1
f 63/9/1 55/9/1 54/9/1
f 63/9/1 62/9/1 61/9/1
f 63/9/1 61/9/1 60/9/1
f 63/9/1 60/9/1 59/9/1
f 63/9/1 59/9/1 58/9/1
f 63/9/1 58/9/1 57/9/1
f 63/9/1 57/9/1 56/9/1
f 63/9/1 56/9/1 55/9/1
f 64/9/1 62/9/1 63/9/1
f 65/9/1 62/9/1 64/9/1
f 66/9/1 62/9/1 65/9/1
f 67/10/1 65/10/1 64/10/1
f 68/10/1 65/10/1 67/10/1
f 70/10/1 69/10/1 68/10/1
f 71/10/1 69/10/1 70/10/1
f 73/10/1 72/10/1 71/10/1
f 74/10/1 72/10/1 73/10/1
f 76/10/1 75/10/1 74/10/1
f 77/10/1 75/10/1 76/10/1
f 79/10/1 78/10/1 77/10/1
f 80/10/1 78/10/1 79/10/1
f 82/10/1 81/10/1 80/10/1
f 83/10/1 81/10/1 82/10/1
f 90/1/1 87/1/1 86/1/1
f 91/1/1 87/1/1 90/1/1
f 101/6/1 93/6/1 92/6/1
f 102/6/1 93/6/1 101/6/1
f 103/6/1 95/6/1 94/6/1
f 104/6/1 95/6/1 103/6/1
f 111/9/1 85/9/1 84/9/1
f 112/9/1 85/9/1 111/9/1
f 113/6/1 97/6/1 96/6/1
f 114/6/1 97/6/1 113/6/1
f 115/6/1 99/6/1 98/6/1
f 116/6/1 99/6/1 115/6/1
f 117/10/1 102/10/1 101/10/1
f 117/10/1 101/10/1 100/10/1
f 117/10/1 103/10/1 102/10/1
f 117/10/1 104/10/1 103/10/1
f 117/10/1 105/10/1 104/10/1
f 118/10/1 105/10/1 117/10/1
f 119/6/1 107/6/1 106/6/1
f 120/6/1 107/6/1 119/6/1
f 121/6/1 109/6/1 108/6/1
f 122/6/1 109/6/1 121/6/1
f 127/9/1 89/9/1 88/9/1
f 128/9/1 111/9/1 110/9/1
f 129/9/1 111/9/1 128/9/1
f 130/10/1 114/10/1 113/10/1
f 130/10/1 116/10/1 115/10/1
f 130/10/1 115/10/1 114/10/1
f 130/10/1 113/10/1 112/10/1
f 130/10/1 117/10/1 116/10/1
f 131/10/1 117/10/1 130/10/1
f 132/10/1 120/10/1 119/10/1
f 132/10/1 123/10/1 122/10/1
f 132/10/1 122/10/1 121/10/1
f 132/10/1 121/10/1 120/10/1
f 132/10/1 119/10/1 118/10/1
f 133/10/1 123/10/1 132/10/1
f 134/6/1 125/6/1 124/6/1
f 135/6/1 125/6/1 134/6/1
f 136/6/1 127/6/1 126/6/1
f 137/9/1 89/9/1 127/9/1
f 137/6/1 127/6/1 136/6/1
f 138/9/1 89/9/1 137/9/1
f 139/9/1 130/9/1 129/9/1
f 140/9/1 130/9/1 139/9/1
f 141/10/1 137/10/1 136/10/1
f 141/10/1 135/10/1 134/10/1
f 141/10/1 134/10/1 133/10/1
f 141/10/1 136/10/1 135/10/1
f 142/10/1 137/10/1 141/10/1
f 144/9/1 143/9/1 142/9/1
f 145/9/1 143/9/1 144/9/1
f 148/1/1 147/1/1 146/1/1
f 149/1/1 148/1/1 146/1/1
f 150/1/1 148/1/1 149/1/1
f 151/1/1 148/1/1 150/1/1
f 152/1/1 148/1/1 151/1/1
f 153/2/1 151/2/1 150/2/1
f 154/2/1 151/2/1 153/2/1
f 157/2/1 156/2/1 155/2/1
f 158/2/1 156/2/1 157/2/1
f 159/2/1 156/2/1 158/2/1
f 160/4/1 159/4/1 158/4/1
f 161/4/1 159/4/1 160/4/1
f 164/2/1 163/2/1 162/2/1
f 165/2/1 163/2/1 164/2/1
f 166/2/1 163/2/1 165/2/1
f 168/2/1 167/2/1 166/2/1
f 168/2/1 166/2/1 165/2/1
f 169/2/1 167/2/1 168/2/1
f 170/2/1 167/2/1 169/2/1
f 171/2/1 167/2/1 170/2/1
f 176/7/1 173/7/1 172/7/1
f 177/7/1 173/7/1 176/7/1
f 178/7/1 175/7/1 174/7/1
f 179/7/1 175/7/1 178/7/1
f 182/12/1 181/12/1 180/12/1
f 183/12/1 181/12/1 182/12/1
f 184/5/1 183/5/1 182/5/1
f 185/5/1 183/5/1 184/5/1
f 188/6/1 187/6/1 186/6/1
f 189/6/1 187/6/1 188/6/1
f 192/2/1 191/2/1 190/2/1
f 193/2/1 191/2/1 192/2/1
f 196/3/1 195/3/1 194/3/1
f 197/3/1 195/3/1 196/3/1
f 200/11/1 199/11/1 198/11/1
f 201/11/1 199/11/1 200/11/1
f 204/11/1 203/11/1 202/11/1
f 205/11/1 203/11/1 204/11/1
f 208/12/1 207/12/1 206/12/1
f 209/12/1 208/12/1 206/12/1
f 210/12/1 208/12/1 209/12/1
f 215/12/1 212/12/1 211/12/1
f 216/7/1 214/7/1 213/7/1
f 217/7/1 214/7/1 216/7/1
f 218/12/1 215/12/1 211/12/1
f 219/12/1 215/12/1 218/12/1
f 226/3/1 221/3/1 220/3/1
f 227/3/1 221/3/1 226/3/1
f 228/3/1 223/3/1 222/3/1
f 229/3/1 223/3/1 228/3/1
f 231/2/1 225/2/1 224/2/1
f 232/2/1 225/2/1 231/2/1
f 235/2/1 231/2/1 230/2/1
f 236/2/1 231/2/1 235/2/1
f 237/3/1 234/3/1 233/3/1
f 238/3/1 234/3/1 237/3/1
f 243/3/1 240/3/1 239/3/1
f 244/3/1 240/3/1 243/3/1
f 245/3/1 242/3/1 241/3/1
f 246/3/1 242/3/1 245/3/1
f 249/10/1 248/10/1 247/10/1
f 250/10/1 248/10/1 249/10/1
f 257/7/1 252/7/1 251/7/1
f 258/7/1 252/7/1 257/7/1
f 259/7/1 254/7/1 253/7/1
f 260/7/1 254/7/1 259/7/1
f 261/7/1 256/7/1 255/7/1
f 262/7/1 256/7/1 261/7/1
f 271/3/1 264/3/1 263/3/1
f 272/3/1 264/3/1 271/3/1
f 273/3/1 266/3/1 265/3/1
f 274/3/1 266/3/1 273/3/1
f 275/3/1 268/3/1 267/3/1
f 276/3/1 268/3/1 275/3/1
f 277/3/1 270/3/1 269/3/1
f 278/3/1 270/3/1 277/3/1
f 279/3/1 277/3/1 276/3/1
f 280/3/1 277/3/1 279/3/1
f 281/3/1 273/3/1 272/3/1
f 282/3/1 273/3/1 281/3/1
f 285/10/1 284/10/1 283/10/1
f 286/10/1 284/10/1 285/10/1
f 291/7/1 288/7/1 287/7/1
f 292/7/1 288/7/1 291/7/1
f 293/7/1 290/7/1 289/7/1
f 294/7/1 290/7/1 293/7/1
f 297/2/1 296/2/1 295/2/1
f 298/2/1 296/2/1 297/2/1
f 300/2/1 298/2/1 297/2/1
f 300/2/1 299/2/1 298/2/1
f 301/2/1 299/2/1 300/2/1
f 302/2/1 300/2/1 297/2/1
f 303/2/1 300/2/1 302/2/1
f 306/6/1 305/6/1 304/6/1
f 307/6/1 305/6/1 306/6/1
f 310/10/1 309/10/1 308/10/1
f 311/10/1 309/10/1 310/10/1
f 316/3/1 313/3/1 312/3/1
f 317/3/1 313/3/1 316/3/1
f 319/2/1 315/2/1 314/2/1
f 320/2/1 315/2/1 319/2/1
f 323/2/1 320/2/1 319/2/1
f 323/2/1 319/2/1 318/2/1
f 324/2/1 320/2/1 323/2/1
f 325/3/1 322/3/1 321/3/1
f 326/3/1 322/3/1 325/3/1
f 329/1/1 328/1/1 327/1/1
f 330/1/1 329/1/1 327/1/1
f 331/1/1 329/1/1 330/1/1
f 332/1/1 329/1/1 331/1/1
f 333/1/1 329/1/1 332/1/1
f 334/2/1 332/2/1 331/2/1
f 335/2/1 332/2/1 334/2/1
f 338/12/1 337/12/1 336/12/1
f 339/12/1 337/12/1 338/12/1
f 342/12/1 341/12/1 340/12/1
f 343/12/1 341/12/1 342/12/1
f 348/3/1 345/3/1 344/3/1
f 349/3/1 345/3/1 348/3/1
f 350/3/1 347/3/1 346/3/1
f 351/3/1 347/3/1 350/3/1
f 352/3/1 350/3/1 349/3/1
f 353/3/1 350/3/1 352/3/1
f 356/6/1 355/6/1 354/6/1
f 357/6/1 355/6/1 356/6/1
f 363/2/1 361/2/1 360/2/1
f 364/2/1 363/2/1 362/2/1
f 365/2/1 361/2/1 363/2/1
f 365/2/1 363/2/1 364/2/1
f 366/2/1 361/2/1 365/2/1
f 367/2/1 361/2/1 366/2/1
f 368/11/1 359/11/1 358/11/1
f 369/11/1 359/11/1 368/11/1
f 372/11/1 371/11/1 370/11/1
f 373/11/1 371/11/1 372/11/1
f 376/9/1 375/9/1 374/9/1
f 377/9/1 375/9/1 376/9/1
f 380/12/1 379/12/1 378/12/1
f 381/12/1 380/12/1 378/12/1
f 382/12/1 380/12/1 381/12/1
f 385/12/1 384/12/1 383/12/1
f 386/12/1 385/12/1 383/12/1
f 387/12/1 385/12/1 386/12/1
f 390/2/1 389/2/1 388/2/1
f 391/2/1 389/2/1 390/2/1
f 394/2/1 393/2/1 392/2/1
f 395/2/1 393/2/1 394/2/1
f 405/9/1 402/9/1 401/9/1
f 405/9/1 404/9/1 403/9/1
f 405/9/1 403/9/1 402/9/1
f 405/9/1 401/9/1 400/9/1
f 405/9/1 400/9/1 399/9/1
f 405/9/1 399/9/1 398/9/1
f 405/9/1 398/9/1 397/9/1
f 405/9/1 397/9/1 396/9/1
f 406/9/1 404/9/1 405/9/1
f 407/9/1 404/9/1 406/9/1
f 408/9/1 404/9/1 407/9/1
f 413/7/1 410/7/1 409/7/1
f 414/7/1 410/7/1 413/7/1
f 415/7/1 412/7/1 411/7/1
f 416/7/1 412/7/1 415/7/1
f 417/10/1 407/10/1 406/10/1
f 418/10/1 407/10/1 417/10/1
f 420/10/1 419/10/1 418/10/1
f 421/10/1 419/10/1 420/10/1
f 423/10/1 422/10/1 421/10/1
f 424/10/1 422/10/1 423/10/1
f 428/10/1 425/10/1 424/10/1
f 429/10/1 425/10/1 428/10/1
f 431/10/1 430/10/1 429/10/1
f 432/10/1 430/10/1 431/10/1
f 434/10/1 433/10/1 432/10/1
f 435/10/1 433/10/1 434/10/1
f 438/12/1 427/12/1 426/12/1
f 439/12/1 427/12/1 438/12/1
f 440/13/1 437/13/1 436/13/1
f 441/13/1 437/13/1 440/13/1
f 444/13/1 443/13/1 442/13/1
f 445/13/1 443/13/1 444/13/1
f 448/2/1 447/2/1 446/2/1
f 449/2/1 447/2/1 448/2/1
f 450/4/1 449/4/1 448/4/1
f 451/4/1 449/4/1 450/4/1
f 454/10/1 453/10/1 452/10/1
f 455/10/1 453/10/1 454/10/1
f 458/2/1 457/2/1 456/2/1
f 459/2/1 457/2/1 458/2/1
f 462/2/1 461/2/1 460/2/1
f 463/2/1 461/2/1 462/2/1
f 466/12/1 465/12/1 464/12/1
f 467/12/1 465/12/1 466/12/1
f 468/5/1 467/5/1 466/5/1
f 469/5/1 467/5/1 468/5/1
f 473/1/1 471/1/1 470/1/1
f 474/9/1 473/9/1 472/9/1
f 475/1/1 471/1/1 473/1/1
f 475/9/1 473/9/1 474/9/1
f 478/6/1 477/6/1 476/6/1
f 479/6/1 477/6/1 478/6/1
f 480/10/1 479/10/1 478/10/1
f 481/10/1 479/10/1 480/10/1
f 482/1/1 471/1/1 475/1/1
f 483/1/1 471/1/1 482/1/1
f 486/8/1 485/8/1 484/8/1
f 487/8/1 485/8/1 486/8/1
f 493/4/1 491/4/1 490/4/1
f 494/2/1 492/2/1 491/2/1
f 494/4/1 491/4/1 493/4/1
f 495/2/1 492/2/1 494/2/1
f 496/1/1 489/1/1 488/1/1
f 497/1/1 489/1/1 496/1/1
f 500/1/1 499/1/1 498/1/1
f 501/1/1 499/1/1 500/1/1
f 504/8/1 503/8/1 502/8/1
f 505/8/1 503/8/1 504/8/1
f 510/10/1 509/10/1 508/10/1
f 511/10/1 509/10/1 510/10/1
f 512/1/1 507/1/1 506/1/1
f 513/1/1 507/1/1 512/1/1
f 516/14/1 515/14/1 514/14/1
f 517/14/1 515/14/1 516/14/1
f 520/1/1 519/1/1 518/1/1
f 521/1/1 519/1/1 520/1/1
f 524/11/1 523/11/1 522/11/1
f 525/11/1 523/11/1 524/11/1
f 528/11/1 527/11/1 526/11/1
f 529/11/1 527/11/1 528/11/1
f 536/13/1 531/13/1 530/13/1
f 537/13/1 536/13/1 535/13/1
f 538/13/1 531/13/1 536/13/1
f 538/13/1 536/13/1 537/13/1
f 539/13/1 537/13/1 535/13/1
f 540/13/1 537/13/1 539/13/1
f 541/5/1 538/5/1 537/5/1
f 541/13/1 537/13/1 540/13/1
f 542/13/1 531/13/1 538/13/1
f 542/5/1 538/5/1 541/5/1
f 544/13/1 541/13/1 540/13/1
f 544/13/1 542/13/1 541/13/1
f 545/13/1 542/13/1 544/13/1
f 546/13/1 531/13/1 542/13/1
f 546/13/1 542/13/1 545/13/1
f 547/1/1 532/1/1 531/1/1
f 547/13/1 531/13/1 546/13/1
f 548/1/1 532/1/1 547/1/1
f 550/13/1 534/13/1 533/13/1
f 551/5/1 546/5/1 545/5/1
f 551/13/1 545/13/1 544/13/1
f 551/13/1 544/13/1 543/13/1
f 552/13/1 549/13/1 548/13/1
f 552/5/1 546/5/1 551/5/1
f 552/13/1 550/13/1 549/13/1
f 552/13/1 548/13/1 547/13/1
f 552/13/1 547/13/1 546/13/1
f 553/13/1 551/13/1 543/13/1
f 553/13/1 552/13/1 551/13/1
f 554/13/1 550/13/1 552/13/1
f 554/13/1 552/13/1 553/13/1
f 554/13/1 534/13/1 550/13/1
f 557/14/1 556/14/1 555/14/1
f 558/14/1 556/14/1 557/14/1
f 561/1/1 560/1/1 559/1/1
f 562/1/1 561/1/1 559/1/1
f 563/1/1 561/1/1 562/1/1
f 564/1/1 561/1/1 563/1/1
f 565/1/1 561/1/1 564/1/1
f 566/2/1 564/2/1 563/2/1
f 567/2/1 564/2/1 566/2/1
f 570/2/1 569/2/1 568/2/1
f 571/2/1 569/2/1 570/2/1
f 572/2/1 569/2/1 571/2/1
f 574/2/1 573/2/1 572/2/1
f 574/2/1 572/2/1 571/2/1
f 575/2/1 573/2/1 574/2/1
f 576/2/1 574/2/1 571/2/1
f 577/2/1 574/2/1 576/2/1
f 580/2/1 579/2/1 578/2/1
f 581/2/1 579/2/1 580/2/1
f 582/2/1 579/2/1 581/2/1
f 585/12/1 584/12/1 583/12/1
f 586/12/1 584/12/1 585/12/1
f 589/12/1 588/12/1 587/12/1
f 590/12/1 588/12/1 589/12/1
f 593/12/1 592/12/1 591/12/1
f 594/12/1 593/12/1 591/12/1
f 595/12/1 593/12/1 594/12/1
f 598/12/1 597/12/1 596/12/1
f 599/12/1 598/12/1 596/12/1
f 600/12/1 598/12/1 599/12/1
f 603/14/1 602/14/1 601/14/1
f 604/14/1 602/14/1 603/14/1
f 607/2/1 606/2/1 605/2/1
f 608/2/1 606/2/1 607/2/1
f 611/9/1 610/9/1 609/9/1
f 612/9/1 610/9/1 611/9/1
f 615/13/1 614/13/1 613/13/1
f 616/13/1 614/13/1 615/13/1
f 619/13/1 618/13/1 617/13/1
f 620/13/1 618/13/1 619/13/1
f 623/8/1 622/8/1 621/8/1
f 624/8/1 622/8/1 623/8/1
f 634/9/1 626/9/1 625/9/1
f 634/9/1 633/9/1 632/9/1
f 634/9/1 632/9/1 631/9/1
f 634/9/1 631/9/1 630/9/1
f 634/9/1 630/9/1 629/9/1
f 634/9/1 629/9/1 628/9/1
f 634/9/1 628/9/1 627/9/1
f 634/9/1 627/9/1 626/9/1
f 635/9/1 633/9/1 634/9/1
f 636/9/1 633/9/1 635/9/1
f 637/9/1 633/9/1 636/9/1
f 638/10/1 636/10/1 635/10/1
f 639/10/1 636/10/1 638/10/1
f 641/10/1 640/10/1 639/10/1
f 642/10/1 640/10/1 641/10/1
f 644/10/1 643/10/1 642/10/1
f 645/10/1 643/10/1 644/10/1
f 647/10/1 646/10/1 645/10/1
f 648/10/1 646/10/1 647/10/1
f 650/10/1 649/10/1 648/10/1
f 651/10/1 649/10/1 650/10/1
f 653/10/1 652/10/1 651/10/1
f 654/10/1 652/10/1 653/10/1
f 657/13/1 656/13/1 655/13/1
f 658/13/1 656/13/1 657/13/1
f 663/8/1 660/8/1 659/8/1
f 664/8/1 660/8/1 663/8/1
f 665/8/1 662/8/1 661/8/1
f 666/8/1 662/8/1 665/8/1
f 671/11/1 668/11/1 667/11/1
f 672/11/1 670/11/1 669/11/1
f 673/11/1 670/11/1 672/11/1
f 674/11/1 668/11/1 671/11/1
f 677/11/1 668/11/1 674/11/1
f 678/11/1 676/11/1 675/11/1
f 679/11/1 676/11/1 678/11/1
f 680/11/1 668/11/1 677/11/1
f 681/11/1 668/11/1 680/11/1
f 682/11/1 668/11/1 681/11/1
f 683/12/1 682/12/1 681/12/1
f 684/12/1 682/12/1 683/12/1
f 687/14/1 686/14/1 685/14/1
f 688/14/1 686/14/1 687/14/1
f 691/13/1 690/13/1 689/13/1
f 693/13/1 691/13/1 689/13/1
f 693/13/1 692/13/1 691/13/1
f 694/13/1 692/13/1 693/13/1
f 695/13/1 692/13/1 694/13/1
f 698/12/1 697/12/1 696/12/1
f 699/12/1 697/12/1 698/12/1
f 700/5/1 699/5/1 698/5/1
f 701/5/1 699/5/1 700/5/1
f 704/13/1 703/13/1 702/13/1
f 705/13/1 703/13/1 704/13/1
f 708/12/1 707/12/1 706/12/1
f 709/12/1 708/12/1 706/12/1
f 710/12/1 708/12/1 709/12/1
f 713/12/1 712/12/1 711/12/1
f 714/12/1 713/12/1 711/12/1
f 715/12/1 713/12/1 714/12/1
f 718/8/1 717/8/1 716/8/1
f 719/8/1 717/8/1 718/8/1
f 724/8/1 721/8/1 720/8/1
f 725/8/1 721/8/1 724/8/1
f 726/8/1 723/8/1 722/8/1
f 727/8/1 723/8/1 726/8/1
f 730/12/1 729/12/1 728/12/1
f 731/12/1 729/12/1 730/12/1
f 734/12/1 733/12/1 732/12/1
f 735/12/1 733/12/1 734/12/1
f 738/9/1 737/9/1 736/9/1
f 739/9/1 737/9/1 738/9/1
f 742/12/1 741/12/1 740/12/1
f 743/12/1 742/12/1 740/12/1
f 744/12/1 742/12/1 743/12/1
f 747/12/1 746/12/1 745/12/1
f 748/12/1 747/12/1 745/12/1
f 749/12/1 747/12/1 748/12/1
f 759/9/1 751/9/1 750/9/1
f 759/9/1 758/9/1 757/9/1
f 759/9/1 757/9/1 756/9/1
f 759/9/1 756/9/1 755/9/1
f 759/9/1 755/9/1 754/9/1
f 759/9/1 754/9/1 753/9/1
f 759/9/1 753/9/1 752/9/1
f 759/9/1 752/9/1 751/9/1
f 760/9/1 758/9/1 759/9/1
f 761/9/1 758/9/1 760/9/1
f 762/9/1 758/9/1 761/9/1
f 763/10/1 761/10/1 760/10/1
f 764/10/1 761/10/1 763/10/1
f 766/10/1 765/10/1 764/10/1
f 767/10/1 765/10/1 766/10/1
f 769/10/1 768/10/1 767/10/1
f 770/10/1 768/10/1 769/10/1
f 772/10/1 771/10/1 770/10/1
f 773/10/1 771/10/1 772/10/1
f 775/10/1 774/10/1 773/10/1
f 776/10/1 774/10/1 775/10/1
f 778/10/1 777/10/1 776/10/1
f 779/10/1 777/10/1 778/10/1
f 782/13/1 781/13/1 780/13/1
f 783/13/1 781/13/1 782/13/1
f 786/13/1 785/13/1 784/13/1
f 787/13/1 785/13/1 786/13/1
f 790/13/1 789/13/1 788/13/1
f 791/13/1 789/13/1 790/13/1
f 792/13/1 789/13/1 791/13/1
f 793/13/1 789/13/1 792/13/1
f 802/9/1 795/9/1 794/9/1
f 803/9/1 795/9/1 802/9/1
f 804/9/1 797/9/1 796/9/1
f 805/9/1 797/9/1 804/9/1
f 806/9/1 799/9/1 798/9/1
f 807/9/1 799/9/1 806/9/1
f 808/9/1 801/9/1 800/9/1
f 809/9/1 801/9/1 808/9/1
f 812/12/1 811/12/1 810/12/1
f 813/12/1 811/12/1 812/12/1
f 818/13/1 817/13/1 816/13/1
f 819/13/1 817/13/1 818/13/1
f 821/13/1 815/13/1 814/13/1
f 824/13/1 821/13/1 820/13/1
f 825/13/1 823/13/1 822/13/1
f 826/13/1 823/13/1 825/13/1
f 827/13/1 821/13/1 824/13/1
f 830/13/1 821/13/1 827/13/1
f 831/13/1 829/13/1 828/13/1
f 832/13/1 829/13/1 831/13/1
f 833/13/1 821/13/1 830/13/1
f 836/13/1 821/13/1 833/13/1
f 837/13/1 835/13/1 834/13/1
f 838/13/1 835/13/1 837/13/1
f 839/13/1 821/13/1 836/13/1
f 840/13/1 815/13/1 821/13/1
f 840/13/1 821/13/1 839/13/1
f 841/11/2 842/11/2 845/11/2
f 845/11/2 842/11/2 846/11/2
f 847/11/2 848/11/2 849/11/2
f 849/11/2 848/11/2 850/11/2
f 843/11/2 844/11/2 851/11/2
f 851/11/2 844/11/2 860/11/2
f 860/11/2 844/11/2 861/11/2
f 852/9/2 853/9/2 862/9/2
f 862/9/2 853/9/2 863/9/2
f 854/9/2 855/9/2 864/9/2
f 864/9/2 855/9/2 865/9/2
f 856/9/2 857/9/2 866/9/2
f 866/9/2 857/9/2 867/9/2
f 858/9/2 859/9/2 868/9/2
f 868/9/2 859/9/2 869/9/2
f 860/12/2 861/12/2 870/12/2
f 870/12/2 861/12/2 871/12/2
f 872/12/2 873/12/2 874/12/2
f 874/12/2 873/12/2 875/12/2
f 876/13/2 877/13/2 878/13/2
f 878/13/2 877/13/2 879/13/2
f 880/9/2 881/9/2 889/9/2
f 887/9/2 888/9/2 889/9/2
f 886/9/2 887/9/2 889/9/2
f 885/9/2 886/9/2 889/9/2
f 884/9/2 885/9/2 889/9/2
f 883/9/2 884/9/2 889/9/2
f 882/9/2 883/9/2 889/9/2
f 881/9/2 882/9/2 889/9/2
f 889/9/2 888/9/2 890/9/2
f 890/9/2 888/9/2 891/9/2
f 891/9/2 888/9/2 892/9/2
f 890/10/2 891/10/2 893/10/2
f 893/10/2 891/10/2 894/10/2
f 894/10/2 895/10/2 896/10/2
f 896/10/2 895/10/2 897/10/2
f 897/10/2 898/10/2 899/10/2
f 899/10/2 898/10/2 900/10/2
f 900/10/2 901/10/2 902/10/2
f 902/10/2 901/10/2 903/10/2
f 903/10/2 904/10/2 905/10/2
f 905/10/2 904/10/2 906/10/2
f 906/10/2 907/10/2 908/10/2
f 908/10/2 907/10/2 909/10/2
f 910/13/2 911/13/2 912/13/2
f 912/13/2 911/13/2 913/13/2
f 914/13/2 915/13/2 916/13/2
f 916/13/2 915/13/2 917/13/2
f 922/6/2 923/6/2 931/6/2
f 931/6/2 923/6/2 932/6/2
f 924/6/2 925/6/2 933/6/2
f 933/6/2 925/6/2 934/6/2
f 920/9/2 921/9/2 941/9/2
f 941/9/2 921/9/2 942/9/2
f 926/6/2 927/6/2 943/6/2
f 943/6/2 927/6/2 944/6/2
f 928/6/2 929/6/2 945/6/2
f 945/6/2 929/6/2 946/6/2
f 931/10/2 932/10/2 947/10/2
f 930/10/2 931/10/2 947/10/2
f 932/10/2 933/10/2 947/10/2
f 933/10/2 934/10/2 947/10/2
f 934/10/2 935/10/2 947/10/2
f 947/10/2 935/10/2 948/10/2
f 936/6/2 937/6/2 949/6/2
f 949/6/2 937/6/2 950/6/2
f 938/6/2 939/6/2 951/6/2
f 951/6/2 939/6/2 952/6/2
f 918/9/2 919/9/2 957/9/2
f 940/9/2 941/9/2 958/9/2
f 958/9/2 941/9/2 959/9/2
f 943/10/2 944/10/2 960/10/2
f 945/10/2 946/10/2 960/10/2
f 944/10/2 945/10/2 960/10/2
f 942/10/2 943/10/2 960/10/2
f 946/10/2 947/10/2 960/10/2
f 960/10/2 947/10/2 961/10/2
f 949/10/2 950/10/2 962/10/2
f 952/10/2 953/10/2 962/10/2
f 951/10/2 952/10/2 962/10/2
f 950/10/2 951/10/2 962/10/2
f 948/10/2 949/10/2 962/10/2
f 962/10/2 953/10/2 963/10/2
f 954/6/2 955/6/2 964/6/2
f 964/6/2 955/6/2 965/6/2
f 956/6/2 957/6/2 966/6/2
f 957/9/2 919/9/2 967/9/2
f 966/6/2 957/6/2 967/6/2
f 967/9/2 919/9/2 968/9/2
f 959/9/2 960/9/2 969/9/2
f 969/9/2 960/9/2 970/9/2
f 966/10/2 967/10/2 971/10/2
f 964/10/2 965/10/2 971/10/2
f 963/10/2 964/10/2 971/10/2
f 965/10/2 966/10/2 971/10/2
f 971/10/2 967/10/2 972/10/2
f 972/9/2 973/9/2 974/9/2
f 974/9/2 973/9/2 975/9/2
f 976/9/2 977/9/2 978/9/2
f 978/9/2 977/9/2 979/9/2
f 980/12/2 981/12/2 982/12/2
f 980/12/2 982/12/2 983/12/2
f 983/12/2 982/12/2 984/12/2
f 985/12/2 986/12/2 987/12/2
f 985/12/2 987/12/2 988/12/2
f 988/12/2 987/12/2 989/12/2
f 990/2/2 991/2/2 992/2/2
f 992/2/2 991/2/2 993/2/2
f 992/4/2 993/4/2 994/4/2
f 994/4/2 993/4/2 995/4/2
f 996/9/2 997/9/2 998/9/2
f 998/9/2 997/9/2 999/9/2
f 1000/2/2 1001/2/2 1002/2/2
f 1002/2/2 1001/2/2 1003/2/2
f 1004/12/2 1005/12/2 1006/12/2
f 1006/12/2 1005/12/2 1007/12/2
f 1008/12/2 1009/12/2 1010/12/2
f 1010/12/2 1009/12/2 1011/12/2
f 1012/2/2 1013/2/2 1015/2/2
f 1015/2/2 1013/2/2 1016/2/2
f 1014/2/2 1015/2/2 1017/2/2
f 1017/2/2 1015/2/2 1018/2/2
f 1019/6/2 1020/6/2 1021/6/2
f 1021/6/2 1020/6/2 1022/6/2
f 1023/2/2 1024/2/2 1025/2/2
f 1025/2/2 1024/2/2 1026/2/2
f 1026/2/2 1027/2/2 1028/2/2
f 1028/2/2 1027/2/2 1029/2/2
f 1030/10/2 1031/10/2 1032/10/2
f 1032/10/2 1031/10/2 1033/10/2
f 1034/1/2 1035/1/2 1036/1/2
f 1034/1/2 1036/1/2 1039/1/2
f 1039/1/2 1036/1/2 1040/1/2
f 1040/1/2 1036/1/2 1041/1/2
f 1041/1/2 1036/1/2 1042/1/2
f 1040/2/2 1041/2/2 1043/2/2
f 1043/2/2 1041/2/2 1044/2/2
f 1037/11/2 1038/11/2 1045/11/2
f 1045/11/2 1038/11/2 1046/11/2
f 1047/11/2 1048/11/2 1049/11/2
f 1049/11/2 1048/11/2 1050/11/2
f 1051/12/2 1052/12/2 1053/12/2
f 1051/12/2 1053/12/2 1054/12/2
f 1054/12/2 1053/12/2 1055/12/2
f 1056/12/2 1057/12/2 1058/12/2
f 1056/12/2 1058/12/2 1059/12/2
f 1059/12/2 1058/12/2 1060/12/2
f 1061/2/2 1062/2/2 1063/2/2
f 1063/2/2 1062/2/2 1064/2/2
f 1063/2/2 1064/2/2 1065/2/2
f 1065/2/2 1064/2/2 1066/2/2
f 1067/10/2 1068/10/2 1069/10/2
f 1069/10/2 1068/10/2 1070/10/2
f 1071/3/2 1072/3/2 1079/3/2
f 1079/3/2 1072/3/2 1080/3/2
f 1073/3/2 1074/3/2 1081/3/2
f 1081/3/2 1074/3/2 1082/3/2
f 1075/3/2 1076/3/2 1083/3/2
f 1083/3/2 1076/3/2 1084/3/2
f 1077/3/2 1078/3/2 1085/3/2
f 1085/3/2 1078/3/2 1086/3/2
f 1084/3/2 1085/3/2 1087/3/2
f 1087/3/2 1085/3/2 1088/3/2
f 1080/3/2 1081/3/2 1089/3/2
f 1089/3/2 1081/3/2 1090/3/2
f 1091/7/2 1092/7/2 1095/7/2
f 1095/7/2 1092/7/2 1096/7/2
f 1093/7/2 1094/7/2 1097/7/2
f 1097/7/2 1094/7/2 1098/7/2
f 1099/3/2 1100/3/2 1103/3/2
f 1103/3/2 1100/3/2 1104/3/2
f 1101/3/2 1102/3/2 1105/3/2
f 1105/3/2 1102/3/2 1106/3/2
f 1107/3/2 1108/3/2 1109/3/2
f 1109/3/2 1108/3/2 1110/3/2
f 1111/3/2 1112/3/2 1115/3/2
f 1115/3/2 1112/3/2 1116/3/2
f 1113/3/2 1114/3/2 1117/3/2
f 1117/3/2 1114/3/2 1118/3/2
f 1119/6/2 1120/6/2 1121/6/2
f 1121/6/2 1120/6/2 1122/6/2
f 1123/7/2 1124/7/2 1129/7/2
f 1129/7/2 1124/7/2 1130/7/2
f 1125/7/2 1126/7/2 1131/7/2
f 1131/7/2 1126/7/2 1132/7/2
f 1127/7/2 1128/7/2 1133/7/2
f 1133/7/2 1128/7/2 1134/7/2
f 1135/2/2 1136/2/2 1138/2/2
f 1138/2/2 1136/2/2 1139/2/2
f 1137/2/2 1138/2/2 1140/2/2
f 1138/2/2 1139/2/2 1140/2/2
f 1140/2/2 1139/2/2 1141/2/2
f 1141/2/2 1139/2/2 1142/2/2
f 1140/4/2 1141/4/2 1143/4/2
f 1143/4/2 1141/4/2 1144/4/2
f 1145/3/2 1146/3/2 1147/3/2
f 1147/3/2 1146/3/2 1148/3/2
f 1149/10/2 1150/10/2 1151/10/2
f 1151/10/2 1150/10/2 1152/10/2
f 1153/7/2 1154/7/2 1155/7/2
f 1155/7/2 1154/7/2 1156/7/2
f 1157/7/2 1158/7/2 1161/7/2
f 1161/7/2 1158/7/2 1162/7/2
f 1159/7/2 1160/7/2 1163/7/2
f 1163/7/2 1160/7/2 1164/7/2
f 1165/12/2 1166/12/2 1167/12/2
f 1167/12/2 1166/12/2 1168/12/2
f 1167/5/2 1168/5/2 1169/5/2
f 1169/5/2 1168/5/2 1170/5/2
f 1171/3/2 1172/3/2 1177/3/2
f 1177/3/2 1172/3/2 1178/3/2
f 1173/3/2 1174/3/2 1179/3/2
f 1179/3/2 1174/3/2 1180/3/2
f 1175/2/2 1176/2/2 1182/2/2
f 1182/2/2 1176/2/2 1183/2/2
f 1178/3/2 1179/3/2 1184/3/2
f 1184/3/2 1179/3/2 1185/3/2
f 1182/2/2 1183/2/2 1186/2/2
f 1181/2/2 1182/2/2 1186/2/2
f 1186/2/2 1183/2/2 1187/2/2
f 1188/6/2 1189/6/2 1190/6/2
f 1190/6/2 1189/6/2 1191/6/2
f 1194/2/2 1195/2/2 1196/2/2
f 1196/2/2 1195/2/2 1197/2/2
f 1192/11/2 1193/11/2 1198/11/2
f 1198/11/2 1193/11/2 1199/11/2
f 1200/11/2 1201/11/2 1202/11/2
f 1202/11/2 1201/11/2 1203/11/2
f 1204/3/2 1205/3/2 1206/3/2
f 1206/3/2 1205/3/2 1207/3/2
f 1208/3/2 1209/3/2 1210/3/2
f 1210/3/2 1209/3/2 1211/3/2
f 1212/10/2 1213/10/2 1214/10/2
f 1214/10/2 1213/10/2 1215/10/2
f 1216/2/2 1217/2/2 1218/2/2
f 1218/2/2 1217/2/2 1219/2/2
f 1219/2/2 1217/2/2 1220/2/2
f 1220/2/2 1221/2/2 1222/2/2
f 1219/2/2 1220/2/2 1222/2/2
f 1222/2/2 1221/2/2 1223/2/2
f 1230/9/2 1231/9/2 1233/9/2
f 1231/9/2 1232/9/2 1233/9/2
f 1229/9/2 1230/9/2 1233/9/2
f 1228/9/2 1229/9/2 1233/9/2
f 1227/9/2 1228/9/2 1233/9/2
f 1226/9/2 1227/9/2 1233/9/2
f 1225/9/2 1226/9/2 1233/9/2
f 1224/9/2 1225/9/2 1233/9/2
f 1233/9/2 1232/9/2 1234/9/2
f 1234/9/2 1232/9/2 1235/9/2
f 1235/9/2 1232/9/2 1236/9/2
f 1234/10/2 1235/10/2 1237/10/2
f 1237/10/2 1235/10/2 1238/10/2
f 1238/10/2 1239/10/2 1240/10/2
f 1240/10/2 1239/10/2 1241/10/2
f 1241/10/2 1242/10/2 1243/10/2
f 1243/10/2 1242/10/2 1244/10/2
f 1244/10/2 1245/10/2 1248/10/2
f 1248/10/2 1245/10/2 1249/10/2
f 1249/10/2 1250/10/2 1251/10/2
f 1251/10/2 1250/10/2 1252/10/2
f 1252/10/2 1253/10/2 1254/10/2
f 1254/10/2 1253/10/2 1255/10/2
f 1246/12/2 1247/12/2 1256/12/2
f 1256/12/2 1247/12/2 1257/12/2
f 1258/4/2 1259/4/2 1260/4/2
f 1260/4/2 1259/4/2 1261/4/2
f 1262/1/2 1263/1/2 1264/1/2
f 1262/1/2 1264/1/2 1265/1/2
f 1265/1/2 1264/1/2 1266/1/2
f 1266/1/2 1264/1/2 1267/1/2
f 1266/2/2 1267/2/2 1268/2/2
f 1268/2/2 1267/2/2 1269/2/2
f 1270/9/2 1271/9/2 1272/9/2
f 1272/9/2 1271/9/2 1273/9/2
f 1274/13/2 1275/13/2 1276/13/2
f 1276/13/2 1275/13/2 1277/13/2
f 1278/13/2 1279/13/2 1280/13/2
f 1280/13/2 1279/13/2 1281/13/2
f 1282/2/2 1283/2/2 1284/2/2
f 1284/2/2 1283/2/2 1285/2/2
f 1286/10/2 1287/10/2 1288/10/2
f 1288/10/2 1287/10/2 1289/10/2
f 1290/12/2 1291/12/2 1292/12/2
f 1292/12/2 1291/12/2 1293/12/2
f 1294/12/2 1295/12/2 1296/12/2
f 1296/12/2 1295/12/2 1297/12/2
f 1298/12/2 1299/12/2 1300/12/2
f 1298/12/2 1300/12/2 1301/12/2
f 1301/12/2 1300/12/2 1302/12/2
f 1303/12/2 1304/12/2 1305/12/2
f 1303/12/2 1305/12/2 1306/12/2
f 1306/12/2 1305/12/2 1307/12/2
f 1310/6/2 1311/6/2 1312/6/2
f 1312/6/2 1311/6/2 1313/6/2
f 1308/1/2 1309/1/2 1314/1/2
f 1314/1/2 1309/1/2 1315/1/2
f 1318/4/2 1319/4/2 1320/4/2
f 1320/4/2 1319/4/2 1321/4/2
f 1322/10/2 1323/10/2 1324/10/2
f 1324/10/2 1323/10/2 1325/10/2
f 1316/1/2 1317/1/2 1326/1/2
f 1326/1/2 1317/1/2 1327/1/2
f 1330/2/2 1331/2/2 1332/2/2
f 1332/2/2 1331/2/2 1333/2/2
f 1328/1/2 1329/1/2 1334/1/2
f 1334/1/2 1329/1/2 1335/1/2
f 1336/1/2 1337/1/2 1338/1/2
f 1338/1/2 1337/1/2 1339/1/2
f 1340/11/2 1341/11/2 1342/11/2
f 1342/11/2 1341/11/2 1343/11/2
f 1344/11/2 1345/11/2 1346/11/2
f 1346/11/2 1345/11/2 1347/11/2
f 1353/13/2 1354/13/2 1355/13/2
f 1355/13/2 1354/13/2 1356/13/2
f 1348/13/2 1349/13/2 1358/13/2
f 1357/13/2 1358/13/2 1361/13/2
f 1361/13/2 1358/13/2 1362/13/2
f 1358/13/2 1349/13/2 1363/13/2
f 1362/13/2 1358/13/2 1363/13/2
f 1359/13/2 1360/13/2 1364/13/2
f 1364/13/2 1360/13/2 1365/13/2
f 1362/5/2 1363/5/2 1366/5/2
f 1363/13/2 1349/13/2 1367/13/2
f 1366/5/2 1363/5/2 1367/5/2
f 1366/13/2 1367/13/2 1370/13/2
f 1367/13/2 1349/13/2 1371/13/2
f 1370/13/2 1367/13/2 1371/13/2
f 1349/1/2 1350/1/2 1372/1/2
f 1371/13/2 1349/13/2 1372/13/2
f 1372/1/2 1350/1/2 1373/1/2
f 1351/13/2 1352/13/2 1374/13/2
f 1368/13/2 1369/13/2 1375/13/2
f 1375/13/2 1369/13/2 1376/13/2
f 1370/5/2 1371/5/2 1377/5/2
f 1372/13/2 1373/13/2 1378/13/2
f 1377/5/2 1371/5/2 1378/5/2
f 1373/13/2 1374/13/2 1378/13/2
f 1371/13/2 1372/13/2 1378/13/2
f 1374/13/2 1352/13/2 1379/13/2
f 1378/13/2 1374/13/2 1379/13/2
f 1380/2/2 1381/2/2 1382/2/2
f 1382/2/2 1381/2/2 1383/2/2
f 1384/2/2 1385/2/2 1386/2/2
f 1386/2/2 1385/2/2 1387/2/2
f 1388/2/2 1389/2/2 1391/2/2
f 1390/2/2 1391/2/2 1392/2/2
f 1391/2/2 1389/2/2 1393/2/2
f 1392/2/2 1391/2/2 1393/2/2
f 1393/2/2 1389/2/2 1394/2/2
f 1394/2/2 1389/2/2 1395/2/2
f 1396/7/2 1397/7/2 1400/7/2
f 1400/7/2 1397/7/2 1401/7/2
f 1398/7/2 1399/7/2 1402/7/2
f 1402/7/2 1399/7/2 1403/7/2
f 1404/12/2 1405/12/2 1406/12/2
f 1406/12/2 1405/12/2 1407/12/2
f 1406/5/2 1407/5/2 1408/5/2
f 1408/5/2 1407/5/2 1409/5/2
f 1410/1/2 1411/1/2 1412/1/2
f 1410/1/2 1412/1/2 1413/1/2
f 1413/1/2 1412/1/2 1414/1/2
f 1414/1/2 1412/1/2 1415/1/2
f 1413/2/2 1414/2/2 1416/2/2
f 1416/2/2 1414/2/2 1417/2/2
f 1418/9/2 1419/9/2 1427/9/2
f 1425/9/2 1426/9/2 1427/9/2
f 1424/9/2 1425/9/2 1427/9/2
f 1423/9/2 1424/9/2 1427/9/2
f 1422/9/2 1423/9/2 1427/9/2
f 1421/9/2 1422/9/2 1427/9/2
f 1420/9/2 1421/9/2 1427/9/2
f 1419/9/2 1420/9/2 1427/9/2
f 1427/9/2 1426/9/2 1428/9/2
f 1428/9/2 1426/9/2 1429/9/2
f 1429/9/2 1426/9/2 1430/9/2
f 1428/10/2 1429/10/2 1431/10/2
f 1431/10/2 1429/10/2 1432/10/2
f 1432/10/2 1433/10/2 1434/10/2
f 1434/10/2 1433/10/2 1435/10/2
f 1435/10/2 1436/10/2 1437/10/2
f 1437/10/2 1436/10/2 1438/10/2
f 1438/10/2 1439/10/2 1440/10/2
f 1440/10/2 1439/10/2 1441/10/2
f 1441/10/2 1442/10/2 1443/10/2
f 1443/10/2 1442/10/2 1444/10/2
f 1444/10/2 1445/10/2 1446/10/2
f 1446/10/2 1445/10/2 1447/10/2
f 1448/13/2 1449/13/2 1450/13/2
f 1450/13/2 1449/13/2 1451/13/2
f 1452/13/2 1453/13/2 1454/13/2
f 1454/13/2 1453/13/2 1455/13/2
f 1456/13/2 1457/13/2 1458/13/2
f 1458/13/2 1457/13/2 1459/13/2
f 1460/9/2 1461/9/2 1462/9/2
f 1462/9/2 1461/9/2 1463/9/2
f 1464/12/2 1465/12/2 1466/12/2
f 1464/12/2 1466/12/2 1467/12/2
f 1467/12/2 1466/12/2 1468/12/2
f 1469/12/2 1470/12/2 1471/12/2
f 1469/12/2 1471/12/2 1472/12/2
f 1472/12/2 1471/12/2 1473/12/2
f 1474/8/2 1475/8/2 1478/8/2
f 1478/8/2 1475/8/2 1479/8/2
f 1476/8/2 1477/8/2 1480/8/2
f 1480/8/2 1477/8/2 1481/8/2
f 1482/12/2 1483/12/2 1484/12/2
f 1484/12/2 1483/12/2 1485/12/2
f 1486/12/2 1487/12/2 1488/12/2
f 1488/12/2 1487/12/2 1489/12/2
f 1490/8/2 1491/8/2 1492/8/2
f 1492/8/2 1491/8/2 1493/8/2
f 1494/13/2 1495/13/2 1496/13/2
f 1496/13/2 1495/13/2 1497/13/2
f 1497/13/2 1495/13/2 1498/13/2
f 1498/13/2 1495/13/2 1499/13/2
f 1500/13/2 1501/13/2 1502/13/2
f 1502/13/2 1501/13/2 1503/13/2
f 1504/13/2 1505/13/2 1506/13/2
f 1506/13/2 1505/13/2 1507/13/2
f 1508/12/2 1509/12/2 1510/12/2
f 1508/12/2 1510/12/2 1511/12/2
f 1511/12/2 1510/12/2 1512/12/2
f 1513/12/2 1514/12/2 1515/12/2
f 1513/12/2 1515/12/2 1516/12/2
f 1516/12/2 1515/12/2 1517/12/2
f 1518/12/2 1519/12/2 1520/12/2
f 1520/12/2 1519/12/2 1521/12/2
f 1520/5/2 1521/5/2 1526/5/2
f 1526/5/2 1521/5/2 1527/5/2
f 1522/8/2 1523/8/2 1528/8/2
f 1528/8/2 1523/8/2 1529/8/2
f 1524/8/2 1525/8/2 1530/8/2
f 1530/8/2 1525/8/2 1531/8/2
f 1532/8/2 1533/8/2 1536/8/2
f 1536/8/2 1533/8/2 1537/8/2
f 1534/8/2 1535/8/2 1538/8/2
f 1538/8/2 1535/8/2 1539/8/2
f 1540/8/2 1541/8/2 1542/8/2
f 1542/8/2 1541/8/2 1543/8/2
f 1544/9/2 1545/9/2 1553/9/2
f 1551/9/2 1552/9/2 1553/9/2
f 1550/9/2 1551/9/2 1553/9/2
f 1549/9/2 1550/9/2 1553/9/2
f 1548/9/2 1549/9/2 1553/9/2
f 1547/9/2 1548/9/2 1553/9/2
f 1546/9/2 1547/9/2 1553/9/2
f 1545/9/2 1546/9/2 1553/9/2
f 1553/9/2 1552/9/2 1554/9/2
f 1554/9/2 1552/9/2 1555/9/2
f 1555/9/2 1552/9/2 1556/9/2
f 1554/10/2 1555/10/2 1557/10/2
f 1557/10/2 1555/10/2 1558/10/2
f 1558/10/2 1559/10/2 1560/10/2
f 1560/10/2 1559/10/2 1561/10/2
f 1561/10/2 1562/10/2 1563/10/2
f 1563/10/2 1562/10/2 1564/10/2
f 1564/10/2 1565/10/2 1566/10/2
f 1566/10/2 1565/10/2 1567/10/2
f 1567/10/2 1568/10/2 1569/10/2
f 1569/10/2 1568/10/2 1570/10/2
f 1570/10/2 1571/10/2 1572/10/2
f 1572/10/2 1571/10/2 1573/10/2
f 1574/9/2 1575/9/2 1576/9/2
f 1576/9/2 1575/9/2 1577/9/2
f 1578/13/2 1579/13/2 1580/13/2
f 1580/13/2 1579/13/2 1581/13/2
f 1582/13/2 1583/13/2 1585/13/2
f 1585/13/2 1583/13/2 1586/13/2
f 1586/13/2 1583/13/2 1587/13/2
f 1584/9/2 1585/9/2 1588/9/2
f 1585/9/2 1586/9/2 1588/9/2
f 1586/12/2 1587/12/2 1589/12/2
f 1588/9/2 1586/9/2 1589/9/2
f 1589/12/2 1587/12/2 1590/12/2
f 1590/12/2 1587/12/2 1591/12/2
f 1591/12/2 1587/12/2 1593/12/2
f 1592/12/2 1593/12/2 1594/12/2
f 1593/12/2 1587/12/2 1595/12/2
f 1594/12/2 1593/12/2 1595/12/2
f 1595/12/2 1587/12/2 1597/12/2
f 1596/12/2 1597/12/2 1598/12/2
f 1597/12/2 1587/12/2 1599/12/2
f 1598/12/2 1597/12/2 1599/12/2
f 1599/12/2 1587/12/2 1601/12/2
f 1600/12/2 1601/12/2 1602/12/2
f 1601/12/2 1587/12/2 1603/12/2
f 1602/12/2 1601/12/2 1603/12/2
f 1603/12/2 1587/12/2 1605/12/2
f 1604/12/2 1605/12/2 1607/12/2
f 1605/12/2 1587/12/2 1608/12/2
f 1607/12/2 1605/12/2 1608/12/2
f 1606/13/2 1607/13/2 1609/13/2
f 1607/13/2 1608/13/2 1609/13/2
f 1608/12/2 1587/12/2 1610/12/2
f 1609/13/2 1608/13/2 1610/13/2
f 1610/12/2 1587/12/2 1612/12/2
f 1612/12/2 1587/12/2 1613/12/2
f 1611/13/2 1612/13/2 1614/13/2
f 1612/13/2 1613/13/2 1614/13/2
f 1614/13/2 1613/13/2 1615/13/2
f 1615/13/2 1613/13/2 1617/13/2
f 1617/13/2 1613/13/2 1618/13/2
f 1616/14/2 1617/14/2 1619/14/2
f 1617/14/2 1618/14/2 1619/14/2
f 1619/14/2 1618/14/2 1620/14/2
f 1620/14/2 1618/14/2 1621/14/2
f 1621/14/2 1618/14/2 1622/14/2
f 1622/14/2 1618/14/2 1623/14/2
f 1623/14/2 1618/14/2 1624/14/2
f 1624/14/2 1618/14/2 1625/14/2
f 1625/14/2 1618/14/2 1626/14/2
f 1629/9/3 1628/9/3 1627/9/3
f 1630/9/3 1628/9/3 1629/9/3
f 1633/9/3 1632/9/3 1631/9/3
f 1634/9/3 1632/9/3 1633/9/3
f 1637/9/3 1636/9/3 1635/9/3
f 1638/9/3 1636/9/3 1637/9/3
f 1641/9/3 1640/9/3 1639/9/3
f 1642/9/3 1640/9/3 1641/9/3
f 1645/9/3 1644/9/3 1643/9/3
f 1646/9/3 1644/9/3 1645/9/3
f 1649/9/3 1648/9/3 1647/9/3
f 1652/9/3 1649/9/3 1647/9/3
f 1653/10/3 1651/10/3 1650/10/3
f 1654/10/3 1651/10/3 1653/10/3
f 1655/9/3 1652/9/3 1647/9/3
f 1658/9/3 1655/9/3 1647/9/3
f 1659/10/3 1657/10/3 1656/10/3
f 1660/10/3 1657/10/3 1659/10/3
f 1661/9/3 1658/9/3 1647/9/3
f 1664/9/3 1661/9/3 1647/9/3
f 1665/10/3 1663/10/3 1662/10/3
f 1666/10/3 1663/10/3 1665/10/3
f 1667/9/3 1664/9/3 1647/9/3
f 1670/9/3 1667/9/3 1647/9/3
f 1671/10/3 1669/10/3 1668/10/3
f 1672/10/3 1669/10/3 1671/10/3
f 1673/9/3 1670/9/3 1647/9/3
f 1674/9/3 1670/9/3 1673/9/3
f 1677/10/3 1676/10/3 1675/10/3
f 1678/10/3 1676/10/3 1677/10/3
f 1681/10/3 1680/10/3 1679/10/3
f 1682/10/3 1680/10/3 1681/10/3
f 1685/10/3 1684/10/3 1683/10/3
f 1686/10/3 1684/10/3 1685/10/3
f 1689/10/3 1688/10/3 1687/10/3
f 1690/10/3 1688/10/3 1689/10/3
f 1693/9/3 1692/9/3 1691/9/3
f 1696/9/3 1693/9/3 1691/9/3
f 1697/10/3 1695/10/3 1694/10/3
f 1698/10/3 1695/10/3 1697/10/3
f 1699/9/3 1696/9/3 1691/9/3
f 1702/9/3 1699/9/3 1691/9/3
f 1703/10/3 1701/10/3 1700/10/3
f 1704/10/3 1701/10/3 1703/10/3
f 1705/9/3 1702/9/3 1691/9/3
f 1708/9/3 1705/9/3 1691/9/3
f 1709/10/3 1707/10/3 1706/10/3
f 1710/10/3 1707/10/3 1709/10/3
f 1711/9/3 1708/9/3 1691/9/3
f 1714/9/3 1711/9/3 1691/9/3
f 1715/10/3 1713/10/3 1712/10/3
f 1716/10/3 1713/10/3 1715/10/3
f 1717/9/3 1714/9/3 1691/9/3
f 1718/9/3 1714/9/3 1717/9/3
f 1723/10/3 1720/10/3 1719/10/3
f 1724/10/3 1720/10/3 1723/10/3
f 1725/1/3 1722/1/3 1721/1/3
f 1727/1/3 1725/1/3 1721/1/3
f 1727/2/3 1726/2/3 1725/2/3
f 1728/2/3 1726/2/3 1727/2/3
f 1729/1/3 1727/1/3 1721/1/3
f 1730/1/3 1727/1/3 1729/1/3
f 1733/1/3 1732/1/3 1731/1/3
f 1737/2/3 1734/2/3 1733/2/3
f 1737/1/3 1733/1/3 1731/1/3
f 1738/2/3 1734/2/3 1737/2/3
f 1739/10/3 1736/10/3 1735/10/3
f 1740/10/3 1736/10/3 1739/10/3
f 1741/1/3 1737/1/3 1731/1/3
f 1742/1/3 1737/1/3 1741/1/3
f 1745/1/3 1744/1/3 1743/1/3
f 1747/1/3 1745/1/3 1743/1/3
f 1747/2/3 1746/2/3 1745/2/3
f 1748/2/3 1746/2/3 1747/2/3
f 1749/1/3 1747/1/3 1743/1/3
f 1751/1/3 1749/1/3 1743/1/3
f 1752/2/3 1750/2/3 1749/2/3
f 1752/1/3 1749/1/3 1751/1/3
f 1753/2/3 1750/2/3 1752/2/3
f 1756/10/3 1755/10/3 1754/10/3
f 1757/10/3 1755/10/3 1756/10/3
f 1760/10/3 1759/10/3 1758/10/3
f 1761/10/3 1759/10/3 1760/10/3
f 1764/9/3 1763/9/3 1762/9/3
f 1767/9/3 1764/9/3 1762/9/3
f 1768/10/3 1766/10/3 1765/10/3
f 1769/10/3 1766/10/3 1768/10/3
f 1772/2/3 1771/2/3 1770/2/3
f 1773/2/3 1771/2/3 1772/2/3
f 1776/2/3 1775/2/3 1774/2/3
f 1778/2/3 1776/2/3 1774/2/3
f 1778/2/3 1777/2/3 1776/2/3
f 1779/2/3 1777/2/3 1778/2/3
f 1780/2/3 1777/2/3 1779/2/3
f 1782/9/3 1767/9/3 1762/9/3
f 1785/2/3 1781/2/3 1780/2/3
f 1785/2/3 1780/2/3 1779/2/3
f 1786/2/3 1781/2/3 1785/2/3
f 1787/9/3 1782/9/3 1762/9/3
f 1788/10/3 1784/10/3 1783/10/3
f 1789/10/3 1784/10/3 1788/10/3
f 1793/2/3 1791/2/3 1790/2/3
f 1794/2/3 1791/2/3 1793/2/3
f 1795/2/3 1791/2/3 1794/2/3
f 1796/2/3 1793/2/3 1792/2/3
f 1796/2/3 1794/2/3 1793/2/3
f 1797/2/3 1794/2/3 1796/2/3
f 1798/2/3 1794/2/3 1797/2/3
f 1799/9/3 1787/9/3 1762/9/3
f 1802/9/3 1799/9/3 1762/9/3
f 1803/10/3 1801/10/3 1800/10/3
f 1804/10/3 1801/10/3 1803/10/3
f 1805/9/3 1802/9/3 1762/9/3
f 1808/9/3 1805/9/3 1762/9/3
f 1809/10/3 1807/10/3 1806/10/3
f 1810/10/3 1807/10/3 1809/10/3
f 1811/9/3 1808/9/3 1762/9/3
f 1812/9/3 1808/9/3 1811/9/3
f 1817/10/3 1814/10/3 1813/10/3
f 1818/10/3 1814/10/3 1817/10/3
f 1819/2/3 1816/2/3 1815/2/3
f 1820/2/3 1816/2/3 1819/2/3
f 1824/2/3 1822/2/3 1821/2/3
f 1825/2/3 1822/2/3 1824/2/3
f 1828/2/3 1824/2/3 1823/2/3
f 1828/2/3 1826/2/3 1825/2/3
f 1828/2/3 1825/2/3 1824/2/3
f 1829/2/3 1826/2/3 1828/2/3
f 1830/2/3 1828/2/3 1827/2/3
f 1831/2/3 1828/2/3 1830/2/3
f 1834/2/3 1833/2/3 1832/2/3
f 1835/2/3 1833/2/3 1834/2/3
f 1836/2/3 1833/2/3 1835/2/3
f 1841/10/3 1838/10/3 1837/10/3
f 1842/10/3 1838/10/3 1841/10/3
f 1843/2/3 1840/2/3 1839/2/3
f 1844/2/3 1840/2/3 1843/2/3
f 1847/2/3 1846/2/3 1845/2/3
f 1848/2/3 1846/2/3 1847/2/3
f 1852/2/3 1850/2/3 1849/2/3
f 1852/2/3 1851/2/3 1850/2/3
f 1853/2/3 1851/2/3 1852/2/3
f 1856/10/3 1855/10/3 1854/10/3
f 1857/10/3 1855/10/3 1856/10/3
f 1860/10/3 1859/10/3 1858/10/3
f 1861/10/3 1859/10/3 1860/10/3
f 1870/9/3 1867/9/3 1866/9/3
f 1871/9/3 1869/9/3 1868/9/3
f 1872/9/3 1869/9/3 1871/9/3
f 1873/9/3 1870/9/3 1866/9/3
f 1874/9/3 1871/9/3 1868/9/3
f 1875/9/3 1869/9/3 1872/9/3
f 1876/13/3 1865/13/3 1864/13/3
f 1877/13/3 1865/13/3 1876/13/3
f 1878/9/3 1875/9/3 1874/9/3
f 1878/9/3 1874/9/3 1868/9/3
f 1879/9/3 1869/9/3 1875/9/3
f 1879/9/3 1875/9/3 1878/9/3
f 1882/9/3 1873/9/3 1866/9/3
f 1883/9/3 1881/9/3 1880/9/3
f 1884/9/3 1881/9/3 1883/9/3
f 1885/13/3 1876/13/3 1864/13/3
f 1886/13/3 1865/13/3 1877/13/3
f 1887/9/3 1882/9/3 1866/9/3
f 1888/9/3 1883/9/3 1880/9/3
f 1889/9/3 1881/9/3 1884/9/3
f 1890/9/3 1888/9/3 1880/9/3
f 1890/9/3 1889/9/3 1888/9/3
f 1891/9/3 1881/9/3 1889/9/3
f 1891/9/3 1889/9/3 1890/9/3
f 1892/13/3 1885/13/3 1864/13/3
f 1892/13/3 1886/13/3 1885/13/3
f 1893/13/3 1865/13/3 1886/13/3
f 1893/13/3 1886/13/3 1892/13/3
f 1896/13/3 1892/13/3 1864/13/3
f 1897/13/3 1865/13/3 1893/13/3
f 1898/9/3 1887/9/3 1866/9/3
f 1899/9/3 1895/9/3 1894/9/3
f 1900/9/3 1895/9/3 1899/9/3
f 1901/9/3 1898/9/3 1866/9/3
f 1902/9/3 1899/9/3 1894/9/3
f 1903/9/3 1895/9/3 1900/9/3
f 1904/13/3 1896/13/3 1864/13/3
f 1904/13/3 1897/13/3 1896/13/3
f 1905/13/3 1865/13/3 1897/13/3
f 1905/13/3 1897/13/3 1904/13/3
f 1907/9/3 1901/9/3 1866/9/3
f 1908/9/3 1903/9/3 1902/9/3
f 1908/9/3 1902/9/3 1894/9/3
f 1909/9/3 1895/9/3 1903/9/3
f 1909/9/3 1903/9/3 1908/9/3
f 1910/13/3 1907/13/3 1906/13/3
f 1911/13/3 1907/13/3 1910/13/3
f 1914/9/3 1901/9/3 1907/9/3
f 1915/9/3 1913/9/3 1912/9/3
f 1916/9/3 1913/9/3 1915/9/3
f 1917/13/3 1904/13/3 1864/13/3
f 1918/13/3 1865/13/3 1905/13/3
f 1920/13/3 1907/13/3 1911/13/3
f 1921/9/3 1914/9/3 1907/9/3
f 1922/9/3 1915/9/3 1912/9/3
f 1923/9/3 1913/9/3 1916/9/3
f 1924/13/3 1920/13/3 1919/13/3
f 1924/9/3 1921/9/3 1907/9/3
f 1924/13/3 1907/13/3 1920/13/3
f 1925/9/3 1921/9/3 1924/9/3
f 1926/9/3 1922/9/3 1912/9/3
f 1926/9/3 1923/9/3 1922/9/3
f 1927/9/3 1913/9/3 1923/9/3
f 1927/9/3 1923/9/3 1926/9/3
f 1928/13/3 1924/13/3 1919/13/3
f 1929/13/3 1924/13/3 1928/13/3
f 1930/13/3 1863/13/3 1862/13/3
f 1931/13/3 1863/13/3 1930/13/3
f 1932/13/3 1918/13/3 1917/13/3
f 1932/13/3 1917/13/3 1864/13/3
f 1933/13/3 1865/13/3 1918/13/3
f 1933/13/3 1918/13/3 1932/13/3
f 1946/12/3 1945/12/3 1944/12/3
f 1947/12/3 1945/12/3 1946/12/3
f 1950/12/3 1937/12/3 1936/12/3
f 1951/12/3 1937/12/3 1950/12/3
f 1954/13/3 1935/13/3 1934/13/3
f 1955/13/3 1935/13/3 1954/13/3
f 1958/13/3 1949/13/3 1948/13/3
f 1959/13/3 1949/13/3 1958/13/3
f 1962/9/3 1953/9/3 1952/9/3
f 1963/9/3 1953/9/3 1962/9/3
f 1964/12/3 1946/12/3 1944/12/3
f 1965/12/3 1945/12/3 1947/12/3
f 1966/12/3 1964/12/3 1944/12/3
f 1966/12/3 1965/12/3 1964/12/3
f 1967/12/3 1965/12/3 1966/12/3
f 1968/12/3 1965/12/3 1967/12/3
f 1969/12/3 1945/12/3 1965/12/3
f 1969/12/3 1965/12/3 1968/12/3
f 1972/13/3 1971/13/3 1970/13/3
f 1973/13/3 1971/13/3 1972/13/3
f 1974/12/3 1966/12/3 1944/12/3
f 1975/12/3 1968/12/3 1967/12/3
f 1976/12/3 1968/12/3 1975/12/3
f 1977/12/3 1945/12/3 1969/12/3
f 1978/12/3 1974/12/3 1944/12/3
f 1978/12/3 1977/12/3 1976/12/3
f 1978/12/3 1976/12/3 1975/12/3
f 1978/12/3 1975/12/3 1974/12/3
f 1979/12/3 1945/12/3 1977/12/3
f 1979/12/3 1977/12/3 1978/12/3
f 1980/12/3 1957/12/3 1956/12/3
f 1981/12/3 1957/12/3 1980/12/3
f 1984/13/3 1961/13/3 1960/13/3
f 1985/13/3 1961/13/3 1984/13/3
f 1990/12/3 1978/12/3 1944/12/3
f 1991/12/3 1945/12/3 1979/12/3
f 1992/13/3 1983/13/3 1982/13/3
f 1993/13/3 1983/13/3 1992/13/3
f 1996/12/3 1991/12/3 1990/12/3
f 1996/12/3 1990/12/3 1944/12/3
f 1997/12/3 1991/12/3 1996/12/3
f 1998/12/3 1991/12/3 1997/12/3
f 1999/12/3 1945/12/3 1991/12/3
f 1999/12/3 1991/12/3 1998/12/3
f 2000/13/3 1989/13/3 1988/13/3
f 2001/13/3 1989/13/3 2000/13/3
f 2002/12/3 1996/12/3 1944/12/3
f 2003/12/3 1998/12/3 1997/12/3
f 2004/12/3 1998/12/3 2003/12/3
f 2005/12/3 1945/12/3 1999/12/3
f 2006/12/3 2004/12/3 2003/12/3
f 2006/12/3 2005/12/3 2004/12/3
f 2006/12/3 2002/12/3 1944/12/3
f 2006/12/3 2003/12/3 2002/12/3
f 2007/12/3 1945/12/3 2005/12/3
f 2007/12/3 2005/12/3 2006/12/3
f 2010/13/3 1995/13/3 1994/13/3
f 2011/13/3 1995/13/3 2010/13/3
f 2014/12/3 1987/12/3 1986/12/3
f 2015/12/3 1987/12/3 2014/12/3
f 2018/13/3 2009/13/3 2008/13/3
f 2019/13/3 2009/13/3 2018/13/3
f 2022/13/3 2013/13/3 2012/13/3
f 2023/13/3 2013/13/3 2022/13/3
f 2024/12/3 2006/12/3 1944/12/3
f 2025/12/3 1945/12/3 2007/12/3
f 2026/12/3 2025/12/3 2024/12/3
f 2026/12/3 2024/12/3 1944/12/3
f 2027/12/3 2025/12/3 2026/12/3
f 2028/12/3 2025/12/3 2027/12/3
f 2029/12/3 1945/12/3 2025/12/3
f 2029/12/3 2025/12/3 2028/12/3
f 2030/12/3 2026/12/3 1944/12/3
f 2031/12/3 2028/12/3 2027/12/3
f 2032/12/3 2028/12/3 2031/12/3
f 2033/12/3 1945/12/3 2029/12/3
f 2034/12/3 2030/12/3 1944/12/3
f 2034/12/3 2033/12/3 2032/12/3
f 2034/12/3 2032/12/3 2031/12/3
f 2034/12/3 2031/12/3 2030/12/3
f 2035/12/3 1945/12/3 2033/12/3
f 2035/12/3 2033/12/3 2034/12/3
f 2036/12/3 2017/12/3 2016/12/3
f 2037/12/3 2017/12/3 2036/12/3
f 2040/13/3 2021/13/3 2020/13/3
f 2041/13/3 2021/13/3 2040/13/3
f 2044/12/3 2034/12/3 1944/12/3
f 2045/12/3 1945/12/3 2035/12/3
f 2046/13/3 2039/13/3 2038/13/3
f 2047/13/3 2039/13/3 2046/13/3
f 2048/12/3 2043/12/3 2042/12/3
f 2049/12/3 2043/12/3 2048/12/3
f 2050/12/3 1939/12/3 1938/12/3
f 2051/12/3 1939/12/3 2050/12/3
f 2052/12/3 1941/12/3 1940/12/3
f 2053/12/3 1941/12/3 2052/12/3
f 2054/12/3 1943/12/3 1942/12/3
f 2055/12/3 1943/12/3 2054/12/3
f 2056/12/3 2044/12/3 1944/12/3
f 2056/12/3 2045/12/3 2044/12/3
f 2057/12/3 1945/12/3 2045/12/3
f 2057/12/3 2045/12/3 2056/12/3
f 2070/11/3 2059/11/3 2058/11/3
f 2071/11/3 2059/11/3 2070/11/3
f 2072/11/3 2059/11/3 2071/11/3
f 2073/11/3 2059/11/3 2072/11/3
f 2074/12/3 2069/12/3 2068/12/3
f 2075/12/3 2069/12/3 2074/12/3
f 2079/9/3 2077/9/3 2076/9/3
f 2080/9/3 2077/9/3 2079/9/3
f 2084/9/3 2079/9/3 2078/9/3
f 2085/9/3 2079/9/3 2084/9/3
f 2086/9/3 2081/9/3 2080/9/3
f 2087/9/3 2081/9/3 2086/9/3
f 2088/12/3 2083/12/3 2082/12/3
f 2089/12/3 2083/12/3 2088/12/3
f 2090/12/3 2083/12/3 2089/12/3
f 2091/12/3 2083/12/3 2090/12/3
f 2093/10/3 2086/10/3 2085/10/3
f 2098/6/3 2093/6/3 2092/6/3
f 2099/10/3 2086/10/3 2093/10/3
f 2099/6/3 2093/6/3 2098/6/3
f 2101/11/3 2072/11/3 2071/11/3
f 2102/11/3 2072/11/3 2101/11/3
f 2103/11/3 2059/11/3 2073/11/3
f 2104/12/3 2088/12/3 2082/12/3
f 2105/12/3 2090/12/3 2089/12/3
f 2106/12/3 2090/12/3 2105/12/3
f 2107/12/3 2083/12/3 2091/12/3
f 2109/10/3 2086/10/3 2099/10/3
f 2110/10/3 2086/10/3 2109/10/3
f 2111/11/3 2102/11/3 2101/11/3
f 2111/11/3 2103/11/3 2102/11/3
f 2111/11/3 2101/11/3 2100/11/3
f 2112/11/3 2103/11/3 2111/11/3
f 2113/11/3 2103/11/3 2112/11/3
f 2114/11/3 2059/11/3 2103/11/3
f 2114/11/3 2103/11/3 2113/11/3
f 2115/12/3 2107/12/3 2106/12/3
f 2115/12/3 2106/12/3 2105/12/3
f 2115/12/3 2104/12/3 2082/12/3
f 2115/12/3 2105/12/3 2104/12/3
f 2116/12/3 2107/12/3 2115/12/3
f 2117/12/3 2107/12/3 2116/12/3
f 2118/12/3 2083/12/3 2107/12/3
f 2118/12/3 2107/12/3 2117/12/3
f 2119/10/3 2109/10/3 2108/10/3
f 2120/10/3 2109/10/3 2119/10/3
f 2121/12/3 2095/12/3 2094/12/3
f 2122/12/3 2095/12/3 2121/12/3
f 2123/12/3 2097/12/3 2096/12/3
f 2124/12/3 2097/12/3 2123/12/3
f 2126/11/3 2113/11/3 2112/11/3
f 2127/11/3 2113/11/3 2126/11/3
f 2128/11/3 2059/11/3 2114/11/3
f 2129/12/3 2115/12/3 2082/12/3
f 2130/12/3 2117/12/3 2116/12/3
f 2131/12/3 2117/12/3 2130/12/3
f 2132/12/3 2083/12/3 2118/12/3
f 2133/11/3 2127/11/3 2126/11/3
f 2133/11/3 2128/11/3 2127/11/3
f 2133/11/3 2126/11/3 2125/11/3
f 2134/11/3 2128/11/3 2133/11/3
f 2135/11/3 2128/11/3 2134/11/3
f 2136/11/3 2059/11/3 2128/11/3
f 2136/11/3 2128/11/3 2135/11/3
f 2137/12/3 2132/12/3 2131/12/3
f 2137/12/3 2131/12/3 2130/12/3
f 2137/12/3 2129/12/3 2082/12/3
f 2137/12/3 2130/12/3 2129/12/3
f 2138/12/3 2083/12/3 2132/12/3
f 2138/12/3 2132/12/3 2137/12/3
f 2145/12/3 2140/12/3 2139/12/3
f 2146/12/3 2140/12/3 2145/12/3
f 2147/12/3 2140/12/3 2146/12/3
f 2148/12/3 2140/12/3 2147/12/3
f 2150/11/3 2135/11/3 2134/11/3
f 2151/11/3 2135/11/3 2150/11/3
f 2152/11/3 2059/11/3 2136/11/3
f 2153/11/3 2151/11/3 2150/11/3
f 2153/11/3 2152/11/3 2151/11/3
f 2153/11/3 2150/11/3 2149/11/3
f 2154/11/3 2152/11/3 2153/11/3
f 2155/11/3 2152/11/3 2154/11/3
f 2156/11/3 2059/11/3 2152/11/3
f 2156/11/3 2152/11/3 2155/11/3
f 2157/12/3 2142/12/3 2141/12/3
f 2158/12/3 2142/12/3 2157/12/3
f 2159/12/3 2144/12/3 2143/12/3
f 2160/12/3 2144/12/3 2159/12/3
f 2161/12/3 2145/12/3 2139/12/3
f 2162/12/3 2147/12/3 2146/12/3
f 2163/12/3 2147/12/3 2162/12/3
f 2164/12/3 2140/12/3 2148/12/3
f 2165/12/3 2161/12/3 2139/12/3
f 2165/12/3 2164/12/3 2163/12/3
f 2165/12/3 2162/12/3 2161/12/3
f 2165/12/3 2163/12/3 2162/12/3
f 2166/12/3 2140/12/3 2164/12/3
f 2166/12/3 2164/12/3 2165/12/3
f 2167/11/3 2153/11/3 2149/11/3
f 2168/11/3 2155/11/3 2154/11/3
f 2169/11/3 2155/11/3 2168/11/3
f 2170/11/3 2059/11/3 2156/11/3
f 2173/11/3 2167/11/3 2149/11/3
f 2173/11/3 2169/11/3 2168/11/3
f 2173/11/3 2170/11/3 2169/11/3
f 2173/11/3 2168/11/3 2167/11/3
f 2174/11/3 2059/11/3 2170/11/3
f 2174/11/3 2170/11/3 2173/11/3
f 2175/12/3 2172/12/3 2171/12/3
f 2176/12/3 2172/12/3 2175/12/3
f 2177/12/3 2172/12/3 2176/12/3
f 2178/12/3 2172/12/3 2177/12/3
f 2183/12/3 2175/12/3 2171/12/3
f 2184/12/3 2177/12/3 2176/12/3
f 2185/12/3 2177/12/3 2184/12/3
f 2186/12/3 2172/12/3 2178/12/3
f 2187/12/3 2185/12/3 2184/12/3
f 2187/12/3 2186/12/3 2185/12/3
f 2187/12/3 2183/12/3 2171/12/3
f 2187/12/3 2184/12/3 2183/12/3
f 2188/12/3 2186/12/3 2187/12/3
f 2189/12/3 2186/12/3 2188/12/3
f 2190/12/3 2172/12/3 2186/12/3
f 2190/12/3 2186/12/3 2189/12/3
f 2191/12/3 2180/12/3 2179/12/3
f 2192/12/3 2180/12/3 2191/12/3
f 2193/12/3 2182/12/3 2181/12/3
f 2194/12/3 2182/12/3 2193/12/3
f 2195/12/3 2187/12/3 2171/12/3
f 2196/12/3 2189/12/3 2188/12/3
f 2197/12/3 2189/12/3 2196/12/3
f 2198/12/3 2172/12/3 2190/12/3
f 2199/12/3 2195/12/3 2171/12/3
f 2199/12/3 2198/12/3 2197/12/3
f 2199/12/3 2197/12/3 2196/12/3
f 2199/12/3 2196/12/3 2195/12/3
f 2200/12/3 2172/12/3 2198/12/3
f 2200/12/3 2198/12/3 2199/12/3
f 2203/12/3 2061/12/3 2060/12/3
f 2204/12/3 2061/12/3 2203/12/3
f 2205/12/3 2063/12/3 2062/12/3
f 2206/12/3 2063/12/3 2205/12/3
f 2207/12/3 2065/12/3 2064/12/3
f 2208/12/3 2065/12/3 2207/12/3
f 2209/12/3 2067/12/3 2066/12/3
f 2210/12/3 2067/12/3 2209/12/3
f 2211/12/3 2202/12/3 2201/12/3
f 2212/12/3 2202/12/3 2211/12/3
f 2223/5/3 2214/5/3 2213/5/3
f 2224/5/3 2214/5/3 2223/5/3
f 2225/5/3 2216/5/3 2215/5/3
f 2226/5/3 2216/5/3 2225/5/3
f 2227/12/3 2218/12/3 2217/12/3
f 2228/5/3 2219/5/3 2218/5/3
f 2228/12/3 2218/12/3 2227/12/3
f 2229/5/3 2219/5/3 2228/5/3
f 2230/5/3 2221/5/3 2220/5/3
f 2231/12/3 2222/12/3 2221/12/3
f 2231/5/3 2221/5/3 2230/5/3
f 2232/12/3 2222/12/3 2231/12/3
f 2246/10/3 2244/10/3 2243/10/3
f 2247/6/3 2246/6/3 2245/6/3
f 2248/10/3 2244/10/3 2246/10/3
f 2248/6/3 2246/6/3 2247/6/3
f 2250/10/3 2244/10/3 2248/10/3
f 2251/10/3 2244/10/3 2250/10/3
f 2253/10/3 2250/10/3 2249/10/3
f 2254/5/3 2234/5/3 2233/5/3
f 2255/5/3 2234/5/3 2254/5/3
f 2256/5/3 2236/5/3 2235/5/3
f 2257/5/3 2236/5/3 2256/5/3
f 2258/12/3 2238/12/3 2237/12/3
f 2259/5/3 2239/5/3 2238/5/3
f 2259/12/3 2238/12/3 2258/12/3
f 2260/5/3 2239/5/3 2259/5/3
f 2261/5/3 2241/5/3 2240/5/3
f 2262/12/3 2242/12/3 2241/12/3
f 2262/5/3 2241/5/3 2261/5/3
f 2263/12/3 2242/12/3 2262/12/3
f 2264/6/3 2253/6/3 2252/6/3
f 2265/10/3 2250/10/3 2253/10/3
f 2265/6/3 2253/6/3 2264/6/3
f 2270/10/3 2250/10/3 2265/10/3
f 2271/10/3 2250/10/3 2270/10/3
f 2273/10/3 2272/10/3 2271/10/3
f 2274/10/3 2272/10/3 2273/10/3
f 2283/5/3 2267/5/3 2266/5/3
f 2284/5/3 2267/5/3 2283/5/3
f 2285/5/3 2269/5/3 2268/5/3
f 2286/5/3 2269/5/3 2285/5/3
f 2291/12/3 2276/12/3 2275/12/3
f 2292/5/3 2277/5/3 2276/5/3
f 2292/12/3 2276/12/3 2291/12/3
f 2293/5/3 2277/5/3 2292/5/3
f 2294/5/3 2279/5/3 2278/5/3
f 2295/12/3 2280/12/3 2279/12/3
f 2295/5/3 2279/5/3 2294/5/3
f 2296/12/3 2280/12/3 2295/12/3
f 2297/5/3 2288/5/3 2287/5/3
f 2298/5/3 2288/5/3 2297/5/3
f 2299/5/3 2290/5/3 2289/5/3
f 2300/5/3 2290/5/3 2299/5/3
f 2307/12/3 2302/12/3 2301/12/3
f 2308/5/3 2303/5/3 2302/5/3
f 2308/12/3 2302/12/3 2307/12/3
f 2309/5/3 2303/5/3 2308/5/3
f 2310/5/3 2305/5/3 2304/5/3
f 2311/12/3 2306/12/3 2305/12/3
f 2311/5/3 2305/5/3 2310/5/3
f 2312/12/3 2306/12/3 2311/12/3
f 2319/12/3 2314/12/3 2313/12/3
f 2320/5/3 2315/5/3 2314/5/3
f 2320/12/3 2314/12/3 2319/12/3
f 2321/5/3 2315/5/3 2320/5/3
f 2322/5/3 2317/5/3 2316/5/3
f 2323/12/3 2318/12/3 2317/12/3
f 2323/5/3 2317/5/3 2322/5/3
f 2324/12/3 2318/12/3 2323/12/3
f 2325/14/3 2282/14/3 2281/14/3
f 2326/14/3 2282/14/3 2325/14/3
f 2331/6/3 2330/6/3 2329/6/3
f 2332/6/3 2330/6/3 2331/6/3
f 2336/6/3 2334/6/3 2333/6/3
f 2337/10/3 2335/10/3 2334/10/3
f 2337/6/3 2334/6/3 2336/6/3
f 2338/10/3 2335/10/3 2337/10/3
f 2339/10/3 2335/10/3 2338/10/3
f 2341/1/3 2328/1/3 2327/1/3
f 2342/1/3 2328/1/3 2341/1/3
f 2343/10/3 2340/10/3 2339/10/3
f 2344/10/3 2340/10/3 2343/10/3
f 2346/13/3 2342/13/3 2341/13/3
f 2346/13/3 2345/13/3 2344/13/3
f 2346/13/3 2344/13/3 2343/13/3
f 2346/13/3 2343/13/3 2342/13/3
f 2347/13/3 2345/13/3 2346/13/3
f 2348/13/3 2345/13/3 2347/13/3
f 2349/13/3 2345/13/3 2348/13/3
f 2350/13/3 2345/13/3 2349/13/3
f 2351/13/3 2345/13/3 2350/13/3
f 2352/13/3 2348/13/3 2347/13/3
f 2353/13/3 2350/13/3 2349/13/3
f 2354/13/3 2352/13/3 2347/13/3
f 2354/13/3 2353/13/3 2352/13/3
f 2355/13/3 2350/13/3 2353/13/3
f 2355/13/3 2353/13/3 2354/13/3
f 2356/13/3 2354/13/3 2347/13/3
f 2357/13/3 2350/13/3 2355/13/3
f 2358/13/3 2356/13/3 2347/13/3
f 2358/13/3 2357/13/3 2356/13/3
f 2359/13/3 2357/13/3 2358/13/3
f 2360/13/3 2357/13/3 2359/13/3
f 2361/13/3 2350/13/3 2357/13/3
f 2361/13/3 2357/13/3 2360/13/3
f 2362/13/3 2346/13/3 2341/13/3
f 2363/13/3 2358/13/3 2347/13/3
f 2364/13/3 2358/13/3 2363/13/3
f 2365/13/3 2360/13/3 2359/13/3
f 2366/13/3 2360/13/3 2365/13/3
f 2367/13/3 2350/13/3 2361/13/3
f 2368/13/3 2350/13/3 2367/13/3
f 2369/13/3 2345/13/3 2351/13/3
f 2370/13/3 2366/13/3 2365/13/3
f 2370/13/3 2369/13/3 2368/13/3
f 2370/13/3 2368/13/3 2367/13/3
f 2370/13/3 2364/13/3 2363/13/3
f 2370/13/3 2367/13/3 2366/13/3
f 2370/13/3 2362/13/3 2341/13/3
f 2370/13/3 2365/13/3 2364/13/3
f 2370/13/3 2363/13/3 2362/13/3
f 2371/13/3 2345/13/3 2369/13/3
f 2371/13/3 2369/13/3 2370/13/3
f 2374/2/3 2373/2/3 2372/2/3
f 2375/2/3 2373/2/3 2374/2/3
f 2378/2/3 2377/2/3 2376/2/3
f 2379/2/3 2377/2/3 2378/2/3
f 2382/2/3 2381/2/3 2380/2/3
f 2383/2/3 2381/2/3 2382/2/3
f 2384/2/3 2382/2/3 2380/2/3
f 2385/4/3 2383/4/3 2382/4/3
f 2385/2/3 2382/2/3 2384/2/3
f 2386/4/3 2383/4/3 2385/4/3
f 2389/2/3 2388/2/3 2387/2/3
f 2390/2/3 2388/2/3 2389/2/3
f 2393/2/3 2392/2/3 2391/2/3
f 2394/2/3 2392/2/3 2393/2/3
f 2397/4/3 2396/4/3 2395/4/3
f 2398/4/3 2396/4/3 2397/4/3
f 2407/5/3 2404/5/3 2403/5/3
f 2408/5/3 2404/5/3 2407/5/3
f 2411/5/3 2410/5/3 2409/5/3
f 2412/5/3 2410/5/3 2411/5/3
f 2417/13/3 2402/13/3 2401/13/3
f 2418/13/3 2402/13/3 2417/13/3
f 2419/5/3 2414/5/3 2413/5/3
f 2420/5/3 2414/5/3 2419/5/3
f 2421/5/3 2416/5/3 2415/5/3
f 2422/5/3 2416/5/3 2421/5/3
f 2423/5/3 2406/5/3 2405/5/3
f 2424/5/3 2406/5/3 2423/5/3
f 2425/14/3 2400/14/3 2399/14/3
f 2426/14/3 2400/14/3 2425/14/3
f 2429/4/3 2428/4/3 2427/4/3
f 2430/4/3 2428/4/3 2429/4/3
f 2433/2/3 2432/2/3 2431/2/3
f 2434/2/3 2432/2/3 2433/2/3
f 2437/4/3 2436/4/3 2435/4/3
f 2438/4/3 2436/4/3 2437/4/3
f 2441/2/3 2440/2/3 2439/2/3
f 2442/2/3 2440/2/3 2441/2/3
f 2445/6/3 2444/6/3 2443/6/3
f 2446/6/3 2444/6/3 2445/6/3
f 2451/1/3 2450/1/3 2449/1/3
f 2452/1/3 2450/1/3 2451/1/3
f 2455/1/3 2454/1/3 2453/1/3
f 2456/1/3 2454/1/3 2455/1/3
f 2457/7/3 2448/7/3 2447/7/3
f 2458/7/3 2448/7/3 2457/7/3
f 2463/1/3 2460/1/3 2459/1/3
f 2464/1/3 2460/1/3 2463/1/3
f 2465/7/3 2462/7/3 2461/7/3
f 2466/7/3 2462/7/3 2465/7/3
f 2469/7/3 2468/7/3 2467/7/3
f 2470/7/3 2468/7/3 2469/7/3
f 2473/14/3 2472/14/3 2471/14/3
f 2474/14/3 2472/14/3 2473/14/3
f 2477/10/3 2476/10/3 2475/10/3
f 2478/10/3 2476/10/3 2477/10/3
f 2481/7/3 2480/7/3 2479/7/3
f 2482/7/3 2480/7/3 2481/7/3
f 2485/7/3 2484/7/3 2483/7/3
f 2486/7/3 2484/7/3 2485/7/3
f 2489/8/3 2488/8/3 2487/8/3
f 2490/8/3 2488/8/3 2489/8/3
f 2493/6/3 2492/6/3 2491/6/3
f 2494/6/3 2492/6/3 2493/6/3
f 2497/3/3 2496/3/3 2495/3/3
f 2498/3/3 2496/3/3 2497/3/3
f 2501/3/3 2500/3/3 2499/3/3
f 2502/3/3 2500/3/3 2501/3/3
f 2505/3/3 2504/3/3 2503/3/3
f 2506/3/3 2504/3/3 2505/3/3
f 2509/3/3 2508/3/3 2507/3/3
f 2510/3/3 2508/3/3 2509/3/3
f 2515/3/3 2514/3/3 2513/3/3
f 2516/3/3 2514/3/3 2515/3/3
f 2517/3/3 2512/3/3 2511/3/3
f 2518/3/3 2512/3/3 2517/3/3
f 2521/14/3 2520/14/3 2519/14/3
f 2522/14/3 2520/14/3 2521/14/3
f 2525/6/3 2524/6/3 2523/6/3
f 2526/6/3 2524/6/3 2525/6/3
f 2529/3/3 2528/3/3 2527/3/3
f 2530/3/3 2528/3/3 2529/3/3
f 2533/3/3 2531/3/3 2530/3/3
f 2534/3/3 2531/3/3 2533/3/3
f 2535/3/3 2533/3/3 2532/3/3
f 2536/3/3 2533/3/3 2535/3/3
f 2539/3/3 2538/3/3 2537/3/3
f 2540/3/3 2538/3/3 2539/3/3
f 2543/3/3 2541/3/3 2540/3/3
f 2544/3/3 2541/3/3 2543/3/3
f 2545/3/3 2543/3/3 2542/3/3
f 2546/3/3 2543/3/3 2545/3/3
f 2549/8/3 2548/8/3 2547/8/3
f 2550/8/3 2548/8/3 2549/8/3
f 2553/10/3 2552/10/3 2551/10/3
f 2554/10/3 2552/10/3 2553/10/3
f 2557/8/3 2556/8/3 2555/8/3
f 2558/8/3 2556/8/3 2557/8/3
f 2561/8/3 2560/8/3 2559/8/3
f 2562/8/3 2560/8/3 2561/8/3
f 2565/8/3 2564/8/3 2563/8/3
f 2566/8/3 2564/8/3 2565/8/3
f 2569/6/3 2568/6/3 2567/6/3
f 2570/6/3 2568/6/3 2569/6/3
f 2573/8/3 2572/8/3 2571/8/3
f 2574/8/3 2572/8/3 2573/8/3
f 2577/8/3 2576/8/3 2575/8/3
f 2578/8/3 2576/8/3 2577/8/3
f 2583/3/3 2582/3/3 2581/3/3
f 2584/3/3 2582/3/3 2583/3/3
f 2585/3/3 2580/3/3 2579/3/3
f 2586/3/3 2580/3/3 2585/3/3
f 2589/1/3 2588/1/3 2587/1/3
f 2590/1/3 2588/1/3 2589/1/3
f 2593/6/3 2592/6/3 2591/6/3
f 2594/6/3 2592/6/3 2593/6/3
f 2597/3/3 2596/3/3 2595/3/3
f 2598/3/3 2596/3/3 2597/3/3
f 2603/3/3 2599/3/3 2598/3/3
f 2604/3/3 2599/3/3 2603/3/3
f 2605/3/3 2603/3/3 2602/3/3
f 2606/3/3 2603/3/3 2605/3/3
f 2607/7/3 2601/7/3 2600/7/3
f 2608/7/3 2601/7/3 2607/7/3
f 2611/1/3 2610/1/3 2609/1/3
f 2612/1/3 2610/1/3 2611/1/3
f 2615/7/3 2614/7/3 2613/7/3
f 2616/7/3 2614/7/3 2615/7/3
f 2619/7/3 2618/7/3 2617/7/3
f 2620/7/3 2618/7/3 2619/7/3
f 2624/9/3 2622/9/3 2621/9/3
f 2625/9/3 2622/9/3 2624/9/3
f 2627/1/3 2624/1/3 2623/1/3
f 2627/1/3 2626/1/3 2625/1/3
f 2627/1/3 2625/1/3 2624/1/3
f 2628/1/3 2626/1/3 2627/1/3
f 2631/10/3 2630/10/3 2629/10/3
f 2632/10/3 2630/10/3 2631/10/3
f 2637/1/3 2634/1/3 2633/1/3
f 2638/1/3 2634/1/3 2637/1/3
f 2639/1/3 2636/1/3 2635/1/3
f 2640/1/3 2636/1/3 2639/1/3
f 2643/6/3 2642/6/3 2641/6/3
f 2644/6/3 2642/6/3 2643/6/3
f 2647/7/3 2646/7/3 2645/7/3
f 2648/7/3 2646/7/3 2647/7/3
f 2653/7/3 2650/7/3 2649/7/3
f 2654/7/3 2650/7/3 2653/7/3
f 2655/8/3 2652/8/3 2651/8/3
f 2656/8/3 2652/8/3 2655/8/3
f 2659/6/3 2658/6/3 2657/6/3
f 2660/6/3 2658/6/3 2659/6/3
f 2663/13/3 2662/13/3 2661/13/3
f 2664/13/3 2662/13/3 2663/13/3
f 2667/13/3 2666/13/3 2665/13/3
f 2668/13/3 2666/13/3 2667/13/3
f 2679/9/3 2673/9/3 2672/9/3
f 2680/9/3 2673/9/3 2679/9/3
f 2682/9/3 2678/9/3 2677/9/3
f 2682/9/3 2677/9/3 2676/9/3
f 2683/9/3 2678/9/3 2682/9/3
f 2685/9/3 2681/9/3 2680/9/3
f 2686/9/3 2681/9/3 2685/9/3
f 2687/9/3 2685/9/3 2684/9/3
f 2688/9/3 2685/9/3 2687/9/3
f 2689/15/3 2675/15/3 2674/15/3
f 2690/15/3 2675/15/3 2689/15/3
f 2695/15/3 2670/15/3 2669/15/3
f 2695/15/3 2671/15/3 2670/15/3
f 2696/15/3 2671/15/3 2695/15/3
f 2697/15/3 2671/15/3 2696/15/3
f 2698/15/3 2692/15/3 2691/15/3
f 2699/15/3 2692/15/3 2698/15/3
f 2700/15/3 2694/15/3 2693/15/3
f 2701/15/3 2694/15/3 2700/15/3
f 2702/9/4 2703/9/4 2704/9/4
f 2702/9/4 2704/9/4 2705/9/4
f 2702/9/4 2705/9/4 2706/9/4
f 2702/9/4 2706/9/4 2707/9/4
f 2702/9/4 2707/9/4 2708/9/4
f 2702/9/4 2708/9/4 2709/9/4
f 2702/9/4 2709/9/4 2710/9/4
f 2702/9/4 2710/9/4 2711/9/4
f 2702/9/4 2711/9/4 2712/9/4
f 2712/9/4 2711/9/4 2713/9/4
f 2714/9/4 2715/9/4 2716/9/4
f 2714/9/4 2716/9/4 2719/9/4
f 2717/10/4 2718/10/4 2720/10/4
f 2720/10/4 2718/10/4 2721/10/4
f 2714/9/4 2719/9/4 2722/9/4
f 2714/9/4 2722/9/4 2725/9/4
f 2723/10/4 2724/10/4 2726/10/4
f 2726/10/4 2724/10/4 2727/10/4
f 2714/9/4 2725/9/4 2728/9/4
f 2714/9/4 2728/9/4 2731/9/4
f 2729/10/4 2730/10/4 2732/10/4
f 2732/10/4 2730/10/4 2733/10/4
f 2714/9/4 2731/9/4 2734/9/4
f 2714/9/4 2734/9/4 2737/9/4
f 2735/10/4 2736/10/4 2738/10/4
f 2738/10/4 2736/10/4 2739/10/4
f 2714/9/4 2737/9/4 2740/9/4
f 2740/9/4 2737/9/4 2741/9/4
f 2742/10/4 2743/10/4 2744/10/4
f 2744/10/4 2743/10/4 2745/10/4
f 2746/10/4 2747/10/4 2748/10/4
f 2748/10/4 2747/10/4 2749/10/4
f 2750/10/4 2751/10/4 2752/10/4
f 2752/10/4 2751/10/4 2753/10/4
f 2754/10/4 2755/10/4 2756/10/4
f 2756/10/4 2755/10/4 2757/10/4
f 2758/9/4 2759/9/4 2760/9/4
f 2758/9/4 2760/9/4 2763/9/4
f 2761/10/4 2762/10/4 2764/10/4
f 2764/10/4 2762/10/4 2765/10/4
f 2758/9/4 2763/9/4 2766/9/4
f 2758/9/4 2766/9/4 2769/9/4
f 2767/10/4 2768/10/4 2770/10/4
f 2770/10/4 2768/10/4 2771/10/4
f 2758/9/4 2769/9/4 2772/9/4
f 2758/9/4 2772/9/4 2775/9/4
f 2773/10/4 2774/10/4 2776/10/4
f 2776/10/4 2774/10/4 2777/10/4
f 2758/9/4 2775/9/4 2778/9/4
f 2758/9/4 2778/9/4 2781/9/4
f 2779/10/4 2780/10/4 2782/10/4
f 2782/10/4 2780/10/4 2783/10/4
f 2758/9/4 2781/9/4 2784/9/4
f 2784/9/4 2781/9/4 2785/9/4
f 2786/10/4 2787/10/4 2788/10/4
f 2788/10/4 2787/10/4 2789/10/4
f 2790/10/4 2791/10/4 2792/10/4
f 2792/10/4 2791/10/4 2793/10/4
f 2794/10/4 2795/10/4 2796/10/4
f 2796/10/4 2795/10/4 2797/10/4
f 2798/10/4 2799/10/4 2800/10/4
f 2800/10/4 2799/10/4 2801/10/4
f 2802/9/4 2803/9/4 2804/9/4
f 2802/9/4 2804/9/4 2807/9/4
f 2805/10/4 2806/10/4 2808/10/4
f 2808/10/4 2806/10/4 2809/10/4
f 2810/2/4 2811/2/4 2812/2/4
f 2812/2/4 2811/2/4 2813/2/4
f 2802/9/4 2807/9/4 2814/9/4
f 2802/9/4 2814/9/4 2817/9/4
f 2815/10/4 2816/10/4 2818/10/4
f 2818/10/4 2816/10/4 2819/10/4
f 2820/2/4 2821/2/4 2822/2/4
f 2822/2/4 2821/2/4 2823/2/4
f 2824/2/4 2825/2/4 2826/2/4
f 2826/2/4 2825/2/4 2827/2/4
f 2802/9/4 2817/9/4 2828/9/4
f 2802/9/4 2828/9/4 2831/9/4
f 2829/10/4 2830/10/4 2832/10/4
f 2832/10/4 2830/10/4 2833/10/4
f 2802/9/4 2831/9/4 2834/9/4
f 2802/9/4 2834/9/4 2837/9/4
f 2835/10/4 2836/10/4 2838/10/4
f 2838/10/4 2836/10/4 2839/10/4
f 2802/9/4 2837/9/4 2840/9/4
f 2840/9/4 2837/9/4 2841/9/4
f 2842/2/4 2843/2/4 2844/2/4
f 2844/2/4 2845/2/4 2846/2/4
f 2842/2/4 2844/2/4 2848/2/4
f 2846/2/4 2847/2/4 2848/2/4
f 2844/2/4 2846/2/4 2848/2/4
f 2848/2/4 2847/2/4 2849/2/4
f 2842/2/4 2848/2/4 2850/2/4
f 2850/2/4 2848/2/4 2851/2/4
f 2852/2/4 2853/2/4 2854/2/4
f 2854/2/4 2853/2/4 2855/2/4
f 2852/2/4 2854/2/4 2856/2/4
f 2856/2/4 2854/2/4 2857/2/4
f 2857/2/4 2854/2/4 2858/2/4
f 2859/2/4 2860/2/4 2861/2/4
f 2861/2/4 2862/2/4 2863/2/4
f 2861/2/4 2863/2/4 2865/2/4
f 2863/2/4 2864/2/4 2865/2/4
f 2859/2/4 2861/2/4 2865/2/4
f 2865/2/4 2864/2/4 2866/2/4
f 2867/1/4 2868/1/4 2869/1/4
f 2869/1/4 2868/1/4 2870/1/4
f 2871/1/4 2872/1/4 2873/1/4
f 2871/1/4 2873/1/4 2875/1/4
f 2873/2/4 2874/2/4 2876/2/4
f 2875/1/4 2873/1/4 2876/1/4
f 2876/2/4 2874/2/4 2877/2/4
f 2878/1/4 2879/1/4 2880/1/4
f 2880/1/4 2879/1/4 2881/1/4
f 2882/13/4 2883/13/4 2884/13/4
f 2884/13/4 2883/13/4 2885/13/4
f 2886/9/4 2887/9/4 2891/9/4
f 2891/9/4 2887/9/4 2892/9/4
f 2890/9/4 2891/9/4 2894/9/4
f 2894/9/4 2891/9/4 2895/9/4
f 2892/9/4 2893/9/4 2896/9/4
f 2896/9/4 2893/9/4 2897/9/4
f 2888/12/4 2889/12/4 2898/12/4
f 2898/12/4 2889/12/4 2899/12/4
f 2899/12/4 2889/12/4 2900/12/4
f 2895/10/4 2896/10/4 2902/10/4
f 2901/6/4 2902/6/4 2903/6/4
f 2902/10/4 2896/10/4 2904/10/4
f 2903/6/4 2902/6/4 2904/6/4
f 2904/10/4 2896/10/4 2906/10/4
f 2906/10/4 2896/10/4 2907/10/4
f 2905/10/4 2906/10/4 2908/10/4
f 2908/10/4 2906/10/4 2909/10/4
f 2888/12/4 2898/12/4 2910/12/4
f 2888/12/4 2910/12/4 2913/12/4
f 2911/12/4 2912/12/4 2913/12/4
f 2910/12/4 2911/12/4 2913/12/4
f 2913/12/4 2912/12/4 2914/12/4
f 2915/12/4 2916/12/4 2917/12/4
f 2917/12/4 2916/12/4 2918/12/4
f 2918/12/4 2916/12/4 2919/12/4
f 2915/12/4 2917/12/4 2920/12/4
f 2915/12/4 2920/12/4 2923/12/4
f 2921/12/4 2922/12/4 2923/12/4
f 2920/12/4 2921/12/4 2923/12/4
f 2923/12/4 2922/12/4 2924/12/4
f 2924/12/4 2922/12/4 2925/12/4
f 2915/12/4 2923/12/4 2926/12/4
f 2915/12/4 2926/12/4 2929/12/4
f 2927/12/4 2928/12/4 2929/12/4
f 2926/12/4 2927/12/4 2929/12/4
f 2929/12/4 2928/12/4 2930/12/4
f 2931/5/4 2932/5/4 2938/5/4
f 2932/11/4 2933/11/4 2939/11/4
f 2938/5/4 2932/5/4 2939/5/4
f 2938/11/4 2939/11/4 2940/11/4
f 2939/11/4 2933/11/4 2941/11/4
f 2940/11/4 2939/11/4 2941/11/4
f 2942/10/4 2943/10/4 2945/10/4
f 2944/6/4 2945/6/4 2946/6/4
f 2945/10/4 2943/10/4 2947/10/4
f 2946/6/4 2945/6/4 2947/6/4
f 2947/10/4 2943/10/4 2949/10/4
f 2949/10/4 2943/10/4 2950/10/4
f 2948/10/4 2949/10/4 2952/10/4
f 2940/5/4 2941/5/4 2953/5/4
f 2941/11/4 2933/11/4 2954/11/4
f 2953/5/4 2941/5/4 2954/5/4
f 2935/12/4 2936/12/4 2955/12/4
f 2936/5/4 2937/5/4 2956/5/4
f 2955/12/4 2936/12/4 2956/12/4
f 2956/5/4 2937/5/4 2957/5/4
f 2951/6/4 2952/6/4 2958/6/4
f 2952/10/4 2949/10/4 2959/10/4
f 2958/6/4 2952/6/4 2959/6/4
f 2953/11/4 2954/11/4 2960/11/4
f 2954/11/4 2933/11/4 2961/11/4
f 2960/11/4 2954/11/4 2961/11/4
f 2959/10/4 2949/10/4 2962/10/4
f 2962/10/4 2949/10/4 2963/10/4
f 2963/10/4 2964/10/4 2968/10/4
f 2968/10/4 2964/10/4 2969/10/4
f 2960/5/4 2961/5/4 2970/5/4
f 2961/11/4 2933/11/4 2971/11/4
f 2970/5/4 2961/5/4 2971/5/4
f 2970/11/4 2971/11/4 2972/11/4
f 2972/11/4 2971/11/4 2973/11/4
f 2973/11/4 2971/11/4 2974/11/4
f 2971/11/4 2933/11/4 2975/11/4
f 2974/11/4 2971/11/4 2975/11/4
f 2965/12/4 2966/12/4 2976/12/4
f 2966/5/4 2967/5/4 2977/5/4
f 2976/12/4 2966/12/4 2977/12/4
f 2977/5/4 2967/5/4 2978/5/4
f 2970/11/4 2972/11/4 2979/11/4
f 2972/5/4 2973/5/4 2980/5/4
f 2979/11/4 2972/11/4 2980/11/4
f 2973/11/4 2974/11/4 2981/11/4
f 2980/5/4 2973/5/4 2981/5/4
f 2974/5/4 2975/5/4 2982/5/4
f 2981/11/4 2974/11/4 2982/11/4
f 2975/11/4 2933/11/4 2983/11/4
f 2982/5/4 2975/5/4 2983/5/4
f 2933/12/4 2934/12/4 2984/12/4
f 2983/11/4 2933/11/4 2984/11/4
f 2984/12/4 2934/12/4 2985/12/4
f 2986/12/4 2987/12/4 2989/12/4
f 2987/5/4 2988/5/4 2990/5/4
f 2989/12/4 2987/12/4 2990/12/4
f 2990/5/4 2988/5/4 2991/5/4
f 2992/6/4 2993/6/4 2994/6/4
f 2994/6/4 2993/6/4 2995/6/4
f 2996/1/4 2997/1/4 2998/1/4
f 2998/1/4 2997/1/4 2999/1/4
f 3000/6/4 3001/6/4 3003/6/4
f 3001/10/4 3002/10/4 3004/10/4
f 3003/6/4 3001/6/4 3004/6/4
f 3004/10/4 3002/10/4 3005/10/4
f 3005/10/4 3002/10/4 3006/10/4
f 3006/10/4 3007/10/4 3008/10/4
f 3008/10/4 3007/10/4 3009/10/4
f 3010/2/4 3011/2/4 3013/2/4
f 3013/2/4 3011/2/4 3014/2/4
f 3012/2/4 3013/2/4 3015/2/4
f 3015/2/4 3013/2/4 3016/2/4
f 3016/2/4 3017/2/4 3018/2/4
f 3018/2/4 3017/2/4 3019/2/4
f 3020/2/4 3021/2/4 3022/2/4
f 3022/2/4 3021/2/4 3023/2/4
f 3022/4/4 3023/4/4 3026/4/4
f 3026/4/4 3023/4/4 3027/4/4
f 3024/2/4 3025/2/4 3028/2/4
f 3028/2/4 3025/2/4 3029/2/4
f 3030/2/4 3031/2/4 3032/2/4
f 3032/2/4 3031/2/4 3033/2/4
f 3034/2/4 3035/2/4 3036/2/4
f 3036/2/4 3035/2/4 3037/2/4
f 3038/13/4 3039/13/4 3044/13/4
f 3039/5/4 3040/5/4 3044/5/4
f 3040/5/4 3041/5/4 3044/5/4
f 3041/13/4 3042/13/4 3045/13/4
f 3044/5/4 3041/5/4 3045/5/4
f 3038/13/4 3044/13/4 3046/13/4
f 3044/13/4 3045/13/4 3046/13/4
f 3045/13/4 3042/13/4 3047/13/4
f 3046/13/4 3045/13/4 3047/13/4
f 3038/13/4 3046/13/4 3048/13/4
f 3046/5/4 3047/5/4 3048/5/4
f 3047/13/4 3042/13/4 3049/13/4
f 3048/5/4 3047/5/4 3049/5/4
f 3038/13/4 3048/13/4 3050/13/4
f 3048/13/4 3049/13/4 3050/13/4
f 3050/13/4 3049/13/4 3051/13/4
f 3051/13/4 3049/13/4 3052/13/4
f 3049/13/4 3042/13/4 3053/13/4
f 3052/13/4 3049/13/4 3053/13/4
f 3038/13/4 3050/13/4 3054/13/4
f 3050/5/4 3051/5/4 3055/5/4
f 3054/13/4 3050/13/4 3055/13/4
f 3051/13/4 3052/13/4 3056/13/4
f 3055/5/4 3051/5/4 3056/5/4
f 3052/5/4 3053/5/4 3057/5/4
f 3056/13/4 3052/13/4 3057/13/4
f 3053/13/4 3042/13/4 3058/13/4
f 3057/5/4 3053/5/4 3058/5/4
f 3042/5/4 3043/5/4 3059/5/4
f 3058/13/4 3042/13/4 3059/13/4
f 3059/5/4 3043/5/4 3060/5/4
f 3061/2/4 3062/2/4 3064/2/4
f 3062/4/4 3063/4/4 3065/4/4
f 3064/2/4 3062/2/4 3065/2/4
f 3065/4/4 3063/4/4 3066/4/4
f 3067/2/4 3068/2/4 3069/2/4
f 3069/2/4 3068/2/4 3070/2/4
f 3071/2/4 3072/2/4 3073/2/4
f 3073/2/4 3072/2/4 3074/2/4
f 3075/4/4 3076/4/4 3077/4/4
f 3077/4/4 3076/4/4 3078/4/4
f 3079/2/4 3080/2/4 3081/2/4
f 3081/2/4 3080/2/4 3082/2/4
f 3083/13/4 3084/13/4 3085/13/4
f 3085/13/4 3084/13/4 3086/13/4
f 3090/6/4 3091/6/4 3092/6/4
f 3092/6/4 3091/6/4 3093/6/4
f 3094/7/4 3095/7/4 3096/7/4
f 3096/7/4 3095/7/4 3097/7/4
f 3087/1/4 3088/1/4 3100/1/4
f 3088/1/4 3089/1/4 3100/1/4
f 3100/1/4 3089/1/4 3101/1/4
f 3098/7/4 3099/7/4 3102/7/4
f 3102/7/4 3099/7/4 3103/7/4
f 3104/10/4 3105/10/4 3106/10/4
f 3106/10/4 3105/10/4 3107/10/4
f 3108/8/4 3109/8/4 3110/8/4
f 3110/8/4 3109/8/4 3111/8/4
f 3112/6/4 3113/6/4 3114/6/4
f 3114/6/4 3113/6/4 3115/6/4
f 3116/7/4 3117/7/4 3118/7/4
f 3118/7/4 3117/7/4 3119/7/4
f 3120/7/4 3121/7/4 3122/7/4
f 3122/7/4 3121/7/4 3123/7/4
f 3124/7/4 3125/7/4 3126/7/4
f 3126/7/4 3125/7/4 3127/7/4
f 3128/6/4 3129/6/4 3130/6/4
f 3130/6/4 3129/6/4 3131/6/4
f 3132/3/4 3133/3/4 3134/3/4
f 3134/3/4 3133/3/4 3135/3/4
f 3135/3/4 3136/3/4 3138/3/4
f 3138/3/4 3136/3/4 3139/3/4
f 3137/3/4 3138/3/4 3140/3/4
f 3140/3/4 3138/3/4 3141/3/4
f 3142/3/4 3143/3/4 3144/3/4
f 3144/3/4 3143/3/4 3145/3/4
f 3145/3/4 3146/3/4 3148/3/4
f 3148/3/4 3146/3/4 3149/3/4
f 3147/3/4 3148/3/4 3150/3/4
f 3150/3/4 3148/3/4 3151/3/4
f 3152/10/4 3153/10/4 3154/10/4
f 3154/10/4 3153/10/4 3155/10/4
f 3156/3/4 3157/3/4 3158/3/4
f 3158/3/4 3157/3/4 3159/3/4
f 3160/3/4 3161/3/4 3162/3/4
f 3162/3/4 3161/3/4 3163/3/4
f 3164/3/4 3165/3/4 3166/3/4
f 3166/3/4 3165/3/4 3167/3/4
f 3170/3/4 3171/3/4 3172/3/4
f 3172/3/4 3171/3/4 3173/3/4
f 3168/3/4 3169/3/4 3174/3/4
f 3174/3/4 3169/3/4 3175/3/4
f 3176/3/4 3177/3/4 3178/3/4
f 3178/3/4 3177/3/4 3179/3/4
f 3180/6/4 3181/6/4 3182/6/4
f 3182/6/4 3181/6/4 3183/6/4
f 3184/1/4 3185/1/4 3186/1/4
f 3186/1/4 3185/1/4 3187/1/4
f 3188/8/4 3189/8/4 3190/8/4
f 3190/8/4 3189/8/4 3191/8/4
f 3192/8/4 3193/8/4 3194/8/4
f 3194/8/4 3193/8/4 3195/8/4
f 3196/1/4 3197/1/4 3198/1/4
f 3198/1/4 3197/1/4 3199/1/4
f 3200/8/4 3201/8/4 3202/8/4
f 3202/8/4 3201/8/4 3203/8/4
f 3204/8/4 3205/8/4 3206/8/4
f 3206/8/4 3205/8/4 3207/8/4
f 3208/8/4 3209/8/4 3210/8/4
f 3210/8/4 3209/8/4 3211/8/4
f 3212/6/4 3213/6/4 3214/6/4
f 3214/6/4 3213/6/4 3215/6/4
f 3216/3/4 3217/3/4 3218/3/4
f 3218/3/4 3217/3/4 3219/3/4
f 3219/3/4 3220/3/4 3222/3/4
f 3222/3/4 3220/3/4 3223/3/4
f 3221/3/4 3222/3/4 3224/3/4
f 3224/3/4 3222/3/4 3225/3/4
f 3226/1/4 3227/1/4 3228/1/4
f 3228/1/4 3227/1/4 3229/1/4
f 3230/8/4 3231/8/4 3232/8/4
f 3232/8/4 3231/8/4 3233/8/4
f 3234/10/4 3235/10/4 3236/10/4
f 3236/10/4 3235/10/4 3237/10/4
f 3240/3/4 3241/3/4 3242/3/4
f 3242/3/4 3241/3/4 3243/3/4
f 3238/3/4 3239/3/4 3244/3/4
f 3244/3/4 3239/3/4 3245/3/4
f 3246/1/4 3247/1/4 3248/1/4
f 3248/1/4 3247/1/4 3249/1/4
f 3250/7/4 3251/7/4 3252/7/4
f 3252/7/4 3251/7/4 3253/7/4
f 3254/7/4 3255/7/4 3256/7/4
f 3256/7/4 3255/7/4 3257/7/4
f 3258/1/4 3259/1/4 3260/1/4
f 3260/1/4 3259/1/4 3261/1/4
f 3262/6/4 3263/6/4 3264/6/4
f 3264/6/4 3263/6/4 3265/6/4
f 3268/7/4 3269/7/4 3270/7/4
f 3270/7/4 3269/7/4 3271/7/4
f 3266/7/4 3267/7/4 3272/7/4
f 3272/7/4 3267/7/4 3273/7/4
f 3274/7/4 3275/7/4 3278/7/4
f 3278/7/4 3275/7/4 3279/7/4
f 3276/8/4 3277/8/4 3280/8/4
f 3280/8/4 3277/8/4 3281/8/4
f 3282/13/4 3283/13/4 3287/13/4
f 3283/11/4 3284/11/4 3287/11/4
f 3284/12/4 3285/12/4 3288/12/4
f 3287/11/4 3284/11/4 3288/11/4
f 3288/12/4 3285/12/4 3289/12/4
f 3289/12/4 3285/12/4 3292/12/4
f 3292/12/4 3285/12/4 3293/12/4
f 3285/13/4 3286/13/4 3294/13/4
f 3294/13/4 3286/13/4 3295/13/4
f 3290/9/4 3291/9/4 3296/9/4
f 3296/9/4 3291/9/4 3297/9/4
f 3294/9/4 3295/9/4 3299/9/4
f 3297/9/4 3298/9/4 3299/9/4
f 3296/9/4 3297/9/4 3299/9/4
f 3295/9/4 3296/9/4 3299/9/4
f 3285/13/4 3294/13/4 3299/13/4
f 3299/9/4 3298/9/4 3300/9/4
f 3300/9/4 3298/9/4 3301/9/4
f 3301/9/4 3298/9/4 3302/9/4
f 3300/9/4 3301/9/4 3303/9/4
f 3303/9/4 3301/9/4 3304/9/4
f 3289/12/4 3292/12/4 3305/12/4
f 3292/15/4 3293/15/4 3305/15/4
f 3293/12/4 3285/12/4 3306/12/4
f 3305/15/4 3293/15/4 3306/15/4
f 3289/12/4 3305/12/4 3307/12/4
f 3305/12/4 3306/12/4 3307/12/4
f 3306/12/4 3285/12/4 3308/12/4
f 3307/12/4 3306/12/4 3308/12/4
f 3285/13/4 3299/13/4 3311/13/4
f 3309/14/4 3310/14/4 3312/14/4
f 3312/14/4 3310/14/4 3313/14/4
f 3285/13/4 3311/13/4 3315/13/4
f 3311/13/4 3312/13/4 3315/13/4
f 3315/13/4 3312/13/4 3316/13/4
f 3313/14/4 3314/14/4 3317/14/4
f 3312/14/4 3313/14/4 3317/14/4
f 3282/13/4 3287/13/4 3319/13/4
f 3287/15/4 3288/15/4 3319/15/4
f 3288/15/4 3289/15/4 3319/15/4
f 3319/15/4 3289/15/4 3320/15/4
f 3289/12/4 3307/12/4 3321/12/4
f 3320/15/4 3289/15/4 3321/15/4
f 3317/14/4 3318/14/4 3322/14/4
f 3319/11/4 3320/11/4 3324/11/4
f 3282/13/4 3319/13/4 3324/13/4
f 3320/12/4 3321/12/4 3325/12/4
f 3324/11/4 3320/11/4 3325/11/4
f 3321/12/4 3307/12/4 3326/12/4
f 3325/12/4 3321/12/4 3326/12/4
f 3307/15/4 3308/15/4 3326/15/4
f 3308/12/4 3285/12/4 3327/12/4
f 3326/15/4 3308/15/4 3327/15/4
f 3285/13/4 3315/13/4 3328/13/4
f 3315/15/4 3316/15/4 3328/15/4
f 3316/13/4 3312/13/4 3329/13/4
f 3328/15/4 3316/15/4 3329/15/4
f 3324/13/4 3325/13/4 3330/13/4
f 3282/13/4 3324/13/4 3330/13/4
f 3325/12/4 3326/12/4 3331/12/4
f 3330/13/4 3325/13/4 3331/13/4
f 3326/12/4 3327/12/4 3331/12/4
f 3327/12/4 3285/12/4 3332/12/4
f 3331/12/4 3327/12/4 3332/12/4
f 3285/13/4 3328/13/4 3332/13/4
f 3328/13/4 3329/13/4 3332/13/4
f 3322/14/4 3323/14/4 3333/14/4
f 3332/13/4 3329/13/4 3333/13/4
f 3329/13/4 3312/13/4 3333/13/4
f 3312/14/4 3317/14/4 3333/14/4
f 3317/14/4 3322/14/4 3333/14/4
f 3333/14/4 3323/14/4 3334/14/4
f 3346/1/5 3336/1/5 3335/1/5
f 3347/1/5 3336/1/5 3346/1/5
f 3348/1/5 3338/1/5 3337/1/5
f 3349/1/5 3338/1/5 3348/1/5
f 3350/1/5 3340/1/5 3339/1/5
f 3351/1/5 3340/1/5 3350/1/5
f 3352/13/5 3342/13/5 3341/13/5
f 3353/13/5 3347/13/5 3346/13/5
f 3353/13/5 3352/13/5 3351/13/5
f 3353/13/5 3342/13/5 3352/13/5
f 3353/13/5 3349/13/5 3348/13/5
f 3353/13/5 3350/13/5 3349/13/5
f 3353/13/5 3351/13/5 3350/13/5
f 3353/13/5 3348/13/5 3347/13/5
f 3353/13/5 3346/13/5 3345/13/5
f 3354/13/5 3344/13/5 3343/13/5
f 3355/13/5 3353/13/5 3345/13/5
f 3355/13/5 3354/13/5 3353/13/5
f 3356/13/5 3344/13/5 3354/13/5
f 3356/13/5 3354/13/5 3355/13/5
f 3365/11/5 3358/11/5 3357/11/5
f 3366/11/5 3358/11/5 3365/11/5
f 3367/11/5 3360/11/5 3359/11/5
f 3368/11/5 3360/11/5 3367/11/5
f 3369/11/5 3362/11/5 3361/11/5
f 3370/11/5 3362/11/5 3369/11/5
f 3371/11/5 3364/11/5 3363/11/5
f 3372/11/5 3364/11/5 3371/11/5
f 3375/13/5 3374/13/5 3373/13/5
f 3376/13/5 3374/13/5 3375/13/5
f 3387/11/5 3380/11/5 3379/11/5
f 3388/11/5 3380/11/5 3387/11/5
f 3389/11/5 3382/11/5 3381/11/5
f 3390/11/5 3382/11/5 3389/11/5
f 3391/11/5 3384/11/5 3383/11/5
f 3392/11/5 3384/11/5 3391/11/5
f 3393/11/5 3386/11/5 3385/11/5
f 3394/11/5 3386/11/5 3393/11/5
f 3395/13/5 3378/13/5 3377/13/5
f 3396/13/5 3378/13/5 3395/13/5
f 3399/9/5 3398/9/5 3397/9/5
f 3400/9/5 3398/9/5 3399/9/5
f 3401/9/5 3399/9/5 3397/9/5
f 3402/9/5 3398/9/5 3400/9/5
f 3403/9/5 3401/9/5 3397/9/5
f 3403/9/5 3402/9/5 3401/9/5
f 3404/9/5 3398/9/5 3402/9/5
f 3404/9/5 3402/9/5 3403/9/5
f 3405/9/5 3403/9/5 3397/9/5
f 3406/9/5 3398/9/5 3404/9/5
f 3407/9/5 3405/9/5 3397/9/5
f 3407/9/5 3406/9/5 3405/9/5
f 3408/9/5 3398/9/5 3406/9/5
f 3408/9/5 3406/9/5 3407/9/5
f 3409/9/5 3407/9/5 3397/9/5
f 3410/9/5 3398/9/5 3408/9/5
f 3411/9/5 3409/9/5 3397/9/5
f 3411/9/5 3410/9/5 3409/9/5
f 3412/9/5 3398/9/5 3410/9/5
f 3412/9/5 3410/9/5 3411/9/5
f 3413/9/5 3411/9/5 3397/9/5
f 3415/9/5 3398/9/5 3412/9/5
f 3416/9/5 3398/9/5 3415/9/5
f 3417/9/5 3414/9/5 3413/9/5
f 3417/9/5 3413/9/5 3397/9/5
f 3418/9/5 3414/9/5 3417/9/5
f 3419/12/5 3418/12/5 3417/12/5
f 3420/12/5 3418/12/5 3419/12/5
f 3429/9/5 3422/9/5 3421/9/5
f 3430/9/5 3422/9/5 3429/9/5
f 3431/9/5 3424/9/5 3423/9/5
f 3432/9/5 3424/9/5 3431/9/5
f 3433/9/5 3426/9/5 3425/9/5
f 3434/9/5 3426/9/5 3433/9/5
f 3435/9/5 3428/9/5 3427/9/5
f 3436/9/5 3428/9/5 3435/9/5
f 3445/9/5 3438/9/5 3437/9/5
f 3446/9/5 3438/9/5 3445/9/5
f 3447/9/5 3440/9/5 3439/9/5
f 3448/9/5 3440/9/5 3447/9/5
f 3449/9/5 3442/9/5 3441/9/5
f 3450/9/5 3442/9/5 3449/9/5
f 3451/9/5 3444/9/5 3443/9/5
f 3452/9/5 3444/9/5 3451/9/5
f 3461/9/5 3454/9/5 3453/9/5
f 3462/9/5 3454/9/5 3461/9/5
f 3463/9/5 3456/9/5 3455/9/5
f 3464/9/5 3456/9/5 3463/9/5
f 3465/9/5 3458/9/5 3457/9/5
f 3466/9/5 3458/9/5 3465/9/5
f 3467/9/5 3460/9/5 3459/9/5
f 3468/9/5 3460/9/5 3467/9/5
f 3477/9/5 3470/9/5 3469/9/5
f 3478/9/5 3470/9/5 3477/9/5
f 3479/9/5 3472/9/5 3471/9/5
f 3480/9/5 3472/9/5 3479/9/5
f 3481/9/5 3474/9/5 3473/9/5
f 3482/9/5 3474/9/5 3481/9/5
f 3483/9/5 3476/9/5 3475/9/5
f 3484/9/5 3476/9/5 3483/9/5
f 3489/7/5 3486/7/5 3485/7/5
f 3490/7/5 3486/7/5 3489/7/5
f 3491/7/5 3488/7/5 3487/7/5
f 3492/7/5 3488/7/5 3491/7/5
f 3497/7/5 3494/7/5 3493/7/5
f 3498/7/5 3494/7/5 3497/7/5
f 3499/7/5 3496/7/5 3495/7/5
f 3500/7/5 3496/7/5 3499/7/5
f 3503/12/5 3502/12/5 3501/12/5
f 3504/12/5 3502/12/5 3503/12/5
f 3507/12/5 3506/12/5 3505/12/5
f 3508/12/5 3506/12/5 3507/12/5
f 3509/12/5 3506/12/5 3508/12/5
f 3510/12/5 3506/12/5 3509/12/5
f 3511/12/5 3507/12/5 3505/12/5
f 3512/12/5 3509/12/5 3508/12/5
f 3513/12/5 3509/12/5 3512/12/5
f 3514/12/5 3506/12/5 3510/12/5
f 3515/12/5 3513/12/5 3512/12/5
f 3515/12/5 3514/12/5 3513/12/5
f 3515/12/5 3511/12/5 3505/12/5
f 3515/12/5 3512/12/5 3511/12/5
f 3516/12/5 3514/12/5 3515/12/5
f 3517/12/5 3514/12/5 3516/12/5
f 3518/12/5 3506/12/5 3514/12/5
f 3518/12/5 3514/12/5 3517/12/5
f 3519/12/5 3515/12/5 3505/12/5
f 3520/12/5 3517/12/5 3516/12/5
f 3521/12/5 3517/12/5 3520/12/5
f 3522/12/5 3506/12/5 3518/12/5
f 3523/12/5 3519/12/5 3505/12/5
f 3523/12/5 3522/12/5 3521/12/5
f 3523/12/5 3521/12/5 3520/12/5
f 3523/12/5 3520/12/5 3519/12/5
f 3524/12/5 3506/12/5 3522/12/5
f 3524/12/5 3522/12/5 3523/12/5
f 3533/10/5 3526/10/5 3525/10/5
f 3534/10/5 3526/10/5 3533/10/5
f 3535/10/5 3528/10/5 3527/10/5
f 3536/10/5 3528/10/5 3535/10/5
f 3537/10/5 3530/10/5 3529/10/5
f 3538/10/5 3530/10/5 3537/10/5
f 3539/10/5 3532/10/5 3531/10/5
f 3540/10/5 3532/10/5 3539/10/5
f 3543/12/5 3542/12/5 3541/12/5
f 3544/12/5 3542/12/5 3543/12/5
f 3553/10/5 3546/10/5 3545/10/5
f 3554/10/5 3546/10/5 3553/10/5
f 3555/10/5 3548/10/5 3547/10/5
f 3556/10/5 3548/10/5 3555/10/5
f 3557/10/5 3550/10/5 3549/10/5
f 3558/10/5 3550/10/5 3557/10/5
f 3559/10/5 3552/10/5 3551/10/5
f 3560/10/5 3552/10/5 3559/10/5
f 3569/10/5 3562/10/5 3561/10/5
f 3570/10/5 3562/10/5 3569/10/5
f 3571/10/5 3564/10/5 3563/10/5
f 3572/10/5 3564/10/5 3571/10/5
f 3573/10/5 3566/10/5 3565/10/5
f 3574/10/5 3566/10/5 3573/10/5
f 3575/10/5 3568/10/5 3567/10/5
f 3576/10/5 3568/10/5 3575/10/5
f 3579/12/5 3578/12/5 3577/12/5
f 3580/12/5 3578/12/5 3579/12/5
f 3589/10/5 3582/10/5 3581/10/5
f 3590/10/5 3582/10/5 3589/10/5
f 3591/10/5 3584/10/5 3583/10/5
f 3592/10/5 3584/10/5 3591/10/5
f 3593/10/5 3586/10/5 3585/10/5
f 3594/10/5 3586/10/5 3593/10/5
f 3595/10/5 3588/10/5 3587/10/5
f 3596/10/5 3588/10/5 3595/10/5
f 3599/12/5 3598/12/5 3597/12/5
f 3600/12/5 3598/12/5 3599/12/5
f 3609/9/5 3602/9/5 3601/9/5
f 3610/9/5 3602/9/5 3609/9/5
f 3611/9/5 3604/9/5 3603/9/5
f 3612/9/5 3604/9/5 3611/9/5
f 3613/9/5 3606/9/5 3605/9/5
f 3614/9/5 3606/9/5 3613/9/5
f 3615/9/5 3608/9/5 3607/9/5
f 3616/9/5 3608/9/5 3615/9/5
f 3625/10/5 3618/10/5 3617/10/5
f 3626/10/5 3618/10/5 3625/10/5
f 3627/10/5 3620/10/5 3619/10/5
f 3628/10/5 3620/10/5 3627/10/5
f 3629/10/5 3622/10/5 3621/10/5
f 3630/10/5 3622/10/5 3629/10/5
f 3631/10/5 3624/10/5 3623/10/5
f 3632/10/5 3624/10/5 3631/10/5
f 3639/12/5 3634/12/5 3633/12/5
f 3640/12/5 3634/12/5 3639/12/5
f 3641/12/5 3636/12/5 3635/12/5
f 3642/12/5 3636/12/5 3641/12/5
f 3643/12/5 3638/12/5 3637/12/5
f 3644/12/5 3638/12/5 3643/12/5
f 3651/12/5 3646/12/5 3645/12/5
f 3652/12/5 3646/12/5 3651/12/5
f 3653/12/5 3648/12/5 3647/12/5
f 3654/12/5 3648/12/5 3653/12/5
f 3655/12/5 3650/12/5 3649/12/5
f 3656/12/5 3650/12/5 3655/12/5
f 3659/13/5 3658/13/5 3657/13/5
f 3660/13/5 3658/13/5 3659/13/5
f 3667/12/5 3662/12/5 3661/12/5
f 3668/12/5 3662/12/5 3667/12/5
f 3669/12/5 3664/12/5 3663/12/5
f 3670/12/5 3664/12/5 3669/12/5
f 3671/12/5 3666/12/5 3665/12/5
f 3672/12/5 3666/12/5 3671/12/5
f 3683/12/5 3674/12/5 3673/12/5
f 3684/12/5 3674/12/5 3683/12/5
f 3685/12/5 3676/12/5 3675/12/5
f 3686/12/5 3676/12/5 3685/12/5
f 3687/12/5 3678/12/5 3677/12/5
f 3688/12/5 3678/12/5 3687/12/5
f 3689/12/5 3680/12/5 3679/12/5
f 3690/12/5 3680/12/5 3689/12/5
f 3691/12/5 3682/12/5 3681/12/5
f 3692/12/5 3682/12/5 3691/12/5
f 3696/7/5 3694/7/5 3693/7/5
f 3697/7/5 3694/7/5 3696/7/5
f 3701/8/5 3700/8/5 3699/8/5
f 3702/8/5 3700/8/5 3701/8/5
f 3703/7/5 3696/7/5 3695/7/5
f 3703/7/5 3697/7/5 3696/7/5
f 3703/7/5 3698/7/5 3697/7/5
f 3704/7/5 3698/7/5 3703/7/5
f 3705/7/5 3698/7/5 3704/7/5
f 3706/7/5 3698/7/5 3705/7/5
f 3707/7/5 3705/7/5 3704/7/5
f 3708/7/5 3705/7/5 3707/7/5
f 3712/7/5 3710/7/5 3709/7/5
f 3713/7/5 3710/7/5 3712/7/5
f 3715/7/5 3713/7/5 3712/7/5
f 3715/7/5 3714/7/5 3713/7/5
f 3715/7/5 3712/7/5 3711/7/5
f 3716/7/5 3714/7/5 3715/7/5
f 3717/7/5 3714/7/5 3716/7/5
f 3718/7/5 3714/7/5 3717/7/5
f 3721/7/5 3717/7/5 3716/7/5
f 3722/7/5 3717/7/5 3721/7/5
f 3723/8/5 3720/8/5 3719/8/5
f 3724/8/5 3720/8/5 3723/8/5
f 3735/12/5 3726/12/5 3725/12/5
f 3736/12/5 3728/12/5 3727/12/5
f 3737/12/5 3730/12/5 3729/12/5
f 3738/12/5 3732/12/5 3731/12/5
f 3739/12/5 3732/12/5 3738/12/5
f 3740/12/5 3734/12/5 3733/12/5
f 3741/12/5 3736/12/5 3735/12/5
f 3742/12/5 3736/12/5 3741/12/5
f 3743/12/5 3741/12/5 3735/12/5
f 3744/12/5 3741/12/5 3743/12/5
f 3745/12/5 3736/12/5 3742/12/5
f 3746/12/5 3736/12/5 3745/12/5
f 3747/12/5 3739/12/5 3738/12/5
f 3747/12/5 3740/12/5 3739/12/5
f 3747/12/5 3738/12/5 3737/12/5
f 3748/12/5 3734/12/5 3740/12/5
f 3748/12/5 3740/12/5 3747/12/5
f 3749/12/5 3747/12/5 3737/12/5
f 3750/12/5 3734/12/5 3748/12/5
f 3751/12/5 3743/12/5 3735/12/5
f 3754/12/5 3736/12/5 3746/12/5
f 3755/12/5 3752/12/5 3751/12/5
f 3756/12/5 3754/12/5 3753/12/5
f 3757/12/5 3756/12/5 3755/12/5
f 3758/12/5 3736/12/5 3754/12/5
f 3758/12/5 3756/12/5 3757/12/5
f 3758/12/5 3754/12/5 3756/12/5
f 3759/12/5 3755/12/5 3751/12/5
f 3759/12/5 3757/12/5 3755/12/5
f 3760/12/5 3757/12/5 3759/12/5
f 3761/12/5 3736/12/5 3758/12/5
f 3762/12/5 3736/12/5 3761/12/5
f 3763/12/5 3759/12/5 3751/12/5
f 3766/12/5 3736/12/5 3762/12/5
f 3767/12/5 3749/12/5 3737/12/5
f 3767/12/5 3750/12/5 3749/12/5
f 3768/12/5 3734/12/5 3750/12/5
f 3768/12/5 3750/12/5 3767/12/5
f 3769/12/5 3764/12/5 3763/12/5
f 3770/12/5 3766/12/5 3765/12/5
f 3771/12/5 3767/12/5 3737/12/5
f 3772/12/5 3734/12/5 3768/12/5
f 3773/12/5 3735/12/5 3725/12/5
f 3773/12/5 3769/12/5 3763/12/5
f 3773/12/5 3770/12/5 3769/12/5
f 3773/12/5 3751/12/5 3735/12/5
f 3773/12/5 3763/12/5 3751/12/5
f 3774/12/5 3728/12/5 3736/12/5
f 3774/12/5 3770/12/5 3773/12/5
f 3774/12/5 3736/12/5 3766/12/5
f 3774/12/5 3766/12/5 3770/12/5
f 3775/12/5 3771/12/5 3737/12/5
f 3775/12/5 3772/12/5 3771/12/5
f 3775/12/5 3737/12/5 3729/12/5
f 3776/12/5 3734/12/5 3772/12/5
f 3776/12/5 3772/12/5 3775/12/5
f 3787/12/5 3778/12/5 3777/12/5
f 3788/12/5 3778/12/5 3787/12/5
f 3789/12/5 3780/12/5 3779/12/5
f 3790/12/5 3780/12/5 3789/12/5
f 3791/12/5 3782/12/5 3781/12/5
f 3792/12/5 3782/12/5 3791/12/5
f 3793/12/5 3784/12/5 3783/12/5
f 3794/12/5 3784/12/5 3793/12/5
f 3795/12/5 3786/12/5 3785/12/5
f 3796/12/5 3786/12/5 3795/12/5
f 3799/13/5 3798/13/5 3797/13/5
f 3800/13/5 3798/13/5 3799/13/5
f 3801/13/5 3798/13/5 3800/13/5
f 3802/13/5 3798/13/5 3801/13/5
f 3803/13/5 3798/13/5 3802/13/5
f 3804/13/5 3798/13/5 3803/13/5
f 3805/13/5 3798/13/5 3804/13/5
f 3806/13/5 3798/13/5 3805/13/5
f 3807/13/5 3799/13/5 3797/13/5
f 3808/13/5 3799/13/5 3807/13/5
f 3809/13/5 3801/13/5 3800/13/5
f 3810/13/5 3801/13/5 3809/13/5
f 3811/13/5 3803/13/5 3802/13/5
f 3812/13/5 3803/13/5 3811/13/5
f 3813/13/5 3805/13/5 3804/13/5
f 3814/13/5 3805/13/5 3813/13/5
f 3815/13/5 3798/13/5 3806/13/5
f 3816/13/5 3798/13/5 3815/13/5
f 3823/13/5 3818/13/5 3817/13/5
f 3824/13/5 3818/13/5 3823/13/5
f 3825/13/5 3820/13/5 3819/13/5
f 3826/13/5 3820/13/5 3825/13/5
f 3827/13/5 3822/13/5 3821/13/5
f 3828/13/5 3822/13/5 3827/13/5
f 3831/3/5 3830/3/5 3829/3/5
f 3832/3/5 3830/3/5 3831/3/5
f 3833/3/5 3831/3/5 3829/3/5
f 3834/3/5 3830/3/5 3832/3/5
f 3835/3/5 3833/3/5 3829/3/5
f 3835/3/5 3834/3/5 3833/3/5
f 3836/3/5 3830/3/5 3834/3/5
f 3836/3/5 3834/3/5 3835/3/5
f 3839/3/5 3838/3/5 3837/3/5
f 3840/3/5 3838/3/5 3839/3/5
f 3841/3/5 3839/3/5 3837/3/5
f 3842/3/5 3838/3/5 3840/3/5
f 3843/3/5 3841/3/5 3837/3/5
f 3843/3/5 3842/3/5 3841/3/5
f 3844/3/5 3838/3/5 3842/3/5
f 3844/3/5 3842/3/5 3843/3/5
f 3847/13/5 3846/13/5 3845/13/5
f 3848/13/5 3846/13/5 3847/13/5
f 3852/3/5 3850/3/5 3849/3/5
f 3853/3/5 3850/3/5 3852/3/5
f 3855/3/5 3852/3/5 3851/3/5
f 3855/3/5 3854/3/5 3853/3/5
f 3855/3/5 3853/3/5 3852/3/5
f 3856/3/5 3854/3/5 3855/3/5
f 3857/3/5 3855/3/5 3851/3/5
f 3858/3/5 3854/3/5 3856/3/5
f 3859/3/5 3857/3/5 3851/3/5
f 3859/3/5 3858/3/5 3857/3/5
f 3860/3/5 3858/3/5 3859/3/5
f 3861/3/5 3854/3/5 3858/3/5
f 3861/3/5 3858/3/5 3860/3/5
f 3862/3/5 3854/3/5 3861/3/5
f 3863/3/5 3861/3/5 3860/3/5
f 3864/3/5 3861/3/5 3863/3/5
f 3867/9/5 3866/9/5 3865/9/5
f 3868/9/5 3866/9/5 3867/9/5
f 3871/13/5 3870/13/5 3869/13/5
f 3872/13/5 3870/13/5 3871/13/5
f 3875/6/5 3874/6/5 3873/6/5
f 3876/6/5 3874/6/5 3875/6/5
f 3883/6/5 3878/6/5 3877/6/5
f 3884/6/5 3878/6/5 3883/6/5
f 3885/10/5 3880/10/5 3879/10/5
f 3886/10/5 3880/10/5 3885/10/5
f 3887/10/5 3882/10/5 3881/10/5
f 3888/10/5 3882/10/5 3887/10/5
f 3891/6/5 3890/6/5 3889/6/5
f 3892/6/5 3890/6/5 3891/6/5
f 3895/6/5 3894/6/5 3893/6/5
f 3896/6/5 3894/6/5 3895/6/5
f 3899/6/5 3898/6/5 3897/6/5
f 3900/6/5 3898/6/5 3899/6/5
f 3905/6/5 3902/6/5 3901/6/5
f 3906/6/5 3902/6/5 3905/6/5
f 3907/10/5 3904/10/5 3903/10/5
f 3908/10/5 3904/10/5 3907/10/5
f 3916/10/5 3909/10/5 3908/10/5
f 3917/10/5 3909/10/5 3916/10/5
f 3918/10/5 3911/10/5 3910/10/5
f 3919/10/5 3911/10/5 3918/10/5
f 3920/10/5 3913/10/5 3912/10/5
f 3921/10/5 3913/10/5 3920/10/5
f 3924/6/5 3915/6/5 3914/6/5
f 3925/6/5 3915/6/5 3924/6/5
f 3926/10/5 3923/10/5 3922/10/5
f 3927/10/5 3923/10/5 3926/10/5
f 3930/6/5 3929/6/5 3928/6/5
f 3931/6/5 3929/6/5 3930/6/5
f 3934/10/5 3933/10/5 3932/10/5
f 3935/10/5 3933/10/5 3934/10/5
f 3938/10/5 3937/10/5 3936/10/5
f 3939/10/5 3937/10/5 3938/10/5
f 3942/10/5 3941/10/5 3940/10/5
f 3943/10/5 3941/10/5 3942/10/5
f 3946/6/5 3945/6/5 3944/6/5
f 3947/6/5 3945/6/5 3946/6/5
f 3950/6/5 3949/6/5 3948/6/5
f 3951/6/5 3949/6/5 3950/6/5
f 3955/9/5 3953/9/5 3952/9/5
f 3956/9/5 3953/9/5 3955/9/5
f 3960/9/5 3955/9/5 3954/9/5
f 3961/9/5 3955/9/5 3960/9/5
f 3962/10/5 3957/10/5 3956/10/5
f 3963/10/5 3957/10/5 3962/10/5
f 3964/10/5 3959/10/5 3958/10/5
f 3965/10/5 3959/10/5 3964/10/5
f 3966/10/5 3962/10/5 3961/10/5
f 3967/10/5 3962/10/5 3966/10/5
f 3978/10/5 3969/10/5 3968/10/5
f 3979/10/5 3969/10/5 3978/10/5
f 3980/13/5 3971/13/5 3970/13/5
f 3981/13/5 3971/13/5 3980/13/5
f 3982/13/5 3973/13/5 3972/13/5
f 3983/13/5 3973/13/5 3982/13/5
f 3984/13/5 3975/13/5 3974/13/5
f 3985/13/5 3975/13/5 3984/13/5
f 3986/10/5 3977/10/5 3976/10/5
f 3987/10/5 3977/10/5 3986/10/5
f 3990/10/5 3989/10/5 3988/10/5
f 3991/10/5 3989/10/5 3990/10/5
f 3994/10/5 3993/10/5 3992/10/5
f 3995/10/5 3993/10/5 3994/10/5
f 3998/10/5 3997/10/5 3996/10/5
f 3999/10/5 3997/10/5 3998/10/5
f 4002/10/5 4001/10/5 4000/10/5
f 4003/10/5 4001/10/5 4002/10/5
f 4006/6/5 4005/6/5 4004/6/5
f 4007/6/5 4005/6/5 4006/6/5
f 4010/6/5 4009/6/5 4008/6/5
f 4011/6/5 4009/6/5 4010/6/5
f 4015/8/5 4013/8/5 4012/8/5
f 4016/8/5 4013/8/5 4015/8/5
f 4021/8/5 4019/8/5 4018/8/5
f 4022/8/5 4019/8/5 4021/8/5
f 4026/8/5 4015/8/5 4014/8/5
f 4026/8/5 4016/8/5 4015/8/5
f 4026/8/5 4017/8/5 4016/8/5
f 4027/8/5 4017/8/5 4026/8/5
f 4028/8/5 4017/8/5 4027/8/5
f 4029/8/5 4017/8/5 4028/8/5
f 4030/13/5 4025/13/5 4024/13/5
f 4031/8/5 4028/8/5 4027/8/5
f 4032/8/5 4028/8/5 4031/8/5
f 4033/8/5 4023/8/5 4022/8/5
f 4033/8/5 4022/8/5 4021/8/5
f 4033/8/5 4021/8/5 4020/8/5
f 4034/8/5 4023/8/5 4033/8/5
f 4035/8/5 4023/8/5 4034/8/5
f 4036/8/5 4023/8/5 4035/8/5
f 4037/8/5 4035/8/5 4034/8/5
f 4038/8/5 4035/8/5 4037/8/5
f 4041/10/5 4040/10/5 4039/10/5
f 4042/10/5 4040/10/5 4041/10/5
f 4045/10/5 4044/10/5 4043/10/5
f 4046/10/5 4044/10/5 4045/10/5
f 4047/13/5 4025/13/5 4030/13/5
f 4048/13/5 4025/13/5 4047/13/5
f 4053/9/5 4050/9/5 4049/9/5
f 4054/9/5 4050/9/5 4053/9/5
f 4055/9/5 4052/9/5 4051/9/5
f 4056/9/5 4052/9/5 4055/9/5
f 4059/13/5 4058/13/5 4057/13/5
f 4060/13/5 4058/13/5 4059/13/5
f 4063/13/5 4062/13/5 4061/13/5
f 4064/13/5 4062/13/5 4063/13/5
f 4065/13/5 4063/13/5 4061/13/5
f 4066/13/5 4063/13/5 4065/13/5
f 4067/13/5 4063/13/5 4066/13/5
f 4068/13/5 4062/13/5 4064/13/5
f 4069/13/5 4062/13/5 4068/13/5
f 4070/13/5 4062/13/5 4069/13/5
f 4071/13/5 4062/13/5 4070/13/5
f 4072/13/5 4070/13/5 4069/13/5
f 4073/13/5 4070/13/5 4072/13/5
f 4074/13/5 4062/13/5 4071/13/5
f 4075/13/5 4062/13/5 4074/13/5
f 4076/13/5 4066/13/5 4065/13/5
f 4079/13/5 4072/13/5 4069/13/5
f 4080/13/5 4077/13/5 4076/13/5
f 4081/13/5 4079/13/5 4078/13/5
f 4082/13/5 4072/13/5 4079/13/5
f 4082/13/5 4079/13/5 4081/13/5
f 4085/13/5 4062/13/5 4075/13/5
f 4086/13/5 4083/13/5 4082/13/5
f 4086/13/5 4081/13/5 4080/13/5
f 4086/13/5 4082/13/5 4081/13/5
f 4087/13/5 4085/13/5 4084/13/5
f 4088/13/5 4086/13/5 4080/13/5
f 4088/13/5 4087/13/5 4086/13/5
f 4088/13/5 4080/13/5 4076/13/5
f 4088/13/5 4076/13/5 4065/13/5
f 4089/13/5 4085/13/5 4087/13/5
f 4089/13/5 4087/13/5 4088/13/5
f 4089/13/5 4062/13/5 4085/13/5
f 4092/14/5 4091/14/5 4090/14/5
f 4093/14/5 4091/14/5 4092/14/5
f 4094/14/5 4092/14/5 4090/14/5
f 4095/14/5 4092/14/5 4094/14/5
f 4096/13/6 4097/13/6 4104/13/6
f 4102/13/6 4103/13/6 4104/13/6
f 4101/13/6 4102/13/6 4104/13/6
f 4100/13/6 4101/13/6 4104/13/6
f 4099/13/6 4100/13/6 4104/13/6
f 4098/13/6 4099/13/6 4104/13/6
f 4097/13/6 4098/13/6 4104/13/6
f 4104/13/6 4103/13/6 4105/13/6
f 4105/13/6 4103/13/6 4106/13/6
f 4106/13/6 4103/13/6 4107/13/6
f 4107/13/6 4103/13/6 4108/13/6
f 4108/13/6 4103/13/6 4109/13/6
f 4109/13/6 4103/13/6 4110/13/6
f 4110/13/6 4103/13/6 4111/13/6
f 4105/13/6 4106/13/6 4112/13/6
f 4112/13/6 4106/13/6 4113/13/6
f 4107/13/6 4108/13/6 4114/13/6
f 4114/13/6 4108/13/6 4115/13/6
f 4109/13/6 4110/13/6 4116/13/6
f 4116/13/6 4110/13/6 4117/13/6
f 4122/13/6 4123/13/6 4125/13/6
f 4123/13/6 4124/13/6 4125/13/6
f 4121/13/6 4122/13/6 4125/13/6
f 4120/13/6 4121/13/6 4125/13/6
f 4119/13/6 4120/13/6 4125/13/6
f 4118/13/6 4119/13/6 4125/13/6
f 4125/13/6 4124/13/6 4126/13/6
f 4131/1/6 4132/1/6 4139/1/6
f 4139/1/6 4132/1/6 4140/1/6
f 4137/1/6 4138/1/6 4141/1/6
f 4141/1/6 4138/1/6 4142/1/6
f 4127/1/6 4128/1/6 4143/1/6
f 4143/1/6 4128/1/6 4144/1/6
f 4129/1/6 4130/1/6 4145/1/6
f 4145/1/6 4130/1/6 4146/1/6
f 4133/1/6 4134/1/6 4149/1/6
f 4149/1/6 4134/1/6 4150/1/6
f 4135/1/6 4136/1/6 4151/1/6
f 4151/1/6 4136/1/6 4152/1/6
f 4147/1/6 4148/1/6 4157/1/6
f 4153/1/6 4154/1/6 4160/1/6
f 4155/1/6 4156/1/6 4161/1/6
f 4161/1/6 4156/1/6 4162/1/6
f 4157/1/6 4158/1/6 4163/1/6
f 4147/1/6 4157/1/6 4163/1/6
f 4163/1/6 4158/1/6 4164/1/6
f 4159/1/6 4160/1/6 4165/1/6
f 4160/1/6 4154/1/6 4166/1/6
f 4165/1/6 4160/1/6 4166/1/6
f 4167/2/6 4168/2/6 4175/2/6
f 4175/2/6 4168/2/6 4176/2/6
f 4169/2/6 4170/2/6 4179/2/6
f 4179/2/6 4170/2/6 4180/2/6
f 4171/2/6 4172/2/6 4181/2/6
f 4181/2/6 4172/2/6 4182/2/6
f 4173/2/6 4174/2/6 4183/2/6
f 4176/2/6 4168/2/6 4186/2/6
f 4186/2/6 4168/2/6 4187/2/6
f 4177/2/6 4178/2/6 4189/2/6
f 4189/2/6 4178/2/6 4190/2/6
f 4183/2/6 4174/2/6 4195/2/6
f 4195/2/6 4174/2/6 4196/2/6
f 4184/2/6 4185/2/6 4197/2/6
f 4197/2/6 4185/2/6 4198/2/6
f 4187/2/6 4188/2/6 4199/2/6
f 4199/2/6 4188/2/6 4200/2/6
f 4191/2/6 4192/2/6 4201/2/6
f 4193/2/6 4194/2/6 4202/2/6
f 4202/2/6 4194/2/6 4203/2/6
f 4201/2/6 4192/2/6 4204/2/6
f 4204/2/6 4192/2/6 4205/2/6
f 4206/11/6 4207/11/6 4208/11/6
f 4208/11/6 4207/11/6 4209/11/6
f 4210/2/6 4211/2/6 4214/2/6
f 4214/2/6 4211/2/6 4215/2/6
f 4212/2/6 4213/2/6 4216/2/6
f 4216/2/6 4213/2/6 4217/2/6
f 4218/2/6 4219/2/6 4224/2/6
f 4220/2/6 4221/2/6 4226/2/6
f 4226/2/6 4221/2/6 4227/2/6
f 4222/2/6 4223/2/6 4228/2/6
f 4228/2/6 4223/2/6 4229/2/6
f 4224/2/6 4219/2/6 4230/2/6
f 4230/2/6 4219/2/6 4231/2/6
f 4225/2/6 4226/2/6 4232/2/6
f 4232/2/6 4226/2/6 4233/2/6
f 4234/2/6 4235/2/6 4238/2/6
f 4238/2/6 4235/2/6 4239/2/6
f 4236/2/6 4237/2/6 4240/2/6
f 4240/2/6 4237/2/6 4241/2/6
f 4242/2/6 4243/2/6 4246/2/6
f 4246/2/6 4243/2/6 4247/2/6
f 4244/2/6 4245/2/6 4248/2/6
f 4248/2/6 4245/2/6 4249/2/6
f 4250/11/6 4251/11/6 4258/11/6
f 4258/11/6 4251/11/6 4259/11/6
f 4252/11/6 4253/11/6 4260/11/6
f 4260/11/6 4253/11/6 4261/11/6
f 4254/11/6 4255/11/6 4262/11/6
f 4262/11/6 4255/11/6 4263/11/6
f 4256/11/6 4257/11/6 4264/11/6
f 4264/11/6 4257/11/6 4265/11/6
f 4266/9/6 4267/9/6 4268/9/6
f 4268/9/6 4267/9/6 4269/9/6
f 4269/9/6 4267/9/6 4270/9/6
f 4270/9/6 4267/9/6 4271/9/6
f 4271/9/6 4267/9/6 4272/9/6
f 4272/9/6 4267/9/6 4273/9/6
f 4273/9/6 4267/9/6 4274/9/6
f 4274/9/6 4267/9/6 4275/9/6
f 4275/9/6 4267/9/6 4276/9/6
f 4276/9/6 4267/9/6 4277/9/6
f 4266/9/6 4268/9/6 4278/9/6
f 4277/9/6 4267/9/6 4287/9/6
f 4266/9/6 4278/9/6 4288/9/6
f 4278/9/6 4279/9/6 4288/9/6
f 4288/9/6 4279/9/6 4289/9/6
f 4280/9/6 4281/9/6 4290/9/6
f 4290/9/6 4281/9/6 4291/9/6
f 4282/9/6 4283/9/6 4292/9/6
f 4292/9/6 4283/9/6 4293/9/6
f 4284/9/6 4285/9/6 4294/9/6
f 4294/9/6 4285/9/6 4295/9/6
f 4286/9/6 4287/9/6 4296/9/6
f 4287/9/6 4267/9/6 4297/9/6
f 4296/9/6 4287/9/6 4297/9/6
f 4266/9/6 4288/9/6 4298/9/6
f 4297/9/6 4267/9/6 4307/9/6
f 4266/9/6 4298/9/6 4308/9/6
f 4298/9/6 4299/9/6 4308/9/6
f 4308/9/6 4299/9/6 4309/9/6
f 4300/9/6 4301/9/6 4310/9/6
f 4310/9/6 4301/9/6 4311/9/6
f 4302/9/6 4303/9/6 4312/9/6
f 4312/9/6 4303/9/6 4313/9/6
f 4304/9/6 4305/9/6 4314/9/6
f 4314/9/6 4305/9/6 4315/9/6
f 4306/9/6 4307/9/6 4316/9/6
f 4307/9/6 4267/9/6 4317/9/6
f 4316/9/6 4307/9/6 4317/9/6
f 4266/9/6 4308/9/6 4318/9/6
f 4317/9/6 4267/9/6 4327/9/6
f 4266/9/6 4318/9/6 4328/9/6
f 4318/9/6 4319/9/6 4328/9/6
f 4328/9/6 4319/9/6 4329/9/6
f 4320/9/6 4321/9/6 4330/9/6
f 4330/9/6 4321/9/6 4331/9/6
f 4322/9/6 4323/9/6 4332/9/6
f 4332/9/6 4323/9/6 4333/9/6
f 4324/9/6 4325/9/6 4334/9/6
f 4334/9/6 4325/9/6 4335/9/6
f 4326/9/6 4327/9/6 4336/9/6
f 4327/9/6 4267/9/6 4337/9/6
f 4336/9/6 4327/9/6 4337/9/6
f 4266/9/6 4328/9/6 4338/9/6
f 4337/9/6 4267/9/6 4347/9/6
f 4266/9/6 4338/9/6 4348/9/6
f 4338/9/6 4339/9/6 4348/9/6
f 4348/9/6 4339/9/6 4349/9/6
f 4340/9/6 4341/9/6 4350/9/6
f 4350/9/6 4341/9/6 4351/9/6
f 4342/9/6 4343/9/6 4352/9/6
f 4352/9/6 4343/9/6 4353/9/6
f 4344/9/6 4345/9/6 4354/9/6
f 4354/9/6 4345/9/6 4355/9/6
f 4346/9/6 4347/9/6 4356/9/6
f 4347/9/6 4267/9/6 4357/9/6
f 4356/9/6 4347/9/6 4357/9/6
f 4358/9/6 4359/9/6 4366/9/6
f 4366/9/6 4359/9/6 4367/9/6
f 4360/9/6 4361/9/6 4368/9/6
f 4368/9/6 4361/9/6 4369/9/6
f 4362/9/6 4363/9/6 4370/9/6
f 4370/9/6 4363/9/6 4371/9/6
f 4364/9/6 4365/9/6 4372/9/6
f 4372/9/6 4365/9/6 4373/9/6
f 4374/9/6 4375/9/6 4383/9/6
f 4383/9/6 4375/9/6 4384/9/6
f 4376/9/6 4377/9/6 4385/9/6
f 4385/9/6 4377/9/6 4386/9/6
f 4378/9/6 4379/9/6 4387/9/6
f 4387/9/6 4379/9/6 4388/9/6
f 4380/9/6 4381/9/6 4389/9/6
f 4389/9/6 4381/9/6 4390/9/6
f 4389/12/6 4390/12/6 4392/12/6
f 4390/12/6 4391/12/6 4392/12/6
f 4388/12/6 4389/12/6 4392/12/6
f 4387/12/6 4388/12/6 4392/12/6
f 4386/12/6 4387/12/6 4392/12/6
f 4383/12/6 4384/12/6 4392/12/6
f 4384/12/6 4385/12/6 4392/12/6
f 4385/12/6 4386/12/6 4392/12/6
f 4382/12/6 4383/12/6 4392/12/6
f 4392/12/6 4391/12/6 4393/12/6
f 4394/10/6 4395/10/6 4402/10/6
f 4402/10/6 4395/10/6 4403/10/6
f 4396/10/6 4397/10/6 4404/10/6
f 4404/10/6 4397/10/6 4405/10/6
f 4398/10/6 4399/10/6 4406/10/6
f 4406/10/6 4399/10/6 4407/10/6
f 4400/10/6 4401/10/6 4408/10/6
f 4408/10/6 4401/10/6 4409/10/6
f 4410/12/6 4411/12/6 4412/12/6
f 4412/12/6 4411/12/6 4413/12/6
f 4414/10/6 4415/10/6 4422/10/6
f 4422/10/6 4415/10/6 4423/10/6
f 4416/10/6 4417/10/6 4424/10/6
f 4424/10/6 4417/10/6 4425/10/6
f 4418/10/6 4419/10/6 4426/10/6
f 4426/10/6 4419/10/6 4427/10/6
f 4420/10/6 4421/10/6 4428/10/6
f 4428/10/6 4421/10/6 4429/10/6
f 4430/12/6 4431/12/6 4432/12/6
f 4432/12/6 4431/12/6 4433/12/6
f 4434/10/6 4435/10/6 4442/10/6
f 4442/10/6 4435/10/6 4443/10/6
f 4436/10/6 4437/10/6 4444/10/6
f 4444/10/6 4437/10/6 4445/10/6
f 4438/10/6 4439/10/6 4446/10/6
f 4446/10/6 4439/10/6 4447/10/6
f 4440/10/6 4441/10/6 4448/10/6
f 4448/10/6 4441/10/6 4449/10/6
f 4450/12/6 4451/12/6 4454/12/6
f 4454/12/6 4451/12/6 4455/12/6
f 4452/12/6 4453/12/6 4456/12/6
f 4456/12/6 4453/12/6 4457/12/6
f 4458/12/6 4459/12/6 4460/12/6
f 4460/12/6 4459/12/6 4461/12/6
f 4462/10/6 4463/10/6 4470/10/6
f 4470/10/6 4463/10/6 4471/10/6
f 4464/10/6 4465/10/6 4472/10/6
f 4472/10/6 4465/10/6 4473/10/6
f 4466/10/6 4467/10/6 4474/10/6
f 4474/10/6 4467/10/6 4475/10/6
f 4468/10/6 4469/10/6 4476/10/6
f 4476/10/6 4469/10/6 4477/10/6
f 4478/12/6 4479/12/6 4484/12/6
f 4484/12/6 4479/12/6 4485/12/6
f 4480/12/6 4481/12/6 4486/12/6
f 4486/12/6 4481/12/6 4487/12/6
f 4482/12/6 4483/12/6 4488/12/6
f 4488/12/6 4483/12/6 4489/12/6
f 4490/10/6 4491/10/6 4498/10/6
f 4498/10/6 4491/10/6 4499/10/6
f 4492/10/6 4493/10/6 4500/10/6
f 4500/10/6 4493/10/6 4501/10/6
f 4494/10/6 4495/10/6 4502/10/6
f 4502/10/6 4495/10/6 4503/10/6
f 4496/10/6 4497/10/6 4504/10/6
f 4504/10/6 4497/10/6 4505/10/6
f 4506/10/6 4507/10/6 4514/10/6
f 4514/10/6 4507/10/6 4515/10/6
f 4508/10/6 4509/10/6 4516/10/6
f 4516/10/6 4509/10/6 4517/10/6
f 4510/10/6 4511/10/6 4518/10/6
f 4518/10/6 4511/10/6 4519/10/6
f 4512/10/6 4513/10/6 4520/10/6
f 4520/10/6 4513/10/6 4521/10/6
f 4522/12/6 4523/12/6 4528/12/6
f 4528/12/6 4523/12/6 4529/12/6
f 4524/12/6 4525/12/6 4530/12/6
f 4530/12/6 4525/12/6 4531/12/6
f 4526/12/6 4527/12/6 4532/12/6
f 4532/12/6 4527/12/6 4533/12/6
f 4534/9/6 4535/9/6 4542/9/6
f 4542/9/6 4535/9/6 4543/9/6
f 4536/9/6 4537/9/6 4544/9/6
f 4544/9/6 4537/9/6 4545/9/6
f 4538/9/6 4539/9/6 4546/9/6
f 4546/9/6 4539/9/6 4547/9/6
f 4540/9/6 4541/9/6 4548/9/6
f 4548/9/6 4541/9/6 4549/9/6
f 4550/13/6 4551/13/6 4552/13/6
f 4552/13/6 4551/13/6 4553/13/6
f 4553/13/6 4551/13/6 4554/13/6
f 4554/13/6 4551/13/6 4555/13/6
f 4555/13/6 4551/13/6 4556/13/6
f 4556/13/6 4551/13/6 4557/13/6
f 4557/13/6 4551/13/6 4558/13/6
f 4558/13/6 4551/13/6 4559/13/6
f 4550/13/6 4552/13/6 4560/13/6
f 4560/13/6 4552/13/6 4561/13/6
f 4553/13/6 4554/13/6 4562/13/6
f 4562/13/6 4554/13/6 4563/13/6
f 4555/13/6 4556/13/6 4564/13/6
f 4564/13/6 4556/13/6 4565/13/6
f 4557/13/6 4558/13/6 4566/13/6
f 4566/13/6 4558/13/6 4567/13/6
f 4559/13/6 4551/13/6 4568/13/6
f 4568/13/6 4551/13/6 4569/13/6
f 4570/12/6 4571/12/6 4580/12/6
f 4580/12/6 4571/12/6 4581/12/6
f 4572/12/6 4573/12/6 4582/12/6
f 4582/12/6 4573/12/6 4583/12/6
f 4574/12/6 4575/12/6 4584/12/6
f 4584/12/6 4575/12/6 4585/12/6
f 4576/12/6 4577/12/6 4586/12/6
f 4586/12/6 4577/12/6 4587/12/6
f 4578/12/6 4579/12/6 4588/12/6
f 4588/12/6 4579/12/6 4589/12/6
f 4590/12/6 4591/12/6 4600/12/6
f 4600/12/6 4591/12/6 4601/12/6
f 4592/12/6 4593/12/6 4602/12/6
f 4602/12/6 4593/12/6 4603/12/6
f 4594/12/6 4595/12/6 4604/12/6
f 4604/12/6 4595/12/6 4605/12/6
f 4596/12/6 4597/12/6 4606/12/6
f 4606/12/6 4597/12/6 4607/12/6
f 4598/12/6 4599/12/6 4608/12/6
f 4608/12/6 4599/12/6 4609/12/6
f 4610/13/6 4611/13/6 4616/13/6
f 4616/13/6 4611/13/6 4617/13/6
f 4612/13/6 4613/13/6 4618/13/6
f 4618/13/6 4613/13/6 4619/13/6
f 4614/13/6 4615/13/6 4620/13/6
f 4620/13/6 4615/13/6 4621/13/6
f 4624/13/6 4625/13/6 4626/13/6
f 4626/13/6 4625/13/6 4627/13/6
f 4627/13/6 4625/13/6 4628/13/6
f 4628/13/6 4625/13/6 4629/13/6
f 4624/13/6 4626/13/6 4630/13/6
f 4630/13/6 4626/13/6 4631/13/6
f 4627/13/6 4628/13/6 4632/13/6
f 4632/13/6 4628/13/6 4633/13/6
f 4633/13/6 4628/13/6 4634/13/6
f 4634/13/6 4628/13/6 4635/13/6
f 4629/13/6 4625/13/6 4636/13/6
f 4636/13/6 4625/13/6 4637/13/6
f 4624/13/6 4630/13/6 4638/13/6
f 4633/13/6 4634/13/6 4641/13/6
f 4641/13/6 4634/13/6 4642/13/6
f 4637/13/6 4625/13/6 4645/13/6
f 4638/13/6 4639/13/6 4646/13/6
f 4642/13/6 4643/13/6 4647/13/6
f 4640/13/6 4641/13/6 4647/13/6
f 4641/13/6 4642/13/6 4647/13/6
f 4647/13/6 4643/13/6 4648/13/6
f 4644/13/6 4645/13/6 4649/13/6
f 4647/13/6 4648/13/6 4650/13/6
f 4648/13/6 4649/13/6 4650/13/6
f 4649/13/6 4645/13/6 4650/13/6
f 4645/13/6 4625/13/6 4650/13/6
f 4646/13/6 4647/13/6 4650/13/6
f 4622/13/6 4623/13/6 4651/13/6
f 4646/13/6 4650/13/6 4652/13/6
f 4638/13/6 4646/13/6 4652/13/6
f 4652/13/6 4650/13/6 4653/13/6
f 4653/13/6 4650/13/6 4654/13/6
f 4654/13/6 4650/13/6 4655/13/6
f 4651/13/6 4623/13/6 4656/13/6
f 4624/13/6 4638/13/6 4657/13/6
f 4638/13/6 4652/13/6 4657/13/6
f 4657/13/6 4652/13/6 4658/13/6
f 4653/13/6 4654/13/6 4659/13/6
f 4659/13/6 4654/13/6 4660/13/6
f 4660/13/6 4654/13/6 4661/13/6
f 4661/13/6 4654/13/6 4662/13/6
f 4655/13/6 4656/13/6 4663/13/6
f 4624/13/6 4657/13/6 4664/13/6
f 4660/13/6 4661/13/6 4667/13/6
f 4667/13/6 4661/13/6 4668/13/6
f 4668/13/6 4661/13/6 4669/13/6
f 4662/13/6 4663/13/6 4670/13/6
f 4664/13/6 4665/13/6 4671/13/6
f 4666/13/6 4667/13/6 4672/13/6
f 4667/13/6 4668/13/6 4672/13/6
f 4672/13/6 4668/13/6 4673/13/6
f 4673/13/6 4668/13/6 4674/13/6
f 4669/13/6 4670/13/6 4675/13/6
f 4671/13/6 4672/13/6 4676/13/6
f 4672/13/6 4673/13/6 4676/13/6
f 4674/13/6 4675/13/6 4677/13/6
f 4663/13/6 4656/13/6 4678/13/6
f 4676/13/6 4677/13/6 4678/13/6
f 4677/13/6 4675/13/6 4678/13/6
f 4670/13/6 4663/13/6 4678/13/6
f 4675/13/6 4670/13/6 4678/13/6
f 4656/13/6 4623/13/6 4679/13/6
f 4678/13/6 4656/13/6 4679/13/6
f 4671/13/6 4676/13/6 4680/13/6
f 4676/13/6 4678/13/6 4680/13/6
f 4624/13/6 4664/13/6 4680/13/6
f 4664/13/6 4671/13/6 4680/13/6
f 4680/13/6 4678/13/6 4681/13/6
f 4679/13/6 4623/13/6 4682/13/6
f 4682/13/6 4623/13/6 4683/13/6
f 4681/13/6 4678/13/6 4684/13/6
f 4684/13/6 4678/13/6 4685/13/6
f 4686/13/6 4687/13/6 4688/13/6
f 4688/13/6 4687/13/6 4689/13/6
f 4686/13/6 4688/13/6 4690/13/6
f 4689/13/6 4687/13/6 4691/13/6
f 4686/13/6 4690/13/6 4692/13/6
f 4690/13/6 4691/13/6 4692/13/6
f 4691/13/6 4687/13/6 4693/13/6
f 4692/13/6 4691/13/6 4693/13/6
f 4693/13/6 4687/13/6 4694/13/6
f 4695/1/6 4696/1/6 4699/1/6
f 4699/1/6 4696/1/6 4700/1/6
f 4697/1/6 4698/1/6 4705/1/6
f 4705/1/6 4698/1/6 4706/1/6
f 4701/1/6 4702/1/6 4707/1/6
f 4707/1/6 4702/1/6 4708/1/6
f 4703/1/6 4704/1/6 4709/1/6
f 4709/1/6 4704/1/6 4710/1/6
f 4686/13/6 4692/13/6 4711/13/6
f 4712/3/6 4713/3/6 4717/3/6
f 4717/3/6 4713/3/6 4718/3/6
f 4714/3/6 4715/3/6 4721/3/6
f 4721/3/6 4715/3/6 4722/3/6
f 4716/3/6 4717/3/6 4724/3/6
f 4724/3/6 4717/3/6 4725/3/6
f 4718/3/6 4719/3/6 4726/3/6
f 4726/3/6 4719/3/6 4727/3/6
f 4720/3/6 4721/3/6 4728/3/6
f 4728/3/6 4721/3/6 4729/3/6
f 4722/3/6 4723/3/6 4730/3/6
f 4730/3/6 4723/3/6 4731/3/6
f 4725/3/6 4726/3/6 4732/3/6
f 4732/3/6 4726/3/6 4733/3/6
f 4729/3/6 4730/3/6 4734/3/6
f 4734/3/6 4730/3/6 4735/3/6
f 4736/3/6 4737/3/6 4739/3/6
f 4739/3/6 4737/3/6 4740/3/6
f 4738/3/6 4739/3/6 4742/3/6
f 4742/3/6 4739/3/6 4743/3/6
f 4740/3/6 4741/3/6 4744/3/6
f 4744/3/6 4741/3/6 4745/3/6
f 4743/3/6 4744/3/6 4746/3/6
f 4746/3/6 4744/3/6 4747/3/6
f 4686/13/6 4711/13/6 4748/13/6
f 4686/13/6 4748/13/6 4749/13/6
f 4749/13/6 4748/13/6 4750/13/6
f 4751/1/6 4752/1/6 4755/1/6
f 4755/1/6 4752/1/6 4756/1/6
f 4756/1/6 4752/1/6 4757/1/6
f 4757/1/6 4752/1/6 4758/1/6
f 4758/1/6 4752/1/6 4759/1/6
f 4759/1/6 4752/1/6 4760/1/6
f 4760/1/6 4752/1/6 4761/1/6
f 4761/1/6 4752/1/6 4762/1/6
f 4762/1/6 4752/1/6 4763/1/6
f 4763/1/6 4752/1/6 4764/1/6
f 4764/1/6 4752/1/6 4765/1/6
f 4765/1/6 4752/1/6 4766/1/6
f 4766/1/6 4752/1/6 4767/1/6
f 4753/13/6 4754/13/6 4768/13/6
f 4768/13/6 4754/13/6 4769/13/6
f 4756/2/6 4757/2/6 4771/2/6
f 4771/2/6 4757/2/6 4772/2/6
f 4760/2/6 4761/2/6 4775/2/6
f 4775/2/6 4761/2/6 4776/2/6
f 4762/2/6 4763/2/6 4777/2/6
f 4777/2/6 4763/2/6 4778/2/6
f 4778/2/6 4763/2/6 4779/2/6
f 4764/2/6 4765/2/6 4780/2/6
f 4780/2/6 4765/2/6 4781/2/6
f 4766/2/6 4767/2/6 4782/2/6
f 4767/1/6 4752/1/6 4783/1/6
f 4782/2/6 4767/2/6 4783/2/6
f 4751/1/6 4755/1/6 4784/1/6
f 4770/2/6 4771/2/6 4785/2/6
f 4785/2/6 4771/2/6 4786/2/6
f 4773/2/6 4774/2/6 4787/2/6
f 4772/2/6 4773/2/6 4787/2/6
f 4787/2/6 4774/2/6 4788/2/6
f 4779/2/6 4780/2/6 4793/2/6
f 4780/2/6 4781/2/6 4793/2/6
f 4793/2/6 4781/2/6 4794/2/6
f 4783/1/6 4752/1/6 4795/1/6
f 4793/1/6 4794/1/6 4796/1/6
f 4794/1/6 4795/1/6 4796/1/6
f 4791/1/6 4792/1/6 4796/1/6
f 4790/1/6 4791/1/6 4796/1/6
f 4792/1/6 4793/1/6 4796/1/6
f 4785/1/6 4786/1/6 4796/1/6
f 4789/1/6 4790/1/6 4796/1/6
f 4788/1/6 4789/1/6 4796/1/6
f 4787/1/6 4788/1/6 4796/1/6
f 4786/1/6 4787/1/6 4796/1/6
f 4751/1/6 4784/1/6 4796/1/6
f 4784/1/6 4785/1/6 4796/1/6
f 4795/1/6 4752/1/6 4797/1/6
f 4796/1/6 4795/1/6 4797/1/6
f 4798/2/6 4799/2/6 4808/2/6
f 4808/2/6 4799/2/6 4809/2/6
f 4809/2/6 4799/2/6 4810/2/6
f 4800/2/6 4801/2/6 4811/2/6
f 4811/2/6 4801/2/6 4812/2/6
f 4804/2/6 4805/2/6 4817/2/6
f 4817/2/6 4805/2/6 4818/2/6
f 4806/4/6 4807/4/6 4819/4/6
f 4819/4/6 4807/4/6 4820/4/6
f 4814/2/6 4815/2/6 4824/2/6
f 4813/2/6 4814/2/6 4824/2/6
f 4824/2/6 4815/2/6 4825/2/6
f 4802/2/6 4803/2/6 4826/2/6
f 4826/2/6 4803/2/6 4827/2/6
f 4816/4/6 4817/4/6 4828/4/6
f 4828/4/6 4817/4/6 4829/4/6
f 4820/2/6 4821/2/6 4830/2/6
f 4819/2/6 4820/2/6 4830/2/6
f 4830/2/6 4821/2/6 4831/2/6
f 4822/13/6 4823/13/6 4832/13/6
f 4832/13/6 4823/13/6 4833/13/6
f 4834/3/6 4835/3/6 4836/3/6
f 4836/3/6 4835/3/6 4837/3/6
f 4838/3/6 4839/3/6 4840/3/6
f 4840/3/6 4839/3/6 4841/3/6
f 4842/13/6 4843/13/6 4851/13/6
f 4851/13/6 4843/13/6 4852/13/6
f 4844/13/6 4845/13/6 4853/13/6
f 4853/13/6 4845/13/6 4854/13/6
f 4846/13/6 4847/13/6 4855/13/6
f 4855/13/6 4847/13/6 4856/13/6
f 4848/2/6 4849/2/6 4859/2/6
f 4849/4/6 4850/4/6 4860/4/6
f 4859/2/6 4849/2/6 4860/2/6
f 4860/4/6 4850/4/6 4861/4/6
f 4857/4/6 4858/4/6 4862/4/6
f 4862/4/6 4858/4/6 4863/4/6
f 4864/3/6 4865/3/6 4867/3/6
f 4867/3/6 4865/3/6 4868/3/6
f 4866/3/6 4867/3/6 4870/3/6
f 4868/3/6 4869/3/6 4870/3/6
f 4867/3/6 4868/3/6 4870/3/6
f 4870/3/6 4869/3/6 4871/3/6
f 4871/3/6 4869/3/6 4872/3/6
f 4872/3/6 4869/3/6 4873/3/6
f 4871/3/6 4872/3/6 4874/3/6
f 4874/3/6 4872/3/6 4875/3/6
f 4876/13/6 4877/13/6 4878/13/6
f 4878/13/6 4877/13/6 4879/13/6
f 4880/9/6 4881/9/6 4882/9/6
f 4882/9/6 4881/9/6 4883/9/6
f 4884/10/6 4885/10/6 4886/10/6
f 4886/10/6 4885/10/6 4887/10/6
f 4888/10/6 4889/10/6 4890/10/6
f 4890/10/6 4889/10/6 4891/10/6
f 4891/10/6 4892/10/6 4895/10/6
f 4895/10/6 4892/10/6 4896/10/6
f 4893/10/6 4894/10/6 4897/10/6
f 4897/10/6 4894/10/6 4898/10/6
f 4898/10/6 4899/10/6 4900/10/6
f 4900/10/6 4899/10/6 4901/10/6
f 4902/10/6 4903/10/6 4904/10/6
f 4904/10/6 4903/10/6 4905/10/6
f 4906/9/6 4907/9/6 4909/9/6
f 4909/9/6 4907/9/6 4910/9/6
f 4908/9/6 4909/9/6 4912/9/6
f 4912/9/6 4909/9/6 4913/9/6
f 4910/10/6 4911/10/6 4914/10/6
f 4914/10/6 4911/10/6 4915/10/6
f 4916/10/6 4917/10/6 4920/10/6
f 4920/10/6 4917/10/6 4921/10/6
f 4918/13/6 4919/13/6 4922/13/6
f 4922/13/6 4919/13/6 4923/13/6
f 4913/10/6 4914/10/6 4924/10/6
f 4924/10/6 4914/10/6 4925/10/6
f 4928/1/6 4929/1/6 4931/1/6
f 4931/1/6 4929/1/6 4932/1/6
f 4930/1/6 4931/1/6 4934/1/6
f 4934/1/6 4931/1/6 4935/1/6
f 4926/10/6 4927/10/6 4936/10/6
f 4936/10/6 4927/10/6 4937/10/6
f 4933/1/6 4934/1/6 4939/1/6
f 4939/1/6 4934/1/6 4940/1/6
f 4938/1/6 4939/1/6 4941/1/6
f 4941/1/6 4939/1/6 4942/1/6
f 4943/9/6 4944/9/6 4945/9/6
f 4945/9/6 4944/9/6 4946/9/6
f 4947/10/6 4948/10/6 4950/10/6
f 4950/10/6 4948/10/6 4951/10/6
f 4949/9/6 4950/9/6 4953/9/6
f 4953/9/6 4950/9/6 4954/9/6
f 4951/9/6 4952/9/6 4955/9/6
f 4955/9/6 4952/9/6 4956/9/6
f 4957/9/6 4958/9/6 4959/9/6
f 4959/9/6 4958/9/6 4960/9/6
f 4961/14/6 4962/14/6 4963/14/6
f 4963/14/6 4962/14/6 4964/14/6
f 4961/14/6 4963/14/6 4965/14/6
f 4965/14/6 4963/14/6 4966/14/6
f 4967/14/6 4968/14/6 4969/14/6
f 4969/14/6 4968/14/6 4970/14/6
f 4967/14/6 4969/14/6 4971/14/6
f 4971/14/6 4969/14/6 4972/14/6
f 4973/14/6 4974/14/6 4975/14/6
f 4975/14/6 4974/14/6 4976/14/6
f 4973/14/6 4975/14/6 4977/14/6
f 4977/14/6 4975/14/6 4978/14/6
f 4979/14/6 4980/14/6 4981/14/6
f 4981/14/6 4980/14/6 4982/14/6
