# MagicaVoxel @ Ephtracy

# group
o 

# material
mtllib hospital.mtl
usemtl palette

# normals
vn -1 0 0
vn 1 0 0
vn 0 0 1
vn 0 0 -1
vn 0 -1 0
vn 0 1 0

# texcoords
vt 0.0214844 0.5
vt 0.142578 0.5
vt 0.373047 0.5
vt 0.392578 0.5
vt 0.396484 0.5
vt 0.423828 0.5
vt 0.759766 0.5
vt 0.775391 0.5
vt 0.841797 0.5
vt 0.849609 0.5
vt 0.884766 0.5
vt 0.888672 0.5
vt 0.908203 0.5
vt 0.935547 0.5
vt 0.958984 0.5
vt 0.962891 0.5
vt 0.966797 0.5
vt 0.974609 0.5
vt 0.982422 0.5

# verts
v -2.4 0 3.1
v -2.4 0 -2.6
v -2.4 0.1 2.2
v -2.4 0.1 -2.6
v -2.4 0.2 3.1
v -2.4 0.2 2.2
v -2.4 0.2 1.7
v -2.4 0.2 0.9
v -2.4 0.2 0.5
v -2.4 0.2 0.0999999
v -2.4 0.2 -0.5
v -2.4 0.2 -0.9
v -2.4 0.2 -1.3
v -2.4 0.2 -2.1
v -2.4 0.2 -2.6
v -2.4 0.3 1.7
v -2.4 0.3 1.5
v -2.4 0.3 1.4
v -2.4 0.3 1.2
v -2.4 0.3 1.1
v -2.4 0.3 0.9
v -2.4 0.3 0.5
v -2.4 0.3 0.3
v -2.4 0.3 0.2
v -2.4 0.3 0.0999999
v -2.4 0.3 -0.5
v -2.4 0.3 -0.9
v -2.4 0.3 -1.3
v -2.4 0.3 -1.6
v -2.4 0.3 -1.7
v -2.4 0.3 -1.9
v -2.4 0.3 -2
v -2.4 0.3 -2.1
v -2.4 0.4 1.5
v -2.4 0.4 1.4
v -2.4 0.4 1.2
v -2.4 0.4 1.1
v -2.4 0.4 0.3
v -2.4 0.4 0.2
v -2.4 0.4 -1.6
v -2.4 0.4 -1.7
v -2.4 0.4 -1.9
v -2.4 0.4 -2
v -2.3 0.3 1.6
v -2.3 0.3 1.5
v -2.3 0.3 1.3
v -2.3 0.3 1.2
v -2.3 0.3 1.1
v -2.3 0.3 1
v -2.3 0.3 0.4
v -2.3 0.3 0.3
v -2.3 0.3 -0.6
v -2.3 0.3 -0.8
v -2.3 0.3 -1.4
v -2.3 0.3 -1.6
v -2.3 0.3 -1.7
v -2.3 0.3 -1.9
v -2.3 0.4 1.6
v -2.3 0.4 1.5
v -2.3 0.4 1.4
v -2.3 0.4 1.3
v -2.3 0.4 1.2
v -2.3 0.4 1.1
v -2.3 0.4 0.4
v -2.3 0.4 0.3
v -2.3 0.4 -0.7
v -2.3 0.4 -0.8
v -2.3 0.4 -1.4
v -2.3 0.4 -1.5
v -2.3 0.4 -1.6
v -2.3 0.4 -1.7
v -2.3 0.4 -1.8
v -2.3 0.4 -1.9
v -2.3 0.5 1.5
v -2.3 0.5 1.4
v -2.3 0.5 1.2
v -2.3 0.5 1
v -2.3 0.5 -0.6
v -2.3 0.5 -0.7
v -2.3 0.5 -1.5
v -2.3 0.5 -1.7
v -2.3 0.5 -1.8
v -2.3 0.5 -1.9
v -2.2 0.2 2
v -2.2 0.2 1.9
v -2.2 0.2 -2.3
v -2.2 0.2 -2.4
v -2.2 1.1 1.9
v -2.2 1.1 -2.3
v -2.2 1.3 2
v -2.2 1.3 -2.4
v -2.1 3.1 1.6
v -2.1 3.1 -1.3
v -2.1 3.2 1.6
v -2.1 3.2 -1.3
v -1.9 1.2 1.7
v -1.9 1.2 1.6
v -1.9 1.2 1.5
v -1.9 1.2 1.4
v -1.9 1.2 1.3
v -1.9 1.2 1.2
v -1.9 1.2 1.1
v -1.9 1.2 1
v -1.9 1.2 0.9
v -1.9 1.2 0.8
v -1.9 1.2 0.7
v -1.9 1.2 0.6
v -1.9 1.2 0.5
v -1.9 1.2 0.4
v -1.9 1.2 0.3
v -1.9 1.2 0.2
v -1.9 1.2 0.0999999
v -1.9 1.2 0
v -1.9 1.2 -0.0999999
v -1.9 1.2 -0.2
v -1.9 1.2 -0.3
v -1.9 1.2 -0.4
v -1.9 1.2 -0.5
v -1.9 1.2 -0.6
v -1.9 1.2 -0.7
v -1.9 1.2 -0.8
v -1.9 1.2 -0.9
v -1.9 1.2 -1
v -1.9 1.2 -1.1
v -1.9 1.2 -1.2
v -1.9 1.2 -1.3
v -1.9 1.2 -1.4
v -1.9 1.3 1.7
v -1.9 1.3 -1.4
v -1.9 1.7 1.7
v -1.9 1.7 -1.4
v -1.9 1.8 1.7
v -1.9 1.8 -1.4
v -1.9 1.9 1.7
v -1.9 1.9 -1.4
v -1.9 2 1.7
v -1.9 2 -1.4
v -1.9 2.4 1.7
v -1.9 2.4 -1.4
v -1.9 2.5 1.7
v -1.9 2.5 -1.4
v -1.9 2.6 1.7
v -1.9 2.6 -1.4
v -1.9 2.8 1.7
v -1.9 2.8 -1.4
v -1.9 3.2 1.6
v -1.9 3.2 -1.3
v -1.9 3.3 1.6
v -1.9 3.3 -1.3
v -1.8 0.2 1.8
v -1.8 0.2 -2
v -1.8 0.3 1.5
v -1.8 0.3 1.3
v -1.8 0.3 1.1
v -1.8 0.3 0.9
v -1.8 0.3 0.7
v -1.8 0.3 0.5
v -1.8 0.3 0.3
v -1.8 0.3 0.0999999
v -1.8 0.3 -0.0999999
v -1.8 0.3 -0.3
v -1.8 0.3 -0.5
v -1.8 0.3 -0.7
v -1.8 0.3 -0.9
v -1.8 0.3 -1.1
v -1.8 0.3 -1.3
v -1.8 0.3 -1.5
v -1.8 0.3 -1.7
v -1.8 0.3 -1.9
v -1.8 1 1.5
v -1.8 1 1.3
v -1.8 1 1.1
v -1.8 1 0.9
v -1.8 1 0.7
v -1.8 1 0.5
v -1.8 1 0.3
v -1.8 1 0.0999999
v -1.8 1 -0.0999999
v -1.8 1 -0.3
v -1.8 1 -0.5
v -1.8 1 -0.7
v -1.8 1 -0.9
v -1.8 1 -1.1
v -1.8 1 -1.3
v -1.8 1 -1.5
v -1.8 1 -1.7
v -1.8 1 -1.9
v -1.8 1.1 1.8
v -1.8 1.1 -1.5
v -1.8 1.1 -1.6
v -1.8 1.1 -1.7
v -1.8 1.1 -1.8
v -1.8 1.1 -1.9
v -1.8 1.1 -2
v -1.8 1.3 1.6
v -1.8 1.3 1.4
v -1.8 1.3 0.9
v -1.8 1.3 0.7
v -1.8 1.3 0.2
v -1.8 1.3 0.0999999
v -1.8 1.3 -0.4
v -1.8 1.3 -0.6
v -1.8 1.3 -1.1
v -1.8 1.3 -1.3
v -1.8 1.7 1.6
v -1.8 1.7 1.4
v -1.8 1.7 0.9
v -1.8 1.7 0.7
v -1.8 1.7 0.2
v -1.8 1.7 0.0999999
v -1.8 1.7 -0.4
v -1.8 1.7 -0.6
v -1.8 1.7 -1.1
v -1.8 1.7 -1.3
v -1.8 1.8 1.6
v -1.8 1.8 -1.3
v -1.8 1.9 1.6
v -1.8 1.9 -1.3
v -1.8 2 1.6
v -1.8 2 1.4
v -1.8 2 1.2
v -1.8 2 1.1
v -1.8 2 0.9
v -1.8 2 0.8
v -1.8 2 0.6
v -1.8 2 0.5
v -1.8 2 0.3
v -1.8 2 0.2
v -1.8 2 0
v -1.8 2 -0.0999999
v -1.8 2 -0.3
v -1.8 2 -0.4
v -1.8 2 -0.6
v -1.8 2 -0.7
v -1.8 2 -0.9
v -1.8 2 -1
v -1.8 2 -1.2
v -1.8 2 -1.3
v -1.8 2.4 1.6
v -1.8 2.4 1.4
v -1.8 2.4 1.2
v -1.8 2.4 1.1
v -1.8 2.4 0.9
v -1.8 2.4 0.8
v -1.8 2.4 0.6
v -1.8 2.4 0.5
v -1.8 2.4 0.3
v -1.8 2.4 0.2
v -1.8 2.4 0
v -1.8 2.4 -0.0999999
v -1.8 2.4 -0.3
v -1.8 2.4 -0.4
v -1.8 2.4 -0.6
v -1.8 2.4 -0.7
v -1.8 2.4 -0.9
v -1.8 2.4 -1
v -1.8 2.4 -1.2
v -1.8 2.4 -1.3
v -1.8 2.5 1.6
v -1.8 2.5 -1.3
v -1.8 2.6 1.6
v -1.8 2.6 -1.3
v -1.8 2.8 1.6
v -1.8 2.8 1.4
v -1.8 2.8 1.2
v -1.8 2.8 1.1
v -1.8 2.8 0.9
v -1.8 2.8 0.8
v -1.8 2.8 0.6
v -1.8 2.8 0.5
v -1.8 2.8 0.3
v -1.8 2.8 0.2
v -1.8 2.8 0
v -1.8 2.8 -0.0999999
v -1.8 2.8 -0.3
v -1.8 2.8 -0.4
v -1.8 2.8 -0.6
v -1.8 2.8 -0.7
v -1.8 2.8 -0.9
v -1.8 2.8 -1
v -1.8 2.8 -1.2
v -1.8 2.8 -1.3
v -1.8 3.1 1.6
v -1.8 3.1 1.4
v -1.8 3.1 1.2
v -1.8 3.1 1.1
v -1.8 3.1 0.9
v -1.8 3.1 0.8
v -1.8 3.1 0.6
v -1.8 3.1 0.5
v -1.8 3.1 0.3
v -1.8 3.1 0.2
v -1.8 3.1 0
v -1.8 3.1 -0.0999999
v -1.8 3.1 -0.3
v -1.8 3.1 -0.4
v -1.8 3.1 -0.6
v -1.8 3.1 -0.7
v -1.8 3.1 -0.9
v -1.8 3.1 -1
v -1.8 3.1 -1.2
v -1.8 3.1 -1.3
v -1.7 3.3 1.6
v -1.7 3.3 -1.3
v -1.7 3.4 1.6
v -1.7 3.4 -1.3
v -1.3 3.4 1.6
v -1.3 3.4 -1.3
v -1.3 3.5 1.6
v -1.3 3.5 -1.3
v -0.9 0.2 -2.4
v -0.9 0.2 -2.5
v -0.9 0.3 -2.4
v -0.9 0.3 -2.5
v -0.9 3.5 1.6
v -0.9 3.5 -1.3
v -0.9 3.6 1.6
v -0.9 3.6 -1.3
v -0.8 1.2 -1.4
v -0.8 1.2 -1.5
v -0.8 1.3 -1.4
v -0.8 1.3 -1.5
v -0.6 3.6 1.6
v -0.6 3.6 -1.3
v -0.6 3.7 1.6
v -0.6 3.7 -1.3
v -0.5 3.2 1.6
v -0.5 3.2 0.9
v -0.5 3.5 1.6
v -0.5 3.5 0.9
v -0.5 3.6 1.7
v -0.5 3.6 1.6
v -0.5 3.7 1.6
v -0.5 3.7 0.9
v -0.5 4.2 1.6
v -0.5 4.2 0.9
v -0.5 4.4 1.7
v -0.5 4.4 1.6
v -0.3 0.2 -1.5
v -0.3 0.2 -1.6
v -0.3 0.2 -1.7
v -0.3 0.2 -1.8
v -0.3 0.2 -1.9
v -0.3 0.2 -2
v -0.3 0.5 -1.5
v -0.3 0.5 -2
v -0.3 3.4 1.7
v -0.3 3.4 1.6
v -0.3 3.5 1.7
v -0.3 3.5 1.6
v -0.2 1.2 -0.9
v -0.2 1.2 -1
v -0.2 1.2 -1.1
v -0.2 1.2 -1.2
v -0.2 1.2 -1.3
v -0.2 1.2 -1.4
v -0.2 1.3 -1.3
v -0.2 1.3 -1.4
v -0.2 1.5 -0.9
v -0.2 1.5 -1.3
v -0.2 3.3 1.7
v -0.2 3.3 1.6
v -0.2 3.4 1.7
v -0.2 3.4 1.6
v -0.2 3.5 1.7
v -0.2 3.5 1.6
v -0.2 3.6 1.7
v -0.2 3.6 1.6
v 0 3.6 1.7
v 0 3.6 1.6
v 0 3.9 1.7
v 0 3.9 1.6
v 0 4.1 1.7
v 0 4.1 1.6
v 0 4.2 1.6
v 0 4.4 1.7
v 0 4.4 1.6
v 0.2 0.2 1.8
v 0.2 0.2 1.7
v 0.2 0.2 1.6
v 0.2 0.2 1.5
v 0.2 0.2 1.4
v 0.2 0.2 1.3
v 0.2 0.2 1.2
v 0.2 0.2 1.1
v 0.2 0.2 1
v 0.2 0.2 0.9
v 0.2 0.3 1.8
v 0.2 0.3 1.7
v 0.2 0.5 1.7
v 0.2 0.5 0.9
v 0.2 2.7 0.9
v 0.2 2.7 0.8
v 0.2 2.7 0.7
v 0.2 2.7 0.6
v 0.2 2.7 0.5
v 0.2 2.7 0.4
v 0.2 2.7 0.3
v 0.2 2.7 0.2
v 0.2 2.7 0.0999999
v 0.2 2.7 0
v 0.2 2.7 -0.0999999
v 0.2 2.7 -0.2
v 0.2 2.7 -0.3
v 0.2 2.7 -0.4
v 0.2 2.7 -0.5
v 0.2 2.7 -0.6
v 0.2 2.7 -0.7
v 0.2 2.7 -0.8
v 0.2 2.7 -0.9
v 0.2 2.7 -1
v 0.2 2.7 -1.1
v 0.2 2.7 -1.2
v 0.2 2.7 -1.3
v 0.2 2.8 0.9
v 0.2 2.8 -1.3
v 0.2 4.2 1.6
v 0.2 4.2 1.4
v 0.2 4.2 1.1
v 0.2 4.2 0.9
v 0.2 4.4 1.6
v 0.2 4.4 1.4
v 0.2 4.4 1.1
v 0.2 4.4 0.9
v 0.6 0.2 2.2
v 0.6 0.2 2.1
v 0.6 0.3 2.2
v 0.6 0.3 2.1
v 0.6 1.2 1.4
v 0.6 1.2 1.3
v 0.6 1.2 1.2
v 0.6 1.2 1.1
v 0.6 1.2 1
v 0.6 1.2 -0.5
v 0.6 1.2 -0.6
v 0.6 1.2 -0.7
v 0.6 1.2 -0.8
v 0.6 1.2 -0.9
v 0.6 1.2 -1
v 0.6 1.2 -1.1
v 0.6 1.2 -1.2
v 0.6 1.2 -1.4
v 0.6 1.2 -1.5
v 0.6 1.2 -1.6
v 0.6 1.2 -1.7
v 0.6 1.2 -1.8
v 0.6 1.2 -1.9
v 0.6 1.2 -2
v 0.6 1.2 -2.1
v 0.6 1.3 1.4
v 0.6 1.3 1
v 0.6 1.5 -0.6
v 0.6 1.5 -0.7
v 0.6 1.5 -0.8
v 0.6 1.5 -1.5
v 0.6 1.5 -1.7
v 0.6 1.7 -0.5
v 0.6 1.7 -1.2
v 0.6 1.7 -1.4
v 0.6 1.7 -2.1
v 0.6 2 1.2
v 0.6 2 1.1
v 0.6 2.1 1.2
v 0.6 2.1 1.1
v 0.7 1.2 -0.7
v 0.7 1.2 -0.8
v 0.7 1.3 1.4
v 0.7 1.3 1
v 0.7 1.4 1.4
v 0.7 1.4 1
v 0.7 1.5 -0.7
v 0.7 1.5 -0.8
v 0.7 2 1.3
v 0.7 2 1.2
v 0.7 2 1.1
v 0.7 2 1
v 0.7 2.1 1.2
v 0.7 2.1 1.1
v 0.7 2.1 1
v 0.7 2.2 1.3
v 0.7 2.2 1.1
v 0.8 1.2 1.6
v 0.8 1.2 1.5
v 0.8 1.2 1.4
v 0.8 1.2 1
v 0.8 1.2 0.9
v 0.8 1.2 0.8
v 0.8 1.3 1.6
v 0.8 1.3 1.4
v 0.8 1.3 1
v 0.8 1.3 0.8
v 0.8 1.8 1
v 0.8 1.8 0.9
v 0.8 1.9 1.4
v 0.8 1.9 1
v 0.8 1.9 0.9
v 0.8 1.9 0.6
v 0.8 2 1.5
v 0.8 2 1.4
v 0.8 2 1.3
v 0.8 2 1
v 0.8 2 0.9
v 0.8 2 0.6
v 0.8 2.1 1.5
v 0.8 2.1 1.3
v 0.8 2.1 1
v 0.8 2.1 0.9
v 0.8 2.2 1.2
v 0.8 2.2 1.1
v 0.8 2.3 1.2
v 0.8 2.3 1.1
v 0.9 1.2 1.8
v 0.9 1.2 1.7
v 0.9 1.2 1.6
v 0.9 1.2 0.8
v 0.9 1.2 0.7
v 0.9 1.2 0.6
v 0.9 1.2 -0.4
v 0.9 1.2 -0.5
v 0.9 1.3 1.8
v 0.9 1.3 1.7
v 0.9 1.3 1.6
v 0.9 1.3 1.5
v 0.9 1.3 0.9
v 0.9 1.3 0.8
v 0.9 1.3 0.7
v 0.9 1.3 0.6
v 0.9 1.3 -0.4
v 0.9 1.3 -0.5
v 0.9 1.4 1.7
v 0.9 1.4 1.6
v 0.9 1.4 1.5
v 0.9 1.4 1.2
v 0.9 1.4 1.1
v 0.9 1.4 0.9
v 0.9 1.4 0.8
v 0.9 1.4 0.7
v 0.9 1.5 1.2
v 0.9 1.5 1.1
v 0.9 2.1 1.5
v 0.9 2.1 1.4
v 0.9 2.2 1.5
v 0.9 2.2 1.4
v 1 1.4 1.3
v 1 1.4 1.2
v 1 1.5 1.3
v 1 1.5 1.2
v 1 1.7 1.3
v 1 1.7 1.2
v 1 1.8 1.5
v 1 1.8 1.3
v 1 1.9 1.6
v 1 1.9 1.5
v 1 1.9 1.4
v 1 1.9 1.3
v 1 1.9 1.2
v 1 1.9 0.8
v 1 1.9 0.7
v 1 2 1.8
v 1 2 1.7
v 1 2 1.6
v 1 2 1.5
v 1 2 1.4
v 1 2 1
v 1 2 0.9
v 1 2 0.8
v 1 2 0.7
v 1 2.1 1.8
v 1 2.1 1.7
v 1 2.1 1
v 1 2.1 0.9
v 1.1 1.4 1.1
v 1.1 1.4 1
v 1.1 1.5 1.1
v 1.1 1.5 1
v 1.1 1.6 1.3
v 1.1 1.6 1.1
v 1.1 1.7 1.4
v 1.1 1.7 1.3
v 1.1 1.7 1.2
v 1.1 1.7 1.1
v 1.1 1.8 1.4
v 1.1 1.8 1.3
v 1.1 1.9 1.9
v 1.1 1.9 1.6
v 1.1 2 1.9
v 1.1 2 1.8
v 1.1 2 1.7
v 1.1 2 1.6
v 1.1 2 1.5
v 1.1 2 0.8
v 1.1 2 0.7
v 1.1 2.1 1.8
v 1.1 2.1 1.7
v 1.1 2.1 1.6
v 1.1 2.1 1.5
v 1.1 2.1 1.4
v 1.1 2.1 1.2
v 1.1 2.1 1.1
v 1.1 2.1 0.8
v 1.1 2.1 0.7
v 1.1 2.2 1.7
v 1.1 2.2 1.6
v 1.1 2.2 1.5
v 1.1 2.2 1.4
v 1.1 2.2 1.2
v 1.1 2.2 1.1
v 1.1 2.3 1.8
v 1.1 2.3 1.7
v 1.2 1.4 1.4
v 1.2 1.4 1.3
v 1.2 1.4 1.2
v 1.2 1.4 1.1
v 1.2 1.5 1.4
v 1.2 1.5 1.3
v 1.2 1.5 1.2
v 1.2 1.5 1.1
v 1.2 1.6 1.4
v 1.2 1.6 1.3
v 1.2 1.6 1.2
v 1.2 1.7 1.4
v 1.2 1.7 1.3
v 1.2 2 1.9
v 1.2 2 1.8
v 1.2 2 1.2
v 1.2 2 0.8
v 1.2 2 0.7
v 1.2 2 0.6
v 1.2 2.1 1.9
v 1.2 2.1 1.8
v 1.2 2.1 1.6
v 1.2 2.1 1.5
v 1.2 2.1 1.4
v 1.2 2.1 1.2
v 1.2 2.1 1.1
v 1.2 2.1 1
v 1.2 2.1 0.9
v 1.2 2.1 0.8
v 1.2 2.1 0.7
v 1.2 2.1 0.6
v 1.2 2.2 1.6
v 1.2 2.2 1.5
v 1.2 2.2 1.4
v 1.2 2.2 1.3
v 1.2 2.2 1.2
v 1.2 2.2 1.1
v 1.2 2.2 1
v 1.2 2.2 0.9
v 1.2 2.2 0.8
v 1.2 2.3 1.6
v 1.2 2.3 1.3
v 1.2 2.3 1.2
v 1.2 2.3 1.1
v 1.3 1.2 1.8
v 1.3 1.2 1.7
v 1.3 1.2 1.6
v 1.3 1.2 0.8
v 1.3 1.2 0.7
v 1.3 1.2 0.6
v 1.3 1.3 1.8
v 1.3 1.3 1.7
v 1.3 1.3 1.6
v 1.3 1.3 0.8
v 1.3 1.3 0.7
v 1.3 1.3 0.6
v 1.3 1.4 1.7
v 1.3 1.4 1.6
v 1.3 1.4 0.8
v 1.3 1.4 0.7
v 1.3 1.5 1.5
v 1.3 1.5 1.4
v 1.3 1.5 1.3
v 1.3 1.6 1.5
v 1.3 1.6 1.4
v 1.3 1.6 1.3
v 1.3 1.7 1.3
v 1.3 1.7 1.2
v 1.3 1.8 1.6
v 1.3 1.8 1.5
v 1.3 1.8 1.3
v 1.3 1.8 1.2
v 1.3 1.9 1.6
v 1.3 1.9 1.5
v 1.3 1.9 1.1
v 1.3 1.9 1
v 1.3 2 2
v 1.3 2 1.9
v 1.3 2 1.1
v 1.3 2 1
v 1.3 2.1 2
v 1.3 2.1 1.9
v 1.3 2.1 1.8
v 1.3 2.1 0.8
v 1.3 2.1 0.7
v 1.3 2.2 1.9
v 1.3 2.2 1.8
v 1.3 2.2 1.3
v 1.3 2.2 1.2
v 1.3 2.2 0.8
v 1.3 2.2 0.7
v 1.3 2.3 1.3
v 1.3 2.3 1.2
v 1.4 1.4 1.1
v 1.4 1.4 1
v 1.4 1.5 1.2
v 1.4 1.5 1.1
v 1.4 1.5 1
v 1.4 1.6 1.2
v 1.4 1.6 1.1
v 1.4 1.9 1
v 1.4 1.9 0.9
v 1.4 2 1
v 1.4 2 0.9
v 1.4 2.1 1.6
v 1.4 2.1 1.5
v 1.4 2.2 1.6
v 1.4 2.2 1.5
v 1.5 1.4 1.5
v 1.5 1.4 1.4
v 1.5 1.5 1.5
v 1.5 1.5 1.4
v 1.5 2 2
v 1.5 2 1.9
v 1.5 2 1.5
v 1.5 2 1.4
v 1.5 2 1
v 1.5 2 0.9
v 1.5 2 0.8
v 1.5 2.1 2
v 1.5 2.1 1.9
v 1.5 2.1 1.8
v 1.5 2.1 1.5
v 1.5 2.1 1.4
v 1.5 2.1 1.1
v 1.5 2.1 1
v 1.5 2.1 0.9
v 1.5 2.1 0.8
v 1.5 2.2 1.9
v 1.5 2.2 1.8
v 1.5 2.2 1.7
v 1.5 2.2 1.6
v 1.5 2.2 1.1
v 1.5 2.2 0.9
v 1.5 2.3 1.7
v 1.5 2.3 1.6
v 1.6 0.2 1.8
v 1.6 0.2 1.7
v 1.6 0.3 1.7
v 1.6 0.9 1.7
v 1.6 1 1.8
v 1.6 1 1.7
v 1.6 1.8 1.3
v 1.6 1.8 1.2
v 1.6 1.9 1.3
v 1.6 1.9 1.2
v 1.7 1.3 1.4
v 1.7 1.3 1.1
v 1.7 1.4 1.4
v 1.7 1.4 1.1
v 1.7 1.9 1.2
v 1.7 1.9 0.9
v 1.7 2 1.3
v 1.7 2 1.2
v 1.7 2 0.9
v 1.7 2.1 1.3
v 1.7 2.1 1.2
v 1.8 1.9 0.9
v 1.8 1.9 0.8
v 1.8 2 0.9
v 1.8 2 0.8
v 2 0.2 2
v 2 0.2 1.9
v 2 0.2 1.7
v 2 0.2 0.9
v 2 0.2 -1.4
v 2 0.2 -2.1
v 2 0.2 -2.3
v 2 0.2 -2.4
v 2 0.3 1.7
v 2 0.3 1.5
v 2 0.3 1.4
v 2 0.3 0.9
v 2 0.3 -1.4
v 2 0.3 -1.8
v 2 0.3 -1.9
v 2 0.3 -2.1
v 2 0.4 1.5
v 2 0.4 1.4
v 2 0.4 -1.8
v 2 0.4 -1.9
v 2 1.1 2
v 2 1.1 1.9
v 2 1.1 -2.3
v 2 1.1 -2.4
v 2 1.2 1.9
v 2 1.2 1.8
v 2 1.2 1.7
v 2 1.2 1.6
v 2 1.2 1.5
v 2 1.2 1.4
v 2 1.2 1.3
v 2 1.2 1.2
v 2 1.2 1.1
v 2 1.2 1
v 2 1.2 0.9
v 2 1.2 0.8
v 2 1.2 0.7
v 2 1.2 0.6
v 2 1.2 0.5
v 2 1.2 0.4
v 2 1.2 0.3
v 2 1.2 0.2
v 2 1.2 0.0999999
v 2 1.2 0
v 2 1.2 -0.0999999
v 2 1.2 -0.2
v 2 1.2 -0.3
v 2 1.2 -0.4
v 2 1.2 -0.5
v 2 1.2 -0.6
v 2 1.2 -0.7
v 2 1.2 -0.8
v 2 1.2 -0.9
v 2 1.2 -1
v 2 1.2 -1.1
v 2 1.2 -1.2
v 2 1.2 -1.3
v 2 1.2 -1.4
v 2 1.2 -1.5
v 2 1.2 -1.6
v 2 1.2 -1.7
v 2 1.2 -1.8
v 2 1.2 -1.9
v 2 1.2 -2
v 2 1.2 -2.1
v 2 1.2 -2.2
v 2 1.2 -2.3
v 2 1.3 1.9
v 2 1.3 -2.3
v 2.1 0.3 1.6
v 2.1 0.3 1.5
v 2.1 0.3 1.3
v 2.1 0.3 0.9
v 2.1 0.3 -1.5
v 2.1 0.3 -1.8
v 2.1 0.3 -1.9
v 2.1 0.3 -2
v 2.1 0.4 1.6
v 2.1 0.4 1.5
v 2.1 0.4 1.4
v 2.1 0.4 1.3
v 2.1 0.4 1.2
v 2.1 0.4 1.1
v 2.1 0.4 0.9
v 2.1 0.4 -1.5
v 2.1 0.4 -1.6
v 2.1 0.4 -1.8
v 2.1 0.4 -1.9
v 2.1 0.4 -2
v 2.1 0.5 1.5
v 2.1 0.5 1.4
v 2.1 0.5 1.2
v 2.1 0.5 1.1
v 2.1 0.5 -1.6
v 2.1 0.5 -1.8
v -2.2 0.3 1.6
v -2.2 0.3 1.4
v -2.2 0.3 1.2
v -2.2 0.3 1
v -2.2 0.3 0.4
v -2.2 0.3 0.2
v -2.2 0.3 -0.6
v -2.2 0.3 -0.8
v -2.2 0.3 -1.4
v -2.2 0.3 -1.5
v -2.2 0.3 -1.6
v -2.2 0.3 -2
v -2.2 0.4 1.6
v -2.2 0.4 1.5
v -2.2 0.4 1.2
v -2.2 0.4 0.4
v -2.2 0.4 0.2
v -2.2 0.4 -0.7
v -2.2 0.4 -0.8
v -2.2 0.4 -1.4
v -2.2 0.4 -1.5
v -2.2 0.4 -1.6
v -2.2 0.4 -1.7
v -2.2 0.4 -1.8
v -2.2 0.4 -1.9
v -2.2 0.4 -2
v -2.2 0.5 1.5
v -2.2 0.5 1.4
v -2.2 0.5 1.2
v -2.2 0.5 1
v -2.2 0.5 -0.6
v -2.2 0.5 -0.7
v -2.2 0.5 -1.5
v -2.2 0.5 -1.7
v -2.2 0.5 -1.8
v -2.2 0.5 -1.9
v -2.1 0.2 2
v -2.1 0.2 1.9
v -2.1 0.2 1.7
v -2.1 0.2 0.9
v -2.1 0.2 0.5
v -2.1 0.2 0.0999999
v -2.1 0.2 -0.5
v -2.1 0.2 -0.9
v -2.1 0.2 -1.3
v -2.1 0.2 -2.1
v -2.1 0.2 -2.3
v -2.1 0.2 -2.4
v -2.1 0.3 1.7
v -2.1 0.3 1.3
v -2.1 0.3 1.2
v -2.1 0.3 0.9
v -2.1 0.3 0.5
v -2.1 0.3 0.0999999
v -2.1 0.3 -0.5
v -2.1 0.3 -0.9
v -2.1 0.3 -1.3
v -2.1 0.3 -1.5
v -2.1 0.3 -1.6
v -2.1 0.3 -2.1
v -2.1 0.4 1.3
v -2.1 0.4 1.2
v -2.1 0.4 -1.5
v -2.1 0.4 -1.6
v -2.1 1.1 2
v -2.1 1.1 1.9
v -2.1 1.1 -2.3
v -2.1 1.1 -2.4
v -2.1 1.2 1.9
v -2.1 1.2 1.8
v -2.1 1.2 1.7
v -2.1 1.2 1.6
v -2.1 1.2 1.5
v -2.1 1.2 1.4
v -2.1 1.2 1.3
v -2.1 1.2 1.2
v -2.1 1.2 1.1
v -2.1 1.2 1
v -2.1 1.2 0.9
v -2.1 1.2 0.8
v -2.1 1.2 0.7
v -2.1 1.2 0.6
v -2.1 1.2 0.5
v -2.1 1.2 0.4
v -2.1 1.2 0.3
v -2.1 1.2 0.2
v -2.1 1.2 0.0999999
v -2.1 1.2 0
v -2.1 1.2 -0.0999999
v -2.1 1.2 -0.2
v -2.1 1.2 -0.3
v -2.1 1.2 -0.4
v -2.1 1.2 -0.5
v -2.1 1.2 -0.6
v -2.1 1.2 -0.7
v -2.1 1.2 -0.8
v -2.1 1.2 -0.9
v -2.1 1.2 -1
v -2.1 1.2 -1.1
v -2.1 1.2 -1.2
v -2.1 1.2 -1.3
v -2.1 1.2 -1.4
v -2.1 1.2 -1.5
v -2.1 1.2 -1.6
v -2.1 1.2 -1.7
v -2.1 1.2 -1.8
v -2.1 1.2 -1.9
v -2.1 1.2 -2
v -2.1 1.2 -2.1
v -2.1 1.2 -2.2
v -2.1 1.2 -2.3
v -2.1 1.3 1.9
v -2.1 1.3 -2.3
v -1.7 0.2 1.8
v -1.7 0.2 1.7
v -1.7 0.3 1.7
v -1.7 0.9 1.7
v -1.7 1 1.8
v -1.7 1 1.7
v -0.8 0.2 -2.4
v -0.8 0.2 -2.5
v -0.8 0.3 -2.4
v -0.8 0.3 -2.5
v -0.7 1.2 -1.4
v -0.7 1.2 -1.5
v -0.7 1.3 -1.4
v -0.7 1.3 -1.5
v -0.6 1.2 -0.9
v -0.6 1.2 -1
v -0.6 1.2 -1.1
v -0.6 1.2 -1.2
v -0.6 1.2 -1.3
v -0.6 1.2 -1.4
v -0.6 1.3 -1.3
v -0.6 1.3 -1.4
v -0.6 1.5 -0.9
v -0.6 1.5 -1.3
v -0.6 2.7 0.7
v -0.6 2.7 0.6
v -0.6 2.7 0.5
v -0.6 2.8 0.9
v -0.6 2.8 0.7
v -0.6 2.8 0.5
v -0.6 2.8 0.3
v -0.6 2.8 0
v -0.6 2.8 -0.0999999
v -0.6 2.8 -0.4
v -0.6 2.8 -0.5
v -0.6 2.8 -0.8
v -0.6 2.8 -0.9
v -0.6 2.8 -1.2
v -0.6 2.8 -1.3
v -0.6 3 0.7
v -0.6 3 0.5
v -0.6 3.1 0.3
v -0.6 3.1 0
v -0.6 3.1 -0.0999999
v -0.6 3.1 -0.4
v -0.6 3.1 -0.5
v -0.6 3.1 -0.8
v -0.6 3.1 -0.9
v -0.6 3.1 -1.2
v -0.6 3.2 1.6
v -0.6 3.2 0.9
v -0.6 3.3 1.4
v -0.6 3.3 1.2
v -0.6 3.3 1.1
v -0.6 3.3 0.9
v -0.6 3.3 0.8
v -0.6 3.3 0.6
v -0.6 3.3 0.5
v -0.6 3.3 0.3
v -0.6 3.3 0.2
v -0.6 3.3 0
v -0.6 3.3 -0.0999999
v -0.6 3.3 -0.3
v -0.6 3.3 -0.4
v -0.6 3.3 -0.6
v -0.6 3.3 -0.7
v -0.6 3.3 -0.9
v -0.6 3.3 -1
v -0.6 3.3 -1.2
v -0.6 3.4 1.4
v -0.6 3.4 1.2
v -0.6 3.4 1.1
v -0.6 3.4 0.9
v -0.6 3.4 0.8
v -0.6 3.4 0.6
v -0.6 3.4 0.5
v -0.6 3.4 0.3
v -0.6 3.4 0.2
v -0.6 3.4 0
v -0.6 3.4 -0.0999999
v -0.6 3.4 -0.3
v -0.6 3.4 -0.4
v -0.6 3.4 -0.6
v -0.6 3.4 -0.7
v -0.6 3.4 -0.9
v -0.6 3.4 -1
v -0.6 3.4 -1.2
v -0.6 3.5 1.6
v -0.6 3.5 -1.3
v -0.5 0.2 -1.5
v -0.5 0.2 -1.6
v -0.5 0.2 -1.7
v -0.5 0.2 -1.8
v -0.5 0.2 -1.9
v -0.5 0.2 -2
v -0.5 0.5 -1.5
v -0.5 0.5 -2
v -0.5 2.7 0.9
v -0.5 2.7 0.8
v -0.5 2.7 0.7
v -0.5 2.7 0.5
v -0.5 2.7 0.4
v -0.5 2.7 0.3
v -0.5 2.7 0.2
v -0.5 2.7 0.0999999
v -0.5 2.7 0
v -0.5 2.7 -0.0999999
v -0.5 2.7 -0.2
v -0.5 2.7 -0.3
v -0.5 2.7 -0.4
v -0.5 2.7 -0.5
v -0.5 2.7 -0.6
v -0.5 2.7 -0.7
v -0.5 2.7 -0.8
v -0.5 2.7 -0.9
v -0.5 2.7 -1
v -0.5 2.7 -1.1
v -0.5 2.7 -1.2
v -0.5 2.7 -1.3
v -0.5 2.8 0.9
v -0.5 2.8 0.7
v -0.5 2.8 0.5
v -0.5 2.8 -1.3
v -0.5 3.5 0.9
v -0.5 3.5 -1.3
v -0.5 3.7 0.9
v -0.5 3.7 -1.3
v -0.4 0.2 1.7
v -0.4 0.2 1.6
v -0.4 0.2 1.5
v -0.4 0.2 1.4
v -0.4 0.2 1.3
v -0.4 0.2 1.2
v -0.4 0.2 1.1
v -0.4 0.2 1
v -0.4 0.2 0.9
v -0.4 0.5 1.7
v -0.4 0.5 0.9
v -0.3 3.6 1.7
v -0.3 3.6 1.6
v -0.3 3.9 1.7
v -0.3 3.9 1.6
v -0.3 4.1 1.7
v -0.3 4.1 1.6
v -0.3 4.2 1.6
v -0.3 4.4 1.7
v -0.3 4.4 1.6
v -0.0999999 3.3 1.7
v -0.0999999 3.3 1.6
v -0.0999999 3.4 1.7
v -0.0999999 3.4 1.6
v -0.0999999 3.5 1.7
v -0.0999999 3.5 1.6
v -0.0999999 3.6 1.7
v -0.0999999 3.6 1.6
v 0 3.4 1.7
v 0 3.4 1.6
v 0 3.5 1.7
v 0 3.5 1.6
v 0.2 1.2 0.9
v 0.2 1.2 0.8
v 0.2 1.2 0.7
v 0.2 1.3 1.6
v 0.2 1.3 1.4
v 0.2 1.3 1
v 0.2 1.3 0.9
v 0.2 1.3 0.7
v 0.2 1.3 0.6
v 0.2 1.3 0.2
v 0.2 1.3 0
v 0.2 1.3 -0.4
v 0.2 1.3 -0.6
v 0.2 1.3 -1.1
v 0.2 1.3 -1.3
v 0.2 1.5 0.9
v 0.2 1.5 0.7
v 0.2 1.7 1.6
v 0.2 1.7 1.4
v 0.2 1.7 1
v 0.2 1.7 0.6
v 0.2 1.7 0.2
v 0.2 1.7 0
v 0.2 1.7 -0.4
v 0.2 1.7 -0.6
v 0.2 1.7 -1.1
v 0.2 1.7 -1.3
v 0.2 1.8 1.6
v 0.2 1.8 -1.3
v 0.2 1.9 1.6
v 0.2 1.9 -1.3
v 0.2 2 1.6
v 0.2 2 1.4
v 0.2 2 1.2
v 0.2 2 1.1
v 0.2 2 0.9
v 0.2 2 0.8
v 0.2 2 0.6
v 0.2 2 0.5
v 0.2 2 0.3
v 0.2 2 0.2
v 0.2 2 0
v 0.2 2 -0.0999999
v 0.2 2 -0.3
v 0.2 2 -0.4
v 0.2 2 -0.6
v 0.2 2 -0.7
v 0.2 2 -0.9
v 0.2 2 -1
v 0.2 2 -1.2
v 0.2 2 -1.3
v 0.2 2.4 1.6
v 0.2 2.4 1.4
v 0.2 2.4 1.2
v 0.2 2.4 1.1
v 0.2 2.4 0.9
v 0.2 2.4 0.8
v 0.2 2.4 0.6
v 0.2 2.4 0.5
v 0.2 2.4 0.3
v 0.2 2.4 0.2
v 0.2 2.4 0
v 0.2 2.4 -0.0999999
v 0.2 2.4 -0.3
v 0.2 2.4 -0.4
v 0.2 2.4 -0.6
v 0.2 2.4 -0.7
v 0.2 2.4 -0.9
v 0.2 2.4 -1
v 0.2 2.4 -1.2
v 0.2 2.4 -1.3
v 0.2 2.5 1.6
v 0.2 2.5 -1.3
v 0.2 2.6 1.6
v 0.2 2.6 -1.3
v 0.2 2.8 1.6
v 0.2 2.8 0.9
v 0.2 2.9 1.5
v 0.2 2.9 1.3
v 0.2 2.9 1.2
v 0.2 2.9 1
v 0.2 3 1.5
v 0.2 3 1.3
v 0.2 3 1.2
v 0.2 3 1
v 0.2 3.3 1.3
v 0.2 3.3 1.2
v 0.2 3.4 1.4
v 0.2 3.4 1.3
v 0.2 3.4 1.2
v 0.2 3.4 1.1
v 0.2 3.5 1.4
v 0.2 3.5 1.3
v 0.2 3.5 1.2
v 0.2 3.5 1.1
v 0.2 3.6 1.7
v 0.2 3.6 1.6
v 0.2 3.6 1.4
v 0.2 3.6 1.3
v 0.2 3.6 1.2
v 0.2 3.6 1.1
v 0.2 3.6 0.9
v 0.2 3.9 1.4
v 0.2 3.9 1.1
v 0.2 4.1 1.4
v 0.2 4.1 1.1
v 0.2 4.2 1.4
v 0.2 4.2 1.1
v 0.2 4.4 1.7
v 0.2 4.4 1.6
v 0.3 0.2 1.8
v 0.3 0.2 1.7
v 0.3 0.3 1.8
v 0.3 0.3 1.7
v 0.3 1.2 1.7
v 0.3 1.2 1.6
v 0.3 1.2 1.5
v 0.3 1.2 1.4
v 0.3 1.2 1.3
v 0.3 1.2 1.2
v 0.3 1.2 1.1
v 0.3 1.2 1
v 0.3 1.2 0.9
v 0.3 1.2 0.7
v 0.3 1.2 0.6
v 0.3 1.2 0.5
v 0.3 1.2 0.4
v 0.3 1.2 0.3
v 0.3 1.2 0.2
v 0.3 1.2 0.0999999
v 0.3 1.2 0
v 0.3 1.2 -0.0999999
v 0.3 1.2 -0.2
v 0.3 1.2 -0.3
v 0.3 1.2 -0.4
v 0.3 1.2 -0.5
v 0.3 1.2 -0.6
v 0.3 1.2 -0.7
v 0.3 1.2 -0.8
v 0.3 1.2 -0.9
v 0.3 1.2 -1
v 0.3 1.2 -1.1
v 0.3 1.2 -1.2
v 0.3 1.2 -1.3
v 0.3 1.2 -1.4
v 0.3 1.3 1.7
v 0.3 1.3 0.9
v 0.3 1.3 0.7
v 0.3 1.3 -1.4
v 0.3 1.7 1.7
v 0.3 1.7 -1.4
v 0.3 1.8 1.7
v 0.3 1.8 -1.4
v 0.3 1.9 1.7
v 0.3 1.9 -1.4
v 0.3 2 1.7
v 0.3 2 -1.4
v 0.3 2.4 1.7
v 0.3 2.4 -1.4
v 0.3 2.5 1.7
v 0.3 2.5 -1.4
v 0.3 2.6 1.7
v 0.3 2.6 -1.4
v 0.3 2.8 1.7
v 0.3 2.8 -1.4
v 0.3 3.3 1.3
v 0.3 3.3 1.2
v 0.3 3.4 1.4
v 0.3 3.4 1.3
v 0.3 3.4 1.2
v 0.3 3.4 1.1
v 0.3 3.5 1.4
v 0.3 3.5 1.3
v 0.3 3.5 1.2
v 0.3 3.5 1.1
v 0.3 3.6 1.6
v 0.3 3.6 1.4
v 0.3 3.6 1.3
v 0.3 3.6 1.2
v 0.3 3.6 1.1
v 0.3 3.6 0.9
v 0.3 3.9 1.4
v 0.3 3.9 1.1
v 0.3 4.1 1.4
v 0.3 4.1 1.1
v 0.3 4.4 1.6
v 0.3 4.4 1.4
v 0.3 4.4 1.1
v 0.3 4.4 0.9
v 0.7 0.2 2.2
v 0.7 0.2 2.1
v 0.7 0.3 2.2
v 0.7 0.3 2.1
v 0.8 1.3 1.4
v 0.8 1.3 1
v 0.8 1.4 1.4
v 0.8 1.4 1
v 0.9 1.8 1
v 0.9 1.8 0.9
v 0.9 1.9 1
v 0.9 1.9 0.9
v 0.9 1.9 0.8
v 0.9 1.9 0.6
v 0.9 2 1
v 0.9 2 0.9
v 0.9 2 0.8
v 0.9 2 0.6
v 0.9 2.1 1
v 0.9 2.1 0.9
v 0.9 2.2 1.2
v 0.9 2.2 1.1
v 0.9 2.3 1.2
v 0.9 2.3 1.1
v 1 1.2 -0.4
v 1 1.2 -0.5
v 1 1.3 -0.4
v 1 1.3 -0.5
v 1 1.4 1.2
v 1 1.4 1.1
v 1 1.5 1.2
v 1 1.5 1.1
v 1 2.1 1.5
v 1 2.1 1.4
v 1 2.1 1.3
v 1 2.1 1.1
v 1 2.2 1.5
v 1 2.2 1.4
v 1 2.2 1.3
v 1 2.2 1.1
v 1.1 0.2 0
v 1.1 0.2 -0.0999999
v 1.1 0.2 -0.2
v 1.1 0.2 -0.3
v 1.1 0.2 -0.4
v 1.1 0.2 -0.5
v 1.1 0.2 -0.6
v 1.1 0.5 0
v 1.1 0.5 -0.6
v 1.1 1.9 0.8
v 1.1 1.9 0.7
v 1.1 2 1.2
v 1.1 2 0.9
v 1.1 2 0.8
v 1.1 2 0.7
v 1.1 2.1 1.2
v 1.1 2.1 1.1
v 1.1 2.1 0.9
v 1.2 1.2 1.8
v 1.2 1.2 1.7
v 1.2 1.2 1.6
v 1.2 1.2 0.8
v 1.2 1.2 0.7
v 1.2 1.2 0.6
v 1.2 1.3 1.8
v 1.2 1.3 1.7
v 1.2 1.3 1.6
v 1.2 1.3 0.8
v 1.2 1.3 0.7
v 1.2 1.3 0.6
v 1.2 1.4 1.7
v 1.2 1.4 1.6
v 1.2 1.4 1.1
v 1.2 1.4 1
v 1.2 1.4 0.8
v 1.2 1.4 0.7
v 1.2 1.5 1.1
v 1.2 1.5 1
v 1.2 1.7 1.3
v 1.2 1.7 1.2
v 1.2 1.8 1.5
v 1.2 1.8 1.4
v 1.2 1.8 1.3
v 1.2 1.8 1.2
v 1.2 1.9 1.9
v 1.2 1.9 1.8
v 1.2 1.9 1.5
v 1.2 1.9 1.4
v 1.2 1.9 1.3
v 1.2 1.9 1.1
v 1.2 1.9 0.8
v 1.2 2 1.9
v 1.2 2 1.8
v 1.2 2 1.1
v 1.2 2 0.8
v 1.3 1.6 1.2
v 1.3 1.6 1.1
v 1.3 1.7 1.4
v 1.3 1.7 1.3
v 1.3 1.7 1.2
v 1.3 1.7 1.1
v 1.3 1.8 1.4
v 1.3 1.8 1.3
v 1.3 1.8 1.2
v 1.3 1.9 1.3
v 1.3 1.9 1.2
v 1.3 2.1 1.6
v 1.3 2.1 1.5
v 1.3 2.1 0.9
v 1.3 2.1 0.8
v 1.3 2.2 1.8
v 1.3 2.2 1.7
v 1.3 2.2 1.6
v 1.3 2.2 1.5
v 1.3 2.2 1.3
v 1.3 2.2 1.2
v 1.3 2.2 1.1
v 1.3 2.2 0.9
v 1.3 2.2 0.8
v 1.3 2.3 1.8
v 1.3 2.3 1.7
v 1.3 2.3 1.6
v 1.3 2.3 1.3
v 1.3 2.3 1.2
v 1.3 2.3 1.1
v 1.4 1.4 1.2
v 1.4 1.4 1.1
v 1.4 1.5 1.5
v 1.4 1.5 1.4
v 1.4 1.5 1.3
v 1.4 1.5 1.2
v 1.4 1.5 1.1
v 1.4 1.6 1.5
v 1.4 1.6 1.4
v 1.4 1.6 1.3
v 1.4 1.6 1.2
v 1.4 1.7 1.4
v 1.4 1.7 1.3
v 1.4 1.7 1.2
v 1.4 1.8 1.6
v 1.4 1.8 1.5
v 1.4 1.8 1.3
v 1.4 1.8 1.2
v 1.4 1.9 1.6
v 1.4 1.9 1.5
v 1.4 2 2
v 1.4 2 1.9
v 1.4 2 1.5
v 1.4 2 1.4
v 1.4 2 1
v 1.4 2 0.9
v 1.4 2 0.6
v 1.4 2.1 2
v 1.4 2.1 1.9
v 1.4 2.1 1.8
v 1.4 2.1 1.4
v 1.4 2.1 1.3
v 1.4 2.1 1.1
v 1.4 2.1 1
v 1.4 2.1 0.8
v 1.4 2.1 0.7
v 1.4 2.1 0.6
v 1.4 2.2 1.9
v 1.4 2.2 1.8
v 1.4 2.2 1.5
v 1.4 2.2 1.3
v 1.4 2.2 1.2
v 1.4 2.2 1.1
v 1.4 2.2 1
v 1.4 2.2 0.8
v 1.4 2.2 0.7
v 1.4 2.3 1.3
v 1.4 2.3 1.2
v 1.5 1.4 1.4
v 1.5 1.4 1.3
v 1.5 1.4 1.2
v 1.5 1.5 1.4
v 1.5 1.5 1.3
v 1.5 1.5 1.2
v 1.5 1.5 1.1
v 1.5 1.6 1.3
v 1.5 1.6 1.2
v 1.5 1.6 1.1
v 1.5 1.9 1
v 1.5 1.9 0.9
v 1.5 2 1
v 1.5 2 0.9
v 1.5 2.1 1.3
v 1.5 2.1 1.1
v 1.5 2.2 1.3
v 1.5 2.2 1.1
v 1.6 1.2 1.8
v 1.6 1.2 1.7
v 1.6 1.2 1.6
v 1.6 1.2 0.8
v 1.6 1.2 0.7
v 1.6 1.2 0.6
v 1.6 1.3 1.8
v 1.6 1.3 1.7
v 1.6 1.3 1.6
v 1.6 1.3 1.5
v 1.6 1.3 1.1
v 1.6 1.3 1
v 1.6 1.3 0.9
v 1.6 1.3 0.8
v 1.6 1.3 0.7
v 1.6 1.3 0.6
v 1.6 1.4 1.7
v 1.6 1.4 1.6
v 1.6 1.4 1.5
v 1.6 1.4 1.4
v 1.6 1.4 1.1
v 1.6 1.4 1
v 1.6 1.4 0.9
v 1.6 1.4 0.8
v 1.6 1.4 0.7
v 1.6 1.5 1.5
v 1.6 1.5 1.4
v 1.6 1.5 1.1
v 1.6 1.5 1
v 1.6 1.9 1.8
v 1.6 1.9 1.7
v 1.6 1.9 1.2
v 1.6 1.9 1
v 1.6 2 2
v 1.6 2 1.8
v 1.6 2 1.7
v 1.6 2 1.5
v 1.6 2 1.3
v 1.6 2 1.2
v 1.6 2 1
v 1.6 2 0.9
v 1.6 2 0.8
v 1.6 2.1 2
v 1.6 2.1 1.9
v 1.6 2.1 1.8
v 1.6 2.1 1.7
v 1.6 2.1 1.6
v 1.6 2.1 1.5
v 1.6 2.1 1.3
v 1.6 2.1 1.2
v 1.6 2.1 1.1
v 1.6 2.1 0.9
v 1.6 2.1 0.8
v 1.6 2.2 1.7
v 1.6 2.2 1.6
v 1.6 2.2 1.5
v 1.6 2.2 1.1
v 1.6 2.2 0.9
v 1.6 2.3 1.7
v 1.6 2.3 1.6
v 1.7 0.2 1.8
v 1.7 0.2 0
v 1.7 0.2 -0.6
v 1.7 0.2 -2
v 1.7 0.3 1.6
v 1.7 0.3 1.4
v 1.7 0.3 1.2
v 1.7 0.3 1
v 1.7 0.3 0.8
v 1.7 0.3 0.6
v 1.7 0.3 0.4
v 1.7 0.3 0.2
v 1.7 0.3 -0.8
v 1.7 0.3 -1
v 1.7 0.3 -1.2
v 1.7 0.3 -1.4
v 1.7 0.3 -1.6
v 1.7 0.3 -1.8
v 1.7 0.5 0
v 1.7 0.5 -0.6
v 1.7 0.6 0
v 1.7 0.6 -0.6
v 1.7 0.8 0
v 1.7 0.8 -0.6
v 1.7 1 1.6
v 1.7 1 1.4
v 1.7 1 1.2
v 1.7 1 1
v 1.7 1 0.8
v 1.7 1 0.6
v 1.7 1 0.4
v 1.7 1 0.2
v 1.7 1 -0.8
v 1.7 1 -1
v 1.7 1 -1.2
v 1.7 1 -1.4
v 1.7 1 -1.6
v 1.7 1 -1.8
v 1.7 1.1 1.8
v 1.7 1.1 1.7
v 1.7 1.1 1.6
v 1.7 1.1 1.5
v 1.7 1.1 1.4
v 1.7 1.1 1.3
v 1.7 1.1 1.2
v 1.7 1.1 1.1
v 1.7 1.1 1
v 1.7 1.1 0.9
v 1.7 1.1 0.8
v 1.7 1.1 0.7
v 1.7 1.1 0.6
v 1.7 1.1 0.5
v 1.7 1.1 0.4
v 1.7 1.1 0.3
v 1.7 1.1 0.2
v 1.7 1.1 0.0999999
v 1.7 1.1 0
v 1.7 1.1 -0.0999999
v 1.7 1.1 -0.2
v 1.7 1.1 -0.3
v 1.7 1.1 -0.4
v 1.7 1.1 -1.3
v 1.7 1.1 -1.4
v 1.7 1.1 -2
v 1.7 1.2 1.6
v 1.7 1.2 1.5
v 1.7 1.2 1.4
v 1.7 1.2 1
v 1.7 1.2 0.9
v 1.7 1.2 0.8
v 1.7 1.3 1.6
v 1.7 1.3 1.4
v 1.7 1.3 1
v 1.7 1.3 0.8
v 1.7 1.8 1.3
v 1.7 1.8 1.2
v 1.7 1.9 1.7
v 1.7 1.9 1.6
v 1.7 1.9 1.3
v 1.7 1.9 1.2
v 1.7 2 1.7
v 1.7 2 1.6
v 1.7 2 1.5
v 1.7 2 1.3
v 1.7 2 1
v 1.7 2 0.9
v 1.7 2.1 1.9
v 1.7 2.1 1.8
v 1.7 2.1 1.7
v 1.7 2.1 1.6
v 1.7 2.1 1.5
v 1.7 2.1 1.3
v 1.7 2.1 1
v 1.7 2.1 0.9
v 1.7 2.2 1.9
v 1.7 2.2 1.6
v 1.8 1.2 -0.5
v 1.8 1.2 -0.6
v 1.8 1.2 -0.7
v 1.8 1.2 -0.8
v 1.8 1.2 -0.9
v 1.8 1.2 -1
v 1.8 1.2 -1.1
v 1.8 1.2 -1.2
v 1.8 1.2 -1.4
v 1.8 1.2 -1.5
v 1.8 1.2 -1.6
v 1.8 1.2 -1.7
v 1.8 1.2 -1.8
v 1.8 1.2 -1.9
v 1.8 1.2 -2
v 1.8 1.2 -2.1
v 1.8 1.3 1.4
v 1.8 1.3 1
v 1.8 1.4 1.4
v 1.8 1.4 1
v 1.8 1.7 -0.5
v 1.8 1.7 -1.2
v 1.8 1.7 -1.4
v 1.8 1.7 -2.1
v 1.8 1.9 1.6
v 1.8 1.9 1.5
v 1.8 1.9 1.3
v 1.8 1.9 1.2
v 1.8 2 1.8
v 1.8 2 1.7
v 1.8 2 1.6
v 1.8 2 1.5
v 1.8 2 1.3
v 1.8 2 1.2
v 1.8 2 1.1
v 1.8 2.1 1.8
v 1.8 2.1 1.7
v 1.8 2.1 1.3
v 1.8 2.1 1.1
v 1.9 1.2 1.4
v 1.9 1.2 1.3
v 1.9 1.2 1.2
v 1.9 1.2 1.1
v 1.9 1.2 1
v 1.9 1.3 1.4
v 1.9 1.3 1
v 1.9 1.9 1.5
v 1.9 1.9 1.3
v 1.9 1.9 1
v 1.9 1.9 0.8
v 1.9 2 1.5
v 1.9 2 1.3
v 1.9 2 1.1
v 1.9 2 1
v 1.9 2 0.8
v 1.9 2.1 1.1
v 1.9 2.1 1
v 2 1.9 1.2
v 2 1.9 1
v 2 2 1.2
v 2 2 1
v 2.1 0.2 2
v 2.1 0.2 1.9
v 2.1 0.2 -2.3
v 2.1 0.2 -2.4
v 2.1 1.1 1.9
v 2.1 1.1 -2.3
v 2.1 1.3 2
v 2.1 1.3 -2.4
v 2.2 0.3 1.6
v 2.2 0.3 1.4
v 2.2 0.3 1.3
v 2.2 0.3 1.2
v 2.2 0.3 1.1
v 2.2 0.3 0.9
v 2.2 0.3 -1.5
v 2.2 0.3 -1.6
v 2.2 0.3 -1.7
v 2.2 0.3 -1.9
v 2.2 0.4 1.6
v 2.2 0.4 1.5
v 2.2 0.4 1.3
v 2.2 0.4 1.2
v 2.2 0.4 1.1
v 2.2 0.4 0.9
v 2.2 0.4 -1.5
v 2.2 0.4 -1.6
v 2.2 0.4 -1.7
v 2.2 0.4 -1.8
v 2.2 0.4 -1.9
v 2.2 0.5 1.5
v 2.2 0.5 1.4
v 2.2 0.5 1.2
v 2.2 0.5 1.1
v 2.2 0.5 -1.6
v 2.2 0.5 -1.8
v 2.3 0.2 1.7
v 2.3 0.2 0.9
v 2.3 0.2 -1.4
v 2.3 0.2 -2.1
v 2.3 0.3 1.7
v 2.3 0.3 1.2
v 2.3 0.3 1.1
v 2.3 0.3 0.9
v 2.3 0.3 -1.4
v 2.3 0.3 -1.6
v 2.3 0.3 -1.7
v 2.3 0.3 -1.9
v 2.3 0.3 -2
v 2.3 0.3 -2.1
v 2.3 0.4 1.2
v 2.3 0.4 1.1
v 2.3 0.4 -1.6
v 2.3 0.4 -1.7
v 2.3 0.4 -1.9
v 2.3 0.4 -2
v 3 0 3.1
v 3 0 -2.6
v 3 0.2 3.1
v 3 0.2 -2.6
v -2.4 0 3.1
v -2.4 0.2 3.1
v 3 0 3.1
v 3 0.2 3.1
v 0.6 0.2 2.2
v 0.6 0.3 2.2
v 0.7 0.2 2.2
v 0.7 0.3 2.2
v -2.2 0.2 2
v -2.2 1.3 2
v -2.1 0.2 2
v -2.1 1.1 2
v 1.3 2 2
v 1.3 2.1 2
v 1.4 2 2
v 1.4 2.1 2
v 1.5 2 2
v 1.5 2.1 2
v 1.6 2 2
v 1.6 2.1 2
v 2 0.2 2
v 2 1.1 2
v 2.1 0.2 2
v 2.1 1.3 2
v 1.1 1.9 1.9
v 1.1 2 1.9
v 1.2 1.9 1.9
v 1.2 2 1.9
v 1.2 2.1 1.9
v 1.3 2 1.9
v 1.3 2.1 1.9
v 1.3 2.2 1.9
v 1.4 2 1.9
v 1.4 2.1 1.9
v 1.4 2.2 1.9
v 1.5 2 1.9
v 1.5 2.1 1.9
v 1.5 2.2 1.9
v 1.6 2.1 1.9
v 1.7 2.1 1.9
v 1.7 2.2 1.9
v -1.8 0.2 1.8
v -1.8 1.1 1.8
v -1.7 0.2 1.8
v -1.7 1 1.8
v -1.7 1.1 1.8
v -1.6 1.1 1.8
v -1.5 1.1 1.8
v -1.4 1.1 1.8
v -1.3 1.1 1.8
v -1.2 1.1 1.8
v -1.1 1.1 1.8
v -1 1.1 1.8
v -0.9 1.1 1.8
v -0.8 1.1 1.8
v -0.7 1.1 1.8
v -0.6 1.1 1.8
v -0.5 1.1 1.8
v -0.4 1.1 1.8
v -0.3 1.1 1.8
v -0.2 1.1 1.8
v -0.0999999 1.1 1.8
v 0 1.1 1.8
v 0.1 1.1 1.8
v 0.2 0.2 1.8
v 0.2 0.3 1.8
v 0.2 1.1 1.8
v 0.3 0.2 1.8
v 0.3 0.3 1.8
v 0.3 1.1 1.8
v 0.4 1.1 1.8
v 0.5 1.1 1.8
v 0.6 1.1 1.8
v 0.7 1.1 1.8
v 0.8 1.1 1.8
v 0.9 1.1 1.8
v 0.9 1.2 1.8
v 0.9 1.3 1.8
v 1 1.1 1.8
v 1 1.2 1.8
v 1 2 1.8
v 1 2.1 1.8
v 1.1 1.1 1.8
v 1.1 1.2 1.8
v 1.1 2 1.8
v 1.1 2.1 1.8
v 1.1 2.3 1.8
v 1.2 1.1 1.8
v 1.2 1.2 1.8
v 1.2 1.3 1.8
v 1.2 1.9 1.8
v 1.2 2 1.8
v 1.2 2.1 1.8
v 1.3 1.1 1.8
v 1.3 1.2 1.8
v 1.3 1.3 1.8
v 1.3 2.1 1.8
v 1.3 2.2 1.8
v 1.3 2.3 1.8
v 1.4 1.1 1.8
v 1.4 1.2 1.8
v 1.4 2.1 1.8
v 1.4 2.2 1.8
v 1.5 1.1 1.8
v 1.5 1.2 1.8
v 1.5 2.1 1.8
v 1.5 2.2 1.8
v 1.6 0.2 1.8
v 1.6 1 1.8
v 1.6 1.1 1.8
v 1.6 1.2 1.8
v 1.6 1.3 1.8
v 1.6 1.9 1.8
v 1.6 2 1.8
v 1.6 2.1 1.8
v 1.7 0.2 1.8
v 1.7 1.1 1.8
v 1.7 2.1 1.8
v 1.8 2 1.8
v 1.8 2.1 1.8
v -2.4 0.2 1.7
v -2.4 0.3 1.7
v -2.1 0.2 1.7
v -2.1 0.3 1.7
v -1.9 1.2 1.7
v -1.9 1.3 1.7
v -1.9 1.7 1.7
v -1.9 1.8 1.7
v -1.9 1.9 1.7
v -1.9 2 1.7
v -1.9 2.4 1.7
v -1.9 2.5 1.7
v -1.9 2.6 1.7
v -1.9 2.8 1.7
v -1.8 1.2 1.7
v -1.7 0.2 1.7
v -1.7 0.3 1.7
v -1.7 0.9 1.7
v -1.7 1 1.7
v -1.7 1.2 1.7
v -1.6 1.2 1.7
v -1.5 1.2 1.7
v -1.4 1.2 1.7
v -1.3 1.2 1.7
v -1.2 0.3 1.7
v -1.2 0.9 1.7
v -1.2 1.2 1.7
v -1.1 0.3 1.7
v -1.1 0.9 1.7
v -1.1 1.2 1.7
v -1 1.2 1.7
v -0.9 1.2 1.7
v -0.8 1.2 1.7
v -0.7 1.2 1.7
v -0.6 1.2 1.7
v -0.5 0.3 1.7
v -0.5 0.9 1.7
v -0.5 1.2 1.7
v -0.5 3.6 1.7
v -0.5 4.4 1.7
v -0.4 0.2 1.7
v -0.4 0.5 1.7
v -0.4 0.6 1.7
v -0.4 0.9 1.7
v -0.4 1.2 1.7
v -0.3 1.2 1.7
v -0.3 3.4 1.7
v -0.3 3.5 1.7
v -0.3 3.6 1.7
v -0.3 3.9 1.7
v -0.3 4.1 1.7
v -0.3 4.4 1.7
v -0.2 1.2 1.7
v -0.2 3.3 1.7
v -0.2 3.4 1.7
v -0.2 3.5 1.7
v -0.2 3.6 1.7
v -0.0999999 1.2 1.7
v -0.0999999 3.3 1.7
v -0.0999999 3.4 1.7
v -0.0999999 3.5 1.7
v -0.0999999 3.6 1.7
v 0 1.2 1.7
v 0 3.4 1.7
v 0 3.5 1.7
v 0 3.6 1.7
v 0 3.9 1.7
v 0 4.1 1.7
v 0 4.4 1.7
v 0.1 1.2 1.7
v 0.2 0.3 1.7
v 0.2 0.5 1.7
v 0.2 0.6 1.7
v 0.2 0.9 1.7
v 0.2 1.2 1.7
v 0.2 3.6 1.7
v 0.2 4.4 1.7
v 0.3 0.2 1.7
v 0.3 0.3 1.7
v 0.3 0.9 1.7
v 0.3 1.2 1.7
v 0.3 1.3 1.7
v 0.3 1.7 1.7
v 0.3 1.8 1.7
v 0.3 1.9 1.7
v 0.3 2 1.7
v 0.3 2.4 1.7
v 0.3 2.5 1.7
v 0.3 2.6 1.7
v 0.3 2.8 1.7
v 0.9 0.3 1.7
v 0.9 0.9 1.7
v 0.9 1.3 1.7
v 0.9 1.4 1.7
v 1 0.3 1.7
v 1 0.9 1.7
v 1.2 1.3 1.7
v 1.2 1.4 1.7
v 1.3 1.3 1.7
v 1.3 1.4 1.7
v 1.5 2.2 1.7
v 1.5 2.3 1.7
v 1.6 0.2 1.7
v 1.6 0.3 1.7
v 1.6 0.9 1.7
v 1.6 1 1.7
v 1.6 1.3 1.7
v 1.6 1.4 1.7
v 1.6 1.9 1.7
v 1.6 2 1.7
v 1.6 2.2 1.7
v 1.6 2.3 1.7
v 1.7 1.9 1.7
v 1.7 2 1.7
v 2 0.2 1.7
v 2 0.3 1.7
v 2.3 0.2 1.7
v 2.3 0.3 1.7
v -2.3 0.3 1.6
v -2.3 0.4 1.6
v -2.2 0.3 1.6
v -2.2 0.4 1.6
v -2.1 3.1 1.6
v -2.1 3.2 1.6
v -2 3.1 1.6
v -2 3.2 1.6
v -1.9 3.1 1.6
v -1.9 3.2 1.6
v -1.9 3.3 1.6
v -1.8 1.3 1.6
v -1.8 1.7 1.6
v -1.8 1.8 1.6
v -1.8 1.9 1.6
v -1.8 2 1.6
v -1.8 2.4 1.6
v -1.8 2.5 1.6
v -1.8 2.6 1.6
v -1.8 2.8 1.6
v -1.8 3.1 1.6
v -1.8 3.2 1.6
v -1.8 3.3 1.6
v -1.7 2 1.6
v -1.7 2.4 1.6
v -1.7 2.8 1.6
v -1.7 3.2 1.6
v -1.7 3.3 1.6
v -1.7 3.4 1.6
v -1.6 1.3 1.6
v -1.6 1.7 1.6
v -1.6 3.2 1.6
v -1.6 3.3 1.6
v -1.5 2 1.6
v -1.5 2.4 1.6
v -1.4 2 1.6
v -1.4 2.4 1.6
v -1.4 2.8 1.6
v -1.4 3.2 1.6
v -1.4 3.3 1.6
v -1.4 3.4 1.6
v -1.3 2.8 1.6
v -1.3 3.2 1.6
v -1.3 3.3 1.6
v -1.3 3.4 1.6
v -1.3 3.5 1.6
v -1.2 2 1.6
v -1.2 2.4 1.6
v -1.2 3.3 1.6
v -1.2 3.4 1.6
v -1.1 1.3 1.6
v -1.1 1.7 1.6
v -1.1 2 1.6
v -1.1 2.4 1.6
v -1 2.8 1.6
v -1 3.2 1.6
v -1 3.4 1.6
v -1 3.5 1.6
v -0.9 1.3 1.6
v -0.9 1.7 1.6
v -0.9 2 1.6
v -0.9 2.4 1.6
v -0.9 2.8 1.6
v -0.9 3.2 1.6
v -0.9 3.3 1.6
v -0.9 3.4 1.6
v -0.9 3.5 1.6
v -0.9 3.6 1.6
v -0.8 3.4 1.6
v -0.8 3.5 1.6
v -0.7 1.3 1.6
v -0.7 1.7 1.6
v -0.7 2 1.6
v -0.7 2.4 1.6
v -0.7 2.8 1.6
v -0.7 3.2 1.6
v -0.7 3.3 1.6
v -0.7 3.4 1.6
v -0.7 3.5 1.6
v -0.7 3.6 1.6
v -0.6 3.2 1.6
v -0.6 3.5 1.6
v -0.6 3.6 1.6
v -0.6 3.7 1.6
v -0.5 1.3 1.6
v -0.5 1.7 1.6
v -0.5 2 1.6
v -0.5 2.4 1.6
v -0.5 3.2 1.6
v -0.5 3.5 1.6
v -0.5 3.6 1.6
v -0.5 3.7 1.6
v -0.4 2 1.6
v -0.4 2.4 1.6
v -0.4 2.9 1.6
v -0.4 3 1.6
v -0.3 3.4 1.6
v -0.3 3.5 1.6
v -0.3 3.6 1.6
v -0.3 3.9 1.6
v -0.3 4.1 1.6
v -0.3 4.2 1.6
v -0.2 2 1.6
v -0.2 2.4 1.6
v -0.2 2.9 1.6
v -0.2 3 1.6
v -0.2 3.3 1.6
v -0.2 3.4 1.6
v -0.2 3.5 1.6
v -0.2 3.6 1.6
v -0.0999999 2 1.6
v -0.0999999 2.4 1.6
v -0.0999999 2.9 1.6
v -0.0999999 3 1.6
v -0.0999999 3.3 1.6
v -0.0999999 3.4 1.6
v -0.0999999 3.5 1.6
v -0.0999999 3.6 1.6
v 0 1.3 1.6
v 0 1.7 1.6
v 0 3.4 1.6
v 0 3.5 1.6
v 0 3.6 1.6
v 0 3.9 1.6
v 0 4.1 1.6
v 0 4.2 1.6
v 0.1 2 1.6
v 0.1 2.4 1.6
v 0.1 2.9 1.6
v 0.1 3 1.6
v 0.2 1.3 1.6
v 0.2 1.7 1.6
v 0.2 1.8 1.6
v 0.2 1.9 1.6
v 0.2 2 1.6
v 0.2 2.4 1.6
v 0.2 2.5 1.6
v 0.2 2.6 1.6
v 0.2 2.8 1.6
v 0.2 3.6 1.6
v 0.2 4.4 1.6
v 0.3 3.6 1.6
v 0.3 4.4 1.6
v 0.8 1.2 1.6
v 0.8 1.3 1.6
v 0.9 1.2 1.6
v 0.9 1.3 1.6
v 1 1.9 1.6
v 1 2 1.6
v 1.1 1.9 1.6
v 1.1 2 1.6
v 1.2 1.2 1.6
v 1.2 1.3 1.6
v 1.2 2.2 1.6
v 1.2 2.3 1.6
v 1.3 1.2 1.6
v 1.3 1.3 1.6
v 1.3 1.8 1.6
v 1.3 1.9 1.6
v 1.3 2.2 1.6
v 1.3 2.3 1.6
v 1.4 1.8 1.6
v 1.4 1.9 1.6
v 1.6 1.2 1.6
v 1.6 1.3 1.6
v 1.7 1.2 1.6
v 1.7 1.3 1.6
v 1.7 1.9 1.6
v 1.7 2 1.6
v 1.8 1.9 1.6
v 1.8 2 1.6
v 2.1 0.3 1.6
v 2.1 0.4 1.6
v 2.2 0.3 1.6
v 2.2 0.4 1.6
v -2.4 0.3 1.5
v -2.4 0.4 1.5
v -2.3 0.3 1.5
v -2.3 0.4 1.5
v -2.3 0.5 1.5
v -2.2 0.4 1.5
v -2.2 0.5 1.5
v 0.8 2 1.5
v 0.8 2.1 1.5
v 0.9 1.3 1.5
v 0.9 1.4 1.5
v 0.9 2.1 1.5
v 0.9 2.2 1.5
v 1 1.8 1.5
v 1 1.9 1.5
v 1 2 1.5
v 1 2.1 1.5
v 1 2.2 1.5
v 1.1 1.9 1.5
v 1.1 2 1.5
v 1.1 2.1 1.5
v 1.1 2.2 1.5
v 1.2 1.8 1.5
v 1.2 1.9 1.5
v 1.2 2.1 1.5
v 1.2 2.2 1.5
v 1.3 1.5 1.5
v 1.3 1.6 1.5
v 1.3 2.1 1.5
v 1.3 2.2 1.5
v 1.4 1.5 1.5
v 1.4 1.6 1.5
v 1.4 2.1 1.5
v 1.4 2.2 1.5
v 1.5 1.4 1.5
v 1.5 1.5 1.5
v 1.6 1.3 1.5
v 1.6 1.4 1.5
v 1.6 1.5 1.5
v 1.6 2 1.5
v 1.6 2.1 1.5
v 1.7 2 1.5
v 1.7 2.1 1.5
v 1.8 1.9 1.5
v 1.8 2 1.5
v 1.9 1.9 1.5
v 1.9 2 1.5
v 2 0.3 1.5
v 2 0.4 1.5
v 2.1 0.3 1.5
v 2.1 0.4 1.5
v 2.1 0.5 1.5
v 2.2 0.4 1.5
v 2.2 0.5 1.5
v 0.2 3.4 1.4
v 0.2 3.5 1.4
v 0.3 3.4 1.4
v 0.3 3.5 1.4
v 0.6 1.2 1.4
v 0.6 1.3 1.4
v 0.7 1.2 1.4
v 0.7 1.3 1.4
v 0.7 1.4 1.4
v 0.8 1.2 1.4
v 0.8 1.3 1.4
v 0.8 1.4 1.4
v 0.8 1.9 1.4
v 0.8 2 1.4
v 1 1.9 1.4
v 1 2 1.4
v 1.1 1.7 1.4
v 1.1 1.8 1.4
v 1.2 1.4 1.4
v 1.2 1.5 1.4
v 1.2 1.6 1.4
v 1.2 1.7 1.4
v 1.2 1.8 1.4
v 1.3 1.5 1.4
v 1.3 1.6 1.4
v 1.3 1.7 1.4
v 1.3 1.8 1.4
v 1.4 1.4 1.4
v 1.4 1.5 1.4
v 1.4 1.6 1.4
v 1.4 1.7 1.4
v 1.4 2 1.4
v 1.4 2.1 1.4
v 1.5 1.4 1.4
v 1.5 1.5 1.4
v 1.5 2 1.4
v 1.5 2.1 1.4
v 1.7 1.2 1.4
v 1.7 1.3 1.4
v 1.7 1.4 1.4
v 1.8 1.2 1.4
v 1.8 1.3 1.4
v 1.8 1.4 1.4
v 1.9 1.2 1.4
v 1.9 1.3 1.4
v -2.3 0.3 1.3
v -2.3 0.4 1.3
v -2.2 0.3 1.3
v -2.1 0.3 1.3
v -2.1 0.4 1.3
v 0.2 3.3 1.3
v 0.2 3.4 1.3
v 0.2 3.5 1.3
v 0.2 3.6 1.3
v 0.3 3.3 1.3
v 0.3 3.4 1.3
v 0.3 3.5 1.3
v 0.3 3.6 1.3
v 0.7 2 1.3
v 0.7 2.2 1.3
v 0.8 2 1.3
v 0.8 2.1 1.3
v 1 1.4 1.3
v 1 1.5 1.3
v 1 1.7 1.3
v 1 1.8 1.3
v 1 2.1 1.3
v 1 2.2 1.3
v 1.1 1.6 1.3
v 1.1 1.7 1.3
v 1.1 1.8 1.3
v 1.2 1.4 1.3
v 1.2 1.5 1.3
v 1.2 1.6 1.3
v 1.2 1.7 1.3
v 1.2 1.8 1.3
v 1.2 1.9 1.3
v 1.3 1.5 1.3
v 1.3 1.6 1.3
v 1.3 1.7 1.3
v 1.3 1.8 1.3
v 1.3 1.9 1.3
v 1.3 2.2 1.3
v 1.3 2.3 1.3
v 1.4 1.5 1.3
v 1.4 1.6 1.3
v 1.4 1.7 1.3
v 1.4 1.8 1.3
v 1.4 2.1 1.3
v 1.4 2.2 1.3
v 1.4 2.3 1.3
v 1.5 1.5 1.3
v 1.5 1.6 1.3
v 1.5 2.1 1.3
v 1.5 2.2 1.3
v 1.6 1.8 1.3
v 1.6 1.9 1.3
v 1.7 1.8 1.3
v 1.7 1.9 1.3
v 1.7 2 1.3
v 1.7 2.1 1.3
v 1.8 2 1.3
v 1.8 2.1 1.3
v 2.1 0.3 1.3
v 2.1 0.4 1.3
v 2.2 0.3 1.3
v 2.2 0.4 1.3
v -2.4 0.3 1.2
v -2.4 0.4 1.2
v -2.3 0.3 1.2
v -2.3 0.4 1.2
v -2.3 0.5 1.2
v -2.2 0.4 1.2
v -2.2 0.5 1.2
v 0.6 2 1.2
v 0.6 2.1 1.2
v 0.7 2 1.2
v 0.7 2.1 1.2
v 0.8 2.2 1.2
v 0.8 2.3 1.2
v 0.9 1.4 1.2
v 0.9 1.5 1.2
v 0.9 2.2 1.2
v 0.9 2.3 1.2
v 1 1.4 1.2
v 1 1.5 1.2
v 1.1 2.1 1.2
v 1.1 2.2 1.2
v 1.2 2.1 1.2
v 1.2 2.2 1.2
v 1.2 2.3 1.2
v 1.3 2.2 1.2
v 1.3 2.3 1.2
v 1.6 2 1.2
v 1.6 2.1 1.2
v 1.7 2 1.2
v 1.7 2.1 1.2
v 1.8 1.9 1.2
v 1.8 2 1.2
v 2 1.9 1.2
v 2 2 1.2
v 2.1 0.4 1.2
v 2.1 0.5 1.2
v 2.2 0.3 1.2
v 2.2 0.4 1.2
v 2.2 0.5 1.2
v 2.3 0.3 1.2
v 2.3 0.4 1.2
v 0.2 3.6 1.1
v 0.2 3.9 1.1
v 0.2 4.1 1.1
v 0.2 4.2 1.1
v 0.2 4.4 1.1
v 0.3 3.6 1.1
v 0.3 3.9 1.1
v 0.3 4.1 1.1
v 0.3 4.4 1.1
v 1.1 1.4 1.1
v 1.1 1.5 1.1
v 1.2 1.4 1.1
v 1.2 1.5 1.1
v 1.4 1.4 1.1
v 1.4 1.5 1.1
v 1.5 1.4 1.1
v 1.5 1.5 1.1
v 1.5 2.1 1.1
v 1.5 2.2 1.1
v 1.6 1.3 1.1
v 1.6 1.4 1.1
v 1.6 1.5 1.1
v 1.6 2.1 1.1
v 1.6 2.2 1.1
v 1.7 1.3 1.1
v 1.7 1.4 1.1
v 1.8 2 1.1
v 1.8 2.1 1.1
v 1.9 2 1.1
v 1.9 2.1 1.1
v 0.8 1.8 1
v 0.8 1.9 1
v 0.9 1.8 1
v 0.9 1.9 1
v -0.4 0.2 0.9
v -0.4 0.5 0.9
v -0.3 0.2 0.9
v -0.2 0.2 0.9
v -0.0999999 0.2 0.9
v 0 0.2 0.9
v 0.1 0.2 0.9
v 0.2 0.2 0.9
v 0.2 0.5 0.9
v 1.2 2.1 0.9
v 1.2 2.2 0.9
v 1.3 2.1 0.9
v 1.3 2.2 0.9
v 0.9 1.3 0.8
v 0.9 1.4 0.8
v 1.1 2 0.8
v 1.1 2.1 0.8
v 1.2 1.3 0.8
v 1.2 1.4 0.8
v 1.2 2 0.8
v 1.2 2.1 0.8
v 1.3 1.3 0.8
v 1.3 1.4 0.8
v 1.3 2.1 0.8
v 1.3 2.2 0.8
v 1.4 2.1 0.8
v 1.4 2.2 0.8
v 1.6 1.3 0.8
v 1.6 1.4 0.8
v 0.2 1.2 0.7
v 0.2 1.3 0.7
v 0.3 1.2 0.7
v 0.3 1.3 0.7
v -2.4 0.2 0.5
v -2.4 0.3 0.5
v -2.1 0.2 0.5
v -2.1 0.3 0.5
v -0.6 2.7 0.5
v -0.6 2.8 0.5
v -0.5 2.7 0.5
v -0.5 2.8 0.5
v -2.3 0.3 0.4
v -2.3 0.4 0.4
v -2.2 0.3 0.4
v -2.2 0.4 0.4
v -2.4 0.3 0.3
v -2.4 0.4 0.3
v -2.3 0.3 0.3
v -2.3 0.4 0.3
v 0.9 1.2 -0.4
v 0.9 1.3 -0.4
v 1 1.2 -0.4
v 1 1.3 -0.4
v -2.4 0.2 -0.5
v -2.4 0.3 -0.5
v -2.1 0.2 -0.5
v -2.1 0.3 -0.5
v 0.6 1.2 -0.5
v 0.6 1.7 -0.5
v 0.7 1.2 -0.5
v 0.7 1.5 -0.5
v 0.7 1.6 -0.5
v 0.8 1.2 -0.5
v 0.9 1.2 -0.5
v 0.9 1.3 -0.5
v 1 1.2 -0.5
v 1 1.3 -0.5
v 1 1.5 -0.5
v 1 1.6 -0.5
v 1.1 1.2 -0.5
v 1.2 1.2 -0.5
v 1.3 1.2 -0.5
v 1.4 1.2 -0.5
v 1.4 1.5 -0.5
v 1.4 1.6 -0.5
v 1.5 1.2 -0.5
v 1.6 1.2 -0.5
v 1.7 1.2 -0.5
v 1.7 1.5 -0.5
v 1.7 1.6 -0.5
v 1.8 1.2 -0.5
v 1.8 1.7 -0.5
v -2.3 0.3 -0.6
v -2.3 0.5 -0.6
v -2.2 0.3 -0.6
v -2.2 0.5 -0.6
v 1.1 0.2 -0.6
v 1.1 0.5 -0.6
v 1.2 0.2 -0.6
v 1.3 0.2 -0.6
v 1.4 0.2 -0.6
v 1.5 0.2 -0.6
v 1.6 0.2 -0.6
v 1.7 0.2 -0.6
v 1.7 0.5 -0.6
v 0.6 1.2 -0.8
v 0.6 1.5 -0.8
v 0.7 1.2 -0.8
v 0.7 1.5 -0.8
v -2.4 0.2 -1.3
v -2.4 0.3 -1.3
v -2.1 0.2 -1.3
v -2.1 0.3 -1.3
v -0.5 2.7 -1.3
v -0.5 2.8 -1.3
v -0.4 2.7 -1.3
v -0.3 2.7 -1.3
v -0.2 2.7 -1.3
v -0.0999999 2.7 -1.3
v 0 2.7 -1.3
v 0.1 2.7 -1.3
v 0.2 2.7 -1.3
v 0.2 2.8 -1.3
v -2.3 0.3 -1.4
v -2.3 0.4 -1.4
v -2.2 0.3 -1.4
v -2.2 0.4 -1.4
v 0.6 1.2 -1.4
v 0.6 1.7 -1.4
v 0.7 1.2 -1.4
v 0.7 1.5 -1.4
v 0.7 1.6 -1.4
v 0.8 1.2 -1.4
v 0.9 1.2 -1.4
v 1 1.2 -1.4
v 1 1.5 -1.4
v 1 1.6 -1.4
v 1.1 1.2 -1.4
v 1.2 1.2 -1.4
v 1.3 1.2 -1.4
v 1.4 1.2 -1.4
v 1.4 1.5 -1.4
v 1.4 1.6 -1.4
v 1.5 1.2 -1.4
v 1.6 1.2 -1.4
v 1.7 1.2 -1.4
v 1.7 1.5 -1.4
v 1.7 1.6 -1.4
v 1.8 1.2 -1.4
v 1.8 1.7 -1.4
v 2 0.2 -1.4
v 2 0.3 -1.4
v 2.3 0.2 -1.4
v 2.3 0.3 -1.4
v -2.3 0.4 -1.5
v -2.3 0.5 -1.5
v -2.2 0.3 -1.5
v -2.2 0.4 -1.5
v -2.2 0.5 -1.5
v -2.1 0.3 -1.5
v -2.1 0.4 -1.5
v 2.1 0.3 -1.5
v 2.1 0.4 -1.5
v 2.2 0.3 -1.5
v 2.2 0.4 -1.5
v -2.4 0.3 -1.6
v -2.4 0.4 -1.6
v -2.3 0.3 -1.6
v -2.3 0.4 -1.6
v 2.1 0.4 -1.6
v 2.1 0.5 -1.6
v 2.2 0.3 -1.6
v 2.2 0.4 -1.6
v 2.2 0.5 -1.6
v 2.3 0.3 -1.6
v 2.3 0.4 -1.6
v -2.3 0.4 -1.8
v -2.3 0.5 -1.8
v -2.2 0.4 -1.8
v -2.2 0.5 -1.8
v 2 0.3 -1.8
v 2 0.4 -1.8
v 2.1 0.3 -1.8
v 2.1 0.4 -1.8
v -2.4 0.3 -1.9
v -2.4 0.4 -1.9
v -2.3 0.3 -1.9
v -2.3 0.4 -1.9
v 2.2 0.3 -1.9
v 2.2 0.4 -1.9
v 2.3 0.3 -1.9
v 2.3 0.4 -1.9
v -2.2 0.2 -2.3
v -2.2 1.1 -2.3
v -2.1 0.2 -2.3
v -2.1 1.1 -2.3
v -2.1 1.2 -2.3
v -2.1 1.3 -2.3
v -2 1.2 -2.3
v -1.9 1.2 -2.3
v -1.8 1.2 -2.3
v -1.7 1.2 -2.3
v -1.6 1.2 -2.3
v -1.5 1.2 -2.3
v -1.4 1.2 -2.3
v -1.3 1.2 -2.3
v -1.2 1.2 -2.3
v -1.1 1.2 -2.3
v -1 1.2 -2.3
v -0.9 1.2 -2.3
v -0.8 1.2 -2.3
v -0.7 1.2 -2.3
v -0.6 1.2 -2.3
v -0.5 1.2 -2.3
v -0.4 1.2 -2.3
v -0.3 1.2 -2.3
v -0.2 1.2 -2.3
v -0.0999999 1.2 -2.3
v 0 1.2 -2.3
v 0.1 1.2 -2.3
v 0.2 1.2 -2.3
v 0.3 1.2 -2.3
v 0.4 1.2 -2.3
v 0.5 1.2 -2.3
v 0.6 1.2 -2.3
v 0.7 1.2 -2.3
v 0.8 1.2 -2.3
v 0.9 1.2 -2.3
v 1 1.2 -2.3
v 1.1 1.2 -2.3
v 1.2 1.2 -2.3
v 1.3 1.2 -2.3
v 1.4 1.2 -2.3
v 1.5 1.2 -2.3
v 1.6 1.2 -2.3
v 1.7 1.2 -2.3
v 1.8 1.2 -2.3
v 1.9 1.2 -2.3
v 2 0.2 -2.3
v 2 1.1 -2.3
v 2 1.2 -2.3
v 2 1.3 -2.3
v 2.1 0.2 -2.3
v 2.1 1.1 -2.3
v -0.9 0.2 -2.4
v -0.9 0.3 -2.4
v -0.8 0.2 -2.4
v -0.8 0.3 -2.4
v 0.6 0.2 2.1
v 0.6 0.3 2.1
v 0.7 0.2 2.1
v 0.7 0.3 2.1
v -2.2 0.2 1.9
v -2.2 1.1 1.9
v -2.1 0.2 1.9
v -2.1 1.1 1.9
v -2.1 1.2 1.9
v -2.1 1.3 1.9
v -2 1.2 1.9
v -1.9 1.2 1.9
v -1.8 1.2 1.9
v -1.7 1.2 1.9
v -1.6 1.2 1.9
v -1.5 1.2 1.9
v -1.4 1.2 1.9
v -1.3 1.2 1.9
v -1.2 1.2 1.9
v -1.1 1.2 1.9
v -1 1.2 1.9
v -0.9 1.2 1.9
v -0.8 1.2 1.9
v -0.7 1.2 1.9
v -0.6 1.2 1.9
v -0.5 1.2 1.9
v -0.4 1.2 1.9
v -0.3 1.2 1.9
v -0.2 1.2 1.9
v -0.0999999 1.2 1.9
v 0 1.2 1.9
v 0.1 1.2 1.9
v 0.2 1.2 1.9
v 0.3 1.2 1.9
v 0.4 1.2 1.9
v 0.5 1.2 1.9
v 0.6 1.2 1.9
v 0.7 1.2 1.9
v 0.8 1.2 1.9
v 0.9 1.2 1.9
v 1 1.2 1.9
v 1.1 1.2 1.9
v 1.2 1.2 1.9
v 1.3 1.2 1.9
v 1.4 1.2 1.9
v 1.5 1.2 1.9
v 1.6 1.2 1.9
v 1.7 1.2 1.9
v 1.8 1.2 1.9
v 1.9 1.2 1.9
v 2 0.2 1.9
v 2 1.1 1.9
v 2 1.2 1.9
v 2 1.3 1.9
v 2.1 0.2 1.9
v 2.1 1.1 1.9
v 1 2 1.7
v 1 2.1 1.7
v 1.1 2 1.7
v 1.1 2.1 1.7
v 1.1 2.2 1.7
v 1.1 2.3 1.7
v 1.3 2.2 1.7
v 1.3 2.3 1.7
v 1.6 2 1.7
v 1.6 2.1 1.7
v 1.7 2 1.7
v 1.7 2.1 1.7
v 1.8 2 1.7
v 1.8 2.1 1.7
v -0.5 4.2 1.6
v -0.5 4.4 1.6
v -0.3 4.2 1.6
v -0.3 4.4 1.6
v 0 4.2 1.6
v 0 4.4 1.6
v 0.2 4.2 1.6
v 0.2 4.4 1.6
v 0.9 1.3 1.6
v 0.9 1.4 1.6
v 1.1 2.1 1.6
v 1.1 2.2 1.6
v 1.2 1.3 1.6
v 1.2 1.4 1.6
v 1.2 2.1 1.6
v 1.2 2.2 1.6
v 1.3 1.3 1.6
v 1.3 1.4 1.6
v 1.3 2.1 1.6
v 1.3 2.2 1.6
v 1.4 2.1 1.6
v 1.4 2.2 1.6
v 1.5 2.2 1.6
v 1.5 2.3 1.6
v 1.6 1.3 1.6
v 1.6 1.4 1.6
v 1.6 2.1 1.6
v 1.6 2.2 1.6
v 1.6 2.3 1.6
v 1.7 2.1 1.6
v 1.7 2.2 1.6
v 1.3 1.8 1.5
v 1.3 1.9 1.5
v 1.4 1.8 1.5
v 1.4 1.9 1.5
v 1.4 2 1.5
v 1.4 2.2 1.5
v 1.5 2 1.5
v 1.5 2.1 1.5
v 1.6 2.1 1.5
v 1.6 2.2 1.5
v -2.4 0.3 1.4
v -2.4 0.4 1.4
v -2.3 0.3 1.4
v -2.3 0.4 1.4
v -2.3 0.5 1.4
v -2.2 0.3 1.4
v -2.2 0.5 1.4
v 0.2 3.6 1.4
v 0.2 3.9 1.4
v 0.2 4.1 1.4
v 0.2 4.2 1.4
v 0.2 4.4 1.4
v 0.3 3.6 1.4
v 0.3 3.9 1.4
v 0.3 4.1 1.4
v 0.3 4.4 1.4
v 0.9 2.1 1.4
v 0.9 2.2 1.4
v 1 2.1 1.4
v 1 2.2 1.4
v 1.1 2.1 1.4
v 1.1 2.2 1.4
v 1.2 2.1 1.4
v 1.2 2.2 1.4
v 1.5 1.4 1.4
v 1.5 1.5 1.4
v 1.6 1.4 1.4
v 1.6 1.5 1.4
v 2 0.3 1.4
v 2 0.4 1.4
v 2.1 0.3 1.4
v 2.1 0.4 1.4
v 2.1 0.5 1.4
v 2.2 0.3 1.4
v 2.2 0.5 1.4
v 1.2 1.7 1.3
v 1.2 1.8 1.3
v 1.2 2.2 1.3
v 1.2 2.3 1.3
v 1.3 1.7 1.3
v 1.3 1.8 1.3
v 1.3 2.2 1.3
v 1.3 2.3 1.3
v 1.6 2 1.3
v 1.6 2.1 1.3
v 1.7 2 1.3
v 1.7 2.1 1.3
v 1.8 1.9 1.3
v 1.8 2 1.3
v 1.9 1.9 1.3
v 1.9 2 1.3
v -2.2 0.3 1.2
v -2.2 0.4 1.2
v -2.1 0.3 1.2
v -2.1 0.4 1.2
v 0.2 3.3 1.2
v 0.2 3.4 1.2
v 0.2 3.5 1.2
v 0.2 3.6 1.2
v 0.3 3.3 1.2
v 0.3 3.4 1.2
v 0.3 3.5 1.2
v 0.3 3.6 1.2
v 1 1.4 1.2
v 1 1.5 1.2
v 1 1.7 1.2
v 1 1.9 1.2
v 1.1 1.7 1.2
v 1.1 1.9 1.2
v 1.1 2 1.2
v 1.1 2.1 1.2
v 1.2 1.4 1.2
v 1.2 1.5 1.2
v 1.2 1.6 1.2
v 1.2 1.7 1.2
v 1.2 1.8 1.2
v 1.2 1.9 1.2
v 1.2 2 1.2
v 1.2 2.1 1.2
v 1.3 1.6 1.2
v 1.3 1.7 1.2
v 1.3 1.8 1.2
v 1.3 1.9 1.2
v 1.3 2.2 1.2
v 1.3 2.3 1.2
v 1.4 1.4 1.2
v 1.4 1.5 1.2
v 1.4 1.6 1.2
v 1.4 1.7 1.2
v 1.4 1.8 1.2
v 1.4 2.2 1.2
v 1.4 2.3 1.2
v 1.5 1.4 1.2
v 1.5 1.5 1.2
v 1.6 1.8 1.2
v 1.6 1.9 1.2
v 1.6 2 1.2
v 1.7 1.8 1.2
v 1.7 1.9 1.2
v 1.7 2 1.2
v -2.4 0.3 1.1
v -2.4 0.4 1.1
v -2.3 0.3 1.1
v -2.3 0.4 1.1
v 0.2 3.4 1.1
v 0.2 3.5 1.1
v 0.3 3.4 1.1
v 0.3 3.5 1.1
v 0.6 2 1.1
v 0.6 2.1 1.1
v 0.7 2 1.1
v 0.7 2.1 1.1
v 0.7 2.2 1.1
v 0.8 2.2 1.1
v 0.8 2.3 1.1
v 0.9 1.4 1.1
v 0.9 1.5 1.1
v 0.9 2.2 1.1
v 0.9 2.3 1.1
v 1 1.4 1.1
v 1 1.5 1.1
v 1 2.1 1.1
v 1 2.2 1.1
v 1.1 1.6 1.1
v 1.1 1.7 1.1
v 1.1 2.1 1.1
v 1.1 2.2 1.1
v 1.2 1.4 1.1
v 1.2 1.5 1.1
v 1.2 1.9 1.1
v 1.2 2 1.1
v 1.2 2.1 1.1
v 1.2 2.2 1.1
v 1.2 2.3 1.1
v 1.3 1.6 1.1
v 1.3 1.7 1.1
v 1.3 1.9 1.1
v 1.3 2 1.1
v 1.3 2.2 1.1
v 1.3 2.3 1.1
v 1.4 1.4 1.1
v 1.4 1.5 1.1
v 1.4 1.6 1.1
v 1.4 2.1 1.1
v 1.4 2.2 1.1
v 1.5 1.5 1.1
v 1.5 1.6 1.1
v 1.5 2.1 1.1
v 1.5 2.2 1.1
v 2.1 0.4 1.1
v 2.1 0.5 1.1
v 2.2 0.3 1.1
v 2.2 0.4 1.1
v 2.2 0.5 1.1
v 2.3 0.3 1.1
v 2.3 0.4 1.1
v -2.3 0.3 1
v -2.3 0.5 1
v -2.2 0.3 1
v -2.2 0.5 1
v 0.6 1.2 1
v 0.6 1.3 1
v 0.7 1.2 1
v 0.7 1.3 1
v 0.7 1.4 1
v 0.7 2 1
v 0.7 2.1 1
v 0.8 1.2 1
v 0.8 1.3 1
v 0.8 1.4 1
v 0.8 2 1
v 0.8 2.1 1
v 0.9 2 1
v 0.9 2.1 1
v 1 2 1
v 1 2.1 1
v 1.1 1.4 1
v 1.1 1.5 1
v 1.2 1.4 1
v 1.2 1.5 1
v 1.2 2.1 1
v 1.2 2.2 1
v 1.3 1.9 1
v 1.3 2 1
v 1.4 1.4 1
v 1.4 1.5 1
v 1.4 1.9 1
v 1.4 2 1
v 1.4 2.1 1
v 1.4 2.2 1
v 1.5 1.4 1
v 1.5 1.5 1
v 1.5 1.9 1
v 1.5 2 1
v 1.5 2.1 1
v 1.6 1.3 1
v 1.6 1.4 1
v 1.6 1.5 1
v 1.6 1.9 1
v 1.6 2 1
v 1.7 1.2 1
v 1.7 1.3 1
v 1.7 1.4 1
v 1.7 2 1
v 1.7 2.1 1
v 1.8 1.2 1
v 1.8 1.3 1
v 1.8 1.4 1
v 1.9 1.2 1
v 1.9 1.3 1
v 1.9 1.9 1
v 1.9 2 1
v 1.9 2.1 1
v 2 1.9 1
v 2 2 1
v -2.4 0.2 0.9
v -2.4 0.3 0.9
v -2.1 0.2 0.9
v -2.1 0.3 0.9
v -0.6 2.8 0.9
v -0.6 3.2 0.9
v -0.5 2.7 0.9
v -0.5 2.8 0.9
v -0.5 3.2 0.9
v -0.5 3.5 0.9
v -0.5 3.7 0.9
v -0.5 4.2 0.9
v -0.4 2.7 0.9
v -0.4 2.9 0.9
v -0.4 3 0.9
v -0.4 3.4 0.9
v -0.4 3.6 0.9
v -0.4 3.9 0.9
v -0.4 4.1 0.9
v -0.3 2.7 0.9
v -0.3 2.9 0.9
v -0.3 3 0.9
v -0.2 2.7 0.9
v -0.2 3 0.9
v -0.0999999 2.7 0.9
v 0 2.7 0.9
v 0 3 0.9
v 0.1 2.7 0.9
v 0.1 3.4 0.9
v 0.1 3.6 0.9
v 0.1 3.9 0.9
v 0.1 4.1 0.9
v 0.2 1.2 0.9
v 0.2 1.3 0.9
v 0.2 2.7 0.9
v 0.2 2.8 0.9
v 0.2 3.6 0.9
v 0.2 4.2 0.9
v 0.2 4.4 0.9
v 0.3 1.2 0.9
v 0.3 1.3 0.9
v 0.3 3.6 0.9
v 0.3 4.4 0.9
v 0.8 1.8 0.9
v 0.8 1.9 0.9
v 0.8 2 0.9
v 0.8 2.1 0.9
v 0.9 1.3 0.9
v 0.9 1.4 0.9
v 0.9 1.8 0.9
v 0.9 1.9 0.9
v 0.9 2 0.9
v 0.9 2.1 0.9
v 1 2 0.9
v 1 2.1 0.9
v 1.1 2 0.9
v 1.1 2.1 0.9
v 1.4 1.9 0.9
v 1.4 2 0.9
v 1.5 1.9 0.9
v 1.5 2 0.9
v 1.5 2.1 0.9
v 1.5 2.2 0.9
v 1.6 1.3 0.9
v 1.6 1.4 0.9
v 1.6 2 0.9
v 1.6 2.1 0.9
v 1.6 2.2 0.9
v 1.7 1.9 0.9
v 1.7 2 0.9
v 1.7 2.1 0.9
v 1.8 1.9 0.9
v 1.8 2 0.9
v 2 0.2 0.9
v 2 0.3 0.9
v 2.1 0.3 0.9
v 2.1 0.4 0.9
v 2.2 0.3 0.9
v 2.2 0.4 0.9
v 2.3 0.2 0.9
v 2.3 0.3 0.9
v 0.8 1.2 0.8
v 0.8 1.3 0.8
v 0.9 1.2 0.8
v 0.9 1.3 0.8
v 0.9 1.9 0.8
v 0.9 2 0.8
v 1 1.9 0.8
v 1 2 0.8
v 1.1 1.9 0.8
v 1.1 2 0.8
v 1.2 1.2 0.8
v 1.2 1.3 0.8
v 1.2 1.9 0.8
v 1.2 2 0.8
v 1.2 2.1 0.8
v 1.2 2.2 0.8
v 1.3 1.2 0.8
v 1.3 1.3 0.8
v 1.3 2.1 0.8
v 1.3 2.2 0.8
v 1.5 2 0.8
v 1.5 2.1 0.8
v 1.6 1.2 0.8
v 1.6 1.3 0.8
v 1.6 2 0.8
v 1.6 2.1 0.8
v 1.7 1.2 0.8
v 1.7 1.3 0.8
v 1.8 1.9 0.8
v 1.8 2 0.8
v 1.9 1.9 0.8
v 1.9 2 0.8
v -0.6 2.7 0.7
v -0.6 2.8 0.7
v -0.5 2.7 0.7
v -0.5 2.8 0.7
v 0.9 1.3 0.7
v 0.9 1.4 0.7
v 1 1.9 0.7
v 1 2 0.7
v 1.1 1.9 0.7
v 1.1 2 0.7
v 1.1 2.1 0.7
v 1.2 1.3 0.7
v 1.2 1.4 0.7
v 1.2 2 0.7
v 1.2 2.1 0.7
v 1.3 1.3 0.7
v 1.3 1.4 0.7
v 1.3 2.1 0.7
v 1.3 2.2 0.7
v 1.4 2.1 0.7
v 1.4 2.2 0.7
v 1.6 1.3 0.7
v 1.6 1.4 0.7
v 0.8 1.9 0.6
v 0.8 2 0.6
v 0.9 1.2 0.6
v 0.9 1.3 0.6
v 0.9 1.9 0.6
v 0.9 2 0.6
v 1 1.2 0.6
v 1.1 1.2 0.6
v 1.2 1.2 0.6
v 1.2 1.3 0.6
v 1.2 2 0.6
v 1.2 2.1 0.6
v 1.3 1.2 0.6
v 1.3 1.3 0.6
v 1.4 1.2 0.6
v 1.4 2 0.6
v 1.4 2.1 0.6
v 1.5 1.2 0.6
v 1.6 1.2 0.6
v 1.6 1.3 0.6
v -2.4 0.3 0.2
v -2.4 0.4 0.2
v -2.2 0.3 0.2
v -2.2 0.4 0.2
v -2.4 0.2 0.0999999
v -2.4 0.3 0.0999999
v -2.1 0.2 0.0999999
v -2.1 0.3 0.0999999
v 1.1 0.2 0
v 1.1 0.5 0
v 1.2 0.2 0
v 1.3 0.2 0
v 1.4 0.2 0
v 1.5 0.2 0
v 1.6 0.2 0
v 1.7 0.2 0
v 1.7 0.5 0
v -2.3 0.4 -0.7
v -2.3 0.5 -0.7
v -2.2 0.4 -0.7
v -2.2 0.5 -0.7
v 0.6 1.2 -0.7
v 0.6 1.5 -0.7
v 0.7 1.2 -0.7
v 0.7 1.5 -0.7
v -2.3 0.3 -0.8
v -2.3 0.4 -0.8
v -2.2 0.3 -0.8
v -2.2 0.4 -0.8
v -2.4 0.2 -0.9
v -2.4 0.3 -0.9
v -2.1 0.2 -0.9
v -2.1 0.3 -0.9
v -0.6 1.2 -0.9
v -0.6 1.5 -0.9
v -0.5 1.2 -0.9
v -0.4 1.2 -0.9
v -0.3 1.2 -0.9
v -0.2 1.2 -0.9
v -0.2 1.5 -0.9
v 0.6 1.2 -1.2
v 0.6 1.7 -1.2
v 0.7 1.2 -1.2
v 0.7 1.5 -1.2
v 0.7 1.6 -1.2
v 0.8 1.2 -1.2
v 0.9 1.2 -1.2
v 1 1.2 -1.2
v 1 1.5 -1.2
v 1 1.6 -1.2
v 1.1 1.2 -1.2
v 1.2 1.2 -1.2
v 1.3 1.2 -1.2
v 1.4 1.2 -1.2
v 1.4 1.5 -1.2
v 1.4 1.6 -1.2
v 1.5 1.2 -1.2
v 1.6 1.2 -1.2
v 1.7 1.2 -1.2
v 1.7 1.5 -1.2
v 1.7 1.6 -1.2
v 1.8 1.2 -1.2
v 1.8 1.7 -1.2
v -2.1 3.1 -1.3
v -2.1 3.2 -1.3
v -2 3.1 -1.3
v -2 3.2 -1.3
v -1.9 3.1 -1.3
v -1.9 3.2 -1.3
v -1.9 3.3 -1.3
v -1.8 1.3 -1.3
v -1.8 1.7 -1.3
v -1.8 1.8 -1.3
v -1.8 1.9 -1.3
v -1.8 2 -1.3
v -1.8 2.4 -1.3
v -1.8 2.5 -1.3
v -1.8 2.6 -1.3
v -1.8 2.8 -1.3
v -1.8 3.1 -1.3
v -1.8 3.2 -1.3
v -1.8 3.3 -1.3
v -1.7 2 -1.3
v -1.7 2.4 -1.3
v -1.7 2.8 -1.3
v -1.7 3.2 -1.3
v -1.7 3.3 -1.3
v -1.7 3.4 -1.3
v -1.6 1.3 -1.3
v -1.6 1.7 -1.3
v -1.6 3.2 -1.3
v -1.6 3.3 -1.3
v -1.5 2 -1.3
v -1.5 2.4 -1.3
v -1.4 2 -1.3
v -1.4 2.4 -1.3
v -1.4 2.8 -1.3
v -1.4 3.2 -1.3
v -1.4 3.3 -1.3
v -1.4 3.4 -1.3
v -1.3 2.8 -1.3
v -1.3 3.2 -1.3
v -1.3 3.3 -1.3
v -1.3 3.4 -1.3
v -1.3 3.5 -1.3
v -1.2 2 -1.3
v -1.2 2.4 -1.3
v -1.2 3.3 -1.3
v -1.2 3.4 -1.3
v -1.1 1.3 -1.3
v -1.1 1.7 -1.3
v -1.1 2 -1.3
v -1.1 2.4 -1.3
v -1 2.8 -1.3
v -1 3.2 -1.3
v -1 3.4 -1.3
v -1 3.5 -1.3
v -0.9 1.3 -1.3
v -0.9 1.7 -1.3
v -0.9 2 -1.3
v -0.9 2.4 -1.3
v -0.9 2.8 -1.3
v -0.9 3.2 -1.3
v -0.9 3.3 -1.3
v -0.9 3.4 -1.3
v -0.9 3.5 -1.3
v -0.9 3.6 -1.3
v -0.8 3.4 -1.3
v -0.8 3.5 -1.3
v -0.7 1.3 -1.3
v -0.7 1.7 -1.3
v -0.7 2 -1.3
v -0.7 2.4 -1.3
v -0.7 2.8 -1.3
v -0.7 3.2 -1.3
v -0.7 3.3 -1.3
v -0.7 3.4 -1.3
v -0.7 3.5 -1.3
v -0.7 3.6 -1.3
v -0.6 1.3 -1.3
v -0.6 1.5 -1.3
v -0.6 2.8 -1.3
v -0.6 3.5 -1.3
v -0.6 3.6 -1.3
v -0.6 3.7 -1.3
v -0.5 2 -1.3
v -0.5 2.4 -1.3
v -0.5 3.5 -1.3
v -0.5 3.7 -1.3
v -0.4 2 -1.3
v -0.4 2.4 -1.3
v -0.2 1.3 -1.3
v -0.2 1.5 -1.3
v -0.2 2 -1.3
v -0.2 2.4 -1.3
v -0.0999999 1.3 -1.3
v -0.0999999 1.7 -1.3
v -0.0999999 2 -1.3
v -0.0999999 2.4 -1.3
v 0.1 1.3 -1.3
v 0.1 1.7 -1.3
v 0.1 2 -1.3
v 0.1 2.4 -1.3
v 0.2 1.3 -1.3
v 0.2 1.7 -1.3
v 0.2 1.8 -1.3
v 0.2 1.9 -1.3
v 0.2 2 -1.3
v 0.2 2.4 -1.3
v 0.2 2.5 -1.3
v 0.2 2.6 -1.3
v -1.9 1.2 -1.4
v -1.9 1.3 -1.4
v -1.9 1.7 -1.4
v -1.9 1.8 -1.4
v -1.9 1.9 -1.4
v -1.9 2 -1.4
v -1.9 2.4 -1.4
v -1.9 2.5 -1.4
v -1.9 2.6 -1.4
v -1.9 2.8 -1.4
v -1.8 1.2 -1.4
v -1.7 1.2 -1.4
v -1.6 1.2 -1.4
v -1.5 1.2 -1.4
v -1.4 1.2 -1.4
v -1.3 1.2 -1.4
v -1.2 1.2 -1.4
v -1.1 1.2 -1.4
v -1 1.2 -1.4
v -0.9 1.2 -1.4
v -0.8 1.2 -1.4
v -0.8 1.3 -1.4
v -0.7 1.2 -1.4
v -0.7 1.3 -1.4
v -0.6 1.2 -1.4
v -0.6 1.3 -1.4
v -0.2 1.2 -1.4
v -0.2 1.3 -1.4
v -0.0999999 1.2 -1.4
v 0 1.2 -1.4
v 0.1 1.2 -1.4
v 0.2 1.2 -1.4
v 0.3 1.2 -1.4
v 0.3 1.3 -1.4
v 0.3 1.7 -1.4
v 0.3 1.8 -1.4
v 0.3 1.9 -1.4
v 0.3 2 -1.4
v 0.3 2.4 -1.4
v 0.3 2.5 -1.4
v 0.3 2.6 -1.4
v 0.3 2.8 -1.4
v -0.8 1.2 -1.5
v -0.8 1.3 -1.5
v -0.7 1.2 -1.5
v -0.7 1.3 -1.5
v -0.5 0.2 -1.5
v -0.5 0.5 -1.5
v -0.4 0.2 -1.5
v -0.3 0.2 -1.5
v -0.3 0.5 -1.5
v -2.2 0.3 -1.6
v -2.2 0.4 -1.6
v -2.1 0.3 -1.6
v -2.1 0.4 -1.6
v -2.4 0.3 -1.7
v -2.4 0.4 -1.7
v -2.3 0.3 -1.7
v -2.3 0.4 -1.7
v -2.3 0.5 -1.7
v -2.2 0.4 -1.7
v -2.2 0.5 -1.7
v 2.2 0.3 -1.7
v 2.2 0.4 -1.7
v 2.3 0.3 -1.7
v 2.3 0.4 -1.7
v 2.1 0.4 -1.8
v 2.1 0.5 -1.8
v 2.2 0.4 -1.8
v 2.2 0.5 -1.8
v -2.3 0.4 -1.9
v -2.3 0.5 -1.9
v -2.2 0.4 -1.9
v -2.2 0.5 -1.9
v 2 0.3 -1.9
v 2 0.4 -1.9
v 2.1 0.3 -1.9
v 2.1 0.4 -1.9
v -2.4 0.3 -2
v -2.4 0.4 -2
v -2.2 0.3 -2
v -2.2 0.4 -2
v -1.8 0.2 -2
v -1.8 1.1 -2
v -1.7 1.1 -2
v -1.6 0.3 -2
v -1.6 1 -2
v -1.6 1.1 -2
v -1.5 1.1 -2
v -1.4 0.3 -2
v -1.4 1 -2
v -1.4 1.1 -2
v -1.3 1.1 -2
v -1.2 0.3 -2
v -1.2 1 -2
v -1.2 1.1 -2
v -1.1 1.1 -2
v -1 0.3 -2
v -1 1 -2
v -1 1.1 -2
v -0.9 1.1 -2
v -0.8 0.3 -2
v -0.8 1 -2
v -0.8 1.1 -2
v -0.7 1.1 -2
v -0.6 0.3 -2
v -0.6 1 -2
v -0.6 1.1 -2
v -0.5 0.2 -2
v -0.5 0.5 -2
v -0.5 1.1 -2
v -0.4 1.1 -2
v -0.3 0.2 -2
v -0.3 0.5 -2
v -0.3 1.1 -2
v -0.2 0.3 -2
v -0.2 1 -2
v -0.2 1.1 -2
v -0.0999999 1.1 -2
v 0 0.3 -2
v 0 1 -2
v 0 1.1 -2
v 0.1 1.1 -2
v 0.2 0.3 -2
v 0.2 1 -2
v 0.2 1.1 -2
v 0.3 1.1 -2
v 0.4 0.3 -2
v 0.4 1 -2
v 0.4 1.1 -2
v 0.5 1.1 -2
v 0.6 0.3 -2
v 0.6 1 -2
v 0.8 0.3 -2
v 0.8 1 -2
v 1 0.3 -2
v 1 1 -2
v 1.2 0.3 -2
v 1.2 1 -2
v 1.4 0.3 -2
v 1.4 1 -2
v 1.6 0.3 -2
v 1.6 1 -2
v 1.7 0.2 -2
v 1.7 1.1 -2
v 2.1 0.3 -2
v 2.1 0.4 -2
v 2.3 0.3 -2
v 2.3 0.4 -2
v -2.4 0.2 -2.1
v -2.4 0.3 -2.1
v -2.1 0.2 -2.1
v -2.1 0.3 -2.1
v 0.6 1.2 -2.1
v 0.6 1.7 -2.1
v 0.7 1.2 -2.1
v 0.7 1.5 -2.1
v 0.7 1.6 -2.1
v 0.8 1.2 -2.1
v 0.9 1.2 -2.1
v 1 1.2 -2.1
v 1 1.5 -2.1
v 1 1.6 -2.1
v 1.1 1.2 -2.1
v 1.2 1.2 -2.1
v 1.3 1.2 -2.1
v 1.4 1.2 -2.1
v 1.4 1.5 -2.1
v 1.4 1.6 -2.1
v 1.5 1.2 -2.1
v 1.6 1.2 -2.1
v 1.7 1.2 -2.1
v 1.7 1.5 -2.1
v 1.7 1.6 -2.1
v 1.8 1.2 -2.1
v 1.8 1.7 -2.1
v 2 0.2 -2.1
v 2 0.3 -2.1
v 2.3 0.2 -2.1
v 2.3 0.3 -2.1
v -2.2 0.2 -2.4
v -2.2 1.3 -2.4
v -2.1 0.2 -2.4
v -2.1 1.1 -2.4
v 2 0.2 -2.4
v 2 1.1 -2.4
v 2.1 0.2 -2.4
v 2.1 1.3 -2.4
v -0.9 0.2 -2.5
v -0.9 0.3 -2.5
v -0.8 0.2 -2.5
v -0.8 0.3 -2.5
v -2.4 0 -2.6
v -2.4 0.1 -2.6
v -2.4 0.2 -2.6
v 2.3 0.1 -2.6
v 2.3 0.2 -2.6
v 3 0 -2.6
v 3 0.2 -2.6
v -2.4 0 3.1
v 3 0 3.1
v -2.4 0 -2.6
v 3 0 -2.6
v -0.4 0.5 1.7
v 0.2 0.5 1.7
v -0.4 0.5 0.9
v 0.2 0.5 0.9
v 1.1 0.5 0
v 1.7 0.5 0
v 1.1 0.5 -0.6
v 1.7 0.5 -0.6
v -0.5 0.5 -1.5
v -0.3 0.5 -1.5
v -0.5 0.5 -2
v -0.3 0.5 -2
v -1.7 1 1.8
v 1.6 1 1.8
v -1.7 1 1.7
v 1.6 1 1.7
v -2.1 1.1 2
v 2 1.1 2
v -2.2 1.1 1.9
v -2.1 1.1 1.9
v -2 1.1 1.9
v -1.9 1.1 1.9
v -1.8 1.1 1.9
v -1.7 1.1 1.9
v -1.6 1.1 1.9
v -1.5 1.1 1.9
v -1.4 1.1 1.9
v -1.3 1.1 1.9
v -1.2 1.1 1.9
v -1.1 1.1 1.9
v -1 1.1 1.9
v -0.9 1.1 1.9
v -0.8 1.1 1.9
v -0.7 1.1 1.9
v -0.6 1.1 1.9
v -0.5 1.1 1.9
v -0.4 1.1 1.9
v -0.3 1.1 1.9
v -0.2 1.1 1.9
v -0.0999999 1.1 1.9
v 0 1.1 1.9
v 0.1 1.1 1.9
v 0.2 1.1 1.9
v 0.3 1.1 1.9
v 0.4 1.1 1.9
v 0.5 1.1 1.9
v 0.6 1.1 1.9
v 0.7 1.1 1.9
v 0.8 1.1 1.9
v 0.9 1.1 1.9
v 1 1.1 1.9
v 1.1 1.1 1.9
v 1.2 1.1 1.9
v 1.3 1.1 1.9
v 1.4 1.1 1.9
v 1.5 1.1 1.9
v 1.6 1.1 1.9
v 1.7 1.1 1.9
v 1.8 1.1 1.9
v 1.9 1.1 1.9
v 2 1.1 1.9
v 2.1 1.1 1.9
v -2.1 1.1 1.8
v -2 1.1 1.8
v -1.9 1.1 1.8
v -1.8 1.1 1.8
v -1.7 1.1 1.8
v -1.6 1.1 1.8
v -1.5 1.1 1.8
v -1.4 1.1 1.8
v -1.3 1.1 1.8
v -1.2 1.1 1.8
v -1.1 1.1 1.8
v -1 1.1 1.8
v -0.9 1.1 1.8
v -0.8 1.1 1.8
v -0.7 1.1 1.8
v -0.6 1.1 1.8
v -0.5 1.1 1.8
v -0.4 1.1 1.8
v -0.3 1.1 1.8
v -0.2 1.1 1.8
v -0.0999999 1.1 1.8
v 0 1.1 1.8
v 0.1 1.1 1.8
v 0.2 1.1 1.8
v 0.3 1.1 1.8
v 0.4 1.1 1.8
v 0.5 1.1 1.8
v 0.6 1.1 1.8
v 0.7 1.1 1.8
v 0.8 1.1 1.8
v 0.9 1.1 1.8
v 1 1.1 1.8
v 1.1 1.1 1.8
v 1.2 1.1 1.8
v 1.3 1.1 1.8
v 1.4 1.1 1.8
v 1.5 1.1 1.8
v 1.6 1.1 1.8
v 1.7 1.1 1.8
v 1.8 1.1 1.8
v 1.9 1.1 1.8
v 2 1.1 1.8
v -2.1 1.1 1.7
v -2 1.1 1.7
v -1.9 1.1 1.7
v 1.7 1.1 1.7
v 1.8 1.1 1.7
v 1.9 1.1 1.7
v 2 1.1 1.7
v -2.1 1.1 1.6
v -2 1.1 1.6
v -1.9 1.1 1.6
v 1.7 1.1 1.6
v 1.8 1.1 1.6
v 1.9 1.1 1.6
v 2 1.1 1.6
v -2.1 1.1 1.5
v -2 1.1 1.5
v -1.9 1.1 1.5
v 1.7 1.1 1.5
v 1.8 1.1 1.5
v 1.9 1.1 1.5
v 2 1.1 1.5
v -2.1 1.1 1.4
v -2 1.1 1.4
v -1.9 1.1 1.4
v 1.7 1.1 1.4
v 1.8 1.1 1.4
v 1.9 1.1 1.4
v 2 1.1 1.4
v -2.1 1.1 1.3
v -2 1.1 1.3
v -1.9 1.1 1.3
v 1.7 1.1 1.3
v 1.8 1.1 1.3
v 1.9 1.1 1.3
v 2 1.1 1.3
v -2.1 1.1 1.2
v -2 1.1 1.2
v -1.9 1.1 1.2
v 1.7 1.1 1.2
v 1.8 1.1 1.2
v 1.9 1.1 1.2
v 2 1.1 1.2
v -2.1 1.1 1.1
v -2 1.1 1.1
v -1.9 1.1 1.1
v 1.7 1.1 1.1
v 1.8 1.1 1.1
v 1.9 1.1 1.1
v 2 1.1 1.1
v -2.1 1.1 1
v -2 1.1 1
v -1.9 1.1 1
v 1.7 1.1 1
v 1.8 1.1 1
v 1.9 1.1 1
v 2 1.1 1
v -2.1 1.1 0.9
v -2 1.1 0.9
v -1.9 1.1 0.9
v 1.7 1.1 0.9
v 1.8 1.1 0.9
v 1.9 1.1 0.9
v 2 1.1 0.9
v -2.1 1.1 0.8
v -2 1.1 0.8
v -1.9 1.1 0.8
v 1.7 1.1 0.8
v 1.8 1.1 0.8
v 1.9 1.1 0.8
v 2 1.1 0.8
v -2.1 1.1 0.7
v -2 1.1 0.7
v -1.9 1.1 0.7
v 1.7 1.1 0.7
v 1.8 1.1 0.7
v 1.9 1.1 0.7
v 2 1.1 0.7
v -2.1 1.1 0.6
v -2 1.1 0.6
v -1.9 1.1 0.6
v 1.7 1.1 0.6
v 1.8 1.1 0.6
v 1.9 1.1 0.6
v 2 1.1 0.6
v -2.1 1.1 0.5
v -2 1.1 0.5
v -1.9 1.1 0.5
v 1.7 1.1 0.5
v 1.8 1.1 0.5
v 1.9 1.1 0.5
v 2 1.1 0.5
v -2.1 1.1 0.4
v -2 1.1 0.4
v -1.9 1.1 0.4
v 1.7 1.1 0.4
v 1.8 1.1 0.4
v 1.9 1.1 0.4
v 2 1.1 0.4
v -2.1 1.1 0.3
v -2 1.1 0.3
v -1.9 1.1 0.3
v 1.7 1.1 0.3
v 1.8 1.1 0.3
v 1.9 1.1 0.3
v 2 1.1 0.3
v -2.1 1.1 0.2
v -2 1.1 0.2
v -1.9 1.1 0.2
v 1.7 1.1 0.2
v 1.8 1.1 0.2
v 1.9 1.1 0.2
v 2 1.1 0.2
v -2.1 1.1 0.0999999
v -2 1.1 0.0999999
v -1.9 1.1 0.0999999
v 1.7 1.1 0.0999999
v 1.8 1.1 0.0999999
v 1.9 1.1 0.0999999
v 2 1.1 0.0999999
v -2.1 1.1 0
v -2 1.1 0
v -1.9 1.1 0
v 1.7 1.1 0
v 1.8 1.1 0
v 1.9 1.1 0
v 2 1.1 0
v -2.1 1.1 -0.0999999
v -2 1.1 -0.0999999
v -1.9 1.1 -0.0999999
v 1.7 1.1 -0.0999999
v 1.8 1.1 -0.0999999
v 1.9 1.1 -0.0999999
v 2 1.1 -0.0999999
v -2.1 1.1 -0.2
v -2 1.1 -0.2
v -1.9 1.1 -0.2
v 1.7 1.1 -0.2
v 1.8 1.1 -0.2
v 1.9 1.1 -0.2
v 2 1.1 -0.2
v -2.1 1.1 -0.3
v -2 1.1 -0.3
v -1.9 1.1 -0.3
v 1.7 1.1 -0.3
v 1.8 1.1 -0.3
v 1.9 1.1 -0.3
v 2 1.1 -0.3
v -2.1 1.1 -0.4
v -2 1.1 -0.4
v -1.9 1.1 -0.4
v 1.7 1.1 -0.4
v 1.8 1.1 -0.4
v 1.9 1.1 -0.4
v 2 1.1 -0.4
v -2.1 1.1 -0.5
v -2 1.1 -0.5
v -1.9 1.1 -0.5
v 1.8 1.1 -0.5
v 1.9 1.1 -0.5
v 2 1.1 -0.5
v -2.1 1.1 -0.6
v -2 1.1 -0.6
v -1.9 1.1 -0.6
v 1.8 1.1 -0.6
v 1.9 1.1 -0.6
v 2 1.1 -0.6
v -2.1 1.1 -0.7
v -2 1.1 -0.7
v -1.9 1.1 -0.7
v 1.8 1.1 -0.7
v 1.9 1.1 -0.7
v 2 1.1 -0.7
v -2.1 1.1 -0.8
v -2 1.1 -0.8
v -1.9 1.1 -0.8
v 1.8 1.1 -0.8
v 1.9 1.1 -0.8
v 2 1.1 -0.8
v -2.1 1.1 -0.9
v -2 1.1 -0.9
v -1.9 1.1 -0.9
v 1.8 1.1 -0.9
v 1.9 1.1 -0.9
v 2 1.1 -0.9
v -2.1 1.1 -1
v -2 1.1 -1
v -1.9 1.1 -1
v 1.8 1.1 -1
v 1.9 1.1 -1
v 2 1.1 -1
v -2.1 1.1 -1.1
v -2 1.1 -1.1
v -1.9 1.1 -1.1
v 1.8 1.1 -1.1
v 1.9 1.1 -1.1
v 2 1.1 -1.1
v -2.1 1.1 -1.2
v -2 1.1 -1.2
v -1.9 1.1 -1.2
v 1.8 1.1 -1.2
v 1.9 1.1 -1.2
v 2 1.1 -1.2
v -2.1 1.1 -1.3
v -2 1.1 -1.3
v -1.9 1.1 -1.3
v 1.7 1.1 -1.3
v 1.8 1.1 -1.3
v 1.9 1.1 -1.3
v 2 1.1 -1.3
v -2.1 1.1 -1.4
v -2 1.1 -1.4
v -1.9 1.1 -1.4
v 1.7 1.1 -1.4
v 1.8 1.1 -1.4
v 1.9 1.1 -1.4
v 2 1.1 -1.4
v -2.1 1.1 -1.5
v -2 1.1 -1.5
v -1.9 1.1 -1.5
v -1.8 1.1 -1.5
v 1.8 1.1 -1.5
v 1.9 1.1 -1.5
v 2 1.1 -1.5
v -2.1 1.1 -1.6
v -2 1.1 -1.6
v -1.9 1.1 -1.6
v -1.8 1.1 -1.6
v 1.8 1.1 -1.6
v 1.9 1.1 -1.6
v 2 1.1 -1.6
v -2.1 1.1 -1.7
v -2 1.1 -1.7
v -1.9 1.1 -1.7
v -1.8 1.1 -1.7
v 1.8 1.1 -1.7
v 1.9 1.1 -1.7
v 2 1.1 -1.7
v -2.1 1.1 -1.8
v -2 1.1 -1.8
v -1.9 1.1 -1.8
v -1.8 1.1 -1.8
v 1.8 1.1 -1.8
v 1.9 1.1 -1.8
v 2 1.1 -1.8
v -2.1 1.1 -1.9
v -2 1.1 -1.9
v -1.9 1.1 -1.9
v -1.8 1.1 -1.9
v 1.8 1.1 -1.9
v 1.9 1.1 -1.9
v 2 1.1 -1.9
v -2.1 1.1 -2
v -2 1.1 -2
v -1.9 1.1 -2
v -1.8 1.1 -2
v -1.7 1.1 -2
v -1.6 1.1 -2
v -1.5 1.1 -2
v -1.4 1.1 -2
v -1.3 1.1 -2
v -1.2 1.1 -2
v -1.1 1.1 -2
v -1 1.1 -2
v -0.9 1.1 -2
v -0.8 1.1 -2
v -0.7 1.1 -2
v -0.6 1.1 -2
v -0.5 1.1 -2
v -0.4 1.1 -2
v -0.3 1.1 -2
v -0.2 1.1 -2
v -0.0999999 1.1 -2
v 0 1.1 -2
v 0.1 1.1 -2
v 0.2 1.1 -2
v 0.3 1.1 -2
v 0.4 1.1 -2
v 0.5 1.1 -2
v 1.7 1.1 -2
v 1.8 1.1 -2
v 1.9 1.1 -2
v 2 1.1 -2
v -2.1 1.1 -2.1
v -2 1.1 -2.1
v -1.9 1.1 -2.1
v -1.8 1.1 -2.1
v -1.7 1.1 -2.1
v -1.6 1.1 -2.1
v -1.5 1.1 -2.1
v -1.4 1.1 -2.1
v -1.3 1.1 -2.1
v -1.2 1.1 -2.1
v -1.1 1.1 -2.1
v -1 1.1 -2.1
v -0.9 1.1 -2.1
v -0.8 1.1 -2.1
v -0.7 1.1 -2.1
v -0.6 1.1 -2.1
v -0.5 1.1 -2.1
v -0.4 1.1 -2.1
v -0.3 1.1 -2.1
v -0.2 1.1 -2.1
v -0.0999999 1.1 -2.1
v 0 1.1 -2.1
v 0.1 1.1 -2.1
v 0.2 1.1 -2.1
v 0.3 1.1 -2.1
v 0.4 1.1 -2.1
v 0.5 1.1 -2.1
v 0.6 1.1 -2.1
v 0.7 1.1 -2.1
v 0.8 1.1 -2.1
v 0.9 1.1 -2.1
v 1 1.1 -2.1
v 1.1 1.1 -2.1
v 1.2 1.1 -2.1
v 1.3 1.1 -2.1
v 1.4 1.1 -2.1
v 1.5 1.1 -2.1
v 1.6 1.1 -2.1
v 1.7 1.1 -2.1
v 1.8 1.1 -2.1
v 1.9 1.1 -2.1
v 2 1.1 -2.1
v -2.1 1.1 -2.2
v -2 1.1 -2.2
v -1.9 1.1 -2.2
v -1.8 1.1 -2.2
v -1.7 1.1 -2.2
v -1.6 1.1 -2.2
v -1.5 1.1 -2.2
v -1.4 1.1 -2.2
v -1.3 1.1 -2.2
v -1.2 1.1 -2.2
v -1.1 1.1 -2.2
v -1 1.1 -2.2
v -0.9 1.1 -2.2
v -0.8 1.1 -2.2
v -0.7 1.1 -2.2
v -0.6 1.1 -2.2
v -0.5 1.1 -2.2
v -0.4 1.1 -2.2
v -0.3 1.1 -2.2
v -0.2 1.1 -2.2
v -0.0999999 1.1 -2.2
v 0 1.1 -2.2
v 0.1 1.1 -2.2
v 0.2 1.1 -2.2
v 0.3 1.1 -2.2
v 0.4 1.1 -2.2
v 0.5 1.1 -2.2
v 0.6 1.1 -2.2
v 0.7 1.1 -2.2
v 0.8 1.1 -2.2
v 0.9 1.1 -2.2
v 1 1.1 -2.2
v 1.1 1.1 -2.2
v 1.2 1.1 -2.2
v 1.3 1.1 -2.2
v 1.4 1.1 -2.2
v 1.5 1.1 -2.2
v 1.6 1.1 -2.2
v 1.7 1.1 -2.2
v 1.8 1.1 -2.2
v 1.9 1.1 -2.2
v 2 1.1 -2.2
v -2.2 1.1 -2.3
v -2.1 1.1 -2.3
v -2 1.1 -2.3
v -1.9 1.1 -2.3
v -1.8 1.1 -2.3
v -1.7 1.1 -2.3
v -1.6 1.1 -2.3
v -1.5 1.1 -2.3
v -1.4 1.1 -2.3
v -1.3 1.1 -2.3
v -1.2 1.1 -2.3
v -1.1 1.1 -2.3
v -1 1.1 -2.3
v -0.9 1.1 -2.3
v -0.8 1.1 -2.3
v -0.7 1.1 -2.3
v -0.6 1.1 -2.3
v -0.5 1.1 -2.3
v -0.4 1.1 -2.3
v -0.3 1.1 -2.3
v -0.2 1.1 -2.3
v -0.0999999 1.1 -2.3
v 0 1.1 -2.3
v 0.1 1.1 -2.3
v 0.2 1.1 -2.3
v 0.3 1.1 -2.3
v 0.4 1.1 -2.3
v 0.5 1.1 -2.3
v 0.6 1.1 -2.3
v 0.7 1.1 -2.3
v 0.8 1.1 -2.3
v 0.9 1.1 -2.3
v 1 1.1 -2.3
v 1.1 1.1 -2.3
v 1.2 1.1 -2.3
v 1.3 1.1 -2.3
v 1.4 1.1 -2.3
v 1.5 1.1 -2.3
v 1.6 1.1 -2.3
v 1.7 1.1 -2.3
v 1.8 1.1 -2.3
v 1.9 1.1 -2.3
v 2 1.1 -2.3
v 2.1 1.1 -2.3
v -2.1 1.1 -2.4
v 2 1.1 -2.4
v 1.3 1.5 1.5
v 1.4 1.5 1.5
v 1.3 1.5 1.4
v 1.4 1.5 1.4
v 1.4 1.5 1.2
v 1.5 1.5 1.2
v 1.4 1.5 1.1
v 1.5 1.5 1.1
v 0.6 1.5 -0.7
v 0.7 1.5 -0.7
v 0.6 1.5 -0.8
v 0.7 1.5 -0.8
v -0.6 1.5 -0.9
v -0.2 1.5 -0.9
v -0.6 1.5 -1.3
v -0.2 1.5 -1.3
v 1.2 1.6 1.4
v 1.3 1.6 1.4
v 1.1 1.6 1.3
v 1.2 1.6 1.3
v 1.3 1.6 1.3
v 1.2 1.6 1.2
v 1.3 1.6 1.2
v 1.1 1.6 1.1
v 1.3 1.6 1.1
v -1.9 1.7 1.7
v 0.3 1.7 1.7
v -1.8 1.7 1.6
v -1.6 1.7 1.6
v -1.1 1.7 1.6
v -0.9 1.7 1.6
v -0.7 1.7 1.6
v -0.5 1.7 1.6
v 0 1.7 1.6
v 0.2 1.7 1.6
v -1.8 1.7 1.4
v 0.2 1.7 1.4
v 1.1 1.7 1.4
v 1.2 1.7 1.4
v 1 1.7 1.3
v 1.1 1.7 1.3
v 1.2 1.7 1.3
v 1 1.7 1.2
v 1.1 1.7 1.2
v 0.2 1.7 1
v -1.8 1.7 0.9
v -1.8 1.7 0.7
v 0.2 1.7 0.6
v -1.8 1.7 0.2
v 0.2 1.7 0.2
v -1.8 1.7 0.0999999
v 0.2 1.7 0
v -1.8 1.7 -0.4
v 0.2 1.7 -0.4
v -1.8 1.7 -0.6
v 0.2 1.7 -0.6
v -1.8 1.7 -1.1
v 0.2 1.7 -1.1
v -1.8 1.7 -1.3
v -1.6 1.7 -1.3
v -1.1 1.7 -1.3
v -0.9 1.7 -1.3
v -0.7 1.7 -1.3
v -0.0999999 1.7 -1.3
v 0.1 1.7 -1.3
v 0.2 1.7 -1.3
v -1.9 1.7 -1.4
v 0.3 1.7 -1.4
v 1.3 1.8 1.6
v 1.4 1.8 1.6
v 1 1.8 1.5
v 1.2 1.8 1.5
v 1.3 1.8 1.5
v 1.4 1.8 1.5
v 1.1 1.8 1.4
v 1.2 1.8 1.4
v 1 1.8 1.3
v 1.1 1.8 1.3
v 1.2 1.8 1.3
v 1.3 1.8 1.3
v 1.6 1.8 1.3
v 1.7 1.8 1.3
v 1.2 1.8 1.2
v 1.3 1.8 1.2
v 1.6 1.8 1.2
v 1.7 1.8 1.2
v 0.8 1.8 1
v 0.9 1.8 1
v 0.8 1.8 0.9
v 0.9 1.8 0.9
v 1.1 1.9 1.9
v 1.2 1.9 1.9
v 1.2 1.9 1.8
v 1.6 1.9 1.8
v -1.9 1.9 1.7
v 0.3 1.9 1.7
v 1.6 1.9 1.7
v 1.7 1.9 1.7
v -1.8 1.9 1.6
v 0.2 1.9 1.6
v 1 1.9 1.6
v 1.1 1.9 1.6
v 1.3 1.9 1.6
v 1.4 1.9 1.6
v 1.6 1.9 1.6
v 1.7 1.9 1.6
v 1.8 1.9 1.6
v 1 1.9 1.5
v 1.1 1.9 1.5
v 1.2 1.9 1.5
v 1.3 1.9 1.5
v 1.4 1.9 1.5
v 1.6 1.9 1.5
v 1.8 1.9 1.5
v 1.9 1.9 1.5
v 0.8 1.9 1.4
v 1 1.9 1.4
v 1.2 1.9 1.4
v 1.4 1.9 1.4
v 1 1.9 1.3
v 1.2 1.9 1.3
v 1.3 1.9 1.3
v 1.6 1.9 1.3
v 1.7 1.9 1.3
v 1.8 1.9 1.3
v 1.9 1.9 1.3
v 1 1.9 1.2
v 1.1 1.9 1.2
v 1.2 1.9 1.2
v 1.3 1.9 1.2
v 1.6 1.9 1.2
v 1.7 1.9 1.2
v 1.8 1.9 1.2
v 2 1.9 1.2
v 1.2 1.9 1.1
v 1.3 1.9 1.1
v 0.8 1.9 1
v 0.9 1.9 1
v 1.3 1.9 1
v 1.4 1.9 1
v 1.5 1.9 1
v 1.6 1.9 1
v 1.9 1.9 1
v 2 1.9 1
v 0.8 1.9 0.9
v 0.9 1.9 0.9
v 1.4 1.9 0.9
v 1.5 1.9 0.9
v 1.7 1.9 0.9
v 1.8 1.9 0.9
v 0.9 1.9 0.8
v 1 1.9 0.8
v 1.1 1.9 0.8
v 1.2 1.9 0.8
v 1.8 1.9 0.8
v 1.9 1.9 0.8
v 1 1.9 0.7
v 1.1 1.9 0.7
v 0.8 1.9 0.6
v 0.9 1.9 0.6
v -1.8 1.9 -1.3
v 0.2 1.9 -1.3
v -1.9 1.9 -1.4
v 0.3 1.9 -1.4
v 1.3 2 2
v 1.4 2 2
v 1.5 2 2
v 1.6 2 2
v 1.2 2 1.9
v 1.3 2 1.9
v 1.4 2 1.9
v 1.5 2 1.9
v 1 2 1.8
v 1.1 2 1.8
v 1.2 2 1.8
v 1.6 2 1.8
v 1.8 2 1.8
v 1 2 1.7
v 1.1 2 1.7
v 1.6 2 1.7
v 1.7 2 1.7
v 1.8 2 1.7
v 0.8 2 1.5
v 1 2 1.5
v 0.8 2 1.4
v 1 2 1.4
v 0.7 2 1.3
v 0.8 2 1.3
v 0.6 2 1.2
v 0.7 2 1.2
v 1.6 2 1.2
v 1.7 2 1.2
v 0.6 2 1.1
v 0.7 2 1.1
v 1.2 2 1.1
v 1.3 2 1.1
v 0.7 2 1
v 0.8 2 1
v 1.3 2 1
v 1.4 2 1
v 1.5 2 1
v 1.6 2 1
v 1.4 2 0.9
v 1.5 2 0.9
v 1.6 2 0.9
v 1.7 2 0.9
v 1.1 2 0.8
v 1.2 2 0.8
v 1.5 2 0.8
v 1.6 2 0.8
v 1.1 2 0.7
v 1.2 2 0.7
v 1.2 2 0.6
v 1.4 2 0.6
v 1.6 2.1 1.9
v 1.7 2.1 1.9
v 1.6 2.1 1.8
v 1.7 2.1 1.8
v 1.6 2.1 1.7
v 1.7 2.1 1.7
v 1.6 2.1 1.6
v 1.7 2.1 1.6
v 1.1 2.1 1.2
v 1.2 2.1 1.2
v 1.1 2.1 1.1
v 1.2 2.1 1.1
v -1.9 2.4 1.7
v 0.3 2.4 1.7
v -1.8 2.4 1.6
v -1.7 2.4 1.6
v -1.5 2.4 1.6
v -1.4 2.4 1.6
v -1.2 2.4 1.6
v -1.1 2.4 1.6
v -0.9 2.4 1.6
v -0.7 2.4 1.6
v -0.5 2.4 1.6
v -0.4 2.4 1.6
v -0.2 2.4 1.6
v -0.0999999 2.4 1.6
v 0.1 2.4 1.6
v 0.2 2.4 1.6
v -1.8 2.4 1.4
v 0.2 2.4 1.4
v -1.8 2.4 1.2
v 0.2 2.4 1.2
v -1.8 2.4 1.1
v 0.2 2.4 1.1
v -1.8 2.4 0.9
v 0.2 2.4 0.9
v -1.8 2.4 0.8
v 0.2 2.4 0.8
v -1.8 2.4 0.6
v 0.2 2.4 0.6
v -1.8 2.4 0.5
v 0.2 2.4 0.5
v -1.8 2.4 0.3
v 0.2 2.4 0.3
v -1.8 2.4 0.2
v 0.2 2.4 0.2
v -1.8 2.4 0
v 0.2 2.4 0
v -1.8 2.4 -0.0999999
v 0.2 2.4 -0.0999999
v -1.8 2.4 -0.3
v 0.2 2.4 -0.3
v -1.8 2.4 -0.4
v 0.2 2.4 -0.4
v -1.8 2.4 -0.6
v 0.2 2.4 -0.6
v -1.8 2.4 -0.7
v 0.2 2.4 -0.7
v -1.8 2.4 -0.9
v 0.2 2.4 -0.9
v -1.8 2.4 -1
v 0.2 2.4 -1
v -1.8 2.4 -1.2
v 0.2 2.4 -1.2
v -1.8 2.4 -1.3
v -1.7 2.4 -1.3
v -1.5 2.4 -1.3
v -1.4 2.4 -1.3
v -1.2 2.4 -1.3
v -1.1 2.4 -1.3
v -0.9 2.4 -1.3
v -0.7 2.4 -1.3
v -0.5 2.4 -1.3
v -0.4 2.4 -1.3
v -0.2 2.4 -1.3
v -0.0999999 2.4 -1.3
v 0.1 2.4 -1.3
v 0.2 2.4 -1.3
v -1.9 2.4 -1.4
v 0.3 2.4 -1.4
v -1.9 2.6 1.7
v 0.3 2.6 1.7
v -1.8 2.6 1.6
v 0.2 2.6 1.6
v -1.8 2.6 -1.3
v 0.2 2.6 -1.3
v -1.9 2.6 -1.4
v 0.3 2.6 -1.4
v -2.1 3.1 1.6
v -2 3.1 1.6
v -1.9 3.1 1.6
v -1.8 3.1 1.6
v -1.8 3.1 1.4
v -1.8 3.1 1.2
v -1.8 3.1 1.1
v -1.8 3.1 0.9
v -1.8 3.1 0.8
v -1.8 3.1 0.6
v -1.8 3.1 0.5
v -1.8 3.1 0.3
v -1.8 3.1 0.2
v -1.8 3.1 0
v -1.8 3.1 -0.0999999
v -1.8 3.1 -0.3
v -1.8 3.1 -0.4
v -1.8 3.1 -0.6
v -1.8 3.1 -0.7
v -1.8 3.1 -0.9
v -1.8 3.1 -1
v -1.8 3.1 -1.2
v -2.1 3.1 -1.3
v -2 3.1 -1.3
v -1.9 3.1 -1.3
v -1.8 3.1 -1.3
v -0.2 3.3 1.7
v -0.0999999 3.3 1.7
v -0.2 3.3 1.6
v -0.0999999 3.3 1.6
v 0.2 3.3 1.3
v 0.3 3.3 1.3
v 0.2 3.3 1.2
v 0.3 3.3 1.2
v -0.3 3.4 1.7
v -0.2 3.4 1.7
v -0.0999999 3.4 1.7
v 0 3.4 1.7
v -0.3 3.4 1.6
v -0.2 3.4 1.6
v -0.0999999 3.4 1.6
v 0 3.4 1.6
v 0.2 3.4 1.4
v 0.3 3.4 1.4
v 0.2 3.4 1.3
v 0.3 3.4 1.3
v 0.2 3.4 1.2
v 0.3 3.4 1.2
v 0.2 3.4 1.1
v 0.3 3.4 1.1
v -0.6 3.5 1.6
v -0.5 3.5 1.6
v -0.5 3.5 0.9
v -0.6 3.5 -1.3
v -0.5 3.5 -1.3
v -0.5 3.6 1.7
v -0.3 3.6 1.7
v 0 3.6 1.7
v 0.2 3.6 1.7
v -0.5 3.6 1.6
v -0.3 3.6 1.6
v 0 3.6 1.6
v 0.2 3.6 1.6
v 0.3 3.6 1.6
v 0.2 3.6 1.4
v 0.3 3.6 1.4
v 0.2 3.6 1.1
v 0.3 3.6 1.1
v 0.2 3.6 0.9
v 0.3 3.6 0.9
v -0.3 3.9 1.7
v 0 3.9 1.7
v -0.3 3.9 1.6
v 0 3.9 1.6
v 0.2 3.9 1.4
v 0.3 3.9 1.4
v 0.2 3.9 1.1
v 0.3 3.9 1.1
v -2.4 0.2 3.1
v 3 0.2 3.1
v -2.4 0.2 2.2
v -0.7 0.2 2.2
v 0.5 0.2 2.2
v 0.6 0.2 2.2
v 0.7 0.2 2.2
v 2.2 0.2 2.2
v -0.7 0.2 2.1
v 0.5 0.2 2.1
v 0.6 0.2 2.1
v 0.7 0.2 2.1
v 2.2 0.2 2.1
v 2.3 0.2 2.1
v -2.2 0.2 2
v -2.1 0.2 2
v 2 0.2 2
v 2.1 0.2 2
v -2.2 0.2 1.9
v -2.1 0.2 1.9
v 2 0.2 1.9
v 2.1 0.2 1.9
v -1.8 0.2 1.8
v -1.7 0.2 1.8
v 0.2 0.2 1.8
v 0.3 0.2 1.8
v 1.6 0.2 1.8
v 1.7 0.2 1.8
v -2.4 0.2 1.7
v -2.1 0.2 1.7
v -1.7 0.2 1.7
v -0.4 0.2 1.7
v -0.3 0.2 1.7
v -0.2 0.2 1.7
v -0.0999999 0.2 1.7
v 0 0.2 1.7
v 0.1 0.2 1.7
v 0.2 0.2 1.7
v 0.3 0.2 1.7
v 1.6 0.2 1.7
v 2 0.2 1.7
v 2.3 0.2 1.7
v -0.4 0.2 1.6
v -0.3 0.2 1.6
v -0.2 0.2 1.6
v -0.0999999 0.2 1.6
v 0 0.2 1.6
v 0.1 0.2 1.6
v 0.2 0.2 1.6
v -0.4 0.2 1.5
v -0.3 0.2 1.5
v -0.2 0.2 1.5
v -0.0999999 0.2 1.5
v 0 0.2 1.5
v 0.1 0.2 1.5
v 0.2 0.2 1.5
v -0.4 0.2 1.4
v -0.3 0.2 1.4
v -0.2 0.2 1.4
v -0.0999999 0.2 1.4
v 0 0.2 1.4
v 0.1 0.2 1.4
v 0.2 0.2 1.4
v -0.4 0.2 1.3
v -0.3 0.2 1.3
v -0.2 0.2 1.3
v -0.0999999 0.2 1.3
v 0 0.2 1.3
v 0.1 0.2 1.3
v 0.2 0.2 1.3
v -0.4 0.2 1.2
v -0.3 0.2 1.2
v -0.2 0.2 1.2
v -0.0999999 0.2 1.2
v 0 0.2 1.2
v 0.1 0.2 1.2
v 0.2 0.2 1.2
v -0.4 0.2 1.1
v -0.3 0.2 1.1
v -0.2 0.2 1.1
v -0.0999999 0.2 1.1
v 0 0.2 1.1
v 0.1 0.2 1.1
v 0.2 0.2 1.1
v -0.4 0.2 1
v -0.3 0.2 1
v -0.2 0.2 1
v -0.0999999 0.2 1
v 0 0.2 1
v 0.1 0.2 1
v 0.2 0.2 1
v -2.4 0.2 0.9
v -2.1 0.2 0.9
v -0.4 0.2 0.9
v -0.3 0.2 0.9
v -0.2 0.2 0.9
v -0.0999999 0.2 0.9
v 0 0.2 0.9
v 0.1 0.2 0.9
v 0.2 0.2 0.9
v 2 0.2 0.9
v 2.3 0.2 0.9
v 2.2 0.2 0.6
v 2.3 0.2 0.6
v -2.4 0.2 0.5
v -2.1 0.2 0.5
v 2.1 0.2 0.5
v 2.2 0.2 0.5
v 2 0.2 0.4
v 2.1 0.2 0.4
v -2.4 0.2 0.0999999
v -2.1 0.2 0.0999999
v 1.1 0.2 0
v 1.2 0.2 0
v 1.3 0.2 0
v 1.4 0.2 0
v 1.5 0.2 0
v 1.6 0.2 0
v 1.7 0.2 0
v 1.1 0.2 -0.0999999
v 1.2 0.2 -0.0999999
v 1.3 0.2 -0.0999999
v 1.4 0.2 -0.0999999
v 1.5 0.2 -0.0999999
v 1.6 0.2 -0.0999999
v 1.7 0.2 -0.0999999
v 1.1 0.2 -0.2
v 1.2 0.2 -0.2
v 1.3 0.2 -0.2
v 1.4 0.2 -0.2
v 1.5 0.2 -0.2
v 1.6 0.2 -0.2
v 1.7 0.2 -0.2
v 1.1 0.2 -0.3
v 1.2 0.2 -0.3
v 1.3 0.2 -0.3
v 1.4 0.2 -0.3
v 1.5 0.2 -0.3
v 1.6 0.2 -0.3
v 1.7 0.2 -0.3
v 1.1 0.2 -0.4
v 1.2 0.2 -0.4
v 1.3 0.2 -0.4
v 1.4 0.2 -0.4
v 1.5 0.2 -0.4
v 1.6 0.2 -0.4
v 1.7 0.2 -0.4
v -2.4 0.2 -0.5
v -2.1 0.2 -0.5
v 1.1 0.2 -0.5
v 1.2 0.2 -0.5
v 1.3 0.2 -0.5
v 1.4 0.2 -0.5
v 1.5 0.2 -0.5
v 1.6 0.2 -0.5
v 1.7 0.2 -0.5
v 1.1 0.2 -0.6
v 1.2 0.2 -0.6
v 1.3 0.2 -0.6
v 1.4 0.2 -0.6
v 1.5 0.2 -0.6
v 1.6 0.2 -0.6
v 1.7 0.2 -0.6
v -2.4 0.2 -0.9
v -2.1 0.2 -0.9
v 2 0.2 -1
v 2.1 0.2 -1
v 2.1 0.2 -1.1
v 2.2 0.2 -1.1
v 2.2 0.2 -1.2
v 2.3 0.2 -1.2
v -2.4 0.2 -1.3
v -2.1 0.2 -1.3
v 2 0.2 -1.4
v 2.3 0.2 -1.4
v -0.5 0.2 -1.5
v -0.4 0.2 -1.5
v -0.3 0.2 -1.5
v -0.5 0.2 -1.6
v -0.4 0.2 -1.6
v -0.3 0.2 -1.6
v -0.5 0.2 -1.7
v -0.4 0.2 -1.7
v -0.3 0.2 -1.7
v -0.5 0.2 -1.8
v -0.4 0.2 -1.8
v -0.3 0.2 -1.8
v -0.5 0.2 -1.9
v -0.4 0.2 -1.9
v -0.3 0.2 -1.9
v -1.8 0.2 -2
v -0.5 0.2 -2
v -0.4 0.2 -2
v -0.3 0.2 -2
v 1.7 0.2 -2
v -2.4 0.2 -2.1
v -2.1 0.2 -2.1
v 2 0.2 -2.1
v 2.3 0.2 -2.1
v -2.2 0.2 -2.3
v -2.1 0.2 -2.3
v 2 0.2 -2.3
v 2.1 0.2 -2.3
v -2.2 0.2 -2.4
v -2.1 0.2 -2.4
v -0.9 0.2 -2.4
v -0.8 0.2 -2.4
v 2 0.2 -2.4
v 2.1 0.2 -2.4
v -0.9 0.2 -2.5
v -0.8 0.2 -2.5
v -2.4 0.2 -2.6
v 2.3 0.2 -2.6
v 3 0.2 -2.6
v 0.6 0.3 2.2
v 0.7 0.3 2.2
v 0.6 0.3 2.1
v 0.7 0.3 2.1
v 0.2 0.3 1.8
v 0.3 0.3 1.8
v -2.4 0.3 1.7
v -2.1 0.3 1.7
v 0.2 0.3 1.7
v 0.3 0.3 1.7
v 2 0.3 1.7
v 2.3 0.3 1.7
v -2.3 0.3 1.6
v -2.2 0.3 1.6
v 2.1 0.3 1.6
v 2.2 0.3 1.6
v -2.4 0.3 1.5
v -2.3 0.3 1.5
v 2 0.3 1.5
v 2.1 0.3 1.5
v -2.4 0.3 1.4
v -2.3 0.3 1.4
v -2.2 0.3 1.4
v 2 0.3 1.4
v 2.1 0.3 1.4
v 2.2 0.3 1.4
v -2.3 0.3 1.3
v -2.2 0.3 1.3
v -2.1 0.3 1.3
v 2.1 0.3 1.3
v 2.2 0.3 1.3
v -2.4 0.3 1.2
v -2.3 0.3 1.2
v -2.2 0.3 1.2
v -2.1 0.3 1.2
v 2.2 0.3 1.2
v 2.3 0.3 1.2
v -2.4 0.3 1.1
v -2.3 0.3 1.1
v 2.2 0.3 1.1
v 2.3 0.3 1.1
v -2.3 0.3 1
v -2.2 0.3 1
v -2.4 0.3 0.9
v -2.1 0.3 0.9
v 2 0.3 0.9
v 2.1 0.3 0.9
v 2.2 0.3 0.9
v 2.3 0.3 0.9
v -2.4 0.3 0.5
v -2.1 0.3 0.5
v -2.3 0.3 0.4
v -2.2 0.3 0.4
v -2.4 0.3 0.3
v -2.3 0.3 0.3
v -2.4 0.3 0.2
v -2.2 0.3 0.2
v -2.4 0.3 0.0999999
v -2.1 0.3 0.0999999
v -2.4 0.3 -0.5
v -2.1 0.3 -0.5
v -2.3 0.3 -0.6
v -2.2 0.3 -0.6
v -2.3 0.3 -0.8
v -2.2 0.3 -0.8
v -2.4 0.3 -0.9
v -2.1 0.3 -0.9
v -2.4 0.3 -1.3
v -2.1 0.3 -1.3
v -2.3 0.3 -1.4
v -2.2 0.3 -1.4
v 2 0.3 -1.4
v 2.3 0.3 -1.4
v -2.2 0.3 -1.5
v -2.1 0.3 -1.5
v 2.1 0.3 -1.5
v 2.2 0.3 -1.5
v -2.4 0.3 -1.6
v -2.3 0.3 -1.6
v -2.2 0.3 -1.6
v -2.1 0.3 -1.6
v 2.2 0.3 -1.6
v 2.3 0.3 -1.6
v -2.4 0.3 -1.7
v -2.3 0.3 -1.7
v 2.2 0.3 -1.7
v 2.3 0.3 -1.7
v 2 0.3 -1.8
v 2.1 0.3 -1.8
v -2.4 0.3 -1.9
v -2.3 0.3 -1.9
v 2 0.3 -1.9
v 2.1 0.3 -1.9
v 2.2 0.3 -1.9
v 2.3 0.3 -1.9
v -2.4 0.3 -2
v -2.2 0.3 -2
v 2.1 0.3 -2
v 2.3 0.3 -2
v -2.4 0.3 -2.1
v -2.1 0.3 -2.1
v 2 0.3 -2.1
v 2.3 0.3 -2.1
v -0.9 0.3 -2.4
v -0.8 0.3 -2.4
v -0.9 0.3 -2.5
v -0.8 0.3 -2.5
v -2.3 0.4 1.6
v -2.2 0.4 1.6
v 2.1 0.4 1.6
v 2.2 0.4 1.6
v -2.4 0.4 1.5
v -2.3 0.4 1.5
v -2.2 0.4 1.5
v 2 0.4 1.5
v 2.1 0.4 1.5
v 2.2 0.4 1.5
v -2.4 0.4 1.4
v -2.3 0.4 1.4
v 2 0.4 1.4
v 2.1 0.4 1.4
v -2.3 0.4 1.3
v -2.1 0.4 1.3
v 2.1 0.4 1.3
v 2.2 0.4 1.3
v -2.4 0.4 1.2
v -2.3 0.4 1.2
v -2.2 0.4 1.2
v -2.1 0.4 1.2
v 2.1 0.4 1.2
v 2.2 0.4 1.2
v 2.3 0.4 1.2
v -2.4 0.4 1.1
v -2.3 0.4 1.1
v 2.1 0.4 1.1
v 2.2 0.4 1.1
v 2.3 0.4 1.1
v 2.1 0.4 0.9
v 2.2 0.4 0.9
v -2.3 0.4 0.4
v -2.2 0.4 0.4
v -2.4 0.4 0.3
v -2.3 0.4 0.3
v -2.4 0.4 0.2
v -2.2 0.4 0.2
v -2.3 0.4 -0.7
v -2.2 0.4 -0.7
v -2.3 0.4 -0.8
v -2.2 0.4 -0.8
v -2.3 0.4 -1.4
v -2.2 0.4 -1.4
v -2.3 0.4 -1.5
v -2.2 0.4 -1.5
v -2.1 0.4 -1.5
v 2.1 0.4 -1.5
v 2.2 0.4 -1.5
v -2.4 0.4 -1.6
v -2.3 0.4 -1.6
v -2.2 0.4 -1.6
v -2.1 0.4 -1.6
v 2.1 0.4 -1.6
v 2.2 0.4 -1.6
v 2.3 0.4 -1.6
v -2.4 0.4 -1.7
v -2.3 0.4 -1.7
v -2.2 0.4 -1.7
v 2.2 0.4 -1.7
v 2.3 0.4 -1.7
v -2.3 0.4 -1.8
v -2.2 0.4 -1.8
v 2 0.4 -1.8
v 2.1 0.4 -1.8
v 2.2 0.4 -1.8
v -2.4 0.4 -1.9
v -2.3 0.4 -1.9
v -2.2 0.4 -1.9
v 2 0.4 -1.9
v 2.1 0.4 -1.9
v 2.2 0.4 -1.9
v 2.3 0.4 -1.9
v -2.4 0.4 -2
v -2.2 0.4 -2
v 2.1 0.4 -2
v 2.3 0.4 -2
v -2.3 0.5 1.5
v -2.2 0.5 1.5
v 2.1 0.5 1.5
v 2.2 0.5 1.5
v -2.3 0.5 1.4
v -2.2 0.5 1.4
v 2.1 0.5 1.4
v 2.2 0.5 1.4
v -2.3 0.5 1.2
v -2.2 0.5 1.2
v 2.1 0.5 1.2
v 2.2 0.5 1.2
v 2.1 0.5 1.1
v 2.2 0.5 1.1
v -2.3 0.5 1
v -2.2 0.5 1
v -2.3 0.5 -0.6
v -2.2 0.5 -0.6
v -2.3 0.5 -0.7
v -2.2 0.5 -0.7
v -2.3 0.5 -1.5
v -2.2 0.5 -1.5
v 2.1 0.5 -1.6
v 2.2 0.5 -1.6
v -2.3 0.5 -1.7
v -2.2 0.5 -1.7
v -2.3 0.5 -1.8
v -2.2 0.5 -1.8
v 2.1 0.5 -1.8
v 2.2 0.5 -1.8
v -2.3 0.5 -1.9
v -2.2 0.5 -1.9
v -2.1 1.2 1.9
v -2 1.2 1.9
v -1.9 1.2 1.9
v -1.8 1.2 1.9
v -1.7 1.2 1.9
v -1.6 1.2 1.9
v -1.5 1.2 1.9
v -1.4 1.2 1.9
v -1.3 1.2 1.9
v -1.2 1.2 1.9
v -1.1 1.2 1.9
v -1 1.2 1.9
v -0.9 1.2 1.9
v -0.8 1.2 1.9
v -0.7 1.2 1.9
v -0.6 1.2 1.9
v -0.5 1.2 1.9
v -0.4 1.2 1.9
v -0.3 1.2 1.9
v -0.2 1.2 1.9
v -0.0999999 1.2 1.9
v 0 1.2 1.9
v 0.1 1.2 1.9
v 0.2 1.2 1.9
v 0.3 1.2 1.9
v 0.4 1.2 1.9
v 0.5 1.2 1.9
v 0.6 1.2 1.9
v 0.7 1.2 1.9
v 0.8 1.2 1.9
v 0.9 1.2 1.9
v 1 1.2 1.9
v 1.1 1.2 1.9
v 1.2 1.2 1.9
v 1.3 1.2 1.9
v 1.4 1.2 1.9
v 1.5 1.2 1.9
v 1.6 1.2 1.9
v 1.7 1.2 1.9
v 1.8 1.2 1.9
v 1.9 1.2 1.9
v 2 1.2 1.9
v -2.1 1.2 1.8
v -2 1.2 1.8
v -1.9 1.2 1.8
v -1.8 1.2 1.8
v -1.7 1.2 1.8
v -1.6 1.2 1.8
v -1.5 1.2 1.8
v -1.4 1.2 1.8
v -1.3 1.2 1.8
v -1.2 1.2 1.8
v -1.1 1.2 1.8
v -1 1.2 1.8
v -0.9 1.2 1.8
v -0.8 1.2 1.8
v -0.7 1.2 1.8
v -0.6 1.2 1.8
v -0.5 1.2 1.8
v -0.4 1.2 1.8
v -0.3 1.2 1.8
v -0.2 1.2 1.8
v -0.0999999 1.2 1.8
v 0 1.2 1.8
v 0.1 1.2 1.8
v 0.2 1.2 1.8
v 0.3 1.2 1.8
v 0.4 1.2 1.8
v 0.5 1.2 1.8
v 0.6 1.2 1.8
v 0.7 1.2 1.8
v 0.8 1.2 1.8
v 0.9 1.2 1.8
v 1 1.2 1.8
v 1.1 1.2 1.8
v 1.2 1.2 1.8
v 1.3 1.2 1.8
v 1.4 1.2 1.8
v 1.5 1.2 1.8
v 1.6 1.2 1.8
v 1.7 1.2 1.8
v 1.8 1.2 1.8
v 1.9 1.2 1.8
v 2 1.2 1.8
v -2.1 1.2 1.7
v -2 1.2 1.7
v -1.9 1.2 1.7
v -1.8 1.2 1.7
v -1.7 1.2 1.7
v -1.6 1.2 1.7
v -1.5 1.2 1.7
v -1.4 1.2 1.7
v -1.3 1.2 1.7
v -1.2 1.2 1.7
v -1.1 1.2 1.7
v -1 1.2 1.7
v -0.9 1.2 1.7
v -0.8 1.2 1.7
v -0.7 1.2 1.7
v -0.6 1.2 1.7
v -0.5 1.2 1.7
v -0.4 1.2 1.7
v -0.3 1.2 1.7
v -0.2 1.2 1.7
v -0.0999999 1.2 1.7
v 0 1.2 1.7
v 0.1 1.2 1.7
v 0.2 1.2 1.7
v 0.3 1.2 1.7
v 0.4 1.2 1.7
v 0.5 1.2 1.7
v 0.6 1.2 1.7
v 0.7 1.2 1.7
v 0.8 1.2 1.7
v 0.9 1.2 1.7
v 1.2 1.2 1.7
v 1.3 1.2 1.7
v 1.6 1.2 1.7
v 1.7 1.2 1.7
v 1.8 1.2 1.7
v 1.9 1.2 1.7
v 2 1.2 1.7
v -2.1 1.2 1.6
v -2 1.2 1.6
v -1.9 1.2 1.6
v 0.3 1.2 1.6
v 0.4 1.2 1.6
v 0.5 1.2 1.6
v 0.6 1.2 1.6
v 0.7 1.2 1.6
v 0.8 1.2 1.6
v 0.9 1.2 1.6
v 1.2 1.2 1.6
v 1.3 1.2 1.6
v 1.6 1.2 1.6
v 1.7 1.2 1.6
v 1.8 1.2 1.6
v 1.9 1.2 1.6
v 2 1.2 1.6
v -2.1 1.2 1.5
v -2 1.2 1.5
v -1.9 1.2 1.5
v 0.3 1.2 1.5
v 0.4 1.2 1.5
v 0.5 1.2 1.5
v 0.6 1.2 1.5
v 0.7 1.2 1.5
v 0.8 1.2 1.5
v 1.7 1.2 1.5
v 1.8 1.2 1.5
v 1.9 1.2 1.5
v 2 1.2 1.5
v -2.1 1.2 1.4
v -2 1.2 1.4
v -1.9 1.2 1.4
v 0.3 1.2 1.4
v 0.4 1.2 1.4
v 0.5 1.2 1.4
v 0.6 1.2 1.4
v 0.7 1.2 1.4
v 0.8 1.2 1.4
v 1.7 1.2 1.4
v 1.8 1.2 1.4
v 1.9 1.2 1.4
v 2 1.2 1.4
v -2.1 1.2 1.3
v -2 1.2 1.3
v -1.9 1.2 1.3
v 0.3 1.2 1.3
v 0.4 1.2 1.3
v 0.5 1.2 1.3
v 0.6 1.2 1.3
v 1.9 1.2 1.3
v 2 1.2 1.3
v -2.1 1.2 1.2
v -2 1.2 1.2
v -1.9 1.2 1.2
v 0.3 1.2 1.2
v 0.4 1.2 1.2
v 0.5 1.2 1.2
v 0.6 1.2 1.2
v 1.9 1.2 1.2
v 2 1.2 1.2
v -2.1 1.2 1.1
v -2 1.2 1.1
v -1.9 1.2 1.1
v 0.3 1.2 1.1
v 0.4 1.2 1.1
v 0.5 1.2 1.1
v 0.6 1.2 1.1
v 1.9 1.2 1.1
v 2 1.2 1.1
v -2.1 1.2 1
v -2 1.2 1
v -1.9 1.2 1
v 0.3 1.2 1
v 0.4 1.2 1
v 0.5 1.2 1
v 0.6 1.2 1
v 0.7 1.2 1
v 0.8 1.2 1
v 1.7 1.2 1
v 1.8 1.2 1
v 1.9 1.2 1
v 2 1.2 1
v -2.1 1.2 0.9
v -2 1.2 0.9
v -1.9 1.2 0.9
v 0.2 1.2 0.9
v 0.3 1.2 0.9
v 0.4 1.2 0.9
v 0.5 1.2 0.9
v 0.6 1.2 0.9
v 0.7 1.2 0.9
v 0.8 1.2 0.9
v 1.7 1.2 0.9
v 1.8 1.2 0.9
v 1.9 1.2 0.9
v 2 1.2 0.9
v -2.1 1.2 0.8
v -2 1.2 0.8
v -1.9 1.2 0.8
v 0.2 1.2 0.8
v 0.3 1.2 0.8
v 0.4 1.2 0.8
v 0.5 1.2 0.8
v 0.6 1.2 0.8
v 0.7 1.2 0.8
v 0.8 1.2 0.8
v 0.9 1.2 0.8
v 1.2 1.2 0.8
v 1.3 1.2 0.8
v 1.6 1.2 0.8
v 1.7 1.2 0.8
v 1.8 1.2 0.8
v 1.9 1.2 0.8
v 2 1.2 0.8
v -2.1 1.2 0.7
v -2 1.2 0.7
v -1.9 1.2 0.7
v 0.2 1.2 0.7
v 0.3 1.2 0.7
v 0.4 1.2 0.7
v 0.5 1.2 0.7
v 0.6 1.2 0.7
v 0.7 1.2 0.7
v 0.8 1.2 0.7
v 0.9 1.2 0.7
v 1.2 1.2 0.7
v 1.3 1.2 0.7
v 1.6 1.2 0.7
v 1.7 1.2 0.7
v 1.8 1.2 0.7
v 1.9 1.2 0.7
v 2 1.2 0.7
v -2.1 1.2 0.6
v -2 1.2 0.6
v -1.9 1.2 0.6
v 0.3 1.2 0.6
v 0.4 1.2 0.6
v 0.5 1.2 0.6
v 0.6 1.2 0.6
v 0.7 1.2 0.6
v 0.8 1.2 0.6
v 0.9 1.2 0.6
v 1 1.2 0.6
v 1.1 1.2 0.6
v 1.2 1.2 0.6
v 1.3 1.2 0.6
v 1.4 1.2 0.6
v 1.5 1.2 0.6
v 1.6 1.2 0.6
v 1.7 1.2 0.6
v 1.8 1.2 0.6
v 1.9 1.2 0.6
v 2 1.2 0.6
v -2.1 1.2 0.5
v -2 1.2 0.5
v -1.9 1.2 0.5
v 0.3 1.2 0.5
v 0.4 1.2 0.5
v 0.5 1.2 0.5
v 0.6 1.2 0.5
v 0.7 1.2 0.5
v 0.8 1.2 0.5
v 0.9 1.2 0.5
v 1 1.2 0.5
v 1.1 1.2 0.5
v 1.2 1.2 0.5
v 1.3 1.2 0.5
v 1.4 1.2 0.5
v 1.5 1.2 0.5
v 1.6 1.2 0.5
v 1.7 1.2 0.5
v 1.8 1.2 0.5
v 1.9 1.2 0.5
v 2 1.2 0.5
v -2.1 1.2 0.4
v -2 1.2 0.4
v -1.9 1.2 0.4
v 0.3 1.2 0.4
v 0.4 1.2 0.4
v 0.5 1.2 0.4
v 0.6 1.2 0.4
v 0.7 1.2 0.4
v 0.8 1.2 0.4
v 0.9 1.2 0.4
v 1 1.2 0.4
v 1.1 1.2 0.4
v 1.2 1.2 0.4
v 1.3 1.2 0.4
v 1.4 1.2 0.4
v 1.5 1.2 0.4
v 1.6 1.2 0.4
v 1.7 1.2 0.4
v 1.8 1.2 0.4
v 1.9 1.2 0.4
v 2 1.2 0.4
v -2.1 1.2 0.3
v -2 1.2 0.3
v -1.9 1.2 0.3
v 0.3 1.2 0.3
v 0.4 1.2 0.3
v 0.5 1.2 0.3
v 0.6 1.2 0.3
v 0.7 1.2 0.3
v 0.8 1.2 0.3
v 0.9 1.2 0.3
v 1 1.2 0.3
v 1.1 1.2 0.3
v 1.2 1.2 0.3
v 1.3 1.2 0.3
v 1.4 1.2 0.3
v 1.5 1.2 0.3
v 1.6 1.2 0.3
v 1.7 1.2 0.3
v 1.8 1.2 0.3
v 1.9 1.2 0.3
v 2 1.2 0.3
v -2.1 1.2 0.2
v -2 1.2 0.2
v -1.9 1.2 0.2
v 0.3 1.2 0.2
v 0.4 1.2 0.2
v 0.5 1.2 0.2
v 0.6 1.2 0.2
v 0.7 1.2 0.2
v 0.8 1.2 0.2
v 0.9 1.2 0.2
v 1 1.2 0.2
v 1.1 1.2 0.2
v 1.2 1.2 0.2
v 1.3 1.2 0.2
v 1.4 1.2 0.2
v 1.5 1.2 0.2
v 1.6 1.2 0.2
v 1.7 1.2 0.2
v 1.8 1.2 0.2
v 1.9 1.2 0.2
v 2 1.2 0.2
v -2.1 1.2 0.0999999
v -2 1.2 0.0999999
v -1.9 1.2 0.0999999
v 0.3 1.2 0.0999999
v 0.4 1.2 0.0999999
v 0.5 1.2 0.0999999
v 0.6 1.2 0.0999999
v 0.7 1.2 0.0999999
v 0.8 1.2 0.0999999
v 0.9 1.2 0.0999999
v 1 1.2 0.0999999
v 1.1 1.2 0.0999999
v 1.2 1.2 0.0999999
v 1.3 1.2 0.0999999
v 1.4 1.2 0.0999999
v 1.5 1.2 0.0999999
v 1.6 1.2 0.0999999
v 1.7 1.2 0.0999999
v 1.8 1.2 0.0999999
v 1.9 1.2 0.0999999
v 2 1.2 0.0999999
v -2.1 1.2 0
v -2 1.2 0
v -1.9 1.2 0
v 0.3 1.2 0
v 0.4 1.2 0
v 0.5 1.2 0
v 0.6 1.2 0
v 0.7 1.2 0
v 0.8 1.2 0
v 0.9 1.2 0
v 1 1.2 0
v 1.1 1.2 0
v 1.2 1.2 0
v 1.3 1.2 0
v 1.4 1.2 0
v 1.5 1.2 0
v 1.6 1.2 0
v 1.7 1.2 0
v 1.8 1.2 0
v 1.9 1.2 0
v 2 1.2 0
v -2.1 1.2 -0.0999999
v -2 1.2 -0.0999999
v -1.9 1.2 -0.0999999
v 0.3 1.2 -0.0999999
v 0.4 1.2 -0.0999999
v 0.5 1.2 -0.0999999
v 0.6 1.2 -0.0999999
v 0.7 1.2 -0.0999999
v 0.8 1.2 -0.0999999
v 0.9 1.2 -0.0999999
v 1 1.2 -0.0999999
v 1.1 1.2 -0.0999999
v 1.2 1.2 -0.0999999
v 1.3 1.2 -0.0999999
v 1.4 1.2 -0.0999999
v 1.5 1.2 -0.0999999
v 1.6 1.2 -0.0999999
v 1.7 1.2 -0.0999999
v 1.8 1.2 -0.0999999
v 1.9 1.2 -0.0999999
v 2 1.2 -0.0999999
v -2.1 1.2 -0.2
v -2 1.2 -0.2
v -1.9 1.2 -0.2
v 0.3 1.2 -0.2
v 0.4 1.2 -0.2
v 0.5 1.2 -0.2
v 0.6 1.2 -0.2
v 0.7 1.2 -0.2
v 0.8 1.2 -0.2
v 0.9 1.2 -0.2
v 1 1.2 -0.2
v 1.1 1.2 -0.2
v 1.2 1.2 -0.2
v 1.3 1.2 -0.2
v 1.4 1.2 -0.2
v 1.5 1.2 -0.2
v 1.6 1.2 -0.2
v 1.7 1.2 -0.2
v 1.8 1.2 -0.2
v 1.9 1.2 -0.2
v 2 1.2 -0.2
v -2.1 1.2 -0.3
v -2 1.2 -0.3
v -1.9 1.2 -0.3
v 0.3 1.2 -0.3
v 0.4 1.2 -0.3
v 0.5 1.2 -0.3
v 0.6 1.2 -0.3
v 0.7 1.2 -0.3
v 0.8 1.2 -0.3
v 0.9 1.2 -0.3
v 1 1.2 -0.3
v 1.1 1.2 -0.3
v 1.2 1.2 -0.3
v 1.3 1.2 -0.3
v 1.4 1.2 -0.3
v 1.5 1.2 -0.3
v 1.6 1.2 -0.3
v 1.7 1.2 -0.3
v 1.8 1.2 -0.3
v 1.9 1.2 -0.3
v 2 1.2 -0.3
v -2.1 1.2 -0.4
v -2 1.2 -0.4
v -1.9 1.2 -0.4
v 0.3 1.2 -0.4
v 0.4 1.2 -0.4
v 0.5 1.2 -0.4
v 0.6 1.2 -0.4
v 0.7 1.2 -0.4
v 0.8 1.2 -0.4
v 0.9 1.2 -0.4
v 1 1.2 -0.4
v 1.1 1.2 -0.4
v 1.2 1.2 -0.4
v 1.3 1.2 -0.4
v 1.4 1.2 -0.4
v 1.5 1.2 -0.4
v 1.6 1.2 -0.4
v 1.7 1.2 -0.4
v 1.8 1.2 -0.4
v 1.9 1.2 -0.4
v 2 1.2 -0.4
v -2.1 1.2 -0.5
v -2 1.2 -0.5
v -1.9 1.2 -0.5
v 0.3 1.2 -0.5
v 0.4 1.2 -0.5
v 0.5 1.2 -0.5
v 0.6 1.2 -0.5
v 0.7 1.2 -0.5
v 0.8 1.2 -0.5
v 0.9 1.2 -0.5
v 1 1.2 -0.5
v 1.1 1.2 -0.5
v 1.2 1.2 -0.5
v 1.3 1.2 -0.5
v 1.4 1.2 -0.5
v 1.5 1.2 -0.5
v 1.6 1.2 -0.5
v 1.7 1.2 -0.5
v 1.8 1.2 -0.5
v 1.9 1.2 -0.5
v 2 1.2 -0.5
v -2.1 1.2 -0.6
v -2 1.2 -0.6
v -1.9 1.2 -0.6
v 0.3 1.2 -0.6
v 0.4 1.2 -0.6
v 0.5 1.2 -0.6
v 0.6 1.2 -0.6
v 1.8 1.2 -0.6
v 1.9 1.2 -0.6
v 2 1.2 -0.6
v -2.1 1.2 -0.7
v -2 1.2 -0.7
v -1.9 1.2 -0.7
v 0.3 1.2 -0.7
v 0.4 1.2 -0.7
v 0.5 1.2 -0.7
v 0.6 1.2 -0.7
v 0.7 1.2 -0.7
v 1.8 1.2 -0.7
v 1.9 1.2 -0.7
v 2 1.2 -0.7
v -2.1 1.2 -0.8
v -2 1.2 -0.8
v -1.9 1.2 -0.8
v 0.3 1.2 -0.8
v 0.4 1.2 -0.8
v 0.5 1.2 -0.8
v 0.6 1.2 -0.8
v 0.7 1.2 -0.8
v 1.8 1.2 -0.8
v 1.9 1.2 -0.8
v 2 1.2 -0.8
v -2.1 1.2 -0.9
v -2 1.2 -0.9
v -1.9 1.2 -0.9
v -0.6 1.2 -0.9
v -0.5 1.2 -0.9
v -0.4 1.2 -0.9
v -0.3 1.2 -0.9
v -0.2 1.2 -0.9
v 0.3 1.2 -0.9
v 0.4 1.2 -0.9
v 0.5 1.2 -0.9
v 0.6 1.2 -0.9
v 1.8 1.2 -0.9
v 1.9 1.2 -0.9
v 2 1.2 -0.9
v -2.1 1.2 -1
v -2 1.2 -1
v -1.9 1.2 -1
v -0.6 1.2 -1
v -0.5 1.2 -1
v -0.4 1.2 -1
v -0.3 1.2 -1
v -0.2 1.2 -1
v 0.3 1.2 -1
v 0.4 1.2 -1
v 0.5 1.2 -1
v 0.6 1.2 -1
v 1.8 1.2 -1
v 1.9 1.2 -1
v 2 1.2 -1
v -2.1 1.2 -1.1
v -2 1.2 -1.1
v -1.9 1.2 -1.1
v -0.6 1.2 -1.1
v -0.5 1.2 -1.1
v -0.4 1.2 -1.1
v -0.3 1.2 -1.1
v -0.2 1.2 -1.1
v 0.3 1.2 -1.1
v 0.4 1.2 -1.1
v 0.5 1.2 -1.1
v 0.6 1.2 -1.1
v 1.8 1.2 -1.1
v 1.9 1.2 -1.1
v 2 1.2 -1.1
v -2.1 1.2 -1.2
v -2 1.2 -1.2
v -1.9 1.2 -1.2
v -0.6 1.2 -1.2
v -0.5 1.2 -1.2
v -0.4 1.2 -1.2
v -0.3 1.2 -1.2
v -0.2 1.2 -1.2
v 0.3 1.2 -1.2
v 0.4 1.2 -1.2
v 0.5 1.2 -1.2
v 0.6 1.2 -1.2
v 0.7 1.2 -1.2
v 0.8 1.2 -1.2
v 0.9 1.2 -1.2
v 1 1.2 -1.2
v 1.1 1.2 -1.2
v 1.2 1.2 -1.2
v 1.3 1.2 -1.2
v 1.4 1.2 -1.2
v 1.5 1.2 -1.2
v 1.6 1.2 -1.2
v 1.7 1.2 -1.2
v 1.8 1.2 -1.2
v 1.9 1.2 -1.2
v 2 1.2 -1.2
v -2.1 1.2 -1.3
v -2 1.2 -1.3
v -1.9 1.2 -1.3
v -0.6 1.2 -1.3
v -0.5 1.2 -1.3
v -0.4 1.2 -1.3
v -0.3 1.2 -1.3
v -0.2 1.2 -1.3
v 0.3 1.2 -1.3
v 0.4 1.2 -1.3
v 0.5 1.2 -1.3
v 0.6 1.2 -1.3
v 0.7 1.2 -1.3
v 0.8 1.2 -1.3
v 0.9 1.2 -1.3
v 1 1.2 -1.3
v 1.1 1.2 -1.3
v 1.2 1.2 -1.3
v 1.3 1.2 -1.3
v 1.4 1.2 -1.3
v 1.5 1.2 -1.3
v 1.6 1.2 -1.3
v 1.7 1.2 -1.3
v 1.8 1.2 -1.3
v 1.9 1.2 -1.3
v 2 1.2 -1.3
v -2.1 1.2 -1.4
v -2 1.2 -1.4
v -1.9 1.2 -1.4
v -1.8 1.2 -1.4
v -1.7 1.2 -1.4
v -1.6 1.2 -1.4
v -1.5 1.2 -1.4
v -1.4 1.2 -1.4
v -1.3 1.2 -1.4
v -1.2 1.2 -1.4
v -1.1 1.2 -1.4
v -1 1.2 -1.4
v -0.9 1.2 -1.4
v -0.8 1.2 -1.4
v -0.7 1.2 -1.4
v -0.6 1.2 -1.4
v -0.5 1.2 -1.4
v -0.4 1.2 -1.4
v -0.3 1.2 -1.4
v -0.2 1.2 -1.4
v -0.0999999 1.2 -1.4
v 0 1.2 -1.4
v 0.1 1.2 -1.4
v 0.2 1.2 -1.4
v 0.3 1.2 -1.4
v 0.4 1.2 -1.4
v 0.5 1.2 -1.4
v 0.6 1.2 -1.4
v 0.7 1.2 -1.4
v 0.8 1.2 -1.4
v 0.9 1.2 -1.4
v 1 1.2 -1.4
v 1.1 1.2 -1.4
v 1.2 1.2 -1.4
v 1.3 1.2 -1.4
v 1.4 1.2 -1.4
v 1.5 1.2 -1.4
v 1.6 1.2 -1.4
v 1.7 1.2 -1.4
v 1.8 1.2 -1.4
v 1.9 1.2 -1.4
v 2 1.2 -1.4
v -2.1 1.2 -1.5
v -2 1.2 -1.5
v -1.9 1.2 -1.5
v -1.8 1.2 -1.5
v -1.7 1.2 -1.5
v -1.6 1.2 -1.5
v -1.5 1.2 -1.5
v -1.4 1.2 -1.5
v -1.3 1.2 -1.5
v -1.2 1.2 -1.5
v -1.1 1.2 -1.5
v -1 1.2 -1.5
v -0.9 1.2 -1.5
v -0.8 1.2 -1.5
v -0.7 1.2 -1.5
v -0.6 1.2 -1.5
v -0.5 1.2 -1.5
v -0.4 1.2 -1.5
v -0.3 1.2 -1.5
v -0.2 1.2 -1.5
v -0.0999999 1.2 -1.5
v 0 1.2 -1.5
v 0.1 1.2 -1.5
v 0.2 1.2 -1.5
v 0.3 1.2 -1.5
v 0.4 1.2 -1.5
v 0.5 1.2 -1.5
v 0.6 1.2 -1.5
v 1.8 1.2 -1.5
v 1.9 1.2 -1.5
v 2 1.2 -1.5
v -2.1 1.2 -1.6
v -2 1.2 -1.6
v -1.9 1.2 -1.6
v -1.8 1.2 -1.6
v -1.7 1.2 -1.6
v -1.6 1.2 -1.6
v -1.5 1.2 -1.6
v -1.4 1.2 -1.6
v -1.3 1.2 -1.6
v -1.2 1.2 -1.6
v -1.1 1.2 -1.6
v -1 1.2 -1.6
v -0.9 1.2 -1.6
v -0.8 1.2 -1.6
v -0.7 1.2 -1.6
v -0.6 1.2 -1.6
v -0.5 1.2 -1.6
v -0.4 1.2 -1.6
v -0.3 1.2 -1.6
v -0.2 1.2 -1.6
v -0.0999999 1.2 -1.6
v 0 1.2 -1.6
v 0.1 1.2 -1.6
v 0.2 1.2 -1.6
v 0.3 1.2 -1.6
v 0.4 1.2 -1.6
v 0.5 1.2 -1.6
v 0.6 1.2 -1.6
v 1.8 1.2 -1.6
v 1.9 1.2 -1.6
v 2 1.2 -1.6
v -2.1 1.2 -1.7
v -2 1.2 -1.7
v -1.9 1.2 -1.7
v -1.8 1.2 -1.7
v -1.7 1.2 -1.7
v -1.6 1.2 -1.7
v -1.5 1.2 -1.7
v -1.4 1.2 -1.7
v -1.3 1.2 -1.7
v -1.2 1.2 -1.7
v -1.1 1.2 -1.7
v -1 1.2 -1.7
v -0.9 1.2 -1.7
v -0.8 1.2 -1.7
v -0.7 1.2 -1.7
v -0.6 1.2 -1.7
v -0.5 1.2 -1.7
v -0.4 1.2 -1.7
v -0.3 1.2 -1.7
v -0.2 1.2 -1.7
v -0.0999999 1.2 -1.7
v 0 1.2 -1.7
v 0.1 1.2 -1.7
v 0.2 1.2 -1.7
v 0.3 1.2 -1.7
v 0.4 1.2 -1.7
v 0.5 1.2 -1.7
v 0.6 1.2 -1.7
v 1.8 1.2 -1.7
v 1.9 1.2 -1.7
v 2 1.2 -1.7
v -2.1 1.2 -1.8
v -2 1.2 -1.8
v -1.9 1.2 -1.8
v -1.8 1.2 -1.8
v -1.7 1.2 -1.8
v -1.6 1.2 -1.8
v -1.5 1.2 -1.8
v -1.4 1.2 -1.8
v -1.3 1.2 -1.8
v -1.2 1.2 -1.8
v -1.1 1.2 -1.8
v -1 1.2 -1.8
v -0.9 1.2 -1.8
v -0.8 1.2 -1.8
v -0.7 1.2 -1.8
v -0.6 1.2 -1.8
v -0.5 1.2 -1.8
v -0.4 1.2 -1.8
v -0.3 1.2 -1.8
v -0.2 1.2 -1.8
v -0.0999999 1.2 -1.8
v 0 1.2 -1.8
v 0.1 1.2 -1.8
v 0.2 1.2 -1.8
v 0.3 1.2 -1.8
v 0.4 1.2 -1.8
v 0.5 1.2 -1.8
v 0.6 1.2 -1.8
v 1.8 1.2 -1.8
v 1.9 1.2 -1.8
v 2 1.2 -1.8
v -2.1 1.2 -1.9
v -2 1.2 -1.9
v -1.9 1.2 -1.9
v -1.8 1.2 -1.9
v -1.7 1.2 -1.9
v -1.6 1.2 -1.9
v -1.5 1.2 -1.9
v -1.4 1.2 -1.9
v -1.3 1.2 -1.9
v -1.2 1.2 -1.9
v -1.1 1.2 -1.9
v -1 1.2 -1.9
v -0.9 1.2 -1.9
v -0.8 1.2 -1.9
v -0.7 1.2 -1.9
v -0.6 1.2 -1.9
v -0.5 1.2 -1.9
v -0.4 1.2 -1.9
v -0.3 1.2 -1.9
v -0.2 1.2 -1.9
v -0.0999999 1.2 -1.9
v 0 1.2 -1.9
v 0.1 1.2 -1.9
v 0.2 1.2 -1.9
v 0.3 1.2 -1.9
v 0.4 1.2 -1.9
v 0.5 1.2 -1.9
v 0.6 1.2 -1.9
v 1.8 1.2 -1.9
v 1.9 1.2 -1.9
v 2 1.2 -1.9
v -2.1 1.2 -2
v -2 1.2 -2
v -1.9 1.2 -2
v -1.8 1.2 -2
v -1.7 1.2 -2
v -1.6 1.2 -2
v -1.5 1.2 -2
v -1.4 1.2 -2
v -1.3 1.2 -2
v -1.2 1.2 -2
v -1.1 1.2 -2
v -1 1.2 -2
v -0.9 1.2 -2
v -0.8 1.2 -2
v -0.7 1.2 -2
v -0.6 1.2 -2
v -0.5 1.2 -2
v -0.4 1.2 -2
v -0.3 1.2 -2
v -0.2 1.2 -2
v -0.0999999 1.2 -2
v 0 1.2 -2
v 0.1 1.2 -2
v 0.2 1.2 -2
v 0.3 1.2 -2
v 0.4 1.2 -2
v 0.5 1.2 -2
v 0.6 1.2 -2
v 1.8 1.2 -2
v 1.9 1.2 -2
v 2 1.2 -2
v -2.1 1.2 -2.1
v -2 1.2 -2.1
v -1.9 1.2 -2.1
v -1.8 1.2 -2.1
v -1.7 1.2 -2.1
v -1.6 1.2 -2.1
v -1.5 1.2 -2.1
v -1.4 1.2 -2.1
v -1.3 1.2 -2.1
v -1.2 1.2 -2.1
v -1.1 1.2 -2.1
v -1 1.2 -2.1
v -0.9 1.2 -2.1
v -0.8 1.2 -2.1
v -0.7 1.2 -2.1
v -0.6 1.2 -2.1
v -0.5 1.2 -2.1
v -0.4 1.2 -2.1
v -0.3 1.2 -2.1
v -0.2 1.2 -2.1
v -0.0999999 1.2 -2.1
v 0 1.2 -2.1
v 0.1 1.2 -2.1
v 0.2 1.2 -2.1
v 0.3 1.2 -2.1
v 0.4 1.2 -2.1
v 0.5 1.2 -2.1
v 0.6 1.2 -2.1
v 0.7 1.2 -2.1
v 0.8 1.2 -2.1
v 0.9 1.2 -2.1
v 1 1.2 -2.1
v 1.1 1.2 -2.1
v 1.2 1.2 -2.1
v 1.3 1.2 -2.1
v 1.4 1.2 -2.1
v 1.5 1.2 -2.1
v 1.6 1.2 -2.1
v 1.7 1.2 -2.1
v 1.8 1.2 -2.1
v 1.9 1.2 -2.1
v 2 1.2 -2.1
v -2.1 1.2 -2.2
v -2 1.2 -2.2
v -1.9 1.2 -2.2
v -1.8 1.2 -2.2
v -1.7 1.2 -2.2
v -1.6 1.2 -2.2
v -1.5 1.2 -2.2
v -1.4 1.2 -2.2
v -1.3 1.2 -2.2
v -1.2 1.2 -2.2
v -1.1 1.2 -2.2
v -1 1.2 -2.2
v -0.9 1.2 -2.2
v -0.8 1.2 -2.2
v -0.7 1.2 -2.2
v -0.6 1.2 -2.2
v -0.5 1.2 -2.2
v -0.4 1.2 -2.2
v -0.3 1.2 -2.2
v -0.2 1.2 -2.2
v -0.0999999 1.2 -2.2
v 0 1.2 -2.2
v 0.1 1.2 -2.2
v 0.2 1.2 -2.2
v 0.3 1.2 -2.2
v 0.4 1.2 -2.2
v 0.5 1.2 -2.2
v 0.6 1.2 -2.2
v 0.7 1.2 -2.2
v 0.8 1.2 -2.2
v 0.9 1.2 -2.2
v 1 1.2 -2.2
v 1.1 1.2 -2.2
v 1.2 1.2 -2.2
v 1.3 1.2 -2.2
v 1.4 1.2 -2.2
v 1.5 1.2 -2.2
v 1.6 1.2 -2.2
v 1.7 1.2 -2.2
v 1.8 1.2 -2.2
v 1.9 1.2 -2.2
v 2 1.2 -2.2
v -2.1 1.2 -2.3
v -2 1.2 -2.3
v -1.9 1.2 -2.3
v -1.8 1.2 -2.3
v -1.7 1.2 -2.3
v -1.6 1.2 -2.3
v -1.5 1.2 -2.3
v -1.4 1.2 -2.3
v -1.3 1.2 -2.3
v -1.2 1.2 -2.3
v -1.1 1.2 -2.3
v -1 1.2 -2.3
v -0.9 1.2 -2.3
v -0.8 1.2 -2.3
v -0.7 1.2 -2.3
v -0.6 1.2 -2.3
v -0.5 1.2 -2.3
v -0.4 1.2 -2.3
v -0.3 1.2 -2.3
v -0.2 1.2 -2.3
v -0.0999999 1.2 -2.3
v 0 1.2 -2.3
v 0.1 1.2 -2.3
v 0.2 1.2 -2.3
v 0.3 1.2 -2.3
v 0.4 1.2 -2.3
v 0.5 1.2 -2.3
v 0.6 1.2 -2.3
v 0.7 1.2 -2.3
v 0.8 1.2 -2.3
v 0.9 1.2 -2.3
v 1 1.2 -2.3
v 1.1 1.2 -2.3
v 1.2 1.2 -2.3
v 1.3 1.2 -2.3
v 1.4 1.2 -2.3
v 1.5 1.2 -2.3
v 1.6 1.2 -2.3
v 1.7 1.2 -2.3
v 1.8 1.2 -2.3
v 1.9 1.2 -2.3
v 2 1.2 -2.3
v -2.2 1.3 2
v 2.1 1.3 2
v -2.1 1.3 1.9
v 2 1.3 1.9
v 0.9 1.3 1.8
v 1.2 1.3 1.8
v 1.3 1.3 1.8
v 1.6 1.3 1.8
v -1.9 1.3 1.7
v 0.3 1.3 1.7
v 0.9 1.3 1.7
v 1.2 1.3 1.7
v 1.3 1.3 1.7
v 1.6 1.3 1.7
v -1.8 1.3 1.6
v -1.6 1.3 1.6
v -1.1 1.3 1.6
v -0.9 1.3 1.6
v -0.7 1.3 1.6
v -0.5 1.3 1.6
v 0 1.3 1.6
v 0.2 1.3 1.6
v 0.8 1.3 1.6
v 0.9 1.3 1.6
v 1.2 1.3 1.6
v 1.3 1.3 1.6
v 1.6 1.3 1.6
v 1.7 1.3 1.6
v 0.9 1.3 1.5
v 1.6 1.3 1.5
v -1.8 1.3 1.4
v 0.2 1.3 1.4
v 0.6 1.3 1.4
v 0.7 1.3 1.4
v 0.8 1.3 1.4
v 1.7 1.3 1.4
v 1.8 1.3 1.4
v 1.9 1.3 1.4
v 1.6 1.3 1.1
v 1.7 1.3 1.1
v 0.2 1.3 1
v 0.6 1.3 1
v 0.7 1.3 1
v 0.8 1.3 1
v 1.6 1.3 1
v 1.7 1.3 1
v 1.8 1.3 1
v 1.9 1.3 1
v -1.8 1.3 0.9
v 0.2 1.3 0.9
v 0.3 1.3 0.9
v 0.9 1.3 0.9
v 1.6 1.3 0.9
v 0.8 1.3 0.8
v 0.9 1.3 0.8
v 1.2 1.3 0.8
v 1.3 1.3 0.8
v 1.6 1.3 0.8
v 1.7 1.3 0.8
v -1.8 1.3 0.7
v 0.2 1.3 0.7
v 0.3 1.3 0.7
v 0.9 1.3 0.7
v 1.2 1.3 0.7
v 1.3 1.3 0.7
v 1.6 1.3 0.7
v 0.2 1.3 0.6
v 0.9 1.3 0.6
v 1.2 1.3 0.6
v 1.3 1.3 0.6
v 1.6 1.3 0.6
v -1.8 1.3 0.2
v 0.2 1.3 0.2
v -1.8 1.3 0.0999999
v 0.2 1.3 0
v -1.8 1.3 -0.4
v 0.2 1.3 -0.4
v 0.9 1.3 -0.4
v 1 1.3 -0.4
v 0.9 1.3 -0.5
v 1 1.3 -0.5
v -1.8 1.3 -0.6
v 0.2 1.3 -0.6
v -1.8 1.3 -1.1
v 0.2 1.3 -1.1
v -1.8 1.3 -1.3
v -1.6 1.3 -1.3
v -1.1 1.3 -1.3
v -0.9 1.3 -1.3
v -0.7 1.3 -1.3
v -0.6 1.3 -1.3
v -0.2 1.3 -1.3
v -0.0999999 1.3 -1.3
v 0.1 1.3 -1.3
v 0.2 1.3 -1.3
v -1.9 1.3 -1.4
v -0.8 1.3 -1.4
v -0.7 1.3 -1.4
v -0.6 1.3 -1.4
v -0.2 1.3 -1.4
v 0.3 1.3 -1.4
v -0.8 1.3 -1.5
v -0.7 1.3 -1.5
v -2.1 1.3 -2.3
v 2 1.3 -2.3
v -2.2 1.3 -2.4
v 2.1 1.3 -2.4
v 0.9 1.4 1.7
v 1.2 1.4 1.7
v 1.3 1.4 1.7
v 1.6 1.4 1.7
v 0.9 1.4 1.6
v 1.2 1.4 1.6
v 1.3 1.4 1.6
v 1.6 1.4 1.6
v 0.9 1.4 1.5
v 1.5 1.4 1.5
v 0.7 1.4 1.4
v 0.8 1.4 1.4
v 1 1.4 1.4
v 1.2 1.4 1.4
v 1.4 1.4 1.4
v 1.5 1.4 1.4
v 1.6 1.4 1.4
v 1.7 1.4 1.4
v 1.8 1.4 1.4
v 1 1.4 1.3
v 1.2 1.4 1.3
v 1.5 1.4 1.3
v 0.9 1.4 1.2
v 1 1.4 1.2
v 1.2 1.4 1.2
v 1.4 1.4 1.2
v 1.5 1.4 1.2
v 0.9 1.4 1.1
v 1 1.4 1.1
v 1.1 1.4 1.1
v 1.2 1.4 1.1
v 1.4 1.4 1.1
v 1.5 1.4 1.1
v 1.6 1.4 1.1
v 1.7 1.4 1.1
v 0.7 1.4 1
v 0.8 1.4 1
v 1 1.4 1
v 1.1 1.4 1
v 1.2 1.4 1
v 1.4 1.4 1
v 1.5 1.4 1
v 1.6 1.4 1
v 1.7 1.4 1
v 1.8 1.4 1
v 0.9 1.4 0.9
v 1.6 1.4 0.9
v 0.9 1.4 0.8
v 1.2 1.4 0.8
v 1.3 1.4 0.8
v 1.6 1.4 0.8
v 0.9 1.4 0.7
v 1.2 1.4 0.7
v 1.3 1.4 0.7
v 1.6 1.4 0.7
v 1.5 1.5 1.5
v 1.6 1.5 1.5
v 1.2 1.5 1.4
v 1.3 1.5 1.4
v 1.4 1.5 1.4
v 1.5 1.5 1.4
v 1.6 1.5 1.4
v 1 1.5 1.3
v 1.2 1.5 1.3
v 1.3 1.5 1.3
v 1.4 1.5 1.3
v 1.5 1.5 1.3
v 0.9 1.5 1.2
v 1 1.5 1.2
v 1.2 1.5 1.2
v 1.4 1.5 1.2
v 0.9 1.5 1.1
v 1 1.5 1.1
v 1.1 1.5 1.1
v 1.2 1.5 1.1
v 1.4 1.5 1.1
v 1.5 1.5 1.1
v 1.6 1.5 1.1
v 1.1 1.5 1
v 1.2 1.5 1
v 1.4 1.5 1
v 1.5 1.5 1
v 1.6 1.5 1
v 1.3 1.6 1.5
v 1.4 1.6 1.5
v 1.3 1.6 1.4
v 1.4 1.6 1.4
v 1.4 1.6 1.3
v 1.5 1.6 1.3
v 1.4 1.6 1.2
v 1.5 1.6 1.2
v 1.4 1.6 1.1
v 1.5 1.6 1.1
v 1.3 1.7 1.4
v 1.4 1.7 1.4
v 1.2 1.7 1.3
v 1.3 1.7 1.3
v 1.4 1.7 1.3
v 1.1 1.7 1.2
v 1.2 1.7 1.2
v 1.3 1.7 1.2
v 1.1 1.7 1.1
v 1.3 1.7 1.1
v 0.6 1.7 -0.5
v 1.8 1.7 -0.5
v 0.6 1.7 -1.2
v 1.8 1.7 -1.2
v 0.6 1.7 -1.4
v 1.8 1.7 -1.4
v 0.6 1.7 -2.1
v 1.8 1.7 -2.1
v -1.9 1.8 1.7
v 0.3 1.8 1.7
v -1.8 1.8 1.6
v 0.2 1.8 1.6
v 1.2 1.8 1.4
v 1.3 1.8 1.4
v 1.2 1.8 1.3
v 1.3 1.8 1.3
v 1.4 1.8 1.3
v 1.3 1.8 1.2
v 1.4 1.8 1.2
v -1.8 1.8 -1.3
v 0.2 1.8 -1.3
v -1.9 1.8 -1.4
v 0.3 1.8 -1.4
v 1.1 2 1.9
v 1.2 2 1.9
v 1.1 2 1.8
v 1.2 2 1.8
v -1.9 2 1.7
v 0.3 2 1.7
v 1.6 2 1.7
v 1.7 2 1.7
v -1.8 2 1.6
v -1.7 2 1.6
v -1.5 2 1.6
v -1.4 2 1.6
v -1.2 2 1.6
v -1.1 2 1.6
v -0.9 2 1.6
v -0.7 2 1.6
v -0.5 2 1.6
v -0.4 2 1.6
v -0.2 2 1.6
v -0.0999999 2 1.6
v 0.1 2 1.6
v 0.2 2 1.6
v 1 2 1.6
v 1.1 2 1.6
v 1.7 2 1.6
v 1.8 2 1.6
v 1 2 1.5
v 1.1 2 1.5
v 1.4 2 1.5
v 1.5 2 1.5
v 1.6 2 1.5
v 1.7 2 1.5
v 1.8 2 1.5
v 1.9 2 1.5
v -1.8 2 1.4
v 0.2 2 1.4
v 1.4 2 1.4
v 1.5 2 1.4
v 1.6 2 1.3
v 1.7 2 1.3
v 1.8 2 1.3
v 1.9 2 1.3
v -1.8 2 1.2
v 0.2 2 1.2
v 1.1 2 1.2
v 1.2 2 1.2
v 1.6 2 1.2
v 1.7 2 1.2
v 1.8 2 1.2
v 2 2 1.2
v -1.8 2 1.1
v 0.2 2 1.1
v 1.8 2 1.1
v 1.9 2 1.1
v 0.9 2 1
v 1 2 1
v 1.4 2 1
v 1.5 2 1
v 1.7 2 1
v 1.9 2 1
v 2 2 1
v -1.8 2 0.9
v 0.2 2 0.9
v 0.8 2 0.9
v 0.9 2 0.9
v 1 2 0.9
v 1.1 2 0.9
v 1.4 2 0.9
v 1.5 2 0.9
v 1.7 2 0.9
v 1.8 2 0.9
v -1.8 2 0.8
v 0.2 2 0.8
v 0.9 2 0.8
v 1 2 0.8
v 1.1 2 0.8
v 1.2 2 0.8
v 1.8 2 0.8
v 1.9 2 0.8
v 1 2 0.7
v 1.1 2 0.7
v -1.8 2 0.6
v 0.2 2 0.6
v 0.8 2 0.6
v 0.9 2 0.6
v -1.8 2 0.5
v 0.2 2 0.5
v -1.8 2 0.3
v 0.2 2 0.3
v -1.8 2 0.2
v 0.2 2 0.2
v -1.8 2 0
v 0.2 2 0
v -1.8 2 -0.0999999
v 0.2 2 -0.0999999
v -1.8 2 -0.3
v 0.2 2 -0.3
v -1.8 2 -0.4
v 0.2 2 -0.4
v -1.8 2 -0.6
v 0.2 2 -0.6
v -1.8 2 -0.7
v 0.2 2 -0.7
v -1.8 2 -0.9
v 0.2 2 -0.9
v -1.8 2 -1
v 0.2 2 -1
v -1.8 2 -1.2
v 0.2 2 -1.2
v -1.8 2 -1.3
v -1.7 2 -1.3
v -1.5 2 -1.3
v -1.4 2 -1.3
v -1.2 2 -1.3
v -1.1 2 -1.3
v -0.9 2 -1.3
v -0.7 2 -1.3
v -0.5 2 -1.3
v -0.4 2 -1.3
v -0.2 2 -1.3
v -0.0999999 2 -1.3
v 0.1 2 -1.3
v 0.2 2 -1.3
v -1.9 2 -1.4
v 0.3 2 -1.4
v 1.3 2.1 2
v 1.4 2.1 2
v 1.5 2.1 2
v 1.6 2.1 2
v 1.2 2.1 1.9
v 1.3 2.1 1.9
v 1.4 2.1 1.9
v 1.5 2.1 1.9
v 1.6 2.1 1.9
v 1 2.1 1.8
v 1.1 2.1 1.8
v 1.2 2.1 1.8
v 1.3 2.1 1.8
v 1.4 2.1 1.8
v 1.5 2.1 1.8
v 1.7 2.1 1.8
v 1.8 2.1 1.8
v 1 2.1 1.7
v 1.1 2.1 1.7
v 1.7 2.1 1.7
v 1.8 2.1 1.7
v 1.1 2.1 1.6
v 1.2 2.1 1.6
v 1.3 2.1 1.6
v 1.4 2.1 1.6
v 0.8 2.1 1.5
v 0.9 2.1 1.5
v 1 2.1 1.5
v 1.1 2.1 1.5
v 1.2 2.1 1.5
v 1.3 2.1 1.5
v 1.4 2.1 1.5
v 1.5 2.1 1.5
v 1.6 2.1 1.5
v 1.7 2.1 1.5
v 0.9 2.1 1.4
v 1 2.1 1.4
v 1.1 2.1 1.4
v 1.2 2.1 1.4
v 1.4 2.1 1.4
v 1.5 2.1 1.4
v 0.8 2.1 1.3
v 1 2.1 1.3
v 1.4 2.1 1.3
v 1.5 2.1 1.3
v 1.6 2.1 1.3
v 1.7 2.1 1.3
v 1.8 2.1 1.3
v 0.6 2.1 1.2
v 0.7 2.1 1.2
v 1.1 2.1 1.2
v 1.2 2.1 1.2
v 1.6 2.1 1.2
v 1.7 2.1 1.2
v 0.6 2.1 1.1
v 0.7 2.1 1.1
v 1 2.1 1.1
v 1.1 2.1 1.1
v 1.4 2.1 1.1
v 1.5 2.1 1.1
v 1.6 2.1 1.1
v 1.8 2.1 1.1
v 1.9 2.1 1.1
v 0.7 2.1 1
v 0.8 2.1 1
v 0.9 2.1 1
v 1 2.1 1
v 1.2 2.1 1
v 1.4 2.1 1
v 1.5 2.1 1
v 1.7 2.1 1
v 1.9 2.1 1
v 0.8 2.1 0.9
v 0.9 2.1 0.9
v 1 2.1 0.9
v 1.1 2.1 0.9
v 1.2 2.1 0.9
v 1.3 2.1 0.9
v 1.5 2.1 0.9
v 1.6 2.1 0.9
v 1.7 2.1 0.9
v 1.1 2.1 0.8
v 1.2 2.1 0.8
v 1.3 2.1 0.8
v 1.4 2.1 0.8
v 1.5 2.1 0.8
v 1.6 2.1 0.8
v 1.1 2.1 0.7
v 1.2 2.1 0.7
v 1.3 2.1 0.7
v 1.4 2.1 0.7
v 1.2 2.1 0.6
v 1.4 2.1 0.6
v 1.3 2.2 1.9
v 1.4 2.2 1.9
v 1.5 2.2 1.9
v 1.7 2.2 1.9
v 1.3 2.2 1.8
v 1.4 2.2 1.8
v 1.5 2.2 1.8
v 1.1 2.2 1.7
v 1.3 2.2 1.7
v 1.5 2.2 1.7
v 1.6 2.2 1.7
v 1.1 2.2 1.6
v 1.2 2.2 1.6
v 1.3 2.2 1.6
v 1.4 2.2 1.6
v 1.5 2.2 1.6
v 1.6 2.2 1.6
v 1.7 2.2 1.6
v 0.9 2.2 1.5
v 1 2.2 1.5
v 1.1 2.2 1.5
v 1.2 2.2 1.5
v 1.3 2.2 1.5
v 1.4 2.2 1.5
v 1.6 2.2 1.5
v 0.9 2.2 1.4
v 1 2.2 1.4
v 1.1 2.2 1.4
v 1.2 2.2 1.4
v 0.7 2.2 1.3
v 1 2.2 1.3
v 1.2 2.2 1.3
v 1.3 2.2 1.3
v 1.4 2.2 1.3
v 1.5 2.2 1.3
v 0.8 2.2 1.2
v 0.9 2.2 1.2
v 1.1 2.2 1.2
v 1.2 2.2 1.2
v 1.3 2.2 1.2
v 1.4 2.2 1.2
v 0.7 2.2 1.1
v 0.8 2.2 1.1
v 0.9 2.2 1.1
v 1 2.2 1.1
v 1.1 2.2 1.1
v 1.2 2.2 1.1
v 1.3 2.2 1.1
v 1.4 2.2 1.1
v 1.5 2.2 1.1
v 1.6 2.2 1.1
v 1.2 2.2 1
v 1.4 2.2 1
v 1.2 2.2 0.9
v 1.3 2.2 0.9
v 1.5 2.2 0.9
v 1.6 2.2 0.9
v 1.2 2.2 0.8
v 1.3 2.2 0.8
v 1.4 2.2 0.8
v 1.3 2.2 0.7
v 1.4 2.2 0.7
v 1.1 2.3 1.8
v 1.3 2.3 1.8
v 1.1 2.3 1.7
v 1.3 2.3 1.7
v 1.5 2.3 1.7
v 1.6 2.3 1.7
v 1.2 2.3 1.6
v 1.3 2.3 1.6
v 1.5 2.3 1.6
v 1.6 2.3 1.6
v 1.2 2.3 1.3
v 1.3 2.3 1.3
v 1.4 2.3 1.3
v 0.8 2.3 1.2
v 0.9 2.3 1.2
v 1.2 2.3 1.2
v 1.3 2.3 1.2
v 1.4 2.3 1.2
v 0.8 2.3 1.1
v 0.9 2.3 1.1
v 1.2 2.3 1.1
v 1.3 2.3 1.1
v -1.9 2.5 1.7
v 0.3 2.5 1.7
v -1.8 2.5 1.6
v 0.2 2.5 1.6
v -1.8 2.5 -1.3
v 0.2 2.5 -1.3
v -1.9 2.5 -1.4
v 0.3 2.5 -1.4
v -0.5 2.7 0.9
v -0.4 2.7 0.9
v -0.3 2.7 0.9
v -0.2 2.7 0.9
v -0.0999999 2.7 0.9
v 0 2.7 0.9
v 0.1 2.7 0.9
v 0.2 2.7 0.9
v -0.5 2.7 0.8
v -0.4 2.7 0.8
v -0.3 2.7 0.8
v -0.2 2.7 0.8
v -0.0999999 2.7 0.8
v 0 2.7 0.8
v 0.1 2.7 0.8
v 0.2 2.7 0.8
v -0.6 2.7 0.7
v -0.5 2.7 0.7
v -0.4 2.7 0.7
v -0.3 2.7 0.7
v -0.2 2.7 0.7
v -0.0999999 2.7 0.7
v 0 2.7 0.7
v 0.1 2.7 0.7
v 0.2 2.7 0.7
v -0.6 2.7 0.6
v -0.5 2.7 0.6
v -0.4 2.7 0.6
v -0.3 2.7 0.6
v -0.2 2.7 0.6
v -0.0999999 2.7 0.6
v 0 2.7 0.6
v 0.1 2.7 0.6
v 0.2 2.7 0.6
v -0.6 2.7 0.5
v -0.5 2.7 0.5
v -0.4 2.7 0.5
v -0.3 2.7 0.5
v -0.2 2.7 0.5
v -0.0999999 2.7 0.5
v 0 2.7 0.5
v 0.1 2.7 0.5
v 0.2 2.7 0.5
v -0.5 2.7 0.4
v -0.4 2.7 0.4
v -0.3 2.7 0.4
v -0.2 2.7 0.4
v -0.0999999 2.7 0.4
v 0 2.7 0.4
v 0.1 2.7 0.4
v 0.2 2.7 0.4
v -0.5 2.7 0.3
v -0.4 2.7 0.3
v -0.3 2.7 0.3
v -0.2 2.7 0.3
v -0.0999999 2.7 0.3
v 0 2.7 0.3
v 0.1 2.7 0.3
v 0.2 2.7 0.3
v -0.5 2.7 0.2
v -0.4 2.7 0.2
v -0.3 2.7 0.2
v -0.2 2.7 0.2
v -0.0999999 2.7 0.2
v 0 2.7 0.2
v 0.1 2.7 0.2
v 0.2 2.7 0.2
v -0.5 2.7 0.0999999
v -0.4 2.7 0.0999999
v -0.3 2.7 0.0999999
v -0.2 2.7 0.0999999
v -0.0999999 2.7 0.0999999
v 0 2.7 0.0999999
v 0.1 2.7 0.0999999
v 0.2 2.7 0.0999999
v -0.5 2.7 0
v -0.4 2.7 0
v -0.3 2.7 0
v -0.2 2.7 0
v -0.0999999 2.7 0
v 0 2.7 0
v 0.1 2.7 0
v 0.2 2.7 0
v -0.5 2.7 -0.0999999
v -0.4 2.7 -0.0999999
v -0.3 2.7 -0.0999999
v -0.2 2.7 -0.0999999
v -0.0999999 2.7 -0.0999999
v 0 2.7 -0.0999999
v 0.1 2.7 -0.0999999
v 0.2 2.7 -0.0999999
v -0.5 2.7 -0.2
v -0.4 2.7 -0.2
v -0.3 2.7 -0.2
v -0.2 2.7 -0.2
v -0.0999999 2.7 -0.2
v 0 2.7 -0.2
v 0.1 2.7 -0.2
v 0.2 2.7 -0.2
v -0.5 2.7 -0.3
v -0.4 2.7 -0.3
v -0.3 2.7 -0.3
v -0.2 2.7 -0.3
v -0.0999999 2.7 -0.3
v 0 2.7 -0.3
v 0.1 2.7 -0.3
v 0.2 2.7 -0.3
v -0.5 2.7 -0.4
v -0.4 2.7 -0.4
v -0.3 2.7 -0.4
v -0.2 2.7 -0.4
v -0.0999999 2.7 -0.4
v 0 2.7 -0.4
v 0.1 2.7 -0.4
v 0.2 2.7 -0.4
v -0.5 2.7 -0.5
v -0.4 2.7 -0.5
v -0.3 2.7 -0.5
v -0.2 2.7 -0.5
v -0.0999999 2.7 -0.5
v 0 2.7 -0.5
v 0.1 2.7 -0.5
v 0.2 2.7 -0.5
v -0.5 2.7 -0.6
v -0.4 2.7 -0.6
v -0.3 2.7 -0.6
v -0.2 2.7 -0.6
v -0.0999999 2.7 -0.6
v 0 2.7 -0.6
v 0.1 2.7 -0.6
v 0.2 2.7 -0.6
v -0.5 2.7 -0.7
v -0.4 2.7 -0.7
v -0.3 2.7 -0.7
v -0.2 2.7 -0.7
v -0.0999999 2.7 -0.7
v 0 2.7 -0.7
v 0.1 2.7 -0.7
v 0.2 2.7 -0.7
v -0.5 2.7 -0.8
v -0.4 2.7 -0.8
v -0.3 2.7 -0.8
v -0.2 2.7 -0.8
v -0.0999999 2.7 -0.8
v 0 2.7 -0.8
v 0.1 2.7 -0.8
v 0.2 2.7 -0.8
v -0.5 2.7 -0.9
v -0.4 2.7 -0.9
v -0.3 2.7 -0.9
v -0.2 2.7 -0.9
v -0.0999999 2.7 -0.9
v 0 2.7 -0.9
v 0.1 2.7 -0.9
v 0.2 2.7 -0.9
v -0.5 2.7 -1
v -0.4 2.7 -1
v -0.3 2.7 -1
v -0.2 2.7 -1
v -0.0999999 2.7 -1
v 0 2.7 -1
v 0.1 2.7 -1
v 0.2 2.7 -1
v -0.5 2.7 -1.1
v -0.4 2.7 -1.1
v -0.3 2.7 -1.1
v -0.2 2.7 -1.1
v -0.0999999 2.7 -1.1
v 0 2.7 -1.1
v 0.1 2.7 -1.1
v 0.2 2.7 -1.1
v -0.5 2.7 -1.2
v -0.4 2.7 -1.2
v -0.3 2.7 -1.2
v -0.2 2.7 -1.2
v -0.0999999 2.7 -1.2
v 0 2.7 -1.2
v 0.1 2.7 -1.2
v 0.2 2.7 -1.2
v -0.5 2.7 -1.3
v -0.4 2.7 -1.3
v -0.3 2.7 -1.3
v -0.2 2.7 -1.3
v -0.0999999 2.7 -1.3
v 0 2.7 -1.3
v 0.1 2.7 -1.3
v 0.2 2.7 -1.3
v -1.9 2.8 1.7
v 0.3 2.8 1.7
v -1.8 2.8 1.6
v -1.7 2.8 1.6
v -1.4 2.8 1.6
v -1.3 2.8 1.6
v -1 2.8 1.6
v -0.9 2.8 1.6
v -0.7 2.8 1.6
v 0.2 2.8 1.6
v -1.8 2.8 1.4
v -1.8 2.8 1.2
v -1.8 2.8 1.1
v -1.8 2.8 0.9
v -0.6 2.8 0.9
v -0.5 2.8 0.9
v 0.2 2.8 0.9
v -1.8 2.8 0.8
v -0.6 2.8 0.7
v -0.5 2.8 0.7
v -1.8 2.8 0.6
v -1.8 2.8 0.5
v -0.6 2.8 0.5
v -0.5 2.8 0.5
v -1.8 2.8 0.3
v -0.6 2.8 0.3
v -1.8 2.8 0.2
v -1.8 2.8 0
v -0.6 2.8 0
v -1.8 2.8 -0.0999999
v -0.6 2.8 -0.0999999
v -1.8 2.8 -0.3
v -1.8 2.8 -0.4
v -0.6 2.8 -0.4
v -0.6 2.8 -0.5
v -1.8 2.8 -0.6
v -1.8 2.8 -0.7
v -0.6 2.8 -0.8
v -1.8 2.8 -0.9
v -0.6 2.8 -0.9
v -1.8 2.8 -1
v -1.8 2.8 -1.2
v -0.6 2.8 -1.2
v -1.8 2.8 -1.3
v -1.7 2.8 -1.3
v -1.4 2.8 -1.3
v -1.3 2.8 -1.3
v -1 2.8 -1.3
v -0.9 2.8 -1.3
v -0.7 2.8 -1.3
v -0.6 2.8 -1.3
v -0.5 2.8 -1.3
v 0.2 2.8 -1.3
v -1.9 2.8 -1.4
v 0.3 2.8 -1.4
v -2.1 3.2 1.6
v -2 3.2 1.6
v -1.9 3.2 1.6
v -0.6 3.2 1.6
v -0.5 3.2 1.6
v -0.6 3.2 0.9
v -0.5 3.2 0.9
v -2.1 3.2 -1.3
v -2 3.2 -1.3
v -1.9 3.2 -1.3
v -1.9 3.3 1.6
v -1.8 3.3 1.6
v -1.7 3.3 1.6
v -1.9 3.3 -1.3
v -1.8 3.3 -1.3
v -1.7 3.3 -1.3
v -1.7 3.4 1.6
v -1.4 3.4 1.6
v -1.3 3.4 1.6
v -1.7 3.4 -1.3
v -1.4 3.4 -1.3
v -1.3 3.4 -1.3
v -0.3 3.5 1.7
v -0.2 3.5 1.7
v -0.0999999 3.5 1.7
v 0 3.5 1.7
v -1.3 3.5 1.6
v -1 3.5 1.6
v -0.9 3.5 1.6
v -0.3 3.5 1.6
v -0.2 3.5 1.6
v -0.0999999 3.5 1.6
v 0 3.5 1.6
v 0.2 3.5 1.4
v 0.3 3.5 1.4
v 0.2 3.5 1.3
v 0.3 3.5 1.3
v 0.2 3.5 1.2
v 0.3 3.5 1.2
v 0.2 3.5 1.1
v 0.3 3.5 1.1
v -1.3 3.5 -1.3
v -1 3.5 -1.3
v -0.9 3.5 -1.3
v -0.2 3.6 1.7
v -0.0999999 3.6 1.7
v -0.9 3.6 1.6
v -0.7 3.6 1.6
v -0.6 3.6 1.6
v -0.2 3.6 1.6
v -0.0999999 3.6 1.6
v 0.2 3.6 1.3
v 0.3 3.6 1.3
v 0.2 3.6 1.2
v 0.3 3.6 1.2
v -0.9 3.6 -1.3
v -0.7 3.6 -1.3
v -0.6 3.6 -1.3
v -0.6 3.7 1.6
v -0.5 3.7 1.6
v -0.5 3.7 0.9
v -0.6 3.7 -1.3
v -0.5 3.7 -1.3
v -0.3 4.1 1.7
v 0 4.1 1.7
v -0.3 4.1 1.6
v 0 4.1 1.6
v 0.2 4.1 1.4
v 0.3 4.1 1.4
v 0.2 4.1 1.1
v 0.3 4.1 1.1
v -0.5 4.2 1.6
v -0.3 4.2 1.6
v 0 4.2 1.6
v 0.2 4.2 1.6
v 0.2 4.2 1.4
v 0.2 4.2 1.1
v -0.5 4.2 0.9
v 0.2 4.2 0.9
v -0.5 4.4 1.7
v -0.3 4.4 1.7
v 0 4.4 1.7
v 0.2 4.4 1.7
v -0.5 4.4 1.6
v -0.3 4.4 1.6
v 0 4.4 1.6
v 0.2 4.4 1.6
v 0.3 4.4 1.6
v 0.2 4.4 1.4
v 0.3 4.4 1.4
v 0.2 4.4 1.1
v 0.3 4.4 1.1
v 0.2 4.4 0.9
v 0.3 4.4 0.9

# faces
f 3/19/1 2/19/1 1/19/1
f 4/19/1 2/19/1 3/19/1
f 5/19/1 3/19/1 1/19/1
f 6/17/1 4/17/1 3/17/1
f 6/19/1 3/19/1 5/19/1
f 7/17/1 4/17/1 6/17/1
f 8/17/1 4/17/1 7/17/1
f 9/17/1 4/17/1 8/17/1
f 10/17/1 4/17/1 9/17/1
f 11/17/1 4/17/1 10/17/1
f 12/17/1 4/17/1 11/17/1
f 13/17/1 4/17/1 12/17/1
f 14/17/1 4/17/1 13/17/1
f 15/17/1 4/17/1 14/17/1
f 16/18/1 8/18/1 7/18/1
f 17/18/1 8/18/1 16/18/1
f 18/18/1 8/18/1 17/18/1
f 19/18/1 8/18/1 18/18/1
f 20/18/1 8/18/1 19/18/1
f 21/18/1 8/18/1 20/18/1
f 22/18/1 10/18/1 9/18/1
f 23/18/1 10/18/1 22/18/1
f 24/18/1 10/18/1 23/18/1
f 25/18/1 10/18/1 24/18/1
f 26/18/1 12/18/1 11/18/1
f 27/18/1 12/18/1 26/18/1
f 28/18/1 14/18/1 13/18/1
f 29/18/1 14/18/1 28/18/1
f 30/18/1 14/18/1 29/18/1
f 31/18/1 14/18/1 30/18/1
f 32/18/1 14/18/1 31/18/1
f 33/18/1 14/18/1 32/18/1
f 34/12/1 18/12/1 17/12/1
f 35/12/1 18/12/1 34/12/1
f 36/12/1 20/12/1 19/12/1
f 37/12/1 20/12/1 36/12/1
f 38/12/1 24/12/1 23/12/1
f 39/12/1 24/12/1 38/12/1
f 40/12/1 30/12/1 29/12/1
f 41/12/1 30/12/1 40/12/1
f 42/12/1 32/12/1 31/12/1
f 43/12/1 32/12/1 42/12/1
f 58/12/1 45/12/1 44/12/1
f 59/12/1 45/12/1 58/12/1
f 61/12/1 47/12/1 46/12/1
f 62/12/1 47/12/1 61/12/1
f 63/12/1 49/12/1 48/12/1
f 64/12/1 51/12/1 50/12/1
f 65/12/1 51/12/1 64/12/1
f 66/12/1 53/12/1 52/12/1
f 67/12/1 53/12/1 66/12/1
f 68/12/1 55/12/1 54/12/1
f 69/12/1 55/12/1 68/12/1
f 70/12/1 55/12/1 69/12/1
f 71/12/1 57/12/1 56/12/1
f 72/12/1 57/12/1 71/12/1
f 73/12/1 57/12/1 72/12/1
f 74/12/1 60/12/1 59/12/1
f 75/12/1 60/12/1 74/12/1
f 76/12/1 63/12/1 62/12/1
f 77/12/1 49/12/1 63/12/1
f 77/12/1 63/12/1 76/12/1
f 78/12/1 66/12/1 52/12/1
f 79/12/1 66/12/1 78/12/1
f 80/12/1 70/12/1 69/12/1
f 80/12/1 71/12/1 70/12/1
f 81/12/1 71/12/1 80/12/1
f 82/12/1 73/12/1 72/12/1
f 83/12/1 73/12/1 82/12/1
f 88/15/1 85/15/1 84/15/1
f 89/15/1 87/15/1 86/15/1
f 90/15/1 88/15/1 84/15/1
f 90/15/1 89/15/1 88/15/1
f 91/15/1 87/15/1 89/15/1
f 91/15/1 89/15/1 90/15/1
f 94/8/1 93/8/1 92/8/1
f 95/8/1 93/8/1 94/8/1
f 128/15/1 97/15/1 96/15/1
f 128/15/1 127/15/1 126/15/1
f 128/15/1 126/15/1 125/15/1
f 128/15/1 125/15/1 124/15/1
f 128/15/1 124/15/1 123/15/1
f 128/15/1 123/15/1 122/15/1
f 128/15/1 122/15/1 121/15/1
f 128/15/1 121/15/1 120/15/1
f 128/15/1 120/15/1 119/15/1
f 128/15/1 119/15/1 118/15/1
f 128/15/1 118/15/1 117/15/1
f 128/15/1 117/15/1 116/15/1
f 128/15/1 116/15/1 115/15/1
f 128/15/1 115/15/1 114/15/1
f 128/15/1 114/15/1 113/15/1
f 128/15/1 113/15/1 112/15/1
f 128/15/1 112/15/1 111/15/1
f 128/15/1 111/15/1 110/15/1
f 128/15/1 110/15/1 109/15/1
f 128/15/1 109/15/1 108/15/1
f 128/15/1 108/15/1 107/15/1
f 128/15/1 107/15/1 106/15/1
f 128/15/1 106/15/1 105/15/1
f 128/15/1 105/15/1 104/15/1
f 128/15/1 104/15/1 103/15/1
f 128/15/1 103/15/1 102/15/1
f 128/15/1 102/15/1 101/15/1
f 128/15/1 101/15/1 100/15/1
f 128/15/1 100/15/1 99/15/1
f 128/15/1 99/15/1 98/15/1
f 128/15/1 98/15/1 97/15/1
f 129/15/1 127/15/1 128/15/1
f 132/15/1 131/15/1 130/15/1
f 133/15/1 131/15/1 132/15/1
f 136/15/1 135/15/1 134/15/1
f 137/15/1 135/15/1 136/15/1
f 140/15/1 139/15/1 138/15/1
f 141/15/1 139/15/1 140/15/1
f 144/15/1 143/15/1 142/15/1
f 145/15/1 143/15/1 144/15/1
f 148/8/1 147/8/1 146/8/1
f 149/8/1 147/8/1 148/8/1
f 152/15/1 151/15/1 150/15/1
f 153/15/1 151/15/1 152/15/1
f 154/15/1 151/15/1 153/15/1
f 155/15/1 151/15/1 154/15/1
f 156/15/1 151/15/1 155/15/1
f 157/15/1 151/15/1 156/15/1
f 158/15/1 151/15/1 157/15/1
f 159/15/1 151/15/1 158/15/1
f 160/15/1 151/15/1 159/15/1
f 161/15/1 151/15/1 160/15/1
f 162/15/1 151/15/1 161/15/1
f 163/15/1 151/15/1 162/15/1
f 164/15/1 151/15/1 163/15/1
f 165/15/1 151/15/1 164/15/1
f 166/15/1 151/15/1 165/15/1
f 167/15/1 151/15/1 166/15/1
f 168/15/1 151/15/1 167/15/1
f 169/15/1 151/15/1 168/15/1
f 170/15/1 152/15/1 150/15/1
f 170/6/1 153/6/1 152/6/1
f 171/15/1 154/15/1 153/15/1
f 171/6/1 153/6/1 170/6/1
f 172/6/1 155/6/1 154/6/1
f 172/15/1 154/15/1 171/15/1
f 173/15/1 156/15/1 155/15/1
f 173/6/1 155/6/1 172/6/1
f 174/6/1 157/6/1 156/6/1
f 174/15/1 156/15/1 173/15/1
f 175/15/1 158/15/1 157/15/1
f 175/6/1 157/6/1 174/6/1
f 176/6/1 159/6/1 158/6/1
f 176/15/1 158/15/1 175/15/1
f 177/15/1 160/15/1 159/15/1
f 177/6/1 159/6/1 176/6/1
f 178/6/1 161/6/1 160/6/1
f 178/15/1 160/15/1 177/15/1
f 179/15/1 162/15/1 161/15/1
f 179/6/1 161/6/1 178/6/1
f 180/6/1 163/6/1 162/6/1
f 180/15/1 162/15/1 179/15/1
f 181/15/1 164/15/1 163/15/1
f 181/6/1 163/6/1 180/6/1
f 182/6/1 165/6/1 164/6/1
f 182/15/1 164/15/1 181/15/1
f 183/15/1 166/15/1 165/15/1
f 183/6/1 165/6/1 182/6/1
f 184/6/1 167/6/1 166/6/1
f 184/15/1 166/15/1 183/15/1
f 185/15/1 168/15/1 167/15/1
f 185/6/1 167/6/1 184/6/1
f 186/6/1 169/6/1 168/6/1
f 186/15/1 168/15/1 185/15/1
f 187/15/1 151/15/1 169/15/1
f 187/6/1 169/6/1 186/6/1
f 188/15/1 186/15/1 185/15/1
f 188/15/1 185/15/1 184/15/1
f 188/15/1 187/15/1 186/15/1
f 188/15/1 184/15/1 183/15/1
f 188/15/1 183/15/1 182/15/1
f 188/15/1 182/15/1 181/15/1
f 188/15/1 181/15/1 180/15/1
f 188/15/1 180/15/1 179/15/1
f 188/15/1 179/15/1 178/15/1
f 188/15/1 178/15/1 177/15/1
f 188/15/1 177/15/1 176/15/1
f 188/15/1 176/15/1 175/15/1
f 188/15/1 175/15/1 174/15/1
f 188/15/1 174/15/1 173/15/1
f 188/15/1 173/15/1 172/15/1
f 188/15/1 172/15/1 171/15/1
f 188/15/1 171/15/1 170/15/1
f 188/15/1 170/15/1 150/15/1
f 189/15/1 187/15/1 188/15/1
f 190/15/1 187/15/1 189/15/1
f 191/15/1 187/15/1 190/15/1
f 192/15/1 187/15/1 191/15/1
f 193/15/1 151/15/1 187/15/1
f 193/15/1 187/15/1 192/15/1
f 194/15/1 151/15/1 193/15/1
f 205/15/1 196/15/1 195/15/1
f 206/6/1 197/6/1 196/6/1
f 206/15/1 196/15/1 205/15/1
f 207/15/1 198/15/1 197/15/1
f 207/6/1 197/6/1 206/6/1
f 208/6/1 199/6/1 198/6/1
f 208/15/1 198/15/1 207/15/1
f 209/15/1 200/15/1 199/15/1
f 209/6/1 199/6/1 208/6/1
f 210/6/1 201/6/1 200/6/1
f 210/15/1 200/15/1 209/15/1
f 211/15/1 202/15/1 201/15/1
f 211/6/1 201/6/1 210/6/1
f 212/6/1 203/6/1 202/6/1
f 212/15/1 202/15/1 211/15/1
f 213/15/1 204/15/1 203/15/1
f 213/6/1 203/6/1 212/6/1
f 214/15/1 204/15/1 213/15/1
f 217/15/1 216/15/1 215/15/1
f 218/15/1 216/15/1 217/15/1
f 239/15/1 220/15/1 219/15/1
f 240/6/1 221/6/1 220/6/1
f 240/15/1 220/15/1 239/15/1
f 241/15/1 222/15/1 221/15/1
f 241/6/1 221/6/1 240/6/1
f 242/6/1 223/6/1 222/6/1
f 242/15/1 222/15/1 241/15/1
f 243/15/1 224/15/1 223/15/1
f 243/6/1 223/6/1 242/6/1
f 244/6/1 225/6/1 224/6/1
f 244/15/1 224/15/1 243/15/1
f 245/15/1 226/15/1 225/15/1
f 245/6/1 225/6/1 244/6/1
f 246/6/1 227/6/1 226/6/1
f 246/15/1 226/15/1 245/15/1
f 247/15/1 228/15/1 227/15/1
f 247/6/1 227/6/1 246/6/1
f 248/6/1 229/6/1 228/6/1
f 248/15/1 228/15/1 247/15/1
f 249/15/1 230/15/1 229/15/1
f 249/6/1 229/6/1 248/6/1
f 250/6/1 231/6/1 230/6/1
f 250/15/1 230/15/1 249/15/1
f 251/15/1 232/15/1 231/15/1
f 251/6/1 231/6/1 250/6/1
f 252/6/1 233/6/1 232/6/1
f 252/15/1 232/15/1 251/15/1
f 253/15/1 234/15/1 233/15/1
f 253/6/1 233/6/1 252/6/1
f 254/6/1 235/6/1 234/6/1
f 254/15/1 234/15/1 253/15/1
f 255/15/1 236/15/1 235/15/1
f 255/6/1 235/6/1 254/6/1
f 256/6/1 237/6/1 236/6/1
f 256/15/1 236/15/1 255/15/1
f 257/15/1 238/15/1 237/15/1
f 257/6/1 237/6/1 256/6/1
f 258/15/1 238/15/1 257/15/1
f 261/15/1 260/15/1 259/15/1
f 262/15/1 260/15/1 261/15/1
f 283/15/1 264/15/1 263/15/1
f 284/6/1 265/6/1 264/6/1
f 284/15/1 264/15/1 283/15/1
f 285/15/1 266/15/1 265/15/1
f 285/6/1 265/6/1 284/6/1
f 286/6/1 267/6/1 266/6/1
f 286/15/1 266/15/1 285/15/1
f 287/15/1 268/15/1 267/15/1
f 287/6/1 267/6/1 286/6/1
f 288/6/1 269/6/1 268/6/1
f 288/15/1 268/15/1 287/15/1
f 289/15/1 270/15/1 269/15/1
f 289/6/1 269/6/1 288/6/1
f 290/6/1 271/6/1 270/6/1
f 290/15/1 270/15/1 289/15/1
f 291/15/1 272/15/1 271/15/1
f 291/6/1 271/6/1 290/6/1
f 292/6/1 273/6/1 272/6/1
f 292/15/1 272/15/1 291/15/1
f 293/15/1 274/15/1 273/15/1
f 293/6/1 273/6/1 292/6/1
f 294/6/1 275/6/1 274/6/1
f 294/15/1 274/15/1 293/15/1
f 295/15/1 276/15/1 275/15/1
f 295/6/1 275/6/1 294/6/1
f 296/6/1 277/6/1 276/6/1
f 296/15/1 276/15/1 295/15/1
f 297/15/1 278/15/1 277/15/1
f 297/6/1 277/6/1 296/6/1
f 298/6/1 279/6/1 278/6/1
f 298/15/1 278/15/1 297/15/1
f 299/15/1 280/15/1 279/15/1
f 299/6/1 279/6/1 298/6/1
f 300/6/1 281/6/1 280/6/1
f 300/15/1 280/15/1 299/15/1
f 301/15/1 282/15/1 281/15/1
f 301/6/1 281/6/1 300/6/1
f 302/15/1 282/15/1 301/15/1
f 305/8/1 304/8/1 303/8/1
f 306/8/1 304/8/1 305/8/1
f 309/8/1 308/8/1 307/8/1
f 310/8/1 308/8/1 309/8/1
f 313/1/1 312/1/1 311/1/1
f 314/1/1 312/1/1 313/1/1
f 317/8/1 316/8/1 315/8/1
f 318/8/1 316/8/1 317/8/1
f 321/9/1 320/9/1 319/9/1
f 322/9/1 320/9/1 321/9/1
f 325/8/1 324/8/1 323/8/1
f 326/8/1 324/8/1 325/8/1
f 329/15/1 328/15/1 327/15/1
f 330/15/1 328/15/1 329/15/1
f 333/10/1 332/10/1 331/10/1
f 335/10/1 333/10/1 331/10/1
f 335/15/1 334/15/1 333/15/1
f 336/15/1 334/15/1 335/15/1
f 337/10/1 335/10/1 331/10/1
f 338/10/1 335/10/1 337/10/1
f 345/15/1 340/15/1 339/15/1
f 345/15/1 344/15/1 343/15/1
f 345/15/1 343/15/1 342/15/1
f 345/15/1 342/15/1 341/15/1
f 345/15/1 341/15/1 340/15/1
f 346/15/1 344/15/1 345/15/1
f 349/10/1 348/10/1 347/10/1
f 350/10/1 348/10/1 349/10/1
f 357/15/1 352/15/1 351/15/1
f 357/15/1 356/15/1 355/15/1
f 357/15/1 355/15/1 354/15/1
f 357/15/1 354/15/1 353/15/1
f 357/15/1 353/15/1 352/15/1
f 358/15/1 356/15/1 357/15/1
f 359/15/1 357/15/1 351/15/1
f 360/15/1 357/15/1 359/15/1
f 363/10/1 362/10/1 361/10/1
f 364/10/1 362/10/1 363/10/1
f 367/10/1 366/10/1 365/10/1
f 368/10/1 366/10/1 367/10/1
f 371/10/1 370/10/1 369/10/1
f 372/10/1 370/10/1 371/10/1
f 375/10/1 374/10/1 373/10/1
f 376/10/1 375/10/1 373/10/1
f 377/10/1 375/10/1 376/10/1
f 388/9/1 379/9/1 378/9/1
f 389/15/1 387/15/1 386/15/1
f 389/9/1 379/9/1 388/9/1
f 389/15/1 380/15/1 379/15/1
f 389/15/1 386/15/1 385/15/1
f 389/15/1 385/15/1 384/15/1
f 389/15/1 384/15/1 383/15/1
f 389/15/1 383/15/1 382/15/1
f 389/15/1 382/15/1 381/15/1
f 389/15/1 381/15/1 380/15/1
f 390/15/1 387/15/1 389/15/1
f 391/15/1 387/15/1 390/15/1
f 415/15/1 393/15/1 392/15/1
f 415/15/1 414/15/1 413/15/1
f 415/15/1 413/15/1 412/15/1
f 415/15/1 412/15/1 411/15/1
f 415/15/1 411/15/1 410/15/1
f 415/15/1 410/15/1 409/15/1
f 415/15/1 409/15/1 408/15/1
f 415/15/1 408/15/1 407/15/1
f 415/15/1 407/15/1 406/15/1
f 415/15/1 406/15/1 405/15/1
f 415/15/1 405/15/1 404/15/1
f 415/15/1 404/15/1 403/15/1
f 415/15/1 403/15/1 402/15/1
f 415/15/1 402/15/1 401/15/1
f 415/15/1 401/15/1 400/15/1
f 415/15/1 400/15/1 399/15/1
f 415/15/1 399/15/1 398/15/1
f 415/15/1 398/15/1 397/15/1
f 415/15/1 397/15/1 396/15/1
f 415/15/1 396/15/1 395/15/1
f 415/15/1 395/15/1 394/15/1
f 415/15/1 394/15/1 393/15/1
f 416/15/1 414/15/1 415/15/1
f 421/10/1 418/10/1 417/10/1
f 422/10/1 418/10/1 421/10/1
f 423/10/1 420/10/1 419/10/1
f 424/10/1 420/10/1 423/10/1
f 427/1/1 426/1/1 425/1/1
f 428/1/1 426/1/1 427/1/1
f 450/13/1 430/13/1 429/13/1
f 450/13/1 431/13/1 430/13/1
f 450/13/1 432/13/1 431/13/1
f 450/13/1 433/13/1 432/13/1
f 451/13/1 433/13/1 450/13/1
f 452/15/1 435/15/1 434/15/1
f 452/5/1 436/5/1 435/5/1
f 453/5/1 436/5/1 452/5/1
f 454/15/1 438/15/1 437/15/1
f 454/15/1 439/15/1 438/15/1
f 454/15/1 440/15/1 439/15/1
f 454/15/1 441/15/1 440/15/1
f 455/5/1 445/5/1 444/5/1
f 455/5/1 444/5/1 443/5/1
f 455/15/1 443/15/1 442/15/1
f 456/15/1 449/15/1 448/15/1
f 456/5/1 445/5/1 455/5/1
f 456/15/1 448/15/1 447/15/1
f 456/15/1 447/15/1 446/15/1
f 456/15/1 446/15/1 445/15/1
f 457/15/1 452/15/1 434/15/1
f 457/15/1 454/15/1 453/15/1
f 457/15/1 453/15/1 452/15/1
f 458/15/1 441/15/1 454/15/1
f 458/15/1 454/15/1 457/15/1
f 459/15/1 455/15/1 442/15/1
f 459/15/1 456/15/1 455/15/1
f 460/15/1 449/15/1 456/15/1
f 460/15/1 456/15/1 459/15/1
f 463/11/1 462/11/1 461/11/1
f 464/11/1 462/11/1 463/11/1
f 469/13/1 468/13/1 467/13/1
f 470/13/1 468/13/1 469/13/1
f 471/15/1 466/15/1 465/15/1
f 472/15/1 466/15/1 471/15/1
f 477/11/1 474/11/1 473/11/1
f 478/11/1 476/11/1 475/11/1
f 479/11/1 476/11/1 478/11/1
f 480/11/1 477/11/1 473/11/1
f 480/11/1 478/11/1 477/11/1
f 481/11/1 478/11/1 480/11/1
f 488/18/1 483/18/1 482/18/1
f 488/18/1 484/18/1 483/18/1
f 489/18/1 484/18/1 488/18/1
f 490/18/1 487/18/1 486/18/1
f 490/18/1 486/18/1 485/18/1
f 491/18/1 487/18/1 490/18/1
f 495/11/1 493/11/1 492/11/1
f 496/11/1 493/11/1 495/11/1
f 499/11/1 496/11/1 495/11/1
f 499/11/1 497/11/1 496/11/1
f 499/11/1 495/11/1 494/11/1
f 500/11/1 497/11/1 499/11/1
f 501/11/1 497/11/1 500/11/1
f 502/11/1 497/11/1 501/11/1
f 503/11/1 497/11/1 502/11/1
f 504/11/1 499/11/1 498/11/1
f 504/11/1 500/11/1 499/11/1
f 505/11/1 500/11/1 504/11/1
f 506/11/1 502/11/1 501/11/1
f 507/11/1 502/11/1 506/11/1
f 510/11/1 509/11/1 508/11/1
f 511/11/1 509/11/1 510/11/1
f 520/13/1 513/13/1 512/13/1
f 520/13/1 514/13/1 513/13/1
f 521/13/1 514/13/1 520/13/1
f 522/13/1 514/13/1 521/13/1
f 525/13/1 517/13/1 516/13/1
f 525/13/1 516/13/1 515/13/1
f 526/13/1 517/13/1 525/13/1
f 527/13/1 517/13/1 526/13/1
f 528/9/1 519/9/1 518/9/1
f 529/9/1 519/9/1 528/9/1
f 530/13/1 522/13/1 521/13/1
f 531/13/1 522/13/1 530/13/1
f 532/18/1 524/18/1 523/18/1
f 533/18/1 524/18/1 532/18/1
f 534/18/1 524/18/1 533/18/1
f 535/18/1 524/18/1 534/18/1
f 536/13/1 526/13/1 525/13/1
f 537/13/1 526/13/1 536/13/1
f 538/11/1 534/11/1 533/11/1
f 539/11/1 534/11/1 538/11/1
f 542/11/1 541/11/1 540/11/1
f 543/11/1 541/11/1 542/11/1
f 546/5/1 545/5/1 544/5/1
f 547/5/1 545/5/1 546/5/1
f 551/11/1 549/11/1 548/11/1
f 553/5/1 551/5/1 550/5/1
f 554/5/1 551/5/1 553/5/1
f 555/11/1 549/11/1 551/11/1
f 555/5/1 551/5/1 554/5/1
f 556/11/1 549/11/1 555/11/1
f 561/11/1 554/11/1 553/11/1
f 561/11/1 553/11/1 552/11/1
f 562/11/1 554/11/1 561/11/1
f 563/11/1 554/11/1 562/11/1
f 566/11/1 558/11/1 557/11/1
f 567/11/1 558/11/1 566/11/1
f 568/11/1 560/11/1 559/11/1
f 569/11/1 560/11/1 568/11/1
f 570/11/1 565/11/1 564/11/1
f 571/11/1 565/11/1 570/11/1
f 574/11/1 573/11/1 572/11/1
f 575/11/1 573/11/1 574/11/1
f 579/5/1 577/5/1 576/5/1
f 580/5/1 577/5/1 579/5/1
f 581/5/1 577/5/1 580/5/1
f 582/5/1 579/5/1 578/5/1
f 583/5/1 579/5/1 582/5/1
f 586/11/1 585/11/1 584/11/1
f 587/11/1 585/11/1 586/11/1
f 588/11/1 585/11/1 587/11/1
f 589/11/1 585/11/1 588/11/1
f 594/11/1 590/11/1 589/11/1
f 594/11/1 589/11/1 588/11/1
f 595/11/1 590/11/1 594/11/1
f 596/11/1 590/11/1 595/11/1
f 600/11/1 592/11/1 591/11/1
f 601/11/1 592/11/1 600/11/1
f 602/11/1 594/11/1 593/11/1
f 602/11/1 595/11/1 594/11/1
f 603/11/1 595/11/1 602/11/1
f 604/11/1 597/11/1 596/11/1
f 605/11/1 597/11/1 604/11/1
f 606/11/1 599/11/1 598/11/1
f 607/11/1 599/11/1 606/11/1
f 608/11/1 602/11/1 593/11/1
f 609/11/1 602/11/1 608/11/1
f 614/5/1 611/5/1 610/5/1
f 615/5/1 611/5/1 614/5/1
f 616/5/1 613/5/1 612/5/1
f 617/5/1 613/5/1 616/5/1
f 619/5/1 616/5/1 615/5/1
f 620/5/1 616/5/1 619/5/1
f 621/5/1 619/5/1 618/5/1
f 622/5/1 619/5/1 621/5/1
f 629/11/1 624/11/1 623/11/1
f 630/11/1 624/11/1 629/11/1
f 634/11/1 626/11/1 625/11/1
f 635/11/1 626/11/1 634/11/1
f 636/11/1 626/11/1 635/11/1
f 637/11/1 626/11/1 636/11/1
f 638/11/1 626/11/1 637/11/1
f 639/11/1 628/11/1 627/11/1
f 640/11/1 628/11/1 639/11/1
f 641/11/1 632/11/1 631/11/1
f 642/11/1 632/11/1 641/11/1
f 643/11/1 634/11/1 633/11/1
f 644/11/1 634/11/1 643/11/1
f 645/11/1 634/11/1 644/11/1
f 646/11/1 636/11/1 635/11/1
f 647/11/1 636/11/1 646/11/1
f 648/11/1 638/11/1 637/11/1
f 649/11/1 638/11/1 648/11/1
f 650/11/1 642/11/1 641/11/1
f 650/11/1 643/11/1 642/11/1
f 650/11/1 644/11/1 643/11/1
f 651/11/1 644/11/1 650/11/1
f 652/11/1 646/11/1 645/11/1
f 653/11/1 646/11/1 652/11/1
f 660/13/1 655/13/1 654/13/1
f 660/13/1 656/13/1 655/13/1
f 661/13/1 656/13/1 660/13/1
f 662/13/1 656/13/1 661/13/1
f 663/13/1 659/13/1 658/13/1
f 663/13/1 658/13/1 657/13/1
f 664/13/1 659/13/1 663/13/1
f 665/13/1 659/13/1 664/13/1
f 666/13/1 662/13/1 661/13/1
f 667/13/1 662/13/1 666/13/1
f 668/13/1 664/13/1 663/13/1
f 669/13/1 664/13/1 668/13/1
f 673/11/1 671/11/1 670/11/1
f 674/5/1 672/5/1 671/5/1
f 674/11/1 671/11/1 673/11/1
f 675/5/1 672/5/1 674/5/1
f 680/11/1 677/11/1 676/11/1
f 681/11/1 677/11/1 680/11/1
f 682/11/1 679/11/1 678/11/1
f 683/11/1 679/11/1 682/11/1
f 688/11/1 685/11/1 684/11/1
f 689/11/1 685/11/1 688/11/1
f 690/11/1 687/11/1 686/11/1
f 691/11/1 687/11/1 690/11/1
f 695/11/1 692/11/1 691/11/1
f 696/11/1 692/11/1 695/11/1
f 699/11/1 694/11/1 693/11/1
f 700/11/1 694/11/1 699/11/1
f 701/11/1 698/11/1 697/11/1
f 702/11/1 698/11/1 701/11/1
f 706/5/1 704/5/1 703/5/1
f 707/5/1 704/5/1 706/5/1
f 708/11/1 706/11/1 705/11/1
f 709/11/1 706/11/1 708/11/1
f 712/11/1 711/11/1 710/11/1
f 713/11/1 711/11/1 712/11/1
f 716/11/1 715/11/1 714/11/1
f 717/11/1 715/11/1 716/11/1
f 720/11/1 719/11/1 718/11/1
f 721/11/1 719/11/1 720/11/1
f 729/11/1 723/11/1 722/11/1
f 730/11/1 723/11/1 729/11/1
f 732/11/1 725/11/1 724/11/1
f 733/11/1 725/11/1 732/11/1
f 735/11/1 728/11/1 727/11/1
f 735/11/1 727/11/1 726/11/1
f 736/11/1 728/11/1 735/11/1
f 737/11/1 728/11/1 736/11/1
f 738/11/1 731/11/1 730/11/1
f 739/11/1 731/11/1 738/11/1
f 742/11/1 736/11/1 735/11/1
f 742/11/1 735/11/1 734/11/1
f 743/11/1 736/11/1 742/11/1
f 744/11/1 741/11/1 740/11/1
f 745/11/1 741/11/1 744/11/1
f 748/15/1 747/15/1 746/15/1
f 749/15/1 748/15/1 746/15/1
f 750/15/1 749/15/1 746/15/1
f 751/15/1 749/15/1 750/15/1
f 754/11/1 753/11/1 752/11/1
f 755/11/1 753/11/1 754/11/1
f 758/13/1 757/13/1 756/13/1
f 759/13/1 757/13/1 758/13/1
f 763/11/1 761/11/1 760/11/1
f 764/11/1 761/11/1 763/11/1
f 765/11/1 763/11/1 762/11/1
f 766/11/1 763/11/1 765/11/1
f 769/11/1 768/11/1 767/11/1
f 770/11/1 768/11/1 769/11/1
f 779/18/1 774/18/1 773/18/1
f 780/18/1 774/18/1 779/18/1
f 781/18/1 774/18/1 780/18/1
f 782/18/1 774/18/1 781/18/1
f 783/18/1 776/18/1 775/18/1
f 784/18/1 776/18/1 783/18/1
f 785/18/1 776/18/1 784/18/1
f 786/18/1 776/18/1 785/18/1
f 787/12/1 781/12/1 780/12/1
f 788/12/1 781/12/1 787/12/1
f 789/12/1 785/12/1 784/12/1
f 790/12/1 785/12/1 789/12/1
f 791/15/1 772/15/1 771/15/1
f 792/15/1 772/15/1 791/15/1
f 793/15/1 778/15/1 777/15/1
f 794/15/1 778/15/1 793/15/1
f 838/15/1 796/15/1 795/15/1
f 838/15/1 837/15/1 836/15/1
f 838/15/1 836/15/1 835/15/1
f 838/15/1 835/15/1 834/15/1
f 838/15/1 834/15/1 833/15/1
f 838/15/1 833/15/1 832/15/1
f 838/15/1 832/15/1 831/15/1
f 838/15/1 831/15/1 830/15/1
f 838/15/1 830/15/1 829/15/1
f 838/15/1 829/15/1 828/15/1
f 838/15/1 828/15/1 827/15/1
f 838/15/1 827/15/1 826/15/1
f 838/15/1 826/15/1 825/15/1
f 838/15/1 825/15/1 824/15/1
f 838/15/1 824/15/1 823/15/1
f 838/15/1 823/15/1 822/15/1
f 838/15/1 822/15/1 821/15/1
f 838/15/1 821/15/1 820/15/1
f 838/15/1 820/15/1 819/15/1
f 838/15/1 819/15/1 818/15/1
f 838/15/1 818/15/1 817/15/1
f 838/15/1 817/15/1 816/15/1
f 838/15/1 816/15/1 815/15/1
f 838/15/1 815/15/1 814/15/1
f 838/15/1 814/15/1 813/15/1
f 838/15/1 813/15/1 812/15/1
f 838/15/1 812/15/1 811/15/1
f 838/15/1 811/15/1 810/15/1
f 838/15/1 810/15/1 809/15/1
f 838/15/1 809/15/1 808/15/1
f 838/15/1 808/15/1 807/15/1
f 838/15/1 807/15/1 806/15/1
f 838/15/1 806/15/1 805/15/1
f 838/15/1 805/15/1 804/15/1
f 838/15/1 804/15/1 803/15/1
f 838/15/1 803/15/1 802/15/1
f 838/15/1 802/15/1 801/15/1
f 838/15/1 801/15/1 800/15/1
f 838/15/1 800/15/1 799/15/1
f 838/15/1 799/15/1 798/15/1
f 838/15/1 798/15/1 797/15/1
f 838/15/1 797/15/1 796/15/1
f 839/15/1 837/15/1 838/15/1
f 848/12/1 841/12/1 840/12/1
f 849/12/1 841/12/1 848/12/1
f 851/12/1 843/12/1 842/12/1
f 852/12/1 843/12/1 851/12/1
f 853/12/1 843/12/1 852/12/1
f 854/12/1 843/12/1 853/12/1
f 855/12/1 845/12/1 844/12/1
f 856/12/1 845/12/1 855/12/1
f 857/12/1 845/12/1 856/12/1
f 858/12/1 847/12/1 846/12/1
f 859/12/1 847/12/1 858/12/1
f 860/12/1 850/12/1 849/12/1
f 861/12/1 850/12/1 860/12/1
f 862/12/1 853/12/1 852/12/1
f 863/12/1 853/12/1 862/12/1
f 864/12/1 857/12/1 856/12/1
f 865/12/1 857/12/1 864/12/1
f 866/12/2 867/12/2 878/12/2
f 878/12/2 867/12/2 879/12/2
f 868/12/2 869/12/2 880/12/2
f 870/12/2 871/12/2 881/12/2
f 881/12/2 871/12/2 882/12/2
f 872/12/2 873/12/2 883/12/2
f 883/12/2 873/12/2 884/12/2
f 874/12/2 875/12/2 885/12/2
f 885/12/2 875/12/2 886/12/2
f 876/12/2 877/12/2 887/12/2
f 887/12/2 877/12/2 888/12/2
f 888/12/2 877/12/2 889/12/2
f 889/12/2 877/12/2 890/12/2
f 890/12/2 877/12/2 891/12/2
f 879/12/2 867/12/2 892/12/2
f 892/12/2 867/12/2 893/12/2
f 880/12/2 869/12/2 894/12/2
f 894/12/2 869/12/2 895/12/2
f 872/12/2 883/12/2 896/12/2
f 896/12/2 883/12/2 897/12/2
f 887/12/2 888/12/2 898/12/2
f 886/12/2 887/12/2 898/12/2
f 898/12/2 888/12/2 899/12/2
f 889/12/2 890/12/2 900/12/2
f 900/12/2 890/12/2 901/12/2
f 904/18/2 905/18/2 914/18/2
f 914/18/2 905/18/2 915/18/2
f 915/18/2 905/18/2 916/18/2
f 916/18/2 905/18/2 917/18/2
f 906/18/2 907/18/2 918/18/2
f 918/18/2 907/18/2 919/18/2
f 908/18/2 909/18/2 920/18/2
f 920/18/2 909/18/2 921/18/2
f 910/18/2 911/18/2 922/18/2
f 922/18/2 911/18/2 923/18/2
f 923/18/2 911/18/2 924/18/2
f 924/18/2 911/18/2 925/18/2
f 915/12/2 916/12/2 926/12/2
f 926/12/2 916/12/2 927/12/2
f 923/12/2 924/12/2 928/12/2
f 928/12/2 924/12/2 929/12/2
f 902/15/2 903/15/2 930/15/2
f 930/15/2 903/15/2 931/15/2
f 912/15/2 913/15/2 932/15/2
f 932/15/2 913/15/2 933/15/2
f 934/15/2 935/15/2 977/15/2
f 975/15/2 976/15/2 977/15/2
f 974/15/2 975/15/2 977/15/2
f 973/15/2 974/15/2 977/15/2
f 972/15/2 973/15/2 977/15/2
f 971/15/2 972/15/2 977/15/2
f 970/15/2 971/15/2 977/15/2
f 969/15/2 970/15/2 977/15/2
f 968/15/2 969/15/2 977/15/2
f 967/15/2 968/15/2 977/15/2
f 966/15/2 967/15/2 977/15/2
f 965/15/2 966/15/2 977/15/2
f 964/15/2 965/15/2 977/15/2
f 963/15/2 964/15/2 977/15/2
f 962/15/2 963/15/2 977/15/2
f 961/15/2 962/15/2 977/15/2
f 960/15/2 961/15/2 977/15/2
f 959/15/2 960/15/2 977/15/2
f 958/15/2 959/15/2 977/15/2
f 957/15/2 958/15/2 977/15/2
f 956/15/2 957/15/2 977/15/2
f 955/15/2 956/15/2 977/15/2
f 954/15/2 955/15/2 977/15/2
f 953/15/2 954/15/2 977/15/2
f 952/15/2 953/15/2 977/15/2
f 951/15/2 952/15/2 977/15/2
f 950/15/2 951/15/2 977/15/2
f 949/15/2 950/15/2 977/15/2
f 948/15/2 949/15/2 977/15/2
f 947/15/2 948/15/2 977/15/2
f 946/15/2 947/15/2 977/15/2
f 945/15/2 946/15/2 977/15/2
f 944/15/2 945/15/2 977/15/2
f 943/15/2 944/15/2 977/15/2
f 942/15/2 943/15/2 977/15/2
f 941/15/2 942/15/2 977/15/2
f 940/15/2 941/15/2 977/15/2
f 939/15/2 940/15/2 977/15/2
f 938/15/2 939/15/2 977/15/2
f 937/15/2 938/15/2 977/15/2
f 936/15/2 937/15/2 977/15/2
f 935/15/2 936/15/2 977/15/2
f 977/15/2 976/15/2 978/15/2
f 979/15/2 980/15/2 981/15/2
f 979/15/2 981/15/2 982/15/2
f 979/15/2 982/15/2 983/15/2
f 983/15/2 982/15/2 984/15/2
f 985/1/2 986/1/2 987/1/2
f 987/1/2 986/1/2 988/1/2
f 989/9/2 990/9/2 991/9/2
f 991/9/2 990/9/2 992/9/2
f 993/15/2 994/15/2 999/15/2
f 997/15/2 998/15/2 999/15/2
f 996/15/2 997/15/2 999/15/2
f 995/15/2 996/15/2 999/15/2
f 994/15/2 995/15/2 999/15/2
f 999/15/2 998/15/2 1000/15/2
f 993/15/2 999/15/2 1001/15/2
f 1001/15/2 999/15/2 1002/15/2
f 1003/4/2 1004/4/2 1007/4/2
f 1004/4/2 1005/4/2 1007/4/2
f 1007/4/2 1005/4/2 1008/4/2
f 1006/15/2 1007/15/2 1018/15/2
f 1007/4/2 1008/4/2 1018/4/2
f 1008/15/2 1009/15/2 1019/15/2
f 1018/4/2 1008/4/2 1019/4/2
f 1009/6/2 1010/6/2 1020/6/2
f 1019/15/2 1009/15/2 1020/15/2
f 1018/15/2 1019/15/2 1020/15/2
f 1010/15/2 1011/15/2 1021/15/2
f 1020/6/2 1010/6/2 1021/6/2
f 1011/6/2 1012/6/2 1022/6/2
f 1021/15/2 1011/15/2 1022/15/2
f 1012/15/2 1013/15/2 1023/15/2
f 1022/6/2 1012/6/2 1023/6/2
f 1013/6/2 1014/6/2 1024/6/2
f 1023/15/2 1013/15/2 1024/15/2
f 1014/15/2 1015/15/2 1025/15/2
f 1024/6/2 1014/6/2 1025/6/2
f 1015/6/2 1016/6/2 1026/6/2
f 1025/15/2 1015/15/2 1026/15/2
f 1016/15/2 1017/15/2 1027/15/2
f 1026/6/2 1016/6/2 1027/6/2
f 1025/15/2 1026/15/2 1029/15/2
f 1024/15/2 1025/15/2 1029/15/2
f 1026/15/2 1027/15/2 1029/15/2
f 1022/15/2 1023/15/2 1029/15/2
f 1021/15/2 1022/15/2 1029/15/2
f 1020/15/2 1021/15/2 1029/15/2
f 1018/15/2 1020/15/2 1029/15/2
f 1023/15/2 1024/15/2 1029/15/2
f 1006/15/2 1018/15/2 1029/15/2
f 1028/15/2 1029/15/2 1030/15/2
f 1030/15/2 1029/15/2 1031/15/2
f 1031/15/2 1029/15/2 1032/15/2
f 1029/15/2 1027/15/2 1033/15/2
f 1032/15/2 1029/15/2 1033/15/2
f 1033/15/2 1027/15/2 1034/15/2
f 1034/15/2 1027/15/2 1035/15/2
f 1035/15/2 1027/15/2 1036/15/2
f 1036/15/2 1027/15/2 1037/15/2
f 1037/15/2 1027/15/2 1038/15/2
f 1038/15/2 1027/15/2 1039/15/2
f 1039/15/2 1027/15/2 1040/15/2
f 1040/15/2 1027/15/2 1041/15/2
f 1041/15/2 1027/15/2 1042/15/2
f 1042/15/2 1027/15/2 1043/15/2
f 1043/15/2 1027/15/2 1044/15/2
f 1044/15/2 1027/15/2 1045/15/2
f 1045/15/2 1027/15/2 1046/15/2
f 1027/15/2 1017/15/2 1047/15/2
f 1046/15/2 1027/15/2 1047/15/2
f 1028/15/2 1030/15/2 1048/15/2
f 1030/6/2 1031/6/2 1048/6/2
f 1031/15/2 1032/15/2 1049/15/2
f 1048/6/2 1031/6/2 1049/6/2
f 1032/6/2 1033/6/2 1050/6/2
f 1049/15/2 1032/15/2 1050/15/2
f 1033/15/2 1034/15/2 1051/15/2
f 1050/6/2 1033/6/2 1051/6/2
f 1034/6/2 1035/6/2 1052/6/2
f 1051/15/2 1034/15/2 1052/15/2
f 1035/15/2 1036/15/2 1053/15/2
f 1052/6/2 1035/6/2 1053/6/2
f 1036/6/2 1037/6/2 1054/6/2
f 1053/15/2 1036/15/2 1054/15/2
f 1037/15/2 1038/15/2 1055/15/2
f 1054/6/2 1037/6/2 1055/6/2
f 1038/6/2 1039/6/2 1056/6/2
f 1055/15/2 1038/15/2 1056/15/2
f 1039/15/2 1040/15/2 1057/15/2
f 1056/6/2 1039/6/2 1057/6/2
f 1040/6/2 1041/6/2 1058/6/2
f 1057/15/2 1040/15/2 1058/15/2
f 1041/15/2 1042/15/2 1059/15/2
f 1058/6/2 1041/6/2 1059/6/2
f 1042/6/2 1043/6/2 1060/6/2
f 1059/15/2 1042/15/2 1060/15/2
f 1043/15/2 1044/15/2 1061/15/2
f 1060/6/2 1043/6/2 1061/6/2
f 1044/6/2 1045/6/2 1062/6/2
f 1061/15/2 1044/15/2 1062/15/2
f 1045/15/2 1046/15/2 1063/15/2
f 1062/6/2 1045/6/2 1063/6/2
f 1046/6/2 1047/6/2 1064/6/2
f 1063/15/2 1046/15/2 1064/15/2
f 1047/15/2 1017/15/2 1065/15/2
f 1064/6/2 1047/6/2 1065/6/2
f 1061/15/2 1062/15/2 1066/15/2
f 1028/15/2 1048/15/2 1066/15/2
f 1064/15/2 1065/15/2 1066/15/2
f 1060/15/2 1061/15/2 1066/15/2
f 1059/15/2 1060/15/2 1066/15/2
f 1058/15/2 1059/15/2 1066/15/2
f 1057/15/2 1058/15/2 1066/15/2
f 1056/15/2 1057/15/2 1066/15/2
f 1055/15/2 1056/15/2 1066/15/2
f 1054/15/2 1055/15/2 1066/15/2
f 1053/15/2 1054/15/2 1066/15/2
f 1052/15/2 1053/15/2 1066/15/2
f 1051/15/2 1052/15/2 1066/15/2
f 1050/15/2 1051/15/2 1066/15/2
f 1049/15/2 1050/15/2 1066/15/2
f 1048/15/2 1049/15/2 1066/15/2
f 1062/15/2 1063/15/2 1066/15/2
f 1063/15/2 1064/15/2 1066/15/2
f 1065/15/2 1017/15/2 1067/15/2
f 1066/15/2 1065/15/2 1067/15/2
f 1068/15/2 1069/15/2 1074/15/2
f 1072/15/2 1073/15/2 1074/15/2
f 1071/15/2 1072/15/2 1074/15/2
f 1070/15/2 1071/15/2 1074/15/2
f 1069/15/2 1070/15/2 1074/15/2
f 1074/15/2 1073/15/2 1075/15/2
f 1076/15/2 1077/15/2 1098/15/2
f 1077/15/2 1078/15/2 1098/15/2
f 1098/15/2 1078/15/2 1099/15/2
f 1096/15/2 1097/15/2 1100/15/2
f 1095/15/2 1096/15/2 1100/15/2
f 1079/15/2 1080/15/2 1100/15/2
f 1094/15/2 1095/15/2 1100/15/2
f 1093/15/2 1094/15/2 1100/15/2
f 1092/15/2 1093/15/2 1100/15/2
f 1091/15/2 1092/15/2 1100/15/2
f 1090/15/2 1091/15/2 1100/15/2
f 1089/15/2 1090/15/2 1100/15/2
f 1088/15/2 1089/15/2 1100/15/2
f 1087/15/2 1088/15/2 1100/15/2
f 1086/15/2 1087/15/2 1100/15/2
f 1085/15/2 1086/15/2 1100/15/2
f 1084/15/2 1085/15/2 1100/15/2
f 1083/15/2 1084/15/2 1100/15/2
f 1082/15/2 1083/15/2 1100/15/2
f 1081/15/2 1082/15/2 1100/15/2
f 1080/15/2 1081/15/2 1100/15/2
f 1100/15/2 1097/15/2 1101/15/2
f 1102/8/2 1103/8/2 1104/8/2
f 1104/8/2 1103/8/2 1105/8/2
f 1106/15/2 1107/15/2 1115/15/2
f 1113/15/2 1114/15/2 1115/15/2
f 1112/15/2 1113/15/2 1115/15/2
f 1111/15/2 1112/15/2 1115/15/2
f 1110/15/2 1111/15/2 1115/15/2
f 1109/15/2 1110/15/2 1115/15/2
f 1108/15/2 1109/15/2 1115/15/2
f 1107/15/2 1108/15/2 1115/15/2
f 1115/15/2 1114/15/2 1116/15/2
f 1117/10/2 1118/10/2 1119/10/2
f 1119/10/2 1118/10/2 1120/10/2
f 1121/10/2 1122/10/2 1123/10/2
f 1121/10/2 1123/10/2 1124/10/2
f 1124/10/2 1123/10/2 1125/10/2
f 1126/10/2 1127/10/2 1128/10/2
f 1128/10/2 1127/10/2 1129/10/2
f 1130/10/2 1131/10/2 1132/10/2
f 1132/10/2 1131/10/2 1133/10/2
f 1134/10/2 1135/10/2 1136/10/2
f 1136/10/2 1135/10/2 1137/10/2
f 1138/4/2 1139/4/2 1144/4/2
f 1139/4/2 1140/4/2 1144/4/2
f 1144/4/2 1140/4/2 1145/4/2
f 1143/15/2 1144/15/2 1153/15/2
f 1144/4/2 1145/4/2 1153/4/2
f 1145/15/2 1146/15/2 1154/15/2
f 1153/4/2 1145/4/2 1154/4/2
f 1141/15/2 1142/15/2 1155/15/2
f 1142/6/2 1143/6/2 1156/6/2
f 1155/15/2 1142/15/2 1156/15/2
f 1143/15/2 1153/15/2 1157/15/2
f 1156/6/2 1143/6/2 1157/6/2
f 1153/15/2 1154/15/2 1157/15/2
f 1154/15/2 1146/15/2 1158/15/2
f 1157/15/2 1154/15/2 1158/15/2
f 1146/6/2 1147/6/2 1158/6/2
f 1147/15/2 1148/15/2 1159/15/2
f 1158/6/2 1147/6/2 1159/6/2
f 1148/6/2 1149/6/2 1160/6/2
f 1159/15/2 1148/15/2 1160/15/2
f 1149/15/2 1150/15/2 1161/15/2
f 1160/6/2 1149/6/2 1161/6/2
f 1150/6/2 1151/6/2 1162/6/2
f 1161/15/2 1150/15/2 1162/15/2
f 1151/15/2 1152/15/2 1163/15/2
f 1162/6/2 1151/6/2 1163/6/2
f 1163/15/2 1152/15/2 1164/15/2
f 1165/15/2 1166/15/2 1167/15/2
f 1167/15/2 1166/15/2 1168/15/2
f 1169/15/2 1170/15/2 1189/15/2
f 1170/6/2 1171/6/2 1190/6/2
f 1189/15/2 1170/15/2 1190/15/2
f 1171/15/2 1172/15/2 1191/15/2
f 1190/6/2 1171/6/2 1191/6/2
f 1172/6/2 1173/6/2 1192/6/2
f 1191/15/2 1172/15/2 1192/15/2
f 1173/15/2 1174/15/2 1193/15/2
f 1192/6/2 1173/6/2 1193/6/2
f 1174/6/2 1175/6/2 1194/6/2
f 1193/15/2 1174/15/2 1194/15/2
f 1175/15/2 1176/15/2 1195/15/2
f 1194/6/2 1175/6/2 1195/6/2
f 1176/6/2 1177/6/2 1196/6/2
f 1195/15/2 1176/15/2 1196/15/2
f 1177/15/2 1178/15/2 1197/15/2
f 1196/6/2 1177/6/2 1197/6/2
f 1178/6/2 1179/6/2 1198/6/2
f 1197/15/2 1178/15/2 1198/15/2
f 1179/15/2 1180/15/2 1199/15/2
f 1198/6/2 1179/6/2 1199/6/2
f 1180/6/2 1181/6/2 1200/6/2
f 1199/15/2 1180/15/2 1200/15/2
f 1181/15/2 1182/15/2 1201/15/2
f 1200/6/2 1181/6/2 1201/6/2
f 1182/6/2 1183/6/2 1202/6/2
f 1201/15/2 1182/15/2 1202/15/2
f 1183/15/2 1184/15/2 1203/15/2
f 1202/6/2 1183/6/2 1203/6/2
f 1184/6/2 1185/6/2 1204/6/2
f 1203/15/2 1184/15/2 1204/15/2
f 1185/15/2 1186/15/2 1205/15/2
f 1204/6/2 1185/6/2 1205/6/2
f 1186/6/2 1187/6/2 1206/6/2
f 1205/15/2 1186/15/2 1206/15/2
f 1187/15/2 1188/15/2 1207/15/2
f 1206/6/2 1187/6/2 1207/6/2
f 1207/15/2 1188/15/2 1208/15/2
f 1209/15/2 1210/15/2 1211/15/2
f 1211/15/2 1210/15/2 1212/15/2
f 1213/15/2 1214/15/2 1215/15/2
f 1215/15/2 1214/15/2 1216/15/2
f 1216/15/2 1214/15/2 1217/15/2
f 1217/15/2 1214/15/2 1218/15/2
f 1213/15/2 1215/15/2 1219/15/2
f 1215/6/2 1216/6/2 1219/6/2
f 1216/15/2 1217/15/2 1220/15/2
f 1219/6/2 1216/6/2 1220/6/2
f 1217/6/2 1218/6/2 1221/6/2
f 1220/15/2 1217/15/2 1221/15/2
f 1218/15/2 1214/15/2 1222/15/2
f 1221/6/2 1218/6/2 1222/6/2
f 1220/15/2 1221/15/2 1223/15/2
f 1219/15/2 1220/15/2 1223/15/2
f 1221/15/2 1222/15/2 1223/15/2
f 1223/15/2 1222/15/2 1224/15/2
f 1219/15/2 1223/15/2 1225/15/2
f 1225/15/2 1223/15/2 1226/15/2
f 1224/15/2 1222/15/2 1227/15/2
f 1227/15/2 1222/15/2 1228/15/2
f 1219/15/2 1225/15/2 1229/15/2
f 1228/15/2 1222/15/2 1232/15/2
f 1213/15/2 1219/15/2 1234/15/2
f 1229/15/2 1230/15/2 1234/15/2
f 1219/15/2 1229/15/2 1234/15/2
f 1234/15/2 1230/15/2 1235/15/2
f 1235/15/2 1230/15/2 1236/15/2
f 1231/15/2 1232/15/2 1237/15/2
f 1232/15/2 1222/15/2 1238/15/2
f 1237/15/2 1232/15/2 1238/15/2
f 1222/15/2 1214/15/2 1239/15/2
f 1238/15/2 1222/15/2 1239/15/2
f 1237/15/2 1238/15/2 1240/15/2
f 1235/15/2 1236/15/2 1240/15/2
f 1236/15/2 1237/15/2 1240/15/2
f 1240/15/2 1238/15/2 1241/15/2
f 1242/15/2 1243/15/2 1244/15/2
f 1244/15/2 1243/15/2 1245/15/2
f 1233/10/2 1234/10/2 1246/10/2
f 1246/10/2 1234/10/2 1247/10/2
f 1248/9/2 1249/9/2 1250/9/2
f 1250/9/2 1249/9/2 1251/9/2
f 1252/15/2 1253/15/2 1283/15/2
f 1253/15/2 1254/15/2 1283/15/2
f 1254/15/2 1255/15/2 1283/15/2
f 1255/15/2 1256/15/2 1283/15/2
f 1256/15/2 1257/15/2 1283/15/2
f 1257/15/2 1258/15/2 1283/15/2
f 1258/15/2 1259/15/2 1283/15/2
f 1259/15/2 1260/15/2 1283/15/2
f 1283/15/2 1260/15/2 1284/15/2
f 1281/15/2 1282/15/2 1285/15/2
f 1280/15/2 1281/15/2 1285/15/2
f 1279/15/2 1280/15/2 1285/15/2
f 1273/15/2 1274/15/2 1285/15/2
f 1272/15/2 1273/15/2 1285/15/2
f 1271/15/2 1272/15/2 1285/15/2
f 1270/15/2 1271/15/2 1285/15/2
f 1269/15/2 1270/15/2 1285/15/2
f 1268/15/2 1269/15/2 1285/15/2
f 1267/15/2 1268/15/2 1285/15/2
f 1266/15/2 1267/15/2 1285/15/2
f 1265/15/2 1266/15/2 1285/15/2
f 1264/15/2 1265/15/2 1285/15/2
f 1263/15/2 1264/15/2 1285/15/2
f 1262/15/2 1263/15/2 1285/15/2
f 1261/15/2 1262/15/2 1285/15/2
f 1274/15/2 1275/15/2 1285/15/2
f 1275/15/2 1276/15/2 1285/15/2
f 1276/15/2 1277/15/2 1285/15/2
f 1277/15/2 1278/15/2 1285/15/2
f 1278/15/2 1279/15/2 1285/15/2
f 1285/15/2 1282/15/2 1286/15/2
f 1287/15/2 1288/15/2 1289/15/2
f 1289/15/2 1288/15/2 1290/15/2
f 1291/15/2 1292/15/2 1293/15/2
f 1293/15/2 1292/15/2 1294/15/2
f 1295/15/2 1296/15/2 1297/15/2
f 1297/15/2 1296/15/2 1298/15/2
f 1299/15/2 1300/15/2 1301/15/2
f 1301/15/2 1300/15/2 1302/15/2
f 1303/10/2 1304/10/2 1306/10/2
f 1306/10/2 1304/10/2 1307/10/2
f 1305/10/2 1306/10/2 1309/10/2
f 1307/10/2 1308/10/2 1309/10/2
f 1306/10/2 1307/10/2 1309/10/2
f 1309/10/2 1308/10/2 1310/10/2
f 1310/10/2 1308/10/2 1311/10/2
f 1311/10/2 1308/10/2 1312/10/2
f 1310/10/2 1311/10/2 1315/10/2
f 1315/10/2 1311/10/2 1316/10/2
f 1313/10/2 1314/10/2 1319/10/2
f 1317/10/2 1318/10/2 1320/10/2
f 1313/10/2 1319/10/2 1321/10/2
f 1319/10/2 1320/10/2 1321/10/2
f 1320/10/2 1318/10/2 1322/10/2
f 1321/10/2 1320/10/2 1322/10/2
f 1313/10/2 1321/10/2 1323/10/2
f 1323/10/2 1321/10/2 1324/10/2
f 1322/10/2 1318/10/2 1325/10/2
f 1325/10/2 1318/10/2 1326/10/2
f 1327/1/2 1328/1/2 1329/1/2
f 1329/1/2 1328/1/2 1330/1/2
f 1331/13/2 1332/13/2 1333/13/2
f 1333/13/2 1332/13/2 1334/13/2
f 1335/11/2 1336/11/2 1337/11/2
f 1337/11/2 1336/11/2 1338/11/2
f 1339/11/2 1340/11/2 1343/11/2
f 1343/11/2 1340/11/2 1344/11/2
f 1341/11/2 1342/11/2 1345/11/2
f 1345/11/2 1342/11/2 1346/11/2
f 1347/11/2 1348/11/2 1349/11/2
f 1349/11/2 1348/11/2 1350/11/2
f 1351/9/2 1352/9/2 1353/9/2
f 1353/9/2 1352/9/2 1354/9/2
f 1355/11/2 1356/11/2 1357/11/2
f 1357/11/2 1356/11/2 1358/11/2
f 1359/11/2 1360/11/2 1363/11/2
f 1363/11/2 1360/11/2 1364/11/2
f 1361/11/2 1362/11/2 1365/11/2
f 1365/11/2 1362/11/2 1366/11/2
f 1367/15/2 1368/15/2 1374/15/2
f 1372/15/2 1373/15/2 1374/15/2
f 1371/15/2 1372/15/2 1374/15/2
f 1370/15/2 1371/15/2 1374/15/2
f 1369/15/2 1370/15/2 1374/15/2
f 1368/15/2 1369/15/2 1374/15/2
f 1374/15/2 1373/15/2 1375/15/2
f 1376/11/2 1377/11/2 1380/11/2
f 1380/11/2 1377/11/2 1381/11/2
f 1378/11/2 1379/11/2 1382/11/2
f 1382/11/2 1379/11/2 1383/11/2
f 1383/11/2 1379/11/2 1384/11/2
f 1385/13/2 1386/13/2 1391/13/2
f 1386/13/2 1387/13/2 1391/13/2
f 1391/13/2 1387/13/2 1392/13/2
f 1392/13/2 1387/13/2 1393/13/2
f 1389/13/2 1390/13/2 1394/13/2
f 1388/13/2 1389/13/2 1394/13/2
f 1394/13/2 1390/13/2 1395/13/2
f 1395/13/2 1390/13/2 1396/13/2
f 1392/13/2 1393/13/2 1397/13/2
f 1397/13/2 1393/13/2 1398/13/2
f 1394/13/2 1395/13/2 1401/13/2
f 1401/13/2 1395/13/2 1402/13/2
f 1399/11/2 1400/11/2 1403/11/2
f 1403/11/2 1400/11/2 1404/11/2
f 1405/5/2 1406/5/2 1409/5/2
f 1409/5/2 1406/5/2 1410/5/2
f 1407/5/2 1408/5/2 1413/5/2
f 1408/5/2 1409/5/2 1413/5/2
f 1413/5/2 1409/5/2 1414/5/2
f 1414/5/2 1409/5/2 1415/5/2
f 1411/11/2 1412/11/2 1418/11/2
f 1418/11/2 1412/11/2 1419/11/2
f 1416/11/2 1417/11/2 1420/11/2
f 1420/11/2 1417/11/2 1421/11/2
f 1422/5/2 1423/5/2 1426/5/2
f 1426/5/2 1423/5/2 1427/5/2
f 1424/5/2 1425/5/2 1428/5/2
f 1428/5/2 1425/5/2 1429/5/2
f 1429/11/2 1430/11/2 1431/11/2
f 1431/11/2 1430/11/2 1432/11/2
f 1433/11/2 1434/11/2 1439/11/2
f 1439/11/2 1434/11/2 1440/11/2
f 1435/11/2 1436/11/2 1444/11/2
f 1444/11/2 1436/11/2 1445/11/2
f 1437/11/2 1438/11/2 1446/11/2
f 1446/11/2 1438/11/2 1447/11/2
f 1439/11/2 1440/11/2 1448/11/2
f 1440/11/2 1441/11/2 1448/11/2
f 1448/11/2 1441/11/2 1449/11/2
f 1442/11/2 1443/11/2 1450/11/2
f 1450/11/2 1443/11/2 1451/11/2
f 1452/5/2 1453/5/2 1457/5/2
f 1457/5/2 1453/5/2 1458/5/2
f 1454/11/2 1455/11/2 1459/11/2
f 1455/5/2 1456/5/2 1460/5/2
f 1459/11/2 1455/11/2 1460/11/2
f 1460/5/2 1456/5/2 1461/5/2
f 1461/5/2 1462/5/2 1463/5/2
f 1460/5/2 1461/5/2 1463/5/2
f 1463/5/2 1462/5/2 1464/5/2
f 1464/5/2 1462/5/2 1465/5/2
f 1464/11/2 1465/11/2 1468/11/2
f 1468/11/2 1465/11/2 1469/11/2
f 1466/11/2 1467/11/2 1470/11/2
f 1470/11/2 1467/11/2 1471/11/2
f 1472/11/2 1473/11/2 1479/11/2
f 1479/11/2 1473/11/2 1480/11/2
f 1474/11/2 1475/11/2 1482/11/2
f 1477/11/2 1478/11/2 1485/11/2
f 1476/11/2 1477/11/2 1485/11/2
f 1485/11/2 1478/11/2 1486/11/2
f 1486/11/2 1478/11/2 1487/11/2
f 1487/11/2 1478/11/2 1488/11/2
f 1480/11/2 1481/11/2 1489/11/2
f 1489/11/2 1481/11/2 1490/11/2
f 1482/11/2 1483/11/2 1491/11/2
f 1474/11/2 1482/11/2 1491/11/2
f 1491/11/2 1483/11/2 1492/11/2
f 1484/11/2 1485/11/2 1494/11/2
f 1494/11/2 1485/11/2 1495/11/2
f 1486/11/2 1487/11/2 1496/11/2
f 1496/11/2 1487/11/2 1497/11/2
f 1492/11/2 1493/11/2 1498/11/2
f 1498/11/2 1493/11/2 1499/11/2
f 1500/11/2 1501/11/2 1503/11/2
f 1501/5/2 1502/5/2 1504/5/2
f 1503/11/2 1501/11/2 1504/11/2
f 1504/5/2 1502/5/2 1505/5/2
f 1504/5/2 1505/5/2 1507/5/2
f 1505/11/2 1506/11/2 1508/11/2
f 1507/5/2 1505/5/2 1508/5/2
f 1508/11/2 1506/11/2 1509/11/2
f 1510/11/2 1511/11/2 1512/11/2
f 1512/11/2 1511/11/2 1513/11/2
f 1514/11/2 1515/11/2 1516/11/2
f 1516/11/2 1515/11/2 1517/11/2
f 1518/13/2 1519/13/2 1524/13/2
f 1519/13/2 1520/13/2 1524/13/2
f 1524/13/2 1520/13/2 1525/13/2
f 1525/13/2 1520/13/2 1526/13/2
f 1522/13/2 1523/13/2 1531/13/2
f 1521/13/2 1522/13/2 1531/13/2
f 1531/13/2 1523/13/2 1532/13/2
f 1532/13/2 1523/13/2 1533/13/2
f 1525/13/2 1526/13/2 1534/13/2
f 1534/13/2 1526/13/2 1535/13/2
f 1527/18/2 1528/18/2 1536/18/2
f 1536/18/2 1528/18/2 1537/18/2
f 1537/18/2 1528/18/2 1538/18/2
f 1529/18/2 1530/18/2 1539/18/2
f 1539/18/2 1530/18/2 1540/18/2
f 1531/13/2 1532/13/2 1541/13/2
f 1541/13/2 1532/13/2 1542/13/2
f 1536/11/2 1537/11/2 1543/11/2
f 1543/11/2 1537/11/2 1544/11/2
f 1538/11/2 1539/11/2 1545/11/2
f 1545/11/2 1539/11/2 1546/11/2
f 1547/11/2 1548/11/2 1552/11/2
f 1552/11/2 1548/11/2 1553/11/2
f 1549/11/2 1550/11/2 1556/11/2
f 1556/11/2 1550/11/2 1557/11/2
f 1551/11/2 1552/11/2 1560/11/2
f 1560/11/2 1552/11/2 1561/11/2
f 1561/11/2 1552/11/2 1562/11/2
f 1553/11/2 1554/11/2 1563/11/2
f 1563/11/2 1554/11/2 1564/11/2
f 1564/11/2 1554/11/2 1565/11/2
f 1555/11/2 1556/11/2 1566/11/2
f 1566/11/2 1556/11/2 1567/11/2
f 1558/11/2 1559/11/2 1569/11/2
f 1569/11/2 1559/11/2 1570/11/2
f 1564/11/2 1565/11/2 1572/11/2
f 1572/11/2 1565/11/2 1573/11/2
f 1568/11/2 1569/11/2 1574/11/2
f 1574/11/2 1569/11/2 1575/11/2
f 1571/11/2 1572/11/2 1576/11/2
f 1576/11/2 1572/11/2 1577/11/2
f 1578/15/2 1579/15/2 1582/15/2
f 1582/15/2 1579/15/2 1583/15/2
f 1583/15/2 1579/15/2 1584/15/2
f 1584/15/2 1579/15/2 1585/15/2
f 1585/15/2 1579/15/2 1586/15/2
f 1586/15/2 1579/15/2 1587/15/2
f 1587/15/2 1579/15/2 1588/15/2
f 1588/15/2 1579/15/2 1589/15/2
f 1580/15/2 1581/15/2 1590/15/2
f 1590/15/2 1581/15/2 1591/15/2
f 1591/15/2 1581/15/2 1592/15/2
f 1592/15/2 1581/15/2 1593/15/2
f 1593/15/2 1581/15/2 1594/15/2
f 1594/15/2 1581/15/2 1595/15/2
f 1589/15/2 1579/15/2 1596/15/2
f 1580/15/2 1590/15/2 1597/15/2
f 1589/15/2 1596/15/2 1598/15/2
f 1596/15/2 1597/15/2 1598/15/2
f 1597/15/2 1590/15/2 1599/15/2
f 1598/15/2 1597/15/2 1599/15/2
f 1589/15/2 1598/15/2 1600/15/2
f 1598/6/2 1599/6/2 1600/6/2
f 1599/15/2 1590/15/2 1601/15/2
f 1600/6/2 1599/6/2 1601/6/2
f 1578/15/2 1582/15/2 1602/15/2
f 1582/6/2 1583/6/2 1602/6/2
f 1583/15/2 1584/15/2 1603/15/2
f 1602/6/2 1583/6/2 1603/6/2
f 1584/6/2 1585/6/2 1604/6/2
f 1603/15/2 1584/15/2 1604/15/2
f 1585/15/2 1586/15/2 1605/15/2
f 1604/6/2 1585/6/2 1605/6/2
f 1586/6/2 1587/6/2 1606/6/2
f 1605/15/2 1586/15/2 1606/15/2
f 1587/15/2 1588/15/2 1607/15/2
f 1606/6/2 1587/6/2 1607/6/2
f 1588/6/2 1589/6/2 1608/6/2
f 1607/15/2 1588/15/2 1608/15/2
f 1600/15/2 1601/15/2 1609/15/2
f 1608/6/2 1589/6/2 1609/6/2
f 1589/15/2 1600/15/2 1609/15/2
f 1601/15/2 1590/15/2 1610/15/2
f 1609/15/2 1601/15/2 1610/15/2
f 1590/6/2 1591/6/2 1610/6/2
f 1591/15/2 1592/15/2 1611/15/2
f 1610/6/2 1591/6/2 1611/6/2
f 1592/6/2 1593/6/2 1612/6/2
f 1611/15/2 1592/15/2 1612/15/2
f 1593/15/2 1594/15/2 1613/15/2
f 1612/6/2 1593/6/2 1613/6/2
f 1594/6/2 1595/6/2 1614/6/2
f 1613/15/2 1594/15/2 1614/15/2
f 1595/15/2 1581/15/2 1615/15/2
f 1614/6/2 1595/6/2 1615/6/2
f 1613/15/2 1614/15/2 1616/15/2
f 1608/15/2 1609/15/2 1616/15/2
f 1614/15/2 1615/15/2 1616/15/2
f 1611/15/2 1612/15/2 1616/15/2
f 1610/15/2 1611/15/2 1616/15/2
f 1609/15/2 1610/15/2 1616/15/2
f 1612/15/2 1613/15/2 1616/15/2
f 1607/15/2 1608/15/2 1616/15/2
f 1606/15/2 1607/15/2 1616/15/2
f 1605/15/2 1606/15/2 1616/15/2
f 1604/15/2 1605/15/2 1616/15/2
f 1603/15/2 1604/15/2 1616/15/2
f 1602/15/2 1603/15/2 1616/15/2
f 1578/15/2 1602/15/2 1616/15/2
f 1616/15/2 1615/15/2 1617/15/2
f 1617/15/2 1615/15/2 1618/15/2
f 1618/15/2 1615/15/2 1619/15/2
f 1619/15/2 1615/15/2 1620/15/2
f 1620/15/2 1615/15/2 1621/15/2
f 1621/15/2 1615/15/2 1622/15/2
f 1622/15/2 1615/15/2 1623/15/2
f 1623/15/2 1615/15/2 1624/15/2
f 1624/15/2 1615/15/2 1625/15/2
f 1625/15/2 1615/15/2 1626/15/2
f 1626/15/2 1615/15/2 1627/15/2
f 1627/15/2 1615/15/2 1628/15/2
f 1628/15/2 1615/15/2 1629/15/2
f 1629/15/2 1615/15/2 1630/15/2
f 1630/15/2 1615/15/2 1631/15/2
f 1631/15/2 1615/15/2 1632/15/2
f 1632/15/2 1615/15/2 1633/15/2
f 1633/15/2 1615/15/2 1634/15/2
f 1634/15/2 1615/15/2 1635/15/2
f 1635/15/2 1615/15/2 1636/15/2
f 1636/15/2 1615/15/2 1637/15/2
f 1637/15/2 1615/15/2 1638/15/2
f 1638/15/2 1615/15/2 1639/15/2
f 1639/15/2 1615/15/2 1640/15/2
f 1615/15/2 1581/15/2 1641/15/2
f 1640/15/2 1615/15/2 1641/15/2
f 1642/18/2 1643/18/2 1648/18/2
f 1643/18/2 1644/18/2 1648/18/2
f 1648/18/2 1644/18/2 1649/18/2
f 1646/18/2 1647/18/2 1650/18/2
f 1645/18/2 1646/18/2 1650/18/2
f 1650/18/2 1647/18/2 1651/18/2
f 1652/11/2 1653/11/2 1656/11/2
f 1656/11/2 1653/11/2 1657/11/2
f 1654/11/2 1655/11/2 1658/11/2
f 1658/11/2 1655/11/2 1659/11/2
f 1660/11/2 1661/11/2 1668/11/2
f 1668/11/2 1661/11/2 1669/11/2
f 1662/11/2 1663/11/2 1670/11/2
f 1670/11/2 1663/11/2 1671/11/2
f 1666/11/2 1667/11/2 1672/11/2
f 1664/11/2 1665/11/2 1672/11/2
f 1665/11/2 1666/11/2 1672/11/2
f 1672/11/2 1667/11/2 1673/11/2
f 1690/13/2 1691/13/2 1692/13/2
f 1692/13/2 1691/13/2 1693/13/2
f 1674/15/2 1675/15/2 1694/15/2
f 1675/15/2 1676/15/2 1694/15/2
f 1676/15/2 1677/15/2 1694/15/2
f 1677/15/2 1678/15/2 1694/15/2
f 1678/15/2 1679/15/2 1694/15/2
f 1679/15/2 1680/15/2 1694/15/2
f 1680/15/2 1681/15/2 1694/15/2
f 1694/15/2 1681/15/2 1695/15/2
f 1688/15/2 1689/15/2 1696/15/2
f 1687/15/2 1688/15/2 1696/15/2
f 1686/15/2 1687/15/2 1696/15/2
f 1682/15/2 1683/15/2 1696/15/2
f 1683/15/2 1684/15/2 1696/15/2
f 1684/15/2 1685/15/2 1696/15/2
f 1685/15/2 1686/15/2 1696/15/2
f 1696/15/2 1689/15/2 1697/15/2
f 1698/11/2 1699/11/2 1704/11/2
f 1704/11/2 1699/11/2 1705/11/2
f 1700/11/2 1701/11/2 1706/11/2
f 1706/11/2 1701/11/2 1707/11/2
f 1702/11/2 1703/11/2 1709/11/2
f 1709/11/2 1703/11/2 1710/11/2
f 1707/11/2 1708/11/2 1711/11/2
f 1706/11/2 1707/11/2 1711/11/2
f 1711/11/2 1708/11/2 1712/11/2
f 1713/13/2 1714/13/2 1718/13/2
f 1716/13/2 1717/13/2 1718/13/2
f 1715/13/2 1716/13/2 1718/13/2
f 1714/13/2 1715/13/2 1718/13/2
f 1718/13/2 1717/13/2 1719/13/2
f 1720/11/2 1721/11/2 1724/11/2
f 1724/11/2 1721/11/2 1725/11/2
f 1722/11/2 1723/11/2 1727/11/2
f 1727/11/2 1723/11/2 1728/11/2
f 1726/11/2 1727/11/2 1729/11/2
f 1729/11/2 1727/11/2 1730/11/2
f 1731/11/2 1732/11/2 1733/11/2
f 1733/11/2 1732/11/2 1734/11/2
f 1735/15/2 1736/15/2 1739/15/2
f 1737/15/2 1738/15/2 1740/15/2
f 1735/15/2 1739/15/2 1741/15/2
f 1739/15/2 1740/15/2 1741/15/2
f 1740/15/2 1738/15/2 1742/15/2
f 1741/15/2 1740/15/2 1742/15/2
f 1743/12/2 1744/12/2 1753/12/2
f 1753/12/2 1744/12/2 1754/12/2
f 1745/12/2 1746/12/2 1755/12/2
f 1755/12/2 1746/12/2 1756/12/2
f 1747/12/2 1748/12/2 1757/12/2
f 1757/12/2 1748/12/2 1758/12/2
f 1749/12/2 1750/12/2 1759/12/2
f 1759/12/2 1750/12/2 1760/12/2
f 1751/12/2 1752/12/2 1761/12/2
f 1761/12/2 1752/12/2 1762/12/2
f 1762/12/2 1752/12/2 1763/12/2
f 1754/12/2 1744/12/2 1764/12/2
f 1764/12/2 1744/12/2 1765/12/2
f 1756/12/2 1757/12/2 1766/12/2
f 1766/12/2 1757/12/2 1767/12/2
f 1761/12/2 1762/12/2 1768/12/2
f 1760/12/2 1761/12/2 1768/12/2
f 1768/12/2 1762/12/2 1769/12/2
f 1770/18/2 1771/18/2 1774/18/2
f 1774/18/2 1771/18/2 1775/18/2
f 1775/18/2 1771/18/2 1776/18/2
f 1776/18/2 1771/18/2 1777/18/2
f 1772/18/2 1773/18/2 1778/18/2
f 1778/18/2 1773/18/2 1779/18/2
f 1779/18/2 1773/18/2 1780/18/2
f 1780/18/2 1773/18/2 1781/18/2
f 1781/18/2 1773/18/2 1782/18/2
f 1782/18/2 1773/18/2 1783/18/2
f 1775/12/2 1776/12/2 1784/12/2
f 1784/12/2 1776/12/2 1785/12/2
f 1779/12/2 1780/12/2 1786/12/2
f 1786/12/2 1780/12/2 1787/12/2
f 1781/12/2 1782/12/2 1788/12/2
f 1788/12/2 1782/12/2 1789/12/2
f 1790/19/2 1791/19/2 1792/19/2
f 1792/19/2 1791/19/2 1793/19/2
f 1796/19/3 1795/19/3 1794/19/3
f 1797/19/3 1795/19/3 1796/19/3
f 1800/1/3 1799/1/3 1798/1/3
f 1801/1/3 1799/1/3 1800/1/3
f 1804/15/3 1803/15/3 1802/15/3
f 1805/15/3 1803/15/3 1804/15/3
f 1808/11/3 1807/11/3 1806/11/3
f 1809/11/3 1807/11/3 1808/11/3
f 1812/11/3 1811/11/3 1810/11/3
f 1813/11/3 1811/11/3 1812/11/3
f 1815/15/3 1803/15/3 1805/15/3
f 1816/15/3 1815/15/3 1814/15/3
f 1817/15/3 1803/15/3 1815/15/3
f 1817/15/3 1815/15/3 1816/15/3
f 1820/11/3 1819/11/3 1818/11/3
f 1821/11/3 1819/11/3 1820/11/3
f 1823/11/3 1822/11/3 1821/11/3
f 1824/11/3 1822/11/3 1823/11/3
f 1827/11/3 1825/11/3 1824/11/3
f 1828/11/3 1825/11/3 1827/11/3
f 1829/11/3 1827/11/3 1826/11/3
f 1830/11/3 1827/11/3 1829/11/3
f 1832/11/3 1831/11/3 1830/11/3
f 1833/11/3 1831/11/3 1832/11/3
f 1834/11/3 1831/11/3 1833/11/3
f 1837/15/3 1836/15/3 1835/15/3
f 1838/15/3 1836/15/3 1837/15/3
f 1839/15/3 1836/15/3 1838/15/3
f 1840/15/3 1839/15/3 1838/15/3
f 1841/15/3 1840/15/3 1838/15/3
f 1842/15/3 1841/15/3 1838/15/3
f 1843/15/3 1842/15/3 1838/15/3
f 1844/15/3 1843/15/3 1838/15/3
f 1845/15/3 1844/15/3 1838/15/3
f 1846/15/3 1845/15/3 1838/15/3
f 1847/15/3 1846/15/3 1838/15/3
f 1848/15/3 1847/15/3 1838/15/3
f 1849/15/3 1848/15/3 1838/15/3
f 1850/15/3 1849/15/3 1838/15/3
f 1851/15/3 1850/15/3 1838/15/3
f 1852/15/3 1851/15/3 1838/15/3
f 1853/15/3 1852/15/3 1838/15/3
f 1854/15/3 1853/15/3 1838/15/3
f 1855/15/3 1854/15/3 1838/15/3
f 1856/15/3 1855/15/3 1838/15/3
f 1857/15/3 1856/15/3 1838/15/3
f 1860/15/3 1857/15/3 1838/15/3
f 1861/9/3 1859/9/3 1858/9/3
f 1862/9/3 1859/9/3 1861/9/3
f 1863/15/3 1860/15/3 1838/15/3
f 1864/15/3 1863/15/3 1838/15/3
f 1865/15/3 1864/15/3 1838/15/3
f 1866/15/3 1865/15/3 1838/15/3
f 1867/15/3 1866/15/3 1838/15/3
f 1868/15/3 1867/15/3 1838/15/3
f 1869/15/3 1868/15/3 1838/15/3
f 1872/15/3 1869/15/3 1838/15/3
f 1873/13/3 1871/13/3 1870/13/3
f 1876/15/3 1872/15/3 1838/15/3
f 1877/13/3 1871/13/3 1873/13/3
f 1878/11/3 1875/11/3 1874/11/3
f 1879/11/3 1875/11/3 1878/11/3
f 1881/15/3 1876/15/3 1838/15/3
f 1882/13/3 1871/13/3 1877/13/3
f 1883/13/3 1871/13/3 1882/13/3
f 1885/11/3 1880/11/3 1879/11/3
f 1885/11/3 1879/11/3 1878/11/3
f 1886/11/3 1880/11/3 1885/11/3
f 1887/15/3 1881/15/3 1838/15/3
f 1890/11/3 1880/11/3 1886/11/3
f 1891/11/3 1880/11/3 1890/11/3
f 1892/11/3 1880/11/3 1891/11/3
f 1893/15/3 1887/15/3 1838/15/3
f 1894/13/3 1889/13/3 1888/13/3
f 1897/15/3 1893/15/3 1838/15/3
f 1898/13/3 1889/13/3 1894/13/3
f 1899/11/3 1896/11/3 1895/11/3
f 1900/11/3 1896/11/3 1899/11/3
f 1902/15/3 1897/15/3 1838/15/3
f 1903/15/3 1897/15/3 1902/15/3
f 1904/13/3 1889/13/3 1898/13/3
f 1905/13/3 1889/13/3 1904/13/3
f 1906/11/3 1885/11/3 1884/11/3
f 1907/11/3 1885/11/3 1906/11/3
f 1909/15/3 1903/15/3 1902/15/3
f 1909/15/3 1902/15/3 1901/15/3
f 1910/15/3 1903/15/3 1909/15/3
f 1911/11/3 1908/11/3 1907/11/3
f 1912/11/3 1911/11/3 1907/11/3
f 1913/11/3 1911/11/3 1912/11/3
f 1916/18/3 1915/18/3 1914/18/3
f 1917/18/3 1915/18/3 1916/18/3
f 1928/15/3 1919/15/3 1918/15/3
f 1933/15/3 1919/15/3 1928/15/3
f 1934/15/3 1919/15/3 1933/15/3
f 1935/15/3 1919/15/3 1934/15/3
f 1936/15/3 1919/15/3 1935/15/3
f 1937/15/3 1919/15/3 1936/15/3
f 1938/15/3 1930/15/3 1929/15/3
f 1938/6/3 1931/6/3 1930/6/3
f 1939/15/3 1932/15/3 1931/15/3
f 1939/6/3 1931/6/3 1938/6/3
f 1940/15/3 1919/15/3 1937/15/3
f 1941/15/3 1938/15/3 1929/15/3
f 1941/15/3 1939/15/3 1938/15/3
f 1942/15/3 1932/15/3 1939/15/3
f 1942/15/3 1939/15/3 1941/15/3
f 1943/15/3 1919/15/3 1940/15/3
f 1944/15/3 1919/15/3 1943/15/3
f 1945/15/3 1919/15/3 1944/15/3
f 1946/15/3 1919/15/3 1945/15/3
f 1947/15/3 1919/15/3 1946/15/3
f 1948/15/3 1919/15/3 1947/15/3
f 1949/15/3 1941/15/3 1929/15/3
f 1949/6/3 1942/6/3 1941/6/3
f 1950/15/3 1932/15/3 1942/15/3
f 1950/6/3 1942/6/3 1949/6/3
f 1951/15/3 1919/15/3 1948/15/3
f 1954/15/3 1949/15/3 1929/15/3
f 1954/15/3 1950/15/3 1949/15/3
f 1955/15/3 1950/15/3 1954/15/3
f 1956/15/3 1950/15/3 1955/15/3
f 1957/15/3 1932/15/3 1950/15/3
f 1957/15/3 1950/15/3 1956/15/3
f 1958/15/3 1919/15/3 1951/15/3
f 1959/15/3 1919/15/3 1958/15/3
f 1962/10/3 1953/10/3 1952/10/3
f 1963/10/3 1953/10/3 1962/10/3
f 1964/10/3 1953/10/3 1963/10/3
f 1965/10/3 1953/10/3 1964/10/3
f 1966/15/3 1919/15/3 1959/15/3
f 1968/10/3 1961/10/3 1960/10/3
f 1969/10/3 1961/10/3 1968/10/3
f 1971/15/3 1919/15/3 1966/15/3
f 1972/10/3 1970/10/3 1969/10/3
f 1972/10/3 1968/10/3 1967/10/3
f 1972/10/3 1969/10/3 1968/10/3
f 1973/10/3 1970/10/3 1972/10/3
f 1974/10/3 1970/10/3 1973/10/3
f 1975/10/3 1970/10/3 1974/10/3
f 1976/15/3 1919/15/3 1971/15/3
f 1977/10/3 1974/10/3 1973/10/3
f 1978/10/3 1974/10/3 1977/10/3
f 1980/10/3 1964/10/3 1963/10/3
f 1981/10/3 1964/10/3 1980/10/3
f 1983/15/3 1919/15/3 1976/15/3
f 1985/15/3 1956/15/3 1955/15/3
f 1986/6/3 1957/6/3 1956/6/3
f 1986/15/3 1956/15/3 1985/15/3
f 1987/15/3 1932/15/3 1957/15/3
f 1987/6/3 1957/6/3 1986/6/3
f 1988/15/3 1919/15/3 1983/15/3
f 1989/10/3 1982/10/3 1981/10/3
f 1989/10/3 1981/10/3 1980/10/3
f 1989/10/3 1980/10/3 1979/10/3
f 1990/10/3 1982/10/3 1989/10/3
f 1992/15/3 1986/15/3 1985/15/3
f 1992/15/3 1985/15/3 1984/15/3
f 1992/15/3 1987/15/3 1986/15/3
f 1993/15/3 1932/15/3 1987/15/3
f 1993/15/3 1987/15/3 1992/15/3
f 1994/15/3 1919/15/3 1988/15/3
f 1995/15/3 1919/15/3 1994/15/3
f 1996/15/3 1921/15/3 1920/15/3
f 1997/15/3 1921/15/3 1996/15/3
f 1998/15/3 1923/15/3 1922/15/3
f 1999/15/3 1923/15/3 1998/15/3
f 2000/15/3 1925/15/3 1924/15/3
f 2001/15/3 1925/15/3 2000/15/3
f 2002/15/3 1927/15/3 1926/15/3
f 2003/15/3 1927/15/3 2002/15/3
f 2004/15/3 1992/15/3 1991/15/3
f 2004/6/3 1993/6/3 1992/6/3
f 2005/15/3 1932/15/3 1993/15/3
f 2005/6/3 1993/6/3 2004/6/3
f 2008/15/3 2004/15/3 1991/15/3
f 2008/15/3 2005/15/3 2004/15/3
f 2009/15/3 1932/15/3 2005/15/3
f 2009/15/3 2005/15/3 2008/15/3
f 2010/13/3 2007/13/3 2006/13/3
f 2011/13/3 2007/13/3 2010/13/3
f 2016/15/3 2008/15/3 1991/15/3
f 2017/6/3 2009/6/3 2008/6/3
f 2017/15/3 2008/15/3 2016/15/3
f 2018/15/3 1932/15/3 2009/15/3
f 2018/6/3 2009/6/3 2017/6/3
f 2019/15/3 1932/15/3 2018/15/3
f 2020/13/3 2013/13/3 2012/13/3
f 2021/13/3 2013/13/3 2020/13/3
f 2024/11/3 2015/11/3 2014/11/3
f 2025/11/3 2015/11/3 2024/11/3
f 2026/11/3 2023/11/3 2022/11/3
f 2027/11/3 2023/11/3 2026/11/3
f 2030/18/3 2029/18/3 2028/18/3
f 2031/18/3 2029/18/3 2030/18/3
f 2034/12/3 2033/12/3 2032/12/3
f 2035/12/3 2033/12/3 2034/12/3
f 2038/8/3 2037/8/3 2036/8/3
f 2039/8/3 2037/8/3 2038/8/3
f 2040/14/3 2039/14/3 2038/14/3
f 2041/14/3 2039/14/3 2040/14/3
f 2052/8/3 2041/8/3 2040/8/3
f 2052/8/3 2042/8/3 2041/8/3
f 2053/8/3 2042/8/3 2052/8/3
f 2054/8/3 2042/8/3 2053/8/3
f 2055/15/3 2048/15/3 2047/15/3
f 2056/15/3 2048/15/3 2055/15/3
f 2057/15/3 2052/15/3 2051/15/3
f 2057/15/3 2053/15/3 2052/15/3
f 2058/14/3 2054/14/3 2053/14/3
f 2058/15/3 2053/15/3 2057/15/3
f 2059/14/3 2054/14/3 2058/14/3
f 2061/15/3 2044/15/3 2043/15/3
f 2062/15/3 2044/15/3 2061/15/3
f 2063/8/3 2059/8/3 2058/8/3
f 2063/8/3 2060/8/3 2059/8/3
f 2063/6/3 2058/6/3 2057/6/3
f 2064/8/3 2060/8/3 2063/8/3
f 2065/6/3 2056/6/3 2055/6/3
f 2066/6/3 2056/6/3 2065/6/3
f 2067/15/3 2066/15/3 2065/15/3
f 2068/15/3 2066/15/3 2067/15/3
f 2069/6/3 2063/6/3 2057/6/3
f 2070/15/3 2064/15/3 2063/15/3
f 2070/6/3 2063/6/3 2069/6/3
f 2071/8/3 2060/8/3 2064/8/3
f 2071/15/3 2064/15/3 2070/15/3
f 2072/8/3 2060/8/3 2071/8/3
f 2073/15/3 2070/15/3 2069/15/3
f 2073/15/3 2071/15/3 2070/15/3
f 2074/15/3 2071/15/3 2073/15/3
f 2075/14/3 2072/14/3 2071/14/3
f 2075/15/3 2071/15/3 2074/15/3
f 2076/14/3 2072/14/3 2075/14/3
f 2078/6/3 2068/6/3 2067/6/3
f 2079/6/3 2068/6/3 2078/6/3
f 2080/8/3 2076/8/3 2075/8/3
f 2080/8/3 2077/8/3 2076/8/3
f 2080/15/3 2075/15/3 2074/15/3
f 2081/8/3 2077/8/3 2080/8/3
f 2082/6/3 2062/6/3 2061/6/3
f 2083/6/3 2062/6/3 2082/6/3
f 2084/15/3 2079/15/3 2078/15/3
f 2085/15/3 2079/15/3 2084/15/3
f 2086/6/3 2074/6/3 2073/6/3
f 2087/15/3 2080/15/3 2074/15/3
f 2087/6/3 2074/6/3 2086/6/3
f 2087/15/3 2081/15/3 2080/15/3
f 2088/8/3 2077/8/3 2081/8/3
f 2088/15/3 2081/15/3 2087/15/3
f 2089/8/3 2077/8/3 2088/8/3
f 2090/15/3 2083/15/3 2082/15/3
f 2091/15/3 2083/15/3 2090/15/3
f 2092/6/3 2085/6/3 2084/6/3
f 2093/6/3 2085/6/3 2092/6/3
f 2094/15/3 2087/15/3 2086/15/3
f 2094/15/3 2088/15/3 2087/15/3
f 2095/15/3 2088/15/3 2094/15/3
f 2096/15/3 2088/15/3 2095/15/3
f 2097/14/3 2089/14/3 2088/14/3
f 2097/15/3 2088/15/3 2096/15/3
f 2098/14/3 2089/14/3 2097/14/3
f 2100/8/3 2098/8/3 2097/8/3
f 2100/8/3 2099/8/3 2098/8/3
f 2100/6/3 2097/6/3 2096/6/3
f 2101/8/3 2099/8/3 2100/8/3
f 2102/6/3 2091/6/3 2090/6/3
f 2103/6/3 2091/6/3 2102/6/3
f 2104/15/3 2093/15/3 2092/15/3
f 2105/15/3 2093/15/3 2104/15/3
f 2106/6/3 2095/6/3 2094/6/3
f 2107/15/3 2096/15/3 2095/15/3
f 2107/6/3 2095/6/3 2106/6/3
f 2108/6/3 2100/6/3 2096/6/3
f 2108/15/3 2096/15/3 2107/15/3
f 2109/15/3 2101/15/3 2100/15/3
f 2109/6/3 2100/6/3 2108/6/3
f 2110/8/3 2099/8/3 2101/8/3
f 2110/15/3 2101/15/3 2109/15/3
f 2111/8/3 2099/8/3 2110/8/3
f 2112/15/3 2109/15/3 2108/15/3
f 2112/15/3 2107/15/3 2106/15/3
f 2112/15/3 2108/15/3 2107/15/3
f 2112/15/3 2110/15/3 2109/15/3
f 2113/14/3 2111/14/3 2110/14/3
f 2113/15/3 2110/15/3 2112/15/3
f 2114/14/3 2111/14/3 2113/14/3
f 2116/15/3 2103/15/3 2102/15/3
f 2117/15/3 2103/15/3 2116/15/3
f 2118/6/3 2105/6/3 2104/6/3
f 2119/6/3 2105/6/3 2118/6/3
f 2120/15/3 2112/15/3 2106/15/3
f 2121/8/3 2115/8/3 2114/8/3
f 2121/8/3 2114/8/3 2113/8/3
f 2122/8/3 2115/8/3 2121/8/3
f 2123/8/3 2115/8/3 2122/8/3
f 2124/15/3 2119/15/3 2118/15/3
f 2125/15/3 2119/15/3 2124/15/3
f 2126/15/3 2120/15/3 2106/15/3
f 2126/15/3 2121/15/3 2120/15/3
f 2126/15/3 2122/15/3 2121/15/3
f 2127/15/3 2122/15/3 2126/15/3
f 2128/15/3 2122/15/3 2127/15/3
f 2129/15/3 2122/15/3 2128/15/3
f 2130/15/3 2122/15/3 2129/15/3
f 2134/6/3 2125/6/3 2124/6/3
f 2135/6/3 2125/6/3 2134/6/3
f 2136/15/3 2126/15/3 2106/15/3
f 2136/6/3 2127/6/3 2126/6/3
f 2137/15/3 2128/15/3 2127/15/3
f 2137/6/3 2127/6/3 2136/6/3
f 2138/15/3 2128/15/3 2137/15/3
f 2139/15/3 2128/15/3 2138/15/3
f 2140/15/3 2130/15/3 2129/15/3
f 2140/15/3 2131/15/3 2130/15/3
f 2141/15/3 2131/15/3 2140/15/3
f 2142/15/3 2135/15/3 2134/15/3
f 2143/15/3 2135/15/3 2142/15/3
f 2144/15/3 2136/15/3 2106/15/3
f 2144/15/3 2138/15/3 2137/15/3
f 2144/15/3 2137/15/3 2136/15/3
f 2145/15/3 2138/15/3 2144/15/3
f 2146/15/3 2138/15/3 2145/15/3
f 2149/15/3 2131/15/3 2141/15/3
f 2150/6/3 2117/6/3 2116/6/3
f 2151/6/3 2117/6/3 2150/6/3
f 2152/15/3 2147/15/3 2146/15/3
f 2152/15/3 2146/15/3 2145/15/3
f 2153/15/3 2149/15/3 2148/15/3
f 2154/15/3 2131/15/3 2149/15/3
f 2154/15/3 2149/15/3 2153/15/3
f 2155/15/3 2131/15/3 2154/15/3
f 2156/15/3 2133/15/3 2132/15/3
f 2157/15/3 2133/15/3 2156/15/3
f 2158/6/3 2143/6/3 2142/6/3
f 2159/6/3 2143/6/3 2158/6/3
f 2160/15/3 2144/15/3 2106/15/3
f 2160/6/3 2145/6/3 2144/6/3
f 2161/15/3 2152/15/3 2145/15/3
f 2161/6/3 2145/6/3 2160/6/3
f 2161/15/3 2153/15/3 2152/15/3
f 2161/15/3 2154/15/3 2153/15/3
f 2162/15/3 2151/15/3 2150/15/3
f 2163/15/3 2151/15/3 2162/15/3
f 2164/15/3 2046/15/3 2045/15/3
f 2165/15/3 2046/15/3 2164/15/3
f 2166/15/3 2159/15/3 2158/15/3
f 2167/15/3 2159/15/3 2166/15/3
f 2168/15/3 2050/15/3 2049/15/3
f 2169/15/3 2050/15/3 2168/15/3
f 2170/15/3 2160/15/3 2106/15/3
f 2170/15/3 2161/15/3 2160/15/3
f 2171/15/3 2154/15/3 2161/15/3
f 2171/15/3 2161/15/3 2170/15/3
f 2173/10/3 2172/10/3 2171/10/3
f 2174/10/3 2172/10/3 2173/10/3
f 2177/18/3 2176/18/3 2175/18/3
f 2178/18/3 2176/18/3 2177/18/3
f 2181/11/3 2180/11/3 2179/11/3
f 2182/11/3 2180/11/3 2181/11/3
f 2187/18/3 2184/18/3 2183/18/3
f 2188/18/3 2184/18/3 2187/18/3
f 2191/11/3 2186/11/3 2185/11/3
f 2192/11/3 2186/11/3 2191/11/3
f 2193/11/3 2190/11/3 2189/11/3
f 2194/11/3 2190/11/3 2193/11/3
f 2197/18/3 2196/18/3 2195/18/3
f 2198/18/3 2196/18/3 2197/18/3
f 2201/11/3 2200/11/3 2199/11/3
f 2202/11/3 2200/11/3 2201/11/3
f 2205/12/3 2204/12/3 2203/12/3
f 2206/12/3 2204/12/3 2205/12/3
f 2209/12/3 2208/12/3 2207/12/3
f 2210/12/3 2208/12/3 2209/12/3
f 2212/12/3 2211/12/3 2210/12/3
f 2213/12/3 2211/12/3 2212/12/3
f 2218/11/3 2215/11/3 2214/11/3
f 2222/11/3 2218/11/3 2214/11/3
f 2222/11/3 2219/11/3 2218/11/3
f 2223/11/3 2219/11/3 2222/11/3
f 2224/11/3 2219/11/3 2223/11/3
f 2225/5/3 2221/5/3 2220/5/3
f 2226/11/3 2223/11/3 2222/11/3
f 2227/11/3 2223/11/3 2226/11/3
f 2229/5/3 2225/5/3 2220/5/3
f 2230/5/3 2225/5/3 2229/5/3
f 2231/11/3 2228/11/3 2227/11/3
f 2232/11/3 2228/11/3 2231/11/3
f 2237/11/3 2234/11/3 2233/11/3
f 2238/11/3 2234/11/3 2237/11/3
f 2239/11/3 2236/11/3 2235/11/3
f 2240/11/3 2236/11/3 2239/11/3
f 2241/18/3 2217/18/3 2216/18/3
f 2243/18/3 2241/18/3 2216/18/3
f 2244/11/3 2242/11/3 2241/11/3
f 2244/18/3 2241/18/3 2243/18/3
f 2245/11/3 2242/11/3 2244/11/3
f 2248/11/3 2247/11/3 2246/11/3
f 2249/11/3 2247/11/3 2248/11/3
f 2252/11/3 2251/11/3 2250/11/3
f 2253/11/3 2251/11/3 2252/11/3
f 2256/12/3 2255/12/3 2254/12/3
f 2257/12/3 2255/12/3 2256/12/3
f 2259/12/3 2258/12/3 2257/12/3
f 2260/12/3 2258/12/3 2259/12/3
f 2263/10/3 2262/10/3 2261/10/3
f 2264/10/3 2262/10/3 2263/10/3
f 2267/13/3 2266/13/3 2265/13/3
f 2268/13/3 2266/13/3 2267/13/3
f 2270/13/3 2268/13/3 2267/13/3
f 2270/13/3 2269/13/3 2268/13/3
f 2271/13/3 2269/13/3 2270/13/3
f 2272/13/3 2269/13/3 2271/13/3
f 2275/11/3 2274/11/3 2273/11/3
f 2276/11/3 2274/11/3 2275/11/3
f 2282/5/3 2278/5/3 2277/5/3
f 2283/5/3 2278/5/3 2282/5/3
f 2284/5/3 2280/5/3 2279/5/3
f 2285/5/3 2282/5/3 2281/5/3
f 2285/5/3 2283/5/3 2282/5/3
f 2286/5/3 2283/5/3 2285/5/3
f 2287/5/3 2283/5/3 2286/5/3
f 2288/5/3 2284/5/3 2279/5/3
f 2289/5/3 2284/5/3 2288/5/3
f 2290/5/3 2286/5/3 2285/5/3
f 2291/5/3 2286/5/3 2290/5/3
f 2294/11/3 2289/11/3 2288/11/3
f 2295/11/3 2289/11/3 2294/11/3
f 2296/11/3 2293/11/3 2292/11/3
f 2297/11/3 2293/11/3 2296/11/3
f 2301/13/3 2299/13/3 2298/13/3
f 2301/13/3 2300/13/3 2299/13/3
f 2302/13/3 2300/13/3 2301/13/3
f 2303/13/3 2300/13/3 2302/13/3
f 2304/13/3 2302/13/3 2301/13/3
f 2305/13/3 2302/13/3 2304/13/3
f 2308/12/3 2307/12/3 2306/12/3
f 2309/12/3 2307/12/3 2308/12/3
f 2310/12/3 2307/12/3 2309/12/3
f 2315/10/3 2312/10/3 2311/10/3
f 2316/10/3 2312/10/3 2315/10/3
f 2317/10/3 2314/10/3 2313/10/3
f 2318/10/3 2314/10/3 2317/10/3
f 2321/11/3 2320/11/3 2319/11/3
f 2322/11/3 2320/11/3 2321/11/3
f 2327/11/3 2320/11/3 2322/11/3
f 2328/11/3 2320/11/3 2327/11/3
f 2330/11/3 2326/11/3 2325/11/3
f 2331/11/3 2326/11/3 2330/11/3
f 2332/5/3 2324/5/3 2323/5/3
f 2333/5/3 2324/5/3 2332/5/3
f 2334/5/3 2330/5/3 2329/5/3
f 2335/5/3 2330/5/3 2334/5/3
f 2338/5/3 2334/5/3 2333/5/3
f 2339/5/3 2334/5/3 2338/5/3
f 2341/11/3 2337/11/3 2336/11/3
f 2342/11/3 2337/11/3 2341/11/3
f 2347/11/3 2341/11/3 2340/11/3
f 2348/11/3 2341/11/3 2347/11/3
f 2350/11/3 2344/11/3 2343/11/3
f 2351/11/3 2344/11/3 2350/11/3
f 2352/5/3 2346/5/3 2345/5/3
f 2353/5/3 2346/5/3 2352/5/3
f 2354/11/3 2350/11/3 2349/11/3
f 2355/11/3 2350/11/3 2354/11/3
f 2358/11/3 2357/11/3 2356/11/3
f 2359/11/3 2357/11/3 2358/11/3
f 2362/11/3 2361/11/3 2360/11/3
f 2363/11/3 2361/11/3 2362/11/3
f 2366/12/3 2365/12/3 2364/12/3
f 2367/12/3 2365/12/3 2366/12/3
f 2370/12/3 2369/12/3 2368/12/3
f 2371/12/3 2369/12/3 2370/12/3
f 2373/12/3 2372/12/3 2371/12/3
f 2374/12/3 2372/12/3 2373/12/3
f 2377/11/3 2376/11/3 2375/11/3
f 2378/11/3 2376/11/3 2377/11/3
f 2383/11/3 2380/11/3 2379/11/3
f 2384/11/3 2380/11/3 2383/11/3
f 2385/11/3 2382/11/3 2381/11/3
f 2386/11/3 2382/11/3 2385/11/3
f 2389/11/3 2388/11/3 2387/11/3
f 2390/11/3 2388/11/3 2389/11/3
f 2392/11/3 2391/11/3 2390/11/3
f 2393/11/3 2391/11/3 2392/11/3
f 2396/11/3 2395/11/3 2394/11/3
f 2397/11/3 2395/11/3 2396/11/3
f 2400/11/3 2399/11/3 2398/11/3
f 2401/11/3 2399/11/3 2400/11/3
f 2405/12/3 2403/12/3 2402/12/3
f 2406/12/3 2403/12/3 2405/12/3
f 2407/12/3 2405/12/3 2404/12/3
f 2408/12/3 2405/12/3 2407/12/3
f 2414/10/3 2410/10/3 2409/10/3
f 2415/10/3 2410/10/3 2414/10/3
f 2416/10/3 2413/10/3 2412/10/3
f 2416/10/3 2412/10/3 2411/10/3
f 2417/10/3 2413/10/3 2416/10/3
f 2420/11/3 2419/11/3 2418/11/3
f 2421/11/3 2419/11/3 2420/11/3
f 2424/5/3 2423/5/3 2422/5/3
f 2425/5/3 2423/5/3 2424/5/3
f 2429/11/3 2425/11/3 2424/11/3
f 2430/11/3 2425/11/3 2429/11/3
f 2431/11/3 2427/11/3 2426/11/3
f 2432/11/3 2427/11/3 2431/11/3
f 2433/11/3 2429/11/3 2428/11/3
f 2434/11/3 2429/11/3 2433/11/3
f 2437/11/3 2436/11/3 2435/11/3
f 2438/11/3 2436/11/3 2437/11/3
f 2441/11/3 2440/11/3 2439/11/3
f 2442/11/3 2440/11/3 2441/11/3
f 2445/15/3 2444/15/3 2443/15/3
f 2446/15/3 2444/15/3 2445/15/3
f 2447/15/3 2444/15/3 2446/15/3
f 2448/15/3 2444/15/3 2447/15/3
f 2449/15/3 2444/15/3 2448/15/3
f 2450/15/3 2444/15/3 2449/15/3
f 2451/15/3 2444/15/3 2450/15/3
f 2454/11/3 2453/11/3 2452/11/3
f 2455/11/3 2453/11/3 2454/11/3
f 2460/13/3 2457/13/3 2456/13/3
f 2461/13/3 2457/13/3 2460/13/3
f 2462/11/3 2459/11/3 2458/11/3
f 2463/11/3 2459/11/3 2462/11/3
f 2468/11/3 2467/11/3 2466/11/3
f 2469/11/3 2467/11/3 2468/11/3
f 2470/13/3 2465/13/3 2464/13/3
f 2471/13/3 2465/13/3 2470/13/3
f 2474/15/3 2473/15/3 2472/15/3
f 2475/15/3 2473/15/3 2474/15/3
f 2478/18/3 2477/18/3 2476/18/3
f 2479/18/3 2477/18/3 2478/18/3
f 2482/15/3 2481/15/3 2480/15/3
f 2483/15/3 2481/15/3 2482/15/3
f 2486/12/3 2485/12/3 2484/12/3
f 2487/12/3 2485/12/3 2486/12/3
f 2490/12/3 2489/12/3 2488/12/3
f 2491/12/3 2489/12/3 2490/12/3
f 2494/9/3 2493/9/3 2492/9/3
f 2495/9/3 2493/9/3 2494/9/3
f 2498/18/3 2497/18/3 2496/18/3
f 2499/18/3 2497/18/3 2498/18/3
f 2502/15/3 2501/15/3 2500/15/3
f 2503/15/3 2501/15/3 2502/15/3
f 2504/15/3 2501/15/3 2503/15/3
f 2505/15/3 2503/15/3 2502/15/3
f 2506/15/3 2503/15/3 2505/15/3
f 2507/15/3 2503/15/3 2506/15/3
f 2509/15/3 2503/15/3 2507/15/3
f 2510/6/3 2504/6/3 2503/6/3
f 2510/15/3 2503/15/3 2509/15/3
f 2511/15/3 2501/15/3 2504/15/3
f 2511/6/3 2504/6/3 2510/6/3
f 2512/15/3 2510/15/3 2509/15/3
f 2512/15/3 2509/15/3 2508/15/3
f 2512/15/3 2511/15/3 2510/15/3
f 2513/15/3 2511/15/3 2512/15/3
f 2514/15/3 2511/15/3 2513/15/3
f 2515/15/3 2511/15/3 2514/15/3
f 2516/15/3 2511/15/3 2515/15/3
f 2517/15/3 2501/15/3 2511/15/3
f 2517/15/3 2511/15/3 2516/15/3
f 2518/15/3 2516/15/3 2515/15/3
f 2519/15/3 2516/15/3 2518/15/3
f 2520/15/3 2516/15/3 2519/15/3
f 2521/6/3 2517/6/3 2516/6/3
f 2521/15/3 2516/15/3 2520/15/3
f 2522/15/3 2501/15/3 2517/15/3
f 2522/6/3 2517/6/3 2521/6/3
f 2523/15/3 2521/15/3 2520/15/3
f 2523/15/3 2522/15/3 2521/15/3
f 2524/15/3 2501/15/3 2522/15/3
f 2524/15/3 2522/15/3 2523/15/3
f 2527/12/3 2526/12/3 2525/12/3
f 2528/12/3 2526/12/3 2527/12/3
f 2531/15/3 2530/15/3 2529/15/3
f 2532/15/3 2530/15/3 2531/15/3
f 2533/15/3 2530/15/3 2532/15/3
f 2534/15/3 2530/15/3 2533/15/3
f 2535/15/3 2530/15/3 2534/15/3
f 2536/15/3 2530/15/3 2535/15/3
f 2537/15/3 2530/15/3 2536/15/3
f 2540/15/3 2539/15/3 2538/15/3
f 2541/15/3 2539/15/3 2540/15/3
f 2544/18/3 2543/18/3 2542/18/3
f 2545/18/3 2543/18/3 2544/18/3
f 2548/15/3 2547/15/3 2546/15/3
f 2549/15/3 2547/15/3 2548/15/3
f 2550/15/3 2547/15/3 2549/15/3
f 2551/15/3 2547/15/3 2550/15/3
f 2552/15/3 2547/15/3 2551/15/3
f 2553/15/3 2547/15/3 2552/15/3
f 2554/15/3 2547/15/3 2553/15/3
f 2555/15/3 2547/15/3 2554/15/3
f 2558/12/3 2557/12/3 2556/12/3
f 2559/12/3 2557/12/3 2558/12/3
f 2562/15/3 2561/15/3 2560/15/3
f 2563/15/3 2561/15/3 2562/15/3
f 2564/15/3 2561/15/3 2563/15/3
f 2565/15/3 2563/15/3 2562/15/3
f 2566/15/3 2563/15/3 2565/15/3
f 2567/15/3 2563/15/3 2566/15/3
f 2568/6/3 2564/6/3 2563/6/3
f 2568/15/3 2563/15/3 2567/15/3
f 2569/15/3 2561/15/3 2564/15/3
f 2569/6/3 2564/6/3 2568/6/3
f 2570/15/3 2568/15/3 2567/15/3
f 2570/15/3 2569/15/3 2568/15/3
f 2571/15/3 2569/15/3 2570/15/3
f 2572/15/3 2569/15/3 2571/15/3
f 2573/15/3 2569/15/3 2572/15/3
f 2574/15/3 2569/15/3 2573/15/3
f 2575/15/3 2561/15/3 2569/15/3
f 2575/15/3 2569/15/3 2574/15/3
f 2576/15/3 2574/15/3 2573/15/3
f 2577/15/3 2574/15/3 2576/15/3
f 2578/15/3 2574/15/3 2577/15/3
f 2579/6/3 2575/6/3 2574/6/3
f 2579/15/3 2574/15/3 2578/15/3
f 2580/15/3 2561/15/3 2575/15/3
f 2580/6/3 2575/6/3 2579/6/3
f 2581/15/3 2579/15/3 2578/15/3
f 2581/15/3 2580/15/3 2579/15/3
f 2582/15/3 2561/15/3 2580/15/3
f 2582/15/3 2580/15/3 2581/15/3
f 2585/18/3 2584/18/3 2583/18/3
f 2586/18/3 2584/18/3 2585/18/3
f 2590/12/3 2588/12/3 2587/12/3
f 2591/12/3 2588/12/3 2590/12/3
f 2592/12/3 2590/12/3 2589/12/3
f 2593/12/3 2590/12/3 2592/12/3
f 2596/12/3 2595/12/3 2594/12/3
f 2597/12/3 2595/12/3 2596/12/3
f 2600/12/3 2599/12/3 2598/12/3
f 2601/12/3 2599/12/3 2600/12/3
f 2605/12/3 2603/12/3 2602/12/3
f 2606/12/3 2603/12/3 2605/12/3
f 2607/12/3 2605/12/3 2604/12/3
f 2608/12/3 2605/12/3 2607/12/3
f 2611/12/3 2610/12/3 2609/12/3
f 2612/12/3 2610/12/3 2611/12/3
f 2615/12/3 2614/12/3 2613/12/3
f 2616/12/3 2614/12/3 2615/12/3
f 2619/12/3 2618/12/3 2617/12/3
f 2620/12/3 2618/12/3 2619/12/3
f 2623/12/3 2622/12/3 2621/12/3
f 2624/12/3 2622/12/3 2623/12/3
f 2627/15/3 2626/15/3 2625/15/3
f 2628/15/3 2626/15/3 2627/15/3
f 2631/15/3 2630/15/3 2629/15/3
f 2632/15/3 2630/15/3 2631/15/3
f 2633/15/3 2630/15/3 2632/15/3
f 2634/15/3 2630/15/3 2633/15/3
f 2635/15/3 2630/15/3 2634/15/3
f 2636/15/3 2630/15/3 2635/15/3
f 2637/15/3 2630/15/3 2636/15/3
f 2638/15/3 2630/15/3 2637/15/3
f 2639/15/3 2630/15/3 2638/15/3
f 2640/15/3 2630/15/3 2639/15/3
f 2641/15/3 2630/15/3 2640/15/3
f 2642/15/3 2630/15/3 2641/15/3
f 2643/15/3 2630/15/3 2642/15/3
f 2644/15/3 2630/15/3 2643/15/3
f 2645/15/3 2630/15/3 2644/15/3
f 2646/15/3 2630/15/3 2645/15/3
f 2647/15/3 2630/15/3 2646/15/3
f 2648/15/3 2630/15/3 2647/15/3
f 2649/15/3 2630/15/3 2648/15/3
f 2650/15/3 2630/15/3 2649/15/3
f 2651/15/3 2630/15/3 2650/15/3
f 2652/15/3 2630/15/3 2651/15/3
f 2653/15/3 2630/15/3 2652/15/3
f 2654/15/3 2630/15/3 2653/15/3
f 2655/15/3 2630/15/3 2654/15/3
f 2656/15/3 2630/15/3 2655/15/3
f 2657/15/3 2630/15/3 2656/15/3
f 2658/15/3 2630/15/3 2657/15/3
f 2659/15/3 2630/15/3 2658/15/3
f 2660/15/3 2630/15/3 2659/15/3
f 2661/15/3 2630/15/3 2660/15/3
f 2662/15/3 2630/15/3 2661/15/3
f 2663/15/3 2630/15/3 2662/15/3
f 2664/15/3 2630/15/3 2663/15/3
f 2665/15/3 2630/15/3 2664/15/3
f 2666/15/3 2630/15/3 2665/15/3
f 2667/15/3 2630/15/3 2666/15/3
f 2668/15/3 2630/15/3 2667/15/3
f 2669/15/3 2630/15/3 2668/15/3
f 2670/15/3 2630/15/3 2669/15/3
f 2673/15/3 2630/15/3 2670/15/3
f 2674/15/3 2630/15/3 2673/15/3
f 2675/15/3 2672/15/3 2671/15/3
f 2676/15/3 2672/15/3 2675/15/3
f 2679/1/3 2678/1/3 2677/1/3
f 2680/1/3 2678/1/3 2679/1/3
f 2681/1/4 2682/1/4 2683/1/4
f 2683/1/4 2682/1/4 2684/1/4
f 2685/15/4 2686/15/4 2687/15/4
f 2687/15/4 2686/15/4 2688/15/4
f 2689/15/4 2690/15/4 2691/15/4
f 2691/15/4 2690/15/4 2692/15/4
f 2692/15/4 2690/15/4 2693/15/4
f 2693/15/4 2690/15/4 2694/15/4
f 2694/15/4 2690/15/4 2695/15/4
f 2695/15/4 2690/15/4 2696/15/4
f 2696/15/4 2690/15/4 2697/15/4
f 2697/15/4 2690/15/4 2698/15/4
f 2698/15/4 2690/15/4 2699/15/4
f 2699/15/4 2690/15/4 2700/15/4
f 2700/15/4 2690/15/4 2701/15/4
f 2701/15/4 2690/15/4 2702/15/4
f 2702/15/4 2690/15/4 2703/15/4
f 2703/15/4 2690/15/4 2704/15/4
f 2704/15/4 2690/15/4 2705/15/4
f 2705/15/4 2690/15/4 2706/15/4
f 2706/15/4 2690/15/4 2707/15/4
f 2707/15/4 2690/15/4 2708/15/4
f 2708/15/4 2690/15/4 2709/15/4
f 2709/15/4 2690/15/4 2710/15/4
f 2710/15/4 2690/15/4 2711/15/4
f 2711/15/4 2690/15/4 2712/15/4
f 2712/15/4 2690/15/4 2713/15/4
f 2713/15/4 2690/15/4 2714/15/4
f 2714/15/4 2690/15/4 2715/15/4
f 2715/15/4 2690/15/4 2716/15/4
f 2716/15/4 2690/15/4 2717/15/4
f 2717/15/4 2690/15/4 2718/15/4
f 2718/15/4 2690/15/4 2719/15/4
f 2719/15/4 2690/15/4 2720/15/4
f 2720/15/4 2690/15/4 2721/15/4
f 2721/15/4 2690/15/4 2722/15/4
f 2722/15/4 2690/15/4 2723/15/4
f 2723/15/4 2690/15/4 2724/15/4
f 2724/15/4 2690/15/4 2725/15/4
f 2725/15/4 2690/15/4 2726/15/4
f 2726/15/4 2690/15/4 2727/15/4
f 2727/15/4 2690/15/4 2728/15/4
f 2728/15/4 2690/15/4 2729/15/4
f 2729/15/4 2690/15/4 2730/15/4
f 2730/15/4 2690/15/4 2733/15/4
f 2733/15/4 2690/15/4 2734/15/4
f 2731/15/4 2732/15/4 2735/15/4
f 2735/15/4 2732/15/4 2736/15/4
f 2737/11/4 2738/11/4 2739/11/4
f 2739/11/4 2738/11/4 2740/11/4
f 2741/11/4 2742/11/4 2743/11/4
f 2743/11/4 2742/11/4 2744/11/4
f 2745/11/4 2746/11/4 2747/11/4
f 2747/11/4 2746/11/4 2748/11/4
f 2747/11/4 2748/11/4 2749/11/4
f 2749/11/4 2748/11/4 2750/11/4
f 2751/10/4 2752/10/4 2753/10/4
f 2753/10/4 2752/10/4 2754/10/4
f 2755/10/4 2756/10/4 2757/10/4
f 2757/10/4 2756/10/4 2758/10/4
f 2759/13/4 2760/13/4 2763/13/4
f 2763/13/4 2760/13/4 2764/13/4
f 2761/11/4 2762/11/4 2765/11/4
f 2765/11/4 2762/11/4 2766/11/4
f 2769/11/4 2770/11/4 2771/11/4
f 2771/11/4 2770/11/4 2772/11/4
f 2767/13/4 2768/13/4 2775/13/4
f 2775/13/4 2768/13/4 2776/13/4
f 2773/11/4 2774/11/4 2778/11/4
f 2778/11/4 2774/11/4 2779/11/4
f 2777/11/4 2778/11/4 2780/11/4
f 2780/11/4 2778/11/4 2781/11/4
f 2782/11/4 2783/11/4 2784/11/4
f 2784/11/4 2783/11/4 2785/11/4
f 2786/11/4 2787/11/4 2788/11/4
f 2788/11/4 2787/11/4 2789/11/4
f 2789/11/4 2787/11/4 2790/11/4
f 2790/11/4 2787/11/4 2791/11/4
f 2792/12/4 2793/12/4 2794/12/4
f 2794/12/4 2793/12/4 2795/12/4
f 2794/12/4 2795/12/4 2797/12/4
f 2795/12/4 2796/12/4 2797/12/4
f 2797/12/4 2796/12/4 2798/12/4
f 2799/10/4 2800/10/4 2804/10/4
f 2804/10/4 2800/10/4 2805/10/4
f 2802/10/4 2803/10/4 2806/10/4
f 2801/10/4 2802/10/4 2806/10/4
f 2806/10/4 2803/10/4 2807/10/4
f 2808/11/4 2809/11/4 2810/11/4
f 2810/11/4 2809/11/4 2811/11/4
f 2812/11/4 2813/11/4 2814/11/4
f 2814/11/4 2813/11/4 2815/11/4
f 2816/11/4 2817/11/4 2818/11/4
f 2818/11/4 2817/11/4 2819/11/4
f 2820/12/4 2821/12/4 2822/12/4
f 2822/12/4 2821/12/4 2823/12/4
f 2822/12/4 2823/12/4 2825/12/4
f 2823/12/4 2824/12/4 2825/12/4
f 2825/12/4 2824/12/4 2826/12/4
f 2827/5/4 2828/5/4 2831/5/4
f 2831/5/4 2828/5/4 2832/5/4
f 2829/11/4 2830/11/4 2833/11/4
f 2833/11/4 2830/11/4 2834/11/4
f 2835/11/4 2836/11/4 2837/11/4
f 2837/11/4 2836/11/4 2838/11/4
f 2839/11/4 2840/11/4 2841/11/4
f 2841/11/4 2840/11/4 2842/11/4
f 2843/12/4 2844/12/4 2845/12/4
f 2845/12/4 2844/12/4 2846/12/4
f 2847/10/4 2848/10/4 2851/10/4
f 2851/10/4 2848/10/4 2852/10/4
f 2849/10/4 2850/10/4 2853/10/4
f 2853/10/4 2850/10/4 2854/10/4
f 2857/11/4 2858/11/4 2859/11/4
f 2859/11/4 2858/11/4 2860/11/4
f 2855/5/4 2856/5/4 2863/5/4
f 2863/5/4 2856/5/4 2864/5/4
f 2859/5/4 2860/5/4 2866/5/4
f 2866/5/4 2860/5/4 2867/5/4
f 2867/5/4 2860/5/4 2868/5/4
f 2861/11/4 2862/11/4 2869/11/4
f 2869/11/4 2862/11/4 2870/11/4
f 2864/5/4 2865/5/4 2871/5/4
f 2867/11/4 2868/11/4 2873/11/4
f 2873/11/4 2868/11/4 2874/11/4
f 2871/5/4 2872/5/4 2878/5/4
f 2864/5/4 2871/5/4 2878/5/4
f 2878/5/4 2872/5/4 2879/5/4
f 2872/11/4 2873/11/4 2880/11/4
f 2879/5/4 2872/5/4 2880/5/4
f 2880/11/4 2873/11/4 2881/11/4
f 2875/11/4 2876/11/4 2882/11/4
f 2882/11/4 2876/11/4 2883/11/4
f 2877/5/4 2878/5/4 2884/5/4
f 2884/5/4 2878/5/4 2885/5/4
f 2886/11/4 2887/11/4 2889/11/4
f 2887/11/4 2888/11/4 2889/11/4
f 2889/11/4 2888/11/4 2890/11/4
f 2890/11/4 2888/11/4 2891/11/4
f 2892/12/4 2893/12/4 2894/12/4
f 2894/12/4 2893/12/4 2895/12/4
f 2896/10/4 2897/10/4 2898/10/4
f 2898/10/4 2897/10/4 2899/10/4
f 2900/11/4 2901/11/4 2902/11/4
f 2902/11/4 2901/11/4 2903/11/4
f 2903/11/4 2904/11/4 2905/11/4
f 2903/11/4 2905/11/4 2909/11/4
f 2905/11/4 2906/11/4 2909/11/4
f 2909/11/4 2906/11/4 2910/11/4
f 2907/11/4 2908/11/4 2911/11/4
f 2911/11/4 2908/11/4 2912/11/4
f 2903/11/4 2909/11/4 2913/11/4
f 2913/11/4 2909/11/4 2914/11/4
f 2917/11/4 2918/11/4 2923/11/4
f 2923/11/4 2918/11/4 2924/11/4
f 2915/5/4 2916/5/4 2926/5/4
f 2926/5/4 2916/5/4 2927/5/4
f 2921/11/4 2922/11/4 2928/11/4
f 2928/11/4 2922/11/4 2929/11/4
f 2924/11/4 2925/11/4 2930/11/4
f 2930/11/4 2925/11/4 2931/11/4
f 2919/5/4 2920/5/4 2932/5/4
f 2932/5/4 2920/5/4 2933/5/4
f 2933/11/4 2934/11/4 2937/11/4
f 2937/11/4 2934/11/4 2938/11/4
f 2935/11/4 2936/11/4 2939/11/4
f 2939/11/4 2936/11/4 2940/11/4
f 2941/12/4 2942/12/4 2944/12/4
f 2944/12/4 2942/12/4 2945/12/4
f 2943/12/4 2944/12/4 2946/12/4
f 2946/12/4 2944/12/4 2947/12/4
f 2948/12/4 2949/12/4 2950/12/4
f 2950/12/4 2949/12/4 2951/12/4
f 2952/13/4 2953/13/4 2954/13/4
f 2954/13/4 2953/13/4 2955/13/4
f 2954/13/4 2955/13/4 2959/13/4
f 2955/13/4 2956/13/4 2959/13/4
f 2959/13/4 2956/13/4 2960/13/4
f 2960/13/4 2956/13/4 2961/13/4
f 2957/11/4 2958/11/4 2962/11/4
f 2962/11/4 2958/11/4 2963/11/4
f 2964/11/4 2965/11/4 2966/11/4
f 2966/11/4 2965/11/4 2967/11/4
f 2968/11/4 2969/11/4 2970/11/4
f 2970/11/4 2969/11/4 2971/11/4
f 2974/11/4 2975/11/4 2978/11/4
f 2978/11/4 2975/11/4 2979/11/4
f 2972/11/4 2973/11/4 2980/11/4
f 2980/11/4 2973/11/4 2981/11/4
f 2976/5/4 2977/5/4 2982/5/4
f 2982/5/4 2977/5/4 2983/5/4
f 2979/11/4 2980/11/4 2985/11/4
f 2985/11/4 2980/11/4 2986/11/4
f 2982/11/4 2983/11/4 2988/11/4
f 2988/11/4 2983/11/4 2989/11/4
f 2984/11/4 2985/11/4 2990/11/4
f 2990/11/4 2985/11/4 2991/11/4
f 2987/11/4 2988/11/4 2993/11/4
f 2993/11/4 2988/11/4 2994/11/4
f 2993/13/4 2994/13/4 2997/13/4
f 2992/13/4 2993/13/4 2997/13/4
f 2997/13/4 2994/13/4 2998/13/4
f 2998/13/4 2994/13/4 2999/13/4
f 2997/13/4 2998/13/4 3000/13/4
f 3000/13/4 2998/13/4 3001/13/4
f 2995/11/4 2996/11/4 3003/11/4
f 3003/11/4 2996/11/4 3004/11/4
f 3002/11/4 3003/11/4 3005/11/4
f 3005/11/4 3003/11/4 3006/11/4
f 3007/18/4 3008/18/4 3009/18/4
f 3009/18/4 3008/18/4 3010/18/4
f 3011/15/4 3012/15/4 3014/15/4
f 3014/15/4 3012/15/4 3015/15/4
f 3013/15/4 3014/15/4 3019/15/4
f 3017/15/4 3018/15/4 3019/15/4
f 3016/15/4 3017/15/4 3019/15/4
f 3015/15/4 3016/15/4 3019/15/4
f 3014/15/4 3015/15/4 3019/15/4
f 3019/15/4 3018/15/4 3020/15/4
f 3020/15/4 3018/15/4 3021/15/4
f 3021/15/4 3018/15/4 3022/15/4
f 3022/15/4 3018/15/4 3023/15/4
f 3023/15/4 3018/15/4 3024/15/4
f 3024/15/4 3018/15/4 3025/15/4
f 3019/15/4 3020/15/4 3026/15/4
f 3020/6/4 3021/6/4 3027/6/4
f 3026/15/4 3020/15/4 3027/15/4
f 3021/15/4 3022/15/4 3028/15/4
f 3027/6/4 3021/6/4 3028/6/4
f 3026/15/4 3027/15/4 3029/15/4
f 3027/15/4 3028/15/4 3029/15/4
f 3028/15/4 3022/15/4 3030/15/4
f 3029/15/4 3028/15/4 3030/15/4
f 3029/4/4 3030/4/4 3031/4/4
f 3031/4/4 3030/4/4 3032/4/4
f 3030/15/4 3022/15/4 3033/15/4
f 3032/4/4 3030/4/4 3033/4/4
f 3032/15/4 3033/15/4 3034/15/4
f 3022/6/4 3023/6/4 3035/6/4
f 3034/15/4 3033/15/4 3035/15/4
f 3033/15/4 3022/15/4 3035/15/4
f 3023/15/4 3024/15/4 3036/15/4
f 3035/6/4 3023/6/4 3036/6/4
f 3024/6/4 3025/6/4 3037/6/4
f 3036/15/4 3024/15/4 3037/15/4
f 3025/15/4 3018/15/4 3038/15/4
f 3037/6/4 3025/6/4 3038/6/4
f 3036/15/4 3037/15/4 3041/15/4
f 3034/15/4 3035/15/4 3041/15/4
f 3035/15/4 3036/15/4 3041/15/4
f 3037/15/4 3038/15/4 3041/15/4
f 3041/15/4 3038/15/4 3042/15/4
f 3042/15/4 3038/15/4 3043/15/4
f 3038/15/4 3018/15/4 3044/15/4
f 3043/15/4 3038/15/4 3044/15/4
f 3039/15/4 3040/15/4 3046/15/4
f 3046/15/4 3040/15/4 3047/15/4
f 3044/10/4 3045/10/4 3048/10/4
f 3043/10/4 3044/10/4 3048/10/4
f 3048/10/4 3045/10/4 3049/10/4
f 3050/11/4 3051/11/4 3056/11/4
f 3056/11/4 3051/11/4 3057/11/4
f 3052/11/4 3053/11/4 3058/11/4
f 3058/11/4 3053/11/4 3059/11/4
f 3060/11/4 3061/11/4 3062/11/4
f 3062/11/4 3061/11/4 3063/11/4
f 3064/11/4 3065/11/4 3066/11/4
f 3066/11/4 3065/11/4 3067/11/4
f 3054/18/4 3055/18/4 3070/18/4
f 3070/18/4 3055/18/4 3071/18/4
f 3068/11/4 3069/11/4 3073/11/4
f 3073/11/4 3069/11/4 3074/11/4
f 3072/11/4 3073/11/4 3076/11/4
f 3076/11/4 3073/11/4 3077/11/4
f 3075/11/4 3076/11/4 3078/11/4
f 3078/11/4 3076/11/4 3079/11/4
f 3080/18/4 3081/18/4 3082/18/4
f 3080/18/4 3082/18/4 3084/18/4
f 3082/12/4 3083/12/4 3084/12/4
f 3084/12/4 3083/12/4 3085/12/4
f 3080/18/4 3084/18/4 3086/18/4
f 3086/18/4 3084/18/4 3087/18/4
f 3088/18/4 3089/18/4 3090/18/4
f 3090/18/4 3089/18/4 3091/18/4
f 3092/11/4 3093/11/4 3094/11/4
f 3094/11/4 3093/11/4 3095/11/4
f 3096/11/4 3097/11/4 3100/11/4
f 3100/11/4 3097/11/4 3101/11/4
f 3098/18/4 3099/18/4 3104/18/4
f 3104/18/4 3099/18/4 3105/18/4
f 3102/11/4 3103/11/4 3106/11/4
f 3106/11/4 3103/11/4 3107/11/4
f 3108/11/4 3109/11/4 3112/11/4
f 3112/11/4 3109/11/4 3113/11/4
f 3110/18/4 3111/18/4 3114/18/4
f 3114/18/4 3111/18/4 3115/18/4
f 3116/11/4 3117/11/4 3118/11/4
f 3118/11/4 3117/11/4 3119/11/4
f 3120/15/4 3121/15/4 3122/15/4
f 3122/15/4 3121/15/4 3123/15/4
f 3126/11/4 3127/11/4 3128/11/4
f 3128/11/4 3127/11/4 3129/11/4
f 3124/13/4 3125/13/4 3131/13/4
f 3131/13/4 3125/13/4 3132/13/4
f 3129/11/4 3130/11/4 3133/11/4
f 3133/11/4 3130/11/4 3134/11/4
f 3137/11/4 3138/11/4 3139/11/4
f 3139/11/4 3138/11/4 3140/11/4
f 3135/13/4 3136/13/4 3141/13/4
f 3141/13/4 3136/13/4 3142/13/4
f 3143/11/4 3144/11/4 3147/11/4
f 3147/11/4 3144/11/4 3148/11/4
f 3145/13/4 3146/13/4 3149/13/4
f 3149/13/4 3146/13/4 3150/13/4
f 3150/13/4 3146/13/4 3151/13/4
f 3151/13/4 3146/13/4 3152/13/4
f 3155/13/4 3156/13/4 3157/13/4
f 3153/11/4 3154/11/4 3158/11/4
f 3158/11/4 3154/11/4 3159/11/4
f 3157/13/4 3156/13/4 3160/13/4
f 3160/13/4 3156/13/4 3161/13/4
f 3161/13/4 3156/13/4 3162/13/4
f 3163/12/4 3164/12/4 3165/12/4
f 3165/12/4 3164/12/4 3166/12/4
f 3167/18/4 3168/18/4 3169/18/4
f 3169/18/4 3168/18/4 3170/18/4
f 3171/15/4 3172/15/4 3173/15/4
f 3173/15/4 3172/15/4 3174/15/4
f 3174/15/4 3172/15/4 3175/15/4
f 3175/15/4 3172/15/4 3176/15/4
f 3176/15/4 3172/15/4 3177/15/4
f 3177/15/4 3172/15/4 3178/15/4
f 3178/15/4 3172/15/4 3179/15/4
f 3180/12/4 3181/12/4 3182/12/4
f 3182/12/4 3181/12/4 3183/12/4
f 3184/5/4 3185/5/4 3186/5/4
f 3186/5/4 3185/5/4 3187/5/4
f 3188/12/4 3189/12/4 3190/12/4
f 3190/12/4 3189/12/4 3191/12/4
f 3192/18/4 3193/18/4 3194/18/4
f 3194/18/4 3193/18/4 3195/18/4
f 3196/15/4 3197/15/4 3198/15/4
f 3198/15/4 3197/15/4 3199/15/4
f 3199/15/4 3197/15/4 3200/15/4
f 3200/15/4 3197/15/4 3201/15/4
f 3201/15/4 3197/15/4 3202/15/4
f 3203/15/4 3204/15/4 3205/15/4
f 3205/15/4 3204/15/4 3206/15/4
f 3206/15/4 3204/15/4 3207/15/4
f 3205/15/4 3206/15/4 3208/15/4
f 3208/15/4 3206/15/4 3209/15/4
f 3209/15/4 3206/15/4 3210/15/4
f 3206/6/4 3207/6/4 3211/6/4
f 3210/15/4 3206/15/4 3211/15/4
f 3207/15/4 3204/15/4 3212/15/4
f 3211/6/4 3207/6/4 3212/6/4
f 3210/15/4 3211/15/4 3213/15/4
f 3211/15/4 3212/15/4 3213/15/4
f 3213/15/4 3212/15/4 3214/15/4
f 3214/15/4 3212/15/4 3215/15/4
f 3215/15/4 3212/15/4 3216/15/4
f 3216/15/4 3212/15/4 3217/15/4
f 3212/15/4 3204/15/4 3218/15/4
f 3217/15/4 3212/15/4 3218/15/4
f 3216/15/4 3217/15/4 3219/15/4
f 3219/15/4 3217/15/4 3220/15/4
f 3220/15/4 3217/15/4 3221/15/4
f 3217/6/4 3218/6/4 3222/6/4
f 3221/15/4 3217/15/4 3222/15/4
f 3218/15/4 3204/15/4 3223/15/4
f 3222/6/4 3218/6/4 3223/6/4
f 3221/15/4 3222/15/4 3224/15/4
f 3222/15/4 3223/15/4 3224/15/4
f 3223/15/4 3204/15/4 3225/15/4
f 3224/15/4 3223/15/4 3225/15/4
f 3226/8/4 3227/8/4 3228/8/4
f 3228/8/4 3227/8/4 3229/8/4
f 3228/14/4 3229/14/4 3230/14/4
f 3230/14/4 3229/14/4 3231/14/4
f 3230/8/4 3231/8/4 3242/8/4
f 3231/8/4 3232/8/4 3242/8/4
f 3242/8/4 3232/8/4 3243/8/4
f 3243/8/4 3232/8/4 3244/8/4
f 3237/15/4 3238/15/4 3245/15/4
f 3245/15/4 3238/15/4 3246/15/4
f 3241/15/4 3242/15/4 3247/15/4
f 3242/15/4 3243/15/4 3247/15/4
f 3243/14/4 3244/14/4 3248/14/4
f 3247/15/4 3243/15/4 3248/15/4
f 3248/14/4 3244/14/4 3249/14/4
f 3233/15/4 3234/15/4 3251/15/4
f 3251/15/4 3234/15/4 3252/15/4
f 3248/8/4 3249/8/4 3253/8/4
f 3249/8/4 3250/8/4 3253/8/4
f 3247/6/4 3248/6/4 3253/6/4
f 3253/8/4 3250/8/4 3254/8/4
f 3245/6/4 3246/6/4 3255/6/4
f 3255/6/4 3246/6/4 3256/6/4
f 3255/15/4 3256/15/4 3257/15/4
f 3257/15/4 3256/15/4 3258/15/4
f 3247/6/4 3253/6/4 3259/6/4
f 3253/15/4 3254/15/4 3260/15/4
f 3259/6/4 3253/6/4 3260/6/4
f 3254/8/4 3250/8/4 3261/8/4
f 3260/15/4 3254/15/4 3261/15/4
f 3261/8/4 3250/8/4 3262/8/4
f 3259/15/4 3260/15/4 3263/15/4
f 3260/15/4 3261/15/4 3263/15/4
f 3263/15/4 3261/15/4 3264/15/4
f 3261/14/4 3262/14/4 3265/14/4
f 3264/15/4 3261/15/4 3265/15/4
f 3265/14/4 3262/14/4 3266/14/4
f 3257/6/4 3258/6/4 3268/6/4
f 3268/6/4 3258/6/4 3269/6/4
f 3265/8/4 3266/8/4 3270/8/4
f 3266/8/4 3267/8/4 3270/8/4
f 3264/15/4 3265/15/4 3270/15/4
f 3270/8/4 3267/8/4 3271/8/4
f 3251/6/4 3252/6/4 3272/6/4
f 3272/6/4 3252/6/4 3273/6/4
f 3268/15/4 3269/15/4 3274/15/4
f 3274/15/4 3269/15/4 3275/15/4
f 3263/6/4 3264/6/4 3276/6/4
f 3264/15/4 3270/15/4 3277/15/4
f 3276/6/4 3264/6/4 3277/6/4
f 3270/15/4 3271/15/4 3277/15/4
f 3271/8/4 3267/8/4 3278/8/4
f 3277/15/4 3271/15/4 3278/15/4
f 3278/8/4 3267/8/4 3279/8/4
f 3272/15/4 3273/15/4 3280/15/4
f 3280/15/4 3273/15/4 3281/15/4
f 3274/6/4 3275/6/4 3282/6/4
f 3282/6/4 3275/6/4 3283/6/4
f 3276/15/4 3277/15/4 3284/15/4
f 3277/15/4 3278/15/4 3284/15/4
f 3284/15/4 3278/15/4 3285/15/4
f 3285/15/4 3278/15/4 3286/15/4
f 3278/14/4 3279/14/4 3287/14/4
f 3286/15/4 3278/15/4 3287/15/4
f 3287/14/4 3279/14/4 3288/14/4
f 3287/8/4 3288/8/4 3290/8/4
f 3288/8/4 3289/8/4 3290/8/4
f 3286/6/4 3287/6/4 3290/6/4
f 3290/8/4 3289/8/4 3291/8/4
f 3280/6/4 3281/6/4 3292/6/4
f 3292/6/4 3281/6/4 3293/6/4
f 3282/15/4 3283/15/4 3294/15/4
f 3294/15/4 3283/15/4 3295/15/4
f 3284/6/4 3285/6/4 3296/6/4
f 3285/15/4 3286/15/4 3297/15/4
f 3296/6/4 3285/6/4 3297/6/4
f 3286/6/4 3290/6/4 3298/6/4
f 3297/15/4 3286/15/4 3298/15/4
f 3290/15/4 3291/15/4 3299/15/4
f 3298/6/4 3290/6/4 3299/6/4
f 3291/8/4 3289/8/4 3300/8/4
f 3299/15/4 3291/15/4 3300/15/4
f 3300/8/4 3289/8/4 3301/8/4
f 3292/15/4 3293/15/4 3302/15/4
f 3302/15/4 3293/15/4 3303/15/4
f 3298/15/4 3299/15/4 3304/15/4
f 3296/15/4 3297/15/4 3304/15/4
f 3297/15/4 3298/15/4 3304/15/4
f 3299/15/4 3300/15/4 3304/15/4
f 3300/14/4 3301/14/4 3305/14/4
f 3304/15/4 3300/15/4 3305/15/4
f 3305/14/4 3301/14/4 3306/14/4
f 3294/6/4 3295/6/4 3308/6/4
f 3308/6/4 3295/6/4 3309/6/4
f 3305/8/4 3306/8/4 3310/8/4
f 3306/8/4 3307/8/4 3310/8/4
f 3310/8/4 3307/8/4 3311/8/4
f 3308/15/4 3309/15/4 3312/15/4
f 3312/15/4 3309/15/4 3313/15/4
f 3303/15/4 3293/15/4 3315/15/4
f 3312/6/4 3313/6/4 3316/6/4
f 3316/6/4 3313/6/4 3317/6/4
f 3314/15/4 3315/15/4 3318/15/4
f 3315/15/4 3293/15/4 3319/15/4
f 3318/15/4 3315/15/4 3319/15/4
f 3316/15/4 3317/15/4 3320/15/4
f 3320/15/4 3317/15/4 3321/15/4
f 3318/6/4 3319/6/4 3322/6/4
f 3322/6/4 3319/6/4 3323/6/4
f 3320/6/4 3321/6/4 3324/6/4
f 3324/6/4 3321/6/4 3325/6/4
f 3322/15/4 3323/15/4 3326/15/4
f 3326/15/4 3323/15/4 3327/15/4
f 3235/15/4 3236/15/4 3328/15/4
f 3328/15/4 3236/15/4 3329/15/4
f 3324/15/4 3325/15/4 3330/15/4
f 3330/15/4 3325/15/4 3331/15/4
f 3239/15/4 3240/15/4 3332/15/4
f 3332/15/4 3240/15/4 3333/15/4
f 3334/15/4 3335/15/4 3344/15/4
f 3344/15/4 3335/15/4 3345/15/4
f 3345/15/4 3335/15/4 3346/15/4
f 3346/15/4 3335/15/4 3347/15/4
f 3347/15/4 3335/15/4 3348/15/4
f 3348/15/4 3335/15/4 3349/15/4
f 3349/15/4 3335/15/4 3350/15/4
f 3350/15/4 3335/15/4 3351/15/4
f 3351/15/4 3335/15/4 3352/15/4
f 3352/15/4 3335/15/4 3353/15/4
f 3353/15/4 3335/15/4 3354/15/4
f 3354/15/4 3335/15/4 3355/15/4
f 3356/15/4 3357/15/4 3358/15/4
f 3358/15/4 3357/15/4 3359/15/4
f 3360/15/4 3361/15/4 3362/15/4
f 3362/15/4 3361/15/4 3363/15/4
f 3363/15/4 3361/15/4 3364/15/4
f 3364/15/4 3361/15/4 3365/15/4
f 3365/15/4 3361/15/4 3366/15/4
f 3366/15/4 3361/15/4 3367/15/4
f 3336/15/4 3337/15/4 3368/15/4
f 3368/15/4 3337/15/4 3369/15/4
f 3338/15/4 3339/15/4 3370/15/4
f 3370/15/4 3339/15/4 3371/15/4
f 3340/15/4 3341/15/4 3372/15/4
f 3372/15/4 3341/15/4 3373/15/4
f 3342/15/4 3343/15/4 3374/15/4
f 3374/15/4 3343/15/4 3375/15/4
f 3376/9/4 3377/9/4 3378/9/4
f 3378/9/4 3377/9/4 3379/9/4
f 3380/15/4 3381/15/4 3382/15/4
f 3382/15/4 3381/15/4 3383/15/4
f 3383/15/4 3381/15/4 3384/15/4
f 3385/12/4 3386/12/4 3387/12/4
f 3387/12/4 3386/12/4 3388/12/4
f 3389/12/4 3390/12/4 3391/12/4
f 3391/12/4 3390/12/4 3392/12/4
f 3392/12/4 3393/12/4 3394/12/4
f 3394/12/4 3393/12/4 3395/12/4
f 3396/12/4 3397/12/4 3398/12/4
f 3398/12/4 3397/12/4 3399/12/4
f 3400/12/4 3401/12/4 3402/12/4
f 3402/12/4 3401/12/4 3403/12/4
f 3404/12/4 3405/12/4 3406/12/4
f 3406/12/4 3405/12/4 3407/12/4
f 3408/12/4 3409/12/4 3410/12/4
f 3410/12/4 3409/12/4 3411/12/4
f 3412/12/4 3413/12/4 3414/12/4
f 3414/12/4 3413/12/4 3415/12/4
f 3416/15/4 3417/15/4 3418/15/4
f 3416/15/4 3418/15/4 3419/15/4
f 3419/15/4 3418/15/4 3420/15/4
f 3420/15/4 3418/15/4 3421/15/4
f 3420/15/4 3421/15/4 3422/15/4
f 3416/15/4 3419/15/4 3423/15/4
f 3419/6/4 3420/6/4 3423/6/4
f 3420/15/4 3422/15/4 3424/15/4
f 3423/6/4 3420/6/4 3424/6/4
f 3424/15/4 3422/15/4 3425/15/4
f 3423/15/4 3424/15/4 3426/15/4
f 3424/15/4 3425/15/4 3426/15/4
f 3416/15/4 3423/15/4 3427/15/4
f 3423/15/4 3426/15/4 3427/15/4
f 3427/15/4 3426/15/4 3428/15/4
f 3428/15/4 3426/15/4 3429/15/4
f 3428/15/4 3429/15/4 3430/15/4
f 3416/15/4 3427/15/4 3431/15/4
f 3427/6/4 3428/6/4 3431/6/4
f 3428/15/4 3430/15/4 3432/15/4
f 3431/6/4 3428/6/4 3432/6/4
f 3432/15/4 3430/15/4 3433/15/4
f 3431/15/4 3432/15/4 3434/15/4
f 3432/15/4 3433/15/4 3434/15/4
f 3416/15/4 3431/15/4 3435/15/4
f 3431/15/4 3434/15/4 3435/15/4
f 3435/15/4 3434/15/4 3436/15/4
f 3436/15/4 3434/15/4 3437/15/4
f 3436/15/4 3437/15/4 3438/15/4
f 3416/15/4 3435/15/4 3439/15/4
f 3435/6/4 3436/6/4 3439/6/4
f 3436/15/4 3438/15/4 3440/15/4
f 3439/6/4 3436/6/4 3440/6/4
f 3440/15/4 3438/15/4 3441/15/4
f 3416/15/4 3439/15/4 3442/15/4
f 3439/15/4 3440/15/4 3442/15/4
f 3440/15/4 3441/15/4 3442/15/4
f 3442/15/4 3441/15/4 3443/15/4
f 3443/15/4 3441/15/4 3444/15/4
f 3443/15/4 3444/15/4 3445/15/4
f 3443/15/4 3445/15/4 3447/15/4
f 3447/15/4 3445/15/4 3448/15/4
f 3446/15/4 3447/15/4 3449/15/4
f 3447/15/4 3448/15/4 3449/15/4
f 3449/15/4 3448/15/4 3450/15/4
f 3450/15/4 3448/15/4 3451/15/4
f 3450/15/4 3451/15/4 3452/15/4
f 3446/15/4 3449/15/4 3453/15/4
f 3449/6/4 3450/6/4 3453/6/4
f 3450/15/4 3452/15/4 3454/15/4
f 3453/6/4 3450/6/4 3454/6/4
f 3454/15/4 3452/15/4 3455/15/4
f 3453/15/4 3454/15/4 3456/15/4
f 3454/15/4 3455/15/4 3456/15/4
f 3446/15/4 3453/15/4 3457/15/4
f 3453/15/4 3456/15/4 3457/15/4
f 3457/15/4 3456/15/4 3458/15/4
f 3458/15/4 3456/15/4 3459/15/4
f 3458/15/4 3459/15/4 3460/15/4
f 3446/15/4 3457/15/4 3461/15/4
f 3457/6/4 3458/6/4 3461/6/4
f 3458/15/4 3460/15/4 3462/15/4
f 3461/6/4 3458/6/4 3462/6/4
f 3462/15/4 3460/15/4 3463/15/4
f 3461/15/4 3462/15/4 3464/15/4
f 3462/15/4 3463/15/4 3464/15/4
f 3446/15/4 3461/15/4 3465/15/4
f 3461/15/4 3464/15/4 3465/15/4
f 3465/15/4 3464/15/4 3466/15/4
f 3446/15/4 3465/15/4 3467/15/4
f 3465/6/4 3466/6/4 3467/6/4
f 3466/15/4 3464/15/4 3468/15/4
f 3467/6/4 3466/6/4 3468/6/4
f 3446/15/4 3467/15/4 3469/15/4
f 3467/15/4 3468/15/4 3469/15/4
f 3468/15/4 3464/15/4 3470/15/4
f 3469/15/4 3468/15/4 3470/15/4
f 3446/15/4 3469/15/4 3471/15/4
f 3469/6/4 3470/6/4 3471/6/4
f 3470/15/4 3464/15/4 3472/15/4
f 3471/6/4 3470/6/4 3472/6/4
f 3446/15/4 3471/15/4 3473/15/4
f 3471/15/4 3472/15/4 3473/15/4
f 3472/15/4 3464/15/4 3474/15/4
f 3473/15/4 3472/15/4 3474/15/4
f 3446/15/4 3473/15/4 3475/15/4
f 3473/6/4 3474/6/4 3475/6/4
f 3474/15/4 3464/15/4 3476/15/4
f 3475/6/4 3474/6/4 3476/6/4
f 3446/15/4 3475/15/4 3477/15/4
f 3475/15/4 3476/15/4 3477/15/4
f 3476/15/4 3464/15/4 3478/15/4
f 3477/15/4 3476/15/4 3478/15/4
f 3479/12/4 3480/12/4 3481/12/4
f 3481/12/4 3480/12/4 3482/12/4
f 3483/18/4 3484/18/4 3485/18/4
f 3485/18/4 3484/18/4 3486/18/4
f 3487/15/4 3488/15/4 3489/15/4
f 3489/15/4 3488/15/4 3490/15/4
f 3490/15/4 3488/15/4 3491/15/4
f 3489/15/4 3490/15/4 3492/15/4
f 3492/15/4 3490/15/4 3493/15/4
f 3493/15/4 3490/15/4 3494/15/4
f 3490/6/4 3491/6/4 3495/6/4
f 3494/15/4 3490/15/4 3495/15/4
f 3491/15/4 3488/15/4 3496/15/4
f 3495/6/4 3491/6/4 3496/6/4
f 3494/15/4 3495/15/4 3497/15/4
f 3495/15/4 3496/15/4 3497/15/4
f 3497/15/4 3496/15/4 3498/15/4
f 3498/15/4 3496/15/4 3499/15/4
f 3499/15/4 3496/15/4 3500/15/4
f 3500/15/4 3496/15/4 3501/15/4
f 3496/15/4 3488/15/4 3502/15/4
f 3501/15/4 3496/15/4 3502/15/4
f 3500/15/4 3501/15/4 3503/15/4
f 3503/15/4 3501/15/4 3504/15/4
f 3504/15/4 3501/15/4 3505/15/4
f 3501/6/4 3502/6/4 3506/6/4
f 3505/15/4 3501/15/4 3506/15/4
f 3502/15/4 3488/15/4 3507/15/4
f 3506/6/4 3502/6/4 3507/6/4
f 3505/15/4 3506/15/4 3508/15/4
f 3506/15/4 3507/15/4 3508/15/4
f 3507/15/4 3488/15/4 3509/15/4
f 3508/15/4 3507/15/4 3509/15/4
f 3510/18/4 3511/18/4 3512/18/4
f 3512/18/4 3511/18/4 3513/18/4
f 3514/15/4 3515/15/4 3516/15/4
f 3516/15/4 3515/15/4 3517/15/4
f 3517/15/4 3515/15/4 3519/15/4
f 3518/15/4 3519/15/4 3520/15/4
f 3519/15/4 3515/15/4 3521/15/4
f 3520/15/4 3519/15/4 3521/15/4
f 3522/1/4 3523/1/4 3524/1/4
f 3524/1/4 3523/1/4 3525/1/4
f 3526/19/4 3527/19/4 3529/19/4
f 3527/17/4 3528/17/4 3529/17/4
f 3529/17/4 3528/17/4 3530/17/4
f 3526/19/4 3529/19/4 3531/19/4
f 3529/19/4 3530/19/4 3531/19/4
f 3531/19/4 3530/19/4 3532/19/4
f 3535/19/5 3534/19/5 3533/19/5
f 3536/19/5 3534/19/5 3535/19/5
f 3539/15/5 3538/15/5 3537/15/5
f 3540/15/5 3538/15/5 3539/15/5
f 3543/15/5 3542/15/5 3541/15/5
f 3544/15/5 3542/15/5 3543/15/5
f 3547/15/5 3546/15/5 3545/15/5
f 3548/15/5 3546/15/5 3547/15/5
f 3551/15/5 3550/15/5 3549/15/5
f 3552/15/5 3550/15/5 3551/15/5
f 3556/15/5 3554/15/5 3553/15/5
f 3557/15/5 3554/15/5 3556/15/5
f 3558/15/5 3554/15/5 3557/15/5
f 3559/15/5 3554/15/5 3558/15/5
f 3560/15/5 3554/15/5 3559/15/5
f 3561/15/5 3554/15/5 3560/15/5
f 3562/15/5 3554/15/5 3561/15/5
f 3563/15/5 3554/15/5 3562/15/5
f 3564/15/5 3554/15/5 3563/15/5
f 3565/15/5 3554/15/5 3564/15/5
f 3566/15/5 3554/15/5 3565/15/5
f 3567/15/5 3554/15/5 3566/15/5
f 3568/15/5 3554/15/5 3567/15/5
f 3569/15/5 3554/15/5 3568/15/5
f 3570/15/5 3554/15/5 3569/15/5
f 3571/15/5 3554/15/5 3570/15/5
f 3572/15/5 3554/15/5 3571/15/5
f 3573/15/5 3554/15/5 3572/15/5
f 3574/15/5 3554/15/5 3573/15/5
f 3575/15/5 3554/15/5 3574/15/5
f 3576/15/5 3554/15/5 3575/15/5
f 3577/15/5 3554/15/5 3576/15/5
f 3578/15/5 3554/15/5 3577/15/5
f 3579/15/5 3554/15/5 3578/15/5
f 3580/15/5 3554/15/5 3579/15/5
f 3581/15/5 3554/15/5 3580/15/5
f 3582/15/5 3554/15/5 3581/15/5
f 3583/15/5 3554/15/5 3582/15/5
f 3584/15/5 3554/15/5 3583/15/5
f 3585/15/5 3554/15/5 3584/15/5
f 3586/15/5 3554/15/5 3585/15/5
f 3587/15/5 3554/15/5 3586/15/5
f 3588/15/5 3554/15/5 3587/15/5
f 3589/15/5 3554/15/5 3588/15/5
f 3590/15/5 3554/15/5 3589/15/5
f 3591/15/5 3554/15/5 3590/15/5
f 3592/15/5 3554/15/5 3591/15/5
f 3593/15/5 3554/15/5 3592/15/5
f 3594/15/5 3554/15/5 3593/15/5
f 3595/15/5 3554/15/5 3594/15/5
f 3596/15/5 3554/15/5 3595/15/5
f 3597/15/5 3554/15/5 3596/15/5
f 3599/15/5 3556/15/5 3555/15/5
f 3599/16/5 3557/16/5 3556/16/5
f 3600/15/5 3558/15/5 3557/15/5
f 3600/16/5 3557/16/5 3599/16/5
f 3601/16/5 3559/16/5 3558/16/5
f 3601/15/5 3558/15/5 3600/15/5
f 3602/15/5 3560/15/5 3559/15/5
f 3602/16/5 3559/16/5 3601/16/5
f 3603/16/5 3561/16/5 3560/16/5
f 3603/15/5 3560/15/5 3602/15/5
f 3604/15/5 3562/15/5 3561/15/5
f 3604/16/5 3561/16/5 3603/16/5
f 3605/16/5 3563/16/5 3562/16/5
f 3605/15/5 3562/15/5 3604/15/5
f 3606/15/5 3564/15/5 3563/15/5
f 3606/16/5 3563/16/5 3605/16/5
f 3607/16/5 3565/16/5 3564/16/5
f 3607/15/5 3564/15/5 3606/15/5
f 3608/15/5 3566/15/5 3565/15/5
f 3608/16/5 3565/16/5 3607/16/5
f 3609/16/5 3567/16/5 3566/16/5
f 3609/15/5 3566/15/5 3608/15/5
f 3610/15/5 3568/15/5 3567/15/5
f 3610/16/5 3567/16/5 3609/16/5
f 3611/16/5 3569/16/5 3568/16/5
f 3611/15/5 3568/15/5 3610/15/5
f 3612/15/5 3570/15/5 3569/15/5
f 3612/16/5 3569/16/5 3611/16/5
f 3613/16/5 3571/16/5 3570/16/5
f 3613/15/5 3570/15/5 3612/15/5
f 3614/15/5 3572/15/5 3571/15/5
f 3614/16/5 3571/16/5 3613/16/5
f 3615/16/5 3573/16/5 3572/16/5
f 3615/15/5 3572/15/5 3614/15/5
f 3616/15/5 3574/15/5 3573/15/5
f 3616/16/5 3573/16/5 3615/16/5
f 3617/16/5 3575/16/5 3574/16/5
f 3617/15/5 3574/15/5 3616/15/5
f 3618/15/5 3576/15/5 3575/15/5
f 3618/16/5 3575/16/5 3617/16/5
f 3619/16/5 3577/16/5 3576/16/5
f 3619/15/5 3576/15/5 3618/15/5
f 3620/15/5 3578/15/5 3577/15/5
f 3620/16/5 3577/16/5 3619/16/5
f 3621/16/5 3579/16/5 3578/16/5
f 3621/15/5 3578/15/5 3620/15/5
f 3622/15/5 3580/15/5 3579/15/5
f 3622/16/5 3579/16/5 3621/16/5
f 3623/16/5 3581/16/5 3580/16/5
f 3623/15/5 3580/15/5 3622/15/5
f 3624/15/5 3582/15/5 3581/15/5
f 3624/16/5 3581/16/5 3623/16/5
f 3625/16/5 3583/16/5 3582/16/5
f 3625/15/5 3582/15/5 3624/15/5
f 3626/15/5 3584/15/5 3583/15/5
f 3626/16/5 3583/16/5 3625/16/5
f 3627/16/5 3585/16/5 3584/16/5
f 3627/15/5 3584/15/5 3626/15/5
f 3628/15/5 3586/15/5 3585/15/5
f 3628/16/5 3585/16/5 3627/16/5
f 3629/16/5 3587/16/5 3586/16/5
f 3629/15/5 3586/15/5 3628/15/5
f 3630/15/5 3588/15/5 3587/15/5
f 3630/16/5 3587/16/5 3629/16/5
f 3631/16/5 3589/16/5 3588/16/5
f 3631/15/5 3588/15/5 3630/15/5
f 3632/15/5 3590/15/5 3589/15/5
f 3632/16/5 3589/16/5 3631/16/5
f 3633/16/5 3591/16/5 3590/16/5
f 3633/15/5 3590/15/5 3632/15/5
f 3634/15/5 3592/15/5 3591/15/5
f 3634/16/5 3591/16/5 3633/16/5
f 3635/16/5 3593/16/5 3592/16/5
f 3635/15/5 3592/15/5 3634/15/5
f 3636/15/5 3594/15/5 3593/15/5
f 3636/16/5 3593/16/5 3635/16/5
f 3637/16/5 3595/16/5 3594/16/5
f 3637/15/5 3594/15/5 3636/15/5
f 3638/15/5 3596/15/5 3595/15/5
f 3638/16/5 3595/16/5 3637/16/5
f 3639/16/5 3597/16/5 3596/16/5
f 3639/15/5 3596/15/5 3638/15/5
f 3640/15/5 3598/15/5 3597/15/5
f 3640/16/5 3597/16/5 3639/16/5
f 3641/15/5 3599/15/5 3555/15/5
f 3641/15/5 3600/15/5 3599/15/5
f 3642/16/5 3601/16/5 3600/16/5
f 3642/15/5 3600/15/5 3641/15/5
f 3643/15/5 3602/15/5 3601/15/5
f 3643/16/5 3601/16/5 3642/16/5
f 3644/15/5 3638/15/5 3637/15/5
f 3645/16/5 3639/16/5 3638/16/5
f 3645/15/5 3638/15/5 3644/15/5
f 3646/15/5 3640/15/5 3639/15/5
f 3646/16/5 3639/16/5 3645/16/5
f 3647/15/5 3598/15/5 3640/15/5
f 3647/15/5 3640/15/5 3646/15/5
f 3648/15/5 3641/15/5 3555/15/5
f 3648/16/5 3642/16/5 3641/16/5
f 3649/15/5 3643/15/5 3642/15/5
f 3649/16/5 3642/16/5 3648/16/5
f 3650/15/5 3602/15/5 3643/15/5
f 3650/15/5 3643/15/5 3649/15/5
f 3651/16/5 3645/16/5 3644/16/5
f 3652/15/5 3646/15/5 3645/15/5
f 3652/16/5 3645/16/5 3651/16/5
f 3653/16/5 3647/16/5 3646/16/5
f 3653/15/5 3646/15/5 3652/15/5
f 3654/15/5 3598/15/5 3647/15/5
f 3654/16/5 3647/16/5 3653/16/5
f 3655/15/5 3649/15/5 3648/15/5
f 3655/15/5 3648/15/5 3555/15/5
f 3656/16/5 3650/16/5 3649/16/5
f 3656/15/5 3649/15/5 3655/15/5
f 3657/15/5 3602/15/5 3650/15/5
f 3657/16/5 3650/16/5 3656/16/5
f 3658/15/5 3652/15/5 3651/15/5
f 3659/16/5 3653/16/5 3652/16/5
f 3659/15/5 3652/15/5 3658/15/5
f 3660/15/5 3654/15/5 3653/15/5
f 3660/16/5 3653/16/5 3659/16/5
f 3661/15/5 3598/15/5 3654/15/5
f 3661/15/5 3654/15/5 3660/15/5
f 3662/16/5 3656/16/5 3655/16/5
f 3662/15/5 3655/15/5 3555/15/5
f 3663/15/5 3657/15/5 3656/15/5
f 3663/16/5 3656/16/5 3662/16/5
f 3664/15/5 3602/15/5 3657/15/5
f 3664/15/5 3657/15/5 3663/15/5
f 3665/16/5 3659/16/5 3658/16/5
f 3666/15/5 3660/15/5 3659/15/5
f 3666/16/5 3659/16/5 3665/16/5
f 3667/16/5 3661/16/5 3660/16/5
f 3667/15/5 3660/15/5 3666/15/5
f 3668/15/5 3598/15/5 3661/15/5
f 3668/16/5 3661/16/5 3667/16/5
f 3669/15/5 3663/15/5 3662/15/5
f 3669/15/5 3662/15/5 3555/15/5
f 3670/16/5 3664/16/5 3663/16/5
f 3670/15/5 3663/15/5 3669/15/5
f 3671/15/5 3602/15/5 3664/15/5
f 3671/16/5 3664/16/5 3670/16/5
f 3672/15/5 3666/15/5 3665/15/5
f 3673/16/5 3667/16/5 3666/16/5
f 3673/15/5 3666/15/5 3672/15/5
f 3674/15/5 3668/15/5 3667/15/5
f 3674/16/5 3667/16/5 3673/16/5
f 3675/15/5 3598/15/5 3668/15/5
f 3675/15/5 3668/15/5 3674/15/5
f 3676/16/5 3670/16/5 3669/16/5
f 3676/15/5 3669/15/5 3555/15/5
f 3677/15/5 3671/15/5 3670/15/5
f 3677/16/5 3670/16/5 3676/16/5
f 3678/15/5 3602/15/5 3671/15/5
f 3678/15/5 3671/15/5 3677/15/5
f 3679/16/5 3673/16/5 3672/16/5
f 3680/15/5 3674/15/5 3673/15/5
f 3680/16/5 3673/16/5 3679/16/5
f 3681/16/5 3675/16/5 3674/16/5
f 3681/15/5 3674/15/5 3680/15/5
f 3682/15/5 3598/15/5 3675/15/5
f 3682/16/5 3675/16/5 3681/16/5
f 3683/15/5 3677/15/5 3676/15/5
f 3683/15/5 3676/15/5 3555/15/5
f 3684/16/5 3678/16/5 3677/16/5
f 3684/15/5 3677/15/5 3683/15/5
f 3685/15/5 3602/15/5 3678/15/5
f 3685/16/5 3678/16/5 3684/16/5
f 3686/15/5 3680/15/5 3679/15/5
f 3687/16/5 3681/16/5 3680/16/5
f 3687/15/5 3680/15/5 3686/15/5
f 3688/15/5 3682/15/5 3681/15/5
f 3688/16/5 3681/16/5 3687/16/5
f 3689/15/5 3598/15/5 3682/15/5
f 3689/15/5 3682/15/5 3688/15/5
f 3690/16/5 3684/16/5 3683/16/5
f 3690/15/5 3683/15/5 3555/15/5
f 3691/15/5 3685/15/5 3684/15/5
f 3691/16/5 3684/16/5 3690/16/5
f 3692/15/5 3602/15/5 3685/15/5
f 3692/15/5 3685/15/5 3691/15/5
f 3693/16/5 3687/16/5 3686/16/5
f 3694/15/5 3688/15/5 3687/15/5
f 3694/16/5 3687/16/5 3693/16/5
f 3695/16/5 3689/16/5 3688/16/5
f 3695/15/5 3688/15/5 3694/15/5
f 3696/15/5 3598/15/5 3689/15/5
f 3696/16/5 3689/16/5 3695/16/5
f 3697/15/5 3691/15/5 3690/15/5
f 3697/15/5 3690/15/5 3555/15/5
f 3698/16/5 3692/16/5 3691/16/5
f 3698/15/5 3691/15/5 3697/15/5
f 3699/15/5 3602/15/5 3692/15/5
f 3699/16/5 3692/16/5 3698/16/5
f 3700/15/5 3694/15/5 3693/15/5
f 3701/16/5 3695/16/5 3694/16/5
f 3701/15/5 3694/15/5 3700/15/5
f 3702/15/5 3696/15/5 3695/15/5
f 3702/16/5 3695/16/5 3701/16/5
f 3703/15/5 3598/15/5 3696/15/5
f 3703/15/5 3696/15/5 3702/15/5
f 3704/16/5 3698/16/5 3697/16/5
f 3704/15/5 3697/15/5 3555/15/5
f 3705/15/5 3699/15/5 3698/15/5
f 3705/16/5 3698/16/5 3704/16/5
f 3706/15/5 3602/15/5 3699/15/5
f 3706/15/5 3699/15/5 3705/15/5
f 3707/16/5 3701/16/5 3700/16/5
f 3708/15/5 3702/15/5 3701/15/5
f 3708/16/5 3701/16/5 3707/16/5
f 3709/16/5 3703/16/5 3702/16/5
f 3709/15/5 3702/15/5 3708/15/5
f 3710/15/5 3598/15/5 3703/15/5
f 3710/16/5 3703/16/5 3709/16/5
f 3711/15/5 3705/15/5 3704/15/5
f 3711/15/5 3704/15/5 3555/15/5
f 3712/16/5 3706/16/5 3705/16/5
f 3712/15/5 3705/15/5 3711/15/5
f 3713/15/5 3602/15/5 3706/15/5
f 3713/16/5 3706/16/5 3712/16/5
f 3714/15/5 3708/15/5 3707/15/5
f 3715/16/5 3709/16/5 3708/16/5
f 3715/15/5 3708/15/5 3714/15/5
f 3716/15/5 3710/15/5 3709/15/5
f 3716/16/5 3709/16/5 3715/16/5
f 3717/15/5 3598/15/5 3710/15/5
f 3717/15/5 3710/15/5 3716/15/5
f 3718/16/5 3712/16/5 3711/16/5
f 3718/15/5 3711/15/5 3555/15/5
f 3719/15/5 3713/15/5 3712/15/5
f 3719/16/5 3712/16/5 3718/16/5
f 3720/15/5 3602/15/5 3713/15/5
f 3720/15/5 3713/15/5 3719/15/5
f 3721/16/5 3715/16/5 3714/16/5
f 3722/15/5 3716/15/5 3715/15/5
f 3722/16/5 3715/16/5 3721/16/5
f 3723/16/5 3717/16/5 3716/16/5
f 3723/15/5 3716/15/5 3722/15/5
f 3724/15/5 3598/15/5 3717/15/5
f 3724/16/5 3717/16/5 3723/16/5
f 3725/15/5 3719/15/5 3718/15/5
f 3725/15/5 3718/15/5 3555/15/5
f 3726/16/5 3720/16/5 3719/16/5
f 3726/15/5 3719/15/5 3725/15/5
f 3727/15/5 3602/15/5 3720/15/5
f 3727/16/5 3720/16/5 3726/16/5
f 3728/15/5 3722/15/5 3721/15/5
f 3729/16/5 3723/16/5 3722/16/5
f 3729/15/5 3722/15/5 3728/15/5
f 3730/15/5 3724/15/5 3723/15/5
f 3730/16/5 3723/16/5 3729/16/5
f 3731/15/5 3598/15/5 3724/15/5
f 3731/15/5 3724/15/5 3730/15/5
f 3732/16/5 3726/16/5 3725/16/5
f 3732/15/5 3725/15/5 3555/15/5
f 3733/15/5 3727/15/5 3726/15/5
f 3733/16/5 3726/16/5 3732/16/5
f 3734/15/5 3602/15/5 3727/15/5
f 3734/15/5 3727/15/5 3733/15/5
f 3735/16/5 3729/16/5 3728/16/5
f 3736/15/5 3730/15/5 3729/15/5
f 3736/16/5 3729/16/5 3735/16/5
f 3737/16/5 3731/16/5 3730/16/5
f 3737/15/5 3730/15/5 3736/15/5
f 3738/15/5 3598/15/5 3731/15/5
f 3738/16/5 3731/16/5 3737/16/5
f 3739/15/5 3733/15/5 3732/15/5
f 3739/15/5 3732/15/5 3555/15/5
f 3740/16/5 3734/16/5 3733/16/5
f 3740/15/5 3733/15/5 3739/15/5
f 3741/15/5 3602/15/5 3734/15/5
f 3741/16/5 3734/16/5 3740/16/5
f 3742/15/5 3736/15/5 3735/15/5
f 3743/16/5 3737/16/5 3736/16/5
f 3743/15/5 3736/15/5 3742/15/5
f 3744/15/5 3738/15/5 3737/15/5
f 3744/16/5 3737/16/5 3743/16/5
f 3745/15/5 3598/15/5 3738/15/5
f 3745/15/5 3738/15/5 3744/15/5
f 3746/16/5 3740/16/5 3739/16/5
f 3746/15/5 3739/15/5 3555/15/5
f 3747/15/5 3741/15/5 3740/15/5
f 3747/16/5 3740/16/5 3746/16/5
f 3748/15/5 3602/15/5 3741/15/5
f 3748/15/5 3741/15/5 3747/15/5
f 3749/16/5 3743/16/5 3742/16/5
f 3750/15/5 3744/15/5 3743/15/5
f 3750/16/5 3743/16/5 3749/16/5
f 3751/16/5 3745/16/5 3744/16/5
f 3751/15/5 3744/15/5 3750/15/5
f 3752/15/5 3598/15/5 3745/15/5
f 3752/16/5 3745/16/5 3751/16/5
f 3753/15/5 3747/15/5 3746/15/5
f 3753/15/5 3746/15/5 3555/15/5
f 3754/16/5 3748/16/5 3747/16/5
f 3754/15/5 3747/15/5 3753/15/5
f 3755/15/5 3602/15/5 3748/15/5
f 3755/16/5 3748/16/5 3754/16/5
f 3756/15/5 3750/15/5 3749/15/5
f 3757/16/5 3751/16/5 3750/16/5
f 3757/15/5 3750/15/5 3756/15/5
f 3758/15/5 3752/15/5 3751/15/5
f 3758/16/5 3751/16/5 3757/16/5
f 3759/15/5 3598/15/5 3752/15/5
f 3759/15/5 3752/15/5 3758/15/5
f 3760/16/5 3754/16/5 3753/16/5
f 3760/15/5 3753/15/5 3555/15/5
f 3761/15/5 3755/15/5 3754/15/5
f 3761/16/5 3754/16/5 3760/16/5
f 3762/15/5 3602/15/5 3755/15/5
f 3762/15/5 3755/15/5 3761/15/5
f 3763/16/5 3757/16/5 3756/16/5
f 3764/15/5 3758/15/5 3757/15/5
f 3764/16/5 3757/16/5 3763/16/5
f 3765/16/5 3759/16/5 3758/16/5
f 3765/15/5 3758/15/5 3764/15/5
f 3766/15/5 3598/15/5 3759/15/5
f 3766/16/5 3759/16/5 3765/16/5
f 3767/15/5 3761/15/5 3760/15/5
f 3767/15/5 3760/15/5 3555/15/5
f 3768/16/5 3762/16/5 3761/16/5
f 3768/15/5 3761/15/5 3767/15/5
f 3769/15/5 3602/15/5 3762/15/5
f 3769/16/5 3762/16/5 3768/16/5
f 3770/15/5 3764/15/5 3763/15/5
f 3771/16/5 3765/16/5 3764/16/5
f 3771/15/5 3764/15/5 3770/15/5
f 3772/15/5 3766/15/5 3765/15/5
f 3772/16/5 3765/16/5 3771/16/5
f 3773/15/5 3598/15/5 3766/15/5
f 3773/15/5 3766/15/5 3772/15/5
f 3774/16/5 3768/16/5 3767/16/5
f 3774/15/5 3767/15/5 3555/15/5
f 3775/15/5 3769/15/5 3768/15/5
f 3775/16/5 3768/16/5 3774/16/5
f 3776/15/5 3602/15/5 3769/15/5
f 3776/15/5 3769/15/5 3775/15/5
f 3777/16/5 3771/16/5 3770/16/5
f 3778/15/5 3772/15/5 3771/15/5
f 3778/16/5 3771/16/5 3777/16/5
f 3779/16/5 3773/16/5 3772/16/5
f 3779/15/5 3772/15/5 3778/15/5
f 3780/15/5 3598/15/5 3773/15/5
f 3780/16/5 3773/16/5 3779/16/5
f 3781/15/5 3775/15/5 3774/15/5
f 3781/15/5 3774/15/5 3555/15/5
f 3782/16/5 3776/16/5 3775/16/5
f 3782/15/5 3775/15/5 3781/15/5
f 3783/15/5 3602/15/5 3776/15/5
f 3783/16/5 3776/16/5 3782/16/5
f 3784/15/5 3778/15/5 3777/15/5
f 3785/16/5 3779/16/5 3778/16/5
f 3785/15/5 3778/15/5 3784/15/5
f 3786/15/5 3780/15/5 3779/15/5
f 3786/16/5 3779/16/5 3785/16/5
f 3787/15/5 3598/15/5 3780/15/5
f 3787/15/5 3780/15/5 3786/15/5
f 3788/16/5 3782/16/5 3781/16/5
f 3788/15/5 3781/15/5 3555/15/5
f 3789/15/5 3783/15/5 3782/15/5
f 3789/16/5 3782/16/5 3788/16/5
f 3790/15/5 3602/15/5 3783/15/5
f 3790/15/5 3783/15/5 3789/15/5
f 3791/16/5 3785/16/5 3784/16/5
f 3792/15/5 3786/15/5 3785/15/5
f 3792/16/5 3785/16/5 3791/16/5
f 3793/16/5 3787/16/5 3786/16/5
f 3793/15/5 3786/15/5 3792/15/5
f 3794/15/5 3598/15/5 3787/15/5
f 3794/16/5 3787/16/5 3793/16/5
f 3795/15/5 3789/15/5 3788/15/5
f 3795/15/5 3788/15/5 3555/15/5
f 3796/16/5 3790/16/5 3789/16/5
f 3796/15/5 3789/15/5 3795/15/5
f 3797/15/5 3602/15/5 3790/15/5
f 3797/16/5 3790/16/5 3796/16/5
f 3798/16/5 3793/16/5 3792/16/5
f 3798/15/5 3792/15/5 3791/15/5
f 3799/15/5 3794/15/5 3793/15/5
f 3799/16/5 3793/16/5 3798/16/5
f 3800/15/5 3598/15/5 3794/15/5
f 3800/15/5 3794/15/5 3799/15/5
f 3801/16/5 3796/16/5 3795/16/5
f 3801/15/5 3795/15/5 3555/15/5
f 3802/15/5 3797/15/5 3796/15/5
f 3802/16/5 3796/16/5 3801/16/5
f 3803/15/5 3602/15/5 3797/15/5
f 3803/15/5 3797/15/5 3802/15/5
f 3804/15/5 3799/15/5 3798/15/5
f 3804/15/5 3798/15/5 3791/15/5
f 3805/16/5 3800/16/5 3799/16/5
f 3805/15/5 3799/15/5 3804/15/5
f 3806/15/5 3598/15/5 3800/15/5
f 3806/16/5 3800/16/5 3805/16/5
f 3807/15/5 3802/15/5 3801/15/5
f 3807/15/5 3801/15/5 3555/15/5
f 3808/16/5 3803/16/5 3802/16/5
f 3808/15/5 3802/15/5 3807/15/5
f 3809/15/5 3602/15/5 3803/15/5
f 3809/16/5 3803/16/5 3808/16/5
f 3810/16/5 3805/16/5 3804/16/5
f 3810/15/5 3804/15/5 3791/15/5
f 3811/15/5 3806/15/5 3805/15/5
f 3811/16/5 3805/16/5 3810/16/5
f 3812/15/5 3598/15/5 3806/15/5
f 3812/15/5 3806/15/5 3811/15/5
f 3813/16/5 3808/16/5 3807/16/5
f 3813/15/5 3807/15/5 3555/15/5
f 3814/15/5 3809/15/5 3808/15/5
f 3814/16/5 3808/16/5 3813/16/5
f 3815/15/5 3602/15/5 3809/15/5
f 3815/15/5 3809/15/5 3814/15/5
f 3816/15/5 3811/15/5 3810/15/5
f 3816/15/5 3810/15/5 3791/15/5
f 3817/16/5 3812/16/5 3811/16/5
f 3817/15/5 3811/15/5 3816/15/5
f 3818/15/5 3598/15/5 3812/15/5
f 3818/16/5 3812/16/5 3817/16/5
f 3819/15/5 3814/15/5 3813/15/5
f 3819/15/5 3813/15/5 3555/15/5
f 3820/16/5 3815/16/5 3814/16/5
f 3820/15/5 3814/15/5 3819/15/5
f 3821/15/5 3602/15/5 3815/15/5
f 3821/16/5 3815/16/5 3820/16/5
f 3822/16/5 3817/16/5 3816/16/5
f 3822/15/5 3816/15/5 3791/15/5
f 3823/15/5 3818/15/5 3817/15/5
f 3823/16/5 3817/16/5 3822/16/5
f 3824/15/5 3598/15/5 3818/15/5
f 3824/15/5 3818/15/5 3823/15/5
f 3825/16/5 3820/16/5 3819/16/5
f 3825/15/5 3819/15/5 3555/15/5
f 3826/15/5 3821/15/5 3820/15/5
f 3826/16/5 3820/16/5 3825/16/5
f 3827/15/5 3602/15/5 3821/15/5
f 3827/15/5 3821/15/5 3826/15/5
f 3828/15/5 3823/15/5 3822/15/5
f 3828/15/5 3822/15/5 3791/15/5
f 3829/16/5 3824/16/5 3823/16/5
f 3829/15/5 3823/15/5 3828/15/5
f 3830/15/5 3598/15/5 3824/15/5
f 3830/16/5 3824/16/5 3829/16/5
f 3831/15/5 3826/15/5 3825/15/5
f 3831/15/5 3825/15/5 3555/15/5
f 3832/16/5 3827/16/5 3826/16/5
f 3832/15/5 3826/15/5 3831/15/5
f 3833/15/5 3602/15/5 3827/15/5
f 3833/16/5 3827/16/5 3832/16/5
f 3834/16/5 3829/16/5 3828/16/5
f 3834/15/5 3828/15/5 3791/15/5
f 3835/15/5 3830/15/5 3829/15/5
f 3835/16/5 3829/16/5 3834/16/5
f 3836/15/5 3598/15/5 3830/15/5
f 3836/15/5 3830/15/5 3835/15/5
f 3837/16/5 3832/16/5 3831/16/5
f 3837/15/5 3831/15/5 3555/15/5
f 3838/15/5 3833/15/5 3832/15/5
f 3838/16/5 3832/16/5 3837/16/5
f 3839/15/5 3602/15/5 3833/15/5
f 3839/15/5 3833/15/5 3838/15/5
f 3840/15/5 3835/15/5 3834/15/5
f 3840/15/5 3834/15/5 3791/15/5
f 3841/16/5 3836/16/5 3835/16/5
f 3841/15/5 3835/15/5 3840/15/5
f 3842/15/5 3598/15/5 3836/15/5
f 3842/16/5 3836/16/5 3841/16/5
f 3843/15/5 3838/15/5 3837/15/5
f 3843/15/5 3837/15/5 3555/15/5
f 3844/16/5 3839/16/5 3838/16/5
f 3844/15/5 3838/15/5 3843/15/5
f 3845/15/5 3602/15/5 3839/15/5
f 3845/16/5 3839/16/5 3844/16/5
f 3846/15/5 3840/15/5 3791/15/5
f 3847/16/5 3841/16/5 3840/16/5
f 3847/15/5 3840/15/5 3846/15/5
f 3848/15/5 3842/15/5 3841/15/5
f 3848/16/5 3841/16/5 3847/16/5
f 3849/15/5 3598/15/5 3842/15/5
f 3849/15/5 3842/15/5 3848/15/5
f 3850/16/5 3844/16/5 3843/16/5
f 3850/15/5 3843/15/5 3555/15/5
f 3851/15/5 3845/15/5 3844/15/5
f 3851/16/5 3844/16/5 3850/16/5
f 3852/15/5 3602/15/5 3845/15/5
f 3852/15/5 3845/15/5 3851/15/5
f 3853/16/5 3847/16/5 3846/16/5
f 3854/15/5 3848/15/5 3847/15/5
f 3854/16/5 3847/16/5 3853/16/5
f 3855/16/5 3849/16/5 3848/16/5
f 3855/15/5 3848/15/5 3854/15/5
f 3856/15/5 3598/15/5 3849/15/5
f 3856/16/5 3849/16/5 3855/16/5
f 3857/15/5 3851/15/5 3850/15/5
f 3857/15/5 3850/15/5 3555/15/5
f 3858/16/5 3852/16/5 3851/16/5
f 3858/15/5 3851/15/5 3857/15/5
f 3859/15/5 3602/15/5 3852/15/5
f 3859/16/5 3852/16/5 3858/16/5
f 3860/15/5 3602/15/5 3859/15/5
f 3861/16/5 3855/16/5 3854/16/5
f 3861/15/5 3854/15/5 3853/15/5
f 3862/15/5 3856/15/5 3855/15/5
f 3862/16/5 3855/16/5 3861/16/5
f 3863/15/5 3598/15/5 3856/15/5
f 3863/15/5 3856/15/5 3862/15/5
f 3864/16/5 3858/16/5 3857/16/5
f 3864/15/5 3857/15/5 3555/15/5
f 3865/15/5 3859/15/5 3858/15/5
f 3865/16/5 3858/16/5 3864/16/5
f 3866/16/5 3860/16/5 3859/16/5
f 3866/15/5 3859/15/5 3865/15/5
f 3867/16/5 3860/16/5 3866/16/5
f 3868/15/5 3862/15/5 3861/15/5
f 3868/15/5 3861/15/5 3853/15/5
f 3869/16/5 3863/16/5 3862/16/5
f 3869/15/5 3862/15/5 3868/15/5
f 3870/15/5 3598/15/5 3863/15/5
f 3870/16/5 3863/16/5 3869/16/5
f 3871/15/5 3865/15/5 3864/15/5
f 3871/15/5 3864/15/5 3555/15/5
f 3872/16/5 3866/16/5 3865/16/5
f 3872/15/5 3865/15/5 3871/15/5
f 3873/15/5 3867/15/5 3866/15/5
f 3873/16/5 3866/16/5 3872/16/5
f 3874/15/5 3867/15/5 3873/15/5
f 3875/16/5 3869/16/5 3868/16/5
f 3875/15/5 3868/15/5 3853/15/5
f 3876/15/5 3870/15/5 3869/15/5
f 3876/16/5 3869/16/5 3875/16/5
f 3877/15/5 3598/15/5 3870/15/5
f 3877/15/5 3870/15/5 3876/15/5
f 3878/16/5 3872/16/5 3871/16/5
f 3878/15/5 3871/15/5 3555/15/5
f 3879/15/5 3873/15/5 3872/15/5
f 3879/16/5 3872/16/5 3878/16/5
f 3880/16/5 3874/16/5 3873/16/5
f 3880/15/5 3873/15/5 3879/15/5
f 3881/16/5 3874/16/5 3880/16/5
f 3882/15/5 3876/15/5 3875/15/5
f 3882/15/5 3875/15/5 3853/15/5
f 3883/16/5 3877/16/5 3876/16/5
f 3883/15/5 3876/15/5 3882/15/5
f 3884/15/5 3598/15/5 3877/15/5
f 3884/16/5 3877/16/5 3883/16/5
f 3885/15/5 3879/15/5 3878/15/5
f 3885/15/5 3878/15/5 3555/15/5
f 3886/16/5 3880/16/5 3879/16/5
f 3886/15/5 3879/15/5 3885/15/5
f 3887/15/5 3881/15/5 3880/15/5
f 3887/16/5 3880/16/5 3886/16/5
f 3888/15/5 3881/15/5 3887/15/5
f 3889/16/5 3883/16/5 3882/16/5
f 3889/15/5 3882/15/5 3853/15/5
f 3890/15/5 3884/15/5 3883/15/5
f 3890/16/5 3883/16/5 3889/16/5
f 3891/15/5 3598/15/5 3884/15/5
f 3891/15/5 3884/15/5 3890/15/5
f 3892/16/5 3886/16/5 3885/16/5
f 3892/15/5 3885/15/5 3555/15/5
f 3893/15/5 3887/15/5 3886/15/5
f 3893/16/5 3886/16/5 3892/16/5
f 3894/16/5 3888/16/5 3887/16/5
f 3894/15/5 3887/15/5 3893/15/5
f 3895/16/5 3888/16/5 3894/16/5
f 3919/15/5 3890/15/5 3889/15/5
f 3919/15/5 3889/15/5 3853/15/5
f 3920/15/5 3890/15/5 3919/15/5
f 3921/16/5 3891/16/5 3890/16/5
f 3921/15/5 3890/15/5 3920/15/5
f 3922/15/5 3598/15/5 3891/15/5
f 3922/16/5 3891/16/5 3921/16/5
f 3923/15/5 3893/15/5 3892/15/5
f 3923/15/5 3892/15/5 3555/15/5
f 3924/16/5 3894/16/5 3893/16/5
f 3924/15/5 3893/15/5 3923/15/5
f 3925/15/5 3895/15/5 3894/15/5
f 3925/16/5 3894/16/5 3924/16/5
f 3926/16/5 3896/16/5 3895/16/5
f 3926/15/5 3895/15/5 3925/15/5
f 3927/15/5 3897/15/5 3896/15/5
f 3927/16/5 3896/16/5 3926/16/5
f 3928/16/5 3898/16/5 3897/16/5
f 3928/15/5 3897/15/5 3927/15/5
f 3929/15/5 3899/15/5 3898/15/5
f 3929/16/5 3898/16/5 3928/16/5
f 3930/16/5 3900/16/5 3899/16/5
f 3930/15/5 3899/15/5 3929/15/5
f 3931/15/5 3901/15/5 3900/15/5
f 3931/16/5 3900/16/5 3930/16/5
f 3932/16/5 3902/16/5 3901/16/5
f 3932/15/5 3901/15/5 3931/15/5
f 3933/15/5 3903/15/5 3902/15/5
f 3933/16/5 3902/16/5 3932/16/5
f 3934/16/5 3904/16/5 3903/16/5
f 3934/15/5 3903/15/5 3933/15/5
f 3935/15/5 3905/15/5 3904/15/5
f 3935/16/5 3904/16/5 3934/16/5
f 3936/16/5 3906/16/5 3905/16/5
f 3936/15/5 3905/15/5 3935/15/5
f 3937/15/5 3907/15/5 3906/15/5
f 3937/16/5 3906/16/5 3936/16/5
f 3938/16/5 3908/16/5 3907/16/5
f 3938/15/5 3907/15/5 3937/15/5
f 3939/15/5 3909/15/5 3908/15/5
f 3939/16/5 3908/16/5 3938/16/5
f 3940/16/5 3910/16/5 3909/16/5
f 3940/15/5 3909/15/5 3939/15/5
f 3941/15/5 3911/15/5 3910/15/5
f 3941/16/5 3910/16/5 3940/16/5
f 3942/16/5 3912/16/5 3911/16/5
f 3942/15/5 3911/15/5 3941/15/5
f 3943/15/5 3913/15/5 3912/15/5
f 3943/16/5 3912/16/5 3942/16/5
f 3944/16/5 3914/16/5 3913/16/5
f 3944/15/5 3913/15/5 3943/15/5
f 3945/15/5 3915/15/5 3914/15/5
f 3945/16/5 3914/16/5 3944/16/5
f 3946/16/5 3916/16/5 3915/16/5
f 3946/15/5 3915/15/5 3945/15/5
f 3947/15/5 3917/15/5 3916/15/5
f 3947/16/5 3916/16/5 3946/16/5
f 3948/16/5 3918/16/5 3917/16/5
f 3948/15/5 3917/15/5 3947/15/5
f 3949/15/5 3920/15/5 3919/15/5
f 3949/16/5 3918/16/5 3948/16/5
f 3949/15/5 3919/15/5 3918/15/5
f 3950/15/5 3920/15/5 3949/15/5
f 3951/15/5 3920/15/5 3950/15/5
f 3952/15/5 3920/15/5 3951/15/5
f 3953/15/5 3920/15/5 3952/15/5
f 3954/15/5 3920/15/5 3953/15/5
f 3955/15/5 3920/15/5 3954/15/5
f 3956/15/5 3920/15/5 3955/15/5
f 3957/15/5 3920/15/5 3956/15/5
f 3958/15/5 3920/15/5 3957/15/5
f 3959/15/5 3920/15/5 3958/15/5
f 3960/15/5 3920/15/5 3959/15/5
f 3961/15/5 3920/15/5 3960/15/5
f 3962/16/5 3921/16/5 3920/16/5
f 3962/15/5 3920/15/5 3961/15/5
f 3963/15/5 3922/15/5 3921/15/5
f 3963/16/5 3921/16/5 3962/16/5
f 3964/15/5 3598/15/5 3922/15/5
f 3964/15/5 3922/15/5 3963/15/5
f 3965/15/5 3923/15/5 3555/15/5
f 3965/16/5 3924/16/5 3923/16/5
f 3966/15/5 3925/15/5 3924/15/5
f 3966/16/5 3924/16/5 3965/16/5
f 3967/16/5 3926/16/5 3925/16/5
f 3967/15/5 3925/15/5 3966/15/5
f 3968/15/5 3927/15/5 3926/15/5
f 3968/16/5 3926/16/5 3967/16/5
f 3969/16/5 3928/16/5 3927/16/5
f 3969/15/5 3927/15/5 3968/15/5
f 3970/15/5 3929/15/5 3928/15/5
f 3970/16/5 3928/16/5 3969/16/5
f 3971/16/5 3930/16/5 3929/16/5
f 3971/15/5 3929/15/5 3970/15/5
f 3972/15/5 3931/15/5 3930/15/5
f 3972/16/5 3930/16/5 3971/16/5
f 3973/16/5 3932/16/5 3931/16/5
f 3973/15/5 3931/15/5 3972/15/5
f 3974/15/5 3933/15/5 3932/15/5
f 3974/16/5 3932/16/5 3973/16/5
f 3975/16/5 3934/16/5 3933/16/5
f 3975/15/5 3933/15/5 3974/15/5
f 3976/15/5 3935/15/5 3934/15/5
f 3976/16/5 3934/16/5 3975/16/5
f 3977/16/5 3936/16/5 3935/16/5
f 3977/15/5 3935/15/5 3976/15/5
f 3978/15/5 3937/15/5 3936/15/5
f 3978/16/5 3936/16/5 3977/16/5
f 3979/16/5 3938/16/5 3937/16/5
f 3979/15/5 3937/15/5 3978/15/5
f 3980/15/5 3939/15/5 3938/15/5
f 3980/16/5 3938/16/5 3979/16/5
f 3981/16/5 3940/16/5 3939/16/5
f 3981/15/5 3939/15/5 3980/15/5
f 3982/15/5 3941/15/5 3940/15/5
f 3982/16/5 3940/16/5 3981/16/5
f 3983/16/5 3942/16/5 3941/16/5
f 3983/15/5 3941/15/5 3982/15/5
f 3984/15/5 3943/15/5 3942/15/5
f 3984/16/5 3942/16/5 3983/16/5
f 3985/16/5 3944/16/5 3943/16/5
f 3985/15/5 3943/15/5 3984/15/5
f 3986/15/5 3945/15/5 3944/15/5
f 3986/16/5 3944/16/5 3985/16/5
f 3987/16/5 3946/16/5 3945/16/5
f 3987/15/5 3945/15/5 3986/15/5
f 3988/15/5 3947/15/5 3946/15/5
f 3988/16/5 3946/16/5 3987/16/5
f 3989/16/5 3948/16/5 3947/16/5
f 3989/15/5 3947/15/5 3988/15/5
f 3990/15/5 3949/15/5 3948/15/5
f 3990/16/5 3948/16/5 3989/16/5
f 3991/16/5 3950/16/5 3949/16/5
f 3991/15/5 3949/15/5 3990/15/5
f 3992/15/5 3951/15/5 3950/15/5
f 3992/16/5 3950/16/5 3991/16/5
f 3993/16/5 3952/16/5 3951/16/5
f 3993/15/5 3951/15/5 3992/15/5
f 3994/15/5 3953/15/5 3952/15/5
f 3994/16/5 3952/16/5 3993/16/5
f 3995/16/5 3954/16/5 3953/16/5
f 3995/15/5 3953/15/5 3994/15/5
f 3996/15/5 3955/15/5 3954/15/5
f 3996/16/5 3954/16/5 3995/16/5
f 3997/16/5 3956/16/5 3955/16/5
f 3997/15/5 3955/15/5 3996/15/5
f 3998/15/5 3957/15/5 3956/15/5
f 3998/16/5 3956/16/5 3997/16/5
f 3999/16/5 3958/16/5 3957/16/5
f 3999/15/5 3957/15/5 3998/15/5
f 4000/15/5 3959/15/5 3958/15/5
f 4000/16/5 3958/16/5 3999/16/5
f 4001/16/5 3960/16/5 3959/16/5
f 4001/15/5 3959/15/5 4000/15/5
f 4002/15/5 3961/15/5 3960/15/5
f 4002/16/5 3960/16/5 4001/16/5
f 4003/16/5 3962/16/5 3961/16/5
f 4003/15/5 3961/15/5 4002/15/5
f 4004/15/5 3963/15/5 3962/15/5
f 4004/16/5 3962/16/5 4003/16/5
f 4005/16/5 3964/16/5 3963/16/5
f 4005/15/5 3963/15/5 4004/15/5
f 4006/15/5 3598/15/5 3964/15/5
f 4006/16/5 3964/16/5 4005/16/5
f 4007/15/5 3965/15/5 3555/15/5
f 4007/15/5 3966/15/5 3965/15/5
f 4008/15/5 3966/15/5 4007/15/5
f 4009/16/5 3967/16/5 3966/16/5
f 4009/15/5 3966/15/5 4008/15/5
f 4010/15/5 3968/15/5 3967/15/5
f 4010/16/5 3967/16/5 4009/16/5
f 4011/16/5 3969/16/5 3968/16/5
f 4011/15/5 3968/15/5 4010/15/5
f 4012/15/5 3970/15/5 3969/15/5
f 4012/16/5 3969/16/5 4011/16/5
f 4013/16/5 3971/16/5 3970/16/5
f 4013/15/5 3970/15/5 4012/15/5
f 4014/15/5 3972/15/5 3971/15/5
f 4014/16/5 3971/16/5 4013/16/5
f 4015/16/5 3973/16/5 3972/16/5
f 4015/15/5 3972/15/5 4014/15/5
f 4016/15/5 3974/15/5 3973/15/5
f 4016/16/5 3973/16/5 4015/16/5
f 4017/16/5 3975/16/5 3974/16/5
f 4017/15/5 3974/15/5 4016/15/5
f 4018/15/5 3976/15/5 3975/15/5
f 4018/16/5 3975/16/5 4017/16/5
f 4019/16/5 3977/16/5 3976/16/5
f 4019/15/5 3976/15/5 4018/15/5
f 4020/15/5 3978/15/5 3977/15/5
f 4020/16/5 3977/16/5 4019/16/5
f 4021/16/5 3979/16/5 3978/16/5
f 4021/15/5 3978/15/5 4020/15/5
f 4022/15/5 3980/15/5 3979/15/5
f 4022/16/5 3979/16/5 4021/16/5
f 4023/16/5 3981/16/5 3980/16/5
f 4023/15/5 3980/15/5 4022/15/5
f 4024/15/5 3982/15/5 3981/15/5
f 4024/16/5 3981/16/5 4023/16/5
f 4025/16/5 3983/16/5 3982/16/5
f 4025/15/5 3982/15/5 4024/15/5
f 4026/15/5 3984/15/5 3983/15/5
f 4026/16/5 3983/16/5 4025/16/5
f 4027/16/5 3985/16/5 3984/16/5
f 4027/15/5 3984/15/5 4026/15/5
f 4028/15/5 3986/15/5 3985/15/5
f 4028/16/5 3985/16/5 4027/16/5
f 4029/16/5 3987/16/5 3986/16/5
f 4029/15/5 3986/15/5 4028/15/5
f 4030/15/5 3988/15/5 3987/15/5
f 4030/16/5 3987/16/5 4029/16/5
f 4031/16/5 3989/16/5 3988/16/5
f 4031/15/5 3988/15/5 4030/15/5
f 4032/15/5 3990/15/5 3989/15/5
f 4032/16/5 3989/16/5 4031/16/5
f 4033/16/5 3991/16/5 3990/16/5
f 4033/15/5 3990/15/5 4032/15/5
f 4034/15/5 3992/15/5 3991/15/5
f 4034/16/5 3991/16/5 4033/16/5
f 4035/16/5 3993/16/5 3992/16/5
f 4035/15/5 3992/15/5 4034/15/5
f 4036/15/5 3994/15/5 3993/15/5
f 4036/16/5 3993/16/5 4035/16/5
f 4037/16/5 3995/16/5 3994/16/5
f 4037/15/5 3994/15/5 4036/15/5
f 4038/15/5 3996/15/5 3995/15/5
f 4038/16/5 3995/16/5 4037/16/5
f 4039/16/5 3997/16/5 3996/16/5
f 4039/15/5 3996/15/5 4038/15/5
f 4040/15/5 3998/15/5 3997/15/5
f 4040/16/5 3997/16/5 4039/16/5
f 4041/16/5 3999/16/5 3998/16/5
f 4041/15/5 3998/15/5 4040/15/5
f 4042/15/5 4000/15/5 3999/15/5
f 4042/16/5 3999/16/5 4041/16/5
f 4043/16/5 4001/16/5 4000/16/5
f 4043/15/5 4000/15/5 4042/15/5
f 4044/15/5 4002/15/5 4001/15/5
f 4044/16/5 4001/16/5 4043/16/5
f 4045/16/5 4003/16/5 4002/16/5
f 4045/15/5 4002/15/5 4044/15/5
f 4046/15/5 4004/15/5 4003/15/5
f 4046/16/5 4003/16/5 4045/16/5
f 4047/16/5 4005/16/5 4004/16/5
f 4047/15/5 4004/15/5 4046/15/5
f 4048/15/5 4006/15/5 4005/15/5
f 4048/16/5 4005/16/5 4047/16/5
f 4049/15/5 3598/15/5 4006/15/5
f 4049/15/5 4006/15/5 4048/15/5
f 4050/15/5 3598/15/5 4049/15/5
f 4051/15/5 4042/15/5 4041/15/5
f 4051/15/5 4028/15/5 4027/15/5
f 4051/15/5 4049/15/5 4048/15/5
f 4051/15/5 4029/15/5 4028/15/5
f 4051/15/5 4041/15/5 4040/15/5
f 4051/15/5 4040/15/5 4039/15/5
f 4051/15/5 4039/15/5 4038/15/5
f 4051/15/5 4038/15/5 4037/15/5
f 4051/15/5 4037/15/5 4036/15/5
f 4051/15/5 4036/15/5 4035/15/5
f 4051/15/5 4035/15/5 4034/15/5
f 4051/15/5 4034/15/5 4033/15/5
f 4051/15/5 4033/15/5 4032/15/5
f 4051/15/5 4032/15/5 4031/15/5
f 4051/15/5 4031/15/5 4030/15/5
f 4051/15/5 4030/15/5 4029/15/5
f 4051/15/5 4044/15/5 4043/15/5
f 4051/15/5 4026/15/5 4025/15/5
f 4051/15/5 4025/15/5 4024/15/5
f 4051/15/5 4024/15/5 4023/15/5
f 4051/15/5 4023/15/5 4022/15/5
f 4051/15/5 4022/15/5 4021/15/5
f 4051/15/5 4021/15/5 4020/15/5
f 4051/15/5 4020/15/5 4019/15/5
f 4051/15/5 4019/15/5 4018/15/5
f 4051/15/5 4018/15/5 4017/15/5
f 4051/15/5 4017/15/5 4016/15/5
f 4051/15/5 4016/15/5 4015/15/5
f 4051/15/5 4015/15/5 4014/15/5
f 4051/15/5 4014/15/5 4013/15/5
f 4051/15/5 4013/15/5 4012/15/5
f 4051/15/5 4012/15/5 4011/15/5
f 4051/15/5 4011/15/5 4010/15/5
f 4051/15/5 4010/15/5 4009/15/5
f 4051/15/5 4009/15/5 4008/15/5
f 4051/15/5 4047/15/5 4046/15/5
f 4051/15/5 4048/15/5 4047/15/5
f 4051/15/5 4045/15/5 4044/15/5
f 4051/15/5 4046/15/5 4045/15/5
f 4051/15/5 4027/15/5 4026/15/5
f 4051/15/5 4043/15/5 4042/15/5
f 4052/15/5 4049/15/5 4051/15/5
f 4055/11/5 4054/11/5 4053/11/5
f 4056/11/5 4054/11/5 4055/11/5
f 4059/11/5 4058/11/5 4057/11/5
f 4060/11/5 4058/11/5 4059/11/5
f 4063/15/5 4062/15/5 4061/15/5
f 4064/15/5 4062/15/5 4063/15/5
f 4067/15/5 4066/15/5 4065/15/5
f 4068/15/5 4066/15/5 4067/15/5
f 4072/5/5 4070/5/5 4069/5/5
f 4073/5/5 4070/5/5 4072/5/5
f 4074/5/5 4072/5/5 4071/5/5
f 4076/5/5 4074/5/5 4071/5/5
f 4076/5/5 4075/5/5 4074/5/5
f 4077/5/5 4075/5/5 4076/5/5
f 4080/15/5 4079/15/5 4078/15/5
f 4081/15/5 4079/15/5 4080/15/5
f 4082/15/5 4079/15/5 4081/15/5
f 4083/15/5 4079/15/5 4082/15/5
f 4084/15/5 4079/15/5 4083/15/5
f 4085/15/5 4079/15/5 4084/15/5
f 4086/15/5 4079/15/5 4085/15/5
f 4087/15/5 4079/15/5 4086/15/5
f 4088/15/5 4080/15/5 4078/15/5
f 4089/15/5 4079/15/5 4087/15/5
f 4093/5/5 4091/5/5 4090/5/5
f 4094/5/5 4091/5/5 4093/5/5
f 4095/11/5 4093/11/5 4092/11/5
f 4096/11/5 4093/11/5 4095/11/5
f 4097/15/5 4079/15/5 4089/15/5
f 4098/15/5 4088/15/5 4078/15/5
f 4099/15/5 4098/15/5 4078/15/5
f 4100/15/5 4079/15/5 4097/15/5
f 4101/15/5 4099/15/5 4078/15/5
f 4102/15/5 4079/15/5 4100/15/5
f 4103/15/5 4101/15/5 4078/15/5
f 4104/15/5 4079/15/5 4102/15/5
f 4105/15/5 4103/15/5 4078/15/5
f 4106/15/5 4079/15/5 4104/15/5
f 4107/15/5 4105/15/5 4078/15/5
f 4108/15/5 4079/15/5 4106/15/5
f 4109/15/5 4107/15/5 4078/15/5
f 4110/15/5 4079/15/5 4108/15/5
f 4111/15/5 4109/15/5 4078/15/5
f 4118/15/5 4079/15/5 4110/15/5
f 4119/15/5 4117/15/5 4116/15/5
f 4119/15/5 4118/15/5 4117/15/5
f 4119/15/5 4111/15/5 4078/15/5
f 4119/15/5 4112/15/5 4111/15/5
f 4119/15/5 4116/15/5 4115/15/5
f 4119/15/5 4115/15/5 4114/15/5
f 4119/15/5 4114/15/5 4113/15/5
f 4119/15/5 4113/15/5 4112/15/5
f 4120/15/5 4079/15/5 4118/15/5
f 4120/15/5 4118/15/5 4119/15/5
f 4125/11/5 4122/11/5 4121/11/5
f 4126/11/5 4122/11/5 4125/11/5
f 4127/5/5 4124/5/5 4123/5/5
f 4128/5/5 4124/5/5 4127/5/5
f 4129/5/5 4127/5/5 4123/5/5
f 4130/5/5 4127/5/5 4129/5/5
f 4135/11/5 4132/11/5 4131/11/5
f 4136/11/5 4132/11/5 4135/11/5
f 4137/11/5 4134/11/5 4133/11/5
f 4138/11/5 4134/11/5 4137/11/5
f 4141/11/5 4140/11/5 4139/11/5
f 4142/11/5 4140/11/5 4141/11/5
f 4145/11/5 4144/11/5 4143/11/5
f 4149/11/5 4146/11/5 4145/11/5
f 4151/15/5 4148/15/5 4147/15/5
f 4152/15/5 4148/15/5 4151/15/5
f 4154/11/5 4145/11/5 4143/11/5
f 4154/11/5 4150/11/5 4149/11/5
f 4154/11/5 4149/11/5 4145/11/5
f 4155/11/5 4150/11/5 4154/11/5
f 4156/11/5 4150/11/5 4155/11/5
f 4157/11/5 4150/11/5 4156/11/5
f 4158/11/5 4150/11/5 4157/11/5
f 4160/11/5 4154/11/5 4153/11/5
f 4161/5/5 4155/5/5 4154/5/5
f 4161/11/5 4154/11/5 4160/11/5
f 4162/5/5 4155/5/5 4161/5/5
f 4163/5/5 4155/5/5 4162/5/5
f 4164/5/5 4157/5/5 4156/5/5
f 4165/11/5 4159/11/5 4158/11/5
f 4165/11/5 4158/11/5 4157/11/5
f 4165/5/5 4157/5/5 4164/5/5
f 4166/11/5 4159/11/5 4165/11/5
f 4170/5/5 4164/5/5 4163/5/5
f 4170/5/5 4163/5/5 4162/5/5
f 4171/11/5 4165/11/5 4164/11/5
f 4171/5/5 4164/5/5 4170/5/5
f 4171/11/5 4167/11/5 4166/11/5
f 4171/11/5 4166/11/5 4165/11/5
f 4172/11/5 4169/11/5 4168/11/5
f 4173/11/5 4171/11/5 4170/11/5
f 4174/11/5 4171/11/5 4173/11/5
f 4175/11/5 4167/11/5 4171/11/5
f 4175/11/5 4171/11/5 4174/11/5
f 4176/11/5 4167/11/5 4175/11/5
f 4177/11/5 4167/11/5 4176/11/5
f 4178/11/5 4167/11/5 4177/11/5
f 4179/11/5 4172/11/5 4168/11/5
f 4182/11/5 4175/11/5 4174/11/5
f 4183/11/5 4175/11/5 4182/11/5
f 4184/11/5 4177/11/5 4176/11/5
f 4185/11/5 4177/11/5 4184/11/5
f 4187/11/5 4183/11/5 4182/11/5
f 4187/11/5 4181/11/5 4180/11/5
f 4187/11/5 4180/11/5 4179/11/5
f 4187/11/5 4182/11/5 4181/11/5
f 4188/11/5 4183/11/5 4187/11/5
f 4189/11/5 4179/11/5 4168/11/5
f 4189/11/5 4187/11/5 4179/11/5
f 4190/11/5 4187/11/5 4189/11/5
f 4191/11/5 4183/11/5 4188/11/5
f 4192/11/5 4183/11/5 4191/11/5
f 4193/11/5 4183/11/5 4192/11/5
f 4194/11/5 4183/11/5 4193/11/5
f 4195/11/5 4185/11/5 4184/11/5
f 4195/11/5 4186/11/5 4185/11/5
f 4196/11/5 4186/11/5 4195/11/5
f 4198/11/5 4187/11/5 4190/11/5
f 4199/11/5 4193/11/5 4192/11/5
f 4200/11/5 4193/11/5 4199/11/5
f 4201/11/5 4195/11/5 4184/11/5
f 4202/11/5 4195/11/5 4201/11/5
f 4203/11/5 4198/11/5 4197/11/5
f 4203/11/5 4187/11/5 4198/11/5
f 4204/11/5 4187/11/5 4203/11/5
f 4205/11/5 4187/11/5 4204/11/5
f 4206/11/5 4187/11/5 4205/11/5
f 4207/11/5 4195/11/5 4202/11/5
f 4208/11/5 4195/11/5 4207/11/5
f 4209/11/5 4205/11/5 4204/11/5
f 4210/11/5 4205/11/5 4209/11/5
f 4211/11/5 4203/11/5 4197/11/5
f 4212/11/5 4203/11/5 4211/11/5
f 4213/15/5 4151/15/5 4147/15/5
f 4214/15/5 4148/15/5 4152/15/5
f 4215/15/5 4213/15/5 4147/15/5
f 4215/15/5 4214/15/5 4213/15/5
f 4216/15/5 4148/15/5 4214/15/5
f 4216/15/5 4214/15/5 4215/15/5
f 4222/11/5 4218/11/5 4217/11/5
f 4223/11/5 4218/11/5 4222/11/5
f 4224/11/5 4220/11/5 4219/11/5
f 4227/11/5 4223/11/5 4222/11/5
f 4227/11/5 4222/11/5 4221/11/5
f 4227/11/5 4224/11/5 4223/11/5
f 4228/11/5 4220/11/5 4224/11/5
f 4228/11/5 4224/11/5 4227/11/5
f 4230/11/5 4226/11/5 4225/11/5
f 4231/11/5 4226/11/5 4230/11/5
f 4232/11/5 4229/11/5 4228/11/5
f 4233/11/5 4229/11/5 4232/11/5
f 4234/11/5 4229/11/5 4233/11/5
f 4237/11/5 4236/11/5 4235/11/5
f 4238/11/5 4236/11/5 4237/11/5
f 4242/11/5 4240/11/5 4239/11/5
f 4245/11/5 4242/11/5 4241/11/5
f 4246/11/5 4240/11/5 4242/11/5
f 4246/11/5 4242/11/5 4245/11/5
f 4249/11/5 4240/11/5 4246/11/5
f 4250/11/5 4240/11/5 4249/11/5
f 4251/11/5 4248/11/5 4247/11/5
f 4254/11/5 4244/11/5 4243/11/5
f 4255/11/5 4252/11/5 4251/11/5
f 4256/11/5 4254/11/5 4253/11/5
f 4257/11/5 4244/11/5 4254/11/5
f 4257/11/5 4254/11/5 4256/11/5
f 4258/11/5 4244/11/5 4257/11/5
f 4260/11/5 4255/11/5 4251/11/5
f 4260/11/5 4251/11/5 4247/11/5
f 4261/11/5 4257/11/5 4256/11/5
f 4262/11/5 4257/11/5 4261/11/5
f 4263/11/5 4260/11/5 4259/11/5
f 4264/11/5 4255/11/5 4260/11/5
f 4264/11/5 4260/11/5 4263/11/5
f 4265/11/5 4255/11/5 4264/11/5
f 4266/11/5 4255/11/5 4265/11/5
f 4269/11/5 4268/11/5 4267/11/5
f 4270/11/5 4268/11/5 4269/11/5
f 4273/11/5 4272/11/5 4271/11/5
f 4274/11/5 4272/11/5 4273/11/5
f 4277/11/5 4276/11/5 4275/11/5
f 4278/11/5 4276/11/5 4277/11/5
f 4281/15/5 4280/15/5 4279/15/5
f 4282/15/5 4280/15/5 4281/15/5
f 4283/15/5 4280/15/5 4282/15/5
f 4284/15/5 4280/15/5 4283/15/5
f 4285/15/5 4280/15/5 4284/15/5
f 4286/15/5 4280/15/5 4285/15/5
f 4287/15/5 4280/15/5 4286/15/5
f 4288/15/5 4280/15/5 4287/15/5
f 4289/15/5 4280/15/5 4288/15/5
f 4290/15/5 4280/15/5 4289/15/5
f 4291/15/5 4280/15/5 4290/15/5
f 4292/15/5 4280/15/5 4291/15/5
f 4293/15/5 4280/15/5 4292/15/5
f 4294/15/5 4280/15/5 4293/15/5
f 4295/15/5 4281/15/5 4279/15/5
f 4296/15/5 4280/15/5 4294/15/5
f 4297/15/5 4295/15/5 4279/15/5
f 4298/15/5 4280/15/5 4296/15/5
f 4299/15/5 4297/15/5 4279/15/5
f 4300/15/5 4280/15/5 4298/15/5
f 4301/15/5 4299/15/5 4279/15/5
f 4302/15/5 4280/15/5 4300/15/5
f 4303/15/5 4301/15/5 4279/15/5
f 4304/15/5 4280/15/5 4302/15/5
f 4305/15/5 4303/15/5 4279/15/5
f 4306/15/5 4280/15/5 4304/15/5
f 4307/15/5 4305/15/5 4279/15/5
f 4308/15/5 4280/15/5 4306/15/5
f 4309/15/5 4307/15/5 4279/15/5
f 4310/15/5 4280/15/5 4308/15/5
f 4311/15/5 4309/15/5 4279/15/5
f 4312/15/5 4280/15/5 4310/15/5
f 4313/15/5 4311/15/5 4279/15/5
f 4314/15/5 4280/15/5 4312/15/5
f 4315/15/5 4313/15/5 4279/15/5
f 4316/15/5 4280/15/5 4314/15/5
f 4317/15/5 4315/15/5 4279/15/5
f 4318/15/5 4280/15/5 4316/15/5
f 4319/15/5 4317/15/5 4279/15/5
f 4320/15/5 4280/15/5 4318/15/5
f 4321/15/5 4319/15/5 4279/15/5
f 4322/15/5 4280/15/5 4320/15/5
f 4323/15/5 4321/15/5 4279/15/5
f 4324/15/5 4280/15/5 4322/15/5
f 4325/15/5 4323/15/5 4279/15/5
f 4326/15/5 4280/15/5 4324/15/5
f 4327/15/5 4325/15/5 4279/15/5
f 4328/15/5 4280/15/5 4326/15/5
f 4329/15/5 4327/15/5 4279/15/5
f 4330/15/5 4280/15/5 4328/15/5
f 4331/15/5 4329/15/5 4279/15/5
f 4344/15/5 4280/15/5 4330/15/5
f 4345/15/5 4343/15/5 4342/15/5
f 4345/15/5 4344/15/5 4343/15/5
f 4345/15/5 4331/15/5 4279/15/5
f 4345/15/5 4332/15/5 4331/15/5
f 4345/15/5 4342/15/5 4341/15/5
f 4345/15/5 4341/15/5 4340/15/5
f 4345/15/5 4340/15/5 4339/15/5
f 4345/15/5 4339/15/5 4338/15/5
f 4345/15/5 4338/15/5 4337/15/5
f 4345/15/5 4337/15/5 4336/15/5
f 4345/15/5 4336/15/5 4335/15/5
f 4345/15/5 4335/15/5 4334/15/5
f 4345/15/5 4334/15/5 4333/15/5
f 4345/15/5 4333/15/5 4332/15/5
f 4346/15/5 4280/15/5 4344/15/5
f 4346/15/5 4344/15/5 4345/15/5
f 4349/15/5 4348/15/5 4347/15/5
f 4350/15/5 4348/15/5 4349/15/5
f 4351/15/5 4349/15/5 4347/15/5
f 4352/15/5 4348/15/5 4350/15/5
f 4353/15/5 4351/15/5 4347/15/5
f 4353/15/5 4352/15/5 4351/15/5
f 4354/15/5 4348/15/5 4352/15/5
f 4354/15/5 4352/15/5 4353/15/5
f 4359/8/5 4358/8/5 4357/8/5
f 4360/8/5 4359/8/5 4357/8/5
f 4361/8/5 4360/8/5 4357/8/5
f 4362/8/5 4361/8/5 4357/8/5
f 4363/8/5 4362/8/5 4357/8/5
f 4364/8/5 4363/8/5 4357/8/5
f 4365/8/5 4364/8/5 4357/8/5
f 4366/8/5 4365/8/5 4357/8/5
f 4367/8/5 4366/8/5 4357/8/5
f 4368/8/5 4367/8/5 4357/8/5
f 4369/8/5 4368/8/5 4357/8/5
f 4370/8/5 4369/8/5 4357/8/5
f 4371/8/5 4370/8/5 4357/8/5
f 4372/8/5 4371/8/5 4357/8/5
f 4373/8/5 4372/8/5 4357/8/5
f 4374/8/5 4373/8/5 4357/8/5
f 4375/8/5 4374/8/5 4357/8/5
f 4376/8/5 4375/8/5 4357/8/5
f 4377/8/5 4356/8/5 4355/8/5
f 4378/14/5 4357/14/5 4356/14/5
f 4378/8/5 4356/8/5 4377/8/5
f 4379/8/5 4376/8/5 4357/8/5
f 4379/14/5 4357/14/5 4378/14/5
f 4380/8/5 4376/8/5 4379/8/5
f 4383/10/5 4382/10/5 4381/10/5
f 4384/10/5 4382/10/5 4383/10/5
f 4387/10/5 4386/10/5 4385/10/5
f 4388/10/5 4386/10/5 4387/10/5
f 4393/10/5 4390/10/5 4389/10/5
f 4394/10/5 4390/10/5 4393/10/5
f 4395/10/5 4392/10/5 4391/10/5
f 4396/10/5 4392/10/5 4395/10/5
f 4399/10/5 4398/10/5 4397/10/5
f 4400/10/5 4398/10/5 4399/10/5
f 4403/10/5 4402/10/5 4401/10/5
f 4404/10/5 4402/10/5 4403/10/5
f 4407/8/5 4406/8/5 4405/8/5
f 4408/8/5 4407/8/5 4405/8/5
f 4409/8/5 4407/8/5 4408/8/5
f 4414/10/5 4411/10/5 4410/10/5
f 4415/10/5 4411/10/5 4414/10/5
f 4416/10/5 4413/10/5 4412/10/5
f 4417/10/5 4413/10/5 4416/10/5
f 4419/10/5 4418/10/5 4417/10/5
f 4420/10/5 4418/10/5 4419/10/5
f 4423/10/5 4422/10/5 4421/10/5
f 4424/10/5 4422/10/5 4423/10/5
f 4427/10/5 4426/10/5 4425/10/5
f 4428/10/5 4426/10/5 4427/10/5
f 4431/10/5 4430/10/5 4429/10/5
f 4432/10/5 4430/10/5 4431/10/5
f 4433/19/6 4434/19/6 4435/19/6
f 4435/19/6 4434/19/6 4436/19/6
f 4436/19/6 4434/19/6 4437/19/6
f 4437/19/6 4434/19/6 4438/19/6
f 4438/19/6 4434/19/6 4439/19/6
f 4439/19/6 4434/19/6 4440/19/6
f 4435/17/6 4436/17/6 4441/17/6
f 4436/19/6 4437/19/6 4441/19/6
f 4437/17/6 4438/17/6 4442/17/6
f 4441/19/6 4437/19/6 4442/19/6
f 4442/17/6 4438/17/6 4443/17/6
f 4439/17/6 4440/17/6 4444/17/6
f 4440/19/6 4434/19/6 4445/19/6
f 4444/17/6 4440/17/6 4445/17/6
f 4445/19/6 4434/19/6 4446/19/6
f 4443/17/6 4444/17/6 4447/17/6
f 4442/17/6 4443/17/6 4447/17/6
f 4445/17/6 4446/17/6 4447/17/6
f 4444/17/6 4445/17/6 4447/17/6
f 4435/17/6 4441/17/6 4447/17/6
f 4441/17/6 4442/17/6 4447/17/6
f 4447/17/6 4446/17/6 4448/17/6
f 4448/17/6 4446/17/6 4449/17/6
f 4449/17/6 4446/17/6 4450/17/6
f 4435/17/6 4447/17/6 4451/17/6
f 4448/17/6 4449/17/6 4452/17/6
f 4452/17/6 4449/17/6 4453/17/6
f 4450/17/6 4446/17/6 4454/17/6
f 4452/17/6 4453/17/6 4455/17/6
f 4453/17/6 4454/17/6 4455/17/6
f 4451/17/6 4452/17/6 4455/17/6
f 4455/17/6 4454/17/6 4456/17/6
f 4456/17/6 4454/17/6 4457/17/6
f 4457/17/6 4454/17/6 4458/17/6
f 4458/17/6 4454/17/6 4459/17/6
f 4459/17/6 4454/17/6 4460/17/6
f 4435/17/6 4451/17/6 4461/17/6
f 4451/17/6 4455/17/6 4461/17/6
f 4461/17/6 4455/17/6 4462/17/6
f 4456/17/6 4457/17/6 4463/17/6
f 4463/17/6 4457/17/6 4464/17/6
f 4464/17/6 4457/17/6 4465/17/6
f 4465/17/6 4457/17/6 4466/17/6
f 4466/17/6 4457/17/6 4467/17/6
f 4467/17/6 4457/17/6 4468/17/6
f 4468/17/6 4457/17/6 4469/17/6
f 4469/17/6 4457/17/6 4470/17/6
f 4458/17/6 4459/17/6 4471/17/6
f 4471/17/6 4459/17/6 4472/17/6
f 4460/17/6 4454/17/6 4473/17/6
f 4446/19/6 4434/19/6 4474/19/6
f 4473/17/6 4454/17/6 4474/17/6
f 4454/17/6 4446/17/6 4474/17/6
f 4464/7/6 4465/7/6 4475/7/6
f 4465/2/6 4466/2/6 4476/2/6
f 4475/7/6 4465/7/6 4476/7/6
f 4466/7/6 4467/7/6 4477/7/6
f 4476/2/6 4466/2/6 4477/2/6
f 4467/2/6 4468/2/6 4478/2/6
f 4477/7/6 4467/7/6 4478/7/6
f 4468/7/6 4469/7/6 4479/7/6
f 4478/2/6 4468/2/6 4479/2/6
f 4469/2/6 4470/2/6 4480/2/6
f 4479/7/6 4469/7/6 4480/7/6
f 4480/2/6 4470/2/6 4481/2/6
f 4475/2/6 4476/2/6 4482/2/6
f 4476/7/6 4477/7/6 4483/7/6
f 4482/2/6 4476/2/6 4483/2/6
f 4477/2/6 4478/2/6 4484/2/6
f 4483/7/6 4477/7/6 4484/7/6
f 4478/7/6 4479/7/6 4485/7/6
f 4484/2/6 4478/2/6 4485/2/6
f 4479/2/6 4480/2/6 4486/2/6
f 4485/7/6 4479/7/6 4486/7/6
f 4480/7/6 4481/7/6 4487/7/6
f 4486/2/6 4480/2/6 4487/2/6
f 4487/7/6 4481/7/6 4488/7/6
f 4482/7/6 4483/7/6 4489/7/6
f 4483/2/6 4484/2/6 4490/2/6
f 4489/7/6 4483/7/6 4490/7/6
f 4484/7/6 4485/7/6 4491/7/6
f 4490/2/6 4484/2/6 4491/2/6
f 4485/2/6 4486/2/6 4492/2/6
f 4491/7/6 4485/7/6 4492/7/6
f 4486/7/6 4487/7/6 4493/7/6
f 4492/2/6 4486/2/6 4493/2/6
f 4487/2/6 4488/2/6 4494/2/6
f 4493/7/6 4487/7/6 4494/7/6
f 4494/2/6 4488/2/6 4495/2/6
f 4489/2/6 4490/2/6 4496/2/6
f 4490/7/6 4491/7/6 4497/7/6
f 4496/2/6 4490/2/6 4497/2/6
f 4491/2/6 4492/2/6 4498/2/6
f 4497/7/6 4491/7/6 4498/7/6
f 4492/7/6 4493/7/6 4499/7/6
f 4498/2/6 4492/2/6 4499/2/6
f 4493/2/6 4494/2/6 4500/2/6
f 4499/7/6 4493/7/6 4500/7/6
f 4494/7/6 4495/7/6 4501/7/6
f 4500/2/6 4494/2/6 4501/2/6
f 4501/7/6 4495/7/6 4502/7/6
f 4496/7/6 4497/7/6 4503/7/6
f 4497/2/6 4498/2/6 4504/2/6
f 4503/7/6 4497/7/6 4504/7/6
f 4498/7/6 4499/7/6 4505/7/6
f 4504/2/6 4498/2/6 4505/2/6
f 4499/2/6 4500/2/6 4506/2/6
f 4505/7/6 4499/7/6 4506/7/6
f 4500/7/6 4501/7/6 4507/7/6
f 4506/2/6 4500/2/6 4507/2/6
f 4501/2/6 4502/2/6 4508/2/6
f 4507/7/6 4501/7/6 4508/7/6
f 4508/2/6 4502/2/6 4509/2/6
f 4503/2/6 4504/2/6 4510/2/6
f 4504/7/6 4505/7/6 4511/7/6
f 4510/2/6 4504/2/6 4511/2/6
f 4505/2/6 4506/2/6 4512/2/6
f 4511/7/6 4505/7/6 4512/7/6
f 4506/7/6 4507/7/6 4513/7/6
f 4512/2/6 4506/2/6 4513/2/6
f 4507/2/6 4508/2/6 4514/2/6
f 4513/7/6 4507/7/6 4514/7/6
f 4508/7/6 4509/7/6 4515/7/6
f 4514/2/6 4508/2/6 4515/2/6
f 4515/7/6 4509/7/6 4516/7/6
f 4510/7/6 4511/7/6 4517/7/6
f 4511/2/6 4512/2/6 4518/2/6
f 4517/7/6 4511/7/6 4518/7/6
f 4512/7/6 4513/7/6 4519/7/6
f 4518/2/6 4512/2/6 4519/2/6
f 4513/2/6 4514/2/6 4520/2/6
f 4519/7/6 4513/7/6 4520/7/6
f 4514/7/6 4515/7/6 4521/7/6
f 4520/2/6 4514/2/6 4521/2/6
f 4515/2/6 4516/2/6 4522/2/6
f 4521/7/6 4515/7/6 4522/7/6
f 4522/2/6 4516/2/6 4523/2/6
f 4462/17/6 4455/17/6 4525/17/6
f 4517/2/6 4518/2/6 4526/2/6
f 4518/7/6 4519/7/6 4527/7/6
f 4526/2/6 4518/2/6 4527/2/6
f 4519/2/6 4520/2/6 4528/2/6
f 4527/7/6 4519/7/6 4528/7/6
f 4520/7/6 4521/7/6 4529/7/6
f 4528/2/6 4520/2/6 4529/2/6
f 4521/2/6 4522/2/6 4530/2/6
f 4529/7/6 4521/7/6 4530/7/6
f 4522/7/6 4523/7/6 4531/7/6
f 4530/2/6 4522/2/6 4531/2/6
f 4531/7/6 4523/7/6 4532/7/6
f 4460/17/6 4473/17/6 4533/17/6
f 4474/19/6 4434/19/6 4534/19/6
f 4533/17/6 4534/17/6 4535/17/6
f 4534/19/6 4434/19/6 4536/19/6
f 4535/17/6 4534/17/6 4536/17/6
f 4524/17/6 4525/17/6 4537/17/6
f 4525/17/6 4455/17/6 4538/17/6
f 4537/17/6 4525/17/6 4538/17/6
f 4533/17/6 4535/17/6 4539/17/6
f 4535/19/6 4536/19/6 4540/19/6
f 4539/17/6 4535/17/6 4540/17/6
f 4460/17/6 4533/17/6 4541/17/6
f 4533/17/6 4539/17/6 4541/17/6
f 4539/19/6 4540/19/6 4542/19/6
f 4541/17/6 4539/17/6 4542/17/6
f 4538/17/6 4455/17/6 4544/17/6
f 4460/17/6 4541/17/6 4551/17/6
f 4545/2/6 4546/2/6 4552/2/6
f 4546/7/6 4547/7/6 4553/7/6
f 4552/2/6 4546/2/6 4553/2/6
f 4547/2/6 4548/2/6 4554/2/6
f 4553/7/6 4547/7/6 4554/7/6
f 4548/7/6 4549/7/6 4555/7/6
f 4554/2/6 4548/2/6 4555/2/6
f 4549/2/6 4550/2/6 4556/2/6
f 4555/7/6 4549/7/6 4556/7/6
f 4550/7/6 4551/7/6 4557/7/6
f 4556/2/6 4550/2/6 4557/2/6
f 4551/17/6 4541/17/6 4558/17/6
f 4557/7/6 4551/7/6 4558/7/6
f 4552/7/6 4553/7/6 4559/7/6
f 4553/2/6 4554/2/6 4560/2/6
f 4559/7/6 4553/7/6 4560/7/6
f 4554/7/6 4555/7/6 4561/7/6
f 4560/2/6 4554/2/6 4561/2/6
f 4555/2/6 4556/2/6 4562/2/6
f 4561/7/6 4555/7/6 4562/7/6
f 4556/7/6 4557/7/6 4563/7/6
f 4562/2/6 4556/2/6 4563/2/6
f 4557/2/6 4558/2/6 4564/2/6
f 4563/7/6 4557/7/6 4564/7/6
f 4558/17/6 4541/17/6 4565/17/6
f 4564/2/6 4558/2/6 4565/2/6
f 4559/2/6 4560/2/6 4566/2/6
f 4560/7/6 4561/7/6 4567/7/6
f 4566/2/6 4560/2/6 4567/2/6
f 4561/2/6 4562/2/6 4568/2/6
f 4567/7/6 4561/7/6 4568/7/6
f 4562/7/6 4563/7/6 4569/7/6
f 4568/2/6 4562/2/6 4569/2/6
f 4563/2/6 4564/2/6 4570/2/6
f 4569/7/6 4563/7/6 4570/7/6
f 4564/7/6 4565/7/6 4571/7/6
f 4570/2/6 4564/2/6 4571/2/6
f 4565/17/6 4541/17/6 4572/17/6
f 4571/7/6 4565/7/6 4572/7/6
f 4566/7/6 4567/7/6 4573/7/6
f 4567/2/6 4568/2/6 4574/2/6
f 4573/7/6 4567/7/6 4574/7/6
f 4568/7/6 4569/7/6 4575/7/6
f 4574/2/6 4568/2/6 4575/2/6
f 4569/2/6 4570/2/6 4576/2/6
f 4575/7/6 4569/7/6 4576/7/6
f 4570/7/6 4571/7/6 4577/7/6
f 4576/2/6 4570/2/6 4577/2/6
f 4571/2/6 4572/2/6 4578/2/6
f 4577/7/6 4571/7/6 4578/7/6
f 4572/17/6 4541/17/6 4579/17/6
f 4578/2/6 4572/2/6 4579/2/6
f 4543/17/6 4544/17/6 4580/17/6
f 4544/17/6 4455/17/6 4581/17/6
f 4580/17/6 4544/17/6 4581/17/6
f 4573/2/6 4574/2/6 4582/2/6
f 4574/7/6 4575/7/6 4583/7/6
f 4582/2/6 4574/2/6 4583/2/6
f 4575/2/6 4576/2/6 4584/2/6
f 4583/7/6 4575/7/6 4584/7/6
f 4576/7/6 4577/7/6 4585/7/6
f 4584/2/6 4576/2/6 4585/2/6
f 4577/2/6 4578/2/6 4586/2/6
f 4585/7/6 4577/7/6 4586/7/6
f 4578/7/6 4579/7/6 4587/7/6
f 4586/2/6 4578/2/6 4587/2/6
f 4579/17/6 4541/17/6 4588/17/6
f 4587/7/6 4579/7/6 4588/7/6
f 4582/7/6 4583/7/6 4589/7/6
f 4583/2/6 4584/2/6 4590/2/6
f 4589/7/6 4583/7/6 4590/7/6
f 4584/7/6 4585/7/6 4591/7/6
f 4590/2/6 4584/2/6 4591/2/6
f 4585/2/6 4586/2/6 4592/2/6
f 4591/7/6 4585/7/6 4592/7/6
f 4586/7/6 4587/7/6 4593/7/6
f 4592/2/6 4586/2/6 4593/2/6
f 4587/2/6 4588/2/6 4594/2/6
f 4593/7/6 4587/7/6 4594/7/6
f 4588/17/6 4541/17/6 4595/17/6
f 4594/2/6 4588/2/6 4595/2/6
f 4581/17/6 4455/17/6 4597/17/6
f 4595/17/6 4541/17/6 4598/17/6
f 4541/19/6 4542/19/6 4598/19/6
f 4542/19/6 4540/19/6 4599/19/6
f 4598/19/6 4542/19/6 4599/19/6
f 4598/17/6 4599/17/6 4600/17/6
f 4599/19/6 4540/19/6 4600/19/6
f 4540/19/6 4536/19/6 4601/19/6
f 4600/19/6 4540/19/6 4601/19/6
f 4600/17/6 4601/17/6 4602/17/6
f 4601/19/6 4536/19/6 4602/19/6
f 4536/19/6 4434/19/6 4603/19/6
f 4602/19/6 4536/19/6 4603/19/6
f 4596/17/6 4597/17/6 4604/17/6
f 4597/17/6 4455/17/6 4605/17/6
f 4604/17/6 4597/17/6 4605/17/6
f 4595/17/6 4598/17/6 4606/17/6
f 4598/17/6 4600/17/6 4606/17/6
f 4602/17/6 4603/17/6 4606/17/6
f 4600/17/6 4602/17/6 4606/17/6
f 4603/19/6 4434/19/6 4607/19/6
f 4606/17/6 4603/17/6 4607/17/6
f 4608/7/6 4609/7/6 4611/7/6
f 4609/2/6 4610/2/6 4612/2/6
f 4611/7/6 4609/7/6 4612/7/6
f 4612/2/6 4610/2/6 4613/2/6
f 4611/2/6 4612/2/6 4614/2/6
f 4612/7/6 4613/7/6 4615/7/6
f 4614/2/6 4612/2/6 4615/2/6
f 4615/7/6 4613/7/6 4616/7/6
f 4614/7/6 4615/7/6 4617/7/6
f 4615/2/6 4616/2/6 4618/2/6
f 4617/7/6 4615/7/6 4618/7/6
f 4618/2/6 4616/2/6 4619/2/6
f 4617/2/6 4618/2/6 4620/2/6
f 4618/7/6 4619/7/6 4621/7/6
f 4620/2/6 4618/2/6 4621/2/6
f 4621/7/6 4619/7/6 4622/7/6
f 4605/17/6 4455/17/6 4623/17/6
f 4620/7/6 4621/7/6 4624/7/6
f 4621/2/6 4622/2/6 4625/2/6
f 4624/7/6 4621/7/6 4625/7/6
f 4625/2/6 4622/2/6 4626/2/6
f 4595/17/6 4606/17/6 4627/17/6
f 4625/17/6 4626/17/6 4629/17/6
f 4626/17/6 4627/17/6 4629/17/6
f 4624/17/6 4625/17/6 4629/17/6
f 4623/17/6 4624/17/6 4629/17/6
f 4605/17/6 4623/17/6 4629/17/6
f 4627/17/6 4606/17/6 4630/17/6
f 4629/17/6 4627/17/6 4630/17/6
f 4607/19/6 4434/19/6 4631/19/6
f 4628/17/6 4629/17/6 4632/17/6
f 4630/17/6 4631/17/6 4632/17/6
f 4629/17/6 4630/17/6 4632/17/6
f 4632/17/6 4631/17/6 4633/17/6
f 4633/17/6 4631/17/6 4634/17/6
f 4634/17/6 4631/17/6 4635/17/6
f 4628/17/6 4632/17/6 4636/17/6
f 4633/17/6 4634/17/6 4637/17/6
f 4637/17/6 4634/17/6 4638/17/6
f 4638/17/6 4634/17/6 4639/17/6
f 4639/17/6 4634/17/6 4640/17/6
f 4635/17/6 4631/17/6 4641/17/6
f 4636/17/6 4637/17/6 4642/17/6
f 4637/17/6 4638/17/6 4642/17/6
f 4639/17/6 4640/17/6 4643/17/6
f 4640/17/6 4641/17/6 4643/17/6
f 4636/17/6 4642/17/6 4644/17/6
f 4642/17/6 4643/17/6 4644/17/6
f 4628/17/6 4636/17/6 4644/17/6
f 4631/19/6 4434/19/6 4645/19/6
f 4644/17/6 4643/17/6 4645/17/6
f 4643/17/6 4641/17/6 4645/17/6
f 4641/17/6 4631/17/6 4645/17/6
f 4645/19/6 4434/19/6 4646/19/6
f 4647/1/6 4648/1/6 4649/1/6
f 4649/1/6 4648/1/6 4650/1/6
f 4651/9/6 4652/9/6 4655/9/6
f 4655/9/6 4652/9/6 4656/9/6
f 4653/18/6 4654/18/6 4659/18/6
f 4659/18/6 4654/18/6 4660/18/6
f 4657/18/6 4658/18/6 4661/18/6
f 4661/18/6 4658/18/6 4662/18/6
f 4653/18/6 4659/18/6 4663/18/6
f 4663/18/6 4659/18/6 4664/18/6
f 4657/18/6 4661/18/6 4665/18/6
f 4665/18/6 4661/18/6 4666/18/6
f 4660/18/6 4654/18/6 4669/18/6
f 4662/18/6 4658/18/6 4672/18/6
f 4667/18/6 4668/18/6 4673/18/6
f 4668/3/6 4669/3/6 4673/3/6
f 4669/18/6 4654/18/6 4674/18/6
f 4673/3/6 4669/3/6 4674/3/6
f 4674/18/6 4654/18/6 4675/18/6
f 4671/3/6 4672/3/6 4676/3/6
f 4670/18/6 4671/18/6 4676/18/6
f 4672/18/6 4658/18/6 4677/18/6
f 4676/3/6 4672/3/6 4677/3/6
f 4667/18/6 4673/18/6 4678/18/6
f 4678/18/6 4673/18/6 4679/18/6
f 4677/18/6 4658/18/6 4682/18/6
f 4682/18/6 4658/18/6 4683/18/6
f 4684/18/6 4685/18/6 4688/18/6
f 4680/18/6 4681/18/6 4689/18/6
f 4684/18/6 4688/18/6 4690/18/6
f 4688/18/6 4689/18/6 4690/18/6
f 4689/18/6 4681/18/6 4691/18/6
f 4690/18/6 4689/18/6 4691/18/6
f 4670/18/6 4676/18/6 4692/18/6
f 4692/18/6 4676/18/6 4693/18/6
f 4686/18/6 4687/18/6 4694/18/6
f 4694/18/6 4687/18/6 4695/18/6
f 4696/18/6 4697/18/6 4698/18/6
f 4698/18/6 4697/18/6 4699/18/6
f 4696/18/6 4698/18/6 4700/18/6
f 4700/18/6 4698/18/6 4701/18/6
f 4699/18/6 4697/18/6 4703/18/6
f 4702/18/6 4703/18/6 4704/18/6
f 4703/18/6 4697/18/6 4705/18/6
f 4704/18/6 4703/18/6 4705/18/6
f 4706/18/6 4707/18/6 4708/18/6
f 4708/18/6 4707/18/6 4709/18/6
f 4706/18/6 4708/18/6 4710/18/6
f 4709/18/6 4707/18/6 4711/18/6
f 4706/18/6 4710/18/6 4712/18/6
f 4710/18/6 4711/18/6 4712/18/6
f 4711/18/6 4707/18/6 4713/18/6
f 4712/18/6 4711/18/6 4713/18/6
f 4714/18/6 4715/18/6 4716/18/6
f 4716/18/6 4715/18/6 4717/18/6
f 4717/18/6 4715/18/6 4720/18/6
f 4720/18/6 4715/18/6 4721/18/6
f 4718/18/6 4719/18/6 4722/18/6
f 4722/18/6 4719/18/6 4723/18/6
f 4714/18/6 4716/18/6 4724/18/6
f 4724/18/6 4716/18/6 4725/18/6
f 4723/18/6 4719/18/6 4728/18/6
f 4728/18/6 4719/18/6 4729/18/6
f 4718/18/6 4722/18/6 4734/18/6
f 4734/18/6 4722/18/6 4735/18/6
f 4730/18/6 4731/18/6 4736/18/6
f 4736/18/6 4731/18/6 4737/18/6
f 4732/18/6 4733/18/6 4740/18/6
f 4740/18/6 4733/18/6 4741/18/6
f 4726/18/6 4727/18/6 4743/18/6
f 4738/18/6 4739/18/6 4744/18/6
f 4742/18/6 4743/18/6 4746/18/6
f 4743/18/6 4727/18/6 4747/18/6
f 4746/18/6 4743/18/6 4747/18/6
f 4744/18/6 4745/18/6 4748/18/6
f 4738/18/6 4744/18/6 4748/18/6
f 4748/18/6 4745/18/6 4749/18/6
f 4750/1/6 4751/1/6 4752/1/6
f 4752/1/6 4751/1/6 4753/1/6
f 4754/12/6 4755/12/6 4759/12/6
f 4759/12/6 4755/12/6 4760/12/6
f 4756/12/6 4757/12/6 4762/12/6
f 4762/12/6 4757/12/6 4763/12/6
f 4758/12/6 4759/12/6 4764/12/6
f 4764/12/6 4759/12/6 4765/12/6
f 4761/12/6 4762/12/6 4766/12/6
f 4766/12/6 4762/12/6 4767/12/6
f 4768/12/6 4769/12/6 4773/12/6
f 4773/12/6 4769/12/6 4774/12/6
f 4774/12/6 4769/12/6 4775/12/6
f 4770/12/6 4771/12/6 4776/12/6
f 4776/12/6 4771/12/6 4777/12/6
f 4772/12/6 4773/12/6 4779/12/6
f 4779/12/6 4773/12/6 4780/12/6
f 4777/12/6 4778/12/6 4782/12/6
f 4782/12/6 4778/12/6 4783/12/6
f 4781/12/6 4782/12/6 4784/12/6
f 4784/12/6 4782/12/6 4785/12/6
f 4786/12/6 4787/12/6 4789/12/6
f 4788/12/6 4789/12/6 4790/12/6
f 4789/12/6 4787/12/6 4791/12/6
f 4790/12/6 4789/12/6 4791/12/6
f 4792/12/6 4793/12/6 4794/12/6
f 4794/12/6 4793/12/6 4795/12/6
f 4796/12/6 4797/12/6 4798/12/6
f 4798/12/6 4797/12/6 4799/12/6
f 4799/12/6 4800/12/6 4805/12/6
f 4805/12/6 4800/12/6 4806/12/6
f 4801/12/6 4802/12/6 4807/12/6
f 4807/12/6 4802/12/6 4808/12/6
f 4803/12/6 4804/12/6 4810/12/6
f 4810/12/6 4804/12/6 4811/12/6
f 4808/12/6 4809/12/6 4813/12/6
f 4813/12/6 4809/12/6 4814/12/6
f 4811/12/6 4812/12/6 4815/12/6
f 4815/12/6 4812/12/6 4816/12/6
f 4818/12/6 4819/12/6 4823/12/6
f 4817/12/6 4818/12/6 4823/12/6
f 4823/12/6 4819/12/6 4824/12/6
f 4824/12/6 4819/12/6 4825/12/6
f 4821/12/6 4822/12/6 4827/12/6
f 4820/12/6 4821/12/6 4827/12/6
f 4827/12/6 4822/12/6 4828/12/6
f 4825/12/6 4826/12/6 4829/12/6
f 4824/12/6 4825/12/6 4829/12/6
f 4829/12/6 4826/12/6 4830/12/6
f 4831/12/6 4832/12/6 4835/12/6
f 4835/12/6 4832/12/6 4836/12/6
f 4833/12/6 4834/12/6 4837/12/6
f 4837/12/6 4834/12/6 4838/12/6
f 4841/12/6 4842/12/6 4843/12/6
f 4843/12/6 4842/12/6 4844/12/6
f 4839/12/6 4840/12/6 4845/12/6
f 4845/12/6 4840/12/6 4846/12/6
f 4847/12/6 4848/12/6 4849/12/6
f 4849/12/6 4848/12/6 4850/12/6
f 4851/12/6 4852/12/6 4855/12/6
f 4855/12/6 4852/12/6 4856/12/6
f 4853/12/6 4854/12/6 4859/12/6
f 4859/12/6 4854/12/6 4860/12/6
f 4857/12/6 4858/12/6 4861/12/6
f 4861/12/6 4858/12/6 4862/12/6
f 4863/16/6 4864/16/6 4905/16/6
f 4864/15/6 4865/15/6 4906/15/6
f 4905/16/6 4864/16/6 4906/16/6
f 4865/16/6 4866/16/6 4907/16/6
f 4906/15/6 4865/15/6 4907/15/6
f 4866/15/6 4867/15/6 4908/15/6
f 4907/16/6 4866/16/6 4908/16/6
f 4867/16/6 4868/16/6 4909/16/6
f 4908/15/6 4867/15/6 4909/15/6
f 4868/15/6 4869/15/6 4910/15/6
f 4909/16/6 4868/16/6 4910/16/6
f 4869/16/6 4870/16/6 4911/16/6
f 4910/15/6 4869/15/6 4911/15/6
f 4870/15/6 4871/15/6 4912/15/6
f 4911/16/6 4870/16/6 4912/16/6
f 4871/16/6 4872/16/6 4913/16/6
f 4912/15/6 4871/15/6 4913/15/6
f 4872/15/6 4873/15/6 4914/15/6
f 4913/16/6 4872/16/6 4914/16/6
f 4873/16/6 4874/16/6 4915/16/6
f 4914/15/6 4873/15/6 4915/15/6
f 4874/15/6 4875/15/6 4916/15/6
f 4915/16/6 4874/16/6 4916/16/6
f 4875/16/6 4876/16/6 4917/16/6
f 4916/15/6 4875/15/6 4917/15/6
f 4876/15/6 4877/15/6 4918/15/6
f 4917/16/6 4876/16/6 4918/16/6
f 4877/16/6 4878/16/6 4919/16/6
f 4918/15/6 4877/15/6 4919/15/6
f 4878/15/6 4879/15/6 4920/15/6
f 4919/16/6 4878/16/6 4920/16/6
f 4879/16/6 4880/16/6 4921/16/6
f 4920/15/6 4879/15/6 4921/15/6
f 4880/15/6 4881/15/6 4922/15/6
f 4921/16/6 4880/16/6 4922/16/6
f 4881/16/6 4882/16/6 4923/16/6
f 4922/15/6 4881/15/6 4923/15/6
f 4882/15/6 4883/15/6 4924/15/6
f 4923/16/6 4882/16/6 4924/16/6
f 4883/16/6 4884/16/6 4925/16/6
f 4924/15/6 4883/15/6 4925/15/6
f 4884/15/6 4885/15/6 4926/15/6
f 4925/16/6 4884/16/6 4926/16/6
f 4885/16/6 4886/16/6 4927/16/6
f 4926/15/6 4885/15/6 4927/15/6
f 4886/15/6 4887/15/6 4928/15/6
f 4927/16/6 4886/16/6 4928/16/6
f 4887/16/6 4888/16/6 4929/16/6
f 4928/15/6 4887/15/6 4929/15/6
f 4888/15/6 4889/15/6 4930/15/6
f 4929/16/6 4888/16/6 4930/16/6
f 4889/16/6 4890/16/6 4931/16/6
f 4930/15/6 4889/15/6 4931/15/6
f 4890/15/6 4891/15/6 4932/15/6
f 4931/16/6 4890/16/6 4932/16/6
f 4891/16/6 4892/16/6 4933/16/6
f 4932/15/6 4891/15/6 4933/15/6
f 4892/15/6 4893/15/6 4934/15/6
f 4933/16/6 4892/16/6 4934/16/6
f 4893/16/6 4894/16/6 4935/16/6
f 4934/15/6 4893/15/6 4935/15/6
f 4894/15/6 4895/15/6 4936/15/6
f 4935/16/6 4894/16/6 4936/16/6
f 4895/16/6 4896/16/6 4937/16/6
f 4936/15/6 4895/15/6 4937/15/6
f 4896/15/6 4897/15/6 4938/15/6
f 4937/16/6 4896/16/6 4938/16/6
f 4897/16/6 4898/16/6 4939/16/6
f 4938/15/6 4897/15/6 4939/15/6
f 4898/15/6 4899/15/6 4940/15/6
f 4939/16/6 4898/16/6 4940/16/6
f 4899/16/6 4900/16/6 4941/16/6
f 4940/15/6 4899/15/6 4941/15/6
f 4900/15/6 4901/15/6 4942/15/6
f 4941/16/6 4900/16/6 4942/16/6
f 4901/16/6 4902/16/6 4943/16/6
f 4942/15/6 4901/15/6 4943/15/6
f 4902/15/6 4903/15/6 4944/15/6
f 4943/16/6 4902/16/6 4944/16/6
f 4903/16/6 4904/16/6 4945/16/6
f 4944/15/6 4903/15/6 4945/15/6
f 4945/16/6 4904/16/6 4946/16/6
f 4905/15/6 4906/15/6 4947/15/6
f 4906/16/6 4907/16/6 4948/16/6
f 4947/15/6 4906/15/6 4948/15/6
f 4907/15/6 4908/15/6 4949/15/6
f 4948/16/6 4907/16/6 4949/16/6
f 4908/16/6 4909/16/6 4950/16/6
f 4949/15/6 4908/15/6 4950/15/6
f 4909/15/6 4910/15/6 4951/15/6
f 4950/16/6 4909/16/6 4951/16/6
f 4910/16/6 4911/16/6 4952/16/6
f 4951/15/6 4910/15/6 4952/15/6
f 4911/15/6 4912/15/6 4953/15/6
f 4952/16/6 4911/16/6 4953/16/6
f 4912/16/6 4913/16/6 4954/16/6
f 4953/15/6 4912/15/6 4954/15/6
f 4913/15/6 4914/15/6 4955/15/6
f 4954/16/6 4913/16/6 4955/16/6
f 4914/16/6 4915/16/6 4956/16/6
f 4955/15/6 4914/15/6 4956/15/6
f 4915/15/6 4916/15/6 4957/15/6
f 4956/16/6 4915/16/6 4957/16/6
f 4916/16/6 4917/16/6 4958/16/6
f 4957/15/6 4916/15/6 4958/15/6
f 4917/15/6 4918/15/6 4959/15/6
f 4958/16/6 4917/16/6 4959/16/6
f 4918/16/6 4919/16/6 4960/16/6
f 4959/15/6 4918/15/6 4960/15/6
f 4919/15/6 4920/15/6 4961/15/6
f 4960/16/6 4919/16/6 4961/16/6
f 4920/16/6 4921/16/6 4962/16/6
f 4961/15/6 4920/15/6 4962/15/6
f 4921/15/6 4922/15/6 4963/15/6
f 4962/16/6 4921/16/6 4963/16/6
f 4922/16/6 4923/16/6 4964/16/6
f 4963/15/6 4922/15/6 4964/15/6
f 4923/15/6 4924/15/6 4965/15/6
f 4964/16/6 4923/16/6 4965/16/6
f 4924/16/6 4925/16/6 4966/16/6
f 4965/15/6 4924/15/6 4966/15/6
f 4925/15/6 4926/15/6 4967/15/6
f 4966/16/6 4925/16/6 4967/16/6
f 4926/16/6 4927/16/6 4968/16/6
f 4967/15/6 4926/15/6 4968/15/6
f 4927/15/6 4928/15/6 4969/15/6
f 4968/16/6 4927/16/6 4969/16/6
f 4928/16/6 4929/16/6 4970/16/6
f 4969/15/6 4928/15/6 4970/15/6
f 4929/15/6 4930/15/6 4971/15/6
f 4970/16/6 4929/16/6 4971/16/6
f 4930/16/6 4931/16/6 4972/16/6
f 4971/15/6 4930/15/6 4972/15/6
f 4931/15/6 4932/15/6 4973/15/6
f 4972/16/6 4931/16/6 4973/16/6
f 4932/16/6 4933/16/6 4974/16/6
f 4973/15/6 4932/15/6 4974/15/6
f 4933/15/6 4934/15/6 4975/15/6
f 4974/16/6 4933/16/6 4975/16/6
f 4934/16/6 4935/16/6 4976/16/6
f 4975/15/6 4934/15/6 4976/15/6
f 4976/16/6 4935/16/6 4977/16/6
f 4938/16/6 4939/16/6 4978/16/6
f 4978/16/6 4939/16/6 4979/16/6
f 4942/16/6 4943/16/6 4980/16/6
f 4943/15/6 4944/15/6 4981/15/6
f 4980/16/6 4943/16/6 4981/16/6
f 4944/16/6 4945/16/6 4982/16/6
f 4981/15/6 4944/15/6 4982/15/6
f 4945/15/6 4946/15/6 4983/15/6
f 4982/16/6 4945/16/6 4983/16/6
f 4983/15/6 4946/15/6 4984/15/6
f 4947/16/6 4948/16/6 4985/16/6
f 4948/15/6 4949/15/6 4986/15/6
f 4985/16/6 4948/16/6 4986/16/6
f 4986/15/6 4949/15/6 4987/15/6
f 4971/16/6 4972/16/6 4988/16/6
f 4972/15/6 4973/15/6 4989/15/6
f 4988/16/6 4972/16/6 4989/16/6
f 4973/16/6 4974/16/6 4990/16/6
f 4989/15/6 4973/15/6 4990/15/6
f 4974/15/6 4975/15/6 4991/15/6
f 4990/16/6 4974/16/6 4991/16/6
f 4975/16/6 4976/16/6 4992/16/6
f 4991/15/6 4975/15/6 4992/15/6
f 4976/15/6 4977/15/6 4993/15/6
f 4992/16/6 4976/16/6 4993/16/6
f 4993/15/6 4977/15/6 4994/15/6
f 4978/15/6 4979/15/6 4995/15/6
f 4995/15/6 4979/15/6 4996/15/6
f 4980/15/6 4981/15/6 4997/15/6
f 4981/16/6 4982/16/6 4998/16/6
f 4997/15/6 4981/15/6 4998/15/6
f 4982/15/6 4983/15/6 4999/15/6
f 4998/16/6 4982/16/6 4999/16/6
f 4983/16/6 4984/16/6 5000/16/6
f 4999/15/6 4983/15/6 5000/15/6
f 5000/16/6 4984/16/6 5001/16/6
f 4985/15/6 4986/15/6 5002/15/6
f 4986/16/6 4987/16/6 5003/16/6
f 5002/15/6 4986/15/6 5003/15/6
f 5003/16/6 4987/16/6 5004/16/6
f 4988/15/6 4989/15/6 5005/15/6
f 4989/16/6 4990/16/6 5006/16/6
f 5005/15/6 4989/15/6 5006/15/6
f 4990/15/6 4991/15/6 5007/15/6
f 5006/16/6 4990/16/6 5007/16/6
f 4991/16/6 4992/16/6 5008/16/6
f 5007/15/6 4991/15/6 5008/15/6
f 4992/15/6 4993/15/6 5009/15/6
f 5008/16/6 4992/16/6 5009/16/6
f 5009/15/6 4993/15/6 5010/15/6
f 4998/15/6 4999/15/6 5011/15/6
f 4999/16/6 5000/16/6 5012/16/6
f 5011/15/6 4999/15/6 5012/15/6
f 5000/15/6 5001/15/6 5013/15/6
f 5012/16/6 5000/16/6 5013/16/6
f 5013/15/6 5001/15/6 5014/15/6
f 5002/16/6 5003/16/6 5015/16/6
f 5003/15/6 5004/15/6 5016/15/6
f 5015/16/6 5003/16/6 5016/16/6
f 5016/15/6 5004/15/6 5017/15/6
f 5005/16/6 5006/16/6 5018/16/6
f 5006/15/6 5007/15/6 5019/15/6
f 5018/16/6 5006/16/6 5019/16/6
f 5007/16/6 5008/16/6 5020/16/6
f 5019/15/6 5007/15/6 5020/15/6
f 5008/15/6 5009/15/6 5021/15/6
f 5020/16/6 5008/16/6 5021/16/6
f 5009/16/6 5010/16/6 5022/16/6
f 5021/15/6 5009/15/6 5022/15/6
f 5022/16/6 5010/16/6 5023/16/6
f 5011/16/6 5012/16/6 5024/16/6
f 5012/15/6 5013/15/6 5025/15/6
f 5024/16/6 5012/16/6 5025/16/6
f 5013/16/6 5014/16/6 5026/16/6
f 5025/15/6 5013/15/6 5026/15/6
f 5026/16/6 5014/16/6 5027/16/6
f 5015/15/6 5016/15/6 5028/15/6
f 5016/16/6 5017/16/6 5029/16/6
f 5028/15/6 5016/15/6 5029/15/6
f 5029/16/6 5017/16/6 5030/16/6
f 5018/15/6 5019/15/6 5031/15/6
f 5019/16/6 5020/16/6 5032/16/6
f 5031/15/6 5019/15/6 5032/15/6
f 5020/15/6 5021/15/6 5033/15/6
f 5032/16/6 5020/16/6 5033/16/6
f 5033/15/6 5021/15/6 5034/15/6
f 5026/15/6 5027/15/6 5035/15/6
f 5035/15/6 5027/15/6 5036/15/6
f 5028/16/6 5029/16/6 5037/16/6
f 5029/15/6 5030/15/6 5038/15/6
f 5037/16/6 5029/16/6 5038/16/6
f 5038/15/6 5030/15/6 5039/15/6
f 5031/16/6 5032/16/6 5040/16/6
f 5032/15/6 5033/15/6 5041/15/6
f 5040/16/6 5032/16/6 5041/16/6
f 5033/16/6 5034/16/6 5042/16/6
f 5041/15/6 5033/15/6 5042/15/6
f 5042/16/6 5034/16/6 5043/16/6
f 5035/16/6 5036/16/6 5044/16/6
f 5044/16/6 5036/16/6 5045/16/6
f 5037/15/6 5038/15/6 5046/15/6
f 5038/16/6 5039/16/6 5047/16/6
f 5046/15/6 5038/15/6 5047/15/6
f 5047/16/6 5039/16/6 5048/16/6
f 5040/15/6 5041/15/6 5049/15/6
f 5041/16/6 5042/16/6 5050/16/6
f 5049/15/6 5041/15/6 5050/15/6
f 5042/15/6 5043/15/6 5051/15/6
f 5050/16/6 5042/16/6 5051/16/6
f 5051/15/6 5043/15/6 5052/15/6
f 5044/15/6 5045/15/6 5053/15/6
f 5053/15/6 5045/15/6 5054/15/6
f 5046/16/6 5047/16/6 5055/16/6
f 5047/15/6 5048/15/6 5056/15/6
f 5055/16/6 5047/16/6 5056/16/6
f 5056/15/6 5048/15/6 5057/15/6
f 5049/16/6 5050/16/6 5058/16/6
f 5050/15/6 5051/15/6 5059/15/6
f 5058/16/6 5050/16/6 5059/16/6
f 5051/16/6 5052/16/6 5060/16/6
f 5059/15/6 5051/15/6 5060/15/6
f 5060/16/6 5052/16/6 5061/16/6
f 5053/16/6 5054/16/6 5066/16/6
f 5066/16/6 5054/16/6 5067/16/6
f 5055/15/6 5056/15/6 5068/15/6
f 5056/16/6 5057/16/6 5069/16/6
f 5068/15/6 5056/15/6 5069/15/6
f 5069/16/6 5057/16/6 5070/16/6
f 5058/15/6 5059/15/6 5072/15/6
f 5059/16/6 5060/16/6 5073/16/6
f 5072/15/6 5059/15/6 5073/15/6
f 5060/15/6 5061/15/6 5074/15/6
f 5073/16/6 5060/16/6 5074/16/6
f 5061/16/6 5062/16/6 5075/16/6
f 5074/15/6 5061/15/6 5075/15/6
f 5062/15/6 5063/15/6 5076/15/6
f 5075/16/6 5062/16/6 5076/16/6
f 5076/15/6 5063/15/6 5077/15/6
f 5064/15/6 5065/15/6 5078/15/6
f 5065/16/6 5066/16/6 5079/16/6
f 5078/15/6 5065/15/6 5079/15/6
f 5066/15/6 5067/15/6 5080/15/6
f 5079/16/6 5066/16/6 5080/16/6
f 5080/15/6 5067/15/6 5081/15/6
f 5068/16/6 5069/16/6 5082/16/6
f 5069/15/6 5070/15/6 5083/15/6
f 5082/16/6 5069/16/6 5083/16/6
f 5083/15/6 5070/15/6 5084/15/6
f 5071/15/6 5072/15/6 5085/15/6
f 5072/16/6 5073/16/6 5086/16/6
f 5085/15/6 5072/15/6 5086/15/6
f 5073/15/6 5074/15/6 5087/15/6
f 5086/16/6 5073/16/6 5087/16/6
f 5074/16/6 5075/16/6 5088/16/6
f 5087/15/6 5074/15/6 5088/15/6
f 5075/15/6 5076/15/6 5089/15/6
f 5088/16/6 5075/16/6 5089/16/6
f 5076/16/6 5077/16/6 5090/16/6
f 5089/15/6 5076/15/6 5090/15/6
f 5090/16/6 5077/16/6 5091/16/6
f 5078/16/6 5079/16/6 5096/16/6
f 5079/15/6 5080/15/6 5097/15/6
f 5096/16/6 5079/16/6 5097/16/6
f 5080/16/6 5081/16/6 5098/16/6
f 5097/15/6 5080/15/6 5098/15/6
f 5098/16/6 5081/16/6 5099/16/6
f 5082/15/6 5083/15/6 5100/15/6
f 5083/16/6 5084/16/6 5101/16/6
f 5100/15/6 5083/15/6 5101/15/6
f 5101/16/6 5084/16/6 5102/16/6
f 5085/16/6 5086/16/6 5103/16/6
f 5086/15/6 5087/15/6 5104/15/6
f 5103/16/6 5086/16/6 5104/16/6
f 5087/16/6 5088/16/6 5105/16/6
f 5104/15/6 5087/15/6 5105/15/6
f 5088/15/6 5089/15/6 5106/15/6
f 5105/16/6 5088/16/6 5106/16/6
f 5089/16/6 5090/16/6 5107/16/6
f 5106/15/6 5089/15/6 5107/15/6
f 5090/15/6 5091/15/6 5108/15/6
f 5107/16/6 5090/16/6 5108/16/6
f 5091/16/6 5092/16/6 5109/16/6
f 5108/15/6 5091/15/6 5109/15/6
f 5109/16/6 5092/16/6 5110/16/6
f 5093/16/6 5094/16/6 5111/16/6
f 5111/16/6 5094/16/6 5112/16/6
f 5095/16/6 5096/16/6 5113/16/6
f 5096/15/6 5097/15/6 5114/15/6
f 5113/16/6 5096/16/6 5114/16/6
f 5097/16/6 5098/16/6 5115/16/6
f 5114/15/6 5097/15/6 5115/15/6
f 5098/15/6 5099/15/6 5116/15/6
f 5115/16/6 5098/16/6 5116/16/6
f 5116/15/6 5099/15/6 5117/15/6
f 5100/16/6 5101/16/6 5118/16/6
f 5101/15/6 5102/15/6 5119/15/6
f 5118/16/6 5101/16/6 5119/16/6
f 5119/15/6 5102/15/6 5120/15/6
f 5104/16/6 5105/16/6 5121/16/6
f 5105/15/6 5106/15/6 5122/15/6
f 5121/16/6 5105/16/6 5122/16/6
f 5106/16/6 5107/16/6 5123/16/6
f 5122/15/6 5106/15/6 5123/15/6
f 5107/15/6 5108/15/6 5124/15/6
f 5123/16/6 5107/16/6 5124/16/6
f 5108/16/6 5109/16/6 5125/16/6
f 5124/15/6 5108/15/6 5125/15/6
f 5109/15/6 5110/15/6 5126/15/6
f 5125/16/6 5109/16/6 5126/16/6
f 5126/15/6 5110/15/6 5127/15/6
f 5111/15/6 5112/15/6 5130/15/6
f 5130/15/6 5112/15/6 5131/15/6
f 5113/15/6 5114/15/6 5134/15/6
f 5114/16/6 5115/16/6 5135/16/6
f 5134/15/6 5114/15/6 5135/15/6
f 5115/15/6 5116/15/6 5136/15/6
f 5135/16/6 5115/16/6 5136/16/6
f 5116/16/6 5117/16/6 5137/16/6
f 5136/15/6 5116/15/6 5137/15/6
f 5137/16/6 5117/16/6 5138/16/6
f 5118/15/6 5119/15/6 5139/15/6
f 5119/16/6 5120/16/6 5140/16/6
f 5139/15/6 5119/15/6 5140/15/6
f 5140/16/6 5120/16/6 5141/16/6
f 5121/15/6 5122/15/6 5142/15/6
f 5122/16/6 5123/16/6 5143/16/6
f 5142/15/6 5122/15/6 5143/15/6
f 5123/15/6 5124/15/6 5144/15/6
f 5143/16/6 5123/16/6 5144/16/6
f 5124/16/6 5125/16/6 5145/16/6
f 5144/15/6 5124/15/6 5145/15/6
f 5125/15/6 5126/15/6 5146/15/6
f 5145/16/6 5125/16/6 5146/16/6
f 5126/16/6 5127/16/6 5147/16/6
f 5146/15/6 5126/15/6 5147/15/6
f 5127/15/6 5128/15/6 5148/15/6
f 5147/16/6 5127/16/6 5148/16/6
f 5128/16/6 5129/16/6 5149/16/6
f 5148/15/6 5128/15/6 5149/15/6
f 5129/15/6 5130/15/6 5150/15/6
f 5149/16/6 5129/16/6 5150/16/6
f 5130/16/6 5131/16/6 5151/16/6
f 5150/15/6 5130/15/6 5151/15/6
f 5131/15/6 5132/15/6 5152/15/6
f 5151/16/6 5131/16/6 5152/16/6
f 5132/16/6 5133/16/6 5153/16/6
f 5152/15/6 5132/15/6 5153/15/6
f 5133/15/6 5134/15/6 5154/15/6
f 5153/16/6 5133/16/6 5154/16/6
f 5134/16/6 5135/16/6 5155/16/6
f 5154/15/6 5134/15/6 5155/15/6
f 5135/15/6 5136/15/6 5156/15/6
f 5155/16/6 5135/16/6 5156/16/6
f 5136/16/6 5137/16/6 5157/16/6
f 5156/15/6 5136/15/6 5157/15/6
f 5137/15/6 5138/15/6 5158/15/6
f 5157/16/6 5137/16/6 5158/16/6
f 5158/15/6 5138/15/6 5159/15/6
f 5139/16/6 5140/16/6 5160/16/6
f 5140/15/6 5141/15/6 5161/15/6
f 5160/16/6 5140/16/6 5161/16/6
f 5161/15/6 5141/15/6 5162/15/6
f 5142/16/6 5143/16/6 5163/16/6
f 5143/15/6 5144/15/6 5164/15/6
f 5163/16/6 5143/16/6 5164/16/6
f 5144/16/6 5145/16/6 5165/16/6
f 5164/15/6 5144/15/6 5165/15/6
f 5145/15/6 5146/15/6 5166/15/6
f 5165/16/6 5145/16/6 5166/16/6
f 5146/16/6 5147/16/6 5167/16/6
f 5166/15/6 5146/15/6 5167/15/6
f 5147/15/6 5148/15/6 5168/15/6
f 5167/16/6 5147/16/6 5168/16/6
f 5148/16/6 5149/16/6 5169/16/6
f 5168/15/6 5148/15/6 5169/15/6
f 5149/15/6 5150/15/6 5170/15/6
f 5169/16/6 5149/16/6 5170/16/6
f 5150/16/6 5151/16/6 5171/16/6
f 5170/15/6 5150/15/6 5171/15/6
f 5151/15/6 5152/15/6 5172/15/6
f 5171/16/6 5151/16/6 5172/16/6
f 5152/16/6 5153/16/6 5173/16/6
f 5172/15/6 5152/15/6 5173/15/6
f 5153/15/6 5154/15/6 5174/15/6
f 5173/16/6 5153/16/6 5174/16/6
f 5154/16/6 5155/16/6 5175/16/6
f 5174/15/6 5154/15/6 5175/15/6
f 5155/15/6 5156/15/6 5176/15/6
f 5175/16/6 5155/16/6 5176/16/6
f 5156/16/6 5157/16/6 5177/16/6
f 5176/15/6 5156/15/6 5177/15/6
f 5157/15/6 5158/15/6 5178/15/6
f 5177/16/6 5157/16/6 5178/16/6
f 5158/16/6 5159/16/6 5179/16/6
f 5178/15/6 5158/15/6 5179/15/6
f 5179/16/6 5159/16/6 5180/16/6
f 5160/15/6 5161/15/6 5181/15/6
f 5161/16/6 5162/16/6 5182/16/6
f 5181/15/6 5161/15/6 5182/15/6
f 5182/16/6 5162/16/6 5183/16/6
f 5163/15/6 5164/15/6 5184/15/6
f 5164/16/6 5165/16/6 5185/16/6
f 5184/15/6 5164/15/6 5185/15/6
f 5165/15/6 5166/15/6 5186/15/6
f 5185/16/6 5165/16/6 5186/16/6
f 5166/16/6 5167/16/6 5187/16/6
f 5186/15/6 5166/15/6 5187/15/6
f 5167/15/6 5168/15/6 5188/15/6
f 5187/16/6 5167/16/6 5188/16/6
f 5168/16/6 5169/16/6 5189/16/6
f 5188/15/6 5168/15/6 5189/15/6
f 5169/15/6 5170/15/6 5190/15/6
f 5189/16/6 5169/16/6 5190/16/6
f 5170/16/6 5171/16/6 5191/16/6
f 5190/15/6 5170/15/6 5191/15/6
f 5171/15/6 5172/15/6 5192/15/6
f 5191/16/6 5171/16/6 5192/16/6
f 5172/16/6 5173/16/6 5193/16/6
f 5192/15/6 5172/15/6 5193/15/6
f 5173/15/6 5174/15/6 5194/15/6
f 5193/16/6 5173/16/6 5194/16/6
f 5174/16/6 5175/16/6 5195/16/6
f 5194/15/6 5174/15/6 5195/15/6
f 5175/15/6 5176/15/6 5196/15/6
f 5195/16/6 5175/16/6 5196/16/6
f 5176/16/6 5177/16/6 5197/16/6
f 5196/15/6 5176/15/6 5197/15/6
f 5177/15/6 5178/15/6 5198/15/6
f 5197/16/6 5177/16/6 5198/16/6
f 5178/16/6 5179/16/6 5199/16/6
f 5198/15/6 5178/15/6 5199/15/6
f 5179/15/6 5180/15/6 5200/15/6
f 5199/16/6 5179/16/6 5200/16/6
f 5200/15/6 5180/15/6 5201/15/6
f 5181/16/6 5182/16/6 5202/16/6
f 5182/15/6 5183/15/6 5203/15/6
f 5202/16/6 5182/16/6 5203/16/6
f 5203/15/6 5183/15/6 5204/15/6
f 5184/16/6 5185/16/6 5205/16/6
f 5185/15/6 5186/15/6 5206/15/6
f 5205/16/6 5185/16/6 5206/16/6
f 5186/16/6 5187/16/6 5207/16/6
f 5206/15/6 5186/15/6 5207/15/6
f 5187/15/6 5188/15/6 5208/15/6
f 5207/16/6 5187/16/6 5208/16/6
f 5188/16/6 5189/16/6 5209/16/6
f 5208/15/6 5188/15/6 5209/15/6
f 5189/15/6 5190/15/6 5210/15/6
f 5209/16/6 5189/16/6 5210/16/6
f 5190/16/6 5191/16/6 5211/16/6
f 5210/15/6 5190/15/6 5211/15/6
f 5191/15/6 5192/15/6 5212/15/6
f 5211/16/6 5191/16/6 5212/16/6
f 5192/16/6 5193/16/6 5213/16/6
f 5212/15/6 5192/15/6 5213/15/6
f 5193/15/6 5194/15/6 5214/15/6
f 5213/16/6 5193/16/6 5214/16/6
f 5194/16/6 5195/16/6 5215/16/6
f 5214/15/6 5194/15/6 5215/15/6
f 5195/15/6 5196/15/6 5216/15/6
f 5215/16/6 5195/16/6 5216/16/6
f 5196/16/6 5197/16/6 5217/16/6
f 5216/15/6 5196/15/6 5217/15/6
f 5197/15/6 5198/15/6 5218/15/6
f 5217/16/6 5197/16/6 5218/16/6
f 5198/16/6 5199/16/6 5219/16/6
f 5218/15/6 5198/15/6 5219/15/6
f 5199/15/6 5200/15/6 5220/15/6
f 5219/16/6 5199/16/6 5220/16/6
f 5200/16/6 5201/16/6 5221/16/6
f 5220/15/6 5200/15/6 5221/15/6
f 5221/16/6 5201/16/6 5222/16/6
f 5202/15/6 5203/15/6 5223/15/6
f 5203/16/6 5204/16/6 5224/16/6
f 5223/15/6 5203/15/6 5224/15/6
f 5224/16/6 5204/16/6 5225/16/6
f 5205/15/6 5206/15/6 5226/15/6
f 5206/16/6 5207/16/6 5227/16/6
f 5226/15/6 5206/15/6 5227/15/6
f 5207/15/6 5208/15/6 5228/15/6
f 5227/16/6 5207/16/6 5228/16/6
f 5208/16/6 5209/16/6 5229/16/6
f 5228/15/6 5208/15/6 5229/15/6
f 5209/15/6 5210/15/6 5230/15/6
f 5229/16/6 5209/16/6 5230/16/6
f 5210/16/6 5211/16/6 5231/16/6
f 5230/15/6 5210/15/6 5231/15/6
f 5211/15/6 5212/15/6 5232/15/6
f 5231/16/6 5211/16/6 5232/16/6
f 5212/16/6 5213/16/6 5233/16/6
f 5232/15/6 5212/15/6 5233/15/6
f 5213/15/6 5214/15/6 5234/15/6
f 5233/16/6 5213/16/6 5234/16/6
f 5214/16/6 5215/16/6 5235/16/6
f 5234/15/6 5214/15/6 5235/15/6
f 5215/15/6 5216/15/6 5236/15/6
f 5235/16/6 5215/16/6 5236/16/6
f 5216/16/6 5217/16/6 5237/16/6
f 5236/15/6 5216/15/6 5237/15/6
f 5217/15/6 5218/15/6 5238/15/6
f 5237/16/6 5217/16/6 5238/16/6
f 5218/16/6 5219/16/6 5239/16/6
f 5238/15/6 5218/15/6 5239/15/6
f 5219/15/6 5220/15/6 5240/15/6
f 5239/16/6 5219/16/6 5240/16/6
f 5220/16/6 5221/16/6 5241/16/6
f 5240/15/6 5220/15/6 5241/15/6
f 5221/15/6 5222/15/6 5242/15/6
f 5241/16/6 5221/16/6 5242/16/6
f 5242/15/6 5222/15/6 5243/15/6
f 5223/16/6 5224/16/6 5244/16/6
f 5224/15/6 5225/15/6 5245/15/6
f 5244/16/6 5224/16/6 5245/16/6
f 5245/15/6 5225/15/6 5246/15/6
f 5226/16/6 5227/16/6 5247/16/6
f 5227/15/6 5228/15/6 5248/15/6
f 5247/16/6 5227/16/6 5248/16/6
f 5228/16/6 5229/16/6 5249/16/6
f 5248/15/6 5228/15/6 5249/15/6
f 5229/15/6 5230/15/6 5250/15/6
f 5249/16/6 5229/16/6 5250/16/6
f 5230/16/6 5231/16/6 5251/16/6
f 5250/15/6 5230/15/6 5251/15/6
f 5231/15/6 5232/15/6 5252/15/6
f 5251/16/6 5231/16/6 5252/16/6
f 5232/16/6 5233/16/6 5253/16/6
f 5252/15/6 5232/15/6 5253/15/6
f 5233/15/6 5234/15/6 5254/15/6
f 5253/16/6 5233/16/6 5254/16/6
f 5234/16/6 5235/16/6 5255/16/6
f 5254/15/6 5234/15/6 5255/15/6
f 5235/15/6 5236/15/6 5256/15/6
f 5255/16/6 5235/16/6 5256/16/6
f 5236/16/6 5237/16/6 5257/16/6
f 5256/15/6 5236/15/6 5257/15/6
f 5237/15/6 5238/15/6 5258/15/6
f 5257/16/6 5237/16/6 5258/16/6
f 5238/16/6 5239/16/6 5259/16/6
f 5258/15/6 5238/15/6 5259/15/6
f 5239/15/6 5240/15/6 5260/15/6
f 5259/16/6 5239/16/6 5260/16/6
f 5240/16/6 5241/16/6 5261/16/6
f 5260/15/6 5240/15/6 5261/15/6
f 5241/15/6 5242/15/6 5262/15/6
f 5261/16/6 5241/16/6 5262/16/6
f 5242/16/6 5243/16/6 5263/16/6
f 5262/15/6 5242/15/6 5263/15/6
f 5263/16/6 5243/16/6 5264/16/6
f 5244/15/6 5245/15/6 5265/15/6
f 5245/16/6 5246/16/6 5266/16/6
f 5265/15/6 5245/15/6 5266/15/6
f 5266/16/6 5246/16/6 5267/16/6
f 5247/15/6 5248/15/6 5268/15/6
f 5248/16/6 5249/16/6 5269/16/6
f 5268/15/6 5248/15/6 5269/15/6
f 5249/15/6 5250/15/6 5270/15/6
f 5269/16/6 5249/16/6 5270/16/6
f 5250/16/6 5251/16/6 5271/16/6
f 5270/15/6 5250/15/6 5271/15/6
f 5251/15/6 5252/15/6 5272/15/6
f 5271/16/6 5251/16/6 5272/16/6
f 5252/16/6 5253/16/6 5273/16/6
f 5272/15/6 5252/15/6 5273/15/6
f 5253/15/6 5254/15/6 5274/15/6
f 5273/16/6 5253/16/6 5274/16/6
f 5254/16/6 5255/16/6 5275/16/6
f 5274/15/6 5254/15/6 5275/15/6
f 5255/15/6 5256/15/6 5276/15/6
f 5275/16/6 5255/16/6 5276/16/6
f 5256/16/6 5257/16/6 5277/16/6
f 5276/15/6 5256/15/6 5277/15/6
f 5257/15/6 5258/15/6 5278/15/6
f 5277/16/6 5257/16/6 5278/16/6
f 5258/16/6 5259/16/6 5279/16/6
f 5278/15/6 5258/15/6 5279/15/6
f 5259/15/6 5260/15/6 5280/15/6
f 5279/16/6 5259/16/6 5280/16/6
f 5260/16/6 5261/16/6 5281/16/6
f 5280/15/6 5260/15/6 5281/15/6
f 5261/15/6 5262/15/6 5282/15/6
f 5281/16/6 5261/16/6 5282/16/6
f 5262/16/6 5263/16/6 5283/16/6
f 5282/15/6 5262/15/6 5283/15/6
f 5263/15/6 5264/15/6 5284/15/6
f 5283/16/6 5263/16/6 5284/16/6
f 5284/15/6 5264/15/6 5285/15/6
f 5265/16/6 5266/16/6 5286/16/6
f 5266/15/6 5267/15/6 5287/15/6
f 5286/16/6 5266/16/6 5287/16/6
f 5287/15/6 5267/15/6 5288/15/6
f 5268/16/6 5269/16/6 5289/16/6
f 5269/15/6 5270/15/6 5290/15/6
f 5289/16/6 5269/16/6 5290/16/6
f 5270/16/6 5271/16/6 5291/16/6
f 5290/15/6 5270/15/6 5291/15/6
f 5271/15/6 5272/15/6 5292/15/6
f 5291/16/6 5271/16/6 5292/16/6
f 5272/16/6 5273/16/6 5293/16/6
f 5292/15/6 5272/15/6 5293/15/6
f 5273/15/6 5274/15/6 5294/15/6
f 5293/16/6 5273/16/6 5294/16/6
f 5274/16/6 5275/16/6 5295/16/6
f 5294/15/6 5274/15/6 5295/15/6
f 5275/15/6 5276/15/6 5296/15/6
f 5295/16/6 5275/16/6 5296/16/6
f 5276/16/6 5277/16/6 5297/16/6
f 5296/15/6 5276/15/6 5297/15/6
f 5277/15/6 5278/15/6 5298/15/6
f 5297/16/6 5277/16/6 5298/16/6
f 5278/16/6 5279/16/6 5299/16/6
f 5298/15/6 5278/15/6 5299/15/6
f 5279/15/6 5280/15/6 5300/15/6
f 5299/16/6 5279/16/6 5300/16/6
f 5280/16/6 5281/16/6 5301/16/6
f 5300/15/6 5280/15/6 5301/15/6
f 5281/15/6 5282/15/6 5302/15/6
f 5301/16/6 5281/16/6 5302/16/6
f 5282/16/6 5283/16/6 5303/16/6
f 5302/15/6 5282/15/6 5303/15/6
f 5283/15/6 5284/15/6 5304/15/6
f 5303/16/6 5283/16/6 5304/16/6
f 5284/16/6 5285/16/6 5305/16/6
f 5304/15/6 5284/15/6 5305/15/6
f 5305/16/6 5285/16/6 5306/16/6
f 5286/15/6 5287/15/6 5307/15/6
f 5287/16/6 5288/16/6 5308/16/6
f 5307/15/6 5287/15/6 5308/15/6
f 5308/16/6 5288/16/6 5309/16/6
f 5289/15/6 5290/15/6 5310/15/6
f 5290/16/6 5291/16/6 5311/16/6
f 5310/15/6 5290/15/6 5311/15/6
f 5291/15/6 5292/15/6 5312/15/6
f 5311/16/6 5291/16/6 5312/16/6
f 5292/16/6 5293/16/6 5313/16/6
f 5312/15/6 5292/15/6 5313/15/6
f 5293/15/6 5294/15/6 5314/15/6
f 5313/16/6 5293/16/6 5314/16/6
f 5294/16/6 5295/16/6 5315/16/6
f 5314/15/6 5294/15/6 5315/15/6
f 5295/15/6 5296/15/6 5316/15/6
f 5315/16/6 5295/16/6 5316/16/6
f 5296/16/6 5297/16/6 5317/16/6
f 5316/15/6 5296/15/6 5317/15/6
f 5297/15/6 5298/15/6 5318/15/6
f 5317/16/6 5297/16/6 5318/16/6
f 5298/16/6 5299/16/6 5319/16/6
f 5318/15/6 5298/15/6 5319/15/6
f 5299/15/6 5300/15/6 5320/15/6
f 5319/16/6 5299/16/6 5320/16/6
f 5300/16/6 5301/16/6 5321/16/6
f 5320/15/6 5300/15/6 5321/15/6
f 5301/15/6 5302/15/6 5322/15/6
f 5321/16/6 5301/16/6 5322/16/6
f 5302/16/6 5303/16/6 5323/16/6
f 5322/15/6 5302/15/6 5323/15/6
f 5303/15/6 5304/15/6 5324/15/6
f 5323/16/6 5303/16/6 5324/16/6
f 5304/16/6 5305/16/6 5325/16/6
f 5324/15/6 5304/15/6 5325/15/6
f 5305/15/6 5306/15/6 5326/15/6
f 5325/16/6 5305/16/6 5326/16/6
f 5326/15/6 5306/15/6 5327/15/6
f 5307/16/6 5308/16/6 5328/16/6
f 5308/15/6 5309/15/6 5329/15/6
f 5328/16/6 5308/16/6 5329/16/6
f 5329/15/6 5309/15/6 5330/15/6
f 5310/16/6 5311/16/6 5331/16/6
f 5311/15/6 5312/15/6 5332/15/6
f 5331/16/6 5311/16/6 5332/16/6
f 5312/16/6 5313/16/6 5333/16/6
f 5332/15/6 5312/15/6 5333/15/6
f 5313/15/6 5314/15/6 5334/15/6
f 5333/16/6 5313/16/6 5334/16/6
f 5314/16/6 5315/16/6 5335/16/6
f 5334/15/6 5314/15/6 5335/15/6
f 5315/15/6 5316/15/6 5336/15/6
f 5335/16/6 5315/16/6 5336/16/6
f 5316/16/6 5317/16/6 5337/16/6
f 5336/15/6 5316/15/6 5337/15/6
f 5317/15/6 5318/15/6 5338/15/6
f 5337/16/6 5317/16/6 5338/16/6
f 5318/16/6 5319/16/6 5339/16/6
f 5338/15/6 5318/15/6 5339/15/6
f 5319/15/6 5320/15/6 5340/15/6
f 5339/16/6 5319/16/6 5340/16/6
f 5320/16/6 5321/16/6 5341/16/6
f 5340/15/6 5320/15/6 5341/15/6
f 5321/15/6 5322/15/6 5342/15/6
f 5341/16/6 5321/16/6 5342/16/6
f 5322/16/6 5323/16/6 5343/16/6
f 5342/15/6 5322/15/6 5343/15/6
f 5323/15/6 5324/15/6 5344/15/6
f 5343/16/6 5323/16/6 5344/16/6
f 5324/16/6 5325/16/6 5345/16/6
f 5344/15/6 5324/15/6 5345/15/6
f 5325/15/6 5326/15/6 5346/15/6
f 5345/16/6 5325/16/6 5346/16/6
f 5326/16/6 5327/16/6 5347/16/6
f 5346/15/6 5326/15/6 5347/15/6
f 5347/16/6 5327/16/6 5348/16/6
f 5328/15/6 5329/15/6 5349/15/6
f 5329/16/6 5330/16/6 5350/16/6
f 5349/15/6 5329/15/6 5350/15/6
f 5350/16/6 5330/16/6 5351/16/6
f 5331/15/6 5332/15/6 5352/15/6
f 5332/16/6 5333/16/6 5353/16/6
f 5352/15/6 5332/15/6 5353/15/6
f 5333/15/6 5334/15/6 5354/15/6
f 5353/16/6 5333/16/6 5354/16/6
f 5334/16/6 5335/16/6 5355/16/6
f 5354/15/6 5334/15/6 5355/15/6
f 5335/15/6 5336/15/6 5356/15/6
f 5355/16/6 5335/16/6 5356/16/6
f 5336/16/6 5337/16/6 5357/16/6
f 5356/15/6 5336/15/6 5357/15/6
f 5357/16/6 5337/16/6 5358/16/6
f 5338/16/6 5339/16/6 5359/16/6
f 5339/15/6 5340/15/6 5360/15/6
f 5359/16/6 5339/16/6 5360/16/6
f 5340/16/6 5341/16/6 5361/16/6
f 5360/15/6 5340/15/6 5361/15/6
f 5341/15/6 5342/15/6 5362/15/6
f 5361/16/6 5341/16/6 5362/16/6
f 5342/16/6 5343/16/6 5363/16/6
f 5362/15/6 5342/15/6 5363/15/6
f 5343/15/6 5344/15/6 5364/15/6
f 5363/16/6 5343/16/6 5364/16/6
f 5344/16/6 5345/16/6 5365/16/6
f 5364/15/6 5344/15/6 5365/15/6
f 5345/15/6 5346/15/6 5366/15/6
f 5365/16/6 5345/16/6 5366/16/6
f 5346/16/6 5347/16/6 5367/16/6
f 5366/15/6 5346/15/6 5367/15/6
f 5347/15/6 5348/15/6 5368/15/6
f 5367/16/6 5347/16/6 5368/16/6
f 5368/15/6 5348/15/6 5369/15/6
f 5349/16/6 5350/16/6 5370/16/6
f 5350/15/6 5351/15/6 5371/15/6
f 5370/16/6 5350/16/6 5371/16/6
f 5371/15/6 5351/15/6 5372/15/6
f 5352/16/6 5353/16/6 5373/16/6
f 5353/15/6 5354/15/6 5374/15/6
f 5373/16/6 5353/16/6 5374/16/6
f 5354/16/6 5355/16/6 5375/16/6
f 5374/15/6 5354/15/6 5375/15/6
f 5375/16/6 5355/16/6 5376/16/6
f 5367/15/6 5368/15/6 5377/15/6
f 5368/16/6 5369/16/6 5378/16/6
f 5377/15/6 5368/15/6 5378/15/6
f 5378/16/6 5369/16/6 5379/16/6
f 5370/15/6 5371/15/6 5380/15/6
f 5371/16/6 5372/16/6 5381/16/6
f 5380/15/6 5371/15/6 5381/15/6
f 5381/16/6 5372/16/6 5382/16/6
f 5373/15/6 5374/15/6 5383/15/6
f 5374/16/6 5375/16/6 5384/16/6
f 5383/15/6 5374/15/6 5384/15/6
f 5375/15/6 5376/15/6 5385/15/6
f 5384/16/6 5375/16/6 5385/16/6
f 5385/15/6 5376/15/6 5386/15/6
f 5377/16/6 5378/16/6 5388/16/6
f 5378/15/6 5379/15/6 5389/15/6
f 5388/16/6 5378/16/6 5389/16/6
f 5389/15/6 5379/15/6 5390/15/6
f 5380/16/6 5381/16/6 5391/16/6
f 5381/15/6 5382/15/6 5392/15/6
f 5391/16/6 5381/16/6 5392/16/6
f 5392/15/6 5382/15/6 5393/15/6
f 5383/16/6 5384/16/6 5394/16/6
f 5384/15/6 5385/15/6 5395/15/6
f 5394/16/6 5384/16/6 5395/16/6
f 5385/16/6 5386/16/6 5396/16/6
f 5395/15/6 5385/15/6 5396/15/6
f 5386/15/6 5387/15/6 5397/15/6
f 5396/16/6 5386/16/6 5397/16/6
f 5397/15/6 5387/15/6 5398/15/6
f 5388/15/6 5389/15/6 5399/15/6
f 5389/16/6 5390/16/6 5400/16/6
f 5399/15/6 5389/15/6 5400/15/6
f 5400/16/6 5390/16/6 5401/16/6
f 5391/15/6 5392/15/6 5402/15/6
f 5392/16/6 5393/16/6 5403/16/6
f 5402/15/6 5392/15/6 5403/15/6
f 5403/16/6 5393/16/6 5404/16/6
f 5394/15/6 5395/15/6 5410/15/6
f 5395/16/6 5396/16/6 5411/16/6
f 5410/15/6 5395/15/6 5411/15/6
f 5396/15/6 5397/15/6 5412/15/6
f 5411/16/6 5396/16/6 5412/16/6
f 5412/15/6 5397/15/6 5413/15/6
f 5399/16/6 5400/16/6 5414/16/6
f 5400/15/6 5401/15/6 5415/15/6
f 5414/16/6 5400/16/6 5415/16/6
f 5415/15/6 5401/15/6 5416/15/6
f 5402/16/6 5403/16/6 5417/16/6
f 5403/15/6 5404/15/6 5418/15/6
f 5417/16/6 5403/16/6 5418/16/6
f 5418/15/6 5404/15/6 5419/15/6
f 5405/7/6 5406/7/6 5420/7/6
f 5406/2/6 5407/2/6 5421/2/6
f 5420/7/6 5406/7/6 5421/7/6
f 5407/7/6 5408/7/6 5422/7/6
f 5421/2/6 5407/2/6 5422/2/6
f 5408/2/6 5409/2/6 5423/2/6
f 5422/7/6 5408/7/6 5423/7/6
f 5423/2/6 5409/2/6 5424/2/6
f 5410/16/6 5411/16/6 5425/16/6
f 5411/15/6 5412/15/6 5426/15/6
f 5425/16/6 5411/16/6 5426/16/6
f 5412/16/6 5413/16/6 5427/16/6
f 5426/15/6 5412/15/6 5427/15/6
f 5427/16/6 5413/16/6 5428/16/6
f 5414/15/6 5415/15/6 5429/15/6
f 5415/16/6 5416/16/6 5430/16/6
f 5429/15/6 5415/15/6 5430/15/6
f 5430/16/6 5416/16/6 5431/16/6
f 5417/15/6 5418/15/6 5432/15/6
f 5418/16/6 5419/16/6 5433/16/6
f 5432/15/6 5418/15/6 5433/15/6
f 5433/16/6 5419/16/6 5434/16/6
f 5420/2/6 5421/2/6 5435/2/6
f 5421/7/6 5422/7/6 5436/7/6
f 5435/2/6 5421/2/6 5436/2/6
f 5422/2/6 5423/2/6 5437/2/6
f 5436/7/6 5422/7/6 5437/7/6
f 5423/7/6 5424/7/6 5438/7/6
f 5437/2/6 5423/2/6 5438/2/6
f 5438/7/6 5424/7/6 5439/7/6
f 5425/15/6 5426/15/6 5440/15/6
f 5426/16/6 5427/16/6 5441/16/6
f 5440/15/6 5426/15/6 5441/15/6
f 5427/15/6 5428/15/6 5442/15/6
f 5441/16/6 5427/16/6 5442/16/6
f 5442/15/6 5428/15/6 5443/15/6
f 5429/16/6 5430/16/6 5444/16/6
f 5430/15/6 5431/15/6 5445/15/6
f 5444/16/6 5430/16/6 5445/16/6
f 5445/15/6 5431/15/6 5446/15/6
f 5432/16/6 5433/16/6 5447/16/6
f 5433/15/6 5434/15/6 5448/15/6
f 5447/16/6 5433/16/6 5448/16/6
f 5448/15/6 5434/15/6 5449/15/6
f 5435/7/6 5436/7/6 5450/7/6
f 5436/2/6 5437/2/6 5451/2/6
f 5450/7/6 5436/7/6 5451/7/6
f 5437/7/6 5438/7/6 5452/7/6
f 5451/2/6 5437/2/6 5452/2/6
f 5438/2/6 5439/2/6 5453/2/6
f 5452/7/6 5438/7/6 5453/7/6
f 5453/2/6 5439/2/6 5454/2/6
f 5440/16/6 5441/16/6 5455/16/6
f 5441/15/6 5442/15/6 5456/15/6
f 5455/16/6 5441/16/6 5456/16/6
f 5442/16/6 5443/16/6 5457/16/6
f 5456/15/6 5442/15/6 5457/15/6
f 5457/16/6 5443/16/6 5458/16/6
f 5444/15/6 5445/15/6 5470/15/6
f 5445/16/6 5446/16/6 5471/16/6
f 5470/15/6 5445/15/6 5471/15/6
f 5471/16/6 5446/16/6 5472/16/6
f 5447/15/6 5448/15/6 5473/15/6
f 5448/16/6 5449/16/6 5474/16/6
f 5473/15/6 5448/15/6 5474/15/6
f 5474/16/6 5449/16/6 5475/16/6
f 5450/2/6 5451/2/6 5476/2/6
f 5451/7/6 5452/7/6 5477/7/6
f 5476/2/6 5451/2/6 5477/2/6
f 5452/2/6 5453/2/6 5478/2/6
f 5477/7/6 5452/7/6 5478/7/6
f 5453/7/6 5454/7/6 5479/7/6
f 5478/2/6 5453/2/6 5479/2/6
f 5479/7/6 5454/7/6 5480/7/6
f 5455/15/6 5456/15/6 5481/15/6
f 5456/16/6 5457/16/6 5482/16/6
f 5481/15/6 5456/15/6 5482/15/6
f 5457/15/6 5458/15/6 5483/15/6
f 5482/16/6 5457/16/6 5483/16/6
f 5458/16/6 5459/16/6 5484/16/6
f 5483/15/6 5458/15/6 5484/15/6
f 5459/15/6 5460/15/6 5485/15/6
f 5484/16/6 5459/16/6 5485/16/6
f 5460/16/6 5461/16/6 5486/16/6
f 5485/15/6 5460/15/6 5486/15/6
f 5461/15/6 5462/15/6 5487/15/6
f 5486/16/6 5461/16/6 5487/16/6
f 5462/16/6 5463/16/6 5488/16/6
f 5487/15/6 5462/15/6 5488/15/6
f 5463/15/6 5464/15/6 5489/15/6
f 5488/16/6 5463/16/6 5489/16/6
f 5464/16/6 5465/16/6 5490/16/6
f 5489/15/6 5464/15/6 5490/15/6
f 5465/15/6 5466/15/6 5491/15/6
f 5490/16/6 5465/16/6 5491/16/6
f 5466/16/6 5467/16/6 5492/16/6
f 5491/15/6 5466/15/6 5492/15/6
f 5467/15/6 5468/15/6 5493/15/6
f 5492/16/6 5467/16/6 5493/16/6
f 5468/16/6 5469/16/6 5494/16/6
f 5493/15/6 5468/15/6 5494/15/6
f 5469/15/6 5470/15/6 5495/15/6
f 5494/16/6 5469/16/6 5495/16/6
f 5470/16/6 5471/16/6 5496/16/6
f 5495/15/6 5470/15/6 5496/15/6
f 5471/15/6 5472/15/6 5497/15/6
f 5496/16/6 5471/16/6 5497/16/6
f 5497/15/6 5472/15/6 5498/15/6
f 5473/16/6 5474/16/6 5499/16/6
f 5474/15/6 5475/15/6 5500/15/6
f 5499/16/6 5474/16/6 5500/16/6
f 5500/15/6 5475/15/6 5501/15/6
f 5476/7/6 5477/7/6 5514/7/6
f 5477/2/6 5478/2/6 5515/2/6
f 5514/7/6 5477/7/6 5515/7/6
f 5478/7/6 5479/7/6 5516/7/6
f 5515/2/6 5478/2/6 5516/2/6
f 5479/2/6 5480/2/6 5517/2/6
f 5516/7/6 5479/7/6 5517/7/6
f 5517/2/6 5480/2/6 5518/2/6
f 5481/16/6 5482/16/6 5523/16/6
f 5482/15/6 5483/15/6 5524/15/6
f 5523/16/6 5482/16/6 5524/16/6
f 5483/16/6 5484/16/6 5525/16/6
f 5524/15/6 5483/15/6 5525/15/6
f 5484/15/6 5485/15/6 5526/15/6
f 5525/16/6 5484/16/6 5526/16/6
f 5485/16/6 5486/16/6 5527/16/6
f 5526/15/6 5485/15/6 5527/15/6
f 5486/15/6 5487/15/6 5528/15/6
f 5527/16/6 5486/16/6 5528/16/6
f 5487/16/6 5488/16/6 5529/16/6
f 5528/15/6 5487/15/6 5529/15/6
f 5488/15/6 5489/15/6 5530/15/6
f 5529/16/6 5488/16/6 5530/16/6
f 5489/16/6 5490/16/6 5531/16/6
f 5530/15/6 5489/15/6 5531/15/6
f 5490/15/6 5491/15/6 5532/15/6
f 5531/16/6 5490/16/6 5532/16/6
f 5491/16/6 5492/16/6 5533/16/6
f 5532/15/6 5491/15/6 5533/15/6
f 5492/15/6 5493/15/6 5534/15/6
f 5533/16/6 5492/16/6 5534/16/6
f 5493/16/6 5494/16/6 5535/16/6
f 5534/15/6 5493/15/6 5535/15/6
f 5494/15/6 5495/15/6 5536/15/6
f 5535/16/6 5494/16/6 5536/16/6
f 5495/16/6 5496/16/6 5537/16/6
f 5536/15/6 5495/15/6 5537/15/6
f 5496/15/6 5497/15/6 5538/15/6
f 5537/16/6 5496/16/6 5538/16/6
f 5497/16/6 5498/16/6 5539/16/6
f 5538/15/6 5497/15/6 5539/15/6
f 5539/16/6 5498/16/6 5540/16/6
f 5499/15/6 5500/15/6 5541/15/6
f 5500/16/6 5501/16/6 5542/16/6
f 5541/15/6 5500/15/6 5542/15/6
f 5501/15/6 5502/15/6 5543/15/6
f 5542/16/6 5501/16/6 5543/16/6
f 5502/16/6 5503/16/6 5544/16/6
f 5543/15/6 5502/15/6 5544/15/6
f 5503/15/6 5504/15/6 5545/15/6
f 5544/16/6 5503/16/6 5545/16/6
f 5504/16/6 5505/16/6 5546/16/6
f 5545/15/6 5504/15/6 5546/15/6
f 5505/15/6 5506/15/6 5547/15/6
f 5546/16/6 5505/16/6 5547/16/6
f 5506/16/6 5507/16/6 5548/16/6
f 5547/15/6 5506/15/6 5548/15/6
f 5507/15/6 5508/15/6 5549/15/6
f 5548/16/6 5507/16/6 5549/16/6
f 5508/16/6 5509/16/6 5550/16/6
f 5549/15/6 5508/15/6 5550/15/6
f 5509/15/6 5510/15/6 5551/15/6
f 5550/16/6 5509/16/6 5551/16/6
f 5510/16/6 5511/16/6 5552/16/6
f 5551/15/6 5510/15/6 5552/15/6
f 5511/15/6 5512/15/6 5553/15/6
f 5552/16/6 5511/16/6 5553/16/6
f 5553/15/6 5512/15/6 5554/15/6
f 5513/15/6 5514/15/6 5555/15/6
f 5514/16/6 5515/16/6 5556/16/6
f 5555/15/6 5514/15/6 5556/15/6
f 5515/15/6 5516/15/6 5557/15/6
f 5556/16/6 5515/16/6 5557/16/6
f 5516/16/6 5517/16/6 5558/16/6
f 5557/15/6 5516/15/6 5558/15/6
f 5517/15/6 5518/15/6 5559/15/6
f 5558/16/6 5517/16/6 5559/16/6
f 5518/16/6 5519/16/6 5560/16/6
f 5559/15/6 5518/15/6 5560/15/6
f 5519/15/6 5520/15/6 5561/15/6
f 5560/16/6 5519/16/6 5561/16/6
f 5520/16/6 5521/16/6 5562/16/6
f 5561/15/6 5520/15/6 5562/15/6
f 5521/15/6 5522/15/6 5563/15/6
f 5562/16/6 5521/16/6 5563/16/6
f 5522/16/6 5523/16/6 5564/16/6
f 5563/15/6 5522/15/6 5564/15/6
f 5523/15/6 5524/15/6 5565/15/6
f 5564/16/6 5523/16/6 5565/16/6
f 5524/16/6 5525/16/6 5566/16/6
f 5565/15/6 5524/15/6 5566/15/6
f 5525/15/6 5526/15/6 5567/15/6
f 5566/16/6 5525/16/6 5567/16/6
f 5567/15/6 5526/15/6 5568/15/6
f 5538/16/6 5539/16/6 5569/16/6
f 5539/15/6 5540/15/6 5570/15/6
f 5569/16/6 5539/16/6 5570/16/6
f 5570/15/6 5540/15/6 5571/15/6
f 5541/16/6 5542/16/6 5572/16/6
f 5542/15/6 5543/15/6 5573/15/6
f 5572/16/6 5542/16/6 5573/16/6
f 5543/16/6 5544/16/6 5574/16/6
f 5573/15/6 5543/15/6 5574/15/6
f 5544/15/6 5545/15/6 5575/15/6
f 5574/16/6 5544/16/6 5575/16/6
f 5545/16/6 5546/16/6 5576/16/6
f 5575/15/6 5545/15/6 5576/15/6
f 5546/15/6 5547/15/6 5577/15/6
f 5576/16/6 5546/16/6 5577/16/6
f 5547/16/6 5548/16/6 5578/16/6
f 5577/15/6 5547/15/6 5578/15/6
f 5548/15/6 5549/15/6 5579/15/6
f 5578/16/6 5548/16/6 5579/16/6
f 5549/16/6 5550/16/6 5580/16/6
f 5579/15/6 5549/15/6 5580/15/6
f 5550/15/6 5551/15/6 5581/15/6
f 5580/16/6 5550/16/6 5581/16/6
f 5551/16/6 5552/16/6 5582/16/6
f 5581/15/6 5551/15/6 5582/15/6
f 5552/15/6 5553/15/6 5583/15/6
f 5582/16/6 5552/16/6 5583/16/6
f 5553/16/6 5554/16/6 5584/16/6
f 5583/15/6 5553/15/6 5584/15/6
f 5554/15/6 5555/15/6 5585/15/6
f 5584/16/6 5554/16/6 5585/16/6
f 5555/16/6 5556/16/6 5586/16/6
f 5585/15/6 5555/15/6 5586/15/6
f 5556/15/6 5557/15/6 5587/15/6
f 5586/16/6 5556/16/6 5587/16/6
f 5557/16/6 5558/16/6 5588/16/6
f 5587/15/6 5557/15/6 5588/15/6
f 5558/15/6 5559/15/6 5589/15/6
f 5588/16/6 5558/16/6 5589/16/6
f 5559/16/6 5560/16/6 5590/16/6
f 5589/15/6 5559/15/6 5590/15/6
f 5560/15/6 5561/15/6 5591/15/6
f 5590/16/6 5560/16/6 5591/16/6
f 5561/16/6 5562/16/6 5592/16/6
f 5591/15/6 5561/15/6 5592/15/6
f 5562/15/6 5563/15/6 5593/15/6
f 5592/16/6 5562/16/6 5593/16/6
f 5563/16/6 5564/16/6 5594/16/6
f 5593/15/6 5563/15/6 5594/15/6
f 5564/15/6 5565/15/6 5595/15/6
f 5594/16/6 5564/16/6 5595/16/6
f 5565/16/6 5566/16/6 5596/16/6
f 5595/15/6 5565/15/6 5596/15/6
f 5566/15/6 5567/15/6 5597/15/6
f 5596/16/6 5566/16/6 5597/16/6
f 5567/16/6 5568/16/6 5598/16/6
f 5597/15/6 5567/15/6 5598/15/6
f 5598/16/6 5568/16/6 5599/16/6
f 5569/15/6 5570/15/6 5600/15/6
f 5570/16/6 5571/16/6 5601/16/6
f 5600/15/6 5570/15/6 5601/15/6
f 5601/16/6 5571/16/6 5602/16/6
f 5572/15/6 5573/15/6 5603/15/6
f 5573/16/6 5574/16/6 5604/16/6
f 5603/15/6 5573/15/6 5604/15/6
f 5574/15/6 5575/15/6 5605/15/6
f 5604/16/6 5574/16/6 5605/16/6
f 5575/16/6 5576/16/6 5606/16/6
f 5605/15/6 5575/15/6 5606/15/6
f 5576/15/6 5577/15/6 5607/15/6
f 5606/16/6 5576/16/6 5607/16/6
f 5577/16/6 5578/16/6 5608/16/6
f 5607/15/6 5577/15/6 5608/15/6
f 5578/15/6 5579/15/6 5609/15/6
f 5608/16/6 5578/16/6 5609/16/6
f 5579/16/6 5580/16/6 5610/16/6
f 5609/15/6 5579/15/6 5610/15/6
f 5580/15/6 5581/15/6 5611/15/6
f 5610/16/6 5580/16/6 5611/16/6
f 5581/16/6 5582/16/6 5612/16/6
f 5611/15/6 5581/15/6 5612/15/6
f 5582/15/6 5583/15/6 5613/15/6
f 5612/16/6 5582/16/6 5613/16/6
f 5583/16/6 5584/16/6 5614/16/6
f 5613/15/6 5583/15/6 5614/15/6
f 5584/15/6 5585/15/6 5615/15/6
f 5614/16/6 5584/16/6 5615/16/6
f 5585/16/6 5586/16/6 5616/16/6
f 5615/15/6 5585/15/6 5616/15/6
f 5586/15/6 5587/15/6 5617/15/6
f 5616/16/6 5586/16/6 5617/16/6
f 5587/16/6 5588/16/6 5618/16/6
f 5617/15/6 5587/15/6 5618/15/6
f 5588/15/6 5589/15/6 5619/15/6
f 5618/16/6 5588/16/6 5619/16/6
f 5589/16/6 5590/16/6 5620/16/6
f 5619/15/6 5589/15/6 5620/15/6
f 5590/15/6 5591/15/6 5621/15/6
f 5620/16/6 5590/16/6 5621/16/6
f 5591/16/6 5592/16/6 5622/16/6
f 5621/15/6 5591/15/6 5622/15/6
f 5592/15/6 5593/15/6 5623/15/6
f 5622/16/6 5592/16/6 5623/16/6
f 5593/16/6 5594/16/6 5624/16/6
f 5623/15/6 5593/15/6 5624/15/6
f 5594/15/6 5595/15/6 5625/15/6
f 5624/16/6 5594/16/6 5625/16/6
f 5595/16/6 5596/16/6 5626/16/6
f 5625/15/6 5595/15/6 5626/15/6
f 5596/15/6 5597/15/6 5627/15/6
f 5626/16/6 5596/16/6 5627/16/6
f 5597/16/6 5598/16/6 5628/16/6
f 5627/15/6 5597/15/6 5628/15/6
f 5598/15/6 5599/15/6 5629/15/6
f 5628/16/6 5598/16/6 5629/16/6
f 5629/15/6 5599/15/6 5630/15/6
f 5600/16/6 5601/16/6 5631/16/6
f 5601/15/6 5602/15/6 5632/15/6
f 5631/16/6 5601/16/6 5632/16/6
f 5632/15/6 5602/15/6 5633/15/6
f 5603/16/6 5604/16/6 5634/16/6
f 5604/15/6 5605/15/6 5635/15/6
f 5634/16/6 5604/16/6 5635/16/6
f 5605/16/6 5606/16/6 5636/16/6
f 5635/15/6 5605/15/6 5636/15/6
f 5606/15/6 5607/15/6 5637/15/6
f 5636/16/6 5606/16/6 5637/16/6
f 5607/16/6 5608/16/6 5638/16/6
f 5637/15/6 5607/15/6 5638/15/6
f 5608/15/6 5609/15/6 5639/15/6
f 5638/16/6 5608/16/6 5639/16/6
f 5609/16/6 5610/16/6 5640/16/6
f 5639/15/6 5609/15/6 5640/15/6
f 5610/15/6 5611/15/6 5641/15/6
f 5640/16/6 5610/16/6 5641/16/6
f 5611/16/6 5612/16/6 5642/16/6
f 5641/15/6 5611/15/6 5642/15/6
f 5612/15/6 5613/15/6 5643/15/6
f 5642/16/6 5612/16/6 5643/16/6
f 5613/16/6 5614/16/6 5644/16/6
f 5643/15/6 5613/15/6 5644/15/6
f 5614/15/6 5615/15/6 5645/15/6
f 5644/16/6 5614/16/6 5645/16/6
f 5615/16/6 5616/16/6 5646/16/6
f 5645/15/6 5615/15/6 5646/15/6
f 5616/15/6 5617/15/6 5647/15/6
f 5646/16/6 5616/16/6 5647/16/6
f 5617/16/6 5618/16/6 5648/16/6
f 5647/15/6 5617/15/6 5648/15/6
f 5618/15/6 5619/15/6 5649/15/6
f 5648/16/6 5618/16/6 5649/16/6
f 5619/16/6 5620/16/6 5650/16/6
f 5649/15/6 5619/15/6 5650/15/6
f 5620/15/6 5621/15/6 5651/15/6
f 5650/16/6 5620/16/6 5651/16/6
f 5621/16/6 5622/16/6 5652/16/6
f 5651/15/6 5621/15/6 5652/15/6
f 5622/15/6 5623/15/6 5653/15/6
f 5652/16/6 5622/16/6 5653/16/6
f 5623/16/6 5624/16/6 5654/16/6
f 5653/15/6 5623/15/6 5654/15/6
f 5624/15/6 5625/15/6 5655/15/6
f 5654/16/6 5624/16/6 5655/16/6
f 5625/16/6 5626/16/6 5656/16/6
f 5655/15/6 5625/15/6 5656/15/6
f 5626/15/6 5627/15/6 5657/15/6
f 5656/16/6 5626/16/6 5657/16/6
f 5627/16/6 5628/16/6 5658/16/6
f 5657/15/6 5627/15/6 5658/15/6
f 5628/15/6 5629/15/6 5659/15/6
f 5658/16/6 5628/16/6 5659/16/6
f 5629/16/6 5630/16/6 5660/16/6
f 5659/15/6 5629/15/6 5660/15/6
f 5660/16/6 5630/16/6 5661/16/6
f 5631/15/6 5632/15/6 5662/15/6
f 5632/16/6 5633/16/6 5663/16/6
f 5662/15/6 5632/15/6 5663/15/6
f 5663/16/6 5633/16/6 5664/16/6
f 5634/15/6 5635/15/6 5665/15/6
f 5635/16/6 5636/16/6 5666/16/6
f 5665/15/6 5635/15/6 5666/15/6
f 5636/15/6 5637/15/6 5667/15/6
f 5666/16/6 5636/16/6 5667/16/6
f 5637/16/6 5638/16/6 5668/16/6
f 5667/15/6 5637/15/6 5668/15/6
f 5638/15/6 5639/15/6 5669/15/6
f 5668/16/6 5638/16/6 5669/16/6
f 5639/16/6 5640/16/6 5670/16/6
f 5669/15/6 5639/15/6 5670/15/6
f 5640/15/6 5641/15/6 5671/15/6
f 5670/16/6 5640/16/6 5671/16/6
f 5641/16/6 5642/16/6 5672/16/6
f 5671/15/6 5641/15/6 5672/15/6
f 5642/15/6 5643/15/6 5673/15/6
f 5672/16/6 5642/16/6 5673/16/6
f 5643/16/6 5644/16/6 5674/16/6
f 5673/15/6 5643/15/6 5674/15/6
f 5644/15/6 5645/15/6 5675/15/6
f 5674/16/6 5644/16/6 5675/16/6
f 5645/16/6 5646/16/6 5676/16/6
f 5675/15/6 5645/15/6 5676/15/6
f 5646/15/6 5647/15/6 5677/15/6
f 5676/16/6 5646/16/6 5677/16/6
f 5647/16/6 5648/16/6 5678/16/6
f 5677/15/6 5647/15/6 5678/15/6
f 5648/15/6 5649/15/6 5679/15/6
f 5678/16/6 5648/16/6 5679/16/6
f 5649/16/6 5650/16/6 5680/16/6
f 5679/15/6 5649/15/6 5680/15/6
f 5650/15/6 5651/15/6 5681/15/6
f 5680/16/6 5650/16/6 5681/16/6
f 5651/16/6 5652/16/6 5682/16/6
f 5681/15/6 5651/15/6 5682/15/6
f 5652/15/6 5653/15/6 5683/15/6
f 5682/16/6 5652/16/6 5683/16/6
f 5653/16/6 5654/16/6 5684/16/6
f 5683/15/6 5653/15/6 5684/15/6
f 5654/15/6 5655/15/6 5685/15/6
f 5684/16/6 5654/16/6 5685/16/6
f 5655/16/6 5656/16/6 5686/16/6
f 5685/15/6 5655/15/6 5686/15/6
f 5656/15/6 5657/15/6 5687/15/6
f 5686/16/6 5656/16/6 5687/16/6
f 5657/16/6 5658/16/6 5688/16/6
f 5687/15/6 5657/15/6 5688/15/6
f 5658/15/6 5659/15/6 5689/15/6
f 5688/16/6 5658/16/6 5689/16/6
f 5659/16/6 5660/16/6 5690/16/6
f 5689/15/6 5659/15/6 5690/15/6
f 5660/15/6 5661/15/6 5691/15/6
f 5690/16/6 5660/16/6 5691/16/6
f 5691/15/6 5661/15/6 5692/15/6
f 5662/16/6 5663/16/6 5693/16/6
f 5663/15/6 5664/15/6 5694/15/6
f 5693/16/6 5663/16/6 5694/16/6
f 5694/15/6 5664/15/6 5695/15/6
f 5665/16/6 5666/16/6 5696/16/6
f 5666/15/6 5667/15/6 5697/15/6
f 5696/16/6 5666/16/6 5697/16/6
f 5667/16/6 5668/16/6 5698/16/6
f 5697/15/6 5667/15/6 5698/15/6
f 5668/15/6 5669/15/6 5699/15/6
f 5698/16/6 5668/16/6 5699/16/6
f 5669/16/6 5670/16/6 5700/16/6
f 5699/15/6 5669/15/6 5700/15/6
f 5670/15/6 5671/15/6 5701/15/6
f 5700/16/6 5670/16/6 5701/16/6
f 5671/16/6 5672/16/6 5702/16/6
f 5701/15/6 5671/15/6 5702/15/6
f 5672/15/6 5673/15/6 5703/15/6
f 5702/16/6 5672/16/6 5703/16/6
f 5673/16/6 5674/16/6 5704/16/6
f 5703/15/6 5673/15/6 5704/15/6
f 5674/15/6 5675/15/6 5705/15/6
f 5704/16/6 5674/16/6 5705/16/6
f 5675/16/6 5676/16/6 5706/16/6
f 5705/15/6 5675/15/6 5706/15/6
f 5676/15/6 5677/15/6 5707/15/6
f 5706/16/6 5676/16/6 5707/16/6
f 5677/16/6 5678/16/6 5708/16/6
f 5707/15/6 5677/15/6 5708/15/6
f 5678/15/6 5679/15/6 5709/15/6
f 5708/16/6 5678/16/6 5709/16/6
f 5679/16/6 5680/16/6 5710/16/6
f 5709/15/6 5679/15/6 5710/15/6
f 5680/15/6 5681/15/6 5711/15/6
f 5710/16/6 5680/16/6 5711/16/6
f 5681/16/6 5682/16/6 5712/16/6
f 5711/15/6 5681/15/6 5712/15/6
f 5682/15/6 5683/15/6 5713/15/6
f 5712/16/6 5682/16/6 5713/16/6
f 5683/16/6 5684/16/6 5714/16/6
f 5713/15/6 5683/15/6 5714/15/6
f 5684/15/6 5685/15/6 5715/15/6
f 5714/16/6 5684/16/6 5715/16/6
f 5685/16/6 5686/16/6 5716/16/6
f 5715/15/6 5685/15/6 5716/15/6
f 5686/15/6 5687/15/6 5717/15/6
f 5716/16/6 5686/16/6 5717/16/6
f 5687/16/6 5688/16/6 5718/16/6
f 5717/15/6 5687/15/6 5718/15/6
f 5688/15/6 5689/15/6 5719/15/6
f 5718/16/6 5688/16/6 5719/16/6
f 5689/16/6 5690/16/6 5720/16/6
f 5719/15/6 5689/15/6 5720/15/6
f 5690/15/6 5691/15/6 5721/15/6
f 5720/16/6 5690/16/6 5721/16/6
f 5691/16/6 5692/16/6 5722/16/6
f 5721/15/6 5691/15/6 5722/15/6
f 5722/16/6 5692/16/6 5723/16/6
f 5693/15/6 5694/15/6 5724/15/6
f 5694/16/6 5695/16/6 5725/16/6
f 5724/15/6 5694/15/6 5725/15/6
f 5725/16/6 5695/16/6 5726/16/6
f 5696/15/6 5697/15/6 5727/15/6
f 5697/16/6 5698/16/6 5728/16/6
f 5727/15/6 5697/15/6 5728/15/6
f 5698/15/6 5699/15/6 5729/15/6
f 5728/16/6 5698/16/6 5729/16/6
f 5699/16/6 5700/16/6 5730/16/6
f 5729/15/6 5699/15/6 5730/15/6
f 5700/15/6 5701/15/6 5731/15/6
f 5730/16/6 5700/16/6 5731/16/6
f 5701/16/6 5702/16/6 5732/16/6
f 5731/15/6 5701/15/6 5732/15/6
f 5702/15/6 5703/15/6 5733/15/6
f 5732/16/6 5702/16/6 5733/16/6
f 5703/16/6 5704/16/6 5734/16/6
f 5733/15/6 5703/15/6 5734/15/6
f 5704/15/6 5705/15/6 5735/15/6
f 5734/16/6 5704/16/6 5735/16/6
f 5705/16/6 5706/16/6 5736/16/6
f 5735/15/6 5705/15/6 5736/15/6
f 5706/15/6 5707/15/6 5737/15/6
f 5736/16/6 5706/16/6 5737/16/6
f 5707/16/6 5708/16/6 5738/16/6
f 5737/15/6 5707/15/6 5738/15/6
f 5708/15/6 5709/15/6 5739/15/6
f 5738/16/6 5708/16/6 5739/16/6
f 5709/16/6 5710/16/6 5740/16/6
f 5739/15/6 5709/15/6 5740/15/6
f 5710/15/6 5711/15/6 5741/15/6
f 5740/16/6 5710/16/6 5741/16/6
f 5711/16/6 5712/16/6 5742/16/6
f 5741/15/6 5711/15/6 5742/15/6
f 5712/15/6 5713/15/6 5743/15/6
f 5742/16/6 5712/16/6 5743/16/6
f 5713/16/6 5714/16/6 5744/16/6
f 5743/15/6 5713/15/6 5744/15/6
f 5714/15/6 5715/15/6 5745/15/6
f 5744/16/6 5714/16/6 5745/16/6
f 5715/16/6 5716/16/6 5746/16/6
f 5745/15/6 5715/15/6 5746/15/6
f 5716/15/6 5717/15/6 5747/15/6
f 5746/16/6 5716/16/6 5747/16/6
f 5717/16/6 5718/16/6 5748/16/6
f 5747/15/6 5717/15/6 5748/15/6
f 5718/15/6 5719/15/6 5749/15/6
f 5748/16/6 5718/16/6 5749/16/6
f 5719/16/6 5720/16/6 5750/16/6
f 5749/15/6 5719/15/6 5750/15/6
f 5720/15/6 5721/15/6 5751/15/6
f 5750/16/6 5720/16/6 5751/16/6
f 5721/16/6 5722/16/6 5752/16/6
f 5751/15/6 5721/15/6 5752/15/6
f 5722/15/6 5723/15/6 5753/15/6
f 5752/16/6 5722/16/6 5753/16/6
f 5753/15/6 5723/15/6 5754/15/6
f 5724/16/6 5725/16/6 5766/16/6
f 5725/15/6 5726/15/6 5767/15/6
f 5766/16/6 5725/16/6 5767/16/6
f 5767/15/6 5726/15/6 5768/15/6
f 5727/16/6 5728/16/6 5769/16/6
f 5728/15/6 5729/15/6 5770/15/6
f 5769/16/6 5728/16/6 5770/16/6
f 5729/16/6 5730/16/6 5771/16/6
f 5770/15/6 5729/15/6 5771/15/6
f 5730/15/6 5731/15/6 5772/15/6
f 5771/16/6 5730/16/6 5772/16/6
f 5731/16/6 5732/16/6 5773/16/6
f 5772/15/6 5731/15/6 5773/15/6
f 5732/15/6 5733/15/6 5774/15/6
f 5773/16/6 5732/16/6 5774/16/6
f 5733/16/6 5734/16/6 5775/16/6
f 5774/15/6 5733/15/6 5775/15/6
f 5734/15/6 5735/15/6 5776/15/6
f 5775/16/6 5734/16/6 5776/16/6
f 5735/16/6 5736/16/6 5777/16/6
f 5776/15/6 5735/15/6 5777/15/6
f 5736/15/6 5737/15/6 5778/15/6
f 5777/16/6 5736/16/6 5778/16/6
f 5737/16/6 5738/16/6 5779/16/6
f 5778/15/6 5737/15/6 5779/15/6
f 5738/15/6 5739/15/6 5780/15/6
f 5779/16/6 5738/16/6 5780/16/6
f 5739/16/6 5740/16/6 5781/16/6
f 5780/15/6 5739/15/6 5781/15/6
f 5740/15/6 5741/15/6 5782/15/6
f 5781/16/6 5740/16/6 5782/16/6
f 5741/16/6 5742/16/6 5783/16/6
f 5782/15/6 5741/15/6 5783/15/6
f 5742/15/6 5743/15/6 5784/15/6
f 5783/16/6 5742/16/6 5784/16/6
f 5743/16/6 5744/16/6 5785/16/6
f 5784/15/6 5743/15/6 5785/15/6
f 5744/15/6 5745/15/6 5786/15/6
f 5785/16/6 5744/16/6 5786/16/6
f 5745/16/6 5746/16/6 5787/16/6
f 5786/15/6 5745/15/6 5787/15/6
f 5746/15/6 5747/15/6 5788/15/6
f 5787/16/6 5746/16/6 5788/16/6
f 5747/16/6 5748/16/6 5789/16/6
f 5788/15/6 5747/15/6 5789/15/6
f 5748/15/6 5749/15/6 5790/15/6
f 5789/16/6 5748/16/6 5790/16/6
f 5749/16/6 5750/16/6 5791/16/6
f 5790/15/6 5749/15/6 5791/15/6
f 5750/15/6 5751/15/6 5792/15/6
f 5791/16/6 5750/16/6 5792/16/6
f 5751/16/6 5752/16/6 5793/16/6
f 5792/15/6 5751/15/6 5793/15/6
f 5752/15/6 5753/15/6 5794/15/6
f 5793/16/6 5752/16/6 5794/16/6
f 5753/16/6 5754/16/6 5795/16/6
f 5794/15/6 5753/15/6 5795/15/6
f 5754/15/6 5755/15/6 5796/15/6
f 5795/16/6 5754/16/6 5796/16/6
f 5755/16/6 5756/16/6 5797/16/6
f 5796/15/6 5755/15/6 5797/15/6
f 5756/15/6 5757/15/6 5798/15/6
f 5797/16/6 5756/16/6 5798/16/6
f 5757/16/6 5758/16/6 5799/16/6
f 5798/15/6 5757/15/6 5799/15/6
f 5758/15/6 5759/15/6 5800/15/6
f 5799/16/6 5758/16/6 5800/16/6
f 5759/16/6 5760/16/6 5801/16/6
f 5800/15/6 5759/15/6 5801/15/6
f 5760/15/6 5761/15/6 5802/15/6
f 5801/16/6 5760/16/6 5802/16/6
f 5761/16/6 5762/16/6 5803/16/6
f 5802/15/6 5761/15/6 5803/15/6
f 5762/15/6 5763/15/6 5804/15/6
f 5803/16/6 5762/16/6 5804/16/6
f 5763/16/6 5764/16/6 5805/16/6
f 5804/15/6 5763/15/6 5805/15/6
f 5764/15/6 5765/15/6 5806/15/6
f 5805/16/6 5764/16/6 5806/16/6
f 5765/16/6 5766/16/6 5807/16/6
f 5806/15/6 5765/15/6 5807/15/6
f 5766/15/6 5767/15/6 5808/15/6
f 5807/16/6 5766/16/6 5808/16/6
f 5767/16/6 5768/16/6 5809/16/6
f 5808/15/6 5767/15/6 5809/15/6
f 5809/16/6 5768/16/6 5810/16/6
f 5769/15/6 5770/15/6 5811/15/6
f 5770/16/6 5771/16/6 5812/16/6
f 5811/15/6 5770/15/6 5812/15/6
f 5771/15/6 5772/15/6 5813/15/6
f 5812/16/6 5771/16/6 5813/16/6
f 5772/16/6 5773/16/6 5814/16/6
f 5813/15/6 5772/15/6 5814/15/6
f 5773/15/6 5774/15/6 5815/15/6
f 5814/16/6 5773/16/6 5815/16/6
f 5774/16/6 5775/16/6 5816/16/6
f 5815/15/6 5774/15/6 5816/15/6
f 5775/15/6 5776/15/6 5817/15/6
f 5816/16/6 5775/16/6 5817/16/6
f 5776/16/6 5777/16/6 5818/16/6
f 5817/15/6 5776/15/6 5818/15/6
f 5777/15/6 5778/15/6 5819/15/6
f 5818/16/6 5777/16/6 5819/16/6
f 5778/16/6 5779/16/6 5820/16/6
f 5819/15/6 5778/15/6 5820/15/6
f 5779/15/6 5780/15/6 5821/15/6
f 5820/16/6 5779/16/6 5821/16/6
f 5780/16/6 5781/16/6 5822/16/6
f 5821/15/6 5780/15/6 5822/15/6
f 5781/15/6 5782/15/6 5823/15/6
f 5822/16/6 5781/16/6 5823/16/6
f 5782/16/6 5783/16/6 5824/16/6
f 5823/15/6 5782/15/6 5824/15/6
f 5783/15/6 5784/15/6 5825/15/6
f 5824/16/6 5783/16/6 5825/16/6
f 5784/16/6 5785/16/6 5826/16/6
f 5825/15/6 5784/15/6 5826/15/6
f 5785/15/6 5786/15/6 5827/15/6
f 5826/16/6 5785/16/6 5827/16/6
f 5786/16/6 5787/16/6 5828/16/6
f 5827/15/6 5786/15/6 5828/15/6
f 5787/15/6 5788/15/6 5829/15/6
f 5828/16/6 5787/16/6 5829/16/6
f 5788/16/6 5789/16/6 5830/16/6
f 5829/15/6 5788/15/6 5830/15/6
f 5789/15/6 5790/15/6 5831/15/6
f 5830/16/6 5789/16/6 5831/16/6
f 5790/16/6 5791/16/6 5832/16/6
f 5831/15/6 5790/15/6 5832/15/6
f 5791/15/6 5792/15/6 5833/15/6
f 5832/16/6 5791/16/6 5833/16/6
f 5792/16/6 5793/16/6 5834/16/6
f 5833/15/6 5792/15/6 5834/15/6
f 5793/15/6 5794/15/6 5835/15/6
f 5834/16/6 5793/16/6 5835/16/6
f 5794/16/6 5795/16/6 5836/16/6
f 5835/15/6 5794/15/6 5836/15/6
f 5795/15/6 5796/15/6 5837/15/6
f 5836/16/6 5795/16/6 5837/16/6
f 5796/16/6 5797/16/6 5838/16/6
f 5837/15/6 5796/15/6 5838/15/6
f 5797/15/6 5798/15/6 5839/15/6
f 5838/16/6 5797/16/6 5839/16/6
f 5798/16/6 5799/16/6 5840/16/6
f 5839/15/6 5798/15/6 5840/15/6
f 5799/15/6 5800/15/6 5841/15/6
f 5840/16/6 5799/16/6 5841/16/6
f 5800/16/6 5801/16/6 5842/16/6
f 5841/15/6 5800/15/6 5842/15/6
f 5801/15/6 5802/15/6 5843/15/6
f 5842/16/6 5801/16/6 5843/16/6
f 5802/16/6 5803/16/6 5844/16/6
f 5843/15/6 5802/15/6 5844/15/6
f 5803/15/6 5804/15/6 5845/15/6
f 5844/16/6 5803/16/6 5845/16/6
f 5804/16/6 5805/16/6 5846/16/6
f 5845/15/6 5804/15/6 5846/15/6
f 5805/15/6 5806/15/6 5847/15/6
f 5846/16/6 5805/16/6 5847/16/6
f 5806/16/6 5807/16/6 5848/16/6
f 5847/15/6 5806/15/6 5848/15/6
f 5807/15/6 5808/15/6 5849/15/6
f 5848/16/6 5807/16/6 5849/16/6
f 5808/16/6 5809/16/6 5850/16/6
f 5849/15/6 5808/15/6 5850/15/6
f 5809/15/6 5810/15/6 5851/15/6
f 5850/16/6 5809/16/6 5851/16/6
f 5851/15/6 5810/15/6 5852/15/6
f 5853/15/6 5854/15/6 5855/15/6
f 5855/15/6 5854/15/6 5856/15/6
f 5857/13/6 5858/13/6 5863/13/6
f 5863/13/6 5858/13/6 5864/13/6
f 5859/13/6 5860/13/6 5865/13/6
f 5865/13/6 5860/13/6 5866/13/6
f 5861/15/6 5862/15/6 5867/15/6
f 5867/15/6 5862/15/6 5868/15/6
f 5868/15/6 5862/15/6 5869/15/6
f 5869/15/6 5862/15/6 5870/15/6
f 5870/15/6 5862/15/6 5871/15/6
f 5871/15/6 5862/15/6 5872/15/6
f 5872/15/6 5862/15/6 5873/15/6
f 5873/15/6 5862/15/6 5874/15/6
f 5878/18/6 5879/18/6 5881/18/6
f 5879/18/6 5880/18/6 5881/18/6
f 5877/18/6 5878/18/6 5881/18/6
f 5876/18/6 5877/18/6 5881/18/6
f 5875/18/6 5876/18/6 5881/18/6
f 5881/18/6 5880/18/6 5882/18/6
f 5861/15/6 5867/15/6 5883/15/6
f 5874/15/6 5862/15/6 5884/15/6
f 5875/18/6 5881/18/6 5887/18/6
f 5882/18/6 5880/18/6 5888/18/6
f 5882/18/6 5888/18/6 5891/18/6
f 5891/18/6 5888/18/6 5892/18/6
f 5884/15/6 5862/15/6 5893/15/6
f 5885/13/6 5886/13/6 5894/13/6
f 5894/13/6 5886/13/6 5895/13/6
f 5887/18/6 5881/18/6 5896/18/6
f 5889/13/6 5890/13/6 5899/13/6
f 5899/13/6 5890/13/6 5900/13/6
f 5861/15/6 5883/15/6 5901/15/6
f 5893/15/6 5862/15/6 5902/15/6
f 5902/15/6 5862/15/6 5903/15/6
f 5896/18/6 5881/18/6 5904/18/6
f 5897/18/6 5898/18/6 5905/18/6
f 5896/18/6 5904/18/6 5906/18/6
f 5904/18/6 5905/18/6 5906/18/6
f 5906/18/6 5905/18/6 5907/18/6
f 5907/18/6 5905/18/6 5908/18/6
f 5908/18/6 5905/18/6 5909/18/6
f 5905/18/6 5898/18/6 5910/18/6
f 5909/18/6 5905/18/6 5910/18/6
f 5910/18/6 5898/18/6 5911/18/6
f 5861/15/6 5901/15/6 5912/15/6
f 5913/15/6 5914/15/6 5919/15/6
f 5915/13/6 5916/13/6 5920/13/6
f 5920/13/6 5916/13/6 5921/13/6
f 5917/13/6 5918/13/6 5922/13/6
f 5922/13/6 5918/13/6 5923/13/6
f 5861/15/6 5912/15/6 5924/15/6
f 5919/15/6 5914/15/6 5925/15/6
f 5861/15/6 5924/15/6 5926/15/6
f 5925/15/6 5914/15/6 5927/15/6
f 5861/15/6 5926/15/6 5928/15/6
f 5927/15/6 5914/15/6 5929/15/6
f 5930/9/6 5931/9/6 5932/9/6
f 5932/9/6 5931/9/6 5933/9/6
f 5861/15/6 5928/15/6 5934/15/6
f 5929/15/6 5914/15/6 5935/15/6
f 5861/15/6 5934/15/6 5936/15/6
f 5935/15/6 5914/15/6 5937/15/6
f 5861/15/6 5936/15/6 5938/15/6
f 5937/15/6 5914/15/6 5947/15/6
f 5861/15/6 5938/15/6 5948/15/6
f 5938/15/6 5939/15/6 5948/15/6
f 5939/15/6 5940/15/6 5948/15/6
f 5940/15/6 5941/15/6 5948/15/6
f 5941/15/6 5942/15/6 5948/15/6
f 5942/15/6 5943/15/6 5948/15/6
f 5948/15/6 5943/15/6 5949/15/6
f 5949/15/6 5943/15/6 5950/15/6
f 5950/15/6 5943/15/6 5951/15/6
f 5945/15/6 5946/15/6 5952/15/6
f 5946/15/6 5947/15/6 5952/15/6
f 5944/15/6 5945/15/6 5952/15/6
f 5947/15/6 5914/15/6 5953/15/6
f 5952/15/6 5947/15/6 5953/15/6
f 5949/9/6 5950/9/6 5954/9/6
f 5954/9/6 5950/9/6 5955/9/6
f 5853/15/6 5855/15/6 5956/15/6
f 5856/15/6 5854/15/6 5957/15/6
f 5853/15/6 5956/15/6 5958/15/6
f 5956/15/6 5957/15/6 5958/15/6
f 5957/15/6 5854/15/6 5959/15/6
f 5958/15/6 5957/15/6 5959/15/6
f 5960/13/6 5961/13/6 5964/13/6
f 5964/13/6 5961/13/6 5965/13/6
f 5962/13/6 5963/13/6 5966/13/6
f 5966/13/6 5963/13/6 5967/13/6
f 5968/18/6 5969/18/6 5972/18/6
f 5972/18/6 5969/18/6 5973/18/6
f 5973/18/6 5969/18/6 5974/18/6
f 5974/18/6 5969/18/6 5975/18/6
f 5968/18/6 5972/18/6 5979/18/6
f 5972/3/6 5973/3/6 5979/3/6
f 5979/3/6 5973/3/6 5980/3/6
f 5975/18/6 5976/18/6 5981/18/6
f 5968/18/6 5979/18/6 5982/18/6
f 5982/18/6 5979/18/6 5983/18/6
f 5981/18/6 5976/18/6 5986/18/6
f 5983/3/6 5984/3/6 5988/3/6
f 5988/3/6 5984/3/6 5989/3/6
f 5989/3/6 5984/3/6 5990/3/6
f 5985/3/6 5986/3/6 5991/3/6
f 5986/18/6 5976/18/6 5992/18/6
f 5991/3/6 5986/3/6 5992/3/6
f 5992/18/6 5976/18/6 5993/18/6
f 5977/13/6 5978/13/6 5994/13/6
f 5970/13/6 5971/13/6 5995/13/6
f 5995/13/6 5971/13/6 5996/13/6
f 5987/18/6 5988/18/6 5997/18/6
f 5988/3/6 5989/3/6 5997/3/6
f 5997/3/6 5989/3/6 5998/3/6
f 5990/3/6 5991/3/6 5999/3/6
f 5999/3/6 5991/3/6 6000/3/6
f 5993/11/6 5994/11/6 6002/11/6
f 5994/13/6 5978/13/6 6003/13/6
f 6002/11/6 5994/11/6 6003/11/6
f 6003/13/6 5978/13/6 6004/13/6
f 5997/18/6 5998/18/6 6005/18/6
f 6000/18/6 6001/18/6 6005/18/6
f 6001/18/6 6002/18/6 6005/18/6
f 5999/18/6 6000/18/6 6005/18/6
f 5998/18/6 5999/18/6 6005/18/6
f 5987/18/6 5997/18/6 6005/18/6
f 6005/18/6 6002/18/6 6006/18/6
f 6007/13/6 6008/13/6 6011/13/6
f 6011/13/6 6008/13/6 6012/13/6
f 6009/13/6 6010/13/6 6013/13/6
f 6013/13/6 6010/13/6 6014/13/6
f 6015/11/6 6016/11/6 6020/11/6
f 6020/11/6 6016/11/6 6021/11/6
f 6017/5/6 6018/5/6 6023/5/6
f 6023/5/6 6018/5/6 6024/5/6
f 6019/11/6 6020/11/6 6025/11/6
f 6025/11/6 6020/11/6 6026/11/6
f 6022/5/6 6023/5/6 6028/5/6
f 6028/5/6 6023/5/6 6029/5/6
f 6027/11/6 6028/11/6 6031/11/6
f 6031/11/6 6028/11/6 6032/11/6
f 6029/5/6 6030/5/6 6034/5/6
f 6034/5/6 6030/5/6 6035/5/6
f 6033/11/6 6034/11/6 6038/11/6
f 6038/11/6 6034/11/6 6039/11/6
f 6035/5/6 6036/5/6 6040/5/6
f 6036/11/6 6037/11/6 6041/11/6
f 6040/5/6 6036/5/6 6041/5/6
f 6041/11/6 6037/11/6 6042/11/6
f 6043/11/6 6044/11/6 6045/11/6
f 6045/11/6 6044/11/6 6046/11/6
f 6047/5/6 6048/5/6 6049/5/6
f 6049/5/6 6048/5/6 6050/5/6
f 6049/11/6 6050/11/6 6051/11/6
f 6051/11/6 6050/11/6 6052/11/6
f 6053/5/6 6054/5/6 6056/5/6
f 6056/5/6 6054/5/6 6057/5/6
f 6055/5/6 6056/5/6 6059/5/6
f 6059/5/6 6056/5/6 6060/5/6
f 6058/5/6 6059/5/6 6061/5/6
f 6059/5/6 6060/5/6 6061/5/6
f 6061/5/6 6060/5/6 6062/5/6
f 6063/15/6 6064/15/6 6065/15/6
f 6065/15/6 6064/15/6 6066/15/6
f 6067/15/6 6068/15/6 6069/15/6
f 6069/15/6 6068/15/6 6070/15/6
f 6071/15/6 6072/15/6 6073/15/6
f 6073/15/6 6072/15/6 6074/15/6
f 6075/5/6 6076/5/6 6077/5/6
f 6077/5/6 6076/5/6 6078/5/6
f 6078/11/6 6079/11/6 6080/11/6
f 6080/11/6 6079/11/6 6081/11/6
f 6071/15/6 6073/15/6 6082/15/6
f 6074/15/6 6072/15/6 6083/15/6
f 6071/15/6 6082/15/6 6084/15/6
f 6082/15/6 6083/15/6 6084/15/6
f 6083/15/6 6072/15/6 6085/15/6
f 6084/15/6 6083/15/6 6085/15/6
f 6086/11/6 6087/11/6 6088/11/6
f 6088/11/6 6087/11/6 6089/11/6
f 6090/15/6 6091/15/6 6094/15/6
f 6094/15/6 6091/15/6 6095/15/6
f 6095/15/6 6091/15/6 6096/15/6
f 6096/15/6 6091/15/6 6097/15/6
f 6097/15/6 6091/15/6 6098/15/6
f 6098/15/6 6091/15/6 6099/15/6
f 6099/15/6 6091/15/6 6100/15/6
f 6100/15/6 6091/15/6 6101/15/6
f 6101/15/6 6091/15/6 6102/15/6
f 6102/15/6 6091/15/6 6103/15/6
f 6103/15/6 6091/15/6 6104/15/6
f 6104/15/6 6091/15/6 6105/15/6
f 6105/15/6 6091/15/6 6106/15/6
f 6106/15/6 6091/15/6 6107/15/6
f 6092/11/6 6093/11/6 6110/11/6
f 6108/11/6 6109/11/6 6112/11/6
f 6112/11/6 6109/11/6 6113/11/6
f 6110/11/6 6111/11/6 6116/11/6
f 6092/11/6 6110/11/6 6116/11/6
f 6116/11/6 6111/11/6 6117/11/6
f 6117/11/6 6111/11/6 6118/11/6
f 6090/15/6 6094/15/6 6120/15/6
f 6107/15/6 6091/15/6 6121/15/6
f 6114/11/6 6115/11/6 6122/11/6
f 6122/11/6 6115/11/6 6123/11/6
f 6118/11/6 6119/11/6 6125/11/6
f 6117/11/6 6118/11/6 6125/11/6
f 6125/11/6 6119/11/6 6126/11/6
f 6126/11/6 6119/11/6 6127/11/6
f 6090/15/6 6120/15/6 6128/15/6
f 6121/15/6 6091/15/6 6129/15/6
f 6124/11/6 6125/11/6 6132/11/6
f 6132/11/6 6125/11/6 6133/11/6
f 6090/15/6 6128/15/6 6136/15/6
f 6129/15/6 6091/15/6 6137/15/6
f 6134/11/6 6135/11/6 6138/11/6
f 6138/11/6 6135/11/6 6139/11/6
f 6139/11/6 6135/11/6 6145/11/6
f 6145/11/6 6135/11/6 6146/11/6
f 6090/15/6 6136/15/6 6147/15/6
f 6137/15/6 6091/15/6 6148/15/6
f 6140/11/6 6141/11/6 6150/11/6
f 6150/11/6 6141/11/6 6151/11/6
f 6130/11/6 6131/11/6 6152/11/6
f 6142/11/6 6143/11/6 6153/11/6
f 6153/11/6 6143/11/6 6154/11/6
f 6144/11/6 6145/11/6 6155/11/6
f 6155/11/6 6145/11/6 6156/11/6
f 6090/15/6 6147/15/6 6157/15/6
f 6148/15/6 6091/15/6 6158/15/6
f 6150/11/6 6151/11/6 6159/11/6
f 6151/11/6 6152/11/6 6159/11/6
f 6149/11/6 6150/11/6 6159/11/6
f 6159/11/6 6152/11/6 6160/11/6
f 6152/11/6 6131/11/6 6161/11/6
f 6160/11/6 6152/11/6 6161/11/6
f 6161/11/6 6131/11/6 6162/11/6
f 6156/11/6 6145/11/6 6163/11/6
f 6163/11/6 6145/11/6 6164/11/6
f 6160/11/6 6161/11/6 6165/11/6
f 6165/11/6 6161/11/6 6166/11/6
f 6090/15/6 6157/15/6 6167/15/6
f 6158/15/6 6091/15/6 6168/15/6
f 6149/11/6 6159/11/6 6169/11/6
f 6169/11/6 6159/11/6 6170/11/6
f 6090/15/6 6167/15/6 6171/15/6
f 6168/15/6 6091/15/6 6172/15/6
f 6090/15/6 6171/15/6 6173/15/6
f 6172/15/6 6091/15/6 6174/15/6
f 6090/15/6 6173/15/6 6175/15/6
f 6174/15/6 6091/15/6 6176/15/6
f 6090/15/6 6175/15/6 6177/15/6
f 6176/15/6 6091/15/6 6178/15/6
f 6090/15/6 6177/15/6 6179/15/6
f 6178/15/6 6091/15/6 6180/15/6
f 6090/15/6 6179/15/6 6181/15/6
f 6180/15/6 6091/15/6 6182/15/6
f 6090/15/6 6181/15/6 6183/15/6
f 6182/15/6 6091/15/6 6184/15/6
f 6090/15/6 6183/15/6 6185/15/6
f 6184/15/6 6091/15/6 6186/15/6
f 6090/15/6 6185/15/6 6187/15/6
f 6186/15/6 6091/15/6 6188/15/6
f 6090/15/6 6187/15/6 6189/15/6
f 6188/15/6 6091/15/6 6190/15/6
f 6090/15/6 6189/15/6 6191/15/6
f 6190/15/6 6091/15/6 6192/15/6
f 6090/15/6 6191/15/6 6193/15/6
f 6192/15/6 6091/15/6 6194/15/6
f 6090/15/6 6193/15/6 6195/15/6
f 6194/15/6 6091/15/6 6208/15/6
f 6206/15/6 6207/15/6 6209/15/6
f 6207/15/6 6208/15/6 6209/15/6
f 6090/15/6 6195/15/6 6209/15/6
f 6195/15/6 6196/15/6 6209/15/6
f 6205/15/6 6206/15/6 6209/15/6
f 6204/15/6 6205/15/6 6209/15/6
f 6203/15/6 6204/15/6 6209/15/6
f 6202/15/6 6203/15/6 6209/15/6
f 6201/15/6 6202/15/6 6209/15/6
f 6200/15/6 6201/15/6 6209/15/6
f 6199/15/6 6200/15/6 6209/15/6
f 6198/15/6 6199/15/6 6209/15/6
f 6197/15/6 6198/15/6 6209/15/6
f 6196/15/6 6197/15/6 6209/15/6
f 6208/15/6 6091/15/6 6210/15/6
f 6209/15/6 6208/15/6 6210/15/6
f 6211/11/6 6212/11/6 6216/11/6
f 6216/11/6 6212/11/6 6217/11/6
f 6213/11/6 6214/11/6 6218/11/6
f 6218/11/6 6214/11/6 6219/11/6
f 6215/11/6 6216/11/6 6222/11/6
f 6222/11/6 6216/11/6 6223/11/6
f 6217/11/6 6218/11/6 6224/11/6
f 6224/11/6 6218/11/6 6225/11/6
f 6220/11/6 6221/11/6 6228/11/6
f 6228/11/6 6221/11/6 6229/11/6
f 6226/11/6 6227/11/6 6230/11/6
f 6230/11/6 6227/11/6 6231/11/6
f 6232/11/6 6233/11/6 6239/11/6
f 6239/11/6 6233/11/6 6240/11/6
f 6234/5/6 6235/5/6 6241/5/6
f 6241/5/6 6235/5/6 6242/5/6
f 6236/11/6 6237/11/6 6246/11/6
f 6238/11/6 6239/11/6 6247/11/6
f 6247/11/6 6239/11/6 6248/11/6
f 6244/11/6 6245/11/6 6251/11/6
f 6243/11/6 6244/11/6 6251/11/6
f 6248/11/6 6249/11/6 6252/11/6
f 6247/11/6 6248/11/6 6252/11/6
f 6236/11/6 6246/11/6 6252/11/6
f 6246/11/6 6247/11/6 6252/11/6
f 6252/11/6 6249/11/6 6253/11/6
f 6250/11/6 6251/11/6 6254/11/6
f 6251/11/6 6245/11/6 6255/11/6
f 6254/11/6 6251/11/6 6255/11/6
f 6255/11/6 6245/11/6 6256/11/6
f 6256/11/6 6245/11/6 6257/11/6
f 6253/11/6 6249/11/6 6261/11/6
f 6261/11/6 6249/11/6 6262/11/6
f 6255/11/6 6256/11/6 6263/11/6
f 6257/11/6 6258/11/6 6264/11/6
f 6259/11/6 6260/11/6 6265/11/6
f 6265/11/6 6260/11/6 6266/11/6
f 6253/11/6 6261/11/6 6267/11/6
f 6267/11/6 6261/11/6 6268/11/6
f 6263/11/6 6264/11/6 6270/11/6
f 6255/11/6 6263/11/6 6270/11/6
f 6270/11/6 6264/11/6 6271/11/6
f 6264/11/6 6258/11/6 6272/11/6
f 6271/11/6 6264/11/6 6272/11/6
f 6267/11/6 6268/11/6 6274/11/6
f 6266/11/6 6267/11/6 6274/11/6
f 6274/11/6 6268/11/6 6275/11/6
f 6275/11/6 6268/11/6 6276/11/6
f 6276/11/6 6268/11/6 6277/11/6
f 6269/11/6 6270/11/6 6279/11/6
f 6279/11/6 6270/11/6 6280/11/6
f 6271/11/6 6272/11/6 6281/11/6
f 6272/11/6 6273/11/6 6281/11/6
f 6281/11/6 6273/11/6 6282/11/6
f 6275/11/6 6276/11/6 6283/11/6
f 6283/11/6 6276/11/6 6284/11/6
f 6277/11/6 6268/11/6 6285/11/6
f 6285/11/6 6268/11/6 6286/11/6
f 6278/11/6 6279/11/6 6287/11/6
f 6287/11/6 6279/11/6 6288/11/6
f 6271/11/6 6281/11/6 6290/11/6
f 6290/11/6 6281/11/6 6291/11/6
f 6288/11/6 6279/11/6 6294/11/6
f 6294/11/6 6279/11/6 6295/11/6
f 6289/11/6 6290/11/6 6296/11/6
f 6296/11/6 6290/11/6 6297/11/6
f 6292/11/6 6293/11/6 6298/11/6
f 6293/11/6 6294/11/6 6298/11/6
f 6298/11/6 6294/11/6 6299/11/6
f 6299/11/6 6294/11/6 6300/11/6
f 6300/11/6 6301/11/6 6302/11/6
f 6299/11/6 6300/11/6 6302/11/6
f 6302/11/6 6301/11/6 6303/11/6
f 6304/11/6 6305/11/6 6308/11/6
f 6308/11/6 6305/11/6 6309/11/6
f 6306/11/6 6307/11/6 6310/11/6
f 6308/11/6 6309/11/6 6312/11/6
f 6309/11/6 6310/11/6 6312/11/6
f 6310/11/6 6307/11/6 6313/11/6
f 6312/11/6 6310/11/6 6313/11/6
f 6313/11/6 6307/11/6 6314/11/6
f 6311/11/6 6312/11/6 6315/11/6
f 6312/11/6 6313/11/6 6315/11/6
f 6315/11/6 6313/11/6 6316/11/6
f 6316/11/6 6313/11/6 6317/11/6
f 6317/11/6 6313/11/6 6318/11/6
f 6318/11/6 6313/11/6 6319/11/6
f 6314/11/6 6307/11/6 6320/11/6
f 6320/11/6 6307/11/6 6321/11/6
f 6318/11/6 6319/11/6 6327/11/6
f 6319/11/6 6320/11/6 6327/11/6
f 6327/11/6 6320/11/6 6328/11/6
f 6322/11/6 6323/11/6 6329/11/6
f 6329/11/6 6323/11/6 6330/11/6
f 6324/11/6 6325/11/6 6331/11/6
f 6331/11/6 6325/11/6 6332/11/6
f 6326/11/6 6327/11/6 6336/11/6
f 6336/11/6 6327/11/6 6337/11/6
f 6333/11/6 6334/11/6 6339/11/6
f 6339/11/6 6334/11/6 6340/11/6
f 6335/11/6 6336/11/6 6342/11/6
f 6342/11/6 6336/11/6 6343/11/6
f 6337/11/6 6338/11/6 6344/11/6
f 6333/11/6 6339/11/6 6345/11/6
f 6345/11/6 6339/11/6 6346/11/6
f 6340/11/6 6334/11/6 6347/11/6
f 6347/11/6 6334/11/6 6348/11/6
f 6341/11/6 6342/11/6 6349/11/6
f 6349/11/6 6342/11/6 6350/11/6
f 6343/11/6 6344/11/6 6351/11/6
f 6344/11/6 6338/11/6 6352/11/6
f 6351/11/6 6344/11/6 6352/11/6
f 6352/11/6 6338/11/6 6353/11/6
f 6351/11/6 6352/11/6 6355/11/6
f 6350/11/6 6351/11/6 6355/11/6
f 6355/11/6 6352/11/6 6356/11/6
f 6353/11/6 6354/11/6 6359/11/6
f 6359/11/6 6354/11/6 6360/11/6
f 6357/11/6 6358/11/6 6361/11/6
f 6361/11/6 6358/11/6 6362/11/6
f 6362/11/6 6363/11/6 6364/11/6
f 6364/11/6 6363/11/6 6365/11/6
f 6366/11/6 6367/11/6 6368/11/6
f 6368/11/6 6367/11/6 6369/11/6
f 6370/11/6 6371/11/6 6374/11/6
f 6374/11/6 6371/11/6 6375/11/6
f 6372/11/6 6373/11/6 6376/11/6
f 6376/11/6 6373/11/6 6377/11/6
f 6377/11/6 6378/11/6 6382/11/6
f 6382/11/6 6378/11/6 6383/11/6
f 6379/11/6 6380/11/6 6384/11/6
f 6384/11/6 6380/11/6 6385/11/6
f 6381/11/6 6382/11/6 6386/11/6
f 6386/11/6 6382/11/6 6387/11/6
f 6388/15/6 6389/15/6 6390/15/6
f 6390/15/6 6389/15/6 6391/15/6
f 6388/15/6 6390/15/6 6392/15/6
f 6391/15/6 6389/15/6 6393/15/6
f 6388/15/6 6392/15/6 6394/15/6
f 6392/15/6 6393/15/6 6394/15/6
f 6393/15/6 6389/15/6 6395/15/6
f 6394/15/6 6393/15/6 6395/15/6
f 6396/16/6 6397/16/6 6404/16/6
f 6397/15/6 6398/15/6 6405/15/6
f 6404/16/6 6397/16/6 6405/16/6
f 6398/16/6 6399/16/6 6406/16/6
f 6405/15/6 6398/15/6 6406/15/6
f 6399/15/6 6400/15/6 6407/15/6
f 6406/16/6 6399/16/6 6407/16/6
f 6400/16/6 6401/16/6 6408/16/6
f 6407/15/6 6400/15/6 6408/15/6
f 6401/15/6 6402/15/6 6409/15/6
f 6408/16/6 6401/16/6 6409/16/6
f 6402/16/6 6403/16/6 6410/16/6
f 6409/15/6 6402/15/6 6410/15/6
f 6410/16/6 6403/16/6 6411/16/6
f 6404/15/6 6405/15/6 6413/15/6
f 6405/16/6 6406/16/6 6414/16/6
f 6413/15/6 6405/15/6 6414/15/6
f 6406/15/6 6407/15/6 6415/15/6
f 6414/16/6 6406/16/6 6415/16/6
f 6407/16/6 6408/16/6 6416/16/6
f 6415/15/6 6407/15/6 6416/15/6
f 6408/15/6 6409/15/6 6417/15/6
f 6416/16/6 6408/16/6 6417/16/6
f 6409/16/6 6410/16/6 6418/16/6
f 6417/15/6 6409/15/6 6418/15/6
f 6410/15/6 6411/15/6 6419/15/6
f 6418/16/6 6410/16/6 6419/16/6
f 6419/15/6 6411/15/6 6420/15/6
f 6412/15/6 6413/15/6 6421/15/6
f 6413/16/6 6414/16/6 6422/16/6
f 6421/15/6 6413/15/6 6422/15/6
f 6414/15/6 6415/15/6 6423/15/6
f 6422/16/6 6414/16/6 6423/16/6
f 6415/16/6 6416/16/6 6424/16/6
f 6423/15/6 6415/15/6 6424/15/6
f 6416/15/6 6417/15/6 6425/15/6
f 6424/16/6 6416/16/6 6425/16/6
f 6417/16/6 6418/16/6 6426/16/6
f 6425/15/6 6417/15/6 6426/15/6
f 6418/15/6 6419/15/6 6427/15/6
f 6426/16/6 6418/16/6 6427/16/6
f 6419/16/6 6420/16/6 6428/16/6
f 6427/15/6 6419/15/6 6428/15/6
f 6428/16/6 6420/16/6 6429/16/6
f 6421/16/6 6422/16/6 6430/16/6
f 6422/15/6 6423/15/6 6431/15/6
f 6430/16/6 6422/16/6 6431/16/6
f 6423/16/6 6424/16/6 6432/16/6
f 6431/15/6 6423/15/6 6432/15/6
f 6424/15/6 6425/15/6 6433/15/6
f 6432/16/6 6424/16/6 6433/16/6
f 6425/16/6 6426/16/6 6434/16/6
f 6433/15/6 6425/15/6 6434/15/6
f 6426/15/6 6427/15/6 6435/15/6
f 6434/16/6 6426/16/6 6435/16/6
f 6427/16/6 6428/16/6 6436/16/6
f 6435/15/6 6427/15/6 6436/15/6
f 6428/15/6 6429/15/6 6437/15/6
f 6436/16/6 6428/16/6 6437/16/6
f 6437/15/6 6429/15/6 6438/15/6
f 6431/16/6 6432/16/6 6439/16/6
f 6432/15/6 6433/15/6 6440/15/6
f 6439/16/6 6432/16/6 6440/16/6
f 6433/16/6 6434/16/6 6441/16/6
f 6440/15/6 6433/15/6 6441/15/6
f 6434/15/6 6435/15/6 6442/15/6
f 6441/16/6 6434/16/6 6442/16/6
f 6435/16/6 6436/16/6 6443/16/6
f 6442/15/6 6435/15/6 6443/15/6
f 6436/15/6 6437/15/6 6444/15/6
f 6443/16/6 6436/16/6 6444/16/6
f 6437/16/6 6438/16/6 6445/16/6
f 6444/15/6 6437/15/6 6445/15/6
f 6445/16/6 6438/16/6 6446/16/6
f 6439/15/6 6440/15/6 6447/15/6
f 6440/16/6 6441/16/6 6448/16/6
f 6447/15/6 6440/15/6 6448/15/6
f 6441/15/6 6442/15/6 6449/15/6
f 6448/16/6 6441/16/6 6449/16/6
f 6442/16/6 6443/16/6 6450/16/6
f 6449/15/6 6442/15/6 6450/15/6
f 6443/15/6 6444/15/6 6451/15/6
f 6450/16/6 6443/16/6 6451/16/6
f 6444/16/6 6445/16/6 6452/16/6
f 6451/15/6 6444/15/6 6452/15/6
f 6445/15/6 6446/15/6 6453/15/6
f 6452/16/6 6445/16/6 6453/16/6
f 6453/15/6 6446/15/6 6454/15/6
f 6447/16/6 6448/16/6 6455/16/6
f 6448/15/6 6449/15/6 6456/15/6
f 6455/16/6 6448/16/6 6456/16/6
f 6449/16/6 6450/16/6 6457/16/6
f 6456/15/6 6449/15/6 6457/15/6
f 6450/15/6 6451/15/6 6458/15/6
f 6457/16/6 6450/16/6 6458/16/6
f 6451/16/6 6452/16/6 6459/16/6
f 6458/15/6 6451/15/6 6459/15/6
f 6452/15/6 6453/15/6 6460/15/6
f 6459/16/6 6452/16/6 6460/16/6
f 6453/16/6 6454/16/6 6461/16/6
f 6460/15/6 6453/15/6 6461/15/6
f 6461/16/6 6454/16/6 6462/16/6
f 6455/15/6 6456/15/6 6463/15/6
f 6456/16/6 6457/16/6 6464/16/6
f 6463/15/6 6456/15/6 6464/15/6
f 6457/15/6 6458/15/6 6465/15/6
f 6464/16/6 6457/16/6 6465/16/6
f 6458/16/6 6459/16/6 6466/16/6
f 6465/15/6 6458/15/6 6466/15/6
f 6459/15/6 6460/15/6 6467/15/6
f 6466/16/6 6459/16/6 6467/16/6
f 6460/16/6 6461/16/6 6468/16/6
f 6467/15/6 6460/15/6 6468/15/6
f 6461/15/6 6462/15/6 6469/15/6
f 6468/16/6 6461/16/6 6469/16/6
f 6469/15/6 6462/15/6 6470/15/6
f 6463/16/6 6464/16/6 6471/16/6
f 6464/15/6 6465/15/6 6472/15/6
f 6471/16/6 6464/16/6 6472/16/6
f 6465/16/6 6466/16/6 6473/16/6
f 6472/15/6 6465/15/6 6473/15/6
f 6466/15/6 6467/15/6 6474/15/6
f 6473/16/6 6466/16/6 6474/16/6
f 6467/16/6 6468/16/6 6475/16/6
f 6474/15/6 6467/15/6 6475/15/6
f 6468/15/6 6469/15/6 6476/15/6
f 6475/16/6 6468/16/6 6476/16/6
f 6469/16/6 6470/16/6 6477/16/6
f 6476/15/6 6469/15/6 6477/15/6
f 6477/16/6 6470/16/6 6478/16/6
f 6471/15/6 6472/15/6 6479/15/6
f 6472/16/6 6473/16/6 6480/16/6
f 6479/15/6 6472/15/6 6480/15/6
f 6473/15/6 6474/15/6 6481/15/6
f 6480/16/6 6473/16/6 6481/16/6
f 6474/16/6 6475/16/6 6482/16/6
f 6481/15/6 6474/15/6 6482/15/6
f 6475/15/6 6476/15/6 6483/15/6
f 6482/16/6 6475/16/6 6483/16/6
f 6476/16/6 6477/16/6 6484/16/6
f 6483/15/6 6476/15/6 6484/15/6
f 6477/15/6 6478/15/6 6485/15/6
f 6484/16/6 6477/16/6 6485/16/6
f 6485/15/6 6478/15/6 6486/15/6
f 6479/16/6 6480/16/6 6487/16/6
f 6480/15/6 6481/15/6 6488/15/6
f 6487/16/6 6480/16/6 6488/16/6
f 6481/16/6 6482/16/6 6489/16/6
f 6488/15/6 6481/15/6 6489/15/6
f 6482/15/6 6483/15/6 6490/15/6
f 6489/16/6 6482/16/6 6490/16/6
f 6483/16/6 6484/16/6 6491/16/6
f 6490/15/6 6483/15/6 6491/15/6
f 6484/15/6 6485/15/6 6492/15/6
f 6491/16/6 6484/16/6 6492/16/6
f 6485/16/6 6486/16/6 6493/16/6
f 6492/15/6 6485/15/6 6493/15/6
f 6493/16/6 6486/16/6 6494/16/6
f 6487/15/6 6488/15/6 6495/15/6
f 6488/16/6 6489/16/6 6496/16/6
f 6495/15/6 6488/15/6 6496/15/6
f 6489/15/6 6490/15/6 6497/15/6
f 6496/16/6 6489/16/6 6497/16/6
f 6490/16/6 6491/16/6 6498/16/6
f 6497/15/6 6490/15/6 6498/15/6
f 6491/15/6 6492/15/6 6499/15/6
f 6498/16/6 6491/16/6 6499/16/6
f 6492/16/6 6493/16/6 6500/16/6
f 6499/15/6 6492/15/6 6500/15/6
f 6493/15/6 6494/15/6 6501/15/6
f 6500/16/6 6493/16/6 6501/16/6
f 6501/15/6 6494/15/6 6502/15/6
f 6495/16/6 6496/16/6 6503/16/6
f 6496/15/6 6497/15/6 6504/15/6
f 6503/16/6 6496/16/6 6504/16/6
f 6497/16/6 6498/16/6 6505/16/6
f 6504/15/6 6497/15/6 6505/15/6
f 6498/15/6 6499/15/6 6506/15/6
f 6505/16/6 6498/16/6 6506/16/6
f 6499/16/6 6500/16/6 6507/16/6
f 6506/15/6 6499/15/6 6507/15/6
f 6500/15/6 6501/15/6 6508/15/6
f 6507/16/6 6500/16/6 6508/16/6
f 6501/16/6 6502/16/6 6509/16/6
f 6508/15/6 6501/15/6 6509/15/6
f 6509/16/6 6502/16/6 6510/16/6
f 6503/15/6 6504/15/6 6511/15/6
f 6504/16/6 6505/16/6 6512/16/6
f 6511/15/6 6504/15/6 6512/15/6
f 6505/15/6 6506/15/6 6513/15/6
f 6512/16/6 6505/16/6 6513/16/6
f 6506/16/6 6507/16/6 6514/16/6
f 6513/15/6 6506/15/6 6514/15/6
f 6507/15/6 6508/15/6 6515/15/6
f 6514/16/6 6507/16/6 6515/16/6
f 6508/16/6 6509/16/6 6516/16/6
f 6515/15/6 6508/15/6 6516/15/6
f 6509/15/6 6510/15/6 6517/15/6
f 6516/16/6 6509/16/6 6517/16/6
f 6517/15/6 6510/15/6 6518/15/6
f 6511/16/6 6512/16/6 6519/16/6
f 6512/15/6 6513/15/6 6520/15/6
f 6519/16/6 6512/16/6 6520/16/6
f 6513/16/6 6514/16/6 6521/16/6
f 6520/15/6 6513/15/6 6521/15/6
f 6514/15/6 6515/15/6 6522/15/6
f 6521/16/6 6514/16/6 6522/16/6
f 6515/16/6 6516/16/6 6523/16/6
f 6522/15/6 6515/15/6 6523/15/6
f 6516/15/6 6517/15/6 6524/15/6
f 6523/16/6 6516/16/6 6524/16/6
f 6517/16/6 6518/16/6 6525/16/6
f 6524/15/6 6517/15/6 6525/15/6
f 6525/16/6 6518/16/6 6526/16/6
f 6519/15/6 6520/15/6 6527/15/6
f 6520/16/6 6521/16/6 6528/16/6
f 6527/15/6 6520/15/6 6528/15/6
f 6521/15/6 6522/15/6 6529/15/6
f 6528/16/6 6521/16/6 6529/16/6
f 6522/16/6 6523/16/6 6530/16/6
f 6529/15/6 6522/15/6 6530/15/6
f 6523/15/6 6524/15/6 6531/15/6
f 6530/16/6 6523/16/6 6531/16/6
f 6524/16/6 6525/16/6 6532/16/6
f 6531/15/6 6524/15/6 6532/15/6
f 6525/15/6 6526/15/6 6533/15/6
f 6532/16/6 6525/16/6 6533/16/6
f 6533/15/6 6526/15/6 6534/15/6
f 6527/16/6 6528/16/6 6535/16/6
f 6528/15/6 6529/15/6 6536/15/6
f 6535/16/6 6528/16/6 6536/16/6
f 6529/16/6 6530/16/6 6537/16/6
f 6536/15/6 6529/15/6 6537/15/6
f 6530/15/6 6531/15/6 6538/15/6
f 6537/16/6 6530/16/6 6538/16/6
f 6531/16/6 6532/16/6 6539/16/6
f 6538/15/6 6531/15/6 6539/15/6
f 6532/15/6 6533/15/6 6540/15/6
f 6539/16/6 6532/16/6 6540/16/6
f 6533/16/6 6534/16/6 6541/16/6
f 6540/15/6 6533/15/6 6541/15/6
f 6541/16/6 6534/16/6 6542/16/6
f 6535/15/6 6536/15/6 6543/15/6
f 6536/16/6 6537/16/6 6544/16/6
f 6543/15/6 6536/15/6 6544/15/6
f 6537/15/6 6538/15/6 6545/15/6
f 6544/16/6 6537/16/6 6545/16/6
f 6538/16/6 6539/16/6 6546/16/6
f 6545/15/6 6538/15/6 6546/15/6
f 6539/15/6 6540/15/6 6547/15/6
f 6546/16/6 6539/16/6 6547/16/6
f 6540/16/6 6541/16/6 6548/16/6
f 6547/15/6 6540/15/6 6548/15/6
f 6541/15/6 6542/15/6 6549/15/6
f 6548/16/6 6541/16/6 6549/16/6
f 6549/15/6 6542/15/6 6550/15/6
f 6543/16/6 6544/16/6 6551/16/6
f 6544/15/6 6545/15/6 6552/15/6
f 6551/16/6 6544/16/6 6552/16/6
f 6545/16/6 6546/16/6 6553/16/6
f 6552/15/6 6545/15/6 6553/15/6
f 6546/15/6 6547/15/6 6554/15/6
f 6553/16/6 6546/16/6 6554/16/6
f 6547/16/6 6548/16/6 6555/16/6
f 6554/15/6 6547/15/6 6555/15/6
f 6548/15/6 6549/15/6 6556/15/6
f 6555/16/6 6548/16/6 6556/16/6
f 6549/16/6 6550/16/6 6557/16/6
f 6556/15/6 6549/15/6 6557/15/6
f 6557/16/6 6550/16/6 6558/16/6
f 6551/15/6 6552/15/6 6559/15/6
f 6552/16/6 6553/16/6 6560/16/6
f 6559/15/6 6552/15/6 6560/15/6
f 6553/15/6 6554/15/6 6561/15/6
f 6560/16/6 6553/16/6 6561/16/6
f 6554/16/6 6555/16/6 6562/16/6
f 6561/15/6 6554/15/6 6562/15/6
f 6555/15/6 6556/15/6 6563/15/6
f 6562/16/6 6555/16/6 6563/16/6
f 6556/16/6 6557/16/6 6564/16/6
f 6563/15/6 6556/15/6 6564/15/6
f 6557/15/6 6558/15/6 6565/15/6
f 6564/16/6 6557/16/6 6565/16/6
f 6565/15/6 6558/15/6 6566/15/6
f 6559/16/6 6560/16/6 6567/16/6
f 6560/15/6 6561/15/6 6568/15/6
f 6567/16/6 6560/16/6 6568/16/6
f 6561/16/6 6562/16/6 6569/16/6
f 6568/15/6 6561/15/6 6569/15/6
f 6562/15/6 6563/15/6 6570/15/6
f 6569/16/6 6562/16/6 6570/16/6
f 6563/16/6 6564/16/6 6571/16/6
f 6570/15/6 6563/15/6 6571/15/6
f 6564/15/6 6565/15/6 6572/15/6
f 6571/16/6 6564/16/6 6572/16/6
f 6565/16/6 6566/16/6 6573/16/6
f 6572/15/6 6565/15/6 6573/15/6
f 6573/16/6 6566/16/6 6574/16/6
f 6567/15/6 6568/15/6 6575/15/6
f 6568/16/6 6569/16/6 6576/16/6
f 6575/15/6 6568/15/6 6576/15/6
f 6569/15/6 6570/15/6 6577/15/6
f 6576/16/6 6569/16/6 6577/16/6
f 6570/16/6 6571/16/6 6578/16/6
f 6577/15/6 6570/15/6 6578/15/6
f 6571/15/6 6572/15/6 6579/15/6
f 6578/16/6 6571/16/6 6579/16/6
f 6572/16/6 6573/16/6 6580/16/6
f 6579/15/6 6572/15/6 6580/15/6
f 6573/15/6 6574/15/6 6581/15/6
f 6580/16/6 6573/16/6 6581/16/6
f 6581/15/6 6574/15/6 6582/15/6
f 6583/15/6 6584/15/6 6585/15/6
f 6585/15/6 6584/15/6 6586/15/6
f 6586/15/6 6584/15/6 6587/15/6
f 6587/15/6 6584/15/6 6588/15/6
f 6588/15/6 6584/15/6 6589/15/6
f 6589/15/6 6584/15/6 6590/15/6
f 6590/15/6 6584/15/6 6591/15/6
f 6591/15/6 6584/15/6 6592/15/6
f 6583/15/6 6585/15/6 6593/15/6
f 6583/15/6 6593/15/6 6594/15/6
f 6583/15/6 6594/15/6 6595/15/6
f 6583/15/6 6595/15/6 6596/15/6
f 6592/15/6 6584/15/6 6599/15/6
f 6583/15/6 6596/15/6 6600/15/6
f 6597/15/6 6598/15/6 6601/15/6
f 6601/15/6 6598/15/6 6602/15/6
f 6583/15/6 6600/15/6 6603/15/6
f 6583/15/6 6603/15/6 6604/15/6
f 6583/15/6 6604/15/6 6607/15/6
f 6605/15/6 6606/15/6 6608/15/6
f 6583/15/6 6607/15/6 6609/15/6
f 6583/15/6 6609/15/6 6610/15/6
f 6608/15/6 6606/15/6 6611/15/6
f 6583/15/6 6610/15/6 6612/15/6
f 6611/15/6 6606/15/6 6613/15/6
f 6583/15/6 6612/15/6 6614/15/6
f 6583/15/6 6614/15/6 6615/15/6
f 6613/15/6 6606/15/6 6616/15/6
f 6616/15/6 6606/15/6 6617/15/6
f 6583/15/6 6615/15/6 6618/15/6
f 6583/15/6 6618/15/6 6619/15/6
f 6617/15/6 6606/15/6 6620/15/6
f 6583/15/6 6619/15/6 6621/15/6
f 6620/15/6 6606/15/6 6622/15/6
f 6583/15/6 6621/15/6 6623/15/6
f 6583/15/6 6623/15/6 6624/15/6
f 6622/15/6 6606/15/6 6625/15/6
f 6583/15/6 6624/15/6 6626/15/6
f 6625/15/6 6606/15/6 6633/15/6
f 6633/15/6 6606/15/6 6634/15/6
f 6599/15/6 6584/15/6 6635/15/6
f 6633/15/6 6634/15/6 6636/15/6
f 6634/15/6 6635/15/6 6636/15/6
f 6632/15/6 6633/15/6 6636/15/6
f 6631/15/6 6632/15/6 6636/15/6
f 6583/15/6 6626/15/6 6636/15/6
f 6630/15/6 6631/15/6 6636/15/6
f 6629/15/6 6630/15/6 6636/15/6
f 6628/15/6 6629/15/6 6636/15/6
f 6627/15/6 6628/15/6 6636/15/6
f 6626/15/6 6627/15/6 6636/15/6
f 6635/15/6 6584/15/6 6637/15/6
f 6636/15/6 6635/15/6 6637/15/6
f 6641/15/6 6642/15/6 6643/15/6
f 6643/15/6 6642/15/6 6644/15/6
f 6638/8/6 6639/8/6 6645/8/6
f 6639/14/6 6640/14/6 6646/14/6
f 6645/8/6 6639/8/6 6646/8/6
f 6646/14/6 6640/14/6 6647/14/6
f 6648/8/6 6649/8/6 6651/8/6
f 6649/14/6 6650/14/6 6652/14/6
f 6651/8/6 6649/8/6 6652/8/6
f 6652/14/6 6650/14/6 6653/14/6
f 6654/8/6 6655/8/6 6657/8/6
f 6655/14/6 6656/14/6 6658/14/6
f 6657/8/6 6655/8/6 6658/8/6
f 6658/14/6 6656/14/6 6659/14/6
f 6660/10/6 6661/10/6 6667/10/6
f 6667/10/6 6661/10/6 6668/10/6
f 6662/10/6 6663/10/6 6669/10/6
f 6669/10/6 6663/10/6 6670/10/6
f 6671/10/6 6672/10/6 6673/10/6
f 6673/10/6 6672/10/6 6674/10/6
f 6675/10/6 6676/10/6 6677/10/6
f 6677/10/6 6676/10/6 6678/10/6
f 6664/8/6 6665/8/6 6679/8/6
f 6665/14/6 6666/14/6 6680/14/6
f 6679/8/6 6665/8/6 6680/8/6
f 6680/14/6 6666/14/6 6681/14/6
f 6682/10/6 6683/10/6 6687/10/6
f 6687/10/6 6683/10/6 6688/10/6
f 6689/10/6 6690/10/6 6691/10/6
f 6691/10/6 6690/10/6 6692/10/6
f 6684/8/6 6685/8/6 6693/8/6
f 6685/14/6 6686/14/6 6694/14/6
f 6693/8/6 6685/8/6 6694/8/6
f 6694/14/6 6686/14/6 6695/14/6
f 6696/8/6 6697/8/6 6698/8/6
f 6696/8/6 6698/8/6 6699/8/6
f 6699/8/6 6698/8/6 6700/8/6
f 6701/10/6 6702/10/6 6703/10/6
f 6703/10/6 6702/10/6 6704/10/6
f 6705/10/6 6706/10/6 6707/10/6
f 6707/10/6 6706/10/6 6708/10/6
f 6709/15/6 6710/15/6 6713/15/6
f 6711/15/6 6712/15/6 6713/15/6
f 6710/15/6 6711/15/6 6713/15/6
f 6709/15/6 6713/15/6 6714/15/6
f 6709/15/6 6714/15/6 6715/15/6
f 6715/15/6 6714/15/6 6716/15/6
f 6717/10/6 6718/10/6 6721/10/6
f 6721/10/6 6718/10/6 6722/10/6
f 6719/10/6 6720/10/6 6723/10/6
f 6723/10/6 6720/10/6 6724/10/6
f 6724/10/6 6725/10/6 6726/10/6
f 6726/10/6 6725/10/6 6727/10/6
f 6728/10/6 6729/10/6 6730/10/6
f 6730/10/6 6729/10/6 6731/10/6
