# MagicaVoxel @ Ephtracy

# group
o 

# material
mtllib ortaHasarliEv.mtl
usemtl palette

# normals
vn -1 0 0
vn 1 0 0
vn 0 0 1
vn 0 0 -1
vn 0 -1 0
vn 0 1 0

# texcoords
vt 0.00585938 0.5
vt 0.0410156 0.5
vt 0.400391 0.5
vt 0.537109 0.5
vt 0.701172 0.5
vt 0.744141 0.5
vt 0.841797 0.5
vt 0.845703 0.5
vt 0.876953 0.5
vt 0.900391 0.5
vt 0.904297 0.5
vt 0.958984 0.5
vt 0.970703 0.5
vt 0.974609 0.5
vt 0.986328 0.5
vt 0.990234 0.5
vt 0.994141 0.5

# verts
v -5 0 5
v -5 0 -5
v -5 0.4 5
v -5 0.4 -5
v -4.5 0.4 -0.8
v -4.5 0.4 -0.9
v -4.5 0.4 -1.1
v -4.5 0.4 -1.2
v -4.5 0.5 -0.8
v -4.5 0.5 -0.9
v -4.5 0.5 -1.1
v -4.5 0.5 -1.2
v -4.3 0.4 -0.9
v -4.3 0.4 -1
v -4.3 0.5 -0.9
v -4.3 0.5 -1
v -4.2 0.4 -1
v -4.2 0.4 -1.1
v -4.2 0.5 -1
v -4.2 0.5 -1.1
v -4 0.4 4.2
v -4 0.4 3.6
v -4 0.4 3
v -4 0.4 -4
v -4 0.7 4.2
v -4 0.7 3.6
v -4 1 3
v -4 1 -4
v -4 1.1 4.2
v -4 1.1 3.6
v -4 1.2 4.2
v -4 1.2 3.6
v -4 2.6 3
v -4 2.6 -4
v -4 2.8 3
v -4 2.8 -4
v -4 4.4 3
v -4 4.4 -4
v -4 4.6 3
v -4 4.6 -4
v -4 6.2 3
v -4 6.2 -4
v -4 6.4 3
v -4 6.4 -4
v -4 8 3
v -4 8 -4
v -4 8.2 3
v -4 8.2 -4
v -4 9.8 3
v -4 9.8 -4
v -4 10.2 3
v -4 10.2 -4
v -3.9 1 2.9
v -3.9 1 -3.9
v -3.9 1.2 4.1
v -3.9 1.2 3.7
v -3.9 1.5 4.1
v -3.9 1.5 3.7
v -3.9 1.5 -0.6
v -3.9 1.5 -1.1
v -3.9 1.8 -0.9
v -3.9 1.8 -1
v -3.9 1.9 -0.9
v -3.9 1.9 -1
v -3.9 1.9 -1.1
v -3.9 2 -0.6
v -3.9 2 -1
v -3.9 2.6 2.9
v -3.9 2.6 -3.9
v -3.9 2.8 2.9
v -3.9 2.8 -3.9
v -3.9 2.9 2.9
v -3.9 2.9 2.8
v -3.9 2.9 2.7
v -3.9 3 2.9
v -3.9 3 2.8
v -3.9 3 2.7
v -3.9 4.4 2.9
v -3.9 4.4 -3.9
v -3.9 4.6 2.9
v -3.9 4.6 -3.9
v -3.9 6.2 2.9
v -3.9 6.2 -3.9
v -3.9 6.4 2.9
v -3.9 6.4 -3.9
v -3.9 8 2.9
v -3.9 8 -3.9
v -3.9 8.2 2.9
v -3.9 8.2 -3.9
v -3.9 9.8 2.9
v -3.9 9.8 -3.9
v -3.8 0.5 -2.3
v -3.8 0.5 -2.4
v -3.8 0.6 -2.3
v -3.8 0.6 -2.4
v -3.8 0.7 4
v -3.8 0.7 3.8
v -3.8 1.1 4
v -3.8 1.1 3.8
v -3.8 1.5 4
v -3.8 1.5 3.8
v -3.8 1.5 -0.6
v -3.8 1.5 -1.1
v -3.8 1.6 4
v -3.8 1.6 3.8
v -3.8 1.8 -0.9
v -3.8 1.8 -1
v -3.8 1.9 -0.9
v -3.8 1.9 -1
v -3.8 1.9 -1.1
v -3.8 2 -0.6
v -3.8 2 -1
v -3.8 2.9 2.9
v -3.8 2.9 2.8
v -3.8 3 2.9
v -3.8 3 2.8
v -3.7 3 2.9
v -3.7 3 2.8
v -3.7 3.2 2.9
v -3.7 3.2 2.8
v -3.7 5.3 -2.8
v -3.7 5.3 -2.9
v -3.7 5.4 -2.8
v -3.7 5.4 -2.9
v -3.6 3.2 2.9
v -3.6 3.2 2.8
v -3.6 3.4 2.9
v -3.6 3.4 2.8
v -3.5 3.4 2.9
v -3.5 3.4 2.8
v -3.5 3.6 2.9
v -3.5 3.6 2.8
v -3.4 3.6 2.9
v -3.4 3.6 2.8
v -3.4 3.8 2.9
v -3.4 3.8 2.8
v -3.3 2.9 3
v -3.3 2.9 2.9
v -3.3 3 3
v -3.3 3 2.9
v -3.3 3.8 2.9
v -3.3 3.8 2.8
v -3.3 4 2.9
v -3.3 4 2.8
v -3.3 4.7 3
v -3.3 4.7 2.9
v -3.3 4.8 3
v -3.3 4.8 2.9
v -3.3 6.5 3
v -3.3 6.5 2.9
v -3.3 6.6 3
v -3.3 6.6 2.9
v -3.3 8.3 3
v -3.3 8.3 2.9
v -3.3 8.4 3
v -3.3 8.4 2.9
v -3.2 1.1 3
v -3.2 1.1 2.9
v -3.2 1.2 3
v -3.2 1.2 2.9
v -3.2 4.1 2.9
v -3.2 4.1 2.8
v -3.2 4.2 2.9
v -3.2 4.2 2.8
v -3.1 0.9 -3.8
v -3.1 0.9 -3.9
v -3.1 1 -3.8
v -3.1 1 -3.9
v -2.8 0.7 3.1
v -2.8 0.7 3
v -2.8 0.8 3.1
v -2.8 0.8 3
v -2.7 0.9 3.1
v -2.7 0.9 3
v -2.7 1 3.1
v -2.7 1 3
v -2.7 6.1 -3.7
v -2.7 6.1 -3.8
v -2.7 6.2 -3.7
v -2.7 6.2 -3.8
v -2.3 0.7 3.1
v -2.3 0.7 3
v -2.3 0.8 3.1
v -2.3 0.8 3
v -1.9 5 -3.7
v -1.9 5 -3.8
v -1.9 5.1 -3.7
v -1.9 5.1 -3.8
v -1.6 0.4 4.2
v -1.6 0.4 3.6
v -1.6 0.7 4.2
v -1.6 0.7 3.6
v -1.6 1.1 4.2
v -1.6 1.1 3.6
v -1.6 1.2 4.2
v -1.6 1.2 3.6
v -1.6 1.2 2.9
v -1.6 1.2 2.8
v -1.6 2.3 2.9
v -1.6 2.3 2.8
v -1.6 3 2.9
v -1.6 3 2.8
v -1.6 4.1 2.9
v -1.6 4.1 2.8
v -1.6 4.8 2.9
v -1.6 4.8 2.8
v -1.6 5.9 2.9
v -1.6 5.9 2.8
v -1.6 6.6 2.9
v -1.6 6.6 2.8
v -1.6 7.7 2.9
v -1.6 7.7 2.8
v -1.6 8.4 2.9
v -1.6 8.4 2.8
v -1.6 9.5 2.9
v -1.6 9.5 2.8
v -1.5 1.2 4.1
v -1.5 1.2 3.7
v -1.5 1.5 4.1
v -1.5 1.5 3.7
v -1.4 0.7 4
v -1.4 0.7 3.8
v -1.4 1.1 4
v -1.4 1.1 3.8
v -1.4 1.5 4
v -1.4 1.5 3.8
v -1.4 1.6 4
v -1.4 1.6 3.8
v -1.3 7.7 2.9
v -1.3 7.7 2.8
v -1.3 7.8 2.9
v -1.3 7.8 2.8
v -1.2 3.3 2.8
v -1.2 3.3 2.7
v -1.2 3.4 2.8
v -1.2 3.4 2.7
v -1.2 7.5 2.9
v -1.2 7.5 2.8
v -1.2 7.7 2.9
v -1.2 7.7 2.8
v -1.1 7.3 2.9
v -1.1 7.3 2.8
v -1.1 7.5 2.9
v -1.1 7.5 2.8
v -1 7.2 2.9
v -1 7.2 2.8
v -1 7.3 2.9
v -1 7.3 2.8
v -1 11.6 -0.9
v -1 11.6 -3.8
v -1 11.7 -0.9
v -1 11.7 -3.8
v -0.9 3.7 -3.7
v -0.9 3.7 -3.8
v -0.9 3.8 -3.7
v -0.9 3.8 -3.8
v -0.9 6.9 -3.7
v -0.9 6.9 -3.8
v -0.9 7 2.9
v -0.9 7 2.8
v -0.9 7 -3.7
v -0.9 7 -3.8
v -0.9 7.2 2.9
v -0.9 7.2 2.8
v -0.9 11.7 -1.9
v -0.9 11.7 -3.7
v -0.9 11.8 -1.9
v -0.9 11.8 -3.7
v -0.8 3 3.3
v -0.8 3 3.2
v -0.8 3.1 3.3
v -0.8 3.1 3.2
v -0.8 3.1 3
v -0.8 3.2 3.2
v -0.8 3.2 3
v -0.8 4.7 3.3
v -0.8 4.7 3.2
v -0.8 4.8 3.2
v -0.8 4.8 3.1
v -0.8 4.9 3.3
v -0.8 4.9 3.1
v -0.8 5 3.3
v -0.8 5 3.1
v -0.8 6.6 3.2
v -0.8 6.6 3
v -0.8 6.7 3.2
v -0.8 6.7 3
v -0.8 6.8 2.9
v -0.8 6.8 2.8
v -0.8 7 2.9
v -0.8 7 2.8
v -0.8 8.4 3.2
v -0.8 8.4 3.1
v -0.8 8.4 3
v -0.8 8.5 3.2
v -0.8 8.5 3.1
v -0.8 8.6 3.1
v -0.8 8.6 3
v -0.8 10 -2
v -0.8 10 -3.6
v -0.8 11.6 -2
v -0.8 11.6 -3.6
v -0.7 2.6 3.3
v -0.7 2.6 3
v -0.7 2.8 3.3
v -0.7 2.8 3.1
v -0.7 2.8 3
v -0.7 3 3.4
v -0.7 3 3.3
v -0.7 3 3.2
v -0.7 3 3.1
v -0.7 3 2.9
v -0.7 3.1 3.4
v -0.7 3.1 3.3
v -0.7 3.1 3.2
v -0.7 3.1 3
v -0.7 3.1 2.9
v -0.7 3.2 3.3
v -0.7 3.2 3.2
v -0.7 3.2 3.1
v -0.7 3.3 3.3
v -0.7 3.3 3.1
v -0.7 4.4 3.3
v -0.7 4.4 3
v -0.7 4.6 3.3
v -0.7 4.6 3.1
v -0.7 4.6 3
v -0.7 4.7 3.3
v -0.7 4.7 3.2
v -0.7 4.8 3.4
v -0.7 4.8 3.3
v -0.7 4.8 3.2
v -0.7 4.8 3.1
v -0.7 4.8 2.9
v -0.7 4.9 3.4
v -0.7 4.9 3.3
v -0.7 4.9 3.1
v -0.7 4.9 2.9
v -0.7 5 3.2
v -0.7 5 3.1
v -0.7 5.1 3.2
v -0.7 5.1 3.1
v -0.7 6.2 3.3
v -0.7 6.2 3
v -0.7 6.4 3.3
v -0.7 6.4 3.1
v -0.7 6.4 3
v -0.7 6.6 3.4
v -0.7 6.6 3.3
v -0.7 6.6 3.2
v -0.7 6.6 3.1
v -0.7 6.6 3
v -0.7 6.6 2.9
v -0.7 6.7 3.4
v -0.7 6.7 3.3
v -0.7 6.7 3.2
v -0.7 6.7 3
v -0.7 6.7 2.9
v -0.7 6.7 2.8
v -0.7 6.8 3.4
v -0.7 6.8 3.3
v -0.7 6.8 3.2
v -0.7 6.8 3
v -0.7 6.8 2.9
v -0.7 6.8 2.8
v -0.7 6.9 3.3
v -0.7 6.9 3.2
v -0.7 8 3.3
v -0.7 8 3
v -0.7 8.2 3.3
v -0.7 8.2 3.1
v -0.7 8.2 3
v -0.7 8.4 3.2
v -0.7 8.4 3.1
v -0.7 8.4 3
v -0.7 8.4 2.9
v -0.7 8.5 3.3
v -0.7 8.5 3.2
v -0.7 8.5 3.1
v -0.7 8.5 3
v -0.7 8.5 2.9
v -0.7 8.6 3.4
v -0.7 8.6 3.3
v -0.7 8.6 3.2
v -0.7 8.6 3.1
v -0.7 8.7 3.4
v -0.7 8.7 3.2
v -0.7 8.7 3.1
v -0.7 9.8 3.3
v -0.7 9.8 3
v -0.7 10 3.3
v -0.7 10 3
v -0.6 0.4 4.1
v -0.6 0.4 3
v -0.6 0.8 4.1
v -0.6 0.8 3.8
v -0.6 1 3.8
v -0.6 1 3.5
v -0.6 1 3
v -0.6 1 2.9
v -0.6 1.2 3.5
v -0.6 1.2 2.9
v -0.6 2.5 3.2
v -0.6 2.5 2.9
v -0.6 2.6 3.2
v -0.6 2.6 2.9
v -0.6 4.3 3.2
v -0.6 4.3 2.9
v -0.6 4.4 3.2
v -0.6 4.4 2.9
v -0.6 4.9 3.4
v -0.6 4.9 3.3
v -0.6 5 3.4
v -0.6 5 3.3
v -0.6 6.1 3.2
v -0.6 6.1 2.9
v -0.6 6.2 3.2
v -0.6 6.2 2.9
v -0.6 7.9 3.2
v -0.6 7.9 2.9
v -0.6 8 3.2
v -0.6 8 2.9
v -0.6 9.7 3.2
v -0.6 9.7 2.9
v -0.6 9.8 3.2
v -0.6 9.8 2.9
v -0.5 10 -1.9
v -0.5 10 -2
v -0.5 11.3 -1.9
v -0.5 11.3 -2
v -0.4 8.4 3.4
v -0.4 8.4 3.3
v -0.4 8.5 3.4
v -0.4 8.5 3.3
v -0.4 8.5 3.2
v -0.4 8.6 3.3
v -0.4 8.6 3.2
v -0.3 2.8 3.3
v -0.3 2.8 3.1
v -0.3 3 3.3
v -0.3 3 3.1
v -0.3 4.6 3.3
v -0.3 4.6 3.1
v -0.3 4.8 3.3
v -0.3 4.8 3.1
v -0.3 5.4 -3.8
v -0.3 5.4 -3.9
v -0.3 5.6 -3.8
v -0.3 5.6 -3.9
v -0.3 6.4 3.3
v -0.3 6.4 3.1
v -0.3 6.6 3.4
v -0.3 6.6 3.3
v -0.3 6.6 3.1
v -0.3 6.7 3.4
v -0.3 6.7 3.3
v -0.3 6.7 3.1
v -0.3 6.8 3.4
v -0.3 6.8 3.3
v -0.3 6.8 3.2
v -0.3 6.8 3.1
v -0.3 6.9 3.3
v -0.3 6.9 3.2
v -0.3 8.2 3.3
v -0.3 8.2 3.1
v -0.3 8.4 3.3
v -0.3 8.4 3.1
v -0.3 8.5 3.2
v -0.3 8.5 3.1
v -0.3 8.6 3.2
v -0.3 8.6 3.1
v -0.2 6.8 3.4
v -0.2 6.8 3.3
v -0.2 6.9 3.4
v -0.2 6.9 3.3
v -0.2 8.6 3.3
v -0.2 8.6 3.2
v -0.2 8.7 3.3
v -0.2 8.7 3.2
v -0.2 10.5 -1.9
v -0.2 10.5 -2
v -0.2 10.6 -1.9
v -0.2 10.6 -2
v -0.0999999 3.1 3.3
v -0.0999999 3.1 3.1
v -0.0999999 3.2 3.3
v -0.0999999 3.2 3.2
v -0.0999999 3.2 3.1
v -0.0999999 3.3 3.3
v -0.0999999 3.3 3.2
v -0.0999999 4.8 3.4
v -0.0999999 4.8 3.3
v -0.0999999 4.9 3.4
v -0.0999999 4.9 3.3
v -0.0999999 4.9 3.2
v -0.0999999 5 3.4
v -0.0999999 5 3.3
v -0.0999999 5 3.2
v -0.0999999 5.2 -3.8
v -0.0999999 5.2 -3.9
v -0.0999999 5.3 -3.8
v -0.0999999 5.3 -3.9
v -0.0999999 6.6 3.4
v -0.0999999 6.6 3.3
v -0.0999999 6.7 3.4
v -0.0999999 6.7 3.3
v -0.0999999 8.5 3.4
v -0.0999999 8.5 3.3
v -0.0999999 8.6 3.4
v -0.0999999 8.6 3.3
v 0 0.4 -4.2
v 0 0.4 -4.3
v 0 0.4 -4.4
v 0 0.4 -4.5
v 0 0.5 -4.4
v 0 0.5 -4.5
v 0 0.6 -4.2
v 0 0.6 -4.3
v 0 3 3.4
v 0 3 3.3
v 0 3.1 3.4
v 0 3.1 3.3
v 0 3.2 3.4
v 0 3.2 3.3
v 0 3.2 3.2
v 0 3.2 3.1
v 0 3.3 3.2
v 0 3.3 3.1
v 0 4.9 3.2
v 0 4.9 3.1
v 0 5 3.3
v 0 5 3.2
v 0 5 3.1
v 0 5.1 3.3
v 0 5.1 3.1
v 0 6.8 3.3
v 0 6.8 3.2
v 0 6.9 3.3
v 0 6.9 3.2
v 0 8.4 3.4
v 0 8.4 3.3
v 0 8.5 3.4
v 0 8.5 3.3
v 0.1 3.2 3.3
v 0.1 3.2 3.2
v 0.1 3.3 3.3
v 0.1 3.3 3.2
v 0.1 5.3 -3.8
v 0.1 5.3 -3.9
v 0.1 5.8 -3.8
v 0.1 5.8 -3.9
v 0.2 0.4 3
v 0.2 0.4 2.9
v 0.2 0.5 3
v 0.2 0.5 2.9
v 0.2 2.8 3.3
v 0.2 2.8 3.1
v 0.2 3 3.3
v 0.2 3 3.1
v 0.2 4.6 3.3
v 0.2 4.6 3.1
v 0.2 4.8 3.3
v 0.2 4.8 3.1
v 0.2 6.4 3.3
v 0.2 6.4 3.1
v 0.2 6.6 3.4
v 0.2 6.6 3.3
v 0.2 6.6 3.1
v 0.2 6.7 3.4
v 0.2 6.7 3.3
v 0.2 6.7 3.2
v 0.2 6.8 3.3
v 0.2 6.8 3.2
v 0.2 8.2 3.3
v 0.2 8.2 3.1
v 0.2 8.4 3.4
v 0.2 8.4 3.3
v 0.2 8.4 3.1
v 0.2 8.5 3.4
v 0.2 8.5 3.3
v 0.2 8.5 3.2
v 0.2 8.6 3.3
v 0.2 8.6 3.2
v 0.2 10.5 -1.9
v 0.2 10.5 -2
v 0.2 10.6 -1.9
v 0.2 10.6 -2
v 0.3 0.4 -4.5
v 0.3 0.4 -4.6
v 0.3 0.5 -4.5
v 0.3 0.5 -4.6
v 0.3 6.7 3.2
v 0.3 6.7 3.1
v 0.3 6.8 3.3
v 0.3 6.8 3.2
v 0.3 6.8 3.1
v 0.3 6.9 3.3
v 0.3 6.9 3.2
v 0.3 8.5 3.4
v 0.3 8.5 3.3
v 0.3 8.5 3.2
v 0.3 8.5 3.1
v 0.3 8.6 3.4
v 0.3 8.6 3.3
v 0.3 8.6 3.2
v 0.3 8.6 3.1
v 0.3 8.7 3.4
v 0.3 8.7 3.3
v 0.3 8.7 3.2
v 0.3 8.7 3.1
v 0.4 0.4 -4.2
v 0.4 0.4 -4.3
v 0.4 0.5 -4.2
v 0.4 0.5 -4.3
v 0.4 3.1 3.3
v 0.4 3.1 3.2
v 0.4 3.2 3.3
v 0.4 3.2 3.2
v 0.5 0.4 4.1
v 0.5 0.4 3.9
v 0.5 0.6 3.9
v 0.5 0.6 3.6
v 0.5 0.8 4.1
v 0.5 0.8 3.8
v 0.5 0.8 3.6
v 0.5 0.8 3.3
v 0.5 1 3.8
v 0.5 1 3.5
v 0.5 1 3.3
v 0.5 1 2.7
v 0.5 1.2 3.5
v 0.5 1.2 2.9
v 0.5 1.7 2.9
v 0.5 1.7 2.8
v 0.5 1.8 2.9
v 0.5 1.8 2.8
v 0.5 2 2.9
v 0.5 2 2.8
v 0.5 2.4 2.9
v 0.5 2.4 2.7
v 0.5 2.8 2.9
v 0.5 2.8 2.7
v 0.5 4.2 2.9
v 0.5 4.2 2.7
v 0.5 4.6 2.9
v 0.5 4.6 2.7
v 0.5 4.9 3.3
v 0.5 4.9 3.2
v 0.5 5 3.3
v 0.5 5 3.2
v 0.5 6 2.9
v 0.5 6 2.7
v 0.5 6.4 2.9
v 0.5 6.4 2.7
v 0.5 7.8 2.9
v 0.5 7.8 2.7
v 0.5 8.2 2.9
v 0.5 8.2 2.7
v 0.5 9.6 2.9
v 0.5 9.6 2.7
v 0.6 0.4 -4.4
v 0.6 0.4 -4.5
v 0.6 0.5 -4.4
v 0.6 0.5 -4.5
v 0.6 2.8 3.3
v 0.6 2.8 3.1
v 0.6 3 3.4
v 0.6 3 3.3
v 0.6 3 3.1
v 0.6 3 2.9
v 0.6 3.1 3.3
v 0.6 3.1 3.2
v 0.6 3.1 3.1
v 0.6 3.1 2.9
v 0.6 3.2 3.4
v 0.6 3.2 3.3
v 0.6 3.2 3.2
v 0.6 3.2 3.1
v 0.6 3.3 3.4
v 0.6 3.3 3.3
v 0.6 3.3 3.2
v 0.6 3.3 3.1
v 0.6 4.6 3.3
v 0.6 4.6 3.1
v 0.6 4.8 3.4
v 0.6 4.8 3.3
v 0.6 4.8 3.1
v 0.6 4.8 2.9
v 0.6 4.9 3.4
v 0.6 4.9 3.3
v 0.6 4.9 3.2
v 0.6 4.9 3.1
v 0.6 4.9 3
v 0.6 4.9 2.9
v 0.6 5 3.4
v 0.6 5 3.3
v 0.6 5 3.2
v 0.6 5 3.1
v 0.6 5 3
v 0.6 6.4 3.3
v 0.6 6.4 3.1
v 0.6 6.6 3.3
v 0.6 6.6 3.1
v 0.6 6.6 2.9
v 0.6 6.7 3.4
v 0.6 6.7 3.3
v 0.6 6.7 3.1
v 0.6 6.7 3
v 0.6 6.7 2.9
v 0.6 6.8 3.4
v 0.6 6.8 3.3
v 0.6 6.8 3
v 0.6 6.9 3.4
v 0.6 6.9 3.3
v 0.6 8.2 3.3
v 0.6 8.2 3.1
v 0.6 8.4 3.3
v 0.6 8.4 3.1
v 0.6 8.4 2.9
v 0.6 8.5 3.1
v 0.6 8.5 3
v 0.6 8.5 2.9
v 0.6 8.6 3.1
v 0.6 8.6 3
v 0.6 10 -1.9
v 0.6 10 -2
v 0.6 11.2 -1.9
v 0.6 11.2 -2
v 0.7 3.1 3.1
v 0.7 3.1 3
v 0.7 3.2 3.3
v 0.7 3.2 3.2
v 0.7 3.2 3.1
v 0.7 3.2 3
v 0.7 3.3 3.3
v 0.7 3.3 3.2
v 0.7 5 3.3
v 0.7 5 3.2
v 0.7 5 3.1
v 0.7 5.1 3.3
v 0.7 5.1 3.1
v 0.7 6.6 3.4
v 0.7 6.6 3.3
v 0.7 6.7 3.4
v 0.7 6.7 3.3
v 0.7 6.8 3.2
v 0.7 6.8 3.1
v 0.7 6.9 3.2
v 0.7 6.9 3.1
v 0.7 8.5 3.3
v 0.7 8.5 3.1
v 0.7 8.5 3
v 0.7 8.5 2.9
v 0.7 8.6 3.3
v 0.7 8.6 3.2
v 0.7 8.6 3.1
v 0.7 8.6 3
v 0.7 8.6 2.9
v 0.7 8.7 3.3
v 0.7 8.7 3.2
v 0.9 0.4 -4.3
v 0.9 0.4 -4.4
v 0.9 0.5 -4.3
v 0.9 0.5 -4.4
v 0.9 0.9 3
v 0.9 0.9 2.9
v 0.9 1 3
v 0.9 1 2.9
v 1.1 0.4 4.2
v 1.1 0.4 3.6
v 1.1 0.7 4.2
v 1.1 0.7 3.6
v 1.1 1.1 4.2
v 1.1 1.1 3.6
v 1.1 1.2 4.2
v 1.1 1.2 3.6
v 1.2 1.2 4.1
v 1.2 1.2 3.7
v 1.2 1.5 4.1
v 1.2 1.5 3.7
v 1.3 0.7 4
v 1.3 0.7 3.8
v 1.3 1.1 4
v 1.3 1.1 3.8
v 1.3 1.5 4
v 1.3 1.5 3.8
v 1.3 1.6 4
v 1.3 1.6 3.8
v 1.6 1.1 3
v 1.6 1.1 2.9
v 1.6 1.2 3
v 1.6 1.2 2.9
v 1.6 2.9 3
v 1.6 2.9 2.9
v 1.6 3 3
v 1.6 3 2.9
v 1.6 4.7 3
v 1.6 4.7 2.9
v 1.6 4.8 3
v 1.6 4.8 2.9
v 1.6 6.5 3
v 1.6 6.5 2.9
v 1.6 6.6 3
v 1.6 6.6 2.9
v 1.6 8.3 3
v 1.6 8.3 2.9
v 1.6 8.4 3
v 1.6 8.4 2.9
v 2.1 0.9 -3.9
v 2.1 0.9 -4
v 2.1 1 -3.9
v 2.1 1 -4
v 2.6 0.8 3.1
v 2.6 0.8 3
v 2.6 0.9 3.1
v 2.6 0.9 3
v 2.7 2.1 -3.7
v 2.7 2.1 -3.8
v 2.7 2.2 -3.7
v 2.7 2.2 -3.8
v 3 0.9 3.1
v 3 0.9 3
v 3 1 3.1
v 3 1 3
v 3 6.5 -3.7
v 3 6.5 -3.8
v 3 6.6 -3.7
v 3 6.6 -3.8
v 3.1 0.7 3.1
v 3.1 0.7 3
v 3.1 0.8 3.1
v 3.1 0.8 3
v 3.3 1.2 2.9
v 3.3 1.2 2.8
v 3.3 2.3 2.9
v 3.3 2.3 2.8
v 3.3 3 2.9
v 3.3 3 2.8
v 3.3 4.1 2.9
v 3.3 4.1 2.8
v 3.3 4.8 2.9
v 3.3 4.8 2.8
v 3.3 5.9 2.9
v 3.3 5.9 2.8
v 3.3 6.6 2.9
v 3.3 6.6 2.8
v 3.3 7.7 2.9
v 3.3 7.7 2.8
v 3.3 8.4 2.9
v 3.3 8.4 2.8
v 3.3 9.5 2.9
v 3.3 9.5 2.8
v 3.4 8.4 -3.7
v 3.4 8.4 -3.8
v 3.4 8.5 -3.7
v 3.4 8.5 -3.8
v 3.5 0.4 4.2
v 3.5 0.4 3.6
v 3.5 0.7 4.2
v 3.5 0.7 3.6
v 3.5 1.1 4.2
v 3.5 1.1 3.6
v 3.5 1.2 4.2
v 3.5 1.2 3.6
v 3.6 1.2 4.1
v 3.6 1.2 3.7
v 3.6 1.5 4.1
v 3.6 1.5 3.7
v 3.7 0.7 4
v 3.7 0.7 3.8
v 3.7 1.1 4
v 3.7 1.1 3.8
v 3.7 1.5 4
v 3.7 1.5 3.8
v 3.7 1.6 4
v 3.7 1.6 3.8
v 3.7 9.2 2.8
v 3.7 9.2 2.7
v 3.7 9.3 2.8
v 3.7 9.3 2.7
v 3.7 9.4 2.8
v 3.7 9.4 2.7
v 3.7 9.5 2.8
v 3.7 9.5 2.7
v 3.8 9.6 2
v 3.8 9.6 1.9
v 3.8 9.7 2
v 3.8 9.7 1.9
v 3.9 9.5 1.8
v 3.9 9.5 1.7
v 3.9 9.6 1.8
v 3.9 9.6 1.7
v 3.9 10 2.8
v 3.9 10 -3.8
v 3.9 10.2 2.8
v 3.9 10.2 -3.8
v -4.4 0.4 -1.1
v -4.4 0.4 -1.2
v -4.4 0.5 -1.1
v -4.4 0.5 -1.2
v -4.3 0.4 -0.8
v -4.3 0.4 -0.9
v -4.3 0.5 -0.8
v -4.3 0.5 -0.9
v -4.2 0.4 -0.9
v -4.2 0.4 -1
v -4.2 0.5 -0.9
v -4.2 0.5 -1
v -4.1 0.4 -1
v -4.1 0.4 -1.1
v -4.1 0.5 -1
v -4.1 0.5 -1.1
v -3.9 0.5 -2.3
v -3.9 0.5 -2.4
v -3.9 0.6 -2.3
v -3.9 0.6 -2.4
v -3.8 3 2.9
v -3.8 3 2.8
v -3.8 3.2 2.9
v -3.8 3.2 2.8
v -3.8 5.3 -2.8
v -3.8 5.3 -2.9
v -3.8 5.4 -2.8
v -3.8 5.4 -2.9
v -3.8 10 2.8
v -3.8 10 -3.8
v -3.8 10.2 2.8
v -3.8 10.2 -3.8
v -3.7 3.2 2.9
v -3.7 3.2 2.8
v -3.7 3.4 2.9
v -3.7 3.4 2.8
v -3.6 0.7 4
v -3.6 0.7 3.8
v -3.6 1.1 4
v -3.6 1.1 3.8
v -3.6 1.5 4
v -3.6 1.5 3.8
v -3.6 1.6 4
v -3.6 1.6 3.8
v -3.6 3.4 2.9
v -3.6 3.4 2.8
v -3.6 3.6 2.9
v -3.6 3.6 2.8
v -3.5 1.2 4.1
v -3.5 1.2 3.7
v -3.5 1.5 4.1
v -3.5 1.5 3.7
v -3.5 3.6 2.9
v -3.5 3.6 2.8
v -3.5 3.8 2.9
v -3.5 3.8 2.8
v -3.4 0.4 4.2
v -3.4 0.4 3.6
v -3.4 0.7 4.2
v -3.4 0.7 3.6
v -3.4 1.1 4.2
v -3.4 1.1 3.6
v -3.4 1.2 4.2
v -3.4 1.2 3.6
v -3.4 3.8 2.9
v -3.4 3.8 2.8
v -3.4 4 2.9
v -3.4 4 2.8
v -3.3 4 2.9
v -3.3 4 2.8
v -3.3 4.2 2.9
v -3.3 4.2 2.8
v -3.2 0.9 -3.8
v -3.2 0.9 -3.9
v -3.2 1 -3.8
v -3.2 1 -3.9
v -3.2 1.2 2.9
v -3.2 1.2 2.8
v -3.2 2.3 2.9
v -3.2 2.3 2.8
v -3.2 3 2.9
v -3.2 3 2.8
v -3.2 4 2.9
v -3.2 4 2.8
v -3.2 4.8 2.9
v -3.2 4.8 2.8
v -3.2 5.9 2.9
v -3.2 5.9 2.8
v -3.2 6.6 2.9
v -3.2 6.6 2.8
v -3.2 7.7 2.9
v -3.2 7.7 2.8
v -3.2 8.4 2.9
v -3.2 8.4 2.8
v -3.2 9.5 2.9
v -3.2 9.5 2.8
v -2.8 6.1 -3.7
v -2.8 6.1 -3.8
v -2.8 6.2 -3.7
v -2.8 6.2 -3.8
v -2.7 0.7 3.1
v -2.7 0.7 3
v -2.7 0.8 3.1
v -2.7 0.8 3
v -2.6 0.9 3.1
v -2.6 0.9 3
v -2.6 1 3.1
v -2.6 1 3
v -2.2 0.7 3.1
v -2.2 0.7 3
v -2.2 0.8 3.1
v -2.2 0.8 3
v -2 5 -3.7
v -2 5 -3.8
v -2 5.1 -3.7
v -2 5.1 -3.8
v -1.5 1.1 3
v -1.5 1.1 2.9
v -1.5 1.2 3
v -1.5 1.2 2.9
v -1.5 2.9 3
v -1.5 2.9 2.9
v -1.5 3 3
v -1.5 3 2.9
v -1.5 4.7 3
v -1.5 4.7 2.9
v -1.5 4.8 3
v -1.5 4.8 2.9
v -1.5 6.5 3
v -1.5 6.5 2.9
v -1.5 6.6 3
v -1.5 6.6 2.9
v -1.5 8.3 3
v -1.5 8.3 2.9
v -1.5 8.4 3
v -1.5 8.4 2.9
v -1.4 7.7 2.9
v -1.4 7.7 2.8
v -1.4 7.8 2.9
v -1.4 7.8 2.8
v -1.3 3.3 2.8
v -1.3 3.3 2.7
v -1.3 3.4 2.8
v -1.3 3.4 2.7
v -1.3 7.5 2.9
v -1.3 7.5 2.8
v -1.3 7.7 2.9
v -1.3 7.7 2.8
v -1.2 0.7 4
v -1.2 0.7 3.8
v -1.2 1.1 4
v -1.2 1.1 3.8
v -1.2 1.5 4
v -1.2 1.5 3.8
v -1.2 1.6 4
v -1.2 1.6 3.8
v -1.2 7.3 2.9
v -1.2 7.3 2.8
v -1.2 7.5 2.9
v -1.2 7.5 2.8
v -1.1 1.2 4.1
v -1.1 1.2 3.7
v -1.1 1.5 4.1
v -1.1 1.5 3.7
v -1.1 7.2 2.9
v -1.1 7.2 2.8
v -1.1 7.3 2.9
v -1.1 7.3 2.8
v -1 0.4 4.2
v -1 0.4 3.6
v -1 0.7 4.2
v -1 0.7 3.6
v -1 1.1 4.2
v -1 1.1 3.6
v -1 1.2 4.2
v -1 1.2 3.6
v -1 3.7 -3.7
v -1 3.7 -3.8
v -1 3.8 -3.7
v -1 3.8 -3.8
v -1 6.9 -3.7
v -1 6.9 -3.8
v -1 7 2.9
v -1 7 2.8
v -1 7 -3.7
v -1 7 -3.8
v -1 7.2 2.9
v -1 7.2 2.8
v -0.9 6.8 2.9
v -0.9 6.8 2.8
v -0.9 7 2.9
v -0.9 7 2.8
v -0.8 6.7 2.9
v -0.8 6.7 2.8
v -0.8 6.8 2.9
v -0.8 6.8 2.8
v -0.6 3 3.4
v -0.6 3 3.3
v -0.6 3.1 3.4
v -0.6 3.1 3.3
v -0.6 3.1 3.1
v -0.6 3.1 3
v -0.6 3.2 3.2
v -0.6 3.2 3.1
v -0.6 3.2 3
v -0.6 3.3 3.2
v -0.6 3.3 3.1
v -0.6 6.7 3.4
v -0.6 6.7 3.3
v -0.6 6.7 3.1
v -0.6 6.7 3
v -0.6 6.8 3.4
v -0.6 6.8 3.3
v -0.6 6.8 3.2
v -0.6 6.8 3.1
v -0.6 6.8 3
v -0.6 6.9 3.3
v -0.6 6.9 3.2
v -0.6 8.5 3.3
v -0.6 8.5 3.2
v -0.6 8.5 3.1
v -0.6 8.5 3
v -0.6 8.6 3.4
v -0.6 8.6 3.3
v -0.6 8.6 3.2
v -0.6 8.6 3.1
v -0.6 8.6 3
v -0.6 8.7 3.4
v -0.6 8.7 3.2
v -0.5 2.8 3.3
v -0.5 2.8 3.1
v -0.5 3 3.3
v -0.5 3 3.1
v -0.5 3 2.9
v -0.5 3.1 3.2
v -0.5 3.1 3.1
v -0.5 3.1 2.9
v -0.5 3.2 3.3
v -0.5 3.2 3.2
v -0.5 3.2 3.1
v -0.5 3.3 3.3
v -0.5 3.3 3.2
v -0.5 4.6 3.3
v -0.5 4.6 3.1
v -0.5 4.8 3.4
v -0.5 4.8 3.3
v -0.5 4.8 3.1
v -0.5 4.8 2.9
v -0.5 4.9 3.4
v -0.5 4.9 3.3
v -0.5 4.9 3.1
v -0.5 4.9 2.9
v -0.5 5 3.4
v -0.5 5 3.3
v -0.5 5 3.2
v -0.5 5.1 3.2
v -0.5 5.1 3.1
v -0.5 5.2 -3.8
v -0.5 5.2 -3.9
v -0.5 5.7 -3.8
v -0.5 5.7 -3.9
v -0.5 6.4 3.3
v -0.5 6.4 3.1
v -0.5 6.6 3.4
v -0.5 6.6 3.3
v -0.5 6.6 3.1
v -0.5 6.6 2.9
v -0.5 6.7 3.4
v -0.5 6.7 3.3
v -0.5 6.7 3.1
v -0.5 6.7 2.9
v -0.5 6.8 3.3
v -0.5 6.8 3.1
v -0.5 8.2 3.3
v -0.5 8.2 3.1
v -0.5 8.4 3.3
v -0.5 8.4 3.1
v -0.5 8.4 2.9
v -0.5 8.5 3.2
v -0.5 8.5 3.1
v -0.5 8.5 2.9
v -0.5 8.6 3.2
v -0.5 8.6 3.1
v -0.5 8.7 3.2
v -0.5 8.7 3.1
v -0.4 0.4 4.1
v -0.4 0.4 3.9
v -0.4 0.6 3.9
v -0.4 0.6 3.6
v -0.4 0.8 4.1
v -0.4 0.8 3.8
v -0.4 0.8 3.6
v -0.4 0.8 3.3
v -0.4 1 3.8
v -0.4 1 3.5
v -0.4 1 3.3
v -0.4 1 2.7
v -0.4 1.2 3.5
v -0.4 1.2 2.9
v -0.4 2.4 2.9
v -0.4 2.4 2.7
v -0.4 2.8 2.9
v -0.4 2.8 2.7
v -0.4 3.1 3.3
v -0.4 3.1 3.2
v -0.4 3.2 3.3
v -0.4 3.2 3.2
v -0.4 4.2 2.9
v -0.4 4.2 2.7
v -0.4 4.6 2.9
v -0.4 4.6 2.7
v -0.4 6 2.9
v -0.4 6 2.7
v -0.4 6.4 2.9
v -0.4 6.4 2.7
v -0.4 7.8 2.9
v -0.4 7.8 2.7
v -0.4 8.2 2.9
v -0.4 8.2 2.7
v -0.4 9.6 2.9
v -0.4 9.6 2.7
v -0.4 10 -1.9
v -0.4 10 -2
v -0.4 11.2 -1.9
v -0.4 11.2 -2
v -0.3 0.4 3
v -0.3 0.4 2.9
v -0.3 0.5 3
v -0.3 0.5 2.9
v -0.3 5.7 -3.8
v -0.3 5.7 -3.9
v -0.3 5.8 -3.8
v -0.3 5.8 -3.9
v -0.2 5.4 -3.8
v -0.2 5.4 -3.9
v -0.2 5.5 -3.8
v -0.2 5.5 -3.9
v -0.2 6.6 3.4
v -0.2 6.6 3.3
v -0.2 6.7 3.4
v -0.2 6.7 3.3
v -0.2 6.7 3.2
v -0.2 6.7 3.1
v -0.2 6.8 3.3
v -0.2 6.8 3.2
v -0.2 6.8 3.1
v -0.2 6.9 3.3
v -0.2 6.9 3.2
v -0.2 8.4 3.4
v -0.2 8.4 3.3
v -0.2 8.5 3.4
v -0.2 8.5 3.3
v -0.2 8.5 3.2
v -0.2 8.5 3.1
v -0.2 8.6 3.2
v -0.2 8.6 3.1
v -0.0999999 2.8 3.3
v -0.0999999 2.8 3.1
v -0.0999999 3 3.3
v -0.0999999 3 3.1
v -0.0999999 4.6 3.3
v -0.0999999 4.6 3.1
v -0.0999999 4.8 3.3
v -0.0999999 4.8 3.1
v -0.0999999 5.5 -3.8
v -0.0999999 5.5 -3.9
v -0.0999999 5.6 -3.8
v -0.0999999 5.6 -3.9
v -0.0999999 6.4 3.3
v -0.0999999 6.4 3.1
v -0.0999999 6.6 3.3
v -0.0999999 6.6 3.1
v -0.0999999 6.8 3.4
v -0.0999999 6.8 3.3
v -0.0999999 6.9 3.4
v -0.0999999 6.9 3.3
v -0.0999999 8.2 3.3
v -0.0999999 8.2 3.1
v -0.0999999 8.4 3.3
v -0.0999999 8.4 3.1
v 0 3.2 3.3
v 0 3.2 3.2
v 0 3.3 3.3
v 0 3.3 3.2
v 0 6.7 3.4
v 0 6.7 3.3
v 0 6.8 3.4
v 0 6.8 3.3
v 0 8.5 3.4
v 0 8.5 3.3
v 0 8.6 3.4
v 0 8.6 3.3
v 0 8.6 3.2
v 0 8.7 3.3
v 0 8.7 3.2
v 0 10.5 -1.9
v 0 10.5 -2
v 0 10.6 -1.9
v 0 10.6 -2
v 0.1 0.4 -4.2
v 0.1 0.4 -4.3
v 0.1 0.4 -4.4
v 0.1 0.4 -4.5
v 0.1 0.5 -4.4
v 0.1 0.5 -4.5
v 0.1 0.6 -4.2
v 0.1 0.6 -4.3
v 0.1 3.2 3.2
v 0.1 3.2 3.1
v 0.1 3.3 3.2
v 0.1 3.3 3.1
v 0.1 5 3.3
v 0.1 5 3.1
v 0.1 5.1 3.3
v 0.1 5.1 3.1
v 0.1 6.6 3.4
v 0.1 6.6 3.3
v 0.1 6.7 3.4
v 0.1 6.7 3.3
v 0.1 6.7 3.2
v 0.1 6.8 3.3
v 0.1 6.8 3.2
v 0.1 6.9 3.3
v 0.1 6.9 3.2
v 0.1 8.4 3.4
v 0.1 8.4 3.3
v 0.1 8.5 3.4
v 0.1 8.5 3.3
v 0.1 8.5 3.2
v 0.1 8.6 3.3
v 0.1 8.6 3.2
v 0.2 3 3.4
v 0.2 3 3.3
v 0.2 3.1 3.4
v 0.2 3.1 3.3
v 0.2 3.1 3.1
v 0.2 3.2 3.4
v 0.2 3.2 3.3
v 0.2 3.2 3.2
v 0.2 3.2 3.1
v 0.2 3.3 3.3
v 0.2 3.3 3.2
v 0.2 4.9 3.4
v 0.2 4.9 3.3
v 0.2 4.9 3.2
v 0.2 5 3.4
v 0.2 5 3.3
v 0.2 5 3.2
v 0.3 4.8 3.4
v 0.3 4.8 3.3
v 0.3 4.9 3.4
v 0.3 4.9 3.3
v 0.3 4.9 3.2
v 0.3 4.9 3.1
v 0.3 5 3.2
v 0.3 5 3.1
v 0.3 8.4 3.4
v 0.3 8.4 3.3
v 0.3 8.5 3.4
v 0.3 8.5 3.3
v 0.4 0.4 -4.5
v 0.4 0.4 -4.6
v 0.4 0.5 -4.5
v 0.4 0.5 -4.6
v 0.4 2.8 3.3
v 0.4 2.8 3.1
v 0.4 3 3.3
v 0.4 3 3.1
v 0.4 4.6 3.3
v 0.4 4.6 3.1
v 0.4 4.8 3.3
v 0.4 4.8 3.1
v 0.4 6.4 3.3
v 0.4 6.4 3.1
v 0.4 6.6 3.4
v 0.4 6.6 3.3
v 0.4 6.6 3.1
v 0.4 6.7 3.4
v 0.4 6.7 3.3
v 0.4 6.7 3.1
v 0.4 6.8 3.3
v 0.4 6.8 3.2
v 0.4 6.8 3.1
v 0.4 6.9 3.3
v 0.4 6.9 3.2
v 0.4 8.2 3.3
v 0.4 8.2 3.1
v 0.4 8.4 3.3
v 0.4 8.4 3.1
v 0.4 8.5 3.4
v 0.4 8.5 3.3
v 0.4 8.5 3.2
v 0.4 8.6 3.4
v 0.4 8.6 3.3
v 0.4 8.6 3.2
v 0.4 8.6 3.1
v 0.4 8.7 3.4
v 0.4 8.7 3.3
v 0.4 8.7 3.2
v 0.4 8.7 3.1
v 0.4 10.5 -1.9
v 0.4 10.5 -2
v 0.4 10.6 -1.9
v 0.4 10.6 -2
v 0.5 0.4 -4.2
v 0.5 0.4 -4.3
v 0.5 0.5 -4.2
v 0.5 0.5 -4.3
v 0.5 8.5 3.2
v 0.5 8.5 3.1
v 0.5 8.6 3.2
v 0.5 8.6 3.1
v 0.6 7.9 3.1
v 0.6 7.9 2.9
v 0.6 8 3.1
v 0.6 8 2.9
v 0.7 0.4 4.1
v 0.7 0.4 3
v 0.7 0.4 -4.4
v 0.7 0.4 -4.5
v 0.7 0.5 -4.4
v 0.7 0.5 -4.5
v 0.7 0.8 4.1
v 0.7 0.8 3.8
v 0.7 1 3.8
v 0.7 1 3.5
v 0.7 1 3
v 0.7 1 2.9
v 0.7 1.2 3.5
v 0.7 1.2 2.9
v 0.7 2.5 3.2
v 0.7 2.5 2.9
v 0.7 2.6 3.2
v 0.7 2.6 2.9
v 0.7 3.2 3.4
v 0.7 3.2 3.3
v 0.7 3.3 3.4
v 0.7 3.3 3.3
v 0.7 4.3 3.2
v 0.7 4.3 2.9
v 0.7 4.4 3.2
v 0.7 4.4 2.9
v 0.7 4.9 3.4
v 0.7 4.9 3.3
v 0.7 5 3.4
v 0.7 5 3.3
v 0.7 6.1 3.2
v 0.7 6.1 2.9
v 0.7 6.2 3.2
v 0.7 6.2 2.9
v 0.7 6.7 3.1
v 0.7 6.7 3
v 0.7 6.8 3.4
v 0.7 6.8 3.3
v 0.7 6.8 3.1
v 0.7 6.8 3
v 0.7 6.9 3.4
v 0.7 6.9 3.3
v 0.7 7.9 3.2
v 0.7 7.9 3.1
v 0.7 8 3.2
v 0.7 8 3.1
v 0.7 8 3
v 0.7 8.1 3.1
v 0.7 8.1 3
v 0.7 9.7 3.2
v 0.7 9.7 2.9
v 0.7 9.8 3.2
v 0.7 9.8 2.9
v 0.7 10 -1.9
v 0.7 10 -2
v 0.7 11.3 -1.9
v 0.7 11.3 -2
v 0.8 0.9 3
v 0.8 0.9 2.9
v 0.8 1 3
v 0.8 1 2.9
v 0.8 2.6 3.3
v 0.8 2.6 3
v 0.8 2.8 3.3
v 0.8 2.8 3.1
v 0.8 2.8 3
v 0.8 3 3.4
v 0.8 3 3.3
v 0.8 3 3.2
v 0.8 3 3.1
v 0.8 3 2.9
v 0.8 3.1 3.4
v 0.8 3.1 3.3
v 0.8 3.1 3.2
v 0.8 3.1 3.1
v 0.8 3.1 3
v 0.8 3.1 2.9
v 0.8 3.2 3.4
v 0.8 3.2 3.3
v 0.8 3.2 3.1
v 0.8 3.2 3
v 0.8 3.3 3.3
v 0.8 3.3 3.1
v 0.8 4.4 3.3
v 0.8 4.4 3
v 0.8 4.6 3.3
v 0.8 4.6 3.1
v 0.8 4.6 3
v 0.8 4.8 3.4
v 0.8 4.8 3.3
v 0.8 4.8 3.1
v 0.8 4.8 2.9
v 0.8 4.9 3.4
v 0.8 4.9 3.3
v 0.8 4.9 3.1
v 0.8 4.9 3
v 0.8 4.9 2.9
v 0.8 5 3.3
v 0.8 5 3.1
v 0.8 5 3
v 0.8 5.1 3.3
v 0.8 5.1 3.1
v 0.8 6.2 3.3
v 0.8 6.2 3
v 0.8 6.4 3.3
v 0.8 6.4 3.1
v 0.8 6.4 3
v 0.8 6.6 3.4
v 0.8 6.6 3.3
v 0.8 6.6 3.2
v 0.8 6.6 3.1
v 0.8 6.6 2.9
v 0.8 6.7 3.4
v 0.8 6.7 3.3
v 0.8 6.7 3.2
v 0.8 6.7 3.1
v 0.8 6.7 2.9
v 0.8 6.8 3.4
v 0.8 6.8 3.3
v 0.8 6.8 3.2
v 0.8 6.8 3.1
v 0.8 6.9 3.2
v 0.8 6.9 3.1
v 0.8 8 3.3
v 0.8 8 3.1
v 0.8 8.1 3.1
v 0.8 8.1 3
v 0.8 8.2 3.3
v 0.8 8.2 3.1
v 0.8 8.2 3
v 0.8 8.4 3.2
v 0.8 8.4 3.1
v 0.8 8.4 2.9
v 0.8 8.5 3.3
v 0.8 8.5 3.2
v 0.8 8.5 3.1
v 0.8 8.5 2.9
v 0.8 8.6 3.3
v 0.8 8.6 3.2
v 0.8 8.6 3.1
v 0.8 8.6 2.9
v 0.8 8.7 3.3
v 0.8 8.7 3.2
v 0.8 9.8 3.3
v 0.8 9.8 3
v 0.8 10 3.3
v 0.8 10 3
v 0.9 3 3.2
v 0.9 3 3.1
v 0.9 3.1 3.2
v 0.9 3.1 3.1
v 0.9 4.8 3.3
v 0.9 4.8 3.1
v 0.9 4.9 3.3
v 0.9 4.9 3.1
v 0.9 6.6 3.2
v 0.9 6.6 3.1
v 0.9 6.7 3.3
v 0.9 6.7 3.2
v 0.9 6.7 3.1
v 0.9 6.8 3.3
v 0.9 6.8 3.2
v 0.9 8.4 3.2
v 0.9 8.4 3.1
v 0.9 8.5 3.3
v 0.9 8.5 3.2
v 0.9 8.6 3.3
v 0.9 8.6 3.2
v 0.9 8.6 3.1
v 0.9 10 -2
v 0.9 10 -3.6
v 0.9 11.6 -2
v 0.9 11.6 -3.6
v 1 0.4 -4.3
v 1 0.4 -4.4
v 1 0.5 -4.3
v 1 0.5 -4.4
v 1 11.7 -1.9
v 1 11.7 -3.7
v 1 11.8 -1.9
v 1 11.8 -3.7
v 1.1 11.6 -0.9
v 1.1 11.6 -3.8
v 1.1 11.7 -0.9
v 1.1 11.7 -3.8
v 1.5 0.7 4
v 1.5 0.7 3.8
v 1.5 1.1 4
v 1.5 1.1 3.8
v 1.5 1.5 4
v 1.5 1.5 3.8
v 1.5 1.6 4
v 1.5 1.6 3.8
v 1.6 1.2 4.1
v 1.6 1.2 3.7
v 1.6 1.5 4.1
v 1.6 1.5 3.7
v 1.7 0.4 4.2
v 1.7 0.4 3.6
v 1.7 0.7 4.2
v 1.7 0.7 3.6
v 1.7 1.1 4.2
v 1.7 1.1 3.6
v 1.7 1.2 4.2
v 1.7 1.2 3.6
v 1.7 1.2 2.9
v 1.7 1.2 2.8
v 1.7 2.3 2.9
v 1.7 2.3 2.8
v 1.7 3 2.9
v 1.7 3 2.8
v 1.7 4.1 2.9
v 1.7 4.1 2.8
v 1.7 4.8 2.9
v 1.7 4.8 2.8
v 1.7 5.9 2.9
v 1.7 5.9 2.8
v 1.7 6.6 2.9
v 1.7 6.6 2.8
v 1.7 7.6 2.9
v 1.7 7.6 2.8
v 1.7 8.4 2.9
v 1.7 8.4 2.8
v 1.7 9.5 2.9
v 1.7 9.5 2.8
v 1.8 0.9 -3.9
v 1.8 0.9 -4
v 1.8 1 -3.9
v 1.8 1 -4
v 1.8 7.6 2.9
v 1.8 7.6 2.8
v 1.8 7.7 2.9
v 1.8 7.7 2.8
v 2.6 2.1 -3.7
v 2.6 2.1 -3.8
v 2.6 2.2 -3.7
v 2.6 2.2 -3.8
v 2.7 0.8 3.1
v 2.7 0.8 3
v 2.7 0.9 3.1
v 2.7 0.9 3
v 2.9 6.5 -3.7
v 2.9 6.5 -3.8
v 2.9 6.6 -3.7
v 2.9 6.6 -3.8
v 3.1 0.9 3.1
v 3.1 0.9 3
v 3.1 1 3.1
v 3.1 1 3
v 3.2 0.7 3.1
v 3.2 0.7 3
v 3.2 0.8 3.1
v 3.2 0.8 3
v 3.3 8.4 -3.7
v 3.3 8.4 -3.8
v 3.3 8.5 -3.7
v 3.3 8.5 -3.8
v 3.4 1.1 3
v 3.4 1.1 2.9
v 3.4 1.2 3
v 3.4 1.2 2.9
v 3.4 2.9 3
v 3.4 2.9 2.9
v 3.4 3 3
v 3.4 3 2.9
v 3.4 4.7 3
v 3.4 4.7 2.9
v 3.4 4.8 3
v 3.4 4.8 2.9
v 3.4 6.5 3
v 3.4 6.5 2.9
v 3.4 6.6 3
v 3.4 6.6 2.9
v 3.4 8.3 3
v 3.4 8.3 2.9
v 3.4 8.4 3
v 3.4 8.4 2.9
v 3.6 9.2 2.8
v 3.6 9.2 2.7
v 3.6 9.3 2.8
v 3.6 9.3 2.7
v 3.6 9.4 2.8
v 3.6 9.4 2.7
v 3.6 9.5 2.8
v 3.6 9.5 2.7
v 3.7 9.5 1.8
v 3.7 9.5 1.7
v 3.7 9.6 2
v 3.7 9.6 1.9
v 3.7 9.6 1.8
v 3.7 9.6 1.7
v 3.7 9.7 2
v 3.7 9.7 1.9
v 3.9 0.7 4
v 3.9 0.7 3.8
v 3.9 1 1.8
v 3.9 1 1.7
v 3.9 1.1 4
v 3.9 1.1 3.8
v 3.9 1.2 1.8
v 3.9 1.2 1.7
v 3.9 1.2 1.6
v 3.9 1.4 1.7
v 3.9 1.4 1.6
v 3.9 1.4 1.5
v 3.9 1.5 4
v 3.9 1.5 3.8
v 3.9 1.6 4
v 3.9 1.6 3.8
v 3.9 1.6 1.6
v 3.9 1.6 1.5
v 3.9 1.6 1.4
v 3.9 1.9 1.5
v 3.9 1.9 1.4
v 3.9 1.9 1.3
v 3.9 2.1 1.4
v 3.9 2.1 1.3
v 3.9 2.1 1.2
v 3.9 2.3 1.3
v 3.9 2.3 1.2
v 3.9 2.9 -3.6
v 3.9 2.9 -3.7
v 3.9 3 -3.5
v 3.9 3 -3.6
v 3.9 3 -3.7
v 3.9 3.1 -3.4
v 3.9 3.1 -3.5
v 3.9 3.1 -3.6
v 3.9 3.2 -3.2
v 3.9 3.2 -3.4
v 3.9 3.2 -3.5
v 3.9 3.3 -3.1
v 3.9 3.3 -3.2
v 3.9 3.3 -3.4
v 3.9 3.4 -3
v 3.9 3.4 -3.1
v 3.9 3.4 -3.2
v 3.9 3.5 -2.9
v 3.9 3.5 -3
v 3.9 3.5 -3.1
v 3.9 3.6 -2.8
v 3.9 3.6 -2.9
v 3.9 3.6 -3
v 3.9 3.7 -2.7
v 3.9 3.7 -2.8
v 3.9 3.7 -2.9
v 3.9 3.8 -2.6
v 3.9 3.8 -2.7
v 3.9 3.8 -2.8
v 3.9 3.9 -2.4
v 3.9 3.9 -2.6
v 3.9 3.9 -2.7
v 3.9 4 -2.3
v 3.9 4 -2.4
v 3.9 4 -2.6
v 3.9 4.1 -2.2
v 3.9 4.1 -2.3
v 3.9 4.1 -2.4
v 3.9 4.2 -2.1
v 3.9 4.2 -2.2
v 3.9 4.2 -2.3
v 3.9 4.3 -2.1
v 3.9 4.3 -2.2
v 4 1 2.9
v 4 1 1.8
v 4 1 1.7
v 4 1 -3.9
v 4 1.2 4.1
v 4 1.2 3.7
v 4 1.2 1.8
v 4 1.2 1.7
v 4 1.2 1.6
v 4 1.4 1.7
v 4 1.4 1.6
v 4 1.4 1.5
v 4 1.5 4.1
v 4 1.5 3.7
v 4 1.6 1.6
v 4 1.6 1.5
v 4 1.6 1.4
v 4 1.9 1.5
v 4 1.9 1.4
v 4 1.9 1.3
v 4 2.1 1.4
v 4 2.1 1.3
v 4 2.1 1.2
v 4 2.3 1.3
v 4 2.3 1.2
v 4 2.6 2.9
v 4 2.6 -3.9
v 4 2.8 2.9
v 4 2.8 -3.9
v 4 2.9 -3.6
v 4 2.9 -3.7
v 4 3 -3.5
v 4 3 -3.6
v 4 3 -3.7
v 4 3.1 -3.4
v 4 3.1 -3.5
v 4 3.1 -3.6
v 4 3.2 -3.2
v 4 3.2 -3.4
v 4 3.2 -3.5
v 4 3.3 -3.1
v 4 3.3 -3.2
v 4 3.3 -3.4
v 4 3.4 -3
v 4 3.4 -3.1
v 4 3.4 -3.2
v 4 3.5 -2.9
v 4 3.5 -3
v 4 3.5 -3.1
v 4 3.6 -2.8
v 4 3.6 -2.9
v 4 3.6 -3
v 4 3.7 -2.7
v 4 3.7 -2.8
v 4 3.7 -2.9
v 4 3.8 -2.6
v 4 3.8 -2.7
v 4 3.8 -2.8
v 4 3.9 -2.4
v 4 3.9 -2.6
v 4 3.9 -2.7
v 4 4 -2.3
v 4 4 -2.4
v 4 4 -2.6
v 4 4.1 -2.2
v 4 4.1 -2.3
v 4 4.1 -2.4
v 4 4.2 -2.1
v 4 4.2 -2.2
v 4 4.2 -2.3
v 4 4.3 -2.1
v 4 4.3 -2.2
v 4 4.4 2.9
v 4 4.4 -3.9
v 4 4.6 2.9
v 4 4.6 -3.9
v 4 6.2 2.9
v 4 6.2 -3.9
v 4 6.4 2.9
v 4 6.4 -3.9
v 4 8 2.9
v 4 8 -3.9
v 4 8.2 2.9
v 4 8.2 -3.9
v 4 9.8 2.9
v 4 9.8 -3.9
v 4.1 0.4 4.2
v 4.1 0.4 3.6
v 4.1 0.4 3
v 4.1 0.4 -4
v 4.1 0.7 4.2
v 4.1 0.7 3.6
v 4.1 1 3
v 4.1 1 -4
v 4.1 1.1 4.2
v 4.1 1.1 3.6
v 4.1 1.2 4.2
v 4.1 1.2 3.6
v 4.1 2.6 3
v 4.1 2.6 -4
v 4.1 2.8 3
v 4.1 2.8 -4
v 4.1 4.4 3
v 4.1 4.4 -4
v 4.1 4.6 3
v 4.1 4.6 -4
v 4.1 6.2 3
v 4.1 6.2 -4
v 4.1 6.4 3
v 4.1 6.4 -4
v 4.1 8 3
v 4.1 8 -4
v 4.1 8.2 3
v 4.1 8.2 -4
v 4.1 9.8 3
v 4.1 9.8 -4
v 4.1 10.2 3
v 4.1 10.2 -4
v 5.1 0 5
v 5.1 0 -5
v 5.1 0.4 5
v 5.1 0.4 -5
v -5 0 5
v -5 0.4 5
v 5.1 0 5
v 5.1 0.4 5
v -4 0.4 4.2
v -4 0.7 4.2
v -4 1.1 4.2
v -4 1.2 4.2
v -3.4 0.4 4.2
v -3.4 0.7 4.2
v -3.4 1.1 4.2
v -3.4 1.2 4.2
v -1.6 0.4 4.2
v -1.6 0.7 4.2
v -1.6 1.1 4.2
v -1.6 1.2 4.2
v -1 0.4 4.2
v -1 0.7 4.2
v -1 1.1 4.2
v -1 1.2 4.2
v 1.1 0.4 4.2
v 1.1 0.7 4.2
v 1.1 1.1 4.2
v 1.1 1.2 4.2
v 1.7 0.4 4.2
v 1.7 0.7 4.2
v 1.7 1.1 4.2
v 1.7 1.2 4.2
v 3.5 0.4 4.2
v 3.5 0.7 4.2
v 3.5 1.1 4.2
v 3.5 1.2 4.2
v 4.1 0.4 4.2
v 4.1 0.7 4.2
v 4.1 1.1 4.2
v 4.1 1.2 4.2
v -3.9 1.2 4.1
v -3.9 1.5 4.1
v -3.5 1.2 4.1
v -3.5 1.5 4.1
v -1.5 1.2 4.1
v -1.5 1.5 4.1
v -1.1 1.2 4.1
v -1.1 1.5 4.1
v -0.6 0.4 4.1
v -0.6 0.8 4.1
v -0.5 0.4 4.1
v -0.4 0.4 4.1
v -0.4 0.8 4.1
v 0.5 0.4 4.1
v 0.5 0.8 4.1
v 0.6 0.4 4.1
v 0.7 0.4 4.1
v 0.7 0.8 4.1
v 1.2 1.2 4.1
v 1.2 1.5 4.1
v 1.6 1.2 4.1
v 1.6 1.5 4.1
v 3.6 1.2 4.1
v 3.6 1.5 4.1
v 4 1.2 4.1
v 4 1.5 4.1
v -3.8 0.7 4
v -3.8 1.1 4
v -3.8 1.5 4
v -3.8 1.6 4
v -3.6 0.7 4
v -3.6 1.1 4
v -3.6 1.5 4
v -3.6 1.6 4
v -1.4 0.7 4
v -1.4 1.1 4
v -1.4 1.5 4
v -1.4 1.6 4
v -1.2 0.7 4
v -1.2 1.1 4
v -1.2 1.5 4
v -1.2 1.6 4
v 1.3 0.7 4
v 1.3 1.1 4
v 1.3 1.5 4
v 1.3 1.6 4
v 1.5 0.7 4
v 1.5 1.1 4
v 1.5 1.5 4
v 1.5 1.6 4
v 3.7 0.7 4
v 3.7 1.1 4
v 3.7 1.5 4
v 3.7 1.6 4
v 3.9 0.7 4
v 3.9 1.1 4
v 3.9 1.5 4
v 3.9 1.6 4
v -0.4 0.4 3.9
v -0.4 0.6 3.9
v 0.5 0.4 3.9
v 0.5 0.6 3.9
v -0.6 0.8 3.8
v -0.6 1 3.8
v -0.4 0.8 3.8
v -0.4 1 3.8
v 0.5 0.8 3.8
v 0.5 1 3.8
v 0.7 0.8 3.8
v 0.7 1 3.8
v -0.4 0.6 3.6
v -0.4 0.8 3.6
v 0.5 0.6 3.6
v 0.5 0.8 3.6
v -0.6 1 3.5
v -0.6 1.2 3.5
v -0.4 1 3.5
v -0.4 1.2 3.5
v 0.5 1 3.5
v 0.5 1.2 3.5
v 0.7 1 3.5
v 0.7 1.2 3.5
v -0.7 3 3.4
v -0.7 3.1 3.4
v -0.7 4.8 3.4
v -0.7 4.9 3.4
v -0.7 6.6 3.4
v -0.7 6.7 3.4
v -0.7 6.8 3.4
v -0.7 8.6 3.4
v -0.7 8.7 3.4
v -0.6 3 3.4
v -0.6 3.1 3.4
v -0.6 4.9 3.4
v -0.6 5 3.4
v -0.6 6.7 3.4
v -0.6 6.8 3.4
v -0.6 8.6 3.4
v -0.6 8.7 3.4
v -0.5 4.8 3.4
v -0.5 4.9 3.4
v -0.5 5 3.4
v -0.5 6.6 3.4
v -0.5 6.7 3.4
v -0.4 8.4 3.4
v -0.4 8.5 3.4
v -0.3 6.6 3.4
v -0.3 6.7 3.4
v -0.3 6.8 3.4
v -0.2 6.6 3.4
v -0.2 6.7 3.4
v -0.2 6.8 3.4
v -0.2 6.9 3.4
v -0.2 8.4 3.4
v -0.2 8.5 3.4
v -0.0999999 4.8 3.4
v -0.0999999 4.9 3.4
v -0.0999999 5 3.4
v -0.0999999 6.6 3.4
v -0.0999999 6.7 3.4
v -0.0999999 6.8 3.4
v -0.0999999 6.9 3.4
v -0.0999999 8.5 3.4
v -0.0999999 8.6 3.4
v 0 3 3.4
v 0 3.1 3.4
v 0 3.2 3.4
v 0 4.9 3.4
v 0 5 3.4
v 0 6.7 3.4
v 0 6.8 3.4
v 0 8.4 3.4
v 0 8.5 3.4
v 0 8.6 3.4
v 0.1 4.9 3.4
v 0.1 5 3.4
v 0.1 6.6 3.4
v 0.1 6.7 3.4
v 0.1 8.4 3.4
v 0.1 8.5 3.4
v 0.2 3 3.4
v 0.2 3.1 3.4
v 0.2 3.2 3.4
v 0.2 4.9 3.4
v 0.2 5 3.4
v 0.2 6.6 3.4
v 0.2 6.7 3.4
v 0.2 8.4 3.4
v 0.2 8.5 3.4
v 0.3 4.8 3.4
v 0.3 4.9 3.4
v 0.3 8.4 3.4
v 0.3 8.5 3.4
v 0.3 8.6 3.4
v 0.3 8.7 3.4
v 0.4 6.6 3.4
v 0.4 6.7 3.4
v 0.4 8.5 3.4
v 0.4 8.6 3.4
v 0.4 8.7 3.4
v 0.6 3 3.4
v 0.6 3.2 3.4
v 0.6 3.3 3.4
v 0.6 4.8 3.4
v 0.6 4.9 3.4
v 0.6 5 3.4
v 0.6 6.7 3.4
v 0.6 6.8 3.4
v 0.6 6.9 3.4
v 0.7 3.1 3.4
v 0.7 3.2 3.4
v 0.7 3.3 3.4
v 0.7 4.9 3.4
v 0.7 5 3.4
v 0.7 6.6 3.4
v 0.7 6.7 3.4
v 0.7 6.8 3.4
v 0.7 6.9 3.4
v 0.8 3 3.4
v 0.8 3.1 3.4
v 0.8 3.2 3.4
v 0.8 4.8 3.4
v 0.8 4.9 3.4
v 0.8 6.6 3.4
v 0.8 6.7 3.4
v 0.8 6.8 3.4
v -0.8 3 3.3
v -0.8 3.1 3.3
v -0.8 4.7 3.3
v -0.8 4.9 3.3
v -0.8 5 3.3
v -0.7 2.6 3.3
v -0.7 2.8 3.3
v -0.7 3 3.3
v -0.7 3.1 3.3
v -0.7 3.2 3.3
v -0.7 3.3 3.3
v -0.7 4.4 3.3
v -0.7 4.6 3.3
v -0.7 4.7 3.3
v -0.7 4.8 3.3
v -0.7 4.9 3.3
v -0.7 5 3.3
v -0.7 6.2 3.3
v -0.7 6.4 3.3
v -0.7 6.6 3.3
v -0.7 6.8 3.3
v -0.7 6.9 3.3
v -0.7 8 3.3
v -0.7 8.2 3.3
v -0.7 8.5 3.3
v -0.7 8.6 3.3
v -0.7 9.8 3.3
v -0.7 10 3.3
v -0.6 3 3.3
v -0.6 3.1 3.3
v -0.6 4.9 3.3
v -0.6 5 3.3
v -0.6 6.7 3.3
v -0.6 6.8 3.3
v -0.6 6.9 3.3
v -0.6 8.5 3.3
v -0.6 8.6 3.3
v -0.5 2.8 3.3
v -0.5 3 3.3
v -0.5 3.2 3.3
v -0.5 3.3 3.3
v -0.5 4.6 3.3
v -0.5 4.8 3.3
v -0.5 4.9 3.3
v -0.5 6.4 3.3
v -0.5 6.6 3.3
v -0.5 6.7 3.3
v -0.5 6.8 3.3
v -0.5 8.2 3.3
v -0.5 8.4 3.3
v -0.4 0.8 3.3
v -0.4 1 3.3
v -0.4 3.1 3.3
v -0.4 3.2 3.3
v -0.4 8.4 3.3
v -0.4 8.5 3.3
v -0.4 8.6 3.3
v -0.3 2.8 3.3
v -0.3 3 3.3
v -0.3 4.6 3.3
v -0.3 4.8 3.3
v -0.3 6.4 3.3
v -0.3 6.6 3.3
v -0.3 6.7 3.3
v -0.3 6.8 3.3
v -0.3 6.9 3.3
v -0.3 8.2 3.3
v -0.3 8.4 3.3
v -0.2 6.6 3.3
v -0.2 6.7 3.3
v -0.2 6.8 3.3
v -0.2 6.9 3.3
v -0.2 8.4 3.3
v -0.2 8.5 3.3
v -0.2 8.6 3.3
v -0.2 8.7 3.3
v -0.0999999 2.8 3.3
v -0.0999999 3 3.3
v -0.0999999 3.1 3.3
v -0.0999999 3.2 3.3
v -0.0999999 3.3 3.3
v -0.0999999 4.6 3.3
v -0.0999999 4.8 3.3
v -0.0999999 4.9 3.3
v -0.0999999 6.4 3.3
v -0.0999999 6.6 3.3
v -0.0999999 6.7 3.3
v -0.0999999 8.2 3.3
v -0.0999999 8.4 3.3
v -0.0999999 8.5 3.3
v -0.0999999 8.6 3.3
v 0 3 3.3
v 0 3.1 3.3
v 0 3.2 3.3
v 0 3.3 3.3
v 0 5 3.3
v 0 5.1 3.3
v 0 6.7 3.3
v 0 6.8 3.3
v 0 6.9 3.3
v 0 8.4 3.3
v 0 8.5 3.3
v 0 8.6 3.3
v 0 8.7 3.3
v 0.1 3.2 3.3
v 0.1 3.3 3.3
v 0.1 5 3.3
v 0.1 5.1 3.3
v 0.1 6.6 3.3
v 0.1 6.7 3.3
v 0.1 6.8 3.3
v 0.1 6.9 3.3
v 0.1 8.4 3.3
v 0.1 8.5 3.3
v 0.1 8.6 3.3
v 0.2 2.8 3.3
v 0.2 3 3.3
v 0.2 3.1 3.3
v 0.2 3.2 3.3
v 0.2 3.3 3.3
v 0.2 4.6 3.3
v 0.2 4.8 3.3
v 0.2 6.4 3.3
v 0.2 6.6 3.3
v 0.2 6.7 3.3
v 0.2 6.8 3.3
v 0.2 8.2 3.3
v 0.2 8.4 3.3
v 0.2 8.5 3.3
v 0.2 8.6 3.3
v 0.3 4.8 3.3
v 0.3 4.9 3.3
v 0.3 6.8 3.3
v 0.3 6.9 3.3
v 0.3 8.4 3.3
v 0.3 8.5 3.3
v 0.3 8.6 3.3
v 0.4 2.8 3.3
v 0.4 3 3.3
v 0.4 3.1 3.3
v 0.4 3.2 3.3
v 0.4 4.6 3.3
v 0.4 4.8 3.3
v 0.4 6.4 3.3
v 0.4 6.6 3.3
v 0.4 6.7 3.3
v 0.4 6.8 3.3
v 0.4 6.9 3.3
v 0.4 8.2 3.3
v 0.4 8.4 3.3
v 0.4 8.5 3.3
v 0.5 0.8 3.3
v 0.5 1 3.3
v 0.5 4.9 3.3
v 0.5 5 3.3
v 0.6 2.8 3.3
v 0.6 3 3.3
v 0.6 3.1 3.3
v 0.6 3.2 3.3
v 0.6 4.6 3.3
v 0.6 4.8 3.3
v 0.6 4.9 3.3
v 0.6 5 3.3
v 0.6 6.4 3.3
v 0.6 6.6 3.3
v 0.6 6.7 3.3
v 0.6 8.2 3.3
v 0.6 8.4 3.3
v 0.7 3.2 3.3
v 0.7 3.3 3.3
v 0.7 4.9 3.3
v 0.7 5 3.3
v 0.7 5.1 3.3
v 0.7 6.6 3.3
v 0.7 6.7 3.3
v 0.7 8.5 3.3
v 0.7 8.6 3.3
v 0.7 8.7 3.3
v 0.8 2.6 3.3
v 0.8 2.8 3.3
v 0.8 3 3.3
v 0.8 3.2 3.3
v 0.8 3.3 3.3
v 0.8 4.4 3.3
v 0.8 4.6 3.3
v 0.8 4.8 3.3
v 0.8 4.9 3.3
v 0.8 5 3.3
v 0.8 5.1 3.3
v 0.8 6.2 3.3
v 0.8 6.4 3.3
v 0.8 6.6 3.3
v 0.8 6.7 3.3
v 0.8 6.8 3.3
v 0.8 8 3.3
v 0.8 8.2 3.3
v 0.8 8.5 3.3
v 0.8 8.6 3.3
v 0.8 8.7 3.3
v 0.8 9.8 3.3
v 0.8 10 3.3
v 0.9 4.8 3.3
v 0.9 4.9 3.3
v 0.9 6.7 3.3
v 0.9 6.8 3.3
v 0.9 8.5 3.3
v 0.9 8.6 3.3
v -0.8 3.1 3.2
v -0.8 3.2 3.2
v -0.8 6.6 3.2
v -0.8 6.7 3.2
v -0.8 8.4 3.2
v -0.8 8.5 3.2
v -0.7 3.1 3.2
v -0.7 3.2 3.2
v -0.7 5 3.2
v -0.7 5.1 3.2
v -0.7 6.6 3.2
v -0.7 6.7 3.2
v -0.7 8.4 3.2
v -0.7 8.5 3.2
v -0.6 2.5 3.2
v -0.6 2.6 3.2
v -0.6 4.3 3.2
v -0.6 4.4 3.2
v -0.6 5 3.2
v -0.6 5.1 3.2
v -0.6 6.1 3.2
v -0.6 6.2 3.2
v -0.6 7.9 3.2
v -0.6 8 3.2
v -0.6 8.5 3.2
v -0.6 8.6 3.2
v -0.6 8.7 3.2
v -0.6 9.7 3.2
v -0.6 9.8 3.2
v -0.5 5 3.2
v -0.5 5.1 3.2
v -0.5 8.5 3.2
v -0.5 8.6 3.2
v -0.5 8.7 3.2
v 0 3.2 3.2
v 0 3.3 3.2
v 0.1 3.2 3.2
v 0.1 3.3 3.2
v 0.2 4.9 3.2
v 0.2 5 3.2
v 0.3 4.9 3.2
v 0.3 5 3.2
v 0.3 8.6 3.2
v 0.3 8.7 3.2
v 0.4 8.5 3.2
v 0.4 8.6 3.2
v 0.4 8.7 3.2
v 0.5 8.5 3.2
v 0.5 8.6 3.2
v 0.6 3.2 3.2
v 0.6 3.3 3.2
v 0.7 2.5 3.2
v 0.7 2.6 3.2
v 0.7 3.2 3.2
v 0.7 3.3 3.2
v 0.7 4.3 3.2
v 0.7 4.4 3.2
v 0.7 6.1 3.2
v 0.7 6.2 3.2
v 0.7 6.8 3.2
v 0.7 6.9 3.2
v 0.7 7.9 3.2
v 0.7 8 3.2
v 0.7 9.7 3.2
v 0.7 9.8 3.2
v 0.8 3 3.2
v 0.8 3.1 3.2
v 0.8 6.6 3.2
v 0.8 6.7 3.2
v 0.8 6.8 3.2
v 0.8 6.9 3.2
v 0.8 8.4 3.2
v 0.8 8.5 3.2
v 0.9 3 3.2
v 0.9 3.1 3.2
v 0.9 6.6 3.2
v 0.9 6.7 3.2
v 0.9 8.4 3.2
v 0.9 8.5 3.2
v -2.8 0.7 3.1
v -2.8 0.8 3.1
v -2.7 0.7 3.1
v -2.7 0.8 3.1
v -2.7 0.9 3.1
v -2.7 1 3.1
v -2.6 0.9 3.1
v -2.6 1 3.1
v -2.3 0.7 3.1
v -2.3 0.8 3.1
v -2.2 0.7 3.1
v -2.2 0.8 3.1
v -0.8 8.5 3.1
v -0.8 8.6 3.1
v -0.7 8.5 3.1
v -0.7 8.6 3.1
v 0.6 8.5 3.1
v 0.6 8.6 3.1
v 0.7 8.5 3.1
v 0.7 8.6 3.1
v 2.6 0.8 3.1
v 2.6 0.9 3.1
v 2.7 0.8 3.1
v 2.7 0.9 3.1
v 3 0.9 3.1
v 3 1 3.1
v 3.1 0.7 3.1
v 3.1 0.8 3.1
v 3.1 0.9 3.1
v 3.1 1 3.1
v 3.2 0.7 3.1
v 3.2 0.8 3.1
v -4 0.4 3
v -4 1 3
v -4 2.6 3
v -4 2.8 3
v -4 4.4 3
v -4 4.6 3
v -4 6.2 3
v -4 6.4 3
v -4 8 3
v -4 8.2 3
v -4 9.8 3
v -4 10.2 3
v -3.3 2.9 3
v -3.3 3 3
v -3.3 4.7 3
v -3.3 4.8 3
v -3.3 6.5 3
v -3.3 6.6 3
v -3.3 8.3 3
v -3.3 8.4 3
v -3.2 1.1 3
v -3.2 1.2 3
v -2.8 0.7 3
v -2.8 0.8 3
v -2.7 0.7 3
v -2.7 0.8 3
v -2.7 0.9 3
v -2.7 1 3
v -2.6 0.9 3
v -2.6 1 3
v -2.3 0.7 3
v -2.3 0.8 3
v -2.2 0.7 3
v -2.2 0.8 3
v -1.5 1.1 3
v -1.5 1.2 3
v -1.5 2.9 3
v -1.5 3 3
v -1.5 4.7 3
v -1.5 4.8 3
v -1.5 6.5 3
v -1.5 6.6 3
v -1.5 8.3 3
v -1.5 8.4 3
v -0.7 2.6 3
v -0.7 2.8 3
v -0.7 4.4 3
v -0.7 4.6 3
v -0.7 6.2 3
v -0.7 6.4 3
v -0.7 8 3
v -0.7 8.2 3
v -0.7 9.8 3
v -0.7 10 3
v -0.6 0.4 3
v -0.6 1 3
v 0.7 0.4 3
v 0.7 1 3
v 0.7 8 3
v 0.7 8.1 3
v 0.8 0.9 3
v 0.8 1 3
v 0.8 2.6 3
v 0.8 2.8 3
v 0.8 4.4 3
v 0.8 4.6 3
v 0.8 6.2 3
v 0.8 6.4 3
v 0.8 8.1 3
v 0.8 8.2 3
v 0.8 9.8 3
v 0.8 10 3
v 0.9 0.9 3
v 0.9 1 3
v 1.6 1.1 3
v 1.6 1.2 3
v 1.6 2.9 3
v 1.6 3 3
v 1.6 4.7 3
v 1.6 4.8 3
v 1.6 6.5 3
v 1.6 6.6 3
v 1.6 8.3 3
v 1.6 8.4 3
v 2.6 0.8 3
v 2.6 0.9 3
v 2.7 0.8 3
v 2.7 0.9 3
v 3 0.9 3
v 3 1 3
v 3.1 0.7 3
v 3.1 0.8 3
v 3.1 0.9 3
v 3.1 1 3
v 3.2 0.7 3
v 3.2 0.8 3
v 3.4 1.1 3
v 3.4 1.2 3
v 3.4 2.9 3
v 3.4 3 3
v 3.4 4.7 3
v 3.4 4.8 3
v 3.4 6.5 3
v 3.4 6.6 3
v 3.4 8.3 3
v 3.4 8.4 3
v 4.1 0.4 3
v 4.1 1 3
v 4.1 2.6 3
v 4.1 2.8 3
v 4.1 4.4 3
v 4.1 4.6 3
v 4.1 6.2 3
v 4.1 6.4 3
v 4.1 8 3
v 4.1 8.2 3
v 4.1 9.8 3
v 4.1 10.2 3
v -3.9 1 2.9
v -3.9 2.6 2.9
v -3.9 2.8 2.9
v -3.9 2.9 2.9
v -3.9 3 2.9
v -3.9 4.4 2.9
v -3.9 4.6 2.9
v -3.9 6.2 2.9
v -3.9 6.4 2.9
v -3.9 8 2.9
v -3.9 8.2 2.9
v -3.9 9.8 2.9
v -3.8 2.9 2.9
v -3.8 3 2.9
v -3.8 3.2 2.9
v -3.7 3 2.9
v -3.7 3.2 2.9
v -3.7 3.4 2.9
v -3.6 3.2 2.9
v -3.6 3.4 2.9
v -3.6 3.6 2.9
v -3.5 3.4 2.9
v -3.5 3.6 2.9
v -3.5 3.8 2.9
v -3.4 3.6 2.9
v -3.4 3.8 2.9
v -3.4 4 2.9
v -3.3 2.9 2.9
v -3.3 3 2.9
v -3.3 3.8 2.9
v -3.3 4 2.9
v -3.3 4.2 2.9
v -3.3 4.7 2.9
v -3.3 4.8 2.9
v -3.3 6.5 2.9
v -3.3 6.6 2.9
v -3.3 8.3 2.9
v -3.3 8.4 2.9
v -3.2 1.1 2.9
v -3.2 1.2 2.9
v -3.2 2.3 2.9
v -3.2 3 2.9
v -3.2 4 2.9
v -3.2 4.1 2.9
v -3.2 4.2 2.9
v -3.2 4.8 2.9
v -3.2 5.9 2.9
v -3.2 6.6 2.9
v -3.2 7.7 2.9
v -3.2 8.4 2.9
v -3.2 9.5 2.9
v -1.6 1.2 2.9
v -1.6 2.3 2.9
v -1.6 3 2.9
v -1.6 4.1 2.9
v -1.6 4.8 2.9
v -1.6 5.9 2.9
v -1.6 6.6 2.9
v -1.6 7.7 2.9
v -1.6 8.4 2.9
v -1.6 9.5 2.9
v -1.5 1.1 2.9
v -1.5 1.2 2.9
v -1.5 2.9 2.9
v -1.5 3 2.9
v -1.5 4.7 2.9
v -1.5 4.8 2.9
v -1.5 6.5 2.9
v -1.5 6.6 2.9
v -1.5 8.3 2.9
v -1.5 8.4 2.9
v -1.4 7.7 2.9
v -1.4 7.8 2.9
v -1.3 7.5 2.9
v -1.3 7.7 2.9
v -1.3 7.8 2.9
v -1.2 7.3 2.9
v -1.2 7.5 2.9
v -1.2 7.7 2.9
v -1.1 7.2 2.9
v -1.1 7.3 2.9
v -1.1 7.5 2.9
v -1 7 2.9
v -1 7.2 2.9
v -1 7.3 2.9
v -0.9 6.8 2.9
v -0.9 7 2.9
v -0.9 7.2 2.9
v -0.8 6.7 2.9
v -0.8 6.8 2.9
v -0.8 7 2.9
v -0.7 3 2.9
v -0.7 3.1 2.9
v -0.7 4.8 2.9
v -0.7 4.9 2.9
v -0.7 6.6 2.9
v -0.7 6.7 2.9
v -0.7 6.8 2.9
v -0.7 8.4 2.9
v -0.7 8.5 2.9
v -0.6 1 2.9
v -0.6 1.2 2.9
v -0.6 2.5 2.9
v -0.6 2.6 2.9
v -0.6 2.8 2.9
v -0.6 3 2.9
v -0.6 3.1 2.9
v -0.6 4.3 2.9
v -0.6 4.4 2.9
v -0.6 4.6 2.9
v -0.6 4.8 2.9
v -0.6 4.9 2.9
v -0.6 6.1 2.9
v -0.6 6.2 2.9
v -0.6 6.4 2.9
v -0.6 6.6 2.9
v -0.6 6.7 2.9
v -0.6 7.9 2.9
v -0.6 8 2.9
v -0.6 8.2 2.9
v -0.6 8.4 2.9
v -0.6 8.5 2.9
v -0.6 9.7 2.9
v -0.6 9.8 2.9
v -0.5 3 2.9
v -0.5 3.1 2.9
v -0.5 4.8 2.9
v -0.5 4.9 2.9
v -0.5 6.6 2.9
v -0.5 6.7 2.9
v -0.5 8.4 2.9
v -0.5 8.5 2.9
v -0.4 1.2 2.9
v -0.4 2.4 2.9
v -0.4 2.8 2.9
v -0.4 4.2 2.9
v -0.4 4.6 2.9
v -0.4 6 2.9
v -0.4 6.4 2.9
v -0.4 7.8 2.9
v -0.4 8.2 2.9
v -0.4 9.6 2.9
v -0.3 0.4 2.9
v -0.3 0.5 2.9
v 0.2 0.4 2.9
v 0.2 0.5 2.9
v 0.5 1.2 2.9
v 0.5 1.7 2.9
v 0.5 1.8 2.9
v 0.5 2 2.9
v 0.5 2.4 2.9
v 0.5 2.8 2.9
v 0.5 4.2 2.9
v 0.5 4.6 2.9
v 0.5 6 2.9
v 0.5 6.4 2.9
v 0.5 7.8 2.9
v 0.5 8.2 2.9
v 0.5 9.6 2.9
v 0.6 1.7 2.9
v 0.6 1.8 2.9
v 0.6 3 2.9
v 0.6 3.1 2.9
v 0.6 4.8 2.9
v 0.6 4.9 2.9
v 0.6 6.6 2.9
v 0.6 6.7 2.9
v 0.6 7.9 2.9
v 0.6 8 2.9
v 0.6 8.4 2.9
v 0.6 8.5 2.9
v 0.7 1 2.9
v 0.7 1.2 2.9
v 0.7 1.7 2.9
v 0.7 1.8 2.9
v 0.7 2 2.9
v 0.7 2.5 2.9
v 0.7 2.6 2.9
v 0.7 2.8 2.9
v 0.7 3 2.9
v 0.7 3.1 2.9
v 0.7 4.3 2.9
v 0.7 4.4 2.9
v 0.7 4.6 2.9
v 0.7 4.8 2.9
v 0.7 4.9 2.9
v 0.7 6.1 2.9
v 0.7 6.2 2.9
v 0.7 6.4 2.9
v 0.7 6.6 2.9
v 0.7 6.7 2.9
v 0.7 8 2.9
v 0.7 8.2 2.9
v 0.7 8.4 2.9
v 0.7 8.5 2.9
v 0.7 8.6 2.9
v 0.7 9.7 2.9
v 0.7 9.8 2.9
v 0.8 0.9 2.9
v 0.8 1 2.9
v 0.8 3 2.9
v 0.8 3.1 2.9
v 0.8 4.8 2.9
v 0.8 4.9 2.9
v 0.8 6.6 2.9
v 0.8 6.7 2.9
v 0.8 8.4 2.9
v 0.8 8.5 2.9
v 0.8 8.6 2.9
v 0.9 0.9 2.9
v 0.9 1 2.9
v 1.6 1.1 2.9
v 1.6 1.2 2.9
v 1.6 2.9 2.9
v 1.6 3 2.9
v 1.6 4.7 2.9
v 1.6 4.8 2.9
v 1.6 6.5 2.9
v 1.6 6.6 2.9
v 1.6 8.3 2.9
v 1.6 8.4 2.9
v 1.7 1.2 2.9
v 1.7 2.3 2.9
v 1.7 3 2.9
v 1.7 4.1 2.9
v 1.7 4.8 2.9
v 1.7 5.9 2.9
v 1.7 6.6 2.9
v 1.7 7.6 2.9
v 1.7 7.7 2.9
v 1.7 8.4 2.9
v 1.7 9.5 2.9
v 1.8 7.6 2.9
v 1.8 7.7 2.9
v 3.3 1.2 2.9
v 3.3 2.3 2.9
v 3.3 3 2.9
v 3.3 4.1 2.9
v 3.3 4.8 2.9
v 3.3 5.9 2.9
v 3.3 6.6 2.9
v 3.3 7.7 2.9
v 3.3 8.4 2.9
v 3.3 9.5 2.9
v 3.4 1.1 2.9
v 3.4 1.2 2.9
v 3.4 2.9 2.9
v 3.4 3 2.9
v 3.4 4.7 2.9
v 3.4 4.8 2.9
v 3.4 6.5 2.9
v 3.4 6.6 2.9
v 3.4 8.3 2.9
v 3.4 8.4 2.9
v 4 1 2.9
v 4 2.6 2.9
v 4 2.8 2.9
v 4 4.4 2.9
v 4 4.6 2.9
v 4 6.2 2.9
v 4 6.4 2.9
v 4 8 2.9
v 4 8.2 2.9
v 4 9.8 2.9
v -3.9 2.9 2.8
v -3.9 3 2.8
v -3.8 2.9 2.8
v -3.8 3 2.8
v -3.8 3.2 2.8
v -3.7 3 2.8
v -3.7 3.2 2.8
v -3.7 3.4 2.8
v -3.6 3.2 2.8
v -3.6 3.4 2.8
v -3.6 3.6 2.8
v -3.5 3.4 2.8
v -3.5 3.6 2.8
v -3.5 3.8 2.8
v -3.4 3.6 2.8
v -3.4 3.8 2.8
v -3.4 4 2.8
v -3.3 3.8 2.8
v -3.3 4 2.8
v -3.3 4.2 2.8
v -3.2 1.2 2.8
v -3.2 2.3 2.8
v -3.2 3 2.8
v -3.2 4 2.8
v -3.2 4.1 2.8
v -3.2 4.2 2.8
v -3.2 4.8 2.8
v -3.2 5.9 2.8
v -3.2 6.6 2.8
v -3.2 7.7 2.8
v -3.2 8.4 2.8
v -3.2 9.5 2.8
v -3.1 1.3 2.8
v -3.1 2.2 2.8
v -3.1 3.1 2.8
v -3.1 4 2.8
v -3.1 4.9 2.8
v -3.1 5.8 2.8
v -3.1 6.7 2.8
v -3.1 7.6 2.8
v -3.1 8.5 2.8
v -3.1 9.4 2.8
v -2.7 1.3 2.8
v -2.7 2.2 2.8
v -2.7 3.1 2.8
v -2.7 4 2.8
v -2.7 4.9 2.8
v -2.7 5.8 2.8
v -2.7 6.7 2.8
v -2.7 7.6 2.8
v -2.7 8.5 2.8
v -2.7 9.4 2.8
v -2.6 1.3 2.8
v -2.6 2.2 2.8
v -2.6 3.1 2.8
v -2.6 4 2.8
v -2.6 4.9 2.8
v -2.6 5.8 2.8
v -2.6 6.7 2.8
v -2.6 7.6 2.8
v -2.6 8.5 2.8
v -2.6 9.4 2.8
v -2.5 3.5 2.8
v -2.5 3.7 2.8
v -2.4 3.3 2.8
v -2.4 3.5 2.8
v -2.4 3.7 2.8
v -2.3 3.3 2.8
v -2.3 3.5 2.8
v -2.2 1.3 2.8
v -2.2 2.2 2.8
v -2.2 3.1 2.8
v -2.2 4 2.8
v -2.2 4.9 2.8
v -2.2 5.8 2.8
v -2.2 6.7 2.8
v -2.2 7.6 2.8
v -2.2 8.5 2.8
v -2.2 9.4 2.8
v -2.1 1.3 2.8
v -2.1 2.2 2.8
v -2.1 3.1 2.8
v -2.1 4 2.8
v -2.1 4.9 2.8
v -2.1 5.8 2.8
v -2.1 6.7 2.8
v -2.1 7.6 2.8
v -2.1 8.5 2.8
v -2.1 9.4 2.8
v -2 5.3 2.8
v -2 5.7 2.8
v -1.7 1.3 2.8
v -1.7 2.2 2.8
v -1.7 3.1 2.8
v -1.7 4 2.8
v -1.7 4.9 2.8
v -1.7 5.3 2.8
v -1.7 5.7 2.8
v -1.7 5.8 2.8
v -1.7 6.7 2.8
v -1.7 7.6 2.8
v -1.7 8.5 2.8
v -1.7 9.4 2.8
v -1.6 1.2 2.8
v -1.6 2.3 2.8
v -1.6 3 2.8
v -1.6 4.1 2.8
v -1.6 4.8 2.8
v -1.6 5.9 2.8
v -1.6 6.6 2.8
v -1.6 7.7 2.8
v -1.6 8.4 2.8
v -1.6 9.5 2.8
v -1.4 7.7 2.8
v -1.4 7.8 2.8
v -1.3 7.5 2.8
v -1.3 7.7 2.8
v -1.3 7.8 2.8
v -1.2 7.3 2.8
v -1.2 7.5 2.8
v -1.2 7.7 2.8
v -1.1 7.2 2.8
v -1.1 7.3 2.8
v -1.1 7.5 2.8
v -1 7 2.8
v -1 7.2 2.8
v -1 7.3 2.8
v -0.9 6.8 2.8
v -0.9 7 2.8
v -0.9 7.2 2.8
v -0.8 6.7 2.8
v -0.8 6.8 2.8
v -0.8 7 2.8
v -0.7 6.7 2.8
v -0.7 6.8 2.8
v 1.7 1.2 2.8
v 1.7 2.3 2.8
v 1.7 3 2.8
v 1.7 4.1 2.8
v 1.7 4.8 2.8
v 1.7 5.9 2.8
v 1.7 6.6 2.8
v 1.7 7.6 2.8
v 1.7 8.4 2.8
v 1.7 9.5 2.8
v 1.8 1.3 2.8
v 1.8 2.2 2.8
v 1.8 3.1 2.8
v 1.8 3.6 2.8
v 1.8 4 2.8
v 1.8 4.9 2.8
v 1.8 5.8 2.8
v 1.8 6.7 2.8
v 1.8 7.6 2.8
v 1.8 7.7 2.8
v 1.8 8.5 2.8
v 1.8 9.4 2.8
v 1.9 3.2 2.8
v 1.9 3.6 2.8
v 1.9 4 2.8
v 2 3.2 2.8
v 2 3.6 2.8
v 2.2 1.3 2.8
v 2.2 2.2 2.8
v 2.2 3.1 2.8
v 2.2 4 2.8
v 2.2 4.9 2.8
v 2.2 5.8 2.8
v 2.2 6.7 2.8
v 2.2 7.6 2.8
v 2.2 8.5 2.8
v 2.2 9.4 2.8
v 2.3 1.3 2.8
v 2.3 2.2 2.8
v 2.3 3.1 2.8
v 2.3 4 2.8
v 2.3 4.9 2.8
v 2.3 5.5 2.8
v 2.3 5.6 2.8
v 2.3 5.8 2.8
v 2.3 6.7 2.8
v 2.3 7.6 2.8
v 2.3 8.5 2.8
v 2.3 9.4 2.8
v 2.4 5.3 2.8
v 2.4 5.5 2.8
v 2.4 5.6 2.8
v 2.5 5.2 2.8
v 2.5 5.3 2.8
v 2.5 5.5 2.8
v 2.6 5.2 2.8
v 2.6 5.3 2.8
v 2.7 1.3 2.8
v 2.7 2.2 2.8
v 2.7 3.1 2.8
v 2.7 4 2.8
v 2.7 4.9 2.8
v 2.7 5.8 2.8
v 2.7 6.7 2.8
v 2.7 7.6 2.8
v 2.7 8.5 2.8
v 2.7 9.4 2.8
v 2.8 1.3 2.8
v 2.8 2.2 2.8
v 2.8 3.1 2.8
v 2.8 4 2.8
v 2.8 4.9 2.8
v 2.8 5.8 2.8
v 2.8 6.7 2.8
v 2.8 7.6 2.8
v 2.8 8.5 2.8
v 2.8 9.4 2.8
v 3.2 1.3 2.8
v 3.2 2.2 2.8
v 3.2 3.1 2.8
v 3.2 4 2.8
v 3.2 4.9 2.8
v 3.2 5.8 2.8
v 3.2 6.7 2.8
v 3.2 7.6 2.8
v 3.2 8.5 2.8
v 3.2 9.4 2.8
v 3.3 1.2 2.8
v 3.3 2.3 2.8
v 3.3 3 2.8
v 3.3 4.1 2.8
v 3.3 4.8 2.8
v 3.3 5.9 2.8
v 3.3 6.6 2.8
v 3.3 7.7 2.8
v 3.3 8.4 2.8
v 3.3 9.5 2.8
v -1.3 3.3 2.7
v -1.3 3.4 2.7
v -1.2 3.3 2.7
v -1.2 3.4 2.7
v -0.4 1 2.7
v -0.4 2.4 2.7
v -0.4 2.8 2.7
v -0.4 4.2 2.7
v -0.4 4.6 2.7
v -0.4 6 2.7
v -0.4 6.4 2.7
v -0.4 7.8 2.7
v -0.4 8.2 2.7
v -0.4 9.6 2.7
v -0.3 1.6 2.7
v -0.3 2.2 2.7
v -0.2 1.4 2.7
v -0.2 1.5 2.7
v -0.2 2.8 2.7
v -0.2 4 2.7
v -0.2 4.6 2.7
v -0.2 5.8 2.7
v -0.2 6.4 2.7
v -0.2 7.6 2.7
v -0.2 8.2 2.7
v -0.2 9.4 2.7
v -0.0999999 1.4 2.7
v -0.0999999 1.5 2.7
v -0.0999999 1.6 2.7
v -0.0999999 2.2 2.7
v -0.0999999 3.4 2.7
v -0.0999999 3.9 2.7
v -0.0999999 5.2 2.7
v -0.0999999 5.7 2.7
v -0.0999999 7 2.7
v -0.0999999 7.5 2.7
v -0.0999999 8.8 2.7
v -0.0999999 9.3 2.7
v 0.1 1.4 2.7
v 0.1 1.5 2.7
v 0.1 1.6 2.7
v 0.1 2.2 2.7
v 0.1 3.2 2.7
v 0.1 3.3 2.7
v 0.1 5 2.7
v 0.1 5.1 2.7
v 0.1 6.8 2.7
v 0.1 6.9 2.7
v 0.1 8.6 2.7
v 0.1 8.7 2.7
v 0.2 3.2 2.7
v 0.2 3.3 2.7
v 0.2 3.4 2.7
v 0.2 3.9 2.7
v 0.2 5 2.7
v 0.2 5.1 2.7
v 0.2 5.2 2.7
v 0.2 5.7 2.7
v 0.2 6.8 2.7
v 0.2 6.9 2.7
v 0.2 7 2.7
v 0.2 7.5 2.7
v 0.2 8.6 2.7
v 0.2 8.7 2.7
v 0.2 8.8 2.7
v 0.2 9.3 2.7
v 0.3 1.4 2.7
v 0.3 1.5 2.7
v 0.3 2.8 2.7
v 0.3 4 2.7
v 0.3 4.6 2.7
v 0.3 5.8 2.7
v 0.3 6.4 2.7
v 0.3 7.6 2.7
v 0.3 8.2 2.7
v 0.3 9.4 2.7
v 0.4 1.6 2.7
v 0.4 2.2 2.7
v 0.5 1 2.7
v 0.5 2.4 2.7
v 0.5 2.8 2.7
v 0.5 4.2 2.7
v 0.5 4.6 2.7
v 0.5 6 2.7
v 0.5 6.4 2.7
v 0.5 7.8 2.7
v 0.5 8.2 2.7
v 0.5 9.6 2.7
v 3.6 9.2 2.7
v 3.6 9.3 2.7
v 3.6 9.4 2.7
v 3.6 9.5 2.7
v 3.7 9.2 2.7
v 3.7 9.3 2.7
v 3.7 9.4 2.7
v 3.7 9.5 2.7
v 3.7 9.6 1.9
v 3.7 9.7 1.9
v 3.8 9.6 1.9
v 3.8 9.7 1.9
v 3.7 9.5 1.7
v 3.7 9.6 1.7
v 3.8 9.5 1.7
v 3.8 9.6 1.7
v 3.9 1 1.7
v 3.9 1.2 1.7
v 3.9 9.5 1.7
v 3.9 9.6 1.7
v 4 1 1.7
v 4 1.2 1.7
v 3.9 1.2 1.6
v 3.9 1.4 1.6
v 4 1.2 1.6
v 4 1.4 1.6
v 3.9 1.4 1.5
v 3.9 1.6 1.5
v 4 1.4 1.5
v 4 1.6 1.5
v 3.9 1.6 1.4
v 3.9 1.9 1.4
v 4 1.6 1.4
v 4 1.9 1.4
v 3.9 1.9 1.3
v 3.9 2.1 1.3
v 4 1.9 1.3
v 4 2.1 1.3
v 3.9 2.1 1.2
v 3.9 2.3 1.2
v 4 2.1 1.2
v 4 2.3 1.2
v -4.5 0.4 -0.8
v -4.5 0.5 -0.8
v -4.3 0.4 -0.8
v -4.3 0.5 -0.8
v -4.3 0.4 -0.9
v -4.3 0.5 -0.9
v -4.2 0.4 -0.9
v -4.2 0.5 -0.9
v -3.9 1.8 -0.9
v -3.9 1.9 -0.9
v -3.8 1.8 -0.9
v -3.8 1.9 -0.9
v -1 11.6 -0.9
v -1 11.7 -0.9
v 1.1 11.6 -0.9
v 1.1 11.7 -0.9
v -4.2 0.4 -1
v -4.2 0.5 -1
v -4.1 0.4 -1
v -4.1 0.5 -1
v -3.9 1.9 -1
v -3.9 2 -1
v -3.8 1.9 -1
v -3.8 2 -1
v -4.5 0.4 -1.1
v -4.5 0.5 -1.1
v -4.4 0.4 -1.1
v -4.4 0.5 -1.1
v -3.9 1.5 -1.1
v -3.9 1.9 -1.1
v -3.8 1.5 -1.1
v -3.8 1.9 -1.1
v -0.9 11.7 -1.9
v -0.9 11.8 -1.9
v -0.5 10 -1.9
v -0.5 11.3 -1.9
v -0.4 10 -1.9
v -0.4 11.2 -1.9
v -0.2 10.5 -1.9
v -0.2 10.6 -1.9
v 0 10.5 -1.9
v 0 10.6 -1.9
v 0.2 10.5 -1.9
v 0.2 10.6 -1.9
v 0.4 10.5 -1.9
v 0.4 10.6 -1.9
v 0.6 10 -1.9
v 0.6 11.2 -1.9
v 0.7 10 -1.9
v 0.7 11.3 -1.9
v 1 11.7 -1.9
v 1 11.8 -1.9
v -0.8 10 -2
v -0.8 11.6 -2
v -0.5 10 -2
v -0.5 11.3 -2
v -0.4 10 -2
v -0.4 11.2 -2
v -0.3 10.7 -2
v -0.3 11.1 -2
v -0.2 10.5 -2
v -0.2 10.6 -2
v 0 10.5 -2
v 0 10.6 -2
v 0 10.7 -2
v 0 11.1 -2
v 0.2 10.5 -2
v 0.2 10.6 -2
v 0.2 10.7 -2
v 0.2 11.1 -2
v 0.4 10.5 -2
v 0.4 10.6 -2
v 0.5 10.7 -2
v 0.5 11.1 -2
v 0.6 10 -2
v 0.6 11.2 -2
v 0.7 10 -2
v 0.7 11.3 -2
v 0.9 10 -2
v 0.9 11.6 -2
v 3.9 4.2 -2.2
v 3.9 4.3 -2.2
v 4 4.2 -2.2
v 4 4.3 -2.2
v 3.9 4.1 -2.3
v 3.9 4.2 -2.3
v 4 4.1 -2.3
v 4 4.2 -2.3
v -3.9 0.5 -2.4
v -3.9 0.6 -2.4
v -3.8 0.5 -2.4
v -3.8 0.6 -2.4
v 3.9 4 -2.4
v 3.9 4.1 -2.4
v 4 4 -2.4
v 4 4.1 -2.4
v 3.9 3.9 -2.6
v 3.9 4 -2.6
v 4 3.9 -2.6
v 4 4 -2.6
v 3.9 3.8 -2.7
v 3.9 3.9 -2.7
v 4 3.8 -2.7
v 4 3.9 -2.7
v 3.9 3.7 -2.8
v 3.9 3.8 -2.8
v 4 3.7 -2.8
v 4 3.8 -2.8
v -3.8 5.3 -2.9
v -3.8 5.4 -2.9
v -3.7 5.3 -2.9
v -3.7 5.4 -2.9
v 3.9 3.6 -2.9
v 3.9 3.7 -2.9
v 4 3.6 -2.9
v 4 3.7 -2.9
v 3.9 3.5 -3
v 3.9 3.6 -3
v 4 3.5 -3
v 4 3.6 -3
v 3.9 3.4 -3.1
v 3.9 3.5 -3.1
v 4 3.4 -3.1
v 4 3.5 -3.1
v 3.9 3.3 -3.2
v 3.9 3.4 -3.2
v 4 3.3 -3.2
v 4 3.4 -3.2
v 3.9 3.2 -3.4
v 3.9 3.3 -3.4
v 4 3.2 -3.4
v 4 3.3 -3.4
v 3.9 3.1 -3.5
v 3.9 3.2 -3.5
v 4 3.1 -3.5
v 4 3.2 -3.5
v 3.9 3 -3.6
v 3.9 3.1 -3.6
v 4 3 -3.6
v 4 3.1 -3.6
v 3.9 2.9 -3.7
v 3.9 3 -3.7
v 4 2.9 -3.7
v 4 3 -3.7
v -3.8 10 -3.8
v -3.8 10.2 -3.8
v -2.8 6.1 -3.8
v -2.8 6.2 -3.8
v -2.7 6.1 -3.8
v -2.7 6.2 -3.8
v -2 5 -3.8
v -2 5.1 -3.8
v -1.9 5 -3.8
v -1.9 5.1 -3.8
v -1 3.7 -3.8
v -1 3.8 -3.8
v -1 6.9 -3.8
v -1 7 -3.8
v -0.9 3.7 -3.8
v -0.9 3.8 -3.8
v -0.9 6.9 -3.8
v -0.9 7 -3.8
v 2.6 2.1 -3.8
v 2.6 2.2 -3.8
v 2.7 2.1 -3.8
v 2.7 2.2 -3.8
v 2.9 6.5 -3.8
v 2.9 6.6 -3.8
v 3 6.5 -3.8
v 3 6.6 -3.8
v 3.3 8.4 -3.8
v 3.3 8.5 -3.8
v 3.4 8.4 -3.8
v 3.4 8.5 -3.8
v 3.9 10 -3.8
v 3.9 10.2 -3.8
v -3.2 0.9 -3.9
v -3.2 1 -3.9
v -3.1 0.9 -3.9
v -3.1 1 -3.9
v 0 0.4 -4.2
v 0 0.6 -4.2
v 0.1 0.4 -4.2
v 0.1 0.6 -4.2
v 0.4 0.4 -4.2
v 0.4 0.5 -4.2
v 0.5 0.4 -4.2
v 0.5 0.5 -4.2
v 0.9 0.4 -4.3
v 0.9 0.5 -4.3
v 1 0.4 -4.3
v 1 0.5 -4.3
v 0 0.4 -4.4
v 0 0.5 -4.4
v 0.1 0.4 -4.4
v 0.1 0.5 -4.4
v 0.6 0.4 -4.4
v 0.6 0.5 -4.4
v 0.7 0.4 -4.4
v 0.7 0.5 -4.4
v 0.3 0.4 -4.5
v 0.3 0.5 -4.5
v 0.4 0.4 -4.5
v 0.4 0.5 -4.5
v -3.8 0.7 3.8
v -3.8 1.1 3.8
v -3.8 1.5 3.8
v -3.8 1.6 3.8
v -3.6 0.7 3.8
v -3.6 1.1 3.8
v -3.6 1.5 3.8
v -3.6 1.6 3.8
v -1.4 0.7 3.8
v -1.4 1.1 3.8
v -1.4 1.5 3.8
v -1.4 1.6 3.8
v -1.2 0.7 3.8
v -1.2 1.1 3.8
v -1.2 1.5 3.8
v -1.2 1.6 3.8
v 1.3 0.7 3.8
v 1.3 1.1 3.8
v 1.3 1.5 3.8
v 1.3 1.6 3.8
v 1.5 0.7 3.8
v 1.5 1.1 3.8
v 1.5 1.5 3.8
v 1.5 1.6 3.8
v 3.7 0.7 3.8
v 3.7 1.1 3.8
v 3.7 1.5 3.8
v 3.7 1.6 3.8
v 3.9 0.7 3.8
v 3.9 1.1 3.8
v 3.9 1.5 3.8
v 3.9 1.6 3.8
v -3.9 1.2 3.7
v -3.9 1.5 3.7
v -3.5 1.2 3.7
v -3.5 1.5 3.7
v -1.5 1.2 3.7
v -1.5 1.5 3.7
v -1.1 1.2 3.7
v -1.1 1.5 3.7
v 1.2 1.2 3.7
v 1.2 1.5 3.7
v 1.6 1.2 3.7
v 1.6 1.5 3.7
v 3.6 1.2 3.7
v 3.6 1.5 3.7
v 4 1.2 3.7
v 4 1.5 3.7
v -4 0.4 3.6
v -4 0.7 3.6
v -4 1.1 3.6
v -4 1.2 3.6
v -3.4 0.4 3.6
v -3.4 0.7 3.6
v -3.4 1.1 3.6
v -3.4 1.2 3.6
v -1.6 0.4 3.6
v -1.6 0.7 3.6
v -1.6 1.1 3.6
v -1.6 1.2 3.6
v -1 0.4 3.6
v -1 0.7 3.6
v -1 1.1 3.6
v -1 1.2 3.6
v 1.1 0.4 3.6
v 1.1 0.7 3.6
v 1.1 1.1 3.6
v 1.1 1.2 3.6
v 1.7 0.4 3.6
v 1.7 0.7 3.6
v 1.7 1.1 3.6
v 1.7 1.2 3.6
v 3.5 0.4 3.6
v 3.5 0.7 3.6
v 3.5 1.1 3.6
v 3.5 1.2 3.6
v 4.1 0.4 3.6
v 4.1 0.7 3.6
v 4.1 1.1 3.6
v 4.1 1.2 3.6
v -0.2 6.8 3.3
v -0.2 6.9 3.3
v -0.0999999 6.8 3.3
v -0.0999999 6.9 3.3
v 0.3 8.6 3.3
v 0.3 8.7 3.3
v 0.4 8.6 3.3
v 0.4 8.7 3.3
v 0.6 3.2 3.3
v 0.6 3.3 3.3
v 0.6 6.8 3.3
v 0.6 6.9 3.3
v 0.7 3.2 3.3
v 0.7 3.3 3.3
v 0.7 6.8 3.3
v 0.7 6.9 3.3
v -0.8 3 3.2
v -0.8 3.1 3.2
v -0.8 4.7 3.2
v -0.8 4.8 3.2
v -0.7 3 3.2
v -0.7 3.1 3.2
v -0.7 4.7 3.2
v -0.7 4.8 3.2
v -0.7 6.8 3.2
v -0.7 6.9 3.2
v -0.6 3.2 3.2
v -0.6 3.3 3.2
v -0.6 6.8 3.2
v -0.6 6.9 3.2
v -0.5 3.1 3.2
v -0.5 3.2 3.2
v -0.5 3.3 3.2
v -0.4 3.1 3.2
v -0.4 3.2 3.2
v -0.4 8.5 3.2
v -0.4 8.6 3.2
v -0.3 6.8 3.2
v -0.3 6.9 3.2
v -0.3 8.5 3.2
v -0.3 8.6 3.2
v -0.2 6.7 3.2
v -0.2 6.8 3.2
v -0.2 6.9 3.2
v -0.2 8.5 3.2
v -0.2 8.6 3.2
v -0.2 8.7 3.2
v -0.0999999 3.2 3.2
v -0.0999999 3.3 3.2
v -0.0999999 4.9 3.2
v -0.0999999 5 3.2
v -0.0999999 8.5 3.2
v -0.0999999 8.6 3.2
v 0 3.2 3.2
v 0 3.3 3.2
v 0 4.9 3.2
v 0 5 3.2
v 0 6.8 3.2
v 0 6.9 3.2
v 0 8.5 3.2
v 0 8.6 3.2
v 0 8.7 3.2
v 0.1 3.2 3.2
v 0.1 3.3 3.2
v 0.1 6.7 3.2
v 0.1 6.8 3.2
v 0.1 6.9 3.2
v 0.1 8.5 3.2
v 0.1 8.6 3.2
v 0.2 3.2 3.2
v 0.2 3.3 3.2
v 0.2 6.7 3.2
v 0.2 6.8 3.2
v 0.2 8.5 3.2
v 0.2 8.6 3.2
v 0.3 6.7 3.2
v 0.3 6.8 3.2
v 0.3 6.9 3.2
v 0.3 8.5 3.2
v 0.3 8.6 3.2
v 0.4 3.1 3.2
v 0.4 3.2 3.2
v 0.4 6.8 3.2
v 0.4 6.9 3.2
v 0.5 4.9 3.2
v 0.5 5 3.2
v 0.6 3.1 3.2
v 0.6 3.2 3.2
v 0.6 4.9 3.2
v 0.6 5 3.2
v 0.7 8.6 3.2
v 0.7 8.7 3.2
v 0.8 6.7 3.2
v 0.8 6.8 3.2
v 0.8 8.6 3.2
v 0.8 8.7 3.2
v 0.9 6.7 3.2
v 0.9 6.8 3.2
v -0.8 4.8 3.1
v -0.8 4.9 3.1
v -0.8 5 3.1
v -0.7 2.8 3.1
v -0.7 3 3.1
v -0.7 3.2 3.1
v -0.7 3.3 3.1
v -0.7 4.6 3.1
v -0.7 4.8 3.1
v -0.7 4.9 3.1
v -0.7 5 3.1
v -0.7 5.1 3.1
v -0.7 6.4 3.1
v -0.7 6.6 3.1
v -0.7 8.2 3.1
v -0.7 8.4 3.1
v -0.7 8.6 3.1
v -0.7 8.7 3.1
v -0.6 3.1 3.1
v -0.6 3.2 3.1
v -0.6 3.3 3.1
v -0.6 5 3.1
v -0.6 5.1 3.1
v -0.6 6.7 3.1
v -0.6 6.8 3.1
v -0.6 8.5 3.1
v -0.6 8.6 3.1
v -0.6 8.7 3.1
v -0.5 2.8 3.1
v -0.5 3 3.1
v -0.5 3.1 3.1
v -0.5 3.2 3.1
v -0.5 4.6 3.1
v -0.5 4.8 3.1
v -0.5 4.9 3.1
v -0.5 5.1 3.1
v -0.5 6.4 3.1
v -0.5 6.6 3.1
v -0.5 6.7 3.1
v -0.5 6.8 3.1
v -0.5 8.2 3.1
v -0.5 8.4 3.1
v -0.5 8.5 3.1
v -0.5 8.6 3.1
v -0.5 8.7 3.1
v -0.3 2.8 3.1
v -0.3 3 3.1
v -0.3 4.6 3.1
v -0.3 4.8 3.1
v -0.3 6.4 3.1
v -0.3 6.6 3.1
v -0.3 6.7 3.1
v -0.3 6.8 3.1
v -0.3 8.2 3.1
v -0.3 8.4 3.1
v -0.3 8.5 3.1
v -0.3 8.6 3.1
v -0.2 6.7 3.1
v -0.2 6.8 3.1
v -0.2 8.5 3.1
v -0.2 8.6 3.1
v -0.0999999 2.8 3.1
v -0.0999999 3 3.1
v -0.0999999 3.1 3.1
v -0.0999999 3.2 3.1
v -0.0999999 4.6 3.1
v -0.0999999 4.8 3.1
v -0.0999999 6.4 3.1
v -0.0999999 6.6 3.1
v -0.0999999 8.2 3.1
v -0.0999999 8.4 3.1
v 0 3.2 3.1
v 0 3.3 3.1
v 0 4.9 3.1
v 0 5 3.1
v 0 5.1 3.1
v 0.1 3.2 3.1
v 0.1 3.3 3.1
v 0.1 5 3.1
v 0.1 5.1 3.1
v 0.2 2.8 3.1
v 0.2 3 3.1
v 0.2 3.1 3.1
v 0.2 3.2 3.1
v 0.2 4.6 3.1
v 0.2 4.8 3.1
v 0.2 6.4 3.1
v 0.2 6.6 3.1
v 0.2 8.2 3.1
v 0.2 8.4 3.1
v 0.3 4.9 3.1
v 0.3 5 3.1
v 0.3 6.7 3.1
v 0.3 6.8 3.1
v 0.3 8.5 3.1
v 0.3 8.6 3.1
v 0.3 8.7 3.1
v 0.4 2.8 3.1
v 0.4 3 3.1
v 0.4 4.6 3.1
v 0.4 4.8 3.1
v 0.4 6.4 3.1
v 0.4 6.6 3.1
v 0.4 6.7 3.1
v 0.4 6.8 3.1
v 0.4 8.2 3.1
v 0.4 8.4 3.1
v 0.4 8.6 3.1
v 0.4 8.7 3.1
v 0.5 8.5 3.1
v 0.5 8.6 3.1
v 0.6 2.8 3.1
v 0.6 3 3.1
v 0.6 3.1 3.1
v 0.6 3.2 3.1
v 0.6 3.3 3.1
v 0.6 4.6 3.1
v 0.6 4.8 3.1
v 0.6 4.9 3.1
v 0.6 6.4 3.1
v 0.6 6.6 3.1
v 0.6 6.7 3.1
v 0.6 7.9 3.1
v 0.6 8 3.1
v 0.6 8.2 3.1
v 0.6 8.4 3.1
v 0.6 8.5 3.1
v 0.7 3.1 3.1
v 0.7 3.2 3.1
v 0.7 5 3.1
v 0.7 5.1 3.1
v 0.7 6.7 3.1
v 0.7 6.8 3.1
v 0.7 6.9 3.1
v 0.7 7.9 3.1
v 0.7 8 3.1
v 0.7 8.1 3.1
v 0.8 2.8 3.1
v 0.8 3 3.1
v 0.8 3.1 3.1
v 0.8 3.2 3.1
v 0.8 3.3 3.1
v 0.8 4.6 3.1
v 0.8 4.8 3.1
v 0.8 4.9 3.1
v 0.8 5 3.1
v 0.8 5.1 3.1
v 0.8 6.4 3.1
v 0.8 6.6 3.1
v 0.8 6.7 3.1
v 0.8 6.8 3.1
v 0.8 6.9 3.1
v 0.8 8 3.1
v 0.8 8.1 3.1
v 0.8 8.2 3.1
v 0.8 8.4 3.1
v 0.8 8.5 3.1
v 0.8 8.6 3.1
v 0.9 3 3.1
v 0.9 3.1 3.1
v 0.9 4.8 3.1
v 0.9 4.9 3.1
v 0.9 6.6 3.1
v 0.9 6.7 3.1
v 0.9 8.4 3.1
v 0.9 8.6 3.1
v -0.8 3.1 3
v -0.8 3.2 3
v -0.8 6.6 3
v -0.8 6.7 3
v -0.8 8.4 3
v -0.8 8.6 3
v -0.7 3.1 3
v -0.7 6.6 3
v -0.7 6.7 3
v -0.7 6.8 3
v -0.7 8.4 3
v -0.7 8.5 3
v -0.6 3.1 3
v -0.6 3.2 3
v -0.6 6.7 3
v -0.6 6.8 3
v -0.6 8.5 3
v -0.6 8.6 3
v -0.3 0.4 3
v -0.3 0.5 3
v 0.2 0.4 3
v 0.2 0.5 3
v 0.6 4.9 3
v 0.6 5 3
v 0.6 6.7 3
v 0.6 6.8 3
v 0.6 8.5 3
v 0.6 8.6 3
v 0.7 3.1 3
v 0.7 3.2 3
v 0.7 6.7 3
v 0.7 6.8 3
v 0.7 8.5 3
v 0.7 8.6 3
v 0.8 3.1 3
v 0.8 3.2 3
v 0.8 4.9 3
v 0.8 5 3
v -3.8 10 2.8
v -3.8 10.2 2.8
v -1.3 3.3 2.8
v -1.3 3.4 2.8
v -1.2 3.3 2.8
v -1.2 3.4 2.8
v 3.6 9.2 2.8
v 3.6 9.3 2.8
v 3.6 9.4 2.8
v 3.6 9.5 2.8
v 3.7 9.2 2.8
v 3.7 9.3 2.8
v 3.7 9.4 2.8
v 3.7 9.5 2.8
v 3.9 10 2.8
v 3.9 10.2 2.8
v 3.7 9.6 2
v 3.7 9.7 2
v 3.8 9.6 2
v 3.8 9.7 2
v 3.7 9.5 1.8
v 3.7 9.6 1.8
v 3.8 9.5 1.8
v 3.8 9.6 1.8
v 3.9 1 1.8
v 3.9 1.2 1.8
v 3.9 9.5 1.8
v 3.9 9.6 1.8
v 4 1 1.8
v 4 1.2 1.8
v 3.9 1.2 1.7
v 3.9 1.4 1.7
v 4 1.2 1.7
v 4 1.4 1.7
v 3.9 1.4 1.6
v 3.9 1.6 1.6
v 4 1.4 1.6
v 4 1.6 1.6
v 3.9 1.6 1.5
v 3.9 1.9 1.5
v 4 1.6 1.5
v 4 1.9 1.5
v 3.9 1.9 1.4
v 3.9 2.1 1.4
v 4 1.9 1.4
v 4 2.1 1.4
v 3.9 2.1 1.3
v 3.9 2.3 1.3
v 4 2.1 1.3
v 4 2.3 1.3
v -3.9 1.5 -0.6
v -3.9 2 -0.6
v -3.8 1.5 -0.6
v -3.8 2 -0.6
v -4.5 0.4 -0.9
v -4.5 0.5 -0.9
v -4.3 0.4 -0.9
v -4.3 0.5 -0.9
v -4.3 0.4 -1
v -4.3 0.5 -1
v -4.2 0.4 -1
v -4.2 0.5 -1
v -3.9 1.8 -1
v -3.9 1.9 -1
v -3.8 1.8 -1
v -3.8 1.9 -1
v -4.2 0.4 -1.1
v -4.2 0.5 -1.1
v -4.1 0.4 -1.1
v -4.1 0.5 -1.1
v -4.5 0.4 -1.2
v -4.5 0.5 -1.2
v -4.4 0.4 -1.2
v -4.4 0.5 -1.2
v 3.9 4.2 -2.1
v 3.9 4.3 -2.1
v 4 4.2 -2.1
v 4 4.3 -2.1
v 3.9 4.1 -2.2
v 3.9 4.2 -2.2
v 4 4.1 -2.2
v 4 4.2 -2.2
v -3.9 0.5 -2.3
v -3.9 0.6 -2.3
v -3.8 0.5 -2.3
v -3.8 0.6 -2.3
v 3.9 4 -2.3
v 3.9 4.1 -2.3
v 4 4 -2.3
v 4 4.1 -2.3
v 3.9 3.9 -2.4
v 3.9 4 -2.4
v 4 3.9 -2.4
v 4 4 -2.4
v 3.9 3.8 -2.6
v 3.9 3.9 -2.6
v 4 3.8 -2.6
v 4 3.9 -2.6
v 3.9 3.7 -2.7
v 3.9 3.8 -2.7
v 4 3.7 -2.7
v 4 3.8 -2.7
v -3.8 5.3 -2.8
v -3.8 5.4 -2.8
v -3.7 5.3 -2.8
v -3.7 5.4 -2.8
v 3.9 3.6 -2.8
v 3.9 3.7 -2.8
v 4 3.6 -2.8
v 4 3.7 -2.8
v 3.9 3.5 -2.9
v 3.9 3.6 -2.9
v 4 3.5 -2.9
v 4 3.6 -2.9
v 3.9 3.4 -3
v 3.9 3.5 -3
v 4 3.4 -3
v 4 3.5 -3
v 3.9 3.3 -3.1
v 3.9 3.4 -3.1
v 4 3.3 -3.1
v 4 3.4 -3.1
v 3.9 3.2 -3.2
v 3.9 3.3 -3.2
v 4 3.2 -3.2
v 4 3.3 -3.2
v 3.9 3.1 -3.4
v 3.9 3.2 -3.4
v 4 3.1 -3.4
v 4 3.2 -3.4
v 3.9 3 -3.5
v 3.9 3.1 -3.5
v 4 3 -3.5
v 4 3.1 -3.5
v -0.8 10 -3.6
v -0.8 11.6 -3.6
v 0.9 10 -3.6
v 0.9 11.6 -3.6
v 3.9 2.9 -3.6
v 3.9 3 -3.6
v 4 2.9 -3.6
v 4 3 -3.6
v -2.8 6.1 -3.7
v -2.8 6.2 -3.7
v -2.7 6.1 -3.7
v -2.7 6.2 -3.7
v -2 5 -3.7
v -2 5.1 -3.7
v -1.9 5 -3.7
v -1.9 5.1 -3.7
v -1 3.7 -3.7
v -1 3.8 -3.7
v -1 6.9 -3.7
v -1 7 -3.7
v -0.9 3.7 -3.7
v -0.9 3.8 -3.7
v -0.9 6.9 -3.7
v -0.9 7 -3.7
v -0.9 11.7 -3.7
v -0.9 11.8 -3.7
v 1 11.7 -3.7
v 1 11.8 -3.7
v 2.6 2.1 -3.7
v 2.6 2.2 -3.7
v 2.7 2.1 -3.7
v 2.7 2.2 -3.7
v 2.9 6.5 -3.7
v 2.9 6.6 -3.7
v 3 6.5 -3.7
v 3 6.6 -3.7
v 3.3 8.4 -3.7
v 3.3 8.5 -3.7
v 3.4 8.4 -3.7
v 3.4 8.5 -3.7
v -3.2 0.9 -3.8
v -3.2 1 -3.8
v -3.1 0.9 -3.8
v -3.1 1 -3.8
v -1 11.6 -3.8
v -1 11.7 -3.8
v -0.5 5.2 -3.8
v -0.5 5.7 -3.8
v -0.3 5.4 -3.8
v -0.3 5.6 -3.8
v -0.3 5.7 -3.8
v -0.3 5.8 -3.8
v -0.2 5.4 -3.8
v -0.2 5.5 -3.8
v -0.0999999 5.2 -3.8
v -0.0999999 5.3 -3.8
v -0.0999999 5.5 -3.8
v -0.0999999 5.6 -3.8
v 0.1 5.3 -3.8
v 0.1 5.8 -3.8
v 1.1 11.6 -3.8
v 1.1 11.7 -3.8
v -3.9 1 -3.9
v -3.9 2.6 -3.9
v -3.9 2.8 -3.9
v -3.9 4.4 -3.9
v -3.9 4.6 -3.9
v -3.9 6.2 -3.9
v -3.9 6.4 -3.9
v -3.9 8 -3.9
v -3.9 8.2 -3.9
v -3.9 9.8 -3.9
v -0.5 5.2 -3.9
v -0.5 5.7 -3.9
v -0.3 5.4 -3.9
v -0.3 5.6 -3.9
v -0.3 5.7 -3.9
v -0.3 5.8 -3.9
v -0.2 5.4 -3.9
v -0.2 5.5 -3.9
v -0.0999999 5.2 -3.9
v -0.0999999 5.3 -3.9
v -0.0999999 5.5 -3.9
v -0.0999999 5.6 -3.9
v 0.1 5.3 -3.9
v 0.1 5.8 -3.9
v 1.8 0.9 -3.9
v 1.8 1 -3.9
v 2.1 0.9 -3.9
v 2.1 1 -3.9
v 4 1 -3.9
v 4 2.6 -3.9
v 4 2.8 -3.9
v 4 4.4 -3.9
v 4 4.6 -3.9
v 4 6.2 -3.9
v 4 6.4 -3.9
v 4 8 -3.9
v 4 8.2 -3.9
v 4 9.8 -3.9
v -4 0.4 -4
v -4 1 -4
v -4 2.6 -4
v -4 2.8 -4
v -4 4.4 -4
v -4 4.6 -4
v -4 6.2 -4
v -4 6.4 -4
v -4 8 -4
v -4 8.2 -4
v -4 9.8 -4
v -4 10.2 -4
v 1.8 0.9 -4
v 1.8 1 -4
v 2.1 0.9 -4
v 2.1 1 -4
v 4.1 0.4 -4
v 4.1 1 -4
v 4.1 2.6 -4
v 4.1 2.8 -4
v 4.1 4.4 -4
v 4.1 4.6 -4
v 4.1 6.2 -4
v 4.1 6.4 -4
v 4.1 8 -4
v 4.1 8.2 -4
v 4.1 9.8 -4
v 4.1 10.2 -4
v 0 0.4 -4.3
v 0 0.6 -4.3
v 0.1 0.4 -4.3
v 0.1 0.6 -4.3
v 0.4 0.4 -4.3
v 0.4 0.5 -4.3
v 0.5 0.4 -4.3
v 0.5 0.5 -4.3
v 0.9 0.4 -4.4
v 0.9 0.5 -4.4
v 1 0.4 -4.4
v 1 0.5 -4.4
v 0 0.4 -4.5
v 0 0.5 -4.5
v 0.1 0.4 -4.5
v 0.1 0.5 -4.5
v 0.6 0.4 -4.5
v 0.6 0.5 -4.5
v 0.7 0.4 -4.5
v 0.7 0.5 -4.5
v 0.3 0.4 -4.6
v 0.3 0.5 -4.6
v 0.4 0.4 -4.6
v 0.4 0.5 -4.6
v -5 0 -5
v -5 0.4 -5
v 5.1 0 -5
v 5.1 0.4 -5
v -5 0 5
v 5.1 0 5
v -4.9 0 4.9
v 4.9 0 4.9
v -4.9 0 -4.6
v 4.6 0 -4.6
v 4.6 0 -4.9
v 4.9 0 -4.9
v -5 0 -5
v 5.1 0 -5
v -0.3 0.5 3
v 0.2 0.5 3
v -0.3 0.5 2.9
v 0.2 0.5 2.9
v -3.9 0.6 -2.3
v -3.8 0.6 -2.3
v -3.9 0.6 -2.4
v -3.8 0.6 -2.4
v -2.8 0.7 3.1
v -2.7 0.7 3.1
v -2.3 0.7 3.1
v -2.2 0.7 3.1
v 3.1 0.7 3.1
v 3.2 0.7 3.1
v -2.8 0.7 3
v -2.7 0.7 3
v -2.3 0.7 3
v -2.2 0.7 3
v 3.1 0.7 3
v 3.2 0.7 3
v 2.6 0.8 3.1
v 2.7 0.8 3.1
v 2.6 0.8 3
v 2.7 0.8 3
v -2.7 0.9 3.1
v -2.6 0.9 3.1
v 3 0.9 3.1
v 3.1 0.9 3.1
v -2.7 0.9 3
v -2.6 0.9 3
v 3 0.9 3
v 3.1 0.9 3
v -3.2 1 -3.8
v -3.1 1 -3.8
v -3.2 1 -3.9
v -3.1 1 -3.9
v -4 1.1 4.2
v -3.4 1.1 4.2
v -1.6 1.1 4.2
v -1 1.1 4.2
v 1.1 1.1 4.2
v 1.7 1.1 4.2
v 3.5 1.1 4.2
v 4.1 1.1 4.2
v -3.8 1.1 4
v -3.6 1.1 4
v -1.4 1.1 4
v -1.2 1.1 4
v 1.3 1.1 4
v 1.5 1.1 4
v 3.7 1.1 4
v 3.9 1.1 4
v -3.8 1.1 3.8
v -3.6 1.1 3.8
v -1.4 1.1 3.8
v -1.2 1.1 3.8
v 1.3 1.1 3.8
v 1.5 1.1 3.8
v 3.7 1.1 3.8
v 3.9 1.1 3.8
v -4 1.1 3.6
v -3.4 1.1 3.6
v -1.6 1.1 3.6
v -1 1.1 3.6
v 1.1 1.1 3.6
v 1.7 1.1 3.6
v 3.5 1.1 3.6
v 4.1 1.1 3.6
v -3.2 1.1 3
v -1.5 1.1 3
v 1.6 1.1 3
v 3.4 1.1 3
v -3.2 1.1 2.9
v -1.5 1.1 2.9
v 1.6 1.1 2.9
v 3.4 1.1 2.9
v 3.9 1.2 1.8
v 4 1.2 1.8
v 3.9 1.2 1.7
v 4 1.2 1.7
v 3.9 1.4 1.7
v 4 1.4 1.7
v 3.9 1.4 1.6
v 4 1.4 1.6
v 3.9 1.6 1.6
v 4 1.6 1.6
v 3.9 1.6 1.5
v 4 1.6 1.5
v -3.9 1.8 -0.9
v -3.8 1.8 -0.9
v -3.9 1.8 -1
v -3.8 1.8 -1
v 3.9 1.9 1.5
v 4 1.9 1.5
v 3.9 1.9 1.4
v 4 1.9 1.4
v -3.9 1.9 -1
v -3.8 1.9 -1
v -3.9 1.9 -1.1
v -3.8 1.9 -1.1
v -3.9 2 -0.6
v -3.8 2 -0.6
v -3.9 2 -1
v -3.8 2 -1
v 3.9 2.1 1.4
v 4 2.1 1.4
v 3.9 2.1 1.3
v 4 2.1 1.3
v 2.6 2.2 -3.7
v 2.7 2.2 -3.7
v 2.6 2.2 -3.8
v 2.7 2.2 -3.8
v -3.2 2.3 2.9
v -1.6 2.3 2.9
v 1.7 2.3 2.9
v 3.3 2.3 2.9
v -3.2 2.3 2.8
v -1.6 2.3 2.8
v 1.7 2.3 2.8
v 3.3 2.3 2.8
v 3.9 2.3 1.3
v 4 2.3 1.3
v 3.9 2.3 1.2
v 4 2.3 1.2
v -0.4 2.4 2.9
v 0.5 2.4 2.9
v -0.4 2.4 2.7
v 0.5 2.4 2.7
v -0.6 2.5 3.2
v 0.7 2.5 3.2
v -0.6 2.5 2.9
v 0.7 2.5 2.9
v -0.7 2.6 3.3
v 0.8 2.6 3.3
v -0.6 2.6 3.2
v 0.7 2.6 3.2
v -4 2.6 3
v -0.7 2.6 3
v 0.8 2.6 3
v 4.1 2.6 3
v -3.9 2.6 2.9
v -0.6 2.6 2.9
v 0.7 2.6 2.9
v 4 2.6 2.9
v -3.9 2.6 -3.9
v 4 2.6 -3.9
v -4 2.6 -4
v 4.1 2.6 -4
v -3.3 2.9 3
v -1.5 2.9 3
v 1.6 2.9 3
v 3.4 2.9 3
v -3.3 2.9 2.9
v -1.5 2.9 2.9
v 1.6 2.9 2.9
v 3.4 2.9 2.9
v -0.7 3 3.4
v -0.6 3 3.4
v 0 3 3.4
v 0.2 3 3.4
v 0.6 3 3.4
v 0.8 3 3.4
v -0.8 3 3.3
v -0.7 3 3.3
v -0.6 3 3.3
v -0.5 3 3.3
v -0.3 3 3.3
v -0.0999999 3 3.3
v 0 3 3.3
v 0.2 3 3.3
v 0.4 3 3.3
v 0.6 3 3.3
v 0.8 3 3.3
v -0.8 3 3.2
v -0.7 3 3.2
v 0.8 3 3.2
v 0.9 3 3.2
v -0.7 3 3.1
v -0.5 3 3.1
v -0.3 3 3.1
v -0.0999999 3 3.1
v 0.2 3 3.1
v 0.4 3 3.1
v 0.6 3 3.1
v 0.8 3 3.1
v 0.9 3 3.1
v -3.9 3 2.9
v -3.8 3 2.9
v -0.7 3 2.9
v -0.6 3 2.9
v -0.5 3 2.9
v 0.6 3 2.9
v 0.7 3 2.9
v 0.8 3 2.9
v -3.9 3 2.8
v -3.8 3 2.8
v 3.9 3 -3.6
v 4 3 -3.6
v 3.9 3 -3.7
v 4 3 -3.7
v -0.8 3.1 3.2
v -0.7 3.1 3.2
v -0.8 3.1 3
v -0.7 3.1 3
v 3.9 3.1 -3.5
v 4 3.1 -3.5
v 3.9 3.1 -3.6
v 4 3.1 -3.6
v -3.8 3.2 2.9
v -3.7 3.2 2.9
v -3.8 3.2 2.8
v -3.7 3.2 2.8
v 3.9 3.2 -3.4
v 4 3.2 -3.4
v 3.9 3.2 -3.5
v 4 3.2 -3.5
v 3.9 3.3 -3.2
v 4 3.3 -3.2
v 3.9 3.3 -3.4
v 4 3.3 -3.4
v -3.7 3.4 2.9
v -3.6 3.4 2.9
v -3.7 3.4 2.8
v -3.6 3.4 2.8
v -1.3 3.4 2.8
v -1.2 3.4 2.8
v -1.3 3.4 2.7
v -1.2 3.4 2.7
v 3.9 3.4 -3.1
v 4 3.4 -3.1
v 3.9 3.4 -3.2
v 4 3.4 -3.2
v 3.9 3.5 -3
v 4 3.5 -3
v 3.9 3.5 -3.1
v 4 3.5 -3.1
v -3.6 3.6 2.9
v -3.5 3.6 2.9
v -3.6 3.6 2.8
v -3.5 3.6 2.8
v 3.9 3.6 -2.9
v 4 3.6 -2.9
v 3.9 3.6 -3
v 4 3.6 -3
v 3.9 3.7 -2.8
v 4 3.7 -2.8
v 3.9 3.7 -2.9
v 4 3.7 -2.9
v -3.5 3.8 2.9
v -3.4 3.8 2.9
v -3.5 3.8 2.8
v -3.4 3.8 2.8
v 3.9 3.8 -2.7
v 4 3.8 -2.7
v 3.9 3.8 -2.8
v 4 3.8 -2.8
v -1 3.8 -3.7
v -0.9 3.8 -3.7
v -1 3.8 -3.8
v -0.9 3.8 -3.8
v 3.9 3.9 -2.6
v 4 3.9 -2.6
v 3.9 3.9 -2.7
v 4 3.9 -2.7
v -3.4 4 2.9
v -3.3 4 2.9
v -3.4 4 2.8
v -3.3 4 2.8
v 3.9 4 -2.4
v 4 4 -2.4
v 3.9 4 -2.6
v 4 4 -2.6
v -3.2 4.1 2.9
v -1.6 4.1 2.9
v 1.7 4.1 2.9
v 3.3 4.1 2.9
v -3.2 4.1 2.8
v -1.6 4.1 2.8
v 1.7 4.1 2.8
v 3.3 4.1 2.8
v 3.9 4.1 -2.3
v 4 4.1 -2.3
v 3.9 4.1 -2.4
v 4 4.1 -2.4
v -3.3 4.2 2.9
v -3.2 4.2 2.9
v -0.4 4.2 2.9
v 0.5 4.2 2.9
v -3.3 4.2 2.8
v -3.2 4.2 2.8
v -0.4 4.2 2.7
v 0.5 4.2 2.7
v 3.9 4.2 -2.2
v 4 4.2 -2.2
v 3.9 4.2 -2.3
v 4 4.2 -2.3
v -0.6 4.3 3.2
v 0.7 4.3 3.2
v -0.6 4.3 2.9
v 0.7 4.3 2.9
v 3.9 4.3 -2.1
v 4 4.3 -2.1
v 3.9 4.3 -2.2
v 4 4.3 -2.2
v -0.7 4.4 3.3
v 0.8 4.4 3.3
v -0.6 4.4 3.2
v 0.7 4.4 3.2
v -4 4.4 3
v -0.7 4.4 3
v 0.8 4.4 3
v 4.1 4.4 3
v -3.9 4.4 2.9
v -0.6 4.4 2.9
v 0.7 4.4 2.9
v 4 4.4 2.9
v -3.9 4.4 -3.9
v 4 4.4 -3.9
v -4 4.4 -4
v 4.1 4.4 -4
v -0.8 4.7 3.3
v -0.7 4.7 3.3
v -0.8 4.7 3.2
v -0.7 4.7 3.2
v -3.3 4.7 3
v -1.5 4.7 3
v 1.6 4.7 3
v 3.4 4.7 3
v -3.3 4.7 2.9
v -1.5 4.7 2.9
v 1.6 4.7 2.9
v 3.4 4.7 2.9
v -0.7 4.8 3.4
v -0.5 4.8 3.4
v -0.0999999 4.8 3.4
v 0.3 4.8 3.4
v 0.6 4.8 3.4
v 0.8 4.8 3.4
v -0.7 4.8 3.3
v -0.5 4.8 3.3
v -0.3 4.8 3.3
v -0.0999999 4.8 3.3
v 0.2 4.8 3.3
v 0.3 4.8 3.3
v 0.4 4.8 3.3
v 0.6 4.8 3.3
v 0.8 4.8 3.3
v 0.9 4.8 3.3
v -0.8 4.8 3.2
v -0.7 4.8 3.2
v -0.8 4.8 3.1
v -0.7 4.8 3.1
v -0.5 4.8 3.1
v -0.3 4.8 3.1
v -0.0999999 4.8 3.1
v 0.2 4.8 3.1
v 0.4 4.8 3.1
v 0.6 4.8 3.1
v 0.8 4.8 3.1
v 0.9 4.8 3.1
v -0.7 4.8 2.9
v -0.6 4.8 2.9
v -0.5 4.8 2.9
v 0.6 4.8 2.9
v 0.7 4.8 2.9
v 0.8 4.8 2.9
v -2 5.1 -3.7
v -1.9 5.1 -3.7
v -2 5.1 -3.8
v -1.9 5.1 -3.8
v -3.8 5.4 -2.8
v -3.7 5.4 -2.8
v -3.8 5.4 -2.9
v -3.7 5.4 -2.9
v -0.3 5.4 -3.8
v -0.2 5.4 -3.8
v -0.3 5.4 -3.9
v -0.2 5.4 -3.9
v -0.2 5.5 -3.8
v -0.0999999 5.5 -3.8
v -0.2 5.5 -3.9
v -0.0999999 5.5 -3.9
v -0.5 5.7 -3.8
v -0.3 5.7 -3.8
v -0.5 5.7 -3.9
v -0.3 5.7 -3.9
v -0.3 5.8 -3.8
v 0.1 5.8 -3.8
v -0.3 5.8 -3.9
v 0.1 5.8 -3.9
v -3.2 5.9 2.9
v -1.6 5.9 2.9
v 1.7 5.9 2.9
v 3.3 5.9 2.9
v -3.2 5.9 2.8
v -1.6 5.9 2.8
v 1.7 5.9 2.8
v 3.3 5.9 2.8
v -0.4 6 2.9
v 0.5 6 2.9
v -0.4 6 2.7
v 0.5 6 2.7
v -0.6 6.1 3.2
v 0.7 6.1 3.2
v -0.6 6.1 2.9
v 0.7 6.1 2.9
v -0.7 6.2 3.3
v 0.8 6.2 3.3
v -0.6 6.2 3.2
v 0.7 6.2 3.2
v -4 6.2 3
v -0.7 6.2 3
v 0.8 6.2 3
v 4.1 6.2 3
v -3.9 6.2 2.9
v -0.6 6.2 2.9
v 0.7 6.2 2.9
v 4 6.2 2.9
v -2.8 6.2 -3.7
v -2.7 6.2 -3.7
v -2.8 6.2 -3.8
v -2.7 6.2 -3.8
v -3.9 6.2 -3.9
v 4 6.2 -3.9
v -4 6.2 -4
v 4.1 6.2 -4
v -3.3 6.5 3
v -1.5 6.5 3
v 1.6 6.5 3
v 3.4 6.5 3
v -3.3 6.5 2.9
v -1.5 6.5 2.9
v 1.6 6.5 2.9
v 3.4 6.5 2.9
v -0.7 6.6 3.4
v -0.5 6.6 3.4
v -0.3 6.6 3.4
v -0.2 6.6 3.4
v -0.0999999 6.6 3.4
v 0.1 6.6 3.4
v 0.2 6.6 3.4
v 0.4 6.6 3.4
v 0.7 6.6 3.4
v 0.8 6.6 3.4
v -0.7 6.6 3.3
v -0.5 6.6 3.3
v -0.3 6.6 3.3
v -0.2 6.6 3.3
v -0.0999999 6.6 3.3
v 0.1 6.6 3.3
v 0.2 6.6 3.3
v 0.4 6.6 3.3
v 0.6 6.6 3.3
v 0.7 6.6 3.3
v 0.8 6.6 3.3
v -0.8 6.6 3.2
v -0.7 6.6 3.2
v 0.8 6.6 3.2
v 0.9 6.6 3.2
v -0.7 6.6 3.1
v -0.5 6.6 3.1
v -0.3 6.6 3.1
v -0.0999999 6.6 3.1
v 0.2 6.6 3.1
v 0.4 6.6 3.1
v 0.6 6.6 3.1
v 0.8 6.6 3.1
v 0.9 6.6 3.1
v -0.8 6.6 3
v -0.7 6.6 3
v -0.7 6.6 2.9
v -0.6 6.6 2.9
v -0.5 6.6 2.9
v 0.6 6.6 2.9
v 0.7 6.6 2.9
v 0.8 6.6 2.9
v 2.9 6.6 -3.7
v 3 6.6 -3.7
v 2.9 6.6 -3.8
v 3 6.6 -3.8
v -0.2 6.7 3.4
v -0.0999999 6.7 3.4
v 0.6 6.7 3.4
v 0.7 6.7 3.4
v -0.2 6.7 3.3
v -0.0999999 6.7 3.3
v 0.6 6.7 3.3
v 0.7 6.7 3.3
v 0.8 6.7 3.3
v 0.9 6.7 3.3
v 0.8 6.7 3.2
v 0.9 6.7 3.2
v -0.8 6.8 2.9
v -0.7 6.8 2.9
v -0.8 6.8 2.8
v -0.7 6.8 2.8
v -0.9 7 2.9
v -0.8 7 2.9
v -0.9 7 2.8
v -0.8 7 2.8
v -1 7 -3.7
v -0.9 7 -3.7
v -1 7 -3.8
v -0.9 7 -3.8
v -1 7.2 2.9
v -0.9 7.2 2.9
v -1 7.2 2.8
v -0.9 7.2 2.8
v -1.1 7.3 2.9
v -1 7.3 2.9
v -1.1 7.3 2.8
v -1 7.3 2.8
v -1.2 7.5 2.9
v -1.1 7.5 2.9
v -1.2 7.5 2.8
v -1.1 7.5 2.8
v 1.7 7.6 2.9
v 1.8 7.6 2.9
v 1.7 7.6 2.8
v 1.8 7.6 2.8
v -3.2 7.7 2.9
v -1.6 7.7 2.9
v -1.3 7.7 2.9
v -1.2 7.7 2.9
v 1.8 7.7 2.9
v 3.3 7.7 2.9
v -3.2 7.7 2.8
v -1.6 7.7 2.8
v -1.3 7.7 2.8
v -1.2 7.7 2.8
v 1.8 7.7 2.8
v 3.3 7.7 2.8
v -1.4 7.8 2.9
v -1.3 7.8 2.9
v -0.4 7.8 2.9
v 0.5 7.8 2.9
v -1.4 7.8 2.8
v -1.3 7.8 2.8
v -0.4 7.8 2.7
v 0.5 7.8 2.7
v -0.6 7.9 3.2
v 0.7 7.9 3.2
v 0.6 7.9 3.1
v 0.7 7.9 3.1
v -0.6 7.9 2.9
v 0.6 7.9 2.9
v -0.7 8 3.3
v 0.8 8 3.3
v -0.6 8 3.2
v 0.7 8 3.2
v 0.6 8 3.1
v 0.7 8 3.1
v 0.8 8 3.1
v -4 8 3
v -0.7 8 3
v 0.7 8 3
v 4.1 8 3
v -3.9 8 2.9
v -0.6 8 2.9
v 0.6 8 2.9
v 0.7 8 2.9
v 4 8 2.9
v -3.9 8 -3.9
v 4 8 -3.9
v -4 8 -4
v 4.1 8 -4
v 0.7 8.1 3.1
v 0.8 8.1 3.1
v 0.7 8.1 3
v 0.8 8.1 3
v -3.3 8.3 3
v -1.5 8.3 3
v 1.6 8.3 3
v 3.4 8.3 3
v -3.3 8.3 2.9
v -1.5 8.3 2.9
v 1.6 8.3 2.9
v 3.4 8.3 2.9
v -0.4 8.4 3.4
v -0.2 8.4 3.4
v 0 8.4 3.4
v 0.1 8.4 3.4
v 0.2 8.4 3.4
v 0.3 8.4 3.4
v -0.5 8.4 3.3
v -0.4 8.4 3.3
v -0.3 8.4 3.3
v -0.2 8.4 3.3
v -0.0999999 8.4 3.3
v 0 8.4 3.3
v 0.1 8.4 3.3
v 0.2 8.4 3.3
v 0.3 8.4 3.3
v 0.4 8.4 3.3
v 0.6 8.4 3.3
v -0.8 8.4 3.2
v -0.7 8.4 3.2
v 0.8 8.4 3.2
v 0.9 8.4 3.2
v -0.8 8.4 3.1
v -0.7 8.4 3.1
v -0.5 8.4 3.1
v -0.3 8.4 3.1
v -0.0999999 8.4 3.1
v 0.2 8.4 3.1
v 0.4 8.4 3.1
v 0.6 8.4 3.1
v 0.8 8.4 3.1
v 0.9 8.4 3.1
v -0.8 8.4 3
v -0.7 8.4 3
v -0.7 8.4 2.9
v -0.6 8.4 2.9
v -0.5 8.4 2.9
v 0.6 8.4 2.9
v 0.7 8.4 2.9
v 0.8 8.4 2.9
v -0.0999999 8.5 3.4
v 0 8.5 3.4
v 0.3 8.5 3.4
v 0.4 8.5 3.4
v -0.0999999 8.5 3.3
v 0 8.5 3.3
v 0.3 8.5 3.3
v 0.4 8.5 3.3
v 0.8 8.5 3.3
v 0.9 8.5 3.3
v 0.8 8.5 3.2
v 0.9 8.5 3.2
v 3.3 8.5 -3.7
v 3.4 8.5 -3.7
v 3.3 8.5 -3.8
v 3.4 8.5 -3.8
v -0.7 8.6 3.4
v -0.6 8.6 3.4
v -0.7 8.6 3.3
v -0.6 8.6 3.3
v 3.6 9.3 2.8
v 3.7 9.3 2.8
v 3.6 9.3 2.7
v 3.7 9.3 2.7
v -3.2 9.5 2.9
v -1.6 9.5 2.9
v 1.7 9.5 2.9
v 3.3 9.5 2.9
v -3.2 9.5 2.8
v -1.6 9.5 2.8
v 1.7 9.5 2.8
v 3.3 9.5 2.8
v 3.6 9.5 2.8
v 3.7 9.5 2.8
v 3.6 9.5 2.7
v 3.7 9.5 2.7
v -0.4 9.6 2.9
v 0.5 9.6 2.9
v -0.4 9.6 2.7
v 0.5 9.6 2.7
v 3.7 9.6 1.8
v 3.8 9.6 1.8
v 3.9 9.6 1.8
v 3.7 9.6 1.7
v 3.8 9.6 1.7
v 3.9 9.6 1.7
v -0.6 9.7 3.2
v 0.7 9.7 3.2
v -0.6 9.7 2.9
v 0.7 9.7 2.9
v 3.7 9.7 2
v 3.8 9.7 2
v 3.7 9.7 1.9
v 3.8 9.7 1.9
v -0.7 9.8 3.3
v 0.8 9.8 3.3
v -0.6 9.8 3.2
v 0.7 9.8 3.2
v -4 9.8 3
v -0.7 9.8 3
v 0.8 9.8 3
v 4.1 9.8 3
v -3.9 9.8 2.9
v -0.6 9.8 2.9
v 0.7 9.8 2.9
v 4 9.8 2.9
v -3.9 9.8 -3.9
v 4 9.8 -3.9
v -4 9.8 -4
v 4.1 9.8 -4
v -0.2 10.5 -1.9
v 0 10.5 -1.9
v 0.2 10.5 -1.9
v 0.4 10.5 -1.9
v -0.2 10.5 -2
v 0 10.5 -2
v 0.2 10.5 -2
v 0.4 10.5 -2
v -0.4 11.2 -1.9
v 0.6 11.2 -1.9
v -0.4 11.2 -2
v 0.6 11.2 -2
v -1 11.6 -0.9
v 1.1 11.6 -0.9
v -0.8 11.6 -2
v 0.9 11.6 -2
v -0.8 11.6 -3.6
v 0.9 11.6 -3.6
v -1 11.6 -3.8
v 1.1 11.6 -3.8
v -5 0.4 5
v 5.1 0.4 5
v -4.6 0.4 4.6
v -0.5 0.4 4.6
v 0.6 0.4 4.6
v 4.7 0.4 4.6
v -4 0.4 4.2
v -3.4 0.4 4.2
v -1.6 0.4 4.2
v -1 0.4 4.2
v 1.1 0.4 4.2
v 1.7 0.4 4.2
v 3.5 0.4 4.2
v 4.1 0.4 4.2
v -0.6 0.4 4.1
v -0.5 0.4 4.1
v -0.4 0.4 4.1
v 0.5 0.4 4.1
v 0.6 0.4 4.1
v 0.7 0.4 4.1
v -0.4 0.4 3.9
v 0.5 0.4 3.9
v -4 0.4 3.6
v -3.4 0.4 3.6
v -1.6 0.4 3.6
v -1 0.4 3.6
v 1.1 0.4 3.6
v 1.7 0.4 3.6
v 3.5 0.4 3.6
v 4.1 0.4 3.6
v -4 0.4 3
v -0.6 0.4 3
v -0.3 0.4 3
v 0.2 0.4 3
v 0.7 0.4 3
v 4.1 0.4 3
v -0.3 0.4 2.9
v 0.2 0.4 2.9
v -4.5 0.4 -0.8
v -4.3 0.4 -0.8
v -4.5 0.4 -0.9
v -4.3 0.4 -0.9
v -4.2 0.4 -0.9
v -4.3 0.4 -1
v -4.2 0.4 -1
v -4.1 0.4 -1
v -4.5 0.4 -1.1
v -4.4 0.4 -1.1
v -4.2 0.4 -1.1
v -4.1 0.4 -1.1
v -4.5 0.4 -1.2
v -4.4 0.4 -1.2
v -4 0.4 -4
v 4.1 0.4 -4
v 0 0.4 -4.2
v 0.1 0.4 -4.2
v 0.4 0.4 -4.2
v 0.5 0.4 -4.2
v 0 0.4 -4.3
v 0.1 0.4 -4.3
v 0.4 0.4 -4.3
v 0.5 0.4 -4.3
v 0.9 0.4 -4.3
v 1 0.4 -4.3
v 0 0.4 -4.4
v 0.1 0.4 -4.4
v 0.6 0.4 -4.4
v 0.7 0.4 -4.4
v 0.9 0.4 -4.4
v 1 0.4 -4.4
v 0 0.4 -4.5
v 0.1 0.4 -4.5
v 0.3 0.4 -4.5
v 0.4 0.4 -4.5
v 0.6 0.4 -4.5
v 0.7 0.4 -4.5
v -4.6 0.4 -4.6
v 0.3 0.4 -4.6
v 0.4 0.4 -4.6
v 4.7 0.4 -4.6
v -5 0.4 -5
v 5.1 0.4 -5
v -4.5 0.5 -0.8
v -4.3 0.5 -0.8
v -4.5 0.5 -0.9
v -4.3 0.5 -0.9
v -4.2 0.5 -0.9
v -4.3 0.5 -1
v -4.2 0.5 -1
v -4.1 0.5 -1
v -4.5 0.5 -1.1
v -4.4 0.5 -1.1
v -4.2 0.5 -1.1
v -4.1 0.5 -1.1
v -4.5 0.5 -1.2
v -4.4 0.5 -1.2
v -3.9 0.5 -2.3
v -3.8 0.5 -2.3
v -3.9 0.5 -2.4
v -3.8 0.5 -2.4
v 0.4 0.5 -4.2
v 0.5 0.5 -4.2
v 0.4 0.5 -4.3
v 0.5 0.5 -4.3
v 0.9 0.5 -4.3
v 1 0.5 -4.3
v 0 0.5 -4.4
v 0.1 0.5 -4.4
v 0.6 0.5 -4.4
v 0.7 0.5 -4.4
v 0.9 0.5 -4.4
v 1 0.5 -4.4
v 0 0.5 -4.5
v 0.1 0.5 -4.5
v 0.3 0.5 -4.5
v 0.4 0.5 -4.5
v 0.6 0.5 -4.5
v 0.7 0.5 -4.5
v 0.3 0.5 -4.6
v 0.4 0.5 -4.6
v -0.4 0.6 3.9
v 0.5 0.6 3.9
v -0.4 0.6 3.6
v 0.5 0.6 3.6
v 0 0.6 -4.2
v 0.1 0.6 -4.2
v 0 0.6 -4.3
v 0.1 0.6 -4.3
v -4 0.7 4.2
v -3.4 0.7 4.2
v -1.6 0.7 4.2
v -1 0.7 4.2
v 1.1 0.7 4.2
v 1.7 0.7 4.2
v 3.5 0.7 4.2
v 4.1 0.7 4.2
v -3.9 0.7 4.1
v -3.5 0.7 4.1
v -1.5 0.7 4.1
v -1.1 0.7 4.1
v 1.2 0.7 4.1
v 1.6 0.7 4.1
v 3.6 0.7 4.1
v 4 0.7 4.1
v -3.8 0.7 4
v -3.6 0.7 4
v -1.4 0.7 4
v -1.2 0.7 4
v 1.3 0.7 4
v 1.5 0.7 4
v 3.7 0.7 4
v 3.9 0.7 4
v -3.8 0.7 3.8
v -3.6 0.7 3.8
v -1.4 0.7 3.8
v -1.2 0.7 3.8
v 1.3 0.7 3.8
v 1.5 0.7 3.8
v 3.7 0.7 3.8
v 3.9 0.7 3.8
v -3.9 0.7 3.7
v -3.5 0.7 3.7
v -1.5 0.7 3.7
v -1.1 0.7 3.7
v 1.2 0.7 3.7
v 1.6 0.7 3.7
v 3.6 0.7 3.7
v 4 0.7 3.7
v -4 0.7 3.6
v -3.4 0.7 3.6
v -1.6 0.7 3.6
v -1 0.7 3.6
v 1.1 0.7 3.6
v 1.7 0.7 3.6
v 3.5 0.7 3.6
v 4.1 0.7 3.6
v -0.6 0.8 4.1
v -0.4 0.8 4.1
v 0.5 0.8 4.1
v 0.7 0.8 4.1
v -0.6 0.8 3.8
v -0.4 0.8 3.8
v 0.5 0.8 3.8
v 0.7 0.8 3.8
v -0.4 0.8 3.6
v 0.5 0.8 3.6
v -0.4 0.8 3.3
v 0.5 0.8 3.3
v -2.8 0.8 3.1
v -2.7 0.8 3.1
v -2.3 0.8 3.1
v -2.2 0.8 3.1
v 3.1 0.8 3.1
v 3.2 0.8 3.1
v -2.8 0.8 3
v -2.7 0.8 3
v -2.3 0.8 3
v -2.2 0.8 3
v 3.1 0.8 3
v 3.2 0.8 3
v 2.6 0.9 3.1
v 2.7 0.9 3.1
v 0.8 0.9 3
v 0.9 0.9 3
v 2.6 0.9 3
v 2.7 0.9 3
v 0.8 0.9 2.9
v 0.9 0.9 2.9
v -3.2 0.9 -3.8
v -3.1 0.9 -3.8
v -3.2 0.9 -3.9
v -3.1 0.9 -3.9
v 1.8 0.9 -3.9
v 2.1 0.9 -3.9
v 1.8 0.9 -4
v 2.1 0.9 -4
v -0.6 1 3.8
v -0.4 1 3.8
v 0.5 1 3.8
v 0.7 1 3.8
v -0.6 1 3.5
v -0.4 1 3.5
v 0.5 1 3.5
v 0.7 1 3.5
v -0.4 1 3.3
v 0.5 1 3.3
v -2.7 1 3.1
v -2.6 1 3.1
v 3 1 3.1
v 3.1 1 3.1
v -4 1 3
v -2.7 1 3
v -2.6 1 3
v -0.6 1 3
v 0.7 1 3
v 0.8 1 3
v 0.9 1 3
v 3 1 3
v 3.1 1 3
v 4.1 1 3
v -3.9 1 2.9
v -0.6 1 2.9
v 0.7 1 2.9
v 0.8 1 2.9
v 0.9 1 2.9
v 4 1 2.9
v -0.4 1 2.7
v 0.5 1 2.7
v 3.9 1 1.8
v 4 1 1.8
v 3.9 1 1.7
v 4 1 1.7
v -3.9 1 -3.9
v 1.8 1 -3.9
v 2.1 1 -3.9
v 4 1 -3.9
v -4 1 -4
v 1.8 1 -4
v 2.1 1 -4
v 4.1 1 -4
v -4 1.2 4.2
v -3.4 1.2 4.2
v -1.6 1.2 4.2
v -1 1.2 4.2
v 1.1 1.2 4.2
v 1.7 1.2 4.2
v 3.5 1.2 4.2
v 4.1 1.2 4.2
v -3.9 1.2 4.1
v -3.5 1.2 4.1
v -1.5 1.2 4.1
v -1.1 1.2 4.1
v 1.2 1.2 4.1
v 1.6 1.2 4.1
v 3.6 1.2 4.1
v 4 1.2 4.1
v -3.9 1.2 3.7
v -3.5 1.2 3.7
v -1.5 1.2 3.7
v -1.1 1.2 3.7
v 1.2 1.2 3.7
v 1.6 1.2 3.7
v 3.6 1.2 3.7
v 4 1.2 3.7
v -4 1.2 3.6
v -3.4 1.2 3.6
v -1.6 1.2 3.6
v -1 1.2 3.6
v 1.1 1.2 3.6
v 1.7 1.2 3.6
v 3.5 1.2 3.6
v 4.1 1.2 3.6
v -0.6 1.2 3.5
v -0.4 1.2 3.5
v 0.5 1.2 3.5
v 0.7 1.2 3.5
v -3.2 1.2 3
v -1.5 1.2 3
v 1.6 1.2 3
v 3.4 1.2 3
v -3.2 1.2 2.9
v -1.6 1.2 2.9
v -1.5 1.2 2.9
v -0.6 1.2 2.9
v -0.4 1.2 2.9
v 0.5 1.2 2.9
v 0.7 1.2 2.9
v 1.6 1.2 2.9
v 1.7 1.2 2.9
v 3.3 1.2 2.9
v 3.4 1.2 2.9
v -3.2 1.2 2.8
v -1.6 1.2 2.8
v 1.7 1.2 2.8
v 3.3 1.2 2.8
v 3.9 1.2 1.7
v 4 1.2 1.7
v 3.9 1.2 1.6
v 4 1.2 1.6
v 3.9 1.4 1.6
v 4 1.4 1.6
v 3.9 1.4 1.5
v 4 1.4 1.5
v -3.9 1.5 4.1
v -3.5 1.5 4.1
v -1.5 1.5 4.1
v -1.1 1.5 4.1
v 1.2 1.5 4.1
v 1.6 1.5 4.1
v 3.6 1.5 4.1
v 4 1.5 4.1
v -3.8 1.5 4
v -3.6 1.5 4
v -1.4 1.5 4
v -1.2 1.5 4
v 1.3 1.5 4
v 1.5 1.5 4
v 3.7 1.5 4
v 3.9 1.5 4
v -3.8 1.5 3.8
v -3.6 1.5 3.8
v -1.4 1.5 3.8
v -1.2 1.5 3.8
v 1.3 1.5 3.8
v 1.5 1.5 3.8
v 3.7 1.5 3.8
v 3.9 1.5 3.8
v -3.9 1.5 3.7
v -3.5 1.5 3.7
v -1.5 1.5 3.7
v -1.1 1.5 3.7
v 1.2 1.5 3.7
v 1.6 1.5 3.7
v 3.6 1.5 3.7
v 4 1.5 3.7
v -3.9 1.5 -0.6
v -3.8 1.5 -0.6
v -3.9 1.5 -1.1
v -3.8 1.5 -1.1
v -3.8 1.6 4
v -3.6 1.6 4
v -1.4 1.6 4
v -1.2 1.6 4
v 1.3 1.6 4
v 1.5 1.6 4
v 3.7 1.6 4
v 3.9 1.6 4
v -3.8 1.6 3.8
v -3.6 1.6 3.8
v -1.4 1.6 3.8
v -1.2 1.6 3.8
v 1.3 1.6 3.8
v 1.5 1.6 3.8
v 3.7 1.6 3.8
v 3.9 1.6 3.8
v 3.9 1.6 1.5
v 4 1.6 1.5
v 3.9 1.6 1.4
v 4 1.6 1.4
v 3.9 1.9 1.4
v 4 1.9 1.4
v 3.9 1.9 1.3
v 4 1.9 1.3
v -3.9 1.9 -0.9
v -3.8 1.9 -0.9
v -3.9 1.9 -1
v -3.8 1.9 -1
v 3.9 2.1 1.3
v 4 2.1 1.3
v 3.9 2.1 1.2
v 4 2.1 1.2
v 2.6 2.1 -3.7
v 2.7 2.1 -3.7
v 2.6 2.1 -3.8
v 2.7 2.1 -3.8
v -0.5 2.8 3.3
v -0.3 2.8 3.3
v -0.0999999 2.8 3.3
v 0.2 2.8 3.3
v 0.4 2.8 3.3
v 0.6 2.8 3.3
v -0.7 2.8 3.1
v -0.5 2.8 3.1
v -0.3 2.8 3.1
v -0.0999999 2.8 3.1
v 0.2 2.8 3.1
v 0.4 2.8 3.1
v 0.6 2.8 3.1
v 0.8 2.8 3.1
v -4 2.8 3
v -0.7 2.8 3
v 0.8 2.8 3
v 4.1 2.8 3
v -3.9 2.8 2.9
v -0.6 2.8 2.9
v -0.4 2.8 2.9
v 0.5 2.8 2.9
v 0.7 2.8 2.9
v 4 2.8 2.9
v -0.4 2.8 2.7
v -0.2 2.8 2.7
v 0.3 2.8 2.7
v 0.5 2.8 2.7
v -3.9 2.8 -3.9
v 4 2.8 -3.9
v -4 2.8 -4
v 4.1 2.8 -4
v -3.9 2.9 2.9
v -3.8 2.9 2.9
v -3.9 2.9 2.8
v -3.8 2.9 2.8
v 3.9 2.9 -3.6
v 4 2.9 -3.6
v 3.9 2.9 -3.7
v 4 2.9 -3.7
v -3.3 3 3
v -1.5 3 3
v 1.6 3 3
v 3.4 3 3
v -3.8 3 2.9
v -3.7 3 2.9
v -3.3 3 2.9
v -3.2 3 2.9
v -1.6 3 2.9
v -1.5 3 2.9
v 1.6 3 2.9
v 1.7 3 2.9
v 3.3 3 2.9
v 3.4 3 2.9
v -3.8 3 2.8
v -3.7 3 2.8
v -3.2 3 2.8
v -1.6 3 2.8
v 1.7 3 2.8
v 3.3 3 2.8
v 3.9 3 -3.5
v 4 3 -3.5
v 3.9 3 -3.6
v 4 3 -3.6
v -0.7 3.1 3.4
v -0.6 3.1 3.4
v -0.8 3.1 3.3
v -0.7 3.1 3.3
v -0.6 3.1 3.3
v -0.4 3.1 3.3
v -0.0999999 3.1 3.3
v 0.2 3.1 3.3
v 0.4 3.1 3.3
v -0.8 3.1 3.2
v -0.7 3.1 3.2
v -0.5 3.1 3.2
v -0.4 3.1 3.2
v 0.4 3.1 3.2
v 0.6 3.1 3.2
v 0.8 3.1 3.2
v 0.9 3.1 3.2
v -0.6 3.1 3.1
v -0.5 3.1 3.1
v -0.0999999 3.1 3.1
v 0.2 3.1 3.1
v 0.6 3.1 3.1
v 0.7 3.1 3.1
v 0.8 3.1 3.1
v 0.9 3.1 3.1
v -0.7 3.1 3
v -0.6 3.1 3
v 0.7 3.1 3
v 0.8 3.1 3
v -0.7 3.1 2.9
v -0.6 3.1 2.9
v -0.5 3.1 2.9
v 0.6 3.1 2.9
v 0.7 3.1 2.9
v 0.8 3.1 2.9
v 3.9 3.1 -3.4
v 4 3.1 -3.4
v 3.9 3.1 -3.5
v 4 3.1 -3.5
v 0 3.2 3.4
v 0.2 3.2 3.4
v 0.7 3.2 3.4
v 0.8 3.2 3.4
v -0.5 3.2 3.3
v -0.4 3.2 3.3
v 0 3.2 3.3
v 0.1 3.2 3.3
v 0.2 3.2 3.3
v 0.4 3.2 3.3
v 0.6 3.2 3.3
v 0.7 3.2 3.3
v 0.8 3.2 3.3
v -0.8 3.2 3.2
v -0.7 3.2 3.2
v -0.6 3.2 3.2
v -0.5 3.2 3.2
v -0.4 3.2 3.2
v -0.0999999 3.2 3.2
v 0 3.2 3.2
v 0.1 3.2 3.2
v 0.2 3.2 3.2
v 0.4 3.2 3.2
v 0.6 3.2 3.2
v 0.7 3.2 3.2
v -0.7 3.2 3.1
v -0.6 3.2 3.1
v -0.5 3.2 3.1
v -0.0999999 3.2 3.1
v 0 3.2 3.1
v 0.1 3.2 3.1
v 0.2 3.2 3.1
v 0.7 3.2 3.1
v 0.8 3.2 3.1
v -0.8 3.2 3
v -0.6 3.2 3
v 0.7 3.2 3
v 0.8 3.2 3
v -3.7 3.2 2.9
v -3.6 3.2 2.9
v -3.7 3.2 2.8
v -3.6 3.2 2.8
v 3.9 3.2 -3.2
v 4 3.2 -3.2
v 3.9 3.2 -3.4
v 4 3.2 -3.4
v 0.6 3.3 3.4
v 0.7 3.3 3.4
v -0.7 3.3 3.3
v -0.5 3.3 3.3
v -0.0999999 3.3 3.3
v 0 3.3 3.3
v 0.1 3.3 3.3
v 0.2 3.3 3.3
v 0.6 3.3 3.3
v 0.7 3.3 3.3
v 0.8 3.3 3.3
v -0.6 3.3 3.2
v -0.5 3.3 3.2
v -0.0999999 3.3 3.2
v 0 3.3 3.2
v 0.1 3.3 3.2
v 0.2 3.3 3.2
v 0.6 3.3 3.2
v 0.7 3.3 3.2
v -0.7 3.3 3.1
v -0.6 3.3 3.1
v 0 3.3 3.1
v 0.1 3.3 3.1
v 0.6 3.3 3.1
v 0.8 3.3 3.1
v -1.3 3.3 2.8
v -1.2 3.3 2.8
v -1.3 3.3 2.7
v -1.2 3.3 2.7
v 3.9 3.3 -3.1
v 4 3.3 -3.1
v 3.9 3.3 -3.2
v 4 3.3 -3.2
v -3.6 3.4 2.9
v -3.5 3.4 2.9
v -3.6 3.4 2.8
v -3.5 3.4 2.8
v 3.9 3.4 -3
v 4 3.4 -3
v 3.9 3.4 -3.1
v 4 3.4 -3.1
v 3.9 3.5 -2.9
v 4 3.5 -2.9
v 3.9 3.5 -3
v 4 3.5 -3
v -3.5 3.6 2.9
v -3.4 3.6 2.9
v -3.5 3.6 2.8
v -3.4 3.6 2.8
v 3.9 3.6 -2.8
v 4 3.6 -2.8
v 3.9 3.6 -2.9
v 4 3.6 -2.9
v 3.9 3.7 -2.7
v 4 3.7 -2.7
v 3.9 3.7 -2.8
v 4 3.7 -2.8
v -1 3.7 -3.7
v -0.9 3.7 -3.7
v -1 3.7 -3.8
v -0.9 3.7 -3.8
v -3.4 3.8 2.9
v -3.3 3.8 2.9
v -3.4 3.8 2.8
v -3.3 3.8 2.8
v 3.9 3.8 -2.6
v 4 3.8 -2.6
v 3.9 3.8 -2.7
v 4 3.8 -2.7
v 3.9 3.9 -2.4
v 4 3.9 -2.4
v 3.9 3.9 -2.6
v 4 3.9 -2.6
v -3.3 4 2.9
v -3.2 4 2.9
v -3.3 4 2.8
v -3.2 4 2.8
v 3.9 4 -2.3
v 4 4 -2.3
v 3.9 4 -2.4
v 4 4 -2.4
v 3.9 4.1 -2.2
v 4 4.1 -2.2
v 3.9 4.1 -2.3
v 4 4.1 -2.3
v 3.9 4.2 -2.1
v 4 4.2 -2.1
v 3.9 4.2 -2.2
v 4 4.2 -2.2
v -0.5 4.6 3.3
v -0.3 4.6 3.3
v -0.0999999 4.6 3.3
v 0.2 4.6 3.3
v 0.4 4.6 3.3
v 0.6 4.6 3.3
v -0.7 4.6 3.1
v -0.5 4.6 3.1
v -0.3 4.6 3.1
v -0.0999999 4.6 3.1
v 0.2 4.6 3.1
v 0.4 4.6 3.1
v 0.6 4.6 3.1
v 0.8 4.6 3.1
v -4 4.6 3
v -0.7 4.6 3
v 0.8 4.6 3
v 4.1 4.6 3
v -3.9 4.6 2.9
v -0.6 4.6 2.9
v -0.4 4.6 2.9
v 0.5 4.6 2.9
v 0.7 4.6 2.9
v 4 4.6 2.9
v -0.4 4.6 2.7
v -0.2 4.6 2.7
v 0.3 4.6 2.7
v 0.5 4.6 2.7
v -3.9 4.6 -3.9
v 4 4.6 -3.9
v -4 4.6 -4
v 4.1 4.6 -4
v -3.3 4.8 3
v -1.5 4.8 3
v 1.6 4.8 3
v 3.4 4.8 3
v -3.3 4.8 2.9
v -3.2 4.8 2.9
v -1.6 4.8 2.9
v -1.5 4.8 2.9
v 1.6 4.8 2.9
v 1.7 4.8 2.9
v 3.3 4.8 2.9
v 3.4 4.8 2.9
v -3.2 4.8 2.8
v -1.6 4.8 2.8
v 1.7 4.8 2.8
v 3.3 4.8 2.8
v -0.7 4.9 3.4
v -0.6 4.9 3.4
v 0.2 4.9 3.4
v 0.3 4.9 3.4
v 0.7 4.9 3.4
v 0.8 4.9 3.4
v -0.7 4.9 3.3
v -0.6 4.9 3.3
v -0.5 4.9 3.3
v -0.0999999 4.9 3.3
v 0.2 4.9 3.3
v 0.3 4.9 3.3
v 0.5 4.9 3.3
v 0.7 4.9 3.3
v 0.8 4.9 3.3
v 0.9 4.9 3.3
v -0.0999999 4.9 3.2
v 0 4.9 3.2
v 0.2 4.9 3.2
v 0.3 4.9 3.2
v 0.5 4.9 3.2
v 0.6 4.9 3.2
v -0.7 4.9 3.1
v -0.5 4.9 3.1
v 0 4.9 3.1
v 0.3 4.9 3.1
v 0.6 4.9 3.1
v 0.8 4.9 3.1
v 0.9 4.9 3.1
v 0.6 4.9 3
v 0.8 4.9 3
v -0.7 4.9 2.9
v -0.6 4.9 2.9
v -0.5 4.9 2.9
v 0.6 4.9 2.9
v 0.7 4.9 2.9
v 0.8 4.9 2.9
v -0.6 5 3.4
v -0.5 5 3.4
v -0.0999999 5 3.4
v 0 5 3.4
v 0.1 5 3.4
v 0.2 5 3.4
v 0.6 5 3.4
v 0.7 5 3.4
v -0.8 5 3.3
v -0.7 5 3.3
v -0.6 5 3.3
v -0.5 5 3.3
v -0.0999999 5 3.3
v 0 5 3.3
v 0.1 5 3.3
v 0.2 5 3.3
v 0.5 5 3.3
v 0.6 5 3.3
v 0.7 5 3.3
v -0.7 5 3.2
v -0.6 5 3.2
v -0.5 5 3.2
v -0.0999999 5 3.2
v 0 5 3.2
v 0.2 5 3.2
v 0.3 5 3.2
v 0.5 5 3.2
v 0.6 5 3.2
v 0.7 5 3.2
v -0.8 5 3.1
v -0.7 5 3.1
v 0.1 5 3.1
v 0.3 5 3.1
v 0.6 5 3.1
v 0.7 5 3.1
v 0.8 5 3.1
v 0.6 5 3
v 0.8 5 3
v -2 5 -3.7
v -1.9 5 -3.7
v -2 5 -3.8
v -1.9 5 -3.8
v 0 5.1 3.3
v 0.1 5.1 3.3
v 0.7 5.1 3.3
v 0.8 5.1 3.3
v -0.7 5.1 3.2
v -0.6 5.1 3.2
v -0.5 5.1 3.2
v -0.7 5.1 3.1
v -0.6 5.1 3.1
v -0.5 5.1 3.1
v 0 5.1 3.1
v 0.1 5.1 3.1
v 0.7 5.1 3.1
v 0.8 5.1 3.1
v -0.5 5.2 -3.8
v -0.0999999 5.2 -3.8
v -0.5 5.2 -3.9
v -0.0999999 5.2 -3.9
v -3.8 5.3 -2.8
v -3.7 5.3 -2.8
v -3.8 5.3 -2.9
v -3.7 5.3 -2.9
v -0.0999999 5.3 -3.8
v 0.1 5.3 -3.8
v -0.0999999 5.3 -3.9
v 0.1 5.3 -3.9
v -0.3 5.6 -3.8
v -0.0999999 5.6 -3.8
v -0.3 5.6 -3.9
v -0.0999999 5.6 -3.9
v -2.8 6.1 -3.7
v -2.7 6.1 -3.7
v -2.8 6.1 -3.8
v -2.7 6.1 -3.8
v -0.5 6.4 3.3
v -0.3 6.4 3.3
v -0.0999999 6.4 3.3
v 0.2 6.4 3.3
v 0.4 6.4 3.3
v 0.6 6.4 3.3
v -0.7 6.4 3.1
v -0.5 6.4 3.1
v -0.3 6.4 3.1
v -0.0999999 6.4 3.1
v 0.2 6.4 3.1
v 0.4 6.4 3.1
v 0.6 6.4 3.1
v 0.8 6.4 3.1
v -4 6.4 3
v -0.7 6.4 3
v 0.8 6.4 3
v 4.1 6.4 3
v -3.9 6.4 2.9
v -0.6 6.4 2.9
v -0.4 6.4 2.9
v 0.5 6.4 2.9
v 0.7 6.4 2.9
v 4 6.4 2.9
v -0.4 6.4 2.7
v -0.2 6.4 2.7
v 0.3 6.4 2.7
v 0.5 6.4 2.7
v -3.9 6.4 -3.9
v 4 6.4 -3.9
v -4 6.4 -4
v 4.1 6.4 -4
v 2.9 6.5 -3.7
v 3 6.5 -3.7
v 2.9 6.5 -3.8
v 3 6.5 -3.8
v -3.3 6.6 3
v -1.5 6.6 3
v 1.6 6.6 3
v 3.4 6.6 3
v -3.3 6.6 2.9
v -3.2 6.6 2.9
v -1.6 6.6 2.9
v -1.5 6.6 2.9
v 1.6 6.6 2.9
v 1.7 6.6 2.9
v 3.3 6.6 2.9
v 3.4 6.6 2.9
v -3.2 6.6 2.8
v -1.6 6.6 2.8
v 1.7 6.6 2.8
v 3.3 6.6 2.8
v -0.6 6.7 3.4
v -0.5 6.7 3.4
v 0 6.7 3.4
v 0.1 6.7 3.4
v 0.2 6.7 3.4
v 0.4 6.7 3.4
v -0.6 6.7 3.3
v -0.5 6.7 3.3
v -0.3 6.7 3.3
v 0 6.7 3.3
v 0.1 6.7 3.3
v 0.2 6.7 3.3
v 0.4 6.7 3.3
v 0.6 6.7 3.3
v -0.8 6.7 3.2
v -0.7 6.7 3.2
v -0.2 6.7 3.2
v 0.1 6.7 3.2
v 0.2 6.7 3.2
v 0.3 6.7 3.2
v 0.8 6.7 3.2
v 0.9 6.7 3.2
v -0.6 6.7 3.1
v -0.5 6.7 3.1
v -0.3 6.7 3.1
v -0.2 6.7 3.1
v 0.3 6.7 3.1
v 0.4 6.7 3.1
v 0.6 6.7 3.1
v 0.7 6.7 3.1
v 0.8 6.7 3.1
v 0.9 6.7 3.1
v -0.8 6.7 3
v -0.7 6.7 3
v -0.6 6.7 3
v 0.6 6.7 3
v 0.7 6.7 3
v -0.8 6.7 2.9
v -0.7 6.7 2.9
v -0.6 6.7 2.9
v -0.5 6.7 2.9
v 0.6 6.7 2.9
v 0.7 6.7 2.9
v 0.8 6.7 2.9
v -0.8 6.7 2.8
v -0.7 6.7 2.8
v -0.7 6.8 3.4
v -0.6 6.8 3.4
v -0.3 6.8 3.4
v -0.2 6.8 3.4
v -0.0999999 6.8 3.4
v 0 6.8 3.4
v 0.7 6.8 3.4
v 0.8 6.8 3.4
v -0.7 6.8 3.3
v -0.6 6.8 3.3
v -0.5 6.8 3.3
v -0.3 6.8 3.3
v -0.2 6.8 3.3
v -0.0999999 6.8 3.3
v 0 6.8 3.3
v 0.2 6.8 3.3
v 0.3 6.8 3.3
v 0.6 6.8 3.3
v 0.7 6.8 3.3
v 0.8 6.8 3.3
v 0.9 6.8 3.3
v -0.7 6.8 3.2
v -0.6 6.8 3.2
v -0.3 6.8 3.2
v -0.2 6.8 3.2
v 0 6.8 3.2
v 0.2 6.8 3.2
v 0.3 6.8 3.2
v 0.4 6.8 3.2
v 0.7 6.8 3.2
v 0.8 6.8 3.2
v 0.9 6.8 3.2
v -0.6 6.8 3.1
v -0.5 6.8 3.1
v -0.3 6.8 3.1
v -0.2 6.8 3.1
v 0.3 6.8 3.1
v 0.4 6.8 3.1
v 0.7 6.8 3.1
v -0.7 6.8 3
v -0.6 6.8 3
v 0.6 6.8 3
v 0.7 6.8 3
v -0.9 6.8 2.9
v -0.8 6.8 2.9
v -0.9 6.8 2.8
v -0.8 6.8 2.8
v -0.2 6.9 3.4
v -0.0999999 6.9 3.4
v 0.6 6.9 3.4
v 0.7 6.9 3.4
v -0.7 6.9 3.3
v -0.6 6.9 3.3
v -0.3 6.9 3.3
v -0.2 6.9 3.3
v -0.0999999 6.9 3.3
v 0 6.9 3.3
v 0.1 6.9 3.3
v 0.3 6.9 3.3
v 0.4 6.9 3.3
v 0.6 6.9 3.3
v 0.7 6.9 3.3
v -0.7 6.9 3.2
v -0.6 6.9 3.2
v -0.3 6.9 3.2
v -0.2 6.9 3.2
v 0 6.9 3.2
v 0.1 6.9 3.2
v 0.3 6.9 3.2
v 0.4 6.9 3.2
v 0.7 6.9 3.2
v 0.8 6.9 3.2
v 0.7 6.9 3.1
v 0.8 6.9 3.1
v -1 6.9 -3.7
v -0.9 6.9 -3.7
v -1 6.9 -3.8
v -0.9 6.9 -3.8
v -1 7 2.9
v -0.9 7 2.9
v -1 7 2.8
v -0.9 7 2.8
v -1.1 7.2 2.9
v -1 7.2 2.9
v -1.1 7.2 2.8
v -1 7.2 2.8
v -1.2 7.3 2.9
v -1.1 7.3 2.9
v -1.2 7.3 2.8
v -1.1 7.3 2.8
v -1.3 7.5 2.9
v -1.2 7.5 2.9
v -1.3 7.5 2.8
v -1.2 7.5 2.8
v -1.4 7.7 2.9
v -1.3 7.7 2.9
v -1.4 7.7 2.8
v -1.3 7.7 2.8
v -0.5 8.2 3.3
v -0.3 8.2 3.3
v -0.0999999 8.2 3.3
v 0.2 8.2 3.3
v 0.4 8.2 3.3
v 0.6 8.2 3.3
v -0.7 8.2 3.1
v -0.5 8.2 3.1
v -0.3 8.2 3.1
v -0.0999999 8.2 3.1
v 0.2 8.2 3.1
v 0.4 8.2 3.1
v 0.6 8.2 3.1
v 0.8 8.2 3.1
v -4 8.2 3
v -0.7 8.2 3
v 0.8 8.2 3
v 4.1 8.2 3
v -3.9 8.2 2.9
v -0.6 8.2 2.9
v -0.4 8.2 2.9
v 0.5 8.2 2.9
v 0.7 8.2 2.9
v 4 8.2 2.9
v -0.4 8.2 2.7
v -0.2 8.2 2.7
v 0.3 8.2 2.7
v 0.5 8.2 2.7
v -3.9 8.2 -3.9
v 4 8.2 -3.9
v -4 8.2 -4
v 4.1 8.2 -4
v -3.3 8.4 3
v -1.5 8.4 3
v 1.6 8.4 3
v 3.4 8.4 3
v -3.3 8.4 2.9
v -3.2 8.4 2.9
v -1.6 8.4 2.9
v -1.5 8.4 2.9
v 1.6 8.4 2.9
v 1.7 8.4 2.9
v 3.3 8.4 2.9
v 3.4 8.4 2.9
v -3.2 8.4 2.8
v -1.6 8.4 2.8
v 1.7 8.4 2.8
v 3.3 8.4 2.8
v 3.3 8.4 -3.7
v 3.4 8.4 -3.7
v 3.3 8.4 -3.8
v 3.4 8.4 -3.8
v -0.4 8.5 3.4
v -0.2 8.5 3.4
v 0 8.5 3.4
v 0.1 8.5 3.4
v 0.2 8.5 3.4
v 0.3 8.5 3.4
v -0.6 8.5 3.3
v -0.4 8.5 3.3
v -0.2 8.5 3.3
v 0 8.5 3.3
v 0.1 8.5 3.3
v 0.2 8.5 3.3
v 0.3 8.5 3.3
v 0.4 8.5 3.3
v 0.7 8.5 3.3
v -0.8 8.5 3.2
v -0.7 8.5 3.2
v -0.6 8.5 3.2
v -0.5 8.5 3.2
v -0.4 8.5 3.2
v -0.3 8.5 3.2
v -0.2 8.5 3.2
v -0.0999999 8.5 3.2
v 0 8.5 3.2
v 0.1 8.5 3.2
v 0.2 8.5 3.2
v 0.3 8.5 3.2
v 0.4 8.5 3.2
v 0.5 8.5 3.2
v -0.8 8.5 3.1
v -0.7 8.5 3.1
v -0.6 8.5 3.1
v -0.5 8.5 3.1
v -0.3 8.5 3.1
v -0.2 8.5 3.1
v 0.3 8.5 3.1
v 0.5 8.5 3.1
v 0.6 8.5 3.1
v 0.7 8.5 3.1
v -0.7 8.5 3
v -0.6 8.5 3
v 0.6 8.5 3
v 0.7 8.5 3
v -0.7 8.5 2.9
v -0.6 8.5 2.9
v -0.5 8.5 2.9
v 0.6 8.5 2.9
v 0.7 8.5 2.9
v -0.0999999 8.6 3.4
v 0 8.6 3.4
v -0.4 8.6 3.3
v -0.2 8.6 3.3
v -0.0999999 8.6 3.3
v 0 8.6 3.3
v 0.1 8.6 3.3
v 0.2 8.6 3.3
v 0.3 8.6 3.3
v 0.4 8.6 3.3
v 0.8 8.6 3.3
v 0.9 8.6 3.3
v -0.4 8.6 3.2
v -0.3 8.6 3.2
v -0.2 8.6 3.2
v 0 8.6 3.2
v 0.1 8.6 3.2
v 0.2 8.6 3.2
v 0.3 8.6 3.2
v 0.4 8.6 3.2
v 0.5 8.6 3.2
v 0.7 8.6 3.2
v 0.8 8.6 3.2
v 0.9 8.6 3.2
v -0.8 8.6 3.1
v -0.7 8.6 3.1
v -0.6 8.6 3.1
v -0.3 8.6 3.1
v -0.2 8.6 3.1
v 0.4 8.6 3.1
v 0.5 8.6 3.1
v 0.6 8.6 3.1
v 0.7 8.6 3.1
v 0.8 8.6 3.1
v 0.9 8.6 3.1
v -0.8 8.6 3
v -0.6 8.6 3
v 0.6 8.6 3
v 0.7 8.6 3
v 0.7 8.6 2.9
v 0.8 8.6 2.9
v -0.7 8.7 3.4
v -0.6 8.7 3.4
v 0.3 8.7 3.4
v 0.4 8.7 3.4
v -0.2 8.7 3.3
v 0 8.7 3.3
v 0.3 8.7 3.3
v 0.4 8.7 3.3
v 0.7 8.7 3.3
v 0.8 8.7 3.3
v -0.7 8.7 3.2
v -0.6 8.7 3.2
v -0.5 8.7 3.2
v -0.2 8.7 3.2
v 0 8.7 3.2
v 0.3 8.7 3.2
v 0.4 8.7 3.2
v 0.7 8.7 3.2
v 0.8 8.7 3.2
v -0.7 8.7 3.1
v -0.6 8.7 3.1
v -0.5 8.7 3.1
v 0.3 8.7 3.1
v 0.4 8.7 3.1
v 3.6 9.2 2.8
v 3.7 9.2 2.8
v 3.6 9.2 2.7
v 3.7 9.2 2.7
v 3.6 9.4 2.8
v 3.7 9.4 2.8
v 3.6 9.4 2.7
v 3.7 9.4 2.7
v 3.7 9.5 1.8
v 3.8 9.5 1.8
v 3.9 9.5 1.8
v 3.7 9.5 1.7
v 3.8 9.5 1.7
v 3.9 9.5 1.7
v 3.7 9.6 2
v 3.8 9.6 2
v 3.7 9.6 1.9
v 3.8 9.6 1.9
v -0.7 10 3.3
v 0.8 10 3.3
v -0.7 10 3
v 0.8 10 3
v -3.8 10 2.8
v 3.9 10 2.8
v -0.5 10 -1.9
v -0.4 10 -1.9
v 0.6 10 -1.9
v 0.7 10 -1.9
v -0.8 10 -2
v -0.5 10 -2
v -0.4 10 -2
v 0.6 10 -2
v 0.7 10 -2
v 0.9 10 -2
v -0.8 10 -3.6
v 0.9 10 -3.6
v -3.8 10 -3.8
v 3.9 10 -3.8
v -4 10.2 3
v 4.1 10.2 3
v -3.8 10.2 2.8
v 3.9 10.2 2.8
v -3.8 10.2 -3.8
v 3.9 10.2 -3.8
v -4 10.2 -4
v 4.1 10.2 -4
v -0.2 10.6 -1.9
v 0 10.6 -1.9
v 0.2 10.6 -1.9
v 0.4 10.6 -1.9
v -0.2 10.6 -2
v 0 10.6 -2
v 0.2 10.6 -2
v 0.4 10.6 -2
v -0.5 11.3 -1.9
v 0.7 11.3 -1.9
v -0.5 11.3 -2
v 0.7 11.3 -2
v -1 11.7 -0.9
v 1.1 11.7 -0.9
v -0.9 11.7 -1.9
v 1 11.7 -1.9
v -0.9 11.7 -3.7
v 1 11.7 -3.7
v -1 11.7 -3.8
v 1.1 11.7 -3.8
v -0.9 11.8 -1.9
v 1 11.8 -1.9
v -0.9 11.8 -3.7
v 1 11.8 -3.7

# faces
f 3/16/1 2/16/1 1/16/1
f 4/16/1 2/16/1 3/16/1
f 9/1/1 6/1/1 5/1/1
f 10/1/1 6/1/1 9/1/1
f 11/1/1 8/1/1 7/1/1
f 12/1/1 8/1/1 11/1/1
f 15/1/1 14/1/1 13/1/1
f 16/1/1 14/1/1 15/1/1
f 19/1/1 18/1/1 17/1/1
f 20/1/1 18/1/1 19/1/1
f 25/15/1 22/15/1 21/15/1
f 26/15/1 22/15/1 25/15/1
f 27/16/1 24/16/1 23/16/1
f 28/16/1 24/16/1 27/16/1
f 31/10/1 30/10/1 29/10/1
f 32/10/1 30/10/1 31/10/1
f 35/15/1 34/15/1 33/15/1
f 36/15/1 34/15/1 35/15/1
f 39/15/1 38/15/1 37/15/1
f 40/15/1 38/15/1 39/15/1
f 43/15/1 42/15/1 41/15/1
f 44/15/1 42/15/1 43/15/1
f 47/15/1 46/15/1 45/15/1
f 48/15/1 46/15/1 47/15/1
f 51/15/1 50/15/1 49/15/1
f 52/15/1 50/15/1 51/15/1
f 57/10/1 56/10/1 55/10/1
f 58/10/1 56/10/1 57/10/1
f 59/1/1 54/1/1 53/1/1
f 60/1/1 54/1/1 59/1/1
f 63/1/1 62/1/1 61/1/1
f 64/1/1 62/1/1 63/1/1
f 65/1/1 54/1/1 60/1/1
f 66/1/1 59/1/1 53/1/1
f 67/1/1 65/1/1 64/1/1
f 68/1/1 66/1/1 53/1/1
f 68/1/1 67/1/1 66/1/1
f 69/1/1 65/1/1 67/1/1
f 69/1/1 67/1/1 68/1/1
f 69/1/1 54/1/1 65/1/1
f 72/1/1 71/1/1 70/1/1
f 73/1/1 71/1/1 72/1/1
f 74/1/1 71/1/1 73/1/1
f 76/17/1 74/17/1 73/17/1
f 77/1/1 71/1/1 74/1/1
f 77/17/1 74/17/1 76/17/1
f 78/1/1 76/1/1 75/1/1
f 78/1/1 77/1/1 76/1/1
f 79/1/1 71/1/1 77/1/1
f 79/1/1 77/1/1 78/1/1
f 82/1/1 81/1/1 80/1/1
f 83/1/1 81/1/1 82/1/1
f 86/1/1 85/1/1 84/1/1
f 87/1/1 85/1/1 86/1/1
f 90/1/1 89/1/1 88/1/1
f 91/1/1 89/1/1 90/1/1
f 94/16/1 93/16/1 92/16/1
f 95/16/1 93/16/1 94/16/1
f 98/5/1 97/5/1 96/5/1
f 99/5/1 97/5/1 98/5/1
f 104/10/1 101/10/1 100/10/1
f 105/10/1 101/10/1 104/10/1
f 106/17/1 103/17/1 102/17/1
f 107/17/1 103/17/1 106/17/1
f 108/17/1 106/17/1 102/17/1
f 109/17/1 103/17/1 107/17/1
f 110/17/1 103/17/1 109/17/1
f 111/17/1 108/17/1 102/17/1
f 111/17/1 109/17/1 108/17/1
f 112/17/1 109/17/1 111/17/1
f 115/1/1 114/1/1 113/1/1
f 116/1/1 114/1/1 115/1/1
f 119/1/1 118/1/1 117/1/1
f 120/1/1 118/1/1 119/1/1
f 123/1/1 122/1/1 121/1/1
f 124/1/1 122/1/1 123/1/1
f 127/1/1 126/1/1 125/1/1
f 128/1/1 126/1/1 127/1/1
f 131/1/1 130/1/1 129/1/1
f 132/1/1 130/1/1 131/1/1
f 135/1/1 134/1/1 133/1/1
f 136/1/1 134/1/1 135/1/1
f 139/15/1 138/15/1 137/15/1
f 140/15/1 138/15/1 139/15/1
f 143/1/1 142/1/1 141/1/1
f 144/1/1 142/1/1 143/1/1
f 147/15/1 146/15/1 145/15/1
f 148/15/1 146/15/1 147/15/1
f 151/15/1 150/15/1 149/15/1
f 152/15/1 150/15/1 151/15/1
f 155/15/1 154/15/1 153/15/1
f 156/15/1 154/15/1 155/15/1
f 159/15/1 158/15/1 157/15/1
f 160/15/1 158/15/1 159/15/1
f 163/1/1 162/1/1 161/1/1
f 164/1/1 162/1/1 163/1/1
f 167/16/1 166/16/1 165/16/1
f 168/16/1 166/16/1 167/16/1
f 171/13/1 170/13/1 169/13/1
f 172/13/1 170/13/1 171/13/1
f 175/13/1 174/13/1 173/13/1
f 176/13/1 174/13/1 175/13/1
f 179/17/1 178/17/1 177/17/1
f 180/17/1 178/17/1 179/17/1
f 183/13/1 182/13/1 181/13/1
f 184/13/1 182/13/1 183/13/1
f 187/17/1 186/17/1 185/17/1
f 188/17/1 186/17/1 187/17/1
f 191/15/1 190/15/1 189/15/1
f 192/15/1 190/15/1 191/15/1
f 195/10/1 194/10/1 193/10/1
f 196/10/1 194/10/1 195/10/1
f 199/1/1 198/1/1 197/1/1
f 200/1/1 198/1/1 199/1/1
f 203/1/1 202/1/1 201/1/1
f 204/1/1 202/1/1 203/1/1
f 207/1/1 206/1/1 205/1/1
f 208/1/1 206/1/1 207/1/1
f 211/1/1 210/1/1 209/1/1
f 212/1/1 210/1/1 211/1/1
f 215/1/1 214/1/1 213/1/1
f 216/1/1 214/1/1 215/1/1
f 219/10/1 218/10/1 217/10/1
f 220/10/1 218/10/1 219/10/1
f 223/5/1 222/5/1 221/5/1
f 224/5/1 222/5/1 223/5/1
f 227/10/1 226/10/1 225/10/1
f 228/10/1 226/10/1 227/10/1
f 231/1/1 230/1/1 229/1/1
f 232/1/1 230/1/1 231/1/1
f 235/17/1 234/17/1 233/17/1
f 236/17/1 234/17/1 235/17/1
f 239/1/1 238/1/1 237/1/1
f 240/1/1 238/1/1 239/1/1
f 243/1/1 242/1/1 241/1/1
f 244/1/1 242/1/1 243/1/1
f 247/1/1 246/1/1 245/1/1
f 248/1/1 246/1/1 247/1/1
f 251/15/1 250/15/1 249/15/1
f 252/15/1 250/15/1 251/15/1
f 255/17/1 254/17/1 253/17/1
f 256/17/1 254/17/1 255/17/1
f 261/17/1 258/17/1 257/17/1
f 262/17/1 258/17/1 261/17/1
f 263/1/1 260/1/1 259/1/1
f 264/1/1 260/1/1 263/1/1
f 267/15/1 266/15/1 265/15/1
f 268/15/1 266/15/1 267/15/1
f 271/6/1 270/6/1 269/6/1
f 272/6/1 270/6/1 271/6/1
f 274/6/1 273/6/1 272/6/1
f 275/6/1 273/6/1 274/6/1
f 278/6/1 277/6/1 276/6/1
f 280/6/1 278/6/1 276/6/1
f 280/6/1 279/6/1 278/6/1
f 281/6/1 279/6/1 280/6/1
f 282/7/1 281/7/1 280/7/1
f 283/7/1 281/7/1 282/7/1
f 286/6/1 285/6/1 284/6/1
f 287/6/1 285/6/1 286/6/1
f 290/1/1 289/1/1 288/1/1
f 291/1/1 289/1/1 290/1/1
f 295/7/1 293/7/1 292/7/1
f 296/6/1 294/6/1 293/6/1
f 296/7/1 293/7/1 295/7/1
f 297/6/1 294/6/1 296/6/1
f 298/6/1 294/6/1 297/6/1
f 301/1/1 300/1/1 299/1/1
f 302/1/1 300/1/1 301/1/1
f 305/15/1 304/15/1 303/15/1
f 306/15/1 304/15/1 305/15/1
f 307/15/1 304/15/1 306/15/1
f 309/5/1 306/5/1 305/5/1
f 310/5/1 306/5/1 309/5/1
f 311/5/1 306/5/1 310/5/1
f 313/6/1 309/6/1 308/6/1
f 314/6/1 309/6/1 313/6/1
f 315/5/1 311/5/1 310/5/1
f 315/5/1 312/5/1 311/5/1
f 316/5/1 312/5/1 315/5/1
f 317/5/1 312/5/1 316/5/1
f 318/6/1 315/6/1 314/6/1
f 319/6/1 315/6/1 318/6/1
f 321/3/1 319/3/1 318/3/1
f 321/3/1 320/3/1 319/3/1
f 322/3/1 320/3/1 321/3/1
f 325/15/1 324/15/1 323/15/1
f 326/15/1 324/15/1 325/15/1
f 327/15/1 324/15/1 326/15/1
f 328/5/1 326/5/1 325/5/1
f 329/5/1 326/5/1 328/5/1
f 332/5/1 326/5/1 329/5/1
f 333/5/1 326/5/1 332/5/1
f 335/6/1 331/6/1 330/6/1
f 336/6/1 331/6/1 335/6/1
f 337/5/1 334/5/1 333/5/1
f 338/5/1 334/5/1 337/5/1
f 341/7/1 340/7/1 339/7/1
f 342/7/1 340/7/1 341/7/1
f 345/15/1 344/15/1 343/15/1
f 346/15/1 344/15/1 345/15/1
f 347/15/1 344/15/1 346/15/1
f 349/5/1 346/5/1 345/5/1
f 350/5/1 346/5/1 349/5/1
f 351/5/1 346/5/1 350/5/1
f 354/6/1 349/6/1 348/6/1
f 355/5/1 350/5/1 349/5/1
f 355/6/1 349/6/1 354/6/1
f 356/5/1 350/5/1 355/5/1
f 357/5/1 353/5/1 352/5/1
f 358/5/1 353/5/1 357/5/1
f 360/2/1 355/2/1 354/2/1
f 361/6/1 357/6/1 356/6/1
f 361/2/1 355/2/1 360/2/1
f 361/6/1 356/6/1 355/6/1
f 362/6/1 357/6/1 361/6/1
f 363/6/1 357/6/1 362/6/1
f 364/1/1 359/1/1 358/1/1
f 365/1/1 359/1/1 364/1/1
f 366/2/1 362/2/1 361/2/1
f 367/2/1 362/2/1 366/2/1
f 370/15/1 369/15/1 368/15/1
f 371/15/1 369/15/1 370/15/1
f 372/15/1 369/15/1 371/15/1
f 373/5/1 371/5/1 370/5/1
f 374/5/1 371/5/1 373/5/1
f 377/5/1 373/5/1 370/5/1
f 378/5/1 373/5/1 377/5/1
f 380/5/1 376/5/1 375/5/1
f 381/5/1 376/5/1 380/5/1
f 383/6/1 379/6/1 378/6/1
f 383/6/1 378/6/1 377/6/1
f 384/6/1 379/6/1 383/6/1
f 385/6/1 379/6/1 384/6/1
f 386/7/1 383/7/1 382/7/1
f 386/7/1 384/7/1 383/7/1
f 387/6/1 385/6/1 384/6/1
f 387/7/1 384/7/1 386/7/1
f 388/6/1 385/6/1 387/6/1
f 391/15/1 390/15/1 389/15/1
f 392/15/1 390/15/1 391/15/1
f 395/15/1 394/15/1 393/15/1
f 396/15/1 394/15/1 395/15/1
f 397/15/1 394/15/1 396/15/1
f 398/15/1 394/15/1 397/15/1
f 399/15/1 394/15/1 398/15/1
f 401/15/1 400/15/1 399/15/1
f 401/15/1 399/15/1 398/15/1
f 402/15/1 400/15/1 401/15/1
f 405/15/1 404/15/1 403/15/1
f 406/15/1 404/15/1 405/15/1
f 409/15/1 408/15/1 407/15/1
f 410/15/1 408/15/1 409/15/1
f 413/7/1 412/7/1 411/7/1
f 414/7/1 412/7/1 413/7/1
f 417/15/1 416/15/1 415/15/1
f 418/15/1 416/15/1 417/15/1
f 421/15/1 420/15/1 419/15/1
f 422/15/1 420/15/1 421/15/1
f 425/15/1 424/15/1 423/15/1
f 426/15/1 424/15/1 425/15/1
f 429/15/1 428/15/1 427/15/1
f 430/15/1 428/15/1 429/15/1
f 433/6/1 432/6/1 431/6/1
f 434/6/1 432/6/1 433/6/1
f 436/6/1 435/6/1 434/6/1
f 437/6/1 435/6/1 436/6/1
f 440/5/1 439/5/1 438/5/1
f 441/5/1 439/5/1 440/5/1
f 444/5/1 443/5/1 442/5/1
f 445/5/1 443/5/1 444/5/1
f 448/1/1 447/1/1 446/1/1
f 449/1/1 447/1/1 448/1/1
f 453/5/1 451/5/1 450/5/1
f 454/5/1 451/5/1 453/5/1
f 455/6/1 453/6/1 452/6/1
f 456/6/1 453/6/1 455/6/1
f 458/3/1 456/3/1 455/3/1
f 459/6/1 457/6/1 456/6/1
f 459/3/1 456/3/1 458/3/1
f 460/6/1 457/6/1 459/6/1
f 461/6/1 457/6/1 460/6/1
f 462/3/1 460/3/1 459/3/1
f 463/3/1 460/3/1 462/3/1
f 466/5/1 465/5/1 464/5/1
f 467/5/1 465/5/1 466/5/1
f 470/6/1 469/6/1 468/6/1
f 471/6/1 469/6/1 470/6/1
f 474/2/1 473/2/1 472/2/1
f 475/2/1 473/2/1 474/2/1
f 478/2/1 477/2/1 476/2/1
f 479/2/1 477/2/1 478/2/1
f 482/9/1 481/9/1 480/9/1
f 483/9/1 481/9/1 482/9/1
f 486/6/1 485/6/1 484/6/1
f 487/6/1 485/6/1 486/6/1
f 488/6/1 485/6/1 487/6/1
f 489/2/1 487/2/1 486/2/1
f 490/2/1 487/2/1 489/2/1
f 493/6/1 492/6/1 491/6/1
f 494/6/1 492/6/1 493/6/1
f 496/7/1 494/7/1 493/7/1
f 497/6/1 495/6/1 494/6/1
f 497/7/1 494/7/1 496/7/1
f 498/6/1 495/6/1 497/6/1
f 501/1/1 500/1/1 499/1/1
f 502/1/1 500/1/1 501/1/1
f 505/6/1 504/6/1 503/6/1
f 506/6/1 504/6/1 505/6/1
f 509/6/1 508/6/1 507/6/1
f 510/6/1 508/6/1 509/6/1
f 515/1/1 514/1/1 513/1/1
f 516/1/1 514/1/1 515/1/1
f 517/1/1 512/1/1 511/1/1
f 518/1/1 512/1/1 517/1/1
f 521/6/1 520/6/1 519/6/1
f 522/6/1 520/6/1 521/6/1
f 523/2/1 522/2/1 521/2/1
f 524/2/1 522/2/1 523/2/1
f 527/2/1 526/2/1 525/2/1
f 528/2/1 526/2/1 527/2/1
f 532/6/1 530/6/1 529/6/1
f 533/6/1 530/6/1 532/6/1
f 534/7/1 532/7/1 531/7/1
f 534/7/1 533/7/1 532/7/1
f 535/7/1 533/7/1 534/7/1
f 538/2/1 537/2/1 536/2/1
f 539/2/1 537/2/1 538/2/1
f 542/6/1 541/6/1 540/6/1
f 543/6/1 541/6/1 542/6/1
f 546/6/1 545/6/1 544/6/1
f 547/6/1 545/6/1 546/6/1
f 550/1/1 549/1/1 548/1/1
f 551/1/1 549/1/1 550/1/1
f 554/15/1 553/15/1 552/15/1
f 555/15/1 553/15/1 554/15/1
f 558/5/1 557/5/1 556/5/1
f 559/5/1 557/5/1 558/5/1
f 562/5/1 561/5/1 560/5/1
f 563/5/1 561/5/1 562/5/1
f 567/5/1 565/5/1 564/5/1
f 568/5/1 565/5/1 567/5/1
f 569/6/1 567/6/1 566/6/1
f 570/6/1 567/6/1 569/6/1
f 572/6/1 571/6/1 570/6/1
f 573/6/1 571/6/1 572/6/1
f 577/5/1 575/5/1 574/5/1
f 578/5/1 575/5/1 577/5/1
f 579/6/1 577/6/1 576/6/1
f 580/6/1 577/6/1 579/6/1
f 582/6/1 581/6/1 580/6/1
f 583/6/1 581/6/1 582/6/1
f 586/9/1 585/9/1 584/9/1
f 587/9/1 585/9/1 586/9/1
f 590/1/1 589/1/1 588/1/1
f 591/1/1 589/1/1 590/1/1
f 595/6/1 593/6/1 592/6/1
f 596/6/1 593/6/1 595/6/1
f 597/3/1 595/3/1 594/3/1
f 598/3/1 595/3/1 597/3/1
f 603/6/1 600/6/1 599/6/1
f 604/6/1 600/6/1 603/6/1
f 605/6/1 602/6/1 601/6/1
f 606/6/1 602/6/1 605/6/1
f 607/3/1 604/3/1 603/3/1
f 608/3/1 604/3/1 607/3/1
f 609/3/1 606/3/1 605/3/1
f 610/3/1 606/3/1 609/3/1
f 613/1/1 612/1/1 611/1/1
f 614/1/1 612/1/1 613/1/1
f 617/6/1 616/6/1 615/6/1
f 618/6/1 616/6/1 617/6/1
f 621/15/1 620/15/1 619/15/1
f 623/15/1 621/15/1 619/15/1
f 623/15/1 622/15/1 621/15/1
f 624/15/1 622/15/1 623/15/1
f 625/15/1 622/15/1 624/15/1
f 627/15/1 626/15/1 625/15/1
f 627/15/1 625/15/1 624/15/1
f 628/15/1 626/15/1 627/15/1
f 629/15/1 626/15/1 628/15/1
f 631/15/1 630/15/1 629/15/1
f 631/15/1 629/15/1 628/15/1
f 632/15/1 630/15/1 631/15/1
f 633/15/1 630/15/1 632/15/1
f 634/15/1 630/15/1 633/15/1
f 635/9/1 634/9/1 633/9/1
f 636/15/1 630/15/1 634/15/1
f 636/9/1 634/9/1 635/9/1
f 637/12/1 636/12/1 635/12/1
f 638/15/1 630/15/1 636/15/1
f 638/12/1 636/12/1 637/12/1
f 639/15/1 638/15/1 637/15/1
f 640/15/1 630/15/1 638/15/1
f 640/15/1 638/15/1 639/15/1
f 643/15/1 642/15/1 641/15/1
f 644/15/1 642/15/1 643/15/1
f 649/6/1 648/6/1 647/6/1
f 650/6/1 648/6/1 649/6/1
f 651/15/1 646/15/1 645/15/1
f 652/15/1 646/15/1 651/15/1
f 655/15/1 654/15/1 653/15/1
f 656/15/1 654/15/1 655/15/1
f 659/15/1 658/15/1 657/15/1
f 660/15/1 658/15/1 659/15/1
f 663/1/1 662/1/1 661/1/1
f 664/1/1 662/1/1 663/1/1
f 668/5/1 666/5/1 665/5/1
f 669/5/1 666/5/1 668/5/1
f 671/6/1 668/6/1 667/6/1
f 673/5/1 670/5/1 669/5/1
f 674/5/1 670/5/1 673/5/1
f 675/6/1 671/6/1 667/6/1
f 676/6/1 671/6/1 675/6/1
f 677/6/1 673/6/1 672/6/1
f 678/6/1 673/6/1 677/6/1
f 679/7/1 676/7/1 675/7/1
f 680/7/1 676/7/1 679/7/1
f 681/7/1 678/7/1 677/7/1
f 682/7/1 678/7/1 681/7/1
f 686/5/1 684/5/1 683/5/1
f 687/5/1 684/5/1 686/5/1
f 689/6/1 686/6/1 685/6/1
f 690/6/1 686/6/1 689/6/1
f 692/5/1 688/5/1 687/5/1
f 693/5/1 688/5/1 692/5/1
f 694/5/1 688/5/1 693/5/1
f 695/3/1 690/3/1 689/3/1
f 696/3/1 690/3/1 695/3/1
f 697/3/1 692/3/1 691/3/1
f 698/6/1 693/6/1 692/6/1
f 698/3/1 692/3/1 697/3/1
f 699/6/1 693/6/1 698/6/1
f 702/5/1 701/5/1 700/5/1
f 703/5/1 701/5/1 702/5/1
f 707/5/1 704/5/1 703/5/1
f 708/5/1 704/5/1 707/5/1
f 709/5/1 704/5/1 708/5/1
f 710/6/1 706/6/1 705/6/1
f 710/6/1 707/6/1 706/6/1
f 710/6/1 708/6/1 707/6/1
f 711/6/1 708/6/1 710/6/1
f 712/6/1 708/6/1 711/6/1
f 713/7/1 711/7/1 710/7/1
f 714/7/1 711/7/1 713/7/1
f 717/5/1 716/5/1 715/5/1
f 718/5/1 716/5/1 717/5/1
f 720/5/1 719/5/1 718/5/1
f 721/5/1 719/5/1 720/5/1
f 722/5/1 719/5/1 721/5/1
f 723/6/1 721/6/1 720/6/1
f 724/6/1 721/6/1 723/6/1
f 727/15/1 726/15/1 725/15/1
f 728/15/1 726/15/1 727/15/1
f 733/6/1 730/6/1 729/6/1
f 734/6/1 730/6/1 733/6/1
f 735/7/1 732/7/1 731/7/1
f 736/7/1 732/7/1 735/7/1
f 740/3/1 738/3/1 737/3/1
f 740/3/1 739/3/1 738/3/1
f 741/3/1 739/3/1 740/3/1
f 744/6/1 743/6/1 742/6/1
f 745/6/1 743/6/1 744/6/1
f 748/7/1 747/7/1 746/7/1
f 749/7/1 747/7/1 748/7/1
f 754/6/1 751/6/1 750/6/1
f 755/6/1 751/6/1 754/6/1
f 756/6/1 751/6/1 755/6/1
f 757/6/1 753/6/1 752/6/1
f 758/6/1 753/6/1 757/6/1
f 759/3/1 755/3/1 754/3/1
f 760/3/1 755/3/1 759/3/1
f 763/1/1 762/1/1 761/1/1
f 764/1/1 762/1/1 763/1/1
f 767/16/1 766/16/1 765/16/1
f 768/16/1 766/16/1 767/16/1
f 771/15/1 770/15/1 769/15/1
f 772/15/1 770/15/1 771/15/1
f 775/10/1 774/10/1 773/10/1
f 776/10/1 774/10/1 775/10/1
f 779/10/1 778/10/1 777/10/1
f 780/10/1 778/10/1 779/10/1
f 783/5/1 782/5/1 781/5/1
f 784/5/1 782/5/1 783/5/1
f 787/10/1 786/10/1 785/10/1
f 788/10/1 786/10/1 787/10/1
f 791/15/1 790/15/1 789/15/1
f 792/15/1 790/15/1 791/15/1
f 795/15/1 794/15/1 793/15/1
f 796/15/1 794/15/1 795/15/1
f 799/15/1 798/15/1 797/15/1
f 800/15/1 798/15/1 799/15/1
f 803/15/1 802/15/1 801/15/1
f 804/15/1 802/15/1 803/15/1
f 807/15/1 806/15/1 805/15/1
f 808/15/1 806/15/1 807/15/1
f 811/16/1 810/16/1 809/16/1
f 812/16/1 810/16/1 811/16/1
f 815/13/1 814/13/1 813/13/1
f 816/13/1 814/13/1 815/13/1
f 819/17/1 818/17/1 817/17/1
f 820/17/1 818/17/1 819/17/1
f 823/13/1 822/13/1 821/13/1
f 824/13/1 822/13/1 823/13/1
f 827/17/1 826/17/1 825/17/1
f 828/17/1 826/17/1 827/17/1
f 831/13/1 830/13/1 829/13/1
f 832/13/1 830/13/1 831/13/1
f 835/1/1 834/1/1 833/1/1
f 836/1/1 834/1/1 835/1/1
f 839/1/1 838/1/1 837/1/1
f 840/1/1 838/1/1 839/1/1
f 843/1/1 842/1/1 841/1/1
f 844/1/1 842/1/1 843/1/1
f 847/1/1 846/1/1 845/1/1
f 848/1/1 846/1/1 847/1/1
f 851/1/1 850/1/1 849/1/1
f 852/1/1 850/1/1 851/1/1
f 855/1/1 854/1/1 853/1/1
f 856/1/1 854/1/1 855/1/1
f 859/15/1 858/15/1 857/15/1
f 860/15/1 858/15/1 859/15/1
f 863/10/1 862/10/1 861/10/1
f 864/10/1 862/10/1 863/10/1
f 867/10/1 866/10/1 865/10/1
f 868/10/1 866/10/1 867/10/1
f 871/5/1 870/5/1 869/5/1
f 872/5/1 870/5/1 871/5/1
f 875/10/1 874/10/1 873/10/1
f 876/10/1 874/10/1 875/10/1
f 879/17/1 878/17/1 877/17/1
f 880/17/1 878/17/1 879/17/1
f 883/17/1 882/17/1 881/17/1
f 884/17/1 882/17/1 883/17/1
f 887/17/1 886/17/1 885/17/1
f 888/17/1 886/17/1 887/17/1
f 891/1/1 890/1/1 889/1/1
f 892/1/1 890/1/1 891/1/1
f 895/15/1 894/15/1 893/15/1
f 896/15/1 894/15/1 895/15/1
f 897/1/2 898/1/2 899/1/2
f 899/1/2 898/1/2 900/1/2
f 901/1/2 902/1/2 903/1/2
f 903/1/2 902/1/2 904/1/2
f 905/1/2 906/1/2 907/1/2
f 907/1/2 906/1/2 908/1/2
f 909/1/2 910/1/2 911/1/2
f 911/1/2 910/1/2 912/1/2
f 913/16/2 914/16/2 915/16/2
f 915/16/2 914/16/2 916/16/2
f 917/1/2 918/1/2 919/1/2
f 919/1/2 918/1/2 920/1/2
f 921/1/2 922/1/2 923/1/2
f 923/1/2 922/1/2 924/1/2
f 925/15/2 926/15/2 927/15/2
f 927/15/2 926/15/2 928/15/2
f 929/1/2 930/1/2 931/1/2
f 931/1/2 930/1/2 932/1/2
f 933/5/2 934/5/2 935/5/2
f 935/5/2 934/5/2 936/5/2
f 937/10/2 938/10/2 939/10/2
f 939/10/2 938/10/2 940/10/2
f 941/1/2 942/1/2 943/1/2
f 943/1/2 942/1/2 944/1/2
f 945/10/2 946/10/2 947/10/2
f 947/10/2 946/10/2 948/10/2
f 949/1/2 950/1/2 951/1/2
f 951/1/2 950/1/2 952/1/2
f 953/15/2 954/15/2 955/15/2
f 955/15/2 954/15/2 956/15/2
f 957/10/2 958/10/2 959/10/2
f 959/10/2 958/10/2 960/10/2
f 961/1/2 962/1/2 963/1/2
f 963/1/2 962/1/2 964/1/2
f 965/1/2 966/1/2 967/1/2
f 967/1/2 966/1/2 968/1/2
f 969/16/2 970/16/2 971/16/2
f 971/16/2 970/16/2 972/16/2
f 973/1/2 974/1/2 975/1/2
f 975/1/2 974/1/2 976/1/2
f 977/1/2 978/1/2 979/1/2
f 979/1/2 978/1/2 980/1/2
f 981/1/2 982/1/2 983/1/2
f 983/1/2 982/1/2 984/1/2
f 985/1/2 986/1/2 987/1/2
f 987/1/2 986/1/2 988/1/2
f 989/1/2 990/1/2 991/1/2
f 991/1/2 990/1/2 992/1/2
f 993/17/2 994/17/2 995/17/2
f 995/17/2 994/17/2 996/17/2
f 997/13/2 998/13/2 999/13/2
f 999/13/2 998/13/2 1000/13/2
f 1001/13/2 1002/13/2 1003/13/2
f 1003/13/2 1002/13/2 1004/13/2
f 1005/13/2 1006/13/2 1007/13/2
f 1007/13/2 1006/13/2 1008/13/2
f 1009/17/2 1010/17/2 1011/17/2
f 1011/17/2 1010/17/2 1012/17/2
f 1013/15/2 1014/15/2 1015/15/2
f 1015/15/2 1014/15/2 1016/15/2
f 1017/15/2 1018/15/2 1019/15/2
f 1019/15/2 1018/15/2 1020/15/2
f 1021/15/2 1022/15/2 1023/15/2
f 1023/15/2 1022/15/2 1024/15/2
f 1025/15/2 1026/15/2 1027/15/2
f 1027/15/2 1026/15/2 1028/15/2
f 1029/15/2 1030/15/2 1031/15/2
f 1031/15/2 1030/15/2 1032/15/2
f 1033/1/2 1034/1/2 1035/1/2
f 1035/1/2 1034/1/2 1036/1/2
f 1037/1/2 1038/1/2 1039/1/2
f 1039/1/2 1038/1/2 1040/1/2
f 1041/1/2 1042/1/2 1043/1/2
f 1043/1/2 1042/1/2 1044/1/2
f 1045/5/2 1046/5/2 1047/5/2
f 1047/5/2 1046/5/2 1048/5/2
f 1049/10/2 1050/10/2 1051/10/2
f 1051/10/2 1050/10/2 1052/10/2
f 1053/1/2 1054/1/2 1055/1/2
f 1055/1/2 1054/1/2 1056/1/2
f 1057/10/2 1058/10/2 1059/10/2
f 1059/10/2 1058/10/2 1060/10/2
f 1061/1/2 1062/1/2 1063/1/2
f 1063/1/2 1062/1/2 1064/1/2
f 1065/15/2 1066/15/2 1067/15/2
f 1067/15/2 1066/15/2 1068/15/2
f 1069/10/2 1070/10/2 1071/10/2
f 1071/10/2 1070/10/2 1072/10/2
f 1073/17/2 1074/17/2 1075/17/2
f 1075/17/2 1074/17/2 1076/17/2
f 1077/17/2 1078/17/2 1081/17/2
f 1081/17/2 1078/17/2 1082/17/2
f 1079/1/2 1080/1/2 1083/1/2
f 1083/1/2 1080/1/2 1084/1/2
f 1085/1/2 1086/1/2 1087/1/2
f 1087/1/2 1086/1/2 1088/1/2
f 1089/1/2 1090/1/2 1091/1/2
f 1091/1/2 1090/1/2 1092/1/2
f 1093/6/2 1094/6/2 1095/6/2
f 1095/6/2 1094/6/2 1096/6/2
f 1097/6/2 1098/6/2 1100/6/2
f 1100/6/2 1098/6/2 1101/6/2
f 1099/3/2 1100/3/2 1102/3/2
f 1102/3/2 1100/3/2 1103/3/2
f 1104/2/2 1105/2/2 1108/2/2
f 1108/2/2 1105/2/2 1109/2/2
f 1106/6/2 1107/6/2 1111/6/2
f 1111/6/2 1107/6/2 1112/6/2
f 1109/2/2 1110/2/2 1113/2/2
f 1113/2/2 1110/2/2 1114/2/2
f 1115/6/2 1116/6/2 1120/6/2
f 1120/6/2 1116/6/2 1121/6/2
f 1117/6/2 1118/6/2 1122/6/2
f 1122/6/2 1118/6/2 1123/6/2
f 1120/7/2 1121/7/2 1124/7/2
f 1119/7/2 1120/7/2 1124/7/2
f 1124/7/2 1121/7/2 1125/7/2
f 1126/5/2 1127/5/2 1128/5/2
f 1128/5/2 1127/5/2 1129/5/2
f 1129/5/2 1130/5/2 1132/5/2
f 1132/5/2 1130/5/2 1133/5/2
f 1131/6/2 1132/6/2 1135/6/2
f 1135/6/2 1132/6/2 1136/6/2
f 1134/3/2 1135/3/2 1137/3/2
f 1137/3/2 1135/3/2 1138/3/2
f 1139/5/2 1140/5/2 1142/5/2
f 1142/5/2 1140/5/2 1143/5/2
f 1141/6/2 1142/6/2 1145/6/2
f 1145/6/2 1142/6/2 1146/6/2
f 1143/5/2 1144/5/2 1147/5/2
f 1147/5/2 1144/5/2 1148/5/2
f 1145/7/2 1146/7/2 1149/7/2
f 1146/6/2 1147/6/2 1150/6/2
f 1149/7/2 1146/7/2 1150/7/2
f 1150/6/2 1147/6/2 1151/6/2
f 1151/6/2 1147/6/2 1152/6/2
f 1152/6/2 1147/6/2 1153/6/2
f 1154/1/2 1155/1/2 1156/1/2
f 1156/1/2 1155/1/2 1157/1/2
f 1158/5/2 1159/5/2 1161/5/2
f 1161/5/2 1159/5/2 1162/5/2
f 1160/6/2 1161/6/2 1164/6/2
f 1164/6/2 1161/6/2 1165/6/2
f 1162/5/2 1163/5/2 1166/5/2
f 1166/5/2 1163/5/2 1167/5/2
f 1165/6/2 1166/6/2 1168/6/2
f 1168/6/2 1166/6/2 1169/6/2
f 1170/5/2 1171/5/2 1172/5/2
f 1172/5/2 1171/5/2 1173/5/2
f 1173/5/2 1174/5/2 1176/5/2
f 1176/5/2 1174/5/2 1177/5/2
f 1175/6/2 1176/6/2 1178/6/2
f 1178/6/2 1176/6/2 1179/6/2
f 1178/7/2 1179/7/2 1180/7/2
f 1180/7/2 1179/7/2 1181/7/2
f 1182/15/2 1183/15/2 1184/15/2
f 1182/15/2 1184/15/2 1186/15/2
f 1184/15/2 1185/15/2 1186/15/2
f 1186/15/2 1185/15/2 1187/15/2
f 1187/15/2 1185/15/2 1188/15/2
f 1188/15/2 1189/15/2 1190/15/2
f 1187/15/2 1188/15/2 1190/15/2
f 1190/15/2 1189/15/2 1191/15/2
f 1191/15/2 1189/15/2 1192/15/2
f 1192/15/2 1193/15/2 1194/15/2
f 1191/15/2 1192/15/2 1194/15/2
f 1194/15/2 1193/15/2 1195/15/2
f 1195/15/2 1193/15/2 1196/15/2
f 1196/15/2 1193/15/2 1197/15/2
f 1200/6/2 1201/6/2 1202/6/2
f 1202/6/2 1201/6/2 1203/6/2
f 1198/15/2 1199/15/2 1204/15/2
f 1204/15/2 1199/15/2 1205/15/2
f 1206/15/2 1207/15/2 1208/15/2
f 1208/15/2 1207/15/2 1209/15/2
f 1210/15/2 1211/15/2 1212/15/2
f 1212/15/2 1211/15/2 1213/15/2
f 1214/15/2 1215/15/2 1216/15/2
f 1216/15/2 1215/15/2 1217/15/2
f 1218/15/2 1219/15/2 1220/15/2
f 1220/15/2 1219/15/2 1221/15/2
f 1222/15/2 1223/15/2 1224/15/2
f 1224/15/2 1223/15/2 1225/15/2
f 1226/1/2 1227/1/2 1228/1/2
f 1228/1/2 1227/1/2 1229/1/2
f 1230/1/2 1231/1/2 1232/1/2
f 1232/1/2 1231/1/2 1233/1/2
f 1234/6/2 1235/6/2 1236/6/2
f 1236/6/2 1235/6/2 1237/6/2
f 1238/6/2 1239/6/2 1241/6/2
f 1241/6/2 1239/6/2 1242/6/2
f 1240/3/2 1241/3/2 1243/3/2
f 1243/3/2 1241/3/2 1244/3/2
f 1245/6/2 1246/6/2 1247/6/2
f 1247/6/2 1246/6/2 1248/6/2
f 1249/6/2 1250/6/2 1251/6/2
f 1251/6/2 1250/6/2 1252/6/2
f 1253/5/2 1254/5/2 1255/5/2
f 1255/5/2 1254/5/2 1256/5/2
f 1257/5/2 1258/5/2 1259/5/2
f 1259/5/2 1258/5/2 1260/5/2
f 1261/1/2 1262/1/2 1263/1/2
f 1263/1/2 1262/1/2 1264/1/2
f 1265/5/2 1266/5/2 1267/5/2
f 1267/5/2 1266/5/2 1268/5/2
f 1269/2/2 1270/2/2 1271/2/2
f 1271/2/2 1270/2/2 1272/2/2
f 1273/5/2 1274/5/2 1275/5/2
f 1275/5/2 1274/5/2 1276/5/2
f 1277/2/2 1278/2/2 1279/2/2
f 1279/2/2 1278/2/2 1280/2/2
f 1281/3/2 1282/3/2 1283/3/2
f 1283/3/2 1282/3/2 1284/3/2
f 1285/6/2 1286/6/2 1287/6/2
f 1287/6/2 1286/6/2 1288/6/2
f 1288/2/2 1289/2/2 1290/2/2
f 1290/2/2 1289/2/2 1291/2/2
f 1292/9/2 1293/9/2 1294/9/2
f 1294/9/2 1293/9/2 1295/9/2
f 1298/1/2 1299/1/2 1300/1/2
f 1300/1/2 1299/1/2 1301/1/2
f 1296/1/2 1297/1/2 1302/1/2
f 1302/1/2 1297/1/2 1303/1/2
f 1304/2/2 1305/2/2 1306/2/2
f 1306/2/2 1305/2/2 1307/2/2
f 1308/7/2 1309/7/2 1310/7/2
f 1310/7/2 1309/7/2 1311/7/2
f 1312/6/2 1313/6/2 1314/6/2
f 1314/6/2 1313/6/2 1315/6/2
f 1315/6/2 1316/6/2 1317/6/2
f 1317/6/2 1316/6/2 1318/6/2
f 1317/2/2 1318/2/2 1319/2/2
f 1319/2/2 1318/2/2 1320/2/2
f 1321/6/2 1322/6/2 1323/6/2
f 1323/6/2 1322/6/2 1324/6/2
f 1324/6/2 1325/6/2 1326/6/2
f 1326/6/2 1325/6/2 1327/6/2
f 1328/6/2 1329/6/2 1330/6/2
f 1330/6/2 1329/6/2 1331/6/2
f 1330/2/2 1331/2/2 1333/2/2
f 1331/6/2 1332/6/2 1334/6/2
f 1333/2/2 1331/2/2 1334/2/2
f 1334/6/2 1332/6/2 1335/6/2
f 1335/6/2 1332/6/2 1336/6/2
f 1334/6/2 1335/6/2 1337/6/2
f 1337/6/2 1335/6/2 1338/6/2
f 1339/7/2 1340/7/2 1342/7/2
f 1340/6/2 1341/6/2 1343/6/2
f 1342/7/2 1340/7/2 1343/7/2
f 1343/6/2 1341/6/2 1344/6/2
f 1345/6/2 1346/6/2 1347/6/2
f 1347/6/2 1346/6/2 1348/6/2
f 1349/6/2 1350/6/2 1351/6/2
f 1351/6/2 1350/6/2 1352/6/2
f 1353/6/2 1354/6/2 1355/6/2
f 1355/6/2 1354/6/2 1356/6/2
f 1357/1/2 1358/1/2 1359/1/2
f 1359/1/2 1358/1/2 1360/1/2
f 1361/5/2 1362/5/2 1363/5/2
f 1363/5/2 1362/5/2 1364/5/2
f 1365/5/2 1366/5/2 1367/5/2
f 1367/5/2 1366/5/2 1368/5/2
f 1369/5/2 1370/5/2 1372/5/2
f 1372/5/2 1370/5/2 1373/5/2
f 1371/6/2 1372/6/2 1374/6/2
f 1374/6/2 1372/6/2 1375/6/2
f 1375/6/2 1376/6/2 1377/6/2
f 1377/6/2 1376/6/2 1378/6/2
f 1378/6/2 1376/6/2 1379/6/2
f 1377/3/2 1378/3/2 1380/3/2
f 1380/3/2 1378/3/2 1381/3/2
f 1382/5/2 1383/5/2 1384/5/2
f 1384/5/2 1383/5/2 1385/5/2
f 1386/6/2 1387/6/2 1389/6/2
f 1387/6/2 1388/6/2 1389/6/2
f 1389/6/2 1388/6/2 1390/6/2
f 1390/6/2 1388/6/2 1391/6/2
f 1389/3/2 1390/3/2 1393/3/2
f 1393/3/2 1390/3/2 1394/3/2
f 1391/3/2 1392/3/2 1395/3/2
f 1395/3/2 1392/3/2 1396/3/2
f 1397/9/2 1398/9/2 1399/9/2
f 1399/9/2 1398/9/2 1400/9/2
f 1401/1/2 1402/1/2 1403/1/2
f 1403/1/2 1402/1/2 1404/1/2
f 1405/6/2 1406/6/2 1407/6/2
f 1407/6/2 1406/6/2 1408/6/2
f 1409/15/2 1410/15/2 1411/15/2
f 1411/15/2 1410/15/2 1412/15/2
f 1415/1/2 1416/1/2 1417/1/2
f 1417/1/2 1416/1/2 1418/1/2
f 1413/15/2 1414/15/2 1419/15/2
f 1419/15/2 1414/15/2 1420/15/2
f 1420/15/2 1414/15/2 1421/15/2
f 1421/15/2 1414/15/2 1422/15/2
f 1422/15/2 1414/15/2 1423/15/2
f 1423/15/2 1424/15/2 1425/15/2
f 1422/15/2 1423/15/2 1425/15/2
f 1425/15/2 1424/15/2 1426/15/2
f 1427/15/2 1428/15/2 1429/15/2
f 1429/15/2 1428/15/2 1430/15/2
f 1431/7/2 1432/7/2 1433/7/2
f 1433/7/2 1432/7/2 1434/7/2
f 1435/15/2 1436/15/2 1437/15/2
f 1437/15/2 1436/15/2 1438/15/2
f 1439/3/2 1440/3/2 1441/3/2
f 1441/3/2 1440/3/2 1442/3/2
f 1443/15/2 1444/15/2 1445/15/2
f 1445/15/2 1444/15/2 1446/15/2
f 1447/6/2 1448/6/2 1451/6/2
f 1451/6/2 1448/6/2 1452/6/2
f 1449/7/2 1450/7/2 1453/7/2
f 1453/7/2 1450/7/2 1454/7/2
f 1455/15/2 1456/15/2 1457/15/2
f 1457/15/2 1456/15/2 1458/15/2
f 1458/15/2 1459/15/2 1460/15/2
f 1460/15/2 1459/15/2 1461/15/2
f 1462/15/2 1463/15/2 1464/15/2
f 1464/15/2 1463/15/2 1465/15/2
f 1466/15/2 1467/15/2 1468/15/2
f 1468/15/2 1467/15/2 1469/15/2
f 1470/16/2 1471/16/2 1472/16/2
f 1472/16/2 1471/16/2 1473/16/2
f 1474/15/2 1475/15/2 1476/15/2
f 1476/15/2 1475/15/2 1477/15/2
f 1477/15/2 1475/15/2 1478/15/2
f 1476/5/2 1477/5/2 1480/5/2
f 1480/5/2 1477/5/2 1481/5/2
f 1481/5/2 1477/5/2 1482/5/2
f 1479/6/2 1480/6/2 1484/6/2
f 1480/5/2 1481/5/2 1485/5/2
f 1484/6/2 1480/6/2 1485/6/2
f 1485/5/2 1481/5/2 1486/5/2
f 1482/5/2 1483/5/2 1487/5/2
f 1487/5/2 1483/5/2 1488/5/2
f 1488/5/2 1483/5/2 1489/5/2
f 1484/7/2 1485/7/2 1490/7/2
f 1485/6/2 1486/6/2 1491/6/2
f 1490/7/2 1485/7/2 1491/7/2
f 1486/6/2 1487/6/2 1491/6/2
f 1487/6/2 1488/6/2 1491/6/2
f 1491/6/2 1488/6/2 1492/6/2
f 1492/6/2 1488/6/2 1493/6/2
f 1491/7/2 1492/7/2 1494/7/2
f 1494/7/2 1492/7/2 1495/7/2
f 1496/15/2 1497/15/2 1498/15/2
f 1498/15/2 1497/15/2 1499/15/2
f 1499/15/2 1497/15/2 1500/15/2
f 1498/5/2 1499/5/2 1502/5/2
f 1502/5/2 1499/5/2 1503/5/2
f 1501/6/2 1502/6/2 1505/6/2
f 1505/6/2 1502/6/2 1506/6/2
f 1503/5/2 1504/5/2 1507/5/2
f 1507/5/2 1504/5/2 1508/5/2
f 1508/5/2 1504/5/2 1509/5/2
f 1506/6/2 1507/6/2 1510/6/2
f 1507/6/2 1508/6/2 1510/6/2
f 1510/6/2 1508/6/2 1511/6/2
f 1511/6/2 1508/6/2 1512/6/2
f 1510/3/2 1511/3/2 1513/3/2
f 1513/3/2 1511/3/2 1514/3/2
f 1515/15/2 1516/15/2 1517/15/2
f 1517/15/2 1516/15/2 1518/15/2
f 1518/15/2 1516/15/2 1519/15/2
f 1517/5/2 1518/5/2 1521/5/2
f 1521/5/2 1518/5/2 1522/5/2
f 1522/5/2 1518/5/2 1523/5/2
f 1520/6/2 1521/6/2 1525/6/2
f 1521/5/2 1522/5/2 1526/5/2
f 1525/6/2 1521/6/2 1526/6/2
f 1526/5/2 1522/5/2 1527/5/2
f 1523/5/2 1524/5/2 1528/5/2
f 1528/5/2 1524/5/2 1529/5/2
f 1525/7/2 1526/7/2 1530/7/2
f 1530/7/2 1526/7/2 1531/7/2
f 1527/6/2 1528/6/2 1532/6/2
f 1532/6/2 1528/6/2 1533/6/2
f 1532/7/2 1533/7/2 1534/7/2
f 1534/7/2 1533/7/2 1535/7/2
f 1536/15/2 1537/15/2 1538/15/2
f 1536/15/2 1538/15/2 1540/15/2
f 1538/15/2 1539/15/2 1540/15/2
f 1540/15/2 1539/15/2 1541/15/2
f 1541/15/2 1539/15/2 1542/15/2
f 1540/5/2 1541/5/2 1543/5/2
f 1543/5/2 1541/5/2 1544/5/2
f 1540/5/2 1543/5/2 1546/5/2
f 1546/5/2 1543/5/2 1547/5/2
f 1544/5/2 1545/5/2 1548/5/2
f 1548/5/2 1545/5/2 1549/5/2
f 1548/6/2 1549/6/2 1552/6/2
f 1552/6/2 1549/6/2 1553/6/2
f 1550/3/2 1551/3/2 1554/3/2
f 1554/3/2 1551/3/2 1555/3/2
f 1556/15/2 1557/15/2 1558/15/2
f 1558/15/2 1557/15/2 1559/15/2
f 1560/6/2 1561/6/2 1562/6/2
f 1562/6/2 1561/6/2 1563/6/2
f 1564/6/2 1565/6/2 1566/6/2
f 1566/6/2 1565/6/2 1567/6/2
f 1568/6/2 1569/6/2 1571/6/2
f 1571/6/2 1569/6/2 1572/6/2
f 1570/6/2 1571/6/2 1573/6/2
f 1573/6/2 1571/6/2 1574/6/2
f 1575/6/2 1576/6/2 1578/6/2
f 1577/3/2 1578/3/2 1579/3/2
f 1578/6/2 1576/6/2 1580/6/2
f 1579/3/2 1578/3/2 1580/3/2
f 1580/6/2 1576/6/2 1581/6/2
f 1582/1/2 1583/1/2 1584/1/2
f 1584/1/2 1583/1/2 1585/1/2
f 1586/1/2 1587/1/2 1588/1/2
f 1588/1/2 1587/1/2 1589/1/2
f 1590/15/2 1591/15/2 1592/15/2
f 1592/15/2 1591/15/2 1593/15/2
f 1594/15/2 1595/15/2 1596/15/2
f 1596/15/2 1595/15/2 1597/15/2
f 1598/5/2 1599/5/2 1600/5/2
f 1600/5/2 1599/5/2 1601/5/2
f 1602/10/2 1603/10/2 1604/10/2
f 1604/10/2 1603/10/2 1605/10/2
f 1606/10/2 1607/10/2 1608/10/2
f 1608/10/2 1607/10/2 1609/10/2
f 1610/15/2 1611/15/2 1612/15/2
f 1612/15/2 1611/15/2 1613/15/2
f 1614/10/2 1615/10/2 1616/10/2
f 1616/10/2 1615/10/2 1617/10/2
f 1618/1/2 1619/1/2 1620/1/2
f 1620/1/2 1619/1/2 1621/1/2
f 1622/1/2 1623/1/2 1624/1/2
f 1624/1/2 1623/1/2 1625/1/2
f 1626/1/2 1627/1/2 1628/1/2
f 1628/1/2 1627/1/2 1629/1/2
f 1630/1/2 1631/1/2 1632/1/2
f 1632/1/2 1631/1/2 1633/1/2
f 1634/1/2 1635/1/2 1636/1/2
f 1636/1/2 1635/1/2 1637/1/2
f 1638/16/2 1639/16/2 1640/16/2
f 1640/16/2 1639/16/2 1641/16/2
f 1642/15/2 1643/15/2 1644/15/2
f 1644/15/2 1643/15/2 1645/15/2
f 1646/17/2 1647/17/2 1648/17/2
f 1648/17/2 1647/17/2 1649/17/2
f 1650/13/2 1651/13/2 1652/13/2
f 1652/13/2 1651/13/2 1653/13/2
f 1654/1/2 1655/1/2 1656/1/2
f 1656/1/2 1655/1/2 1657/1/2
f 1658/13/2 1659/13/2 1660/13/2
f 1660/13/2 1659/13/2 1661/13/2
f 1662/13/2 1663/13/2 1664/13/2
f 1664/13/2 1663/13/2 1665/13/2
f 1666/17/2 1667/17/2 1668/17/2
f 1668/17/2 1667/17/2 1669/17/2
f 1670/15/2 1671/15/2 1672/15/2
f 1672/15/2 1671/15/2 1673/15/2
f 1674/15/2 1675/15/2 1676/15/2
f 1676/15/2 1675/15/2 1677/15/2
f 1678/15/2 1679/15/2 1680/15/2
f 1680/15/2 1679/15/2 1681/15/2
f 1682/15/2 1683/15/2 1684/15/2
f 1684/15/2 1683/15/2 1685/15/2
f 1686/15/2 1687/15/2 1688/15/2
f 1688/15/2 1687/15/2 1689/15/2
f 1690/17/2 1691/17/2 1692/17/2
f 1692/17/2 1691/17/2 1693/17/2
f 1694/17/2 1695/17/2 1696/17/2
f 1696/17/2 1695/17/2 1697/17/2
f 1698/1/2 1699/1/2 1702/1/2
f 1702/1/2 1699/1/2 1703/1/2
f 1700/1/2 1701/1/2 1704/1/2
f 1704/1/2 1701/1/2 1705/1/2
f 1706/5/2 1707/5/2 1710/5/2
f 1710/5/2 1707/5/2 1711/5/2
f 1708/17/2 1709/17/2 1712/17/2
f 1712/17/2 1709/17/2 1713/17/2
f 1713/17/2 1714/17/2 1715/17/2
f 1715/17/2 1714/17/2 1716/17/2
f 1718/10/2 1719/10/2 1720/10/2
f 1720/10/2 1719/10/2 1721/10/2
f 1716/17/2 1717/17/2 1722/17/2
f 1722/17/2 1717/17/2 1723/17/2
f 1723/17/2 1724/17/2 1725/17/2
f 1725/17/2 1724/17/2 1726/17/2
f 1726/17/2 1727/17/2 1728/17/2
f 1728/17/2 1727/17/2 1729/17/2
f 1729/17/2 1730/17/2 1731/17/2
f 1731/17/2 1730/17/2 1732/17/2
f 1733/17/2 1734/17/2 1736/17/2
f 1736/17/2 1734/17/2 1737/17/2
f 1735/17/2 1736/17/2 1739/17/2
f 1739/17/2 1736/17/2 1740/17/2
f 1738/17/2 1739/17/2 1742/17/2
f 1742/17/2 1739/17/2 1743/17/2
f 1741/17/2 1742/17/2 1745/17/2
f 1745/17/2 1742/17/2 1746/17/2
f 1744/17/2 1745/17/2 1748/17/2
f 1748/17/2 1745/17/2 1749/17/2
f 1747/17/2 1748/17/2 1751/17/2
f 1751/17/2 1748/17/2 1752/17/2
f 1750/17/2 1751/17/2 1754/17/2
f 1754/17/2 1751/17/2 1755/17/2
f 1753/17/2 1754/17/2 1757/17/2
f 1757/17/2 1754/17/2 1758/17/2
f 1756/17/2 1757/17/2 1760/17/2
f 1760/17/2 1757/17/2 1761/17/2
f 1759/17/2 1760/17/2 1763/17/2
f 1763/17/2 1760/17/2 1764/17/2
f 1762/17/2 1763/17/2 1766/17/2
f 1766/17/2 1763/17/2 1767/17/2
f 1765/17/2 1766/17/2 1769/17/2
f 1769/17/2 1766/17/2 1770/17/2
f 1768/17/2 1769/17/2 1772/17/2
f 1772/17/2 1769/17/2 1773/17/2
f 1771/17/2 1772/17/2 1774/17/2
f 1774/17/2 1772/17/2 1775/17/2
f 1776/1/2 1777/1/2 1782/1/2
f 1778/1/2 1779/1/2 1783/1/2
f 1783/1/2 1779/1/2 1784/1/2
f 1782/1/2 1783/1/2 1785/1/2
f 1784/1/2 1779/1/2 1786/1/2
f 1786/1/2 1779/1/2 1787/1/2
f 1780/10/2 1781/10/2 1788/10/2
f 1788/10/2 1781/10/2 1789/10/2
f 1785/1/2 1786/1/2 1790/1/2
f 1787/1/2 1779/1/2 1791/1/2
f 1791/1/2 1779/1/2 1792/1/2
f 1790/1/2 1791/1/2 1793/1/2
f 1792/1/2 1779/1/2 1794/1/2
f 1794/1/2 1779/1/2 1795/1/2
f 1793/1/2 1794/1/2 1796/1/2
f 1795/1/2 1779/1/2 1797/1/2
f 1797/1/2 1779/1/2 1798/1/2
f 1796/1/2 1797/1/2 1799/1/2
f 1798/1/2 1779/1/2 1800/1/2
f 1785/1/2 1790/1/2 1801/1/2
f 1799/1/2 1800/1/2 1801/1/2
f 1776/1/2 1782/1/2 1801/1/2
f 1782/1/2 1785/1/2 1801/1/2
f 1796/1/2 1799/1/2 1801/1/2
f 1790/1/2 1793/1/2 1801/1/2
f 1793/1/2 1796/1/2 1801/1/2
f 1800/1/2 1779/1/2 1802/1/2
f 1801/1/2 1800/1/2 1802/1/2
f 1803/1/2 1804/1/2 1805/1/2
f 1805/1/2 1804/1/2 1806/1/2
f 1803/1/2 1805/1/2 1807/1/2
f 1807/1/2 1805/1/2 1808/1/2
f 1806/1/2 1804/1/2 1809/1/2
f 1803/1/2 1807/1/2 1810/1/2
f 1810/1/2 1807/1/2 1811/1/2
f 1808/1/2 1809/1/2 1812/1/2
f 1803/1/2 1810/1/2 1813/1/2
f 1813/1/2 1810/1/2 1814/1/2
f 1811/1/2 1812/1/2 1815/1/2
f 1803/1/2 1813/1/2 1816/1/2
f 1816/1/2 1813/1/2 1817/1/2
f 1814/1/2 1815/1/2 1818/1/2
f 1803/1/2 1816/1/2 1819/1/2
f 1819/1/2 1816/1/2 1820/1/2
f 1817/1/2 1818/1/2 1821/1/2
f 1803/1/2 1819/1/2 1822/1/2
f 1822/1/2 1819/1/2 1823/1/2
f 1820/1/2 1821/1/2 1824/1/2
f 1803/1/2 1822/1/2 1825/1/2
f 1825/1/2 1822/1/2 1826/1/2
f 1823/1/2 1824/1/2 1827/1/2
f 1803/1/2 1825/1/2 1828/1/2
f 1828/1/2 1825/1/2 1829/1/2
f 1826/1/2 1827/1/2 1830/1/2
f 1803/1/2 1828/1/2 1831/1/2
f 1831/1/2 1828/1/2 1832/1/2
f 1829/1/2 1830/1/2 1833/1/2
f 1803/1/2 1831/1/2 1834/1/2
f 1834/1/2 1831/1/2 1835/1/2
f 1832/1/2 1833/1/2 1836/1/2
f 1803/1/2 1834/1/2 1837/1/2
f 1837/1/2 1834/1/2 1838/1/2
f 1835/1/2 1836/1/2 1839/1/2
f 1803/1/2 1837/1/2 1840/1/2
f 1840/1/2 1837/1/2 1841/1/2
f 1838/1/2 1839/1/2 1842/1/2
f 1803/1/2 1840/1/2 1843/1/2
f 1843/1/2 1840/1/2 1844/1/2
f 1841/1/2 1842/1/2 1845/1/2
f 1803/1/2 1843/1/2 1846/1/2
f 1844/1/2 1845/1/2 1847/1/2
f 1803/1/2 1846/1/2 1848/1/2
f 1846/1/2 1847/1/2 1848/1/2
f 1847/1/2 1845/1/2 1849/1/2
f 1848/1/2 1847/1/2 1849/1/2
f 1809/1/2 1804/1/2 1849/1/2
f 1812/1/2 1809/1/2 1849/1/2
f 1815/1/2 1812/1/2 1849/1/2
f 1845/1/2 1842/1/2 1849/1/2
f 1818/1/2 1815/1/2 1849/1/2
f 1842/1/2 1839/1/2 1849/1/2
f 1821/1/2 1818/1/2 1849/1/2
f 1839/1/2 1836/1/2 1849/1/2
f 1824/1/2 1821/1/2 1849/1/2
f 1836/1/2 1833/1/2 1849/1/2
f 1827/1/2 1824/1/2 1849/1/2
f 1833/1/2 1830/1/2 1849/1/2
f 1830/1/2 1827/1/2 1849/1/2
f 1850/1/2 1851/1/2 1852/1/2
f 1852/1/2 1851/1/2 1853/1/2
f 1854/1/2 1855/1/2 1856/1/2
f 1856/1/2 1855/1/2 1857/1/2
f 1858/1/2 1859/1/2 1860/1/2
f 1860/1/2 1859/1/2 1861/1/2
f 1862/15/2 1863/15/2 1866/15/2
f 1866/15/2 1863/15/2 1867/15/2
f 1864/16/2 1865/16/2 1868/16/2
f 1868/16/2 1865/16/2 1869/16/2
f 1870/10/2 1871/10/2 1872/10/2
f 1872/10/2 1871/10/2 1873/10/2
f 1874/15/2 1875/15/2 1876/15/2
f 1876/15/2 1875/15/2 1877/15/2
f 1878/15/2 1879/15/2 1880/15/2
f 1880/15/2 1879/15/2 1881/15/2
f 1882/15/2 1883/15/2 1884/15/2
f 1884/15/2 1883/15/2 1885/15/2
f 1886/15/2 1887/15/2 1888/15/2
f 1888/15/2 1887/15/2 1889/15/2
f 1890/15/2 1891/15/2 1892/15/2
f 1892/15/2 1891/15/2 1893/15/2
f 1894/16/2 1895/16/2 1896/16/2
f 1896/16/2 1895/16/2 1897/16/2
f 1900/16/3 1899/16/3 1898/16/3
f 1901/16/3 1899/16/3 1900/16/3
f 1906/15/3 1903/15/3 1902/15/3
f 1907/15/3 1903/15/3 1906/15/3
f 1908/10/3 1905/10/3 1904/10/3
f 1909/10/3 1905/10/3 1908/10/3
f 1914/15/3 1911/15/3 1910/15/3
f 1915/15/3 1911/15/3 1914/15/3
f 1916/10/3 1913/10/3 1912/10/3
f 1917/10/3 1913/10/3 1916/10/3
f 1922/15/3 1919/15/3 1918/15/3
f 1923/15/3 1919/15/3 1922/15/3
f 1924/10/3 1921/10/3 1920/10/3
f 1925/10/3 1921/10/3 1924/10/3
f 1930/15/3 1927/15/3 1926/15/3
f 1931/15/3 1927/15/3 1930/15/3
f 1932/10/3 1929/10/3 1928/10/3
f 1933/10/3 1929/10/3 1932/10/3
f 1936/10/3 1935/10/3 1934/10/3
f 1937/10/3 1935/10/3 1936/10/3
f 1940/10/3 1939/10/3 1938/10/3
f 1941/10/3 1939/10/3 1940/10/3
f 1944/15/3 1943/15/3 1942/15/3
f 1945/15/3 1943/15/3 1944/15/3
f 1946/15/3 1943/15/3 1945/15/3
f 1949/15/3 1948/15/3 1947/15/3
f 1950/15/3 1948/15/3 1949/15/3
f 1951/15/3 1948/15/3 1950/15/3
f 1954/10/3 1953/10/3 1952/10/3
f 1955/10/3 1953/10/3 1954/10/3
f 1958/10/3 1957/10/3 1956/10/3
f 1959/10/3 1957/10/3 1958/10/3
f 1964/5/3 1961/5/3 1960/5/3
f 1965/5/3 1961/5/3 1964/5/3
f 1966/10/3 1963/10/3 1962/10/3
f 1967/10/3 1963/10/3 1966/10/3
f 1972/5/3 1969/5/3 1968/5/3
f 1973/5/3 1969/5/3 1972/5/3
f 1974/10/3 1971/10/3 1970/10/3
f 1975/10/3 1971/10/3 1974/10/3
f 1980/5/3 1977/5/3 1976/5/3
f 1981/5/3 1977/5/3 1980/5/3
f 1982/10/3 1979/10/3 1978/10/3
f 1983/10/3 1979/10/3 1982/10/3
f 1988/5/3 1985/5/3 1984/5/3
f 1989/5/3 1985/5/3 1988/5/3
f 1990/10/3 1987/10/3 1986/10/3
f 1991/10/3 1987/10/3 1990/10/3
f 1994/15/3 1993/15/3 1992/15/3
f 1995/15/3 1993/15/3 1994/15/3
f 1998/15/3 1997/15/3 1996/15/3
f 1999/15/3 1997/15/3 1998/15/3
f 2002/15/3 2001/15/3 2000/15/3
f 2003/15/3 2001/15/3 2002/15/3
f 2006/15/3 2005/15/3 2004/15/3
f 2007/15/3 2005/15/3 2006/15/3
f 2010/15/3 2009/15/3 2008/15/3
f 2011/15/3 2009/15/3 2010/15/3
f 2014/15/3 2013/15/3 2012/15/3
f 2015/15/3 2013/15/3 2014/15/3
f 2025/6/3 2017/6/3 2016/6/3
f 2026/6/3 2017/6/3 2025/6/3
f 2027/6/3 2019/6/3 2018/6/3
f 2029/6/3 2021/6/3 2020/6/3
f 2029/2/3 2022/2/3 2021/2/3
f 2030/2/3 2022/2/3 2029/2/3
f 2031/7/3 2024/7/3 2023/7/3
f 2032/7/3 2024/7/3 2031/7/3
f 2033/6/3 2027/6/3 2018/6/3
f 2034/7/3 2028/7/3 2027/7/3
f 2034/6/3 2027/6/3 2033/6/3
f 2035/7/3 2028/7/3 2034/7/3
f 2036/6/3 2029/6/3 2020/6/3
f 2037/6/3 2029/6/3 2036/6/3
f 2043/6/3 2041/6/3 2040/6/3
f 2044/3/3 2042/3/3 2041/3/3
f 2044/6/3 2041/6/3 2043/6/3
f 2045/3/3 2042/3/3 2044/3/3
f 2047/6/3 2039/6/3 2038/6/3
f 2048/6/3 2039/6/3 2047/6/3
f 2053/6/3 2045/6/3 2044/6/3
f 2054/2/3 2046/2/3 2045/2/3
f 2054/6/3 2045/6/3 2053/6/3
f 2055/2/3 2046/2/3 2054/2/3
f 2061/7/3 2051/7/3 2050/7/3
f 2061/6/3 2050/6/3 2049/6/3
f 2062/7/3 2051/7/3 2061/7/3
f 2063/6/3 2053/6/3 2052/6/3
f 2063/3/3 2054/3/3 2053/3/3
f 2064/3/3 2054/3/3 2063/3/3
f 2066/6/3 2057/6/3 2056/6/3
f 2067/6/3 2057/6/3 2066/6/3
f 2068/6/3 2062/6/3 2061/6/3
f 2068/6/3 2061/6/3 2049/6/3
f 2069/6/3 2062/6/3 2068/6/3
f 2070/6/3 2063/6/3 2052/6/3
f 2071/6/3 2063/6/3 2070/6/3
f 2072/6/3 2066/6/3 2065/6/3
f 2073/6/3 2066/6/3 2072/6/3
f 2074/6/3 2059/6/3 2058/6/3
f 2075/2/3 2060/2/3 2059/2/3
f 2075/6/3 2059/6/3 2074/6/3
f 2076/2/3 2060/2/3 2075/2/3
f 2077/7/3 2069/7/3 2068/7/3
f 2077/6/3 2068/6/3 2049/6/3
f 2078/7/3 2069/7/3 2077/7/3
f 2083/6/3 2077/6/3 2049/6/3
f 2084/6/3 2077/6/3 2083/6/3
f 2085/6/3 2082/6/3 2081/6/3
f 2086/6/3 2082/6/3 2085/6/3
f 2089/6/3 2080/6/3 2079/6/3
f 2090/6/3 2080/6/3 2089/6/3
f 2091/6/3 2087/6/3 2086/6/3
f 2092/3/3 2088/3/3 2087/3/3
f 2092/6/3 2087/6/3 2091/6/3
f 2093/3/3 2088/3/3 2092/3/3
f 2103/6/3 2095/6/3 2094/6/3
f 2104/7/3 2096/7/3 2095/7/3
f 2104/6/3 2095/6/3 2103/6/3
f 2105/7/3 2096/7/3 2104/7/3
f 2106/6/3 2098/6/3 2097/6/3
f 2106/3/3 2099/3/3 2098/3/3
f 2107/3/3 2099/3/3 2106/3/3
f 2109/6/3 2101/6/3 2100/6/3
f 2110/7/3 2102/7/3 2101/7/3
f 2110/6/3 2101/6/3 2109/6/3
f 2111/7/3 2102/7/3 2110/7/3
f 2112/6/3 2103/6/3 2094/6/3
f 2113/7/3 2104/7/3 2103/7/3
f 2113/6/3 2103/6/3 2112/6/3
f 2114/7/3 2104/7/3 2113/7/3
f 2115/6/3 2106/6/3 2097/6/3
f 2116/6/3 2106/6/3 2115/6/3
f 2117/6/3 2109/6/3 2108/6/3
f 2118/7/3 2110/7/3 2109/7/3
f 2118/6/3 2109/6/3 2117/6/3
f 2119/7/3 2110/7/3 2118/7/3
f 2127/6/3 2121/6/3 2120/6/3
f 2128/6/3 2121/6/3 2127/6/3
f 2133/6/3 2123/6/3 2122/6/3
f 2134/6/3 2123/6/3 2133/6/3
f 2135/7/3 2124/7/3 2123/7/3
f 2135/6/3 2123/6/3 2134/6/3
f 2136/7/3 2124/7/3 2135/7/3
f 2148/5/3 2127/5/3 2126/5/3
f 2149/6/3 2129/6/3 2128/6/3
f 2150/6/3 2136/6/3 2135/6/3
f 2151/6/3 2136/6/3 2150/6/3
f 2153/2/3 2141/2/3 2140/2/3
f 2154/2/3 2141/2/3 2153/2/3
f 2155/6/3 2145/6/3 2144/6/3
f 2155/5/3 2144/5/3 2143/5/3
f 2156/6/3 2145/6/3 2155/6/3
f 2157/15/3 2126/15/3 2125/15/3
f 2157/5/3 2148/5/3 2126/5/3
f 2157/5/3 2149/5/3 2148/5/3
f 2158/5/3 2149/5/3 2157/5/3
f 2159/3/3 2130/3/3 2129/3/3
f 2159/6/3 2129/6/3 2149/6/3
f 2160/3/3 2130/3/3 2159/3/3
f 2161/15/3 2132/15/3 2131/15/3
f 2161/5/3 2134/5/3 2133/5/3
f 2161/5/3 2133/5/3 2132/5/3
f 2162/5/3 2134/5/3 2161/5/3
f 2164/15/3 2138/15/3 2137/15/3
f 2164/5/3 2139/5/3 2138/5/3
f 2165/5/3 2139/5/3 2164/5/3
f 2166/6/3 2153/6/3 2152/6/3
f 2167/6/3 2153/6/3 2166/6/3
f 2168/5/3 2155/5/3 2143/5/3
f 2168/15/3 2143/15/3 2142/15/3
f 2169/5/3 2155/5/3 2168/5/3
f 2172/6/3 2159/6/3 2149/6/3
f 2172/5/3 2149/5/3 2158/5/3
f 2173/6/3 2159/6/3 2172/6/3
f 2174/5/3 2155/5/3 2169/5/3
f 2175/5/3 2155/5/3 2174/5/3
f 2177/15/3 2157/15/3 2125/15/3
f 2178/5/3 2172/5/3 2158/5/3
f 2179/15/3 2161/15/3 2131/15/3
f 2180/5/3 2163/5/3 2162/5/3
f 2181/15/3 2164/15/3 2137/15/3
f 2182/5/3 2166/5/3 2165/5/3
f 2183/5/3 2166/5/3 2182/5/3
f 2186/15/3 2168/15/3 2142/15/3
f 2188/5/3 2182/5/3 2181/5/3
f 2190/3/3 2185/3/3 2184/3/3
f 2191/3/3 2185/3/3 2190/3/3
f 2192/5/3 2187/5/3 2186/5/3
f 2193/6/3 2176/6/3 2175/6/3
f 2194/6/3 2176/6/3 2193/6/3
f 2196/5/3 2178/5/3 2177/5/3
f 2196/15/3 2177/15/3 2125/15/3
f 2197/5/3 2172/5/3 2178/5/3
f 2197/5/3 2178/5/3 2196/5/3
f 2198/5/3 2172/5/3 2197/5/3
f 2201/15/3 2179/15/3 2131/15/3
f 2201/5/3 2180/5/3 2179/5/3
f 2202/5/3 2163/5/3 2180/5/3
f 2202/5/3 2180/5/3 2201/5/3
f 2203/5/3 2163/5/3 2202/5/3
f 2204/5/3 2189/5/3 2188/5/3
f 2204/15/3 2181/15/3 2137/15/3
f 2204/5/3 2188/5/3 2181/5/3
f 2205/5/3 2189/5/3 2204/5/3
f 2206/5/3 2189/5/3 2205/5/3
f 2207/5/3 2192/5/3 2186/5/3
f 2207/5/3 2193/5/3 2192/5/3
f 2207/15/3 2186/15/3 2142/15/3
f 2208/5/3 2193/5/3 2207/5/3
f 2209/6/3 2194/6/3 2193/6/3
f 2209/5/3 2193/5/3 2208/5/3
f 2210/2/3 2195/2/3 2194/2/3
f 2210/6/3 2194/6/3 2209/6/3
f 2211/5/3 2198/5/3 2197/5/3
f 2212/6/3 2199/6/3 2198/6/3
f 2212/5/3 2198/5/3 2211/5/3
f 2213/2/3 2200/2/3 2199/2/3
f 2213/6/3 2199/6/3 2212/6/3
f 2214/2/3 2200/2/3 2213/2/3
f 2220/5/3 2209/5/3 2208/5/3
f 2221/5/3 2209/5/3 2220/5/3
f 2222/2/3 2195/2/3 2210/2/3
f 2223/2/3 2195/2/3 2222/2/3
f 2226/7/3 2216/7/3 2215/7/3
f 2227/7/3 2216/7/3 2226/7/3
f 2229/6/3 2218/6/3 2217/6/3
f 2230/2/3 2219/2/3 2218/2/3
f 2230/6/3 2218/6/3 2229/6/3
f 2231/2/3 2219/2/3 2230/2/3
f 2233/6/3 2222/6/3 2221/6/3
f 2234/6/3 2222/6/3 2233/6/3
f 2235/15/3 2196/15/3 2125/15/3
f 2238/6/3 2225/6/3 2224/6/3
f 2239/6/3 2225/6/3 2238/6/3
f 2240/15/3 2201/15/3 2131/15/3
f 2242/15/3 2204/15/3 2137/15/3
f 2243/5/3 2229/5/3 2228/5/3
f 2244/5/3 2229/5/3 2243/5/3
f 2246/15/3 2207/15/3 2142/15/3
f 2247/5/3 2233/5/3 2232/5/3
f 2248/5/3 2233/5/3 2247/5/3
f 2250/5/3 2241/5/3 2240/5/3
f 2252/6/3 2245/6/3 2244/6/3
f 2254/5/3 2247/5/3 2246/5/3
f 2255/6/3 2249/6/3 2248/6/3
f 2256/6/3 2249/6/3 2255/6/3
f 2257/5/3 2237/5/3 2236/5/3
f 2257/15/3 2235/15/3 2125/15/3
f 2257/5/3 2236/5/3 2235/5/3
f 2258/5/3 2237/5/3 2257/5/3
f 2259/5/3 2237/5/3 2258/5/3
f 2261/5/3 2251/5/3 2250/5/3
f 2261/15/3 2240/15/3 2131/15/3
f 2261/5/3 2250/5/3 2240/5/3
f 2262/5/3 2251/5/3 2261/5/3
f 2263/15/3 2242/15/3 2137/15/3
f 2263/5/3 2243/5/3 2242/5/3
f 2264/5/3 2243/5/3 2263/5/3
f 2265/6/3 2252/6/3 2244/6/3
f 2266/3/3 2253/3/3 2252/3/3
f 2266/6/3 2252/6/3 2265/6/3
f 2267/3/3 2253/3/3 2266/3/3
f 2268/5/3 2254/5/3 2246/5/3
f 2268/15/3 2246/15/3 2142/15/3
f 2268/5/3 2255/5/3 2254/5/3
f 2269/5/3 2255/5/3 2268/5/3
f 2270/5/3 2255/5/3 2269/5/3
f 2271/15/3 2171/15/3 2170/15/3
f 2272/15/3 2171/15/3 2271/15/3
f 2273/5/3 2251/5/3 2262/5/3
f 2275/15/3 2257/15/3 2125/15/3
f 2276/5/3 2259/5/3 2258/5/3
f 2277/6/3 2260/6/3 2259/6/3
f 2277/5/3 2259/5/3 2276/5/3
f 2278/6/3 2260/6/3 2277/6/3
f 2279/15/3 2261/15/3 2131/15/3
f 2280/5/3 2273/5/3 2262/5/3
f 2281/6/3 2274/6/3 2273/6/3
f 2281/5/3 2273/5/3 2280/5/3
f 2282/6/3 2274/6/3 2281/6/3
f 2283/15/3 2263/15/3 2137/15/3
f 2284/5/3 2265/5/3 2264/5/3
f 2285/5/3 2265/5/3 2284/5/3
f 2286/15/3 2268/15/3 2142/15/3
f 2287/5/3 2270/5/3 2269/5/3
f 2293/5/3 2285/5/3 2284/5/3
f 2293/5/3 2284/5/3 2283/5/3
f 2294/5/3 2285/5/3 2293/5/3
f 2295/5/3 2287/5/3 2286/5/3
f 2295/5/3 2270/5/3 2287/5/3
f 2298/15/3 2275/15/3 2125/15/3
f 2299/5/3 2276/5/3 2275/5/3
f 2299/15/3 2275/15/3 2298/15/3
f 2300/5/3 2276/5/3 2299/5/3
f 2301/7/3 2289/7/3 2288/7/3
f 2302/7/3 2289/7/3 2301/7/3
f 2303/15/3 2279/15/3 2131/15/3
f 2304/5/3 2280/5/3 2279/5/3
f 2304/15/3 2279/15/3 2303/15/3
f 2305/5/3 2280/5/3 2304/5/3
f 2306/6/3 2291/6/3 2290/6/3
f 2307/3/3 2292/3/3 2291/3/3
f 2307/6/3 2291/6/3 2306/6/3
f 2308/3/3 2292/3/3 2307/3/3
f 2309/15/3 2283/15/3 2137/15/3
f 2310/5/3 2293/5/3 2283/5/3
f 2310/15/3 2283/15/3 2309/15/3
f 2311/5/3 2293/5/3 2310/5/3
f 2314/15/3 2286/15/3 2142/15/3
f 2315/5/3 2295/5/3 2286/5/3
f 2315/15/3 2286/15/3 2314/15/3
f 2316/6/3 2296/6/3 2295/6/3
f 2316/5/3 2295/5/3 2315/5/3
f 2317/3/3 2297/3/3 2296/3/3
f 2317/6/3 2296/6/3 2316/6/3
f 2318/3/3 2297/3/3 2317/3/3
f 2319/15/3 2147/15/3 2146/15/3
f 2320/15/3 2147/15/3 2319/15/3
f 2321/6/3 2306/6/3 2305/6/3
f 2322/6/3 2306/6/3 2321/6/3
f 2323/6/3 2313/6/3 2312/6/3
f 2324/6/3 2313/6/3 2323/6/3
f 2325/3/3 2317/3/3 2316/3/3
f 2326/3/3 2317/3/3 2325/3/3
f 2333/6/3 2328/6/3 2327/6/3
f 2334/6/3 2328/6/3 2333/6/3
f 2337/6/3 2330/6/3 2329/6/3
f 2338/6/3 2330/6/3 2337/6/3
f 2339/7/3 2332/7/3 2331/7/3
f 2340/7/3 2332/7/3 2339/7/3
f 2345/7/3 2336/7/3 2335/7/3
f 2346/7/3 2336/7/3 2345/7/3
f 2356/6/3 2346/6/3 2345/6/3
f 2357/6/3 2346/6/3 2356/6/3
f 2358/6/3 2352/6/3 2351/6/3
f 2359/7/3 2353/7/3 2352/7/3
f 2359/6/3 2352/6/3 2358/6/3
f 2360/7/3 2353/7/3 2359/7/3
f 2363/2/3 2362/2/3 2361/2/3
f 2364/2/3 2362/2/3 2363/2/3
f 2367/6/3 2366/6/3 2365/6/3
f 2368/6/3 2366/6/3 2367/6/3
f 2372/3/3 2370/3/3 2369/3/3
f 2373/3/3 2370/3/3 2372/3/3
f 2374/6/3 2372/6/3 2371/6/3
f 2375/6/3 2372/6/3 2374/6/3
f 2378/15/3 2342/15/3 2341/15/3
f 2379/15/3 2342/15/3 2378/15/3
f 2380/7/3 2377/7/3 2376/7/3
f 2381/7/3 2377/7/3 2380/7/3
f 2382/15/3 2344/15/3 2343/15/3
f 2383/15/3 2344/15/3 2382/15/3
f 2384/15/3 2348/15/3 2347/15/3
f 2385/15/3 2348/15/3 2384/15/3
f 2388/15/3 2350/15/3 2349/15/3
f 2389/15/3 2350/15/3 2388/15/3
f 2390/15/3 2355/15/3 2354/15/3
f 2391/15/3 2355/15/3 2390/15/3
f 2396/7/3 2387/7/3 2386/7/3
f 2397/7/3 2387/7/3 2396/7/3
f 2400/6/3 2393/6/3 2392/6/3
f 2401/6/3 2393/6/3 2400/6/3
f 2402/6/3 2395/6/3 2394/6/3
f 2403/6/3 2395/6/3 2402/6/3
f 2404/6/3 2399/6/3 2398/6/3
f 2405/6/3 2399/6/3 2404/6/3
f 2408/13/3 2407/13/3 2406/13/3
f 2409/13/3 2407/13/3 2408/13/3
f 2412/13/3 2411/13/3 2410/13/3
f 2413/13/3 2411/13/3 2412/13/3
f 2416/13/3 2415/13/3 2414/13/3
f 2417/13/3 2415/13/3 2416/13/3
f 2420/6/3 2419/6/3 2418/6/3
f 2421/6/3 2419/6/3 2420/6/3
f 2424/6/3 2423/6/3 2422/6/3
f 2425/6/3 2423/6/3 2424/6/3
f 2428/13/3 2427/13/3 2426/13/3
f 2429/13/3 2427/13/3 2428/13/3
f 2434/13/3 2431/13/3 2430/13/3
f 2435/13/3 2431/13/3 2434/13/3
f 2436/13/3 2433/13/3 2432/13/3
f 2437/13/3 2433/13/3 2436/13/3
f 2460/16/3 2439/16/3 2438/16/3
f 2461/16/3 2439/16/3 2460/16/3
f 2462/16/3 2460/16/3 2438/16/3
f 2463/16/3 2439/16/3 2461/16/3
f 2464/16/3 2439/16/3 2463/16/3
f 2465/16/3 2439/16/3 2464/16/3
f 2466/16/3 2463/16/3 2462/16/3
f 2466/16/3 2464/16/3 2463/16/3
f 2468/16/3 2462/16/3 2438/16/3
f 2468/16/3 2467/16/3 2466/16/3
f 2468/16/3 2466/16/3 2462/16/3
f 2469/16/3 2467/16/3 2468/16/3
f 2470/16/3 2468/16/3 2438/16/3
f 2471/16/3 2467/16/3 2469/16/3
f 2472/15/3 2459/15/3 2458/15/3
f 2473/15/3 2459/15/3 2472/15/3
f 2474/15/3 2451/15/3 2450/15/3
f 2475/15/3 2451/15/3 2474/15/3
f 2476/15/3 2453/15/3 2452/15/3
f 2477/15/3 2453/15/3 2476/15/3
f 2478/15/3 2455/15/3 2454/15/3
f 2479/15/3 2455/15/3 2478/15/3
f 2480/15/3 2457/15/3 2456/15/3
f 2481/15/3 2457/15/3 2480/15/3
f 2482/15/3 2441/15/3 2440/15/3
f 2483/15/3 2441/15/3 2482/15/3
f 2484/15/3 2443/15/3 2442/15/3
f 2485/15/3 2443/15/3 2484/15/3
f 2486/15/3 2445/15/3 2444/15/3
f 2487/15/3 2445/15/3 2486/15/3
f 2488/15/3 2447/15/3 2446/15/3
f 2489/15/3 2447/15/3 2488/15/3
f 2490/15/3 2449/15/3 2448/15/3
f 2491/15/3 2449/15/3 2490/15/3
f 2492/16/3 2471/16/3 2470/16/3
f 2492/16/3 2470/16/3 2438/16/3
f 2493/16/3 2467/16/3 2471/16/3
f 2493/16/3 2471/16/3 2492/16/3
f 2498/16/3 2495/16/3 2494/16/3
f 2499/16/3 2495/16/3 2498/16/3
f 2506/15/3 2497/15/3 2496/15/3
f 2509/15/3 2449/15/3 2491/15/3
f 2510/16/3 2498/16/3 2494/16/3
f 2522/16/3 2510/16/3 2494/16/3
f 2522/16/3 2511/16/3 2510/16/3
f 2523/16/3 2511/16/3 2522/16/3
f 2524/16/3 2522/16/3 2494/16/3
f 2525/16/3 2511/16/3 2523/16/3
f 2526/16/3 2511/16/3 2525/16/3
f 2526/16/3 2525/16/3 2524/16/3
f 2527/16/3 2511/16/3 2526/16/3
f 2528/16/3 2524/16/3 2494/16/3
f 2528/16/3 2526/16/3 2524/16/3
f 2529/16/3 2526/16/3 2528/16/3
f 2530/16/3 2526/16/3 2529/16/3
f 2532/16/3 2528/16/3 2494/16/3
f 2533/16/3 2531/16/3 2530/16/3
f 2533/16/3 2530/16/3 2529/16/3
f 2534/15/3 2513/15/3 2512/15/3
f 2535/15/3 2513/15/3 2534/15/3
f 2536/15/3 2515/15/3 2514/15/3
f 2537/15/3 2515/15/3 2536/15/3
f 2538/15/3 2517/15/3 2516/15/3
f 2539/15/3 2517/15/3 2538/15/3
f 2540/15/3 2519/15/3 2518/15/3
f 2541/15/3 2519/15/3 2540/15/3
f 2542/15/3 2521/15/3 2520/15/3
f 2543/15/3 2521/15/3 2542/15/3
f 2544/16/3 2533/16/3 2532/16/3
f 2544/16/3 2532/16/3 2494/16/3
f 2545/16/3 2531/16/3 2533/16/3
f 2545/16/3 2533/16/3 2544/16/3
f 2546/15/3 2501/15/3 2500/15/3
f 2547/15/3 2501/15/3 2546/15/3
f 2548/15/3 2503/15/3 2502/15/3
f 2549/15/3 2503/15/3 2548/15/3
f 2550/15/3 2505/15/3 2504/15/3
f 2551/15/3 2505/15/3 2550/15/3
f 2552/15/3 2507/15/3 2506/15/3
f 2552/15/3 2506/15/3 2496/15/3
f 2553/15/3 2507/15/3 2552/15/3
f 2554/15/3 2509/15/3 2508/15/3
f 2555/15/3 2449/15/3 2509/15/3
f 2555/15/3 2509/15/3 2554/15/3
f 2568/1/3 2559/1/3 2558/1/3
f 2569/1/3 2561/1/3 2560/1/3
f 2570/1/3 2561/1/3 2569/1/3
f 2571/1/3 2569/1/3 2568/1/3
f 2572/1/3 2561/1/3 2570/1/3
f 2573/1/3 2561/1/3 2572/1/3
f 2574/1/3 2572/1/3 2571/1/3
f 2575/1/3 2561/1/3 2573/1/3
f 2576/1/3 2561/1/3 2575/1/3
f 2577/1/3 2575/1/3 2574/1/3
f 2578/1/3 2561/1/3 2576/1/3
f 2579/1/3 2561/1/3 2578/1/3
f 2580/1/3 2578/1/3 2577/1/3
f 2581/1/3 2561/1/3 2579/1/3
f 2582/1/3 2561/1/3 2581/1/3
f 2583/1/3 2568/1/3 2558/1/3
f 2583/1/3 2571/1/3 2568/1/3
f 2583/1/3 2581/1/3 2580/1/3
f 2583/1/3 2574/1/3 2571/1/3
f 2583/1/3 2580/1/3 2577/1/3
f 2583/1/3 2577/1/3 2574/1/3
f 2584/1/3 2581/1/3 2583/1/3
f 2585/1/3 2581/1/3 2584/1/3
f 2586/1/3 2561/1/3 2582/1/3
f 2587/1/3 2561/1/3 2586/1/3
f 2588/1/3 2563/1/3 2562/1/3
f 2589/1/3 2563/1/3 2588/1/3
f 2590/1/3 2565/1/3 2564/1/3
f 2591/1/3 2565/1/3 2590/1/3
f 2592/1/3 2567/1/3 2566/1/3
f 2593/1/3 2567/1/3 2592/1/3
f 2594/1/3 2557/1/3 2556/1/3
f 2595/1/3 2557/1/3 2594/1/3
f 2596/1/3 2557/1/3 2595/1/3
f 2597/1/3 2585/1/3 2584/1/3
f 2597/1/3 2586/1/3 2585/1/3
f 2598/1/3 2586/1/3 2597/1/3
f 2600/1/3 2561/1/3 2587/1/3
f 2601/1/3 2563/1/3 2589/1/3
f 2602/1/3 2563/1/3 2601/1/3
f 2603/1/3 2565/1/3 2591/1/3
f 2604/1/3 2565/1/3 2603/1/3
f 2605/1/3 2567/1/3 2593/1/3
f 2606/1/3 2567/1/3 2605/1/3
f 2608/1/3 2557/1/3 2596/1/3
f 2610/1/3 2600/1/3 2599/1/3
f 2612/1/3 2563/1/3 2602/1/3
f 2614/1/3 2565/1/3 2604/1/3
f 2616/1/3 2567/1/3 2606/1/3
f 2617/1/3 2594/1/3 2556/1/3
f 2618/1/3 2608/1/3 2607/1/3
f 2619/1/3 2583/1/3 2558/1/3
f 2620/1/3 2610/1/3 2609/1/3
f 2621/1/3 2588/1/3 2562/1/3
f 2622/1/3 2612/1/3 2611/1/3
f 2623/1/3 2590/1/3 2564/1/3
f 2624/1/3 2614/1/3 2613/1/3
f 2625/1/3 2592/1/3 2566/1/3
f 2626/1/3 2616/1/3 2615/1/3
f 2627/1/3 2624/1/3 2623/1/3
f 2627/1/3 2565/1/3 2614/1/3
f 2627/1/3 2614/1/3 2624/1/3
f 2628/1/3 2565/1/3 2627/1/3
f 2629/1/3 2627/1/3 2623/1/3
f 2630/1/3 2627/1/3 2629/1/3
f 2631/1/3 2565/1/3 2628/1/3
f 2632/1/3 2629/1/3 2623/1/3
f 2633/1/3 2629/1/3 2632/1/3
f 2634/1/3 2631/1/3 2630/1/3
f 2635/1/3 2632/1/3 2623/1/3
f 2636/1/3 2632/1/3 2635/1/3
f 2637/1/3 2634/1/3 2633/1/3
f 2638/1/3 2635/1/3 2623/1/3
f 2639/1/3 2635/1/3 2638/1/3
f 2640/1/3 2637/1/3 2636/1/3
f 2641/1/3 2638/1/3 2623/1/3
f 2642/1/3 2638/1/3 2641/1/3
f 2643/1/3 2640/1/3 2639/1/3
f 2644/1/3 2641/1/3 2623/1/3
f 2645/1/3 2641/1/3 2644/1/3
f 2646/1/3 2643/1/3 2642/1/3
f 2647/1/3 2620/1/3 2619/1/3
f 2647/1/3 2610/1/3 2620/1/3
f 2648/1/3 2610/1/3 2647/1/3
f 2649/1/3 2622/1/3 2621/1/3
f 2649/1/3 2612/1/3 2622/1/3
f 2650/1/3 2612/1/3 2649/1/3
f 2651/1/3 2644/1/3 2623/1/3
f 2652/1/3 2644/1/3 2651/1/3
f 2653/1/3 2646/1/3 2645/1/3
f 2654/1/3 2626/1/3 2625/1/3
f 2654/1/3 2616/1/3 2626/1/3
f 2655/1/3 2616/1/3 2654/1/3
f 2656/1/3 2617/1/3 2556/1/3
f 2656/1/3 2618/1/3 2617/1/3
f 2657/1/3 2608/1/3 2618/1/3
f 2657/1/3 2618/1/3 2656/1/3
f 2658/1/3 2557/1/3 2608/1/3
f 2658/1/3 2608/1/3 2657/1/3
f 2659/1/3 2557/1/3 2658/1/3
f 2660/1/3 2619/1/3 2558/1/3
f 2660/1/3 2647/1/3 2619/1/3
f 2661/1/3 2647/1/3 2660/1/3
f 2662/1/3 2610/1/3 2648/1/3
f 2663/1/3 2561/1/3 2600/1/3
f 2663/1/3 2610/1/3 2662/1/3
f 2663/1/3 2600/1/3 2610/1/3
f 2664/1/3 2561/1/3 2663/1/3
f 2665/1/3 2621/1/3 2562/1/3
f 2665/1/3 2649/1/3 2621/1/3
f 2666/1/3 2649/1/3 2665/1/3
f 2667/1/3 2612/1/3 2650/1/3
f 2668/1/3 2563/1/3 2612/1/3
f 2668/1/3 2612/1/3 2667/1/3
f 2669/1/3 2563/1/3 2668/1/3
f 2670/1/3 2623/1/3 2564/1/3
f 2670/1/3 2651/1/3 2623/1/3
f 2671/1/3 2651/1/3 2670/1/3
f 2672/1/3 2653/1/3 2652/1/3
f 2673/1/3 2646/1/3 2653/1/3
f 2673/1/3 2653/1/3 2672/1/3
f 2673/1/3 2643/1/3 2646/1/3
f 2673/1/3 2565/1/3 2631/1/3
f 2673/1/3 2631/1/3 2634/1/3
f 2673/1/3 2634/1/3 2637/1/3
f 2673/1/3 2637/1/3 2640/1/3
f 2673/1/3 2640/1/3 2643/1/3
f 2674/1/3 2565/1/3 2673/1/3
f 2675/1/3 2654/1/3 2625/1/3
f 2675/1/3 2625/1/3 2566/1/3
f 2676/1/3 2654/1/3 2675/1/3
f 2677/1/3 2616/1/3 2655/1/3
f 2678/1/3 2567/1/3 2616/1/3
f 2678/1/3 2616/1/3 2677/1/3
f 2679/1/3 2567/1/3 2678/1/3
f 2680/15/3 2661/15/3 2660/15/3
f 2681/15/3 2663/15/3 2662/15/3
f 2682/15/3 2666/15/3 2665/15/3
f 2683/15/3 2668/15/3 2667/15/3
f 2684/15/3 2671/15/3 2670/15/3
f 2685/15/3 2673/15/3 2672/15/3
f 2686/15/3 2676/15/3 2675/15/3
f 2687/15/3 2678/15/3 2677/15/3
f 2688/15/3 2658/15/3 2657/15/3
f 2689/15/3 2658/15/3 2688/15/3
f 2690/15/3 2681/15/3 2680/15/3
f 2690/15/3 2680/15/3 2660/15/3
f 2691/15/3 2663/15/3 2681/15/3
f 2691/15/3 2681/15/3 2690/15/3
f 2692/15/3 2683/15/3 2682/15/3
f 2692/15/3 2682/15/3 2665/15/3
f 2693/15/3 2668/15/3 2683/15/3
f 2693/15/3 2683/15/3 2692/15/3
f 2694/15/3 2685/15/3 2684/15/3
f 2694/15/3 2684/15/3 2670/15/3
f 2695/15/3 2673/15/3 2685/15/3
f 2695/15/3 2685/15/3 2694/15/3
f 2696/15/3 2686/15/3 2675/15/3
f 2696/15/3 2687/15/3 2686/15/3
f 2697/15/3 2678/15/3 2687/15/3
f 2697/15/3 2687/15/3 2696/15/3
f 2700/16/3 2699/16/3 2698/16/3
f 2701/16/3 2699/16/3 2700/16/3
f 2706/15/3 2658/15/3 2689/15/3
f 2708/15/3 2663/15/3 2691/15/3
f 2710/15/3 2668/15/3 2693/15/3
f 2712/15/3 2673/15/3 2695/15/3
f 2714/15/3 2678/15/3 2697/15/3
f 2715/15/3 2703/15/3 2702/15/3
f 2715/9/3 2704/9/3 2703/9/3
f 2716/12/3 2705/12/3 2704/12/3
f 2716/9/3 2704/9/3 2715/9/3
f 2717/15/3 2708/15/3 2707/15/3
f 2718/15/3 2708/15/3 2717/15/3
f 2719/15/3 2710/15/3 2709/15/3
f 2720/15/3 2710/15/3 2719/15/3
f 2721/15/3 2712/15/3 2711/15/3
f 2722/15/3 2712/15/3 2721/15/3
f 2723/15/3 2673/15/3 2712/15/3
f 2723/15/3 2712/15/3 2722/15/3
f 2725/15/3 2714/15/3 2713/15/3
f 2726/15/3 2714/15/3 2725/15/3
f 2728/15/3 2715/15/3 2702/15/3
f 2729/8/3 2716/8/3 2715/8/3
f 2729/15/3 2715/15/3 2728/15/3
f 2730/12/3 2705/12/3 2716/12/3
f 2730/8/3 2716/8/3 2729/8/3
f 2731/15/3 2706/15/3 2705/15/3
f 2731/12/3 2705/12/3 2730/12/3
f 2732/15/3 2658/15/3 2706/15/3
f 2732/15/3 2706/15/3 2731/15/3
f 2734/15/3 2717/15/3 2707/15/3
f 2735/15/3 2717/15/3 2734/15/3
f 2736/15/3 2708/15/3 2718/15/3
f 2737/15/3 2663/15/3 2708/15/3
f 2737/15/3 2708/15/3 2736/15/3
f 2739/15/3 2719/15/3 2709/15/3
f 2740/15/3 2719/15/3 2739/15/3
f 2741/15/3 2710/15/3 2720/15/3
f 2742/15/3 2668/15/3 2710/15/3
f 2742/15/3 2710/15/3 2741/15/3
f 2744/15/3 2721/15/3 2711/15/3
f 2745/15/3 2721/15/3 2744/15/3
f 2746/15/3 2724/15/3 2723/15/3
f 2746/15/3 2723/15/3 2722/15/3
f 2747/15/3 2724/15/3 2746/15/3
f 2748/15/3 2725/15/3 2713/15/3
f 2749/15/3 2725/15/3 2748/15/3
f 2750/15/3 2714/15/3 2726/15/3
f 2751/15/3 2714/15/3 2750/15/3
f 2752/15/3 2678/15/3 2714/15/3
f 2752/15/3 2714/15/3 2751/15/3
f 2755/1/3 2729/1/3 2728/1/3
f 2755/1/3 2730/1/3 2729/1/3
f 2755/1/3 2731/1/3 2730/1/3
f 2755/1/3 2728/1/3 2727/1/3
f 2755/1/3 2733/1/3 2732/1/3
f 2755/1/3 2732/1/3 2731/1/3
f 2756/1/3 2735/1/3 2734/1/3
f 2757/1/3 2738/1/3 2737/1/3
f 2757/1/3 2737/1/3 2736/1/3
f 2758/1/3 2740/1/3 2739/1/3
f 2759/1/3 2743/1/3 2742/1/3
f 2759/1/3 2742/1/3 2741/1/3
f 2760/1/3 2745/1/3 2744/1/3
f 2761/1/3 2747/1/3 2746/1/3
f 2762/1/3 2749/1/3 2748/1/3
f 2764/1/3 2752/1/3 2751/1/3
f 2764/1/3 2753/1/3 2752/1/3
f 2765/16/3 2755/16/3 2754/16/3
f 2766/1/3 2733/1/3 2755/1/3
f 2766/16/3 2755/16/3 2765/16/3
f 2767/1/3 2733/1/3 2766/1/3
f 2768/1/3 2733/1/3 2767/1/3
f 2769/1/3 2757/1/3 2756/1/3
f 2769/1/3 2756/1/3 2734/1/3
f 2770/1/3 2757/1/3 2769/1/3
f 2771/1/3 2758/1/3 2739/1/3
f 2771/1/3 2759/1/3 2758/1/3
f 2772/1/3 2759/1/3 2771/1/3
f 2773/1/3 2761/1/3 2760/1/3
f 2773/1/3 2760/1/3 2744/1/3
f 2774/1/3 2761/1/3 2773/1/3
f 2775/1/3 2764/1/3 2763/1/3
f 2775/1/3 2763/1/3 2762/1/3
f 2775/1/3 2762/1/3 2748/1/3
f 2776/1/3 2764/1/3 2775/1/3
f 2777/1/3 2733/1/3 2768/1/3
f 2778/1/3 2733/1/3 2777/1/3
f 2779/1/3 2757/1/3 2770/1/3
f 2780/1/3 2738/1/3 2757/1/3
f 2780/1/3 2757/1/3 2779/1/3
f 2781/1/3 2759/1/3 2772/1/3
f 2782/1/3 2743/1/3 2759/1/3
f 2782/1/3 2759/1/3 2781/1/3
f 2783/1/3 2761/1/3 2774/1/3
f 2784/1/3 2747/1/3 2761/1/3
f 2784/1/3 2761/1/3 2783/1/3
f 2785/1/3 2747/1/3 2784/1/3
f 2786/1/3 2764/1/3 2776/1/3
f 2787/1/3 2753/1/3 2764/1/3
f 2787/1/3 2764/1/3 2786/1/3
f 2788/15/3 2785/15/3 2784/15/3
f 2789/1/3 2747/1/3 2785/1/3
f 2789/15/3 2785/15/3 2788/15/3
f 2791/1/3 2733/1/3 2778/1/3
f 2793/1/3 2738/1/3 2780/1/3
f 2795/1/3 2743/1/3 2782/1/3
f 2797/1/3 2747/1/3 2789/1/3
f 2799/1/3 2753/1/3 2787/1/3
f 2800/1/3 2767/1/3 2766/1/3
f 2801/1/3 2791/1/3 2790/1/3
f 2802/1/3 2769/1/3 2734/1/3
f 2803/1/3 2793/1/3 2792/1/3
f 2804/1/3 2771/1/3 2739/1/3
f 2805/1/3 2795/1/3 2794/1/3
f 2806/1/3 2773/1/3 2744/1/3
f 2807/1/3 2797/1/3 2796/1/3
f 2808/1/3 2775/1/3 2748/1/3
f 2809/1/3 2799/1/3 2798/1/3
f 2810/1/3 2800/1/3 2766/1/3
f 2810/1/3 2801/1/3 2800/1/3
f 2811/1/3 2733/1/3 2791/1/3
f 2811/1/3 2801/1/3 2810/1/3
f 2811/1/3 2791/1/3 2801/1/3
f 2812/1/3 2802/1/3 2734/1/3
f 2812/1/3 2803/1/3 2802/1/3
f 2813/1/3 2738/1/3 2793/1/3
f 2813/1/3 2803/1/3 2812/1/3
f 2813/1/3 2793/1/3 2803/1/3
f 2814/1/3 2804/1/3 2739/1/3
f 2814/1/3 2805/1/3 2804/1/3
f 2815/1/3 2795/1/3 2805/1/3
f 2815/1/3 2805/1/3 2814/1/3
f 2815/1/3 2743/1/3 2795/1/3
f 2816/1/3 2807/1/3 2806/1/3
f 2816/1/3 2806/1/3 2744/1/3
f 2817/1/3 2797/1/3 2807/1/3
f 2817/1/3 2807/1/3 2816/1/3
f 2817/1/3 2747/1/3 2797/1/3
f 2818/1/3 2809/1/3 2808/1/3
f 2818/1/3 2808/1/3 2748/1/3
f 2819/1/3 2799/1/3 2809/1/3
f 2819/1/3 2809/1/3 2818/1/3
f 2819/1/3 2753/1/3 2799/1/3
f 2822/17/3 2821/17/3 2820/17/3
f 2823/17/3 2821/17/3 2822/17/3
f 2825/17/3 2824/17/3 2823/17/3
f 2826/17/3 2824/17/3 2825/17/3
f 2828/17/3 2827/17/3 2826/17/3
f 2829/17/3 2827/17/3 2828/17/3
f 2831/17/3 2830/17/3 2829/17/3
f 2832/17/3 2830/17/3 2831/17/3
f 2834/17/3 2833/17/3 2832/17/3
f 2835/17/3 2833/17/3 2834/17/3
f 2837/17/3 2836/17/3 2835/17/3
f 2838/17/3 2836/17/3 2837/17/3
f 2843/17/3 2839/17/3 2838/17/3
f 2844/17/3 2839/17/3 2843/17/3
f 2845/17/3 2839/17/3 2844/17/3
f 2852/15/3 2841/15/3 2840/15/3
f 2853/15/3 2841/15/3 2852/15/3
f 2854/15/3 2843/15/3 2842/15/3
f 2854/15/3 2844/15/3 2843/15/3
f 2855/15/3 2844/15/3 2854/15/3
f 2856/15/3 2847/15/3 2846/15/3
f 2857/15/3 2847/15/3 2856/15/3
f 2858/15/3 2849/15/3 2848/15/3
f 2859/15/3 2849/15/3 2858/15/3
f 2860/15/3 2851/15/3 2850/15/3
f 2861/15/3 2851/15/3 2860/15/3
f 2862/13/3 2853/13/3 2852/13/3
f 2862/15/3 2852/15/3 2840/15/3
f 2863/15/3 2841/15/3 2853/15/3
f 2863/13/3 2853/13/3 2862/13/3
f 2864/15/3 2854/15/3 2842/15/3
f 2864/13/3 2855/13/3 2854/13/3
f 2865/15/3 2844/15/3 2855/15/3
f 2865/13/3 2855/13/3 2864/13/3
f 2866/15/3 2856/15/3 2846/15/3
f 2866/13/3 2857/13/3 2856/13/3
f 2867/15/3 2847/15/3 2857/15/3
f 2867/13/3 2857/13/3 2866/13/3
f 2868/15/3 2858/15/3 2848/15/3
f 2868/13/3 2859/13/3 2858/13/3
f 2869/15/3 2849/15/3 2859/15/3
f 2869/13/3 2859/13/3 2868/13/3
f 2870/13/3 2861/13/3 2860/13/3
f 2870/15/3 2860/15/3 2850/15/3
f 2871/15/3 2851/15/3 2861/15/3
f 2871/13/3 2861/13/3 2870/13/3
f 2872/15/3 2862/15/3 2840/15/3
f 2872/15/3 2863/15/3 2862/15/3
f 2873/15/3 2841/15/3 2863/15/3
f 2873/15/3 2863/15/3 2872/15/3
f 2874/15/3 2864/15/3 2842/15/3
f 2874/15/3 2865/15/3 2864/15/3
f 2875/15/3 2844/15/3 2865/15/3
f 2875/15/3 2865/15/3 2874/15/3
f 2876/15/3 2866/15/3 2846/15/3
f 2876/15/3 2867/15/3 2866/15/3
f 2877/15/3 2847/15/3 2867/15/3
f 2877/15/3 2867/15/3 2876/15/3
f 2878/15/3 2868/15/3 2848/15/3
f 2878/15/3 2869/15/3 2868/15/3
f 2879/15/3 2849/15/3 2869/15/3
f 2879/15/3 2869/15/3 2878/15/3
f 2880/15/3 2870/15/3 2850/15/3
f 2880/15/3 2871/15/3 2870/15/3
f 2881/15/3 2851/15/3 2871/15/3
f 2881/15/3 2871/15/3 2880/15/3
f 2882/13/3 2875/13/3 2874/13/3
f 2883/13/3 2875/13/3 2882/13/3
f 2884/13/3 2882/13/3 2874/13/3
f 2885/17/3 2883/17/3 2882/17/3
f 2885/13/3 2882/13/3 2884/13/3
f 2886/13/3 2875/13/3 2883/13/3
f 2886/17/3 2883/17/3 2885/17/3
f 2887/17/3 2885/17/3 2884/17/3
f 2887/13/3 2884/13/3 2874/13/3
f 2888/13/3 2886/13/3 2885/13/3
f 2888/17/3 2885/17/3 2887/17/3
f 2889/15/3 2872/15/3 2840/15/3
f 2889/13/3 2873/13/3 2872/13/3
f 2890/15/3 2841/15/3 2873/15/3
f 2890/13/3 2873/13/3 2889/13/3
f 2891/15/3 2874/15/3 2842/15/3
f 2891/13/3 2888/13/3 2887/13/3
f 2891/13/3 2887/13/3 2874/13/3
f 2892/15/3 2844/15/3 2875/15/3
f 2892/13/3 2888/13/3 2891/13/3
f 2892/13/3 2886/13/3 2888/13/3
f 2892/13/3 2875/13/3 2886/13/3
f 2893/15/3 2876/15/3 2846/15/3
f 2893/13/3 2877/13/3 2876/13/3
f 2894/15/3 2847/15/3 2877/15/3
f 2894/13/3 2877/13/3 2893/13/3
f 2895/15/3 2878/15/3 2848/15/3
f 2895/13/3 2879/13/3 2878/13/3
f 2896/15/3 2849/15/3 2879/15/3
f 2896/13/3 2879/13/3 2895/13/3
f 2897/15/3 2880/15/3 2850/15/3
f 2897/13/3 2881/13/3 2880/13/3
f 2898/15/3 2851/15/3 2881/15/3
f 2898/13/3 2881/13/3 2897/13/3
f 2899/15/3 2889/15/3 2840/15/3
f 2899/15/3 2890/15/3 2889/15/3
f 2900/15/3 2841/15/3 2890/15/3
f 2900/15/3 2890/15/3 2899/15/3
f 2901/15/3 2891/15/3 2842/15/3
f 2901/15/3 2892/15/3 2891/15/3
f 2902/15/3 2844/15/3 2892/15/3
f 2902/15/3 2892/15/3 2901/15/3
f 2903/15/3 2893/15/3 2846/15/3
f 2903/15/3 2894/15/3 2893/15/3
f 2904/15/3 2847/15/3 2894/15/3
f 2904/15/3 2894/15/3 2903/15/3
f 2905/15/3 2895/15/3 2848/15/3
f 2905/15/3 2896/15/3 2895/15/3
f 2906/15/3 2849/15/3 2896/15/3
f 2906/15/3 2896/15/3 2905/15/3
f 2907/15/3 2898/15/3 2897/15/3
f 2907/15/3 2897/15/3 2850/15/3
f 2908/15/3 2851/15/3 2898/15/3
f 2908/15/3 2898/15/3 2907/15/3
f 2909/13/3 2904/13/3 2903/13/3
f 2910/13/3 2904/13/3 2909/13/3
f 2911/15/3 2899/15/3 2840/15/3
f 2911/13/3 2900/13/3 2899/13/3
f 2912/15/3 2841/15/3 2900/15/3
f 2912/13/3 2900/13/3 2911/13/3
f 2913/13/3 2902/13/3 2901/13/3
f 2913/15/3 2901/15/3 2842/15/3
f 2914/15/3 2844/15/3 2902/15/3
f 2914/13/3 2902/13/3 2913/13/3
f 2915/15/3 2903/15/3 2846/15/3
f 2915/13/3 2909/13/3 2903/13/3
f 2916/17/3 2910/17/3 2909/17/3
f 2916/13/3 2909/13/3 2915/13/3
f 2917/13/3 2904/13/3 2910/13/3
f 2917/17/3 2910/17/3 2916/17/3
f 2918/15/3 2847/15/3 2904/15/3
f 2918/13/3 2904/13/3 2917/13/3
f 2919/15/3 2905/15/3 2848/15/3
f 2919/13/3 2906/13/3 2905/13/3
f 2920/15/3 2849/15/3 2906/15/3
f 2920/13/3 2906/13/3 2919/13/3
f 2921/15/3 2907/15/3 2850/15/3
f 2921/13/3 2908/13/3 2907/13/3
f 2922/15/3 2851/15/3 2908/15/3
f 2922/13/3 2908/13/3 2921/13/3
f 2923/15/3 2911/15/3 2840/15/3
f 2923/15/3 2912/15/3 2911/15/3
f 2924/15/3 2841/15/3 2912/15/3
f 2924/15/3 2912/15/3 2923/15/3
f 2925/15/3 2913/15/3 2842/15/3
f 2925/15/3 2914/15/3 2913/15/3
f 2926/15/3 2844/15/3 2914/15/3
f 2926/15/3 2914/15/3 2925/15/3
f 2927/15/3 2917/15/3 2916/15/3
f 2927/15/3 2916/15/3 2915/15/3
f 2927/15/3 2918/15/3 2917/15/3
f 2927/15/3 2915/15/3 2846/15/3
f 2928/15/3 2847/15/3 2918/15/3
f 2928/15/3 2918/15/3 2927/15/3
f 2929/15/3 2920/15/3 2919/15/3
f 2929/15/3 2919/15/3 2848/15/3
f 2930/15/3 2849/15/3 2920/15/3
f 2930/15/3 2920/15/3 2929/15/3
f 2931/15/3 2921/15/3 2850/15/3
f 2931/15/3 2922/15/3 2921/15/3
f 2932/15/3 2851/15/3 2922/15/3
f 2932/15/3 2922/15/3 2931/15/3
f 2936/17/3 2934/17/3 2933/17/3
f 2937/17/3 2934/17/3 2936/17/3
f 2939/17/3 2936/17/3 2935/17/3
f 2940/17/3 2936/17/3 2939/17/3
f 2942/17/3 2939/17/3 2938/17/3
f 2943/17/3 2939/17/3 2942/17/3
f 2945/17/3 2942/17/3 2941/17/3
f 2946/17/3 2942/17/3 2945/17/3
f 2948/17/3 2945/17/3 2944/17/3
f 2949/17/3 2945/17/3 2948/17/3
f 2951/17/3 2948/17/3 2947/17/3
f 2952/17/3 2948/17/3 2951/17/3
f 2953/17/3 2951/17/3 2950/17/3
f 2954/17/3 2951/17/3 2953/17/3
f 2965/15/3 2956/15/3 2955/15/3
f 2966/15/3 2956/15/3 2965/15/3
f 2967/15/3 2958/15/3 2957/15/3
f 2968/15/3 2958/15/3 2967/15/3
f 2969/15/3 2958/15/3 2968/15/3
f 2970/15/3 2960/15/3 2959/15/3
f 2971/15/3 2960/15/3 2970/15/3
f 2972/15/3 2962/15/3 2961/15/3
f 2973/15/3 2962/15/3 2972/15/3
f 2975/15/3 2964/15/3 2963/15/3
f 2976/15/3 2964/15/3 2975/15/3
f 2977/13/3 2968/13/3 2967/13/3
f 2978/17/3 2969/17/3 2968/17/3
f 2978/13/3 2968/13/3 2977/13/3
f 2979/15/3 2958/15/3 2969/15/3
f 2979/17/3 2969/17/3 2978/17/3
f 2980/17/3 2978/17/3 2977/17/3
f 2980/13/3 2977/13/3 2967/13/3
f 2981/13/3 2979/13/3 2978/13/3
f 2981/17/3 2978/17/3 2980/17/3
f 2982/15/3 2965/15/3 2955/15/3
f 2982/13/3 2966/13/3 2965/13/3
f 2983/15/3 2956/15/3 2966/15/3
f 2983/13/3 2966/13/3 2982/13/3
f 2984/13/3 2981/13/3 2980/13/3
f 2984/15/3 2967/15/3 2957/15/3
f 2984/13/3 2980/13/3 2967/13/3
f 2985/15/3 2958/15/3 2979/15/3
f 2985/13/3 2981/13/3 2984/13/3
f 2985/13/3 2979/13/3 2981/13/3
f 2986/15/3 2970/15/3 2959/15/3
f 2986/13/3 2971/13/3 2970/13/3
f 2987/15/3 2960/15/3 2971/15/3
f 2987/13/3 2971/13/3 2986/13/3
f 2988/15/3 2972/15/3 2961/15/3
f 2988/13/3 2973/13/3 2972/13/3
f 2989/15/3 2974/15/3 2973/15/3
f 2989/13/3 2973/13/3 2988/13/3
f 2990/15/3 2975/15/3 2963/15/3
f 2990/13/3 2976/13/3 2975/13/3
f 2991/15/3 2964/15/3 2976/15/3
f 2991/13/3 2976/13/3 2990/13/3
f 2992/15/3 2982/15/3 2955/15/3
f 2992/15/3 2983/15/3 2982/15/3
f 2993/15/3 2956/15/3 2983/15/3
f 2993/15/3 2983/15/3 2992/15/3
f 2994/15/3 2984/15/3 2957/15/3
f 2994/15/3 2985/15/3 2984/15/3
f 2995/15/3 2958/15/3 2985/15/3
f 2995/15/3 2985/15/3 2994/15/3
f 2996/15/3 2986/15/3 2959/15/3
f 2996/15/3 2987/15/3 2986/15/3
f 2997/15/3 2987/15/3 2996/15/3
f 2998/15/3 2987/15/3 2997/15/3
f 2999/15/3 2960/15/3 2987/15/3
f 2999/15/3 2987/15/3 2998/15/3
f 3000/15/3 2988/15/3 2961/15/3
f 3000/15/3 2989/15/3 2988/15/3
f 3001/15/3 2974/15/3 2989/15/3
f 3001/15/3 2989/15/3 3000/15/3
f 3002/15/3 2991/15/3 2990/15/3
f 3002/15/3 2990/15/3 2963/15/3
f 3003/15/3 2964/15/3 2991/15/3
f 3003/15/3 2991/15/3 3002/15/3
f 3004/13/3 2997/13/3 2996/13/3
f 3005/17/3 2998/17/3 2997/17/3
f 3005/13/3 2997/13/3 3004/13/3
f 3006/13/3 2999/13/3 2998/13/3
f 3006/17/3 2998/17/3 3005/17/3
f 3007/13/3 3004/13/3 2996/13/3
f 3008/17/3 3005/17/3 3004/17/3
f 3008/13/3 3004/13/3 3007/13/3
f 3009/13/3 3006/13/3 3005/13/3
f 3009/17/3 3005/17/3 3008/17/3
f 3010/13/3 3007/13/3 2996/13/3
f 3010/17/3 3008/17/3 3007/17/3
f 3011/13/3 3009/13/3 3008/13/3
f 3011/17/3 3008/17/3 3010/17/3
f 3012/15/3 2992/15/3 2955/15/3
f 3012/13/3 2993/13/3 2992/13/3
f 3013/15/3 2956/15/3 2993/15/3
f 3013/13/3 2993/13/3 3012/13/3
f 3014/15/3 2994/15/3 2957/15/3
f 3014/13/3 2995/13/3 2994/13/3
f 3015/15/3 2958/15/3 2995/15/3
f 3015/13/3 2995/13/3 3014/13/3
f 3016/13/3 3011/13/3 3010/13/3
f 3016/15/3 2996/15/3 2959/15/3
f 3016/13/3 3010/13/3 2996/13/3
f 3017/15/3 2960/15/3 2999/15/3
f 3017/13/3 3011/13/3 3016/13/3
f 3017/13/3 3009/13/3 3011/13/3
f 3017/13/3 3006/13/3 3009/13/3
f 3017/13/3 2999/13/3 3006/13/3
f 3018/15/3 3000/15/3 2961/15/3
f 3018/13/3 3001/13/3 3000/13/3
f 3019/15/3 2974/15/3 3001/15/3
f 3019/13/3 3001/13/3 3018/13/3
f 3020/15/3 3002/15/3 2963/15/3
f 3020/13/3 3003/13/3 3002/13/3
f 3021/15/3 2964/15/3 3003/15/3
f 3021/13/3 3003/13/3 3020/13/3
f 3022/15/3 3012/15/3 2955/15/3
f 3022/15/3 3013/15/3 3012/15/3
f 3023/15/3 2956/15/3 3013/15/3
f 3023/15/3 3013/15/3 3022/15/3
f 3024/15/3 3014/15/3 2957/15/3
f 3024/15/3 3015/15/3 3014/15/3
f 3025/15/3 2958/15/3 3015/15/3
f 3025/15/3 3015/15/3 3024/15/3
f 3026/15/3 3016/15/3 2959/15/3
f 3026/15/3 3017/15/3 3016/15/3
f 3027/15/3 2960/15/3 3017/15/3
f 3027/15/3 3017/15/3 3026/15/3
f 3028/15/3 3019/15/3 3018/15/3
f 3028/15/3 3018/15/3 2961/15/3
f 3029/15/3 2974/15/3 3019/15/3
f 3029/15/3 3019/15/3 3028/15/3
f 3030/15/3 3020/15/3 2963/15/3
f 3030/15/3 3021/15/3 3020/15/3
f 3031/15/3 2964/15/3 3021/15/3
f 3031/15/3 3021/15/3 3030/15/3
f 3032/15/3 3022/15/3 2955/15/3
f 3032/13/3 3023/13/3 3022/13/3
f 3033/15/3 2956/15/3 3023/15/3
f 3033/13/3 3023/13/3 3032/13/3
f 3034/13/3 3025/13/3 3024/13/3
f 3034/15/3 3024/15/3 2957/15/3
f 3035/15/3 2958/15/3 3025/15/3
f 3035/13/3 3025/13/3 3034/13/3
f 3036/15/3 3026/15/3 2959/15/3
f 3036/13/3 3027/13/3 3026/13/3
f 3037/15/3 2960/15/3 3027/15/3
f 3037/13/3 3027/13/3 3036/13/3
f 3038/15/3 3028/15/3 2961/15/3
f 3038/13/3 3029/13/3 3028/13/3
f 3039/15/3 2974/15/3 3029/15/3
f 3039/13/3 3029/13/3 3038/13/3
f 3040/15/3 3030/15/3 2963/15/3
f 3040/13/3 3031/13/3 3030/13/3
f 3041/15/3 2964/15/3 3031/15/3
f 3041/13/3 3031/13/3 3040/13/3
f 3042/15/3 3032/15/3 2955/15/3
f 3042/15/3 3033/15/3 3032/15/3
f 3043/15/3 2956/15/3 3033/15/3
f 3043/15/3 3033/15/3 3042/15/3
f 3044/15/3 3034/15/3 2957/15/3
f 3044/15/3 3035/15/3 3034/15/3
f 3045/15/3 2958/15/3 3035/15/3
f 3045/15/3 3035/15/3 3044/15/3
f 3046/15/3 3036/15/3 2959/15/3
f 3046/15/3 3037/15/3 3036/15/3
f 3047/15/3 2960/15/3 3037/15/3
f 3047/15/3 3037/15/3 3046/15/3
f 3048/15/3 3039/15/3 3038/15/3
f 3048/15/3 3038/15/3 2961/15/3
f 3049/15/3 2974/15/3 3039/15/3
f 3049/15/3 3039/15/3 3048/15/3
f 3050/15/3 3041/15/3 3040/15/3
f 3050/15/3 3040/15/3 2963/15/3
f 3051/15/3 2964/15/3 3041/15/3
f 3051/15/3 3041/15/3 3050/15/3
f 3054/17/3 3053/17/3 3052/17/3
f 3055/17/3 3053/17/3 3054/17/3
f 3066/5/3 3057/5/3 3056/5/3
f 3067/5/3 3057/5/3 3066/5/3
f 3068/5/3 3066/5/3 3056/5/3
f 3069/5/3 3066/5/3 3068/5/3
f 3070/1/3 3059/1/3 3058/1/3
f 3071/1/3 3059/1/3 3070/1/3
f 3072/1/3 3061/1/3 3060/1/3
f 3073/1/3 3061/1/3 3072/1/3
f 3074/1/3 3063/1/3 3062/1/3
f 3075/1/3 3063/1/3 3074/1/3
f 3076/1/3 3065/1/3 3064/1/3
f 3077/1/3 3065/1/3 3076/1/3
f 3078/5/3 3068/5/3 3056/5/3
f 3078/9/3 3069/9/3 3068/9/3
f 3079/5/3 3066/5/3 3069/5/3
f 3079/9/3 3069/9/3 3078/9/3
f 3080/13/3 3067/13/3 3066/13/3
f 3080/5/3 3066/5/3 3079/5/3
f 3081/5/3 3057/5/3 3067/5/3
f 3081/13/3 3067/13/3 3080/13/3
f 3082/5/3 3071/5/3 3070/5/3
f 3083/5/3 3071/5/3 3082/5/3
f 3084/5/3 3073/5/3 3072/5/3
f 3085/5/3 3073/5/3 3084/5/3
f 3086/5/3 3075/5/3 3074/5/3
f 3087/5/3 3075/5/3 3086/5/3
f 3088/5/3 3077/5/3 3076/5/3
f 3089/5/3 3077/5/3 3088/5/3
f 3090/5/3 3078/5/3 3056/5/3
f 3090/5/3 3080/5/3 3079/5/3
f 3090/5/3 3079/5/3 3078/5/3
f 3090/5/3 3081/5/3 3080/5/3
f 3091/5/3 3081/5/3 3090/5/3
f 3092/5/3 3081/5/3 3091/5/3
f 3093/5/3 3057/5/3 3081/5/3
f 3093/5/3 3081/5/3 3092/5/3
f 3094/5/3 3082/5/3 3070/5/3
f 3095/5/3 3082/5/3 3094/5/3
f 3096/5/3 3084/5/3 3072/5/3
f 3097/5/3 3084/5/3 3096/5/3
f 3098/5/3 3086/5/3 3074/5/3
f 3099/5/3 3086/5/3 3098/5/3
f 3100/5/3 3088/5/3 3076/5/3
f 3101/5/3 3088/5/3 3100/5/3
f 3102/5/3 3094/5/3 3070/5/3
f 3102/9/3 3095/9/3 3094/9/3
f 3103/5/3 3082/5/3 3095/5/3
f 3103/9/3 3095/9/3 3102/9/3
f 3104/13/3 3083/13/3 3082/13/3
f 3104/5/3 3082/5/3 3103/5/3
f 3105/5/3 3071/5/3 3083/5/3
f 3105/13/3 3083/13/3 3104/13/3
f 3106/5/3 3096/5/3 3072/5/3
f 3106/9/3 3097/9/3 3096/9/3
f 3107/5/3 3084/5/3 3097/5/3
f 3107/9/3 3097/9/3 3106/9/3
f 3108/13/3 3085/13/3 3084/13/3
f 3108/5/3 3084/5/3 3107/5/3
f 3109/5/3 3073/5/3 3085/5/3
f 3109/13/3 3085/13/3 3108/13/3
f 3110/5/3 3098/5/3 3074/5/3
f 3110/9/3 3099/9/3 3098/9/3
f 3111/5/3 3086/5/3 3099/5/3
f 3111/9/3 3099/9/3 3110/9/3
f 3112/13/3 3087/13/3 3086/13/3
f 3112/5/3 3086/5/3 3111/5/3
f 3113/5/3 3075/5/3 3087/5/3
f 3113/13/3 3087/13/3 3112/13/3
f 3114/9/3 3101/9/3 3100/9/3
f 3114/5/3 3100/5/3 3076/5/3
f 3115/5/3 3088/5/3 3101/5/3
f 3115/9/3 3101/9/3 3114/9/3
f 3116/13/3 3089/13/3 3088/13/3
f 3116/5/3 3088/5/3 3115/5/3
f 3117/5/3 3077/5/3 3089/5/3
f 3117/13/3 3089/13/3 3116/13/3
f 3118/5/3 3090/5/3 3056/5/3
f 3118/9/3 3091/9/3 3090/9/3
f 3119/5/3 3092/5/3 3091/5/3
f 3119/9/3 3091/9/3 3118/9/3
f 3120/5/3 3104/5/3 3103/5/3
f 3120/5/3 3103/5/3 3102/5/3
f 3120/5/3 3102/5/3 3070/5/3
f 3120/5/3 3105/5/3 3104/5/3
f 3121/1/3 3059/1/3 3071/1/3
f 3121/5/3 3105/5/3 3120/5/3
f 3121/5/3 3071/5/3 3105/5/3
f 3122/5/3 3108/5/3 3107/5/3
f 3122/5/3 3107/5/3 3106/5/3
f 3122/5/3 3106/5/3 3072/5/3
f 3122/5/3 3109/5/3 3108/5/3
f 3123/1/3 3061/1/3 3073/1/3
f 3123/5/3 3109/5/3 3122/5/3
f 3123/5/3 3073/5/3 3109/5/3
f 3124/5/3 3110/5/3 3074/5/3
f 3124/5/3 3112/5/3 3111/5/3
f 3124/5/3 3111/5/3 3110/5/3
f 3124/5/3 3113/5/3 3112/5/3
f 3125/1/3 3063/1/3 3075/1/3
f 3125/5/3 3113/5/3 3124/5/3
f 3125/5/3 3075/5/3 3113/5/3
f 3126/5/3 3116/5/3 3115/5/3
f 3126/5/3 3115/5/3 3114/5/3
f 3126/5/3 3114/5/3 3076/5/3
f 3126/5/3 3117/5/3 3116/5/3
f 3127/1/3 3065/1/3 3077/1/3
f 3127/5/3 3117/5/3 3126/5/3
f 3127/5/3 3077/5/3 3117/5/3
f 3128/5/3 3092/5/3 3119/5/3
f 3128/5/3 3119/5/3 3118/5/3
f 3128/13/3 3093/13/3 3092/13/3
f 3129/5/3 3057/5/3 3093/5/3
f 3129/13/3 3093/13/3 3128/13/3
f 3130/5/3 3118/5/3 3056/5/3
f 3130/5/3 3128/5/3 3118/5/3
f 3130/5/3 3129/5/3 3128/5/3
f 3131/5/3 3057/5/3 3129/5/3
f 3131/5/3 3129/5/3 3130/5/3
f 3132/1/3 3121/1/3 3120/1/3
f 3133/1/3 3059/1/3 3121/1/3
f 3133/1/3 3121/1/3 3132/1/3
f 3134/1/3 3123/1/3 3122/1/3
f 3135/1/3 3061/1/3 3123/1/3
f 3135/1/3 3123/1/3 3134/1/3
f 3136/1/3 3125/1/3 3124/1/3
f 3137/1/3 3063/1/3 3125/1/3
f 3137/1/3 3125/1/3 3136/1/3
f 3138/1/3 3127/1/3 3126/1/3
f 3139/1/3 3065/1/3 3127/1/3
f 3139/1/3 3127/1/3 3138/1/3
f 3144/17/3 3141/17/3 3140/17/3
f 3145/17/3 3141/17/3 3144/17/3
f 3146/17/3 3143/17/3 3142/17/3
f 3147/17/3 3143/17/3 3146/17/3
f 3150/1/3 3149/1/3 3148/1/3
f 3151/1/3 3149/1/3 3150/1/3
f 3154/1/3 3153/1/3 3152/1/3
f 3155/1/3 3153/1/3 3154/1/3
f 3158/17/3 3155/17/3 3154/17/3
f 3159/17/3 3155/17/3 3158/17/3
f 3160/1/3 3157/1/3 3156/1/3
f 3161/1/3 3157/1/3 3160/1/3
f 3164/1/3 3163/1/3 3162/1/3
f 3165/1/3 3163/1/3 3164/1/3
f 3168/1/3 3167/1/3 3166/1/3
f 3169/1/3 3167/1/3 3168/1/3
f 3172/1/3 3171/1/3 3170/1/3
f 3173/1/3 3171/1/3 3172/1/3
f 3176/1/3 3175/1/3 3174/1/3
f 3177/1/3 3175/1/3 3176/1/3
f 3180/1/3 3179/1/3 3178/1/3
f 3181/1/3 3179/1/3 3180/1/3
f 3184/1/3 3183/1/3 3182/1/3
f 3185/1/3 3183/1/3 3184/1/3
f 3188/1/3 3187/1/3 3186/1/3
f 3189/1/3 3187/1/3 3188/1/3
f 3192/1/3 3191/1/3 3190/1/3
f 3193/1/3 3191/1/3 3192/1/3
f 3196/15/3 3195/15/3 3194/15/3
f 3197/15/3 3195/15/3 3196/15/3
f 3200/1/3 3199/1/3 3198/1/3
f 3201/1/3 3199/1/3 3200/1/3
f 3204/1/3 3203/1/3 3202/1/3
f 3205/1/3 3203/1/3 3204/1/3
f 3208/1/3 3207/1/3 3206/1/3
f 3209/1/3 3207/1/3 3208/1/3
f 3212/1/3 3211/1/3 3210/1/3
f 3213/1/3 3211/1/3 3212/1/3
f 3218/15/3 3217/15/3 3216/15/3
f 3219/15/3 3217/15/3 3218/15/3
f 3222/9/3 3221/9/3 3220/9/3
f 3223/9/3 3221/9/3 3222/9/3
f 3226/9/3 3225/9/3 3224/9/3
f 3227/9/3 3225/9/3 3226/9/3
f 3229/15/3 3217/15/3 3219/15/3
f 3230/15/3 3229/15/3 3228/15/3
f 3231/15/3 3217/15/3 3229/15/3
f 3231/15/3 3229/15/3 3230/15/3
f 3232/15/3 3215/15/3 3214/15/3
f 3233/15/3 3215/15/3 3232/15/3
f 3236/1/3 3235/1/3 3234/1/3
f 3237/1/3 3235/1/3 3236/1/3
f 3240/5/3 3239/5/3 3238/5/3
f 3241/5/3 3239/5/3 3240/5/3
f 3242/5/3 3240/5/3 3238/5/3
f 3243/5/3 3240/5/3 3242/5/3
f 3244/5/3 3242/5/3 3238/5/3
f 3245/5/3 3240/5/3 3243/5/3
f 3246/13/3 3241/13/3 3240/13/3
f 3246/5/3 3240/5/3 3245/5/3
f 3247/5/3 3239/5/3 3241/5/3
f 3247/13/3 3241/13/3 3246/13/3
f 3248/5/3 3246/5/3 3245/5/3
f 3248/5/3 3245/5/3 3244/5/3
f 3248/5/3 3247/5/3 3246/5/3
f 3248/5/3 3244/5/3 3238/5/3
f 3249/5/3 3247/5/3 3248/5/3
f 3250/5/3 3247/5/3 3249/5/3
f 3251/5/3 3239/5/3 3247/5/3
f 3251/5/3 3247/5/3 3250/5/3
f 3252/5/3 3248/5/3 3238/5/3
f 3253/5/3 3250/5/3 3249/5/3
f 3254/13/3 3251/13/3 3250/13/3
f 3254/5/3 3253/5/3 3252/5/3
f 3254/5/3 3250/5/3 3253/5/3
f 3255/5/3 3239/5/3 3251/5/3
f 3255/13/3 3251/13/3 3254/13/3
f 3256/5/3 3252/5/3 3238/5/3
f 3256/5/3 3254/5/3 3252/5/3
f 3256/5/3 3255/5/3 3254/5/3
f 3257/5/3 3239/5/3 3255/5/3
f 3257/5/3 3255/5/3 3256/5/3
f 3259/1/3 3235/1/3 3237/1/3
f 3260/1/3 3259/1/3 3258/1/3
f 3261/1/3 3235/1/3 3259/1/3
f 3261/1/3 3259/1/3 3260/1/3
f 3264/1/3 3263/1/3 3262/1/3
f 3265/1/3 3263/1/3 3264/1/3
f 3268/1/3 3267/1/3 3266/1/3
f 3269/1/3 3267/1/3 3268/1/3
f 3272/16/3 3271/16/3 3270/16/3
f 3273/16/3 3271/16/3 3272/16/3
f 3276/1/3 3275/1/3 3274/1/3
f 3277/1/3 3275/1/3 3276/1/3
f 3280/1/3 3279/1/3 3278/1/3
f 3281/1/3 3279/1/3 3280/1/3
f 3284/1/3 3283/1/3 3282/1/3
f 3285/1/3 3283/1/3 3284/1/3
f 3288/1/3 3287/1/3 3286/1/3
f 3289/1/3 3287/1/3 3288/1/3
f 3292/17/3 3291/17/3 3290/17/3
f 3293/17/3 3291/17/3 3292/17/3
f 3296/1/3 3295/1/3 3294/1/3
f 3297/1/3 3295/1/3 3296/1/3
f 3300/1/3 3299/1/3 3298/1/3
f 3301/1/3 3299/1/3 3300/1/3
f 3304/1/3 3303/1/3 3302/1/3
f 3305/1/3 3303/1/3 3304/1/3
f 3308/1/3 3307/1/3 3306/1/3
f 3309/1/3 3307/1/3 3308/1/3
f 3312/1/3 3311/1/3 3310/1/3
f 3313/1/3 3311/1/3 3312/1/3
f 3316/1/3 3315/1/3 3314/1/3
f 3317/1/3 3315/1/3 3316/1/3
f 3320/1/3 3319/1/3 3318/1/3
f 3321/1/3 3319/1/3 3320/1/3
f 3324/1/3 3323/1/3 3322/1/3
f 3325/1/3 3323/1/3 3324/1/3
f 3330/1/3 3329/1/3 3328/1/3
f 3331/1/3 3329/1/3 3330/1/3
f 3334/1/3 3333/1/3 3332/1/3
f 3335/1/3 3333/1/3 3334/1/3
f 3340/1/3 3337/1/3 3336/1/3
f 3341/1/3 3337/1/3 3340/1/3
f 3342/1/3 3339/1/3 3338/1/3
f 3343/1/3 3339/1/3 3342/1/3
f 3346/1/3 3345/1/3 3344/1/3
f 3347/1/3 3345/1/3 3346/1/3
f 3350/1/3 3349/1/3 3348/1/3
f 3351/1/3 3349/1/3 3350/1/3
f 3354/1/3 3353/1/3 3352/1/3
f 3355/1/3 3353/1/3 3354/1/3
f 3356/15/3 3327/15/3 3326/15/3
f 3357/15/3 3327/15/3 3356/15/3
f 3360/16/3 3359/16/3 3358/16/3
f 3361/16/3 3359/16/3 3360/16/3
f 3364/1/3 3363/1/3 3362/1/3
f 3365/1/3 3363/1/3 3364/1/3
f 3368/1/3 3367/1/3 3366/1/3
f 3369/1/3 3367/1/3 3368/1/3
f 3372/1/3 3371/1/3 3370/1/3
f 3373/1/3 3371/1/3 3372/1/3
f 3376/1/3 3375/1/3 3374/1/3
f 3377/1/3 3375/1/3 3376/1/3
f 3380/1/3 3379/1/3 3378/1/3
f 3381/1/3 3379/1/3 3380/1/3
f 3384/1/3 3383/1/3 3382/1/3
f 3385/1/3 3383/1/3 3384/1/3
f 3386/5/4 3387/5/4 3390/5/4
f 3390/5/4 3387/5/4 3391/5/4
f 3388/10/4 3389/10/4 3392/10/4
f 3392/10/4 3389/10/4 3393/10/4
f 3394/5/4 3395/5/4 3398/5/4
f 3398/5/4 3395/5/4 3399/5/4
f 3396/10/4 3397/10/4 3400/10/4
f 3400/10/4 3397/10/4 3401/10/4
f 3402/5/4 3403/5/4 3406/5/4
f 3406/5/4 3403/5/4 3407/5/4
f 3404/10/4 3405/10/4 3408/10/4
f 3408/10/4 3405/10/4 3409/10/4
f 3410/5/4 3411/5/4 3414/5/4
f 3414/5/4 3411/5/4 3415/5/4
f 3412/10/4 3413/10/4 3416/10/4
f 3416/10/4 3413/10/4 3417/10/4
f 3418/10/4 3419/10/4 3420/10/4
f 3420/10/4 3419/10/4 3421/10/4
f 3422/10/4 3423/10/4 3424/10/4
f 3424/10/4 3423/10/4 3425/10/4
f 3426/10/4 3427/10/4 3428/10/4
f 3428/10/4 3427/10/4 3429/10/4
f 3430/10/4 3431/10/4 3432/10/4
f 3432/10/4 3431/10/4 3433/10/4
f 3434/15/4 3435/15/4 3438/15/4
f 3438/15/4 3435/15/4 3439/15/4
f 3436/10/4 3437/10/4 3440/10/4
f 3440/10/4 3437/10/4 3441/10/4
f 3442/15/4 3443/15/4 3446/15/4
f 3446/15/4 3443/15/4 3447/15/4
f 3444/10/4 3445/10/4 3448/10/4
f 3448/10/4 3445/10/4 3449/10/4
f 3450/15/4 3451/15/4 3454/15/4
f 3454/15/4 3451/15/4 3455/15/4
f 3452/10/4 3453/10/4 3456/10/4
f 3456/10/4 3453/10/4 3457/10/4
f 3458/15/4 3459/15/4 3462/15/4
f 3462/15/4 3459/15/4 3463/15/4
f 3460/10/4 3461/10/4 3464/10/4
f 3464/10/4 3461/10/4 3465/10/4
f 3466/2/4 3467/2/4 3468/2/4
f 3468/2/4 3467/2/4 3469/2/4
f 3470/3/4 3471/3/4 3472/3/4
f 3472/3/4 3471/3/4 3473/3/4
f 3474/7/4 3475/7/4 3478/7/4
f 3478/7/4 3475/7/4 3479/7/4
f 3476/7/4 3477/7/4 3480/7/4
f 3480/7/4 3477/7/4 3481/7/4
f 3482/6/4 3483/6/4 3486/6/4
f 3486/6/4 3483/6/4 3487/6/4
f 3484/6/4 3485/6/4 3488/6/4
f 3488/6/4 3485/6/4 3489/6/4
f 3490/2/4 3491/2/4 3494/2/4
f 3494/2/4 3491/2/4 3495/2/4
f 3492/3/4 3493/3/4 3497/3/4
f 3497/3/4 3493/3/4 3498/3/4
f 3496/6/4 3497/6/4 3499/6/4
f 3499/6/4 3497/6/4 3500/6/4
f 3501/6/4 3502/6/4 3505/6/4
f 3505/6/4 3502/6/4 3506/6/4
f 3503/3/4 3504/3/4 3508/3/4
f 3508/3/4 3504/3/4 3509/3/4
f 3510/6/4 3511/6/4 3517/6/4
f 3511/2/4 3512/2/4 3518/2/4
f 3517/6/4 3511/6/4 3518/6/4
f 3513/2/4 3514/2/4 3519/2/4
f 3519/2/4 3514/2/4 3520/2/4
f 3515/6/4 3516/6/4 3521/6/4
f 3521/6/4 3516/6/4 3522/6/4
f 3507/6/4 3508/6/4 3523/6/4
f 3517/2/4 3518/2/4 3525/2/4
f 3518/2/4 3512/2/4 3526/2/4
f 3525/2/4 3518/2/4 3526/2/4
f 3526/2/4 3512/2/4 3527/2/4
f 3507/6/4 3523/6/4 3530/6/4
f 3523/2/4 3524/2/4 3531/2/4
f 3530/6/4 3523/6/4 3531/6/4
f 3531/2/4 3524/2/4 3532/2/4
f 3525/6/4 3526/6/4 3533/6/4
f 3533/6/4 3526/6/4 3534/6/4
f 3528/6/4 3529/6/4 3535/6/4
f 3535/6/4 3529/6/4 3536/6/4
f 3537/6/4 3538/6/4 3541/6/4
f 3541/6/4 3538/6/4 3542/6/4
f 3539/6/4 3540/6/4 3544/6/4
f 3544/6/4 3540/6/4 3545/6/4
f 3542/3/4 3543/3/4 3548/3/4
f 3548/3/4 3543/3/4 3549/3/4
f 3546/6/4 3547/6/4 3552/6/4
f 3552/6/4 3547/6/4 3553/6/4
f 3550/6/4 3551/6/4 3554/6/4
f 3554/6/4 3551/6/4 3555/6/4
f 3556/3/4 3557/3/4 3560/3/4
f 3560/3/4 3557/3/4 3561/3/4
f 3558/6/4 3559/6/4 3562/6/4
f 3562/6/4 3559/6/4 3563/6/4
f 3564/6/4 3565/6/4 3572/6/4
f 3565/7/4 3566/7/4 3573/7/4
f 3572/6/4 3565/6/4 3573/6/4
f 3573/7/4 3566/7/4 3574/7/4
f 3569/3/4 3570/3/4 3583/3/4
f 3583/3/4 3570/3/4 3584/3/4
f 3573/6/4 3574/6/4 3585/6/4
f 3574/7/4 3575/7/4 3585/7/4
f 3585/7/4 3575/7/4 3586/7/4
f 3580/6/4 3581/6/4 3590/6/4
f 3590/6/4 3581/6/4 3591/6/4
f 3567/5/4 3568/5/4 3592/5/4
f 3592/5/4 3568/5/4 3593/5/4
f 3582/6/4 3583/6/4 3594/6/4
f 3594/6/4 3583/6/4 3595/6/4
f 3571/5/4 3572/5/4 3596/5/4
f 3596/5/4 3572/5/4 3597/5/4
f 3573/6/4 3585/6/4 3598/6/4
f 3585/6/4 3586/6/4 3598/6/4
f 3598/6/4 3586/6/4 3599/6/4
f 3576/5/4 3577/5/4 3600/5/4
f 3600/5/4 3577/5/4 3601/5/4
f 3587/6/4 3588/6/4 3602/6/4
f 3602/6/4 3588/6/4 3603/6/4
f 3578/5/4 3579/5/4 3604/5/4
f 3604/5/4 3579/5/4 3605/5/4
f 3589/6/4 3590/6/4 3606/6/4
f 3590/7/4 3591/7/4 3607/7/4
f 3606/6/4 3590/6/4 3607/6/4
f 3607/7/4 3591/7/4 3608/7/4
f 3593/5/4 3594/5/4 3610/5/4
f 3597/5/4 3598/5/4 3612/5/4
f 3601/5/4 3602/5/4 3614/5/4
f 3614/5/4 3602/5/4 3615/5/4
f 3605/5/4 3606/5/4 3618/5/4
f 3618/5/4 3606/5/4 3619/5/4
f 3615/6/4 3616/6/4 3621/6/4
f 3613/5/4 3614/5/4 3621/5/4
f 3614/5/4 3615/5/4 3621/5/4
f 3621/6/4 3616/6/4 3622/6/4
f 3619/6/4 3620/6/4 3623/6/4
f 3618/5/4 3619/5/4 3623/5/4
f 3617/5/4 3618/5/4 3623/5/4
f 3623/6/4 3620/6/4 3624/6/4
f 3609/5/4 3610/5/4 3625/5/4
f 3610/5/4 3594/5/4 3626/5/4
f 3625/5/4 3610/5/4 3626/5/4
f 3626/5/4 3594/5/4 3627/5/4
f 3611/5/4 3612/5/4 3629/5/4
f 3612/5/4 3598/5/4 3630/5/4
f 3629/5/4 3612/5/4 3630/5/4
f 3613/5/4 3621/5/4 3631/5/4
f 3631/5/4 3621/5/4 3632/5/4
f 3617/5/4 3623/5/4 3633/5/4
f 3633/5/4 3623/5/4 3634/5/4
f 3627/6/4 3628/6/4 3635/6/4
f 3630/5/4 3598/5/4 3637/5/4
f 3635/2/4 3636/2/4 3640/2/4
f 3627/6/4 3635/6/4 3640/6/4
f 3640/2/4 3636/2/4 3641/2/4
f 3638/7/4 3639/7/4 3642/7/4
f 3637/6/4 3638/6/4 3642/6/4
f 3642/7/4 3639/7/4 3643/7/4
f 3626/5/4 3627/5/4 3645/5/4
f 3627/6/4 3640/6/4 3646/6/4
f 3645/5/4 3627/5/4 3646/5/4
f 3646/6/4 3640/6/4 3647/6/4
f 3630/5/4 3637/5/4 3649/5/4
f 3632/5/4 3621/5/4 3651/5/4
f 3634/5/4 3623/5/4 3653/5/4
f 3649/5/4 3637/5/4 3654/5/4
f 3648/5/4 3649/5/4 3654/5/4
f 3637/6/4 3642/6/4 3654/6/4
f 3654/6/4 3642/6/4 3655/6/4
f 3650/5/4 3651/5/4 3656/5/4
f 3651/5/4 3621/5/4 3656/5/4
f 3652/5/4 3653/5/4 3658/5/4
f 3653/5/4 3623/5/4 3658/5/4
f 3644/5/4 3645/5/4 3661/5/4
f 3645/5/4 3646/5/4 3661/5/4
f 3661/5/4 3646/5/4 3662/5/4
f 3648/5/4 3654/5/4 3663/5/4
f 3663/5/4 3654/5/4 3664/5/4
f 3650/5/4 3656/5/4 3665/5/4
f 3665/5/4 3656/5/4 3666/5/4
f 3656/6/4 3657/6/4 3667/6/4
f 3666/5/4 3656/5/4 3667/5/4
f 3667/6/4 3657/6/4 3668/6/4
f 3652/5/4 3658/5/4 3669/5/4
f 3669/5/4 3658/5/4 3670/5/4
f 3658/6/4 3659/6/4 3671/6/4
f 3659/3/4 3660/3/4 3671/3/4
f 3671/3/4 3660/3/4 3672/3/4
f 3670/5/4 3658/5/4 3673/5/4
f 3658/6/4 3671/6/4 3673/6/4
f 3673/6/4 3671/6/4 3674/6/4
f 3662/5/4 3646/5/4 3676/5/4
f 3676/5/4 3646/5/4 3677/5/4
f 3664/5/4 3654/5/4 3681/5/4
f 3681/5/4 3654/5/4 3682/5/4
f 3666/5/4 3667/5/4 3684/5/4
f 3684/5/4 3667/5/4 3685/5/4
f 3670/5/4 3673/5/4 3689/5/4
f 3689/5/4 3673/5/4 3690/5/4
f 3677/6/4 3678/6/4 3691/6/4
f 3678/7/4 3679/7/4 3692/7/4
f 3691/6/4 3678/6/4 3692/6/4
f 3686/15/4 3687/15/4 3698/15/4
f 3698/15/4 3687/15/4 3699/15/4
f 3675/5/4 3676/5/4 3701/5/4
f 3701/5/4 3676/5/4 3702/5/4
f 3692/7/4 3679/7/4 3704/7/4
f 3704/7/4 3679/7/4 3705/7/4
f 3680/5/4 3681/5/4 3706/5/4
f 3706/5/4 3681/5/4 3707/5/4
f 3693/3/4 3694/3/4 3709/3/4
f 3709/3/4 3694/3/4 3710/3/4
f 3683/5/4 3684/5/4 3711/5/4
f 3711/5/4 3684/5/4 3712/5/4
f 3695/6/4 3696/6/4 3713/6/4
f 3696/7/4 3697/7/4 3714/7/4
f 3713/6/4 3696/6/4 3714/6/4
f 3714/7/4 3697/7/4 3715/7/4
f 3699/15/4 3700/15/4 3716/15/4
f 3716/15/4 3700/15/4 3717/15/4
f 3688/5/4 3689/5/4 3718/5/4
f 3718/5/4 3689/5/4 3719/5/4
f 3702/6/4 3703/6/4 3722/6/4
f 3722/6/4 3703/6/4 3723/6/4
f 3707/6/4 3708/6/4 3724/6/4
f 3724/6/4 3708/6/4 3725/6/4
f 3712/6/4 3713/6/4 3726/6/4
f 3726/6/4 3713/6/4 3727/6/4
f 3719/6/4 3720/6/4 3728/6/4
f 3720/6/4 3721/6/4 3728/6/4
f 3728/6/4 3721/6/4 3729/6/4
f 3730/6/4 3731/6/4 3736/6/4
f 3732/6/4 3733/6/4 3737/6/4
f 3737/6/4 3733/6/4 3738/6/4
f 3734/6/4 3735/6/4 3740/6/4
f 3740/6/4 3735/6/4 3741/6/4
f 3736/6/4 3731/6/4 3742/6/4
f 3742/6/4 3731/6/4 3743/6/4
f 3738/6/4 3739/6/4 3744/6/4
f 3744/6/4 3739/6/4 3745/6/4
f 3741/6/4 3735/6/4 3746/6/4
f 3746/6/4 3735/6/4 3747/6/4
f 3748/15/4 3749/15/4 3750/15/4
f 3750/15/4 3749/15/4 3751/15/4
f 3754/6/4 3755/6/4 3760/6/4
f 3760/6/4 3755/6/4 3761/6/4
f 3756/6/4 3757/6/4 3762/6/4
f 3762/6/4 3757/6/4 3763/6/4
f 3758/6/4 3759/6/4 3764/6/4
f 3764/6/4 3759/6/4 3765/6/4
f 3752/6/4 3753/6/4 3766/6/4
f 3766/6/4 3753/6/4 3767/6/4
f 3770/1/4 3771/1/4 3772/1/4
f 3772/1/4 3771/1/4 3773/1/4
f 3774/1/4 3775/1/4 3778/1/4
f 3778/1/4 3775/1/4 3779/1/4
f 3776/1/4 3777/1/4 3780/1/4
f 3780/1/4 3777/1/4 3781/1/4
f 3768/15/4 3769/15/4 3782/15/4
f 3782/15/4 3769/15/4 3783/15/4
f 3784/1/4 3785/1/4 3786/1/4
f 3786/1/4 3785/1/4 3787/1/4
f 3788/1/4 3789/1/4 3790/1/4
f 3790/1/4 3789/1/4 3791/1/4
f 3790/17/4 3791/17/4 3794/17/4
f 3794/17/4 3791/17/4 3795/17/4
f 3792/1/4 3793/1/4 3796/1/4
f 3796/1/4 3793/1/4 3797/1/4
f 3798/1/4 3799/1/4 3800/1/4
f 3800/1/4 3799/1/4 3801/1/4
f 3802/1/4 3803/1/4 3804/1/4
f 3804/1/4 3803/1/4 3805/1/4
f 3806/1/4 3807/1/4 3808/1/4
f 3808/1/4 3807/1/4 3809/1/4
f 3810/1/4 3811/1/4 3812/1/4
f 3812/1/4 3811/1/4 3813/1/4
f 3814/1/4 3815/1/4 3816/1/4
f 3816/1/4 3815/1/4 3817/1/4
f 3818/1/4 3819/1/4 3820/1/4
f 3820/1/4 3819/1/4 3821/1/4
f 3822/1/4 3823/1/4 3824/1/4
f 3824/1/4 3823/1/4 3825/1/4
f 3826/1/4 3827/1/4 3828/1/4
f 3828/1/4 3827/1/4 3829/1/4
f 3830/1/4 3831/1/4 3832/1/4
f 3832/1/4 3831/1/4 3833/1/4
f 3834/1/4 3835/1/4 3836/1/4
f 3836/1/4 3835/1/4 3837/1/4
f 3838/1/4 3839/1/4 3840/1/4
f 3840/1/4 3839/1/4 3841/1/4
f 3842/1/4 3843/1/4 3844/1/4
f 3844/1/4 3843/1/4 3845/1/4
f 3846/1/4 3847/1/4 3848/1/4
f 3848/1/4 3847/1/4 3849/1/4
f 3850/16/4 3851/16/4 3852/16/4
f 3852/16/4 3851/16/4 3853/16/4
f 3854/1/4 3855/1/4 3856/1/4
f 3856/1/4 3855/1/4 3857/1/4
f 3858/1/4 3859/1/4 3860/1/4
f 3860/1/4 3859/1/4 3861/1/4
f 3862/1/4 3863/1/4 3864/1/4
f 3864/1/4 3863/1/4 3865/1/4
f 3866/1/4 3867/1/4 3868/1/4
f 3868/1/4 3867/1/4 3869/1/4
f 3870/17/4 3871/17/4 3872/17/4
f 3872/17/4 3871/17/4 3873/17/4
f 3874/1/4 3875/1/4 3876/1/4
f 3876/1/4 3875/1/4 3877/1/4
f 3878/1/4 3879/1/4 3880/1/4
f 3880/1/4 3879/1/4 3881/1/4
f 3882/1/4 3883/1/4 3884/1/4
f 3884/1/4 3883/1/4 3885/1/4
f 3886/1/4 3887/1/4 3888/1/4
f 3888/1/4 3887/1/4 3889/1/4
f 3890/1/4 3891/1/4 3892/1/4
f 3892/1/4 3891/1/4 3893/1/4
f 3894/1/4 3895/1/4 3896/1/4
f 3896/1/4 3895/1/4 3897/1/4
f 3898/1/4 3899/1/4 3900/1/4
f 3900/1/4 3899/1/4 3901/1/4
f 3902/1/4 3903/1/4 3904/1/4
f 3904/1/4 3903/1/4 3905/1/4
f 3906/1/4 3907/1/4 3908/1/4
f 3908/1/4 3907/1/4 3909/1/4
f 3910/17/4 3911/17/4 3912/17/4
f 3912/17/4 3911/17/4 3913/17/4
f 3914/17/4 3915/17/4 3916/17/4
f 3916/17/4 3915/17/4 3917/17/4
f 3918/1/4 3919/1/4 3922/1/4
f 3922/1/4 3919/1/4 3923/1/4
f 3920/1/4 3921/1/4 3924/1/4
f 3924/1/4 3921/1/4 3925/1/4
f 3926/15/4 3927/15/4 3928/15/4
f 3928/15/4 3927/15/4 3929/15/4
f 3930/1/4 3931/1/4 3932/1/4
f 3932/1/4 3931/1/4 3933/1/4
f 3934/17/4 3935/17/4 3936/17/4
f 3936/17/4 3935/17/4 3937/17/4
f 3938/17/4 3939/17/4 3940/17/4
f 3940/17/4 3939/17/4 3941/17/4
f 3942/16/4 3943/16/4 3944/16/4
f 3944/16/4 3943/16/4 3945/16/4
f 3948/17/4 3949/17/4 3950/17/4
f 3950/17/4 3949/17/4 3951/17/4
f 3951/17/4 3949/17/4 3952/17/4
f 3948/17/4 3950/17/4 3954/17/4
f 3948/17/4 3954/17/4 3956/17/4
f 3954/17/4 3955/17/4 3956/17/4
f 3956/17/4 3955/17/4 3957/17/4
f 3957/17/4 3955/17/4 3958/17/4
f 3952/17/4 3953/17/4 3959/17/4
f 3951/17/4 3952/17/4 3959/17/4
f 3957/17/4 3958/17/4 3960/17/4
f 3958/17/4 3959/17/4 3960/17/4
f 3959/17/4 3953/17/4 3961/17/4
f 3960/17/4 3959/17/4 3961/17/4
f 3946/15/4 3947/15/4 3962/15/4
f 3962/15/4 3947/15/4 3963/15/4
f 3968/1/4 3969/1/4 3974/1/4
f 3974/1/4 3969/1/4 3975/1/4
f 3975/1/4 3969/1/4 3978/1/4
f 3978/1/4 3969/1/4 3979/1/4
f 3976/1/4 3977/1/4 3980/1/4
f 3980/1/4 3977/1/4 3981/1/4
f 3968/1/4 3974/1/4 3982/1/4
f 3981/1/4 3977/1/4 3984/1/4
f 3984/1/4 3977/1/4 3985/1/4
f 3982/1/4 3983/1/4 3986/1/4
f 3979/1/4 3969/1/4 3987/1/4
f 3964/1/4 3965/1/4 3989/1/4
f 3988/16/4 3989/16/4 3990/16/4
f 3989/1/4 3965/1/4 3991/1/4
f 3990/16/4 3989/16/4 3991/16/4
f 3991/1/4 3965/1/4 3992/1/4
f 3992/1/4 3965/1/4 3993/1/4
f 3966/1/4 3967/1/4 3994/1/4
f 3994/1/4 3967/1/4 3995/1/4
f 3986/1/4 3987/1/4 3996/1/4
f 3982/1/4 3986/1/4 3996/1/4
f 3968/1/4 3982/1/4 3996/1/4
f 3987/1/4 3969/1/4 3997/1/4
f 3996/1/4 3987/1/4 3997/1/4
f 3970/1/4 3971/1/4 3998/1/4
f 3998/1/4 3971/1/4 3999/1/4
f 3972/1/4 3973/1/4 4000/1/4
f 4000/1/4 3973/1/4 4001/1/4
f 4002/16/4 4003/16/4 4014/16/4
f 4014/16/4 4003/16/4 4015/16/4
f 4002/16/4 4014/16/4 4016/16/4
f 4002/16/4 4016/16/4 4018/16/4
f 4016/16/4 4017/16/4 4018/16/4
f 4018/16/4 4017/16/4 4019/16/4
f 4004/15/4 4005/15/4 4020/15/4
f 4020/15/4 4005/15/4 4021/15/4
f 4006/15/4 4007/15/4 4022/15/4
f 4022/15/4 4007/15/4 4023/15/4
f 4008/15/4 4009/15/4 4024/15/4
f 4024/15/4 4009/15/4 4025/15/4
f 4010/15/4 4011/15/4 4026/15/4
f 4026/15/4 4011/15/4 4027/15/4
f 4012/15/4 4013/15/4 4028/15/4
f 4028/15/4 4013/15/4 4029/15/4
f 4030/1/4 4031/1/4 4032/1/4
f 4032/1/4 4031/1/4 4033/1/4
f 4034/1/4 4035/1/4 4036/1/4
f 4036/1/4 4035/1/4 4037/1/4
f 4038/1/4 4039/1/4 4040/1/4
f 4040/1/4 4039/1/4 4041/1/4
f 4042/1/4 4043/1/4 4044/1/4
f 4044/1/4 4043/1/4 4045/1/4
f 4046/1/4 4047/1/4 4048/1/4
f 4048/1/4 4047/1/4 4049/1/4
f 4050/1/4 4051/1/4 4052/1/4
f 4052/1/4 4051/1/4 4053/1/4
f 4054/16/4 4055/16/4 4056/16/4
f 4056/16/4 4055/16/4 4057/16/4
f 4060/16/5 4059/16/5 4058/16/5
f 4061/16/5 4059/16/5 4060/16/5
f 4062/16/5 4060/16/5 4058/16/5
f 4062/11/5 4061/11/5 4060/11/5
f 4063/11/5 4061/11/5 4062/11/5
f 4064/16/5 4063/16/5 4062/16/5
f 4064/11/5 4061/11/5 4063/11/5
f 4065/16/5 4059/16/5 4061/16/5
f 4065/11/5 4061/11/5 4064/11/5
f 4066/16/5 4064/16/5 4062/16/5
f 4066/16/5 4062/16/5 4058/16/5
f 4066/16/5 4065/16/5 4064/16/5
f 4067/16/5 4059/16/5 4065/16/5
f 4067/16/5 4065/16/5 4066/16/5
f 4070/15/5 4069/15/5 4068/15/5
f 4071/15/5 4069/15/5 4070/15/5
f 4074/16/5 4073/16/5 4072/16/5
f 4075/16/5 4073/16/5 4074/16/5
f 4082/13/5 4077/13/5 4076/13/5
f 4083/13/5 4077/13/5 4082/13/5
f 4084/13/5 4079/13/5 4078/13/5
f 4085/13/5 4079/13/5 4084/13/5
f 4086/13/5 4081/13/5 4080/13/5
f 4087/13/5 4081/13/5 4086/13/5
f 4090/13/5 4089/13/5 4088/13/5
f 4091/13/5 4089/13/5 4090/13/5
f 4096/13/5 4093/13/5 4092/13/5
f 4097/13/5 4093/13/5 4096/13/5
f 4098/13/5 4095/13/5 4094/13/5
f 4099/13/5 4095/13/5 4098/13/5
f 4102/1/5 4101/1/5 4100/1/5
f 4103/1/5 4101/1/5 4102/1/5
f 4112/10/5 4105/10/5 4104/10/5
f 4113/10/5 4105/10/5 4112/10/5
f 4114/10/5 4107/10/5 4106/10/5
f 4115/10/5 4107/10/5 4114/10/5
f 4116/10/5 4109/10/5 4108/10/5
f 4117/10/5 4109/10/5 4116/10/5
f 4118/10/5 4111/10/5 4110/10/5
f 4119/10/5 4111/10/5 4118/10/5
f 4120/10/5 4112/10/5 4104/10/5
f 4121/10/5 4105/10/5 4113/10/5
f 4122/10/5 4114/10/5 4106/10/5
f 4123/10/5 4107/10/5 4115/10/5
f 4124/10/5 4116/10/5 4108/10/5
f 4125/10/5 4109/10/5 4117/10/5
f 4126/10/5 4118/10/5 4110/10/5
f 4127/10/5 4111/10/5 4119/10/5
f 4128/10/5 4120/10/5 4104/10/5
f 4128/10/5 4121/10/5 4120/10/5
f 4129/10/5 4105/10/5 4121/10/5
f 4129/10/5 4121/10/5 4128/10/5
f 4130/10/5 4122/10/5 4106/10/5
f 4130/10/5 4123/10/5 4122/10/5
f 4131/10/5 4107/10/5 4123/10/5
f 4131/10/5 4123/10/5 4130/10/5
f 4132/10/5 4124/10/5 4108/10/5
f 4132/10/5 4125/10/5 4124/10/5
f 4133/10/5 4109/10/5 4125/10/5
f 4133/10/5 4125/10/5 4132/10/5
f 4134/10/5 4127/10/5 4126/10/5
f 4134/10/5 4126/10/5 4110/10/5
f 4135/10/5 4111/10/5 4127/10/5
f 4135/10/5 4127/10/5 4134/10/5
f 4140/15/5 4137/15/5 4136/15/5
f 4141/15/5 4137/15/5 4140/15/5
f 4142/15/5 4139/15/5 4138/15/5
f 4143/15/5 4139/15/5 4142/15/5
f 4146/1/5 4145/1/5 4144/1/5
f 4147/1/5 4145/1/5 4146/1/5
f 4150/1/5 4149/1/5 4148/1/5
f 4151/1/5 4149/1/5 4150/1/5
f 4154/1/5 4153/1/5 4152/1/5
f 4155/1/5 4153/1/5 4154/1/5
f 4158/1/5 4157/1/5 4156/1/5
f 4159/1/5 4157/1/5 4158/1/5
f 4162/1/5 4161/1/5 4160/1/5
f 4163/1/5 4161/1/5 4162/1/5
f 4166/1/5 4165/1/5 4164/1/5
f 4167/1/5 4165/1/5 4166/1/5
f 4170/1/5 4169/1/5 4168/1/5
f 4171/1/5 4169/1/5 4170/1/5
f 4174/1/5 4173/1/5 4172/1/5
f 4175/1/5 4173/1/5 4174/1/5
f 4178/17/5 4177/17/5 4176/17/5
f 4179/17/5 4177/17/5 4178/17/5
f 4184/1/5 4181/1/5 4180/1/5
f 4185/1/5 4181/1/5 4184/1/5
f 4186/1/5 4183/1/5 4182/1/5
f 4187/1/5 4183/1/5 4186/1/5
f 4190/1/5 4189/1/5 4188/1/5
f 4191/1/5 4189/1/5 4190/1/5
f 4194/15/5 4193/15/5 4192/15/5
f 4195/15/5 4193/15/5 4194/15/5
f 4198/15/5 4197/15/5 4196/15/5
f 4199/15/5 4197/15/5 4198/15/5
f 4202/15/5 4201/15/5 4200/15/5
f 4203/15/5 4201/15/5 4202/15/5
f 4205/15/5 4202/15/5 4200/15/5
f 4206/15/5 4201/15/5 4203/15/5
f 4208/15/5 4205/15/5 4204/15/5
f 4209/15/5 4202/15/5 4205/15/5
f 4209/15/5 4205/15/5 4208/15/5
f 4210/15/5 4207/15/5 4206/15/5
f 4210/15/5 4206/15/5 4203/15/5
f 4211/15/5 4207/15/5 4210/15/5
f 4212/15/5 4208/15/5 4204/15/5
f 4213/15/5 4207/15/5 4211/15/5
f 4214/15/5 4212/15/5 4204/15/5
f 4214/15/5 4213/15/5 4212/15/5
f 4215/15/5 4207/15/5 4213/15/5
f 4215/15/5 4213/15/5 4214/15/5
f 4220/15/5 4217/15/5 4216/15/5
f 4221/15/5 4217/15/5 4220/15/5
f 4222/15/5 4219/15/5 4218/15/5
f 4223/15/5 4219/15/5 4222/15/5
f 4231/6/5 4225/6/5 4224/6/5
f 4232/6/5 4225/6/5 4231/6/5
f 4236/6/5 4227/6/5 4226/6/5
f 4237/6/5 4227/6/5 4236/6/5
f 4239/6/5 4229/6/5 4228/6/5
f 4240/6/5 4229/6/5 4239/6/5
f 4241/6/5 4231/6/5 4230/6/5
f 4242/6/5 4231/6/5 4241/6/5
f 4246/5/5 4234/5/5 4233/5/5
f 4247/5/5 4234/5/5 4246/5/5
f 4248/5/5 4237/5/5 4236/5/5
f 4248/5/5 4236/5/5 4235/5/5
f 4249/5/5 4237/5/5 4248/5/5
f 4250/5/5 4239/5/5 4238/5/5
f 4251/5/5 4239/5/5 4250/5/5
f 4252/6/5 4244/6/5 4243/6/5
f 4253/6/5 4244/6/5 4252/6/5
f 4256/5/5 4246/5/5 4245/5/5
f 4257/5/5 4246/5/5 4256/5/5
f 4258/5/5 4246/5/5 4257/5/5
f 4259/5/5 4252/5/5 4251/5/5
f 4260/5/5 4252/5/5 4259/5/5
f 4261/5/5 4252/5/5 4260/5/5
f 4262/1/5 4255/1/5 4254/1/5
f 4263/1/5 4255/1/5 4262/1/5
f 4266/1/5 4265/1/5 4264/1/5
f 4267/1/5 4265/1/5 4266/1/5
f 4270/6/5 4269/6/5 4268/6/5
f 4271/6/5 4269/6/5 4270/6/5
f 4274/1/5 4273/1/5 4272/1/5
f 4275/1/5 4273/1/5 4274/1/5
f 4278/1/5 4277/1/5 4276/1/5
f 4279/1/5 4277/1/5 4278/1/5
f 4282/1/5 4281/1/5 4280/1/5
f 4283/1/5 4281/1/5 4282/1/5
f 4286/1/5 4285/1/5 4284/1/5
f 4287/1/5 4285/1/5 4286/1/5
f 4290/1/5 4289/1/5 4288/1/5
f 4291/1/5 4289/1/5 4290/1/5
f 4294/17/5 4293/17/5 4292/17/5
f 4295/17/5 4293/17/5 4294/17/5
f 4298/1/5 4297/1/5 4296/1/5
f 4299/1/5 4297/1/5 4298/1/5
f 4302/1/5 4301/1/5 4300/1/5
f 4303/1/5 4301/1/5 4302/1/5
f 4306/1/5 4305/1/5 4304/1/5
f 4307/1/5 4305/1/5 4306/1/5
f 4310/1/5 4309/1/5 4308/1/5
f 4311/1/5 4309/1/5 4310/1/5
f 4314/1/5 4313/1/5 4312/1/5
f 4315/1/5 4313/1/5 4314/1/5
f 4318/1/5 4317/1/5 4316/1/5
f 4319/1/5 4317/1/5 4318/1/5
f 4322/1/5 4321/1/5 4320/1/5
f 4323/1/5 4321/1/5 4322/1/5
f 4326/17/5 4325/17/5 4324/17/5
f 4327/17/5 4325/17/5 4326/17/5
f 4330/1/5 4329/1/5 4328/1/5
f 4331/1/5 4329/1/5 4330/1/5
f 4334/1/5 4333/1/5 4332/1/5
f 4335/1/5 4333/1/5 4334/1/5
f 4338/1/5 4337/1/5 4336/1/5
f 4339/1/5 4337/1/5 4338/1/5
f 4344/1/5 4341/1/5 4340/1/5
f 4345/1/5 4341/1/5 4344/1/5
f 4346/1/5 4343/1/5 4342/1/5
f 4347/1/5 4343/1/5 4346/1/5
f 4350/1/5 4349/1/5 4348/1/5
f 4351/1/5 4349/1/5 4350/1/5
f 4356/1/5 4353/1/5 4352/1/5
f 4357/1/5 4353/1/5 4356/1/5
f 4358/15/5 4355/15/5 4354/15/5
f 4359/15/5 4355/15/5 4358/15/5
f 4362/1/5 4361/1/5 4360/1/5
f 4363/1/5 4361/1/5 4362/1/5
f 4366/15/5 4365/15/5 4364/15/5
f 4367/15/5 4365/15/5 4366/15/5
f 4370/1/5 4369/1/5 4368/1/5
f 4371/1/5 4369/1/5 4370/1/5
f 4374/15/5 4373/15/5 4372/15/5
f 4375/15/5 4373/15/5 4374/15/5
f 4377/15/5 4374/15/5 4372/15/5
f 4378/15/5 4373/15/5 4375/15/5
f 4380/15/5 4377/15/5 4376/15/5
f 4381/15/5 4374/15/5 4377/15/5
f 4381/15/5 4377/15/5 4380/15/5
f 4382/15/5 4379/15/5 4378/15/5
f 4382/15/5 4378/15/5 4375/15/5
f 4383/15/5 4379/15/5 4382/15/5
f 4384/15/5 4380/15/5 4376/15/5
f 4385/15/5 4379/15/5 4383/15/5
f 4386/15/5 4384/15/5 4376/15/5
f 4386/15/5 4385/15/5 4384/15/5
f 4387/15/5 4379/15/5 4385/15/5
f 4387/15/5 4385/15/5 4386/15/5
f 4390/6/5 4389/6/5 4388/6/5
f 4391/6/5 4389/6/5 4390/6/5
f 4396/15/5 4393/15/5 4392/15/5
f 4397/15/5 4393/15/5 4396/15/5
f 4398/15/5 4395/15/5 4394/15/5
f 4399/15/5 4395/15/5 4398/15/5
f 4406/6/5 4401/6/5 4400/6/5
f 4407/6/5 4401/6/5 4406/6/5
f 4409/6/5 4403/6/5 4402/6/5
f 4410/6/5 4403/6/5 4409/6/5
f 4411/6/5 4403/6/5 4410/6/5
f 4413/6/5 4405/6/5 4404/6/5
f 4414/6/5 4405/6/5 4413/6/5
f 4418/6/5 4417/6/5 4416/6/5
f 4419/6/5 4417/6/5 4418/6/5
f 4420/5/5 4408/5/5 4407/5/5
f 4421/5/5 4408/5/5 4420/5/5
f 4422/5/5 4410/5/5 4409/5/5
f 4423/5/5 4410/5/5 4422/5/5
f 4424/5/5 4413/5/5 4412/5/5
f 4425/5/5 4413/5/5 4424/5/5
f 4426/6/5 4415/6/5 4414/6/5
f 4427/6/5 4415/6/5 4426/6/5
f 4428/5/5 4420/5/5 4419/5/5
f 4429/5/5 4420/5/5 4428/5/5
f 4430/5/5 4420/5/5 4429/5/5
f 4431/5/5 4426/5/5 4425/5/5
f 4432/5/5 4426/5/5 4431/5/5
f 4433/5/5 4426/5/5 4432/5/5
f 4436/17/5 4435/17/5 4434/17/5
f 4437/17/5 4435/17/5 4436/17/5
f 4440/17/5 4439/17/5 4438/17/5
f 4441/17/5 4439/17/5 4440/17/5
f 4444/1/5 4443/1/5 4442/1/5
f 4445/1/5 4443/1/5 4444/1/5
f 4448/1/5 4447/1/5 4446/1/5
f 4449/1/5 4447/1/5 4448/1/5
f 4452/1/5 4451/1/5 4450/1/5
f 4453/1/5 4451/1/5 4452/1/5
f 4456/1/5 4455/1/5 4454/1/5
f 4457/1/5 4455/1/5 4456/1/5
f 4462/1/5 4459/1/5 4458/1/5
f 4463/1/5 4459/1/5 4462/1/5
f 4464/1/5 4461/1/5 4460/1/5
f 4465/1/5 4461/1/5 4464/1/5
f 4468/15/5 4467/15/5 4466/15/5
f 4469/15/5 4467/15/5 4468/15/5
f 4472/15/5 4471/15/5 4470/15/5
f 4473/15/5 4471/15/5 4472/15/5
f 4476/15/5 4475/15/5 4474/15/5
f 4477/15/5 4475/15/5 4476/15/5
f 4479/15/5 4476/15/5 4474/15/5
f 4480/15/5 4475/15/5 4477/15/5
f 4482/15/5 4479/15/5 4478/15/5
f 4483/15/5 4476/15/5 4479/15/5
f 4483/15/5 4479/15/5 4482/15/5
f 4484/15/5 4481/15/5 4480/15/5
f 4484/15/5 4480/15/5 4477/15/5
f 4485/15/5 4481/15/5 4484/15/5
f 4488/1/5 4487/1/5 4486/1/5
f 4489/1/5 4487/1/5 4488/1/5
f 4490/15/5 4482/15/5 4478/15/5
f 4491/15/5 4481/15/5 4485/15/5
f 4492/15/5 4490/15/5 4478/15/5
f 4492/15/5 4491/15/5 4490/15/5
f 4493/15/5 4481/15/5 4491/15/5
f 4493/15/5 4491/15/5 4492/15/5
f 4498/15/5 4495/15/5 4494/15/5
f 4499/15/5 4495/15/5 4498/15/5
f 4500/15/5 4497/15/5 4496/15/5
f 4501/15/5 4497/15/5 4500/15/5
f 4512/6/5 4503/6/5 4502/6/5
f 4513/6/5 4503/6/5 4512/6/5
f 4514/6/5 4505/6/5 4504/6/5
f 4515/6/5 4505/6/5 4514/6/5
f 4516/6/5 4507/6/5 4506/6/5
f 4517/6/5 4507/6/5 4516/6/5
f 4518/6/5 4509/6/5 4508/6/5
f 4519/6/5 4509/6/5 4518/6/5
f 4521/6/5 4511/6/5 4510/6/5
f 4522/6/5 4511/6/5 4521/6/5
f 4527/6/5 4524/6/5 4523/6/5
f 4528/5/5 4514/5/5 4513/5/5
f 4529/5/5 4514/5/5 4528/5/5
f 4530/5/5 4517/5/5 4516/5/5
f 4530/5/5 4518/5/5 4517/5/5
f 4531/5/5 4518/5/5 4530/5/5
f 4532/5/5 4520/5/5 4519/5/5
f 4533/5/5 4520/5/5 4532/5/5
f 4534/6/5 4526/6/5 4525/6/5
f 4535/6/5 4526/6/5 4534/6/5
f 4536/6/5 4527/6/5 4523/6/5
f 4537/5/5 4528/5/5 4527/5/5
f 4537/6/5 4527/6/5 4536/6/5
f 4538/5/5 4528/5/5 4537/5/5
f 4539/5/5 4528/5/5 4538/5/5
f 4540/5/5 4528/5/5 4539/5/5
f 4541/5/5 4534/5/5 4533/5/5
f 4542/5/5 4534/5/5 4541/5/5
f 4543/5/5 4534/5/5 4542/5/5
f 4546/17/5 4545/17/5 4544/17/5
f 4547/17/5 4545/17/5 4546/17/5
f 4552/6/5 4549/6/5 4548/6/5
f 4553/6/5 4549/6/5 4552/6/5
f 4554/6/5 4551/6/5 4550/6/5
f 4555/6/5 4551/6/5 4554/6/5
f 4558/6/5 4557/6/5 4556/6/5
f 4559/6/5 4557/6/5 4558/6/5
f 4562/1/5 4561/1/5 4560/1/5
f 4563/1/5 4561/1/5 4562/1/5
f 4566/1/5 4565/1/5 4564/1/5
f 4567/1/5 4565/1/5 4566/1/5
f 4570/17/5 4569/17/5 4568/17/5
f 4571/17/5 4569/17/5 4570/17/5
f 4574/1/5 4573/1/5 4572/1/5
f 4575/1/5 4573/1/5 4574/1/5
f 4578/1/5 4577/1/5 4576/1/5
f 4579/1/5 4577/1/5 4578/1/5
f 4582/1/5 4581/1/5 4580/1/5
f 4583/1/5 4581/1/5 4582/1/5
f 4586/15/5 4585/15/5 4584/15/5
f 4587/15/5 4585/15/5 4586/15/5
f 4594/1/5 4589/1/5 4588/1/5
f 4595/1/5 4589/1/5 4594/1/5
f 4596/1/5 4591/1/5 4590/1/5
f 4597/1/5 4591/1/5 4596/1/5
f 4598/1/5 4593/1/5 4592/1/5
f 4599/1/5 4593/1/5 4598/1/5
f 4604/1/5 4601/1/5 4600/1/5
f 4605/1/5 4601/1/5 4604/1/5
f 4606/15/5 4603/15/5 4602/15/5
f 4607/15/5 4603/15/5 4606/15/5
f 4610/15/5 4609/15/5 4608/15/5
f 4611/15/5 4609/15/5 4610/15/5
f 4612/15/5 4610/15/5 4608/15/5
f 4613/15/5 4610/15/5 4612/15/5
f 4616/15/5 4615/15/5 4614/15/5
f 4617/15/5 4615/15/5 4616/15/5
f 4619/15/5 4615/15/5 4617/15/5
f 4620/15/5 4615/15/5 4619/15/5
f 4622/15/5 4616/15/5 4614/15/5
f 4623/15/5 4619/15/5 4618/15/5
f 4625/15/5 4622/15/5 4621/15/5
f 4626/15/5 4616/15/5 4622/15/5
f 4626/15/5 4622/15/5 4625/15/5
f 4627/15/5 4623/15/5 4618/15/5
f 4627/15/5 4624/15/5 4623/15/5
f 4628/15/5 4624/15/5 4627/15/5
f 4629/15/5 4624/15/5 4628/15/5
f 4630/15/5 4625/15/5 4621/15/5
f 4631/15/5 4624/15/5 4629/15/5
f 4632/15/5 4630/15/5 4621/15/5
f 4632/15/5 4631/15/5 4630/15/5
f 4633/15/5 4624/15/5 4631/15/5
f 4633/15/5 4631/15/5 4632/15/5
f 4636/15/5 4635/15/5 4634/15/5
f 4637/15/5 4635/15/5 4636/15/5
f 4642/15/5 4639/15/5 4638/15/5
f 4643/15/5 4639/15/5 4642/15/5
f 4644/15/5 4641/15/5 4640/15/5
f 4645/15/5 4641/15/5 4644/15/5
f 4653/6/5 4647/6/5 4646/6/5
f 4654/6/5 4647/6/5 4653/6/5
f 4655/6/5 4647/6/5 4654/6/5
f 4657/6/5 4649/6/5 4648/6/5
f 4658/6/5 4649/6/5 4657/6/5
f 4659/6/5 4651/6/5 4650/6/5
f 4660/6/5 4651/6/5 4659/6/5
f 4667/7/5 4664/7/5 4663/7/5
f 4668/7/5 4664/7/5 4667/7/5
f 4669/5/5 4653/5/5 4652/5/5
f 4669/5/5 4654/5/5 4653/5/5
f 4670/5/5 4654/5/5 4669/5/5
f 4671/5/5 4658/5/5 4657/5/5
f 4671/5/5 4657/5/5 4656/5/5
f 4671/5/5 4659/5/5 4658/5/5
f 4672/5/5 4659/5/5 4671/5/5
f 4673/5/5 4662/5/5 4661/5/5
f 4674/5/5 4662/5/5 4673/5/5
f 4675/6/5 4666/6/5 4665/6/5
f 4676/6/5 4666/6/5 4675/6/5
f 4677/6/5 4668/6/5 4667/6/5
f 4678/5/5 4669/5/5 4668/5/5
f 4678/6/5 4668/6/5 4677/6/5
f 4679/5/5 4669/5/5 4678/5/5
f 4680/5/5 4669/5/5 4679/5/5
f 4681/5/5 4669/5/5 4680/5/5
f 4682/5/5 4675/5/5 4674/5/5
f 4683/5/5 4675/5/5 4682/5/5
f 4684/5/5 4675/5/5 4683/5/5
f 4689/6/5 4686/6/5 4685/6/5
f 4690/6/5 4686/6/5 4689/6/5
f 4691/6/5 4688/6/5 4687/6/5
f 4692/6/5 4688/6/5 4691/6/5
f 4695/3/5 4694/3/5 4693/3/5
f 4696/3/5 4694/3/5 4695/3/5
f 4699/17/5 4698/17/5 4697/17/5
f 4700/17/5 4698/17/5 4699/17/5
f 4703/7/5 4702/7/5 4701/7/5
f 4704/7/5 4702/7/5 4703/7/5
f 4707/1/5 4706/1/5 4705/1/5
f 4708/1/5 4706/1/5 4707/1/5
f 4713/1/5 4710/1/5 4709/1/5
f 4714/1/5 4710/1/5 4713/1/5
f 4715/1/5 4712/1/5 4711/1/5
f 4716/1/5 4712/1/5 4715/1/5
f 4719/17/5 4718/17/5 4717/17/5
f 4720/17/5 4718/17/5 4719/17/5
f 4723/15/5 4722/15/5 4721/15/5
f 4724/15/5 4722/15/5 4723/15/5
f 4728/1/5 4726/1/5 4725/1/5
f 4728/1/5 4727/1/5 4726/1/5
f 4729/1/5 4727/1/5 4728/1/5
f 4730/1/5 4727/1/5 4729/1/5
f 4733/15/5 4732/15/5 4731/15/5
f 4734/15/5 4732/15/5 4733/15/5
f 4737/1/5 4736/1/5 4735/1/5
f 4738/1/5 4736/1/5 4737/1/5
f 4741/15/5 4740/15/5 4739/15/5
f 4742/15/5 4740/15/5 4741/15/5
f 4744/15/5 4741/15/5 4739/15/5
f 4745/15/5 4740/15/5 4742/15/5
f 4747/15/5 4744/15/5 4743/15/5
f 4748/15/5 4741/15/5 4744/15/5
f 4748/15/5 4744/15/5 4747/15/5
f 4749/15/5 4746/15/5 4745/15/5
f 4749/15/5 4745/15/5 4742/15/5
f 4750/15/5 4746/15/5 4749/15/5
f 4751/15/5 4747/15/5 4743/15/5
f 4752/15/5 4746/15/5 4750/15/5
f 4753/15/5 4751/15/5 4743/15/5
f 4753/15/5 4752/15/5 4751/15/5
f 4754/15/5 4746/15/5 4752/15/5
f 4754/15/5 4752/15/5 4753/15/5
f 4759/9/5 4756/9/5 4755/9/5
f 4760/9/5 4756/9/5 4759/9/5
f 4761/9/5 4758/9/5 4757/9/5
f 4762/9/5 4758/9/5 4761/9/5
f 4765/15/5 4764/15/5 4763/15/5
f 4766/15/5 4764/15/5 4765/15/5
f 4769/15/5 4768/15/5 4767/15/5
f 4770/15/5 4768/15/5 4769/15/5
f 4771/15/5 4769/15/5 4767/15/5
f 4772/15/5 4768/15/5 4770/15/5
f 4773/15/5 4771/15/5 4767/15/5
f 4773/15/5 4772/15/5 4771/15/5
f 4774/15/5 4768/15/5 4772/15/5
f 4774/15/5 4772/15/5 4773/15/5
f 4775/16/6 4776/16/6 4777/16/6
f 4777/16/6 4776/16/6 4778/16/6
f 4778/16/6 4776/16/6 4779/16/6
f 4779/16/6 4776/16/6 4780/16/6
f 4777/11/6 4778/11/6 4781/11/6
f 4781/11/6 4778/11/6 4782/11/6
f 4782/11/6 4778/11/6 4783/11/6
f 4783/11/6 4778/11/6 4784/11/6
f 4779/11/6 4780/11/6 4785/11/6
f 4785/11/6 4780/11/6 4786/11/6
f 4786/11/6 4780/11/6 4787/11/6
f 4787/11/6 4780/11/6 4788/11/6
f 4784/11/6 4778/11/6 4789/11/6
f 4778/15/6 4779/15/6 4790/15/6
f 4789/11/6 4778/11/6 4790/11/6
f 4790/15/6 4779/15/6 4791/15/6
f 4791/15/6 4779/15/6 4792/15/6
f 4779/11/6 4785/11/6 4793/11/6
f 4792/15/6 4779/15/6 4793/15/6
f 4793/11/6 4785/11/6 4794/11/6
f 4791/15/6 4792/15/6 4795/15/6
f 4795/15/6 4792/15/6 4796/15/6
f 4777/11/6 4781/11/6 4797/11/6
f 4782/11/6 4783/11/6 4798/11/6
f 4798/11/6 4783/11/6 4799/11/6
f 4784/11/6 4789/11/6 4800/11/6
f 4794/11/6 4785/11/6 4801/11/6
f 4786/11/6 4787/11/6 4802/11/6
f 4802/11/6 4787/11/6 4803/11/6
f 4788/11/6 4780/11/6 4804/11/6
f 4798/11/6 4799/11/6 4805/11/6
f 4799/11/6 4800/11/6 4805/11/6
f 4777/11/6 4797/11/6 4805/11/6
f 4797/11/6 4798/11/6 4805/11/6
f 4800/11/6 4789/11/6 4806/11/6
f 4805/11/6 4800/11/6 4806/11/6
f 4803/11/6 4804/11/6 4809/11/6
f 4802/11/6 4803/11/6 4809/11/6
f 4794/11/6 4801/11/6 4809/11/6
f 4801/11/6 4802/11/6 4809/11/6
f 4804/11/6 4780/11/6 4810/11/6
f 4809/11/6 4804/11/6 4810/11/6
f 4807/15/6 4808/15/6 4811/15/6
f 4811/15/6 4808/15/6 4812/15/6
f 4777/11/6 4805/11/6 4813/11/6
f 4813/11/6 4805/11/6 4814/11/6
f 4777/11/6 4813/11/6 4815/11/6
f 4814/11/6 4805/11/6 4816/11/6
f 4816/11/6 4805/11/6 4817/11/6
f 4815/11/6 4816/11/6 4818/11/6
f 4817/11/6 4805/11/6 4819/11/6
f 4819/11/6 4805/11/6 4820/11/6
f 4777/11/6 4815/11/6 4821/11/6
f 4815/11/6 4818/11/6 4821/11/6
f 4818/11/6 4819/11/6 4821/11/6
f 4821/11/6 4819/11/6 4822/11/6
f 4822/11/6 4819/11/6 4823/11/6
f 4820/11/6 4805/11/6 4824/11/6
f 4777/11/6 4821/11/6 4825/11/6
f 4822/11/6 4823/11/6 4826/11/6
f 4823/11/6 4824/11/6 4826/11/6
f 4824/11/6 4805/11/6 4827/11/6
f 4825/11/6 4826/11/6 4827/11/6
f 4826/11/6 4824/11/6 4827/11/6
f 4810/11/6 4780/11/6 4828/11/6
f 4827/11/6 4828/11/6 4829/11/6
f 4829/11/6 4828/11/6 4830/11/6
f 4830/11/6 4828/11/6 4831/11/6
f 4831/11/6 4828/11/6 4832/11/6
f 4827/11/6 4829/11/6 4833/11/6
f 4830/11/6 4831/11/6 4834/11/6
f 4834/11/6 4831/11/6 4835/11/6
f 4832/11/6 4828/11/6 4836/11/6
f 4836/11/6 4828/11/6 4837/11/6
f 4837/11/6 4828/11/6 4838/11/6
f 4834/11/6 4835/11/6 4839/11/6
f 4827/11/6 4833/11/6 4839/11/6
f 4836/11/6 4837/11/6 4839/11/6
f 4835/11/6 4836/11/6 4839/11/6
f 4833/11/6 4834/11/6 4839/11/6
f 4839/11/6 4837/11/6 4840/11/6
f 4840/11/6 4837/11/6 4841/11/6
f 4841/11/6 4837/11/6 4842/11/6
f 4842/11/6 4837/11/6 4843/11/6
f 4838/11/6 4828/11/6 4844/11/6
f 4827/11/6 4839/11/6 4845/11/6
f 4840/11/6 4841/11/6 4846/11/6
f 4846/11/6 4841/11/6 4847/11/6
f 4847/11/6 4841/11/6 4848/11/6
f 4848/11/6 4841/11/6 4849/11/6
f 4842/11/6 4843/11/6 4850/11/6
f 4843/11/6 4844/11/6 4850/11/6
f 4775/16/6 4777/16/6 4851/16/6
f 4825/11/6 4827/11/6 4851/11/6
f 4777/11/6 4825/11/6 4851/11/6
f 4846/11/6 4847/11/6 4851/11/6
f 4845/11/6 4846/11/6 4851/11/6
f 4827/11/6 4845/11/6 4851/11/6
f 4851/11/6 4847/11/6 4852/11/6
f 4849/11/6 4850/11/6 4853/11/6
f 4848/11/6 4849/11/6 4853/11/6
f 4780/16/6 4776/16/6 4854/16/6
f 4850/11/6 4844/11/6 4854/11/6
f 4853/11/6 4850/11/6 4854/11/6
f 4828/11/6 4780/11/6 4854/11/6
f 4844/11/6 4828/11/6 4854/11/6
f 4851/16/6 4852/16/6 4855/16/6
f 4852/16/6 4853/16/6 4855/16/6
f 4853/16/6 4854/16/6 4855/16/6
f 4775/16/6 4851/16/6 4855/16/6
f 4854/16/6 4776/16/6 4856/16/6
f 4855/16/6 4854/16/6 4856/16/6
f 4857/1/6 4858/1/6 4859/1/6
f 4859/1/6 4858/1/6 4860/1/6
f 4860/1/6 4861/1/6 4862/1/6
f 4862/1/6 4861/1/6 4863/1/6
f 4863/1/6 4864/1/6 4867/1/6
f 4867/1/6 4864/1/6 4868/1/6
f 4865/1/6 4866/1/6 4869/1/6
f 4869/1/6 4866/1/6 4870/1/6
f 4871/16/6 4872/16/6 4873/16/6
f 4873/16/6 4872/16/6 4874/16/6
f 4875/1/6 4876/1/6 4877/1/6
f 4877/1/6 4876/1/6 4878/1/6
f 4879/1/6 4880/1/6 4885/1/6
f 4885/1/6 4880/1/6 4886/1/6
f 4881/1/6 4882/1/6 4887/1/6
f 4887/1/6 4882/1/6 4888/1/6
f 4883/1/6 4884/1/6 4891/1/6
f 4891/1/6 4884/1/6 4892/1/6
f 4889/1/6 4890/1/6 4893/1/6
f 4893/1/6 4890/1/6 4894/1/6
f 4895/15/6 4896/15/6 4897/15/6
f 4897/15/6 4896/15/6 4898/15/6
f 4899/1/6 4900/1/6 4901/1/6
f 4901/1/6 4900/1/6 4902/1/6
f 4903/15/6 4904/15/6 4911/15/6
f 4911/15/6 4904/15/6 4912/15/6
f 4905/15/6 4906/15/6 4913/15/6
f 4913/15/6 4906/15/6 4914/15/6
f 4907/15/6 4908/15/6 4915/15/6
f 4915/15/6 4908/15/6 4916/15/6
f 4909/15/6 4910/15/6 4917/15/6
f 4917/15/6 4910/15/6 4918/15/6
f 4911/4/6 4912/4/6 4919/4/6
f 4919/4/6 4912/4/6 4920/4/6
f 4913/4/6 4914/4/6 4921/4/6
f 4921/4/6 4914/4/6 4922/4/6
f 4915/4/6 4916/4/6 4923/4/6
f 4923/4/6 4916/4/6 4924/4/6
f 4917/4/6 4918/4/6 4925/4/6
f 4925/4/6 4918/4/6 4926/4/6
f 4911/4/6 4919/4/6 4927/4/6
f 4920/4/6 4912/4/6 4928/4/6
f 4913/4/6 4921/4/6 4929/4/6
f 4922/4/6 4914/4/6 4930/4/6
f 4915/4/6 4923/4/6 4931/4/6
f 4924/4/6 4916/4/6 4932/4/6
f 4917/4/6 4925/4/6 4933/4/6
f 4926/4/6 4918/4/6 4934/4/6
f 4903/15/6 4911/15/6 4935/15/6
f 4911/4/6 4927/4/6 4935/4/6
f 4927/4/6 4928/4/6 4935/4/6
f 4912/15/6 4904/15/6 4936/15/6
f 4935/4/6 4928/4/6 4936/4/6
f 4928/4/6 4912/4/6 4936/4/6
f 4905/15/6 4913/15/6 4937/15/6
f 4913/4/6 4929/4/6 4937/4/6
f 4929/4/6 4930/4/6 4937/4/6
f 4914/15/6 4906/15/6 4938/15/6
f 4937/4/6 4930/4/6 4938/4/6
f 4930/4/6 4914/4/6 4938/4/6
f 4907/15/6 4915/15/6 4939/15/6
f 4915/4/6 4931/4/6 4939/4/6
f 4931/4/6 4932/4/6 4939/4/6
f 4916/15/6 4908/15/6 4940/15/6
f 4939/4/6 4932/4/6 4940/4/6
f 4932/4/6 4916/4/6 4940/4/6
f 4933/4/6 4934/4/6 4941/4/6
f 4909/15/6 4917/15/6 4941/15/6
f 4917/4/6 4933/4/6 4941/4/6
f 4918/15/6 4910/15/6 4942/15/6
f 4941/4/6 4934/4/6 4942/4/6
f 4934/4/6 4918/4/6 4942/4/6
f 4903/15/6 4935/15/6 4943/15/6
f 4935/15/6 4936/15/6 4943/15/6
f 4936/15/6 4904/15/6 4944/15/6
f 4943/15/6 4936/15/6 4944/15/6
f 4905/15/6 4937/15/6 4945/15/6
f 4937/15/6 4938/15/6 4945/15/6
f 4938/15/6 4906/15/6 4946/15/6
f 4945/15/6 4938/15/6 4946/15/6
f 4907/15/6 4939/15/6 4947/15/6
f 4939/15/6 4940/15/6 4947/15/6
f 4940/15/6 4908/15/6 4948/15/6
f 4947/15/6 4940/15/6 4948/15/6
f 4909/15/6 4941/15/6 4949/15/6
f 4941/15/6 4942/15/6 4949/15/6
f 4942/15/6 4910/15/6 4950/15/6
f 4949/15/6 4942/15/6 4950/15/6
f 4951/15/6 4952/15/6 4955/15/6
f 4955/15/6 4952/15/6 4956/15/6
f 4953/15/6 4954/15/6 4957/15/6
f 4957/15/6 4954/15/6 4958/15/6
f 4959/15/6 4960/15/6 4961/15/6
f 4961/15/6 4960/15/6 4962/15/6
f 4963/13/6 4964/13/6 4969/13/6
f 4969/13/6 4964/13/6 4970/13/6
f 4965/13/6 4966/13/6 4971/13/6
f 4971/13/6 4966/13/6 4972/13/6
f 4967/13/6 4968/13/6 4973/13/6
f 4973/13/6 4968/13/6 4974/13/6
f 4975/13/6 4976/13/6 4979/13/6
f 4979/13/6 4976/13/6 4980/13/6
f 4977/16/6 4978/16/6 4981/16/6
f 4981/16/6 4978/16/6 4982/16/6
f 4983/16/6 4984/16/6 4985/16/6
f 4985/16/6 4984/16/6 4986/16/6
f 4987/16/6 4988/16/6 4989/16/6
f 4989/16/6 4988/16/6 4990/16/6
f 4991/15/6 4992/15/6 4995/15/6
f 4995/15/6 4992/15/6 4996/15/6
f 4993/15/6 4994/15/6 4997/15/6
f 4997/15/6 4994/15/6 4998/15/6
f 5001/13/6 5002/13/6 5006/13/6
f 5006/13/6 5002/13/6 5007/13/6
f 5003/13/6 5004/13/6 5012/13/6
f 5012/13/6 5004/13/6 5013/13/6
f 5005/16/6 5006/16/6 5015/16/6
f 5006/16/6 5007/16/6 5015/16/6
f 5007/16/6 5008/16/6 5015/16/6
f 5015/16/6 5008/16/6 5016/16/6
f 5009/16/6 5010/16/6 5017/16/6
f 5017/16/6 5010/16/6 5018/16/6
f 5013/16/6 5014/16/6 5019/16/6
f 5012/16/6 5013/16/6 5019/16/6
f 5011/16/6 5012/16/6 5019/16/6
f 5019/16/6 5014/16/6 5020/16/6
f 4999/15/6 5000/15/6 5021/15/6
f 5021/15/6 5000/15/6 5022/15/6
f 5020/16/6 5014/16/6 5024/16/6
f 5023/16/6 5024/16/6 5025/16/6
f 5024/16/6 5014/16/6 5026/16/6
f 5025/16/6 5024/16/6 5026/16/6
f 5005/16/6 5015/16/6 5027/16/6
f 5026/16/6 5014/16/6 5030/16/6
f 5027/16/6 5028/16/6 5031/16/6
f 5005/16/6 5027/16/6 5031/16/6
f 5031/16/6 5028/16/6 5032/16/6
f 5029/16/6 5030/16/6 5033/16/6
f 5030/16/6 5014/16/6 5034/16/6
f 5033/16/6 5030/16/6 5034/16/6
f 5035/10/6 5036/10/6 5043/10/6
f 5043/10/6 5036/10/6 5044/10/6
f 5037/10/6 5038/10/6 5045/10/6
f 5045/10/6 5038/10/6 5046/10/6
f 5039/10/6 5040/10/6 5047/10/6
f 5047/10/6 5040/10/6 5048/10/6
f 5041/10/6 5042/10/6 5049/10/6
f 5049/10/6 5042/10/6 5050/10/6
f 5035/10/6 5043/10/6 5051/10/6
f 5044/10/6 5036/10/6 5052/10/6
f 5037/10/6 5045/10/6 5053/10/6
f 5046/10/6 5038/10/6 5054/10/6
f 5039/10/6 5047/10/6 5055/10/6
f 5048/10/6 5040/10/6 5056/10/6
f 5041/10/6 5049/10/6 5057/10/6
f 5050/10/6 5042/10/6 5058/10/6
f 5035/10/6 5051/10/6 5059/10/6
f 5051/10/6 5052/10/6 5059/10/6
f 5052/10/6 5036/10/6 5060/10/6
f 5059/10/6 5052/10/6 5060/10/6
f 5037/10/6 5053/10/6 5061/10/6
f 5053/10/6 5054/10/6 5061/10/6
f 5054/10/6 5038/10/6 5062/10/6
f 5061/10/6 5054/10/6 5062/10/6
f 5039/10/6 5055/10/6 5063/10/6
f 5055/10/6 5056/10/6 5063/10/6
f 5056/10/6 5040/10/6 5064/10/6
f 5063/10/6 5056/10/6 5064/10/6
f 5057/10/6 5058/10/6 5065/10/6
f 5041/10/6 5057/10/6 5065/10/6
f 5058/10/6 5042/10/6 5066/10/6
f 5065/10/6 5058/10/6 5066/10/6
f 5071/15/6 5072/15/6 5075/15/6
f 5075/15/6 5072/15/6 5076/15/6
f 5076/15/6 5072/15/6 5077/15/6
f 5067/15/6 5068/15/6 5078/15/6
f 5078/15/6 5068/15/6 5079/15/6
f 5069/15/6 5070/15/6 5080/15/6
f 5080/15/6 5070/15/6 5081/15/6
f 5073/15/6 5074/15/6 5082/15/6
f 5082/15/6 5074/15/6 5083/15/6
f 5083/15/6 5074/15/6 5084/15/6
f 5084/15/6 5074/15/6 5085/15/6
f 5075/1/6 5076/1/6 5086/1/6
f 5086/1/6 5076/1/6 5087/1/6
f 5083/1/6 5084/1/6 5088/1/6
f 5088/1/6 5084/1/6 5089/1/6
f 5090/1/6 5091/1/6 5092/1/6
f 5092/1/6 5091/1/6 5093/1/6
f 5094/1/6 5095/1/6 5096/1/6
f 5096/1/6 5095/1/6 5097/1/6
f 5098/10/6 5099/10/6 5106/10/6
f 5106/10/6 5099/10/6 5107/10/6
f 5100/10/6 5101/10/6 5108/10/6
f 5108/10/6 5101/10/6 5109/10/6
f 5102/10/6 5103/10/6 5110/10/6
f 5110/10/6 5103/10/6 5111/10/6
f 5104/10/6 5105/10/6 5112/10/6
f 5112/10/6 5105/10/6 5113/10/6
f 5098/10/6 5106/10/6 5114/10/6
f 5107/10/6 5099/10/6 5115/10/6
f 5100/10/6 5108/10/6 5116/10/6
f 5109/10/6 5101/10/6 5117/10/6
f 5102/10/6 5110/10/6 5118/10/6
f 5111/10/6 5103/10/6 5119/10/6
f 5104/10/6 5112/10/6 5120/10/6
f 5113/10/6 5105/10/6 5121/10/6
f 5098/10/6 5114/10/6 5122/10/6
f 5114/10/6 5115/10/6 5122/10/6
f 5115/10/6 5099/10/6 5123/10/6
f 5122/10/6 5115/10/6 5123/10/6
f 5100/10/6 5116/10/6 5124/10/6
f 5116/10/6 5117/10/6 5124/10/6
f 5117/10/6 5101/10/6 5125/10/6
f 5124/10/6 5117/10/6 5125/10/6
f 5102/10/6 5118/10/6 5126/10/6
f 5118/10/6 5119/10/6 5126/10/6
f 5119/10/6 5103/10/6 5127/10/6
f 5126/10/6 5119/10/6 5127/10/6
f 5120/10/6 5121/10/6 5128/10/6
f 5104/10/6 5120/10/6 5128/10/6
f 5121/10/6 5105/10/6 5129/10/6
f 5128/10/6 5121/10/6 5129/10/6
f 5130/1/6 5131/1/6 5132/1/6
f 5132/1/6 5131/1/6 5133/1/6
f 5134/10/6 5135/10/6 5142/10/6
f 5142/10/6 5135/10/6 5143/10/6
f 5136/10/6 5137/10/6 5144/10/6
f 5144/10/6 5137/10/6 5145/10/6
f 5138/10/6 5139/10/6 5146/10/6
f 5146/10/6 5139/10/6 5147/10/6
f 5140/10/6 5141/10/6 5148/10/6
f 5148/10/6 5141/10/6 5149/10/6
f 5150/1/6 5151/1/6 5152/1/6
f 5152/1/6 5151/1/6 5153/1/6
f 5154/1/6 5155/1/6 5156/1/6
f 5156/1/6 5155/1/6 5157/1/6
f 5158/1/6 5159/1/6 5160/1/6
f 5160/1/6 5159/1/6 5161/1/6
f 5162/1/6 5163/1/6 5164/1/6
f 5164/1/6 5163/1/6 5165/1/6
f 5166/17/6 5167/17/6 5168/17/6
f 5168/17/6 5167/17/6 5169/17/6
f 5170/15/6 5171/15/6 5177/15/6
f 5177/15/6 5171/15/6 5178/15/6
f 5172/15/6 5173/15/6 5179/15/6
f 5179/15/6 5173/15/6 5180/15/6
f 5174/15/6 5175/15/6 5181/15/6
f 5181/15/6 5175/15/6 5182/15/6
f 5179/15/6 5180/15/6 5185/15/6
f 5182/15/6 5183/15/6 5185/15/6
f 5181/15/6 5182/15/6 5185/15/6
f 5180/15/6 5181/15/6 5185/15/6
f 5177/15/6 5178/15/6 5185/15/6
f 5178/15/6 5179/15/6 5185/15/6
f 5176/15/6 5177/15/6 5185/15/6
f 5185/15/6 5183/15/6 5186/15/6
f 5184/15/6 5185/15/6 5188/15/6
f 5186/15/6 5187/15/6 5188/15/6
f 5185/15/6 5186/15/6 5188/15/6
f 5188/15/6 5187/15/6 5189/15/6
f 5189/15/6 5187/15/6 5190/15/6
f 5190/15/6 5187/15/6 5191/15/6
f 5191/15/6 5187/15/6 5192/15/6
f 5192/15/6 5187/15/6 5193/15/6
f 5190/15/6 5191/15/6 5194/15/6
f 5194/15/6 5191/15/6 5195/15/6
f 5195/15/6 5191/15/6 5196/15/6
f 5196/15/6 5191/15/6 5197/15/6
f 5184/15/6 5188/15/6 5198/15/6
f 5193/15/6 5187/15/6 5199/15/6
f 5184/15/6 5198/15/6 5200/15/6
f 5198/15/6 5199/15/6 5200/15/6
f 5199/15/6 5187/15/6 5201/15/6
f 5200/15/6 5199/15/6 5201/15/6
f 5202/1/6 5203/1/6 5204/1/6
f 5204/1/6 5203/1/6 5205/1/6
f 5206/1/6 5207/1/6 5208/1/6
f 5208/1/6 5207/1/6 5209/1/6
f 5210/15/6 5211/15/6 5216/15/6
f 5216/15/6 5211/15/6 5217/15/6
f 5217/15/6 5211/15/6 5218/15/6
f 5218/15/6 5211/15/6 5219/15/6
f 5212/15/6 5213/15/6 5220/15/6
f 5220/15/6 5213/15/6 5221/15/6
f 5221/15/6 5213/15/6 5222/15/6
f 5222/15/6 5213/15/6 5223/15/6
f 5214/1/6 5215/1/6 5224/1/6
f 5224/1/6 5215/1/6 5225/1/6
f 5217/1/6 5218/1/6 5226/1/6
f 5226/1/6 5218/1/6 5227/1/6
f 5221/1/6 5222/1/6 5228/1/6
f 5228/1/6 5222/1/6 5229/1/6
f 5230/1/6 5231/1/6 5232/1/6
f 5232/1/6 5231/1/6 5233/1/6
f 5234/6/6 5235/6/6 5237/6/6
f 5237/6/6 5235/6/6 5238/6/6
f 5236/6/6 5237/6/6 5243/6/6
f 5243/6/6 5237/6/6 5244/6/6
f 5239/5/6 5240/5/6 5246/5/6
f 5241/5/6 5242/5/6 5247/5/6
f 5245/5/6 5246/5/6 5252/5/6
f 5246/5/6 5240/5/6 5253/5/6
f 5252/5/6 5246/5/6 5253/5/6
f 5247/5/6 5248/5/6 5254/5/6
f 5241/5/6 5247/5/6 5254/5/6
f 5254/5/6 5248/5/6 5255/5/6
f 5249/6/6 5250/6/6 5257/6/6
f 5257/6/6 5250/6/6 5258/6/6
f 5251/5/6 5252/5/6 5260/5/6
f 5255/5/6 5256/5/6 5261/5/6
f 5259/5/6 5260/5/6 5263/5/6
f 5260/5/6 5252/5/6 5264/5/6
f 5263/5/6 5260/5/6 5264/5/6
f 5264/5/6 5252/5/6 5265/5/6
f 5261/5/6 5262/5/6 5266/5/6
f 5255/5/6 5261/5/6 5266/5/6
f 5266/5/6 5262/5/6 5267/5/6
f 5267/5/6 5262/5/6 5268/5/6
f 5269/1/6 5270/1/6 5271/1/6
f 5271/1/6 5270/1/6 5272/1/6
f 5273/2/6 5274/2/6 5279/2/6
f 5279/2/6 5274/2/6 5280/2/6
f 5280/2/6 5274/2/6 5281/2/6
f 5275/7/6 5276/7/6 5284/7/6
f 5284/7/6 5276/7/6 5285/7/6
f 5277/6/6 5278/6/6 5289/6/6
f 5289/6/6 5278/6/6 5290/6/6
f 5279/6/6 5280/6/6 5292/6/6
f 5292/6/6 5280/6/6 5293/6/6
f 5282/6/6 5283/6/6 5295/6/6
f 5283/6/6 5284/6/6 5295/6/6
f 5295/6/6 5284/6/6 5296/6/6
f 5296/6/6 5284/6/6 5297/6/6
f 5286/6/6 5287/6/6 5298/6/6
f 5288/6/6 5289/6/6 5299/6/6
f 5299/6/6 5289/6/6 5300/6/6
f 5291/6/6 5292/6/6 5301/6/6
f 5301/6/6 5292/6/6 5302/6/6
f 5293/6/6 5294/6/6 5303/6/6
f 5303/6/6 5294/6/6 5304/6/6
f 5286/6/6 5298/6/6 5307/6/6
f 5298/6/6 5299/6/6 5307/6/6
f 5307/6/6 5299/6/6 5308/6/6
f 5305/6/6 5306/6/6 5309/6/6
f 5309/6/6 5306/6/6 5310/6/6
f 5311/1/6 5312/1/6 5313/1/6
f 5313/1/6 5312/1/6 5314/1/6
f 5315/1/6 5316/1/6 5317/1/6
f 5317/1/6 5316/1/6 5318/1/6
f 5319/7/6 5320/7/6 5327/7/6
f 5327/7/6 5320/7/6 5328/7/6
f 5321/3/6 5322/3/6 5330/3/6
f 5330/3/6 5322/3/6 5331/3/6
f 5323/2/6 5324/2/6 5332/2/6
f 5332/2/6 5324/2/6 5333/2/6
f 5325/6/6 5326/6/6 5334/6/6
f 5334/6/6 5326/6/6 5335/6/6
f 5328/7/6 5329/7/6 5337/7/6
f 5321/3/6 5330/3/6 5338/3/6
f 5338/3/6 5330/3/6 5339/3/6
f 5333/2/6 5334/2/6 5340/2/6
f 5340/2/6 5334/2/6 5341/2/6
f 5336/7/6 5337/7/6 5342/7/6
f 5337/7/6 5329/7/6 5343/7/6
f 5342/7/6 5337/7/6 5343/7/6
f 5344/17/6 5345/17/6 5346/17/6
f 5346/17/6 5345/17/6 5347/17/6
f 5348/1/6 5349/1/6 5350/1/6
f 5350/1/6 5349/1/6 5351/1/6
f 5352/1/6 5353/1/6 5354/1/6
f 5354/1/6 5353/1/6 5355/1/6
f 5356/1/6 5357/1/6 5358/1/6
f 5358/1/6 5357/1/6 5359/1/6
f 5360/1/6 5361/1/6 5362/1/6
f 5362/1/6 5361/1/6 5363/1/6
f 5364/1/6 5365/1/6 5366/1/6
f 5366/1/6 5365/1/6 5367/1/6
f 5368/1/6 5369/1/6 5370/1/6
f 5370/1/6 5369/1/6 5371/1/6
f 5372/1/6 5373/1/6 5374/1/6
f 5374/1/6 5373/1/6 5375/1/6
f 5376/17/6 5377/17/6 5378/17/6
f 5378/17/6 5377/17/6 5379/17/6
f 5380/1/6 5381/1/6 5382/1/6
f 5382/1/6 5381/1/6 5383/1/6
f 5384/1/6 5385/1/6 5386/1/6
f 5386/1/6 5385/1/6 5387/1/6
f 5388/1/6 5389/1/6 5390/1/6
f 5390/1/6 5389/1/6 5391/1/6
f 5392/1/6 5393/1/6 5394/1/6
f 5394/1/6 5393/1/6 5395/1/6
f 5396/1/6 5397/1/6 5398/1/6
f 5398/1/6 5397/1/6 5399/1/6
f 5400/1/6 5401/1/6 5402/1/6
f 5402/1/6 5401/1/6 5403/1/6
f 5404/1/6 5405/1/6 5406/1/6
f 5406/1/6 5405/1/6 5407/1/6
f 5408/15/6 5409/15/6 5415/15/6
f 5415/15/6 5409/15/6 5416/15/6
f 5410/15/6 5411/15/6 5417/15/6
f 5417/15/6 5411/15/6 5418/15/6
f 5412/15/6 5413/15/6 5419/15/6
f 5419/15/6 5413/15/6 5420/15/6
f 5417/15/6 5418/15/6 5423/15/6
f 5420/15/6 5421/15/6 5423/15/6
f 5419/15/6 5420/15/6 5423/15/6
f 5418/15/6 5419/15/6 5423/15/6
f 5415/15/6 5416/15/6 5423/15/6
f 5416/15/6 5417/15/6 5423/15/6
f 5414/15/6 5415/15/6 5423/15/6
f 5423/15/6 5421/15/6 5424/15/6
f 5422/15/6 5423/15/6 5426/15/6
f 5424/15/6 5425/15/6 5426/15/6
f 5423/15/6 5424/15/6 5426/15/6
f 5426/15/6 5425/15/6 5427/15/6
f 5427/15/6 5425/15/6 5428/15/6
f 5428/15/6 5425/15/6 5429/15/6
f 5429/15/6 5425/15/6 5430/15/6
f 5430/15/6 5425/15/6 5431/15/6
f 5428/15/6 5429/15/6 5432/15/6
f 5432/15/6 5429/15/6 5433/15/6
f 5433/15/6 5429/15/6 5434/15/6
f 5434/15/6 5429/15/6 5435/15/6
f 5422/15/6 5426/15/6 5436/15/6
f 5431/15/6 5425/15/6 5437/15/6
f 5422/15/6 5436/15/6 5438/15/6
f 5436/15/6 5437/15/6 5438/15/6
f 5437/15/6 5425/15/6 5439/15/6
f 5438/15/6 5437/15/6 5439/15/6
f 5440/15/6 5441/15/6 5444/15/6
f 5444/15/6 5441/15/6 5445/15/6
f 5445/15/6 5441/15/6 5446/15/6
f 5446/15/6 5441/15/6 5447/15/6
f 5442/15/6 5443/15/6 5448/15/6
f 5448/15/6 5443/15/6 5449/15/6
f 5449/15/6 5443/15/6 5450/15/6
f 5450/15/6 5443/15/6 5451/15/6
f 5445/1/6 5446/1/6 5452/1/6
f 5452/1/6 5446/1/6 5453/1/6
f 5449/1/6 5450/1/6 5454/1/6
f 5454/1/6 5450/1/6 5455/1/6
f 5456/6/6 5457/6/6 5462/6/6
f 5462/6/6 5457/6/6 5463/6/6
f 5458/6/6 5459/6/6 5466/6/6
f 5466/6/6 5459/6/6 5467/6/6
f 5460/6/6 5461/6/6 5469/6/6
f 5469/6/6 5461/6/6 5470/6/6
f 5464/5/6 5465/5/6 5472/5/6
f 5467/5/6 5468/5/6 5474/5/6
f 5466/5/6 5467/5/6 5474/5/6
f 5474/5/6 5468/5/6 5475/5/6
f 5475/5/6 5468/5/6 5476/5/6
f 5472/5/6 5473/5/6 5479/5/6
f 5464/5/6 5472/5/6 5479/5/6
f 5479/5/6 5473/5/6 5480/5/6
f 5475/5/6 5476/5/6 5481/5/6
f 5476/5/6 5477/5/6 5481/5/6
f 5481/5/6 5477/5/6 5482/5/6
f 5470/6/6 5471/6/6 5483/6/6
f 5483/6/6 5471/6/6 5484/6/6
f 5478/5/6 5479/5/6 5487/5/6
f 5487/5/6 5479/5/6 5488/5/6
f 5488/5/6 5479/5/6 5489/5/6
f 5485/5/6 5486/5/6 5490/5/6
f 5490/5/6 5486/5/6 5491/5/6
f 5491/5/6 5486/5/6 5492/5/6
f 5493/7/6 5494/7/6 5503/7/6
f 5503/7/6 5494/7/6 5504/7/6
f 5495/7/6 5496/7/6 5505/7/6
f 5496/6/6 5497/6/6 5506/6/6
f 5505/7/6 5496/7/6 5506/7/6
f 5497/7/6 5498/7/6 5507/7/6
f 5506/6/6 5497/6/6 5507/6/6
f 5507/7/6 5498/7/6 5508/7/6
f 5499/3/6 5500/3/6 5510/3/6
f 5510/3/6 5500/3/6 5511/3/6
f 5501/7/6 5502/7/6 5512/7/6
f 5503/6/6 5504/6/6 5512/6/6
f 5502/6/6 5503/6/6 5512/6/6
f 5512/6/6 5504/6/6 5513/6/6
f 5513/6/6 5504/6/6 5514/6/6
f 5505/6/6 5506/6/6 5515/6/6
f 5515/6/6 5506/6/6 5516/6/6
f 5507/6/6 5508/6/6 5517/6/6
f 5510/6/6 5511/6/6 5519/6/6
f 5509/6/6 5510/6/6 5519/6/6
f 5519/6/6 5511/6/6 5520/6/6
f 5520/6/6 5511/6/6 5521/6/6
f 5501/7/6 5512/7/6 5522/7/6
f 5522/7/6 5512/7/6 5523/7/6
f 5517/6/6 5518/6/6 5524/6/6
f 5507/6/6 5517/6/6 5524/6/6
f 5524/6/6 5518/6/6 5525/6/6
f 5520/3/6 5521/3/6 5526/3/6
f 5526/3/6 5521/3/6 5527/3/6
f 5526/6/6 5527/6/6 5529/6/6
f 5527/6/6 5528/6/6 5529/6/6
f 5529/6/6 5528/6/6 5530/6/6
f 5531/17/6 5532/17/6 5533/17/6
f 5533/17/6 5532/17/6 5534/17/6
f 5539/7/6 5540/7/6 5542/7/6
f 5540/6/6 5541/6/6 5543/6/6
f 5542/7/6 5540/7/6 5543/7/6
f 5543/6/6 5541/6/6 5544/6/6
f 5535/7/6 5536/7/6 5545/7/6
f 5545/7/6 5536/7/6 5546/7/6
f 5537/3/6 5538/3/6 5547/3/6
f 5547/3/6 5538/3/6 5548/3/6
f 5549/1/6 5550/1/6 5551/1/6
f 5551/1/6 5550/1/6 5552/1/6
f 5553/17/6 5554/17/6 5555/17/6
f 5555/17/6 5554/17/6 5556/17/6
f 5557/1/6 5558/1/6 5559/1/6
f 5559/1/6 5558/1/6 5560/1/6
f 5561/1/6 5562/1/6 5563/1/6
f 5563/1/6 5562/1/6 5564/1/6
f 5565/17/6 5566/17/6 5567/17/6
f 5567/17/6 5566/17/6 5568/17/6
f 5569/15/6 5570/15/6 5576/15/6
f 5576/15/6 5570/15/6 5577/15/6
f 5571/15/6 5572/15/6 5578/15/6
f 5578/15/6 5572/15/6 5579/15/6
f 5573/15/6 5574/15/6 5580/15/6
f 5580/15/6 5574/15/6 5581/15/6
f 5578/15/6 5579/15/6 5584/15/6
f 5581/15/6 5582/15/6 5584/15/6
f 5580/15/6 5581/15/6 5584/15/6
f 5579/15/6 5580/15/6 5584/15/6
f 5576/15/6 5577/15/6 5584/15/6
f 5577/15/6 5578/15/6 5584/15/6
f 5575/15/6 5576/15/6 5584/15/6
f 5584/15/6 5582/15/6 5585/15/6
f 5583/15/6 5584/15/6 5587/15/6
f 5585/15/6 5586/15/6 5587/15/6
f 5584/15/6 5585/15/6 5587/15/6
f 5587/15/6 5586/15/6 5588/15/6
f 5588/15/6 5586/15/6 5589/15/6
f 5589/15/6 5586/15/6 5590/15/6
f 5590/15/6 5586/15/6 5591/15/6
f 5591/15/6 5586/15/6 5592/15/6
f 5589/15/6 5590/15/6 5593/15/6
f 5593/15/6 5590/15/6 5594/15/6
f 5594/15/6 5590/15/6 5595/15/6
f 5595/15/6 5590/15/6 5596/15/6
f 5583/15/6 5587/15/6 5597/15/6
f 5592/15/6 5586/15/6 5598/15/6
f 5583/15/6 5597/15/6 5599/15/6
f 5597/15/6 5598/15/6 5599/15/6
f 5598/15/6 5586/15/6 5600/15/6
f 5599/15/6 5598/15/6 5600/15/6
f 5601/17/6 5602/17/6 5603/17/6
f 5603/17/6 5602/17/6 5604/17/6
f 5605/15/6 5606/15/6 5609/15/6
f 5609/15/6 5606/15/6 5610/15/6
f 5610/15/6 5606/15/6 5611/15/6
f 5611/15/6 5606/15/6 5612/15/6
f 5607/15/6 5608/15/6 5613/15/6
f 5613/15/6 5608/15/6 5614/15/6
f 5614/15/6 5608/15/6 5615/15/6
f 5615/15/6 5608/15/6 5616/15/6
f 5610/1/6 5611/1/6 5617/1/6
f 5617/1/6 5611/1/6 5618/1/6
f 5614/1/6 5615/1/6 5619/1/6
f 5619/1/6 5615/1/6 5620/1/6
f 5621/6/6 5622/6/6 5627/6/6
f 5627/6/6 5622/6/6 5628/6/6
f 5623/6/6 5624/6/6 5630/6/6
f 5630/6/6 5624/6/6 5631/6/6
f 5625/6/6 5626/6/6 5632/6/6
f 5632/6/6 5626/6/6 5633/6/6
f 5631/5/6 5632/5/6 5638/5/6
f 5638/5/6 5632/5/6 5639/5/6
f 5628/5/6 5629/5/6 5644/5/6
f 5644/5/6 5629/5/6 5645/5/6
f 5637/5/6 5638/5/6 5646/5/6
f 5638/5/6 5639/5/6 5646/5/6
f 5639/5/6 5640/5/6 5646/5/6
f 5646/5/6 5640/5/6 5647/5/6
f 5633/5/6 5634/5/6 5648/5/6
f 5648/5/6 5634/5/6 5649/5/6
f 5641/6/6 5642/6/6 5651/6/6
f 5651/6/6 5642/6/6 5652/6/6
f 5635/6/6 5636/6/6 5653/6/6
f 5653/6/6 5636/6/6 5654/6/6
f 5643/5/6 5644/5/6 5655/5/6
f 5650/5/6 5651/5/6 5657/5/6
f 5654/5/6 5655/5/6 5659/5/6
f 5655/5/6 5644/5/6 5660/5/6
f 5659/5/6 5655/5/6 5660/5/6
f 5660/5/6 5644/5/6 5661/5/6
f 5656/5/6 5657/5/6 5662/5/6
f 5657/5/6 5651/5/6 5663/5/6
f 5662/5/6 5657/5/6 5663/5/6
f 5663/5/6 5651/5/6 5664/5/6
f 5658/1/6 5659/1/6 5665/1/6
f 5665/1/6 5659/1/6 5666/1/6
f 5667/2/6 5668/2/6 5675/2/6
f 5675/2/6 5668/2/6 5676/2/6
f 5669/3/6 5670/3/6 5678/3/6
f 5678/3/6 5670/3/6 5679/3/6
f 5671/3/6 5672/3/6 5680/3/6
f 5680/3/6 5672/3/6 5681/3/6
f 5673/7/6 5674/7/6 5685/7/6
f 5685/7/6 5674/7/6 5686/7/6
f 5676/6/6 5677/6/6 5689/6/6
f 5679/6/6 5680/6/6 5691/6/6
f 5680/6/6 5681/6/6 5691/6/6
f 5691/6/6 5681/6/6 5692/6/6
f 5682/6/6 5683/6/6 5693/6/6
f 5693/6/6 5683/6/6 5694/6/6
f 5684/6/6 5685/6/6 5696/6/6
f 5686/6/6 5687/6/6 5696/6/6
f 5685/6/6 5686/6/6 5696/6/6
f 5696/6/6 5687/6/6 5697/6/6
f 5697/6/6 5687/6/6 5698/6/6
f 5688/6/6 5689/6/6 5699/6/6
f 5689/6/6 5677/6/6 5699/6/6
f 5699/6/6 5677/6/6 5700/6/6
f 5690/6/6 5691/6/6 5701/6/6
f 5701/6/6 5691/6/6 5702/6/6
f 5694/6/6 5695/6/6 5703/6/6
f 5703/6/6 5695/6/6 5704/6/6
f 5684/6/6 5696/6/6 5705/6/6
f 5688/6/6 5699/6/6 5706/6/6
f 5706/6/6 5699/6/6 5707/6/6
f 5684/6/6 5705/6/6 5708/6/6
f 5708/6/6 5705/6/6 5709/6/6
f 5710/1/6 5711/1/6 5712/1/6
f 5712/1/6 5711/1/6 5713/1/6
f 5714/2/6 5715/2/6 5721/2/6
f 5721/2/6 5715/2/6 5722/2/6
f 5716/7/6 5717/7/6 5727/7/6
f 5727/7/6 5717/7/6 5728/7/6
f 5718/2/6 5719/2/6 5729/2/6
f 5729/2/6 5719/2/6 5730/2/6
f 5720/3/6 5721/3/6 5731/3/6
f 5731/3/6 5721/3/6 5732/3/6
f 5723/2/6 5724/2/6 5733/2/6
f 5733/2/6 5724/2/6 5734/2/6
f 5725/3/6 5726/3/6 5735/3/6
f 5735/3/6 5726/3/6 5736/3/6
f 5737/7/6 5738/7/6 5739/7/6
f 5739/7/6 5738/7/6 5740/7/6
f 5741/17/6 5742/17/6 5743/17/6
f 5743/17/6 5742/17/6 5744/17/6
f 5745/1/6 5746/1/6 5747/1/6
f 5747/1/6 5746/1/6 5748/1/6
f 5749/1/6 5750/1/6 5751/1/6
f 5751/1/6 5750/1/6 5752/1/6
f 5753/1/6 5754/1/6 5755/1/6
f 5755/1/6 5754/1/6 5756/1/6
f 5757/1/6 5758/1/6 5759/1/6
f 5759/1/6 5758/1/6 5760/1/6
f 5761/1/6 5762/1/6 5763/1/6
f 5763/1/6 5762/1/6 5764/1/6
f 5765/15/6 5766/15/6 5772/15/6
f 5772/15/6 5766/15/6 5773/15/6
f 5767/15/6 5768/15/6 5774/15/6
f 5774/15/6 5768/15/6 5775/15/6
f 5769/15/6 5770/15/6 5776/15/6
f 5776/15/6 5770/15/6 5777/15/6
f 5774/15/6 5775/15/6 5780/15/6
f 5777/15/6 5778/15/6 5780/15/6
f 5776/15/6 5777/15/6 5780/15/6
f 5775/15/6 5776/15/6 5780/15/6
f 5772/15/6 5773/15/6 5780/15/6
f 5773/15/6 5774/15/6 5780/15/6
f 5771/15/6 5772/15/6 5780/15/6
f 5780/15/6 5778/15/6 5781/15/6
f 5779/15/6 5780/15/6 5783/15/6
f 5781/15/6 5782/15/6 5783/15/6
f 5780/15/6 5781/15/6 5783/15/6
f 5783/15/6 5782/15/6 5784/15/6
f 5784/15/6 5782/15/6 5785/15/6
f 5785/15/6 5782/15/6 5786/15/6
f 5786/15/6 5782/15/6 5787/15/6
f 5787/15/6 5782/15/6 5788/15/6
f 5785/15/6 5786/15/6 5789/15/6
f 5789/15/6 5786/15/6 5790/15/6
f 5790/15/6 5786/15/6 5791/15/6
f 5791/15/6 5786/15/6 5792/15/6
f 5779/15/6 5783/15/6 5793/15/6
f 5788/15/6 5782/15/6 5794/15/6
f 5779/15/6 5793/15/6 5795/15/6
f 5793/15/6 5794/15/6 5795/15/6
f 5794/15/6 5782/15/6 5796/15/6
f 5795/15/6 5794/15/6 5796/15/6
f 5797/15/6 5798/15/6 5801/15/6
f 5801/15/6 5798/15/6 5802/15/6
f 5802/15/6 5798/15/6 5803/15/6
f 5803/15/6 5798/15/6 5804/15/6
f 5799/15/6 5800/15/6 5805/15/6
f 5805/15/6 5800/15/6 5806/15/6
f 5806/15/6 5800/15/6 5807/15/6
f 5807/15/6 5800/15/6 5808/15/6
f 5802/1/6 5803/1/6 5809/1/6
f 5809/1/6 5803/1/6 5810/1/6
f 5806/1/6 5807/1/6 5811/1/6
f 5811/1/6 5807/1/6 5812/1/6
f 5813/17/6 5814/17/6 5815/17/6
f 5815/17/6 5814/17/6 5816/17/6
f 5817/6/6 5818/6/6 5824/6/6
f 5824/6/6 5818/6/6 5825/6/6
f 5819/6/6 5820/6/6 5826/6/6
f 5826/6/6 5820/6/6 5827/6/6
f 5821/6/6 5822/6/6 5828/6/6
f 5828/6/6 5822/6/6 5829/6/6
f 5823/5/6 5824/5/6 5834/5/6
f 5834/5/6 5824/5/6 5835/5/6
f 5835/5/6 5824/5/6 5836/5/6
f 5827/5/6 5828/5/6 5841/5/6
f 5841/5/6 5828/5/6 5842/5/6
f 5830/5/6 5831/5/6 5844/5/6
f 5844/5/6 5831/5/6 5845/5/6
f 5832/7/6 5833/7/6 5846/7/6
f 5846/7/6 5833/7/6 5847/7/6
f 5835/5/6 5836/5/6 5849/5/6
f 5836/5/6 5837/5/6 5849/5/6
f 5849/5/6 5837/5/6 5850/5/6
f 5842/5/6 5843/5/6 5851/5/6
f 5839/5/6 5840/5/6 5851/5/6
f 5838/5/6 5839/5/6 5851/5/6
f 5840/5/6 5841/5/6 5851/5/6
f 5841/5/6 5842/5/6 5851/5/6
f 5851/5/6 5843/5/6 5852/5/6
f 5845/5/6 5831/5/6 5853/5/6
f 5853/5/6 5831/5/6 5854/5/6
f 5854/5/6 5831/5/6 5855/5/6
f 5848/5/6 5849/5/6 5857/5/6
f 5856/5/6 5857/5/6 5860/5/6
f 5857/5/6 5849/5/6 5861/5/6
f 5860/5/6 5857/5/6 5861/5/6
f 5861/5/6 5849/5/6 5862/5/6
f 5858/5/6 5859/5/6 5863/5/6
f 5863/5/6 5859/5/6 5864/5/6
f 5865/6/6 5866/6/6 5869/6/6
f 5869/6/6 5866/6/6 5870/6/6
f 5867/6/6 5868/6/6 5877/6/6
f 5877/6/6 5868/6/6 5878/6/6
f 5878/6/6 5868/6/6 5879/6/6
f 5870/6/6 5871/6/6 5880/6/6
f 5880/6/6 5871/6/6 5881/6/6
f 5873/6/6 5874/6/6 5882/6/6
f 5872/6/6 5873/6/6 5882/6/6
f 5882/6/6 5874/6/6 5883/6/6
f 5883/6/6 5874/6/6 5884/6/6
f 5875/3/6 5876/3/6 5887/3/6
f 5887/3/6 5876/3/6 5888/3/6
f 5878/6/6 5879/6/6 5892/6/6
f 5892/6/6 5879/6/6 5893/6/6
f 5884/6/6 5885/6/6 5894/6/6
f 5894/6/6 5885/6/6 5895/6/6
f 5887/6/6 5888/6/6 5897/6/6
f 5886/6/6 5887/6/6 5897/6/6
f 5897/6/6 5888/6/6 5898/6/6
f 5898/6/6 5888/6/6 5899/6/6
f 5890/6/6 5891/6/6 5900/6/6
f 5889/6/6 5890/6/6 5900/6/6
f 5900/6/6 5891/6/6 5901/6/6
f 5897/6/6 5898/6/6 5902/6/6
f 5896/6/6 5897/6/6 5902/6/6
f 5902/6/6 5898/6/6 5903/6/6
f 5903/6/6 5898/6/6 5904/6/6
f 5904/6/6 5898/6/6 5905/6/6
f 5908/3/6 5909/3/6 5912/3/6
f 5912/3/6 5909/3/6 5913/3/6
f 5906/7/6 5907/7/6 5916/7/6
f 5916/7/6 5907/7/6 5917/7/6
f 5910/2/6 5911/2/6 5919/2/6
f 5919/2/6 5911/2/6 5920/2/6
f 5914/3/6 5915/3/6 5923/3/6
f 5923/3/6 5915/3/6 5924/3/6
f 5916/6/6 5917/6/6 5925/6/6
f 5917/7/6 5918/7/6 5926/7/6
f 5925/6/6 5917/6/6 5926/6/6
f 5926/7/6 5918/7/6 5927/7/6
f 5921/3/6 5922/3/6 5928/3/6
f 5928/3/6 5922/3/6 5929/3/6
f 5930/17/6 5931/17/6 5932/17/6
f 5932/17/6 5931/17/6 5933/17/6
f 5934/1/6 5935/1/6 5936/1/6
f 5936/1/6 5935/1/6 5937/1/6
f 5938/1/6 5939/1/6 5941/1/6
f 5939/17/6 5940/17/6 5942/17/6
f 5941/1/6 5939/1/6 5942/1/6
f 5942/17/6 5940/17/6 5943/17/6
f 5944/1/6 5945/1/6 5946/1/6
f 5946/1/6 5945/1/6 5947/1/6
f 5948/15/6 5949/15/6 5950/15/6
f 5950/15/6 5949/15/6 5951/15/6
f 5952/14/6 5953/14/6 5954/14/6
f 5954/14/6 5953/14/6 5955/14/6
f 5955/14/6 5953/14/6 5956/14/6
f 5956/14/6 5953/14/6 5957/14/6
f 5952/14/6 5954/14/6 5958/14/6
f 5958/14/6 5954/14/6 5959/14/6
f 5955/14/6 5956/14/6 5960/14/6
f 5960/14/6 5956/14/6 5961/14/6
f 5957/14/6 5953/14/6 5962/14/6
f 5962/14/6 5953/14/6 5963/14/6
f 5952/14/6 5958/14/6 5964/14/6
f 5963/14/6 5953/14/6 5965/14/6
f 5952/14/6 5964/14/6 5966/14/6
f 5964/14/6 5965/14/6 5966/14/6
f 5965/14/6 5953/14/6 5967/14/6
f 5966/14/6 5965/14/6 5967/14/6
f 5968/15/6 5969/15/6 5970/15/6
f 5970/15/6 5969/15/6 5971/15/6
f 5968/15/6 5970/15/6 5972/15/6
f 5971/15/6 5969/15/6 5973/15/6
f 5968/15/6 5972/15/6 5974/15/6
f 5972/15/6 5973/15/6 5974/15/6
f 5973/15/6 5969/15/6 5975/15/6
f 5974/15/6 5973/15/6 5975/15/6
f 5976/9/6 5977/9/6 5980/9/6
f 5980/9/6 5977/9/6 5981/9/6
f 5978/9/6 5979/9/6 5982/9/6
f 5982/9/6 5979/9/6 5983/9/6
f 5984/15/6 5985/15/6 5986/15/6
f 5986/15/6 5985/15/6 5987/15/6
f 5988/15/6 5989/15/6 5990/15/6
f 5990/15/6 5989/15/6 5991/15/6
f 5988/15/6 5990/15/6 5992/15/6
f 5991/15/6 5989/15/6 5993/15/6
f 5988/15/6 5992/15/6 5994/15/6
f 5992/15/6 5993/15/6 5994/15/6
f 5993/15/6 5989/15/6 5995/15/6
f 5994/15/6 5993/15/6 5995/15/6
f 5996/15/6 5997/15/6 5998/15/6
f 5998/15/6 5997/15/6 5999/15/6
